"Stazione";"Montespertoli"
"Codice";"TOS01004915"
"Comune";"Montespertoli"
"Provincia";"FI"
"GB [m]";"E";1668768;"N";4835144
"WGS84 [°]";"Lat";43.650;"Lon";11.092
"Quota [m]";117,00

;;;ATTENZIONE i dati sono nel fomato csv ed utilizzano
;;;come separatore di colonna il "punto e virgola" e
;;;come separatore decimale la "virgola"
;;;verificare le proprie impostazioni internazionali per una corretta visulizzazione.
;;;Il valore contrassegnato con N corrisponde al dato non validato
;;;Il valore contrassegnato con R corrisponde al dato ricostruito
;;;Il valore contrassegnato con I corrisponde al dato incerto
;;;Il valore contrassegnato con @ corrisponde al dato mancante
;;;Il valore contrassegnato con V corrisponde al dato validato
;;;Il valore contrassegnato con P corrisponde al dato prevalidato soggetto ad eventuali modifiche
;;;(consultare la sezione Criteri di validazione)

"gg/mm/aaaa";"Max [Â°C]";"Min [Â°C]"
01/01/2008;11.6;-6.3
02/01/2008;8.5;-2.7
03/01/2008;6.1;1.2
04/01/2008;6.2;1.6
05/01/2008;10.5;3.9
06/01/2008;10.7;5.8
07/01/2008;11.1;8.3
08/01/2008;11.4;6.2
09/01/2008;14.1;2.0
10/01/2008;10.1;5.1
11/01/2008;10.5;6.6
12/01/2008;12.9;8.2
13/01/2008;13.4;0.8
14/01/2008;11.8;-0.1
15/01/2008;10.1;1.7
16/01/2008;8.2;4.6
17/01/2008;11.2;6.9
18/01/2008;10.9;1.2
19/01/2008;13.4;-0.5
20/01/2008;14.0;0.4
21/01/2008;10.1;7.3
22/01/2008;11.5;8.1
23/01/2008;12.5;-0.7
24/01/2008;11.7;1.1
25/01/2008;14.2;-3.6
26/01/2008;14.3;-0.5
27/01/2008;16.3;-2.7
28/01/2008;11.9;1.4
29/01/2008;15.3;-0.9
30/01/2008;13.7;2.6
31/01/2008;15.5;7.2
01/02/2008;10.2;1.4
02/02/2008;11.2;4.2
03/02/2008;13.0;6.8
04/02/2008;10.1;6.4
05/02/2008;15.7;2.3
06/02/2008;13.0;0.5
07/02/2008;13.2;-0.1
08/02/2008;16.2;-3.3
09/02/2008;11.8;3.7
10/02/2008;11.4;2.6
11/02/2008;11.9;0.2
12/02/2008;8.0;-2.9
13/02/2008;11.2;-3.8
14/02/2008;12.4;-5.9
15/02/2008;12.6;-4.8
16/02/2008;12.8;-1.6
17/02/2008;8.0;-6.3
18/02/2008;7.7;-8.3
19/02/2008;7.9;-2.7
20/02/2008;11.0;-0.1
21/02/2008;11.9;3.6
22/02/2008;16.2;-1.8
23/02/2008;16.4;3.7
24/02/2008;13.7;1.4
25/02/2008;18.7;0.2
26/02/2008;16.0;3.9
27/02/2008;14.8;8.2
28/02/2008;14.4;8.5
29/02/2008;16.4;8.3
01/03/2008;15.6;10.3
02/03/2008;15.1;5.6
03/03/2008;18.9;2.4
04/03/2008;19.7;5.8
05/03/2008;14.7;3.9
06/03/2008;8.6;3.7
07/03/2008;7.1;1.9
08/03/2008;8.3;3.2
09/03/2008;11.6;2.6
10/03/2008;12.6;4.5
11/03/2008;14.2;7.6
12/03/2008;15.2;6.5
13/03/2008;16.9;7.2
14/03/2008;17.7;4.3
15/03/2008;18.0;4.8
16/03/2008;17.3;6.1
17/03/2008;16.6;7.1
18/03/2008;15.8;6.1
19/03/2008;15.7;1.3
20/03/2008;16.2;3.7
21/03/2008;11.9;-3.6
22/03/2008;11.6;3.0
23/03/2008;13.0;3.4
24/03/2008;8.7;0.8
25/03/2008;10.6;-2.7
26/03/2008;14.4;2.8
27/03/2008;14.1;6.5
28/03/2008;13.6;6.5
29/03/2008;14.8;0.8
30/03/2008;19.0;1.3
31/03/2008;22.2;4.3
01/04/2008;20.5;1.9
02/04/2008;23.1;3.5
03/04/2008;20.0;1.5
04/04/2008;18.2;1.0
05/04/2008;16.8;-0.5
06/04/2008;17.8;1.4
07/04/2008;17.3;6.5
08/04/2008;19.5;8.4
09/04/2008;18.6;8.3
10/04/2008;19.5;11.6
11/04/2008;21.8;10.8
12/04/2008;21.4;10.8
13/04/2008;12.4;9.4
14/04/2008;16.8;5.8
15/04/2008;18.7;6.4
16/04/2008;14.3;2.3
17/04/2008;17.0;5.8
18/04/2008;16.8;9.0
19/04/2008;18.4;11.3
20/04/2008;20.0;5.8
21/04/2008;22.8;7.9
22/04/2008;17.4;7.7
23/04/2008;16.2;12.3
24/04/2008;19.5;7.0
25/04/2008;22.5;6.8
26/04/2008;22.0;5.3
27/04/2008;21.1;3.1
28/04/2008;22.7;4.8
29/04/2008;21.7;10.7
30/04/2008;16.5;6.1
01/05/2008;20.9;9.4
02/05/2008;20.7;3.5
03/05/2008;24.9;4.6
04/05/2008;27.4;6.2
05/05/2008;26.0;9.1
06/05/2008;17.5;4.8
07/05/2008;22.0;5.5
08/05/2008;24.7;4.2
09/05/2008;26.5;6.1
10/05/2008;27.2;5.9
11/05/2008;25.7;6.0
12/05/2008;22.7;7.3
13/05/2008;22.3;8.7
14/05/2008;24.6;11.5
15/05/2008;25.6;11.4
16/05/2008;23.8;11.5
17/05/2008;22.3;13.1
18/05/2008;24.7;13.5
19/05/2008;21.3;9.7
20/05/2008;23.0;13.3
21/05/2008;19.5;10.8
22/05/2008;23.2;14.4
23/05/2008;22.0;9.2
24/05/2008;24.3;10.5
25/05/2008;25.3;12.6
26/05/2008;27.2;10.8
27/05/2008;31.0;12.0
28/05/2008;33.2;13.7
29/05/2008;31.0;17.2
30/05/2008;23.2;13.9
31/05/2008;20.5;14.0
01/06/2008;25.0;11.8
02/06/2008;27.1;14.5
03/06/2008;21.7;11.5
04/06/2008;22.0;15.0
05/06/2008;24.1;12.4
06/06/2008;24.5;11.8
07/06/2008;24.5;13.4
08/06/2008;24.3;13.1
09/06/2008;25.0;11.5
10/06/2008;27.3;12.5
11/06/2008;29.2;13.2
12/06/2008;27.0;13.5
13/06/2008;25.0;15.7
14/06/2008;25.0;14.8
15/06/2008;19.4;8.7
16/06/2008;23.6;14.0
17/06/2008;25.0;14.4
18/06/2008;26.6;16.0
19/06/2008;28.6;15.2
20/06/2008;29.2;16.3
21/06/2008;33.1;14.0
22/06/2008;35.1;16.1
23/06/2008;36.6;14.6
24/06/2008;34.5;13.6
25/06/2008;34.5;15.1
26/06/2008;35.7;14.3
27/06/2008;35.9;13.9
28/06/2008;34.3;16.2
29/06/2008;35.6;19.1
30/06/2008;35.1;20.2
01/07/2008;34.0;16.7
02/07/2008;36.3;18.4
03/07/2008;34.6;17.1
04/07/2008;33.2;17.9
05/07/2008;30.9;15.2
06/07/2008;30.2;16.2
07/07/2008;32.6;15.0
08/07/2008;32.9;15.7
09/07/2008;27.2;12.7
10/07/2008;29.2;14.5
11/07/2008;32.7;14.5
12/07/2008;33.1;14.4
13/07/2008;35.4;15.0
14/07/2008;27.9;14.7
15/07/2008;26.9;12.7
16/07/2008;30.9;11.9
17/07/2008;31.9;11.1
18/07/2008;31.4;15.1
19/07/2008;30.6;14.9
20/07/2008;31.7;15.9
21/07/2008;30.4;17.1
22/07/2008;31.7;17.4
23/07/2008;27.5;9.9
24/07/2008;29.3;12.6
25/07/2008;30.9;12.2
26/07/2008;30.1;13.6
27/07/2008;32.0;17.2
28/07/2008;32.4;16.5
29/07/2008;34.9;16.6
30/07/2008;35.6;18.0
31/07/2008;36.9;16.9
01/08/2008;35.9;15.8
02/08/2008;35.6;16.3
03/08/2008;35.5;17.3
04/08/2008;35.5;16.6
05/08/2008;33.8;18.0
06/08/2008;33.8;18.8
07/08/2008;37.0;17.5
08/08/2008;35.6;18.0
09/08/2008;34.4;17.5
10/08/2008;33.3;12.6
11/08/2008;33.4;14.8
12/08/2008;33.4;15.1
13/08/2008;34.5;16.2
14/08/2008;34.2;20.0
15/08/2008;34.8;22.1
16/08/2008;28.3;13.8
17/08/2008;29.1;15.5
18/08/2008;26.7;12.1
19/08/2008;30.5;12.6
20/08/2008;33.1;14.4
21/08/2008;32.4;12.1
22/08/2008;33.6;13.1
23/08/2008;33.0;17.3
24/08/2008;29.5;14.5
25/08/2008;31.0;13.1
26/08/2008;32.0;14.6
27/08/2008;32.9;12.7
28/08/2008;31.9;12.6
29/08/2008;32.6;12.3
30/08/2008;33.8;14.1
31/08/2008;33.1;17.3
01/09/2008;33.5;17.3
02/09/2008;32.0;14.1
03/09/2008;31.8;16.7
04/09/2008;30.4;14.1
05/09/2008;32.4;17.5
06/09/2008;35.2;18.4
07/09/2008;34.8;20.2
08/09/2008;30.3;14.9
09/09/2008;28.4;9.7
10/09/2008;32.8;13.5
11/09/2008;35.5;16.6
12/09/2008;34.9;16.5
13/09/2008;31.9;18.7
14/09/2008;19.8;12.5
15/09/2008;22.0;10.5
16/09/2008;19.1;7.6
17/09/2008;23.0;5.9
18/09/2008;23.7;8.7
19/09/2008;24.7;12.3
20/09/2008;18.3;9.1
21/09/2008;20.9;6.5
22/09/2008;20.5;5.8
23/09/2008;22.9;5.5
24/09/2008;21.6;5.4
25/09/2008;21.5;6.1
26/09/2008;21.3;6.6
27/09/2008;19.8;11.2
28/09/2008;19.5;6.0
29/09/2008;20.3;3.1
30/09/2008;21.4;4.5
01/10/2008;21.9;8.3
02/10/2008;23.5;9.1
03/10/2008;21.7;12.2
04/10/2008;22.5;5.3
05/10/2008;18.9;1.5
06/10/2008;18.8;8.3
07/10/2008;20.0;13.7
08/10/2008;22.4;8.5
09/10/2008;23.9;7.4
10/10/2008;26.6;9.0
11/10/2008;26.3;7.5
12/10/2008;26.9;6.3
13/10/2008;26.0;5.8
14/10/2008;22.7;9.2
15/10/2008;23.8;10.0
16/10/2008;23.4;14.4
17/10/2008;23.3;15.5
18/10/2008;24.7;8.0
19/10/2008;23.2;9.6
20/10/2008;22.4;8.3
21/10/2008;22.9;11.4
22/10/2008;22.0;8.2
23/10/2008;23.2;11.2
24/10/2008;20.8;13.9
25/10/2008;21.3;13.7
26/10/2008;22.7;7.2
27/10/2008;23.4;6.7
28/10/2008;20.5;10.7
29/10/2008;18.0;14.1
30/10/2008;22.8;12.2
31/10/2008;16.9;9.0
01/11/2008;19.5;10.9
02/11/2008;20.3;9.8
03/11/2008;22.7;8.5
04/11/2008;18.4;11.0
05/11/2008;17.2;8.3
06/11/2008;20.5;5.6
07/11/2008;18.9;5.6
08/11/2008;17.6;8.0
09/11/2008;18.4;4.3
10/11/2008;18.3;3.0
11/11/2008;17.4;3.3
12/11/2008;13.3;6.9
13/11/2008;17.1;10.1
14/11/2008;15.1;5.9
15/11/2008;16.6;11.1
16/11/2008;16.1;5.0
17/11/2008;19.5;2.0
18/11/2008;17.1;0.8
19/11/2008;13.2;0.5
20/11/2008;14.8;1.9
21/11/2008;14.9;5.6
22/11/2008;14.4;1.7
23/11/2008;13.4;-2.9
24/11/2008;10.4;-1.6
25/11/2008;7.8;3.3
26/11/2008;9.1;-0.3
27/11/2008;10.9;-1.6
28/11/2008;11.6;1.2
29/11/2008;9.2;6.2
30/11/2008;13.3;6.4
01/12/2008;13.4;7.6
02/12/2008;11.7;4.7
03/12/2008;8.7;-0.1
04/12/2008;6.0;-1.2
05/12/2008;11.4;-0.5
06/12/2008;11.2;7.7
07/12/2008;14.0;-1.1
08/12/2008;12.6;-3.8
09/12/2008;12.5;-4.3
10/12/2008;8.7;-0.9
11/12/2008;12.9;8.0
12/12/2008;11.2;7.3
13/12/2008;10.0;6.6
14/12/2008;11.3;5.4
15/12/2008;12.8;7.3
16/12/2008;11.9;8.3
17/12/2008;11.3;0.0
18/12/2008;12.0;-0.5
19/12/2008;9.2;0.4
20/12/2008;11.0;-1.9
21/12/2008;13.1;-1.8
22/12/2008;13.0;-0.6
23/12/2008;11.9;0.2
24/12/2008;12.6;0.3
25/12/2008;7.0;2.6
26/12/2008;8.6;4.2
27/12/2008;6.9;0.9
28/12/2008;5.0;1.5
29/12/2008;3.9;2.2
30/12/2008;9.2;-2.3
31/12/2008;9.2;-6.0
01/01/2009;9.1;-4.2
02/01/2009;8.2;-2.0
03/01/2009;9.7;-0.9
04/01/2009;6.0;-3.2
05/01/2009;8.0;-8.7
06/01/2009;7.6;-6.8
07/01/2009;7.9;-2.1
08/01/2009;6.7;0.6
09/01/2009;10.2;2.1
10/01/2009;7.3;-2.0
11/01/2009;11.9;-0.4
12/01/2009;13.8;-3.0
13/01/2009;14.1;-0.5
14/01/2009;10.9;4.8
15/01/2009;7.1;1.9
16/01/2009;10.5;-1.1
17/01/2009;13.7;-2.0
18/01/2009;11.2;-0.7
19/01/2009;13.9;6.5
20/01/2009;13.7;9.4
21/01/2009;14.1;8.1
22/01/2009;11.3;0.3
23/01/2009;10.5;-2.7
24/01/2009;7.1;-1.5
25/01/2009;8.2;4.6
26/01/2009;10.1;-0.9
27/01/2009;9.1;-1.1
28/01/2009;11.3;0.4
29/01/2009;10.6;-2.0
30/01/2009;12.8;-1.6
31/01/2009;12.6;-3.3
01/02/2009;12.5;-1.6
02/02/2009;5.2;2.6
03/02/2009;8.3;4.1
04/02/2009;10.2;1.4
05/02/2009;11.4;3.3
06/02/2009;15.9;7.5
07/02/2009;13.8;8.4
08/02/2009;14.7;5.0
09/02/2009;9.8;1.7
10/02/2009;12.9;4.2
11/02/2009;14.8;0.4
12/02/2009;12.1;-2.7
13/02/2009;10.2;-4.6
14/02/2009;8.1;-7.8
15/02/2009;8.9;-6.7
16/02/2009;8.7;-7.7
17/02/2009;8.9;-2.9
18/02/2009;5.7;0.6
19/02/2009;5.9;-6.9
20/02/2009;9.1;-7.5
21/02/2009;10.6;-1.6
22/02/2009;13.3;-2.4
23/02/2009;12.6;-0.9
24/02/2009;12.3;-1.5
25/02/2009;14.7;-1.9
26/02/2009;11.8;-2.7
27/02/2009;12.7;0.8
28/02/2009;14.4;-0.9
01/03/2009;16.9;2.9
02/03/2009;11.9;7.7
03/03/2009;13.5;8.5
04/03/2009;14.1;5.8
05/03/2009;12.0;8.2
06/03/2009;11.2;-0.2
07/03/2009;14.6;0.1
08/03/2009;17.7;-1.3
09/03/2009;18.1;4.2
10/03/2009;17.7;-2.0
11/03/2009;15.8;4.7
12/03/2009;16.7;-0.7
13/03/2009;15.7;3.0
14/03/2009;15.8;0.4
15/03/2009;18.2;3.0
16/03/2009;18.1;7.3
17/03/2009;18.4;0.2
18/03/2009;20.2;1.2
19/03/2009;21.6;5.2
20/03/2009;15.7;6.5
21/03/2009;9.8;4.0
22/03/2009;9.4;-3.2
23/03/2009;15.7;-1.3
24/03/2009;16.4;3.6
25/03/2009;13.6;-1.8
26/03/2009;15.7;1.9
27/03/2009;17.5;2.6
28/03/2009;17.2;2.8
29/03/2009;15.7;9.4
30/03/2009;16.9;10.7
31/03/2009;19.7;6.5
01/04/2009;16.9;7.4
02/04/2009;20.0;9.8
03/04/2009;18.7;4.1
04/04/2009;20.7;5.3
05/04/2009;18.5;7.6
06/04/2009;22.0;8.1
07/04/2009;20.9;9.8
08/04/2009;21.8;5.1
09/04/2009;20.5;4.7
10/04/2009;24.9;7.3
11/04/2009;24.5;10.8
12/04/2009;23.8;8.3
13/04/2009;23.8;7.3
14/04/2009;23.8;5.5
15/04/2009;24.2;7.8
16/04/2009;24.2;7.2
17/04/2009;18.5;7.4
18/04/2009;19.0;7.9
19/04/2009;16.1;10.1
20/04/2009;17.4;9.1
21/04/2009;20.8;11.5
22/04/2009;20.0;13.2
23/04/2009;21.2;5.0
24/04/2009;25.0;6.9
25/04/2009;19.7;4.8
26/04/2009;23.6;10.5
27/04/2009;15.8;9.7
28/04/2009;20.5;11.1
29/04/2009;19.5;8.0
30/04/2009;16.9;6.9
01/05/2009;18.7;7.4
02/05/2009;23.8;6.9
03/05/2009;26.3;6.2
04/05/2009;21.7;5.7
05/05/2009;25.0;10.2
06/05/2009;21.6;6.6
07/05/2009;22.5;9.3
08/05/2009;24.4;5.8
09/05/2009;25.7;8.9
10/05/2009;26.3;7.1
11/05/2009;26.9;7.5
12/05/2009;28.3;8.5
13/05/2009;28.6;8.8
14/05/2009;28.9;8.6
15/05/2009;27.4;12.2
16/05/2009;22.7;11.3
17/05/2009;30.5;12.1
18/05/2009;31.0;12.6
19/05/2009;28.4;8.9
20/05/2009;29.4;9.9
21/05/2009;31.9;12.1
22/05/2009;32.4;11.5
23/05/2009;31.3;12.0
24/05/2009;32.1;12.4
25/05/2009;34.9;13.0
26/05/2009;35.6;12.9
27/05/2009;34.7;15.0
28/05/2009;29.3;15.4
29/05/2009;26.4;8.5
30/05/2009;29.2;9.5
31/05/2009;25.4;12.9
01/06/2009;19.9;14.7
02/06/2009;20.7;12.3
03/06/2009;25.8;11.9
04/06/2009;25.9;12.6
05/06/2009;27.6;13.9
06/06/2009;27.8;17.3
07/06/2009;25.9;15.4
08/06/2009;24.5;11.4
09/06/2009;27.9;12.3
10/06/2009;27.5;13.9
11/06/2009;26.5;12.3
12/06/2009;27.3;13.3
13/06/2009;31.2;13.0
14/06/2009;33.4;13.7
15/06/2009;34.2;14.1
16/06/2009;34.3;13.2
17/06/2009;33.5;16.0
18/06/2009;31.2;13.8
19/06/2009;35.6;14.2
20/06/2009;32.8;16.9
21/06/2009;27.6;16.0
22/06/2009;23.8;10.3
23/06/2009;25.4;10.2
24/06/2009;26.6;10.5
25/06/2009;26.6;14.3
26/06/2009;26.5;16.2
27/06/2009;26.3;15.6
28/06/2009;28.0;13.7
29/06/2009;31.0;17.4
30/06/2009;30.2;17.7
01/07/2009;33.2;16.5
02/07/2009;33.2;16.4
03/07/2009;32.7;18.0
04/07/2009;31.8;18.5
05/07/2009;32.1;20.2
06/07/2009;30.9;18.7
07/07/2009;30.9;15.8
08/07/2009;32.0;17.8
09/07/2009;28.0;14.4
10/07/2009;29.4;14.6
11/07/2009;28.0;12.3
12/07/2009;30.2;13.0
13/07/2009;30.2;15.2
14/07/2009;32.1;16.1
15/07/2009;36.0;15.7
16/07/2009;36.0;15.9
17/07/2009;38.0;16.6
18/07/2009;36.8;19.9
19/07/2009;26.6;12.1
20/07/2009;30.7;12.8
21/07/2009;29.7;13.3
22/07/2009;32.5;13.9
23/07/2009;36.5;14.1
24/07/2009;37.7;16.2
25/07/2009;36.6;17.4
26/07/2009;33.3;15.6
27/07/2009;35.2;14.7
28/07/2009;35.9;15.4
29/07/2009;34.5;13.4
30/07/2009;37.6;14.7
31/07/2009;37.8;15.5
01/08/2009;36.2;17.7
02/08/2009;35.0;14.5
03/08/2009;33.8;17.0
04/08/2009;28.1;17.0
05/08/2009;29.9;15.2
06/08/2009;33.0;14.6
07/08/2009;34.8;15.6
08/08/2009;35.9;15.9
09/08/2009;35.6;18.0
10/08/2009;34.9;16.6
11/08/2009;32.7;19.0
12/08/2009;32.7;17.3
13/08/2009;36.0;18.3
14/08/2009;35.7;16.9
15/08/2009;35.4;16.2
16/08/2009;36.4;15.8
17/08/2009;36.8;16.3
18/08/2009;36.7;17.9
19/08/2009;37.8;17.3
20/08/2009;40.1;16.9
21/08/2009;39.9;17.3
22/08/2009;38.1;16.3
23/08/2009;35.0;19.5
24/08/2009;35.9;16.7
25/08/2009;35.6;17.7
26/08/2009;35.6;17.5
27/08/2009;35.7;17.2
28/08/2009;35.7;17.2
29/08/2009;36.0;18.5
30/08/2009;33.1;17.7
31/08/2009;30.6;15.4
01/09/2009;34.3;15.7
02/09/2009;34.5;17.5
03/09/2009;33.4;19.7
04/09/2009;30.6;19.2
05/09/2009;31.7;16.4
06/09/2009;31.3;17.7
07/09/2009;27.1;11.1
08/09/2009;26.9;8.7
09/09/2009;27.7;11.7
10/09/2009;26.8;11.1
11/09/2009;28.0;11.6
12/09/2009;28.8;12.5
13/09/2009;27.7;12.7
14/09/2009;28.9;13.7
15/09/2009;20.5;12.8
16/09/2009;25.9;16.5
17/09/2009;23.8;15.2
18/09/2009;24.9;12.5
19/09/2009;26.7;13.7
20/09/2009;28.0;13.1
21/09/2009;22.5;13.7
22/09/2009;26.1;17.0
23/09/2009;29.5;11.9
24/09/2009;30.0;10.5
25/09/2009;29.6;11.9
26/09/2009;28.4;13.0
27/09/2009;27.0;11.1
28/09/2009;28.2;11.2
29/09/2009;28.6;10.4
30/09/2009;27.5;10.5
01/10/2009;27.2;13.9
02/10/2009;24.5;11.9
03/10/2009;27.3;12.3
04/10/2009;25.7;7.3
05/10/2009;23.4;14.8
06/10/2009;25.6;11.9
07/10/2009;25.6;13.7
08/10/2009;26.6;13.3
09/10/2009;26.6;13.3
10/10/2009;22.4;14.1
11/10/2009;22.1;13.8
12/10/2009;25.2;13.6
13/10/2009;19.5;3.7
14/10/2009;19.8;1.7
15/10/2009;17.0;-1.8
16/10/2009;15.5;2.4
17/10/2009;16.0;4.4
18/10/2009;16.4;6.9
19/10/2009;16.1;0.9
20/10/2009;15.0;-2.2
21/10/2009;16.6;4.2
22/10/2009;17.6;8.0
23/10/2009;19.2;9.3
24/10/2009;14.7;11.7
25/10/2009;19.2;8.6
26/10/2009;21.0;6.2
27/10/2009;23.0;5.3
28/10/2009;22.5;3.8
29/10/2009;21.2;6.9
30/10/2009;18.2;4.5
31/10/2009;20.6;3.2
01/11/2009;17.1;-0.9
02/11/2009;18.0;1.0
03/11/2009;13.2;2.9
04/11/2009;14.6;0.8
05/11/2009;13.2;6.7
06/11/2009;17.7;6.8
07/11/2009;14.4;0.4
08/11/2009;15.1;4.8
09/11/2009;11.8;2.9
10/11/2009;13.4;4.4
11/11/2009;15.0;-0.4
12/11/2009;16.2;0.2
13/11/2009;16.4;5.5
14/11/2009;12.5;5.3
15/11/2009;17.2;8.7
16/11/2009;18.2;10.0
17/11/2009;20.5;5.4
18/11/2009;20.5;5.8
19/11/2009;19.0;3.7
20/11/2009;20.2;3.7
21/11/2009;18.0;2.2
22/11/2009;18.1;5.4
23/11/2009;17.3;8.7
24/11/2009;18.5;9.3
25/11/2009;17.5;4.8
26/11/2009;18.0;4.9
27/11/2009;17.2;6.4
28/11/2009;17.6;8.6
29/11/2009;16.6;4.2
30/11/2009;16.2;6.5
01/12/2009;16.6;4.4
02/12/2009;13.9;0.1
03/12/2009;12.7;-1.3
04/12/2009;9.8;0.7
05/12/2009;8.2;4.5
06/12/2009;13.6;0.0
07/12/2009;8.7;1.5
08/12/2009;13.2;7.8
09/12/2009;15.8;-0.7
10/12/2009;14.0;-3.2
11/12/2009;12.8;-2.8
12/12/2009;13.8;-3.0
13/12/2009;12.3;-2.5
14/12/2009;9.1;-0.7
15/12/2009;6.6;1.9
16/12/2009;4.2;-4.5
17/12/2009;6.2;-3.0
18/12/2009;4.7;-3.5
19/12/2009;4.1;-2.8
20/12/2009;2.4;-13.4
21/12/2009;1.7;-12.4
22/12/2009;10.0;-2.1
23/12/2009;14.2;6.5
24/12/2009;17.6;12.4
25/12/2009;17.5;14.3
26/12/2009;16.8;1.9
27/12/2009;8.6;2.9
28/12/2009;11.6;-0.3
29/12/2009;9.2;2.8
30/12/2009;13.1;7.2
31/12/2009;16.3;8.7
01/01/2010;10.3;8.2
02/01/2010;13.6;2.2
03/01/2010;7.3;-3.8
04/01/2010;2.2;0.6
05/01/2010;4.4;1.5
06/01/2010;8.5;3.3
07/01/2010;10.8;3.3
08/01/2010;12.5;5.6
09/01/2010;8.3;3.1
10/01/2010;7.2;3.0
11/01/2010;6.9;2.2
12/01/2010;7.0;1.6
13/01/2010;9.7;1.2
14/01/2010;10.1;-2.3
15/01/2010;10.5;4.0
16/01/2010;9.1;-0.5
17/01/2010;4.7;0.4
18/01/2010;11.1;-1.6
19/01/2010;12.0;-4.1
20/01/2010;8.3;-4.5
21/01/2010;11.6;-2.0
22/01/2010;9.4;-4.9
23/01/2010;8.6;-4.1
24/01/2010;7.6;-6.8
25/01/2010;9.1;-1.5
26/01/2010;4.1;-2.3
27/01/2010;7.3;-0.5
28/01/2010;6.7;-5.6
29/01/2010;6.5;-4.1
30/01/2010;10.0;2.3
31/01/2010;5.7;-3.7
01/02/2010;7.3;-7.0
02/02/2010;8.9;-6.8
03/02/2010;5.8;-2.0
04/02/2010;11.9;3.0
05/02/2010;9.9;5.8
06/02/2010;7.2;3.7
07/02/2010;11.4;-1.7
08/02/2010;9.8;-3.5
09/02/2010;9.7;-3.5
10/02/2010;6.9;2.7
11/02/2010;5.4;-0.9
12/02/2010;5.8;-2.3
13/02/2010;9.0;-3.9
14/02/2010;9.7;-3.0
15/02/2010;11.2;-1.4
16/02/2010;8.6;2.9
17/02/2010;14.6;1.5
18/02/2010;15.5;4.7
19/02/2010;14.2;4.1
20/02/2010;11.3;1.2
21/02/2010;12.3;-2.1
22/02/2010;12.6;6.0
23/02/2010;14.5;8.1
24/02/2010;15.2;5.2
25/02/2010;15.8;5.3
26/02/2010;15.7;4.9
27/02/2010;15.8;1.2
28/02/2010;15.3;5.5
01/03/2010;16.5;4.4
02/03/2010;15.9;4.2
03/03/2010;9.2;3.2
04/03/2010;9.5;4.4
05/03/2010;8.0;1.6
06/03/2010;10.1;-3.2
07/03/2010;10.3;-3.8
08/03/2010;5.8;1.0
09/03/2010;3.0;0.7
10/03/2010;7.4;1.7
11/03/2010;6.4;-1.2
12/03/2010;7.3;-0.4
13/03/2010;13.0;-2.8
14/03/2010;14.8;-2.5
15/03/2010;15.8;-0.2
16/03/2010;15.5;-2.4
17/03/2010;15.8;-1.6
18/03/2010;16.9;-0.2
19/03/2010;14.9;2.4
20/03/2010;13.9;4.0
21/03/2010;16.5;9.3
22/03/2010;18.0;7.6
23/03/2010;21.8;3.8
24/03/2010;19.8;5.5
25/03/2010;20.5;5.3
26/03/2010;19.7;8.1
27/03/2010;17.4;6.0
28/03/2010;17.5;6.4
29/03/2010;20.2;6.5
30/03/2010;17.7;5.8
31/03/2010;15.4;8.0
01/04/2010;17.2;4.4
02/04/2010;16.4;3.7
03/04/2010;16.6;4.0
04/04/2010;13.6;2.4
05/04/2010;15.5;3.7
06/04/2010;18.9;0.6
07/04/2010;22.8;1.1
08/04/2010;22.3;3.4
09/04/2010;23.3;2.7
10/04/2010;22.7;2.8
11/04/2010;11.2;1.5
12/04/2010;16.9;0.3
13/04/2010;15.9;4.7
14/04/2010;17.6;1.2
15/04/2010;20.4;0.6
16/04/2010;20.3;4.4
17/04/2010;17.2;3.0
18/04/2010;20.5;3.2
19/04/2010;19.4;4.7
20/04/2010;20.3;9.4
21/04/2010;19.7;8.7
22/04/2010;23.5;7.6
23/04/2010;14.2;11.1
24/04/2010;19.8;12.6
25/04/2010;24.9;11.6
26/04/2010;27.0;9.1
27/04/2010;24.8;9.6
28/04/2010;26.9;8.7
29/04/2010;27.3;6.9
30/04/2010;25.3;7.6
01/05/2010;24.5;7.3
02/05/2010;16.5;14.2
03/05/2010;22.3;10.1
04/05/2010;20.9;9.9
05/05/2010;18.0;9.2
06/05/2010;16.1;9.5
07/05/2010;17.1;9.0
08/05/2010;18.7;8.1
09/05/2010;21.3;7.3
10/05/2010;22.7;10.0
11/05/2010;19.6;11.9
12/05/2010;20.2;11.1
13/05/2010;20.5;10.1
14/05/2010;19.7;9.6
15/05/2010;13.9;11.2
16/05/2010;18.7;10.4
17/05/2010;21.4;10.2
18/05/2010;23.7;7.3
19/05/2010;20.9;7.2
20/05/2010;22.7;6.2
21/05/2010;24.7;6.9
22/05/2010;26.9;10.1
23/05/2010;28.1;8.6
24/05/2010;27.9;9.4
25/05/2010;26.7;10.4
26/05/2010;27.7;8.4
27/05/2010;24.1;8.6
28/05/2010;26.1;12.3
29/05/2010;27.1;10.1
30/05/2010;25.4;12.7
31/05/2010;25.9;11.1
01/06/2010;27.4;10.9
02/06/2010;23.1;13.7
03/06/2010;22.3;13.3
04/06/2010;28.7;12.2
05/06/2010;30.8;11.6
06/06/2010;29.5;13.7
07/06/2010;28.1;12.0
08/06/2010;29.8;14.2
09/06/2010;32.5;13.7
10/06/2010;33.4;13.7
11/06/2010;33.3;13.1
12/06/2010;30.3;15.0
13/06/2010;27.3;14.9
14/06/2010;29.9;13.5
15/06/2010;28.2;17.3
16/06/2010;24.1;14.1
17/06/2010;23.5;13.5
18/06/2010;24.7;14.4
19/06/2010;21.6;15.0
20/06/2010;22.8;13.1
21/06/2010;21.0;12.0
22/06/2010;25.9;9.6
23/06/2010;28.0;12.5
24/06/2010;29.2;12.9
25/06/2010;29.5;13.0
26/06/2010;30.6;13.7
27/06/2010;30.8;13.8
28/06/2010;32.0;14.6
29/06/2010;32.7;15.7
30/06/2010;34.2;15.5
01/07/2010;34.8;15.5
02/07/2010;35.1;16.2
03/07/2010;35.6;16.6
04/07/2010;32.7;18.2
05/07/2010;32.9;18.4
06/07/2010;33.4;17.9
07/07/2010;33.4;18.0
08/07/2010;33.6;16.7
09/07/2010;34.9;16.6
10/07/2010;36.7;18.4
11/07/2010;36.3;20.9
12/07/2010;34.6;20.5
13/07/2010;33.8;18.8
14/07/2010;36.0;18.1
15/07/2010;35.6;17.1
16/07/2010;36.9;18.0
17/07/2010;33.4;17.7
18/07/2010;33.1;19.8
19/07/2010;32.9;18.3
20/07/2010;34.7;16.1
21/07/2010;35.0;18.7
22/07/2010;36.0;18.0
23/07/2010;34.2;19.1
24/07/2010;32.0;16.6
25/07/2010;31.1;13.7
26/07/2010;28.5;13.3
27/07/2010;27.1;10.4
28/07/2010;31.3;11.0
29/07/2010;24.6;15.5
30/07/2010;27.3;13.5
31/07/2010;28.4;12.8
01/08/2010;31.8;12.6
02/08/2010;31.7;13.3
03/08/2010;29.7;15.1
04/08/2010;31.3;15.5
05/08/2010;27.6;16.2
06/08/2010;27.1;15.0
07/08/2010;29.0;14.6
08/08/2010;29.9;14.4
09/08/2010;29.0;13.8
10/08/2010;32.0;18.2
11/08/2010;31.3;17.9
12/08/2010;30.6;16.4
13/08/2010;24.1;16.8
14/08/2010;21.2;15.5
15/08/2010;27.7;16.2
16/08/2010;26.2;15.3
17/08/2010;26.3;14.6
18/08/2010;27.8;14.4
19/08/2010;29.2;17.6
20/08/2010;32.4;15.4
21/08/2010;32.6;19.1
22/08/2010;33.6;17.0
23/08/2010;32.4;16.2
24/08/2010;31.3;14.9
25/08/2010;31.7;16.6
26/08/2010;32.5;16.4
27/08/2010;31.9;17.7
28/08/2010;29.1;19.2
29/08/2010;28.4;14.4
30/08/2010;26.9;11.1
31/08/2010;27.3;8.0
01/09/2010;27.6;7.7
02/09/2010;28.1;7.7
03/09/2010;30.1;10.8
04/09/2010;29.2;11.9
05/09/2010;28.4;12.3
06/09/2010;28.8;12.7
07/09/2010;29.5;14.9
08/09/2010;26.0;15.4
09/09/2010;26.3;13.1
10/09/2010;24.1;10.7
11/09/2010;26.3;9.2
12/09/2010;28.3;8.9
13/09/2010;23.1;11.3
14/09/2010;26.1;11.5
15/09/2010;27.1;10.2
16/09/2010;27.7;13.1
17/09/2010;27.3;17.2
18/09/2010;27.4;17.1
19/09/2010;22.5;11.2
20/09/2010;25.3;8.5
21/09/2010;24.8;8.9
22/09/2010;26.7;11.2
23/09/2010;27.2;8.6
24/09/2010;25.6;9.6
25/09/2010;23.0;12.1
26/09/2010;22.0;8.0
27/09/2010;18.2;12.1
28/09/2010;18.9;8.7
29/09/2010;21.5;5.2
30/09/2010;22.9;7.0
01/10/2010;18.5;10.3
02/10/2010;23.4;8.7
03/10/2010;23.1;9.1
04/10/2010;21.2;10.8
05/10/2010;21.5;15.1
06/10/2010;23.8;12.2
07/10/2010;25.5;10.0
08/10/2010;23.0;10.8
09/10/2010;20.9;7.5
10/10/2010;20.2;5.8
11/10/2010;17.7;10.0
12/10/2010;20.3;6.9
13/10/2010;17.7;12.1
14/10/2010;17.1;10.1
15/10/2010;18.8;7.3
16/10/2010;19.2;10.8
17/10/2010;17.6;9.2
18/10/2010;15.8;9.1
19/10/2010;19.2;6.5
20/10/2010;17.6;4.0
21/10/2010;20.1;2.3
22/10/2010;19.9;0.8
23/10/2010;17.4;5.7
24/10/2010;18.8;8.6
25/10/2010;16.3;5.9
26/10/2010;13.8;7.2
27/10/2010;13.5;5.5
28/10/2010;16.9;1.4
29/10/2010;20.1;0.2
30/10/2010;14.9;1.1
31/10/2010;16.1;10.8
01/11/2010;20.1;10.5
02/11/2010;19.1;9.9
03/11/2010;17.3;8.6
04/11/2010;21.3;5.5
05/11/2010;21.1;3.9
06/11/2010;18.2;5.0
07/11/2010;19.3;7.4
08/11/2010;13.0;8.1
09/11/2010;14.0;7.7
10/11/2010;15.5;8.5
11/11/2010;16.9;6.1
12/11/2010;12.7;7.6
13/11/2010;19.0;8.0
14/11/2010;14.6;7.7
15/11/2010;18.5;11.2
16/11/2010;15.8;5.4
17/11/2010;16.2;3.8
18/11/2010;10.3;1.9
19/11/2010;11.7;5.9
20/11/2010;13.0;6.5
21/11/2010;11.9;7.4
22/11/2010;12.3;5.5
23/11/2010;10.9;5.3
24/11/2010;11.9;2.4
25/11/2010;9.9;2.9
26/11/2010;9.4;0.4
27/11/2010;10.1;-1.0
28/11/2010;6.1;-0.9
29/11/2010;11.6;4.6
30/11/2010;9.8;4.4
01/12/2010;9.2;5.8
02/12/2010;12.7;4.3
03/12/2010;10.7;2.8
04/12/2010;5.8;-1.8
05/12/2010;7.2;-2.5
06/12/2010;14.0;6.6
07/12/2010;17.4;10.0
08/12/2010;16.9;11.5
09/12/2010;16.3;6.5
10/12/2010;11.3;-1.6
11/12/2010;11.9;-3.4
12/12/2010;11.9;1.1
13/12/2010;11.2;-2.0
14/12/2010;6.2;-5.8
15/12/2010;4.7;-7.9
16/12/2010;3.3;-7.7
17/12/2010;-0.3;-8.0
18/12/2010;5.0;-10.7
19/12/2010;4.4;-11.0
20/12/2010;5.2;0.9
21/12/2010;8.4;1.5
22/12/2010;15.0;3.6
23/12/2010;17.5;8.8
24/12/2010;11.5;8.6
25/12/2010;9.4;3.9
26/12/2010;8.7;3.1
27/12/2010;6.2;-3.4
28/12/2010;7.6;-5.2
29/12/2010;7.3;1.4
30/12/2010;6.6;3.8
31/12/2010;10.1;-0.4
01/01/2011;11.3;-1.0
02/01/2011;9.6;-0.5
03/01/2011;8.8;-3.4
04/01/2011;3.3;-5.4
05/01/2011;6.9;-1.8
06/01/2011;11.5;0.4
07/01/2011;14.4;11.0
08/01/2011;15.9;2.7
09/01/2011;16.1;2.2
10/01/2011;15.5;4.0
11/01/2011;12.2;5.5
12/01/2011;13.8;0.8
13/01/2011;10.4;-0.5
14/01/2011;11.9;1.2
15/01/2011;14.9;2.1
16/01/2011;16.0;-0.5
17/01/2011;10.8;-0.1
18/01/2011;13.0;2.2
19/01/2011;8.3;1.9
20/01/2011;7.8;3.7
21/01/2011;6.2;3.0
22/01/2011;3.7;1.9
23/01/2011;6.0;-4.0
24/01/2011;9.3;-6.4
25/01/2011;6.2;-5.9
26/01/2011;9.7;-4.4
27/01/2011;11.2;-0.9
28/01/2011;9.4;4.4
29/01/2011;6.9;3.3
30/01/2011;5.3;0.0
31/01/2011;12.1;-0.9
01/02/2011;12.0;-2.0
02/02/2011;12.7;-2.2
03/02/2011;12.0;-1.3
04/02/2011;17.3;-0.2
05/02/2011;15.4;-3.4
06/02/2011;12.0;-1.6
07/02/2011;6.9;-0.1
08/02/2011;8.2;2.5
09/02/2011;12.1;0.8
10/02/2011;11.3;-1.4
11/02/2011;12.1;7.2
12/02/2011;10.5;7.6
13/02/2011;10.4;6.2
14/02/2011;13.3;5.8
15/02/2011;13.8;0.7
16/02/2011;10.5;7.3
17/02/2011;13.4;6.8
18/02/2011;15.0;3.0
19/02/2011;16.5;0.4
20/02/2011;10.8;2.7
21/02/2011;11.3;0.6
22/02/2011;12.1;-1.5
23/02/2011;8.1;-3.3
24/02/2011;9.5;-5.4
25/02/2011;11.6;-3.6
26/02/2011;10.9;-4.2
27/02/2011;4.1;0.0
28/02/2011;11.9;3.3
01/03/2011;8.7;4.8
02/03/2011;7.7;1.8
03/03/2011;8.3;1.8
04/03/2011;13.2;-1.1
05/03/2011;12.6;5.3
06/03/2011;16.4;2.9
07/03/2011;9.8;-3.4
08/03/2011;10.1;-4.6
09/03/2011;11.2;-6.7
10/03/2011;12.6;-4.7
11/03/2011;13.0;-2.4
12/03/2011;13.1;1.6
13/03/2011;10.7;5.3
14/03/2011;18.9;9.0
15/03/2011;18.7;9.6
16/03/2011;16.0;8.1
17/03/2011;13.7;7.9
18/03/2011;17.8;6.4
19/03/2011;16.8;5.6
20/03/2011;13.7;3.0
21/03/2011;11.5;0.2
22/03/2011;17.2;0.0
23/03/2011;20.2;0.4
24/03/2011;23.4;0.4
25/03/2011;19.6;1.6
26/03/2011;18.0;3.7
27/03/2011;16.9;4.5
28/03/2011;14.8;8.9
29/03/2011;20.0;6.9
30/03/2011;19.0;6.3
31/03/2011;21.7;7.6
01/04/2011;24.0;4.4
02/04/2011;24.1;6.4
03/04/2011;22.0;8.6
04/04/2011;21.2;6.9
05/04/2011;21.3;5.8
06/04/2011;24.8;4.0
07/04/2011;26.4;5.8
08/04/2011;23.4;7.3
09/04/2011;24.7;6.4
10/04/2011;28.2;9.8
11/04/2011;26.6;5.6
12/04/2011;22.7;7.7
13/04/2011;18.1;6.2
14/04/2011;16.9;4.7
15/04/2011;15.8;5.3
16/04/2011;17.7;2.8
17/04/2011;19.4;3.1
18/04/2011;21.3;0.9
19/04/2011;22.3;2.2
20/04/2011;24.2;2.2
21/04/2011;24.1;3.7
22/04/2011;24.2;4.0
23/04/2011;19.8;11.0
24/04/2011;19.4;11.0
25/04/2011;24.1;7.2
26/04/2011;22.3;7.8
27/04/2011;21.4;8.7
28/04/2011;20.4;5.2
29/04/2011;22.4;8.6
30/04/2011;21.4;10.8
01/05/2011;23.7;9.4
02/05/2011;24.1;6.9
03/05/2011;24.5;10.6
04/05/2011;21.6;8.4
05/05/2011;23.6;4.3
06/05/2011;25.5;4.2
07/05/2011;25.8;5.2
08/05/2011;26.3;6.0
09/05/2011;22.0;7.1
10/05/2011;25.4;6.0
11/05/2011;27.4;5.6
12/05/2011;26.4;8.6
13/05/2011;26.7;12.0
14/05/2011;27.3;8.6
15/05/2011;18.4;9.8
16/05/2011;23.4;6.1
17/05/2011;24.9;5.8
18/05/2011;26.0;6.9
19/05/2011;28.8;8.4
20/05/2011;29.4;11.9
21/05/2011;30.2;10.1
22/05/2011;31.2;10.3
23/05/2011;30.1;11.2
24/05/2011;31.7;12.4
25/05/2011;31.6;11.6
26/05/2011;33.5;12.1
27/05/2011;29.6;12.6
28/05/2011;28.0;11.3
29/05/2011;27.7;8.8
30/05/2011;30.7;8.1
31/05/2011;28.0;10.0
01/06/2011;25.9;15.8
02/06/2011;26.6;11.4
03/06/2011;28.5;12.7
04/06/2011;31.1;13.4
05/06/2011;30.0;12.1
06/06/2011;26.1;14.8
07/06/2011;24.8;17.6
08/06/2011;25.2;16.1
09/06/2011;23.0;13.8
10/06/2011;25.2;12.3
11/06/2011;25.5;13.5
12/06/2011;26.8;13.6
13/06/2011;26.4;13.6
14/06/2011;28.4;13.9
15/06/2011;31.3;12.3
16/06/2011;31.1;14.3
17/06/2011;30.1;13.7
18/06/2011;31.6;15.5
19/06/2011;26.3;14.1
20/06/2011;30.3;12.3
21/06/2011;31.6;12.5
22/06/2011;33.3;12.9
23/06/2011;32.0;15.0
24/06/2011;29.9;16.1
25/06/2011;29.8;13.8
26/06/2011;33.4;13.5
27/06/2011;33.6;14.8
28/06/2011;33.8;17.2
29/06/2011;33.2;19.3
30/06/2011;32.5;18.7
01/07/2011;30.2;16.4
02/07/2011;24.5;14.1
03/07/2011;29.4;11.2
04/07/2011;30.6;14.4
05/07/2011;29.5;17.9
06/07/2011;32.2;17.6
07/07/2011;34.2;15.2
08/07/2011;35.0;14.4
09/07/2011;35.4;14.4
10/07/2011;35.8;18.1
11/07/2011;37.4;17.3
12/07/2011;39.1;18.1
13/07/2011;37.9;18.2
14/07/2011;32.5;19.0
15/07/2011;29.2;16.0
16/07/2011;29.1;14.6
17/07/2011;31.8;16.6
18/07/2011;28.0;15.1
19/07/2011;27.1;13.5
20/07/2011;25.0;15.6
21/07/2011;26.1;14.4
22/07/2011;28.1;14.4
23/07/2011;28.3;14.8
24/07/2011;25.1;12.8
25/07/2011;27.0;9.8
26/07/2011;28.9;11.2
27/07/2011;23.3;11.4
28/07/2011;28.3;15.2
29/07/2011;27.9;15.5
30/07/2011;29.4;15.9
31/07/2011;30.9;15.2
01/08/2011;31.1;14.6
02/08/2011;32.7;14.9
03/08/2011;31.7;14.2
04/08/2011;31.4;15.9
05/08/2011;35.1;16.6
06/08/2011;33.6;15.7
07/08/2011;33.1;18.0
08/08/2011;31.3;17.3
09/08/2011;32.0;14.1
10/08/2011;29.9;12.6
11/08/2011;32.0;9.8
12/08/2011;30.1;12.1
13/08/2011;30.6;12.8
14/08/2011;34.0;13.9
15/08/2011;31.4;16.2
16/08/2011;36.1;16.3
17/08/2011;36.9;17.4
18/08/2011;37.0;17.2
19/08/2011;36.1;17.3
20/08/2011;37.5;15.4
21/08/2011;40.4;17.7
22/08/2011;40.6;17.3
23/08/2011;38.2;16.6
24/08/2011;38.0;15.3
25/08/2011;38.4;14.0
26/08/2011;39.1;14.1
27/08/2011;29.8;15.9
28/08/2011;33.9;12.1
29/08/2011;31.3;13.7
30/08/2011;30.0;12.7
31/08/2011;30.5;14.8
01/09/2011;32.9;15.2
02/09/2011;34.5;15.2
03/09/2011;34.8;18.4
04/09/2011;30.0;17.7
05/09/2011;30.2;16.6
06/09/2011;31.1;14.9
07/09/2011;27.7;15.2
08/09/2011;28.8;14.1
09/09/2011;32.5;14.1
10/09/2011;32.2;14.4
11/09/2011;32.1;17.3
12/09/2011;31.0;17.0
13/09/2011;35.0;14.8
14/09/2011;33.4;14.5
15/09/2011;32.5;13.0
16/09/2011;31.9;13.2
17/09/2011;30.6;11.9
18/09/2011;28.4;14.4
19/09/2011;22.8;9.2
20/09/2011;24.4;9.2
21/09/2011;28.4;9.1
22/09/2011;29.0;12.2
23/09/2011;30.0;12.8
24/09/2011;29.3;12.3
25/09/2011;29.3;14.1
26/09/2011;29.9;11.6
27/09/2011;30.2;12.0
28/09/2011;28.4;12.3
29/09/2011;28.8;11.6
30/09/2011;29.3;10.1
01/10/2011;30.5;9.2
02/10/2011;31.1;9.4
03/10/2011;31.4;9.2
04/10/2011;28.9;8.3
05/10/2011;30.6;10.1
06/10/2011;26.9;13.2
07/10/2011;24.1;7.3
08/10/2011;21.6;3.1
09/10/2011;20.2;4.0
10/10/2011;21.7;3.2
11/10/2011;26.8;5.7
12/10/2011;23.3;12.8
13/10/2011;25.0;11.3
14/10/2011;19.4;12.8
15/10/2011;16.3;7.7
16/10/2011;19.2;2.2
17/10/2011;20.5;0.3
18/10/2011;21.2;0.6
19/10/2011;23.4;5.8
20/10/2011;18.8;8.7
21/10/2011;15.5;7.8
22/10/2011;16.4;1.6
23/10/2011;16.6;-0.3
24/10/2011;16.1;8.1
25/10/2011;19.1;10.2
26/10/2011;20.4;8.3
27/10/2011;17.9;4.8
28/10/2011;20.9;4.7
29/10/2011;21.9;4.6
30/10/2011;20.7;4.7
31/10/2011;19.1;3.8
01/11/2011;19.4;5.7
02/11/2011;20.2;4.4
03/11/2011;21.3;4.6
04/11/2011;19.9;12.1
05/11/2011;20.7;13.7
06/11/2011;19.5;8.4
07/11/2011;13.8;7.3
08/11/2011;18.9;9.0
09/11/2011;20.6;6.9
10/11/2011;19.3;4.5
11/11/2011;18.6;2.6
12/11/2011;15.5;3.9
13/11/2011;16.9;1.7
14/11/2011;17.4;-2.0
15/11/2011;16.0;-2.9
16/11/2011;16.6;-3.6
17/11/2011;15.8;-3.0
18/11/2011;15.8;-3.0
19/11/2011;14.4;-3.0
20/11/2011;15.6;-2.2
21/11/2011;15.9;1.3
22/11/2011;13.9;2.4
23/11/2011;16.6;6.5
24/11/2011;16.7;7.3
25/11/2011;17.0;1.3
26/11/2011;16.5;-1.5
27/11/2011;16.0;-1.7
28/11/2011;15.9;0.9
29/11/2011;15.7;-0.5
30/11/2011;15.1;-1.7
01/12/2011;12.1;1.9
02/12/2011;19.0;4.9
03/12/2011;18.4;3.6
04/12/2011;13.2;8.2
05/12/2011;14.7;7.4
06/12/2011;14.5;3.5
07/12/2011;14.3;0.8
08/12/2011;16.8;3.8
09/12/2011;12.6;3.1
10/12/2011;15.0;9.4
11/12/2011;14.4;8.8
12/12/2011;12.3;7.3
13/12/2011;14.0;0.6
14/12/2011;13.6;8.7
15/12/2011;15.5;9.1
16/12/2011;15.7;10.6
17/12/2011;13.3;-1.6
18/12/2011;9.1;-3.4
19/12/2011;9.4;-3.6
20/12/2011;6.8;-6.9
21/12/2011;9.5;-4.2
22/12/2011;12.0;-6.1
23/12/2011;11.7;-5.2
24/12/2011;8.3;-3.7
25/12/2011;12.3;-1.0
26/12/2011;11.2;-2.0
27/12/2011;14.5;-1.5
28/12/2011;12.5;-5.1
29/12/2011;11.0;-1.4
30/12/2011;10.5;-3.4
31/12/2011;12.3;-5.5
01/01/2012;13.0;-3.9
02/01/2012;13.1;3.9
03/01/2012;13.2;0.8
04/01/2012;7.7;-1.3
05/01/2012;11.9;-0.5
06/01/2012;12.3;-1.3
07/01/2012;12.6;-2.9
08/01/2012;12.3;-3.8
09/01/2012;14.3;-4.7
10/01/2012;12.3;-4.5
11/01/2012;12.7;-4.5
12/01/2012;12.3;-4.6
13/01/2012;11.2;2.3
14/01/2012;12.6;-3.4
15/01/2012;10.4;-7.7
16/01/2012;9.5;-7.6
17/01/2012;10.2;-8.0
18/01/2012;11.0;-6.9
19/01/2012;10.2;-3.1
20/01/2012;13.5;0.7
21/01/2012;13.9;0.2
22/01/2012;15.7;-0.6
23/01/2012;13.0;0.0
24/01/2012;15.1;-0.2
25/01/2012;11.1;-5.0
26/01/2012;10.8;-8.2
27/01/2012;10.8;-2.3
28/01/2012;12.3;-3.4
29/01/2012;11.5;-2.2
30/01/2012;6.2;-0.3
31/01/2012;4.2;-1.0
01/02/2012;1.9;-1.0
02/02/2012;0.8;-1.4
03/02/2012;-1.4;-3.8
04/02/2012;-0.1;-3.9
05/02/2012;0.1;-4.6
06/02/2012;0.8;-4.9
07/02/2012;1.4;-2.3
08/02/2012;3.1;-0.9
09/02/2012;8.4;-3.6
10/02/2012;1.8;-1.9
11/02/2012;0.9;-2.9
12/02/2012;1.8;-4.4
13/02/2012;4.2;-7.9
14/02/2012;7.7;-9.5
15/02/2012;5.2;-7.9
16/02/2012;14.1;-4.0
17/02/2012;13.4;-3.6
18/02/2012;12.0;1.5
19/02/2012;10.1;2.6
20/02/2012;7.6;3.7
21/02/2012;11.9;4.0
22/02/2012;13.0;4.4
23/02/2012;18.5;-1.0
24/02/2012;17.9;-0.5
25/02/2012;15.5;7.1
26/02/2012;15.9;-0.1
27/02/2012;15.8;-2.4
28/02/2012;15.2;-1.2
29/02/2012;14.8;1.2
01/03/2012;21.3;2.7
02/03/2012;16.8;4.1
03/03/2012;17.1;3.6
04/03/2012;16.1;3.4
05/03/2012;15.8;7.8
06/03/2012;12.2;6.2
07/03/2012;14.9;0.8
08/03/2012;17.0;-2.4
09/03/2012;14.0;6.9
10/03/2012;15.0;3.7
11/03/2012;17.9;2.9
12/03/2012;20.5;-1.3
13/03/2012;21.9;0.2
14/03/2012;20.5;0.0
15/03/2012;19.3;0.3
16/03/2012;19.9;4.5
17/03/2012;20.4;0.5
18/03/2012;19.1;7.7
19/03/2012;18.0;2.7
20/03/2012;19.5;0.5
21/03/2012;23.7;3.8
22/03/2012;24.8;2.8
23/03/2012;22.4;1.7
24/03/2012;23.2;5.5
25/03/2012;23.1;2.6
26/03/2012;24.7;3.5
27/03/2012;24.8;0.5
28/03/2012;25.9;1.2
29/03/2012;22.7;2.2
30/03/2012;21.0;3.3
31/03/2012;20.5;5.8
01/04/2012;24.1;7.3
02/04/2012;22.3;5.8
03/04/2012;18.4;9.6
04/04/2012;21.9;8.0
05/04/2012;19.8;9.4
06/04/2012;19.6;10.0
07/04/2012;17.1;10.5
08/04/2012;14.5;2.0
09/04/2012;15.5;-0.9
10/04/2012;18.9;0.0
11/04/2012;14.4;8.3
12/04/2012;18.1;7.3
13/04/2012;18.0;6.4
14/04/2012;11.6;8.7
15/04/2012;16.5;4.9
16/04/2012;14.4;3.0
17/04/2012;20.5;5.2
18/04/2012;16.5;5.5
19/04/2012;18.3;5.1
20/04/2012;15.3;8.4
21/04/2012;18.7;8.3
22/04/2012;18.0;7.3
23/04/2012;18.7;6.1
24/04/2012;16.5;7.3
25/04/2012;18.9;5.8
26/04/2012;24.1;3.3
27/04/2012;28.1;6.2
28/04/2012;31.0;9.1
29/04/2012;20.8;10.3
30/04/2012;21.7;10.5
01/05/2012;19.1;9.4
02/05/2012;21.2;6.7
03/05/2012;21.1;7.9
04/05/2012;20.7;6.1
05/05/2012;22.8;5.1
06/05/2012;18.9;11.6
07/05/2012;21.5;9.5
08/05/2012;21.8;8.3
09/05/2012;23.4;9.6
10/05/2012;29.6;7.6
11/05/2012;31.3;9.6
12/05/2012;28.6;11.6
13/05/2012;19.2;10.4
14/05/2012;18.0;4.8
15/05/2012;22.6;3.7
16/05/2012;20.6;4.9
17/05/2012;23.2;1.4
18/05/2012;22.2;2.1
19/05/2012;24.9;4.2
20/05/2012;18.7;9.2
21/05/2012;20.8;8.7
22/05/2012;22.4;8.3
23/05/2012;24.1;12.3
24/05/2012;29.9;12.2
25/05/2012;27.7;10.8
26/05/2012;26.3;8.4
27/05/2012;27.0;7.9
28/05/2012;24.8;10.5
29/05/2012;25.5;11.6
30/05/2012;26.7;12.0
31/05/2012;27.7;13.2
01/06/2012;25.2;14.4
02/06/2012;26.8;12.7
03/06/2012;30.4;12.8
04/06/2012;23.9;12.2
05/06/2012;27.3;9.2
06/06/2012;26.2;9.5
07/06/2012;28.8;11.1
08/06/2012;31.4;11.6
09/06/2012;29.9;14.1
10/06/2012;24.9;12.6
11/06/2012;25.3;16.2
12/06/2012;24.1;16.1
13/06/2012;24.1;12.0
14/06/2012;27.0;10.8
15/06/2012;30.4;8.2
16/06/2012;34.6;10.0
17/06/2012;35.9;11.6
18/06/2012;37.4;13.5
19/06/2012;36.8;15.2
20/06/2012;35.6;15.9
21/06/2012;32.4;14.1
22/06/2012;32.2;16.4
23/06/2012;33.7;13.3
24/06/2012;33.6;12.9
25/06/2012;32.8;16.6
26/06/2012;33.8;14.7
27/06/2012;36.0;16.3
28/06/2012;35.2;16.7
29/06/2012;36.3;16.8
30/06/2012;37.7;18.0
01/07/2012;38.7;17.3
02/07/2012;36.3;17.2
03/07/2012;30.2;15.1
04/07/2012;32.6;15.0
05/07/2012;35.1;14.3
06/07/2012;32.9;16.2
07/07/2012;32.8;15.6
08/07/2012;36.7;13.1
09/07/2012;35.6;16.8
10/07/2012;32.7;16.4
11/07/2012;33.1;16.2
12/07/2012;33.0;15.3
13/07/2012;29.9;14.1
14/07/2012;33.6;19.5
15/07/2012;28.3;15.7
16/07/2012;32.0;13.7
17/07/2012;34.1;12.1
18/07/2012;36.0;14.3
19/07/2012;34.9;13.7
20/07/2012;36.1;14.1
21/07/2012;31.9;16.5
22/07/2012;28.9;16.9
23/07/2012;24.9;19.0
24/07/2012;29.5;18.4
25/07/2012;32.9;16.7
26/07/2012;32.0;15.5
27/07/2012;36.7;17.7
28/07/2012;38.9;15.9
29/07/2012;33.1;16.9
30/07/2012;33.7;16.6
31/07/2012;36.5;14.3
01/08/2012;37.0;17.7
02/08/2012;36.2;16.7
03/08/2012;35.5;14.2
04/08/2012;37.2;15.2
05/08/2012;36.8;15.3
06/08/2012;33.4;19.3
07/08/2012;34.2;14.5
08/08/2012;36.2;11.9
09/08/2012;36.6;16.2
10/08/2012;34.5;16.9
11/08/2012;34.7;13.4
12/08/2012;33.8;14.4
13/08/2012;35.0;15.9
14/08/2012;34.9;18.0
15/08/2012;35.3;16.0
16/08/2012;33.2;15.4
17/08/2012;37.4;17.3
18/08/2012;38.6;16.8
19/08/2012;39.9;16.9
20/08/2012;40.1;17.5
21/08/2012;37.3;20.6
22/08/2012;38.1;19.5
23/08/2012;37.6;17.7
24/08/2012;38.2;17.5
25/08/2012;36.9;16.4
26/08/2012;29.5;16.8
27/08/2012;31.9;14.1
28/08/2012;33.3;12.0
29/08/2012;33.0;13.7
30/08/2012;33.1;16.5
31/08/2012;27.6;15.5
01/09/2012;22.1;12.9
02/09/2012;22.3;12.1
03/09/2012;26.4;13.7
04/09/2012;24.8;12.0
05/09/2012;27.0;14.8
06/09/2012;29.9;15.3
07/09/2012;31.6;14.1
08/09/2012;32.7;14.4
09/09/2012;32.1;11.7
10/09/2012;28.9;15.6
11/09/2012;28.8;15.7
12/09/2012;29.2;16.5
13/09/2012;21.9;15.8
14/09/2012;23.0;13.4
15/09/2012;26.5;12.1
16/09/2012;26.3;9.5
17/09/2012;26.7;8.7
18/09/2012;27.4;11.5
19/09/2012;18.7;14.3
20/09/2012;23.4;8.2
21/09/2012;25.2;5.2
22/09/2012;25.5;8.3
23/09/2012;29.1;14.8
24/09/2012;28.1;16.4
25/09/2012;26.6;13.3
26/09/2012;29.5;19.6
27/09/2012;22.9;15.1
28/09/2012;28.4;14.5
29/09/2012;23.6;17.0
30/09/2012;24.8;15.5
01/10/2012;23.6;13.7
02/10/2012;23.7;13.2
03/10/2012;21.6;11.6
04/10/2012;24.9;10.7
05/10/2012;24.7;11.9
06/10/2012;24.6;9.4
07/10/2012;23.4;14.7
08/10/2012;26.9;14.4
09/10/2012;21.9;14.9
10/10/2012;23.5;13.5
11/10/2012;22.7;13.2
12/10/2012;22.5;13.7
13/10/2012;21.2;12.0
14/10/2012;22.1;11.2
15/10/2012;19.2;11.5
16/10/2012;19.0;7.6
17/10/2012;21.3;8.7
18/10/2012;22.7;6.4
19/10/2012;24.5;7.2
20/10/2012;25.5;7.7
21/10/2012;26.6;9.3
22/10/2012;25.9;11.1
23/10/2012;25.2;8.3
24/10/2012;23.4;5.8
25/10/2012;23.0;7.3
26/10/2012;19.7;10.0
27/10/2012;17.6;13.1
28/10/2012;13.4;5.9
29/10/2012;11.2;1.6
30/10/2012;12.3;-1.3
31/10/2012;12.0;3.9
01/11/2012;16.6;7.7
02/11/2012;18.2;7.7
03/11/2012;18.6;9.4
04/11/2012;20.8;11.8
05/11/2012;20.5;11.8
06/11/2012;17.9;8.0
07/11/2012;17.5;3.2
08/11/2012;17.7;0.2
09/11/2012;14.8;2.8
10/11/2012;18.4;7.7
11/11/2012;18.6;13.7
12/11/2012;15.0;9.3
13/11/2012;16.3;9.1
14/11/2012;18.1;7.8
15/11/2012;14.8;3.0
16/11/2012;15.2;1.2
17/11/2012;16.2;0.1
18/11/2012;15.0;2.9
19/11/2012;13.3;6.3
20/11/2012;16.9;9.3
21/11/2012;17.3;2.8
22/11/2012;15.2;2.1
23/11/2012;16.0;4.4
24/11/2012;16.8;5.1
25/11/2012;17.7;4.6
26/11/2012;18.0;4.9
27/11/2012;14.8;5.6
28/11/2012;14.1;10.8
29/11/2012;11.6;5.0
30/11/2012;11.5;3.0
01/12/2012;12.6;3.3
02/12/2012;11.2;3.7
03/12/2012;10.7;-0.5
04/12/2012;11.2;1.2
05/12/2012;6.4;-1.8
06/12/2012;8.7;-3.5
07/12/2012;4.8;-3.5
08/12/2012;5.5;-2.6
09/12/2012;8.7;-3.5
10/12/2012;4.7;-3.4
11/12/2012;10.4;-4.6
12/12/2012;8.3;-5.5
13/12/2012;2.7;-6.1
14/12/2012;11.7;1.3
15/12/2012;13.6;8.7
16/12/2012;15.5;6.4
17/12/2012;9.3;1.2
18/12/2012;8.3;1.7
19/12/2012;11.9;-2.0
20/12/2012;5.2;-4.6
21/12/2012;6.3;0.2
22/12/2012;10.1;-2.0
23/12/2012;6.0;-1.6
24/12/2012;14.4;4.7
25/12/2012;12.1;8.7
26/12/2012;13.1;6.4
27/12/2012;12.3;7.3
28/12/2012;16.4;0.5
29/12/2012;13.7;-1.6
30/12/2012;12.2;-3.7
31/12/2012;13.2;-3.3
01/01/2013;5.5;-4.1
02/01/2013;9.0;2.8
03/01/2013;14.0;-0.1
04/01/2013;11.2;-1.2
05/01/2013;10.2;4.8
06/01/2013;9.4;6.0
07/01/2013;11.2;0.4
08/01/2013;9.6;2.6
09/01/2013;11.9;5.8
10/01/2013;11.6;4.8
11/01/2013;10.7;0.4
12/01/2013;9.8;-1.6
13/01/2013;7.0;3.3
14/01/2013;10.8;0.8
15/01/2013;9.4;0.1
16/01/2013;5.4;0.8
17/01/2013;6.7;-2.9
18/01/2013;9.0;-3.3
19/01/2013;4.8;-4.1
20/01/2013;13.8;4.9
21/01/2013;11.9;5.1
22/01/2013;10.4;1.9
23/01/2013;8.7;-0.1
24/01/2013;9.6;0.4
25/01/2013;9.1;1.0
26/01/2013;8.0;-2.3
27/01/2013;10.3;-5.4
28/01/2013;6.5;1.6
29/01/2013;12.3;-1.1
30/01/2013;12.4;7.3
31/01/2013;15.5;5.1
01/02/2013;17.3;6.7
02/02/2013;12.9;4.7
03/02/2013;10.7;-1.7
04/02/2013;12.9;-3.4
05/02/2013;11.2;-0.5
06/02/2013;12.2;4.2
07/02/2013;7.7;-0.2
08/02/2013;9.5;-3.4
09/02/2013;7.8;-4.6
10/02/2013;7.6;-6.1
11/02/2013;8.2;-1.2
12/02/2013;6.3;-1.2
13/02/2013;9.1;-2.0
14/02/2013;11.6;-0.9
15/02/2013;12.2;-2.4
16/02/2013;12.4;-2.2
17/02/2013;11.9;-2.4
18/02/2013;9.5;-3.1
19/02/2013;11.2;-4.6
20/02/2013;8.0;1.0
21/02/2013;5.7;0.5
22/02/2013;6.0;-0.1
23/02/2013;1.9;-3.4
24/02/2013;7.2;0.4
25/02/2013;7.6;-1.4
26/02/2013;12.6;-2.7
27/02/2013;10.7;-3.2
28/02/2013;14.4;-3.4
01/03/2013;10.1;-2.0
02/03/2013;12.8;-0.4
03/03/2013;15.3;-3.5
04/03/2013;17.8;-2.8
05/03/2013;13.3;-0.6
06/03/2013;10.7;7.4
07/03/2013;16.0;6.2
08/03/2013;14.1;9.2
09/03/2013;16.1;8.7
10/03/2013;17.2;9.7
11/03/2013;14.6;7.9
12/03/2013;14.4;6.2
13/03/2013;8.8;2.3
14/03/2013;11.1;1.2
15/03/2013;9.5;-1.1
16/03/2013;11.2;-3.6
17/03/2013;10.5;1.6
18/03/2013;14.1;6.6
19/03/2013;14.1;4.5
20/03/2013;13.7;0.8
21/03/2013;16.6;1.4
22/03/2013;14.1;2.5
23/03/2013;16.3;2.2
24/03/2013;15.6;8.2
25/03/2013;10.1;6.4
26/03/2013;7.6;3.3
27/03/2013;14.8;2.6
28/03/2013;16.6;5.1
29/03/2013;15.2;11.9
30/03/2013;15.9;9.1
31/03/2013;15.4;7.9
01/04/2013;16.9;5.2
02/04/2013;15.3;6.7
03/04/2013;16.4;4.2
04/04/2013;14.7;2.6
05/04/2013;12.9;9.4
06/04/2013;20.0;6.9
07/04/2013;15.9;6.5
08/04/2013;14.1;4.8
09/04/2013;16.7;7.6
10/04/2013;17.0;6.9
11/04/2013;20.3;5.8
12/04/2013;20.6;7.5
13/04/2013;19.5;6.7
14/04/2013;24.5;3.7
15/04/2013;25.6;5.5
16/04/2013;25.4;5.5
17/04/2013;27.8;7.7
18/04/2013;25.7;8.9
19/04/2013;25.1;7.6
20/04/2013;19.9;7.8
21/04/2013;19.2;5.2
22/04/2013;18.5;6.1
23/04/2013;19.4;5.1
24/04/2013;25.5;4.0
25/04/2013;25.0;9.0
26/04/2013;25.9;10.7
27/04/2013;21.2;10.1
28/04/2013;23.3;13.3
29/04/2013;28.2;12.2
30/04/2013;27.3;15.0
01/05/2013;27.7;13.5
02/05/2013;20.4;11.6
03/05/2013;25.6;10.1
04/05/2013;25.6;8.7
05/05/2013;20.1;10.5
06/05/2013;22.5;8.7
07/05/2013;22.1;12.6
08/05/2013;25.6;9.3
09/05/2013;27.7;10.8
10/05/2013;23.7;13.4
11/05/2013;21.6;11.9
12/05/2013;23.3;9.7
13/05/2013;23.4;6.9
14/05/2013;25.9;8.9
15/05/2013;23.0;7.8
16/05/2013;22.0;13.4
17/05/2013;18.9;12.1
18/05/2013;24.8;8.8
19/05/2013;20.5;10.2
20/05/2013;19.0;9.7
21/05/2013;19.8;9.0
22/05/2013;25.0;4.9
23/05/2013;22.3;10.7
24/05/2013;18.7;8.2
25/05/2013;12.3;6.5
26/05/2013;19.9;7.9
27/05/2013;20.5;7.3
28/05/2013;20.1;10.3
29/05/2013;19.5;10.0
30/05/2013;17.8;9.2
31/05/2013;19.6;9.8
01/06/2013;23.4;8.9
02/06/2013;24.4;11.2
03/06/2013;23.7;11.6
04/06/2013;25.3;9.5
05/06/2013;25.9;12.3
06/06/2013;27.2;9.8
07/06/2013;28.4;10.5
08/06/2013;29.5;11.4
09/06/2013;20.2;11.1
10/06/2013;21.7;11.8
11/06/2013;24.3;12.0
12/06/2013;29.1;14.0
13/06/2013;30.4;12.2
14/06/2013;29.3;13.4
15/06/2013;29.6;14.2
16/06/2013;31.9;12.3
17/06/2013;34.2;13.2
18/06/2013;37.1;15.6
19/06/2013;35.3;17.8
20/06/2013;34.6;15.5
21/06/2013;29.4;15.2
22/06/2013;26.6;13.8
23/06/2013;26.5;15.9
24/06/2013;24.8;12.6
25/06/2013;26.8;9.6
26/06/2013;25.7;11.4
27/06/2013;27.3;10.4
28/06/2013;23.5;11.4
29/06/2013;25.8;8.4
30/06/2013;29.9;10.4
01/07/2013;30.1;10.1
02/07/2013;31.0;10.9
03/07/2013;29.1;11.9
04/07/2013;29.8;15.6
05/07/2013;33.0;13.8
06/07/2013;32.7;15.0
07/07/2013;31.4;15.0
08/07/2013;31.7;16.4
09/07/2013;32.2;15.6
10/07/2013;33.1;16.1
11/07/2013;30.8;17.7
12/07/2013;31.0;16.6
13/07/2013;30.0;17.0
14/07/2013;31.8;17.3
15/07/2013;34.2;14.6
16/07/2013;34.1;17.8
17/07/2013;34.2;18.1
18/07/2013;33.3;15.9
19/07/2013;31.7;15.8
20/07/2013;33.4;15.5
21/07/2013;34.0;14.1
22/07/2013;34.9;16.1
23/07/2013;35.3;16.5
24/07/2013;32.2;18.3
25/07/2013;32.8;17.4
26/07/2013;35.6;19.8
27/07/2013;36.0;17.0
28/07/2013;38.5;16.8
29/07/2013;30.7;17.1
30/07/2013;32.9;17.0
31/07/2013;33.0;13.7
01/08/2013;34.9;14.3
02/08/2013;37.6;13.7
03/08/2013;36.7;16.6
04/08/2013;36.0;15.5
05/08/2013;36.3;18.0
06/08/2013;37.7;19.0
07/08/2013;39.5;15.2
08/08/2013;36.3;15.3
09/08/2013;32.8;19.1
10/08/2013;32.2;17.9
11/08/2013;33.8;15.7
12/08/2013;35.3;15.6
13/08/2013;34.8;15.7
14/08/2013;32.3;16.2
15/08/2013;31.0;17.7
16/08/2013;33.8;14.2
17/08/2013;34.5;14.1
18/08/2013;33.3;14.2
19/08/2013;31.8;14.7
20/08/2013;25.6;17.6
21/08/2013;29.4;17.8
22/08/2013;32.7;13.4
23/08/2013;32.8;15.0
24/08/2013;30.8;15.6
25/08/2013;28.0;16.6
26/08/2013;28.4;16.3
27/08/2013;27.6;16.6
28/08/2013;27.6;16.4
29/08/2013;30.9;14.2
30/08/2013;30.2;13.5
31/08/2013;31.4;11.5
01/09/2013;31.7;11.2
02/09/2013;30.5;13.1
03/09/2013;32.4;12.3
04/09/2013;34.5;12.5
05/09/2013;32.8;13.7
06/09/2013;32.4;14.3
07/09/2013;32.8;15.0
08/09/2013;29.9;16.1
09/09/2013;27.3;15.5
10/09/2013;26.6;15.4
11/09/2013;25.2;14.1
12/09/2013;24.8;12.9
13/09/2013;25.7;11.8
14/09/2013;26.9;10.6
15/09/2013;24.6;13.3
16/09/2013;23.3;14.0
17/09/2013;23.1;13.6
18/09/2013;23.1;9.2
19/09/2013;26.4;12.9
20/09/2013;27.9;10.5
21/09/2013;28.4;10.2
22/09/2013;26.4;11.0
23/09/2013;27.6;8.3
24/09/2013;26.1;10.1
25/09/2013;25.9;9.4
26/09/2013;24.4;12.3
27/09/2013;24.1;15.6
28/09/2013;27.9;15.4
29/09/2013;23.1;15.3
30/09/2013;20.9;13.0
01/10/2013;24.1;10.9
02/10/2013;24.5;11.6
03/10/2013;23.2;8.3
04/10/2013;21.4;13.1
05/10/2013;16.5;14.1
06/10/2013;22.4;14.0
07/10/2013;19.2;12.1
08/10/2013;21.6;10.6
09/10/2013;22.0;11.5
10/10/2013;22.0;12.7
11/10/2013;20.4;10.2
12/10/2013;18.9;8.3
13/10/2013;19.1;5.0
14/10/2013;18.4;8.6
15/10/2013;21.5;13.2
16/10/2013;22.6;10.8
17/10/2013;22.4;10.3
18/10/2013;22.2;8.8
19/10/2013;22.5;11.2
20/10/2013;21.3;10.1
21/10/2013;19.8;14.8
22/10/2013;23.7;13.7
23/10/2013;23.0;14.6
24/10/2013;21.4;14.3
25/10/2013;24.2;12.4
26/10/2013;23.0;11.9
27/10/2013;22.0;11.3
28/10/2013;24.9;13.7
29/10/2013;23.4;13.1
30/10/2013;22.7;10.5
31/10/2013;21.1;8.9
01/11/2013;21.5;7.3
02/11/2013;20.7;8.9
03/11/2013;23.1;10.8
04/11/2013;18.2;11.2
05/11/2013;19.5;8.9
06/11/2013;20.0;7.2
07/11/2013;22.4;9.4
08/11/2013;22.3;10.9
09/11/2013;20.9;10.0
10/11/2013;14.8;9.1
11/11/2013;12.4;8.3
12/11/2013;16.2;11.7
13/11/2013;20.0;9.1
14/11/2013;16.6;11.3
15/11/2013;15.2;10.6
16/11/2013;16.3;5.1
17/11/2013;14.7;4.6
18/11/2013;16.6;7.6
19/11/2013;16.5;5.8
20/11/2013;13.3;5.1
21/11/2013;10.1;4.5
22/11/2013;11.0;1.9
23/11/2013;9.7;1.5
24/11/2013;12.6;1.5
25/11/2013;11.2;-3.0
26/11/2013;7.9;-5.2
27/11/2013;5.5;-4.7
28/11/2013;9.4;-2.4
29/11/2013;11.2;-4.5
30/11/2013;10.8;-2.7
01/12/2013;9.8;5.5
02/12/2013;10.7;8.0
03/12/2013;13.7;0.0
04/12/2013;12.9;-4.6
05/12/2013;11.4;-4.9
06/12/2013;12.5;3.6
07/12/2013;11.2;-1.7
08/12/2013;12.8;-2.5
09/12/2013;10.5;-2.3
10/12/2013;12.1;-0.2
11/12/2013;14.0;-1.7
12/12/2013;13.5;-0.3
13/12/2013;8.4;-0.2
14/12/2013;11.3;2.5
15/12/2013;14.0;-0.2
16/12/2013;14.0;-3.2
17/12/2013;14.1;-5.3
18/12/2013;9.6;-5.6
19/12/2013;10.3;-3.9
20/12/2013;12.6;4.0
21/12/2013;14.6;2.9
22/12/2013;14.1;3.0
23/12/2013;12.1;3.4
24/12/2013;12.3;3.6
25/12/2013;14.7;10.2
26/12/2013;13.7;3.0
27/12/2013;11.5;-0.7
28/12/2013;13.4;-0.3
29/12/2013;12.5;5.5
30/12/2013;11.7;1.8
31/12/2013;11.4;0.2
01/01/2014;11.9;-3.2
02/01/2014;7.9;0.0
03/01/2014;12.4;7.2
04/01/2014;15.4;8.7
05/01/2014;15.6;2.3
06/01/2014;14.7;0.1
07/01/2014;14.3;1.2
08/01/2014;12.3;0.8
09/01/2014;15.2;4.6
10/01/2014;13.6;6.5
11/01/2014;15.4;6.1
12/01/2014;15.5;3.1
13/01/2014;9.8;0.3
14/01/2014;12.0;5.3
15/01/2014;13.0;2.0
16/01/2014;11.1;0.8
17/01/2014;12.7;10.0
18/01/2014;14.9;10.1
19/01/2014;15.5;7.8
20/01/2014;15.0;6.9
21/01/2014;12.3;6.3
22/01/2014;11.9;2.2
23/01/2014;10.3;-0.9
24/01/2014;11.0;3.9
25/01/2014;11.9;-0.9
26/01/2014;13.3;-2.7
27/01/2014;5.3;-1.9
28/01/2014;8.7;-2.3
29/01/2014;10.0;-4.8
30/01/2014;11.1;4.4
31/01/2014;10.3;8.0
01/02/2014;15.5;7.3
02/02/2014;10.9;5.8
03/02/2014;15.6;7.1
04/02/2014;12.0;5.3
05/02/2014;12.2;5.4
06/02/2014;13.8;3.7
07/02/2014;15.5;1.2
08/02/2014;14.3;5.5
09/02/2014;13.3;6.8
10/02/2014;12.6;5.5
11/02/2014;13.3;5.5
12/02/2014;13.8;4.3
13/02/2014;15.2;2.6
14/02/2014;17.2;6.0
15/02/2014;16.3;5.8
16/02/2014;19.2;7.7
17/02/2014;15.6;8.5
18/02/2014;19.0;5.0
19/02/2014;17.7;8.7
20/02/2014;12.6;8.5
21/02/2014;14.8;5.0
22/02/2014;14.9;5.0
23/02/2014;14.8;0.6
24/02/2014;16.0;-0.5
25/02/2014;15.7;-1.1
26/02/2014;10.6;2.7
27/02/2014;13.8;1.9
28/02/2014;10.1;5.4
01/03/2014;10.3;4.4
02/03/2014;14.1;0.4
03/03/2014;12.3;-0.1
04/03/2014;12.1;6.1
05/03/2014;13.9;5.4
06/03/2014;15.6;2.1
07/03/2014;18.4;3.3
08/03/2014;16.2;5.1
09/03/2014;17.7;1.4
10/03/2014;14.4;2.2
11/03/2014;14.8;1.5
12/03/2014;18.7;0.4
13/03/2014;21.8;0.2
14/03/2014;21.4;0.4
15/03/2014;18.7;0.9
16/03/2014;20.2;2.5
17/03/2014;21.0;6.5
18/03/2014;20.3;7.7
19/03/2014;18.7;7.1
20/03/2014;23.8;3.1
21/03/2014;19.8;6.2
22/03/2014;17.2;9.1
23/03/2014;14.7;6.1
24/03/2014;13.0;3.8
25/03/2014;14.0;1.5
26/03/2014;13.6;5.7
27/03/2014;14.6;7.9
28/03/2014;19.3;5.7
29/03/2014;22.3;1.8
30/03/2014;21.5;4.8
31/03/2014;20.4;3.2
01/04/2014;17.6;5.4
02/04/2014;19.8;3.6
03/04/2014;20.1;6.2
04/04/2014;15.7;7.0
05/04/2014;18.9;9.0
06/04/2014;21.8;7.7
07/04/2014;25.9;6.4
08/04/2014;20.2;7.6
09/04/2014;22.3;7.3
10/04/2014;21.3;4.2
11/04/2014;20.9;8.7
12/04/2014;21.2;5.5
13/04/2014;19.7;8.0
14/04/2014;22.0;4.7
15/04/2014;17.9;4.5
16/04/2014;16.9;2.6
17/04/2014;19.0;-0.4
18/04/2014;18.8;1.8
19/04/2014;15.1;6.6
20/04/2014;19.5;3.7
21/04/2014;19.2;9.2
22/04/2014;22.1;7.6
23/04/2014;23.9;8.5
24/04/2014;23.1;8.9
25/04/2014;24.8;10.2
26/04/2014;23.3;8.7
27/04/2014;15.8;11.3
28/04/2014;13.9;10.6
29/04/2014;18.0;9.6
30/04/2014;19.6;7.8
01/05/2014;20.0;5.7
02/05/2014;20.4;9.4
03/05/2014;18.7;9.1
04/05/2014;20.0;6.8
05/05/2014;22.8;4.0
06/05/2014;22.8;5.5
07/05/2014;21.7;8.0
08/05/2014;24.9;7.9
09/05/2014;24.9;7.5
10/05/2014;25.3;7.8
11/05/2014;23.7;11.7
12/05/2014;21.4;9.4
13/05/2014;20.9;7.7
14/05/2014;23.4;6.3
15/05/2014;23.0;4.3
16/05/2014;22.7;7.9
17/05/2014;22.8;8.1
18/05/2014;24.1;5.3
19/05/2014;22.2;8.0
20/05/2014;25.6;12.4
21/05/2014;29.8;9.4
22/05/2014;28.6;10.2
23/05/2014;22.3;11.3
24/05/2014;24.9;10.4
25/05/2014;29.8;6.7
26/05/2014;23.8;13.1
27/05/2014;20.3;12.0
28/05/2014;21.6;9.9
29/05/2014;22.6;7.5
30/05/2014;25.3;11.3
31/05/2014;23.4;9.4
01/06/2014;25.9;6.3
02/06/2014;27.8;6.8
03/06/2014;26.8;11.2
04/06/2014;25.2;9.9
05/06/2014;27.1;12.8
06/06/2014;30.5;10.2
07/06/2014;33.3;12.5
08/06/2014;35.4;13.0
09/06/2014;35.6;14.5
10/06/2014;36.2;13.7
11/06/2014;35.1;16.0
12/06/2014;36.2;15.9
13/06/2014;33.1;16.6
14/06/2014;31.3;17.6
15/06/2014;21.3;15.0
16/06/2014;23.1;13.2
17/06/2014;25.1;11.5
18/06/2014;25.9;11.1
19/06/2014;27.0;11.0
20/06/2014;26.4;13.4
21/06/2014;28.8;12.1
22/06/2014;30.2;13.0
23/06/2014;32.1;13.4
24/06/2014;32.0;11.6
25/06/2014;28.0;17.3
26/06/2014;25.0;15.8
27/06/2014;28.5;13.1
28/06/2014;29.5;16.0
29/06/2014;30.9;13.3
30/06/2014;27.3;15.8
01/07/2014;28.1;14.1
02/07/2014;29.4;14.4
03/07/2014;32.3;14.8
04/07/2014;33.8;16.0
05/07/2014;27.7;17.4
06/07/2014;29.9;16.1
07/07/2014;31.2;16.4
08/07/2014;24.1;17.2
09/07/2014;24.2;14.7
10/07/2014;22.4;13.1
11/07/2014;25.1;12.1
12/07/2014;29.0;13.3
13/07/2014;26.2;16.6
14/07/2014;24.4;15.9
15/07/2014;30.0;14.0
16/07/2014;32.1;15.0
17/07/2014;33.2;15.6
18/07/2014;32.2;17.5
19/07/2014;34.7;16.8
20/07/2014;33.3;15.4
21/07/2014;24.5;16.6
22/07/2014;28.6;16.5
23/07/2014;30.1;17.9
24/07/2014;27.5;16.4
25/07/2014;29.3;17.0
26/07/2014;28.5;17.7
27/07/2014;28.7;17.4
28/07/2014;29.8;16.1
29/07/2014;25.4;17.7
30/07/2014;23.5;15.3
31/07/2014;28.7;16.3
01/08/2014;28.9;17.2
02/08/2014;30.5;17.8
03/08/2014;27.0;16.3
04/08/2014;28.7;16.6
05/08/2014;28.7;16.5
06/08/2014;30.5;14.5
07/08/2014;30.6;15.0
08/08/2014;32.1;15.6
09/08/2014;29.3;15.9
10/08/2014;33.5;17.2
11/08/2014;30.9;15.0
12/08/2014;31.9;19.5
13/08/2014;31.4;20.3
14/08/2014;25.5;15.9
15/08/2014;25.2;13.5
16/08/2014;25.7;11.6
17/08/2014;28.0;9.7
18/08/2014;26.5;9.2
19/08/2014;28.8;13.3
20/08/2014;28.8;15.6
21/08/2014;27.0;13.7
22/08/2014;26.4;9.9
23/08/2014;24.6;16.0
24/08/2014;25.5;14.7
25/08/2014;26.5;12.1
26/08/2014;28.6;14.6
27/08/2014;28.8;16.1
28/08/2014;30.5;13.5
29/08/2014;31.9;14.3
30/08/2014;29.9;14.6
31/08/2014;29.3;17.0
01/09/2014;22.0;13.9
02/09/2014;25.5;11.0
03/09/2014;22.4;12.8
04/09/2014;24.8;12.4
05/09/2014;26.9;15.8
06/09/2014;28.5;13.9
07/09/2014;28.4;14.0
08/09/2014;29.5;15.2
09/09/2014;28.2;16.8
10/09/2014;20.9;17.0
11/09/2014;25.3;13.3
12/09/2014;22.8;12.3
13/09/2014;25.7;9.6
14/09/2014;27.2;11.2
15/09/2014;25.1;10.7
16/09/2014;27.3;14.0
17/09/2014;26.9;11.8
18/09/2014;28.4;14.2
19/09/2014;27.5;16.8
20/09/2014;29.5;17.2
21/09/2014;27.4;14.6
22/09/2014;26.0;15.8
23/09/2014;24.3;8.0
24/09/2014;21.4;5.6
25/09/2014;24.2;10.7
26/09/2014;24.9;7.6
27/09/2014;28.0;8.5
28/09/2014;27.5;8.6
29/09/2014;26.7;8.4
30/09/2014;25.2;9.9
01/10/2014;21.5;14.7
02/10/2014;23.8;14.8
03/10/2014;25.0;10.4
04/10/2014;24.0;8.6
05/10/2014;24.0;7.6
06/10/2014;23.1;8.6
07/10/2014;24.4;7.2
08/10/2014;26.6;11.5
09/10/2014;26.9;12.3
10/10/2014;28.3;15.9
11/10/2014;27.4;15.3
12/10/2014;25.5;12.7
13/10/2014;25.3;16.6
14/10/2014;23.9;14.9
15/10/2014;23.2;15.7
16/10/2014;22.5;15.9
17/10/2014;25.6;16.6
18/10/2014;25.3;14.1
19/10/2014;25.9;13.5
20/10/2014;22.2;14.8
21/10/2014;23.3;16.0
22/10/2014;19.7;4.3
23/10/2014;19.3;1.4
24/10/2014;22.5;5.8
25/10/2014;19.6;4.7
26/10/2014;18.0;5.2
27/10/2014;16.6;3.1
28/10/2014;16.7;4.9
29/10/2014;18.2;2.8
30/10/2014;18.7;2.0
31/10/2014;19.4;0.9
01/11/2014;21.4;2.0
02/11/2014;19.2;1.5
03/11/2014;18.9;4.8
04/11/2014;22.3;6.8
05/11/2014;18.7;14.5
06/11/2014;15.3;12.3
07/11/2014;17.9;11.2
08/11/2014;18.0;10.2
09/11/2014;18.9;8.4
10/11/2014;16.6;12.7
11/11/2014;18.5;11.3
12/11/2014;15.7;12.0
13/11/2014;18.3;12.0
14/11/2014;18.5;9.1
15/11/2014;16.8;9.3
16/11/2014;16.8;8.9
17/11/2014;11.3;6.5
18/11/2014;14.7;8.7
19/11/2014;16.4;4.4
20/11/2014;15.7;1.7
21/11/2014;12.1;3.2
22/11/2014;14.7;10.1
23/11/2014;18.6;7.7
24/11/2014;16.5;5.7
25/11/2014;15.7;9.6
26/11/2014;15.6;11.7
27/11/2014;18.1;9.7
28/11/2014;17.2;8.1
29/11/2014;17.5;6.8
30/11/2014;17.5;11.8
01/12/2014;18.5;7.9
02/12/2014;17.3;6.6
03/12/2014;14.4;9.4
04/12/2014;13.5;7.2
05/12/2014;13.0;7.2
06/12/2014;15.9;7.6
07/12/2014;11.9;3.7
08/12/2014;14.0;1.7
09/12/2014;12.0;0.3
10/12/2014;12.4;0.1
11/12/2014;12.2;-1.9
12/12/2014;12.4;-2.6
13/12/2014;13.9;6.0
14/12/2014;13.1;5.5
15/12/2014;13.6;7.5
16/12/2014;12.6;8.3
17/12/2014;12.5;6.3
18/12/2014;14.5;2.5
19/12/2014;15.9;5.0
20/12/2014;15.7;7.4
21/12/2014;15.3;2.2
22/12/2014;11.6;-0.9
23/12/2014;12.9;9.6
24/12/2014;13.4;10.0
25/12/2014;13.0;6.6
26/12/2014;12.2;-1.3
27/12/2014;7.6;-4.4
28/12/2014;7.6;-1.3
29/12/2014;7.8;-5.0
30/12/2014;5.1;-5.9
31/12/2014;2.8;-5.5
01/01/2015;8.1;-1.6
02/01/2015;12.7;-2.9
03/01/2015;9.2;-1.1
04/01/2015;14.7;-1.1
05/01/2015;13.8;-2.7
06/01/2015;13.1;-3.1
07/01/2015;11.7;-0.5
08/01/2015;13.9;1.6
09/01/2015;13.0;7.8
10/01/2015;13.1;9.5
11/01/2015;14.5;1.3
12/01/2015;14.7;-0.7
13/01/2015;14.7;-1.4
14/01/2015;14.9;3.9
15/01/2015;16.2;2.5
16/01/2015;13.2;1.4
17/01/2015;13.5;5.6
18/01/2015;12.5;0.4
19/01/2015;10.5;-3.0
20/01/2015;12.2;0.1
21/01/2015;12.6;2.8
22/01/2015;11.7;4.1
23/01/2015;11.9;6.3
24/01/2015;13.6;2.8
25/01/2015;10.5;-0.1
26/01/2015;10.0;-2.6
27/01/2015;9.3;-4.6
28/01/2015;10.6;-6.3
29/01/2015;8.4;-5.1
30/01/2015;10.2;-0.6
31/01/2015;7.4;-3.1
01/02/2015;8.7;-0.8
02/02/2015;10.4;-2.2
03/02/2015;7.8;2.1
04/02/2015;10.1;5.9
05/02/2015;7.4;3.9
06/02/2015;6.7;2.0
07/02/2015;8.4;0.1
08/02/2015;9.2;-3.1
09/02/2015;8.3;-4.4
10/02/2015;12.8;-3.6
11/02/2015;17.0;-1.9
12/02/2015;16.4;-2.0
13/02/2015;13.2;-1.2
14/02/2015;14.3;2.3
15/02/2015;11.6;5.0
16/02/2015;13.3;3.6
17/02/2015;15.4;5.7
18/02/2015;12.9;-1.2
19/02/2015;13.5;-2.5
20/02/2015;12.8;-4.0
21/02/2015;11.5;2.8
22/02/2015;12.9;5.7
23/02/2015;15.8;4.6
24/02/2015;11.1;4.9
25/02/2015;11.5;7.1
26/02/2015;13.7;5.9
27/02/2015;15.2;0.2
28/02/2015;15.2;-0.9
01/03/2015;13.0;-0.8
02/03/2015;14.5;7.7
03/03/2015;18.3;6.0
04/03/2015;12.7;5.6
05/03/2015;10.0;5.5
06/03/2015;10.4;6.1
07/03/2015;13.5;-1.0
08/03/2015;12.9;1.2
09/03/2015;14.0;1.4
10/03/2015;16.0;-2.1
11/03/2015;14.5;1.4
12/03/2015;14.7;0.4
13/03/2015;15.2;-2.2
14/03/2015;13.6;-0.7
15/03/2015;14.0;0.8
16/03/2015;10.9;7.3
17/03/2015;15.7;9.1
18/03/2015;17.9;3.5
19/03/2015;19.6;1.1
20/03/2015;20.1;1.4
21/03/2015;16.3;3.0
22/03/2015;17.1;6.1
23/03/2015;18.7;6.2
24/03/2015;16.7;6.5
25/03/2015;14.1;7.2
26/03/2015;16.5;8.5
27/03/2015;15.2;4.5
28/03/2015;20.3;2.8
29/03/2015;19.8;1.1
30/03/2015;15.7;6.2
31/03/2015;20.7;5.8
01/04/2015;21.0;6.1
02/04/2015;20.0;1.1
03/04/2015;19.8;1.7
04/04/2015;14.6;6.5
05/04/2015;11.7;6.4
06/04/2015;13.3;0.1
07/04/2015;14.2;-2.0
08/04/2015;17.3;-2.6
09/04/2015;21.6;0.9
10/04/2015;21.1;5.7
11/04/2015;18.3;4.0
12/04/2015;24.2;3.7
13/04/2015;23.1;5.4
14/04/2015;21.2;7.2
15/04/2015;24.0;6.8
16/04/2015;23.9;5.3
17/04/2015;20.4;9.4
18/04/2015;19.5;9.9
19/04/2015;17.9;9.5
20/04/2015;22.9;1.1
21/04/2015;24.2;2.8
22/04/2015;25.1;5.0
23/04/2015;22.6;5.5
24/04/2015;21.9;6.2
25/04/2015;21.3;5.9
26/04/2015;20.3;11.1
27/04/2015;18.7;10.4
28/04/2015;17.2;8.5
29/04/2015;23.3;10.9
30/04/2015;18.8;8.7
01/05/2015;20.7;8.3
02/05/2015;21.3;12.3
03/05/2015;23.7;13.1
04/05/2015;28.4;12.5
05/05/2015;30.4;11.0
06/05/2015;24.7;11.4
07/05/2015;25.3;9.0
08/05/2015;24.6;7.8
09/05/2015;26.6;10.1
10/05/2015;29.2;11.5
11/05/2015;28.2;9.4
12/05/2015;29.1;10.1
13/05/2015;25.3;10.8
14/05/2015;25.9;11.3
15/05/2015;22.6;12.5
16/05/2015;23.1;8.1
17/05/2015;28.3;11.6
18/05/2015;31.1;10.2
19/05/2015;25.4;13.0
20/05/2015;23.4;12.2
21/05/2015;19.3;10.5
22/05/2015;14.3;9.5
23/05/2015;16.8;10.9
24/05/2015;21.2;10.4
25/05/2015;23.5;7.6
26/05/2015;22.4;9.6
27/05/2015;22.1;9.1
28/05/2015;24.5;8.1
29/05/2015;25.6;7.5
30/05/2015;25.2;10.0
31/05/2015;26.3;9.3
01/06/2015;28.6;9.3
02/06/2015;28.9;10.8
03/06/2015;30.8;11.4
04/06/2015;33.8;14.9
05/06/2015;33.9;14.3
06/06/2015;35.2;14.4
07/06/2015;34.1;15.5
08/06/2015;33.1;15.4
09/06/2015;28.3;14.9
10/06/2015;33.4;13.9
11/06/2015;32.5;14.3
12/06/2015;29.6;15.2
13/06/2015;31.6;14.6
14/06/2015;25.5;13.9
15/06/2015;26.0;16.6
16/06/2015;26.8;15.4
17/06/2015;24.9;13.9
18/06/2015;27.7;12.4
19/06/2015;27.6;13.9
20/06/2015;28.0;13.3
21/06/2015;28.3;11.4
22/06/2015;29.4;11.1
23/06/2015;30.2;15.7
24/06/2015;27.0;11.3
25/06/2015;29.9;7.9
26/06/2015;31.3;11.9
27/06/2015;30.4;12.5
28/06/2015;33.2;14.0
29/06/2015;32.3;14.8
30/06/2015;34.0;17.2
01/07/2015;35.8;16.3
02/07/2015;34.9;17.5
03/07/2015;36.9;18.5
04/07/2015;36.8;18.1
05/07/2015;36.5;19.2
06/07/2015;35.7;19.7
07/07/2015;36.5;17.9
08/07/2015;34.2;20.5
09/07/2015;32.7;19.5
10/07/2015;32.4;17.9
11/07/2015;33.7;14.4
12/07/2015;35.2;17.2
13/07/2015;32.7;18.8
14/07/2015;36.2;16.6
15/07/2015;37.6;17.6
16/07/2015;37.3;17.9
17/07/2015;37.2;17.6
18/07/2015;36.2;19.1
19/07/2015;35.7;16.6
20/07/2015;36.1;17.5
21/07/2015;38.2;18.4
22/07/2015;37.5;19.7
23/07/2015;36.5;16.9
24/07/2015;36.5;19.3
25/07/2015;29.8;19.3
26/07/2015;33.8;17.6
27/07/2015;31.4;19.2
28/07/2015;30.3;17.6
29/07/2015;31.1;17.1
30/07/2015;33.5;19.3
31/07/2015;33.0;18.8
01/08/2015;32.8;17.1
02/08/2015;31.4;17.3
03/08/2015;35.2;16.6
04/08/2015;34.7;17.9
05/08/2015;36.7;18.7
06/08/2015;37.3;17.7
07/08/2015;37.6;17.7
08/08/2015;37.9;18.9
09/08/2015;36.8;20.0
10/08/2015;26.4;18.4
11/08/2015;32.9;17.7
12/08/2015;35.8;16.5
13/08/2015;37.8;16.0
14/08/2015;32.9;16.6
15/08/2015;29.0;18.9
16/08/2015;27.2;16.3
17/08/2015;28.0;14.7
18/08/2015;29.6;15.3
19/08/2015;27.5;14.4
20/08/2015;29.8;12.1
21/08/2015;29.9;14.0
22/08/2015;30.9;13.0
23/08/2015;31.0;13.0
24/08/2015;24.2;17.9
25/08/2015;28.2;15.6
26/08/2015;31.3;12.6
27/08/2015;32.3;14.3
28/08/2015;32.5;15.0
29/08/2015;35.3;15.0
30/08/2015;33.6;16.6
31/08/2015;33.6;14.5
01/09/2015;31.6;13.7
02/09/2015;30.1;15.3
03/09/2015;28.9;14.0
04/09/2015;28.2;17.3
05/09/2015;26.8;14.7
06/09/2015;27.8;12.2
07/09/2015;27.7;10.4
08/09/2015;27.2;9.1
09/09/2015;26.1;7.2
10/09/2015;26.3;8.6
11/09/2015;27.9;8.9
12/09/2015;28.4;10.2
13/09/2015;21.6;11.6
14/09/2015;27.7;17.2
15/09/2015;27.9;16.4
16/09/2015;30.5;16.2
17/09/2015;32.5;17.5
18/09/2015;27.5;14.4
19/09/2015;25.2;11.4
20/09/2015;26.3;9.7
21/09/2015;27.3;9.7
22/09/2015;24.1;11.5
23/09/2015;21.1;11.2
24/09/2015;19.2;8.9
25/09/2015;23.9;11.3
26/09/2015;24.6;9.9
27/09/2015;23.8;10.5
28/09/2015;20.5;9.9
29/09/2015;20.4;11.1
30/09/2015;20.5;8.8
01/10/2015;15.3;12.9
02/10/2015;25.3;12.9
03/10/2015;23.7;11.5
04/10/2015;22.7;12.3
05/10/2015;25.1;16.6
06/10/2015;24.2;16.5
07/10/2015;23.4;14.6
08/10/2015;24.0;11.5
09/10/2015;22.9;8.6
10/10/2015;17.4;13.3
11/10/2015;21.5;10.3
12/10/2015;20.1;8.9
13/10/2015;19.7;14.4
14/10/2015;20.1;15.3
15/10/2015;15.5;9.0
16/10/2015;17.5;8.5
17/10/2015;17.6;7.9
18/10/2015;18.1;7.0
19/10/2015;20.2;7.3
20/10/2015;19.1;4.0
21/10/2015;17.0;3.9
22/10/2015;16.4;5.3
23/10/2015;19.7;5.0
24/10/2015;22.6;5.0
25/10/2015;19.7;4.6
26/10/2015;20.6;6.1
27/10/2015;17.4;5.0
28/10/2015;17.4;12.9
29/10/2015;17.5;8.0
30/10/2015;20.5;8.6
31/10/2015;18.2;12.1
01/11/2015;18.0;5.9
02/11/2015;18.7;3.9
03/11/2015;19.7;3.4
04/11/2015;21.0;11.2
05/11/2015;20.8;10.8
06/11/2015;19.4;9.1
07/11/2015;20.9;7.9
08/11/2015;19.2;7.5
09/11/2015;18.8;11.6
10/11/2015;18.8;9.5
11/11/2015;17.0;11.9
12/11/2015;18.7;5.4
13/11/2015;16.0;4.9
14/11/2015;18.5;10.2
15/11/2015;17.0;9.8
16/11/2015;16.8;7.9
17/11/2015;16.6;10.3
18/11/2015;16.8;9.5
19/11/2015;17.6;7.5
20/11/2015;18.9;12.3
21/11/2015;17.9;6.2
22/11/2015;11.7;0.3
23/11/2015;9.3;0.3
24/11/2015;11.6;-0.8
25/11/2015;10.0;-3.0
26/11/2015;10.0;0.8
27/11/2015;11.7;0.6
28/11/2015;10.9;-2.2
29/11/2015;14.6;0.7
30/11/2015;13.3;2.9
01/12/2015;15.6;9.3
02/12/2015;16.1;8.0
03/12/2015;13.0;3.4
04/12/2015;10.8;1.1
05/12/2015;14.7;3.6
06/12/2015;12.6;0.0
07/12/2015;12.5;0.2
08/12/2015;13.5;4.6
09/12/2015;14.3;2.3
10/12/2015;15.3;0.0
11/12/2015;14.4;-2.6
12/12/2015;12.9;8.0
13/12/2015;14.6;7.9
14/12/2015;13.7;1.1
15/12/2015;10.1;-0.2
16/12/2015;13.7;2.4
17/12/2015;14.6;-0.2
18/12/2015;10.7;1.0
19/12/2015;15.1;3.6
20/12/2015;12.3;2.4
21/12/2015;12.1;0.2
22/12/2015;11.4;7.6
23/12/2015;15.4;4.7
24/12/2015;14.4;5.1
25/12/2015;14.7;3.1
26/12/2015;13.1;0.1
27/12/2015;10.7;-1.6
28/12/2015;6.6;0.2
29/12/2015;13.6;3.6
30/12/2015;12.6;-0.3
31/12/2015;9.6;-2.2
01/01/2016;11.0;-2.1
02/01/2016;10.1;4.6
03/01/2016;10.8;2.5
04/01/2016;11.0;3.0
05/01/2016;12.6;4.4
06/01/2016;8.9;2.7
07/01/2016;8.9;-0.3
08/01/2016;10.8;6.0
09/01/2016;15.7;4.9
10/01/2016;17.4;8.7
11/01/2016;15.7;9.4
12/01/2016;13.8;8.5
13/01/2016;14.1;2.2
14/01/2016;8.0;1.8
15/01/2016;12.0;-1.4
16/01/2016;9.1;-2.5
17/01/2016;8.8;-4.8
18/01/2016;7.5;-7.3
19/01/2016;8.6;-7.7
20/01/2016;4.6;-7.0
21/01/2016;11.1;-2.7
22/01/2016;10.4;-4.1
23/01/2016;7.1;-4.0
24/01/2016;12.4;-5.0
25/01/2016;13.5;3.4
26/01/2016;13.7;7.2
27/01/2016;13.0;9.9
28/01/2016;13.7;5.3
29/01/2016;15.9;4.9
30/01/2016;15.1;9.2
31/01/2016;13.1;9.8
01/02/2016;17.9;6.1
02/02/2016;15.6;4.0
03/02/2016;14.6;6.0
04/02/2016;13.2;0.6
05/02/2016;14.2;-2.2
06/02/2016;13.7;-1.6
07/02/2016;14.3;7.9
08/02/2016;15.8;10.4
09/02/2016;15.8;8.4
10/02/2016;12.6;3.5
11/02/2016;13.6;0.2
12/02/2016;12.1;6.0
13/02/2016;14.2;4.0
14/02/2016;15.1;7.6
15/02/2016;10.1;4.4
16/02/2016;13.2;6.7
17/02/2016;9.4;5.3
18/02/2016;12.7;1.3
19/02/2016;13.3;4.5
20/02/2016;13.6;0.3
21/02/2016;13.5;4.3
22/02/2016;16.7;4.4
23/02/2016;15.7;8.7
24/02/2016;16.9;8.8
25/02/2016;14.3;6.5
26/02/2016;13.5;6.4
27/02/2016;13.6;6.2
28/02/2016;13.2;8.6
29/02/2016;12.3;4.1
01/03/2016;15.9;2.1
02/03/2016;16.2;2.1
03/03/2016;12.2;2.9
04/03/2016;13.8;0.3
05/03/2016;15.6;4.4
06/03/2016;13.1;3.7
07/03/2016;12.1;1.4
08/03/2016;8.4;1.7
09/03/2016;11.9;0.4
10/03/2016;14.9;4.9
11/03/2016;14.1;8.0
12/03/2016;15.8;8.5
13/03/2016;13.8;9.1
14/03/2016;14.6;3.4
15/03/2016;15.5;0.7
16/03/2016;13.7;3.1
17/03/2016;15.2;3.5
18/03/2016;19.0;1.5
19/03/2016;17.6;1.2
20/03/2016;16.9;4.2
21/03/2016;16.4;6.3
22/03/2016;19.3;4.7
23/03/2016;14.2;2.0
24/03/2016;17.5;3.4
25/03/2016;17.0;0.0
26/03/2016;19.2;1.7
27/03/2016;17.0;2.3
28/03/2016;16.8;9.6
29/03/2016;19.6;7.5
30/03/2016;21.1;6.7
31/03/2016;22.8;6.1
01/04/2016;21.6;8.7
02/04/2016;24.8;7.5
03/04/2016;24.0;7.2
04/04/2016;25.3;8.6
05/04/2016;25.6;7.2
06/04/2016;27.1;6.7
07/04/2016;25.7;6.2
08/04/2016;16.7;8.8
09/04/2016;14.9;5.9
10/04/2016;20.1;5.1
11/04/2016;22.2;4.3
12/04/2016;23.6;4.8
13/04/2016;22.5;8.5
14/04/2016;20.9;7.4
15/04/2016;23.1;6.7
16/04/2016;24.6;4.2
17/04/2016;23.2;8.6
18/04/2016;22.9;7.5
19/04/2016;22.3;7.1
20/04/2016;24.9;5.1
21/04/2016;24.3;4.4
22/04/2016;20.6;9.3
23/04/2016;14.4;10.8
24/04/2016;16.6;8.7
25/04/2016;15.8;5.0
26/04/2016;15.5;2.5
27/04/2016;17.7;7.6
28/04/2016;15.9;7.2
29/04/2016;22.8;5.3
30/04/2016;23.1;5.3
01/05/2016;19.4;9.7
02/05/2016;17.2;10.3
03/05/2016;23.0;7.4
04/05/2016;24.6;8.5
05/05/2016;21.9;6.8
06/05/2016;24.7;6.6
07/05/2016;24.0;6.3
08/05/2016;22.1;11.7
09/05/2016;25.8;12.5
10/05/2016;25.8;12.2
11/05/2016;19.8;13.5
12/05/2016;19.3;13.0
13/05/2016;20.9;13.6
14/05/2016;23.0;13.0
15/05/2016;22.5;11.8
16/05/2016;21.7;10.5
17/05/2016;22.8;9.4
18/05/2016;22.9;6.9
19/05/2016;21.5;9.9
20/05/2016;23.4;9.9
21/05/2016;26.3;8.3
22/05/2016;28.1;8.4
23/05/2016;19.0;9.9
24/05/2016;20.8;9.2
25/05/2016;23.1;7.5
26/05/2016;27.7;8.1
27/05/2016;31.0;10.9
28/05/2016;30.5;10.1
29/05/2016;22.9;13.5
30/05/2016;22.6;11.8
31/05/2016;22.9;10.1
01/06/2016;22.2;11.2
02/06/2016;20.2;13.0
03/06/2016;21.6;13.0
04/06/2016;22.7;14.7
05/06/2016;25.2;13.4
06/06/2016;26.0;11.1
07/06/2016;28.3;13.2
08/06/2016;27.7;15.1
09/06/2016;23.5;15.3
10/06/2016;27.1;14.8
11/06/2016;26.8;14.6
12/06/2016;24.6;16.1
13/06/2016;26.2;16.2
14/06/2016;24.4;12.9
15/06/2016;25.1;12.4
16/06/2016;31.0;13.0
17/06/2016;25.0;12.7
18/06/2016;25.0;10.3
19/06/2016;23.9;13.5
20/06/2016;25.0;12.0
21/06/2016;29.3;12.1
22/06/2016;32.3;12.9
23/06/2016;34.2;15.2
24/06/2016;36.0;16.9
25/06/2016;31.6;17.9
26/06/2016;32.4;15.7
27/06/2016;28.5;14.1
28/06/2016;31.8;14.9
29/06/2016;33.1;14.4
30/06/2016;31.4;16.2
01/07/2016;33.6;15.3
02/07/2016;31.1;16.1
03/07/2016;31.4;15.6
04/07/2016;33.2;13.4
05/07/2016;35.3;16.6
06/07/2016;33.7;19.1
07/07/2016;36.4;17.3
08/07/2016;33.5;16.4
09/07/2016;33.0;17.0
10/07/2016;36.0;16.9
11/07/2016;35.8;15.4
12/07/2016;34.9;18.2
13/07/2016;31.7;18.3
14/07/2016;27.4;15.4
15/07/2016;24.6;14.0
16/07/2016;28.7;10.2
17/07/2016;29.1;10.2
18/07/2016;31.2;13.4
19/07/2016;33.9;13.6
20/07/2016;33.9;15.9
21/07/2016;33.1;15.3
22/07/2016;35.6;13.0
23/07/2016;33.7;17.2
24/07/2016;33.5;19.1
25/07/2016;33.5;17.8
26/07/2016;33.9;17.9
27/07/2016;34.6;18.5
28/07/2016;34.2;17.6
29/07/2016;33.6;16.5
30/07/2016;32.2;16.6
31/07/2016;34.0;17.4
01/08/2016;32.9;17.8
02/08/2016;33.2;16.6
03/08/2016;35.3;18.2
04/08/2016;34.4;18.0
05/08/2016;28.1;17.6
06/08/2016;28.9;14.7
07/08/2016;30.4;15.7
08/08/2016;32.8;14.3
09/08/2016;33.4;12.4
10/08/2016;30.6;14.1
11/08/2016;27.3;13.0
12/08/2016;28.6;10.0
13/08/2016;32.3;10.3
14/08/2016;35.1;12.0
15/08/2016;33.5;14.9
16/08/2016;31.6;14.3
17/08/2016;29.3;16.1
18/08/2016;29.0;18.0
19/08/2016;30.2;18.9
20/08/2016;33.1;17.1
21/08/2016;31.5;17.5
22/08/2016;29.9;14.3
23/08/2016;30.7;10.8
24/08/2016;32.5;14.6
25/08/2016;32.8;14.1
26/08/2016;33.9;13.9
27/08/2016;34.4;13.7
28/08/2016;32.3;13.5
29/08/2016;31.3;17.3
30/08/2016;31.5;17.3
31/08/2016;30.1;16.5
01/09/2016;32.5;14.0
02/09/2016;34.3;14.7
03/09/2016;32.7;15.8
04/09/2016;31.5;17.6
05/09/2016;31.8;16.8
06/09/2016;30.2;12.8
07/09/2016;25.9;13.9
08/09/2016;29.7;15.8
09/09/2016;30.8;14.3
10/09/2016;30.6;14.6
11/09/2016;30.9;14.9
12/09/2016;32.0;14.4
13/09/2016;33.3;14.6
14/09/2016;31.8;13.3
15/09/2016;26.9;16.1
16/09/2016;22.2;17.1
17/09/2016;23.8;15.2
18/09/2016;22.2;13.6
19/09/2016;25.0;11.9
20/09/2016;25.4;12.0
21/09/2016;26.6;12.6
22/09/2016;25.3;11.3
23/09/2016;25.9;9.5
24/09/2016;26.9;11.9
25/09/2016;26.7;8.8
26/09/2016;27.3;8.7
27/09/2016;27.6;7.3
28/09/2016;26.6;8.2
29/09/2016;25.6;8.5
30/09/2016;23.8;11.0
01/10/2016;26.5;10.4
02/10/2016;23.8;15.2
03/10/2016;25.0;11.2
04/10/2016;24.5;7.2
05/10/2016;22.8;6.5
06/10/2016;19.4;10.2
07/10/2016;19.8;8.5
08/10/2016;15.4;7.4
09/10/2016;19.2;8.5
10/10/2016;17.2;6.2
11/10/2016;12.6;5.6
12/10/2016;17.7;2.8
13/10/2016;14.1;5.3
14/10/2016;21.3;11.7
15/10/2016;22.2;11.6
16/10/2016;20.8;10.8
17/10/2016;21.1;9.5
18/10/2016;20.6;12.2
19/10/2016;21.5;11.5
20/10/2016;16.7;10.4
21/10/2016;18.0;6.6
22/10/2016;19.5;4.0
23/10/2016;18.9;7.7
24/10/2016;22.8;12.3
25/10/2016;23.9;14.5
26/10/2016;22.8;14.0
27/10/2016;19.6;10.0
28/10/2016;18.6;6.6
29/10/2016;21.4;3.4
30/10/2016;23.3;4.6
31/10/2016;20.9;4.1
01/11/2016;19.2;4.0
02/11/2016;20.9;13.1
03/11/2016;19.7;7.1
04/11/2016;17.9;5.5
05/11/2016;18.0;11.3
06/11/2016;18.8;11.2
07/11/2016;15.7;7.9
08/11/2016;13.8;2.2
09/11/2016;13.4;0.6
10/11/2016;13.4;5.7
11/11/2016;13.5;3.4
12/11/2016;13.4;1.2
13/11/2016;11.7;-1.0
14/11/2016;13.4;1.8
15/11/2016;12.2;-0.3
16/11/2016;13.9;-2.3
17/11/2016;13.7;4.3
18/11/2016;16.5;7.5
19/11/2016;15.5;10.0
20/11/2016;18.4;8.8
21/11/2016;18.7;8.5
22/11/2016;19.4;7.3
23/11/2016;19.1;7.7
24/11/2016;13.7;6.5
25/11/2016;16.6;8.0
26/11/2016;15.2;4.6
27/11/2016;12.4;3.9
28/11/2016;14.4;3.5
29/11/2016;7.5;-0.8
30/11/2016;11.7;-3.6
01/12/2016;9.8;-4.3
02/12/2016;11.9;6.1
03/12/2016;13.2;3.4
04/12/2016;15.0;4.0
05/12/2016;13.5;2.0
06/12/2016;15.8;0.1
07/12/2016;15.7;-0.3
08/12/2016;14.3;-3.0
09/12/2016;12.2;-2.7
10/12/2016;14.1;1.0
11/12/2016;13.4;7.3
12/12/2016;15.7;0.8
13/12/2016;14.2;-2.9
14/12/2016;9.7;0.1
15/12/2016;14.0;0.2
16/12/2016;11.5;-2.2
17/12/2016;10.1;-2.4
18/12/2016;9.6;-5.5
19/12/2016;9.6;-3.4
20/12/2016;11.4;7.9
21/12/2016;15.8;2.5
22/12/2016;14.8;-1.3
23/12/2016;13.5;-2.6
24/12/2016;13.1;-2.9
25/12/2016;12.8;1.6
26/12/2016;9.6;0.5
27/12/2016;12.7;-0.9
28/12/2016;13.5;-2.6
29/12/2016;10.1;-2.8
30/12/2016;10.4;-4.1
31/12/2016;11.3;-4.1
01/01/2017;10.6;-6.9
02/01/2017;9.7;2.7
03/01/2017;10.0;-1.4
04/01/2017;9.3;-4.4
05/01/2017;9.8;-3.0
06/01/2017;4.3;-7.3
07/01/2017;3.6;-8.8
08/01/2017;4.7;-6.1
09/01/2017;8.2;-8.1
10/01/2017;6.8;-7.5
11/01/2017;5.9;-3.9
12/01/2017;5.2;-0.1
13/01/2017;13.2;-4.7
14/01/2017;9.1;-7.8
15/01/2017;7.6;-3.7
16/01/2017;5.0;1.6
17/01/2017;3.7;1.6
18/01/2017;4.9;2.8
19/01/2017;7.4;3.1
20/01/2017;9.1;-2.0
21/01/2017;9.6;-2.6
22/01/2017;11.9;-1.5
23/01/2017;12.5;-1.4
24/01/2017;14.3;0.6
25/01/2017;12.6;-2.0
26/01/2017;12.2;-5.1
27/01/2017;12.9;-4.0
28/01/2017;13.8;-3.4
29/01/2017;14.5;-3.6
30/01/2017;10.4;-2.7
31/01/2017;12.2;5.8
01/02/2017;13.7;8.1
02/02/2017;14.2;7.5
03/02/2017;16.6;4.2
04/02/2017;13.4;6.0
05/02/2017;13.3;8.2
06/02/2017;10.4;6.8
07/02/2017;13.8;2.2
08/02/2017;12.3;1.6
09/02/2017;10.0;5.8
10/02/2017;10.9;0.2
11/02/2017;14.6;-1.5
12/02/2017;16.6;1.9
13/02/2017;16.3;1.6
14/02/2017;15.6;0.1
15/02/2017;15.2;-2.5
16/02/2017;14.6;-2.4
17/02/2017;13.4;8.2
18/02/2017;15.3;-0.1
19/02/2017;13.8;-2.4
20/02/2017;13.6;-0.7
21/02/2017;13.6;-0.8
22/02/2017;14.0;-0.2
23/02/2017;15.1;6.0
24/02/2017;12.6;5.0
25/02/2017;13.0;6.5
26/02/2017;15.7;-0.4
27/02/2017;15.0;-1.7
28/02/2017;16.7;4.1
01/03/2017;15.4;6.7
02/03/2017;15.0;7.9
03/03/2017;16.7;5.8
04/03/2017;14.4;6.0
05/03/2017;12.3;6.8
06/03/2017;14.0;7.9
07/03/2017;16.6;2.3
08/03/2017;17.0;-0.4
09/03/2017;18.5;-0.6
10/03/2017;21.3;0.3
11/03/2017;18.2;-1.5
12/03/2017;17.2;-0.2
13/03/2017;17.7;-1.3
14/03/2017;20.9;0.5
15/03/2017;21.5;0.0
16/03/2017;21.1;0.8
17/03/2017;19.1;2.6
18/03/2017;18.9;5.0
19/03/2017;19.1;6.6
20/03/2017;19.2;8.1
21/03/2017;18.2;7.3
22/03/2017;17.9;10.6
23/03/2017;18.5;8.3
24/03/2017;23.6;7.1
25/03/2017;24.5;6.7
26/03/2017;15.7;4.9
27/03/2017;16.5;3.8
28/03/2017;21.0;-1.2
29/03/2017;23.7;1.2
30/03/2017;26.1;3.5
31/03/2017;23.7;3.8
01/04/2017;22.6;2.9
02/04/2017;19.1;7.7
03/04/2017;24.3;7.0
04/04/2017;23.4;5.7
05/04/2017;21.6;7.2
06/04/2017;19.1;4.7
07/04/2017;21.6;2.6
08/04/2017;23.0;4.5
09/04/2017;23.7;4.7
10/04/2017;23.5;9.3
11/04/2017;22.2;8.1
12/04/2017;25.0;6.5
13/04/2017;21.6;8.8
14/04/2017;23.5;5.7
15/04/2017;19.3;11.5
16/04/2017;22.6;8.5
17/04/2017;22.2;7.1
18/04/2017;20.1;3.9
19/04/2017;16.4;-0.1
20/04/2017;16.9;-1.5
21/04/2017;17.5;-1.9
22/04/2017;17.1;0.3
23/04/2017;20.0;5.9
24/04/2017;21.3;3.1
25/04/2017;20.2;7.2
26/04/2017;21.6;12.1
27/04/2017;20.9;10.8
28/04/2017;16.1;5.3
29/04/2017;19.2;1.8
30/04/2017;21.4;1.5
01/05/2017;19.6;4.6
02/05/2017;19.6;6.0
03/05/2017;20.3;9.9
04/05/2017;20.4;11.3
05/05/2017;22.8;9.7
06/05/2017;17.8;9.9
07/05/2017;19.1;8.4
08/05/2017;20.2;7.5
09/05/2017;20.4;8.3
10/05/2017;23.7;5.6
11/05/2017;24.5;8.9
12/05/2017;24.1;11.7
13/05/2017;23.5;11.2
14/05/2017;23.4;10.0
15/05/2017;26.3;11.4
16/05/2017;26.9;11.5
17/05/2017;28.4;8.9
18/05/2017;28.6;8.7
19/05/2017;25.3;10.7
20/05/2017;22.8;12.1
21/05/2017;26.8;11.6
22/05/2017;28.7;9.1
23/05/2017;27.1;10.1
24/05/2017;27.6;10.5
25/05/2017;28.4;12.1
26/05/2017;28.9;10.9
27/05/2017;30.7;9.5
28/05/2017;31.6;9.5
29/05/2017;32.5;11.3
30/05/2017;29.9;13.1
31/05/2017;29.7;11.9
01/06/2017;29.6;11.0
02/06/2017;29.7;10.9
03/06/2017;30.7;13.3
04/06/2017;28.7;12.8
05/06/2017;30.1;12.8
06/06/2017;25.5;14.9
07/06/2017;25.4;11.5
08/06/2017;29.4;10.0
09/06/2017;31.2;11.2
10/06/2017;31.3;13.5
11/06/2017;33.8;12.7
12/06/2017;33.8;14.3
13/06/2017;33.1;14.5
14/06/2017;32.9;16.7
15/06/2017;33.7;16.5
16/06/2017;34.2;18.8
17/06/2017;34.6;18.3
18/06/2017;30.3;14.4
19/06/2017;34.1;11.7
20/06/2017;32.9;14.2
21/06/2017;32.5;14.8
22/06/2017;33.5;15.5
23/06/2017;32.1;18.5
24/06/2017;32.3;18.3
25/06/2017;31.0;18.7
26/06/2017;35.3;16.9
27/06/2017;35.7;19.1
28/06/2017;30.3;15.4
29/06/2017;28.1;17.5
30/06/2017;23.2;14.4
01/07/2017;25.2;13.1
02/07/2017;28.9;11.3
03/07/2017;31.6;14.6
04/07/2017;32.9;13.6
05/07/2017;33.7;13.4
06/07/2017;34.5;11.9
07/07/2017;34.7;12.0
08/07/2017;35.6;13.9
09/07/2017;37.3;16.4
10/07/2017;31.7;15.7
11/07/2017;34.0;17.4
12/07/2017;33.4;18.1
13/07/2017;34.4;18.7
14/07/2017;31.8;20.0
15/07/2017;32.2;16.2
16/07/2017;29.2;13.5
17/07/2017;31.8;11.2
18/07/2017;35.4;11.6
19/07/2017;33.3;13.1
20/07/2017;34.2;15.3
21/07/2017;35.4;15.4
22/07/2017;34.0;18.1
23/07/2017;33.3;18.1
24/07/2017;30.1;20.7
25/07/2017;29.9;15.1
26/07/2017;29.2;13.3
27/07/2017;31.4;16.3
28/07/2017;32.6;16.3
29/07/2017;33.6;15.9
30/07/2017;35.1;18.2
31/07/2017;38.6;17.9
01/08/2017;41.3;18.3
02/08/2017;39.7;17.5
03/08/2017;39.0;17.8
04/08/2017;39.0;16.7
05/08/2017;39.2;16.3
06/08/2017;35.6;17.9
07/08/2017;36.4;18.7
08/08/2017;37.4;18.1
09/08/2017;37.7;17.3
10/08/2017;31.7;17.9
11/08/2017;26.0;15.7
12/08/2017;27.6;14.7
13/08/2017;32.3;13.5
14/08/2017;34.6;12.6
15/08/2017;34.7;14.7
16/08/2017;34.8;14.1
17/08/2017;37.1;15.9
18/08/2017;37.8;17.3
19/08/2017;33.4;17.1
20/08/2017;30.3;15.5
21/08/2017;29.7;13.0
22/08/2017;31.5;11.6
23/08/2017;32.1;12.4
24/08/2017;33.5;13.4
25/08/2017;33.9;14.1
26/08/2017;35.4;15.4
27/08/2017;35.3;14.6
28/08/2017;35.8;16.0
29/08/2017;35.3;17.5
30/08/2017;35.7;16.3
31/08/2017;35.0;16.6
01/09/2017;29.9;17.7
02/09/2017;26.6;12.9
03/09/2017;24.8;11.1
04/09/2017;28.4;8.9
05/09/2017;28.5;12.6
06/09/2017;25.3;14.8
07/09/2017;29.9;14.8
08/09/2017;28.6;16.6
09/09/2017;25.0;15.3
10/09/2017;21.0;16.2
11/09/2017;24.8;16.2
12/09/2017;24.4;13.8
13/09/2017;25.4;11.1
14/09/2017;27.0;14.5
15/09/2017;25.4;16.1
16/09/2017;21.3;14.8
17/09/2017;22.3;12.1
18/09/2017;20.1;14.1
19/09/2017;18.5;10.3
20/09/2017;22.6;8.8
21/09/2017;22.9;6.5
22/09/2017;23.4;7.8
23/09/2017;23.8;8.9
24/09/2017;20.7;11.5
25/09/2017;22.3;9.6
26/09/2017;23.0;9.0
27/09/2017;24.1;9.4
28/09/2017;24.0;10.0
29/09/2017;24.2;10.2
30/09/2017;24.5;9.8
01/10/2017;18.5;12.3
02/10/2017;23.8;12.0
03/10/2017;23.3;9.3
04/10/2017;26.0;12.4
05/10/2017;24.3;10.3
06/10/2017;24.3;9.2
07/10/2017;21.8;5.5
08/10/2017;21.0;6.5
09/10/2017;23.2;5.8
10/10/2017;23.0;8.3
11/10/2017;23.4;6.6
12/10/2017;20.9;9.5
13/10/2017;22.9;10.0
14/10/2017;21.7;9.4
15/10/2017;22.9;8.6
16/10/2017;24.9;5.5
17/10/2017;23.8;5.0
18/10/2017;22.9;4.7
19/10/2017;23.2;6.2
20/10/2017;23.2;4.4
21/10/2017;23.4;10.5
22/10/2017;21.4;9.2
23/10/2017;19.4;4.0
24/10/2017;21.9;1.0
25/10/2017;22.9;1.7
26/10/2017;23.2;2.7
27/10/2017;17.1;8.0
28/10/2017;19.9;4.6
29/10/2017;18.2;5.5
30/10/2017;20.6;5.9
31/10/2017;19.3;2.4
01/11/2017;19.1;0.3
02/11/2017;15.4;1.1
03/11/2017;16.0;11.0
04/11/2017;18.0;7.8
05/11/2017;17.2;6.7
06/11/2017;14.3;7.8
07/11/2017;11.0;4.7
08/11/2017;15.8;1.6
09/11/2017;13.9;7.2
10/11/2017;16.9;4.7
11/11/2017;15.9;1.5
12/11/2017;15.8;3.4
13/11/2017;13.0;4.8
14/11/2017;11.3;6.1
15/11/2017;12.2;7.6
16/11/2017;14.5;3.7
17/11/2017;15.6;3.0
18/11/2017;15.1;0.7
19/11/2017;15.2;-0.2
20/11/2017;13.9;-2.1
21/11/2017;14.3;2.7
22/11/2017;14.9;1.8
23/11/2017;14.9;5.1
24/11/2017;16.8;4.7
25/11/2017;17.3;6.8
26/11/2017;13.8;-0.4
27/11/2017;10.7;-2.8
28/11/2017;4.9;-4.5
29/11/2017;10.0;4.7
30/11/2017;8.6;-1.8
01/12/2017;6.5;-2.3
02/12/2017;8.2;-1.4
03/12/2017;8.7;-2.3
04/12/2017;10.0;-4.3
05/12/2017;11.5;-4.7
06/12/2017;13.0;-2.3
07/12/2017;9.5;1.8
08/12/2017;11.3;7.3
09/12/2017;10.0;-4.3
10/12/2017;13.3;-6.3
11/12/2017;16.0;13.4
12/12/2017;16.0;8.7
13/12/2017;13.4;4.6
14/12/2017;13.5;7.4
15/12/2017;13.0;6.0
16/12/2017;9.0;0.9
17/12/2017;10.2;-2.9
18/12/2017;8.1;-5.2
19/12/2017;8.2;-4.7
20/12/2017;8.4;-2.9
21/12/2017;10.1;-4.8
22/12/2017;11.3;-4.2
23/12/2017;13.3;-3.6
24/12/2017;9.1;-3.5
25/12/2017;12.0;7.2
26/12/2017;13.2;5.8
27/12/2017;11.7;7.1
28/12/2017;7.3;0.7
29/12/2017;9.6;-0.6
30/12/2017;9.3;0.0
31/12/2017;11.3;6.5
01/01/2018;12.4;6.0
02/01/2018;14.4;0.8
03/01/2018;14.4;-0.1
04/01/2018;9.8;2.1
05/01/2018;13.3;
06/01/2018;14.4;6.8
07/01/2018;12.3;4.3
08/01/2018;17.1;5.9
09/01/2018;16.2;5.5
10/01/2018;12.7;4.1
11/01/2018;9.4;5.7
12/01/2018;11.7;
13/01/2018;11.5;1.3
14/01/2018;10.5;-0.9
15/01/2018;11.1;-2.2
16/01/2018;13.6;6.9
17/01/2018;14.9;-0.5
18/01/2018;10.4;-3.7
19/01/2018;13.1;
20/01/2018;12.5;3.9
21/01/2018;14.5;2.1
22/01/2018;9.5;-0.6
23/01/2018;16.4;1.1
24/01/2018;14.0;-1.2
25/01/2018;14.1;1.8
26/01/2018;12.5;3.2
27/01/2018;15.2;3.5
28/01/2018;15.7;0.6
29/01/2018;13.0;4.5
30/01/2018;12.5;8.4
31/01/2018;10.9;7.8
01/02/2018;12.9;8.0
02/02/2018;9.4;5.3
03/02/2018;5.4;-0.1
04/02/2018;8.4;-2.0
05/02/2018;12.0;-1.6
06/02/2018;9.9;0.5
07/02/2018;7.7;1.7
08/02/2018;10.3;1.4
09/02/2018;11.1;-2.0
10/02/2018;10.8;-3.2
11/02/2018;10.7;-2.1
12/02/2018;6.1;1.0
13/02/2018;8.2;-2.7
14/02/2018;9.7;-3.1
15/02/2018;10.7;-5.1
16/02/2018;8.8;-0.6
17/02/2018;9.3;5.6
18/02/2018;9.7;5.4
19/02/2018;8.6;
20/02/2018;8.4;-2.4
21/02/2018;7.9;3.7
22/02/2018;9.3;3.9
23/02/2018;8.1;4.0
24/02/2018;13.4;6.4
25/02/2018;7.2;-0.5
26/02/2018;0.2;
27/02/2018;1.7;-7.8
28/02/2018;4.0;-10.6
01/03/2018;1.1;-2.1
02/03/2018;8.0;0.8
03/03/2018;8.5;3.1
04/03/2018;12.6;1.3
05/03/2018;9.2;
06/03/2018;13.4;4.6
07/03/2018;14.6;7.3
08/03/2018;15.6;3.5
09/03/2018;16.7;2.0
10/03/2018;13.0;3.4
11/03/2018;14.1;8.6
12/03/2018;14.0;8.3
13/03/2018;14.2;
14/03/2018;16.4;4.3
15/03/2018;12.9;1.8
16/03/2018;16.1;7.5
17/03/2018;14.3;5.1
18/03/2018;10.2;5.1
19/03/2018;6.9;3.4
20/03/2018;11.5;-0.4
21/03/2018;8.3;4.4
22/03/2018;9.9;1.3
23/03/2018;12.9;
24/03/2018;14.5;-1.7
25/03/2018;14.6;
26/03/2018;17.7;-0.4
27/03/2018;17.5;2.3
28/03/2018;17.3;
29/03/2018;18.7;9.1
30/03/2018;19.4;9.7
31/03/2018;14.9;6.4
01/04/2018;16.5;7.0
02/04/2018;19.3;4.9
03/04/2018;19.9;5.2
04/04/2018;15.0;8.4
05/04/2018;17.3;8.2
06/04/2018;21.9;5.7
07/04/2018;23.8;4.3
08/04/2018;23.7;5.3
09/04/2018;14.2;9.9
10/04/2018;16.3;7.7
11/04/2018;15.4;8.4
12/04/2018;18.1;7.9
13/04/2018;18.7;7.7
14/04/2018;23.9;4.6
15/04/2018;20.5;9.9
16/04/2018;22.9;7.2
17/04/2018;25.7;8.4
18/04/2018;23.6;8.8
19/04/2018;25.9;7.8
20/04/2018;28.2;7.7
21/04/2018;29.4;7.9
22/04/2018;25.7;7.7
23/04/2018;25.2;8.9
24/04/2018;26.2;7.3
25/04/2018;26.1;8.1
26/04/2018;26.7;8.1
27/04/2018;29.0;8.9
28/04/2018;28.4;10.4
29/04/2018;28.1;11.3
30/04/2018;20.4;9.4
01/05/2018;16.0;
02/05/2018;20.1;11.7
03/05/2018;20.4;10.9
04/05/2018;22.3;14.2
05/05/2018;25.4;11.8
06/05/2018;23.7;12.8
07/05/2018;26.6;12.7
08/05/2018;26.3;
09/05/2018;22.1;12.4
10/05/2018;23.0;12.5
11/05/2018;24.1;11.6
12/05/2018;23.5;11.7
13/05/2018;24.2;10.9
14/05/2018;16.3;7.8
15/05/2018;17.9;6.4
16/05/2018;17.2;8.9
17/05/2018;19.7;7.8
18/05/2018;25.8;6.7
19/05/2018;27.6;8.3
20/05/2018;26.9;9.6
21/05/2018;26.8;10.5
22/05/2018;20.3;12.6
23/05/2018;23.7;11.5
24/05/2018;24.3;12.9
25/05/2018;28.0;14.5
26/05/2018;31.5;12.7
27/05/2018;30.1;15.5
28/05/2018;29.1;15.2
29/05/2018;30.0;16.7
30/05/2018;28.3;15.7
31/05/2018;27.7;14.3
01/06/2018;26.0;
02/06/2018;27.2;12.0
03/06/2018;31.0;11.1
04/06/2018;28.1;14.7
05/06/2018;25.5;15.1
06/06/2018;26.9;16.1
07/06/2018;28.9;14.4
08/06/2018;25.7;
09/06/2018;25.9;14.4
10/06/2018;28.7;14.2
11/06/2018;29.7;13.2
12/06/2018;27.0;15.3
13/06/2018;25.6;15.1
14/06/2018;26.4;14.5
15/06/2018;26.1;
16/06/2018;29.3;12.0
17/06/2018;31.0;13.1
18/06/2018;30.5;16.1
19/06/2018;30.9;14.2
20/06/2018;31.6;13.6
21/06/2018;30.8;15.4
22/06/2018;27.3;16.3
23/06/2018;27.3;12.4
24/06/2018;28.0;9.3
25/06/2018;25.8;11.1
26/06/2018;26.8;12.0
27/06/2018;28.8;10.0
28/06/2018;28.2;11.7
29/06/2018;29.9;14.1
30/06/2018;32.1;16.2
01/07/2018;33.8;13.2
02/07/2018;32.9;13.4
03/07/2018;32.3;17.7
04/07/2018;30.9;18.3
05/07/2018;31.6;16.9
06/07/2018;30.1;18.5
07/07/2018;32.2;16.8
08/07/2018;31.7;
09/07/2018;33.0;15.7
10/07/2018;32.1;14.8
11/07/2018;31.2;18.8
12/07/2018;30.3;16.4
13/07/2018;32.9;15.5
14/07/2018;35.1;14.6
15/07/2018;33.8;
16/07/2018;29.5;16.6
17/07/2018;30.7;15.8
18/07/2018;32.3;16.9
19/07/2018;32.5;15.3
20/07/2018;32.1;17.9
21/07/2018;32.8;16.3
22/07/2018;28.6;
23/07/2018;31.1;17.7
24/07/2018;33.3;14.5
25/07/2018;32.8;16.6
26/07/2018;32.5;18.1
27/07/2018;33.6;17.7
28/07/2018;31.2;18.6
29/07/2018;33.7;19.0
30/07/2018;36.8;19.9
31/07/2018;37.9;18.5
01/08/2018;37.3;19.1
02/08/2018;36.1;19.9
03/08/2018;33.6;19.0
04/08/2018;35.2;19.5
05/08/2018;36.6;17.4
06/08/2018;37.2;17.7
07/08/2018;35.2;19.0
08/08/2018;34.8;17.3
09/08/2018;35.0;17.4
10/08/2018;32.7;20.0
11/08/2018;32.8;17.7
12/08/2018;33.5;15.5
13/08/2018;31.1;16.5
14/08/2018;28.1;17.6
15/08/2018;29.2;16.8
16/08/2018;31.9;14.7
17/08/2018;33.5;13.4
18/08/2018;33.8;15.6
19/08/2018;34.1;15.8
20/08/2018;34.0;16.1
21/08/2018;35.3;15.2
22/08/2018;33.4;
23/08/2018;33.8;15.3
24/08/2018;32.6;15.8
25/08/2018;28.6;16.7
26/08/2018;24.1;15.4
27/08/2018;27.8;10.0
28/08/2018;32.1;10.7
29/08/2018;33.5;
30/08/2018;30.7;15.0
31/08/2018;27.9;16.4
01/09/2018;24.9;14.3
02/09/2018;25.8;13.8
03/09/2018;25.4;11.6
04/09/2018;27.3;13.0
05/09/2018;30.6;13.0
06/09/2018;31.2;13.5
07/09/2018;27.7;16.5
08/09/2018;30.2;14.6
09/09/2018;32.4;13.7
10/09/2018;30.3;14.1
11/09/2018;33.7;13.3
12/09/2018;33.7;13.5
13/09/2018;25.0;16.2
14/09/2018;30.5;15.4
15/09/2018;30.7;15.3
16/09/2018;31.1;15.5
17/09/2018;30.9;15.1
18/09/2018;30.1;15.4
19/09/2018;31.0;14.8
20/09/2018;31.9;14.0
21/09/2018;31.7;14.3
22/09/2018;30.4;
23/09/2018;29.2;16.0
24/09/2018;30.3;15.9
25/09/2018;22.9;14.1
26/09/2018;20.7;7.5
27/09/2018;28.5;2.4
28/09/2018;29.2;4.4
29/09/2018;29.1;8.4
30/09/2018;27.0;8.6
01/10/2018;22.7;11.9
02/10/2018;17.8;7.7
03/10/2018;24.4;4.7
04/10/2018;26.8;8.9
05/10/2018;24.0;8.6
06/10/2018;17.9;14.5
07/10/2018;22.9;13.8
08/10/2018;25.7;10.2
09/10/2018;25.2;10.1
10/10/2018;25.2;
11/10/2018;22.4;13.4
12/10/2018;26.1;11.1
13/10/2018;26.0;8.5
14/10/2018;25.4;7.6
15/10/2018;24.0;8.2
16/10/2018;22.4;11.7
17/10/2018;22.1;
18/10/2018;25.5;12.1
19/10/2018;26.1;10.2
20/10/2018;26.4;8.2
21/10/2018;23.6;6.7
22/10/2018;17.4;10.0
23/10/2018;20.8;6.9
24/10/2018;21.5;
25/10/2018;22.8;8.5
26/10/2018;22.5;13.9
27/10/2018;24.9;14.0
28/10/2018;21.5;11.1
29/10/2018;22.6;11.2
30/10/2018;15.0;9.8
31/10/2018;17.6;9.4
01/11/2018;18.7;10.4
02/11/2018;17.3;10.8
03/11/2018;21.8;10.0
04/11/2018;19.3;11.4
05/11/2018;21.3;8.8
06/11/2018;16.9;11.6
07/11/2018;18.3;11.1
08/11/2018;18.6;7.9
09/11/2018;19.7;5.5
10/11/2018;20.0;5.8
11/11/2018;15.7;7.8
12/11/2018;19.3;6.6
13/11/2018;17.4;5.7
14/11/2018;17.4;6.5
15/11/2018;18.3;4.4
16/11/2018;15.0;7.2
17/11/2018;11.0;7.5
18/11/2018;10.5;0.3
19/11/2018;11.0;-1.5
20/11/2018;7.2;5.0
21/11/2018;12.5;4.3
22/11/2018;16.0;6.1
23/11/2018;14.9;6.7
24/11/2018;16.5;
25/11/2018;11.8;7.0
26/11/2018;12.4;6.9
27/11/2018;12.8;3.1
28/11/2018;13.0;0.6
29/11/2018;12.8;-0.8
30/11/2018;11.4;-1.8
01/12/2018;13.5;
02/12/2018;10.9;-0.7
03/12/2018;13.5;10.3
04/12/2018;16.5;4.6
05/12/2018;16.1;1.0
06/12/2018;11.0;3.2
07/12/2018;14.2;1.2
08/12/2018;16.7;
09/12/2018;15.0;1.5
10/12/2018;16.3;-0.8
11/12/2018;12.9;-3.6
12/12/2018;5.3;-5.5
13/12/2018;7.4;2.7
14/12/2018;6.0;2.0
15/12/2018;7.4;-4.1
16/12/2018;5.4;-5.2
17/12/2018;6.6;1.7
18/12/2018;12.0;-2.7
19/12/2018;7.5;-3.5
20/12/2018;11.4;1.2
21/12/2018;11.4;1.5
22/12/2018;13.9;10.1
23/12/2018;15.7;9.6
24/12/2018;13.9;2.4
25/12/2018;13.7;-1.2
26/12/2018;11.9;-3.4
27/12/2018;10.7;-2.1
28/12/2018;10.3;0.8
29/12/2018;11.6;1.3
30/12/2018;13.5;
31/12/2018;12.7;-2.0
01/01/2019;12.4;-3.0
02/01/2019;12.9;-3.0
03/01/2019;8.4;-6.1
04/01/2019;7.3;-8.9
05/01/2019;7.2;-6.2
06/01/2019;10.9;
07/01/2019;12.8;-4.0
08/01/2019;7.3;-4.9
09/01/2019;8.2;-3.5
10/01/2019;10.1;-5.6
11/01/2019;8.7;-6.7
12/01/2019;9.1;-7.8
13/01/2019;9.5;-2.6
14/01/2019;16.3;
15/01/2019;13.9;-2.2
16/01/2019;14.4;-3.3
17/01/2019;11.0;6.0
18/01/2019;13.1;2.2
19/01/2019;10.4;0.5
20/01/2019;10.8;0.4
21/01/2019;7.1;-0.9
22/01/2019;4.6;0.9
23/01/2019;5.4;
24/01/2019;7.2;2.7
25/01/2019;8.2;1.0
26/01/2019;10.5;-3.3
27/01/2019;11.8;-3.8
28/01/2019;11.4;-0.6
29/01/2019;10.7;-1.0
30/01/2019;4.2;
31/01/2019;3.4;-2.3
01/02/2019;15.0;3.5
02/02/2019;12.1;7.0
03/02/2019;11.8;2.1
04/02/2019;12.5;1.6
05/02/2019;13.3;3.9
06/02/2019;14.1;
07/02/2019;14.7;-2.8
08/02/2019;15.2;0.3
09/02/2019;11.4;-1.8
10/02/2019;16.0;1.9
11/02/2019;14.0;0.4
12/02/2019;15.1;-3.9
13/02/2019;14.6;-3.1
14/02/2019;17.2;-2.8
15/02/2019;18.7;-2.2
16/02/2019;18.5;-0.5
17/02/2019;14.7;-1.7
18/02/2019;14.0;2.5
19/02/2019;12.0;3.7
20/02/2019;15.0;-0.4
21/02/2019;14.9;-0.9
22/02/2019;15.8;3.3
23/02/2019;11.7;-1.1
24/02/2019;12.3;3.7
25/02/2019;17.4;-1.3
26/02/2019;19.7;1.1
27/02/2019;20.2;0.1
28/02/2019;15.9;3.6
01/03/2019;12.8;3.6
02/03/2019;16.7;2.4
03/03/2019;18.8;0.0
04/03/2019;17.6;0.9
05/03/2019;16.4;4.0
06/03/2019;18.8;0.5
07/03/2019;17.6;9.2
08/03/2019;17.1;4.1
09/03/2019;16.3;
10/03/2019;14.4;5.8
11/03/2019;17.9;4.8
12/03/2019;15.9;-2.5
13/03/2019;9.1;1.0
14/03/2019;16.1;-1.6
15/03/2019;17.5;7.2
16/03/2019;21.1;
17/03/2019;18.8;5.7
18/03/2019;13.0;7.9
19/03/2019;11.3;4.5
20/03/2019;14.3;6.3
21/03/2019;17.5;7.4
22/03/2019;21.5;2.6
23/03/2019;25.0;
24/03/2019;24.2;2.1
25/03/2019;19.9;2.8
26/03/2019;13.6;6.5
27/03/2019;15.8;7.1
28/03/2019;15.9;1.9
29/03/2019;18.5;0.7
30/03/2019;21.2;-0.7
31/03/2019;21.3;1.0
01/04/2019;24.7;1.6
02/04/2019;20.7;
03/04/2019;16.4;7.6
04/04/2019;17.7;4.6
05/04/2019;14.8;3.1
06/04/2019;17.4;0.2
07/04/2019;14.3;4.6
08/04/2019;16.6;3.1
09/04/2019;18.5;
10/04/2019;18.2;3.5
11/04/2019;18.4;8.3
12/04/2019;18.1;6.5
13/04/2019;16.7;4.6
14/04/2019;13.4;4.2
15/04/2019;18.1;5.1
16/04/2019;20.2;1.8
17/04/2019;22.7;4.5
18/04/2019;23.6;2.9
19/04/2019;23.0;4.0
20/04/2019;24.8;3.8
21/04/2019;24.4;7.6
22/04/2019;21.9;10.7
23/04/2019;19.7;12.5
24/04/2019;23.0;10.0
25/04/2019;25.0;6.7
26/04/2019;19.5;9.7
27/04/2019;19.8;9.1
28/04/2019;18.5;4.9
29/04/2019;15.0;3.5
30/04/2019;18.4;3.7
01/05/2019;20.4;7.1
02/05/2019;20.0;4.0
03/05/2019;17.9;
04/05/2019;19.4;9.4
05/05/2019;12.6;6.6
06/05/2019;15.6;4.6
07/05/2019;18.6;1.7
08/05/2019;19.3;6.6
09/05/2019;19.3;9.9
10/05/2019;21.0;
11/05/2019;22.0;5.9
12/05/2019;19.0;8.5
13/05/2019;16.5;12.4
14/05/2019;18.7;9.1
15/05/2019;15.0;5.7
16/05/2019;22.2;4.0
17/05/2019;22.8;
18/05/2019;19.2;11.7
19/05/2019;16.7;11.4
20/05/2019;19.2;10.0
21/05/2019;20.2;10.9
22/05/2019;21.4;10.8
23/05/2019;22.9;9.7
24/05/2019;23.6;10.0
25/05/2019;25.2;8.5
26/05/2019;19.0;14.0
27/05/2019;23.1;14.0
28/05/2019;19.7;13.2
29/05/2019;20.6;12.8
30/05/2019;22.2;11.0
31/05/2019;24.6;10.1
01/06/2019;27.9;7.8
02/06/2019;28.5;10.8
03/06/2019;27.4;13.7
04/06/2019;27.6;12.6
05/06/2019;29.6;9.5
06/06/2019;25.6;9.5
07/06/2019;29.8;9.6
08/06/2019;30.1;13.2
09/06/2019;34.5;14.5
10/06/2019;34.3;16.7
11/06/2019;31.7;15.9
12/06/2019;27.7;12.8
13/06/2019;31.4;10.4
14/06/2019;35.2;12.1
15/06/2019;27.9;17.0
16/06/2019;28.7;15.0
17/06/2019;32.7;13.6
18/06/2019;33.9;14.3
19/06/2019;31.3;14.2
20/06/2019;32.2;11.1
21/06/2019;33.7;13.1
22/06/2019;29.8;16.7
23/06/2019;30.8;14.1
24/06/2019;34.0;15.0
25/06/2019;35.4;15.7
26/06/2019;36.4;17.3
27/06/2019;38.9;15.5
28/06/2019;38.5;18.4
29/06/2019;36.2;18.8
30/06/2019;38.0;15.3
01/07/2019;36.5;15.2
02/07/2019;37.4;15.7
03/07/2019;37.7;17.1
04/07/2019;36.0;16.8
05/07/2019;35.4;17.9
06/07/2019;34.8;18.6
07/07/2019;31.0;17.9
08/07/2019;32.0;20.3
09/07/2019;34.0;20.6
10/07/2019;29.4;15.9
11/07/2019;29.9;12.7
12/07/2019;31.9;17.3
13/07/2019;31.9;15.5
14/07/2019;31.7;13.2
15/07/2019;19.6;16.1
16/07/2019;29.2;13.6
17/07/2019;32.6;11.0
18/07/2019;30.9;14.0
19/07/2019;33.0;13.8
20/07/2019;33.1;14.2
21/07/2019;33.4;15.7
22/07/2019;36.3;17.6
23/07/2019;38.4;18.1
24/07/2019;39.2;18.0
25/07/2019;39.9;19.2
26/07/2019;36.6;19.8
27/07/2019;32.4;17.0
28/07/2019;24.9;17.0
29/07/2019;28.2;17.2
30/07/2019;30.6;15.9
31/07/2019;30.2;17.0
01/08/2019;33.3;15.2
02/08/2019;32.7;16.6
03/08/2019;33.3;15.1
04/08/2019;34.5;14.4
05/08/2019;32.5;15.1
06/08/2019;33.7;16.4
07/08/2019;32.7;15.1
08/08/2019;33.3;19.3
09/08/2019;35.1;19.6
10/08/2019;34.5;18.0
11/08/2019;37.9;16.3
12/08/2019;35.4;19.1
13/08/2019;32.6;17.9
14/08/2019;31.1;15.2
15/08/2019;31.4;14.1
16/08/2019;32.6;15.9
17/08/2019;31.9;14.6
18/08/2019;33.4;16.3
19/08/2019;34.4;15.2
20/08/2019;36.4;15.4
21/08/2019;35.7;16.6
22/08/2019;32.5;18.7
23/08/2019;29.9;19.7
24/08/2019;31.5;18.9
25/08/2019;33.4;16.6
26/08/2019;34.0;16.8
27/08/2019;34.6;16.4
28/08/2019;30.8;18.4
29/08/2019;34.3;16.6
30/08/2019;35.1;17.8
31/08/2019;34.4;16.9
01/09/2019;33.6;15.5
02/09/2019;30.9;16.2
03/09/2019;29.1;15.3
04/09/2019;29.4;12.6
05/09/2019;31.4;9.4
06/09/2019;25.3;16.4
07/09/2019;27.0;13.5
08/09/2019;25.2;12.9
09/09/2019;25.6;11.6
10/09/2019;28.5;9.0
11/09/2019;29.7;11.3
12/09/2019;30.6;10.5
13/09/2019;32.3;11.0
14/09/2019;32.0;11.2
15/09/2019;29.9;12.7
16/09/2019;31.2;12.3
17/09/2019;29.2;11.9
18/09/2019;29.7;15.0
19/09/2019;25.9;16.2
20/09/2019;24.9;10.7
21/09/2019;26.4;6.8
22/09/2019;20.2;14.5
23/09/2019;22.9;16.2
24/09/2019;25.1;11.7
25/09/2019;26.2;15.0
26/09/2019;26.3;14.1
27/09/2019;23.9;12.9
28/09/2019;26.6;14.3
29/09/2019;24.7;12.6
30/09/2019;27.1;15.3
01/10/2019;26.4;11.7
02/10/2019;23.4;11.7
03/10/2019;18.7;6.0
04/10/2019;20.5;4.5
05/10/2019;23.3;11.5
06/10/2019;24.0;7.6
07/10/2019;21.2;9.0
08/10/2019;23.7;6.0
09/10/2019;23.4;6.1
10/10/2019;23.5;
11/10/2019;24.8;6.1
12/10/2019;24.6;7.5
13/10/2019;22.8;9.2
14/10/2019;23.9;11.0
15/10/2019;24.0;14.0
16/10/2019;20.3;9.6
17/10/2019;21.6;7.5
18/10/2019;22.5;7.3
19/10/2019;22.4;10.0
20/10/2019;21.9;8.9
21/10/2019;26.1;13.9
22/10/2019;26.8;10.7
23/10/2019;26.8;10.0
24/10/2019;16.2;11.0
25/10/2019;22.6;11.1
26/10/2019;24.9;8.9
27/10/2019;25.2;7.0
28/10/2019;20.3;9.9
29/10/2019;17.8;13.3
30/10/2019;18.3;12.8
31/10/2019;16.4;11.8
01/11/2019;17.0;10.5
02/11/2019;16.8;10.7
03/11/2019;21.4;13.1
04/11/2019;18.4;12.0
05/11/2019;19.2;12.1
06/11/2019;14.6;8.3
07/11/2019;15.3;4.5
08/11/2019;14.4;8.4
09/11/2019;11.5;5.2
10/11/2019;14.1;2.7
11/11/2019;14.6;9.6
12/11/2019;14.3;8.0
13/11/2019;14.7;5.0
14/11/2019;16.0;2.0
15/11/2019;15.0;6.8
16/11/2019;11.2;5.9
17/11/2019;14.4;6.4
18/11/2019;13.8;3.8
19/11/2019;14.0;6.9
20/11/2019;15.4;6.8
21/11/2019;14.0;6.3
22/11/2019;12.7;4.4
23/11/2019;16.5;8.7
24/11/2019;17.5;11.4
25/11/2019;19.5;6.8
26/11/2019;16.7;4.3
27/11/2019;14.0;9.6
28/11/2019;16.2;10.5
29/11/2019;16.0;7.0
30/11/2019;14.9;4.8
01/12/2019;15.2;4.5
02/12/2019;17.1;10.2
03/12/2019;13.3;6.4
04/12/2019;11.5;-0.4
05/12/2019;10.7;0.6
06/12/2019;12.4;5.4
07/12/2019;15.4;8.3
08/12/2019;16.3;9.3
09/12/2019;14.5;4.6
10/12/2019;14.1;1.9
11/12/2019;10.9;-0.8
12/12/2019;5.1;-2.2
13/12/2019;10.2;-1.9
14/12/2019;7.4;-2.6
15/12/2019;18.0;6.6
16/12/2019;16.0;9.6
17/12/2019;16.9;9.9
18/12/2019;15.6;7.0
19/12/2019;13.9;7.0
20/12/2019;13.7;4.6
21/12/2019;15.6;9.5
22/12/2019;14.0;9.0
23/12/2019;15.8;2.1
24/12/2019;13.9;-0.6
25/12/2019;14.3;2.3
26/12/2019;14.5;-0.8
27/12/2019;12.4;-0.6
28/12/2019;11.7;-2.1
29/12/2019;10.0;-3.0
30/12/2019;10.2;-3.3
31/12/2019;10.4;-4.4
01/01/2020;12.1;-3.4
02/01/2020;12.3;-2.2
03/01/2020;11.3;0.7
04/01/2020;13.5;3.0
05/01/2020;14.9;-0.8
06/01/2020;11.9;-3.4
07/01/2020;6.3;-4.0
08/01/2020;15.3;-2.8
09/01/2020;13.3;-3.7
10/01/2020;14.0;0.5
11/01/2020;14.4;1.2
12/01/2020;13.3;-1.4
13/01/2020;12.4;-4.4
14/01/2020;8.6;-2.1
15/01/2020;13.1;4.2
16/01/2020;13.5;-0.8
17/01/2020;11.4;-0.9
18/01/2020;9.0;3.2
19/01/2020;12.2;-0.2
20/01/2020;10.4;6.1
21/01/2020;10.3;1.5
22/01/2020;13.9;-0.6
23/01/2020;15.3;-1.3
24/01/2020;12.5;-1.5
25/01/2020;12.5;7.5
26/01/2020;14.1;3.5
27/01/2020;11.5;3.2
28/01/2020;16.2;8.8
29/01/2020;14.4;7.8
30/01/2020;14.5;7.0
31/01/2020;12.3;8.6
01/02/2020;14.7;10.7
02/02/2020;16.2;11.0
03/02/2020;16.4;7.0
04/02/2020;16.7;1.4
05/02/2020;13.7;-1.2
06/02/2020;12.9;-2.5
07/02/2020;12.9;-4.5
08/02/2020;13.0;-2.3
09/02/2020;12.2;-1.6
10/02/2020;15.5;7.8
11/02/2020;16.1;10.8
12/02/2020;16.0;3.8
13/02/2020;14.5;-0.1
14/02/2020;17.4;3.7
15/02/2020;17.2;-0.4
16/02/2020;15.5;1.7
17/02/2020;15.9;1.8
18/02/2020;15.3;4.5
19/02/2020;15.1;2.9
20/02/2020;15.4;-0.4
21/02/2020;15.3;-1.1
22/02/2020;18.3;1.4
23/02/2020;14.8;3.6
24/02/2020;16.1;5.7
25/02/2020;18.3;7.4
26/02/2020;13.8;-0.4
27/02/2020;12.6;-4.3
28/02/2020;16.0;0.6
29/02/2020;13.6;-1.0
01/03/2020;15.3;10.2
02/03/2020;14.4;6.9
03/03/2020;10.9;3.4
04/03/2020;13.5;0.5
05/03/2020;11.5;-0.4
06/03/2020;14.0;6.6
07/03/2020;13.2;2.2
08/03/2020;15.4;0.1
09/03/2020;12.8;-0.4
10/03/2020;16.3;0.8
11/03/2020;18.6;1.5
12/03/2020;13.8;4.7
13/03/2020;17.2;6.6
14/03/2020;16.6;4.9
15/03/2020;16.4;2.9
16/03/2020;19.0;-0.9
17/03/2020;19.5;1.2
18/03/2020;21.9;1.0
19/03/2020;22.9;3.0
20/03/2020;18.9;2.9
21/03/2020;21.0;3.1
22/03/2020;17.9;5.5
23/03/2020;9.4;-2.4
24/03/2020;10.3;-4.9
25/03/2020;8.3;1.0
26/03/2020;8.1;4.4
27/03/2020;11.8;7.3
28/03/2020;19.0;3.7
29/03/2020;18.9;2.8
30/03/2020;19.1;3.1
31/03/2020;11.0;3.8
01/04/2020;12.4;-2.4
02/04/2020;16.1;-3.9
03/04/2020;19.2;-1.9
04/04/2020;20.2;0.2
05/04/2020;20.0;0.6
06/04/2020;22.4;4.7
07/04/2020;23.6;2.4
08/04/2020;24.2;0.9
09/04/2020;24.7;0.1
10/04/2020;25.1;1.1
11/04/2020;;
12/04/2020;;
13/04/2020;;
14/04/2020;;
15/04/2020;19.7;4.4
16/04/2020;21.0;0.2
17/04/2020;22.0;2.7
18/04/2020;19.6;6.9
19/04/2020;22.2;10.8
20/04/2020;16.5;12.2
21/04/2020;13.4;11.9
22/04/2020;18.3;12.1
23/04/2020;22.6;7.3
24/04/2020;22.7;3.1
25/04/2020;21.6;5.0
26/04/2020;22.7;5.3
27/04/2020;22.1;6.4
28/04/2020;18.4;9.0
29/04/2020;19.5;12.7
30/04/2020;21.3;11.4
01/05/2020;19.6;12.5
02/05/2020;22.9;11.7
03/05/2020;23.7;8.6
04/05/2020;26.0;4.9
05/05/2020;23.1;9.2
06/05/2020;25.3;9.3
07/05/2020;26.9;5.6
08/05/2020;27.5;5.8
09/05/2020;27.3;7.3
10/05/2020;26.3;11.7
11/05/2020;24.2;12.0
12/05/2020;22.0;13.3
13/05/2020;25.3;10.2
14/05/2020;28.8;15.9
15/05/2020;20.6;13.6
16/05/2020;20.9;12.4
17/05/2020;27.7;13.2
18/05/2020;24.4;13.0
19/05/2020;22.9;15.9
20/05/2020;22.0;11.6
21/05/2020;26.0;9.4
22/05/2020;27.5;9.1
23/05/2020;27.2;10.6
24/05/2020;27.7;13.7
25/05/2020;28.3;9.4
26/05/2020;;
27/05/2020;;
28/05/2020;;
29/05/2020;19.5;9.4
30/05/2020;24.0;10.1
31/05/2020;23.6;8.5
01/06/2020;26.9;9.1
02/06/2020;27.8;8.2
03/06/2020;24.9;13.9
04/06/2020;22.7;12.2
05/06/2020;23.9;13.6
06/06/2020;24.0;11.1
07/06/2020;26.0;12.2
08/06/2020;24.7;13.5
09/06/2020;25.0;12.6
10/06/2020;20.5;12.0
11/06/2020;21.4;11.9
12/06/2020;27.0;9.5
13/06/2020;26.5;11.7
14/06/2020;24.0;12.3
15/06/2020;24.7;14.0
16/06/2020;26.5;15.8
17/06/2020;24.6;16.0
18/06/2020;25.1;13.6
19/06/2020;27.0;12.3
20/06/2020;27.8;13.4
21/06/2020;28.3;13.4
22/06/2020;31.3;14.2
23/06/2020;31.9;14.0
24/06/2020;32.3;13.7
25/06/2020;30.9;13.3
26/06/2020;32.4;13.5
27/06/2020;32.6;13.7
28/06/2020;33.3;14.1
29/06/2020;29.6;14.5
30/06/2020;30.8;17.4
01/07/2020;31.8;15.5
02/07/2020;32.7;17.3
03/07/2020;31.2;18.7
04/07/2020;30.7;17.1
05/07/2020;32.5;15.5
06/07/2020;34.4;15.7
07/07/2020;28.0;14.8
08/07/2020;33.2;11.1
09/07/2020;33.7;14.1
10/07/2020;32.9;15.1
11/07/2020;32.1;16.0
12/07/2020;29.8;15.9
13/07/2020;29.3;12.2
14/07/2020;29.2;11.1
15/07/2020;;
16/07/2020;29.4;12.5
17/07/2020;28.1;15.4
18/07/2020;29.5;13.9
19/07/2020;30.4;11.1
20/07/2020;30.6;15.0
21/07/2020;31.4;17.0
22/07/2020;32.8;17.9
23/07/2020;33.4;18.2
24/07/2020;31.1;16.0
25/07/2020;32.3;13.7
26/07/2020;30.1;14.0
27/07/2020;33.1;15.7
28/07/2020;34.8;16.0
29/07/2020;34.8;18.5
30/07/2020;36.0;17.1
31/07/2020;36.8;17.9
01/08/2020;37.2;19.5
02/08/2020;36.0;19.4
03/08/2020;31.9;20.0
04/08/2020;26.6;15.4
05/08/2020;27.5;14.7
06/08/2020;29.7;15.6
07/08/2020;32.6;18.1
08/08/2020;34.7;16.0
09/08/2020;37.1;16.7
10/08/2020;37.3;16.7
11/08/2020;34.6;18.1
12/08/2020;35.4;16.9
13/08/2020;36.2;16.7
14/08/2020;34.2;16.6
15/08/2020;33.3;19.8
16/08/2020;33.6;17.7
17/08/2020;30.2;16.3
18/08/2020;28.2;18.1
19/08/2020;31.2;16.9
20/08/2020;33.9;14.8
21/08/2020;36.5;15.1
22/08/2020;35.0;15.4
23/08/2020;33.2;17.7
24/08/2020;32.7;16.2
25/08/2020;32.0;16.0
26/08/2020;30.8;19.1
27/08/2020;32.2;18.2
28/08/2020;32.0;16.4
29/08/2020;32.9;21.9
30/08/2020;25.9;15.9
31/08/2020;18.8;11.2
01/09/2020;25.5;10.4
02/09/2020;27.3;11.4
03/09/2020;28.5;12.4
04/09/2020;32.0;12.5
05/09/2020;30.9;12.4
06/09/2020;28.4;12.6
07/09/2020;30.4;12.8
08/09/2020;30.9;15.3
09/09/2020;33.0;15.2
10/09/2020;29.3;16.6
11/09/2020;32.6;18.2
12/09/2020;32.5;16.4
13/09/2020;33.0;14.1
14/09/2020;31.9;14.6
15/09/2020;32.4;14.4
16/09/2020;31.8;15.0
17/09/2020;32.4;14.7
18/09/2020;31.0;15.1
19/09/2020;30.2;14.4
20/09/2020;26.9;13.8
21/09/2020;27.8;13.1
22/09/2020;23.3;13.2
23/09/2020;22.4;14.6
24/09/2020;25.0;15.7
25/09/2020;23.5;9.1
26/09/2020;21.8;6.7
27/09/2020;14.1;7.7
28/09/2020;18.1;7.5
29/09/2020;21.6;6.7
30/09/2020;22.5;8.9
01/10/2020;21.7;12.2
02/10/2020;22.3;11.9
03/10/2020;21.5;12.6
04/10/2020;22.5;11.4
05/10/2020;20.2;10.2
06/10/2020;19.4;9.3
07/10/2020;22.4;9.7
08/10/2020;22.8;6.7
09/10/2020;22.5;7.4
10/10/2020;19.5;10.2
11/10/2020;14.2;9.7
12/10/2020;14.9;5.9
13/10/2020;18.0;3.5
14/10/2020;15.9;8.7
15/10/2020;16.6;9.6
16/10/2020;16.1;5.5
17/10/2020;16.8;3.3
18/10/2020;18.5;4.0
19/10/2020;19.0;3.7
20/10/2020;19.4;3.8
21/10/2020;20.3;3.4
22/10/2020;19.6;9.1
23/10/2020;19.9;12.1
24/10/2020;19.1;11.1
25/10/2020;18.4;8.4
26/10/2020;20.9;6.4
27/10/2020;18.0;6.2
28/10/2020;17.5;3.2
29/10/2020;17.8;7.3
30/10/2020;18.2;7.3
31/10/2020;16.5;8.0
01/11/2020;16.3;12.2
02/11/2020;17.6;13.3
03/11/2020;17.0;13.5
04/11/2020;19.0;13.8
05/11/2020;19.0;8.4
06/11/2020;20.1;6.5
07/11/2020;20.7;5.1
08/11/2020;19.5;4.3
09/11/2020;19.9;4.7
10/11/2020;19.6;4.9
11/11/2020;16.6;6.6
12/11/2020;16.5;9.8
13/11/2020;17.7;6.2
14/11/2020;15.0;4.7
15/11/2020;17.8;8.4
16/11/2020;15.4;10.5
17/11/2020;16.0;9.4
18/11/2020;18.9;4.2
19/11/2020;16.7;1.3
20/11/2020;12.7;8.0
21/11/2020;11.4;3.1
22/11/2020;11.4;-0.7
23/11/2020;12.8;-3.2
24/11/2020;13.6;-1.1
25/11/2020;14.6;-1.6
26/11/2020;15.1;1.2
27/11/2020;16.9;6.2
28/11/2020;15.0;4.9
29/11/2020;15.3;4.6
30/11/2020;14.3;0.0
01/12/2020;8.8;-1.6
02/12/2020;7.9;2.4
03/12/2020;9.4;0.0
04/12/2020;12.9;-0.9
05/12/2020;16.8;9.0
06/12/2020;11.2;5.8
07/12/2020;12.9;2.7
08/12/2020;12.5;5.1
09/12/2020;9.0;6.1
10/12/2020;9.3;4.9
11/12/2020;10.1;0.3
12/12/2020;8.6;3.6
13/12/2020;12.7;0.0
14/12/2020;12.7;-1.6
15/12/2020;11.7;-0.3
16/12/2020;11.4;1.2
17/12/2020;12.3;5.5
18/12/2020;16.0;3.2
19/12/2020;13.1;1.8
20/12/2020;16.0;2.9
21/12/2020;13.9;0.6
22/12/2020;14.7;7.9
23/12/2020;12.3;10.3
24/12/2020;14.4;9.5
25/12/2020;13.7;5.1
26/12/2020;8.7;4.1
27/12/2020;8.3;-0.7
28/12/2020;9.7;4.5
29/12/2020;10.7;5.3
30/12/2020;6.6;0.5
31/12/2020;6.1;-0.6
01/01/2021;8.2;2.4
02/01/2021;9.8;5.1
03/01/2021;10.4;1.8
04/01/2021;8.8;1.1
05/01/2021;8.2;0.8
06/01/2021;5.0;2.1
07/01/2021;7.4;-1.0
08/01/2021;9.5;0.3
09/01/2021;5.8;1.4
10/01/2021;5.5;2.9
11/01/2021;5.9;-0.8
12/01/2021;8.3;-3.1
13/01/2021;11.7;0.3
14/01/2021;12.7;3.7
15/01/2021;11.9;1.7
16/01/2021;8.1;-3.3
17/01/2021;6.6;-2.0
18/01/2021;10.0;-3.4
19/01/2021;9.2;-4.2
20/01/2021;14.1;2.3
21/01/2021;14.7;3.9
22/01/2021;14.2;11.3
23/01/2021;11.7;7.0
24/01/2021;11.6;-0.9
25/01/2021;10.7;-1.3
26/01/2021;10.9;-3.8
27/01/2021;9.6;-6.0
28/01/2021;6.2;1.6
29/01/2021;11.9;5.3
30/01/2021;14.1;3.9
31/01/2021;11.2;2.6
01/02/2021;8.1;1.5
02/02/2021;14.1;4.1
03/02/2021;15.9;4.9
04/02/2021;16.0;7.8
05/02/2021;16.4;5.4
06/02/2021;17.2;2.6
07/02/2021;12.8;8.6
08/02/2021;13.1;8.3
09/02/2021;12.5;8.0
10/02/2021;14.8;5.4
11/02/2021;14.0;3.3
12/02/2021;7.3;2.3
13/02/2021;3.4;-0.5
14/02/2021;5.9;-5.0
15/02/2021;8.2;-6.7
16/02/2021;7.7;-0.1
17/02/2021;10.7;6.8
18/02/2021;14.5;6.7
19/02/2021;14.1;3.3
20/02/2021;16.2;4.8
21/02/2021;17.9;0.4
22/02/2021;18.5;1.5
23/02/2021;19.5;2.5
24/02/2021;20.8;2.5
25/02/2021;21.8;1.3
26/02/2021;20.5;1.1
27/02/2021;17.9;3.4
28/02/2021;15.8;2.4
01/03/2021;17.2;-1.6
02/03/2021;19.6;-0.9
03/03/2021;18.4;-2.2
04/03/2021;15.8;-1.2
05/03/2021;16.2;4.0
06/03/2021;14.1;0.8
07/03/2021;15.8;-1.7
08/03/2021;16.8;0.4
09/03/2021;14.8;2.5
10/03/2021;15.2;0.8
11/03/2021;14.7;-0.3
12/03/2021;18.1;6.2
13/03/2021;16.9;5.4
14/03/2021;14.4;0.7
15/03/2021;15.3;-2.7
16/03/2021;15.9;-0.6
17/03/2021;16.3;-3.8
18/03/2021;12.9;-2.6
19/03/2021;12.5;-4.9
20/03/2021;12.1;-1.7
21/03/2021;10.6;1.8
22/03/2021;14.9;1.2
23/03/2021;14.4;-2.1
24/03/2021;16.4;-3.0
25/03/2021;17.9;2.1
26/03/2021;14.4;1.1
27/03/2021;18.2;5.0
28/03/2021;20.1;4.4
29/03/2021;22.9;4.1
30/03/2021;26.8;2.9
31/03/2021;27.2;4.4
01/04/2021;23.4;5.4
02/04/2021;22.7;4.2
03/04/2021;21.3;4.2
04/04/2021;16.7;0.7
05/04/2021;18.1;-1.5
06/04/2021;16.2;1.6
07/04/2021;11.2;-2.2
08/04/2021;13.8;-5.5
09/04/2021;17.6;2.7
10/04/2021;13.8;3.5
11/04/2021;15.7;9.0
12/04/2021;15.4;8.4
13/04/2021;13.2;2.8
14/04/2021;14.9;0.0
15/04/2021;13.9;1.9
16/04/2021;16.6;-0.4
17/04/2021;16.4;0.9
18/04/2021;15.7;0.3
19/04/2021;16.1;0.7
20/04/2021;17.7;1.4
21/04/2021;18.2;1.3
22/04/2021;19.2;5.7
23/04/2021;22.2;2.8
24/04/2021;24.1;2.9
25/04/2021;22.9;3.3
26/04/2021;22.0;4.6
27/04/2021;16.7;9.3
28/04/2021;17.7;10.9
29/04/2021;18.1;13.0
30/04/2021;22.8;10.3
01/05/2021;23.5;11.0
02/05/2021;18.5;7.0
03/05/2021;20.6;5.7
04/05/2021;19.9;3.8
05/05/2021;21.1;7.1
06/05/2021;20.7;6.7
07/05/2021;21.0;8.1
08/05/2021;24.4;7.5
09/05/2021;27.6;8.0
10/05/2021;27.0;8.3
11/05/2021;18.7;10.6
12/05/2021;17.9;9.9
13/05/2021;18.5;8.9
14/05/2021;19.3;8.3
15/05/2021;19.1;5.7
16/05/2021;17.8;13.2
17/05/2021;19.8;9.0
18/05/2021;22.0;6.9
19/05/2021;21.7;8.3
20/05/2021;23.0;5.2
21/05/2021;23.9;6.5
22/05/2021;21.5;9.7
23/05/2021;24.1;13.5
24/05/2021;19.8;13.4
25/05/2021;20.6;9.0
26/05/2021;22.7;7.0
27/05/2021;22.7;6.9
28/05/2021;28.0;7.8
29/05/2021;26.7;8.6
30/05/2021;25.1;9.1
31/05/2021;25.3;8.0
01/06/2021;26.9;7.3
02/06/2021;26.8;9.0
03/06/2021;30.2;9.0
04/06/2021;29.5;9.3
05/06/2021;25.3;14.9
06/06/2021;28.5;14.3
07/06/2021;26.9;14.4
08/06/2021;23.4;13.1
09/06/2021;29.4;11.0
10/06/2021;29.9;12.8
11/06/2021;29.2;11.6
12/06/2021;31.2;12.3
13/06/2021;30.1;15.4
14/06/2021;31.9;17.5
15/06/2021;32.2;16.9
16/06/2021;31.9;16.1
17/06/2021;32.8;15.4
18/06/2021;32.8;14.7
19/06/2021;30.8;14.3
20/06/2021;31.8;16.9
21/06/2021;31.5;15.2
22/06/2021;32.5;17.3
23/06/2021;33.6;15.9
24/06/2021;30.4;16.2
25/06/2021;29.5;14.5
26/06/2021;31.5;12.6
27/06/2021;34.6;13.1
28/06/2021;36.8;13.5
29/06/2021;31.9;15.5
30/06/2021;28.2;15.5
01/07/2021;27.9;14.7
02/07/2021;29.5;13.7
03/07/2021;30.5;15.2
04/07/2021;28.2;15.7
05/07/2021;31.4;16.1
06/07/2021;33.6;14.8
07/07/2021;37.2;15.1
08/07/2021;33.1;17.2
09/07/2021;30.5;14.6
10/07/2021;32.5;12.3
11/07/2021;29.8;15.3
12/07/2021;32.7;14.8
13/07/2021;28.1;16.3
14/07/2021;25.6;14.1
15/07/2021;27.9;13.4
16/07/2021;27.7;17.1
17/07/2021;26.8;14.7
18/07/2021;32.0;15.2
19/07/2021;32.5;17.2
20/07/2021;34.3;14.4
21/07/2021;33.2;16.1
22/07/2021;32.5;17.1
23/07/2021;33.3;19.5
24/07/2021;34.5;17.8
25/07/2021;32.4;17.3
26/07/2021;34.0;19.2
27/07/2021;35.4;20.0
28/07/2021;34.4;18.2
29/07/2021;34.6;16.4
30/07/2021;34.8;16.3
31/07/2021;35.4;16.5
01/08/2021;29.3;17.7
02/08/2021;28.6;14.9
03/08/2021;30.1;13.5
04/08/2021;31.2;14.8
05/08/2021;26.5;17.1
06/08/2021;28.9;16.4
07/08/2021;34.4;14.3
08/08/2021;32.7;16.4
09/08/2021;33.8;13.6
10/08/2021;34.8;18.8
11/08/2021;38.5;20.2
12/08/2021;39.1;16.9
13/08/2021;39.1;17.8
14/08/2021;39.9;17.9
15/08/2021;36.9;17.8
16/08/2021;35.8;19.3
17/08/2021;34.1;18.0
18/08/2021;33.0;15.2
19/08/2021;33.1;14.5
20/08/2021;33.1;16.7
21/08/2021;33.8;16.0
22/08/2021;30.7;16.0
23/08/2021;32.4;18.1
24/08/2021;30.9;17.7
25/08/2021;30.7;15.1
26/08/2021;30.2;13.0
27/08/2021;30.6;16.8
28/08/2021;25.2;12.5
29/08/2021;26.7;10.7
30/08/2021;28.3;10.5
31/08/2021;27.9;12.3
01/09/2021;30.8;12.1
02/09/2021;31.0;12.1
03/09/2021;30.6;13.1
04/09/2021;23.6;13.5
05/09/2021;29.8;10.5
06/09/2021;29.8;10.5
07/09/2021;29.4;9.6
08/09/2021;30.9;10.2
09/09/2021;30.3;11.5
10/09/2021;30.3;11.5
11/09/2021;32.0;12.1
12/09/2021;31.7;12.3
13/09/2021;30.4;12.8
14/09/2021;29.1;15.3
15/09/2021;27.6;15.0
16/09/2021;27.2;15.5
17/09/2021;27.0;17.5
18/09/2021;27.0;16.1
19/09/2021;23.5;14.5
20/09/2021;23.7;12.8
21/09/2021;25.7;12.4
22/09/2021;26.0;9.5
23/09/2021;27.2;8.5
24/09/2021;26.8;8.1
25/09/2021;27.4;12.2
26/09/2021;29.1;16.0
27/09/2021;27.0;15.4
28/09/2021;28.0;12.9
29/09/2021;26.4;11.5
30/09/2021;27.2;11.8
01/10/2021;26.9;9.8
02/10/2021;25.9;10.6
03/10/2021;27.0;9.8
04/10/2021;26.7;12.5
05/10/2021;22.5;15.7
06/10/2021;21.7;12.7
07/10/2021;16.1;12.1
08/10/2021;18.8;14.3
09/10/2021;18.7;7.4
10/10/2021;16.7;6.0
11/10/2021;18.5;7.0
12/10/2021;20.6;4.4
13/10/2021;20.5;3.0
14/10/2021;16.9;1.4
15/10/2021;19.5;0.8
16/10/2021;20.4;2.5
17/10/2021;21.6;2.7
18/10/2021;21.2;2.3
19/10/2021;21.3;2.5
20/10/2021;20.9;5.1
21/10/2021;20.0;11.8
22/10/2021;20.4;9.7
23/10/2021;21.9;7.4
24/10/2021;19.1;7.4
25/10/2021;17.8;7.4
26/10/2021;19.0;5.9
27/10/2021;19.9;7.4
28/10/2021;20.8;3.2
29/10/2021;20.1;2.7
30/10/2021;19.7;3.2
31/10/2021;20.9;5.2
01/11/2021;17.1;12.3
02/11/2021;18.1;10.8
03/11/2021;18.5;10.0
04/11/2021;17.1;6.1
05/11/2021;15.5;3.6
06/11/2021;16.0;10.4
07/11/2021;17.2;8.5
08/11/2021;19.4;5.7
09/11/2021;15.7;10.9
10/11/2021;21.0;11.7
11/11/2021;19.3;7.4
12/11/2021;19.2;7.0
13/11/2021;19.4;6.8
14/11/2021;13.6;10.6
15/11/2021;17.9;11.2
16/11/2021;13.6;8.8
17/11/2021;16.9;5.3
18/11/2021;18.8;3.8
19/11/2021;17.5;3.0
20/11/2021;14.8;2.7
21/11/2021;16.7;5.4
22/11/2021;16.1;9.3
23/11/2021;14.6;9.7
24/11/2021;14.6;2.7
25/11/2021;12.2;4.6
26/11/2021;13.7;7.3
27/11/2021;13.9;5.6
28/11/2021;11.9;1.1
29/11/2021;9.0;-1.7
30/11/2021;10.8;-4.7
01/12/2021;10.7;2.8
02/12/2021;9.7;4.3
03/12/2021;10.3;-0.3
04/12/2021;12.4;-1.7
05/12/2021;13.1;-0.5
06/12/2021;9.9;-2.1
07/12/2021;12.4;-4.3
08/12/2021;12.2;-1.8
09/12/2021;8.6;-0.6
10/12/2021;4.9;-2.7
11/12/2021;9.6;-0.8
12/12/2021;12.0;-3.4
13/12/2021;12.6;-3.7
14/12/2021;12.5;-2.0
15/12/2021;15.0;-1.6
16/12/2021;15.2;-0.2
17/12/2021;15.5;-1.3
18/12/2021;14.1;-3.1
19/12/2021;12.1;-4.3
20/12/2021;12.1;0.0
21/12/2021;10.4;1.7
22/12/2021;11.6;0.4
23/12/2021;9.0;-0.2
24/12/2021;14.1;6.9
25/12/2021;12.7;10.9
26/12/2021;11.3;9.1
27/12/2021;12.9;8.0
28/12/2021;13.1;9.3
29/12/2021;15.1;8.4
30/12/2021;14.6;3.5
31/12/2021;15.4;0.8
01/01/2022;11.9;9.2
02/01/2022;12.0;8.8
03/01/2022;13.5;9.0
04/01/2022;14.9;8.8
05/01/2022;14.5;6.6
06/01/2022;8.6;4.8
07/01/2022;10.4;-1.5
08/01/2022;9.3;-3.5
09/01/2022;6.2;-2.1
10/01/2022;8.9;-0.6
11/01/2022;10.6;1.3
12/01/2022;9.3;-0.5
13/01/2022;11.2;-3.7
14/01/2022;12.4;-4.2
15/01/2022;12.8;-3.1
16/01/2022;13.3;2.3
17/01/2022;12.3;-1.2
18/01/2022;13.5;-0.6
19/01/2022;12.4;-3.5
20/01/2022;11.6;1.8
21/01/2022;10.6;-2.7
22/01/2022;9.7;-5.4
23/01/2022;9.8;-4.1
24/01/2022;13.3;-3.2
25/01/2022;11.2;-3.1
26/01/2022;10.7;-1.7
27/01/2022;11.3;1.4
28/01/2022;14.3;-0.6
29/01/2022;13.0;-4.0
30/01/2022;13.7;0.1
31/01/2022;10.6;0.0
01/02/2022;14.8;-3.5
02/02/2022;14.8;-2.7
03/02/2022;15.9;0.6
04/02/2022;13.2;5.6
05/02/2022;14.5;1.7
06/02/2022;14.3;-0.9
07/02/2022;15.8;-2.2
08/02/2022;14.3;-4.1
09/02/2022;14.6;-2.5
10/02/2022;14.4;1.1
11/02/2022;13.4;-1.8
12/02/2022;12.2;-0.8
13/02/2022;13.3;-2.8
14/02/2022;11.7;2.8
15/02/2022;10.8;4.5
16/02/2022;12.8;0.3
17/02/2022;15.9;4.1
18/02/2022;15.1;2.1
19/02/2022;16.4;6.9
20/02/2022;17.3;5.7
21/02/2022;13.4;1.5
22/02/2022;17.3;-1.2
23/02/2022;17.6;-2.1
24/02/2022;17.3;-1.2
25/02/2022;13.2;3.6
26/02/2022;10.6;4.5
27/02/2022;9.7;-0.1
28/02/2022;13.1;-1.8
01/03/2022;9.9;-3.1
02/03/2022;12.5;-5.6
03/03/2022;12.9;0.7
04/03/2022;13.1;-1.6
05/03/2022;10.2;-3.2
06/03/2022;8.3;-3.1
07/03/2022;10.6;-3.3
08/03/2022;10.5;-5.5
09/03/2022;14.2;-6.7
10/03/2022;15.7;-3.7
11/03/2022;16.3;-2.4
12/03/2022;14.2;-1.4
13/03/2022;15.2;-3.4
14/03/2022;18.4;4.2
15/03/2022;17.3;1.7
16/03/2022;14.9;6.2
17/03/2022;17.9;3.4
18/03/2022;15.3;10.0
19/03/2022;16.6;2.1
20/03/2022;16.3;-0.2
21/03/2022;15.8;-2.3
22/03/2022;17.4;-2.4
23/03/2022;20.7;-2.3
24/03/2022;21.5;-1.7
25/03/2022;21.1;-2.0
26/03/2022;23.3;-0.6
27/03/2022;23.1;3.5
28/03/2022;23.5;1.8
29/03/2022;19.3;2.2
30/03/2022;11.9;5.8
31/03/2022;11.7;8.3
01/04/2022;15.0;5.8
02/04/2022;9.0;0.9
03/04/2022;13.2;-1.4
04/04/2022;15.7;2.0
05/04/2022;17.2;-0.5
06/04/2022;17.3;-1.0
07/04/2022;14.8;4.9
08/04/2022;21.0;7.8
09/04/2022;16.7;5.4
10/04/2022;17.5;0.2
11/04/2022;19.2;-1.2
12/04/2022;20.7;0.5
13/04/2022;24.6;3.1
14/04/2022;25.8;4.3
15/04/2022;28.0;4.9
16/04/2022;25.7;5.8
17/04/2022;16.1;8.5
18/04/2022;19.8;4.2
19/04/2022;19.3;1.4
20/04/2022;19.1;7.3
21/04/2022;19.3;10.8
22/04/2022;13.6;8.0
23/04/2022;20.8;7.5
24/04/2022;16.1;6.9
25/04/2022;18.4;8.2
26/04/2022;21.0;6.0
27/04/2022;24.0;6.6
28/04/2022;22.6;4.5
29/04/2022;22.3;4.9
30/04/2022;23.5;2.8
01/05/2022;18.4;7.1
02/05/2022;22.2;5.5
03/05/2022;23.6;5.6
04/05/2022;22.9;8.7
05/05/2022;16.6;7.8
06/05/2022;19.1;12.0
07/05/2022;20.6;13.1
08/05/2022;23.4;10.5
09/05/2022;24.7;11.2
10/05/2022;27.0;7.8
11/05/2022;25.1;8.3
12/05/2022;25.1;10.2
13/05/2022;25.2;7.2
14/05/2022;25.5;7.4
15/05/2022;26.4;10.2
16/05/2022;27.5;7.7
17/05/2022;27.3;10.6
18/05/2022;30.6;11.0
19/05/2022;31.0;9.3
20/05/2022;29.0;10.6
21/05/2022;27.9;9.9
22/05/2022;27.6;12.9
23/05/2022;31.7;10.1
24/05/2022;28.3;11.6
25/05/2022;30.7;14.7
26/05/2022;31.3;14.5
27/05/2022;36.2;15.4
28/05/2022;34.3;15.1
29/05/2022;25.3;16.1
30/05/2022;27.1;12.6
31/05/2022;29.2;13.2
01/06/2022;29.3;13.5
02/06/2022;34.2;13.0
03/06/2022;28.8;15.8
04/06/2022;36.0;14.3
05/06/2022;32.5;14.8
06/06/2022;29.3;14.4
07/06/2022;28.7;13.6
08/06/2022;28.7;14.8
09/06/2022;26.7;15.0
10/06/2022;27.8;11.8
11/06/2022;31.1;11.6
12/06/2022;32.6;12.1
13/06/2022;31.4;13.8
14/06/2022;34.9;13.1
15/06/2022;33.3;15.9
16/06/2022;33.8;15.1
17/06/2022;34.4;16.0
18/06/2022;34.3;15.9
19/06/2022;35.3;13.7
20/06/2022;33.1;15.4
21/06/2022;33.7;14.4
22/06/2022;33.4;16.3
23/06/2022;30.6;18.1
24/06/2022;32.2;18.3
25/06/2022;30.5;18.0
26/06/2022;37.9;15.0
27/06/2022;39.4;16.3
28/06/2022;29.0;17.9
29/06/2022;29.0;16.2
30/06/2022;33.0;14.2
01/07/2022;33.3;12.4
02/07/2022;37.2;14.2
03/07/2022;39.0;17.6
04/07/2022;35.9;17.3
05/07/2022;33.8;18.1
06/07/2022;34.9;18.1
07/07/2022;34.4;16.7
08/07/2022;31.1;14.5
09/07/2022;31.7;12.9
10/07/2022;32.9;11.8
11/07/2022;32.9;14.8
12/07/2022;32.2;16.6
13/07/2022;35.2;16.1
14/07/2022;36.8;15.1
15/07/2022;33.8;17.1
16/07/2022;36.0;16.6
17/07/2022;39.2;16.9
18/07/2022;37.7;18.6
19/07/2022;38.6;17.1
20/07/2022;39.1;16.4
21/07/2022;36.8;17.9
22/07/2022;37.1;19.3
23/07/2022;35.1;20.2
24/07/2022;34.6;20.3
25/07/2022;35.3;19.8
26/07/2022;35.2;19.8
27/07/2022;36.0;19.4
28/07/2022;37.3;19.0
29/07/2022;34.5;19.8
30/07/2022;33.6;19.8
31/07/2022;36.6;15.9
01/08/2022;37.0;15.7
02/08/2022;35.2;17.2
03/08/2022;37.3;16.9
04/08/2022;38.5;15.5
05/08/2022;36.3;19.7
06/08/2022;38.8;19.6
07/08/2022;34.9;19.8
08/08/2022;34.0;18.7
09/08/2022;33.4;18.1
10/08/2022;33.9;17.2
11/08/2022;33.2;15.9
12/08/2022;32.6;14.4
13/08/2022;31.1;15.7
14/08/2022;32.5;13.1
15/08/2022;33.7;14.1
16/08/2022;33.3;15.4
17/08/2022;33.9;17.4
18/08/2022;29.3;18.5
19/08/2022;25.7;18.5
20/08/2022;31.2;16.5
21/08/2022;30.8;18.9
22/08/2022;32.2;17.5
23/08/2022;32.7;15.1
24/08/2022;30.8;15.2
25/08/2022;32.8;16.0
26/08/2022;32.4;17.7
27/08/2022;31.6;17.2
28/08/2022;30.1;16.0
29/08/2022;32.3;15.8
30/08/2022;31.7;18.1
31/08/2022;29.1;19.6
01/09/2022;28.7;18.3
02/09/2022;30.2;14.3
03/09/2022;24.9;16.0
04/09/2022;29.9;15.4
05/09/2022;31.6;15.4
06/09/2022;32.0;15.5
07/09/2022;31.8;17.3
08/09/2022;29.7;19.2
09/09/2022;28.7;18.4
10/09/2022;26.8;16.6
11/09/2022;28.1;14.4
12/09/2022;29.5;13.5
13/09/2022;29.7;12.4
14/09/2022;29.0;17.2
15/09/2022;28.3;18.4
16/09/2022;28.7;16.3
17/09/2022;22.0;7.5
18/09/2022;24.4;4.8
19/09/2022;26.0;10.6
20/09/2022;26.3;7.6
21/09/2022;22.9;6.9
22/09/2022;22.3;4.4
23/09/2022;23.3;4.6
24/09/2022;19.9;7.8
25/09/2022;19.3;12.6
26/09/2022;23.3;12.0
27/09/2022;21.5;11.7
28/09/2022;20.0;10.9
29/09/2022;22.8;14.5
30/09/2022;18.5;12.1
01/10/2022;21.0;13.8
02/10/2022;22.6;15.2
03/10/2022;25.4;12.9
04/10/2022;25.0;9.4
05/10/2022;25.0;9.6
06/10/2022;25.0;8.1
07/10/2022;25.8;9.1
08/10/2022;24.0;9.4
09/10/2022;23.0;11.5
10/10/2022;22.6;14.0
11/10/2022;24.7;11.1
12/10/2022;23.7;9.1
13/10/2022;23.5;9.9
14/10/2022;22.4;9.0
15/10/2022;22.5;10.4
16/10/2022;24.2;10.9
17/10/2022;25.1;10.2
18/10/2022;24.4;9.9
19/10/2022;24.3;12.1
20/10/2022;25.9;9.0
21/10/2022;20.9;9.6
22/10/2022;26.1;13.7
23/10/2022;23.8;12.6
24/10/2022;24.3;13.5
25/10/2022;25.0;11.6
26/10/2022;24.3;12.7
27/10/2022;24.3;10.7
28/10/2022;25.8;9.1
29/10/2022;26.0;7.3
30/10/2022;24.5;6.1
31/10/2022;23.6;5.8
01/11/2022;21.3;5.0
02/11/2022;22.3;7.2
03/11/2022;20.3;11.5
04/11/2022;19.6;8.9
05/11/2022;17.6;3.7
06/11/2022;18.1;2.2
07/11/2022;17.6;2.1
08/11/2022;19.3;5.2
09/11/2022;20.4;8.3
10/11/2022;16.4;9.4
11/11/2022;19.6;7.1
12/11/2022;16.1;5.5
13/11/2022;17.4;3.8
14/11/2022;16.1;3.7
15/11/2022;11.1;2.0
16/11/2022;16.9;8.9
17/11/2022;18.7;6.3
18/11/2022;18.3;8.4
19/11/2022;12.9;8.7
20/11/2022;14.8;2.6
21/11/2022;14.3;1.2
22/11/2022;10.7;6.2
23/11/2022;14.4;0.5
24/11/2022;14.6;3.4
25/11/2022;12.6;3.5
26/11/2022;14.1;5.2
27/11/2022;13.9;1.1
28/11/2022;9.2;-0.7
29/11/2022;10.7;5.8
30/11/2022;9.8;1.1
01/12/2022;11.1;-0.3
02/12/2022;10.1;-1.0
03/12/2022;10.6;5.8
04/12/2022;14.9;6.5
05/12/2022;14.5;8.8
06/12/2022;13.5;9.6
07/12/2022;14.1;3.5
08/12/2022;11.0;3.5
09/12/2022;17.1;9.0
10/12/2022;13.0;8.2
11/12/2022;9.3;1.0
12/12/2022;8.3;-1.1
13/12/2022;6.4;2.4
14/12/2022;8.1;4.2
15/12/2022;14.7;6.7
16/12/2022;13.0;10.0
17/12/2022;14.4;3.0
18/12/2022;13.5;0.7
19/12/2022;11.1;-0.6
20/12/2022;15.0;4.7
21/12/2022;14.3;3.6
22/12/2022;11.4;7.9
23/12/2022;13.0;7.0
24/12/2022;15.6;8.2
25/12/2022;18.3;8.4
26/12/2022;16.5;6.4
27/12/2022;17.7;7.4
28/12/2022;15.8;5.6
29/12/2022;17.6;5.5
30/12/2022;18.1;5.4
31/12/2022;17.0;8.6
01/01/2023;16.5;6.2
02/01/2023;15.4;6.4
03/01/2023;15.0;7.8
04/01/2023;15.7;4.6
05/01/2023;14.8;4.8
06/01/2023;14.7;4.4
07/01/2023;11.8;9.2
08/01/2023;15.4;6.5
09/01/2023;14.4;2.2
10/01/2023;14.9;-0.8
11/01/2023;12.8;-2.3
12/01/2023;14.1;2.5
13/01/2023;10.5;3.3
14/01/2023;15.0;2.4
15/01/2023;14.8;4.7
16/01/2023;12.8;8.7
17/01/2023;10.7;7.3
18/01/2023;10.4;4.1
19/01/2023;8.2;0.0
20/01/2023;7.1;-1.8
21/01/2023;6.4;0.5
22/01/2023;9.3;2.6
23/01/2023;5.9;0.9
24/01/2023;12.3;-2.0
25/01/2023;11.1;2.0
26/01/2023;8.2;2.2
27/01/2023;7.3;2.6
28/01/2023;8.0;2.6
29/01/2023;9.4;-2.8
30/01/2023;9.9;-5.2
31/01/2023;14.2;-2.1
01/02/2023;12.3;-0.2
02/02/2023;13.4;-1.8
03/02/2023;13.4;5.7
04/02/2023;13.9;0.9
05/02/2023;11.3;-2.8
06/02/2023;8.4;-5.1
07/02/2023;8.1;-5.2
08/02/2023;7.6;-6.0
09/02/2023;6.9;-2.7
10/02/2023;10.6;-6.3
11/02/2023;12.9;-6.7
12/02/2023;13.0;-5.3
13/02/2023;15.5;-2.1
14/02/2023;14.7;-3.8
15/02/2023;14.5;0.4
16/02/2023;10.8;3.7
17/02/2023;13.1;3.7
18/02/2023;12.6;3.4
19/02/2023;14.1;8.8
20/02/2023;17.5;4.2
21/02/2023;13.3;8.2
22/02/2023;13.9;5.8
23/02/2023;15.5;4.3
24/02/2023;12.8;6.4
25/02/2023;13.8;7.5
26/02/2023;11.3;3.8
27/02/2023;10.3;5.0
28/02/2023;11.0;3.9
01/03/2023;7.0;-0.5
02/03/2023;12.3;-0.9
03/03/2023;15.0;2.6
04/03/2023;16.0;0.0
05/03/2023;14.6;-2.0
06/03/2023;12.5;5.0
07/03/2023;14.8;3.0
08/03/2023;15.7;6.9
09/03/2023;19.0;10.2
10/03/2023;15.9;8.8
11/03/2023;17.0;8.3
12/03/2023;21.4;5.4
13/03/2023;20.5;2.7
14/03/2023;15.9;6.6
15/03/2023;17.9;0.8
16/03/2023;16.0;-1.0
17/03/2023;18.4;-0.9
18/03/2023;19.0;0.2
19/03/2023;14.0;6.2
20/03/2023;17.6;6.1
21/03/2023;20.5;3.4
22/03/2023;19.3;6.4
23/03/2023;18.6;6.2
24/03/2023;19.6;6.4
25/03/2023;18.7;7.1
26/03/2023;20.3;6.7
27/03/2023;19.6;2.7
28/03/2023;17.5;0.3
29/03/2023;15.2;-0.7
30/03/2023;19.4;6.2
31/03/2023;16.5;5.3
01/04/2023;19.4;6.6
02/04/2023;18.5;4.0
03/04/2023;17.5;4.0
04/04/2023;12.1;3.6
05/04/2023;13.0;-0.5
06/04/2023;16.0;-2.7
07/04/2023;16.8;-2.0
08/04/2023;17.5;4.2
09/04/2023;17.1;1.5
10/04/2023;18.2;4.4
11/04/2023;17.2;2.3
12/04/2023;19.0;9.9
13/04/2023;17.2;7.3
14/04/2023;16.6;4.1
15/04/2023;18.3;4.5
16/04/2023;18.7;4.2
17/04/2023;16.8;3.8
18/04/2023;20.9;5.2
19/04/2023;22.6;6.0
20/04/2023;19.7;5.0
21/04/2023;22.4;6.3
22/04/2023;23.4;4.9
23/04/2023;24.2;5.6
24/04/2023;19.5;9.3
25/04/2023;18.8;6.4
26/04/2023;22.3;4.8
27/04/2023;23.1;3.4
28/04/2023;21.7;4.9
29/04/2023;20.9;10.2
30/04/2023;23.4;12.2
01/05/2023;19.3;11.4
02/05/2023;18.6;11.2
03/05/2023;21.3;10.6
04/05/2023;25.4;7.2
05/05/2023;25.1;7.8
06/05/2023;26.6;9.1
07/05/2023;26.1;7.5
08/05/2023;24.4;8.8
09/05/2023;27.0;8.8
10/05/2023;16.3;11.0
11/05/2023;20.5;6.8
12/05/2023;21.1;8.6
13/05/2023;20.7;8.4
14/05/2023;18.1;9.3
15/05/2023;22.2;8.0
16/05/2023;17.2;12.8
17/05/2023;20.7;12.1
18/05/2023;21.5;13.9
19/05/2023;16.9;11.9
20/05/2023;19.8;12.9
21/05/2023;26.0;12.5
22/05/2023;26.7;10.3
23/05/2023;28.5;9.8
24/05/2023;25.9;12.0
25/05/2023;26.2;10.7
26/05/2023;29.4;10.3
27/05/2023;28.0;11.8
28/05/2023;28.1;10.4
29/05/2023;27.7;11.6
30/05/2023;27.9;11.6
31/05/2023;25.9;11.3
01/06/2023;28.3;13.6
02/06/2023;26.8;11.4
03/06/2023;27.7;12.8
04/06/2023;26.3;11.5
05/06/2023;22.8;14.5
06/06/2023;24.9;13.7
07/06/2023;27.0;14.0
08/06/2023;27.5;12.4
09/06/2023;27.4;12.5
10/06/2023;25.1;16.9
11/06/2023;28.5;14.6
12/06/2023;29.8;13.9
13/06/2023;22.6;16.1
14/06/2023;24.7;13.6
15/06/2023;28.0;13.6
16/06/2023;28.4;11.9
17/06/2023;30.6;13.8
18/06/2023;31.0;12.8
19/06/2023;31.8;15.4
20/06/2023;32.0;12.3
21/06/2023;34.5;15.0
22/06/2023;35.7;15.1
23/06/2023;30.1;17.0
24/06/2023;30.5;15.8
25/06/2023;31.5;13.9
26/06/2023;34.2;13.8
27/06/2023;33.7;15.0
28/06/2023;31.7;16.3
29/06/2023;32.5;15.9
30/06/2023;26.0;17.6
01/07/2023;28.7;16.8
02/07/2023;30.5;16.5
03/07/2023;31.2;15.5
04/07/2023;30.6;17.2
05/07/2023;29.5;17.4
06/07/2023;31.4;15.3
07/07/2023;33.6;15.5
08/07/2023;35.6;17.1
09/07/2023;37.3;17.0
10/07/2023;37.3;18.2
11/07/2023;36.8;18.9
12/07/2023;35.3;19.3
13/07/2023;32.6;20.6
14/07/2023;34.3;18.8
15/07/2023;35.9;18.7
16/07/2023;37.4;19.0
17/07/2023;36.7;17.9
18/07/2023;36.9;19.4
19/07/2023;36.1;16.5
20/07/2023;34.8;20.1
21/07/2023;33.4;18.4
22/07/2023;34.0;18.8
23/07/2023;34.7;16.9
24/07/2023;34.4;17.0
25/07/2023;31.4;18.6
26/07/2023;30.6;16.1
27/07/2023;31.2;13.6
28/07/2023;29.8;14.9
29/07/2023;31.8;17.3
30/07/2023;30.9;17.1
31/07/2023;33.6;15.7
01/08/2023;30.8;17.8
02/08/2023;30.5;18.7
03/08/2023;31.7;20.7
04/08/2023;25.7;13.1
05/08/2023;23.9;12.4
06/08/2023;28.6;11.9
07/08/2023;29.7;12.2
08/08/2023;31.1;8.8
09/08/2023;29.9;11.7
10/08/2023;33.7;12.8
11/08/2023;35.2;14.7
12/08/2023;35.1;14.2
13/08/2023;36.6;15.4
14/08/2023;37.9;17.8
15/08/2023;35.5;17.4
16/08/2023;36.0;18.3
17/08/2023;35.0;18.1
18/08/2023;37.0;18.3
19/08/2023;37.5;17.2
20/08/2023;36.8;18.0
21/08/2023;37.7;18.2
22/08/2023;39.0;17.4
23/08/2023;40.3;17.1
24/08/2023;40.4;17.6
25/08/2023;37.3;18.4
26/08/2023;34.9;16.4
27/08/2023;36.1;16.7
28/08/2023;27.7;16.6
29/08/2023;22.7;16.2
30/08/2023;24.7;16.0
31/08/2023;27.2;14.2
01/09/2023;27.7;13.1
02/09/2023;32.2;12.6
03/09/2023;33.1;14.7
04/09/2023;31.0;16.3
05/09/2023;27.7;17.5
06/09/2023;29.7;16.5
07/09/2023;30.8;13.9
08/09/2023;32.4;15.7
09/09/2023;32.4;12.9
10/09/2023;33.0;11.8
11/09/2023;32.2;12.2
12/09/2023;30.7;11.6
13/09/2023;27.0;14.0
14/09/2023;29.6;14.9
15/09/2023;30.5;16.7
16/09/2023;29.0;15.7
17/09/2023;30.5;16.2
18/09/2023;29.9;15.2
19/09/2023;28.8;15.6
20/09/2023;25.3;14.2
21/09/2023;27.6;14.5
22/09/2023;26.0;15.1
23/09/2023;23.5;10.9
24/09/2023;24.3;9.2
25/09/2023;25.4;9.3
26/09/2023;27.5;14.1
27/09/2023;28.6;12.3
28/09/2023;29.4;10.9
29/09/2023;29.2;9.6
30/09/2023;30.0;9.5
01/10/2023;31.3;10.9
02/10/2023;32.2;9.8
03/10/2023;28.3;10.0
04/10/2023;27.4;13.2
05/10/2023;28.0;12.8
06/10/2023;28.3;14.6
07/10/2023;27.6;11.0
08/10/2023;28.1;14.7
09/10/2023;27.6;14.6
10/10/2023;26.2;14.3
11/10/2023;26.7;13.4
12/10/2023;26.4;13.3
13/10/2023;26.1;12.3
14/10/2023;26.1;9.2
15/10/2023;25.3;10.4
16/10/2023;21.3;11.0
17/10/2023;23.0;11.5
18/10/2023;18.2;14.6
19/10/2023;26.0;16.4
20/10/2023;25.7;16.0
21/10/2023;21.2;11.2
22/10/2023;21.1;10.7
23/10/2023;20.9;8.2
24/10/2023;21.7;14.9
25/10/2023;22.2;13.4
26/10/2023;22.3;14.6
27/10/2023;21.7;12.9
28/10/2023;22.7;10.7
29/10/2023;23.4;8.5
30/10/2023;22.9;16.9
31/10/2023;19.6;12.4
01/11/2023;16.8;8.7
02/11/2023;20.8;9.0
03/11/2023;17.3;9.6
04/11/2023;16.7;8.3
05/11/2023;19.8;15.0
06/11/2023;20.6;11.2
07/11/2023;18.3;7.5
08/11/2023;17.1;5.6
09/11/2023;16.5;8.1
10/11/2023;15.7;9.6
11/11/2023;16.5;4.6
12/11/2023;11.3;5.3
13/11/2023;13.9;8.1
14/11/2023;20.9;10.5
15/11/2023;21.4;11.3
16/11/2023;15.1;9.4
17/11/2023;17.6;5.7
18/11/2023;16.5;0.8
19/11/2023;10.6;3.9
20/11/2023;19.3;10.3
21/11/2023;16.9;9.7
22/11/2023;13.6;10.9
23/11/2023;15.8;3.4
24/11/2023;16.0;1.0
25/11/2023;11.3;-2.5
26/11/2023;13.2;-5.9
27/11/2023;9.1;-1.2
28/11/2023;14.5;1.6
29/11/2023;12.6;-0.9
30/11/2023;16.8;5.8
01/12/2023;20.9;13.8
02/12/2023;17.8;5.3
03/12/2023;11.5;-0.5
04/12/2023;6.2;-2.1
05/12/2023;8.3;2.7
06/12/2023;6.7;2.0
07/12/2023;7.2;-0.5
08/12/2023;6.0;-0.7
09/12/2023;12.8;0.9
10/12/2023;14.1;3.6
11/12/2023;12.1;3.5
12/12/2023;15.1;12.0
13/12/2023;15.3;9.3
14/12/2023;13.7;3.0
15/12/2023;15.1;0.3
16/12/2023;12.2;1.0
17/12/2023;14.1;0.8
18/12/2023;14.5;-2.2
19/12/2023;13.8;-2.1
20/12/2023;7.8;0.8
22/12/2023;15.0;5.3
23/12/2023;13.8;4.5
24/12/2023;14.1;5.3
25/12/2023;13.6;8.4
26/12/2023;14.5;4.9
27/12/2023;13.3;1.3
28/12/2023;11.9;3.4
29/12/2023;12.0;8.2
30/12/2023;12.4;9.0
31/12/2023;15.2;7.1
01/01/2024;13.3;6.4
02/01/2024;13.0;3.7
03/01/2024;16.3;7.0
04/01/2024;15.7;6.0
05/01/2024;13.8;3.1
06/01/2024;13.2;8.6
07/01/2024;9.2;6.9
08/01/2024;12.0;7.0
09/01/2024;9.6;1.0
10/01/2024;8.7;-0.5
11/01/2024;9.9;0.5
12/01/2024;13.0;-2.4
13/01/2024;10.8;-5.1
14/01/2024;9.2;6.2
15/01/2024;13.2;5.8
16/01/2024;14.5;6.1
17/01/2024;15.0;9.3
18/01/2024;16.9;6.9
19/01/2024;15.3;6.2
20/01/2024;7.2;3.3
21/01/2024;11.8;-3.2
22/01/2024;11.5;-6.7
23/01/2024;13.6;2.5
24/01/2024;11.0;-0.4
25/01/2024;12.7;4.1
26/01/2024;10.5;6.6
27/01/2024;15.2;1.3
28/01/2024;16.6;-1.1
29/01/2024;15.6;-3.1
30/01/2024;14.3;-3.9
31/01/2024;13.2;-2.6
01/02/2024;11.7;-0.3
02/02/2024;16.5;-2.1
03/02/2024;15.2;0.6
04/02/2024;13.5;5.2
05/02/2024;14.4;6.8
06/02/2024;15.0;6.3
07/02/2024;14.4;2.9
08/02/2024;15.7;5.7
09/02/2024;16.2;5.4
10/02/2024;13.3;10.1
11/02/2024;13.4;9.0
12/02/2024;14.1;5.5
13/02/2024;16.9;1.4
14/02/2024;15.4;0.5
15/02/2024;16.6;2.1
16/02/2024;16.6;2.8
17/02/2024;20.2;4.8
18/02/2024;19.3;1.1
19/02/2024;17.4;4.8
20/02/2024;19.1;3.3
21/02/2024;17.7;-0.3
22/02/2024;15.4;3.8
23/02/2024;15.5;7.8
24/02/2024;15.1;4.3
25/02/2024;14.5;2.2
26/02/2024;11.1;2.7
27/02/2024;14.4;9.3
28/02/2024;18.3;8.0
29/02/2024;17.8;11.1
01/03/2024;12.5;10.0
02/03/2024;13.9;5.8
03/03/2024;14.7;5.2
04/03/2024;12.6;4.8
05/03/2024;15.3;4.1
06/03/2024;13.0;1.9
07/03/2024;14.5;-0.4
08/03/2024;15.3;0.0
09/03/2024;16.5;7.1
10/03/2024;15.0;7.8
11/03/2024;13.5;4.4
12/03/2024;16.1;4.9
13/03/2024;17.5;5.9
14/03/2024;17.0;5.2
15/03/2024;13.1;3.4
16/03/2024;16.6;6.9
17/03/2024;17.0;6.9
18/03/2024;14.2;8.1
19/03/2024;21.0;7.1
20/03/2024;22.1;3.8
21/03/2024;19.5;4.0
22/03/2024;22.5;7.0
23/03/2024;18.5;4.9
24/03/2024;17.3;3.7
25/03/2024;18.4;0.6
26/03/2024;11.9;7.7
27/03/2024;14.2;5.7
28/03/2024;19.5;6.5
29/03/2024;22.5;9.5
30/03/2024;23.3;7.9
31/03/2024;22.2;11.0
01/04/2024;17.3;10.4
02/04/2024;18.3;7.0
03/04/2024;19.1;6.9
04/04/2024;20.0;7.5
05/04/2024;21.6;5.1
06/04/2024;23.4;5.7
07/04/2024;25.4;4.9
08/04/2024;26.2;6.4
09/04/2024;24.9;8.1
10/04/2024;18.6;9.4
11/04/2024;23.4;8.1
12/04/2024;26.9;8.4
13/04/2024;29.2;8.6
14/04/2024;28.4;8.3
15/04/2024;24.1;7.6
16/04/2024;19.7;7.5
17/04/2024;17.9;6.7
18/04/2024;16.7;5.5
19/04/2024;17.8;5.4
20/04/2024;16.8;5.1
21/04/2024;17.6;1.5
22/04/2024;14.7;5.5
23/04/2024;10.9;3.7
24/04/2024;14.7;3.6
25/04/2024;15.3;4.0
26/04/2024;16.5;4.6
27/04/2024;16.4;8.1
28/04/2024;25.6;5.3
29/04/2024;25.7;7.5
30/04/2024;29.3;8.2
01/05/2024;15.8;12.9
02/05/2024;15.9;7.5
03/05/2024;17.9;7.9
04/05/2024;20.7;8.7
05/05/2024;22.5;9.9
06/05/2024;24.2;7.2
07/05/2024;17.7;10.3
08/05/2024;23.6;9.9
09/05/2024;24.4;11.5
10/05/2024;25.0;9.0
11/05/2024;27.3;6.5
12/05/2024;26.9;8.3
13/05/2024;25.3;10.0
14/05/2024;26.6;10.5
15/05/2024;24.4;13.5
16/05/2024;25.6;11.8
17/05/2024;23.2;9.7
18/05/2024;27.7;7.9
19/05/2024;27.8;9.2
20/05/2024;24.2;15.0
21/05/2024;22.5;11.9
22/05/2024;22.3;11.0
23/05/2024;23.2;10.5
24/05/2024;25.2;11.1
25/05/2024;24.5;11.7
26/05/2024;24.9;9.5
27/05/2024;28.6;11.9
28/05/2024;25.6;13.4
29/05/2024;26.7;12.7
30/05/2024;23.5;13.3
31/05/2024;23.2;10.3
01/06/2024;26.1;8.6
02/06/2024;24.0;9.7
03/06/2024;22.9;12.5
04/06/2024;25.8;10.5
05/06/2024;25.8;12.3
06/06/2024;26.5;13.8
07/06/2024;28.2;12.8
08/06/2024;29.4;12.3
09/06/2024;29.7;14.7
10/06/2024;25.0;15.5
11/06/2024;27.4;13.6
12/06/2024;26.2;14.1
13/06/2024;23.7;12.1
14/06/2024;23.8;11.9
15/06/2024;28.6;10.8
16/06/2024;27.6;11.4
17/06/2024;29.7;9.5
18/06/2024;34.0;11.9
19/06/2024;30.3;14.8
20/06/2024;30.6;17.5
21/06/2024;30.5;17.9
22/06/2024;26.6;14.3
23/06/2024;25.2;15.8
24/06/2024;23.1;16.1
25/06/2024;26.0;13.9
26/06/2024;27.2;12.3
27/06/2024;28.9;16.4
28/06/2024;32.4;14.3
29/06/2024;34.4;17.3
30/06/2024;28.4;17.1
01/07/2024;29.5;15.7
02/07/2024;31.0;16.7
03/07/2024;28.4;17.6
04/07/2024;29.9;16.1
05/07/2024;32.4;14.1
06/07/2024;31.6;14.0
07/07/2024;31.0;15.5
08/07/2024;33.0;16.9
09/07/2024;35.3;13.7
10/07/2024;34.8;16.7
11/07/2024;34.3;15.9
12/07/2024;34.4;16.1
13/07/2024;32.2;17.4
14/07/2024;33.9;15.7
15/07/2024;34.9;15.6
16/07/2024;33.4;16.5
17/07/2024;34.4;16.8
18/07/2024;36.2;16.5
19/07/2024;36.3;19.9
20/07/2024;32.9;20.7
21/07/2024;33.8;19.3
22/07/2024;33.8;20.2
23/07/2024;35.8;18.0
24/07/2024;34.7;21.5
25/07/2024;36.1;19.1
26/07/2024;35.6;18.2
27/07/2024;36.4;18.2
28/07/2024;36.5;17.3
29/07/2024;37.3;19.3
30/07/2024;37.6;19.9
31/07/2024;37.9;18.5
01/08/2024;35.7;20.5
02/08/2024;36.0;17.8
03/08/2024;33.9;20.5
04/08/2024;36.0;17.7
05/08/2024;37.2;19.4
06/08/2024;35.0;21.4
07/08/2024;34.7;20.0
08/08/2024;35.9;18.1
09/08/2024;38.0;20.0
10/08/2024;40.2;20.3
11/08/2024;39.9;20.0
12/08/2024;38.9;20.7
13/08/2024;38.7;19.8
14/08/2024;37.9;18.9
15/08/2024;35.4;18.9
16/08/2024;35.1;20.0
17/08/2024;32.7;20.4
18/08/2024;29.1;19.0
19/08/2024;25.0;17.3
20/08/2024;30.6;16.8
21/08/2024;34.0;17.7
22/08/2024;34.9;17.7
23/08/2024;33.7;19.9
24/08/2024;33.9;18.9
25/08/2024;33.3;16.0
26/08/2024;36.1;17.8
27/08/2024;34.5;18.1
28/08/2024;34.1;16.9
29/08/2024;35.6;17.8
30/08/2024;36.5;17.1
31/08/2024;36.6;16.5
01/09/2024;36.1;16.6
02/09/2024;30.2;17.9
03/09/2024;32.9;16.5
04/09/2024;33.3;17.7
05/09/2024;22.6;17.6
06/09/2024;29.0;15.8
07/09/2024;32.5;14.1
08/09/2024;25.7;20.1
09/09/2024;26.2;18.2
10/09/2024;29.6;16.1
11/09/2024;29.0;16.5
12/09/2024;21.4;13.7
13/09/2024;19.5;9.0
14/09/2024;23.2;6.0
15/09/2024;23.6;7.9
16/09/2024;25.1;11.3
17/09/2024;19.6;14.1
18/09/2024;20.7;14.1
19/09/2024;20.7;11.3
20/09/2024;23.9;12.7
21/09/2024;25.8;10.4
22/09/2024;25.9;12.2
23/09/2024;22.9;14.8
24/09/2024;23.7;14.8
25/09/2024;25.2;13.6
26/09/2024;26.1;14.0
27/09/2024;27.5;16.0
28/09/2024;21.7;11.5
29/09/2024;23.8;8.9
30/09/2024;22.1;7.5
01/10/2024;17.5;14.5
02/10/2024;24.5;15.0
03/10/2024;15.1;12.6
04/10/2024;18.7;11.6
05/10/2024;18.8;8.1
06/10/2024;19.0;5.4
07/10/2024;16.3;14.0
08/10/2024;22.4;15.5
09/10/2024;24.3;15.3
10/10/2024;23.7;13.5
11/10/2024;21.2;10.8
12/10/2024;22.0;8.9
13/10/2024;20.7;12.6
14/10/2024;22.9;12.5
15/10/2024;24.3;13.2
16/10/2024;18.7;13.1
17/10/2024;20.1;14.5
18/10/2024;22.6;14.3
19/10/2024;18.7;14.3
20/10/2024;24.4;13.1
21/10/2024;24.8;11.8
22/10/2024;21.3;12.5
23/10/2024;20.2;15.3
24/10/2024;19.3;14.8
25/10/2024;20.0;14.6
26/10/2024;23.0;15.7
27/10/2024;22.8;13.7
28/10/2024;24.0;12.5
29/10/2024;23.1;9.9
30/10/2024;23.7;8.3
31/10/2024;24.3;6.9
01/11/2024;22.6;5.2
02/11/2024;21.3;4.9
03/11/2024;21.6;5.2
04/11/2024;21.6;4.7
05/11/2024;19.5;4.0
06/11/2024;20.2;3.3
07/11/2024;19.5;3.4
08/11/2024;19.7;3.3
09/11/2024;19.2;5.9
10/11/2024;18.7;3.6
11/11/2024;18.1;2.2
12/11/2024;17.0;1.4
13/11/2024;15.0;2.2
14/11/2024;12.8;1.3
15/11/2024;15.0;0.4
16/11/2024;15.5;-1.5
17/11/2024;12.0;3.6
18/11/2024;16.9;7.0
19/11/2024;16.1;7.9
20/11/2024;15.9;1.5
21/11/2024;14.7;-1.5
22/11/2024;17.4;-1.0
23/11/2024;12.2;-4.5
24/11/2024;10.2;1.4
25/11/2024;15.0;2.1
26/11/2024;18.3;3.0
27/11/2024;16.6;9.5
28/11/2024;15.1;9.6
29/11/2024;15.3;1.9
30/11/2024;12.6;0.0
01/12/2024;14.2;3.7
02/12/2024;14.8;0.0
03/12/2024;10.0;0.4
04/12/2024;12.8;2.7
05/12/2024;12.2;1.0
06/12/2024;6.4;-0.2
07/12/2024;9.8;-0.7
08/12/2024;9.4;2.9
09/12/2024;8.3;3.6
10/12/2024;10.4;2.3
11/12/2024;13.3;0.1
12/12/2024;13.3;-1.8
13/12/2024;10.7;-0.9
14/12/2024;9.9;4.3
15/12/2024;9.5;-0.1
16/12/2024;13.5;-2.1
17/12/2024;14.2;-0.4
18/12/2024;12.8;8.9
19/12/2024;13.8;9.6
20/12/2024;13.1;1.0
21/12/2024;11.3;-1.7
22/12/2024;5.6;-3.3
23/12/2024;8.4;-1.7
24/12/2024;12.2;-3.7
25/12/2024;12.9;-3.0
26/12/2024;12.2;-0.8
27/12/2024;14.8;0.5
28/12/2024;14.7;-1.9
29/12/2024;14.5;-2.6
30/12/2024;12.9;-0.7
31/12/2024;11.8;-2.8
01/01/2025;12.7;4.5
02/01/2025;13.8;5.8
03/01/2025;12.3;0.8
04/01/2025;11.5;-3.1
05/01/2025;12.1;-0.8
06/01/2025;16.2;5.7
07/01/2025;14.1;5.0
08/01/2025;13.8;7.1
09/01/2025;17.3;12.8
10/01/2025;15.2;7.0
11/01/2025;10.5;4.3
12/01/2025;9.1;3.8
13/01/2025;8.4;4.3
14/01/2025;7.2;0.0
15/01/2025;7.9;-2.9
16/01/2025;10.6;-2.8
17/01/2025;10.7;4.6
18/01/2025;12.6;2.1
19/01/2025;13.8;-0.5
20/01/2025;12.9;6.3
21/01/2025;13.0;2.9
22/01/2025;9.5;2.9
23/01/2025;18.3;8.4
24/01/2025;15.3;5.0
25/01/2025;16.4;6.3
26/01/2025;14.9;2.6
27/01/2025;17.0;6.6
28/01/2025;15.4;8.0
29/01/2025;14.4;4.2
30/01/2025;13.5;0.5
31/01/2025;10.7;1.8
01/02/2025;13.0;3.0
02/02/2025;14.1;2.9
03/02/2025;15.6;3.6
04/02/2025;16.5;-1.7
05/02/2025;17.4;-1.7
06/02/2025;16.5;-1.6
07/02/2025;14.6;-2.0
08/02/2025;10.0;4.6
09/02/2025;13.4;4.4
10/02/2025;16.3;1.6
11/02/2025;13.2;7.1
12/02/2025;12.1;7.9
13/02/2025;14.2;4.6
14/02/2025;11.3;4.8
15/02/2025;10.4;-0.7
16/02/2025;12.9;-2.3
17/02/2025;12.4;1.8
18/02/2025;11.2;-0.8
19/02/2025;8.7;5.1
20/02/2025;13.8;3.5
21/02/2025;17.4;1.0
22/02/2025;14.5;6.2
23/02/2025;16.4;6.1
24/02/2025;12.9;9.6
25/02/2025;15.8;10.0
26/02/2025;15.2;5.0
27/02/2025;16.3;2.6
28/02/2025;15.3;4.4
01/03/2025;14.6;7.4
02/03/2025;13.3;7.0
03/03/2025;17.4;0.2
04/03/2025;18.2;-1.3
05/03/2025;19.3;-0.9
06/03/2025;20.1;0.3
07/03/2025;19.0;0.5
08/03/2025;20.4;3.7
09/03/2025;18.4;6.5
10/03/2025;16.8;9.6
11/03/2025;18.9;8.6
12/03/2025;14.1;9.4
13/03/2025;16.7;9.7
14/03/2025;15.4;10.5
15/03/2025;18.8;10.1
16/03/2025;13.0;5.2
17/03/2025;15.6;4.4
18/03/2025;12.2;-0.4
19/03/2025;15.7;-2.3
20/03/2025;17.8;-1.0
21/03/2025;17.0;9.2
22/03/2025;13.7;9.9
23/03/2025;19.2;8.2
24/03/2025;19.3;6.4
25/03/2025;18.0;5.9
26/03/2025;19.5;4.5
27/03/2025;16.0;7.3
28/03/2025;16.1;10.3
29/03/2025;16.5;9.1
30/03/2025;21.0;7.9
31/03/2025;19.6;4.3
01/04/2025;14.5;5.6
02/04/2025;19.1;6.7
03/04/2025;23.4;3.9
04/04/2025;23.9;3.4
05/04/2025;22.0;2.9
06/04/2025;20.8;4.6
07/04/2025;18.5;0.5
08/04/2025;18.7;1.6
09/04/2025;18.2;1.4
10/04/2025;21.0;7.5
11/04/2025;21.7;4.7
12/04/2025;22.1;5.3
13/04/2025;13.4;10.7
14/04/2025;14.8;11.5
15/04/2025;18.3;13.6
16/04/2025;22.8;9.5
17/04/2025;17.2;11.2
18/04/2025;15.4;7.7
19/04/2025;20.4;5.1
20/04/2025;19.9;7.6
21/04/2025;21.8;10.5
22/04/2025;22.7;8.4
23/04/2025;21.9;11.7
24/04/2025;21.8;11.6
25/04/2025;22.2;9.2
26/04/2025;21.0;7.8
27/04/2025;23.7;6.7
28/04/2025;25.7;8.2
29/04/2025;26.7;9.8
30/04/2025;27.5;7.8
01/05/2025;29.0;6.4
02/05/2025;29.9;8.1
03/05/2025;25.3;8.7
04/05/2025;23.8;8.2
05/05/2025;18.9;13.9
06/05/2025;19.6;9.4
07/05/2025;16.3;8.0
08/05/2025;18.3;8.9
09/05/2025;21.6;9.7
10/05/2025;24.0;7.6
11/05/2025;24.4;8.7
12/05/2025;23.8;8.0
13/05/2025;23.3;12.3
14/05/2025;25.7;11.8
15/05/2025;25.7;9.5
16/05/2025;20.9;9.5
17/05/2025;20.8;8.4
18/05/2025;20.5;6.3
19/05/2025;24.9;10.4
20/05/2025;22.1;12.6
21/05/2025;23.7;11.8
22/05/2025;24.5;12.0
23/05/2025;21.3;9.6
24/05/2025;24.0;6.6
25/05/2025;24.4;6.6
26/05/2025;24.2;11.1
27/05/2025;25.4;10.9
28/05/2025;26.6;11.0
29/05/2025;29.7;12.1
30/05/2025;30.9;11.6
31/05/2025;31.3;12.0
01/06/2025;29.6;12.0
02/06/2025;30.7;13.2
03/06/2025;29.9;13.6
04/06/2025;29.7;11.1
05/06/2025;27.6;13.8
06/06/2025;29.2;15.8
07/06/2025;31.0;14.1
08/06/2025;28.3;15.0
09/06/2025;33.4;12.6
10/06/2025;32.3;15.1
11/06/2025;31.6;15.1
12/06/2025;33.6;13.8
13/06/2025;36.0;15.4
14/06/2025;35.7;18.3
15/06/2025;34.1;19.2
16/06/2025;33.1;16.9
17/06/2025;26.0;16.5
18/06/2025;33.0;16.6
19/06/2025;35.7;16.3
20/06/2025;35.5;15.7
21/06/2025;33.7;17.8
22/06/2025;33.3;18.9
23/06/2025;32.7;16.5
24/06/2025;32.9;16.2
25/06/2025;35.5;18.1
26/06/2025;35.1;19.0
27/06/2025;36.0;19.4
28/06/2025;37.1;17.5
29/06/2025;36.8;18.3
30/06/2025;39.2;16.4
01/07/2025;39.1;18.7
02/07/2025;37.1;18.8
03/07/2025;36.8;17.1
04/07/2025;37.4;18.7
05/07/2025;35.4;18.9
06/07/2025;31.4;18.8
07/07/2025;28.1;20.2
08/07/2025;28.6;14.5
09/07/2025;29.4;14.2
10/07/2025;30.6;11.3
11/07/2025;32.1;11.8
12/07/2025;30.4;13.0
13/07/2025;27.4;16.8
14/07/2025;30.5;14.8
15/07/2025;33.5;16.8
16/07/2025;33.9;18.3
17/07/2025;34.5;19.6
18/07/2025;34.3;15.6
19/07/2025;31.9;19.1
20/07/2025;33.3;18.3
21/07/2025;33.5;20.6
22/07/2025;29.8;17.8
23/07/2025;30.7;16.1
24/07/2025;32.4;18.2
25/07/2025;27.2;18.7
26/07/2025;28.3;17.6
27/07/2025;30.4;16.4
28/07/2025;24.6;16.0
29/07/2025;29.8;14.0
30/07/2025;30.7;12.6
31/07/2025;31.8;12.8
01/08/2025;31.2;14.9
02/08/2025;27.5;17.5
03/08/2025;26.7;13.6
04/08/2025;29.3;11.6
05/08/2025;34.1;15.2
06/08/2025;35.3;15.6
07/08/2025;35.9;17.0
08/08/2025;36.6;15.5
09/08/2025;38.3;16.4
10/08/2025;39.8;18.1
11/08/2025;38.9;17.7
12/08/2025;38.3;18.1
13/08/2025;39.2;19.0
14/08/2025;37.6;18.6
15/08/2025;36.7;16.5
16/08/2025;37.0;16.5
17/08/2025;35.9;18.6
18/08/2025;34.7;17.9
19/08/2025;33.0;18.2
20/08/2025;30.0;19.7
21/08/2025;29.1;18.1
22/08/2025;29.5;16.9
23/08/2025;28.4;15.1
24/08/2025;30.2;16.0
25/08/2025;29.5;16.0
26/08/2025;31.7;15.2
27/08/2025;31.6;15.7
28/08/2025;32.9;18.0
29/08/2025;28.4;17.4
30/08/2025;25.6;15.9
31/08/2025;28.3;14.6
01/09/2025;30.0;13.5
02/09/2025;26.1;15.3
03/09/2025;26.8;14.8
04/09/2025;30.5;13.6
05/09/2025;28.6;15.7
06/09/2025;31.6;12.4
07/09/2025;31.0;12.0
08/09/2025;29.0;12.3
09/09/2025;25.8;17.7
10/09/2025;22.1;17.9
11/09/2025;25.9;15.5
12/09/2025;26.8;13.8
13/09/2025;25.2;14.4
14/09/2025;25.2;13.5
15/09/2025;27.8;14.0
16/09/2025;27.6;16.6
17/09/2025;28.4;14.2
18/09/2025;32.0;13.5
19/09/2025;33.2;13.3
20/09/2025;33.9;14.5
21/09/2025;31.1;13.8
22/09/2025;27.6;14.6
23/09/2025;23.4;15.8
24/09/2025;23.1;12.7
25/09/2025;17.9;10.7
26/09/2025;19.0;11.8
27/09/2025;21.8;9.6
28/09/2025;22.2;9.4
29/09/2025;24.7;8.2
30/09/2025;24.6;8.5
01/10/2025;20.8;9.0
02/10/2025;18.9;4.9
03/10/2025;19.3;3.4
04/10/2025;21.4;2.1
05/10/2025;18.5;5.3
06/10/2025;21.7;2.4
07/10/2025;21.6;3.4
08/10/2025;23.7;6.4
09/10/2025;25.2;7.6
10/10/2025;26.0;8.0
11/10/2025;26.1;7.7
12/10/2025;25.6;7.5
13/10/2025;24.2;7.3
14/10/2025;23.8;8.3
15/10/2025;23.0;9.4
16/10/2025;21.9;5.4
17/10/2025;20.9;4.7
18/10/2025;21.4;3.6
19/10/2025;21.4;3.0
20/10/2025;19.7;5.5
21/10/2025;21.1;13.9
22/10/2025;19.2;14.2
23/10/2025;21.1;15.7
24/10/2025;19.6;12.0
25/10/2025;20.3;12.8
26/10/2025;19.8;9.8
27/10/2025;17.5;4.2
28/10/2025;21.1;9.1
29/10/2025;21.8;7.9
30/10/2025;20.5;15.8
31/10/2025;20.8;12.8
01/11/2025;22.4;11.6
02/11/2025;20.7;12.3
03/11/2025;20.5;6.1
04/11/2025;20.1;4.1
05/11/2025;19.6;1.3
06/11/2025;19.3;1.0
07/11/2025;17.0;2.3
08/11/2025;18.2;3.4
09/11/2025;17.3;1.1
10/11/2025;16.7;2.0
11/11/2025;18.3;2.3
12/11/2025;20.0;6.8
13/11/2025;20.1;7.5
14/11/2025;18.1;7.7
15/11/2025;20.4;11.2
16/11/2025;20.8;9.9
17/11/2025;19.0;9.5
18/11/2025;14.0;2.9
19/11/2025;12.3;0.2
20/11/2025;13.8;7.0
21/11/2025;12.9;5.4
22/11/2025;6.6;1.3
23/11/2025;8.2;-1.8
24/11/2025;13.0;4.8
25/11/2025;13.2;2.4
26/11/2025;12.3;2.0
27/11/2025;10.6;5.4
28/11/2025;11.5;1.1
29/11/2025;13.9;-2.7
30/11/2025;11.5;-3.3
01/12/2025;10.1;5.8
02/12/2025;12.3;3.7
03/12/2025;13.5;1.3
04/12/2025;13.6;2.1
05/12/2025;14.7;2.2
06/12/2025;13.9;-0.3
07/12/2025;15.0;2.6
08/12/2025;15.4;1.0
09/12/2025;15.8;1.7
10/12/2025;15.8;5.0
11/12/2025;12.1;4.3
12/12/2025;12.6;1.2
13/12/2025;15.0;-0.4
14/12/2025;13.3;-1.3
15/12/2025;11.8;-1.4
16/12/2025;11.0;6.9
17/12/2025;11.9;8.5
18/12/2025;14.2;6.9
19/12/2025;14.6;9.1
20/12/2025;15.5;6.6
21/12/2025;14.7;4.1
22/12/2025;14.7;1.9
23/12/2025;12.4;6.5
24/12/2025;11.9;8.0
25/12/2025;9.1;6.3
26/12/2025;11.9;2.6
27/12/2025;14.1;-0.1
28/12/2025;13.0;-3.3
29/12/2025;13.0;-4.3
30/12/2025;13.1;-0.7
31/12/2025;10.0;-3.6
01/01/2026;9.0;-6.3
02/01/2026;14.9;3.7
03/01/2026;13.4;3.1
04/01/2026;8.8;5.1
05/01/2026;5.2;3.5
06/01/2026;4.8;0.5
07/01/2026;5.1;-4.2
08/01/2026;5.1;-6.6
09/01/2026;13.1;2.7
10/01/2026;11.8;-0.3
11/01/2026;11.8;-3.8
12/01/2026;8.7;-5.2
13/01/2026;11.9;4.3
14/01/2026;13.1;3.1
15/01/2026;14.9;6.4
16/01/2026;15.7;3.2
17/01/2026;15.9;1.7
18/01/2026;15.5;0.7
19/01/2026;12.0;5.8
20/01/2026;12.3;0.0
21/01/2026;9.1;-1.3
22/01/2026;11.4;-3.9
23/01/2026;7.1;-0.1
24/01/2026;12.2;5.5
25/01/2026;12.3;2.8
26/01/2026;11.1;0.2
27/01/2026;12.6;-0.9
28/01/2026;13.0;4.4
29/01/2026;10.5;3.6
30/01/2026;10.2;2.0
31/01/2026;13.2;2.1
01/02/2026;12.5;-0.6
02/02/2026;8.8;-2.5
03/02/2026;13.6;5.7
04/02/2026;10.2;7.0
05/02/2026;11.3;6.3
06/02/2026;14.5;6.3
07/02/2026;12.5;5.9
08/02/2026;12.5;5.2
09/02/2026;13.6;4.0
10/02/2026;14.3;2.6
11/02/2026;14.8;8.4
12/02/2026;15.3;5.8
13/02/2026;15.7;2.7
14/02/2026;12.6;7.8
15/02/2026;15.7;5.6
16/02/2026;14.0;5.7
17/02/2026;16.5;3.9
18/02/2026;14.7;0.7
19/02/2026;13.9;6.4
20/02/2026;16.6;4.2
21/02/2026;16.2;1.8
22/02/2026;17.6;1.1
23/02/2026;14.9;4.8
24/02/2026;15.9;5.1
25/02/2026;19.1;4.0
26/02/2026;19.6;3.4
27/02/2026;15.4;5.4
28/02/2026;16.5;4.2
01/03/2026;15.9;4.4
02/03/2026;16.6;6.1
03/03/2026;17.0;5.8
04/03/2026;17.2;4.3
05/03/2026;20.4;2.7
06/03/2026;18.0;5.0
07/03/2026;17.9;3.4
08/03/2026;17.3;8.9
09/03/2026;18.7;3.8
10/03/2026;18.4;3.6
11/03/2026;16.1;9.6
12/03/2026;14.2;8.1
13/03/2026;18.8;5.0
14/03/2026;16.4;3.0
15/03/2026;19.6;10.5
16/03/2026;21.3;6.0
17/03/2026;18.0;3.0
18/03/2026;12.1;5.0
19/03/2026;17.1;2.3
20/03/2026;16.9;-0.1
21/03/2026;16.1;-1.1
22/03/2026;14.8;1.5
23/03/2026;17.1;1.3
24/03/2026;19.5;0.6
25/03/2026;18.1;2.0
26/03/2026;13.8;5.6
27/03/2026;12.3;0.4
28/03/2026;18.0;-0.5
29/03/2026;17.4;0.6
30/03/2026;17.3;0.9
31/03/2026;15.3;1.2
01/04/2026;11.5;9.4
02/04/2026;15.1;10.3
03/04/2026;21.5;5.0
04/04/2026;23.4;1.6
05/04/2026;23.4;3.1
06/04/2026;21.5;3.0
07/04/2026;22.4;5.9
08/04/2026;23.1;2.8
09/04/2026;22.8;4.4
10/04/2026;22.3;6.4
11/04/2026;23.9;5.8
12/04/2026;23.8;6.8
13/04/2026;22.3;12.8
14/04/2026;18.1;12.4
15/04/2026;21.3;11.5
16/04/2026;25.0;8.5
17/04/2026;27.1;8.6
18/04/2026;27.3;7.2
19/04/2026;24.6;7.3
20/04/2026;23.1;7.2
21/04/2026;21.7;12.2
22/04/2026;19.4;5.4
23/04/2026;22.3;2.5
24/04/2026;23.4;2.6
25/04/2026;23.5;5.4
26/04/2026;23.7;6.0
27/04/2026;25.4;4.8
28/04/2026;25.5;6.0
29/04/2026;27.4;5.5
30/04/2026;21.0;7.3
01/05/2026;21.3;5.4
02/05/2026;25.7;3.1
03/05/2026;23.8;5.1
04/05/2026;24.2;5.8
05/05/2026;20.7;12.8
06/05/2026;21.2;12.0
07/05/2026;22.7;8.6
08/05/2026;22.6;7.1
09/05/2026;26.4;8.8
10/05/2026;19.8;13.3
11/05/2026;22.9;12.2
12/05/2026;20.9;10.9
13/05/2026;19.6;10.2
14/05/2026;21.3;10.1
15/05/2026;15.3;10.4
16/05/2026;18.2;8.0
17/05/2026;22.3;4.6
18/05/2026;21.8;6.2
19/05/2026;20.9;10.2
20/05/2026;23.6;10.0
21/05/2026;29.6;9.5
22/05/2026;29.1;9.5
23/05/2026;29.2;10.5
24/05/2026;30.3;12.0
25/05/2026;33.0;11.1
26/05/2026;33.9;12.9
27/05/2026;30.8;14.9
28/05/2026;26.2;15.6
29/05/2026;30.2;15.7
30/05/2026;31.6;13.0
31/05/2026;29.7;13.3
01/06/2026;28.6;15.7
02/06/2026;28.4;16.5
03/06/2026;27.5;16.9
04/06/2026;28.2;15.2
05/06/2026;25.7;12.4
06/06/2026;25.7;12.1
07/06/2026;28.8;13.2
08/06/2026;30.0;11.2
09/06/2026;29.0;12.0
10/06/2026;28.9;12.9
11/06/2026;28.4;13.1
