FREQ,Frequenza,REF_AREA,Territorio,INDICATOR,Indicatore,TIME_PERIOD,Osservazione,OBS_STATUS,Stato dell’osservazione,NOTE_REF_AREA,Nota - Territorio,NOTE_INDICATOR,Nota - Indicatore,NOTE_TIME_PERIOD,Nota - Anno,BASE_PER,Anno base,UNIT_MEAS,Unità di misura,UNIT_MULT,Unità di moltiplicazione
A,Annuale,048001,Bagno a Ripoli,RESPOP_AV,Popolazione residente al 31 dicembre,1951,17783,,,,,,,,,,,,,,
A,Annuale,048001,Bagno a Ripoli,RESPOP_AV,Popolazione residente al 31 dicembre,1961,18067,,,,,,,,,,,,,,
A,Annuale,048001,Bagno a Ripoli,RESPOP_AV,Popolazione residente al 31 dicembre,1971,22250,,,,,,,,,,,,,,
A,Annuale,048001,Bagno a Ripoli,RESPOP_AV,Popolazione residente al 31 dicembre,1981,25735,,,,,,,,,,,,,,
A,Annuale,048001,Bagno a Ripoli,RESPOP_AV,Popolazione residente al 31 dicembre,1991,27382,,,,,,,,,,,,,,
A,Annuale,048001,Bagno a Ripoli,RESPOP_AV,Popolazione residente al 31 dicembre,2001,25232,,,,,,,,,,,,,,
A,Annuale,048001,Bagno a Ripoli,RESPOP_AV,Popolazione residente al 31 dicembre,2011,25403,,,,,,,,,,,,,,
A,Annuale,048001,Bagno a Ripoli,RESPOP_AV,Popolazione residente al 31 dicembre,2018,25560,,,,,,,,,,,,,,
A,Annuale,048001,Bagno a Ripoli,RESPOP_AV,Popolazione residente al 31 dicembre,2019,25556,,,,,,,,,,,,,,
A,Annuale,048001,Bagno a Ripoli,RESPOP_AV,Popolazione residente al 31 dicembre,2020,25323,,,,,,,,,,,,,,
A,Annuale,048001,Bagno a Ripoli,RESPOP_AV,Popolazione residente al 31 dicembre,2021,25314,,,,,,,,,,,,,,
A,Annuale,048001,Bagno a Ripoli,RESPOP_AV,Popolazione residente al 31 dicembre,2022,25207,,,,,,,,,,,,,,
A,Annuale,048001,Bagno a Ripoli,RESPOP_AV,Popolazione residente al 31 dicembre,2023,25041,,,,,,,,,,,,,,
A,Annuale,048001,Bagno a Ripoli,RESPOP_AV,Popolazione residente al 31 dicembre,2024,24946,,,,,,,,,,,,,,
A,Annuale,048002,Barberino di Mugello,RESPOP_AV,Popolazione residente al 31 dicembre,1951,10366,,,,,,,,,,,,,,
A,Annuale,048002,Barberino di Mugello,RESPOP_AV,Popolazione residente al 31 dicembre,1961,8481,,,,,,,,,,,,,,
A,Annuale,048002,Barberino di Mugello,RESPOP_AV,Popolazione residente al 31 dicembre,1971,7427,,,,,,,,,,,,,,
A,Annuale,048002,Barberino di Mugello,RESPOP_AV,Popolazione residente al 31 dicembre,1981,8059,,,,,,,,,,,,,,
A,Annuale,048002,Barberino di Mugello,RESPOP_AV,Popolazione residente al 31 dicembre,1991,8739,,,,,,,,,,,,,,
A,Annuale,048002,Barberino di Mugello,RESPOP_AV,Popolazione residente al 31 dicembre,2001,9531,,,,,,,,,,,,,,
A,Annuale,048002,Barberino di Mugello,RESPOP_AV,Popolazione residente al 31 dicembre,2011,10461,,,,,,,,,,,,,,
A,Annuale,048002,Barberino di Mugello,RESPOP_AV,Popolazione residente al 31 dicembre,2018,10776,,,,,,,,,,,,,,
A,Annuale,048002,Barberino di Mugello,RESPOP_AV,Popolazione residente al 31 dicembre,2019,10828,,,,,,,,,,,,,,
A,Annuale,048002,Barberino di Mugello,RESPOP_AV,Popolazione residente al 31 dicembre,2020,10870,,,,,,,,,,,,,,
A,Annuale,048002,Barberino di Mugello,RESPOP_AV,Popolazione residente al 31 dicembre,2021,10884,,,,,,,,,,,,,,
A,Annuale,048002,Barberino di Mugello,RESPOP_AV,Popolazione residente al 31 dicembre,2022,10938,,,,,,,,,,,,,,
A,Annuale,048002,Barberino di Mugello,RESPOP_AV,Popolazione residente al 31 dicembre,2023,10968,,,,,,,,,,,,,,
A,Annuale,048002,Barberino di Mugello,RESPOP_AV,Popolazione residente al 31 dicembre,2024,10939,,,,,,,,,,,,,,
A,Annuale,048054,Barberino Tavarnelle,RESPOP_AV,Popolazione residente al 31 dicembre,1951,11789,,,048054_N1,'Nel 2019 nuovo comune costituito mediante aggregazione dei soppressi comuni di Barberino Val d"'Elsa e Tavarnelle Val di Pesa',,,,,,,,,,
A,Annuale,048054,Barberino Tavarnelle,RESPOP_AV,Popolazione residente al 31 dicembre,1961,10340,,,048054_N1,'Nel 2019 nuovo comune costituito mediante aggregazione dei soppressi comuni di Barberino Val d"'Elsa e Tavarnelle Val di Pesa',,,,,,,,,,
A,Annuale,048054,Barberino Tavarnelle,RESPOP_AV,Popolazione residente al 31 dicembre,1971,8955,,,048054_N1,'Nel 2019 nuovo comune costituito mediante aggregazione dei soppressi comuni di Barberino Val d"'Elsa e Tavarnelle Val di Pesa',,,,,,,,,,
A,Annuale,048054,Barberino Tavarnelle,RESPOP_AV,Popolazione residente al 31 dicembre,1981,9644,,,048054_N1,'Nel 2019 nuovo comune costituito mediante aggregazione dei soppressi comuni di Barberino Val d"'Elsa e Tavarnelle Val di Pesa',,,,,,,,,,
A,Annuale,048054,Barberino Tavarnelle,RESPOP_AV,Popolazione residente al 31 dicembre,1991,10453,,,048054_N1,'Nel 2019 nuovo comune costituito mediante aggregazione dei soppressi comuni di Barberino Val d"'Elsa e Tavarnelle Val di Pesa',,,,,,,,,,
A,Annuale,048054,Barberino Tavarnelle,RESPOP_AV,Popolazione residente al 31 dicembre,2001,11024,,,048054_N1,'Nel 2019 nuovo comune costituito mediante aggregazione dei soppressi comuni di Barberino Val d"'Elsa e Tavarnelle Val di Pesa',,,,,,,,,,
A,Annuale,048054,Barberino Tavarnelle,RESPOP_AV,Popolazione residente al 31 dicembre,2011,12026,,,048054_N1,'Nel 2019 nuovo comune costituito mediante aggregazione dei soppressi comuni di Barberino Val d"'Elsa e Tavarnelle Val di Pesa',,,,,,,,,,
A,Annuale,048054,Barberino Tavarnelle,RESPOP_AV,Popolazione residente al 31 dicembre,2018,12048,,,048054_N1,'Nel 2019 nuovo comune costituito mediante aggregazione dei soppressi comuni di Barberino Val d"'Elsa e Tavarnelle Val di Pesa',,,,,,,,,,
A,Annuale,048054,Barberino Tavarnelle,RESPOP_AV,Popolazione residente al 31 dicembre,2019,12101,,,048054_N1,'Nel 2019 nuovo comune costituito mediante aggregazione dei soppressi comuni di Barberino Val d"'Elsa e Tavarnelle Val di Pesa',,,,,,,,,,
A,Annuale,048054,Barberino Tavarnelle,RESPOP_AV,Popolazione residente al 31 dicembre,2020,11953,,,048054_N1,'Nel 2019 nuovo comune costituito mediante aggregazione dei soppressi comuni di Barberino Val d"'Elsa e Tavarnelle Val di Pesa',,,,,,,,,,
A,Annuale,048054,Barberino Tavarnelle,RESPOP_AV,Popolazione residente al 31 dicembre,2021,11906,,,048054_N1,'Nel 2019 nuovo comune costituito mediante aggregazione dei soppressi comuni di Barberino Val d"'Elsa e Tavarnelle Val di Pesa',,,,,,,,,,
A,Annuale,048054,Barberino Tavarnelle,RESPOP_AV,Popolazione residente al 31 dicembre,2022,11910,,,048054_N1,'Nel 2019 nuovo comune costituito mediante aggregazione dei soppressi comuni di Barberino Val d"'Elsa e Tavarnelle Val di Pesa',,,,,,,,,,
A,Annuale,048054,Barberino Tavarnelle,RESPOP_AV,Popolazione residente al 31 dicembre,2023,11932,,,048054_N1,'Nel 2019 nuovo comune costituito mediante aggregazione dei soppressi comuni di Barberino Val d"'Elsa e Tavarnelle Val di Pesa',,,,,,,,,,
A,Annuale,048054,Barberino Tavarnelle,RESPOP_AV,Popolazione residente al 31 dicembre,2024,11977,,,048054_N1,'Nel 2019 nuovo comune costituito mediante aggregazione dei soppressi comuni di Barberino Val d"'Elsa e Tavarnelle Val di Pesa',,,,,,,,,,
A,Annuale,048004,Borgo San Lorenzo,RESPOP_AV,Popolazione residente al 31 dicembre,1951,16535,,,,,,,,,,,,,,
A,Annuale,048004,Borgo San Lorenzo,RESPOP_AV,Popolazione residente al 31 dicembre,1961,14498,,,,,,,,,,,,,,
A,Annuale,048004,Borgo San Lorenzo,RESPOP_AV,Popolazione residente al 31 dicembre,1971,14199,,,,,,,,,,,,,,
A,Annuale,048004,Borgo San Lorenzo,RESPOP_AV,Popolazione residente al 31 dicembre,1981,14685,,,,,,,,,,,,,,
A,Annuale,048004,Borgo San Lorenzo,RESPOP_AV,Popolazione residente al 31 dicembre,1991,15285,,,,,,,,,,,,,,
A,Annuale,048004,Borgo San Lorenzo,RESPOP_AV,Popolazione residente al 31 dicembre,2001,15825,,,,,,,,,,,,,,
A,Annuale,048004,Borgo San Lorenzo,RESPOP_AV,Popolazione residente al 31 dicembre,2011,17854,,,,,,,,,,,,,,
A,Annuale,048004,Borgo San Lorenzo,RESPOP_AV,Popolazione residente al 31 dicembre,2018,18042,,,,,,,,,,,,,,
A,Annuale,048004,Borgo San Lorenzo,RESPOP_AV,Popolazione residente al 31 dicembre,2019,17950,,,,,,,,,,,,,,
A,Annuale,048004,Borgo San Lorenzo,RESPOP_AV,Popolazione residente al 31 dicembre,2020,18207,,,,,,,,,,,,,,
A,Annuale,048004,Borgo San Lorenzo,RESPOP_AV,Popolazione residente al 31 dicembre,2021,18184,,,,,,,,,,,,,,
A,Annuale,048004,Borgo San Lorenzo,RESPOP_AV,Popolazione residente al 31 dicembre,2022,18169,,,,,,,,,,,,,,
A,Annuale,048004,Borgo San Lorenzo,RESPOP_AV,Popolazione residente al 31 dicembre,2023,18276,,,,,,,,,,,,,,
A,Annuale,048004,Borgo San Lorenzo,RESPOP_AV,Popolazione residente al 31 dicembre,2024,18286,,,,,,,,,,,,,,
A,Annuale,048005,Calenzano,RESPOP_AV,Popolazione residente al 31 dicembre,1951,8232,,,,,,,,,,,,,,
A,Annuale,048005,Calenzano,RESPOP_AV,Popolazione residente al 31 dicembre,1961,8745,,,,,,,,,,,,,,
A,Annuale,048005,Calenzano,RESPOP_AV,Popolazione residente al 31 dicembre,1971,11098,,,,,,,,,,,,,,
A,Annuale,048005,Calenzano,RESPOP_AV,Popolazione residente al 31 dicembre,1981,13466,,,,,,,,,,,,,,
A,Annuale,048005,Calenzano,RESPOP_AV,Popolazione residente al 31 dicembre,1991,14959,,,,,,,,,,,,,,
A,Annuale,048005,Calenzano,RESPOP_AV,Popolazione residente al 31 dicembre,2001,15042,,,,,,,,,,,,,,
A,Annuale,048005,Calenzano,RESPOP_AV,Popolazione residente al 31 dicembre,2011,16637,,,,,,,,,,,,,,
A,Annuale,048005,Calenzano,RESPOP_AV,Popolazione residente al 31 dicembre,2018,18063,,,,,,,,,,,,,,
A,Annuale,048005,Calenzano,RESPOP_AV,Popolazione residente al 31 dicembre,2019,18122,,,,,,,,,,,,,,
A,Annuale,048005,Calenzano,RESPOP_AV,Popolazione residente al 31 dicembre,2020,18420,,,,,,,,,,,,,,
A,Annuale,048005,Calenzano,RESPOP_AV,Popolazione residente al 31 dicembre,2021,18041,,,,,,,,,,,,,,
A,Annuale,048005,Calenzano,RESPOP_AV,Popolazione residente al 31 dicembre,2022,18099,,,,,,,,,,,,,,
A,Annuale,048005,Calenzano,RESPOP_AV,Popolazione residente al 31 dicembre,2023,18086,,,,,,,,,,,,,,
A,Annuale,048005,Calenzano,RESPOP_AV,Popolazione residente al 31 dicembre,2024,17994,,,,,,,,,,,,,,
A,Annuale,048006,Campi Bisenzio,RESPOP_AV,Popolazione residente al 31 dicembre,1951,16008,,,,,,,,,,,,,,
A,Annuale,048006,Campi Bisenzio,RESPOP_AV,Popolazione residente al 31 dicembre,1961,18030,,,,,,,,,,,,,,
A,Annuale,048006,Campi Bisenzio,RESPOP_AV,Popolazione residente al 31 dicembre,1971,26993,,,,,,,,,,,,,,
A,Annuale,048006,Campi Bisenzio,RESPOP_AV,Popolazione residente al 31 dicembre,1981,33153,,,,,,,,,,,,,,
A,Annuale,048006,Campi Bisenzio,RESPOP_AV,Popolazione residente al 31 dicembre,1991,34444,,,,,,,,,,,,,,
A,Annuale,048006,Campi Bisenzio,RESPOP_AV,Popolazione residente al 31 dicembre,2001,37249,,,,,,,,,,,,,,
A,Annuale,048006,Campi Bisenzio,RESPOP_AV,Popolazione residente al 31 dicembre,2011,42929,,,,,,,,,,,,,,
A,Annuale,048006,Campi Bisenzio,RESPOP_AV,Popolazione residente al 31 dicembre,2018,45965,,,,,,,,,,,,,,
A,Annuale,048006,Campi Bisenzio,RESPOP_AV,Popolazione residente al 31 dicembre,2019,46122,,,,,,,,,,,,,,
A,Annuale,048006,Campi Bisenzio,RESPOP_AV,Popolazione residente al 31 dicembre,2020,47871,,,,,,,,,,,,,,
A,Annuale,048006,Campi Bisenzio,RESPOP_AV,Popolazione residente al 31 dicembre,2021,47541,,,,,,,,,,,,,,
A,Annuale,048006,Campi Bisenzio,RESPOP_AV,Popolazione residente al 31 dicembre,2022,47676,,,,,,,,,,,,,,
A,Annuale,048006,Campi Bisenzio,RESPOP_AV,Popolazione residente al 31 dicembre,2023,47639,,,,,,,,,,,,,,
A,Annuale,048006,Campi Bisenzio,RESPOP_AV,Popolazione residente al 31 dicembre,2024,47539,,,,,,,,,,,,,,
A,Annuale,048008,Capraia e Limite,RESPOP_AV,Popolazione residente al 31 dicembre,1951,3938,,,,,,,,,,,,,,
A,Annuale,048008,Capraia e Limite,RESPOP_AV,Popolazione residente al 31 dicembre,1961,4290,,,,,,,,,,,,,,
A,Annuale,048008,Capraia e Limite,RESPOP_AV,Popolazione residente al 31 dicembre,1971,4462,,,,,,,,,,,,,,
A,Annuale,048008,Capraia e Limite,RESPOP_AV,Popolazione residente al 31 dicembre,1981,4734,,,,,,,,,,,,,,
A,Annuale,048008,Capraia e Limite,RESPOP_AV,Popolazione residente al 31 dicembre,1991,5137,,,,,,,,,,,,,,
A,Annuale,048008,Capraia e Limite,RESPOP_AV,Popolazione residente al 31 dicembre,2001,5920,,,,,,,,,,,,,,
A,Annuale,048008,Capraia e Limite,RESPOP_AV,Popolazione residente al 31 dicembre,2011,7298,,,,,,,,,,,,,,
A,Annuale,048008,Capraia e Limite,RESPOP_AV,Popolazione residente al 31 dicembre,2018,7840,,,,,,,,,,,,,,
A,Annuale,048008,Capraia e Limite,RESPOP_AV,Popolazione residente al 31 dicembre,2019,7856,,,,,,,,,,,,,,
A,Annuale,048008,Capraia e Limite,RESPOP_AV,Popolazione residente al 31 dicembre,2020,7856,,,,,,,,,,,,,,
A,Annuale,048008,Capraia e Limite,RESPOP_AV,Popolazione residente al 31 dicembre,2021,7881,,,,,,,,,,,,,,
A,Annuale,048008,Capraia e Limite,RESPOP_AV,Popolazione residente al 31 dicembre,2022,7875,,,,,,,,,,,,,,
A,Annuale,048008,Capraia e Limite,RESPOP_AV,Popolazione residente al 31 dicembre,2023,7822,,,,,,,,,,,,,,
A,Annuale,048008,Capraia e Limite,RESPOP_AV,Popolazione residente al 31 dicembre,2024,7796,,,,,,,,,,,,,,
A,Annuale,048010,Castelfiorentino,RESPOP_AV,Popolazione residente al 31 dicembre,1951,14209,,,,,,,,,,,,,,
A,Annuale,048010,Castelfiorentino,RESPOP_AV,Popolazione residente al 31 dicembre,1961,15602,,,,,,,,,,,,,,
A,Annuale,048010,Castelfiorentino,RESPOP_AV,Popolazione residente al 31 dicembre,1971,17469,,,,,,,,,,,,,,
A,Annuale,048010,Castelfiorentino,RESPOP_AV,Popolazione residente al 31 dicembre,1981,17428,,,,,,,,,,,,,,
A,Annuale,048010,Castelfiorentino,RESPOP_AV,Popolazione residente al 31 dicembre,1991,17155,,,,,,,,,,,,,,
A,Annuale,048010,Castelfiorentino,RESPOP_AV,Popolazione residente al 31 dicembre,2001,17012,,,,,,,,,,,,,,
A,Annuale,048010,Castelfiorentino,RESPOP_AV,Popolazione residente al 31 dicembre,2011,17489,,,,,,,,,,,,,,
A,Annuale,048010,Castelfiorentino,RESPOP_AV,Popolazione residente al 31 dicembre,2018,17211,,,,,,,,,,,,,,
A,Annuale,048010,Castelfiorentino,RESPOP_AV,Popolazione residente al 31 dicembre,2019,17339,,,,,,,,,,,,,,
A,Annuale,048010,Castelfiorentino,RESPOP_AV,Popolazione residente al 31 dicembre,2020,17437,,,,,,,,,,,,,,
A,Annuale,048010,Castelfiorentino,RESPOP_AV,Popolazione residente al 31 dicembre,2021,17364,,,,,,,,,,,,,,
A,Annuale,048010,Castelfiorentino,RESPOP_AV,Popolazione residente al 31 dicembre,2022,17281,,,,,,,,,,,,,,
A,Annuale,048010,Castelfiorentino,RESPOP_AV,Popolazione residente al 31 dicembre,2023,17262,,,,,,,,,,,,,,
A,Annuale,048010,Castelfiorentino,RESPOP_AV,Popolazione residente al 31 dicembre,2024,17353,,,,,,,,,,,,,,
A,Annuale,048011,Cerreto Guidi,RESPOP_AV,Popolazione residente al 31 dicembre,1951,8115,,,,,,,,,,,,,,
A,Annuale,048011,Cerreto Guidi,RESPOP_AV,Popolazione residente al 31 dicembre,1961,8284,,,,,,,,,,,,,,
A,Annuale,048011,Cerreto Guidi,RESPOP_AV,Popolazione residente al 31 dicembre,1971,8347,,,,,,,,,,,,,,
A,Annuale,048011,Cerreto Guidi,RESPOP_AV,Popolazione residente al 31 dicembre,1981,8644,,,,,,,,,,,,,,
A,Annuale,048011,Cerreto Guidi,RESPOP_AV,Popolazione residente al 31 dicembre,1991,8953,,,,,,,,,,,,,,
A,Annuale,048011,Cerreto Guidi,RESPOP_AV,Popolazione residente al 31 dicembre,2001,9555,,,,,,,,,,,,,,
A,Annuale,048011,Cerreto Guidi,RESPOP_AV,Popolazione residente al 31 dicembre,2011,10364,,,,,,,,,,,,,,
A,Annuale,048011,Cerreto Guidi,RESPOP_AV,Popolazione residente al 31 dicembre,2018,10880,,,,,,,,,,,,,,
A,Annuale,048011,Cerreto Guidi,RESPOP_AV,Popolazione residente al 31 dicembre,2019,10783,,,,,,,,,,,,,,
A,Annuale,048011,Cerreto Guidi,RESPOP_AV,Popolazione residente al 31 dicembre,2020,10932,,,,,,,,,,,,,,
A,Annuale,048011,Cerreto Guidi,RESPOP_AV,Popolazione residente al 31 dicembre,2021,10794,,,,,,,,,,,,,,
A,Annuale,048011,Cerreto Guidi,RESPOP_AV,Popolazione residente al 31 dicembre,2022,10714,,,,,,,,,,,,,,
A,Annuale,048011,Cerreto Guidi,RESPOP_AV,Popolazione residente al 31 dicembre,2023,10727,,,,,,,,,,,,,,
A,Annuale,048011,Cerreto Guidi,RESPOP_AV,Popolazione residente al 31 dicembre,2024,10663,,,,,,,,,,,,,,
A,Annuale,048012,Certaldo,RESPOP_AV,Popolazione residente al 31 dicembre,1951,12104,,,,,,,,,,,,,,
A,Annuale,048012,Certaldo,RESPOP_AV,Popolazione residente al 31 dicembre,1961,13408,,,,,,,,,,,,,,
A,Annuale,048012,Certaldo,RESPOP_AV,Popolazione residente al 31 dicembre,1971,15614,,,,,,,,,,,,,,
A,Annuale,048012,Certaldo,RESPOP_AV,Popolazione residente al 31 dicembre,1981,15913,,,,,,,,,,,,,,
A,Annuale,048012,Certaldo,RESPOP_AV,Popolazione residente al 31 dicembre,1991,15942,,,,,,,,,,,,,,
A,Annuale,048012,Certaldo,RESPOP_AV,Popolazione residente al 31 dicembre,2001,15670,,,,,,,,,,,,,,
A,Annuale,048012,Certaldo,RESPOP_AV,Popolazione residente al 31 dicembre,2011,15935,,,,,,,,,,,,,,
A,Annuale,048012,Certaldo,RESPOP_AV,Popolazione residente al 31 dicembre,2018,15880,,,,,,,,,,,,,,
A,Annuale,048012,Certaldo,RESPOP_AV,Popolazione residente al 31 dicembre,2019,15778,,,,,,,,,,,,,,
A,Annuale,048012,Certaldo,RESPOP_AV,Popolazione residente al 31 dicembre,2020,15632,,,,,,,,,,,,,,
A,Annuale,048012,Certaldo,RESPOP_AV,Popolazione residente al 31 dicembre,2021,15483,,,,,,,,,,,,,,
A,Annuale,048012,Certaldo,RESPOP_AV,Popolazione residente al 31 dicembre,2022,15534,,,,,,,,,,,,,,
A,Annuale,048012,Certaldo,RESPOP_AV,Popolazione residente al 31 dicembre,2023,15604,,,,,,,,,,,,,,
A,Annuale,048012,Certaldo,RESPOP_AV,Popolazione residente al 31 dicembre,2024,15667,,,,,,,,,,,,,,
A,Annuale,048013,Dicomano,RESPOP_AV,Popolazione residente al 31 dicembre,1951,4461,,,,,,,,,,,,,,
A,Annuale,048013,Dicomano,RESPOP_AV,Popolazione residente al 31 dicembre,1961,3897,,,,,,,,,,,,,,
A,Annuale,048013,Dicomano,RESPOP_AV,Popolazione residente al 31 dicembre,1971,3669,,,,,,,,,,,,,,
A,Annuale,048013,Dicomano,RESPOP_AV,Popolazione residente al 31 dicembre,1981,4051,,,,,,,,,,,,,,
A,Annuale,048013,Dicomano,RESPOP_AV,Popolazione residente al 31 dicembre,1991,4570,,,,,,,,,,,,,,
A,Annuale,048013,Dicomano,RESPOP_AV,Popolazione residente al 31 dicembre,2001,4958,,,,,,,,,,,,,,
A,Annuale,048013,Dicomano,RESPOP_AV,Popolazione residente al 31 dicembre,2011,5670,,,,,,,,,,,,,,
A,Annuale,048013,Dicomano,RESPOP_AV,Popolazione residente al 31 dicembre,2018,5516,,,,,,,,,,,,,,
A,Annuale,048013,Dicomano,RESPOP_AV,Popolazione residente al 31 dicembre,2019,5541,,,,,,,,,,,,,,
A,Annuale,048013,Dicomano,RESPOP_AV,Popolazione residente al 31 dicembre,2020,5439,,,,,,,,,,,,,,
A,Annuale,048013,Dicomano,RESPOP_AV,Popolazione residente al 31 dicembre,2021,5443,,,,,,,,,,,,,,
A,Annuale,048013,Dicomano,RESPOP_AV,Popolazione residente al 31 dicembre,2022,5484,,,,,,,,,,,,,,
A,Annuale,048013,Dicomano,RESPOP_AV,Popolazione residente al 31 dicembre,2023,5534,,,,,,,,,,,,,,
A,Annuale,048013,Dicomano,RESPOP_AV,Popolazione residente al 31 dicembre,2024,5581,,,,,,,,,,,,,,
A,Annuale,048014,Empoli,RESPOP_AV,Popolazione residente al 31 dicembre,1951,29330,,,,,,,,,,,,,,
A,Annuale,048014,Empoli,RESPOP_AV,Popolazione residente al 31 dicembre,1961,36996,,,,,,,,,,,,,,
A,Annuale,048014,Empoli,RESPOP_AV,Popolazione residente al 31 dicembre,1971,44129,,,,,,,,,,,,,,
A,Annuale,048014,Empoli,RESPOP_AV,Popolazione residente al 31 dicembre,1981,45181,,,,,,,,,,,,,,
A,Annuale,048014,Empoli,RESPOP_AV,Popolazione residente al 31 dicembre,1991,43522,,,,,,,,,,,,,,
A,Annuale,048014,Empoli,RESPOP_AV,Popolazione residente al 31 dicembre,2001,44094,,,,,,,,,,,,,,
A,Annuale,048014,Empoli,RESPOP_AV,Popolazione residente al 31 dicembre,2011,46541,,,,,,,,,,,,,,
A,Annuale,048014,Empoli,RESPOP_AV,Popolazione residente al 31 dicembre,2018,48783,,,,,,,,,,,,,,
A,Annuale,048014,Empoli,RESPOP_AV,Popolazione residente al 31 dicembre,2019,48611,,,,,,,,,,,,,,
A,Annuale,048014,Empoli,RESPOP_AV,Popolazione residente al 31 dicembre,2020,48674,,,,,,,,,,,,,,
A,Annuale,048014,Empoli,RESPOP_AV,Popolazione residente al 31 dicembre,2021,48397,,,,,,,,,,,,,,
A,Annuale,048014,Empoli,RESPOP_AV,Popolazione residente al 31 dicembre,2022,48922,,,,,,,,,,,,,,
A,Annuale,048014,Empoli,RESPOP_AV,Popolazione residente al 31 dicembre,2023,49113,,,,,,,,,,,,,,
A,Annuale,048014,Empoli,RESPOP_AV,Popolazione residente al 31 dicembre,2024,49391,,,,,,,,,,,,,,
A,Annuale,048015,Fiesole,RESPOP_AV,Popolazione residente al 31 dicembre,1951,11873,,,,,,,,,,,,,,
A,Annuale,048015,Fiesole,RESPOP_AV,Popolazione residente al 31 dicembre,1961,12452,,,,,,,,,,,,,,
A,Annuale,048015,Fiesole,RESPOP_AV,Popolazione residente al 31 dicembre,1971,14111,,,,,,,,,,,,,,
A,Annuale,048015,Fiesole,RESPOP_AV,Popolazione residente al 31 dicembre,1981,14540,,,,,,,,,,,,,,
A,Annuale,048015,Fiesole,RESPOP_AV,Popolazione residente al 31 dicembre,1991,15096,,,,,,,,,,,,,,
A,Annuale,048015,Fiesole,RESPOP_AV,Popolazione residente al 31 dicembre,2001,14085,,,,,,,,,,,,,,
A,Annuale,048015,Fiesole,RESPOP_AV,Popolazione residente al 31 dicembre,2011,13990,,,,,,,,,,,,,,
A,Annuale,048015,Fiesole,RESPOP_AV,Popolazione residente al 31 dicembre,2018,13988,,,,,,,,,,,,,,
A,Annuale,048015,Fiesole,RESPOP_AV,Popolazione residente al 31 dicembre,2019,13945,,,,,,,,,,,,,,
A,Annuale,048015,Fiesole,RESPOP_AV,Popolazione residente al 31 dicembre,2020,13845,,,,,,,,,,,,,,
A,Annuale,048015,Fiesole,RESPOP_AV,Popolazione residente al 31 dicembre,2021,13727,,,,,,,,,,,,,,
A,Annuale,048015,Fiesole,RESPOP_AV,Popolazione residente al 31 dicembre,2022,13666,,,,,,,,,,,,,,
A,Annuale,048015,Fiesole,RESPOP_AV,Popolazione residente al 31 dicembre,2023,13813,,,,,,,,,,,,,,
A,Annuale,048015,Fiesole,RESPOP_AV,Popolazione residente al 31 dicembre,2024,13809,,,,,,,,,,,,,,
A,Annuale,048052,Figline e Incisa Valdarno,RESPOP_AV,Popolazione residente al 31 dicembre,1951,17578,,,,,,,,,,,,,,
A,Annuale,048052,Figline e Incisa Valdarno,RESPOP_AV,Popolazione residente al 31 dicembre,1961,17226,,,,,,,,,,,,,,
A,Annuale,048052,Figline e Incisa Valdarno,RESPOP_AV,Popolazione residente al 31 dicembre,1971,18060,,,,,,,,,,,,,,
A,Annuale,048052,Figline e Incisa Valdarno,RESPOP_AV,Popolazione residente al 31 dicembre,1981,19877,,,,,,,,,,,,,,
A,Annuale,048052,Figline e Incisa Valdarno,RESPOP_AV,Popolazione residente al 31 dicembre,1991,21011,,,,,,,,,,,,,,
A,Annuale,048052,Figline e Incisa Valdarno,RESPOP_AV,Popolazione residente al 31 dicembre,2001,21804,,,,,,,,,,,,,,
A,Annuale,048052,Figline e Incisa Valdarno,RESPOP_AV,Popolazione residente al 31 dicembre,2011,23124,,,,,,,,,,,,,,
A,Annuale,048052,Figline e Incisa Valdarno,RESPOP_AV,Popolazione residente al 31 dicembre,2018,23549,,,,,,,,,,,,,,
A,Annuale,048052,Figline e Incisa Valdarno,RESPOP_AV,Popolazione residente al 31 dicembre,2019,23569,,,,,,,,,,,,,,
A,Annuale,048052,Figline e Incisa Valdarno,RESPOP_AV,Popolazione residente al 31 dicembre,2020,23316,,,,,,,,,,,,,,
A,Annuale,048052,Figline e Incisa Valdarno,RESPOP_AV,Popolazione residente al 31 dicembre,2021,23219,,,,,,,,,,,,,,
A,Annuale,048052,Figline e Incisa Valdarno,RESPOP_AV,Popolazione residente al 31 dicembre,2022,23119,,,,,,,,,,,,,,
A,Annuale,048052,Figline e Incisa Valdarno,RESPOP_AV,Popolazione residente al 31 dicembre,2023,23197,,,,,,,,,,,,,,
A,Annuale,048052,Figline e Incisa Valdarno,RESPOP_AV,Popolazione residente al 31 dicembre,2024,23193,,,,,,,,,,,,,,
A,Annuale,048017,Firenze,RESPOP_AV,Popolazione residente al 31 dicembre,1951,374625,,,,,,,,,,,,,,
A,Annuale,048017,Firenze,RESPOP_AV,Popolazione residente al 31 dicembre,1961,436516,,,,,,,,,,,,,,
A,Annuale,048017,Firenze,RESPOP_AV,Popolazione residente al 31 dicembre,1971,457803,,,,,,,,,,,,,,
A,Annuale,048017,Firenze,RESPOP_AV,Popolazione residente al 31 dicembre,1981,448331,,,,,,,,,,,,,,
A,Annuale,048017,Firenze,RESPOP_AV,Popolazione residente al 31 dicembre,1991,403294,,,,,,,,,,,,,,
A,Annuale,048017,Firenze,RESPOP_AV,Popolazione residente al 31 dicembre,2001,356118,,,,,,,,,,,,,,
A,Annuale,048017,Firenze,RESPOP_AV,Popolazione residente al 31 dicembre,2011,358079,,,,,,,,,,,,,,
A,Annuale,048017,Firenze,RESPOP_AV,Popolazione residente al 31 dicembre,2018,369885,,,,,,,,,,,,,,
A,Annuale,048017,Firenze,RESPOP_AV,Popolazione residente al 31 dicembre,2019,366927,,,,,,,,,,,,,,
A,Annuale,048017,Firenze,RESPOP_AV,Popolazione residente al 31 dicembre,2020,368419,,,,,,,,,,,,,,
A,Annuale,048017,Firenze,RESPOP_AV,Popolazione residente al 31 dicembre,2021,361619,,,,,,,,,,,,,,
A,Annuale,048017,Firenze,RESPOP_AV,Popolazione residente al 31 dicembre,2022,362742,,,,,,,,,,,,,,
A,Annuale,048017,Firenze,RESPOP_AV,Popolazione residente al 31 dicembre,2023,362613,,,,,,,,,,,,,,
A,Annuale,048017,Firenze,RESPOP_AV,Popolazione residente al 31 dicembre,2024,361705,,,,,,,,,,,,,,
A,Annuale,048018,Firenzuola,RESPOP_AV,Popolazione residente al 31 dicembre,1951,10622,,,,,,,,,,,,,,
A,Annuale,048018,Firenzuola,RESPOP_AV,Popolazione residente al 31 dicembre,1961,7852,,,,,,,,,,,,,,
A,Annuale,048018,Firenzuola,RESPOP_AV,Popolazione residente al 31 dicembre,1971,5922,,,,,,,,,,,,,,
A,Annuale,048018,Firenzuola,RESPOP_AV,Popolazione residente al 31 dicembre,1981,5219,,,,,,,,,,,,,,
A,Annuale,048018,Firenzuola,RESPOP_AV,Popolazione residente al 31 dicembre,1991,4844,,,,,,,,,,,,,,
A,Annuale,048018,Firenzuola,RESPOP_AV,Popolazione residente al 31 dicembre,2001,4812,,,,,,,,,,,,,,
A,Annuale,048018,Firenzuola,RESPOP_AV,Popolazione residente al 31 dicembre,2011,4828,,,,,,,,,,,,,,
A,Annuale,048018,Firenzuola,RESPOP_AV,Popolazione residente al 31 dicembre,2018,4555,,,,,,,,,,,,,,
A,Annuale,048018,Firenzuola,RESPOP_AV,Popolazione residente al 31 dicembre,2019,4518,,,,,,,,,,,,,,
A,Annuale,048018,Firenzuola,RESPOP_AV,Popolazione residente al 31 dicembre,2020,4499,,,,,,,,,,,,,,
A,Annuale,048018,Firenzuola,RESPOP_AV,Popolazione residente al 31 dicembre,2021,4436,,,,,,,,,,,,,,
A,Annuale,048018,Firenzuola,RESPOP_AV,Popolazione residente al 31 dicembre,2022,4402,,,,,,,,,,,,,,
A,Annuale,048018,Firenzuola,RESPOP_AV,Popolazione residente al 31 dicembre,2023,4422,,,,,,,,,,,,,,
A,Annuale,048018,Firenzuola,RESPOP_AV,Popolazione residente al 31 dicembre,2024,4426,,,,,,,,,,,,,,
A,Annuale,048019,Fucecchio,RESPOP_AV,Popolazione residente al 31 dicembre,1951,13460,,,,,,,,,,,,,,
A,Annuale,048019,Fucecchio,RESPOP_AV,Popolazione residente al 31 dicembre,1961,15370,,,,,,,,,,,,,,
A,Annuale,048019,Fucecchio,RESPOP_AV,Popolazione residente al 31 dicembre,1971,19269,,,,,,,,,,,,,,
A,Annuale,048019,Fucecchio,RESPOP_AV,Popolazione residente al 31 dicembre,1981,20532,,,,,,,,,,,,,,
A,Annuale,048019,Fucecchio,RESPOP_AV,Popolazione residente al 31 dicembre,1991,20540,,,,,,,,,,,,,,
A,Annuale,048019,Fucecchio,RESPOP_AV,Popolazione residente al 31 dicembre,2001,21139,,,,,,,,,,,,,,
A,Annuale,048019,Fucecchio,RESPOP_AV,Popolazione residente al 31 dicembre,2011,22785,,,,,,,,,,,,,,
A,Annuale,048019,Fucecchio,RESPOP_AV,Popolazione residente al 31 dicembre,2018,23029,,,,,,,,,,,,,,
A,Annuale,048019,Fucecchio,RESPOP_AV,Popolazione residente al 31 dicembre,2019,23008,,,,,,,,,,,,,,
A,Annuale,048019,Fucecchio,RESPOP_AV,Popolazione residente al 31 dicembre,2020,22990,,,,,,,,,,,,,,
A,Annuale,048019,Fucecchio,RESPOP_AV,Popolazione residente al 31 dicembre,2021,22764,,,,,,,,,,,,,,
A,Annuale,048019,Fucecchio,RESPOP_AV,Popolazione residente al 31 dicembre,2022,22756,,,,,,,,,,,,,,
A,Annuale,048019,Fucecchio,RESPOP_AV,Popolazione residente al 31 dicembre,2023,22869,,,,,,,,,,,,,,
A,Annuale,048019,Fucecchio,RESPOP_AV,Popolazione residente al 31 dicembre,2024,22847,,,,,,,,,,,,,,
A,Annuale,048020,Gambassi Terme,RESPOP_AV,Popolazione residente al 31 dicembre,1951,5105,,,,,,,,,,,,,,
A,Annuale,048020,Gambassi Terme,RESPOP_AV,Popolazione residente al 31 dicembre,1961,4510,,,,,,,,,,,,,,
A,Annuale,048020,Gambassi Terme,RESPOP_AV,Popolazione residente al 31 dicembre,1971,3705,,,,,,,,,,,,,,
A,Annuale,048020,Gambassi Terme,RESPOP_AV,Popolazione residente al 31 dicembre,1981,3854,,,,,,,,,,,,,,
A,Annuale,048020,Gambassi Terme,RESPOP_AV,Popolazione residente al 31 dicembre,1991,4215,,,,,,,,,,,,,,
A,Annuale,048020,Gambassi Terme,RESPOP_AV,Popolazione residente al 31 dicembre,2001,4709,,,,,,,,,,,,,,
A,Annuale,048020,Gambassi Terme,RESPOP_AV,Popolazione residente al 31 dicembre,2011,4900,,,,,,,,,,,,,,
A,Annuale,048020,Gambassi Terme,RESPOP_AV,Popolazione residente al 31 dicembre,2018,4818,,,,,,,,,,,,,,
A,Annuale,048020,Gambassi Terme,RESPOP_AV,Popolazione residente al 31 dicembre,2019,4812,,,,,,,,,,,,,,
A,Annuale,048020,Gambassi Terme,RESPOP_AV,Popolazione residente al 31 dicembre,2020,4792,,,,,,,,,,,,,,
A,Annuale,048020,Gambassi Terme,RESPOP_AV,Popolazione residente al 31 dicembre,2021,4791,,,,,,,,,,,,,,
A,Annuale,048020,Gambassi Terme,RESPOP_AV,Popolazione residente al 31 dicembre,2022,4838,,,,,,,,,,,,,,
A,Annuale,048020,Gambassi Terme,RESPOP_AV,Popolazione residente al 31 dicembre,2023,4851,,,,,,,,,,,,,,
A,Annuale,048020,Gambassi Terme,RESPOP_AV,Popolazione residente al 31 dicembre,2024,4857,,,,,,,,,,,,,,
A,Annuale,048021,Greve in Chianti,RESPOP_AV,Popolazione residente al 31 dicembre,1951,13233,,,,,,,,,,,,,,
A,Annuale,048021,Greve in Chianti,RESPOP_AV,Popolazione residente al 31 dicembre,1961,11510,,,,,,,,,,,,,,
A,Annuale,048021,Greve in Chianti,RESPOP_AV,Popolazione residente al 31 dicembre,1971,10061,,,,,,,,,,,,,,
A,Annuale,048021,Greve in Chianti,RESPOP_AV,Popolazione residente al 31 dicembre,1981,10534,,,,,,,,,,,,,,
A,Annuale,048021,Greve in Chianti,RESPOP_AV,Popolazione residente al 31 dicembre,1991,11139,,,,,,,,,,,,,,
A,Annuale,048021,Greve in Chianti,RESPOP_AV,Popolazione residente al 31 dicembre,2001,12855,,,,,,,,,,,,,,
A,Annuale,048021,Greve in Chianti,RESPOP_AV,Popolazione residente al 31 dicembre,2011,13886,,,,,,,,,,,,,,
A,Annuale,048021,Greve in Chianti,RESPOP_AV,Popolazione residente al 31 dicembre,2018,13663,,,,,,,,,,,,,,
A,Annuale,048021,Greve in Chianti,RESPOP_AV,Popolazione residente al 31 dicembre,2019,13556,,,,,,,,,,,,,,
A,Annuale,048021,Greve in Chianti,RESPOP_AV,Popolazione residente al 31 dicembre,2020,13426,,,,,,,,,,,,,,
A,Annuale,048021,Greve in Chianti,RESPOP_AV,Popolazione residente al 31 dicembre,2021,13327,,,,,,,,,,,,,,
A,Annuale,048021,Greve in Chianti,RESPOP_AV,Popolazione residente al 31 dicembre,2022,13330,,,,,,,,,,,,,,
A,Annuale,048021,Greve in Chianti,RESPOP_AV,Popolazione residente al 31 dicembre,2023,13357,,,,,,,,,,,,,,
A,Annuale,048021,Greve in Chianti,RESPOP_AV,Popolazione residente al 31 dicembre,2024,13381,,,,,,,,,,,,,,
A,Annuale,048022,Impruneta,RESPOP_AV,Popolazione residente al 31 dicembre,1951,10537,,,,,,,,,,,,,,
A,Annuale,048022,Impruneta,RESPOP_AV,Popolazione residente al 31 dicembre,1961,11018,,,,,,,,,,,,,,
A,Annuale,048022,Impruneta,RESPOP_AV,Popolazione residente al 31 dicembre,1971,13659,,,,,,,,,,,,,,
A,Annuale,048022,Impruneta,RESPOP_AV,Popolazione residente al 31 dicembre,1981,14660,,,,,,,,,,,,,,
A,Annuale,048022,Impruneta,RESPOP_AV,Popolazione residente al 31 dicembre,1991,15028,,,,,,,,,,,,,,
A,Annuale,048022,Impruneta,RESPOP_AV,Popolazione residente al 31 dicembre,2001,14637,,,,,,,,,,,,,,
A,Annuale,048022,Impruneta,RESPOP_AV,Popolazione residente al 31 dicembre,2011,14667,,,,,,,,,,,,,,
A,Annuale,048022,Impruneta,RESPOP_AV,Popolazione residente al 31 dicembre,2018,14486,,,,,,,,,,,,,,
A,Annuale,048022,Impruneta,RESPOP_AV,Popolazione residente al 31 dicembre,2019,14545,,,,,,,,,,,,,,
A,Annuale,048022,Impruneta,RESPOP_AV,Popolazione residente al 31 dicembre,2020,14497,,,,,,,,,,,,,,
A,Annuale,048022,Impruneta,RESPOP_AV,Popolazione residente al 31 dicembre,2021,14477,,,,,,,,,,,,,,
A,Annuale,048022,Impruneta,RESPOP_AV,Popolazione residente al 31 dicembre,2022,14411,,,,,,,,,,,,,,
A,Annuale,048022,Impruneta,RESPOP_AV,Popolazione residente al 31 dicembre,2023,14346,,,,,,,,,,,,,,
A,Annuale,048022,Impruneta,RESPOP_AV,Popolazione residente al 31 dicembre,2024,14250,,,,,,,,,,,,,,
A,Annuale,048024,Lastra a Signa,RESPOP_AV,Popolazione residente al 31 dicembre,1951,13433,,,,,,,,,,,,,,
A,Annuale,048024,Lastra a Signa,RESPOP_AV,Popolazione residente al 31 dicembre,1961,14528,,,,,,,,,,,,,,
A,Annuale,048024,Lastra a Signa,RESPOP_AV,Popolazione residente al 31 dicembre,1971,17068,,,,,,,,,,,,,,
A,Annuale,048024,Lastra a Signa,RESPOP_AV,Popolazione residente al 31 dicembre,1981,17023,,,,,,,,,,,,,,
A,Annuale,048024,Lastra a Signa,RESPOP_AV,Popolazione residente al 31 dicembre,1991,17416,,,,,,,,,,,,,,
A,Annuale,048024,Lastra a Signa,RESPOP_AV,Popolazione residente al 31 dicembre,2001,17938,,,,,,,,,,,,,,
A,Annuale,048024,Lastra a Signa,RESPOP_AV,Popolazione residente al 31 dicembre,2011,18960,,,,,,,,,,,,,,
A,Annuale,048024,Lastra a Signa,RESPOP_AV,Popolazione residente al 31 dicembre,2018,19975,,,,,,,,,,,,,,
A,Annuale,048024,Lastra a Signa,RESPOP_AV,Popolazione residente al 31 dicembre,2019,19582,,,,,,,,,,,,,,
A,Annuale,048024,Lastra a Signa,RESPOP_AV,Popolazione residente al 31 dicembre,2020,19814,,,,,,,,,,,,,,
A,Annuale,048024,Lastra a Signa,RESPOP_AV,Popolazione residente al 31 dicembre,2021,19674,,,,,,,,,,,,,,
A,Annuale,048024,Lastra a Signa,RESPOP_AV,Popolazione residente al 31 dicembre,2022,19638,,,,,,,,,,,,,,
A,Annuale,048024,Lastra a Signa,RESPOP_AV,Popolazione residente al 31 dicembre,2023,19712,,,,,,,,,,,,,,
A,Annuale,048024,Lastra a Signa,RESPOP_AV,Popolazione residente al 31 dicembre,2024,19869,,,,,,,,,,,,,,
A,Annuale,048025,Londa,RESPOP_AV,Popolazione residente al 31 dicembre,1951,2215,,,,,,,,,,,,,,
A,Annuale,048025,Londa,RESPOP_AV,Popolazione residente al 31 dicembre,1961,1420,,,,,,,,,,,,,,
A,Annuale,048025,Londa,RESPOP_AV,Popolazione residente al 31 dicembre,1971,1077,,,,,,,,,,,,,,
A,Annuale,048025,Londa,RESPOP_AV,Popolazione residente al 31 dicembre,1981,1089,,,,,,,,,,,,,,
A,Annuale,048025,Londa,RESPOP_AV,Popolazione residente al 31 dicembre,1991,1216,,,,,,,,,,,,,,
A,Annuale,048025,Londa,RESPOP_AV,Popolazione residente al 31 dicembre,2001,1669,,,,,,,,,,,,,,
A,Annuale,048025,Londa,RESPOP_AV,Popolazione residente al 31 dicembre,2011,1827,,,,,,,,,,,,,,
A,Annuale,048025,Londa,RESPOP_AV,Popolazione residente al 31 dicembre,2018,1912,,,,,,,,,,,,,,
A,Annuale,048025,Londa,RESPOP_AV,Popolazione residente al 31 dicembre,2019,1873,,,,,,,,,,,,,,
A,Annuale,048025,Londa,RESPOP_AV,Popolazione residente al 31 dicembre,2020,1833,,,,,,,,,,,,,,
A,Annuale,048025,Londa,RESPOP_AV,Popolazione residente al 31 dicembre,2021,1824,,,,,,,,,,,,,,
A,Annuale,048025,Londa,RESPOP_AV,Popolazione residente al 31 dicembre,2022,1830,,,,,,,,,,,,,,
A,Annuale,048025,Londa,RESPOP_AV,Popolazione residente al 31 dicembre,2023,1826,,,,,,,,,,,,,,
A,Annuale,048025,Londa,RESPOP_AV,Popolazione residente al 31 dicembre,2024,1834,,,,,,,,,,,,,,
A,Annuale,048026,Marradi,RESPOP_AV,Popolazione residente al 31 dicembre,1951,7350,,,,,,,,,,,,,,
A,Annuale,048026,Marradi,RESPOP_AV,Popolazione residente al 31 dicembre,1961,5723,,,,,,,,,,,,,,
A,Annuale,048026,Marradi,RESPOP_AV,Popolazione residente al 31 dicembre,1971,4539,,,,,,,,,,,,,,
A,Annuale,048026,Marradi,RESPOP_AV,Popolazione residente al 31 dicembre,1981,4120,,,,,,,,,,,,,,
A,Annuale,048026,Marradi,RESPOP_AV,Popolazione residente al 31 dicembre,1991,3895,,,,,,,,,,,,,,
A,Annuale,048026,Marradi,RESPOP_AV,Popolazione residente al 31 dicembre,2001,3617,,,,,,,,,,,,,,
A,Annuale,048026,Marradi,RESPOP_AV,Popolazione residente al 31 dicembre,2011,3257,,,,,,,,,,,,,,
A,Annuale,048026,Marradi,RESPOP_AV,Popolazione residente al 31 dicembre,2018,3056,,,,,,,,,,,,,,
A,Annuale,048026,Marradi,RESPOP_AV,Popolazione residente al 31 dicembre,2019,3029,,,,,,,,,,,,,,
A,Annuale,048026,Marradi,RESPOP_AV,Popolazione residente al 31 dicembre,2020,2954,,,,,,,,,,,,,,
A,Annuale,048026,Marradi,RESPOP_AV,Popolazione residente al 31 dicembre,2021,2891,,,,,,,,,,,,,,
A,Annuale,048026,Marradi,RESPOP_AV,Popolazione residente al 31 dicembre,2022,2900,,,,,,,,,,,,,,
A,Annuale,048026,Marradi,RESPOP_AV,Popolazione residente al 31 dicembre,2023,2881,,,,,,,,,,,,,,
A,Annuale,048026,Marradi,RESPOP_AV,Popolazione residente al 31 dicembre,2024,2840,,,,,,,,,,,,,,
A,Annuale,048027,Montaione,RESPOP_AV,Popolazione residente al 31 dicembre,1951,5890,,,,,,,,,,,,,,
A,Annuale,048027,Montaione,RESPOP_AV,Popolazione residente al 31 dicembre,1961,4866,,,,,,,,,,,,,,
A,Annuale,048027,Montaione,RESPOP_AV,Popolazione residente al 31 dicembre,1971,3426,,,,,,,,,,,,,,
A,Annuale,048027,Montaione,RESPOP_AV,Popolazione residente al 31 dicembre,1981,3399,,,,,,,,,,,,,,
A,Annuale,048027,Montaione,RESPOP_AV,Popolazione residente al 31 dicembre,1991,3390,,,,,,,,,,,,,,
A,Annuale,048027,Montaione,RESPOP_AV,Popolazione residente al 31 dicembre,2001,3439,,,,,,,,,,,,,,
A,Annuale,048027,Montaione,RESPOP_AV,Popolazione residente al 31 dicembre,2011,3776,,,,,,,,,,,,,,
A,Annuale,048027,Montaione,RESPOP_AV,Popolazione residente al 31 dicembre,2018,3596,,,,,,,,,,,,,,
A,Annuale,048027,Montaione,RESPOP_AV,Popolazione residente al 31 dicembre,2019,3555,,,,,,,,,,,,,,
A,Annuale,048027,Montaione,RESPOP_AV,Popolazione residente al 31 dicembre,2020,3505,,,,,,,,,,,,,,
A,Annuale,048027,Montaione,RESPOP_AV,Popolazione residente al 31 dicembre,2021,3499,,,,,,,,,,,,,,
A,Annuale,048027,Montaione,RESPOP_AV,Popolazione residente al 31 dicembre,2022,3492,,,,,,,,,,,,,,
A,Annuale,048027,Montaione,RESPOP_AV,Popolazione residente al 31 dicembre,2023,3470,,,,,,,,,,,,,,
A,Annuale,048027,Montaione,RESPOP_AV,Popolazione residente al 31 dicembre,2024,3438,,,,,,,,,,,,,,
A,Annuale,048028,Montelupo Fiorentino,RESPOP_AV,Popolazione residente al 31 dicembre,1951,7754,,,,,,,,,,,,,,
A,Annuale,048028,Montelupo Fiorentino,RESPOP_AV,Popolazione residente al 31 dicembre,1961,8530,,,,,,,,,,,,,,
A,Annuale,048028,Montelupo Fiorentino,RESPOP_AV,Popolazione residente al 31 dicembre,1971,9483,,,,,,,,,,,,,,
A,Annuale,048028,Montelupo Fiorentino,RESPOP_AV,Popolazione residente al 31 dicembre,1981,10120,,,,,,,,,,,,,,
A,Annuale,048028,Montelupo Fiorentino,RESPOP_AV,Popolazione residente al 31 dicembre,1991,10064,,,,,,,,,,,,,,
A,Annuale,048028,Montelupo Fiorentino,RESPOP_AV,Popolazione residente al 31 dicembre,2001,11240,,,,,,,,,,,,,,
A,Annuale,048028,Montelupo Fiorentino,RESPOP_AV,Popolazione residente al 31 dicembre,2011,13653,,,,,,,,,,,,,,
A,Annuale,048028,Montelupo Fiorentino,RESPOP_AV,Popolazione residente al 31 dicembre,2018,14318,,,,,,,,,,,,,,
A,Annuale,048028,Montelupo Fiorentino,RESPOP_AV,Popolazione residente al 31 dicembre,2019,14331,,,,,,,,,,,,,,
A,Annuale,048028,Montelupo Fiorentino,RESPOP_AV,Popolazione residente al 31 dicembre,2020,14269,,,,,,,,,,,,,,
A,Annuale,048028,Montelupo Fiorentino,RESPOP_AV,Popolazione residente al 31 dicembre,2021,14226,,,,,,,,,,,,,,
A,Annuale,048028,Montelupo Fiorentino,RESPOP_AV,Popolazione residente al 31 dicembre,2022,14202,,,,,,,,,,,,,,
A,Annuale,048028,Montelupo Fiorentino,RESPOP_AV,Popolazione residente al 31 dicembre,2023,14296,,,,,,,,,,,,,,
A,Annuale,048028,Montelupo Fiorentino,RESPOP_AV,Popolazione residente al 31 dicembre,2024,14323,,,,,,,,,,,,,,
A,Annuale,048030,Montespertoli,RESPOP_AV,Popolazione residente al 31 dicembre,1951,11453,,,,,,,,,,,,,,
A,Annuale,048030,Montespertoli,RESPOP_AV,Popolazione residente al 31 dicembre,1961,10097,,,,,,,,,,,,,,
A,Annuale,048030,Montespertoli,RESPOP_AV,Popolazione residente al 31 dicembre,1971,8170,,,,,,,,,,,,,,
A,Annuale,048030,Montespertoli,RESPOP_AV,Popolazione residente al 31 dicembre,1981,8695,,,,,,,,,,,,,,
A,Annuale,048030,Montespertoli,RESPOP_AV,Popolazione residente al 31 dicembre,1991,9432,,,,,,,,,,,,,,
A,Annuale,048030,Montespertoli,RESPOP_AV,Popolazione residente al 31 dicembre,2001,11354,,,,,,,,,,,,,,
A,Annuale,048030,Montespertoli,RESPOP_AV,Popolazione residente al 31 dicembre,2011,13195,,,,,,,,,,,,,,
A,Annuale,048030,Montespertoli,RESPOP_AV,Popolazione residente al 31 dicembre,2018,13316,,,,,,,,,,,,,,
A,Annuale,048030,Montespertoli,RESPOP_AV,Popolazione residente al 31 dicembre,2019,13280,,,,,,,,,,,,,,
A,Annuale,048030,Montespertoli,RESPOP_AV,Popolazione residente al 31 dicembre,2020,13242,,,,,,,,,,,,,,
A,Annuale,048030,Montespertoli,RESPOP_AV,Popolazione residente al 31 dicembre,2021,13236,,,,,,,,,,,,,,
A,Annuale,048030,Montespertoli,RESPOP_AV,Popolazione residente al 31 dicembre,2022,13249,,,,,,,,,,,,,,
A,Annuale,048030,Montespertoli,RESPOP_AV,Popolazione residente al 31 dicembre,2023,13186,,,,,,,,,,,,,,
A,Annuale,048030,Montespertoli,RESPOP_AV,Popolazione residente al 31 dicembre,2024,13170,,,,,,,,,,,,,,
A,Annuale,048031,Palazzuolo sul Senio,RESPOP_AV,Popolazione residente al 31 dicembre,1951,3264,,,,,,,,,,,,,,
A,Annuale,048031,Palazzuolo sul Senio,RESPOP_AV,Popolazione residente al 31 dicembre,1961,2166,,,,,,,,,,,,,,
A,Annuale,048031,Palazzuolo sul Senio,RESPOP_AV,Popolazione residente al 31 dicembre,1971,1619,,,,,,,,,,,,,,
A,Annuale,048031,Palazzuolo sul Senio,RESPOP_AV,Popolazione residente al 31 dicembre,1981,1365,,,,,,,,,,,,,,
A,Annuale,048031,Palazzuolo sul Senio,RESPOP_AV,Popolazione residente al 31 dicembre,1991,1323,,,,,,,,,,,,,,
A,Annuale,048031,Palazzuolo sul Senio,RESPOP_AV,Popolazione residente al 31 dicembre,2001,1301,,,,,,,,,,,,,,
A,Annuale,048031,Palazzuolo sul Senio,RESPOP_AV,Popolazione residente al 31 dicembre,2011,1188,,,,,,,,,,,,,,
A,Annuale,048031,Palazzuolo sul Senio,RESPOP_AV,Popolazione residente al 31 dicembre,2018,1120,,,,,,,,,,,,,,
A,Annuale,048031,Palazzuolo sul Senio,RESPOP_AV,Popolazione residente al 31 dicembre,2019,1125,,,,,,,,,,,,,,
A,Annuale,048031,Palazzuolo sul Senio,RESPOP_AV,Popolazione residente al 31 dicembre,2020,1111,,,,,,,,,,,,,,
A,Annuale,048031,Palazzuolo sul Senio,RESPOP_AV,Popolazione residente al 31 dicembre,2021,1111,,,,,,,,,,,,,,
A,Annuale,048031,Palazzuolo sul Senio,RESPOP_AV,Popolazione residente al 31 dicembre,2022,1113,,,,,,,,,,,,,,
A,Annuale,048031,Palazzuolo sul Senio,RESPOP_AV,Popolazione residente al 31 dicembre,2023,1081,,,,,,,,,,,,,,
A,Annuale,048031,Palazzuolo sul Senio,RESPOP_AV,Popolazione residente al 31 dicembre,2024,1093,,,,,,,,,,,,,,
A,Annuale,048032,Pelago,RESPOP_AV,Popolazione residente al 31 dicembre,1951,6942,,,,,,,,,,,,,,
A,Annuale,048032,Pelago,RESPOP_AV,Popolazione residente al 31 dicembre,1961,6632,,,,,,,,,,,,,,
A,Annuale,048032,Pelago,RESPOP_AV,Popolazione residente al 31 dicembre,1971,6989,,,,,,,,,,,,,,
A,Annuale,048032,Pelago,RESPOP_AV,Popolazione residente al 31 dicembre,1981,6958,,,,,,,,,,,,,,
A,Annuale,048032,Pelago,RESPOP_AV,Popolazione residente al 31 dicembre,1991,7218,,,,,,,,,,,,,,
A,Annuale,048032,Pelago,RESPOP_AV,Popolazione residente al 31 dicembre,2001,7270,,,,,,,,,,,,,,
A,Annuale,048032,Pelago,RESPOP_AV,Popolazione residente al 31 dicembre,2011,7509,,,,,,,,,,,,,,
A,Annuale,048032,Pelago,RESPOP_AV,Popolazione residente al 31 dicembre,2018,7642,,,,,,,,,,,,,,
A,Annuale,048032,Pelago,RESPOP_AV,Popolazione residente al 31 dicembre,2019,7683,,,,,,,,,,,,,,
A,Annuale,048032,Pelago,RESPOP_AV,Popolazione residente al 31 dicembre,2020,7713,,,,,,,,,,,,,,
A,Annuale,048032,Pelago,RESPOP_AV,Popolazione residente al 31 dicembre,2021,7760,,,,,,,,,,,,,,
A,Annuale,048032,Pelago,RESPOP_AV,Popolazione residente al 31 dicembre,2022,7805,,,,,,,,,,,,,,
A,Annuale,048032,Pelago,RESPOP_AV,Popolazione residente al 31 dicembre,2023,7841,,,,,,,,,,,,,,
A,Annuale,048032,Pelago,RESPOP_AV,Popolazione residente al 31 dicembre,2024,7899,,,,,,,,,,,,,,
A,Annuale,048033,Pontassieve,RESPOP_AV,Popolazione residente al 31 dicembre,1951,14505,,,,,,,,,,,,,,
A,Annuale,048033,Pontassieve,RESPOP_AV,Popolazione residente al 31 dicembre,1961,15038,,,,,,,,,,,,,,
A,Annuale,048033,Pontassieve,RESPOP_AV,Popolazione residente al 31 dicembre,1971,16511,,,,,,,,,,,,,,
A,Annuale,048033,Pontassieve,RESPOP_AV,Popolazione residente al 31 dicembre,1981,20087,,,,,,,,,,,,,,
A,Annuale,048033,Pontassieve,RESPOP_AV,Popolazione residente al 31 dicembre,1991,20439,,,,,,,,,,,,,,
A,Annuale,048033,Pontassieve,RESPOP_AV,Popolazione residente al 31 dicembre,2001,20610,,,,,,,,,,,,,,
A,Annuale,048033,Pontassieve,RESPOP_AV,Popolazione residente al 31 dicembre,2011,20529,,,,,,,,,,,,,,
A,Annuale,048033,Pontassieve,RESPOP_AV,Popolazione residente al 31 dicembre,2018,20627,,,,,,,,,,,,,,
A,Annuale,048033,Pontassieve,RESPOP_AV,Popolazione residente al 31 dicembre,2019,20480,,,,,,,,,,,,,,
A,Annuale,048033,Pontassieve,RESPOP_AV,Popolazione residente al 31 dicembre,2020,20477,,,,,,,,,,,,,,
A,Annuale,048033,Pontassieve,RESPOP_AV,Popolazione residente al 31 dicembre,2021,20304,,,,,,,,,,,,,,
A,Annuale,048033,Pontassieve,RESPOP_AV,Popolazione residente al 31 dicembre,2022,20208,,,,,,,,,,,,,,
A,Annuale,048033,Pontassieve,RESPOP_AV,Popolazione residente al 31 dicembre,2023,20171,,,,,,,,,,,,,,
A,Annuale,048033,Pontassieve,RESPOP_AV,Popolazione residente al 31 dicembre,2024,20127,,,,,,,,,,,,,,
A,Annuale,048035,Reggello,RESPOP_AV,Popolazione residente al 31 dicembre,1951,14173,,,,,,,,,,,,,,
A,Annuale,048035,Reggello,RESPOP_AV,Popolazione residente al 31 dicembre,1961,12289,,,,,,,,,,,,,,
A,Annuale,048035,Reggello,RESPOP_AV,Popolazione residente al 31 dicembre,1971,11091,,,,,,,,,,,,,,
A,Annuale,048035,Reggello,RESPOP_AV,Popolazione residente al 31 dicembre,1981,11966,,,,,,,,,,,,,,
A,Annuale,048035,Reggello,RESPOP_AV,Popolazione residente al 31 dicembre,1991,12601,,,,,,,,,,,,,,
A,Annuale,048035,Reggello,RESPOP_AV,Popolazione residente al 31 dicembre,2001,14167,,,,,,,,,,,,,,
A,Annuale,048035,Reggello,RESPOP_AV,Popolazione residente al 31 dicembre,2011,16076,,,,,,,,,,,,,,
A,Annuale,048035,Reggello,RESPOP_AV,Popolazione residente al 31 dicembre,2018,16553,,,,,,,,,,,,,,
A,Annuale,048035,Reggello,RESPOP_AV,Popolazione residente al 31 dicembre,2019,16618,,,,,,,,,,,,,,
A,Annuale,048035,Reggello,RESPOP_AV,Popolazione residente al 31 dicembre,2020,16534,,,,,,,,,,,,,,
A,Annuale,048035,Reggello,RESPOP_AV,Popolazione residente al 31 dicembre,2021,16529,,,,,,,,,,,,,,
A,Annuale,048035,Reggello,RESPOP_AV,Popolazione residente al 31 dicembre,2022,16499,,,,,,,,,,,,,,
A,Annuale,048035,Reggello,RESPOP_AV,Popolazione residente al 31 dicembre,2023,16536,,,,,,,,,,,,,,
A,Annuale,048035,Reggello,RESPOP_AV,Popolazione residente al 31 dicembre,2024,16556,,,,,,,,,,,,,,
A,Annuale,048036,'Rignano sull"'Arno',RESPOP_AV,Popolazione residente al 31 dicembre,1951,6441,,,,,,,,,,,,,,
A,Annuale,048036,'Rignano sull"'Arno',RESPOP_AV,Popolazione residente al 31 dicembre,1961,6212,,,,,,,,,,,,,,
A,Annuale,048036,'Rignano sull"'Arno',RESPOP_AV,Popolazione residente al 31 dicembre,1971,5332,,,,,,,,,,,,,,
A,Annuale,048036,'Rignano sull"'Arno',RESPOP_AV,Popolazione residente al 31 dicembre,1981,5468,,,,,,,,,,,,,,
A,Annuale,048036,'Rignano sull"'Arno',RESPOP_AV,Popolazione residente al 31 dicembre,1991,6359,,,,,,,,,,,,,,
A,Annuale,048036,'Rignano sull"'Arno',RESPOP_AV,Popolazione residente al 31 dicembre,2001,7542,,,,,,,,,,,,,,
A,Annuale,048036,'Rignano sull"'Arno',RESPOP_AV,Popolazione residente al 31 dicembre,2011,8600,,,,,,,,,,,,,,
A,Annuale,048036,'Rignano sull"'Arno',RESPOP_AV,Popolazione residente al 31 dicembre,2018,8695,,,,,,,,,,,,,,
A,Annuale,048036,'Rignano sull"'Arno',RESPOP_AV,Popolazione residente al 31 dicembre,2019,8628,,,,,,,,,,,,,,
A,Annuale,048036,'Rignano sull"'Arno',RESPOP_AV,Popolazione residente al 31 dicembre,2020,8615,,,,,,,,,,,,,,
A,Annuale,048036,'Rignano sull"'Arno',RESPOP_AV,Popolazione residente al 31 dicembre,2021,8566,,,,,,,,,,,,,,
A,Annuale,048036,'Rignano sull"'Arno',RESPOP_AV,Popolazione residente al 31 dicembre,2022,8525,,,,,,,,,,,,,,
A,Annuale,048036,'Rignano sull"'Arno',RESPOP_AV,Popolazione residente al 31 dicembre,2023,8552,,,,,,,,,,,,,,
A,Annuale,048036,'Rignano sull"'Arno',RESPOP_AV,Popolazione residente al 31 dicembre,2024,8517,,,,,,,,,,,,,,
A,Annuale,048037,Rufina,RESPOP_AV,Popolazione residente al 31 dicembre,1951,6541,,,,,,,,,,,,,,
A,Annuale,048037,Rufina,RESPOP_AV,Popolazione residente al 31 dicembre,1961,5762,,,,,,,,,,,,,,
A,Annuale,048037,Rufina,RESPOP_AV,Popolazione residente al 31 dicembre,1971,5449,,,,,,,,,,,,,,
A,Annuale,048037,Rufina,RESPOP_AV,Popolazione residente al 31 dicembre,1981,5374,,,,,,,,,,,,,,
A,Annuale,048037,Rufina,RESPOP_AV,Popolazione residente al 31 dicembre,1991,5922,,,,,,,,,,,,,,
A,Annuale,048037,Rufina,RESPOP_AV,Popolazione residente al 31 dicembre,2001,6693,,,,,,,,,,,,,,
A,Annuale,048037,Rufina,RESPOP_AV,Popolazione residente al 31 dicembre,2011,7382,,,,,,,,,,,,,,
A,Annuale,048037,Rufina,RESPOP_AV,Popolazione residente al 31 dicembre,2018,7174,,,,,,,,,,,,,,
A,Annuale,048037,Rufina,RESPOP_AV,Popolazione residente al 31 dicembre,2019,7240,,,,,,,,,,,,,,
A,Annuale,048037,Rufina,RESPOP_AV,Popolazione residente al 31 dicembre,2020,7165,,,,,,,,,,,,,,
A,Annuale,048037,Rufina,RESPOP_AV,Popolazione residente al 31 dicembre,2021,7118,,,,,,,,,,,,,,
A,Annuale,048037,Rufina,RESPOP_AV,Popolazione residente al 31 dicembre,2022,7110,,,,,,,,,,,,,,
A,Annuale,048037,Rufina,RESPOP_AV,Popolazione residente al 31 dicembre,2023,7058,,,,,,,,,,,,,,
A,Annuale,048037,Rufina,RESPOP_AV,Popolazione residente al 31 dicembre,2024,7070,,,,,,,,,,,,,,
A,Annuale,048038,San Casciano in Val di Pesa,RESPOP_AV,Popolazione residente al 31 dicembre,1951,14010,,,,,,,,,,,,,,
A,Annuale,048038,San Casciano in Val di Pesa,RESPOP_AV,Popolazione residente al 31 dicembre,1961,14240,,,,,,,,,,,,,,
A,Annuale,048038,San Casciano in Val di Pesa,RESPOP_AV,Popolazione residente al 31 dicembre,1971,14522,,,,,,,,,,,,,,
A,Annuale,048038,San Casciano in Val di Pesa,RESPOP_AV,Popolazione residente al 31 dicembre,1981,15318,,,,,,,,,,,,,,
A,Annuale,048038,San Casciano in Val di Pesa,RESPOP_AV,Popolazione residente al 31 dicembre,1991,16012,,,,,,,,,,,,,,
A,Annuale,048038,San Casciano in Val di Pesa,RESPOP_AV,Popolazione residente al 31 dicembre,2001,16615,,,,,,,,,,,,,,
A,Annuale,048038,San Casciano in Val di Pesa,RESPOP_AV,Popolazione residente al 31 dicembre,2011,16883,,,,,,,,,,,,,,
A,Annuale,048038,San Casciano in Val di Pesa,RESPOP_AV,Popolazione residente al 31 dicembre,2018,16987,,,,,,,,,,,,,,
A,Annuale,048038,San Casciano in Val di Pesa,RESPOP_AV,Popolazione residente al 31 dicembre,2019,16827,,,,,,,,,,,,,,
A,Annuale,048038,San Casciano in Val di Pesa,RESPOP_AV,Popolazione residente al 31 dicembre,2020,16690,,,,,,,,,,,,,,
A,Annuale,048038,San Casciano in Val di Pesa,RESPOP_AV,Popolazione residente al 31 dicembre,2021,16643,,,,,,,,,,,,,,
A,Annuale,048038,San Casciano in Val di Pesa,RESPOP_AV,Popolazione residente al 31 dicembre,2022,16492,,,,,,,,,,,,,,
A,Annuale,048038,San Casciano in Val di Pesa,RESPOP_AV,Popolazione residente al 31 dicembre,2023,16428,,,,,,,,,,,,,,
A,Annuale,048038,San Casciano in Val di Pesa,RESPOP_AV,Popolazione residente al 31 dicembre,2024,16313,,,,,,,,,,,,,,
A,Annuale,048039,San Godenzo,RESPOP_AV,Popolazione residente al 31 dicembre,1951,3155,,,,,,,,,,,,,,
A,Annuale,048039,San Godenzo,RESPOP_AV,Popolazione residente al 31 dicembre,1961,2169,,,,,,,,,,,,,,
A,Annuale,048039,San Godenzo,RESPOP_AV,Popolazione residente al 31 dicembre,1971,1397,,,,,,,,,,,,,,
A,Annuale,048039,San Godenzo,RESPOP_AV,Popolazione residente al 31 dicembre,1981,1162,,,,,,,,,,,,,,
A,Annuale,048039,San Godenzo,RESPOP_AV,Popolazione residente al 31 dicembre,1991,1105,,,,,,,,,,,,,,
A,Annuale,048039,San Godenzo,RESPOP_AV,Popolazione residente al 31 dicembre,2001,1187,,,,,,,,,,,,,,
A,Annuale,048039,San Godenzo,RESPOP_AV,Popolazione residente al 31 dicembre,2011,1231,,,,,,,,,,,,,,
A,Annuale,048039,San Godenzo,RESPOP_AV,Popolazione residente al 31 dicembre,2018,1111,,,,,,,,,,,,,,
A,Annuale,048039,San Godenzo,RESPOP_AV,Popolazione residente al 31 dicembre,2019,1098,,,,,,,,,,,,,,
A,Annuale,048039,San Godenzo,RESPOP_AV,Popolazione residente al 31 dicembre,2020,1067,,,,,,,,,,,,,,
A,Annuale,048039,San Godenzo,RESPOP_AV,Popolazione residente al 31 dicembre,2021,1060,,,,,,,,,,,,,,
A,Annuale,048039,San Godenzo,RESPOP_AV,Popolazione residente al 31 dicembre,2022,1051,,,,,,,,,,,,,,
A,Annuale,048039,San Godenzo,RESPOP_AV,Popolazione residente al 31 dicembre,2023,1040,,,,,,,,,,,,,,
A,Annuale,048039,San Godenzo,RESPOP_AV,Popolazione residente al 31 dicembre,2024,1127,,,,,,,,,,,,,,
A,Annuale,048041,Scandicci,RESPOP_AV,Popolazione residente al 31 dicembre,1951,15115,,,,,,,,,,,,,,
A,Annuale,048041,Scandicci,RESPOP_AV,Popolazione residente al 31 dicembre,1961,18218,,,,,,,,,,,,,,
A,Annuale,048041,Scandicci,RESPOP_AV,Popolazione residente al 31 dicembre,1971,47441,,,,,,,,,,,,,,
A,Annuale,048041,Scandicci,RESPOP_AV,Popolazione residente al 31 dicembre,1981,54038,,,,,,,,,,,,,,
A,Annuale,048041,Scandicci,RESPOP_AV,Popolazione residente al 31 dicembre,1991,53523,,,,,,,,,,,,,,
A,Annuale,048041,Scandicci,RESPOP_AV,Popolazione residente al 31 dicembre,2001,50136,,,,,,,,,,,,,,
A,Annuale,048041,Scandicci,RESPOP_AV,Popolazione residente al 31 dicembre,2011,49765,,,,,,,,,,,,,,
A,Annuale,048041,Scandicci,RESPOP_AV,Popolazione residente al 31 dicembre,2018,50986,,,,,,,,,,,,,,
A,Annuale,048041,Scandicci,RESPOP_AV,Popolazione residente al 31 dicembre,2019,51043,,,,,,,,,,,,,,
A,Annuale,048041,Scandicci,RESPOP_AV,Popolazione residente al 31 dicembre,2020,50460,,,,,,,,,,,,,,
A,Annuale,048041,Scandicci,RESPOP_AV,Popolazione residente al 31 dicembre,2021,49659,,,,,,,,,,,,,,
A,Annuale,048041,Scandicci,RESPOP_AV,Popolazione residente al 31 dicembre,2022,49499,,,,,,,,,,,,,,
A,Annuale,048041,Scandicci,RESPOP_AV,Popolazione residente al 31 dicembre,2023,49384,,,,,,,,,,,,,,
A,Annuale,048041,Scandicci,RESPOP_AV,Popolazione residente al 31 dicembre,2024,49212,,,,,,,,,,,,,,
A,Annuale,048053,Scarperia e San Piero,RESPOP_AV,Popolazione residente al 31 dicembre,1951,10469,,,,,,,,,,,,,,
A,Annuale,048053,Scarperia e San Piero,RESPOP_AV,Popolazione residente al 31 dicembre,1961,8394,,,,,,,,,,,,,,
A,Annuale,048053,Scarperia e San Piero,RESPOP_AV,Popolazione residente al 31 dicembre,1971,7738,,,,,,,,,,,,,,
A,Annuale,048053,Scarperia e San Piero,RESPOP_AV,Popolazione residente al 31 dicembre,1981,8654,,,,,,,,,,,,,,
A,Annuale,048053,Scarperia e San Piero,RESPOP_AV,Popolazione residente al 31 dicembre,1991,9622,,,,,,,,,,,,,,
A,Annuale,048053,Scarperia e San Piero,RESPOP_AV,Popolazione residente al 31 dicembre,2001,10536,,,,,,,,,,,,,,
A,Annuale,048053,Scarperia e San Piero,RESPOP_AV,Popolazione residente al 31 dicembre,2011,11968,,,,,,,,,,,,,,
A,Annuale,048053,Scarperia e San Piero,RESPOP_AV,Popolazione residente al 31 dicembre,2018,12235,,,,,,,,,,,,,,
A,Annuale,048053,Scarperia e San Piero,RESPOP_AV,Popolazione residente al 31 dicembre,2019,12197,,,,,,,,,,,,,,
A,Annuale,048053,Scarperia e San Piero,RESPOP_AV,Popolazione residente al 31 dicembre,2020,12071,,,,,,,,,,,,,,
A,Annuale,048053,Scarperia e San Piero,RESPOP_AV,Popolazione residente al 31 dicembre,2021,12018,,,,,,,,,,,,,,
A,Annuale,048053,Scarperia e San Piero,RESPOP_AV,Popolazione residente al 31 dicembre,2022,12017,,,,,,,,,,,,,,
A,Annuale,048053,Scarperia e San Piero,RESPOP_AV,Popolazione residente al 31 dicembre,2023,11957,,,,,,,,,,,,,,
A,Annuale,048053,Scarperia e San Piero,RESPOP_AV,Popolazione residente al 31 dicembre,2024,11952,,,,,,,,,,,,,,
A,Annuale,048043,Sesto Fiorentino,RESPOP_AV,Popolazione residente al 31 dicembre,1951,18657,,,,,,,,,,,,,,
A,Annuale,048043,Sesto Fiorentino,RESPOP_AV,Popolazione residente al 31 dicembre,1961,22453,,,,,,,,,,,,,,
A,Annuale,048043,Sesto Fiorentino,RESPOP_AV,Popolazione residente al 31 dicembre,1971,41973,,,,,,,,,,,,,,
A,Annuale,048043,Sesto Fiorentino,RESPOP_AV,Popolazione residente al 31 dicembre,1981,45434,,,,,,,,,,,,,,
A,Annuale,048043,Sesto Fiorentino,RESPOP_AV,Popolazione residente al 31 dicembre,1991,47406,,,,,,,,,,,,,,
A,Annuale,048043,Sesto Fiorentino,RESPOP_AV,Popolazione residente al 31 dicembre,2001,46054,,,,,,,,,,,,,,
A,Annuale,048043,Sesto Fiorentino,RESPOP_AV,Popolazione residente al 31 dicembre,2011,47742,,,,,,,,,,,,,,
A,Annuale,048043,Sesto Fiorentino,RESPOP_AV,Popolazione residente al 31 dicembre,2018,48858,,,,,,,,,,,,,,
A,Annuale,048043,Sesto Fiorentino,RESPOP_AV,Popolazione residente al 31 dicembre,2019,48964,,,,,,,,,,,,,,
A,Annuale,048043,Sesto Fiorentino,RESPOP_AV,Popolazione residente al 31 dicembre,2020,49315,,,,,,,,,,,,,,
A,Annuale,048043,Sesto Fiorentino,RESPOP_AV,Popolazione residente al 31 dicembre,2021,48782,,,,,,,,,,,,,,
A,Annuale,048043,Sesto Fiorentino,RESPOP_AV,Popolazione residente al 31 dicembre,2022,48895,,,,,,,,,,,,,,
A,Annuale,048043,Sesto Fiorentino,RESPOP_AV,Popolazione residente al 31 dicembre,2023,48997,,,,,,,,,,,,,,
A,Annuale,048043,Sesto Fiorentino,RESPOP_AV,Popolazione residente al 31 dicembre,2024,49103,,,,,,,,,,,,,,
A,Annuale,048044,Signa,RESPOP_AV,Popolazione residente al 31 dicembre,1951,9631,,,,,,,,,,,,,,
A,Annuale,048044,Signa,RESPOP_AV,Popolazione residente al 31 dicembre,1961,10583,,,,,,,,,,,,,,
A,Annuale,048044,Signa,RESPOP_AV,Popolazione residente al 31 dicembre,1971,13364,,,,,,,,,,,,,,
A,Annuale,048044,Signa,RESPOP_AV,Popolazione residente al 31 dicembre,1981,14017,,,,,,,,,,,,,,
A,Annuale,048044,Signa,RESPOP_AV,Popolazione residente al 31 dicembre,1991,14375,,,,,,,,,,,,,,
A,Annuale,048044,Signa,RESPOP_AV,Popolazione residente al 31 dicembre,2001,15433,,,,,,,,,,,,,,
A,Annuale,048044,Signa,RESPOP_AV,Popolazione residente al 31 dicembre,2011,17451,,,,,,,,,,,,,,
A,Annuale,048044,Signa,RESPOP_AV,Popolazione residente al 31 dicembre,2018,18448,,,,,,,,,,,,,,
A,Annuale,048044,Signa,RESPOP_AV,Popolazione residente al 31 dicembre,2019,18569,,,,,,,,,,,,,,
A,Annuale,048044,Signa,RESPOP_AV,Popolazione residente al 31 dicembre,2020,19211,,,,,,,,,,,,,,
A,Annuale,048044,Signa,RESPOP_AV,Popolazione residente al 31 dicembre,2021,18964,,,,,,,,,,,,,,
A,Annuale,048044,Signa,RESPOP_AV,Popolazione residente al 31 dicembre,2022,18919,,,,,,,,,,,,,,
A,Annuale,048044,Signa,RESPOP_AV,Popolazione residente al 31 dicembre,2023,19013,,,,,,,,,,,,,,
A,Annuale,048044,Signa,RESPOP_AV,Popolazione residente al 31 dicembre,2024,19063,,,,,,,,,,,,,,
A,Annuale,048046,Vaglia,RESPOP_AV,Popolazione residente al 31 dicembre,1951,3766,,,,,,,,,,,,,,
A,Annuale,048046,Vaglia,RESPOP_AV,Popolazione residente al 31 dicembre,1961,3444,,,,,,,,,,,,,,
A,Annuale,048046,Vaglia,RESPOP_AV,Popolazione residente al 31 dicembre,1971,2947,,,,,,,,,,,,,,
A,Annuale,048046,Vaglia,RESPOP_AV,Popolazione residente al 31 dicembre,1981,3441,,,,,,,,,,,,,,
A,Annuale,048046,Vaglia,RESPOP_AV,Popolazione residente al 31 dicembre,1991,4393,,,,,,,,,,,,,,
A,Annuale,048046,Vaglia,RESPOP_AV,Popolazione residente al 31 dicembre,2001,4865,,,,,,,,,,,,,,
A,Annuale,048046,Vaglia,RESPOP_AV,Popolazione residente al 31 dicembre,2011,5065,,,,,,,,,,,,,,
A,Annuale,048046,Vaglia,RESPOP_AV,Popolazione residente al 31 dicembre,2018,5147,,,,,,,,,,,,,,
A,Annuale,048046,Vaglia,RESPOP_AV,Popolazione residente al 31 dicembre,2019,5247,,,,,,,,,,,,,,
A,Annuale,048046,Vaglia,RESPOP_AV,Popolazione residente al 31 dicembre,2020,5187,,,,,,,,,,,,,,
A,Annuale,048046,Vaglia,RESPOP_AV,Popolazione residente al 31 dicembre,2021,5208,,,,,,,,,,,,,,
A,Annuale,048046,Vaglia,RESPOP_AV,Popolazione residente al 31 dicembre,2022,5173,,,,,,,,,,,,,,
A,Annuale,048046,Vaglia,RESPOP_AV,Popolazione residente al 31 dicembre,2023,5224,,,,,,,,,,,,,,
A,Annuale,048046,Vaglia,RESPOP_AV,Popolazione residente al 31 dicembre,2024,5302,,,,,,,,,,,,,,
A,Annuale,048049,Vicchio,RESPOP_AV,Popolazione residente al 31 dicembre,1951,10462,,,,,,,,,,,,,,
A,Annuale,048049,Vicchio,RESPOP_AV,Popolazione residente al 31 dicembre,1961,7660,,,,,,,,,,,,,,
A,Annuale,048049,Vicchio,RESPOP_AV,Popolazione residente al 31 dicembre,1971,5917,,,,,,,,,,,,,,
A,Annuale,048049,Vicchio,RESPOP_AV,Popolazione residente al 31 dicembre,1981,5976,,,,,,,,,,,,,,
A,Annuale,048049,Vicchio,RESPOP_AV,Popolazione residente al 31 dicembre,1991,6271,,,,,,,,,,,,,,
A,Annuale,048049,Vicchio,RESPOP_AV,Popolazione residente al 31 dicembre,2001,7145,,,,,,,,,,,,,,
A,Annuale,048049,Vicchio,RESPOP_AV,Popolazione residente al 31 dicembre,2011,8117,,,,,,,,,,,,,,
A,Annuale,048049,Vicchio,RESPOP_AV,Popolazione residente al 31 dicembre,2018,8056,,,,,,,,,,,,,,
A,Annuale,048049,Vicchio,RESPOP_AV,Popolazione residente al 31 dicembre,2019,8051,,,,,,,,,,,,,,
A,Annuale,048049,Vicchio,RESPOP_AV,Popolazione residente al 31 dicembre,2020,8056,,,,,,,,,,,,,,
A,Annuale,048049,Vicchio,RESPOP_AV,Popolazione residente al 31 dicembre,2021,8022,,,,,,,,,,,,,,
A,Annuale,048049,Vicchio,RESPOP_AV,Popolazione residente al 31 dicembre,2022,8037,,,,,,,,,,,,,,
A,Annuale,048049,Vicchio,RESPOP_AV,Popolazione residente al 31 dicembre,2023,8082,,,,,,,,,,,,,,
A,Annuale,048049,Vicchio,RESPOP_AV,Popolazione residente al 31 dicembre,2024,8073,,,,,,,,,,,,,,
A,Annuale,048050,Vinci,RESPOP_AV,Popolazione residente al 31 dicembre,1951,9412,,,,,,,,,,,,,,
A,Annuale,048050,Vinci,RESPOP_AV,Popolazione residente al 31 dicembre,1961,9484,,,,,,,,,,,,,,
A,Annuale,048050,Vinci,RESPOP_AV,Popolazione residente al 31 dicembre,1971,11506,,,,,,,,,,,,,,
A,Annuale,048050,Vinci,RESPOP_AV,Popolazione residente al 31 dicembre,1981,13695,,,,,,,,,,,,,,
A,Annuale,048050,Vinci,RESPOP_AV,Popolazione residente al 31 dicembre,1991,13747,,,,,,,,,,,,,,
A,Annuale,048050,Vinci,RESPOP_AV,Popolazione residente al 31 dicembre,2001,13778,,,,,,,,,,,,,,
A,Annuale,048050,Vinci,RESPOP_AV,Popolazione residente al 31 dicembre,2011,14105,,,,,,,,,,,,,,
A,Annuale,048050,Vinci,RESPOP_AV,Popolazione residente al 31 dicembre,2018,14627,,,,,,,,,,,,,,
A,Annuale,048050,Vinci,RESPOP_AV,Popolazione residente al 31 dicembre,2019,14630,,,,,,,,,,,,,,
A,Annuale,048050,Vinci,RESPOP_AV,Popolazione residente al 31 dicembre,2020,14744,,,,,,,,,,,,,,
A,Annuale,048050,Vinci,RESPOP_AV,Popolazione residente al 31 dicembre,2021,14574,,,,,,,,,,,,,,
A,Annuale,048050,Vinci,RESPOP_AV,Popolazione residente al 31 dicembre,2022,14467,,,,,,,,,,,,,,
A,Annuale,048050,Vinci,RESPOP_AV,Popolazione residente al 31 dicembre,2023,14578,,,,,,,,,,,,,,
A,Annuale,048050,Vinci,RESPOP_AV,Popolazione residente al 31 dicembre,2024,14587,,,,,,,,,,,,,,
A,Annuale,050001,Bientina,RESPOP_AV,Popolazione residente al 31 dicembre,1951,3773,,,,,,,,,,,,,,
A,Annuale,050001,Bientina,RESPOP_AV,Popolazione residente al 31 dicembre,1961,3855,,,,,,,,,,,,,,
A,Annuale,050001,Bientina,RESPOP_AV,Popolazione residente al 31 dicembre,1971,4126,,,,,,,,,,,,,,
A,Annuale,050001,Bientina,RESPOP_AV,Popolazione residente al 31 dicembre,1981,4912,,,,,,,,,,,,,,
A,Annuale,050001,Bientina,RESPOP_AV,Popolazione residente al 31 dicembre,1991,5291,,,,,,,,,,,,,,
A,Annuale,050001,Bientina,RESPOP_AV,Popolazione residente al 31 dicembre,2001,6115,,,,,,,,,,,,,,
A,Annuale,050001,Bientina,RESPOP_AV,Popolazione residente al 31 dicembre,2011,7766,,,,,,,,,,,,,,
A,Annuale,050001,Bientina,RESPOP_AV,Popolazione residente al 31 dicembre,2018,8391,,,,,,,,,,,,,,
A,Annuale,050001,Bientina,RESPOP_AV,Popolazione residente al 31 dicembre,2019,8496,,,,,,,,,,,,,,
A,Annuale,050001,Bientina,RESPOP_AV,Popolazione residente al 31 dicembre,2020,8544,,,,,,,,,,,,,,
A,Annuale,050001,Bientina,RESPOP_AV,Popolazione residente al 31 dicembre,2021,8553,,,,,,,,,,,,,,
A,Annuale,050001,Bientina,RESPOP_AV,Popolazione residente al 31 dicembre,2022,8616,,,,,,,,,,,,,,
A,Annuale,050001,Bientina,RESPOP_AV,Popolazione residente al 31 dicembre,2023,8653,,,,,,,,,,,,,,
A,Annuale,050001,Bientina,RESPOP_AV,Popolazione residente al 31 dicembre,2024,8702,,,,,,,,,,,,,,
A,Annuale,050002,Buti,RESPOP_AV,Popolazione residente al 31 dicembre,1951,4815,,,,,,,,,,,,,,
A,Annuale,050002,Buti,RESPOP_AV,Popolazione residente al 31 dicembre,1961,5120,,,,,,,,,,,,,,
A,Annuale,050002,Buti,RESPOP_AV,Popolazione residente al 31 dicembre,1971,5186,,,,,,,,,,,,,,
A,Annuale,050002,Buti,RESPOP_AV,Popolazione residente al 31 dicembre,1981,5225,,,,,,,,,,,,,,
A,Annuale,050002,Buti,RESPOP_AV,Popolazione residente al 31 dicembre,1991,5201,,,,,,,,,,,,,,
A,Annuale,050002,Buti,RESPOP_AV,Popolazione residente al 31 dicembre,2001,5431,,,,,,,,,,,,,,
A,Annuale,050002,Buti,RESPOP_AV,Popolazione residente al 31 dicembre,2011,5773,,,,,,,,,,,,,,
A,Annuale,050002,Buti,RESPOP_AV,Popolazione residente al 31 dicembre,2018,5599,,,,,,,,,,,,,,
A,Annuale,050002,Buti,RESPOP_AV,Popolazione residente al 31 dicembre,2019,5598,,,,,,,,,,,,,,
A,Annuale,050002,Buti,RESPOP_AV,Popolazione residente al 31 dicembre,2020,5538,,,,,,,,,,,,,,
A,Annuale,050002,Buti,RESPOP_AV,Popolazione residente al 31 dicembre,2021,5575,,,,,,,,,,,,,,
A,Annuale,050002,Buti,RESPOP_AV,Popolazione residente al 31 dicembre,2022,5554,,,,,,,,,,,,,,
A,Annuale,050002,Buti,RESPOP_AV,Popolazione residente al 31 dicembre,2023,5520,,,,,,,,,,,,,,
A,Annuale,050002,Buti,RESPOP_AV,Popolazione residente al 31 dicembre,2024,5540,,,,,,,,,,,,,,
A,Annuale,050003,Calci,RESPOP_AV,Popolazione residente al 31 dicembre,1951,5645,,,,,,,,,,,,,,
A,Annuale,050003,Calci,RESPOP_AV,Popolazione residente al 31 dicembre,1961,5285,,,,,,,,,,,,,,
A,Annuale,050003,Calci,RESPOP_AV,Popolazione residente al 31 dicembre,1971,4773,,,,,,,,,,,,,,
A,Annuale,050003,Calci,RESPOP_AV,Popolazione residente al 31 dicembre,1981,5053,,,,,,,,,,,,,,
A,Annuale,050003,Calci,RESPOP_AV,Popolazione residente al 31 dicembre,1991,5504,,,,,,,,,,,,,,
A,Annuale,050003,Calci,RESPOP_AV,Popolazione residente al 31 dicembre,2001,5838,,,,,,,,,,,,,,
A,Annuale,050003,Calci,RESPOP_AV,Popolazione residente al 31 dicembre,2011,6409,,,,,,,,,,,,,,
A,Annuale,050003,Calci,RESPOP_AV,Popolazione residente al 31 dicembre,2018,6325,,,,,,,,,,,,,,
A,Annuale,050003,Calci,RESPOP_AV,Popolazione residente al 31 dicembre,2019,6281,,,,,,,,,,,,,,
A,Annuale,050003,Calci,RESPOP_AV,Popolazione residente al 31 dicembre,2020,6372,,,,,,,,,,,,,,
A,Annuale,050003,Calci,RESPOP_AV,Popolazione residente al 31 dicembre,2021,6293,,,,,,,,,,,,,,
A,Annuale,050003,Calci,RESPOP_AV,Popolazione residente al 31 dicembre,2022,6308,,,,,,,,,,,,,,
A,Annuale,050003,Calci,RESPOP_AV,Popolazione residente al 31 dicembre,2023,6312,,,,,,,,,,,,,,
A,Annuale,050003,Calci,RESPOP_AV,Popolazione residente al 31 dicembre,2024,6294,,,,,,,,,,,,,,
A,Annuale,050004,Calcinaia,RESPOP_AV,Popolazione residente al 31 dicembre,1951,4261,,,,,,,,,,,,,,
A,Annuale,050004,Calcinaia,RESPOP_AV,Popolazione residente al 31 dicembre,1961,4669,,,,,,,,,,,,,,
A,Annuale,050004,Calcinaia,RESPOP_AV,Popolazione residente al 31 dicembre,1971,5687,,,,,,,,,,,,,,
A,Annuale,050004,Calcinaia,RESPOP_AV,Popolazione residente al 31 dicembre,1981,7194,,,,,,,,,,,,,,
A,Annuale,050004,Calcinaia,RESPOP_AV,Popolazione residente al 31 dicembre,1991,8103,,,,,,,,,,,,,,
A,Annuale,050004,Calcinaia,RESPOP_AV,Popolazione residente al 31 dicembre,2001,8608,,,,,,,,,,,,,,
A,Annuale,050004,Calcinaia,RESPOP_AV,Popolazione residente al 31 dicembre,2011,11684,,,,,,,,,,,,,,
A,Annuale,050004,Calcinaia,RESPOP_AV,Popolazione residente al 31 dicembre,2018,12587,,,,,,,,,,,,,,
A,Annuale,050004,Calcinaia,RESPOP_AV,Popolazione residente al 31 dicembre,2019,12652,,,,,,,,,,,,,,
A,Annuale,050004,Calcinaia,RESPOP_AV,Popolazione residente al 31 dicembre,2020,12700,,,,,,,,,,,,,,
A,Annuale,050004,Calcinaia,RESPOP_AV,Popolazione residente al 31 dicembre,2021,12711,,,,,,,,,,,,,,
A,Annuale,050004,Calcinaia,RESPOP_AV,Popolazione residente al 31 dicembre,2022,12750,,,,,,,,,,,,,,
A,Annuale,050004,Calcinaia,RESPOP_AV,Popolazione residente al 31 dicembre,2023,12804,,,,,,,,,,,,,,
A,Annuale,050004,Calcinaia,RESPOP_AV,Popolazione residente al 31 dicembre,2024,12855,,,,,,,,,,,,,,
A,Annuale,050005,Capannoli,RESPOP_AV,Popolazione residente al 31 dicembre,1951,4310,,,,,,,,,,,,,,
A,Annuale,050005,Capannoli,RESPOP_AV,Popolazione residente al 31 dicembre,1961,4481,,,,,,,,,,,,,,
A,Annuale,050005,Capannoli,RESPOP_AV,Popolazione residente al 31 dicembre,1971,4636,,,,,,,,,,,,,,
A,Annuale,050005,Capannoli,RESPOP_AV,Popolazione residente al 31 dicembre,1981,4802,,,,,,,,,,,,,,
A,Annuale,050005,Capannoli,RESPOP_AV,Popolazione residente al 31 dicembre,1991,4943,,,,,,,,,,,,,,
A,Annuale,050005,Capannoli,RESPOP_AV,Popolazione residente al 31 dicembre,2001,5106,,,,,,,,,,,,,,
A,Annuale,050005,Capannoli,RESPOP_AV,Popolazione residente al 31 dicembre,2011,6213,,,,,,,,,,,,,,
A,Annuale,050005,Capannoli,RESPOP_AV,Popolazione residente al 31 dicembre,2018,6399,,,,,,,,,,,,,,
A,Annuale,050005,Capannoli,RESPOP_AV,Popolazione residente al 31 dicembre,2019,6382,,,,,,,,,,,,,,
A,Annuale,050005,Capannoli,RESPOP_AV,Popolazione residente al 31 dicembre,2020,6363,,,,,,,,,,,,,,
A,Annuale,050005,Capannoli,RESPOP_AV,Popolazione residente al 31 dicembre,2021,6430,,,,,,,,,,,,,,
A,Annuale,050005,Capannoli,RESPOP_AV,Popolazione residente al 31 dicembre,2022,6394,,,,,,,,,,,,,,
A,Annuale,050005,Capannoli,RESPOP_AV,Popolazione residente al 31 dicembre,2023,6361,,,,,,,,,,,,,,
A,Annuale,050005,Capannoli,RESPOP_AV,Popolazione residente al 31 dicembre,2024,6334,,,,,,,,,,,,,,
A,Annuale,050006,Casale Marittimo,RESPOP_AV,Popolazione residente al 31 dicembre,1951,1455,,,,,,,,,,,,,,
A,Annuale,050006,Casale Marittimo,RESPOP_AV,Popolazione residente al 31 dicembre,1961,1101,,,,,,,,,,,,,,
A,Annuale,050006,Casale Marittimo,RESPOP_AV,Popolazione residente al 31 dicembre,1971,837,,,,,,,,,,,,,,
A,Annuale,050006,Casale Marittimo,RESPOP_AV,Popolazione residente al 31 dicembre,1981,937,,,,,,,,,,,,,,
A,Annuale,050006,Casale Marittimo,RESPOP_AV,Popolazione residente al 31 dicembre,1991,923,,,,,,,,,,,,,,
A,Annuale,050006,Casale Marittimo,RESPOP_AV,Popolazione residente al 31 dicembre,2001,1007,,,,,,,,,,,,,,
A,Annuale,050006,Casale Marittimo,RESPOP_AV,Popolazione residente al 31 dicembre,2011,1084,,,,,,,,,,,,,,
A,Annuale,050006,Casale Marittimo,RESPOP_AV,Popolazione residente al 31 dicembre,2018,1102,,,,,,,,,,,,,,
A,Annuale,050006,Casale Marittimo,RESPOP_AV,Popolazione residente al 31 dicembre,2019,1069,,,,,,,,,,,,,,
A,Annuale,050006,Casale Marittimo,RESPOP_AV,Popolazione residente al 31 dicembre,2020,1053,,,,,,,,,,,,,,
A,Annuale,050006,Casale Marittimo,RESPOP_AV,Popolazione residente al 31 dicembre,2021,1076,,,,,,,,,,,,,,
A,Annuale,050006,Casale Marittimo,RESPOP_AV,Popolazione residente al 31 dicembre,2022,1052,,,,,,,,,,,,,,
A,Annuale,050006,Casale Marittimo,RESPOP_AV,Popolazione residente al 31 dicembre,2023,1079,,,,,,,,,,,,,,
A,Annuale,050006,Casale Marittimo,RESPOP_AV,Popolazione residente al 31 dicembre,2024,1073,,,,,,,,,,,,,,
A,Annuale,050040,Casciana Terme Lari,RESPOP_AV,Popolazione residente al 31 dicembre,1951,12350,,,,,,,,,,,,,,
A,Annuale,050040,Casciana Terme Lari,RESPOP_AV,Popolazione residente al 31 dicembre,1961,11208,,,,,,,,,,,,,,
A,Annuale,050040,Casciana Terme Lari,RESPOP_AV,Popolazione residente al 31 dicembre,1971,10242,,,,,,,,,,,,,,
A,Annuale,050040,Casciana Terme Lari,RESPOP_AV,Popolazione residente al 31 dicembre,1981,10440,,,,,,,,,,,,,,
A,Annuale,050040,Casciana Terme Lari,RESPOP_AV,Popolazione residente al 31 dicembre,1991,11083,,,,,,,,,,,,,,
A,Annuale,050040,Casciana Terme Lari,RESPOP_AV,Popolazione residente al 31 dicembre,2001,11621,,,,,,,,,,,,,,
A,Annuale,050040,Casciana Terme Lari,RESPOP_AV,Popolazione residente al 31 dicembre,2011,12366,,,,,,,,,,,,,,
A,Annuale,050040,Casciana Terme Lari,RESPOP_AV,Popolazione residente al 31 dicembre,2018,12410,,,,,,,,,,,,,,
A,Annuale,050040,Casciana Terme Lari,RESPOP_AV,Popolazione residente al 31 dicembre,2019,12363,,,,,,,,,,,,,,
A,Annuale,050040,Casciana Terme Lari,RESPOP_AV,Popolazione residente al 31 dicembre,2020,12134,,,,,,,,,,,,,,
A,Annuale,050040,Casciana Terme Lari,RESPOP_AV,Popolazione residente al 31 dicembre,2021,12160,,,,,,,,,,,,,,
A,Annuale,050040,Casciana Terme Lari,RESPOP_AV,Popolazione residente al 31 dicembre,2022,12130,,,,,,,,,,,,,,
A,Annuale,050040,Casciana Terme Lari,RESPOP_AV,Popolazione residente al 31 dicembre,2023,12202,,,,,,,,,,,,,,
A,Annuale,050040,Casciana Terme Lari,RESPOP_AV,Popolazione residente al 31 dicembre,2024,12121,,,,,,,,,,,,,,
A,Annuale,050008,Cascina,RESPOP_AV,Popolazione residente al 31 dicembre,1951,29368,,,,,,,,,,,,,,
A,Annuale,050008,Cascina,RESPOP_AV,Popolazione residente al 31 dicembre,1961,31018,,,,,,,,,,,,,,
A,Annuale,050008,Cascina,RESPOP_AV,Popolazione residente al 31 dicembre,1971,33282,,,,,,,,,,,,,,
A,Annuale,050008,Cascina,RESPOP_AV,Popolazione residente al 31 dicembre,1981,35431,,,,,,,,,,,,,,
A,Annuale,050008,Cascina,RESPOP_AV,Popolazione residente al 31 dicembre,1991,36301,,,,,,,,,,,,,,
A,Annuale,050008,Cascina,RESPOP_AV,Popolazione residente al 31 dicembre,2001,38359,,,,,,,,,,,,,,
A,Annuale,050008,Cascina,RESPOP_AV,Popolazione residente al 31 dicembre,2011,43833,,,,,,,,,,,,,,
A,Annuale,050008,Cascina,RESPOP_AV,Popolazione residente al 31 dicembre,2018,44801,,,,,,,,,,,,,,
A,Annuale,050008,Cascina,RESPOP_AV,Popolazione residente al 31 dicembre,2019,44765,,,,,,,,,,,,,,
A,Annuale,050008,Cascina,RESPOP_AV,Popolazione residente al 31 dicembre,2020,45005,,,,,,,,,,,,,,
A,Annuale,050008,Cascina,RESPOP_AV,Popolazione residente al 31 dicembre,2021,44865,,,,,,,,,,,,,,
A,Annuale,050008,Cascina,RESPOP_AV,Popolazione residente al 31 dicembre,2022,44826,,,,,,,,,,,,,,
A,Annuale,050008,Cascina,RESPOP_AV,Popolazione residente al 31 dicembre,2023,44800,,,,,,,,,,,,,,
A,Annuale,050008,Cascina,RESPOP_AV,Popolazione residente al 31 dicembre,2024,44754,,,,,,,,,,,,,,
A,Annuale,050009,Castelfranco di Sotto,RESPOP_AV,Popolazione residente al 31 dicembre,1951,7130,,,,,,,,,,,,,,
A,Annuale,050009,Castelfranco di Sotto,RESPOP_AV,Popolazione residente al 31 dicembre,1961,8090,,,,,,,,,,,,,,
A,Annuale,050009,Castelfranco di Sotto,RESPOP_AV,Popolazione residente al 31 dicembre,1971,10359,,,,,,,,,,,,,,
A,Annuale,050009,Castelfranco di Sotto,RESPOP_AV,Popolazione residente al 31 dicembre,1981,10769,,,,,,,,,,,,,,
A,Annuale,050009,Castelfranco di Sotto,RESPOP_AV,Popolazione residente al 31 dicembre,1991,10834,,,,,,,,,,,,,,
A,Annuale,050009,Castelfranco di Sotto,RESPOP_AV,Popolazione residente al 31 dicembre,2001,11415,,,,,,,,,,,,,,
A,Annuale,050009,Castelfranco di Sotto,RESPOP_AV,Popolazione residente al 31 dicembre,2011,12904,,,,,,,,,,,,,,
A,Annuale,050009,Castelfranco di Sotto,RESPOP_AV,Popolazione residente al 31 dicembre,2018,13252,,,,,,,,,,,,,,
A,Annuale,050009,Castelfranco di Sotto,RESPOP_AV,Popolazione residente al 31 dicembre,2019,13258,,,,,,,,,,,,,,
A,Annuale,050009,Castelfranco di Sotto,RESPOP_AV,Popolazione residente al 31 dicembre,2020,13419,,,,,,,,,,,,,,
A,Annuale,050009,Castelfranco di Sotto,RESPOP_AV,Popolazione residente al 31 dicembre,2021,13460,,,,,,,,,,,,,,
A,Annuale,050009,Castelfranco di Sotto,RESPOP_AV,Popolazione residente al 31 dicembre,2022,13560,,,,,,,,,,,,,,
A,Annuale,050009,Castelfranco di Sotto,RESPOP_AV,Popolazione residente al 31 dicembre,2023,13625,,,,,,,,,,,,,,
A,Annuale,050009,Castelfranco di Sotto,RESPOP_AV,Popolazione residente al 31 dicembre,2024,13586,,,,,,,,,,,,,,
A,Annuale,050010,Castellina Marittima,RESPOP_AV,Popolazione residente al 31 dicembre,1951,2551,,,,,,,,,,,,,,
A,Annuale,050010,Castellina Marittima,RESPOP_AV,Popolazione residente al 31 dicembre,1961,2157,,,,,,,,,,,,,,
A,Annuale,050010,Castellina Marittima,RESPOP_AV,Popolazione residente al 31 dicembre,1971,1864,,,,,,,,,,,,,,
A,Annuale,050010,Castellina Marittima,RESPOP_AV,Popolazione residente al 31 dicembre,1981,1824,,,,,,,,,,,,,,
A,Annuale,050010,Castellina Marittima,RESPOP_AV,Popolazione residente al 31 dicembre,1991,1816,,,,,,,,,,,,,,
A,Annuale,050010,Castellina Marittima,RESPOP_AV,Popolazione residente al 31 dicembre,2001,1817,,,,,,,,,,,,,,
A,Annuale,050010,Castellina Marittima,RESPOP_AV,Popolazione residente al 31 dicembre,2011,1985,,,,,,,,,,,,,,
A,Annuale,050010,Castellina Marittima,RESPOP_AV,Popolazione residente al 31 dicembre,2018,1910,,,,,,,,,,,,,,
A,Annuale,050010,Castellina Marittima,RESPOP_AV,Popolazione residente al 31 dicembre,2019,1898,,,,,,,,,,,,,,
A,Annuale,050010,Castellina Marittima,RESPOP_AV,Popolazione residente al 31 dicembre,2020,1877,,,,,,,,,,,,,,
A,Annuale,050010,Castellina Marittima,RESPOP_AV,Popolazione residente al 31 dicembre,2021,1835,,,,,,,,,,,,,,
A,Annuale,050010,Castellina Marittima,RESPOP_AV,Popolazione residente al 31 dicembre,2022,1829,,,,,,,,,,,,,,
A,Annuale,050010,Castellina Marittima,RESPOP_AV,Popolazione residente al 31 dicembre,2023,1846,,,,,,,,,,,,,,
A,Annuale,050010,Castellina Marittima,RESPOP_AV,Popolazione residente al 31 dicembre,2024,1888,,,,,,,,,,,,,,
A,Annuale,050011,Castelnuovo di Val di Cecina,RESPOP_AV,Popolazione residente al 31 dicembre,1951,5022,,,,,,,,,,,,,,
A,Annuale,050011,Castelnuovo di Val di Cecina,RESPOP_AV,Popolazione residente al 31 dicembre,1961,4460,,,,,,,,,,,,,,
A,Annuale,050011,Castelnuovo di Val di Cecina,RESPOP_AV,Popolazione residente al 31 dicembre,1971,3336,,,,,,,,,,,,,,
A,Annuale,050011,Castelnuovo di Val di Cecina,RESPOP_AV,Popolazione residente al 31 dicembre,1981,2898,,,,,,,,,,,,,,
A,Annuale,050011,Castelnuovo di Val di Cecina,RESPOP_AV,Popolazione residente al 31 dicembre,1991,2678,,,,,,,,,,,,,,
A,Annuale,050011,Castelnuovo di Val di Cecina,RESPOP_AV,Popolazione residente al 31 dicembre,2001,2467,,,,,,,,,,,,,,
A,Annuale,050011,Castelnuovo di Val di Cecina,RESPOP_AV,Popolazione residente al 31 dicembre,2011,2290,,,,,,,,,,,,,,
A,Annuale,050011,Castelnuovo di Val di Cecina,RESPOP_AV,Popolazione residente al 31 dicembre,2018,2145,,,,,,,,,,,,,,
A,Annuale,050011,Castelnuovo di Val di Cecina,RESPOP_AV,Popolazione residente al 31 dicembre,2019,2154,,,,,,,,,,,,,,
A,Annuale,050011,Castelnuovo di Val di Cecina,RESPOP_AV,Popolazione residente al 31 dicembre,2020,2121,,,,,,,,,,,,,,
A,Annuale,050011,Castelnuovo di Val di Cecina,RESPOP_AV,Popolazione residente al 31 dicembre,2021,2094,,,,,,,,,,,,,,
A,Annuale,050011,Castelnuovo di Val di Cecina,RESPOP_AV,Popolazione residente al 31 dicembre,2022,2076,,,,,,,,,,,,,,
A,Annuale,050011,Castelnuovo di Val di Cecina,RESPOP_AV,Popolazione residente al 31 dicembre,2023,2083,,,,,,,,,,,,,,
A,Annuale,050011,Castelnuovo di Val di Cecina,RESPOP_AV,Popolazione residente al 31 dicembre,2024,2051,,,,,,,,,,,,,,
A,Annuale,050012,Chianni,RESPOP_AV,Popolazione residente al 31 dicembre,1951,3340,,,,,,,,,,,,,,
A,Annuale,050012,Chianni,RESPOP_AV,Popolazione residente al 31 dicembre,1961,2473,,,,,,,,,,,,,,
A,Annuale,050012,Chianni,RESPOP_AV,Popolazione residente al 31 dicembre,1971,1952,,,,,,,,,,,,,,
A,Annuale,050012,Chianni,RESPOP_AV,Popolazione residente al 31 dicembre,1981,1738,,,,,,,,,,,,,,
A,Annuale,050012,Chianni,RESPOP_AV,Popolazione residente al 31 dicembre,1991,1614,,,,,,,,,,,,,,
A,Annuale,050012,Chianni,RESPOP_AV,Popolazione residente al 31 dicembre,2001,1563,,,,,,,,,,,,,,
A,Annuale,050012,Chianni,RESPOP_AV,Popolazione residente al 31 dicembre,2011,1457,,,,,,,,,,,,,,
A,Annuale,050012,Chianni,RESPOP_AV,Popolazione residente al 31 dicembre,2018,1343,,,,,,,,,,,,,,
A,Annuale,050012,Chianni,RESPOP_AV,Popolazione residente al 31 dicembre,2019,1333,,,,,,,,,,,,,,
A,Annuale,050012,Chianni,RESPOP_AV,Popolazione residente al 31 dicembre,2020,1318,,,,,,,,,,,,,,
A,Annuale,050012,Chianni,RESPOP_AV,Popolazione residente al 31 dicembre,2021,1315,,,,,,,,,,,,,,
A,Annuale,050012,Chianni,RESPOP_AV,Popolazione residente al 31 dicembre,2022,1311,,,,,,,,,,,,,,
A,Annuale,050012,Chianni,RESPOP_AV,Popolazione residente al 31 dicembre,2023,1321,,,,,,,,,,,,,,
A,Annuale,050012,Chianni,RESPOP_AV,Popolazione residente al 31 dicembre,2024,1294,,,,,,,,,,,,,,
A,Annuale,050041,Crespina Lorenzana,RESPOP_AV,Popolazione residente al 31 dicembre,1951,5490,,,,,,,,,,,,,,
A,Annuale,050041,Crespina Lorenzana,RESPOP_AV,Popolazione residente al 31 dicembre,1961,4637,,,,,,,,,,,,,,
A,Annuale,050041,Crespina Lorenzana,RESPOP_AV,Popolazione residente al 31 dicembre,1971,3915,,,,,,,,,,,,,,
A,Annuale,050041,Crespina Lorenzana,RESPOP_AV,Popolazione residente al 31 dicembre,1981,4125,,,,,,,,,,,,,,
A,Annuale,050041,Crespina Lorenzana,RESPOP_AV,Popolazione residente al 31 dicembre,1991,4271,,,,,,,,,,,,,,
A,Annuale,050041,Crespina Lorenzana,RESPOP_AV,Popolazione residente al 31 dicembre,2001,4890,,,,,,,,,,,,,,
A,Annuale,050041,Crespina Lorenzana,RESPOP_AV,Popolazione residente al 31 dicembre,2011,5325,,,,,,,,,,,,,,
A,Annuale,050041,Crespina Lorenzana,RESPOP_AV,Popolazione residente al 31 dicembre,2018,5439,,,,,,,,,,,,,,
A,Annuale,050041,Crespina Lorenzana,RESPOP_AV,Popolazione residente al 31 dicembre,2019,5420,,,,,,,,,,,,,,
A,Annuale,050041,Crespina Lorenzana,RESPOP_AV,Popolazione residente al 31 dicembre,2020,5393,,,,,,,,,,,,,,
A,Annuale,050041,Crespina Lorenzana,RESPOP_AV,Popolazione residente al 31 dicembre,2021,5426,,,,,,,,,,,,,,
A,Annuale,050041,Crespina Lorenzana,RESPOP_AV,Popolazione residente al 31 dicembre,2022,5469,,,,,,,,,,,,,,
A,Annuale,050041,Crespina Lorenzana,RESPOP_AV,Popolazione residente al 31 dicembre,2023,5431,,,,,,,,,,,,,,
A,Annuale,050041,Crespina Lorenzana,RESPOP_AV,Popolazione residente al 31 dicembre,2024,5412,,,,,,,,,,,,,,
A,Annuale,050014,Fauglia,RESPOP_AV,Popolazione residente al 31 dicembre,1951,4531,,,,,,,,,,,,,,
A,Annuale,050014,Fauglia,RESPOP_AV,Popolazione residente al 31 dicembre,1961,3825,,,,,,,,,,,,,,
A,Annuale,050014,Fauglia,RESPOP_AV,Popolazione residente al 31 dicembre,1971,2667,,,,,,,,,,,,,,
A,Annuale,050014,Fauglia,RESPOP_AV,Popolazione residente al 31 dicembre,1981,2603,,,,,,,,,,,,,,
A,Annuale,050014,Fauglia,RESPOP_AV,Popolazione residente al 31 dicembre,1991,2873,,,,,,,,,,,,,,
A,Annuale,050014,Fauglia,RESPOP_AV,Popolazione residente al 31 dicembre,2001,3124,,,,,,,,,,,,,,
A,Annuale,050014,Fauglia,RESPOP_AV,Popolazione residente al 31 dicembre,2011,3592,,,,,,,,,,,,,,
A,Annuale,050014,Fauglia,RESPOP_AV,Popolazione residente al 31 dicembre,2018,3693,,,,,,,,,,,,,,
A,Annuale,050014,Fauglia,RESPOP_AV,Popolazione residente al 31 dicembre,2019,3615,,,,,,,,,,,,,,
A,Annuale,050014,Fauglia,RESPOP_AV,Popolazione residente al 31 dicembre,2020,3647,,,,,,,,,,,,,,
A,Annuale,050014,Fauglia,RESPOP_AV,Popolazione residente al 31 dicembre,2021,3674,,,,,,,,,,,,,,
A,Annuale,050014,Fauglia,RESPOP_AV,Popolazione residente al 31 dicembre,2022,3637,,,,,,,,,,,,,,
A,Annuale,050014,Fauglia,RESPOP_AV,Popolazione residente al 31 dicembre,2023,3620,,,,,,,,,,,,,,
A,Annuale,050014,Fauglia,RESPOP_AV,Popolazione residente al 31 dicembre,2024,3611,,,,,,,,,,,,,,
A,Annuale,050015,Guardistallo,RESPOP_AV,Popolazione residente al 31 dicembre,1951,2006,,,,,,,,,,,,,,
A,Annuale,050015,Guardistallo,RESPOP_AV,Popolazione residente al 31 dicembre,1961,1544,,,,,,,,,,,,,,
A,Annuale,050015,Guardistallo,RESPOP_AV,Popolazione residente al 31 dicembre,1971,1122,,,,,,,,,,,,,,
A,Annuale,050015,Guardistallo,RESPOP_AV,Popolazione residente al 31 dicembre,1981,1002,,,,,,,,,,,,,,
A,Annuale,050015,Guardistallo,RESPOP_AV,Popolazione residente al 31 dicembre,1991,938,,,,,,,,,,,,,,
A,Annuale,050015,Guardistallo,RESPOP_AV,Popolazione residente al 31 dicembre,2001,1026,,,,,,,,,,,,,,
A,Annuale,050015,Guardistallo,RESPOP_AV,Popolazione residente al 31 dicembre,2011,1254,,,,,,,,,,,,,,
A,Annuale,050015,Guardistallo,RESPOP_AV,Popolazione residente al 31 dicembre,2018,1203,,,,,,,,,,,,,,
A,Annuale,050015,Guardistallo,RESPOP_AV,Popolazione residente al 31 dicembre,2019,1197,,,,,,,,,,,,,,
A,Annuale,050015,Guardistallo,RESPOP_AV,Popolazione residente al 31 dicembre,2020,1168,,,,,,,,,,,,,,
A,Annuale,050015,Guardistallo,RESPOP_AV,Popolazione residente al 31 dicembre,2021,1161,,,,,,,,,,,,,,
A,Annuale,050015,Guardistallo,RESPOP_AV,Popolazione residente al 31 dicembre,2022,1159,,,,,,,,,,,,,,
A,Annuale,050015,Guardistallo,RESPOP_AV,Popolazione residente al 31 dicembre,2023,1185,,,,,,,,,,,,,,
A,Annuale,050015,Guardistallo,RESPOP_AV,Popolazione residente al 31 dicembre,2024,1185,,,,,,,,,,,,,,
A,Annuale,050016,Lajatico,RESPOP_AV,Popolazione residente al 31 dicembre,1951,2478,,,,,,,,,,,,,,
A,Annuale,050016,Lajatico,RESPOP_AV,Popolazione residente al 31 dicembre,1961,2076,,,,,,,,,,,,,,
A,Annuale,050016,Lajatico,RESPOP_AV,Popolazione residente al 31 dicembre,1971,1705,,,,,,,,,,,,,,
A,Annuale,050016,Lajatico,RESPOP_AV,Popolazione residente al 31 dicembre,1981,1586,,,,,,,,,,,,,,
A,Annuale,050016,Lajatico,RESPOP_AV,Popolazione residente al 31 dicembre,1991,1475,,,,,,,,,,,,,,
A,Annuale,050016,Lajatico,RESPOP_AV,Popolazione residente al 31 dicembre,2001,1389,,,,,,,,,,,,,,
A,Annuale,050016,Lajatico,RESPOP_AV,Popolazione residente al 31 dicembre,2011,1376,,,,,,,,,,,,,,
A,Annuale,050016,Lajatico,RESPOP_AV,Popolazione residente al 31 dicembre,2018,1308,,,,,,,,,,,,,,
A,Annuale,050016,Lajatico,RESPOP_AV,Popolazione residente al 31 dicembre,2019,1300,,,,,,,,,,,,,,
A,Annuale,050016,Lajatico,RESPOP_AV,Popolazione residente al 31 dicembre,2020,1272,,,,,,,,,,,,,,
A,Annuale,050016,Lajatico,RESPOP_AV,Popolazione residente al 31 dicembre,2021,1282,,,,,,,,,,,,,,
A,Annuale,050016,Lajatico,RESPOP_AV,Popolazione residente al 31 dicembre,2022,1264,,,,,,,,,,,,,,
A,Annuale,050016,Lajatico,RESPOP_AV,Popolazione residente al 31 dicembre,2023,1281,,,,,,,,,,,,,,
A,Annuale,050016,Lajatico,RESPOP_AV,Popolazione residente al 31 dicembre,2024,1272,,,,,,,,,,,,,,
A,Annuale,050019,Montecatini Val di Cecina,RESPOP_AV,Popolazione residente al 31 dicembre,1951,5376,,,,,,,,,,,,,,
A,Annuale,050019,Montecatini Val di Cecina,RESPOP_AV,Popolazione residente al 31 dicembre,1961,4089,,,,,,,,,,,,,,
A,Annuale,050019,Montecatini Val di Cecina,RESPOP_AV,Popolazione residente al 31 dicembre,1971,2719,,,,,,,,,,,,,,
A,Annuale,050019,Montecatini Val di Cecina,RESPOP_AV,Popolazione residente al 31 dicembre,1981,2388,,,,,,,,,,,,,,
A,Annuale,050019,Montecatini Val di Cecina,RESPOP_AV,Popolazione residente al 31 dicembre,1991,2178,,,,,,,,,,,,,,
A,Annuale,050019,Montecatini Val di Cecina,RESPOP_AV,Popolazione residente al 31 dicembre,2001,2008,,,,,,,,,,,,,,
A,Annuale,050019,Montecatini Val di Cecina,RESPOP_AV,Popolazione residente al 31 dicembre,2011,1820,,,,,,,,,,,,,,
A,Annuale,050019,Montecatini Val di Cecina,RESPOP_AV,Popolazione residente al 31 dicembre,2018,1676,,,,,,,,,,,,,,
A,Annuale,050019,Montecatini Val di Cecina,RESPOP_AV,Popolazione residente al 31 dicembre,2019,1661,,,,,,,,,,,,,,
A,Annuale,050019,Montecatini Val di Cecina,RESPOP_AV,Popolazione residente al 31 dicembre,2020,1683,,,,,,,,,,,,,,
A,Annuale,050019,Montecatini Val di Cecina,RESPOP_AV,Popolazione residente al 31 dicembre,2021,1669,,,,,,,,,,,,,,
A,Annuale,050019,Montecatini Val di Cecina,RESPOP_AV,Popolazione residente al 31 dicembre,2022,1685,,,,,,,,,,,,,,
A,Annuale,050019,Montecatini Val di Cecina,RESPOP_AV,Popolazione residente al 31 dicembre,2023,1688,,,,,,,,,,,,,,
A,Annuale,050019,Montecatini Val di Cecina,RESPOP_AV,Popolazione residente al 31 dicembre,2024,1680,,,,,,,,,,,,,,
A,Annuale,050020,Montescudaio,RESPOP_AV,Popolazione residente al 31 dicembre,1951,2010,,,,,,,,,,,,,,
A,Annuale,050020,Montescudaio,RESPOP_AV,Popolazione residente al 31 dicembre,1961,1530,,,,,,,,,,,,,,
A,Annuale,050020,Montescudaio,RESPOP_AV,Popolazione residente al 31 dicembre,1971,1134,,,,,,,,,,,,,,
A,Annuale,050020,Montescudaio,RESPOP_AV,Popolazione residente al 31 dicembre,1981,1212,,,,,,,,,,,,,,
A,Annuale,050020,Montescudaio,RESPOP_AV,Popolazione residente al 31 dicembre,1991,1367,,,,,,,,,,,,,,
A,Annuale,050020,Montescudaio,RESPOP_AV,Popolazione residente al 31 dicembre,2001,1436,,,,,,,,,,,,,,
A,Annuale,050020,Montescudaio,RESPOP_AV,Popolazione residente al 31 dicembre,2011,1958,,,,,,,,,,,,,,
A,Annuale,050020,Montescudaio,RESPOP_AV,Popolazione residente al 31 dicembre,2018,2135,,,,,,,,,,,,,,
A,Annuale,050020,Montescudaio,RESPOP_AV,Popolazione residente al 31 dicembre,2019,2110,,,,,,,,,,,,,,
A,Annuale,050020,Montescudaio,RESPOP_AV,Popolazione residente al 31 dicembre,2020,2134,,,,,,,,,,,,,,
A,Annuale,050020,Montescudaio,RESPOP_AV,Popolazione residente al 31 dicembre,2021,2167,,,,,,,,,,,,,,
A,Annuale,050020,Montescudaio,RESPOP_AV,Popolazione residente al 31 dicembre,2022,2147,,,,,,,,,,,,,,
A,Annuale,050020,Montescudaio,RESPOP_AV,Popolazione residente al 31 dicembre,2023,2176,,,,,,,,,,,,,,
A,Annuale,050020,Montescudaio,RESPOP_AV,Popolazione residente al 31 dicembre,2024,2192,,,,,,,,,,,,,,
A,Annuale,050021,Monteverdi Marittimo,RESPOP_AV,Popolazione residente al 31 dicembre,1951,1933,,,,,,,,,,,,,,
A,Annuale,050021,Monteverdi Marittimo,RESPOP_AV,Popolazione residente al 31 dicembre,1961,1433,,,,,,,,,,,,,,
A,Annuale,050021,Monteverdi Marittimo,RESPOP_AV,Popolazione residente al 31 dicembre,1971,980,,,,,,,,,,,,,,
A,Annuale,050021,Monteverdi Marittimo,RESPOP_AV,Popolazione residente al 31 dicembre,1981,847,,,,,,,,,,,,,,
A,Annuale,050021,Monteverdi Marittimo,RESPOP_AV,Popolazione residente al 31 dicembre,1991,755,,,,,,,,,,,,,,
A,Annuale,050021,Monteverdi Marittimo,RESPOP_AV,Popolazione residente al 31 dicembre,2001,701,,,,,,,,,,,,,,
A,Annuale,050021,Monteverdi Marittimo,RESPOP_AV,Popolazione residente al 31 dicembre,2011,778,,,,,,,,,,,,,,
A,Annuale,050021,Monteverdi Marittimo,RESPOP_AV,Popolazione residente al 31 dicembre,2018,749,,,,,,,,,,,,,,
A,Annuale,050021,Monteverdi Marittimo,RESPOP_AV,Popolazione residente al 31 dicembre,2019,762,,,,,,,,,,,,,,
A,Annuale,050021,Monteverdi Marittimo,RESPOP_AV,Popolazione residente al 31 dicembre,2020,747,,,,,,,,,,,,,,
A,Annuale,050021,Monteverdi Marittimo,RESPOP_AV,Popolazione residente al 31 dicembre,2021,753,,,,,,,,,,,,,,
A,Annuale,050021,Monteverdi Marittimo,RESPOP_AV,Popolazione residente al 31 dicembre,2022,766,,,,,,,,,,,,,,
A,Annuale,050021,Monteverdi Marittimo,RESPOP_AV,Popolazione residente al 31 dicembre,2023,794,,,,,,,,,,,,,,
A,Annuale,050021,Monteverdi Marittimo,RESPOP_AV,Popolazione residente al 31 dicembre,2024,796,,,,,,,,,,,,,,
A,Annuale,050022,'Montopoli in Val d"'Arno',RESPOP_AV,Popolazione residente al 31 dicembre,1951,6824,,,,,,,,,,,,,,
A,Annuale,050022,'Montopoli in Val d"'Arno',RESPOP_AV,Popolazione residente al 31 dicembre,1961,7199,,,,,,,,,,,,,,
A,Annuale,050022,'Montopoli in Val d"'Arno',RESPOP_AV,Popolazione residente al 31 dicembre,1971,8036,,,,,,,,,,,,,,
A,Annuale,050022,'Montopoli in Val d"'Arno',RESPOP_AV,Popolazione residente al 31 dicembre,1981,8848,,,,,,,,,,,,,,
A,Annuale,050022,'Montopoli in Val d"'Arno',RESPOP_AV,Popolazione residente al 31 dicembre,1991,8870,,,,,,,,,,,,,,
A,Annuale,050022,'Montopoli in Val d"'Arno',RESPOP_AV,Popolazione residente al 31 dicembre,2001,9648,,,,,,,,,,,,,,
A,Annuale,050022,'Montopoli in Val d"'Arno',RESPOP_AV,Popolazione residente al 31 dicembre,2011,11167,,,,,,,,,,,,,,
A,Annuale,050022,'Montopoli in Val d"'Arno',RESPOP_AV,Popolazione residente al 31 dicembre,2018,11153,,,,,,,,,,,,,,
A,Annuale,050022,'Montopoli in Val d"'Arno',RESPOP_AV,Popolazione residente al 31 dicembre,2019,11130,,,,,,,,,,,,,,
A,Annuale,050022,'Montopoli in Val d"'Arno',RESPOP_AV,Popolazione residente al 31 dicembre,2020,11060,,,,,,,,,,,,,,
A,Annuale,050022,'Montopoli in Val d"'Arno',RESPOP_AV,Popolazione residente al 31 dicembre,2021,11109,,,,,,,,,,,,,,
A,Annuale,050022,'Montopoli in Val d"'Arno',RESPOP_AV,Popolazione residente al 31 dicembre,2022,11187,,,,,,,,,,,,,,
A,Annuale,050022,'Montopoli in Val d"'Arno',RESPOP_AV,Popolazione residente al 31 dicembre,2023,11235,,,,,,,,,,,,,,
A,Annuale,050022,'Montopoli in Val d"'Arno',RESPOP_AV,Popolazione residente al 31 dicembre,2024,11296,,,,,,,,,,,,,,
A,Annuale,050023,Orciano Pisano,RESPOP_AV,Popolazione residente al 31 dicembre,1951,996,,,,,,,,,,,,,,
A,Annuale,050023,Orciano Pisano,RESPOP_AV,Popolazione residente al 31 dicembre,1961,720,,,,,,,,,,,,,,
A,Annuale,050023,Orciano Pisano,RESPOP_AV,Popolazione residente al 31 dicembre,1971,616,,,,,,,,,,,,,,
A,Annuale,050023,Orciano Pisano,RESPOP_AV,Popolazione residente al 31 dicembre,1981,588,,,,,,,,,,,,,,
A,Annuale,050023,Orciano Pisano,RESPOP_AV,Popolazione residente al 31 dicembre,1991,568,,,,,,,,,,,,,,
A,Annuale,050023,Orciano Pisano,RESPOP_AV,Popolazione residente al 31 dicembre,2001,628,,,,,,,,,,,,,,
A,Annuale,050023,Orciano Pisano,RESPOP_AV,Popolazione residente al 31 dicembre,2011,635,,,,,,,,,,,,,,
A,Annuale,050023,Orciano Pisano,RESPOP_AV,Popolazione residente al 31 dicembre,2018,612,,,,,,,,,,,,,,
A,Annuale,050023,Orciano Pisano,RESPOP_AV,Popolazione residente al 31 dicembre,2019,620,,,,,,,,,,,,,,
A,Annuale,050023,Orciano Pisano,RESPOP_AV,Popolazione residente al 31 dicembre,2020,629,,,,,,,,,,,,,,
A,Annuale,050023,Orciano Pisano,RESPOP_AV,Popolazione residente al 31 dicembre,2021,633,,,,,,,,,,,,,,
A,Annuale,050023,Orciano Pisano,RESPOP_AV,Popolazione residente al 31 dicembre,2022,635,,,,,,,,,,,,,,
A,Annuale,050023,Orciano Pisano,RESPOP_AV,Popolazione residente al 31 dicembre,2023,639,,,,,,,,,,,,,,
A,Annuale,050023,Orciano Pisano,RESPOP_AV,Popolazione residente al 31 dicembre,2024,638,,,,,,,,,,,,,,
A,Annuale,050024,Palaia,RESPOP_AV,Popolazione residente al 31 dicembre,1951,7584,,,,,,,,,,,,,,
A,Annuale,050024,Palaia,RESPOP_AV,Popolazione residente al 31 dicembre,1961,6156,,,,,,,,,,,,,,
A,Annuale,050024,Palaia,RESPOP_AV,Popolazione residente al 31 dicembre,1971,4831,,,,,,,,,,,,,,
A,Annuale,050024,Palaia,RESPOP_AV,Popolazione residente al 31 dicembre,1981,4619,,,,,,,,,,,,,,
A,Annuale,050024,Palaia,RESPOP_AV,Popolazione residente al 31 dicembre,1991,4417,,,,,,,,,,,,,,
A,Annuale,050024,Palaia,RESPOP_AV,Popolazione residente al 31 dicembre,2001,4536,,,,,,,,,,,,,,
A,Annuale,050024,Palaia,RESPOP_AV,Popolazione residente al 31 dicembre,2011,4572,,,,,,,,,,,,,,
A,Annuale,050024,Palaia,RESPOP_AV,Popolazione residente al 31 dicembre,2018,4550,,,,,,,,,,,,,,
A,Annuale,050024,Palaia,RESPOP_AV,Popolazione residente al 31 dicembre,2019,4565,,,,,,,,,,,,,,
A,Annuale,050024,Palaia,RESPOP_AV,Popolazione residente al 31 dicembre,2020,4519,,,,,,,,,,,,,,
A,Annuale,050024,Palaia,RESPOP_AV,Popolazione residente al 31 dicembre,2021,4535,,,,,,,,,,,,,,
A,Annuale,050024,Palaia,RESPOP_AV,Popolazione residente al 31 dicembre,2022,4532,,,,,,,,,,,,,,
A,Annuale,050024,Palaia,RESPOP_AV,Popolazione residente al 31 dicembre,2023,4548,,,,,,,,,,,,,,
A,Annuale,050024,Palaia,RESPOP_AV,Popolazione residente al 31 dicembre,2024,4595,,,,,,,,,,,,,,
A,Annuale,050025,Peccioli,RESPOP_AV,Popolazione residente al 31 dicembre,1951,8371,,,,,,,,,,,,,,
A,Annuale,050025,Peccioli,RESPOP_AV,Popolazione residente al 31 dicembre,1961,7267,,,,,,,,,,,,,,
A,Annuale,050025,Peccioli,RESPOP_AV,Popolazione residente al 31 dicembre,1971,5774,,,,,,,,,,,,,,
A,Annuale,050025,Peccioli,RESPOP_AV,Popolazione residente al 31 dicembre,1981,5337,,,,,,,,,,,,,,
A,Annuale,050025,Peccioli,RESPOP_AV,Popolazione residente al 31 dicembre,1991,4989,,,,,,,,,,,,,,
A,Annuale,050025,Peccioli,RESPOP_AV,Popolazione residente al 31 dicembre,2001,4833,,,,,,,,,,,,,,
A,Annuale,050025,Peccioli,RESPOP_AV,Popolazione residente al 31 dicembre,2011,4939,,,,,,,,,,,,,,
A,Annuale,050025,Peccioli,RESPOP_AV,Popolazione residente al 31 dicembre,2018,4715,,,,,,,,,,,,,,
A,Annuale,050025,Peccioli,RESPOP_AV,Popolazione residente al 31 dicembre,2019,4717,,,,,,,,,,,,,,
A,Annuale,050025,Peccioli,RESPOP_AV,Popolazione residente al 31 dicembre,2020,4649,,,,,,,,,,,,,,
A,Annuale,050025,Peccioli,RESPOP_AV,Popolazione residente al 31 dicembre,2021,4666,,,,,,,,,,,,,,
A,Annuale,050025,Peccioli,RESPOP_AV,Popolazione residente al 31 dicembre,2022,4676,,,,,,,,,,,,,,
A,Annuale,050025,Peccioli,RESPOP_AV,Popolazione residente al 31 dicembre,2023,4684,,,,,,,,,,,,,,
A,Annuale,050025,Peccioli,RESPOP_AV,Popolazione residente al 31 dicembre,2024,4647,,,,,,,,,,,,,,
A,Annuale,050026,Pisa,RESPOP_AV,Popolazione residente al 31 dicembre,1951,77722,,,,,,,,,,,,,,
A,Annuale,050026,Pisa,RESPOP_AV,Popolazione residente al 31 dicembre,1961,90928,,,,,,,,,,,,,,
A,Annuale,050026,Pisa,RESPOP_AV,Popolazione residente al 31 dicembre,1971,103415,,,,,,,,,,,,,,
A,Annuale,050026,Pisa,RESPOP_AV,Popolazione residente al 31 dicembre,1981,104509,,,,,,,,,,,,,,
A,Annuale,050026,Pisa,RESPOP_AV,Popolazione residente al 31 dicembre,1991,98928,,,,,,,,,,,,,,
A,Annuale,050026,Pisa,RESPOP_AV,Popolazione residente al 31 dicembre,2001,89694,,,,,,,,,,,,,,
A,Annuale,050026,Pisa,RESPOP_AV,Popolazione residente al 31 dicembre,2011,85858,,,,,,,,,,,,,,
A,Annuale,050026,Pisa,RESPOP_AV,Popolazione residente al 31 dicembre,2018,90096,,,,,,,,,,,,,,
A,Annuale,050026,Pisa,RESPOP_AV,Popolazione residente al 31 dicembre,2019,90036,,,,,,,,,,,,,,
A,Annuale,050026,Pisa,RESPOP_AV,Popolazione residente al 31 dicembre,2020,89969,,,,,,,,,,,,,,
A,Annuale,050026,Pisa,RESPOP_AV,Popolazione residente al 31 dicembre,2021,89002,,,,,,,,,,,,,,
A,Annuale,050026,Pisa,RESPOP_AV,Popolazione residente al 31 dicembre,2022,89059,,,,,,,,,,,,,,
A,Annuale,050026,Pisa,RESPOP_AV,Popolazione residente al 31 dicembre,2023,89117,,,,,,,,,,,,,,
A,Annuale,050026,Pisa,RESPOP_AV,Popolazione residente al 31 dicembre,2024,89422,,,,,,,,,,,,,,
A,Annuale,050027,Pomarance,RESPOP_AV,Popolazione residente al 31 dicembre,1951,9371,,,,,,,,,,,,,,
A,Annuale,050027,Pomarance,RESPOP_AV,Popolazione residente al 31 dicembre,1961,9719,,,,,,,,,,,,,,
A,Annuale,050027,Pomarance,RESPOP_AV,Popolazione residente al 31 dicembre,1971,8175,,,,,,,,,,,,,,
A,Annuale,050027,Pomarance,RESPOP_AV,Popolazione residente al 31 dicembre,1981,7662,,,,,,,,,,,,,,
A,Annuale,050027,Pomarance,RESPOP_AV,Popolazione residente al 31 dicembre,1991,7120,,,,,,,,,,,,,,
A,Annuale,050027,Pomarance,RESPOP_AV,Popolazione residente al 31 dicembre,2001,6323,,,,,,,,,,,,,,
A,Annuale,050027,Pomarance,RESPOP_AV,Popolazione residente al 31 dicembre,2011,5845,,,,,,,,,,,,,,
A,Annuale,050027,Pomarance,RESPOP_AV,Popolazione residente al 31 dicembre,2018,5602,,,,,,,,,,,,,,
A,Annuale,050027,Pomarance,RESPOP_AV,Popolazione residente al 31 dicembre,2019,5577,,,,,,,,,,,,,,
A,Annuale,050027,Pomarance,RESPOP_AV,Popolazione residente al 31 dicembre,2020,5473,,,,,,,,,,,,,,
A,Annuale,050027,Pomarance,RESPOP_AV,Popolazione residente al 31 dicembre,2021,5390,,,,,,,,,,,,,,
A,Annuale,050027,Pomarance,RESPOP_AV,Popolazione residente al 31 dicembre,2022,5314,,,,,,,,,,,,,,
A,Annuale,050027,Pomarance,RESPOP_AV,Popolazione residente al 31 dicembre,2023,5280,,,,,,,,,,,,,,
A,Annuale,050027,Pomarance,RESPOP_AV,Popolazione residente al 31 dicembre,2024,5243,,,,,,,,,,,,,,
A,Annuale,050028,Ponsacco,RESPOP_AV,Popolazione residente al 31 dicembre,1951,6894,,,,,,,,,,,,,,
A,Annuale,050028,Ponsacco,RESPOP_AV,Popolazione residente al 31 dicembre,1961,8237,,,,,,,,,,,,,,
A,Annuale,050028,Ponsacco,RESPOP_AV,Popolazione residente al 31 dicembre,1971,10650,,,,,,,,,,,,,,
A,Annuale,050028,Ponsacco,RESPOP_AV,Popolazione residente al 31 dicembre,1981,11701,,,,,,,,,,,,,,
A,Annuale,050028,Ponsacco,RESPOP_AV,Popolazione residente al 31 dicembre,1991,12131,,,,,,,,,,,,,,
A,Annuale,050028,Ponsacco,RESPOP_AV,Popolazione residente al 31 dicembre,2001,12576,,,,,,,,,,,,,,
A,Annuale,050028,Ponsacco,RESPOP_AV,Popolazione residente al 31 dicembre,2011,15237,,,,,,,,,,,,,,
A,Annuale,050028,Ponsacco,RESPOP_AV,Popolazione residente al 31 dicembre,2018,15524,,,,,,,,,,,,,,
A,Annuale,050028,Ponsacco,RESPOP_AV,Popolazione residente al 31 dicembre,2019,15489,,,,,,,,,,,,,,
A,Annuale,050028,Ponsacco,RESPOP_AV,Popolazione residente al 31 dicembre,2020,15466,,,,,,,,,,,,,,
A,Annuale,050028,Ponsacco,RESPOP_AV,Popolazione residente al 31 dicembre,2021,15577,,,,,,,,,,,,,,
A,Annuale,050028,Ponsacco,RESPOP_AV,Popolazione residente al 31 dicembre,2022,15575,,,,,,,,,,,,,,
A,Annuale,050028,Ponsacco,RESPOP_AV,Popolazione residente al 31 dicembre,2023,15570,,,,,,,,,,,,,,
A,Annuale,050028,Ponsacco,RESPOP_AV,Popolazione residente al 31 dicembre,2024,15642,,,,,,,,,,,,,,
A,Annuale,050029,Pontedera,RESPOP_AV,Popolazione residente al 31 dicembre,1951,19124,,,,,,,,,,,,,,
A,Annuale,050029,Pontedera,RESPOP_AV,Popolazione residente al 31 dicembre,1961,23904,,,,,,,,,,,,,,
A,Annuale,050029,Pontedera,RESPOP_AV,Popolazione residente al 31 dicembre,1971,26538,,,,,,,,,,,,,,
A,Annuale,050029,Pontedera,RESPOP_AV,Popolazione residente al 31 dicembre,1981,28008,,,,,,,,,,,,,,
A,Annuale,050029,Pontedera,RESPOP_AV,Popolazione residente al 31 dicembre,1991,26393,,,,,,,,,,,,,,
A,Annuale,050029,Pontedera,RESPOP_AV,Popolazione residente al 31 dicembre,2001,24971,,,,,,,,,,,,,,
A,Annuale,050029,Pontedera,RESPOP_AV,Popolazione residente al 31 dicembre,2011,28061,,,,,,,,,,,,,,
A,Annuale,050029,Pontedera,RESPOP_AV,Popolazione residente al 31 dicembre,2018,28935,,,,,,,,,,,,,,
A,Annuale,050029,Pontedera,RESPOP_AV,Popolazione residente al 31 dicembre,2019,29187,,,,,,,,,,,,,,
A,Annuale,050029,Pontedera,RESPOP_AV,Popolazione residente al 31 dicembre,2020,29270,,,,,,,,,,,,,,
A,Annuale,050029,Pontedera,RESPOP_AV,Popolazione residente al 31 dicembre,2021,29284,,,,,,,,,,,,,,
A,Annuale,050029,Pontedera,RESPOP_AV,Popolazione residente al 31 dicembre,2022,29458,,,,,,,,,,,,,,
A,Annuale,050029,Pontedera,RESPOP_AV,Popolazione residente al 31 dicembre,2023,29695,,,,,,,,,,,,,,
A,Annuale,050029,Pontedera,RESPOP_AV,Popolazione residente al 31 dicembre,2024,29893,,,,,,,,,,,,,,
A,Annuale,050030,Riparbella,RESPOP_AV,Popolazione residente al 31 dicembre,1951,2715,,,,,,,,,,,,,,
A,Annuale,050030,Riparbella,RESPOP_AV,Popolazione residente al 31 dicembre,1961,2033,,,,,,,,,,,,,,
A,Annuale,050030,Riparbella,RESPOP_AV,Popolazione residente al 31 dicembre,1971,1517,,,,,,,,,,,,,,
A,Annuale,050030,Riparbella,RESPOP_AV,Popolazione residente al 31 dicembre,1981,1372,,,,,,,,,,,,,,
A,Annuale,050030,Riparbella,RESPOP_AV,Popolazione residente al 31 dicembre,1991,1318,,,,,,,,,,,,,,
A,Annuale,050030,Riparbella,RESPOP_AV,Popolazione residente al 31 dicembre,2001,1327,,,,,,,,,,,,,,
A,Annuale,050030,Riparbella,RESPOP_AV,Popolazione residente al 31 dicembre,2011,1631,,,,,,,,,,,,,,
A,Annuale,050030,Riparbella,RESPOP_AV,Popolazione residente al 31 dicembre,2018,1618,,,,,,,,,,,,,,
A,Annuale,050030,Riparbella,RESPOP_AV,Popolazione residente al 31 dicembre,2019,1599,,,,,,,,,,,,,,
A,Annuale,050030,Riparbella,RESPOP_AV,Popolazione residente al 31 dicembre,2020,1554,,,,,,,,,,,,,,
A,Annuale,050030,Riparbella,RESPOP_AV,Popolazione residente al 31 dicembre,2021,1572,,,,,,,,,,,,,,
A,Annuale,050030,Riparbella,RESPOP_AV,Popolazione residente al 31 dicembre,2022,1590,,,,,,,,,,,,,,
A,Annuale,050030,Riparbella,RESPOP_AV,Popolazione residente al 31 dicembre,2023,1623,,,,,,,,,,,,,,
A,Annuale,050030,Riparbella,RESPOP_AV,Popolazione residente al 31 dicembre,2024,1644,,,,,,,,,,,,,,
A,Annuale,050031,San Giuliano Terme,RESPOP_AV,Popolazione residente al 31 dicembre,1951,23566,,,,,,,,,,,,,,
A,Annuale,050031,San Giuliano Terme,RESPOP_AV,Popolazione residente al 31 dicembre,1961,22179,,,,,,,,,,,,,,
A,Annuale,050031,San Giuliano Terme,RESPOP_AV,Popolazione residente al 31 dicembre,1971,24643,,,,,,,,,,,,,,
A,Annuale,050031,San Giuliano Terme,RESPOP_AV,Popolazione residente al 31 dicembre,1981,26687,,,,,,,,,,,,,,
A,Annuale,050031,San Giuliano Terme,RESPOP_AV,Popolazione residente al 31 dicembre,1991,28188,,,,,,,,,,,,,,
A,Annuale,050031,San Giuliano Terme,RESPOP_AV,Popolazione residente al 31 dicembre,2001,30392,,,,,,,,,,,,,,
A,Annuale,050031,San Giuliano Terme,RESPOP_AV,Popolazione residente al 31 dicembre,2011,31103,,,,,,,,,,,,,,
A,Annuale,050031,San Giuliano Terme,RESPOP_AV,Popolazione residente al 31 dicembre,2018,30846,,,,,,,,,,,,,,
A,Annuale,050031,San Giuliano Terme,RESPOP_AV,Popolazione residente al 31 dicembre,2019,30847,,,,,,,,,,,,,,
A,Annuale,050031,San Giuliano Terme,RESPOP_AV,Popolazione residente al 31 dicembre,2020,30915,,,,,,,,,,,,,,
A,Annuale,050031,San Giuliano Terme,RESPOP_AV,Popolazione residente al 31 dicembre,2021,30836,,,,,,,,,,,,,,
A,Annuale,050031,San Giuliano Terme,RESPOP_AV,Popolazione residente al 31 dicembre,2022,30701,,,,,,,,,,,,,,
A,Annuale,050031,San Giuliano Terme,RESPOP_AV,Popolazione residente al 31 dicembre,2023,30749,,,,,,,,,,,,,,
A,Annuale,050031,San Giuliano Terme,RESPOP_AV,Popolazione residente al 31 dicembre,2024,30832,,,,,,,,,,,,,,
A,Annuale,050032,San Miniato,RESPOP_AV,Popolazione residente al 31 dicembre,1951,21391,,,,,,,,,,,,,,
A,Annuale,050032,San Miniato,RESPOP_AV,Popolazione residente al 31 dicembre,1961,22091,,,,,,,,,,,,,,
A,Annuale,050032,San Miniato,RESPOP_AV,Popolazione residente al 31 dicembre,1971,22810,,,,,,,,,,,,,,
A,Annuale,050032,San Miniato,RESPOP_AV,Popolazione residente al 31 dicembre,1981,25002,,,,,,,,,,,,,,
A,Annuale,050032,San Miniato,RESPOP_AV,Popolazione residente al 31 dicembre,1991,25352,,,,,,,,,,,,,,
A,Annuale,050032,San Miniato,RESPOP_AV,Popolazione residente al 31 dicembre,2001,26365,,,,,,,,,,,,,,
A,Annuale,050032,San Miniato,RESPOP_AV,Popolazione residente al 31 dicembre,2011,27585,,,,,,,,,,,,,,
A,Annuale,050032,San Miniato,RESPOP_AV,Popolazione residente al 31 dicembre,2018,27759,,,,,,,,,,,,,,
A,Annuale,050032,San Miniato,RESPOP_AV,Popolazione residente al 31 dicembre,2019,27693,,,,,,,,,,,,,,
A,Annuale,050032,San Miniato,RESPOP_AV,Popolazione residente al 31 dicembre,2020,27785,,,,,,,,,,,,,,
A,Annuale,050032,San Miniato,RESPOP_AV,Popolazione residente al 31 dicembre,2021,27767,,,,,,,,,,,,,,
A,Annuale,050032,San Miniato,RESPOP_AV,Popolazione residente al 31 dicembre,2022,27732,,,,,,,,,,,,,,
A,Annuale,050032,San Miniato,RESPOP_AV,Popolazione residente al 31 dicembre,2023,27786,,,,,,,,,,,,,,
A,Annuale,050032,San Miniato,RESPOP_AV,Popolazione residente al 31 dicembre,2024,27831,,,,,,,,,,,,,,
A,Annuale,050033,'Santa Croce sull"'Arno',RESPOP_AV,Popolazione residente al 31 dicembre,1951,7627,,,,,,,,,,,,,,
A,Annuale,050033,'Santa Croce sull"'Arno',RESPOP_AV,Popolazione residente al 31 dicembre,1961,8952,,,,,,,,,,,,,,
A,Annuale,050033,'Santa Croce sull"'Arno',RESPOP_AV,Popolazione residente al 31 dicembre,1971,11107,,,,,,,,,,,,,,
A,Annuale,050033,'Santa Croce sull"'Arno',RESPOP_AV,Popolazione residente al 31 dicembre,1981,12612,,,,,,,,,,,,,,
A,Annuale,050033,'Santa Croce sull"'Arno',RESPOP_AV,Popolazione residente al 31 dicembre,1991,12345,,,,,,,,,,,,,,
A,Annuale,050033,'Santa Croce sull"'Arno',RESPOP_AV,Popolazione residente al 31 dicembre,2001,12500,,,,,,,,,,,,,,
A,Annuale,050033,'Santa Croce sull"'Arno',RESPOP_AV,Popolazione residente al 31 dicembre,2011,14061,,,,,,,,,,,,,,
A,Annuale,050033,'Santa Croce sull"'Arno',RESPOP_AV,Popolazione residente al 31 dicembre,2018,14433,,,,,,,,,,,,,,
A,Annuale,050033,'Santa Croce sull"'Arno',RESPOP_AV,Popolazione residente al 31 dicembre,2019,14424,,,,,,,,,,,,,,
A,Annuale,050033,'Santa Croce sull"'Arno',RESPOP_AV,Popolazione residente al 31 dicembre,2020,14549,,,,,,,,,,,,,,
A,Annuale,050033,'Santa Croce sull"'Arno',RESPOP_AV,Popolazione residente al 31 dicembre,2021,14608,,,,,,,,,,,,,,
A,Annuale,050033,'Santa Croce sull"'Arno',RESPOP_AV,Popolazione residente al 31 dicembre,2022,14733,,,,,,,,,,,,,,
A,Annuale,050033,'Santa Croce sull"'Arno',RESPOP_AV,Popolazione residente al 31 dicembre,2023,14754,,,,,,,,,,,,,,
A,Annuale,050033,'Santa Croce sull"'Arno',RESPOP_AV,Popolazione residente al 31 dicembre,2024,14941,,,,,,,,,,,,,,
A,Annuale,050034,Santa Luce,RESPOP_AV,Popolazione residente al 31 dicembre,1951,2575,,,,,,,,,,,,,,
A,Annuale,050034,Santa Luce,RESPOP_AV,Popolazione residente al 31 dicembre,1961,2175,,,,,,,,,,,,,,
A,Annuale,050034,Santa Luce,RESPOP_AV,Popolazione residente al 31 dicembre,1971,1647,,,,,,,,,,,,,,
A,Annuale,050034,Santa Luce,RESPOP_AV,Popolazione residente al 31 dicembre,1981,1451,,,,,,,,,,,,,,
A,Annuale,050034,Santa Luce,RESPOP_AV,Popolazione residente al 31 dicembre,1991,1457,,,,,,,,,,,,,,
A,Annuale,050034,Santa Luce,RESPOP_AV,Popolazione residente al 31 dicembre,2001,1465,,,,,,,,,,,,,,
A,Annuale,050034,Santa Luce,RESPOP_AV,Popolazione residente al 31 dicembre,2011,1737,,,,,,,,,,,,,,
A,Annuale,050034,Santa Luce,RESPOP_AV,Popolazione residente al 31 dicembre,2018,1626,,,,,,,,,,,,,,
A,Annuale,050034,Santa Luce,RESPOP_AV,Popolazione residente al 31 dicembre,2019,1613,,,,,,,,,,,,,,
A,Annuale,050034,Santa Luce,RESPOP_AV,Popolazione residente al 31 dicembre,2020,1607,,,,,,,,,,,,,,
A,Annuale,050034,Santa Luce,RESPOP_AV,Popolazione residente al 31 dicembre,2021,1637,,,,,,,,,,,,,,
A,Annuale,050034,Santa Luce,RESPOP_AV,Popolazione residente al 31 dicembre,2022,1626,,,,,,,,,,,,,,
A,Annuale,050034,Santa Luce,RESPOP_AV,Popolazione residente al 31 dicembre,2023,1610,,,,,,,,,,,,,,
A,Annuale,050034,Santa Luce,RESPOP_AV,Popolazione residente al 31 dicembre,2024,1588,,,,,,,,,,,,,,
A,Annuale,050035,Santa Maria a Monte,RESPOP_AV,Popolazione residente al 31 dicembre,1951,7568,,,,,,,,,,,,,,
A,Annuale,050035,Santa Maria a Monte,RESPOP_AV,Popolazione residente al 31 dicembre,1961,8291,,,,,,,,,,,,,,
A,Annuale,050035,Santa Maria a Monte,RESPOP_AV,Popolazione residente al 31 dicembre,1971,9242,,,,,,,,,,,,,,
A,Annuale,050035,Santa Maria a Monte,RESPOP_AV,Popolazione residente al 31 dicembre,1981,10389,,,,,,,,,,,,,,
A,Annuale,050035,Santa Maria a Monte,RESPOP_AV,Popolazione residente al 31 dicembre,1991,10373,,,,,,,,,,,,,,
A,Annuale,050035,Santa Maria a Monte,RESPOP_AV,Popolazione residente al 31 dicembre,2001,10841,,,,,,,,,,,,,,
A,Annuale,050035,Santa Maria a Monte,RESPOP_AV,Popolazione residente al 31 dicembre,2011,12847,,,,,,,,,,,,,,
A,Annuale,050035,Santa Maria a Monte,RESPOP_AV,Popolazione residente al 31 dicembre,2018,13101,,,,,,,,,,,,,,
A,Annuale,050035,Santa Maria a Monte,RESPOP_AV,Popolazione residente al 31 dicembre,2019,13227,,,,,,,,,,,,,,
A,Annuale,050035,Santa Maria a Monte,RESPOP_AV,Popolazione residente al 31 dicembre,2020,13307,,,,,,,,,,,,,,
A,Annuale,050035,Santa Maria a Monte,RESPOP_AV,Popolazione residente al 31 dicembre,2021,13307,,,,,,,,,,,,,,
A,Annuale,050035,Santa Maria a Monte,RESPOP_AV,Popolazione residente al 31 dicembre,2022,13376,,,,,,,,,,,,,,
A,Annuale,050035,Santa Maria a Monte,RESPOP_AV,Popolazione residente al 31 dicembre,2023,13358,,,,,,,,,,,,,,
A,Annuale,050035,Santa Maria a Monte,RESPOP_AV,Popolazione residente al 31 dicembre,2024,13396,,,,,,,,,,,,,,
A,Annuale,050036,Terricciola,RESPOP_AV,Popolazione residente al 31 dicembre,1951,5509,,,,,,,,,,,,,,
A,Annuale,050036,Terricciola,RESPOP_AV,Popolazione residente al 31 dicembre,1961,4730,,,,,,,,,,,,,,
A,Annuale,050036,Terricciola,RESPOP_AV,Popolazione residente al 31 dicembre,1971,4032,,,,,,,,,,,,,,
A,Annuale,050036,Terricciola,RESPOP_AV,Popolazione residente al 31 dicembre,1981,3876,,,,,,,,,,,,,,
A,Annuale,050036,Terricciola,RESPOP_AV,Popolazione residente al 31 dicembre,1991,3815,,,,,,,,,,,,,,
A,Annuale,050036,Terricciola,RESPOP_AV,Popolazione residente al 31 dicembre,2001,3939,,,,,,,,,,,,,,
A,Annuale,050036,Terricciola,RESPOP_AV,Popolazione residente al 31 dicembre,2011,4511,,,,,,,,,,,,,,
A,Annuale,050036,Terricciola,RESPOP_AV,Popolazione residente al 31 dicembre,2018,4496,,,,,,,,,,,,,,
A,Annuale,050036,Terricciola,RESPOP_AV,Popolazione residente al 31 dicembre,2019,4486,,,,,,,,,,,,,,
A,Annuale,050036,Terricciola,RESPOP_AV,Popolazione residente al 31 dicembre,2020,4439,,,,,,,,,,,,,,
A,Annuale,050036,Terricciola,RESPOP_AV,Popolazione residente al 31 dicembre,2021,4460,,,,,,,,,,,,,,
A,Annuale,050036,Terricciola,RESPOP_AV,Popolazione residente al 31 dicembre,2022,4446,,,,,,,,,,,,,,
A,Annuale,050036,Terricciola,RESPOP_AV,Popolazione residente al 31 dicembre,2023,4369,,,,,,,,,,,,,,
A,Annuale,050036,Terricciola,RESPOP_AV,Popolazione residente al 31 dicembre,2024,4349,,,,,,,,,,,,,,
A,Annuale,050037,Vecchiano,RESPOP_AV,Popolazione residente al 31 dicembre,1951,8923,,,,,,,,,,,,,,
A,Annuale,050037,Vecchiano,RESPOP_AV,Popolazione residente al 31 dicembre,1961,9067,,,,,,,,,,,,,,
A,Annuale,050037,Vecchiano,RESPOP_AV,Popolazione residente al 31 dicembre,1971,9124,,,,,,,,,,,,,,
A,Annuale,050037,Vecchiano,RESPOP_AV,Popolazione residente al 31 dicembre,1981,9678,,,,,,,,,,,,,,
A,Annuale,050037,Vecchiano,RESPOP_AV,Popolazione residente al 31 dicembre,1991,10410,,,,,,,,,,,,,,
A,Annuale,050037,Vecchiano,RESPOP_AV,Popolazione residente al 31 dicembre,2001,11425,,,,,,,,,,,,,,
A,Annuale,050037,Vecchiano,RESPOP_AV,Popolazione residente al 31 dicembre,2011,12366,,,,,,,,,,,,,,
A,Annuale,050037,Vecchiano,RESPOP_AV,Popolazione residente al 31 dicembre,2018,12016,,,,,,,,,,,,,,
A,Annuale,050037,Vecchiano,RESPOP_AV,Popolazione residente al 31 dicembre,2019,11969,,,,,,,,,,,,,,
A,Annuale,050037,Vecchiano,RESPOP_AV,Popolazione residente al 31 dicembre,2020,11933,,,,,,,,,,,,,,
A,Annuale,050037,Vecchiano,RESPOP_AV,Popolazione residente al 31 dicembre,2021,11910,,,,,,,,,,,,,,
A,Annuale,050037,Vecchiano,RESPOP_AV,Popolazione residente al 31 dicembre,2022,11859,,,,,,,,,,,,,,
A,Annuale,050037,Vecchiano,RESPOP_AV,Popolazione residente al 31 dicembre,2023,11839,,,,,,,,,,,,,,
A,Annuale,050037,Vecchiano,RESPOP_AV,Popolazione residente al 31 dicembre,2024,11876,,,,,,,,,,,,,,
A,Annuale,050038,Vicopisano,RESPOP_AV,Popolazione residente al 31 dicembre,1951,7558,,,,,,,,,,,,,,
A,Annuale,050038,Vicopisano,RESPOP_AV,Popolazione residente al 31 dicembre,1961,7759,,,,,,,,,,,,,,
A,Annuale,050038,Vicopisano,RESPOP_AV,Popolazione residente al 31 dicembre,1971,7366,,,,,,,,,,,,,,
A,Annuale,050038,Vicopisano,RESPOP_AV,Popolazione residente al 31 dicembre,1981,7365,,,,,,,,,,,,,,
A,Annuale,050038,Vicopisano,RESPOP_AV,Popolazione residente al 31 dicembre,1991,7584,,,,,,,,,,,,,,
A,Annuale,050038,Vicopisano,RESPOP_AV,Popolazione residente al 31 dicembre,2001,7907,,,,,,,,,,,,,,
A,Annuale,050038,Vicopisano,RESPOP_AV,Popolazione residente al 31 dicembre,2011,8479,,,,,,,,,,,,,,
A,Annuale,050038,Vicopisano,RESPOP_AV,Popolazione residente al 31 dicembre,2018,8581,,,,,,,,,,,,,,
A,Annuale,050038,Vicopisano,RESPOP_AV,Popolazione residente al 31 dicembre,2019,8647,,,,,,,,,,,,,,
A,Annuale,050038,Vicopisano,RESPOP_AV,Popolazione residente al 31 dicembre,2020,8541,,,,,,,,,,,,,,
A,Annuale,050038,Vicopisano,RESPOP_AV,Popolazione residente al 31 dicembre,2021,8553,,,,,,,,,,,,,,
A,Annuale,050038,Vicopisano,RESPOP_AV,Popolazione residente al 31 dicembre,2022,8579,,,,,,,,,,,,,,
A,Annuale,050038,Vicopisano,RESPOP_AV,Popolazione residente al 31 dicembre,2023,8567,,,,,,,,,,,,,,
A,Annuale,050038,Vicopisano,RESPOP_AV,Popolazione residente al 31 dicembre,2024,8557,,,,,,,,,,,,,,
A,Annuale,050039,Volterra,RESPOP_AV,Popolazione residente al 31 dicembre,1951,17840,,,,,,,,,,,,,,
A,Annuale,050039,Volterra,RESPOP_AV,Popolazione residente al 31 dicembre,1961,17938,,,,,,,,,,,,,,
A,Annuale,050039,Volterra,RESPOP_AV,Popolazione residente al 31 dicembre,1971,15888,,,,,,,,,,,,,,
A,Annuale,050039,Volterra,RESPOP_AV,Popolazione residente al 31 dicembre,1981,14110,,,,,,,,,,,,,,
A,Annuale,050039,Volterra,RESPOP_AV,Popolazione residente al 31 dicembre,1991,12879,,,,,,,,,,,,,,
A,Annuale,050039,Volterra,RESPOP_AV,Popolazione residente al 31 dicembre,2001,11264,,,,,,,,,,,,,,
A,Annuale,050039,Volterra,RESPOP_AV,Popolazione residente al 31 dicembre,2011,10689,,,,,,,,,,,,,,
A,Annuale,050039,Volterra,RESPOP_AV,Popolazione residente al 31 dicembre,2018,10170,,,,,,,,,,,,,,
A,Annuale,050039,Volterra,RESPOP_AV,Popolazione residente al 31 dicembre,2019,9982,,,,,,,,,,,,,,
A,Annuale,050039,Volterra,RESPOP_AV,Popolazione residente al 31 dicembre,2020,9830,,,,,,,,,,,,,,
A,Annuale,050039,Volterra,RESPOP_AV,Popolazione residente al 31 dicembre,2021,9696,,,,,,,,,,,,,,
A,Annuale,050039,Volterra,RESPOP_AV,Popolazione residente al 31 dicembre,2022,9559,,,,,,,,,,,,,,
A,Annuale,050039,Volterra,RESPOP_AV,Popolazione residente al 31 dicembre,2023,9470,,,,,,,,,,,,,,
A,Annuale,050039,Volterra,RESPOP_AV,Popolazione residente al 31 dicembre,2024,9409,,,,,,,,,,,,,,
