"Stazione";"Tavarnelle"
"Codice";"TOS11000021"
"Comune";"Barberino Tavarnelle"
"Provincia";"FI"
"GB [m]";"E";1674651;"N";4826615
"WGS84 [°]";"Lat";43.572;"Lon";11.163
"Quota [m]";374,00

;;;ATTENZIONE i dati sono nel fomato csv ed utilizzano
;;;come separatore di colonna il "punto e virgola" e
;;;come separatore decimale la "virgola"
;;;verificare le proprie impostazioni internazionali per una corretta visulizzazione.
;;;Il valore contrassegnato con N corrisponde al dato non validato
;;;Il valore contrassegnato con R corrisponde al dato ricostruito
;;;Il valore contrassegnato con I corrisponde al dato incerto
;;;Il valore contrassegnato con @ corrisponde al dato mancante
;;;Il valore contrassegnato con V corrisponde al dato validato
;;;Il valore contrassegnato con P corrisponde al dato prevalidato soggetto ad eventuali modifiche
;;;(consultare la sezione Criteri di validazione)

"gg/mm/aaaa";"Vel Med [m/s]";"Dir Med";"Vel Max [m/s]"
01/01/2010;2,3;S;5,6
02/01/2010;3,4;S;7,5
03/01/2010;1,3;N;4,3
04/01/2010;1,5;SE;2,7
05/01/2010;2,5;N;4,0
06/01/2010;1,7;N;4,2
07/01/2010;1,0;O;2,9
08/01/2010;1,7;E;4,2
09/01/2010;2,9;SE;8,2
10/01/2010;0,9;O;2,5
11/01/2010;0,5;N;3,2
12/01/2010;0,2;N;1,3
13/01/2010;1,3;N;4,0
14/01/2010;0,4;N;2,9
15/01/2010;3,7;N;6,5
16/01/2010;2,8;N;6,5
17/01/2010;0,2;N;1,5
18/01/2010;1,1;N;2,8
19/01/2010;0,6;N;2,2
20/01/2010;0,1;S;1,6
21/01/2010;1,5;N;4,4
22/01/2010;1,0;N;3,4
23/01/2010;1,2;N;3,2
24/01/2010;0,3;N;1,6
25/01/2010;1,6;N;3,4
26/01/2010;3,3;N;6,4
27/01/2010;5,7;N;9,4
28/01/2010;0,8;N;2,8
29/01/2010;0,9;N;3,1
30/01/2010;2,1;S;4,1
31/01/2010;3,2;N;7,1
01/02/2010;1,0;NO;4,5
02/02/2010;0,6;S;2,6
03/02/2010;2,0;N;3,4
04/02/2010;1,6;SE;3,2
05/02/2010;2,8;E;6,7
06/02/2010;2,2;SO;4,9
07/02/2010;4,7;N;8,2
08/02/2010;1,9;N;5,0
09/02/2010;1,8;N;3,8
10/02/2010;5,4;N;8,0
11/02/2010;1,8;N;4,0
12/02/2010;3,1;SE;6,9
13/02/2010;1,2;NO;3,8
14/02/2010;1,9;SE;3,7
15/02/2010;1,1;N;2,8
16/02/2010;2,0;SE;4,1
17/02/2010;1,7;N;3,3
18/02/2010;2,1;S;4,2
19/02/2010;4,3;SE;8,1
20/02/2010;3,1;S;6,3
21/02/2010;1,9;N;6,8
22/02/2010;1,3;SE;4,8
23/02/2010;2,4;S;5,6
24/02/2010;1,9;SE;4,1
25/02/2010;2,1;S;4,1
26/02/2010;5,5;S;9,4
27/02/2010;1,4;S;3,5
28/02/2010;3,0;SE;6,0
01/03/2010;1,8;N;4,9
02/03/2010;2,2;S;5,1
03/03/2010;2,3;E;5,9
04/03/2010;5,4;N;7,8
05/03/2010;3,0;NO;6,6
06/03/2010;1,8;N;5,0
07/03/2010;3,9;NE;6,8
08/03/2010;7,1;N;10,8
09/03/2010;7,0;N;8,3
10/03/2010;5,6;N;9,0
11/03/2010;2,0;N;4,9
12/03/2010;0,6;S;3,0
13/03/2010;0,6;N;2,8
14/03/2010;1,1;N;3,6
15/03/2010;0,7;S;2,8
16/03/2010;1,5;N;3,6
17/03/2010;1,4;SO;4,2
18/03/2010;2,1;SE;4,4
19/03/2010;1,6;S;3,3
20/03/2010;2,0;S;3,4
21/03/2010;2,2;SE;3,9
22/03/2010;1,4;SE;3,3
23/03/2010;1,3;E;3,7
24/03/2010;0,7;N;2,0
25/03/2010;1,9;N;5,4
26/03/2010;2,5;SE;6,0
27/03/2010;2,9;SO;7,3
28/03/2010;2,3;S;4,1
29/03/2010;1,9;E;4,9
30/03/2010;3,7;S;7,6
31/03/2010;5,4;S;9,0
01/04/2010;3,1;SO;7,8
02/04/2010;2,9;S;7,4
03/04/2010;1,4;S;2,9
04/04/2010;1,8;S;5,7
05/04/2010;1,9;SO;5,1
06/04/2010;1,1;N;3,9
07/04/2010;1,0;NE;2,7
08/04/2010;1,3;N;3,7
09/04/2010;2,4;SO;4,6
10/04/2010;1,8;N;4,3
11/04/2010;2,5;S;7,2
12/04/2010;4,1;N;6,6
13/04/2010;1,4;N;3,1
14/04/2010;1,5;S;4,0
15/04/2010;0,9;S;2,8
16/04/2010;1,7;N;4,4
17/04/2010;2,1;NE;5,8
18/04/2010;1,1;N;2,9
19/04/2010;2,5;O;4,9
20/04/2010;1,6;O;3,4
21/04/2010;1,5;SO;3,9
22/04/2010;1,8;N;3,7
23/04/2010;2,0;S;3,4
24/04/2010;4,2;N;6,2
25/04/2010;4,0;N;5,9
26/04/2010;2,3;N;3,8
27/04/2010;1,3;E;3,8
28/04/2010;2,5;NO;4,1
29/04/2010;1,3;E;3,4
30/04/2010;1,4;N;3,7
01/05/2010;2,5;N;5,1
02/05/2010;2,2;S;4,0
03/05/2010;1,8;S;3,8
04/05/2010;1,9;SE;4,3
05/05/2010;1,3;SO;4,1
06/05/2010;2,1;S;4,5
07/05/2010;1,6;S;3,5
08/05/2010;1,7;N;3,9
09/05/2010;1,8;SE;3,8
10/05/2010;3,5;SE;5,3
11/05/2010;1,9;S;4,5
12/05/2010;0,8;S;3,2
13/05/2010;2,5;S;5,1
14/05/2010;1,3;SO;3,7
15/05/2010;2,4;SE;4,1
16/05/2010;1,3;O;4,5
17/05/2010;1,5;N;3,8
18/05/2010;1,5;SE;3,8
19/05/2010;1,9;SE;6,6
20/05/2010;3,4;N;5,7
21/05/2010;2,5;N;5,5
22/05/2010;1,5;N;4,5
23/05/2010;0,9;N;3,3
24/05/2010;1,7;N;3,9
25/05/2010;2,0;S;5,7
26/05/2010;2,3;S;5,0
27/05/2010;1,8;S;3,6
28/05/2010;1,2;SO;4,0
29/05/2010;1,3;N;3,5
30/05/2010;1,6;O;3,9
31/05/2010;2,0;N;4,3
01/06/2010;1,7;SO;4,4
02/06/2010;1,6;S;4,4
03/06/2010;1,4;SO;8,9
04/06/2010;1,8;N;3,5
05/06/2010;1,4;SO;3,8
06/06/2010;1,7;SO;3,7
07/06/2010;1,4;SO;3,9
08/06/2010;1,1;SO;2,5
09/06/2010;1,3;E;2,9
10/06/2010;1,6;SE;3,8
11/06/2010;1,8;SE;3,4
12/06/2010;1,7;S;3,9
13/06/2010;1,9;SO;5,1
14/06/2010;1,4;N;2,7
15/06/2010;1,4;SO;3,0
16/06/2010;1,9;N;4,3
17/06/2010;1,0;N;3,7
18/06/2010;1,9;N;4,3
19/06/2010;1,6;S;3,5
20/06/2010;1,7;SE;4,3
21/06/2010;1,4;N;5,4
22/06/2010;;N;
23/06/2010;;N;
24/06/2010;;N;
25/06/2010;;N;
26/06/2010;;N;
27/06/2010;;N;
28/06/2010;;N;
29/06/2010;;SO;
30/06/2010;;SO;
01/07/2010;;N;
02/07/2010;;E;
03/07/2010;1,3;SO;1,6
04/07/2010;1,7;SO;3,5
05/07/2010;0,9;O;3,1
06/07/2010;1,0;N;3,8
07/07/2010;1,3;NO;3,5
08/07/2010;0,9;N;2,2
09/07/2010;1,0;E;2,2
10/07/2010;0,8;S;2,6
11/07/2010;1,0;N;2,6
12/07/2010;1,1;SO;2,5
13/07/2010;1,2;N;2,9
14/07/2010;1,0;N;2,4
15/07/2010;1,3;N;2,7
16/07/2010;1,1;SO;2,7
17/07/2010;1,6;O;3,8
18/07/2010;2,7;S;5,9
19/07/2010;3,7;N;4,8
20/07/2010;1,8;N;3,2
21/07/2010;1,2;N;3,2
22/07/2010;1,0;N;2,9
23/07/2010;2,0;E;4,9
24/07/2010;2,0;S;4,3
25/07/2010;1,2;N;4,5
26/07/2010;1,8;E;4,1
27/07/2010;1,2;S;6,2
28/07/2010;1,6;N;3,5
29/07/2010;1,9;N;8,0
30/07/2010;2,2;N;4,3
31/07/2010;2,9;N;5,3
01/08/2010;1,2;N;2,7
02/08/2010;1,1;N;2,4
03/08/2010;0,9;N;2,4
04/08/2010;1,3;N;3,8
05/08/2010;1,4;N;4,3
06/08/2010;1,5;S;2,9
07/08/2010;1,1;N;2,9
08/08/2010;1,0;S;3,5
09/08/2010;1,1;SO;2,9
10/08/2010;1,0;N;2,7
11/08/2010;0,9;SO;2,9
12/08/2010;0,8;N;2,2
13/08/2010;0,9;N;3,2
14/08/2010;1,5;N;3,7
15/08/2010;1,8;S;3,6
16/08/2010;2,4;S;6,6
17/08/2010;0,9;S;2,5
18/08/2010;1,2;SO;3,3
19/08/2010;1,1;SE;2,6
20/08/2010;0,8;S;2,7
21/08/2010;2,9;NO;5,1
22/08/2010;2,8;N;4,7
23/08/2010;1,0;N;3,3
24/08/2010;1,1;N;2,5
25/08/2010;0,9;N;2,8
26/08/2010;0,7;N;2,8
27/08/2010;1,3;N;3,5
28/08/2010;1,7;N;4,8
29/08/2010;2,2;N;3,9
30/08/2010;1,9;N;7,7
31/08/2010;1,3;N;2,9
01/09/2010;1,2;N;3,6
02/09/2010;1,0;N;2,5
03/09/2010;1,7;N;4,2
04/09/2010;1,2;N;3,2
05/09/2010;0,8;N;2,6
06/09/2010;0,7;N;2,3
07/09/2010;2,3;N;4,2
08/09/2010;1,9;N;4,7
09/09/2010;1,2;N;3,8
10/09/2010;3,4;N;6,4
11/09/2010;3,4;N;7,2
12/09/2010;1,8;N;3,6
13/09/2010;1,4;N;5,8
14/09/2010;3,6;N;5,4
15/09/2010;1,0;N;2,5
16/09/2010;1,8;N;3,2
17/09/2010;2,7;N;4,7
18/09/2010;2,8;N;5,2
19/09/2010;2,6;N;6,0
20/09/2010;0,7;N;1,7
21/09/2010;0,3;N;2,0
22/09/2010;2,1;N;4,0
23/09/2010;1,1;N;2,2
24/09/2010;1,0;N;2,5
25/09/2010;2,3;N;4,8
26/09/2010;1,2;N;3,5
27/09/2010;1,0;N;2,7
28/09/2010;1,0;N;3,0
29/09/2010;1,2;N;3,0
30/09/2010;0,6;N;1,7
01/10/2010;0,8;N;2,0
02/10/2010;0,4;N;2,0
03/10/2010;0,5;N;1,7
04/10/2010;2,1;N;5,6
05/10/2010;1,7;N;4,8
06/10/2010;0,7;N;2,1
07/10/2010;2,4;N;4,2
08/10/2010;2,9;N;5,0
09/10/2010;2,5;N;4,4
10/10/2010;1,7;N;3,8
11/10/2010;3,0;N;4,8
12/10/2010;2,5;N;4,3
13/10/2010;2,8;N;4,2
14/10/2010;1,8;N;3,6
15/10/2010;1,5;N;3,3
16/10/2010;0,5;N;2,3
17/10/2010;2,5;N;4,1
18/10/2010;4,9;N;7,7
19/10/2010;3,7;N;6,9
20/10/2010;0,6;N;2,0
21/10/2010;0,6;N;2,1
22/10/2010;0,4;N;1,5
23/10/2010;1,0;N;3,1
24/10/2010;2,1;N;4,0
25/10/2010;2,4;N;5,7
26/10/2010;5,8;N;9,3
27/10/2010;5,3;N;8,2
28/10/2010;3,4;N;8,4
29/10/2010;0,8;N;1,8
30/10/2010;0,8;N;2,5
31/10/2010;3,7;E;5,3
01/11/2010;2,8;S;10,8
02/11/2010;1,1;N;4,9
03/11/2010;1,5;N;5,5
04/11/2010;1,5;NE;4,8
05/11/2010;0,5;N;1,9
06/11/2010;0,5;N;2,1
07/11/2010;2,4;SE;5,0
08/11/2010;3,3;S;7,4
09/11/2010;1,8;S;4,0
10/11/2010;3,0;SE;6,7
11/11/2010;1,0;S;2,5
12/11/2010;2,1;S;3,6
13/11/2010;0,5;S;2,3
14/11/2010;0,5;N;2,0
15/11/2010;1,7;S;4,9
16/11/2010;2,7;SE;4,7
17/11/2010;1,5;NE;3,9
18/11/2010;1,1;S;2,7
19/11/2010;1,9;S;3,7
20/11/2010;1,4;S;2,5
21/11/2010;2,0;E;4,8
22/11/2010;1,6;SO;3,3
23/11/2010;1,6;S;2,7
24/11/2010;0,7;S;3,1
25/11/2010;0,8;N;3,7
26/11/2010;3,0;O;8,5
27/11/2010;1,5;S;2,9
28/11/2010;3,2;E;5,9
29/11/2010;3,9;S;8,7
30/11/2010;1,5;E;3,7
01/12/2010;2,8;N;4,7
02/12/2010;1,8;S;5,3
03/12/2010;1,8;NO;4,8
04/12/2010;1,5;S;4,1
05/12/2010;1,7;N;5,4
06/12/2010;5,4;S;7,3
07/12/2010;3,7;S;6,6
08/12/2010;3,5;S;5,6
09/12/2010;3,8;SE;8,0
10/12/2010;1,4;N;4,7
11/12/2010;1,5;SE;3,4
12/12/2010;1,5;S;3,6
13/12/2010;2,3;N;7,0
14/12/2010;1,1;N;3,9
15/12/2010;3,1;N;5,6
16/12/2010;2,8;N;5,8
17/12/2010;1,8;N;5,5
18/12/2010;0,6;S;2,0
19/12/2010;1,0;E;2,5
20/12/2010;0,8;NE;2,3
21/12/2010;1,8;S;3,9
22/12/2010;3,7;SE;6,8
23/12/2010;2,8;E;6,0
24/12/2010;1,5;S;4,1
25/12/2010;1,4;SO;3,7
26/12/2010;4,7;NE;9,8
27/12/2010;4,2;N;8,1
28/12/2010;0,1;N;1,1
29/12/2010;0,0;E;0,5
30/12/2010;0,2;N;1,4
31/12/2010;0,4;N;1,7
01/01/2011;0,4;NE;1,5
02/01/2011;1,8;S;5,8
03/01/2011;3,5;N;5,2
04/01/2011;0,1;N;1,8
05/01/2011;0,0;N;0,0
06/01/2011;2,4;N;5,3
07/01/2011;4,0;S;5,2
08/01/2011;3,4;SE;6,2
09/01/2011;1,8;SE;3,9
10/01/2011;0,8;E;3,7
11/01/2011;1,6;SO;4,0
12/01/2011;1,6;N;3,9
13/01/2011;0,5;N;2,1
14/01/2011;0,4;N;2,1
15/01/2011;1,2;S;3,2
16/01/2011;0,3;N;1,9
17/01/2011;0,6;N;3,0
18/01/2011;0,4;SO;2,0
19/01/2011;0,5;N;2,3
20/01/2011;5,9;N;8,3
21/01/2011;8,9;N;11,3
22/01/2011;9,0;N;11,6
23/01/2011;4,5;N;6,7
24/01/2011;0,6;NE;2,5
25/01/2011;0,8;N;2,2
26/01/2011;1,5;S;3,3
27/01/2011;2,6;SE;5,1
28/01/2011;5,7;N;8,2
29/01/2011;3,7;N;4,6
30/01/2011;2,9;N;4,7
31/01/2011;1,5;N;3,7
01/02/2011;2,2;N;5,3
02/02/2011;3,5;N;7,4
03/02/2011;4,6;N;10,0
04/02/2011;1,8;N;6,3
05/02/2011;0,8;S;2,4
06/02/2011;0,5;N;2,0
07/02/2011;0,1;N;1,1
08/02/2011;0,5;O;1,4
09/02/2011;0,9;N;2,6
10/02/2011;0,9;N;3,3
11/02/2011;1,8;S;4,1
12/02/2011;1,8;S;2,8
13/02/2011;1,2;S;3,1
14/02/2011;1,0;S;2,4
15/02/2011;1,9;N;4,1
16/02/2011;2,7;E;4,7
17/02/2011;2,1;S;7,4
18/02/2011;3,8;N;6,4
19/02/2011;2,3;N;4,5
20/02/2011;1,3;N;3,2
21/02/2011;4,2;N;6,8
22/02/2011;2,1;N;5,4
23/02/2011;5,6;N;8,4
24/02/2011;4,1;NO;7,1
25/02/2011;2,4;N;5,3
26/02/2011;4,0;N;10,0
27/02/2011;2,5;SE;4,4
28/02/2011;3,9;NE;7,5
01/03/2011;8,2;N;13,2
02/03/2011;8,3;N;9,8
03/03/2011;5,0;N;9,4
04/03/2011;3,2;N;6,0
05/03/2011;3,8;N;5,7
06/03/2011;1,2;N;3,6
07/03/2011;3,6;N;8,4
08/03/2011;1,8;NE;4,3
09/03/2011;1,1;S;2,8
10/03/2011;1,1;N;2,6
11/03/2011;1,2;S;2,5
12/03/2011;1,3;SO;2,8
13/03/2011;2,7;E;5,4
14/03/2011;2,1;S;4,6
15/03/2011;1,5;N;3,5
16/03/2011;2,5;O;5,7
17/03/2011;2,4;SO;6,4
18/03/2011;1,0;N;3,1
19/03/2011;0,9;S;3,0
20/03/2011;4,9;N;9,8
21/03/2011;4,8;NO;8,2
22/03/2011;3,7;N;5,6
23/03/2011;2,5;N;4,7
24/03/2011;1,4;S;3,6
25/03/2011;1,8;SE;5,2
26/03/2011;1,8;S;4,6
27/03/2011;1,9;N;3,6
28/03/2011;1,2;S;3,1
29/03/2011;1,7;N;4,7
30/03/2011;1,3;SO;3,3
31/03/2011;1,4;O;3,4
01/04/2011;1,2;S;3,4
02/04/2011;1,3;N;3,6
03/04/2011;1,4;SO;5,1
04/04/2011;1,3;SO;3,1
05/04/2011;4,7;N;8,9
06/04/2011;1,3;NE;3,6
07/04/2011;1,6;N;4,7
08/04/2011;1,9;S;4,5
09/04/2011;1,0;SO;2,8
10/04/2011;1,3;N;4,6
11/04/2011;1,4;S;3,1
12/04/2011;1,5;S;3,1
13/04/2011;3,3;NE;8,9
14/04/2011;2,1;S;5,9
15/04/2011;3,2;NE;5,8
16/04/2011;4,6;N;8,3
17/04/2011;4,2;SO;6,9
18/04/2011;3,5;N;6,9
19/04/2011;2,5;N;6,4
20/04/2011;1,3;N;3,7
21/04/2011;1,5;SO;3,6
22/04/2011;1,8;NE;4,6
23/04/2011;1,0;N;3,5
24/04/2011;0,7;N;2,2
25/04/2011;1,7;N;4,1
26/04/2011;2,8;N;5,1
27/04/2011;4,1;N;5,8
28/04/2011;3,6;N;5,9
29/04/2011;1,2;NE;3,8
30/04/2011;3,4;SE;5,8
01/05/2011;2,7;N;4,9
02/05/2011;1,7;N;4,7
03/05/2011;2,3;SO;5,2
04/05/2011;2,6;SO;5,4
05/05/2011;1,4;N;3,4
06/05/2011;1,3;SE;2,9
07/05/2011;1,2;SO;3,6
08/05/2011;1,3;N;4,3
09/05/2011;4,7;N;8,2
10/05/2011;4,0;NO;9,1
11/05/2011;1,4;NE;3,7
12/05/2011;1,7;SO;3,9
13/05/2011;1,1;N;2,9
14/05/2011;1,8;N;3,5
15/05/2011;3,9;S;8,0
16/05/2011;2,8;NO;8,4
17/05/2011;1,4;S;3,9
18/05/2011;2,5;N;4,9
19/05/2011;1,1;NE;3,5
20/05/2011;1,1;E;4,3
21/05/2011;1,1;E;4,2
22/05/2011;1,1;N;3,0
23/05/2011;3,0;NE;6,1
24/05/2011;3,2;N;5,2
25/05/2011;2,8;N;5,7
26/05/2011;1,4;NE;3,5
27/05/2011;2,1;S;4,9
28/05/2011;1,9;O;4,8
29/05/2011;2,1;SO;4,4
30/05/2011;1,5;N;4,2
31/05/2011;1,9;N;4,1
01/06/2011;1,6;N;4,0
02/06/2011;1,7;SO;4,3
03/06/2011;1,8;NE;5,4
04/06/2011;1,0;N;2,9
05/06/2011;1,1;N;5,6
06/06/2011;0,9;NE;2,5
07/06/2011;1,5;N;3,8
08/06/2011;1,8;S;4,3
09/06/2011;2,1;SO;5,3
10/06/2011;1,6;S;3,8
11/06/2011;1,6;SO;3,3
12/06/2011;1,5;O;3,2
13/06/2011;1,2;S;2,8
14/06/2011;1,6;O;4,3
15/06/2011;2,1;N;4,2
16/06/2011;1,4;SO;3,5
17/06/2011;1,5;S;3,1
18/06/2011;3,1;SE;5,6
19/06/2011;2,6;S;4,3
20/06/2011;1,1;SO;2,9
21/06/2011;1,0;SO;3,0
22/06/2011;1,0;N;3,2
23/06/2011;1,2;N;2,9
24/06/2011;1,4;S;3,6
25/06/2011;2,7;O;5,8
26/06/2011;0,9;SO;2,8
27/06/2011;1,3;N;3,3
28/06/2011;1,3;NO;3,2
29/06/2011;1,4;SO;3,7
30/06/2011;1,2;N;4,0
01/07/2011;1,1;SO;9,3
02/07/2011;1,3;N;2,5
03/07/2011;1,1;SO;3,3
04/07/2011;1,2;N;3,8
05/07/2011;1,2;N;3,2
06/07/2011;1,0;SO;3,5
07/07/2011;1,2;N;4,0
08/07/2011;2,0;S;4,6
09/07/2011;1,4;SE;3,4
10/07/2011;1,0;O;2,5
11/07/2011;1,1;N;3,1
12/07/2011;0,8;N;2,8
13/07/2011;1,9;S;4,6
14/07/2011;1,8;S;4,0
15/07/2011;2,0;S;3,4
16/07/2011;1,6;SO;3,4
17/07/2011;2,1;SO;4,4
18/07/2011;2,5;S;5,8
19/07/2011;1,5;SO;5,2
20/07/2011;3,6;SO;6,1
21/07/2011;1,7;S;4,9
22/07/2011;1,6;N;4,0
23/07/2011;1,7;SE;5,5
24/07/2011;1,7;S;4,7
25/07/2011;1,7;NE;3,4
26/07/2011;1,0;S;4,3
27/07/2011;1,0;S;3,2
28/07/2011;1,5;O;3,4
29/07/2011;1,3;SO;3,7
30/07/2011;1,4;SO;3,1
31/07/2011;1,0;S;3,4
01/08/2011;1,5;N;3,5
02/08/2011;1,1;SO;2,7
03/08/2011;1,0;SO;2,9
04/08/2011;1,0;NE;3,0
05/08/2011;1,2;SO;3,6
06/08/2011;1,0;N;3,4
07/08/2011;1,6;N;3,5
08/08/2011;2,4;SE;4,5
09/08/2011;1,4;SO;4,2
10/08/2011;2,9;N;4,9
11/08/2011;1,2;S;3,0
12/08/2011;1,5;SO;4,1
13/08/2011;1,0;S;2,7
14/08/2011;0,9;N;3,6
15/08/2011;1,0;N;2,2
16/08/2011;1,1;N;2,7
17/08/2011;1,0;SO;3,1
18/08/2011;0,9;SO;3,3
19/08/2011;1,0;N;3,1
20/08/2011;0,8;N;2,8
21/08/2011;0,7;N;2,3
22/08/2011;1,0;SE;3,5
23/08/2011;1,2;N;3,1
24/08/2011;1,0;N;2,8
25/08/2011;1,1;N;3,4
26/08/2011;1,6;N;3,8
27/08/2011;2,6;SE;5,7
28/08/2011;1,2;O;3,1
29/08/2011;1,4;SO;3,9
30/08/2011;1,5;S;4,4
31/08/2011;1,0;N;3,4
01/09/2011;1,4;N;3,7
02/09/2011;0,8;N;2,7
03/09/2011;0,8;N;2,5
04/09/2011;1,8;SO;6,2
05/09/2011;1,8;S;4,0
06/09/2011;1,5;NE;3,3
07/09/2011;1,1;SO;2,8
08/09/2011;0,9;N;2,3
09/09/2011;0,8;N;2,5
10/09/2011;1,1;S;2,8
11/09/2011;1,0;N;2,8
12/09/2011;0,8;S;2,3
13/09/2011;0,9;N;3,4
14/09/2011;1,0;N;3,3
15/09/2011;0,8;S;2,8
16/09/2011;0,9;SO;2,7
17/09/2011;1,1;SO;3,1
18/09/2011;1,9;S;5,4
19/09/2011;2,5;SO;5,8
20/09/2011;4,1;NO;8,2
21/09/2011;2,4;N;5,9
22/09/2011;1,0;SO;2,5
23/09/2011;1,1;SO;3,8
24/09/2011;0,8;NE;2,5
25/09/2011;0,8;N;2,3
26/09/2011;2,7;NO;4,3
27/09/2011;3,5;N;5,2
28/09/2011;3,8;N;6,2
29/09/2011;3,0;N;4,7
30/09/2011;2,8;N;4,4
01/10/2011;1,5;NE;3,1
02/10/2011;1,2;N;4,2
03/10/2011;0,8;N;4,3
04/10/2011;0,9;N;5,7
05/10/2011;0,8;SO;5,6
06/10/2011;1,1;SO;6,3
07/10/2011;3,8;S;17,7
08/10/2011;1,7;NO;6,8
09/10/2011;2,8;N;12,4
10/10/2011;1,2;NO;6,2
11/10/2011;0,8;SO;4,4
12/10/2011;0,6;NO;3,4
13/10/2011;2,3;SE;8,4
14/10/2011;5,2;N;15,0
15/10/2011;6,1;N;17,1
16/10/2011;3,9;N;11,4
17/10/2011;1,2;N;4,4
18/10/2011;1,2;SO;5,2
19/10/2011;2,8;S;10,9
20/10/2011;3,6;S;12,0
21/10/2011;5,8;N;12,7
22/10/2011;3,4;N;8,5
23/10/2011;2,4;N;5,8
24/10/2011;2,2;N;6,6
25/10/2011;3,2;NE;14,4
26/10/2011;1,3;SE;8,4
27/10/2011;0,6;O;2,4
28/10/2011;0,7;NE;3,6
29/10/2011;0,8;E;2,9
30/10/2011;1,1;SE;4,6
31/10/2011;1,4;N;4,4
01/11/2011;0,5;NE;2,9
02/11/2011;0,5;NE;3,0
03/11/2011;1,1;E;5,1
04/11/2011;2,3;S;9,9
05/11/2011;2,3;SE;8,5
06/11/2011;1,8;NE;8,5
07/11/2011;1,6;E;6,8
08/11/2011;2,1;E;8,1
09/11/2011;1,1;SE;5,7
10/11/2011;0,5;S;3,4
11/11/2011;2,1;E;7,5
12/11/2011;4,8;N;11,1
13/11/2011;2,7;N;8,7
14/11/2011;1,6;N;4,6
15/11/2011;0,9;SE;3,6
16/11/2011;0,9;S;3,3
17/11/2011;0,6;S;2,6
18/11/2011;0,8;SO;3,2
19/11/2011;0,7;SE;2,7
20/11/2011;0,7;NE;2,9
21/11/2011;0,7;S;3,3
22/11/2011;3,2;N;8,0
23/11/2011;4,2;N;12,5
24/11/2011;4,1;N;9,9
25/11/2011;1,5;NE;5,4
26/11/2011;0,6;E;3,4
27/11/2011;0,7;O;4,1
28/11/2011;0,8;SO;3,2
29/11/2011;0,6;NE;2,4
30/11/2011;0,6;NE;3,3
01/12/2011;1,1;S;4,3
02/12/2011;2,6;S;7,1
03/12/2011;2,9;S;8,0
04/12/2011;2,0;SO;6,6
05/12/2011;4,4;S;15,4
06/12/2011;1,9;S;6,9
07/12/2011;3,0;S;9,0
08/12/2011;1,7;S;8,2
09/12/2011;1,5;N;6,2
10/12/2011;1,8;S;5,2
11/12/2011;1,3;S;7,6
12/12/2011;2,3;SE;8,4
13/12/2011;1,5;S;4,7
14/12/2011;2,9;S;7,4
15/12/2011;5,1;S;18,4
16/12/2011;5,6;S;20,0
17/12/2011;2,9;SO;22,5
18/12/2011;1,9;E;10,2
19/12/2011;3,7;N;12,6
20/12/2011;0,9;N;3,5
21/12/2011;0,8;NE;3,0
22/12/2011;1,4;E;4,9
23/12/2011;0,7;SE;3,4
24/12/2011;4,0;E;17,8
25/12/2011;5,3;N;13,4
26/12/2011;3,8;NO;8,8
27/12/2011;1,7;N;8,5
28/12/2011;0,6;SE;3,8
29/12/2011;1,3;S;5,8
30/12/2011;1,9;N;8,8
31/12/2011;1,2;N;5,8
01/01/2012;0,6;SE;2,8
02/01/2012;2,8;SE;10,1
03/01/2012;2,0;SE;7,4
04/01/2012;2,4;SE;9,2
05/01/2012;2,7;E;14,9
06/01/2012;3,3;N;13,1
07/01/2012;1,5;S;7,0
08/01/2012;1,2;SO;5,5
09/01/2012;1,9;N;6,4
10/01/2012;1,4;S;6,6
11/01/2012;0,6;S;3,0
12/01/2012;1,5;SO;7,5
13/01/2012;2,0;S;7,4
14/01/2012;1,2;N;5,6
15/01/2012;0,7;SE;4,0
16/01/2012;1,2;E;5,5
17/01/2012;0,6;SE;4,4
18/01/2012;0,8;SO;4,3
19/01/2012;2,1;SO;6,8
20/01/2012;2,3;SE;9,3
21/01/2012;1,2;E;5,2
22/01/2012;1,6;S;5,2
23/01/2012;0,7;S;4,2
24/01/2012;1,7;N;10,9
25/01/2012;1,6;E;5,9
26/01/2012;0,9;E;4,1
27/01/2012;0,6;SE;3,0
28/01/2012;1,1;SE;4,0
29/01/2012;3,2;E;8,3
30/01/2012;6,0;NE;14,3
31/01/2012;3,3;N;9,4
01/02/2012;8,7;N;19,5
02/02/2012;6,4;N;14,8
03/02/2012;9,5;N;18,7
04/02/2012;7,2;N;17,0
05/02/2012;6,6;N;15,4
06/02/2012;7,9;N;18,0
07/02/2012;9,3;N;20,2
08/02/2012;8,1;N;19,5
09/02/2012;2,4;N;10,5
10/02/2012;9,2;NE;22,3
11/02/2012;7,6;N;15,6
12/02/2012;5,7;N;12,9
13/02/2012;3,1;N;10,2
14/02/2012;1,7;N;6,2
15/02/2012;2,0;S;7,0
16/02/2012;1,2;S;5,2
17/02/2012;1,3;S;5,6
18/02/2012;1,3;S;5,4
19/02/2012;1,6;S;4,6
20/02/2012;3,6;S;11,3
21/02/2012;4,7;N;11,1
22/02/2012;6,7;N;16,0
23/02/2012;2,5;N;9,4
24/02/2012;1,3;N;6,3
25/02/2012;1,7;O;7,2
26/02/2012;1,7;SO;16,4
27/02/2012;1,6;N;8,2
28/02/2012;1,7;S;6,7
29/02/2012;1,7;SO;6,5
01/03/2012;0,8;N;4,6
02/03/2012;0,9;N;5,1
03/03/2012;1,8;N;9,4
04/03/2012;1,2;O;5,8
05/03/2012;1,1;SO;8,2
06/03/2012;3,2;E;10,6
07/03/2012;2,7;N;8,5
08/03/2012;3,2;N;11,7
09/03/2012;6,4;N;16,0
10/03/2012;7,0;N;17,0
11/03/2012;5,1;N;16,0
12/03/2012;1,1;N;5,9
13/03/2012;1,5;E;6,9
14/03/2012;1,6;S;6,6
15/03/2012;1,4;O;7,4
16/03/2012;0,8;SO;4,9
17/03/2012;1,8;S;9,8
18/03/2012;3,0;SE;9,2
19/03/2012;2,3;S;11,0
20/03/2012;1,8;N;5,9
21/03/2012;1,3;N;5,4
22/03/2012;1,4;E;8,5
23/03/2012;1,5;S;6,8
24/03/2012;1,1;E;6,9
25/03/2012;2,8;N;9,6
26/03/2012;2,5;N;7,1
27/03/2012;1,8;N;7,3
28/03/2012;1,7;N;7,6
29/03/2012;2,1;S;8,8
30/03/2012;2,3;SO;8,9
31/03/2012;1,8;O;7,5
01/04/2012;1,3;S;4,6
02/04/2012;1,6;E;6,3
03/04/2012;1,9;S;6,2
04/04/2012;1,2;S;5,9
05/04/2012;1,6;N;6,5
06/04/2012;1,9;S;8,9
07/04/2012;4,1;S;15,1
08/04/2012;3,3;SO;10,4
09/04/2012;1,8;N;7,7
10/04/2012;2,2;E;13,8
11/04/2012;4,7;SE;14,9
12/04/2012;2,5;SO;8,3
13/04/2012;2,8;S;9,8
14/04/2012;3,0;N;9,8
15/04/2012;1,5;N;7,9
16/04/2012;2,5;E;9,0
17/04/2012;2,9;N;8,1
18/04/2012;2,4;S;10,0
19/04/2012;3,4;S;10,9
20/04/2012;2,9;S;12,4
21/04/2012;3,5;S;11,0
22/04/2012;2,9;SO;13,8
23/04/2012;3,3;S;13,4
24/04/2012;4,4;S;15,9
25/04/2012;2,4;S;7,5
26/04/2012;1,8;S;8,3
27/04/2012;0,8;E;4,5
28/04/2012;1,1;N;5,7
29/04/2012;1,8;S;9,4
30/04/2012;1,1;E;6,5
01/05/2012;1,3;N;8,4
02/05/2012;1,7;O;7,5
03/05/2012;2,1;SO;9,0
04/05/2012;1,9;S;7,6
05/05/2012;2,8;N;8,8
06/05/2012;2,0;S;7,4
07/05/2012;2,1;O;6,8
08/05/2012;1,5;SO;6,9
09/05/2012;1,5;O;9,2
10/05/2012;1,3;O;5,9
11/05/2012;1,3;SO;5,8
12/05/2012;1,9;O;7,7
13/05/2012;4,0;N;11,6
14/05/2012;5,2;N;17,1
15/05/2012;1,6;O;9,9
16/05/2012;2,9;S;13,7
17/05/2012;2,2;E;7,3
18/05/2012;1,0;SE;4,8
19/05/2012;1,1;E;5,8
20/05/2012;1,4;E;6,4
21/05/2012;1,5;E;9,4
22/05/2012;1,5;S;6,3
23/05/2012;1,5;SO;6,5
24/05/2012;2,4;S;10,6
25/05/2012;1,6;N;6,3
26/05/2012;1,5;N;7,9
27/05/2012;1,4;N;7,5
28/05/2012;1,3;N;5,6
29/05/2012;1,3;O;6,7
30/05/2012;1,3;SO;6,8
31/05/2012;0,9;N;5,7
01/06/2012;1,5;N;5,2
02/06/2012;1,0;N;5,4
03/06/2012;2,3;S;8,4
04/06/2012;2,0;S;15,2
05/06/2012;1,1;S;6,5
06/06/2012;1,2;O;5,8
07/06/2012;1,5;S;5,9
08/06/2012;2,5;S;10,0
09/06/2012;2,1;S;8,2
10/06/2012;2,1;S;8,5
11/06/2012;2,3;S;11,0
12/06/2012;3,3;S;14,7
13/06/2012;2,5;SO;12,6
14/06/2012;1,1;N;5,1
15/06/2012;0,8;N;4,7
16/06/2012;0,8;SO;5,4
17/06/2012;0,7;N;4,5
18/06/2012;0,9;N;5,3
19/06/2012;1,0;N;7,0
20/06/2012;1,0;S;5,5
21/06/2012;1,6;SE;7,3
22/06/2012;1,3;SO;6,3
23/06/2012;1,2;N;6,5
24/06/2012;1,1;E;7,0
25/06/2012;1,3;SO;7,5
26/06/2012;1,6;S;8,2
27/06/2012;1,2;N;4,7
28/06/2012;1,0;SO;7,0
29/06/2012;0,9;S;8,0
30/06/2012;1,0;N;6,2
01/07/2012;0,9;N;7,4
02/07/2012;2,3;S;10,6
03/07/2012;1,6;SO;7,3
04/07/2012;1,2;O;7,7
05/07/2012;1,2;N;7,2
06/07/2012;1,3;N;8,5
07/07/2012;1,1;SO;8,1
08/07/2012;1,9;N;9,1
09/07/2012;1,4;N;10,0
10/07/2012;1,4;N;7,7
11/07/2012;1,6;SO;7,5
12/07/2012;2,1;N;11,0
13/07/2012;2,1;S;12,4
14/07/2012;2,1;S;9,0
15/07/2012;2,6;S;10,9
16/07/2012;2,7;N;9,6
17/07/2012;1,4;N;8,1
18/07/2012;1,4;O;7,3
19/07/2012;1,5;N;8,9
20/07/2012;1,8;SO;9,2
21/07/2012;1,8;S;8,8
22/07/2012;5,9;N;16,5
23/07/2012;7,5;N;18,5
24/07/2012;5,3;N;13,6
25/07/2012;1,8;N;11,0
26/07/2012;1,5;S;8,5
27/07/2012;1,3;O;8,4
28/07/2012;1,5;S;9,1
29/07/2012;1,9;N;10,7
30/07/2012;2,0;SO;12,3
31/07/2012;1,1;O;7,9
01/08/2012;1,5;O;6,6
02/08/2012;1,2;SO;7,6
03/08/2012;1,3;N;8,4
04/08/2012;1,2;S;8,3
05/08/2012;1,5;S;7,2
06/08/2012;2,0;S;8,3
07/08/2012;1,4;S;7,9
08/08/2012;1,3;N;6,8
09/08/2012;1,4;SO;8,5
10/08/2012;2,9;N;10,2
11/08/2012;1,6;N;6,7
12/08/2012;1,4;S;9,6
13/08/2012;1,3;N;7,8
14/08/2012;1,1;N;8,1
15/08/2012;1,5;O;8,1
16/08/2012;1,4;SE;8,3
17/08/2012;1,3;SO;7,4
18/08/2012;1,2;N;6,3
19/08/2012;1,2;S;7,9
20/08/2012;1,1;N;10,2
21/08/2012;1,5;O;7,3
22/08/2012;1,3;O;7,2
23/08/2012;1,1;SO;7,9
24/08/2012;1,7;S;9,8
25/08/2012;1,4;S;6,5
26/08/2012;1,8;S;18,3
27/08/2012;1,3;N;6,6
28/08/2012;1,2;N;6,9
29/08/2012;1,3;O;6,5
30/08/2012;1,2;O;7,8
31/08/2012;1,9;S;10,0
01/09/2012;1,0;S;4,8
02/09/2012;1,4;E;8,4
03/09/2012;1,8;N;6,8
04/09/2012;2,4;E;6,7
05/09/2012;1,9;N;8,1
06/09/2012;2,3;N;8,5
07/09/2012;1,0;N;5,0
08/09/2012;1,2;N;6,2
09/09/2012;0,9;S;7,4
10/09/2012;0,9;S;5,9
11/09/2012;1,2;O;7,4
12/09/2012;3,2;S;13,5
13/09/2012;6,6;SO;16,9
14/09/2012;6,1;N;16,6
15/09/2012;2,9;N;8,4
16/09/2012;2,4;NE;8,3
17/09/2012;1,2;NE;6,4
18/09/2012;0,9;N;6,0
19/09/2012;0,8;S;21,3
20/09/2012;2,5;N;7,8
21/09/2012;0,6;NO;3,9
22/09/2012;1,2;SO;5,5
23/09/2012;0,8;N;4,8
24/09/2012;2,9;S;11,4
25/09/2012;2,2;O;11,2
26/09/2012;4,5;S;16,4
27/09/2012;2,1;S;8,5
28/09/2012;0,9;E;4,7
29/09/2012;1,2;E;12,2
30/09/2012;1,2;E;7,5
01/10/2012;0,8;S;5,2
02/10/2012;1,2;SO;8,0
03/10/2012;0,9;S;5,6
04/10/2012;1,2;S;5,4
05/10/2012;0,6;S;3,8
06/10/2012;0,7;N;4,4
07/10/2012;1,2;N;6,6
08/10/2012;0,8;SO;3,9
09/10/2012;1,1;SO;5,9
10/10/2012;0,6;S;3,2
11/10/2012;0,4;O;4,5
12/10/2012;1,0;S;5,3
13/10/2012;1,0;E;5,3
14/10/2012;1,3;S;9,4
15/10/2012;2,6;S;9,5
16/10/2012;1,8;S;9,0
17/10/2012;1,1;SE;4,4
18/10/2012;0,7;S;3,2
19/10/2012;0,7;N;3,3
20/10/2012;0,4;SE;2,9
21/10/2012;0,4;E;3,4
22/10/2012;0,9;N;3,6
23/10/2012;1,7;N;5,0
24/10/2012;0,4;N;2,5
25/10/2012;0,7;S;3,9
26/10/2012;2,0;SE;8,0
27/10/2012;2,5;S;11,5
28/10/2012;2,6;S;10,3
29/10/2012;3,0;NE;11,4
30/10/2012;0,9;SE;5,2
31/10/2012;2,6;E;9,4
01/11/2012;3,2;E;14,0
02/11/2012;1,9;S;10,1
03/11/2012;2,0;S;7,5
04/11/2012;3,9;S;14,7
05/11/2012;4,3;S;15,0
06/11/2012;3,3;SO;13,8
07/11/2012;1,4;NO;5,8
08/11/2012;0,8;S;3,2
09/11/2012;0,9;S;4,5
10/11/2012;2,2;N;14,6
11/11/2012;3,7;S;13,8
12/11/2012;1,5;N;9,4
13/11/2012;2,6;N;7,9
14/11/2012;4,0;N;10,3
15/11/2012;3,5;N;9,3
16/11/2012;2,4;N;6,1
17/11/2012;0,4;NE;3,8
18/11/2012;1,6;N;4,7
19/11/2012;2,6;N;6,2
20/11/2012;3,7;N;8,7
21/11/2012;1,7;N;5,1
22/11/2012;0,3;NO;2,6
23/11/2012;0,3;S;2,9
24/11/2012;0,2;N;3,2
25/11/2012;1,1;S;4,5
26/11/2012;2,1;S;6,7
27/11/2012;2,6;S;12,5
28/11/2012;3,6;S;12,0
29/11/2012;3,0;S;10,5
30/11/2012;2,0;N;9,3
01/12/2012;2,3;NE;10,2
02/12/2012;1,1;NE;10,3
03/12/2012;1,5;NO;10,3
04/12/2012;3,0;S;13,0
05/12/2012;1,1;O;7,4
06/12/2012;0,6;S;3,2
07/12/2012;1,4;E;6,9
08/12/2012;4,7;N;17,4
09/12/2012;2,6;N;13,2
10/12/2012;1,6;S;5,8
11/12/2012;0,6;N;3,1
12/12/2012;0,8;N;4,8
13/12/2012;0,3;SE;3,3
14/12/2012;2,3;E;10,5
15/12/2012;4,4;S;14,5
16/12/2012;1,3;S;7,8
17/12/2012;1,5;SO;8,1
18/12/2012;0,6;S;3,5
19/12/2012;1,2;N;3,9
20/12/2012;0,4;N;3,7
21/12/2012;1,0;S;4,7
22/12/2012;0,3;S;2,6
23/12/2012;0,8;S;3,5
24/12/2012;1,0;S;3,7
25/12/2012;1,3;S;5,1
26/12/2012;1,4;E;7,5
27/12/2012;1,4;N;9,8
28/12/2012;1,9;SO;9,4
29/12/2012;1,9;N;7,2
30/12/2012;0,4;S;4,1
31/12/2012;0,5;N;4,2
01/01/2013;0,6;N;4,0
02/01/2013;2,1;S;6,6
03/01/2013;1,3;N;6,7
04/01/2013;0,5;N;4,9
05/01/2013;0,6;N;3,8
06/01/2013;0,8;O;5,8
07/01/2013;0,5;S;3,3
08/01/2013;0,3;N;3,2
09/01/2013;0,3;S;3,2
10/01/2013;0,9;S;5,1
11/01/2013;1,7;S;6,2
12/01/2013;0,8;NO;4,1
13/01/2013;1,4;S;6,8
14/01/2013;1,8;S;9,3
15/01/2013;1,4;E;7,7
16/01/2013;1,9;E;9,3
17/01/2013;3,4;S;11,6
18/01/2013;3,4;N;13,3
19/01/2013;1,3;S;5,7
20/01/2013;2,7;S;12,0
21/01/2013;2,4;E;9,3
22/01/2013;3,0;S;16,2
23/01/2013;2,0;S;7,5
24/01/2013;4,4;N;11,4
25/01/2013;5,3;N;15,7
26/01/2013;4,4;N;11,3
27/01/2013;0,6;N;4,3
28/01/2013;2,4;S;8,9
29/01/2013;1,4;N;6,2
30/01/2013;1,3;S;4,5
31/01/2013;1,0;S;4,5
01/02/2013;2,7;S;10,2
02/02/2013;4,7;S;19,8
03/02/2013;6,2;N;18,3
04/02/2013;1,4;E;6,6
05/02/2013;2,2;SE;11,0
06/02/2013;4,3;S;15,5
07/02/2013;3,9;E;13,0
08/02/2013;4,0;N;11,8
09/02/2013;2,0;N;10,0
10/02/2013;0,5;N;6,0
11/02/2013;3,0;E;13,7
12/02/2013;1,7;SO;6,3
13/02/2013;4,4;N;13,5
14/02/2013;3,9;N;10,9
15/02/2013;0,8;N;5,5
16/02/2013;3,4;N;7,8
17/02/2013;2,5;N;7,2
18/02/2013;3,7;N;9,6
19/02/2013;1,7;N;5,5
20/02/2013;1,1;S;5,1
21/02/2013;1,8;S;6,9
22/02/2013;2,7;N;7,8
23/02/2013;2,2;N;9,9
24/02/2013;2,6;S;14,0
25/02/2013;1,8;E;8,7
26/02/2013;1,6;N;7,2
27/02/2013;0,6;N;4,0
28/02/2013;1,0;E;5,5
01/03/2013;1,2;N;5,4
02/03/2013;4,8;N;14,1
03/03/2013;0,9;N;5,0
04/03/2013;0,6;N;4,2
05/03/2013;1,5;N;6,2
06/03/2013;2,7;NO;5,8
07/03/2013;;N;
08/03/2013;4,3;S;7,6
09/03/2013;3,3;SO;11,7
10/03/2013;2,2;S;8,6
11/03/2013;1,2;S;7,9
12/03/2013;1,5;S;6,1
13/03/2013;1,6;S;8,9
14/03/2013;4,3;N;13,1
15/03/2013;3,3;N;8,8
16/03/2013;0,6;N;4,9
17/03/2013;1,7;N;13,0
18/03/2013;7,2;S;21,7
19/03/2013;4,8;S;17,3
20/03/2013;2,1;S;9,2
21/03/2013;1,8;N;9,8
22/03/2013;0,8;S;6,3
23/03/2013;1,4;O;6,2
24/03/2013;3,3;E;9,5
25/03/2013;6,3;N;14,2
26/03/2013;2,5;N;8,0
27/03/2013;1,7;N;5,9
28/03/2013;2,0;N;10,4
29/03/2013;3,7;S;12,9
30/03/2013;3,9;S;13,4
31/03/2013;3,3;S;10,3
01/04/2013;1,7;SO;6,8
02/04/2013;4,0;N;10,0
03/04/2013;2,0;N;6,5
04/04/2013;1,7;N;5,8
05/04/2013;2,7;N;12,9
06/04/2013;1,6;S;7,3
07/04/2013;5,4;N;12,6
08/04/2013;1,4;N;9,4
09/04/2013;3,0;O;14,0
10/04/2013;3,0;S;13,0
11/04/2013;1,5;S;7,1
12/04/2013;3,5;S;11,1
13/04/2013;1,8;S;8,6
14/04/2013;0,9;N;5,0
15/04/2013;1,1;N;6,8
16/04/2013;1,5;SO;5,8
17/04/2013;1,2;O;5,6
18/04/2013;1,7;O;7,2
19/04/2013;1,5;O;6,5
20/04/2013;2,3;SO;10,1
21/04/2013;1,8;SO;10,4
22/04/2013;1,3;N;7,6
23/04/2013;1,1;E;6,6
24/04/2013;1,7;N;6,4
25/04/2013;1,1;N;4,8
26/04/2013;2,0;N;9,0
27/04/2013;3,4;S;10,4
28/04/2013;1,8;S;6,3
29/04/2013;1,4;E;6,3
30/04/2013;1,8;S;8,9
01/05/2013;1,5;E;9,0
02/05/2013;0,8;S;3,7
03/05/2013;1,3;S;6,2
04/05/2013;1,3;N;5,4
05/05/2013;1,5;SO;8,0
06/05/2013;1,6;N;6,3
07/05/2013;1,8;O;7,8
08/05/2013;0,9;N;6,2
09/05/2013;1,0;N;6,5
10/05/2013;1,1;SO;6,0
11/05/2013;1,8;N;8,3
12/05/2013;1,7;SO;10,2
13/05/2013;2,3;N;8,6
14/05/2013;1,2;O;6,4
15/05/2013;1,5;S;7,4
16/05/2013;2,7;SE;11,6
17/05/2013;2,3;SE;13,0
18/05/2013;1,4;N;7,1
19/05/2013;2,7;S;10,5
20/05/2013;1,6;S;7,5
21/05/2013;0,9;N;5,4
22/05/2013;3,2;N;11,4
23/05/2013;2,9;N;13,5
24/05/2013;4,6;S;16,3
25/05/2013;2,4;S;12,8
26/05/2013;1,9;S;10,3
27/05/2013;1,5;SO;6,3
28/05/2013;1,1;S;4,5
29/05/2013;2,7;S;11,7
30/05/2013;3,2;S;13,1
31/05/2013;2,8;SO;11,0
01/06/2013;1,8;S;7,3
02/06/2013;1,2;SO;6,2
03/06/2013;0,8;N;7,3
04/06/2013;1,5;N;8,7
05/06/2013;0,9;O;7,1
06/06/2013;1,1;S;5,0
07/06/2013;1,2;O;7,5
08/06/2013;1,3;SO;7,6
09/06/2013;1,0;N;8,4
10/06/2013;1,5;S;7,6
11/06/2013;1,4;S;6,0
12/06/2013;1,0;O;6,4
13/06/2013;1,3;N;7,2
14/06/2013;1,7;O;7,9
15/06/2013;1,7;N;7,2
16/06/2013;0,9;N;5,3
17/06/2013;0,9;N;4,6
18/06/2013;0,7;N;6,8
19/06/2013;1,0;N;5,0
20/06/2013;1,3;N;8,2
21/06/2013;1,5;S;7,5
22/06/2013;1,8;S;7,0
23/06/2013;1,5;SO;8,1
24/06/2013;1,6;N;13,8
25/06/2013;0,9;SO;7,8
26/06/2013;2,6;N;9,1
27/06/2013;1,8;N;7,7
28/06/2013;2,5;NE;9,7
29/06/2013;2,6;N;8,1
30/06/2013;1,1;SO;6,2
01/07/2013;1,3;SO;6,6
02/07/2013;1,3;N;7,2
03/07/2013;1,2;N;7,1
04/07/2013;1,5;N;7,8
05/07/2013;2,6;N;7,6
06/07/2013;2,6;NE;8,8
07/07/2013;3,8;NO;9,8
08/07/2013;3,2;N;9,7
09/07/2013;1,4;NE;14,6
10/07/2013;1,0;S;7,5
11/07/2013;1,1;SO;7,6
12/07/2013;1,3;N;7,0
13/07/2013;1,2;N;7,0
14/07/2013;1,6;O;7,1
15/07/2013;1,1;N;6,4
16/07/2013;1,2;O;8,2
17/07/2013;1,2;SO;7,4
18/07/2013;1,3;O;10,3
19/07/2013;1,4;S;9,0
20/07/2013;1,0;S;9,2
21/07/2013;1,4;N;8,5
22/07/2013;1,5;NE;7,3
23/07/2013;1,4;N;8,6
24/07/2013;1,4;NO;7,0
25/07/2013;1,3;S;6,5
26/07/2013;1,1;O;9,2
27/07/2013;1,0;N;5,8
28/07/2013;1,8;N;8,4
29/07/2013;2,2;S;14,3
30/07/2013;1,4;N;5,6
31/07/2013;3,3;N;10,1
01/08/2013;2,4;N;8,9
02/08/2013;1,5;N;6,8
03/08/2013;1,1;N;8,1
04/08/2013;1,3;SO;7,2
05/08/2013;1,3;O;5,8
06/08/2013;0,9;O;5,7
07/08/2013;1,6;N;9,2
08/08/2013;1,9;S;10,4
09/08/2013;2,0;N;10,4
10/08/2013;3,2;O;9,6
11/08/2013;2,0;NE;8,2
12/08/2013;1,1;S;9,3
13/08/2013;1,3;N;7,2
14/08/2013;2,7;O;10,9
15/08/2013;3,8;N;8,9
16/08/2013;1,5;N;5,7
17/08/2013;1,1;N;7,5
18/08/2013;1,2;N;7,1
19/08/2013;1,6;S;7,8
20/08/2013;4,7;NE;15,1
21/08/2013;5,1;N;12,6
22/08/2013;1,8;N;5,8
23/08/2013;1,1;N;6,4
24/08/2013;1,3;S;6,3
25/08/2013;2,0;S;8,9
26/08/2013;1,1;N;5,6
27/08/2013;1,4;N;8,1
28/08/2013;1,6;S;7,3
29/08/2013;1,1;O;6,4
30/08/2013;1,6;E;7,7
31/08/2013;1,0;N;5,6
01/09/2013;1,2;S;5,6
02/09/2013;1,7;S;7,6
03/09/2013;1,2;E;4,8
04/09/2013;1,0;N;7,1
05/09/2013;1,1;S;7,0
06/09/2013;1,2;N;5,4
07/09/2013;1,0;N;8,1
08/09/2013;1,1;N;5,7
09/09/2013;2,3;S;11,7
10/09/2013;1,6;SO;7,6
11/09/2013;2,1;S;9,6
12/09/2013;1,6;S;6,8
13/09/2013;1,4;S;6,8
14/09/2013;1,1;SE;5,9
15/09/2013;2,1;N;10,5
16/09/2013;1,6;S;7,4
17/09/2013;2,6;SO;10,1
18/09/2013;1,1;S;5,7
19/09/2013;1,4;S;5,3
20/09/2013;1,0;SO;5,5
21/09/2013;1,2;N;4,4
22/09/2013;1,6;NE;7,0
23/09/2013;0,9;N;4,5
24/09/2013;1,1;O;7,1
25/09/2013;1,3;N;5,9
26/09/2013;1,3;N;5,2
27/09/2013;0,6;SO;3,6
28/09/2013;0,8;N;4,6
29/09/2013;1,9;S;8,9
30/09/2013;1,0;N;7,0
01/10/2013;1,4;NE;5,7
02/10/2013;1,5;N;5,9
03/10/2013;1,5;NE;5,9
04/10/2013;1,0;N;4,2
05/10/2013;1,4;SE;18,4
06/10/2013;2,5;NE;7,1
07/10/2013;2,0;NE;6,7
08/10/2013;2,4;N;5,6
09/10/2013;0,6;NE;4,8
10/10/2013;2,5;S;10,4
11/10/2013;1,3;S;11,7
12/10/2013;0,7;SO;4,6
13/10/2013;0,7;N;3,4
14/10/2013;0,7;N;3,9
15/10/2013;1,2;O;5,1
16/10/2013;1,7;S;6,9
17/10/2013;0,5;N;3,7
18/10/2013;0,5;N;3,6
19/10/2013;0,9;N;5,0
20/10/2013;1,8;S;8,5
21/10/2013;2,0;S;8,5
22/10/2013;1,2;S;7,1
23/10/2013;2,2;SE;9,6
24/10/2013;1,6;S;9,9
25/10/2013;0,6;N;3,8
26/10/2013;0,7;S;3,6
27/10/2013;1,5;S;6,3
28/10/2013;2,1;S;7,8
29/10/2013;1,6;S;11,0
30/10/2013;1,1;S;5,0
31/10/2013;2,6;NE;6,3
01/11/2013;0,8;NE;3,7
02/11/2013;1,8;S;6,0
03/11/2013;3,5;S;16,0
04/11/2013;1,4;O;7,7
05/11/2013;0,9;S;5,1
06/11/2013;1,2;N;8,2
07/11/2013;0,9;N;4,2
08/11/2013;2,1;S;7,0
09/11/2013;3,1;S;11,0
10/11/2013;3,3;SO;11,3
11/11/2013;7,7;NE;23,5
12/11/2013;7,4;NO;19,0
13/11/2013;4,3;NE;11,0
14/11/2013;1,5;N;9,6
15/11/2013;2,4;E;8,7
16/11/2013;4,1;N;11,2
17/11/2013;1,8;N;6,1
18/11/2013;1,7;N;6,2
19/11/2013;1,5;NE;9,2
20/11/2013;1,9;NE;10,7
21/11/2013;2,4;S;11,9
22/11/2013;2,0;S;6,4
23/11/2013;2,2;N;8,3
24/11/2013;3,5;NE;10,5
25/11/2013;3,4;N;14,7
26/11/2013;2,9;NE;12,1
27/11/2013;4,9;NE;13,1
28/11/2013;3,6;N;9,3
29/11/2013;0,4;NE;3,3
30/11/2013;3,0;S;14,1
01/12/2013;9,6;N;20,0
02/12/2013;7,8;N;16,4
03/12/2013;3,5;N;12,1
04/12/2013;0,5;S;4,1
05/12/2013;0,6;N;4,9
06/12/2013;1,1;S;4,0
07/12/2013;0,8;N;4,1
08/12/2013;0,8;E;4,0
09/12/2013;0,7;N;2,9
10/12/2013;0,2;N;1,8
11/12/2013;0,5;N;3,4
12/12/2013;0,4;S;3,5
13/12/2013;0,4;N;2,2
14/12/2013;0,5;S;2,7
15/12/2013;1,7;SE;6,6
16/12/2013;0,2;E;2,9
17/12/2013;0,3;N;2,8
18/12/2013;0,1;N;2,6
19/12/2013;1,5;SE;7,0
20/12/2013;0,9;SE;6,3
21/12/2013;0,6;SE;2,8
22/12/2013;1,4;S;5,3
23/12/2013;0,7;S;3,2
24/12/2013;2,2;E;9,2
25/12/2013;6,6;S;15,7
26/12/2013;3,8;S;12,6
27/12/2013;1,6;SE;5,9
28/12/2013;1,8;N;9,1
29/12/2013;2,1;S;11,2
30/12/2013;3,9;N;11,4
31/12/2013;2,2;NE;7,5
01/01/2014;0,6;NE;3,2
02/01/2014;2,7;SO;9,1
03/01/2014;2,1;S;6,3
04/01/2014;4,8;S;16,7
05/01/2014;3,5;S;11,8
06/01/2014;0,6;NE;3,6
07/01/2014;0,6;N;3,0
08/01/2014;0,7;N;2,8
09/01/2014;1,4;N;5,0
10/01/2014;2,0;S;5,4
11/01/2014;0,5;N;4,0
12/01/2014;0,6;S;3,3
13/01/2014;0,6;N;5,0
14/01/2014;3,3;S;9,9
15/01/2014;1,2;S;6,1
16/01/2014;2,4;S;9,8
17/01/2014;4,9;S;15,0
18/01/2014;4,3;S;12,4
19/01/2014;2,4;S;12,1
20/01/2014;1,3;S;5,9
21/01/2014;1,4;N;5,8
22/01/2014;1,8;O;7,1
23/01/2014;1,0;S;3,8
24/01/2014;3,8;NO;14,3
25/01/2014;3,0;N;10,2
26/01/2014;2,1;S;13,5
27/01/2014;2,0;N;6,4
28/01/2014;3,0;NE;8,9
29/01/2014;1,5;N;7,3
30/01/2014;2,5;E;12,0
31/01/2014;2,0;E;11,8
01/02/2014;2,1;NE;9,9
02/02/2014;1,5;N;6,4
03/02/2014;1,2;N;6,4
04/02/2014;0,6;N;5,0
05/02/2014;3,0;S;11,6
06/02/2014;1,6;SE;8,2
07/02/2014;3,5;S;14,1
08/02/2014;3,4;SO;10,2
09/02/2014;5,0;S;17,0
10/02/2014;3,4;S;13,1
11/02/2014;1,5;S;10,2
12/02/2014;1,2;NO;7,5
13/02/2014;2,8;N;11,0
14/02/2014;2,5;SO;14,8
15/02/2014;2,4;S;8,8
16/02/2014;3,1;S;8,0
17/02/2014;2,3;N;9,6
18/02/2014;1,1;N;4,3
19/02/2014;2,7;SO;11,9
20/02/2014;2,0;S;7,0
21/02/2014;0,9;N;6,1
22/02/2014;2,1;SO;9,6
23/02/2014;2,3;N;8,1
24/02/2014;1,6;N;6,0
25/02/2014;1,1;S;5,7
26/02/2014;1,9;S;13,2
27/02/2014;1,6;S;8,0
28/02/2014;1,8;NO;9,4
01/03/2014;2,5;E;11,7
02/03/2014;1,5;SE;6,3
03/03/2014;1,5;O;6,5
04/03/2014;3,8;SE;10,2
05/03/2014;4,6;N;13,1
06/03/2014;4,4;N;13,1
07/03/2014;4,7;N;13,0
08/03/2014;5,3;NE;17,2
09/03/2014;4,3;N;11,1
10/03/2014;4,0;N;12,6
11/03/2014;4,1;N;11,6
12/03/2014;2,2;N;7,9
13/03/2014;1,0;SE;5,1
14/03/2014;1,1;S;5,0
15/03/2014;1,8;N;8,5
16/03/2014;1,0;N;5,6
17/03/2014;1,2;SO;6,5
18/03/2014;1,3;O;6,0
19/03/2014;1,4;S;5,5
20/03/2014;1,1;N;6,4
21/03/2014;1,5;NE;8,3
22/03/2014;2,6;S;10,4
23/03/2014;4,7;S;15,9
24/03/2014;2,6;S;11,7
25/03/2014;1,2;E;5,7
26/03/2014;2,3;E;7,4
27/03/2014;6,5;N;16,8
28/03/2014;3,4;N;11,2
29/03/2014;1,8;N;8,5
30/03/2014;1,1;N;7,0
31/03/2014;1,7;N;7,3
01/04/2014;1,9;SO;7,5
02/04/2014;1,7;S;6,5
03/04/2014;1,4;S;8,6
04/04/2014;2,2;N;7,7
05/04/2014;2,9;SO;9,7
06/04/2014;3,7;N;14,2
07/04/2014;1,7;N;7,1
08/04/2014;1,9;SO;7,4
09/04/2014;2,0;S;8,6
10/04/2014;1,9;SO;8,4
11/04/2014;1,1;N;6,3
12/04/2014;1,3;N;5,9
13/04/2014;1,1;O;8,0
14/04/2014;1,9;E;9,1
15/04/2014;2,9;SO;15,0
16/04/2014;3,8;S;14,0
17/04/2014;3,0;N;18,5
18/04/2014;2,0;NO;9,4
19/04/2014;2,9;S;11,9
20/04/2014;1,2;N;5,6
21/04/2014;1,0;S;5,1
22/04/2014;1,1;SO;4,7
23/04/2014;2,2;SO;6,9
24/04/2014;2,0;O;7,9
25/04/2014;1,0;N;9,6
26/04/2014;1,7;N;8,9
27/04/2014;1,4;SO;5,6
28/04/2014;1,5;N;7,9
29/04/2014;1,4;S;5,4
30/04/2014;1,7;SO;10,2
01/05/2014;1,3;E;5,8
02/05/2014;1,4;SO;7,7
03/05/2014;3,1;NE;10,5
04/05/2014;3,9;NE;10,7
05/05/2014;1,4;S;7,3
06/05/2014;1,8;SO;7,4
07/05/2014;2,0;S;6,6
08/05/2014;1,3;NE;5,8
09/05/2014;1,2;S;7,0
10/05/2014;1,1;N;6,0
11/05/2014;3,1;S;12,5
12/05/2014;2,3;SO;10,2
13/05/2014;2,6;N;10,1
14/05/2014;2,4;N;8,0
15/05/2014;2,7;S;11,1
16/05/2014;1,7;SO;7,0
17/05/2014;1,6;S;8,0
18/05/2014;2,0;SO;8,8
19/05/2014;1,1;SE;8,5
20/05/2014;0,8;N;8,4
21/05/2014;1,4;NE;8,1
22/05/2014;1,7;N;7,5
23/05/2014;1,6;N;7,1
24/05/2014;1,4;O;7,1
25/05/2014;1,4;N;8,4
26/05/2014;2,3;O;8,9
27/05/2014;2,3;SO;11,4
28/05/2014;2,1;SO;8,3
29/05/2014;1,6;S;7,8
30/05/2014;0,9;N;10,5
31/05/2014;1,3;O;6,7
01/06/2014;1,5;N;8,1
02/06/2014;1,1;SO;5,5
03/06/2014;1,0;NO;6,1
04/06/2014;1,6;SO;9,1
05/06/2014;1,4;SO;7,3
06/06/2014;0,8;N;5,1
07/06/2014;1,0;NE;7,0
08/06/2014;0,8;SO;4,9
09/06/2014;1,1;N;6,3
10/06/2014;1,1;SO;7,3
11/06/2014;1,2;SO;6,3
12/06/2014;0,9;O;10,3
13/06/2014;1,2;SO;5,8
14/06/2014;1,1;N;6,0
15/06/2014;1,9;N;7,6
16/06/2014;3,6;N;10,5
17/06/2014;3,3;N;10,4
18/06/2014;3,0;N;10,1
19/06/2014;2,2;NE;9,5
20/06/2014;1,7;SO;8,2
21/06/2014;1,2;N;7,3
22/06/2014;1,3;N;7,9
23/06/2014;1,8;S;8,0
24/06/2014;1,9;SE;7,4
25/06/2014;2,5;NE;12,7
26/06/2014;1,1;SO;5,4
27/06/2014;1,2;O;7,9
28/06/2014;1,1;N;7,4
29/06/2014;2,6;S;10,2
30/06/2014;2,0;E;8,0
01/07/2014;1,0;SO;5,4
02/07/2014;1,2;N;5,7
03/07/2014;1,2;N;5,5
04/07/2014;1,7;SE;7,3
05/07/2014;2,2;S;9,5
06/07/2014;1,1;N;6,7
07/07/2014;1,5;N;8,0
08/07/2014;2,8;SO;13,2
09/07/2014;3,1;SO;12,8
10/07/2014;1,4;O;10,8
11/07/2014;1,4;SO;7,4
12/07/2014;1,1;SE;12,2
13/07/2014;1,4;N;8,1
14/07/2014;1,1;SO;5,9
15/07/2014;2,4;SO;9,2
16/07/2014;2,2;NE;8,3
17/07/2014;1,7;N;7,8
18/07/2014;1,2;SO;5,8
19/07/2014;1,0;N;5,2
20/07/2014;1,6;E;7,9
21/07/2014;1,6;S;9,0
22/07/2014;1,8;SE;5,5
23/07/2014;1,7;NO;8,1
24/07/2014;0,8;N;5,2
25/07/2014;0,7;SO;4,7
26/07/2014;1,1;S;7,6
27/07/2014;2,0;S;8,5
28/07/2014;1,3;O;7,4
29/07/2014;1,2;S;6,7
30/07/2014;1,3;E;7,1
31/07/2014;1,0;SO;4,9
01/08/2014;1,6;SO;6,5
02/08/2014;0,9;NO;6,4
03/08/2014;1,3;S;8,6
04/08/2014;0,9;N;6,5
05/08/2014;1,1;N;10,6
06/08/2014;2,1;N;7,8
07/08/2014;0,9;N;5,3
08/08/2014;0,7;N;5,9
09/08/2014;1,0;N;6,6
10/08/2014;1,2;N;5,6
11/08/2014;1,4;SO;6,0
12/08/2014;1,3;N;5,9
13/08/2014;2,9;N;11,6
14/08/2014;2,3;SO;11,0
15/08/2014;2,1;SO;11,4
16/08/2014;1,8;S;8,5
17/08/2014;1,6;NE;5,8
18/08/2014;1,2;SO;6,9
19/08/2014;1,8;S;7,4
20/08/2014;1,8;N;7,9
21/08/2014;1,0;S;6,2
22/08/2014;0,9;N;6,5
23/08/2014;1,1;N;8,5
24/08/2014;1,2;S;6,1
25/08/2014;1,1;O;6,8
26/08/2014;2,4;S;10,1
27/08/2014;2,1;SO;11,2
28/08/2014;2,0;N;7,9
29/08/2014;1,5;NE;5,1
30/08/2014;1,1;SO;5,9
31/08/2014;1,3;N;7,0
01/09/2014;5,1;S;18,4
02/09/2014;4,0;N;15,7
03/09/2014;3,4;N;8,6
04/09/2014;3,5;N;8,6
05/09/2014;3,5;N;8,7
06/09/2014;2,1;N;7,4
07/09/2014;1,2;O;5,4
08/09/2014;0,9;SO;4,2
09/09/2014;0,9;N;5,0
10/09/2014;0,6;N;4,5
11/09/2014;1,2;N;9,7
12/09/2014;1,9;S;10,1
13/09/2014;0,9;S;5,7
14/09/2014;0,8;N;4,5
15/09/2014;0,5;O;4,8
16/09/2014;0,5;SO;5,3
17/09/2014;0,4;N;4,3
18/09/2014;0,8;N;5,9
19/09/2014;1,3;S;6,7
20/09/2014;1,9;S;9,8
21/09/2014;1,4;SO;6,2
22/09/2014;1,8;S;9,1
23/09/2014;1,3;NE;9,9
24/09/2014;0,6;E;3,5
25/09/2014;1,7;S;6,0
26/09/2014;1,2;NE;5,1
27/09/2014;0,5;S;3,7
28/09/2014;0,6;N;4,3
29/09/2014;1,0;SO;5,0
30/09/2014;0,6;N;4,3
01/10/2014;1,0;N;5,3
02/10/2014;4,6;NE;12,4
03/10/2014;2,8;N;8,7
04/10/2014;2,3;NE;6,1
05/10/2014;1,6;N;5,6
06/10/2014;0,8;N;5,1
07/10/2014;1,6;N;6,4
08/10/2014;2,2;S;8,8
09/10/2014;2,3;S;8,7
10/10/2014;1,6;SE;7,8
11/10/2014;1,8;S;9,7
12/10/2014;1,2;S;5,5
13/10/2014;2,3;S;11,2
14/10/2014;0,9;S;5,6
15/10/2014;1,1;NE;4,9
16/10/2014;1,5;SO;6,4
17/10/2014;2,4;S;11,0
18/10/2014;0,8;SE;3,9
19/10/2014;0,7;N;3,5
20/10/2014;0,4;SO;4,9
21/10/2014;1,9;S;5,7
22/10/2014;3,4;S;12,9
23/10/2014;1,2;NO;5,1
24/10/2014;1,8;S;8,6
25/10/2014;2,5;S;8,3
26/10/2014;3,1;N;9,0
27/10/2014;3,2;NE;9,9
28/10/2014;2,6;N;7,3
29/10/2014;0,4;N;4,2
30/10/2014;1,0;NE;5,0
31/10/2014;1,7;N;6,6
01/11/2014;0,9;NE;4,6
02/11/2014;0,6;N;4,5
03/11/2014;1,6;N;8,2
04/11/2014;4,5;S;16,1
05/11/2014;3,4;S;13,9
06/11/2014;1,5;S;7,1
07/11/2014;1,2;NE;4,2
08/11/2014;0,5;NE;4,0
09/11/2014;1,0;N;8,7
10/11/2014;2,3;S;9,1
11/11/2014;0,7;E;4,0
12/11/2014;0,8;E;4,4
13/11/2014;0,8;S;4,1
14/11/2014;0,1;N;2,9
15/11/2014;2,5;S;11,7
16/11/2014;2,0;S;9,9
17/11/2014;1,9;S;10,7
18/11/2014;3,3;SO;10,0
19/11/2014;1,0;SO;7,2
20/11/2014;0,6;S;2,9
21/11/2014;0,8;S;2,9
22/11/2014;0,4;E;2,3
23/11/2014;0,6;N;3,2
24/11/2014;0,4;SE;3,2
25/11/2014;0,5;N;4,0
26/11/2014;0,8;S;4,8
27/11/2014;1,0;N;5,6
28/11/2014;1,1;SE;7,2
29/11/2014;1,0;NE;4,9
30/11/2014;1,1;NE;6,9
01/12/2014;1,7;SE;8,1
02/12/2014;1,3;SE;4,9
03/12/2014;3,7;N;10,2
04/12/2014;0,4;NE;3,6
05/12/2014;0,6;N;3,4
06/12/2014;1,5;N;7,2
07/12/2014;2,5;O;7,3
08/12/2014;2,0;N;8,2
09/12/2014;4,7;E;15,5
10/12/2014;3,6;N;11,2
11/12/2014;0,8;S;3,7
12/12/2014;1,3;S;5,7
13/12/2014;2,6;S;7,8
14/12/2014;1,0;SE;4,7
15/12/2014;1,2;E;4,5
16/12/2014;0,9;E;6,2
17/12/2014;0,4;NE;3,9
18/12/2014;0,5;N;4,2
19/12/2014;1,3;S;4,3
20/12/2014;0,8;S;5,0
21/12/2014;0,6;S;3,1
22/12/2014;1,9;SE;5,9
23/12/2014;1,0;S;3,5
24/12/2014;1,2;S;4,5
25/12/2014;1,1;S;3,3
26/12/2014;3,0;N;10,4
27/12/2014;3,0;S;15,6
28/12/2014;4,7;NE;13,6
29/12/2014;3,7;NE;12,5
30/12/2014;2,1;N;8,2
31/12/2014;5,1;NE;19,0
01/01/2015;3,9;NE;10,7
02/01/2015;1,1;SE;5,4
03/01/2015;1,1;S;4,0
04/01/2015;1,7;S;8,3
05/01/2015;1,4;N;5,6
06/01/2015;0,9;S;5,1
07/01/2015;0,5;S;2,8
08/01/2015;0,9;N;4,9
09/01/2015;1,7;SO;5,0
10/01/2015;1,5;S;5,1
11/01/2015;2,5;S;7,7
12/01/2015;2,3;NE;9,8
13/01/2015;1,7;S;4,9
14/01/2015;2,3;S;9,0
15/01/2015;2,6;S;7,6
16/01/2015;4,0;S;14,2
17/01/2015;3,4;S;12,1
18/01/2015;0,8;S;5,5
19/01/2015;0,7;NE;3,0
20/01/2015;1,1;E;4,1
21/01/2015;1,5;NE;7,6
22/01/2015;2,5;S;10,0
23/01/2015;6,4;N;14,4
24/01/2015;4,6;NE;13,7
25/01/2015;3,8;NE;12,2
26/01/2015;4,1;N;12,0
27/01/2015;1,3;N;5,0
28/01/2015;2,7;NE;10,5
29/01/2015;3,5;S;15,0
30/01/2015;3,6;S;19,1
31/01/2015;2,2;SO;8,2
01/02/2015;1,3;SE;6,3
02/02/2015;1,5;S;9,5
03/02/2015;2,2;SE;8,7
04/02/2015;2,9;NE;9,7
05/02/2015;3,7;NE;9,1
06/02/2015;4,9;N;11,6
07/02/2015;5,2;NE;11,8
08/02/2015;2,0;NE;11,4
09/02/2015;1,8;N;8,3
10/02/2015;0,8;NE;4,1
11/02/2015;0,7;SO;4,3
12/02/2015;0,9;SE;4,1
13/02/2015;1,0;N;6,4
14/02/2015;2,1;S;9,0
15/02/2015;1,5;SE;6,2
16/02/2015;3,0;NE;9,6
17/02/2015;3,8;NE;11,0
18/02/2015;4,4;NE;12,2
19/02/2015;1,0;NE;5,3
20/02/2015;1,1;N;5,8
21/02/2015;3,4;S;9,6
22/02/2015;3,9;E;12,8
23/02/2015;2,8;N;10,1
24/02/2015;2,8;N;13,2
25/02/2015;7,4;N;17,5
26/02/2015;4,5;NE;10,0
27/02/2015;1,8;N;6,6
28/02/2015;1,3;NO;4,7
01/03/2015;1,9;E;10,8
02/03/2015;4,4;S;15,6
03/03/2015;1,7;SO;9,3
04/03/2015;1,5;S;10,6
05/03/2015;10,6;NE;26,1
06/03/2015;8,1;NE;22,8
07/03/2015;6,5;N;20,0
08/03/2015;6,0;N;15,3
09/03/2015;3,6;NE;11,6
10/03/2015;2,5;E;8,2
11/03/2015;1,4;N;7,3
12/03/2015;4,0;NO;16,2
13/03/2015;1,3;N;8,0
14/03/2015;0,9;N;3,1
15/03/2015;2,3;S;9,6
16/03/2015;2,5;E;6,3
17/03/2015;2,9;NE;6,9
18/03/2015;2,4;N;7,1
19/03/2015;0,9;E;4,3
20/03/2015;1,2;N;6,4
21/03/2015;1,3;NE;6,1
22/03/2015;3,2;S;13,9
23/03/2015;3,9;NE;11,6
24/03/2015;0,9;S;4,3
25/03/2015;3,1;N;10,2
26/03/2015;2,8;S;12,5
27/03/2015;3,4;O;15,0
28/03/2015;3,9;N;11,6
29/03/2015;1,4;SE;6,9
30/03/2015;2,6;S;11,4
31/03/2015;2,0;N;12,6
01/04/2015;2,5;O;10,3
02/04/2015;2,1;N;10,7
03/04/2015;1,4;S;7,7
04/04/2015;3,6;S;9,9
05/04/2015;6,4;N;13,5
06/04/2015;5,2;N;15,9
07/04/2015;3,8;SE;17,0
08/04/2015;1,4;N;9,4
09/04/2015;1,1;SO;8,4
10/04/2015;1,2;O;6,9
11/04/2015;1,5;SO;6,5
12/04/2015;1,6;NE;7,6
13/04/2015;1,5;O;8,0
14/04/2015;1,7;N;6,2
15/04/2015;1,3;O;6,5
16/04/2015;1,5;N;8,0
17/04/2015;2,4;S;8,5
18/04/2015;2,2;S;9,2
19/04/2015;3,7;NE;10,8
20/04/2015;1,9;NE;7,1
21/04/2015;1,5;N;8,4
22/04/2015;2,0;O;8,3
23/04/2015;2,2;S;10,1
24/04/2015;1,2;S;5,4
25/04/2015;1,4;SO;5,8
26/04/2015;1,4;O;6,9
27/04/2015;3,5;S;13,5
28/04/2015;1,4;S;8,0
29/04/2015;1,4;O;7,7
30/04/2015;2,0;SO;7,2
01/05/2015;2,8;S;9,7
02/05/2015;1,7;S;5,7
03/05/2015;0,8;E;4,7
04/05/2015;1,5;N;6,2
05/05/2015;1,8;S;8,3
06/05/2015;1,4;SE;6,7
07/05/2015;1,6;S;6,9
08/05/2015;1,1;N;5,5
09/05/2015;1,3;O;7,3
10/05/2015;1,7;NO;8,9
11/05/2015;1,5;N;7,5
12/05/2015;1,2;N;6,6
13/05/2015;1,8;O;8,0
14/05/2015;1,3;S;5,4
15/05/2015;2,2;O;11,9
16/05/2015;1,5;SO;5,9
17/05/2015;3,9;NE;11,0
18/05/2015;1,7;N;5,3
19/05/2015;1,4;O;7,1
20/05/2015;2,0;N;16,3
21/05/2015;1,5;N;6,2
22/05/2015;2,8;N;9,2
23/05/2015;2,0;O;5,9
24/05/2015;2,4;N;8,2
25/05/2015;1,6;O;7,6
26/05/2015;1,2;S;8,6
27/05/2015;2,5;NE;8,5
28/05/2015;1,2;E;6,9
29/05/2015;1,1;N;7,2
30/05/2015;1,1;N;6,9
31/05/2015;1,1;SE;6,8
01/06/2015;1,0;N;5,6
02/06/2015;1,3;O;6,6
03/06/2015;1,1;SO;6,5
04/06/2015;1,6;SO;7,6
05/06/2015;1,4;NE;6,7
06/06/2015;1,2;S;6,8
07/06/2015;1,5;S;6,3
08/06/2015;1,5;SE;8,0
09/06/2015;1,2;S;7,0
10/06/2015;1,2;N;8,7
11/06/2015;0,9;SE;5,2
12/06/2015;1,4;S;6,9
13/06/2015;1,5;S;8,1
14/06/2015;1,6;E;9,4
15/06/2015;1,3;S;8,8
16/06/2015;1,4;SO;5,7
17/06/2015;2,3;N;10,5
18/06/2015;1,4;NE;7,2
19/06/2015;1,0;N;5,2
20/06/2015;1,7;N;8,8
21/06/2015;1,0;N;5,1
22/06/2015;2,1;S;9,4
23/06/2015;2,9;S;10,0
24/06/2015;3,8;S;11,5
25/06/2015;1,6;NE;6,6
26/06/2015;1,0;SE;7,3
27/06/2015;1,4;SO;7,4
28/06/2015;1,0;S;5,3
29/06/2015;1,1;S;5,1
30/06/2015;0,8;S;5,8
01/07/2015;1,1;S;7,5
02/07/2015;1,2;O;6,6
03/07/2015;1,6;O;7,7
04/07/2015;1,2;S;5,8
05/07/2015;1,2;S;8,3
06/07/2015;1,0;N;6,4
07/07/2015;0,9;N;6,1
08/07/2015;1,3;N;6,3
09/07/2015;2,9;S;9,2
10/07/2015;3,0;NE;8,5
11/07/2015;1,5;N;9,4
12/07/2015;1,2;SO;7,2
13/07/2015;1,0;SO;5,9
14/07/2015;1,0;O;6,9
15/07/2015;1,0;N;6,7
16/07/2015;1,2;N;6,7
17/07/2015;1,1;E;7,0
18/07/2015;1,2;O;7,6
19/07/2015;1,6;SO;7,5
20/07/2015;1,3;O;6,9
21/07/2015;1,3;N;7,5
22/07/2015;1,4;SO;12,5
23/07/2015;1,1;O;6,7
24/07/2015;1,3;SO;8,0
25/07/2015;1,3;S;11,4
26/07/2015;1,4;SO;6,4
27/07/2015;2,6;SO;13,9
28/07/2015;1,5;N;7,4
29/07/2015;2,0;SO;10,3
30/07/2015;1,3;SO;9,0
31/07/2015;2,4;N;8,2
01/08/2015;1,2;NE;11,3
02/08/2015;1,2;S;5,7
03/08/2015;1,6;NO;7,2
04/08/2015;1,5;N;6,7
05/08/2015;1,3;SO;7,1
06/08/2015;2,4;N;8,2
07/08/2015;2,4;N;8,5
08/08/2015;1,5;N;6,6
09/08/2015;1,5;S;10,6
10/08/2015;1,3;SE;10,9
11/08/2015;1,7;N;9,0
12/08/2015;2,7;NE;9,4
13/08/2015;1,0;N;6,6
14/08/2015;1,1;SO;4,9
15/08/2015;1,3;SO;7,2
16/08/2015;1,4;SO;7,2
17/08/2015;2,0;SO;9,3
18/08/2015;1,3;SE;8,1
19/08/2015;1,3;N;7,2
20/08/2015;1,1;N;6,9
21/08/2015;2,4;N;8,0
22/08/2015;1,5;NE;5,6
23/08/2015;1,3;S;7,0
24/08/2015;1,6;SE;8,7
25/08/2015;1,7;S;8,3
26/08/2015;1,0;O;8,4
27/08/2015;0,8;N;6,2
28/08/2015;0,9;N;4,9
29/08/2015;0,7;N;5,4
30/08/2015;0,9;SO;5,8
31/08/2015;0,8;N;5,9
01/09/2015;1,2;N;7,5
02/09/2015;1,2;N;8,2
03/09/2015;1,2;SO;6,4
04/09/2015;0,8;N;6,1
05/09/2015;2,2;S;13,3
06/09/2015;1,0;S;6,2
07/09/2015;1,3;S;7,2
08/09/2015;1,6;N;6,9
09/09/2015;3,0;N;10,1
10/09/2015;2,5;N;8,8
11/09/2015;1,0;N;5,8
12/09/2015;1,1;SO;6,1
13/09/2015;1,3;S;11,0
14/09/2015;3,2;S;15,9
15/09/2015;1,6;S;7,5
16/09/2015;2,6;S;10,5
17/09/2015;2,2;S;9,8
18/09/2015;1,2;SO;6,7
19/09/2015;0,9;O;5,4
20/09/2015;2,9;O;13,2
21/09/2015;1,7;NO;6,9
22/09/2015;1,4;SO;8,5
23/09/2015;1,7;S;8,0
24/09/2015;3,5;S;11,8
25/09/2015;2,8;N;10,1
26/09/2015;2,2;NE;9,4
27/09/2015;3,0;NE;10,7
28/09/2015;4,4;N;14,3
29/09/2015;4,7;N;11,3
30/09/2015;4,7;NE;10,8
01/10/2015;4,9;NE;12,1
02/10/2015;3,2;NE;11,6
03/10/2015;1,0;SO;4,5
04/10/2015;2,6;S;9,5
05/10/2015;0,9;SO;6,2
06/10/2015;1,1;N;5,3
07/10/2015;1,5;S;8,4
08/10/2015;2,1;O;6,0
09/10/2015;1,3;S;4,6
10/10/2015;5,2;NE;11,5
11/10/2015;2,3;N;9,5
12/10/2015;0,7;S;5,0
13/10/2015;2,1;S;11,5
14/10/2015;1,8;S;7,8
15/10/2015;1,2;S;6,5
16/10/2015;1,7;S;8,4
17/10/2015;0,7;N;4,6
18/10/2015;0,9;S;4,4
19/10/2015;1,2;N;5,4
20/10/2015;2,3;N;6,9
21/10/2015;4,5;NE;12,4
22/10/2015;5,3;N;13,6
23/10/2015;3,7;N;11,7
24/10/2015;1,3;N;9,5
25/10/2015;0,5;N;3,3
26/10/2015;0,6;E;3,5
27/10/2015;0,7;SE;3,4
28/10/2015;1,5;SE;9,1
29/10/2015;1,7;NE;6,6
30/10/2015;5,0;N;11,8
31/10/2015;5,3;NE;11,8
01/11/2015;4,9;NE;12,1
02/11/2015;2,1;NE;5,5
03/11/2015;0,7;N;4,2
04/11/2015;0,6;S;3,5
05/11/2015;0,7;N;4,2
06/11/2015;0,9;N;4,1
07/11/2015;0,3;SO;2,5
08/11/2015;0,3;N;4,0
09/11/2015;1,4;SO;8,1
10/11/2015;0,6;N;5,1
11/11/2015;0,4;N;3,3
12/11/2015;0,4;N;3,5
13/11/2015;0,4;N;3,0
14/11/2015;0,8;S;4,6
15/11/2015;0,4;N;4,5
16/11/2015;0,4;O;4,1
17/11/2015;1,1;SO;4,3
18/11/2015;0,4;S;3,1
19/11/2015;1,2;N;4,5
20/11/2015;3,2;S;15,2
21/11/2015;6,0;SO;18,0
22/11/2015;2,0;N;9,2
23/11/2015;2,6;NE;6,8
24/11/2015;3,4;NE;8,1
25/11/2015;0,8;NE;3,6
26/11/2015;7,6;NE;21,1
27/11/2015;6,1;N;19,6
28/11/2015;1,1;N;5,1
29/11/2015;1,0;SE;4,8
30/11/2015;1,6;S;4,1
01/12/2015;1,1;S;3,8
02/12/2015;0,5;O;3,5
03/12/2015;0,4;SO;3,5
04/12/2015;0,7;S;2,5
05/12/2015;0,1;NO;2,5
06/12/2015;0,7;SE;2,6
07/12/2015;0,5;NE;2,3
08/12/2015;0,7;SO;4,7
09/12/2015;0,4;N;4,4
10/12/2015;2,6;NE;6,8
11/12/2015;1,3;N;6,5
12/12/2015;1,2;SO;4,4
13/12/2015;2,0;S;4,9
14/12/2015;0,9;S;3,7
15/12/2015;0,6;N;2,9
16/12/2015;0,3;S;2,9
17/12/2015;0,4;SO;2,4
18/12/2015;0,6;SO;2,9
19/12/2015;0,1;N;2,4
20/12/2015;0,5;N;3,8
21/12/2015;1,1;E;4,8
22/12/2015;1,3;S;4,5
23/12/2015;1,9;S;6,0
24/12/2015;1,1;N;4,6
25/12/2015;0,5;S;2,6
26/12/2015;0,3;NE;2,2
27/12/2015;0,3;N;3,5
28/12/2015;0,5;N;4,2
29/12/2015;0,8;SO;5,1
30/12/2015;2,4;N;8,1
31/12/2015;1,8;N;5,5
01/01/2016;0,8;NE;3,5
02/01/2016;2,7;SE;9,5
03/01/2016;2,0;SO;9,2
04/01/2016;2,6;S;8,5
05/01/2016;1,3;S;7,5
06/01/2016;0,9;S;5,6
07/01/2016;1,6;S;7,2
08/01/2016;1,8;S;5,9
09/01/2016;3,6;S;11,8
10/01/2016;3,1;S;14,0
11/01/2016;5,0;SE;17,5
12/01/2016;5,2;SO;18,5
13/01/2016;2,8;SO;8,7
14/01/2016;2,3;S;8,4
15/01/2016;1,7;SO;6,0
16/01/2016;4,3;NE;13,2
17/01/2016;1,9;N;9,3
18/01/2016;1,4;NE;6,6
19/01/2016;0,2;E;3,0
20/01/2016;0,4;S;3,2
21/01/2016;0,6;E;3,2
22/01/2016;1,2;E;4,7
23/01/2016;0,7;SE;3,5
24/01/2016;0,6;S;3,5
25/01/2016;1,4;O;6,3
26/01/2016;1,3;S;4,2
27/01/2016;1,7;S;5,8
28/01/2016;1,9;S;4,6
29/01/2016;1,8;S;5,9
30/01/2016;3,0;S;8,9
31/01/2016;2,4;S;8,1
01/02/2016;1,0;S;4,6
02/02/2016;2,1;S;6,7
03/02/2016;3,5;S;16,6
04/02/2016;2,0;N;9,0
05/02/2016;0,9;S;3,8
06/02/2016;1,9;E;5,9
07/02/2016;4,4;S;15,0
08/02/2016;3,7;S;11,0
09/02/2016;4,8;S;16,3
10/02/2016;5,9;S;23,7
11/02/2016;1,8;S;6,5
12/02/2016;3,1;E;16,6
13/02/2016;3,5;O;11,1
14/02/2016;3,4;SO;15,7
15/02/2016;1,5;N;6,7
16/02/2016;4,2;E;14,4
17/02/2016;1,2;N;7,0
18/02/2016;1,8;N;8,2
19/02/2016;1,9;S;8,7
20/02/2016;1,8;SO;6,3
21/02/2016;1,3;S;4,9
22/02/2016;1,9;S;9,8
23/02/2016;2,5;S;9,3
24/02/2016;1,0;SO;5,7
25/02/2016;1,5;N;7,7
26/02/2016;1,1;SO;6,9
27/02/2016;2,2;S;10,8
28/02/2016;3,0;SE;10,8
29/02/2016;2,3;E;11,0
01/03/2016;1,7;N;8,8
02/03/2016;2,2;O;13,3
03/03/2016;3,3;S;17,9
04/03/2016;2,1;N;7,8
05/03/2016;5,5;S;16,2
06/03/2016;2,3;SO;11,1
07/03/2016;1,6;E;8,1
08/03/2016;2,0;S;10,9
09/03/2016;3,8;SE;10,0
10/03/2016;3,8;N;11,3
11/03/2016;4,9;N;11,1
12/03/2016;6,4;NE;15,7
13/03/2016;7,2;NE;16,1
14/03/2016;6,2;NE;14,0
15/03/2016;1,7;NE;6,0
16/03/2016;2,6;SO;7,5
17/03/2016;4,2;NE;10,6
18/03/2016;1,9;NE;5,6
19/03/2016;1,3;SO;6,5
20/03/2016;1,0;SO;5,6
21/03/2016;2,0;S;6,1
22/03/2016;4,8;N;13,2
23/03/2016;8,0;N;20,3
24/03/2016;3,6;N;12,6
25/03/2016;1,1;S;6,3
26/03/2016;1,0;N;6,6
27/03/2016;1,4;SO;7,2
28/03/2016;1,8;E;10,3
29/03/2016;2,2;S;8,8
30/03/2016;2,4;S;8,1
31/03/2016;1,6;S;7,2
01/04/2016;0,9;SE;6,2
02/04/2016;2,2;N;6,5
03/04/2016;0,8;N;4,9
04/04/2016;2,3;N;9,3
05/04/2016;1,4;E;9,3
06/04/2016;1,1;N;5,3
07/04/2016;1,0;N;6,2
08/04/2016;1,2;N;5,4
09/04/2016;1,5;SO;6,2
10/04/2016;1,5;SO;8,4
11/04/2016;1,9;O;7,5
12/04/2016;1,8;S;7,1
13/04/2016;1,7;S;7,6
14/04/2016;2,5;SO;10,8
15/04/2016;2,0;N;9,5
16/04/2016;3,2;S;9,6
17/04/2016;3,3;S;9,8
18/04/2016;2,1;S;8,1
19/04/2016;2,7;O;11,9
20/04/2016;1,7;NE;7,6
21/04/2016;1,4;NE;6,5
22/04/2016;1,5;SO;6,5
23/04/2016;1,7;SO;7,5
24/04/2016;2,2;SO;8,9
25/04/2016;3,4;N;11,3
26/04/2016;3,3;S;11,7
27/04/2016;3,4;SO;14,1
28/04/2016;0,7;SO;3,3
29/04/2016;1,3;N;5,6
30/04/2016;1,0;N;6,4
01/05/2016;2,0;SO;8,8
02/05/2016;3,0;N;12,1
03/05/2016;2,5;NO;10,7
04/05/2016;2,2;O;7,9
05/05/2016;3,4;S;10,6
06/05/2016;1,3;NE;6,6
07/05/2016;1,1;N;9,7
08/05/2016;0,9;N;4,6
09/05/2016;1,1;S;6,2
10/05/2016;1,8;S;9,1
11/05/2016;1,2;NE;8,1
12/05/2016;3,5;SO;16,0
13/05/2016;4,0;S;13,8
14/05/2016;1,4;SO;7,6
15/05/2016;1,3;NO;9,6
16/05/2016;1,9;S;10,2
17/05/2016;1,2;SO;5,8
18/05/2016;1,3;N;6,6
19/05/2016;2,7;S;12,5
20/05/2016;2,8;NE;10,3
21/05/2016;1,7;NO;7,7
22/05/2016;1,2;O;6,5
23/05/2016;3,9;S;14,6
24/05/2016;2,5;SO;11,2
25/05/2016;1,1;SO;7,0
26/05/2016;0,9;SO;4,9
27/05/2016;1,2;N;6,2
28/05/2016;1,2;N;7,5
29/05/2016;2,7;NE;11,5
30/05/2016;2,9;SO;11,7
31/05/2016;1,8;E;9,3
01/06/2016;1,2;N;6,4
02/06/2016;1,5;S;5,7
03/06/2016;0,8;S;4,9
04/06/2016;0,7;N;4,9
05/06/2016;1,2;N;6,3
06/06/2016;0,9;N;8,1
07/06/2016;1,3;SO;5,7
08/06/2016;1,0;SO;16,1
09/06/2016;0,7;SE;8,6
10/06/2016;1,5;N;5,4
11/06/2016;2,0;SO;8,0
12/06/2016;2,3;S;10,0
13/06/2016;1,5;O;7,8
14/06/2016;1,8;SO;8,9
15/06/2016;2,5;S;10,8
16/06/2016;2,1;S;8,9
17/06/2016;2,8;SO;10,9
18/06/2016;1,8;SO;8,5
19/06/2016;1,8;O;8,5
20/06/2016;2,1;NO;10,9
21/06/2016;1,0;S;6,3
22/06/2016;2,5;NO;7,3
23/06/2016;3,1;NE;9,3
24/06/2016;1,7;N;5,8
25/06/2016;1,5;O;8,7
26/06/2016;1,4;SO;7,3
27/06/2016;1,4;SO;7,3
28/06/2016;1,0;N;6,5
29/06/2016;1,0;N;6,1
30/06/2016;1,3;S;6,6
01/07/2016;0,9;SE;5,7
02/07/2016;1,5;O;8,0
03/07/2016;1,4;S;7,6
04/07/2016;1,7;O;6,5
05/07/2016;1,2;NE;7,8
06/07/2016;1,1;O;5,8
07/07/2016;1,1;SO;7,5
08/07/2016;1,5;N;7,1
09/07/2016;1,0;SO;5,9
10/07/2016;0,9;NE;5,4
11/07/2016;1,1;SO;4,9
12/07/2016;1,5;S;6,9
13/07/2016;2,3;S;10,4
14/07/2016;2,2;SO;9,6
15/07/2016;5,0;NE;16,4
16/07/2016;1,9;NO;6,8
17/07/2016;1,7;S;7,7
18/07/2016;1,6;O;8,1
19/07/2016;1,2;O;6,6
20/07/2016;1,4;S;7,6
21/07/2016;1,1;O;6,3
22/07/2016;1,2;O;9,2
23/07/2016;1,5;S;6,5
24/07/2016;2,0;NE;11,8
25/07/2016;1,2;SO;10,5
26/07/2016;1,1;N;8,7
27/07/2016;1,1;N;10,0
28/07/2016;1,4;S;7,2
29/07/2016;1,2;O;7,6
30/07/2016;1,4;SO;7,7
31/07/2016;1,3;N;7,0
01/08/2016;1,2;S;27,0
02/08/2016;1,5;N;5,8
03/08/2016;1,1;SO;5,9
04/08/2016;1,2;SO;7,9
05/08/2016;2,0;N;10,5
06/08/2016;4,6;N;12,7
07/08/2016;5,0;N;14,4
08/08/2016;2,6;NE;8,8
09/08/2016;1,3;N;7,0
10/08/2016;1,7;SO;6,6
11/08/2016;4,7;N;12,6
12/08/2016;2,0;E;7,9
13/08/2016;1,9;N;7,3
14/08/2016;1,0;S;6,6
15/08/2016;1,5;O;7,1
16/08/2016;1,7;SO;8,5
17/08/2016;1,8;SO;8,9
18/08/2016;1,5;SE;8,2
19/08/2016;1,6;O;7,2
20/08/2016;1,0;N;6,3
21/08/2016;1,4;N;7,8
22/08/2016;4,0;O;11,4
23/08/2016;4,2;NE;13,8
24/08/2016;3,7;NE;12,4
25/08/2016;3,8;N;12,2
26/08/2016;2,3;NE;8,1
27/08/2016;1,4;N;8,5
28/08/2016;1,4;N;7,3
29/08/2016;1,1;SO;6,7
30/08/2016;1,7;NE;8,5
31/08/2016;1,3;N;10,2
01/09/2016;1,2;N;6,4
02/09/2016;1,0;O;6,3
03/09/2016;1,2;O;5,9
04/09/2016;1,3;O;7,2
05/09/2016;1,5;S;7,8
06/09/2016;2,8;SE;10,9
07/09/2016;5,1;NE;16,9
08/09/2016;3,7;N;11,8
09/09/2016;3,5;NE;10,8
10/09/2016;3,5;NE;9,7
11/09/2016;2,2;NE;8,9
12/09/2016;1,6;N;7,9
13/09/2016;1,1;SE;11,8
14/09/2016;1,0;S;7,4
15/09/2016;1,6;N;8,0
16/09/2016;2,0;S;16,0
17/09/2016;1,7;SO;5,9
18/09/2016;0,9;O;4,4
19/09/2016;1,0;N;6,5
20/09/2016;0,9;N;9,0
21/09/2016;1,6;SE;7,6
22/09/2016;2,2;N;7,6
23/09/2016;1,0;SO;4,1
24/09/2016;1,0;N;6,8
25/09/2016;0,9;N;5,0
26/09/2016;1,2;SO;6,2
27/09/2016;1,4;N;6,1
28/09/2016;2,1;NE;7,7
29/09/2016;;N;
30/09/2016;;N;
01/10/2016;;N;
02/10/2016;;N;
03/10/2016;;N;
04/10/2016;;N;
05/10/2016;;N;
06/10/2016;;N;
07/10/2016;;N;
08/10/2016;;N;
09/10/2016;;N;
10/10/2016;;N;
11/10/2016;;N;
12/10/2016;;N;
13/10/2016;2,5;NE;7,3
14/10/2016;2,8;NE;11,0
15/10/2016;1,1;SE;4,1
16/10/2016;1,1;SO;3,9
17/10/2016;1,1;NO;4,0
18/10/2016;1,3;O;5,7
19/10/2016;1,9;S;6,9
20/10/2016;1,4;S;4,6
21/10/2016;1,5;NE;4,5
22/10/2016;;N;
23/10/2016;;N;
24/10/2016;;N;
25/10/2016;;N;
26/10/2016;;N;
27/10/2016;;N;
28/10/2016;;N;
29/10/2016;;N;
30/10/2016;;N;
31/10/2016;;N;
01/11/2016;;N;
02/11/2016;;N;
03/11/2016;3,1;N;6,8
04/11/2016;1,2;NE;4,5
05/11/2016;4,4;S;12,6
06/11/2016;4,8;S;14,3
07/11/2016;3,1;SO;17,5
08/11/2016;1,5;SE;5,3
09/11/2016;2,2;N;6,4
10/11/2016;1,8;NE;5,6
11/11/2016;3,5;S;10,9
12/11/2016;2,1;N;7,5
13/11/2016;1,2;SE;3,2
14/11/2016;3,3;N;7,6
15/11/2016;3,1;N;7,7
16/11/2016;1,3;E;3,5
17/11/2016;1,6;S;5,1
18/11/2016;2,8;S;9,5
19/11/2016;3,4;S;10,7
20/11/2016;1,6;S;6,8
21/11/2016;2,2;S;6,9
22/11/2016;1,8;E;6,8
23/11/2016;1,4;E;5,0
24/11/2016;2,2;E;6,7
25/11/2016;1,7;E;12,1
26/11/2016;1,1;S;5,3
27/11/2016;1,0;SE;2,8
28/11/2016;3,2;S;11,6
29/11/2016;6,2;N;15,1
30/11/2016;1,3;N;4,1
01/12/2016;1,7;S;5,3
02/12/2016;1,8;SO;4,1
03/12/2016;1,8;S;5,0
04/12/2016;2,0;N;4,9
05/12/2016;1,1;N;3,6
06/12/2016;1,4;NE;3,0
07/12/2016;2,1;NE;4,9
08/12/2016;1,1;SO;4,3
09/12/2016;1,3;S;6,6
10/12/2016;1,7;SE;3,9
11/12/2016;1,8;S;5,1
12/12/2016;1,6;SO;5,9
13/12/2016;1,6;N;4,7
14/12/2016;1,5;E;4,1
15/12/2016;1,4;SE;4,2
16/12/2016;2,7;S;8,1
17/12/2016;2,5;N;6,9
18/12/2016;1,1;E;3,5
19/12/2016;2,1;E;7,7
20/12/2016;3,1;NE;8,9
21/12/2016;2,7;N;5,8
22/12/2016;1,1;NE;3,3
23/12/2016;0,9;NO;3,6
24/12/2016;1,4;O;4,5
25/12/2016;1,1;S;4,3
26/12/2016;1,3;SO;3,7
27/12/2016;1,3;SE;6,5
28/12/2016;1,5;NE;6,4
29/12/2016;2,7;E;10,0
30/12/2016;2,8;SE;7,8
31/12/2016;1,5;NE;4,9
01/01/2017;1,7;S;5,5
02/01/2017;3,5;S;8,4
03/01/2017;4,4;S;10,8
04/01/2017;2,2;NE;6,8
05/01/2017;4,9;S;18,1
06/01/2017;3,9;N;10,3
07/01/2017;1,2;N;5,1
08/01/2017;1,4;S;6,2
09/01/2017;1,4;N;3,7
10/01/2017;3,1;S;9,2
11/01/2017;2,8;N;7,7
12/01/2017;2,6;S;6,8
13/01/2017;5,1;S;20,1
14/01/2017;1,6;NO;5,6
15/01/2017;5,3;NE;13,5
16/01/2017;7,6;N;17,6
17/01/2017;9,5;N;21,3
18/01/2017;8,5;N;19,2
19/01/2017;6,8;N;16,7
20/01/2017;3,8;N;7,3
21/01/2017;3,6;N;8,8
22/01/2017;3,5;N;7,0
23/01/2017;3,3;N;7,7
24/01/2017;2,8;N;5,9
25/01/2017;3,4;N;7,9
26/01/2017;1,3;N;3,4
27/01/2017;1,3;NE;3,8
28/01/2017;1,5;E;5,7
29/01/2017;1,1;NE;3,4
30/01/2017;1,8;SE;8,0
31/01/2017;3,4;S;8,3
01/02/2017;2,7;S;7,3
02/02/2017;4,0;S;10,6
03/02/2017;4,4;S;11,0
04/02/2017;4,7;S;14,1
05/02/2017;3,8;SO;15,2
06/02/2017;3,9;S;12,1
07/02/2017;3,5;N;11,4
08/02/2017;2,8;SE;10,2
09/02/2017;5,6;N;11,7
10/02/2017;2,6;N;8,2
11/02/2017;1,4;N;6,8
12/02/2017;1,5;E;6,6
13/02/2017;1,7;SE;4,1
14/02/2017;2,1;N;6,1
15/02/2017;1,4;S;4,5
16/02/2017;1,6;O;7,2
17/02/2017;2,8;S;7,7
18/02/2017;2,0;SO;9,1
19/02/2017;1,6;E;6,3
20/02/2017;1,3;SO;4,6
21/02/2017;2,2;S;7,4
22/02/2017;2,5;S;5,7
23/02/2017;2,1;S;6,5
24/02/2017;3,7;S;11,0
25/02/2017;7,0;N;16,2
26/02/2017;2,5;N;7,8
27/02/2017;1,8;SO;6,9
28/02/2017;6,0;S;17,8
01/03/2017;4,4;S;13,2
02/03/2017;2,0;S;8,0
03/03/2017;1,5;N;4,5
04/03/2017;3,4;S;12,9
05/03/2017;3,8;S;13,8
06/03/2017;4,8;S;15,7
07/03/2017;4,0;NO;13,6
08/03/2017;3,9;N;11,8
09/03/2017;1,6;N;7,5
10/03/2017;3,2;S;14,0
11/03/2017;2,6;N;8,6
12/03/2017;1,6;S;6,9
13/03/2017;2,6;E;8,0
14/03/2017;1,7;NE;5,2
15/03/2017;2,1;SE;9,4
16/03/2017;1,5;E;5,6
17/03/2017;2,4;N;10,5
18/03/2017;2,2;SO;8,1
19/03/2017;1,4;SO;4,3
20/03/2017;1,5;S;5,2
21/03/2017;1,2;E;5,0
22/03/2017;1,8;SO;6,3
23/03/2017;2,5;S;8,8
24/03/2017;1,4;E;5,8
25/03/2017;2,3;NO;10,7
26/03/2017;2,5;O;9,3
27/03/2017;5,3;N;11,9
28/03/2017;2,9;NE;8,4
29/03/2017;1,8;SO;7,4
30/03/2017;1,7;SO;7,2
31/03/2017;1,9;NO;6,8
01/04/2017;2,0;SE;8,2
02/04/2017;1,9;SE;6,0
03/04/2017;4,2;N;10,9
04/04/2017;1,7;NO;8,5
05/04/2017;2,4;SE;7,6
06/04/2017;2,0;S;8,7
07/04/2017;1,8;E;7,0
08/04/2017;1,6;E;6,5
09/04/2017;2,0;O;6,2
10/04/2017;1,9;SO;9,1
11/04/2017;1,8;SO;7,0
12/04/2017;2,1;NE;7,7
13/04/2017;2,3;SE;7,8
14/04/2017;1,9;SO;6,8
15/04/2017;1,8;E;5,6
16/04/2017;2,6;NO;9,3
17/04/2017;2,5;O;7,6
18/04/2017;4,1;S;19,0
19/04/2017;3,4;N;14,8
20/04/2017;2,3;SO;10,0
21/04/2017;2,2;S;7,0
22/04/2017;2,9;O;11,1
23/04/2017;2,4;SO;8,3
24/04/2017;2,2;S;6,6
25/04/2017;3,3;SE;10,0
26/04/2017;5,6;SE;15,8
27/04/2017;3,8;S;11,5
28/04/2017;3,7;SO;14,3
29/04/2017;3,0;SO;8,3
30/04/2017;1,9;N;6,5
01/05/2017;3,3;S;12,5
02/05/2017;2,6;SO;9,5
03/05/2017;1,9;SO;8,0
04/05/2017;2,0;O;9,7
05/05/2017;1,4;S;5,7
06/05/2017;2,6;SE;11,6
07/05/2017;2,5;O;9,4
08/05/2017;1,9;E;8,5
09/05/2017;2,5;SO;8,7
10/05/2017;2,1;E;6,8
11/05/2017;2,0;SE;8,2
12/05/2017;1,9;S;6,2
13/05/2017;2,2;O;11,0
14/05/2017;2,0;O;7,0
15/05/2017;3,0;O;9,8
16/05/2017;4,2;N;10,7
17/05/2017;3,4;N;8,6
18/05/2017;2,4;NE;7,6
19/05/2017;2,8;S;9,4
20/05/2017;2,7;O;11,6
21/05/2017;3,4;NO;11,6
22/05/2017;2,0;E;8,0
23/05/2017;1,8;NO;7,9
24/05/2017;1,6;O;8,6
25/05/2017;1,9;O;7,5
26/05/2017;1,7;SE;7,5
27/05/2017;1,8;NE;7,0
28/05/2017;1,8;E;5,5
29/05/2017;1,8;S;8,6
30/05/2017;1,8;SE;7,3
31/05/2017;2,0;S;8,2
01/06/2017;1,8;SO;7,4
02/06/2017;1,8;NE;8,8
03/06/2017;1,8;NO;8,4
04/06/2017;2,0;SO;8,4
05/06/2017;1,6;NE;8,5
06/06/2017;2,0;SE;10,4
07/06/2017;2,1;SE;9,5
08/06/2017;2,5;N;7,3
09/06/2017;1,8;S;6,8
10/06/2017;1,5;O;5,9
11/06/2017;1,8;NE;7,5
12/06/2017;1,8;S;8,8
13/06/2017;1,8;SE;7,2
14/06/2017;1,6;NE;7,9
15/06/2017;1,6;E;8,1
16/06/2017;1,7;SO;7,5
17/06/2017;2,7;SO;9,7
18/06/2017;3,1;E;10,2
19/06/2017;1,9;NE;16,2
20/06/2017;2,1;SE;8,6
21/06/2017;1,8;O;7,7
22/06/2017;1,8;NE;9,1
23/06/2017;2,0;SO;9,0
24/06/2017;1,6;SO;6,6
25/06/2017;2,2;O;8,0
26/06/2017;1,7;O;8,4
27/06/2017;2,2;NO;9,5
28/06/2017;4,3;S;17,4
29/06/2017;3,9;SO;13,0
30/06/2017;2,6;SO;9,3
01/07/2017;2,7;S;9,1
02/07/2017;1,8;SO;9,6
03/07/2017;1,9;O;8,4
04/07/2017;1,8;O;8,0
05/07/2017;1,9;O;8,6
06/07/2017;1,9;NO;9,1
07/07/2017;2,1;S;8,2
08/07/2017;1,7;N;7,2
09/07/2017;2,1;N;8,3
10/07/2017;2,3;S;8,2
11/07/2017;2,2;S;8,8
12/07/2017;2,3;E;9,6
13/07/2017;2,0;E;9,3
14/07/2017;2,6;O;9,1
15/07/2017;3,6;N;10,4
16/07/2017;3,8;N;12,2
17/07/2017;3,5;N;10,3
18/07/2017;1,8;NE;7,9
19/07/2017;1,8;SE;8,5
20/07/2017;1,7;NO;6,5
21/07/2017;2,4;NE;8,8
22/07/2017;2,1;NE;9,2
23/07/2017;2,1;S;9,2
24/07/2017;3,1;S;13,3
25/07/2017;2,1;S;15,2
26/07/2017;2,2;S;8,9
27/07/2017;2,2;S;8,4
28/07/2017;2,0;SO;10,3
29/07/2017;1,8;NO;8,8
30/07/2017;1,9;SO;7,0
31/07/2017;1,5;NE;5,4
01/08/2017;1,7;SE;8,0
02/08/2017;1,8;SO;7,3
03/08/2017;1,8;E;7,7
04/08/2017;2,0;S;8,9
05/08/2017;1,7;NO;8,1
06/08/2017;2,0;N;8,5
07/08/2017;2,1;N;7,6
08/08/2017;2,4;NE;8,9
09/08/2017;2,6;S;10,1
10/08/2017;2,0;NO;11,5
11/08/2017;3,1;SO;13,3
12/08/2017;2,2;S;7,7
13/08/2017;1,5;SO;8,6
14/08/2017;1,5;SE;6,5
15/08/2017;1,7;S;8,2
16/08/2017;1,7;SO;7,2
17/08/2017;1,5;NE;6,3
18/08/2017;1,7;NE;7,9
19/08/2017;1,8;SO;6,8
20/08/2017;4,3;NE;11,4
21/08/2017;3,6;NE;10,4
22/08/2017;1,9;N;6,7
23/08/2017;1,8;SO;7,9
24/08/2017;1,5;O;6,2
25/08/2017;1,7;S;7,0
26/08/2017;1,7;NE;7,5
27/08/2017;1,7;NO;8,3
28/08/2017;1,8;O;7,5
29/08/2017;1,6;N;6,0
30/08/2017;1,6;SE;7,3
31/08/2017;2,0;SE;12,2
01/09/2017;2,7;NO;10,4
02/09/2017;3,5;O;13,4
03/09/2017;1,7;S;7,0
04/09/2017;1,8;S;7,2
05/09/2017;1,8;S;7,9
06/09/2017;1,6;S;5,9
07/09/2017;1,4;S;8,9
08/09/2017;1,5;E;6,1
09/09/2017;2,7;S;9,7
10/09/2017;2,5;S;15,2
11/09/2017;2,4;E;8,0
12/09/2017;4,3;SO;17,6
13/09/2017;2,0;S;7,3
14/09/2017;3,5;S;11,8
15/09/2017;2,4;S;7,9
16/09/2017;1,6;SE;5,4
17/09/2017;3,7;S;13,7
18/09/2017;2,0;SO;8,7
19/09/2017;2,4;NE;6,9
20/09/2017;2,5;N;8,6
21/09/2017;1,9;S;6,4
22/09/2017;1,5;S;6,0
23/09/2017;1,5;E;4,7
24/09/2017;1,4;SE;5,4
25/09/2017;3,4;NE;10,9
26/09/2017;3,4;NE;9,0
27/09/2017;3,4;N;7,9
28/09/2017;4,3;N;9,5
29/09/2017;4,4;N;10,2
30/09/2017;2,0;N;5,2
01/10/2017;1,1;S;3,6
02/10/2017;1,6;N;4,2
03/10/2017;1,8;S;6,6
04/10/2017;1,3;NE;4,9
05/10/2017;2,1;E;8,9
06/10/2017;2,6;S;16,0
07/10/2017;2,2;N;6,3
08/10/2017;2,1;S;7,8
09/10/2017;1,3;SE;4,8
10/10/2017;1,2;S;3,8
11/10/2017;1,3;S;5,2
12/10/2017;1,4;SO;4,9
13/10/2017;1,2;O;5,4
14/10/2017;0,9;SO;3,8
15/10/2017;0,9;O;4,4
16/10/2017;0,9;NE;4,0
17/10/2017;1,4;N;3,5
18/10/2017;1,3;NE;4,5
19/10/2017;1,4;E;4,8
20/10/2017;1,4;S;4,8
21/10/2017;2,1;SE;6,1
22/10/2017;4,0;S;15,6
23/10/2017;2,0;N;9,1
24/10/2017;2,2;N;8,3
25/10/2017;2,2;N;6,1
26/10/2017;1,5;S;4,2
27/10/2017;1,7;SO;4,7
28/10/2017;1,7;NO;6,5
29/10/2017;2,6;S;7,8
30/10/2017;2,1;S;7,3
31/10/2017;1,9;N;7,1
01/11/2017;1,0;N;4,2
02/11/2017;2,1;S;7,1
03/11/2017;1,7;S;5,9
04/11/2017;1,2;SE;4,1
05/11/2017;2,4;SE;14,7
06/11/2017;2,0;S;7,9
07/11/2017;1,9;N;7,2
08/11/2017;1,3;N;4,7
09/11/2017;1,3;S;4,8
10/11/2017;2,7;NE;7,0
11/11/2017;1,3;NE;4,7
12/11/2017;3,0;S;9,6
13/11/2017;6,5;S;15,3
14/11/2017;7,8;N;17,3
15/11/2017;7,8;NE;17,7
16/11/2017;5,2;N;12,9
17/11/2017;4,1;NE;9,9
18/11/2017;3,9;N;11,0
19/11/2017;1,9;S;7,1
20/11/2017;1,5;NO;3,7
21/11/2017;1,6;S;4,6
22/11/2017;1,4;S;4,7
23/11/2017;1,5;S;5,2
24/11/2017;1,5;S;4,4
25/11/2017;4,0;S;11,8
26/11/2017;4,9;SO;15,9
27/11/2017;2,7;N;9,3
28/11/2017;2,7;S;9,5
29/11/2017;2,2;S;9,0
30/11/2017;2,8;S;10,3
01/12/2017;1,8;SE;7,7
02/12/2017;5,8;N;14,1
03/12/2017;4,7;N;12,9
04/12/2017;2,1;N;5,9
05/12/2017;1,3;S;4,8
06/12/2017;2,1;SE;5,2
07/12/2017;2,6;S;7,3
08/12/2017;5,0;S;14,0
09/12/2017;3,1;SO;14,6
10/12/2017;5,3;S;17,9
11/12/2017;8,6;S;20,5
12/12/2017;3,8;S;17,3
13/12/2017;3,1;S;12,6
14/12/2017;4,6;S;11,5
15/12/2017;3,6;SO;10,3
16/12/2017;3,2;SO;10,0
17/12/2017;2,4;N;7,6
18/12/2017;1,2;NE;4,6
19/12/2017;1,3;SE;4,2
20/12/2017;2,2;S;6,8
21/12/2017;2,2;N;6,3
22/12/2017;1,4;N;5,1
23/12/2017;1,1;NE;4,0
24/12/2017;1,5;NO;5,9
25/12/2017;1,8;SO;5,0
26/12/2017;3,7;S;8,9
27/12/2017;5,1;S;12,5
28/12/2017;2,1;SO;11,2
29/12/2017;2,6;N;7,2
30/12/2017;1,8;S;6,7
31/12/2017;2,1;SE;6,2
01/01/2018;4,7;S;13,9
02/01/2018;2,0;SO;12,8
03/01/2018;3,7;SO;20,7
04/01/2018;2,0;S;6,0
05/01/2018;2,1;S;7,8
06/01/2018;2,1;S;7,3
07/01/2018;1,6;E;6,0
08/01/2018;2,1;NE;9,2
09/01/2018;2,2;SE;7,6
10/01/2018;1,3;S;5,7
11/01/2018;2,2;SE;7,2
12/01/2018;4,9;N;11,7
13/01/2018;4,7;N;10,5
14/01/2018;1,9;N;5,4
15/01/2018;1,5;E;6,1
16/01/2018;5,8;S;18,1
17/01/2018;6,1;SO;21,9
18/01/2018;2,4;SO;8,7
19/01/2018;2,6;S;8,4
20/01/2018;2,4;S;9,1
21/01/2018;2,7;SO;11,2
22/01/2018;1,3;N;4,0
23/01/2018;1,6;NE;6,2
24/01/2018;1,2;E;5,0
25/01/2018;2,5;SE;6,8
26/01/2018;1,5;S;6,2
27/01/2018;1,0;NE;3,5
28/01/2018;1,4;NO;5,2
29/01/2018;1,4;NO;6,5
30/01/2018;1,7;S;4,0
31/01/2018;2,0;S;6,1
01/02/2018;4,5;S;12,1
02/02/2018;3,1;S;9,4
03/02/2018;3,8;N;11,1
04/02/2018;1,4;O;4,6
05/02/2018;1,9;NE;7,2
06/02/2018;3,2;NE;8,1
07/02/2018;2,6;N;6,5
08/02/2018;2,0;SO;8,5
09/02/2018;1,3;S;4,9
10/02/2018;4,2;NE;11,6
11/02/2018;2,6;N;7,6
12/02/2018;3,7;S;10,3
13/02/2018;4,6;N;11,3
14/02/2018;2,8;S;8,9
15/02/2018;1,7;NE;4,6
16/02/2018;1,1;E;3,2
17/02/2018;1,9;N;6,4
18/02/2018;4,0;S;10,1
19/02/2018;5,8;N;11,5
20/02/2018;5,1;N;11,5
21/02/2018;7,3;N;16,3
22/02/2018;5,7;N;12,6
23/02/2018;6,8;NE;14,1
24/02/2018;5,1;N;14,4
25/02/2018;5,5;N;14,8
26/02/2018;8,3;N;18,3
27/02/2018;5,1;N;11,1
28/02/2018;1,9;NE;6,2
01/03/2018;7,6;NE;60,0
02/03/2018;2,8;O;59,7
03/03/2018;0,0;S;0,0
04/03/2018;0,0;S;0,0
05/03/2018;0,0;S;0,0
06/03/2018;0,0;S;0,0
07/03/2018;0,0;S;0,0
08/03/2018;1,5;S;11,6
09/03/2018;2,0;S;6,0
10/03/2018;2,8;S;7,6
11/03/2018;3,2;SE;12,3
12/03/2018;3,9;S;11,9
13/03/2018;4,4;SO;12,9
14/03/2018;2,3;SO;7,3
15/03/2018;4,0;S;13,5
16/03/2018;2,3;S;9,3
17/03/2018;3,0;S;12,3
18/03/2018;2,9;S;10,8
19/03/2018;2,0;S;6,1
20/03/2018;3,9;SE;11,4
21/03/2018;8,1;N;17,0
22/03/2018;7,3;N;17,0
23/03/2018;3,7;N;11,3
24/03/2018;1,5;S;6,0
25/03/2018;3,4;N;11,0
26/03/2018;3,1;N;8,4
27/03/2018;2,1;O;7,4
28/03/2018;2,0;S;6,4
29/03/2018;4,5;S;10,2
30/03/2018;4,8;S;14,1
31/03/2018;4,4;S;11,9
01/04/2018;3,5;S;10,5
02/04/2018;2,2;S;7,8
03/04/2018;2,5;S;7,9
04/04/2018;3,8;S;10,1
05/04/2018;2,7;S;9,2
06/04/2018;1,4;NO;6,0
07/04/2018;1,7;S;5,4
08/04/2018;2,1;E;7,8
09/04/2018;2,9;SO;7,3
10/04/2018;2,9;SO;9,6
11/04/2018;1,6;E;5,4
12/04/2018;2,1;S;9,0
13/04/2018;1,8;S;6,1
14/04/2018;3,1;NE;8,9
15/04/2018;3,7;N;10,0
16/04/2018;2,4;N;8,7
17/04/2018;2,9;O;9,5
18/04/2018;3,6;S;10,5
19/04/2018;3,6;NE;9,1
20/04/2018;3,8;NE;9,4
21/04/2018;2,3;NE;7,9
22/04/2018;1,8;S;7,2
23/04/2018;2,0;S;7,1
24/04/2018;1,7;S;5,0
25/04/2018;1,8;E;6,7
26/04/2018;1,7;O;6,0
27/04/2018;1,8;E;5,9
28/04/2018;1,7;NE;7,4
29/04/2018;2,4;S;8,6
30/04/2018;2,5;SO;8,6
01/05/2018;1,5;S;4,3
02/05/2018;2,8;N;7,3
03/05/2018;3,8;N;10,2
04/05/2018;4,0;N;9,6
05/05/2018;2,1;S;10,0
06/05/2018;1,8;N;7,0
07/05/2018;1,8;O;6,8
08/05/2018;1,5;S;8,0
09/05/2018;1,3;N;4,5
10/05/2018;1,8;S;6,5
11/05/2018;1,8;O;7,0
12/05/2018;1,7;SO;5,7
13/05/2018;2,3;O;10,1
14/05/2018;2,1;O;9,6
15/05/2018;2,1;S;8,6
16/05/2018;1,8;S;6,0
17/05/2018;1,4;S;5,0
18/05/2018;1,7;NE;5,8
19/05/2018;2,0;NE;7,9
20/05/2018;2,3;NE;8,6
21/05/2018;2,0;NE;6,4
22/05/2018;2,0;N;6,7
23/05/2018;1,7;S;8,3
24/05/2018;1,8;O;7,3
25/05/2018;1,5;NO;5,6
26/05/2018;1,3;NO;4,9
27/05/2018;1,5;S;5,8
28/05/2018;1,7;S;5,9
29/05/2018;1,5;NE;4,6
30/05/2018;1,4;NE;5,8
31/05/2018;1,9;O;6,1
01/06/2018;1,9;SO;6,9
02/06/2018;1,6;E;5,8
03/06/2018;1,5;NE;5,2
04/06/2018;2,3;NE;9,0
05/06/2018;2,0;SO;7,3
06/06/2018;1,6;SO;5,8
07/06/2018;1,5;SO;7,7
08/06/2018;1,8;S;6,9
09/06/2018;2,8;SO;8,9
10/06/2018;1,7;S;6,5
11/06/2018;1,5;E;5,3
12/06/2018;2,3;SO;7,9
13/06/2018;1,9;SO;7,2
14/06/2018;3,0;E;8,3
15/06/2018;3,7;N;9,9
16/06/2018;2,8;N;8,4
17/06/2018;1,7;SO;6,7
18/06/2018;2,9;SO;9,0
19/06/2018;3,4;N;10,3
20/06/2018;1,9;N;6,2
21/06/2018;2,0;E;7,5
22/06/2018;2,1;S;6,4
23/06/2018;2,7;N;8,0
24/06/2018;1,5;S;4,6
25/06/2018;2,4;SO;8,7
26/06/2018;4,4;N;12,2
27/06/2018;2,3;N;7,6
28/06/2018;1,7;SO;6,8
29/06/2018;2,0;O;7,7
30/06/2018;1,6;O;6,8
01/07/2018;1,8;NE;6,6
02/07/2018;1,9;SE;7,0
03/07/2018;1,6;E;6,7
04/07/2018;1,6;NO;6,8
05/07/2018;1,9;E;7,0
06/07/2018;1,9;SO;7,3
07/07/2018;1,3;NO;7,6
08/07/2018;1,4;S;5,8
09/07/2018;1,5;S;7,7
10/07/2018;1,9;E;7,4
11/07/2018;2,4;S;8,4
12/07/2018;1,6;O;6,2
13/07/2018;1,6;O;6,2
14/07/2018;1,5;SE;5,5
15/07/2018;1,9;E;7,8
16/07/2018;1,8;E;11,3
17/07/2018;1,8;E;7,3
18/07/2018;1,7;O;7,0
19/07/2018;1,7;SE;6,3
20/07/2018;1,6;O;7,3
21/07/2018;2,5;SE;9,6
22/07/2018;2,2;NE;7,9
23/07/2018;2,6;SO;9,5
24/07/2018;2,1;N;8,1
25/07/2018;1,9;O;7,0
26/07/2018;1,3;SO;6,9
27/07/2018;1,7;SE;8,0
28/07/2018;2,0;SO;8,5
29/07/2018;1,6;SE;7,8
30/07/2018;1,6;O;6,0
31/07/2018;1,7;NO;8,0
01/08/2018;1,7;SO;6,4
02/08/2018;1,7;O;9,3
03/08/2018;3,7;NE;11,3
04/08/2018;2,5;NE;8,1
05/08/2018;2,3;N;7,2
06/08/2018;1,7;O;7,0
07/08/2018;1,7;S;10,5
08/08/2018;1,6;SO;6,2
09/08/2018;1,6;S;5,6
10/08/2018;1,8;S;7,7
11/08/2018;1,8;SE;10,2
12/08/2018;1,5;SO;5,6
13/08/2018;1,8;SO;16,0
14/08/2018;1,7;S;7,4
15/08/2018;4,3;N;9,9
16/08/2018;3,2;N;8,0
17/08/2018;1,6;NE;4,9
18/08/2018;1,4;O;5,5
19/08/2018;2,6;SE;9,1
20/08/2018;2,1;N;8,4
21/08/2018;2,1;E;15,9
22/08/2018;1,8;S;19,7
23/08/2018;1,4;S;9,0
24/08/2018;1,4;O;6,8
25/08/2018;1,6;SO;17,9
26/08/2018;4,2;SO;10,9
27/08/2018;2,9;N;8,4
28/08/2018;2,3;N;6,0
29/08/2018;1,4;S;5,3
30/08/2018;1,3;SO;4,6
31/08/2018;1,8;SE;8,9
01/09/2018;1,4;SE;5,2
02/09/2018;1,5;E;8,5
03/09/2018;1,7;E;6,3
04/09/2018;1,5;S;5,6
05/09/2018;1,3;S;4,8
06/09/2018;1,5;E;10,5
07/09/2018;1,7;SE;6,3
08/09/2018;1,4;O;5,3
09/09/2018;1,3;SO;6,3
10/09/2018;1,1;E;3,7
11/09/2018;1,3;O;4,9
12/09/2018;1,4;O;5,6
13/09/2018;1,1;SO;3,5
14/09/2018;1,3;O;5,9
15/09/2018;1,4;SE;5,5
16/09/2018;1,4;O;6,1
17/09/2018;1,3;SO;7,9
18/09/2018;1,3;E;6,1
19/09/2018;1,3;S;6,1
20/09/2018;2,2;NE;10,5
21/09/2018;1,7;N;6,5
22/09/2018;1,3;S;4,4
23/09/2018;2,3;S;6,2
24/09/2018;3,2;S;11,7
25/09/2018;4,3;NE;11,2
26/09/2018;4,8;N;13,2
27/09/2018;1,6;S;5,7
28/09/2018;1,7;S;5,7
29/09/2018;2,2;O;8,0
30/09/2018;1,1;NE;4,6
01/10/2018;2,7;SE;8,1
02/10/2018;4,5;N;10,9
03/10/2018;2,3;E;6,6
04/10/2018;3,2;NE;7,7
05/10/2018;3,0;NE;8,0
06/10/2018;2,2;N;5,9
07/10/2018;1,2;S;5,5
08/10/2018;1,5;E;4,7
09/10/2018;2,2;NE;6,4
10/10/2018;1,1;NE;4,0
11/10/2018;1,1;E;4,5
12/10/2018;1,9;S;6,1
13/10/2018;1,7;NE;5,7
14/10/2018;1,3;O;5,0
15/10/2018;2,0;N;5,5
16/10/2018;1,8;N;4,6
17/10/2018;2,5;N;5,7
18/10/2018;2,4;N;7,3
19/10/2018;1,9;NE;4,9
20/10/2018;1,8;E;5,6
21/10/2018;3,0;E;11,5
22/10/2018;6,2;N;14,9
23/10/2018;3,8;N;12,5
24/10/2018;1,6;SO;7,0
25/10/2018;1,4;SO;5,7
26/10/2018;2,6;S;7,6
27/10/2018;5,8;S;14,0
28/10/2018;3,8;S;12,9
29/10/2018;4,8;SE;19,3
30/10/2018;3,8;S;11,8
31/10/2018;1,8;S;6,8
01/11/2018;1,7;SE;8,3
02/11/2018;1,6;S;5,7
03/11/2018;2,6;SE;7,2
04/11/2018;1,7;N;5,7
05/11/2018;1,8;NE;7,4
06/11/2018;1,4;SE;6,0
07/11/2018;2,0;SE;7,2
08/11/2018;1,2;S;4,0
09/11/2018;1,3;S;4,4
10/11/2018;1,1;E;3,9
11/11/2018;1,5;SE;4,6
12/11/2018;1,1;SE;3,7
13/11/2018;1,0;S;3,5
14/11/2018;1,6;E;6,6
15/11/2018;2,4;N;5,5
16/11/2018;4,2;NE;11,5
17/11/2018;4,4;N;9,9
18/11/2018;5,6;N;11,5
19/11/2018;3,8;NE;7,9
20/11/2018;4,5;N;11,3
21/11/2018;1,3;NE;4,2
22/11/2018;1,6;S;4,5
23/11/2018;2,3;NE;10,4
24/11/2018;2,9;S;12,0
25/11/2018;1,7;NE;5,7
26/11/2018;2,0;S;9,7
27/11/2018;3,6;N;10,6
28/11/2018;4,0;N;11,1
29/11/2018;1,9;N;8,8
30/11/2018;1,0;SE;3,5
01/12/2018;1,7;NE;4,1
02/12/2018;1,7;N;6,0
03/12/2018;2,7;S;6,8
04/12/2018;1,5;SO;5,3
05/12/2018;1,3;E;4,0
06/12/2018;1,8;S;5,8
07/12/2018;2,1;NE;6,1
08/12/2018;2,5;SO;13,3
09/12/2018;3,6;S;16,4
10/12/2018;1,7;S;5,9
11/12/2018;1,8;NO;6,5
12/12/2018;1,3;E;5,7
13/12/2018;3,7;SE;8,8
14/12/2018;6,5;N;12,5
15/12/2018;4,7;N;12,1
16/12/2018;1,4;SO;5,7
17/12/2018;4,6;NE;10,6
18/12/2018;2,1;N;7,7
19/12/2018;1,5;SE;5,8
20/12/2018;2,1;S;9,0
21/12/2018;2,8;SE;8,9
22/12/2018;2,3;S;7,8
23/12/2018;1,3;O;4,4
24/12/2018;1,9;S;4,8
25/12/2018;1,4;NE;5,0
26/12/2018;1,3;SO;3,7
27/12/2018;1,1;SE;3,6
28/12/2018;0,9;NE;2,9
29/12/2018;0,9;S;4,6
30/12/2018;1,4;NE;5,1
31/12/2018;1,4;N;5,5
01/01/2019;1,3;SE;3,8
02/01/2019;3,3;S;11,7
03/01/2019;2,0;N;6,7
04/01/2019;1,4;SE;5,2
05/01/2019;1,5;SE;4,4
06/01/2019;1,2;S;4,6
07/01/2019;1,3;O;4,9
08/01/2019;2,0;E;5,6
09/01/2019;2,2;NO;6,7
10/01/2019;2,9;N;9,0
11/01/2019;2,0;N;6,9
12/01/2019;1,5;E;5,5
13/01/2019;2,1;S;5,8
14/01/2019;1,8;SO;6,3
15/01/2019;2,0;N;8,5
16/01/2019;3,1;S;7,3
17/01/2019;3,0;S;9,0
18/01/2019;2,3;S;8,2
19/01/2019;2,2;NE;5,7
20/01/2019;1,4;N;4,2
21/01/2019;3,6;NE;9,4
22/01/2019;4,0;N;9,3
23/01/2019;2,0;NE;7,1
24/01/2019;6,2;NE;13,1
25/01/2019;5,8;N;14,7
26/01/2019;2,2;N;10,0
27/01/2019;3,6;S;10,3
28/01/2019;2,9;SO;11,5
29/01/2019;2,6;N;7,2
30/01/2019;1,7;S;6,1
31/01/2019;2,1;N;56,0
01/02/2019;6,4;S;15,6
02/02/2019;3,1;S;12,2
03/02/2019;2,0;S;6,8
04/02/2019;5,4;N;12,7
05/02/2019;5,6;N;12,7
06/02/2019;4,7;NE;11,8
07/02/2019;1,7;N;5,3
08/02/2019;1,5;S;6,4
09/02/2019;2,2;S;6,4
10/02/2019;3,8;S;10,4
11/02/2019;3,5;S;16,2
12/02/2019;1,8;N;6,2
13/02/2019;1,7;N;5,5
14/02/2019;1,4;N;3,9
15/02/2019;1,8;O;6,5
16/02/2019;1,9;N;5,9
17/02/2019;1,6;S;5,1
18/02/2019;1,3;NO;5,3
19/02/2019;1,1;O;4,9
20/02/2019;1,4;SO;6,1
21/02/2019;1,6;SO;5,3
22/02/2019;1,5;SO;5,7
23/02/2019;5,5;NE;17,3
24/02/2019;5,2;N;14,3
25/02/2019;4,7;NE;17,0
26/02/2019;2,5;N;10,3
27/02/2019;1,6;O;5,0
28/02/2019;1,9;SO;7,6
01/03/2019;1,6;S;4,7
02/03/2019;1,3;N;5,0
03/03/2019;2,2;E;6,7
04/03/2019;4,0;S;14,2
05/03/2019;3,7;SO;10,7
06/03/2019;2,6;S;8,3
07/03/2019;2,9;S;8,7
08/03/2019;2,7;SO;8,8
09/03/2019;2,3;S;10,1
10/03/2019;2,3;E;6,4
11/03/2019;3,8;S;17,7
12/03/2019;2,5;NE;10,0
13/03/2019;2,7;SO;7,9
14/03/2019;2,7;N;11,4
15/03/2019;3,0;SO;10,3
16/03/2019;2,3;E;8,5
17/03/2019;2,7;S;7,8
18/03/2019;3,5;SO;9,2
19/03/2019;6,4;N;13,2
20/03/2019;6,5;N;13,0
21/03/2019;6,0;N;13,2
22/03/2019;4,1;N;10,0
23/03/2019;3,3;N;7,5
24/03/2019;2,0;NE;7,7
25/03/2019;2,1;SO;10,2
26/03/2019;7,4;SE;17,1
27/03/2019;5,2;NE;12,6
28/03/2019;5,7;NE;12,7
29/03/2019;4,4;NE;9,8
30/03/2019;1,8;NE;6,0
31/03/2019;1,9;O;6,3
01/04/2019;1,8;SO;6,4
02/04/2019;1,5;S;7,0
03/04/2019;3,2;S;8,7
04/04/2019;4,4;S;12,4
05/04/2019;2,6;S;7,8
06/04/2019;1,5;S;5,2
07/04/2019;1,7;S;7,5
08/04/2019;2,7;O;9,1
09/04/2019;2,0;O;7,0
10/04/2019;1,5;O;6,3
11/04/2019;1,3;O;4,5
12/04/2019;2,6;NE;8,2
13/04/2019;3,4;N;8,3
14/04/2019;2,9;S;8,6
15/04/2019;4,7;N;12,9
16/04/2019;1,7;NO;8,6
17/04/2019;1,4;SO;7,0
18/04/2019;2,5;E;9,4
19/04/2019;2,9;NE;7,5
20/04/2019;2,1;NE;8,2
21/04/2019;2,2;NE;7,9
22/04/2019;2,9;NE;8,1
23/04/2019;3,8;E;11,5
24/04/2019;3,4;S;8,8
25/04/2019;1,5;SE;7,0
26/04/2019;2,0;S;9,2
27/04/2019;3,0;S;9,5
28/04/2019;2,7;S;11,1
29/04/2019;2,9;SE;11,9
30/04/2019;2,2;NO;7,7
01/05/2019;2,0;O;7,8
02/05/2019;2,2;S;7,5
03/05/2019;2,9;S;7,3
04/05/2019;1,8;E;5,7
05/05/2019;3,1;S;9,2
06/05/2019;3,8;N;12,1
07/05/2019;2,2;S;8,6
08/05/2019;2,9;S;8,4
09/05/2019;3,3;S;9,8
10/05/2019;2,1;NO;9,8
11/05/2019;2,3;O;8,6
12/05/2019;5,0;N;13,0
13/05/2019;7,0;N;17,4
14/05/2019;4,9;NE;12,1
15/05/2019;4,7;N;11,0
16/05/2019;2,4;NE;6,6
17/05/2019;2,2;S;7,8
18/05/2019;1,9;NE;8,3
19/05/2019;2,4;S;7,5
20/05/2019;2,5;SO;10,7
21/05/2019;2,5;S;6,4
22/05/2019;1,7;SE;6,7
23/05/2019;1,8;SE;7,3
24/05/2019;1,5;O;6,4
25/05/2019;1,8;E;6,3
26/05/2019;2,5;NE;7,3
27/05/2019;2,2;N;7,4
28/05/2019;1,8;SO;6,9
29/05/2019;2,3;E;7,7
30/05/2019;3,2;NE;8,9
31/05/2019;2,4;NE;7,5
01/06/2019;2,3;N;7,6
02/06/2019;2,2;SO;9,1
03/06/2019;2,2;O;8,3
04/06/2019;1,8;O;6,6
05/06/2019;1,9;E;6,2
06/06/2019;2,3;S;8,3
07/06/2019;2,3;S;8,3
08/06/2019;1,7;S;7,1
09/06/2019;1,9;E;8,0
10/06/2019;2,3;SE;7,7
11/06/2019;2,1;S;7,0
12/06/2019;2,0;S;8,2
13/06/2019;1,4;SO;5,8
14/06/2019;2,0;E;8,4
15/06/2019;2,1;S;7,0
16/06/2019;1,7;NO;5,6
17/06/2019;1,7;O;8,4
18/06/2019;1,6;N;6,7
19/06/2019;1,7;O;7,1
20/06/2019;1,6;SO;6,0
21/06/2019;2,0;E;7,3
22/06/2019;2,2;SE;9,7
23/06/2019;1,6;O;6,7
24/06/2019;2,0;SO;6,9
25/06/2019;2,6;NE;7,2
26/06/2019;3,1;NE;8,3
27/06/2019;1,6;NE;5,8
28/06/2019;1,6;O;6,2
29/06/2019;1,7;S;5,6
30/06/2019;1,6;NO;6,4
01/07/2019;1,6;SE;6,8
02/07/2019;1,4;N;6,1
03/07/2019;1,9;S;8,7
04/07/2019;1,4;N;7,0
05/07/2019;1,8;SO;6,7
06/07/2019;2,0;S;7,7
07/07/2019;2,0;S;7,1
08/07/2019;2,0;S;8,5
09/07/2019;1,9;SO;7,2
10/07/2019;3,5;N;12,0
11/07/2019;1,3;NE;6,7
12/07/2019;1,5;SO;6,5
13/07/2019;1,7;SE;15,1
14/07/2019;1,5;NE;5,4
15/07/2019;3,4;S;9,9
16/07/2019;4,1;N;10,9
17/07/2019;1,8;NE;7,3
18/07/2019;1,5;S;6,6
19/07/2019;1,4;SO;7,3
20/07/2019;1,6;E;6,8
21/07/2019;1,6;SO;6,8
22/07/2019;1,3;O;5,9
23/07/2019;1,4;O;5,9
24/07/2019;1,5;S;6,7
25/07/2019;1,5;NE;6,9
26/07/2019;2,1;SO;8,7
27/07/2019;2,3;S;10,0
28/07/2019;2,2;SE;7,5
29/07/2019;2,6;SO;7,9
30/07/2019;1,5;SO;5,8
31/07/2019;1,6;O;6,2
01/08/2019;1,4;NE;5,3
02/08/2019;2,2;SE;7,9
03/08/2019;1,8;NE;5,1
04/08/2019;1,5;SO;5,9
05/08/2019;1,4;O;6,0
06/08/2019;1,7;NE;5,5
07/08/2019;2,7;S;7,8
08/08/2019;1,6;S;6,7
09/08/2019;1,5;O;6,6
10/08/2019;1,5;O;6,3
11/08/2019;1,3;E;5,1
12/08/2019;1,4;SE;6,3
13/08/2019;1,9;SO;7,6
14/08/2019;2,0;O;6,1
15/08/2019;1,7;N;7,7
16/08/2019;1,4;SE;4,6
17/08/2019;1,6;SO;6,7
18/08/2019;1,4;SO;6,5
19/08/2019;1,6;E;5,6
20/08/2019;1,4;E;6,6
21/08/2019;1,4;S;5,4
22/08/2019;1,7;S;7,1
23/08/2019;2,3;SO;9,9
24/08/2019;1,5;N;6,9
25/08/2019;1,3;E;7,7
26/08/2019;1,7;N;9,6
27/08/2019;1,2;E;4,6
28/08/2019;1,4;S;6,5
29/08/2019;1,2;S;4,6
30/08/2019;1,1;NE;12,4
31/08/2019;1,3;SO;5,8
01/09/2019;1,2;SE;4,9
02/09/2019;1,5;S;8,5
03/09/2019;4,3;NE;11,5
04/09/2019;3,4;N;9,6
05/09/2019;1,3;S;6,1
06/09/2019;2,0;E;7,8
07/09/2019;1,7;NE;5,8
08/09/2019;3,1;SE;11,4
09/09/2019;2,1;S;7,9
10/09/2019;1,9;N;6,4
11/09/2019;2,1;NE;5,6
12/09/2019;3,3;NE;8,5
13/09/2019;2,0;N;7,6
14/09/2019;2,3;NE;7,2
15/09/2019;1,1;NE;4,2
16/09/2019;1,5;SE;5,9
17/09/2019;1,7;SE;7,2
18/09/2019;1,3;S;4,2
19/09/2019;2,6;E;9,2
20/09/2019;3,0;N;7,6
21/09/2019;1,3;N;4,1
22/09/2019;1,6;E;7,2
23/09/2019;2,0;NE;6,8
24/09/2019;1,5;O;5,8
25/09/2019;2,5;S;8,8
26/09/2019;1,4;SO;6,0
27/09/2019;1,2;O;4,5
28/09/2019;1,8;S;6,2
29/09/2019;1,7;SO;6,3
30/09/2019;2,4;S;8,0
01/10/2019;1,4;S;6,1
02/10/2019;2,4;S;14,4
03/10/2019;4,0;S;14,2
04/10/2019;1,3;NO;4,9
05/10/2019;1,4;S;5,4
06/10/2019;1,3;E;5,4
07/10/2019;3,6;S;10,8
08/10/2019;1,3;NE;4,4
09/10/2019;2,8;S;8,7
10/10/2019;2,1;S;9,3
11/10/2019;1,2;N;4,6
12/10/2019;1,3;E;5,8
13/10/2019;1,2;SE;3,8
14/10/2019;1,3;SE;5,1
15/10/2019;2,9;SE;10,4
16/10/2019;2,0;SO;7,8
17/10/2019;1,4;S;4,8
18/10/2019;1,3;SE;4,4
19/10/2019;2,2;S;6,3
20/10/2019;1,7;E;7,0
21/10/2019;1,6;S;6,4
22/10/2019;1,2;E;3,4
23/10/2019;1,3;NE;5,1
24/10/2019;1,7;E;7,4
25/10/2019;2,6;E;7,7
26/10/2019;1,3;NE;3,6
27/10/2019;1,3;SE;3,4
28/10/2019;1,0;E;3,8
29/10/2019;1,6;S;4,3
30/10/2019;0,9;N;3,4
31/10/2019;1,6;NE;4,9
01/11/2019;2,0;N;4,6
02/11/2019;3,2;S;9,5
03/11/2019;4,0;S;11,7
04/11/2019;3,8;SO;13,0
05/11/2019;3,9;S;12,3
06/11/2019;1,9;SO;10,4
07/11/2019;1,8;S;7,3
08/11/2019;1,9;S;7,8
09/11/2019;1,2;O;4,4
10/11/2019;1,5;SO;5,7
11/11/2019;1,8;NE;7,3
12/11/2019;3,1;N;10,9
13/11/2019;1,8;NE;8,6
14/11/2019;1,5;S;5,9
15/11/2019;3,0;SE;14,1
16/11/2019;2,8;S;9,7
17/11/2019;2,7;N;9,6
18/11/2019;2,3;S;6,7
19/11/2019;2,3;SE;7,8
20/11/2019;1,2;NE;3,7
21/11/2019;1,4;S;5,0
22/11/2019;1,6;E;6,0
23/11/2019;2,6;SE;9,5
24/11/2019;2,5;SE;8,3
25/11/2019;3,3;NE;9,5
26/11/2019;1,5;E;5,1
27/11/2019;3,8;S;12,4
28/11/2019;4,2;S;9,8
29/11/2019;3,5;SO;12,2
30/11/2019;1,4;S;5,4
01/12/2019;2,3;S;8,0
02/12/2019;3,4;S;9,5
03/12/2019;4,0;N;10,9
04/12/2019;3,0;NE;8,3
05/12/2019;1,7;NE;5,4
06/12/2019;1,2;NE;4,2
07/12/2019;2,0;S;6,6
08/12/2019;1,9;S;5,6
09/12/2019;3,1;S;12,2
10/12/2019;4,1;SE;11,7
11/12/2019;3,0;NE;11,7
12/12/2019;2,2;E;9,4
13/12/2019;3,5;SE;15,5
14/12/2019;1,7;NE;5,5
15/12/2019;2,5;S;6,9
16/12/2019;1,7;S;6,7
17/12/2019;2,6;E;10,2
18/12/2019;1,1;E;3,4
19/12/2019;1,5;N;5,3
20/12/2019;4,9;S;16,6
21/12/2019;4,8;S;16,9
22/12/2019;5,1;N;17,7
23/12/2019;2,1;SO;11,3
24/12/2019;1,9;S;6,5
25/12/2019;1,5;SO;6,1
26/12/2019;1,2;E;4,2
27/12/2019;1,5;S;4,5
28/12/2019;1,8;NE;7,0
29/12/2019;3,4;E;8,5
30/12/2019;2,4;N;6,7
31/12/2019;1,3;S;4,6
01/01/2020;1,0;E;4,7
02/01/2020;1,0;E;3,2
03/01/2020;1,5;S;4,1
04/01/2020;1,5;S;5,3
05/01/2020;1,2;NO;4,0
06/01/2020;1,1;S;4,7
07/01/2020;1,2;S;4,5
08/01/2020;1,7;N;7,1
09/01/2020;1,5;O;5,1
10/01/2020;1,6;S;4,7
11/01/2020;2,5;SE;8,0
12/01/2020;1,8;NE;5,3
13/01/2020;1,3;E;3,6
14/01/2020;1,1;S;3,1
15/01/2020;1,2;E;4,3
16/01/2020;1,3;S;4,0
17/01/2020;1,7;SO;5,9
18/01/2020;2,9;S;8,2
19/01/2020;3,2;N;9,4
20/01/2020;4,8;N;10,7
21/01/2020;3,4;NE;10,4
22/01/2020;1,1;NE;3,2
23/01/2020;1,3;S;3,6
24/01/2020;1,5;S;5,5
25/01/2020;1,6;E;4,8
26/01/2020;1,1;S;2,7
27/01/2020;2,2;S;5,3
28/01/2020;4,9;S;16,0
29/01/2020;3,7;SO;9,6
30/01/2020;1,6;S;5,0
31/01/2020;2,3;S;5,9
01/02/2020;2,9;S;8,3
02/02/2020;1,7;S;4,3
03/02/2020;1,4;S;4,7
04/02/2020;4,2;SE;13,5
05/02/2020;3,8;N;15,0
06/02/2020;2,9;N;9,6
07/02/2020;1,6;S;5,7
08/02/2020;1,1;S;4,6
09/02/2020;2,1;S;6,4
10/02/2020;5,0;S;15,9
11/02/2020;5,6;SO;15,4
12/02/2020;2,3;SO;7,0
13/02/2020;2,6;S;7,7
14/02/2020;2,9;S;12,0
15/02/2020;1,4;E;4,6
16/02/2020;1,4;O;4,8
17/02/2020;2,3;O;7,1
18/02/2020;1,9;S;5,8
19/02/2020;1,9;SO;10,0
20/02/2020;1,4;SE;5,2
21/02/2020;1,5;S;5,5
22/02/2020;1,5;NE;5,0
23/02/2020;2,5;S;9,2
24/02/2020;1,5;S;5,2
25/02/2020;3,3;S;10,9
26/02/2020;5,4;S;17,3
27/02/2020;3,8;NO;15,5
28/02/2020;2,6;SO;9,3
29/02/2020;3,1;SE;9,9
01/03/2020;5,1;S;12,9
02/03/2020;5,7;SO;16,4
03/03/2020;3,7;SO;15,1
04/03/2020;2,7;S;9,8
05/03/2020;3,0;E;12,1
06/03/2020;4,4;S;14,7
07/03/2020;3,1;NE;11,0
08/03/2020;2,6;N;7,1
09/03/2020;2,5;S;8,1
10/03/2020;2,9;N;8,3
11/03/2020;1,5;SO;6,3
12/03/2020;1,6;E;4,6
13/03/2020;2,0;S;5,5
14/03/2020;2,4;SO;10,3
15/03/2020;4,7;N;10,3
16/03/2020;1,4;NE;7,4
17/03/2020;1,4;O;5,9
18/03/2020;1,9;NO;6,3
19/03/2020;1,6;NE;6,3
20/03/2020;1,6;SE;6,6
21/03/2020;1,7;NE;6,8
22/03/2020;3,8;NE;10,3
23/03/2020;4,9;N;14,7
24/03/2020;4,3;N;13,6
25/03/2020;6,4;N;15,6
26/03/2020;8,9;N;16,4
27/03/2020;7,1;N;16,3
28/03/2020;3,1;NE;8,2
29/03/2020;1,8;O;6,7
30/03/2020;1,5;S;6,1
31/03/2020;5,0;N;11,5
01/04/2020;4,3;NE;12,1
02/04/2020;1,8;NE;7,7
03/04/2020;2,2;E;7,3
04/04/2020;4,2;N;11,5
05/04/2020;4,7;N;12,4
06/04/2020;3,9;NE;8,8
07/04/2020;2,9;E;9,2
08/04/2020;2,5;S;8,6
09/04/2020;1,9;E;7,2
10/04/2020;1,8;O;7,6
11/04/2020;2,0;S;7,2
12/04/2020;1,8;SO;7,2
13/04/2020;3,0;S;10,8
14/04/2020;1,9;N;10,2
15/04/2020;3,4;N;9,3
16/04/2020;1,9;S;6,5
17/04/2020;1,6;E;5,6
18/04/2020;1,7;SO;6,4
19/04/2020;1,5;O;5,6
20/04/2020;3,0;S;7,0
21/04/2020;5,3;N;10,5
22/04/2020;5,3;N;11,1
23/04/2020;3,9;NE;9,2
24/04/2020;2,2;E;7,6
25/04/2020;2,5;SO;8,7
26/04/2020;1,8;S;7,7
27/04/2020;1,8;E;7,0
28/04/2020;2,5;S;10,5
29/04/2020;4,4;SO;12,9
30/04/2020;2,4;SO;7,8
01/05/2020;3,5;S;12,4
02/05/2020;2,7;O;11,5
03/05/2020;2,9;E;9,5
04/05/2020;1,7;SE;6,4
05/05/2020;2,1;NE;8,1
06/05/2020;2,4;S;8,5
07/05/2020;1,9;NE;6,3
08/05/2020;1,7;S;7,9
09/05/2020;2,3;E;7,0
10/05/2020;2,1;E;7,9
11/05/2020;3,2;S;10,6
12/05/2020;2,2;SO;8,3
13/05/2020;2,3;S;9,3
14/05/2020;2,3;SO;9,3
15/05/2020;2,5;S;7,9
16/05/2020;2,0;E;7,0
17/05/2020;2,6;N;6,4
18/05/2020;3,9;N;11,4
19/05/2020;2,6;N;10,3
20/05/2020;4,6;NO;11,3
21/05/2020;3,5;N;10,5
22/05/2020;1,7;S;6,6
23/05/2020;2,2;S;8,6
24/05/2020;2,3;S;8,7
25/05/2020;1,6;E;5,7
26/05/2020;1,7;S;6,5
27/05/2020;2,4;SE;9,4
28/05/2020;1,8;O;7,6
29/05/2020;2,3;SO;7,5
30/05/2020;2,1;NE;8,6
31/05/2020;1,6;S;5,8
01/06/2020;1,9;NO;7,1
02/06/2020;1,9;NE;7,7
03/06/2020;2,2;SO;8,6
04/06/2020;5,1;S;15,2
05/06/2020;2,7;SO;8,1
06/06/2020;2,1;O;8,7
07/06/2020;2,8;S;7,9
08/06/2020;1,9;S;7,3
09/06/2020;1,4;SO;9,0
10/06/2020;1,5;S;8,2
11/06/2020;1,8;S;7,0
12/06/2020;1,6;S;5,2
13/06/2020;1,9;S;13,3
14/06/2020;2,3;S;6,6
15/06/2020;1,9;O;7,1
16/06/2020;1,5;O;6,5
17/06/2020;2,5;S;9,0
18/06/2020;2,1;SO;8,8
19/06/2020;2,0;S;7,4
20/06/2020;1,7;SO;6,8
21/06/2020;1,5;O;5,8
22/06/2020;1,3;NO;4,4
23/06/2020;1,5;SO;5,7
24/06/2020;1,5;SE;6,0
25/06/2020;1,6;SO;6,0
26/06/2020;1,5;S;5,8
27/06/2020;1,7;E;6,7
28/06/2020;1,6;SE;7,0
29/06/2020;1,8;SO;8,0
30/06/2020;1,6;SE;7,1
01/07/2020;1,5;O;5,9
02/07/2020;1,7;O;6,8
03/07/2020;1,9;S;6,7
04/07/2020;3,0;E;8,4
05/07/2020;2,1;NO;7,7
06/07/2020;1,7;N;7,4
07/07/2020;3,6;O;9,4
08/07/2020;1,6;N;5,3
09/07/2020;1,5;NO;6,3
10/07/2020;1,6;O;6,0
11/07/2020;1,8;SO;7,1
12/07/2020;3,6;N;9,1
13/07/2020;3,6;NE;10,1
14/07/2020;3,0;N;8,2
15/07/2020;1,7;SE;8,5
16/07/2020;1,5;S;6,1
17/07/2020;1,4;SO;10,1
18/07/2020;1,7;S;6,9
19/07/2020;1,7;S;6,7
20/07/2020;1,6;O;7,1
21/07/2020;1,6;O;7,2
22/07/2020;1,5;O;6,2
23/07/2020;1,5;E;7,0
24/07/2020;1,9;SE;13,9
25/07/2020;1,7;N;5,2
26/07/2020;1,7;S;7,7
27/07/2020;1,4;SE;7,2
28/07/2020;1,4;E;7,4
29/07/2020;1,5;SO;6,6
30/07/2020;1,3;NE;6,5
31/07/2020;1,9;NE;7,7
01/08/2020;1,4;O;6,0
02/08/2020;1,8;NO;6,9
03/08/2020;2,5;NO;11,1
04/08/2020;2,4;S;8,0
05/08/2020;4,3;N;10,5
06/08/2020;4,4;NE;10,7
07/08/2020;4,0;N;10,2
08/08/2020;3,6;N;10,2
09/08/2020;2,0;NE;5,8
10/08/2020;1,5;NE;7,1
11/08/2020;1,8;O;6,4
12/08/2020;1,5;SO;6,2
13/08/2020;1,6;E;6,3
14/08/2020;1,8;S;7,8
15/08/2020;1,6;SO;7,7
16/08/2020;1,4;SE;6,9
17/08/2020;1,8;SE;8,6
18/08/2020;1,6;S;7,2
19/08/2020;1,6;SO;6,7
20/08/2020;1,3;N;6,4
21/08/2020;1,5;E;5,9
22/08/2020;1,8;E;6,8
23/08/2020;1,6;E;6,1
24/08/2020;2,0;N;9,9
25/08/2020;1,6;E;5,7
26/08/2020;1,7;SO;8,0
27/08/2020;1,6;SE;6,8
28/08/2020;1,7;SO;6,7
29/08/2020;3,5;SE;13,1
30/08/2020;2,9;S;15,2
31/08/2020;1,6;SE;7,6
01/09/2020;1,5;SE;7,0
02/09/2020;1,4;E;5,6
03/09/2020;1,3;E;4,4
04/09/2020;1,2;SO;5,3
05/09/2020;1,5;E;6,1
06/09/2020;1,5;NO;5,1
07/09/2020;1,3;S;4,0
08/09/2020;3,2;N;8,8
09/09/2020;1,5;NE;5,5
10/09/2020;1,2;E;4,9
11/09/2020;2,6;N;8,2
12/09/2020;3,3;NE;8,0
13/09/2020;3,3;NE;8,3
14/09/2020;3,4;N;8,5
15/09/2020;2,8;NE;7,1
16/09/2020;1,6;N;4,6
17/09/2020;2,9;SO;8,8
18/09/2020;3,6;N;8,1
19/09/2020;1,2;N;3,6
20/09/2020;1,6;NO;10,7
21/09/2020;1,3;NE;5,8
22/09/2020;1,3;SE;6,8
23/09/2020;1,8;S;5,5
24/09/2020;2,1;SO;10,0
25/09/2020;3,7;O;16,5
26/09/2020;2,4;SO;9,0
27/09/2020;2,4;E;8,7
28/09/2020;1,6;NE;6,4
29/09/2020;1,3;S;4,9
30/09/2020;1,4;E;4,5
01/10/2020;1,7;S;6,4
02/10/2020;4,6;S;12,9
03/10/2020;3,1;S;14,1
04/10/2020;4,0;S;11,4
05/10/2020;2,4;SO;8,9
06/10/2020;2,6;SO;11,5
07/10/2020;3,3;S;9,3
08/10/2020;1,3;NE;4,2
09/10/2020;1,1;SO;4,1
10/10/2020;1,2;SO;3,9
11/10/2020;2,0;S;9,3
12/10/2020;4,8;N;11,4
13/10/2020;1,9;N;5,8
14/10/2020;1,7;SO;6,1
15/10/2020;2,2;E;7,7
16/10/2020;1,3;S;4,6
17/10/2020;1,2;S;4,7
18/10/2020;1,1;S;4,1
19/10/2020;1,1;SE;4,4
20/10/2020;1,1;SE;3,6
21/10/2020;1,3;S;5,0
22/10/2020;1,7;S;6,0
23/10/2020;2,8;S;8,3
24/10/2020;1,9;S;9,0
25/10/2020;1,6;SO;6,3
26/10/2020;4,3;S;14,6
27/10/2020;2,2;SO;9,2
28/10/2020;1,3;SE;5,0
29/10/2020;1,6;SE;8,2
30/10/2020;0,9;O;3,7
31/10/2020;0,9;SE;4,1
01/11/2020;1,4;SE;4,4
02/11/2020;1,3;S;4,2
03/11/2020;1,5;S;5,0
04/11/2020;1,1;S;4,1
05/11/2020;3,1;N;7,8
06/11/2020;2,2;N;5,4
07/11/2020;1,2;N;3,5
08/11/2020;1,0;S;3,6
09/11/2020;1,1;E;3,5
10/11/2020;0,9;NE;3,3
11/11/2020;1,3;N;3,7
12/11/2020;1,5;S;8,0
13/11/2020;1,3;S;3,6
14/11/2020;1,0;NE;3,3
15/11/2020;1,1;N;4,8
16/11/2020;2,6;S;9,3
17/11/2020;5,6;N;14,1
18/11/2020;2,0;N;6,1
19/11/2020;1,5;E;5,7
20/11/2020;5,9;S;16,0
21/11/2020;6,1;N;14,8
22/11/2020;3,9;N;12,1
23/11/2020;1,1;SO;3,8
24/11/2020;2,0;NE;5,5
25/11/2020;1,0;NE;3,7
26/11/2020;1,0;E;2,9
27/11/2020;1,0;SE;5,2
28/11/2020;2,0;S;5,7
29/11/2020;3,9;N;10,2
30/11/2020;2,0;N;5,3
01/12/2020;1,7;N;6,3
02/12/2020;2,4;N;9,2
03/12/2020;1,4;N;4,8
04/12/2020;4,1;S;13,7
05/12/2020;4,9;S;17,5
06/12/2020;2,4;S;8,5
07/12/2020;2,7;S;11,1
08/12/2020;2,2;SE;7,6
09/12/2020;1,6;S;4,7
10/12/2020;1,2;SE;4,3
11/12/2020;1,2;NE;3,4
12/12/2020;1,5;S;4,0
13/12/2020;1,7;N;4,9
14/12/2020;1,0;N;2,9
15/12/2020;1,1;S;3,4
16/12/2020;1,4;S;5,4
17/12/2020;1,1;S;4,2
18/12/2020;0,9;S;3,3
19/12/2020;1,1;S;3,8
20/12/2020;1,0;E;3,0
21/12/2020;1,2;E;3,8
22/12/2020;1,8;S;4,1
23/12/2020;2,6;SO;6,1
24/12/2020;3,8;S;10,4
25/12/2020;4,1;SO;12,6
26/12/2020;5,6;NE;14,8
27/12/2020;3,6;N;12,1
28/12/2020;5,1;S;16,1
29/12/2020;3,0;SO;16,2
30/12/2020;1,6;S;5,6
31/12/2020;1,6;E;6,7
01/01/2021;2,4;S;9,0
02/01/2021;3,4;SE;11,5
03/01/2021;2,0;S;8,3
04/01/2021;1,4;SE;5,4
05/01/2021;1,9;E;6,8
06/01/2021;2,0;S;8,7
07/01/2021;1,5;S;4,3
08/01/2021;3,2;N;7,0
09/01/2021;4,7;N;8,8
10/01/2021;6,7;N;13,0
11/01/2021;6,3;N;14,4
12/01/2021;2,7;N;10,1
13/01/2021;1,9;S;7,6
14/01/2021;1,8;S;5,8
15/01/2021;3,2;NE;7,4
16/01/2021;2,2;N;9,2
17/01/2021;2,3;S;9,7
18/01/2021;1,3;NE;5,7
19/01/2021;1,8;S;5,9
20/01/2021;3,0;S;10,5
21/01/2021;3,5;S;10,3
22/01/2021;6,5;S;13,6
23/01/2021;6,6;S;17,8
24/01/2021;3,3;SO;12,9
25/01/2021;3,7;S;13,8
26/01/2021;1,3;NE;4,4
27/01/2021;1,2;NE;4,8
28/01/2021;1,9;S;6,0
29/01/2021;3,3;S;12,5
30/01/2021;2,7;SO;9,5
31/01/2021;2,3;S;10,1
01/02/2021;1,3;E;6,3
02/02/2021;1,4;N;5,3
03/02/2021;3,8;S;10,7
04/02/2021;2,5;S;7,2
05/02/2021;1,3;S;5,8
06/02/2021;1,4;S;5,9
07/02/2021;2,6;NE;11,6
08/02/2021;4,3;SO;15,0
09/02/2021;3,1;S;10,8
10/02/2021;4,1;S;14,3
11/02/2021;1,8;SO;6,8
12/02/2021;3,1;NE;7,1
13/02/2021;9,5;N;57,9
14/02/2021;5,8;N;16,6
15/02/2021;1,4;N;4,7
16/02/2021;2,6;S;5,3
17/02/2021;2,4;S;6,0
18/02/2021;1,4;S;4,6
19/02/2021;2,1;S;6,1
20/02/2021;1,4;S;4,6
21/02/2021;1,5;NE;6,3
22/02/2021;1,4;SE;5,0
23/02/2021;0,9;O;3,4
24/02/2021;1,2;N;4,6
25/02/2021;1,3;SO;4,6
26/02/2021;1,2;E;4,5
27/02/2021;1,8;S;7,1
28/02/2021;4,4;N;9,9
01/03/2021;2,5;NE;7,3
02/03/2021;2,1;NE;6,3
03/03/2021;1,5;NE;5,9
04/03/2021;2,1;S;7,2
05/03/2021;1,9;SO;5,9
06/03/2021;3,0;SE;8,5
07/03/2021;1,4;NE;5,0
08/03/2021;1,5;NE;6,1
09/03/2021;3,8;N;10,3
10/03/2021;3,3;N;8,7
11/03/2021;2,9;S;8,4
12/03/2021;3,2;SO;9,8
13/03/2021;3,2;SO;11,8
14/03/2021;4,6;SO;15,6
15/03/2021;2,5;S;11,5
16/03/2021;2,3;S;11,3
17/03/2021;1,4;O;5,5
18/03/2021;2,7;E;8,8
19/03/2021;2,5;E;9,0
20/03/2021;4,9;N;11,8
21/03/2021;6,5;N;13,5
22/03/2021;4,4;N;13,4
23/03/2021;2,7;S;11,5
24/03/2021;2,1;S;7,9
25/03/2021;1,6;SO;7,3
26/03/2021;1,3;SO;4,7
27/03/2021;2,0;SE;6,5
28/03/2021;1,6;E;9,5
29/03/2021;1,5;O;6,4
30/03/2021;1,6;SO;6,6
31/03/2021;1,7;N;7,7
01/04/2021;2,1;SO;8,4
02/04/2021;1,8;S;7,6
03/04/2021;1,9;S;10,0
04/04/2021;3,4;N;11,3
05/04/2021;2,6;N;8,4
06/04/2021;4,0;S;15,7
07/04/2021;2,9;N;11,8
08/04/2021;2,5;S;9,8
09/04/2021;2,6;S;7,3
10/04/2021;2,7;S;9,0
11/04/2021;4,4;E;12,4
12/04/2021;3,6;S;10,2
13/04/2021;3,6;SO;9,2
14/04/2021;1,8;NE;7,3
15/04/2021;1,5;SE;5,7
16/04/2021;2,8;N;8,2
17/04/2021;4,2;NE;10,3
18/04/2021;2,7;N;8,1
19/04/2021;2,5;N;9,3
20/04/2021;2,1;SO;8,6
21/04/2021;2,0;S;7,3
22/04/2021;1,9;SO;7,5
23/04/2021;2,7;NE;7,8
24/04/2021;2,5;NE;7,1
25/04/2021;2,0;S;8,0
26/04/2021;2,0;E;7,8
27/04/2021;2,1;NE;5,1
28/04/2021;2,0;N;4,5
29/04/2021;3,1;S;7,2
30/04/2021;1,7;S;6,8
01/05/2021;2,5;NE;8,4
02/05/2021;4,7;SO;17,7
03/05/2021;1,6;E;6,6
04/05/2021;2,8;SE;8,0
05/05/2021;3,5;S;12,3
06/05/2021;3,0;SE;10,9
07/05/2021;2,8;SE;12,5
08/05/2021;1,4;N;5,3
09/05/2021;1,9;SO;7,1
10/05/2021;2,6;S;7,9
11/05/2021;2,4;E;10,5
12/05/2021;3,6;S;11,4
13/05/2021;2,9;S;10,8
14/05/2021;2,7;SO;11,5
15/05/2021;2,6;SE;10,2
16/05/2021;3,2;S;8,5
17/05/2021;3,4;S;10,5
18/05/2021;2,4;S;10,0
19/05/2021;3,0;SO;10,9
20/05/2021;1,6;E;6,6
21/05/2021;2,7;E;10,7
22/05/2021;3,4;S;9,2
23/05/2021;2,5;S;7,9
24/05/2021;2,2;NO;8,5
25/05/2021;3,0;SO;12,2
26/05/2021;1,7;O;7,3
27/05/2021;1,8;O;8,2
28/05/2021;1,6;NO;5,4
29/05/2021;1,6;N;6,3
30/05/2021;2,7;N;8,0
31/05/2021;1,6;NE;6,1
01/06/2021;1,7;SE;6,7
02/06/2021;1,5;S;6,4
03/06/2021;1,5;E;7,8
04/06/2021;1,6;E;6,5
05/06/2021;1,6;E;7,2
06/06/2021;1,7;S;7,0
07/06/2021;1,5;NO;5,9
08/06/2021;1,6;O;7,8
09/06/2021;2,3;NO;7,8
10/06/2021;1,8;N;9,6
11/06/2021;1,5;NE;6,6
12/06/2021;1,7;O;6,5
13/06/2021;2,0;SO;6,8
14/06/2021;1,4;SO;6,8
15/06/2021;1,5;S;5,8
16/06/2021;1,5;NE;6,4
17/06/2021;1,6;SE;6,7
18/06/2021;1,6;E;6,9
19/06/2021;1,4;SO;5,0
20/06/2021;1,5;NE;5,1
21/06/2021;1,9;S;6,9
22/06/2021;1,5;SO;6,3
23/06/2021;1,6;SO;8,3
24/06/2021;1,7;SE;8,1
25/06/2021;1,7;SO;6,7
26/06/2021;1,5;O;6,4
27/06/2021;1,3;SO;5,7
28/06/2021;1,5;E;6,1
29/06/2021;1,8;S;6,8
30/06/2021;2,5;S;10,2
01/07/2021;2,5;SO;12,9
02/07/2021;1,7;SO;7,2
03/07/2021;1,6;S;6,6
04/07/2021;1,6;O;6,7
05/07/2021;1,8;SO;6,3
06/07/2021;1,5;SO;5,1
07/07/2021;1,8;SE;6,6
08/07/2021;2,5;E;9,9
09/07/2021;2,0;S;7,4
10/07/2021;1,8;E;7,0
11/07/2021;1,7;O;6,6
12/07/2021;1,6;N;6,7
13/07/2021;2,0;E;8,8
14/07/2021;2,5;S;9,0
15/07/2021;1,6;SE;5,3
16/07/2021;1,8;SO;6,3
17/07/2021;2,4;N;8,9
18/07/2021;3,6;N;12,7
19/07/2021;3,2;N;9,3
20/07/2021;1,7;SO;7,2
21/07/2021;1,6;S;6,5
22/07/2021;1,7;O;8,1
23/07/2021;1,5;O;6,3
24/07/2021;1,7;O;9,7
25/07/2021;3,0;S;10,2
26/07/2021;2,5;S;10,2
27/07/2021;2,8;S;10,2
28/07/2021;1,9;S;8,2
29/07/2021;1,6;NE;7,2
30/07/2021;1,6;S;6,7
31/07/2021;2,2;NE;7,3
01/08/2021;3,2;S;13,5
02/08/2021;2,3;SO;9,6
03/08/2021;1,9;O;8,9
04/08/2021;1,8;SE;7,4
05/08/2021;3,7;SO;12,0
06/08/2021;1,9;S;8,8
07/08/2021;2,6;SO;8,1
08/08/2021;2,4;S;8,3
09/08/2021;1,7;S;6,8
10/08/2021;1,5;N;5,9
11/08/2021;1,6;N;6,5
12/08/2021;1,4;NO;6,7
13/08/2021;1,4;SE;6,4
14/08/2021;1,5;SO;6,5
15/08/2021;1,7;E;7,3
16/08/2021;1,9;SO;8,4
17/08/2021;1,7;NO;6,3
18/08/2021;2,2;O;7,6
19/08/2021;1,5;N;6,0
20/08/2021;1,5;O;7,8
21/08/2021;1,6;SO;6,7
22/08/2021;1,8;SO;6,8
23/08/2021;1,8;SO;7,4
24/08/2021;2,7;NE;9,1
25/08/2021;2,7;N;7,8
26/08/2021;2,2;NE;9,7
27/08/2021;2,1;SO;7,9
28/08/2021;2,9;E;8,2
29/08/2021;2,3;N;7,1
30/08/2021;1,8;S;7,0
31/08/2021;1,4;S;5,6
01/09/2021;1,6;SE;6,3
02/09/2021;1,3;O;5,4
03/09/2021;1,2;S;4,5
04/09/2021;1,8;E;7,3
05/09/2021;2,5;NE;8,4
06/09/2021;3,1;N;8,3
07/09/2021;2,6;N;7,1
08/09/2021;1,9;N;6,5
09/09/2021;1,4;E;6,4
10/09/2021;1,5;S;6,5
11/09/2021;1,7;SO;6,6
12/09/2021;1,6;O;7,4
13/09/2021;1,7;SO;7,2
14/09/2021;1,4;O;7,1
15/09/2021;1,8;SE;7,1
16/09/2021;2,3;S;8,4
17/09/2021;2,4;S;10,3
18/09/2021;2,0;SO;7,4
19/09/2021;2,4;S;10,1
20/09/2021;1,6;SO;5,6
21/09/2021;2,4;SE;7,3
22/09/2021;1,8;O;6,0
23/09/2021;1,4;NE;5,1
24/09/2021;1,5;S;6,3
25/09/2021;1,1;E;5,0
26/09/2021;2,2;SE;16,4
27/09/2021;1,5;NE;6,2
28/09/2021;1,5;O;5,4
29/09/2021;1,5;S;6,3
30/09/2021;2,5;SE;7,8
01/10/2021;1,4;SO;5,0
02/10/2021;1,3;S;8,3
03/10/2021;1,8;S;8,0
04/10/2021;2,2;SE;8,9
05/10/2021;2,7;S;9,3
06/10/2021;2,9;S;10,7
07/10/2021;5,9;N;15,1
08/10/2021;6,3;N;14,5
09/10/2021;5,7;N;12,2
10/10/2021;4,3;N;11,3
11/10/2021;4,0;N;14,0
12/10/2021;1,1;N;5,4
13/10/2021;2,3;SE;10,3
14/10/2021;3,5;N;11,8
15/10/2021;3,0;N;10,1
16/10/2021;3,2;N;9,3
17/10/2021;1,7;NE;4,8
18/10/2021;1,2;E;4,8
19/10/2021;1,2;NO;4,5
20/10/2021;1,8;SO;5,2
21/10/2021;3,1;S;9,2
22/10/2021;1,2;S;6,8
23/10/2021;2,2;E;6,2
24/10/2021;4,5;N;10,0
25/10/2021;2,8;N;6,5
26/10/2021;2,2;N;5,4
27/10/2021;3,3;N;9,9
28/10/2021;2,1;NE;6,8
29/10/2021;1,1;N;3,8
30/10/2021;1,2;E;4,3
31/10/2021;1,3;E;5,7
01/11/2021;2,1;NE;9,1
02/11/2021;3,7;SO;12,0
03/11/2021;2,9;S;13,9
04/11/2021;2,6;SO;10,3
05/11/2021;3,0;SE;8,8
06/11/2021;6,5;N;12,4
07/11/2021;3,3;N;11,9
08/11/2021;3,6;SE;10,9
09/11/2021;4,6;N;11,3
10/11/2021;2,5;NE;6,0
11/11/2021;1,6;NE;5,8
12/11/2021;1,1;S;3,6
13/11/2021;1,4;S;10,4
14/11/2021;1,7;S;6,0
15/11/2021;2,8;NE;7,4
16/11/2021;3,9;N;9,1
17/11/2021;2,0;N;5,3
18/11/2021;2,4;NE;6,1
19/11/2021;1,1;N;3,6
20/11/2021;1,0;S;4,4
21/11/2021;1,5;O;4,8
22/11/2021;1,9;E;4,9
23/11/2021;4,4;N;9,6
24/11/2021;3,2;N;7,4
25/11/2021;1,6;N;5,9
26/11/2021;2,0;S;7,0
27/11/2021;3,5;S;12,0
28/11/2021;3,1;S;11,3
29/11/2021;2,8;S;11,9
30/11/2021;2,2;NE;6,9
01/12/2021;3,3;S;9,4
02/12/2021;2,0;S;6,2
03/12/2021;3,8;N;11,1
04/12/2021;3,1;NO;14,7
05/12/2021;4,3;SO;15,5
06/12/2021;4,5;N;12,3
07/12/2021;1,1;NO;4,1
08/12/2021;2,8;SE;14,2
09/12/2021;2,3;S;8,0
10/12/2021;2,3;N;7,1
11/12/2021;4,8;N;14,5
12/12/2021;1,8;N;6,5
13/12/2021;1,2;SO;5,6
14/12/2021;0,9;SO;3,1
15/12/2021;1,3;E;5,8
16/12/2021;2,6;N;8,0
17/12/2021;1,6;NO;5,7
18/12/2021;1,1;E;3,1
19/12/2021;1,3;S;5,8
20/12/2021;1,7;SO;6,0
21/12/2021;1,3;S;4,7
22/12/2021;1,4;SO;5,0
23/12/2021;1,7;E;5,0
24/12/2021;3,3;S;8,6
25/12/2021;2,9;S;6,8
26/12/2021;1,4;SO;5,4
27/12/2021;1,7;S;4,6
28/12/2021;2,3;SE;7,0
29/12/2021;1,2;SO;4,8
30/12/2021;0,9;SO;2,6
31/12/2021;1,3;O;3,9
01/01/2022;1,0;O;3,7
02/01/2022;1,4;SO;5,0
03/01/2022;2,0;S;5,0
04/01/2022;3,5;S;10,7
05/01/2022;4,0;S;15,0
06/01/2022;5,6;N;12,8
07/01/2022;3,3;N;9,3
08/01/2022;1,6;NE;4,5
09/01/2022;3,7;N;9,4
10/01/2022;5,4;N;14,3
11/01/2022;7,1;N;14,7
12/01/2022;7,0;N;16,7
13/01/2022;3,2;N;8,5
14/01/2022;1,2;O;3,6
15/01/2022;1,2;O;5,9
16/01/2022;1,7;O;6,0
17/01/2022;1,3;O;5,3
18/01/2022;0,9;N;3,0
19/01/2022;1,3;S;4,8
20/01/2022;1,8;S;5,3
21/01/2022;2,2;NE;7,6
22/01/2022;1,4;O;5,9
23/01/2022;1,1;E;3,0
24/01/2022;1,1;E;4,2
25/01/2022;1,0;SO;3,9
26/01/2022;1,5;SO;5,0
27/01/2022;1,6;SO;4,6
28/01/2022;1,9;S;5,5
29/01/2022;1,8;SO;6,5
30/01/2022;2,1;SO;9,4
31/01/2022;1,9;S;6,3
01/02/2022;2,5;N;9,6
02/02/2022;1,6;O;6,7
03/02/2022;1,7;S;5,3
04/02/2022;2,3;S;7,7
05/02/2022;1,2;S;3,8
06/02/2022;2,2;S;7,3
07/02/2022;3,7;N;13,8
08/02/2022;1,6;S;6,8
09/02/2022;2,8;S;9,7
10/02/2022;2,0;S;6,7
11/02/2022;1,8;S;5,1
12/02/2022;4,7;N;10,3
13/02/2022;1,9;S;4,9
14/02/2022;2,4;S;8,9
15/02/2022;2,8;SO;10,6
16/02/2022;1,4;NE;4,7
17/02/2022;2,0;S;7,7
18/02/2022;1,7;S;5,2
19/02/2022;2,7;S;6,5
20/02/2022;1,5;S;5,9
21/02/2022;3,1;S;13,3
22/02/2022;2,6;N;10,1
23/02/2022;1,1;S;4,6
24/02/2022;2,0;SO;7,7
25/02/2022;2,2;S;16,8
26/02/2022;6,9;N;17,3
27/02/2022;5,8;N;14,1
28/02/2022;3,2;N;8,4
01/03/2022;4,2;N;12,3
02/03/2022;1,5;O;6,2
03/03/2022;1,8;SO;6,4
04/03/2022;2,1;NE;7,4
05/03/2022;5,2;N;13,6
06/03/2022;4,3;N;12,0
07/03/2022;4,0;N;11,9
08/03/2022;3,7;N;13,5
09/03/2022;2,4;N;8,0
10/03/2022;1,5;O;5,7
11/03/2022;1,6;S;5,9
12/03/2022;2,3;NE;8,1
13/03/2022;1,6;NE;6,9
14/03/2022;1,3;E;5,4
15/03/2022;1,9;S;7,2
16/03/2022;1,7;S;5,3
17/03/2022;2,9;N;9,4
18/03/2022;4,6;N;10,9
19/03/2022;4,4;N;11,3
20/03/2022;3,2;N;9,3
21/03/2022;3,6;NE;8,3
22/03/2022;2,9;NE;6,8
23/03/2022;2,3;N;6,9
24/03/2022;1,7;SO;6,2
25/03/2022;1,5;O;6,8
26/03/2022;1,6;S;7,2
27/03/2022;2,6;NE;8,6
28/03/2022;2,1;NE;7,2
29/03/2022;1,9;S;6,8
30/03/2022;1,8;NE;4,9
31/03/2022;1,9;S;7,5
01/04/2022;4,0;SO;10,8
02/04/2022;2,1;S;11,0
03/04/2022;1,7;NE;6,1
04/04/2022;1,4;O;5,9
05/04/2022;1,6;O;7,0
06/04/2022;2,1;S;7,8
07/04/2022;3,3;SO;13,3
08/04/2022;3,5;SO;13,5
09/04/2022;4,9;SO;15,3
10/04/2022;2,5;N;12,4
11/04/2022;1,8;SO;7,4
12/04/2022;1,9;S;7,0
13/04/2022;1,6;N;6,8
14/04/2022;2,1;N;7,0
15/04/2022;2,4;N;7,6
16/04/2022;3,9;N;11,9
17/04/2022;6,3;N;15,7
18/04/2022;3,6;N;12,0
19/04/2022;2,8;S;8,6
20/04/2022;1,5;S;4,8
21/04/2022;3,8;N;11,0
22/04/2022;2,8;N;8,2
23/04/2022;4,0;S;12,3
24/04/2022;3,2;S;12,2
25/04/2022;2,2;S;10,2
26/04/2022;1,8;O;7,3
27/04/2022;1,8;N;5,6
28/04/2022;3,2;NE;10,0
29/04/2022;4,4;N;13,1
30/04/2022;2,0;N;5,6
01/05/2022;1,5;SO;5,8
02/05/2022;1,9;N;7,8
03/05/2022;1,5;SO;7,6
04/05/2022;1,7;O;7,1
05/05/2022;1,9;N;6,0
06/05/2022;4,3;N;10,4
07/05/2022;4,4;N;9,8
08/05/2022;3,8;N;9,5
09/05/2022;2,8;N;9,5
10/05/2022;1,8;O;6,6
11/05/2022;1,9;O;6,8
12/05/2022;2,3;SO;8,2
13/05/2022;2,3;SO;9,4
14/05/2022;1,8;O;8,4
15/05/2022;1,6;O;6,6
16/05/2022;1,7;O;8,0
17/05/2022;1,5;O;6,1
18/05/2022;1,8;NE;6,4
19/05/2022;1,6;NE;6,2
20/05/2022;2,1;SO;6,9
21/05/2022;2,2;SO;8,2
22/05/2022;1,5;SO;6,6
23/05/2022;2,0;S;5,9
24/05/2022;1,9;S;5,6
25/05/2022;1,6;S;6,8
26/05/2022;1,4;NE;4,6
27/05/2022;1,7;NE;5,2
28/05/2022;1,9;E;9,5
29/05/2022;2,9;N;7,8
30/05/2022;1,8;SO;6,9
31/05/2022;1,6;SO;5,9
01/06/2022;1,6;O;5,4
02/06/2022;1,7;S;6,2
03/06/2022;1,3;SE;4,9
04/06/2022;1,7;S;5,8
05/06/2022;2,1;SO;8,5
06/06/2022;1,7;O;7,0
07/06/2022;2,1;SO;9,6
08/06/2022;1,9;SO;7,7
09/06/2022;3,8;N;12,8
10/06/2022;4,1;N;15,3
11/06/2022;2,8;N;8,5
12/06/2022;2,1;N;6,8
13/06/2022;1,6;O;7,2
14/06/2022;1,4;O;5,2
15/06/2022;1,6;SO;7,2
16/06/2022;1,6;O;6,6
17/06/2022;1,3;S;7,1
18/06/2022;2,2;NE;8,0
19/06/2022;1,7;E;6,6
20/06/2022;2,1;SO;8,2
21/06/2022;1,9;S;6,7
22/06/2022;1,6;S;5,4
23/06/2022;1,5;SO;5,4
24/06/2022;2,1;SO;9,3
25/06/2022;2,1;O;7,9
26/06/2022;1,9;S;6,9
27/06/2022;2,0;S;8,8
28/06/2022;2,1;S;10,0
29/06/2022;2,5;SO;8,2
30/06/2022;1,7;O;6,7
01/07/2022;1,9;O;8,7
02/07/2022;1,6;O;6,6
03/07/2022;1,7;O;7,0
04/07/2022;1,9;O;8,8
05/07/2022;1,9;O;7,9
06/07/2022;2,0;N;10,2
07/07/2022;1,9;O;11,7
08/07/2022;3,1;NE;10,6
09/07/2022;1,9;N;8,2
10/07/2022;1,7;O;8,4
11/07/2022;1,8;SO;8,3
12/07/2022;1,4;O;5,8
13/07/2022;1,9;NE;7,3
14/07/2022;1,8;SO;8,2
15/07/2022;1,9;O;7,8
16/07/2022;1,6;O;6,8
17/07/2022;1,6;NE;7,8
18/07/2022;1,9;N;7,4
19/07/2022;1,6;N;7,4
20/07/2022;1,5;O;8,3
21/07/2022;1,7;O;7,6
22/07/2022;1,8;O;7,1
23/07/2022;1,8;O;7,3
24/07/2022;1,6;O;6,9
25/07/2022;1,9;O;8,6
26/07/2022;1,8;O;7,4
27/07/2022;1,8;O;6,3
28/07/2022;1,8;N;9,6
29/07/2022;1,9;SO;8,0
30/07/2022;2,0;O;8,1
31/07/2022;1,6;O;6,5
01/08/2022;1,7;SO;7,8
02/08/2022;2,0;N;9,8
03/08/2022;2,0;NE;7,1
04/08/2022;1,8;SO;9,5
05/08/2022;2,1;O;10,7
06/08/2022;1,8;O;7,8
07/08/2022;3,2;N;9,4
08/08/2022;2,9;N;8,0
09/08/2022;3,5;N;11,0
10/08/2022;3,3;NE;9,9
11/08/2022;3,7;N;9,4
12/08/2022;2,1;N;12,9
13/08/2022;2,5;N;7,5
14/08/2022;1,7;SO;6,7
15/08/2022;2,5;S;13,4
16/08/2022;1,4;SO;6,5
17/08/2022;1,8;S;7,8
18/08/2022;1,9;NE;20,5
19/08/2022;1,5;SO;15,5
20/08/2022;1,6;O;5,8
21/08/2022;1,3;O;5,5
22/08/2022;1,5;O;6,6
23/08/2022;2,4;N;9,9
24/08/2022;3,2;NE;9,1
25/08/2022;2,3;NE;7,6
26/08/2022;1,3;SO;5,6
27/08/2022;1,7;S;6,2
28/08/2022;1,3;S;4,4
29/08/2022;1,4;O;5,2
30/08/2022;1,4;O;6,4
31/08/2022;1,3;SO;5,9
01/09/2022;2,5;N;8,1
02/09/2022;1,5;O;5,2
03/09/2022;1,2;S;4,8
04/09/2022;1,1;SO;4,1
05/09/2022;1,4;O;5,1
06/09/2022;1,1;S;5,4
07/09/2022;1,3;S;5,2
08/09/2022;2,0;S;7,9
09/09/2022;3,3;SO;12,6
10/09/2022;2,6;SO;9,9
11/09/2022;1,6;O;5,4
12/09/2022;1,5;O;5,9
13/09/2022;1,4;O;5,7
14/09/2022;2,3;S;9,9
15/09/2022;3,0;S;11,1
16/09/2022;3,1;SO;12,6
17/09/2022;3,4;N;16,9
18/09/2022;1,7;O;6,3
19/09/2022;1,7;S;4,5
20/09/2022;1,5;NE;5,2
21/09/2022;2,7;NE;8,3
22/09/2022;2,1;NE;6,7
23/09/2022;1,3;SO;5,0
24/09/2022;1,9;S;7,9
25/09/2022;1,4;S;6,4
26/09/2022;1,6;S;5,7
27/09/2022;3,3;SO;12,4
28/09/2022;2,2;S;7,8
29/09/2022;2,4;S;11,1
30/09/2022;1,6;E;6,4
01/10/2022;2,0;SO;8,7
02/10/2022;1,3;SO;5,7
03/10/2022;1,2;N;4,8
04/10/2022;1,2;O;4,0
05/10/2022;1,2;O;4,2
06/10/2022;1,0;N;3,4
07/10/2022;1,5;NE;4,4
08/10/2022;1,2;O;4,4
09/10/2022;1,0;E;3,3
10/10/2022;1,1;NE;2,8
11/10/2022;1,6;N;4,3
12/10/2022;1,2;N;3,8
13/10/2022;1,8;NE;4,7
14/10/2022;1,3;O;4,8
15/10/2022;1,0;S;4,5
16/10/2022;0,9;E;3,0
17/10/2022;0,9;N;3,7
18/10/2022;1,1;O;4,0
19/10/2022;0,9;N;3,6
20/10/2022;1,1;S;4,1
21/10/2022;2,2;S;7,3
22/10/2022;3,4;S;10,9
23/10/2022;2,3;S;7,1
24/10/2022;3,1;S;7,4
25/10/2022;1,8;S;5,4
26/10/2022;1,0;S;3,0
27/10/2022;1,0;NE;2,8
28/10/2022;1,1;NE;2,9
29/10/2022;1,0;NE;2,8
30/10/2022;0,9;SO;3,1
31/10/2022;1,0;SO;3,7
01/11/2022;1,4;S;4,1
02/11/2022;1,1;S;3,0
03/11/2022;1,9;S;9,6
04/11/2022;3,3;SO;11,4
05/11/2022;3,9;N;10,7
06/11/2022;2,3;N;7,6
07/11/2022;1,1;S;3,7
08/11/2022;1,2;S;4,1
09/11/2022;2,0;S;5,9
10/11/2022;1,9;N;5,3
11/11/2022;3,0;NE;5,6
12/11/2022;2,1;NE;6,4
13/11/2022;2,2;N;7,7
14/11/2022;1,4;N;4,1
15/11/2022;1,3;S;4,6
16/11/2022;2,0;S;6,3
17/11/2022;2,4;S;6,8
18/11/2022;2,9;SO;11,0
19/11/2022;2,3;N;9,1
20/11/2022;2,3;N;9,7
21/11/2022;1,7;S;5,3
22/11/2022;2,3;E;8,6
23/11/2022;1,6;S;4,0
24/11/2022;1,2;S;4,8
25/11/2022;1,6;NE;7,1
26/11/2022;4,8;N;12,3
27/11/2022;2,8;N;9,0
28/11/2022;1,1;NE;3,1
29/11/2022;3,1;N;8,4
30/11/2022;5,3;N;12,0
01/12/2022;3,9;N;7,0
02/12/2022;1,4;NE;3,9
03/12/2022;2,5;NE;7,0
04/12/2022;2,4;S;8,3
05/12/2022;2,7;S;7,0
06/12/2022;1,2;S;4,7
07/12/2022;1,4;S;4,3
08/12/2022;1,8;S;6,1
09/12/2022;4,1;S;11,4
10/12/2022;1,6;SO;6,6
11/12/2022;3,0;NE;8,6
12/12/2022;1,5;NE;4,0
13/12/2022;1,9;N;5,2
14/12/2022;1,7;N;5,3
15/12/2022;3,0;S;10,7
16/12/2022;2,1;S;7,1
17/12/2022;1,7;SO;5,2
18/12/2022;2,1;NE;5,1
19/12/2022;1,2;S;3,6
20/12/2022;2,7;S;6,6
21/12/2022;2,3;S;5,4
22/12/2022;1,9;S;5,1
23/12/2022;2,2;S;6,5
24/12/2022;1,5;S;4,7
25/12/2022;1,4;S;5,3
26/12/2022;2,4;S;5,9
27/12/2022;2,1;S;5,8
28/12/2022;1,7;S;5,2
29/12/2022;3,1;S;10,6
30/12/2022;3,2;S;8,1
31/12/2022;1,5;S;4,2
01/01/2023;1,4;S;4,5
02/01/2023;1,1;S;4,3
03/01/2023;1,3;S;4,7
04/01/2023;1,0;S;3,8
05/01/2023;1,6;S;4,1
06/01/2023;1,1;S;3,4
07/01/2023;1,5;S;4,8
08/01/2023;4,4;S;11,9
09/01/2023;4,6;SO;15,3
10/01/2023;1,3;NE;5,2
11/01/2023;1,1;S;5,5
12/01/2023;2,1;N;6,3
13/01/2023;1,9;S;4,9
14/01/2023;1,0;SO;4,3
15/01/2023;3,2;S;8,8
16/01/2023;5,1;SO;13,7
17/01/2023;3,8;SO;12,9
18/01/2023;2,8;S;10,9
19/01/2023;1,9;SE;8,3
20/01/2023;4,6;N;13,3
21/01/2023;4,7;N;11,5
22/01/2023;4,3;N;10,6
23/01/2023;3,9;N;12,3
24/01/2023;3,1;NE;8,2
25/01/2023;4,9;N;9,9
26/01/2023;5,8;N;11,5
27/01/2023;6,2;N;14,0
28/01/2023;5,4;N;10,5
29/01/2023;3,5;N;8,3
30/01/2023;1,9;SO;7,3
31/01/2023;1,5;SO;5,1
01/02/2023;2,1;S;5,1
02/02/2023;1,5;S;5,0
03/02/2023;1,9;SO;8,0
04/02/2023;1,7;SO;6,2
05/02/2023;1,8;E;6,1
06/02/2023;2,8;N;8,7
07/02/2023;3,5;N;8,1
08/02/2023;4,6;N;10,1
09/02/2023;5,8;N;11,7
10/02/2023;3,6;N;8,8
11/02/2023;1,5;NE;5,2
12/02/2023;1,2;NO;5,1
13/02/2023;1,5;NE;4,3
14/02/2023;1,3;O;4,8
15/02/2023;1,3;O;4,5
16/02/2023;1,1;SO;3,7
17/02/2023;1,5;S;6,1
18/02/2023;1,8;S;4,2
19/02/2023;2,1;S;6,9
20/02/2023;1,4;O;4,4
21/02/2023;1,6;S;4,7
22/02/2023;1,0;S;3,3
23/02/2023;1,2;S;4,0
24/02/2023;1,7;S;5,3
25/02/2023;2,9;S;7,5
26/02/2023;5,3;N;13,9
27/02/2023;4,7;N;9,3
28/02/2023;5,5;N;12,9
01/03/2023;4,5;N;12,1
02/03/2023;4,6;N;11,6
03/03/2023;2,9;N;8,9
04/03/2023;3,1;N;8,0
05/03/2023;2,1;O;12,2
06/03/2023;2,5;S;9,3
07/03/2023;3,2;SO;11,3
08/03/2023;2,8;S;11,7
09/03/2023;3,0;S;10,6
10/03/2023;4,8;SO;16,1
11/03/2023;3,2;SO;10,6
12/03/2023;1,6;NE;6,1
13/03/2023;2,5;S;8,7
14/03/2023;3,8;S;11,6
15/03/2023;3,3;N;10,1
16/03/2023;1,6;NE;6,3
17/03/2023;1,5;S;5,6
18/03/2023;1,8;S;5,7
19/03/2023;1,9;S;5,9
20/03/2023;2,2;NE;7,5
21/03/2023;1,9;N;5,9
22/03/2023;1,7;O;5,8
23/03/2023;1,9;O;6,5
24/03/2023;1,9;S;7,6
25/03/2023;3,3;SO;11,7
26/03/2023;3,4;S;14,8
27/03/2023;3,3;O;11,1
28/03/2023;2,3;N;9,2
29/03/2023;2,5;S;6,7
30/03/2023;3,1;S;8,6
31/03/2023;3,2;S;12,8
01/04/2023;3,7;SO;12,3
02/04/2023;2,3;N;10,4
03/04/2023;5,6;N;14,4
04/04/2023;5,0;N;13,2
05/04/2023;3,8;N;9,1
06/04/2023;2,0;NE;6,7
07/04/2023;1,8;S;6,9
08/04/2023;3,0;NE;11,5
09/04/2023;2,7;NE;7,6
10/04/2023;3,2;N;9,7
11/04/2023;2,0;S;7,8
12/04/2023;1,7;S;7,1
13/04/2023;3,5;S;10,6
14/04/2023;2,4;SO;9,1
15/04/2023;2,3;NE;8,9
16/04/2023;5,0;N;12,9
17/04/2023;4,5;N;12,3
18/04/2023;3,1;N;10,1
19/04/2023;2,2;NE;9,7
20/04/2023;1,8;S;7,7
21/04/2023;1,6;N;9,1
22/04/2023;1,9;O;6,6
23/04/2023;2,7;S;8,6
24/04/2023;3,7;SO;13,2
25/04/2023;2,8;SO;11,4
26/04/2023;1,7;O;7,2
27/04/2023;1,5;O;6,5
28/04/2023;2,1;S;7,7
29/04/2023;1,4;S;5,3
30/04/2023;1,7;NE;8,0
01/05/2023;2,5;N;8,7
02/05/2023;5,5;N;13,8
03/05/2023;5,3;N;10,8
04/05/2023;2,1;N;5,8
05/05/2023;1,9;O;7,9
06/05/2023;1,6;O;6,5
07/05/2023;1,8;O;7,7
08/05/2023;1,6;N;6,8
09/05/2023;1,8;SO;6,5
10/05/2023;2,3;N;7,4
11/05/2023;1,7;NE;9,4
12/05/2023;2,0;S;8,3
13/05/2023;1,3;N;5,6
14/05/2023;1,4;N;5,5
15/05/2023;3,2;N;9,7
16/05/2023;5,8;N;15,2
17/05/2023;5,0;N;10,4
18/05/2023;2,4;N;7,3
19/05/2023;2,1;N;5,6
20/05/2023;2,4;N;6,5
21/05/2023;2,2;NE;8,1
22/05/2023;2,0;NE;7,2
23/05/2023;1,4;S;5,2
24/05/2023;1,5;SO;6,9
25/05/2023;1,9;N;9,3
26/05/2023;1,8;N;5,2
27/05/2023;2,5;N;6,7
28/05/2023;1,9;N;5,5
29/05/2023;2,1;N;7,5
30/05/2023;2,3;N;7,7
31/05/2023;1,9;NE;7,3
01/06/2023;1,4;NE;10,0
02/06/2023;1,4;SO;7,1
03/06/2023;1,5;NE;8,3
04/06/2023;1,3;S;6,1
05/06/2023;1,3;S;4,3
06/06/2023;1,5;S;5,4
07/06/2023;1,4;SO;7,5
08/06/2023;1,5;O;6,0
09/06/2023;1,5;SO;8,2
10/06/2023;1,3;SO;5,0
11/06/2023;1,4;N;5,8
12/06/2023;1,8;N;5,7
13/06/2023;1,3;S;5,0
14/06/2023;1,1;NE;5,0
15/06/2023;3,2;N;9,2
16/06/2023;1,7;N;6,9
17/06/2023;1,6;SO;6,6
18/06/2023;1,6;SO;5,9
19/06/2023;1,8;S;5,3
20/06/2023;1,8;S;5,9
21/06/2023;1,6;S;4,9
22/06/2023;1,8;S;6,2
23/06/2023;1,8;SO;9,4
24/06/2023;3,3;N;10,3
25/06/2023;2,5;N;7,1
26/06/2023;1,5;O;5,4
27/06/2023;1,5;SO;6,4
28/06/2023;1,8;NE;6,6
29/06/2023;1,4;N;5,5
30/06/2023;1,5;S;11,4
01/07/2023;1,7;SO;6,6
02/07/2023;1,4;O;5,7
03/07/2023;1,7;SO;7,1
04/07/2023;1,6;O;7,3
05/07/2023;1,9;SO;7,6
06/07/2023;1,4;NO;5,4
07/07/2023;1,4;NE;5,3
08/07/2023;1,3;S;6,5
09/07/2023;1,3;SO;5,6
10/07/2023;1,4;O;6,1
11/07/2023;1,8;S;6,5
12/07/2023;2,7;S;8,2
13/07/2023;1,8;S;7,8
14/07/2023;1,6;O;6,7
15/07/2023;1,4;SO;5,2
16/07/2023;1,8;S;7,0
17/07/2023;1,4;SO;5,1
18/07/2023;1,8;SO;6,9
19/07/2023;1,9;S;6,6
20/07/2023;2,0;SO;7,7
21/07/2023;1,9;SO;8,3
22/07/2023;1,9;SO;8,9
23/07/2023;1,7;O;7,7
24/07/2023;2,9;S;11,6
25/07/2023;3,3;SO;11,7
26/07/2023;2,2;SO;9,6
27/07/2023;1,7;SO;5,9
28/07/2023;1,7;SO;6,9
29/07/2023;1,7;O;7,1
30/07/2023;2,1;SO;8,4
31/07/2023;1,7;O;6,5
01/08/2023;2,1;O;8,7
02/08/2023;1,9;SO;9,4
03/08/2023;2,6;S;7,5
04/08/2023;1,7;SO;7,8
05/08/2023;1,5;N;5,7
06/08/2023;2,2;SO;9,8
07/08/2023;1,8;O;7,7
08/08/2023;1,7;SO;6,5
09/08/2023;1,6;O;6,5
10/08/2023;1,5;O;8,1
11/08/2023;1,5;S;6,2
12/08/2023;1,7;O;6,5
13/08/2023;1,5;SO;6,7
14/08/2023;1,5;SO;7,7
15/08/2023;1,6;O;7,7
16/08/2023;1,4;O;6,3
17/08/2023;1,4;SO;10,2
18/08/2023;1,4;E;5,1
19/08/2023;1,8;NE;6,5
20/08/2023;3,7;NE;11,1
21/08/2023;3,2;NE;8,8
22/08/2023;2,8;NE;8,4
23/08/2023;1,7;N;6,1
24/08/2023;1,5;SO;7,6
25/08/2023;1,5;SO;6,5
26/08/2023;1,7;SO;7,6
27/08/2023;2,1;S;8,1
28/08/2023;4,1;S;13,1
29/08/2023;1,2;NE;5,1
30/08/2023;1,5;SO;6,7
31/08/2023;1,6;S;5,6
01/09/2023;1,5;S;5,0
02/09/2023;1,4;SO;5,5
03/09/2023;1,7;N;6,3
04/09/2023;3,0;NE;8,7
05/09/2023;4,8;N;12,8
06/09/2023;4,9;N;11,4
07/09/2023;4,0;N;9,2
08/09/2023;4,1;N;9,0
09/09/2023;3,2;N;7,1
10/09/2023;2,0;NE;5,9
11/09/2023;1,6;SO;6,1
12/09/2023;1,4;O;6,2
13/09/2023;1,4;SE;5,1
14/09/2023;1,5;S;4,8
15/09/2023;1,3;S;7,5
16/09/2023;1,5;S;7,0
17/09/2023;1,4;S;5,0
18/09/2023;1,9;S;7,1
19/09/2023;2,1;O;8,4
20/09/2023;1,0;S;4,4
21/09/2023;2,1;S;7,5
22/09/2023;3,1;S;11,7
23/09/2023;2,2;O;7,6
24/09/2023;3,0;NE;11,9
25/09/2023;4,0;N;13,0
26/09/2023;4,6;N;9,6
27/09/2023;4,5;N;9,6
28/09/2023;3,1;N;7,4
29/09/2023;1,8;N;5,6
30/09/2023;1,2;O;4,4
01/10/2023;1,2;E;4,8
02/10/2023;1,2;SO;4,6
03/10/2023;1,5;SO;6,3
04/10/2023;1,2;N;5,0
05/10/2023;1,5;O;4,9
06/10/2023;1,2;NO;4,7
07/10/2023;1,2;O;5,3
08/10/2023;1,2;NO;5,1
09/10/2023;1,4;O;5,9
10/10/2023;1,4;O;6,2
11/10/2023;1,3;O;5,9
12/10/2023;1,4;O;5,2
13/10/2023;1,2;O;5,2
14/10/2023;2,0;SO;8,3
15/10/2023;2,6;S;8,8
16/10/2023;3,0;N;7,8
17/10/2023;1,7;N;6,9
18/10/2023;1,6;S;8,3
19/10/2023;3,4;S;11,2
20/10/2023;4,4;S;12,7
21/10/2023;2,1;S;8,1
22/10/2023;1,5;SO;4,9
23/10/2023;1,6;S;6,8
24/10/2023;3,3;S;14,1
25/10/2023;2,5;S;8,9
26/10/2023;3,2;S;10,2
27/10/2023;4,6;SO;16,0
28/10/2023;2,6;S;10,7
29/10/2023;2,9;S;9,1
30/10/2023;4,9;S;12,9
31/10/2023;3,4;SO;14,9
01/11/2023;1,7;S;5,4
02/11/2023;4,9;S;16,3
03/11/2023;4,7;SO;21,6
04/11/2023;3,5;S;14,3
05/11/2023;5,5;SO;17,7
06/11/2023;2,8;SO;9,9
07/11/2023;2,2;SO;10,5
08/11/2023;1,7;SO;9,1
09/11/2023;2,1;S;7,7
10/11/2023;3,5;SO;11,7
11/11/2023;2,6;SO;8,2
12/11/2023;1,8;S;6,0
13/11/2023;1,7;S;5,2
14/11/2023;1,7;S;4,5
15/11/2023;2,1;O;8,5
16/11/2023;2,2;SO;10,8
17/11/2023;3,0;SO;10,5
18/11/2023;1,5;S;4,3
19/11/2023;2,0;S;5,2
20/11/2023;2,0;S;7,5
21/11/2023;3,0;S;8,8
22/11/2023;7,4;N;15,2
23/11/2023;4,7;N;14,5
24/11/2023;1,9;S;6,2
25/11/2023;3,7;N;13,7
26/11/2023;1,5;S;5,3
27/11/2023;2,1;S;12,1
28/11/2023;2,4;SO;7,9
29/11/2023;1,5;S;5,3
30/11/2023;4,4;S;10,9
01/12/2023;6,4;S;15,4
02/12/2023;5,8;SO;21,3
03/12/2023;2,9;N;9,5
04/12/2023;1,2;NE;6,6
05/12/2023;1,5;NE;8,0
06/12/2023;0,9;NE;3,1
07/12/2023;1,1;S;3,3
08/12/2023;1,4;NE;4,2
09/12/2023;1,7;S;6,3
10/12/2023;1,7;S;8,2
11/12/2023;2,2;S;7,3
12/12/2023;2,0;S;7,8
13/12/2023;3,8;S;12,3
14/12/2023;2,3;N;7,0
15/12/2023;3,2;N;9,2
16/12/2023;5,2;N;14,6
17/12/2023;2,7;NE;9,4
18/12/2023;1,0;S;3,2
19/12/2023;0,8;SO;3,0
20/12/2023;1,0;E;3,9
21/12/2023;1,7;SO;5,2
22/12/2023;2,3;SO;8,4
23/12/2023;1,8;SO;8,3
24/12/2023;1,3;S;4,7
25/12/2023;1,7;S;4,5
26/12/2023;1,3;S;4,7
27/12/2023;1,4;S;2,9
28/12/2023;1,8;S;4,4
29/12/2023;1,6;S;3,9
30/12/2023;1,5;S;5,1
31/12/2023;3,0;S;9,3
01/01/2024;1,8;SO;8,1
02/01/2024;2,7;S;8,4
03/01/2024;2,4;S;8,6
04/01/2024;3,6;SO;12,6
05/01/2024;2,8;S;10,4
06/01/2024;2,6;S;10,8
07/01/2024;5,1;N;10,1
08/01/2024;4,8;N;14,0
09/01/2024;4,2;N;10,6
10/01/2024;3,1;N;7,4
11/01/2024;3,0;N;6,4
12/01/2024;2,0;NE;6,5
13/01/2024;1,6;S;5,0
14/01/2024;1,9;S;4,7
15/01/2024;2,4;SO;9,2
16/01/2024;1,6;SO;6,0
17/01/2024;4,0;S;10,6
18/01/2024;4,1;SO;11,4
19/01/2024;4,4;SO;13,3
20/01/2024;8,6;N;17,1
21/01/2024;2,9;N;12,4
22/01/2024;2,2;S;7,5
23/01/2024;1,4;NE;5,7
24/01/2024;1,3;S;3,8
25/01/2024;0,9;O;4,6
26/01/2024;1,0;NE;3,0
27/01/2024;0,9;NE;2,9
28/01/2024;1,4;E;6,0
29/01/2024;0,9;SO;3,0
30/01/2024;1,2;O;3,5
31/01/2024;1,1;O;4,7
01/02/2024;1,0;NE;4,3
02/02/2024;1,1;N;3,6
03/02/2024;2,2;SO;7,5
04/02/2024;1,4;SO;5,2
05/02/2024;1,5;S;5,3
06/02/2024;1,4;S;5,2
07/02/2024;2,1;S;5,8
08/02/2024;2,4;S;7,3
09/02/2024;5,2;S;13,3
10/02/2024;2,4;SE;10,5
11/02/2024;2,8;SO;9,5
12/02/2024;1,8;O;7,0
13/02/2024;1,5;O;6,2
14/02/2024;1,4;O;4,9
15/02/2024;1,0;S;3,9
16/02/2024;1,2;S;4,2
17/02/2024;1,2;NO;4,5
18/02/2024;1,3;O;5,1
19/02/2024;1,0;NO;3,7
20/02/2024;1,9;N;8,6
21/02/2024;1,5;O;5,4
22/02/2024;3,8;S;10,8
23/02/2024;5,9;S;15,2
24/02/2024;2,9;S;11,3
25/02/2024;1,6;O;6,2
26/02/2024;2,2;SE;8,4
27/02/2024;2,7;SE;11,2
28/02/2024;3,7;N;10,9
29/02/2024;4,8;N;11,3
01/03/2024;1,9;S;7,6
02/03/2024;2,5;S;9,8
03/03/2024;3,2;SE;11,9
04/03/2024;2,1;NO;6,7
05/03/2024;2,0;O;8,6
06/03/2024;2,8;S;11,1
07/03/2024;1,1;NE;5,2
08/03/2024;1,9;S;7,3
09/03/2024;1,8;S;8,4
10/03/2024;2,6;S;11,2
11/03/2024;1,7;S;6,2
12/03/2024;1,6;O;6,5
13/03/2024;1,5;O;6,6
14/03/2024;1,4;O;5,2
15/03/2024;1,9;S;5,2
16/03/2024;1,6;SO;5,5
17/03/2024;1,1;SO;4,4
18/03/2024;1,6;S;4,7
19/03/2024;1,5;N;7,9
20/03/2024;1,5;S;6,0
21/03/2024;2,3;SO;8,2
22/03/2024;1,6;N;5,5
23/03/2024;2,7;S;8,2
24/03/2024;3,2;SO;9,7
25/03/2024;1,8;S;7,6
26/03/2024;2,2;N;5,8
27/03/2024;3,0;SO;11,3
28/03/2024;5,1;S;15,3
29/03/2024;3,5;S;11,8
30/03/2024;3,2;S;11,8
31/03/2024;4,0;S;10,7
01/04/2024;3,0;SO;12,4
02/04/2024;3,2;SO;12,0
03/04/2024;2,3;S;9,3
04/04/2024;1,8;S;6,9
05/04/2024;1,6;S;6,3
06/04/2024;1,6;O;6,4
07/04/2024;1,4;O;4,9
08/04/2024;1,3;S;3,6
09/04/2024;2,5;S;8,1
10/04/2024;2,0;S;9,6
11/04/2024;2,9;N;7,7
12/04/2024;2,9;N;8,4
13/04/2024;1,7;N;5,2
14/04/2024;1,7;S;5,4
15/04/2024;2,2;S;8,9
16/04/2024;3,0;O;11,9
17/04/2024;2,3;N;11,0
18/04/2024;2,7;NE;9,9
19/04/2024;3,5;N;10,7
20/04/2024;2,4;S;11,6
21/04/2024;1,7;N;6,8
22/04/2024;2,9;E;13,6
23/04/2024;1,6;NE;7,8
24/04/2024;2,0;S;8,2
25/04/2024;1,5;S;5,6
26/04/2024;1,4;SE;7,5
27/04/2024;1,5;E;5,4
28/04/2024;1,8;S;6,8
29/04/2024;2,2;N;6,1
30/04/2024;1,5;N;5,8
01/05/2024;1,7;NE;6,2
02/05/2024;2,8;S;10,8
03/05/2024;2,3;SO;8,8
04/05/2024;1,9;O;7,1
05/05/2024;1,6;O;6,6
06/05/2024;2,4;S;7,1
07/05/2024;2,0;S;8,3
08/05/2024;2,9;N;7,8
09/05/2024;4,4;N;9,0
10/05/2024;3,5;N;8,8
11/05/2024;2,2;NE;7,2
12/05/2024;1,6;O;6,2
13/05/2024;1,4;O;5,9
14/05/2024;1,3;SE;6,6
15/05/2024;1,3;S;5,5
16/05/2024;2,4;SO;10,4
17/05/2024;1,8;SO;7,1
18/05/2024;1,8;SO;6,6
19/05/2024;1,5;S;5,6
20/05/2024;1,5;NE;5,6
21/05/2024;3,5;SO;11,8
22/05/2024;2,2;O;9,3
23/05/2024;1,6;O;8,4
24/05/2024;1,4;O;5,7
25/05/2024;1,7;O;6,6
26/05/2024;1,7;O;7,6
27/05/2024;1,6;O;7,9
28/05/2024;1,6;O;6,4
29/05/2024;1,4;NO;6,3
30/05/2024;1,9;S;7,4
31/05/2024;3,3;SO;11,8
01/06/2024;2,4;S;8,3
02/06/2024;1,5;S;7,5
03/06/2024;1,7;SO;7,9
04/06/2024;1,5;SO;5,3
05/06/2024;1,6;O;6,4
06/06/2024;1,5;O;6,6
07/06/2024;1,7;SO;7,7
08/06/2024;1,1;SE;4,5
09/06/2024;2,0;S;8,0
10/06/2024;2,2;SO;9,4
11/06/2024;1,8;O;8,7
12/06/2024;1,8;O;7,5
13/06/2024;1,9;SO;8,0
14/06/2024;2,2;SO;8,5
15/06/2024;2,0;SO;6,3
16/06/2024;1,9;O;7,9
17/06/2024;1,3;O;6,0
18/06/2024;1,7;SO;7,2
19/06/2024;1,4;S;7,2
20/06/2024;1,4;E;5,2
21/06/2024;1,8;SO;7,0
22/06/2024;2,2;SO;8,7
23/06/2024;1,6;N;5,5
24/06/2024;1,6;N;6,6
25/06/2024;1,5;S;6,4
26/06/2024;1,7;O;6,6
27/06/2024;1,6;O;6,5
28/06/2024;1,1;NO;4,6
29/06/2024;1,5;SO;8,2
30/06/2024;2,1;O;7,9
01/07/2024;1,8;SO;6,3
02/07/2024;2,0;N;6,7
03/07/2024;1,7;N;6,2
04/07/2024;2,1;NE;9,0
05/07/2024;1,4;SO;6,0
06/07/2024;2,1;S;7,2
07/07/2024;2,0;S;9,2
08/07/2024;1,5;O;6,8
09/07/2024;1,3;O;4,9
10/07/2024;1,6;SO;6,0
11/07/2024;1,7;O;6,3
12/07/2024;1,5;O;6,3
13/07/2024;1,7;O;6,3
14/07/2024;1,5;O;6,6
15/07/2024;1,4;O;5,3
16/07/2024;1,7;O;6,8
17/07/2024;1,5;O;5,9
18/07/2024;1,5;O;6,1
19/07/2024;1,7;O;6,8
20/07/2024;1,5;O;8,3
21/07/2024;1,6;SO;6,7
22/07/2024;1,8;NE;12,6
23/07/2024;1,6;N;10,5
24/07/2024;1,4;O;5,1
25/07/2024;1,2;N;4,8
26/07/2024;1,4;O;6,4
27/07/2024;1,3;O;6,5
28/07/2024;1,5;O;6,1
29/07/2024;2,3;N;6,7
30/07/2024;1,7;NE;5,1
31/07/2024;1,5;O;6,1
01/08/2024;1,6;O;6,7
02/08/2024;1,7;SO;7,8
03/08/2024;1,6;S;8,9
04/08/2024;1,4;N;5,5
05/08/2024;1,5;SO;6,8
06/08/2024;1,7;SO;7,1
07/08/2024;1,6;O;8,1
08/08/2024;1,4;O;6,4
09/08/2024;1,4;O;6,7
10/08/2024;1,3;N;5,9
11/08/2024;1,3;O;6,1
12/08/2024;1,5;O;6,0
13/08/2024;1,8;O;6,9
14/08/2024;1,7;S;7,3
15/08/2024;1,6;SO;8,1
16/08/2024;1,4;SO;6,2
17/08/2024;1,4;SO;7,6
18/08/2024;1,3;S;8,9
19/08/2024;1,7;N;6,1
20/08/2024;2,5;N;8,1
21/08/2024;1,6;O;6,5
22/08/2024;1,7;O;8,3
23/08/2024;1,6;O;7,3
24/08/2024;1,7;O;7,3
25/08/2024;1,7;O;6,4
26/08/2024;1,8;N;7,0
27/08/2024;2,7;NE;9,7
28/08/2024;1,8;NE;13,5
29/08/2024;1,2;NE;4,8
30/08/2024;1,4;N;8,7
31/08/2024;2,1;N;7,2
01/09/2024;1,5;SO;6,8
02/09/2024;1,3;S;6,5
03/09/2024;1,6;SO;7,6
04/09/2024;1,6;S;9,6
05/09/2024;1,6;S;12,3
06/09/2024;1,1;S;4,1
07/09/2024;1,4;S;5,1
08/09/2024;2,0;S;8,5
09/09/2024;2,6;SO;8,9
10/09/2024;1,4;O;5,7
11/09/2024;1,5;SO;6,3
12/09/2024;2,1;SO;9,9
13/09/2024;3,8;N;10,4
14/09/2024;1,5;O;5,9
15/09/2024;1,8;O;6,5
16/09/2024;1,7;N;7,5
17/09/2024;5,0;N;12,1
18/09/2024;3,5;N;7,2
19/09/2024;2,6;N;7,3
20/09/2024;4,0;N;9,4
21/09/2024;1,9;NE;5,2
22/09/2024;1,1;NE;3,4
23/09/2024;1,5;S;5,7
24/09/2024;2,2;SO;7,8
25/09/2024;1,7;S;5,0
26/09/2024;3,8;S;10,2
27/09/2024;3,3;SO;9,1
28/09/2024;2,4;SO;10,4
29/09/2024;1,6;NE;5,0
30/09/2024;1,6;S;7,4
01/10/2024;1,2;S;4,3
02/10/2024;3,1;S;10,9
03/10/2024;2,5;N;7,3
04/10/2024;2,1;N;5,2
05/10/2024;2,8;N;7,0
06/10/2024;1,2;S;4,3
07/10/2024;1,3;S;5,7
08/10/2024;2,6;S;11,4
09/10/2024;3,1;S;9,1
10/10/2024;3,7;S;12,3
11/10/2024;1,4;O;6,4
12/10/2024;1,2;SO;4,5
13/10/2024;1,2;S;3,9
14/10/2024;1,1;SO;4,1
15/10/2024;1,1;S;3,0
16/10/2024;1,2;NE;3,9
17/10/2024;1,4;E;8,3
18/10/2024;1,9;S;9,0
19/10/2024;1,7;N;5,5
20/10/2024;2,5;N;7,2
21/10/2024;1,8;N;6,0
22/10/2024;1,0;NE;3,5
23/10/2024;1,0;S;4,5
24/10/2024;1,1;NE;4,5
25/10/2024;1,4;S;6,4
26/10/2024;1,1;S;4,9
27/10/2024;1,0;S;3,5
28/10/2024;0,9;N;4,0
29/10/2024;0,9;N;3,0
30/10/2024;1,1;NE;3,2
31/10/2024;1,1;NE;4,1
01/11/2024;1,0;E;2,8
02/11/2024;1,1;E;2,7
03/11/2024;1,2;NE;4,5
04/11/2024;1,1;SO;3,5
05/11/2024;1,1;S;2,7
06/11/2024;1,2;E;2,7
07/11/2024;1,2;NE;3,5
08/11/2024;1,2;NE;3,5
09/11/2024;1,4;N;4,1
10/11/2024;2,1;NE;6,2
11/11/2024;2,5;NE;6,4
12/11/2024;3,3;NE;8,1
13/11/2024;3,1;NE;7,4
14/11/2024;4,0;N;11,0
15/11/2024;2,7;N;7,5
16/11/2024;1,2;S;4,1
17/11/2024;2,8;S;7,2
18/11/2024;1,2;S;5,2
19/11/2024;2,3;S;8,6
20/11/2024;5,8;SO;15,7
21/11/2024;3,4;S;13,0
22/11/2024;4,5;SO;22,4
23/11/2024;1,6;S;5,3
24/11/2024;1,9;S;5,7
25/11/2024;1,4;S;4,9
26/11/2024;2,7;S;7,0
27/11/2024;1,9;S;7,0
28/11/2024;1,4;S;5,0
29/11/2024;2,7;N;8,0
30/11/2024;3,9;N;9,8
01/12/2024;4,5;N;10,7
02/12/2024;2,2;N;6,8
03/12/2024;1,4;NE;4,0
04/12/2024;4,5;N;9,7
05/12/2024;5,5;N;11,4
06/12/2024;1,8;S;7,1
07/12/2024;1,9;S;9,8
08/12/2024;3,3;N;8,4
09/12/2024;3,9;N;9,4
10/12/2024;3,5;N;6,5
11/12/2024;2,4;NE;6,9
12/12/2024;1,4;NE;3,5
13/12/2024;2,2;NE;5,6
14/12/2024;1,7;S;5,5
15/12/2024;1,1;N;3,2
16/12/2024;1,3;S;5,5
17/12/2024;2,0;S;6,2
18/12/2024;1,8;S;5,4
19/12/2024;3,4;S;10,4
20/12/2024;4,8;N;15,5
21/12/2024;1,1;NE;5,2
22/12/2024;2,7;S;9,1
23/12/2024;2,9;N;10,0
24/12/2024;2,6;N;9,1
25/12/2024;5,4;N;14,1
26/12/2024;5,6;N;16,2
27/12/2024;3,4;NE;8,4
28/12/2024;1,0;NE;3,2
29/12/2024;0,7;O;2,9
30/12/2024;1,2;S;3,0
31/12/2024;1,3;S;3,7
01/01/2025;1,7;S;4,7
02/01/2025;3,4;S;10,2
03/01/2025;3,2;SO;9,5
04/01/2025;1,1;S;3,2
05/01/2025;2,5;S;7,4
06/01/2025;4,0;S;10,7
07/01/2025;3,9;S;10,2
08/01/2025;3,0;S;9,1
09/01/2025;5,0;S;12,5
10/01/2025;2,8;SO;9,8
11/01/2025;3,2;N;9,7
12/01/2025;7,1;N;14,3
13/01/2025;7,8;N;16,3
14/01/2025;6,6;N;17,7
15/01/2025;2,1;N;7,7
16/01/2025;4,7;N;12,5
17/01/2025;5,1;N;9,8
18/01/2025;4,2;NE;10,5
19/01/2025;2,5;NE;6,6
20/01/2025;1,6;NE;5,3
21/01/2025;1,3;S;4,3
22/01/2025;2,2;S;8,9
23/01/2025;3,8;S;10,6
24/01/2025;1,3;SO;4,1
25/01/2025;2,2;S;7,0
26/01/2025;3,6;S;15,0
27/01/2025;5,7;S;13,9
28/01/2025;5,9;SO;15,2
29/01/2025;1,9;S;7,0
30/01/2025;1,2;S;3,4
31/01/2025;1,8;S;9,7
01/02/2025;1,8;N;5,0
02/02/2025;2,7;N;7,1
03/02/2025;4,4;N;9,9
04/02/2025;2,5;N;9,2
05/02/2025;1,5;N;4,8
06/02/2025;1,8;NE;5,0
07/02/2025;1,5;N;4,3
08/02/2025;1,6;NE;6,3
09/02/2025;1,6;E;6,5
10/02/2025;1,2;S;5,4
11/02/2025;1,6;S;6,0
12/02/2025;1,2;SE;5,1
13/02/2025;1,6;S;6,5
14/02/2025;4,2;N;12,1
15/02/2025;6,2;N;15,3
16/02/2025;1,8;SO;6,5
17/02/2025;3,2;N;7,5
18/02/2025;1,9;NE;5,2
19/02/2025;2,7;NE;6,2
20/02/2025;1,8;NE;5,1
21/02/2025;1,1;S;4,7
22/02/2025;2,4;S;6,4
23/02/2025;1,7;S;5,5
24/02/2025;2,2;S;5,4
25/02/2025;2,0;S;5,2
26/02/2025;2,4;S;6,2
27/02/2025;2,1;N;6,2
28/02/2025;1,4;S;6,1
01/03/2025;3,3;N;8,9
02/03/2025;5,7;N;12,4
03/03/2025;2,7;NE;7,0
04/03/2025;1,5;N;4,3
05/03/2025;1,4;O;5,7
06/03/2025;1,6;S;6,8
07/03/2025;1,4;O;6,6
08/03/2025;1,4;N;5,2
09/03/2025;1,7;S;6,8
10/03/2025;2,5;S;10,1
11/03/2025;2,8;S;10,3
12/03/2025;3,3;S;10,7
13/03/2025;3,6;S;11,2
14/03/2025;4,7;S;16,2
15/03/2025;3,7;S;12,0
16/03/2025;3,6;SO;11,8
17/03/2025;2,1;S;7,4
18/03/2025;4,2;NE;10,8
19/03/2025;1,6;NE;5,8
20/03/2025;1,7;S;5,5
21/03/2025;1,9;S;7,0
22/03/2025;2,6;S;8,5
23/03/2025;2,4;S;7,5
24/03/2025;1,6;S;4,4
25/03/2025;1,6;S;5,1
26/03/2025;3,5;N;11,0
27/03/2025;5,8;N;15,7
28/03/2025;3,0;N;9,8
29/03/2025;4,7;N;12,6
30/03/2025;4,1;N;12,8
31/03/2025;3,7;N;11,8
01/04/2025;5,7;N;16,1
02/04/2025;3,8;N;8,5
03/04/2025;1,7;NE;5,5
04/04/2025;1,5;NE;7,6
05/04/2025;1,9;SO;8,2
06/04/2025;2,0;O;7,6
07/04/2025;1,9;E;6,5
08/04/2025;1,5;SE;7,3
09/04/2025;1,6;S;6,4
10/04/2025;1,7;O;6,6
11/04/2025;2,4;SO;8,9
12/04/2025;1,7;S;5,6
13/04/2025;1,7;NE;4,8
14/04/2025;1,8;NE;5,0
15/04/2025;2,3;S;8,3
16/04/2025;1,6;E;5,8
17/04/2025;3,5;S;13,1
18/04/2025;1,8;SO;7,0
19/04/2025;2,0;S;7,1
20/04/2025;1,7;S;6,9
21/04/2025;1,8;O;5,9
22/04/2025;1,9;O;6,8
23/04/2025;2,1;O;8,7
24/04/2025;1,7;SO;6,1
25/04/2025;1,9;O;7,8
26/04/2025;3,2;N;8,1
27/04/2025;2,3;NE;8,9
28/04/2025;2,5;NE;7,3
29/04/2025;1,8;N;7,4
30/04/2025;1,8;N;7,7
01/05/2025;1,5;N;5,8
02/05/2025;1,7;SO;7,8
03/05/2025;2,0;SO;7,0
04/05/2025;2,9;S;10,9
05/05/2025;2,5;S;9,2
06/05/2025;1,8;O;6,9
07/05/2025;1,9;SO;7,1
08/05/2025;2,0;O;6,4
09/05/2025;1,5;O;5,3
10/05/2025;1,1;SO;4,4
11/05/2025;1,4;S;6,9
12/05/2025;1,6;O;9,0
13/05/2025;1,5;O;9,9
14/05/2025;1,4;SO;5,2
15/05/2025;1,4;O;7,3
16/05/2025;4,1;N;11,7
17/05/2025;1,9;SO;7,8
18/05/2025;2,1;S;6,5
19/05/2025;2,1;S;7,6
20/05/2025;1,8;E;7,8
21/05/2025;1,7;O;7,7
22/05/2025;2,5;S;10,8
23/05/2025;3,2;N;11,2
24/05/2025;2,0;NE;6,5
25/05/2025;1,7;O;7,3
26/05/2025;1,4;O;5,8
27/05/2025;1,8;N;6,5
28/05/2025;1,9;SO;6,7
29/05/2025;1,7;N;7,7
30/05/2025;1,5;S;6,0
31/05/2025;1,5;O;6,4
01/06/2025;1,7;SO;6,1
02/06/2025;1,9;S;6,4
03/06/2025;2,9;S;8,0
04/06/2025;2,0;SO;9,0
05/06/2025;1,8;S;7,1
06/06/2025;1,7;S;6,3
07/06/2025;1,7;S;6,2
08/06/2025;2,1;SO;9,8
09/06/2025;1,5;NE;6,1
10/06/2025;1,6;O;6,3
11/06/2025;1,5;O;6,8
12/06/2025;1,4;O;5,7
13/06/2025;1,4;O;8,7
14/06/2025;1,4;O;6,4
15/06/2025;1,6;O;7,3
16/06/2025;2,2;N;9,4
17/06/2025;4,9;N;11,5
18/06/2025;3,2;N;9,2
19/06/2025;1,4;O;6,3
20/06/2025;1,6;O;7,1
21/06/2025;1,2;O;4,9
22/06/2025;1,9;SO;8,8
23/06/2025;1,8;SO;7,4
24/06/2025;1,6;S;6,0
25/06/2025;1,5;SO;6,2
26/06/2025;1,6;SO;6,6
27/06/2025;1,9;N;6,9
28/06/2025;1,9;NE;6,4
29/06/2025;2,3;N;7,8
30/06/2025;1,7;E;6,4
01/07/2025;1,6;N;6,3
02/07/2025;1,9;NE;12,1
03/07/2025;1,5;SO;6,3
04/07/2025;1,5;O;6,2
05/07/2025;1,6;SO;8,0
06/07/2025;2,3;S;11,8
07/07/2025;3,5;SO;11,7
08/07/2025;3,2;SO;11,2
09/07/2025;2,7;N;8,5
10/07/2025;1,6;O;5,7
11/07/2025;1,7;SO;8,3
12/07/2025;2,0;S;8,9
13/07/2025;1,8;S;7,6
14/07/2025;1,6;O;7,5
15/07/2025;1,5;O;7,5
16/07/2025;1,6;SO;6,4
17/07/2025;2,0;N;8,0
18/07/2025;1,7;SO;7,9
19/07/2025;1,6;SO;7,4
20/07/2025;1,9;SO;7,6
21/07/2025;2,5;SO;9,7
22/07/2025;2,0;SO;10,1
23/07/2025;1,7;SO;7,5
24/07/2025;1,9;O;8,7
25/07/2025;1,8;NO;7,5
26/07/2025;1,7;O;7,2
27/07/2025;1,8;SO;8,0
28/07/2025;3,0;N;10,2
29/07/2025;2,6;N;9,7
30/07/2025;1,5;N;8,8
31/07/2025;1,5;O;13,1
01/08/2025;2,0;SO;8,8
02/08/2025;2,3;S;7,4
03/08/2025;2,1;N;9,5
04/08/2025;2,0;N;6,5
05/08/2025;1,5;O;6,1
06/08/2025;1,5;N;8,2
07/08/2025;1,5;O;7,5
08/08/2025;1,4;O;6,1
09/08/2025;1,5;O;6,7
10/08/2025;1,4;N;6,2
11/08/2025;2,4;N;8,0
12/08/2025;2,2;NE;6,8
13/08/2025;2,0;NE;6,5
14/08/2025;1,8;NE;15,1
15/08/2025;2,3;N;9,4
16/08/2025;1,9;N;6,9
17/08/2025;2,8;N;8,1
18/08/2025;1,7;S;6,3
19/08/2025;1,8;SO;8,6
20/08/2025;2,0;S;8,0
21/08/2025;2,6;SO;9,9
22/08/2025;1,7;SO;6,2
23/08/2025;1,2;SO;6,4
24/08/2025;1,3;NE;7,2
25/08/2025;1,5;O;7,6
26/08/2025;1,5;O;7,0
27/08/2025;1,3;SO;5,5
28/08/2025;2,4;S;10,4
29/08/2025;2,3;SO;8,5
30/08/2025;1,9;S;10,9
31/08/2025;1,3;O;7,2
01/09/2025;1,8;S;5,7
02/09/2025;2,3;SO;9,7
03/09/2025;1,8;O;6,2
04/09/2025;1,3;O;5,5
05/09/2025;1,6;O;6,8
06/09/2025;1,1;O;7,3
07/09/2025;1,4;NE;4,5
08/09/2025;1,2;SO;3,9
09/09/2025;1,4;S;5,7
10/09/2025;1,8;SO;7,5
11/09/2025;1,8;S;6,3
12/09/2025;1,3;S;4,9
13/09/2025;1,5;SO;5,8
14/09/2025;1,6;S;5,7
15/09/2025;1,4;O;4,4
16/09/2025;1,7;S;8,1
17/09/2025;1,7;N;5,6
18/09/2025;1,5;NE;5,1
19/09/2025;1,1;NE;7,8
20/09/2025;1,3;SO;4,3
21/09/2025;1,9;S;6,0
22/09/2025;2,1;S;11,7
23/09/2025;1,2;S;5,2
24/09/2025;1,8;SO;8,3
25/09/2025;1,7;S;6,0
26/09/2025;1,4;S;6,1
27/09/2025;1,3;N;4,1
28/09/2025;3,2;N;8,8
29/09/2025;1,6;N;4,5
30/09/2025;1,3;S;3,9
01/10/2025;4,1;N;9,7
02/10/2025;4,2;N;12,7
03/10/2025;1,9;N;7,6
04/10/2025;2,2;S;9,4
05/10/2025;4,2;N;12,2
06/10/2025;1,2;S;4,5
07/10/2025;1,3;O;5,6
08/10/2025;1,3;SO;4,3
09/10/2025;1,0;SO;3,8
10/10/2025;1,2;N;4,4
11/10/2025;1,2;E;4,6
12/10/2025;1,1;S;3,8
13/10/2025;1,1;N;3,4
14/10/2025;1,2;NE;4,0
15/10/2025;2,7;NE;8,4
16/10/2025;3,0;N;8,4
17/10/2025;2,9;N;6,4
18/10/2025;1,7;NE;4,7
19/10/2025;1,2;SO;3,5
20/10/2025;1,9;S;7,0
21/10/2025;2,7;S;9,6
22/10/2025;2,0;S;6,0
23/10/2025;4,4;S;13,4
24/10/2025;4,0;SO;11,9
25/10/2025;3,0;SO;9,0
26/10/2025;3,6;SO;12,7
27/10/2025;2,2;SO;8,9
28/10/2025;1,3;S;4,4
29/10/2025;2,5;S;8,4
30/10/2025;3,9;S;10,5
31/10/2025;1,2;N;3,8
01/11/2025;1,2;O;3,7
02/11/2025;2,5;S;9,1
03/11/2025;2,8;NE;6,6
04/11/2025;1,5;NE;3,7
05/11/2025;0,9;E;3,1
06/11/2025;1,2;S;3,6
07/11/2025;1,7;N;5,1
08/11/2025;1,7;NE;4,3
09/11/2025;2,7;N;7,1
10/11/2025;1,5;N;4,7
11/11/2025;1,5;S;5,5
12/11/2025;1,3;S;4,6
13/11/2025;1,4;S;4,6
14/11/2025;1,3;S;5,4
15/11/2025;2,7;S;7,9
16/11/2025;3,2;S;10,8
17/11/2025;3,5;SO;12,8
18/11/2025;3,9;N;9,6
19/11/2025;1,4;S;4,6
20/11/2025;2,1;S;6,9
21/11/2025;2,4;S;7,9
22/11/2025;4,8;N;12,4
23/11/2025;2,0;S;6,4
24/11/2025;3,7;S;8,2
25/11/2025;2,5;S;8,5
26/11/2025;3,4;N;12,0
27/11/2025;6,6;N;14,0
28/11/2025;5,3;NE;12,7
29/11/2025;1,3;NE;5,9
30/11/2025;1,6;S;4,3
01/12/2025;1,8;SE;5,0
02/12/2025;1,2;NE;3,6
03/12/2025;1,2;E;4,0
04/12/2025;1,5;NE;3,9
05/12/2025;2,0;N;6,4
06/12/2025;1,4;NE;5,1
07/12/2025;1,2;NE;3,9
08/12/2025;1,0;E;4,6
09/12/2025;0,9;SE;3,4
10/12/2025;1,1;S;3,7
11/12/2025;1,0;S;4,2
12/12/2025;1,2;NE;4,7
13/12/2025;1,6;NE;4,9
14/12/2025;1,2;E;3,3
15/12/2025;1,4;E;3,9
16/12/2025;2,2;E;6,9
17/12/2025;1,1;S;4,0
18/12/2025;1,1;SE;5,4
19/12/2025;1,1;SE;4,2
20/12/2025;1,3;N;4,1
21/12/2025;1,3;NE;3,2
22/12/2025;2,1;NE;5,0
23/12/2025;1,9;NE;6,7
24/12/2025;3,0;N;7,9
25/12/2025;3,8;N;7,2
26/12/2025;3,8;NE;8,7
27/12/2025;2,2;NE;5,6
28/12/2025;1,1;S;3,9
29/12/2025;1,2;S;4,1
30/12/2025;2,0;S;6,0
31/12/2025;1,7;NE;5,0
01/01/2026;2,0;S;6,8
02/01/2026;3,2;S;12,6
03/01/2026;2,4;S;7,6
04/01/2026;2,8;N;8,1
05/01/2026;3,6;N;6,9
06/01/2026;5,3;N;9,9
07/01/2026;4,4;N;10,7
08/01/2026;1,5;S;6,1
09/01/2026;4,5;SO;13,4
10/01/2026;1,9;N;10,1
11/01/2026;2,2;N;6,8
12/01/2026;2,4;S;7,3
13/01/2026;2,4;S;7,0
14/01/2026;2,2;S;6,3
15/01/2026;2,0;S;7,0
16/01/2026;1,2;NE;4,1
17/01/2026;1,6;N;4,8
18/01/2026;2,1;NE;5,7
19/01/2026;3,9;N;9,1
20/01/2026;4,0;N;8,6
21/01/2026;3,2;N;7,7
22/01/2026;1,3;N;3,4
23/01/2026;1,5;SE;6,9
24/01/2026;1,8;SE;7,4
25/01/2026;2,1;S;7,9
26/01/2026;1,2;NE;4,1
27/01/2026;2,7;S;11,1
28/01/2026;3,2;S;11,1
29/01/2026;1,9;S;9,3
30/01/2026;1,4;S;5,2
31/01/2026;2,3;N;6,1
01/02/2026;2,7;N;6,4
02/02/2026;1,6;S;7,9
03/02/2026;3,2;S;11,3
04/02/2026;1,9;E;6,3
05/02/2026;2,2;S;8,6
06/02/2026;3,2;SO;13,5
07/02/2026;1,9;SO;6,5
08/02/2026;1,3;S;5,5
09/02/2026;1,2;NE;3,7
10/02/2026;1,7;S;5,3
11/02/2026;4,1;SO;9,2
12/02/2026;3,3;SO;9,3
13/02/2026;1,5;O;6,6
14/02/2026;2,9;E;8,3
15/02/2026;3,5;N;10,7
16/02/2026;3,1;S;13,2
17/02/2026;1,9;SO;6,7
18/02/2026;1,7;S;6,4
19/02/2026;4,6;S;13,4
20/02/2026;2,7;N;8,6
21/02/2026;2,3;N;6,5
22/02/2026;1,5;SO;4,7
23/02/2026;1,6;S;4,9
24/02/2026;1,4;S;4,2
25/02/2026;1,1;NE;5,5
26/02/2026;1,3;O;4,7
27/02/2026;0,9;O;4,8
28/02/2026;0,9;NO;4,4
01/03/2026;0,9;S;3,4
02/03/2026;1,4;SE;6,2
03/03/2026;1,0;NE;3,3
04/03/2026;1,0;SE;3,9
05/03/2026;1,5;N;4,8
06/03/2026;1,7;NE;4,8
07/03/2026;1,2;NE;4,3
08/03/2026;1,1;E;3,3
09/03/2026;1,3;N;8,6
10/03/2026;1,4;SO;6,1
11/03/2026;1,9;S;9,1
12/03/2026;1,9;N;5,7
13/03/2026;1,4;SO;5,5
14/03/2026;3,7;S;11,9
15/03/2026;3,4;E;9,3
16/03/2026;3,8;N;9,7
17/03/2026;3,6;N;10,5
18/03/2026;5,4;N;14,3
19/03/2026;5,0;N;13,3
20/03/2026;3,1;N;9,1
21/03/2026;2,2;NE;7,2
22/03/2026;2,6;NE;8,5
23/03/2026;2,9;N;9,1
24/03/2026;2,8;N;8,8
25/03/2026;3,7;SO;16,2
26/03/2026;4,5;N;17,9
27/03/2026;3,0;N;15,2
28/03/2026;2,2;N;7,9
29/03/2026;3,2;NE;11,2
30/03/2026;2,1;NE;9,7
31/03/2026;5,9;N;15,8
01/04/2026;7,7;N;16,1
02/04/2026;5,6;N;14,3
03/04/2026;4,0;N;13,0
04/04/2026;1,8;O;7,3
05/04/2026;1,9;O;8,2
06/04/2026;2,1;O;7,4
07/04/2026;2,0;SO;7,7
08/04/2026;1,9;O;8,5
09/04/2026;1,9;O;8,7
10/04/2026;1,5;O;6,2
11/04/2026;1,5;O;6,9
12/04/2026;1,7;N;6,5
13/04/2026;2,8;N;8,7
14/04/2026;2,7;N;7,7
15/04/2026;4,7;N;10,7
16/04/2026;2,1;NE;6,4
17/04/2026;2,4;N;6,3
18/04/2026;2,0;NE;6,3
19/04/2026;1,9;O;7,6
20/04/2026;2,0;S;9,1
21/04/2026;2,0;NE;8,8
22/04/2026;3,4;N;9,6
23/04/2026;2,2;N;7,1
24/04/2026;2,1;O;7,5
25/04/2026;2,2;O;9,4
26/04/2026;1,5;O;6,5
27/04/2026;1,6;O;6,1
28/04/2026;1,7;O;7,0
29/04/2026;1,8;S;7,0
30/04/2026;4,8;N;11,5
01/05/2026;4,4;N;12,6
02/05/2026;1,8;N;6,7
03/05/2026;1,6;SO;9,4
04/05/2026;2,1;S;12,3
05/05/2026;3,4;S;9,7
06/05/2026;3,8;S;10,7
07/05/2026;1,8;S;5,9
08/05/2026;2,1;N;6,3
09/05/2026;1,4;S;6,3
10/05/2026;1,6;S;6,1
11/05/2026;3,8;SO;13,4
12/05/2026;4,6;SO;16,9
13/05/2026;1,6;S;8,0
14/05/2026;4,3;SO;17,0
15/05/2026;2,3;SO;7,0
16/05/2026;2,0;O;6,6
17/05/2026;1,7;O;8,2
18/05/2026;2,0;SO;9,0
19/05/2026;1,9;SO;7,6
20/05/2026;1,6;O;6,6
21/05/2026;1,6;N;5,7
22/05/2026;1,9;NE;8,2
23/05/2026;2,8;N;8,6
24/05/2026;3,2;NE;10,3
25/05/2026;2,5;NE;7,8
26/05/2026;1,5;N;5,3
27/05/2026;1,9;O;7,0
28/05/2026;1,4;O;5,0
29/05/2026;1,6;NE;5,8
30/05/2026;1,4;O;4,7
31/05/2026;1,8;O;7,4
01/06/2026;1,4;S;7,8
02/06/2026;2,5;S;8,4
03/06/2026;2,2;SO;7,1
04/06/2026;1,6;SO;6,0
05/06/2026;1,9;S;6,9
06/06/2026;1,7;O;6,8
07/06/2026;1,5;O;7,0
08/06/2026;1,5;O;6,9
09/06/2026;1,7;O;6,5
10/06/2026;2,2;S;7,7
11/06/2026;2,3;N;7,4
