"Stazione";"Calenzano"
"Codice";"TOS01004784"
"Comune";"Calenzano"
"Provincia";"FI"
"GB [m]";"E";1673210;"N";4858692
"WGS84 [°]";"Lat";43.861;"Lon";11.155
"Quota [m]";60,00

;;;ATTENZIONE i dati sono nel fomato csv ed utilizzano
;;;come separatore di colonna il "punto e virgola" e
;;;come separatore decimale la "virgola"
;;;verificare le proprie impostazioni internazionali per una corretta visulizzazione.
;;;Il valore contrassegnato con N corrisponde al dato non validato
;;;Il valore contrassegnato con R corrisponde al dato ricostruito
;;;Il valore contrassegnato con I corrisponde al dato incerto
;;;Il valore contrassegnato con @ corrisponde al dato mancante
;;;Il valore contrassegnato con V corrisponde al dato validato
;;;Il valore contrassegnato con P corrisponde al dato prevalidato soggetto ad eventuali modifiche
;;;(consultare la sezione Criteri di validazione)

"gg/mm/aaaa";"Livello [m]";"Tipo Dato"
01/01/2004;0,41;P
02/01/2004;0,37;P
03/01/2004;0,33;P
04/01/2004;0,30;P
05/01/2004;0,28;P
06/01/2004;0,28;P
07/01/2004;0,27;P
08/01/2004;0,26;P
09/01/2004;0,27;P
10/01/2004;0,25;P
11/01/2004;0,25;P
12/01/2004;0,25;P
13/01/2004;0,25;P
14/01/2004;0,25;P
15/01/2004;0,26;P
16/01/2004;0,27;P
17/01/2004;0,38;P
18/01/2004;0,63;P
19/01/2004;0,53;P
20/01/2004;0,43;P
21/01/2004;0,38;P
22/01/2004;0,33;P
23/01/2004;0,31;P
24/01/2004;0,30;P
25/01/2004;0,29;P
26/01/2004;0,28;P
27/01/2004;0,29;P
28/01/2004;0,29;P
29/01/2004;0,29;P
30/01/2004;0,29;P
31/01/2004;0,28;P
01/02/2004;0,31;P
02/02/2004;0,39;P
03/02/2004;0,42;P
04/02/2004;0,38;P
05/02/2004;0,35;P
06/02/2004;0,33;P
07/02/2004;0,31;P
08/02/2004;0,31;P
09/02/2004;0,29;P
10/02/2004;0,28;P
11/02/2004;0,28;P
12/02/2004;0,27;P
13/02/2004;0,26;P
14/02/2004;0,26;P
15/02/2004;0,26;P
16/02/2004;0,25;P
17/02/2004;0,25;P
18/02/2004;0,25;P
19/02/2004;0,42;P
20/02/2004;0,43;P
21/02/2004;0,40;P
22/02/2004;0,53;P
23/02/2004;0,79;P
24/02/2004;0,54;P
25/02/2004;0,46;P
26/02/2004;0,46;P
27/02/2004;0,48;P
28/02/2004;0,50;P
29/02/2004;0,47;P
01/03/2004;0,45;P
02/03/2004;0,42;P
03/03/2004;0,40;P
04/03/2004;0,39;P
05/03/2004;0,39;P
06/03/2004;0,39;P
07/03/2004;0,48;P
08/03/2004;0,44;P
09/03/2004;0,41;P
10/03/2004;0,40;P
11/03/2004;0,41;P
12/03/2004;0,40;P
13/03/2004;0,39;P
14/03/2004;0,37;P
15/03/2004;0,36;P
16/03/2004;0,35;P
17/03/2004;0,33;P
18/03/2004;0,32;P
19/03/2004;0,32;P
20/03/2004;0,32;P
21/03/2004;0,31;P
22/03/2004;0,30;P
23/03/2004;0,31;P
24/03/2004;0,30;P
25/03/2004;0,31;P
26/03/2004;0,30;P
27/03/2004;0,29;P
28/03/2004;0,28;P
29/03/2004;0,28;P
30/03/2004;0,28;P
31/03/2004;0,29;P
01/04/2004;0,27;P
02/04/2004;0,27;P
03/04/2004;0,27;P
04/04/2004;0,26;P
05/04/2004;0,27;P
06/04/2004;0,26;P
07/04/2004;0,28;P
08/04/2004;0,29;P
09/04/2004;0,30;P
10/04/2004;0,31;P
11/04/2004;0,30;P
12/04/2004;0,30;P
13/04/2004;0,29;P
14/04/2004;0,28;P
15/04/2004;0,28;P
16/04/2004;0,30;P
17/04/2004;0,42;P
18/04/2004;0,41;P
19/04/2004;0,44;P
20/04/2004;0,47;P
21/04/2004;0,41;P
22/04/2004;0,38;P
23/04/2004;0,36;P
24/04/2004;0,35;P
25/04/2004;0,36;P
26/04/2004;0,34;P
27/04/2004;0,33;P
28/04/2004;0,32;P
29/04/2004;0,31;P
30/04/2004;0,31;P
01/05/2004;0,30;P
02/05/2004;0,29;P
03/05/2004;0,30;P
04/05/2004;0,41;P
05/05/2004;0,57;P
06/05/2004;0,80;P
07/05/2004;0,68;P
08/05/2004;0,63;P
09/05/2004;0,54;P
10/05/2004;0,48;P
11/05/2004;0,44;P
12/05/2004;0,42;P
13/05/2004;0,39;P
14/05/2004;0,37;P
15/05/2004;0,35;P
16/05/2004;0,34;P
17/05/2004;0,33;P
18/05/2004;0,31;P
19/05/2004;0,31;P
20/05/2004;0,30;P
21/05/2004;0,29;P
22/05/2004;0,29;P
23/05/2004;0,29;P
24/05/2004;0,28;P
25/05/2004;0,27;P
26/05/2004;0,26;P
27/05/2004;0,26;P
28/05/2004;0,26;P
29/05/2004;0,25;P
30/05/2004;0,24;P
31/05/2004;0,25;P
01/06/2004;0,30;P
02/06/2004;0,00;@
03/06/2004;0,00;@
04/06/2004;-0,01;P
05/06/2004;-0,02;P
06/06/2004;-0,01;P
07/06/2004;-0,02;P
08/06/2004;-0,06;P
09/06/2004;-0,05;P
10/06/2004;-0,04;P
11/06/2004;-0,06;P
12/06/2004;-0,06;P
13/06/2004;-0,06;P
14/06/2004;-0,06;P
15/06/2004;-0,07;P
16/06/2004;-0,07;P
17/06/2004;-0,07;P
18/06/2004;-0,09;P
19/06/2004;-0,09;P
20/06/2004;-0,09;P
21/06/2004;-0,07;P
22/06/2004;-0,13;P
23/06/2004;-0,11;P
24/06/2004;-0,09;P
25/06/2004;-0,09;P
26/06/2004;-0,11;P
27/06/2004;-0,16;P
28/06/2004;-0,26;P
29/06/2004;-0,25;P
30/06/2004;-0,16;P
01/07/2004;-0,27;P
02/07/2004;-0,14;P
03/07/2004;-0,12;P
04/07/2004;-0,12;P
05/07/2004;-0,13;P
06/07/2004;-0,12;P
07/07/2004;-0,10;P
08/07/2004;-0,12;P
09/07/2004;-0,11;P
10/07/2004;-0,10;P
11/07/2004;-0,12;P
12/07/2004;-0,12;P
13/07/2004;-0,12;P
14/07/2004;-0,12;P
15/07/2004;-0,13;P
16/07/2004;-0,10;P
17/07/2004;-0,10;P
18/07/2004;-0,10;P
19/07/2004;-0,11;P
20/07/2004;-0,13;P
21/07/2004;-0,10;P
22/07/2004;-0,11;P
23/07/2004;-0,10;P
24/07/2004;-0,10;P
25/07/2004;-0,17;P
26/07/2004;-0,16;P
27/07/2004;-0,15;P
28/07/2004;-0,12;P
29/07/2004;-0,13;P
30/07/2004;-0,14;P
31/07/2004;-0,15;P
01/08/2004;-0,17;P
02/08/2004;-0,16;P
03/08/2004;-0,16;P
04/08/2004;-0,15;P
05/08/2004;-0,14;P
06/08/2004;-0,11;P
07/08/2004;-0,08;P
08/08/2004;-0,10;P
09/08/2004;-0,08;P
10/08/2004;-0,11;P
11/08/2004;-0,12;P
12/08/2004;-0,11;P
13/08/2004;-0,10;P
14/08/2004;-0,11;P
15/08/2004;-0,11;P
16/08/2004;-0,09;P
17/08/2004;-0,10;P
18/08/2004;-0,10;P
19/08/2004;-0,10;P
20/08/2004;-0,10;P
21/08/2004;-0,08;P
22/08/2004;-0,10;P
23/08/2004;-0,11;P
24/08/2004;-0,10;P
25/08/2004;-0,09;P
26/08/2004;-0,09;P
27/08/2004;-0,11;P
28/08/2004;-0,11;P
29/08/2004;-0,10;P
30/08/2004;-0,08;P
31/08/2004;-0,09;P
01/09/2004;-0,09;P
02/09/2004;-0,10;P
03/09/2004;-0,10;P
04/09/2004;-0,10;P
05/09/2004;-0,09;P
06/09/2004;-0,09;P
07/09/2004;-0,10;P
08/09/2004;-0,09;P
09/09/2004;-0,08;P
10/09/2004;-0,11;P
11/09/2004;-0,11;P
12/09/2004;-0,13;P
13/09/2004;-0,11;P
14/09/2004;-0,10;P
15/09/2004;-0,10;P
16/09/2004;-0,13;P
17/09/2004;-0,13;P
18/09/2004;-0,16;P
19/09/2004;-0,12;P
20/09/2004;-0,12;P
21/09/2004;-0,12;P
22/09/2004;-0,13;P
23/09/2004;-0,15;P
24/09/2004;-0,09;P
25/09/2004;-0,10;P
26/09/2004;-0,15;P
27/09/2004;-0,13;P
28/09/2004;-0,14;P
29/09/2004;-0,16;P
30/09/2004;-0,12;P
01/10/2004;-0,11;P
02/10/2004;-0,08;P
03/10/2004;-0,04;P
04/10/2004;-0,10;P
05/10/2004;-0,12;P
06/10/2004;-0,08;P
07/10/2004;-0,11;P
08/10/2004;-0,06;P
09/10/2004;-0,09;P
10/10/2004;-0,07;P
11/10/2004;-0,09;P
12/10/2004;-0,08;P
13/10/2004;-0,11;P
14/10/2004;-0,14;P
15/10/2004;-0,14;P
16/10/2004;-0,12;P
17/10/2004;-0,10;P
18/10/2004;-0,11;P
19/10/2004;-0,10;P
20/10/2004;-0,12;P
21/10/2004;-0,11;P
22/10/2004;-0,12;P
23/10/2004;-0,14;P
24/10/2004;-0,13;P
25/10/2004;-0,24;P
26/10/2004;-0,25;P
27/10/2004;-0,33;P
28/10/2004;-0,19;P
29/10/2004;-0,26;P
30/10/2004;-0,06;P
31/10/2004;-0,01;P
01/11/2004;0,05;P
02/11/2004;0,01;P
03/11/2004;-0,06;P
04/11/2004;-0,09;P
05/11/2004;-0,13;P
06/11/2004;-0,14;P
07/11/2004;-0,16;P
08/11/2004;-0,24;P
09/11/2004;-0,35;P
10/11/2004;0,02;P
11/11/2004;0,05;P
12/11/2004;0,07;P
13/11/2004;0,01;P
14/11/2004;-0,03;P
15/11/2004;-0,05;P
16/11/2004;-0,07;P
17/11/2004;-0,09;P
18/11/2004;-0,10;P
19/11/2004;-0,10;P
20/11/2004;-0,13;P
21/11/2004;-0,15;P
22/11/2004;-0,15;P
23/11/2004;-0,15;P
24/11/2004;-0,15;P
25/11/2004;-0,18;P
26/11/2004;-0,28;P
27/11/2004;-0,37;P
28/11/2004;-0,16;P
29/11/2004;-0,12;P
30/11/2004;0,30;P
01/12/2004;0,28;P
02/12/2004;0,39;P
03/12/2004;0,42;P
04/12/2004;0,51;P
05/12/2004;0,55;P
06/12/2004;0,48;P
07/12/2004;0,38;P
08/12/2004;0,33;P
09/12/2004;0,30;P
10/12/2004;0,28;P
11/12/2004;0,26;P
12/12/2004;0,25;P
13/12/2004;0,24;P
14/12/2004;0,24;P
15/12/2004;0,23;P
16/12/2004;0,23;P
17/12/2004;0,23;P
18/12/2004;0,23;P
19/12/2004;0,22;P
20/12/2004;0,21;P
21/12/2004;0,21;P
22/12/2004;0,20;P
23/12/2004;0,20;P
24/12/2004;0,19;P
25/12/2004;0,19;P
26/12/2004;0,33;P
27/12/2004;0,42;P
28/12/2004;0,41;P
29/12/2004;0,42;P
30/12/2004;0,35;P
31/12/2004;0,32;P
01/01/2005;0,28;P
02/01/2005;0,27;P
03/01/2005;0,26;P
04/01/2005;0,25;P
05/01/2005;0,25;P
06/01/2005;0,24;P
07/01/2005;0,24;P
08/01/2005;0,23;P
09/01/2005;0,23;P
10/01/2005;0,23;P
11/01/2005;0,23;P
12/01/2005;0,22;P
13/01/2005;0,20;P
14/01/2005;0,21;P
15/01/2005;0,20;P
16/01/2005;0,20;P
17/01/2005;0,21;P
18/01/2005;0,20;P
19/01/2005;0,46;P
20/01/2005;0,34;P
21/01/2005;0,31;P
22/01/2005;0,28;P
23/01/2005;0,27;P
24/01/2005;0,26;P
25/01/2005;0,25;P
26/01/2005;0,25;P
27/01/2005;0,24;P
28/01/2005;0,24;P
29/01/2005;0,22;P
30/01/2005;0,22;P
31/01/2005;0,22;P
01/02/2005;0,20;P
02/02/2005;0,20;P
03/02/2005;0,20;P
04/02/2005;0,20;P
05/02/2005;0,19;P
06/02/2005;0,19;P
07/02/2005;0,19;P
08/02/2005;0,19;P
09/02/2005;0,19;P
10/02/2005;0,18;P
11/02/2005;0,18;P
12/02/2005;0,19;P
13/02/2005;0,19;P
14/02/2005;0,20;P
15/02/2005;0,16;P
16/02/2005;0,18;P
17/02/2005;0,18;P
18/02/2005;0,18;P
19/02/2005;0,15;P
20/02/2005;0,17;P
21/02/2005;0,19;P
22/02/2005;0,20;P
23/02/2005;0,20;P
24/02/2005;0,22;P
25/02/2005;0,25;P
26/02/2005;0,26;P
27/02/2005;0,25;P
28/02/2005;0,25;P
01/03/2005;0,24;P
02/03/2005;0,23;P
03/03/2005;0,25;P
04/03/2005;0,28;P
05/03/2005;0,28;P
06/03/2005;0,27;P
07/03/2005;0,27;P
08/03/2005;0,26;P
09/03/2005;0,26;P
10/03/2005;0,28;P
11/03/2005;0,28;P
12/03/2005;0,34;P
13/03/2005;0,41;P
14/03/2005;0,39;P
15/03/2005;0,35;P
16/03/2005;0,31;P
17/03/2005;0,29;P
18/03/2005;0,27;P
19/03/2005;0,27;P
20/03/2005;0,26;P
21/03/2005;0,25;P
22/03/2005;0,25;P
23/03/2005;0,24;P
24/03/2005;0,24;P
25/03/2005;0,25;P
26/03/2005;0,25;P
27/03/2005;0,41;P
28/03/2005;0,49;P
29/03/2005;0,38;P
30/03/2005;0,34;P
31/03/2005;0,31;P
01/04/2005;0,28;P
02/04/2005;0,27;P
03/04/2005;0,26;P
04/04/2005;0,25;P
05/04/2005;0,24;P
06/04/2005;0,24;P
07/04/2005;0,24;P
08/04/2005;0,24;P
09/04/2005;0,24;P
10/04/2005;0,25;P
11/04/2005;0,25;P
12/04/2005;0,24;P
13/04/2005;0,24;P
14/04/2005;0,24;P
15/04/2005;0,23;P
16/04/2005;0,27;P
17/04/2005;0,35;P
18/04/2005;0,32;P
19/04/2005;0,30;P
20/04/2005;0,36;P
21/04/2005;0,47;P
22/04/2005;0,39;P
23/04/2005;0,35;P
24/04/2005;0,33;P
25/04/2005;0,31;P
26/04/2005;0,29;P
27/04/2005;0,28;P
28/04/2005;0,26;P
29/04/2005;0,26;P
30/04/2005;0,25;P
01/05/2005;0,25;P
02/05/2005;0,24;P
03/05/2005;0,24;P
04/05/2005;0,24;P
05/05/2005;0,24;P
06/05/2005;0,23;P
07/05/2005;0,22;P
08/05/2005;0,22;P
09/05/2005;0,23;P
10/05/2005;0,21;P
11/05/2005;0,22;P
12/05/2005;0,21;P
13/05/2005;0,20;P
14/05/2005;0,20;P
15/05/2005;0,20;P
16/05/2005;0,19;P
17/05/2005;0,20;P
18/05/2005;0,27;P
19/05/2005;0,23;P
20/05/2005;0,21;P
21/05/2005;0,20;P
22/05/2005;0,19;P
23/05/2005;0,20;P
24/05/2005;0,16;P
25/05/2005;0,16;P
26/05/2005;0,16;P
27/05/2005;0,16;P
28/05/2005;0,15;P
29/05/2005;0,15;P
30/05/2005;0,14;P
31/05/2005;0,14;P
01/06/2005;0,12;P
02/06/2005;;@
03/06/2005;;@
04/06/2005;;@
05/06/2005;;@
06/06/2005;;@
07/06/2005;;@
08/06/2005;;@
09/06/2005;;@
10/06/2005;;@
11/06/2005;;@
12/06/2005;;@
13/06/2005;;@
14/06/2005;;@
15/06/2005;;@
16/06/2005;;@
17/06/2005;;@
18/06/2005;;@
19/06/2005;;@
20/06/2005;;@
21/06/2005;;@
22/06/2005;;@
23/06/2005;;@
24/06/2005;;@
25/06/2005;;@
26/06/2005;;@
27/06/2005;;@
28/06/2005;;@
29/06/2005;;@
30/06/2005;;@
01/07/2005;;@
02/07/2005;;@
03/07/2005;;@
04/07/2005;;@
05/07/2005;;@
06/07/2005;;@
07/07/2005;;@
08/07/2005;;@
09/07/2005;;@
10/07/2005;;@
11/07/2005;;@
12/07/2005;;@
13/07/2005;;@
14/07/2005;;@
15/07/2005;;@
16/07/2005;;@
17/07/2005;;@
18/07/2005;;@
19/07/2005;;@
20/07/2005;;@
21/07/2005;;@
22/07/2005;;@
23/07/2005;;@
24/07/2005;;@
25/07/2005;;@
26/07/2005;;@
27/07/2005;;@
28/07/2005;;@
29/07/2005;;@
30/07/2005;;@
31/07/2005;;@
01/08/2005;;@
02/08/2005;;@
03/08/2005;;@
04/08/2005;;@
05/08/2005;;@
06/08/2005;;@
07/08/2005;;@
08/08/2005;;@
09/08/2005;;@
10/08/2005;;@
11/08/2005;;@
12/08/2005;;@
13/08/2005;;@
14/08/2005;;@
15/08/2005;;@
16/08/2005;;@
17/08/2005;;@
18/08/2005;;@
19/08/2005;;@
20/08/2005;;@
21/08/2005;;@
22/08/2005;;@
23/08/2005;;@
24/08/2005;;@
25/08/2005;;@
26/08/2005;;@
27/08/2005;;@
28/08/2005;;@
29/08/2005;;@
30/08/2005;;@
31/08/2005;;@
01/09/2005;;@
02/09/2005;;@
03/09/2005;;@
04/09/2005;;@
05/09/2005;;@
06/09/2005;;@
07/09/2005;;@
08/09/2005;;@
09/09/2005;;@
10/09/2005;;@
11/09/2005;;@
12/09/2005;;@
13/09/2005;;@
14/09/2005;;@
15/09/2005;;@
16/09/2005;;@
17/09/2005;;@
18/09/2005;;@
19/09/2005;;@
20/09/2005;;@
21/09/2005;;@
22/09/2005;;@
23/09/2005;;@
24/09/2005;;@
25/09/2005;;@
26/09/2005;;@
27/09/2005;;@
28/09/2005;;@
29/09/2005;;@
30/09/2005;;@
01/10/2005;;@
02/10/2005;;@
03/10/2005;;@
04/10/2005;;@
05/10/2005;;@
06/10/2005;;@
07/10/2005;;@
08/10/2005;;@
09/10/2005;;@
10/10/2005;;@
11/10/2005;;@
12/10/2005;;@
13/10/2005;;@
14/10/2005;;@
15/10/2005;;@
16/10/2005;;@
17/10/2005;;@
18/10/2005;;@
19/10/2005;;@
20/10/2005;;@
21/10/2005;;@
22/10/2005;;@
23/10/2005;;@
24/10/2005;;@
25/10/2005;;@
26/10/2005;;@
27/10/2005;;@
28/10/2005;;@
29/10/2005;;@
30/10/2005;;@
31/10/2005;;@
01/11/2005;;@
02/11/2005;;@
03/11/2005;;@
04/11/2005;;@
05/11/2005;;@
06/11/2005;;@
07/11/2005;;@
08/11/2005;;@
09/11/2005;;@
10/11/2005;;@
11/11/2005;;@
12/11/2005;;@
13/11/2005;;@
14/11/2005;;@
15/11/2005;;@
16/11/2005;;@
17/11/2005;;@
18/11/2005;;@
19/11/2005;;@
20/11/2005;;@
21/11/2005;;@
22/11/2005;;@
23/11/2005;;@
24/11/2005;;@
25/11/2005;0,41;P
26/11/2005;0,76;P
27/11/2005;0,64;P
28/11/2005;0,63;P
29/11/2005;0,57;P
30/11/2005;0,57;P
01/12/2005;0,50;P
02/12/2005;0,44;P
03/12/2005;0,42;P
04/12/2005;0,40;P
05/12/2005;0,62;P
06/12/2005;0,66;P
07/12/2005;0,54;P
08/12/2005;0,49;P
09/12/2005;0,60;P
10/12/2005;0,52;P
11/12/2005;0,46;P
12/12/2005;0,47;P
13/12/2005;0,46;P
14/12/2005;0,43;P
15/12/2005;0,40;P
16/12/2005;0,38;P
17/12/2005;0,37;P
18/12/2005;0,35;P
19/12/2005;0,33;P
20/12/2005;0,31;P
21/12/2005;0,30;P
22/12/2005;0,29;P
23/12/2005;0,29;P
24/12/2005;0,28;P
25/12/2005;0,30;P
26/12/2005;0,36;P
27/12/2005;0,46;P
28/12/2005;0,42;P
29/12/2005;0,38;P
30/12/2005;0,35;P
31/12/2005;0,40;P
01/01/2006;0,64;P
02/01/2006;0,57;P
03/01/2006;0,48;P
04/01/2006;0,43;P
05/01/2006;0,40;P
06/01/2006;0,38;P
07/01/2006;0,36;P
08/01/2006;0,34;P
09/01/2006;0,33;P
10/01/2006;0,32;P
11/01/2006;0,30;P
12/01/2006;0,30;P
13/01/2006;0,29;P
14/01/2006;0,28;P
15/01/2006;0,28;P
16/01/2006;0,28;P
17/01/2006;0,37;P
18/01/2006;0,91;P
19/01/2006;0,59;P
20/01/2006;0,47;P
21/01/2006;0,43;P
22/01/2006;0,40;P
23/01/2006;0,38;P
24/01/2006;0,36;P
25/01/2006;0,35;P
26/01/2006;0,35;P
27/01/2006;0,34;P
28/01/2006;0,34;P
29/01/2006;0,33;P
30/01/2006;0,32;P
31/01/2006;0,32;P
01/02/2006;0,31;P
02/02/2006;0,30;P
03/02/2006;0,30;P
04/02/2006;0,30;P
05/02/2006;0,29;P
06/02/2006;0,28;P
07/02/2006;0,27;P
08/02/2006;0,28;P
09/02/2006;0,28;P
10/02/2006;0,26;P
11/02/2006;0,26;P
12/02/2006;0,26;P
13/02/2006;0,25;P
14/02/2006;0,24;P
15/02/2006;0,25;P
16/02/2006;0,36;P
17/02/2006;0,41;P
18/02/2006;0,35;P
19/02/2006;0,33;P
20/02/2006;0,46;P
21/02/2006;0,43;P
22/02/2006;0,45;P
23/02/2006;0,44;P
24/02/2006;0,41;P
25/02/2006;0,40;P
26/02/2006;0,37;P
27/02/2006;0,36;P
28/02/2006;0,35;P
01/03/2006;0,37;P
02/03/2006;0,35;P
03/03/2006;0,56;P
04/03/2006;0,52;P
05/03/2006;0,55;P
06/03/2006;0,53;P
07/03/2006;0,44;P
08/03/2006;0,40;P
09/03/2006;0,38;P
10/03/2006;0,38;P
11/03/2006;0,37;P
12/03/2006;0,35;P
13/03/2006;0,33;P
14/03/2006;0,32;P
15/03/2006;0,31;P
16/03/2006;0,31;P
17/03/2006;0,30;P
18/03/2006;0,28;P
19/03/2006;0,28;P
20/03/2006;0,28;P
21/03/2006;0,30;P
22/03/2006;0,32;P
23/03/2006;0,33;P
24/03/2006;0,31;P
25/03/2006;0,30;P
26/03/2006;0,29;P
27/03/2006;0,28;P
28/03/2006;0,28;P
29/03/2006;0,27;P
30/03/2006;0,26;P
31/03/2006;0,25;P
01/04/2006;0,00;@
02/04/2006;0,00;@
03/04/2006;0,00;@
04/04/2006;-0,01;P
05/04/2006;0,00;@
06/04/2006;0,00;@
07/04/2006;-0,01;P
08/04/2006;-0,02;P
09/04/2006;-0,02;P
10/04/2006;-0,01;P
11/04/2006;-0,03;P
12/04/2006;-0,04;P
13/04/2006;-0,05;P
14/04/2006;-0,05;P
15/04/2006;-0,05;P
16/04/2006;-0,04;P
17/04/2006;-0,05;P
18/04/2006;-0,05;P
19/04/2006;-0,05;P
20/04/2006;-0,07;P
21/04/2006;-0,07;P
22/04/2006;-0,07;P
23/04/2006;-0,08;P
24/04/2006;-0,08;P
25/04/2006;-0,09;P
26/04/2006;-0,09;P
27/04/2006;-0,08;P
28/04/2006;-0,09;P
29/04/2006;-0,08;P
30/04/2006;-0,07;P
01/05/2006;-0,09;P
02/05/2006;-0,09;P
03/05/2006;-0,11;P
04/05/2006;-0,12;P
05/05/2006;-0,14;P
06/05/2006;-0,15;P
07/05/2006;-0,16;P
08/05/2006;-0,12;P
09/05/2006;0,10;P
10/05/2006;0,03;P
11/05/2006;-0,02;P
12/05/2006;-0,07;P
13/05/2006;-0,08;P
14/05/2006;-0,06;P
15/05/2006;-0,07;P
16/05/2006;-0,15;P
17/05/2006;-0,14;P
18/05/2006;-0,14;P
19/05/2006;-0,14;P
20/05/2006;-0,15;P
21/05/2006;-0,18;P
22/05/2006;-0,15;P
23/05/2006;-0,15;P
24/05/2006;-0,18;P
25/05/2006;-0,15;P
26/05/2006;-0,16;P
27/05/2006;-0,22;P
28/05/2006;-0,13;P
29/05/2006;-0,13;P
30/05/2006;-0,12;P
31/05/2006;-0,18;P
01/06/2006;-0,16;P
02/06/2006;-0,13;P
03/06/2006;-0,11;P
04/06/2006;-0,14;P
05/06/2006;-0,13;P
06/06/2006;-0,11;P
07/06/2006;-0,13;P
08/06/2006;-0,13;P
09/06/2006;-0,13;P
10/06/2006;-0,14;P
11/06/2006;-0,14;P
12/06/2006;-0,14;P
13/06/2006;-0,14;P
14/06/2006;-0,14;P
15/06/2006;-0,14;P
16/06/2006;-0,14;P
17/06/2006;-0,13;P
18/06/2006;-0,13;P
19/06/2006;-0,14;P
20/06/2006;-0,13;P
21/06/2006;-0,14;P
22/06/2006;-0,13;P
23/06/2006;-0,13;P
24/06/2006;-0,15;P
25/06/2006;-0,14;P
26/06/2006;-0,14;P
27/06/2006;-0,13;P
28/06/2006;-0,13;P
29/06/2006;-0,15;P
30/06/2006;-0,14;P
01/07/2006;-0,14;P
02/07/2006;-0,18;P
03/07/2006;-0,16;P
04/07/2006;-0,16;P
05/07/2006;-0,15;P
06/07/2006;-0,14;P
07/07/2006;-0,12;P
08/07/2006;-0,14;P
09/07/2006;-0,13;P
10/07/2006;-0,13;P
11/07/2006;-0,12;P
12/07/2006;-0,12;P
13/07/2006;-0,13;P
14/07/2006;-0,12;P
15/07/2006;-0,13;P
16/07/2006;-0,12;P
17/07/2006;-0,13;P
18/07/2006;-0,12;P
19/07/2006;-0,12;P
20/07/2006;-0,12;P
21/07/2006;-0,13;P
22/07/2006;-0,13;P
23/07/2006;-0,13;P
24/07/2006;-0,12;P
25/07/2006;-0,13;P
26/07/2006;-0,12;P
27/07/2006;-0,11;P
28/07/2006;-0,11;P
29/07/2006;-0,09;P
30/07/2006;-0,09;P
31/07/2006;-0,09;P
01/08/2006;-0,08;P
02/08/2006;-0,07;P
03/08/2006;-0,04;P
04/08/2006;-0,07;P
05/08/2006;-0,08;P
06/08/2006;-0,07;P
07/08/2006;-0,08;P
08/08/2006;-0,09;P
09/08/2006;-0,10;P
10/08/2006;-0,12;P
11/08/2006;-0,13;P
12/08/2006;-0,04;P
13/08/2006;-0,02;P
14/08/2006;-0,01;P
15/08/2006;-0,02;P
16/08/2006;-0,04;P
17/08/2006;-0,04;P
18/08/2006;-0,04;P
19/08/2006;-0,04;P
20/08/2006;-0,03;P
21/08/2006;-0,08;P
22/08/2006;-0,07;P
23/08/2006;-0,06;P
24/08/2006;-0,03;P
25/08/2006;-0,04;P
26/08/2006;-0,06;P
27/08/2006;-0,06;P
28/08/2006;-0,01;P
29/08/2006;0,01;P
30/08/2006;-0,04;P
31/08/2006;-0,04;P
01/09/2006;-0,02;P
02/09/2006;-0,02;P
03/09/2006;-0,01;P
04/09/2006;-0,01;P
05/09/2006;-0,03;P
06/09/2006;-0,04;P
07/09/2006;-0,02;P
08/09/2006;-0,05;P
09/09/2006;-0,13;P
10/09/2006;-0,05;P
11/09/2006;-0,10;P
12/09/2006;-0,10;P
13/09/2006;-0,10;P
14/09/2006;-0,07;P
15/09/2006;-0,14;P
16/09/2006;-0,13;P
17/09/2006;-0,09;P
18/09/2006;-0,07;P
19/09/2006;-0,04;P
20/09/2006;-0,05;P
21/09/2006;-0,04;P
22/09/2006;-0,05;P
23/09/2006;0,00;@
24/09/2006;-0,06;P
25/09/2006;-0,08;P
26/09/2006;-0,03;P
27/09/2006;-0,02;P
28/09/2006;-0,04;P
29/09/2006;0,08;P
30/09/2006;0,07;P
01/10/2006;0,03;P
02/10/2006;0,00;@
03/10/2006;0,00;@
04/10/2006;0,03;P
05/10/2006;0,00;@
06/10/2006;0,05;P
07/10/2006;0,12;P
08/10/2006;0,16;P
09/10/2006;0,09;P
10/10/2006;0,04;P
11/10/2006;-0,04;P
12/10/2006;0,05;P
13/10/2006;-0,12;P
14/10/2006;0,02;P
15/10/2006;-0,02;P
16/10/2006;-0,07;P
17/10/2006;-0,06;P
18/10/2006;-0,10;P
19/10/2006;-0,11;P
20/10/2006;-0,14;P
21/10/2006;-0,04;P
22/10/2006;-0,05;P
23/10/2006;-0,14;P
24/10/2006;0,01;P
25/10/2006;-0,04;P
26/10/2006;-0,03;P
27/10/2006;-0,01;P
28/10/2006;0,01;P
29/10/2006;-0,02;P
30/10/2006;0,03;P
31/10/2006;-0,01;P
01/11/2006;0,08;P
02/11/2006;0,00;@
03/11/2006;-0,08;P
04/11/2006;-0,15;P
05/11/2006;-0,13;P
06/11/2006;-0,05;P
07/11/2006;-0,11;P
08/11/2006;0,01;P
09/11/2006;0,00;@
10/11/2006;-0,03;P
11/11/2006;-0,06;P
12/11/2006;0,05;P
13/11/2006;-0,05;P
14/11/2006;-0,06;P
15/11/2006;-0,12;P
16/11/2006;-0,03;P
17/11/2006;0,01;P
18/11/2006;-0,01;P
19/11/2006;-0,06;P
20/11/2006;0,08;P
21/11/2006;0,00;@
22/11/2006;0,18;P
23/11/2006;0,00;@
24/11/2006;-0,07;P
25/11/2006;-0,16;P
26/11/2006;-0,09;P
27/11/2006;-0,10;P
28/11/2006;-0,10;P
29/11/2006;-0,08;P
30/11/2006;-0,10;P
01/12/2006;-0,06;P
02/12/2006;-0,03;P
03/12/2006;-0,06;P
04/12/2006;-0,12;P
05/12/2006;-0,05;P
06/12/2006;-0,09;P
07/12/2006;-0,15;P
08/12/2006;-0,04;P
09/12/2006;0,29;P
10/12/2006;0,19;P
11/12/2006;0,07;P
12/12/2006;0,02;P
13/12/2006;-0,01;P
14/12/2006;-0,04;P
15/12/2006;-0,07;P
16/12/2006;-0,08;P
17/12/2006;-0,08;P
18/12/2006;-0,11;P
19/12/2006;-0,13;P
20/12/2006;-0,14;P
21/12/2006;-0,17;P
22/12/2006;-0,27;P
23/12/2006;-0,24;P
24/12/2006;-0,25;P
25/12/2006;-0,26;P
26/12/2006;-0,26;P
27/12/2006;-0,30;P
28/12/2006;-0,31;P
29/12/2006;-0,31;P
30/12/2006;-0,31;P
31/12/2006;-0,26;P
01/01/2007;-0,30;P
02/01/2007;-0,02;P
03/01/2007;0,00;@
04/01/2007;-0,03;P
05/01/2007;-0,04;P
06/01/2007;-0,05;P
07/01/2007;-0,08;P
08/01/2007;0,13;P
09/01/2007;0,11;P
10/01/2007;0,11;P
11/01/2007;0,22;P
12/01/2007;0,19;P
13/01/2007;0,17;P
14/01/2007;0,15;P
15/01/2007;0,14;P
16/01/2007;0,12;P
17/01/2007;0,10;P
18/01/2007;0,09;P
19/01/2007;0,09;P
20/01/2007;0,08;P
21/01/2007;0,06;P
22/01/2007;-0,05;P
23/01/2007;-0,09;P
24/01/2007;0,28;P
25/01/2007;0,38;P
26/01/2007;0,32;P
27/01/2007;0,26;P
28/01/2007;0,24;P
29/01/2007;0,24;P
30/01/2007;0,20;P
31/01/2007;0,20;P
01/02/2007;0,18;P
02/02/2007;0,16;P
03/02/2007;0,14;P
04/02/2007;0,14;P
05/02/2007;0,14;P
06/02/2007;0,10;P
07/02/2007;0,26;P
08/02/2007;0,54;P
09/02/2007;0,57;P
10/02/2007;0,41;P
11/02/2007;0,34;P
12/02/2007;0,36;P
13/02/2007;0,63;P
14/02/2007;0,41;P
15/02/2007;0,41;P
16/02/2007;0,38;P
17/02/2007;0,34;P
18/02/2007;0,31;P
19/02/2007;0,29;P
20/02/2007;0,26;P
21/02/2007;0,25;P
22/02/2007;0,24;P
23/02/2007;0,23;P
24/02/2007;0,24;P
25/02/2007;0,39;P
26/02/2007;0,54;P
27/02/2007;0,38;P
28/02/2007;0,34;P
01/03/2007;0,31;P
02/03/2007;0,29;P
03/03/2007;0,27;P
04/03/2007;0,25;P
05/03/2007;0,24;P
06/03/2007;0,23;P
07/03/2007;0,26;P
08/03/2007;0,26;P
09/03/2007;0,24;P
10/03/2007;0,23;P
11/03/2007;0,22;P
12/03/2007;0,22;P
13/03/2007;0,20;P
14/03/2007;0,20;P
15/03/2007;0,19;P
16/03/2007;0,18;P
17/03/2007;0,18;P
18/03/2007;0,18;P
19/03/2007;0,24;P
20/03/2007;0,30;P
21/03/2007;0,31;P
22/03/2007;0,28;P
23/03/2007;0,26;P
24/03/2007;0,25;P
25/03/2007;0,24;P
26/03/2007;0,24;P
27/03/2007;0,23;P
28/03/2007;0,21;P
29/03/2007;0,22;P
30/03/2007;0,20;P
31/03/2007;0,21;P
01/04/2007;0,20;P
02/04/2007;0,20;P
03/04/2007;0,20;P
04/04/2007;0,21;P
05/04/2007;0,18;P
06/04/2007;0,16;P
07/04/2007;0,16;P
08/04/2007;0,16;P
09/04/2007;0,16;P
10/04/2007;0,15;P
11/04/2007;0,14;P
12/04/2007;0,12;P
13/04/2007;0,12;P
14/04/2007;0,11;P
15/04/2007;0,11;P
16/04/2007;0,10;P
17/04/2007;0,08;P
18/04/2007;0,05;P
19/04/2007;-0,04;P
20/04/2007;-0,04;P
21/04/2007;0,00;@
22/04/2007;0,01;P
23/04/2007;0,11;P
24/04/2007;0,07;P
25/04/2007;0,00;@
26/04/2007;-0,03;P
27/04/2007;0,01;P
28/04/2007;0,01;P
29/04/2007;0,01;P
30/04/2007;0,02;P
01/05/2007;0,01;P
02/05/2007;0,05;P
03/05/2007;0,10;P
04/05/2007;0,17;P
05/05/2007;0,20;P
06/05/2007;0,19;P
07/05/2007;0,17;P
08/05/2007;0,13;P
09/05/2007;0,11;P
10/05/2007;0,10;P
11/05/2007;0,09;P
12/05/2007;0,08;P
13/05/2007;0,04;P
14/05/2007;-0,03;P
15/05/2007;0,04;P
16/05/2007;0,02;P
17/05/2007;0,04;P
18/05/2007;0,01;P
19/05/2007;0,04;P
20/05/2007;0,01;P
21/05/2007;0,02;P
22/05/2007;0,01;P
23/05/2007;0,01;P
24/05/2007;-0,01;P
25/05/2007;0,00;@
26/05/2007;0,01;P
27/05/2007;0,03;P
28/05/2007;0,02;P
29/05/2007;-0,01;P
30/05/2007;-0,01;P
31/05/2007;-0,01;P
01/06/2007;0,02;P
02/06/2007;0,04;P
03/06/2007;0,06;P
04/06/2007;0,05;P
05/06/2007;0,07;P
06/06/2007;0,06;P
07/06/2007;0,06;P
08/06/2007;0,04;P
09/06/2007;0,01;P
10/06/2007;0,01;P
11/06/2007;0,03;P
12/06/2007;0,11;P
13/06/2007;0,11;P
14/06/2007;0,09;P
15/06/2007;0,12;P
16/06/2007;0,11;P
17/06/2007;0,12;P
18/06/2007;0,08;P
19/06/2007;0,08;P
20/06/2007;0,08;P
21/06/2007;0,10;P
22/06/2007;0,12;P
23/06/2007;0,09;P
24/06/2007;0,08;P
25/06/2007;0,08;P
26/06/2007;0,10;P
27/06/2007;0,09;P
28/06/2007;0,09;P
29/06/2007;0,08;P
30/06/2007;0,09;P
01/07/2007;0,09;P
02/07/2007;0,10;P
03/07/2007;0,10;P
04/07/2007;0,10;P
05/07/2007;0,10;P
06/07/2007;0,11;P
07/07/2007;0,10;P
08/07/2007;0,11;P
09/07/2007;0,11;P
10/07/2007;0,12;P
11/07/2007;0,11;P
12/07/2007;0,09;P
13/07/2007;0,08;P
14/07/2007;0,08;P
15/07/2007;0,07;P
16/07/2007;0,08;P
17/07/2007;0,08;P
18/07/2007;0,10;P
19/07/2007;0,10;P
20/07/2007;0,07;P
21/07/2007;0,07;P
22/07/2007;0,09;P
23/07/2007;0,10;P
24/07/2007;0,11;P
25/07/2007;0,09;P
26/07/2007;0,07;P
27/07/2007;0,07;P
28/07/2007;0,08;P
29/07/2007;0,07;P
30/07/2007;0,09;P
31/07/2007;0,10;P
01/08/2007;0,09;P
02/08/2007;0,08;P
03/08/2007;0,11;P
04/08/2007;0,10;P
05/08/2007;0,10;P
06/08/2007;0,10;P
07/08/2007;0,11;P
08/08/2007;0,09;P
09/08/2007;0,03;P
10/08/2007;0,01;P
11/08/2007;0,05;P
12/08/2007;0,05;P
13/08/2007;0,05;P
14/08/2007;0,05;P
15/08/2007;0,05;P
16/08/2007;0,08;P
17/08/2007;0,12;P
18/08/2007;0,12;P
19/08/2007;0,14;P
20/08/2007;0,17;P
21/08/2007;0,21;P
22/08/2007;0,16;P
23/08/2007;0,19;P
24/08/2007;0,21;P
25/08/2007;0,23;P
26/08/2007;0,23;P
27/08/2007;0,26;P
28/08/2007;0,31;P
29/08/2007;0,29;P
30/08/2007;0,31;P
31/08/2007;0,35;P
01/09/2007;0,33;P
02/09/2007;0,32;P
03/09/2007;0,32;P
04/09/2007;0,33;P
05/09/2007;0,35;P
06/09/2007;0,36;P
07/09/2007;0,38;P
08/09/2007;0,40;P
09/09/2007;0,42;P
10/09/2007;0,41;P
11/09/2007;0,39;P
12/09/2007;0,40;P
13/09/2007;0,39;P
14/09/2007;0,40;P
15/09/2007;0,39;P
16/09/2007;0,39;P
17/09/2007;0,40;P
18/09/2007;0,37;P
19/09/2007;0,44;P
20/09/2007;0,43;P
21/09/2007;0,46;P
22/09/2007;0,47;P
23/09/2007;0,47;P
24/09/2007;0,46;P
25/09/2007;0,47;P
26/09/2007;0,48;P
27/09/2007;0,48;P
28/09/2007;0,45;P
29/09/2007;0,46;P
30/09/2007;0,42;P
01/10/2007;0,48;P
02/10/2007;0,45;P
03/10/2007;0,43;P
04/10/2007;0,47;P
05/10/2007;0,47;P
06/10/2007;0,54;P
07/10/2007;0,52;P
08/10/2007;0,48;P
09/10/2007;0,56;P
10/10/2007;0,53;P
11/10/2007;0,58;P
12/10/2007;0,52;P
13/10/2007;0,54;P
14/10/2007;0,56;P
15/10/2007;0,58;P
16/10/2007;0,58;P
17/10/2007;0,57;P
18/10/2007;0,55;P
19/10/2007;0,58;P
20/10/2007;0,57;P
21/10/2007;0,57;P
22/10/2007;0,52;P
23/10/2007;0,49;P
24/10/2007;0,46;P
25/10/2007;0,46;P
26/10/2007;0,46;P
27/10/2007;0,50;P
28/10/2007;0,55;P
29/10/2007;0,58;P
30/10/2007;0,46;P
31/10/2007;0,40;P
01/11/2007;0,41;P
02/11/2007;0,41;P
03/11/2007;0,38;P
04/11/2007;0,42;P
05/11/2007;0,35;P
06/11/2007;0,34;P
07/11/2007;0,45;P
08/11/2007;0,53;P
09/11/2007;0,49;P
10/11/2007;0,44;P
11/11/2007;0,55;P
12/11/2007;0,46;P
13/11/2007;0,49;P
14/11/2007;0,48;P
15/11/2007;0,44;P
16/11/2007;0,44;P
17/11/2007;0,48;P
18/11/2007;;@
19/11/2007;0,40;P
20/11/2007;0,32;P
21/11/2007;0,20;P
22/11/2007;0,14;P
23/11/2007;0,25;P
24/11/2007;0,36;P
25/11/2007;0,40;P
26/11/2007;0,45;P
27/11/2007;0,28;P
28/11/2007;0,16;P
29/11/2007;0,17;P
30/11/2007;0,34;P
01/12/2007;0,41;P
02/12/2007;0,33;P
03/12/2007;0,25;P
04/12/2007;0,23;P
05/12/2007;0,14;P
06/12/2007;0,12;P
07/12/2007;0,10;P
08/12/2007;0,44;P
09/12/2007;0,38;P
10/12/2007;0,37;P
11/12/2007;0,28;P
12/12/2007;0,21;P
13/12/2007;0,17;P
14/12/2007;0,14;P
15/12/2007;0,11;P
16/12/2007;0,11;P
17/12/2007;0,09;P
18/12/2007;0,05;P
19/12/2007;0,01;P
20/12/2007;-0,01;P
21/12/2007;-0,03;P
22/12/2007;0,05;P
23/12/2007;0,03;P
24/12/2007;0,12;P
25/12/2007;0,07;P
26/12/2007;0,05;P
27/12/2007;0,07;P
28/12/2007;0,03;P
29/12/2007;0,06;P
30/12/2007;0,12;P
31/12/2007;0,01;P
01/01/2008;-0,02;P
02/01/2008;-0,06;P
03/01/2008;-0,03;P
04/01/2008;0,04;P
05/01/2008;0,06;P
06/01/2008;0,14;P
07/01/2008;0,29;P
08/01/2008;0,22;P
09/01/2008;0,18;P
10/01/2008;0,16;P
11/01/2008;0,17;P
12/01/2008;0,44;P
13/01/2008;0,47;P
14/01/2008;0,34;P
15/01/2008;0,32;P
16/01/2008;0,42;P
17/01/2008;0,69;P
18/01/2008;0,42;P
19/01/2008;0,34;P
20/01/2008;0,30;P
21/01/2008;0,27;P
22/01/2008;0,25;P
23/01/2008;0,23;P
24/01/2008;0,22;P
25/01/2008;0,20;P
26/01/2008;0,19;P
27/01/2008;0,20;P
28/01/2008;0,20;P
29/01/2008;0,16;P
30/01/2008;0,16;P
31/01/2008;0,18;P
01/02/2008;0,18;P
02/02/2008;0,17;P
03/02/2008;0,19;P
04/02/2008;0,33;P
05/02/2008;0,42;P
06/02/2008;0,33;P
07/02/2008;0,29;P
08/02/2008;0,25;P
09/02/2008;0,24;P
10/02/2008;0,22;P
11/02/2008;0,22;P
12/02/2008;0,20;P
13/02/2008;0,19;P
14/02/2008;0,19;P
15/02/2008;0,18;P
16/02/2008;0,17;P
17/02/2008;0,17;P
18/02/2008;0,17;P
19/02/2008;0,14;P
20/02/2008;0,16;P
21/02/2008;0,14;P
22/02/2008;0,13;P
23/02/2008;0,10;P
24/02/2008;0,11;P
25/02/2008;0,11;P
26/02/2008;0,10;P
27/02/2008;0,12;P
28/02/2008;0,11;P
29/02/2008;0,10;P
01/03/2008;0,10;P
02/03/2008;0,13;P
03/03/2008;0,12;P
04/03/2008;0,11;P
05/03/2008;0,13;P
06/03/2008;0,12;P
07/03/2008;0,11;P
08/03/2008;0,10;P
09/03/2008;0,09;P
10/03/2008;0,13;P
11/03/2008;0,17;P
12/03/2008;0,21;P
13/03/2008;0,20;P
14/03/2008;0,18;P
15/03/2008;0,18;P
16/03/2008;0,17;P
17/03/2008;0,17;P
18/03/2008;0,18;P
19/03/2008;0,19;P
20/03/2008;0,20;P
21/03/2008;0,24;P
22/03/2008;0,63;P
23/03/2008;0,42;P
24/03/2008;0,40;P
25/03/2008;0,38;P
26/03/2008;0,35;P
27/03/2008;0,32;P
28/03/2008;0,31;P
29/03/2008;0,29;P
30/03/2008;0,28;P
31/03/2008;0,26;P
01/04/2008;0,26;P
02/04/2008;0,24;P
03/04/2008;0,24;P
04/04/2008;0,23;P
05/04/2008;0,22;P
06/04/2008;0,22;P
07/04/2008;0,21;P
08/04/2008;0,21;P
09/04/2008;0,21;P
10/04/2008;0,24;P
11/04/2008;0,22;P
12/04/2008;0,29;P
13/04/2008;0,28;P
14/04/2008;0,28;P
15/04/2008;0,34;P
16/04/2008;0,34;P
17/04/2008;0,32;P
18/04/2008;0,46;P
19/04/2008;0,60;P
20/04/2008;0,44;P
21/04/2008;0,45;P
22/04/2008;0,53;P
23/04/2008;0,49;P
24/04/2008;0,41;P
25/04/2008;0,36;P
26/04/2008;0,33;P
27/04/2008;0,32;P
28/04/2008;0,30;P
29/04/2008;0,30;P
30/04/2008;0,28;P
01/05/2008;0,27;P
02/05/2008;0,26;P
03/05/2008;0,25;P
04/05/2008;0,24;P
05/05/2008;0,24;P
06/05/2008;0,23;P
07/05/2008;0,22;P
08/05/2008;0,22;P
09/05/2008;0,21;P
10/05/2008;0,20;P
11/05/2008;0,20;P
12/05/2008;0,20;P
13/05/2008;0,19;P
14/05/2008;0,19;P
15/05/2008;0,18;P
16/05/2008;0,18;P
17/05/2008;0,18;P
18/05/2008;0,20;P
19/05/2008;0,18;P
20/05/2008;0,26;P
21/05/2008;0,25;P
22/05/2008;0,25;P
23/05/2008;0,23;P
24/05/2008;0,20;P
25/05/2008;0,19;P
26/05/2008;0,18;P
27/05/2008;0,17;P
28/05/2008;0,13;P
29/05/2008;0,12;P
30/05/2008;0,20;P
31/05/2008;0,20;P
01/06/2008;0,17;P
02/06/2008;0,16;P
03/06/2008;0,15;P
04/06/2008;0,16;P
05/06/2008;0,13;P
06/06/2008;0,13;P
07/06/2008;0,12;P
08/06/2008;0,12;P
09/06/2008;0,13;P
10/06/2008;0,12;P
11/06/2008;0,11;P
12/06/2008;0,08;P
13/06/2008;0,02;P
14/06/2008;0,13;P
15/06/2008;0,18;P
16/06/2008;0,13;P
17/06/2008;0,13;P
18/06/2008;0,18;P
19/06/2008;0,14;P
20/06/2008;0,13;P
21/06/2008;0,06;P
22/06/2008;0,09;P
23/06/2008;0,10;P
24/06/2008;0,09;P
25/06/2008;0,08;P
26/06/2008;0,09;P
27/06/2008;0,09;P
28/06/2008;0,07;P
29/06/2008;0,03;P
30/06/2008;0,01;P
01/07/2008;0,04;P
02/07/2008;;@
03/07/2008;;@
04/07/2008;;@
05/07/2008;;@
06/07/2008;;@
07/07/2008;;@
08/07/2008;;@
09/07/2008;;@
10/07/2008;;@
11/07/2008;;@
12/07/2008;;@
13/07/2008;;@
14/07/2008;;@
15/07/2008;;@
16/07/2008;;@
17/07/2008;;@
18/07/2008;;@
19/07/2008;;@
20/07/2008;;@
21/07/2008;;@
22/07/2008;;@
23/07/2008;;@
24/07/2008;;@
25/07/2008;;@
26/07/2008;;@
27/07/2008;;@
28/07/2008;;@
29/07/2008;;@
30/07/2008;;@
31/07/2008;;@
01/08/2008;;@
02/08/2008;;@
03/08/2008;;@
04/08/2008;;@
05/08/2008;;@
06/08/2008;;@
07/08/2008;;@
08/08/2008;;@
09/08/2008;;@
10/08/2008;;@
11/08/2008;;@
12/08/2008;;@
13/08/2008;;@
14/08/2008;;@
15/08/2008;;@
16/08/2008;;@
17/08/2008;;@
18/08/2008;;@
19/08/2008;;@
20/08/2008;;@
21/08/2008;;@
22/08/2008;;@
23/08/2008;;@
24/08/2008;;@
25/08/2008;;@
26/08/2008;;@
27/08/2008;;@
28/08/2008;;@
29/08/2008;;@
30/08/2008;;@
31/08/2008;;@
01/09/2008;;@
02/09/2008;;@
03/09/2008;;@
04/09/2008;;@
05/09/2008;;@
06/09/2008;;@
07/09/2008;;@
08/09/2008;;@
09/09/2008;;@
10/09/2008;;@
11/09/2008;;@
12/09/2008;;@
13/09/2008;;@
14/09/2008;;@
15/09/2008;;@
16/09/2008;;@
17/09/2008;;@
18/09/2008;;@
19/09/2008;;@
20/09/2008;;@
21/09/2008;;@
22/09/2008;;@
23/09/2008;;@
24/09/2008;;@
25/09/2008;;@
26/09/2008;;@
27/09/2008;;@
28/09/2008;;@
29/09/2008;;@
30/09/2008;;@
01/10/2008;;@
02/10/2008;;@
03/10/2008;;@
04/10/2008;;@
05/10/2008;;@
06/10/2008;;@
07/10/2008;;@
08/10/2008;;@
09/10/2008;;@
10/10/2008;;@
11/10/2008;;@
12/10/2008;;@
13/10/2008;;@
14/10/2008;;@
15/10/2008;;@
16/10/2008;;@
17/10/2008;;@
18/10/2008;;@
19/10/2008;;@
20/10/2008;;@
21/10/2008;;@
22/10/2008;;@
23/10/2008;;@
24/10/2008;;@
25/10/2008;;@
26/10/2008;;@
27/10/2008;;@
28/10/2008;;@
29/10/2008;;@
30/10/2008;;@
31/10/2008;;@
01/11/2008;;@
02/11/2008;;@
03/11/2008;;@
04/11/2008;;@
05/11/2008;;@
06/11/2008;;@
07/11/2008;;@
08/11/2008;;@
09/11/2008;;@
10/11/2008;;@
11/11/2008;;@
12/11/2008;;@
13/11/2008;;@
14/11/2008;;@
15/11/2008;;@
16/11/2008;;@
17/11/2008;;@
18/11/2008;;@
19/11/2008;;@
20/11/2008;;@
21/11/2008;;@
22/11/2008;;@
23/11/2008;;@
24/11/2008;;@
25/11/2008;;@
26/11/2008;;@
27/11/2008;;@
28/11/2008;;@
29/11/2008;;@
30/11/2008;;@
01/12/2008;;@
02/12/2008;;@
03/12/2008;;@
04/12/2008;;@
05/12/2008;;@
06/12/2008;;@
07/12/2008;;@
08/12/2008;;@
09/12/2008;;@
10/12/2008;;@
11/12/2008;;@
12/12/2008;;@
13/12/2008;;@
14/12/2008;;@
15/12/2008;;@
16/12/2008;;@
17/12/2008;;@
18/12/2008;;@
19/12/2008;;@
20/12/2008;;@
21/12/2008;;@
22/12/2008;;@
23/12/2008;;@
24/12/2008;;@
25/12/2008;;@
26/12/2008;;@
27/12/2008;;@
28/12/2008;;@
29/12/2008;;@
30/12/2008;;@
31/12/2008;;@
01/01/2009;0,23;V
02/01/2009;0,23;V
03/01/2009;0,22;V
04/01/2009;0,21;V
05/01/2009;0,20;V
06/01/2009;0,20;V
07/01/2009;0,23;V
08/01/2009;0,27;V
09/01/2009;0,25;V
10/01/2009;0,24;V
11/01/2009;0,23;V
12/01/2009;0,22;V
13/01/2009;0,21;V
14/01/2009;0,25;V
15/01/2009;0,25;V
16/01/2009;0,24;V
17/01/2009;0,24;V
18/01/2009;0,24;V
19/01/2009;0,32;V
20/01/2009;0,37;V
21/01/2009;0,59;V
22/01/2009;0,42;V
23/01/2009;0,37;V
24/01/2009;0,46;V
25/01/2009;0,51;V
26/01/2009;0,44;V
27/01/2009;0,42;V
28/01/2009;0,37;V
29/01/2009;0,34;V
30/01/2009;0,32;V
31/01/2009;0,30;V
01/02/2009;0,30;V
02/02/2009;0,36;V
03/02/2009;0,59;V
04/02/2009;0,49;V
05/02/2009;0,51;V
06/02/2009;0,53;V
07/02/2009;0,54;V
08/02/2009;0,49;V
09/02/2009;0,43;V
10/02/2009;0,41;V
11/02/2009;0,38;V
12/02/2009;0,36;V
13/02/2009;0,34;V
14/02/2009;0,33;V
15/02/2009;0,31;V
16/02/2009;0,30;V
17/02/2009;0,30;V
18/02/2009;0,28;V
19/02/2009;0,27;V
20/02/2009;0,27;V
21/02/2009;0,26;V
22/02/2009;0,26;V
23/02/2009;0,26;V
24/02/2009;0,25;V
25/02/2009;0,24;V
26/02/2009;0,24;V
27/02/2009;0,24;V
28/02/2009;0,23;V
01/03/2009;0,24;V
02/03/2009;0,24;V
03/03/2009;0,24;V
04/03/2009;0,41;V
05/03/2009;0,72;V
06/03/2009;0,55;V
07/03/2009;0,44;V
08/03/2009;0,38;V
09/03/2009;0,36;V
10/03/2009;0,33;V
11/03/2009;0,32;V
12/03/2009;0,30;V
13/03/2009;0,30;V
14/03/2009;0,29;V
15/03/2009;0,28;V
16/03/2009;0,28;V
17/03/2009;0,27;V
18/03/2009;0,26;V
19/03/2009;0,26;V
20/03/2009;0,26;V
21/03/2009;0,25;V
22/03/2009;0,24;V
23/03/2009;0,24;V
24/03/2009;0,25;V
25/03/2009;0,24;V
26/03/2009;0,23;V
27/03/2009;0,23;V
28/03/2009;0,24;V
29/03/2009;0,62;V
30/03/2009;0,67;V
31/03/2009;0,50;V
01/04/2009;0,49;V
02/04/2009;0,58;V
03/04/2009;0,50;V
04/04/2009;0,45;V
05/04/2009;0,41;V
06/04/2009;0,39;V
07/04/2009;0,36;V
08/04/2009;0,34;V
09/04/2009;0,33;V
10/04/2009;0,32;V
11/04/2009;0,32;V
12/04/2009;0,31;V
13/04/2009;0,30;V
14/04/2009;0,29;V
15/04/2009;0,29;V
16/04/2009;0,29;V
17/04/2009;0,31;V
18/04/2009;0,30;V
19/04/2009;0,31;V
20/04/2009;0,30;V
21/04/2009;0,29;V
22/04/2009;0,28;V
23/04/2009;0,30;V
24/04/2009;0,33;V
25/04/2009;0,30;V
26/04/2009;0,30;V
27/04/2009;0,29;V
28/04/2009;0,28;V
29/04/2009;0,28;V
30/04/2009;0,28;V
01/05/2009;0,27;V
02/05/2009;0,26;V
03/05/2009;0,25;V
04/05/2009;0,24;V
05/05/2009;0,24;V
06/05/2009;0,23;V
07/05/2009;0,22;V
08/05/2009;0,21;V
09/05/2009;0,21;V
10/05/2009;0,20;V
11/05/2009;0,20;V
12/05/2009;0,19;V
13/05/2009;0,19;V
14/05/2009;0,18;V
15/05/2009;0,18;V
16/05/2009;0,18;V
17/05/2009;0,17;V
18/05/2009;0,15;V
19/05/2009;0,14;V
20/05/2009;0,13;V
21/05/2009;0,13;V
22/05/2009;0,14;V
23/05/2009;0,12;V
24/05/2009;0,11;V
25/05/2009;0,11;V
26/05/2009;;@
27/05/2009;;@
28/05/2009;;@
29/05/2009;;@
30/05/2009;;@
31/05/2009;;@
01/06/2009;;@
02/06/2009;;@
03/06/2009;;@
04/06/2009;;@
05/06/2009;;@
06/06/2009;;@
07/06/2009;;@
08/06/2009;;@
09/06/2009;;@
10/06/2009;;@
11/06/2009;;@
12/06/2009;;@
13/06/2009;;@
14/06/2009;;@
15/06/2009;;@
16/06/2009;;@
17/06/2009;;@
18/06/2009;;@
19/06/2009;;@
20/06/2009;;@
21/06/2009;;@
22/06/2009;;@
23/06/2009;;@
24/06/2009;;@
25/06/2009;;@
26/06/2009;;@
27/06/2009;;@
28/06/2009;;@
29/06/2009;;@
30/06/2009;;@
01/07/2009;;@
02/07/2009;;@
03/07/2009;;@
04/07/2009;;@
05/07/2009;;@
06/07/2009;;@
07/07/2009;;@
08/07/2009;;@
09/07/2009;;@
10/07/2009;;@
11/07/2009;;@
12/07/2009;;@
13/07/2009;;@
14/07/2009;;@
15/07/2009;;@
16/07/2009;;@
17/07/2009;;@
18/07/2009;;@
19/07/2009;;@
20/07/2009;;@
21/07/2009;;@
22/07/2009;;@
23/07/2009;;@
24/07/2009;;@
25/07/2009;;@
26/07/2009;;@
27/07/2009;;@
28/07/2009;;@
29/07/2009;;@
30/07/2009;;@
31/07/2009;;@
01/08/2009;;@
02/08/2009;;@
03/08/2009;;@
04/08/2009;;@
05/08/2009;;@
06/08/2009;;@
07/08/2009;;@
08/08/2009;;@
09/08/2009;;@
10/08/2009;;@
11/08/2009;;@
12/08/2009;;@
13/08/2009;;@
14/08/2009;;@
15/08/2009;;@
16/08/2009;;@
17/08/2009;;@
18/08/2009;;@
19/08/2009;;@
20/08/2009;;@
21/08/2009;;@
22/08/2009;;@
23/08/2009;;@
24/08/2009;;@
25/08/2009;;@
26/08/2009;;@
27/08/2009;;@
28/08/2009;;@
29/08/2009;;@
30/08/2009;;@
31/08/2009;;@
01/09/2009;;@
02/09/2009;;@
03/09/2009;;@
04/09/2009;;@
05/09/2009;;@
06/09/2009;;@
07/09/2009;;@
08/09/2009;;@
09/09/2009;;@
10/09/2009;;@
11/09/2009;;@
12/09/2009;;@
13/09/2009;;@
14/09/2009;;@
15/09/2009;;@
16/09/2009;;@
17/09/2009;;@
18/09/2009;;@
19/09/2009;;@
20/09/2009;;@
21/09/2009;;@
22/09/2009;;@
23/09/2009;;@
24/09/2009;;@
25/09/2009;;@
26/09/2009;;@
27/09/2009;;@
28/09/2009;;@
29/09/2009;;@
30/09/2009;;@
01/10/2009;;@
02/10/2009;;@
03/10/2009;;@
04/10/2009;;@
05/10/2009;;@
06/10/2009;;@
07/10/2009;;@
08/10/2009;;@
09/10/2009;;@
10/10/2009;;@
11/10/2009;;@
12/10/2009;;@
13/10/2009;;@
14/10/2009;;@
15/10/2009;;@
16/10/2009;;@
17/10/2009;;@
18/10/2009;;@
19/10/2009;;@
20/10/2009;;@
21/10/2009;;@
22/10/2009;;@
23/10/2009;;@
24/10/2009;;@
25/10/2009;;@
26/10/2009;;@
27/10/2009;;@
28/10/2009;;@
29/10/2009;;@
30/10/2009;;@
31/10/2009;;@
01/11/2009;;@
02/11/2009;;@
03/11/2009;;@
04/11/2009;;@
05/11/2009;;@
06/11/2009;;@
07/11/2009;;@
08/11/2009;;@
09/11/2009;;@
10/11/2009;;@
11/11/2009;;@
12/11/2009;;@
13/11/2009;;@
14/11/2009;;@
15/11/2009;;@
16/11/2009;;@
17/11/2009;;@
18/11/2009;;@
19/11/2009;;@
20/11/2009;;@
21/11/2009;;@
22/11/2009;;@
23/11/2009;;@
24/11/2009;;@
25/11/2009;;@
26/11/2009;;@
27/11/2009;;@
28/11/2009;;@
29/11/2009;;@
30/11/2009;;@
01/12/2009;0,32;V
02/12/2009;0,24;V
03/12/2009;0,19;V
04/12/2009;0,33;V
05/12/2009;0,33;V
06/12/2009;0,26;V
07/12/2009;0,23;V
08/12/2009;0,25;V
09/12/2009;0,29;V
10/12/2009;0,24;V
11/12/2009;0,22;V
12/12/2009;0,20;V
13/12/2009;0,19;V
14/12/2009;0,19;V
15/12/2009;0,17;V
16/12/2009;0,16;V
17/12/2009;0,17;V
18/12/2009;0,16;V
19/12/2009;0,17;V
20/12/2009;0,14;V
21/12/2009;0,14;V
22/12/2009;0,56;V
23/12/2009;0,75;V
24/12/2009;0,58;V
25/12/2009;0,71;V
26/12/2009;0,43;V
27/12/2009;0,33;V
28/12/2009;0,28;V
29/12/2009;0,29;V
30/12/2009;0,44;V
31/12/2009;0,44;V
01/01/2010;0,80;V
02/01/2010;0,54;V
03/01/2010;0,41;V
04/01/2010;0,35;V
05/01/2010;0,40;V
06/01/2010;0,51;V
07/01/2010;0,54;V
08/01/2010;0,49;V
09/01/2010;0,53;V
10/01/2010;0,52;V
11/01/2010;0,43;V
12/01/2010;0,37;V
13/01/2010;0,33;V
14/01/2010;0,31;V
15/01/2010;0,29;V
16/01/2010;0,27;V
17/01/2010;0,26;V
18/01/2010;0,24;V
19/01/2010;0,23;V
20/01/2010;0,23;V
21/01/2010;0,22;V
22/01/2010;0,21;V
23/01/2010;0,20;V
24/01/2010;0,19;V
25/01/2010;0,19;V
26/01/2010;0,19;V
27/01/2010;0,18;V
28/01/2010;0,18;V
29/01/2010;0,18;V
30/01/2010;0,21;V
31/01/2010;0,19;V
01/02/2010;0,18;V
02/02/2010;0,17;V
03/02/2010;0,18;V
04/02/2010;0,18;V
05/02/2010;0,21;V
06/02/2010;0,34;V
07/02/2010;0,29;V
08/02/2010;0,26;V
09/02/2010;0,24;V
10/02/2010;0,23;V
11/02/2010;0,22;V
12/02/2010;0,22;V
13/02/2010;0,20;V
14/02/2010;0,20;V
15/02/2010;0,19;V
16/02/2010;0,19;V
17/02/2010;0,19;V
18/02/2010;0,32;V
19/02/2010;0,39;V
20/02/2010;0,52;V
21/02/2010;0,38;V
22/02/2010;0,35;V
23/02/2010;0,64;V
24/02/2010;0,51;V
25/02/2010;0,43;V
26/02/2010;0,51;V
27/02/2010;0,46;V
28/02/2010;0,41;V
01/03/2010;0,37;V
02/03/2010;0,34;V
03/03/2010;0,33;V
04/03/2010;0,58;V
05/03/2010;0,45;V
06/03/2010;0,39;V
07/03/2010;0,36;V
08/03/2010;0,34;V
09/03/2010;0,33;V
10/03/2010;0,31;V
11/03/2010;0,30;V
12/03/2010;0,29;V
13/03/2010;0,27;V
14/03/2010;0,27;V
15/03/2010;0,26;V
16/03/2010;0,25;V
17/03/2010;0,25;V
18/03/2010;0,24;V
19/03/2010;0,24;V
20/03/2010;0,24;V
21/03/2010;0,24;V
22/03/2010;0,24;V
23/03/2010;0,23;V
24/03/2010;0,22;V
25/03/2010;0,21;V
26/03/2010;0,21;V
27/03/2010;0,21;V
28/03/2010;0,20;V
29/03/2010;0,20;V
30/03/2010;0,20;V
31/03/2010;0,20;V
01/04/2010;0,19;V
02/04/2010;0,20;V
03/04/2010;0,21;V
04/04/2010;0,25;V
05/04/2010;0,62;V
06/04/2010;0,41;V
07/04/2010;0,34;V
08/04/2010;0,30;V
09/04/2010;0,28;V
10/04/2010;0,27;V
11/04/2010;0,27;V
12/04/2010;0,26;V
13/04/2010;0,25;V
14/04/2010;0,24;V
15/04/2010;0,23;V
16/04/2010;0,23;V
17/04/2010;0,23;V
18/04/2010;0,21;V
19/04/2010;0,22;V
20/04/2010;0,20;V
21/04/2010;0,21;V
22/04/2010;0,20;V
23/04/2010;0,22;V
24/04/2010;0,22;V
25/04/2010;0,20;V
26/04/2010;0,19;V
27/04/2010;0,19;V
28/04/2010;0,18;V
29/04/2010;0,18;V
30/04/2010;0,18;V
01/05/2010;0,18;V
02/05/2010;0,21;V
03/05/2010;0,30;V
04/05/2010;0,38;V
05/05/2010;0,49;V
06/05/2010;0,49;V
07/05/2010;0,43;V
08/05/2010;0,37;V
09/05/2010;0,33;V
10/05/2010;0,33;V
11/05/2010;0,39;V
12/05/2010;0,42;V
13/05/2010;0,37;V
14/05/2010;0,35;V
15/05/2010;0,38;V
16/05/2010;0,42;V
17/05/2010;0,37;V
18/05/2010;0,33;V
19/05/2010;0,32;V
20/05/2010;0,30;V
21/05/2010;0,28;V
22/05/2010;0,27;V
23/05/2010;0,26;V
24/05/2010;0,25;V
25/05/2010;0,24;V
26/05/2010;0,23;V
27/05/2010;0,23;V
28/05/2010;0,22;V
29/05/2010;0,22;V
30/05/2010;0,21;V
31/05/2010;0,21;V
01/06/2010;0,20;V
02/06/2010;0,21;V
03/06/2010;0,21;V
04/06/2010;0,19;V
05/06/2010;0,19;V
06/06/2010;0,18;V
07/06/2010;0,18;V
08/06/2010;0,17;V
09/06/2010;0,17;V
10/06/2010;0,16;V
11/06/2010;0,16;V
12/06/2010;0,15;V
13/06/2010;0,15;V
14/06/2010;0,14;V
15/06/2010;0,17;V
16/06/2010;0,26;V
17/06/2010;0,22;V
18/06/2010;0,21;V
19/06/2010;0,24;V
20/06/2010;0,27;V
21/06/2010;0,22;V
22/06/2010;0,20;V
23/06/2010;0,18;V
24/06/2010;0,17;V
25/06/2010;0,16;V
26/06/2010;0,15;V
27/06/2010;0,15;V
28/06/2010;0,14;V
29/06/2010;0,13;V
30/06/2010;0,13;V
01/07/2010;0,12;V
02/07/2010;0,10;V
03/07/2010;0,09;V
04/07/2010;0,08;V
05/07/2010;0,09;V
06/07/2010;0,08;V
07/07/2010;;@
08/07/2010;;@
09/07/2010;;@
10/07/2010;;@
11/07/2010;;@
12/07/2010;;@
13/07/2010;;@
14/07/2010;;@
15/07/2010;;@
16/07/2010;;@
17/07/2010;;@
18/07/2010;;@
19/07/2010;;@
20/07/2010;;@
21/07/2010;;@
22/07/2010;;@
23/07/2010;;@
24/07/2010;;@
25/07/2010;;@
26/07/2010;;@
27/07/2010;;@
28/07/2010;;@
29/07/2010;;@
30/07/2010;;@
31/07/2010;;@
01/08/2010;;@
02/08/2010;;@
03/08/2010;;@
04/08/2010;;@
05/08/2010;;@
06/08/2010;;@
07/08/2010;;@
08/08/2010;;@
09/08/2010;;@
10/08/2010;;@
11/08/2010;;@
12/08/2010;;@
13/08/2010;;@
14/08/2010;;@
15/08/2010;;@
16/08/2010;;@
17/08/2010;;@
18/08/2010;;@
19/08/2010;;@
20/08/2010;;@
21/08/2010;;@
22/08/2010;;@
23/08/2010;;@
24/08/2010;;@
25/08/2010;;@
26/08/2010;;@
27/08/2010;;@
28/08/2010;;@
29/08/2010;;@
30/08/2010;;@
31/08/2010;;@
01/09/2010;;@
02/09/2010;;@
03/09/2010;;@
04/09/2010;;@
05/09/2010;;@
06/09/2010;;@
07/09/2010;;@
08/09/2010;;@
09/09/2010;;@
10/09/2010;;@
11/09/2010;;@
12/09/2010;;@
13/09/2010;;@
14/09/2010;;@
15/09/2010;;@
16/09/2010;;@
17/09/2010;;@
18/09/2010;;@
19/09/2010;;@
20/09/2010;;@
21/09/2010;;@
22/09/2010;;@
23/09/2010;;@
24/09/2010;;@
25/09/2010;;@
26/09/2010;;@
27/09/2010;;@
28/09/2010;;@
29/09/2010;;@
30/09/2010;;@
01/10/2010;;@
02/10/2010;;@
03/10/2010;;@
04/10/2010;;@
05/10/2010;0,37;@
06/10/2010;0,19;V
07/10/2010;0,13;V
08/10/2010;0,07;V
09/10/2010;;@
10/10/2010;;@
11/10/2010;;@
12/10/2010;;@
13/10/2010;;@
14/10/2010;;@
15/10/2010;;@
16/10/2010;;@
17/10/2010;0,22;@
18/10/2010;0,15;V
19/10/2010;0,11;V
20/10/2010;0,07;V
21/10/2010;0,03;V
22/10/2010;;@
23/10/2010;;@
24/10/2010;;@
25/10/2010;0,24;@
26/10/2010;0,26;V
27/10/2010;0,20;V
28/10/2010;0,16;V
29/10/2010;0,13;V
30/10/2010;0,09;V
31/10/2010;0,22;V
01/11/2010;0,54;V
02/11/2010;0,42;V
03/11/2010;0,33;V
04/11/2010;0,29;V
05/11/2010;0,25;V
06/11/2010;0,23;V
07/11/2010;0,22;V
08/11/2010;0,60;V
09/11/2010;0,55;V
10/11/2010;0,65;V
11/11/2010;0,55;V
12/11/2010;0,44;V
13/11/2010;0,40;V
14/11/2010;0,34;V
15/11/2010;0,30;V
16/11/2010;0,33;V
17/11/2010;0,32;V
18/11/2010;0,32;V
19/11/2010;0,45;V
20/11/2010;0,40;V
21/11/2010;0,44;V
22/11/2010;0,52;V
23/11/2010;0,43;V
24/11/2010;0,36;V
25/11/2010;0,32;V
26/11/2010;0,42;V
27/11/2010;0,38;V
28/11/2010;0,45;V
29/11/2010;0,50;V
30/11/2010;0,41;V
01/12/2010;0,62;V
02/12/2010;0,56;V
03/12/2010;0,57;V
04/12/2010;0,48;V
05/12/2010;0,42;V
06/12/2010;0,41;V
07/12/2010;0,50;V
08/12/2010;0,44;V
09/12/2010;0,44;V
10/12/2010;0,39;V
11/12/2010;0,36;V
12/12/2010;0,34;V
13/12/2010;0,32;V
14/12/2010;0,29;V
15/12/2010;0,29;V
16/12/2010;0,28;V
17/12/2010;0,28;V
18/12/2010;0,26;V
19/12/2010;0,24;V
20/12/2010;0,29;V
21/12/2010;0,31;V
22/12/2010;0,68;V
23/12/2010;0,55;V
24/12/2010;0,73;V
25/12/2010;0,63;V
26/12/2010;0,51;V
27/12/2010;0,44;V
28/12/2010;0,40;V
29/12/2010;0,38;V
30/12/2010;0,37;V
31/12/2010;0,35;V
01/01/2011;0,33;V
02/01/2011;0,32;V
03/01/2011;0,31;V
04/01/2011;0,30;V
05/01/2011;0,30;V
06/01/2011;0,29;V
07/01/2011;0,29;V
08/01/2011;0,28;V
09/01/2011;0,28;V
10/01/2011;0,28;V
11/01/2011;0,33;V
12/01/2011;0,35;V
13/01/2011;0,32;V
14/01/2011;0,31;V
15/01/2011;0,30;V
16/01/2011;0,28;V
17/01/2011;0,28;V
18/01/2011;0,27;V
19/01/2011;0,27;V
20/01/2011;0,27;V
21/01/2011;0,26;V
22/01/2011;0,25;V
23/01/2011;0,25;V
24/01/2011;0,24;V
25/01/2011;0,24;V
26/01/2011;0,24;V
27/01/2011;0,24;V
28/01/2011;0,23;V
29/01/2011;0,23;V
30/01/2011;0,37;V
31/01/2011;0,34;V
01/02/2011;0,31;V
02/02/2011;0,29;V
03/02/2011;0,28;V
04/02/2011;0,27;V
05/02/2011;0,26;V
06/02/2011;0,26;V
07/02/2011;0,26;V
08/02/2011;0,26;V
09/02/2011;0,26;V
10/02/2011;0,25;V
11/02/2011;0,24;V
12/02/2011;0,24;V
13/02/2011;0,25;V
14/02/2011;0,25;V
15/02/2011;0,24;V
16/02/2011;0,42;V
17/02/2011;0,57;V
18/02/2011;0,54;V
19/02/2011;0,42;V
20/02/2011;0,38;V
21/02/2011;0,38;V
22/02/2011;0,36;V
23/02/2011;0,34;V
24/02/2011;0,32;V
25/02/2011;0,31;V
26/02/2011;0,31;V
27/02/2011;0,31;V
28/02/2011;0,31;V
01/03/2011;0,30;V
02/03/2011;0,29;V
03/03/2011;0,29;V
04/03/2011;0,28;V
05/03/2011;0,28;V
06/03/2011;0,27;V
07/03/2011;0,27;V
08/03/2011;0,26;V
09/03/2011;0,26;V
10/03/2011;0,25;V
11/03/2011;0,25;V
12/03/2011;0,25;V
13/03/2011;0,29;V
14/03/2011;0,48;V
15/03/2011;0,48;V
16/03/2011;0,79;V
17/03/2011;0,62;V
18/03/2011;0,53;V
19/03/2011;0,46;V
20/03/2011;0,41;V
21/03/2011;0,38;V
22/03/2011;0,36;V
23/03/2011;0,34;V
24/03/2011;0,32;V
25/03/2011;0,32;V
26/03/2011;0,31;V
27/03/2011;0,30;V
28/03/2011;0,54;V
29/03/2011;0,45;V
30/03/2011;0,38;V
31/03/2011;0,35;V
01/04/2011;0,33;V
02/04/2011;0,31;V
03/04/2011;0,31;V
04/04/2011;0,29;V
05/04/2011;0,28;V
06/04/2011;0,27;V
07/04/2011;0,26;V
08/04/2011;0,26;V
09/04/2011;0,25;V
10/04/2011;0,25;V
11/04/2011;0,23;V
12/04/2011;0,24;V
13/04/2011;0,23;V
14/04/2011;0,23;V
15/04/2011;0,22;V
16/04/2011;0,21;V
17/04/2011;0,21;V
18/04/2011;0,20;V
19/04/2011;0,20;V
20/04/2011;0,19;V
21/04/2011;0,18;V
22/04/2011;0,18;V
23/04/2011;0,19;V
24/04/2011;0,19;V
25/04/2011;0,18;V
26/04/2011;0,18;V
27/04/2011;0,17;V
28/04/2011;0,17;V
29/04/2011;0,17;V
30/04/2011;0,18;V
01/05/2011;0,16;V
02/05/2011;0,16;V
03/05/2011;0,16;V
04/05/2011;0,15;V
05/05/2011;0,14;V
06/05/2011;0,14;V
07/05/2011;0,13;V
08/05/2011;0,13;V
09/05/2011;0,13;V
10/05/2011;0,13;V
11/05/2011;0,12;V
12/05/2011;0,12;V
13/05/2011;0,12;V
14/05/2011;0,13;V
15/05/2011;0,14;V
16/05/2011;0,13;V
17/05/2011;0,11;V
18/05/2011;0,11;V
19/05/2011;0,11;V
20/05/2011;0,11;V
21/05/2011;0,10;V
22/05/2011;0,09;V
23/05/2011;0,08;V
24/05/2011;0,08;V
25/05/2011;0,07;V
26/05/2011;0,06;V
27/05/2011;0,05;V
28/05/2011;0,05;V
29/05/2011;;@
30/05/2011;;@
31/05/2011;;@
01/06/2011;;@
02/06/2011;;@
03/06/2011;;@
04/06/2011;;@
05/06/2011;;@
06/06/2011;;@
07/06/2011;;@
08/06/2011;;@
09/06/2011;;@
10/06/2011;;@
11/06/2011;;@
12/06/2011;;@
13/06/2011;;@
14/06/2011;;@
15/06/2011;;@
16/06/2011;;@
17/06/2011;;@
18/06/2011;;@
19/06/2011;;@
20/06/2011;;@
21/06/2011;;@
22/06/2011;;@
23/06/2011;;@
24/06/2011;;@
25/06/2011;;@
26/06/2011;;@
27/06/2011;;@
28/06/2011;;@
29/06/2011;;@
30/06/2011;;@
01/07/2011;;@
02/07/2011;;@
03/07/2011;;@
04/07/2011;;@
05/07/2011;;@
06/07/2011;;@
07/07/2011;;@
08/07/2011;;@
09/07/2011;;@
10/07/2011;;@
11/07/2011;;@
12/07/2011;;@
13/07/2011;;@
14/07/2011;;@
15/07/2011;;@
16/07/2011;;@
17/07/2011;;@
18/07/2011;;@
19/07/2011;;@
20/07/2011;;@
21/07/2011;;@
22/07/2011;;@
23/07/2011;;@
24/07/2011;;@
25/07/2011;;@
26/07/2011;;@
27/07/2011;;@
28/07/2011;;@
29/07/2011;;@
30/07/2011;;@
31/07/2011;;@
01/08/2011;;@
02/08/2011;;@
03/08/2011;;@
04/08/2011;;@
05/08/2011;;@
06/08/2011;;@
07/08/2011;;@
08/08/2011;;@
09/08/2011;;@
10/08/2011;;@
11/08/2011;;@
12/08/2011;;@
13/08/2011;;@
14/08/2011;;@
15/08/2011;;@
16/08/2011;;@
17/08/2011;;@
18/08/2011;;@
19/08/2011;;@
20/08/2011;;@
21/08/2011;;@
22/08/2011;;@
23/08/2011;;@
24/08/2011;;@
25/08/2011;;@
26/08/2011;;@
27/08/2011;;@
28/08/2011;;@
29/08/2011;;@
30/08/2011;;@
31/08/2011;;@
01/09/2011;;@
02/09/2011;;@
03/09/2011;;@
04/09/2011;;@
05/09/2011;;@
06/09/2011;;@
07/09/2011;;@
08/09/2011;;@
09/09/2011;;@
10/09/2011;;@
11/09/2011;;@
12/09/2011;;@
13/09/2011;;@
14/09/2011;;@
15/09/2011;;@
16/09/2011;;@
17/09/2011;;@
18/09/2011;;@
19/09/2011;;@
20/09/2011;;@
21/09/2011;;@
22/09/2011;;@
23/09/2011;;@
24/09/2011;;@
25/09/2011;;@
26/09/2011;;@
27/09/2011;;@
28/09/2011;;@
29/09/2011;;@
30/09/2011;;@
01/10/2011;;@
02/10/2011;;@
03/10/2011;;@
04/10/2011;;@
05/10/2011;;@
06/10/2011;;@
07/10/2011;;@
08/10/2011;;@
09/10/2011;;@
10/10/2011;;@
11/10/2011;;@
12/10/2011;;@
13/10/2011;;@
14/10/2011;;@
15/10/2011;;@
16/10/2011;;@
17/10/2011;;@
18/10/2011;;@
19/10/2011;;@
20/10/2011;;@
21/10/2011;;@
22/10/2011;;@
23/10/2011;;@
24/10/2011;;@
25/10/2011;;@
26/10/2011;;@
27/10/2011;;@
28/10/2011;;@
29/10/2011;;@
30/10/2011;;@
31/10/2011;;@
01/11/2011;;@
02/11/2011;;@
03/11/2011;;@
04/11/2011;;@
05/11/2011;;@
06/11/2011;;@
07/11/2011;;@
08/11/2011;;@
09/11/2011;;@
10/11/2011;;@
11/11/2011;;@
12/11/2011;;@
13/11/2011;;@
14/11/2011;;@
15/11/2011;;@
16/11/2011;;@
17/11/2011;;@
18/11/2011;;@
19/11/2011;;@
20/11/2011;;@
21/11/2011;;@
22/11/2011;;@
23/11/2011;;@
24/11/2011;;@
25/11/2011;;@
26/11/2011;;@
27/11/2011;;@
28/11/2011;;@
29/11/2011;;@
30/11/2011;;@
01/12/2011;;@
02/12/2011;;@
03/12/2011;;@
04/12/2011;;@
05/12/2011;0,47;@
06/12/2011;0,28;V
07/12/2011;0,17;V
08/12/2011;0,13;V
09/12/2011;0,10;V
10/12/2011;0,09;V
11/12/2011;0,14;V
12/12/2011;0,38;V
13/12/2011;0,33;V
14/12/2011;0,27;V
15/12/2011;0,28;V
16/12/2011;0,26;V
17/12/2011;0,47;V
18/12/2011;0,30;V
19/12/2011;0,23;V
20/12/2011;0,20;V
21/12/2011;0,18;V
22/12/2011;0,13;V
23/12/2011;0,12;V
24/12/2011;0,13;V
25/12/2011;0,11;V
26/12/2011;0,09;V
27/12/2011;0,10;V
28/12/2011;0,06;V
29/12/2011;0,06;V
30/12/2011;0,05;V
31/12/2011;-0,05;V
01/01/2012;;@
02/01/2012;;@
03/01/2012;;@
04/01/2012;0,19;P
05/01/2012;0,16;P
06/01/2012;0,15;P
07/01/2012;0,11;P
08/01/2012;0,10;P
09/01/2012;0,10;P
10/01/2012;0,11;P
11/01/2012;0,09;P
12/01/2012;0,09;P
13/01/2012;0,10;P
14/01/2012;0,08;P
15/01/2012;0,06;P
16/01/2012;0,05;P
17/01/2012;0,03;P
18/01/2012;-0,08;P
19/01/2012;;@
20/01/2012;;@
21/01/2012;;@
22/01/2012;;@
23/01/2012;;@
24/01/2012;;@
25/01/2012;;@
26/01/2012;;@
27/01/2012;;@
28/01/2012;;@
29/01/2012;;@
30/01/2012;;@
31/01/2012;;@
01/02/2012;;@
02/02/2012;;@
03/02/2012;;@
04/02/2012;;@
05/02/2012;;@
06/02/2012;;@
07/02/2012;;@
08/02/2012;;@
09/02/2012;;@
10/02/2012;;@
11/02/2012;;@
12/02/2012;;@
13/02/2012;;@
14/02/2012;;@
15/02/2012;;@
16/02/2012;;@
17/02/2012;;@
18/02/2012;;@
19/02/2012;;@
20/02/2012;;@
21/02/2012;;@
22/02/2012;;@
23/02/2012;;@
24/02/2012;;@
25/02/2012;;@
26/02/2012;;@
27/02/2012;;@
28/02/2012;;@
29/02/2012;;@
01/03/2012;;@
02/03/2012;;@
03/03/2012;;@
04/03/2012;;@
05/03/2012;;@
06/03/2012;;@
07/03/2012;;@
08/03/2012;;@
09/03/2012;;@
10/03/2012;;@
11/03/2012;;@
12/03/2012;;@
13/03/2012;;@
14/03/2012;;@
15/03/2012;;@
16/03/2012;;@
17/03/2012;;@
18/03/2012;;@
19/03/2012;;@
20/03/2012;;@
21/03/2012;;@
22/03/2012;;@
23/03/2012;;@
24/03/2012;;@
25/03/2012;;@
26/03/2012;;@
27/03/2012;;@
28/03/2012;;@
29/03/2012;;@
30/03/2012;;@
31/03/2012;;@
01/04/2012;;@
02/04/2012;;@
03/04/2012;;@
04/04/2012;;@
05/04/2012;;@
06/04/2012;;@
07/04/2012;;@
08/04/2012;;@
09/04/2012;;@
10/04/2012;;@
11/04/2012;;@
12/04/2012;0,28;P
13/04/2012;0,22;P
14/04/2012;0,20;P
15/04/2012;0,30;P
16/04/2012;0,27;P
17/04/2012;0,23;P
18/04/2012;0,22;P
19/04/2012;0,23;P
20/04/2012;0,39;P
21/04/2012;0,60;P
22/04/2012;0,44;P
23/04/2012;0,36;P
24/04/2012;0,35;P
25/04/2012;0,32;P
26/04/2012;0,30;P
27/04/2012;0,28;P
28/04/2012;0,26;P
29/04/2012;0,26;P
30/04/2012;0,25;P
01/05/2012;0,25;P
02/05/2012;0,24;P
03/05/2012;0,23;P
04/05/2012;0,22;P
05/05/2012;0,21;P
06/05/2012;0,23;P
07/05/2012;0,42;P
08/05/2012;0,36;P
09/05/2012;0,30;P
10/05/2012;0,27;P
11/05/2012;0,26;P
12/05/2012;0,24;P
13/05/2012;0,25;P
14/05/2012;0,23;P
15/05/2012;0,22;P
16/05/2012;0,21;P
17/05/2012;0,19;P
18/05/2012;0,18;P
19/05/2012;0,19;P
20/05/2012;0,20;P
21/05/2012;0,38;P
22/05/2012;0,39;P
23/05/2012;0,31;P
24/05/2012;0,27;P
25/05/2012;0,26;P
26/05/2012;0,24;P
27/05/2012;0,23;P
28/05/2012;0,23;P
29/05/2012;0,22;P
30/05/2012;0,21;P
31/05/2012;0,21;P
01/06/2012;0,20;P
02/06/2012;0,19;P
03/06/2012;0,18;P
04/06/2012;0,21;P
05/06/2012;0,20;P
06/06/2012;0,17;P
07/06/2012;0,15;P
08/06/2012;0,15;P
09/06/2012;0,14;P
10/06/2012;0,13;P
11/06/2012;0,19;P
12/06/2012;0,20;P
13/06/2012;0,16;P
14/06/2012;0,12;P
15/06/2012;0,11;P
16/06/2012;0,11;P
17/06/2012;0,10;P
18/06/2012;0,08;P
19/06/2012;-0,01;P
20/06/2012;;@
21/06/2012;;@
22/06/2012;;@
23/06/2012;;@
24/06/2012;;@
25/06/2012;;@
26/06/2012;;@
27/06/2012;;@
28/06/2012;;@
29/06/2012;;@
30/06/2012;;@
01/07/2012;;@
02/07/2012;;@
03/07/2012;;@
04/07/2012;;@
05/07/2012;;@
06/07/2012;;@
07/07/2012;;@
08/07/2012;;@
09/07/2012;;@
10/07/2012;;@
11/07/2012;;@
12/07/2012;;@
13/07/2012;;@
14/07/2012;;@
15/07/2012;;@
16/07/2012;;@
17/07/2012;;@
18/07/2012;;@
19/07/2012;;@
20/07/2012;;@
21/07/2012;;@
22/07/2012;;@
23/07/2012;;@
24/07/2012;;@
25/07/2012;;@
26/07/2012;;@
27/07/2012;;@
28/07/2012;;@
29/07/2012;;@
30/07/2012;;@
31/07/2012;;@
01/08/2012;;@
02/08/2012;;@
03/08/2012;;@
04/08/2012;;@
05/08/2012;;@
06/08/2012;;@
07/08/2012;;@
08/08/2012;;@
09/08/2012;;@
10/08/2012;;@
11/08/2012;;@
12/08/2012;;@
13/08/2012;;@
14/08/2012;;@
15/08/2012;;@
16/08/2012;;@
17/08/2012;;@
18/08/2012;;@
19/08/2012;;@
20/08/2012;;@
21/08/2012;;@
22/08/2012;;@
23/08/2012;;@
24/08/2012;;@
25/08/2012;;@
26/08/2012;;@
27/08/2012;;@
28/08/2012;;@
29/08/2012;;@
30/08/2012;;@
31/08/2012;;@
01/09/2012;;@
02/09/2012;;@
03/09/2012;;@
04/09/2012;;@
05/09/2012;;@
06/09/2012;;@
07/09/2012;;@
08/09/2012;;@
09/09/2012;;@
10/09/2012;;@
11/09/2012;;@
12/09/2012;;@
13/09/2012;;@
14/09/2012;;@
15/09/2012;;@
16/09/2012;;@
17/09/2012;;@
18/09/2012;;@
19/09/2012;;@
20/09/2012;;@
21/09/2012;;@
22/09/2012;;@
23/09/2012;;@
24/09/2012;;@
25/09/2012;;@
26/09/2012;;@
27/09/2012;;@
28/09/2012;;@
29/09/2012;;@
30/09/2012;;@
01/10/2012;;@
02/10/2012;;@
03/10/2012;;@
04/10/2012;;@
05/10/2012;;@
06/10/2012;;@
07/10/2012;;@
08/10/2012;;@
09/10/2012;;@
10/10/2012;;@
11/10/2012;;@
12/10/2012;;@
13/10/2012;;@
14/10/2012;;@
15/10/2012;;@
16/10/2012;;@
17/10/2012;;@
18/10/2012;;@
19/10/2012;;@
20/10/2012;;@
21/10/2012;;@
22/10/2012;;@
23/10/2012;;@
24/10/2012;;@
25/10/2012;;@
26/10/2012;;@
27/10/2012;;@
28/10/2012;;@
29/10/2012;;@
30/10/2012;0,18;P
31/10/2012;0,03;P
01/11/2012;0,25;P
02/11/2012;0,25;P
03/11/2012;0,18;P
04/11/2012;0,16;P
05/11/2012;0,34;P
06/11/2012;0,29;P
07/11/2012;0,23;P
08/11/2012;0,19;P
09/11/2012;0,17;P
10/11/2012;0,13;P
11/11/2012;0,19;P
12/11/2012;0,29;P
13/11/2012;0,28;P
14/11/2012;0,24;P
15/11/2012;0,20;P
16/11/2012;0,18;P
17/11/2012;0,14;P
18/11/2012;0,14;P
19/11/2012;0,12;P
20/11/2012;0,11;P
21/11/2012;0,10;P
22/11/2012;0,04;P
23/11/2012;;@
24/11/2012;;@
25/11/2012;;@
26/11/2012;;@
27/11/2012;;@
28/11/2012;0,67;P
29/11/2012;0,50;P
30/11/2012;0,37;P
01/12/2012;0,33;P
02/12/2012;0,43;P
03/12/2012;0,36;P
04/12/2012;0,59;P
05/12/2012;0,51;P
06/12/2012;0,36;P
07/12/2012;0,33;P
08/12/2012;0,35;P
09/12/2012;0,30;P
10/12/2012;0,28;P
11/12/2012;0,26;P
12/12/2012;0,24;P
13/12/2012;0,24;P
14/12/2012;0,26;P
15/12/2012;0,65;P
16/12/2012;0,54;P
17/12/2012;0,55;P
18/12/2012;0,48;P
19/12/2012;0,38;P
20/12/2012;0,34;P
21/12/2012;0,33;P
22/12/2012;0,31;P
23/12/2012;0,30;P
24/12/2012;0,28;P
25/12/2012;0,28;P
26/12/2012;0,29;P
27/12/2012;0,32;P
28/12/2012;0,33;P
29/12/2012;0,32;P
30/12/2012;0,29;P
31/12/2012;0,27;P
01/01/2013;0,27;V
02/01/2013;0,28;V
03/01/2013;0,26;V
04/01/2013;0,25;V
05/01/2013;0,26;V
06/01/2013;0,25;V
07/01/2013;0,24;V
08/01/2013;0,23;V
09/01/2013;0,23;V
10/01/2013;0,23;V
11/01/2013;0,23;V
12/01/2013;0,22;V
13/01/2013;0,25;V
14/01/2013;0,44;V
15/01/2013;0,43;V
16/01/2013;0,49;V
17/01/2013;0,44;V
18/01/2013;0,38;V
19/01/2013;0,37;V
20/01/2013;0,76;V
21/01/2013;0,65;V
22/01/2013;0,58;V
23/01/2013;0,53;V
24/01/2013;0,46;V
25/01/2013;0,42;V
26/01/2013;0,39;V
27/01/2013;0,36;V
28/01/2013;0,37;V
29/01/2013;0,35;V
30/01/2013;0,34;V
31/01/2013;0,33;V
01/02/2013;0,33;V
02/02/2013;0,35;V
03/02/2013;0,38;V
04/02/2013;0,35;V
05/02/2013;0,35;V
06/02/2013;0,34;V
07/02/2013;0,33;V
08/02/2013;0,31;V
09/02/2013;0,30;V
10/02/2013;0,29;V
11/02/2013;0,32;V
12/02/2013;0,37;V
13/02/2013;0,37;V
14/02/2013;0,35;V
15/02/2013;0,35;V
16/02/2013;0,34;V
17/02/2013;0,33;V
18/02/2013;0,32;V
19/02/2013;0,31;V
20/02/2013;0,31;V
21/02/2013;0,33;V
22/02/2013;0,34;V
23/02/2013;0,34;V
24/02/2013;0,45;V
25/02/2013;0,47;V
26/02/2013;0,45;V
27/02/2013;0,44;V
28/02/2013;0,44;V
01/03/2013;0,46;V
02/03/2013;0,48;V
03/03/2013;0,47;V
04/03/2013;0,43;V
05/03/2013;0,42;V
06/03/2013;0,51;V
07/03/2013;0,56;V
08/03/2013;0,57;V
09/03/2013;0,64;V
10/03/2013;0,64;V
11/03/2013;0,65;V
12/03/2013;0,58;V
13/03/2013;0,69;V
14/03/2013;0,63;V
15/03/2013;0,52;V
16/03/2013;0,47;V
17/03/2013;0,46;V
18/03/2013;0,84;V
19/03/2013;0,64;V
20/03/2013;0,57;V
21/03/2013;0,55;V
22/03/2013;0,51;V
23/03/2013;0,48;V
24/03/2013;0,48;V
25/03/2013;0,46;V
26/03/2013;0,45;V
27/03/2013;0,44;V
28/03/2013;0,43;V
29/03/2013;0,53;V
30/03/2013;0,57;V
31/03/2013;0,67;V
01/04/2013;0,55;V
02/04/2013;0,57;V
03/04/2013;0,52;V
04/04/2013;0,49;V
05/04/2013;0,53;V
06/04/2013;0,51;V
07/04/2013;0,48;V
08/04/2013;0,46;V
09/04/2013;0,46;V
10/04/2013;0,44;V
11/04/2013;0,43;V
12/04/2013;0,42;V
13/04/2013;0,40;V
14/04/2013;0,39;V
15/04/2013;0,38;V
16/04/2013;0,37;V
17/04/2013;0,36;V
18/04/2013;0,36;V
19/04/2013;0,35;V
20/04/2013;0,35;V
21/04/2013;0,34;V
22/04/2013;0,34;V
23/04/2013;0,34;V
24/04/2013;0,33;V
25/04/2013;0,32;V
26/04/2013;0,32;V
27/04/2013;0,33;V
28/04/2013;0,35;V
29/04/2013;0,33;V
30/04/2013;0,32;V
01/05/2013;0,31;V
02/05/2013;0,32;V
03/05/2013;0,31;V
04/05/2013;0,30;V
05/05/2013;0,31;V
06/05/2013;0,30;V
07/05/2013;0,30;V
08/05/2013;0,29;V
09/05/2013;0,28;V
10/05/2013;0,29;V
11/05/2013;0,29;V
12/05/2013;0,29;V
13/05/2013;0,28;V
14/05/2013;0,27;V
15/05/2013;0,27;V
16/05/2013;0,36;V
17/05/2013;0,44;V
18/05/2013;0,40;V
19/05/2013;0,36;V
20/05/2013;0,34;V
21/05/2013;0,32;V
22/05/2013;0,31;V
23/05/2013;0,32;V
24/05/2013;0,32;V
25/05/2013;0,47;V
26/05/2013;0,50;V
27/05/2013;0,41;V
28/05/2013;0,37;V
29/05/2013;0,35;V
30/05/2013;0,41;V
31/05/2013;0,41;V
01/06/2013;0,37;V
02/06/2013;0,35;V
03/06/2013;0,35;V
04/06/2013;0,34;V
05/06/2013;0,33;V
06/06/2013;0,32;V
07/06/2013;0,31;V
08/06/2013;0,31;V
09/06/2013;0,31;V
10/06/2013;0,31;V
11/06/2013;0,30;V
12/06/2013;0,29;V
13/06/2013;0,27;V
14/06/2013;0,27;V
15/06/2013;0,27;V
16/06/2013;0,26;V
17/06/2013;0,26;V
18/06/2013;0,25;V
19/06/2013;0,25;V
20/06/2013;0,24;V
21/06/2013;0,24;V
22/06/2013;0,23;V
23/06/2013;0,23;V
24/06/2013;0,24;V
25/06/2013;0,26;V
26/06/2013;0,24;V
27/06/2013;0,23;V
28/06/2013;0,22;V
29/06/2013;0,22;V
30/06/2013;0,22;V
01/07/2013;0,22;V
02/07/2013;0,20;V
03/07/2013;0,16;V
04/07/2013;;@
05/07/2013;;@
06/07/2013;;@
07/07/2013;;@
08/07/2013;;@
09/07/2013;;@
10/07/2013;;@
11/07/2013;;@
12/07/2013;;@
13/07/2013;;@
14/07/2013;;@
15/07/2013;;@
16/07/2013;;@
17/07/2013;;@
18/07/2013;;@
19/07/2013;;@
20/07/2013;;@
21/07/2013;;@
22/07/2013;;@
23/07/2013;;@
24/07/2013;;@
25/07/2013;;@
26/07/2013;;@
27/07/2013;;@
28/07/2013;;@
29/07/2013;;@
30/07/2013;;@
31/07/2013;;@
01/08/2013;;@
02/08/2013;;@
03/08/2013;;@
04/08/2013;;@
05/08/2013;;@
06/08/2013;;@
07/08/2013;;@
08/08/2013;;@
09/08/2013;;@
10/08/2013;;@
11/08/2013;;@
12/08/2013;;@
13/08/2013;;@
14/08/2013;;@
15/08/2013;;@
16/08/2013;;@
17/08/2013;;@
18/08/2013;;@
19/08/2013;;@
20/08/2013;;@
21/08/2013;;@
22/08/2013;;@
23/08/2013;;@
24/08/2013;;@
25/08/2013;;@
26/08/2013;;@
27/08/2013;;@
28/08/2013;;@
29/08/2013;;@
30/08/2013;;@
31/08/2013;;@
01/09/2013;;@
02/09/2013;;@
03/09/2013;;@
04/09/2013;;@
05/09/2013;;@
06/09/2013;;@
07/09/2013;;@
08/09/2013;;@
09/09/2013;;@
10/09/2013;;@
11/09/2013;;@
12/09/2013;;@
13/09/2013;;@
14/09/2013;;@
15/09/2013;;@
16/09/2013;;@
17/09/2013;;@
18/09/2013;;@
19/09/2013;;@
20/09/2013;;@
21/09/2013;;@
22/09/2013;;@
23/09/2013;;@
24/09/2013;;@
25/09/2013;;@
26/09/2013;;@
27/09/2013;;@
28/09/2013;;@
29/09/2013;;@
30/09/2013;0,24;V
01/10/2013;0,20;V
02/10/2013;;@
03/10/2013;;@
04/10/2013;;@
05/10/2013;;@
06/10/2013;0,40;V
07/10/2013;0,29;V
08/10/2013;0,26;V
09/10/2013;0,21;V
10/10/2013;0,17;V
11/10/2013;;@
12/10/2013;;@
13/10/2013;;@
14/10/2013;;@
15/10/2013;;@
16/10/2013;;@
17/10/2013;0,29;V
18/10/2013;0,23;V
19/10/2013;0,20;V
20/10/2013;0,19;V
21/10/2013;0,58;V
22/10/2013;0,40;V
23/10/2013;0,33;V
24/10/2013;0,41;V
25/10/2013;0,38;V
26/10/2013;0,33;V
27/10/2013;0,31;V
28/10/2013;0,28;V
29/10/2013;0,27;V
30/10/2013;0,25;V
31/10/2013;0,25;V
01/11/2013;0,22;V
02/11/2013;0,22;V
03/11/2013;0,22;V
04/11/2013;0,21;V
05/11/2013;0,32;V
06/11/2013;0,30;V
07/11/2013;0,27;V
08/11/2013;0,26;V
09/11/2013;0,27;V
10/11/2013;0,35;V
11/11/2013;0,46;V
12/11/2013;0,39;V
13/11/2013;0,34;V
14/11/2013;0,32;V
15/11/2013;0,44;V
16/11/2013;0,40;V
17/11/2013;0,36;V
18/11/2013;0,34;V
19/11/2013;0,33;V
20/11/2013;0,31;V
21/11/2013;0,56;V
22/11/2013;0,65;V
23/11/2013;0,49;V
24/11/2013;0,43;V
25/11/2013;0,39;V
26/11/2013;0,36;V
27/11/2013;0,35;V
28/11/2013;0,33;V
29/11/2013;0,31;V
30/11/2013;0,31;V
01/12/2013;0,30;V
02/12/2013;0,29;V
03/12/2013;0,29;V
04/12/2013;0,26;V
05/12/2013;0,26;V
06/12/2013;0,26;V
07/12/2013;0,25;V
08/12/2013;0,24;V
09/12/2013;0,24;V
10/12/2013;0,23;V
11/12/2013;0,23;V
12/12/2013;0,22;V
13/12/2013;0,22;V
14/12/2013;0,22;V
15/12/2013;0,20;V
16/12/2013;0,19;V
17/12/2013;0,22;V
18/12/2013;0,22;V
19/12/2013;0,22;V
20/12/2013;0,19;V
21/12/2013;0,18;V
22/12/2013;0,17;V
23/12/2013;0,16;V
24/12/2013;0,17;V
25/12/2013;0,11;V
26/12/2013;0,19;V
27/12/2013;0,28;V
28/12/2013;0,25;V
29/12/2013;0,33;V
30/12/2013;0,35;V
31/12/2013;0,31;V
01/01/2014;0,29;V
02/01/2014;0,29;V
03/01/2014;0,51;V
04/01/2014;0,50;V
05/01/2014;0,71;V
06/01/2014;0,53;V
07/01/2014;0,45;V
08/01/2014;0,41;V
09/01/2014;0,39;V
10/01/2014;0,37;V
11/01/2014;0,36;V
12/01/2014;0,34;V
13/01/2014;0,33;V
14/01/2014;0,48;V
15/01/2014;0,49;V
16/01/2014;0,43;V
17/01/2014;0,68;V
18/01/2014;0,89;V
19/01/2014;0,75;V
20/01/2014;0,73;V
21/01/2014;0,63;V
22/01/2014;0,57;V
23/01/2014;0,53;V
24/01/2014;0,62;V
25/01/2014;0,56;V
26/01/2014;0,52;V
27/01/2014;0,52;V
28/01/2014;0,50;V
29/01/2014;0,48;V
30/01/2014;0,86;V
31/01/2014;0,96;V
01/02/2014;0,75;V
02/02/2014;0,67;V
03/02/2014;0,62;V
04/02/2014;0,60;V
05/02/2014;0,63;V
06/02/2014;0,74;V
07/02/2014;0,68;V
08/02/2014;0,76;V
09/02/2014;0,69;V
10/02/2014;0,91;V
11/02/2014;1,11;V
12/02/2014;0,86;V
13/02/2014;0,77;V
14/02/2014;0,76;V
15/02/2014;0,72;V
16/02/2014;0,69;V
17/02/2014;0,67;V
18/02/2014;0,65;V
19/02/2014;0,67;V
20/02/2014;0,79;V
21/02/2014;0,73;V
22/02/2014;0,79;V
23/02/2014;0,74;V
24/02/2014;0,69;V
25/02/2014;0,67;V
26/02/2014;0,70;V
27/02/2014;0,73;V
28/02/2014;0,74;V
01/03/2014;0,83;V
02/03/2014;0,75;V
03/03/2014;0,70;V
04/03/2014;0,69;V
05/03/2014;0,68;V
06/03/2014;0,66;V
07/03/2014;0,63;V
08/03/2014;0,62;V
09/03/2014;0,61;V
10/03/2014;0,60;V
11/03/2014;0,60;V
12/03/2014;0,58;V
13/03/2014;0,56;V
14/03/2014;0,55;V
15/03/2014;0,55;V
16/03/2014;0,54;V
17/03/2014;0,54;V
18/03/2014;0,53;V
19/03/2014;0,52;V
20/03/2014;0,51;V
21/03/2014;0,50;V
22/03/2014;0,51;V
23/03/2014;0,64;V
24/03/2014;0,68;V
25/03/2014;0,62;V
26/03/2014;0,60;V
27/03/2014;0,58;V
28/03/2014;0,56;V
29/03/2014;0,55;V
30/03/2014;0,54;V
31/03/2014;0,54;V
01/04/2014;0,54;V
02/04/2014;0,54;V
03/04/2014;0,54;V
04/04/2014;0,55;V
05/04/2014;0,56;V
06/04/2014;0,54;V
07/04/2014;0,52;V
08/04/2014;0,53;V
09/04/2014;0,53;V
10/04/2014;0,52;V
11/04/2014;0,51;V
12/04/2014;0,51;V
13/04/2014;0,51;V
14/04/2014;0,50;V
15/04/2014;0,49;V
16/04/2014;0,49;V
17/04/2014;0,51;V
18/04/2014;0,51;V
19/04/2014;0,56;V
20/04/2014;0,54;V
21/04/2014;0,53;V
22/04/2014;0,52;V
23/04/2014;0,49;V
24/04/2014;0,49;V
25/04/2014;0,47;V
26/04/2014;0,49;V
27/04/2014;0,48;V
28/04/2014;0,49;V
29/04/2014;0,51;V
30/04/2014;0,50;V
01/05/2014;0,49;V
02/05/2014;0,51;V
03/05/2014;0,57;V
04/05/2014;0,55;V
05/05/2014;0,52;V
06/05/2014;0,49;V
07/05/2014;0,48;V
08/05/2014;0,49;V
09/05/2014;0,49;V
10/05/2014;0,47;V
11/05/2014;0,47;V
12/05/2014;0,47;V
13/05/2014;0,52;V
14/05/2014;0,41;V
15/05/2014;0,38;V
16/05/2014;0,39;V
17/05/2014;0,37;V
18/05/2014;0,38;V
19/05/2014;0,40;V
20/05/2014;0,34;V
21/05/2014;0,33;V
22/05/2014;0,31;V
23/05/2014;0,34;V
24/05/2014;0,35;V
25/05/2014;0,33;V
26/05/2014;0,35;V
27/05/2014;0,31;V
28/05/2014;0,33;V
29/05/2014;;@
30/05/2014;;@
31/05/2014;;@
01/06/2014;;@
02/06/2014;;@
03/06/2014;;@
04/06/2014;;@
05/06/2014;;@
06/06/2014;;@
07/06/2014;;@
08/06/2014;;@
09/06/2014;;@
10/06/2014;;@
11/06/2014;;@
12/06/2014;;@
13/06/2014;;@
14/06/2014;;@
15/06/2014;;@
16/06/2014;;@
17/06/2014;;@
18/06/2014;;@
19/06/2014;;@
20/06/2014;;@
21/06/2014;;@
22/06/2014;;@
23/06/2014;;@
24/06/2014;;@
25/06/2014;;@
26/06/2014;;@
27/06/2014;;@
28/06/2014;;@
29/06/2014;;@
30/06/2014;;@
01/07/2014;;@
02/07/2014;;@
03/07/2014;;@
04/07/2014;;@
05/07/2014;;@
06/07/2014;;@
07/07/2014;;@
08/07/2014;;@
09/07/2014;;@
10/07/2014;;@
11/07/2014;;@
12/07/2014;;@
13/07/2014;;@
14/07/2014;;@
15/07/2014;;@
16/07/2014;;@
17/07/2014;;@
18/07/2014;;@
19/07/2014;;@
20/07/2014;;@
21/07/2014;;@
22/07/2014;;@
23/07/2014;;@
24/07/2014;;@
25/07/2014;;@
26/07/2014;;@
27/07/2014;;@
28/07/2014;;@
29/07/2014;;@
30/07/2014;;@
31/07/2014;;@
01/08/2014;;@
02/08/2014;;@
03/08/2014;;@
04/08/2014;;@
05/08/2014;;@
06/08/2014;;@
07/08/2014;;@
08/08/2014;;@
09/08/2014;;@
10/08/2014;;@
11/08/2014;;@
12/08/2014;;@
13/08/2014;;@
14/08/2014;;@
15/08/2014;;@
16/08/2014;;@
17/08/2014;;@
18/08/2014;;@
19/08/2014;;@
20/08/2014;;@
21/08/2014;;@
22/08/2014;;@
23/08/2014;;@
24/08/2014;;@
25/08/2014;;@
26/08/2014;;@
27/08/2014;;@
28/08/2014;;@
29/08/2014;;@
30/08/2014;;@
31/08/2014;;@
01/09/2014;;@
02/09/2014;;@
03/09/2014;;@
04/09/2014;;@
05/09/2014;;@
06/09/2014;;@
07/09/2014;;@
08/09/2014;;@
09/09/2014;;@
10/09/2014;;@
11/09/2014;;@
12/09/2014;;@
13/09/2014;;@
14/09/2014;;@
15/09/2014;;@
16/09/2014;;@
17/09/2014;;@
18/09/2014;;@
19/09/2014;;@
20/09/2014;;@
21/09/2014;;@
22/09/2014;;@
23/09/2014;;@
24/09/2014;;@
25/09/2014;;@
26/09/2014;;@
27/09/2014;;@
28/09/2014;;@
29/09/2014;;@
30/09/2014;;@
01/10/2014;;@
02/10/2014;;@
03/10/2014;;@
04/10/2014;;@
05/10/2014;;@
06/10/2014;;@
07/10/2014;;@
08/10/2014;;@
09/10/2014;;@
10/10/2014;;@
11/10/2014;;@
12/10/2014;;@
13/10/2014;;@
14/10/2014;;@
15/10/2014;;@
16/10/2014;;@
17/10/2014;;@
18/10/2014;;@
19/10/2014;;@
20/10/2014;;@
21/10/2014;;@
22/10/2014;;@
23/10/2014;;@
24/10/2014;;@
25/10/2014;;@
26/10/2014;;@
27/10/2014;;@
28/10/2014;;@
29/10/2014;;@
30/10/2014;;@
31/10/2014;;@
01/11/2014;;@
02/11/2014;;@
03/11/2014;;@
04/11/2014;;@
05/11/2014;;@
06/11/2014;;@
07/11/2014;0,65;V
08/11/2014;0,56;V
09/11/2014;0,51;V
10/11/2014;0,53;V
11/11/2014;0,61;V
12/11/2014;0,57;V
13/11/2014;0,53;V
14/11/2014;0,51;V
15/11/2014;0,52;V
16/11/2014;0,73;V
17/11/2014;0,84;V
18/11/2014;0,92;V
19/11/2014;0,87;V
20/11/2014;0,68;V
21/11/2014;0,61;V
22/11/2014;0,58;V
23/11/2014;0,55;V
24/11/2014;0,53;V
25/11/2014;0,53;V
26/11/2014;0,57;V
27/11/2014;0,65;V
28/11/2014;0,62;V
29/11/2014;0,58;V
30/11/2014;0,56;V
01/12/2014;0,55;V
02/12/2014;0,53;V
03/12/2014;0,51;V
04/12/2014;0,54;V
05/12/2014;0,59;V
06/12/2014;0,59;V
07/12/2014;0,59;V
08/12/2014;0,57;V
09/12/2014;0,55;V
10/12/2014;0,53;V
11/12/2014;0,52;V
12/12/2014;0,51;V
13/12/2014;0,50;V
14/12/2014;0,50;V
15/12/2014;0,49;V
16/12/2014;0,53;V
17/12/2014;0,53;V
18/12/2014;0,52;V
19/12/2014;0,50;V
20/12/2014;0,50;V
21/12/2014;0,50;V
22/12/2014;0,48;V
23/12/2014;0,48;V
24/12/2014;0,47;V
25/12/2014;0,47;V
26/12/2014;0,46;V
27/12/2014;0,52;V
28/12/2014;0,62;V
29/12/2014;0,56;V
30/12/2014;0,54;V
31/12/2014;0,53;V
01/01/2015;0,51;V
02/01/2015;0,50;V
03/01/2015;0,50;V
04/01/2015;0,49;V
05/01/2015;0,47;V
06/01/2015;0,46;V
07/01/2015;0,46;V
08/01/2015;0,46;V
09/01/2015;0,46;V
10/01/2015;0,45;V
11/01/2015;0,45;V
12/01/2015;0,43;V
13/01/2015;0,42;V
14/01/2015;0,42;V
15/01/2015;0,41;V
16/01/2015;0,41;V
17/01/2015;0,43;V
18/01/2015;0,44;V
19/01/2015;0,43;V
20/01/2015;0,42;V
21/01/2015;0,43;V
22/01/2015;0,45;V
23/01/2015;0,44;V
24/01/2015;0,43;V
25/01/2015;0,43;V
26/01/2015;0,42;V
27/01/2015;0,41;V
28/01/2015;0,42;V
29/01/2015;0,45;V
30/01/2015;0,85;V
31/01/2015;0,65;V
01/02/2015;0,58;V
02/02/2015;0,55;V
03/02/2015;0,55;V
04/02/2015;0,53;V
05/02/2015;0,77;V
06/02/2015;0,69;V
07/02/2015;0,61;V
08/02/2015;0,58;V
09/02/2015;0,56;V
10/02/2015;0,55;V
11/02/2015;0,53;V
12/02/2015;0,53;V
13/02/2015;0,52;V
14/02/2015;0,51;V
15/02/2015;0,50;V
16/02/2015;0,50;V
17/02/2015;0,49;V
18/02/2015;0,48;V
19/02/2015;0,47;V
20/02/2015;0,46;V
21/02/2015;0,46;V
22/02/2015;0,53;V
23/02/2015;0,51;V
24/02/2015;0,50;V
25/02/2015;0,49;V
26/02/2015;0,48;V
27/02/2015;0,47;V
28/02/2015;0,47;V
01/03/2015;0,47;V
02/03/2015;0,58;V
03/03/2015;0,59;V
04/03/2015;0,56;V
05/03/2015;0,67;V
06/03/2015;0,60;V
07/03/2015;0,57;V
08/03/2015;0,55;V
09/03/2015;0,53;V
10/03/2015;0,52;V
11/03/2015;0,52;V
12/03/2015;0,51;V
13/03/2015;0,50;V
14/03/2015;0,50;V
15/03/2015;0,49;V
16/03/2015;0,50;V
17/03/2015;0,61;V
18/03/2015;0,56;V
19/03/2015;0,53;V
20/03/2015;0,52;V
21/03/2015;0,51;V
22/03/2015;0,50;V
23/03/2015;0,50;V
24/03/2015;0,50;V
25/03/2015;0,51;V
26/03/2015;0,80;V
27/03/2015;0,65;V
28/03/2015;0,59;V
29/03/2015;0,57;V
30/03/2015;0,56;V
31/03/2015;0,54;V
01/04/2015;0,52;V
02/04/2015;0,51;V
03/04/2015;0,51;V
04/04/2015;0,58;V
05/04/2015;0,69;V
06/04/2015;0,60;V
07/04/2015;0,57;V
08/04/2015;0,55;V
09/04/2015;0,54;V
10/04/2015;0,53;V
11/04/2015;0,52;V
12/04/2015;0,51;V
13/04/2015;0,51;V
14/04/2015;0,50;V
15/04/2015;0,49;V
16/04/2015;0,50;V
17/04/2015;0,50;V
18/04/2015;0,49;V
19/04/2015;0,47;V
20/04/2015;0,47;V
21/04/2015;0,46;V
22/04/2015;0,45;V
23/04/2015;0,47;V
24/04/2015;0,46;V
25/04/2015;0,45;V
26/04/2015;0,46;V
27/04/2015;0,49;V
28/04/2015;0,53;V
29/04/2015;0,56;V
30/04/2015;0,52;V
01/05/2015;0,50;V
02/05/2015;0,50;V
03/05/2015;0,48;V
04/05/2015;0,47;V
05/05/2015;0,47;V
06/05/2015;0,47;V
07/05/2015;0,45;V
08/05/2015;0,45;V
09/05/2015;0,45;V
10/05/2015;0,44;V
11/05/2015;0,44;V
12/05/2015;0,43;V
13/05/2015;0,44;V
14/05/2015;0,43;V
15/05/2015;0,44;V
16/05/2015;0,44;V
17/05/2015;0,43;V
18/05/2015;0,41;V
19/05/2015;0,41;V
20/05/2015;0,44;V
21/05/2015;0,46;V
22/05/2015;0,44;V
23/05/2015;0,44;V
24/05/2015;0,42;V
25/05/2015;0,41;V
26/05/2015;0,43;V
27/05/2015;0,45;V
28/05/2015;0,42;V
29/05/2015;0,40;V
30/05/2015;0,38;V
31/05/2015;0,36;V
01/06/2015;0,35;V
02/06/2015;0,33;V
03/06/2015;0,28;V
04/06/2015;0,21;V
05/06/2015;0,09;V
06/06/2015;0,08;V
07/06/2015;0,10;V
08/06/2015;0,10;V
09/06/2015;0,10;V
10/06/2015;0,10;V
11/06/2015;0,10;V
12/06/2015;0,11;V
13/06/2015;0,10;V
14/06/2015;0,11;V
15/06/2015;0,11;V
16/06/2015;0,10;V
17/06/2015;0,11;V
18/06/2015;0,10;V
19/06/2015;0,10;V
20/06/2015;0,10;V
21/06/2015;0,09;V
22/06/2015;0,10;V
23/06/2015;0,10;V
24/06/2015;0,09;V
25/06/2015;0,09;V
26/06/2015;0,08;V
27/06/2015;0,09;V
28/06/2015;0,09;V
29/06/2015;0,09;V
30/06/2015;0,09;V
01/07/2015;0,08;V
02/07/2015;0,08;V
03/07/2015;0,08;V
04/07/2015;0,08;V
05/07/2015;0,08;V
06/07/2015;0,09;V
07/07/2015;0,09;V
08/07/2015;0,07;V
09/07/2015;0,06;V
10/07/2015;0,06;V
11/07/2015;0,07;V
12/07/2015;0,07;V
13/07/2015;0,07;V
14/07/2015;0,07;V
15/07/2015;0,06;V
16/07/2015;0,04;V
17/07/2015;0,04;V
18/07/2015;0,03;V
19/07/2015;0,03;V
20/07/2015;0,03;V
21/07/2015;0,03;V
22/07/2015;0,05;V
23/07/2015;0,09;V
24/07/2015;0,08;V
25/07/2015;0,09;V
26/07/2015;0,08;V
27/07/2015;0,09;V
28/07/2015;0,09;V
29/07/2015;0,10;V
30/07/2015;0,08;V
31/07/2015;0,08;V
01/08/2015;;@
02/08/2015;;@
03/08/2015;;@
04/08/2015;;@
05/08/2015;;@
06/08/2015;;@
07/08/2015;;@
08/08/2015;;@
09/08/2015;;@
10/08/2015;;@
11/08/2015;;@
12/08/2015;;@
13/08/2015;;@
14/08/2015;;@
15/08/2015;;@
16/08/2015;;@
17/08/2015;;@
18/08/2015;;@
19/08/2015;;@
20/08/2015;;@
21/08/2015;;@
22/08/2015;;@
23/08/2015;;@
24/08/2015;;@
25/08/2015;;@
26/08/2015;;@
27/08/2015;;@
28/08/2015;;@
29/08/2015;;@
30/08/2015;;@
31/08/2015;;@
01/09/2015;;@
02/09/2015;;@
03/09/2015;;@
04/09/2015;;@
05/09/2015;;@
06/09/2015;;@
07/09/2015;;@
08/09/2015;;@
09/09/2015;;@
10/09/2015;;@
11/09/2015;;@
12/09/2015;;@
13/09/2015;;@
14/09/2015;;@
15/09/2015;;@
16/09/2015;;@
17/09/2015;;@
18/09/2015;;@
19/09/2015;;@
20/09/2015;;@
21/09/2015;;@
22/09/2015;;@
23/09/2015;;@
24/09/2015;;@
25/09/2015;;@
26/09/2015;;@
27/09/2015;;@
28/09/2015;;@
29/09/2015;;@
30/09/2015;;@
01/10/2015;;@
02/10/2015;;@
03/10/2015;;@
04/10/2015;;@
05/10/2015;;@
06/10/2015;;@
07/10/2015;;@
08/10/2015;;@
09/10/2015;;@
10/10/2015;;@
11/10/2015;;@
12/10/2015;;@
13/10/2015;;@
14/10/2015;;@
15/10/2015;;@
16/10/2015;;@
17/10/2015;;@
18/10/2015;;@
19/10/2015;;@
20/10/2015;;@
21/10/2015;;@
22/10/2015;;@
23/10/2015;;@
24/10/2015;;@
25/10/2015;;@
26/10/2015;;@
27/10/2015;;@
28/10/2015;;@
29/10/2015;;@
30/10/2015;;@
31/10/2015;;@
01/11/2015;;@
02/11/2015;;@
03/11/2015;;@
04/11/2015;;@
05/11/2015;;@
06/11/2015;;@
07/11/2015;;@
08/11/2015;;@
09/11/2015;;@
10/11/2015;;@
11/11/2015;;@
12/11/2015;;@
13/11/2015;;@
14/11/2015;;@
15/11/2015;;@
16/11/2015;;@
17/11/2015;;@
18/11/2015;;@
19/11/2015;;@
20/11/2015;;@
21/11/2015;;@
22/11/2015;;@
23/11/2015;;@
24/11/2015;;@
25/11/2015;;@
26/11/2015;;@
27/11/2015;;@
28/11/2015;;@
29/11/2015;;@
30/11/2015;;@
01/12/2015;;@
02/12/2015;;@
03/12/2015;;@
04/12/2015;;@
05/12/2015;;@
06/12/2015;;@
07/12/2015;;@
08/12/2015;;@
09/12/2015;;@
10/12/2015;;@
11/12/2015;;@
12/12/2015;0,13;V
13/12/2015;0,09;V
14/12/2015;0,07;V
15/12/2015;0,11;V
16/12/2015;0,10;V
17/12/2015;0,10;V
18/12/2015;0,14;V
19/12/2015;0,08;V
20/12/2015;0,10;V
21/12/2015;0,12;V
22/12/2015;0,15;V
23/12/2015;0,14;V
24/12/2015;0,13;V
25/12/2015;0,12;V
26/12/2015;0,13;V
27/12/2015;0,12;V
28/12/2015;0,11;V
29/12/2015;0,11;V
30/12/2015;0,11;V
31/12/2015;0,11;V
01/01/2016;0,64;V
02/01/2016;0,63;V
03/01/2016;0,66;V
04/01/2016;0,59;V
05/01/2016;0,59;V
06/01/2016;0,63;V
07/01/2016;0,61;V
08/01/2016;0,59;V
09/01/2016;0,56;V
10/01/2016;0,65;V
11/01/2016;0,62;V
12/01/2016;0,58;V
13/01/2016;0,54;V
14/01/2016;0,61;V
15/01/2016;0,80;V
16/01/2016;0,64;V
17/01/2016;0,57;V
18/01/2016;0,54;V
19/01/2016;0,52;V
20/01/2016;0,51;V
21/01/2016;0,50;V
22/01/2016;0,48;V
23/01/2016;0,47;V
24/01/2016;0,46;V
25/01/2016;0,46;V
26/01/2016;0,45;V
27/01/2016;0,44;V
28/01/2016;0,45;V
29/01/2016;0,46;V
30/01/2016;0,47;V
31/01/2016;0,51;V
01/02/2016;0,62;V
02/02/2016;0,56;V
03/02/2016;0,54;V
04/02/2016;0,60;V
05/02/2016;0,57;V
06/02/2016;0,54;V
07/02/2016;0,53;V
08/02/2016;0,53;V
09/02/2016;0,55;V
10/02/2016;0,74;V
11/02/2016;0,63;V
12/02/2016;0,79;V
13/02/2016;0,78;V
14/02/2016;0,90;V
15/02/2016;0,75;V
16/02/2016;0,84;V
17/02/2016;0,84;V
18/02/2016;0,72;V
19/02/2016;0,66;V
20/02/2016;0,61;V
21/02/2016;0,59;V
22/02/2016;0,56;V
23/02/2016;0,58;V
24/02/2016;0,56;V
25/02/2016;0,59;V
26/02/2016;0,59;V
27/02/2016;0,68;V
28/02/2016;0,77;V
29/02/2016;0,86;V
01/03/2016;0,76;V
02/03/2016;0,67;V
03/03/2016;0,66;V
04/03/2016;0,63;V
05/03/2016;0,67;V
06/03/2016;0,76;V
07/03/2016;0,70;V
08/03/2016;0,65;V
09/03/2016;0,64;V
10/03/2016;0,61;V
11/03/2016;0,60;V
12/03/2016;0,58;V
13/03/2016;0,56;V
14/03/2016;0,55;V
15/03/2016;0,54;V
16/03/2016;0,53;V
17/03/2016;0,53;V
18/03/2016;0,52;V
19/03/2016;0,51;V
20/03/2016;0,50;V
21/03/2016;0,50;V
22/03/2016;0,50;V
23/03/2016;0,49;V
24/03/2016;0,48;V
25/03/2016;0,47;V
26/03/2016;0,47;V
27/03/2016;0,47;V
28/03/2016;0,47;V
29/03/2016;0,47;V
30/03/2016;0,47;V
31/03/2016;0,47;V
01/04/2016;0,47;V
02/04/2016;0,45;V
03/04/2016;0,45;V
04/04/2016;0,45;V
05/04/2016;0,44;V
06/04/2016;0,44;V
07/04/2016;0,43;V
08/04/2016;0,44;V
09/04/2016;0,44;V
10/04/2016;0,43;V
11/04/2016;0,42;V
12/04/2016;0,42;V
13/04/2016;0,42;V
14/04/2016;0,41;V
15/04/2016;0,41;V
16/04/2016;0,41;V
17/04/2016;0,41;V
18/04/2016;0,41;V
19/04/2016;0,40;V
20/04/2016;0,39;V
21/04/2016;0,38;V
22/04/2016;0,39;V
23/04/2016;0,43;V
24/04/2016;0,44;V
25/04/2016;0,42;V
26/04/2016;0,40;V
27/04/2016;0,37;V
28/04/2016;0,35;V
29/04/2016;0,35;V
30/04/2016;0,36;V
01/05/2016;0,47;V
02/05/2016;0,43;V
03/05/2016;0,39;V
04/05/2016;0,40;V
05/05/2016;0,35;V
06/05/2016;0,35;V
07/05/2016;0,35;V
08/05/2016;0,34;V
09/05/2016;0,31;V
10/05/2016;0,21;V
11/05/2016;0,07;V
12/05/2016;;@
13/05/2016;;@
14/05/2016;;@
15/05/2016;;@
16/05/2016;;@
17/05/2016;;@
18/05/2016;;@
19/05/2016;;@
20/05/2016;;@
21/05/2016;;@
22/05/2016;;@
23/05/2016;;@
24/05/2016;;@
25/05/2016;;@
26/05/2016;;@
27/05/2016;;@
28/05/2016;;@
29/05/2016;;@
30/05/2016;;@
31/05/2016;;@
01/06/2016;;@
02/06/2016;;@
03/06/2016;;@
04/06/2016;;@
05/06/2016;;@
06/06/2016;;@
07/06/2016;;@
08/06/2016;;@
09/06/2016;;@
10/06/2016;;@
11/06/2016;;@
12/06/2016;;@
13/06/2016;;@
14/06/2016;;@
15/06/2016;;@
16/06/2016;;@
17/06/2016;;@
18/06/2016;;@
19/06/2016;;@
20/06/2016;;@
21/06/2016;;@
22/06/2016;-0,01;V
23/06/2016;-0,01;V
24/06/2016;-0,01;V
25/06/2016;0,00;V
26/06/2016;-0,01;V
27/06/2016;-0,02;V
28/06/2016;-0,03;V
29/06/2016;-0,03;V
30/06/2016;-0,03;V
01/07/2016;-0,03;V
02/07/2016;-0,03;V
03/07/2016;-0,03;V
04/07/2016;-0,04;V
05/07/2016;-0,04;V
06/07/2016;-0,03;V
07/07/2016;-0,03;V
08/07/2016;-0,03;V
09/07/2016;-0,03;V
10/07/2016;-0,04;V
11/07/2016;-0,03;V
12/07/2016;-0,03;V
13/07/2016;-0,02;V
14/07/2016;-0,03;V
15/07/2016;-0,03;V
16/07/2016;-0,04;V
17/07/2016;-0,04;V
18/07/2016;-0,03;V
19/07/2016;-0,04;V
20/07/2016;-0,04;V
21/07/2016;-0,04;V
22/07/2016;-0,04;V
23/07/2016;-0,02;V
24/07/2016;-0,02;V
25/07/2016;-0,02;V
26/07/2016;-0,01;V
27/07/2016;-0,02;V
28/07/2016;-0,03;V
29/07/2016;-0,03;V
30/07/2016;-0,02;V
31/07/2016;-0,03;V
01/08/2016;;@
02/08/2016;;@
03/08/2016;;@
04/08/2016;;@
05/08/2016;;@
06/08/2016;;@
07/08/2016;;@
08/08/2016;;@
09/08/2016;;@
10/08/2016;;@
11/08/2016;;@
12/08/2016;;@
13/08/2016;;@
14/08/2016;;@
15/08/2016;;@
16/08/2016;;@
17/08/2016;;@
18/08/2016;;@
19/08/2016;;@
20/08/2016;;@
21/08/2016;;@
22/08/2016;;@
23/08/2016;;@
24/08/2016;;@
25/08/2016;;@
26/08/2016;;@
27/08/2016;;@
28/08/2016;;@
29/08/2016;;@
30/08/2016;;@
31/08/2016;;@
01/09/2016;;@
02/09/2016;;@
03/09/2016;;@
04/09/2016;;@
05/09/2016;;@
06/09/2016;;@
07/09/2016;;@
08/09/2016;;@
09/09/2016;;@
10/09/2016;;@
11/09/2016;;@
12/09/2016;;@
13/09/2016;;@
14/09/2016;;@
15/09/2016;;@
16/09/2016;;@
17/09/2016;;@
18/09/2016;;@
19/09/2016;;@
20/09/2016;;@
21/09/2016;;@
22/09/2016;;@
23/09/2016;;@
24/09/2016;;@
25/09/2016;;@
26/09/2016;;@
27/09/2016;;@
28/09/2016;;@
29/09/2016;;@
30/09/2016;;@
01/10/2016;;@
02/10/2016;;@
03/10/2016;;@
04/10/2016;;@
05/10/2016;;@
06/10/2016;;@
07/10/2016;;@
08/10/2016;;@
09/10/2016;;@
10/10/2016;;@
11/10/2016;;@
12/10/2016;;@
13/10/2016;;@
14/10/2016;;@
15/10/2016;;@
16/10/2016;;@
17/10/2016;;@
18/10/2016;;@
19/10/2016;;@
20/10/2016;;@
21/10/2016;;@
22/10/2016;;@
23/10/2016;;@
24/10/2016;;@
25/10/2016;;@
26/10/2016;;@
27/10/2016;;@
28/10/2016;;@
29/10/2016;;@
30/10/2016;;@
31/10/2016;;@
01/11/2016;;@
02/11/2016;;@
03/11/2016;;@
04/11/2016;;@
05/11/2016;;@
06/11/2016;;@
07/11/2016;;@
08/11/2016;;@
09/11/2016;;@
10/11/2016;;@
11/11/2016;;@
12/11/2016;;@
13/11/2016;;@
14/11/2016;;@
15/11/2016;;@
16/11/2016;;@
17/11/2016;;@
18/11/2016;;@
19/11/2016;;@
20/11/2016;;@
21/11/2016;;@
22/11/2016;;@
23/11/2016;;@
24/11/2016;;@
25/11/2016;;@
26/11/2016;;@
27/11/2016;;@
28/11/2016;;@
29/11/2016;;@
30/11/2016;;@
01/12/2016;;@
02/12/2016;;@
03/12/2016;;@
04/12/2016;;@
05/12/2016;;@
06/12/2016;;@
07/12/2016;;@
08/12/2016;;@
09/12/2016;;@
10/12/2016;;@
11/12/2016;;@
12/12/2016;;@
13/12/2016;;@
14/12/2016;;@
15/12/2016;;@
16/12/2016;;@
17/12/2016;;@
18/12/2016;;@
19/12/2016;;@
20/12/2016;-0,29;V
21/12/2016;-0,29;V
22/12/2016;-0,30;V
23/12/2016;-0,30;V
24/12/2016;-0,30;V
25/12/2016;-0,29;V
26/12/2016;-0,29;V
27/12/2016;-0,29;V
28/12/2016;-0,29;V
29/12/2016;-0,29;V
30/12/2016;-0,29;V
31/12/2016;-0,30;V
01/01/2017;;@
02/01/2017;;@
03/01/2017;;@
04/01/2017;;@
05/01/2017;;@
06/01/2017;;@
07/01/2017;;@
08/01/2017;;@
09/01/2017;;@
10/01/2017;;@
11/01/2017;;@
12/01/2017;;@
13/01/2017;;@
14/01/2017;;@
15/01/2017;;@
16/01/2017;;@
17/01/2017;;@
18/01/2017;;@
19/01/2017;;@
20/01/2017;;@
21/01/2017;;@
22/01/2017;;@
23/01/2017;;@
24/01/2017;;@
25/01/2017;;@
26/01/2017;;@
27/01/2017;;@
28/01/2017;;@
29/01/2017;;@
30/01/2017;;@
31/01/2017;;@
01/02/2017;;@
02/02/2017;;@
03/02/2017;;@
04/02/2017;0,54;V
05/02/2017;0,77;V
06/02/2017;0,81;V
07/02/2017;0,62;V
08/02/2017;0,54;V
09/02/2017;0,50;V
10/02/2017;0,47;V
11/02/2017;0,47;V
12/02/2017;0,45;V
13/02/2017;0,43;V
14/02/2017;0,42;V
15/02/2017;0,41;V
16/02/2017;0,41;V
17/02/2017;0,41;V
18/02/2017;0,40;V
19/02/2017;0,39;V
20/02/2017;0,38;V
21/02/2017;0,38;V
22/02/2017;0,38;V
23/02/2017;0,38;V
24/02/2017;0,47;V
25/02/2017;0,82;V
26/02/2017;0,58;V
27/02/2017;0,51;V
28/02/2017;0,50;V
01/03/2017;0,55;V
02/03/2017;0,52;V
03/03/2017;0,50;V
04/03/2017;0,50;V
05/03/2017;0,70;V
06/03/2017;0,92;V
07/03/2017;0,82;V
08/03/2017;0,63;V
09/03/2017;0,57;V
10/03/2017;0,52;V
11/03/2017;0,50;V
12/03/2017;0,48;V
13/03/2017;0,46;V
14/03/2017;0,44;V
15/03/2017;0,44;V
16/03/2017;0,43;V
17/03/2017;0,42;V
18/03/2017;0,42;V
19/03/2017;0,41;V
20/03/2017;0,41;V
21/03/2017;0,41;V
22/03/2017;0,40;V
23/03/2017;0,38;V
24/03/2017;0,38;V
25/03/2017;0,38;V
26/03/2017;0,38;V
27/03/2017;0,36;V
28/03/2017;0,36;V
29/03/2017;0,35;V
30/03/2017;0,35;V
31/03/2017;0,35;V
01/04/2017;0,35;V
02/04/2017;0,35;V
03/04/2017;0,35;V
04/04/2017;0,35;V
05/04/2017;0,35;V
06/04/2017;0,35;V
07/04/2017;0,34;V
08/04/2017;0,33;V
09/04/2017;0,32;V
10/04/2017;0,32;V
11/04/2017;0,32;V
12/04/2017;0,32;V
13/04/2017;0,32;V
14/04/2017;0,32;V
15/04/2017;0,32;V
16/04/2017;0,32;V
17/04/2017;0,30;V
18/04/2017;0,31;V
19/04/2017;0,31;V
20/04/2017;0,30;V
21/04/2017;0,28;V
22/04/2017;0,26;V
23/04/2017;0,26;V
24/04/2017;0,26;V
25/04/2017;0,26;V
26/04/2017;0,25;V
27/04/2017;0,30;V
28/04/2017;0,38;V
29/04/2017;0,33;V
30/04/2017;0,30;V
01/05/2017;0,31;V
02/05/2017;0,32;V
03/05/2017;0,30;V
04/05/2017;0,29;V
05/05/2017;0,30;V
06/05/2017;0,27;V
07/05/2017;;@
08/05/2017;;@
09/05/2017;;@
10/05/2017;;@
11/05/2017;;@
12/05/2017;;@
13/05/2017;;@
14/05/2017;;@
15/05/2017;;@
16/05/2017;;@
17/05/2017;;@
18/05/2017;;@
19/05/2017;;@
20/05/2017;;@
21/05/2017;;@
22/05/2017;;@
23/05/2017;;@
24/05/2017;;@
25/05/2017;;@
26/05/2017;;@
27/05/2017;;@
28/05/2017;;@
29/05/2017;;@
30/05/2017;;@
31/05/2017;;@
01/06/2017;;@
02/06/2017;;@
03/06/2017;;@
04/06/2017;;@
05/06/2017;;@
06/06/2017;;@
07/06/2017;;@
08/06/2017;;@
09/06/2017;;@
10/06/2017;;@
11/06/2017;;@
12/06/2017;;@
13/06/2017;;@
14/06/2017;;@
15/06/2017;;@
16/06/2017;;@
17/06/2017;;@
18/06/2017;;@
19/06/2017;;@
20/06/2017;;@
21/06/2017;;@
22/06/2017;;@
23/06/2017;;@
24/06/2017;;@
25/06/2017;;@
26/06/2017;;@
27/06/2017;;@
28/06/2017;;@
29/06/2017;;@
30/06/2017;;@
01/07/2017;;@
02/07/2017;;@
03/07/2017;;@
04/07/2017;;@
05/07/2017;;@
06/07/2017;;@
07/07/2017;;@
08/07/2017;;@
09/07/2017;;@
10/07/2017;;@
11/07/2017;;@
12/07/2017;;@
13/07/2017;;@
14/07/2017;;@
15/07/2017;;@
16/07/2017;;@
17/07/2017;;@
18/07/2017;;@
19/07/2017;;@
20/07/2017;;@
21/07/2017;;@
22/07/2017;;@
23/07/2017;;@
24/07/2017;;@
25/07/2017;;@
26/07/2017;;@
27/07/2017;;@
28/07/2017;;@
29/07/2017;;@
30/07/2017;;@
31/07/2017;;@
01/08/2017;;@
02/08/2017;;@
03/08/2017;;@
04/08/2017;;@
05/08/2017;;@
06/08/2017;;@
07/08/2017;;@
08/08/2017;;@
09/08/2017;;@
10/08/2017;;@
11/08/2017;;@
12/08/2017;;@
13/08/2017;;@
14/08/2017;;@
15/08/2017;;@
16/08/2017;;@
17/08/2017;;@
18/08/2017;;@
19/08/2017;;@
20/08/2017;;@
21/08/2017;;@
22/08/2017;;@
23/08/2017;;@
24/08/2017;;@
25/08/2017;;@
26/08/2017;;@
27/08/2017;;@
28/08/2017;;@
29/08/2017;;@
30/08/2017;;@
31/08/2017;;@
01/09/2017;;@
02/09/2017;;@
03/09/2017;;@
04/09/2017;;@
05/09/2017;;@
06/09/2017;;@
07/09/2017;;@
08/09/2017;;@
09/09/2017;;@
10/09/2017;;@
11/09/2017;;@
12/09/2017;;@
13/09/2017;;@
14/09/2017;;@
15/09/2017;;@
16/09/2017;;@
17/09/2017;;@
18/09/2017;;@
19/09/2017;;@
20/09/2017;;@
21/09/2017;;@
22/09/2017;;@
23/09/2017;;@
24/09/2017;;@
25/09/2017;;@
26/09/2017;;@
27/09/2017;;@
28/09/2017;;@
29/09/2017;;@
30/09/2017;;@
01/10/2017;;@
02/10/2017;;@
03/10/2017;;@
04/10/2017;;@
05/10/2017;;@
06/10/2017;;@
07/10/2017;;@
08/10/2017;;@
09/10/2017;;@
10/10/2017;;@
11/10/2017;;@
12/10/2017;;@
13/10/2017;;@
14/10/2017;;@
15/10/2017;;@
16/10/2017;;@
17/10/2017;;@
18/10/2017;;@
19/10/2017;;@
20/10/2017;;@
21/10/2017;;@
22/10/2017;;@
23/10/2017;;@
24/10/2017;;@
25/10/2017;;@
26/10/2017;;@
27/10/2017;;@
28/10/2017;;@
29/10/2017;;@
30/10/2017;;@
31/10/2017;;@
01/11/2017;;@
02/11/2017;;@
03/11/2017;;@
04/11/2017;;@
05/11/2017;;@
06/11/2017;;@
07/11/2017;;@
08/11/2017;;@
09/11/2017;;@
10/11/2017;;@
11/11/2017;;@
12/11/2017;;@
13/11/2017;;@
14/11/2017;;@
15/11/2017;;@
16/11/2017;;@
17/11/2017;;@
18/11/2017;;@
19/11/2017;;@
20/11/2017;;@
21/11/2017;;@
22/11/2017;;@
23/11/2017;;@
24/11/2017;;@
25/11/2017;;@
26/11/2017;;@
27/11/2017;;@
28/11/2017;;@
29/11/2017;;@
30/11/2017;;@
01/12/2017;;@
02/12/2017;;@
03/12/2017;;@
04/12/2017;;@
05/12/2017;;@
06/12/2017;;@
07/12/2017;;@
08/12/2017;0,45;V
09/12/2017;0,69;V
10/12/2017;0,57;V
11/12/2017;0,70;V
12/12/2017;0,75;V
13/12/2017;0,61;V
14/12/2017;0,71;V
15/12/2017;0,63;V
16/12/2017;0,56;V
17/12/2017;0,51;V
18/12/2017;0,48;V
19/12/2017;0,45;V
20/12/2017;0,44;V
21/12/2017;0,42;V
22/12/2017;0,41;V
23/12/2017;0,40;V
24/12/2017;0,41;V
25/12/2017;0,40;V
26/12/2017;0,40;V
27/12/2017;0,56;V
28/12/2017;0,83;V
29/12/2017;0,60;V
30/12/2017;0,54;V
31/12/2017;0,50;V
01/01/2018;0,52;V
02/01/2018;0,57;V
03/01/2018;0,54;V
04/01/2018;0,55;V
05/01/2018;0,53;V
06/01/2018;0,52;V
07/01/2018;0,50;V
08/01/2018;0,47;V
09/01/2018;0,47;V
10/01/2018;0,45;V
11/01/2018;0,46;V
12/01/2018;0,45;V
13/01/2018;0,44;V
14/01/2018;0,44;V
15/01/2018;0,42;V
16/01/2018;0,53;V
17/01/2018;0,70;V
18/01/2018;0,57;V
19/01/2018;0,59;V
20/01/2018;0,55;V
21/01/2018;0,62;V
22/01/2018;0,57;V
23/01/2018;0,53;V
24/01/2018;0,50;V
25/01/2018;0,49;V
26/01/2018;0,47;V
27/01/2018;0,46;V
28/01/2018;0,44;V
29/01/2018;0,44;V
30/01/2018;0,44;V
31/01/2018;0,45;V
01/02/2018;0,54;V
02/02/2018;0,76;V
03/02/2018;0,87;V
04/02/2018;0,66;V
05/02/2018;0,60;V
06/02/2018;0,57;V
07/02/2018;0,57;V
08/02/2018;0,54;V
09/02/2018;0,52;V
10/02/2018;0,51;V
11/02/2018;0,49;V
12/02/2018;0,52;V
13/02/2018;0,50;V
14/02/2018;0,49;V
15/02/2018;0,47;V
16/02/2018;0,47;V
17/02/2018;0,47;V
18/02/2018;0,70;V
19/02/2018;0,60;V
20/02/2018;0,54;V
21/02/2018;0,52;V
22/02/2018;0,50;V
23/02/2018;0,54;V
24/02/2018;0,52;V
25/02/2018;0,52;V
26/02/2018;0,50;V
27/02/2018;0,48;V
28/02/2018;0,47;V
01/03/2018;0,47;V
02/03/2018;0,65;V
03/03/2018;0,88;V
04/03/2018;0,78;V
05/03/2018;0,69;V
06/03/2018;0,64;V
07/03/2018;0,75;V
08/03/2018;0,65;V
09/03/2018;0,60;V
10/03/2018;0,57;V
11/03/2018;0,74;V
12/03/2018;0,82;V
13/03/2018;0,76;V
14/03/2018;0,68;V
15/03/2018;0,66;V
16/03/2018;0,82;V
17/03/2018;0,70;V
18/03/2018;0,66;V
19/03/2018;0,77;V
20/03/2018;0,67;V
21/03/2018;0,61;V
22/03/2018;0,57;V
23/03/2018;0,54;V
24/03/2018;0,51;V
25/03/2018;0,49;V
26/03/2018;0,48;V
27/03/2018;0,46;V
28/03/2018;0,45;V
29/03/2018;0,44;V
30/03/2018;0,43;V
31/03/2018;0,43;V
01/04/2018;0,45;V
02/04/2018;0,41;V
03/04/2018;0,41;V
04/04/2018;0,48;V
05/04/2018;0,56;V
06/04/2018;0,49;V
07/04/2018;0,46;V
08/04/2018;0,44;V
09/04/2018;0,44;V
10/04/2018;0,44;V
11/04/2018;0,44;V
12/04/2018;0,44;V
13/04/2018;0,44;V
14/04/2018;0,42;V
15/04/2018;0,41;V
16/04/2018;0,40;V
17/04/2018;0,39;V
18/04/2018;0,38;V
19/04/2018;0,38;V
20/04/2018;0,36;V
21/04/2018;0,36;V
22/04/2018;0,35;V
23/04/2018;0,35;V
24/04/2018;0,35;V
25/04/2018;0,34;V
26/04/2018;0,33;V
27/04/2018;0,33;V
28/04/2018;0,33;V
29/04/2018;0,32;V
30/04/2018;0,32;V
01/05/2018;0,32;V
02/05/2018;0,35;V
03/05/2018;0,32;V
04/05/2018;0,32;V
05/05/2018;0,30;V
06/05/2018;0,30;V
07/05/2018;0,29;V
08/05/2018;0,30;V
09/05/2018;0,29;V
10/05/2018;0,28;V
11/05/2018;0,28;V
12/05/2018;0,27;V
13/05/2018;0,27;V
14/05/2018;0,29;V
15/05/2018;0,27;V
16/05/2018;0,26;V
17/05/2018;0,26;V
18/05/2018;0,27;V
19/05/2018;0,25;V
20/05/2018;0,24;V
21/05/2018;0,26;V
22/05/2018;0,31;V
23/05/2018;0,32;V
24/05/2018;0,28;V
25/05/2018;0,27;V
26/05/2018;0,25;V
27/05/2018;0,24;V
28/05/2018;0,24;V
29/05/2018;0,23;V
30/05/2018;0,23;V
31/05/2018;0,22;V
01/06/2018;0,21;V
02/06/2018;0,20;V
03/06/2018;0,20;V
04/06/2018;0,21;V
05/06/2018;0,21;V
06/06/2018;0,20;V
07/06/2018;0,18;V
08/06/2018;0,22;V
09/06/2018;0,22;V
10/06/2018;0,21;V
11/06/2018;0,20;V
12/06/2018;0,21;V
13/06/2018;0,22;V
14/06/2018;0,28;V
15/06/2018;0,25;V
16/06/2018;0,23;V
17/06/2018;0,23;V
18/06/2018;0,21;V
19/06/2018;0,13;P
20/06/2018;0,01;P
21/06/2018;-0,09;P
22/06/2018;-0,04;P
23/06/2018;-0,10;P
24/06/2018;-0,12;P
25/06/2018;-0,09;P
26/06/2018;-0,10;P
27/06/2018;-0,10;P
28/06/2018;-0,10;P
29/06/2018;-0,10;P
30/06/2018;-0,10;P
01/07/2018;-0,11;P
02/07/2018;-0,11;P
03/07/2018;-0,11;P
04/07/2018;-0,09;P
05/07/2018;-0,08;P
06/07/2018;-0,07;P
07/07/2018;-0,08;P
08/07/2018;-0,09;P
09/07/2018;-0,10;P
10/07/2018;-0,09;P
11/07/2018;-0,09;P
12/07/2018;-0,09;P
13/07/2018;-0,09;P
14/07/2018;-0,10;P
15/07/2018;-0,09;P
16/07/2018;-0,07;P
17/07/2018;-0,11;P
18/07/2018;-0,14;P
19/07/2018;-0,14;P
20/07/2018;-0,14;P
21/07/2018;-0,14;P
22/07/2018;-0,09;P
23/07/2018;-0,08;P
24/07/2018;-0,10;P
25/07/2018;-0,10;P
26/07/2018;-0,09;P
27/07/2018;-0,10;P
28/07/2018;-0,09;P
29/07/2018;-0,09;P
30/07/2018;-0,10;P
31/07/2018;-0,10;P
01/08/2018;-0,10;P
02/08/2018;-0,08;P
03/08/2018;-0,08;P
04/08/2018;-0,09;P
05/08/2018;-0,10;P
06/08/2018;-0,10;P
07/08/2018;-0,06;P
08/08/2018;0,02;P
09/08/2018;0,28;P
10/08/2018;0,18;P
11/08/2018;-0,01;P
12/08/2018;-0,09;P
13/08/2018;-0,08;P
14/08/2018;-0,07;P
15/08/2018;-0,08;P
16/08/2018;-0,09;P
17/08/2018;-0,09;P
18/08/2018;-0,08;P
19/08/2018;-0,09;P
20/08/2018;-0,09;P
21/08/2018;-0,09;P
22/08/2018;-0,07;P
23/08/2018;-0,06;P
24/08/2018;-0,07;P
25/08/2018;-0,05;P
26/08/2018;-0,06;P
27/08/2018;-0,08;P
28/08/2018;-0,09;P
29/08/2018;-0,09;P
30/08/2018;-0,06;P
31/08/2018;-0,06;P
01/09/2018;-0,06;P
02/09/2018;-0,08;P
03/09/2018;-0,06;P
04/09/2018;-0,06;P
05/09/2018;-0,05;P
06/09/2018;-0,05;P
07/09/2018;-0,06;P
08/09/2018;-0,06;P
09/09/2018;-0,06;P
10/09/2018;-0,07;P
11/09/2018;-0,07;P
12/09/2018;-0,08;P
13/09/2018;-0,05;P
14/09/2018;-0,07;P
15/09/2018;-0,06;P
16/09/2018;-0,06;P
17/09/2018;-0,06;P
18/09/2018;-0,05;P
19/09/2018;-0,07;P
20/09/2018;-0,07;P
21/09/2018;-0,08;P
22/09/2018;-0,07;P
23/09/2018;-0,07;P
24/09/2018;-0,08;P
25/09/2018;-0,09;P
26/09/2018;-0,09;P
27/09/2018;-0,08;P
28/09/2018;-0,08;P
29/09/2018;-0,09;P
30/09/2018;-0,09;P
01/10/2018;-0,07;P
02/10/2018;-0,08;P
03/10/2018;-0,09;P
04/10/2018;-0,09;P
05/10/2018;-0,10;P
06/10/2018;-0,08;P
07/10/2018;-0,08;P
08/10/2018;-0,08;P
09/10/2018;-0,08;P
10/10/2018;-0,08;P
11/10/2018;-0,06;P
12/10/2018;-0,07;P
13/10/2018;-0,07;P
14/10/2018;-0,08;P
15/10/2018;-0,08;P
16/10/2018;-0,07;P
17/10/2018;-0,06;P
18/10/2018;-0,06;P
19/10/2018;-0,07;P
20/10/2018;-0,08;P
21/10/2018;-0,07;P
22/10/2018;-0,07;P
23/10/2018;-0,08;P
24/10/2018;-0,08;P
25/10/2018;-0,08;P
26/10/2018;-0,07;P
27/10/2018;-0,07;P
28/10/2018;-0,07;P
29/10/2018;-0,03;P
30/10/2018;-0,06;P
31/10/2018;-0,05;P
01/11/2018;-0,05;P
02/11/2018;-0,05;P
03/11/2018;-0,05;P
04/11/2018;-0,05;P
05/11/2018;-0,06;P
06/11/2018;-0,03;P
07/11/2018;-0,05;P
08/11/2018;-0,07;P
09/11/2018;-0,07;P
10/11/2018;-0,07;P
11/11/2018;-0,05;P
12/11/2018;-0,07;P
13/11/2018;-0,05;P
14/11/2018;-0,02;P
15/11/2018;-0,07;P
16/11/2018;-0,06;P
17/11/2018;-0,05;P
18/11/2018;-0,06;P
19/11/2018;-0,06;P
20/11/2018;-0,06;P
21/11/2018;-0,01;P
22/11/2018;-0,05;P
23/11/2018;-0,05;P
24/11/2018;-0,04;P
25/11/2018;-0,05;P
26/11/2018;-0,05;P
27/11/2018;0,07;P
28/11/2018;0,03;P
29/11/2018;-0,05;P
30/11/2018;0,07;P
01/12/2018;-0,07;P
02/12/2018;-0,05;P
03/12/2018;-0,05;P
04/12/2018;0,23;P
05/12/2018;0,23;V
06/12/2018;0,26;V
07/12/2018;0,33;V
08/12/2018;0,48;V
09/12/2018;0,41;V
10/12/2018;0,33;V
11/12/2018;0,31;V
12/12/2018;0,27;V
13/12/2018;0,22;V
14/12/2018;0,18;V
15/12/2018;0,17;V
16/12/2018;0,16;V
17/12/2018;0,16;V
18/12/2018;0,16;V
19/12/2018;0,13;V
20/12/2018;0,30;V
21/12/2018;0,36;V
22/12/2018;0,32;V
23/12/2018;0,36;V
24/12/2018;0,34;V
25/12/2018;0,30;V
26/12/2018;0,28;V
27/12/2018;0,27;V
28/12/2018;0,25;V
29/12/2018;0,23;V
30/12/2018;0,22;V
31/12/2018;0,21;V
01/01/2019;0,19;V
02/01/2019;0,19;V
03/01/2019;0,18;V
04/01/2019;0,17;V
05/01/2019;0,16;V
06/01/2019;0,12;V
07/01/2019;-0,03;V
08/01/2019;-0,06;V
09/01/2019;-0,06;V
10/01/2019;-0,08;V
11/01/2019;-0,08;V
12/01/2019;-0,08;V
13/01/2019;-0,08;V
14/01/2019;-0,08;V
15/01/2019;-0,10;V
16/01/2019;-0,10;V
17/01/2019;-0,06;V
18/01/2019;0,26;V
19/01/2019;0,35;V
20/01/2019;0,30;V
21/01/2019;0,26;V
22/01/2019;0,24;V
23/01/2019;0,24;V
24/01/2019;0,23;V
25/01/2019;0,21;V
26/01/2019;0,20;V
27/01/2019;0,19;V
28/01/2019;0,23;V
29/01/2019;0,24;V
30/01/2019;0,25;V
31/01/2019;0,28;V
01/02/2019;0,62;V
02/02/2019;0,89;V
03/02/2019;0,76;V
04/02/2019;0,54;V
05/02/2019;0,46;V
06/02/2019;0,42;V
07/02/2019;0,38;V
08/02/2019;0,36;V
09/02/2019;0,34;V
10/02/2019;0,34;V
11/02/2019;0,38;V
12/02/2019;0,36;V
13/02/2019;0,34;V
14/02/2019;0,32;V
15/02/2019;0,32;V
16/02/2019;0,30;V
17/02/2019;0,30;V
18/02/2019;0,29;V
19/02/2019;0,29;V
20/02/2019;0,28;V
21/02/2019;0,27;V
22/02/2019;0,27;V
23/02/2019;0,26;V
24/02/2019;0,26;V
25/02/2019;0,26;V
26/02/2019;0,26;V
27/02/2019;0,26;V
28/02/2019;0,26;V
01/03/2019;0,26;V
02/03/2019;0,26;V
03/03/2019;0,25;V
04/03/2019;0,25;V
05/03/2019;0,24;V
06/03/2019;0,23;V
07/03/2019;0,23;V
08/03/2019;0,23;V
09/03/2019;0,23;V
10/03/2019;0,23;V
11/03/2019;0,22;V
12/03/2019;0,22;V
13/03/2019;0,23;V
14/03/2019;0,22;V
15/03/2019;0,21;V
16/03/2019;0,20;V
17/03/2019;0,20;V
18/03/2019;0,20;V
19/03/2019;0,18;V
20/03/2019;0,16;V
21/03/2019;0,03;V
22/03/2019;-0,08;V
23/03/2019;-0,09;V
24/03/2019;-0,10;V
25/03/2019;-0,10;V
26/03/2019;-0,09;V
27/03/2019;-0,09;V
28/03/2019;-0,09;V
29/03/2019;-0,10;V
30/03/2019;-0,10;V
31/03/2019;-0,10;V
01/04/2019;-0,10;V
02/04/2019;-0,09;V
03/04/2019;-0,08;V
04/04/2019;-0,08;V
05/04/2019;0,02;V
06/04/2019;0,20;V
07/04/2019;0,20;V
08/04/2019;0,19;V
09/04/2019;0,14;V
10/04/2019;-0,04;V
11/04/2019;-0,08;V
12/04/2019;-0,09;V
13/04/2019;-0,09;V
14/04/2019;-0,05;V
15/04/2019;0,26;V
16/04/2019;0,25;V
17/04/2019;0,24;V
18/04/2019;0,23;V
19/04/2019;0,21;V
20/04/2019;0,20;V
21/04/2019;0,20;V
22/04/2019;0,22;V
23/04/2019;0,27;V
24/04/2019;0,28;V
25/04/2019;0,26;V
26/04/2019;0,26;V
27/04/2019;0,26;V
28/04/2019;0,26;V
29/04/2019;0,26;V
30/04/2019;0,24;V
01/05/2019;0,23;V
02/05/2019;0,23;V
03/05/2019;0,23;V
04/05/2019;0,22;V
05/05/2019;0,26;V
06/05/2019;0,29;V
07/05/2019;0,26;V
08/05/2019;0,26;V
09/05/2019;0,42;V
10/05/2019;0,42;V
11/05/2019;0,36;V
12/05/2019;0,34;V
13/05/2019;0,32;V
14/05/2019;0,30;V
15/05/2019;0,29;V
16/05/2019;0,27;V
17/05/2019;0,26;V
18/05/2019;0,28;V
19/05/2019;0,45;V
20/05/2019;0,53;V
21/05/2019;0,46;V
22/05/2019;0,42;V
23/05/2019;0,39;V
24/05/2019;0,37;V
25/05/2019;0,35;V
26/05/2019;0,37;V
27/05/2019;0,36;V
28/05/2019;0,42;V
29/05/2019;0,46;V
30/05/2019;0,42;V
31/05/2019;0,38;V
01/06/2019;0,36;V
02/06/2019;0,34;V
03/06/2019;0,33;V
04/06/2019;0,31;V
05/06/2019;0,30;V
06/06/2019;0,29;V
07/06/2019;0,28;V
08/06/2019;0,27;V
09/06/2019;0,26;V
10/06/2019;0,26;V
11/06/2019;0,25;V
12/06/2019;0,24;V
13/06/2019;0,23;V
14/06/2019;0,23;V
15/06/2019;0,23;V
16/06/2019;0,23;V
17/06/2019;0,21;V
18/06/2019;0,20;V
19/06/2019;0,16;V
20/06/2019;0,01;V
21/06/2019;-0,10;V
22/06/2019;-0,03;V
23/06/2019;0,27;V
24/06/2019;0,21;V
25/06/2019;0,18;V
26/06/2019;0,04;V
27/06/2019;-0,10;V
28/06/2019;-0,09;V
29/06/2019;-0,09;V
30/06/2019;-0,10;V
01/07/2019;;@
02/07/2019;;@
03/07/2019;;@
04/07/2019;;@
05/07/2019;;@
06/07/2019;;@
07/07/2019;;@
08/07/2019;;@
09/07/2019;;@
10/07/2019;;@
11/07/2019;;@
12/07/2019;;@
13/07/2019;;@
14/07/2019;;@
15/07/2019;;@
16/07/2019;;@
17/07/2019;;@
18/07/2019;;@
19/07/2019;;@
20/07/2019;;@
21/07/2019;;@
22/07/2019;;@
23/07/2019;;@
24/07/2019;;@
25/07/2019;;@
26/07/2019;;@
27/07/2019;;@
28/07/2019;;@
29/07/2019;;@
30/07/2019;;@
31/07/2019;;@
01/08/2019;;@
02/08/2019;;@
03/08/2019;;@
04/08/2019;;@
05/08/2019;;@
06/08/2019;;@
07/08/2019;;@
08/08/2019;;@
09/08/2019;;@
10/08/2019;;@
11/08/2019;;@
12/08/2019;;@
13/08/2019;;@
14/08/2019;;@
15/08/2019;;@
16/08/2019;;@
17/08/2019;;@
18/08/2019;;@
19/08/2019;;@
20/08/2019;;@
21/08/2019;;@
22/08/2019;;@
23/08/2019;;@
24/08/2019;;@
25/08/2019;;@
26/08/2019;;@
27/08/2019;;@
28/08/2019;;@
29/08/2019;;@
30/08/2019;;@
31/08/2019;;@
01/09/2019;;@
02/09/2019;;@
03/09/2019;;@
04/09/2019;;@
05/09/2019;;@
06/09/2019;;@
07/09/2019;;@
08/09/2019;;@
09/09/2019;;@
10/09/2019;;@
11/09/2019;;@
12/09/2019;;@
13/09/2019;;@
14/09/2019;;@
15/09/2019;;@
16/09/2019;;@
17/09/2019;;@
18/09/2019;;@
19/09/2019;;@
20/09/2019;;@
21/09/2019;;@
22/09/2019;;@
23/09/2019;;@
24/09/2019;;@
25/09/2019;;@
26/09/2019;;@
27/09/2019;;@
28/09/2019;;@
29/09/2019;;@
30/09/2019;;@
01/10/2019;;@
02/10/2019;;@
03/10/2019;;@
04/10/2019;;@
05/10/2019;;@
06/10/2019;;@
07/10/2019;;@
08/10/2019;;@
09/10/2019;;@
10/10/2019;;@
11/10/2019;;@
12/10/2019;;@
13/10/2019;;@
14/10/2019;;@
15/10/2019;;@
16/10/2019;;@
17/10/2019;;@
18/10/2019;;@
19/10/2019;;@
20/10/2019;;@
21/10/2019;;@
22/10/2019;;@
23/10/2019;;@
24/10/2019;;@
25/10/2019;;@
26/10/2019;;@
27/10/2019;;@
28/10/2019;;@
29/10/2019;;@
30/10/2019;;@
31/10/2019;;@
01/11/2019;;@
02/11/2019;;@
03/11/2019;;@
04/11/2019;0,50;V
05/11/2019;0,49;V
06/11/2019;0,55;V
07/11/2019;0,50;V
08/11/2019;0,69;V
09/11/2019;0,74;V
10/11/2019;0,52;V
11/11/2019;0,45;V
12/11/2019;0,43;V
13/11/2019;0,60;V
14/11/2019;0,52;V
15/11/2019;0,64;V
16/11/2019;0,71;V
17/11/2019;1,12;V
18/11/2019;0,78;V
19/11/2019;0,79;V
20/11/2019;0,70;V
21/11/2019;0,64;V
22/11/2019;0,61;V
23/11/2019;0,58;V
24/11/2019;0,57;V
25/11/2019;0,55;V
26/11/2019;0,53;V
27/11/2019;0,62;V
28/11/2019;0,71;V
29/11/2019;0,65;V
30/11/2019;0,61;V
01/12/2019;0,58;V
02/12/2019;0,75;V
03/12/2019;0,70;V
04/12/2019;0,60;V
05/12/2019;0,54;V
06/12/2019;0,52;V
07/12/2019;0,50;V
08/12/2019;0,49;V
09/12/2019;0,53;V
10/12/2019;0,52;V
11/12/2019;0,50;V
12/12/2019;0,50;V
13/12/2019;0,70;V
14/12/2019;0,68;V
15/12/2019;0,58;V
16/12/2019;0,54;V
17/12/2019;0,51;V
18/12/2019;0,49;V
19/12/2019;0,47;V
20/12/2019;0,48;V
21/12/2019;0,75;V
22/12/2019;0,95;V
23/12/2019;0,69;V
24/12/2019;0,60;V
25/12/2019;0,55;V
26/12/2019;0,52;V
27/12/2019;0,49;V
28/12/2019;0,48;V
29/12/2019;0,46;V
30/12/2019;0,45;V
31/12/2019;0,44;V
01/01/2020;0,43;V
02/01/2020;0,42;V
03/01/2020;0,42;V
04/01/2020;0,41;V
05/01/2020;0,40;V
06/01/2020;0,40;V
07/01/2020;0,40;V
08/01/2020;0,39;V
09/01/2020;0,38;V
10/01/2020;0,38;V
11/01/2020;0,37;V
12/01/2020;0,37;V
13/01/2020;0,37;V
14/01/2020;0,37;V
15/01/2020;0,37;V
16/01/2020;0,35;V
17/01/2020;0,35;V
18/01/2020;0,42;V
19/01/2020;0,38;V
20/01/2020;0,36;V
21/01/2020;0,35;V
22/01/2020;0,35;V
23/01/2020;0,35;V
24/01/2020;0,34;V
25/01/2020;0,40;V
26/01/2020;0,39;V
27/01/2020;0,38;V
28/01/2020;0,39;V
29/01/2020;0,40;V
30/01/2020;0,39;V
31/01/2020;0,42;V
01/02/2020;0,53;V
02/02/2020;0,65;V
03/02/2020;0,54;V
04/02/2020;0,50;V
05/02/2020;0,46;V
06/02/2020;0,45;V
07/02/2020;0,43;V
08/02/2020;0,42;V
09/02/2020;0,42;V
10/02/2020;0,43;V
11/02/2020;0,43;V
12/02/2020;0,41;V
13/02/2020;0,41;V
14/02/2020;0,42;V
15/02/2020;0,41;V
16/02/2020;0,40;V
17/02/2020;0,41;V
18/02/2020;0,41;V
19/02/2020;0,41;V
20/02/2020;0,40;V
21/02/2020;0,38;V
22/02/2020;0,38;V
23/02/2020;0,38;V
24/02/2020;0,38;V
25/02/2020;0,38;V
26/02/2020;0,38;V
27/02/2020;0,42;V
28/02/2020;0,61;V
29/02/2020;0,50;V
01/03/2020;0,55;V
02/03/2020;0,75;V
03/03/2020;0,87;V
04/03/2020;0,72;V
05/03/2020;0,64;V
06/03/2020;0,85;V
07/03/2020;0,65;V
08/03/2020;0,59;V
09/03/2020;0,56;V
10/03/2020;0,52;V
11/03/2020;0,50;V
12/03/2020;0,50;V
13/03/2020;0,48;V
14/03/2020;0,47;V
15/03/2020;0,45;V
16/03/2020;0,45;V
17/03/2020;0,44;V
18/03/2020;0,44;V
19/03/2020;0,42;V
20/03/2020;0,41;V
21/03/2020;0,41;V
22/03/2020;0,40;V
23/03/2020;0,40;V
24/03/2020;0,39;V
25/03/2020;0,40;V
26/03/2020;0,38;V
27/03/2020;0,38;V
28/03/2020;0,38;V
29/03/2020;0,39;V
30/03/2020;0,37;V
31/03/2020;0,35;V
01/04/2020;0,35;V
02/04/2020;0,36;V
03/04/2020;0,35;V
04/04/2020;0,35;V
05/04/2020;0,34;V
06/04/2020;0,34;V
07/04/2020;0,34;V
08/04/2020;0,33;V
09/04/2020;0,33;V
10/04/2020;0,33;V
11/04/2020;0,33;V
12/04/2020;0,32;V
13/04/2020;0,33;V
14/04/2020;0,33;V
15/04/2020;0,32;V
16/04/2020;0,32;V
17/04/2020;0,32;V
18/04/2020;0,32;V
19/04/2020;0,32;V
20/04/2020;0,33;V
21/04/2020;0,34;V
22/04/2020;0,32;V
23/04/2020;0,31;V
24/04/2020;0,31;V
25/04/2020;0,30;V
26/04/2020;0,30;V
27/04/2020;0,30;V
28/04/2020;0,33;V
29/04/2020;0,34;V
30/04/2020;0,32;V
01/05/2020;0,33;V
02/05/2020;0,32;V
03/05/2020;0,30;V
04/05/2020;0,29;V
05/05/2020;0,29;V
06/05/2020;0,28;V
07/05/2020;0,27;V
08/05/2020;0,26;V
09/05/2020;0,26;V
10/05/2020;0,26;V
11/05/2020;0,30;V
12/05/2020;0,36;V
13/05/2020;0,34;V
14/05/2020;0,32;V
15/05/2020;0,33;V
16/05/2020;0,34;V
17/05/2020;0,32;V
18/05/2020;0,32;V
19/05/2020;0,32;V
20/05/2020;0,38;V
21/05/2020;0,34;V
22/05/2020;0,32;V
23/05/2020;0,32;V
24/05/2020;0,32;V
25/05/2020;0,30;V
26/05/2020;0,29;V
27/05/2020;;@
28/05/2020;;@
29/05/2020;;@
30/05/2020;;@
31/05/2020;;@
01/06/2020;;@
02/06/2020;;@
03/06/2020;;@
04/06/2020;;@
05/06/2020;;@
06/06/2020;;@
07/06/2020;;@
08/06/2020;;@
09/06/2020;;@
10/06/2020;;@
11/06/2020;;@
12/06/2020;;@
13/06/2020;;@
14/06/2020;;@
15/06/2020;;@
16/06/2020;;@
17/06/2020;;@
18/06/2020;;@
19/06/2020;;@
20/06/2020;;@
21/06/2020;;@
22/06/2020;;@
23/06/2020;;@
24/06/2020;;@
25/06/2020;;@
26/06/2020;;@
27/06/2020;;@
28/06/2020;;@
29/06/2020;;@
30/06/2020;;@
01/07/2020;;@
02/07/2020;;@
03/07/2020;;@
04/07/2020;;@
05/07/2020;;@
06/07/2020;;@
07/07/2020;;@
08/07/2020;;@
09/07/2020;;@
10/07/2020;;@
11/07/2020;;@
12/07/2020;;@
13/07/2020;;@
14/07/2020;;@
15/07/2020;;@
16/07/2020;;@
17/07/2020;;@
18/07/2020;;@
19/07/2020;;@
20/07/2020;;@
21/07/2020;;@
22/07/2020;;@
23/07/2020;;@
24/07/2020;;@
25/07/2020;;@
26/07/2020;;@
27/07/2020;;@
28/07/2020;;@
29/07/2020;;@
30/07/2020;;@
31/07/2020;;@
01/08/2020;;@
02/08/2020;;@
03/08/2020;;@
04/08/2020;;@
05/08/2020;;@
06/08/2020;;@
07/08/2020;;@
08/08/2020;;@
09/08/2020;;@
10/08/2020;;@
11/08/2020;;@
12/08/2020;;@
13/08/2020;;@
14/08/2020;;@
15/08/2020;;@
16/08/2020;;@
17/08/2020;;@
18/08/2020;;@
19/08/2020;;@
20/08/2020;;@
21/08/2020;;@
22/08/2020;;@
23/08/2020;;@
24/08/2020;;@
25/08/2020;;@
26/08/2020;;@
27/08/2020;;@
28/08/2020;;@
29/08/2020;;@
30/08/2020;;@
31/08/2020;;@
01/09/2020;;@
02/09/2020;;@
03/09/2020;;@
04/09/2020;;@
05/09/2020;;@
06/09/2020;;@
07/09/2020;;@
08/09/2020;;@
09/09/2020;;@
10/09/2020;;@
11/09/2020;;@
12/09/2020;;@
13/09/2020;;@
14/09/2020;;@
15/09/2020;;@
16/09/2020;;@
17/09/2020;;@
18/09/2020;;@
19/09/2020;;@
20/09/2020;;@
21/09/2020;;@
22/09/2020;;@
23/09/2020;;@
24/09/2020;;@
25/09/2020;;@
26/09/2020;;@
27/09/2020;;@
28/09/2020;;@
29/09/2020;;@
30/09/2020;;@
01/10/2020;;@
02/10/2020;;@
03/10/2020;;@
04/10/2020;;@
05/10/2020;0,34;V
06/10/2020;0,23;V
07/10/2020;0,42;V
08/10/2020;0,32;V
09/10/2020;0,25;V
10/10/2020;0,17;V
11/10/2020;0,14;V
12/10/2020;0,50;V
13/10/2020;0,39;V
14/10/2020;0,34;V
15/10/2020;0,56;V
16/10/2020;0,50;V
17/10/2020;0,43;V
18/10/2020;0,37;V
19/10/2020;0,34;V
20/10/2020;0,32;V
21/10/2020;0,29;V
22/10/2020;0,28;V
23/10/2020;0,26;V
24/10/2020;0,30;V
25/10/2020;0,28;V
26/10/2020;0,27;V
27/10/2020;0,50;V
28/10/2020;0,46;V
29/10/2020;0,40;V
30/10/2020;0,36;V
31/10/2020;0,34;V
01/11/2020;0,32;V
02/11/2020;0,31;V
03/11/2020;0,30;V
04/11/2020;0,30;V
05/11/2020;0,28;V
06/11/2020;0,26;V
07/11/2020;0,24;V
08/11/2020;0,23;V
09/11/2020;0,23;V
10/11/2020;0,22;V
11/11/2020;0,21;V
12/11/2020;0,20;V
13/11/2020;0,19;V
14/11/2020;0,19;V
15/11/2020;0,19;V
16/11/2020;0,33;V
17/11/2020;0,47;V
18/11/2020;0,39;V
19/11/2020;0,36;V
20/11/2020;0,34;V
21/11/2020;0,33;V
22/11/2020;0,31;V
23/11/2020;0,30;V
24/11/2020;0,30;V
25/11/2020;0,28;V
26/11/2020;0,28;V
27/11/2020;0,27;V
28/11/2020;0,25;V
29/11/2020;0,25;V
30/11/2020;0,24;V
01/12/2020;0,25;V
02/12/2020;0,27;V
03/12/2020;0,34;V
04/12/2020;0,33;V
05/12/2020;0,68;V
06/12/2020;0,86;V
07/12/2020;0,72;V
08/12/2020;0,73;V
09/12/2020;0,71;V
10/12/2020;0,67;V
11/12/2020;0,59;V
12/12/2020;0,53;V
13/12/2020;0,48;V
14/12/2020;0,45;V
15/12/2020;0,44;V
16/12/2020;0,43;V
17/12/2020;0,43;V
18/12/2020;0,41;V
19/12/2020;0,40;V
20/12/2020;0,39;V
21/12/2020;0,38;V
22/12/2020;0,38;V
23/12/2020;0,40;V
24/12/2020;0,50;V
25/12/2020;0,48;V
26/12/2020;0,53;V
27/12/2020;0,50;V
28/12/2020;0,59;V
29/12/2020;0,77;V
30/12/2020;0,73;V
31/12/2020;0,63;V
01/01/2021;0,78;V
02/01/2021;0,73;V
03/01/2021;0,65;V
04/01/2021;0,58;V
05/01/2021;0,60;V
06/01/2021;0,71;V
07/01/2021;0,67;V
08/01/2021;0,60;V
09/01/2021;0,57;V
10/01/2021;0,53;V
11/01/2021;0,51;V
12/01/2021;0,48;V
13/01/2021;0,47;V
14/01/2021;0,46;V
15/01/2021;0,46;V
16/01/2021;0,44;V
17/01/2021;0,43;V
18/01/2021;0,43;V
19/01/2021;0,43;V
20/01/2021;0,42;V
21/01/2021;0,42;V
22/01/2021;0,43;V
23/01/2021;0,61;V
24/01/2021;0,79;V
25/01/2021;0,69;V
26/01/2021;0,60;V
27/01/2021;0,54;V
28/01/2021;0,53;V
29/01/2021;0,53;V
30/01/2021;0,53;V
31/01/2021;0,82;V
01/02/2021;0,66;V
02/02/2021;0,62;V
03/02/2021;0,58;V
04/02/2021;0,55;V
05/02/2021;0,52;V
06/02/2021;0,50;V
07/02/2021;0,60;V
08/02/2021;0,69;V
09/02/2021;0,92;V
10/02/2021;0,79;V
11/02/2021;0,68;V
12/02/2021;0,61;V
13/02/2021;0,58;V
14/02/2021;0,54;V
15/02/2021;0,52;V
16/02/2021;0,52;V
17/02/2021;0,57;V
18/02/2021;0,55;V
19/02/2021;0,52;V
20/02/2021;0,50;V
21/02/2021;0,49;V
22/02/2021;0,47;V
23/02/2021;0,47;V
24/02/2021;0,46;V
25/02/2021;0,45;V
26/02/2021;0,44;V
27/02/2021;0,44;V
28/02/2021;0,44;V
01/03/2021;0,42;V
02/03/2021;0,42;V
03/03/2021;0,41;V
04/03/2021;0,41;V
05/03/2021;0,41;V
06/03/2021;0,40;V
07/03/2021;0,40;V
08/03/2021;0,39;V
09/03/2021;0,39;V
10/03/2021;0,39;V
11/03/2021;0,38;V
12/03/2021;0,38;V
13/03/2021;0,37;V
14/03/2021;0,39;V
15/03/2021;0,38;V
16/03/2021;0,37;V
17/03/2021;0,37;V
18/03/2021;0,37;V
19/03/2021;0,36;V
20/03/2021;0,36;V
21/03/2021;0,35;V
22/03/2021;0,35;V
23/03/2021;0,34;V
24/03/2021;0,34;V
25/03/2021;0,34;V
26/03/2021;0,34;V
27/03/2021;0,34;V
28/03/2021;0,34;V
29/03/2021;0,34;V
30/03/2021;0,33;V
31/03/2021;0,32;V
01/04/2021;0,32;V
02/04/2021;0,32;V
03/04/2021;0,32;V
04/04/2021;0,32;V
05/04/2021;0,32;V
06/04/2021;0,32;V
07/04/2021;0,32;V
08/04/2021;0,32;V
09/04/2021;0,31;V
10/04/2021;0,32;V
11/04/2021;0,36;V
12/04/2021;0,58;V
13/04/2021;0,63;V
14/04/2021;0,49;V
15/04/2021;0,45;V
16/04/2021;0,43;V
17/04/2021;0,41;V
18/04/2021;0,40;V
19/04/2021;0,39;V
20/04/2021;0,39;V
21/04/2021;0,38;V
22/04/2021;0,38;V
23/04/2021;0,37;V
24/04/2021;0,36;V
25/04/2021;0,36;V
26/04/2021;0,36;V
27/04/2021;0,37;V
28/04/2021;0,38;V
29/04/2021;0,45;V
30/04/2021;0,51;V
01/05/2021;0,46;V
02/05/2021;0,51;V
03/05/2021;0,46;V
04/05/2021;0,44;V
05/05/2021;0,43;V
06/05/2021;0,41;V
07/05/2021;0,41;V
08/05/2021;0,39;V
09/05/2021;0,38;V
10/05/2021;0,38;V
11/05/2021;0,41;V
12/05/2021;0,49;V
13/05/2021;0,49;V
14/05/2021;0,47;V
15/05/2021;0,45;V
16/05/2021;0,46;V
17/05/2021;0,45;V
18/05/2021;0,45;V
19/05/2021;0,45;V
20/05/2021;0,45;V
21/05/2021;0,44;V
22/05/2021;0,43;V
23/05/2021;0,42;V
24/05/2021;0,43;V
25/05/2021;0,43;V
26/05/2021;0,42;V
27/05/2021;0,41;V
28/05/2021;0,40;V
29/05/2021;0,38;V
30/05/2021;0,37;V
31/05/2021;0,37;V
01/06/2021;0,36;V
02/06/2021;0,36;V
03/06/2021;0,35;V
04/06/2021;0,34;V
05/06/2021;0,35;V
06/06/2021;0,34;V
07/06/2021;0,34;V
08/06/2021;0,36;V
09/06/2021;0,34;V
10/06/2021;0,33;V
11/06/2021;0,32;V
12/06/2021;0,32;V
13/06/2021;0,32;V
14/06/2021;0,31;V
15/06/2021;0,29;V
16/06/2021;0,29;V
17/06/2021;0,28;V
18/06/2021;0,27;V
19/06/2021;0,27;V
20/06/2021;0,26;V
21/06/2021;;@
22/06/2021;;@
23/06/2021;;@
24/06/2021;;@
25/06/2021;;@
26/06/2021;;@
27/06/2021;;@
28/06/2021;;@
29/06/2021;;@
30/06/2021;;@
01/07/2021;;@
02/07/2021;;@
03/07/2021;;@
04/07/2021;;@
05/07/2021;;@
06/07/2021;;@
07/07/2021;;@
08/07/2021;;@
09/07/2021;;@
10/07/2021;;@
11/07/2021;;@
12/07/2021;;@
13/07/2021;;@
14/07/2021;;@
15/07/2021;;@
16/07/2021;;@
17/07/2021;;@
18/07/2021;;@
19/07/2021;;@
20/07/2021;;@
21/07/2021;;@
22/07/2021;;@
23/07/2021;;@
24/07/2021;;@
25/07/2021;;@
26/07/2021;;@
27/07/2021;;@
28/07/2021;;@
29/07/2021;;@
30/07/2021;;@
31/07/2021;;@
01/08/2021;;@
02/08/2021;;@
03/08/2021;;@
04/08/2021;;@
05/08/2021;;@
06/08/2021;;@
07/08/2021;;@
08/08/2021;;@
09/08/2021;;@
10/08/2021;;@
11/08/2021;;@
12/08/2021;;@
13/08/2021;;@
14/08/2021;;@
15/08/2021;;@
16/08/2021;;@
17/08/2021;;@
18/08/2021;;@
19/08/2021;;@
20/08/2021;;@
21/08/2021;;@
22/08/2021;;@
23/08/2021;;@
24/08/2021;;@
25/08/2021;;@
26/08/2021;;@
27/08/2021;;@
28/08/2021;;@
29/08/2021;;@
30/08/2021;;@
31/08/2021;;@
01/09/2021;;@
02/09/2021;;@
03/09/2021;;@
04/09/2021;;@
05/09/2021;;@
06/09/2021;;@
07/09/2021;;@
08/09/2021;;@
09/09/2021;;@
10/09/2021;;@
11/09/2021;;@
12/09/2021;;@
13/09/2021;;@
14/09/2021;;@
15/09/2021;;@
16/09/2021;;@
17/09/2021;;@
18/09/2021;;@
19/09/2021;;@
20/09/2021;;@
21/09/2021;;@
22/09/2021;;@
23/09/2021;;@
24/09/2021;;@
25/09/2021;;@
26/09/2021;;@
27/09/2021;;@
28/09/2021;;@
29/09/2021;;@
30/09/2021;;@
01/10/2021;;@
02/10/2021;;@
03/10/2021;;@
04/10/2021;;@
05/10/2021;;@
06/10/2021;;@
07/10/2021;;@
08/10/2021;;@
09/10/2021;;@
10/10/2021;;@
11/10/2021;;@
12/10/2021;;@
13/10/2021;;@
14/10/2021;;@
15/10/2021;;@
16/10/2021;;@
17/10/2021;;@
18/10/2021;;@
19/10/2021;;@
20/10/2021;;@
21/10/2021;;@
22/10/2021;;@
23/10/2021;;@
24/10/2021;;@
25/10/2021;;@
26/10/2021;;@
27/10/2021;;@
28/10/2021;;@
29/10/2021;;@
30/10/2021;;@
31/10/2021;;@
01/11/2021;;@
02/11/2021;;@
03/11/2021;;@
04/11/2021;;@
05/11/2021;;@
06/11/2021;;@
07/11/2021;;@
08/11/2021;;@
09/11/2021;;@
10/11/2021;;@
11/11/2021;;@
12/11/2021;;@
13/11/2021;;@
14/11/2021;;@
15/11/2021;;@
16/11/2021;;@
17/11/2021;;@
18/11/2021;;@
19/11/2021;;@
20/11/2021;;@
21/11/2021;;@
22/11/2021;;@
23/11/2021;;@
24/11/2021;;@
25/11/2021;;@
26/11/2021;;@
27/11/2021;;@
28/11/2021;;@
29/11/2021;;@
30/11/2021;;@
01/12/2021;;@
02/12/2021;;@
03/12/2021;;@
04/12/2021;;@
05/12/2021;0,99;V
06/12/2021;;@
07/12/2021;;@
08/12/2021;;@
09/12/2021;0,81;V
10/12/2021;;@
11/12/2021;;@
12/12/2021;;@
13/12/2021;;@
14/12/2021;;@
15/12/2021;;@
16/12/2021;;@
17/12/2021;;@
18/12/2021;;@
19/12/2021;;@
20/12/2021;;@
21/12/2021;;@
22/12/2021;;@
23/12/2021;;@
24/12/2021;;@
25/12/2021;1,13;V
26/12/2021;1,09;V
27/12/2021;0,89;V
28/12/2021;0,83;V
29/12/2021;0,78;V
30/12/2021;0,74;V
31/12/2021;0,73;V
01/01/2022;0,53;V
02/01/2022;0,53;V
03/01/2022;0,53;V
04/01/2022;0,54;V
05/01/2022;0,66;V
06/01/2022;0,80;V
07/01/2022;0,60;V
08/01/2022;0,54;V
09/01/2022;0,54;V
10/01/2022;0,52;V
11/01/2022;0,52;V
12/01/2022;0,50;V
13/01/2022;0,50;V
14/01/2022;0,50;V
15/01/2022;0,50;V
16/01/2022;0,49;V
17/01/2022;0,49;V
18/01/2022;0,49;V
19/01/2022;0,50;V
20/01/2022;0,51;V
21/01/2022;0,51;V
22/01/2022;0,51;V
23/01/2022;0,51;V
24/01/2022;0,51;V
25/01/2022;0,51;V
26/01/2022;0,52;V
27/01/2022;0,52;V
28/01/2022;0,52;V
29/01/2022;0,51;V
30/01/2022;0,52;V
31/01/2022;0,52;V
01/02/2022;0,52;V
02/02/2022;0,51;V
03/02/2022;0,52;V
04/02/2022;0,52;V
05/02/2022;0,52;V
06/02/2022;0,52;V
07/02/2022;0,52;V
08/02/2022;0,52;V
09/02/2022;0,52;V
10/02/2022;0,52;V
11/02/2022;0,52;V
12/02/2022;0,51;V
13/02/2022;0,52;V
14/02/2022;0,52;V
15/02/2022;0,54;V
16/02/2022;0,52;V
17/02/2022;0,52;V
18/02/2022;0,52;V
19/02/2022;0,52;V
20/02/2022;0,52;V
21/02/2022;0,52;V
22/02/2022;0,52;V
23/02/2022;0,52;V
24/02/2022;0,52;V
25/02/2022;0,52;V
26/02/2022;0,52;V
27/02/2022;0,52;V
28/02/2022;0,52;V
01/03/2022;0,52;V
02/03/2022;0,52;V
03/03/2022;0,52;V
04/03/2022;0,52;V
05/03/2022;0,52;V
06/03/2022;0,52;V
07/03/2022;0,52;V
08/03/2022;0,52;V
09/03/2022;0,52;V
10/03/2022;0,51;V
11/03/2022;0,51;V
12/03/2022;0,49;V
13/03/2022;0,49;V
14/03/2022;0,49;V
15/03/2022;0,49;V
16/03/2022;0,49;V
17/03/2022;0,49;V
18/03/2022;0,49;V
19/03/2022;0,49;V
20/03/2022;0,49;V
21/03/2022;0,49;V
22/03/2022;0,49;V
23/03/2022;0,48;V
24/03/2022;0,48;V
25/03/2022;0,48;V
26/03/2022;0,48;V
27/03/2022;0,47;V
28/03/2022;0,47;V
29/03/2022;0,47;V
30/03/2022;0,50;V
31/03/2022;0,79;V
01/04/2022;0,65;V
02/04/2022;0,60;V
03/04/2022;0,56;V
04/04/2022;0,53;V
05/04/2022;0,51;V
06/04/2022;0,51;V
07/04/2022;0,51;V
08/04/2022;0,51;V
09/04/2022;0,50;V
10/04/2022;0,51;V
11/04/2022;0,51;V
12/04/2022;0,51;V
13/04/2022;0,51;V
14/04/2022;0,50;V
15/04/2022;0,50;V
16/04/2022;0,50;V
17/04/2022;0,51;V
18/04/2022;0,50;V
19/04/2022;0,50;V
20/04/2022;0,49;V
21/04/2022;0,51;V
22/04/2022;0,52;V
23/04/2022;0,51;V
24/04/2022;0,67;V
25/04/2022;0,65;V
26/04/2022;0,55;V
27/04/2022;0,52;V
28/04/2022;0,51;V
29/04/2022;0,49;V
30/04/2022;0,47;V
01/05/2022;;@
02/05/2022;;@
03/05/2022;;@
04/05/2022;;@
05/05/2022;;@
06/05/2022;;@
07/05/2022;;@
08/05/2022;;@
09/05/2022;;@
10/05/2022;;@
11/05/2022;;@
12/05/2022;;@
13/05/2022;;@
14/05/2022;;@
15/05/2022;;@
16/05/2022;;@
17/05/2022;;@
18/05/2022;;@
19/05/2022;;@
20/05/2022;;@
21/05/2022;;@
22/05/2022;;@
23/05/2022;;@
24/05/2022;;@
25/05/2022;;@
26/05/2022;;@
27/05/2022;;@
28/05/2022;;@
29/05/2022;;@
30/05/2022;;@
31/05/2022;;@
01/06/2022;;@
02/06/2022;;@
03/06/2022;;@
04/06/2022;;@
05/06/2022;;@
06/06/2022;;@
07/06/2022;;@
08/06/2022;;@
09/06/2022;;@
10/06/2022;;@
11/06/2022;;@
12/06/2022;;@
13/06/2022;;@
14/06/2022;;@
15/06/2022;;@
16/06/2022;;@
17/06/2022;;@
18/06/2022;;@
19/06/2022;;@
20/06/2022;;@
21/06/2022;;@
22/06/2022;;@
23/06/2022;;@
24/06/2022;;@
25/06/2022;;@
26/06/2022;;@
27/06/2022;;@
28/06/2022;;@
29/06/2022;;@
30/06/2022;;@
01/07/2022;;@
02/07/2022;;@
03/07/2022;;@
04/07/2022;;@
05/07/2022;;@
06/07/2022;;@
07/07/2022;;@
08/07/2022;;@
09/07/2022;;@
10/07/2022;;@
11/07/2022;;@
12/07/2022;;@
13/07/2022;;@
14/07/2022;;@
15/07/2022;;@
16/07/2022;;@
17/07/2022;;@
18/07/2022;;@
19/07/2022;;@
20/07/2022;;@
21/07/2022;;@
22/07/2022;;@
23/07/2022;;@
24/07/2022;;@
25/07/2022;;@
26/07/2022;;@
27/07/2022;;@
28/07/2022;;@
29/07/2022;;@
30/07/2022;;@
31/07/2022;;@
01/08/2022;;@
02/08/2022;;@
03/08/2022;;@
04/08/2022;;@
05/08/2022;;@
06/08/2022;;@
07/08/2022;;@
08/08/2022;;@
09/08/2022;;@
10/08/2022;;@
11/08/2022;;@
12/08/2022;;@
13/08/2022;;@
14/08/2022;;@
15/08/2022;;@
16/08/2022;;@
17/08/2022;;@
18/08/2022;;@
19/08/2022;;@
20/08/2022;;@
21/08/2022;;@
22/08/2022;;@
23/08/2022;;@
24/08/2022;;@
25/08/2022;;@
26/08/2022;;@
27/08/2022;;@
28/08/2022;;@
29/08/2022;;@
30/08/2022;;@
31/08/2022;;@
01/09/2022;;@
02/09/2022;;@
03/09/2022;;@
04/09/2022;;@
05/09/2022;;@
06/09/2022;;@
07/09/2022;;@
08/09/2022;;@
09/09/2022;;@
10/09/2022;;@
11/09/2022;;@
12/09/2022;;@
13/09/2022;;@
14/09/2022;;@
15/09/2022;;@
16/09/2022;;@
17/09/2022;;@
18/09/2022;;@
19/09/2022;;@
20/09/2022;;@
21/09/2022;;@
22/09/2022;;@
23/09/2022;;@
24/09/2022;;@
25/09/2022;;@
26/09/2022;;@
27/09/2022;;@
28/09/2022;;@
29/09/2022;;@
30/09/2022;;@
01/10/2022;;@
02/10/2022;;@
03/10/2022;;@
04/10/2022;;@
05/10/2022;;@
06/10/2022;;@
07/10/2022;;@
08/10/2022;;@
09/10/2022;;@
10/10/2022;;@
11/10/2022;;@
12/10/2022;;@
13/10/2022;;@
14/10/2022;;@
15/10/2022;;@
16/10/2022;;@
17/10/2022;;@
18/10/2022;;@
19/10/2022;;@
20/10/2022;;@
21/10/2022;;@
22/10/2022;;@
23/10/2022;;@
24/10/2022;;@
25/10/2022;;@
26/10/2022;;@
27/10/2022;;@
28/10/2022;;@
29/10/2022;;@
30/10/2022;;@
31/10/2022;;@
01/11/2022;;@
02/11/2022;;@
03/11/2022;;@
04/11/2022;;@
05/11/2022;;@
06/11/2022;;@
07/11/2022;;@
08/11/2022;;@
09/11/2022;;@
10/11/2022;;@
11/11/2022;;@
12/11/2022;;@
13/11/2022;;@
14/11/2022;;@
15/11/2022;;@
16/11/2022;;@
17/11/2022;;@
18/11/2022;;@
19/11/2022;;@
20/11/2022;;@
21/11/2022;;@
22/11/2022;0,38;V
23/11/2022;0,48;V
24/11/2022;0,38;V
25/11/2022;0,34;V
26/11/2022;0,30;V
27/11/2022;0,24;V
28/11/2022;;@
29/11/2022;;@
30/11/2022;;@
01/12/2022;;@
02/12/2022;;@
03/12/2022;;@
04/12/2022;;@
05/12/2022;0,58;V
06/12/2022;0,63;V
07/12/2022;0,52;V
08/12/2022;0,47;V
09/12/2022;0,76;V
10/12/2022;0,76;V
11/12/2022;0,62;V
12/12/2022;0,57;V
13/12/2022;0,51;V
14/12/2022;0,48;V
15/12/2022;0,60;V
16/12/2022;0,90;V
17/12/2022;0,74;V
18/12/2022;0,61;V
19/12/2022;0,56;V
20/12/2022;0,53;V
21/12/2022;0,51;V
22/12/2022;0,49;V
23/12/2022;0,50;V
24/12/2022;0,50;V
25/12/2022;0,50;V
26/12/2022;0,49;V
27/12/2022;0,47;V
28/12/2022;0,46;V
29/12/2022;0,46;V
30/12/2022;0,47;V
31/12/2022;0,53;V
01/01/2023;0,53;V
02/01/2023;0,51;V
03/01/2023;0,49;V
04/01/2023;0,47;V
05/01/2023;0,46;V
06/01/2023;0,45;V
07/01/2023;0,45;V
08/01/2023;0,44;V
09/01/2023;1,05;V
10/01/2023;0,76;V
11/01/2023;0,67;V
12/01/2023;0,62;V
13/01/2023;0,59;V
14/01/2023;0,57;V
15/01/2023;0,56;V
16/01/2023;0,56;V
17/01/2023;0,75;V
18/01/2023;0,93;V
19/01/2023;0,86;V
20/01/2023;0,79;V
21/01/2023;0,72;V
22/01/2023;0,68;V
23/01/2023;0,64;V
24/01/2023;0,62;V
25/01/2023;0,61;V
26/01/2023;0,60;V
27/01/2023;0,59;V
28/01/2023;0,57;V
29/01/2023;0,56;V
30/01/2023;0,55;V
31/01/2023;0,54;V
01/02/2023;0,53;V
02/02/2023;0,52;V
03/02/2023;0,52;V
04/02/2023;0,50;V
05/02/2023;0,50;V
06/02/2023;0,49;V
07/02/2023;0,48;V
08/02/2023;0,48;V
09/02/2023;0,47;V
10/02/2023;0,47;V
11/02/2023;0,47;V
12/02/2023;0,47;V
13/02/2023;0,46;V
14/02/2023;0,45;V
15/02/2023;0,46;V
16/02/2023;0,46;V
17/02/2023;0,45;V
18/02/2023;0,46;V
19/02/2023;0,45;V
20/02/2023;0,44;V
21/02/2023;0,43;V
22/02/2023;0,43;V
23/02/2023;0,44;V
24/02/2023;0,43;V
25/02/2023;0,43;V
26/02/2023;0,60;V
27/02/2023;0,61;V
28/02/2023;0,55;V
01/03/2023;0,58;V
02/03/2023;0,59;V
03/03/2023;0,59;V
04/03/2023;0,57;V
05/03/2023;0,55;V
06/03/2023;0,56;V
07/03/2023;0,55;V
08/03/2023;0,56;V
09/03/2023;0,56;V
10/03/2023;0,56;V
11/03/2023;0,56;V
12/03/2023;0,54;V
13/03/2023;0,53;V
14/03/2023;0,54;V
15/03/2023;0,53;V
16/03/2023;0,51;V
17/03/2023;0,51;V
18/03/2023;0,51;V
19/03/2023;0,50;V
20/03/2023;0,67;V
21/03/2023;0,62;V
22/03/2023;0,59;V
23/03/2023;0,57;V
24/03/2023;0,55;V
25/03/2023;0,54;V
26/03/2023;0,53;V
27/03/2023;0,52;V
28/03/2023;0,51;V
29/03/2023;0,51;V
30/03/2023;0,50;V
31/03/2023;0,50;V
01/04/2023;0,62;V
02/04/2023;0,56;V
03/04/2023;0,54;V
04/04/2023;0,53;V
05/04/2023;0,51;V
06/04/2023;0,50;V
07/04/2023;0,50;V
08/04/2023;0,51;V
09/04/2023;0,49;V
10/04/2023;0,48;V
11/04/2023;0,48;V
12/04/2023;0,49;V
13/04/2023;0,48;V
14/04/2023;0,47;V
15/04/2023;0,60;V
16/04/2023;0,55;V
17/04/2023;0,53;V
18/04/2023;0,51;V
19/04/2023;0,50;V
20/04/2023;0,49;V
21/04/2023;0,49;V
22/04/2023;0,48;V
23/04/2023;0,48;V
24/04/2023;0,49;V
25/04/2023;0,49;V
26/04/2023;0,47;V
27/04/2023;0,46;V
28/04/2023;0,46;V
29/04/2023;0,47;V
30/04/2023;0,45;V
01/05/2023;0,47;V
02/05/2023;0,47;V
03/05/2023;0,45;V
04/05/2023;0,45;V
05/05/2023;0,45;V
06/05/2023;0,44;V
07/05/2023;0,44;V
08/05/2023;0,44;V
09/05/2023;0,43;V
10/05/2023;0,51;V
11/05/2023;0,50;V
12/05/2023;0,52;V
13/05/2023;0,52;V
14/05/2023;0,52;V
15/05/2023;0,52;V
16/05/2023;0,54;V
17/05/2023;0,57;V
18/05/2023;0,56;V
19/05/2023;0,56;V
20/05/2023;0,56;V
21/05/2023;0,54;V
22/05/2023;0,53;V
23/05/2023;0,52;V
24/05/2023;0,51;V
25/05/2023;0,51;V
26/05/2023;0,49;V
27/05/2023;0,49;V
28/05/2023;0,48;V
29/05/2023;0,48;V
30/05/2023;0,46;V
31/05/2023;0,47;V
01/06/2023;0,46;V
02/06/2023;0,49;V
03/06/2023;0,49;V
04/06/2023;0,51;V
05/06/2023;0,54;V
06/06/2023;0,52;V
07/06/2023;0,49;V
08/06/2023;0,48;V
09/06/2023;0,47;V
10/06/2023;0,47;V
11/06/2023;0,45;V
12/06/2023;0,45;V
13/06/2023;0,42;V
14/06/2023;0,45;V
15/06/2023;0,42;V
16/06/2023;0,38;V
17/06/2023;0,38;V
18/06/2023;0,36;V
19/06/2023;0,36;V
20/06/2023;0,34;V
21/06/2023;;@
22/06/2023;;@
23/06/2023;;@
24/06/2023;;@
25/06/2023;;@
26/06/2023;;@
27/06/2023;;@
28/06/2023;;@
29/06/2023;;@
30/06/2023;;@
01/07/2023;;@
02/07/2023;;@
03/07/2023;;@
04/07/2023;;@
05/07/2023;;@
06/07/2023;;@
07/07/2023;;@
08/07/2023;;@
09/07/2023;;@
10/07/2023;;@
11/07/2023;;@
12/07/2023;;@
13/07/2023;;@
14/07/2023;;@
15/07/2023;;@
16/07/2023;;@
17/07/2023;;@
18/07/2023;;@
19/07/2023;;@
20/07/2023;;@
21/07/2023;;@
22/07/2023;;@
23/07/2023;;@
24/07/2023;;@
25/07/2023;;@
26/07/2023;;@
27/07/2023;;@
28/07/2023;;@
29/07/2023;;@
30/07/2023;;@
31/07/2023;;@
01/08/2023;;@
02/08/2023;;@
03/08/2023;;@
04/08/2023;;@
05/08/2023;;@
06/08/2023;;@
07/08/2023;;@
08/08/2023;;@
09/08/2023;;@
10/08/2023;;@
11/08/2023;;@
12/08/2023;;@
13/08/2023;;@
14/08/2023;;@
15/08/2023;;@
16/08/2023;;@
17/08/2023;;@
18/08/2023;;@
19/08/2023;;@
20/08/2023;;@
21/08/2023;;@
22/08/2023;;@
23/08/2023;;@
24/08/2023;;@
25/08/2023;;@
26/08/2023;;@
27/08/2023;;@
28/08/2023;;@
29/08/2023;;@
30/08/2023;;@
31/08/2023;;@
01/09/2023;;@
02/09/2023;;@
03/09/2023;;@
04/09/2023;;@
05/09/2023;;@
06/09/2023;;@
07/09/2023;;@
08/09/2023;;@
09/09/2023;;@
10/09/2023;;@
11/09/2023;;@
12/09/2023;;@
13/09/2023;;@
14/09/2023;;@
15/09/2023;;@
16/09/2023;;@
17/09/2023;;@
18/09/2023;;@
19/09/2023;;@
20/09/2023;;@
21/09/2023;;@
22/09/2023;;@
23/09/2023;;@
24/09/2023;;@
25/09/2023;;@
26/09/2023;;@
27/09/2023;;@
28/09/2023;;@
29/09/2023;;@
30/09/2023;;@
01/10/2023;;@
02/10/2023;;@
03/10/2023;;@
04/10/2023;;@
05/10/2023;;@
06/10/2023;;@
07/10/2023;;@
08/10/2023;;@
09/10/2023;;@
10/10/2023;;@
11/10/2023;;@
12/10/2023;;@
13/10/2023;;@
14/10/2023;;@
15/10/2023;;@
16/10/2023;;@
17/10/2023;;@
18/10/2023;;@
19/10/2023;;@
20/10/2023;;@
21/10/2023;;@
22/10/2023;;@
23/10/2023;;@
24/10/2023;;@
25/10/2023;;@
26/10/2023;0,46;V
27/10/2023;0,44;V
28/10/2023;0,41;V
29/10/2023;0,33;V
30/10/2023;0,39;V
31/10/2023;0,52;V
01/11/2023;0,44;V
02/11/2023;0,85;V
03/11/2023;1,05;V
04/11/2023;0,74;V
05/11/2023;0,94;V
06/11/2023;0,68;V
07/11/2023;0,61;V
08/11/2023;0,57;V
09/11/2023;0,55;V
10/11/2023;0,72;V
11/11/2023;0,81;V
12/11/2023;0,66;V
13/11/2023;0,61;V
14/11/2023;0,58;V
15/11/2023;0,57;V
16/11/2023;0,55;V
17/11/2023;0,55;V
18/11/2023;0,53;V
19/11/2023;0,52;V
20/11/2023;0,52;V
21/11/2023;0,53;V
22/11/2023;0,51;V
23/11/2023;0,49;V
24/11/2023;0,49;V
25/11/2023;0,48;V
26/11/2023;0,48;V
27/11/2023;0,49;V
28/11/2023;0,49;V
29/11/2023;0,49;V
30/11/2023;0,61;V
01/12/2023;0,66;V
02/12/2023;0,63;V
03/12/2023;0,60;V
04/12/2023;0,58;V
05/12/2023;0,76;V
06/12/2023;0,67;V
07/12/2023;0,62;V
08/12/2023;0,59;V
09/12/2023;0,57;V
10/12/2023;0,57;V
11/12/2023;0,59;V
12/12/2023;0,69;V
13/12/2023;0,74;V
14/12/2023;0,71;V
15/12/2023;0,63;V
16/12/2023;0,59;V
17/12/2023;0,57;V
18/12/2023;0,56;V
19/12/2023;0,55;V
20/12/2023;0,55;V
21/12/2023;0,54;V
22/12/2023;0,53;V
23/12/2023;0,52;V
24/12/2023;0,52;V
25/12/2023;0,52;V
26/12/2023;0,51;V
27/12/2023;0,50;V
28/12/2023;0,49;V
29/12/2023;0,49;V
30/12/2023;0,49;V
31/12/2023;0,50;V
01/01/2024;0,49;V
02/01/2024;0,49;V
03/01/2024;0,49;V
04/01/2024;0,49;V
05/01/2024;0,50;V
06/01/2024;0,69;V
07/01/2024;0,69;V
08/01/2024;0,63;V
09/01/2024;0,59;V
10/01/2024;0,57;V
11/01/2024;0,55;V
12/01/2024;0,54;V
13/01/2024;0,54;V
14/01/2024;0,53;V
15/01/2024;0,52;V
16/01/2024;0,52;V
17/01/2024;0,54;V
18/01/2024;0,57;V
19/01/2024;0,54;V
20/01/2024;0,53;V
21/01/2024;0,52;V
22/01/2024;0,52;V
23/01/2024;0,54;V
24/01/2024;0,53;V
25/01/2024;0,52;V
26/01/2024;0,52;V
27/01/2024;0,51;V
28/01/2024;0,51;V
29/01/2024;0,50;V
30/01/2024;0,50;V
31/01/2024;0,49;V
01/02/2024;0,49;V
02/02/2024;0,49;V
03/02/2024;0,48;V
04/02/2024;0,49;V
05/02/2024;0,49;V
06/02/2024;0,48;V
07/02/2024;0,48;V
08/02/2024;0,48;V
09/02/2024;0,47;V
10/02/2024;0,63;V
11/02/2024;0,86;V
12/02/2024;0,70;V
13/02/2024;0,66;V
14/02/2024;0,61;V
15/02/2024;0,59;V
16/02/2024;0,57;V
17/02/2024;0,56;V
18/02/2024;0,55;V
19/02/2024;0,54;V
20/02/2024;0,54;V
21/02/2024;0,52;V
22/02/2024;0,53;V
23/02/2024;0,57;V
24/02/2024;0,62;V
25/02/2024;0,60;V
26/02/2024;0,61;V
27/02/2024;0,97;V
28/02/2024;0,83;V
29/02/2024;0,71;V
01/03/2024;0,70;V
02/03/2024;0,76;V
03/03/2024;0,71;V
04/03/2024;0,73;V
05/03/2024;0,67;V
06/03/2024;0,64;V
07/03/2024;0,62;V
08/03/2024;0,60;V
09/03/2024;0,65;V
10/03/2024;0,75;V
11/03/2024;0,73;V
12/03/2024;0,66;V
13/03/2024;0,63;V
14/03/2024;0,61;V
15/03/2024;0,61;V
16/03/2024;0,60;V
17/03/2024;0,58;V
18/03/2024;0,58;V
19/03/2024;0,57;V
20/03/2024;0,56;V
21/03/2024;0,56;V
22/03/2024;0,55;V
23/03/2024;0,55;V
24/03/2024;0,55;V
25/03/2024;0,54;V
26/03/2024;0,55;V
27/03/2024;0,70;V
28/03/2024;0,72;V
29/03/2024;0,67;V
30/03/2024;0,63;V
31/03/2024;0,61;V
01/04/2024;0,63;V
02/04/2024;0,64;V
03/04/2024;0,63;V
04/04/2024;0,60;V
05/04/2024;0,59;V
06/04/2024;0,57;V
07/04/2024;0,56;V
08/04/2024;0,56;V
09/04/2024;0,55;V
10/04/2024;0,56;V
11/04/2024;0,55;V
12/04/2024;0,53;V
13/04/2024;0,52;V
14/04/2024;0,52;V
15/04/2024;0,52;V
16/04/2024;0,52;V
17/04/2024;0,52;V
18/04/2024;0,52;V
19/04/2024;0,51;V
20/04/2024;0,51;V
21/04/2024;0,50;V
22/04/2024;0,52;V
23/04/2024;0,55;V
24/04/2024;0,54;V
25/04/2024;0,52;V
26/04/2024;0,51;V
27/04/2024;0,52;V
28/04/2024;0,50;V
29/04/2024;0,49;V
30/04/2024;0,49;V
01/05/2024;0,53;V
02/05/2024;0,58;V
03/05/2024;0,60;V
04/05/2024;0,56;V
05/05/2024;0,54;V
06/05/2024;0,52;V
07/05/2024;0,55;V
08/05/2024;0,54;V
09/05/2024;0,52;V
10/05/2024;0,51;V
11/05/2024;0,51;V
12/05/2024;0,50;V
13/05/2024;0,50;V
14/05/2024;0,50;V
15/05/2024;0,50;V
16/05/2024;0,50;V
17/05/2024;0,50;V
18/05/2024;0,49;V
19/05/2024;0,49;V
20/05/2024;0,55;V
21/05/2024;0,63;V
22/05/2024;0,56;V
23/05/2024;0,54;V
24/05/2024;0,52;V
25/05/2024;0,52;V
26/05/2024;0,51;V
27/05/2024;0,51;V
28/05/2024;0,50;V
29/05/2024;0,51;V
30/05/2024;0,51;V
31/05/2024;0,51;V
01/06/2024;0,49;V
02/06/2024;0,50;V
03/06/2024;0,50;V
04/06/2024;0,49;V
05/06/2024;0,49;V
06/06/2024;0,48;V
07/06/2024;0,48;V
08/06/2024;0,48;V
09/06/2024;0,47;V
10/06/2024;0,49;V
11/06/2024;0,48;V
12/06/2024;0,46;V
13/06/2024;0,46;V
14/06/2024;0,45;V
15/06/2024;0,45;V
16/06/2024;0,44;V
17/06/2024;0,43;V
18/06/2024;0,42;V
19/06/2024;0,43;V
20/06/2024;0,43;V
21/06/2024;0,43;V
22/06/2024;0,42;V
23/06/2024;0,41;V
24/06/2024;0,49;V
25/06/2024;0,53;V
26/06/2024;0,49;V
27/06/2024;0,47;V
28/06/2024;0,44;V
29/06/2024;0,44;V
30/06/2024;0,43;V
01/07/2024;0,42;V
02/07/2024;0,42;V
03/07/2024;0,41;V
04/07/2024;0,40;V
05/07/2024;0,39;V
06/07/2024;0,39;V
07/07/2024;0,39;V
08/07/2024;0,39;V
09/07/2024;0,39;V
10/07/2024;0,40;V
11/07/2024;0,39;V
12/07/2024;0,40;V
13/07/2024;0,40;V
14/07/2024;0,40;V
15/07/2024;0,39;V
16/07/2024;0,39;V
17/07/2024;0,39;V
18/07/2024;0,39;V
19/07/2024;0,40;V
20/07/2024;0,40;V
21/07/2024;0,40;V
22/07/2024;0,41;V
23/07/2024;0,41;V
24/07/2024;0,41;V
25/07/2024;0,40;V
26/07/2024;0,40;V
27/07/2024;0,40;V
28/07/2024;0,40;V
29/07/2024;0,40;V
30/07/2024;0,40;V
31/07/2024;0,40;V
01/08/2024;;@
02/08/2024;;@
03/08/2024;;@
04/08/2024;;@
05/08/2024;;@
06/08/2024;;@
07/08/2024;;@
08/08/2024;;@
09/08/2024;;@
10/08/2024;;@
11/08/2024;;@
12/08/2024;;@
13/08/2024;;@
14/08/2024;;@
15/08/2024;;@
16/08/2024;;@
17/08/2024;;@
18/08/2024;;@
19/08/2024;;@
20/08/2024;;@
21/08/2024;;@
22/08/2024;;@
23/08/2024;;@
24/08/2024;;@
25/08/2024;;@
26/08/2024;;@
27/08/2024;;@
28/08/2024;;@
29/08/2024;;@
30/08/2024;;@
31/08/2024;;@
01/09/2024;;@
02/09/2024;;@
03/09/2024;;@
04/09/2024;;@
05/09/2024;;@
06/09/2024;;@
07/09/2024;;@
08/09/2024;;@
09/09/2024;;@
10/09/2024;;@
11/09/2024;;@
12/09/2024;;@
13/09/2024;;@
14/09/2024;;@
15/09/2024;;@
16/09/2024;;@
17/09/2024;;@
18/09/2024;;@
19/09/2024;;@
20/09/2024;;@
21/09/2024;;@
22/09/2024;;@
23/09/2024;;@
24/09/2024;;@
25/09/2024;;@
26/09/2024;;@
27/09/2024;;@
28/09/2024;;@
29/09/2024;;@
30/09/2024;;@
01/10/2024;;@
02/10/2024;;@
03/10/2024;;@
04/10/2024;;@
05/10/2024;;@
06/10/2024;;@
07/10/2024;;@
08/10/2024;;@
09/10/2024;;@
10/10/2024;;@
11/10/2024;;@
12/10/2024;;@
13/10/2024;;@
14/10/2024;;@
15/10/2024;;@
16/10/2024;;@
17/10/2024;;@
18/10/2024;0,92;V
19/10/2024;0,65;V
20/10/2024;0,57;V
21/10/2024;0,54;V
22/10/2024;0,52;V
23/10/2024;0,52;V
24/10/2024;0,59;V
25/10/2024;0,63;V
26/10/2024;0,71;V
27/10/2024;0,61;V
28/10/2024;0,56;V
29/10/2024;0,54;V
30/10/2024;0,52;V
31/10/2024;0,50;V
01/11/2024;0,49;V
02/11/2024;0,49;V
03/11/2024;0,48;V
04/11/2024;0,47;V
05/11/2024;0,46;V
06/11/2024;0,46;V
07/11/2024;0,46;V
08/11/2024;0,46;V
09/11/2024;0,45;V
10/11/2024;0,47;V
11/11/2024;0,54;V
12/11/2024;0,54;V
13/11/2024;0,54;V
14/11/2024;0,53;V
15/11/2024;0,51;V
16/11/2024;0,51;V
17/11/2024;0,52;V
18/11/2024;0,52;V
19/11/2024;0,52;V
20/11/2024;0,59;V
21/11/2024;0,69;V
22/11/2024;0,95;V
23/11/2024;0,59;V
24/11/2024;0,51;V
25/11/2024;0,47;V
26/11/2024;0,45;V
27/11/2024;0,43;V
28/11/2024;0,42;V
29/11/2024;0,41;V
30/11/2024;0,39;V
01/12/2024;0,39;V
02/12/2024;0,38;V
03/12/2024;0,37;V
04/12/2024;0,36;V
05/12/2024;0,36;V
06/12/2024;0,37;V
07/12/2024;0,36;V
08/12/2024;0,59;V
09/12/2024;0,51;V
10/12/2024;0,46;V
11/12/2024;0,43;V
12/12/2024;0,42;V
13/12/2024;0,42;V
14/12/2024;0,44;V
15/12/2024;0,43;V
16/12/2024;0,42;V
17/12/2024;0,40;V
18/12/2024;0,40;V
19/12/2024;0,40;V
20/12/2024;0,44;V
21/12/2024;0,45;V
22/12/2024;0,46;V
23/12/2024;0,46;V
24/12/2024;0,44;V
25/12/2024;0,43;V
26/12/2024;0,41;V
27/12/2024;0,40;V
28/12/2024;0,39;V
29/12/2024;0,39;V
30/12/2024;0,39;V
31/12/2024;0,38;V
01/01/2025;0,37;V
02/01/2025;0,37;V
03/01/2025;0,63;V
04/01/2025;0,55;V
05/01/2025;0,52;V
06/01/2025;0,51;V
07/01/2025;0,50;V
08/01/2025;0,51;V
09/01/2025;0,51;V
10/01/2025;0,50;V
11/01/2025;0,48;V
12/01/2025;0,47;V
13/01/2025;0,45;V
14/01/2025;0,43;V
15/01/2025;0,43;V
16/01/2025;0,42;V
17/01/2025;0,40;V
18/01/2025;0,40;V
19/01/2025;0,40;V
20/01/2025;0,40;V
21/01/2025;0,40;V
22/01/2025;0,41;V
23/01/2025;0,49;V
24/01/2025;0,53;V
25/01/2025;0,48;V
26/01/2025;0,51;V
27/01/2025;0,51;V
28/01/2025;0,71;V
29/01/2025;0,72;V
30/01/2025;0,59;V
31/01/2025;0,58;V
01/02/2025;0,89;V
02/02/2025;0,56;V
03/02/2025;0,48;V
04/02/2025;0,43;V
05/02/2025;0,39;V
06/02/2025;0,37;V
07/02/2025;0,35;V
08/02/2025;0,35;V
09/02/2025;0,35;V
10/02/2025;0,34;V
11/02/2025;0,34;V
12/02/2025;0,38;V
13/02/2025;0,40;V
14/02/2025;0,82;V
15/02/2025;0,55;V
16/02/2025;0,45;V
17/02/2025;0,40;V
18/02/2025;0,38;V
19/02/2025;0,35;V
20/02/2025;0,33;V
21/02/2025;0,31;V
22/02/2025;0,31;V
23/02/2025;0,30;V
24/02/2025;0,42;V
25/02/2025;0,44;V
26/02/2025;0,49;V
27/02/2025;0,43;V
28/02/2025;0,39;V
01/03/2025;0,36;V
02/03/2025;0,34;V
03/03/2025;0,32;V
04/03/2025;0,31;V
05/03/2025;0,30;V
06/03/2025;0,29;V
07/03/2025;0,28;V
08/03/2025;0,27;V
09/03/2025;0,27;V
10/03/2025;0,30;V
11/03/2025;0,28;V
12/03/2025;0,49;V
13/03/2025;0,76;V
14/03/2025;1,41;V
15/03/2025;0,88;V
16/03/2025;0,63;V
17/03/2025;0,51;V
18/03/2025;0,45;V
19/03/2025;0,41;V
20/03/2025;0,38;V
21/03/2025;0,37;V
22/03/2025;0,40;V
23/03/2025;0,39;V
24/03/2025;0,36;V
25/03/2025;0,35;V
26/03/2025;0,33;V
27/03/2025;0,32;V
28/03/2025;0,31;V
29/03/2025;0,30;V
30/03/2025;0,29;V
31/03/2025;0,27;V
01/04/2025;0,28;V
02/04/2025;0,27;V
03/04/2025;0,25;V
04/04/2025;0,25;V
05/04/2025;0,24;V
06/04/2025;0,24;V
07/04/2025;0,24;V
08/04/2025;0,24;V
09/04/2025;0,23;V
10/04/2025;0,23;V
11/04/2025;0,23;V
12/04/2025;0,22;V
13/04/2025;0,23;V
14/04/2025;0,30;V
15/04/2025;0,72;V
16/04/2025;0,42;V
17/04/2025;0,46;V
18/04/2025;0,48;V
19/04/2025;0,40;V
20/04/2025;0,35;V
21/04/2025;0,32;V
22/04/2025;0,30;V
23/04/2025;0,29;V
24/04/2025;0,27;V
25/04/2025;0,26;V
26/04/2025;0,25;V
27/04/2025;0,24;V
28/04/2025;0,23;V
29/04/2025;0,22;V
30/04/2025;0,21;V
01/05/2025;0,21;V
02/05/2025;0,21;V
03/05/2025;0,21;V
04/05/2025;0,21;V
05/05/2025;0,29;V
06/05/2025;0,27;V
07/05/2025;0,23;V
08/05/2025;0,21;V
09/05/2025;0,20;V
10/05/2025;0,20;V
11/05/2025;0,19;V
12/05/2025;0,19;V
13/05/2025;0,19;V
14/05/2025;0,17;V
15/05/2025;0,17;V
16/05/2025;0,24;V
17/05/2025;0,19;V
18/05/2025;0,18;V
19/05/2025;0,17;V
20/05/2025;0,19;V
21/05/2025;0,18;V
22/05/2025;0,18;V
23/05/2025;0,16;V
24/05/2025;0,15;V
25/05/2025;0,15;V
26/05/2025;0,16;V
27/05/2025;0,15;V
28/05/2025;0,15;V
29/05/2025;0,14;V
30/05/2025;0,14;V
31/05/2025;0,12;V
01/06/2025;0,12;V
02/06/2025;0,12;V
03/06/2025;0,12;V
04/06/2025;0,12;V
05/06/2025;0,12;V
06/06/2025;0,12;V
07/06/2025;0,12;V
08/06/2025;0,12;V
09/06/2025;0,12;V
10/06/2025;0,11;V
11/06/2025;0,11;V
12/06/2025;0,11;V
13/06/2025;0,12;V
14/06/2025;0,12;V
15/06/2025;0,11;V
16/06/2025;0,12;V
17/06/2025;0,12;V
18/06/2025;0,11;V
19/06/2025;0,11;V
20/06/2025;0,11;V
21/06/2025;0,12;V
22/06/2025;0,12;V
23/06/2025;0,12;V
24/06/2025;0,12;V
25/06/2025;0,12;V
26/06/2025;0,12;V
27/06/2025;0,11;V
28/06/2025;0,11;V
29/06/2025;0,11;V
30/06/2025;0,11;V
01/07/2025;0,12;V
02/07/2025;0,12;V
03/07/2025;0,12;V
04/07/2025;0,12;V
05/07/2025;0,12;V
06/07/2025;0,13;V
07/07/2025;0,12;V
08/07/2025;0,12;V
09/07/2025;0,11;V
10/07/2025;0,11;V
11/07/2025;0,11;V
12/07/2025;0,12;V
13/07/2025;0,13;V
14/07/2025;0,12;V
15/07/2025;0,12;V
16/07/2025;0,12;V
17/07/2025;0,08;V
18/07/2025;0,06;V
19/07/2025;0,07;V
20/07/2025;0,08;V
21/07/2025;0,08;V
22/07/2025;0,05;V
23/07/2025;0,05;V
24/07/2025;0,06;V
25/07/2025;0,06;V
26/07/2025;0,05;V
27/07/2025;0,05;V
28/07/2025;0,05;V
29/07/2025;0,05;V
30/07/2025;0,05;V
31/07/2025;0,06;V
01/08/2025;0,04;V
02/08/2025;0,05;V
03/08/2025;0,04;V
04/08/2025;0,03;V
05/08/2025;0,04;V
06/08/2025;0,04;V
07/08/2025;0,03;V
08/08/2025;0,02;V
09/08/2025;0,02;V
10/08/2025;0,02;V
11/08/2025;0,02;V
12/08/2025;0,02;V
13/08/2025;0,02;V
14/08/2025;0,03;V
15/08/2025;0,04;V
16/08/2025;0,02;V
17/08/2025;0,03;V
18/08/2025;0,05;V
19/08/2025;0,04;V
20/08/2025;0,06;V
21/08/2025;0,06;V
22/08/2025;0,05;V
23/08/2025;0,06;V
24/08/2025;0,06;V
25/08/2025;0,05;V
26/08/2025;0,05;V
27/08/2025;0,06;V
28/08/2025;0,06;V
29/08/2025;0,06;V
30/08/2025;0,06;V
31/08/2025;0,05;V
01/09/2025;0,04;V
02/09/2025;0,04;V
03/09/2025;0,03;V
04/09/2025;0,02;V
05/09/2025;0,04;V
06/09/2025;0,05;V
07/09/2025;0,05;V
08/09/2025;0,05;V
09/09/2025;0,07;V
10/09/2025;0,07;V
11/09/2025;0,06;V
12/09/2025;0,05;V
13/09/2025;0,06;V
14/09/2025;0,06;V
15/09/2025;0,05;V
16/09/2025;0,06;V
17/09/2025;0,05;V
18/09/2025;0,04;V
19/09/2025;0,04;V
20/09/2025;0,04;V
21/09/2025;0,04;V
22/09/2025;0,15;V
23/09/2025;0,16;V
24/09/2025;0,14;V
25/09/2025;0,13;V
26/09/2025;0,13;V
27/09/2025;0,13;V
28/09/2025;0,13;V
29/09/2025;0,12;V
30/09/2025;0,11;V
01/10/2025;0,11;V
02/10/2025;0,11;V
03/10/2025;0,10;V
04/10/2025;0,09;V
05/10/2025;0,10;V
06/10/2025;0,08;V
07/10/2025;0,06;V
08/10/2025;0,06;V
09/10/2025;0,06;V
10/10/2025;0,06;V
11/10/2025;0,06;V
12/10/2025;0,06;V
13/10/2025;0,06;V
14/10/2025;0,06;V
15/10/2025;0,06;V
16/10/2025;0,06;V
17/10/2025;0,06;V
18/10/2025;0,06;V
19/10/2025;0,06;V
20/10/2025;0,07;V
21/10/2025;0,07;V
22/10/2025;0,11;V
23/10/2025;0,32;V
24/10/2025;0,26;V
25/10/2025;0,21;V
26/10/2025;0,22;V
27/10/2025;0,21;V
28/10/2025;0,18;V
29/10/2025;0,18;V
30/10/2025;0,33;V
31/10/2025;0,36;V
01/11/2025;0,26;V
02/11/2025;0,23;V
03/11/2025;0,26;V
04/11/2025;0,23;V
05/11/2025;0,20;V
06/11/2025;0,19;V
07/11/2025;0,18;V
08/11/2025;0,17;V
09/11/2025;0,15;V
10/11/2025;0,16;V
11/11/2025;0,16;V
12/11/2025;0,13;V
13/11/2025;0,13;V
14/11/2025;0,13;V
15/11/2025;0,13;V
16/11/2025;0,13;V
17/11/2025;0,27;V
18/11/2025;0,29;V
19/11/2025;;@
20/11/2025;;@
21/11/2025;;@
22/11/2025;0,25;V
23/11/2025;0,23;V
24/11/2025;0,34;V
25/11/2025;0,55;V
26/11/2025;0,34;V
27/11/2025;0,28;V
28/11/2025;0,25;V
29/11/2025;0,23;V
30/11/2025;0,21;V
01/12/2025;0,22;V
02/12/2025;0,21;V
03/12/2025;0,20;V
04/12/2025;0,19;V
05/12/2025;0,19;V
06/12/2025;0,18;V
07/12/2025;0,18;V
08/12/2025;0,17;V
09/12/2025;0,17;V
10/12/2025;0,16;V
11/12/2025;0,16;V
12/12/2025;0,16;V
13/12/2025;0,15;V
14/12/2025;0,15;V
15/12/2025;0,15;V
16/12/2025;0,16;V
17/12/2025;0,21;V
18/12/2025;0,24;V
19/12/2025;0,22;V
20/12/2025;0,22;V
21/12/2025;0,21;V
22/12/2025;0,20;V
23/12/2025;0,22;V
24/12/2025;0,28;V
25/12/2025;0,29;V
26/12/2025;0,27;V
27/12/2025;0,25;V
28/12/2025;0,23;V
29/12/2025;0,22;V
30/12/2025;0,21;V
31/12/2025;0,21;V
01/01/2026;0,21;P
02/01/2026;0,24;P
03/01/2026;0,23;P
04/01/2026;0,22;P
05/01/2026;0,22;P
06/01/2026;0,22;P
07/01/2026;0,22;P
08/01/2026;0,21;P
09/01/2026;0,33;P
10/01/2026;0,36;P
11/01/2026;0,30;P
12/01/2026;0,27;P
13/01/2026;0,26;P
14/01/2026;0,25;P
15/01/2026;0,25;P
16/01/2026;0,25;P
17/01/2026;0,24;P
18/01/2026;0,24;P
19/01/2026;0,22;P
20/01/2026;0,22;P
21/01/2026;0,22;P
22/01/2026;0,21;P
23/01/2026;0,22;P
24/01/2026;0,41;P
25/01/2026;0,65;P
26/01/2026;0,47;P
27/01/2026;0,36;P
28/01/2026;0,48;P
29/01/2026;0,46;P
30/01/2026;0,39;P
31/01/2026;0,35;P
01/02/2026;0,31;P
02/02/2026;0,30;P
03/02/2026;0,37;P
04/02/2026;0,52;P
05/02/2026;0,46;P
06/02/2026;0,51;P
07/02/2026;0,43;P
08/02/2026;0,38;P
09/02/2026;0,35;P
10/02/2026;0,32;P
11/02/2026;0,42;P
12/02/2026;0,44;P
13/02/2026;0,39;P
14/02/2026;0,40;P
15/02/2026;0,38;P
16/02/2026;0,38;P
17/02/2026;0,35;P
18/02/2026;0,34;P
19/02/2026;0,34;P
20/02/2026;0,31;P
21/02/2026;0,30;P
22/02/2026;0,29;P
23/02/2026;0,28;P
24/02/2026;0,28;P
25/02/2026;0,26;P
26/02/2026;0,26;P
27/02/2026;0,25;P
28/02/2026;0,25;P
01/03/2026;0,24;P
02/03/2026;0,24;P
03/03/2026;0,24;P
04/03/2026;0,23;P
05/03/2026;0,23;P
06/03/2026;0,21;P
07/03/2026;0,21;P
08/03/2026;0,21;P
09/03/2026;0,21;P
10/03/2026;0,21;P
11/03/2026;0,21;P
12/03/2026;0,38;P
13/03/2026;0,29;P
14/03/2026;0,27;P
15/03/2026;0,25;P
16/03/2026;0,22;P
17/03/2026;0,23;P
18/03/2026;0,23;P
19/03/2026;0,22;P
20/03/2026;0,21;P
21/03/2026;0,21;P
22/03/2026;0,21;P
23/03/2026;0,21;P
24/03/2026;0,20;P
25/03/2026;0,20;P
26/03/2026;0,24;P
27/03/2026;0,22;P
28/03/2026;0,21;P
29/03/2026;0,20;P
30/03/2026;0,20;P
31/03/2026;0,20;P
01/04/2026;0,19;P
02/04/2026;0,19;P
03/04/2026;0,18;P
04/04/2026;0,18;P
05/04/2026;0,18;P
06/04/2026;0,18;P
07/04/2026;0,18;P
08/04/2026;0,17;P
09/04/2026;0,18;P
10/04/2026;0,17;P
11/04/2026;0,17;P
12/04/2026;0,17;P
13/04/2026;0,17;P
14/04/2026;0,19;P
15/04/2026;0,17;P
16/04/2026;0,15;P
17/04/2026;0,15;P
18/04/2026;0,15;P
19/04/2026;0,16;P
20/04/2026;0,15;P
21/04/2026;0,16;P
22/04/2026;0,15;P
23/04/2026;0,14;P
24/04/2026;0,14;P
25/04/2026;0,14;P
26/04/2026;0,14;P
27/04/2026;0,14;P
28/04/2026;0,13;P
29/04/2026;0,13;P
30/04/2026;0,12;P
01/05/2026;0,12;P
02/05/2026;0,13;P
03/05/2026;0,13;P
04/05/2026;0,13;P
05/05/2026;0,20;P
06/05/2026;0,62;P
07/05/2026;0,35;P
08/05/2026;0,24;P
09/05/2026;0,19;P
10/05/2026;0,18;P
11/05/2026;0,18;P
12/05/2026;0,17;P
13/05/2026;0,18;P
14/05/2026;0,18;P
15/05/2026;0,18;P
16/05/2026;0,19;P
17/05/2026;0,18;P
18/05/2026;0,17;P
19/05/2026;0,16;P
20/05/2026;0,14;P
21/05/2026;0,12;P
22/05/2026;0,12;P
23/05/2026;0,12;P
24/05/2026;0,11;P
25/05/2026;0,11;P
26/05/2026;0,10;P
27/05/2026;0,10;P
28/05/2026;0,11;P
29/05/2026;0,10;P
30/05/2026;0,09;P
31/05/2026;0,09;P
01/06/2026;0,09;P
02/06/2026;0,08;P
03/06/2026;0,12;P
04/06/2026;0,09;P
05/06/2026;0,09;P
06/06/2026;0,08;P
07/06/2026;0,08;P
08/06/2026;0,07;P
09/06/2026;0,07;P
10/06/2026;0,07;P
11/06/2026;0,06;P
