"Stazione";"Tavarnuzze"
"Codice";"TOS01004723"
"Comune";"Impruneta"
"Provincia";"FI"
"GB [m]";"E";1678712;"N";4842346
"WGS84 [°]";"Lat";43.712;"Lon";11.218
"Quota [m]";

;;;ATTENZIONE i dati sono nel fomato csv ed utilizzano
;;;come separatore di colonna il "punto e virgola" e
;;;come separatore decimale la "virgola"
;;;verificare le proprie impostazioni internazionali per una corretta visulizzazione.
;;;Il valore contrassegnato con N corrisponde al dato non validato
;;;Il valore contrassegnato con R corrisponde al dato ricostruito
;;;Il valore contrassegnato con I corrisponde al dato incerto
;;;Il valore contrassegnato con @ corrisponde al dato mancante
;;;Il valore contrassegnato con V corrisponde al dato validato
;;;Il valore contrassegnato con P corrisponde al dato prevalidato soggetto ad eventuali modifiche
;;;(consultare la sezione Criteri di validazione)

"gg/mm/aaaa";"Livello [m]";"Tipo Dato"
01/01/1998;0,37;V
02/01/1998;0,36;V
03/01/1998;0,39;V
04/01/1998;0,37;V
05/01/1998;0,36;V
06/01/1998;0,35;V
07/01/1998;0,34;V
08/01/1998;0,33;V
09/01/1998;0,32;V
10/01/1998;0,32;V
11/01/1998;0,31;V
12/01/1998;0,31;V
13/01/1998;0,31;V
14/01/1998;0,31;V
15/01/1998;0,33;V
16/01/1998;0,32;V
17/01/1998;0,35;V
18/01/1998;0,34;V
19/01/1998;0,42;V
20/01/1998;0,58;V
21/01/1998;0,44;V
22/01/1998;0,40;V
23/01/1998;0,38;V
24/01/1998;0,36;V
25/01/1998;0,35;V
26/01/1998;0,34;V
27/01/1998;0,33;V
28/01/1998;0,32;V
29/01/1998;0,32;V
30/01/1998;0,32;V
31/01/1998;0,32;V
01/02/1998;0,32;V
02/02/1998;0,31;V
03/02/1998;0,31;V
04/02/1998;0,41;V
05/02/1998;0,39;V
06/02/1998;0,36;V
07/02/1998;0,34;V
08/02/1998;0,34;V
09/02/1998;0,32;V
10/02/1998;0,32;V
11/02/1998;0,32;V
12/02/1998;0,31;V
13/02/1998;0,31;V
14/02/1998;0,31;V
15/02/1998;0,31;V
16/02/1998;0,31;V
17/02/1998;0,30;V
18/02/1998;0,29;V
19/02/1998;0,29;V
20/02/1998;0,29;V
21/02/1998;0,29;V
22/02/1998;0,29;V
23/02/1998;0,54;V
24/02/1998;0,44;V
25/02/1998;0,38;V
26/02/1998;0,36;V
27/02/1998;0,34;V
28/02/1998;0,34;V
01/03/1998;0,34;V
02/03/1998;0,33;V
03/03/1998;0,32;V
04/03/1998;0,32;V
05/03/1998;0,31;V
06/03/1998;0,30;V
07/03/1998;0,31;V
08/03/1998;0,31;V
09/03/1998;0,31;V
10/03/1998;0,29;V
11/03/1998;0,30;V
12/03/1998;0,36;V
13/03/1998;0,69;V
14/03/1998;0,47;V
15/03/1998;0,42;V
16/03/1998;0,39;V
17/03/1998;0,37;V
18/03/1998;0,35;V
19/03/1998;0,34;V
20/03/1998;0,33;V
21/03/1998;0,32;V
22/03/1998;0,31;V
23/03/1998;0,31;V
24/03/1998;0,43;V
25/03/1998;0,39;V
26/03/1998;0,35;V
27/03/1998;0,35;V
28/03/1998;0,35;V
29/03/1998;0,34;V
30/03/1998;0,34;V
31/03/1998;0,33;V
01/04/1998;0,32;V
02/04/1998;0,33;V
03/04/1998;0,34;V
04/04/1998;0,32;V
05/04/1998;0,32;V
06/04/1998;0,49;V
07/04/1998;0,41;V
08/04/1998;0,37;V
09/04/1998;0,37;V
10/04/1998;0,39;V
11/04/1998;0,58;V
12/04/1998;0,90;V
13/04/1998;0,61;V
14/04/1998;0,51;V
15/04/1998;0,46;V
16/04/1998;0,82;V
17/04/1998;0,63;V
18/04/1998;0,55;V
19/04/1998;0,49;V
20/04/1998;0,45;V
21/04/1998;0,42;V
22/04/1998;0,41;V
23/04/1998;0,39;V
24/04/1998;0,38;V
25/04/1998;0,37;V
26/04/1998;0,36;V
27/04/1998;0,36;V
28/04/1998;0,39;V
29/04/1998;0,72;V
30/04/1998;0,62;V
01/05/1998;0,60;V
02/05/1998;0,56;V
03/05/1998;0,49;V
04/05/1998;0,55;V
05/05/1998;0,49;V
06/05/1998;0,43;V
07/05/1998;0,41;V
08/05/1998;0,39;V
09/05/1998;0,38;V
10/05/1998;0,37;V
11/05/1998;0,36;V
12/05/1998;0,35;V
13/05/1998;0,34;V
14/05/1998;0,36;V
15/05/1998;0,34;V
16/05/1998;0,33;V
17/05/1998;0,32;V
18/05/1998;0,32;V
19/05/1998;0,31;V
20/05/1998;0,31;V
21/05/1998;0,31;V
22/05/1998;0,30;V
23/05/1998;0,29;V
24/05/1998;0,31;V
25/05/1998;0,31;V
26/05/1998;0,32;V
27/05/1998;0,30;V
28/05/1998;0,30;V
29/05/1998;0,31;V
30/05/1998;0,29;V
31/05/1998;0,28;V
01/06/1998;0,28;V
02/06/1998;0,27;V
03/06/1998;0,27;V
04/06/1998;0,27;V
05/06/1998;0,26;V
06/06/1998;0,26;V
07/06/1998;0,34;V
08/06/1998;0,31;V
09/06/1998;0,27;V
10/06/1998;0,26;V
11/06/1998;0,44;V
12/06/1998;0,37;V
13/06/1998;0,36;V
14/06/1998;0,30;V
15/06/1998;0,29;V
16/06/1998;0,28;V
17/06/1998;0,27;V
18/06/1998;0,26;V
19/06/1998;0,26;V
20/06/1998;0,25;V
21/06/1998;0,25;V
22/06/1998;0,24;V
23/06/1998;0,24;V
24/06/1998;0,24;V
25/06/1998;0,24;V
26/06/1998;0,24;V
27/06/1998;0,23;V
28/06/1998;0,23;V
29/06/1998;0,23;V
30/06/1998;0,23;V
01/07/1998;0,23;V
02/07/1998;0,22;V
03/07/1998;0,22;V
04/07/1998;0,22;V
05/07/1998;0,22;V
06/07/1998;0,22;V
07/07/1998;0,22;V
08/07/1998;0,22;V
09/07/1998;0,22;V
10/07/1998;0,22;V
11/07/1998;0,22;V
12/07/1998;0,21;V
13/07/1998;0,21;V
14/07/1998;0,22;V
15/07/1998;0,24;V
16/07/1998;0,22;V
17/07/1998;0,22;V
18/07/1998;0,22;V
19/07/1998;0,21;V
20/07/1998;0,21;V
21/07/1998;0,21;V
22/07/1998;0,21;V
23/07/1998;0,21;V
24/07/1998;0,20;V
25/07/1998;0,20;V
26/07/1998;0,21;V
27/07/1998;0,21;V
28/07/1998;0,20;V
29/07/1998;0,19;V
30/07/1998;0,16;V
31/07/1998;0,15;V
01/08/1998;0,24;V
02/08/1998;0,24;V
03/08/1998;0,24;V
04/08/1998;0,24;V
05/08/1998;0,24;V
06/08/1998;0,23;V
07/08/1998;0,23;V
08/08/1998;0,23;V
09/08/1998;0,23;V
10/08/1998;0,22;V
11/08/1998;0,22;V
12/08/1998;0,21;V
13/08/1998;0,22;V
14/08/1998;0,21;V
15/08/1998;0,22;V
16/08/1998;0,22;V
17/08/1998;0,22;V
18/08/1998;0,21;V
19/08/1998;0,22;V
20/08/1998;0,22;V
21/08/1998;0,21;V
22/08/1998;0,20;V
23/08/1998;0,20;V
24/08/1998;0,20;V
25/08/1998;0,16;V
26/08/1998;0,09;V
27/08/1998;0,03;V
28/08/1998;0,14;V
29/08/1998;0,16;V
30/08/1998;0,20;V
31/08/1998;0,20;V
01/09/1998;0,19;V
02/09/1998;0,15;V
03/09/1998;0,09;V
04/09/1998;0,02;V
05/09/1998;0,09;V
06/09/1998;0,17;V
07/09/1998;0,10;V
08/09/1998;0,05;V
09/09/1998;0,00;V
10/09/1998;-0,03;V
11/09/1998;-0,07;V
12/09/1998;0,17;V
13/09/1998;0,23;V
14/09/1998;0,21;V
15/09/1998;0,21;V
16/09/1998;0,21;V
17/09/1998;0,21;V
18/09/1998;0,20;V
19/09/1998;0,21;V
20/09/1998;0,21;V
21/09/1998;0,20;V
22/09/1998;0,20;V
23/09/1998;0,20;V
24/09/1998;0,20;V
25/09/1998;0,22;V
26/09/1998;0,23;V
27/09/1998;0,29;V
28/09/1998;0,32;V
29/09/1998;0,25;V
30/09/1998;0,23;V
01/10/1998;0,27;V
02/10/1998;0,26;V
03/10/1998;0,24;V
04/10/1998;0,23;V
05/10/1998;0,24;V
06/10/1998;0,28;V
07/10/1998;0,30;V
08/10/1998;0,29;V
09/10/1998;0,26;V
10/10/1998;0,27;V
11/10/1998;0,25;V
12/10/1998;0,25;V
13/10/1998;0,24;V
14/10/1998;0,24;V
15/10/1998;0,24;V
16/10/1998;0,24;V
17/10/1998;0,24;V
18/10/1998;0,25;V
19/10/1998;0,34;V
20/10/1998;0,29;V
21/10/1998;0,26;V
22/10/1998;0,25;V
23/10/1998;0,24;V
24/10/1998;0,25;V
25/10/1998;0,25;V
26/10/1998;0,25;V
27/10/1998;0,25;V
28/10/1998;0,25;V
29/10/1998;0,25;V
30/10/1998;0,25;V
31/10/1998;0,25;V
01/11/1998;0,26;V
02/11/1998;0,26;V
03/11/1998;0,26;V
04/11/1998;0,55;V
05/11/1998;0,33;V
06/11/1998;0,29;V
07/11/1998;0,28;V
08/11/1998;0,27;V
09/11/1998;0,27;V
10/11/1998;0,27;V
11/11/1998;0,43;V
12/11/1998;0,34;V
13/11/1998;0,30;V
14/11/1998;0,29;V
15/11/1998;0,31;V
16/11/1998;0,31;V
17/11/1998;0,29;V
18/11/1998;0,28;V
19/11/1998;0,28;V
20/11/1998;0,27;V
21/11/1998;0,27;V
22/11/1998;0,27;V
23/11/1998;0,27;V
24/11/1998;0,27;V
25/11/1998;0,27;V
26/11/1998;0,26;V
27/11/1998;0,26;V
28/11/1998;0,25;V
29/11/1998;0,26;V
30/11/1998;0,26;V
01/12/1998;0,26;V
02/12/1998;0,27;V
03/12/1998;0,27;V
04/12/1998;0,32;V
05/12/1998;0,34;V
06/12/1998;0,30;V
07/12/1998;0,29;V
08/12/1998;0,28;V
09/12/1998;0,27;V
10/12/1998;0,27;V
11/12/1998;0,28;V
12/12/1998;0,29;V
13/12/1998;0,28;V
14/12/1998;0,28;V
15/12/1998;0,27;V
16/12/1998;0,27;V
17/12/1998;0,27;V
18/12/1998;0,27;V
19/12/1998;0,27;V
20/12/1998;0,27;V
21/12/1998;0,57;V
22/12/1998;0,45;V
23/12/1998;0,37;V
24/12/1998;0,34;V
25/12/1998;0,32;V
26/12/1998;0,31;V
27/12/1998;0,30;V
28/12/1998;0,30;V
29/12/1998;0,30;V
30/12/1998;0,29;V
31/12/1998;0,29;V
01/01/1999;0,29;V
02/01/1999;0,29;V
03/01/1999;0,29;V
04/01/1999;0,29;V
05/01/1999;0,28;V
06/01/1999;0,28;V
07/01/1999;0,28;V
08/01/1999;0,28;V
09/01/1999;0,28;V
10/01/1999;0,31;V
11/01/1999;0,58;V
12/01/1999;0,54;V
13/01/1999;0,78;V
14/01/1999;0,61;V
15/01/1999;0,48;V
16/01/1999;0,43;V
17/01/1999;0,41;V
18/01/1999;0,39;V
19/01/1999;0,38;V
20/01/1999;0,36;V
21/01/1999;0,35;V
22/01/1999;0,35;V
23/01/1999;0,34;V
24/01/1999;0,34;V
25/01/1999;0,33;V
26/01/1999;0,33;V
27/01/1999;0,34;V
28/01/1999;0,33;V
29/01/1999;0,32;V
30/01/1999;0,31;V
31/01/1999;0,30;V
01/02/1999;0,30;V
02/02/1999;0,30;V
03/02/1999;0,30;V
04/02/1999;0,30;V
05/02/1999;0,30;V
06/02/1999;0,29;V
07/02/1999;0,29;V
08/02/1999;0,30;V
09/02/1999;0,37;V
10/02/1999;0,67;V
11/02/1999;0,56;V
12/02/1999;0,46;V
13/02/1999;0,41;V
14/02/1999;0,39;V
15/02/1999;0,37;V
16/02/1999;0,36;V
17/02/1999;0,36;V
18/02/1999;0,36;V
19/02/1999;0,35;V
20/02/1999;0,35;V
21/02/1999;0,35;V
22/02/1999;0,35;V
23/02/1999;0,35;V
24/02/1999;0,34;V
25/02/1999;0,42;V
26/02/1999;0,40;V
27/02/1999;0,37;V
28/02/1999;0,36;V
01/03/1999;0,35;V
02/03/1999;0,35;V
03/03/1999;0,34;V
04/03/1999;0,35;V
05/03/1999;0,57;V
06/03/1999;0,65;V
07/03/1999;0,65;V
08/03/1999;0,52;V
09/03/1999;0,47;V
10/03/1999;0,44;V
11/03/1999;0,41;V
12/03/1999;0,39;V
13/03/1999;0,38;V
14/03/1999;0,37;V
15/03/1999;0,36;V
16/03/1999;0,36;V
17/03/1999;0,35;V
18/03/1999;0,34;V
19/03/1999;0,33;V
20/03/1999;0,33;V
21/03/1999;0,33;V
22/03/1999;0,33;V
23/03/1999;0,32;V
24/03/1999;0,32;V
25/03/1999;0,32;V
26/03/1999;0,32;V
27/03/1999;0,40;V
28/03/1999;0,38;V
29/03/1999;0,37;V
30/03/1999;0,35;V
31/03/1999;0,34;V
01/04/1999;0,33;V
02/04/1999;0,32;V
03/04/1999;0,32;V
04/04/1999;0,32;V
05/04/1999;0,31;V
06/04/1999;0,31;V
07/04/1999;0,32;V
08/04/1999;0,46;V
09/04/1999;0,48;V
10/04/1999;0,42;V
11/04/1999;0,38;V
12/04/1999;0,37;V
13/04/1999;0,42;V
14/04/1999;0,40;V
15/04/1999;0,37;V
16/04/1999;0,61;V
17/04/1999;0,59;V
18/04/1999;0,60;V
19/04/1999;0,51;V
20/04/1999;0,48;V
21/04/1999;0,45;V
22/04/1999;0,43;V
23/04/1999;0,40;V
24/04/1999;0,39;V
25/04/1999;0,38;V
26/04/1999;0,38;V
27/04/1999;0,37;V
28/04/1999;0,37;V
29/04/1999;0,36;V
30/04/1999;0,36;V
01/05/1999;0,34;V
02/05/1999;0,34;V
03/05/1999;0,34;V
04/05/1999;0,34;V
05/05/1999;0,34;V
06/05/1999;0,36;V
07/05/1999;0,33;V
08/05/1999;0,32;V
09/05/1999;0,31;V
10/05/1999;0,31;V
11/05/1999;0,32;V
12/05/1999;0,32;V
13/05/1999;0,32;V
14/05/1999;0,32;V
15/05/1999;0,31;V
16/05/1999;0,31;V
17/05/1999;0,30;V
18/05/1999;0,30;V
19/05/1999;0,28;V
20/05/1999;0,28;V
21/05/1999;0,91;V
22/05/1999;0,50;V
23/05/1999;0,41;V
24/05/1999;0,37;V
25/05/1999;0,35;V
26/05/1999;0,33;V
27/05/1999;0,32;V
28/05/1999;0,31;V
29/05/1999;0,30;V
30/05/1999;0,29;V
31/05/1999;0,29;V
01/06/1999;0,28;V
02/06/1999;0,28;V
03/06/1999;0,28;V
04/06/1999;0,28;V
05/06/1999;0,27;V
06/06/1999;0,27;V
07/06/1999;0,27;V
08/06/1999;0,28;V
09/06/1999;0,26;V
10/06/1999;0,27;V
11/06/1999;0,26;V
12/06/1999;0,27;V
13/06/1999;0,26;V
14/06/1999;0,26;V
15/06/1999;0,26;V
16/06/1999;0,28;V
17/06/1999;0,29;V
18/06/1999;0,27;V
19/06/1999;0,28;V
20/06/1999;0,34;V
21/06/1999;0,30;V
22/06/1999;0,32;V
23/06/1999;0,27;V
24/06/1999;0,26;V
25/06/1999;0,25;V
26/06/1999;0,25;V
27/06/1999;0,25;V
28/06/1999;0,25;V
29/06/1999;0,25;V
30/06/1999;0,25;V
01/07/1999;0,24;V
02/07/1999;0,24;V
03/07/1999;0,23;V
04/07/1999;0,23;V
05/07/1999;0,23;V
06/07/1999;0,23;V
07/07/1999;0,22;V
08/07/1999;0,23;V
09/07/1999;0,23;V
10/07/1999;0,24;V
11/07/1999;0,26;V
12/07/1999;0,25;V
13/07/1999;0,24;V
14/07/1999;0,24;V
15/07/1999;0,24;V
16/07/1999;0,23;V
17/07/1999;0,23;V
18/07/1999;0,23;V
19/07/1999;0,22;V
20/07/1999;0,22;V
21/07/1999;0,22;V
22/07/1999;0,22;V
23/07/1999;0,22;V
24/07/1999;0,21;V
25/07/1999;0,22;V
26/07/1999;0,21;V
27/07/1999;0,21;V
28/07/1999;0,21;V
29/07/1999;0,17;V
30/07/1999;0,09;V
31/07/1999;0,02;V
01/08/1999;-0,04;V
02/08/1999;-0,09;V
03/08/1999;-0,15;V
04/08/1999;-0,19;V
05/08/1999;-0,25;V
06/08/1999;-0,29;V
07/08/1999;-0,33;V
08/08/1999;-0,37;V
09/08/1999;-0,40;V
10/08/1999;-0,44;V
11/08/1999;-0,46;V
12/08/1999;-0,49;V
13/08/1999;-0,48;V
14/08/1999;-0,51;V
15/08/1999;-0,49;V
16/08/1999;-0,42;V
17/08/1999;-0,45;V
18/08/1999;-0,47;V
19/08/1999;-0,47;V
20/08/1999;-0,48;V
21/08/1999;-0,47;V
22/08/1999;-0,46;V
23/08/1999;-0,43;V
24/08/1999;-0,41;V
25/08/1999;-0,41;V
26/08/1999;-0,40;V
27/08/1999;-0,40;V
28/08/1999;-0,41;V
29/08/1999;0,03;V
30/08/1999;0,14;V
31/08/1999;0,02;V
01/09/1999;-0,08;V
02/09/1999;-0,16;V
03/09/1999;-0,24;V
04/09/1999;-0,31;V
05/09/1999;-0,37;V
06/09/1999;-0,43;V
07/09/1999;-0,48;V
08/09/1999;-0,52;V
09/09/1999;-0,51;V
10/09/1999;-0,51;V
11/09/1999;-0,48;V
12/09/1999;-0,48;V
13/09/1999;-0,49;V
14/09/1999;-0,46;V
15/09/1999;-0,47;V
16/09/1999;-0,44;V
17/09/1999;-0,50;V
18/09/1999;-0,44;V
19/09/1999;-0,42;V
20/09/1999;-0,16;V
21/09/1999;0,28;V
22/09/1999;0,24;V
23/09/1999;0,23;V
24/09/1999;0,22;V
25/09/1999;0,22;V
26/09/1999;0,22;V
27/09/1999;0,24;V
28/09/1999;0,26;V
29/09/1999;0,24;V
30/09/1999;0,24;V
01/10/1999;0,24;V
02/10/1999;0,24;V
03/10/1999;0,24;V
04/10/1999;0,26;V
05/10/1999;0,24;V
06/10/1999;0,23;V
07/10/1999;0,22;V
08/10/1999;0,23;V
09/10/1999;0,24;V
10/10/1999;0,24;V
11/10/1999;0,23;V
12/10/1999;0,23;V
13/10/1999;0,24;V
14/10/1999;0,24;V
15/10/1999;0,24;V
16/10/1999;0,23;V
17/10/1999;0,23;V
18/10/1999;0,24;V
19/10/1999;0,29;V
20/10/1999;0,27;V
21/10/1999;0,36;V
22/10/1999;0,35;V
23/10/1999;0,31;V
24/10/1999;0,36;V
25/10/1999;0,30;V
26/10/1999;0,28;V
27/10/1999;0,27;V
28/10/1999;0,26;V
29/10/1999;0,26;V
30/10/1999;0,26;V
31/10/1999;0,26;V
01/11/1999;0,26;V
02/11/1999;0,26;V
03/11/1999;0,26;V
04/11/1999;0,31;V
05/11/1999;0,27;V
06/11/1999;0,28;V
07/11/1999;0,46;V
08/11/1999;0,36;V
09/11/1999;0,31;V
10/11/1999;0,29;V
11/11/1999;0,29;V
12/11/1999;0,28;V
13/11/1999;0,27;V
14/11/1999;0,28;V
15/11/1999;0,29;V
16/11/1999;0,29;V
17/11/1999;0,29;V
18/11/1999;0,31;V
19/11/1999;0,79;V
20/11/1999;0,47;V
21/11/1999;0,63;V
22/11/1999;0,51;V
23/11/1999;0,41;V
24/11/1999;0,37;V
25/11/1999;0,34;V
26/11/1999;0,33;V
27/11/1999;0,32;V
28/11/1999;0,31;V
29/11/1999;0,31;V
30/11/1999;0,30;V
01/12/1999;0,30;V
02/12/1999;0,30;V
03/12/1999;0,30;V
04/12/1999;0,29;V
05/12/1999;0,30;V
06/12/1999;0,30;V
07/12/1999;0,30;V
08/12/1999;0,30;V
09/12/1999;0,29;V
10/12/1999;0,33;V
11/12/1999;0,39;V
12/12/1999;0,34;V
13/12/1999;0,32;V
14/12/1999;0,33;V
15/12/1999;0,54;V
16/12/1999;0,51;V
17/12/1999;0,41;V
18/12/1999;0,38;V
19/12/1999;0,37;V
20/12/1999;0,61;V
21/12/1999;0,52;V
22/12/1999;0,43;V
23/12/1999;0,39;V
24/12/1999;0,38;V
25/12/1999;0,38;V
26/12/1999;0,38;V
27/12/1999;0,36;V
28/12/1999;0,59;V
29/12/1999;0,47;V
30/12/1999;0,41;V
31/12/1999;0,39;V
01/01/2000;0,37;V
02/01/2000;0,36;V
03/01/2000;0,35;V
04/01/2000;0,35;V
05/01/2000;0,34;V
06/01/2000;0,34;V
07/01/2000;0,33;V
08/01/2000;0,33;V
09/01/2000;0,32;V
10/01/2000;0,32;V
11/01/2000;0,31;V
12/01/2000;0,31;V
13/01/2000;0,31;V
14/01/2000;0,31;V
15/01/2000;0,31;V
16/01/2000;0,31;V
17/01/2000;0,30;V
18/01/2000;0,30;V
19/01/2000;0,30;V
20/01/2000;0,30;V
21/01/2000;0,29;V
22/01/2000;0,29;V
23/01/2000;0,42;V
24/01/2000;0,38;V
25/01/2000;0,34;V
26/01/2000;0,32;V
27/01/2000;0,32;V
28/01/2000;0,32;V
29/01/2000;0,38;V
30/01/2000;0,37;V
31/01/2000;0,35;V
01/02/2000;0,34;V
02/02/2000;0,34;V
03/02/2000;0,36;V
04/02/2000;0,35;V
05/02/2000;0,34;V
06/02/2000;0,34;V
07/02/2000;0,34;V
08/02/2000;0,33;V
09/02/2000;0,33;V
10/02/2000;0,32;V
11/02/2000;0,32;V
12/02/2000;0,31;V
13/02/2000;0,31;V
14/02/2000;0,31;V
15/02/2000;0,31;V
16/02/2000;0,31;V
17/02/2000;0,32;V
18/02/2000;0,30;V
19/02/2000;0,30;V
20/02/2000;0,30;V
21/02/2000;0,29;V
22/02/2000;0,29;V
23/02/2000;0,29;V
24/02/2000;0,29;V
25/02/2000;0,29;V
26/02/2000;0,29;V
27/02/2000;0,28;V
28/02/2000;0,28;V
29/02/2000;0,28;V
01/03/2000;0,29;V
02/03/2000;0,34;V
03/03/2000;0,32;V
04/03/2000;0,31;V
05/03/2000;0,31;V
06/03/2000;0,30;V
07/03/2000;0,30;V
08/03/2000;0,30;V
09/03/2000;0,30;V
10/03/2000;0,30;V
11/03/2000;0,30;V
12/03/2000;0,29;V
13/03/2000;0,29;V
14/03/2000;0,29;V
15/03/2000;0,29;V
16/03/2000;0,28;V
17/03/2000;0,29;V
18/03/2000;0,28;V
19/03/2000;0,28;V
20/03/2000;0,28;V
21/03/2000;0,27;V
22/03/2000;0,28;V
23/03/2000;0,28;V
24/03/2000;0,28;V
25/03/2000;0,30;V
26/03/2000;0,37;V
27/03/2000;0,38;V
28/03/2000;0,41;V
29/03/2000;0,51;V
30/03/2000;0,51;V
31/03/2000;0,43;V
01/04/2000;0,45;V
02/04/2000;0,44;V
03/04/2000;0,41;V
04/04/2000;0,53;V
05/04/2000;0,49;V
06/04/2000;0,43;V
07/04/2000;0,41;V
08/04/2000;0,38;V
09/04/2000;0,37;V
10/04/2000;0,44;V
11/04/2000;0,55;V
12/04/2000;0,62;V
13/04/2000;0,56;V
14/04/2000;0,49;V
15/04/2000;0,45;V
16/04/2000;0,43;V
17/04/2000;0,41;V
18/04/2000;0,40;V
19/04/2000;0,38;V
20/04/2000;0,37;V
21/04/2000;0,36;V
22/04/2000;0,35;V
23/04/2000;0,34;V
24/04/2000;0,39;V
25/04/2000;0,37;V
26/04/2000;0,35;V
27/04/2000;0,34;V
28/04/2000;0,34;V
29/04/2000;0,34;V
30/04/2000;0,34;V
01/05/2000;0,33;V
02/05/2000;0,32;V
03/05/2000;0,31;V
04/05/2000;0,31;V
05/05/2000;0,31;V
06/05/2000;0,31;V
07/05/2000;0,31;V
08/05/2000;0,31;V
09/05/2000;0,30;V
10/05/2000;0,30;V
11/05/2000;0,30;V
12/05/2000;0,30;V
13/05/2000;0,29;V
14/05/2000;0,31;V
15/05/2000;0,31;V
16/05/2000;0,29;V
17/05/2000;0,28;V
18/05/2000;0,29;V
19/05/2000;0,31;V
20/05/2000;0,28;V
21/05/2000;0,28;V
22/05/2000;0,28;V
23/05/2000;0,28;V
24/05/2000;0,27;V
25/05/2000;0,27;V
26/05/2000;0,27;V
27/05/2000;0,27;V
28/05/2000;0,29;V
29/05/2000;0,27;V
30/05/2000;0,26;V
31/05/2000;0,25;V
01/06/2000;0,25;V
02/06/2000;0,24;V
03/06/2000;0,24;V
04/06/2000;0,23;V
05/06/2000;0,23;V
06/06/2000;0,23;V
07/06/2000;0,25;V
08/06/2000;0,26;V
09/06/2000;0,24;V
10/06/2000;0,27;V
11/06/2000;0,25;V
12/06/2000;0,39;V
13/06/2000;0,35;V
14/06/2000;0,33;V
15/06/2000;0,27;V
16/06/2000;0,26;V
17/06/2000;0,24;V
18/06/2000;0,24;V
19/06/2000;0,24;V
20/06/2000;0,23;V
21/06/2000;0,23;V
22/06/2000;0,23;V
23/06/2000;0,23;V
24/06/2000;0,23;V
25/06/2000;0,22;V
26/06/2000;0,22;V
27/06/2000;0,22;V
28/06/2000;0,22;V
29/06/2000;0,22;V
30/06/2000;0,22;V
01/07/2000;0,22;V
02/07/2000;0,21;V
03/07/2000;0,21;V
04/07/2000;0,21;V
05/07/2000;0,21;V
06/07/2000;0,20;V
07/07/2000;0,20;V
08/07/2000;0,20;V
09/07/2000;0,17;V
10/07/2000;0,13;V
11/07/2000;0,32;V
12/07/2000;0,24;V
13/07/2000;0,21;V
14/07/2000;0,21;V
15/07/2000;0,40;V
16/07/2000;0,32;V
17/07/2000;0,25;V
18/07/2000;0,23;V
19/07/2000;0,22;V
20/07/2000;0,22;V
21/07/2000;0,21;V
22/07/2000;0,21;V
23/07/2000;0,20;V
24/07/2000;0,21;V
25/07/2000;0,21;V
26/07/2000;0,20;V
27/07/2000;0,19;V
28/07/2000;0,19;V
29/07/2000;0,19;V
30/07/2000;0,19;V
31/07/2000;0,19;V
01/08/2000;0,19;V
02/08/2000;0,19;V
03/08/2000;0,19;V
04/08/2000;0,19;V
05/08/2000;0,19;V
06/08/2000;0,22;V
07/08/2000;0,20;V
08/08/2000;0,19;V
09/08/2000;0,19;V
10/08/2000;0,19;V
11/08/2000;0,19;V
12/08/2000;0,18;V
13/08/2000;0,18;V
14/08/2000;0,18;V
15/08/2000;0,20;V
16/08/2000;0,19;V
17/08/2000;0,19;V
18/08/2000;0,19;V
19/08/2000;0,18;V
20/08/2000;0,17;V
21/08/2000;0,12;V
22/08/2000;0,12;V
23/08/2000;0,18;V
24/08/2000;0,18;V
25/08/2000;0,17;V
26/08/2000;0,09;V
27/08/2000;0,01;V
28/08/2000;-0,07;V
29/08/2000;0,15;V
30/08/2000;0,20;V
31/08/2000;0,29;V
01/09/2000;0,27;V
02/09/2000;0,23;V
03/09/2000;0,22;V
04/09/2000;0,21;V
05/09/2000;0,25;V
06/09/2000;0,22;V
07/09/2000;0,22;V
08/09/2000;0,22;V
09/09/2000;0,21;V
10/09/2000;0,21;V
11/09/2000;0,21;V
12/09/2000;0,20;V
13/09/2000;0,21;V
14/09/2000;0,20;V
15/09/2000;0,20;V
16/09/2000;0,20;V
17/09/2000;0,20;V
18/09/2000;0,20;V
19/09/2000;0,20;V
20/09/2000;0,20;V
21/09/2000;0,20;V
22/09/2000;0,19;V
23/09/2000;0,19;V
24/09/2000;0,19;V
25/09/2000;0,19;V
26/09/2000;0,19;V
27/09/2000;0,18;V
28/09/2000;0,16;V
29/09/2000;0,13;V
30/09/2000;0,13;V
01/10/2000;0,22;V
02/10/2000;0,26;V
03/10/2000;0,23;V
04/10/2000;0,22;V
05/10/2000;0,20;V
06/10/2000;0,20;V
07/10/2000;0,20;V
08/10/2000;0,22;V
09/10/2000;0,20;V
10/10/2000;0,21;V
11/10/2000;0,21;V
12/10/2000;0,21;V
13/10/2000;0,20;V
14/10/2000;0,21;V
15/10/2000;0,22;V
16/10/2000;0,24;V
17/10/2000;0,22;V
18/10/2000;0,23;V
19/10/2000;0,21;V
20/10/2000;0,20;V
21/10/2000;0,20;V
22/10/2000;0,20;V
23/10/2000;0,20;V
24/10/2000;0,20;V
25/10/2000;0,20;V
26/10/2000;0,21;V
27/10/2000;0,22;V
28/10/2000;0,21;V
29/10/2000;0,20;V
30/10/2000;0,20;V
31/10/2000;0,21;V
01/11/2000;0,23;V
02/11/2000;0,24;V
03/11/2000;0,31;V
04/11/2000;0,50;V
05/11/2000;0,32;V
06/11/2000;0,46;V
07/11/2000;0,61;V
08/11/2000;0,41;V
09/11/2000;0,41;V
10/11/2000;0,41;V
11/11/2000;0,34;V
12/11/2000;0,31;V
13/11/2000;0,30;V
14/11/2000;0,33;V
15/11/2000;0,63;V
16/11/2000;0,90;V
17/11/2000;0,57;V
18/11/2000;0,45;V
19/11/2000;0,38;V
20/11/2000;0,64;V
21/11/2000;1,40;V
22/11/2000;0,74;V
23/11/2000;0,54;V
24/11/2000;0,55;V
25/11/2000;0,58;V
26/11/2000;0,58;V
27/11/2000;0,57;V
28/11/2000;0,47;V
29/11/2000;0,43;V
30/11/2000;0,40;V
01/12/2000;0,38;V
02/12/2000;0,37;V
03/12/2000;0,36;V
04/12/2000;0,35;V
05/12/2000;0,34;V
06/12/2000;0,33;V
07/12/2000;0,32;V
08/12/2000;0,32;V
09/12/2000;0,31;V
10/12/2000;0,31;V
11/12/2000;0,31;V
12/12/2000;0,31;V
13/12/2000;0,30;V
14/12/2000;0,30;V
15/12/2000;0,30;V
16/12/2000;0,29;V
17/12/2000;0,29;V
18/12/2000;0,31;V
19/12/2000;0,30;V
20/12/2000;0,30;V
21/12/2000;0,30;V
22/12/2000;0,28;V
23/12/2000;0,28;V
24/12/2000;0,28;V
25/12/2000;0,55;V
26/12/2000;1,03;V
27/12/2000;0,86;V
28/12/2000;0,92;V
29/12/2000;0,66;V
30/12/2000;0,64;V
31/12/2000;0,56;V
01/01/2002;0,28;P
02/01/2002;0,26;P
03/01/2002;0,26;P
04/01/2002;0,25;P
05/01/2002;0,25;P
06/01/2002;0,25;P
07/01/2002;0,25;P
08/01/2002;0,25;P
09/01/2002;0,25;P
10/01/2002;0,25;P
11/01/2002;0,25;P
12/01/2002;0,25;P
13/01/2002;0,24;P
14/01/2002;0,24;P
15/01/2002;0,24;P
16/01/2002;0,24;P
17/01/2002;0,24;P
18/01/2002;0,23;P
19/01/2002;0,24;P
20/01/2002;0,24;P
21/01/2002;0,24;P
22/01/2002;0,24;P
23/01/2002;0,24;P
24/01/2002;0,25;P
25/01/2002;0,34;P
26/01/2002;0,29;P
27/01/2002;0,27;P
28/01/2002;0,26;P
29/01/2002;0,26;P
30/01/2002;0,25;P
31/01/2002;0,25;P
01/02/2002;0,25;P
02/02/2002;0,24;P
03/02/2002;0,24;P
04/02/2002;0,24;P
05/02/2002;0,24;P
06/02/2002;0,25;P
07/02/2002;0,28;P
08/02/2002;0,28;P
09/02/2002;0,27;P
10/02/2002;0,26;P
11/02/2002;0,26;P
12/02/2002;0,26;P
13/02/2002;0,28;P
14/02/2002;0,27;P
15/02/2002;0,28;P
16/02/2002;0,35;P
17/02/2002;0,32;P
18/02/2002;0,45;P
19/02/2002;0,38;P
20/02/2002;0,34;P
21/02/2002;0,67;P
22/02/2002;0,50;P
23/02/2002;0,41;P
24/02/2002;0,37;P
25/02/2002;0,34;P
26/02/2002;0,34;P
27/02/2002;0,32;P
28/02/2002;0,31;P
01/03/2002;0,31;P
02/03/2002;0,30;P
03/03/2002;0,29;P
04/03/2002;0,29;P
05/03/2002;0,31;P
06/03/2002;0,31;P
07/03/2002;0,29;P
08/03/2002;0,28;P
09/03/2002;0,27;P
10/03/2002;0,27;P
11/03/2002;0,26;P
12/03/2002;0,26;P
13/03/2002;0,26;P
14/03/2002;0,26;P
15/03/2002;0,26;P
16/03/2002;0,26;P
17/03/2002;0,27;P
18/03/2002;0,27;P
19/03/2002;0,27;P
20/03/2002;0,27;P
21/03/2002;0,26;P
22/03/2002;0,26;P
23/03/2002;0,25;P
24/03/2002;0,25;P
25/03/2002;0,25;P
26/03/2002;0,25;P
27/03/2002;0,25;P
28/03/2002;0,25;P
29/03/2002;0,25;P
30/03/2002;0,25;P
31/03/2002;0,26;P
01/04/2002;0,25;P
02/04/2002;0,25;P
03/04/2002;0,25;P
04/04/2002;0,25;P
05/04/2002;0,25;P
06/04/2002;0,25;P
07/04/2002;0,24;P
08/04/2002;0,22;P
09/04/2002;0,23;P
10/04/2002;0,24;P
11/04/2002;0,23;P
12/04/2002;0,32;P
13/04/2002;0,31;P
14/04/2002;0,30;P
15/04/2002;0,27;P
16/04/2002;0,26;P
17/04/2002;0,27;P
18/04/2002;0,27;P
19/04/2002;0,25;P
20/04/2002;0,25;P
21/04/2002;0,28;P
22/04/2002;0,24;P
23/04/2002;0,24;P
24/04/2002;0,26;P
25/04/2002;0,25;P
26/04/2002;0,25;P
27/04/2002;0,26;P
28/04/2002;0,26;P
29/04/2002;0,25;P
30/04/2002;0,24;P
01/05/2002;0,24;P
02/05/2002;0,25;P
03/05/2002;0,25;P
04/05/2002;0,39;P
05/05/2002;0,40;P
06/05/2002;0,35;P
07/05/2002;0,31;P
08/05/2002;0,31;P
09/05/2002;0,52;P
10/05/2002;0,45;P
11/05/2002;0,37;P
12/05/2002;0,33;P
13/05/2002;0,31;P
14/05/2002;0,30;P
15/05/2002;0,29;P
16/05/2002;0,28;P
17/05/2002;0,27;P
18/05/2002;0,27;P
19/05/2002;0,27;P
20/05/2002;0,27;P
21/05/2002;0,26;P
22/05/2002;0,26;P
23/05/2002;0,26;P
24/05/2002;0,27;P
25/05/2002;0,26;P
26/05/2002;0,25;P
27/05/2002;0,27;P
28/05/2002;0,50;P
29/05/2002;0,38;P
30/05/2002;0,32;P
31/05/2002;0,29;P
01/06/2002;0,27;P
02/06/2002;0,27;P
03/06/2002;0,26;P
04/06/2002;0,26;P
05/06/2002;0,26;P
06/06/2002;0,26;P
07/06/2002;0,30;P
08/06/2002;0,27;P
09/06/2002;0,35;P
10/06/2002;0,42;P
11/06/2002;0,33;P
12/06/2002;0,32;P
13/06/2002;0,30;P
14/06/2002;0,27;P
15/06/2002;0,26;P
16/06/2002;0,26;P
17/06/2002;0,26;P
18/06/2002;0,25;P
19/06/2002;0,24;P
20/06/2002;0,24;P
21/06/2002;0,24;P
22/06/2002;0,24;P
23/06/2002;0,23;P
24/06/2002;0,23;P
25/06/2002;0,23;P
26/06/2002;0,24;P
27/06/2002;0,23;P
28/06/2002;0,23;P
29/06/2002;0,22;P
30/06/2002;0,22;P
01/07/2002;0,22;P
02/07/2002;0,22;P
03/07/2002;0,22;P
04/07/2002;0,21;P
05/07/2002;0,21;P
06/07/2002;0,21;P
07/07/2002;0,21;P
08/07/2002;0,21;P
09/07/2002;0,21;P
10/07/2002;0,21;P
11/07/2002;0,21;P
12/07/2002;0,20;P
13/07/2002;0,20;P
14/07/2002;0,20;P
15/07/2002;0,22;P
16/07/2002;0,27;P
17/07/2002;0,26;P
18/07/2002;0,23;P
19/07/2002;0,22;P
20/07/2002;0,22;P
21/07/2002;0,22;P
22/07/2002;0,21;P
23/07/2002;0,21;P
24/07/2002;0,21;P
25/07/2002;0,21;P
26/07/2002;0,20;P
27/07/2002;0,20;P
28/07/2002;0,20;P
29/07/2002;0,20;P
30/07/2002;0,21;P
31/07/2002;0,21;P
01/08/2002;0,24;P
02/08/2002;0,23;P
03/08/2002;0,22;P
04/08/2002;0,22;P
05/08/2002;0,21;P
06/08/2002;0,25;P
07/08/2002;0,36;P
08/08/2002;0,25;P
09/08/2002;0,24;P
10/08/2002;0,46;P
11/08/2002;0,66;P
12/08/2002;0,44;P
13/08/2002;0,32;P
14/08/2002;0,27;P
15/08/2002;0,26;P
16/08/2002;0,25;P
17/08/2002;0,24;P
18/08/2002;0,24;P
19/08/2002;0,24;P
20/08/2002;0,23;P
21/08/2002;0,23;P
22/08/2002;0,23;P
23/08/2002;0,24;P
24/08/2002;0,28;P
25/08/2002;0,25;P
26/08/2002;0,27;P
27/08/2002;0,28;P
28/08/2002;0,29;P
29/08/2002;0,28;P
30/08/2002;0,25;P
31/08/2002;0,24;P
01/09/2002;0,24;P
02/09/2002;0,23;P
03/09/2002;0,24;P
04/09/2002;0,24;P
05/09/2002;0,25;P
06/09/2002;0,24;P
07/09/2002;0,25;P
08/09/2002;0,24;P
09/09/2002;0,23;P
10/09/2002;0,23;P
11/09/2002;0,23;P
12/09/2002;0,24;P
13/09/2002;0,23;P
14/09/2002;0,25;P
15/09/2002;0,23;P
16/09/2002;0,23;P
17/09/2002;0,23;P
18/09/2002;0,22;P
19/09/2002;0,22;P
20/09/2002;0,23;P
21/09/2002;0,23;P
22/09/2002;0,32;P
23/09/2002;0,36;P
24/09/2002;0,29;P
25/09/2002;0,27;P
26/09/2002;0,24;P
27/09/2002;0,24;P
28/09/2002;0,25;P
29/09/2002;0,23;P
30/09/2002;0,22;P
01/10/2002;0,22;P
02/10/2002;0,22;P
03/10/2002;0,22;P
04/10/2002;0,22;P
05/10/2002;0,22;P
06/10/2002;0,22;P
07/10/2002;0,22;P
08/10/2002;0,22;P
09/10/2002;0,23;P
10/10/2002;0,34;P
11/10/2002;0,41;P
12/10/2002;0,33;P
13/10/2002;0,30;P
14/10/2002;0,28;P
15/10/2002;0,27;P
16/10/2002;0,26;P
17/10/2002;0,28;P
18/10/2002;0,45;P
19/10/2002;0,35;P
20/10/2002;0,31;P
21/10/2002;0,30;P
22/10/2002;0,49;P
23/10/2002;0,39;P
24/10/2002;0,33;P
25/10/2002;0,32;P
26/10/2002;0,30;P
27/10/2002;0,30;P
28/10/2002;0,28;P
29/10/2002;0,28;P
30/10/2002;0,28;P
31/10/2002;0,28;P
01/11/2002;0,28;P
02/11/2002;0,29;P
03/11/2002;0,28;P
04/11/2002;0,30;P
05/11/2002;0,28;P
06/11/2002;0,26;P
07/11/2002;0,26;P
08/11/2002;0,28;P
09/11/2002;0,27;P
10/11/2002;0,26;P
11/11/2002;0,26;P
12/11/2002;0,25;P
13/11/2002;0,25;P
14/11/2002;0,25;P
15/11/2002;0,25;P
16/11/2002;0,26;P
17/11/2002;0,28;P
18/11/2002;0,55;P
19/11/2002;0,44;P
20/11/2002;0,37;P
21/11/2002;0,36;P
22/11/2002;0,48;P
23/11/2002;0,41;P
24/11/2002;0,37;P
25/11/2002;0,34;P
26/11/2002;0,33;P
27/11/2002;0,32;P
28/11/2002;0,31;P
29/11/2002;0,39;P
30/11/2002;0,59;P
01/12/2002;0,49;P
02/12/2002;0,41;P
03/12/2002;0,40;P
04/12/2002;0,38;P
05/12/2002;0,39;P
06/12/2002;0,39;P
07/12/2002;0,36;P
08/12/2002;0,34;P
09/12/2002;0,33;P
10/12/2002;0,32;P
11/12/2002;0,32;P
12/12/2002;0,33;P
13/12/2002;0,51;P
14/12/2002;0,41;P
15/12/2002;0,46;P
16/12/2002;0,53;P
17/12/2002;0,44;P
18/12/2002;0,58;P
19/12/2002;0,51;P
20/12/2002;0,43;P
21/12/2002;0,41;P
22/12/2002;0,39;P
23/12/2002;0,39;P
24/12/2002;0,39;P
25/12/2002;0,69;P
26/12/2002;0,51;P
27/12/2002;0,45;P
28/12/2002;0,74;P
29/12/2002;0,70;P
30/12/2002;0,53;P
31/12/2002;0,61;P
01/01/2004;0,41;P
02/01/2004;0,38;P
03/01/2004;0,35;P
04/01/2004;0,33;P
05/01/2004;0,32;P
06/01/2004;0,33;P
07/01/2004;0,33;P
08/01/2004;0,31;P
09/01/2004;0,31;P
10/01/2004;0,31;P
11/01/2004;0,31;P
12/01/2004;0,32;P
13/01/2004;0,32;P
14/01/2004;0,31;P
15/01/2004;0,30;P
16/01/2004;0,32;P
17/01/2004;0,35;P
18/01/2004;0,68;P
19/01/2004;0,67;P
20/01/2004;0,50;P
21/01/2004;0,44;P
22/01/2004;0,40;P
23/01/2004;0,37;P
24/01/2004;0,36;P
25/01/2004;0,35;P
26/01/2004;0,35;P
27/01/2004;0,40;P
28/01/2004;0,47;P
29/01/2004;0,42;P
30/01/2004;0,43;P
31/01/2004;0,41;P
01/02/2004;0,43;P
02/02/2004;0,45;P
03/02/2004;0,45;P
04/02/2004;0,41;P
05/02/2004;0,39;P
06/02/2004;0,37;P
07/02/2004;0,37;P
08/02/2004;0,36;P
09/02/2004;0,34;P
10/02/2004;0,33;P
11/02/2004;0,33;P
12/02/2004;0,32;P
13/02/2004;0,32;P
14/02/2004;0,32;P
15/02/2004;0,31;P
16/02/2004;0,32;P
17/02/2004;0,31;P
18/02/2004;0,30;P
19/02/2004;0,45;P
20/02/2004;0,50;P
21/02/2004;0,44;P
22/02/2004;0,54;P
23/02/2004;0,85;P
24/02/2004;0,58;P
25/02/2004;0,50;P
26/02/2004;0,60;P
27/02/2004;0,57;P
28/02/2004;0,72;P
29/02/2004;0,69;P
01/03/2004;0,59;P
02/03/2004;0,52;P
03/03/2004;0,47;P
04/03/2004;0,45;P
05/03/2004;0,44;P
06/03/2004;0,44;P
07/03/2004;0,55;P
08/03/2004;0,51;P
09/03/2004;0,46;P
10/03/2004;0,43;P
11/03/2004;0,43;P
12/03/2004;0,45;P
13/03/2004;0,42;P
14/03/2004;0,40;P
15/03/2004;0,39;P
16/03/2004;0,37;P
17/03/2004;0,36;P
18/03/2004;0,36;P
19/03/2004;0,36;P
20/03/2004;0,35;P
21/03/2004;0,35;P
22/03/2004;0,34;P
23/03/2004;0,35;P
24/03/2004;0,36;P
25/03/2004;0,71;P
26/03/2004;0,52;P
27/03/2004;0,46;P
28/03/2004;0,42;P
29/03/2004;0,40;P
30/03/2004;0,39;P
31/03/2004;0,40;P
01/04/2004;0,39;P
02/04/2004;0,37;P
03/04/2004;0,36;P
04/04/2004;0,35;P
05/04/2004;0,35;P
06/04/2004;0,35;P
07/04/2004;0,35;P
08/04/2004;0,35;P
09/04/2004;0,36;P
10/04/2004;0,35;P
11/04/2004;0,33;P
12/04/2004;0,35;P
13/04/2004;0,38;P
14/04/2004;0,36;P
15/04/2004;0,36;P
16/04/2004;0,39;P
17/04/2004;0,61;P
18/04/2004;0,55;P
19/04/2004;0,69;P
20/04/2004;0,77;P
21/04/2004;0,56;P
22/04/2004;0,49;P
23/04/2004;0,45;P
24/04/2004;0,44;P
25/04/2004;0,46;P
26/04/2004;0,42;P
27/04/2004;0,40;P
28/04/2004;0,39;P
29/04/2004;0,40;P
30/04/2004;0,40;P
01/05/2004;0,39;P
02/05/2004;0,37;P
03/05/2004;0,36;P
04/05/2004;0,43;P
05/05/2004;0,51;P
06/05/2004;0,82;P
07/05/2004;0,69;P
08/05/2004;0,71;P
09/05/2004;0,54;P
10/05/2004;0,48;P
11/05/2004;0,44;P
12/05/2004;0,43;P
13/05/2004;0,42;P
14/05/2004;0,40;P
15/05/2004;0,39;P
16/05/2004;0,39;P
17/05/2004;0,37;P
18/05/2004;0,35;P
19/05/2004;0,35;P
20/05/2004;0,34;P
21/05/2004;0,34;P
22/05/2004;0,34;P
23/05/2004;0,33;P
24/05/2004;0,32;P
25/05/2004;0,32;P
26/05/2004;0,31;P
27/05/2004;0,31;P
28/05/2004;0,30;P
29/05/2004;0,30;P
30/05/2004;0,30;P
31/05/2004;0,30;P
01/06/2004;0,32;P
02/06/2004;0,31;P
03/06/2004;0,33;P
04/06/2004;0,31;P
05/06/2004;0,30;P
06/06/2004;0,32;P
07/06/2004;0,30;P
08/06/2004;0,29;P
09/06/2004;0,29;P
10/06/2004;0,29;P
11/06/2004;0,28;P
12/06/2004;0,28;P
13/06/2004;0,28;P
14/06/2004;0,27;P
15/06/2004;0,28;P
16/06/2004;0,28;P
17/06/2004;0,28;P
18/06/2004;0,28;P
19/06/2004;0,27;P
20/06/2004;0,27;P
21/06/2004;0,27;P
22/06/2004;0,26;P
23/06/2004;0,26;P
24/06/2004;0,26;P
25/06/2004;0,25;P
26/06/2004;0,25;P
27/06/2004;0,25;P
28/06/2004;0,25;P
29/06/2004;0,25;P
30/06/2004;0,25;P
01/07/2004;0,25;P
02/07/2004;0,24;P
03/07/2004;0,24;P
04/07/2004;0,24;P
05/07/2004;0,24;P
06/07/2004;0,24;P
07/07/2004;0,23;P
08/07/2004;0,24;P
09/07/2004;0,23;P
10/07/2004;0,22;P
11/07/2004;0,21;P
12/07/2004;0,21;P
13/07/2004;0,23;P
14/07/2004;0,23;P
15/07/2004;0,22;P
16/07/2004;0,22;P
17/07/2004;0,21;P
18/07/2004;0,21;P
19/07/2004;0,20;P
20/07/2004;0,20;P
21/07/2004;0,20;P
22/07/2004;0,20;P
23/07/2004;0,19;P
24/07/2004;0,15;P
25/07/2004;0,16;P
26/07/2004;0,17;P
27/07/2004;0,13;P
28/07/2004;0,08;P
29/07/2004;0,06;P
30/07/2004;0,04;P
31/07/2004;0,00;@
01/08/2004;-0,03;P
02/08/2004;-0,07;P
03/08/2004;-0,10;P
04/08/2004;-0,13;P
05/08/2004;0,06;P
06/08/2004;0,29;P
07/08/2004;0,23;P
08/08/2004;0,22;P
09/08/2004;0,22;P
10/08/2004;0,21;P
11/08/2004;0,21;P
12/08/2004;0,21;P
13/08/2004;0,21;P
14/08/2004;0,20;P
15/08/2004;0,20;P
16/08/2004;0,19;P
17/08/2004;0,19;P
18/08/2004;0,18;P
19/08/2004;0,19;P
20/08/2004;0,17;P
21/08/2004;0,12;P
22/08/2004;0,08;P
23/08/2004;0,03;P
24/08/2004;-0,01;P
25/08/2004;-0,04;P
26/08/2004;0,05;P
27/08/2004;0,20;P
28/08/2004;0,20;P
29/08/2004;0,17;P
30/08/2004;0,15;P
31/08/2004;0,12;P
01/09/2004;0,08;P
02/09/2004;0,04;P
03/09/2004;0,00;@
04/09/2004;-0,04;P
05/09/2004;-0,09;P
06/09/2004;-0,13;P
07/09/2004;-0,16;P
08/09/2004;-0,17;P
09/09/2004;-0,20;P
10/09/2004;-0,23;P
11/09/2004;-0,26;P
12/09/2004;-0,29;P
13/09/2004;-0,33;P
14/09/2004;-0,26;P
15/09/2004;0,23;P
16/09/2004;0,25;P
17/09/2004;0,24;P
18/09/2004;0,21;P
19/09/2004;0,20;P
20/09/2004;0,20;P
21/09/2004;0,21;P
22/09/2004;0,21;P
23/09/2004;0,22;P
24/09/2004;0,22;P
25/09/2004;0,25;P
26/09/2004;0,22;P
27/09/2004;0,22;P
28/09/2004;0,21;P
29/09/2004;0,21;P
30/09/2004;0,21;P
01/10/2004;0,21;P
02/10/2004;0,20;P
03/10/2004;0,20;P
04/10/2004;0,20;P
05/10/2004;0,20;P
06/10/2004;0,19;P
07/10/2004;0,19;P
08/10/2004;0,20;P
09/10/2004;0,20;P
10/10/2004;0,23;P
11/10/2004;0,29;P
12/10/2004;0,25;P
13/10/2004;0,23;P
14/10/2004;0,22;P
15/10/2004;0,31;P
16/10/2004;0,31;P
17/10/2004;0,35;P
18/10/2004;0,25;P
19/10/2004;0,24;P
20/10/2004;0,23;P
21/10/2004;0,23;P
22/10/2004;0,23;P
23/10/2004;0,22;P
24/10/2004;0,22;P
25/10/2004;0,22;P
26/10/2004;0,22;P
27/10/2004;0,22;P
28/10/2004;0,22;P
29/10/2004;0,27;P
30/10/2004;0,37;P
31/10/2004;0,30;P
01/11/2004;0,27;P
02/11/2004;0,26;P
03/11/2004;0,25;P
04/11/2004;0,25;P
05/11/2004;0,24;P
06/11/2004;0,24;P
07/11/2004;0,23;P
08/11/2004;0,22;P
09/11/2004;0,23;P
10/11/2004;0,34;P
11/11/2004;0,33;P
12/11/2004;0,31;P
13/11/2004;0,27;P
14/11/2004;0,25;P
15/11/2004;0,24;P
16/11/2004;0,24;P
17/11/2004;0,24;P
18/11/2004;0,24;P
19/11/2004;0,24;P
20/11/2004;0,23;P
21/11/2004;0,23;P
22/11/2004;0,24;P
23/11/2004;0,24;P
24/11/2004;0,24;P
25/11/2004;0,24;P
26/11/2004;0,24;P
27/11/2004;0,25;P
28/11/2004;0,24;P
29/11/2004;0,24;P
30/11/2004;0,30;P
01/12/2004;0,30;P
02/12/2004;0,34;P
03/12/2004;0,59;P
04/12/2004;0,63;P
05/12/2004;0,96;P
06/12/2004;0,64;P
07/12/2004;0,45;P
08/12/2004;0,39;P
09/12/2004;0,36;P
10/12/2004;0,34;P
11/12/2004;0,32;P
12/12/2004;0,31;P
13/12/2004;0,30;P
14/12/2004;0,30;P
15/12/2004;0,29;P
16/12/2004;0,29;P
17/12/2004;0,29;P
18/12/2004;0,30;P
19/12/2004;0,29;P
20/12/2004;0,31;P
21/12/2004;0,30;P
22/12/2004;0,29;P
23/12/2004;0,28;P
24/12/2004;0,29;P
25/12/2004;0,28;P
26/12/2004;0,42;P
27/12/2004;0,53;P
28/12/2004;0,44;P
29/12/2004;0,49;P
30/12/2004;0,40;P
31/12/2004;0,37;P
01/01/2005;0,35;P
02/01/2005;0,34;P
03/01/2005;0,33;P
04/01/2005;0,32;P
05/01/2005;0,31;P
06/01/2005;0,31;P
07/01/2005;0,30;P
08/01/2005;0,32;P
09/01/2005;0,30;P
10/01/2005;0,30;P
11/01/2005;0,29;P
12/01/2005;0,29;P
13/01/2005;0,29;P
14/01/2005;0,29;P
15/01/2005;0,29;P
16/01/2005;0,29;P
17/01/2005;0,28;P
18/01/2005;0,29;P
19/01/2005;0,35;P
20/01/2005;0,32;P
21/01/2005;0,31;P
22/01/2005;0,30;P
23/01/2005;0,29;P
24/01/2005;0,30;P
25/01/2005;0,29;P
26/01/2005;0,29;P
27/01/2005;0,29;P
28/01/2005;0,28;P
29/01/2005;0,28;P
30/01/2005;0,27;P
31/01/2005;0,27;P
01/02/2005;0,27;P
02/02/2005;0,27;P
03/02/2005;0,27;P
04/02/2005;0,27;P
05/02/2005;0,26;P
06/02/2005;0,26;P
07/02/2005;0,26;P
08/02/2005;0,26;P
09/02/2005;0,27;P
10/02/2005;0,27;P
11/02/2005;0,27;P
12/02/2005;0,27;P
13/02/2005;0,27;P
14/02/2005;0,27;P
15/02/2005;0,26;P
16/02/2005;0,27;P
17/02/2005;0,27;P
18/02/2005;0,26;P
19/02/2005;0,26;P
20/02/2005;0,27;P
21/02/2005;0,29;P
22/02/2005;0,37;P
23/02/2005;0,42;P
24/02/2005;0,46;P
25/02/2005;0,53;P
26/02/2005;0,49;P
27/02/2005;0,43;P
28/02/2005;0,40;P
01/03/2005;0,37;P
02/03/2005;0,35;P
03/03/2005;0,35;P
04/03/2005;0,39;P
05/03/2005;0,38;P
06/03/2005;0,38;P
07/03/2005;0,37;P
08/03/2005;0,35;P
09/03/2005;0,35;P
10/03/2005;0,35;P
11/03/2005;0,37;P
12/03/2005;0,38;P
13/03/2005;0,40;P
14/03/2005;0,39;P
15/03/2005;0,37;P
16/03/2005;0,36;P
17/03/2005;0,35;P
18/03/2005;0,34;P
19/03/2005;0,33;P
20/03/2005;0,33;P
21/03/2005;0,32;P
22/03/2005;0,32;P
23/03/2005;0,31;P
24/03/2005;0,31;P
25/03/2005;0,34;P
26/03/2005;0,33;P
27/03/2005;0,36;P
28/03/2005;0,52;P
29/03/2005;0,47;P
30/03/2005;0,41;P
31/03/2005;0,39;P
01/04/2005;0,37;P
02/04/2005;0,35;P
03/04/2005;0,35;P
04/04/2005;0,34;P
05/04/2005;0,33;P
06/04/2005;0,32;P
07/04/2005;0,32;P
08/04/2005;0,33;P
09/04/2005;0,34;P
10/04/2005;0,40;P
11/04/2005;0,50;P
12/04/2005;0,41;P
13/04/2005;0,37;P
14/04/2005;0,36;P
15/04/2005;0,35;P
16/04/2005;0,39;P
17/04/2005;0,42;P
18/04/2005;0,39;P
19/04/2005;0,41;P
20/04/2005;0,39;P
21/04/2005;0,37;P
22/04/2005;0,38;P
23/04/2005;0,37;P
24/04/2005;0,37;P
25/04/2005;0,36;P
26/04/2005;0,34;P
27/04/2005;0,33;P
28/04/2005;0,33;P
29/04/2005;0,32;P
30/04/2005;0,32;P
01/05/2005;0,32;P
02/05/2005;0,31;P
03/05/2005;0,31;P
04/05/2005;0,31;P
05/05/2005;0,31;P
06/05/2005;0,31;P
07/05/2005;0,30;P
08/05/2005;0,30;P
09/05/2005;0,30;P
10/05/2005;0,30;P
11/05/2005;0,30;P
12/05/2005;0,29;P
13/05/2005;0,29;P
14/05/2005;0,29;P
15/05/2005;0,28;P
16/05/2005;0,28;P
17/05/2005;0,29;P
18/05/2005;0,34;P
19/05/2005;0,30;P
20/05/2005;0,28;P
21/05/2005;0,27;P
22/05/2005;0,27;P
23/05/2005;0,27;P
24/05/2005;0,27;P
25/05/2005;0,27;P
26/05/2005;0,27;P
27/05/2005;0,27;P
28/05/2005;0,27;P
29/05/2005;0,27;P
30/05/2005;0,26;P
31/05/2005;0,26;P
01/06/2005;0,26;P
02/06/2005;0,26;P
03/06/2005;0,26;P
04/06/2005;0,26;P
05/06/2005;0,26;P
06/06/2005;0,25;P
07/06/2005;0,25;P
08/06/2005;0,24;P
09/06/2005;0,24;P
10/06/2005;0,24;P
11/06/2005;0,25;P
12/06/2005;0,25;P
13/06/2005;0,25;P
14/06/2005;0,26;P
15/06/2005;0,33;P
16/06/2005;0,29;P
17/06/2005;0,25;P
18/06/2005;0,25;P
19/06/2005;0,25;P
20/06/2005;0,24;P
21/06/2005;0,24;P
22/06/2005;0,23;P
23/06/2005;0,23;P
24/06/2005;0,23;P
25/06/2005;0,23;P
26/06/2005;0,23;P
27/06/2005;0,23;P
28/06/2005;0,22;P
29/06/2005;0,22;P
30/06/2005;0,21;P
01/07/2005;;@
02/07/2005;;@
03/07/2005;;@
04/07/2005;;@
05/07/2005;;@
06/07/2005;;@
07/07/2005;;@
08/07/2005;;@
09/07/2005;;@
10/07/2005;;@
11/07/2005;;@
12/07/2005;;@
13/07/2005;;@
14/07/2005;;@
15/07/2005;;@
16/07/2005;;@
17/07/2005;;@
18/07/2005;;@
19/07/2005;;@
20/07/2005;;@
21/07/2005;;@
22/07/2005;;@
23/07/2005;;@
24/07/2005;;@
25/07/2005;;@
26/07/2005;;@
27/07/2005;;@
28/07/2005;;@
29/07/2005;;@
30/07/2005;;@
31/07/2005;;@
01/08/2005;;@
02/08/2005;;@
03/08/2005;;@
04/08/2005;;@
05/08/2005;;@
06/08/2005;;@
07/08/2005;;@
08/08/2005;;@
09/08/2005;;@
10/08/2005;;@
11/08/2005;;@
12/08/2005;;@
13/08/2005;0,27;P
14/08/2005;0,23;P
15/08/2005;0,22;P
16/08/2005;0,21;P
17/08/2005;0,21;P
18/08/2005;0,21;P
19/08/2005;0,21;P
20/08/2005;0,18;P
21/08/2005;0,21;P
22/08/2005;0,23;P
23/08/2005;0,23;P
24/08/2005;0,22;P
25/08/2005;0,22;P
26/08/2005;0,22;P
27/08/2005;0,22;P
28/08/2005;0,25;P
29/08/2005;0,25;P
30/08/2005;0,26;P
31/08/2005;0,24;P
01/09/2005;0,23;P
02/09/2005;0,22;P
03/09/2005;0,22;P
04/09/2005;0,21;P
05/09/2005;0,21;P
06/09/2005;0,20;P
07/09/2005;0,20;P
08/09/2005;0,20;P
09/09/2005;0,40;P
10/09/2005;0,45;P
11/09/2005;0,31;P
12/09/2005;0,27;P
13/09/2005;0,25;P
14/09/2005;0,25;P
15/09/2005;0,24;P
16/09/2005;0,24;P
17/09/2005;0,24;P
18/09/2005;0,44;P
19/09/2005;0,35;P
20/09/2005;0,32;P
21/09/2005;0,29;P
22/09/2005;0,28;P
23/09/2005;0,26;P
24/09/2005;0,25;P
25/09/2005;0,24;P
26/09/2005;0,24;P
27/09/2005;0,24;P
28/09/2005;0,24;P
29/09/2005;0,24;P
30/09/2005;0,23;P
01/10/2005;0,23;P
02/10/2005;0,39;P
03/10/2005;0,53;P
04/10/2005;0,36;P
05/10/2005;0,55;P
06/10/2005;0,42;P
07/10/2005;0,36;P
08/10/2005;0,41;P
09/10/2005;0,46;P
10/10/2005;0,38;P
11/10/2005;0,35;P
12/10/2005;0,32;P
13/10/2005;0,31;P
14/10/2005;0,30;P
15/10/2005;0,29;P
16/10/2005;0,28;P
17/10/2005;0,28;P
18/10/2005;0,27;P
19/10/2005;0,28;P
20/10/2005;0,56;P
21/10/2005;0,73;P
22/10/2005;0,69;P
23/10/2005;0,46;P
24/10/2005;0,40;P
25/10/2005;0,37;P
26/10/2005;0,35;P
27/10/2005;0,33;P
28/10/2005;0,32;P
29/10/2005;0,31;P
30/10/2005;0,31;P
31/10/2005;0,31;P
01/11/2005;0,31;P
02/11/2005;0,31;P
03/11/2005;0,30;P
04/11/2005;0,29;P
05/11/2005;0,29;P
06/11/2005;1,12;P
07/11/2005;0,70;P
08/11/2005;0,51;P
09/11/2005;0,44;P
10/11/2005;0,41;P
11/11/2005;0,39;P
12/11/2005;0,37;P
13/11/2005;0,36;P
14/11/2005;0,35;P
15/11/2005;0,52;P
16/11/2005;0,58;P
17/11/2005;0,48;P
18/11/2005;0,41;P
19/11/2005;0,38;P
20/11/2005;0,37;P
21/11/2005;0,36;P
22/11/2005;0,36;P
23/11/2005;0,35;P
24/11/2005;0,34;P
25/11/2005;0,39;P
26/11/2005;1,24;P
27/11/2005;1,12;P
28/11/2005;0,91;P
29/11/2005;0,72;P
30/11/2005;0,81;P
01/12/2005;0,68;P
02/12/2005;0,58;P
03/12/2005;1,15;P
04/12/2005;0,79;P
05/12/2005;0,87;P
06/12/2005;0,94;P
07/12/2005;0,80;P
08/12/2005;0,65;P
09/12/2005;1,07;P
10/12/2005;0,76;P
11/12/2005;0,62;P
12/12/2005;0,60;P
13/12/2005;0,58;P
14/12/2005;0,54;P
15/12/2005;0,50;P
16/12/2005;0,48;P
17/12/2005;0,47;P
18/12/2005;0,45;P
19/12/2005;0,43;P
20/12/2005;0,42;P
21/12/2005;0,41;P
22/12/2005;0,40;P
23/12/2005;0,39;P
24/12/2005;0,39;P
25/12/2005;0,39;P
26/12/2005;0,40;P
27/12/2005;0,43;P
28/12/2005;0,41;P
29/12/2005;0,41;P
30/12/2005;0,40;P
31/12/2005;0,42;P
01/01/2006;0,81;P
02/01/2006;0,79;P
03/01/2006;0,61;P
04/01/2006;0,54;P
05/01/2006;0,50;P
06/01/2006;0,48;P
07/01/2006;0,46;P
08/01/2006;0,44;P
09/01/2006;0,42;P
10/01/2006;0,41;P
11/01/2006;0,40;P
12/01/2006;0,39;P
13/01/2006;0,38;P
14/01/2006;0,38;P
15/01/2006;0,37;P
16/01/2006;0,37;P
17/01/2006;0,37;P
18/01/2006;0,42;P
19/01/2006;0,41;P
20/01/2006;0,38;P
21/01/2006;0,37;P
22/01/2006;0,36;P
23/01/2006;0,36;P
24/01/2006;0,35;P
25/01/2006;0,34;P
26/01/2006;0,35;P
27/01/2006;0,35;P
28/01/2006;0,34;P
29/01/2006;0,35;P
30/01/2006;0,35;P
31/01/2006;0,34;P
01/02/2006;0,33;P
02/02/2006;0,33;P
03/02/2006;0,33;P
04/02/2006;0,32;P
05/02/2006;0,32;P
06/02/2006;0,31;P
07/02/2006;0,32;P
08/02/2006;0,33;P
09/02/2006;0,32;P
10/02/2006;0,31;P
11/02/2006;0,31;P
12/02/2006;0,31;P
13/02/2006;0,30;P
14/02/2006;0,30;P
15/02/2006;0,31;P
16/02/2006;0,33;P
17/02/2006;0,34;P
18/02/2006;0,32;P
19/02/2006;0,31;P
20/02/2006;0,49;P
21/02/2006;0,44;P
22/02/2006;0,54;P
23/02/2006;0,52;P
24/02/2006;0,45;P
25/02/2006;0,43;P
26/02/2006;0,41;P
27/02/2006;0,41;P
28/02/2006;0,39;P
01/03/2006;0,39;P
02/03/2006;0,40;P
03/03/2006;0,41;P
04/03/2006;0,40;P
05/03/2006;0,59;P
06/03/2006;0,59;P
07/03/2006;0,48;P
08/03/2006;0,44;P
09/03/2006;0,44;P
10/03/2006;0,42;P
11/03/2006;0,40;P
12/03/2006;0,39;P
13/03/2006;0,38;P
14/03/2006;0,37;P
15/03/2006;0,37;P
16/03/2006;0,38;P
17/03/2006;0,37;P
18/03/2006;0,36;P
19/03/2006;0,36;P
20/03/2006;0,36;P
21/03/2006;0,36;P
22/03/2006;0,38;P
23/03/2006;0,38;P
24/03/2006;0,39;P
25/03/2006;0,39;P
26/03/2006;0,36;P
27/03/2006;0,36;P
28/03/2006;0,36;P
29/03/2006;0,35;P
30/03/2006;0,35;P
31/03/2006;0,34;P
01/04/2006;0,34;P
02/04/2006;0,34;P
03/04/2006;0,33;P
04/04/2006;0,33;P
05/04/2006;0,33;P
06/04/2006;0,33;P
07/04/2006;0,32;P
08/04/2006;0,32;P
09/04/2006;0,31;P
10/04/2006;0,32;P
11/04/2006;0,31;P
12/04/2006;0,31;P
13/04/2006;0,30;P
14/04/2006;0,30;P
15/04/2006;0,30;P
16/04/2006;0,30;P
17/04/2006;0,30;P
18/04/2006;0,31;P
19/04/2006;0,30;P
20/04/2006;0,29;P
21/04/2006;0,30;P
22/04/2006;0,29;P
23/04/2006;0,29;P
24/04/2006;0,29;P
25/04/2006;0,29;P
26/04/2006;0,31;P
27/04/2006;0,35;P
28/04/2006;0,33;P
29/04/2006;0,35;P
30/04/2006;0,34;P
01/05/2006;0,32;P
02/05/2006;0,31;P
03/05/2006;0,30;P
04/05/2006;0,29;P
05/05/2006;0,29;P
06/05/2006;0,29;P
07/05/2006;0,29;P
08/05/2006;0,30;P
09/05/2006;0,37;P
10/05/2006;0,33;P
11/05/2006;0,34;P
12/05/2006;0,32;P
13/05/2006;0,30;P
14/05/2006;0,30;P
15/05/2006;0,29;P
16/05/2006;0,29;P
17/05/2006;0,30;P
18/05/2006;0,29;P
19/05/2006;0,28;P
20/05/2006;0,28;P
21/05/2006;0,27;P
22/05/2006;0,27;P
23/05/2006;0,28;P
24/05/2006;0,29;P
25/05/2006;0,28;P
26/05/2006;0,27;P
27/05/2006;0,27;P
28/05/2006;0,27;P
29/05/2006;0,27;P
30/05/2006;0,27;P
31/05/2006;0,28;P
01/06/2006;0,28;P
02/06/2006;0,27;P
03/06/2006;0,27;P
04/06/2006;0,27;P
05/06/2006;0,26;P
06/06/2006;0,26;P
07/06/2006;0,25;P
08/06/2006;0,25;P
09/06/2006;0,25;P
10/06/2006;0,25;P
11/06/2006;0,24;P
12/06/2006;0,24;P
13/06/2006;0,24;P
14/06/2006;0,24;P
15/06/2006;0,24;P
16/06/2006;0,24;P
17/06/2006;0,24;P
18/06/2006;0,23;P
19/06/2006;0,24;P
20/06/2006;0,23;P
21/06/2006;0,23;P
22/06/2006;0,23;P
23/06/2006;0,23;P
24/06/2006;0,23;P
25/06/2006;0,23;P
26/06/2006;0,22;P
27/06/2006;0,22;P
28/06/2006;0,22;P
29/06/2006;0,22;P
30/06/2006;0,22;P
01/07/2006;;@
02/07/2006;;@
03/07/2006;;@
04/07/2006;;@
05/07/2006;;@
06/07/2006;;@
07/07/2006;;@
08/07/2006;;@
09/07/2006;;@
10/07/2006;;@
11/07/2006;;@
12/07/2006;;@
13/07/2006;;@
14/07/2006;;@
15/07/2006;;@
16/07/2006;;@
17/07/2006;;@
18/07/2006;;@
19/07/2006;;@
20/07/2006;;@
21/07/2006;;@
22/07/2006;;@
23/07/2006;;@
24/07/2006;;@
25/07/2006;;@
26/07/2006;;@
27/07/2006;;@
28/07/2006;;@
29/07/2006;;@
30/07/2006;;@
31/07/2006;;@
01/08/2006;;@
02/08/2006;;@
03/08/2006;;@
04/08/2006;;@
05/08/2006;;@
06/08/2006;;@
07/08/2006;;@
08/08/2006;;@
09/08/2006;;@
10/08/2006;;@
11/08/2006;;@
12/08/2006;;@
13/08/2006;;@
14/08/2006;;@
15/08/2006;;@
16/08/2006;;@
17/08/2006;;@
18/08/2006;;@
19/08/2006;;@
20/08/2006;;@
21/08/2006;;@
22/08/2006;;@
23/08/2006;;@
24/08/2006;;@
25/08/2006;;@
26/08/2006;;@
27/08/2006;;@
28/08/2006;;@
29/08/2006;;@
30/08/2006;;@
31/08/2006;;@
01/09/2006;;@
02/09/2006;;@
03/09/2006;;@
04/09/2006;;@
05/09/2006;;@
06/09/2006;;@
07/09/2006;;@
08/09/2006;;@
09/09/2006;;@
10/09/2006;;@
11/09/2006;;@
12/09/2006;;@
13/09/2006;;@
14/09/2006;;@
15/09/2006;;@
16/09/2006;;@
17/09/2006;0,65;P
18/09/2006;0,36;P
19/09/2006;0,28;P
20/09/2006;0,25;P
21/09/2006;0,24;P
22/09/2006;0,23;P
23/09/2006;0,23;P
24/09/2006;0,23;P
25/09/2006;0,23;P
26/09/2006;0,23;P
27/09/2006;0,23;P
28/09/2006;0,23;P
29/09/2006;0,23;P
30/09/2006;0,23;P
01/10/2006;0,23;P
02/10/2006;0,23;P
03/10/2006;0,23;P
04/10/2006;0,22;P
05/10/2006;0,22;P
06/10/2006;0,22;P
07/10/2006;0,23;P
08/10/2006;0,25;P
09/10/2006;0,24;P
10/10/2006;0,23;P
11/10/2006;0,23;P
12/10/2006;0,23;P
13/10/2006;0,23;P
14/10/2006;0,23;P
15/10/2006;0,23;P
16/10/2006;0,23;P
17/10/2006;0,23;P
18/10/2006;0,23;P
19/10/2006;0,24;P
20/10/2006;0,30;P
21/10/2006;0,30;P
22/10/2006;0,32;P
23/10/2006;0,27;P
24/10/2006;0,26;P
25/10/2006;0,25;P
26/10/2006;0,25;P
27/10/2006;0,25;P
28/10/2006;0,25;P
29/10/2006;0,25;P
30/10/2006;0,25;P
31/10/2006;0,24;P
01/11/2006;0,26;P
02/11/2006;0,26;P
03/11/2006;0,24;P
04/11/2006;0,24;P
05/11/2006;0,25;P
06/11/2006;0,25;P
07/11/2006;0,25;P
08/11/2006;0,26;P
09/11/2006;0,26;P
10/11/2006;0,26;P
11/11/2006;0,25;P
12/11/2006;0,25;P
13/11/2006;0,25;P
14/11/2006;0,25;P
15/11/2006;0,26;P
16/11/2006;0,26;P
17/11/2006;0,25;P
18/11/2006;0,27;P
19/11/2006;0,30;P
20/11/2006;0,31;P
21/11/2006;0,35;P
22/11/2006;0,64;P
23/11/2006;0,40;P
24/11/2006;0,34;P
25/11/2006;0,31;P
26/11/2006;0,29;P
27/11/2006;0,29;P
28/11/2006;0,28;P
29/11/2006;0,28;P
30/11/2006;0,28;P
01/12/2006;0,27;P
02/12/2006;0,27;P
03/12/2006;0,27;P
04/12/2006;0,27;P
05/12/2006;0,27;P
06/12/2006;0,27;P
07/12/2006;0,34;P
08/12/2006;0,29;P
09/12/2006;0,75;P
10/12/2006;0,55;P
11/12/2006;0,41;P
12/12/2006;0,36;P
13/12/2006;0,34;P
14/12/2006;0,32;P
15/12/2006;0,31;P
16/12/2006;0,30;P
17/12/2006;0,30;P
18/12/2006;0,32;P
19/12/2006;0,32;P
20/12/2006;0,30;P
21/12/2006;0,29;P
22/12/2006;0,29;P
23/12/2006;0,29;P
24/12/2006;0,28;P
25/12/2006;0,28;P
26/12/2006;0,28;P
27/12/2006;0,28;P
28/12/2006;0,28;P
29/12/2006;0,28;P
30/12/2006;0,28;P
31/12/2006;0,28;P
01/01/2007;0,28;P
02/01/2007;0,27;P
03/01/2007;0,27;P
04/01/2007;0,27;P
05/01/2007;0,27;P
06/01/2007;0,27;P
07/01/2007;0,27;P
08/01/2007;0,28;P
09/01/2007;0,28;P
10/01/2007;0,27;P
11/01/2007;0,27;P
12/01/2007;0,27;P
13/01/2007;0,26;P
14/01/2007;0,26;P
15/01/2007;0,26;P
16/01/2007;0,26;P
17/01/2007;0,26;P
18/01/2007;0,26;P
19/01/2007;0,26;P
20/01/2007;0,26;P
21/01/2007;0,26;P
22/01/2007;0,26;P
23/01/2007;0,27;P
24/01/2007;0,34;P
25/01/2007;0,36;P
26/01/2007;0,32;P
27/01/2007;0,31;P
28/01/2007;0,30;P
29/01/2007;0,30;P
30/01/2007;0,31;P
31/01/2007;0,29;P
01/02/2007;0,29;P
02/02/2007;0,28;P
03/02/2007;0,28;P
04/02/2007;0,27;P
05/02/2007;0,27;P
06/02/2007;0,28;P
07/02/2007;0,35;P
08/02/2007;0,46;P
09/02/2007;0,83;P
10/02/2007;0,53;P
11/02/2007;0,43;P
12/02/2007;0,42;P
13/02/2007;0,63;P
14/02/2007;0,47;P
15/02/2007;0,52;P
16/02/2007;0,47;P
17/02/2007;0,42;P
18/02/2007;0,40;P
19/02/2007;0,38;P
20/02/2007;0,36;P
21/02/2007;0,36;P
22/02/2007;0,36;P
23/02/2007;0,34;P
24/02/2007;0,34;P
25/02/2007;0,39;P
26/02/2007;0,54;P
27/02/2007;0,41;P
28/02/2007;0,39;P
01/03/2007;0,37;P
02/03/2007;0,36;P
03/03/2007;0,35;P
04/03/2007;0,34;P
05/03/2007;0,33;P
06/03/2007;0,33;P
07/03/2007;0,36;P
08/03/2007;0,39;P
09/03/2007;0,35;P
10/03/2007;0,34;P
11/03/2007;0,33;P
12/03/2007;0,33;P
13/03/2007;0,32;P
14/03/2007;0,31;P
15/03/2007;0,31;P
16/03/2007;0,31;P
17/03/2007;0,31;P
18/03/2007;0,31;P
19/03/2007;0,32;P
20/03/2007;0,47;P
21/03/2007;0,49;P
22/03/2007;0,41;P
23/03/2007;0,38;P
24/03/2007;0,36;P
25/03/2007;0,37;P
26/03/2007;0,39;P
27/03/2007;0,37;P
28/03/2007;0,36;P
29/03/2007;0,35;P
30/03/2007;0,36;P
31/03/2007;0,37;P
01/04/2007;0,36;P
02/04/2007;0,34;P
03/04/2007;0,35;P
04/04/2007;0,40;P
05/04/2007;0,36;P
06/04/2007;0,34;P
07/04/2007;0,33;P
08/04/2007;0,33;P
09/04/2007;0,32;P
10/04/2007;0,32;P
11/04/2007;0,32;P
12/04/2007;0,31;P
13/04/2007;0,31;P
14/04/2007;0,31;P
15/04/2007;0,31;P
16/04/2007;0,30;P
17/04/2007;0,30;P
18/04/2007;0,30;P
19/04/2007;0,30;P
20/04/2007;0,29;P
21/04/2007;0,29;P
22/04/2007;0,29;P
23/04/2007;0,29;P
24/04/2007;0,28;P
25/04/2007;0,28;P
26/04/2007;0,28;P
27/04/2007;0,27;P
28/04/2007;0,27;P
29/04/2007;0,27;P
30/04/2007;0,29;P
01/05/2007;0,33;P
02/05/2007;0,32;P
03/05/2007;0,29;P
04/05/2007;0,44;P
05/05/2007;0,57;P
06/05/2007;0,43;P
07/05/2007;0,36;P
08/05/2007;0,33;P
09/05/2007;0,31;P
10/05/2007;0,30;P
11/05/2007;0,29;P
12/05/2007;0,29;P
13/05/2007;0,28;P
14/05/2007;0,28;P
15/05/2007;0,28;P
16/05/2007;0,27;P
17/05/2007;0,28;P
18/05/2007;0,27;P
19/05/2007;0,26;P
20/05/2007;0,26;P
21/05/2007;0,27;P
22/05/2007;0,26;P
23/05/2007;0,26;P
24/05/2007;0,26;P
25/05/2007;0,26;P
26/05/2007;0,25;P
27/05/2007;0,28;P
28/05/2007;0,34;P
29/05/2007;0,51;P
30/05/2007;0,33;P
31/05/2007;0,30;P
01/06/2007;0,31;P
02/06/2007;0,32;P
03/06/2007;0,30;P
04/06/2007;0,28;P
05/06/2007;0,28;P
06/06/2007;0,27;P
07/06/2007;0,38;P
08/06/2007;0,38;P
09/06/2007;0,31;P
10/06/2007;0,28;P
11/06/2007;0,27;P
12/06/2007;0,27;P
13/06/2007;0,27;P
14/06/2007;0,27;P
15/06/2007;0,27;P
16/06/2007;0,26;P
17/06/2007;0,26;P
18/06/2007;0,26;P
19/06/2007;0,26;P
20/06/2007;0,25;P
21/06/2007;0,25;P
22/06/2007;0,25;P
23/06/2007;0,24;P
24/06/2007;0,24;P
25/06/2007;0,24;P
26/06/2007;0,24;P
27/06/2007;0,24;P
28/06/2007;0,24;P
29/06/2007;0,23;P
30/06/2007;0,23;P
01/07/2007;0,23;P
02/07/2007;0,23;P
03/07/2007;0,23;P
04/07/2007;0,23;P
05/07/2007;0,22;P
06/07/2007;0,22;P
07/07/2007;0,22;P
08/07/2007;0,22;P
09/07/2007;0,21;P
10/07/2007;0,21;P
11/07/2007;0,21;P
12/07/2007;0,21;P
13/07/2007;0,20;P
14/07/2007;;@
15/07/2007;;@
16/07/2007;;@
17/07/2007;;@
18/07/2007;;@
19/07/2007;;@
20/07/2007;;@
21/07/2007;;@
22/07/2007;;@
23/07/2007;;@
24/07/2007;;@
25/07/2007;;@
26/07/2007;;@
27/07/2007;;@
28/07/2007;;@
29/07/2007;;@
30/07/2007;;@
31/07/2007;;@
01/08/2007;;@
02/08/2007;;@
03/08/2007;;@
04/08/2007;;@
05/08/2007;;@
06/08/2007;;@
07/08/2007;;@
08/08/2007;;@
09/08/2007;0,34;P
10/08/2007;0,25;P
11/08/2007;0,23;P
12/08/2007;0,23;P
13/08/2007;0,22;P
14/08/2007;0,22;P
15/08/2007;0,22;P
16/08/2007;0,22;P
17/08/2007;0,21;P
18/08/2007;0,21;P
19/08/2007;0,21;P
20/08/2007;0,24;P
21/08/2007;0,26;P
22/08/2007;0,23;P
23/08/2007;0,26;P
24/08/2007;0,27;P
25/08/2007;0,24;P
26/08/2007;0,23;P
27/08/2007;0,23;P
28/08/2007;0,22;P
29/08/2007;0,22;P
30/08/2007;0,22;P
31/08/2007;0,22;P
01/09/2007;0,21;P
02/09/2007;0,21;P
03/09/2007;0,21;P
04/09/2007;0,22;P
05/09/2007;0,23;P
06/09/2007;0,22;P
07/09/2007;0,23;P
08/09/2007;0,24;P
09/09/2007;0,24;P
10/09/2007;0,24;P
11/09/2007;0,23;P
12/09/2007;0,22;P
13/09/2007;0,22;P
14/09/2007;0,22;P
15/09/2007;0,22;P
16/09/2007;0,22;P
17/09/2007;0,22;P
18/09/2007;0,22;P
19/09/2007;0,23;P
20/09/2007;0,22;P
21/09/2007;0,22;P
22/09/2007;0,21;P
23/09/2007;0,21;P
24/09/2007;0,21;P
25/09/2007;0,21;P
26/09/2007;0,21;P
27/09/2007;0,24;P
28/09/2007;0,30;P
29/09/2007;0,25;P
30/09/2007;0,23;P
01/10/2007;0,23;P
02/10/2007;0,22;P
03/10/2007;0,22;P
04/10/2007;0,22;P
05/10/2007;0,22;P
06/10/2007;0,22;P
07/10/2007;0,22;P
08/10/2007;0,21;P
09/10/2007;0,22;P
10/10/2007;0,21;P
11/10/2007;0,21;P
12/10/2007;0,21;P
13/10/2007;0,21;P
14/10/2007;0,21;P
15/10/2007;0,21;P
16/10/2007;0,21;P
17/10/2007;0,21;P
18/10/2007;0,21;P
19/10/2007;0,20;P
20/10/2007;0,19;P
21/10/2007;0,19;P
22/10/2007;0,20;P
23/10/2007;0,21;P
24/10/2007;0,22;P
25/10/2007;0,24;P
26/10/2007;0,27;P
27/10/2007;0,27;P
28/10/2007;0,24;P
29/10/2007;0,23;P
30/10/2007;0,23;P
31/10/2007;0,24;P
01/11/2007;0,24;P
02/11/2007;0,23;P
03/11/2007;0,23;P
04/11/2007;0,22;P
05/11/2007;0,22;P
06/11/2007;0,22;P
07/11/2007;0,22;P
08/11/2007;0,22;P
09/11/2007;0,23;P
10/11/2007;0,23;P
11/11/2007;0,23;P
12/11/2007;0,23;P
13/11/2007;0,22;P
14/11/2007;0,27;P
15/11/2007;0,27;P
16/11/2007;0,24;P
17/11/2007;0,24;P
18/11/2007;0,24;P
19/11/2007;0,23;P
20/11/2007;0,23;P
21/11/2007;0,23;P
22/11/2007;0,23;P
23/11/2007;0,23;P
24/11/2007;0,24;P
25/11/2007;0,26;P
26/11/2007;0,24;P
27/11/2007;0,23;P
28/11/2007;0,23;P
29/11/2007;0,23;P
30/11/2007;0,23;P
01/12/2007;0,23;P
02/12/2007;0,24;P
03/12/2007;0,24;P
04/12/2007;0,24;P
05/12/2007;0,24;P
06/12/2007;0,24;P
07/12/2007;0,24;P
08/12/2007;0,29;P
09/12/2007;0,27;P
10/12/2007;0,28;P
11/12/2007;0,25;P
12/12/2007;0,25;P
13/12/2007;0,24;P
14/12/2007;0,24;P
15/12/2007;0,24;P
16/12/2007;0,24;P
17/12/2007;0,24;P
18/12/2007;0,24;P
19/12/2007;0,24;P
20/12/2007;0,24;P
21/12/2007;0,24;P
22/12/2007;0,24;P
23/12/2007;0,25;P
24/12/2007;0,25;P
25/12/2007;0,24;P
26/12/2007;0,24;P
27/12/2007;0,24;P
28/12/2007;0,24;P
29/12/2007;0,24;P
30/12/2007;0,24;P
31/12/2007;0,24;P
01/01/2008;0,24;P
02/01/2008;0,24;P
03/01/2008;0,24;P
04/01/2008;0,24;P
05/01/2008;0,25;P
06/01/2008;0,25;P
07/01/2008;0,26;P
08/01/2008;0,25;P
09/01/2008;0,24;P
10/01/2008;0,24;P
11/01/2008;0,24;P
12/01/2008;0,43;P
13/01/2008;0,43;P
14/01/2008;0,31;P
15/01/2008;0,30;P
16/01/2008;0,30;P
17/01/2008;0,59;P
18/01/2008;0,39;P
19/01/2008;0,33;P
20/01/2008;0,30;P
21/01/2008;0,29;P
22/01/2008;0,29;P
23/01/2008;0,27;P
24/01/2008;0,27;P
25/01/2008;0,26;P
26/01/2008;0,26;P
27/01/2008;0,26;P
28/01/2008;0,26;P
29/01/2008;0,26;P
30/01/2008;0,26;P
31/01/2008;0,26;P
01/02/2008;0,27;P
02/02/2008;0,29;P
03/02/2008;0,47;P
04/02/2008;0,44;P
05/02/2008;0,55;P
06/02/2008;0,40;P
07/02/2008;0,35;P
08/02/2008;0,33;P
09/02/2008;0,31;P
10/02/2008;0,30;P
11/02/2008;0,29;P
12/02/2008;0,29;P
13/02/2008;0,28;P
14/02/2008;0,28;P
15/02/2008;0,28;P
16/02/2008;0,27;P
17/02/2008;0,27;P
18/02/2008;0,27;P
19/02/2008;0,27;P
20/02/2008;0,27;P
21/02/2008;0,26;P
22/02/2008;0,26;P
23/02/2008;0,27;P
24/02/2008;0,26;P
25/02/2008;0,26;P
26/02/2008;0,26;P
27/02/2008;0,27;P
28/02/2008;0,27;P
29/02/2008;0,26;P
01/03/2008;0,26;P
02/03/2008;0,26;P
03/03/2008;0,25;P
04/03/2008;0,25;P
05/03/2008;0,25;P
06/03/2008;0,25;P
07/03/2008;0,27;P
08/03/2008;0,27;P
09/03/2008;0,27;P
10/03/2008;0,28;P
11/03/2008;0,29;P
12/03/2008;0,31;P
13/03/2008;0,29;P
14/03/2008;0,28;P
15/03/2008;0,28;P
16/03/2008;0,27;P
17/03/2008;0,27;P
18/03/2008;0,27;P
19/03/2008;0,26;P
20/03/2008;0,26;P
21/03/2008;0,28;P
22/03/2008;0,58;P
23/03/2008;0,47;P
24/03/2008;0,51;P
25/03/2008;0,42;P
26/03/2008;0,39;P
27/03/2008;0,39;P
28/03/2008;0,50;P
29/03/2008;0,42;P
30/03/2008;0,39;P
31/03/2008;0,36;P
01/04/2008;0,34;P
02/04/2008;0,34;P
03/04/2008;0,33;P
04/04/2008;0,32;P
05/04/2008;0,31;P
06/04/2008;0,31;P
07/04/2008;0,31;P
08/04/2008;0,31;P
09/04/2008;0,31;P
10/04/2008;0,31;P
11/04/2008;0,30;P
12/04/2008;0,54;P
13/04/2008;0,49;P
14/04/2008;0,41;P
15/04/2008;0,41;P
16/04/2008;0,39;P
17/04/2008;0,37;P
18/04/2008;0,42;P
19/04/2008;0,40;P
20/04/2008;0,36;P
21/04/2008;0,37;P
22/04/2008;0,37;P
23/04/2008;0,35;P
24/04/2008;0,33;P
25/04/2008;0,33;P
26/04/2008;0,32;P
27/04/2008;0,31;P
28/04/2008;0,30;P
29/04/2008;0,32;P
30/04/2008;0,31;P
01/05/2008;0,32;P
02/05/2008;0,30;P
03/05/2008;0,29;P
04/05/2008;0,29;P
05/05/2008;0,29;P
06/05/2008;0,29;P
07/05/2008;0,28;P
08/05/2008;0,28;P
09/05/2008;0,28;P
10/05/2008;0,27;P
11/05/2008;0,28;P
12/05/2008;0,28;P
13/05/2008;0,28;P
14/05/2008;0,28;P
15/05/2008;0,28;P
16/05/2008;0,28;P
17/05/2008;0,28;P
18/05/2008;0,29;P
19/05/2008;0,28;P
20/05/2008;0,32;P
21/05/2008;0,30;P
22/05/2008;0,31;P
23/05/2008;0,29;P
24/05/2008;0,27;P
25/05/2008;0,27;P
26/05/2008;0,26;P
27/05/2008;0,26;P
28/05/2008;0,25;P
29/05/2008;0,26;P
30/05/2008;0,27;P
31/05/2008;0,27;P
01/06/2008;0,27;P
02/06/2008;0,26;P
03/06/2008;0,26;P
04/06/2008;0,26;P
05/06/2008;0,26;P
06/06/2008;0,29;P
07/06/2008;0,30;P
08/06/2008;0,35;P
09/06/2008;0,43;P
10/06/2008;0,35;P
11/06/2008;0,30;P
12/06/2008;0,34;P
13/06/2008;0,40;P
14/06/2008;0,49;P
15/06/2008;0,38;P
16/06/2008;0,34;P
17/06/2008;0,32;P
18/06/2008;0,30;P
19/06/2008;0,29;P
20/06/2008;0,28;P
21/06/2008;0,27;P
22/06/2008;0,27;P
23/06/2008;0,26;P
24/06/2008;0,25;P
25/06/2008;0,25;P
26/06/2008;0,25;P
27/06/2008;0,25;P
28/06/2008;0,25;P
29/06/2008;0,25;P
30/06/2008;0,24;P
01/07/2008;0,24;P
02/07/2008;0,24;P
03/07/2008;0,23;P
04/07/2008;0,23;P
05/07/2008;0,23;P
06/07/2008;0,22;P
07/07/2008;0,22;P
08/07/2008;0,22;P
09/07/2008;0,22;P
10/07/2008;0,22;P
11/07/2008;0,21;P
12/07/2008;0,21;P
13/07/2008;0,22;P
14/07/2008;0,23;P
15/07/2008;0,23;P
16/07/2008;0,22;P
17/07/2008;0,22;P
18/07/2008;0,22;P
19/07/2008;0,22;P
20/07/2008;0,21;P
21/07/2008;0,21;P
22/07/2008;0,20;P
23/07/2008;0,20;P
24/07/2008;;@
25/07/2008;;@
26/07/2008;;@
27/07/2008;;@
28/07/2008;;@
29/07/2008;;@
30/07/2008;;@
31/07/2008;;@
01/08/2008;;@
02/08/2008;;@
03/08/2008;;@
04/08/2008;;@
05/08/2008;;@
06/08/2008;;@
07/08/2008;;@
08/08/2008;;@
09/08/2008;;@
10/08/2008;;@
11/08/2008;;@
12/08/2008;;@
13/08/2008;;@
14/08/2008;;@
15/08/2008;;@
16/08/2008;;@
17/08/2008;;@
18/08/2008;;@
19/08/2008;;@
20/08/2008;;@
21/08/2008;;@
22/08/2008;;@
23/08/2008;;@
24/08/2008;;@
25/08/2008;;@
26/08/2008;;@
27/08/2008;;@
28/08/2008;;@
29/08/2008;;@
30/08/2008;;@
31/08/2008;;@
01/09/2008;;@
02/09/2008;;@
03/09/2008;;@
04/09/2008;;@
05/09/2008;;@
06/09/2008;;@
07/09/2008;;@
08/09/2008;;@
09/09/2008;;@
10/09/2008;;@
11/09/2008;;@
12/09/2008;;@
13/09/2008;;@
14/09/2008;;@
15/09/2008;;@
16/09/2008;;@
17/09/2008;;@
18/09/2008;;@
19/09/2008;;@
20/09/2008;;@
21/09/2008;;@
22/09/2008;;@
23/09/2008;;@
24/09/2008;;@
25/09/2008;;@
26/09/2008;;@
27/09/2008;;@
28/09/2008;;@
29/09/2008;;@
30/09/2008;;@
01/10/2008;;@
02/10/2008;;@
03/10/2008;;@
04/10/2008;;@
05/10/2008;;@
06/10/2008;;@
07/10/2008;;@
08/10/2008;;@
09/10/2008;;@
10/10/2008;;@
11/10/2008;;@
12/10/2008;;@
13/10/2008;;@
14/10/2008;;@
15/10/2008;;@
16/10/2008;;@
17/10/2008;;@
18/10/2008;;@
19/10/2008;;@
20/10/2008;;@
21/10/2008;;@
22/10/2008;;@
23/10/2008;;@
24/10/2008;;@
25/10/2008;;@
26/10/2008;;@
27/10/2008;;@
28/10/2008;;@
29/10/2008;;@
30/10/2008;0,29;P
31/10/2008;0,25;P
01/11/2008;0,28;P
02/11/2008;0,26;P
03/11/2008;0,25;P
04/11/2008;0,34;P
05/11/2008;0,39;P
06/11/2008;0,30;P
07/11/2008;0,28;P
08/11/2008;0,27;P
09/11/2008;0,26;P
10/11/2008;0,25;P
11/11/2008;0,25;P
12/11/2008;0,25;P
13/11/2008;0,46;P
14/11/2008;0,35;P
15/11/2008;0,30;P
16/11/2008;0,27;P
17/11/2008;0,26;P
18/11/2008;0,26;P
19/11/2008;0,25;P
20/11/2008;0,25;P
21/11/2008;0,27;P
22/11/2008;0,25;P
23/11/2008;0,25;P
24/11/2008;0,29;P
25/11/2008;0,38;P
26/11/2008;0,33;P
27/11/2008;0,30;P
28/11/2008;0,45;P
29/11/2008;0,65;P
30/11/2008;0,89;P
01/12/2008;0,87;P
02/12/2008;0,78;P
03/12/2008;0,65;P
04/12/2008;0,49;P
05/12/2008;0,72;P
06/12/2008;0,70;P
07/12/2008;0,52;P
08/12/2008;0,45;P
09/12/2008;0,42;P
10/12/2008;0,43;P
11/12/2008;0,79;P
12/12/2008;0,69;P
13/12/2008;0,61;P
14/12/2008;0,55;P
15/12/2008;0,61;P
16/12/2008;0,73;P
17/12/2008;0,65;P
18/12/2008;0,53;P
19/12/2008;0,47;P
20/12/2008;0,44;P
21/12/2008;0,42;P
22/12/2008;0,40;P
23/12/2008;0,39;P
24/12/2008;0,37;P
25/12/2008;0,37;P
26/12/2008;0,36;P
27/12/2008;0,35;P
28/12/2008;0,34;P
29/12/2008;0,34;P
30/12/2008;0,33;P
31/12/2008;0,33;P
01/01/2009;0,48;V
02/01/2009;0,43;V
03/01/2009;0,39;V
04/01/2009;0,37;V
05/01/2009;0,36;V
06/01/2009;0,35;V
07/01/2009;0,37;V
08/01/2009;0,38;V
09/01/2009;0,36;V
10/01/2009;0,35;V
11/01/2009;0,34;V
12/01/2009;0,34;V
13/01/2009;0,34;V
14/01/2009;0,35;V
15/01/2009;0,34;V
16/01/2009;0,33;V
17/01/2009;0,33;V
18/01/2009;0,33;V
19/01/2009;0,35;V
20/01/2009;0,34;V
21/01/2009;0,54;V
22/01/2009;0,45;V
23/01/2009;0,42;V
24/01/2009;0,52;V
25/01/2009;0,53;V
26/01/2009;0,50;V
27/01/2009;0,57;V
28/01/2009;0,48;V
29/01/2009;0,44;V
30/01/2009;0,41;V
31/01/2009;0,40;V
01/02/2009;0,40;V
02/02/2009;0,41;V
03/02/2009;0,70;V
04/02/2009;0,70;V
05/02/2009;0,56;V
06/02/2009;0,61;V
07/02/2009;0,74;V
08/02/2009;0,76;V
09/02/2009;0,66;V
10/02/2009;0,57;V
11/02/2009;0,51;V
12/02/2009;0,47;V
13/02/2009;0,46;V
14/02/2009;0,44;V
15/02/2009;0,43;V
16/02/2009;0,42;V
17/02/2009;0,42;V
18/02/2009;0,42;V
19/02/2009;0,39;V
20/02/2009;0,39;V
21/02/2009;0,38;V
22/02/2009;0,38;V
23/02/2009;0,38;V
24/02/2009;0,37;V
25/02/2009;0,36;V
26/02/2009;0,36;V
27/02/2009;0,36;V
28/02/2009;0,35;V
01/03/2009;0,35;V
02/03/2009;0,37;V
03/03/2009;0,43;V
04/03/2009;0,81;V
05/03/2009;1,07;V
06/03/2009;0,72;V
07/03/2009;0,56;V
08/03/2009;0,49;V
09/03/2009;0,46;V
10/03/2009;0,44;V
11/03/2009;0,42;V
12/03/2009;0,40;V
13/03/2009;0,40;V
14/03/2009;0,39;V
15/03/2009;0,38;V
16/03/2009;0,37;V
17/03/2009;0,36;V
18/03/2009;0,36;V
19/03/2009;0,36;V
20/03/2009;0,35;V
21/03/2009;0,35;V
22/03/2009;0,34;V
23/03/2009;0,34;V
24/03/2009;0,35;V
25/03/2009;0,35;V
26/03/2009;0,34;V
27/03/2009;0,33;V
28/03/2009;0,34;V
29/03/2009;0,58;V
30/03/2009;0,56;V
31/03/2009;0,45;V
01/04/2009;0,54;V
02/04/2009;0,76;V
03/04/2009;0,55;V
04/04/2009;0,48;V
05/04/2009;0,44;V
06/04/2009;0,42;V
07/04/2009;0,40;V
08/04/2009;0,40;V
09/04/2009;0,39;V
10/04/2009;0,39;V
11/04/2009;0,37;V
12/04/2009;0,37;V
13/04/2009;0,36;V
14/04/2009;0,35;V
15/04/2009;0,34;V
16/04/2009;0,34;V
17/04/2009;0,36;V
18/04/2009;0,34;V
19/04/2009;0,37;V
20/04/2009;0,55;V
21/04/2009;0,44;V
22/04/2009;0,40;V
23/04/2009;0,38;V
24/04/2009;0,36;V
25/04/2009;0,35;V
26/04/2009;0,35;V
27/04/2009;0,36;V
28/04/2009;0,35;V
29/04/2009;0,35;V
30/04/2009;0,35;V
01/05/2009;0,34;V
02/05/2009;0,33;V
03/05/2009;0,34;V
04/05/2009;0,33;V
05/05/2009;0,33;V
06/05/2009;0,33;V
07/05/2009;0,32;V
08/05/2009;0,31;V
09/05/2009;0,31;V
10/05/2009;0,30;V
11/05/2009;0,30;V
12/05/2009;0,29;V
13/05/2009;0,29;V
14/05/2009;0,29;V
15/05/2009;0,29;V
16/05/2009;0,30;V
17/05/2009;0,31;V
18/05/2009;0,29;V
19/05/2009;0,28;V
20/05/2009;0,28;V
21/05/2009;0,28;V
22/05/2009;0,28;V
23/05/2009;0,28;V
24/05/2009;0,28;V
25/05/2009;0,28;V
26/05/2009;0,28;V
27/05/2009;0,28;V
28/05/2009;0,27;V
29/05/2009;0,27;V
30/05/2009;0,27;V
31/05/2009;0,30;V
01/06/2009;0,32;V
02/06/2009;0,32;V
03/06/2009;0,28;V
04/06/2009;0,28;V
05/06/2009;0,27;V
06/06/2009;0,27;V
07/06/2009;0,30;V
08/06/2009;0,29;V
09/06/2009;0,26;V
10/06/2009;0,26;V
11/06/2009;0,26;V
12/06/2009;0,26;V
13/06/2009;0,26;V
14/06/2009;0,26;V
15/06/2009;0,26;V
16/06/2009;0,25;V
17/06/2009;0,25;V
18/06/2009;0,25;V
19/06/2009;0,26;V
20/06/2009;0,26;V
21/06/2009;0,25;V
22/06/2009;0,25;V
23/06/2009;0,25;V
24/06/2009;0,26;V
25/06/2009;0,26;V
26/06/2009;0,27;V
27/06/2009;0,30;V
28/06/2009;0,26;V
29/06/2009;0,25;V
30/06/2009;0,25;V
01/07/2009;0,24;V
02/07/2009;0,24;V
03/07/2009;0,24;V
04/07/2009;0,24;V
05/07/2009;0,27;V
06/07/2009;0,33;V
07/07/2009;0,26;V
08/07/2009;0,24;V
09/07/2009;0,24;V
10/07/2009;0,24;V
11/07/2009;0,23;V
12/07/2009;0,23;V
13/07/2009;0,23;V
14/07/2009;0,23;V
15/07/2009;0,23;V
16/07/2009;0,23;V
17/07/2009;0,23;V
18/07/2009;0,22;V
19/07/2009;0,22;V
20/07/2009;0,23;V
21/07/2009;0,22;V
22/07/2009;0,22;V
23/07/2009;0,22;V
24/07/2009;0,21;V
25/07/2009;0,21;V
26/07/2009;;@
27/07/2009;;@
28/07/2009;;@
29/07/2009;;@
30/07/2009;;@
31/07/2009;;@
01/08/2009;;@
02/08/2009;;@
03/08/2009;;@
04/08/2009;;@
05/08/2009;;@
06/08/2009;;@
07/08/2009;;@
08/08/2009;;@
09/08/2009;;@
10/08/2009;;@
11/08/2009;;@
12/08/2009;;@
13/08/2009;;@
14/08/2009;;@
15/08/2009;;@
16/08/2009;;@
17/08/2009;;@
18/08/2009;;@
19/08/2009;;@
20/08/2009;;@
21/08/2009;;@
22/08/2009;;@
23/08/2009;;@
24/08/2009;;@
25/08/2009;;@
26/08/2009;;@
27/08/2009;;@
28/08/2009;;@
29/08/2009;;@
30/08/2009;;@
31/08/2009;;@
01/09/2009;;@
02/09/2009;;@
03/09/2009;;@
04/09/2009;;@
05/09/2009;;@
06/09/2009;;@
07/09/2009;;@
08/09/2009;;@
09/09/2009;;@
10/09/2009;;@
11/09/2009;;@
12/09/2009;;@
13/09/2009;;@
14/09/2009;;@
15/09/2009;;@
16/09/2009;;@
17/09/2009;;@
18/09/2009;;@
19/09/2009;;@
20/09/2009;;@
21/09/2009;;@
22/09/2009;;@
23/09/2009;;@
24/09/2009;;@
25/09/2009;;@
26/09/2009;;@
27/09/2009;;@
28/09/2009;;@
29/09/2009;;@
30/09/2009;;@
01/10/2009;;@
02/10/2009;;@
03/10/2009;;@
04/10/2009;;@
05/10/2009;;@
06/10/2009;;@
07/10/2009;;@
08/10/2009;;@
09/10/2009;;@
10/10/2009;;@
11/10/2009;;@
12/10/2009;;@
13/10/2009;;@
14/10/2009;;@
15/10/2009;;@
16/10/2009;;@
17/10/2009;;@
18/10/2009;;@
19/10/2009;;@
20/10/2009;;@
21/10/2009;;@
22/10/2009;;@
23/10/2009;0,27;V
24/10/2009;0,27;V
25/10/2009;0,26;V
26/10/2009;0,25;V
27/10/2009;0,25;V
28/10/2009;0,24;V
29/10/2009;0,24;V
30/10/2009;0,24;V
31/10/2009;0,23;V
01/11/2009;0,23;V
02/11/2009;0,24;V
03/11/2009;0,25;V
04/11/2009;0,29;V
05/11/2009;0,31;V
06/11/2009;0,32;V
07/11/2009;0,30;V
08/11/2009;0,31;V
09/11/2009;0,30;V
10/11/2009;0,26;V
11/11/2009;0,25;V
12/11/2009;0,24;V
13/11/2009;0,25;V
14/11/2009;0,24;V
15/11/2009;0,24;V
16/11/2009;0,24;V
17/11/2009;0,24;V
18/11/2009;0,24;V
19/11/2009;0,25;V
20/11/2009;0,24;V
21/11/2009;0,23;V
22/11/2009;0,24;V
23/11/2009;0,24;V
24/11/2009;0,24;V
25/11/2009;0,23;V
26/11/2009;0,24;V
27/11/2009;0,24;V
28/11/2009;0,24;V
29/11/2009;0,25;V
30/11/2009;0,30;V
01/12/2009;0,43;V
02/12/2009;0,30;V
03/12/2009;0,27;V
04/12/2009;0,37;V
05/12/2009;0,35;V
06/12/2009;0,29;V
07/12/2009;0,28;V
08/12/2009;0,27;V
09/12/2009;0,25;V
10/12/2009;0,25;V
11/12/2009;0,25;V
12/12/2009;0,25;V
13/12/2009;0,25;V
14/12/2009;0,25;V
15/12/2009;0,24;V
16/12/2009;0,25;V
17/12/2009;0,27;V
18/12/2009;0,26;V
19/12/2009;0,26;V
20/12/2009;0,26;V
21/12/2009;0,26;V
22/12/2009;0,39;V
23/12/2009;0,57;V
24/12/2009;0,42;V
25/12/2009;0,55;V
26/12/2009;0,40;V
27/12/2009;0,36;V
28/12/2009;0,34;V
29/12/2009;0,35;V
30/12/2009;0,34;V
31/12/2009;0,38;V
01/01/2010;1,12;V
02/01/2010;0,64;V
03/01/2010;0,46;V
04/01/2010;0,43;V
05/01/2010;0,84;V
06/01/2010;1,08;V
07/01/2010;0,96;V
08/01/2010;0,66;V
09/01/2010;0,80;V
10/01/2010;0,77;V
11/01/2010;0,59;V
12/01/2010;0,51;V
13/01/2010;0,47;V
14/01/2010;0,44;V
15/01/2010;0,41;V
16/01/2010;0,39;V
17/01/2010;0,39;V
18/01/2010;0,37;V
19/01/2010;0,36;V
20/01/2010;0,36;V
21/01/2010;0,35;V
22/01/2010;0,34;V
23/01/2010;0,33;V
24/01/2010;0,33;V
25/01/2010;0,33;V
26/01/2010;0,33;V
27/01/2010;0,32;V
28/01/2010;0,32;V
29/01/2010;0,32;V
30/01/2010;0,52;V
31/01/2010;0,42;V
01/02/2010;0,37;V
02/02/2010;0,35;V
03/02/2010;0,35;V
04/02/2010;0,34;V
05/02/2010;0,39;V
06/02/2010;0,69;V
07/02/2010;0,52;V
08/02/2010;0,45;V
09/02/2010;0,42;V
10/02/2010;0,41;V
11/02/2010;0,41;V
12/02/2010;0,41;V
13/02/2010;0,40;V
14/02/2010;0,39;V
15/02/2010;0,38;V
16/02/2010;0,38;V
17/02/2010;0,38;V
18/02/2010;0,49;V
19/02/2010;0,69;V
20/02/2010;0,70;V
21/02/2010;0,53;V
22/02/2010;0,50;V
23/02/2010;0,66;V
24/02/2010;0,60;V
25/02/2010;0,52;V
26/02/2010;0,52;V
27/02/2010;0,49;V
28/02/2010;0,46;V
01/03/2010;0,44;V
02/03/2010;0,53;V
03/03/2010;0,46;V
04/03/2010;0,69;V
05/03/2010;0,56;V
06/03/2010;0,49;V
07/03/2010;0,46;V
08/03/2010;0,44;V
09/03/2010;0,43;V
10/03/2010;0,46;V
11/03/2010;0,46;V
12/03/2010;0,48;V
13/03/2010;0,47;V
14/03/2010;0,46;V
15/03/2010;0,45;V
16/03/2010;0,44;V
17/03/2010;0,42;V
18/03/2010;0,41;V
19/03/2010;0,39;V
20/03/2010;0,39;V
21/03/2010;0,38;V
22/03/2010;0,38;V
23/03/2010;0,37;V
24/03/2010;0,36;V
25/03/2010;0,36;V
26/03/2010;0,35;V
27/03/2010;0,35;V
28/03/2010;0,34;V
29/03/2010;0,34;V
30/03/2010;0,34;V
31/03/2010;0,35;V
01/04/2010;0,33;V
02/04/2010;0,33;V
03/04/2010;0,32;V
04/04/2010;0,40;V
05/04/2010;1,08;V
06/04/2010;0,62;V
07/04/2010;0,53;V
08/04/2010;0,50;V
09/04/2010;0,47;V
10/04/2010;0,45;V
11/04/2010;0,51;V
12/04/2010;0,52;V
13/04/2010;0,48;V
14/04/2010;0,46;V
15/04/2010;0,44;V
16/04/2010;0,43;V
17/04/2010;0,43;V
18/04/2010;0,42;V
19/04/2010;0,41;V
20/04/2010;0,40;V
21/04/2010;0,40;V
22/04/2010;0,39;V
23/04/2010;0,47;V
24/04/2010;0,51;V
25/04/2010;0,45;V
26/04/2010;0,42;V
27/04/2010;0,41;V
28/04/2010;0,40;V
29/04/2010;0,39;V
30/04/2010;0,38;V
01/05/2010;0,38;V
02/05/2010;0,44;V
03/05/2010;0,67;V
04/05/2010;0,63;V
05/05/2010;0,63;V
06/05/2010;0,62;V
07/05/2010;0,63;V
08/05/2010;0,55;V
09/05/2010;0,50;V
10/05/2010;0,46;V
11/05/2010;0,45;V
12/05/2010;0,47;V
13/05/2010;0,59;V
14/05/2010;0,53;V
15/05/2010;0,69;V
16/05/2010;0,77;V
17/05/2010;0,59;V
18/05/2010;0,52;V
19/05/2010;0,48;V
20/05/2010;0,46;V
21/05/2010;0,44;V
22/05/2010;0,42;V
23/05/2010;0,40;V
24/05/2010;0,38;V
25/05/2010;0,36;V
26/05/2010;0,35;V
27/05/2010;0,34;V
28/05/2010;0,34;V
29/05/2010;0,33;V
30/05/2010;0,32;V
31/05/2010;0,32;V
01/06/2010;0,31;V
02/06/2010;0,31;V
03/06/2010;0,32;V
04/06/2010;0,32;V
05/06/2010;0,30;V
06/06/2010;0,30;V
07/06/2010;0,29;V
08/06/2010;0,29;V
09/06/2010;0,29;V
10/06/2010;0,28;V
11/06/2010;0,28;V
12/06/2010;0,27;V
13/06/2010;0,27;V
14/06/2010;0,27;V
15/06/2010;0,27;V
16/06/2010;0,29;V
17/06/2010;0,30;V
18/06/2010;0,30;V
19/06/2010;0,33;V
20/06/2010;0,36;V
21/06/2010;0,37;V
22/06/2010;0,31;V
23/06/2010;0,29;V
24/06/2010;0,28;V
25/06/2010;0,27;V
26/06/2010;0,32;V
27/06/2010;0,28;V
28/06/2010;0,27;V
29/06/2010;0,27;V
30/06/2010;0,27;V
01/07/2010;0,26;V
02/07/2010;0,26;V
03/07/2010;0,26;V
04/07/2010;0,26;V
05/07/2010;0,26;V
06/07/2010;0,26;V
07/07/2010;0,26;V
08/07/2010;0,26;V
09/07/2010;0,26;V
10/07/2010;0,26;V
11/07/2010;0,26;V
12/07/2010;0,26;V
13/07/2010;0,26;V
14/07/2010;0,26;V
15/07/2010;0,25;V
16/07/2010;0,25;V
17/07/2010;0,25;V
18/07/2010;0,25;V
19/07/2010;0,24;V
20/07/2010;0,24;V
21/07/2010;0,24;V
22/07/2010;0,24;V
23/07/2010;0,24;V
24/07/2010;0,23;V
25/07/2010;0,22;V
26/07/2010;0,22;V
27/07/2010;0,22;V
28/07/2010;0,22;V
29/07/2010;0,29;V
30/07/2010;0,34;V
31/07/2010;0,25;V
01/08/2010;0,24;V
02/08/2010;0,23;V
03/08/2010;0,23;V
04/08/2010;0,23;V
05/08/2010;0,29;V
06/08/2010;0,28;V
07/08/2010;0,25;V
08/08/2010;0,23;V
09/08/2010;0,23;V
10/08/2010;0,23;V
11/08/2010;0,23;V
12/08/2010;0,23;V
13/08/2010;0,26;V
14/08/2010;0,32;V
15/08/2010;0,30;V
16/08/2010;0,25;V
17/08/2010;0,24;V
18/08/2010;0,24;V
19/08/2010;0,24;V
20/08/2010;0,24;V
21/08/2010;0,24;V
22/08/2010;0,23;V
23/08/2010;0,23;V
24/08/2010;0,23;V
25/08/2010;0,23;V
26/08/2010;0,23;V
27/08/2010;0,23;V
28/08/2010;0,23;V
29/08/2010;0,22;V
30/08/2010;0,22;V
31/08/2010;0,22;V
01/09/2010;0,22;V
02/09/2010;0,22;V
03/09/2010;0,22;V
04/09/2010;0,22;V
05/09/2010;0,22;V
06/09/2010;0,22;V
07/09/2010;0,22;V
08/09/2010;0,26;V
09/09/2010;0,26;V
10/09/2010;0,24;V
11/09/2010;0,23;V
12/09/2010;0,23;V
13/09/2010;0,24;V
14/09/2010;0,29;V
15/09/2010;0,24;V
16/09/2010;0,24;V
17/09/2010;0,24;V
18/09/2010;0,26;V
19/09/2010;0,66;V
20/09/2010;0,30;V
21/09/2010;0,27;V
22/09/2010;0,26;V
23/09/2010;0,25;V
24/09/2010;0,25;V
25/09/2010;0,26;V
26/09/2010;0,25;V
27/09/2010;0,25;V
28/09/2010;0,25;V
29/09/2010;0,26;V
30/09/2010;0,25;V
01/10/2010;0,25;V
02/10/2010;0,25;V
03/10/2010;0,25;V
04/10/2010;0,25;V
05/10/2010;0,35;V
06/10/2010;0,29;V
07/10/2010;0,27;V
08/10/2010;0,26;V
09/10/2010;0,26;V
10/10/2010;0,26;V
11/10/2010;0,26;V
12/10/2010;0,26;V
13/10/2010;0,26;V
14/10/2010;0,26;V
15/10/2010;0,26;V
16/10/2010;0,26;V
17/10/2010;0,33;V
18/10/2010;0,29;V
19/10/2010;0,27;V
20/10/2010;0,26;V
21/10/2010;0,26;V
22/10/2010;0,25;V
23/10/2010;0,26;V
24/10/2010;0,26;V
25/10/2010;0,36;V
26/10/2010;0,31;V
27/10/2010;0,28;V
28/10/2010;0,27;V
29/10/2010;0,26;V
30/10/2010;0,27;V
31/10/2010;0,36;V
01/11/2010;0,67;V
02/11/2010;0,52;V
03/11/2010;0,46;V
04/11/2010;0,39;V
05/11/2010;0,35;V
06/11/2010;0,33;V
07/11/2010;0,35;V
08/11/2010;0,73;V
09/11/2010;0,87;V
10/11/2010;1,02;V
11/11/2010;0,64;V
12/11/2010;0,54;V
13/11/2010;0,47;V
14/11/2010;0,43;V
15/11/2010;0,41;V
16/11/2010;0,53;V
17/11/2010;0,45;V
18/11/2010;0,49;V
19/11/2010;0,85;V
20/11/2010;0,76;V
21/11/2010;0,74;V
22/11/2010;0,84;V
23/11/2010;0,72;V
24/11/2010;0,59;V
25/11/2010;0,52;V
26/11/2010;0,80;V
27/11/2010;0,63;V
28/11/2010;0,86;V
29/11/2010;0,86;V
30/11/2010;0,62;V
01/12/2010;0,95;V
02/12/2010;0,75;V
03/12/2010;0,93;V
04/12/2010;0,88;V
05/12/2010;0,67;V
06/12/2010;0,60;V
07/12/2010;0,56;V
08/12/2010;0,53;V
09/12/2010;0,51;V
10/12/2010;0,47;V
11/12/2010;0,45;V
12/12/2010;0,44;V
13/12/2010;0,42;V
14/12/2010;0,41;V
15/12/2010;0,40;V
16/12/2010;0,39;V
17/12/2010;0,39;V
18/12/2010;0,45;V
19/12/2010;0,42;V
20/12/2010;0,58;V
21/12/2010;0,72;V
22/12/2010;0,86;V
23/12/2010;0,71;V
24/12/2010;1,31;V
25/12/2010;1,08;V
26/12/2010;0,73;V
27/12/2010;0,61;V
28/12/2010;0,56;V
29/12/2010;0,52;V
30/12/2010;0,50;V
31/12/2010;0,48;V
01/01/2011;0,46;V
02/01/2011;0,45;V
03/01/2011;0,43;V
04/01/2011;0,42;V
05/01/2011;0,42;V
06/01/2011;0,41;V
07/01/2011;0,41;V
08/01/2011;0,40;V
09/01/2011;0,39;V
10/01/2011;0,39;V
11/01/2011;0,57;V
12/01/2011;0,48;V
13/01/2011;0,44;V
14/01/2011;0,42;V
15/01/2011;0,41;V
16/01/2011;0,40;V
17/01/2011;0,40;V
18/01/2011;0,39;V
19/01/2011;0,39;V
20/01/2011;0,40;V
21/01/2011;0,38;V
22/01/2011;0,37;V
23/01/2011;0,37;V
24/01/2011;0,36;V
25/01/2011;0,36;V
26/01/2011;0,36;V
27/01/2011;0,35;V
28/01/2011;0,35;V
29/01/2011;0,35;V
30/01/2011;0,45;V
31/01/2011;0,46;V
01/02/2011;0,41;V
02/02/2011;0,39;V
03/02/2011;0,38;V
04/02/2011;0,36;V
05/02/2011;0,36;V
06/02/2011;0,36;V
07/02/2011;0,35;V
08/02/2011;0,35;V
09/02/2011;0,35;V
10/02/2011;0,35;V
11/02/2011;0,35;V
12/02/2011;0,35;V
13/02/2011;0,35;V
14/02/2011;0,34;V
15/02/2011;0,34;V
16/02/2011;0,42;V
17/02/2011;0,80;V
18/02/2011;0,63;V
19/02/2011;0,50;V
20/02/2011;0,46;V
21/02/2011;0,59;V
22/02/2011;0,50;V
23/02/2011;0,46;V
24/02/2011;0,43;V
25/02/2011;0,42;V
26/02/2011;0,41;V
27/02/2011;0,42;V
28/02/2011;0,43;V
01/03/2011;0,41;V
02/03/2011;0,40;V
03/03/2011;0,41;V
04/03/2011;0,41;V
05/03/2011;0,41;V
06/03/2011;0,41;V
07/03/2011;0,39;V
08/03/2011;0,38;V
09/03/2011;0,38;V
10/03/2011;0,37;V
11/03/2011;0,37;V
12/03/2011;0,37;V
13/03/2011;0,38;V
14/03/2011;0,41;V
15/03/2011;0,55;V
16/03/2011;0,89;V
17/03/2011;0,71;V
18/03/2011;0,57;V
19/03/2011;0,50;V
20/03/2011;0,46;V
21/03/2011;0,44;V
22/03/2011;0,43;V
23/03/2011;0,41;V
24/03/2011;0,40;V
25/03/2011;0,40;V
26/03/2011;0,39;V
27/03/2011;0,39;V
28/03/2011;0,64;V
29/03/2011;0,52;V
30/03/2011;0,45;V
31/03/2011;0,42;V
01/04/2011;0,41;V
02/04/2011;0,40;V
03/04/2011;0,39;V
04/04/2011;0,38;V
05/04/2011;0,37;V
06/04/2011;0,37;V
07/04/2011;0,36;V
08/04/2011;0,36;V
09/04/2011;0,36;V
10/04/2011;0,35;V
11/04/2011;0,34;V
12/04/2011;0,34;V
13/04/2011;0,34;V
14/04/2011;0,34;V
15/04/2011;0,34;V
16/04/2011;0,33;V
17/04/2011;0,32;V
18/04/2011;0,32;V
19/04/2011;0,31;V
20/04/2011;0,31;V
21/04/2011;0,31;V
22/04/2011;0,31;V
23/04/2011;0,31;V
24/04/2011;0,31;V
25/04/2011;0,31;V
26/04/2011;0,30;V
27/04/2011;0,30;V
28/04/2011;0,29;V
29/04/2011;0,30;V
30/04/2011;0,30;V
01/05/2011;0,29;V
02/05/2011;0,29;V
03/05/2011;0,29;V
04/05/2011;0,29;V
05/05/2011;0,29;V
06/05/2011;0,28;V
07/05/2011;0,28;V
08/05/2011;0,28;V
09/05/2011;0,27;V
10/05/2011;0,27;V
11/05/2011;0,27;V
12/05/2011;0,27;V
13/05/2011;0,27;V
14/05/2011;0,27;V
15/05/2011;0,28;V
16/05/2011;0,28;V
17/05/2011;0,27;V
18/05/2011;0,27;V
19/05/2011;0,27;V
20/05/2011;0,27;V
21/05/2011;0,27;V
22/05/2011;0,27;V
23/05/2011;0,26;V
24/05/2011;0,26;V
25/05/2011;0,26;V
26/05/2011;0,26;V
27/05/2011;0,26;V
28/05/2011;0,25;V
29/05/2011;0,25;V
30/05/2011;0,25;V
31/05/2011;0,25;V
01/06/2011;0,26;V
02/06/2011;0,26;V
03/06/2011;0,26;V
04/06/2011;0,28;V
05/06/2011;0,31;V
06/06/2011;0,31;V
07/06/2011;0,35;V
08/06/2011;0,49;V
09/06/2011;0,39;V
10/06/2011;0,31;V
11/06/2011;0,28;V
12/06/2011;0,27;V
13/06/2011;0,26;V
14/06/2011;0,26;V
15/06/2011;0,25;V
16/06/2011;0,25;V
17/06/2011;0,25;V
18/06/2011;0,25;V
19/06/2011;0,25;V
20/06/2011;0,25;V
21/06/2011;0,25;V
22/06/2011;0,25;V
23/06/2011;0,25;V
24/06/2011;0,25;V
25/06/2011;0,24;V
26/06/2011;0,24;V
27/06/2011;0,24;V
28/06/2011;0,24;V
29/06/2011;0,24;V
30/06/2011;0,23;V
01/07/2011;0,28;V
02/07/2011;0,28;V
03/07/2011;0,24;V
04/07/2011;0,24;V
05/07/2011;0,23;V
06/07/2011;0,23;V
07/07/2011;0,23;V
08/07/2011;0,22;V
09/07/2011;0,22;V
10/07/2011;0,22;V
11/07/2011;0,22;V
12/07/2011;0,22;V
13/07/2011;0,22;V
14/07/2011;0,22;V
15/07/2011;0,21;V
16/07/2011;0,21;V
17/07/2011;0,22;V
18/07/2011;0,21;V
19/07/2011;0,22;V
20/07/2011;0,25;V
21/07/2011;0,23;V
22/07/2011;0,22;V
23/07/2011;0,22;V
24/07/2011;0,26;V
25/07/2011;0,24;V
26/07/2011;0,23;V
27/07/2011;0,23;V
28/07/2011;0,24;V
29/07/2011;0,23;V
30/07/2011;0,22;V
31/07/2011;0,22;V
01/08/2011;0,22;V
02/08/2011;0,22;V
03/08/2011;0,22;V
04/08/2011;0,22;V
05/08/2011;0,22;V
06/08/2011;0,21;V
07/08/2011;0,21;V
08/08/2011;0,21;V
09/08/2011;0,21;V
10/08/2011;0,20;V
11/08/2011;0,20;V
12/08/2011;0,18;V
13/08/2011;;@
14/08/2011;;@
15/08/2011;;@
16/08/2011;;@
17/08/2011;;@
18/08/2011;;@
19/08/2011;;@
20/08/2011;;@
21/08/2011;;@
22/08/2011;;@
23/08/2011;;@
24/08/2011;;@
25/08/2011;;@
26/08/2011;;@
27/08/2011;;@
28/08/2011;;@
29/08/2011;;@
30/08/2011;;@
31/08/2011;;@
01/09/2011;;@
02/09/2011;;@
03/09/2011;;@
04/09/2011;;@
05/09/2011;;@
06/09/2011;;@
07/09/2011;;@
08/09/2011;;@
09/09/2011;;@
10/09/2011;;@
11/09/2011;;@
12/09/2011;;@
13/09/2011;;@
14/09/2011;;@
15/09/2011;;@
16/09/2011;;@
17/09/2011;;@
18/09/2011;;@
19/09/2011;;@
20/09/2011;;@
21/09/2011;;@
22/09/2011;;@
23/09/2011;;@
24/09/2011;;@
25/09/2011;;@
26/09/2011;;@
27/09/2011;;@
28/09/2011;;@
29/09/2011;;@
30/09/2011;;@
01/10/2011;;@
02/10/2011;;@
03/10/2011;;@
04/10/2011;;@
05/10/2011;;@
06/10/2011;;@
07/10/2011;;@
08/10/2011;;@
09/10/2011;;@
10/10/2011;;@
11/10/2011;;@
12/10/2011;;@
13/10/2011;;@
14/10/2011;;@
15/10/2011;;@
16/10/2011;;@
17/10/2011;;@
18/10/2011;;@
19/10/2011;;@
20/10/2011;;@
21/10/2011;;@
22/10/2011;;@
23/10/2011;;@
24/10/2011;;@
25/10/2011;;@
26/10/2011;0,37;@
27/10/2011;0,27;V
28/10/2011;0,24;V
29/10/2011;0,23;V
30/10/2011;0,22;V
31/10/2011;0,22;V
01/11/2011;0,22;V
02/11/2011;0,22;V
03/11/2011;0,22;V
04/11/2011;0,22;V
05/11/2011;0,22;V
06/11/2011;0,22;V
07/11/2011;0,22;V
08/11/2011;0,26;V
09/11/2011;0,24;V
10/11/2011;0,23;V
11/11/2011;0,22;V
12/11/2011;0,22;V
13/11/2011;0,22;V
14/11/2011;0,22;V
15/11/2011;0,22;V
16/11/2011;0,22;V
17/11/2011;0,22;V
18/11/2011;0,22;V
19/11/2011;0,22;V
20/11/2011;0,22;V
21/11/2011;0,22;V
22/11/2011;0,22;V
23/11/2011;0,22;V
24/11/2011;0,22;V
25/11/2011;0,22;V
26/11/2011;0,22;V
27/11/2011;0,22;V
28/11/2011;0,22;V
29/11/2011;0,22;V
30/11/2011;0,22;V
01/12/2011;0,23;V
02/12/2011;0,23;V
03/12/2011;0,23;V
04/12/2011;0,24;V
05/12/2011;0,31;V
06/12/2011;0,29;V
07/12/2011;0,26;V
08/12/2011;0,24;V
09/12/2011;0,24;V
10/12/2011;0,24;V
11/12/2011;0,24;V
12/12/2011;0,31;V
13/12/2011;0,32;V
14/12/2011;0,28;V
15/12/2011;0,27;V
16/12/2011;0,27;V
17/12/2011;0,33;V
18/12/2011;0,29;V
19/12/2011;0,26;V
20/12/2011;0,26;V
21/12/2011;0,25;V
22/12/2011;0,25;V
23/12/2011;0,24;V
24/12/2011;0,25;V
25/12/2011;0,26;V
26/12/2011;0,25;V
27/12/2011;0,25;V
28/12/2011;0,25;V
29/12/2011;0,25;V
30/12/2011;0,24;V
31/12/2011;0,24;V
01/01/2012;0,24;V
02/01/2012;0,25;V
03/01/2012;0,28;V
04/01/2012;0,26;V
05/01/2012;0,29;V
06/01/2012;0,28;V
07/01/2012;0,27;V
08/01/2012;0,26;V
09/01/2012;0,25;V
10/01/2012;0,25;V
11/01/2012;0,25;V
12/01/2012;0,25;V
13/01/2012;0,25;V
14/01/2012;0,24;V
15/01/2012;0,25;V
16/01/2012;0,24;V
17/01/2012;0,24;V
18/01/2012;0,24;V
19/01/2012;0,24;V
20/01/2012;0,25;V
21/01/2012;0,25;V
22/01/2012;0,24;V
23/01/2012;0,24;V
24/01/2012;0,23;V
25/01/2012;0,23;V
26/01/2012;0,23;V
27/01/2012;0,24;V
28/01/2012;0,24;V
29/01/2012;0,24;V
30/01/2012;0,24;V
31/01/2012;0,24;V
01/02/2012;0,26;V
02/02/2012;0,25;V
03/02/2012;0,24;V
04/02/2012;0,24;V
05/02/2012;0,24;V
06/02/2012;0,23;V
07/02/2012;0,24;V
08/02/2012;0,24;V
09/02/2012;0,23;V
10/02/2012;0,24;V
11/02/2012;0,24;V
12/02/2012;0,24;V
13/02/2012;0,24;V
14/02/2012;0,24;V
15/02/2012;0,24;V
16/02/2012;0,24;V
17/02/2012;0,24;V
18/02/2012;0,24;V
19/02/2012;0,24;V
20/02/2012;0,26;V
21/02/2012;0,27;V
22/02/2012;0,26;V
23/02/2012;0,25;V
24/02/2012;0,25;V
25/02/2012;0,25;V
26/02/2012;0,24;V
27/02/2012;0,24;V
28/02/2012;0,24;V
29/02/2012;0,25;V
01/03/2012;0,24;V
02/03/2012;0,24;V
03/03/2012;0,24;V
04/03/2012;0,24;V
05/03/2012;0,25;V
06/03/2012;0,25;V
07/03/2012;0,24;V
08/03/2012;0,24;V
09/03/2012;0,23;V
10/03/2012;0,23;V
11/03/2012;0,23;V
12/03/2012;0,23;V
13/03/2012;0,23;V
14/03/2012;0,23;V
15/03/2012;0,23;V
16/03/2012;0,23;V
17/03/2012;0,23;V
18/03/2012;0,24;V
19/03/2012;0,23;V
20/03/2012;0,23;V
21/03/2012;0,24;V
22/03/2012;0,23;V
23/03/2012;0,23;V
24/03/2012;0,23;V
25/03/2012;0,23;V
26/03/2012;0,23;V
27/03/2012;0,22;V
28/03/2012;0,22;V
29/03/2012;0,22;V
30/03/2012;0,22;V
31/03/2012;0,23;V
01/04/2012;0,22;V
02/04/2012;0,23;V
03/04/2012;0,23;V
04/04/2012;0,23;V
05/04/2012;0,23;V
06/04/2012;0,24;V
07/04/2012;0,23;V
08/04/2012;0,23;V
09/04/2012;0,23;V
10/04/2012;0,23;V
11/04/2012;0,33;V
12/04/2012;0,42;V
13/04/2012;0,33;V
14/04/2012;0,35;V
15/04/2012;0,54;V
16/04/2012;0,39;V
17/04/2012;0,34;V
18/04/2012;0,32;V
19/04/2012;0,32;V
20/04/2012;0,39;V
21/04/2012;0,39;V
22/04/2012;0,35;V
23/04/2012;0,32;V
24/04/2012;0,32;V
25/04/2012;0,33;V
26/04/2012;0,31;V
27/04/2012;0,29;V
28/04/2012;0,29;V
29/04/2012;0,28;V
30/04/2012;0,28;V
01/05/2012;0,29;V
02/05/2012;0,29;V
03/05/2012;0,27;V
04/05/2012;0,27;V
05/05/2012;0,26;V
06/05/2012;0,28;V
07/05/2012;0,75;V
08/05/2012;0,45;V
09/05/2012;0,37;V
10/05/2012;0,33;V
11/05/2012;0,31;V
12/05/2012;0,30;V
13/05/2012;0,29;V
14/05/2012;0,28;V
15/05/2012;0,27;V
16/05/2012;0,27;V
17/05/2012;0,26;V
18/05/2012;0,26;V
19/05/2012;0,26;V
20/05/2012;0,27;V
21/05/2012;0,44;V
22/05/2012;0,43;V
23/05/2012;0,45;V
24/05/2012;0,36;V
25/05/2012;0,32;V
26/05/2012;0,30;V
27/05/2012;0,29;V
28/05/2012;0,28;V
29/05/2012;0,28;V
30/05/2012;0,27;V
31/05/2012;0,27;V
01/06/2012;0,26;V
02/06/2012;0,26;V
03/06/2012;0,26;V
04/06/2012;0,30;V
05/06/2012;0,30;V
06/06/2012;0,27;V
07/06/2012;0,26;V
08/06/2012;0,25;V
09/06/2012;0,25;V
10/06/2012;0,25;V
11/06/2012;0,28;V
12/06/2012;0,27;V
13/06/2012;0,25;V
14/06/2012;0,24;V
15/06/2012;0,24;V
16/06/2012;0,24;V
17/06/2012;0,24;V
18/06/2012;0,24;V
19/06/2012;0,24;V
20/06/2012;0,24;V
21/06/2012;0,23;V
22/06/2012;0,23;V
23/06/2012;0,23;V
24/06/2012;0,23;V
25/06/2012;0,23;V
26/06/2012;0,23;V
27/06/2012;0,22;V
28/06/2012;0,21;V
29/06/2012;0,20;V
30/06/2012;;@
01/07/2012;;@
02/07/2012;;@
03/07/2012;;@
04/07/2012;;@
05/07/2012;;@
06/07/2012;;@
07/07/2012;;@
08/07/2012;;@
09/07/2012;;@
10/07/2012;;@
11/07/2012;;@
12/07/2012;;@
13/07/2012;;@
14/07/2012;;@
15/07/2012;;@
16/07/2012;;@
17/07/2012;;@
18/07/2012;;@
19/07/2012;;@
20/07/2012;;@
21/07/2012;;@
22/07/2012;;@
23/07/2012;;@
24/07/2012;;@
25/07/2012;;@
26/07/2012;;@
27/07/2012;;@
28/07/2012;;@
29/07/2012;;@
30/07/2012;;@
31/07/2012;;@
01/08/2012;;@
02/08/2012;;@
03/08/2012;;@
04/08/2012;;@
05/08/2012;;@
06/08/2012;;@
07/08/2012;;@
08/08/2012;;@
09/08/2012;;@
10/08/2012;;@
11/08/2012;;@
12/08/2012;;@
13/08/2012;;@
14/08/2012;;@
15/08/2012;;@
16/08/2012;;@
17/08/2012;;@
18/08/2012;;@
19/08/2012;;@
20/08/2012;;@
21/08/2012;;@
22/08/2012;;@
23/08/2012;;@
24/08/2012;;@
25/08/2012;;@
26/08/2012;;@
27/08/2012;;@
28/08/2012;;@
29/08/2012;;@
30/08/2012;;@
31/08/2012;;@
01/09/2012;;@
02/09/2012;;@
03/09/2012;;@
04/09/2012;;@
05/09/2012;;@
06/09/2012;;@
07/09/2012;;@
08/09/2012;;@
09/09/2012;;@
10/09/2012;;@
11/09/2012;;@
12/09/2012;;@
13/09/2012;;@
14/09/2012;;@
15/09/2012;;@
16/09/2012;;@
17/09/2012;;@
18/09/2012;;@
19/09/2012;;@
20/09/2012;;@
21/09/2012;;@
22/09/2012;;@
23/09/2012;;@
24/09/2012;;@
25/09/2012;;@
26/09/2012;;@
27/09/2012;;@
28/09/2012;;@
29/09/2012;;@
30/09/2012;0,42;@
01/10/2012;0,39;V
02/10/2012;0,25;V
03/10/2012;0,23;V
04/10/2012;0,22;V
05/10/2012;0,22;V
06/10/2012;0,21;V
07/10/2012;0,21;V
08/10/2012;0,21;V
09/10/2012;0,36;V
10/10/2012;0,30;V
11/10/2012;0,26;V
12/10/2012;0,25;V
13/10/2012;0,25;V
14/10/2012;0,25;V
15/10/2012;0,32;V
16/10/2012;0,49;V
17/10/2012;0,32;V
18/10/2012;0,28;V
19/10/2012;0,26;V
20/10/2012;0,25;V
21/10/2012;0,25;V
22/10/2012;0,25;V
23/10/2012;0,24;V
24/10/2012;0,23;V
25/10/2012;0,24;V
26/10/2012;0,25;V
27/10/2012;0,40;V
28/10/2012;0,45;V
29/10/2012;0,54;V
30/10/2012;0,36;V
31/10/2012;0,34;V
01/11/2012;0,44;V
02/11/2012;0,39;V
03/11/2012;0,34;V
04/11/2012;0,33;V
05/11/2012;0,39;V
06/11/2012;0,36;V
07/11/2012;0,32;V
08/11/2012;0,30;V
09/11/2012;0,29;V
10/11/2012;0,29;V
11/11/2012;0,32;V
12/11/2012;0,56;V
13/11/2012;0,89;V
14/11/2012;0,52;V
15/11/2012;0,42;V
16/11/2012;0,37;V
17/11/2012;0,35;V
18/11/2012;0,34;V
19/11/2012;0,33;V
20/11/2012;0,32;V
21/11/2012;0,30;V
22/11/2012;0,30;V
23/11/2012;0,29;V
24/11/2012;0,29;V
25/11/2012;0,29;V
26/11/2012;0,28;V
27/11/2012;0,72;V
28/11/2012;1,65;V
29/11/2012;0,87;V
30/11/2012;0,66;V
01/12/2012;0,55;V
02/12/2012;0,59;V
03/12/2012;0,54;V
04/12/2012;0,74;V
05/12/2012;0,63;V
06/12/2012;0,51;V
07/12/2012;0,56;V
08/12/2012;0,82;V
09/12/2012;0,55;V
10/12/2012;0,49;V
11/12/2012;0,46;V
12/12/2012;0,43;V
13/12/2012;0,41;V
14/12/2012;0,40;V
15/12/2012;0,53;V
16/12/2012;0,57;V
17/12/2012;0,81;V
18/12/2012;0,70;V
19/12/2012;0,55;V
20/12/2012;0,49;V
21/12/2012;0,49;V
22/12/2012;0,47;V
23/12/2012;0,44;V
24/12/2012;0,43;V
25/12/2012;0,41;V
26/12/2012;0,53;V
27/12/2012;0,60;V
28/12/2012;0,53;V
29/12/2012;0,48;V
30/12/2012;0,45;V
31/12/2012;0,42;V
01/01/2013;0,41;V
02/01/2013;0,40;V
03/01/2013;0,38;V
04/01/2013;0,38;V
05/01/2013;0,37;V
06/01/2013;0,36;V
07/01/2013;0,35;V
08/01/2013;0,35;V
09/01/2013;0,35;V
10/01/2013;0,34;V
11/01/2013;0,34;V
12/01/2013;0,34;V
13/01/2013;0,48;V
14/01/2013;0,64;V
15/01/2013;0,58;V
16/01/2013;0,58;V
17/01/2013;0,55;V
18/01/2013;0,48;V
19/01/2013;0,46;V
20/01/2013;0,62;V
21/01/2013;0,79;V
22/01/2013;0,64;V
23/01/2013;0,55;V
24/01/2013;0,51;V
25/01/2013;0,47;V
26/01/2013;0,44;V
27/01/2013;0,42;V
28/01/2013;0,48;V
29/01/2013;0,47;V
30/01/2013;0,44;V
31/01/2013;0,43;V
01/02/2013;0,42;V
02/02/2013;0,43;V
03/02/2013;0,49;V
04/02/2013;0,43;V
05/02/2013;0,42;V
06/02/2013;0,41;V
07/02/2013;0,45;V
08/02/2013;0,42;V
09/02/2013;0,40;V
10/02/2013;0,39;V
11/02/2013;0,40;V
12/02/2013;0,49;V
13/02/2013;0,45;V
14/02/2013;0,42;V
15/02/2013;0,40;V
16/02/2013;0,39;V
17/02/2013;0,38;V
18/02/2013;0,37;V
19/02/2013;0,36;V
20/02/2013;0,36;V
21/02/2013;0,36;V
22/02/2013;0,37;V
23/02/2013;0,53;V
24/02/2013;0,95;V
25/02/2013;0,70;V
26/02/2013;0,58;V
27/02/2013;0,53;V
28/02/2013;0,49;V
01/03/2013;0,48;V
02/03/2013;0,46;V
03/03/2013;0,46;V
04/03/2013;0,43;V
05/03/2013;0,42;V
06/03/2013;0,47;V
07/03/2013;0,50;V
08/03/2013;0,57;V
09/03/2013;0,73;V
10/03/2013;0,95;V
11/03/2013;1,33;V
12/03/2013;1,57;V
13/03/2013;1,08;V
14/03/2013;0,85;V
15/03/2013;0,67;V
16/03/2013;0,59;V
17/03/2013;0,55;V
18/03/2013;0,84;V
19/03/2013;0,68;V
20/03/2013;0,66;V
21/03/2013;0,71;V
22/03/2013;0,59;V
23/03/2013;0,55;V
24/03/2013;0,52;V
25/03/2013;0,49;V
26/03/2013;0,52;V
27/03/2013;0,49;V
28/03/2013;0,47;V
29/03/2013;0,46;V
30/03/2013;0,48;V
31/03/2013;0,58;V
01/04/2013;0,49;V
02/04/2013;0,56;V
03/04/2013;0,49;V
04/04/2013;0,46;V
05/04/2013;0,54;V
06/04/2013;0,56;V
07/04/2013;0,50;V
08/04/2013;0,47;V
09/04/2013;0,54;V
10/04/2013;0,49;V
11/04/2013;0,45;V
12/04/2013;0,43;V
13/04/2013;0,42;V
14/04/2013;0,40;V
15/04/2013;0,39;V
16/04/2013;0,38;V
17/04/2013;0,38;V
18/04/2013;0,37;V
19/04/2013;0,36;V
20/04/2013;0,36;V
21/04/2013;0,35;V
22/04/2013;0,35;V
23/04/2013;0,35;V
24/04/2013;0,34;V
25/04/2013;0,34;V
26/04/2013;0,34;V
27/04/2013;0,34;V
28/04/2013;0,34;V
29/04/2013;0,33;V
30/04/2013;0,32;V
01/05/2013;0,32;V
02/05/2013;0,32;V
03/05/2013;0,32;V
04/05/2013;0,31;V
05/05/2013;0,31;V
06/05/2013;0,31;V
07/05/2013;0,32;V
08/05/2013;0,31;V
09/05/2013;0,30;V
10/05/2013;0,30;V
11/05/2013;0,31;V
12/05/2013;0,32;V
13/05/2013;0,31;V
14/05/2013;0,30;V
15/05/2013;0,30;V
16/05/2013;;@
17/05/2013;;@
18/05/2013;0,34;V
19/05/2013;0,33;V
20/05/2013;0,35;V
21/05/2013;0,35;V
22/05/2013;0,33;V
23/05/2013;0,34;V
24/05/2013;;@
25/05/2013;0,38;V
26/05/2013;0,39;V
27/05/2013;0,34;V
28/05/2013;0,33;V
29/05/2013;0,32;V
30/05/2013;0,34;V
31/05/2013;0,34;V
01/06/2013;0,33;V
02/06/2013;0,32;V
03/06/2013;0,42;V
04/06/2013;0,37;V
05/06/2013;0,44;V
06/06/2013;0,45;V
07/06/2013;0,44;V
08/06/2013;0,42;V
09/06/2013;0,36;V
10/06/2013;0,43;V
11/06/2013;0,37;V
12/06/2013;0,33;V
13/06/2013;0,32;V
14/06/2013;0,31;V
15/06/2013;0,30;V
16/06/2013;0,30;V
17/06/2013;0,29;V
18/06/2013;0,30;V
19/06/2013;0,31;V
20/06/2013;0,29;V
21/06/2013;0,28;V
22/06/2013;0,28;V
23/06/2013;0,28;V
24/06/2013;0,34;V
25/06/2013;0,35;V
26/06/2013;0,31;V
27/06/2013;0,28;V
28/06/2013;0,27;V
29/06/2013;0,27;V
30/06/2013;0,26;V
01/07/2013;0,26;V
02/07/2013;0,25;V
03/07/2013;0,25;V
04/07/2013;0,25;V
05/07/2013;0,25;V
06/07/2013;0,25;V
07/07/2013;0,25;V
08/07/2013;0,25;V
09/07/2013;0,26;V
10/07/2013;0,27;V
11/07/2013;0,27;V
12/07/2013;0,29;V
13/07/2013;0,26;V
14/07/2013;0,25;V
15/07/2013;0,25;V
16/07/2013;0,25;V
17/07/2013;0,25;V
18/07/2013;0,26;V
19/07/2013;0,25;V
20/07/2013;0,24;V
21/07/2013;0,25;V
22/07/2013;0,24;V
23/07/2013;0,24;V
24/07/2013;0,24;V
25/07/2013;0,24;V
26/07/2013;0,25;V
27/07/2013;0,24;V
28/07/2013;0,24;V
29/07/2013;0,25;V
30/07/2013;0,26;V
31/07/2013;0,25;V
01/08/2013;0,24;V
02/08/2013;0,24;V
03/08/2013;0,23;V
04/08/2013;0,23;V
05/08/2013;0,23;V
06/08/2013;0,23;V
07/08/2013;0,23;V
08/08/2013;0,23;V
09/08/2013;0,23;V
10/08/2013;0,22;V
11/08/2013;0,22;V
12/08/2013;0,21;V
13/08/2013;;@
14/08/2013;;@
15/08/2013;;@
16/08/2013;;@
17/08/2013;;@
18/08/2013;;@
19/08/2013;;@
20/08/2013;;@
21/08/2013;;@
22/08/2013;;@
23/08/2013;;@
24/08/2013;;@
25/08/2013;;@
26/08/2013;0,23;V
27/08/2013;0,22;V
28/08/2013;0,22;V
29/08/2013;0,22;V
30/08/2013;0,21;V
31/08/2013;0,21;V
01/09/2013;0,21;V
02/09/2013;0,21;V
03/09/2013;0,20;V
04/09/2013;0,18;V
05/09/2013;;@
06/09/2013;;@
07/09/2013;;@
08/09/2013;;@
09/09/2013;;@
10/09/2013;0,23;V
11/09/2013;0,27;V
12/09/2013;0,23;V
13/09/2013;0,22;V
14/09/2013;0,21;V
15/09/2013;0,23;V
16/09/2013;0,23;V
17/09/2013;0,22;V
18/09/2013;0,22;V
19/09/2013;0,21;V
20/09/2013;0,21;V
21/09/2013;0,21;V
22/09/2013;0,21;V
23/09/2013;0,21;V
24/09/2013;0,21;V
25/09/2013;0,21;V
26/09/2013;0,21;V
27/09/2013;0,21;V
28/09/2013;0,20;V
29/09/2013;0,22;V
30/09/2013;0,28;V
01/10/2013;0,26;V
02/10/2013;0,23;V
03/10/2013;0,22;V
04/10/2013;0,22;V
05/10/2013;0,39;V
06/10/2013;0,32;V
07/10/2013;0,28;V
08/10/2013;0,30;V
09/10/2013;0,26;V
10/10/2013;0,25;V
11/10/2013;0,33;V
12/10/2013;0,29;V
13/10/2013;0,27;V
14/10/2013;0,26;V
15/10/2013;0,25;V
16/10/2013;0,30;V
17/10/2013;0,26;V
18/10/2013;0,25;V
19/10/2013;0,25;V
20/10/2013;0,25;V
21/10/2013;1,28;V
22/10/2013;0,55;V
23/10/2013;0,40;V
24/10/2013;0,92;V
25/10/2013;0,54;V
26/10/2013;0,42;V
27/10/2013;0,38;V
28/10/2013;0,35;V
29/10/2013;0,33;V
30/10/2013;0,32;V
31/10/2013;0,31;V
01/11/2013;0,30;V
02/11/2013;0,30;V
03/11/2013;0,29;V
04/11/2013;0,30;V
05/11/2013;0,65;V
06/11/2013;0,42;V
07/11/2013;0,36;V
08/11/2013;0,34;V
09/11/2013;0,37;V
10/11/2013;0,79;V
11/11/2013;0,72;V
12/11/2013;0,49;V
13/11/2013;0,42;V
14/11/2013;0,39;V
15/11/2013;0,55;V
16/11/2013;0,43;V
17/11/2013;0,39;V
18/11/2013;0,37;V
19/11/2013;0,37;V
20/11/2013;0,37;V
21/11/2013;0,76;V
22/11/2013;0,81;V
23/11/2013;0,58;V
24/11/2013;0,50;V
25/11/2013;0,45;V
26/11/2013;0,41;V
27/11/2013;0,39;V
28/11/2013;0,37;V
29/11/2013;0,36;V
30/11/2013;0,36;V
01/12/2013;0,35;V
02/12/2013;0,34;V
03/12/2013;0,32;V
04/12/2013;0,32;V
05/12/2013;0,32;V
06/12/2013;0,32;V
07/12/2013;0,31;V
08/12/2013;0,30;V
09/12/2013;0,30;V
10/12/2013;0,30;V
11/12/2013;0,30;V
12/12/2013;0,29;V
13/12/2013;0,30;V
14/12/2013;0,29;V
15/12/2013;0,29;V
16/12/2013;0,28;V
17/12/2013;0,28;V
18/12/2013;0,28;V
19/12/2013;0,28;V
20/12/2013;0,28;V
21/12/2013;0,28;V
22/12/2013;0,28;V
23/12/2013;0,28;V
24/12/2013;0,28;V
25/12/2013;0,28;V
26/12/2013;0,46;V
27/12/2013;0,46;V
28/12/2013;0,37;V
29/12/2013;0,40;V
30/12/2013;0,38;V
31/12/2013;0,35;V
01/01/2014;0,34;V
02/01/2014;0,33;V
03/01/2014;0,33;V
04/01/2014;0,33;V
05/01/2014;0,37;V
06/01/2014;0,38;V
07/01/2014;0,35;V
08/01/2014;0,34;V
09/01/2014;0,33;V
10/01/2014;0,33;V
11/01/2014;0,32;V
12/01/2014;0,31;V
13/01/2014;;@
14/01/2014;0,38;V
15/01/2014;0,42;V
16/01/2014;0,37;V
17/01/2014;0,43;V
18/01/2014;0,64;V
19/01/2014;0,53;V
20/01/2014;0,57;V
21/01/2014;0,49;V
22/01/2014;0,45;V
23/01/2014;0,43;V
24/01/2014;0,52;V
25/01/2014;0,45;V
26/01/2014;0,42;V
27/01/2014;0,43;V
28/01/2014;0,45;V
29/01/2014;0,41;V
30/01/2014;1,00;V
31/01/2014;1,25;V
01/02/2014;0,83;V
02/02/2014;0,66;V
03/02/2014;0,63;V
04/02/2014;0,60;V
05/02/2014;0,60;V
06/02/2014;0,78;V
07/02/2014;0,63;V
08/02/2014;0,79;V
09/02/2014;0,66;V
10/02/2014;0,96;V
11/02/2014;1,19;V
12/02/2014;0,75;V
13/02/2014;0,63;V
14/02/2014;0,57;V
15/02/2014;0,53;V
16/02/2014;0,50;V
17/02/2014;0,48;V
18/02/2014;0,46;V
19/02/2014;0,49;V
20/02/2014;0,92;V
21/02/2014;0,67;V
22/02/2014;0,69;V
23/02/2014;0,60;V
24/02/2014;0,53;V
25/02/2014;0,50;V
26/02/2014;0,56;V
27/02/2014;0,64;V
28/02/2014;0,65;V
01/03/2014;0,80;V
02/03/2014;0,66;V
03/03/2014;0,57;V
04/03/2014;0,76;V
05/03/2014;0,64;V
06/03/2014;0,56;V
07/03/2014;0,51;V
08/03/2014;0,48;V
09/03/2014;0,47;V
10/03/2014;0,46;V
11/03/2014;0,44;V
12/03/2014;0,43;V
13/03/2014;0,42;V
14/03/2014;0,41;V
15/03/2014;0,40;V
16/03/2014;0,40;V
17/03/2014;0,39;V
18/03/2014;0,38;V
19/03/2014;0,38;V
20/03/2014;0,37;V
21/03/2014;0,37;V
22/03/2014;0,37;V
23/03/2014;0,54;V
24/03/2014;0,67;V
25/03/2014;0,49;V
26/03/2014;0,45;V
27/03/2014;0,43;V
28/03/2014;0,41;V
29/03/2014;0,39;V
30/03/2014;0,39;V
31/03/2014;0,39;V
01/04/2014;0,38;V
02/04/2014;0,38;V
03/04/2014;0,37;V
04/04/2014;0,38;V
05/04/2014;0,44;V
06/04/2014;0,40;V
07/04/2014;0,37;V
08/04/2014;0,37;V
09/04/2014;0,35;V
10/04/2014;0,35;V
11/04/2014;0,35;V
12/04/2014;0,35;V
13/04/2014;0,35;V
14/04/2014;0,35;V
15/04/2014;0,34;V
16/04/2014;0,33;V
17/04/2014;0,33;V
18/04/2014;0,33;V
19/04/2014;0,35;V
20/04/2014;0,35;V
21/04/2014;0,34;V
22/04/2014;0,32;V
23/04/2014;0,33;V
24/04/2014;0,33;V
25/04/2014;0,38;V
26/04/2014;0,44;V
27/04/2014;0,37;V
28/04/2014;0,36;V
29/04/2014;0,40;V
30/04/2014;0,45;V
01/05/2014;0,45;V
02/05/2014;0,48;V
03/05/2014;0,70;V
04/05/2014;0,55;V
05/05/2014;0,45;V
06/05/2014;0,42;V
07/05/2014;0,39;V
08/05/2014;0,38;V
09/05/2014;0,37;V
10/05/2014;0,36;V
11/05/2014;0,36;V
12/05/2014;0,36;V
13/05/2014;0,35;V
14/05/2014;0,35;V
15/05/2014;0,34;V
16/05/2014;0,33;V
17/05/2014;0,33;V
18/05/2014;0,33;V
19/05/2014;0,33;V
20/05/2014;0,33;V
21/05/2014;0,33;V
22/05/2014;0,33;V
23/05/2014;0,33;V
24/05/2014;0,32;V
25/05/2014;0,31;V
26/05/2014;0,32;V
27/05/2014;0,33;V
28/05/2014;0,32;V
29/05/2014;0,30;V
30/05/2014;0,30;V
31/05/2014;0,35;V
01/06/2014;0,31;V
02/06/2014;0,30;V
03/06/2014;0,30;V
04/06/2014;0,30;V
05/06/2014;0,30;V
06/06/2014;0,29;V
07/06/2014;0,29;V
08/06/2014;0,29;V
09/06/2014;0,28;V
10/06/2014;0,28;V
11/06/2014;0,28;V
12/06/2014;0,27;V
13/06/2014;0,27;V
14/06/2014;0,28;V
15/06/2014;0,29;V
16/06/2014;0,29;V
17/06/2014;0,28;V
18/06/2014;0,28;V
19/06/2014;0,28;V
20/06/2014;0,28;V
21/06/2014;0,28;V
22/06/2014;0,28;V
23/06/2014;0,28;V
24/06/2014;0,27;V
25/06/2014;0,28;V
26/06/2014;0,31;V
27/06/2014;0,30;V
28/06/2014;0,26;V
29/06/2014;0,28;V
30/06/2014;0,41;V
01/07/2014;0,28;V
02/07/2014;0,26;V
03/07/2014;0,25;V
04/07/2014;0,25;V
05/07/2014;0,25;V
06/07/2014;0,25;V
07/07/2014;0,25;V
08/07/2014;0,25;V
09/07/2014;0,25;V
10/07/2014;0,26;V
11/07/2014;0,26;V
12/07/2014;0,25;V
13/07/2014;0,25;V
14/07/2014;0,25;V
15/07/2014;0,25;V
16/07/2014;0,24;V
17/07/2014;0,23;V
18/07/2014;0,23;V
19/07/2014;0,22;V
20/07/2014;0,22;V
21/07/2014;0,26;V
22/07/2014;0,27;V
23/07/2014;0,24;V
24/07/2014;0,25;V
25/07/2014;0,25;V
26/07/2014;0,26;V
27/07/2014;0,30;V
28/07/2014;0,24;V
29/07/2014;0,24;V
30/07/2014;0,29;V
31/07/2014;0,26;V
01/08/2014;0,24;V
02/08/2014;0,24;V
03/08/2014;0,26;V
04/08/2014;0,26;V
05/08/2014;0,25;V
06/08/2014;0,25;V
07/08/2014;0,23;V
08/08/2014;0,23;V
09/08/2014;0,23;V
10/08/2014;0,22;V
11/08/2014;0,21;V
12/08/2014;0,21;V
13/08/2014;0,21;V
14/08/2014;0,21;V
15/08/2014;0,24;V
16/08/2014;0,23;V
17/08/2014;0,22;V
18/08/2014;0,21;V
19/08/2014;0,21;V
20/08/2014;0,21;V
21/08/2014;0,21;V
22/08/2014;0,21;V
23/08/2014;0,21;V
24/08/2014;0,21;V
25/08/2014;0,21;V
26/08/2014;0,21;V
27/08/2014;0,21;V
28/08/2014;0,19;V
29/08/2014;0,12;V
30/08/2014;0,09;V
31/08/2014;0,09;V
01/09/2014;0,25;V
02/09/2014;0,25;V
03/09/2014;0,23;V
04/09/2014;0,22;V
05/09/2014;0,21;V
06/09/2014;0,21;V
07/09/2014;0,21;V
08/09/2014;0,21;V
09/09/2014;0,21;V
10/09/2014;0,24;V
11/09/2014;0,32;V
12/09/2014;0,30;V
13/09/2014;0,26;V
14/09/2014;0,24;V
15/09/2014;0,24;V
16/09/2014;0,23;V
17/09/2014;0,24;V
18/09/2014;0,24;V
19/09/2014;0,24;V
20/09/2014;0,23;V
21/09/2014;0,24;V
22/09/2014;0,23;V
23/09/2014;0,22;V
24/09/2014;0,23;V
25/09/2014;0,22;V
26/09/2014;0,22;V
27/09/2014;0,22;V
28/09/2014;0,22;V
29/09/2014;0,22;V
30/09/2014;0,22;V
01/10/2014;0,22;V
02/10/2014;0,22;V
03/10/2014;0,23;V
04/10/2014;0,22;V
05/10/2014;0,23;V
06/10/2014;0,22;V
07/10/2014;0,23;V
08/10/2014;0,23;V
09/10/2014;0,22;V
10/10/2014;0,22;V
11/10/2014;0,22;V
12/10/2014;0,22;V
13/10/2014;0,26;V
14/10/2014;0,34;V
15/10/2014;0,28;V
16/10/2014;0,26;V
17/10/2014;0,25;V
18/10/2014;0,25;V
19/10/2014;0,25;V
20/10/2014;0,25;V
21/10/2014;0,25;V
22/10/2014;0,24;V
23/10/2014;0,23;V
24/10/2014;0,23;V
25/10/2014;0,23;V
26/10/2014;0,23;V
27/10/2014;0,23;V
28/10/2014;0,23;V
29/10/2014;0,23;V
30/10/2014;0,24;V
31/10/2014;0,22;V
01/11/2014;0,19;V
02/11/2014;0,20;V
03/11/2014;0,20;V
04/11/2014;0,20;V
05/11/2014;0,37;V
06/11/2014;0,33;V
07/11/2014;0,29;V
08/11/2014;0,26;V
09/11/2014;0,24;V
10/11/2014;0,27;V
11/11/2014;0,27;V
12/11/2014;0,26;V
13/11/2014;0,35;V
14/11/2014;0,28;V
15/11/2014;0,27;V
16/11/2014;0,46;V
17/11/2014;0,72;V
18/11/2014;0,84;V
19/11/2014;0,67;V
20/11/2014;0,43;V
21/11/2014;0,37;V
22/11/2014;0,34;V
23/11/2014;0,32;V
24/11/2014;0,30;V
25/11/2014;0,29;V
26/11/2014;0,36;V
27/11/2014;0,44;V
28/11/2014;0,40;V
29/11/2014;0,35;V
30/11/2014;0,32;V
01/12/2014;0,32;V
02/12/2014;0,30;V
03/12/2014;0,30;V
04/12/2014;0,34;V
05/12/2014;0,37;V
06/12/2014;0,33;V
07/12/2014;0,34;V
08/12/2014;0,32;V
09/12/2014;0,31;V
10/12/2014;0,30;V
11/12/2014;0,29;V
12/12/2014;0,30;V
13/12/2014;0,29;V
14/12/2014;0,29;V
15/12/2014;0,28;V
16/12/2014;0,29;V
17/12/2014;0,29;V
18/12/2014;0,28;V
19/12/2014;0,27;V
20/12/2014;0,26;V
21/12/2014;0,26;V
22/12/2014;0,27;V
23/12/2014;0,26;V
24/12/2014;0,26;V
25/12/2014;0,26;V
26/12/2014;0,27;V
27/12/2014;0,34;V
28/12/2014;0,44;V
29/12/2014;0,33;V
30/12/2014;0,30;V
31/12/2014;0,30;V
01/01/2015;0,29;V
02/01/2015;0,27;V
03/01/2015;0,27;V
04/01/2015;0,27;V
05/01/2015;0,27;V
06/01/2015;0,27;V
07/01/2015;0,27;V
08/01/2015;0,26;V
09/01/2015;0,26;V
10/01/2015;0,26;V
11/01/2015;0,26;V
12/01/2015;0,27;V
13/01/2015;0,26;V
14/01/2015;0,26;V
15/01/2015;0,26;V
16/01/2015;0,26;V
17/01/2015;0,30;V
18/01/2015;0,29;V
19/01/2015;0,27;V
20/01/2015;0,27;V
21/01/2015;0,27;V
22/01/2015;0,27;V
23/01/2015;0,26;V
24/01/2015;0,26;V
25/01/2015;0,26;V
26/01/2015;0,26;V
27/01/2015;0,26;V
28/01/2015;0,26;V
29/01/2015;0,28;V
30/01/2015;0,89;V
31/01/2015;0,58;V
01/02/2015;0,51;V
02/02/2015;0,46;V
03/02/2015;0,46;V
04/02/2015;0,44;V
05/02/2015;0,85;V
06/02/2015;0,77;V
07/02/2015;0,59;V
08/02/2015;0,50;V
09/02/2015;0,45;V
10/02/2015;0,42;V
11/02/2015;0,40;V
12/02/2015;0,39;V
13/02/2015;0,37;V
14/02/2015;0,37;V
15/02/2015;0,37;V
16/02/2015;0,36;V
17/02/2015;0,34;V
18/02/2015;0,33;V
19/02/2015;0,33;V
20/02/2015;0,33;V
21/02/2015;0,33;V
22/02/2015;0,34;V
23/02/2015;0,32;V
24/02/2015;0,32;V
25/02/2015;0,30;V
26/02/2015;0,30;V
27/02/2015;0,30;V
28/02/2015;0,30;V
01/03/2015;0,30;V
02/03/2015;0,30;V
03/03/2015;0,30;V
04/03/2015;0,31;V
05/03/2015;0,46;V
06/03/2015;0,37;V
07/03/2015;0,34;V
08/03/2015;0,33;V
09/03/2015;0,32;V
10/03/2015;0,32;V
11/03/2015;0,31;V
12/03/2015;0,31;V
13/03/2015;0,30;V
14/03/2015;0,31;V
15/03/2015;0,30;V
16/03/2015;0,33;V
17/03/2015;0,54;V
18/03/2015;0,44;V
19/03/2015;0,38;V
20/03/2015;0,36;V
21/03/2015;0,35;V
22/03/2015;0,33;V
23/03/2015;0,32;V
24/03/2015;0,33;V
25/03/2015;0,34;V
26/03/2015;0,65;V
27/03/2015;0,47;V
28/03/2015;0,41;V
29/03/2015;0,39;V
30/03/2015;0,37;V
31/03/2015;0,37;V
01/04/2015;0,35;V
02/04/2015;0,34;V
03/04/2015;0,34;V
04/04/2015;0,48;V
05/04/2015;0,58;V
06/04/2015;0,44;V
07/04/2015;0,39;V
08/04/2015;0,38;V
09/04/2015;0,37;V
10/04/2015;0,36;V
11/04/2015;0,35;V
12/04/2015;0,34;V
13/04/2015;0,34;V
14/04/2015;0,34;V
15/04/2015;0,33;V
16/04/2015;0,33;V
17/04/2015;0,33;V
18/04/2015;0,33;V
19/04/2015;0,31;V
20/04/2015;0,31;V
21/04/2015;0,31;V
22/04/2015;0,31;V
23/04/2015;0,31;V
24/04/2015;0,31;V
25/04/2015;0,30;V
26/04/2015;0,32;V
27/04/2015;0,34;V
28/04/2015;0,41;V
29/04/2015;0,37;V
30/04/2015;0,36;V
01/05/2015;0,34;V
02/05/2015;0,33;V
03/05/2015;0,30;V
04/05/2015;0,30;V
05/05/2015;0,30;V
06/05/2015;0,30;V
07/05/2015;0,29;V
08/05/2015;0,28;V
09/05/2015;0,27;V
10/05/2015;0,27;V
11/05/2015;0,27;V
12/05/2015;0,27;V
13/05/2015;0,27;V
14/05/2015;0,27;V
15/05/2015;0,27;V
16/05/2015;0,28;V
17/05/2015;0,27;V
18/05/2015;0,26;V
19/05/2015;0,26;V
20/05/2015;0,27;V
21/05/2015;0,28;V
22/05/2015;0,31;V
23/05/2015;0,30;V
24/05/2015;0,28;V
25/05/2015;0,28;V
26/05/2015;0,27;V
27/05/2015;0,27;V
28/05/2015;0,27;V
29/05/2015;0,26;V
30/05/2015;0,25;V
31/05/2015;0,25;V
01/06/2015;0,25;V
02/06/2015;0,25;V
03/06/2015;0,25;V
04/06/2015;0,24;V
05/06/2015;0,25;V
06/06/2015;0,25;V
07/06/2015;0,24;V
08/06/2015;0,24;V
09/06/2015;0,25;V
10/06/2015;0,24;V
11/06/2015;0,25;V
12/06/2015;0,25;V
13/06/2015;0,24;V
14/06/2015;0,25;V
15/06/2015;0,27;V
16/06/2015;0,32;V
17/06/2015;0,26;V
18/06/2015;0,25;V
19/06/2015;0,25;V
20/06/2015;0,24;V
21/06/2015;0,24;V
22/06/2015;0,24;V
23/06/2015;0,23;V
24/06/2015;0,22;V
25/06/2015;0,22;V
26/06/2015;0,22;V
27/06/2015;0,22;V
28/06/2015;0,22;V
29/06/2015;0,22;V
30/06/2015;0,21;V
01/07/2015;0,21;V
02/07/2015;0,21;V
03/07/2015;0,21;V
04/07/2015;0,21;V
05/07/2015;0,21;V
06/07/2015;0,18;V
07/07/2015;;@
08/07/2015;;@
09/07/2015;;@
10/07/2015;;@
11/07/2015;;@
12/07/2015;;@
13/07/2015;;@
14/07/2015;;@
15/07/2015;;@
16/07/2015;;@
17/07/2015;;@
18/07/2015;;@
19/07/2015;;@
20/07/2015;;@
21/07/2015;;@
22/07/2015;;@
23/07/2015;;@
24/07/2015;;@
25/07/2015;;@
26/07/2015;;@
27/07/2015;;@
28/07/2015;;@
29/07/2015;;@
30/07/2015;;@
31/07/2015;;@
01/08/2015;;@
02/08/2015;0,29;V
03/08/2015;0,24;V
04/08/2015;0,22;V
05/08/2015;0,22;V
06/08/2015;0,21;V
07/08/2015;0,21;V
08/08/2015;0,19;V
09/08/2015;0,14;V
10/08/2015;0,22;V
11/08/2015;0,23;V
12/08/2015;0,22;V
13/08/2015;0,21;V
14/08/2015;0,18;V
15/08/2015;0,12;V
16/08/2015;0,11;V
17/08/2015;0,20;V
18/08/2015;0,23;V
19/08/2015;0,23;V
20/08/2015;0,22;V
21/08/2015;0,22;V
22/08/2015;0,22;V
23/08/2015;0,22;V
24/08/2015;0,24;V
25/08/2015;0,25;V
26/08/2015;0,24;V
27/08/2015;0,23;V
28/08/2015;0,22;V
29/08/2015;0,22;V
30/08/2015;0,22;V
31/08/2015;0,21;V
01/09/2015;0,16;V
02/09/2015;0,12;V
03/09/2015;0,09;V
04/09/2015;0,08;V
05/09/2015;;@
06/09/2015;;@
07/09/2015;;@
08/09/2015;;@
09/09/2015;;@
10/09/2015;;@
11/09/2015;;@
12/09/2015;;@
13/09/2015;;@
14/09/2015;0,17;V
15/09/2015;0,23;V
16/09/2015;0,23;V
17/09/2015;0,22;V
18/09/2015;0,22;V
19/09/2015;0,20;V
20/09/2015;0,20;V
21/09/2015;0,20;V
22/09/2015;0,18;V
23/09/2015;0,17;V
24/09/2015;0,27;V
25/09/2015;0,24;V
26/09/2015;0,24;V
27/09/2015;0,23;V
28/09/2015;0,21;V
29/09/2015;0,12;V
30/09/2015;0,12;V
01/10/2015;0,21;V
02/10/2015;0,24;V
03/10/2015;0,26;V
04/10/2015;0,32;V
05/10/2015;0,28;V
06/10/2015;0,27;V
07/10/2015;0,32;V
08/10/2015;0,27;V
09/10/2015;0,26;V
10/10/2015;0,27;V
11/10/2015;0,28;V
12/10/2015;0,27;V
13/10/2015;0,28;V
14/10/2015;0,33;V
15/10/2015;0,52;V
16/10/2015;0,37;V
17/10/2015;0,31;V
18/10/2015;;@
19/10/2015;;@
20/10/2015;0,27;V
21/10/2015;0,27;V
22/10/2015;0,27;V
23/10/2015;0,26;V
24/10/2015;0,26;V
25/10/2015;0,27;V
26/10/2015;0,27;V
27/10/2015;0,26;V
28/10/2015;0,40;V
29/10/2015;0,85;V
30/10/2015;0,41;V
31/10/2015;0,34;V
01/11/2015;0,31;V
02/11/2015;0,30;V
03/11/2015;0,30;V
04/11/2015;0,29;V
05/11/2015;0,29;V
06/11/2015;0,28;V
07/11/2015;0,28;V
08/11/2015;0,27;V
09/11/2015;0,28;V
10/11/2015;0,28;V
11/11/2015;;@
12/11/2015;0,27;V
13/11/2015;0,28;V
14/11/2015;0,28;V
15/11/2015;0,28;V
16/11/2015;0,28;V
17/11/2015;0,28;V
18/11/2015;0,28;V
19/11/2015;0,28;V
20/11/2015;0,28;V
21/11/2015;0,31;V
22/11/2015;0,40;V
23/11/2015;0,35;V
24/11/2015;0,32;V
25/11/2015;0,32;V
26/11/2015;0,31;V
27/11/2015;0,29;V
28/11/2015;0,28;V
29/11/2015;0,28;V
30/11/2015;0,28;V
01/12/2015;0,28;V
02/12/2015;0,28;V
03/12/2015;0,28;V
04/12/2015;0,28;V
05/12/2015;0,28;V
06/12/2015;0,29;V
07/12/2015;0,28;V
08/12/2015;0,28;V
09/12/2015;0,28;V
10/12/2015;0,28;V
11/12/2015;0,28;V
12/12/2015;0,28;V
13/12/2015;0,28;V
14/12/2015;0,28;V
15/12/2015;0,28;V
16/12/2015;0,28;V
17/12/2015;0,28;V
18/12/2015;0,28;V
19/12/2015;0,28;V
20/12/2015;0,28;V
21/12/2015;0,28;V
22/12/2015;0,28;V
23/12/2015;0,28;V
24/12/2015;0,28;V
25/12/2015;0,28;V
26/12/2015;0,28;V
27/12/2015;0,28;V
28/12/2015;0,28;V
29/12/2015;0,28;V
30/12/2015;0,28;V
31/12/2015;0,29;V
01/01/2016;0,28;V
02/01/2016;0,29;V
03/01/2016;0,34;V
04/01/2016;0,32;V
05/01/2016;0,35;V
06/01/2016;0,65;V
07/01/2016;0,51;V
08/01/2016;0,57;V
09/01/2016;0,45;V
10/01/2016;0,50;V
11/01/2016;0,45;V
12/01/2016;0,44;V
13/01/2016;0,39;V
14/01/2016;0,43;V
15/01/2016;0,73;V
16/01/2016;0,49;V
17/01/2016;0,43;V
18/01/2016;0,40;V
19/01/2016;0,38;V
20/01/2016;0,38;V
21/01/2016;0,37;V
22/01/2016;0,35;V
23/01/2016;0,35;V
24/01/2016;0,34;V
25/01/2016;0,34;V
26/01/2016;0,34;V
27/01/2016;0,34;V
28/01/2016;0,32;V
29/01/2016;0,31;V
30/01/2016;0,31;V
31/01/2016;0,31;V
01/02/2016;0,31;V
02/02/2016;0,31;V
03/02/2016;0,31;V
04/02/2016;0,32;V
05/02/2016;0,31;V
06/02/2016;0,31;V
07/02/2016;0,31;V
08/02/2016;0,31;V
09/02/2016;0,31;V
10/02/2016;0,43;V
11/02/2016;0,39;V
12/02/2016;0,71;V
13/02/2016;0,81;V
14/02/2016;0,89;V
15/02/2016;0,87;V
16/02/2016;1,15;V
17/02/2016;0,98;V
18/02/2016;0,76;V
19/02/2016;0,63;V
20/02/2016;0,55;V
21/02/2016;0,50;V
22/02/2016;0,47;V
23/02/2016;0,46;V
24/02/2016;0,43;V
25/02/2016;0,61;V
26/02/2016;0,65;V
27/02/2016;0,79;V
28/02/2016;0,96;V
29/02/2016;1,17;V
01/03/2016;0,79;V
02/03/2016;0,64;V
03/03/2016;0,60;V
04/03/2016;0,54;V
05/03/2016;0,56;V
06/03/2016;0,75;V
07/03/2016;0,76;V
08/03/2016;0,68;V
09/03/2016;0,70;V
10/03/2016;0,62;V
11/03/2016;0,55;V
12/03/2016;0,51;V
13/03/2016;0,49;V
14/03/2016;0,46;V
15/03/2016;0,44;V
16/03/2016;0,43;V
17/03/2016;0,41;V
18/03/2016;0,41;V
19/03/2016;0,40;V
20/03/2016;0,40;V
21/03/2016;0,40;V
22/03/2016;0,39;V
23/03/2016;0,38;V
24/03/2016;0,37;V
25/03/2016;0,37;V
26/03/2016;0,36;V
27/03/2016;0,37;V
28/03/2016;0,39;V
29/03/2016;0,37;V
30/03/2016;0,36;V
31/03/2016;0,35;V
01/04/2016;0,35;V
02/04/2016;0,34;V
03/04/2016;0,33;V
04/04/2016;0,34;V
05/04/2016;0,33;V
06/04/2016;0,33;V
07/04/2016;0,33;V
08/04/2016;0,34;V
09/04/2016;0,34;V
10/04/2016;0,33;V
11/04/2016;0,32;V
12/04/2016;0,35;V
13/04/2016;0,38;V
14/04/2016;0,38;V
15/04/2016;0,37;V
16/04/2016;0,36;V
17/04/2016;0,36;V
18/04/2016;0,36;V
19/04/2016;0,36;V
20/04/2016;0,35;V
21/04/2016;0,36;V
22/04/2016;0,36;V
23/04/2016;0,48;V
24/04/2016;0,94;V
25/04/2016;0,77;V
26/04/2016;0,58;V
27/04/2016;0,50;V
28/04/2016;0,47;V
29/04/2016;0,44;V
30/04/2016;0,45;V
01/05/2016;0,61;V
02/05/2016;0,63;V
03/05/2016;0,59;V
04/05/2016;0,52;V
05/05/2016;0,47;V
06/05/2016;0,45;V
07/05/2016;0,45;V
08/05/2016;0,45;V
09/05/2016;0,43;V
10/05/2016;0,42;V
11/05/2016;0,42;V
12/05/2016;0,45;V
13/05/2016;0,42;V
14/05/2016;0,43;V
15/05/2016;0,42;V
16/05/2016;0,43;V
17/05/2016;0,41;V
18/05/2016;0,40;V
19/05/2016;0,42;V
20/05/2016;0,41;V
21/05/2016;0,39;V
22/05/2016;0,39;V
23/05/2016;0,42;V
24/05/2016;0,41;V
25/05/2016;0,39;V
26/05/2016;0,38;V
27/05/2016;0,38;V
28/05/2016;0,38;V
29/05/2016;0,39;V
30/05/2016;0,39;V
31/05/2016;0,39;V
01/06/2016;0,39;V
02/06/2016;0,42;V
03/06/2016;0,43;V
04/06/2016;0,41;V
05/06/2016;0,39;V
06/06/2016;0,38;V
07/06/2016;0,43;V
08/06/2016;0,59;V
09/06/2016;0,51;V
10/06/2016;0,47;V
11/06/2016;0,42;V
12/06/2016;0,65;V
13/06/2016;0,51;V
14/06/2016;0,45;V
15/06/2016;0,43;V
16/06/2016;0,41;V
17/06/2016;0,40;V
18/06/2016;0,38;V
19/06/2016;0,39;V
20/06/2016;0,39;V
21/06/2016;0,37;V
22/06/2016;0,36;V
23/06/2016;0,35;V
24/06/2016;0,35;V
25/06/2016;0,36;V
26/06/2016;0,35;V
27/06/2016;0,35;V
28/06/2016;0,35;V
29/06/2016;0,35;V
30/06/2016;0,35;V
01/07/2016;0,34;V
02/07/2016;0,35;V
03/07/2016;0,34;V
04/07/2016;0,33;V
05/07/2016;0,34;V
06/07/2016;0,34;V
07/07/2016;0,33;V
08/07/2016;0,32;V
09/07/2016;0,32;V
10/07/2016;0,32;V
11/07/2016;0,31;V
12/07/2016;0,31;V
13/07/2016;0,31;V
14/07/2016;0,30;V
15/07/2016;0,31;V
16/07/2016;0,32;V
17/07/2016;0,31;V
18/07/2016;0,30;V
19/07/2016;0,30;V
20/07/2016;0,30;V
21/07/2016;0,30;V
22/07/2016;0,29;V
23/07/2016;0,29;V
24/07/2016;0,29;V
25/07/2016;0,30;V
26/07/2016;0,31;V
27/07/2016;0,31;V
28/07/2016;0,29;V
29/07/2016;0,29;V
30/07/2016;0,29;V
31/07/2016;0,29;V
01/08/2016;0,29;V
02/08/2016;0,34;V
03/08/2016;;@
04/08/2016;;@
05/08/2016;;@
06/08/2016;;@
07/08/2016;;@
08/08/2016;;@
09/08/2016;;@
10/08/2016;;@
11/08/2016;;@
12/08/2016;;@
13/08/2016;;@
14/08/2016;;@
15/08/2016;;@
16/08/2016;;@
17/08/2016;;@
18/08/2016;;@
19/08/2016;;@
20/08/2016;;@
21/08/2016;;@
22/08/2016;;@
23/08/2016;;@
24/08/2016;;@
25/08/2016;;@
26/08/2016;;@
27/08/2016;;@
28/08/2016;;@
29/08/2016;;@
30/08/2016;;@
31/08/2016;;@
01/09/2016;;@
02/09/2016;;@
03/09/2016;;@
04/09/2016;;@
05/09/2016;;@
06/09/2016;;@
07/09/2016;;@
08/09/2016;;@
09/09/2016;;@
10/09/2016;;@
11/09/2016;;@
12/09/2016;;@
13/09/2016;;@
14/09/2016;;@
15/09/2016;;@
16/09/2016;;@
17/09/2016;0,39;V
18/09/2016;0,34;V
19/09/2016;0,33;V
20/09/2016;0,33;V
21/09/2016;0,32;V
22/09/2016;0,32;V
23/09/2016;0,32;V
24/09/2016;0,31;V
25/09/2016;0,30;V
26/09/2016;0,31;V
27/09/2016;0,30;V
28/09/2016;0,30;V
29/09/2016;0,30;V
30/09/2016;0,30;V
01/10/2016;0,30;V
02/10/2016;0,36;V
03/10/2016;0,33;V
04/10/2016;0,33;V
05/10/2016;0,32;V
06/10/2016;0,32;V
07/10/2016;0,34;V
08/10/2016;0,40;V
09/10/2016;0,38;V
10/10/2016;0,35;V
11/10/2016;0,34;V
12/10/2016;0,33;V
13/10/2016;0,34;V
14/10/2016;0,49;V
15/10/2016;0,68;V
16/10/2016;0,42;V
17/10/2016;0,38;V
18/10/2016;0,37;V
19/10/2016;0,36;V
20/10/2016;0,36;V
21/10/2016;0,36;V
22/10/2016;0,34;V
23/10/2016;0,34;V
24/10/2016;0,33;V
25/10/2016;0,33;V
26/10/2016;0,42;V
27/10/2016;0,75;V
28/10/2016;0,45;V
29/10/2016;0,41;V
30/10/2016;0,39;V
31/10/2016;0,38;V
01/11/2016;0,37;V
02/11/2016;0,37;V
03/11/2016;0,37;V
04/11/2016;0,37;V
05/11/2016;0,38;V
06/11/2016;1,24;V
07/11/2016;0,74;V
08/11/2016;0,54;V
09/11/2016;0,48;V
10/11/2016;0,48;V
11/11/2016;0,62;V
12/11/2016;0,69;V
13/11/2016;0,54;V
14/11/2016;0,49;V
15/11/2016;0,46;V
16/11/2016;0,43;V
17/11/2016;0,43;V
18/11/2016;0,51;V
19/11/2016;0,78;V
20/11/2016;0,65;V
21/11/2016;0,54;V
22/11/2016;0,50;V
23/11/2016;0,47;V
24/11/2016;0,46;V
25/11/2016;0,46;V
26/11/2016;0,43;V
27/11/2016;0,43;V
28/11/2016;0,43;V
29/11/2016;0,41;V
30/11/2016;0,41;V
01/12/2016;0,41;V
02/12/2016;0,40;V
03/12/2016;0,40;V
04/12/2016;0,40;V
05/12/2016;0,40;V
06/12/2016;0,40;V
07/12/2016;0,38;V
08/12/2016;0,38;V
09/12/2016;0,38;V
10/12/2016;0,37;V
11/12/2016;0,37;V
12/12/2016;0,37;V
13/12/2016;0,38;V
14/12/2016;0,38;V
15/12/2016;0,38;V
16/12/2016;0,38;V
17/12/2016;0,38;V
18/12/2016;0,38;V
19/12/2016;0,38;V
20/12/2016;0,37;V
21/12/2016;0,37;V
22/12/2016;0,37;V
23/12/2016;0,37;V
24/12/2016;0,37;V
25/12/2016;0,37;V
26/12/2016;0,38;V
27/12/2016;0,37;V
28/12/2016;0,37;V
29/12/2016;0,36;V
30/12/2016;0,35;V
31/12/2016;0,35;V
01/01/2017;0,35;V
02/01/2017;0,37;V
03/01/2017;0,65;V
04/01/2017;0,51;V
05/01/2017;0,43;V
06/01/2017;0,40;V
07/01/2017;0,37;V
08/01/2017;0,36;V
09/01/2017;0,36;V
10/01/2017;0,35;V
11/01/2017;0,33;V
12/01/2017;0,33;V
13/01/2017;0,32;V
14/01/2017;0,31;V
15/01/2017;0,29;V
16/01/2017;0,29;V
17/01/2017;0,28;V
18/01/2017;0,28;V
19/01/2017;0,28;V
20/01/2017;0,29;V
21/01/2017;0,28;V
22/01/2017;0,29;V
23/01/2017;0,28;V
24/01/2017;0,29;V
25/01/2017;0,29;V
26/01/2017;0,29;V
27/01/2017;0,29;V
28/01/2017;0,29;V
29/01/2017;0,29;V
30/01/2017;0,30;V
31/01/2017;0,29;V
01/02/2017;0,29;V
02/02/2017;0,29;V
03/02/2017;0,29;V
04/02/2017;0,29;V
05/02/2017;0,32;V
06/02/2017;0,47;V
07/02/2017;0,42;V
08/02/2017;0,37;V
09/02/2017;0,35;V
10/02/2017;0,33;V
11/02/2017;0,33;V
12/02/2017;0,32;V
13/02/2017;0,32;V
14/02/2017;0,31;V
15/02/2017;0,31;V
16/02/2017;0,30;V
17/02/2017;0,30;V
18/02/2017;0,32;V
19/02/2017;0,31;V
20/02/2017;0,30;V
21/02/2017;0,30;V
22/02/2017;0,30;V
23/02/2017;0,29;V
24/02/2017;0,49;V
25/02/2017;1,09;V
26/02/2017;0,58;V
27/02/2017;0,49;V
28/02/2017;0,44;V
01/03/2017;0,42;V
02/03/2017;0,41;V
03/03/2017;0,38;V
04/03/2017;0,38;V
05/03/2017;0,50;V
06/03/2017;0,55;V
07/03/2017;0,81;V
08/03/2017;0,54;V
09/03/2017;0,48;V
10/03/2017;0,44;V
11/03/2017;0,41;V
12/03/2017;0,40;V
13/03/2017;0,38;V
14/03/2017;0,37;V
15/03/2017;0,37;V
16/03/2017;0,35;V
17/03/2017;0,35;V
18/03/2017;0,35;V
19/03/2017;0,35;V
20/03/2017;0,35;V
21/03/2017;0,35;V
22/03/2017;0,34;V
23/03/2017;0,33;V
24/03/2017;0,32;V
25/03/2017;0,32;V
26/03/2017;0,32;V
27/03/2017;0,32;V
28/03/2017;0,31;V
29/03/2017;0,31;V
30/03/2017;0,31;V
31/03/2017;0,31;V
01/04/2017;0,31;V
02/04/2017;0,32;V
03/04/2017;0,31;V
04/04/2017;0,31;V
05/04/2017;0,30;V
06/04/2017;0,30;V
07/04/2017;0,29;V
08/04/2017;0,29;V
09/04/2017;0,28;V
10/04/2017;0,28;V
11/04/2017;0,28;V
12/04/2017;0,28;V
13/04/2017;0,28;V
14/04/2017;0,28;V
15/04/2017;0,28;V
16/04/2017;0,28;V
17/04/2017;0,27;V
18/04/2017;0,28;V
19/04/2017;0,27;V
20/04/2017;0,27;V
21/04/2017;0,27;V
22/04/2017;0,27;V
23/04/2017;0,27;V
24/04/2017;0,26;V
25/04/2017;0,27;V
26/04/2017;0,27;V
27/04/2017;0,29;V
28/04/2017;0,34;V
29/04/2017;0,29;V
30/04/2017;0,28;V
01/05/2017;0,29;V
02/05/2017;0,28;V
03/05/2017;0,28;V
04/05/2017;0,28;V
05/05/2017;0,31;V
06/05/2017;0,29;V
07/05/2017;0,35;V
08/05/2017;0,34;V
09/05/2017;0,35;V
10/05/2017;0,31;V
11/05/2017;0,30;V
12/05/2017;0,29;V
13/05/2017;0,29;V
14/05/2017;0,29;V
15/05/2017;0,28;V
16/05/2017;0,28;V
17/05/2017;0,28;V
18/05/2017;0,28;V
19/05/2017;0,28;V
20/05/2017;0,30;V
21/05/2017;0,28;V
22/05/2017;0,28;V
23/05/2017;0,28;V
24/05/2017;0,28;V
25/05/2017;0,27;V
26/05/2017;0,27;V
27/05/2017;0,26;V
28/05/2017;0,26;V
29/05/2017;0,26;V
30/05/2017;0,26;V
31/05/2017;0,25;V
01/06/2017;0,25;V
02/06/2017;0,25;V
03/06/2017;0,25;V
04/06/2017;0,25;V
05/06/2017;0,25;V
06/06/2017;0,26;V
07/06/2017;0,26;V
08/06/2017;0,25;V
09/06/2017;0,25;V
10/06/2017;0,25;V
11/06/2017;0,24;V
12/06/2017;0,24;V
13/06/2017;0,24;V
14/06/2017;0,24;V
15/06/2017;0,24;V
16/06/2017;0,24;V
17/06/2017;0,23;V
18/06/2017;0,20;V
19/06/2017;0,20;V
20/06/2017;0,19;V
21/06/2017;;@
22/06/2017;;@
23/06/2017;;@
24/06/2017;;@
25/06/2017;;@
26/06/2017;;@
27/06/2017;;@
28/06/2017;;@
29/06/2017;;@
30/06/2017;;@
01/07/2017;;@
02/07/2017;;@
03/07/2017;;@
04/07/2017;;@
05/07/2017;;@
06/07/2017;;@
07/07/2017;;@
08/07/2017;;@
09/07/2017;;@
10/07/2017;;@
11/07/2017;;@
12/07/2017;;@
13/07/2017;;@
14/07/2017;;@
15/07/2017;;@
16/07/2017;;@
17/07/2017;;@
18/07/2017;;@
19/07/2017;;@
20/07/2017;;@
21/07/2017;;@
22/07/2017;;@
23/07/2017;;@
24/07/2017;;@
25/07/2017;;@
26/07/2017;;@
27/07/2017;;@
28/07/2017;;@
29/07/2017;;@
30/07/2017;;@
31/07/2017;;@
01/08/2017;;@
02/08/2017;;@
03/08/2017;;@
04/08/2017;;@
05/08/2017;;@
06/08/2017;;@
07/08/2017;;@
08/08/2017;;@
09/08/2017;;@
10/08/2017;;@
11/08/2017;;@
12/08/2017;;@
13/08/2017;;@
14/08/2017;;@
15/08/2017;;@
16/08/2017;;@
17/08/2017;;@
18/08/2017;;@
19/08/2017;;@
20/08/2017;;@
21/08/2017;;@
22/08/2017;;@
23/08/2017;;@
24/08/2017;;@
25/08/2017;;@
26/08/2017;;@
27/08/2017;;@
28/08/2017;;@
29/08/2017;;@
30/08/2017;;@
31/08/2017;;@
01/09/2017;;@
02/09/2017;;@
03/09/2017;;@
04/09/2017;;@
05/09/2017;;@
06/09/2017;;@
07/09/2017;;@
08/09/2017;;@
09/09/2017;;@
10/09/2017;;@
11/09/2017;0,28;V
12/09/2017;0,24;V
13/09/2017;0,23;V
14/09/2017;0,22;V
15/09/2017;0,22;V
16/09/2017;0,24;V
17/09/2017;0,24;V
18/09/2017;0,22;V
19/09/2017;0,25;V
20/09/2017;0,25;V
21/09/2017;0,23;V
22/09/2017;0,23;V
23/09/2017;0,22;V
24/09/2017;0,22;V
25/09/2017;0,21;V
26/09/2017;0,22;V
27/09/2017;0,22;V
28/09/2017;0,21;V
29/09/2017;0,21;V
30/09/2017;0,20;V
01/10/2017;0,21;V
02/10/2017;0,21;V
03/10/2017;0,20;V
04/10/2017;0,20;V
05/10/2017;0,22;V
06/10/2017;0,20;V
07/10/2017;0,18;V
08/10/2017;0,16;V
09/10/2017;0,16;V
10/10/2017;;@
11/10/2017;;@
12/10/2017;;@
13/10/2017;;@
14/10/2017;;@
15/10/2017;;@
16/10/2017;;@
17/10/2017;;@
18/10/2017;;@
19/10/2017;;@
20/10/2017;;@
21/10/2017;;@
22/10/2017;;@
23/10/2017;;@
24/10/2017;;@
25/10/2017;;@
26/10/2017;;@
27/10/2017;;@
28/10/2017;;@
29/10/2017;;@
30/10/2017;;@
31/10/2017;;@
01/11/2017;;@
02/11/2017;;@
03/11/2017;;@
04/11/2017;;@
05/11/2017;;@
06/11/2017;0,35;V
07/11/2017;0,33;V
08/11/2017;0,28;V
09/11/2017;0,26;V
10/11/2017;0,25;V
11/11/2017;0,25;V
12/11/2017;0,24;V
13/11/2017;0,37;V
14/11/2017;0,31;V
15/11/2017;0,27;V
16/11/2017;0,26;V
17/11/2017;0,26;V
18/11/2017;0,26;V
19/11/2017;0,26;V
20/11/2017;0,26;V
21/11/2017;0,26;V
22/11/2017;0,26;V
23/11/2017;0,25;V
24/11/2017;0,25;V
25/11/2017;0,25;V
26/11/2017;0,27;V
27/11/2017;0,28;V
28/11/2017;0,27;V
29/11/2017;0,57;V
30/11/2017;0,45;V
01/12/2017;0,35;V
02/12/2017;0,32;V
03/12/2017;0,29;V
04/12/2017;0,29;V
05/12/2017;0,27;V
06/12/2017;0,27;V
07/12/2017;0,27;V
08/12/2017;0,29;V
09/12/2017;0,33;V
10/12/2017;0,30;V
11/12/2017;0,29;V
12/12/2017;0,60;V
13/12/2017;0,54;V
14/12/2017;0,49;V
15/12/2017;0,47;V
16/12/2017;0,51;V
17/12/2017;0,51;V
18/12/2017;0,41;V
19/12/2017;0,37;V
20/12/2017;0,35;V
21/12/2017;0,33;V
22/12/2017;0,33;V
23/12/2017;0,32;V
24/12/2017;0,31;V
25/12/2017;0,30;V
26/12/2017;0,29;V
27/12/2017;0,37;V
28/12/2017;0,76;V
29/12/2017;0,50;V
30/12/2017;0,43;V
31/12/2017;0,39;V
01/01/2018;0,40;V
02/01/2018;0,46;V
03/01/2018;0,44;V
04/01/2018;0,42;V
05/01/2018;0,39;V
06/01/2018;0,38;V
07/01/2018;0,36;V
08/01/2018;0,36;V
09/01/2018;0,35;V
10/01/2018;0,35;V
11/01/2018;0,35;V
12/01/2018;0,40;V
13/01/2018;0,37;V
14/01/2018;0,36;V
15/01/2018;0,35;V
16/01/2018;0,42;V
17/01/2018;0,57;V
18/01/2018;0,47;V
19/01/2018;0,42;V
20/01/2018;0,39;V
21/01/2018;0,46;V
22/01/2018;0,44;V
23/01/2018;0,40;V
24/01/2018;0,38;V
25/01/2018;0,38;V
26/01/2018;0,36;V
27/01/2018;0,35;V
28/01/2018;0,35;V
29/01/2018;0,34;V
30/01/2018;0,32;V
31/01/2018;0,32;V
01/02/2018;0,35;V
02/02/2018;1,04;V
03/02/2018;1,08;V
04/02/2018;0,71;V
05/02/2018;0,57;V
06/02/2018;0,52;V
07/02/2018;0,49;V
08/02/2018;0,47;V
09/02/2018;0,44;V
10/02/2018;0,42;V
11/02/2018;0,41;V
12/02/2018;0,40;V
13/02/2018;0,39;V
14/02/2018;0,38;V
15/02/2018;0,36;V
16/02/2018;0,36;V
17/02/2018;0,35;V
18/02/2018;1,03;V
19/02/2018;0,67;V
20/02/2018;0,55;V
21/02/2018;0,49;V
22/02/2018;0,46;V
23/02/2018;0,46;V
24/02/2018;0,50;V
25/02/2018;0,47;V
26/02/2018;0,46;V
27/02/2018;0,43;V
28/02/2018;0,42;V
01/03/2018;0,43;V
02/03/2018;1,03;V
03/03/2018;1,02;V
04/03/2018;0,76;V
05/03/2018;0,71;V
06/03/2018;0,70;V
07/03/2018;0,79;V
08/03/2018;0,69;V
09/03/2018;0,58;V
10/03/2018;0,54;V
11/03/2018;0,79;V
12/03/2018;0,93;V
13/03/2018;0,73;V
14/03/2018;0,62;V
15/03/2018;0,58;V
16/03/2018;0,98;V
17/03/2018;0,75;V
18/03/2018;0,77;V
19/03/2018;0,91;V
20/03/2018;0,75;V
21/03/2018;0,67;V
22/03/2018;0,59;V
23/03/2018;0,55;V
24/03/2018;0,52;V
25/03/2018;0,49;V
26/03/2018;0,47;V
27/03/2018;0,45;V
28/03/2018;0,44;V
29/03/2018;0,43;V
30/03/2018;0,41;V
31/03/2018;0,41;V
01/04/2018;0,48;V
02/04/2018;0,42;V
03/04/2018;0,41;V
04/04/2018;0,61;V
05/04/2018;0,67;V
06/04/2018;0,53;V
07/04/2018;0,47;V
08/04/2018;0,45;V
09/04/2018;0,47;V
10/04/2018;0,49;V
11/04/2018;0,47;V
12/04/2018;0,45;V
13/04/2018;0,43;V
14/04/2018;0,41;V
15/04/2018;0,41;V
16/04/2018;0,40;V
17/04/2018;0,38;V
18/04/2018;0,37;V
19/04/2018;0,36;V
20/04/2018;0,36;V
21/04/2018;0,35;V
22/04/2018;0,35;V
23/04/2018;0,34;V
24/04/2018;0,34;V
25/04/2018;0,34;V
26/04/2018;0,34;V
27/04/2018;0,33;V
28/04/2018;0,33;V
29/04/2018;0,32;V
30/04/2018;0,32;V
01/05/2018;0,32;V
02/05/2018;0,41;V
03/05/2018;0,36;V
04/05/2018;0,34;V
05/05/2018;0,32;V
06/05/2018;0,32;V
07/05/2018;0,31;V
08/05/2018;0,32;V
09/05/2018;0,37;V
10/05/2018;0,36;V
11/05/2018;0,34;V
12/05/2018;0,33;V
13/05/2018;0,32;V
14/05/2018;0,38;V
15/05/2018;0,40;V
16/05/2018;0,50;V
17/05/2018;0,45;V
18/05/2018;0,40;V
19/05/2018;0,37;V
20/05/2018;0,37;V
21/05/2018;0,39;V
22/05/2018;0,65;V
23/05/2018;0,57;V
24/05/2018;0,47;V
25/05/2018;0,42;V
26/05/2018;0,38;V
27/05/2018;0,37;V
28/05/2018;0,35;V
29/05/2018;0,34;V
30/05/2018;0,34;V
31/05/2018;0,34;V
01/06/2018;0,34;V
02/06/2018;0,32;V
03/06/2018;0,31;V
04/06/2018;0,37;V
05/06/2018;0,31;V
06/06/2018;0,29;V
07/06/2018;0,28;V
08/06/2018;0,40;V
09/06/2018;0,37;V
10/06/2018;0,31;V
11/06/2018;0,30;V
12/06/2018;0,28;V
13/06/2018;0,31;V
14/06/2018;0,31;V
15/06/2018;0,29;V
16/06/2018;0,27;V
17/06/2018;0,27;V
18/06/2018;0,26;V
19/06/2018;0,26;V
20/06/2018;0,26;V
21/06/2018;0,26;V
22/06/2018;0,26;V
23/06/2018;0,25;V
24/06/2018;0,25;V
25/06/2018;0,25;V
26/06/2018;0,26;V
27/06/2018;0,26;V
28/06/2018;0,25;V
29/06/2018;0,25;V
30/06/2018;0,24;V
01/07/2018;0,24;V
02/07/2018;0,24;V
03/07/2018;0,24;V
04/07/2018;0,24;V
05/07/2018;0,24;V
06/07/2018;0,24;V
07/07/2018;0,24;V
08/07/2018;0,23;V
09/07/2018;0,22;V
10/07/2018;0,21;V
11/07/2018;0,21;V
12/07/2018;0,21;V
13/07/2018;0,17;P
14/07/2018;0,07;P
15/07/2018;0,05;P
16/07/2018;0,05;P
17/07/2018;0,22;P
18/07/2018;0,23;P
19/07/2018;0,21;P
20/07/2018;0,20;P
21/07/2018;0,18;P
22/07/2018;0,15;P
23/07/2018;0,18;P
24/07/2018;0,21;P
25/07/2018;0,21;P
26/07/2018;0,21;P
27/07/2018;0,22;P
28/07/2018;0,22;P
29/07/2018;0,21;P
30/07/2018;0,20;P
31/07/2018;0,16;P
01/08/2018;0,04;P
02/08/2018;0,08;P
03/08/2018;0,23;P
04/08/2018;0,22;P
05/08/2018;0,19;P
06/08/2018;0,11;P
07/08/2018;0,09;P
08/08/2018;-0,01;P
09/08/2018;-0,08;P
10/08/2018;-0,11;P
11/08/2018;-0,14;P
12/08/2018;-0,17;P
13/08/2018;-0,08;P
14/08/2018;0,26;P
15/08/2018;0,23;P
16/08/2018;0,21;P
17/08/2018;0,20;P
18/08/2018;0,14;P
19/08/2018;0,10;P
20/08/2018;-0,03;P
21/08/2018;-0,08;P
22/08/2018;-0,06;P
23/08/2018;-0,09;P
24/08/2018;0,08;P
25/08/2018;0,23;P
26/08/2018;0,22;P
27/08/2018;0,22;P
28/08/2018;0,20;P
29/08/2018;0,17;P
30/08/2018;0,06;P
31/08/2018;0,06;P
01/09/2018;0,04;P
02/09/2018;0,00;P
03/09/2018;0,24;P
04/09/2018;0,23;P
05/09/2018;0,23;P
06/09/2018;0,22;P
07/09/2018;0,22;P
08/09/2018;0,18;P
09/09/2018;0,08;P
10/09/2018;-0,04;P
11/09/2018;-0,09;P
12/09/2018;-0,10;P
13/09/2018;-0,12;P
14/09/2018;-0,12;P
15/09/2018;-0,13;P
16/09/2018;-0,17;P
17/09/2018;-0,21;P
18/09/2018;-0,25;P
19/09/2018;-0,29;P
20/09/2018;-0,33;P
21/09/2018;-0,37;P
22/09/2018;-0,38;P
23/09/2018;-0,40;P
24/09/2018;-0,38;P
25/09/2018;-0,39;P
26/09/2018;-0,40;P
27/09/2018;-0,40;P
28/09/2018;-0,41;P
29/09/2018;-0,40;P
30/09/2018;-0,40;P
01/10/2018;-0,28;P
02/10/2018;0,06;P
03/10/2018;0,23;P
04/10/2018;0,16;P
05/10/2018;0,10;P
06/10/2018;0,09;P
07/10/2018;0,13;P
08/10/2018;0,10;P
09/10/2018;0,16;P
10/10/2018;0,14;P
11/10/2018;0,13;P
12/10/2018;0,08;P
13/10/2018;0,00;P
14/10/2018;-0,05;P
15/10/2018;0,09;P
16/10/2018;0,22;P
17/10/2018;0,21;P
18/10/2018;0,15;P
19/10/2018;0,12;P
20/10/2018;0,08;P
21/10/2018;0,05;P
22/10/2018;0,01;P
23/10/2018;-0,05;P
24/10/2018;-0,06;P
25/10/2018;-0,06;P
26/10/2018;-0,06;P
27/10/2018;-0,08;P
28/10/2018;-0,06;P
29/10/2018;0,38;P
30/10/2018;0,38;V
31/10/2018;0,31;V
01/11/2018;0,40;V
02/11/2018;0,35;V
03/11/2018;0,30;V
04/11/2018;0,28;V
05/11/2018;0,30;V
06/11/2018;0,28;V
07/11/2018;0,28;V
08/11/2018;0,26;V
09/11/2018;0,26;V
10/11/2018;0,26;V
11/11/2018;0,26;V
12/11/2018;0,25;V
13/11/2018;0,26;V
14/11/2018;0,25;V
15/11/2018;0,24;V
16/11/2018;0,24;V
17/11/2018;0,26;V
18/11/2018;0,24;V
19/11/2018;0,24;V
20/11/2018;0,26;V
21/11/2018;0,26;V
22/11/2018;0,26;V
23/11/2018;0,26;V
24/11/2018;0,26;V
25/11/2018;0,37;V
26/11/2018;0,37;V
27/11/2018;0,34;V
28/11/2018;0,31;V
29/11/2018;0,29;V
30/11/2018;0,29;V
01/12/2018;0,28;V
02/12/2018;0,29;V
03/12/2018;0,29;V
04/12/2018;0,29;V
05/12/2018;0,29;V
06/12/2018;0,29;V
07/12/2018;0,32;V
08/12/2018;0,33;V
09/12/2018;0,33;V
10/12/2018;0,32;V
11/12/2018;0,30;V
12/12/2018;0,30;V
13/12/2018;0,29;V
14/12/2018;0,29;V
15/12/2018;0,28;V
16/12/2018;0,28;V
17/12/2018;0,51;V
18/12/2018;0,38;V
19/12/2018;0,35;V
20/12/2018;0,34;V
21/12/2018;0,33;V
22/12/2018;0,32;V
23/12/2018;0,32;V
24/12/2018;0,31;V
25/12/2018;0,30;V
26/12/2018;0,30;V
27/12/2018;0,30;V
28/12/2018;0,29;V
29/12/2018;0,29;V
30/12/2018;0,29;V
31/12/2018;0,29;V
01/01/2019;0,28;V
02/01/2019;0,28;V
03/01/2019;0,27;V
04/01/2019;0,27;V
05/01/2019;0,27;V
06/01/2019;0,27;V
07/01/2019;0,27;V
08/01/2019;0,27;V
09/01/2019;0,27;V
10/01/2019;0,27;V
11/01/2019;0,27;V
12/01/2019;0,26;V
13/01/2019;0,27;V
14/01/2019;0,26;V
15/01/2019;0,26;V
16/01/2019;0,26;V
17/01/2019;0,26;V
18/01/2019;0,27;V
19/01/2019;0,26;V
20/01/2019;0,26;V
21/01/2019;0,26;V
22/01/2019;0,26;V
23/01/2019;0,29;V
24/01/2019;0,32;V
25/01/2019;0,31;V
26/01/2019;0,29;V
27/01/2019;0,30;V
28/01/2019;0,29;V
29/01/2019;0,30;V
30/01/2019;0,32;V
31/01/2019;0,43;V
01/02/2019;0,50;V
02/02/2019;0,86;V
03/02/2019;0,88;V
04/02/2019;0,55;V
05/02/2019;0,46;V
06/02/2019;0,41;V
07/02/2019;0,38;V
08/02/2019;0,37;V
09/02/2019;0,36;V
10/02/2019;0,35;V
11/02/2019;0,33;V
12/02/2019;0,32;V
13/02/2019;0,32;V
14/02/2019;0,31;V
15/02/2019;0,31;V
16/02/2019;0,29;V
17/02/2019;0,29;V
18/02/2019;0,29;V
19/02/2019;0,29;V
20/02/2019;0,29;V
21/02/2019;0,29;V
22/02/2019;0,29;V
23/02/2019;0,28;V
24/02/2019;0,28;V
25/02/2019;0,28;V
26/02/2019;0,27;V
27/02/2019;0,27;V
28/02/2019;0,27;V
01/03/2019;0,28;V
02/03/2019;0,27;V
03/03/2019;0,26;V
04/03/2019;0,26;V
05/03/2019;0,26;V
06/03/2019;0,26;V
07/03/2019;0,25;V
08/03/2019;0,26;V
09/03/2019;0,26;V
10/03/2019;0,26;V
11/03/2019;0,26;V
12/03/2019;0,26;V
13/03/2019;0,26;V
14/03/2019;0,26;V
15/03/2019;0,26;V
16/03/2019;0,25;V
17/03/2019;0,26;V
18/03/2019;0,26;V
19/03/2019;0,26;V
20/03/2019;0,25;V
21/03/2019;0,25;V
22/03/2019;0,24;V
23/03/2019;0,25;V
24/03/2019;0,25;V
25/03/2019;0,25;V
26/03/2019;0,24;V
27/03/2019;0,25;V
28/03/2019;0,24;V
29/03/2019;0,24;V
30/03/2019;0,25;V
31/03/2019;0,25;V
01/04/2019;0,24;V
02/04/2019;0,25;V
03/04/2019;0,26;V
04/04/2019;0,27;V
05/04/2019;0,42;V
06/04/2019;0,33;V
07/04/2019;0,32;V
08/04/2019;0,30;V
09/04/2019;0,29;V
10/04/2019;0,29;V
11/04/2019;0,34;V
12/04/2019;0,39;V
13/04/2019;0,33;V
14/04/2019;0,34;V
15/04/2019;0,39;V
16/04/2019;0,34;V
17/04/2019;0,31;V
18/04/2019;0,30;V
19/04/2019;0,29;V
20/04/2019;0,28;V
21/04/2019;0,28;V
22/04/2019;0,29;V
23/04/2019;0,38;V
24/04/2019;0,36;V
25/04/2019;0,33;V
26/04/2019;0,36;V
27/04/2019;0,37;V
28/04/2019;0,34;V
29/04/2019;0,37;V
30/04/2019;0,35;V
01/05/2019;0,33;V
02/05/2019;0,32;V
03/05/2019;0,33;V
04/05/2019;0,35;V
05/05/2019;0,49;V
06/05/2019;0,49;V
07/05/2019;0,40;V
08/05/2019;0,37;V
09/05/2019;0,39;V
10/05/2019;0,37;V
11/05/2019;0,35;V
12/05/2019;0,35;V
13/05/2019;0,33;V
14/05/2019;0,32;V
15/05/2019;0,31;V
16/05/2019;0,30;V
17/05/2019;0,31;V
18/05/2019;0,31;V
19/05/2019;0,42;V
20/05/2019;0,50;V
21/05/2019;0,49;V
22/05/2019;0,42;V
23/05/2019;0,39;V
24/05/2019;0,36;V
25/05/2019;0,35;V
26/05/2019;0,56;V
27/05/2019;0,47;V
28/05/2019;0,55;V
29/05/2019;0,91;V
30/05/2019;0,62;V
31/05/2019;0,49;V
01/06/2019;0,42;V
02/06/2019;0,39;V
03/06/2019;0,37;V
04/06/2019;0,35;V
05/06/2019;0,34;V
06/06/2019;0,33;V
07/06/2019;0,31;V
08/06/2019;0,31;V
09/06/2019;0,30;V
10/06/2019;0,29;V
11/06/2019;0,28;V
12/06/2019;0,28;V
13/06/2019;0,27;V
14/06/2019;0,27;V
15/06/2019;0,28;V
16/06/2019;0,26;V
17/06/2019;0,25;V
18/06/2019;0,25;V
19/06/2019;0,25;V
20/06/2019;0,25;V
21/06/2019;0,24;V
22/06/2019;0,25;V
23/06/2019;0,25;V
24/06/2019;0,24;V
25/06/2019;0,23;V
26/06/2019;0,23;V
27/06/2019;0,22;V
28/06/2019;0,22;V
29/06/2019;0,22;V
30/06/2019;0,22;V
01/07/2019;0,21;V
02/07/2019;0,21;V
03/07/2019;0,21;V
04/07/2019;0,21;V
05/07/2019;0,20;V
06/07/2019;0,18;V
07/07/2019;0,21;V
08/07/2019;0,21;V
09/07/2019;0,22;V
10/07/2019;0,21;V
11/07/2019;0,17;V
12/07/2019;0,15;V
13/07/2019;0,19;V
14/07/2019;0,22;V
15/07/2019;0,23;V
16/07/2019;0,24;V
17/07/2019;0,23;V
18/07/2019;0,21;V
19/07/2019;0,20;V
20/07/2019;0,17;V
21/07/2019;0,18;V
22/07/2019;0,17;V
23/07/2019;0,11;V
24/07/2019;0,03;V
25/07/2019;0,00;V
26/07/2019;-0,05;V
27/07/2019;0,24;V
28/07/2019;0,55;V
29/07/2019;0,30;V
30/07/2019;0,26;V
31/07/2019;0,25;V
01/08/2019;0,23;V
02/08/2019;0,23;V
03/08/2019;0,23;V
04/08/2019;0,23;V
05/08/2019;0,23;V
06/08/2019;0,23;V
07/08/2019;0,22;V
08/08/2019;0,22;V
09/08/2019;0,21;V
10/08/2019;0,22;V
11/08/2019;0,21;V
12/08/2019;0,22;V
13/08/2019;0,21;V
14/08/2019;0,21;V
15/08/2019;;@
16/08/2019;;@
17/08/2019;;@
18/08/2019;;@
19/08/2019;;@
20/08/2019;;@
21/08/2019;;@
22/08/2019;;@
23/08/2019;;@
24/08/2019;0,24;V
25/08/2019;0,25;V
26/08/2019;0,24;V
27/08/2019;0,23;V
28/08/2019;0,22;V
29/08/2019;0,21;V
30/08/2019;0,20;V
31/08/2019;0,15;V
01/09/2019;0,22;V
02/09/2019;0,25;V
03/09/2019;0,22;V
04/09/2019;0,21;V
05/09/2019;0,21;V
06/09/2019;0,19;V
07/09/2019;0,09;V
08/09/2019;0,05;V
09/09/2019;0,20;V
10/09/2019;0,22;V
11/09/2019;0,21;V
12/09/2019;;@
13/09/2019;;@
14/09/2019;;@
15/09/2019;;@
16/09/2019;;@
17/09/2019;;@
18/09/2019;;@
19/09/2019;;@
20/09/2019;;@
21/09/2019;;@
22/09/2019;;@
23/09/2019;;@
24/09/2019;0,27;V
25/09/2019;0,24;V
26/09/2019;0,22;V
27/09/2019;;@
28/09/2019;0,22;V
29/09/2019;0,22;V
30/09/2019;0,22;V
01/10/2019;0,21;V
02/10/2019;0,22;V
03/10/2019;0,18;V
04/10/2019;0,13;V
05/10/2019;0,21;V
06/10/2019;0,18;V
07/10/2019;0,19;V
08/10/2019;0,14;V
09/10/2019;0,17;V
10/10/2019;0,16;V
11/10/2019;;@
12/10/2019;;@
13/10/2019;;@
14/10/2019;;@
15/10/2019;;@
16/10/2019;0,26;V
17/10/2019;0,24;V
18/10/2019;0,22;V
19/10/2019;0,19;V
20/10/2019;0,15;V
21/10/2019;0,07;V
22/10/2019;0,08;V
23/10/2019;0,07;V
24/10/2019;0,10;V
25/10/2019;0,24;V
26/10/2019;0,24;V
27/10/2019;0,22;V
28/10/2019;0,22;V
29/10/2019;0,22;V
30/10/2019;0,25;V
31/10/2019;0,29;V
01/11/2019;0,28;V
02/11/2019;0,25;V
03/11/2019;0,30;V
04/11/2019;0,32;V
05/11/2019;0,60;V
06/11/2019;0,62;V
07/11/2019;0,48;V
08/11/2019;0,57;V
09/11/2019;0,74;V
10/11/2019;0,45;V
11/11/2019;0,38;V
12/11/2019;0,37;V
13/11/2019;0,59;V
14/11/2019;0,44;V
15/11/2019;0,60;V
16/11/2019;0,69;V
17/11/2019;1,89;V
18/11/2019;0,75;V
19/11/2019;0,79;V
20/11/2019;0,67;V
21/11/2019;0,57;V
22/11/2019;0,50;V
23/11/2019;0,46;V
24/11/2019;0,45;V
25/11/2019;0,43;V
26/11/2019;0,41;V
27/11/2019;0,41;V
28/11/2019;0,42;V
29/11/2019;0,42;V
30/11/2019;0,40;V
01/12/2019;0,38;V
02/12/2019;0,75;V
03/12/2019;0,79;V
04/12/2019;0,56;V
05/12/2019;0,50;V
06/12/2019;0,46;V
07/12/2019;0,44;V
08/12/2019;0,41;V
09/12/2019;0,43;V
10/12/2019;0,43;V
11/12/2019;0,41;V
12/12/2019;0,41;V
13/12/2019;0,59;V
14/12/2019;0,58;V
15/12/2019;0,49;V
16/12/2019;0,44;V
17/12/2019;0,42;V
18/12/2019;0,41;V
19/12/2019;0,40;V
20/12/2019;0,39;V
21/12/2019;0,84;V
22/12/2019;1,33;V
23/12/2019;0,76;V
24/12/2019;0,60;V
25/12/2019;0,54;V
26/12/2019;0,50;V
27/12/2019;0,47;V
28/12/2019;0,45;V
29/12/2019;0,43;V
30/12/2019;0,42;V
31/12/2019;0,41;V
01/01/2020;0,39;V
02/01/2020;0,39;V
03/01/2020;0,39;V
04/01/2020;0,38;V
05/01/2020;0,37;V
06/01/2020;;@
07/01/2020;;@
08/01/2020;;@
09/01/2020;;@
10/01/2020;;@
11/01/2020;;@
12/01/2020;;@
13/01/2020;0,33;V
14/01/2020;0,32;V
15/01/2020;0,32;V
16/01/2020;0,32;V
17/01/2020;0,32;V
18/01/2020;0,51;V
19/01/2020;0,47;V
20/01/2020;0,39;V
21/01/2020;0,37;V
22/01/2020;0,36;V
23/01/2020;0,35;V
24/01/2020;0,35;V
25/01/2020;0,53;V
26/01/2020;0,51;V
27/01/2020;0,45;V
28/01/2020;0,45;V
29/01/2020;0,42;V
30/01/2020;0,41;V
31/01/2020;0,40;V
01/02/2020;0,38;V
02/02/2020;0,41;V
03/02/2020;0,38;V
04/02/2020;0,38;V
05/02/2020;0,37;V
06/02/2020;;@
07/02/2020;;@
08/02/2020;;@
09/02/2020;;@
10/02/2020;;@
11/02/2020;;@
12/02/2020;;@
13/02/2020;;@
14/02/2020;;@
15/02/2020;;@
16/02/2020;;@
17/02/2020;;@
18/02/2020;;@
19/02/2020;;@
20/02/2020;;@
21/02/2020;;@
22/02/2020;;@
23/02/2020;;@
24/02/2020;;@
25/02/2020;;@
26/02/2020;;@
27/02/2020;;@
28/02/2020;;@
29/02/2020;;@
01/03/2020;0,37;V
02/03/2020;0,54;V
03/03/2020;0,82;V
04/03/2020;0,57;V
05/03/2020;0,48;V
06/03/2020;0,57;V
07/03/2020;0,50;V
08/03/2020;0,45;V
09/03/2020;0,43;V
10/03/2020;0,41;V
11/03/2020;0,39;V
12/03/2020;0,38;V
13/03/2020;0,38;V
14/03/2020;0,38;V
15/03/2020;;@
16/03/2020;;@
17/03/2020;;@
18/03/2020;;@
19/03/2020;;@
20/03/2020;;@
21/03/2020;;@
22/03/2020;;@
23/03/2020;;@
24/03/2020;;@
25/03/2020;;@
26/03/2020;;@
27/03/2020;;@
28/03/2020;;@
29/03/2020;;@
30/03/2020;;@
31/03/2020;;@
01/04/2020;;@
02/04/2020;;@
03/04/2020;;@
04/04/2020;;@
05/04/2020;;@
06/04/2020;;@
07/04/2020;;@
08/04/2020;;@
09/04/2020;;@
10/04/2020;;@
11/04/2020;;@
12/04/2020;;@
13/04/2020;;@
14/04/2020;;@
15/04/2020;;@
16/04/2020;;@
17/04/2020;;@
18/04/2020;;@
19/04/2020;;@
20/04/2020;;@
21/04/2020;;@
22/04/2020;;@
23/04/2020;;@
24/04/2020;;@
25/04/2020;;@
26/04/2020;;@
27/04/2020;;@
28/04/2020;;@
29/04/2020;0,42;V
30/04/2020;;@
01/05/2020;;@
02/05/2020;;@
03/05/2020;;@
04/05/2020;;@
05/05/2020;;@
06/05/2020;;@
07/05/2020;;@
08/05/2020;;@
09/05/2020;;@
10/05/2020;;@
11/05/2020;;@
12/05/2020;;@
13/05/2020;;@
14/05/2020;;@
15/05/2020;;@
16/05/2020;;@
17/05/2020;;@
18/05/2020;;@
19/05/2020;;@
20/05/2020;;@
21/05/2020;;@
22/05/2020;;@
23/05/2020;;@
24/05/2020;;@
25/05/2020;;@
26/05/2020;;@
27/05/2020;;@
28/05/2020;;@
29/05/2020;;@
30/05/2020;;@
31/05/2020;;@
01/06/2020;;@
02/06/2020;;@
03/06/2020;;@
04/06/2020;;@
05/06/2020;0,33;V
06/06/2020;0,29;V
07/06/2020;0,25;V
08/06/2020;0,25;V
09/06/2020;0,25;V
10/06/2020;0,28;V
11/06/2020;0,33;V
12/06/2020;0,29;V
13/06/2020;0,28;V
14/06/2020;0,40;V
15/06/2020;0,37;V
16/06/2020;0,30;V
17/06/2020;0,28;V
18/06/2020;;@
19/06/2020;;@
20/06/2020;;@
21/06/2020;;@
22/06/2020;;@
23/06/2020;;@
24/06/2020;;@
25/06/2020;;@
26/06/2020;;@
27/06/2020;;@
28/06/2020;;@
29/06/2020;;@
30/06/2020;;@
01/07/2020;;@
02/07/2020;;@
03/07/2020;;@
04/07/2020;;@
05/07/2020;;@
06/07/2020;;@
07/07/2020;;@
08/07/2020;;@
09/07/2020;;@
10/07/2020;;@
11/07/2020;;@
12/07/2020;;@
13/07/2020;;@
14/07/2020;;@
15/07/2020;;@
16/07/2020;;@
17/07/2020;;@
18/07/2020;;@
19/07/2020;;@
20/07/2020;;@
21/07/2020;;@
22/07/2020;;@
23/07/2020;;@
24/07/2020;;@
25/07/2020;;@
26/07/2020;;@
27/07/2020;;@
28/07/2020;;@
29/07/2020;;@
30/07/2020;;@
31/07/2020;;@
01/08/2020;;@
02/08/2020;;@
03/08/2020;;@
04/08/2020;;@
05/08/2020;;@
06/08/2020;;@
07/08/2020;;@
08/08/2020;;@
09/08/2020;;@
10/08/2020;;@
11/08/2020;;@
12/08/2020;;@
13/08/2020;;@
14/08/2020;;@
15/08/2020;;@
16/08/2020;;@
17/08/2020;;@
18/08/2020;;@
19/08/2020;;@
20/08/2020;;@
21/08/2020;;@
22/08/2020;;@
23/08/2020;;@
24/08/2020;;@
25/08/2020;;@
26/08/2020;;@
27/08/2020;;@
28/08/2020;;@
29/08/2020;;@
30/08/2020;;@
31/08/2020;;@
01/09/2020;;@
02/09/2020;;@
03/09/2020;;@
04/09/2020;;@
05/09/2020;;@
06/09/2020;;@
07/09/2020;;@
08/09/2020;;@
09/09/2020;;@
10/09/2020;;@
11/09/2020;;@
12/09/2020;;@
13/09/2020;;@
14/09/2020;;@
15/09/2020;;@
16/09/2020;;@
17/09/2020;;@
18/09/2020;;@
19/09/2020;;@
20/09/2020;;@
21/09/2020;;@
22/09/2020;;@
23/09/2020;0,25;V
24/09/2020;0,26;V
25/09/2020;0,72;V
26/09/2020;0,32;V
27/09/2020;0,26;V
28/09/2020;0,26;V
29/09/2020;0,25;V
30/09/2020;0,23;V
01/10/2020;0,23;V
02/10/2020;0,23;V
03/10/2020;0,27;V
04/10/2020;0,30;V
05/10/2020;0,42;V
06/10/2020;0,30;V
07/10/2020;0,42;V
08/10/2020;0,30;V
09/10/2020;0,27;V
10/10/2020;0,26;V
11/10/2020;0,51;V
12/10/2020;0,79;V
13/10/2020;0,42;V
14/10/2020;0,37;V
15/10/2020;0,57;V
16/10/2020;0,58;V
17/10/2020;0,43;V
18/10/2020;0,37;V
19/10/2020;0,34;V
20/10/2020;0,32;V
21/10/2020;0,31;V
22/10/2020;0,31;V
23/10/2020;0,29;V
24/10/2020;0,33;V
25/10/2020;0,34;V
26/10/2020;0,34;V
27/10/2020;0,68;V
28/10/2020;0,43;V
29/10/2020;0,37;V
30/10/2020;0,35;V
31/10/2020;0,33;V
01/11/2020;0,32;V
02/11/2020;0,32;V
03/11/2020;0,32;V
04/11/2020;0,31;V
05/11/2020;0,29;V
06/11/2020;0,29;V
07/11/2020;0,28;V
08/11/2020;0,28;V
09/11/2020;0,28;V
10/11/2020;0,28;V
11/11/2020;0,29;V
12/11/2020;0,29;V
13/11/2020;0,28;V
14/11/2020;0,29;V
15/11/2020;0,28;V
16/11/2020;0,43;V
17/11/2020;0,41;V
18/11/2020;0,33;V
19/11/2020;0,32;V
20/11/2020;0,32;V
21/11/2020;0,29;V
22/11/2020;0,29;V
23/11/2020;0,29;V
24/11/2020;0,29;V
25/11/2020;0,29;V
26/11/2020;0,29;V
27/11/2020;0,28;V
28/11/2020;0,29;V
29/11/2020;0,28;V
30/11/2020;0,28;V
01/12/2020;0,29;V
02/12/2020;0,32;V
03/12/2020;0,36;V
04/12/2020;0,32;V
05/12/2020;1,03;V
06/12/2020;1,17;V
07/12/2020;0,82;V
08/12/2020;0,62;V
09/12/2020;0,78;V
10/12/2020;0,63;V
11/12/2020;0,56;V
12/12/2020;0,51;V
13/12/2020;0,47;V
14/12/2020;0,43;V
15/12/2020;0,42;V
16/12/2020;0,40;V
17/12/2020;0,38;V
18/12/2020;0,38;V
19/12/2020;0,37;V
20/12/2020;0,35;V
21/12/2020;0,35;V
22/12/2020;0,35;V
23/12/2020;0,35;V
24/12/2020;0,35;V
25/12/2020;0,35;V
26/12/2020;0,35;V
27/12/2020;0,35;V
28/12/2020;;@
29/12/2020;;@
30/12/2020;0,70;V
31/12/2020;0,64;V
01/01/2021;0,86;V
02/01/2021;0,92;V
03/01/2021;0,78;V
04/01/2021;0,61;V
05/01/2021;0,66;V
06/01/2021;0,84;V
07/01/2021;0,73;V
08/01/2021;0,61;V
09/01/2021;0,56;V
10/01/2021;0,54;V
11/01/2021;0,51;V
12/01/2021;0,48;V
13/01/2021;0,46;V
14/01/2021;0,45;V
15/01/2021;0,44;V
16/01/2021;0,42;V
17/01/2021;0,42;V
18/01/2021;0,40;V
19/01/2021;0,39;V
20/01/2021;0,39;V
21/01/2021;0,38;V
22/01/2021;0,39;V
23/01/2021;0,44;V
24/01/2021;0,79;V
25/01/2021;0,74;V
26/01/2021;0,60;V
27/01/2021;0,53;V
28/01/2021;0,49;V
29/01/2021;0,48;V
30/01/2021;0,47;V
31/01/2021;0,72;V
01/02/2021;0,57;V
02/02/2021;0,55;V
03/02/2021;0,50;V
04/02/2021;0,47;V
05/02/2021;0,45;V
06/02/2021;0,44;V
07/02/2021;0,70;V
08/02/2021;0,90;V
09/02/2021;1,17;V
10/02/2021;0,84;V
11/02/2021;0,70;V
12/02/2021;0,61;V
13/02/2021;0,66;V
14/02/2021;0,57;V
15/02/2021;0,53;V
16/02/2021;0,51;V
17/02/2021;0,51;V
18/02/2021;0,49;V
19/02/2021;0,47;V
20/02/2021;0,46;V
21/02/2021;0,44;V
22/02/2021;;@
23/02/2021;;@
24/02/2021;;@
25/02/2021;;@
26/02/2021;;@
27/02/2021;;@
28/02/2021;;@
01/03/2021;;@
02/03/2021;;@
03/03/2021;;@
04/03/2021;;@
05/03/2021;;@
06/03/2021;;@
07/03/2021;;@
08/03/2021;;@
09/03/2021;;@
10/03/2021;;@
11/03/2021;;@
12/03/2021;;@
13/03/2021;;@
14/03/2021;;@
15/03/2021;;@
16/03/2021;;@
17/03/2021;;@
18/03/2021;;@
19/03/2021;;@
20/03/2021;;@
21/03/2021;;@
22/03/2021;;@
23/03/2021;;@
24/03/2021;;@
25/03/2021;;@
26/03/2021;;@
27/03/2021;;@
28/03/2021;;@
29/03/2021;;@
30/03/2021;;@
31/03/2021;;@
01/04/2021;;@
02/04/2021;;@
03/04/2021;;@
04/04/2021;;@
05/04/2021;;@
06/04/2021;;@
07/04/2021;;@
08/04/2021;;@
09/04/2021;;@
10/04/2021;;@
11/04/2021;;@
12/04/2021;0,50;V
13/04/2021;0,62;V
14/04/2021;0,42;V
15/04/2021;0,37;V
16/04/2021;0,35;V
17/04/2021;0,34;V
18/04/2021;0,33;V
19/04/2021;0,32;V
20/04/2021;0,32;V
21/04/2021;0,32;V
22/04/2021;0,31;V
23/04/2021;0,30;V
24/04/2021;0,30;V
25/04/2021;0,29;V
26/04/2021;0,29;V
27/04/2021;0,31;V
28/04/2021;0,34;V
29/04/2021;0,40;V
30/04/2021;0,37;V
01/05/2021;0,43;V
02/05/2021;0,60;V
03/05/2021;0,40;V
04/05/2021;0,37;V
05/05/2021;0,35;V
06/05/2021;0,34;V
07/05/2021;0,34;V
08/05/2021;0,32;V
09/05/2021;0,31;V
10/05/2021;0,31;V
11/05/2021;0,35;V
12/05/2021;0,40;V
13/05/2021;0,35;V
14/05/2021;;@
15/05/2021;;@
16/05/2021;;@
17/05/2021;;@
18/05/2021;;@
19/05/2021;;@
20/05/2021;;@
21/05/2021;;@
22/05/2021;;@
23/05/2021;;@
24/05/2021;;@
25/05/2021;;@
26/05/2021;;@
27/05/2021;;@
28/05/2021;;@
29/05/2021;;@
30/05/2021;;@
31/05/2021;;@
01/06/2021;;@
02/06/2021;;@
03/06/2021;;@
04/06/2021;;@
05/06/2021;;@
06/06/2021;;@
07/06/2021;;@
08/06/2021;;@
09/06/2021;;@
10/06/2021;;@
11/06/2021;;@
12/06/2021;;@
13/06/2021;;@
14/06/2021;;@
15/06/2021;;@
16/06/2021;;@
17/06/2021;;@
18/06/2021;;@
19/06/2021;;@
20/06/2021;;@
21/06/2021;;@
22/06/2021;;@
23/06/2021;;@
24/06/2021;;@
25/06/2021;;@
26/06/2021;;@
27/06/2021;;@
28/06/2021;;@
29/06/2021;;@
30/06/2021;;@
01/07/2021;;@
02/07/2021;;@
03/07/2021;;@
04/07/2021;;@
05/07/2021;;@
06/07/2021;;@
07/07/2021;;@
08/07/2021;;@
09/07/2021;;@
10/07/2021;;@
11/07/2021;;@
12/07/2021;;@
13/07/2021;;@
14/07/2021;;@
15/07/2021;;@
16/07/2021;;@
17/07/2021;;@
18/07/2021;;@
19/07/2021;;@
20/07/2021;;@
21/07/2021;;@
22/07/2021;;@
23/07/2021;;@
24/07/2021;;@
25/07/2021;;@
26/07/2021;;@
27/07/2021;;@
28/07/2021;;@
29/07/2021;;@
30/07/2021;;@
31/07/2021;;@
01/08/2021;;@
02/08/2021;;@
03/08/2021;;@
04/08/2021;;@
05/08/2021;;@
06/08/2021;;@
07/08/2021;;@
08/08/2021;;@
09/08/2021;;@
10/08/2021;;@
11/08/2021;;@
12/08/2021;;@
13/08/2021;;@
14/08/2021;;@
15/08/2021;;@
16/08/2021;;@
17/08/2021;;@
18/08/2021;;@
19/08/2021;;@
20/08/2021;;@
21/08/2021;;@
22/08/2021;;@
23/08/2021;;@
24/08/2021;;@
25/08/2021;;@
26/08/2021;;@
27/08/2021;;@
28/08/2021;;@
29/08/2021;;@
30/08/2021;;@
31/08/2021;;@
01/09/2021;;@
02/09/2021;;@
03/09/2021;;@
04/09/2021;;@
05/09/2021;;@
06/09/2021;;@
07/09/2021;;@
08/09/2021;;@
09/09/2021;;@
10/09/2021;;@
11/09/2021;;@
12/09/2021;;@
13/09/2021;;@
14/09/2021;;@
15/09/2021;;@
16/09/2021;;@
17/09/2021;;@
18/09/2021;;@
19/09/2021;;@
20/09/2021;;@
21/09/2021;;@
22/09/2021;;@
23/09/2021;;@
24/09/2021;;@
25/09/2021;;@
26/09/2021;;@
27/09/2021;;@
28/09/2021;;@
29/09/2021;;@
30/09/2021;;@
01/10/2021;;@
02/10/2021;;@
03/10/2021;;@
04/10/2021;;@
05/10/2021;;@
06/10/2021;;@
07/10/2021;;@
08/10/2021;;@
09/10/2021;;@
10/10/2021;;@
11/10/2021;;@
12/10/2021;;@
13/10/2021;;@
14/10/2021;;@
15/10/2021;;@
16/10/2021;;@
17/10/2021;;@
18/10/2021;;@
19/10/2021;;@
20/10/2021;;@
21/10/2021;;@
22/10/2021;;@
23/10/2021;;@
24/10/2021;;@
25/10/2021;;@
26/10/2021;;@
27/10/2021;;@
28/10/2021;;@
29/10/2021;;@
30/10/2021;;@
31/10/2021;;@
01/11/2021;;@
02/11/2021;;@
03/11/2021;;@
04/11/2021;;@
05/11/2021;;@
06/11/2021;;@
07/11/2021;;@
08/11/2021;;@
09/11/2021;;@
10/11/2021;;@
11/11/2021;;@
12/11/2021;;@
13/11/2021;;@
14/11/2021;;@
15/11/2021;;@
16/11/2021;;@
17/11/2021;;@
18/11/2021;;@
19/11/2021;;@
20/11/2021;;@
21/11/2021;;@
22/11/2021;;@
23/11/2021;;@
24/11/2021;;@
25/11/2021;;@
26/11/2021;;@
27/11/2021;;@
28/11/2021;;@
29/11/2021;;@
30/11/2021;;@
01/12/2021;;@
02/12/2021;;@
03/12/2021;0,43;V
04/12/2021;0,36;V
05/12/2021;0,46;V
06/12/2021;0,34;V
07/12/2021;0,31;V
08/12/2021;0,38;V
09/12/2021;0,57;V
10/12/2021;0,45;V
11/12/2021;0,52;V
12/12/2021;0,40;V
13/12/2021;0,35;V
14/12/2021;0,33;V
15/12/2021;0,32;V
16/12/2021;0,31;V
17/12/2021;0,29;V
18/12/2021;0,29;V
19/12/2021;0,29;V
20/12/2021;0,29;V
21/12/2021;0,29;V
22/12/2021;0,29;V
23/12/2021;0,29;V
24/12/2021;0,29;V
25/12/2021;0,34;V
26/12/2021;0,75;V
27/12/2021;0,58;V
28/12/2021;0,50;V
29/12/2021;0,45;V
30/12/2021;0,40;V
31/12/2021;0,37;V
01/01/2022;0,35;V
02/01/2022;0,35;V
03/01/2022;0,35;V
04/01/2022;0,34;V
05/01/2022;0,37;V
06/01/2022;0,71;V
07/01/2022;0,48;V
08/01/2022;0,42;V
09/01/2022;0,61;V
10/01/2022;0,56;V
11/01/2022;0,46;V
12/01/2022;0,41;V
13/01/2022;0,39;V
14/01/2022;0,37;V
15/01/2022;0,35;V
16/01/2022;0,36;V
17/01/2022;0,35;V
18/01/2022;0,33;V
19/01/2022;0,32;V
20/01/2022;0,34;V
21/01/2022;0,33;V
22/01/2022;0,32;V
23/01/2022;0,32;V
24/01/2022;0,32;V
25/01/2022;0,31;V
26/01/2022;0,31;V
27/01/2022;0,30;V
28/01/2022;0,29;V
29/01/2022;0,29;V
30/01/2022;0,29;V
31/01/2022;0,29;V
01/02/2022;0,29;V
02/02/2022;0,29;V
03/02/2022;0,29;V
04/02/2022;0,29;V
05/02/2022;0,29;V
06/02/2022;0,29;V
07/02/2022;0,28;V
08/02/2022;0,28;V
09/02/2022;0,27;V
10/02/2022;0,27;V
11/02/2022;0,26;V
12/02/2022;0,26;V
13/02/2022;0,26;V
14/02/2022;0,28;V
15/02/2022;0,38;V
16/02/2022;0,40;V
17/02/2022;0,33;V
18/02/2022;0,32;V
19/02/2022;0,31;V
20/02/2022;0,29;V
21/02/2022;0,29;V
22/02/2022;0,30;V
23/02/2022;0,29;V
24/02/2022;0,29;V
25/02/2022;0,29;V
26/02/2022;0,38;V
27/02/2022;0,35;V
28/02/2022;0,33;V
01/03/2022;0,32;V
02/03/2022;0,31;V
03/03/2022;0,31;V
04/03/2022;0,30;V
05/03/2022;0,30;V
06/03/2022;0,30;V
07/03/2022;0,29;V
08/03/2022;0,29;V
09/03/2022;0,29;V
10/03/2022;0,29;V
11/03/2022;0,28;V
12/03/2022;0,28;V
13/03/2022;0,28;V
14/03/2022;0,27;V
15/03/2022;0,28;V
16/03/2022;0,28;V
17/03/2022;0,28;V
18/03/2022;0,27;V
19/03/2022;0,26;V
20/03/2022;0,26;V
21/03/2022;0,26;V
22/03/2022;0,26;V
23/03/2022;0,26;V
24/03/2022;0,26;V
25/03/2022;0,26;V
26/03/2022;0,26;V
27/03/2022;0,25;V
28/03/2022;0,25;V
29/03/2022;0,26;V
30/03/2022;0,28;V
31/03/2022;0,35;V
01/04/2022;0,35;V
02/04/2022;0,40;V
03/04/2022;0,38;V
04/04/2022;0,34;V
05/04/2022;0,33;V
06/04/2022;0,32;V
07/04/2022;0,32;V
08/04/2022;0,31;V
09/04/2022;0,31;V
10/04/2022;0,31;V
11/04/2022;0,30;V
12/04/2022;0,30;V
13/04/2022;0,29;V
14/04/2022;0,29;V
15/04/2022;0,28;V
16/04/2022;0,28;V
17/04/2022;0,29;V
18/04/2022;0,29;V
19/04/2022;0,30;V
20/04/2022;0,30;V
21/04/2022;0,34;V
22/04/2022;0,56;V
23/04/2022;0,50;V
24/04/2022;0,59;V
25/04/2022;0,69;V
26/04/2022;0,50;V
27/04/2022;0,42;V
28/04/2022;0,39;V
29/04/2022;0,36;V
30/04/2022;0,34;V
01/05/2022;0,35;V
02/05/2022;0,33;V
03/05/2022;0,32;V
04/05/2022;0,31;V
05/05/2022;0,32;V
06/05/2022;0,36;V
07/05/2022;0,33;V
08/05/2022;0,31;V
09/05/2022;0,31;V
10/05/2022;0,30;V
11/05/2022;0,30;V
12/05/2022;0,28;V
13/05/2022;0,28;V
14/05/2022;0,28;V
15/05/2022;0,28;V
16/05/2022;0,27;V
17/05/2022;0,27;V
18/05/2022;0,26;V
19/05/2022;0,25;V
20/05/2022;0,25;V
21/05/2022;0,25;V
22/05/2022;0,25;V
23/05/2022;0,25;V
24/05/2022;0,25;V
25/05/2022;0,25;V
26/05/2022;0,24;V
27/05/2022;0,24;V
28/05/2022;0,25;V
29/05/2022;0,26;V
30/05/2022;0,25;V
31/05/2022;0,26;V
01/06/2022;;@
02/06/2022;;@
03/06/2022;;@
04/06/2022;;@
05/06/2022;;@
06/06/2022;;@
07/06/2022;;@
08/06/2022;;@
09/06/2022;;@
10/06/2022;;@
11/06/2022;;@
12/06/2022;;@
13/06/2022;;@
14/06/2022;;@
15/06/2022;;@
16/06/2022;;@
17/06/2022;;@
18/06/2022;;@
19/06/2022;;@
20/06/2022;;@
21/06/2022;;@
22/06/2022;;@
23/06/2022;;@
24/06/2022;;@
25/06/2022;;@
26/06/2022;;@
27/06/2022;;@
28/06/2022;;@
29/06/2022;;@
30/06/2022;;@
01/07/2022;;@
02/07/2022;;@
03/07/2022;;@
04/07/2022;;@
05/07/2022;;@
06/07/2022;;@
07/07/2022;;@
08/07/2022;;@
09/07/2022;;@
10/07/2022;;@
11/07/2022;;@
12/07/2022;;@
13/07/2022;;@
14/07/2022;;@
15/07/2022;;@
16/07/2022;;@
17/07/2022;;@
18/07/2022;;@
19/07/2022;;@
20/07/2022;;@
21/07/2022;;@
22/07/2022;;@
23/07/2022;;@
24/07/2022;;@
25/07/2022;;@
26/07/2022;;@
27/07/2022;;@
28/07/2022;;@
29/07/2022;;@
30/07/2022;;@
31/07/2022;;@
01/08/2022;;@
02/08/2022;;@
03/08/2022;;@
04/08/2022;;@
05/08/2022;;@
06/08/2022;;@
07/08/2022;;@
08/08/2022;;@
09/08/2022;;@
10/08/2022;;@
11/08/2022;;@
12/08/2022;;@
13/08/2022;;@
14/08/2022;;@
15/08/2022;;@
16/08/2022;0,57;V
17/08/2022;0,26;V
18/08/2022;0,37;V
19/08/2022;0,40;V
20/08/2022;0,29;V
21/08/2022;0,26;V
22/08/2022;0,23;V
23/08/2022;0,23;V
24/08/2022;0,22;V
25/08/2022;0,21;V
26/08/2022;0,22;V
27/08/2022;0,21;V
28/08/2022;0,22;V
29/08/2022;0,21;V
30/08/2022;0,21;V
31/08/2022;0,21;V
01/09/2022;0,20;V
02/09/2022;0,17;V
03/09/2022;0,20;V
04/09/2022;0,24;V
05/09/2022;0,23;V
06/09/2022;0,21;V
07/09/2022;0,21;V
08/09/2022;0,21;V
09/09/2022;0,19;V
10/09/2022;0,22;V
11/09/2022;0,22;V
12/09/2022;0,21;V
13/09/2022;0,20;V
14/09/2022;0,19;V
15/09/2022;0,21;V
16/09/2022;0,22;V
17/09/2022;0,24;V
18/09/2022;0,24;V
19/09/2022;0,22;V
20/09/2022;0,21;V
21/09/2022;0,14;V
22/09/2022;0,06;V
23/09/2022;0,05;V
24/09/2022;0,24;V
25/09/2022;0,62;V
26/09/2022;0,33;V
27/09/2022;0,28;V
28/09/2022;0,28;V
29/09/2022;0,30;V
30/09/2022;0,93;V
01/10/2022;0,49;V
02/10/2022;0,36;V
03/10/2022;0,32;V
04/10/2022;0,30;V
05/10/2022;0,28;V
06/10/2022;0,28;V
07/10/2022;0,27;V
08/10/2022;0,27;V
09/10/2022;0,25;V
10/10/2022;0,26;V
11/10/2022;0,25;V
12/10/2022;0,25;V
13/10/2022;0,25;V
14/10/2022;0,25;V
15/10/2022;0,25;V
16/10/2022;0,25;V
17/10/2022;0,25;V
18/10/2022;0,24;V
19/10/2022;0,24;V
20/10/2022;0,25;V
21/10/2022;0,25;V
22/10/2022;0,24;V
23/10/2022;0,25;V
24/10/2022;0,24;V
25/10/2022;0,24;V
26/10/2022;0,24;V
27/10/2022;0,24;V
28/10/2022;0,23;V
29/10/2022;0,22;V
30/10/2022;0,22;V
31/10/2022;0,23;V
01/11/2022;0,23;V
02/11/2022;0,23;V
03/11/2022;0,25;V
04/11/2022;0,26;V
05/11/2022;0,25;V
06/11/2022;0,24;V
07/11/2022;0,25;V
08/11/2022;0,24;V
09/11/2022;0,24;V
10/11/2022;0,25;V
11/11/2022;0,25;V
12/11/2022;0,25;V
13/11/2022;0,25;V
14/11/2022;0,24;V
15/11/2022;0,26;V
16/11/2022;0,28;V
17/11/2022;0,28;V
18/11/2022;0,30;V
19/11/2022;0,30;V
20/11/2022;0,30;V
21/11/2022;0,29;V
22/11/2022;0,80;V
23/11/2022;0,63;V
24/11/2022;0,43;V
25/11/2022;0,38;V
26/11/2022;0,38;V
27/11/2022;0,36;V
28/11/2022;0,36;V
29/11/2022;0,34;V
30/11/2022;0,32;V
01/12/2022;0,31;V
02/12/2022;0,30;V
03/12/2022;0,32;V
04/12/2022;0,35;V
05/12/2022;0,48;V
06/12/2022;0,51;V
07/12/2022;0,46;V
08/12/2022;0,41;V
09/12/2022;0,43;V
10/12/2022;0,50;V
11/12/2022;0,58;V
12/12/2022;0,50;V
13/12/2022;0,44;V
14/12/2022;0,41;V
15/12/2022;0,45;V
16/12/2022;1,31;V
17/12/2022;0,84;V
18/12/2022;0,58;V
19/12/2022;0,50;V
20/12/2022;0,46;V
21/12/2022;0,43;V
22/12/2022;0,41;V
23/12/2022;0,41;V
24/12/2022;0,38;V
25/12/2022;0,38;V
26/12/2022;0,36;V
27/12/2022;0,35;V
28/12/2022;0,35;V
29/12/2022;0,36;V
30/12/2022;0,35;V
31/12/2022;0,35;V
01/01/2023;0,33;V
02/01/2023;0,32;V
03/01/2023;0,32;V
04/01/2023;0,32;V
05/01/2023;0,32;V
06/01/2023;0,32;V
07/01/2023;0,32;V
08/01/2023;0,32;V
09/01/2023;0,41;V
10/01/2023;0,37;V
11/01/2023;0,35;V
12/01/2023;0,35;V
13/01/2023;0,35;V
14/01/2023;0,32;V
15/01/2023;0,32;V
16/01/2023;0,33;V
17/01/2023;0,60;V
18/01/2023;0,69;V
19/01/2023;0,71;V
20/01/2023;0,59;V
21/01/2023;0,51;V
22/01/2023;;@
23/01/2023;;@
24/01/2023;;@
25/01/2023;0,42;V
26/01/2023;0,41;V
27/01/2023;0,40;V
28/01/2023;0,38;V
29/01/2023;0,37;V
30/01/2023;0,37;V
31/01/2023;0,35;V
01/02/2023;0,36;V
02/02/2023;0,35;V
03/02/2023;0,35;V
04/02/2023;0,34;V
05/02/2023;0,33;V
06/02/2023;0,33;V
07/02/2023;0,33;V
08/02/2023;0,33;V
09/02/2023;0,32;V
10/02/2023;0,32;V
11/02/2023;0,32;V
12/02/2023;0,32;V
13/02/2023;0,31;V
14/02/2023;0,31;V
15/02/2023;0,31;V
16/02/2023;0,32;V
17/02/2023;0,32;V
18/02/2023;0,32;V
19/02/2023;0,31;V
20/02/2023;0,29;V
21/02/2023;0,29;V
22/02/2023;0,30;V
23/02/2023;0,29;V
24/02/2023;0,29;V
25/02/2023;0,32;V
26/02/2023;0,52;V
27/02/2023;0,53;V
28/02/2023;0,42;V
01/03/2023;0,57;V
02/03/2023;0,55;V
03/03/2023;0,46;V
04/03/2023;0,43;V
05/03/2023;0,41;V
06/03/2023;0,39;V
07/03/2023;0,38;V
08/03/2023;0,38;V
09/03/2023;0,36;V
10/03/2023;0,36;V
11/03/2023;0,35;V
12/03/2023;0,34;V
13/03/2023;0,35;V
14/03/2023;0,35;V
15/03/2023;0,33;V
16/03/2023;0,32;V
17/03/2023;0,32;V
18/03/2023;0,32;V
19/03/2023;0,32;V
20/03/2023;0,50;V
21/03/2023;0,45;V
22/03/2023;0,39;V
23/03/2023;0,38;V
24/03/2023;0,37;V
25/03/2023;0,35;V
26/03/2023;0,35;V
27/03/2023;0,35;V
28/03/2023;0,33;V
29/03/2023;0,34;V
30/03/2023;0,33;V
31/03/2023;0,33;V
01/04/2023;0,32;V
02/04/2023;0,32;V
03/04/2023;0,33;V
04/04/2023;0,32;V
05/04/2023;0,32;V
06/04/2023;0,32;V
07/04/2023;0,33;V
08/04/2023;0,52;V
09/04/2023;0,41;V
10/04/2023;0,36;V
11/04/2023;0,35;V
12/04/2023;0,35;V
13/04/2023;0,35;V
14/04/2023;0,35;V
15/04/2023;0,40;V
16/04/2023;0,39;V
17/04/2023;0,35;V
18/04/2023;0,34;V
19/04/2023;0,35;V
20/04/2023;0,35;V
21/04/2023;0,34;V
22/04/2023;0,34;V
23/04/2023;0,33;V
24/04/2023;0,33;V
25/04/2023;0,32;V
26/04/2023;0,32;V
27/04/2023;0,31;V
28/04/2023;0,31;V
29/04/2023;0,31;V
30/04/2023;0,31;V
01/05/2023;0,31;V
02/05/2023;0,32;V
03/05/2023;0,31;V
04/05/2023;0,31;V
05/05/2023;0,31;V
06/05/2023;0,31;V
07/05/2023;0,31;V
08/05/2023;0,31;V
09/05/2023;0,31;V
10/05/2023;0,39;V
11/05/2023;0,38;V
12/05/2023;0,40;V
13/05/2023;0,48;V
14/05/2023;0,39;V
15/05/2023;0,37;V
16/05/2023;0,37;V
17/05/2023;0,42;V
18/05/2023;0,41;V
19/05/2023;0,44;V
20/05/2023;0,44;V
21/05/2023;0,40;V
22/05/2023;0,39;V
23/05/2023;0,38;V
24/05/2023;0,38;V
25/05/2023;0,46;V
26/05/2023;0,38;V
27/05/2023;0,34;V
28/05/2023;0,33;V
29/05/2023;0,32;V
30/05/2023;0,31;V
31/05/2023;0,31;V
01/06/2023;0,34;V
02/06/2023;0,38;V
03/06/2023;0,42;V
04/06/2023;0,53;V
05/06/2023;0,50;V
06/06/2023;0,49;V
07/06/2023;0,43;V
08/06/2023;0,38;V
09/06/2023;0,35;V
10/06/2023;0,35;V
11/06/2023;0,36;V
12/06/2023;0,33;V
13/06/2023;0,33;V
14/06/2023;0,41;V
15/06/2023;0,41;V
16/06/2023;0,36;V
17/06/2023;0,33;V
18/06/2023;0,32;V
19/06/2023;0,30;V
20/06/2023;0,30;V
21/06/2023;0,29;V
22/06/2023;0,28;V
23/06/2023;0,28;V
24/06/2023;0,26;V
25/06/2023;0,26;V
26/06/2023;0,26;V
27/06/2023;0,25;V
28/06/2023;0,25;V
29/06/2023;0,24;V
30/06/2023;0,26;V
01/07/2023;;@
02/07/2023;;@
03/07/2023;;@
04/07/2023;;@
05/07/2023;;@
06/07/2023;;@
07/07/2023;;@
08/07/2023;;@
09/07/2023;;@
10/07/2023;;@
11/07/2023;;@
12/07/2023;;@
13/07/2023;;@
14/07/2023;;@
15/07/2023;;@
16/07/2023;;@
17/07/2023;;@
18/07/2023;;@
19/07/2023;;@
20/07/2023;;@
21/07/2023;;@
22/07/2023;;@
23/07/2023;;@
24/07/2023;;@
25/07/2023;;@
26/07/2023;;@
27/07/2023;;@
28/07/2023;;@
29/07/2023;;@
30/07/2023;;@
31/07/2023;;@
01/08/2023;;@
02/08/2023;;@
03/08/2023;;@
04/08/2023;;@
05/08/2023;;@
06/08/2023;;@
07/08/2023;;@
08/08/2023;;@
09/08/2023;;@
10/08/2023;;@
11/08/2023;;@
12/08/2023;;@
13/08/2023;;@
14/08/2023;;@
15/08/2023;;@
16/08/2023;;@
17/08/2023;;@
18/08/2023;;@
19/08/2023;;@
20/08/2023;;@
21/08/2023;;@
22/08/2023;;@
23/08/2023;;@
24/08/2023;;@
25/08/2023;;@
26/08/2023;;@
27/08/2023;;@
28/08/2023;;@
29/08/2023;;@
30/08/2023;;@
31/08/2023;;@
01/09/2023;;@
02/09/2023;;@
03/09/2023;;@
04/09/2023;;@
05/09/2023;;@
06/09/2023;;@
07/09/2023;;@
08/09/2023;;@
09/09/2023;;@
10/09/2023;;@
11/09/2023;;@
12/09/2023;;@
13/09/2023;;@
14/09/2023;;@
15/09/2023;;@
16/09/2023;;@
17/09/2023;;@
18/09/2023;;@
19/09/2023;;@
20/09/2023;;@
21/09/2023;;@
22/09/2023;;@
23/09/2023;;@
24/09/2023;;@
25/09/2023;;@
26/09/2023;;@
27/09/2023;;@
28/09/2023;;@
29/09/2023;;@
30/09/2023;;@
01/10/2023;;@
02/10/2023;;@
03/10/2023;;@
04/10/2023;;@
05/10/2023;;@
06/10/2023;;@
07/10/2023;;@
08/10/2023;;@
09/10/2023;;@
10/10/2023;;@
11/10/2023;;@
12/10/2023;;@
13/10/2023;;@
14/10/2023;;@
15/10/2023;;@
16/10/2023;;@
17/10/2023;;@
18/10/2023;;@
19/10/2023;;@
20/10/2023;;@
21/10/2023;;@
22/10/2023;0,26;V
23/10/2023;0,23;V
24/10/2023;0,26;V
25/10/2023;0,33;V
26/10/2023;0,25;V
27/10/2023;0,23;V
28/10/2023;0,23;V
29/10/2023;0,22;V
30/10/2023;0,23;V
31/10/2023;0,38;V
01/11/2023;0,30;V
02/11/2023;0,30;V
03/11/2023;0,60;V
04/11/2023;0,41;V
05/11/2023;0,95;V
06/11/2023;0,45;V
07/11/2023;0,36;V
08/11/2023;0,33;V
09/11/2023;0,32;V
10/11/2023;0,37;V
11/11/2023;0,36;V
12/11/2023;0,35;V
13/11/2023;0,32;V
14/11/2023;0,32;V
15/11/2023;0,30;V
16/11/2023;0,29;V
17/11/2023;0,31;V
18/11/2023;0,29;V
19/11/2023;0,29;V
20/11/2023;0,29;V
21/11/2023;0,29;V
22/11/2023;0,29;V
23/11/2023;0,29;V
24/11/2023;0,28;V
25/11/2023;0,28;V
26/11/2023;0,28;V
27/11/2023;0,29;V
28/11/2023;0,29;V
29/11/2023;0,29;V
30/11/2023;0,29;V
01/12/2023;0,27;V
02/12/2023;0,64;V
03/12/2023;0,42;V
04/12/2023;0,36;V
05/12/2023;0,46;V
06/12/2023;0,42;V
07/12/2023;0,37;V
08/12/2023;0,36;V
09/12/2023;0,33;V
10/12/2023;0,35;V
11/12/2023;0,35;V
12/12/2023;0,35;V
13/12/2023;0,42;V
14/12/2023;0,41;V
15/12/2023;0,36;V
16/12/2023;0,33;V
17/12/2023;0,32;V
18/12/2023;0,32;V
19/12/2023;0,32;V
20/12/2023;0,32;V
21/12/2023;0,31;V
22/12/2023;0,30;V
23/12/2023;0,29;V
24/12/2023;0,29;V
25/12/2023;0,29;V
26/12/2023;0,29;V
27/12/2023;0,29;V
28/12/2023;0,29;V
29/12/2023;0,29;V
30/12/2023;0,29;V
31/12/2023;0,29;V
01/01/2024;0,29;V
02/01/2024;0,29;V
03/01/2024;0,29;V
04/01/2024;0,28;V
05/01/2024;0,29;V
06/01/2024;0,70;V
07/01/2024;0,66;V
08/01/2024;0,56;V
09/01/2024;0,45;V
10/01/2024;0,41;V
11/01/2024;0,38;V
12/01/2024;0,37;V
13/01/2024;0,35;V
14/01/2024;0,35;V
15/01/2024;0,35;V
16/01/2024;0,33;V
17/01/2024;0,34;V
18/01/2024;0,35;V
19/01/2024;0,34;V
20/01/2024;0,32;V
21/01/2024;0,32;V
22/01/2024;0,32;V
23/01/2024;0,32;V
24/01/2024;0,32;V
25/01/2024;0,32;V
26/01/2024;0,31;V
27/01/2024;0,29;V
28/01/2024;0,29;V
29/01/2024;0,29;V
30/01/2024;0,29;V
31/01/2024;0,29;V
01/02/2024;0,29;V
02/02/2024;0,29;V
03/02/2024;0,29;V
04/02/2024;0,29;V
05/02/2024;0,29;V
06/02/2024;0,29;V
07/02/2024;0,29;V
08/02/2024;0,29;V
09/02/2024;0,29;V
10/02/2024;0,33;V
11/02/2024;0,71;V
12/02/2024;0,50;V
13/02/2024;0,41;V
14/02/2024;0,38;V
15/02/2024;0,36;V
16/02/2024;0,35;V
17/02/2024;0,33;V
18/02/2024;0,32;V
19/02/2024;0,31;V
20/02/2024;0,31;V
21/02/2024;0,32;V
22/02/2024;0,32;V
23/02/2024;0,38;V
24/02/2024;0,46;V
25/02/2024;0,39;V
26/02/2024;0,39;V
27/02/2024;0,80;V
28/02/2024;0,79;V
29/02/2024;0,55;V
01/03/2024;0,51;V
02/03/2024;0,66;V
03/03/2024;0,60;V
04/03/2024;0,70;V
05/03/2024;0,55;V
06/03/2024;0,50;V
07/03/2024;0,47;V
08/03/2024;0,45;V
09/03/2024;0,50;V
10/03/2024;0,72;V
11/03/2024;0,69;V
12/03/2024;0,67;V
13/03/2024;0,57;V
14/03/2024;0,50;V
15/03/2024;0,48;V
16/03/2024;0,48;V
17/03/2024;0,45;V
18/03/2024;0,45;V
19/03/2024;0,43;V
20/03/2024;0,41;V
21/03/2024;0,40;V
22/03/2024;0,40;V
23/03/2024;0,39;V
24/03/2024;0,39;V
25/03/2024;0,38;V
26/03/2024;0,47;V
27/03/2024;0,92;V
28/03/2024;0,81;V
29/03/2024;0,61;V
30/03/2024;0,53;V
31/03/2024;0,49;V
01/04/2024;0,55;V
02/04/2024;0,54;V
03/04/2024;0,48;V
04/04/2024;0,45;V
05/04/2024;0,43;V
06/04/2024;0,41;V
07/04/2024;0,40;V
08/04/2024;0,39;V
09/04/2024;0,38;V
10/04/2024;0,39;V
11/04/2024;0,37;V
12/04/2024;0,36;V
13/04/2024;0,35;V
14/04/2024;0,35;V
15/04/2024;0,35;V
16/04/2024;0,35;V
17/04/2024;0,34;V
18/04/2024;0,35;V
19/04/2024;0,34;V
20/04/2024;0,33;V
21/04/2024;0,34;V
22/04/2024;0,34;V
23/04/2024;0,47;V
24/04/2024;0,41;V
25/04/2024;0,36;V
26/04/2024;0,36;V
27/04/2024;0,37;V
28/04/2024;0,36;V
29/04/2024;0,34;V
30/04/2024;0,32;V
01/05/2024;0,34;V
02/05/2024;0,48;V
03/05/2024;0,57;V
04/05/2024;0,46;V
05/05/2024;0,40;V
06/05/2024;0,38;V
07/05/2024;0,38;V
08/05/2024;0,37;V
09/05/2024;0,34;V
10/05/2024;0,33;V
11/05/2024;0,32;V
12/05/2024;0,32;V
13/05/2024;0,32;V
14/05/2024;0,32;V
15/05/2024;0,32;V
16/05/2024;0,32;V
17/05/2024;0,31;V
18/05/2024;0,31;V
19/05/2024;0,30;V
20/05/2024;0,33;V
21/05/2024;0,58;V
22/05/2024;0,41;V
23/05/2024;0,36;V
24/05/2024;0,33;V
25/05/2024;0,32;V
26/05/2024;0,32;V
27/05/2024;0,31;V
28/05/2024;0,31;V
29/05/2024;0,31;V
30/05/2024;0,33;V
31/05/2024;0,33;V
01/06/2024;0,31;V
02/06/2024;0,30;V
03/06/2024;0,31;V
04/06/2024;0,31;V
05/06/2024;0,30;V
06/06/2024;0,29;V
07/06/2024;0,29;V
08/06/2024;0,29;V
09/06/2024;0,29;V
10/06/2024;0,29;V
11/06/2024;0,30;V
12/06/2024;0,29;V
13/06/2024;0,28;V
14/06/2024;0,27;V
15/06/2024;0,27;V
16/06/2024;0,26;V
17/06/2024;0,26;V
18/06/2024;0,25;V
19/06/2024;0,25;V
20/06/2024;0,25;V
21/06/2024;0,25;V
22/06/2024;0,26;V
23/06/2024;0,26;V
24/06/2024;0,29;V
25/06/2024;0,33;V
26/06/2024;0,31;V
27/06/2024;0,28;V
28/06/2024;0,26;V
29/06/2024;0,25;V
30/06/2024;0,25;V
01/07/2024;0,25;V
02/07/2024;;@
03/07/2024;;@
04/07/2024;;@
05/07/2024;;@
06/07/2024;;@
07/07/2024;;@
08/07/2024;;@
09/07/2024;;@
10/07/2024;;@
11/07/2024;;@
12/07/2024;;@
13/07/2024;;@
14/07/2024;;@
15/07/2024;;@
16/07/2024;;@
17/07/2024;;@
18/07/2024;;@
19/07/2024;;@
20/07/2024;;@
21/07/2024;;@
22/07/2024;;@
23/07/2024;;@
24/07/2024;;@
25/07/2024;;@
26/07/2024;;@
27/07/2024;;@
28/07/2024;;@
29/07/2024;;@
30/07/2024;;@
31/07/2024;;@
01/08/2024;;@
02/08/2024;;@
03/08/2024;;@
04/08/2024;;@
05/08/2024;;@
06/08/2024;;@
07/08/2024;;@
08/08/2024;;@
09/08/2024;;@
10/08/2024;;@
11/08/2024;;@
12/08/2024;;@
13/08/2024;;@
14/08/2024;;@
15/08/2024;;@
16/08/2024;;@
17/08/2024;;@
18/08/2024;;@
19/08/2024;;@
20/08/2024;;@
21/08/2024;;@
22/08/2024;;@
23/08/2024;;@
24/08/2024;;@
25/08/2024;;@
26/08/2024;;@
27/08/2024;;@
28/08/2024;;@
29/08/2024;;@
30/08/2024;;@
31/08/2024;;@
01/09/2024;;@
02/09/2024;;@
03/09/2024;;@
04/09/2024;;@
05/09/2024;;@
06/09/2024;;@
07/09/2024;0,25;V
08/09/2024;0,25;V
09/09/2024;0,35;V
10/09/2024;0,27;V
11/09/2024;0,25;V
12/09/2024;0,26;V
13/09/2024;0,31;V
14/09/2024;0,28;V
15/09/2024;0,26;V
16/09/2024;0,25;V
17/09/2024;0,24;V
18/09/2024;0,27;V
19/09/2024;0,30;V
20/09/2024;0,26;V
21/09/2024;0,25;V
22/09/2024;0,25;V
23/09/2024;0,26;V
24/09/2024;0,27;V
25/09/2024;0,27;V
26/09/2024;0,27;V
27/09/2024;0,27;V
28/09/2024;0,27;V
29/09/2024;0,26;V
30/09/2024;0,26;V
01/10/2024;0,27;V
02/10/2024;0,26;V
03/10/2024;0,48;V
04/10/2024;0,46;V
05/10/2024;0,34;V
06/10/2024;0,31;V
07/10/2024;0,30;V
08/10/2024;0,49;V
09/10/2024;0,47;V
10/10/2024;0,38;V
11/10/2024;0,37;V
12/10/2024;0,33;V
13/10/2024;0,32;V
14/10/2024;0,30;V
15/10/2024;0,29;V
16/10/2024;0,30;V
17/10/2024;0,35;V
18/10/2024;0,90;V
19/10/2024;0,49;V
20/10/2024;0,41;V
21/10/2024;0,37;V
22/10/2024;0,36;V
23/10/2024;0,34;V
24/10/2024;0,36;V
25/10/2024;0,40;V
26/10/2024;0,45;V
27/10/2024;0,38;V
28/10/2024;0,36;V
29/10/2024;0,34;V
30/10/2024;0,33;V
31/10/2024;0,32;V
01/11/2024;0,32;V
02/11/2024;0,30;V
03/11/2024;0,30;V
04/11/2024;0,30;V
05/11/2024;0,30;V
06/11/2024;0,30;V
07/11/2024;0,30;V
08/11/2024;0,30;V
09/11/2024;0,30;V
10/11/2024;0,29;V
11/11/2024;0,30;V
12/11/2024;0,30;V
13/11/2024;0,29;V
14/11/2024;0,29;V
15/11/2024;0,28;V
16/11/2024;0,28;V
17/11/2024;0,30;V
18/11/2024;0,29;V
19/11/2024;0,29;V
20/11/2024;0,30;V
21/11/2024;0,32;V
22/11/2024;0,35;V
23/11/2024;0,31;V
24/11/2024;0,31;V
25/11/2024;0,30;V
26/11/2024;0,30;V
27/11/2024;0,29;V
28/11/2024;0,31;V
29/11/2024;0,29;V
30/11/2024;0,28;V
01/12/2024;0,28;V
02/12/2024;0,28;V
03/12/2024;0,28;V
04/12/2024;0,28;V
05/12/2024;0,28;V
06/12/2024;0,28;V
07/12/2024;0,28;V
08/12/2024;0,58;V
09/12/2024;0,52;V
10/12/2024;0,43;V
11/12/2024;0,39;V
12/12/2024;0,36;V
13/12/2024;0,36;V
14/12/2024;0,45;V
15/12/2024;0,39;V
16/12/2024;0,37;V
17/12/2024;0,36;V
18/12/2024;0,35;V
19/12/2024;0,34;V
20/12/2024;0,36;V
21/12/2024;0,34;V
22/12/2024;0,45;V
23/12/2024;0,70;V
24/12/2024;0,49;V
25/12/2024;0,42;V
26/12/2024;0,40;V
27/12/2024;0,38;V
28/12/2024;0,37;V
29/12/2024;0,37;V
30/12/2024;0,35;V
31/12/2024;0,34;V
01/01/2025;0,32;V
02/01/2025;0,32;V
03/01/2025;0,33;V
04/01/2025;0,34;V
05/01/2025;0,32;V
06/01/2025;0,32;V
07/01/2025;0,33;V
08/01/2025;0,34;V
09/01/2025;0,32;V
10/01/2025;0,32;V
11/01/2025;0,35;V
12/01/2025;0,33;V
13/01/2025;0,32;V
14/01/2025;0,32;V
15/01/2025;0,32;V
16/01/2025;0,31;V
17/01/2025;0,30;V
18/01/2025;0,30;V
19/01/2025;0,30;V
20/01/2025;0,30;V
21/01/2025;0,31;V
22/01/2025;0,32;V
23/01/2025;0,32;V
24/01/2025;0,32;V
25/01/2025;0,32;V
26/01/2025;0,37;V
27/01/2025;0,38;V
28/01/2025;0,42;V
29/01/2025;0,38;V
30/01/2025;0,36;V
31/01/2025;0,51;V
01/02/2025;0,76;V
02/02/2025;0,49;V
03/02/2025;0,43;V
04/02/2025;0,40;V
05/02/2025;0,37;V
06/02/2025;0,37;V
07/02/2025;0,35;V
08/02/2025;0,35;V
09/02/2025;0,37;V
10/02/2025;0,37;V
11/02/2025;0,35;V
12/02/2025;0,47;V
13/02/2025;0,44;V
14/02/2025;0,96;V
15/02/2025;0,65;V
16/02/2025;0,52;V
17/02/2025;0,46;V
18/02/2025;0,43;V
19/02/2025;0,42;V
20/02/2025;0,40;V
21/02/2025;0,38;V
22/02/2025;0,38;V
23/02/2025;0,37;V
24/02/2025;0,44;V
25/02/2025;0,50;V
26/02/2025;0,61;V
27/02/2025;0,54;V
28/02/2025;0,46;V
01/03/2025;0,47;V
02/03/2025;0,43;V
03/03/2025;0,41;V
04/03/2025;0,40;V
05/03/2025;0,38;V
06/03/2025;0,37;V
07/03/2025;0,37;V
08/03/2025;0,36;V
09/03/2025;0,36;V
10/03/2025;0,49;V
11/03/2025;0,42;V
12/03/2025;0,74;V
13/03/2025;1,02;V
14/03/2025;1,30;V
15/03/2025;0,89;V
16/03/2025;0,75;V
17/03/2025;0,62;V
18/03/2025;0,54;V
19/03/2025;0,50;V
20/03/2025;0,47;V
21/03/2025;0,46;V
22/03/2025;0,48;V
23/03/2025;0,46;V
24/03/2025;0,43;V
25/03/2025;0,42;V
26/03/2025;0,42;V
27/03/2025;0,41;V
28/03/2025;0,40;V
29/03/2025;0,38;V
30/03/2025;0,37;V
31/03/2025;0,36;V
01/04/2025;0,36;V
02/04/2025;0,35;V
03/04/2025;0,34;V
04/04/2025;0,34;V
05/04/2025;0,34;V
06/04/2025;0,34;V
07/04/2025;0,33;V
08/04/2025;0,32;V
09/04/2025;0,32;V
10/04/2025;0,32;V
11/04/2025;0,32;V
12/04/2025;0,31;V
13/04/2025;0,35;V
14/04/2025;0,56;V
15/04/2025;0,97;V
16/04/2025;0,65;V
17/04/2025;0,57;V
18/04/2025;0,59;V
19/04/2025;0,52;V
20/04/2025;0,47;V
21/04/2025;0,44;V
22/04/2025;0,42;V
23/04/2025;0,40;V
24/04/2025;0,39;V
25/04/2025;0,38;V
26/04/2025;0,38;V
27/04/2025;0,37;V
28/04/2025;0,35;V
29/04/2025;0,34;V
30/04/2025;0,34;V
01/05/2025;0,33;V
02/05/2025;0,33;V
03/05/2025;0,32;V
04/05/2025;0,31;V
05/05/2025;0,52;V
06/05/2025;0,52;V
07/05/2025;0,40;V
08/05/2025;0,37;V
09/05/2025;0,34;V
10/05/2025;0,34;V
11/05/2025;0,34;V
12/05/2025;0,32;V
13/05/2025;0,33;V
14/05/2025;0,32;V
15/05/2025;0,31;V
16/05/2025;0,34;V
17/05/2025;0,31;V
18/05/2025;0,31;V
19/05/2025;0,31;V
20/05/2025;0,31;V
21/05/2025;0,31;V
22/05/2025;0,32;V
23/05/2025;0,36;V
24/05/2025;0,32;V
25/05/2025;0,31;V
26/05/2025;0,31;V
27/05/2025;0,30;V
28/05/2025;0,30;V
29/05/2025;0,29;V
30/05/2025;0,28;V
31/05/2025;0,28;V
01/06/2025;0,28;V
02/06/2025;0,28;V
03/06/2025;0,27;V
04/06/2025;0,27;V
05/06/2025;0,27;V
06/06/2025;0,27;V
07/06/2025;0,27;V
08/06/2025;0,27;V
09/06/2025;0,26;V
10/06/2025;0,27;V
11/06/2025;0,27;V
12/06/2025;0,26;V
13/06/2025;0,26;V
14/06/2025;0,26;V
15/06/2025;0,26;V
16/06/2025;0,25;V
17/06/2025;0,25;V
18/06/2025;0,25;V
19/06/2025;0,25;V
20/06/2025;0,25;V
21/06/2025;0,25;V
22/06/2025;0,25;V
23/06/2025;0,25;V
24/06/2025;0,24;V
25/06/2025;0,24;V
26/06/2025;0,24;V
27/06/2025;0,23;V
28/06/2025;0,23;V
29/06/2025;0,22;V
30/06/2025;0,23;V
01/07/2025;0,22;V
02/07/2025;0,24;V
03/07/2025;0,25;V
04/07/2025;0,23;V
05/07/2025;0,23;V
06/07/2025;0,32;V
07/07/2025;0,31;V
08/07/2025;0,25;V
09/07/2025;0,23;V
10/07/2025;0,23;V
11/07/2025;0,23;V
12/07/2025;0,22;V
13/07/2025;0,22;V
14/07/2025;0,23;V
15/07/2025;0,22;V
16/07/2025;0,21;V
17/07/2025;0,21;V
18/07/2025;0,21;V
19/07/2025;0,21;V
20/07/2025;0,21;V
21/07/2025;0,21;V
22/07/2025;0,20;V
23/07/2025;0,20;V
24/07/2025;;@
25/07/2025;;@
26/07/2025;;@
27/07/2025;;@
28/07/2025;;@
29/07/2025;;@
30/07/2025;;@
31/07/2025;;@
01/08/2025;;@
02/08/2025;;@
03/08/2025;;@
04/08/2025;;@
05/08/2025;;@
06/08/2025;;@
07/08/2025;;@
08/08/2025;;@
09/08/2025;;@
10/08/2025;;@
11/08/2025;;@
12/08/2025;;@
13/08/2025;;@
14/08/2025;;@
15/08/2025;;@
16/08/2025;;@
17/08/2025;;@
18/08/2025;;@
19/08/2025;;@
20/08/2025;;@
21/08/2025;;@
22/08/2025;;@
23/08/2025;;@
24/08/2025;;@
25/08/2025;;@
26/08/2025;;@
27/08/2025;;@
28/08/2025;;@
29/08/2025;;@
30/08/2025;;@
31/08/2025;;@
01/09/2025;;@
02/09/2025;;@
03/09/2025;;@
04/09/2025;;@
05/09/2025;;@
06/09/2025;;@
07/09/2025;;@
08/09/2025;;@
09/09/2025;;@
10/09/2025;;@
11/09/2025;;@
12/09/2025;;@
13/09/2025;;@
14/09/2025;;@
15/09/2025;;@
16/09/2025;;@
17/09/2025;;@
18/09/2025;;@
19/09/2025;;@
20/09/2025;;@
21/09/2025;;@
22/09/2025;;@
23/09/2025;;@
24/09/2025;;@
25/09/2025;;@
26/09/2025;;@
27/09/2025;;@
28/09/2025;;@
29/09/2025;;@
30/09/2025;;@
01/10/2025;;@
02/10/2025;;@
03/10/2025;;@
04/10/2025;;@
05/10/2025;;@
06/10/2025;;@
07/10/2025;;@
08/10/2025;;@
09/10/2025;;@
10/10/2025;;@
11/10/2025;;@
12/10/2025;;@
13/10/2025;;@
14/10/2025;;@
15/10/2025;;@
16/10/2025;;@
17/10/2025;;@
18/10/2025;;@
19/10/2025;;@
20/10/2025;;@
21/10/2025;;@
22/10/2025;;@
23/10/2025;;@
24/10/2025;;@
25/10/2025;;@
26/10/2025;;@
27/10/2025;;@
28/10/2025;;@
29/10/2025;;@
30/10/2025;;@
31/10/2025;;@
01/11/2025;;@
02/11/2025;;@
03/11/2025;0,27;V
04/11/2025;0,25;V
05/11/2025;0,25;V
06/11/2025;0,25;V
07/11/2025;0,26;V
08/11/2025;0,25;V
09/11/2025;0,25;V
10/11/2025;0,25;V
11/11/2025;0,25;V
12/11/2025;0,25;V
13/11/2025;0,25;V
14/11/2025;0,25;V
15/11/2025;0,25;V
16/11/2025;0,25;V
17/11/2025;0,31;V
18/11/2025;0,34;V
19/11/2025;0,30;V
20/11/2025;0,29;V
21/11/2025;;@
22/11/2025;;@
23/11/2025;;@
24/11/2025;0,31;V
25/11/2025;0,47;V
26/11/2025;0,40;V
27/11/2025;0,34;V
28/11/2025;0,31;V
29/11/2025;0,29;@
30/11/2025;;@
01/12/2025;0,33;V
02/12/2025;0,38;V
03/12/2025;0,33;V
04/12/2025;0,32;V
05/12/2025;0,30;V
06/12/2025;0,29;V
07/12/2025;0,29;V
08/12/2025;0,29;V
09/12/2025;0,29;V
10/12/2025;0,28;V
11/12/2025;0,28;V
12/12/2025;0,27;V
13/12/2025;0,27;V
14/12/2025;0,26;V
15/12/2025;0,26;V
16/12/2025;0,28;V
17/12/2025;0,33;V
18/12/2025;0,31;V
19/12/2025;0,31;V
20/12/2025;0,32;V
21/12/2025;0,30;V
22/12/2025;0,29;V
23/12/2025;0,31;V
24/12/2025;0,43;V
25/12/2025;0,40;V
26/12/2025;0,38;V
27/12/2025;0,35;V
28/12/2025;;@
29/12/2025;;@
30/12/2025;0,31;V
31/12/2025;;@
01/01/2026;;@
02/01/2026;0,30;P
03/01/2026;0,29;P
04/01/2026;0,29;P
05/01/2026;0,29;P
06/01/2026;0,34;P
07/01/2026;;@
08/01/2026;;@
09/01/2026;0,49;P
10/01/2026;0,52;P
11/01/2026;;@
12/01/2026;;@
13/01/2026;0,36;P
14/01/2026;0,35;P
15/01/2026;0,34;P
16/01/2026;0,32;P
17/01/2026;0,32;P
18/01/2026;0,32;P
19/01/2026;0,32;P
20/01/2026;0,31;P
21/01/2026;0,30;P
22/01/2026;;@
23/01/2026;0,30;P
24/01/2026;0,41;P
25/01/2026;0,70;P
26/01/2026;0,58;P
27/01/2026;0,46;P
28/01/2026;0,77;P
29/01/2026;0,72;P
30/01/2026;0,58;P
31/01/2026;0,53;P
01/02/2026;0,47;P
02/02/2026;0,44;P
03/02/2026;0,49;P
04/02/2026;0,80;P
05/02/2026;0,71;P
06/02/2026;0,72;P
07/02/2026;0,63;P
08/02/2026;0,63;P
09/02/2026;0,54;P
10/02/2026;0,49;P
11/02/2026;0,51;P
12/02/2026;0,51;P
13/02/2026;0,47;P
14/02/2026;0,46;P
15/02/2026;0,45;P
16/02/2026;0,45;P
17/02/2026;0,45;P
18/02/2026;0,44;P
19/02/2026;0,47;P
20/02/2026;0,46;P
21/02/2026;0,43;P
22/02/2026;0,41;P
23/02/2026;0,41;P
24/02/2026;0,39;P
25/02/2026;0,37;P
26/02/2026;0,37;P
27/02/2026;0,38;P
28/02/2026;0,36;P
01/03/2026;0,35;P
02/03/2026;0,35;P
03/03/2026;0,35;P
04/03/2026;0,35;P
05/03/2026;0,34;P
06/03/2026;0,33;P
07/03/2026;0,32;P
08/03/2026;0,33;P
09/03/2026;0,32;P
10/03/2026;0,32;P
11/03/2026;0,35;P
12/03/2026;0,58;P
13/03/2026;0,43;P
14/03/2026;0,39;P
15/03/2026;0,37;P
16/03/2026;0,35;P
17/03/2026;0,34;P
18/03/2026;0,34;P
19/03/2026;0,34;P
20/03/2026;0,33;P
21/03/2026;0,33;P
22/03/2026;0,33;P
23/03/2026;0,33;P
24/03/2026;0,32;P
25/03/2026;0,32;P
26/03/2026;0,33;P
27/03/2026;0,33;P
28/03/2026;0,32;P
29/03/2026;0,32;P
30/03/2026;0,31;P
31/03/2026;0,32;P
01/04/2026;0,31;P
02/04/2026;0,31;P
03/04/2026;0,31;P
04/04/2026;0,30;P
05/04/2026;0,30;P
06/04/2026;0,30;P
07/04/2026;0,30;P
08/04/2026;0,30;P
09/04/2026;0,29;P
10/04/2026;0,29;P
11/04/2026;0,29;P
12/04/2026;0,29;P
13/04/2026;0,29;P
14/04/2026;0,30;P
15/04/2026;0,30;P
16/04/2026;0,29;P
17/04/2026;0,29;P
18/04/2026;0,29;P
19/04/2026;0,29;P
20/04/2026;0,29;P
21/04/2026;0,29;P
22/04/2026;0,29;P
23/04/2026;0,29;P
24/04/2026;0,29;P
25/04/2026;0,28;P
26/04/2026;0,28;P
27/04/2026;0,29;P
28/04/2026;0,29;P
29/04/2026;0,29;P
30/04/2026;0,28;P
01/05/2026;0,28;P
02/05/2026;0,29;P
03/05/2026;0,29;P
04/05/2026;0,29;P
05/05/2026;0,37;P
06/05/2026;0,43;P
07/05/2026;0,37;P
08/05/2026;0,32;P
09/05/2026;0,31;P
10/05/2026;0,33;P
11/05/2026;0,34;P
12/05/2026;0,31;P
13/05/2026;0,30;P
14/05/2026;0,30;P
15/05/2026;0,30;P
16/05/2026;0,35;P
17/05/2026;0,34;P
18/05/2026;0,32;P
19/05/2026;0,30;P
20/05/2026;0,30;P
21/05/2026;0,29;P
22/05/2026;0,29;P
23/05/2026;0,28;P
24/05/2026;0,28;P
25/05/2026;0,28;P
26/05/2026;0,27;P
27/05/2026;0,27;P
28/05/2026;0,27;P
29/05/2026;0,27;P
30/05/2026;0,27;P
31/05/2026;0,26;P
01/06/2026;0,26;P
02/06/2026;0,26;P
03/06/2026;0,27;P
04/06/2026;0,27;P
05/06/2026;0,26;P
06/06/2026;0,26;P
07/06/2026;0,25;P
08/06/2026;0,25;P
09/06/2026;0,25;P
10/06/2026;0,25;P
11/06/2026;0,25;P
