"Stazione";"Fucecchio valle"
"Codice";"TOS01005001"
"Comune";"Fucecchio"
"Provincia";"FI"
"GB [m]";"E";1646017;"N";4842358
"WGS84 [°]";"Lat";43.720;"Lon";10.812
"Quota [m]";0,00

;;;ATTENZIONE i dati sono nel fomato csv ed utilizzano
;;;come separatore di colonna il "punto e virgola" e
;;;come separatore decimale la "virgola"
;;;verificare le proprie impostazioni internazionali per una corretta visulizzazione.
;;;Il valore contrassegnato con N corrisponde al dato non validato
;;;Il valore contrassegnato con R corrisponde al dato ricostruito
;;;Il valore contrassegnato con I corrisponde al dato incerto
;;;Il valore contrassegnato con @ corrisponde al dato mancante
;;;Il valore contrassegnato con V corrisponde al dato validato
;;;Il valore contrassegnato con P corrisponde al dato prevalidato soggetto ad eventuali modifiche
;;;(consultare la sezione Criteri di validazione)

"gg/mm/aaaa";"Livello [m]";"Tipo Dato"
01/01/1998;-5,18;V
02/01/1998;-5,59;V
03/01/1998;-4,82;V
04/01/1998;-5,07;V
05/01/1998;-5,55;V
06/01/1998;-5,27;V
07/01/1998;-5,76;V
08/01/1998;-5,43;V
09/01/1998;-5,54;V
10/01/1998;-5,56;V
11/01/1998;-6,01;V
12/01/1998;-6,06;V
13/01/1998;-5,79;V
14/01/1998;-5,80;V
15/01/1998;-5,30;V
16/01/1998;-5,45;V
17/01/1998;-5,18;V
18/01/1998;-5,58;V
19/01/1998;-5,46;V
20/01/1998;-3,00;V
21/01/1998;-4,02;V
22/01/1998;-4,77;V
23/01/1998;-4,92;V
24/01/1998;-5,20;V
25/01/1998;-5,73;V
26/01/1998;-5,73;V
27/01/1998;-5,57;V
28/01/1998;-5,69;V
29/01/1998;-5,75;V
30/01/1998;-5,63;V
31/01/1998;-5,81;V
01/02/1998;-6,05;V
02/02/1998;-6,11;V
03/02/1998;-5,77;V
04/02/1998;-5,43;V
05/02/1998;-5,16;V
06/02/1998;-5,29;V
07/02/1998;-5,51;V
08/02/1998;-5,55;V
09/02/1998;-6,05;V
10/02/1998;-5,70;V
11/02/1998;-5,74;V
12/02/1998;-5,83;V
13/02/1998;-5,75;V
14/02/1998;-5,96;V
15/02/1998;-6,18;V
16/02/1998;-6,21;V
17/02/1998;-5,95;V
18/02/1998;-5,92;V
19/02/1998;-6,07;V
20/02/1998;-6,04;V
21/02/1998;-6,17;V
22/02/1998;-6,29;V
23/02/1998;-5,54;V
24/02/1998;-4,88;V
25/02/1998;-5,02;V
26/02/1998;-5,23;V
27/02/1998;-5,37;V
28/02/1998;-5,66;V
01/03/1998;-6,06;V
02/03/1998;-6,12;V
03/03/1998;-5,82;V
04/03/1998;-5,82;V
05/03/1998;-5,83;V
06/03/1998;-5,89;V
07/03/1998;-5,95;V
08/03/1998;-6,21;V
09/03/1998;-6,23;V
10/03/1998;-5,96;V
11/03/1998;-5,96;V
12/03/1998;-5,85;V
13/03/1998;-4,86;V
14/03/1998;-4,99;V
15/03/1998;-5,35;V
16/03/1998;-5,82;V
17/03/1998;-5,58;V
18/03/1998;-5,64;V
19/03/1998;-5,80;V
20/03/1998;-5,69;V
21/03/1998;-5,73;V
22/03/1998;-6,21;V
23/03/1998;-6,24;V
24/03/1998;-5,59;V
25/03/1998;-5,54;V
26/03/1998;-5,52;V
27/03/1998;-5,39;V
28/03/1998;-5,40;V
29/03/1998;-6,04;V
30/03/1998;-6,10;V
31/03/1998;-5,83;V
01/04/1998;-5,82;V
02/04/1998;-5,79;V
03/04/1998;-5,65;V
04/04/1998;-5,70;V
05/04/1998;-6,17;V
06/04/1998;-5,51;V
07/04/1998;-5,06;V
08/04/1998;-5,46;V
09/04/1998;-5,58;V
10/04/1998;-5,45;V
11/04/1998;-4,33;V
12/04/1998;-3,00;V
13/04/1998;-2,95;V
14/04/1998;-3,97;V
15/04/1998;-4,42;V
16/04/1998;-2,98;V
17/04/1998;-2,42;V
18/04/1998;-3,04;V
19/04/1998;-3,94;V
20/04/1998;-4,50;V
21/04/1998;-4,85;V
22/04/1998;-5,14;V
23/04/1998;-5,24;V
24/04/1998;-5,25;V
25/04/1998;-5,28;V
26/04/1998;-5,81;V
27/04/1998;-5,84;V
28/04/1998;-5,21;V
29/04/1998;-4,69;V
30/04/1998;-4,42;V
01/05/1998;-4,18;V
02/05/1998;-4,06;V
03/05/1998;-4,30;V
04/05/1998;-4,85;V
05/05/1998;-4,76;V
06/05/1998;-4,95;V
07/05/1998;-5,07;V
08/05/1998;-5,39;V
09/05/1998;-5,54;V
10/05/1998;-5,89;V
11/05/1998;-5,96;V
12/05/1998;-5,70;V
13/05/1998;-5,75;V
14/05/1998;-5,77;V
15/05/1998;-5,81;V
16/05/1998;-6,07;V
17/05/1998;-6,18;V
18/05/1998;-6,16;V
19/05/1998;-6,20;V
20/05/1998;-6,10;V
21/05/1998;-6,12;V
22/05/1998;-6,16;V
23/05/1998;-6,07;V
24/05/1998;-6,08;V
25/05/1998;-6,07;V
26/05/1998;-5,85;V
27/05/1998;-5,97;V
28/05/1998;-5,98;V
29/05/1998;-5,81;V
30/05/1998;-5,63;V
31/05/1998;-5,91;V
01/06/1998;-6,11;V
02/06/1998;-6,01;V
03/06/1998;-6,12;V
04/06/1998;-6,11;V
05/06/1998;-6,22;V
06/06/1998;-6,25;V
07/06/1998;-6,38;V
08/06/1998;-5,85;V
09/06/1998;-6,23;V
10/06/1998;-6,28;V
11/06/1998;-5,75;V
12/06/1998;-5,50;V
13/06/1998;-5,63;V
14/06/1998;-5,91;V
15/06/1998;-6,22;V
16/06/1998;-6,11;V
17/06/1998;-6,19;V
18/06/1998;-6,23;V
19/06/1998;-6,29;V
20/06/1998;-6,30;V
21/06/1998;-6,41;V
22/06/1998;-6,49;V
23/06/1998;-6,50;V
24/06/1998;-6,50;V
25/06/1998;-6,50;V
26/06/1998;-6,53;V
27/06/1998;-6,53;V
28/06/1998;-6,55;V
29/06/1998;-6,62;V
30/06/1998;-6,63;V
01/07/1998;-6,58;V
02/07/1998;-6,56;V
03/07/1998;-6,58;V
04/07/1998;-6,65;V
05/07/1998;-6,68;V
06/07/1998;-6,70;V
07/07/1998;-6,69;V
08/07/1998;-6,67;V
09/07/1998;-6,64;V
10/07/1998;-6,68;V
11/07/1998;-6,71;V
12/07/1998;-6,76;V
13/07/1998;-6,75;V
14/07/1998;-6,58;V
15/07/1998;-6,31;V
16/07/1998;-6,55;V
17/07/1998;-6,62;V
18/07/1998;-6,70;V
19/07/1998;-6,76;V
20/07/1998;-6,75;V
21/07/1998;-6,75;V
22/07/1998;-6,77;V
23/07/1998;-6,77;V
24/07/1998;-6,78;V
25/07/1998;-6,79;V
26/07/1998;-6,84;V
27/07/1998;-6,81;V
28/07/1998;-6,78;V
29/07/1998;-6,75;V
30/07/1998;-6,80;V
31/07/1998;-6,83;V
01/08/1998;-6,82;V
02/08/1998;-6,87;V
03/08/1998;-6,84;V
04/08/1998;-6,82;V
05/08/1998;-6,82;V
06/08/1998;-6,85;V
07/08/1998;-6,88;V
08/08/1998;-6,91;V
09/08/1998;-6,92;V
10/08/1998;-6,88;V
11/08/1998;-6,88;V
12/08/1998;-6,90;V
13/08/1998;-6,89;V
14/08/1998;-6,89;V
15/08/1998;-6,93;V
16/08/1998;-6,91;V
17/08/1998;-6,87;V
18/08/1998;-6,88;V
19/08/1998;-6,88;V
20/08/1998;-6,85;V
21/08/1998;-6,82;V
22/08/1998;-6,86;V
23/08/1998;-6,91;V
24/08/1998;-6,87;V
25/08/1998;-6,89;V
26/08/1998;-6,88;V
27/08/1998;-6,88;V
28/08/1998;-6,88;V
29/08/1998;-6,90;V
30/08/1998;-6,93;V
31/08/1998;-6,90;V
01/09/1998;-6,87;V
02/09/1998;-6,88;V
03/09/1998;-6,86;V
04/09/1998;-6,84;V
05/09/1998;-6,83;V
06/09/1998;-6,63;V
07/09/1998;-6,72;V
08/09/1998;-6,72;V
09/09/1998;-6,79;V
10/09/1998;-6,81;V
11/09/1998;-6,80;V
12/09/1998;-6,59;V
13/09/1998;-6,42;V
14/09/1998;-6,59;V
15/09/1998;-6,66;V
16/09/1998;-6,73;V
17/09/1998;-6,72;V
18/09/1998;-6,71;V
19/09/1998;-6,79;V
20/09/1998;-6,84;V
21/09/1998;-6,85;V
22/09/1998;-6,85;V
23/09/1998;-6,84;V
24/09/1998;-6,84;V
25/09/1998;-6,77;V
26/09/1998;-6,42;V
27/09/1998;-5,79;V
28/09/1998;-5,54;V
29/09/1998;-6,16;V
30/09/1998;-6,42;V
01/10/1998;-5,58;V
02/10/1998;-5,63;V
03/10/1998;-6,06;V
04/10/1998;-6,07;V
05/10/1998;-5,85;V
06/10/1998;-4,10;V
07/10/1998;-4,16;V
08/10/1998;-4,90;V
09/10/1998;-5,29;V
10/10/1998;-5,38;V
11/10/1998;-6,03;V
12/10/1998;-6,18;V
13/10/1998;-6,29;V
14/10/1998;-6,25;V
15/10/1998;-6,25;V
16/10/1998;-6,29;V
17/10/1998;-6,33;V
18/10/1998;-6,32;V
19/10/1998;-4,32;V
20/10/1998;-2,94;V
21/10/1998;-4,45;V
22/10/1998;-5,41;V
23/10/1998;-5,66;V
24/10/1998;-5,95;V
25/10/1998;-6,17;V
26/10/1998;-5,93;V
27/10/1998;-5,75;V
28/10/1998;-5,77;V
29/10/1998;-5,82;V
30/10/1998;-6,16;V
31/10/1998;-6,07;V
01/11/1998;-6,32;V
02/11/1998;-6,34;V
03/11/1998;-6,19;V
04/11/1998;-3,01;V
05/11/1998;-2,67;V
06/11/1998;-4,26;V
07/11/1998;-5,45;V
08/11/1998;-5,46;V
09/11/1998;-5,92;V
10/11/1998;-5,83;V
11/11/1998;-5,42;V
12/11/1998;-5,06;V
13/11/1998;-5,40;V
14/11/1998;-5,89;V
15/11/1998;-5,60;V
16/11/1998;-5,82;V
17/11/1998;-5,69;V
18/11/1998;-5,72;V
19/11/1998;-5,74;V
20/11/1998;-5,90;V
21/11/1998;-6,17;V
22/11/1998;-6,29;V
23/11/1998;-6,35;V
24/11/1998;-6,04;V
25/11/1998;-6,05;V
26/11/1998;-5,95;V
27/11/1998;-6,10;V
28/11/1998;-6,24;V
29/11/1998;-6,38;V
30/11/1998;-6,40;V
01/12/1998;-6,32;V
02/12/1998;-5,94;V
03/12/1998;-5,94;V
04/12/1998;-5,90;V
05/12/1998;-5,59;V
06/12/1998;-5,65;V
07/12/1998;-6,08;V
08/12/1998;-5,86;V
09/12/1998;-6,30;V
10/12/1998;-5,94;V
11/12/1998;-5,89;V
12/12/1998;-5,90;V
13/12/1998;-6,29;V
14/12/1998;-6,37;V
15/12/1998;-6,18;V
16/12/1998;-6,07;V
17/12/1998;-6,16;V
18/12/1998;-6,08;V
19/12/1998;-6,06;V
20/12/1998;-6,06;V
21/12/1998;-5,66;V
22/12/1998;-4,50;V
23/12/1998;-5,02;V
24/12/1998;-5,27;V
25/12/1998;-5,64;V
26/12/1998;-6,13;V
27/12/1998;-6,20;V
28/12/1998;-6,20;V
29/12/1998;-6,05;V
30/12/1998;-5,82;V
31/12/1998;-5,82;V
01/01/1999;-6,01;V
02/01/1999;-6,25;V
03/01/1999;-6,28;V
04/01/1999;-6,31;V
05/01/1999;-6,26;V
06/01/1999;-6,11;V
07/01/1999;-6,32;V
08/01/1999;-6,17;V
09/01/1999;-6,07;V
10/01/1999;-6,19;V
11/01/1999;-4,24;V
12/01/1999;-2,97;V
13/01/1999;-3,17;V
14/01/1999;-3,13;V
15/01/1999;-4,55;V
16/01/1999;-4,88;V
17/01/1999;-5,39;V
18/01/1999;-5,59;V
19/01/1999;-5,43;V
20/01/1999;-5,48;V
21/01/1999;-5,50;V
22/01/1999;-5,70;V
23/01/1999;-5,90;V
24/01/1999;-6,01;V
25/01/1999;-6,05;V
26/01/1999;-5,87;V
27/01/1999;-5,36;V
28/01/1999;-4,96;V
29/01/1999;-5,23;V
30/01/1999;-5,60;V
31/01/1999;-5,94;V
01/02/1999;-6,01;V
02/02/1999;-5,86;V
03/02/1999;-5,83;V
04/02/1999;-5,92;V
05/02/1999;-5,91;V
06/02/1999;-5,94;V
07/02/1999;-6,16;V
08/02/1999;-6,15;V
09/02/1999;-5,53;V
10/02/1999;-1,26;V
11/02/1999;-1,90;V
12/02/1999;-3,88;V
13/02/1999;-4,39;V
14/02/1999;-5,17;V
15/02/1999;-5,59;V
16/02/1999;-5,20;V
17/02/1999;-5,29;V
18/02/1999;-5,37;V
19/02/1999;-5,66;V
20/02/1999;-5,67;V
21/02/1999;-5,68;V
22/02/1999;-5,85;V
23/02/1999;-4,81;V
24/02/1999;-5,08;V
25/02/1999;-4,73;V
26/02/1999;-5,10;V
27/02/1999;-5,09;V
28/02/1999;-5,71;V
01/03/1999;-5,81;V
02/03/1999;-5,47;V
03/03/1999;-5,53;V
04/03/1999;-5,48;V
05/03/1999;-3,88;V
06/03/1999;-2,84;V
07/03/1999;-2,86;V
08/03/1999;-3,83;V
09/03/1999;-4,47;V
10/03/1999;-4,70;V
11/03/1999;-4,75;V
12/03/1999;-4,85;V
13/03/1999;-5,01;V
14/03/1999;-5,44;V
15/03/1999;-5,71;V
16/03/1999;-5,32;V
17/03/1999;-5,37;V
18/03/1999;-5,47;V
19/03/1999;-5,63;V
20/03/1999;-5,69;V
21/03/1999;-6,02;V
22/03/1999;-6,00;V
23/03/1999;-5,47;V
24/03/1999;-5,49;V
25/03/1999;-5,84;V
26/03/1999;-5,76;V
27/03/1999;-4,79;V
28/03/1999;-4,37;V
29/03/1999;-4,90;V
30/03/1999;-4,93;V
31/03/1999;-5,22;V
01/04/1999;-5,40;V
02/04/1999;-5,52;V
03/04/1999;-5,58;V
04/04/1999;-5,93;V
05/04/1999;-5,98;V
06/04/1999;-6,02;V
07/04/1999;-5,77;V
08/04/1999;-5,30;V
09/04/1999;-4,94;V
10/04/1999;-5,03;V
11/04/1999;-5,19;V
12/04/1999;-5,67;V
13/04/1999;-4,38;V
14/04/1999;-4,54;V
15/04/1999;-4,88;V
16/04/1999;-4,55;V
17/04/1999;-3,56;V
18/04/1999;-4,16;V
19/04/1999;-4,40;V
20/04/1999;-3,86;V
21/04/1999;-3,05;V
22/04/1999;-4,00;V
23/04/1999;-4,47;V
24/04/1999;-4,59;V
25/04/1999;-4,96;V
26/04/1999;-5,41;V
27/04/1999;-5,01;V
28/04/1999;-5,08;V
29/04/1999;-5,30;V
30/04/1999;-5,45;V
01/05/1999;-5,54;V
02/05/1999;-5,85;V
03/05/1999;-5,84;V
04/05/1999;-5,26;V
05/05/1999;-5,38;V
06/05/1999;-5,69;V
07/05/1999;-5,62;V
08/05/1999;-5,71;V
09/05/1999;-5,97;V
10/05/1999;-5,94;V
11/05/1999;-5,43;V
12/05/1999;-5,76;V
13/05/1999;-5,79;V
14/05/1999;-5,87;V
15/05/1999;-5,91;V
16/05/1999;-6,14;V
17/05/1999;-6,15;V
18/05/1999;-5,94;V
19/05/1999;-6,09;V
20/05/1999;-6,23;V
21/05/1999;-4,49;V
22/05/1999;-5,01;V
23/05/1999;-5,51;V
24/05/1999;-6,07;V
25/05/1999;-5,93;V
26/05/1999;-5,97;V
27/05/1999;-6,01;V
28/05/1999;-6,06;V
29/05/1999;-6,14;V
30/05/1999;-6,36;V
31/05/1999;-6,40;V
01/06/1999;-6,42;V
02/06/1999;-6,25;V
03/06/1999;-6,41;V
04/06/1999;-6,37;V
05/06/1999;-6,39;V
06/06/1999;-6,44;V
07/06/1999;-6,50;V
08/06/1999;-6,43;V
09/06/1999;-6,38;V
10/06/1999;-6,45;V
11/06/1999;-6,44;V
12/06/1999;-6,47;V
13/06/1999;-6,47;V
14/06/1999;-6,54;V
15/06/1999;-6,40;V
16/06/1999;-6,39;V
17/06/1999;-6,32;V
18/06/1999;-6,25;V
19/06/1999;-6,29;V
20/06/1999;-5,86;V
21/06/1999;-5,41;V
22/06/1999;-5,63;V
23/06/1999;-6,00;V
24/06/1999;-6,13;V
25/06/1999;-6,17;V
26/06/1999;-6,31;V
27/06/1999;-6,51;V
28/06/1999;-6,45;V
29/06/1999;-6,38;V
30/06/1999;-6,50;V
01/07/1999;-6,54;V
02/07/1999;-6,55;V
03/07/1999;-6,53;V
04/07/1999;-6,60;V
05/07/1999;-6,62;V
06/07/1999;-6,56;V
07/07/1999;-6,59;V
08/07/1999;-6,55;V
09/07/1999;-6,60;V
10/07/1999;-6,56;V
11/07/1999;-6,47;V
12/07/1999;-6,54;V
13/07/1999;-6,54;V
14/07/1999;-6,56;V
15/07/1999;-6,60;V
16/07/1999;-6,63;V
17/07/1999;-6,65;V
18/07/1999;-6,70;V
19/07/1999;-6,68;V
20/07/1999;-6,68;V
21/07/1999;-6,68;V
22/07/1999;-6,69;V
23/07/1999;-6,70;V
24/07/1999;-6,73;V
25/07/1999;-6,77;V
26/07/1999;-6,74;V
27/07/1999;-6,72;V
28/07/1999;-6,68;V
29/07/1999;-6,69;V
30/07/1999;-6,62;V
31/07/1999;-6,69;V
01/08/1999;-6,74;V
02/08/1999;-6,74;V
03/08/1999;-6,73;V
04/08/1999;-6,72;V
05/08/1999;-6,73;V
06/08/1999;-6,74;V
07/08/1999;-6,76;V
08/08/1999;-6,77;V
09/08/1999;-6,74;V
10/08/1999;-6,75;V
11/08/1999;-6,76;V
12/08/1999;-6,74;V
13/08/1999;-6,72;V
14/08/1999;-6,71;V
15/08/1999;-6,69;V
16/08/1999;-6,69;V
17/08/1999;-6,71;V
18/08/1999;-6,74;V
19/08/1999;-6,74;V
20/08/1999;-6,73;V
21/08/1999;-6,75;V
22/08/1999;-6,78;V
23/08/1999;-6,77;V
24/08/1999;-6,77;V
25/08/1999;-6,76;V
26/08/1999;-6,77;V
27/08/1999;-6,76;V
28/08/1999;-6,77;V
29/08/1999;-6,44;V
30/08/1999;-6,36;V
31/08/1999;-6,58;V
01/09/1999;-6,68;V
02/09/1999;-6,71;V
03/09/1999;-6,71;V
04/09/1999;-6,73;V
05/09/1999;-6,73;V
06/09/1999;-6,71;V
07/09/1999;-6,68;V
08/09/1999;-6,52;V
09/09/1999;-6,53;V
10/09/1999;-6,58;V
11/09/1999;-6,56;V
12/09/1999;-6,67;V
13/09/1999;-6,74;V
14/09/1999;-6,73;V
15/09/1999;-6,70;V
16/09/1999;-6,65;V
17/09/1999;-6,64;V
18/09/1999;-6,70;V
19/09/1999;-6,72;V
20/09/1999;-6,29;V
21/09/1999;-5,56;V
22/09/1999;-6,22;V
23/09/1999;-6,38;V
24/09/1999;-6,49;V
25/09/1999;-6,59;V
26/09/1999;-6,69;V
27/09/1999;-6,56;V
28/09/1999;-6,26;V
29/09/1999;-6,39;V
30/09/1999;-6,51;V
01/10/1999;-6,49;V
02/10/1999;-6,34;V
03/10/1999;-6,58;V
04/10/1999;-6,53;V
05/10/1999;-6,15;V
06/10/1999;-6,25;V
07/10/1999;-6,50;V
08/10/1999;-6,65;V
09/10/1999;-6,71;V
10/10/1999;-6,76;V
11/10/1999;-6,75;V
12/10/1999;-6,76;V
13/10/1999;-6,74;V
14/10/1999;-6,74;V
15/10/1999;-6,73;V
16/10/1999;-6,59;V
17/10/1999;-6,49;V
18/10/1999;-6,62;V
19/10/1999;-6,32;V
20/10/1999;-6,38;V
21/10/1999;-6,08;V
22/10/1999;-5,26;V
23/10/1999;-5,79;V
24/10/1999;-4,97;V
25/10/1999;-5,09;V
26/10/1999;-5,59;V
27/10/1999;-5,84;V
28/10/1999;-6,03;V
29/10/1999;-6,31;V
30/10/1999;-6,31;V
31/10/1999;-6,47;V
01/11/1999;-6,56;V
02/11/1999;-6,56;V
03/11/1999;-6,20;V
04/11/1999;-4,58;V
05/11/1999;-5,76;V
06/11/1999;-6,03;V
07/11/1999;-5,05;V
08/11/1999;-5,24;V
09/11/1999;-5,32;V
10/11/1999;-5,73;V
11/11/1999;-5,90;V
12/11/1999;-5,90;V
13/11/1999;-6,07;V
14/11/1999;-6,25;V
15/11/1999;-6,23;V
16/11/1999;-5,42;V
17/11/1999;-5,35;V
18/11/1999;-5,07;V
19/11/1999;-0,07;V
20/11/1999;-2,14;V
21/11/1999;-3,51;V
22/11/1999;-3,48;V
23/11/1999;-4,73;V
24/11/1999;-5,12;V
25/11/1999;-5,24;V
26/11/1999;-5,36;V
27/11/1999;-5,44;V
28/11/1999;-5,93;V
29/11/1999;-6,00;V
30/11/1999;-5,59;V
01/12/1999;-5,73;V
02/12/1999;-5,77;V
03/12/1999;-5,73;V
04/12/1999;-5,73;V
05/12/1999;-5,84;V
06/12/1999;-5,84;V
07/12/1999;-5,70;V
08/12/1999;-5,54;V
09/12/1999;-6,01;V
10/12/1999;-5,44;V
11/12/1999;-4,60;V
12/12/1999;-4,96;V
13/12/1999;-5,09;V
14/12/1999;-5,04;V
15/12/1999;-3,45;V
16/12/1999;-3,03;V
17/12/1999;-4,28;V
18/12/1999;-4,70;V
19/12/1999;-5,12;V
20/12/1999;-4,80;V
21/12/1999;-4,05;V
22/12/1999;-4,69;V
23/12/1999;-5,08;V
24/12/1999;-5,25;V
25/12/1999;-5,19;V
26/12/1999;-5,34;V
27/12/1999;-4,97;V
28/12/1999;-3,27;V
29/12/1999;-3,55;V
30/12/1999;-4,51;V
31/12/1999;-4,84;V
01/01/2000;-5,43;V
02/01/2000;-5,53;V
03/01/2000;-5,68;V
04/01/2000;-5,53;V
05/01/2000;-5,51;V
06/01/2000;-5,49;V
07/01/2000;-5,90;V
08/01/2000;-5,45;V
09/01/2000;-5,97;V
10/01/2000;-6,03;V
11/01/2000;-5,80;V
12/01/2000;-6,07;V
13/01/2000;-5,82;V
14/01/2000;-5,85;V
15/01/2000;-5,85;V
16/01/2000;-6,14;V
17/01/2000;-6,21;V
18/01/2000;-6,01;V
19/01/2000;-6,00;V
20/01/2000;-6,02;V
21/01/2000;-6,04;V
22/01/2000;-5,91;V
23/01/2000;-5,88;V
24/01/2000;-5,87;V
25/01/2000;-5,93;V
26/01/2000;-5,92;V
27/01/2000;-6,02;V
28/01/2000;-5,96;V
29/01/2000;-5,59;V
30/01/2000;-5,83;V
31/01/2000;-5,92;V
01/02/2000;-5,79;V
02/02/2000;-5,83;V
03/02/2000;-5,57;V
04/02/2000;-5,58;V
05/02/2000;-5,60;V
06/02/2000;-5,87;V
07/02/2000;-5,82;V
08/02/2000;-5,79;V
09/02/2000;-5,73;V
10/02/2000;-5,76;V
11/02/2000;-5,88;V
12/02/2000;-5,91;V
13/02/2000;-6,03;V
14/02/2000;-6,18;V
15/02/2000;-6,03;V
16/02/2000;-5,96;V
17/02/2000;-5,82;V
18/02/2000;-5,85;V
19/02/2000;-5,84;V
20/02/2000;-5,93;V
21/02/2000;-6,18;V
22/02/2000;-5,98;V
23/02/2000;-5,95;V
24/02/2000;-5,97;V
25/02/2000;-5,99;V
26/02/2000;-5,98;V
27/02/2000;-6,27;V
28/02/2000;-6,33;V
29/02/2000;-6,07;V
01/03/2000;-5,96;V
02/03/2000;-4,01;V
03/03/2000;-4,53;V
04/03/2000;;@
05/03/2000;-5,62;V
06/03/2000;-5,90;V
07/03/2000;-5,69;V
08/03/2000;-5,71;V
09/03/2000;-5,79;V
10/03/2000;-5,84;V
11/03/2000;-5,86;V
12/03/2000;-6,16;V
13/03/2000;-6,22;V
14/03/2000;-6,01;V
15/03/2000;-5,97;V
16/03/2000;-6,07;V
17/03/2000;-6,08;V
18/03/2000;-6,26;V
19/03/2000;-6,33;V
20/03/2000;-6,34;V
21/03/2000;-6,13;V
22/03/2000;-6,21;V
23/03/2000;-6,12;V
24/03/2000;;@
25/03/2000;;@
26/03/2000;-5,80;V
27/03/2000;-5,86;V
28/03/2000;-5,20;V
29/03/2000;-4,49;V
30/03/2000;-4,08;V
31/03/2000;-4,64;V
01/04/2000;-4,92;V
02/04/2000;-4,81;V
03/04/2000;-4,94;V
04/04/2000;-4,64;V
05/04/2000;-4,20;V
06/04/2000;-4,73;V
07/04/2000;-4,89;V
08/04/2000;-5,41;V
09/04/2000;-5,53;V
10/04/2000;-5,50;V
11/04/2000;-5,05;V
12/04/2000;-3,67;V
13/04/2000;-4,11;V
14/04/2000;-4,55;V
15/04/2000;-4,95;V
16/04/2000;-5,29;V
17/04/2000;-5,31;V
18/04/2000;-5,24;V
19/04/2000;-5,30;V
20/04/2000;-5,49;V
21/04/2000;-5,57;V
22/04/2000;-5,69;V
23/04/2000;-5,72;V
24/04/2000;-5,89;V
25/04/2000;-5,87;V
26/04/2000;-6,05;V
27/04/2000;-5,82;V
28/04/2000;-5,75;V
29/04/2000;-5,72;V
30/04/2000;-5,82;V
01/05/2000;-6,04;V
02/05/2000;-6,13;V
03/05/2000;-5,81;V
04/05/2000;-5,93;V
05/05/2000;-6,06;V
06/05/2000;-6,04;V
07/05/2000;-6,24;V
08/05/2000;-6,25;V
09/05/2000;-6,15;V
10/05/2000;-6,25;V
11/05/2000;-6,28;V
12/05/2000;-5,95;V
13/05/2000;-6,01;V
14/05/2000;-6,33;V
15/05/2000;-6,35;V
16/05/2000;-6,40;V
17/05/2000;-6,23;V
18/05/2000;-6,11;V
19/05/2000;-6,15;V
20/05/2000;-6,31;V
21/05/2000;-6,47;V
22/05/2000;-6,49;V
23/05/2000;-6,43;V
24/05/2000;-6,50;V
25/05/2000;-6,54;V
26/05/2000;-6,56;V
27/05/2000;-6,57;V
28/05/2000;-6,55;V
29/05/2000;-6,53;V
30/05/2000;-6,52;V
31/05/2000;-6,55;V
01/06/2000;-6,57;V
02/06/2000;-6,61;V
03/06/2000;-6,60;V
04/06/2000;-6,61;V
05/06/2000;-6,66;V
06/06/2000;-6,64;V
07/06/2000;-6,51;V
08/06/2000;-6,54;V
09/06/2000;-6,61;V
10/06/2000;-6,56;V
11/06/2000;-6,40;V
12/06/2000;-5,72;V
13/06/2000;-5,42;V
14/06/2000;-5,87;V
15/06/2000;-6,29;V
16/06/2000;-6,29;V
17/06/2000;-6,36;V
18/06/2000;-6,50;V
19/06/2000;-6,53;V
20/06/2000;-6,58;V
21/06/2000;-6,60;V
22/06/2000;-6,61;V
23/06/2000;-6,58;V
24/06/2000;-6,58;V
25/06/2000;-6,63;V
26/06/2000;-6,70;V
27/06/2000;-6,69;V
28/06/2000;-6,67;V
29/06/2000;-6,64;V
30/06/2000;-6,60;V
01/07/2000;-6,67;V
02/07/2000;-6,74;V
03/07/2000;-6,71;V
04/07/2000;-6,67;V
05/07/2000;-6,66;V
06/07/2000;-6,71;V
07/07/2000;-6,71;V
08/07/2000;-6,72;V
09/07/2000;-6,77;V
10/07/2000;-6,71;V
11/07/2000;-6,30;V
12/07/2000;-6,31;V
13/07/2000;-6,57;V
14/07/2000;-6,62;V
15/07/2000;-6,31;V
16/07/2000;-6,18;V
17/07/2000;-6,46;V
18/07/2000;-6,59;V
19/07/2000;-6,58;V
20/07/2000;-6,64;V
21/07/2000;-6,63;V
22/07/2000;-6,67;V
23/07/2000;-6,72;V
24/07/2000;-6,69;V
25/07/2000;-6,69;V
26/07/2000;-6,64;V
27/07/2000;-6,69;V
28/07/2000;-6,69;V
29/07/2000;-6,75;V
30/07/2000;-6,77;V
31/07/2000;-6,76;V
01/08/2000;-6,78;V
02/08/2000;-6,77;V
03/08/2000;-6,75;V
04/08/2000;-6,70;V
05/08/2000;-6,62;V
06/08/2000;-6,14;V
07/08/2000;-6,46;V
08/08/2000;-6,65;V
09/08/2000;-6,71;V
10/08/2000;-6,70;V
11/08/2000;-6,70;V
12/08/2000;-6,69;V
13/08/2000;-6,76;V
14/08/2000;-6,74;V
15/08/2000;-6,75;V
16/08/2000;-6,71;V
17/08/2000;-6,73;V
18/08/2000;-6,75;V
19/08/2000;-6,80;V
20/08/2000;-6,81;V
21/08/2000;-6,76;V
22/08/2000;-6,78;V
23/08/2000;-6,78;V
24/08/2000;-6,78;V
25/08/2000;-6,79;V
26/08/2000;-6,81;V
27/08/2000;-6,82;V
28/08/2000;-6,79;V
29/08/2000;-6,80;V
30/08/2000;-6,80;V
31/08/2000;-6,71;V
01/09/2000;-6,01;V
02/09/2000;-6,44;V
03/09/2000;-6,61;V
04/09/2000;-6,66;V
05/09/2000;-6,56;V
06/09/2000;-6,61;V
07/09/2000;-6,64;V
08/09/2000;-6,56;V
09/09/2000;-6,62;V
10/09/2000;-6,71;V
11/09/2000;-6,70;V
12/09/2000;-6,70;V
13/09/2000;-6,68;V
14/09/2000;-6,67;V
15/09/2000;-6,66;V
16/09/2000;-6,66;V
17/09/2000;-6,70;V
18/09/2000;-6,69;V
19/09/2000;-6,69;V
20/09/2000;-6,65;V
21/09/2000;-6,60;V
22/09/2000;-6,57;V
23/09/2000;-6,66;V
24/09/2000;-6,69;V
25/09/2000;-6,69;V
26/09/2000;-6,68;V
27/09/2000;-6,67;V
28/09/2000;-6,66;V
29/09/2000;-6,65;V
30/09/2000;-6,59;V
01/10/2000;-6,27;V
02/10/2000;-6,25;V
03/10/2000;-6,36;V
04/10/2000;-6,57;V
05/10/2000;-6,68;V
06/10/2000;-6,64;V
07/10/2000;-6,61;V
08/10/2000;-6,55;V
09/10/2000;-6,65;V
10/10/2000;-6,66;V
11/10/2000;-6,57;V
12/10/2000;-6,53;V
13/10/2000;-6,55;V
14/10/2000;-6,34;V
15/10/2000;-6,44;V
16/10/2000;-6,18;V
17/10/2000;-6,38;V
18/10/2000;-6,37;V
19/10/2000;-6,46;V
20/10/2000;-6,51;V
21/10/2000;-6,55;V
22/10/2000;-6,61;V
23/10/2000;-6,64;V
24/10/2000;-6,62;V
25/10/2000;-6,62;V
26/10/2000;-6,60;V
27/10/2000;-6,44;V
28/10/2000;-6,55;V
29/10/2000;-6,63;V
30/10/2000;-6,65;V
31/10/2000;-6,41;V
01/11/2000;-6,17;V
02/11/2000;-6,27;V
03/11/2000;-5,47;V
04/11/2000;-3,27;V
05/11/2000;-4,51;V
06/11/2000;-4,98;V
07/11/2000;-1,09;V
08/11/2000;-3,69;V
09/11/2000;-4,40;V
10/11/2000;-4,48;V
11/11/2000;-4,86;V
12/11/2000;-5,33;V
13/11/2000;-5,83;V
14/11/2000;-5,64;V
15/11/2000;-5,06;V
16/11/2000;-0,05;V
17/11/2000;-2,50;V
18/11/2000;-4,61;V
19/11/2000;-5,14;V
20/11/2000;-4,00;V
21/11/2000;3,32;V
22/11/2000;1,16;V
23/11/2000;-2,57;V
24/11/2000;-3,66;V
25/11/2000;-3,51;V
26/11/2000;-3,86;V
27/11/2000;-3,60;V
28/11/2000;-4,47;V
29/11/2000;-4,76;V
30/11/2000;-4,97;V
01/12/2000;-5,17;V
02/12/2000;-5,30;V
03/12/2000;-5,34;V
04/12/2000;-5,55;V
05/12/2000;-5,41;V
06/12/2000;-5,51;V
07/12/2000;-5,58;V
08/12/2000;-5,68;V
09/12/2000;-5,94;V
10/12/2000;-5,99;V
11/12/2000;-6,05;V
12/12/2000;-5,85;V
13/12/2000;-5,84;V
14/12/2000;-5,85;V
15/12/2000;-5,88;V
16/12/2000;-5,92;V
17/12/2000;-6,12;V
18/12/2000;-6,04;V
19/12/2000;-5,96;V
20/12/2000;-5,93;V
21/12/2000;-5,82;V
22/12/2000;-5,85;V
23/12/2000;-5,94;V
24/12/2000;-6,19;V
25/12/2000;-4,91;V
26/12/2000;0,53;V
27/12/2000;-0,06;V
28/12/2000;1,76;V
29/12/2000;-0,94;V
30/12/2000;-2,42;V
31/12/2000;-3,27;V
01/01/2002;-5,28;P
02/01/2002;-5,98;P
03/01/2002;-5,95;P
04/01/2002;-6,00;P
05/01/2002;-5,92;P
06/01/2002;-6,27;P
07/01/2002;-6,31;P
08/01/2002;-6,27;P
09/01/2002;-6,20;P
10/01/2002;-6,20;P
11/01/2002;-6,21;P
12/01/2002;-6,22;P
13/01/2002;-6,36;P
14/01/2002;-6,40;P
15/01/2002;-6,27;P
16/01/2002;-6,27;P
17/01/2002;-6,29;P
18/01/2002;-6,35;P
19/01/2002;-6,36;P
20/01/2002;-6,42;P
21/01/2002;-6,44;P
22/01/2002;-6,42;P
23/01/2002;-6,34;P
24/01/2002;-6,33;P
25/01/2002;-5,67;P
26/01/2002;-5,92;P
27/01/2002;-6,15;P
28/01/2002;-6,19;P
29/01/2002;-5,99;P
30/01/2002;-6,10;P
31/01/2002;-6,02;P
01/02/2002;-6,05;P
02/02/2002;-6,07;P
03/02/2002;-6,34;P
04/02/2002;-6,40;P
05/02/2002;-6,30;P
06/02/2002;-6,08;P
07/02/2002;-5,44;P
08/02/2002;-5,68;P
09/02/2002;-5,64;P
10/02/2002;-5,98;P
11/02/2002;-6,18;P
12/02/2002;-6,10;P
13/02/2002;-5,99;P
14/02/2002;-6,04;P
15/02/2002;-6,01;P
16/02/2002;-5,31;P
17/02/2002;-5,35;P
18/02/2002;-5,06;P
19/02/2002;-4,58;P
20/02/2002;-5,14;P
21/02/2002;-4,02;P
22/02/2002;-2,62;P
23/02/2002;-4,30;P
24/02/2002;-5,10;P
25/02/2002;-5,40;P
26/02/2002;-5,28;P
27/02/2002;-5,56;P
28/02/2002;-5,53;P
01/03/2002;-5,81;P
02/03/2002;-5,64;P
03/03/2002;-6,08;P
04/03/2002;-6,14;P
05/03/2002;-6,00;P
06/03/2002;-6,12;P
07/03/2002;-5,83;P
08/03/2002;-5,90;P
09/03/2002;-5,91;P
10/03/2002;-6,26;P
11/03/2002;-6,31;P
12/03/2002;-6,32;P
13/03/2002;-6,25;P
14/03/2002;-6,23;P
15/03/2002;-6,29;P
16/03/2002;-6,33;P
17/03/2002;-6,36;P
18/03/2002;-6,36;P
19/03/2002;-6,31;P
20/03/2002;-6,22;P
21/03/2002;-6,16;P
22/03/2002;-6,08;P
23/03/2002;-6,22;P
24/03/2002;-6,41;P
25/03/2002;-6,46;P
26/03/2002;-6,32;P
27/03/2002;-6,30;P
28/03/2002;-6,10;P
29/03/2002;-6,27;P
30/03/2002;-6,37;P
31/03/2002;-6,47;P
01/04/2002;-6,51;P
02/04/2002;-6,51;P
03/04/2002;-6,40;P
04/04/2002;-6,33;P
05/04/2002;-6,40;P
06/04/2002;-6,36;P
07/04/2002;-6,31;P
08/04/2002;-6,45;P
09/04/2002;-6,38;P
10/04/2002;-6,26;P
11/04/2002;-6,31;P
12/04/2002;-6,06;P
13/04/2002;-5,82;P
14/04/2002;-5,78;P
15/04/2002;-6,02;P
16/04/2002;-5,94;P
17/04/2002;-6,04;P
18/04/2002;-5,98;P
19/04/2002;-6,05;P
20/04/2002;-6,00;P
21/04/2002;-6,26;P
22/04/2002;-6,19;P
23/04/2002;-6,01;P
24/04/2002;-5,99;P
25/04/2002;-6,00;P
26/04/2002;-6,37;P
27/04/2002;-6,28;P
28/04/2002;-6,08;P
29/04/2002;-6,29;P
30/04/2002;-6,14;P
01/05/2002;-6,01;P
02/05/2002;-6,36;P
03/05/2002;-6,02;P
04/05/2002;-5,10;P
05/05/2002;-4,76;P
06/05/2002;-5,55;P
07/05/2002;-5,55;P
08/05/2002;-5,53;P
09/05/2002;-5,44;P
10/05/2002;-5,22;P
11/05/2002;-5,35;P
12/05/2002;-5,65;P
13/05/2002;-5,92;P
14/05/2002;-5,76;P
15/05/2002;-5,76;P
16/05/2002;-5,79;P
17/05/2002;-5,85;P
18/05/2002;-6,02;P
19/05/2002;-6,27;P
20/05/2002;-6,28;P
21/05/2002;-6,20;P
22/05/2002;-6,19;P
23/05/2002;-6,24;P
24/05/2002;-6,04;P
25/05/2002;-6,21;P
26/05/2002;-6,34;P
27/05/2002;-6,39;P
28/05/2002;-6,00;P
29/05/2002;-5,93;P
30/05/2002;-6,13;P
31/05/2002;-6,18;P
01/06/2002;-6,27;P
02/06/2002;-6,28;P
03/06/2002;-6,44;P
04/06/2002;-6,37;P
05/06/2002;-6,35;P
06/06/2002;-6,36;P
07/06/2002;-5,86;P
08/06/2002;-5,70;P
09/06/2002;-6,02;P
10/06/2002;-6,03;P
11/06/2002;-6,10;P
12/06/2002;-6,16;P
13/06/2002;-6,16;P
14/06/2002;-6,23;P
15/06/2002;-6,30;P
16/06/2002;-6,43;P
17/06/2002;-6,51;P
18/06/2002;-6,52;P
19/06/2002;-6,49;P
20/06/2002;-6,54;P
21/06/2002;-6,56;P
22/06/2002;-6,57;P
23/06/2002;-6,63;P
24/06/2002;-6,64;P
25/06/2002;-6,63;P
26/06/2002;-6,63;P
27/06/2002;-6,63;P
28/06/2002;-6,63;P
29/06/2002;-6,66;P
30/06/2002;-6,66;P
01/07/2002;-6,60;P
02/07/2002;-6,58;P
03/07/2002;-6,57;P
04/07/2002;-6,61;P
05/07/2002;-6,64;P
06/07/2002;-6,63;P
07/07/2002;-6,65;P
08/07/2002;-6,66;P
09/07/2002;-6,61;P
10/07/2002;-6,46;P
11/07/2002;-6,47;P
12/07/2002;-6,49;P
13/07/2002;-6,57;P
14/07/2002;-6,64;P
15/07/2002;-6,48;P
16/07/2002;-5,94;P
17/07/2002;-6,21;P
18/07/2002;-6,44;P
19/07/2002;-6,56;P
20/07/2002;-6,60;P
21/07/2002;-6,60;P
22/07/2002;-6,61;P
23/07/2002;-6,61;P
24/07/2002;-6,64;P
25/07/2002;-6,58;P
26/07/2002;-6,56;P
27/07/2002;-6,63;P
28/07/2002;-6,68;P
29/07/2002;-6,70;P
30/07/2002;-6,67;P
31/07/2002;-6,47;P
01/08/2002;-6,53;P
02/08/2002;-6,55;P
03/08/2002;-6,61;P
04/08/2002;-6,63;P
05/08/2002;-6,65;P
06/08/2002;-6,36;P
07/08/2002;-5,90;P
08/08/2002;-6,35;P
09/08/2002;-6,43;P
10/08/2002;-6,14;P
11/08/2002;-4,82;P
12/08/2002;-5,53;P
13/08/2002;-5,97;P
14/08/2002;-6,14;P
15/08/2002;-6,29;P
16/08/2002;-6,45;P
17/08/2002;-6,57;P
18/08/2002;-6,58;P
19/08/2002;-6,61;P
20/08/2002;-6,58;P
21/08/2002;-6,44;P
22/08/2002;-6,59;P
23/08/2002;-6,59;P
24/08/2002;-6,50;P
25/08/2002;-6,49;P
26/08/2002;-6,52;P
27/08/2002;-6,01;P
28/08/2002;-6,25;P
29/08/2002;-6,12;P
30/08/2002;-6,24;P
31/08/2002;-6,34;P
01/09/2002;-6,42;P
02/09/2002;-6,49;P
03/09/2002;-6,54;P
04/09/2002;-6,49;P
05/09/2002;-6,25;P
06/09/2002;-6,31;P
07/09/2002;-6,16;P
08/09/2002;-6,30;P
09/09/2002;-6,47;P
10/09/2002;-6,37;P
11/09/2002;-6,36;P
12/09/2002;-6,38;P
13/09/2002;-6,38;P
14/09/2002;-6,41;P
15/09/2002;-6,56;P
16/09/2002;-6,62;P
17/09/2002;-6,51;P
18/09/2002;-6,55;P
19/09/2002;-6,57;P
20/09/2002;-6,51;P
21/09/2002;-6,52;P
22/09/2002;-5,88;P
23/09/2002;-4,67;P
24/09/2002;-4,64;P
25/09/2002;-5,57;P
26/09/2002;-5,75;P
27/09/2002;-5,92;P
28/09/2002;-6,02;P
29/09/2002;-6,24;P
30/09/2002;-6,45;P
01/10/2002;-6,33;P
02/10/2002;-6,31;P
03/10/2002;-6,31;P
04/10/2002;-6,33;P
05/10/2002;-6,35;P
06/10/2002;-6,48;P
07/10/2002;-6,55;P
08/10/2002;-6,47;P
09/10/2002;-6,41;P
10/10/2002;-6,21;P
11/10/2002;-5,24;P
12/10/2002;-5,23;P
13/10/2002;-5,64;P
14/10/2002;-5,86;P
15/10/2002;-5,98;P
16/10/2002;-6,03;P
17/10/2002;-6,04;P
18/10/2002;-5,54;P
19/10/2002;-5,66;P
20/10/2002;-6,03;P
21/10/2002;-5,91;P
22/10/2002;-4,61;P
23/10/2002;-3,32;P
24/10/2002;-4,54;P
25/10/2002;-5,18;P
26/10/2002;-5,56;P
27/10/2002;-5,74;P
28/10/2002;-5,87;P
29/10/2002;-5,94;P
30/10/2002;-5,95;P
31/10/2002;-5,94;P
01/11/2002;-5,99;P
02/11/2002;-5,77;P
03/11/2002;-5,76;P
04/11/2002;-5,77;P
05/11/2002;-5,89;P
06/11/2002;-5,99;P
07/11/2002;-5,99;P
08/11/2002;-6,04;P
09/11/2002;-6,08;P
10/11/2002;-6,32;P
11/11/2002;-6,36;P
12/11/2002;-6,16;P
13/11/2002;-6,18;P
14/11/2002;-6,06;P
15/11/2002;-6,10;P
16/11/2002;-6,10;P
17/11/2002;-6,16;P
18/11/2002;-5,08;P
19/11/2002;-3,70;P
20/11/2002;-4,18;P
21/11/2002;-4,38;P
22/11/2002;-3,66;P
23/11/2002;-3,03;P
24/11/2002;-4,21;P
25/11/2002;-4,86;P
26/11/2002;-5,19;P
27/11/2002;-5,37;P
28/11/2002;-5,62;P
29/11/2002;-5,60;P
30/11/2002;-3,69;P
01/12/2002;-3,75;P
02/12/2002;-4,76;P
03/12/2002;-4,78;P
04/12/2002;-5,30;P
05/12/2002;-5,36;P
06/12/2002;-5,09;P
07/12/2002;-4,97;P
08/12/2002;-5,08;P
09/12/2002;-5,46;P
10/12/2002;-5,48;P
11/12/2002;-5,66;P
12/12/2002;-5,68;P
13/12/2002;-4,70;P
14/12/2002;-4,35;P
15/12/2002;-4,95;P
16/12/2002;-4,22;P
17/12/2002;-4,58;P
18/12/2002;-3,53;P
19/12/2002;-2,53;P
20/12/2002;-4,12;P
21/12/2002;-4,82;P
22/12/2002;-5,03;P
23/12/2002;-5,07;P
24/12/2002;-4,66;P
25/12/2002;-4,45;P
26/12/2002;-4,07;P
27/12/2002;-4,54;P
28/12/2002;-3,91;P
29/12/2002;-3,11;P
30/12/2002;-4,39;P
31/12/2002;-4,14;P
01/01/2003;-3,27;P
02/01/2003;-4,20;P
03/01/2003;-4,53;P
04/01/2003;-4,63;P
05/01/2003;-5,06;P
06/01/2003;-5,21;P
07/01/2003;-3,57;P
08/01/2003;-3,88;P
09/01/2003;-3,61;P
10/01/2003;-3,57;P
11/01/2003;-4,28;P
12/01/2003;-4,82;P
13/01/2003;-5,30;P
14/01/2003;-5,24;P
15/01/2003;-5,34;P
16/01/2003;-5,46;P
17/01/2003;-5,37;P
18/01/2003;-5,40;P
19/01/2003;-5,64;P
20/01/2003;-5,80;P
21/01/2003;-5,43;P
22/01/2003;-3,42;P
23/01/2003;-3,11;P
24/01/2003;-3,19;P
25/01/2003;-4,27;P
26/01/2003;-4,81;P
27/01/2003;-5,25;P
28/01/2003;-5,21;P
29/01/2003;-5,29;P
30/01/2003;-5,38;P
31/01/2003;-5,46;P
01/02/2003;-5,46;P
02/02/2003;-5,72;P
03/02/2003;-5,87;P
04/02/2003;-2,45;P
05/02/2003;-1,30;P
06/02/2003;-3,91;P
07/02/2003;-4,68;P
08/02/2003;-4,95;P
09/02/2003;-5,37;P
10/02/2003;-5,50;P
11/02/2003;-5,33;P
12/02/2003;-5,41;P
13/02/2003;-5,51;P
14/02/2003;-5,58;P
15/02/2003;-5,61;P
16/02/2003;-5,89;P
17/02/2003;-5,94;P
18/02/2003;-5,78;P
19/02/2003;-5,79;P
20/02/2003;-5,81;P
21/02/2003;-5,88;P
22/02/2003;-5,96;P
23/02/2003;-6,08;P
24/02/2003;-6,12;P
25/02/2003;-6,11;P
26/02/2003;-6,03;P
27/02/2003;-5,98;P
28/02/2003;-5,92;P
01/03/2003;-5,75;P
02/03/2003;-6,07;P
03/03/2003;-4,73;P
04/03/2003;-4,63;P
05/03/2003;-5,19;P
06/03/2003;-5,41;P
07/03/2003;-5,49;P
08/03/2003;-5,61;P
09/03/2003;-5,74;P
10/03/2003;-5,77;P
11/03/2003;-5,78;P
12/03/2003;-5,82;P
13/03/2003;-5,83;P
14/03/2003;-5,86;P
15/03/2003;-5,88;P
16/03/2003;-6,12;P
17/03/2003;-6,17;P
18/03/2003;-5,97;P
19/03/2003;-5,98;P
20/03/2003;-5,97;P
21/03/2003;-6,08;P
22/03/2003;-6,02;P
23/03/2003;-6,16;P
24/03/2003;-6,27;P
25/03/2003;-6,18;P
26/03/2003;-6,14;P
27/03/2003;-6,14;P
28/03/2003;-6,04;P
29/03/2003;-6,02;P
30/03/2003;-6,28;P
31/03/2003;-6,30;P
01/04/2003;-6,05;P
02/04/2003;-6,07;P
03/04/2003;-5,76;P
04/04/2003;-5,60;P
05/04/2003;-5,49;P
06/04/2003;-5,68;P
07/04/2003;-6,10;P
08/04/2003;-5,94;P
09/04/2003;-5,99;P
10/04/2003;-5,90;P
11/04/2003;-5,52;P
12/04/2003;-4,73;P
13/04/2003;-4,74;P
14/04/2003;-5,27;P
15/04/2003;-5,28;P
16/04/2003;-5,48;P
17/04/2003;-5,62;P
18/04/2003;-5,79;P
19/04/2003;-5,86;P
20/04/2003;-6,05;P
21/04/2003;-5,27;P
22/04/2003;-5,38;P
23/04/2003;-5,47;P
24/04/2003;-5,57;P
25/04/2003;-5,67;P
26/04/2003;-5,86;P
27/04/2003;-5,99;P
28/04/2003;-6,00;P
29/04/2003;-5,83;P
30/04/2003;-5,91;P
01/05/2003;-5,92;P
02/05/2003;-6,15;P
03/05/2003;-6,03;P
04/05/2003;-6,11;P
05/05/2003;-6,26;P
06/05/2003;-6,16;P
07/05/2003;-6,13;P
08/05/2003;-6,14;P
09/05/2003;-6,07;P
10/05/2003;-6,14;P
11/05/2003;-6,26;P
12/05/2003;-6,19;P
13/05/2003;-6,25;P
14/05/2003;-6,29;P
15/05/2003;-6,31;P
16/05/2003;-6,34;P
17/05/2003;-6,33;P
18/05/2003;-6,42;P
19/05/2003;-6,44;P
20/05/2003;-6,44;P
21/05/2003;-6,43;P
22/05/2003;-6,35;P
23/05/2003;-6,44;P
24/05/2003;-6,47;P
25/05/2003;-6,51;P
26/05/2003;-6,50;P
27/05/2003;-6,48;P
28/05/2003;-6,46;P
29/05/2003;-6,49;P
30/05/2003;-6,46;P
31/05/2003;-6,33;P
01/06/2003;-6,44;P
02/06/2003;-6,47;P
03/06/2003;-6,42;P
04/06/2003;-6,36;P
05/06/2003;-6,45;P
06/06/2003;-6,44;P
07/06/2003;-6,33;P
08/06/2003;-6,52;P
09/06/2003;-6,59;P
10/06/2003;-6,52;P
11/06/2003;-6,47;P
12/06/2003;-6,53;P
13/06/2003;-6,54;P
14/06/2003;-6,62;P
15/06/2003;-6,64;P
16/06/2003;-6,47;P
17/06/2003;-6,22;P
18/06/2003;-6,04;P
19/06/2003;-6,14;P
20/06/2003;-6,32;P
21/06/2003;-6,16;P
22/06/2003;-6,50;P
23/06/2003;-6,59;P
24/06/2003;-6,61;P
25/06/2003;-6,64;P
26/06/2003;-6,65;P
27/06/2003;-6,64;P
28/06/2003;-6,64;P
29/06/2003;-6,66;P
30/06/2003;-6,64;P
01/07/2003;-6,65;P
02/07/2003;-6,65;P
03/07/2003;-6,69;P
04/07/2003;-6,70;P
05/07/2003;-6,68;P
06/07/2003;-6,66;P
07/07/2003;-6,64;P
08/07/2003;-6,63;P
09/07/2003;-6,62;P
10/07/2003;-6,62;P
11/07/2003;-6,61;P
12/07/2003;-6,64;P
13/07/2003;-6,65;P
14/07/2003;-6,62;P
15/07/2003;-6,61;P
16/07/2003;-6,59;P
17/07/2003;-6,60;P
18/07/2003;-6,60;P
19/07/2003;-6,62;P
20/07/2003;-6,66;P
21/07/2003;-6,68;P
22/07/2003;-6,66;P
23/07/2003;-6,64;P
24/07/2003;-6,61;P
25/07/2003;-6,61;P
26/07/2003;-6,62;P
27/07/2003;-6,65;P
28/07/2003;-6,67;P
29/07/2003;-6,64;P
30/07/2003;-6,65;P
31/07/2003;-6,60;P
01/08/2003;-6,59;P
02/08/2003;-6,62;P
03/08/2003;-6,67;P
04/08/2003;-6,70;P
05/08/2003;-6,72;P
06/08/2003;-6,70;P
07/08/2003;-6,69;P
08/08/2003;-6,53;P
09/08/2003;-6,66;P
10/08/2003;-6,69;P
11/08/2003;-6,69;P
12/08/2003;-6,71;P
13/08/2003;-6,70;P
14/08/2003;-6,70;P
15/08/2003;-6,71;P
16/08/2003;-6,72;P
17/08/2003;-6,74;P
18/08/2003;-6,72;P
19/08/2003;-6,73;P
20/08/2003;-6,75;P
21/08/2003;-6,70;P
22/08/2003;-6,71;P
23/08/2003;-6,73;P
24/08/2003;-6,75;P
25/08/2003;-6,70;P
26/08/2003;-6,55;P
27/08/2003;-6,57;P
28/08/2003;-6,67;P
29/08/2003;-6,68;P
30/08/2003;-6,70;P
31/08/2003;-6,69;P
01/09/2003;-6,70;P
02/09/2003;-6,58;P
03/09/2003;-6,67;P
04/09/2003;-6,71;P
05/09/2003;-6,72;P
06/09/2003;-6,71;P
07/09/2003;-6,71;P
08/09/2003;-6,61;P
09/09/2003;-6,62;P
10/09/2003;-6,57;P
11/09/2003;-6,65;P
12/09/2003;-6,66;P
13/09/2003;-6,70;P
14/09/2003;-6,72;P
15/09/2003;-6,73;P
16/09/2003;-6,73;P
17/09/2003;-6,73;P
18/09/2003;-6,73;P
19/09/2003;-6,71;P
20/09/2003;-6,72;P
21/09/2003;-6,72;P
22/09/2003;-6,73;P
23/09/2003;-6,70;P
24/09/2003;-6,62;P
25/09/2003;-6,61;P
26/09/2003;-6,69;P
27/09/2003;-6,71;P
28/09/2003;-6,70;P
29/09/2003;-6,52;P
30/09/2003;-6,56;P
01/10/2003;-6,62;P
02/10/2003;-6,65;P
03/10/2003;-6,65;P
04/10/2003;-6,67;P
05/10/2003;-6,56;P
06/10/2003;-6,54;P
07/10/2003;-6,61;P
08/10/2003;-6,66;P
09/10/2003;-6,66;P
10/10/2003;-6,70;P
11/10/2003;-6,70;P
12/10/2003;-6,72;P
13/10/2003;-6,74;P
14/10/2003;-6,71;P
15/10/2003;-6,69;P
16/10/2003;-6,74;P
17/10/2003;-6,72;P
18/10/2003;-6,71;P
19/10/2003;-6,67;P
20/10/2003;-6,62;P
21/10/2003;-6,23;P
22/10/2003;-6,37;P
23/10/2003;-6,43;P
24/10/2003;-6,45;P
25/10/2003;-6,56;P
26/10/2003;-6,64;P
27/10/2003;-6,43;P
28/10/2003;-6,38;P
29/10/2003;-6,12;P
30/10/2003;-5,57;P
31/10/2003;-5,69;P
01/11/2003;-5,09;P
02/11/2003;-3,92;P
03/11/2003;-5,70;P
04/11/2003;-6,03;P
05/11/2003;-6,25;P
06/11/2003;-6,28;P
07/11/2003;-6,29;P
08/11/2003;-5,93;P
09/11/2003;-4,85;P
10/11/2003;-5,90;P
11/11/2003;-5,84;P
12/11/2003;-6,16;P
13/11/2003;-6,23;P
14/11/2003;-6,29;P
15/11/2003;-6,26;P
16/11/2003;-6,31;P
17/11/2003;-6,32;P
18/11/2003;-5,89;P
19/11/2003;-6,11;P
20/11/2003;-6,20;P
21/11/2003;-6,21;P
22/11/2003;-6,27;P
23/11/2003;-6,40;P
24/11/2003;-6,41;P
25/11/2003;-5,94;P
26/11/2003;-5,26;P
27/11/2003;-2,98;P
28/11/2003;-0,36;P
29/11/2003;-2,94;P
30/11/2003;-4,75;P
01/12/2003;-5,39;P
02/12/2003;-5,42;P
03/12/2003;-5,61;P
04/12/2003;-5,76;P
05/12/2003;-5,74;P
06/12/2003;-5,84;P
07/12/2003;-6,12;P
08/12/2003;-6,21;P
09/12/2003;-6,23;P
10/12/2003;-6,06;P
11/12/2003;-5,87;P
12/12/2003;-5,95;P
13/12/2003;-6,05;P
14/12/2003;-6,16;P
15/12/2003;-6,23;P
16/12/2003;-6,12;P
17/12/2003;-6,15;P
18/12/2003;-6,14;P
19/12/2003;-6,18;P
20/12/2003;-6,27;P
21/12/2003;-6,17;P
22/12/2003;-5,22;P
23/12/2003;-5,55;P
24/12/2003;-5,74;P
25/12/2003;-5,70;P
26/12/2003;-6,15;P
27/12/2003;-6,20;P
28/12/2003;-6,15;P
29/12/2003;-5,65;P
30/12/2003;-4,62;P
31/12/2003;-4,35;P
01/01/2004;-4,92;P
02/01/2004;-5,27;P
03/01/2004;-5,30;P
04/01/2004;-5,89;P
05/01/2004;-6,00;P
06/01/2004;-5,83;P
07/01/2004;-6,07;P
08/01/2004;-6,03;P
09/01/2004;-5,97;P
10/01/2004;-5,73;P
11/01/2004;-6,12;P
12/01/2004;-6,16;P
13/01/2004;-6,05;P
14/01/2004;-5,98;P
15/01/2004;-5,94;P
16/01/2004;-5,74;P
17/01/2004;-5,00;P
18/01/2004;-3,01;P
19/01/2004;-2,01;P
20/01/2004;-4,19;P
21/01/2004;-4,88;P
22/01/2004;-5,29;P
23/01/2004;-5,29;P
24/01/2004;-5,43;P
25/01/2004;-5,84;P
26/01/2004;-5,89;P
27/01/2004;-5,57;P
28/01/2004;-5,52;P
29/01/2004;-5,55;P
30/01/2004;-5,24;P
31/01/2004;-5,38;P
01/02/2004;-5,77;P
02/02/2004;-5,68;P
03/02/2004;-5,25;P
04/02/2004;-5,11;P
05/02/2004;-5,26;P
06/02/2004;-5,35;P
07/02/2004;-5,40;P
08/02/2004;-5,75;P
09/02/2004;-5,51;P
10/02/2004;-5,56;P
11/02/2004;-5,53;P
12/02/2004;-5,60;P
13/02/2004;-5,71;P
14/02/2004;-5,90;P
15/02/2004;-6,06;P
16/02/2004;-6,10;P
17/02/2004;-6,02;P
18/02/2004;-6,02;P
19/02/2004;-5,18;P
20/02/2004;-4,83;P
21/02/2004;-5,07;P
22/02/2004;-3,71;P
23/02/2004;-0,99;P
24/02/2004;-1,56;P
25/02/2004;-3,67;P
26/02/2004;-4,14;P
27/02/2004;-3,81;P
28/02/2004;-3,25;P
29/02/2004;-2,54;P
01/03/2004;-3,90;P
02/03/2004;-4,47;P
03/03/2004;-4,85;P
04/03/2004;-5,20;P
05/03/2004;-5,19;P
06/03/2004;-5,08;P
07/03/2004;-4,79;P
08/03/2004;-4,12;P
09/03/2004;-4,77;P
10/03/2004;-4,89;P
11/03/2004;-5,10;P
12/03/2004;-4,95;P
13/03/2004;-4,94;P
14/03/2004;-5,19;P
15/03/2004;-5,29;P
16/03/2004;-5,23;P
17/03/2004;-5,39;P
18/03/2004;-5,32;P
19/03/2004;-5,35;P
20/03/2004;-5,56;P
21/03/2004;-5,87;P
22/03/2004;-5,81;P
23/03/2004;-5,57;P
24/03/2004;-5,61;P
25/03/2004;-4,77;P
26/03/2004;-5,01;P
27/03/2004;-5,25;P
28/03/2004;-5,43;P
29/03/2004;-5,60;P
30/03/2004;-5,49;P
31/03/2004;-5,67;P
01/04/2004;-5,65;P
02/04/2004;-5,72;P
03/04/2004;-5,80;P
04/04/2004;-6,05;P
05/04/2004;-6,06;P
06/04/2004;-5,79;P
07/04/2004;-5,70;P
08/04/2004;-5,92;P
09/04/2004;-5,64;P
10/04/2004;-5,59;P
11/04/2004;-6,04;P
12/04/2004;-6,06;P
13/04/2004;-6,01;P
14/04/2004;-5,76;P
15/04/2004;-5,78;P
16/04/2004;-5,84;P
17/04/2004;-5,34;P
18/04/2004;-4,83;P
19/04/2004;-4,36;P
20/04/2004;-2,46;P
21/04/2004;-3,55;P
22/04/2004;-4,51;P
23/04/2004;-4,68;P
24/04/2004;-5,36;P
25/04/2004;-5,18;P
26/04/2004;-5,44;P
27/04/2004;-5,39;P
28/04/2004;-5,48;P
29/04/2004;-5,61;P
30/04/2004;-5,64;P
01/05/2004;-5,63;P
02/05/2004;-5,91;P
03/05/2004;-5,98;P
04/05/2004;-5,38;P
05/05/2004;-3,73;P
06/05/2004;-1,16;P
07/05/2004;-0,91;P
08/05/2004;-0,95;P
09/05/2004;-1,95;P
10/05/2004;-3,70;P
11/05/2004;-4,36;P
12/05/2004;-4,71;P
13/05/2004;-4,87;P
14/05/2004;-4,95;P
15/05/2004;-5,44;P
16/05/2004;-5,77;P
17/05/2004;-5,83;P
18/05/2004;-5,63;P
19/05/2004;-5,71;P
20/05/2004;-5,75;P
21/05/2004;-5,78;P
22/05/2004;-5,72;P
23/05/2004;-6,06;P
24/05/2004;-6,03;P
25/05/2004;-5,88;P
26/05/2004;-6,03;P
27/05/2004;-6,01;P
28/05/2004;-6,01;P
29/05/2004;-6,12;P
30/05/2004;-6,26;P
31/05/2004;-6,22;P
01/06/2004;-5,73;P
02/06/2004;-5,83;P
03/06/2004;-6,14;P
04/06/2004;-5,84;P
05/06/2004;-5,90;P
06/06/2004;-5,85;P
07/06/2004;-6,19;P
08/06/2004;-6,26;P
09/06/2004;-6,27;P
10/06/2004;-6,30;P
11/06/2004;-6,31;P
12/06/2004;-6,27;P
13/06/2004;-6,39;P
14/06/2004;-6,45;P
15/06/2004;-6,25;P
16/06/2004;-6,32;P
17/06/2004;-6,41;P
18/06/2004;-6,46;P
19/06/2004;-6,28;P
20/06/2004;-6,45;P
21/06/2004;-6,51;P
22/06/2004;-6,46;P
23/06/2004;-6,43;P
24/06/2004;-6,40;P
25/06/2004;-6,48;P
26/06/2004;-6,46;P
27/06/2004;-6,54;P
28/06/2004;-6,58;P
29/06/2004;-6,49;P
30/06/2004;-6,30;P
01/07/2004;-6,37;P
02/07/2004;-6,46;P
03/07/2004;-6,46;P
04/07/2004;-6,56;P
05/07/2004;-6,62;P
06/07/2004;-6,61;P
07/07/2004;-6,62;P
08/07/2004;-6,61;P
09/07/2004;-6,64;P
10/07/2004;-6,67;P
11/07/2004;-6,67;P
12/07/2004;-6,66;P
13/07/2004;-6,62;P
14/07/2004;-6,61;P
15/07/2004;-6,61;P
16/07/2004;-6,63;P
17/07/2004;-6,65;P
18/07/2004;-6,69;P
19/07/2004;-6,70;P
20/07/2004;-6,66;P
21/07/2004;-6,66;P
22/07/2004;-6,65;P
23/07/2004;-6,66;P
24/07/2004;-6,65;P
25/07/2004;-6,08;P
26/07/2004;-6,41;P
27/07/2004;-6,55;P
28/07/2004;-6,65;P
29/07/2004;-6,65;P
30/07/2004;-6,65;P
31/07/2004;-6,67;P
01/08/2004;-6,66;P
02/08/2004;-6,66;P
03/08/2004;-6,65;P
04/08/2004;-6,65;P
05/08/2004;-6,46;P
06/08/2004;-6,03;P
07/08/2004;-6,38;P
08/08/2004;-6,57;P
09/08/2004;-6,62;P
10/08/2004;-6,56;P
11/08/2004;-6,56;P
12/08/2004;-6,63;P
13/08/2004;-6,67;P
14/08/2004;-6,69;P
15/08/2004;-6,72;P
16/08/2004;-6,71;P
17/08/2004;-6,72;P
18/08/2004;-6,71;P
19/08/2004;-6,68;P
20/08/2004;-6,70;P
21/08/2004;-6,71;P
22/08/2004;-6,72;P
23/08/2004;-6,72;P
24/08/2004;-6,71;P
25/08/2004;-6,68;P
26/08/2004;-6,68;P
27/08/2004;-6,60;P
28/08/2004;-6,66;P
29/08/2004;-6,69;P
30/08/2004;-6,68;P
31/08/2004;-6,68;P
01/09/2004;-6,69;P
02/09/2004;-6,70;P
03/09/2004;-6,70;P
04/09/2004;-6,69;P
05/09/2004;-6,71;P
06/09/2004;-6,70;P
07/09/2004;-6,72;P
08/09/2004;-6,70;P
09/09/2004;-6,70;P
10/09/2004;-6,60;P
11/09/2004;-6,68;P
12/09/2004;-6,70;P
13/09/2004;-6,66;P
14/09/2004;-6,64;P
15/09/2004;-5,88;P
16/09/2004;-5,98;P
17/09/2004;-6,09;P
18/09/2004;-6,16;P
19/09/2004;-6,55;P
20/09/2004;-6,70;P
21/09/2004;-6,49;P
22/09/2004;-6,56;P
23/09/2004;-6,64;P
24/09/2004;-6,65;P
25/09/2004;-6,36;P
26/09/2004;-6,56;P
27/09/2004;-6,69;P
28/09/2004;-6,71;P
29/09/2004;-6,70;P
30/09/2004;-6,68;P
01/10/2004;-6,67;P
02/10/2004;-6,65;P
03/10/2004;-6,68;P
04/10/2004;-6,70;P
05/10/2004;-6,69;P
06/10/2004;-6,68;P
07/10/2004;-6,67;P
08/10/2004;-6,66;P
09/10/2004;-6,47;P
10/10/2004;-6,50;P
11/10/2004;-6,24;P
12/10/2004;-6,31;P
13/10/2004;-6,51;P
14/10/2004;-6,60;P
15/10/2004;-6,18;P
16/10/2004;-6,09;P
17/10/2004;-5,50;P
18/10/2004;-5,76;P
19/10/2004;-6,01;P
20/10/2004;-5,77;P
21/10/2004;-6,43;P
22/10/2004;-6,56;P
23/10/2004;-6,61;P
24/10/2004;-6,66;P
25/10/2004;-6,68;P
26/10/2004;-6,65;P
27/10/2004;-6,37;P
28/10/2004;-6,48;P
29/10/2004;-6,09;P
30/10/2004;-1,85;P
31/10/2004;-3,96;P
01/11/2004;-5,06;P
02/11/2004;-5,92;P
03/11/2004;-5,98;P
04/11/2004;-6,10;P
05/11/2004;-6,08;P
06/11/2004;-6,24;P
07/11/2004;-6,49;P
08/11/2004;-6,57;P
09/11/2004;-6,33;P
10/11/2004;-5,80;P
11/11/2004;-4,93;P
12/11/2004;-5,05;P
13/11/2004;-5,44;P
14/11/2004;-5,76;P
15/11/2004;-5,86;P
16/11/2004;-5,99;P
17/11/2004;-6,04;P
18/11/2004;-6,04;P
19/11/2004;-6,24;P
20/11/2004;-6,28;P
21/11/2004;-6,50;P
22/11/2004;-6,55;P
23/11/2004;-6,31;P
24/11/2004;-6,29;P
25/11/2004;-6,33;P
26/11/2004;-6,30;P
27/11/2004;-6,27;P
28/11/2004;-6,47;P
29/11/2004;-6,54;P
30/11/2004;-5,49;P
01/12/2004;-5,12;P
02/12/2004;-5,33;P
03/12/2004;-4,62;P
04/12/2004;-3,81;P
05/12/2004;0,50;P
06/12/2004;-0,81;P
07/12/2004;-3,33;P
08/12/2004;-4,60;P
09/12/2004;-5,02;P
10/12/2004;-5,30;P
11/12/2004;-5,42;P
12/12/2004;-5,77;P
13/12/2004;-5,84;P
14/12/2004;-5,83;P
15/12/2004;-5,83;P
16/12/2004;-5,95;P
17/12/2004;-5,94;P
18/12/2004;-5,92;P
19/12/2004;-5,57;P
20/12/2004;-5,46;P
21/12/2004;-5,40;P
22/12/2004;-5,76;P
23/12/2004;-5,80;P
24/12/2004;-6,03;P
25/12/2004;-5,89;P
26/12/2004;-5,45;P
27/12/2004;-2,89;P
28/12/2004;-2,75;P
29/12/2004;-3,60;P
30/12/2004;-4,62;P
31/12/2004;-5,15;P
01/01/2005;;@
02/01/2005;-5,49;P
03/01/2005;-6,00;P
04/01/2005;-5,84;P
05/01/2005;-5,80;P
06/01/2005;-5,77;P
07/01/2005;-5,99;P
08/01/2005;-5,82;P
09/01/2005;-6,21;P
10/01/2005;-6,25;P
11/01/2005;-5,85;P
12/01/2005;-5,94;P
13/01/2005;-5,97;P
14/01/2005;-6,01;P
15/01/2005;-5,90;P
16/01/2005;-6,14;P
17/01/2005;-6,26;P
18/01/2005;-5,91;P
19/01/2005;-5,15;P
20/01/2005;-5,55;P
21/01/2005;-5,46;P
22/01/2005;-5,40;P
23/01/2005;-5,98;P
24/01/2005;-6,04;P
25/01/2005;-5,92;P
26/01/2005;-5,71;P
27/01/2005;-5,86;P
28/01/2005;-5,82;P
29/01/2005;-5,71;P
30/01/2005;-6,20;P
31/01/2005;-6,27;P
01/02/2005;-5,99;P
02/02/2005;-5,99;P
03/02/2005;-6,02;P
04/02/2005;-6,04;P
05/02/2005;-6,04;P
06/02/2005;-6,29;P
07/02/2005;-6,32;P
08/02/2005;-6,14;P
09/02/2005;-6,10;P
10/02/2005;-6,12;P
11/02/2005;-6,12;P
12/02/2005;-6,00;P
13/02/2005;-6,30;P
14/02/2005;-6,29;P
15/02/2005;-5,98;P
16/02/2005;-5,96;P
17/02/2005;-6,17;P
18/02/2005;-5,93;P
19/02/2005;-5,82;P
20/02/2005;-6,31;P
21/02/2005;-6,29;P
22/02/2005;-6,09;P
23/02/2005;-5,81;P
24/02/2005;-5,48;P
25/02/2005;-5,53;P
26/02/2005;-5,19;P
27/02/2005;-5,59;P
28/02/2005;-5,71;P
01/03/2005;-5,73;P
02/03/2005;-5,71;P
03/03/2005;-5,70;P
04/03/2005;-5,53;P
05/03/2005;-5,53;P
06/03/2005;-5,79;P
07/03/2005;-5,84;P
08/03/2005;-5,55;P
09/03/2005;-5,69;P
10/03/2005;-5,69;P
11/03/2005;-5,45;P
12/03/2005;-5,60;P
13/03/2005;-5,48;P
14/03/2005;-5,08;P
15/03/2005;-5,30;P
16/03/2005;-5,33;P
17/03/2005;-5,38;P
18/03/2005;-5,38;P
19/03/2005;-5,31;P
20/03/2005;-5,42;P
21/03/2005;-5,58;P
22/03/2005;-5,37;P
23/03/2005;-5,57;P
24/03/2005;-5,61;P
25/03/2005;-5,65;P
26/03/2005;-5,58;P
27/03/2005;-5,65;P
28/03/2005;-4,34;P
29/03/2005;-4,99;P
30/03/2005;-4,98;P
31/03/2005;-5,12;P
01/04/2005;-5,50;P
02/04/2005;-5,65;P
03/04/2005;-5,96;P
04/04/2005;-6,02;P
05/04/2005;-5,80;P
06/04/2005;-5,80;P
07/04/2005;-5,86;P
08/04/2005;-5,86;P
09/04/2005;-5,70;P
10/04/2005;-5,69;P
11/04/2005;-4,02;P
12/04/2005;-4,01;P
13/04/2005;-4,75;P
14/04/2005;-5,04;P
15/04/2005;-5,25;P
16/04/2005;-5,20;P
17/04/2005;-4,71;P
18/04/2005;-5,04;P
19/04/2005;-5,04;P
20/04/2005;-4,70;P
21/04/2005;-4,31;P
22/04/2005;-4,46;P
23/04/2005;-4,89;P
24/04/2005;-5,05;P
25/04/2005;-5,30;P
26/04/2005;-5,67;P
27/04/2005;-5,51;P
28/04/2005;-5,56;P
29/04/2005;-5,64;P
30/04/2005;-5,65;P
01/05/2005;-5,99;P
02/05/2005;-6,04;P
03/05/2005;-5,83;P
04/05/2005;-5,82;P
05/05/2005;-5,90;P
06/05/2005;-5,96;P
07/05/2005;-5,90;P
08/05/2005;-6,17;P
09/05/2005;-6,21;P
10/05/2005;-5,93;P
11/05/2005;-5,96;P
12/05/2005;-6,06;P
13/05/2005;-6,10;P
14/05/2005;-6,03;P
15/05/2005;-6,22;P
16/05/2005;-6,28;P
17/05/2005;-6,11;P
18/05/2005;-5,65;P
19/05/2005;-5,53;P
20/05/2005;-5,77;P
21/05/2005;-5,88;P
22/05/2005;-6,02;P
23/05/2005;-6,23;P
24/05/2005;-5,98;P
25/05/2005;-6,21;P
26/05/2005;-6,32;P
27/05/2005;-6,33;P
28/05/2005;-6,33;P
29/05/2005;-6,40;P
30/05/2005;-6,44;P
31/05/2005;-6,38;P
01/06/2005;-6,35;P
02/06/2005;-6,39;P
03/06/2005;-6,46;P
04/06/2005;-6,40;P
05/06/2005;-6,39;P
06/06/2005;-6,42;P
07/06/2005;-6,35;P
08/06/2005;-6,23;P
09/06/2005;-6,35;P
10/06/2005;-6,47;P
11/06/2005;-6,41;P
12/06/2005;-6,42;P
13/06/2005;-6,51;P
14/06/2005;-6,41;P
15/06/2005;-6,04;P
16/06/2005;-5,97;P
17/06/2005;-6,27;P
18/06/2005;-6,37;P
19/06/2005;-6,46;P
20/06/2005;-6,52;P
21/06/2005;-6,49;P
22/06/2005;-6,44;P
23/06/2005;-6,50;P
24/06/2005;-6,54;P
25/06/2005;-6,57;P
26/06/2005;-6,58;P
27/06/2005;-6,60;P
28/06/2005;-6,60;P
29/06/2005;-6,60;P
30/06/2005;-6,60;P
01/07/2005;-6,56;P
02/07/2005;-6,51;P
03/07/2005;-6,56;P
04/07/2005;-6,64;P
05/07/2005;-6,63;P
06/07/2005;-6,58;P
07/07/2005;-6,61;P
08/07/2005;-6,61;P
09/07/2005;-6,61;P
10/07/2005;-6,61;P
11/07/2005;-6,36;P
12/07/2005;-6,49;P
13/07/2005;-6,51;P
14/07/2005;-6,58;P
15/07/2005;-6,57;P
16/07/2005;-6,60;P
17/07/2005;-6,66;P
18/07/2005;-6,65;P
19/07/2005;-6,48;P
20/07/2005;-6,36;P
21/07/2005;-6,54;P
22/07/2005;-6,59;P
23/07/2005;-6,41;P
24/07/2005;-6,56;P
25/07/2005;-6,57;P
26/07/2005;-6,59;P
27/07/2005;-6,61;P
28/07/2005;-6,57;P
29/07/2005;-6,62;P
30/07/2005;-6,63;P
31/07/2005;-6,66;P
01/08/2005;-6,68;P
02/08/2005;-6,65;P
03/08/2005;-6,57;P
04/08/2005;-6,46;P
05/08/2005;-6,53;P
06/08/2005;-6,60;P
07/08/2005;-6,62;P
08/08/2005;-6,64;P
09/08/2005;-6,65;P
10/08/2005;-6,63;P
11/08/2005;-6,58;P
12/08/2005;-6,28;P
13/08/2005;-6,36;P
14/08/2005;-6,51;P
15/08/2005;-6,59;P
16/08/2005;-6,57;P
17/08/2005;-6,60;P
18/08/2005;-6,62;P
19/08/2005;-6,63;P
20/08/2005;-6,62;P
21/08/2005;-6,44;P
22/08/2005;-6,34;P
23/08/2005;-6,50;P
24/08/2005;-6,55;P
25/08/2005;-6,53;P
26/08/2005;-6,54;P
27/08/2005;-6,59;P
28/08/2005;-5,97;P
29/08/2005;-6,16;P
30/08/2005;-6,44;P
31/08/2005;-6,53;P
01/09/2005;-6,56;P
02/09/2005;-6,57;P
03/09/2005;-6,58;P
04/09/2005;-6,47;P
05/09/2005;-6,46;P
06/09/2005;-6,51;P
07/09/2005;-6,54;P
08/09/2005;-6,52;P
09/09/2005;-6,03;P
10/09/2005;-5,26;P
11/09/2005;-5,84;P
12/09/2005;-6,04;P
13/09/2005;-6,10;P
14/09/2005;-6,39;P
15/09/2005;-6,33;P
16/09/2005;-6,33;P
17/09/2005;-6,41;P
18/09/2005;-5,48;P
19/09/2005;-5,81;P
20/09/2005;-5,80;P
21/09/2005;-5,81;P
22/09/2005;-6,32;P
23/09/2005;-6,41;P
24/09/2005;-6,44;P
25/09/2005;-6,47;P
26/09/2005;-6,51;P
27/09/2005;-6,51;P
28/09/2005;-6,12;P
29/09/2005;-6,39;P
30/09/2005;-6,43;P
01/10/2005;-6,39;P
02/10/2005;-6,33;P
03/10/2005;-5,49;P
04/10/2005;-5,91;P
05/10/2005;-5,61;P
06/10/2005;-5,60;P
07/10/2005;-5,84;P
08/10/2005;-5,90;P
09/10/2005;-5,58;P
10/10/2005;-5,53;P
11/10/2005;-5,65;P
12/10/2005;-5,72;P
13/10/2005;-6,05;P
14/10/2005;-6,09;P
15/10/2005;-6,15;P
16/10/2005;-6,36;P
17/10/2005;-6,43;P
18/10/2005;-6,45;P
19/10/2005;-6,41;P
20/10/2005;-4,54;P
21/10/2005;-4,28;P
22/10/2005;-2,65;P
23/10/2005;-4,54;P
24/10/2005;-5,26;P
25/10/2005;-5,51;P
26/10/2005;-5,58;P
27/10/2005;-5,86;P
28/10/2005;-5,98;P
29/10/2005;-6,08;P
30/10/2005;-6,24;P
31/10/2005;-6,26;P
01/11/2005;-6,10;P
02/11/2005;-5,95;P
03/11/2005;-5,57;P
04/11/2005;-5,83;P
05/11/2005;-5,78;P
06/11/2005;-2,93;P
07/11/2005;-1,38;P
08/11/2005;-4,01;P
09/11/2005;-4,97;P
10/11/2005;-5,16;P
11/11/2005;-5,27;P
12/11/2005;-5,74;P
13/11/2005;-5,99;P
14/11/2005;-5,97;P
15/11/2005;-5,23;P
16/11/2005;-1,98;P
17/11/2005;-4,16;P
18/11/2005;-4,66;P
19/11/2005;-5,18;P
20/11/2005;-5,46;P
21/11/2005;-5,76;P
22/11/2005;-5,73;P
23/11/2005;-5,83;P
24/11/2005;-5,87;P
25/11/2005;-5,76;P
26/11/2005;-0,67;P
27/11/2005;3,18;P
28/11/2005;0,03;P
29/11/2005;-2,45;P
30/11/2005;-1,28;P
01/12/2005;-2,19;P
02/12/2005;-3,34;P
03/12/2005;-2,95;P
04/12/2005;;@
05/12/2005;;@
06/12/2005;-0,35;P
07/12/2005;-1,30;P
08/12/2005;-2,96;P
09/12/2005;-2,25;P
10/12/2005;-1,64;P
11/12/2005;-3,50;P
12/12/2005;-3,81;P
13/12/2005;-3,83;P
14/12/2005;-4,20;P
15/12/2005;-4,33;P
16/12/2005;-4,73;P
17/12/2005;-5,00;P
18/12/2005;-4,94;P
19/12/2005;-5,50;P
20/12/2005;-5,20;P
21/12/2005;-5,20;P
22/12/2005;-5,46;P
23/12/2005;-5,53;P
24/12/2005;-5,48;P
25/12/2005;-5,47;P
26/12/2005;-5,44;P
27/12/2005;-4,84;P
28/12/2005;-4,60;P
29/12/2005;-4,81;P
30/12/2005;-5,19;P
31/12/2005;-5,14;P
01/01/2006;-2,88;P
02/01/2006;0,67;P
03/01/2006;-2,64;P
04/01/2006;-3,82;P
05/01/2006;-4,40;P
06/01/2006;-4,45;P
07/01/2006;-4,78;P
08/01/2006;-4,99;P
09/01/2006;-5,50;P
10/01/2006;-5,28;P
11/01/2006;-5,40;P
12/01/2006;-5,56;P
13/01/2006;-5,53;P
14/01/2006;-5,43;P
15/01/2006;-5,67;P
16/01/2006;-5,73;P
17/01/2006;-5,40;P
18/01/2006;-2,60;P
19/01/2006;-2,78;P
20/01/2006;-4,42;P
21/01/2006;-4,86;P
22/01/2006;-5,07;P
23/01/2006;-5,49;P
24/01/2006;-5,38;P
25/01/2006;-5,50;P
26/01/2006;-5,50;P
27/01/2006;-5,43;P
28/01/2006;-5,46;P
29/01/2006;-5,43;P
30/01/2006;-5,59;P
31/01/2006;-5,52;P
01/02/2006;-5,61;P
02/02/2006;-5,62;P
03/02/2006;-5,54;P
04/02/2006;-5,56;P
05/02/2006;-5,84;P
06/02/2006;-5,90;P
07/02/2006;-5,66;P
08/02/2006;-5,66;P
09/02/2006;-5,88;P
10/02/2006;-5,68;P
11/02/2006;-5,69;P
12/02/2006;-6,00;P
13/02/2006;-6,03;P
14/02/2006;-5,95;P
15/02/2006;-5,91;P
16/02/2006;-5,54;P
17/02/2006;-4,50;P
18/02/2006;-4,95;P
19/02/2006;-5,19;P
20/02/2006;-4,60;P
21/02/2006;-4,24;P
22/02/2006;-4,17;P
23/02/2006;-4,19;P
24/02/2006;-4,52;P
25/02/2006;-4,59;P
26/02/2006;-5,00;P
27/02/2006;-5,20;P
28/02/2006;-5,10;P
01/03/2006;-5,17;P
02/03/2006;-5,30;P
03/03/2006;-5,06;P
04/03/2006;-4,42;P
05/03/2006;-4,61;P
06/03/2006;-1,69;P
07/03/2006;-3,89;P
08/03/2006;-4,49;P
09/03/2006;-4,85;P
10/03/2006;-5,13;P
11/03/2006;-4,85;P
12/03/2006;-5,14;P
13/03/2006;-5,14;P
14/03/2006;-5,10;P
15/03/2006;-5,18;P
16/03/2006;-5,23;P
17/03/2006;-5,27;P
18/03/2006;-5,48;P
19/03/2006;-5,33;P
20/03/2006;-5,31;P
21/03/2006;-5,15;P
22/03/2006;-4,97;P
23/03/2006;-4,99;P
24/03/2006;-4,90;P
25/03/2006;-4,90;P
26/03/2006;-5,01;P
27/03/2006;-5,58;P
28/03/2006;-5,17;P
29/03/2006;-5,34;P
30/03/2006;-5,41;P
31/03/2006;-5,39;P
01/04/2006;-5,40;P
02/04/2006;-5,47;P
03/04/2006;-5,83;P
04/04/2006;-5,59;P
05/04/2006;-5,61;P
06/04/2006;-5,59;P
07/04/2006;-5,55;P
08/04/2006;-5,63;P
09/04/2006;-5,97;P
10/04/2006;-5,97;P
11/04/2006;-5,69;P
12/04/2006;-5,70;P
13/04/2006;-6,01;P
14/04/2006;-5,73;P
15/04/2006;-5,72;P
16/04/2006;-6,05;P
17/04/2006;-6,08;P
18/04/2006;-5,94;P
19/04/2006;-5,73;P
20/04/2006;-5,73;P
21/04/2006;-5,73;P
22/04/2006;-5,74;P
23/04/2006;-6,09;P
24/04/2006;-6,15;P
25/04/2006;-6,17;P
26/04/2006;-6,14;P
27/04/2006;-5,68;P
28/04/2006;-5,75;P
29/04/2006;-5,77;P
30/04/2006;-5,82;P
01/05/2006;-5,63;P
02/05/2006;-5,77;P
03/05/2006;-5,65;P
04/05/2006;-5,80;P
05/05/2006;-5,84;P
06/05/2006;-5,70;P
07/05/2006;-6,19;P
08/05/2006;-6,14;P
09/05/2006;-5,49;P
10/05/2006;-5,38;P
11/05/2006;-5,63;P
12/05/2006;-5,74;P
13/05/2006;-5,80;P
14/05/2006;-6,05;P
15/05/2006;-6,13;P
16/05/2006;-6,00;P
17/05/2006;-5,98;P
18/05/2006;-6,00;P
19/05/2006;-6,02;P
20/05/2006;-6,00;P
21/05/2006;-6,24;P
22/05/2006;-6,30;P
23/05/2006;-6,30;P
24/05/2006;-6,17;P
25/05/2006;-6,18;P
26/05/2006;-6,28;P
27/05/2006;-6,35;P
28/05/2006;-6,37;P
29/05/2006;-6,36;P
30/05/2006;-6,32;P
31/05/2006;-6,16;P
01/06/2006;-6,22;P
02/06/2006;-6,14;P
03/06/2006;-6,08;P
04/06/2006;-6,31;P
05/06/2006;-6,36;P
06/06/2006;-6,23;P
07/06/2006;-6,19;P
08/06/2006;-6,23;P
09/06/2006;-6,26;P
10/06/2006;-6,25;P
11/06/2006;-6,36;P
12/06/2006;-6,44;P
13/06/2006;-6,40;P
14/06/2006;-6,34;P
15/06/2006;-6,45;P
16/06/2006;-6,44;P
17/06/2006;-6,47;P
18/06/2006;-6,55;P
19/06/2006;-6,53;P
20/06/2006;-6,51;P
21/06/2006;-6,52;P
22/06/2006;-6,50;P
23/06/2006;-6,52;P
24/06/2006;-6,52;P
25/06/2006;-6,56;P
26/06/2006;-6,57;P
27/06/2006;-6,55;P
28/06/2006;-6,56;P
29/06/2006;-6,56;P
30/06/2006;-6,55;P
01/07/2006;-6,57;P
02/07/2006;-6,60;P
03/07/2006;-6,61;P
04/07/2006;-6,59;P
05/07/2006;-6,59;P
06/07/2006;-6,56;P
07/07/2006;-6,21;P
08/07/2006;-6,16;P
09/07/2006;-6,41;P
10/07/2006;-6,42;P
11/07/2006;-6,41;P
12/07/2006;-6,49;P
13/07/2006;-6,54;P
14/07/2006;-6,42;P
15/07/2006;-6,52;P
16/07/2006;-6,58;P
17/07/2006;-6,61;P
18/07/2006;-6,59;P
19/07/2006;-6,59;P
20/07/2006;-6,57;P
21/07/2006;-6,56;P
22/07/2006;-6,55;P
23/07/2006;-6,57;P
24/07/2006;-6,58;P
25/07/2006;-6,39;P
26/07/2006;-6,47;P
27/07/2006;-6,46;P
28/07/2006;-6,36;P
29/07/2006;-6,45;P
30/07/2006;-6,53;P
31/07/2006;-6,55;P
01/08/2006;-6,53;P
02/08/2006;-6,53;P
03/08/2006;-6,55;P
04/08/2006;-6,58;P
05/08/2006;-6,59;P
06/08/2006;-6,53;P
07/08/2006;-6,51;P
08/08/2006;-6,56;P
09/08/2006;-6,52;P
10/08/2006;-6,53;P
11/08/2006;-6,54;P
12/08/2006;-6,28;P
13/08/2006;-5,98;P
14/08/2006;-6,35;P
15/08/2006;-6,39;P
16/08/2006;-6,49;P
17/08/2006;-6,52;P
18/08/2006;-6,54;P
19/08/2006;-6,55;P
20/08/2006;-6,54;P
21/08/2006;-6,56;P
22/08/2006;-6,56;P
23/08/2006;-6,51;P
24/08/2006;-6,48;P
25/08/2006;-6,56;P
26/08/2006;-6,58;P
27/08/2006;-6,52;P
28/08/2006;-6,44;P
29/08/2006;-6,49;P
30/08/2006;-6,45;P
31/08/2006;-6,36;P
01/09/2006;-6,48;P
02/09/2006;-6,57;P
03/09/2006;-6,85;P
04/09/2006;-6,85;P
05/09/2006;-6,83;P
06/09/2006;-6,81;P
07/09/2006;-6,82;P
08/09/2006;-6,82;P
09/09/2006;-6,84;P
10/09/2006;-6,89;P
11/09/2006;-6,91;P
12/09/2006;-6,86;P
13/09/2006;-6,84;P
14/09/2006;-6,79;P
15/09/2006;-5,93;P
16/09/2006;-6,12;P
17/09/2006;-4,84;P
18/09/2006;-4,54;P
19/09/2006;-5,52;P
20/09/2006;-5,60;P
21/09/2006;-6,25;P
22/09/2006;-6,17;P
23/09/2006;-6,37;P
24/09/2006;-6,46;P
25/09/2006;-6,43;P
26/09/2006;-6,32;P
27/09/2006;-6,18;P
28/09/2006;-6,38;P
29/09/2006;-6,47;P
30/09/2006;-6,48;P
01/10/2006;-6,51;P
02/10/2006;-6,52;P
03/10/2006;-6,50;P
04/10/2006;-6,50;P
05/10/2006;-6,51;P
06/10/2006;-6,55;P
07/10/2006;-6,50;P
08/10/2006;-6,39;P
09/10/2006;-6,47;P
10/10/2006;-6,53;P
11/10/2006;-6,54;P
12/10/2006;-6,53;P
13/10/2006;-6,54;P
14/10/2006;-6,53;P
15/10/2006;-6,57;P
16/10/2006;-6,58;P
17/10/2006;-6,57;P
18/10/2006;-6,55;P
19/10/2006;-6,52;P
20/10/2006;-6,22;P
21/10/2006;-6,02;P
22/10/2006;-5,73;P
23/10/2006;-6,04;P
24/10/2006;-6,08;P
25/10/2006;-6,15;P
26/10/2006;-6,14;P
27/10/2006;-6,43;P
28/10/2006;-6,48;P
29/10/2006;-6,49;P
30/10/2006;-6,52;P
31/10/2006;-6,36;P
01/11/2006;-6,16;P
02/11/2006;-6,42;P
03/11/2006;-6,51;P
04/11/2006;-6,53;P
05/11/2006;-6,52;P
06/11/2006;-6,54;P
07/11/2006;-6,44;P
08/11/2006;-6,50;P
09/11/2006;-6,50;P
10/11/2006;-6,52;P
11/11/2006;-6,55;P
12/11/2006;-6,55;P
13/11/2006;-6,40;P
14/11/2006;-6,39;P
15/11/2006;-6,50;P
16/11/2006;-6,51;P
17/11/2006;-6,48;P
18/11/2006;-6,44;P
19/11/2006;-6,09;P
20/11/2006;-5,90;P
21/11/2006;-5,80;P
22/11/2006;-4,08;P
23/11/2006;-4,90;P
24/11/2006;-5,40;P
25/11/2006;-5,55;P
26/11/2006;-6,13;P
27/11/2006;-6,23;P
28/11/2006;-6,03;P
29/11/2006;-6,23;P
30/11/2006;-6,32;P
01/12/2006;-6,36;P
02/12/2006;-6,26;P
03/12/2006;-6,28;P
04/12/2006;-6,26;P
05/12/2006;-6,08;P
06/12/2006;-6,22;P
07/12/2006;-5,52;P
08/12/2006;-5,85;P
09/12/2006;-5,95;P
10/12/2006;-3,23;P
11/12/2006;-5,06;P
12/12/2006;-5,32;P
13/12/2006;-5,55;P
14/12/2006;-5,76;P
15/12/2006;-5,87;P
16/12/2006;-5,90;P
17/12/2006;-6,07;P
18/12/2006;-5,95;P
19/12/2006;-6,03;P
20/12/2006;-6,12;P
21/12/2006;-6,15;P
22/12/2006;-6,13;P
23/12/2006;-6,14;P
24/12/2006;-6,23;P
25/12/2006;-6,31;P
26/12/2006;-6,34;P
27/12/2006;-6,34;P
28/12/2006;-6,23;P
29/12/2006;-6,25;P
30/12/2006;-6,18;P
31/12/2006;-6,18;P
01/01/2007;-6,21;P
02/01/2007;-5,82;P
03/01/2007;-5,72;P
04/01/2007;-5,93;P
05/01/2007;-5,66;P
06/01/2007;-5,83;P
07/01/2007;-6,12;P
08/01/2007;-6,03;P
09/01/2007;-5,74;P
10/01/2007;-5,86;P
11/01/2007;-5,94;P
12/01/2007;-5,99;P
13/01/2007;-5,77;P
14/01/2007;-6,11;P
15/01/2007;-6,21;P
16/01/2007;-6,15;P
17/01/2007;-6,13;P
18/01/2007;-6,13;P
19/01/2007;-6,11;P
20/01/2007;-6,13;P
21/01/2007;-6,19;P
22/01/2007;-6,27;P
23/01/2007;-6,19;P
24/01/2007;-5,43;P
25/01/2007;-5,10;P
26/01/2007;-5,48;P
27/01/2007;-5,57;P
28/01/2007;-5,82;P
29/01/2007;-5,95;P
30/01/2007;-5,87;P
31/01/2007;-5,85;P
01/02/2007;-5,90;P
02/02/2007;-5,92;P
03/02/2007;-5,96;P
04/02/2007;-6,13;P
05/02/2007;-6,18;P
06/02/2007;-5,97;P
07/02/2007;-5,51;P
08/02/2007;-4,53;P
09/02/2007;-3,08;P
10/02/2007;-3,52;P
11/02/2007;-4,76;P
12/02/2007;-5,12;P
13/02/2007;-2,59;P
14/02/2007;-3,59;P
15/02/2007;-4,15;P
16/02/2007;-4,65;P
17/02/2007;-5,26;P
18/02/2007;-5,42;P
19/02/2007;-5,55;P
20/02/2007;-5,59;P
21/02/2007;-5,64;P
22/02/2007;-5,65;P
23/02/2007;-5,50;P
24/02/2007;-5,77;P
25/02/2007;-5,54;P
26/02/2007;-4,06;P
27/02/2007;-4,57;P
28/02/2007;-5,31;P
01/03/2007;-5,41;P
02/03/2007;-5,33;P
03/03/2007;-5,36;P
04/03/2007;-5,79;P
05/03/2007;-5,86;P
06/03/2007;-5,67;P
07/03/2007;-5,66;P
08/03/2007;-5,53;P
09/03/2007;-5,70;P
10/03/2007;-5,78;P
11/03/2007;-5,86;P
12/03/2007;-5,92;P
13/03/2007;-5,83;P
14/03/2007;-5,83;P
15/03/2007;-5,85;P
16/03/2007;-5,88;P
17/03/2007;-5,87;P
18/03/2007;-6,08;P
19/03/2007;-6,03;P
20/03/2007;-5,49;P
21/03/2007;-5,08;P
22/03/2007;-5,27;P
23/03/2007;-5,15;P
24/03/2007;-5,39;P
25/03/2007;-5,67;P
26/03/2007;-5,62;P
27/03/2007;-5,59;P
28/03/2007;-5,32;P
29/03/2007;-5,36;P
30/03/2007;-5,31;P
31/03/2007;-5,41;P
01/04/2007;-5,55;P
02/04/2007;-5,36;P
03/04/2007;-5,67;P
04/04/2007;-5,51;P
05/04/2007;-5,55;P
06/04/2007;-5,61;P
07/04/2007;-5,64;P
08/04/2007;-5,69;P
09/04/2007;-6,03;P
10/04/2007;-6,07;P
11/04/2007;-5,92;P
12/04/2007;-5,93;P
13/04/2007;-5,92;P
14/04/2007;-5,96;P
15/04/2007;-6,18;P
16/04/2007;-6,23;P
17/04/2007;-6,04;P
18/04/2007;-6,12;P
19/04/2007;-6,15;P
20/04/2007;-6,16;P
21/04/2007;-6,09;P
22/04/2007;-6,26;P
23/04/2007;-6,34;P
24/04/2007;-6,24;P
25/04/2007;-6,22;P
26/04/2007;-6,24;P
27/04/2007;-6,26;P
28/04/2007;-6,25;P
29/04/2007;-6,36;P
30/04/2007;-6,39;P
01/05/2007;-6,10;P
02/05/2007;-6,19;P
03/05/2007;-6,13;P
04/05/2007;-5,84;P
05/05/2007;-5,56;P
06/05/2007;-5,76;P
07/05/2007;-5,68;P
08/05/2007;-5,88;P
09/05/2007;-5,99;P
10/05/2007;-6,02;P
11/05/2007;-6,05;P
12/05/2007;-6,07;P
13/05/2007;-6,31;P
14/05/2007;-6,40;P
15/05/2007;-6,41;P
16/05/2007;-6,41;P
17/05/2007;-6,41;P
18/05/2007;-6,45;P
19/05/2007;-6,48;P
20/05/2007;-6,50;P
21/05/2007;-6,49;P
22/05/2007;-6,49;P
23/05/2007;-6,49;P
24/05/2007;-6,50;P
25/05/2007;-6,30;P
26/05/2007;-6,44;P
27/05/2007;-6,49;P
28/05/2007;-6,20;P
29/05/2007;-5,55;P
30/05/2007;-5,68;P
31/05/2007;-6,07;P
01/06/2007;-6,16;P
02/06/2007;-5,76;P
03/06/2007;-5,94;P
04/06/2007;-6,26;P
05/06/2007;-6,22;P
06/06/2007;-6,23;P
07/06/2007;-6,15;P
08/06/2007;-5,68;P
09/06/2007;-5,84;P
10/06/2007;-6,21;P
11/06/2007;-6,36;P
12/06/2007;-6,27;P
13/06/2007;-6,25;P
14/06/2007;-6,40;P
15/06/2007;-6,46;P
16/06/2007;-6,48;P
17/06/2007;-6,52;P
18/06/2007;-6,54;P
19/06/2007;-6,48;P
20/06/2007;-6,47;P
21/06/2007;-6,52;P
22/06/2007;-6,54;P
23/06/2007;-6,56;P
24/06/2007;-6,61;P
25/06/2007;-6,60;P
26/06/2007;-6,58;P
27/06/2007;-6,58;P
28/06/2007;-6,58;P
29/06/2007;-6,58;P
30/06/2007;-6,58;P
01/07/2007;-6,61;P
02/07/2007;-6,61;P
03/07/2007;-6,61;P
04/07/2007;-6,60;P
05/07/2007;-6,58;P
06/07/2007;-6,58;P
07/07/2007;-6,57;P
08/07/2007;-6,49;P
09/07/2007;-6,52;P
10/07/2007;-6,57;P
11/07/2007;-6,59;P
12/07/2007;-6,59;P
13/07/2007;-6,61;P
14/07/2007;-6,62;P
15/07/2007;-6,64;P
16/07/2007;-6,63;P
17/07/2007;-6,62;P
18/07/2007;-6,61;P
19/07/2007;-6,61;P
20/07/2007;-6,60;P
21/07/2007;-6,60;P
22/07/2007;-6,61;P
23/07/2007;-6,62;P
24/07/2007;-6,58;P
25/07/2007;-6,59;P
26/07/2007;-6,58;P
27/07/2007;-6,59;P
28/07/2007;-6,59;P
29/07/2007;-6,60;P
30/07/2007;-6,62;P
31/07/2007;-6,62;P
01/08/2007;-6,64;P
02/08/2007;-6,63;P
03/08/2007;-6,55;P
04/08/2007;-6,40;P
05/08/2007;-6,59;P
06/08/2007;-6,63;P
07/08/2007;-6,62;P
08/08/2007;-6,44;P
09/08/2007;-5,51;P
10/08/2007;-6,38;P
11/08/2007;-6,54;P
12/08/2007;-6,63;P
13/08/2007;-6,65;P
14/08/2007;-6,58;P
15/08/2007;-6,70;P
16/08/2007;-6,74;P
17/08/2007;-6,76;P
18/08/2007;-6,77;P
19/08/2007;-6,77;P
20/08/2007;-6,38;P
21/08/2007;-6,29;P
22/08/2007;-6,60;P
23/08/2007;-6,50;P
24/08/2007;-6,17;P
25/08/2007;-6,54;P
26/08/2007;-6,66;P
27/08/2007;-6,67;P
28/08/2007;-6,69;P
29/08/2007;-6,70;P
30/08/2007;-6,68;P
31/08/2007;-6,70;P
01/09/2007;-6,71;P
02/09/2007;-6,75;P
03/09/2007;-6,75;P
04/09/2007;-6,63;P
05/09/2007;-6,43;P
06/09/2007;-6,64;P
07/09/2007;-6,71;P
08/09/2007;-6,73;P
09/09/2007;-6,74;P
10/09/2007;-6,76;P
11/09/2007;-6,75;P
12/09/2007;-6,76;P
13/09/2007;-6,78;P
14/09/2007;-6,77;P
15/09/2007;-6,74;P
16/09/2007;-6,75;P
17/09/2007;-6,17;P
18/09/2007;-6,19;P
19/09/2007;-6,44;P
20/09/2007;-6,60;P
21/09/2007;-6,61;P
22/09/2007;-6,69;P
23/09/2007;-6,71;P
24/09/2007;-6,71;P
25/09/2007;-6,71;P
26/09/2007;-6,68;P
27/09/2007;-6,44;P
28/09/2007;-5,84;P
29/09/2007;-6,19;P
30/09/2007;-6,48;P
01/10/2007;-6,64;P
02/10/2007;-6,37;P
03/10/2007;-6,62;P
04/10/2007;-6,67;P
05/10/2007;-6,71;P
06/10/2007;-6,67;P
07/10/2007;-6,71;P
08/10/2007;-6,77;P
09/10/2007;-6,76;P
10/10/2007;-6,77;P
11/10/2007;-6,77;P
12/10/2007;-6,76;P
13/10/2007;-6,75;P
14/10/2007;-6,78;P
15/10/2007;-6,80;P
16/10/2007;-6,78;P
17/10/2007;-6,76;P
18/10/2007;-6,74;P
19/10/2007;-6,76;P
20/10/2007;-6,74;P
21/10/2007;-6,76;P
22/10/2007;-6,75;P
23/10/2007;-6,72;P
24/10/2007;-6,66;P
25/10/2007;-6,47;P
26/10/2007;-6,32;P
27/10/2007;-5,90;P
28/10/2007;-6,46;P
29/10/2007;-6,62;P
30/10/2007;-6,57;P
31/10/2007;-6,01;P
01/11/2007;-6,22;P
02/11/2007;-6,54;P
03/11/2007;-6,46;P
04/11/2007;-6,64;P
05/11/2007;-6,68;P
06/11/2007;-6,69;P
07/11/2007;-6,72;P
08/11/2007;-6,71;P
09/11/2007;-6,69;P
10/11/2007;-6,68;P
11/11/2007;-6,69;P
12/11/2007;-6,72;P
13/11/2007;-6,71;P
14/11/2007;-6,58;P
15/11/2007;-6,34;P
16/11/2007;-6,41;P
17/11/2007;-6,62;P
18/11/2007;-6,70;P
19/11/2007;-6,71;P
20/11/2007;-6,69;P
21/11/2007;-6,70;P
22/11/2007;-6,68;P
23/11/2007;-6,67;P
24/11/2007;-6,62;P
25/11/2007;-6,26;P
26/11/2007;-6,47;P
27/11/2007;-6,57;P
28/11/2007;-6,63;P
29/11/2007;-6,66;P
30/11/2007;-6,66;P
01/12/2007;-6,67;P
02/12/2007;-6,69;P
03/12/2007;-6,54;P
04/12/2007;-6,08;P
05/12/2007;-6,41;P
06/12/2007;-6,53;P
07/12/2007;-6,58;P
08/12/2007;-5,53;P
09/12/2007;-5,51;P
10/12/2007;-5,56;P
11/12/2007;-5,72;P
12/12/2007;-6,06;P
13/12/2007;-6,18;P
14/12/2007;-6,22;P
15/12/2007;-6,32;P
16/12/2007;-6,50;P
17/12/2007;-6,53;P
18/12/2007;-6,43;P
19/12/2007;-6,56;P
20/12/2007;-6,61;P
21/12/2007;-6,63;P
22/12/2007;-6,52;P
23/12/2007;-6,53;P
24/12/2007;-6,52;P
25/12/2007;-6,58;P
26/12/2007;-6,62;P
27/12/2007;-6,63;P
28/12/2007;-6,43;P
29/12/2007;-6,45;P
30/12/2007;-6,56;P
31/12/2007;-6,67;P
01/01/2008;-6,54;P
02/01/2008;-6,56;P
03/01/2008;-6,64;P
04/01/2008;-6,61;P
05/01/2008;-6,48;P
06/01/2008;-6,14;P
07/01/2008;-5,76;P
08/01/2008;-5,94;P
09/01/2008;-5,87;P
10/01/2008;-6,30;P
11/01/2008;-6,32;P
12/01/2008;-5,41;P
13/01/2008;-3,06;P
14/01/2008;-4,90;P
15/01/2008;-5,11;P
16/01/2008;-5,06;P
17/01/2008;-2,65;P
18/01/2008;-3,51;P
19/01/2008;-4,64;P
20/01/2008;-5,19;P
21/01/2008;-5,63;P
22/01/2008;-5,72;P
23/01/2008;-5,80;P
24/01/2008;-6,15;P
25/01/2008;-6,00;P
26/01/2008;-5,79;P
27/01/2008;-6,14;P
28/01/2008;-6,29;P
29/01/2008;-5,90;P
30/01/2008;-6,30;P
31/01/2008;-6,34;P
01/02/2008;-6,30;P
02/02/2008;-6,31;P
03/02/2008;-5,28;P
04/02/2008;-3,70;P
05/02/2008;-3,37;P
06/02/2008;-4,34;P
07/02/2008;-4,87;P
08/02/2008;-5,39;P
09/02/2008;-5,59;P
10/02/2008;-5,85;P
11/02/2008;-6,09;P
12/02/2008;-5,80;P
13/02/2008;-5,96;P
14/02/2008;-5,90;P
15/02/2008;-6,03;P
16/02/2008;-6,05;P
17/02/2008;-6,34;P
18/02/2008;-6,38;P
19/02/2008;-6,37;P
20/02/2008;-6,39;P
21/02/2008;-6,30;P
22/02/2008;-6,39;P
23/02/2008;-6,11;P
24/02/2008;-6,43;P
25/02/2008;-6,47;P
26/02/2008;-6,22;P
27/02/2008;-6,39;P
28/02/2008;-6,03;P
29/02/2008;-6,34;P
01/03/2008;-6,18;P
02/03/2008;-6,36;P
03/03/2008;-6,41;P
04/03/2008;-6,17;P
05/03/2008;-6,39;P
06/03/2008;-6,16;P
07/03/2008;-6,32;P
08/03/2008;-6,12;P
09/03/2008;-6,35;P
10/03/2008;-6,34;P
11/03/2008;-5,74;P
12/03/2008;-5,79;P
13/03/2008;-5,61;P
14/03/2008;-5,90;P
15/03/2008;-5,80;P
16/03/2008;-5,94;P
17/03/2008;-6,25;P
18/03/2008;-6,03;P
19/03/2008;-5,92;P
20/03/2008;-5,83;P
21/03/2008;-6,13;P
22/03/2008;-3,95;P
23/03/2008;-4,09;P
24/03/2008;-4,11;P
25/03/2008;-4,85;P
26/03/2008;-4,91;P
27/03/2008;-5,17;P
28/03/2008;-4,82;P
29/03/2008;-5,10;P
30/03/2008;-5,21;P
31/03/2008;-5,31;P
01/04/2008;-5,37;P
02/04/2008;-5,62;P
03/04/2008;-5,67;P
04/04/2008;-5,84;P
05/04/2008;-5,85;P
06/04/2008;-5,94;P
07/04/2008;-6,16;P
08/04/2008;-5,88;P
09/04/2008;-5,90;P
10/04/2008;-5,81;P
11/04/2008;-5,77;P
12/04/2008;-5,09;P
13/04/2008;-5,10;P
14/04/2008;-5,39;P
15/04/2008;-5,20;P
16/04/2008;-5,21;P
17/04/2008;-5,42;P
18/04/2008;-5,22;P
19/04/2008;-3,60;P
20/04/2008;-4,47;P
21/04/2008;-4,96;P
22/04/2008;-4,59;P
23/04/2008;-4,46;P
24/04/2008;-4,85;P
25/04/2008;-5,09;P
26/04/2008;-5,41;P
27/04/2008;-5,55;P
28/04/2008;-5,87;P
29/04/2008;-5,56;P
30/04/2008;-5,76;P
01/05/2008;-5,67;P
02/05/2008;-6,06;P
03/05/2008;-5,77;P
04/05/2008;-6,17;P
05/05/2008;-6,21;P
06/05/2008;-6,01;P
07/05/2008;-6,24;P
08/05/2008;-6,06;P
09/05/2008;-6,29;P
10/05/2008;-6,23;P
11/05/2008;-6,39;P
12/05/2008;-6,41;P
13/05/2008;-6,28;P
14/05/2008;-6,40;P
15/05/2008;-6,41;P
16/05/2008;-6,42;P
17/05/2008;-6,32;P
18/05/2008;-6,23;P
19/05/2008;-6,14;P
20/05/2008;-5,54;P
21/05/2008;-5,61;P
22/05/2008;-5,57;P
23/05/2008;-5,45;P
24/05/2008;-5,82;P
25/05/2008;-5,92;P
26/05/2008;-6,11;P
27/05/2008;-6,22;P
28/05/2008;-6,18;P
29/05/2008;-6,19;P
30/05/2008;-6,12;P
31/05/2008;-5,96;P
01/06/2008;-6,16;P
02/06/2008;-6,18;P
03/06/2008;-6,26;P
04/06/2008;-6,20;P
05/06/2008;-6,29;P
06/06/2008;-6,30;P
07/06/2008;-6,13;P
08/06/2008;-6,09;P
09/06/2008;-5,57;P
10/06/2008;-5,97;P
11/06/2008;-6,21;P
12/06/2008;-5,92;P
13/06/2008;-5,75;P
14/06/2008;-5,16;P
15/06/2008;-5,42;P
16/06/2008;-5,79;P
17/06/2008;-5,81;P
18/06/2008;-5,93;P
19/06/2008;-6,05;P
20/06/2008;-6,11;P
21/06/2008;-6,14;P
22/06/2008;-6,08;P
23/06/2008;-6,26;P
24/06/2008;-6,24;P
25/06/2008;-6,31;P
26/06/2008;-6,33;P
27/06/2008;-6,44;P
28/06/2008;-6,55;P
29/06/2008;-6,61;P
30/06/2008;-6,57;P
01/07/2008;-6,64;P
02/07/2008;-6,66;P
03/07/2008;-6,65;P
04/07/2008;-6,63;P
05/07/2008;-6,66;P
06/07/2008;-6,71;P
07/07/2008;-6,70;P
08/07/2008;-6,68;P
09/07/2008;-6,70;P
10/07/2008;-6,72;P
11/07/2008;-6,75;P
12/07/2008;-6,78;P
13/07/2008;-6,55;P
14/07/2008;-6,43;P
15/07/2008;-6,63;P
16/07/2008;-6,69;P
17/07/2008;-6,70;P
18/07/2008;-6,71;P
19/07/2008;-6,74;P
20/07/2008;-6,75;P
21/07/2008;-6,75;P
22/07/2008;-6,76;P
23/07/2008;-6,78;P
24/07/2008;-6,75;P
25/07/2008;-6,75;P
26/07/2008;-6,78;P
27/07/2008;-6,81;P
28/07/2008;-6,77;P
29/07/2008;-6,76;P
30/07/2008;-6,75;P
31/07/2008;-6,78;P
01/08/2008;-6,80;P
02/08/2008;-6,81;P
03/08/2008;-6,82;P
04/08/2008;-6,79;P
05/08/2008;-6,79;P
06/08/2008;-6,82;P
07/08/2008;-6,80;P
08/08/2008;-6,82;P
09/08/2008;-6,85;P
10/08/2008;-6,87;P
11/08/2008;-6,86;P
12/08/2008;-6,83;P
13/08/2008;-6,82;P
14/08/2008;-6,83;P
15/08/2008;-6,82;P
16/08/2008;-6,61;P
17/08/2008;-6,66;P
18/08/2008;-6,71;P
19/08/2008;-6,79;P
20/08/2008;-6,80;P
21/08/2008;-6,80;P
22/08/2008;-6,80;P
23/08/2008;-6,80;P
24/08/2008;-6,73;P
25/08/2008;-6,75;P
26/08/2008;-6,81;P
27/08/2008;-6,82;P
28/08/2008;-6,83;P
29/08/2008;-6,83;P
30/08/2008;-6,82;P
31/08/2008;-6,83;P
01/09/2008;-6,83;P
02/09/2008;-6,83;P
03/09/2008;-6,80;P
04/09/2008;-6,78;P
05/09/2008;-6,79;P
06/09/2008;-6,79;P
07/09/2008;-6,81;P
08/09/2008;-6,81;P
09/09/2008;-6,80;P
10/09/2008;-6,79;P
11/09/2008;-6,81;P
12/09/2008;-6,78;P
13/09/2008;-6,26;P
14/09/2008;-6,22;P
15/09/2008;-6,38;P
16/09/2008;-6,49;P
17/09/2008;-6,66;P
18/09/2008;-6,72;P
19/09/2008;-6,69;P
20/09/2008;-6,70;P
21/09/2008;-6,75;P
22/09/2008;-6,74;P
23/09/2008;-6,74;P
24/09/2008;-6,78;P
25/09/2008;-6,79;P
26/09/2008;-6,76;P
27/09/2008;-6,77;P
28/09/2008;-6,81;P
29/09/2008;-6,82;P
30/09/2008;-6,78;P
01/10/2008;-6,76;P
02/10/2008;-6,73;P
03/10/2008;-6,76;P
04/10/2008;-6,73;P
05/10/2008;-6,78;P
06/10/2008;-6,78;P
07/10/2008;-6,76;P
08/10/2008;-6,76;P
09/10/2008;-6,80;P
10/10/2008;-6,80;P
11/10/2008;-6,80;P
12/10/2008;-6,81;P
13/10/2008;-6,82;P
14/10/2008;-6,79;P
15/10/2008;-6,79;P
16/10/2008;-6,76;P
17/10/2008;-6,77;P
18/10/2008;-6,78;P
19/10/2008;-6,81;P
20/10/2008;-6,83;P
21/10/2008;-6,79;P
22/10/2008;-6,77;P
23/10/2008;-6,77;P
24/10/2008;-6,77;P
25/10/2008;-6,78;P
26/10/2008;-6,81;P
27/10/2008;-6,79;P
28/10/2008;-6,71;P
29/10/2008;-5,86;P
30/10/2008;-5,91;P
31/10/2008;-5,83;P
01/11/2008;-5,64;P
02/11/2008;-6,12;P
03/11/2008;-6,37;P
04/11/2008;-6,12;P
05/11/2008;-5,65;P
06/11/2008;-5,95;P
07/11/2008;-6,37;P
08/11/2008;-6,50;P
09/11/2008;-6,59;P
10/11/2008;-6,64;P
11/11/2008;-6,65;P
12/11/2008;-6,56;P
13/11/2008;-5,22;P
14/11/2008;-5,59;P
15/11/2008;-6,13;P
16/11/2008;-6,17;P
17/11/2008;-6,33;P
18/11/2008;-6,37;P
19/11/2008;-6,48;P
20/11/2008;-6,50;P
21/11/2008;-6,43;P
22/11/2008;-6,37;P
23/11/2008;-6,54;P
24/11/2008;-6,41;P
25/11/2008;-5,92;P
26/11/2008;-5,90;P
27/11/2008;-6,19;P
28/11/2008;-5,77;P
29/11/2008;-3,96;P
30/11/2008;-2,75;P
01/12/2008;-0,53;P
02/12/2008;-1,47;P
03/12/2008;-2,83;P
04/12/2008;-4,19;P
05/12/2008;-3,95;P
06/12/2008;-0,41;P
07/12/2008;-3,01;P
08/12/2008;-4,20;P
09/12/2008;-4,85;P
10/12/2008;-5,21;P
11/12/2008;0,01;P
12/12/2008;-1,02;P
13/12/2008;-2,34;P
14/12/2008;-3,42;P
15/12/2008;-3,94;P
16/12/2008;-3,17;P
17/12/2008;-3,20;P
18/12/2008;-4,03;P
19/12/2008;-4,34;P
20/12/2008;-4,60;P
21/12/2008;-5,02;P
22/12/2008;-5,56;P
23/12/2008;-5,58;P
24/12/2008;-5,43;P
25/12/2008;-5,33;P
26/12/2008;-5,60;P
27/12/2008;-5,69;P
28/12/2008;-5,89;P
29/12/2008;-6,08;P
30/12/2008;-5,80;P
31/12/2008;-5,81;P
01/01/2009;-5,44;V
02/01/2009;-5,31;V
03/01/2009;-5,52;V
04/01/2009;-5,33;V
05/01/2009;-5,73;V
06/01/2009;-5,71;V
07/01/2009;-5,80;V
08/01/2009;-5,45;V
09/01/2009;-5,57;V
10/01/2009;-5,57;V
11/01/2009;-5,60;V
12/01/2009;-5,65;V
13/01/2009;-5,92;V
14/01/2009;-5,94;V
15/01/2009;-5,75;V
16/01/2009;-5,76;V
17/01/2009;-5,78;V
18/01/2009;-5,86;V
19/01/2009;-5,81;V
20/01/2009;-5,06;V
21/01/2009;-2,27;V
22/01/2009;-3,83;V
23/01/2009;-4,49;V
24/01/2009;-4,19;V
25/01/2009;-3,03;V
26/01/2009;-3,75;V
27/01/2009;-3,47;V
28/01/2009;-4,07;V
29/01/2009;-4,76;V
30/01/2009;-5,04;V
31/01/2009;-5,45;V
01/02/2009;-5,44;V
02/02/2009;-5,13;V
03/02/2009;-2,14;V
04/02/2009;-1,63;V
05/02/2009;-3,08;V
06/02/2009;-2,95;V
07/02/2009;-1,78;V
08/02/2009;-1,43;V
09/02/2009;-2,49;V
10/02/2009;-3,60;V
11/02/2009;-3,77;V
12/02/2009;-4,32;V
13/02/2009;-4,73;V
14/02/2009;-4,99;V
15/02/2009;-5,29;V
16/02/2009;-5,19;V
17/02/2009;-5,26;V
18/02/2009;-5,38;V
19/02/2009;-5,50;V
20/02/2009;-5,52;V
21/02/2009;-5,55;V
22/02/2009;-5,60;V
23/02/2009;-5,69;V
24/02/2009;-5,81;V
25/02/2009;-5,99;V
26/02/2009;-5,74;V
27/02/2009;-5,85;V
28/02/2009;-5,82;V
01/03/2009;-5,75;V
02/03/2009;-5,92;V
03/03/2009;-5,62;V
04/03/2009;-4,50;V
05/03/2009;1,21;V
06/03/2009;-0,39;V
07/03/2009;-2,96;V
08/03/2009;-4,07;V
09/03/2009;-4,35;V
10/03/2009;-4,89;V
11/03/2009;-5,26;V
12/03/2009;-5,42;V
13/03/2009;-5,25;V
14/03/2009;-5,38;V
15/03/2009;-5,53;V
16/03/2009;-5,64;V
17/03/2009;-5,63;V
18/03/2009;-5,68;V
19/03/2009;-5,69;V
20/03/2009;-5,65;V
21/03/2009;-5,75;V
22/03/2009;-5,77;V
23/03/2009;-5,88;V
24/03/2009;-5,74;V
25/03/2009;-5,70;V
26/03/2009;-5,87;V
27/03/2009;-5,87;V
28/03/2009;-5,81;V
29/03/2009;-4,51;V
30/03/2009;-1,47;V
31/03/2009;-3,40;V
01/04/2009;-2,74;V
02/04/2009;-2,59;V
03/04/2009;-3,62;V
04/04/2009;-4,18;V
05/04/2009;-4,50;V
06/04/2009;-4,56;V
07/04/2009;-5,37;V
08/04/2009;-5,47;V
09/04/2009;-5,30;V
10/04/2009;-5,26;V
11/04/2009;-5,28;V
12/04/2009;-5,43;V
13/04/2009;-5,66;V
14/04/2009;-5,62;V
15/04/2009;-5,71;V
16/04/2009;-5,71;V
17/04/2009;-5,59;V
18/04/2009;-5,72;V
19/04/2009;-5,72;V
20/04/2009;-5,10;V
21/04/2009;-5,31;V
22/04/2009;-5,54;V
23/04/2009;-5,54;V
24/04/2009;-5,44;V
25/04/2009;-5,70;V
26/04/2009;-5,77;V
27/04/2009;-5,56;V
28/04/2009;-5,85;V
29/04/2009;-5,96;V
30/04/2009;-5,60;V
01/05/2009;-5,65;V
02/05/2009;-5,65;V
03/05/2009;-5,48;V
04/05/2009;-5,69;V
05/05/2009;-5,72;V
06/05/2009;-5,86;V
07/05/2009;-5,94;V
08/05/2009;-6,02;V
09/05/2009;-6,05;V
10/05/2009;-6,10;V
11/05/2009;-6,27;V
12/05/2009;-6,11;V
13/05/2009;-6,11;V
14/05/2009;-6,31;V
15/05/2009;-6,35;V
16/05/2009;-5,98;V
17/05/2009;-6,08;V
18/05/2009;-6,14;V
19/05/2009;-6,23;V
20/05/2009;-6,43;V
21/05/2009;-6,46;V
22/05/2009;-6,49;V
23/05/2009;-6,50;V
24/05/2009;-6,52;V
25/05/2009;-6,55;V
26/05/2009;-6,55;V
27/05/2009;-6,56;V
28/05/2009;-6,59;V
29/05/2009;-6,59;V
30/05/2009;-6,61;V
31/05/2009;-6,60;V
01/06/2009;-6,36;V
02/06/2009;-6,22;V
03/06/2009;-6,20;V
04/06/2009;-6,24;V
05/06/2009;-6,34;V
06/06/2009;-6,48;V
07/06/2009;-6,37;V
08/06/2009;-6,25;V
09/06/2009;-6,36;V
10/06/2009;-6,42;V
11/06/2009;-6,41;V
12/06/2009;-6,53;V
13/06/2009;-6,56;V
14/06/2009;-6,58;V
15/06/2009;-6,65;V
16/06/2009;-6,66;V
17/06/2009;-6,66;V
18/06/2009;-6,70;V
19/06/2009;-6,66;V
20/06/2009;-6,49;V
21/06/2009;-6,56;V
22/06/2009;-6,61;V
23/06/2009;-6,62;V
24/06/2009;-6,59;V
25/06/2009;-6,65;V
26/06/2009;-6,66;V
27/06/2009;-6,34;V
28/06/2009;-6,44;V
29/06/2009;-6,51;V
30/06/2009;-6,46;V
01/07/2009;-6,55;V
02/07/2009;-6,52;V
03/07/2009;-6,48;V
04/07/2009;-6,48;V
05/07/2009;-6,60;V
06/07/2009;-6,34;V
07/07/2009;-6,21;V
08/07/2009;-6,47;V
09/07/2009;-6,61;V
10/07/2009;-6,68;V
11/07/2009;-6,70;V
12/07/2009;-6,71;V
13/07/2009;-6,69;V
14/07/2009;-6,70;V
15/07/2009;-6,72;V
16/07/2009;-6,75;V
17/07/2009;-6,75;V
18/07/2009;-6,78;V
19/07/2009;-6,79;V
20/07/2009;-6,78;V
21/07/2009;-6,76;V
22/07/2009;-6,75;V
23/07/2009;-6,74;V
24/07/2009;-6,76;V
25/07/2009;-6,77;V
26/07/2009;-6,81;V
27/07/2009;-6,81;V
28/07/2009;-6,80;V
29/07/2009;-6,80;V
30/07/2009;-6,79;V
31/07/2009;-6,79;V
01/08/2009;-6,79;V
02/08/2009;-6,79;V
03/08/2009;-6,76;V
04/08/2009;-6,70;V
05/08/2009;-6,70;V
06/08/2009;-6,75;V
07/08/2009;-6,76;V
08/08/2009;-6,78;V
09/08/2009;-6,69;V
10/08/2009;-6,68;V
11/08/2009;-6,72;V
12/08/2009;-6,73;V
13/08/2009;-6,73;V
14/08/2009;-6,76;V
15/08/2009;-6,77;V
16/08/2009;-6,79;V
17/08/2009;-6,78;V
18/08/2009;-6,77;V
19/08/2009;-6,72;V
20/08/2009;-6,47;V
21/08/2009;-6,70;V
22/08/2009;-6,79;V
23/08/2009;-6,80;V
24/08/2009;-6,82;V
25/08/2009;-6,81;V
26/08/2009;-6,82;V
27/08/2009;-6,82;V
28/08/2009;-6,82;V
29/08/2009;-6,80;V
30/08/2009;-6,81;V
31/08/2009;-6,83;V
01/09/2009;-6,82;V
02/09/2009;-6,79;V
03/09/2009;-6,77;V
04/09/2009;-6,71;V
05/09/2009;-6,76;V
06/09/2009;-6,81;V
07/09/2009;-6,84;V
08/09/2009;-6,83;V
09/09/2009;-6,82;V
10/09/2009;-6,81;V
11/09/2009;-6,81;V
12/09/2009;-6,79;V
13/09/2009;-6,81;V
14/09/2009;-6,72;V
15/09/2009;-6,40;V
16/09/2009;-6,44;V
17/09/2009;-6,36;V
18/09/2009;-6,44;V
19/09/2009;-6,64;V
20/09/2009;-6,69;V
21/09/2009;-6,46;V
22/09/2009;-6,55;V
23/09/2009;-6,66;V
24/09/2009;-6,69;V
25/09/2009;-6,72;V
26/09/2009;-6,74;V
27/09/2009;-6,75;V
28/09/2009;-6,78;V
29/09/2009;-6,75;V
30/09/2009;-6,74;V
01/10/2009;-6,73;V
02/10/2009;-6,71;V
03/10/2009;-6,74;V
04/10/2009;-6,75;V
05/10/2009;-6,76;V
06/10/2009;-6,73;V
07/10/2009;-6,74;V
08/10/2009;-6,71;V
09/10/2009;-6,70;V
10/10/2009;-6,56;V
11/10/2009;-6,61;V
12/10/2009;-6,64;V
13/10/2009;-6,35;V
14/10/2009;-6,61;V
15/10/2009;-6,73;V
16/10/2009;-6,75;V
17/10/2009;-6,73;V
18/10/2009;-6,76;V
19/10/2009;-6,78;V
20/10/2009;-6,77;V
21/10/2009;-6,74;V
22/10/2009;-6,67;V
23/10/2009;-6,29;V
24/10/2009;-6,17;V
25/10/2009;-6,52;V
26/10/2009;-6,64;V
27/10/2009;-6,69;V
28/10/2009;-6,73;V
29/10/2009;-6,74;V
30/10/2009;-6,75;V
31/10/2009;-6,77;V
01/11/2009;-6,80;V
02/11/2009;-6,73;V
03/11/2009;-6,43;V
04/11/2009;-6,50;V
05/11/2009;-6,22;V
06/11/2009;-6,39;V
07/11/2009;-6,16;V
08/11/2009;-5,97;V
09/11/2009;-5,72;V
10/11/2009;-5,99;V
11/11/2009;-5,78;V
12/11/2009;-6,21;V
13/11/2009;-6,40;V
14/11/2009;-6,48;V
15/11/2009;-6,61;V
16/11/2009;-6,68;V
17/11/2009;-6,53;V
18/11/2009;-6,65;V
19/11/2009;-6,70;V
20/11/2009;-6,71;V
21/11/2009;-6,72;V
22/11/2009;-6,73;V
23/11/2009;-6,74;V
24/11/2009;-6,72;V
25/11/2009;-6,73;V
26/11/2009;-6,73;V
27/11/2009;-6,72;V
28/11/2009;-6,67;V
29/11/2009;-6,67;V
30/11/2009;-6,60;V
01/12/2009;-5,25;V
02/12/2009;-5,63;V
03/12/2009;-5,33;V
04/12/2009;-5,65;V
05/12/2009;-5,35;V
06/12/2009;-5,76;V
07/12/2009;-5,43;V
08/12/2009;-5,57;V
09/12/2009;-5,86;V
10/12/2009;-6,16;V
11/12/2009;-6,33;V
12/12/2009;-6,41;V
13/12/2009;-6,48;V
14/12/2009;-6,51;V
15/12/2009;-6,52;V
16/12/2009;-6,55;V
17/12/2009;-6,43;V
18/12/2009;-6,34;V
19/12/2009;-6,44;V
20/12/2009;-6,48;V
21/12/2009;-6,55;V
22/12/2009;-4,86;V
23/12/2009;-0,02;V
24/12/2009;-1,49;V
25/12/2009;0,14;V
26/12/2009;-1,53;V
27/12/2009;-3,65;V
28/12/2009;-4,56;V
29/12/2009;-4,97;V
30/12/2009;-4,67;V
31/12/2009;-3,52;V
01/01/2010;0,92;V
02/01/2010;0,94;V
03/01/2010;-2,36;V
04/01/2010;-3,79;V
05/01/2010;-3,17;V
06/01/2010;1,59;V
07/01/2010;0,60;V
08/01/2010;-1,48;V
09/01/2010;-0,58;V
10/01/2010;-0,48;V
11/01/2010;-2,37;V
12/01/2010;-3,58;V
13/01/2010;-4,09;V
14/01/2010;-4,66;V
15/01/2010;-4,89;V
16/01/2010;-5,15;V
17/01/2010;-5,07;V
18/01/2010;-5,49;V
19/01/2010;-5,33;V
20/01/2010;-5,40;V
21/01/2010;-5,32;V
22/01/2010;-5,75;V
23/01/2010;-5,55;V
24/01/2010;-5,72;V
25/01/2010;-5,79;V
26/01/2010;-5,64;V
27/01/2010;-5,82;V
28/01/2010;-5,83;V
29/01/2010;-5,85;V
30/01/2010;-5,45;V
31/01/2010;-5,18;V
01/02/2010;-5,56;V
02/02/2010;-5,47;V
03/02/2010;-5,67;V
04/02/2010;-5,74;V
05/02/2010;-5,88;V
06/02/2010;-3,35;V
07/02/2010;-3,69;V
08/02/2010;-4,21;V
09/02/2010;-4,64;V
10/02/2010;-5,07;V
11/02/2010;-5,12;V
12/02/2010;-5,16;V
13/02/2010;-5,08;V
14/02/2010;-5,13;V
15/02/2010;-4,74;V
16/02/2010;-5,05;V
17/02/2010;-5,55;V
18/02/2010;-4,39;V
19/02/2010;-3,15;V
20/02/2010;-0,55;V
21/02/2010;-2,35;V
22/02/2010;-3,73;V
23/02/2010;-2,84;V
24/02/2010;-1,95;V
25/02/2010;-3,06;V
26/02/2010;-3,52;V
27/02/2010;-3,38;V
28/02/2010;-4,20;V
01/03/2010;-4,39;V
02/03/2010;-4,27;V
03/03/2010;-4,76;V
04/03/2010;-3,32;V
05/03/2010;-3,26;V
06/03/2010;-4,13;V
07/03/2010;-4,52;V
08/03/2010;-5,09;V
09/03/2010;-5,07;V
10/03/2010;-4,96;V
11/03/2010;-4,71;V
12/03/2010;-4,57;V
13/03/2010;-4,61;V
14/03/2010;-4,75;V
15/03/2010;-4,96;V
16/03/2010;-5,07;V
17/03/2010;-5,15;V
18/03/2010;-5,21;V
19/03/2010;-5,28;V
20/03/2010;-5,31;V
21/03/2010;-5,29;V
22/03/2010;-5,25;V
23/03/2010;-5,49;V
24/03/2010;-5,73;V
25/03/2010;-5,48;V
26/03/2010;-5,51;V
27/03/2010;-5,52;V
28/03/2010;-5,54;V
29/03/2010;-5,89;V
30/03/2010;-5,59;V
31/03/2010;-5,65;V
01/04/2010;-5,71;V
02/04/2010;-5,62;V
03/04/2010;-5,51;V
04/04/2010;-5,62;V
05/04/2010;-2,18;V
06/04/2010;-2,37;V
07/04/2010;-4,01;V
08/04/2010;-4,53;V
09/04/2010;-5,18;V
10/04/2010;-5,40;V
11/04/2010;-5,16;V
12/04/2010;-5,00;V
13/04/2010;-5,11;V
14/04/2010;-5,49;V
15/04/2010;-5,60;V
16/04/2010;-5,88;V
17/04/2010;-5,62;V
18/04/2010;-5,85;V
19/04/2010;-5,65;V
20/04/2010;-5,70;V
21/04/2010;-5,55;V
22/04/2010;-5,55;V
23/04/2010;-5,47;V
24/04/2010;-5,12;V
25/04/2010;-5,47;V
26/04/2010;-5,48;V
27/04/2010;-5,59;V
28/04/2010;-5,83;V
29/04/2010;-5,77;V
30/04/2010;-5,85;V
01/05/2010;-5,71;V
02/05/2010;-5,87;V
03/05/2010;-4,27;V
04/05/2010;-4,14;V
05/05/2010;-3,18;V
06/05/2010;-3,62;V
07/05/2010;-3,21;V
08/05/2010;-3,63;V
09/05/2010;-4,35;V
10/05/2010;-4,73;V
11/05/2010;-4,77;V
12/05/2010;-4,36;V
13/05/2010;-3,74;V
14/05/2010;-4,23;V
15/05/2010;-4,07;V
16/05/2010;-2,97;V
17/05/2010;-3,26;V
18/05/2010;-3,98;V
19/05/2010;-4,35;V
20/05/2010;-4,44;V
21/05/2010;-4,94;V
22/05/2010;-5,32;V
23/05/2010;-5,42;V
24/05/2010;-5,75;V
25/05/2010;-5,61;V
26/05/2010;-5,69;V
27/05/2010;-5,74;V
28/05/2010;-5,79;V
29/05/2010;-5,76;V
30/05/2010;-5,79;V
31/05/2010;-5,96;V
01/06/2010;-6,00;V
02/06/2010;-5,97;V
03/06/2010;-5,85;V
04/06/2010;-5,88;V
05/06/2010;-6,05;V
06/06/2010;-5,90;V
07/06/2010;-6,12;V
08/06/2010;-6,23;V
09/06/2010;-6,16;V
10/06/2010;-6,20;V
11/06/2010;-6,20;V
12/06/2010;-6,22;V
13/06/2010;-6,27;V
14/06/2010;-6,37;V
15/06/2010;-6,26;V
16/06/2010;-5,88;V
17/06/2010;-5,82;V
18/06/2010;-5,73;V
19/06/2010;-5,70;V
20/06/2010;-5,15;V
21/06/2010;-4,80;V
22/06/2010;-5,64;V
23/06/2010;-5,82;V
24/06/2010;-5,99;V
25/06/2010;-6,20;V
26/06/2010;-6,16;V
27/06/2010;-6,25;V
28/06/2010;-6,27;V
29/06/2010;-6,25;V
30/06/2010;-6,28;V
01/07/2010;-6,32;V
02/07/2010;-6,39;V
03/07/2010;-6,41;V
04/07/2010;-6,44;V
05/07/2010;-6,52;V
06/07/2010;-6,48;V
07/07/2010;-6,40;V
08/07/2010;-6,37;V
09/07/2010;-6,42;V
10/07/2010;-6,43;V
11/07/2010;-6,53;V
12/07/2010;-6,58;V
13/07/2010;-6,59;V
14/07/2010;-6,60;V
15/07/2010;-6,62;V
16/07/2010;-6,63;V
17/07/2010;-6,63;V
18/07/2010;-6,64;V
19/07/2010;-6,66;V
20/07/2010;-6,65;V
21/07/2010;-6,65;V
22/07/2010;-6,63;V
23/07/2010;-6,63;V
24/07/2010;-6,66;V
25/07/2010;-6,68;V
26/07/2010;-6,70;V
27/07/2010;-6,70;V
28/07/2010;-6,63;V
29/07/2010;-6,41;V
30/07/2010;-5,52;V
31/07/2010;-6,27;V
01/08/2010;-6,54;V
02/08/2010;-6,61;V
03/08/2010;-6,61;V
04/08/2010;-6,63;V
05/08/2010;-6,49;V
06/08/2010;-5,77;V
07/08/2010;-6,29;V
08/08/2010;-6,51;V
09/08/2010;-6,57;V
10/08/2010;-6,59;V
11/08/2010;-6,60;V
12/08/2010;-6,59;V
13/08/2010;-6,52;V
14/08/2010;-6,20;V
15/08/2010;-5,79;V
16/08/2010;-6,24;V
17/08/2010;-6,47;V
18/08/2010;-6,54;V
19/08/2010;-6,55;V
20/08/2010;-6,57;V
21/08/2010;-6,57;V
22/08/2010;-6,59;V
23/08/2010;-6,61;V
24/08/2010;-6,62;V
25/08/2010;-6,64;V
26/08/2010;-6,64;V
27/08/2010;-6,64;V
28/08/2010;-6,64;V
29/08/2010;-6,67;V
30/08/2010;-6,68;V
31/08/2010;-6,63;V
01/09/2010;-6,64;V
02/09/2010;-6,65;V
03/09/2010;-6,64;V
04/09/2010;-6,64;V
05/09/2010;-6,67;V
06/09/2010;-6,68;V
07/09/2010;-6,65;V
08/09/2010;-6,42;V
09/09/2010;-6,09;V
10/09/2010;-6,51;V
11/09/2010;-6,63;V
12/09/2010;-6,66;V
13/09/2010;-6,64;V
14/09/2010;-6,34;V
15/09/2010;-6,50;V
16/09/2010;-6,59;V
17/09/2010;-6,59;V
18/09/2010;-6,57;V
19/09/2010;-4,81;V
20/09/2010;-5,89;V
21/09/2010;-6,21;V
22/09/2010;-6,52;V
23/09/2010;-6,62;V
24/09/2010;-6,25;V
25/09/2010;-6,26;V
26/09/2010;-6,29;V
27/09/2010;-6,47;V
28/09/2010;-6,56;V
29/09/2010;-6,53;V
30/09/2010;-6,58;V
01/10/2010;-6,59;V
02/10/2010;-6,52;V
03/10/2010;-6,62;V
04/10/2010;-6,61;V
05/10/2010;-5,00;V
06/10/2010;-5,81;V
07/10/2010;-6,33;V
08/10/2010;-6,29;V
09/10/2010;-6,54;V
10/10/2010;-6,59;V
11/10/2010;-6,61;V
12/10/2010;-6,61;V
13/10/2010;-6,62;V
14/10/2010;-6,63;V
15/10/2010;-6,63;V
16/10/2010;-6,62;V
17/10/2010;-5,86;V
18/10/2010;-6,07;V
19/10/2010;-6,40;V
20/10/2010;-6,53;V
21/10/2010;-6,53;V
22/10/2010;-6,61;V
23/10/2010;-6,58;V
24/10/2010;-6,55;V
25/10/2010;-6,03;V
26/10/2010;-5,65;V
27/10/2010;-6,26;V
28/10/2010;-6,44;V
29/10/2010;-6,52;V
30/10/2010;-6,39;V
31/10/2010;-6,19;V
01/11/2010;-4,10;V
02/11/2010;-3,42;V
03/11/2010;-4,67;V
04/11/2010;-5,26;V
05/11/2010;-5,58;V
06/11/2010;-5,70;V
07/11/2010;-5,71;V
08/11/2010;-3,98;V
09/11/2010;-2,20;V
10/11/2010;-0,42;V
11/11/2010;-1,50;V
12/11/2010;-3,44;V
13/11/2010;-4,13;V
14/11/2010;-5,02;V
15/11/2010;-5,33;V
16/11/2010;-4,79;V
17/11/2010;-4,63;V
18/11/2010;-4,84;V
19/11/2010;-3,19;V
20/11/2010;-3,18;V
21/11/2010;-3,82;V
22/11/2010;-0,61;V
23/11/2010;-1,10;V
24/11/2010;-3,20;V
25/11/2010;-4,04;V
26/11/2010;-3,23;V
27/11/2010;-3,88;V
28/11/2010;-3,84;V
29/11/2010;-0,90;V
30/11/2010;-2,74;V
01/12/2010;-2,11;V
02/12/2010;-0,09;V
03/12/2010;-0,64;V
04/12/2010;-1,57;V
05/12/2010;-2,96;V
06/12/2010;-3,63;V
07/12/2010;-2,55;V
08/12/2010;-3,03;V
09/12/2010;-3,23;V
10/12/2010;-3,79;V
11/12/2010;-4,38;V
12/12/2010;-4,92;V
13/12/2010;-5,13;V
14/12/2010;-5,15;V
15/12/2010;-5,21;V
16/12/2010;-5,35;V
17/12/2010;-5,51;V
18/12/2010;-5,26;V
19/12/2010;-5,28;V
20/12/2010;-4,80;V
21/12/2010;-4,20;V
22/12/2010;-1,80;V
23/12/2010;0,18;V
24/12/2010;0,48;V
25/12/2010;2,39;V
26/12/2010;-1,45;V
27/12/2010;-3,24;V
28/12/2010;-3,82;V
29/12/2010;-4,17;V
30/12/2010;-4,46;V
31/12/2010;-4,75;V
01/01/2011;-5,20;V
02/01/2011;-5,20;V
03/01/2011;-5,22;V
04/01/2011;-5,14;V
05/01/2011;-5,39;V
06/01/2011;-5,43;V
07/01/2011;-5,24;V
08/01/2011;-5,27;V
09/01/2011;-5,33;V
10/01/2011;;@
11/01/2011;-5,11;V
12/01/2011;-4,84;V
13/01/2011;-5,12;V
14/01/2011;-5,33;V
15/01/2011;-5,48;V
16/01/2011;-5,55;V
17/01/2011;-5,57;V
18/01/2011;-5,60;V
19/01/2011;-5,62;V
20/01/2011;-5,58;V
21/01/2011;-5,53;V
22/01/2011;-5,72;V
23/01/2011;-5,76;V
24/01/2011;-5,78;V
25/01/2011;-5,76;V
26/01/2011;-6,00;V
27/01/2011;-5,81;V
28/01/2011;-5,93;V
29/01/2011;-5,91;V
30/01/2011;-5,82;V
31/01/2011;-5,17;V
01/02/2011;-5,18;V
02/02/2011;-5,62;V
03/02/2011;-5,68;V
04/02/2011;-5,83;V
05/02/2011;-5,85;V
06/02/2011;-5,84;V
07/02/2011;-5,81;V
08/02/2011;-5,86;V
09/02/2011;-5,88;V
10/02/2011;-5,84;V
11/02/2011;-5,90;V
12/02/2011;-5,92;V
13/02/2011;-5,91;V
14/02/2011;-5,93;V
15/02/2011;-5,76;V
16/02/2011;-5,13;V
17/02/2011;-2,72;V
18/02/2011;-2,31;V
19/02/2011;-3,79;V
20/02/2011;-4,58;V
21/02/2011;-4,39;V
22/02/2011;-4,84;V
23/02/2011;-4,87;V
24/02/2011;-5,14;V
25/02/2011;-5,39;V
26/02/2011;-5,50;V
27/02/2011;-5,66;V
28/02/2011;-5,36;V
01/03/2011;-5,37;V
02/03/2011;-5,67;V
03/03/2011;-5,55;V
04/03/2011;-5,75;V
05/03/2011;-5,73;V
06/03/2011;-5,65;V
07/03/2011;-5,69;V
08/03/2011;-5,75;V
09/03/2011;-5,71;V
10/03/2011;-5,76;V
11/03/2011;-5,73;V
12/03/2011;-5,71;V
13/03/2011;-5,56;V
14/03/2011;-4,23;V
15/03/2011;-3,23;V
16/03/2011;-1,41;V
17/03/2011;0,32;V
18/03/2011;-1,79;V
19/03/2011;-3,44;V
20/03/2011;-4,09;V
21/03/2011;-4,42;V
22/03/2011;-4,71;V
23/03/2011;-5,10;V
24/03/2011;-5,32;V
25/03/2011;-5,38;V
26/03/2011;-5,25;V
27/03/2011;-5,30;V
28/03/2011;-4,05;V
29/03/2011;-3,76;V
30/03/2011;-4,65;V
31/03/2011;-4,99;V
01/04/2011;-5,35;V
02/04/2011;-5,36;V
03/04/2011;-5,58;V
04/04/2011;-5,59;V
05/04/2011;-5,62;V
06/04/2011;-5,67;V
07/04/2011;-5,75;V
08/04/2011;-5,74;V
09/04/2011;-5,72;V
10/04/2011;-5,78;V
11/04/2011;-6,04;V
12/04/2011;-5,80;V
13/04/2011;-6,09;V
14/04/2011;-5,86;V
15/04/2011;-5,90;V
16/04/2011;-5,97;V
17/04/2011;-6,07;V
18/04/2011;-6,23;V
19/04/2011;-6,03;V
20/04/2011;-6,24;V
21/04/2011;-6,11;V
22/04/2011;-6,27;V
23/04/2011;-6,04;V
24/04/2011;-6,29;V
25/04/2011;-6,15;V
26/04/2011;-6,16;V
27/04/2011;-6,28;V
28/04/2011;-6,37;V
29/04/2011;-6,38;V
30/04/2011;-6,32;V
01/05/2011;-6,37;V
02/05/2011;-6,37;V
03/05/2011;-6,12;V
04/05/2011;-6,19;V
05/05/2011;-6,40;V
06/05/2011;-6,46;V
07/05/2011;-6,49;V
08/05/2011;-6,50;V
09/05/2011;-6,53;V
10/05/2011;-6,56;V
11/05/2011;-6,55;V
12/05/2011;-6,55;V
13/05/2011;-6,55;V
14/05/2011;-6,57;V
15/05/2011;-6,42;V
16/05/2011;-6,37;V
17/05/2011;-6,42;V
18/05/2011;-6,57;V
19/05/2011;-6,59;V
20/05/2011;-6,59;V
21/05/2011;-6,55;V
22/05/2011;-6,61;V
23/05/2011;-6,63;V
24/05/2011;-6,64;V
25/05/2011;-6,64;V
26/05/2011;-6,63;V
27/05/2011;-6,64;V
28/05/2011;-6,68;V
29/05/2011;-6,70;V
30/05/2011;-6,72;V
31/05/2011;-6,70;V
01/06/2011;-6,68;V
02/06/2011;-6,65;V
03/06/2011;-6,67;V
04/06/2011;-6,62;V
05/06/2011;-6,45;V
06/06/2011;-5,23;V
07/06/2011;-6,02;V
08/06/2011;-5,36;V
09/06/2011;-5,51;V
10/06/2011;-6,12;V
11/06/2011;-6,17;V
12/06/2011;-6,41;V
13/06/2011;-6,43;V
14/06/2011;-6,46;V
15/06/2011;-6,48;V
16/06/2011;-6,56;V
17/06/2011;-6,60;V
18/06/2011;-6,61;V
19/06/2011;-6,64;V
20/06/2011;-6,67;V
21/06/2011;-6,67;V
22/06/2011;-6,68;V
23/06/2011;-6,68;V
24/06/2011;-6,68;V
25/06/2011;-6,67;V
26/06/2011;-6,74;V
27/06/2011;-6,74;V
28/06/2011;-6,72;V
29/06/2011;-6,72;V
30/06/2011;-6,73;V
01/07/2011;-6,68;V
02/07/2011;-6,25;V
03/07/2011;-6,59;V
04/07/2011;-6,70;V
05/07/2011;-6,73;V
06/07/2011;-6,74;V
07/07/2011;-6,76;V
08/07/2011;-6,77;V
09/07/2011;-6,78;V
10/07/2011;-6,80;V
11/07/2011;-6,81;V
12/07/2011;-6,81;V
13/07/2011;-6,81;V
14/07/2011;-6,79;V
15/07/2011;-6,81;V
16/07/2011;-6,83;V
17/07/2011;-6,83;V
18/07/2011;-6,75;V
19/07/2011;-6,75;V
20/07/2011;-6,63;V
21/07/2011;-6,69;V
22/07/2011;-6,77;V
23/07/2011;-6,81;V
24/07/2011;-6,78;V
25/07/2011;-6,72;V
26/07/2011;-6,76;V
27/07/2011;-6,76;V
28/07/2011;-6,66;V
29/07/2011;-6,70;V
30/07/2011;-6,72;V
31/07/2011;-6,78;V
01/08/2011;-6,82;V
02/08/2011;-6,78;V
03/08/2011;-6,80;V
04/08/2011;-6,82;V
05/08/2011;-6,82;V
06/08/2011;-6,82;V
07/08/2011;-6,83;V
08/08/2011;-6,83;V
09/08/2011;-6,80;V
10/08/2011;-6,84;V
11/08/2011;-6,88;V
12/08/2011;-6,88;V
13/08/2011;-6,88;V
14/08/2011;-6,88;V
15/08/2011;-6,87;V
16/08/2011;-6,87;V
17/08/2011;-6,87;V
18/08/2011;-6,88;V
19/08/2011;-6,88;V
20/08/2011;-6,89;V
21/08/2011;-6,88;V
22/08/2011;-6,88;V
23/08/2011;-6,88;V
24/08/2011;-6,89;V
25/08/2011;-6,88;V
26/08/2011;-6,89;V
27/08/2011;-6,89;V
28/08/2011;-6,91;V
29/08/2011;-6,90;V
30/08/2011;-6,88;V
31/08/2011;-6,88;V
01/09/2011;-6,88;V
02/09/2011;-6,88;V
03/09/2011;-6,86;V
04/09/2011;-6,84;V
05/09/2011;-6,65;V
06/09/2011;-6,68;V
07/09/2011;-6,80;V
08/09/2011;-6,84;V
09/09/2011;-6,84;V
10/09/2011;-6,82;V
11/09/2011;-6,86;V
12/09/2011;-6,86;V
13/09/2011;-6,86;V
14/09/2011;-6,87;V
15/09/2011;-6,86;V
16/09/2011;-6,87;V
17/09/2011;-6,87;V
18/09/2011;-6,86;V
19/09/2011;-6,67;V
20/09/2011;-6,65;V
21/09/2011;-6,80;V
22/09/2011;-6,83;V
23/09/2011;-6,86;V
24/09/2011;-6,86;V
25/09/2011;-6,86;V
26/09/2011;-6,59;V
27/09/2011;-6,79;V
28/09/2011;-6,84;V
29/09/2011;-6,86;V
30/09/2011;-6,86;V
01/10/2011;-6,87;V
02/10/2011;-6,88;V
03/10/2011;-6,89;V
04/10/2011;-6,88;V
05/10/2011;-6,86;V
06/10/2011;-6,85;V
07/10/2011;-6,85;V
08/10/2011;-6,70;V
09/10/2011;-6,83;V
10/10/2011;-6,88;V
11/10/2011;-6,86;V
12/10/2011;-6,84;V
13/10/2011;-6,84;V
14/10/2011;-6,86;V
15/10/2011;-6,88;V
16/10/2011;-6,89;V
17/10/2011;-6,90;V
18/10/2011;-6,88;V
19/10/2011;-6,85;V
20/10/2011;-6,69;V
21/10/2011;-6,54;V
22/10/2011;-6,78;V
23/10/2011;-6,84;V
24/10/2011;-6,85;V
25/10/2011;-6,77;V
26/10/2011;-5,60;V
27/10/2011;-6,05;V
28/10/2011;-6,58;V
29/10/2011;-6,72;V
30/10/2011;-6,78;V
31/10/2011;-6,81;V
01/11/2011;-6,82;V
02/11/2011;-6,82;V
03/11/2011;-6,82;V
04/11/2011;-6,78;V
05/11/2011;-6,78;V
06/11/2011;-6,78;V
07/11/2011;-6,69;V
08/11/2011;-6,38;V
09/11/2011;-6,50;V
10/11/2011;-6,72;V
11/11/2011;-6,80;V
12/11/2011;-6,84;V
13/11/2011;-6,87;V
14/11/2011;-6,88;V
15/11/2011;-6,85;V
16/11/2011;-6,85;V
17/11/2011;-6,85;V
18/11/2011;-6,86;V
19/11/2011;-6,87;V
20/11/2011;-6,88;V
21/11/2011;-6,89;V
22/11/2011;-6,86;V
23/11/2011;-6,88;V
24/11/2011;-6,90;V
25/11/2011;-6,91;V
26/11/2011;-6,89;V
27/11/2011;-6,88;V
28/11/2011;-6,89;V
29/11/2011;-6,87;V
30/11/2011;-6,87;V
01/12/2011;-6,84;V
02/12/2011;-6,74;V
03/12/2011;-6,73;V
04/12/2011;-6,72;V
05/12/2011;-6,41;V
06/12/2011;-5,83;V
07/12/2011;-6,33;V
08/12/2011;-6,19;V
09/12/2011;-6,61;V
10/12/2011;-6,64;V
11/12/2011;-6,43;V
12/12/2011;-5,92;V
13/12/2011;-5,48;V
14/12/2011;-5,76;V
15/12/2011;-5,85;V
16/12/2011;-6,06;V
17/12/2011;-4,82;V
18/12/2011;-5,39;V
19/12/2011;-5,78;V
20/12/2011;-6,08;V
21/12/2011;-6,43;V
22/12/2011;-6,54;V
23/12/2011;-6,60;V
24/12/2011;-6,44;V
25/12/2011;-6,52;V
26/12/2011;-6,57;V
27/12/2011;-6,61;V
28/12/2011;-6,67;V
29/12/2011;-6,55;V
30/12/2011;-6,50;V
31/12/2011;-6,61;V
01/01/2012;-6,68;V
02/01/2012;-6,68;V
03/01/2012;-6,22;V
04/01/2012;-6,20;V
05/01/2012;-6,17;V
06/01/2012;-6,37;V
07/01/2012;-6,17;V
08/01/2012;-6,28;V
09/01/2012;-6,31;V
10/01/2012;-6,43;V
11/01/2012;-6,45;V
12/01/2012;-6,47;V
13/01/2012;-6,52;V
14/01/2012;-6,53;V
15/01/2012;-6,60;V
16/01/2012;-6,45;V
17/01/2012;-6,62;V
18/01/2012;-6,70;V
19/01/2012;-6,69;V
20/01/2012;-6,69;V
21/01/2012;-6,67;V
22/01/2012;-6,66;V
23/01/2012;-6,70;V
24/01/2012;-6,58;V
25/01/2012;-6,52;V
26/01/2012;-6,50;V
27/01/2012;-6,49;V
28/01/2012;-6,49;V
29/01/2012;-6,63;V
30/01/2012;-6,72;V
31/01/2012;-6,73;V
01/02/2012;-6,70;V
02/02/2012;-6,68;V
03/02/2012;-6,72;V
04/02/2012;-6,74;V
05/02/2012;-6,74;V
06/02/2012;-6,76;V
07/02/2012;-6,75;V
08/02/2012;-6,76;V
09/02/2012;-6,77;V
10/02/2012;-6,77;V
11/02/2012;-6,77;V
12/02/2012;-6,76;V
13/02/2012;-6,77;V
14/02/2012;-6,77;V
15/02/2012;-6,76;V
16/02/2012;-6,78;V
17/02/2012;-6,77;V
18/02/2012;-6,76;V
19/02/2012;-6,70;V
20/02/2012;-6,53;V
21/02/2012;-6,43;V
22/02/2012;-6,51;V
23/02/2012;-6,59;V
24/02/2012;-6,45;V
25/02/2012;-6,55;V
26/02/2012;-6,57;V
27/02/2012;-6,59;V
28/02/2012;-6,58;V
29/02/2012;-6,51;V
01/03/2012;-6,37;V
02/03/2012;-6,46;V
03/03/2012;-6,46;V
04/03/2012;-6,42;V
05/03/2012;-6,39;V
06/03/2012;-6,24;V
07/03/2012;-6,19;V
08/03/2012;-6,36;V
09/03/2012;-6,40;V
10/03/2012;-6,41;V
11/03/2012;-6,61;V
12/03/2012;-6,58;V
13/03/2012;-6,59;V
14/03/2012;-6,60;V
15/03/2012;-6,60;V
16/03/2012;-6,69;V
17/03/2012;-6,57;V
18/03/2012;-6,60;V
19/03/2012;-6,69;V
20/03/2012;-6,50;V
21/03/2012;-6,59;V
22/03/2012;-6,65;V
23/03/2012;-6,72;V
24/03/2012;-6,66;V
25/03/2012;-6,68;V
26/03/2012;-6,75;V
27/03/2012;-6,62;V
28/03/2012;-6,70;V
29/03/2012;-6,68;V
30/03/2012;-6,68;V
31/03/2012;-6,71;V
01/04/2012;-6,77;V
02/04/2012;-6,79;V
03/04/2012;-6,71;V
04/04/2012;-6,65;V
05/04/2012;-6,73;V
06/04/2012;-6,74;V
07/04/2012;-6,72;V
08/04/2012;-6,62;V
09/04/2012;-6,42;V
10/04/2012;-6,53;V
11/04/2012;-6,13;V
12/04/2012;-4,97;V
13/04/2012;-5,27;V
14/04/2012;-5,32;V
15/04/2012;-5,10;V
16/04/2012;-5,40;V
17/04/2012;-5,61;V
18/04/2012;-5,69;V
19/04/2012;-5,77;V
20/04/2012;-5,22;V
21/04/2012;-3,78;V
22/04/2012;-4,19;V
23/04/2012;-4,90;V
24/04/2012;-5,18;V
25/04/2012;-5,27;V
26/04/2012;-5,38;V
27/04/2012;-5,40;V
28/04/2012;-5,62;V
29/04/2012;-6,10;V
30/04/2012;-6,23;V
01/05/2012;-6,23;V
02/05/2012;-6,16;V
03/05/2012;-6,30;V
04/05/2012;-6,17;V
05/05/2012;-6,30;V
06/05/2012;-6,06;V
07/05/2012;-4,19;V
08/05/2012;-4,37;V
09/05/2012;-5,42;V
10/05/2012;-5,77;V
11/05/2012;-5,89;V
12/05/2012;-6,00;V
13/05/2012;-6,22;V
14/05/2012;-6,17;V
15/05/2012;-6,36;V
16/05/2012;-6,43;V
17/05/2012;-6,48;V
18/05/2012;-6,51;V
19/05/2012;-6,54;V
20/05/2012;-6,43;V
21/05/2012;-5,47;V
22/05/2012;-4,99;V
23/05/2012;-5,39;V
24/05/2012;-5,82;V
25/05/2012;-6,12;V
26/05/2012;-6,16;V
27/05/2012;-6,16;V
28/05/2012;-6,34;V
29/05/2012;-6,26;V
30/05/2012;-6,43;V
31/05/2012;-6,44;V
01/06/2012;-6,49;V
02/06/2012;-6,47;V
03/06/2012;-6,46;V
04/06/2012;-6,51;V
05/06/2012;-6,26;V
06/06/2012;-6,44;V
07/06/2012;-6,55;V
08/06/2012;-6,61;V
09/06/2012;-6,57;V
10/06/2012;-6,62;V
11/06/2012;-6,32;V
12/06/2012;-6,39;V
13/06/2012;-6,35;V
14/06/2012;-6,52;V
15/06/2012;-6,63;V
16/06/2012;-6,69;V
17/06/2012;-6,69;V
18/06/2012;-6,74;V
19/06/2012;-6,74;V
20/06/2012;-6,76;V
21/06/2012;-6,76;V
22/06/2012;-6,77;V
23/06/2012;-6,79;V
24/06/2012;-6,81;V
25/06/2012;-6,81;V
26/06/2012;-6,82;V
27/06/2012;-6,81;V
28/06/2012;-6,83;V
29/06/2012;-6,84;V
30/06/2012;-6,85;V
01/07/2012;-6,88;V
02/07/2012;-6,89;V
03/07/2012;-6,89;V
04/07/2012;-6,90;V
05/07/2012;-6,90;V
06/07/2012;-6,90;V
07/07/2012;-6,91;V
08/07/2012;-6,92;V
09/07/2012;-6,93;V
10/07/2012;-6,93;V
11/07/2012;-6,91;V
12/07/2012;-6,92;V
13/07/2012;-6,91;V
14/07/2012;-6,87;V
15/07/2012;-6,89;V
16/07/2012;-6,92;V
17/07/2012;-6,93;V
18/07/2012;-6,91;V
19/07/2012;-6,92;V
20/07/2012;-6,91;V
21/07/2012;-6,90;V
22/07/2012;-6,90;V
23/07/2012;-6,93;V
24/07/2012;-6,92;V
25/07/2012;-6,90;V
26/07/2012;-6,89;V
27/07/2012;-6,89;V
28/07/2012;-6,91;V
29/07/2012;-6,92;V
30/07/2012;-6,95;V
31/07/2012;-6,96;V
01/08/2012;-6,95;V
02/08/2012;-6,96;V
03/08/2012;-6,97;V
04/08/2012;-6,98;V
05/08/2012;-6,97;V
06/08/2012;-6,98;V
07/08/2012;-6,99;V
08/08/2012;-7,00;V
09/08/2012;-6,98;V
10/08/2012;-6,97;V
11/08/2012;-7,03;V
12/08/2012;-7,01;V
13/08/2012;-7,01;V
14/08/2012;-7,01;V
15/08/2012;-7,00;V
16/08/2012;-6,99;V
17/08/2012;-7,01;V
18/08/2012;-7,03;V
19/08/2012;-7,04;V
20/08/2012;-7,03;V
21/08/2012;-7,00;V
22/08/2012;-7,00;V
23/08/2012;-7,02;V
24/08/2012;-7,03;V
25/08/2012;-7,02;V
26/08/2012;-6,93;V
27/08/2012;-6,71;V
28/08/2012;-6,92;V
29/08/2012;-6,96;V
30/08/2012;-6,97;V
31/08/2012;-6,69;V
01/09/2012;-6,41;V
02/09/2012;-6,66;V
03/09/2012;-6,51;V
04/09/2012;-6,47;V
05/09/2012;-6,72;V
06/09/2012;-6,79;V
07/09/2012;-6,88;V
08/09/2012;-6,93;V
09/09/2012;-6,97;V
10/09/2012;-6,99;V
11/09/2012;-6,92;V
12/09/2012;-6,94;V
13/09/2012;-6,96;V
14/09/2012;-6,91;V
15/09/2012;-6,92;V
16/09/2012;-6,95;V
17/09/2012;-6,97;V
18/09/2012;-6,95;V
19/09/2012;-6,76;V
20/09/2012;-6,52;V
21/09/2012;-6,76;V
22/09/2012;-6,86;V
23/09/2012;-6,90;V
24/09/2012;-6,92;V
25/09/2012;-6,93;V
26/09/2012;-6,92;V
27/09/2012;-6,90;V
28/09/2012;-6,81;V
29/09/2012;-6,88;V
30/09/2012;-6,73;V
01/10/2012;-5,58;V
02/10/2012;-6,33;V
03/10/2012;-6,70;V
04/10/2012;-6,82;V
05/10/2012;-6,87;V
06/10/2012;-6,89;V
07/10/2012;-6,91;V
08/10/2012;-6,95;V
09/10/2012;-6,43;V
10/10/2012;-6,45;V
11/10/2012;-6,69;V
12/10/2012;-6,64;V
13/10/2012;-6,73;V
14/10/2012;-6,66;V
15/10/2012;-6,68;V
16/10/2012;-5,53;V
17/10/2012;-6,17;V
18/10/2012;-6,56;V
19/10/2012;-6,69;V
20/10/2012;-6,76;V
21/10/2012;-6,79;V
22/10/2012;-6,83;V
23/10/2012;-6,85;V
24/10/2012;-6,86;V
25/10/2012;-6,86;V
26/10/2012;-6,69;V
27/10/2012;-6,02;V
28/10/2012;-5,03;V
29/10/2012;-4,90;V
30/10/2012;-5,61;V
31/10/2012;-5,95;V
01/11/2012;-4,78;V
02/11/2012;-4,54;V
03/11/2012;-5,12;V
04/11/2012;-5,54;V
05/11/2012;-4,84;V
06/11/2012;-5,03;V
07/11/2012;-5,43;V
08/11/2012;-5,69;V
09/11/2012;-5,93;V
10/11/2012;-6,10;V
11/11/2012;-5,68;V
12/11/2012;-3,81;V
13/11/2012;0,76;V
14/11/2012;-2,37;V
15/11/2012;-4,19;V
16/11/2012;-4,88;V
17/11/2012;-5,09;V
18/11/2012;-5,57;V
19/11/2012;-5,71;V
20/11/2012;-5,80;V
21/11/2012;-6,02;V
22/11/2012;-6,22;V
23/11/2012;-6,25;V
24/11/2012;-6,17;V
25/11/2012;-6,26;V
26/11/2012;-6,23;V
27/11/2012;-5,84;V
28/11/2012;0,28;V
29/11/2012;0,99;V
30/11/2012;-2,48;V
01/12/2012;-3,57;V
02/12/2012;-3,17;V
03/12/2012;-4,41;V
04/12/2012;-3,68;V
05/12/2012;-2,43;V
06/12/2012;-4,18;V
07/12/2012;-4,77;V
08/12/2012;-3,08;V
09/12/2012;-4,72;V
10/12/2012;-5,04;V
11/12/2012;-5,39;V
12/12/2012;-5,55;V
13/12/2012;-5,57;V
14/12/2012;-5,64;V
15/12/2012;-3,25;V
16/12/2012;-1,12;V
17/12/2012;-2,28;V
18/12/2012;-1,43;V
19/12/2012;-3,67;V
20/12/2012;-4,31;V
21/12/2012;-4,83;V
22/12/2012;-4,99;V
23/12/2012;-5,14;V
24/12/2012;-5,19;V
25/12/2012;-5,43;V
26/12/2012;-5,40;V
27/12/2012;-4,47;V
28/12/2012;-4,66;V
29/12/2012;-4,83;V
30/12/2012;-5,00;V
31/12/2012;-5,15;V
01/01/2013;-5,50;V
02/01/2013;-5,49;V
03/01/2013;-5,43;V
04/01/2013;-5,72;V
05/01/2013;-5,91;V
06/01/2013;-5,68;V
07/01/2013;-6,01;V
08/01/2013;-5,79;V
09/01/2013;-5,96;V
10/01/2013;-5,78;V
11/01/2013;-5,90;V
12/01/2013;-5,80;V
13/01/2013;-5,62;V
14/01/2013;-3,75;V
15/01/2013;-2,95;V
16/01/2013;-3,46;V
17/01/2013;-3,69;V
18/01/2013;-4,23;V
19/01/2013;-4,55;V
20/01/2013;-2,47;V
21/01/2013;2,52;V
22/01/2013;0,02;V
23/01/2013;-2,19;V
24/01/2013;-3,27;V
25/01/2013;-4,00;V
26/01/2013;-4,36;V
27/01/2013;-4,61;V
28/01/2013;-4,78;V
29/01/2013;-4,69;V
30/01/2013;-4,97;V
31/01/2013;-5,01;V
01/02/2013;-5,04;V
02/02/2013;-4,81;V
03/02/2013;-3,46;V
04/02/2013;-3,81;V
05/02/2013;-4,33;V
06/02/2013;-4,53;V
07/02/2013;-4,40;V
08/02/2013;-4,45;V
09/02/2013;-4,66;V
10/02/2013;-5,09;V
11/02/2013;-5,09;V
12/02/2013;-3,74;V
13/02/2013;-3,95;V
14/02/2013;-4,42;V
15/02/2013;-4,79;V
16/02/2013;-5,03;V
17/02/2013;-5,12;V
18/02/2013;-5,22;V
19/02/2013;-5,43;V
20/02/2013;-5,53;V
21/02/2013;-5,47;V
22/02/2013;-5,27;V
23/02/2013;-5,14;V
24/02/2013;-3,01;V
25/02/2013;-3,11;V
26/02/2013;-3,93;V
27/02/2013;-4,52;V
28/02/2013;-4,86;V
01/03/2013;-4,92;V
02/03/2013;-4,97;V
03/03/2013;-4,97;V
04/03/2013;-5,09;V
05/03/2013;-5,20;V
06/03/2013;-4,71;V
07/03/2013;-3,60;V
08/03/2013;-2,54;V
09/03/2013;-0,98;V
10/03/2013;-0,67;V
11/03/2013;0,70;V
12/03/2013;2,17;V
13/03/2013;0,70;V
14/03/2013;-0,60;V
15/03/2013;-2,85;V
16/03/2013;-3,60;V
17/03/2013;-3,94;V
18/03/2013;-0,78;V
19/03/2013;1,50;V
20/03/2013;-2,09;V
21/03/2013;-2,62;V
22/03/2013;-3,54;V
23/03/2013;-3,98;V
24/03/2013;-4,09;V
25/03/2013;-4,29;V
26/03/2013;-4,48;V
27/03/2013;-4,62;V
28/03/2013;-4,84;V
29/03/2013;-4,46;V
30/03/2013;-4,20;V
31/03/2013;-1,11;V
01/04/2013;-2,90;V
02/04/2013;-3,18;V
03/04/2013;-3,44;V
04/04/2013;-3,94;V
05/04/2013;-3,56;V
06/04/2013;-3,73;V
07/04/2013;-4,11;V
08/04/2013;-4,34;V
09/04/2013;-4,07;V
10/04/2013;-4,23;V
11/04/2013;-4,62;V
12/04/2013;-4,90;V
13/04/2013;-5,07;V
14/04/2013;-5,32;V
15/04/2013;-5,35;V
16/04/2013;-5,38;V
17/04/2013;-5,63;V
18/04/2013;-5,58;V
19/04/2013;-5,64;V
20/04/2013;-5,60;V
21/04/2013;-5,48;V
22/04/2013;-5,68;V
23/04/2013;-5,67;V
24/04/2013;-5,76;V
25/04/2013;-5,58;V
26/04/2013;-5,88;V
27/04/2013;-5,85;V
28/04/2013;-5,56;V
29/04/2013;-5,72;V
30/04/2013;-5,76;V
01/05/2013;-5,91;V
02/05/2013;-6,05;V
03/05/2013;-6,01;V
04/05/2013;-5,95;V
05/05/2013;-5,61;V
06/05/2013;-5,53;V
07/05/2013;-5,58;V
08/05/2013;-5,72;V
09/05/2013;-5,61;V
10/05/2013;-5,59;V
11/05/2013;-5,70;V
12/05/2013;-5,87;V
13/05/2013;-5,94;V
14/05/2013;-5,91;V
15/05/2013;-6,01;V
16/05/2013;-5,30;V
17/05/2013;-4,41;V
18/05/2013;-4,34;V
19/05/2013;-4,67;V
20/05/2013;-5,20;V
21/05/2013;-5,74;V
22/05/2013;-5,51;V
23/05/2013;-5,69;V
24/05/2013;-5,57;V
25/05/2013;-5,40;V
26/05/2013;-4,60;V
27/05/2013;-5,21;V
28/05/2013;-5,38;V
29/05/2013;-5,53;V
30/05/2013;-5,34;V
31/05/2013;-4,87;V
01/06/2013;-5,53;V
02/06/2013;-5,25;V
03/06/2013;-5,13;V
04/06/2013;-5,17;V
05/06/2013;-5,54;V
06/06/2013;-5,27;V
07/06/2013;-5,68;V
08/06/2013;-5,60;V
09/06/2013;-5,76;V
10/06/2013;-5,86;V
11/06/2013;-5,87;V
12/06/2013;-5,88;V
13/06/2013;-6,01;V
14/06/2013;-6,03;V
15/06/2013;-6,28;V
16/06/2013;-6,29;V
17/06/2013;-6,25;V
18/06/2013;-6,32;V
19/06/2013;-6,37;V
20/06/2013;-6,39;V
21/06/2013;-6,38;V
22/06/2013;-6,42;V
23/06/2013;-6,44;V
24/06/2013;-6,40;V
25/06/2013;-6,16;V
26/06/2013;-6,43;V
27/06/2013;-6,41;V
28/06/2013;-6,39;V
29/06/2013;-6,46;V
30/06/2013;-6,49;V
01/07/2013;-6,47;V
02/07/2013;-6,48;V
03/07/2013;-6,57;V
04/07/2013;-6,64;V
05/07/2013;-6,64;V
06/07/2013;-6,62;V
07/07/2013;-6,63;V
08/07/2013;-6,69;V
09/07/2013;-6,64;V
10/07/2013;-6,67;V
11/07/2013;-6,49;V
12/07/2013;-6,49;V
13/07/2013;-6,49;V
14/07/2013;-6,59;V
15/07/2013;-6,63;V
16/07/2013;-6,70;V
17/07/2013;-6,72;V
18/07/2013;-6,68;V
19/07/2013;-6,58;V
20/07/2013;-6,68;V
21/07/2013;-6,67;V
22/07/2013;-6,61;V
23/07/2013;-6,65;V
24/07/2013;-6,74;V
25/07/2013;-6,77;V
26/07/2013;-6,77;V
27/07/2013;-6,78;V
28/07/2013;-6,79;V
29/07/2013;-6,79;V
30/07/2013;-6,69;V
31/07/2013;-6,63;V
01/08/2013;-6,66;V
02/08/2013;-6,76;V
03/08/2013;-6,81;V
04/08/2013;-6,82;V
05/08/2013;-6,81;V
06/08/2013;-6,80;V
07/08/2013;-6,82;V
08/08/2013;-6,82;V
09/08/2013;-6,81;V
10/08/2013;-6,78;V
11/08/2013;-6,78;V
12/08/2013;-6,81;V
13/08/2013;-6,82;V
14/08/2013;-6,83;V
15/08/2013;-6,84;V
16/08/2013;-6,86;V
17/08/2013;-6,86;V
18/08/2013;-6,85;V
19/08/2013;-6,85;V
20/08/2013;-6,64;V
21/08/2013;-6,67;V
22/08/2013;-6,80;V
23/08/2013;-6,81;V
24/08/2013;-6,82;V
25/08/2013;-6,37;V
26/08/2013;-6,44;V
27/08/2013;-6,73;V
28/08/2013;-6,76;V
29/08/2013;-6,79;V
30/08/2013;-6,78;V
31/08/2013;-6,82;V
01/09/2013;-6,83;V
02/09/2013;-6,83;V
03/09/2013;-6,84;V
04/09/2013;-6,83;V
05/09/2013;-6,83;V
06/09/2013;-6,83;V
07/09/2013;-6,82;V
08/09/2013;-6,81;V
09/09/2013;-6,52;V
10/09/2013;-6,60;V
11/09/2013;-6,49;V
12/09/2013;-6,62;V
13/09/2013;-6,71;V
14/09/2013;-6,76;V
15/09/2013;-6,70;V
16/09/2013;-6,18;V
17/09/2013;-6,61;V
18/09/2013;-6,72;V
19/09/2013;-6,74;V
20/09/2013;-6,75;V
21/09/2013;-6,71;V
22/09/2013;-6,71;V
23/09/2013;-6,73;V
24/09/2013;-6,70;V
25/09/2013;-6,70;V
26/09/2013;-6,72;V
27/09/2013;-6,76;V
28/09/2013;-6,76;V
29/09/2013;-6,29;V
30/09/2013;-5,58;V
01/10/2013;-5,88;V
02/10/2013;-6,37;V
03/10/2013;-6,64;V
04/10/2013;-6,70;V
05/10/2013;-6,02;V
06/10/2013;-5,15;V
07/10/2013;-5,90;V
08/10/2013;-5,86;V
09/10/2013;-6,00;V
10/10/2013;-6,43;V
11/10/2013;-6,30;V
12/10/2013;-6,30;V
13/10/2013;-6,30;V
14/10/2013;-6,50;V
15/10/2013;-6,36;V
16/10/2013;-6,14;V
17/10/2013;-6,25;V
18/10/2013;-6,50;V
19/10/2013;-6,51;V
20/10/2013;-6,39;V
21/10/2013;-1,98;V
22/10/2013;-1,13;V
23/10/2013;-4,60;V
24/10/2013;-2,51;V
25/10/2013;-2,88;V
26/10/2013;-4,80;V
27/10/2013;-5,46;V
28/10/2013;-5,77;V
29/10/2013;-5,98;V
30/10/2013;-6,26;V
31/10/2013;-6,34;V
01/11/2013;-6,42;V
02/11/2013;-6,46;V
03/11/2013;-6,32;V
04/11/2013;-6,22;V
05/11/2013;-5,17;V
06/11/2013;-5,33;V
07/11/2013;-5,84;V
08/11/2013;-5,93;V
09/11/2013;-5,86;V
10/11/2013;-5,03;V
11/11/2013;-0,35;V
12/11/2013;-1,15;V
13/11/2013;-4,03;V
14/11/2013;-4,89;V
15/11/2013;-4,53;V
16/11/2013;-5,02;V
17/11/2013;-5,47;V
18/11/2013;-5,64;V
19/11/2013;-5,67;V
20/11/2013;-5,64;V
21/11/2013;-4,72;V
22/11/2013;-0,81;V
23/11/2013;-3,08;V
24/11/2013;-4,04;V
25/11/2013;-4,68;V
26/11/2013;-5,21;V
27/11/2013;-5,46;V
28/11/2013;-5,60;V
29/11/2013;-5,83;V
30/11/2013;-5,87;V
01/12/2013;-5,86;V
02/12/2013;-5,75;V
03/12/2013;-5,98;V
04/12/2013;-5,81;V
05/12/2013;-6,28;V
06/12/2013;-6,27;V
07/12/2013;-6,15;V
08/12/2013;-6,25;V
09/12/2013;-6,27;V
10/12/2013;-6,29;V
11/12/2013;-6,21;V
12/12/2013;-6,33;V
13/12/2013;-6,33;V
14/12/2013;-6,30;V
15/12/2013;-6,37;V
16/12/2013;-6,39;V
17/12/2013;-6,38;V
18/12/2013;-6,41;V
19/12/2013;-6,42;V
20/12/2013;-6,44;V
21/12/2013;-6,42;V
22/12/2013;-6,55;V
23/12/2013;-6,57;V
24/12/2013;-6,36;V
25/12/2013;-6,20;V
26/12/2013;-5,29;V
27/12/2013;-4,15;V
28/12/2013;-5,11;V
29/12/2013;-5,24;V
30/12/2013;-5,15;V
31/12/2013;-5,60;V
01/01/2014;-5,59;V
02/01/2014;-5,87;V
03/01/2014;-4,85;V
04/01/2014;-4,85;V
05/01/2014;-1,98;V
06/01/2014;-3,21;V
07/01/2014;-4,51;V
08/01/2014;-4,93;V
09/01/2014;-5,42;V
10/01/2014;-5,52;V
11/01/2014;-5,71;V
12/01/2014;-5,78;V
13/01/2014;-5,83;V
14/01/2014;-5,27;V
15/01/2014;-4,36;V
16/01/2014;-4,78;V
17/01/2014;-4,35;V
18/01/2014;-0,46;V
19/01/2014;-2,46;V
20/01/2014;-2,79;V
21/01/2014;-3,60;V
22/01/2014;-4,26;V
23/01/2014;-4,52;V
24/01/2014;-3,68;V
25/01/2014;-4,27;V
26/01/2014;-4,55;V
27/01/2014;-4,65;V
28/01/2014;-4,74;V
29/01/2014;-5,13;V
30/01/2014;-2,96;V
31/01/2014;4,67;V
01/02/2014;2,08;V
02/02/2014;-0,93;V
03/02/2014;-2,04;V
04/02/2014;-2,93;V
05/02/2014;-2,99;V
06/02/2014;-1,79;V
07/02/2014;-2,47;V
08/02/2014;-1,35;V
09/02/2014;-1,92;V
10/02/2014;-0,92;V
11/02/2014;4,53;V
12/02/2014;0,46;V
13/02/2014;-2,39;V
14/02/2014;-3,16;V
15/02/2014;-3,70;V
16/02/2014;-4,03;V
17/02/2014;-4,31;V
18/02/2014;-4,60;V
19/02/2014;-4,73;V
20/02/2014;-2,81;V
21/02/2014;-2,81;V
22/02/2014;-3,15;V
23/02/2014;-3,17;V
24/02/2014;-4,09;V
25/02/2014;-4,44;V
26/02/2014;-4,53;V
27/02/2014;-3,19;V
28/02/2014;-3,34;V
01/03/2014;-2,25;V
02/03/2014;-2,75;V
03/03/2014;-3,81;V
04/03/2014;-3,51;V
05/03/2014;-3,19;V
06/03/2014;-3,12;V
07/03/2014;-4,04;V
08/03/2014;-4,38;V
09/03/2014;-4,69;V
10/03/2014;-4,89;V
11/03/2014;-5,04;V
12/03/2014;-5,16;V
13/03/2014;-5,23;V
14/03/2014;-5,26;V
15/03/2014;-5,41;V
16/03/2014;-5,45;V
17/03/2014;-5,51;V
18/03/2014;-5,57;V
19/03/2014;-5,64;V
20/03/2014;-5,62;V
21/03/2014;-5,64;V
22/03/2014;-5,62;V
23/03/2014;-5,18;V
24/03/2014;-3,75;V
25/03/2014;-4,56;V
26/03/2014;-4,88;V
27/03/2014;-5,16;V
28/03/2014;-5,18;V
29/03/2014;-5,07;V
30/03/2014;-5,34;V
31/03/2014;-5,24;V
01/04/2014;-5,60;V
02/04/2014;-5,64;V
03/04/2014;-5,75;V
04/04/2014;-5,45;V
05/04/2014;-5,10;V
06/04/2014;-5,46;V
07/04/2014;-5,62;V
08/04/2014;-5,53;V
09/04/2014;-5,66;V
10/04/2014;-5,66;V
11/04/2014;-5,90;V
12/04/2014;-5,80;V
13/04/2014;-5,97;V
14/04/2014;-5,95;V
15/04/2014;-5,93;V
16/04/2014;-5,96;V
17/04/2014;-5,98;V
18/04/2014;-5,97;V
19/04/2014;-5,71;V
20/04/2014;-5,66;V
21/04/2014;-6,15;V
22/04/2014;-6,24;V
23/04/2014;-6,07;V
24/04/2014;-6,13;V
25/04/2014;-6,06;V
26/04/2014;-6,13;V
27/04/2014;-5,99;V
28/04/2014;-6,21;V
29/04/2014;-5,86;V
30/04/2014;-6,07;V
01/05/2014;-5,75;V
02/05/2014;-6,03;V
03/05/2014;-4,96;V
04/05/2014;-4,06;V
05/05/2014;-4,60;V
06/05/2014;-5,14;V
07/05/2014;-5,50;V
08/05/2014;-5,67;V
09/05/2014;-5,96;V
10/05/2014;-5,76;V
11/05/2014;-6,02;V
12/05/2014;-6,24;V
13/05/2014;-6,11;V
14/05/2014;-5,97;V
15/05/2014;-6,35;V
16/05/2014;-6,36;V
17/05/2014;-6,33;V
18/05/2014;-6,30;V
19/05/2014;-6,41;V
20/05/2014;-6,33;V
21/05/2014;-6,44;V
22/05/2014;-6,50;V
23/05/2014;-6,37;V
24/05/2014;-6,18;V
25/05/2014;-6,51;V
26/05/2014;-6,50;V
27/05/2014;-6,38;V
28/05/2014;-6,34;V
29/05/2014;-6,42;V
30/05/2014;-6,43;V
31/05/2014;-6,31;V
01/06/2014;-6,44;V
02/06/2014;-6,54;V
03/06/2014;-6,62;V
04/06/2014;-6,58;V
05/06/2014;-6,58;V
06/06/2014;-6,56;V
07/06/2014;-6,59;V
08/06/2014;-6,65;V
09/06/2014;-6,69;V
10/06/2014;-6,63;V
11/06/2014;-6,64;V
12/06/2014;-6,69;V
13/06/2014;-6,61;V
14/06/2014;-6,52;V
15/06/2014;-6,41;V
16/06/2014;-6,52;V
17/06/2014;-6,44;V
18/06/2014;-6,65;V
19/06/2014;-6,68;V
20/06/2014;-6,68;V
21/06/2014;-6,71;V
22/06/2014;-6,73;V
23/06/2014;-6,76;V
24/06/2014;-6,73;V
25/06/2014;-6,69;V
26/06/2014;-6,48;V
27/06/2014;-6,53;V
28/06/2014;-6,63;V
29/06/2014;-6,65;V
30/06/2014;-5,64;V
01/07/2014;-6,38;V
02/07/2014;-6,61;V
03/07/2014;-6,67;V
04/07/2014;-6,70;V
05/07/2014;-6,70;V
06/07/2014;-6,76;V
07/07/2014;-6,78;V
08/07/2014;-6,67;V
09/07/2014;-6,49;V
10/07/2014;-6,32;V
11/07/2014;-6,53;V
12/07/2014;-6,58;V
13/07/2014;-6,63;V
14/07/2014;-6,53;V
15/07/2014;-6,52;V
16/07/2014;-6,58;V
17/07/2014;-6,65;V
18/07/2014;-6,65;V
19/07/2014;-6,75;V
20/07/2014;-6,80;V
21/07/2014;-6,43;V
22/07/2014;-5,95;V
23/07/2014;-6,47;V
24/07/2014;-6,65;V
25/07/2014;-6,55;V
26/07/2014;-6,55;V
27/07/2014;-6,30;V
28/07/2014;-6,39;V
29/07/2014;-6,62;V
30/07/2014;-5,14;V
31/07/2014;-5,64;V
01/08/2014;-6,33;V
02/08/2014;-6,55;V
03/08/2014;-6,55;V
04/08/2014;-5,89;V
05/08/2014;-6,29;V
06/08/2014;-6,25;V
07/08/2014;-6,54;V
08/08/2014;-6,66;V
09/08/2014;-6,70;V
10/08/2014;-6,72;V
11/08/2014;-6,74;V
12/08/2014;-6,74;V
13/08/2014;-6,74;V
14/08/2014;-6,65;V
15/08/2014;-6,63;V
16/08/2014;-6,63;V
17/08/2014;-6,70;V
18/08/2014;-6,74;V
19/08/2014;-6,75;V
20/08/2014;-6,74;V
21/08/2014;-6,76;V
22/08/2014;-6,74;V
23/08/2014;-6,76;V
24/08/2014;-6,74;V
25/08/2014;-6,69;V
26/08/2014;-6,76;V
27/08/2014;-6,76;V
28/08/2014;-6,80;V
29/08/2014;-6,82;V
30/08/2014;-6,80;V
31/08/2014;-6,80;V
01/09/2014;-6,45;V
02/09/2014;-6,53;V
03/09/2014;-6,64;V
04/09/2014;-6,61;V
05/09/2014;-6,64;V
06/09/2014;-6,75;V
07/09/2014;-6,77;V
08/09/2014;-6,70;V
09/09/2014;-6,77;V
10/09/2014;-6,41;V
11/09/2014;-5,99;V
12/09/2014;-6,28;V
13/09/2014;-6,41;V
14/09/2014;-6,46;V
15/09/2014;-6,50;V
16/09/2014;-6,50;V
17/09/2014;-6,70;V
18/09/2014;-6,74;V
19/09/2014;-6,60;V
20/09/2014;-5,76;V
21/09/2014;-6,05;V
22/09/2014;-6,23;V
23/09/2014;-6,46;V
24/09/2014;-6,57;V
25/09/2014;-6,60;V
26/09/2014;-6,63;V
27/09/2014;-6,66;V
28/09/2014;-6,68;V
29/09/2014;-6,68;V
30/09/2014;-6,68;V
01/10/2014;-6,68;V
02/10/2014;-6,62;V
03/10/2014;-6,69;V
04/10/2014;-6,76;V
05/10/2014;-6,79;V
06/10/2014;-6,80;V
07/10/2014;-6,79;V
08/10/2014;-6,77;V
09/10/2014;-6,77;V
10/10/2014;-6,77;V
11/10/2014;-6,76;V
12/10/2014;-6,41;V
13/10/2014;-6,48;V
14/10/2014;-5,94;V
15/10/2014;-6,02;V
16/10/2014;-5,81;V
17/10/2014;-6,33;V
18/10/2014;-6,24;V
19/10/2014;-6,45;V
20/10/2014;-6,55;V
21/10/2014;-6,58;V
22/10/2014;-6,60;V
23/10/2014;-6,68;V
24/10/2014;-6,69;V
25/10/2014;-6,72;V
26/10/2014;-6,75;V
27/10/2014;-6,74;V
28/10/2014;-6,75;V
29/10/2014;-6,76;V
30/10/2014;-6,77;V
31/10/2014;-6,77;V
01/11/2014;-6,78;V
02/11/2014;-6,77;V
03/11/2014;-6,77;V
04/11/2014;-6,75;V
05/11/2014;-6,07;V
06/11/2014;-4,91;V
07/11/2014;-4,97;V
08/11/2014;-5,48;V
09/11/2014;-5,87;V
10/11/2014;-5,66;V
11/11/2014;-5,44;V
12/11/2014;-5,93;V
13/11/2014;-6,02;V
14/11/2014;-6,11;V
15/11/2014;-6,16;V
16/11/2014;-4,87;V
17/11/2014;-4,38;V
18/11/2014;0,16;V
19/11/2014;-0,38;V
20/11/2014;-3,12;V
21/11/2014;-4,46;V
22/11/2014;-4,90;V
23/11/2014;-5,36;V
24/11/2014;-5,57;V
25/11/2014;-5,93;V
26/11/2014;-5,59;V
27/11/2014;-5,26;V
28/11/2014;-5,25;V
29/11/2014;-5,47;V
30/11/2014;-5,54;V
01/12/2014;-5,43;V
02/12/2014;-5,43;V
03/12/2014;-5,85;V
04/12/2014;-5,27;V
05/12/2014;-4,41;V
06/12/2014;-4,70;V
07/12/2014;-4,86;V
08/12/2014;-5,03;V
09/12/2014;-5,41;V
10/12/2014;-5,75;V
11/12/2014;-5,90;V
12/12/2014;-5,73;V
13/12/2014;-5,94;V
14/12/2014;-6,01;V
15/12/2014;-6,03;V
16/12/2014;-5,56;V
17/12/2014;-5,61;V
18/12/2014;-5,95;V
19/12/2014;-6,03;V
20/12/2014;-6,06;V
21/12/2014;-6,07;V
22/12/2014;-6,14;V
23/12/2014;-6,15;V
24/12/2014;-6,18;V
25/12/2014;-6,07;V
26/12/2014;-6,36;V
27/12/2014;-5,95;V
28/12/2014;-4,44;V
29/12/2014;-5,53;V
30/12/2014;-5,75;V
31/12/2014;-5,91;V
01/01/2015;-6,04;V
02/01/2015;-6,15;V
03/01/2015;-6,19;V
04/01/2015;-6,31;V
05/01/2015;-6,14;V
06/01/2015;-6,22;V
07/01/2015;-5,95;V
08/01/2015;-6,23;V
09/01/2015;-6,39;V
10/01/2015;-6,12;V
11/01/2015;-6,42;V
12/01/2015;-6,31;V
13/01/2015;-6,32;V
14/01/2015;-6,46;V
15/01/2015;-6,33;V
16/01/2015;-6,30;V
17/01/2015;-6,20;V
18/01/2015;-6,05;V
19/01/2015;-6,37;V
20/01/2015;-6,29;V
21/01/2015;-6,42;V
22/01/2015;-6,19;V
23/01/2015;-6,33;V
24/01/2015;-6,26;V
25/01/2015;-6,39;V
26/01/2015;-6,40;V
27/01/2015;-6,35;V
28/01/2015;-6,38;V
29/01/2015;-6,41;V
30/01/2015;-2,77;V
31/01/2015;-2,33;V
01/02/2015;-4,05;V
02/02/2015;-4,64;V
03/02/2015;-5,06;V
04/02/2015;-5,38;V
05/02/2015;-3,97;V
06/02/2015;-1,18;V
07/02/2015;-2,50;V
08/02/2015;-3,93;V
09/02/2015;-4,51;V
10/02/2015;-4,86;V
11/02/2015;-5,21;V
12/02/2015;-5,45;V
13/02/2015;-5,52;V
14/02/2015;-5,52;V
15/02/2015;-5,51;V
16/02/2015;-5,52;V
17/02/2015;-5,60;V
18/02/2015;-5,74;V
19/02/2015;-5,72;V
20/02/2015;-5,80;V
21/02/2015;-5,82;V
22/02/2015;-5,50;V
23/02/2015;-5,60;V
24/02/2015;-5,67;V
25/02/2015;-5,80;V
26/02/2015;-5,75;V
27/02/2015;-5,85;V
28/02/2015;-5,86;V
01/03/2015;-5,97;V
02/03/2015;-5,75;V
03/03/2015;-5,16;V
04/03/2015;-5,00;V
05/03/2015;-3,94;V
06/03/2015;-4,71;V
07/03/2015;-5,13;V
08/03/2015;-5,39;V
09/03/2015;-5,52;V
10/03/2015;-5,70;V
11/03/2015;-5,65;V
12/03/2015;-6,09;V
13/03/2015;-5,84;V
14/03/2015;-5,92;V
15/03/2015;-5,96;V
16/03/2015;-5,77;V
17/03/2015;-4,55;V
18/03/2015;-4,12;V
19/03/2015;-4,87;V
20/03/2015;-5,18;V
21/03/2015;-5,42;V
22/03/2015;-5,68;V
23/03/2015;-5,82;V
24/03/2015;-5,88;V
25/03/2015;-5,76;V
26/03/2015;-2,64;V
27/03/2015;-2,63;V
28/03/2015;-3,75;V
29/03/2015;-4,56;V
30/03/2015;-4,94;V
31/03/2015;-5,22;V
01/04/2015;-5,36;V
02/04/2015;-5,73;V
03/04/2015;-5,60;V
04/04/2015;-5,13;V
05/04/2015;-3,67;V
06/04/2015;-4,80;V
07/04/2015;-5,13;V
08/04/2015;-5,37;V
09/04/2015;-5,76;V
10/04/2015;-5,71;V
11/04/2015;-5,77;V
12/04/2015;-6,01;V
13/04/2015;-6,08;V
14/04/2015;-5,82;V
15/04/2015;-5,81;V
16/04/2015;-5,91;V
17/04/2015;-6,28;V
18/04/2015;-6,05;V
19/04/2015;-6,24;V
20/04/2015;-6,39;V
21/04/2015;-6,32;V
22/04/2015;-6,43;V
23/04/2015;-6,49;V
24/04/2015;-6,18;V
25/04/2015;-6,17;V
26/04/2015;-6,26;V
27/04/2015;-6,00;V
28/04/2015;-5,47;V
29/04/2015;-5,70;V
30/04/2015;-5,70;V
01/05/2015;-5,84;V
02/05/2015;-6,19;V
03/05/2015;-6,00;V
04/05/2015;-6,33;V
05/05/2015;-6,13;V
06/05/2015;-6,39;V
07/05/2015;-6,34;V
08/05/2015;-6,47;V
09/05/2015;-6,46;V
10/05/2015;-6,53;V
11/05/2015;-6,61;V
12/05/2015;-6,51;V
13/05/2015;-6,56;V
14/05/2015;-6,57;V
15/05/2015;-6,49;V
16/05/2015;-6,32;V
17/05/2015;-6,53;V
18/05/2015;-6,61;V
19/05/2015;-6,63;V
20/05/2015;-6,55;V
21/05/2015;-6,41;V
22/05/2015;-6,44;V
23/05/2015;-6,27;V
24/05/2015;-6,26;V
25/05/2015;-6,33;V
26/05/2015;-6,27;V
27/05/2015;-6,41;V
28/05/2015;-6,32;V
29/05/2015;-6,53;V
30/05/2015;-6,57;V
31/05/2015;-6,65;V
01/06/2015;-6,73;V
02/06/2015;-6,68;V
03/06/2015;-6,71;V
04/06/2015;-6,68;V
05/06/2015;-6,69;V
06/06/2015;-6,69;V
07/06/2015;-6,72;V
08/06/2015;-6,82;V
09/06/2015;-6,77;V
10/06/2015;-6,68;V
11/06/2015;-6,38;V
12/06/2015;-6,52;V
13/06/2015;-6,66;V
14/06/2015;-6,61;V
15/06/2015;-6,29;V
16/06/2015;-6,07;V
17/06/2015;-6,51;V
18/06/2015;-6,56;V
19/06/2015;-6,68;V
20/06/2015;-6,72;V
21/06/2015;-6,66;V
22/06/2015;-6,71;V
23/06/2015;-6,81;V
24/06/2015;-6,75;V
25/06/2015;-6,67;V
26/06/2015;-6,81;V
27/06/2015;-6,85;V
28/06/2015;-6,85;V
29/06/2015;-6,86;V
30/06/2015;-6,78;V
01/07/2015;-6,75;V
02/07/2015;-6,85;V
03/07/2015;-6,78;V
04/07/2015;-6,88;V
05/07/2015;-6,87;V
06/07/2015;-6,92;V
07/07/2015;-6,94;V
08/07/2015;-6,93;V
09/07/2015;-6,93;V
10/07/2015;-6,98;V
11/07/2015;-6,97;V
12/07/2015;-6,96;V
13/07/2015;-6,96;V
14/07/2015;-6,95;V
15/07/2015;-6,95;V
16/07/2015;-6,95;V
17/07/2015;-6,95;V
18/07/2015;-6,96;V
19/07/2015;-6,99;V
20/07/2015;-6,99;V
21/07/2015;-6,97;V
22/07/2015;-6,97;V
23/07/2015;-6,86;V
24/07/2015;-6,89;V
25/07/2015;-6,84;V
26/07/2015;-6,82;V
27/07/2015;-6,89;V
28/07/2015;-6,91;V
29/07/2015;-6,91;V
30/07/2015;-6,93;V
31/07/2015;-6,92;V
01/08/2015;-6,90;V
02/08/2015;-6,27;V
03/08/2015;-6,77;V
04/08/2015;-6,87;V
05/08/2015;-6,91;V
06/08/2015;-6,94;V
07/08/2015;-6,97;V
08/08/2015;-6,98;V
09/08/2015;-6,97;V
10/08/2015;-6,71;V
11/08/2015;-6,42;V
12/08/2015;-6,78;V
13/08/2015;-6,89;V
14/08/2015;-6,91;V
15/08/2015;-6,90;V
16/08/2015;-6,84;V
17/08/2015;-6,82;V
18/08/2015;-6,87;V
19/08/2015;-6,85;V
20/08/2015;-6,73;V
21/08/2015;-6,81;V
22/08/2015;-6,91;V
23/08/2015;-6,92;V
24/08/2015;-6,27;V
25/08/2015;-6,41;V
26/08/2015;-6,65;V
27/08/2015;-6,81;V
28/08/2015;-6,88;V
29/08/2015;-6,90;V
30/08/2015;-6,92;V
31/08/2015;-6,93;V
01/09/2015;-6,93;V
02/09/2015;-6,93;V
03/09/2015;-6,92;V
04/09/2015;-6,92;V
05/09/2015;-6,90;V
06/09/2015;-6,76;V
07/09/2015;-6,73;V
08/09/2015;-6,77;V
09/09/2015;-6,85;V
10/09/2015;-6,97;V
11/09/2015;-6,99;V
12/09/2015;-6,98;V
13/09/2015;-6,94;V
14/09/2015;-6,73;V
15/09/2015;-6,76;V
16/09/2015;-6,84;V
17/09/2015;-6,89;V
18/09/2015;-6,95;V
19/09/2015;-6,96;V
20/09/2015;-6,99;V
21/09/2015;-7,00;V
22/09/2015;-6,98;V
23/09/2015;-6,92;V
24/09/2015;-6,62;V
25/09/2015;-6,85;V
26/09/2015;-6,94;V
27/09/2015;-6,96;V
28/09/2015;-6,99;V
29/09/2015;-6,99;V
30/09/2015;-6,99;V
01/10/2015;-6,98;V
02/10/2015;-6,91;V
03/10/2015;-6,73;V
04/10/2015;-6,63;V
05/10/2015;-6,42;V
06/10/2015;-6,70;V
07/10/2015;-6,60;V
08/10/2015;-6,50;V
09/10/2015;-6,79;V
10/10/2015;-6,85;V
11/10/2015;-6,79;V
12/10/2015;-6,79;V
13/10/2015;-6,47;V
14/10/2015;-5,38;V
15/10/2015;-4,46;V
16/10/2015;-5,68;V
17/10/2015;-6,05;V
18/10/2015;-6,45;V
19/10/2015;-6,43;V
20/10/2015;-6,59;V
21/10/2015;-6,73;V
22/10/2015;-6,77;V
23/10/2015;-6,80;V
24/10/2015;-6,82;V
25/10/2015;-6,82;V
26/10/2015;-6,83;V
27/10/2015;-6,81;V
28/10/2015;-6,29;V
29/10/2015;-3,51;V
30/10/2015;-5,16;V
31/10/2015;-5,92;V
01/11/2015;-6,42;V
02/11/2015;-6,49;V
03/11/2015;-6,54;V
04/11/2015;-6,62;V
05/11/2015;-6,63;V
06/11/2015;-6,55;V
07/11/2015;-6,62;V
08/11/2015;-6,64;V
09/11/2015;-6,71;V
10/11/2015;-6,74;V
11/11/2015;-6,73;V
12/11/2015;-6,71;V
13/11/2015;-6,75;V
14/11/2015;-6,76;V
15/11/2015;-6,76;V
16/11/2015;-6,76;V
17/11/2015;-6,77;V
18/11/2015;-6,74;V
19/11/2015;-6,74;V
20/11/2015;-6,76;V
21/11/2015;-6,62;V
22/11/2015;-5,75;V
23/11/2015;-5,65;V
24/11/2015;-5,91;V
25/11/2015;-6,18;V
26/11/2015;-6,35;V
27/11/2015;-6,55;V
28/11/2015;-6,53;V
29/11/2015;-6,59;V
30/11/2015;-6,67;V
01/12/2015;-6,57;V
02/12/2015;-6,61;V
03/12/2015;-6,69;V
04/12/2015;-6,70;V
05/12/2015;-6,62;V
06/12/2015;-6,63;V
07/12/2015;-6,73;V
08/12/2015;-6,73;V
09/12/2015;-6,74;V
10/12/2015;-6,65;V
11/12/2015;-6,65;V
12/12/2015;-6,76;V
13/12/2015;-6,77;V
14/12/2015;-6,73;V
15/12/2015;-6,76;V
16/12/2015;-6,78;V
17/12/2015;-6,78;V
18/12/2015;-6,76;V
19/12/2015;-6,78;V
20/12/2015;-6,80;V
21/12/2015;-6,80;V
22/12/2015;-6,73;V
23/12/2015;-6,64;V
24/12/2015;-6,72;V
25/12/2015;-6,78;V
26/12/2015;-6,79;V
27/12/2015;-6,79;V
28/12/2015;-6,80;V
29/12/2015;-6,79;V
30/12/2015;-6,80;V
31/12/2015;-6,76;V
01/01/2016;-6,77;V
02/01/2016;-6,70;V
03/01/2016;-5,44;V
04/01/2016;-5,32;V
05/01/2016;-5,16;V
06/01/2016;-4,42;V
07/01/2016;-4,18;V
08/01/2016;-4,59;V
09/01/2016;-4,91;V
10/01/2016;-4,80;V
11/01/2016;-4,75;V
12/01/2016;-5,26;V
13/01/2016;-5,43;V
14/01/2016;-5,21;V
15/01/2016;-2,50;V
16/01/2016;-3,59;V
17/01/2016;-4,77;V
18/01/2016;-5,42;V
19/01/2016;-5,90;V
20/01/2016;-6,00;V
21/01/2016;-5,91;V
22/01/2016;-6,17;V
23/01/2016;-6,14;V
24/01/2016;-6,36;V
25/01/2016;-6,32;V
26/01/2016;-6,22;V
27/01/2016;-6,26;V
28/01/2016;-6,11;V
29/01/2016;-6,09;V
30/01/2016;-6,30;V
31/01/2016;-6,12;V
01/02/2016;-6,10;V
02/02/2016;-6,12;V
03/02/2016;-6,25;V
04/02/2016;-6,07;V
05/02/2016;-6,06;V
06/02/2016;-6,12;V
07/02/2016;-5,98;V
08/02/2016;-5,35;V
09/02/2016;-5,59;V
10/02/2016;-3,95;V
11/02/2016;-4,24;V
12/02/2016;-3,53;V
13/02/2016;-2,54;V
14/02/2016;-1,86;V
15/02/2016;-0,96;V
16/02/2016;1,73;V
17/02/2016;0,24;V
18/02/2016;-1,31;V
19/02/2016;-3,18;V
20/02/2016;-3,89;V
21/02/2016;-4,46;V
22/02/2016;-4,82;V
23/02/2016;-5,07;V
24/02/2016;-5,30;V
25/02/2016;-5,06;V
26/02/2016;-4,15;V
27/02/2016;-3,70;V
28/02/2016;-0,94;V
29/02/2016;0,55;V
01/03/2016;0,11;V
02/03/2016;-2,89;V
03/03/2016;-3,35;V
04/03/2016;-3,85;V
05/03/2016;-4,22;V
06/03/2016;-2,72;V
07/03/2016;-2,57;V
08/03/2016;-3,44;V
09/03/2016;-3,40;V
10/03/2016;-3,83;V
11/03/2016;-4,22;V
12/03/2016;-4,53;V
13/03/2016;-4,87;V
14/03/2016;-5,10;V
15/03/2016;-5,01;V
16/03/2016;-5,31;V
17/03/2016;-5,62;V
18/03/2016;-5,56;V
19/03/2016;-5,65;V
20/03/2016;-5,58;V
21/03/2016;-5,68;V
22/03/2016;-5,69;V
23/03/2016;-5,70;V
24/03/2016;-5,79;V
25/03/2016;-5,89;V
26/03/2016;-5,82;V
27/03/2016;-5,92;V
28/03/2016;-5,90;V
29/03/2016;-5,97;V
30/03/2016;-5,95;V
31/03/2016;-6,11;V
01/04/2016;-5,98;V
02/04/2016;-6,03;V
03/04/2016;-6,20;V
04/04/2016;-6,34;V
05/04/2016;-6,17;V
06/04/2016;-6,41;V
07/04/2016;-6,19;V
08/04/2016;-6,19;V
09/04/2016;-6,07;V
10/04/2016;-6,41;V
11/04/2016;-6,49;V
12/04/2016;-6,39;V
13/04/2016;-6,45;V
14/04/2016;-6,42;V
15/04/2016;-6,50;V
16/04/2016;-6,47;V
17/04/2016;-6,52;V
18/04/2016;-6,58;V
19/04/2016;-6,44;V
20/04/2016;-6,60;V
21/04/2016;-6,53;V
22/04/2016;-6,47;V
23/04/2016;-6,03;V
24/04/2016;-2,70;V
25/04/2016;-4,14;V
26/04/2016;-5,15;V
27/04/2016;-5,77;V
28/04/2016;-5,92;V
29/04/2016;-6,08;V
30/04/2016;-6,09;V
01/05/2016;-5,92;V
02/05/2016;-5,55;V
03/05/2016;-4,39;V
04/05/2016;-4,87;V
05/05/2016;-5,33;V
06/05/2016;-5,76;V
07/05/2016;-5,91;V
08/05/2016;-6,32;V
09/05/2016;-6,19;V
10/05/2016;-6,11;V
11/05/2016;-5,90;V
12/05/2016;-5,52;V
13/05/2016;-5,70;V
14/05/2016;-5,24;V
15/05/2016;-5,35;V
16/05/2016;-5,37;V
17/05/2016;-5,46;V
18/05/2016;-5,66;V
19/05/2016;-5,65;V
20/05/2016;-5,31;V
21/05/2016;-5,33;V
22/05/2016;-5,81;V
23/05/2016;-6,11;V
24/05/2016;-5,99;V
25/05/2016;-6,33;V
26/05/2016;-6,29;V
27/05/2016;-6,28;V
28/05/2016;-6,18;V
29/05/2016;-6,41;V
30/05/2016;-6,11;V
31/05/2016;-6,41;V
01/06/2016;-6,50;V
02/06/2016;-6,20;V
03/06/2016;-6,11;V
04/06/2016;-6,15;V
05/06/2016;-6,25;V
06/06/2016;-6,35;V
07/06/2016;-5,97;V
08/06/2016;-6,00;V
09/06/2016;-5,75;V
10/06/2016;-5,62;V
11/06/2016;-5,79;V
12/06/2016;-5,82;V
13/06/2016;-5,51;V
14/06/2016;-5,42;V
15/06/2016;-5,62;V
16/06/2016;-5,88;V
17/06/2016;-6,17;V
18/06/2016;-6,13;V
19/06/2016;-6,35;V
20/06/2016;-6,16;V
21/06/2016;-6,40;V
22/06/2016;-6,63;V
23/06/2016;-6,61;V
24/06/2016;-6,58;V
25/06/2016;-6,58;V
26/06/2016;-6,62;V
27/06/2016;-6,66;V
28/06/2016;-6,66;V
29/06/2016;-6,67;V
30/06/2016;-6,66;V
01/07/2016;;@
02/07/2016;;@
03/07/2016;;@
04/07/2016;;@
05/07/2016;;@
06/07/2016;;@
07/07/2016;;@
08/07/2016;;@
09/07/2016;;@
10/07/2016;;@
11/07/2016;;@
12/07/2016;;@
13/07/2016;;@
14/07/2016;;@
15/07/2016;;@
16/07/2016;;@
17/07/2016;;@
18/07/2016;;@
19/07/2016;;@
20/07/2016;;@
21/07/2016;;@
22/07/2016;;@
23/07/2016;;@
24/07/2016;;@
25/07/2016;;@
26/07/2016;;@
27/07/2016;;@
28/07/2016;;@
29/07/2016;;@
30/07/2016;;@
31/07/2016;;@
01/08/2016;;@
02/08/2016;;@
03/08/2016;;@
04/08/2016;;@
05/08/2016;;@
06/08/2016;;@
07/08/2016;;@
08/08/2016;;@
09/08/2016;;@
10/08/2016;;@
11/08/2016;;@
12/08/2016;;@
13/08/2016;;@
14/08/2016;;@
15/08/2016;;@
16/08/2016;;@
17/08/2016;;@
18/08/2016;;@
19/08/2016;;@
20/08/2016;;@
21/08/2016;;@
22/08/2016;;@
23/08/2016;;@
24/08/2016;;@
25/08/2016;;@
26/08/2016;;@
27/08/2016;;@
28/08/2016;;@
29/08/2016;;@
30/08/2016;;@
31/08/2016;;@
01/09/2016;;@
02/09/2016;;@
03/09/2016;;@
04/09/2016;;@
05/09/2016;;@
06/09/2016;;@
07/09/2016;;@
08/09/2016;;@
09/09/2016;;@
10/09/2016;;@
11/09/2016;;@
12/09/2016;;@
13/09/2016;;@
14/09/2016;;@
15/09/2016;;@
16/09/2016;;@
17/09/2016;;@
18/09/2016;;@
19/09/2016;;@
20/09/2016;;@
21/09/2016;;@
22/09/2016;;@
23/09/2016;;@
24/09/2016;;@
25/09/2016;;@
26/09/2016;;@
27/09/2016;;@
28/09/2016;;@
29/09/2016;;@
30/09/2016;;@
01/10/2016;-6,82;V
02/10/2016;-6,49;V
03/10/2016;-6,64;V
04/10/2016;-6,82;V
05/10/2016;-6,89;V
06/10/2016;-6,92;V
07/10/2016;-6,94;V
08/10/2016;-6,84;V
09/10/2016;-6,67;V
10/10/2016;-6,78;V
11/10/2016;-6,85;V
12/10/2016;-6,89;V
13/10/2016;-6,80;V
14/10/2016;-6,39;V
15/10/2016;-4,34;V
16/10/2016;-5,74;V
17/10/2016;-5,79;V
18/10/2016;-6,18;V
19/10/2016;-6,54;V
20/10/2016;-6,65;V
21/10/2016;-6,72;V
22/10/2016;-6,74;V
23/10/2016;-6,76;V
24/10/2016;-6,80;V
25/10/2016;-6,71;V
26/10/2016;-6,41;V
27/10/2016;-5,20;V
28/10/2016;-6,03;V
29/10/2016;-6,20;V
30/10/2016;-6,17;V
31/10/2016;-6,57;V
01/11/2016;-6,56;V
02/11/2016;-6,66;V
03/11/2016;-6,60;V
04/11/2016;-6,56;V
05/11/2016;-6,36;V
06/11/2016;-1,32;V
07/11/2016;0,87;V
08/11/2016;-4,41;V
09/11/2016;-5,15;V
10/11/2016;-5,48;V
11/11/2016;-5,71;V
12/11/2016;-3,26;V
13/11/2016;-4,58;V
14/11/2016;-5,22;V
15/11/2016;-5,56;V
16/11/2016;-5,80;V
17/11/2016;-6,11;V
18/11/2016;-5,97;V
19/11/2016;-3,04;V
20/11/2016;-2,03;V
21/11/2016;-4,27;V
22/11/2016;-4,88;V
23/11/2016;-5,22;V
24/11/2016;-5,50;V
25/11/2016;-5,64;V
26/11/2016;-5,74;V
27/11/2016;-6,07;V
28/11/2016;-6,02;V
29/11/2016;-6,15;V
30/11/2016;-6,41;V
01/12/2016;-6,25;V
02/12/2016;-6,35;V
03/12/2016;-6,38;V
04/12/2016;-6,38;V
05/12/2016;-6,53;V
06/12/2016;-6,49;V
07/12/2016;-6,43;V
08/12/2016;-6,46;V
09/12/2016;-6,54;V
10/12/2016;-6,49;V
11/12/2016;-6,51;V
12/12/2016;-6,60;V
13/12/2016;-6,63;V
14/12/2016;-6,55;V
15/12/2016;-6,57;V
16/12/2016;-6,64;V
17/12/2016;-6,65;V
18/12/2016;-6,60;V
19/12/2016;-6,66;V
20/12/2016;-6,65;V
21/12/2016;-6,57;V
22/12/2016;-6,61;V
23/12/2016;-6,68;V
24/12/2016;-6,68;V
25/12/2016;-6,68;V
26/12/2016;-6,77;V
27/12/2016;-6,78;V
28/12/2016;-6,66;V
29/12/2016;-6,68;V
30/12/2016;-6,74;V
31/12/2016;-6,72;V
01/01/2017;-6,70;V
02/01/2017;-6,58;V
03/01/2017;-5,96;V
04/01/2017;-5,47;V
05/01/2017;-5,65;V
06/01/2017;-6,20;V
07/01/2017;-6,37;V
08/01/2017;-6,44;V
09/01/2017;-6,54;V
10/01/2017;-6,50;V
11/01/2017;-6,41;V
12/01/2017;-6,55;V
13/01/2017;-6,30;V
14/01/2017;-5,90;V
15/01/2017;-6,34;V
16/01/2017;-6,27;V
17/01/2017;-6,50;V
18/01/2017;-6,52;V
19/01/2017;-6,45;V
20/01/2017;-6,47;V
21/01/2017;-6,49;V
22/01/2017;-6,57;V
23/01/2017;-6,66;V
24/01/2017;-6,66;V
25/01/2017;-6,68;V
26/01/2017;-6,60;V
27/01/2017;-6,55;V
28/01/2017;-6,54;V
29/01/2017;-6,62;V
30/01/2017;-6,69;V
31/01/2017;-6,59;V
01/02/2017;-6,43;V
02/02/2017;-6,23;V
03/02/2017;-5,95;V
04/02/2017;-5,16;V
05/02/2017;-3,91;V
06/02/2017;-1,13;V
07/02/2017;-3,19;V
08/02/2017;-4,33;V
09/02/2017;-4,98;V
10/02/2017;-5,59;V
11/02/2017;-5,81;V
12/02/2017;-5,85;V
13/02/2017;-6,13;V
14/02/2017;-6,16;V
15/02/2017;-6,09;V
16/02/2017;-6,20;V
17/02/2017;-6,23;V
18/02/2017;-6,01;V
19/02/2017;-6,21;V
20/02/2017;-6,17;V
21/02/2017;-6,29;V
22/02/2017;-6,27;V
23/02/2017;-6,32;V
24/02/2017;-6,03;V
25/02/2017;-0,21;V
26/02/2017;-3,33;V
27/02/2017;-4,71;V
28/02/2017;-5,16;V
01/03/2017;-5,41;V
02/03/2017;-5,51;V
03/03/2017;-5,64;V
04/03/2017;-5,64;V
05/03/2017;-4,59;V
06/03/2017;-3,58;V
07/03/2017;-0,22;V
08/03/2017;-2,89;V
09/03/2017;-4,30;V
10/03/2017;-4,88;V
11/03/2017;-5,10;V
12/03/2017;-5,27;V
13/03/2017;-5,58;V
14/03/2017;-5,98;V
15/03/2017;-5,90;V
16/03/2017;-6,12;V
17/03/2017;-5,97;V
18/03/2017;-5,95;V
19/03/2017;-6,03;V
20/03/2017;-6,09;V
21/03/2017;-6,02;V
22/03/2017;-6,14;V
23/03/2017;-6,26;V
24/03/2017;-6,28;V
25/03/2017;-6,36;V
26/03/2017;-6,36;V
27/03/2017;-6,39;V
28/03/2017;-6,43;V
29/03/2017;-6,44;V
30/03/2017;-6,48;V
31/03/2017;-6,50;V
01/04/2017;-6,52;V
02/04/2017;-6,42;V
03/04/2017;-6,45;V
04/04/2017;-6,60;V
05/04/2017;-6,64;V
06/04/2017;-6,62;V
07/04/2017;-6,62;V
08/04/2017;-6,60;V
09/04/2017;-6,60;V
10/04/2017;-6,65;V
11/04/2017;-6,66;V
12/04/2017;-6,63;V
13/04/2017;-6,68;V
14/04/2017;-6,69;V
15/04/2017;-6,68;V
16/04/2017;-6,52;V
17/04/2017;-6,68;V
18/04/2017;-6,70;V
19/04/2017;-6,48;V
20/04/2017;-6,75;V
21/04/2017;-6,82;V
22/04/2017;-6,75;V
23/04/2017;-6,76;V
24/04/2017;-6,82;V
25/04/2017;-6,73;V
26/04/2017;-6,75;V
27/04/2017;-6,66;V
28/04/2017;-5,95;V
29/04/2017;-6,27;V
30/04/2017;-6,64;V
01/05/2017;-6,48;V
02/05/2017;-6,62;V
03/05/2017;-6,60;V
04/05/2017;-6,56;V
05/05/2017;-6,54;V
06/05/2017;-6,54;V
07/05/2017;-6,06;V
08/05/2017;-6,05;V
09/05/2017;-6,15;V
10/05/2017;-5,88;V
11/05/2017;-6,26;V
12/05/2017;-6,49;V
13/05/2017;-6,36;V
14/05/2017;-6,65;V
15/05/2017;-6,48;V
16/05/2017;-6,61;V
17/05/2017;-6,68;V
18/05/2017;-6,73;V
19/05/2017;-6,71;V
20/05/2017;-6,69;V
21/05/2017;-6,69;V
22/05/2017;-6,77;V
23/05/2017;-6,82;V
24/05/2017;-6,78;V
25/05/2017;-6,88;V
26/05/2017;-6,86;V
27/05/2017;-6,93;V
28/05/2017;-6,95;V
29/05/2017;-6,95;V
30/05/2017;-6,91;V
31/05/2017;-6,90;V
01/06/2017;-6,96;V
02/06/2017;-6,98;V
03/06/2017;-6,93;V
04/06/2017;-6,98;V
05/06/2017;-7,00;V
06/06/2017;-6,91;V
07/06/2017;-6,85;V
08/06/2017;-6,96;V
09/06/2017;-6,94;V
10/06/2017;-7,00;V
11/06/2017;-7,04;V
12/06/2017;-7,03;V
13/06/2017;-7,04;V
14/06/2017;-7,02;V
15/06/2017;-7,02;V
16/06/2017;-6,99;V
17/06/2017;-7,03;V
18/06/2017;-7,09;V
19/06/2017;-7,09;V
20/06/2017;-6,99;V
21/06/2017;-7,04;V
22/06/2017;-7,08;V
23/06/2017;-7,07;V
24/06/2017;-7,06;V
25/06/2017;-7,07;V
26/06/2017;-7,09;V
27/06/2017;-7,07;V
28/06/2017;-7,03;V
29/06/2017;-6,70;V
30/06/2017;-6,90;V
01/07/2017;-7,07;V
02/07/2017;-7,04;V
03/07/2017;-7,06;V
04/07/2017;-7,07;V
05/07/2017;-7,07;V
06/07/2017;-7,10;V
07/07/2017;-7,13;V
08/07/2017;-7,13;V
09/07/2017;-7,13;V
10/07/2017;-7,12;V
11/07/2017;-7,10;V
12/07/2017;-7,10;V
13/07/2017;-7,06;V
14/07/2017;-7,09;V
15/07/2017;-7,13;V
16/07/2017;-7,15;V
17/07/2017;-7,17;V
18/07/2017;-7,16;V
19/07/2017;-7,12;V
20/07/2017;-7,11;V
21/07/2017;-7,10;V
22/07/2017;-7,10;V
23/07/2017;-7,12;V
24/07/2017;-7,11;V
25/07/2017;-7,08;V
26/07/2017;-7,03;V
27/07/2017;-7,07;V
28/07/2017;-7,01;V
29/07/2017;-7,13;V
30/07/2017;-7,15;V
31/07/2017;-7,17;V
01/08/2017;-7,20;V
02/08/2017;-7,21;V
03/08/2017;-7,22;V
04/08/2017;-7,19;V
05/08/2017;-7,17;V
06/08/2017;-7,13;V
07/08/2017;-7,09;V
08/08/2017;-7,11;V
09/08/2017;-7,12;V
10/08/2017;-7,06;V
11/08/2017;-6,81;V
12/08/2017;-6,98;V
13/08/2017;-7,05;V
14/08/2017;-7,12;V
15/08/2017;-7,16;V
16/08/2017;-7,17;V
17/08/2017;-7,16;V
18/08/2017;-7,15;V
19/08/2017;-7,13;V
20/08/2017;-7,16;V
21/08/2017;-7,20;V
22/08/2017;-7,20;V
23/08/2017;-7,17;V
24/08/2017;-7,19;V
25/08/2017;-7,16;V
26/08/2017;-7,16;V
27/08/2017;-7,14;V
28/08/2017;-7,12;V
29/08/2017;-7,12;V
30/08/2017;-7,12;V
31/08/2017;-7,11;V
01/09/2017;-7,08;V
02/09/2017;-7,07;V
03/09/2017;-7,03;V
04/09/2017;-7,08;V
05/09/2017;-7,09;V
06/09/2017;-7,07;V
07/09/2017;-7,07;V
08/09/2017;-6,94;V
09/09/2017;-6,91;V
10/09/2017;-5,42;V
11/09/2017;-6,00;V
12/09/2017;-6,73;V
13/09/2017;-6,93;V
14/09/2017;-6,98;V
15/09/2017;-6,99;V
16/09/2017;-6,80;V
17/09/2017;-6,76;V
18/09/2017;-6,84;V
19/09/2017;-6,61;V
20/09/2017;-6,76;V
21/09/2017;-6,96;V
22/09/2017;-7,01;V
23/09/2017;-7,00;V
24/09/2017;-6,95;V
25/09/2017;-6,71;V
26/09/2017;-6,88;V
27/09/2017;-6,96;V
28/09/2017;-6,99;V
29/09/2017;-6,99;V
30/09/2017;-7,05;V
01/10/2017;-7,06;V
02/10/2017;-7,07;V
03/10/2017;-7,06;V
04/10/2017;-7,05;V
05/10/2017;-7,03;V
06/10/2017;-7,05;V
07/10/2017;-7,11;V
08/10/2017;-7,12;V
09/10/2017;-7,13;V
10/10/2017;-7,12;V
11/10/2017;-7,13;V
12/10/2017;-7,10;V
13/10/2017;-7,11;V
14/10/2017;-7,09;V
15/10/2017;-7,11;V
16/10/2017;-7,11;V
17/10/2017;-7,11;V
18/10/2017;-7,11;V
19/10/2017;-7,12;V
20/10/2017;-7,14;V
21/10/2017;-7,11;V
22/10/2017;-7,12;V
23/10/2017;-7,15;V
24/10/2017;-7,14;V
25/10/2017;-7,14;V
26/10/2017;-7,15;V
27/10/2017;-7,13;V
28/10/2017;-7,16;V
29/10/2017;-7,15;V
30/10/2017;-7,18;V
31/10/2017;-7,19;V
01/11/2017;-7,22;V
02/11/2017;-7,15;V
03/11/2017;-7,08;V
04/11/2017;-7,10;V
05/11/2017;-7,00;V
06/11/2017;-6,17;V
07/11/2017;-6,01;V
08/11/2017;-6,47;V
09/11/2017;-6,78;V
10/11/2017;-6,93;V
11/11/2017;-7,02;V
12/11/2017;-7,02;V
13/11/2017;-6,11;V
14/11/2017;-5,91;V
15/11/2017;-6,45;V
16/11/2017;-6,70;V
17/11/2017;-6,69;V
18/11/2017;-6,79;V
19/11/2017;-6,78;V
20/11/2017;-6,86;V
21/11/2017;-6,91;V
22/11/2017;-6,90;V
23/11/2017;-6,85;V
24/11/2017;-6,94;V
25/11/2017;-6,94;V
26/11/2017;-6,72;V
27/11/2017;-6,63;V
28/11/2017;-6,80;V
29/11/2017;-6,24;V
30/11/2017;-5,63;V
01/12/2017;-5,90;V
02/12/2017;-6,47;V
03/12/2017;-6,69;V
04/12/2017;-6,77;V
05/12/2017;-6,80;V
06/12/2017;-6,82;V
07/12/2017;-6,73;V
08/12/2017;-6,23;V
09/12/2017;-3,95;V
10/12/2017;-5,52;V
11/12/2017;-3,62;V
12/12/2017;-3,51;V
13/12/2017;-3,90;V
14/12/2017;-4,26;V
15/12/2017;-4,15;V
16/12/2017;-4,66;V
17/12/2017;-5,05;V
18/12/2017;-5,48;V
19/12/2017;-5,68;V
20/12/2017;-5,91;V
21/12/2017;-6,10;V
22/12/2017;-6,16;V
23/12/2017;-6,17;V
24/12/2017;-6,47;V
25/12/2017;-6,55;V
26/12/2017;-6,57;V
27/12/2017;-5,80;V
28/12/2017;-2,36;V
29/12/2017;-3,74;V
30/12/2017;-4,71;V
31/12/2017;-5,42;V
01/01/2018;-5,58;V
02/01/2018;-4,74;V
03/01/2018;-4,61;V
04/01/2018;-4,79;V
05/01/2018;-5,02;V
06/01/2018;-5,16;V
07/01/2018;-5,48;V
08/01/2018;-5,72;V
09/01/2018;-5,73;V
10/01/2018;-5,85;V
11/01/2018;-5,76;V
12/01/2018;-5,74;V
13/01/2018;-5,67;V
14/01/2018;-5,76;V
15/01/2018;-5,92;V
16/01/2018;-5,88;V
17/01/2018;-4,54;V
18/01/2018;-4,17;V
19/01/2018;-4,63;V
20/01/2018;-4,91;V
21/01/2018;-4,90;V
22/01/2018;-5,13;V
23/01/2018;-5,43;V
24/01/2018;-5,56;V
25/01/2018;-5,78;V
26/01/2018;-5,86;V
27/01/2018;-5,96;V
28/01/2018;-6,05;V
29/01/2018;-6,28;V
30/01/2018;-6,12;V
31/01/2018;-6,09;V
01/02/2018;-5,75;V
02/02/2018;-2,94;V
03/02/2018;0,94;V
04/02/2018;-1,75;V
05/02/2018;-3,88;V
06/02/2018;-4,53;V
07/02/2018;-4,68;V
08/02/2018;-5,16;V
09/02/2018;-5,20;V
10/02/2018;-5,37;V
11/02/2018;-5,58;V
12/02/2018;-5,50;V
13/02/2018;-5,50;V
14/02/2018;-5,76;V
15/02/2018;-5,89;V
16/02/2018;-5,95;V
17/02/2018;-5,89;V
18/02/2018;-2,67;V
19/02/2018;-2,10;V
20/02/2018;-4,18;V
21/02/2018;-4,86;V
22/02/2018;-5,02;V
23/02/2018;-5,28;V
24/02/2018;-5,22;V
25/02/2018;-5,24;V
26/02/2018;-5,46;V
27/02/2018;-5,57;V
28/02/2018;-5,65;V
01/03/2018;-5,59;V
02/03/2018;-4,00;V
03/03/2018;0,78;V
04/03/2018;-0,06;V
05/03/2018;-2,47;V
06/03/2018;-2,69;V
07/03/2018;-1,54;V
08/03/2018;-1,87;V
09/03/2018;-3,33;V
10/03/2018;-3,96;V
11/03/2018;-3,37;V
12/03/2018;0,82;V
13/03/2018;-0,04;V
14/03/2018;-2,34;V
15/03/2018;-3,44;V
16/03/2018;-0,28;V
17/03/2018;-1,13;V
18/03/2018;-2,43;V
19/03/2018;-1,08;V
20/03/2018;-2,02;V
21/03/2018;-3,25;V
22/03/2018;-3,67;V
23/03/2018;-4,10;V
24/03/2018;-4,65;V
25/03/2018;-5,03;V
26/03/2018;-5,21;V
27/03/2018;-5,33;V
28/03/2018;-5,32;V
29/03/2018;-5,53;V
30/03/2018;-5,53;V
31/03/2018;-5,18;V
01/04/2018;-5,10;V
02/04/2018;-5,43;V
03/04/2018;-5,54;V
04/04/2018;-5,18;V
05/04/2018;-3,26;V
06/04/2018;-3,81;V
07/04/2018;-4,55;V
08/04/2018;-4,93;V
09/04/2018;-5,11;V
10/04/2018;-5,05;V
11/04/2018;-5,02;V
12/04/2018;-5,14;V
13/04/2018;-5,29;V
14/04/2018;-5,52;V
15/04/2018;-5,52;V
16/04/2018;-5,55;V
17/04/2018;-5,56;V
18/04/2018;-5,65;V
19/04/2018;-5,89;V
20/04/2018;-5,95;V
21/04/2018;-6,02;V
22/04/2018;-6,03;V
23/04/2018;-6,05;V
24/04/2018;-6,09;V
25/04/2018;-6,22;V
26/04/2018;-6,24;V
27/04/2018;-6,24;V
28/04/2018;-6,25;V
29/04/2018;-6,24;V
30/04/2018;-6,30;V
01/05/2018;-6,20;V
02/05/2018;-5,87;V
03/05/2018;-5,92;V
04/05/2018;-6,24;V
05/05/2018;-6,24;V
06/05/2018;-6,25;V
07/05/2018;-6,08;V
08/05/2018;-6,01;V
09/05/2018;-5,72;V
10/05/2018;-5,56;V
11/05/2018;-5,67;V
12/05/2018;-5,94;V
13/05/2018;-6,09;V
14/05/2018;-5,87;V
15/05/2018;-5,50;V
16/05/2018;-5,48;V
17/05/2018;-5,60;V
18/05/2018;-5,78;V
19/05/2018;-5,89;V
20/05/2018;-5,96;V
21/05/2018;-5,95;V
22/05/2018;-5,15;V
23/05/2018;-4,73;V
24/05/2018;-5,28;V
25/05/2018;-5,52;V
26/05/2018;-5,78;V
27/05/2018;-6,35;V
28/05/2018;-6,44;V
29/05/2018;-6,48;V
30/05/2018;-6,39;V
31/05/2018;-6,36;V
01/06/2018;-6,39;V
02/06/2018;-6,39;V
03/06/2018;-6,48;V
04/06/2018;-6,52;V
05/06/2018;-6,27;V
06/06/2018;-6,49;V
07/06/2018;-6,59;V
08/06/2018;-6,31;V
09/06/2018;-5,92;V
10/06/2018;-6,02;V
11/06/2018;-6,48;V
12/06/2018;-6,61;V
13/06/2018;-6,44;V
14/06/2018;-6,22;V
15/06/2018;-6,50;V
16/06/2018;-6,64;V
17/06/2018;-6,65;V
18/06/2018;-6,65;V
19/06/2018;-6,68;V
20/06/2018;-6,66;V
21/06/2018;-6,64;V
22/06/2018;-6,62;V
23/06/2018;-6,61;V
24/06/2018;-6,66;V
25/06/2018;-6,67;V
26/06/2018;-6,72;V
27/06/2018;-6,70;V
28/06/2018;-6,68;V
29/06/2018;-6,71;V
30/06/2018;-6,72;V
01/07/2018;-6,75;V
02/07/2018;-6,77;V
03/07/2018;-6,80;V
04/07/2018;-6,86;V
05/07/2018;-6,88;V
06/07/2018;-6,78;V
07/07/2018;-6,86;V
08/07/2018;-6,83;V
09/07/2018;-6,85;V
10/07/2018;-6,94;V
11/07/2018;-6,89;V
12/07/2018;-6,92;V
13/07/2018;-6,97;V
14/07/2018;-6,97;V
15/07/2018;-6,93;V
16/07/2018;-6,96;V
17/07/2018;-6,81;V
18/07/2018;-6,71;V
19/07/2018;-6,79;V
20/07/2018;-6,93;V
21/07/2018;-6,97;V
22/07/2018;-6,97;V
23/07/2018;-6,75;V
24/07/2018;-6,75;V
25/07/2018;-6,86;V
26/07/2018;-6,91;V
27/07/2018;-6,96;V
28/07/2018;-6,92;V
29/07/2018;-6,94;V
30/07/2018;-6,97;V
31/07/2018;-6,99;V
01/08/2018;-6,98;V
02/08/2018;-6,96;V
03/08/2018;-6,90;V
04/08/2018;-6,95;V
05/08/2018;-6,96;V
06/08/2018;-6,95;V
07/08/2018;-6,93;V
08/08/2018;-6,63;V
09/08/2018;-6,83;V
10/08/2018;-6,90;V
11/08/2018;-6,93;V
12/08/2018;-6,96;V
13/08/2018;-6,95;V
14/08/2018;-6,84;V
15/08/2018;-6,90;V
16/08/2018;-6,91;V
17/08/2018;-6,95;V
18/08/2018;-6,96;V
19/08/2018;-6,97;V
20/08/2018;-6,96;V
21/08/2018;-6,96;V
22/08/2018;-6,91;V
23/08/2018;-6,82;V
24/08/2018;-6,91;V
25/08/2018;-6,90;V
26/08/2018;-6,84;V
27/08/2018;-6,92;V
28/08/2018;-6,96;V
29/08/2018;-6,94;V
30/08/2018;-6,95;V
31/08/2018;-6,92;V
01/09/2018;-6,76;V
02/09/2018;-6,78;V
03/09/2018;-6,83;V
04/09/2018;-6,84;V
05/09/2018;-6,89;V
06/09/2018;-6,92;V
07/09/2018;-6,93;V
08/09/2018;-6,93;V
09/09/2018;-6,95;V
10/09/2018;-6,96;V
11/09/2018;-6,94;V
12/09/2018;-6,94;V
13/09/2018;-6,94;V
14/09/2018;-6,94;V
15/09/2018;-6,94;V
16/09/2018;-6,96;V
17/09/2018;-6,96;V
18/09/2018;-6,96;V
19/09/2018;-6,95;V
20/09/2018;-6,93;V
21/09/2018;-6,93;V
22/09/2018;-6,95;V
23/09/2018;-6,98;V
24/09/2018;-6,97;V
25/09/2018;-7,00;V
26/09/2018;-7,04;V
27/09/2018;-7,20;V
28/09/2018;-7,06;V
29/09/2018;-7,06;V
30/09/2018;-7,07;V
01/10/2018;-6,87;V
02/10/2018;-6,72;V
03/10/2018;-6,90;V
04/10/2018;-6,97;V
05/10/2018;-7,01;V
06/10/2018;-6,97;V
07/10/2018;-6,88;V
08/10/2018;-6,96;V
09/10/2018;-6,99;V
10/10/2018;-6,99;V
11/10/2018;-7,00;V
12/10/2018;-7,02;V
13/10/2018;-7,04;V
14/10/2018;-7,05;V
15/10/2018;-7,05;V
16/10/2018;-7,03;V
17/10/2018;-7,01;V
18/10/2018;-7,03;V
19/10/2018;-7,04;V
20/10/2018;-7,05;V
21/10/2018;-7,06;V
22/10/2018;-7,08;V
23/10/2018;-7,09;V
24/10/2018;-7,07;V
25/10/2018;-7,01;V
26/10/2018;-7,02;V
27/10/2018;-7,04;V
28/10/2018;-7,01;V
29/10/2018;-6,29;V
30/10/2018;-6,00;V
31/10/2018;-6,39;V
01/11/2018;-6,39;V
02/11/2018;-6,14;V
03/11/2018;-6,33;V
04/11/2018;-6,60;V
05/11/2018;-6,61;V
06/11/2018;-6,68;V
07/11/2018;-6,67;V
08/11/2018;-6,68;V
09/11/2018;-6,82;V
10/11/2018;-6,85;V
11/11/2018;-6,74;V
12/11/2018;-6,86;V
13/11/2018;-6,92;V
14/11/2018;-6,93;V
15/11/2018;-6,93;V
16/11/2018;-6,95;V
17/11/2018;-6,97;V
18/11/2018;-6,95;V
19/11/2018;-6,98;V
20/11/2018;-6,90;V
21/11/2018;-6,69;V
22/11/2018;-6,39;V
23/11/2018;-6,43;V
24/11/2018;-6,21;V
25/11/2018;-6,17;V
26/11/2018;-5,87;V
27/11/2018;-5,89;V
28/11/2018;-6,12;V
29/11/2018;-6,39;V
30/11/2018;-6,55;V
01/12/2018;-6,67;V
02/12/2018;-6,59;V
03/12/2018;-6,45;V
04/12/2018;-6,16;V
05/12/2018;-6,18;V
06/12/2018;-6,27;V
07/12/2018;-6,29;V
08/12/2018;-6,23;V
09/12/2018;-5,97;V
10/12/2018;-6,12;V
11/12/2018;-6,16;V
12/12/2018;-6,35;V
13/12/2018;-6,47;V
14/12/2018;-6,50;V
15/12/2018;-6,61;V
16/12/2018;-6,58;V
17/12/2018;-6,06;V
18/12/2018;-6,18;V
19/12/2018;-6,08;V
20/12/2018;-6,16;V
21/12/2018;-5,98;V
22/12/2018;-6,04;V
23/12/2018;-5,85;V
24/12/2018;-5,94;V
25/12/2018;-6,11;V
26/12/2018;-6,27;V
27/12/2018;-6,41;V
28/12/2018;-6,42;V
29/12/2018;-6,53;V
30/12/2018;-6,65;V
31/12/2018;-6,72;V
01/01/2019;-6,50;V
02/01/2019;-6,70;V
03/01/2019;-6,66;V
04/01/2019;-6,71;V
05/01/2019;-6,59;V
06/01/2019;-6,72;V
07/01/2019;-6,81;V
08/01/2019;-6,70;V
09/01/2019;-6,72;V
10/01/2019;-6,73;V
11/01/2019;-6,77;V
12/01/2019;-6,73;V
13/01/2019;-6,76;V
14/01/2019;-6,85;V
15/01/2019;-6,76;V
16/01/2019;-6,77;V
17/01/2019;-6,81;V
18/01/2019;-6,28;V
19/01/2019;-6,40;V
20/01/2019;-6,48;V
21/01/2019;-6,64;V
22/01/2019;-6,56;V
23/01/2019;-6,61;V
24/01/2019;-6,47;V
25/01/2019;-6,35;V
26/01/2019;-6,49;V
27/01/2019;-6,54;V
28/01/2019;-6,44;V
29/01/2019;-6,22;V
30/01/2019;-6,26;V
31/01/2019;-6,17;V
01/02/2019;-5,32;V
02/02/2019;-1,22;V
03/02/2019;1,38;V
04/02/2019;-2,69;V
05/02/2019;-4,51;V
06/02/2019;-5,13;V
07/02/2019;-5,51;V
08/02/2019;-5,78;V
09/02/2019;-5,73;V
10/02/2019;-5,88;V
11/02/2019;-6,06;V
12/02/2019;-6,08;V
13/02/2019;-5,99;V
14/02/2019;-6,19;V
15/02/2019;-6,25;V
16/02/2019;-6,28;V
17/02/2019;-6,31;V
18/02/2019;-6,30;V
19/02/2019;-6,14;V
20/02/2019;-6,37;V
21/02/2019;-6,54;V
22/02/2019;-6,57;V
23/02/2019;-6,45;V
24/02/2019;-6,41;V
25/02/2019;-6,62;V
26/02/2019;-6,55;V
27/02/2019;-6,63;V
28/02/2019;-6,54;V
01/03/2019;-6,61;V
02/03/2019;-6,56;V
03/03/2019;-6,66;V
04/03/2019;-6,72;V
05/03/2019;-6,56;V
06/03/2019;-6,65;V
07/03/2019;-6,62;V
08/03/2019;-6,67;V
09/03/2019;-6,73;V
10/03/2019;-6,64;V
11/03/2019;-6,70;V
12/03/2019;-6,60;V
13/03/2019;-6,67;V
14/03/2019;-6,60;V
15/03/2019;-6,69;V
16/03/2019;-6,77;V
17/03/2019;-6,79;V
18/03/2019;-6,67;V
19/03/2019;-6,70;V
20/03/2019;-6,62;V
21/03/2019;-6,73;V
22/03/2019;-6,66;V
23/03/2019;-6,74;V
24/03/2019;-6,71;V
25/03/2019;-6,73;V
26/03/2019;-6,83;V
27/03/2019;-6,80;V
28/03/2019;-6,80;V
29/03/2019;-6,78;V
30/03/2019;-6,77;V
31/03/2019;-6,77;V
01/04/2019;-6,79;V
02/04/2019;-6,85;V
03/04/2019;-6,61;V
04/04/2019;-6,57;V
05/04/2019;-5,66;V
06/04/2019;-5,57;V
07/04/2019;-5,94;V
08/04/2019;-6,18;V
09/04/2019;-6,24;V
10/04/2019;-6,49;V
11/04/2019;-6,49;V
12/04/2019;-6,51;V
13/04/2019;-6,32;V
14/04/2019;-6,53;V
15/04/2019;-5,96;V
16/04/2019;-6,22;V
17/04/2019;-6,34;V
18/04/2019;-6,35;V
19/04/2019;-6,47;V
20/04/2019;-6,61;V
21/04/2019;-6,70;V
22/04/2019;-6,60;V
23/04/2019;-6,13;V
24/04/2019;-5,83;V
25/04/2019;-6,01;V
26/04/2019;-6,05;V
27/04/2019;-6,20;V
28/04/2019;-6,12;V
29/04/2019;-6,09;V
30/04/2019;-6,27;V
01/05/2019;-6,32;V
02/05/2019;-6,02;V
03/05/2019;-6,34;V
04/05/2019;-5,85;V
05/05/2019;-5,99;V
06/05/2019;-5,32;V
07/05/2019;-5,42;V
08/05/2019;-5,78;V
09/05/2019;-5,56;V
10/05/2019;-5,27;V
11/05/2019;-5,49;V
12/05/2019;-5,62;V
13/05/2019;-5,30;V
14/05/2019;-4,72;V
15/05/2019;-5,15;V
16/05/2019;-5,65;V
17/05/2019;-5,81;V
18/05/2019;-5,67;V
19/05/2019;-5,75;V
20/05/2019;-5,04;V
21/05/2019;-4,82;V
22/05/2019;-5,00;V
23/05/2019;-4,95;V
24/05/2019;-5,50;V
25/05/2019;-5,43;V
26/05/2019;-5,16;V
27/05/2019;-5,47;V
28/05/2019;-4,96;V
29/05/2019;-4,10;V
30/05/2019;-3,64;V
31/05/2019;-4,67;V
01/06/2019;-5,20;V
02/06/2019;-5,56;V
03/06/2019;-5,76;V
04/06/2019;-5,96;V
05/06/2019;-6,09;V
06/06/2019;-6,06;V
07/06/2019;-6,40;V
08/06/2019;-6,38;V
09/06/2019;-6,30;V
10/06/2019;-6,43;V
11/06/2019;-6,42;V
12/06/2019;-6,53;V
13/06/2019;-6,53;V
14/06/2019;-6,58;V
15/06/2019;-6,57;V
16/06/2019;-6,67;V
17/06/2019;-6,64;V
18/06/2019;-6,62;V
19/06/2019;-6,70;V
20/06/2019;-6,80;V
21/06/2019;-6,71;V
22/06/2019;-6,75;V
23/06/2019;-6,67;V
24/06/2019;-6,77;V
25/06/2019;-6,77;V
26/06/2019;-6,87;V
27/06/2019;-6,89;V
28/06/2019;-6,79;V
29/06/2019;-6,89;V
30/06/2019;-6,93;V
01/07/2019;-6,98;V
02/07/2019;-6,97;V
03/07/2019;-6,89;V
04/07/2019;-6,92;V
05/07/2019;-6,91;V
06/07/2019;-6,95;V
07/07/2019;-6,90;V
08/07/2019;-6,81;V
09/07/2019;-6,87;V
10/07/2019;-6,92;V
11/07/2019;-6,89;V
12/07/2019;-6,84;V
13/07/2019;-6,94;V
14/07/2019;-6,95;V
15/07/2019;-6,83;V
16/07/2019;-6,76;V
17/07/2019;-6,81;V
18/07/2019;-6,94;V
19/07/2019;-6,98;V
20/07/2019;-6,98;V
21/07/2019;-7,00;V
22/07/2019;-6,98;V
23/07/2019;-6,98;V
24/07/2019;-7,00;V
25/07/2019;-6,99;V
26/07/2019;-6,99;V
27/07/2019;-6,75;V
28/07/2019;-4,66;V
29/07/2019;-5,39;V
30/07/2019;-6,38;V
31/07/2019;;@
01/08/2019;-7,28;V
02/08/2019;-7,33;V
03/08/2019;-7,24;V
04/08/2019;-7,23;V
05/08/2019;-7,28;V
06/08/2019;-7,29;V
07/08/2019;-7,33;V
08/08/2019;-7,34;V
09/08/2019;-7,40;V
10/08/2019;-7,45;V
11/08/2019;-7,50;V
12/08/2019;-7,50;V
13/08/2019;-7,50;V
14/08/2019;-7,55;V
15/08/2019;-7,53;V
16/08/2019;-7,55;V
17/08/2019;-7,54;V
18/08/2019;-7,54;V
19/08/2019;-7,56;V
20/08/2019;;@
21/08/2019;;@
22/08/2019;-7,55;V
23/08/2019;-7,49;V
24/08/2019;-7,18;V
25/08/2019;-7,20;V
26/08/2019;-7,21;V
27/08/2019;-7,30;V
28/08/2019;-7,41;V
29/08/2019;-7,31;V
30/08/2019;-7,41;V
31/08/2019;-7,32;V
01/09/2019;-7,41;V
02/09/2019;-7,28;V
03/09/2019;-6,99;V
04/09/2019;-7,28;V
05/09/2019;-7,42;V
06/09/2019;-7,46;V
07/09/2019;-7,41;V
08/09/2019;-7,29;V
09/09/2019;-7,05;V
10/09/2019;-7,27;V
11/09/2019;-7,26;V
12/09/2019;-7,28;V
13/09/2019;-7,28;V
14/09/2019;-7,42;V
15/09/2019;-7,55;V
16/09/2019;-7,60;V
17/09/2019;-7,55;V
18/09/2019;-7,59;V
19/09/2019;-7,49;V
20/09/2019;;@
21/09/2019;-7,57;V
22/09/2019;-7,44;V
23/09/2019;-6,64;V
24/09/2019;-6,40;V
25/09/2019;-6,97;V
26/09/2019;-6,92;V
27/09/2019;;@
28/09/2019;-7,22;V
29/09/2019;-7,36;V
30/09/2019;-7,46;V
01/10/2019;-7,48;V
02/10/2019;-7,43;V
03/10/2019;-7,11;V
04/10/2019;-7,35;V
05/10/2019;-7,39;V
06/10/2019;-7,49;V
07/10/2019;-7,50;V
08/10/2019;-7,53;V
09/10/2019;-7,49;V
10/10/2019;-7,47;V
11/10/2019;-7,47;V
12/10/2019;-7,52;V
13/10/2019;-7,55;V
14/10/2019;-7,44;V
15/10/2019;-7,41;V
16/10/2019;-6,88;V
17/10/2019;-7,15;V
18/10/2019;-7,34;V
19/10/2019;-7,41;V
20/10/2019;-7,46;V
21/10/2019;-7,48;V
22/10/2019;-7,50;V
23/10/2019;-7,52;V
24/10/2019;-7,47;V
25/10/2019;-7,20;V
26/10/2019;-7,35;V
27/10/2019;-7,43;V
28/10/2019;-7,46;V
29/10/2019;-7,40;V
30/10/2019;-7,13;V
31/10/2019;-7,06;V
01/11/2019;-7,09;V
02/11/2019;-7,23;V
03/11/2019;-6,03;V
04/11/2019;-5,98;V
05/11/2019;-5,89;V
06/11/2019;-3,07;V
07/11/2019;-4,59;V
08/11/2019;-4,20;V
09/11/2019;-2,55;V
10/11/2019;-4,49;V
11/11/2019;-5,42;V
12/11/2019;-5,99;V
13/11/2019;-5,02;V
14/11/2019;-5,11;V
15/11/2019;-4,86;V
16/11/2019;-1,49;V
17/11/2019;3,59;V
18/11/2019;2,33;V
19/11/2019;-0,97;V
20/11/2019;-1,70;V
21/11/2019;-3,54;V
22/11/2019;-4,34;V
23/11/2019;-4,89;V
24/11/2019;-4,80;V
25/11/2019;-5,13;V
26/11/2019;-5,44;V
27/11/2019;-5,50;V
28/11/2019;-4,38;V
29/11/2019;-4,48;V
30/11/2019;-4,50;V
01/12/2019;-4,97;V
02/12/2019;-3,80;V
03/12/2019;0,50;V
04/12/2019;-3,11;V
05/12/2019;-4,36;V
06/12/2019;-4,98;V
07/12/2019;-5,27;V
08/12/2019;-5,54;V
09/12/2019;-5,47;V
10/12/2019;-5,26;V
11/12/2019;-5,56;V
12/12/2019;-5,69;V
13/12/2019;-4,21;V
14/12/2019;-2,51;V
15/12/2019;-4,41;V
16/12/2019;-4,75;V
17/12/2019;-5,18;V
18/12/2019;-5,46;V
19/12/2019;-5,77;V
20/12/2019;-5,67;V
21/12/2019;-2,39;V
22/12/2019;3,57;V
23/12/2019;1,97;V
24/12/2019;-2,62;V
25/12/2019;-3,93;V
26/12/2019;-4,43;V
27/12/2019;-4,95;V
28/12/2019;-5,23;V
29/12/2019;-5,51;V
30/12/2019;-5,59;V
31/12/2019;-5,67;V
01/01/2020;-5,89;V
02/01/2020;-6,20;V
03/01/2020;-5,93;V
04/01/2020;-6,12;V
05/01/2020;-6,15;V
06/01/2020;-6,20;V
07/01/2020;-6,22;V
08/01/2020;-6,22;V
09/01/2020;-6,28;V
10/01/2020;-6,37;V
11/01/2020;-6,39;V
12/01/2020;-6,46;V
13/01/2020;-6,50;V
14/01/2020;-6,45;V
15/01/2020;-6,53;V
16/01/2020;-6,52;V
17/01/2020;-6,47;V
18/01/2020;-5,98;V
19/01/2020;-5,97;V
20/01/2020;-6,38;V
21/01/2020;-6,40;V
22/01/2020;-6,48;V
23/01/2020;-6,54;V
24/01/2020;-6,54;V
25/01/2020;-6,05;V
26/01/2020;-5,82;V
27/01/2020;-5,97;V
28/01/2020;-5,80;V
29/01/2020;-5,77;V
30/01/2020;-5,99;V
31/01/2020;-5,97;V
01/02/2020;-5,88;V
02/02/2020;-5,08;V
03/02/2020;-5,13;V
04/02/2020;-5,45;V
05/02/2020;-5,70;V
06/02/2020;-5,94;V
07/02/2020;-6,12;V
08/02/2020;-6,18;V
09/02/2020;-6,26;V
10/02/2020;-6,41;V
11/02/2020;-5,99;V
12/02/2020;-6,18;V
13/02/2020;-6,30;V
14/02/2020;-5,80;V
15/02/2020;-5,65;V
16/02/2020;-5,96;V
17/02/2020;-6,13;V
18/02/2020;-6,20;V
19/02/2020;-6,25;V
20/02/2020;-6,33;V
21/02/2020;-6,40;V
22/02/2020;-6,44;V
23/02/2020;-6,47;V
24/02/2020;-6,58;V
25/02/2020;-6,47;V
26/02/2020;-6,49;V
27/02/2020;-6,43;V
28/02/2020;-5,41;V
29/02/2020;-5,83;V
01/03/2020;-5,76;V
02/03/2020;-3,95;V
03/03/2020;0,72;V
04/03/2020;-1,70;V
05/03/2020;-3,52;V
06/03/2020;-2,19;V
07/03/2020;-3,30;V
08/03/2020;-4,24;V
09/03/2020;-4,79;V
10/03/2020;-5,32;V
11/03/2020;-5,56;V
12/03/2020;-5,52;V
13/03/2020;-5,78;V
14/03/2020;-5,83;V
15/03/2020;-5,93;V
16/03/2020;-6,04;V
17/03/2020;-6,13;V
18/03/2020;-6,18;V
19/03/2020;-6,24;V
20/03/2020;-6,32;V
21/03/2020;-6,33;V
22/03/2020;-6,38;V
23/03/2020;-6,43;V
24/03/2020;-6,45;V
25/03/2020;-6,48;V
26/03/2020;-6,47;V
27/03/2020;-6,49;V
28/03/2020;-6,48;V
29/03/2020;-6,47;V
30/03/2020;-6,40;V
31/03/2020;-6,31;V
01/04/2020;-6,39;V
02/04/2020;-6,44;V
03/04/2020;-6,47;V
04/04/2020;-6,53;V
05/04/2020;-6,56;V
06/04/2020;-6,75;V
07/04/2020;-6,61;V
08/04/2020;-6,62;V
09/04/2020;-6,68;V
10/04/2020;-6,82;V
11/04/2020;-6,74;V
12/04/2020;-6,83;V
13/04/2020;-6,74;V
14/04/2020;-6,82;V
15/04/2020;-6,74;V
16/04/2020;-6,88;V
17/04/2020;-6,78;V
18/04/2020;-6,86;V
19/04/2020;-6,93;V
20/04/2020;-6,65;V
21/04/2020;-6,39;V
22/04/2020;-6,59;V
23/04/2020;-6,64;V
24/04/2020;-6,65;V
25/04/2020;-6,66;V
26/04/2020;-6,73;V
27/04/2020;-6,89;V
28/04/2020;-6,69;V
29/04/2020;-6,20;V
30/04/2020;-5,82;V
01/05/2020;-6,19;V
02/05/2020;-6,45;V
03/05/2020;-6,59;V
04/05/2020;-6,60;V
05/05/2020;-6,62;V
06/05/2020;-6,68;V
07/05/2020;-6,81;V
08/05/2020;-6,94;V
09/05/2020;-7,00;V
10/05/2020;-6,99;V
11/05/2020;-6,86;V
12/05/2020;-6,61;V
13/05/2020;-6,61;V
14/05/2020;-6,71;V
15/05/2020;-6,75;V
16/05/2020;-6,75;V
17/05/2020;-6,75;V
18/05/2020;-6,90;V
19/05/2020;-6,89;V
20/05/2020;-5,97;V
21/05/2020;-6,01;V
22/05/2020;-6,33;V
23/05/2020;-6,75;V
24/05/2020;-6,75;V
25/05/2020;-6,80;V
26/05/2020;-6,97;V
27/05/2020;-7,07;V
28/05/2020;-7,06;V
29/05/2020;-6,92;V
30/05/2020;-6,80;V
31/05/2020;-6,95;V
01/06/2020;-7,04;V
02/06/2020;-7,07;V
03/06/2020;-7,04;V
04/06/2020;-7,02;V
05/06/2020;-6,20;V
06/06/2020;-5,80;V
07/06/2020;-6,63;V
08/06/2020;-6,80;V
09/06/2020;-6,52;V
10/06/2020;-6,48;V
11/06/2020;-6,43;V
12/06/2020;-6,73;V
13/06/2020;-6,74;V
14/06/2020;-6,01;V
15/06/2020;-6,24;V
16/06/2020;-6,26;V
17/06/2020;-6,37;V
18/06/2020;-6,39;V
19/06/2020;-6,57;V
20/06/2020;-6,78;V
21/06/2020;-6,90;V
22/06/2020;-6,94;V
23/06/2020;-6,90;V
24/06/2020;-7,02;V
25/06/2020;-7,02;V
26/06/2020;-7,02;V
27/06/2020;-7,09;V
28/06/2020;-7,22;V
29/06/2020;-7,12;V
30/06/2020;-7,22;V
01/07/2020;-7,12;V
02/07/2020;-7,24;V
03/07/2020;-7,14;V
04/07/2020;-7,21;V
05/07/2020;-7,27;V
06/07/2020;-7,31;V
07/07/2020;-7,29;V
08/07/2020;-7,37;V
09/07/2020;-7,30;V
10/07/2020;-7,33;V
11/07/2020;-7,25;V
12/07/2020;-7,21;V
13/07/2020;-7,32;V
14/07/2020;-7,33;V
15/07/2020;-7,28;V
16/07/2020;-7,10;V
17/07/2020;-7,21;V
18/07/2020;-7,30;V
19/07/2020;-7,36;V
20/07/2020;-7,39;V
21/07/2020;-7,39;V
22/07/2020;-7,38;V
23/07/2020;-7,31;V
24/07/2020;-7,26;V
25/07/2020;-7,03;V
26/07/2020;-7,24;V
27/07/2020;-7,34;V
28/07/2020;-7,35;V
29/07/2020;-7,32;V
30/07/2020;-7,34;V
31/07/2020;-7,34;V
01/08/2020;-7,33;V
02/08/2020;-7,36;V
03/08/2020;-7,37;V
04/08/2020;-7,33;V
05/08/2020;-7,28;V
06/08/2020;-7,36;V
07/08/2020;-7,38;V
08/08/2020;-7,43;V
09/08/2020;-7,45;V
10/08/2020;-7,44;V
11/08/2020;-7,45;V
12/08/2020;-7,46;V
13/08/2020;-7,38;V
14/08/2020;-7,37;V
15/08/2020;-7,39;V
16/08/2020;-7,44;V
17/08/2020;-7,43;V
18/08/2020;-7,40;V
19/08/2020;-7,38;V
20/08/2020;-7,41;V
21/08/2020;-7,44;V
22/08/2020;-7,43;V
23/08/2020;-7,42;V
24/08/2020;-7,41;V
25/08/2020;-7,26;V
26/08/2020;-7,29;V
27/08/2020;-7,35;V
28/08/2020;-7,37;V
29/08/2020;-7,39;V
30/08/2020;-6,81;V
31/08/2020;-6,68;V
01/09/2020;-6,53;V
02/09/2020;-7,07;V
03/09/2020;-7,23;V
04/09/2020;-7,32;V
05/09/2020;-7,37;V
06/09/2020;-7,41;V
07/09/2020;-7,42;V
08/09/2020;-7,39;V
09/09/2020;-7,43;V
10/09/2020;-7,43;V
11/09/2020;-7,41;V
12/09/2020;-7,45;V
13/09/2020;-7,49;V
14/09/2020;-7,48;V
15/09/2020;-7,48;V
16/09/2020;-7,47;V
17/09/2020;-7,43;V
18/09/2020;-7,46;V
19/09/2020;-7,47;V
20/09/2020;-7,43;V
21/09/2020;-7,35;V
22/09/2020;-7,22;V
23/09/2020;-6,90;V
24/09/2020;-6,96;V
25/09/2020;-5,63;V
26/09/2020;-6,46;V
27/09/2020;-6,83;V
28/09/2020;-6,94;V
29/09/2020;-6,96;V
30/09/2020;-6,96;V
01/10/2020;-6,95;V
02/10/2020;-6,88;V
03/10/2020;-6,83;V
04/10/2020;-6,38;V
05/10/2020;-5,88;V
06/10/2020;-6,37;V
07/10/2020;-5,94;V
08/10/2020;-6,13;V
09/10/2020;-6,48;V
10/10/2020;-6,73;V
11/10/2020;-6,35;V
12/10/2020;-4,88;V
13/10/2020;-5,76;V
14/10/2020;-6,07;V
15/10/2020;-5,03;V
16/10/2020;-4,95;V
17/10/2020;-5,66;V
18/10/2020;-6,03;V
19/10/2020;-6,29;V
20/10/2020;-6,81;V
21/10/2020;-6,90;V
22/10/2020;-6,94;V
23/10/2020;-6,82;V
24/10/2020;-6,79;V
25/10/2020;-6,24;V
26/10/2020;-6,05;V
27/10/2020;-4,90;V
28/10/2020;-5,87;V
29/10/2020;-6,50;V
30/10/2020;-6,72;V
31/10/2020;-6,82;V
01/11/2020;-6,68;V
02/11/2020;-6,52;V
03/11/2020;-6,79;V
04/11/2020;-6,92;V
05/11/2020;-6,99;V
06/11/2020;-7,05;V
07/11/2020;-7,07;V
08/11/2020;-7,10;V
09/11/2020;-7,02;V
10/11/2020;-6,97;V
11/11/2020;-7,08;V
12/11/2020;-7,06;V
13/11/2020;-6,96;V
14/11/2020;-7,18;V
15/11/2020;-7,02;V
16/11/2020;-6,67;V
17/11/2020;-5,65;V
18/11/2020;-6,01;V
19/11/2020;-6,45;V
20/11/2020;-6,69;V
21/11/2020;-6,70;V
22/11/2020;-6,68;V
23/11/2020;-6,74;V
24/11/2020;-6,84;V
25/11/2020;-6,95;V
26/11/2020;-6,88;V
27/11/2020;-6,87;V
28/11/2020;-6,88;V
29/11/2020;-6,89;V
30/11/2020;-6,93;V
01/12/2020;-6,92;V
02/12/2020;-6,68;V
03/12/2020;-6,38;V
04/12/2020;-6,15;V
05/12/2020;-3,51;V
06/12/2020;0,92;V
07/12/2020;-0,51;V
08/12/2020;-2,68;V
09/12/2020;-1,81;V
10/12/2020;-2,24;V
11/12/2020;-3,45;V
12/12/2020;-4,29;V
13/12/2020;-4,76;V
14/12/2020;-5,46;V
15/12/2020;-5,77;V
16/12/2020;-5,76;V
17/12/2020;-5,83;V
18/12/2020;-5,86;V
19/12/2020;-6,24;V
20/12/2020;-6,10;V
21/12/2020;-6,10;V
22/12/2020;-6,19;V
23/12/2020;-6,39;V
24/12/2020;-5,99;V
25/12/2020;-5,82;V
26/12/2020;-5,63;V
27/12/2020;-5,51;V
28/12/2020;-5,01;V
29/12/2020;-2,23;V
30/12/2020;-1,11;V
31/12/2020;-2,14;V
01/01/2021;-2,19;V
02/01/2021;-1,45;V
03/01/2021;-0,70;V
04/01/2021;-2,88;V
05/01/2021;-3,10;V
06/01/2021;-1,30;V
07/01/2021;-2,12;V
08/01/2021;-3,70;V
09/01/2021;-4,35;V
10/01/2021;-4,85;V
11/01/2021;-4,95;V
12/01/2021;-5,01;V
13/01/2021;-5,34;V
14/01/2021;-5,33;V
15/01/2021;-5,62;V
16/01/2021;-5,82;V
17/01/2021;-5,53;V
18/01/2021;-5,84;V
19/01/2021;-5,93;V
20/01/2021;-6,03;V
21/01/2021;-6,03;V
22/01/2021;-5,92;V
23/01/2021;-3,52;V
24/01/2021;-1,23;V
25/01/2021;-0,57;V
26/01/2021;-1,51;V
27/01/2021;-3,73;V
28/01/2021;-4,48;V
29/01/2021;-4,65;V
30/01/2021;-4,47;V
31/01/2021;-2,61;V
01/02/2021;-3,40;V
02/02/2021;-3,89;V
03/02/2021;-4,45;V
04/02/2021;-4,81;V
05/02/2021;-4,94;V
06/02/2021;-5,02;V
07/02/2021;-4,75;V
08/02/2021;-1,73;V
09/02/2021;0,22;V
10/02/2021;-0,25;V
11/02/2021;-0,61;V
12/02/2021;-3,00;V
13/02/2021;-3,76;V
14/02/2021;-4,17;V
15/02/2021;-4,54;V
16/02/2021;-5,09;V
17/02/2021;-5,09;V
18/02/2021;-4,99;V
19/02/2021;-5,03;V
20/02/2021;-5,25;V
21/02/2021;-5,46;V
22/02/2021;-5,60;V
23/02/2021;-5,69;V
24/02/2021;-5,84;V
25/02/2021;-5,87;V
26/02/2021;-5,90;V
27/02/2021;-5,93;V
28/02/2021;-6,03;V
01/03/2021;-6,12;V
02/03/2021;-6,08;V
03/03/2021;-6,30;V
04/03/2021;-6,23;V
05/03/2021;-6,20;V
06/03/2021;-6,17;V
07/03/2021;-6,24;V
08/03/2021;-6,53;V
09/03/2021;-6,27;V
10/03/2021;-6,47;V
11/03/2021;-6,49;V
12/03/2021;-6,49;V
13/03/2021;-6,46;V
14/03/2021;-6,32;V
15/03/2021;-6,25;V
16/03/2021;-6,50;V
17/03/2021;-6,54;V
18/03/2021;-6,56;V
19/03/2021;-6,59;V
20/03/2021;-6,38;V
21/03/2021;-6,57;V
22/03/2021;-6,60;V
23/03/2021;-6,59;V
24/03/2021;-6,79;V
25/03/2021;-6,79;V
26/03/2021;-6,75;V
27/03/2021;-6,77;V
28/03/2021;-6,84;V
29/03/2021;-6,77;V
30/03/2021;-6,83;V
31/03/2021;-6,80;V
01/04/2021;-6,79;V
02/04/2021;-6,78;V
03/04/2021;-6,70;V
04/04/2021;-6,78;V
05/04/2021;-6,93;V
06/04/2021;-6,89;V
07/04/2021;-6,75;V
08/04/2021;-6,88;V
09/04/2021;-6,88;V
10/04/2021;-6,78;V
11/04/2021;-6,45;V
12/04/2021;-5,49;V
13/04/2021;-2,80;V
14/04/2021;-4,67;V
15/04/2021;-5,50;V
16/04/2021;-6,01;V
17/04/2021;-6,15;V
18/04/2021;-6,38;V
19/04/2021;-6,44;V
20/04/2021;-6,43;V
21/04/2021;-6,42;V
22/04/2021;-6,49;V
23/04/2021;-6,53;V
24/04/2021;-6,59;V
25/04/2021;-6,61;V
26/04/2021;-6,61;V
27/04/2021;-6,52;V
28/04/2021;-6,47;V
29/04/2021;-6,28;V
30/04/2021;-5,94;V
01/05/2021;-5,90;V
02/05/2021;-4,91;V
03/05/2021;-5,36;V
04/05/2021;-5,95;V
05/05/2021;-6,04;V
06/05/2021;-6,13;V
07/05/2021;-6,29;V
08/05/2021;-6,42;V
09/05/2021;-6,47;V
10/05/2021;-6,66;V
11/05/2021;-6,38;V
12/05/2021;-5,66;V
13/05/2021;-5,75;V
14/05/2021;-5,97;V
15/05/2021;-6,01;V
16/05/2021;-6,18;V
17/05/2021;-6,18;V
18/05/2021;-6,25;V
19/05/2021;-6,37;V
20/05/2021;-5,52;V
21/05/2021;-5,98;V
22/05/2021;-6,11;V
23/05/2021;-6,25;V
24/05/2021;-6,33;V
25/05/2021;-6,20;V
26/05/2021;-6,47;V
27/05/2021;-6,54;V
28/05/2021;-6,63;V
29/05/2021;-6,75;V
30/05/2021;-6,81;V
31/05/2021;-6,87;V
01/06/2021;-6,88;V
02/06/2021;-6,90;V
03/06/2021;-6,88;V
04/06/2021;-6,88;V
05/06/2021;-6,90;V
06/06/2021;-6,85;V
07/06/2021;-6,87;V
08/06/2021;-6,72;V
09/06/2021;-6,79;V
10/06/2021;-6,80;V
11/06/2021;-6,80;V
12/06/2021;-6,99;V
13/06/2021;-6,96;V
14/06/2021;-7,00;V
15/06/2021;-7,06;V
16/06/2021;-7,09;V
17/06/2021;-7,10;V
18/06/2021;-7,14;V
19/06/2021;-7,16;V
20/06/2021;-7,11;V
21/06/2021;-7,12;V
22/06/2021;-7,23;V
23/06/2021;-7,22;V
24/06/2021;-7,24;V
25/06/2021;-7,27;V
26/06/2021;-7,32;V
27/06/2021;-7,32;V
28/06/2021;-7,30;V
29/06/2021;-7,34;V
30/06/2021;-7,41;V
01/07/2021;-7,48;V
02/07/2021;-7,48;V
03/07/2021;-7,43;V
04/07/2021;-7,44;V
05/07/2021;-7,44;V
06/07/2021;-7,42;V
07/07/2021;-7,41;V
08/07/2021;-7,43;V
09/07/2021;-7,45;V
10/07/2021;-7,48;V
11/07/2021;-7,49;V
12/07/2021;-7,49;V
13/07/2021;-7,41;V
14/07/2021;-7,15;V
15/07/2021;-7,27;V
16/07/2021;-7,34;V
17/07/2021;-7,41;V
18/07/2021;-7,39;V
19/07/2021;-7,43;V
20/07/2021;-7,45;V
21/07/2021;-7,47;V
22/07/2021;-7,46;V
23/07/2021;-7,47;V
24/07/2021;-7,48;V
25/07/2021;-7,48;V
26/07/2021;-7,49;V
27/07/2021;-7,46;V
28/07/2021;-7,46;V
29/07/2021;-7,47;V
30/07/2021;-7,47;V
31/07/2021;-7,50;V
01/08/2021;-7,48;V
02/08/2021;-7,41;V
03/08/2021;-7,44;V
04/08/2021;-7,47;V
05/08/2021;-7,42;V
06/08/2021;-7,37;V
07/08/2021;-7,46;V
08/08/2021;-7,50;V
09/08/2021;-7,54;V
10/08/2021;-7,53;V
11/08/2021;-7,51;V
12/08/2021;-7,50;V
13/08/2021;-7,54;V
14/08/2021;-7,54;V
15/08/2021;-7,55;V
16/08/2021;-7,52;V
17/08/2021;-7,53;V
18/08/2021;-7,54;V
19/08/2021;-7,57;V
20/08/2021;-7,54;V
21/08/2021;-7,53;V
22/08/2021;-7,51;V
23/08/2021;-7,48;V
24/08/2021;-7,48;V
25/08/2021;-7,45;V
26/08/2021;-7,57;V
27/08/2021;-7,65;V
28/08/2021;-7,45;V
29/08/2021;-7,39;V
30/08/2021;-7,47;V
31/08/2021;-7,52;V
01/09/2021;-7,44;V
02/09/2021;-7,39;V
03/09/2021;-7,43;V
04/09/2021;-7,41;V
05/09/2021;-7,43;V
06/09/2021;-7,57;V
07/09/2021;-7,57;V
08/09/2021;-7,42;V
09/09/2021;-7,56;V
10/09/2021;-7,58;V
11/09/2021;-7,63;V
12/09/2021;-7,67;V
13/09/2021;-7,68;V
14/09/2021;-7,68;V
15/09/2021;-7,69;V
16/09/2021;-7,80;V
17/09/2021;-7,52;V
18/09/2021;-7,36;V
19/09/2021;-7,27;V
20/09/2021;-6,98;V
21/09/2021;-7,30;V
22/09/2021;-7,49;V
23/09/2021;-7,48;V
24/09/2021;-7,62;V
25/09/2021;-7,64;V
26/09/2021;-7,62;V
27/09/2021;-6,83;V
28/09/2021;-7,32;V
29/09/2021;-7,45;V
30/09/2021;-7,63;V
01/10/2021;-7,63;V
02/10/2021;-7,66;V
03/10/2021;-7,65;V
04/10/2021;-7,64;V
05/10/2021;-6,96;V
06/10/2021;-6,98;V
07/10/2021;-7,23;V
08/10/2021;-7,47;V
09/10/2021;-7,42;V
10/10/2021;-7,48;V
11/10/2021;-7,55;V
12/10/2021;-7,57;V
13/10/2021;-7,57;V
14/10/2021;-7,64;V
15/10/2021;-7,64;V
16/10/2021;-7,65;V
17/10/2021;-7,66;V
18/10/2021;-7,67;V
19/10/2021;-7,64;V
20/10/2021;-7,65;V
21/10/2021;-7,65;V
22/10/2021;-7,58;V
23/10/2021;-7,49;V
24/10/2021;-7,58;V
25/10/2021;-7,61;V
26/10/2021;-7,62;V
27/10/2021;-7,64;V
28/10/2021;-7,65;V
29/10/2021;-7,66;V
30/10/2021;-7,66;V
31/10/2021;-7,66;V
01/11/2021;-7,64;V
02/11/2021;-6,85;V
03/11/2021;-7,21;V
04/11/2021;-7,15;V
05/11/2021;-7,08;V
06/11/2021;-7,23;V
07/11/2021;-7,37;V
08/11/2021;-7,33;V
09/11/2021;-7,40;V
10/11/2021;-7,41;V
11/11/2021;-7,35;V
12/11/2021;-7,47;V
13/11/2021;-7,50;V
14/11/2021;-6,52;V
15/11/2021;-6,62;V
16/11/2021;-7,06;V
17/11/2021;-6,86;V
18/11/2021;-7,10;V
19/11/2021;-7,26;V
20/11/2021;-7,16;V
21/11/2021;-7,22;V
22/11/2021;-7,33;V
23/11/2021;-7,35;V
24/11/2021;-7,42;V
25/11/2021;-7,29;V
26/11/2021;-7,16;V
27/11/2021;-7,08;V
28/11/2021;-6,66;V
29/11/2021;-6,50;V
30/11/2021;-6,73;V
01/12/2021;-6,78;V
02/12/2021;-6,01;V
03/12/2021;-4,58;V
04/12/2021;-5,76;V
05/12/2021;-4,24;V
06/12/2021;-5,54;V
07/12/2021;-6,08;V
08/12/2021;-5,95;V
09/12/2021;-4,63;V
10/12/2021;-4,87;V
11/12/2021;-5,32;V
12/12/2021;-5,67;V
13/12/2021;-6,08;V
14/12/2021;-6,39;V
15/12/2021;-6,53;V
16/12/2021;-6,57;V
17/12/2021;-6,62;V
18/12/2021;-6,77;V
19/12/2021;-6,94;V
20/12/2021;-6,73;V
21/12/2021;-6,74;V
22/12/2021;-7,00;V
23/12/2021;-7,09;V
24/12/2021;-6,72;V
25/12/2021;-4,55;V
26/12/2021;-1,03;V
27/12/2021;-1,80;V
28/12/2021;-3,83;V
29/12/2021;-4,65;V
30/12/2021;-5,21;V
31/12/2021;-5,53;V
01/01/2022;-5,77;V
02/01/2022;-6,07;V
03/01/2022;-6,41;V
04/01/2022;-6,29;V
05/01/2022;-6,07;V
06/01/2022;-3,29;V
07/01/2022;-4,53;V
08/01/2022;-5,27;V
09/01/2022;-5,09;V
10/01/2022;-4,98;V
11/01/2022;-5,61;V
12/01/2022;-5,94;V
13/01/2022;-6,10;V
14/01/2022;-6,17;V
15/01/2022;-6,21;V
16/01/2022;-6,26;V
17/01/2022;-6,28;V
18/01/2022;-6,31;V
19/01/2022;-6,41;V
20/01/2022;-6,40;V
21/01/2022;-6,44;V
22/01/2022;-6,68;V
23/01/2022;-6,75;V
24/01/2022;-6,63;V
25/01/2022;-6,24;V
26/01/2022;-6,62;V
27/01/2022;-6,83;V
28/01/2022;-6,88;V
29/01/2022;-6,92;V
30/01/2022;-6,82;V
31/01/2022;-6,64;V
01/02/2022;-6,65;V
02/02/2022;-6,72;V
03/02/2022;-6,97;V
04/02/2022;-7,03;V
05/02/2022;-7,03;V
06/02/2022;-7,03;V
07/02/2022;-7,05;V
08/02/2022;-7,06;V
09/02/2022;-7,05;V
10/02/2022;-6,98;V
11/02/2022;-6,76;V
12/02/2022;-6,76;V
13/02/2022;-6,79;V
14/02/2022;-7,02;V
15/02/2022;-6,32;V
16/02/2022;-5,13;V
17/02/2022;-5,66;V
18/02/2022;-6,03;V
19/02/2022;-6,22;V
20/02/2022;-6,35;V
21/02/2022;-6,43;V
22/02/2022;-6,42;V
23/02/2022;-6,52;V
24/02/2022;-6,56;V
25/02/2022;-6,57;V
26/02/2022;-6,34;V
27/02/2022;-6,44;V
28/02/2022;-6,51;V
01/03/2022;-6,54;V
02/03/2022;-6,57;V
03/03/2022;-6,58;V
04/03/2022;-6,59;V
05/03/2022;-6,59;V
06/03/2022;-6,63;V
07/03/2022;-6,65;V
08/03/2022;-6,72;V
09/03/2022;-6,97;V
10/03/2022;-7,01;V
11/03/2022;-7,03;V
12/03/2022;-6,99;V
13/03/2022;-6,74;V
14/03/2022;-6,74;V
15/03/2022;-6,75;V
16/03/2022;-6,88;V
17/03/2022;-7,10;V
18/03/2022;-7,15;V
19/03/2022;-7,17;V
20/03/2022;-7,19;V
21/03/2022;-7,21;V
22/03/2022;-7,22;V
23/03/2022;-7,21;V
24/03/2022;-7,21;V
25/03/2022;-7,22;V
26/03/2022;-7,24;V
27/03/2022;-7,26;V
28/03/2022;-7,28;V
29/03/2022;-7,15;V
30/03/2022;-6,82;V
31/03/2022;-5,18;V
01/04/2022;-4,17;V
02/04/2022;-5,01;V
03/04/2022;-5,35;V
04/04/2022;-5,62;V
05/04/2022;-5,77;V
06/04/2022;-5,88;V
07/04/2022;-5,97;V
08/04/2022;-6,07;V
09/04/2022;-6,06;V
10/04/2022;-6,20;V
11/04/2022;-6,47;V
12/04/2022;-6,48;V
13/04/2022;-6,53;V
14/04/2022;-6,62;V
15/04/2022;-6,85;V
16/04/2022;-6,84;V
17/04/2022;-6,66;V
18/04/2022;-6,68;V
19/04/2022;-6,68;V
20/04/2022;-6,82;V
21/04/2022;-6,88;V
22/04/2022;-6,37;V
23/04/2022;-4,92;V
24/04/2022;-5,07;V
25/04/2022;-3,94;V
26/04/2022;-4,81;V
27/04/2022;-5,51;V
28/04/2022;-5,82;V
29/04/2022;-6,06;V
30/04/2022;-6,11;V
01/05/2022;-6,33;V
02/05/2022;-6,42;V
03/05/2022;-6,42;V
04/05/2022;-6,48;V
05/05/2022;-6,51;V
06/05/2022;-6,21;V
07/05/2022;-6,35;V
08/05/2022;-6,55;V
09/05/2022;-6,72;V
10/05/2022;-6,59;V
11/05/2022;-6,75;V
12/05/2022;-6,93;V
13/05/2022;-6,98;V
14/05/2022;-6,92;V
15/05/2022;-6,82;V
16/05/2022;-7,10;V
17/05/2022;-7,12;V
18/05/2022;-7,08;V
19/05/2022;-7,15;V
20/05/2022;-7,11;V
21/05/2022;-7,06;V
22/05/2022;-7,24;V
23/05/2022;-7,38;V
24/05/2022;-7,31;V
25/05/2022;-7,27;V
26/05/2022;-7,33;V
27/05/2022;-7,43;V
28/05/2022;-7,43;V
29/05/2022;-7,34;V
30/05/2022;-7,39;V
31/05/2022;-7,37;V
01/06/2022;-7,22;V
02/06/2022;-7,47;V
03/06/2022;-7,55;V
04/06/2022;-7,56;V
05/06/2022;-7,58;V
06/06/2022;-7,59;V
07/06/2022;-7,61;V
08/06/2022;-7,56;V
09/06/2022;-7,50;V
10/06/2022;-7,53;V
11/06/2022;-7,29;V
12/06/2022;-7,59;V
13/06/2022;-7,66;V
14/06/2022;-7,67;V
15/06/2022;-7,67;V
16/06/2022;-7,68;V
17/06/2022;-7,70;V
18/06/2022;-7,70;V
19/06/2022;-7,75;V
20/06/2022;-7,75;V
21/06/2022;-7,76;V
22/06/2022;-7,72;V
23/06/2022;-7,76;V
24/06/2022;-7,75;V
25/06/2022;-7,74;V
26/06/2022;-7,77;V
27/06/2022;-7,80;V
28/06/2022;-7,80;V
29/06/2022;-7,82;V
30/06/2022;-7,73;V
01/07/2022;-7,78;V
02/07/2022;-7,80;V
03/07/2022;-7,84;V
04/07/2022;-7,84;V
05/07/2022;-7,83;V
06/07/2022;-7,84;V
07/07/2022;-7,83;V
08/07/2022;-7,78;V
09/07/2022;-7,74;V
10/07/2022;-7,78;V
11/07/2022;-7,84;V
12/07/2022;-7,84;V
13/07/2022;-7,84;V
14/07/2022;-7,85;V
15/07/2022;-7,84;V
16/07/2022;-7,84;V
17/07/2022;-7,84;V
18/07/2022;-7,85;V
19/07/2022;-7,82;V
20/07/2022;-7,84;V
21/07/2022;-7,90;V
22/07/2022;-7,86;V
23/07/2022;-7,83;V
24/07/2022;-7,86;V
25/07/2022;-7,87;V
26/07/2022;-7,87;V
27/07/2022;-7,86;V
28/07/2022;-7,86;V
29/07/2022;-7,79;V
30/07/2022;-7,72;V
31/07/2022;-7,68;V
01/08/2022;-7,69;V
02/08/2022;-7,70;V
03/08/2022;-7,71;V
04/08/2022;-7,71;V
05/08/2022;-7,71;V
06/08/2022;-7,71;V
07/08/2022;-7,74;V
08/08/2022;-7,71;V
09/08/2022;-7,70;V
10/08/2022;-7,70;V
11/08/2022;-7,72;V
12/08/2022;-7,72;V
13/08/2022;-7,50;V
14/08/2022;-7,66;V
15/08/2022;-7,62;V
16/08/2022;-5,82;V
17/08/2022;-7,05;V
18/08/2022;-7,39;V
19/08/2022;-6,54;V
20/08/2022;-6,82;V
21/08/2022;-7,37;V
22/08/2022;-7,55;V
23/08/2022;-7,58;V
24/08/2022;-7,62;V
25/08/2022;-7,62;V
26/08/2022;-7,64;V
27/08/2022;-7,58;V
28/08/2022;-7,59;V
29/08/2022;-7,52;V
30/08/2022;-7,50;V
31/08/2022;-7,56;V
01/09/2022;-7,60;V
02/09/2022;-7,64;V
03/09/2022;-7,54;V
04/09/2022;-7,39;V
05/09/2022;-7,55;V
06/09/2022;-7,60;V
07/09/2022;-7,62;V
08/09/2022;-7,62;V
09/09/2022;-7,60;V
10/09/2022;-7,62;V
11/09/2022;-7,66;V
12/09/2022;-7,67;V
13/09/2022;-7,67;V
14/09/2022;-7,61;V
15/09/2022;-7,43;V
16/09/2022;-7,31;V
17/09/2022;-7,23;V
18/09/2022;-7,09;V
19/09/2022;-7,28;V
20/09/2022;-7,46;V
21/09/2022;-7,60;V
22/09/2022;-7,67;V
23/09/2022;-7,67;V
24/09/2022;-7,62;V
25/09/2022;-4,33;V
26/09/2022;-4,88;V
27/09/2022;-6,11;V
28/09/2022;-6,62;V
29/09/2022;-6,75;V
30/09/2022;-4,30;V
01/10/2022;-4,80;V
02/10/2022;-5,84;V
03/10/2022;-6,33;V
04/10/2022;-6,66;V
05/10/2022;-6,80;V
06/10/2022;-6,92;V
07/10/2022;-7,29;V
08/10/2022;-7,34;V
09/10/2022;-7,41;V
10/10/2022;-7,44;V
11/10/2022;-7,41;V
12/10/2022;-7,45;V
13/10/2022;-7,48;V
14/10/2022;-7,56;V
15/10/2022;-7,50;V
16/10/2022;-7,51;V
17/10/2022;-7,53;V
18/10/2022;-7,51;V
19/10/2022;-7,52;V
20/10/2022;-7,52;V
21/10/2022;-7,52;V
22/10/2022;-7,53;V
23/10/2022;-7,54;V
24/10/2022;-7,56;V
25/10/2022;-7,54;V
26/10/2022;-7,40;V
27/10/2022;-7,42;V
28/10/2022;-7,69;V
29/10/2022;-7,68;V
30/10/2022;-7,66;V
31/10/2022;-7,59;V
01/11/2022;-7,59;V
02/11/2022;-7,59;V
03/11/2022;-7,51;V
04/11/2022;-6,93;V
05/11/2022;-6,97;V
06/11/2022;-7,27;V
07/11/2022;-7,31;V
08/11/2022;-7,27;V
09/11/2022;-7,26;V
10/11/2022;-7,16;V
11/11/2022;-7,07;V
12/11/2022;-7,23;V
13/11/2022;-7,27;V
14/11/2022;-7,28;V
15/11/2022;-7,34;V
16/11/2022;-7,22;V
17/11/2022;-6,83;V
18/11/2022;-6,75;V
19/11/2022;-6,85;V
20/11/2022;-7,00;V
21/11/2022;-6,98;V
22/11/2022;-4,74;V
23/11/2022;-2,74;V
24/11/2022;-5,03;V
25/11/2022;-5,87;V
26/11/2022;-6,13;V
27/11/2022;-6,52;V
28/11/2022;-6,77;V
29/11/2022;-6,91;V
30/11/2022;-6,97;V
01/12/2022;-7,11;V
02/12/2022;-6,54;V
03/12/2022;-6,80;V
04/12/2022;-6,52;V
05/12/2022;-5,57;V
06/12/2022;-4,39;V
07/12/2022;-4,45;V
08/12/2022;-5,07;V
09/12/2022;-4,27;V
10/12/2022;-2,42;V
11/12/2022;-2,50;V
12/12/2022;-3,97;V
13/12/2022;-5,06;V
14/12/2022;-5,31;V
15/12/2022;-5,46;V
16/12/2022;0,81;V
17/12/2022;1,46;V
18/12/2022;-3,15;V
19/12/2022;-4,46;V
20/12/2022;-4,97;V
21/12/2022;-5,43;V
22/12/2022;-5,54;V
23/12/2022;-5,70;V
24/12/2022;-5,88;V
25/12/2022;-6,00;V
26/12/2022;-6,07;V
27/12/2022;-6,07;V
28/12/2022;-6,03;V
29/12/2022;-6,01;V
30/12/2022;-6,22;V
31/12/2022;-6,17;V
01/01/2023;-6,26;V
02/01/2023;-6,22;V
03/01/2023;;@
04/01/2023;-6,42;V
05/01/2023;-6,52;V
06/01/2023;-6,48;V
07/01/2023;-6,46;V
08/01/2023;-6,60;V
09/01/2023;-3,54;V
10/01/2023;-3,78;V
11/01/2023;-5,10;V
12/01/2023;-5,52;V
13/01/2023;-5,83;V
14/01/2023;-6,03;V
15/01/2023;-6,12;V
16/01/2023;-6,13;V
17/01/2023;-4,46;V
18/01/2023;-0,82;V
19/01/2023;-1,43;V
20/01/2023;-3,00;V
21/01/2023;-4,15;V
22/01/2023;-4,82;V
23/01/2023;-5,10;V
24/01/2023;-4,87;V
25/01/2023;-5,07;V
26/01/2023;-5,25;V
27/01/2023;-5,43;V
28/01/2023;-5,47;V
29/01/2023;-5,76;V
30/01/2023;-5,85;V
31/01/2023;-6,01;V
01/02/2023;-6,13;V
02/02/2023;-6,22;V
03/02/2023;;@
04/02/2023;-6,07;V
05/02/2023;-6,05;V
06/02/2023;-6,19;V
07/02/2023;-6,29;V
08/02/2023;-6,24;V
09/02/2023;-6,32;V
10/02/2023;-6,37;V
11/02/2023;-6,45;V
12/02/2023;-6,51;V
13/02/2023;-6,54;V
14/02/2023;-6,63;V
15/02/2023;-6,59;V
16/02/2023;-6,60;V
17/02/2023;-6,62;V
18/02/2023;-6,63;V
19/02/2023;-6,61;V
20/02/2023;-6,60;V
21/02/2023;-6,59;V
22/02/2023;-6,61;V
23/02/2023;-6,61;V
24/02/2023;-6,62;V
25/02/2023;-6,49;V
26/02/2023;-5,91;V
27/02/2023;-4,22;V
28/02/2023;-5,00;V
01/03/2023;-5,04;V
02/03/2023;-5,16;V
03/03/2023;-5,54;V
04/03/2023;-5,47;V
05/03/2023;-5,75;V
06/03/2023;-5,92;V
07/03/2023;-5,60;V
08/03/2023;-5,75;V
09/03/2023;-5,83;V
10/03/2023;-5,76;V
11/03/2023;-5,64;V
12/03/2023;-5,69;V
13/03/2023;-5,89;V
14/03/2023;-6,09;V
15/03/2023;-5,98;V
16/03/2023;-6,03;V
17/03/2023;-6,15;V
18/03/2023;-6,29;V
19/03/2023;-6,33;V
20/03/2023;-5,37;V
21/03/2023;-4,89;V
22/03/2023;-5,53;V
23/03/2023;-5,77;V
24/03/2023;-6,00;V
25/03/2023;-6,01;V
26/03/2023;-6,19;V
27/03/2023;-5,94;V
28/03/2023;-6,39;V
29/03/2023;-6,28;V
30/03/2023;-6,32;V
31/03/2023;-6,37;V
01/04/2023;-5,98;V
02/04/2023;-5,97;V
03/04/2023;-6,03;V
04/04/2023;-6,20;V
05/04/2023;-6,37;V
06/04/2023;-6,52;V
07/04/2023;-6,53;V
08/04/2023;-6,06;V
09/04/2023;-6,12;V
10/04/2023;-6,07;V
11/04/2023;-6,27;V
12/04/2023;-6,52;V
13/04/2023;-6,59;V
14/04/2023;-6,26;V
15/04/2023;-5,56;V
16/04/2023;-5,66;V
17/04/2023;-6,32;V
18/04/2023;-6,35;V
19/04/2023;-6,38;V
20/04/2023;-6,42;V
21/04/2023;-6,34;V
22/04/2023;-6,37;V
23/04/2023;-6,45;V
24/04/2023;-6,58;V
25/04/2023;-6,57;V
26/04/2023;-6,48;V
27/04/2023;-6,66;V
28/04/2023;-6,67;V
29/04/2023;-6,55;V
30/04/2023;-6,55;V
01/05/2023;-6,78;V
02/05/2023;-6,68;V
03/05/2023;-6,62;V
04/05/2023;-6,50;V
05/05/2023;-6,63;V
06/05/2023;-6,76;V
07/05/2023;-6,78;V
08/05/2023;-6,77;V
09/05/2023;-6,75;V
10/05/2023;-6,11;V
11/05/2023;;@
12/05/2023;-5,23;V
13/05/2023;-5,45;V
14/05/2023;-5,70;V
15/05/2023;-5,86;V
16/05/2023;-5,68;V
17/05/2023;-3,76;V
18/05/2023;-3,92;V
19/05/2023;-4,94;V
20/05/2023;-5,34;V
21/05/2023;-5,52;V
22/05/2023;-5,74;V
23/05/2023;-5,66;V
24/05/2023;-5,81;V
25/05/2023;-5,66;V
26/05/2023;-5,49;V
27/05/2023;-5,85;V
28/05/2023;-6,16;V
29/05/2023;-6,69;V
30/05/2023;-6,77;V
31/05/2023;-6,82;V
01/06/2023;-6,52;V
02/06/2023;-6,08;V
03/06/2023;-6,27;V
04/06/2023;-5,69;V
05/06/2023;;@
06/06/2023;;@
07/06/2023;-5,44;V
08/06/2023;-5,82;V
09/06/2023;-6,16;V
10/06/2023;-6,33;V
11/06/2023;-5,99;V
12/06/2023;-6,38;V
13/06/2023;-6,54;V
14/06/2023;-5,62;V
15/06/2023;-5,60;V
16/06/2023;-5,87;V
17/06/2023;-6,31;V
18/06/2023;-6,53;V
19/06/2023;-6,57;V
20/06/2023;-6,86;V
21/06/2023;-6,96;V
22/06/2023;-6,89;V
23/06/2023;-6,93;V
24/06/2023;-6,95;V
25/06/2023;-7,00;V
26/06/2023;-7,04;V
27/06/2023;-7,03;V
28/06/2023;-7,08;V
29/06/2023;-7,16;V
30/06/2023;-7,13;V
01/07/2023;-6,81;V
02/07/2023;-6,60;V
03/07/2023;-6,68;V
04/07/2023;-6,85;V
05/07/2023;-6,98;V
06/07/2023;-7,01;V
07/07/2023;-7,17;V
08/07/2023;-7,12;V
09/07/2023;-7,20;V
10/07/2023;-7,33;V
11/07/2023;-7,35;V
12/07/2023;-7,42;V
13/07/2023;-7,41;V
14/07/2023;-7,36;V
15/07/2023;-7,36;V
16/07/2023;-7,45;V
17/07/2023;-7,39;V
18/07/2023;-7,42;V
19/07/2023;-7,45;V
20/07/2023;-7,46;V
21/07/2023;-7,45;V
22/07/2023;-7,44;V
23/07/2023;-7,41;V
24/07/2023;-7,48;V
25/07/2023;-7,39;V
26/07/2023;-7,20;V
27/07/2023;-7,06;V
28/07/2023;-7,40;V
29/07/2023;-7,47;V
30/07/2023;-7,47;V
31/07/2023;-7,48;V
01/08/2023;-7,48;V
02/08/2023;-7,48;V
03/08/2023;-7,48;V
04/08/2023;-7,46;V
05/08/2023;-7,37;V
06/08/2023;-7,34;V
07/08/2023;-7,42;V
08/08/2023;-7,42;V
09/08/2023;-7,50;V
10/08/2023;-7,50;V
11/08/2023;-7,51;V
12/08/2023;-7,53;V
13/08/2023;-7,55;V
14/08/2023;-7,53;V
15/08/2023;-7,51;V
16/08/2023;-7,50;V
17/08/2023;-7,49;V
18/08/2023;-7,48;V
19/08/2023;-7,34;V
20/08/2023;-7,34;V
21/08/2023;-7,41;V
22/08/2023;-7,43;V
23/08/2023;-7,56;V
24/08/2023;-7,60;V
25/08/2023;-7,56;V
26/08/2023;-7,55;V
27/08/2023;-7,53;V
28/08/2023;-7,45;V
29/08/2023;;@
30/08/2023;-7,09;V
31/08/2023;-7,30;V
01/09/2023;-7,43;V
02/09/2023;-7,45;V
03/09/2023;-7,44;V
04/09/2023;-7,49;V
05/09/2023;-7,51;V
06/09/2023;-7,50;V
07/09/2023;-7,56;V
08/09/2023;-7,55;V
09/09/2023;-7,49;V
10/09/2023;-7,40;V
11/09/2023;-7,25;V
12/09/2023;-7,36;V
13/09/2023;-7,43;V
14/09/2023;-7,35;V
15/09/2023;-7,48;V
16/09/2023;-7,47;V
17/09/2023;-7,49;V
18/09/2023;-7,50;V
19/09/2023;-7,49;V
20/09/2023;-7,46;V
21/09/2023;-7,47;V
22/09/2023;;@
23/09/2023;;@
24/09/2023;;@
25/09/2023;;@
26/09/2023;;@
27/09/2023;-7,49;V
28/09/2023;-7,58;V
29/09/2023;-7,62;V
30/09/2023;-7,61;V
01/10/2023;-7,57;V
02/10/2023;-7,56;V
03/10/2023;-7,54;V
04/10/2023;-7,55;V
05/10/2023;-7,55;V
06/10/2023;-7,56;V
07/10/2023;-7,54;V
08/10/2023;-7,56;V
09/10/2023;-7,56;V
10/10/2023;-7,55;V
11/10/2023;-7,55;V
12/10/2023;-7,56;V
13/10/2023;-7,55;V
14/10/2023;-7,55;V
15/10/2023;-7,56;V
16/10/2023;-7,52;V
17/10/2023;-7,48;V
18/10/2023;-7,52;V
19/10/2023;-7,00;V
20/10/2023;-7,07;V
21/10/2023;-6,55;V
22/10/2023;-6,78;V
23/10/2023;-7,28;V
24/10/2023;-7,21;V
25/10/2023;-6,08;V
26/10/2023;-5,64;V
27/10/2023;-6,33;V
28/10/2023;-6,65;V
29/10/2023;-7,01;V
30/10/2023;-6,50;V
31/10/2023;-5,81;V
01/11/2023;-5,87;V
02/11/2023;-5,90;V
03/11/2023;-0,21;V
04/11/2023;-3,28;V
05/11/2023;-1,10;V
06/11/2023;-2,94;V
07/11/2023;-4,83;V
08/11/2023;-5,47;V
09/11/2023;-5,82;V
10/11/2023;-5,57;V
11/11/2023;-3,84;V
12/11/2023;-4,76;V
13/11/2023;-5,59;V
14/11/2023;-5,93;V
15/11/2023;-5,95;V
16/11/2023;-6,25;V
17/11/2023;-6,17;V
18/11/2023;-6,21;V
19/11/2023;-6,43;V
20/11/2023;-6,54;V
21/11/2023;-6,61;V
22/11/2023;-6,55;V
23/11/2023;-6,22;V
24/11/2023;-6,26;V
25/11/2023;-6,52;V
26/11/2023;-6,69;V
27/11/2023;-6,64;V
28/11/2023;-6,69;V
29/11/2023;-6,71;V
30/11/2023;-6,47;V
01/12/2023;-5,14;V
02/12/2023;-4,56;V
03/12/2023;-4,14;V
04/12/2023;-5,36;V
05/12/2023;-4,32;V
06/12/2023;-4,14;V
07/12/2023;-5,00;V
08/12/2023;-5,58;V
09/12/2023;-5,86;V
10/12/2023;-5,85;V
11/12/2023;-5,74;V
12/12/2023;-5,24;V
13/12/2023;-5,03;V
14/12/2023;-4,52;V
15/12/2023;-5,11;V
16/12/2023;-5,75;V
17/12/2023;-5,80;V
18/12/2023;-5,96;V
19/12/2023;-6,07;V
20/12/2023;-6,18;V
21/12/2023;-6,31;V
22/12/2023;-6,40;V
23/12/2023;-6,54;V
24/12/2023;-6,61;V
25/12/2023;-6,66;V
26/12/2023;-6,70;V
27/12/2023;-6,70;V
28/12/2023;-6,63;V
29/12/2023;-6,68;V
30/12/2023;-6,67;V
31/12/2023;-6,59;V
01/01/2024;-6,52;V
02/01/2024;-6,54;V
03/01/2024;-6,50;V
04/01/2024;-6,52;V
05/01/2024;-6,38;V
06/01/2024;-4,89;V
07/01/2024;-3,25;V
08/01/2024;-4,25;V
09/01/2024;-5,22;V
10/01/2024;-5,71;V
11/01/2024;-5,97;V
12/01/2024;-6,04;V
13/01/2024;-5,92;V
14/01/2024;-6,12;V
15/01/2024;-6,26;V
16/01/2024;-6,25;V
17/01/2024;-6,17;V
18/01/2024;-5,41;V
19/01/2024;-5,61;V
20/01/2024;-5,95;V
21/01/2024;-6,07;V
22/01/2024;-6,16;V
23/01/2024;-6,22;V
24/01/2024;-6,36;V
25/01/2024;-6,32;V
26/01/2024;-6,50;V
27/01/2024;-6,29;V
28/01/2024;-6,54;V
29/01/2024;-6,65;V
30/01/2024;-6,67;V
31/01/2024;-6,65;V
01/02/2024;-6,71;V
02/02/2024;-6,69;V
03/02/2024;-6,72;V
04/02/2024;-6,79;V
05/02/2024;-6,80;V
06/02/2024;-6,80;V
07/02/2024;-6,82;V
08/02/2024;-6,81;V
09/02/2024;-6,80;V
10/02/2024;-6,45;V
11/02/2024;-1,96;V
12/02/2024;-3,14;V
13/02/2024;-4,82;V
14/02/2024;-5,46;V
15/02/2024;-5,80;V
16/02/2024;-5,90;V
17/02/2024;-6,18;V
18/02/2024;-6,31;V
19/02/2024;-6,35;V
20/02/2024;-6,44;V
21/02/2024;-6,22;V
22/02/2024;-6,52;V
23/02/2024;-6,36;V
24/02/2024;-5,35;V
25/02/2024;-5,56;V
26/02/2024;-5,66;V
27/02/2024;-2,13;V
28/02/2024;-0,13;V
29/02/2024;-3,19;V
01/03/2024;-4,01;V
02/03/2024;-2,25;V
03/03/2024;-2,46;V
04/03/2024;-3,06;V
05/03/2024;-4,01;V
06/03/2024;-4,61;V
07/03/2024;-4,94;V
08/03/2024;-5,15;V
09/03/2024;-5,02;V
10/03/2024;-4,63;V
11/03/2024;-3,33;V
12/03/2024;-4,01;V
13/03/2024;;@
14/03/2024;;@
15/03/2024;;@
16/03/2024;;@
17/03/2024;;@
18/03/2024;;@
19/03/2024;;@
20/03/2024;;@
21/03/2024;;@
22/03/2024;;@
23/03/2024;;@
24/03/2024;;@
25/03/2024;;@
26/03/2024;;@
27/03/2024;;@
28/03/2024;-1,89;V
29/03/2024;-2,81;V
30/03/2024;-4,29;V
31/03/2024;-4,78;V
01/04/2024;;@
02/04/2024;;@
03/04/2024;;@
04/04/2024;;@
05/04/2024;;@
06/04/2024;;@
07/04/2024;;@
08/04/2024;;@
09/04/2024;;@
10/04/2024;;@
11/04/2024;;@
12/04/2024;;@
13/04/2024;;@
14/04/2024;;@
15/04/2024;;@
16/04/2024;;@
17/04/2024;;@
18/04/2024;;@
19/04/2024;;@
20/04/2024;;@
21/04/2024;;@
22/04/2024;;@
23/04/2024;;@
24/04/2024;;@
25/04/2024;;@
26/04/2024;;@
27/04/2024;;@
28/04/2024;;@
29/04/2024;;@
30/04/2024;;@
01/05/2024;;@
02/05/2024;;@
03/05/2024;;@
04/05/2024;;@
05/05/2024;;@
06/05/2024;;@
07/05/2024;;@
08/05/2024;;@
09/05/2024;;@
10/05/2024;;@
11/05/2024;;@
12/05/2024;;@
13/05/2024;;@
14/05/2024;;@
15/05/2024;;@
16/05/2024;;@
17/05/2024;;@
18/05/2024;;@
19/05/2024;;@
20/05/2024;;@
21/05/2024;;@
22/05/2024;;@
23/05/2024;;@
24/05/2024;;@
25/05/2024;;@
26/05/2024;;@
27/05/2024;;@
28/05/2024;;@
29/05/2024;;@
30/05/2024;;@
31/05/2024;;@
01/06/2024;;@
02/06/2024;;@
03/06/2024;;@
04/06/2024;;@
05/06/2024;;@
06/06/2024;;@
07/06/2024;;@
08/06/2024;;@
09/06/2024;;@
10/06/2024;;@
11/06/2024;;@
12/06/2024;;@
13/06/2024;;@
14/06/2024;;@
15/06/2024;;@
16/06/2024;;@
17/06/2024;;@
18/06/2024;;@
19/06/2024;;@
20/06/2024;;@
21/06/2024;;@
22/06/2024;;@
23/06/2024;;@
24/06/2024;;@
25/06/2024;;@
26/06/2024;;@
27/06/2024;;@
28/06/2024;;@
29/06/2024;;@
30/06/2024;;@
01/07/2024;;@
02/07/2024;;@
03/07/2024;;@
04/07/2024;;@
05/07/2024;;@
06/07/2024;;@
07/07/2024;;@
08/07/2024;;@
09/07/2024;;@
10/07/2024;;@
11/07/2024;;@
12/07/2024;;@
13/07/2024;;@
14/07/2024;;@
15/07/2024;;@
16/07/2024;;@
17/07/2024;;@
18/07/2024;;@
19/07/2024;;@
20/07/2024;;@
21/07/2024;;@
22/07/2024;;@
23/07/2024;;@
24/07/2024;;@
25/07/2024;;@
26/07/2024;;@
27/07/2024;;@
28/07/2024;;@
29/07/2024;;@
30/07/2024;;@
31/07/2024;;@
01/08/2024;;@
02/08/2024;;@
03/08/2024;;@
04/08/2024;;@
05/08/2024;;@
06/08/2024;;@
07/08/2024;;@
08/08/2024;;@
09/08/2024;;@
10/08/2024;;@
11/08/2024;;@
12/08/2024;;@
13/08/2024;;@
14/08/2024;;@
15/08/2024;;@
16/08/2024;;@
17/08/2024;;@
18/08/2024;;@
19/08/2024;;@
20/08/2024;;@
21/08/2024;;@
22/08/2024;;@
23/08/2024;;@
24/08/2024;;@
25/08/2024;;@
26/08/2024;;@
27/08/2024;;@
28/08/2024;;@
29/08/2024;;@
30/08/2024;;@
31/08/2024;;@
01/09/2024;;@
02/09/2024;;@
03/09/2024;;@
04/09/2024;;@
05/09/2024;;@
06/09/2024;;@
07/09/2024;;@
08/09/2024;;@
09/09/2024;-4,86;V
10/09/2024;-6,63;V
11/09/2024;-7,14;V
12/09/2024;-7,24;V
13/09/2024;-6,87;V
14/09/2024;-6,86;V
15/09/2024;-7,08;V
16/09/2024;-7,07;V
17/09/2024;-7,22;V
18/09/2024;-7,22;V
19/09/2024;-6,71;V
20/09/2024;-6,79;V
21/09/2024;-7,06;V
22/09/2024;-7,07;V
23/09/2024;-7,22;V
24/09/2024;-6,77;V
25/09/2024;-6,88;V
26/09/2024;-7,11;V
27/09/2024;-7,20;V
28/09/2024;-7,29;V
29/09/2024;-7,34;V
30/09/2024;-7,41;V
01/10/2024;-7,29;V
02/10/2024;-7,11;V
03/10/2024;-6,23;V
04/10/2024;-4,33;V
05/10/2024;-5,80;V
06/10/2024;-6,26;V
07/10/2024;-6,52;V
08/10/2024;-6,31;V
09/10/2024;-4,53;V
10/10/2024;-5,94;V
11/10/2024;-4,97;V
12/10/2024;-5,52;V
13/10/2024;-6,04;V
14/10/2024;-6,41;V
15/10/2024;-6,60;V
16/10/2024;-6,86;V
17/10/2024;-6,73;V
18/10/2024;-0,94;V
19/10/2024;-3,31;V
20/10/2024;-5,03;V
21/10/2024;-5,77;V
22/10/2024;-6,09;V
23/10/2024;-6,03;V
24/10/2024;-4,96;V
25/10/2024;-3,91;V
26/10/2024;-3,60;V
27/10/2024;-4,96;V
28/10/2024;-5,64;V
29/10/2024;-5,96;V
30/10/2024;-6,12;V
31/10/2024;-6,25;V
01/11/2024;-6,35;V
02/11/2024;-6,52;V
03/11/2024;-6,61;V
04/11/2024;-6,66;V
05/11/2024;-6,76;V
06/11/2024;-6,77;V
07/11/2024;-6,86;V
08/11/2024;-6,90;V
09/11/2024;-6,90;V
10/11/2024;-6,89;V
11/11/2024;-6,90;V
12/11/2024;-6,88;V
13/11/2024;-6,98;V
14/11/2024;-6,98;V
15/11/2024;-7,05;V
16/11/2024;-7,11;V
17/11/2024;-7,13;V
18/11/2024;-7,03;V
19/11/2024;-6,91;V
20/11/2024;-6,66;V
21/11/2024;-5,58;V
22/11/2024;-2,60;V
23/11/2024;-4,57;V
24/11/2024;-5,55;V
25/11/2024;-6,07;V
26/11/2024;-6,05;V
27/11/2024;-6,32;V
28/11/2024;-6,32;V
29/11/2024;-6,36;V
30/11/2024;-6,49;V
01/12/2024;-6,64;V
02/12/2024;-6,72;V
03/12/2024;-6,40;V
04/12/2024;-6,69;V
05/12/2024;-6,85;V
06/12/2024;-6,92;V
07/12/2024;-6,87;V
08/12/2024;-5,32;V
09/12/2024;-5,17;V
10/12/2024;-5,41;V
11/12/2024;-5,67;V
12/12/2024;-5,93;V
13/12/2024;-6,11;V
14/12/2024;-5,93;V
15/12/2024;-5,89;V
16/12/2024;-6,12;V
17/12/2024;-6,02;V
18/12/2024;-6,06;V
19/12/2024;-6,12;V
20/12/2024;-5,77;V
21/12/2024;-5,34;V
22/12/2024;-5,52;V
23/12/2024;-2,98;V
24/12/2024;-4,60;V
25/12/2024;-5,33;V
26/12/2024;-5,75;V
27/12/2024;-5,91;V
28/12/2024;-6,05;V
29/12/2024;-6,32;V
30/12/2024;-6,38;V
31/12/2024;-6,25;V
01/01/2025;-6,33;V
02/01/2025;-6,30;V
03/01/2025;-5,89;V
04/01/2025;-5,54;V
05/01/2025;-5,85;V
06/01/2025;-5,71;V
07/01/2025;-5,69;V
08/01/2025;-5,46;V
09/01/2025;-5,52;V
10/01/2025;-5,32;V
11/01/2025;-5,58;V
12/01/2025;-5,92;V
13/01/2025;-5,93;V
14/01/2025;-6,17;V
15/01/2025;-6,30;V
16/01/2025;-6,45;V
17/01/2025;-6,24;V
18/01/2025;-6,43;V
19/01/2025;-6,25;V
20/01/2025;-6,26;V
21/01/2025;-6,16;V
22/01/2025;-6,45;V
23/01/2025;-5,88;V
24/01/2025;-5,63;V
25/01/2025;-5,64;V
26/01/2025;-5,69;V
27/01/2025;-5,55;V
28/01/2025;-3,54;V
29/01/2025;-3,27;V
30/01/2025;-4,69;V
31/01/2025;-4,85;V
01/02/2025;-0,39;V
02/02/2025;-3,35;V
03/02/2025;-4,78;V
04/02/2025;-5,12;V
05/02/2025;-5,46;V
06/02/2025;-5,74;V
07/02/2025;-5,80;V
08/02/2025;-5,85;V
09/02/2025;-5,48;V
10/02/2025;-5,45;V
11/02/2025;-5,69;V
12/02/2025;-5,50;V
13/02/2025;-5,14;V
14/02/2025;-1,09;V
15/02/2025;-0,99;V
16/02/2025;-3,63;V
17/02/2025;-4,53;V
18/02/2025;-5,12;V
19/02/2025;-5,37;V
20/02/2025;-5,49;V
21/02/2025;-5,59;V
22/02/2025;-5,64;V
23/02/2025;-5,65;V
24/02/2025;-5,26;V
25/02/2025;-4,17;V
26/02/2025;-3,54;V
27/02/2025;-2,74;V
28/02/2025;-4,07;V
01/03/2025;-4,65;V
02/03/2025;-4,74;V
03/03/2025;-5,01;V
04/03/2025;-5,56;V
05/03/2025;-5,72;V
06/03/2025;-5,54;V
07/03/2025;-6,11;V
08/03/2025;-6,04;V
09/03/2025;-5,88;V
10/03/2025;-5,66;V
11/03/2025;-5,28;V
12/03/2025;-4,47;V
13/03/2025;-0,14;V
14/03/2025;3,68;V
15/03/2025;5,03;V
16/03/2025;1,11;V
17/03/2025;-1,71;V
18/03/2025;-3,32;V
19/03/2025;-3,94;V
20/03/2025;-4,09;V
21/03/2025;-4,24;V
22/03/2025;-4,41;V
23/03/2025;-4,29;V
24/03/2025;-4,78;V
25/03/2025;-5,16;V
26/03/2025;-5,24;V
27/03/2025;-5,35;V
28/03/2025;-5,41;V
29/03/2025;-5,39;V
30/03/2025;-5,41;V
31/03/2025;-5,48;V
01/04/2025;-5,64;V
02/04/2025;-5,75;V
03/04/2025;-5,86;V
04/04/2025;-6,00;V
05/04/2025;-6,04;V
06/04/2025;-6,08;V
07/04/2025;-6,11;V
08/04/2025;-6,15;V
09/04/2025;-6,20;V
10/04/2025;-6,27;V
11/04/2025;-6,30;V
12/04/2025;-6,33;V
13/04/2025;-6,31;V
14/04/2025;-5,46;V
15/04/2025;-1,36;V
16/04/2025;-0,38;V
17/04/2025;-3,02;V
18/04/2025;-2,68;V
19/04/2025;-3,61;V
20/04/2025;-4,34;V
21/04/2025;-4,80;V
22/04/2025;-5,19;V
23/04/2025;-5,43;V
24/04/2025;-5,31;V
25/04/2025;-5,51;V
26/04/2025;-5,74;V
27/04/2025;-5,99;V
28/04/2025;-5,87;V
29/04/2025;-6,06;V
30/04/2025;-6,18;V
01/05/2025;-6,21;V
02/05/2025;-6,32;V
03/05/2025;-6,33;V
04/05/2025;-6,34;V
05/05/2025;-5,81;V
06/05/2025;-3,12;V
07/05/2025;-4,38;V
08/05/2025;-5,35;V
09/05/2025;-5,85;V
10/05/2025;-6,03;V
11/05/2025;-6,00;V
12/05/2025;-6,18;V
13/05/2025;-5,72;V
14/05/2025;-5,97;V
15/05/2025;-6,17;V
16/05/2025;-5,98;V
17/05/2025;-5,89;V
18/05/2025;-6,14;V
19/05/2025;-6,13;V
20/05/2025;-6,26;V
21/05/2025;-6,26;V
22/05/2025;-6,27;V
23/05/2025;-5,74;V
24/05/2025;-5,72;V
25/05/2025;-6,13;V
26/05/2025;-6,30;V
27/05/2025;-6,32;V
28/05/2025;-6,49;V
29/05/2025;-6,63;V
30/05/2025;-6,67;V
31/05/2025;-6,73;V
01/06/2025;-6,77;V
02/06/2025;-6,87;V
03/06/2025;-6,81;V
04/06/2025;-6,80;V
05/06/2025;-6,85;V
06/06/2025;-6,82;V
07/06/2025;-6,98;V
08/06/2025;-6,97;V
09/06/2025;-7,00;V
10/06/2025;-7,03;V
11/06/2025;-6,90;V
12/06/2025;-7,11;V
13/06/2025;-7,15;V
14/06/2025;-7,01;V
15/06/2025;-7,03;V
16/06/2025;-7,16;V
17/06/2025;-7,02;V
18/06/2025;-7,09;V
19/06/2025;-7,15;V
20/06/2025;-7,20;V
21/06/2025;-7,21;V
22/06/2025;-7,14;V
23/06/2025;-7,06;V
24/06/2025;-7,20;V
25/06/2025;-7,12;V
26/06/2025;-7,25;V
27/06/2025;-7,28;V
28/06/2025;-7,29;V
29/06/2025;-7,30;V
30/06/2025;-7,31;V
01/07/2025;-7,30;V
02/07/2025;-7,34;V
03/07/2025;-6,79;V
04/07/2025;-7,12;V
05/07/2025;-7,27;V
06/07/2025;-7,09;V
07/07/2025;-6,77;V
08/07/2025;-7,13;V
09/07/2025;-7,23;V
10/07/2025;-7,32;V
11/07/2025;-7,34;V
12/07/2025;-7,36;V
13/07/2025;-7,31;V
14/07/2025;-7,25;V
15/07/2025;-7,29;V
16/07/2025;-7,32;V
17/07/2025;-7,32;V
18/07/2025;-7,33;V
19/07/2025;-7,36;V
20/07/2025;-7,37;V
21/07/2025;-7,37;V
22/07/2025;-7,37;V
23/07/2025;-7,38;V
24/07/2025;-7,39;V
25/07/2025;-7,39;V
26/07/2025;-7,35;V
27/07/2025;-7,27;V
28/07/2025;-7,31;V
29/07/2025;-7,27;V
30/07/2025;-7,35;V
31/07/2025;-7,42;V
01/08/2025;-7,39;V
02/08/2025;-7,42;V
03/08/2025;-7,41;V
04/08/2025;-7,38;V
05/08/2025;-7,37;V
06/08/2025;-7,40;V
07/08/2025;-7,51;V
08/08/2025;-7,47;V
09/08/2025;-7,45;V
10/08/2025;-7,44;V
11/08/2025;-7,43;V
12/08/2025;-7,30;V
13/08/2025;-7,38;V
14/08/2025;-7,41;V
15/08/2025;-7,42;V
16/08/2025;-7,40;V
17/08/2025;-7,42;V
18/08/2025;-7,43;V
19/08/2025;-7,44;V
20/08/2025;-6,98;V
21/08/2025;-6,42;V
22/08/2025;-7,06;V
23/08/2025;-7,25;V
24/08/2025;-7,25;V
25/08/2025;-7,30;V
26/08/2025;-7,34;V
27/08/2025;-7,21;V
28/08/2025;-7,43;V
29/08/2025;-7,06;V
30/08/2025;-7,11;V
31/08/2025;-6,72;V
01/09/2025;-7,13;V
02/09/2025;-6,84;V
03/09/2025;-6,88;V
04/09/2025;-7,11;V
05/09/2025;-7,21;V
06/09/2025;-7,31;V
07/09/2025;-7,31;V
08/09/2025;-7,33;V
09/09/2025;-7,26;V
10/09/2025;-6,69;V
11/09/2025;-6,35;V
12/09/2025;-6,72;V
13/09/2025;-7,17;V
14/09/2025;-7,25;V
15/09/2025;-7,27;V
16/09/2025;-7,29;V
17/09/2025;-7,28;V
18/09/2025;-7,33;V
19/09/2025;-7,47;V
20/09/2025;-7,34;V
21/09/2025;-7,33;V
22/09/2025;-7,09;V
23/09/2025;-6,23;V
24/09/2025;-6,79;V
25/09/2025;-6,88;V
26/09/2025;-6,83;V
27/09/2025;-6,80;V
28/09/2025;-7,01;V
29/09/2025;-7,11;V
30/09/2025;-7,15;V
01/10/2025;-7,22;V
02/10/2025;-7,25;V
03/10/2025;-7,26;V
04/10/2025;-7,28;V
05/10/2025;-7,02;V
06/10/2025;-7,01;V
07/10/2025;-7,24;V
08/10/2025;-7,25;V
09/10/2025;-7,26;V
10/10/2025;-7,26;V
11/10/2025;-7,27;V
12/10/2025;-7,32;V
13/10/2025;-7,31;V
14/10/2025;-7,26;V
15/10/2025;-7,30;V
16/10/2025;-7,27;V
17/10/2025;-7,31;V
18/10/2025;-7,29;V
19/10/2025;-7,32;V
20/10/2025;-7,32;V
21/10/2025;-6,87;V
22/10/2025;-6,31;V
23/10/2025;-5,04;V
24/10/2025;-4,91;V
25/10/2025;-6,17;V
26/10/2025;-6,37;V
27/10/2025;-6,40;V
28/10/2025;-6,74;V
29/10/2025;-6,92;V
30/10/2025;-6,37;V
31/10/2025;-3,92;V
01/11/2025;-5,34;V
02/11/2025;-5,80;V
03/11/2025;-5,88;V
04/11/2025;-6,35;V
05/11/2025;-6,58;V
06/11/2025;-6,72;V
07/11/2025;-6,81;V
08/11/2025;-6,88;V
09/11/2025;-6,94;V
10/11/2025;-7,00;V
11/11/2025;-7,02;V
12/11/2025;-7,05;V
13/11/2025;-7,04;V
14/11/2025;-7,13;V
15/11/2025;-7,13;V
16/11/2025;-7,08;V
17/11/2025;-6,08;V
18/11/2025;-5,35;V
19/11/2025;-5,92;V
20/11/2025;-6,09;V
21/11/2025;-6,08;V
22/11/2025;-5,82;V
23/11/2025;-5,91;V
24/11/2025;-5,59;V
25/11/2025;-1,71;V
26/11/2025;-3,36;V
27/11/2025;-4,93;V
28/11/2025;-5,42;V
29/11/2025;-5,75;V
30/11/2025;-5,92;V
01/12/2025;-6,05;V
02/12/2025;-5,82;V
03/12/2025;-6,30;V
04/12/2025;-6,42;V
05/12/2025;-6,16;V
06/12/2025;-6,62;V
07/12/2025;-6,69;V
08/12/2025;-6,60;V
09/12/2025;-6,50;V
10/12/2025;-6,65;V
11/12/2025;-6,75;V
12/12/2025;-6,78;V
13/12/2025;-6,79;V
14/12/2025;-6,92;V
15/12/2025;-6,94;V
16/12/2025;-6,71;V
17/12/2025;-6,11;V
18/12/2025;-6,18;V
19/12/2025;-6,28;V
20/12/2025;-6,20;V
21/12/2025;-6,46;V
22/12/2025;-6,56;V
23/12/2025;-6,33;V
24/12/2025;-5,90;V
25/12/2025;-5,21;V
26/12/2025;-5,28;V
27/12/2025;-5,49;V
28/12/2025;-5,88;V
29/12/2025;-6,18;V
30/12/2025;-6,29;V
31/12/2025;-6,31;V
01/01/2026;-6,46;P
02/01/2026;-6,27;P
03/01/2026;-6,20;P
04/01/2026;-6,37;P
05/01/2026;-6,36;P
06/01/2026;-6,18;P
07/01/2026;-5,59;P
08/01/2026;-5,97;P
09/01/2026;-5,76;P
10/01/2026;-4,40;P
11/01/2026;-4,93;P
12/01/2026;-5,48;P
13/01/2026;-5,64;P
14/01/2026;-5,73;P
15/01/2026;-5,85;P
16/01/2026;-5,78;P
17/01/2026;-5,79;P
18/01/2026;-5,89;P
19/01/2026;-6,01;P
20/01/2026;-6,19;P
21/01/2026;-6,31;P
22/01/2026;-6,21;P
23/01/2026;-6,37;P
24/01/2026;-4,74;P
25/01/2026;-2,56;P
26/01/2026;-2,55;P
27/01/2026;-4,17;P
28/01/2026;-2,75;P
29/01/2026;-0,48;P
30/01/2026;-3,07;P
31/01/2026;-3,97;P
01/02/2026;-4,56;P
02/02/2026;-5,02;P
03/02/2026;-4,56;P
04/02/2026;-1,84;P
05/02/2026;-0,73;P
06/02/2026;-1,79;P
07/02/2026;-2,16;P
08/02/2026;-2,42;P
09/02/2026;-3,60;P
10/02/2026;-4,27;P
11/02/2026;-3,78;P
12/02/2026;-3,04;P
13/02/2026;-3,29;P
14/02/2026;-3,86;P
15/02/2026;-3,73;P
16/02/2026;-4,13;P
17/02/2026;-3,94;P
18/02/2026;-4,37;P
19/02/2026;-4,41;P
20/02/2026;-4,30;P
21/02/2026;-4,82;P
22/02/2026;-5,10;P
23/02/2026;-5,35;P
24/02/2026;-5,44;P
25/02/2026;-5,50;P
26/02/2026;-5,58;P
27/02/2026;-5,63;P
28/02/2026;-5,80;P
01/03/2026;-5,87;P
02/03/2026;-6,05;P
03/03/2026;-6,11;P
04/03/2026;-6,06;P
05/03/2026;-6,11;P
06/03/2026;-6,23;P
07/03/2026;-6,28;P
08/03/2026;-6,31;P
09/03/2026;-6,26;P
10/03/2026;-6,31;P
11/03/2026;-6,24;P
12/03/2026;-4,77;P
13/03/2026;-4,96;P
14/03/2026;-5,54;P
15/03/2026;-5,86;P
16/03/2026;-5,95;P
17/03/2026;-6,05;P
18/03/2026;-6,18;P
19/03/2026;-6,20;P
20/03/2026;-6,24;P
21/03/2026;-6,32;P
22/03/2026;-6,39;P
23/03/2026;-6,42;P
24/03/2026;-6,44;P
25/03/2026;-6,46;P
26/03/2026;-6,24;P
27/03/2026;-5,53;P
28/03/2026;-5,57;P
29/03/2026;-6,01;P
30/03/2026;-5,87;P
31/03/2026;-5,85;P
01/04/2026;-6,01;P
02/04/2026;-6,10;P
03/04/2026;-6,08;P
04/04/2026;-6,20;P
05/04/2026;-6,24;P
06/04/2026;-6,28;P
07/04/2026;-6,22;P
08/04/2026;-6,33;P
09/04/2026;-6,38;P
10/04/2026;-6,49;P
11/04/2026;-6,57;P
12/04/2026;-6,69;P
13/04/2026;-6,57;P
14/04/2026;-6,40;P
15/04/2026;-6,37;P
16/04/2026;-6,42;P
17/04/2026;-6,46;P
18/04/2026;-6,36;P
19/04/2026;-6,52;P
20/04/2026;-6,63;P
21/04/2026;-6,65;P
22/04/2026;-6,67;P
23/04/2026;-6,73;P
24/04/2026;-6,82;P
25/04/2026;-6,87;P
26/04/2026;-7,00;P
27/04/2026;-6,99;P
28/04/2026;-6,86;P
29/04/2026;-6,85;P
30/04/2026;-7,00;P
01/05/2026;-7,08;P
02/05/2026;-7,11;P
03/05/2026;-7,11;P
04/05/2026;-7,11;P
05/05/2026;-6,49;P
06/05/2026;-3,54;P
07/05/2026;-3,68;P
08/05/2026;-5,47;P
09/05/2026;-5,91;P
10/05/2026;-6,12;P
11/05/2026;-6,01;P
12/05/2026;-6,19;P
13/05/2026;-6,20;P
14/05/2026;-6,02;P
15/05/2026;-6,13;P
16/05/2026;-5,69;P
17/05/2026;-5,58;P
18/05/2026;-6,02;P
19/05/2026;-6,17;P
20/05/2026;-6,16;P
21/05/2026;-6,49;P
22/05/2026;-6,51;P
23/05/2026;-6,66;P
24/05/2026;-6,77;P
25/05/2026;-6,82;P
26/05/2026;-6,90;P
27/05/2026;-6,93;P
28/05/2026;-6,84;P
29/05/2026;-6,60;P
30/05/2026;-6,70;P
31/05/2026;-6,88;P
01/06/2026;-6,91;P
02/06/2026;-6,64;P
03/06/2026;-5,74;P
04/06/2026;-6,03;P
05/06/2026;-6,57;P
06/06/2026;-6,77;P
07/06/2026;-6,84;P
08/06/2026;-6,89;P
09/06/2026;-6,96;P
10/06/2026;-7,01;P
11/06/2026;-7,01;P
