"Stazione";"Firenze Uffizi 3"
"Codice";"TOS01004683"
"Comune";"Firenze"
"Provincia";"FI"
"GB [m]";"E";1681522;"N";4848552
"WGS84 [°]";"Lat";43.768;"Lon";11.255
"Quota [m]";43,25

;;;ATTENZIONE i dati sono nel fomato csv ed utilizzano
;;;come separatore di colonna il "punto e virgola" e
;;;come separatore decimale la "virgola"
;;;verificare le proprie impostazioni internazionali per una corretta visulizzazione.
;;;Il valore contrassegnato con N corrisponde al dato non validato
;;;Il valore contrassegnato con R corrisponde al dato ricostruito
;;;Il valore contrassegnato con I corrisponde al dato incerto
;;;Il valore contrassegnato con @ corrisponde al dato mancante
;;;Il valore contrassegnato con V corrisponde al dato validato
;;;Il valore contrassegnato con P corrisponde al dato prevalidato soggetto ad eventuali modifiche
;;;(consultare la sezione Criteri di validazione)

"gg/mm/aaaa";"Livello [m]";"Tipo Dato"
01/01/2004;1,02;P
02/01/2004;1,06;P
03/01/2004;0,95;P
04/01/2004;0,79;P
05/01/2004;0,82;P
06/01/2004;0,83;P
07/01/2004;0,77;P
08/01/2004;0,78;P
09/01/2004;0,81;P
10/01/2004;0,86;P
11/01/2004;0,73;P
12/01/2004;0,75;P
13/01/2004;0,79;P
14/01/2004;0,83;P
15/01/2004;0,86;P
16/01/2004;0,93;P
17/01/2004;0,98;P
18/01/2004;1,69;P
19/01/2004;1,69;P
20/01/2004;1,25;P
21/01/2004;1,14;P
22/01/2004;1,06;P
23/01/2004;1,07;P
24/01/2004;0,96;P
25/01/2004;0,84;P
26/01/2004;0,85;P
27/01/2004;0,92;P
28/01/2004;0,94;P
29/01/2004;0,96;P
30/01/2004;1,02;P
31/01/2004;0,92;P
01/02/2004;0,82;P
02/02/2004;0,94;P
03/02/2004;1,06;P
04/02/2004;1,16;P
05/02/2004;1,08;P
06/02/2004;1,05;P
07/02/2004;0,96;P
08/02/2004;0,92;P
09/02/2004;1,03;P
10/02/2004;1,00;P
11/02/2004;1,00;P
12/02/2004;0,99;P
13/02/2004;0,89;P
14/02/2004;0,81;P
15/02/2004;0,77;P
16/02/2004;0,78;P
17/02/2004;0,82;P
18/02/2004;0,79;P
19/02/2004;0,91;P
20/02/2004;1,08;P
21/02/2004;1,05;P
22/02/2004;1,40;P
23/02/2004;2,11;P
24/02/2004;1,78;P
25/02/2004;1,44;P
26/02/2004;1,33;P
27/02/2004;1,46;P
28/02/2004;1,63;P
29/02/2004;1,63;P
01/03/2004;1,37;P
02/03/2004;1,26;P
03/03/2004;1,12;P
04/03/2004;1,07;P
05/03/2004;1,10;P
06/03/2004;1,01;P
07/03/2004;1,10;P
08/03/2004;1,38;P
09/03/2004;1,18;P
10/03/2004;1,15;P
11/03/2004;1,05;P
12/03/2004;1,12;P
13/03/2004;1,12;P
14/03/2004;1,07;P
15/03/2004;1,07;P
16/03/2004;1,01;P
17/03/2004;1,09;P
18/03/2004;1,05;P
19/03/2004;1,01;P
20/03/2004;0,90;P
21/03/2004;0,81;P
22/03/2004;0,94;P
23/03/2004;0,94;P
24/03/2004;0,94;P
25/03/2004;1,19;P
26/03/2004;1,11;P
27/03/2004;1,03;P
28/03/2004;1,01;P
29/03/2004;1,01;P
30/03/2004;0,96;P
31/03/2004;0,94;P
01/04/2004;0,95;P
02/04/2004;0,92;P
03/04/2004;0,84;P
04/04/2004;0,78;P
05/04/2004;0,84;P
06/04/2004;0,97;P
07/04/2004;0,84;P
08/04/2004;0,88;P
09/04/2004;0,99;P
10/04/2004;0,85;P
11/04/2004;0,78;P
12/04/2004;0,78;P
13/04/2004;0,87;P
14/04/2004;0,93;P
15/04/2004;0,89;P
16/04/2004;0,86;P
17/04/2004;0,99;P
18/04/2004;1,27;P
19/04/2004;1,36;P
20/04/2004;1,92;P
21/04/2004;1,51;P
22/04/2004;1,33;P
23/04/2004;1,29;P
24/04/2004;1,03;P
25/04/2004;1,10;P
26/04/2004;1,02;P
27/04/2004;1,06;P
28/04/2004;0,97;P
29/04/2004;0,97;P
30/04/2004;0,97;P
01/05/2004;0,90;P
02/05/2004;0,83;P
03/05/2004;0,87;P
04/05/2004;1,08;P
05/05/2004;1,54;P
06/05/2004;2,27;P
07/05/2004;2,16;P
08/05/2004;2,28;P
09/05/2004;1,84;P
10/05/2004;1,47;P
11/05/2004;1,36;P
12/05/2004;1,25;P
13/05/2004;1,21;P
14/05/2004;1,17;P
15/05/2004;0,95;P
16/05/2004;0,87;P
17/05/2004;0,94;P
18/05/2004;0,95;P
19/05/2004;0,94;P
20/05/2004;0,93;P
21/05/2004;0,95;P
22/05/2004;0,87;P
23/05/2004;0,78;P
24/05/2004;0,87;P
25/05/2004;0,87;P
26/05/2004;0,84;P
27/05/2004;0,86;P
28/05/2004;0,84;P
29/05/2004;0,80;P
30/05/2004;0,75;P
31/05/2004;0,81;P
01/06/2004;0,86;P
02/06/2004;0,85;P
03/06/2004;0,85;P
04/06/2004;0,91;P
05/06/2004;0,90;P
06/06/2004;0,88;P
07/06/2004;0,77;P
08/06/2004;0,77;P
09/06/2004;0,76;P
10/06/2004;0,76;P
11/06/2004;0,74;P
12/06/2004;0,79;P
13/06/2004;0,70;P
14/06/2004;0,71;P
15/06/2004;0,80;P
16/06/2004;0,75;P
17/06/2004;0,71;P
18/06/2004;0,70;P
19/06/2004;0,77;P
20/06/2004;0,67;P
21/06/2004;0,68;P
22/06/2004;0,71;P
23/06/2004;0,72;P
24/06/2004;0,72;P
25/06/2004;0,70;P
26/06/2004;0,73;P
27/06/2004;0,69;P
28/06/2004;0,67;P
29/06/2004;0,77;P
30/06/2004;0,79;P
01/07/2004;0,78;P
02/07/2004;0,73;P
03/07/2004;0,77;P
04/07/2004;0,70;P
05/07/2004;0,70;P
06/07/2004;0,68;P
07/07/2004;0,68;P
08/07/2004;0,67;P
09/07/2004;0,65;P
10/07/2004;0,67;P
11/07/2004;0,68;P
12/07/2004;0,64;P
13/07/2004;0,66;P
14/07/2004;0,65;P
15/07/2004;0,65;P
16/07/2004;0,65;P
17/07/2004;0,64;P
18/07/2004;0,64;P
19/07/2004;0,63;P
20/07/2004;0,63;P
21/07/2004;0,64;P
22/07/2004;0,64;P
23/07/2004;0,64;P
24/07/2004;0,63;P
25/07/2004;0,64;P
26/07/2004;0,66;P
27/07/2004;0,62;P
28/07/2004;0,62;P
29/07/2004;0,62;P
30/07/2004;0,62;P
31/07/2004;0,62;P
01/08/2004;0,64;P
02/08/2004;0,64;P
03/08/2004;0,63;P
04/08/2004;0,65;P
05/08/2004;0,68;P
06/08/2004;0,67;P
07/08/2004;0,67;P
08/08/2004;0,66;P
09/08/2004;0,65;P
10/08/2004;0,73;P
11/08/2004;0,66;P
12/08/2004;0,64;P
13/08/2004;0,64;P
14/08/2004;0,63;P
15/08/2004;0,63;P
16/08/2004;0,63;P
17/08/2004;0,63;P
18/08/2004;0,63;P
19/08/2004;0,63;P
20/08/2004;0,63;P
21/08/2004;0,62;P
22/08/2004;0,62;P
23/08/2004;0,62;P
24/08/2004;0,63;P
25/08/2004;0,63;P
26/08/2004;0,64;P
27/08/2004;0,66;P
28/08/2004;0,64;P
29/08/2004;0,64;P
30/08/2004;0,64;P
31/08/2004;0,64;P
01/09/2004;0,63;P
02/09/2004;0,62;P
03/09/2004;0,62;P
04/09/2004;0,62;P
05/09/2004;0,62;P
06/09/2004;0,62;P
07/09/2004;0,62;P
08/09/2004;0,62;P
09/09/2004;0,69;P
10/09/2004;0,65;P
11/09/2004;0,63;P
12/09/2004;0,64;P
13/09/2004;0,64;P
14/09/2004;0,66;P
15/09/2004;0,78;P
16/09/2004;0,88;P
17/09/2004;0,87;P
18/09/2004;0,82;P
19/09/2004;0,65;P
20/09/2004;0,64;P
21/09/2004;0,76;P
22/09/2004;0,66;P
23/09/2004;0,64;P
24/09/2004;0,64;P
25/09/2004;0,70;P
26/09/2004;0,65;P
27/09/2004;0,63;P
28/09/2004;0,62;P
29/09/2004;0,62;P
30/09/2004;0,62;P
01/10/2004;0,63;P
02/10/2004;0,63;P
03/10/2004;0,63;P
04/10/2004;0,63;P
05/10/2004;0,62;P
06/10/2004;0,62;P
07/10/2004;0,63;P
08/10/2004;0,64;P
09/10/2004;0,76;P
10/10/2004;0,68;P
11/10/2004;0,76;P
12/10/2004;0,72;P
13/10/2004;0,68;P
14/10/2004;0,63;P
15/10/2004;0,72;P
16/10/2004;0,82;P
17/10/2004;1,06;P
18/10/2004;0,89;P
19/10/2004;0,95;P
20/10/2004;0,86;P
21/10/2004;0,66;P
22/10/2004;0,63;P
23/10/2004;0,62;P
24/10/2004;0,62;P
25/10/2004;0,60;P
26/10/2004;0,59;P
27/10/2004;0,60;P
28/10/2004;0,67;P
29/10/2004;0,85;P
30/10/2004;2,65;P
31/10/2004;1,63;P
01/11/2004;1,37;P
02/11/2004;1,13;P
03/11/2004;1,14;P
04/11/2004;1,15;P
05/11/2004;1,10;P
06/11/2004;1,06;P
07/11/2004;0,97;P
08/11/2004;0,96;P
09/11/2004;1,07;P
10/11/2004;1,31;P
11/11/2004;1,54;P
12/11/2004;1,53;P
13/11/2004;1,34;P
14/11/2004;1,30;P
15/11/2004;1,23;P
16/11/2004;1,18;P
17/11/2004;1,17;P
18/11/2004;1,13;P
19/11/2004;1,08;P
20/11/2004;1,08;P
21/11/2004;0,97;P
22/11/2004;0,98;P
23/11/2004;1,08;P
24/11/2004;1,06;P
25/11/2004;1,07;P
26/11/2004;1,07;P
27/11/2004;1,07;P
28/11/2004;0,96;P
29/11/2004;0,99;P
30/11/2004;1,23;P
01/12/2004;1,37;P
02/12/2004;1,27;P
03/12/2004;1,60;P
04/12/2004;1,81;P
05/12/2004;3,17;P
06/12/2004;-2,17;P
07/12/2004;-2,17;P
08/12/2004;-2,17;P
09/12/2004;-2,17;P
10/12/2004;-2,17;P
11/12/2004;-2,17;P
12/12/2004;-2,17;P
13/12/2004;-2,17;P
14/12/2004;-2,17;P
15/12/2004;-2,17;P
16/12/2004;-2,19;P
17/12/2004;-2,19;P
18/12/2004;-2,19;P
19/12/2004;-2,19;P
20/12/2004;-2,19;P
21/12/2004;-2,19;P
22/12/2004;-2,19;P
23/12/2004;-2,20;P
24/12/2004;-2,21;P
25/12/2004;-2,21;P
26/12/2004;-2,21;P
27/12/2004;-2,21;P
28/12/2004;-2,21;P
29/12/2004;-2,21;P
30/12/2004;-2,20;P
31/12/2004;-2,20;P
01/01/2006;;@
02/01/2006;;@
03/01/2006;;@
04/01/2006;;@
05/01/2006;;@
06/01/2006;;@
07/01/2006;;@
08/01/2006;;@
09/01/2006;;@
10/01/2006;;@
11/01/2006;;@
12/01/2006;;@
13/01/2006;;@
14/01/2006;;@
15/01/2006;;@
16/01/2006;;@
17/01/2006;;@
18/01/2006;;@
19/01/2006;;@
20/01/2006;;@
21/01/2006;;@
22/01/2006;;@
23/01/2006;;@
24/01/2006;1,01;P
25/01/2006;1,04;P
26/01/2006;1,05;P
27/01/2006;1,05;P
28/01/2006;1,07;P
29/01/2006;0,97;P
30/01/2006;0,85;P
31/01/2006;0,84;P
01/02/2006;0,86;P
02/02/2006;0,89;P
03/02/2006;0,88;P
04/02/2006;0,86;P
05/02/2006;0,76;P
06/02/2006;0,81;P
07/02/2006;0,86;P
08/02/2006;0,81;P
09/02/2006;0,79;P
10/02/2006;0,88;P
11/02/2006;0,82;P
12/02/2006;0,73;P
13/02/2006;0,73;P
14/02/2006;0,76;P
15/02/2006;0,77;P
16/02/2006;0,79;P
17/02/2006;1,18;P
18/02/2006;1,04;P
19/02/2006;0,98;P
20/02/2006;1,15;P
21/02/2006;1,25;P
22/02/2006;1,23;P
23/02/2006;1,22;P
24/02/2006;1,20;P
25/02/2006;1,15;P
26/02/2006;1,02;P
27/02/2006;1,07;P
28/02/2006;1,02;P
01/03/2006;0,97;P
02/03/2006;1,00;P
03/03/2006;1,11;P
04/03/2006;1,12;P
05/03/2006;1,38;P
06/03/2006;1,98;P
07/03/2006;1,42;P
08/03/2006;1,32;P
09/03/2006;1,17;P
10/03/2006;1,09;P
11/03/2006;1,09;P
12/03/2006;1,02;P
13/03/2006;1,10;P
14/03/2006;1,06;P
15/03/2006;1,02;P
16/03/2006;0,98;P
17/03/2006;0,98;P
18/03/2006;0,98;P
19/03/2006;0,99;P
20/03/2006;1,01;P
21/03/2006;1,01;P
22/03/2006;1,03;P
23/03/2006;1,09;P
24/03/2006;1,12;P
25/03/2006;1,12;P
26/03/2006;0,98;P
27/03/2006;0,94;P
28/03/2006;1,05;P
29/03/2006;0,97;P
30/03/2006;0,90;P
31/03/2006;1,03;P
01/04/2006;0,95;P
02/04/2006;0,85;P
03/04/2006;0,85;P
04/04/2006;0,89;P
05/04/2006;0,88;P
06/04/2006;0,90;P
07/04/2006;0,91;P
08/04/2006;0,80;P
09/04/2006;0,73;P
10/04/2006;0,81;P
11/04/2006;0,87;P
12/04/2006;0,79;P
13/04/2006;0,81;P
14/04/2006;0,86;P
15/04/2006;0,79;P
16/04/2006;0,70;P
17/04/2006;0,73;P
18/04/2006;0,80;P
19/04/2006;0,87;P
20/04/2006;0,88;P
21/04/2006;0,86;P
22/04/2006;0,80;P
23/04/2006;0,70;P
24/04/2006;0,69;P
25/04/2006;0,68;P
26/04/2006;0,75;P
27/04/2006;0,86;P
28/04/2006;0,84;P
29/04/2006;0,81;P
30/04/2006;0,79;P
01/05/2006;0,90;P
02/05/2006;0,90;P
03/05/2006;0,90;P
04/05/2006;0,83;P
05/05/2006;0,87;P
06/05/2006;0,81;P
07/05/2006;0,67;P
08/05/2006;0,67;P
09/05/2006;0,91;P
10/05/2006;0,90;P
11/05/2006;0,85;P
12/05/2006;0,84;P
13/05/2006;0,77;P
14/05/2006;0,70;P
15/05/2006;0,71;P
16/05/2006;0,77;P
17/05/2006;0,77;P
18/05/2006;0,76;P
19/05/2006;0,77;P
20/05/2006;0,73;P
21/05/2006;0,65;P
22/05/2006;0,65;P
23/05/2006;0,65;P
24/05/2006;0,66;P
25/05/2006;0,66;P
26/05/2006;0,64;P
27/05/2006;0,63;P
28/05/2006;0,63;P
29/05/2006;0,63;P
30/05/2006;0,63;P
31/05/2006;0,67;P
01/06/2006;0,70;P
02/06/2006;0,73;P
03/06/2006;0,73;P
04/06/2006;0,65;P
05/06/2006;0,64;P
06/06/2006;0,68;P
07/06/2006;0,71;P
08/06/2006;0,69;P
09/06/2006;0,71;P
10/06/2006;0,72;P
11/06/2006;0,65;P
12/06/2006;0,63;P
13/06/2006;0,67;P
14/06/2006;0,66;P
15/06/2006;0,63;P
16/06/2006;0,60;P
17/06/2006;0,59;P
18/06/2006;0,59;P
19/06/2006;0,58;P
20/06/2006;0,59;P
21/06/2006;0,58;P
22/06/2006;0,57;P
23/06/2006;0,56;P
24/06/2006;0,56;P
25/06/2006;0,56;P
26/06/2006;0,55;P
27/06/2006;0,54;P
28/06/2006;0,52;P
29/06/2006;0,53;P
30/06/2006;0,52;P
01/07/2006;0,54;P
02/07/2006;0,54;P
03/07/2006;0,54;P
04/07/2006;0,54;P
05/07/2006;0,56;P
06/07/2006;0,56;P
07/07/2006;0,64;P
08/07/2006;0,66;P
09/07/2006;0,63;P
10/07/2006;0,64;P
11/07/2006;0,63;P
12/07/2006;0,57;P
13/07/2006;0,56;P
14/07/2006;0,55;P
15/07/2006;0,53;P
16/07/2006;0,54;P
17/07/2006;0,54;P
18/07/2006;0,54;P
19/07/2006;0,56;P
20/07/2006;0,55;P
21/07/2006;0,55;P
22/07/2006;0,56;P
23/07/2006;0,56;P
24/07/2006;0,60;P
25/07/2006;0,58;P
26/07/2006;0,57;P
27/07/2006;0,56;P
28/07/2006;0,61;P
29/07/2006;0,59;P
30/07/2006;0,59;P
31/07/2006;0,57;P
01/08/2006;0,57;P
02/08/2006;0,55;P
03/08/2006;0,56;P
04/08/2006;0,56;P
05/08/2006;0,56;P
06/08/2006;0,63;P
07/08/2006;0,57;P
08/08/2006;0,56;P
09/08/2006;0,58;P
10/08/2006;0,56;P
11/08/2006;0,55;P
12/08/2006;0,68;P
13/08/2006;0,65;P
14/08/2006;0,60;P
15/08/2006;0,59;P
16/08/2006;0,58;P
17/08/2006;0,57;P
18/08/2006;0,58;P
19/08/2006;0,56;P
20/08/2006;0,56;P
21/08/2006;0,55;P
22/08/2006;0,54;P
23/08/2006;0,62;P
24/08/2006;0,55;P
25/08/2006;0,53;P
26/08/2006;0,53;P
27/08/2006;0,56;P
28/08/2006;0,56;P
29/08/2006;0,58;P
30/08/2006;0,55;P
31/08/2006;0,64;P
01/09/2006;0,55;P
02/09/2006;0,54;P
03/09/2006;0,54;P
04/09/2006;0,52;P
05/09/2006;0,51;P
06/09/2006;0,49;P
07/09/2006;0,50;P
08/09/2006;0,50;P
09/09/2006;0,50;P
10/09/2006;0,52;P
11/09/2006;0,53;P
12/09/2006;0,54;P
13/09/2006;0,56;P
14/09/2006;0,56;P
15/09/2006;0,64;P
16/09/2006;0,63;P
17/09/2006;1,29;P
18/09/2006;1,15;P
19/09/2006;0,93;P
20/09/2006;0,81;P
21/09/2006;0,67;P
22/09/2006;0,70;P
23/09/2006;0,59;P
24/09/2006;0,59;P
25/09/2006;0,59;P
26/09/2006;0,62;P
27/09/2006;0,76;P
28/09/2006;0,64;P
29/09/2006;0,65;P
30/09/2006;0,64;P
01/10/2006;0,63;P
02/10/2006;0,63;P
03/10/2006;0,63;P
04/10/2006;0,64;P
05/10/2006;0,62;P
06/10/2006;0,61;P
07/10/2006;0,63;P
08/10/2006;0,66;P
09/10/2006;0,64;P
10/10/2006;0,63;P
11/10/2006;0,63;P
12/10/2006;0,63;P
13/10/2006;0,63;P
14/10/2006;0,63;P
15/10/2006;0,63;P
16/10/2006;0,61;P
17/10/2006;0,61;P
18/10/2006;0,63;P
19/10/2006;0,64;P
20/10/2006;0,74;P
21/10/2006;0,76;P
22/10/2006;1,00;P
23/10/2006;0,79;P
24/10/2006;0,80;P
25/10/2006;0,78;P
26/10/2006;0,71;P
27/10/2006;0,67;P
28/10/2006;0,66;P
29/10/2006;0,65;P
30/10/2006;0,63;P
31/10/2006;0,76;P
01/11/2006;0,76;P
02/11/2006;0,65;P
03/11/2006;0,64;P
04/11/2006;0,67;P
05/11/2006;0,63;P
06/11/2006;0,62;P
07/11/2006;0,62;P
08/11/2006;0,62;P
09/11/2006;0,62;P
10/11/2006;0,62;P
11/11/2006;0,62;P
12/11/2006;0,62;P
13/11/2006;0,73;P
14/11/2006;0,62;P
15/11/2006;0,62;P
16/11/2006;0,62;P
17/11/2006;0,63;P
18/11/2006;0,63;P
19/11/2006;0,69;P
20/11/2006;0,67;P
21/11/2006;0,75;P
22/11/2006;1,16;P
23/11/2006;1,15;P
24/11/2006;1,00;P
25/11/2006;0,83;P
26/11/2006;0,71;P
27/11/2006;0,72;P
28/11/2006;0,77;P
29/11/2006;0,68;P
30/11/2006;0,67;P
01/12/2006;0,68;P
02/12/2006;0,75;P
03/12/2006;0,67;P
04/12/2006;0,67;P
05/12/2006;0,67;P
06/12/2006;0,71;P
07/12/2006;0,72;P
08/12/2006;0,73;P
09/12/2006;1,21;P
10/12/2006;1,33;P
11/12/2006;1,09;P
12/12/2006;0,98;P
13/12/2006;0,90;P
14/12/2006;0,83;P
15/12/2006;0,83;P
16/12/2006;0,82;P
17/12/2006;0,75;P
18/12/2006;0,78;P
19/12/2006;0,77;P
20/12/2006;0,73;P
21/12/2006;0,75;P
22/12/2006;0,76;P
23/12/2006;0,76;P
24/12/2006;0,70;P
25/12/2006;0,69;P
26/12/2006;0,69;P
27/12/2006;0,70;P
28/12/2006;0,74;P
29/12/2006;0,75;P
30/12/2006;0,76;P
31/12/2006;0,69;P
01/01/2012;0,64;P
02/01/2012;0,67;P
03/01/2012;0,76;P
04/01/2012;0,75;P
05/01/2012;0,76;P
06/01/2012;0,73;P
07/01/2012;0,82;P
08/01/2012;0,78;P
09/01/2012;0,79;P
10/01/2012;0,74;P
11/01/2012;0,75;P
12/01/2012;0,72;P
13/01/2012;0,71;P
14/01/2012;0,72;P
15/01/2012;0,67;P
16/01/2012;0,76;P
17/01/2012;0,65;P
18/01/2012;0,64;P
19/01/2012;0,65;P
20/01/2012;0,64;P
21/01/2012;0,68;P
22/01/2012;0,64;P
23/01/2012;0,64;P
24/01/2012;0,74;P
25/01/2012;0,73;P
26/01/2012;0,74;P
27/01/2012;0,74;P
28/01/2012;0,74;P
29/01/2012;0,65;P
30/01/2012;0,64;P
31/01/2012;0,63;P
01/02/2012;0,64;P
02/02/2012;0,65;P
03/02/2012;0,64;P
04/02/2012;0,64;P
05/02/2012;0,64;P
06/02/2012;0,63;P
07/02/2012;0,63;P
08/02/2012;0,63;P
09/02/2012;0,62;P
10/02/2012;0,61;P
11/02/2012;0,63;P
12/02/2012;0,64;P
13/02/2012;0,63;P
14/02/2012;0,62;P
15/02/2012;0,61;P
16/02/2012;0,60;P
17/02/2012;0,61;P
18/02/2012;0,61;P
19/02/2012;0,68;P
20/02/2012;0,74;P
21/02/2012;0,72;P
22/02/2012;0,69;P
23/02/2012;0,68;P
24/02/2012;0,74;P
25/02/2012;0,68;P
26/02/2012;0,68;P
27/02/2012;0,68;P
28/02/2012;0,65;P
29/02/2012;0,73;P
01/03/2012;0,71;P
02/03/2012;0,69;P
03/03/2012;0,70;P
04/03/2012;0,71;P
05/03/2012;0,70;P
06/03/2012;0,68;P
07/03/2012;0,70;P
08/03/2012;0,67;P
09/03/2012;0,68;P
10/03/2012;0,68;P
11/03/2012;0,58;P
12/03/2012;0,65;P
13/03/2012;0,57;P
14/03/2012;0,62;P
15/03/2012;0,55;P
16/03/2012;0,52;P
17/03/2012;0,61;P
18/03/2012;0,52;P
19/03/2012;0,51;P
20/03/2012;0,60;P
21/03/2012;0,56;P
22/03/2012;0,49;P
23/03/2012;0,49;P
24/03/2012;0,55;P
25/03/2012;0,48;P
26/03/2012;0,49;P
27/03/2012;0,53;P
28/03/2012;0,49;P
29/03/2012;0,50;P
30/03/2012;0,48;P
31/03/2012;0,44;P
01/04/2012;0,42;P
02/04/2012;0,41;P
03/04/2012;0,48;P
04/04/2012;0,43;P
05/04/2012;0,42;P
06/04/2012;0,43;P
07/04/2012;0,42;P
08/04/2012;0,45;P
09/04/2012;0,54;P
10/04/2012;0,47;P
11/04/2012;0,65;P
12/04/2012;0,98;P
13/04/2012;0,96;P
14/04/2012;0,93;P
15/04/2012;1,00;P
16/04/2012;0,92;P
17/04/2012;0,87;P
18/04/2012;0,76;P
19/04/2012;0,74;P
20/04/2012;0,96;P
21/04/2012;1,27;P
22/04/2012;1,15;P
23/04/2012;1,04;P
24/04/2012;0,95;P
25/04/2012;0,87;P
26/04/2012;0,91;P
27/04/2012;0,88;P
28/04/2012;0,73;P
29/04/2012;0,56;P
30/04/2012;0,53;P
01/05/2012;0,51;P
02/05/2012;0,51;P
03/05/2012;0,49;P
04/05/2012;0,54;P
05/05/2012;0,51;P
06/05/2012;0,55;P
07/05/2012;1,05;P
08/05/2012;1,00;P
09/05/2012;0,65;P
10/05/2012;0,59;P
11/05/2012;0,56;P
12/05/2012;0,46;P
13/05/2012;0,41;P
14/05/2012;0,44;P
15/05/2012;0,39;P
16/05/2012;0,36;P
17/05/2012;0,35;P
18/05/2012;0,36;P
19/05/2012;0,34;P
20/05/2012;0,41;P
21/05/2012;0,57;P
22/05/2012;0,77;P
23/05/2012;0,65;P
24/05/2012;0,48;P
25/05/2012;0,38;P
26/05/2012;0,40;P
27/05/2012;0,39;P
28/05/2012;0,34;P
29/05/2012;0,26;P
30/05/2012;0,22;P
31/05/2012;0,22;P
01/06/2012;0,16;P
02/06/2012;0,20;P
03/06/2012;0,20;P
04/06/2012;0,20;P
05/06/2012;0,27;P
06/06/2012;0,23;P
07/06/2012;0,18;P
08/06/2012;0,19;P
09/06/2012;0,22;P
10/06/2012;0,20;P
11/06/2012;0,22;P
12/06/2012;0,27;P
13/06/2012;0,33;P
14/06/2012;0,29;P
15/06/2012;0,22;P
16/06/2012;0,23;P
17/06/2012;0,19;P
18/06/2012;0,17;P
19/06/2012;0,14;P
20/06/2012;0,11;P
21/06/2012;0,09;P
22/06/2012;0,09;P
23/06/2012;0,08;P
24/06/2012;0,08;P
25/06/2012;0,09;P
26/06/2012;0,07;P
27/06/2012;0,04;P
28/06/2012;0,02;P
29/06/2012;0,03;P
30/06/2012;0,03;P
01/07/2012;0,02;P
02/07/2012;0,02;P
03/07/2012;0,03;P
04/07/2012;0,04;P
05/07/2012;0,04;P
06/07/2012;0,05;P
07/07/2012;0,07;P
08/07/2012;0,09;P
09/07/2012;0,07;P
10/07/2012;0,08;P
11/07/2012;0,10;P
12/07/2012;0,13;P
13/07/2012;0,19;P
14/07/2012;0,19;P
15/07/2012;0,21;P
16/07/2012;0,21;P
17/07/2012;0,21;P
18/07/2012;0,22;P
19/07/2012;0,25;P
20/07/2012;0,26;P
21/07/2012;0,28;P
22/07/2012;0,31;P
23/07/2012;0,34;P
24/07/2012;0,35;P
25/07/2012;0,36;P
26/07/2012;0,35;P
27/07/2012;0,35;P
28/07/2012;0,35;P
29/07/2012;0,35;P
30/07/2012;0,33;P
31/07/2012;0,33;P
01/08/2012;0,31;P
02/08/2012;0,30;P
03/08/2012;0,31;P
04/08/2012;0,32;P
05/08/2012;0,31;P
06/08/2012;0,31;P
07/08/2012;0,31;P
08/08/2012;0,32;P
09/08/2012;0,24;P
10/08/2012;0,29;P
11/08/2012;0,30;P
12/08/2012;0,31;P
13/08/2012;0,31;P
14/08/2012;0,31;P
15/08/2012;0,31;P
16/08/2012;0,32;P
17/08/2012;0,31;P
18/08/2012;0,30;P
19/08/2012;0,31;P
20/08/2012;0,31;P
21/08/2012;0,30;P
22/08/2012;0,29;P
23/08/2012;0,29;P
24/08/2012;0,30;P
25/08/2012;0,29;P
26/08/2012;0,34;P
27/08/2012;0,32;P
28/08/2012;0,35;P
29/08/2012;0,33;P
30/08/2012;0,31;P
31/08/2012;0,41;P
01/09/2012;0,49;P
02/09/2012;0,41;P
03/09/2012;0,41;P
04/09/2012;0,45;P
05/09/2012;0,43;P
06/09/2012;0,37;P
07/09/2012;0,34;P
08/09/2012;0,29;P
09/09/2012;0,26;P
10/09/2012;0,22;P
11/09/2012;0,11;P
12/09/2012;0,20;P
13/09/2012;0,38;P
14/09/2012;0,39;P
15/09/2012;0,38;P
16/09/2012;0,38;P
17/09/2012;0,38;P
18/09/2012;0,38;P
19/09/2012;0,40;P
20/09/2012;0,49;P
21/09/2012;0,44;P
22/09/2012;0,40;P
23/09/2012;0,39;P
24/09/2012;0,38;P
25/09/2012;0,38;P
26/09/2012;0,37;P
27/09/2012;0,37;P
28/09/2012;0,37;P
29/09/2012;0,36;P
30/09/2012;0,42;P
01/10/2012;0,58;P
02/10/2012;0,46;P
03/10/2012;0,41;P
04/10/2012;0,38;P
05/10/2012;0,35;P
06/10/2012;0,35;P
07/10/2012;0,34;P
08/10/2012;0,38;P
09/10/2012;0,45;P
10/10/2012;0,50;P
11/10/2012;0,44;P
12/10/2012;0,43;P
13/10/2012;0,46;P
14/10/2012;0,47;P
15/10/2012;0,51;P
16/10/2012;0,76;P
17/10/2012;0,63;P
18/10/2012;0,54;P
19/10/2012;0,51;P
20/10/2012;0,49;P
21/10/2012;0,48;P
22/10/2012;0,47;P
23/10/2012;0,46;P
24/10/2012;0,47;P
25/10/2012;0,46;P
26/10/2012;0,60;P
27/10/2012;0,70;P
28/10/2012;0,98;P
29/10/2012;1,09;P
30/10/2012;0,88;P
31/10/2012;0,82;P
01/11/2012;1,28;P
02/11/2012;1,23;P
03/11/2012;1,07;P
04/11/2012;0,91;P
05/11/2012;0,83;P
06/11/2012;1,03;P
07/11/2012;0,98;P
08/11/2012;0,90;P
09/11/2012;0,79;P
10/11/2012;0,79;P
11/11/2012;0,86;P
12/11/2012;1,96;P
13/11/2012;2,63;P
14/11/2012;1,67;P
15/11/2012;1,31;P
16/11/2012;1,20;P
17/11/2012;1,12;P
18/11/2012;0,95;P
19/11/2012;0,95;P
20/11/2012;0,86;P
21/11/2012;0,80;P
22/11/2012;0,76;P
23/11/2012;0,76;P
24/11/2012;0,79;P
25/11/2012;0,75;P
26/11/2012;0,77;P
27/11/2012;1,02;P
28/11/2012;2,29;P
29/11/2012;2,18;P
30/11/2012;1,70;P
01/12/2012;1,39;P
02/12/2012;1,24;P
03/12/2012;1,21;P
04/12/2012;1,31;P
05/12/2012;1,43;P
06/12/2012;1,25;P
07/12/2012;1,13;P
08/12/2012;1,29;P
09/12/2012;1,13;P
10/12/2012;1,06;P
11/12/2012;1,00;P
12/12/2012;0,96;P
13/12/2012;0,93;P
14/12/2012;0,99;P
15/12/2012;1,46;P
16/12/2012;1,72;P
17/12/2012;1,78;P
18/12/2012;1,81;P
19/12/2012;1,43;P
20/12/2012;1,35;P
21/12/2012;1,16;P
22/12/2012;1,13;P
23/12/2012;1,12;P
24/12/2012;1,11;P
25/12/2012;1,05;P
26/12/2012;1,07;P
27/12/2012;1,31;P
28/12/2012;1,27;P
29/12/2012;1,23;P
30/12/2012;1,21;P
31/12/2012;1,12;P
01/01/2013;0,97;V
02/01/2013;0,96;V
03/01/2013;0,93;V
04/01/2013;0,83;V
05/01/2013;0,81;V
06/01/2013;0,89;V
07/01/2013;0,79;V
08/01/2013;0,86;V
09/01/2013;0,84;V
10/01/2013;0,87;V
11/01/2013;0,84;V
12/01/2013;0,87;V
13/01/2013;0,94;V
14/01/2013;1,44;V
15/01/2013;1,44;V
16/01/2013;1,35;V
17/01/2013;1,37;V
18/01/2013;1,32;V
19/01/2013;1,23;V
20/01/2013;2,00;V
21/01/2013;3,42;V
22/01/2013;2,17;V
23/01/2013;1,74;V
24/01/2013;1,51;V
25/01/2013;1,36;V
26/01/2013;1,30;V
27/01/2013;1,25;V
28/01/2013;1,16;V
29/01/2013;1,20;V
30/01/2013;1,14;V
31/01/2013;1,14;V
01/02/2013;1,15;V
02/02/2013;1,20;V
03/02/2013;1,51;V
04/02/2013;1,45;V
05/02/2013;1,30;V
06/02/2013;1,31;V
07/02/2013;1,28;V
08/02/2013;1,35;V
09/02/2013;1,25;V
10/02/2013;1,11;V
11/02/2013;1,10;V
12/02/2013;1,45;V
13/02/2013;1,39;V
14/02/2013;1,32;V
15/02/2013;1,18;V
16/02/2013;1,15;V
17/02/2013;1,13;V
18/02/2013;1,08;V
19/02/2013;1,02;V
20/02/2013;0,96;V
21/02/2013;1,02;V
22/02/2013;1,04;V
23/02/2013;1,08;V
24/02/2013;1,48;V
25/02/2013;1,39;V
26/02/2013;1,31;V
27/02/2013;1,18;V
28/02/2013;1,13;V
01/03/2013;1,12;V
02/03/2013;1,13;V
03/03/2013;1,12;V
04/03/2013;1,10;V
05/03/2013;1,06;V
06/03/2013;1,16;V
07/03/2013;1,39;V
08/03/2013;1,67;V
09/03/2013;2,10;V
10/03/2013;2,14;V
11/03/2013;2,42;V
12/03/2013;2,73;V
13/03/2013;2,15;V
14/03/2013;1,82;V
15/03/2013;1,53;V
16/03/2013;1,43;V
17/03/2013;1,37;V
18/03/2013;2,12;V
19/03/2013;2,39;V
20/03/2013;1,66;V
21/03/2013;1,52;V
22/03/2013;1,39;V
23/03/2013;1,34;V
24/03/2013;1,30;V
25/03/2013;1,24;V
26/03/2013;1,16;V
27/03/2013;1,15;V
28/03/2013;1,12;V
29/03/2013;1,15;V
30/03/2013;1,23;V
31/03/2013;1,97;V
01/04/2013;1,51;V
02/04/2013;1,49;V
03/04/2013;1,44;V
04/04/2013;1,36;V
05/04/2013;1,39;V
06/04/2013;1,32;V
07/04/2013;1,30;V
08/04/2013;1,29;V
09/04/2013;1,32;V
10/04/2013;1,27;V
11/04/2013;1,17;V
12/04/2013;1,12;V
13/04/2013;1,06;V
14/04/2013;0,99;V
15/04/2013;1,01;V
16/04/2013;0,99;V
17/04/2013;0,90;V
18/04/2013;0,87;V
19/04/2013;0,74;V
20/04/2013;0,81;V
21/04/2013;0,77;V
22/04/2013;0,74;V
23/04/2013;0,75;V
24/04/2013;0,79;V
25/04/2013;0,71;V
26/04/2013;0,64;V
27/04/2013;0,62;V
28/04/2013;0,63;V
29/04/2013;0,65;V
30/04/2013;0,60;V
01/05/2013;0,57;V
02/05/2013;0,51;V
03/05/2013;0,52;V
04/05/2013;0,64;V
05/05/2013;0,67;V
06/05/2013;0,75;V
07/05/2013;0,70;V
08/05/2013;0,64;V
09/05/2013;0,73;V
10/05/2013;0,72;V
11/05/2013;0,62;V
12/05/2013;0,56;V
13/05/2013;0,52;V
14/05/2013;0,57;V
15/05/2013;0,53;V
16/05/2013;0,76;V
17/05/2013;0,97;V
18/05/2013;1,10;V
19/05/2013;1,01;V
20/05/2013;0,79;V
21/05/2013;0,71;V
22/05/2013;0,77;V
23/05/2013;0,73;V
24/05/2013;0,74;V
25/05/2013;0,81;V
26/05/2013;0,95;V
27/05/2013;0,84;V
28/05/2013;0,80;V
29/05/2013;0,76;V
30/05/2013;0,78;V
31/05/2013;0,80;V
01/06/2013;0,70;V
02/06/2013;0,81;V
03/06/2013;0,82;V
04/06/2013;0,74;V
05/06/2013;0,91;V
06/06/2013;1,10;V
07/06/2013;1,02;V
08/06/2013;1,02;V
09/06/2013;0,93;V
10/06/2013;0,95;V
11/06/2013;0,98;V
12/06/2013;0,99;V
13/06/2013;0,87;V
14/06/2013;0,87;V
15/06/2013;0,70;V
16/06/2013;0,73;V
17/06/2013;0,73;V
18/06/2013;0,62;V
19/06/2013;0,57;V
20/06/2013;0,57;V
21/06/2013;0,60;V
22/06/2013;0,64;V
23/06/2013;0,68;V
24/06/2013;0,73;V
25/06/2013;0,77;V
26/06/2013;0,72;V
27/06/2013;0,73;V
28/06/2013;0,75;V
29/06/2013;0,70;V
30/06/2013;0,69;V
01/07/2013;0,69;V
02/07/2013;0,66;V
03/07/2013;0,57;V
04/07/2013;0,55;V
05/07/2013;0,50;V
06/07/2013;0,50;V
07/07/2013;0,44;V
08/07/2013;0,45;V
09/07/2013;0,41;V
10/07/2013;0,43;V
11/07/2013;0,50;V
12/07/2013;0,53;V
13/07/2013;0,56;V
14/07/2013;0,53;V
15/07/2013;0,47;V
16/07/2013;0,49;V
17/07/2013;0,50;V
18/07/2013;0,57;V
19/07/2013;0,59;V
20/07/2013;0,59;V
21/07/2013;0,68;V
22/07/2013;0,71;V
23/07/2013;0,65;V
24/07/2013;0,66;V
25/07/2013;0,66;V
26/07/2013;0,64;V
27/07/2013;0,65;V
28/07/2013;0,64;V
29/07/2013;0,67;V
30/07/2013;0,72;V
31/07/2013;0,77;V
01/08/2013;0,73;V
02/08/2013;0,67;V
03/08/2013;0,69;V
04/08/2013;0,70;V
05/08/2013;0,70;V
06/08/2013;0,70;V
07/08/2013;0,69;V
08/08/2013;0,69;V
09/08/2013;0,71;V
10/08/2013;0,75;V
11/08/2013;0,71;V
12/08/2013;0,72;V
13/08/2013;0,73;V
14/08/2013;0,73;V
15/08/2013;0,73;V
16/08/2013;0,74;V
17/08/2013;0,75;V
18/08/2013;0,74;V
19/08/2013;0,73;V
20/08/2013;0,78;V
21/08/2013;0,79;V
22/08/2013;0,78;V
23/08/2013;0,78;V
24/08/2013;0,78;V
25/08/2013;0,89;V
26/08/2013;0,81;V
27/08/2013;0,79;V
28/08/2013;0,79;V
29/08/2013;0,79;V
30/08/2013;0,78;V
31/08/2013;0,78;V
01/09/2013;0,78;V
02/09/2013;0,78;V
03/09/2013;0,78;V
04/09/2013;0,77;V
05/09/2013;0,76;V
06/09/2013;0,76;V
07/09/2013;0,76;V
08/09/2013;0,77;V
09/09/2013;0,81;V
10/09/2013;0,80;V
11/09/2013;0,82;V
12/09/2013;0,81;V
13/09/2013;0,80;V
14/09/2013;0,79;V
15/09/2013;0,85;V
16/09/2013;0,86;V
17/09/2013;0,82;V
18/09/2013;0,79;V
19/09/2013;0,78;V
20/09/2013;0,81;V
21/09/2013;0,82;V
22/09/2013;0,82;V
23/09/2013;0,81;V
24/09/2013;0,80;V
25/09/2013;0,79;V
26/09/2013;0,75;V
27/09/2013;0,75;V
28/09/2013;0,75;V
29/09/2013;0,80;V
30/09/2013;1,09;V
01/10/2013;1,00;V
02/10/2013;0,84;V
03/10/2013;0,77;V
04/10/2013;0,75;V
05/10/2013;0,91;V
06/10/2013;1,09;V
07/10/2013;1,03;V
08/10/2013;1,04;V
09/10/2013;0,90;V
10/10/2013;0,77;V
11/10/2013;0,83;V
12/10/2013;0,85;V
13/10/2013;0,88;V
14/10/2013;0,81;V
15/10/2013;0,85;V
16/10/2013;0,85;V
17/10/2013;0,83;V
18/10/2013;0,74;V
19/10/2013;0,78;V
20/10/2013;0,83;V
21/10/2013;1,89;V
22/10/2013;1,60;V
23/10/2013;1,31;V
24/10/2013;1,82;V
25/10/2013;1,41;V
26/10/2013;1,24;V
27/10/2013;1,02;V
28/10/2013;0,95;V
29/10/2013;0,80;V
30/10/2013;0,76;V
31/10/2013;0,75;V
01/11/2013;0,74;V
02/11/2013;0,74;V
03/11/2013;0,81;V
04/11/2013;0,83;V
05/11/2013;1,11;V
06/11/2013;1,02;V
07/11/2013;0,86;V
08/11/2013;0,88;V
09/11/2013;0,94;V
10/11/2013;1,26;V
11/11/2013;2,64;V
12/11/2013;2,03;V
13/11/2013;1,28;V
14/11/2013;1,09;V
15/11/2013;1,12;V
16/11/2013;0,95;V
17/11/2013;0,85;V
18/11/2013;0,79;V
19/11/2013;0,76;V
20/11/2013;0,81;V
21/11/2013;1,02;V
22/11/2013;1,75;V
23/11/2013;1,44;V
24/11/2013;1,26;V
25/11/2013;1,14;V
26/11/2013;1,01;V
27/11/2013;0,95;V
28/11/2013;0,94;V
29/11/2013;0,84;V
30/11/2013;0,85;V
01/12/2013;0,87;V
02/12/2013;0,92;V
03/12/2013;0,79;V
04/12/2013;0,85;V
05/12/2013;0,65;V
06/12/2013;0,73;V
07/12/2013;0,81;V
08/12/2013;0,82;V
09/12/2013;0,84;V
10/12/2013;0,82;V
11/12/2013;0,85;V
12/12/2013;0,81;V
13/12/2013;0,80;V
14/12/2013;0,81;V
15/12/2013;0,78;V
16/12/2013;0,78;V
17/12/2013;0,78;V
18/12/2013;0,78;V
19/12/2013;0,76;V
20/12/2013;0,75;V
21/12/2013;0,75;V
22/12/2013;0,66;V
23/12/2013;0,63;V
24/12/2013;0,76;V
25/12/2013;0,76;V
26/12/2013;1,04;V
27/12/2013;1,21;V
28/12/2013;1,03;V
29/12/2013;0,95;V
30/12/2013;0,96;V
31/12/2013;0,88;V
01/01/2014;0,85;P
02/01/2014;0,80;P
03/01/2014;0,86;P
04/01/2014;0,98;P
05/01/2014;1,23;P
06/01/2014;1,15;P
07/01/2014;1,11;P
08/01/2014;1,00;P
09/01/2014;0,93;P
10/01/2014;0,91;P
11/01/2014;0,83;P
12/01/2014;0,82;P
13/01/2014;0,82;P
14/01/2014;0,91;P
15/01/2014;1,06;P
16/01/2014;1,10;P
17/01/2014;1,20;P
18/01/2014;1,67;P
19/01/2014;1,37;P
20/01/2014;1,33;P
21/01/2014;1,21;P
22/01/2014;1,18;P
23/01/2014;1,14;P
24/01/2014;1,26;P
25/01/2014;1,20;P
26/01/2014;1,20;P
27/01/2014;1,16;P
28/01/2014;1,07;P
29/01/2014;1,04;P
30/01/2014;1,70;P
31/01/2014;3,40;P
01/02/2014;2,49;P
02/02/2014;1,86;P
03/02/2014;1,72;P
04/02/2014;1,50;P
05/02/2014;1,51;P
06/02/2014;1,83;P
07/02/2014;1,60;P
08/02/2014;1,92;P
09/02/2014;1,93;P
10/02/2014;2,16;P
11/02/2014;3,39;P
12/02/2014;1,97;P
13/02/2014;1,51;P
14/02/2014;1,40;P
15/02/2014;1,31;P
16/02/2014;1,22;P
17/02/2014;1,14;P
18/02/2014;1,06;P
19/02/2014;1,05;P
20/02/2014;1,27;P
21/02/2014;1,34;P
22/02/2014;1,36;P
23/02/2014;1,31;P
24/02/2014;1,21;P
25/02/2014;1,17;P
26/02/2014;1,16;P
27/02/2014;1,35;P
28/02/2014;1,30;P
01/03/2014;1,37;P
02/03/2014;1,33;P
03/03/2014;1,29;P
04/03/2014;1,31;P
05/03/2014;1,57;P
06/03/2014;1,48;P
07/03/2014;1,27;P
08/03/2014;1,20;P
09/03/2014;1,12;P
10/03/2014;1,06;P
11/03/2014;1,03;P
12/03/2014;1,01;P
13/03/2014;0,99;P
14/03/2014;0,98;P
15/03/2014;0,89;P
16/03/2014;0,89;P
17/03/2014;0,87;P
18/03/2014;0,81;P
19/03/2014;0,85;P
20/03/2014;0,84;P
21/03/2014;0,84;P
22/03/2014;0,84;P
23/03/2014;1,03;P
24/03/2014;1,30;P
25/03/2014;1,15;P
26/03/2014;1,10;P
27/03/2014;1,00;P
28/03/2014;1,06;P
29/03/2014;1,09;P
30/03/2014;1,05;P
31/03/2014;1,01;P
01/04/2014;0,90;P
02/04/2014;0,90;P
03/04/2014;;@
04/04/2014;;@
05/04/2014;;@
06/04/2014;;@
07/04/2014;;@
08/04/2014;;@
09/04/2014;;@
10/04/2014;;@
11/04/2014;;@
12/04/2014;;@
13/04/2014;;@
14/04/2014;;@
15/04/2014;;@
16/04/2014;;@
17/04/2014;;@
18/04/2014;;@
19/04/2014;;@
20/04/2014;;@
21/04/2014;;@
22/04/2014;;@
23/04/2014;;@
24/04/2014;;@
25/04/2014;;@
26/04/2014;;@
27/04/2014;;@
28/04/2014;;@
29/04/2014;;@
30/04/2014;;@
01/05/2014;;@
02/05/2014;;@
03/05/2014;;@
04/05/2014;;@
05/05/2014;;@
06/05/2014;;@
07/05/2014;;@
08/05/2014;;@
09/05/2014;;@
10/05/2014;;@
11/05/2014;;@
12/05/2014;;@
13/05/2014;;@
14/05/2014;;@
15/05/2014;;@
16/05/2014;;@
17/05/2014;;@
18/05/2014;;@
19/05/2014;;@
20/05/2014;;@
21/05/2014;;@
22/05/2014;;@
23/05/2014;;@
24/05/2014;;@
25/05/2014;;@
26/05/2014;;@
27/05/2014;;@
28/05/2014;;@
29/05/2014;;@
30/05/2014;;@
31/05/2014;;@
01/06/2014;;@
02/06/2014;;@
03/06/2014;;@
04/06/2014;0,70;P
05/06/2014;0,74;P
06/06/2014;0,75;P
07/06/2014;0,72;P
08/06/2014;0,70;P
09/06/2014;0,73;P
10/06/2014;0,73;P
11/06/2014;0,69;P
12/06/2014;0,69;P
13/06/2014;0,70;P
14/06/2014;0,75;P
15/06/2014;0,79;P
16/06/2014;0,72;P
17/06/2014;0,74;P
18/06/2014;0,67;P
19/06/2014;0,69;P
20/06/2014;0,69;P
21/06/2014;0,67;P
22/06/2014;0,66;P
23/06/2014;0,67;P
24/06/2014;0,68;P
25/06/2014;0,67;P
26/06/2014;0,70;P
27/06/2014;0,73;P
28/06/2014;0,72;P
29/06/2014;0,74;P
30/06/2014;0,82;P
01/07/2014;0,77;P
02/07/2014;0,72;P
03/07/2014;0,70;P
04/07/2014;0,71;P
05/07/2014;0,69;P
06/07/2014;0,69;P
07/07/2014;0,68;P
08/07/2014;0,69;P
09/07/2014;0,77;P
10/07/2014;0,74;P
11/07/2014;0,76;P
12/07/2014;0,77;P
13/07/2014;0,77;P
14/07/2014;0,83;P
15/07/2014;0,79;P
16/07/2014;0,79;P
17/07/2014;0,79;P
18/07/2014;0,74;P
19/07/2014;0,72;P
20/07/2014;0,72;P
21/07/2014;0,81;P
22/07/2014;0,83;P
23/07/2014;0,77;P
24/07/2014;0,75;P
25/07/2014;0,80;P
26/07/2014;0,84;P
27/07/2014;0,90;P
28/07/2014;0,86;P
29/07/2014;0,83;P
30/07/2014;1,01;P
31/07/2014;0,97;P
01/08/2014;0,83;P
02/08/2014;0,82;P
03/08/2014;0,89;P
04/08/2014;0,99;P
05/08/2014;0,88;P
06/08/2014;0,90;P
07/08/2014;0,85;P
08/08/2014;0,84;P
09/08/2014;0,84;P
10/08/2014;0,84;P
11/08/2014;0,84;P
12/08/2014;0,85;P
13/08/2014;0,85;P
14/08/2014;0,88;P
15/08/2014;0,96;P
16/08/2014;0,92;P
17/08/2014;0,91;P
18/08/2014;0,91;P
19/08/2014;0,90;P
20/08/2014;0,91;P
21/08/2014;0,92;P
22/08/2014;0,91;P
23/08/2014;0,91;P
24/08/2014;0,96;P
25/08/2014;0,93;P
26/08/2014;0,92;P
27/08/2014;0,92;P
28/08/2014;0,91;P
29/08/2014;0,92;P
30/08/2014;0,93;P
31/08/2014;0,93;P
01/09/2014;0,97;P
02/09/2014;1,01;P
03/09/2014;1,01;P
04/09/2014;1,03;P
05/09/2014;0,97;P
06/09/2014;0,95;P
07/09/2014;0,99;P
08/09/2014;0,97;P
09/09/2014;0,96;P
10/09/2014;0,99;P
11/09/2014;1,05;P
12/09/2014;1,06;P
13/09/2014;1,10;P
14/09/2014;1,11;P
15/09/2014;1,15;P
16/09/2014;1,03;P
17/09/2014;0,99;P
18/09/2014;0,98;P
19/09/2014;1,01;P
20/09/2014;1,20;P
21/09/2014;1,10;P
22/09/2014;1,05;P
23/09/2014;1,07;P
24/09/2014;1,07;P
25/09/2014;1,07;P
26/09/2014;1,07;P
27/09/2014;1,06;P
28/09/2014;1,07;P
29/09/2014;1,07;P
30/09/2014;1,03;P
01/10/2014;1,02;P
02/10/2014;1,06;P
03/10/2014;1,03;P
04/10/2014;1,03;P
05/10/2014;1,03;P
06/10/2014;1,03;P
07/10/2014;1,02;P
08/10/2014;1,03;P
09/10/2014;1,03;P
10/10/2014;1,04;P
11/10/2014;1,04;P
12/10/2014;1,11;P
13/10/2014;1,09;P
14/10/2014;1,17;P
15/10/2014;1,23;P
16/10/2014;1,23;P
17/10/2014;1,14;P
18/10/2014;1,18;P
19/10/2014;1,13;P
20/10/2014;1,12;P
21/10/2014;1,13;P
22/10/2014;1,12;P
23/10/2014;1,12;P
24/10/2014;1,11;P
25/10/2014;1,10;P
26/10/2014;1,12;P
27/10/2014;1,11;P
28/10/2014;1,09;P
29/10/2014;1,09;P
30/10/2014;1,09;P
31/10/2014;1,09;P
01/11/2014;1,10;P
02/11/2014;1,10;P
03/11/2014;1,10;P
04/11/2014;1,10;P
05/11/2014;1,27;P
06/11/2014;1,55;P
07/11/2014;1,64;P
08/11/2014;1,47;P
09/11/2014;1,41;P
10/11/2014;1,35;P
11/11/2014;1,36;P
12/11/2014;1,27;P
13/11/2014;1,24;P
14/11/2014;1,23;P
15/11/2014;1,26;P
16/11/2014;1,43;P
17/11/2014;1,69;P
18/11/2014;2,61;P
19/11/2014;2,04;P
20/11/2014;1,46;P
21/11/2014;1,25;P
22/11/2014;1,17;P
23/11/2014;1,04;P
24/11/2014;0,97;P
25/11/2014;0,85;P
26/11/2014;0,87;P
27/11/2014;0,97;P
28/11/2014;0,99;P
29/11/2014;1,00;P
30/11/2014;1,06;P
01/12/2014;1,09;P
02/12/2014;1,05;P
03/12/2014;0,89;P
04/12/2014;1,28;P
05/12/2014;1,42;P
06/12/2014;1,29;P
07/12/2014;1,27;P
08/12/2014;1,22;P
09/12/2014;1,04;P
10/12/2014;0,98;P
11/12/2014;0,99;P
12/12/2014;0,98;P
13/12/2014;0,90;P
14/12/2014;0,89;P
15/12/2014;0,92;P
16/12/2014;0,93;P
17/12/2014;0,91;P
18/12/2014;0,86;P
19/12/2014;0,86;P
20/12/2014;0,88;P
21/12/2014;0,88;P
22/12/2014;0,86;P
23/12/2014;0,86;P
24/12/2014;0,88;P
25/12/2014;0,90;P
26/12/2014;0,77;P
27/12/2014;0,92;P
28/12/2014;1,11;P
29/12/2014;1,04;P
30/12/2014;0,94;P
31/12/2014;0,92;P
01/01/2015;0,93;P
02/01/2015;0,80;P
03/01/2015;0,86;P
04/01/2015;0,78;P
05/01/2015;0,90;P
06/01/2015;0,88;P
07/01/2015;0,95;P
08/01/2015;0,86;P
09/01/2015;0,79;P
10/01/2015;0,93;P
11/01/2015;0,78;P
12/01/2015;0,88;P
13/01/2015;0,86;P
14/01/2015;0,78;P
15/01/2015;0,89;P
16/01/2015;0,89;P
17/01/2015;0,89;P
18/01/2015;0,94;P
19/01/2015;0,83;P
20/01/2015;0,90;P
21/01/2015;0,82;P
22/01/2015;0,91;P
23/01/2015;0,87;P
24/01/2015;0,89;P
25/01/2015;0,87;P
26/01/2015;0,87;P
27/01/2015;0,89;P
28/01/2015;0,88;P
29/01/2015;0,86;P
30/01/2015;1,63;P
31/01/2015;1,60;P
01/02/2015;1,42;P
02/02/2015;1,32;P
03/02/2015;1,19;P
04/02/2015;1,08;P
05/02/2015;1,48;P
06/02/2015;2,13;P
07/02/2015;1,78;P
08/02/2015;1,50;P
09/02/2015;1,41;P
10/02/2015;1,33;P
11/02/2015;1,21;P
12/02/2015;1,14;P
13/02/2015;1,16;P
14/02/2015;1,11;P
15/02/2015;1,12;P
16/02/2015;1,12;P
17/02/2015;1,12;P
18/02/2015;1,11;P
19/02/2015;1,10;P
20/02/2015;1,09;P
21/02/2015;1,08;P
22/02/2015;1,14;P
23/02/2015;1,13;P
24/02/2015;1,11;P
25/02/2015;1,11;P
26/02/2015;1,09;P
27/02/2015;1,10;P
28/02/2015;1,08;P
01/03/2015;1,07;P
02/03/2015;1,13;P
03/03/2015;1,36;P
04/03/2015;1,39;P
05/03/2015;1,50;P
06/03/2015;1,36;P
07/03/2015;1,31;P
08/03/2015;1,27;P
09/03/2015;1,19;P
10/03/2015;1,20;P
11/03/2015;1,18;P
12/03/2015;1,08;P
13/03/2015;1,16;P
14/03/2015;1,15;P
15/03/2015;1,16;P
16/03/2015;1,23;P
17/03/2015;1,63;P
18/03/2015;1,64;P
19/03/2015;1,49;P
20/03/2015;1,39;P
21/03/2015;1,35;P
22/03/2015;1,25;P
23/03/2015;1,24;P
24/03/2015;1,20;P
25/03/2015;1,31;P
26/03/2015;2,14;P
27/03/2015;1,81;P
28/03/2015;1,49;P
29/03/2015;1,31;P
30/03/2015;1,24;P
31/03/2015;1,19;P
01/04/2015;1,08;P
02/04/2015;1,07;P
03/04/2015;1,15;P
04/04/2015;1,18;P
05/04/2015;1,38;P
06/04/2015;1,27;P
07/04/2015;1,27;P
08/04/2015;1,15;P
09/04/2015;1,06;P
10/04/2015;1,14;P
11/04/2015;1,08;P
12/04/2015;1,07;P
13/04/2015;1,11;P
14/04/2015;1,24;P
15/04/2015;1,26;P
16/04/2015;1,20;P
17/04/2015;1,15;P
18/04/2015;1,23;P
19/04/2015;1,22;P
20/04/2015;1,21;P
21/04/2015;1,33;P
22/04/2015;1,30;P
23/04/2015;1,39;P
24/04/2015;1,48;P
25/04/2015;1,62;P
26/04/2015;1,67;P
27/04/2015;1,81;P
28/04/2015;1,74;P
29/04/2015;1,80;P
30/04/2015;1,91;P
01/05/2015;1,84;P
02/05/2015;1,76;P
03/05/2015;1,83;P
04/05/2015;1,76;P
05/05/2015;1,84;P
06/05/2015;1,75;P
07/05/2015;1,82;P
08/05/2015;1,76;P
09/05/2015;1,81;P
10/05/2015;1,78;P
11/05/2015;1,78;P
12/05/2015;1,86;P
13/05/2015;1,81;P
14/05/2015;1,88;P
15/05/2015;1,89;P
16/05/2015;1,93;P
17/05/2015;1,94;P
18/05/2015;1,92;P
19/05/2015;1,99;P
20/05/2015;2,01;P
21/05/2015;1,33;P
22/05/2015;0,74;P
23/05/2015;0,87;P
24/05/2015;0,85;P
25/05/2015;0,86;P
26/05/2015;0,89;P
27/05/2015;0,86;P
28/05/2015;0,91;P
29/05/2015;0,87;P
30/05/2015;0,88;P
31/05/2015;0,86;P
01/06/2015;0,90;P
02/06/2015;0,89;P
03/06/2015;0,96;P
04/06/2015;0,95;P
05/06/2015;1,00;P
06/06/2015;1,05;P
07/06/2015;1,00;P
08/06/2015;1,00;P
09/06/2015;1,04;P
10/06/2015;1,11;P
11/06/2015;1,16;P
12/06/2015;1,15;P
13/06/2015;1,19;P
14/06/2015;1,21;P
15/06/2015;1,27;P
16/06/2015;1,26;P
17/06/2015;1,30;P
18/06/2015;1,31;P
19/06/2015;1,26;P
20/06/2015;1,37;P
21/06/2015;1,42;P
22/06/2015;1,39;P
23/06/2015;1,41;P
24/06/2015;1,48;P
25/06/2015;1,53;P
26/06/2015;1,50;P
27/06/2015;1,52;P
28/06/2015;1,54;P
29/06/2015;1,57;P
30/06/2015;1,68;P
01/07/2015;1,63;P
02/07/2015;1,70;P
03/07/2015;1,67;P
04/07/2015;1,74;P
05/07/2015;1,72;P
06/07/2015;1,73;P
07/07/2015;1,74;P
08/07/2015;1,78;P
09/07/2015;1,81;P
10/07/2015;1,84;P
11/07/2015;1,89;P
12/07/2015;1,93;P
13/07/2015;1,97;P
14/07/2015;2,01;P
15/07/2015;2,08;P
16/07/2015;2,13;P
17/07/2015;2,19;P
18/07/2015;2,26;P
19/07/2015;2,44;P
20/07/2015;3,21;P
21/07/2015;14,20;P
22/07/2015;14,20;P
23/07/2015;6,75;P
24/07/2015;0,64;P
25/07/2015;0,66;P
26/07/2015;0,65;P
27/07/2015;0,64;P
28/07/2015;0,64;P
29/07/2015;0,63;P
30/07/2015;0,63;P
31/07/2015;0,64;P
01/08/2015;0,68;P
02/08/2015;0,69;P
03/08/2015;0,66;P
04/08/2015;0,64;P
05/08/2015;0,64;P
06/08/2015;0,63;P
07/08/2015;0,63;P
08/08/2015;0,63;P
09/08/2015;0,64;P
10/08/2015;0,75;P
11/08/2015;0,73;P
12/08/2015;0,67;P
13/08/2015;0,66;P
14/08/2015;0,65;P
15/08/2015;0,67;P
16/08/2015;0,72;P
17/08/2015;0,68;P
18/08/2015;0,68;P
19/08/2015;0,67;P
20/08/2015;0,71;P
21/08/2015;0,68;P
22/08/2015;0,66;P
23/08/2015;0,67;P
24/08/2015;0,68;P
25/08/2015;0,74;P
26/08/2015;0,70;P
27/08/2015;0,67;P
28/08/2015;0,66;P
29/08/2015;0,65;P
30/08/2015;0,65;P
31/08/2015;0,64;P
01/09/2015;0,63;P
02/09/2015;0,64;P
03/09/2015;0,63;P
04/09/2015;0,62;P
05/09/2015;0,70;P
06/09/2015;0,75;P
07/09/2015;0,74;P
08/09/2015;0,72;P
09/09/2015;0,64;P
10/09/2015;0,61;P
11/09/2015;0,61;P
12/09/2015;0,61;P
13/09/2015;0,61;P
14/09/2015;0,66;P
15/09/2015;0,67;P
16/09/2015;0,62;P
17/09/2015;0,58;P
18/09/2015;0,60;P
19/09/2015;0,60;P
20/09/2015;0,60;P
21/09/2015;0,59;P
22/09/2015;0,59;P
23/09/2015;0,64;P
24/09/2015;0,65;P
25/09/2015;0,62;P
26/09/2015;0,62;P
27/09/2015;0,62;P
28/09/2015;0,61;P
29/09/2015;0,61;P
30/09/2015;0,62;P
01/10/2015;0,63;P
02/10/2015;0,63;P
03/10/2015;0,65;P
04/10/2015;0,68;P
05/10/2015;0,69;P
06/10/2015;0,67;P
07/10/2015;0,71;P
08/10/2015;0,69;P
09/10/2015;0,65;P
10/10/2015;0,65;P
11/10/2015;0,69;P
12/10/2015;0,67;P
13/10/2015;0,67;P
14/10/2015;0,84;P
15/10/2015;0,99;P
16/10/2015;0,86;P
17/10/2015;0,84;P
18/10/2015;0,73;P
19/10/2015;0,81;P
20/10/2015;0,70;P
21/10/2015;0,69;P
22/10/2015;0,68;P
23/10/2015;0,66;P
24/10/2015;0,66;P
25/10/2015;0,66;P
26/10/2015;0,66;P
27/10/2015;0,65;P
28/10/2015;0,71;P
29/10/2015;1,19;P
30/10/2015;1,04;P
31/10/2015;0,85;P
01/11/2015;0,73;P
02/11/2015;0,78;P
03/11/2015;0,70;P
04/11/2015;0,68;P
05/11/2015;0,70;P
06/11/2015;0,72;P
07/11/2015;0,72;P
08/11/2015;0,67;P
09/11/2015;0,66;P
10/11/2015;0,66;P
11/11/2015;0,68;P
12/11/2015;0,66;P
13/11/2015;0,65;P
14/11/2015;0,65;P
15/11/2015;0,64;P
16/11/2015;0,64;P
17/11/2015;0,64;P
18/11/2015;0,67;P
19/11/2015;0,64;P
20/11/2015;0,63;P
21/11/2015;0,74;P
22/11/2015;0,95;P
23/11/2015;1,01;P
24/11/2015;0,91;P
25/11/2015;0,84;P
26/11/2015;0,79;P
27/11/2015;0,70;P
28/11/2015;0,77;P
29/11/2015;0,69;P
30/11/2015;0,67;P
01/12/2015;0,77;P
02/12/2015;0,68;P
03/12/2015;0,67;P
04/12/2015;0,67;P
05/12/2015;0,75;P
06/12/2015;0,67;P
07/12/2015;0,66;P
08/12/2015;0,66;P
09/12/2015;0,66;P
10/12/2015;0,74;P
11/12/2015;0,65;P
12/12/2015;0,64;P
13/12/2015;0,66;P
14/12/2015;0,64;P
15/12/2015;0,63;P
16/12/2015;0,63;P
17/12/2015;0,63;P
18/12/2015;0,63;P
19/12/2015;0,63;P
20/12/2015;0,63;P
21/12/2015;0,63;P
22/12/2015;0,69;P
23/12/2015;0,67;P
24/12/2015;0,65;P
25/12/2015;0,63;P
26/12/2015;0,64;P
27/12/2015;0,63;P
28/12/2015;0,63;P
29/12/2015;0,63;P
30/12/2015;0,65;P
31/12/2015;0,67;P
01/01/2016;0,67;P
02/01/2016;0,69;P
03/01/2016;0,92;P
04/01/2016;1,13;P
05/01/2016;1,08;P
06/01/2016;1,25;P
07/01/2016;1,31;P
08/01/2016;1,24;P
09/01/2016;1,22;P
10/01/2016;1,19;P
11/01/2016;1,22;P
12/01/2016;1,03;P
13/01/2016;1,07;P
14/01/2016;1,10;P
15/01/2016;1,57;P
16/01/2016;1,41;P
17/01/2016;1,22;P
18/01/2016;0,99;P
19/01/2016;0,84;P
20/01/2016;0,91;P
21/01/2016;0,92;P
22/01/2016;0,77;P
23/01/2016;0,87;P
24/01/2016;0,75;P
25/01/2016;0,81;P
26/01/2016;0,84;P
27/01/2016;0,84;P
28/01/2016;0,89;P
29/01/2016;0,87;P
30/01/2016;0,84;P
31/01/2016;0,83;P
01/02/2016;0,83;P
02/02/2016;0,81;P
03/02/2016;0,79;P
04/02/2016;0,84;P
05/02/2016;0,82;P
06/02/2016;0,84;P
07/02/2016;0,92;P
08/02/2016;0,96;P
09/02/2016;0,87;P
10/02/2016;1,22;P
11/02/2016;1,27;P
12/02/2016;1,32;P
13/02/2016;1,51;P
14/02/2016;1,86;P
15/02/2016;1,90;P
16/02/2016;2,68;P
17/02/2016;2,25;P
18/02/2016;1,91;P
19/02/2016;1,52;P
20/02/2016;1,38;P
21/02/2016;1,28;P
22/02/2016;1,17;P
23/02/2016;1,04;P
24/02/2016;1,02;P
25/02/2016;1,18;P
26/02/2016;1,23;P
27/02/2016;1,37;P
28/02/2016;1,95;P
29/02/2016;2,45;P
01/03/2016;2,16;P
02/03/2016;1,53;P
03/03/2016;1,44;P
04/03/2016;1,38;P
05/03/2016;1,35;P
06/03/2016;1,66;P
07/03/2016;1,59;P
08/03/2016;1,48;P
09/03/2016;1,47;P
10/03/2016;1,41;P
11/03/2016;1,34;P
12/03/2016;1,27;P
13/03/2016;1,20;P
14/03/2016;1,13;P
15/03/2016;1,21;P
16/03/2016;1,01;P
17/03/2016;0,97;P
18/03/2016;1,03;P
19/03/2016;0,96;P
20/03/2016;0,99;P
21/03/2016;0,96;P
22/03/2016;1,00;P
23/03/2016;0,97;P
24/03/2016;0,94;P
25/03/2016;0,93;P
26/03/2016;0,95;P
27/03/2016;0,91;P
28/03/2016;0,89;P
29/03/2016;0,92;P
30/03/2016;0,87;P
31/03/2016;0,89;P
01/04/2016;0,90;P
02/04/2016;0,87;P
03/04/2016;0,84;P
04/04/2016;0,80;P
05/04/2016;0,86;P
06/04/2016;0,80;P
07/04/2016;0,85;P
08/04/2016;0,90;P
09/04/2016;0,88;P
10/04/2016;0,77;P
11/04/2016;0,75;P
12/04/2016;0,81;P
13/04/2016;0,74;P
14/04/2016;0,80;P
15/04/2016;0,73;P
16/04/2016;0,79;P
17/04/2016;0,73;P
18/04/2016;0,74;P
19/04/2016;0,78;P
20/04/2016;0,71;P
21/04/2016;0,78;P
22/04/2016;0,78;P
23/04/2016;0,85;P
24/04/2016;1,15;P
25/04/2016;1,17;P
26/04/2016;1,06;P
27/04/2016;0,92;P
28/04/2016;0,87;P
29/04/2016;0,90;P
30/04/2016;0,85;P
01/05/2016;0,85;P
02/05/2016;1,14;P
03/05/2016;1,40;P
04/05/2016;1,26;P
05/05/2016;1,10;P
06/05/2016;0,99;P
07/05/2016;0,89;P
08/05/2016;0,78;P
09/05/2016;0,89;P
10/05/2016;0,91;P
11/05/2016;1,00;P
12/05/2016;0,99;P
13/05/2016;0,84;P
14/05/2016;1,06;P
15/05/2016;1,06;P
16/05/2016;1,09;P
17/05/2016;1,09;P
18/05/2016;1,02;P
19/05/2016;1,06;P
20/05/2016;1,12;P
21/05/2016;1,15;P
22/05/2016;0,90;P
23/05/2016;0,90;P
24/05/2016;0,86;P
25/05/2016;0,79;P
26/05/2016;0,84;P
27/05/2016;0,87;P
28/05/2016;0,86;P
29/05/2016;0,76;P
30/05/2016;0,89;P
31/05/2016;0,76;P
01/06/2016;0,75;P
02/06/2016;0,87;P
03/06/2016;0,86;P
04/06/2016;0,88;P
05/06/2016;0,85;P
06/06/2016;0,84;P
07/06/2016;0,93;P
08/06/2016;0,96;P
09/06/2016;0,92;P
10/06/2016;1,07;P
11/06/2016;1,00;P
12/06/2016;0,93;P
13/06/2016;1,09;P
14/06/2016;1,14;P
15/06/2016;1,02;P
16/06/2016;0,97;P
17/06/2016;0,85;P
18/06/2016;0,88;P
19/06/2016;0,81;P
20/06/2016;0,93;P
21/06/2016;0,74;P
22/06/2016;0,71;P
23/06/2016;0,75;P
24/06/2016;0,75;P
25/06/2016;0,75;P
26/06/2016;0,73;P
27/06/2016;0,72;P
28/06/2016;0,72;P
29/06/2016;0,72;P
30/06/2016;0,72;P
01/07/2016;0,67;P
02/07/2016;0,67;P
03/07/2016;0,66;P
04/07/2016;0,70;P
05/07/2016;0,65;P
06/07/2016;0,65;P
07/07/2016;0,72;P
08/07/2016;0,71;P
09/07/2016;0,65;P
10/07/2016;0,64;P
11/07/2016;0,63;P
12/07/2016;0,62;P
13/07/2016;0,62;P
14/07/2016;0,63;P
15/07/2016;0,69;P
16/07/2016;0,72;P
17/07/2016;0,70;P
18/07/2016;0,64;P
19/07/2016;0,63;P
20/07/2016;0,62;P
21/07/2016;0,62;P
22/07/2016;0,62;P
23/07/2016;0,62;P
24/07/2016;0,63;P
25/07/2016;0,65;P
26/07/2016;0,65;P
27/07/2016;0,64;P
28/07/2016;0,66;P
29/07/2016;0,64;P
30/07/2016;0,68;P
31/07/2016;0,65;P
01/08/2016;0,64;P
02/08/2016;0,65;P
03/08/2016;0,66;P
04/08/2016;0,64;P
05/08/2016;0,64;P
06/08/2016;0,66;P
07/08/2016;0,70;P
08/08/2016;0,69;P
09/08/2016;0,71;P
10/08/2016;0,67;P
11/08/2016;0,67;P
12/08/2016;0,67;P
13/08/2016;0,66;P
14/08/2016;0,66;P
15/08/2016;0,66;P
16/08/2016;0,65;P
17/08/2016;0,67;P
18/08/2016;0,65;P
19/08/2016;0,65;P
20/08/2016;0,64;P
21/08/2016;0,62;P
22/08/2016;0,61;P
23/08/2016;0,64;P
24/08/2016;0,68;P
25/08/2016;0,66;P
26/08/2016;0,65;P
27/08/2016;0,65;P
28/08/2016;0,65;P
29/08/2016;0,65;P
30/08/2016;0,66;P
31/08/2016;0,68;P
01/09/2016;0,70;P
02/09/2016;0,73;P
03/09/2016;0,73;P
04/09/2016;0,68;P
05/09/2016;0,65;P
06/09/2016;0,64;P
07/09/2016;0,64;P
08/09/2016;0,62;P
09/09/2016;0,63;P
10/09/2016;0,63;P
11/09/2016;0,63;P
12/09/2016;0,63;P
13/09/2016;0,63;P
14/09/2016;0,63;P
15/09/2016;0,64;P
16/09/2016;0,71;P
17/09/2016;0,81;P
18/09/2016;0,72;P
19/09/2016;0,69;P
20/09/2016;0,69;P
21/09/2016;0,68;P
22/09/2016;0,66;P
23/09/2016;0,67;P
24/09/2016;0,65;P
25/09/2016;0,70;P
26/09/2016;0,71;P
27/09/2016;0,71;P
28/09/2016;0,67;P
29/09/2016;0,70;P
30/09/2016;0,69;P
01/10/2016;0,66;P
02/10/2016;0,73;P
03/10/2016;0,68;P
04/10/2016;0,67;P
05/10/2016;0,64;P
06/10/2016;0,63;P
07/10/2016;0,64;P
08/10/2016;0,66;P
09/10/2016;0,70;P
10/10/2016;0,67;P
11/10/2016;0,65;P
12/10/2016;0,70;P
13/10/2016;0,65;P
14/10/2016;0,78;P
15/10/2016;1,05;P
16/10/2016;1,05;P
17/10/2016;0,93;P
18/10/2016;0,90;P
19/10/2016;0,71;P
20/10/2016;0,69;P
21/10/2016;0,71;P
22/10/2016;0,70;P
23/10/2016;0,68;P
24/10/2016;0,68;P
25/10/2016;0,78;P
26/10/2016;0,83;P
27/10/2016;0,95;P
28/10/2016;0,93;P
29/10/2016;0,93;P
30/10/2016;0,85;P
31/10/2016;0,79;P
01/11/2016;0,79;P
02/11/2016;0,68;P
03/11/2016;0,76;P
04/11/2016;0,74;P
05/11/2016;0,82;P
06/11/2016;2,64;P
07/11/2016;2,30;P
08/11/2016;1,28;P
09/11/2016;1,13;P
10/11/2016;0,97;P
11/11/2016;1,15;P
12/11/2016;1,60;P
13/11/2016;1,29;P
14/11/2016;1,15;P
15/11/2016;1,08;P
16/11/2016;0,91;P
17/11/2016;0,90;P
18/11/2016;0,94;P
19/11/2016;1,50;P
20/11/2016;1,63;P
21/11/2016;1,31;P
22/11/2016;1,21;P
23/11/2016;1,13;P
24/11/2016;1,06;P
25/11/2016;0,96;P
26/11/2016;0,94;P
27/11/2016;0,87;P
28/11/2016;0,89;P
29/11/2016;0,85;P
30/11/2016;0,75;P
01/12/2016;0,85;P
02/12/2016;0,80;P
03/12/2016;0,80;P
04/12/2016;0,81;P
05/12/2016;0,72;P
06/12/2016;0,81;P
07/12/2016;0,79;P
08/12/2016;0,79;P
09/12/2016;0,76;P
10/12/2016;0,79;P
11/12/2016;0,78;P
12/12/2016;0,71;P
13/12/2016;0,75;P
14/12/2016;0,77;P
15/12/2016;0,76;P
16/12/2016;0,69;P
17/12/2016;0,76;P
18/12/2016;0,76;P
19/12/2016;0,69;P
20/12/2016;0,76;P
21/12/2016;0,76;P
22/12/2016;0,75;P
23/12/2016;0,69;P
24/12/2016;0,76;P
25/12/2016;0,69;P
26/12/2016;0,68;P
27/12/2016;0,68;P
28/12/2016;0,78;P
29/12/2016;0,68;P
30/12/2016;0,75;P
31/12/2016;0,67;P
01/01/2017;0,74;
02/01/2017;0,69;P
03/01/2017;0,87;P
04/01/2017;1,10;P
05/01/2017;0,98;P
06/01/2017;0,84;P
07/01/2017;0,80;P
08/01/2017;0,78;P
09/01/2017;0,71;P
10/01/2017;0,79;P
11/01/2017;0,80;P
12/01/2017;0,70;P
13/01/2017;0,80;P
14/01/2017;0,83;P
15/01/2017;0,74;P
16/01/2017;0,82;P
17/01/2017;0,71;P
18/01/2017;0,76;P
19/01/2017;0,77;P
20/01/2017;0,77;P
21/01/2017;0,77;P
22/01/2017;0,70;P
23/01/2017;0,69;P
24/01/2017;0,69;P
25/01/2017;0,69;P
26/01/2017;0,77;P
27/01/2017;0,75;P
28/01/2017;0,77;P
29/01/2017;0,70;P
30/01/2017;0,68;P
31/01/2017;0,75;P
01/02/2017;0,79;P
02/02/2017;0,83;P
03/02/2017;0,86;P
04/02/2017;1,15;P
05/02/2017;1,36;P
06/02/2017;1,84;P
07/02/2017;1,51;P
08/02/2017;1,34;P
09/02/2017;1,10;P
10/02/2017;1,00;P
11/02/2017;0,94;P
12/02/2017;0,95;P
13/02/2017;0,85;P
14/02/2017;0,85;P
15/02/2017;0,89;P
16/02/2017;0,85;P
17/02/2017;0,86;P
18/02/2017;0,88;P
19/02/2017;0,85;P
20/02/2017;0,89;P
21/02/2017;0,82;P
22/02/2017;0,85;P
23/02/2017;0,84;P
24/02/2017;1,02;P
25/02/2017;2,30;P
26/02/2017;1,44;P
27/02/2017;1,24;P
28/02/2017;1,14;P
01/03/2017;0,99;P
02/03/2017;1,03;P
03/03/2017;1,01;P
04/03/2017;1,09;P
05/03/2017;1,19;P
06/03/2017;1,36;P
07/03/2017;2,07;P
08/03/2017;1,50;P
09/03/2017;1,29;P
10/03/2017;1,19;P
11/03/2017;1,16;P
12/03/2017;1,09;P
13/03/2017;0,98;P
14/03/2017;0,87;P
15/03/2017;0,93;P
16/03/2017;0,84;P
17/03/2017;0,92;P
18/03/2017;0,92;P
19/03/2017;0,89;P
20/03/2017;0,89;P
21/03/2017;0,90;P
22/03/2017;0,84;P
23/03/2017;0,83;P
24/03/2017;0,83;P
25/03/2017;0,80;P
26/03/2017;0,81;P
27/03/2017;0,79;P
28/03/2017;0,80;P
29/03/2017;0,80;P
30/03/2017;0,78;P
31/03/2017;0,77;P
01/04/2017;0,77;P
02/04/2017;0,81;P
03/04/2017;0,79;P
04/04/2017;0,72;P
05/04/2017;0,72;P
06/04/2017;0,75;P
07/04/2017;0,72;P
08/04/2017;0,77;P
09/04/2017;0,75;P
10/04/2017;0,71;P
11/04/2017;0,74;P
12/04/2017;0,74;P
13/04/2017;0,69;P
14/04/2017;0,73;P
15/04/2017;0,69;P
16/04/2017;0,81;P
17/04/2017;0,69;P
18/04/2017;0,73;P
19/04/2017;0,78;P
20/04/2017;0,68;P
21/04/2017;0,66;P
22/04/2017;0,71;P
23/04/2017;0,67;P
24/04/2017;0,66;P
25/04/2017;0,72;P
26/04/2017;0,66;P
27/04/2017;0,75;P
28/04/2017;0,99;P
29/04/2017;0,78;P
30/04/2017;0,72;P
01/05/2017;0,81;P
02/05/2017;0,70;P
03/05/2017;0,76;P
04/05/2017;0,76;P
05/05/2017;0,76;P
06/05/2017;0,76;P
07/05/2017;0,91;P
08/05/2017;0,85;P
09/05/2017;0,90;P
10/05/2017;0,93;P
11/05/2017;0,83;P
12/05/2017;0,80;P
13/05/2017;0,81;P
14/05/2017;0,73;P
15/05/2017;0,79;P
16/05/2017;0,76;P
17/05/2017;0,73;P
18/05/2017;0,71;P
19/05/2017;0,72;P
20/05/2017;0,72;P
21/05/2017;0,72;P
22/05/2017;0,66;P
23/05/2017;0,70;P
24/05/2017;0,63;P
25/05/2017;0,66;P
26/05/2017;0,63;P
27/05/2017;0,62;P
28/05/2017;0,61;P
29/05/2017;0,61;P
30/05/2017;0,66;P
31/05/2017;0,61;P
01/06/2017;0,60;P
02/06/2017;0,63;P
03/06/2017;0,61;P
04/06/2017;0,59;P
05/06/2017;0,58;P
06/06/2017;0,66;P
07/06/2017;0,62;P
08/06/2017;0,65;P
09/06/2017;0,61;P
10/06/2017;0,59;P
11/06/2017;0,59;P
12/06/2017;0,63;P
13/06/2017;0,66;P
14/06/2017;0,53;P
15/06/2017;0,63;P
16/06/2017;0,63;P
17/06/2017;0,64;P
18/06/2017;0,64;P
19/06/2017;0,63;P
20/06/2017;0,61;P
21/06/2017;0,61;P
22/06/2017;0,61;P
23/06/2017;0,60;P
24/06/2017;0,61;P
25/06/2017;0,63;P
26/06/2017;0,63;P
27/06/2017;0,62;P
28/06/2017;0,62;P
29/06/2017;0,60;P
30/06/2017;0,58;P
01/07/2017;0,62;P
02/07/2017;0,62;P
03/07/2017;0,61;P
04/07/2017;0,60;P
05/07/2017;0,60;P
06/07/2017;0,59;P
07/07/2017;0,59;P
08/07/2017;0,59;P
09/07/2017;0,59;P
10/07/2017;0,58;P
11/07/2017;0,58;P
12/07/2017;0,61;P
13/07/2017;0,59;P
14/07/2017;0,58;P
15/07/2017;0,59;P
16/07/2017;0,60;P
17/07/2017;0,60;P
18/07/2017;0,60;P
19/07/2017;0,60;P
20/07/2017;0,60;P
21/07/2017;0,60;P
22/07/2017;0,60;P
23/07/2017;0,60;P
24/07/2017;0,52;P
25/07/2017;0,60;P
26/07/2017;0,36;P
27/07/2017;0,43;P
28/07/2017;0,37;P
29/07/2017;0,54;P
30/07/2017;0,57;P
31/07/2017;0,56;P
01/08/2017;0,55;P
02/08/2017;0,55;
03/08/2017;0,56;P
04/08/2017;0,58;P
05/08/2017;0,58;P
06/08/2017;0,60;P
07/08/2017;0,60;P
08/08/2017;0,59;P
09/08/2017;0,60;P
10/08/2017;0,64;P
11/08/2017;0,66;P
12/08/2017;0,63;P
13/08/2017;0,63;P
14/08/2017;0,62;P
15/08/2017;0,61;P
16/08/2017;0,61;P
17/08/2017;0,60;P
18/08/2017;0,60;P
19/08/2017;0,60;P
20/08/2017;0,60;P
21/08/2017;0,60;P
22/08/2017;0,59;P
23/08/2017;0,59;P
24/08/2017;0,59;P
25/08/2017;0,61;P
26/08/2017;0,62;P
27/08/2017;0,62;P
28/08/2017;0,62;P
29/08/2017;0,61;P
30/08/2017;0,61;P
31/08/2017;0,61;P
01/09/2017;0,61;P
02/09/2017;0,62;P
03/09/2017;0,62;P
04/09/2017;0,62;P
05/09/2017;0,61;P
06/09/2017;0,61;P
07/09/2017;0,62;P
08/09/2017;0,65;P
09/09/2017;0,64;P
10/09/2017;0,78;P
11/09/2017;0,74;P
12/09/2017;0,58;P
13/09/2017;0,63;P
14/09/2017;0,61;P
15/09/2017;0,62;P
16/09/2017;0,68;P
17/09/2017;0,70;P
18/09/2017;0,68;P
19/09/2017;0,73;P
20/09/2017;0,67;P
21/09/2017;0,63;P
22/09/2017;0,62;P
23/09/2017;0,64;P
24/09/2017;0,68;P
25/09/2017;0,70;P
26/09/2017;0,66;P
27/09/2017;0,66;P
28/09/2017;0,66;P
29/09/2017;0,63;P
30/09/2017;0,61;P
01/10/2017;0,61;P
02/10/2017;0,60;P
03/10/2017;0,61;P
04/10/2017;0,63;P
05/10/2017;0,61;P
06/10/2017;0,60;P
07/10/2017;0,58;P
08/10/2017;0,58;P
09/10/2017;0,58;P
10/10/2017;0,58;P
11/10/2017;0,58;P
12/10/2017;0,58;P
13/10/2017;0,59;P
14/10/2017;0,59;P
15/10/2017;0,60;P
16/10/2017;0,59;P
17/10/2017;0,59;P
18/10/2017;0,59;P
19/10/2017;0,59;P
20/10/2017;0,57;P
21/10/2017;0,56;P
22/10/2017;0,56;P
23/10/2017;0,57;P
24/10/2017;0,57;P
25/10/2017;0,55;P
26/10/2017;0,54;P
27/10/2017;0,54;P
28/10/2017;0,53;P
29/10/2017;0,54;P
30/10/2017;0,53;P
31/10/2017;0,53;P
01/11/2017;0,53;P
02/11/2017;0,53;P
03/11/2017;0,53;P
04/11/2017;0,54;P
05/11/2017;0,59;P
06/11/2017;0,77;P
07/11/2017;0,75;P
08/11/2017;0,70;P
09/11/2017;0,65;P
10/11/2017;0,63;P
11/11/2017;0,61;P
12/11/2017;0,61;P
13/11/2017;0,83;P
14/11/2017;0,91;P
15/11/2017;0,77;P
16/11/2017;0,72;P
17/11/2017;0,75;P
18/11/2017;0,75;P
19/11/2017;0,69;P
20/11/2017;0,67;P
21/11/2017;0,66;P
22/11/2017;0,71;P
23/11/2017;0,67;P
24/11/2017;0,66;P
25/11/2017;0,66;P
26/11/2017;0,71;P
27/11/2017;0,69;P
28/11/2017;0,70;P
29/11/2017;0,81;P
30/11/2017;1,04;P
01/12/2017;0,94;P
02/12/2017;0,76;P
03/12/2017;0,73;P
04/12/2017;0,71;P
05/12/2017;0,70;P
06/12/2017;0,69;P
07/12/2017;0,77;P
08/12/2017;0,79;P
09/12/2017;1,06;P
10/12/2017;0,98;P
11/12/2017;1,21;P
12/12/2017;1,36;P
13/12/2017;1,32;P
14/12/2017;1,26;P
15/12/2017;1,33;P
16/12/2017;1,20;P
17/12/2017;1,14;P
18/12/2017;1,07;P
19/12/2017;1,01;P
20/12/2017;0,93;P
21/12/2017;0,94;P
22/12/2017;0,86;P
23/12/2017;0,91;P
24/12/2017;0,78;P
25/12/2017;0,77;P
26/12/2017;0,76;P
27/12/2017;0,92;P
28/12/2017;1,59;P
29/12/2017;1,41;P
30/12/2017;1,22;P
31/12/2017;1,10;P
01/01/2018;0,99;P
02/01/2018;1,32;P
03/01/2018;1,31;P
04/01/2018;1,27;P
05/01/2018;1,23;P
06/01/2018;1,18;P
07/01/2018;1,08;P
08/01/2018;1,02;P
09/01/2018;0,99;P
10/01/2018;0,99;P
11/01/2018;1,00;P
12/01/2018;1,03;P
13/01/2018;1,06;P
14/01/2018;1,04;P
15/01/2018;0,97;P
16/01/2018;0,95;P
17/01/2018;1,42;P
18/01/2018;1,39;P
19/01/2018;1,29;P
20/01/2018;1,11;P
21/01/2018;1,15;P
22/01/2018;1,08;P
23/01/2018;1,11;P
24/01/2018;0,98;P
25/01/2018;0,97;P
26/01/2018;0,95;P
27/01/2018;0,93;P
28/01/2018;0,90;P
29/01/2018;0,82;P
30/01/2018;0,89;P
31/01/2018;0,92;P
01/02/2018;0,94;P
02/02/2018;2,02;P
03/02/2018;2,54;P
04/02/2018;1,71;P
05/02/2018;1,42;P
06/02/2018;1,32;P
07/02/2018;1,19;P
08/02/2018;1,19;P
09/02/2018;1,13;P
10/02/2018;1,05;P
11/02/2018;1,06;P
12/02/2018;1,03;P
13/02/2018;1,03;P
14/02/2018;0,96;P
15/02/2018;0,89;P
16/02/2018;0,88;P
17/02/2018;0,95;P
18/02/2018;1,97;P
19/02/2018;1,63;P
20/02/2018;1,33;P
21/02/2018;1,22;P
22/02/2018;1,15;P
23/02/2018;1,08;P
24/02/2018;1,13;P
25/02/2018;1,10;P
26/02/2018;1,04;P
27/02/2018;1,01;P
28/02/2018;1,01;P
01/03/2018;1,01;P
02/03/2018;1,51;P
03/03/2018;2,52;P
04/03/2018;2,14;P
05/03/2018;1,68;P
06/03/2018;1,76;P
07/03/2018;1,96;P
08/03/2018;1,85;P
09/03/2018;1,51;P
10/03/2018;1,43;P
11/03/2018;1,49;P
12/03/2018;2,50;P
13/03/2018;2,18;P
14/03/2018;1,68;P
15/03/2018;1,49;P
16/03/2018;2,22;P
17/03/2018;1,85;P
18/03/2018;1,64;P
19/03/2018;1,83;P
20/03/2018;1,67;P
21/03/2018;1,50;P
22/03/2018;1,46;P
23/03/2018;1,31;P
24/03/2018;1,22;P
25/03/2018;1,11;P
26/03/2018;1,08;P
27/03/2018;1,06;P
28/03/2018;1,01;P
29/03/2018;1,00;P
30/03/2018;1,04;P
31/03/2018;1,14;P
01/04/2018;1,08;P
02/04/2018;1,03;P
03/04/2018;1,02;P
04/04/2018;1,09;P
05/04/2018;1,52;P
06/04/2018;1,37;P
07/04/2018;1,27;P
08/04/2018;1,15;P
09/04/2018;1,13;P
10/04/2018;1,11;P
11/04/2018;1,13;P
12/04/2018;1,10;P
13/04/2018;1,05;P
14/04/2018;0,99;P
15/04/2018;1,04;P
16/04/2018;1,03;P
17/04/2018;0,98;P
18/04/2018;0,96;P
19/04/2018;0,91;P
20/04/2018;0,89;P
21/04/2018;0,87;P
22/04/2018;0,87;P
23/04/2018;0,86;P
24/04/2018;0,86;P
25/04/2018;0,81;P
26/04/2018;0,81;P
27/04/2018;0,81;P
28/04/2018;0,82;P
29/04/2018;0,82;P
30/04/2018;0,81;P
01/05/2018;0,83;P
02/05/2018;0,91;P
03/05/2018;0,87;P
04/05/2018;0,80;P
05/05/2018;0,82;P
06/05/2018;0,81;P
07/05/2018;0,86;P
08/05/2018;0,86;P
09/05/2018;0,97;P
10/05/2018;1,06;P
11/05/2018;0,99;P
12/05/2018;0,87;P
13/05/2018;0,86;P
14/05/2018;0,92;P
15/05/2018;1,15;P
16/05/2018;1,07;P
17/05/2018;0,94;P
18/05/2018;0,99;P
19/05/2018;0,95;P
20/05/2018;0,86;P
21/05/2018;0,90;P
22/05/2018;1,12;P
23/05/2018;1,13;P
24/05/2018;1,04;P
25/05/2018;1,05;P
26/05/2018;0,89;P
27/05/2018;0,75;P
28/05/2018;0,73;P
29/05/2018;0,72;P
30/05/2018;0,79;P
31/05/2018;0,76;P
01/06/2018;0,79;P
02/06/2018;0,77;P
03/06/2018;0,75;P
04/06/2018;0,74;P
05/06/2018;0,76;P
06/06/2018;0,72;P
07/06/2018;0,72;P
08/06/2018;0,84;P
09/06/2018;0,99;P
10/06/2018;0,82;P
11/06/2018;0,76;P
12/06/2018;0,73;P
13/06/2018;0,71;P
14/06/2018;0,81;P
15/06/2018;0,73;P
16/06/2018;0,70;P
17/06/2018;0,71;P
18/06/2018;0,72;P
19/06/2018;0,71;P
20/06/2018;0,72;P
21/06/2018;0,72;P
22/06/2018;0,72;P
23/06/2018;0,73;P
24/06/2018;0,73;P
25/06/2018;0,72;P
26/06/2018;0,71;P
27/06/2018;0,70;P
28/06/2018;0,68;P
29/06/2018;0,70;P
30/06/2018;0,71;P
01/07/2018;0,71;P
02/07/2018;0,68;P
03/07/2018;0,65;P
04/07/2018;0,63;P
05/07/2018;0,68;P
06/07/2018;0,64;P
07/07/2018;0,63;P
08/07/2018;0,66;P
09/07/2018;0,62;P
10/07/2018;0,63;P
11/07/2018;0,63;P
12/07/2018;0,61;P
13/07/2018;0,60;P
14/07/2018;0,62;P
15/07/2018;0,61;P
16/07/2018;0,59;P
17/07/2018;0,68;P
18/07/2018;0,73;P
19/07/2018;0,62;P
20/07/2018;0,59;P
21/07/2018;0,58;P
22/07/2018;0,58;P
23/07/2018;0,61;P
24/07/2018;0,63;P
25/07/2018;0,60;P
26/07/2018;0,59;P
27/07/2018;0,59;P
28/07/2018;0,59;P
29/07/2018;0,59;P
30/07/2018;0,59;P
31/07/2018;0,60;P
01/08/2018;0,61;P
02/08/2018;0,61;P
03/08/2018;0,62;P
04/08/2018;0,62;P
05/08/2018;0,63;P
06/08/2018;0,63;P
07/08/2018;0,66;P
08/08/2018;0,67;P
09/08/2018;0,64;P
10/08/2018;0,64;P
11/08/2018;0,64;P
12/08/2018;0,64;P
13/08/2018;0,65;P
14/08/2018;0,65;P
15/08/2018;0,66;P
16/08/2018;0,66;P
17/08/2018;0,65;P
18/08/2018;0,64;P
19/08/2018;0,64;P
20/08/2018;0,64;P
21/08/2018;0,65;P
22/08/2018;0,66;P
23/08/2018;0,65;P
24/08/2018;0,66;P
25/08/2018;0,66;P
26/08/2018;0,65;P
27/08/2018;0,65;P
28/08/2018;0,65;P
29/08/2018;0,64;P
30/08/2018;0,63;P
31/08/2018;0,65;P
01/09/2018;0,64;P
02/09/2018;0,68;P
03/09/2018;0,68;P
04/09/2018;0,66;P
05/09/2018;0,65;P
06/09/2018;0,64;P
07/09/2018;0,65;P
08/09/2018;0,65;P
09/09/2018;0,65;P
10/09/2018;0,64;P
11/09/2018;0,64;P
12/09/2018;0,63;P
13/09/2018;0,63;P
14/09/2018;0,63;P
15/09/2018;0,63;P
16/09/2018;0,63;P
17/09/2018;0,63;P
18/09/2018;0,63;P
19/09/2018;0,65;P
20/09/2018;0,64;P
21/09/2018;0,64;P
22/09/2018;0,63;P
23/09/2018;0,63;P
24/09/2018;0,63;P
25/09/2018;0,63;P
26/09/2018;0,62;P
27/09/2018;0,62;P
28/09/2018;0,61;P
29/09/2018;0,61;P
30/09/2018;0,61;P
01/10/2018;0,62;P
02/10/2018;0,63;P
03/10/2018;0,63;P
04/10/2018;0,63;P
05/10/2018;0,62;P
06/10/2018;0,62;P
07/10/2018;0,62;P
08/10/2018;0,62;P
09/10/2018;0,61;P
10/10/2018;0,60;P
11/10/2018;0,60;P
12/10/2018;0,60;P
13/10/2018;0,60;P
14/10/2018;0,59;P
15/10/2018;0,60;P
16/10/2018;0,60;P
17/10/2018;0,59;P
18/10/2018;0,61;P
19/10/2018;0,60;P
20/10/2018;0,60;P
21/10/2018;0,59;P
22/10/2018;0,59;P
23/10/2018;0,59;P
24/10/2018;0,59;P
25/10/2018;0,59;P
26/10/2018;0,59;P
27/10/2018;0,60;P
28/10/2018;0,62;P
29/10/2018;0,79;P
30/10/2018;0,77;P
31/10/2018;0,76;P
01/11/2018;0,79;P
02/11/2018;0,89;P
03/11/2018;0,81;P
04/11/2018;0,73;P
05/11/2018;0,72;P
06/11/2018;0,70;P
07/11/2018;0,68;P
08/11/2018;0,69;P
09/11/2018;0,65;P
10/11/2018;0,69;P
11/11/2018;0,64;P
12/11/2018;0,63;P
13/11/2018;0,62;P
14/11/2018;0,64;P
15/11/2018;0,62;P
16/11/2018;0,61;P
17/11/2018;0,63;P
18/11/2018;0,62;P
19/11/2018;0,63;P
20/11/2018;0,68;P
21/11/2018;0,82;P
22/11/2018;0,86;P
23/11/2018;0,78;P
24/11/2018;0,76;P
25/11/2018;0,86;P
26/11/2018;0,99;P
27/11/2018;0,97;P
28/11/2018;0,91;P
29/11/2018;0,80;P
30/11/2018;0,76;P
01/12/2018;0,74;P
02/12/2018;0,76;P
03/12/2018;0,78;P
04/12/2018;0,92;P
05/12/2018;0,91;P
06/12/2018;0,84;P
07/12/2018;0,80;P
08/12/2018;0,88;P
09/12/2018;0,90;P
10/12/2018;0,92;P
11/12/2018;0,90;P
12/12/2018;0,82;P
13/12/2018;0,81;P
14/12/2018;0,78;P
15/12/2018;0,77;P
16/12/2018;0,78;P
17/12/2018;0,84;P
18/12/2018;0,93;P
19/12/2018;0,89;P
20/12/2018;0,82;P
21/12/2018;0,98;P
22/12/2018;0,92;P
23/12/2018;0,97;P
24/12/2018;0,95;P
25/12/2018;0,89;P
26/12/2018;0,87;P
27/12/2018;0,82;P
28/12/2018;0,82;P
29/12/2018;0,78;P
30/12/2018;0,72;P
31/12/2018;0,73;P
01/01/2019;0,81;P
02/01/2019;0,70;P
03/01/2019;0,77;P
04/01/2019;0,69;P
05/01/2019;0,80;P
06/01/2019;0,69;P
07/01/2019;0,67;P
08/01/2019;0,75;P
09/01/2019;0,68;P
10/01/2019;0,74;P
11/01/2019;0,67;P
12/01/2019;0,75;P
13/01/2019;0,67;P
14/01/2019;0,66;P
15/01/2019;0,75;P
16/01/2019;0,68;P
17/01/2019;0,66;P
18/01/2019;0,76;P
19/01/2019;0,71;P
20/01/2019;0,79;P
21/01/2019;0,69;P
22/01/2019;0,78;P
23/01/2019;0,76;P
24/01/2019;0,79;P
25/01/2019;0,82;P
26/01/2019;0,80;P
27/01/2019;0,78;P
28/01/2019;0,78;P
29/01/2019;0,85;P
30/01/2019;0,83;P
31/01/2019;0,85;P
01/02/2019;0,96;P
02/02/2019;2,24;P
03/02/2019;2,47;P
04/02/2019;1,56;P
05/02/2019;1,26;P
06/02/2019;1,15;P
07/02/2019;1,01;P
08/02/2019;1,00;P
09/02/2019;0,99;P
10/02/2019;0,92;P
11/02/2019;0,90;P
12/02/2019;0,93;P
13/02/2019;0,89;P
14/02/2019;0,85;P
15/02/2019;0,86;P
16/02/2019;0,85;P
17/02/2019;0,84;P
18/02/2019;0,88;P
19/02/2019;0,87;P
20/02/2019;0,82;P
21/02/2019;0,75;P
22/02/2019;0,74;P
23/02/2019;0,81;P
24/02/2019;0,82;P
25/02/2019;0,71;P
26/02/2019;0,79;P
27/02/2019;0,71;P
28/02/2019;0,79;P
01/03/2019;0,71;P
02/03/2019;0,79;P
03/03/2019;0,70;P
04/03/2019;0,70;P
05/03/2019;0,79;P
06/03/2019;0,71;P
07/03/2019;0,75;P
08/03/2019;0,72;P
09/03/2019;0,68;P
10/03/2019;0,76;P
11/03/2019;0,69;P
12/03/2019;0,79;P
13/03/2019;0,70;P
14/03/2019;0,76;P
15/03/2019;0,69;P
16/03/2019;0,67;P
17/03/2019;0,67;P
18/03/2019;0,75;P
19/03/2019;0,70;P
20/03/2019;0,77;P
21/03/2019;0,69;P
22/03/2019;0,78;P
23/03/2019;0,69;P
24/03/2019;0,76;P
25/03/2019;0,68;P
26/03/2019;0,68;P
27/03/2019;0,70;P
28/03/2019;0,68;P
29/03/2019;0,74;P
30/03/2019;0,68;P
31/03/2019;0,74;P
01/04/2019;0,68;P
02/04/2019;0,67;P
03/04/2019;0,79;P
04/04/2019;0,73;P
05/04/2019;1,06;P
06/04/2019;1,07;P
07/04/2019;0,98;P
08/04/2019;0,91;P
09/04/2019;0,84;P
10/04/2019;0,81;P
11/04/2019;0,80;P
12/04/2019;0,78;P
13/04/2019;0,84;P
14/04/2019;0,77;P
15/04/2019;0,90;P
16/04/2019;0,90;P
17/04/2019;0,84;P
18/04/2019;0,84;P
19/04/2019;0,82;P
20/04/2019;0,76;P
21/04/2019;0,71;P
22/04/2019;0,80;P
23/04/2019;0,93;P
24/04/2019;0,93;P
25/04/2019;0,94;P
26/04/2019;0,89;P
27/04/2019;0,91;P
28/04/2019;0,89;P
29/04/2019;0,89;P
30/04/2019;0,86;P
01/05/2019;0,92;P
02/05/2019;0,91;P
03/05/2019;0,94;P
04/05/2019;0,96;P
05/05/2019;0,95;P
06/05/2019;1,17;P
07/05/2019;1,11;P
08/05/2019;1,03;P
09/05/2019;1,06;P
10/05/2019;1,15;P
11/05/2019;1,11;P
12/05/2019;1,03;P
13/05/2019;1,34;P
14/05/2019;1,36;P
15/05/2019;1,21;P
16/05/2019;1,10;P
17/05/2019;1,02;P
18/05/2019;1,02;P
19/05/2019;1,04;P
20/05/2019;1,24;P
21/05/2019;1,24;P
22/05/2019;1,25;P
23/05/2019;1,26;P
24/05/2019;1,06;P
25/05/2019;1,22;P
26/05/2019;1,12;P
27/05/2019;1,11;P
28/05/2019;1,28;P
29/05/2019;1,52;P
30/05/2019;1,58;P
31/05/2019;1,30;P
01/06/2019;1,18;P
02/06/2019;1,08;P
03/06/2019;1,01;P
04/06/2019;0,94;P
05/06/2019;0,95;P
06/06/2019;0,88;P
07/06/2019;0,82;P
08/06/2019;0,85;P
09/06/2019;0,85;P
10/06/2019;0,82;P
11/06/2019;0,81;P
12/06/2019;0,78;P
13/06/2019;0,79;P
14/06/2019;0,77;P
15/06/2019;0,77;P
16/06/2019;0,71;P
17/06/2019;0,77;P
18/06/2019;0,76;P
19/06/2019;0,70;P
20/06/2019;0,70;P
21/06/2019;0,72;P
22/06/2019;0,73;P
23/06/2019;0,71;P
24/06/2019;0,72;P
25/06/2019;0,68;P
26/06/2019;0,65;P
27/06/2019;0,69;P
28/06/2019;0,66;P
29/06/2019;0,65;P
30/06/2019;0,64;P
01/07/2019;0,62;P
02/07/2019;0,65;P
03/07/2019;0,67;P
04/07/2019;0,65;P
05/07/2019;0,65;P
06/07/2019;0,64;P
07/07/2019;0,65;P
08/07/2019;0,64;P
09/07/2019;0,65;P
10/07/2019;0,67;P
11/07/2019;0,71;P
12/07/2019;0,66;P
13/07/2019;0,64;P
14/07/2019;0,66;P
15/07/2019;0,67;P
16/07/2019;0,71;P
17/07/2019;0,68;P
18/07/2019;0,64;P
19/07/2019;0,63;P
20/07/2019;0,62;P
21/07/2019;0,62;P
22/07/2019;0,62;P
23/07/2019;0,64;P
24/07/2019;0,63;P
25/07/2019;0,63;P
26/07/2019;0,61;P
27/07/2019;0,61;P
28/07/2019;1,37;P
29/07/2019;1,13;P
30/07/2019;0,81;P
31/07/2019;0,68;P
01/08/2019;0,66;P
02/08/2019;0,69;P
03/08/2019;0,71;P
04/08/2019;0,69;P
05/08/2019;0,69;P
06/08/2019;0,67;P
07/08/2019;0,66;P
08/08/2019;0,64;P
09/08/2019;0,63;P
10/08/2019;0,63;P
11/08/2019;0,62;P
12/08/2019;0,62;P
13/08/2019;0,62;P
14/08/2019;0,62;P
15/08/2019;0,62;P
16/08/2019;0,62;P
17/08/2019;0,62;P
18/08/2019;0,61;P
19/08/2019;0,62;P
20/08/2019;0,61;P
21/08/2019;0,62;P
22/08/2019;0,62;P
23/08/2019;0,68;P
24/08/2019;0,70;P
25/08/2019;0,73;P
26/08/2019;0,66;P
27/08/2019;0,65;P
28/08/2019;0,67;P
29/08/2019;0,64;P
30/08/2019;0,67;P
31/08/2019;0,64;P
01/09/2019;0,65;P
02/09/2019;0,66;P
03/09/2019;0,69;P
04/09/2019;0,65;P
05/09/2019;0,63;P
06/09/2019;0,64;P
07/09/2019;0,64;P
08/09/2019;0,71;P
09/09/2019;0,67;P
10/09/2019;0,70;P
11/09/2019;0,70;P
12/09/2019;0,71;P
13/09/2019;0,69;P
14/09/2019;0,62;P
15/09/2019;0,60;P
16/09/2019;0,59;P
17/09/2019;0,58;P
18/09/2019;0,58;P
19/09/2019;0,60;P
20/09/2019;0,61;P
21/09/2019;0,61;P
22/09/2019;0,61;P
23/09/2019;0,76;P
24/09/2019;0,75;P
25/09/2019;0,73;P
26/09/2019;0,68;P
27/09/2019;0,68;P
28/09/2019;0,68;P
29/09/2019;0,62;P
30/09/2019;0,61;P
01/10/2019;0,60;P
02/10/2019;0,62;P
03/10/2019;0,66;P
04/10/2019;0,66;P
05/10/2019;0,63;P
06/10/2019;0,61;P
07/10/2019;0,61;P
08/10/2019;0,62;P
09/10/2019;0,61;P
10/10/2019;0,61;P
11/10/2019;0,60;P
12/10/2019;0,60;P
13/10/2019;0,64;P
14/10/2019;0,64;P
15/10/2019;0,63;P
16/10/2019;0,68;P
17/10/2019;0,66;P
18/10/2019;0,63;P
19/10/2019;0,62;P
20/10/2019;0,62;P
21/10/2019;0,61;P
22/10/2019;0,61;P
23/10/2019;0,61;P
24/10/2019;0,62;P
25/10/2019;0,64;P
26/10/2019;0,64;P
27/10/2019;0,63;P
28/10/2019;0,63;P
29/10/2019;0,62;P
30/10/2019;0,63;P
31/10/2019;0,65;P
01/11/2019;0,68;P
02/11/2019;0,66;P
03/11/2019;0,72;P
04/11/2019;0,85;P
05/11/2019;1,03;P
06/11/2019;1,57;P
07/11/2019;1,24;P
08/11/2019;1,21;P
09/11/2019;1,44;P
10/11/2019;1,27;P
11/11/2019;1,07;P
12/11/2019;0,93;P
13/11/2019;1,12;P
14/11/2019;1,13;P
15/11/2019;1,18;P
16/11/2019;1,92;P
17/11/2019;3,87;P
18/11/2019;2,22;P
19/11/2019;1,94;P
20/11/2019;1,70;P
21/11/2019;1,43;P
22/11/2019;1,31;P
23/11/2019;1,15;P
24/11/2019;1,07;P
25/11/2019;1,08;P
26/11/2019;1,05;P
27/11/2019;1,08;P
28/11/2019;1,18;P
29/11/2019;1,25;P
30/11/2019;1,26;P
01/12/2019;1,18;P
02/12/2019;1,54;P
03/12/2019;2,28;P
04/12/2019;1,51;P
05/12/2019;1,30;P
06/12/2019;1,19;P
07/12/2019;1,11;P
08/12/2019;1,08;P
09/12/2019;1,08;P
10/12/2019;1,11;P
11/12/2019;1,05;P
12/12/2019;1,08;P
13/12/2019;1,34;P
14/12/2019;1,51;P
15/12/2019;1,25;P
16/12/2019;1,21;P
17/12/2019;1,15;P
18/12/2019;1,09;P
19/12/2019;1,03;P
20/12/2019;1,04;P
21/12/2019;2,19;P
22/12/2019;3,52;P
23/12/2019;2,36;P
24/12/2019;1,62;P
25/12/2019;1,41;P
26/12/2019;1,30;P
27/12/2019;1,20;P
28/12/2019;1,12;P
29/12/2019;1,09;P
30/12/2019;1,07;P
31/12/2019;1,06;P
01/01/2020;0,93;P
02/01/2020;0,92;P
03/01/2020;0,98;P
04/01/2020;0,93;P
05/01/2020;0,93;P
06/01/2020;0,92;P
07/01/2020;0,91;P
08/01/2020;0,90;P
09/01/2020;0,90;P
10/01/2020;0,85;P
11/01/2020;0,87;P
12/01/2020;0,85;P
13/01/2020;0,83;P
14/01/2020;0,85;P
15/01/2020;0,83;P
16/01/2020;0,84;P
17/01/2020;0,85;P
18/01/2020;0,94;P
19/01/2020;0,87;P
20/01/2020;0,84;P
21/01/2020;0,86;P
22/01/2020;0,84;P
23/01/2020;0,82;P
24/01/2020;0,82;P
25/01/2020;0,86;P
26/01/2020;0,93;P
27/01/2020;0,94;P
28/01/2020;1,00;P
29/01/2020;0,99;P
30/01/2020;0,94;P
31/01/2020;0,97;P
01/02/2020;0,99;P
02/02/2020;1,13;P
03/02/2020;1,13;P
04/02/2020;1,10;P
05/02/2020;1,03;P
06/02/2020;0,97;P
07/02/2020;0,93;P
08/02/2020;0,92;P
09/02/2020;0,90;P
10/02/2020;0,83;P
11/02/2020;0,91;P
12/02/2020;0,89;P
13/02/2020;0,87;P
14/02/2020;0,97;P
15/02/2020;1,00;P
16/02/2020;0,96;P
17/02/2020;0,92;P
18/02/2020;0,89;P
19/02/2020;0,87;P
20/02/2020;0,87;P
21/02/2020;0,85;P
22/02/2020;0,84;P
23/02/2020;0,84;P
24/02/2020;0,79;P
25/02/2020;0,86;P
26/02/2020;0,84;P
27/02/2020;0,86;P
28/02/2020;1,01;P
29/02/2020;1,00;P
01/03/2020;1,08;P
02/03/2020;1,47;P
03/03/2020;2,59;P
04/03/2020;1,77;P
05/03/2020;1,51;P
06/03/2020;1,63;P
07/03/2020;1,48;P
08/03/2020;1,33;P
09/03/2020;1,20;P
10/03/2020;1,08;P
11/03/2020;1,08;P
12/03/2020;1,05;P
13/03/2020;1,01;P
14/03/2020;1,00;P
15/03/2020;0,98;P
16/03/2020;0,95;P
17/03/2020;0,93;P
18/03/2020;0,92;P
19/03/2020;0,91;P
20/03/2020;0,88;P
21/03/2020;0,88;P
22/03/2020;0,86;P
23/03/2020;0,84;P
24/03/2020;0,84;P
25/03/2020;0,85;P
26/03/2020;0,85;P
27/03/2020;0,85;P
28/03/2020;0,86;P
29/03/2020;0,87;P
30/03/2020;0,89;P
31/03/2020;0,91;P
01/04/2020;0,88;P
02/04/2020;0,88;P
03/04/2020;0,87;P
04/04/2020;0,85;P
05/04/2020;0,84;P
06/04/2020;0,77;P
07/04/2020;0,85;P
08/04/2020;0,83;P
09/04/2020;0,82;P
10/04/2020;0,76;P
11/04/2020;0,82;P
12/04/2020;0,75;P
13/04/2020;0,81;P
14/04/2020;0,75;P
15/04/2020;0,81;P
16/04/2020;0,74;P
17/04/2020;0,81;P
18/04/2020;0,74;P
19/04/2020;0,73;P
20/04/2020;0,81;P
21/04/2020;0,85;P
22/04/2020;0,82;P
23/04/2020;0,83;P
24/04/2020;0,82;P
25/04/2020;0,82;P
26/04/2020;0,79;P
27/04/2020;0,72;P
28/04/2020;0,82;P
29/04/2020;0,97;P
30/04/2020;1,03;P
01/05/2020;0,90;P
02/05/2020;0,87;P
03/05/2020;0,84;P
04/05/2020;0,84;P
05/05/2020;;@
06/05/2020;0,82;P
07/05/2020;0,78;P
08/05/2020;0,72;P
09/05/2020;0,72;P
10/05/2020;0,73;P
11/05/2020;0,75;P
12/05/2020;0,77;P
13/05/2020;0,80;P
14/05/2020;0,80;P
15/05/2020;0,78;P
16/05/2020;0,79;P
17/05/2020;0,81;P
18/05/2020;0,72;P
19/05/2020;0,78;P
20/05/2020;0,96;P
21/05/2020;1,04;P
22/05/2020;0,85;P
23/05/2020;0,77;P
24/05/2020;0,83;P
25/05/2020;0,78;P
26/05/2020;0,72;P
27/05/2020;0,71;P
28/05/2020;0,74;P
29/05/2020;0,77;P
30/05/2020;0,79;P
31/05/2020;0,75;P
01/06/2020;0,71;P
02/06/2020;0,75;P
03/06/2020;0,70;P
04/06/2020;0,75;P
05/06/2020;1,08;P
06/06/2020;1,00;P
07/06/2020;0,80;P
08/06/2020;0,78;P
09/06/2020;0,85;P
10/06/2020;0,87;P
11/06/2020;0,83;P
12/06/2020;0,79;P
13/06/2020;0,81;P
14/06/2020;0,84;P
15/06/2020;0,95;P
16/06/2020;0,90;P
17/06/2020;0,90;P
18/06/2020;0,89;P
19/06/2020;0,83;P
20/06/2020;0,79;P
21/06/2020;0,75;P
22/06/2020;0,76;P
23/06/2020;0,77;P
24/06/2020;0,74;P
25/06/2020;0,75;P
26/06/2020;0,74;P
27/06/2020;0,69;P
28/06/2020;0,72;P
29/06/2020;0,68;P
30/06/2020;0,71;P
01/07/2020;0,67;P
02/07/2020;0,68;P
03/07/2020;0,67;P
04/07/2020;0,66;P
05/07/2020;0,65;P
06/07/2020;0,65;P
07/07/2020;0,59;P
08/07/2020;0,65;P
09/07/2020;0,64;P
10/07/2020;0,65;P
11/07/2020;0,69;P
12/07/2020;0,67;P
13/07/2020;0,67;P
14/07/2020;0,66;P
15/07/2020;0,69;P
16/07/2020;0,69;P
17/07/2020;0,66;P
18/07/2020;0,65;P
19/07/2020;0,63;P
20/07/2020;0,61;P
21/07/2020;0,61;P
22/07/2020;0,63;P
23/07/2020;0,64;P
24/07/2020;0,64;P
25/07/2020;0,66;P
26/07/2020;0,65;P
27/07/2020;0,64;P
28/07/2020;0,64;P
29/07/2020;0,64;P
30/07/2020;0,64;P
31/07/2020;0,64;P
01/08/2020;0,64;P
02/08/2020;0,64;P
03/08/2020;0,63;P
04/08/2020;0,64;P
05/08/2020;0,65;P
06/08/2020;0,64;P
07/08/2020;0,64;P
08/08/2020;0,62;P
09/08/2020;0,63;P
10/08/2020;0,62;P
11/08/2020;0,62;P
12/08/2020;0,64;P
13/08/2020;0,65;P
14/08/2020;0,64;P
15/08/2020;0,64;P
16/08/2020;0,64;P
17/08/2020;0,63;P
18/08/2020;0,63;P
19/08/2020;0,64;P
20/08/2020;0,63;P
21/08/2020;0,63;P
22/08/2020;0,63;P
23/08/2020;0,64;P
24/08/2020;0,64;P
25/08/2020;0,66;P
26/08/2020;0,66;P
27/08/2020;0,64;P
28/08/2020;0,63;P
29/08/2020;0,63;P
30/08/2020;0,69;P
31/08/2020;0,71;P
01/09/2020;0,70;P
02/09/2020;0,67;P
03/09/2020;0,65;P
04/09/2020;0,63;P
05/09/2020;0,63;P
06/09/2020;0,63;P
07/09/2020;0,63;P
08/09/2020;0,62;P
09/09/2020;0,62;P
10/09/2020;0,62;P
11/09/2020;0,62;P
12/09/2020;0,62;P
13/09/2020;0,61;P
14/09/2020;0,61;P
15/09/2020;0,61;P
16/09/2020;0,63;P
17/09/2020;0,62;P
18/09/2020;0,63;P
19/09/2020;0,63;P
20/09/2020;0,64;P
21/09/2020;0,67;P
22/09/2020;0,68;P
23/09/2020;0,71;P
24/09/2020;0,70;P
25/09/2020;0,94;P
26/09/2020;0,82;P
27/09/2020;0,77;P
28/09/2020;0,75;P
29/09/2020;0,76;P
30/09/2020;0,75;P
01/10/2020;0,76;P
02/10/2020;0,77;P
03/10/2020;0,87;P
04/10/2020;0,86;P
05/10/2020;0,89;P
06/10/2020;0,83;P
07/10/2020;0,92;P
08/10/2020;0,98;P
09/10/2020;0,83;P
10/10/2020;0,80;P
11/10/2020;0,88;P
12/10/2020;1,18;P
13/10/2020;1,03;P
14/10/2020;0,99;P
15/10/2020;1,03;P
16/10/2020;1,16;P
17/10/2020;1,05;P
18/10/2020;1,00;P
19/10/2020;0,85;P
20/10/2020;0,74;P
21/10/2020;0,74;P
22/10/2020;0,72;P
23/10/2020;0,78;P
24/10/2020;0,72;P
25/10/2020;1,05;P
26/10/2020;1,01;P
27/10/2020;1,12;P
28/10/2020;0,89;P
29/10/2020;0,79;P
30/10/2020;0,75;P
31/10/2020;0,73;P
01/11/2020;0,83;P
02/11/2020;0,86;P
03/11/2020;0,72;P
04/11/2020;0,71;P
05/11/2020;0,71;P
06/11/2020;0,70;P
07/11/2020;0,69;P
08/11/2020;0,69;P
09/11/2020;0,75;P
10/11/2020;0,69;P
11/11/2020;0,68;P
12/11/2020;0,69;P
13/11/2020;0,69;P
14/11/2020;0,68;P
15/11/2020;0,75;P
16/11/2020;0,75;P
17/11/2020;1,16;P
18/11/2020;0,94;P
19/11/2020;0,84;P
20/11/2020;0,80;P
21/11/2020;0,81;P
22/11/2020;0,81;P
23/11/2020;0,80;P
24/11/2020;0,78;P
25/11/2020;0,74;P
26/11/2020;0,77;P
27/11/2020;0,76;P
28/11/2020;0,77;P
29/11/2020;0,76;P
30/11/2020;0,73;P
01/12/2020;0,77;P
02/12/2020;0,80;P
03/12/2020;0,96;P
04/12/2020;0,90;P
05/12/2020;2,03;P
06/12/2020;2,54;P
07/12/2020;2,04;P
08/12/2020;1,62;P
09/12/2020;1,84;P
10/12/2020;1,75;P
11/12/2020;1,52;P
12/12/2020;1,36;P
13/12/2020;1,23;P
14/12/2020;1,07;P
15/12/2020;1,03;P
16/12/2020;1,04;P
17/12/2020;1,03;P
18/12/2020;1,00;P
19/12/2020;0,89;P
20/12/2020;0,96;P
21/12/2020;0,97;P
22/12/2020;0,88;P
23/12/2020;0,88;P
24/12/2020;0,96;P
25/12/2020;0,98;P
26/12/2020;1,06;P
27/12/2020;1,08;P
28/12/2020;1,25;P
29/12/2020;1,78;P
30/12/2020;2,09;P
31/12/2020;1,69;P
01/01/2021;1,56;P
02/01/2021;1,93;P
03/01/2021;2,10;P
04/01/2021;1,59;P
05/01/2021;1,65;P
06/01/2021;1,76;P
07/01/2021;1,58;P
08/01/2021;1,41;P
09/01/2021;1,29;P
10/01/2021;1,18;P
11/01/2021;1,23;P
12/01/2021;1,18;P
13/01/2021;1,11;P
14/01/2021;1,19;P
15/01/2021;1,01;P
16/01/2021;1,00;P
17/01/2021;1,14;P
18/01/2021;0,94;P
19/01/2021;0,99;P
20/01/2021;0,96;P
21/01/2021;0,96;P
22/01/2021;1,01;P
23/01/2021;1,47;P
24/01/2021;2,01;P
25/01/2021;2,21;P
26/01/2021;1,91;P
27/01/2021;1,45;P
28/01/2021;1,33;P
29/01/2021;1,30;P
30/01/2021;1,35;P
31/01/2021;1,53;P
01/02/2021;1,43;P
02/02/2021;1,36;P
03/02/2021;1,29;P
04/02/2021;1,22;P
05/02/2021;1,22;P
06/02/2021;1,21;P
07/02/2021;1,30;P
08/02/2021;1,99;P
09/02/2021;2,34;P
10/02/2021;2,32;P
11/02/2021;2,11;P
12/02/2021;1,55;P
13/02/2021;1,43;P
14/02/2021;1,39;P
15/02/2021;1,27;P
16/02/2021;1,14;P
17/02/2021;1,17;P
18/02/2021;1,21;P
19/02/2021;1,21;P
20/02/2021;1,15;P
21/02/2021;1,10;P
22/02/2021;1,08;P
23/02/2021;1,06;P
24/02/2021;0,99;P
25/02/2021;1,00;P
26/02/2021;1,00;P
27/02/2021;0,99;P
28/02/2021;0,95;P
01/03/2021;0,96;P
02/03/2021;0,92;P
03/03/2021;0,88;P
04/03/2021;0,98;P
05/03/2021;0,90;P
06/03/2021;0,94;P
07/03/2021;0,89;P
08/03/2021;0,84;P
09/03/2021;0,89;P
10/03/2021;0,84;P
11/03/2021;0,84;P
12/03/2021;0,84;P
13/03/2021;0,88;P
14/03/2021;0,91;P
15/03/2021;0,89;P
16/03/2021;0,84;P
17/03/2021;0,83;P
18/03/2021;0,83;P
19/03/2021;0,85;P
20/03/2021;0,88;P
21/03/2021;0,83;P
22/03/2021;0,83;P
23/03/2021;0,84;P
24/03/2021;0,75;P
25/03/2021;0,78;P
26/03/2021;0,79;P
27/03/2021;0,78;P
28/03/2021;0,78;P
29/03/2021;0,75;P
30/03/2021;0,78;P
31/03/2021;0,79;P
01/04/2021;0,78;P
02/04/2021;0,79;P
03/04/2021;0,82;P
04/04/2021;0,78;P
05/04/2021;0,72;P
06/04/2021;0,77;P
07/04/2021;0,80;P
08/04/2021;0,75;P
09/04/2021;0,76;P
10/04/2021;0,79;P
11/04/2021;0,79;P
12/04/2021;1,00;P
13/04/2021;1,61;P
14/04/2021;1,25;P
15/04/2021;1,06;P
16/04/2021;0,95;P
17/04/2021;0,90;P
18/04/2021;0,87;P
19/04/2021;0,86;P
20/04/2021;0,89;P
21/04/2021;0,89;P
22/04/2021;0,86;P
23/04/2021;0,85;P
24/04/2021;0,84;P
25/04/2021;0,83;P
26/04/2021;0,83;P
27/04/2021;0,84;P
28/04/2021;0,87;P
29/04/2021;0,90;P
30/04/2021;1,00;P
01/05/2021;1,00;P
02/05/2021;1,37;P
03/05/2021;1,16;P
04/05/2021;1,03;P
05/05/2021;1,00;P
06/05/2021;0,96;P
07/05/2021;0,91;P
08/05/2021;0,84;P
09/05/2021;0,90;P
10/05/2021;0,86;P
11/05/2021;0,91;P
12/05/2021;0,96;P
13/05/2021;0,96;P
14/05/2021;0,95;P
15/05/2021;0,91;P
16/05/2021;0,88;P
17/05/2021;0,91;P
18/05/2021;0,86;P
19/05/2021;0,94;P
20/05/2021;1,18;P
21/05/2021;1,00;P
22/05/2021;0,88;P
23/05/2021;0,96;P
24/05/2021;0,89;P
25/05/2021;0,89;P
26/05/2021;0,85;P
27/05/2021;0,83;P
28/05/2021;0,80;P
29/05/2021;0,78;P
30/05/2021;0,77;P
31/05/2021;0,77;P
01/06/2021;0,76;P
02/06/2021;0,77;P
03/06/2021;0,78;P
04/06/2021;0,75;P
05/06/2021;0,78;P
06/06/2021;0,76;P
07/06/2021;0,79;P
08/06/2021;0,76;P
09/06/2021;0,81;P
10/06/2021;0,78;P
11/06/2021;0,74;P
12/06/2021;0,75;P
13/06/2021;0,74;P
14/06/2021;0,72;P
15/06/2021;0,72;P
16/06/2021;0,70;P
17/06/2021;0,70;P
18/06/2021;0,70;P
19/06/2021;0,72;P
20/06/2021;0,72;P
21/06/2021;0,69;P
22/06/2021;0,69;P
23/06/2021;0,68;P
24/06/2021;0,68;P
25/06/2021;0,66;P
26/06/2021;0,66;P
27/06/2021;0,67;P
28/06/2021;0,66;P
29/06/2021;0,63;P
30/06/2021;0,63;P
01/07/2021;0,63;P
02/07/2021;0,62;P
03/07/2021;0,62;P
04/07/2021;0,62;P
05/07/2021;0,62;P
06/07/2021;0,63;P
07/07/2021;0,62;P
08/07/2021;0,61;P
09/07/2021;0,60;P
10/07/2021;0,61;P
11/07/2021;0,61;P
12/07/2021;0,61;P
13/07/2021;0,63;P
14/07/2021;0,68;P
15/07/2021;0,65;P
16/07/2021;0,65;P
17/07/2021;0,65;P
18/07/2021;0,64;P
19/07/2021;0,63;P
20/07/2021;0,63;P
21/07/2021;0,63;P
22/07/2021;0,63;P
23/07/2021;0,62;P
24/07/2021;0,62;P
25/07/2021;0,62;P
26/07/2021;0,62;P
27/07/2021;0,62;P
28/07/2021;0,62;P
29/07/2021;0,62;P
30/07/2021;0,62;P
31/07/2021;0,61;P
01/08/2021;0,63;P
02/08/2021;0,64;P
03/08/2021;0,63;P
04/08/2021;0,62;P
05/08/2021;0,63;P
06/08/2021;0,63;P
07/08/2021;0,62;P
08/08/2021;0,62;P
09/08/2021;0,62;P
10/08/2021;0,63;P
11/08/2021;0,63;P
12/08/2021;0,62;P
13/08/2021;0,62;P
14/08/2021;0,62;P
15/08/2021;0,63;P
16/08/2021;0,63;P
17/08/2021;0,63;P
18/08/2021;0,63;P
19/08/2021;0,62;P
20/08/2021;0,62;P
21/08/2021;0,63;P
22/08/2021;0,65;P
23/08/2021;0,64;P
24/08/2021;0,64;P
25/08/2021;0,64;P
26/08/2021;0,64;P
27/08/2021;0,64;P
28/08/2021;0,66;P
29/08/2021;0,66;P
30/08/2021;0,65;P
31/08/2021;0,67;P
01/09/2021;0,70;P
02/09/2021;0,68;P
03/09/2021;0,68;P
04/09/2021;0,68;P
05/09/2021;0,64;P
06/09/2021;0,62;P
07/09/2021;0,63;P
08/09/2021;0,64;P
09/09/2021;0,63;P
10/09/2021;0,63;P
11/09/2021;0,62;P
12/09/2021;0,61;P
13/09/2021;0,60;P
14/09/2021;0,58;P
15/09/2021;0,58;P
16/09/2021;0,59;P
17/09/2021;0,65;P
18/09/2021;0,62;P
19/09/2021;0,63;P
20/09/2021;0,64;P
21/09/2021;0,62;P
22/09/2021;0,61;P
23/09/2021;0,61;P
24/09/2021;0,60;P
25/09/2021;0,60;P
26/09/2021;0,62;P
27/09/2021;0,67;P
28/09/2021;0,63;P
29/09/2021;0,60;P
30/09/2021;0,59;P
01/10/2021;0,58;P
02/10/2021;0,58;P
03/10/2021;0,58;P
04/10/2021;0,57;P
05/10/2021;0,61;P
06/10/2021;0,65;P
07/10/2021;0,56;P
08/10/2021;0,65;P
09/10/2021;0,64;P
10/10/2021;0,64;P
11/10/2021;0,62;P
12/10/2021;0,38;P
13/10/2021;0,47;P
14/10/2021;0,56;P
15/10/2021;0,57;P
16/10/2021;0,59;P
17/10/2021;0,59;P
18/10/2021;0,48;P
19/10/2021;0,55;P
20/10/2021;0,58;P
21/10/2021;0,58;P
22/10/2021;0,58;P
23/10/2021;0,61;P
24/10/2021;0,61;P
25/10/2021;0,59;P
26/10/2021;0,58;P
27/10/2021;0,58;P
28/10/2021;0,58;P
29/10/2021;0,58;P
30/10/2021;0,58;P
31/10/2021;0,59;P
01/11/2021;0,59;P
02/11/2021;0,65;P
03/11/2021;0,65;P
04/11/2021;0,67;P
05/11/2021;0,73;P
06/11/2021;0,64;P
07/11/2021;0,65;P
08/11/2021;0,67;P
09/11/2021;0,64;P
10/11/2021;0,70;P
11/11/2021;0,64;P
12/11/2021;0,62;P
13/11/2021;0,62;P
14/11/2021;0,75;P
15/11/2021;0,68;P
16/11/2021;0,67;P
17/11/2021;0,68;P
18/11/2021;0,68;P
19/11/2021;0,65;P
20/11/2021;0,75;P
21/11/2021;0,65;P
22/11/2021;0,64;P
23/11/2021;0,64;P
24/11/2021;0,63;P
25/11/2021;0,73;P
26/11/2021;0,66;P
27/11/2021;0,67;P
28/11/2021;0,76;P
29/11/2021;0,83;P
30/11/2021;0,78;P
01/12/2021;0,80;P
02/12/2021;0,88;P
03/12/2021;1,19;P
04/12/2021;1,01;P
05/12/2021;1,21;P
06/12/2021;1,04;P
07/12/2021;0,94;P
08/12/2021;0,93;P
09/12/2021;1,22;P
10/12/2021;1,21;P
11/12/2021;1,10;P
12/12/2021;1,06;P
13/12/2021;0,92;P
14/12/2021;0,87;P
15/12/2021;0,85;P
16/12/2021;0,85;P
17/12/2021;0,84;P
18/12/2021;0,74;P
19/12/2021;0,78;P
20/12/2021;0,82;P
21/12/2021;0,79;P
22/12/2021;0,70;P
23/12/2021;0,76;P
24/12/2021;0,83;P
25/12/2021;1,29;P
26/12/2021;1,97;P
27/12/2021;1,63;P
28/12/2021;1,38;P
29/12/2021;1,26;P
30/12/2021;1,14;P
31/12/2021;1,09;P
01/01/2022;1,03;P
02/01/2022;0,89;P
03/01/2022;0,83;P
04/01/2022;0,92;P
05/01/2022;0,93;P
06/01/2022;1,33;P
07/01/2022;1,26;P
08/01/2022;1,10;P
09/01/2022;1,10;P
10/01/2022;1,10;P
11/01/2022;1,02;P
12/01/2022;0,94;P
13/01/2022;0,94;P
14/01/2022;0,92;P
15/01/2022;0,92;P
16/01/2022;0,91;P
17/01/2022;0,91;P
18/01/2022;0,90;P
19/01/2022;0,87;P
20/01/2022;0,87;P
21/01/2022;0,81;P
22/01/2022;0,77;P
23/01/2022;0,76;P
24/01/2022;0,89;P
25/01/2022;0,92;P
26/01/2022;0,76;P
27/01/2022;0,74;P
28/01/2022;0,73;P
29/01/2022;0,72;P
30/01/2022;0,82;P
31/01/2022;0,83;P
01/02/2022;0,83;P
02/02/2022;0,76;P
03/02/2022;0,71;P
04/02/2022;0,70;P
05/02/2022;0,71;P
06/02/2022;0,71;P
07/02/2022;0,70;P
08/02/2022;0,72;P
09/02/2022;0,70;P
10/02/2022;0,79;P
11/02/2022;0,81;P
12/02/2022;0,81;P
13/02/2022;0,77;P
14/02/2022;0,70;P
15/02/2022;0,84;P
16/02/2022;1,21;P
17/02/2022;1,02;P
18/02/2022;0,96;P
19/02/2022;0,92;P
20/02/2022;0,90;P
21/02/2022;0,87;P
22/02/2022;0,87;P
23/02/2022;0,85;P
24/02/2022;0,85;P
25/02/2022;0,85;P
26/02/2022;0,88;P
27/02/2022;0,87;P
28/02/2022;0,86;P
01/03/2022;0,85;P
02/03/2022;0,85;P
03/03/2022;0,85;P
04/03/2022;0,85;P
05/03/2022;0,85;P
06/03/2022;0,84;P
07/03/2022;0,84;P
08/03/2022;0,77;P
09/03/2022;0,73;P
10/03/2022;0,72;P
11/03/2022;0,72;P
12/03/2022;0,78;P
13/03/2022;0,82;P
14/03/2022;0,82;P
15/03/2022;0,82;P
16/03/2022;0,73;P
17/03/2022;0,70;P
18/03/2022;0,70;P
19/03/2022;0,70;P
20/03/2022;0,70;P
21/03/2022;0,69;P
22/03/2022;0,69;P
23/03/2022;0,69;P
24/03/2022;0,69;P
25/03/2022;0,69;P
26/03/2022;0,69;P
27/03/2022;0,68;P
28/03/2022;0,68;P
29/03/2022;0,77;P
30/03/2022;0,81;P
31/03/2022;1,13;P
01/04/2022;1,28;P
02/04/2022;1,14;P
03/04/2022;1,09;P
04/04/2022;1,07;P
05/04/2022;1,05;P
06/04/2022;1,01;P
07/04/2022;1,00;P
08/04/2022;1,00;P
09/04/2022;0,99;P
10/04/2022;0,92;P
11/04/2022;0,87;P
12/04/2022;0,87;P
13/04/2022;0,86;P
14/04/2022;0,79;P
15/04/2022;0,75;P
16/04/2022;0,81;P
17/04/2022;0,84;P
18/04/2022;0,83;P
19/04/2022;0,83;P
20/04/2022;0,74;P
21/04/2022;0,73;P
22/04/2022;0,94;P
23/04/2022;1,30;P
24/04/2022;1,16;P
25/04/2022;1,45;P
26/04/2022;1,24;P
27/04/2022;1,10;P
28/04/2022;1,03;P
29/04/2022;0,96;P
30/04/2022;0,96;P
01/05/2022;0,90;P
02/05/2022;0,90;P
03/05/2022;0,87;P
04/05/2022;0,86;P
05/05/2022;0,86;P
06/05/2022;0,91;P
07/05/2022;0,87;P
08/05/2022;0,81;P
09/05/2022;0,83;P
10/05/2022;0,84;P
11/05/2022;0,75;P
12/05/2022;0,73;P
13/05/2022;0,73;P
14/05/2022;0,81;P
15/05/2022;0,74;P
16/05/2022;0,71;P
17/05/2022;0,71;P
18/05/2022;0,73;P
19/05/2022;0,70;P
20/05/2022;0,74;P
21/05/2022;0,74;P
22/05/2022;0,69;P
23/05/2022;0,68;P
24/05/2022;0,71;P
25/05/2022;0,72;P
26/05/2022;0,67;P
27/05/2022;0,66;P
28/05/2022;0,70;P
29/05/2022;0,71;P
30/05/2022;0,70;P
31/05/2022;0,74;P
01/06/2022;0,69;P
02/06/2022;0,65;P
03/06/2022;0,65;P
04/06/2022;0,64;P
05/06/2022;0,64;P
06/06/2022;0,63;P
07/06/2022;0,63;P
08/06/2022;0,68;P
09/06/2022;0,64;P
10/06/2022;0,73;P
11/06/2022;0,67;P
12/06/2022;0,63;P
13/06/2022;0,62;P
14/06/2022;0,62;P
15/06/2022;0,61;P
16/06/2022;0,61;P
17/06/2022;0,61;P
18/06/2022;0,60;P
19/06/2022;0,61;P
20/06/2022;0,61;P
21/06/2022;0,61;P
22/06/2022;0,61;P
23/06/2022;0,61;P
24/06/2022;0,61;P
25/06/2022;0,61;P
26/06/2022;0,61;P
27/06/2022;0,61;P
28/06/2022;0,61;P
29/06/2022;0,61;P
30/06/2022;0,61;P
01/07/2022;0,61;P
02/07/2022;0,60;P
03/07/2022;0,60;P
04/07/2022;0,60;P
05/07/2022;0,60;P
06/07/2022;0,60;P
07/07/2022;0,60;P
08/07/2022;0,62;P
09/07/2022;0,64;P
10/07/2022;0,61;P
11/07/2022;0,60;P
12/07/2022;0,61;P
13/07/2022;0,61;P
14/07/2022;0,60;P
15/07/2022;0,60;P
16/07/2022;0,61;P
17/07/2022;0,61;P
18/07/2022;0,61;P
19/07/2022;0,61;P
20/07/2022;0,58;P
21/07/2022;0,62;P
22/07/2022;0,62;P
23/07/2022;0,60;P
24/07/2022;0,61;P
25/07/2022;0,60;P
26/07/2022;0,60;P
27/07/2022;0,61;P
28/07/2022;0,60;P
29/07/2022;0,61;P
30/07/2022;0,61;P
31/07/2022;0,61;P
01/08/2022;0,61;P
02/08/2022;0,61;P
03/08/2022;0,61;P
04/08/2022;0,61;P
05/08/2022;0,61;P
06/08/2022;0,61;P
07/08/2022;0,61;P
08/08/2022;0,61;P
09/08/2022;0,61;P
10/08/2022;0,61;P
11/08/2022;0,60;P
12/08/2022;0,60;P
13/08/2022;0,63;P
14/08/2022;0,63;P
15/08/2022;0,64;P
16/08/2022;0,83;P
17/08/2022;0,66;P
18/08/2022;0,64;P
19/08/2022;0,72;P
20/08/2022;0,68;P
21/08/2022;0,62;P
22/08/2022;0,61;P
23/08/2022;0,62;P
24/08/2022;0,62;P
25/08/2022;0,61;P
26/08/2022;0,62;P
27/08/2022;0,62;P
28/08/2022;0,64;P
29/08/2022;0,66;P
30/08/2022;0,65;P
31/08/2022;0,63;P
01/09/2022;0,61;P
02/09/2022;0,63;P
03/09/2022;0,63;P
04/09/2022;0,63;P
05/09/2022;0,62;P
06/09/2022;0,62;P
07/09/2022;0,61;P
08/09/2022;0,61;P
09/09/2022;0,62;P
10/09/2022;0,61;P
11/09/2022;0,61;P
12/09/2022;0,61;P
13/09/2022;0,64;P
14/09/2022;0,67;P
15/09/2022;0,69;P
16/09/2022;0,68;P
17/09/2022;0,71;P
18/09/2022;0,75;P
19/09/2022;0,68;P
20/09/2022;0,63;P
21/09/2022;0,59;P
22/09/2022;0,60;P
23/09/2022;0,62;P
24/09/2022;0,65;P
25/09/2022;1,50;P
26/09/2022;1,24;P
27/09/2022;0,96;P
28/09/2022;0,83;P
29/09/2022;0,85;P
30/09/2022;1,30;P
01/10/2022;1,23;P
02/10/2022;1,02;P
03/10/2022;0,92;P
04/10/2022;0,83;P
05/10/2022;0,81;P
06/10/2022;0,72;P
07/10/2022;0,65;P
08/10/2022;0,64;P
09/10/2022;0,63;P
10/10/2022;0,63;P
11/10/2022;0,63;P
12/10/2022;0,63;P
13/10/2022;0,60;P
14/10/2022;0,62;P
15/10/2022;0,62;P
16/10/2022;0,62;P
17/10/2022;0,62;P
18/10/2022;0,62;P
19/10/2022;0,62;P
20/10/2022;0,62;P
21/10/2022;0,62;P
22/10/2022;0,62;P
23/10/2022;0,62;P
24/10/2022;0,62;P
25/10/2022;0,65;P
26/10/2022;0,62;P
27/10/2022;0,61;P
28/10/2022;0,61;P
29/10/2022;0,61;P
30/10/2022;0,61;P
31/10/2022;0,61;P
01/11/2022;0,61;P
02/11/2022;0,61;P
03/11/2022;0,60;P
04/11/2022;0,72;P
05/11/2022;0,73;P
06/11/2022;0,69;P
07/11/2022;0,70;P
08/11/2022;0,70;P
09/11/2022;0,70;P
10/11/2022;0,70;P
11/11/2022;0,71;P
12/11/2022;0,70;P
13/11/2022;0,70;P
14/11/2022;0,71;P
15/11/2022;0,63;P
16/11/2022;0,65;P
17/11/2022;0,83;P
18/11/2022;0,81;P
19/11/2022;0,72;P
20/11/2022;0,71;P
21/11/2022;0,82;P
22/11/2022;1,32;P
23/11/2022;1,62;P
24/11/2022;1,20;P
25/11/2022;1,00;P
26/11/2022;0,95;P
27/11/2022;0,84;P
28/11/2022;0,75;P
29/11/2022;0,75;P
30/11/2022;0,74;P
01/12/2022;0,74;P
02/12/2022;0,85;P
03/12/2022;0,85;P
04/12/2022;0,78;P
05/12/2022;0,94;P
06/12/2022;1,36;P
07/12/2022;1,41;P
08/12/2022;1,25;P
09/12/2022;1,24;P
10/12/2022;1,81;P
11/12/2022;1,71;P
12/12/2022;1,38;P
13/12/2022;1,21;P
14/12/2022;1,18;P
15/12/2022;1,08;P
16/12/2022;2,98;P
17/12/2022;2,31;P
18/12/2022;1,46;P
19/12/2022;1,30;P
20/12/2022;1,17;P
21/12/2022;1,11;P
22/12/2022;1,09;P
23/12/2022;1,03;P
24/12/2022;0,98;P
25/12/2022;0,96;P
26/12/2022;0,95;P
27/12/2022;0,99;P
28/12/2022;0,99;P
29/12/2022;0,98;P
30/12/2022;0,84;P
31/12/2022;0,88;P
01/01/2023;0,91;P
02/01/2023;0,91;P
03/01/2023;0,91;P
04/01/2023;0,83;P
05/01/2023;0,83;P
06/01/2023;0,86;P
07/01/2023;0,86;P
08/01/2023;0,82;P
09/01/2023;1,34;P
10/01/2023;1,32;P
11/01/2023;1,14;P
12/01/2023;1,06;P
13/01/2023;0,99;P
14/01/2023;0,96;P
15/01/2023;0,94;P
16/01/2023;0,96;P
17/01/2023;1,48;P
18/01/2023;2,28;P
19/01/2023;1,90;P
20/01/2023;1,58;P
21/01/2023;1,38;P
22/01/2023;1,26;P
23/01/2023;1,23;P
24/01/2023;1,27;P
25/01/2023;1,25;P
26/01/2023;1,18;P
27/01/2023;1,16;P
28/01/2023;1,12;P
29/01/2023;1,06;P
30/01/2023;1,05;P
31/01/2023;0,97;P
01/02/2023;0,96;P
02/02/2023;0,94;P
03/02/2023;0,99;P
04/02/2023;0,98;P
05/02/2023;1,00;P
06/02/2023;0,97;P
07/02/2023;0,95;P
08/02/2023;0,93;P
09/02/2023;0,93;P
10/02/2023;0,92;P
11/02/2023;0,89;P
12/02/2023;0,88;P
13/02/2023;0,87;P
14/02/2023;0,86;P
15/02/2023;0,87;P
16/02/2023;0,87;P
17/02/2023;0,88;P
18/02/2023;0,87;P
19/02/2023;0,87;P
20/02/2023;0,87;P
21/02/2023;0,87;P
22/02/2023;0,88;P
23/02/2023;0,89;P
24/02/2023;0,89;P
25/02/2023;0,91;P
26/02/2023;1,13;P
27/02/2023;1,38;P
28/02/2023;1,28;P
01/03/2023;1,22;P
02/03/2023;1,10;P
03/03/2023;1,12;P
04/03/2023;1,15;P
05/03/2023;1,03;P
06/03/2023;0,98;P
07/03/2023;1,02;P
08/03/2023;0,99;P
09/03/2023;1,01;P
10/03/2023;1,05;P
11/03/2023;1,09;P
12/03/2023;1,08;P
13/03/2023;1,00;P
14/03/2023;0,96;P
15/03/2023;1,00;P
16/03/2023;0,99;P
17/03/2023;0,95;P
18/03/2023;0,93;P
19/03/2023;0,92;P
20/03/2023;1,19;P
21/03/2023;1,23;P
22/03/2023;1,10;P
23/03/2023;1,09;P
24/03/2023;1,02;P
25/03/2023;1,07;P
26/03/2023;1,08;P
27/03/2023;1,12;P
28/03/2023;1,01;P
29/03/2023;1,04;P
30/03/2023;1,10;P
31/03/2023;1,02;P
01/04/2023;1,11;P
02/04/2023;1,19;P
03/04/2023;1,20;P
04/04/2023;1,14;P
05/04/2023;1,07;P
06/04/2023;1,10;P
07/04/2023;1,12;P
08/04/2023;1,18;P
09/04/2023;1,28;P
10/04/2023;1,30;P
11/04/2023;1,20;P
12/04/2023;1,16;P
13/04/2023;1,18;P
14/04/2023;1,40;P
15/04/2023;1,48;P
16/04/2023;1,47;P
17/04/2023;1,41;P
18/04/2023;1,48;P
19/04/2023;1,58;P
20/04/2023;1,65;P
21/04/2023;1,65;P
22/04/2023;1,68;P
23/04/2023;1,78;P
24/04/2023;1,95;P
25/04/2023;2,10;P
26/04/2023;2,31;P
27/04/2023;2,28;P
28/04/2023;2,10;P
29/04/2023;2,46;P
30/04/2023;2,83;P
01/05/2023;2,01;P
02/05/2023;1,61;P
03/05/2023;1,84;P
04/05/2023;2,04;P
05/05/2023;1,55;P
06/05/2023;0,79;P
07/05/2023;0,89;P
08/05/2023;2,93;P
09/05/2023;2,56;P
10/05/2023;1,59;P
11/05/2023;3,44;P
12/05/2023;3,55;P
13/05/2023;2,68;P
14/05/2023;3,84;P
15/05/2023;4,19;P
16/05/2023;3,58;P
17/05/2023;3,01;P
18/05/2023;1,46;P
19/05/2023;1,23;P
20/05/2023;1,15;P
21/05/2023;1,10;P
22/05/2023;1,07;P
23/05/2023;1,10;P
24/05/2023;1,05;P
25/05/2023;1,07;P
26/05/2023;1,09;P
27/05/2023;1,04;P
28/05/2023;0,88;P
29/05/2023;0,79;P
30/05/2023;0,77;P
31/05/2023;0,77;P
01/06/2023;0,84;P
02/06/2023;0,94;P
03/06/2023;0,85;P
04/06/2023;0,93;P
05/06/2023;1,01;P
06/06/2023;1,09;P
07/06/2023;1,05;P
08/06/2023;0,98;P
09/06/2023;0,92;P
10/06/2023;0,89;P
11/06/2023;0,94;P
12/06/2023;0,84;P
13/06/2023;0,87;P
14/06/2023;1,01;P
15/06/2023;1,04;P
16/06/2023;1,01;P
17/06/2023;0,87;P
18/06/2023;0,82;P
19/06/2023;0,82;P
20/06/2023;0,76;P
21/06/2023;0,74;P
22/06/2023;0,77;P
23/06/2023;0,75;P
24/06/2023;0,75;P
25/06/2023;0,74;P
26/06/2023;0,73;P
27/06/2023;0,74;P
28/06/2023;0,72;P
29/06/2023;0,70;P
30/06/2023;0,71;P
01/07/2023;0,79;P
02/07/2023;0,87;P
03/07/2023;0,84;P
04/07/2023;0,76;P
05/07/2023;0,77;P
06/07/2023;0,69;P
07/07/2023;0,72;P
08/07/2023;0,72;P
09/07/2023;0,69;P
10/07/2023;0,66;P
11/07/2023;0,64;P
12/07/2023;0,63;P
13/07/2023;0,63;P
14/07/2023;0,65;P
15/07/2023;0,64;P
16/07/2023;0,66;P
17/07/2023;0,65;P
18/07/2023;0,63;P
19/07/2023;0,63;P
20/07/2023;0,62;P
21/07/2023;0,62;P
22/07/2023;0,64;P
23/07/2023;0,64;P
24/07/2023;0,62;P
25/07/2023;0,66;P
26/07/2023;0,68;P
27/07/2023;0,64;P
28/07/2023;0,63;P
29/07/2023;0,63;P
30/07/2023;0,63;P
31/07/2023;0,63;P
01/08/2023;0,62;P
02/08/2023;0,63;P
03/08/2023;0,63;P
04/08/2023;0,64;P
05/08/2023;0,66;P
06/08/2023;0,65;P
07/08/2023;0,64;P
08/08/2023;0,63;P
09/08/2023;0,63;P
10/08/2023;0,63;P
11/08/2023;0,64;P
12/08/2023;0,64;P
13/08/2023;0,64;P
14/08/2023;0,63;P
15/08/2023;0,64;P
16/08/2023;0,64;P
17/08/2023;0,63;P
18/08/2023;0,64;P
19/08/2023;0,72;P
20/08/2023;0,69;P
21/08/2023;0,65;P
22/08/2023;0,64;P
23/08/2023;0,64;P
24/08/2023;0,63;P
25/08/2023;0,63;P
26/08/2023;0,63;P
27/08/2023;0,64;P
28/08/2023;0,66;P
29/08/2023;0,66;P
30/08/2023;0,68;P
31/08/2023;0,65;P
01/09/2023;0,64;P
02/09/2023;0,66;P
03/09/2023;0,64;P
04/09/2023;0,63;P
05/09/2023;0,63;P
06/09/2023;0,62;P
07/09/2023;0,62;P
08/09/2023;0,64;P
09/09/2023;0,64;P
10/09/2023;0,71;P
11/09/2023;0,71;P
12/09/2023;0,65;P
13/09/2023;0,64;P
14/09/2023;0,64;P
15/09/2023;0,65;P
16/09/2023;0,65;P
17/09/2023;0,64;P
18/09/2023;0,63;P
19/09/2023;0,60;P
20/09/2023;0,63;P
21/09/2023;0,64;P
22/09/2023;0,64;P
23/09/2023;0,67;P
24/09/2023;0,70;P
25/09/2023;0,67;P
26/09/2023;0,65;P
27/09/2023;0,66;P
28/09/2023;0,65;P
29/09/2023;0,63;P
30/09/2023;0,61;P
01/10/2023;0,60;P
02/10/2023;0,61;P
03/10/2023;0,62;P
04/10/2023;0,62;P
05/10/2023;0,63;P
06/10/2023;0,63;P
07/10/2023;0,65;P
08/10/2023;0,65;P
09/10/2023;0,66;P
10/10/2023;0,66;P
11/10/2023;0,65;P
12/10/2023;0,67;P
13/10/2023;0,66;P
14/10/2023;0,64;P
15/10/2023;0,65;P
16/10/2023;0,59;P
17/10/2023;0,61;P
18/10/2023;0,63;P
19/10/2023;0,62;P
20/10/2023;0,59;P
21/10/2023;0,67;P
22/10/2023;0,68;P
23/10/2023;0,59;P
24/10/2023;0,62;P
25/10/2023;0,86;P
26/10/2023;0,72;P
27/10/2023;0,69;P
28/10/2023;0,71;P
29/10/2023;0,75;P
30/10/2023;0,66;P
31/10/2023;0,95;P
01/11/2023;1,00;P
02/11/2023;0,71;P
03/11/2023;1,66;P
04/11/2023;1,25;P
05/11/2023;1,87;P
06/11/2023;1,28;P
07/11/2023;1,21;P
08/11/2023;1,08;P
09/11/2023;0,86;P
10/11/2023;0,93;P
11/11/2023;1,32;P
12/11/2023;1,21;P
13/11/2023;1,06;P
14/11/2023;0,96;P
15/11/2023;0,92;P
16/11/2023;0,84;P
17/11/2023;0,85;P
18/11/2023;1,00;P
19/11/2023;0,97;P
20/11/2023;0,80;P
21/11/2023;0,77;P
22/11/2023;0,86;P
23/11/2023;1,01;P
24/11/2023;0,94;P
25/11/2023;0,80;P
26/11/2023;0,83;P
27/11/2023;0,88;P
28/11/2023;0,66;P
29/11/2023;0,77;P
30/11/2023;0,75;P
01/12/2023;0,84;P
02/12/2023;1,18;P
03/12/2023;1,36;P
04/12/2023;1,26;P
05/12/2023;1,36;P
06/12/2023;1,47;P
07/12/2023;1,36;P
08/12/2023;1,20;P
09/12/2023;1,10;P
10/12/2023;1,04;P
11/12/2023;1,10;P
12/12/2023;1,14;P
13/12/2023;1,13;P
14/12/2023;1,28;P
15/12/2023;1,37;P
16/12/2023;1,19;P
17/12/2023;1,18;P
18/12/2023;1,16;P
19/12/2023;1,02;P
20/12/2023;0,88;P
21/12/2023;0,84;P
22/12/2023;0,70;P
23/12/2023;0,75;P
24/12/2023;0,75;P
25/12/2023;0,75;P
26/12/2023;0,76;P
27/12/2023;0,83;P
28/12/2023;0,87;P
29/12/2023;0,81;P
30/12/2023;0,76;P
31/12/2023;0,70;P
01/01/2024;0,74;P
02/01/2024;0,80;P
03/01/2024;0,74;P
04/01/2024;0,75;P
05/01/2024;0,78;P
06/01/2024;1,00;P
07/01/2024;1,27;P
08/01/2024;1,31;P
09/01/2024;1,25;P
10/01/2024;1,17;P
11/01/2024;1,06;P
12/01/2024;1,12;P
13/01/2024;1,10;P
14/01/2024;0,88;P
15/01/2024;0,75;P
16/01/2024;0,79;P
17/01/2024;0,78;P
18/01/2024;0,80;P
19/01/2024;0,89;P
20/01/2024;1,09;P
21/01/2024;1,09;P
22/01/2024;1,02;P
23/01/2024;0,95;P
24/01/2024;0,94;P
25/01/2024;0,89;P
26/01/2024;0,87;P
27/01/2024;0,87;P
28/01/2024;0,90;P
29/01/2024;0,89;P
30/01/2024;0,90;P
31/01/2024;0,89;P
01/02/2024;0,82;P
02/02/2024;0,83;P
03/02/2024;0,80;P
04/02/2024;0,74;P
05/02/2024;0,72;P
06/02/2024;0,70;P
07/02/2024;0,66;P
08/02/2024;0,61;P
09/02/2024;0,59;P
10/02/2024;0,59;P
11/02/2024;1,63;P
12/02/2024;1,37;P
13/02/2024;1,27;P
14/02/2024;1,14;P
15/02/2024;1,06;P
16/02/2024;0,97;P
17/02/2024;0,95;P
18/02/2024;0,95;P
19/02/2024;0,87;P
20/02/2024;0,89;P
21/02/2024;0,93;P
22/02/2024;0,81;P
23/02/2024;0,72;P
24/02/2024;1,06;P
25/02/2024;1,09;P
26/02/2024;1,09;P
27/02/2024;1,77;P
28/02/2024;2,06;P
29/02/2024;1,51;P
01/03/2024;1,38;P
02/03/2024;1,99;P
03/03/2024;1,71;P
04/03/2024;1,56;P
05/03/2024;1,44;P
06/03/2024;1,34;P
07/03/2024;1,32;P
08/03/2024;1,21;P
09/03/2024;1,07;P
10/03/2024;1,09;P
11/03/2024;1,39;P
12/03/2024;1,44;P
13/03/2024;1,39;P
14/03/2024;1,25;P
15/03/2024;1,23;P
16/03/2024;1,15;P
17/03/2024;1,14;P
18/03/2024;1,08;P
19/03/2024;1,02;P
20/03/2024;1,00;P
21/03/2024;0,99;P
22/03/2024;0,93;P
23/03/2024;0,94;P
24/03/2024;0,88;P
25/03/2024;0,86;P
26/03/2024;0,88;P
27/03/2024;1,39;P
28/03/2024;1,84;P
29/03/2024;1,66;P
30/03/2024;1,32;P
31/03/2024;1,21;P
01/04/2024;1,18;P
02/04/2024;1,25;P
03/04/2024;1,26;P
04/04/2024;1,16;P
05/04/2024;1,08;P
06/04/2024;1,10;P
07/04/2024;0,93;P
08/04/2024;0,86;P
09/04/2024;0,82;P
10/04/2024;0,96;P
11/04/2024;1,02;P
12/04/2024;0,95;P
13/04/2024;0,88;P
14/04/2024;0,82;P
15/04/2024;0,82;P
16/04/2024;0,77;P
17/04/2024;0,86;P
18/04/2024;0,85;P
19/04/2024;0,85;P
20/04/2024;0,90;P
21/04/2024;0,85;P
22/04/2024;0,92;P
23/04/2024;1,08;P
24/04/2024;1,04;P
25/04/2024;1,03;P
26/04/2024;1,01;P
27/04/2024;0,97;P
28/04/2024;0,92;P
29/04/2024;0,88;P
30/04/2024;0,87;P
01/05/2024;0,86;P
02/05/2024;1,12;P
03/05/2024;1,22;P
04/05/2024;1,23;P
05/05/2024;1,05;P
06/05/2024;0,97;P
07/05/2024;0,91;P
08/05/2024;0,97;P
09/05/2024;0,93;P
10/05/2024;0,90;P
11/05/2024;0,87;P
12/05/2024;0,84;P
13/05/2024;0,80;P
14/05/2024;0,78;P
15/05/2024;0,79;P
16/05/2024;0,79;P
17/05/2024;0,92;P
18/05/2024;0,79;P
19/05/2024;0,73;P
20/05/2024;0,76;P
21/05/2024;0,98;P
22/05/2024;0,92;P
23/05/2024;0,80;P
24/05/2024;0,77;P
25/05/2024;0,74;P
26/05/2024;0,79;P
27/05/2024;0,73;P
28/05/2024;0,71;P
29/05/2024;0,72;P
30/05/2024;0,72;P
31/05/2024;0,79;P
01/06/2024;0,77;P
02/06/2024;0,75;P
03/06/2024;0,78;P
04/06/2024;0,78;P
05/06/2024;0,73;P
06/06/2024;0,73;P
07/06/2024;0,68;P
08/06/2024;0,67;P
09/06/2024;0,72;P
10/06/2024;0,75;P
11/06/2024;0,76;P
12/06/2024;0,76;P
13/06/2024;0,73;P
14/06/2024;0,69;P
15/06/2024;0,67;P
16/06/2024;0,64;P
17/06/2024;0,68;P
18/06/2024;0,68;P
19/06/2024;0,64;P
20/06/2024;0,69;P
21/06/2024;0,66;P
22/06/2024;0,67;P
23/06/2024;0,76;P
24/06/2024;0,86;P
25/06/2024;1,07;P
26/06/2024;0,85;P
27/06/2024;0,78;P
28/06/2024;0,74;P
29/06/2024;0,69;P
30/06/2024;0,65;P
01/07/2024;0,64;P
02/07/2024;0,67;P
03/07/2024;0,68;P
04/07/2024;0,71;P
05/07/2024;0,66;P
06/07/2024;0,63;P
07/07/2024;0,68;P
08/07/2024;0,68;P
09/07/2024;0,68;P
10/07/2024;0,70;P
11/07/2024;0,68;P
12/07/2024;0,67;P
13/07/2024;0,70;P
14/07/2024;0,66;P
15/07/2024;0,68;P
16/07/2024;0,65;P
17/07/2024;0,69;P
18/07/2024;0,64;P
19/07/2024;0,65;P
20/07/2024;0,63;P
21/07/2024;0,66;P
22/07/2024;0,71;P
23/07/2024;0,68;P
24/07/2024;0,64;P
25/07/2024;0,65;P
26/07/2024;0,63;P
27/07/2024;0,68;P
28/07/2024;0,64;P
29/07/2024;0,65;P
30/07/2024;0,65;P
31/07/2024;0,66;P
01/08/2024;0,66;P
02/08/2024;0,66;P
03/08/2024;0,68;P
04/08/2024;0,62;P
05/08/2024;0,65;P
06/08/2024;0,66;P
07/08/2024;0,68;P
08/08/2024;0,64;P
09/08/2024;0,63;P
10/08/2024;0,66;P
11/08/2024;0,66;P
12/08/2024;0,64;P
13/08/2024;0,64;P
14/08/2024;0,67;P
15/08/2024;0,71;P
16/08/2024;0,66;P
17/08/2024;0,71;P
18/08/2024;0,67;P
19/08/2024;0,67;P
20/08/2024;0,60;P
21/08/2024;0,59;P
22/08/2024;0,63;P
23/08/2024;0,63;P
24/08/2024;0,63;P
25/08/2024;0,63;P
26/08/2024;0,62;P
27/08/2024;0,64;P
28/08/2024;0,55;P
29/08/2024;0,61;P
30/08/2024;0,61;P
31/08/2024;0,59;P
01/09/2024;0,59;P
02/09/2024;0,59;P
03/09/2024;0,59;P
04/09/2024;0,59;P
05/09/2024;0,63;P
06/09/2024;0,66;P
07/09/2024;0,61;P
08/09/2024;0,64;P
09/09/2024;0,77;P
10/09/2024;0,65;P
11/09/2024;0,62;P
12/09/2024;0,64;P
13/09/2024;0,73;P
14/09/2024;0,73;P
15/09/2024;0,71;P
16/09/2024;0,69;P
17/09/2024;0,69;P
18/09/2024;0,71;P
19/09/2024;0,78;P
20/09/2024;0,75;P
21/09/2024;0,71;P
22/09/2024;0,70;P
23/09/2024;0,64;P
24/09/2024;0,75;P
25/09/2024;0,73;P
26/09/2024;0,72;P
27/09/2024;0,67;P
28/09/2024;0,66;P
29/09/2024;0,63;P
30/09/2024;0,63;P
01/10/2024;0,64;P
02/10/2024;0,65;P
03/10/2024;0,88;P
04/10/2024;1,21;P
05/10/2024;0,94;P
06/10/2024;0,88;P
07/10/2024;0,85;P
08/10/2024;0,86;P
09/10/2024;1,07;P
10/10/2024;0,90;P
11/10/2024;1,31;P
12/10/2024;1,08;P
13/10/2024;0,94;P
14/10/2024;0,86;P
15/10/2024;0,76;P
16/10/2024;0,74;P
17/10/2024;0,75;P
18/10/2024;1,49;P
19/10/2024;1,27;P
20/10/2024;1,05;P
21/10/2024;0,93;P
22/10/2024;0,92;P
23/10/2024;0,96;P
24/10/2024;1,08;P
25/10/2024;1,30;P
26/10/2024;1,18;P
27/10/2024;1,03;P
28/10/2024;0,93;P
29/10/2024;0,92;P
30/10/2024;0,87;P
31/10/2024;0,85;P
01/11/2024;0,85;P
02/11/2024;0,80;P
03/11/2024;0,77;P
04/11/2024;0,76;P
05/11/2024;0,73;P
06/11/2024;0,73;P
07/11/2024;0,71;P
08/11/2024;0,70;P
09/11/2024;0,71;P
10/11/2024;0,72;P
11/11/2024;0,71;P
12/11/2024;0,72;P
13/11/2024;0,68;P
14/11/2024;0,70;P
15/11/2024;0,66;P
16/11/2024;0,65;P
17/11/2024;0,63;P
18/11/2024;0,69;P
19/11/2024;0,70;P
20/11/2024;0,84;P
21/11/2024;1,02;P
22/11/2024;1,28;P
23/11/2024;1,10;P
24/11/2024;0,96;P
25/11/2024;0,90;P
26/11/2024;0,88;P
27/11/2024;0,82;P
28/11/2024;0,83;P
29/11/2024;0,83;P
30/11/2024;0,81;P
01/12/2024;0,76;P
02/12/2024;0,76;P
03/12/2024;0,83;P
04/12/2024;0,73;P
05/12/2024;0,70;P
06/12/2024;0,68;P
07/12/2024;0,72;P
08/12/2024;0,98;P
09/12/2024;1,11;P
10/12/2024;1,09;P
11/12/2024;1,05;P
12/12/2024;0,99;P
13/12/2024;0,92;P
14/12/2024;1,02;P
15/12/2024;0,96;P
16/12/2024;1,00;P
17/12/2024;1,00;P
18/12/2024;0,98;P
19/12/2024;0,94;P
20/12/2024;1,07;P
21/12/2024;1,16;P
22/12/2024;1,08;P
23/12/2024;1,70;P
24/12/2024;1,28;P
25/12/2024;1,15;P
26/12/2024;1,04;P
27/12/2024;1,01;P
28/12/2024;0,92;P
29/12/2024;0,88;P
30/12/2024;0,93;P
31/12/2024;0,96;P
01/01/2025;0,88;P
02/01/2025;0,96;P
03/01/2025;0,99;P
04/01/2025;1,06;P
05/01/2025;1,02;P
06/01/2025;1,05;P
07/01/2025;1,00;P
08/01/2025;1,03;P
09/01/2025;1,00;P
10/01/2025;1,05;P
11/01/2025;1,01;P
12/01/2025;1,00;P
13/01/2025;0,97;P
14/01/2025;0,93;P
15/01/2025;0,89;P
16/01/2025;0,92;P
17/01/2025;0,88;P
18/01/2025;0,91;P
19/01/2025;0,92;P
20/01/2025;0,91;P
21/01/2025;0,93;P
22/01/2025;0,78;P
23/01/2025;0,80;P
24/01/2025;1,03;P
25/01/2025;1,04;P
26/01/2025;1,04;P
27/01/2025;1,05;P
28/01/2025;1,45;P
29/01/2025;1,28;P
30/01/2025;1,16;P
31/01/2025;1,17;P
01/02/2025;1,45;P
02/02/2025;1,22;P
03/02/2025;1,14;P
04/02/2025;1,12;P
05/02/2025;1,05;P
06/02/2025;1,02;P
07/02/2025;1,02;P
08/02/2025;0,99;P
09/02/2025;1,02;P
10/02/2025;1,10;P
11/02/2025;0,99;P
12/02/2025;1,02;P
13/02/2025;1,05;P
14/02/2025;2,06;P
15/02/2025;1,87;P
16/02/2025;1,47;P
17/02/2025;1,29;P
18/02/2025;1,17;P
19/02/2025;1,17;P
20/02/2025;1,09;P
21/02/2025;1,05;P
22/02/2025;1,02;P
23/02/2025;0,93;P
24/02/2025;1,05;P
25/02/2025;1,21;P
26/02/2025;1,63;P
27/02/2025;1,69;P
28/02/2025;1,40;P
01/03/2025;1,29;P
02/03/2025;1,31;P
03/03/2025;1,19;P
04/03/2025;1,07;P
05/03/2025;1,08;P
06/03/2025;1,05;P
07/03/2025;0,86;P
08/03/2025;0,97;P
09/03/2025;0,94;P
10/03/2025;0,97;P
11/03/2025;1,14;P
12/03/2025;1,20;P
13/03/2025;2,47;P
14/03/2025;3,51;P
15/03/2025;3,28;P
16/03/2025;2,22;P
17/03/2025;1,69;P
18/03/2025;1,44;P
19/03/2025;1,34;P
20/03/2025;1,37;P
21/03/2025;1,29;P
22/03/2025;1,17;P
23/03/2025;1,16;P
24/03/2025;1,11;P
25/03/2025;1,07;P
26/03/2025;1,04;P
27/03/2025;1,04;P
28/03/2025;1,04;P
29/03/2025;1,06;P
30/03/2025;1,08;P
31/03/2025;1,07;P
01/04/2025;1,02;P
02/04/2025;1,02;P
03/04/2025;0,97;P
04/04/2025;0,93;P
05/04/2025;0,93;P
06/04/2025;0,95;P
07/04/2025;0,93;P
08/04/2025;0,91;P
09/04/2025;0,88;P
10/04/2025;0,86;P
11/04/2025;0,86;P
12/04/2025;0,85;P
13/04/2025;0,91;P
14/04/2025;1,07;P
15/04/2025;2,19;P
16/04/2025;2,01;P
17/04/2025;1,56;P
18/04/2025;1,62;P
19/04/2025;1,42;P
20/04/2025;1,29;P
21/04/2025;1,19;P
22/04/2025;1,11;P
23/04/2025;1,09;P
24/04/2025;1,10;P
25/04/2025;1,07;P
26/04/2025;0,96;P
27/04/2025;1,01;P
28/04/2025;1,00;P
29/04/2025;0,91;P
30/04/2025;0,89;P
01/05/2025;0,90;P
02/05/2025;0,89;P
03/05/2025;0,87;P
04/05/2025;0,87;P
05/05/2025;1,09;P
06/05/2025;1,88;P
07/05/2025;1,35;P
08/05/2025;1,09;P
09/05/2025;1,07;P
10/05/2025;0,96;P
11/05/2025;0,93;P
12/05/2025;0,91;P
13/05/2025;1,10;P
14/05/2025;0,89;P
15/05/2025;0,91;P
16/05/2025;1,01;P
17/05/2025;1,01;P
18/05/2025;0,96;P
19/05/2025;0,99;P
20/05/2025;0,90;P
21/05/2025;0,91;P
22/05/2025;0,95;P
23/05/2025;1,18;P
24/05/2025;1,06;P
25/05/2025;0,96;P
26/05/2025;0,97;P
27/05/2025;0,89;P
28/05/2025;0,87;P
29/05/2025;0,81;P
30/05/2025;0,82;P
31/05/2025;0,80;P
01/06/2025;0,82;P
02/06/2025;0,78;P
03/06/2025;0,81;P
04/06/2025;0,81;P
05/06/2025;0,81;P
06/06/2025;0,81;P
07/06/2025;0,74;P
08/06/2025;0,78;P
09/06/2025;0,75;P
10/06/2025;0,80;P
11/06/2025;0,73;P
12/06/2025;0,71;P
13/06/2025;0,72;P
14/06/2025;0,78;P
15/06/2025;0,71;P
16/06/2025;0,76;P
17/06/2025;0,77;P
18/06/2025;0,74;P
19/06/2025;0,73;P
20/06/2025;0,72;P
21/06/2025;0,71;P
22/06/2025;0,75;P
23/06/2025;0,73;P
24/06/2025;0,72;P
25/06/2025;0,72;P
26/06/2025;0,70;P
27/06/2025;0,70;P
28/06/2025;0,70;P
29/06/2025;0,70;P
30/06/2025;0,70;P
01/07/2025;0,69;P
02/07/2025;0,74;P
03/07/2025;0,76;P
04/07/2025;0,71;P
05/07/2025;0,70;P
06/07/2025;0,75;P
07/07/2025;0,76;P
08/07/2025;0,68;P
09/07/2025;0,69;P
10/07/2025;0,68;P
11/07/2025;0,68;P
12/07/2025;0,69;P
13/07/2025;0,73;P
14/07/2025;0,70;P
15/07/2025;0,68;P
16/07/2025;0,67;P
17/07/2025;0,67;P
18/07/2025;0,68;P
19/07/2025;0,70;P
20/07/2025;0,69;P
21/07/2025;0,69;P
22/07/2025;0,70;P
23/07/2025;0,69;P
24/07/2025;0,70;P
25/07/2025;0,70;P
26/07/2025;0,70;P
27/07/2025;0,72;P
28/07/2025;0,73;P
29/07/2025;0,72;P
30/07/2025;0,67;P
31/07/2025;0,66;P
01/08/2025;0,65;P
02/08/2025;0,67;P
03/08/2025;0,70;P
04/08/2025;0,70;P
05/08/2025;0,69;P
06/08/2025;0,67;P
07/08/2025;0,66;P
08/08/2025;0,67;P
09/08/2025;0,66;P
10/08/2025;0,66;P
11/08/2025;0,67;P
12/08/2025;0,67;P
13/08/2025;0,66;P
14/08/2025;0,67;P
15/08/2025;0,68;P
16/08/2025;0,66;P
17/08/2025;0,66;P
18/08/2025;0,63;P
19/08/2025;0,68;P
20/08/2025;0,93;P
21/08/2025;0,79;P
22/08/2025;0,69;P
23/08/2025;0,70;P
24/08/2025;0,70;P
25/08/2025;0,67;P
26/08/2025;0,66;P
27/08/2025;0,66;P
28/08/2025;0,67;P
29/08/2025;0,71;P
30/08/2025;0,77;P
31/08/2025;0,75;P
01/09/2025;0,67;P
02/09/2025;0,76;P
03/09/2025;0,70;P
04/09/2025;0,66;P
05/09/2025;0,66;P
06/09/2025;0,67;P
07/09/2025;0,67;P
08/09/2025;0,66;P
09/09/2025;0,66;P
10/09/2025;0,77;P
11/09/2025;0,89;P
12/09/2025;0,73;P
13/09/2025;0,69;P
14/09/2025;0,69;P
15/09/2025;0,66;P
16/09/2025;0,66;P
17/09/2025;0,66;P
18/09/2025;0,67;P
19/09/2025;0,67;P
20/09/2025;0,66;P
21/09/2025;0,66;P
22/09/2025;0,74;P
23/09/2025;0,88;P
24/09/2025;0,77;P
25/09/2025;0,82;P
26/09/2025;0,77;P
27/09/2025;0,72;P
28/09/2025;0,71;P
29/09/2025;0,72;P
30/09/2025;0,67;P
01/10/2025;0,69;P
02/10/2025;0,71;P
03/10/2025;0,68;P
04/10/2025;0,66;P
05/10/2025;0,68;P
06/10/2025;0,66;P
07/10/2025;0,68;P
08/10/2025;0,66;P
09/10/2025;0,67;P
10/10/2025;0,68;P
11/10/2025;0,68;P
12/10/2025;0,67;P
13/10/2025;0,67;P
14/10/2025;0,67;P
15/10/2025;0,67;P
16/10/2025;0,67;P
17/10/2025;0,67;P
18/10/2025;0,67;P
19/10/2025;0,67;P
20/10/2025;0,65;P
21/10/2025;0,64;P
22/10/2025;0,74;P
23/10/2025;0,90;P
24/10/2025;1,07;P
25/10/2025;0,87;P
26/10/2025;0,83;P
27/10/2025;0,79;P
28/10/2025;0,72;P
29/10/2025;0,70;P
30/10/2025;0,70;P
31/10/2025;1,16;P
01/11/2025;1,05;P
02/11/2025;0,98;P
03/11/2025;0,89;P
04/11/2025;0,82;P
05/11/2025;0,80;P
06/11/2025;0,71;P
07/11/2025;0,73;P
08/11/2025;0,71;P
09/11/2025;0,72;P
10/11/2025;0,50;P
11/11/2025;0,60;P
12/11/2025;0,75;P
13/11/2025;0,72;P
14/11/2025;0,68;P
15/11/2025;0,65;P
16/11/2025;0,62;P
17/11/2025;0,77;P
18/11/2025;1,00;P
19/11/2025;0,93;P
20/11/2025;0,91;P
21/11/2025;0,99;P
22/11/2025;1,16;P
23/11/2025;0,98;P
24/11/2025;0,94;P
25/11/2025;1,81;P
26/11/2025;1,41;P
27/11/2025;1,25;P
28/11/2025;1,11;P
29/11/2025;1,04;P
30/11/2025;0,95;P
01/12/2025;0,92;P
02/12/2025;0,88;P
03/12/2025;0,77;P
04/12/2025;0,82;P
05/12/2025;0,81;P
06/12/2025;0,78;P
07/12/2025;0,77;P
08/12/2025;0,81;P
09/12/2025;0,76;P
10/12/2025;0,70;P
11/12/2025;0,71;P
12/12/2025;0,71;P
13/12/2025;0,72;P
14/12/2025;0,71;P
15/12/2025;0,71;P
16/12/2025;0,71;P
17/12/2025;0,76;P
18/12/2025;0,81;P
19/12/2025;0,78;P
20/12/2025;0,73;P
21/12/2025;0,66;P
22/12/2025;0,65;P
23/12/2025;0,69;P
24/12/2025;0,82;P
25/12/2025;1,13;P
26/12/2025;1,22;P
27/12/2025;1,13;P
28/12/2025;1,01;P
29/12/2025;0,96;P
30/12/2025;0,90;P
31/12/2025;0,90;P
01/01/2026;0,90;P
02/01/2026;0,82;P
03/01/2026;0,78;P
04/01/2026;0,78;P
05/01/2026;0,83;P
06/01/2026;0,95;P
07/01/2026;1,12;P
08/01/2026;1,07;P
09/01/2026;1,09;P
10/01/2026;1,31;P
11/01/2026;1,29;P
12/01/2026;1,27;P
13/01/2026;1,17;P
14/01/2026;1,13;P
15/01/2026;1,01;P
16/01/2026;1,01;P
17/01/2026;1,02;P
18/01/2026;1,01;P
19/01/2026;1,00;P
20/01/2026;0,92;P
21/01/2026;0,84;P
22/01/2026;0,87;P
23/01/2026;0,75;P
24/01/2026;0,99;P
25/01/2026;1,30;P
26/01/2026;1,41;P
27/01/2026;1,28;P
28/01/2026;1,50;P
29/01/2026;1,84;P
30/01/2026;1,41;P
31/01/2026;1,29;P
01/02/2026;1,29;P
02/02/2026;1,23;P
03/02/2026;1,24;P
04/02/2026;1,64;P
05/02/2026;1,77;P
06/02/2026;1,64;P
07/02/2026;1,68;P
08/02/2026;1,74;P
09/02/2026;1,47;P
10/02/2026;1,31;P
11/02/2026;1,29;P
12/02/2026;1,37;P
13/02/2026;1,37;P
14/02/2026;1,28;P
15/02/2026;1,37;P
16/02/2026;1,37;P
17/02/2026;1,42;P
18/02/2026;1,41;P
19/02/2026;1,30;P
20/02/2026;1,36;P
21/02/2026;1,34;P
22/02/2026;1,30;P
23/02/2026;1,19;P
24/02/2026;1,16;P
25/02/2026;1,16;P
26/02/2026;1,13;P
27/02/2026;1,09;P
28/02/2026;1,06;P
01/03/2026;1,04;P
02/03/2026;0,95;P
03/03/2026;0,95;P
04/03/2026;1,02;P
05/03/2026;0,92;P
06/03/2026;0,89;P
07/03/2026;0,88;P
08/03/2026;0,85;P
09/03/2026;0,80;P
10/03/2026;0,78;P
11/03/2026;0,80;P
12/03/2026;1,11;P
13/03/2026;1,07;P
14/03/2026;0,87;P
15/03/2026;0,83;P
16/03/2026;0,90;P
17/03/2026;0,86;P
18/03/2026;0,89;P
19/03/2026;0,91;P
20/03/2026;0,89;P
21/03/2026;0,85;P
22/03/2026;0,83;P
23/03/2026;0,84;P
24/03/2026;0,84;P
25/03/2026;0,77;P
26/03/2026;0,88;P
27/03/2026;1,17;P
28/03/2026;1,14;P
29/03/2026;1,04;P
30/03/2026;1,14;P
31/03/2026;1,06;P
01/04/2026;1,06;P
02/04/2026;0,99;P
03/04/2026;1,02;P
04/04/2026;1,00;P
05/04/2026;0,98;P
06/04/2026;0,96;P
07/04/2026;0,93;P
08/04/2026;0,86;P
09/04/2026;0,81;P
10/04/2026;0,77;P
11/04/2026;0,72;P
12/04/2026;0,69;P
13/04/2026;0,70;P
14/04/2026;0,85;P
15/04/2026;0,89;P
16/04/2026;0,89;P
17/04/2026;0,86;P
18/04/2026;0,84;P
19/04/2026;0,81;P
20/04/2026;0,77;P
21/04/2026;0,77;P
22/04/2026;0,83;P
23/04/2026;0,87;P
24/04/2026;0,83;P
25/04/2026;0,78;P
26/04/2026;0,74;P
27/04/2026;0,73;P
28/04/2026;0,77;P
29/04/2026;0,73;P
30/04/2026;0,72;P
01/05/2026;0,79;P
02/05/2026;0,78;P
03/05/2026;0,73;P
04/05/2026;0,72;P
05/05/2026;0,90;P
06/05/2026;1,41;P
07/05/2026;1,37;P
08/05/2026;1,17;P
09/05/2026;1,05;P
10/05/2026;1,01;P
11/05/2026;0,97;P
12/05/2026;0,94;P
13/05/2026;0,97;P
14/05/2026;0,96;P
15/05/2026;0,99;P
16/05/2026;1,19;P
17/05/2026;1,16;P
18/05/2026;1,03;P
19/05/2026;0,96;P
20/05/2026;1,02;P
21/05/2026;0,79;P
22/05/2026;0,82;P
23/05/2026;0,74;P
24/05/2026;0,70;P
25/05/2026;0,73;P
26/05/2026;0,70;P
27/05/2026;0,66;P
28/05/2026;0,67;P
29/05/2026;0,76;P
30/05/2026;0,74;P
31/05/2026;0,70;P
01/06/2026;0,70;P
02/06/2026;0,74;P
03/06/2026;0,92;P
04/06/2026;0,85;P
05/06/2026;0,83;P
06/06/2026;0,83;P
07/06/2026;0,85;P
08/06/2026;0,79;P
09/06/2026;0,72;P
10/06/2026;0,73;P
11/06/2026;0,76;P
