"Stazione";"Nave di Rosano"
"Codice";"TOS01004659"
"Comune";"Rignano sull'Arno"
"Provincia";"FI"
"GB [m]";"E";1695024;"N";4849330
"WGS84 [°]";"Lat";43.771;"Lon";11.423
"Quota [m]";78,84

;;;ATTENZIONE i dati sono nel fomato csv ed utilizzano
;;;come separatore di colonna il "punto e virgola" e
;;;come separatore decimale la "virgola"
;;;verificare le proprie impostazioni internazionali per una corretta visulizzazione.
;;;Il valore contrassegnato con N corrisponde al dato non validato
;;;Il valore contrassegnato con R corrisponde al dato ricostruito
;;;Il valore contrassegnato con I corrisponde al dato incerto
;;;Il valore contrassegnato con @ corrisponde al dato mancante
;;;Il valore contrassegnato con V corrisponde al dato validato
;;;Il valore contrassegnato con P corrisponde al dato prevalidato soggetto ad eventuali modifiche
;;;(consultare la sezione Criteri di validazione)

"gg/mm/aaaa";"Livello [m]";"Tipo Dato"
01/01/1998;0,06;V
02/01/1998;0,19;V
03/01/1998;0,38;V
04/01/1998;0,06;V
05/01/1998;0,11;V
06/01/1998;0,00;V
07/01/1998;0,00;V
08/01/1998;0,06;V
09/01/1998;0,06;V
10/01/1998;-0,16;V
11/01/1998;-0,34;V
12/01/1998;-0,20;V
13/01/1998;-0,12;V
14/01/1998;-0,08;V
15/01/1998;0,01;V
16/01/1998;0,04;V
17/01/1998;0,04;V
18/01/1998;-0,16;V
19/01/1998;0,34;V
20/01/1998;1,52;V
21/01/1998;1,05;V
22/01/1998;0,54;V
23/01/1998;0,52;V
24/01/1998;-0,05;V
25/01/1998;-0,11;V
26/01/1998;0,00;V
27/01/1998;-0,02;V
28/01/1998;-0,01;V
29/01/1998;-0,05;V
30/01/1998;-0,11;V
31/01/1998;-0,24;V
01/02/1998;-0,35;V
02/02/1998;-0,29;V
03/02/1998;-0,13;V
04/02/1998;0,21;V
05/02/1998;0,34;V
06/02/1998;0,17;V
07/02/1998;0,11;V
08/02/1998;-0,16;V
09/02/1998;-0,11;V
10/02/1998;-0,05;V
11/02/1998;-0,10;V
12/02/1998;-0,10;V
13/02/1998;-0,16;V
14/02/1998;-0,33;V
15/02/1998;-0,42;V
16/02/1998;-0,29;V
17/02/1998;-0,18;V
18/02/1998;-0,27;V
19/02/1998;-0,24;V
20/02/1998;-0,31;V
21/02/1998;-0,45;V
22/02/1998;-0,46;V
23/02/1998;0,02;V
24/02/1998;0,65;V
25/02/1998;0,44;V
26/02/1998;0,35;V
27/02/1998;0,07;V
28/02/1998;-0,26;V
01/03/1998;-0,36;V
02/03/1998;-0,23;V
03/03/1998;-0,10;V
04/03/1998;-0,10;V
05/03/1998;-0,12;V
06/03/1998;-0,20;V
07/03/1998;-0,30;V
08/03/1998;-0,43;V
09/03/1998;-0,29;V
10/03/1998;-0,18;V
11/03/1998;-0,17;V
12/03/1998;-0,10;V
13/03/1998;0,61;V
14/03/1998;0,38;V
15/03/1998;-0,12;V
16/03/1998;0,10;V
17/03/1998;0,02;V
18/03/1998;-0,07;V
19/03/1998;0,02;V
20/03/1998;-0,02;V
21/03/1998;-0,27;V
22/03/1998;-0,44;V
23/03/1998;-0,27;V
24/03/1998;-0,01;V
25/03/1998;0,07;V
26/03/1998;0,15;V
27/03/1998;-0,06;V
28/03/1998;-0,20;V
29/03/1998;-0,32;V
30/03/1998;-0,15;V
31/03/1998;-0,11;V
01/04/1998;-0,08;V
02/04/1998;0,04;V
03/04/1998;0,03;V
04/04/1998;-0,29;V
05/04/1998;-0,38;V
06/04/1998;0,23;V
07/04/1998;0,26;V
08/04/1998;0,09;V
09/04/1998;0,09;V
10/04/1998;0,24;V
11/04/1998;0,88;V
12/04/1998;1,68;V
13/04/1998;1,47;V
14/04/1998;1,00;V
15/04/1998;0,82;V
16/04/1998;1,56;V
17/04/1998;1,70;V
18/04/1998;1,33;V
19/04/1998;1,04;V
20/04/1998;0,70;V
21/04/1998;0,33;V
22/04/1998;0,27;V
23/04/1998;0,27;V
24/04/1998;0,38;V
25/04/1998;-0,10;V
26/04/1998;-0,22;V
27/04/1998;-0,02;V
28/04/1998;0,29;V
29/04/1998;0,70;V
30/04/1998;0,69;V
01/05/1998;0,69;V
02/05/1998;0,91;V
03/05/1998;0,76;V
04/05/1998;0,42;V
05/05/1998;0,50;V
06/05/1998;0,34;V
07/05/1998;0,40;V
08/05/1998;0,04;V
09/05/1998;-0,13;V
10/05/1998;-0,28;V
11/05/1998;-0,16;V
12/05/1998;-0,07;V
13/05/1998;-0,08;V
14/05/1998;-0,08;V
15/05/1998;-0,26;V
16/05/1998;-0,40;V
17/05/1998;-0,42;V
18/05/1998;-0,42;V
19/05/1998;-0,36;V
20/05/1998;-0,33;V
21/05/1998;-0,35;V
22/05/1998;-0,33;V
23/05/1998;-0,34;V
24/05/1998;-0,40;V
25/05/1998;-0,33;V
26/05/1998;-0,06;V
27/05/1998;-0,28;V
28/05/1998;-0,22;V
29/05/1998;0,05;V
30/05/1998;-0,11;V
31/05/1998;-0,27;V
01/06/1998;-0,19;V
02/06/1998;-0,29;V
03/06/1998;-0,28;V
04/06/1998;-0,31;V
05/06/1998;-0,39;V
06/06/1998;-0,45;V
07/06/1998;-0,50;V
08/06/1998;-0,43;V
09/06/1998;-0,38;V
10/06/1998;-0,42;V
11/06/1998;-0,21;V
12/06/1998;-0,09;V
13/06/1998;-0,10;V
14/06/1998;-0,28;V
15/06/1998;-0,37;V
16/06/1998;-0,33;V
17/06/1998;-0,41;V
18/06/1998;-0,43;V
19/06/1998;-0,40;V
20/06/1998;-0,45;V
21/06/1998;-0,53;V
22/06/1998;-0,55;V
23/06/1998;-0,53;V
24/06/1998;-0,52;V
25/06/1998;-0,55;V
26/06/1998;-0,56;V
27/06/1998;-0,50;V
28/06/1998;-0,60;V
29/06/1998;-0,61;V
30/06/1998;-0,56;V
01/07/1998;-0,55;V
02/07/1998;-0,57;V
03/07/1998;-0,58;V
04/07/1998;-0,60;V
05/07/1998;-0,62;V
06/07/1998;-0,63;V
07/07/1998;-0,60;V
08/07/1998;-0,60;V
09/07/1998;-0,62;V
10/07/1998;-0,63;V
11/07/1998;-0,63;V
12/07/1998;-0,63;V
13/07/1998;-0,62;V
14/07/1998;-0,58;V
15/07/1998;-0,56;V
16/07/1998;-0,61;V
17/07/1998;-0,63;V
18/07/1998;-0,63;V
19/07/1998;-0,63;V
20/07/1998;-0,65;V
21/07/1998;-0,64;V
22/07/1998;-0,65;V
23/07/1998;-0,66;V
24/07/1998;-0,65;V
25/07/1998;-0,65;V
26/07/1998;-0,65;V
27/07/1998;-0,64;V
28/07/1998;-0,64;V
29/07/1998;-0,64;V
30/07/1998;-0,65;V
31/07/1998;-0,63;V
01/08/1998;-0,63;V
02/08/1998;-0,64;V
03/08/1998;-0,64;V
04/08/1998;-0,66;V
05/08/1998;-0,66;V
06/08/1998;-0,68;V
07/08/1998;-0,68;V
08/08/1998;-0,68;V
09/08/1998;-0,68;V
10/08/1998;-0,67;V
11/08/1998;-0,69;V
12/08/1998;-0,70;V
13/08/1998;-0,70;V
14/08/1998;-0,68;V
15/08/1998;-0,69;V
16/08/1998;-0,70;V
17/08/1998;-0,71;V
18/08/1998;-0,70;V
19/08/1998;-0,70;V
20/08/1998;-0,70;V
21/08/1998;-0,69;V
22/08/1998;-0,70;V
23/08/1998;-0,71;V
24/08/1998;-0,71;V
25/08/1998;-0,71;V
26/08/1998;-0,72;V
27/08/1998;-0,71;V
28/08/1998;-0,70;V
29/08/1998;-0,73;V
30/08/1998;-0,73;V
31/08/1998;-0,72;V
01/09/1998;-0,72;V
02/09/1998;-0,71;V
03/09/1998;-0,67;V
04/09/1998;-0,68;V
05/09/1998;-0,65;V
06/09/1998;-0,63;V
07/09/1998;-0,67;V
08/09/1998;-0,68;V
09/09/1998;-0,70;V
10/09/1998;-0,70;V
11/09/1998;-0,69;V
12/09/1998;-0,64;V
13/09/1998;-0,62;V
14/09/1998;-0,64;V
15/09/1998;-0,67;V
16/09/1998;-0,69;V
17/09/1998;-0,69;V
18/09/1998;-0,70;V
19/09/1998;-0,71;V
20/09/1998;-0,72;V
21/09/1998;-0,71;V
22/09/1998;-0,71;V
23/09/1998;-0,71;V
24/09/1998;-0,68;V
25/09/1998;-0,61;V
26/09/1998;-0,58;V
27/09/1998;-0,20;V
28/09/1998;-0,32;V
29/09/1998;-0,51;V
30/09/1998;-0,56;V
01/10/1998;-0,30;V
02/10/1998;-0,16;V
03/10/1998;-0,42;V
04/10/1998;-0,33;V
05/10/1998;-0,16;V
06/10/1998;0,98;V
07/10/1998;0,51;V
08/10/1998;0,17;V
09/10/1998;0,02;V
10/10/1998;-0,17;V
11/10/1998;-0,45;V
12/10/1998;-0,48;V
13/10/1998;-0,44;V
14/10/1998;-0,41;V
15/10/1998;-0,44;V
16/10/1998;-0,45;V
17/10/1998;-0,52;V
18/10/1998;-0,10;V
19/10/1998;1,09;V
20/10/1998;1,55;V
21/10/1998;0,79;V
22/10/1998;0,02;V
23/10/1998;-0,19;V
24/10/1998;-0,34;V
25/10/1998;-0,40;V
26/10/1998;-0,13;V
27/10/1998;-0,08;V
28/10/1998;-0,10;V
29/10/1998;-0,31;V
30/10/1998;-0,28;V
31/10/1998;-0,39;V
01/11/1998;-0,50;V
02/11/1998;-0,44;V
03/11/1998;-0,45;V
04/11/1998;1,12;V
05/11/1998;1,34;V
06/11/1998;0,43;V
07/11/1998;0,07;V
08/11/1998;-0,16;V
09/11/1998;-0,27;V
10/11/1998;-0,18;V
11/11/1998;0,47;V
12/11/1998;0,31;V
13/11/1998;-0,04;V
14/11/1998;-0,12;V
15/11/1998;-0,11;V
16/11/1998;0,03;V
17/11/1998;-0,03;V
18/11/1998;-0,04;V
19/11/1998;-0,12;V
20/11/1998;-0,32;V
21/11/1998;-0,39;V
22/11/1998;-0,48;V
23/11/1998;-0,37;V
24/11/1998;-0,25;V
25/11/1998;-0,19;V
26/11/1998;-0,26;V
27/11/1998;-0,31;V
28/11/1998;-0,46;V
29/11/1998;-0,50;V
30/11/1998;-0,46;V
01/12/1998;-0,26;V
02/12/1998;-0,15;V
03/12/1998;-0,13;V
04/12/1998;-0,03;V
05/12/1998;0,09;V
06/12/1998;-0,10;V
07/12/1998;-0,17;V
08/12/1998;-0,04;V
09/12/1998;-0,30;V
10/12/1998;-0,14;V
11/12/1998;-0,17;V
12/12/1998;-0,35;V
13/12/1998;-0,49;V
14/12/1998;-0,42;V
15/12/1998;-0,27;V
16/12/1998;-0,32;V
17/12/1998;-0,25;V
18/12/1998;-0,24;V
19/12/1998;-0,20;V
20/12/1998;-0,46;V
21/12/1998;0,28;V
22/12/1998;0,70;V
23/12/1998;0,46;V
24/12/1998;0,13;V
25/12/1998;-0,23;V
26/12/1998;-0,41;V
27/12/1998;-0,43;V
28/12/1998;-0,40;V
29/12/1998;-0,12;V
30/12/1998;-0,08;V
31/12/1998;-0,16;V
01/01/1999;-0,35;V
02/01/1999;-0,44;V
03/01/1999;-0,45;V
04/01/1999;-0,47;V
05/01/1999;-0,30;V
06/01/1999;-0,38;V
07/01/1999;-0,41;V
08/01/1999;-0,28;V
09/01/1999;-0,35;V
10/01/1999;-0,41;V
11/01/1999;0,78;V
12/01/1999;1,20;V
13/01/1999;1,16;V
14/01/1999;0,91;V
15/01/1999;0,56;V
16/01/1999;0,19;V
17/01/1999;-0,05;V
18/01/1999;-0,01;V
19/01/1999;0,16;V
20/01/1999;0,09;V
21/01/1999;-0,05;V
22/01/1999;-0,19;V
23/01/1999;-0,32;V
24/01/1999;-0,35;V
25/01/1999;-0,29;V
26/01/1999;-0,11;V
27/01/1999;0,21;V
28/01/1999;0,37;V
29/01/1999;0,14;V
30/01/1999;-0,23;V
31/01/1999;-0,31;V
01/02/1999;-0,26;V
02/02/1999;-0,14;V
03/02/1999;-0,19;V
04/02/1999;-0,23;V
05/02/1999;-0,17;V
06/02/1999;-0,32;V
07/02/1999;-0,41;V
08/02/1999;-0,33;V
09/02/1999;-0,03;V
10/02/1999;2,39;V
11/02/1999;1,73;V
12/02/1999;0,98;V
13/02/1999;0,80;V
14/02/1999;-0,04;V
15/02/1999;0,14;V
16/02/1999;0,28;V
17/02/1999;0,21;V
18/02/1999;-0,01;V
19/02/1999;-0,08;V
20/02/1999;-0,03;V
21/02/1999;-0,17;V
22/02/1999;0,00;V
23/02/1999;0,88;V
24/02/1999;0,39;V
25/02/1999;0,41;V
26/02/1999;0,32;V
27/02/1999;0,06;V
28/02/1999;-0,18;V
01/03/1999;0,02;V
02/03/1999;0,08;V
03/03/1999;0,10;V
04/03/1999;0,12;V
05/03/1999;1,37;V
06/03/1999;1,58;V
07/03/1999;1,40;V
08/03/1999;1,06;V
09/03/1999;0,68;V
10/03/1999;0,60;V
11/03/1999;0,60;V
12/03/1999;0,52;V
13/03/1999;0,30;V
14/03/1999;-0,13;V
15/03/1999;0,10;V
16/03/1999;0,22;V
17/03/1999;0,15;V
18/03/1999;0,06;V
19/03/1999;-0,03;V
20/03/1999;-0,21;V
21/03/1999;-0,36;V
22/03/1999;-0,13;V
23/03/1999;0,15;V
24/03/1999;-0,09;V
25/03/1999;-0,15;V
26/03/1999;-0,12;V
27/03/1999;0,34;V
28/03/1999;0,68;V
29/03/1999;0,56;V
30/03/1999;0,35;V
31/03/1999;0,20;V
01/04/1999;0,09;V
02/04/1999;0,04;V
03/04/1999;-0,19;V
04/04/1999;-0,30;V
05/04/1999;-0,32;V
06/04/1999;-0,20;V
07/04/1999;-0,08;V
08/04/1999;0,26;V
09/04/1999;0,47;V
10/04/1999;0,39;V
11/04/1999;0,02;V
12/04/1999;0,24;V
13/04/1999;0,51;V
14/04/1999;0,50;V
15/04/1999;0,54;V
16/04/1999;0,78;V
17/04/1999;1,10;V
18/04/1999;0,79;V
19/04/1999;0,81;V
20/04/1999;1,03;V
21/04/1999;1,26;V
22/04/1999;0,88;V
23/04/1999;0,63;V
24/04/1999;0,67;V
25/04/1999;0,10;V
26/04/1999;0,29;V
27/04/1999;0,34;V
28/04/1999;0,26;V
29/04/1999;0,05;V
30/04/1999;0,09;V
01/05/1999;-0,17;V
02/05/1999;-0,26;V
03/05/1999;0,15;V
04/05/1999;0,14;V
05/05/1999;-0,06;V
06/05/1999;-0,07;V
07/05/1999;-0,05;V
08/05/1999;-0,22;V
09/05/1999;-0,28;V
10/05/1999;0,08;V
11/05/1999;-0,05;V
12/05/1999;-0,10;V
13/05/1999;-0,12;V
14/05/1999;-0,21;V
15/05/1999;-0,30;V
16/05/1999;-0,40;V
17/05/1999;-0,29;V
18/05/1999;-0,24;V
19/05/1999;-0,41;V
20/05/1999;-0,37;V
21/05/1999;0,30;V
22/05/1999;0,29;V
23/05/1999;-0,20;V
24/05/1999;-0,27;V
25/05/1999;-0,22;V
26/05/1999;-0,23;V
27/05/1999;-0,27;V
28/05/1999;-0,29;V
29/05/1999;-0,43;V
30/05/1999;-0,50;V
31/05/1999;-0,52;V
01/06/1999;-0,43;V
02/06/1999;-0,46;V
03/06/1999;-0,47;V
04/06/1999;-0,47;V
05/06/1999;-0,49;V
06/06/1999;-0,54;V
07/06/1999;-0,57;V
08/06/1999;-0,45;V
09/06/1999;-0,52;V
10/06/1999;-0,51;V
11/06/1999;-0,51;V
12/06/1999;-0,51;V
13/06/1999;-0,56;V
14/06/1999;-0,47;V
15/06/1999;-0,50;V
16/06/1999;-0,45;V
17/06/1999;-0,40;V
18/06/1999;-0,37;V
19/06/1999;-0,47;V
20/06/1999;0,15;V
21/06/1999;0,07;V
22/06/1999;-0,12;V
23/06/1999;-0,39;V
24/06/1999;-0,37;V
25/06/1999;-0,39;V
26/06/1999;-0,45;V
27/06/1999;-0,58;V
28/06/1999;-0,56;V
29/06/1999;-0,55;V
30/06/1999;-0,53;V
01/07/1999;-0,55;V
02/07/1999;-0,53;V
03/07/1999;-0,54;V
04/07/1999;-0,57;V
05/07/1999;-0,54;V
06/07/1999;-0,55;V
07/07/1999;-0,52;V
08/07/1999;-0,55;V
09/07/1999;-0,56;V
10/07/1999;-0,55;V
11/07/1999;-0,53;V
12/07/1999;-0,53;V
13/07/1999;-0,54;V
14/07/1999;-0,56;V
15/07/1999;-0,58;V
16/07/1999;-0,56;V
17/07/1999;-0,58;V
18/07/1999;-0,60;V
19/07/1999;-0,61;V
20/07/1999;-0,60;V
21/07/1999;-0,60;V
22/07/1999;-0,61;V
23/07/1999;-0,61;V
24/07/1999;-0,62;V
25/07/1999;-0,61;V
26/07/1999;-0,61;V
27/07/1999;-0,61;V
28/07/1999;-0,61;V
29/07/1999;-0,54;V
30/07/1999;-0,58;V
31/07/1999;-0,60;V
01/08/1999;-0,61;V
02/08/1999;-0,61;V
03/08/1999;-0,61;V
04/08/1999;-0,61;V
05/08/1999;-0,62;V
06/08/1999;-0,61;V
07/08/1999;-0,61;V
08/08/1999;-0,61;V
09/08/1999;-0,62;V
10/08/1999;-0,61;V
11/08/1999;-0,61;V
12/08/1999;-0,60;V
13/08/1999;-0,59;V
14/08/1999;-0,58;V
15/08/1999;-0,59;V
16/08/1999;-0,59;V
17/08/1999;-0,60;V
18/08/1999;-0,61;V
19/08/1999;-0,60;V
20/08/1999;-0,60;V
21/08/1999;-0,60;V
22/08/1999;-0,61;V
23/08/1999;-0,62;V
24/08/1999;-0,61;V
25/08/1999;-0,62;V
26/08/1999;-0,62;V
27/08/1999;-0,60;V
28/08/1999;-0,56;V
29/08/1999;-0,52;V
30/08/1999;-0,53;V
31/08/1999;-0,58;V
01/09/1999;-0,60;V
02/09/1999;-0,61;V
03/09/1999;-0,61;V
04/09/1999;-0,61;V
05/09/1999;-0,60;V
06/09/1999;-0,61;V
07/09/1999;-0,57;V
08/09/1999;-0,49;V
09/09/1999;-0,52;V
10/09/1999;-0,51;V
11/09/1999;-0,52;V
12/09/1999;-0,61;V
13/09/1999;-0,62;V
14/09/1999;-0,62;V
15/09/1999;-0,61;V
16/09/1999;-0,59;V
17/09/1999;-0,62;V
18/09/1999;-0,62;V
19/09/1999;-0,60;V
20/09/1999;-0,54;V
21/09/1999;-0,25;V
22/09/1999;-0,42;V
23/09/1999;-0,48;V
24/09/1999;-0,57;V
25/09/1999;-0,61;V
26/09/1999;-0,63;V
27/09/1999;-0,45;V
28/09/1999;-0,53;V
29/09/1999;-0,53;V
30/09/1999;-0,58;V
01/10/1999;-0,36;V
02/10/1999;-0,55;V
03/10/1999;-0,60;V
04/10/1999;-0,37;V
05/10/1999;-0,33;V
06/10/1999;-0,42;V
07/10/1999;-0,61;V
08/10/1999;-0,65;V
09/10/1999;-0,65;V
10/10/1999;-0,66;V
11/10/1999;-0,66;V
12/10/1999;-0,66;V
13/10/1999;-0,67;V
14/10/1999;-0,66;V
15/10/1999;-0,65;V
16/10/1999;-0,46;V
17/10/1999;-0,62;V
18/10/1999;-0,62;V
19/10/1999;-0,41;V
20/10/1999;-0,53;V
21/10/1999;-0,12;V
22/10/1999;-0,11;V
23/10/1999;-0,22;V
24/10/1999;0,39;V
25/10/1999;-0,09;V
26/10/1999;-0,07;V
27/10/1999;-0,23;V
28/10/1999;-0,38;V
29/10/1999;-0,47;V
30/10/1999;-0,48;V
31/10/1999;-0,58;V
01/11/1999;-0,59;V
02/11/1999;-0,52;V
03/11/1999;-0,47;V
04/11/1999;-0,35;V
05/11/1999;-0,39;V
06/11/1999;-0,48;V
07/11/1999;0,58;V
08/11/1999;0,38;V
09/11/1999;0,12;V
10/11/1999;-0,10;V
11/11/1999;-0,19;V
12/11/1999;-0,31;V
13/11/1999;-0,39;V
14/11/1999;-0,50;V
15/11/1999;-0,30;V
16/11/1999;0,40;V
17/11/1999;0,26;V
18/11/1999;0,33;V
19/11/1999;2,39;V
20/11/1999;1,12;V
21/11/1999;0,95;V
22/11/1999;1,04;V
23/11/1999;0,34;V
24/11/1999;0,27;V
25/11/1999;0,24;V
26/11/1999;0,14;V
27/11/1999;-0,17;V
28/11/1999;-0,32;V
29/11/1999;-0,09;V
30/11/1999;-0,06;V
01/12/1999;-0,10;V
02/12/1999;-0,10;V
03/12/1999;-0,06;V
04/12/1999;-0,13;V
05/12/1999;-0,22;V
06/12/1999;-0,06;V
07/12/1999;0,04;V
08/12/1999;0,22;V
09/12/1999;-0,03;V
10/12/1999;0,16;V
11/12/1999;0,41;V
12/12/1999;0,43;V
13/12/1999;0,31;V
14/12/1999;0,33;V
15/12/1999;1,06;V
16/12/1999;1,25;V
17/12/1999;0,83;V
18/12/1999;0,53;V
19/12/1999;0,12;V
20/12/1999;0,54;V
21/12/1999;0,86;V
22/12/1999;0,58;V
23/12/1999;0,31;V
24/12/1999;0,23;V
25/12/1999;-0,04;V
26/12/1999;0,23;V
27/12/1999;0,46;V
28/12/1999;1,07;V
29/12/1999;1,05;V
30/12/1999;0,68;V
31/12/1999;0,28;V
01/01/2000;-0,01;V
02/01/2000;-0,03;V
03/01/2000;-0,07;V
04/01/2000;0,08;V
05/01/2000;0,15;V
06/01/2000;-0,10;V
07/01/2000;0,06;V
08/01/2000;-0,12;V
09/01/2000;-0,30;V
10/01/2000;-0,21;V
11/01/2000;-0,18;V
12/01/2000;-0,21;V
13/01/2000;-0,12;V
14/01/2000;-0,11;V
15/01/2000;-0,25;V
16/01/2000;-0,38;V
17/01/2000;-0,32;V
18/01/2000;-0,20;V
19/01/2000;-0,22;V
20/01/2000;-0,23;V
21/01/2000;-0,11;V
22/01/2000;-0,39;V
23/01/2000;-0,26;V
24/01/2000;-0,25;V
25/01/2000;-0,16;V
26/01/2000;-0,23;V
27/01/2000;-0,25;V
28/01/2000;-0,19;V
29/01/2000;-0,18;V
30/01/2000;-0,22;V
31/01/2000;-0,14;V
01/02/2000;-0,12;V
02/02/2000;-0,09;V
03/02/2000;0,07;V
04/02/2000;0,09;V
05/02/2000;-0,06;V
06/02/2000;-0,18;V
07/02/2000;-0,09;V
08/02/2000;-0,04;V
09/02/2000;-0,02;V
10/02/2000;-0,11;V
11/02/2000;-0,13;V
12/02/2000;-0,18;V
13/02/2000;-0,30;V
14/02/2000;-0,31;V
15/02/2000;-0,19;V
16/02/2000;-0,15;V
17/02/2000;-0,06;V
18/02/2000;-0,07;V
19/02/2000;-0,13;V
20/02/2000;-0,22;V
21/02/2000;-0,24;V
22/02/2000;-0,14;V
23/02/2000;-0,14;V
24/02/2000;-0,16;V
25/02/2000;-0,17;V
26/02/2000;-0,27;V
27/02/2000;-0,41;V
28/02/2000;-0,33;V
29/02/2000;-0,19;V
01/03/2000;-0,21;V
02/03/2000;0,76;V
03/03/2000;0,37;V
04/03/2000;-0,06;V
05/03/2000;-0,19;V
06/03/2000;-0,15;V
07/03/2000;-0,01;V
08/03/2000;-0,05;V
09/03/2000;-0,11;V
10/03/2000;-0,11;V
11/03/2000;-0,23;V
12/03/2000;-0,38;V
13/03/2000;-0,31;V
14/03/2000;-0,18;V
15/03/2000;-0,21;V
16/03/2000;-0,25;V
17/03/2000;-0,31;V
18/03/2000;-0,43;V
19/03/2000;-0,45;V
20/03/2000;-0,36;V
21/03/2000;-0,23;V
22/03/2000;-0,25;V
23/03/2000;-0,30;V
24/03/2000;-0,40;V
25/03/2000;-0,34;V
26/03/2000;-0,25;V
27/03/2000;-0,06;V
28/03/2000;0,47;V
29/03/2000;0,76;V
30/03/2000;0,79;V
31/03/2000;0,48;V
01/04/2000;0,58;V
02/04/2000;0,49;V
03/04/2000;0,63;V
04/04/2000;0,58;V
05/04/2000;0,73;V
06/04/2000;0,62;V
07/04/2000;0,37;V
08/04/2000;0,03;V
09/04/2000;-0,07;V
10/04/2000;0,26;V
11/04/2000;0,33;V
12/04/2000;1,11;V
13/04/2000;1,02;V
14/04/2000;0,74;V
15/04/2000;0,28;V
16/04/2000;0,17;V
17/04/2000;0,31;V
18/04/2000;0,29;V
19/04/2000;0,19;V
20/04/2000;0,02;V
21/04/2000;-0,07;V
22/04/2000;-0,04;V
23/04/2000;-0,23;V
24/04/2000;-0,36;V
25/04/2000;-0,37;V
26/04/2000;-0,27;V
27/04/2000;-0,13;V
28/04/2000;-0,06;V
29/04/2000;-0,07;V
30/04/2000;-0,28;V
01/05/2000;-0,38;V
02/05/2000;-0,24;V
03/05/2000;-0,15;V
04/05/2000;-0,21;V
05/05/2000;-0,35;V
06/05/2000;-0,35;V
07/05/2000;-0,46;V
08/05/2000;-0,39;V
09/05/2000;-0,44;V
10/05/2000;-0,47;V
11/05/2000;-0,32;V
12/05/2000;-0,23;V
13/05/2000;-0,37;V
14/05/2000;-0,49;V
15/05/2000;-0,50;V
16/05/2000;-0,45;V
17/05/2000;-0,29;V
18/05/2000;-0,30;V
19/05/2000;-0,33;V
20/05/2000;-0,53;V
21/05/2000;-0,56;V
22/05/2000;-0,52;V
23/05/2000;-0,54;V
24/05/2000;-0,58;V
25/05/2000;-0,59;V
26/05/2000;-0,60;V
27/05/2000;-0,57;V
28/05/2000;-0,57;V
29/05/2000;-0,58;V
30/05/2000;-0,59;V
31/05/2000;-0,60;V
01/06/2000;-0,61;V
02/06/2000;-0,60;V
03/06/2000;-0,58;V
04/06/2000;-0,63;V
05/06/2000;-0,61;V
06/06/2000;-0,59;V
07/06/2000;-0,62;V
08/06/2000;-0,61;V
09/06/2000;-0,62;V
10/06/2000;-0,59;V
11/06/2000;-0,42;V
12/06/2000;-0,02;V
13/06/2000;-0,08;V
14/06/2000;-0,40;V
15/06/2000;-0,55;V
16/06/2000;-0,62;V
17/06/2000;-0,50;V
18/06/2000;-0,53;V
19/06/2000;-0,58;V
20/06/2000;-0,59;V
21/06/2000;-0,61;V
22/06/2000;-0,56;V
23/06/2000;-0,57;V
24/06/2000;-0,59;V
25/06/2000;-0,63;V
26/06/2000;-0,64;V
27/06/2000;-0,64;V
28/06/2000;-0,60;V
29/06/2000;-0,58;V
30/06/2000;-0,63;V
01/07/2000;-0,64;V
02/07/2000;-0,62;V
03/07/2000;-0,62;V
04/07/2000;-0,59;V
05/07/2000;-0,62;V
06/07/2000;-0,62;V
07/07/2000;-0,62;V
08/07/2000;-0,62;V
09/07/2000;-0,63;V
10/07/2000;-0,62;V
11/07/2000;-0,46;V
12/07/2000;-0,58;V
13/07/2000;-0,61;V
14/07/2000;-0,61;V
15/07/2000;-0,42;V
16/07/2000;-0,50;V
17/07/2000;-0,58;V
18/07/2000;-0,56;V
19/07/2000;-0,61;V
20/07/2000;-0,61;V
21/07/2000;-0,61;V
22/07/2000;-0,61;V
23/07/2000;-0,61;V
24/07/2000;-0,62;V
25/07/2000;-0,57;V
26/07/2000;-0,61;V
27/07/2000;-0,62;V
28/07/2000;-0,63;V
29/07/2000;-0,60;V
30/07/2000;-0,63;V
31/07/2000;-0,64;V
01/08/2000;-0,63;V
02/08/2000;-0,61;V
03/08/2000;-0,61;V
04/08/2000;-0,61;V
05/08/2000;-0,57;V
06/08/2000;-0,51;V
07/08/2000;-0,61;V
08/08/2000;-0,61;V
09/08/2000;-0,61;V
10/08/2000;-0,61;V
11/08/2000;-0,61;V
12/08/2000;-0,61;V
13/08/2000;-0,61;V
14/08/2000;-0,60;V
15/08/2000;-0,59;V
16/08/2000;-0,61;V
17/08/2000;-0,61;V
18/08/2000;-0,62;V
19/08/2000;-0,62;V
20/08/2000;-0,62;V
21/08/2000;-0,62;V
22/08/2000;-0,61;V
23/08/2000;-0,62;V
24/08/2000;-0,62;V
25/08/2000;-0,63;V
26/08/2000;-0,63;V
27/08/2000;-0,62;V
28/08/2000;-0,63;V
29/08/2000;-0,63;V
30/08/2000;-0,63;V
31/08/2000;-0,53;V
01/09/2000;-0,49;V
02/09/2000;-0,56;V
03/09/2000;-0,58;V
04/09/2000;-0,56;V
05/09/2000;-0,56;V
06/09/2000;-0,58;V
07/09/2000;-0,57;V
08/09/2000;-0,54;V
09/09/2000;-0,58;V
10/09/2000;-0,59;V
11/09/2000;-0,59;V
12/09/2000;-0,59;V
13/09/2000;-0,59;V
14/09/2000;-0,59;V
15/09/2000;-0,58;V
16/09/2000;-0,57;V
17/09/2000;-0,58;V
18/09/2000;-0,59;V
19/09/2000;-0,58;V
20/09/2000;-0,57;V
21/09/2000;-0,56;V
22/09/2000;-0,58;V
23/09/2000;-0,58;V
24/09/2000;-0,58;V
25/09/2000;-0,58;V
26/09/2000;-0,58;V
27/09/2000;-0,58;V
28/09/2000;-0,58;V
29/09/2000;-0,57;V
30/09/2000;-0,55;V
01/10/2000;-0,50;V
02/10/2000;-0,56;V
03/10/2000;-0,60;V
04/10/2000;-0,64;V
05/10/2000;-0,58;V
06/10/2000;-0,60;V
07/10/2000;-0,50;V
08/10/2000;-0,59;V
09/10/2000;-0,62;V
10/10/2000;-0,60;V
11/10/2000;-0,53;V
12/10/2000;-0,58;V
13/10/2000;-0,49;V
14/10/2000;-0,41;V
15/10/2000;-0,58;V
16/10/2000;-0,51;V
17/10/2000;-0,50;V
18/10/2000;-0,52;V
19/10/2000;-0,50;V
20/10/2000;-0,54;V
21/10/2000;-0,54;V
22/10/2000;-0,58;V
23/10/2000;-0,57;V
24/10/2000;-0,59;V
25/10/2000;-0,57;V
26/10/2000;-0,56;V
27/10/2000;-0,55;V
28/10/2000;-0,58;V
29/10/2000;-0,61;V
30/10/2000;-0,60;V
31/10/2000;-0,55;V
01/11/2000;-0,46;V
02/11/2000;-0,52;V
03/11/2000;-0,27;V
04/11/2000;0,98;V
05/11/2000;0,53;V
06/11/2000;0,32;V
07/11/2000;1,61;V
08/11/2000;0,90;V
09/11/2000;0,60;V
10/11/2000;0,62;V
11/11/2000;0,32;V
12/11/2000;-0,14;V
13/11/2000;-0,17;V
14/11/2000;-0,06;V
15/11/2000;0,58;V
16/11/2000;3,44;V
17/11/2000;1,29;V
18/11/2000;0,35;V
19/11/2000;0,15;V
20/11/2000;0,86;V
21/11/2000;3,98;V
22/11/2000;2,39;V
23/11/2000;1,21;V
24/11/2000;0,67;V
25/11/2000;0,75;V
26/11/2000;0,70;V
27/11/2000;0,95;V
28/11/2000;0,60;V
29/11/2000;0,43;V
30/11/2000;0,27;V
01/12/2000;0,18;V
02/12/2000;0,00;V
03/12/2000;-0,16;V
04/12/2000;-0,11;V
05/12/2000;-0,02;V
06/12/2000;-0,03;V
07/12/2000;-0,13;V
08/12/2000;-0,25;V
09/12/2000;-0,39;V
10/12/2000;-0,40;V
11/12/2000;-0,32;V
12/12/2000;-0,20;V
13/12/2000;-0,20;V
14/12/2000;-0,22;V
15/12/2000;-0,26;V
16/12/2000;-0,34;V
17/12/2000;-0,46;V
18/12/2000;-0,40;V
19/12/2000;-0,25;V
20/12/2000;-0,17;V
21/12/2000;-0,15;V
22/12/2000;-0,24;V
23/12/2000;-0,36;V
24/12/2000;-0,49;V
25/12/2000;0,13;V
26/12/2000;2,88;V
27/12/2000;2,56;V
28/12/2000;3,66;V
29/12/2000;2,09;V
30/12/2000;1,72;V
31/12/2000;1,19;V
01/01/2001;0,94;P
02/01/2001;0,51;P
03/01/2001;1,23;P
04/01/2001;1,52;P
05/01/2001;1,69;P
06/01/2001;1,28;P
07/01/2001;0,95;P
08/01/2001;1,31;P
09/01/2001;1,01;P
10/01/2001;0,65;P
11/01/2001;0,56;P
12/01/2001;0,41;P
13/01/2001;0,42;P
14/01/2001;0,15;P
15/01/2001;0,20;P
16/01/2001;0,31;P
17/01/2001;0,29;P
18/01/2001;0,62;P
19/01/2001;0,47;P
20/01/2001;0,24;P
21/01/2001;-0,01;P
22/01/2001;0,16;P
23/01/2001;0,18;P
24/01/2001;0,17;P
25/01/2001;0,34;P
26/01/2001;2,20;P
27/01/2001;1,35;P
28/01/2001;1,20;P
29/01/2001;0,91;P
30/01/2001;1,18;P
31/01/2001;0,83;P
01/02/2001;0,62;P
02/02/2001;0,47;P
03/02/2001;0,34;P
04/02/2001;0,07;P
05/02/2001;0,25;P
06/02/2001;0,36;P
07/02/2001;0,36;P
08/02/2001;0,31;P
09/02/2001;0,64;P
10/02/2001;1,08;P
11/02/2001;0,76;P
12/02/2001;0,60;P
13/02/2001;0,93;P
14/02/2001;0,30;P
15/02/2001;0,10;P
16/02/2001;0,20;P
17/02/2001;0,00;@
18/02/2001;-0,22;P
19/02/2001;-0,11;P
20/02/2001;0,07;P
21/02/2001;0,03;P
22/02/2001;-0,07;P
23/02/2001;0,02;P
24/02/2001;-0,19;P
25/02/2001;-0,31;P
26/02/2001;-0,22;P
27/02/2001;-0,07;P
28/02/2001;-0,02;P
01/03/2001;0,09;P
02/03/2001;0,67;P
03/03/2001;2,29;P
04/03/2001;2,07;P
05/03/2001;1,36;P
06/03/2001;1,09;P
07/03/2001;0,70;P
08/03/2001;0,38;P
09/03/2001;0,66;P
10/03/2001;0,59;P
11/03/2001;0,25;P
12/03/2001;0,24;P
13/03/2001;0,73;P
14/03/2001;1,01;P
15/03/2001;0,73;P
16/03/2001;0,35;P
17/03/2001;0,45;P
18/03/2001;1,00;P
19/03/2001;0,78;P
20/03/2001;0,47;P
21/03/2001;0,42;P
22/03/2001;0,37;P
23/03/2001;0,12;P
24/03/2001;-0,04;P
25/03/2001;-0,18;P
26/03/2001;0,03;P
27/03/2001;0,08;P
28/03/2001;0,19;P
29/03/2001;0,47;P
30/03/2001;1,44;P
31/03/2001;1,43;P
01/04/2001;0,83;P
02/04/2001;0,71;P
03/04/2001;0,55;P
04/04/2001;0,37;P
05/04/2001;0,31;P
06/04/2001;0,41;P
07/04/2001;0,37;P
08/04/2001;1,89;P
09/04/2001;1,09;P
10/04/2001;0,80;P
11/04/2001;0,58;P
12/04/2001;0,75;P
13/04/2001;1,00;P
14/04/2001;0,81;P
15/04/2001;0,27;P
16/04/2001;0,11;P
17/04/2001;0,60;P
18/04/2001;0,39;P
19/04/2001;0,38;P
20/04/2001;0,24;P
21/04/2001;0,15;P
22/04/2001;-0,02;P
23/04/2001;0,10;P
24/04/2001;0,35;P
25/04/2001;-0,06;P
26/04/2001;0,21;P
27/04/2001;0,34;P
28/04/2001;-0,03;P
29/04/2001;-0,30;P
30/04/2001;-0,01;P
01/05/2001;-0,28;P
02/05/2001;-0,22;P
03/05/2001;0,00;@
04/05/2001;0,04;P
05/05/2001;0,03;P
06/05/2001;0,16;P
07/05/2001;1,20;P
08/05/2001;1,19;P
09/05/2001;0,87;P
10/05/2001;0,50;P
11/05/2001;0,30;P
12/05/2001;-0,02;P
13/05/2001;-0,21;P
14/05/2001;-0,09;P
15/05/2001;-0,04;P
16/05/2001;-0,04;P
17/05/2001;-0,14;P
18/05/2001;-0,18;P
19/05/2001;-0,34;P
20/05/2001;-0,37;P
21/05/2001;-0,30;P
22/05/2001;-0,25;P
23/05/2001;-0,34;P
24/05/2001;-0,34;P
25/05/2001;-0,23;P
26/05/2001;-0,36;P
27/05/2001;-0,37;P
28/05/2001;-0,38;P
29/05/2001;-0,39;P
30/05/2001;-0,37;P
31/05/2001;-0,38;P
01/06/2001;-0,44;P
02/06/2001;-0,48;P
03/06/2001;-0,46;P
04/06/2001;-0,31;P
05/06/2001;-0,38;P
06/06/2001;-0,38;P
07/06/2001;-0,39;P
08/06/2001;-0,40;P
09/06/2001;-0,42;P
10/06/2001;-0,54;P
11/06/2001;-0,49;P
12/06/2001;-0,42;P
13/06/2001;-0,44;P
14/06/2001;-0,45;P
15/06/2001;-0,45;P
16/06/2001;-0,47;P
17/06/2001;-0,54;P
18/06/2001;-0,57;P
19/06/2001;-0,53;P
20/06/2001;-0,50;P
21/06/2001;-0,50;P
22/06/2001;-0,52;P
23/06/2001;-0,54;P
24/06/2001;-0,57;P
25/06/2001;-0,60;P
26/06/2001;-0,52;P
27/06/2001;-0,47;P
28/06/2001;-0,47;P
29/06/2001;-0,41;P
30/06/2001;-0,46;P
01/07/2001;-0,41;P
02/07/2001;-0,30;P
03/07/2001;-0,47;P
04/07/2001;-0,54;P
05/07/2001;-0,54;P
06/07/2001;-0,51;P
07/07/2001;-0,52;P
08/07/2001;-0,56;P
09/07/2001;-0,57;P
10/07/2001;-0,55;P
11/07/2001;-0,54;P
12/07/2001;-0,56;P
13/07/2001;-0,57;P
14/07/2001;-0,56;P
15/07/2001;-0,54;P
16/07/2001;-0,54;P
17/07/2001;-0,54;P
18/07/2001;-0,54;P
19/07/2001;-0,53;P
20/07/2001;-0,48;P
21/07/2001;-0,48;P
22/07/2001;-0,53;P
23/07/2001;-0,54;P
24/07/2001;-0,53;P
25/07/2001;-0,49;P
26/07/2001;-0,49;P
27/07/2001;-0,51;P
28/07/2001;-0,52;P
29/07/2001;-0,54;P
30/07/2001;-0,55;P
31/07/2001;-0,51;P
01/08/2001;-0,53;P
02/08/2001;-0,53;P
03/08/2001;-0,53;P
04/08/2001;-0,53;P
05/08/2001;-0,54;P
06/08/2001;-0,54;P
07/08/2001;-0,51;P
08/08/2001;-0,53;P
09/08/2001;-0,54;P
10/08/2001;-0,54;P
11/08/2001;-0,53;P
12/08/2001;-0,55;P
13/08/2001;-0,55;P
14/08/2001;-0,53;P
15/08/2001;-0,53;P
16/08/2001;-0,55;P
17/08/2001;-0,54;P
18/08/2001;-0,53;P
19/08/2001;-0,54;P
20/08/2001;-0,53;P
21/08/2001;-0,51;P
22/08/2001;-0,51;P
23/08/2001;-0,53;P
24/08/2001;-0,53;P
25/08/2001;-0,53;P
26/08/2001;-0,53;P
27/08/2001;-0,52;P
28/08/2001;-0,52;P
29/08/2001;-0,51;P
30/08/2001;-0,51;P
31/08/2001;-0,49;P
01/09/2001;-0,46;P
02/09/2001;-0,48;P
03/09/2001;-0,50;P
04/09/2001;-0,49;P
05/09/2001;-0,42;P
06/09/2001;-0,49;P
07/09/2001;-0,50;P
08/09/2001;-0,49;P
09/09/2001;-0,48;P
10/09/2001;-0,47;P
11/09/2001;-0,48;P
12/09/2001;-0,45;P
13/09/2001;-0,48;P
14/09/2001;-0,47;P
15/09/2001;-0,45;P
16/09/2001;-0,46;P
17/09/2001;-0,45;P
18/09/2001;-0,34;P
19/09/2001;-0,45;P
20/09/2001;-0,44;P
21/09/2001;-0,43;P
22/09/2001;-0,40;P
23/09/2001;-0,45;P
24/09/2001;0,39;P
25/09/2001;0,72;P
26/09/2001;-0,10;P
27/09/2001;-0,15;P
28/09/2001;-0,26;P
29/09/2001;-0,43;P
30/09/2001;-0,27;P
01/10/2001;-0,09;P
02/10/2001;-0,26;P
03/10/2001;-0,34;P
04/10/2001;-0,44;P
05/10/2001;-0,03;P
06/10/2001;-0,36;P
07/10/2001;-0,45;P
08/10/2001;-0,48;P
09/10/2001;-0,43;P
10/10/2001;-0,33;P
11/10/2001;-0,29;P
12/10/2001;-0,37;P
13/10/2001;-0,49;P
14/10/2001;-0,56;P
15/10/2001;-0,51;P
16/10/2001;-0,43;P
17/10/2001;-0,44;P
18/10/2001;-0,43;P
19/10/2001;-0,42;P
20/10/2001;-0,54;P
21/10/2001;-0,16;P
22/10/2001;-0,30;P
23/10/2001;-0,30;P
24/10/2001;-0,11;P
25/10/2001;-0,15;P
26/10/2001;-0,40;P
27/10/2001;-0,50;P
28/10/2001;-0,46;P
29/10/2001;-0,50;P
30/10/2001;-0,54;P
31/10/2001;-0,49;P
01/11/2001;-0,51;P
02/11/2001;-0,56;P
03/11/2001;-0,57;P
04/11/2001;-0,58;P
05/11/2001;-0,57;P
06/11/2001;-0,49;P
07/11/2001;-0,45;P
08/11/2001;-0,44;P
09/11/2001;-0,31;P
10/11/2001;-0,37;P
11/11/2001;-0,42;P
12/11/2001;-0,42;P
13/11/2001;-0,29;P
14/11/2001;-0,17;P
15/11/2001;-0,18;P
16/11/2001;-0,24;P
17/11/2001;-0,39;P
18/11/2001;-0,50;P
19/11/2001;-0,37;P
20/11/2001;-0,43;P
21/11/2001;-0,49;P
22/11/2001;-0,23;P
23/11/2001;-0,20;P
24/11/2001;-0,42;P
25/11/2001;-0,51;P
26/11/2001;-0,52;P
27/11/2001;-0,51;P
28/11/2001;-0,34;P
29/11/2001;-0,36;P
30/11/2001;-0,35;P
01/12/2001;-0,40;P
02/12/2001;-0,52;P
03/12/2001;-0,53;P
04/12/2001;-0,52;P
05/12/2001;-0,53;P
06/12/2001;-0,41;P
07/12/2001;-0,30;P
08/12/2001;-0,41;P
09/12/2001;-0,55;P
10/12/2001;-0,52;P
11/12/2001;-0,48;P
12/12/2001;-0,45;P
13/12/2001;-0,43;P
14/12/2001;-0,28;P
15/12/2001;-0,47;P
16/12/2001;-0,56;P
17/12/2001;-0,57;P
18/12/2001;-0,57;P
19/12/2001;-0,46;P
20/12/2001;-0,45;P
21/12/2001;-0,47;P
22/12/2001;-0,49;P
23/12/2001;-0,34;P
24/12/2001;-0,33;P
25/12/2001;-0,39;P
26/12/2001;-0,45;P
27/12/2001;-0,11;P
28/12/2001;-0,23;P
29/12/2001;-0,27;P
30/12/2001;-0,11;P
31/12/2001;0,38;P
01/01/2002;0,04;P
02/01/2002;-0,24;P
03/01/2002;-0,19;P
04/01/2002;-0,13;P
05/01/2002;-0,30;P
06/01/2002;-0,47;P
07/01/2002;-0,44;P
08/01/2002;-0,38;P
09/01/2002;-0,35;P
10/01/2002;-0,34;P
11/01/2002;-0,36;P
12/01/2002;-0,42;P
13/01/2002;-0,53;P
14/01/2002;-0,47;P
15/01/2002;-0,38;P
16/01/2002;-0,41;P
17/01/2002;-0,45;P
18/01/2002;-0,45;P
19/01/2002;-0,49;P
20/01/2002;-0,54;P
21/01/2002;-0,52;P
22/01/2002;-0,47;P
23/01/2002;-0,45;P
24/01/2002;-0,37;P
25/01/2002;-0,21;P
26/01/2002;-0,29;P
27/01/2002;-0,40;P
28/01/2002;-0,25;P
29/01/2002;-0,24;P
30/01/2002;-0,18;P
31/01/2002;-0,22;P
01/02/2002;-0,28;P
02/02/2002;-0,34;P
03/02/2002;-0,51;P
04/02/2002;-0,45;P
05/02/2002;-0,44;P
06/02/2002;-0,20;P
07/02/2002;-0,05;P
08/02/2002;0,06;P
09/02/2002;-0,14;P
10/02/2002;-0,31;P
11/02/2002;-0,37;P
12/02/2002;-0,22;P
13/02/2002;-0,20;P
14/02/2002;-0,24;P
15/02/2002;-0,20;P
16/02/2002;0,51;P
17/02/2002;0,12;P
18/02/2002;0,99;P
19/02/2002;0,95;P
20/02/2002;0,44;P
21/02/2002;1,47;P
22/02/2002;1,65;P
23/02/2002;0,98;P
24/02/2002;0,31;P
25/02/2002;0,38;P
26/02/2002;0,18;P
27/02/2002;0,27;P
28/02/2002;0,02;P
01/03/2002;-0,04;P
02/03/2002;-0,11;P
03/03/2002;-0,34;P
04/03/2002;-0,25;P
05/03/2002;-0,32;P
06/03/2002;-0,14;P
07/03/2002;-0,05;P
08/03/2002;-0,08;P
09/03/2002;-0,35;P
10/03/2002;-0,44;P
11/03/2002;-0,47;P
12/03/2002;-0,43;P
13/03/2002;-0,40;P
14/03/2002;-0,40;P
15/03/2002;-0,46;P
16/03/2002;-0,47;P
17/03/2002;-0,48;P
18/03/2002;-0,45;P
19/03/2002;-0,41;P
20/03/2002;-0,30;P
21/03/2002;-0,23;P
22/03/2002;-0,31;P
23/03/2002;-0,41;P
24/03/2002;-0,53;P
25/03/2002;-0,48;P
26/03/2002;-0,38;P
27/03/2002;-0,34;P
28/03/2002;-0,28;P
29/03/2002;-0,38;P
30/03/2002;-0,53;P
31/03/2002;-0,55;P
01/04/2002;-0,55;P
02/04/2002;-0,51;P
03/04/2002;-0,41;P
04/04/2002;-0,41;P
05/04/2002;-0,49;P
06/04/2002;-0,51;P
07/04/2002;-0,52;P
08/04/2002;-0,52;P
09/04/2002;-0,43;P
10/04/2002;-0,42;P
11/04/2002;-0,45;P
12/04/2002;-0,29;P
13/04/2002;-0,26;P
14/04/2002;-0,28;P
15/04/2002;-0,20;P
16/04/2002;-0,23;P
17/04/2002;-0,17;P
18/04/2002;-0,23;P
19/04/2002;-0,15;P
20/04/2002;-0,37;P
21/04/2002;-0,39;P
22/04/2002;-0,18;P
23/04/2002;-0,07;P
24/04/2002;-0,13;P
25/04/2002;-0,39;P
26/04/2002;-0,43;P
27/04/2002;-0,40;P
28/04/2002;-0,40;P
29/04/2002;-0,35;P
30/04/2002;-0,19;P
01/05/2002;-0,32;P
02/05/2002;-0,28;P
03/05/2002;-0,24;P
04/05/2002;0,02;P
05/05/2002;-0,03;P
06/05/2002;-0,08;P
07/05/2002;0,23;P
08/05/2002;-0,07;P
09/05/2002;0,03;P
10/05/2002;0,19;P
11/05/2002;0,04;P
12/05/2002;-0,18;P
13/05/2002;-0,04;P
14/05/2002;0,00;@
15/05/2002;0,01;P
16/05/2002;-0,08;P
17/05/2002;-0,18;P
18/05/2002;-0,36;P
19/05/2002;-0,47;P
20/05/2002;-0,41;P
21/05/2002;-0,33;P
22/05/2002;-0,37;P
23/05/2002;-0,40;P
24/05/2002;-0,36;P
25/05/2002;-0,45;P
26/05/2002;-0,49;P
27/05/2002;-0,48;P
28/05/2002;-0,26;P
29/05/2002;-0,25;P
30/05/2002;-0,33;P
31/05/2002;-0,34;P
01/06/2002;-0,30;P
02/06/2002;-0,49;P
03/06/2002;-0,46;P
04/06/2002;-0,44;P
05/06/2002;-0,44;P
06/06/2002;-0,43;P
07/06/2002;-0,29;P
08/06/2002;-0,25;P
09/06/2002;-0,44;P
10/06/2002;-0,28;P
11/06/2002;-0,38;P
12/06/2002;-0,31;P
13/06/2002;-0,35;P
14/06/2002;-0,39;P
15/06/2002;-0,46;P
16/06/2002;-0,55;P
17/06/2002;-0,57;P
18/06/2002;-0,53;P
19/06/2002;-0,57;P
20/06/2002;-0,59;P
21/06/2002;-0,60;P
22/06/2002;-0,61;P
23/06/2002;-0,62;P
24/06/2002;-0,62;P
25/06/2002;-0,60;P
26/06/2002;-0,58;P
27/06/2002;-0,63;P
28/06/2002;-0,62;P
29/06/2002;-0,61;P
30/06/2002;-0,61;P
01/07/2002;-0,56;P
02/07/2002;-0,55;P
03/07/2002;-0,58;P
04/07/2002;-0,60;P
05/07/2002;-0,60;P
06/07/2002;-0,56;P
07/07/2002;-0,58;P
08/07/2002;-0,58;P
09/07/2002;-0,41;P
10/07/2002;-0,44;P
11/07/2002;-0,44;P
12/07/2002;-0,52;P
13/07/2002;-0,60;P
14/07/2002;-0,59;P
15/07/2002;-0,43;P
16/07/2002;-0,41;P
17/07/2002;-0,47;P
18/07/2002;-0,57;P
19/07/2002;-0,57;P
20/07/2002;-0,58;P
21/07/2002;-0,56;P
22/07/2002;-0,60;P
23/07/2002;-0,60;P
24/07/2002;-0,60;P
25/07/2002;-0,56;P
26/07/2002;-0,59;P
27/07/2002;-0,61;P
28/07/2002;-0,61;P
29/07/2002;-0,61;P
30/07/2002;-0,55;P
31/07/2002;-0,56;P
01/08/2002;-0,55;P
02/08/2002;-0,59;P
03/08/2002;-0,59;P
04/08/2002;-0,60;P
05/08/2002;-0,61;P
06/08/2002;-0,50;P
07/08/2002;-0,39;P
08/08/2002;-0,57;P
09/08/2002;-0,40;P
10/08/2002;-0,10;P
11/08/2002;0,62;P
12/08/2002;-0,03;P
13/08/2002;-0,20;P
14/08/2002;-0,35;P
15/08/2002;-0,40;P
16/08/2002;-0,55;P
17/08/2002;-0,55;P
18/08/2002;-0,57;P
19/08/2002;-0,55;P
20/08/2002;-0,42;P
21/08/2002;-0,55;P
22/08/2002;-0,57;P
23/08/2002;-0,55;P
24/08/2002;-0,49;P
25/08/2002;-0,55;P
26/08/2002;-0,49;P
27/08/2002;-0,31;P
28/08/2002;-0,38;P
29/08/2002;-0,37;P
30/08/2002;-0,32;P
31/08/2002;-0,42;P
01/09/2002;-0,46;P
02/09/2002;-0,51;P
03/09/2002;-0,46;P
04/09/2002;-0,43;P
05/09/2002;-0,38;P
06/09/2002;-0,36;P
07/09/2002;-0,30;P
08/09/2002;-0,50;P
09/09/2002;-0,45;P
10/09/2002;-0,40;P
11/09/2002;-0,42;P
12/09/2002;-0,41;P
13/09/2002;-0,41;P
14/09/2002;-0,51;P
15/09/2002;-0,57;P
16/09/2002;-0,51;P
17/09/2002;-0,52;P
18/09/2002;-0,54;P
19/09/2002;-0,50;P
20/09/2002;-0,49;P
21/09/2002;-0,49;P
22/09/2002;0,19;P
23/09/2002;0,61;P
24/09/2002;0,73;P
25/09/2002;0,02;P
26/09/2002;0,07;P
27/09/2002;-0,15;P
28/09/2002;-0,21;P
29/09/2002;-0,46;P
30/09/2002;-0,43;P
01/10/2002;-0,37;P
02/10/2002;-0,39;P
03/10/2002;-0,39;P
04/10/2002;-0,35;P
05/10/2002;-0,48;P
06/10/2002;-0,55;P
07/10/2002;-0,54;P
08/10/2002;-0,44;P
09/10/2002;-0,51;P
10/10/2002;-0,33;P
11/10/2002;0,20;P
12/10/2002;0,26;P
13/10/2002;-0,03;P
14/10/2002;-0,09;P
15/10/2002;-0,20;P
16/10/2002;-0,19;P
17/10/2002;-0,18;P
18/10/2002;0,29;P
19/10/2002;-0,03;P
20/10/2002;-0,21;P
21/10/2002;-0,10;P
22/10/2002;0,74;P
23/10/2002;1,14;P
24/10/2002;0,47;P
25/10/2002;0,11;P
26/10/2002;0,12;P
27/10/2002;-0,09;P
28/10/2002;-0,14;P
29/10/2002;-0,19;P
30/10/2002;-0,13;P
31/10/2002;-0,19;P
01/11/2002;-0,07;P
02/11/2002;0,12;P
03/11/2002;0,08;P
04/11/2002;0,09;P
05/11/2002;-0,12;P
06/11/2002;-0,14;P
07/11/2002;-0,15;P
08/11/2002;-0,22;P
09/11/2002;-0,34;P
10/11/2002;-0,47;P
11/11/2002;-0,36;P
12/11/2002;-0,31;P
13/11/2002;-0,31;P
14/11/2002;-0,31;P
15/11/2002;-0,25;P
16/11/2002;-0,33;P
17/11/2002;-0,37;P
18/11/2002;0,55;P
19/11/2002;0,81;P
20/11/2002;0,76;P
21/11/2002;0,88;P
22/11/2002;0,96;P
23/11/2002;1,21;P
24/11/2002;0,78;P
25/11/2002;0,37;P
26/11/2002;0,36;P
27/11/2002;0,20;P
28/11/2002;-0,02;P
29/11/2002;0,49;P
30/11/2002;1,22;P
01/12/2002;1,02;P
02/12/2002;0,68;P
03/12/2002;0,60;P
04/12/2002;0,23;P
05/12/2002;0,28;P
06/12/2002;0,68;P
07/12/2002;0,74;P
08/12/2002;0,51;P
09/12/2002;0,35;P
10/12/2002;0,15;P
11/12/2002;0,12;P
12/12/2002;-0,05;P
13/12/2002;0,77;P
14/12/2002;0,84;P
15/12/2002;0,64;P
16/12/2002;1,04;P
17/12/2002;0,71;P
18/12/2002;1,36;P
19/12/2002;1,52;P
20/12/2002;0,94;P
21/12/2002;0,64;P
22/12/2002;0,44;P
23/12/2002;0,56;P
24/12/2002;0,54;P
25/12/2002;1,08;P
26/12/2002;1,13;P
27/12/2002;0,86;P
28/12/2002;1,02;P
29/12/2002;1,12;P
30/12/2002;0,72;P
31/12/2002;0,94;P
01/01/2003;1,24;P
02/01/2003;0,88;P
03/01/2003;0,84;P
04/01/2003;0,65;P
05/01/2003;0,43;P
06/01/2003;0,39;P
07/01/2003;1,13;P
08/01/2003;1,11;P
09/01/2003;1,26;P
10/01/2003;1,27;P
11/01/2003;0,84;P
12/01/2003;0,47;P
13/01/2003;0,32;P
14/01/2003;0,33;P
15/01/2003;0,21;P
16/01/2003;0,21;P
17/01/2003;0,23;P
18/01/2003;0,11;P
19/01/2003;-0,10;P
20/01/2003;0,08;P
21/01/2003;0,17;P
22/01/2003;1,33;P
23/01/2003;1,49;P
24/01/2003;1,34;P
25/01/2003;0,89;P
26/01/2003;0,49;P
27/01/2003;0,40;P
28/01/2003;0,31;P
29/01/2003;0,28;P
30/01/2003;0,19;P
31/01/2003;0,18;P
01/02/2003;0,08;P
02/02/2003;-0,16;P
03/02/2003;-0,11;P
04/02/2003;1,94;P
05/02/2003;1,66;P
06/02/2003;0,92;P
07/02/2003;0,58;P
08/02/2003;0,26;P
09/02/2003;0,05;P
10/02/2003;0,25;P
11/02/2003;0,25;P
12/02/2003;0,16;P
13/02/2003;0,11;P
14/02/2003;0,08;P
15/02/2003;-0,17;P
16/02/2003;-0,25;P
17/02/2003;-0,16;P
18/02/2003;-0,04;P
19/02/2003;-0,11;P
20/02/2003;-0,14;P
21/02/2003;-0,22;P
22/02/2003;-0,30;P
23/02/2003;-0,36;P
24/02/2003;-0,30;P
25/02/2003;-0,25;P
26/02/2003;-0,28;P
27/02/2003;-0,20;P
28/02/2003;-0,02;P
01/03/2003;-0,23;P
02/03/2003;-0,33;P
03/03/2003;0,75;P
04/03/2003;0,61;P
05/03/2003;0,36;P
06/03/2003;0,22;P
07/03/2003;0,18;P
08/03/2003;0,00;@
09/03/2003;-0,03;P
10/03/2003;-0,03;P
11/03/2003;-0,10;P
12/03/2003;-0,06;P
13/03/2003;-0,09;P
14/03/2003;-0,11;P
15/03/2003;-0,25;P
16/03/2003;-0,37;P
17/03/2003;-0,28;P
18/03/2003;-0,15;P
19/03/2003;-0,18;P
20/03/2003;-0,26;P
21/03/2003;-0,23;P
22/03/2003;-0,27;P
23/03/2003;-0,42;P
24/03/2003;-0,39;P
25/03/2003;-0,34;P
26/03/2003;-0,31;P
27/03/2003;-0,24;P
28/03/2003;-0,17;P
29/03/2003;-0,34;P
30/03/2003;-0,45;P
31/03/2003;-0,29;P
01/04/2003;-0,24;P
02/04/2003;-0,25;P
03/04/2003;-0,08;P
04/04/2003;0,23;P
05/04/2003;0,11;P
06/04/2003;-0,17;P
07/04/2003;-0,22;P
08/04/2003;-0,16;P
09/04/2003;-0,18;P
10/04/2003;-0,09;P
11/04/2003;0,15;P
12/04/2003;0,51;P
13/04/2003;0,53;P
14/04/2003;0,43;P
15/04/2003;0,30;P
16/04/2003;0,16;P
17/04/2003;0,03;P
18/04/2003;-0,09;P
19/04/2003;-0,26;P
20/04/2003;-0,32;P
21/04/2003;-0,11;P
22/04/2003;0,30;P
23/04/2003;0,15;P
24/04/2003;0,12;P
25/04/2003;-0,06;P
26/04/2003;-0,30;P
27/04/2003;-0,30;P
28/04/2003;-0,14;P
29/04/2003;-0,10;P
30/04/2003;-0,14;P
01/05/2003;-0,30;P
02/05/2003;-0,25;P
03/05/2003;-0,27;P
04/05/2003;-0,42;P
05/05/2003;-0,40;P
06/05/2003;-0,29;P
07/05/2003;-0,29;P
08/05/2003;-0,24;P
09/05/2003;-0,28;P
10/05/2003;-0,37;P
11/05/2003;-0,46;P
12/05/2003;-0,38;P
13/05/2003;-0,41;P
14/05/2003;-0,43;P
15/05/2003;-0,43;P
16/05/2003;-0,44;P
17/05/2003;-0,50;P
18/05/2003;-0,53;P
19/05/2003;-0,53;P
20/05/2003;-0,52;P
21/05/2003;-0,52;P
22/05/2003;-0,53;P
23/05/2003;-0,54;P
24/05/2003;-0,55;P
25/05/2003;-0,55;P
26/05/2003;-0,55;P
27/05/2003;-0,53;P
28/05/2003;-0,55;P
29/05/2003;-0,56;P
30/05/2003;-0,57;P
31/05/2003;-0,50;P
01/06/2003;-0,55;P
02/06/2003;-0,43;P
03/06/2003;-0,42;P
04/06/2003;-0,54;P
05/06/2003;-0,45;P
06/06/2003;-0,40;P
07/06/2003;-0,51;P
08/06/2003;-0,59;P
09/06/2003;-0,53;P
10/06/2003;-0,51;P
11/06/2003;-0,53;P
12/06/2003;-0,55;P
13/06/2003;-0,61;P
14/06/2003;-0,61;P
15/06/2003;-0,60;P
16/06/2003;-0,60;P
17/06/2003;-0,46;P
18/06/2003;-0,41;P
19/06/2003;-0,23;P
20/06/2003;-0,33;P
21/06/2003;-0,42;P
22/06/2003;-0,58;P
23/06/2003;-0,60;P
24/06/2003;-0,61;P
25/06/2003;-0,61;P
26/06/2003;-0,62;P
27/06/2003;-0,61;P
28/06/2003;-0,61;P
29/06/2003;-0,58;P
30/06/2003;-0,61;P
01/07/2003;-0,61;P
02/07/2003;-0,65;P
03/07/2003;-0,66;P
04/07/2003;-0,66;P
05/07/2003;-0,61;P
06/07/2003;-0,59;P
07/07/2003;-0,59;P
08/07/2003;-0,59;P
09/07/2003;-0,59;P
10/07/2003;-0,59;P
11/07/2003;-0,59;P
12/07/2003;-0,58;P
13/07/2003;-0,57;P
14/07/2003;-0,57;P
15/07/2003;-0,57;P
16/07/2003;-0,57;P
17/07/2003;-0,57;P
18/07/2003;-0,57;P
19/07/2003;-0,59;P
20/07/2003;-0,60;P
21/07/2003;-0,60;P
22/07/2003;-0,58;P
23/07/2003;-0,58;P
24/07/2003;-0,57;P
25/07/2003;-0,57;P
26/07/2003;-0,57;P
27/07/2003;-0,57;P
28/07/2003;-0,58;P
29/07/2003;-0,57;P
30/07/2003;-0,58;P
31/07/2003;-0,58;P
01/08/2003;-0,56;P
02/08/2003;-0,57;P
03/08/2003;-0,59;P
04/08/2003;-0,60;P
05/08/2003;-0,60;P
06/08/2003;-0,58;P
07/08/2003;-0,57;P
08/08/2003;-0,58;P
09/08/2003;-0,59;P
10/08/2003;-0,59;P
11/08/2003;-0,58;P
12/08/2003;-0,58;P
13/08/2003;-0,58;P
14/08/2003;-0,58;P
15/08/2003;-0,58;P
16/08/2003;-0,59;P
17/08/2003;-0,59;P
18/08/2003;-0,60;P
19/08/2003;-0,59;P
20/08/2003;-0,59;P
21/08/2003;-0,59;P
22/08/2003;-0,59;P
23/08/2003;-0,59;P
24/08/2003;-0,60;P
25/08/2003;-0,58;P
26/08/2003;-0,50;P
27/08/2003;-0,58;P
28/08/2003;-0,58;P
29/08/2003;-0,57;P
30/08/2003;-0,58;P
31/08/2003;-0,58;P
01/09/2003;-0,57;P
02/09/2003;-0,58;P
03/09/2003;-0,59;P
04/09/2003;-0,60;P
05/09/2003;-0,59;P
06/09/2003;-0,58;P
07/09/2003;-0,58;P
08/09/2003;-0,57;P
09/09/2003;-0,57;P
10/09/2003;-0,58;P
11/09/2003;-0,57;P
12/09/2003;-0,60;P
13/09/2003;-0,60;P
14/09/2003;-0,59;P
15/09/2003;-0,59;P
16/09/2003;-0,60;P
17/09/2003;-0,61;P
18/09/2003;-0,61;P
19/09/2003;-0,61;P
20/09/2003;-0,60;P
21/09/2003;-0,59;P
22/09/2003;-0,61;P
23/09/2003;-0,60;P
24/09/2003;-0,54;P
25/09/2003;-0,59;P
26/09/2003;-0,61;P
27/09/2003;-0,60;P
28/09/2003;-0,59;P
29/09/2003;-0,57;P
30/09/2003;-0,59;P
01/10/2003;-0,58;P
02/10/2003;-0,59;P
03/10/2003;-0,58;P
04/10/2003;-0,60;P
05/10/2003;-0,51;P
06/10/2003;-0,56;P
07/10/2003;-0,58;P
08/10/2003;-0,60;P
09/10/2003;-0,61;P
10/10/2003;-0,61;P
11/10/2003;-0,61;P
12/10/2003;-0,60;P
13/10/2003;-0,60;P
14/10/2003;-0,60;P
15/10/2003;-0,60;P
16/10/2003;-0,60;P
17/10/2003;-0,60;P
18/10/2003;-0,59;P
19/10/2003;-0,58;P
20/10/2003;-0,50;P
21/10/2003;-0,40;P
22/10/2003;-0,45;P
23/10/2003;-0,54;P
24/10/2003;-0,59;P
25/10/2003;-0,59;P
26/10/2003;-0,62;P
27/10/2003;-0,46;P
28/10/2003;-0,40;P
29/10/2003;-0,32;P
30/10/2003;0,27;P
31/10/2003;-0,01;P
01/11/2003;0,39;P
02/11/2003;0,33;P
03/11/2003;-0,17;P
04/11/2003;-0,31;P
05/11/2003;-0,39;P
06/11/2003;-0,36;P
07/11/2003;-0,36;P
08/11/2003;-0,25;P
09/11/2003;-0,33;P
10/11/2003;-0,20;P
11/11/2003;-0,26;P
12/11/2003;-0,35;P
13/11/2003;-0,38;P
14/11/2003;-0,38;P
15/11/2003;-0,41;P
16/11/2003;-0,51;P
17/11/2003;-0,44;P
18/11/2003;-0,36;P
19/11/2003;-0,38;P
20/11/2003;-0,36;P
21/11/2003;-0,38;P
22/11/2003;-0,44;P
23/11/2003;-0,55;P
24/11/2003;-0,48;P
25/11/2003;-0,38;P
26/11/2003;0,31;P
27/11/2003;1,29;P
28/11/2003;2,57;P
29/11/2003;1,18;P
30/11/2003;0,44;P
01/12/2003;0,24;P
02/12/2003;0,10;P
03/12/2003;-0,04;P
04/12/2003;-0,03;P
05/12/2003;-0,08;P
06/12/2003;-0,26;P
07/12/2003;-0,39;P
08/12/2003;-0,42;P
09/12/2003;-0,34;P
10/12/2003;-0,30;P
11/12/2003;-0,17;P
12/12/2003;-0,30;P
13/12/2003;-0,33;P
14/12/2003;-0,41;P
15/12/2003;-0,33;P
16/12/2003;-0,34;P
17/12/2003;-0,32;P
18/12/2003;-0,30;P
19/12/2003;-0,35;P
20/12/2003;-0,47;P
21/12/2003;-0,42;P
22/12/2003;-0,01;P
23/12/2003;0,02;P
24/12/2003;0,03;P
25/12/2003;-0,18;P
26/12/2003;-0,42;P
27/12/2003;-0,36;P
28/12/2003;-0,40;P
29/12/2003;-0,28;P
30/12/2003;0,22;P
31/12/2003;0,57;P
01/01/2004;0,21;P
02/01/2004;0,30;P
03/01/2004;-0,05;P
04/01/2004;-0,32;P
05/01/2004;-0,22;P
06/01/2004;-0,25;P
07/01/2004;-0,30;P
08/01/2004;-0,32;P
09/01/2004;-0,19;P
10/01/2004;-0,23;P
11/01/2004;-0,43;P
12/01/2004;-0,36;P
13/01/2004;-0,29;P
14/01/2004;-0,22;P
15/01/2004;-0,13;P
16/01/2004;0,00;@
17/01/2004;0,10;P
18/01/2004;1,61;P
19/01/2004;1,51;P
20/01/2004;0,66;P
21/01/2004;0,40;P
22/01/2004;0,30;P
23/01/2004;0,28;P
24/01/2004;-0,04;P
25/01/2004;-0,23;P
26/01/2004;-0,13;P
27/01/2004;-0,03;P
28/01/2004;0,05;P
29/01/2004;0,16;P
30/01/2004;0,22;P
31/01/2004;-0,09;P
01/02/2004;-0,22;P
02/02/2004;0,12;P
03/02/2004;0,34;P
04/02/2004;0,52;P
05/02/2004;0,36;P
06/02/2004;0,29;P
07/02/2004;0,04;P
08/02/2004;0,03;P
09/02/2004;0,23;P
10/02/2004;0,21;P
11/02/2004;0,16;P
12/02/2004;0,13;P
13/02/2004;-0,11;P
14/02/2004;-0,28;P
15/02/2004;-0,34;P
16/02/2004;-0,29;P
17/02/2004;-0,24;P
18/02/2004;-0,28;P
19/02/2004;-0,02;P
20/02/2004;0,41;P
21/02/2004;0,30;P
22/02/2004;1,08;P
23/02/2004;2,32;P
24/02/2004;1,69;P
25/02/2004;1,10;P
26/02/2004;0,90;P
27/02/2004;1,16;P
28/02/2004;1,49;P
29/02/2004;1,43;P
01/03/2004;0,96;P
02/03/2004;0,73;P
03/03/2004;0,38;P
04/03/2004;0,32;P
05/03/2004;0,43;P
06/03/2004;0,12;P
07/03/2004;0,46;P
08/03/2004;1,00;P
09/03/2004;0,55;P
10/03/2004;0,48;P
11/03/2004;0,33;P
12/03/2004;0,43;P
13/03/2004;0,42;P
14/03/2004;0,33;P
15/03/2004;0,33;P
16/03/2004;0,19;P
17/03/2004;0,36;P
18/03/2004;0,29;P
19/03/2004;0,17;P
20/03/2004;-0,10;P
21/03/2004;-0,24;P
22/03/2004;0,11;P
23/03/2004;0,05;P
24/03/2004;0,05;P
25/03/2004;0,60;P
26/03/2004;0,42;P
27/03/2004;0,21;P
28/03/2004;0,17;P
29/03/2004;0,20;P
30/03/2004;0,06;P
31/03/2004;0,03;P
01/04/2004;0,05;P
02/04/2004;-0,03;P
03/04/2004;-0,25;P
04/04/2004;-0,34;P
05/04/2004;-0,12;P
06/04/2004;0,10;P
07/04/2004;-0,26;P
08/04/2004;-0,03;P
09/04/2004;0,11;P
10/04/2004;-0,25;P
11/04/2004;-0,33;P
12/04/2004;-0,33;P
13/04/2004;-0,06;P
14/04/2004;-0,01;P
15/04/2004;-0,09;P
16/04/2004;-0,17;P
17/04/2004;0,11;P
18/04/2004;0,83;P
19/04/2004;0,97;P
20/04/2004;2,00;P
21/04/2004;1,20;P
22/04/2004;0,87;P
23/04/2004;0,75;P
24/04/2004;0,24;P
25/04/2004;0,34;P
26/04/2004;0,23;P
27/04/2004;0,28;P
28/04/2004;0,09;P
29/04/2004;0,07;P
30/04/2004;0,11;P
01/05/2004;-0,14;P
02/05/2004;-0,28;P
03/05/2004;-0,09;P
04/05/2004;0,35;P
05/05/2004;1,35;P
06/05/2004;2,63;P
07/05/2004;2,40;P
08/05/2004;2,62;P
09/05/2004;1,79;P
10/05/2004;1,10;P
11/05/2004;0,90;P
12/05/2004;0,69;P
13/05/2004;0,59;P
14/05/2004;0,45;P
15/05/2004;-0,04;P
16/05/2004;-0,19;P
17/05/2004;0,03;P
18/05/2004;0,00;@
19/05/2004;-0,01;P
20/05/2004;-0,03;P
21/05/2004;0,03;P
22/05/2004;-0,25;P
23/05/2004;-0,36;P
24/05/2004;-0,12;P
25/05/2004;-0,19;P
26/05/2004;-0,23;P
27/05/2004;-0,20;P
28/05/2004;-0,26;P
29/05/2004;-0,38;P
30/05/2004;-0,45;P
31/05/2004;-0,25;P
01/06/2004;-0,18;P
02/06/2004;-0,30;P
03/06/2004;-0,11;P
04/06/2004;-0,08;P
05/06/2004;-0,13;P
06/06/2004;-0,26;P
07/06/2004;-0,41;P
08/06/2004;-0,41;P
09/06/2004;-0,43;P
10/06/2004;-0,43;P
11/06/2004;-0,47;P
12/06/2004;-0,40;P
13/06/2004;-0,53;P
14/06/2004;-0,41;P
15/06/2004;-0,38;P
16/06/2004;-0,48;P
17/06/2004;-0,53;P
18/06/2004;-0,43;P
19/06/2004;-0,46;P
20/06/2004;-0,55;P
21/06/2004;-0,50;P
22/06/2004;-0,50;P
23/06/2004;-0,47;P
24/06/2004;-0,51;P
25/06/2004;-0,49;P
26/06/2004;-0,55;P
27/06/2004;-0,59;P
28/06/2004;-0,54;P
29/06/2004;-0,37;P
30/06/2004;-0,42;P
01/07/2004;-0,45;P
02/07/2004;-0,49;P
03/07/2004;-0,53;P
04/07/2004;-0,59;P
05/07/2004;-0,59;P
06/07/2004;-0,60;P
07/07/2004;-0,61;P
08/07/2004;-0,62;P
09/07/2004;-0,62;P
10/07/2004;-0,61;P
11/07/2004;-0,62;P
12/07/2004;-0,61;P
13/07/2004;-0,60;P
14/07/2004;-0,60;P
15/07/2004;-0,60;P
16/07/2004;-0,61;P
17/07/2004;-0,61;P
18/07/2004;-0,61;P
19/07/2004;-0,61;P
20/07/2004;-0,60;P
21/07/2004;-0,60;P
22/07/2004;-0,60;P
23/07/2004;-0,61;P
24/07/2004;-0,60;P
25/07/2004;-0,57;P
26/07/2004;-0,58;P
27/07/2004;-0,61;P
28/07/2004;-0,62;P
29/07/2004;-0,63;P
30/07/2004;-0,62;P
31/07/2004;-0,61;P
01/08/2004;-0,61;P
02/08/2004;-0,61;P
03/08/2004;-0,60;P
04/08/2004;-0,60;P
05/08/2004;-0,55;P
06/08/2004;-0,58;P
07/08/2004;-0,59;P
08/08/2004;-0,61;P
09/08/2004;-0,55;P
10/08/2004;-0,53;P
11/08/2004;-0,60;P
12/08/2004;-0,62;P
13/08/2004;-0,62;P
14/08/2004;-0,63;P
15/08/2004;-0,63;P
16/08/2004;-0,63;P
17/08/2004;-0,63;P
18/08/2004;-0,63;P
19/08/2004;-0,62;P
20/08/2004;-0,62;P
21/08/2004;-0,63;P
22/08/2004;-0,64;P
23/08/2004;-0,62;P
24/08/2004;-0,62;P
25/08/2004;-0,61;P
26/08/2004;-0,60;P
27/08/2004;-0,61;P
28/08/2004;-0,61;P
29/08/2004;-0,61;P
30/08/2004;-0,61;P
31/08/2004;-0,61;P
01/09/2004;-0,62;P
02/09/2004;-0,62;P
03/09/2004;-0,62;P
04/09/2004;-0,62;P
05/09/2004;-0,62;P
06/09/2004;-0,62;P
07/09/2004;-0,62;P
08/09/2004;-0,61;P
09/09/2004;-0,54;P
10/09/2004;-0,61;P
11/09/2004;-0,61;P
12/09/2004;-0,60;P
13/09/2004;-0,60;P
14/09/2004;-0,58;P
15/09/2004;-0,26;P
16/09/2004;-0,17;P
17/09/2004;-0,22;P
18/09/2004;-0,40;P
19/09/2004;-0,62;P
20/09/2004;-0,50;P
21/09/2004;-0,49;P
22/09/2004;-0,60;P
23/09/2004;-0,60;P
24/09/2004;-0,58;P
25/09/2004;-0,52;P
26/09/2004;-0,60;P
27/09/2004;-0,62;P
28/09/2004;-0,63;P
29/09/2004;-0,63;P
30/09/2004;-0,60;P
01/10/2004;-0,60;P
02/10/2004;-0,60;P
03/10/2004;-0,59;P
04/10/2004;-0,60;P
05/10/2004;-0,60;P
06/10/2004;-0,60;P
07/10/2004;-0,59;P
08/10/2004;-0,49;P
09/10/2004;-0,47;P
10/10/2004;-0,52;P
11/10/2004;-0,37;P
12/10/2004;-0,48;P
13/10/2004;-0,56;P
14/10/2004;-0,59;P
15/10/2004;-0,38;P
16/10/2004;-0,23;P
17/10/2004;0,28;P
18/10/2004;-0,11;P
19/10/2004;0,05;P
20/10/2004;-0,30;P
21/10/2004;-0,56;P
22/10/2004;-0,59;P
23/10/2004;-0,61;P
24/10/2004;-0,61;P
25/10/2004;-0,62;P
26/10/2004;-0,62;P
27/10/2004;-0,58;P
28/10/2004;-0,57;P
29/10/2004;0,09;P
30/10/2004;2,79;P
31/10/2004;0,83;P
01/11/2004;0,26;P
02/11/2004;-0,14;P
03/11/2004;-0,19;P
04/11/2004;-0,17;P
05/11/2004;-0,30;P
06/11/2004;-0,43;P
07/11/2004;-0,54;P
08/11/2004;-0,42;P
09/11/2004;-0,31;P
10/11/2004;0,32;P
11/11/2004;0,75;P
12/11/2004;0,73;P
13/11/2004;0,28;P
14/11/2004;0,21;P
15/11/2004;0,08;P
16/11/2004;-0,07;P
17/11/2004;-0,08;P
18/11/2004;-0,20;P
19/11/2004;-0,26;P
20/11/2004;-0,36;P
21/11/2004;-0,49;P
22/11/2004;-0,37;P
23/11/2004;-0,26;P
24/11/2004;-0,29;P
25/11/2004;-0,28;P
26/11/2004;-0,28;P
27/11/2004;-0,35;P
28/11/2004;-0,49;P
29/11/2004;-0,33;P
30/11/2004;0,13;P
01/12/2004;0,35;P
02/12/2004;0,18;P
03/12/2004;0,86;P
04/12/2004;1,36;P
05/12/2004;3,68;P
06/12/2004;2,54;P
07/12/2004;1,27;P
08/12/2004;0,78;P
09/12/2004;0,57;P
10/12/2004;0,54;P
11/12/2004;0,16;P
12/12/2004;0,03;P
13/12/2004;0,10;P
14/12/2004;0,02;P
15/12/2004;-0,04;P
16/12/2004;-0,09;P
17/12/2004;-0,07;P
18/12/2004;-0,20;P
19/12/2004;0,51;P
20/12/2004;0,51;P
21/12/2004;0,37;P
22/12/2004;0,15;P
23/12/2004;-0,01;P
24/12/2004;-0,02;P
25/12/2004;-0,04;P
26/12/2004;0,65;P
27/12/2004;2,01;P
28/12/2004;1,76;P
29/12/2004;1,11;P
30/12/2004;0,77;P
31/12/2004;0,52;P
01/01/2005;0,50;P
02/01/2005;0,01;P
03/01/2005;-0,11;P
04/01/2005;0,06;P
05/01/2005;0,08;P
06/01/2005;-0,05;P
07/01/2005;-0,05;P
08/01/2005;-0,15;P
09/01/2005;-0,36;P
10/01/2005;-0,04;P
11/01/2005;-0,02;P
12/01/2005;-0,05;P
13/01/2005;-0,05;P
14/01/2005;-0,09;P
15/01/2005;-0,33;P
16/01/2005;-0,42;P
17/01/2005;-0,20;P
18/01/2005;-0,17;P
19/01/2005;-0,07;P
20/01/2005;0,16;P
21/01/2005;0,29;P
22/01/2005;-0,12;P
23/01/2005;-0,32;P
24/01/2005;-0,26;P
25/01/2005;-0,01;P
26/01/2005;-0,05;P
27/01/2005;-0,04;P
28/01/2005;0,05;P
29/01/2005;-0,25;P
30/01/2005;-0,42;P
31/01/2005;-0,29;P
01/02/2005;-0,14;P
02/02/2005;-0,20;P
03/02/2005;-0,24;P
04/02/2005;-0,22;P
05/02/2005;-0,36;P
06/02/2005;-0,46;P
07/02/2005;-0,36;P
08/02/2005;-0,25;P
09/02/2005;-0,25;P
10/02/2005;-0,28;P
11/02/2005;-0,18;P
12/02/2005;-0,38;P
13/02/2005;-0,43;P
14/02/2005;-0,19;P
15/02/2005;-0,12;P
16/02/2005;-0,24;P
17/02/2005;-0,17;P
18/02/2005;0,01;P
19/02/2005;-0,33;P
20/02/2005;-0,46;P
21/02/2005;-0,44;P
22/02/2005;-0,30;P
23/02/2005;-0,18;P
24/02/2005;-0,31;P
25/02/2005;0,12;P
26/02/2005;-0,08;P
27/02/2005;-0,04;P
28/02/2005;0,16;P
01/03/2005;0,02;P
02/03/2005;-0,04;P
03/03/2005;-0,03;P
04/03/2005;0,06;P
05/03/2005;-0,18;P
06/03/2005;-0,25;P
07/03/2005;0,01;P
08/03/2005;0,05;P
09/03/2005;0,05;P
10/03/2005;0,18;P
11/03/2005;0,06;P
12/03/2005;0,10;P
13/03/2005;0,27;P
14/03/2005;0,40;P
15/03/2005;0,39;P
16/03/2005;0,29;P
17/03/2005;0,23;P
18/03/2005;0,46;P
19/03/2005;0,35;P
20/03/2005;0,12;P
21/03/2005;0,33;P
22/03/2005;0,24;P
23/03/2005;0,18;P
24/03/2005;-0,03;P
25/03/2005;0,12;P
26/03/2005;0,00;@
27/03/2005;0,14;P
28/03/2005;0,79;P
29/03/2005;0,59;P
30/03/2005;0,57;P
31/03/2005;0,34;P
01/04/2005;0,06;P
02/04/2005;-0,16;P
03/04/2005;-0,27;P
04/04/2005;-0,11;P
05/04/2005;-0,04;P
06/04/2005;-0,11;P
07/04/2005;-0,10;P
08/04/2005;-0,03;P
09/04/2005;-0,13;P
10/04/2005;0,06;P
11/04/2005;1,49;P
12/04/2005;1,19;P
13/04/2005;0,72;P
14/04/2005;0,57;P
15/04/2005;0,42;P
16/04/2005;0,39;P
17/04/2005;0,68;P
18/04/2005;0,53;P
19/04/2005;0,57;P
20/04/2005;0,66;P
21/04/2005;0,78;P
22/04/2005;0,83;P
23/04/2005;0,57;P
24/04/2005;0,28;P
25/04/2005;0,15;P
26/04/2005;0,15;P
27/04/2005;0,16;P
28/04/2005;0,07;P
29/04/2005;0,08;P
30/04/2005;-0,17;P
01/05/2005;-0,27;P
02/05/2005;-0,15;P
03/05/2005;-0,05;P
04/05/2005;-0,14;P
05/05/2005;-0,17;P
06/05/2005;-0,13;P
07/05/2005;-0,28;P
08/05/2005;-0,39;P
09/05/2005;-0,24;P
10/05/2005;-0,19;P
11/05/2005;-0,23;P
12/05/2005;-0,29;P
13/05/2005;-0,23;P
14/05/2005;-0,35;P
15/05/2005;-0,40;P
16/05/2005;-0,34;P
17/05/2005;-0,28;P
18/05/2005;-0,06;P
19/05/2005;-0,01;P
20/05/2005;-0,08;P
21/05/2005;-0,15;P
22/05/2005;-0,40;P
23/05/2005;-0,21;P
24/05/2005;-0,31;P
25/05/2005;-0,43;P
26/05/2005;-0,44;P
27/05/2005;-0,45;P
28/05/2005;-0,45;P
29/05/2005;-0,52;P
30/05/2005;-0,50;P
31/05/2005;-0,42;P
01/06/2005;-0,46;P
02/06/2005;-0,51;P
03/06/2005;-0,51;P
04/06/2005;-0,44;P
05/06/2005;-0,45;P
06/06/2005;-0,45;P
07/06/2005;-0,42;P
08/06/2005;-0,43;P
09/06/2005;-0,51;P
10/06/2005;-0,56;P
11/06/2005;-0,42;P
12/06/2005;-0,55;P
13/06/2005;-0,56;P
14/06/2005;-0,50;P
15/06/2005;-0,35;P
16/06/2005;-0,32;P
17/06/2005;-0,46;P
18/06/2005;-0,49;P
19/06/2005;-0,56;P
20/06/2005;-0,54;P
21/06/2005;-0,51;P
22/06/2005;-0,53;P
23/06/2005;-0,56;P
24/06/2005;-0,57;P
25/06/2005;-0,57;P
26/06/2005;-0,59;P
27/06/2005;-0,60;P
28/06/2005;-0,60;P
29/06/2005;-0,59;P
30/06/2005;-0,56;P
01/07/2005;-0,50;P
02/07/2005;-0,53;P
03/07/2005;-0,62;P
04/07/2005;-0,63;P
05/07/2005;-0,63;P
06/07/2005;-0,62;P
07/07/2005;-0,60;P
08/07/2005;-0,58;P
09/07/2005;-0,58;P
10/07/2005;-0,58;P
11/07/2005;-0,54;P
12/07/2005;-0,56;P
13/07/2005;-0,57;P
14/07/2005;-0,59;P
15/07/2005;-0,60;P
16/07/2005;-0,62;P
17/07/2005;-0,63;P
18/07/2005;-0,61;P
19/07/2005;-0,57;P
20/07/2005;-0,58;P
21/07/2005;-0,59;P
22/07/2005;-0,59;P
23/07/2005;-0,57;P
24/07/2005;-0,57;P
25/07/2005;-0,59;P
26/07/2005;-0,59;P
27/07/2005;-0,55;P
28/07/2005;-0,59;P
29/07/2005;-0,59;P
30/07/2005;-0,60;P
31/07/2005;-0,61;P
01/08/2005;-0,60;P
02/08/2005;-0,55;P
03/08/2005;-0,53;P
04/08/2005;-0,51;P
05/08/2005;-0,55;P
06/08/2005;-0,56;P
07/08/2005;-0,56;P
08/08/2005;-0,57;P
09/08/2005;-0,58;P
10/08/2005;-0,58;P
11/08/2005;-0,53;P
12/08/2005;-0,41;P
13/08/2005;-0,50;P
14/08/2005;-0,52;P
15/08/2005;-0,51;P
16/08/2005;-0,55;P
17/08/2005;-0,57;P
18/08/2005;-0,57;P
19/08/2005;-0,59;P
20/08/2005;-0,58;P
21/08/2005;-0,52;P
22/08/2005;-0,52;P
23/08/2005;-0,54;P
24/08/2005;-0,52;P
25/08/2005;-0,54;P
26/08/2005;-0,57;P
27/08/2005;-0,58;P
28/08/2005;-0,48;P
29/08/2005;-0,51;P
30/08/2005;-0,56;P
31/08/2005;-0,57;P
01/09/2005;-0,58;P
02/09/2005;-0,58;P
03/09/2005;-0,55;P
04/09/2005;-0,52;P
05/09/2005;-0,51;P
06/09/2005;-0,57;P
07/09/2005;-0,56;P
08/09/2005;-0,56;P
09/09/2005;-0,29;P
10/09/2005;-0,03;P
11/09/2005;-0,26;P
12/09/2005;-0,29;P
13/09/2005;-0,49;P
14/09/2005;-0,46;P
15/09/2005;-0,44;P
16/09/2005;-0,50;P
17/09/2005;-0,43;P
18/09/2005;-0,24;P
19/09/2005;-0,06;P
20/09/2005;-0,06;P
21/09/2005;-0,37;P
22/09/2005;-0,51;P
23/09/2005;-0,51;P
24/09/2005;-0,53;P
25/09/2005;-0,56;P
26/09/2005;-0,56;P
27/09/2005;-0,31;P
28/09/2005;-0,46;P
29/09/2005;-0,45;P
30/09/2005;-0,46;P
01/10/2005;-0,52;P
02/10/2005;-0,44;P
03/10/2005;-0,21;P
04/10/2005;-0,34;P
05/10/2005;-0,01;P
06/10/2005;-0,11;P
07/10/2005;-0,21;P
08/10/2005;-0,30;P
09/10/2005;0,35;P
10/10/2005;0,24;P
11/10/2005;0,04;P
12/10/2005;-0,16;P
13/10/2005;-0,31;P
14/10/2005;-0,31;P
15/10/2005;-0,44;P
16/10/2005;-0,55;P
17/10/2005;-0,56;P
18/10/2005;-0,58;P
19/10/2005;-0,56;P
20/10/2005;0,49;P
21/10/2005;1,15;P
22/10/2005;1,63;P
23/10/2005;0,75;P
24/10/2005;0,21;P
25/10/2005;0,11;P
26/10/2005;-0,13;P
27/10/2005;-0,23;P
28/10/2005;-0,29;P
29/10/2005;-0,43;P
30/10/2005;-0,47;P
31/10/2005;-0,35;P
01/11/2005;-0,43;P
02/11/2005;-0,02;P
03/11/2005;0,05;P
04/11/2005;-0,09;P
05/11/2005;-0,10;P
06/11/2005;1,54;P
07/11/2005;1,90;P
08/11/2005;0,83;P
09/11/2005;0,52;P
10/11/2005;0,34;P
11/11/2005;0,03;P
12/11/2005;-0,26;P
13/11/2005;-0,36;P
14/11/2005;-0,07;P
15/11/2005;0,91;P
16/11/2005;1,92;P
17/11/2005;0,93;P
18/11/2005;0,82;P
19/11/2005;0,34;P
20/11/2005;-0,04;P
21/11/2005;-0,09;P
22/11/2005;-0,12;P
23/11/2005;-0,16;P
24/11/2005;-0,22;P
25/11/2005;-0,01;P
26/11/2005;3,78;P
27/11/2005;4,20;P
28/11/2005;2,28;P
29/11/2005;1,53;P
30/11/2005;2,33;P
01/12/2005;1,82;P
02/12/2005;1,35;P
03/12/2005;2,58;P
04/12/2005;2,32;P
05/12/2005;2,13;P
06/12/2005;2,78;P
07/12/2005;2,13;P
08/12/2005;1,39;P
09/12/2005;1,74;P
10/12/2005;1,87;P
11/12/2005;1,17;P
12/12/2005;1,08;P
13/12/2005;0,98;P
14/12/2005;0,91;P
15/12/2005;0,86;P
16/12/2005;0,54;P
17/12/2005;0,32;P
18/12/2005;0,14;P
19/12/2005;0,21;P
20/12/2005;0,28;P
21/12/2005;0,13;P
22/12/2005;0,01;P
23/12/2005;0,05;P
24/12/2005;0,02;P
25/12/2005;-0,07;P
26/12/2005;0,07;P
27/12/2005;0,61;P
28/12/2005;0,71;P
29/12/2005;0,42;P
30/12/2005;0,21;P
31/12/2005;0,15;P
01/01/2006;2,15;P
02/01/2006;2,85;P
03/01/2006;1,45;P
04/01/2006;1,06;P
05/01/2006;0,74;P
06/01/2006;0,80;P
07/01/2006;0,56;P
08/01/2006;0,12;P
09/01/2006;0,14;P
10/01/2006;0,15;P
11/01/2006;0,00;@
12/01/2006;0,05;P
13/01/2006;0,07;P
14/01/2006;-0,01;P
15/01/2006;-0,23;P
16/01/2006;0,03;P
17/01/2006;0,08;P
18/01/2006;1,20;P
19/01/2006;0,80;P
20/01/2006;0,50;P
21/01/2006;0,29;P
22/01/2006;0,15;P
23/01/2006;0,04;P
24/01/2006;0,04;P
25/01/2006;0,01;P
26/01/2006;0,03;P
27/01/2006;0,03;P
28/01/2006;0,06;P
29/01/2006;-0,09;P
30/01/2006;-0,13;P
31/01/2006;-0,10;P
01/02/2006;-0,09;P
02/02/2006;-0,01;P
03/02/2006;-0,08;P
04/02/2006;-0,12;P
05/02/2006;-0,30;P
06/02/2006;-0,12;P
07/02/2006;-0,09;P
08/02/2006;-0,26;P
09/02/2006;-0,18;P
10/02/2006;-0,03;P
11/02/2006;-0,26;P
12/02/2006;-0,39;P
13/02/2006;-0,34;P
14/02/2006;-0,35;P
15/02/2006;-0,28;P
16/02/2006;-0,14;P
17/02/2006;0,62;P
18/02/2006;0,35;P
19/02/2006;0,18;P
20/02/2006;0,57;P
21/02/2006;0,76;P
22/02/2006;0,73;P
23/02/2006;0,70;P
24/02/2006;0,66;P
25/02/2006;0,53;P
26/02/2006;0,26;P
27/02/2006;0,38;P
28/02/2006;0,24;P
01/03/2006;0,16;P
02/03/2006;0,24;P
03/03/2006;0,47;P
04/03/2006;0,43;P
05/03/2006;1,04;P
06/03/2006;2,02;P
07/03/2006;1,08;P
08/03/2006;0,89;P
09/03/2006;0,57;P
10/03/2006;0,40;P
11/03/2006;;@
12/03/2006;;@
13/03/2006;0,48;P
14/03/2006;0,32;P
15/03/2006;0,26;P
16/03/2006;0,17;P
17/03/2006;0,11;P
18/03/2006;0,24;P
19/03/2006;0,21;P
20/03/2006;0,24;P
21/03/2006;0,25;P
22/03/2006;0,28;P
23/03/2006;0,44;P
24/03/2006;0,49;P
25/03/2006;0,50;P
26/03/2006;0,10;P
27/03/2006;0,18;P
28/03/2006;0,35;P
29/03/2006;0,17;P
30/03/2006;0,04;P
31/03/2006;0,29;P
01/04/2006;0,13;P
02/04/2006;-0,17;P
03/04/2006;-0,01;P
04/04/2006;-0,01;P
05/04/2006;-0,01;P
06/04/2006;0,04;P
07/04/2006;0,03;P
08/04/2006;-0,27;P
09/04/2006;-0,34;P
10/04/2006;-0,10;P
11/04/2006;-0,05;P
12/04/2006;-0,29;P
13/04/2006;-0,12;P
14/04/2006;-0,08;P
15/04/2006;-0,29;P
16/04/2006;-0,39;P
17/04/2006;-0,30;P
18/04/2006;-0,14;P
19/04/2006;-0,04;P
20/04/2006;-0,02;P
21/04/2006;-0,06;P
22/04/2006;-0,25;P
23/04/2006;-0,41;P
24/04/2006;-0,42;P
25/04/2006;-0,42;P
26/04/2006;-0,20;P
27/04/2006;-0,06;P
28/04/2006;-0,08;P
29/04/2006;-0,21;P
30/04/2006;-0,18;P
01/05/2006;-0,03;P
02/05/2006;0,11;P
03/05/2006;0,01;P
04/05/2006;-0,11;P
05/05/2006;-0,02;P
06/05/2006;-0,26;P
07/05/2006;-0,46;P
08/05/2006;-0,37;P
09/05/2006;0,04;P
10/05/2006;-0,02;P
11/05/2006;-0,06;P
12/05/2006;-0,10;P
13/05/2006;-0,31;P
14/05/2006;-0,40;P
15/05/2006;-0,33;P
16/05/2006;-0,25;P
17/05/2006;-0,24;P
18/05/2006;-0,26;P
19/05/2006;-0,24;P
20/05/2006;-0,38;P
21/05/2006;-0,48;P
22/05/2006;-0,49;P
23/05/2006;-0,50;P
24/05/2006;-0,46;P
25/05/2006;-0,48;P
26/05/2006;-0,50;P
27/05/2006;-0,51;P
28/05/2006;-0,52;P
29/05/2006;-0,52;P
30/05/2006;-0,48;P
31/05/2006;-0,45;P
01/06/2006;-0,34;P
02/06/2006;-0,30;P
03/06/2006;-0,39;P
04/06/2006;-0,50;P
05/06/2006;-0,46;P
06/06/2006;-0,39;P
07/06/2006;-0,36;P
08/06/2006;-0,41;P
09/06/2006;-0,42;P
10/06/2006;-0,42;P
11/06/2006;-0,53;P
12/06/2006;-0,51;P
13/06/2006;-0,46;P
14/06/2006;-0,51;P
15/06/2006;-0,53;P
16/06/2006;-0,56;P
17/06/2006;-0,57;P
18/06/2006;-0,58;P
19/06/2006;-0,58;P
20/06/2006;-0,58;P
21/06/2006;-0,58;P
22/06/2006;-0,58;P
23/06/2006;-0,59;P
24/06/2006;-0,60;P
25/06/2006;-0,59;P
26/06/2006;-0,60;P
27/06/2006;-0,60;P
28/06/2006;-0,60;P
29/06/2006;-0,62;P
30/06/2006;-0,63;P
01/07/2006;-0,62;P
02/07/2006;-0,63;P
03/07/2006;-0,63;P
04/07/2006;-0,62;P
05/07/2006;-0,62;P
06/07/2006;-0,61;P
07/07/2006;-0,52;P
08/07/2006;-0,52;P
09/07/2006;-0,52;P
10/07/2006;-0,50;P
11/07/2006;-0,58;P
12/07/2006;-0,61;P
13/07/2006;-0,62;P
14/07/2006;-0,61;P
15/07/2006;-0,61;P
16/07/2006;-0,62;P
17/07/2006;-0,62;P
18/07/2006;-0,62;P
19/07/2006;-0,62;P
20/07/2006;-0,62;P
21/07/2006;-0,62;P
22/07/2006;-0,61;P
23/07/2006;-0,59;P
24/07/2006;-0,56;P
25/07/2006;-0,60;P
26/07/2006;-0,60;P
27/07/2006;-0,59;P
28/07/2006;-0,52;P
29/07/2006;-0,58;P
30/07/2006;-0,59;P
31/07/2006;-0,59;P
01/08/2006;-0,59;P
02/08/2006;-0,60;P
03/08/2006;-0,59;P
04/08/2006;-0,60;P
05/08/2006;-0,55;P
06/08/2006;-0,54;P
07/08/2006;-0,60;P
08/08/2006;-0,59;P
09/08/2006;-0,58;P
10/08/2006;-0,59;P
11/08/2006;-0,52;P
12/08/2006;-0,47;P
13/08/2006;-0,50;P
14/08/2006;-0,57;P
15/08/2006;-0,58;P
16/08/2006;-0,59;P
17/08/2006;-0,59;P
18/08/2006;-0,58;P
19/08/2006;-0,59;P
20/08/2006;-0,58;P
21/08/2006;-0,59;P
22/08/2006;-0,57;P
23/08/2006;-0,51;P
24/08/2006;-0,59;P
25/08/2006;-0,59;P
26/08/2006;-0,60;P
27/08/2006;-0,57;P
28/08/2006;-0,55;P
29/08/2006;-0,56;P
30/08/2006;-0,51;P
31/08/2006;-0,52;P
01/09/2006;-0,60;P
02/09/2006;-0,61;P
03/09/2006;-0,61;P
04/09/2006;-0,61;P
05/09/2006;-0,61;P
06/09/2006;-0,61;P
07/09/2006;-0,60;P
08/09/2006;-0,60;P
09/09/2006;-0,62;P
10/09/2006;-0,61;P
11/09/2006;-0,61;P
12/09/2006;-0,60;P
13/09/2006;-0,59;P
14/09/2006;-0,58;P
15/09/2006;-0,43;P
16/09/2006;-0,50;P
17/09/2006;0,98;P
18/09/2006;0,57;P
19/09/2006;0,12;P
20/09/2006;-0,26;P
21/09/2006;-0,38;P
22/09/2006;-0,45;P
23/09/2006;-0,54;P
24/09/2006;-0,56;P
25/09/2006;-0,54;P
26/09/2006;-0,42;P
27/09/2006;-0,42;P
28/09/2006;-0,55;P
29/09/2006;-0,56;P
30/09/2006;-0,57;P
01/10/2006;-0,57;P
02/10/2006;-0,57;P
03/10/2006;-0,56;P
04/10/2006;-0,57;P
05/10/2006;-0,59;P
06/10/2006;-0,59;P
07/10/2006;-0,57;P
08/10/2006;-0,53;P
09/10/2006;-0,56;P
10/10/2006;-0,57;P
11/10/2006;-0,58;P
12/10/2006;-0,58;P
13/10/2006;-0,58;P
14/10/2006;-0,58;P
15/10/2006;-0,58;P
16/10/2006;-0,59;P
17/10/2006;-0,59;P
18/10/2006;-0,59;P
19/10/2006;-0,57;P
20/10/2006;-0,37;P
21/10/2006;-0,37;P
22/10/2006;0,08;P
23/10/2006;-0,27;P
24/10/2006;-0,28;P
25/10/2006;-0,31;P
26/10/2006;-0,49;P
27/10/2006;-0,54;P
28/10/2006;-0,55;P
29/10/2006;-0,55;P
30/10/2006;-0,51;P
31/10/2006;-0,31;P
01/11/2006;-0,42;P
02/11/2006;-0,55;P
03/11/2006;-0,57;P
04/11/2006;-0,55;P
05/11/2006;-0,56;P
06/11/2006;-0,56;P
07/11/2006;-0,57;P
08/11/2006;-0,57;P
09/11/2006;-0,58;P
10/11/2006;-0,59;P
11/11/2006;-0,59;P
12/11/2006;-0,49;P
13/11/2006;-0,47;P
14/11/2006;-0,58;P
15/11/2006;-0,58;P
16/11/2006;-0,56;P
17/11/2006;-0,57;P
18/11/2006;-0,55;P
19/11/2006;-0,45;P
20/11/2006;-0,46;P
21/11/2006;-0,33;P
22/11/2006;0,56;P
23/11/2006;0,52;P
24/11/2006;0,20;P
25/11/2006;-0,25;P
26/11/2006;-0,43;P
27/11/2006;-0,31;P
28/11/2006;-0,37;P
29/11/2006;-0,48;P
30/11/2006;-0,50;P
01/12/2006;-0,46;P
02/12/2006;-0,40;P
03/12/2006;-0,51;P
04/12/2006;-0,50;P
05/12/2006;-0,50;P
06/12/2006;-0,42;P
07/12/2006;-0,39;P
08/12/2006;-0,35;P
09/12/2006;0,74;P
10/12/2006;0,88;P
11/12/2006;0,38;P
12/12/2006;0,11;P
13/12/2006;-0,10;P
14/12/2006;-0,28;P
15/12/2006;-0,22;P
16/12/2006;-0,25;P
17/12/2006;-0,31;P
18/12/2006;-0,36;P
19/12/2006;-0,33;P
20/12/2006;-0,42;P
21/12/2006;-0,39;P
22/12/2006;-0,37;P
23/12/2006;-0,38;P
24/12/2006;-0,50;P
25/12/2006;-0,51;P
26/12/2006;-0,52;P
27/12/2006;-0,45;P
28/12/2006;-0,48;P
29/12/2006;-0,41;P
30/12/2006;-0,39;P
31/12/2006;-0,52;P
01/01/2007;-0,50;P
02/01/2007;-0,32;P
03/01/2007;-0,28;P
04/01/2007;-0,10;P
05/01/2007;-0,12;P
06/01/2007;-0,30;P
07/01/2007;-0,50;P
08/01/2007;-0,45;P
09/01/2007;-0,27;P
10/01/2007;-0,30;P
11/01/2007;-0,32;P
12/01/2007;-0,16;P
13/01/2007;-0,28;P
14/01/2007;-0,47;P
15/01/2007;-0,49;P
16/01/2007;-0,39;P
17/01/2007;-0,41;P
18/01/2007;-0,41;P
19/01/2007;-0,40;P
20/01/2007;-0,38;P
21/01/2007;-0,51;P
22/01/2007;-0,52;P
23/01/2007;-0,31;P
24/01/2007;-0,11;P
25/01/2007;-0,05;P
26/01/2007;-0,07;P
27/01/2007;-0,15;P
28/01/2007;-0,33;P
29/01/2007;-0,31;P
30/01/2007;-0,24;P
31/01/2007;-0,25;P
01/02/2007;-0,28;P
02/02/2007;-0,28;P
03/02/2007;-0,38;P
04/02/2007;-0,48;P
05/02/2007;-0,39;P
06/02/2007;-0,26;P
07/02/2007;-0,19;P
08/02/2007;0,19;P
09/02/2007;1,00;P
10/02/2007;0,84;P
11/02/2007;0,38;P
12/02/2007;0,25;P
13/02/2007;1,54;P
14/02/2007;0,98;P
15/02/2007;0,59;P
16/02/2007;0,30;P
17/02/2007;0,06;P
18/02/2007;-0,02;P
19/02/2007;-0,07;P
20/02/2007;-0,12;P
21/02/2007;-0,13;P
22/02/2007;0,07;P
23/02/2007;-0,22;P
24/02/2007;-0,18;P
25/02/2007;-0,20;P
26/02/2007;0,76;P
27/02/2007;0,28;P
28/02/2007;-0,10;P
01/03/2007;0,19;P
02/03/2007;0,17;P
03/03/2007;-0,07;P
04/03/2007;-0,30;P
05/03/2007;-0,22;P
06/03/2007;-0,10;P
07/03/2007;-0,12;P
08/03/2007;-0,11;P
09/03/2007;-0,18;P
10/03/2007;-0,24;P
11/03/2007;-0,28;P
12/03/2007;-0,27;P
13/03/2007;-0,19;P
14/03/2007;-0,19;P
15/03/2007;-0,21;P
16/03/2007;-0,22;P
17/03/2007;-0,33;P
18/03/2007;-0,45;P
19/03/2007;-0,42;P
20/03/2007;-0,02;P
21/03/2007;0,25;P
22/03/2007;0,39;P
23/03/2007;0,18;P
24/03/2007;0,01;P
25/03/2007;-0,10;P
26/03/2007;-0,10;P
27/03/2007;0,08;P
28/03/2007;0,33;P
29/03/2007;0,25;P
30/03/2007;0,30;P
31/03/2007;0,08;P
01/04/2007;0,27;P
02/04/2007;0,04;P
03/04/2007;0,05;P
04/04/2007;0,09;P
05/04/2007;0,07;P
06/04/2007;0,03;P
07/04/2007;-0,01;P
08/04/2007;-0,27;P
09/04/2007;-0,37;P
10/04/2007;-0,27;P
11/04/2007;-0,23;P
12/04/2007;-0,22;P
13/04/2007;-0,23;P
14/04/2007;-0,37;P
15/04/2007;-0,47;P
16/04/2007;-0,34;P
17/04/2007;-0,33;P
18/04/2007;-0,39;P
19/04/2007;-0,39;P
20/04/2007;-0,36;P
21/04/2007;-0,41;P
22/04/2007;-0,52;P
23/04/2007;-0,45;P
24/04/2007;-0,43;P
25/04/2007;-0,43;P
26/04/2007;-0,44;P
27/04/2007;-0,43;P
28/04/2007;-0,51;P
29/04/2007;-0,56;P
30/04/2007;-0,37;P
01/05/2007;-0,45;P
02/05/2007;-0,44;P
03/05/2007;-0,36;P
04/05/2007;-0,24;P
05/05/2007;-0,31;P
06/05/2007;-0,13;P
07/05/2007;-0,22;P
08/05/2007;-0,28;P
09/05/2007;-0,29;P
10/05/2007;-0,29;P
11/05/2007;-0,30;P
12/05/2007;-0,42;P
13/05/2007;-0,56;P
14/05/2007;-0,57;P
15/05/2007;-0,58;P
16/05/2007;-0,59;P
17/05/2007;-0,59;P
18/05/2007;-0,59;P
19/05/2007;-0,60;P
20/05/2007;-0,60;P
21/05/2007;-0,61;P
22/05/2007;-0,61;P
23/05/2007;-0,62;P
24/05/2007;-0,51;P
25/05/2007;-0,50;P
26/05/2007;-0,61;P
27/05/2007;-0,60;P
28/05/2007;-0,48;P
29/05/2007;-0,09;P
30/05/2007;-0,18;P
31/05/2007;-0,39;P
01/06/2007;-0,41;P
02/06/2007;-0,14;P
03/06/2007;-0,45;P
04/06/2007;-0,51;P
05/06/2007;-0,47;P
06/06/2007;-0,45;P
07/06/2007;-0,35;P
08/06/2007;0,02;P
09/06/2007;-0,38;P
10/06/2007;-0,52;P
11/06/2007;-0,49;P
12/06/2007;-0,43;P
13/06/2007;-0,52;P
14/06/2007;-0,60;P
15/06/2007;-0,61;P
16/06/2007;-0,61;P
17/06/2007;-0,62;P
18/06/2007;-0,60;P
19/06/2007;-0,58;P
20/06/2007;-0,63;P
21/06/2007;-0,64;P
22/06/2007;-0,64;P
23/06/2007;-0,65;P
24/06/2007;-0,66;P
25/06/2007;-0,65;P
26/06/2007;-0,64;P
27/06/2007;-0,64;P
28/06/2007;-0,65;P
29/06/2007;-0,65;P
30/06/2007;-0,65;P
01/07/2007;-0,65;P
02/07/2007;-0,65;P
03/07/2007;-0,63;P
04/07/2007;-0,61;P
05/07/2007;-0,62;P
06/07/2007;-0,60;P
07/07/2007;-0,53;P
08/07/2007;-0,57;P
09/07/2007;-0,60;P
10/07/2007;-0,62;P
11/07/2007;-0,62;P
12/07/2007;-0,63;P
13/07/2007;-0,63;P
14/07/2007;-0,62;P
15/07/2007;-0,62;P
16/07/2007;-0,61;P
17/07/2007;-0,62;P
18/07/2007;-0,62;P
19/07/2007;-0,62;P
20/07/2007;-0,61;P
21/07/2007;-0,60;P
22/07/2007;-0,60;P
23/07/2007;-0,60;P
24/07/2007;-0,59;P
25/07/2007;-0,60;P
26/07/2007;-0,61;P
27/07/2007;-0,60;P
28/07/2007;-0,60;P
29/07/2007;-0,61;P
30/07/2007;-0,61;P
31/07/2007;-0,61;P
01/08/2007;-0,62;P
02/08/2007;-0,62;P
03/08/2007;-0,60;P
04/08/2007;-0,61;P
05/08/2007;-0,62;P
06/08/2007;-0,62;P
07/08/2007;-0,62;P
08/08/2007;-0,52;P
09/08/2007;-0,45;P
10/08/2007;-0,56;P
11/08/2007;-0,58;P
12/08/2007;-0,59;P
13/08/2007;-0,59;P
14/08/2007;-0,60;P
15/08/2007;-0,61;P
16/08/2007;-0,61;P
17/08/2007;-0,61;P
18/08/2007;-0,62;P
19/08/2007;-0,62;P
20/08/2007;-0,53;P
21/08/2007;-0,57;P
22/08/2007;-0,56;P
23/08/2007;-0,54;P
24/08/2007;-0,51;P
25/08/2007;-0,57;P
26/08/2007;-0,57;P
27/08/2007;;@
28/08/2007;-0,58;P
29/08/2007;-0,58;P
30/08/2007;-0,58;P
31/08/2007;-0,58;P
01/09/2007;-0,60;P
02/09/2007;-0,60;P
03/09/2007;-0,61;P
04/09/2007;-0,56;P
05/09/2007;-0,57;P
06/09/2007;-0,60;P
07/09/2007;-0,61;P
08/09/2007;-0,61;P
09/09/2007;-0,61;P
10/09/2007;-0,61;P
11/09/2007;-0,60;P
12/09/2007;-0,62;P
13/09/2007;-0,62;P
14/09/2007;-0,62;P
15/09/2007;-0,62;P
16/09/2007;-0,60;P
17/09/2007;-0,48;P
18/09/2007;-0,49;P
19/09/2007;-0,55;P
20/09/2007;-0,50;P
21/09/2007;-0,57;P
22/09/2007;-0,58;P
23/09/2007;-0,58;P
24/09/2007;-0,59;P
25/09/2007;-0,59;P
26/09/2007;-0,57;P
27/09/2007;-0,51;P
28/09/2007;-0,38;P
29/09/2007;-0,44;P
30/09/2007;-0,58;P
01/10/2007;-0,40;P
02/10/2007;-0,54;P
03/10/2007;-0,60;P
04/10/2007;-0,60;P
05/10/2007;;@
06/10/2007;;@
07/10/2007;-0,61;P
08/10/2007;-0,62;P
09/10/2007;-0,62;P
10/10/2007;-0,62;P
11/10/2007;-0,62;P
12/10/2007;-0,63;P
13/10/2007;-0,63;P
14/10/2007;-0,62;P
15/10/2007;-0,63;P
16/10/2007;-0,63;P
17/10/2007;-0,62;P
18/10/2007;-0,61;P
19/10/2007;-0,62;P
20/10/2007;-0,60;P
21/10/2007;-0,59;P
22/10/2007;-0,58;P
23/10/2007;-0,57;P
24/10/2007;-0,59;P
25/10/2007;-0,58;P
26/10/2007;-0,51;P
27/10/2007;-0,50;P
28/10/2007;-0,57;P
29/10/2007;-0,60;P
30/10/2007;-0,47;P
31/10/2007;-0,23;P
01/11/2007;-0,47;P
02/11/2007;-0,45;P
03/11/2007;-0,53;P
04/11/2007;-0,58;P
05/11/2007;-0,59;P
06/11/2007;-0,60;P
07/11/2007;-0,62;P
08/11/2007;-0,62;P
09/11/2007;-0,60;P
10/11/2007;-0,60;P
11/11/2007;-0,59;P
12/11/2007;-0,60;P
13/11/2007;-0,61;P
14/11/2007;-0,51;P
15/11/2007;-0,39;P
16/11/2007;-0,52;P
17/11/2007;-0,59;P
18/11/2007;;@
19/11/2007;-0,61;P
20/11/2007;-0,61;P
21/11/2007;-0,59;P
22/11/2007;-0,57;P
23/11/2007;-0,57;P
24/11/2007;-0,56;P
25/11/2007;-0,53;P
26/11/2007;-0,55;P
27/11/2007;-0,56;P
28/11/2007;-0,57;P
29/11/2007;-0,57;P
30/11/2007;-0,57;P
01/12/2007;-0,57;P
02/12/2007;-0,57;P
03/12/2007;-0,52;P
04/12/2007;-0,45;P
05/12/2007;-0,51;P
06/12/2007;-0,54;P
07/12/2007;-0,47;P
08/12/2007;0,07;P
09/12/2007;-0,18;P
10/12/2007;-0,07;P
11/12/2007;-0,09;P
12/12/2007;-0,26;P
13/12/2007;-0,30;P
14/12/2007;-0,35;P
15/12/2007;-0,44;P
16/12/2007;-0,49;P
17/12/2007;-0,43;P
18/12/2007;-0,47;P
19/12/2007;-0,55;P
20/12/2007;-0,56;P
21/12/2007;-0,50;P
22/12/2007;-0,51;P
23/12/2007;-0,55;P
24/12/2007;-0,53;P
25/12/2007;-0,54;P
26/12/2007;-0,55;P
27/12/2007;-0,43;P
28/12/2007;-0,49;P
29/12/2007;-0,38;P
30/12/2007;-0,56;P
31/12/2007;-0,57;P
01/01/2008;-0,41;P
02/01/2008;-0,56;P
03/01/2008;-0,57;P
04/01/2008;-0,52;P
05/01/2008;-0,49;P
06/01/2008;-0,46;P
07/01/2008;-0,28;P
08/01/2008;-0,05;P
09/01/2008;-0,27;P
10/01/2008;-0,43;P
11/01/2008;-0,23;P
12/01/2008;0,27;P
13/01/2008;1,27;P
14/01/2008;0,49;P
15/01/2008;0,15;P
16/01/2008;0,10;P
17/01/2008;1,28;P
18/01/2008;0,91;P
19/01/2008;0,65;P
20/01/2008;0,17;P
21/01/2008;-0,05;P
22/01/2008;-0,06;P
23/01/2008;-0,26;P
24/01/2008;-0,34;P
25/01/2008;-0,02;P
26/01/2008;-0,22;P
27/01/2008;-0,29;P
28/01/2008;-0,24;P
29/01/2008;-0,24;P
30/01/2008;-0,46;P
31/01/2008;-0,44;P
01/02/2008;-0,44;P
02/02/2008;-0,43;P
03/02/2008;0,90;P
04/02/2008;1,10;P
05/02/2008;1,35;P
06/02/2008;0,80;P
07/02/2008;0,44;P
08/02/2008;0,17;P
09/02/2008;0,03;P
10/02/2008;-0,24;P
11/02/2008;-0,07;P
12/02/2008;-0,29;P
13/02/2008;0,06;P
14/02/2008;-0,18;P
15/02/2008;-0,20;P
16/02/2008;-0,37;P
17/02/2008;-0,45;P
18/02/2008;-0,45;P
19/02/2008;-0,45;P
20/02/2008;-0,44;P
21/02/2008;-0,36;P
22/02/2008;-0,30;P
23/02/2008;-0,37;P
24/02/2008;-0,48;P
25/02/2008;-0,34;P
26/02/2008;-0,43;P
27/02/2008;-0,28;P
28/02/2008;-0,32;P
29/02/2008;-0,43;P
01/03/2008;-0,23;P
02/03/2008;-0,43;P
03/03/2008;-0,29;P
04/03/2008;-0,39;P
05/03/2008;-0,29;P
06/03/2008;-0,38;P
07/03/2008;-0,28;P
08/03/2008;-0,36;P
09/03/2008;-0,40;P
10/03/2008;-0,20;P
11/03/2008;-0,08;P
12/03/2008;0,06;P
13/03/2008;-0,12;P
14/03/2008;0,09;P
15/03/2008;-0,06;P
16/03/2008;-0,28;P
17/03/2008;-0,23;P
18/03/2008;-0,18;P
19/03/2008;-0,13;P
20/03/2008;-0,24;P
21/03/2008;-0,14;P
22/03/2008;1,07;P
23/03/2008;0,97;P
24/03/2008;0,64;P
25/03/2008;0,67;P
26/03/2008;0,38;P
27/03/2008;0,35;P
28/03/2008;0,37;P
29/03/2008;0,34;P
30/03/2008;0,40;P
31/03/2008;0,37;P
01/04/2008;0,14;P
02/04/2008;0,08;P
03/04/2008;-0,14;P
04/04/2008;-0,06;P
05/04/2008;-0,14;P
06/04/2008;-0,16;P
07/04/2008;-0,15;P
08/04/2008;-0,10;P
09/04/2008;-0,08;P
10/04/2008;-0,07;P
11/04/2008;-0,09;P
12/04/2008;0,43;P
13/04/2008;0,13;P
14/04/2008;0,32;P
15/04/2008;0,38;P
16/04/2008;0,25;P
17/04/2008;0,18;P
18/04/2008;0,22;P
19/04/2008;1,08;P
20/04/2008;0,42;P
21/04/2008;0,49;P
22/04/2008;0,53;P
23/04/2008;0,56;P
24/04/2008;0,47;P
25/04/2008;0,24;P
26/04/2008;0,18;P
27/04/2008;-0,07;P
28/04/2008;0,00;@
29/04/2008;-0,07;P
30/04/2008;0,05;P
01/05/2008;-0,14;P
02/05/2008;-0,13;P
03/05/2008;-0,18;P
04/05/2008;-0,37;P
05/05/2008;-0,33;P
06/05/2008;-0,23;P
07/05/2008;-0,35;P
08/05/2008;-0,25;P
09/05/2008;-0,39;P
10/05/2008;-0,36;P
11/05/2008;-0,45;P
12/05/2008;-0,38;P
13/05/2008;-0,43;P
14/05/2008;-0,47;P
15/05/2008;-0,46;P
16/05/2008;-0,47;P
17/05/2008;-0,33;P
18/05/2008;-0,45;P
19/05/2008;-0,24;P
20/05/2008;-0,15;P
21/05/2008;-0,06;P
22/05/2008;0,09;P
23/05/2008;0,29;P
24/05/2008;-0,07;P
25/05/2008;-0,30;P
26/05/2008;-0,26;P
27/05/2008;-0,20;P
28/05/2008;-0,29;P
29/05/2008;-0,33;P
30/05/2008;-0,28;P
31/05/2008;-0,32;P
01/06/2008;-0,27;P
02/06/2008;-0,28;P
03/06/2008;-0,36;P
04/06/2008;-0,36;P
05/06/2008;-0,38;P
06/06/2008;-0,29;P
07/06/2008;-0,36;P
08/06/2008;-0,28;P
09/06/2008;-0,14;P
10/06/2008;-0,37;P
11/06/2008;-0,26;P
12/06/2008;-0,22;P
13/06/2008;-0,05;P
14/06/2008;0,42;P
15/06/2008;0,18;P
16/06/2008;0,03;P
17/06/2008;-0,08;P
18/06/2008;-0,27;P
19/06/2008;-0,33;P
20/06/2008;-0,23;P
21/06/2008;-0,23;P
22/06/2008;-0,27;P
23/06/2008;-0,23;P
24/06/2008;-0,31;P
25/06/2008;-0,32;P
26/06/2008;-0,38;P
27/06/2008;-0,51;P
28/06/2008;-0,55;P
29/06/2008;-0,57;P
30/06/2008;-0,57;P
01/07/2008;-0,56;P
02/07/2008;-0,56;P
03/07/2008;-0,54;P
04/07/2008;-0,56;P
05/07/2008;-0,57;P
06/07/2008;-0,57;P
07/07/2008;-0,57;P
08/07/2008;-0,57;P
09/07/2008;-0,59;P
10/07/2008;-0,60;P
11/07/2008;-0,61;P
12/07/2008;-0,61;P
13/07/2008;-0,56;P
14/07/2008;-0,53;P
15/07/2008;-0,56;P
16/07/2008;-0,58;P
17/07/2008;-0,58;P
18/07/2008;-0,57;P
19/07/2008;-0,58;P
20/07/2008;-0,57;P
21/07/2008;-0,58;P
22/07/2008;-0,59;P
23/07/2008;-0,59;P
24/07/2008;-0,59;P
25/07/2008;-0,61;P
26/07/2008;-0,60;P
27/07/2008;-0,60;P
28/07/2008;-0,59;P
29/07/2008;-0,60;P
30/07/2008;-0,60;P
31/07/2008;-0,60;P
01/08/2008;-0,60;P
02/08/2008;-0,60;P
03/08/2008;-0,61;P
04/08/2008;-0,60;P
05/08/2008;-0,60;P
06/08/2008;-0,60;P
07/08/2008;-0,60;P
08/08/2008;-0,60;P
09/08/2008;-0,61;P
10/08/2008;-0,62;P
11/08/2008;-0,61;P
12/08/2008;-0,61;P
13/08/2008;-0,59;P
14/08/2008;-0,59;P
15/08/2008;-0,57;P
16/08/2008;-0,52;P
17/08/2008;-0,55;P
18/08/2008;-0,57;P
19/08/2008;-0,57;P
20/08/2008;-0,57;P
21/08/2008;-0,58;P
22/08/2008;-0,58;P
23/08/2008;-0,57;P
24/08/2008;-0,58;P
25/08/2008;-0,59;P
26/08/2008;-0,59;P
27/08/2008;-0,59;P
28/08/2008;-0,59;P
29/08/2008;-0,59;P
30/08/2008;-0,59;P
31/08/2008;-0,59;P
01/09/2008;-0,59;P
02/09/2008;-0,59;P
03/09/2008;-0,58;P
04/09/2008;-0,57;P
05/09/2008;-0,58;P
06/09/2008;-0,58;P
07/09/2008;-0,58;P
08/09/2008;-0,56;P
09/09/2008;-0,59;P
10/09/2008;-0,59;P
11/09/2008;-0,58;P
12/09/2008;-0,53;P
13/09/2008;-0,35;P
14/09/2008;-0,37;P
15/09/2008;-0,38;P
16/09/2008;-0,50;P
17/09/2008;-0,56;P
18/09/2008;-0,56;P
19/09/2008;-0,55;P
20/09/2008;-0,55;P
21/09/2008;-0,55;P
22/09/2008;-0,56;P
23/09/2008;-0,56;P
24/09/2008;-0,57;P
25/09/2008;-0,57;P
26/09/2008;-0,56;P
27/09/2008;-0,55;P
28/09/2008;-0,56;P
29/09/2008;-0,57;P
30/09/2008;-0,57;P
01/10/2008;-0,56;P
02/10/2008;-0,56;P
03/10/2008;-0,57;P
04/10/2008;-0,57;P
05/10/2008;-0,58;P
06/10/2008;-0,57;P
07/10/2008;-0,58;P
08/10/2008;-0,59;P
09/10/2008;-0,59;P
10/10/2008;-0,59;P
11/10/2008;-0,59;P
12/10/2008;-0,59;P
13/10/2008;-0,59;P
14/10/2008;-0,59;P
15/10/2008;-0,58;P
16/10/2008;-0,57;P
17/10/2008;-0,58;P
18/10/2008;-0,60;P
19/10/2008;-0,61;P
20/10/2008;-0,61;P
21/10/2008;-0,59;P
22/10/2008;-0,59;P
23/10/2008;-0,59;P
24/10/2008;-0,60;P
25/10/2008;-0,59;P
26/10/2008;-0,60;P
27/10/2008;-0,59;P
28/10/2008;-0,55;P
29/10/2008;-0,45;P
30/10/2008;-0,48;P
31/10/2008;-0,38;P
01/11/2008;-0,38;P
02/11/2008;-0,47;P
03/11/2008;-0,38;P
04/11/2008;-0,22;P
05/11/2008;-0,16;P
06/11/2008;-0,39;P
07/11/2008;-0,48;P
08/11/2008;-0,55;P
09/11/2008;-0,57;P
10/11/2008;-0,58;P
11/11/2008;-0,57;P
12/11/2008;-0,48;P
13/11/2008;-0,40;P
14/11/2008;-0,36;P
15/11/2008;-0,39;P
16/11/2008;-0,39;P
17/11/2008;-0,43;P
18/11/2008;-0,44;P
19/11/2008;-0,55;P
20/11/2008;-0,43;P
21/11/2008;-0,39;P
22/11/2008;-0,43;P
23/11/2008;-0,55;P
24/11/2008;-0,43;P
25/11/2008;-0,13;P
26/11/2008;-0,21;P
27/11/2008;-0,28;P
28/11/2008;0,05;P
29/11/2008;0,48;P
30/11/2008;1,37;P
01/12/2008;1,88;P
02/12/2008;1,48;P
03/12/2008;1,13;P
04/12/2008;0,64;P
05/12/2008;1,16;P
06/12/2008;2,16;P
07/12/2008;1,18;P
08/12/2008;0,84;P
09/12/2008;0,33;P
10/12/2008;0,57;P
11/12/2008;3,82;P
12/12/2008;2,19;P
13/12/2008;1,67;P
14/12/2008;1,15;P
15/12/2008;0,97;P
16/12/2008;1,09;P
17/12/2008;1,07;P
18/12/2008;0,90;P
19/12/2008;0,82;P
20/12/2008;0,73;P
21/12/2008;0,22;P
22/12/2008;0,03;P
23/12/2008;0,03;P
24/12/2008;0,31;P
25/12/2008;0,22;P
26/12/2008;0,03;P
27/12/2008;-0,09;P
28/12/2008;-0,31;P
29/12/2008;-0,14;P
30/12/2008;-0,05;P
31/12/2008;-0,11;P
01/01/2009;-0,04;V
02/01/2009;0,24;V
03/01/2009;0,24;V
04/01/2009;0,17;V
05/01/2009;-0,07;V
06/01/2009;-0,05;V
07/01/2009;-0,03;V
08/01/2009;0,12;V
09/01/2009;0,04;V
10/01/2009;0,13;V
11/01/2009;0,09;V
12/01/2009;-0,05;V
13/01/2009;-0,24;V
14/01/2009;-0,08;V
15/01/2009;-0,02;V
16/01/2009;-0,05;V
17/01/2009;-0,17;V
18/01/2009;-0,20;V
19/01/2009;-0,15;V
20/01/2009;0,19;V
21/01/2009;0,61;V
22/01/2009;0,79;V
23/01/2009;0,41;V
24/01/2009;0,76;V
25/01/2009;1,22;V
26/01/2009;1,11;V
27/01/2009;1,12;V
28/01/2009;0,87;V
29/01/2009;0,53;V
30/01/2009;0,22;V
31/01/2009;0,07;V
01/02/2009;0,20;V
02/02/2009;0,29;V
03/02/2009;1,76;V
04/02/2009;1,84;V
05/02/2009;1,25;V
06/02/2009;1,44;V
07/02/2009;1,95;V
08/02/2009;1,89;V
09/02/2009;1,31;V
10/02/2009;1,10;V
11/02/2009;0,99;V
12/02/2009;0,64;V
13/02/2009;0,55;V
14/02/2009;0,26;V
15/02/2009;0,16;V
16/02/2009;0,40;V
17/02/2009;0,18;V
18/02/2009;0,19;V
19/02/2009;0,08;V
20/02/2009;0,08;V
21/02/2009;0,04;V
22/02/2009;-0,03;V
23/02/2009;-0,13;V
24/02/2009;-0,24;V
25/02/2009;-0,11;V
26/02/2009;-0,15;V
27/02/2009;-0,12;V
28/02/2009;-0,10;V
01/03/2009;-0,17;V
02/03/2009;-0,08;V
03/03/2009;0,04;V
04/03/2009;0,70;V
05/03/2009;2,68;V
06/03/2009;2,02;V
07/03/2009;1,09;V
08/03/2009;0,87;V
09/03/2009;0,76;V
10/03/2009;0,26;V
11/03/2009;0,17;V
12/03/2009;0,16;V
13/03/2009;0,26;V
14/03/2009;0,11;V
15/03/2009;-0,06;V
16/03/2009;0,08;V
17/03/2009;-0,03;V
18/03/2009;-0,05;V
19/03/2009;0,00;V
20/03/2009;-0,04;V
21/03/2009;-0,06;V
22/03/2009;-0,22;V
23/03/2009;-0,02;V
24/03/2009;-0,06;V
25/03/2009;-0,14;V
26/03/2009;-0,14;V
27/03/2009;-0,12;V
28/03/2009;0,00;V
29/03/2009;0,57;V
30/03/2009;1,33;V
31/03/2009;1,06;V
01/04/2009;0,94;V
02/04/2009;0,86;V
03/04/2009;0,84;V
04/04/2009;0,75;V
05/04/2009;0,63;V
06/04/2009;0,48;V
07/04/2009;-0,06;V
08/04/2009;0,09;V
09/04/2009;0,26;V
10/04/2009;0,28;V
11/04/2009;0,28;V
12/04/2009;0,06;V
13/04/2009;0,01;V
14/04/2009;-0,02;V
15/04/2009;-0,07;V
16/04/2009;-0,05;V
17/04/2009;-0,14;V
18/04/2009;-0,21;V
19/04/2009;-0,20;V
20/04/2009;0,36;V
21/04/2009;0,08;V
22/04/2009;0,05;V
23/04/2009;0,19;V
24/04/2009;0,07;V
25/04/2009;-0,17;V
26/04/2009;-0,10;V
27/04/2009;0,13;V
28/04/2009;-0,31;V
29/04/2009;-0,17;V
30/04/2009;0,07;V
01/05/2009;-0,08;V
02/05/2009;0,27;V
03/05/2009;0,09;V
04/05/2009;0,08;V
05/05/2009;-0,04;V
06/05/2009;-0,16;V
07/05/2009;-0,22;V
08/05/2009;-0,25;V
09/05/2009;-0,24;V
10/05/2009;-0,35;V
11/05/2009;-0,34;V
12/05/2009;-0,24;V
13/05/2009;-0,36;V
14/05/2009;-0,45;V
15/05/2009;-0,30;V
16/05/2009;-0,15;V
17/05/2009;-0,31;V
18/05/2009;-0,21;V
19/05/2009;-0,46;V
20/05/2009;-0,51;V
21/05/2009;-0,51;V
22/05/2009;-0,51;V
23/05/2009;-0,52;V
24/05/2009;-0,53;V
25/05/2009;-0,54;V
26/05/2009;-0,54;V
27/05/2009;-0,55;V
28/05/2009;-0,54;V
29/05/2009;-0,56;V
30/05/2009;-0,57;V
31/05/2009;-0,54;V
01/06/2009;-0,39;V
02/06/2009;-0,39;V
03/06/2009;-0,24;V
04/06/2009;-0,39;V
05/06/2009;-0,43;V
06/06/2009;-0,52;V
07/06/2009;-0,38;V
08/06/2009;-0,43;V
09/06/2009;-0,47;V
10/06/2009;-0,42;V
11/06/2009;-0,44;V
12/06/2009;-0,55;V
13/06/2009;-0,49;V
14/06/2009;-0,57;V
15/06/2009;-0,58;V
16/06/2009;-0,58;V
17/06/2009;-0,58;V
18/06/2009;-0,60;V
19/06/2009;-0,43;V
20/06/2009;-0,47;V
21/06/2009;-0,58;V
22/06/2009;-0,58;V
23/06/2009;-0,55;V
24/06/2009;-0,59;V
25/06/2009;-0,60;V
26/06/2009;-0,58;V
27/06/2009;-0,52;V
28/06/2009;-0,52;V
29/06/2009;-0,56;V
30/06/2009;-0,56;V
01/07/2009;-0,51;V
02/07/2009;-0,50;V
03/07/2009;-0,44;V
04/07/2009;-0,53;V
05/07/2009;-0,56;V
06/07/2009;-0,24;V
07/07/2009;-0,45;V
08/07/2009;-0,53;V
09/07/2009;-0,59;V
10/07/2009;-0,59;V
11/07/2009;-0,59;V
12/07/2009;-0,58;V
13/07/2009;-0,58;V
14/07/2009;-0,60;V
15/07/2009;-0,61;V
16/07/2009;-0,62;V
17/07/2009;-0,62;V
18/07/2009;-0,61;V
19/07/2009;-0,60;V
20/07/2009;-0,60;V
21/07/2009;-0,60;V
22/07/2009;-0,61;V
23/07/2009;-0,62;V
24/07/2009;-0,63;V
25/07/2009;-0,62;V
26/07/2009;-0,62;V
27/07/2009;-0,62;V
28/07/2009;-0,62;V
29/07/2009;-0,61;V
30/07/2009;-0,61;V
31/07/2009;-0,61;V
01/08/2009;-0,61;V
02/08/2009;-0,61;V
03/08/2009;-0,57;V
04/08/2009;-0,56;V
05/08/2009;-0,58;V
06/08/2009;-0,59;V
07/08/2009;-0,59;V
08/08/2009;-0,59;V
09/08/2009;-0,58;V
10/08/2009;-0,56;V
11/08/2009;-0,56;V
12/08/2009;-0,57;V
13/08/2009;-0,57;V
14/08/2009;-0,58;V
15/08/2009;-0,58;V
16/08/2009;-0,58;V
17/08/2009;-0,57;V
18/08/2009;-0,57;V
19/08/2009;-0,33;V
20/08/2009;-0,52;V
21/08/2009;-0,59;V
22/08/2009;-0,59;V
23/08/2009;-0,59;V
24/08/2009;-0,60;V
25/08/2009;-0,60;V
26/08/2009;-0,59;V
27/08/2009;-0,60;V
28/08/2009;-0,59;V
29/08/2009;-0,59;V
30/08/2009;-0,59;V
31/08/2009;-0,60;V
01/09/2009;-0,58;V
02/09/2009;-0,58;V
03/09/2009;-0,57;V
04/09/2009;-0,57;V
05/09/2009;-0,59;V
06/09/2009;-0,60;V
07/09/2009;-0,61;V
08/09/2009;-0,61;V
09/09/2009;-0,60;V
10/09/2009;-0,59;V
11/09/2009;-0,59;V
12/09/2009;-0,60;V
13/09/2009;-0,60;V
14/09/2009;-0,57;V
15/09/2009;-0,53;V
16/09/2009;-0,56;V
17/09/2009;-0,53;V
18/09/2009;-0,56;V
19/09/2009;-0,58;V
20/09/2009;-0,51;V
21/09/2009;-0,48;V
22/09/2009;-0,54;V
23/09/2009;-0,56;V
24/09/2009;-0,57;V
25/09/2009;-0,58;V
26/09/2009;-0,58;V
27/09/2009;-0,58;V
28/09/2009;-0,59;V
29/09/2009;-0,59;V
30/09/2009;-0,59;V
01/10/2009;-0,58;V
02/10/2009;-0,58;V
03/10/2009;-0,59;V
04/10/2009;-0,59;V
05/10/2009;-0,58;V
06/10/2009;-0,58;V
07/10/2009;-0,56;V
08/10/2009;-0,57;V
09/10/2009;-0,56;V
10/10/2009;-0,52;V
11/10/2009;-0,57;V
12/10/2009;-0,53;V
13/10/2009;-0,50;V
14/10/2009;-0,58;V
15/10/2009;-0,59;V
16/10/2009;-0,59;V
17/10/2009;-0,58;V
18/10/2009;-0,59;V
19/10/2009;-0,60;V
20/10/2009;-0,60;V
21/10/2009;-0,59;V
22/10/2009;-0,45;V
23/10/2009;-0,31;V
24/10/2009;-0,37;V
25/10/2009;-0,52;V
26/10/2009;-0,57;V
27/10/2009;-0,59;V
28/10/2009;-0,60;V
29/10/2009;-0,59;V
30/10/2009;-0,60;V
31/10/2009;-0,60;V
01/11/2009;-0,59;V
02/11/2009;-0,57;V
03/11/2009;-0,54;V
04/11/2009;-0,55;V
05/11/2009;-0,49;V
06/11/2009;-0,35;V
07/11/2009;-0,22;V
08/11/2009;-0,25;V
09/11/2009;-0,05;V
10/11/2009;-0,05;V
11/11/2009;-0,11;V
12/11/2009;-0,35;V
13/11/2009;-0,41;V
14/11/2009;-0,51;V
15/11/2009;-0,56;V
16/11/2009;-0,44;V
17/11/2009;-0,54;V
18/11/2009;-0,57;V
19/11/2009;-0,58;V
20/11/2009;-0,58;V
21/11/2009;-0,59;V
22/11/2009;-0,58;V
23/11/2009;-0,58;V
24/11/2009;-0,59;V
25/11/2009;-0,59;V
26/11/2009;-0,59;V
27/11/2009;-0,59;V
28/11/2009;-0,57;V
29/11/2009;-0,57;V
30/11/2009;-0,52;V
01/12/2009;0,00;V
02/12/2009;0,32;V
03/12/2009;0,17;V
04/12/2009;-0,06;V
05/12/2009;-0,02;V
06/12/2009;0,23;V
07/12/2009;0,35;V
08/12/2009;-0,13;V
09/12/2009;-0,34;V
10/12/2009;-0,44;V
11/12/2009;-0,48;V
12/12/2009;-0,50;V
13/12/2009;-0,51;V
14/12/2009;-0,51;V
15/12/2009;-0,52;V
16/12/2009;-0,54;V
17/12/2009;-0,44;V
18/12/2009;-0,48;V
19/12/2009;-0,52;V
20/12/2009;-0,55;V
21/12/2009;-0,25;V
22/12/2009;0,77;V
23/12/2009;3,02;V
24/12/2009;1,55;V
25/12/2009;2,69;V
26/12/2009;1,61;V
27/12/2009;0,94;V
28/12/2009;0,57;V
29/12/2009;0,32;V
30/12/2009;0,79;V
31/12/2009;1,21;V
01/01/2010;3,85;V
02/01/2010;2,63;V
03/01/2010;1,51;V
04/01/2010;1,11;V
05/01/2010;1,87;V
06/01/2010;3,79;V
07/01/2010;2,98;V
08/01/2010;2,25;V
09/01/2010;2,77;V
10/01/2010;2,35;V
11/01/2010;1,50;V
12/01/2010;1,12;V
13/01/2010;0,89;V
14/01/2010;0,61;V
15/01/2010;0,51;V
16/01/2010;0,35;V
17/01/2010;0,27;V
18/01/2010;0,23;V
19/01/2010;0,19;V
20/01/2010;0,24;V
21/01/2010;0,26;V
22/01/2010;0,03;V
23/01/2010;0,08;V
24/01/2010;-0,03;V
25/01/2010;0,02;V
26/01/2010;0,03;V
27/01/2010;-0,08;V
28/01/2010;-0,18;V
29/01/2010;-0,11;V
30/01/2010;0,21;V
31/01/2010;0,14;V
01/02/2010;0,06;V
02/02/2010;0,23;V
03/02/2010;0,03;V
04/02/2010;-0,06;V
05/02/2010;-0,02;V
06/02/2010;1,42;V
07/02/2010;1,12;V
08/02/2010;0,98;V
09/02/2010;0,65;V
10/02/2010;0,36;V
11/02/2010;0,39;V
12/02/2010;0,46;V
13/02/2010;0,38;V
14/02/2010;0,67;V
15/02/2010;0,80;V
16/02/2010;0,29;V
17/02/2010;0,19;V
18/02/2010;0,93;V
19/02/2010;1,82;V
20/02/2010;2,53;V
21/02/2010;1,54;V
22/02/2010;1,05;V
23/02/2010;1,76;V
24/02/2010;1,68;V
25/02/2010;1,40;V
26/02/2010;1,34;V
27/02/2010;1,12;V
28/02/2010;0,92;V
01/03/2010;0,86;V
02/03/2010;0,80;V
03/03/2010;0,56;V
04/03/2010;1,16;V
05/03/2010;1,02;V
06/03/2010;0,87;V
07/03/2010;0,54;V
08/03/2010;0,41;V
09/03/2010;0,37;V
10/03/2010;0,40;V
11/03/2010;0,65;V
12/03/2010;0,73;V
13/03/2010;0,71;V
14/03/2010;0,58;V
15/03/2010;0,49;V
16/03/2010;0,45;V
17/03/2010;0,43;V
18/03/2010;0,40;V
19/03/2010;0,35;V
20/03/2010;0,35;V
21/03/2010;0,38;V
22/03/2010;0,41;V
23/03/2010;-0,07;V
24/03/2010;0,11;V
25/03/2010;0,23;V
26/03/2010;0,21;V
27/03/2010;0,22;V
28/03/2010;0,10;V
29/03/2010;0,00;V
30/03/2010;0,05;V
31/03/2010;0,05;V
01/04/2010;0,06;V
02/04/2010;0,16;V
03/04/2010;-0,01;V
04/04/2010;0,25;V
05/04/2010;2,04;V
06/04/2010;1,43;V
07/04/2010;0,94;V
08/04/2010;0,65;V
09/04/2010;0,15;V
10/04/2010;0,39;V
11/04/2010;0,18;V
12/04/2010;0,67;V
13/04/2010;0,33;V
14/04/2010;0,10;V
15/04/2010;-0,08;V
16/04/2010;-0,04;V
17/04/2010;-0,07;V
18/04/2010;0,03;V
19/04/2010;-0,07;V
20/04/2010;0,10;V
21/04/2010;0,33;V
22/04/2010;0,15;V
23/04/2010;0,01;V
24/04/2010;0,41;V
25/04/2010;0,14;V
26/04/2010;0,27;V
27/04/2010;-0,02;V
28/04/2010;0,00;V
29/04/2010;-0,08;V
30/04/2010;-0,02;V
01/05/2010;-0,12;V
02/05/2010;-0,10;V
03/05/2010;0,77;V
04/05/2010;0,89;V
05/05/2010;0,92;V
06/05/2010;0,84;V
07/05/2010;1,25;V
08/05/2010;1,07;V
09/05/2010;0,59;V
10/05/2010;0,71;V
11/05/2010;0,43;V
12/05/2010;0,50;V
13/05/2010;0,44;V
14/05/2010;0,86;V
15/05/2010;0,88;V
16/05/2010;1,49;V
17/05/2010;1,21;V
18/05/2010;1,02;V
19/05/2010;0,86;V
20/05/2010;0,74;V
21/05/2010;0,43;V
22/05/2010;0,18;V
23/05/2010;0,04;V
24/05/2010;0,00;V
25/05/2010;-0,04;V
26/05/2010;-0,01;V
27/05/2010;-0,04;V
28/05/2010;0,01;V
29/05/2010;-0,04;V
30/05/2010;-0,21;V
31/05/2010;-0,20;V
01/06/2010;-0,22;V
02/06/2010;-0,21;V
03/06/2010;-0,04;V
04/06/2010;-0,18;V
05/06/2010;-0,21;V
06/06/2010;-0,20;V
07/06/2010;-0,26;V
08/06/2010;-0,30;V
09/06/2010;-0,36;V
10/06/2010;-0,27;V
11/06/2010;-0,26;V
12/06/2010;-0,41;V
13/06/2010;-0,31;V
14/06/2010;-0,36;V
15/06/2010;-0,40;V
16/06/2010;-0,19;V
17/06/2010;-0,21;V
18/06/2010;-0,26;V
19/06/2010;-0,16;V
20/06/2010;0,18;V
21/06/2010;0,33;V
22/06/2010;-0,15;V
23/06/2010;-0,20;V
24/06/2010;-0,25;V
25/06/2010;-0,41;V
26/06/2010;-0,29;V
27/06/2010;-0,42;V
28/06/2010;-0,34;V
29/06/2010;-0,31;V
30/06/2010;-0,44;V
01/07/2010;-0,35;V
02/07/2010;-0,49;V
03/07/2010;-0,39;V
04/07/2010;-0,50;V
05/07/2010;-0,50;V
06/07/2010;-0,50;V
07/07/2010;-0,38;V
08/07/2010;-0,41;V
09/07/2010;-0,41;V
10/07/2010;-0,47;V
11/07/2010;-0,52;V
12/07/2010;-0,52;V
13/07/2010;-0,53;V
14/07/2010;-0,53;V
15/07/2010;-0,54;V
16/07/2010;-0,55;V
17/07/2010;-0,53;V
18/07/2010;-0,52;V
19/07/2010;-0,53;V
20/07/2010;-0,53;V
21/07/2010;-0,52;V
22/07/2010;-0,53;V
23/07/2010;-0,52;V
24/07/2010;-0,54;V
25/07/2010;-0,55;V
26/07/2010;-0,56;V
27/07/2010;-0,57;V
28/07/2010;-0,56;V
29/07/2010;-0,47;V
30/07/2010;-0,32;V
31/07/2010;-0,48;V
01/08/2010;-0,54;V
02/08/2010;-0,54;V
03/08/2010;-0,55;V
04/08/2010;-0,53;V
05/08/2010;-0,41;V
06/08/2010;-0,34;V
07/08/2010;-0,48;V
08/08/2010;-0,52;V
09/08/2010;-0,52;V
10/08/2010;-0,53;V
11/08/2010;-0,52;V
12/08/2010;-0,50;V
13/08/2010;-0,47;V
14/08/2010;-0,41;V
15/08/2010;-0,29;V
16/08/2010;-0,45;V
17/08/2010;-0,51;V
18/08/2010;-0,51;V
19/08/2010;-0,50;V
20/08/2010;-0,51;V
21/08/2010;-0,50;V
22/08/2010;-0,51;V
23/08/2010;-0,53;V
24/08/2010;-0,54;V
25/08/2010;-0,53;V
26/08/2010;-0,54;V
27/08/2010;-0,54;V
28/08/2010;-0,53;V
29/08/2010;-0,55;V
30/08/2010;-0,55;V
31/08/2010;-0,53;V
01/09/2010;-0,53;V
02/09/2010;-0,53;V
03/09/2010;-0,53;V
04/09/2010;-0,55;V
05/09/2010;-0,54;V
06/09/2010;-0,54;V
07/09/2010;-0,50;V
08/09/2010;-0,36;V
09/09/2010;-0,45;V
10/09/2010;-0,53;V
11/09/2010;-0,53;V
12/09/2010;-0,54;V
13/09/2010;-0,52;V
14/09/2010;-0,45;V
15/09/2010;-0,52;V
16/09/2010;-0,52;V
17/09/2010;-0,50;V
18/09/2010;-0,51;V
19/09/2010;0,48;V
20/09/2010;-0,23;V
21/09/2010;-0,35;V
22/09/2010;-0,49;V
23/09/2010;-0,42;V
24/09/2010;-0,14;V
25/09/2010;-0,42;V
26/09/2010;-0,33;V
27/09/2010;-0,48;V
28/09/2010;-0,45;V
29/09/2010;-0,47;V
30/09/2010;-0,49;V
01/10/2010;-0,40;V
02/10/2010;-0,49;V
03/10/2010;-0,49;V
04/10/2010;-0,43;V
05/10/2010;-0,20;V
06/10/2010;-0,37;V
07/10/2010;-0,30;V
08/10/2010;-0,46;V
09/10/2010;-0,49;V
10/10/2010;-0,50;V
11/10/2010;-0,49;V
12/10/2010;-0,51;V
13/10/2010;-0,50;V
14/10/2010;-0,50;V
15/10/2010;-0,51;V
16/10/2010;-0,44;V
17/10/2010;-0,23;V
18/10/2010;-0,30;V
19/10/2010;-0,47;V
20/10/2010;-0,48;V
21/10/2010;-0,50;V
22/10/2010;-0,51;V
23/10/2010;-0,44;V
24/10/2010;-0,47;V
25/10/2010;-0,35;V
26/10/2010;-0,33;V
27/10/2010;-0,45;V
28/10/2010;-0,48;V
29/10/2010;-0,50;V
30/10/2010;-0,31;V
31/10/2010;-0,36;V
01/11/2010;0,33;V
02/11/2010;0,85;V
03/11/2010;0,45;V
04/11/2010;0,13;V
05/11/2010;0,03;V
06/11/2010;0,09;V
07/11/2010;-0,10;V
08/11/2010;0,80;V
09/11/2010;1,60;V
10/11/2010;2,23;V
11/11/2010;1,38;V
12/11/2010;1,04;V
13/11/2010;0,54;V
14/11/2010;0,20;V
15/11/2010;0,14;V
16/11/2010;0,41;V
17/11/2010;0,47;V
18/11/2010;0,57;V
19/11/2010;1,12;V
20/11/2010;0,88;V
21/11/2010;1,15;V
22/11/2010;2,82;V
23/11/2010;1,85;V
24/11/2010;1,05;V
25/11/2010;0,87;V
26/11/2010;0,92;V
27/11/2010;0,72;V
28/11/2010;1,13;V
29/11/2010;2,13;V
30/11/2010;1,26;V
01/12/2010;2,06;V
02/12/2010;2,36;V
03/12/2010;2,14;V
04/12/2010;1,74;V
05/12/2010;1,18;V
06/12/2010;1,08;V
07/12/2010;1,37;V
08/12/2010;1,23;V
09/12/2010;1,16;V
10/12/2010;0,99;V
11/12/2010;0,58;V
12/12/2010;0,33;V
13/12/2010;0,36;V
14/12/2010;0,31;V
15/12/2010;0,27;V
16/12/2010;0,14;V
17/12/2010;0,16;V
18/12/2010;0,12;V
19/12/2010;0,20;V
20/12/2010;0,38;V
21/12/2010;0,63;V
22/12/2010;2,06;V
23/12/2010;2,23;V
24/12/2010;3,22;V
25/12/2010;2,94;V
26/12/2010;1,70;V
27/12/2010;1,09;V
28/12/2010;0,99;V
29/12/2010;0,79;V
30/12/2010;0,60;V
31/12/2010;0,77;V
01/01/2011;0,28;V
02/01/2011;0,23;V
03/01/2011;0,31;V
04/01/2011;0,30;V
05/01/2011;0,13;V
06/01/2011;0,18;V
07/01/2011;0,30;V
08/01/2011;0,10;V
09/01/2011;0,08;V
10/01/2011;0,08;V
11/01/2011;0,17;V
12/01/2011;0,17;V
13/01/2011;0,21;V
14/01/2011;0,04;V
15/01/2011;0,01;V
16/01/2011;0,01;V
17/01/2011;0,03;V
18/01/2011;-0,02;V
19/01/2011;-0,01;V
20/01/2011;0,00;V
21/01/2011;0,06;V
22/01/2011;-0,08;V
23/01/2011;-0,08;V
24/01/2011;0,05;V
25/01/2011;-0,26;V
26/01/2011;-0,18;V
27/01/2011;-0,12;V
28/01/2011;-0,21;V
29/01/2011;-0,23;V
30/01/2011;0,02;V
31/01/2011;0,27;V
01/02/2011;0,32;V
02/02/2011;0,05;V
03/02/2011;-0,10;V
04/02/2011;-0,12;V
05/02/2011;-0,10;V
06/02/2011;-0,06;V
07/02/2011;-0,16;V
08/02/2011;-0,11;V
09/02/2011;-0,06;V
10/02/2011;-0,15;V
11/02/2011;-0,15;V
12/02/2011;-0,20;V
13/02/2011;-0,16;V
14/02/2011;-0,16;V
15/02/2011;0,04;V
16/02/2011;0,25;V
17/02/2011;1,01;V
18/02/2011;1,17;V
19/02/2011;0,84;V
20/02/2011;0,53;V
21/02/2011;0,50;V
22/02/2011;0,50;V
23/02/2011;0,45;V
24/02/2011;0,25;V
25/02/2011;0,24;V
26/02/2011;-0,06;V
27/02/2011;-0,10;V
28/02/2011;0,29;V
01/03/2011;-0,02;V
02/03/2011;0,09;V
03/03/2011;-0,10;V
04/03/2011;-0,16;V
05/03/2011;-0,09;V
06/03/2011;-0,03;V
07/03/2011;-0,04;V
08/03/2011;-0,06;V
09/03/2011;-0,01;V
10/03/2011;-0,02;V
11/03/2011;0,01;V
12/03/2011;0,02;V
13/03/2011;0,25;V
14/03/2011;0,85;V
15/03/2011;1,30;V
16/03/2011;2,14;V
17/03/2011;2,98;V
18/03/2011;;@
19/03/2011;;@
20/03/2011;;@
21/03/2011;0,73;V
22/03/2011;0,63;V
23/03/2011;0,27;V
24/03/2011;0,22;V
25/03/2011;0,21;V
26/03/2011;0,24;V
27/03/2011;0,30;V
28/03/2011;0,53;V
29/03/2011;0,47;V
30/03/2011;0,52;V
31/03/2011;0,37;V
01/04/2011;0,12;V
02/04/2011;0,19;V
03/04/2011;0,01;V
04/04/2011;0,08;V
05/04/2011;-0,01;V
06/04/2011;-0,07;V
07/04/2011;-0,05;V
08/04/2011;-0,03;V
09/04/2011;-0,15;V
10/04/2011;-0,12;V
11/04/2011;-0,13;V
12/04/2011;-0,26;V
13/04/2011;-0,15;V
14/04/2011;-0,24;V
15/04/2011;-0,11;V
16/04/2011;-0,28;V
17/04/2011;-0,32;V
18/04/2011;-0,30;V
19/04/2011;-0,31;V
20/04/2011;-0,38;V
21/04/2011;-0,30;V
22/04/2011;-0,26;V
23/04/2011;-0,38;V
24/04/2011;-0,43;V
25/04/2011;-0,27;V
26/04/2011;-0,29;V
27/04/2011;-0,46;V
28/04/2011;-0,46;V
29/04/2011;-0,47;V
30/04/2011;-0,46;V
01/05/2011;-0,48;V
02/05/2011;-0,29;V
03/05/2011;-0,30;V
04/05/2011;-0,44;V
05/05/2011;-0,48;V
06/05/2011;-0,51;V
07/05/2011;-0,51;V
08/05/2011;-0,51;V
09/05/2011;-0,52;V
10/05/2011;-0,52;V
11/05/2011;-0,53;V
12/05/2011;-0,53;V
13/05/2011;-0,53;V
14/05/2011;-0,53;V
15/05/2011;-0,36;V
16/05/2011;-0,37;V
17/05/2011;-0,52;V
18/05/2011;-0,53;V
19/05/2011;-0,54;V
20/05/2011;-0,53;V
21/05/2011;-0,53;V
22/05/2011;-0,54;V
23/05/2011;-0,54;V
24/05/2011;-0,55;V
25/05/2011;-0,53;V
26/05/2011;-0,54;V
27/05/2011;-0,56;V
28/05/2011;-0,58;V
29/05/2011;-0,58;V
30/05/2011;-0,58;V
31/05/2011;-0,58;V
01/06/2011;-0,57;V
02/06/2011;-0,57;V
03/06/2011;-0,58;V
04/06/2011;-0,59;V
05/06/2011;-0,34;V
06/06/2011;-0,24;V
07/06/2011;-0,36;V
08/06/2011;-0,06;V
09/06/2011;-0,20;V
10/06/2011;-0,31;V
11/06/2011;-0,41;V
12/06/2011;-0,47;V
13/06/2011;-0,47;V
14/06/2011;-0,44;V
15/06/2011;-0,52;V
16/06/2011;-0,54;V
17/06/2011;-0,55;V
18/06/2011;-0,55;V
19/06/2011;-0,57;V
20/06/2011;-0,58;V
21/06/2011;-0,58;V
22/06/2011;-0,58;V
23/06/2011;-0,58;V
24/06/2011;-0,55;V
25/06/2011;-0,59;V
26/06/2011;-0,59;V
27/06/2011;-0,60;V
28/06/2011;-0,60;V
29/06/2011;-0,60;V
30/06/2011;-0,60;V
01/07/2011;-0,51;V
02/07/2011;-0,49;V
03/07/2011;-0,58;V
04/07/2011;-0,61;V
05/07/2011;-0,61;V
06/07/2011;-0,61;V
07/07/2011;-0,60;V
08/07/2011;-0,60;V
09/07/2011;-0,61;V
10/07/2011;-0,61;V
11/07/2011;-0,61;V
12/07/2011;-0,61;V
13/07/2011;-0,60;V
14/07/2011;-0,61;V
15/07/2011;-0,62;V
16/07/2011;-0,62;V
17/07/2011;-0,61;V
18/07/2011;-0,61;V
19/07/2011;-0,61;V
20/07/2011;-0,56;V
21/07/2011;-0,59;V
22/07/2011;-0,61;V
23/07/2011;-0,61;V
24/07/2011;-0,55;V
25/07/2011;-0,56;V
26/07/2011;-0,58;V
27/07/2011;-0,57;V
28/07/2011;-0,53;V
29/07/2011;-0,57;V
30/07/2011;-0,57;V
31/07/2011;-0,58;V
01/08/2011;-0,57;V
02/08/2011;-0,59;V
03/08/2011;-0,59;V
04/08/2011;-0,59;V
05/08/2011;-0,60;V
06/08/2011;-0,59;V
07/08/2011;-0,59;V
08/08/2011;-0,58;V
09/08/2011;-0,60;V
10/08/2011;-0,61;V
11/08/2011;-0,62;V
12/08/2011;-0,62;V
13/08/2011;-0,61;V
14/08/2011;-0,60;V
15/08/2011;-0,60;V
16/08/2011;-0,60;V
17/08/2011;-0,61;V
18/08/2011;-0,61;V
19/08/2011;-0,61;V
20/08/2011;-0,60;V
21/08/2011;-0,60;V
22/08/2011;-0,60;V
23/08/2011;-0,60;V
24/08/2011;-0,61;V
25/08/2011;-0,62;V
26/08/2011;-0,62;V
27/08/2011;-0,62;V
28/08/2011;-0,62;V
29/08/2011;-0,61;V
30/08/2011;-0,62;V
31/08/2011;-0,62;V
01/09/2011;-0,62;V
02/09/2011;-0,62;V
03/09/2011;-0,61;V
04/09/2011;-0,60;V
05/09/2011;-0,60;V
06/09/2011;-0,61;V
07/09/2011;-0,61;V
08/09/2011;-0,61;V
09/09/2011;-0,61;V
10/09/2011;-0,61;V
11/09/2011;-0,61;V
12/09/2011;-0,61;V
13/09/2011;-0,61;V
14/09/2011;-0,62;V
15/09/2011;-0,62;V
16/09/2011;-0,62;V
17/09/2011;-0,62;V
18/09/2011;-0,61;V
19/09/2011;-0,52;V
20/09/2011;-0,59;V
21/09/2011;-0,61;V
22/09/2011;-0,62;V
23/09/2011;-0,61;V
24/09/2011;-0,61;V
25/09/2011;-0,60;V
26/09/2011;-0,61;V
27/09/2011;-0,61;V
28/09/2011;-0,61;V
29/09/2011;-0,61;V
30/09/2011;-0,61;V
01/10/2011;-0,62;V
02/10/2011;-0,62;V
03/10/2011;-0,62;V
04/10/2011;-0,62;V
05/10/2011;-0,64;V
06/10/2011;-0,63;V
07/10/2011;-0,61;V
08/10/2011;-0,62;V
09/10/2011;-0,63;V
10/10/2011;-0,64;V
11/10/2011;-0,63;V
12/10/2011;-0,63;V
13/10/2011;-0,62;V
14/10/2011;-0,62;V
15/10/2011;-0,63;V
16/10/2011;-0,63;V
17/10/2011;-0,64;V
18/10/2011;-0,64;V
19/10/2011;-0,62;V
20/10/2011;-0,58;V
21/10/2011;-0,59;V
22/10/2011;-0,62;V
23/10/2011;-0,63;V
24/10/2011;-0,62;V
25/10/2011;-0,62;V
26/10/2011;-0,33;V
27/10/2011;-0,49;V
28/10/2011;-0,59;V
29/10/2011;-0,62;V
30/10/2011;-0,62;V
31/10/2011;-0,63;V
01/11/2011;-0,62;V
02/11/2011;-0,63;V
03/11/2011;-0,64;V
04/11/2011;-0,62;V
05/11/2011;-0,60;V
06/11/2011;-0,59;V
07/11/2011;-0,58;V
08/11/2011;-0,54;V
09/11/2011;-0,62;V
10/11/2011;-0,66;V
11/11/2011;-0,67;V
12/11/2011;-0,66;V
13/11/2011;-0,65;V
14/11/2011;-0,65;V
15/11/2011;-0,65;V
16/11/2011;-0,66;V
17/11/2011;-0,67;V
18/11/2011;-0,68;V
19/11/2011;-0,68;V
20/11/2011;-0,68;V
21/11/2011;-0,68;V
22/11/2011;-0,67;V
23/11/2011;-0,67;V
24/11/2011;-0,67;V
25/11/2011;-0,68;V
26/11/2011;-0,68;V
27/11/2011;-0,68;V
28/11/2011;-0,68;V
29/11/2011;-0,68;V
30/11/2011;-0,67;V
01/12/2011;-0,66;V
02/12/2011;-0,66;V
03/12/2011;-0,65;V
04/12/2011;-0,61;V
05/12/2011;-0,46;V
06/12/2011;-0,27;V
07/12/2011;-0,25;V
08/12/2011;-0,48;V
09/12/2011;-0,55;V
10/12/2011;-0,58;V
11/12/2011;-0,35;V
12/12/2011;-0,32;V
13/12/2011;-0,08;V
14/12/2011;-0,07;V
15/12/2011;-0,20;V
16/12/2011;-0,22;V
17/12/2011;0,25;V
18/12/2011;0,24;V
19/12/2011;-0,16;V
20/12/2011;-0,39;V
21/12/2011;-0,54;V
22/12/2011;-0,57;V
23/12/2011;-0,58;V
24/12/2011;-0,36;V
25/12/2011;-0,53;V
26/12/2011;-0,49;V
27/12/2011;-0,58;V
28/12/2011;-0,59;V
29/12/2011;-0,43;V
30/12/2011;-0,45;V
31/12/2011;-0,60;V
01/01/2012;-0,61;V
02/01/2012;-0,48;V
03/01/2012;-0,38;V
04/01/2012;-0,44;V
05/01/2012;-0,35;V
06/01/2012;-0,39;V
07/01/2012;-0,28;V
08/01/2012;-0,32;V
09/01/2012;-0,37;V
10/01/2012;-0,44;V
11/01/2012;-0,43;V
12/01/2012;-0,48;V
13/01/2012;-0,48;V
14/01/2012;-0,49;V
15/01/2012;-0,50;V
16/01/2012;-0,47;V
17/01/2012;-0,61;V
18/01/2012;-0,62;V
19/01/2012;-0,61;V
20/01/2012;-0,60;V
21/01/2012;-0,56;V
22/01/2012;-0,60;V
23/01/2012;-0,56;V
24/01/2012;-0,44;V
25/01/2012;-0,45;V
26/01/2012;-0,44;V
27/01/2012;-0,43;V
28/01/2012;-0,48;V
29/01/2012;-0,61;V
30/01/2012;-0,60;V
31/01/2012;-0,61;V
01/02/2012;-0,60;V
02/02/2012;-0,59;V
03/02/2012;-0,61;V
04/02/2012;-0,61;V
05/02/2012;-0,62;V
06/02/2012;-0,60;V
07/02/2012;-0,59;V
08/02/2012;-0,62;V
09/02/2012;-0,63;V
10/02/2012;-0,63;V
11/02/2012;-0,62;V
12/02/2012;-0,61;V
13/02/2012;-0,62;V
14/02/2012;-0,64;V
15/02/2012;-0,63;V
16/02/2012;-0,64;V
17/02/2012;-0,64;V
18/02/2012;-0,61;V
19/02/2012;-0,53;V
20/02/2012;-0,44;V
21/02/2012;-0,48;V
22/02/2012;-0,52;V
23/02/2012;-0,46;V
24/02/2012;-0,47;V
25/02/2012;-0,50;V
26/02/2012;-0,50;V
27/02/2012;-0,50;V
28/02/2012;-0,53;V
29/02/2012;-0,31;V
01/03/2012;-0,42;V
02/03/2012;-0,46;V
03/03/2012;-0,40;V
04/03/2012;-0,36;V
05/03/2012;-0,35;V
06/03/2012;-0,29;V
07/03/2012;-0,35;V
08/03/2012;-0,44;V
09/03/2012;-0,38;V
10/03/2012;-0,40;V
11/03/2012;-0,56;V
12/03/2012;-0,42;V
13/03/2012;-0,56;V
14/03/2012;-0,45;V
15/03/2012;-0,57;V
16/03/2012;-0,58;V
17/03/2012;-0,40;V
18/03/2012;-0,56;V
19/03/2012;-0,48;V
20/03/2012;-0,47;V
21/03/2012;-0,48;V
22/03/2012;-0,58;V
23/03/2012;-0,57;V
24/03/2012;-0,47;V
25/03/2012;-0,57;V
26/03/2012;-0,49;V
27/03/2012;-0,54;V
28/03/2012;-0,52;V
29/03/2012;-0,52;V
30/03/2012;-0,56;V
31/03/2012;-0,60;V
01/04/2012;-0,61;V
02/04/2012;-0,59;V
03/04/2012;-0,50;V
04/04/2012;-0,59;V
05/04/2012;-0,58;V
06/04/2012;-0,57;V
07/04/2012;-0,57;V
08/04/2012;-0,54;V
09/04/2012;-0,39;V
10/04/2012;-0,54;V
11/04/2012;-0,11;V
12/04/2012;0,50;V
13/04/2012;0,46;V
14/04/2012;0,31;V
15/04/2012;0,42;V
16/04/2012;0,26;V
17/04/2012;0,14;V
18/04/2012;-0,02;V
19/04/2012;-0,04;V
20/04/2012;0,45;V
21/04/2012;1,08;V
22/04/2012;0,80;V
23/04/2012;0,55;V
24/04/2012;0,36;V
25/04/2012;0,21;V
26/04/2012;0,34;V
27/04/2012;0,31;V
28/04/2012;-0,06;V
29/04/2012;-0,34;V
30/04/2012;-0,38;V
01/05/2012;-0,38;V
02/05/2012;-0,38;V
03/05/2012;-0,34;V
04/05/2012;-0,33;V
05/05/2012;-0,28;V
06/05/2012;-0,21;V
07/05/2012;0,91;V
08/05/2012;0,72;V
09/05/2012;0,04;V
10/05/2012;-0,06;V
11/05/2012;-0,10;V
12/05/2012;-0,29;V
13/05/2012;-0,36;V
14/05/2012;-0,32;V
15/05/2012;-0,44;V
16/05/2012;-0,46;V
17/05/2012;-0,48;V
18/05/2012;-0,48;V
19/05/2012;-0,50;V
20/05/2012;-0,37;V
21/05/2012;0,03;V
22/05/2012;0,37;V
23/05/2012;0,11;V
24/05/2012;-0,15;V
25/05/2012;-0,37;V
26/05/2012;-0,19;V
27/05/2012;-0,33;V
28/05/2012;-0,29;V
29/05/2012;-0,43;V
30/05/2012;-0,43;V
31/05/2012;-0,43;V
01/06/2012;-0,49;V
02/06/2012;-0,42;V
03/06/2012;-0,42;V
04/06/2012;-0,41;V
05/06/2012;-0,38;V
06/06/2012;-0,43;V
07/06/2012;-0,52;V
08/06/2012;-0,49;V
09/06/2012;-0,46;V
10/06/2012;-0,54;V
11/06/2012;-0,50;V
12/06/2012;-0,43;V
13/06/2012;-0,38;V
14/06/2012;-0,47;V
15/06/2012;-0,55;V
16/06/2012;-0,51;V
17/06/2012;-0,56;V
18/06/2012;-0,57;V
19/06/2012;-0,58;V
20/06/2012;-0,59;V
21/06/2012;-0,59;V
22/06/2012;-0,59;V
23/06/2012;-0,60;V
24/06/2012;-0,61;V
25/06/2012;-0,61;V
26/06/2012;-0,62;V
27/06/2012;-0,62;V
28/06/2012;-0,63;V
29/06/2012;-0,64;V
30/06/2012;-0,65;V
01/07/2012;-0,65;V
02/07/2012;-0,66;V
03/07/2012;-0,66;V
04/07/2012;-0,66;V
05/07/2012;-0,66;V
06/07/2012;-0,66;V
07/07/2012;-0,66;V
08/07/2012;-0,66;V
09/07/2012;-0,66;V
10/07/2012;-0,67;V
11/07/2012;-0,66;V
12/07/2012;-0,63;V
13/07/2012;-0,63;V
14/07/2012;-0,63;V
15/07/2012;-0,64;V
16/07/2012;-0,64;V
17/07/2012;-0,64;V
18/07/2012;-0,64;V
19/07/2012;-0,64;V
20/07/2012;-0,62;V
21/07/2012;-0,62;V
22/07/2012;-0,62;V
23/07/2012;-0,62;V
24/07/2012;-0,62;V
25/07/2012;-0,62;V
26/07/2012;-0,62;V
27/07/2012;-0,63;V
28/07/2012;-0,64;V
29/07/2012;-0,65;V
30/07/2012;-0,65;V
31/07/2012;-0,65;V
01/08/2012;-0,66;V
02/08/2012;-0,66;V
03/08/2012;-0,66;V
04/08/2012;-0,66;V
05/08/2012;-0,66;V
06/08/2012;-0,66;V
07/08/2012;-0,66;V
08/08/2012;-0,68;V
09/08/2012;-0,67;V
10/08/2012;-0,67;V
11/08/2012;-0,68;V
12/08/2012;-0,67;V
13/08/2012;-0,67;V
14/08/2012;-0,66;V
15/08/2012;-0,67;V
16/08/2012;-0,67;V
17/08/2012;-0,68;V
18/08/2012;-0,67;V
19/08/2012;-0,67;V
20/08/2012;-0,67;V
21/08/2012;-0,67;V
22/08/2012;-0,68;V
23/08/2012;-0,67;V
24/08/2012;-0,67;V
25/08/2012;-0,67;V
26/08/2012;-0,66;V
27/08/2012;-0,65;V
28/08/2012;-0,67;V
29/08/2012;-0,67;V
30/08/2012;-0,67;V
31/08/2012;-0,52;V
01/09/2012;-0,54;V
02/09/2012;-0,62;V
03/09/2012;-0,61;V
04/09/2012;-0,53;V
05/09/2012;-0,61;V
06/09/2012;-0,66;V
07/09/2012;-0,69;V
08/09/2012;-0,70;V
09/09/2012;-0,70;V
10/09/2012;-0,69;V
11/09/2012;-0,66;V
12/09/2012;-0,63;V
13/09/2012;-0,63;V
14/09/2012;-0,64;V
15/09/2012;-0,65;V
16/09/2012;-0,66;V
17/09/2012;-0,66;V
18/09/2012;-0,66;V
19/09/2012;-0,61;V
20/09/2012;-0,52;V
21/09/2012;-0,66;V
22/09/2012;-0,66;V
23/09/2012;-0,64;V
24/09/2012;-0,64;V
25/09/2012;-0,66;V
26/09/2012;-0,65;V
27/09/2012;-0,66;V
28/09/2012;-0,66;V
29/09/2012;-0,66;V
30/09/2012;-0,57;V
01/10/2012;-0,37;V
02/10/2012;-0,59;V
03/10/2012;-0,65;V
04/10/2012;-0,67;V
05/10/2012;-0,69;V
06/10/2012;-0,70;V
07/10/2012;-0,65;V
08/10/2012;-0,63;V
09/10/2012;-0,51;V
10/10/2012;-0,55;V
11/10/2012;-0,62;V
12/10/2012;-0,61;V
13/10/2012;-0,56;V
14/10/2012;-0,57;V
15/10/2012;-0,44;V
16/10/2012;-0,08;V
17/10/2012;-0,42;V
18/10/2012;-0,55;V
19/10/2012;-0,60;V
20/10/2012;-0,62;V
21/10/2012;-0,63;V
22/10/2012;-0,64;V
23/10/2012;-0,65;V
24/10/2012;-0,66;V
25/10/2012;-0,59;V
26/10/2012;-0,49;V
27/10/2012;-0,13;V
28/10/2012;0,35;V
29/10/2012;0,53;V
30/10/2012;0,00;V
31/10/2012;-0,12;V
01/11/2012;0,94;V
02/11/2012;0,80;V
03/11/2012;0,41;V
04/11/2012;0,07;V
05/11/2012;-0,03;V
06/11/2012;0,40;V
07/11/2012;0,24;V
08/11/2012;0,04;V
09/11/2012;-0,26;V
10/11/2012;-0,19;V
11/11/2012;-0,07;V
12/11/2012;2,36;V
13/11/2012;3,32;V
14/11/2012;1,62;V
15/11/2012;0,93;V
16/11/2012;0,69;V
17/11/2012;0,48;V
18/11/2012;0,10;V
19/11/2012;0,11;V
20/11/2012;-0,10;V
21/11/2012;-0,28;V
22/11/2012;-0,35;V
23/11/2012;-0,27;V
24/11/2012;-0,31;V
25/11/2012;-0,31;V
26/11/2012;-0,25;V
27/11/2012;0,19;V
28/11/2012;2,66;V
29/11/2012;2,43;V
30/11/2012;1,62;V
01/12/2012;0,99;V
02/12/2012;0,72;V
03/12/2012;0,64;V
04/12/2012;0,71;V
05/12/2012;1,03;V
06/12/2012;0,69;V
07/12/2012;0,40;V
08/12/2012;0,74;V
09/12/2012;0,41;V
10/12/2012;0,26;V
11/12/2012;0,11;V
12/12/2012;0,01;V
13/12/2012;-0,08;V
14/12/2012;0,05;V
15/12/2012;1,11;V
16/12/2012;1,51;V
17/12/2012;1,65;V
18/12/2012;1,65;V
19/12/2012;0,97;V
20/12/2012;0,81;V
21/12/2012;0,42;V
22/12/2012;0,33;V
23/12/2012;0,33;V
24/12/2012;0,28;V
25/12/2012;0,18;V
26/12/2012;0,24;V
27/12/2012;0,76;V
28/12/2012;0,67;V
29/12/2012;0,58;V
30/12/2012;0,53;V
31/12/2012;0,31;V
01/01/2013;0,08;V
02/01/2013;0,13;V
03/01/2013;0,00;V
04/01/2013;-0,25;V
05/01/2013;-0,19;V
06/01/2013;-0,13;V
07/01/2013;-0,23;V
08/01/2013;-0,21;V
09/01/2013;-0,12;V
10/01/2013;-0,13;V
11/01/2013;-0,19;V
12/01/2013;-0,14;V
13/01/2013;0,02;V
14/01/2013;1,13;V
15/01/2013;1,05;V
16/01/2013;0,93;V
17/01/2013;0,94;V
18/01/2013;0,85;V
19/01/2013;0,65;V
20/01/2013;2,26;V
21/01/2013;4,43;V
22/01/2013;2,37;V
23/01/2013;1,65;V
24/01/2013;1,22;V
25/01/2013;0,95;V
26/01/2013;0,83;V
27/01/2013;0,71;V
28/01/2013;0,54;V
29/01/2013;0,60;V
30/01/2013;0,47;V
31/01/2013;0,49;V
01/02/2013;0,54;V
02/02/2013;0,67;V
03/02/2013;1,25;V
04/02/2013;1,12;V
05/02/2013;0,83;V
06/02/2013;0,85;V
07/02/2013;0,81;V
08/02/2013;0,91;V
09/02/2013;0,71;V
10/02/2013;0,41;V
11/02/2013;0,45;V
12/02/2013;1,16;V
13/02/2013;0,99;V
14/02/2013;0,85;V
15/02/2013;0,56;V
16/02/2013;0,49;V
17/02/2013;0,46;V
18/02/2013;0,34;V
19/02/2013;0,18;V
20/02/2013;0,10;V
21/02/2013;0,22;V
22/02/2013;0,27;V
23/02/2013;0,41;V
24/02/2013;1,22;V
25/02/2013;1,01;V
26/02/2013;0,84;V
27/02/2013;0,59;V
28/02/2013;0,47;V
01/03/2013;0,46;V
02/03/2013;0,48;V
03/03/2013;0,44;V
04/03/2013;0,40;V
05/03/2013;0,32;V
06/03/2013;0,59;V
07/03/2013;1,06;V
08/03/2013;1,61;V
09/03/2013;2,37;V
10/03/2013;2,39;V
11/03/2013;2,87;V
12/03/2013;3,36;V
13/03/2013;2,36;V
14/03/2013;1,77;V
15/03/2013;1,27;V
16/03/2013;1,08;V
17/03/2013;0,99;V
18/03/2013;2,46;V
19/03/2013;2,66;V
20/03/2013;1,51;V
21/03/2013;1,26;V
22/03/2013;1,01;V
23/03/2013;0,92;V
24/03/2013;0,85;V
25/03/2013;0,72;V
26/03/2013;0,54;V
27/03/2013;0,51;V
28/03/2013;0,47;V
29/03/2013;0,56;V
30/03/2013;0,77;V
31/03/2013;2,11;V
01/04/2013;1,25;V
02/04/2013;1,25;V
03/04/2013;1,14;V
04/04/2013;1,01;V
05/04/2013;1,06;V
06/04/2013;0,91;V
07/04/2013;0,89;V
08/04/2013;0,85;V
09/04/2013;0,90;V
10/04/2013;0,79;V
11/04/2013;0,61;V
12/04/2013;0,49;V
13/04/2013;0,36;V
14/04/2013;0,21;V
15/04/2013;0,26;V
16/04/2013;0,13;V
17/04/2013;-0,01;V
18/04/2013;0,07;V
19/04/2013;-0,01;V
20/04/2013;0,25;V
21/04/2013;0,09;V
22/04/2013;0,02;V
23/04/2013;-0,02;V
24/04/2013;0,16;V
25/04/2013;-0,01;V
26/04/2013;-0,09;V
27/04/2013;-0,25;V
28/04/2013;-0,19;V
29/04/2013;-0,07;V
30/04/2013;-0,20;V
01/05/2013;-0,23;V
02/05/2013;-0,32;V
03/05/2013;-0,31;V
04/05/2013;0,04;V
05/05/2013;0,08;V
06/05/2013;0,21;V
07/05/2013;0,11;V
08/05/2013;-0,02;V
09/05/2013;0,25;V
10/05/2013;0,19;V
11/05/2013;-0,05;V
12/05/2013;-0,18;V
13/05/2013;-0,20;V
14/05/2013;-0,12;V
15/05/2013;-0,16;V
16/05/2013;0,38;V
17/05/2013;0,77;V
18/05/2013;0,92;V
19/05/2013;0,73;V
20/05/2013;0,21;V
21/05/2013;0,07;V
22/05/2013;0,14;V
23/05/2013;0,20;V
24/05/2013;0,20;V
25/05/2013;0,32;V
26/05/2013;0,54;V
27/05/2013;0,37;V
28/05/2013;0,29;V
29/05/2013;0,19;V
30/05/2013;0,28;V
31/05/2013;0,24;V
01/06/2013;0,15;V
02/06/2013;0,45;V
03/06/2013;0,47;V
04/06/2013;0,23;V
05/06/2013;0,24;V
06/06/2013;0,18;V
07/06/2013;0,11;V
08/06/2013;0,12;V
09/06/2013;-0,11;V
10/06/2013;-0,09;V
11/06/2013;-0,10;V
12/06/2013;-0,05;V
13/06/2013;-0,16;V
14/06/2013;-0,25;V
15/06/2013;-0,39;V
16/06/2013;-0,33;V
17/06/2013;-0,30;V
18/06/2013;-0,37;V
19/06/2013;-0,39;V
20/06/2013;-0,39;V
21/06/2013;-0,38;V
22/06/2013;-0,40;V
23/06/2013;-0,41;V
24/06/2013;-0,41;V
25/06/2013;-0,38;V
26/06/2013;-0,43;V
27/06/2013;-0,43;V
28/06/2013;-0,39;V
29/06/2013;-0,43;V
30/06/2013;-0,42;V
01/07/2013;-0,40;V
02/07/2013;-0,43;V
03/07/2013;-0,55;V
04/07/2013;-0,55;V
05/07/2013;-0,54;V
06/07/2013;-0,48;V
07/07/2013;-0,56;V
08/07/2013;-0,50;V
09/07/2013;-0,56;V
10/07/2013;-0,56;V
11/07/2013;-0,49;V
12/07/2013;-0,46;V
13/07/2013;-0,46;V
14/07/2013;-0,47;V
15/07/2013;-0,58;V
16/07/2013;-0,59;V
17/07/2013;-0,60;V
18/07/2013;-0,52;V
19/07/2013;-0,58;V
20/07/2013;-0,58;V
21/07/2013;-0,51;V
22/07/2013;-0,48;V
23/07/2013;-0,61;V
24/07/2013;-0,62;V
25/07/2013;-0,63;V
26/07/2013;-0,61;V
27/07/2013;-0,62;V
28/07/2013;-0,62;V
29/07/2013;-0,60;V
30/07/2013;-0,53;V
31/07/2013;-0,47;V
01/08/2013;-0,59;V
02/08/2013;-0,63;V
03/08/2013;-0,62;V
04/08/2013;-0,62;V
05/08/2013;-0,62;V
06/08/2013;-0,63;V
07/08/2013;-0,62;V
08/08/2013;-0,62;V
09/08/2013;-0,60;V
10/08/2013;-0,57;V
11/08/2013;-0,61;V
12/08/2013;-0,62;V
13/08/2013;-0,62;V
14/08/2013;-0,62;V
15/08/2013;-0,62;V
16/08/2013;-0,63;V
17/08/2013;-0,63;V
18/08/2013;-0,64;V
19/08/2013;-0,63;V
20/08/2013;-0,56;V
21/08/2013;-0,58;V
22/08/2013;-0,59;V
23/08/2013;-0,59;V
24/08/2013;-0,59;V
25/08/2013;-0,44;V
26/08/2013;-0,57;V
27/08/2013;-0,59;V
28/08/2013;-0,59;V
29/08/2013;-0,59;V
30/08/2013;-0,59;V
31/08/2013;-0,60;V
01/09/2013;-0,60;V
02/09/2013;-0,60;V
03/09/2013;-0,60;V
04/09/2013;-0,60;V
05/09/2013;-0,60;V
06/09/2013;-0,60;V
07/09/2013;-0,60;V
08/09/2013;-0,58;V
09/09/2013;-0,55;V
10/09/2013;-0,55;V
11/09/2013;-0,51;V
12/09/2013;-0,56;V
13/09/2013;-0,57;V
14/09/2013;-0,58;V
15/09/2013;-0,48;V
16/09/2013;-0,50;V
17/09/2013;-0,55;V
18/09/2013;-0,56;V
19/09/2013;-0,57;V
20/09/2013;-0,52;V
21/09/2013;-0,52;V
22/09/2013;-0,52;V
23/09/2013;-0,51;V
24/09/2013;-0,52;V
25/09/2013;-0,52;V
26/09/2013;-0,57;V
27/09/2013;-0,56;V
28/09/2013;-0,57;V
29/09/2013;-0,41;V
30/09/2013;0,10;V
01/10/2013;-0,16;V
02/10/2013;-0,48;V
03/10/2013;-0,55;V
04/10/2013;-0,56;V
05/10/2013;-0,16;V
06/10/2013;0,07;V
07/10/2013;0,02;V
08/10/2013;0,04;V
09/10/2013;-0,30;V
10/10/2013;-0,49;V
11/10/2013;-0,34;V
12/10/2013;-0,32;V
13/10/2013;-0,32;V
14/10/2013;-0,43;V
15/10/2013;-0,35;V
16/10/2013;-0,31;V
17/10/2013;-0,40;V
18/10/2013;-0,49;V
19/10/2013;-0,42;V
20/10/2013;-0,31;V
21/10/2013;1,96;V
22/10/2013;1,19;V
23/10/2013;0,74;V
24/10/2013;1,76;V
25/10/2013;0,92;V
26/10/2013;0,59;V
27/10/2013;0,16;V
28/10/2013;0,03;V
29/10/2013;-0,28;V
30/10/2013;-0,34;V
31/10/2013;-0,36;V
01/11/2013;-0,41;V
02/11/2013;-0,42;V
03/11/2013;-0,24;V
04/11/2013;-0,22;V
05/11/2013;0,51;V
06/11/2013;0,30;V
07/11/2013;-0,09;V
08/11/2013;-0,05;V
09/11/2013;0,16;V
10/11/2013;0,89;V
11/11/2013;3,30;V
12/11/2013;2,19;V
13/11/2013;0,95;V
14/11/2013;0,66;V
15/11/2013;0,78;V
16/11/2013;0,44;V
17/11/2013;0,22;V
18/11/2013;0,11;V
19/11/2013;0,11;V
20/11/2013;0,33;V
21/11/2013;0,74;V
22/11/2013;1,89;V
23/11/2013;1,25;V
24/11/2013;0,91;V
25/11/2013;0,68;V
26/11/2013;0,31;V
27/11/2013;0,19;V
28/11/2013;0,13;V
29/11/2013;-0,07;V
30/11/2013;0,00;V
01/12/2013;0,03;V
02/12/2013;0,16;V
03/12/2013;-0,06;V
04/12/2013;-0,03;V
05/12/2013;-0,39;V
06/12/2013;-0,21;V
07/12/2013;-0,25;V
08/12/2013;-0,26;V
09/12/2013;-0,26;V
10/12/2013;-0,29;V
11/12/2013;-0,22;V
12/12/2013;-0,31;V
13/12/2013;-0,30;V
14/12/2013;-0,27;V
15/12/2013;-0,32;V
16/12/2013;-0,33;V
17/12/2013;-0,32;V
18/12/2013;-0,33;V
19/12/2013;-0,35;V
20/12/2013;-0,37;V
21/12/2013;-0,33;V
22/12/2013;-0,50;V
23/12/2013;-0,46;V
24/12/2013;-0,18;V
25/12/2013;-0,22;V
26/12/2013;0,54;V
27/12/2013;0,82;V
28/12/2013;0,41;V
29/12/2013;0,28;V
30/12/2013;0,31;V
31/12/2013;0,11;V
01/01/2014;-0,03;V
02/01/2014;-0,10;V
03/01/2014;0,07;V
04/01/2014;0,39;V
05/01/2014;0,93;V
06/01/2014;0,74;V
07/01/2014;0,65;V
08/01/2014;0,34;V
09/01/2014;0,22;V
10/01/2014;0,19;V
11/01/2014;0,03;V
12/01/2014;0,00;V
13/01/2014;-0,02;V
14/01/2014;0,27;V
15/01/2014;0,54;V
16/01/2014;0,62;V
17/01/2014;0,84;V
18/01/2014;1,68;V
19/01/2014;1,18;V
20/01/2014;1,14;V
21/01/2014;0,88;V
22/01/2014;0,84;V
23/01/2014;0,73;V
24/01/2014;0,95;V
25/01/2014;0,80;V
26/01/2014;0,79;V
27/01/2014;0,68;V
28/01/2014;0,46;V
29/01/2014;0,45;V
30/01/2014;1,82;V
31/01/2014;4,61;V
01/02/2014;3,06;V
02/02/2014;2,05;V
03/02/2014;1,80;V
04/02/2014;1,40;V
05/02/2014;1,42;V
06/02/2014;2,03;V
07/02/2014;1,53;V
08/02/2014;2,13;V
09/02/2014;2,18;V
10/02/2014;2,62;V
11/02/2014;4,39;V
12/02/2014;2,14;V
13/02/2014;1,34;V
14/02/2014;1,18;V
15/02/2014;1,01;V
16/02/2014;0,89;V
17/02/2014;0,76;V
18/02/2014;0,58;V
19/02/2014;0,58;V
20/02/2014;0,99;V
21/02/2014;1,08;V
22/02/2014;1,14;V
23/02/2014;0,97;V
24/02/2014;0,75;V
25/02/2014;0,67;V
26/02/2014;;@
27/02/2014;1,00;V
28/02/2014;;@
01/03/2014;1,04;V
02/03/2014;0,94;V
03/03/2014;0,88;V
04/03/2014;0,94;V
05/03/2014;1,48;V
06/03/2014;1,23;V
07/03/2014;0,85;V
08/03/2014;0,73;V
09/03/2014;0,56;V
10/03/2014;0,44;V
11/03/2014;0,37;V
12/03/2014;0,31;V
13/03/2014;0,27;V
14/03/2014;0,28;V
15/03/2014;0,08;V
16/03/2014;0,10;V
17/03/2014;0,10;V
18/03/2014;-0,05;V
19/03/2014;0,07;V
20/03/2014;0,01;V
21/03/2014;0,02;V
22/03/2014;-0,04;V
23/03/2014;0,46;V
24/03/2014;0,87;V
25/03/2014;0,60;V
26/03/2014;0,49;V
27/03/2014;0,27;V
28/03/2014;0,43;V
29/03/2014;0,43;V
30/03/2014;0,41;V
31/03/2014;0,25;V
01/04/2014;-0,01;V
02/04/2014;0,04;V
03/04/2014;0,04;V
04/04/2014;0,37;V
05/04/2014;0,31;V
06/04/2014;0,07;V
07/04/2014;0,20;V
08/04/2014;0,08;V
09/04/2014;0,14;V
10/04/2014;-0,07;V
11/04/2014;-0,04;V
12/04/2014;-0,14;V
13/04/2014;-0,14;V
14/04/2014;-0,10;V
15/04/2014;-0,12;V
16/04/2014;-0,10;V
17/04/2014;-0,19;V
18/04/2014;-0,08;V
19/04/2014;-0,10;V
20/04/2014;-0,13;V
21/04/2014;-0,41;V
22/04/2014;-0,33;V
23/04/2014;-0,30;V
24/04/2014;-0,27;V
25/04/2014;-0,22;V
26/04/2014;-0,31;V
27/04/2014;-0,25;V
28/04/2014;-0,30;V
29/04/2014;-0,24;V
30/04/2014;-0,10;V
01/05/2014;-0,11;V
02/05/2014;-0,09;V
03/05/2014;0,64;V
04/05/2014;1,08;V
05/05/2014;0,70;V
06/05/2014;0,47;V
07/05/2014;0,13;V
08/05/2014;-0,11;V
09/05/2014;0,04;V
10/05/2014;-0,14;V
11/05/2014;-0,18;V
12/05/2014;-0,37;V
13/05/2014;-0,06;V
14/05/2014;-0,24;V
15/05/2014;-0,45;V
16/05/2014;-0,37;V
17/05/2014;-0,35;V
18/05/2014;-0,30;V
19/05/2014;-0,40;V
20/05/2014;-0,37;V
21/05/2014;-0,48;V
22/05/2014;-0,49;V
23/05/2014;-0,20;V
24/05/2014;-0,42;V
25/05/2014;-0,50;V
26/05/2014;-0,46;V
27/05/2014;-0,33;V
28/05/2014;-0,33;V
29/05/2014;-0,41;V
30/05/2014;-0,41;V
31/05/2014;-0,40;V
01/06/2014;-0,40;V
02/06/2014;-0,52;V
03/06/2014;-0,53;V
04/06/2014;-0,54;V
05/06/2014;-0,46;V
06/06/2014;-0,46;V
07/06/2014;-0,52;V
08/06/2014;-0,56;V
09/06/2014;-0,50;V
10/06/2014;-0,50;V
11/06/2014;-0,58;V
12/06/2014;-0,58;V
13/06/2014;-0,57;V
14/06/2014;-0,39;V
15/06/2014;-0,44;V
16/06/2014;-0,48;V
17/06/2014;-0,52;V
18/06/2014;-0,57;V
19/06/2014;-0,57;V
20/06/2014;-0,57;V
21/06/2014;-0,60;V
22/06/2014;-0,61;V
23/06/2014;-0,59;V
24/06/2014;-0,60;V
25/06/2014;-0,58;V
26/06/2014;-0,57;V
27/06/2014;-0,51;V
28/06/2014;-0,55;V
29/06/2014;-0,54;V
30/06/2014;-0,40;V
01/07/2014;-0,50;V
02/07/2014;-0,56;V
03/07/2014;-0,60;V
04/07/2014;-0,59;V
05/07/2014;-0,62;V
06/07/2014;-0,63;V
07/07/2014;-0,64;V
08/07/2014;-0,62;V
09/07/2014;-0,50;V
10/07/2014;-0,57;V
11/07/2014;-0,50;V
12/07/2014;-0,55;V
13/07/2014;-0,50;V
14/07/2014;-0,43;V
15/07/2014;-0,48;V
16/07/2014;-0,53;V
17/07/2014;-0,52;V
18/07/2014;-0,61;V
19/07/2014;-0,63;V
20/07/2014;-0,64;V
21/07/2014;-0,49;V
22/07/2014;-0,49;V
23/07/2014;-0,61;V
24/07/2014;-0,59;V
25/07/2014;-0,53;V
26/07/2014;-0,46;V
27/07/2014;-0,36;V
28/07/2014;-0,52;V
29/07/2014;-0,47;V
30/07/2014;-0,13;V
31/07/2014;-0,33;V
01/08/2014;-0,55;V
02/08/2014;-0,58;V
03/08/2014;-0,44;V
04/08/2014;-0,30;V
05/08/2014;-0,54;V
06/08/2014;-0,48;V
07/08/2014;-0,58;V
08/08/2014;-0,59;V
09/08/2014;-0,60;V
10/08/2014;-0,61;V
11/08/2014;-0,61;V
12/08/2014;-0,61;V
13/08/2014;-0,61;V
14/08/2014;-0,58;V
15/08/2014;-0,46;V
16/08/2014;-0,56;V
17/08/2014;-0,58;V
18/08/2014;-0,58;V
19/08/2014;-0,58;V
20/08/2014;-0,59;V
21/08/2014;-0,57;V
22/08/2014;-0,60;V
23/08/2014;-0,59;V
24/08/2014;-0,52;V
25/08/2014;-0,59;V
26/08/2014;-0,59;V
27/08/2014;-0,61;V
28/08/2014;-0,62;V
29/08/2014;-0,61;V
30/08/2014;-0,62;V
31/08/2014;-0,61;V
01/09/2014;-0,52;V
02/09/2014;-0,52;V
03/09/2014;-0,51;V
04/09/2014;-0,45;V
05/09/2014;-0,58;V
06/09/2014;-0,61;V
07/09/2014;-0,53;V
08/09/2014;-0,60;V
09/09/2014;-0,62;V
10/09/2014;-0,58;V
11/09/2014;-0,47;V
12/09/2014;-0,47;V
13/09/2014;-0,38;V
14/09/2014;-0,39;V
15/09/2014;-0,32;V
16/09/2014;-0,58;V
17/09/2014;-0,61;V
18/09/2014;-0,61;V
19/09/2014;-0,61;V
20/09/2014;-0,11;V
21/09/2014;-0,35;V
22/09/2014;-0,44;V
23/09/2014;-0,49;V
24/09/2014;-0,35;V
25/09/2014;-0,42;V
26/09/2014;-0,48;V
27/09/2014;-0,47;V
28/09/2014;-0,50;V
29/09/2014;-0,53;V
30/09/2014;-0,59;V
01/10/2014;-0,58;V
02/10/2014;-0,54;V
03/10/2014;-0,60;V
04/10/2014;-0,61;V
05/10/2014;-0,61;V
06/10/2014;-0,61;V
07/10/2014;-0,61;V
08/10/2014;-0,61;V
09/10/2014;-0,61;V
10/10/2014;-0,61;V
11/10/2014;-0,61;V
12/10/2014;-0,53;V
13/10/2014;-0,56;V
14/10/2014;-0,43;V
15/10/2014;-0,26;V
16/10/2014;-0,35;V
17/10/2014;-0,46;V
18/10/2014;-0,45;V
19/10/2014;-0,53;V
20/10/2014;-0,55;V
21/10/2014;-0,54;V
22/10/2014;-0,58;V
23/10/2014;-0,57;V
24/10/2014;-0,59;V
25/10/2014;-0,60;V
26/10/2014;-0,56;V
27/10/2014;-0,59;V
28/10/2014;-0,60;V
29/10/2014;-0,60;V
30/10/2014;-0,61;V
31/10/2014;-0,60;V
01/11/2014;-0,60;V
02/11/2014;-0,61;V
03/11/2014;-0,60;V
04/11/2014;-0,58;V
05/11/2014;-0,23;V
06/11/2014;0,34;V
07/11/2014;0,55;V
08/11/2014;0,10;V
09/11/2014;0,00;V
10/11/2014;-0,17;V
11/11/2014;-0,16;V
12/11/2014;-0,33;V
13/11/2014;-0,41;V
14/11/2014;-0,42;V
15/11/2014;-0,39;V
16/11/2014;0,06;V
17/11/2014;0,66;V
18/11/2014;2,58;V
19/11/2014;2,00;V
20/11/2014;1,03;V
21/11/2014;0,66;V
22/11/2014;0,44;V
23/11/2014;0,17;V
24/11/2014;-0,03;V
25/11/2014;-0,25;V
26/11/2014;-0,20;V
27/11/2014;-0,01;V
28/11/2014;0,03;V
29/11/2014;0,07;V
30/11/2014;0,19;V
01/12/2014;0,24;V
02/12/2014;0,12;V
03/12/2014;-0,21;V
04/12/2014;0,76;V
05/12/2014;0,94;V
06/12/2014;0,69;V
07/12/2014;0,66;V
08/12/2014;0,51;V
09/12/2014;0,06;V
10/12/2014;-0,02;V
11/12/2014;0,06;V
12/12/2014;-0,02;V
13/12/2014;-0,18;V
14/12/2014;-0,21;V
15/12/2014;-0,15;V
16/12/2014;-0,14;V
17/12/2014;-0,24;V
18/12/2014;-0,29;V
19/12/2014;-0,29;V
20/12/2014;-0,26;V
21/12/2014;-0,27;V
22/12/2014;-0,29;V
23/12/2014;-0,30;V
24/12/2014;-0,20;V
25/12/2014;-0,28;V
26/12/2014;-0,46;V
27/12/2014;-0,11;V
28/12/2014;0,22;V
29/12/2014;0,10;V
30/12/2014;-0,13;V
31/12/2014;-0,22;V
01/01/2015;-0,12;V
02/01/2015;-0,44;V
03/01/2015;-0,27;V
04/01/2015;-0,42;V
05/01/2015;-0,23;V
06/01/2015;-0,18;V
07/01/2015;-0,16;V
08/01/2015;-0,31;V
09/01/2015;-0,36;V
10/01/2015;-0,24;V
11/01/2015;-0,46;V
12/01/2015;-0,29;V
13/01/2015;-0,31;V
14/01/2015;-0,47;V
15/01/2015;-0,29;V
16/01/2015;-0,27;V
17/01/2015;-0,27;V
18/01/2015;-0,20;V
19/01/2015;-0,41;V
20/01/2015;-0,26;V
21/01/2015;-0,42;V
22/01/2015;-0,26;V
23/01/2015;-0,27;V
24/01/2015;-0,34;V
25/01/2015;-0,33;V
26/01/2015;-0,35;V
27/01/2015;-0,28;V
28/01/2015;-0,32;V
29/01/2015;-0,35;V
30/01/2015;1,37;V
31/01/2015;1,17;V
01/02/2015;0,87;V
02/02/2015;0,63;V
03/02/2015;0,36;V
04/02/2015;0,07;V
05/02/2015;1,05;V
06/02/2015;2,18;V
07/02/2015;1,51;V
08/02/2015;1,00;V
09/02/2015;0,83;V
10/02/2015;0,64;V
11/02/2015;0,36;V
12/02/2015;0,20;V
13/02/2015;0,25;V
14/02/2015;0,14;V
15/02/2015;0,14;V
16/02/2015;0,13;V
17/02/2015;0,12;V
18/02/2015;0,12;V
19/02/2015;0,08;V
20/02/2015;0,04;V
21/02/2015;0,05;V
22/02/2015;0,17;V
23/02/2015;0,13;V
24/02/2015;0,07;V
25/02/2015;0,09;V
26/02/2015;0,02;V
27/02/2015;0,04;V
28/02/2015;-0,05;V
01/03/2015;-0,03;V
02/03/2015;0,11;V
03/03/2015;0,63;V
04/03/2015;0,68;V
05/03/2015;0,90;V
06/03/2015;0,58;V
07/03/2015;0,45;V
08/03/2015;0,36;V
09/03/2015;0,17;V
10/03/2015;0,17;V
11/03/2015;0,03;V
12/03/2015;-0,10;V
13/03/2015;0,02;V
14/03/2015;-0,02;V
15/03/2015;0,02;V
16/03/2015;0,17;V
17/03/2015;1,12;V
18/03/2015;1,02;V
19/03/2015;0,72;V
20/03/2015;0,50;V
21/03/2015;0,38;V
22/03/2015;0,13;V
23/03/2015;0,09;V
24/03/2015;-0,02;V
25/03/2015;0,28;V
26/03/2015;1,94;V
27/03/2015;1,57;V
28/03/2015;1,15;V
29/03/2015;0,81;V
30/03/2015;0,66;V
31/03/2015;0,54;V
01/04/2015;0,16;V
02/04/2015;0,23;V
03/04/2015;0,34;V
04/04/2015;0,37;V
05/04/2015;0,81;V
06/04/2015;0,56;V
07/04/2015;0,56;V
08/04/2015;0,23;V
09/04/2015;0,01;V
10/04/2015;0,15;V
11/04/2015;-0,08;V
12/04/2015;-0,14;V
13/04/2015;-0,05;V
14/04/2015;0,14;V
15/04/2015;0,09;V
16/04/2015;-0,16;V
17/04/2015;-0,23;V
18/04/2015;-0,19;V
19/04/2015;-0,25;V
20/04/2015;-0,40;V
21/04/2015;-0,25;V
22/04/2015;-0,42;V
23/04/2015;-0,26;V
24/04/2015;-0,19;V
25/04/2015;-0,23;V
26/04/2015;-0,25;V
27/04/2015;-0,03;V
28/04/2015;-0,25;V
29/04/2015;-0,09;V
30/04/2015;0,11;V
01/05/2015;-0,12;V
02/05/2015;-0,20;V
03/05/2015;-0,16;V
04/05/2015;-0,26;V
05/05/2015;-0,23;V
06/05/2015;-0,41;V
07/05/2015;-0,27;V
08/05/2015;-0,44;V
09/05/2015;-0,35;V
10/05/2015;-0,47;V
11/05/2015;-0,48;V
12/05/2015;-0,33;V
13/05/2015;-0,49;V
14/05/2015;-0,37;V
15/05/2015;-0,40;V
16/05/2015;-0,34;V
17/05/2015;-0,40;V
18/05/2015;-0,51;V
19/05/2015;-0,44;V
20/05/2015;-0,44;V
21/05/2015;-0,38;V
22/05/2015;-0,38;V
23/05/2015;-0,17;V
24/05/2015;-0,19;V
25/05/2015;-0,20;V
26/05/2015;-0,25;V
27/05/2015;-0,25;V
28/05/2015;-0,30;V
29/05/2015;-0,37;V
30/05/2015;-0,40;V
31/05/2015;-0,51;V
01/06/2015;-0,46;V
02/06/2015;-0,54;V
03/06/2015;-0,44;V
04/06/2015;-0,48;V
05/06/2015;-0,52;V
06/06/2015;-0,41;V
07/06/2015;-0,56;V
08/06/2015;-0,58;V
09/06/2015;-0,53;V
10/06/2015;-0,45;V
11/06/2015;-0,38;V
12/06/2015;-0,47;V
13/06/2015;-0,44;V
14/06/2015;-0,36;V
15/06/2015;-0,32;V
16/06/2015;-0,44;V
17/06/2015;-0,35;V
18/06/2015;-0,42;V
19/06/2015;-0,54;V
20/06/2015;-0,43;V
21/06/2015;-0,43;V
22/06/2015;-0,56;V
23/06/2015;-0,57;V
24/06/2015;-0,48;V
25/06/2015;-0,53;V
26/06/2015;-0,58;V
27/06/2015;-0,59;V
28/06/2015;-0,59;V
29/06/2015;-0,60;V
30/06/2015;-0,43;V
01/07/2015;-0,60;V
02/07/2015;-0,49;V
03/07/2015;-0,57;V
04/07/2015;-0,59;V
05/07/2015;-0,63;V
06/07/2015;-0,63;V
07/07/2015;-0,63;V
08/07/2015;-0,63;V
09/07/2015;-0,62;V
10/07/2015;-0,63;V
11/07/2015;-0,63;V
12/07/2015;-0,63;V
13/07/2015;-0,62;V
14/07/2015;-0,62;V
15/07/2015;-0,62;V
16/07/2015;-0,62;V
17/07/2015;-0,62;V
18/07/2015;-0,63;V
19/07/2015;-0,63;V
20/07/2015;-0,63;V
21/07/2015;-0,63;V
22/07/2015;-0,61;V
23/07/2015;-0,59;V
24/07/2015;-0,58;V
25/07/2015;-0,54;V
26/07/2015;-0,57;V
27/07/2015;-0,58;V
28/07/2015;-0,58;V
29/07/2015;-0,59;V
30/07/2015;-0,60;V
31/07/2015;-0,58;V
01/08/2015;;@
02/08/2015;;@
03/08/2015;;@
04/08/2015;;@
05/08/2015;;@
06/08/2015;;@
07/08/2015;;@
08/08/2015;;@
09/08/2015;;@
10/08/2015;;@
11/08/2015;;@
12/08/2015;;@
13/08/2015;;@
14/08/2015;;@
15/08/2015;;@
16/08/2015;;@
17/08/2015;;@
18/08/2015;;@
19/08/2015;;@
20/08/2015;;@
21/08/2015;;@
22/08/2015;;@
23/08/2015;;@
24/08/2015;;@
25/08/2015;;@
26/08/2015;;@
27/08/2015;;@
28/08/2015;;@
29/08/2015;;@
30/08/2015;;@
31/08/2015;;@
01/09/2015;;@
02/09/2015;;@
03/09/2015;-0,59;V
04/09/2015;-0,58;V
05/09/2015;-0,45;V
06/09/2015;-0,39;V
07/09/2015;-0,40;V
08/09/2015;-0,46;V
09/09/2015;-0,58;V
10/09/2015;-0,60;V
11/09/2015;-0,60;V
12/09/2015;-0,60;V
13/09/2015;-0,58;V
14/09/2015;-0,51;V
15/09/2015;-0,55;V
16/09/2015;-0,58;V
17/09/2015;-0,59;V
18/09/2015;-0,60;V
19/09/2015;-0,60;V
20/09/2015;-0,60;V
21/09/2015;-0,61;V
22/09/2015;-0,60;V
23/09/2015;-0,53;V
24/09/2015;-0,54;V
25/09/2015;-0,57;V
26/09/2015;-0,58;V
27/09/2015;-0,58;V
28/09/2015;-0,58;V
29/09/2015;-0,58;V
30/09/2015;-0,58;V
01/10/2015;-0,56;V
02/10/2015;-0,55;V
03/10/2015;-0,54;V
04/10/2015;-0,49;V
05/10/2015;-0,49;V
06/10/2015;-0,52;V
07/10/2015;-0,43;V
08/10/2015;-0,51;V
09/10/2015;-0,55;V
10/10/2015;-0,54;V
11/10/2015;-0,49;V
12/10/2015;-0,52;V
13/10/2015;-0,45;V
14/10/2015;-0,24;V
15/10/2015;0,13;V
16/10/2015;-0,20;V
17/10/2015;-0,23;V
18/10/2015;-0,44;V
19/10/2015;-0,26;V
20/10/2015;-0,48;V
21/10/2015;-0,51;V
22/10/2015;-0,52;V
23/10/2015;-0,54;V
24/10/2015;-0,54;V
25/10/2015;-0,54;V
26/10/2015;-0,54;V
27/10/2015;-0,54;V
28/10/2015;-0,40;V
29/10/2015;0,60;V
30/10/2015;0,22;V
31/10/2015;-0,23;V
01/11/2015;-0,44;V
02/11/2015;-0,35;V
03/11/2015;-0,49;V
04/11/2015;-0,51;V
05/11/2015;-0,43;V
06/11/2015;-0,48;V
07/11/2015;-0,44;V
08/11/2015;-0,54;V
09/11/2015;-0,55;V
10/11/2015;-0,55;V
11/11/2015;-0,50;V
12/11/2015;-0,55;V
13/11/2015;-0,54;V
14/11/2015;-0,55;V
15/11/2015;-0,56;V
16/11/2015;-0,56;V
17/11/2015;-0,53;V
18/11/2015;-0,53;V
19/11/2015;-0,56;V
20/11/2015;-0,57;V
21/11/2015;-0,36;V
22/11/2015;0,10;V
23/11/2015;0,20;V
24/11/2015;-0,05;V
25/11/2015;-0,21;V
26/11/2015;-0,33;V
27/11/2015;-0,48;V
28/11/2015;-0,34;V
29/11/2015;-0,50;V
30/11/2015;-0,51;V
01/12/2015;-0,34;V
02/12/2015;-0,51;V
03/12/2015;-0,51;V
04/12/2015;-0,52;V
05/12/2015;-0,36;V
06/12/2015;-0,52;V
07/12/2015;-0,54;V
08/12/2015;-0,54;V
09/12/2015;-0,54;V
10/12/2015;-0,39;V
11/12/2015;-0,57;V
12/12/2015;-0,57;V
13/12/2015;-0,52;V
14/12/2015;-0,57;V
15/12/2015;-0,57;V
16/12/2015;-0,56;V
17/12/2015;-0,55;V
18/12/2015;-0,57;V
19/12/2015;-0,57;V
20/12/2015;-0,57;V
21/12/2015;-0,57;V
22/12/2015;-0,45;V
23/12/2015;-0,51;V
24/12/2015;-0,56;V
25/12/2015;-0,57;V
26/12/2015;-0,57;V
27/12/2015;-0,57;V
28/12/2015;-0,57;V
29/12/2015;-0,57;V
30/12/2015;-0,52;V
31/12/2015;-0,51;V
01/01/2016;-0,52;V
02/01/2016;-0,50;V
03/01/2016;0,05;V
04/01/2016;0,49;V
05/01/2016;0,33;V
06/01/2016;0,76;V
07/01/2016;0,85;V
08/01/2016;0,72;V
09/01/2016;0,65;V
10/01/2016;0,60;V
11/01/2016;0,62;V
12/01/2016;0,21;V
13/01/2016;0,32;V
14/01/2016;0,38;V
15/01/2016;1,41;V
16/01/2016;1,03;V
17/01/2016;0,64;V
18/01/2016;0,08;V
19/01/2016;-0,26;V
20/01/2016;-0,05;V
21/01/2016;-0,04;V
22/01/2016;-0,38;V
23/01/2016;-0,15;V
24/01/2016;-0,42;V
25/01/2016;-0,28;V
26/01/2016;-0,22;V
27/01/2016;-0,15;V
28/01/2016;-0,11;V
29/01/2016;-0,23;V
30/01/2016;-0,15;V
31/01/2016;-0,29;V
01/02/2016;-0,23;V
02/02/2016;-0,30;V
03/02/2016;-0,34;V
04/02/2016;-0,24;V
05/02/2016;-0,28;V
06/02/2016;-0,23;V
07/02/2016;0,02;V
08/02/2016;0,01;V
09/02/2016;-0,16;V
10/02/2016;0,74;V
11/02/2016;0,74;V
12/02/2016;0,85;V
13/02/2016;1,22;V
14/02/2016;1,92;V
15/02/2016;1,93;V
16/02/2016;3,30;V
17/02/2016;2,55;V
18/02/2016;1,91;V
19/02/2016;1,22;V
20/02/2016;0,94;V
21/02/2016;0,76;V
22/02/2016;0,48;V
23/02/2016;0,18;V
24/02/2016;0,20;V
25/02/2016;0,56;V
26/02/2016;0,66;V
27/02/2016;0,97;V
28/02/2016;2,01;V
29/02/2016;2,95;V
01/03/2016;2,31;V
02/03/2016;1,23;V
03/03/2016;1,08;V
04/03/2016;0,97;V
05/03/2016;0,92;V
06/03/2016;1,48;V
07/03/2016;1,35;V
08/03/2016;1,17;V
09/03/2016;1,14;V
10/03/2016;1,02;V
11/03/2016;0,89;V
12/03/2016;0,72;V
13/03/2016;0,58;V
14/03/2016;0,43;V
15/03/2016;0,60;V
16/03/2016;0,10;V
17/03/2016;0,05;V
18/03/2016;0,21;V
19/03/2016;0,05;V
20/03/2016;0,07;V
21/03/2016;0,04;V
22/03/2016;0,13;V
23/03/2016;0,05;V
24/03/2016;-0,02;V
25/03/2016;-0,02;V
26/03/2016;-0,01;V
27/03/2016;-0,13;V
28/03/2016;-0,14;V
29/03/2016;-0,03;V
30/03/2016;-0,22;V
31/03/2016;-0,09;V
01/04/2016;-0,10;V
02/04/2016;-0,22;V
03/04/2016;-0,25;V
04/04/2016;-0,28;V
05/04/2016;-0,25;V
06/04/2016;-0,30;V
07/04/2016;-0,25;V
08/04/2016;-0,07;V
09/04/2016;-0,21;V
10/04/2016;-0,41;V
11/04/2016;-0,43;V
12/04/2016;-0,30;V
13/04/2016;-0,43;V
14/04/2016;-0,32;V
15/04/2016;-0,46;V
16/04/2016;-0,35;V
17/04/2016;-0,47;V
18/04/2016;-0,39;V
19/04/2016;-0,41;V
20/04/2016;-0,49;V
21/04/2016;-0,36;V
22/04/2016;-0,36;V
23/04/2016;-0,15;V
24/04/2016;0,53;V
25/04/2016;0,51;V
26/04/2016;0,25;V
27/04/2016;-0,05;V
28/04/2016;-0,17;V
29/04/2016;-0,10;V
30/04/2016;-0,25;V
01/05/2016;-0,19;V
02/05/2016;0,53;V
03/05/2016;1,01;V
04/05/2016;0,70;V
05/05/2016;0,34;V
06/05/2016;0,10;V
07/05/2016;-0,18;V
08/05/2016;-0,36;V
09/05/2016;-0,07;V
10/05/2016;-0,07;V
11/05/2016;0,12;V
12/05/2016;0,08;V
13/05/2016;-0,23;V
14/05/2016;0,30;V
15/05/2016;0,27;V
16/05/2016;0,34;V
17/05/2016;0,31;V
18/05/2016;0,18;V
19/05/2016;0,28;V
20/05/2016;0,42;V
21/05/2016;0,45;V
22/05/2016;-0,17;V
23/05/2016;-0,08;V
24/05/2016;-0,26;V
25/05/2016;-0,37;V
26/05/2016;-0,23;V
27/05/2016;-0,14;V
28/05/2016;-0,25;V
29/05/2016;-0,35;V
30/05/2016;-0,18;V
31/05/2016;-0,42;V
01/06/2016;-0,37;V
02/06/2016;-0,17;V
03/06/2016;-0,17;V
04/06/2016;-0,18;V
05/06/2016;-0,23;V
06/06/2016;-0,18;V
07/06/2016;-0,03;V
08/06/2016;0,01;V
09/06/2016;-0,01;V
10/06/2016;0,30;V
11/06/2016;0,11;V
12/06/2016;-0,05;V
13/06/2016;0,41;V
14/06/2016;0,48;V
15/06/2016;0,16;V
16/06/2016;0,02;V
17/06/2016;-0,17;V
18/06/2016;-0,21;V
19/06/2016;-0,25;V
20/06/2016;-0,07;V
21/06/2016;-0,46;V
22/06/2016;-0,50;V
23/06/2016;-0,42;V
24/06/2016;-0,43;V
25/06/2016;-0,43;V
26/06/2016;-0,46;V
27/06/2016;-0,47;V
28/06/2016;-0,47;V
29/06/2016;-0,47;V
30/06/2016;-0,47;V
01/07/2016;-0,55;V
02/07/2016;-0,57;V
03/07/2016;-0,58;V
04/07/2016;-0,50;V
05/07/2016;-0,58;V
06/07/2016;-0,57;V
07/07/2016;-0,43;V
08/07/2016;-0,50;V
09/07/2016;-0,58;V
10/07/2016;-0,59;V
11/07/2016;-0,60;V
12/07/2016;-0,60;V
13/07/2016;-0,59;V
14/07/2016;-0,60;V
15/07/2016;-0,48;V
16/07/2016;-0,42;V
17/07/2016;-0,54;V
18/07/2016;-0,59;V
19/07/2016;-0,61;V
20/07/2016;-0,61;V
21/07/2016;-0,62;V
22/07/2016;-0,61;V
23/07/2016;-0,60;V
24/07/2016;-0,60;V
25/07/2016;-0,56;V
26/07/2016;-0,59;V
27/07/2016;-0,57;V
28/07/2016;-0,57;V
29/07/2016;-0,58;V
30/07/2016;-0,52;V
31/07/2016;-0,59;V
01/08/2016;-0,60;V
02/08/2016;-0,56;V
03/08/2016;-0,58;V
04/08/2016;-0,59;V
05/08/2016;-0,59;V
06/08/2016;-0,56;V
07/08/2016;-0,51;V
08/08/2016;-0,53;V
09/08/2016;-0,49;V
10/08/2016;-0,55;V
11/08/2016;-0,54;V
12/08/2016;-0,56;V
13/08/2016;-0,56;V
14/08/2016;-0,57;V
15/08/2016;-0,58;V
16/08/2016;-0,59;V
17/08/2016;-0,55;V
18/08/2016;-0,57;V
19/08/2016;-0,58;V
20/08/2016;-0,61;V
21/08/2016;-0,63;V
22/08/2016;-0,63;V
23/08/2016;-0,57;V
24/08/2016;-0,54;V
25/08/2016;-0,56;V
26/08/2016;-0,59;V
27/08/2016;-0,59;V
28/08/2016;-0,58;V
29/08/2016;-0,58;V
30/08/2016;-0,56;V
31/08/2016;-0,50;V
01/09/2016;-0,47;V
02/09/2016;-0,45;V
03/09/2016;-0,48;V
04/09/2016;-0,54;V
05/09/2016;-0,57;V
06/09/2016;-0,59;V
07/09/2016;-0,60;V
08/09/2016;-0,61;V
09/09/2016;-0,61;V
10/09/2016;-0,60;V
11/09/2016;-0,60;V
12/09/2016;-0,60;V
13/09/2016;-0,61;V
14/09/2016;-0,60;V
15/09/2016;-0,58;V
16/09/2016;-0,40;V
17/09/2016;-0,34;V
18/09/2016;-0,48;V
19/09/2016;-0,51;V
20/09/2016;-0,52;V
21/09/2016;-0,53;V
22/09/2016;-0,56;V
23/09/2016;-0,55;V
24/09/2016;-0,58;V
25/09/2016;-0,50;V
26/09/2016;-0,49;V
27/09/2016;-0,49;V
28/09/2016;-0,57;V
29/09/2016;-0,50;V
30/09/2016;-0,51;V
01/10/2016;-0,57;V
02/10/2016;-0,48;V
03/10/2016;-0,54;V
04/10/2016;-0,57;V
05/10/2016;-0,60;V
06/10/2016;-0,60;V
07/10/2016;-0,59;V
08/10/2016;-0,54;V
09/10/2016;-0,50;V
10/10/2016;-0,55;V
11/10/2016;-0,56;V
12/10/2016;-0,50;V
13/10/2016;-0,58;V
14/10/2016;-0,33;V
15/10/2016;0,29;V
16/10/2016;0,26;V
17/10/2016;-0,08;V
18/10/2016;-0,09;V
19/10/2016;-0,51;V
20/10/2016;-0,52;V
21/10/2016;-0,50;V
22/10/2016;-0,53;V
23/10/2016;-0,53;V
24/10/2016;-0,54;V
25/10/2016;-0,31;V
26/10/2016;-0,23;V
27/10/2016;0,01;V
28/10/2016;0,00;V
29/10/2016;-0,03;V
30/10/2016;-0,29;V
31/10/2016;-0,34;V
01/11/2016;-0,34;V
02/11/2016;-0,56;V
03/11/2016;-0,38;V
04/11/2016;-0,44;V
05/11/2016;-0,20;V
06/11/2016;3,47;V
07/11/2016;2,51;V
08/11/2016;0,77;V
09/11/2016;0,41;V
10/11/2016;0,00;V
11/11/2016;0,55;V
12/11/2016;1,39;V
13/11/2016;0,78;V
14/11/2016;0,48;V
15/11/2016;0,33;V
16/11/2016;-0,14;V
17/11/2016;-0,10;V
18/11/2016;0,06;V
19/11/2016;1,28;V
20/11/2016;1,42;V
21/11/2016;0,84;V
22/11/2016;0,64;V
23/11/2016;0,43;V
24/11/2016;0,25;V
25/11/2016;0,07;V
26/11/2016;-0,05;V
27/11/2016;-0,12;V
28/11/2016;-0,14;V
29/11/2016;-0,21;V
30/11/2016;-0,42;V
01/12/2016;-0,18;V
02/12/2016;-0,31;V
03/12/2016;-0,30;V
04/12/2016;-0,29;V
05/12/2016;-0,47;V
06/12/2016;-0,28;V
07/12/2016;-0,33;V
08/12/2016;-0,33;V
09/12/2016;-0,39;V
10/12/2016;-0,33;V
11/12/2016;-0,35;V
12/12/2016;-0,51;V
13/12/2016;-0,38;V
14/12/2016;-0,37;V
15/12/2016;-0,38;V
16/12/2016;-0,52;V
17/12/2016;-0,38;V
18/12/2016;-0,40;V
19/12/2016;-0,53;V
20/12/2016;-0,38;V
21/12/2016;-0,40;V
22/12/2016;-0,41;V
23/12/2016;-0,53;V
24/12/2016;-0,39;V
25/12/2016;-0,54;V
26/12/2016;-0,54;V
27/12/2016;-0,54;V
28/12/2016;-0,35;V
29/12/2016;-0,56;V
30/12/2016;-0,41;V
31/12/2016;-0,57;V
01/01/2017;-0,39;V
02/01/2017;-0,52;V
03/01/2017;-0,05;V
04/01/2017;0,39;V
05/01/2017;0,04;V
06/01/2017;-0,22;V
07/01/2017;-0,29;V
08/01/2017;-0,33;V
09/01/2017;-0,47;V
10/01/2017;-0,31;V
11/01/2017;-0,29;V
12/01/2017;-0,49;V
13/01/2017;-0,27;V
14/01/2017;-0,24;V
15/01/2017;-0,35;V
16/01/2017;-0,31;V
17/01/2017;-0,48;V
18/01/2017;-0,35;V
19/01/2017;-0,34;V
20/01/2017;-0,35;V
21/01/2017;-0,35;V
22/01/2017;-0,51;V
23/01/2017;-0,51;V
24/01/2017;-0,51;V
25/01/2017;-0,51;V
26/01/2017;-0,34;V
27/01/2017;-0,40;V
28/01/2017;-0,36;V
29/01/2017;-0,51;V
30/01/2017;-0,51;V
31/01/2017;-0,40;V
01/02/2017;-0,32;V
02/02/2017;-0,23;V
03/02/2017;-0,16;V
04/02/2017;0,62;V
05/02/2017;1,03;V
06/02/2017;1,89;V
07/02/2017;1,23;V
08/02/2017;0,94;V
09/02/2017;0,37;V
10/02/2017;0,18;V
11/02/2017;0,08;V
12/02/2017;0,04;V
13/02/2017;-0,15;V
14/02/2017;-0,15;V
15/02/2017;-0,06;V
16/02/2017;-0,16;V
17/02/2017;-0,09;V
18/02/2017;-0,14;V
19/02/2017;-0,17;V
20/02/2017;-0,08;V
21/02/2017;-0,23;V
22/02/2017;-0,17;V
23/02/2017;-0,20;V
24/02/2017;0,38;V
25/02/2017;2,70;V
26/02/2017;1,11;V
27/02/2017;0,71;V
28/02/2017;0,50;V
01/03/2017;0,14;V
02/03/2017;0,21;V
03/03/2017;0,19;V
04/03/2017;0,45;V
05/03/2017;0,63;V
06/03/2017;0,97;V
07/03/2017;2,28;V
08/03/2017;1,22;V
09/03/2017;0,83;V
10/03/2017;0,62;V
11/03/2017;0,55;V
12/03/2017;0,36;V
13/03/2017;0,10;V
14/03/2017;-0,15;V
15/03/2017;0,01;V
16/03/2017;-0,20;V
17/03/2017;-0,01;V
18/03/2017;-0,01;V
19/03/2017;-0,08;V
20/03/2017;-0,09;V
21/03/2017;-0,06;V
22/03/2017;-0,19;V
23/03/2017;-0,23;V
24/03/2017;-0,23;V
25/03/2017;-0,30;V
26/03/2017;-0,27;V
27/03/2017;-0,31;V
28/03/2017;-0,30;V
29/03/2017;-0,31;V
30/03/2017;-0,35;V
31/03/2017;-0,37;V
01/04/2017;-0,37;V
02/04/2017;-0,28;V
03/04/2017;-0,32;V
04/04/2017;-0,47;V
05/04/2017;-0,48;V
06/04/2017;-0,41;V
07/04/2017;-0,48;V
08/04/2017;-0,37;V
09/04/2017;-0,41;V
10/04/2017;-0,50;V
11/04/2017;-0,42;V
12/04/2017;-0,43;V
13/04/2017;-0,52;V
14/04/2017;-0,43;V
15/04/2017;-0,49;V
16/04/2017;-0,27;V
17/04/2017;-0,52;V
18/04/2017;-0,39;V
19/04/2017;-0,34;V
20/04/2017;-0,54;V
21/04/2017;-0,56;V
22/04/2017;-0,45;V
23/04/2017;-0,55;V
24/04/2017;-0,55;V
25/04/2017;-0,43;V
26/04/2017;-0,55;V
27/04/2017;-0,32;V
28/04/2017;0,12;V
29/04/2017;-0,36;V
30/04/2017;-0,39;V
01/05/2017;-0,30;V
02/05/2017;-0,48;V
03/05/2017;-0,36;V
04/05/2017;-0,37;V
05/05/2017;-0,35;V
06/05/2017;-0,35;V
07/05/2017;0,01;V
08/05/2017;-0,15;V
09/05/2017;0,03;V
10/05/2017;-0,01;V
11/05/2017;-0,27;V
12/05/2017;-0,21;V
13/05/2017;-0,31;V
14/05/2017;-0,42;V
15/05/2017;-0,33;V
16/05/2017;-0,38;V
17/05/2017;-0,43;V
18/05/2017;-0,45;V
19/05/2017;-0,45;V
20/05/2017;-0,44;V
21/05/2017;-0,44;V
22/05/2017;-0,56;V
23/05/2017;-0,46;V
24/05/2017;-0,57;V
25/05/2017;-0,53;V
26/05/2017;-0,58;V
27/05/2017;-0,59;V
28/05/2017;-0,60;V
29/05/2017;-0,57;V
30/05/2017;-0,58;V
31/05/2017;-0,61;V
01/06/2017;-0,62;V
02/06/2017;-0,58;V
03/06/2017;-0,63;V
04/06/2017;-0,64;V
05/06/2017;-0,63;V
06/06/2017;-0,49;V
07/06/2017;-0,60;V
08/06/2017;-0,55;V
09/06/2017;-0,63;V
10/06/2017;-0,64;V
11/06/2017;-0,65;V
12/06/2017;-0,65;V
13/06/2017;-0,65;V
14/06/2017;-0,65;V
15/06/2017;-0,65;V
16/06/2017;-0,65;V
17/06/2017;-0,65;V
18/06/2017;-0,67;V
19/06/2017;-0,68;V
20/06/2017;-0,68;V
21/06/2017;-0,68;V
22/06/2017;-0,68;V
23/06/2017;-0,67;V
24/06/2017;-0,66;V
25/06/2017;-0,66;V
26/06/2017;-0,67;V
27/06/2017;-0,66;V
28/06/2017;-0,65;V
29/06/2017;-0,62;V
30/06/2017;-0,64;V
01/07/2017;-0,63;V
02/07/2017;-0,65;V
03/07/2017;-0,66;V
04/07/2017;-0,67;V
05/07/2017;-0,68;V
06/07/2017;-0,68;V
07/07/2017;-0,68;V
08/07/2017;-0,68;V
09/07/2017;-0,68;V
10/07/2017;-0,67;V
11/07/2017;-0,61;V
12/07/2017;-0,62;V
13/07/2017;-0,68;V
14/07/2017;-0,67;V
15/07/2017;-0,67;V
16/07/2017;-0,67;V
17/07/2017;-0,67;V
18/07/2017;-0,67;V
19/07/2017;-0,67;V
20/07/2017;-0,66;V
21/07/2017;-0,66;V
22/07/2017;-0,65;V
23/07/2017;-0,66;V
24/07/2017;-0,65;V
25/07/2017;-0,65;V
26/07/2017;-0,65;V
27/07/2017;-0,66;V
28/07/2017;-0,66;V
29/07/2017;-0,67;V
30/07/2017;-0,68;V
31/07/2017;-0,69;V
01/08/2017;-0,68;V
02/08/2017;-0,68;V
03/08/2017;-0,69;V
04/08/2017;-0,69;V
05/08/2017;-0,68;V
06/08/2017;-0,66;V
07/08/2017;-0,66;V
08/08/2017;-0,66;V
09/08/2017;-0,66;V
10/08/2017;-0,62;V
11/08/2017;-0,61;V
12/08/2017;-0,64;V
13/08/2017;-0,64;V
14/08/2017;-0,65;V
15/08/2017;-0,66;V
16/08/2017;-0,66;V
17/08/2017;-0,67;V
18/08/2017;-0,66;V
19/08/2017;-0,66;V
20/08/2017;-0,66;V
21/08/2017;-0,67;V
22/08/2017;-0,67;V
23/08/2017;-0,67;V
24/08/2017;-0,66;V
25/08/2017;-0,64;V
26/08/2017;-0,64;V
27/08/2017;-0,64;V
28/08/2017;-0,63;V
29/08/2017;-0,64;V
30/08/2017;-0,64;V
31/08/2017;-0,64;V
01/09/2017;-0,62;V
02/09/2017;-0,64;V
03/09/2017;-0,63;V
04/09/2017;-0,63;V
05/09/2017;-0,63;V
06/09/2017;-0,62;V
07/09/2017;-0,61;V
08/09/2017;-0,60;V
09/09/2017;-0,60;V
10/09/2017;-0,34;V
11/09/2017;-0,50;V
12/09/2017;-0,61;V
13/09/2017;-0,64;V
14/09/2017;-0,64;V
15/09/2017;-0,63;V
16/09/2017;-0,50;V
17/09/2017;-0,57;V
18/09/2017;-0,55;V
19/09/2017;-0,47;V
20/09/2017;-0,61;V
21/09/2017;-0,64;V
22/09/2017;-0,64;V
23/09/2017;-0,58;V
24/09/2017;-0,57;V
25/09/2017;-0,54;V
26/09/2017;-0,59;V
27/09/2017;-0,60;V
28/09/2017;-0,60;V
29/09/2017;-0,65;V
30/09/2017;-0,67;V
01/10/2017;-0,65;V
02/10/2017;-0,66;V
03/10/2017;-0,62;V
04/10/2017;-0,64;V
05/10/2017;-0,66;V
06/10/2017;-0,67;V
07/10/2017;-0,68;V
08/10/2017;-0,67;V
09/10/2017;-0,68;V
10/10/2017;-0,67;V
11/10/2017;-0,67;V
12/10/2017;-0,66;V
13/10/2017;-0,67;V
14/10/2017;-0,67;V
15/10/2017;-0,67;V
16/10/2017;-0,67;V
17/10/2017;-0,67;V
18/10/2017;-0,67;V
19/10/2017;-0,68;V
20/10/2017;-0,70;V
21/10/2017;-0,70;V
22/10/2017;-0,69;V
23/10/2017;-0,69;V
24/10/2017;-0,71;V
25/10/2017;-0,71;V
26/10/2017;-0,71;V
27/10/2017;-0,69;V
28/10/2017;-0,70;V
29/10/2017;-0,70;V
30/10/2017;-0,70;V
31/10/2017;-0,70;V
01/11/2017;-0,71;V
02/11/2017;-0,69;V
03/11/2017;-0,69;V
04/11/2017;-0,69;V
05/11/2017;-0,58;V
06/11/2017;-0,45;V
07/11/2017;-0,44;V
08/11/2017;-0,56;V
09/11/2017;-0,62;V
10/11/2017;-0,65;V
11/11/2017;-0,65;V
12/11/2017;-0,63;V
13/11/2017;-0,23;V
14/11/2017;-0,16;V
15/11/2017;-0,44;V
16/11/2017;-0,46;V
17/11/2017;-0,50;V
18/11/2017;-0,45;V
19/11/2017;-0,56;V
20/11/2017;-0,59;V
21/11/2017;-0,60;V
22/11/2017;-0,50;V
23/11/2017;-0,60;V
24/11/2017;-0,60;V
25/11/2017;-0,60;V
26/11/2017;-0,51;V
27/11/2017;-0,56;V
28/11/2017;-0,53;V
29/11/2017;-0,27;V
30/11/2017;0,22;V
01/12/2017;-0,10;V
02/12/2017;-0,46;V
03/12/2017;-0,50;V
04/12/2017;-0,54;V
05/12/2017;-0,55;V
06/12/2017;-0,57;V
07/12/2017;-0,40;V
08/12/2017;-0,31;V
09/12/2017;0,19;V
10/12/2017;0,06;V
11/12/2017;0,62;V
12/12/2017;0,90;V
13/12/2017;0,81;V
14/12/2017;0,69;V
15/12/2017;0,83;V
16/12/2017;0,55;V
17/12/2017;0,41;V
18/12/2017;0,24;V
19/12/2017;0,07;V
20/12/2017;-0,08;V
21/12/2017;-0,02;V
22/12/2017;-0,28;V
23/12/2017;-0,13;V
24/12/2017;-0,41;V
25/12/2017;-0,43;V
26/12/2017;-0,45;V
27/12/2017;0,00;V
28/12/2017;1,36;V
29/12/2017;1,00;V
30/12/2017;0,55;V
31/12/2017;0,32;V
01/01/2018;0,03;V
02/01/2018;0,84;V
03/01/2018;0,79;V
04/01/2018;0,69;V
05/01/2018;0,61;V
06/01/2018;0,49;V
07/01/2018;0,27;V
08/01/2018;0,13;V
09/01/2018;0,03;V
10/01/2018;0,09;V
11/01/2018;0,05;V
12/01/2018;0,19;V
13/01/2018;0,20;V
14/01/2018;0,16;V
15/01/2018;0,00;V
16/01/2018;0,00;V
17/01/2018;1,08;V
18/01/2018;0,94;V
19/01/2018;0,75;V
20/01/2018;0,33;V
21/01/2018;0,41;V
22/01/2018;0,23;V
23/01/2018;0,36;V
24/01/2018;0,01;V
25/01/2018;0,01;V
26/01/2018;-0,03;V
27/01/2018;-0,09;V
28/01/2018;-0,15;V
29/01/2018;-0,33;V
30/01/2018;-0,17;V
31/01/2018;-0,05;V
01/02/2018;-0,10;V
02/02/2018;2,22;V
03/02/2018;3,01;V
04/02/2018;1,53;V
05/02/2018;0,98;V
06/02/2018;0,82;V
07/02/2018;0,51;V
08/02/2018;0,54;V
09/02/2018;0,38;V
10/02/2018;0,20;V
11/02/2018;0,23;V
12/02/2018;0,16;V
13/02/2018;0,10;V
14/02/2018;0,00;V
15/02/2018;-0,08;V
16/02/2018;-0,10;V
17/02/2018;0,13;V
18/02/2018;2,11;V
19/02/2018;1,46;V
20/02/2018;0,90;V
21/02/2018;0,70;V
22/02/2018;0,52;V
23/02/2018;0,36;V
24/02/2018;0,50;V
25/02/2018;0,42;V
26/02/2018;0,27;V
27/02/2018;0,21;V
28/02/2018;0,19;V
01/03/2018;0,18;V
02/03/2018;1,30;V
03/03/2018;3,03;V
04/03/2018;2,34;V
05/03/2018;1,58;V
06/03/2018;1,73;V
07/03/2018;2,06;V
08/03/2018;1,85;V
09/03/2018;1,24;V
10/03/2018;1,10;V
11/03/2018;1,26;V
12/03/2018;3,04;V
13/03/2018;2,42;V
14/03/2018;1,55;V
15/03/2018;1,23;V
16/03/2018;2,55;V
17/03/2018;1,86;V
18/03/2018;1,52;V
19/03/2018;1,86;V
20/03/2018;1,54;V
21/03/2018;1,26;V
22/03/2018;1,16;V
23/03/2018;0,86;V
24/03/2018;0,66;V
25/03/2018;0,43;V
26/03/2018;0,34;V
27/03/2018;0,32;V
28/03/2018;0,17;V
29/03/2018;0,18;V
30/03/2018;0,28;V
31/03/2018;0,49;V
01/04/2018;0,35;V
02/04/2018;0,24;V
03/04/2018;0,21;V
04/04/2018;0,42;V
05/04/2018;1,31;V
06/04/2018;0,97;V
07/04/2018;0,78;V
08/04/2018;0,52;V
09/04/2018;0,48;V
10/04/2018;0,46;V
11/04/2018;0,47;V
12/04/2018;0,41;V
13/04/2018;0,30;V
14/04/2018;0,12;V
15/04/2018;0,27;V
16/04/2018;0,25;V
17/04/2018;0,13;V
18/04/2018;0,00;V
19/04/2018;-0,05;V
20/04/2018;-0,10;V
21/04/2018;-0,15;V
22/04/2018;-0,14;V
23/04/2018;-0,15;V
24/04/2018;-0,16;V
25/04/2018;-0,26;V
26/04/2018;-0,27;V
27/04/2018;-0,26;V
28/04/2018;-0,26;V
29/04/2018;-0,24;V
30/04/2018;-0,27;V
01/05/2018;-0,21;V
02/05/2018;0,01;V
03/05/2018;-0,17;V
04/05/2018;-0,27;V
05/05/2018;-0,24;V
06/05/2018;-0,19;V
07/05/2018;-0,21;V
08/05/2018;-0,11;V
09/05/2018;0,18;V
10/05/2018;0,32;V
11/05/2018;0,15;V
12/05/2018;-0,13;V
13/05/2018;-0,16;V
14/05/2018;0,09;V
15/05/2018;0,56;V
16/05/2018;0,37;V
17/05/2018;0,04;V
18/05/2018;0,10;V
19/05/2018;0,05;V
20/05/2018;-0,17;V
21/05/2018;-0,02;V
22/05/2018;0,49;V
23/05/2018;0,49;V
24/05/2018;0,28;V
25/05/2018;0,29;V
26/05/2018;-0,14;V
27/05/2018;-0,39;V
28/05/2018;-0,42;V
29/05/2018;-0,44;V
30/05/2018;-0,25;V
31/05/2018;-0,35;V
01/06/2018;-0,29;V
02/06/2018;-0,36;V
03/06/2018;-0,37;V
04/06/2018;-0,34;V
05/06/2018;-0,36;V
06/06/2018;-0,47;V
07/06/2018;-0,44;V
08/06/2018;-0,13;V
09/06/2018;0,20;V
10/06/2018;-0,29;V
11/06/2018;-0,37;V
12/06/2018;-0,37;V
13/06/2018;-0,48;V
14/06/2018;-0,23;V
15/06/2018;-0,42;V
16/06/2018;-0,49;V
17/06/2018;-0,46;V
18/06/2018;-0,46;V
19/06/2018;-0,47;V
20/06/2018;-0,44;V
21/06/2018;-0,43;V
22/06/2018;-0,40;V
23/06/2018;-0,43;V
24/06/2018;-0,44;V
25/06/2018;-0,43;V
26/06/2018;-0,47;V
27/06/2018;-0,49;V
28/06/2018;-0,48;V
29/06/2018;-0,48;V
30/06/2018;-0,48;V
01/07/2018;-0,49;V
02/07/2018;-0,55;V
03/07/2018;-0,61;V
04/07/2018;-0,62;V
05/07/2018;-0,52;V
06/07/2018;-0,61;V
07/07/2018;-0,60;V
08/07/2018;-0,57;V
09/07/2018;-0,63;V
10/07/2018;-0,58;V
11/07/2018;-0,62;V
12/07/2018;-0,63;V
13/07/2018;-0,64;V
14/07/2018;-0,59;V
15/07/2018;-0,63;V
16/07/2018;-0,62;V
17/07/2018;-0,51;V
18/07/2018;-0,45;V
19/07/2018;-0,63;V
20/07/2018;-0,64;V
21/07/2018;-0,64;V
22/07/2018;-0,64;V
23/07/2018;-0,60;V
24/07/2018;-0,61;V
25/07/2018;-0,63;V
26/07/2018;-0,63;V
27/07/2018;-0,63;V
28/07/2018;-0,63;V
29/07/2018;-0,64;V
30/07/2018;-0,65;V
31/07/2018;-0,64;V
01/08/2018;-0,63;V
02/08/2018;-0,61;V
03/08/2018;-0,61;V
04/08/2018;-0,60;V
05/08/2018;-0,60;V
06/08/2018;-0,60;V
07/08/2018;-0,55;V
08/08/2018;-0,55;V
09/08/2018;-0,59;V
10/08/2018;-0,59;V
11/08/2018;-0,59;V
12/08/2018;-0,60;V
13/08/2018;-0,59;V
14/08/2018;-0,58;V
15/08/2018;-0,56;V
16/08/2018;-0,59;V
17/08/2018;-0,60;V
18/08/2018;-0,60;V
19/08/2018;-0,59;V
20/08/2018;-0,59;V
21/08/2018;-0,58;V
22/08/2018;-0,58;V
23/08/2018;-0,59;V
24/08/2018;-0,57;V
25/08/2018;-0,57;V
26/08/2018;-0,58;V
27/08/2018;-0,60;V
28/08/2018;-0,58;V
29/08/2018;-0,59;V
30/08/2018;-0,58;V
31/08/2018;-0,57;V
01/09/2018;-0,57;V
02/09/2018;-0,51;V
03/09/2018;-0,53;V
04/09/2018;-0,57;V
05/09/2018;-0,58;V
06/09/2018;-0,57;V
07/09/2018;-0,56;V
08/09/2018;-0,57;V
09/09/2018;-0,58;V
10/09/2018;-0,57;V
11/09/2018;-0,58;V
12/09/2018;-0,59;V
13/09/2018;-0,54;V
14/09/2018;-0,56;V
15/09/2018;-0,56;V
16/09/2018;-0,57;V
17/09/2018;-0,59;V
18/09/2018;-0,55;V
19/09/2018;-0,54;V
20/09/2018;-0,55;V
21/09/2018;-0,56;V
22/09/2018;-0,55;V
23/09/2018;-0,56;V
24/09/2018;-0,57;V
25/09/2018;-0,61;V
26/09/2018;-0,61;V
27/09/2018;-0,61;V
28/09/2018;-0,62;V
29/09/2018;-0,62;V
30/09/2018;-0,61;V
01/10/2018;-0,56;V
02/10/2018;-0,57;V
03/10/2018;-0,59;V
04/10/2018;-0,61;V
05/10/2018;-0,62;V
06/10/2018;-0,57;V
07/10/2018;-0,58;V
08/10/2018;-0,59;V
09/10/2018;-0,61;V
10/10/2018;-0,63;V
11/10/2018;-0,62;V
12/10/2018;-0,62;V
13/10/2018;-0,63;V
14/10/2018;-0,64;V
15/10/2018;-0,63;V
16/10/2018;-0,63;V
17/10/2018;-0,62;V
18/10/2018;-0,63;V
19/10/2018;-0,63;V
20/10/2018;-0,64;V
21/10/2018;-0,64;V
22/10/2018;-0,65;V
23/10/2018;-0,65;V
24/10/2018;-0,65;V
25/10/2018;-0,64;V
26/10/2018;-0,64;V
27/10/2018;-0,64;V
28/10/2018;-0,59;V
29/10/2018;-0,36;V
30/10/2018;-0,39;V
31/10/2018;-0,44;V
01/11/2018;-0,30;V
02/11/2018;-0,10;V
03/11/2018;-0,31;V
04/11/2018;-0,47;V
05/11/2018;-0,50;V
06/11/2018;-0,49;V
07/11/2018;-0,51;V
08/11/2018;-0,55;V
09/11/2018;-0,59;V
10/11/2018;-0,51;V
11/11/2018;-0,60;V
12/11/2018;-0,61;V
13/11/2018;-0,61;V
14/11/2018;-0,59;V
15/11/2018;-0,63;V
16/11/2018;-0,63;V
17/11/2018;-0,60;V
18/11/2018;-0,63;V
19/11/2018;-0,60;V
20/11/2018;-0,51;V
21/11/2018;-0,23;V
22/11/2018;-0,15;V
23/11/2018;-0,36;V
24/11/2018;-0,39;V
25/11/2018;-0,19;V
26/11/2018;0,14;V
27/11/2018;0,06;V
28/11/2018;-0,09;V
29/11/2018;-0,31;V
30/11/2018;-0,44;V
01/12/2018;-0,39;V
02/12/2018;-0,43;V
03/12/2018;-0,31;V
04/12/2018;-0,06;V
05/12/2018;-0,09;V
06/12/2018;-0,26;V
07/12/2018;-0,34;V
08/12/2018;-0,11;V
09/12/2018;-0,11;V
10/12/2018;-0,07;V
11/12/2018;-0,10;V
12/12/2018;-0,27;V
13/12/2018;-0,31;V
14/12/2018;-0,41;V
15/12/2018;-0,41;V
16/12/2018;-0,39;V
17/12/2018;-0,21;V
18/12/2018;-0,05;V
19/12/2018;-0,14;V
20/12/2018;-0,31;V
21/12/2018;0,10;V
22/12/2018;-0,06;V
23/12/2018;0,04;V
24/12/2018;-0,01;V
25/12/2018;-0,17;V
26/12/2018;-0,19;V
27/12/2018;-0,30;V
28/12/2018;-0,29;V
29/12/2018;-0,38;V
30/12/2018;-0,51;V
31/12/2018;-0,43;V
01/01/2019;-0,37;V
02/01/2019;-0,54;V
03/01/2019;-0,40;V
04/01/2019;-0,56;V
05/01/2019;-0,33;V
06/01/2019;-0,56;V
07/01/2019;-0,56;V
08/01/2019;-0,41;V
09/01/2019;-0,56;V
10/01/2019;-0,45;V
11/01/2019;-0,58;V
12/01/2019;-0,43;V
13/01/2019;-0,58;V
14/01/2019;-0,59;V
15/01/2019;-0,44;V
16/01/2019;-0,58;V
17/01/2019;-0,58;V
18/01/2019;-0,36;V
19/01/2019;-0,50;V
20/01/2019;-0,34;V
21/01/2019;-0,54;V
22/01/2019;-0,35;V
23/01/2019;-0,37;V
24/01/2019;-0,38;V
25/01/2019;-0,31;V
26/01/2019;-0,33;V
27/01/2019;-0,38;V
28/01/2019;-0,34;V
29/01/2019;-0,22;V
30/01/2019;-0,32;V
31/01/2019;-0,18;V
01/02/2019;0,07;V
02/02/2019;2,66;V
03/02/2019;2,87;V
04/02/2019;1,29;V
05/02/2019;0,69;V
06/02/2019;0,46;V
07/02/2019;0,12;V
08/02/2019;0,11;V
09/02/2019;0,09;V
10/02/2019;-0,09;V
11/02/2019;-0,15;V
12/02/2019;-0,02;V
13/02/2019;-0,19;V
14/02/2019;-0,26;V
15/02/2019;-0,23;V
16/02/2019;-0,24;V
17/02/2019;-0,25;V
18/02/2019;-0,09;V
19/02/2019;-0,24;V
20/02/2019;-0,29;V
21/02/2019;-0,44;V
22/02/2019;-0,48;V
23/02/2019;-0,31;V
24/02/2019;-0,30;V
25/02/2019;-0,52;V
26/02/2019;-0,36;V
27/02/2019;-0,53;V
28/02/2019;-0,36;V
01/03/2019;-0,51;V
02/03/2019;-0,36;V
03/03/2019;-0,55;V
04/03/2019;-0,52;V
05/03/2019;-0,35;V
06/03/2019;-0,52;V
07/03/2019;-0,43;V
08/03/2019;-0,51;V
09/03/2019;-0,56;V
10/03/2019;-0,41;V
11/03/2019;-0,56;V
12/03/2019;-0,36;V
13/03/2019;-0,54;V
14/03/2019;-0,41;V
15/03/2019;-0,56;V
16/03/2019;-0,57;V
17/03/2019;-0,57;V
18/03/2019;-0,40;V
19/03/2019;-0,52;V
20/03/2019;-0,38;V
21/03/2019;-0,56;V
22/03/2019;-0,37;V
23/03/2019;-0,58;V
24/03/2019;-0,40;V
25/03/2019;-0,58;V
26/03/2019;-0,55;V
27/03/2019;-0,53;V
28/03/2019;-0,58;V
29/03/2019;-0,45;V
30/03/2019;-0,58;V
31/03/2019;-0,47;V
01/04/2019;-0,59;V
02/04/2019;-0,58;V
03/04/2019;-0,35;V
04/04/2019;-0,42;V
05/04/2019;0,32;V
06/04/2019;0,27;V
07/04/2019;0,06;V
08/04/2019;-0,08;V
09/04/2019;-0,34;V
10/04/2019;-0,32;V
11/04/2019;-0,35;V
12/04/2019;-0,32;V
13/04/2019;-0,32;V
14/04/2019;-0,34;V
15/04/2019;-0,16;V
16/04/2019;-0,12;V
17/04/2019;-0,26;V
18/04/2019;-0,28;V
19/04/2019;-0,31;V
20/04/2019;-0,44;V
21/04/2019;-0,53;V
22/04/2019;-0,35;V
23/04/2019;0,05;V
24/04/2019;-0,10;V
25/04/2019;-0,01;V
26/04/2019;-0,19;V
27/04/2019;-0,06;V
28/04/2019;-0,19;V
29/04/2019;-0,17;V
30/04/2019;-0,21;V
01/05/2019;0,01;V
02/05/2019;-0,18;V
03/05/2019;0,06;V
04/05/2019;-0,05;V
05/05/2019;0,04;V
06/05/2019;0,49;V
07/05/2019;0,36;V
08/05/2019;0,15;V
09/05/2019;0,25;V
10/05/2019;0,48;V
11/05/2019;0,34;V
12/05/2019;0,17;V
13/05/2019;0,93;V
14/05/2019;0,93;V
15/05/2019;0,56;V
16/05/2019;0,36;V
17/05/2019;0,15;V
18/05/2019;0,12;V
19/05/2019;0,26;V
20/05/2019;0,66;V
21/05/2019;0,68;V
22/05/2019;0,71;V
23/05/2019;0,69;V
24/05/2019;0,25;V
25/05/2019;0,61;V
26/05/2019;0,40;V
27/05/2019;0,39;V
28/05/2019;0,78;V
29/05/2019;1,27;V
30/05/2019;1,36;V
31/05/2019;0,78;V
01/06/2019;0,50;V
02/06/2019;0,28;V
03/06/2019;0,12;V
04/06/2019;-0,05;V
05/06/2019;0,02;V
06/06/2019;-0,22;V
07/06/2019;-0,31;V
08/06/2019;-0,22;V
09/06/2019;-0,27;V
10/06/2019;-0,30;V
11/06/2019;-0,31;V
12/06/2019;-0,38;V
13/06/2019;-0,36;V
14/06/2019;-0,40;V
15/06/2019;-0,40;V
16/06/2019;-0,53;V
17/06/2019;-0,39;V
18/06/2019;-0,41;V
19/06/2019;-0,54;V
20/06/2019;-0,48;V
21/06/2019;-0,53;V
22/06/2019;-0,46;V
23/06/2019;-0,51;V
24/06/2019;-0,50;V
25/06/2019;-0,58;V
26/06/2019;-0,60;V
27/06/2019;-0,52;V
28/06/2019;-0,60;V
29/06/2019;-0,59;V
30/06/2019;-0,63;V
01/07/2019;-0,63;V
02/07/2019;-0,58;V
03/07/2019;-0,59;V
04/07/2019;-0,59;V
05/07/2019;-0,61;V
06/07/2019;-0,60;V
07/07/2019;-0,60;V
08/07/2019;-0,60;V
09/07/2019;-0,56;V
10/07/2019;-0,57;V
11/07/2019;-0,51;V
12/07/2019;-0,61;V
13/07/2019;-0,59;V
14/07/2019;-0,59;V
15/07/2019;-0,56;V
16/07/2019;-0,50;V
17/07/2019;-0,60;V
18/07/2019;-0,62;V
19/07/2019;-0,63;V
20/07/2019;-0,64;V
21/07/2019;-0,64;V
22/07/2019;-0,63;V
23/07/2019;-0,62;V
24/07/2019;-0,63;V
25/07/2019;-0,63;V
26/07/2019;-0,64;V
27/07/2019;-0,58;V
28/07/2019;1,02;V
29/07/2019;0,36;V
30/07/2019;-0,37;V
31/07/2019;-0,58;V
01/08/2019;-0,60;V
02/08/2019;-0,53;V
03/08/2019;-0,52;V
04/08/2019;-0,55;V
05/08/2019;-0,56;V
06/08/2019;-0,58;V
07/08/2019;-0,59;V
08/08/2019;-0,63;V
09/08/2019;-0,64;V
10/08/2019;-0,64;V
11/08/2019;-0,65;V
12/08/2019;-0,65;V
13/08/2019;-0,65;V
14/08/2019;-0,64;V
15/08/2019;-0,65;V
16/08/2019;-0,65;V
17/08/2019;-0,65;V
18/08/2019;-0,65;V
19/08/2019;-0,65;V
20/08/2019;-0,66;V
21/08/2019;-0,66;V
22/08/2019;-0,63;V
23/08/2019;-0,53;V
24/08/2019;-0,52;V
25/08/2019;-0,48;V
26/08/2019;-0,59;V
27/08/2019;-0,61;V
28/08/2019;-0,60;V
29/08/2019;-0,62;V
30/08/2019;-0,60;V
31/08/2019;-0,62;V
01/09/2019;-0,60;V
02/09/2019;-0,60;V
03/09/2019;-0,55;V
04/09/2019;-0,63;V
05/09/2019;-0,64;V
06/09/2019;-0,64;V
07/09/2019;-0,60;V
08/09/2019;-0,51;V
09/09/2019;-0,56;V
10/09/2019;-0,54;V
11/09/2019;-0,54;V
12/09/2019;-0,53;V
13/09/2019;-0,61;V
14/09/2019;-0,67;V
15/09/2019;-0,68;V
16/09/2019;-0,68;V
17/09/2019;-0,68;V
18/09/2019;-0,68;V
19/09/2019;-0,64;V
20/09/2019;-0,65;V
21/09/2019;-0,68;V
22/09/2019;-0,63;V
23/09/2019;-0,39;V
24/09/2019;-0,46;V
25/09/2019;-0,50;V
26/09/2019;-0,57;V
27/09/2019;-0,52;V
28/09/2019;-0,60;V
29/09/2019;-0,66;V
30/09/2019;-0,67;V
01/10/2019;-0,67;V
02/10/2019;-0,64;V
03/10/2019;-0,58;V
04/10/2019;-0,62;V
05/10/2019;-0,65;V
06/10/2019;-0,67;V
07/10/2019;-0,65;V
08/10/2019;-0,66;V
09/10/2019;-0,67;V
10/10/2019;-0,67;V
11/10/2019;-0,67;V
12/10/2019;-0,67;V
13/10/2019;-0,60;V
14/10/2019;-0,65;V
15/10/2019;-0,66;V
16/10/2019;-0,54;V
17/10/2019;-0,62;V
18/10/2019;-0,64;V
19/10/2019;-0,65;V
20/10/2019;-0,66;V
21/10/2019;-0,67;V
22/10/2019;-0,67;V
23/10/2019;-0,67;V
24/10/2019;-0,65;V
25/10/2019;-0,61;V
26/10/2019;-0,64;V
27/10/2019;-0,64;V
28/10/2019;-0,65;V
29/10/2019;-0,64;V
30/10/2019;-0,63;V
31/10/2019;-0,61;V
01/11/2019;-0,57;V
02/11/2019;-0,61;V
03/11/2019;-0,43;V
04/11/2019;-0,29;V
05/11/2019;0,26;V
06/11/2019;1,29;V
07/11/2019;0,64;V
08/11/2019;0,57;V
09/11/2019;1,09;V
10/11/2019;0,69;V
11/11/2019;0,23;V
12/11/2019;-0,10;V
13/11/2019;0,42;V
14/11/2019;0,35;V
15/11/2019;0,57;V
16/11/2019;2,01;V
17/11/2019;5,18;V
18/11/2019;2,40;V
19/11/2019;2,02;R
20/11/2019;1,54;V
21/11/2019;1,04;V
22/11/2019;0,81;V
23/11/2019;0,40;V
24/11/2019;0,25;V
25/11/2019;0,25;V
26/11/2019;0,22;V
27/11/2019;0,28;V
28/11/2019;0,50;V
29/11/2019;0,66;V
30/11/2019;0,68;V
01/12/2019;0,49;V
02/12/2019;1,22;V
03/12/2019;2,51;V
04/12/2019;1,18;V
05/12/2019;0,76;V
06/12/2019;0,50;V
07/12/2019;0,32;V
08/12/2019;0,25;V
09/12/2019;0,28;V
10/12/2019;0,31;V
11/12/2019;0,15;V
12/12/2019;0,32;V
13/12/2019;0,83;V
14/12/2019;1,17;V
15/12/2019;0,64;V
16/12/2019;0,50;V
17/12/2019;0,42;V
18/12/2019;0,27;V
19/12/2019;0,16;V
20/12/2019;0,18;V
21/12/2019;2,40;V
22/12/2019;4,54;V
23/12/2019;2,59;V
24/12/2019;1,38;V
25/12/2019;0,99;V
26/12/2019;0,75;V
27/12/2019;0,53;V
28/12/2019;0,33;V
29/12/2019;0,26;V
30/12/2019;0,23;V
31/12/2019;0,20;V
01/01/2020;-0,15;V
02/01/2020;-0,09;V
03/01/2020;-0,02;V
04/01/2020;-0,10;V
05/01/2020;-0,12;V
06/01/2020;-0,14;V
07/01/2020;-0,15;V
08/01/2020;-0,20;V
09/01/2020;-0,17;V
10/01/2020;-0,28;V
11/01/2020;-0,25;V
12/01/2020;-0,28;V
13/01/2020;-0,33;V
14/01/2020;-0,28;V
15/01/2020;-0,34;V
16/01/2020;-0,32;V
17/01/2020;-0,28;V
18/01/2020;-0,03;V
19/01/2020;-0,31;V
20/01/2020;-0,32;V
21/01/2020;-0,28;V
22/01/2020;-0,31;V
23/01/2020;-0,36;V
24/01/2020;-0,35;V
25/01/2020;-0,25;V
26/01/2020;-0,13;V
27/01/2020;-0,10;V
28/01/2020;0,05;V
29/01/2020;-0,01;V
30/01/2020;-0,10;V
31/01/2020;-0,02;V
01/02/2020;0,05;V
02/02/2020;0,37;V
03/02/2020;0,31;V
04/02/2020;0,26;V
05/02/2020;0,11;V
06/02/2020;-0,02;V
07/02/2020;-0,12;V
08/02/2020;-0,14;V
09/02/2020;-0,19;V
10/02/2020;-0,36;V
11/02/2020;-0,16;V
12/02/2020;-0,22;V
13/02/2020;-0,27;V
14/02/2020;0,00;V
15/02/2020;0,04;V
16/02/2020;-0,05;V
17/02/2020;-0,15;V
18/02/2020;-0,20;V
19/02/2020;-0,25;V
20/02/2020;-0,27;V
21/02/2020;-0,31;V
22/02/2020;-0,32;V
23/02/2020;-0,32;V
24/02/2020;-0,43;V
25/02/2020;-0,28;V
26/02/2020;-0,32;V
27/02/2020;-0,29;V
28/02/2020;0,08;V
29/02/2020;0,10;V
01/03/2020;0,26;V
02/03/2020;1,16;V
03/03/2020;3,09;V
04/03/2020;1,67;V
05/03/2020;1,20;V
06/03/2020;1,44;V
07/03/2020;1,15;V
08/03/2020;0,83;V
09/03/2020;0,54;V
10/03/2020;0,25;V
11/03/2020;0,26;V
12/03/2020;0,15;V
13/03/2020;0,08;V
14/03/2020;0,07;V
15/03/2020;0,01;V
16/03/2020;-0,07;V
17/03/2020;-0,10;V
18/03/2020;-0,12;V
19/03/2020;-0,16;V
20/03/2020;-0,23;V
21/03/2020;-0,22;V
22/03/2020;-0,25;V
23/03/2020;-0,31;V
24/03/2020;-0,30;V
25/03/2020;-0,28;V
26/03/2020;-0,29;V
27/03/2020;-0,28;V
28/03/2020;-0,26;V
29/03/2020;-0,25;V
30/03/2020;-0,19;V
31/03/2020;-0,15;V
01/04/2020;-0,22;V
02/04/2020;-0,23;V
03/04/2020;-0,25;V
04/04/2020;-0,29;V
05/04/2020;-0,31;V
06/04/2020;-0,47;V
07/04/2020;-0,29;V
08/04/2020;-0,33;V
09/04/2020;-0,37;V
10/04/2020;-0,50;V
11/04/2020;-0,36;V
12/04/2020;-0,51;V
13/04/2020;-0,36;V
14/04/2020;-0,50;V
15/04/2020;-0,37;V
16/04/2020;-0,53;V
17/04/2020;-0,37;V
18/04/2020;-0,52;V
19/04/2020;-0,53;V
20/04/2020;-0,35;V
21/04/2020;-0,27;V
22/04/2020;-0,35;V
23/04/2020;-0,33;V
24/04/2020;-0,34;V
25/04/2020;-0,34;V
26/04/2020;-0,39;V
27/04/2020;-0,54;V
28/04/2020;-0,31;V
29/04/2020;0,11;V
30/04/2020;0,13;V
01/05/2020;-0,18;V
02/05/2020;-0,22;V
03/05/2020;-0,29;V
04/05/2020;-0,28;V
05/05/2020;-0,32;V
06/05/2020;-0,34;V
07/05/2020;-0,43;V
08/05/2020;-0,54;V
09/05/2020;-0,55;V
10/05/2020;-0,51;V
11/05/2020;-0,48;V
12/05/2020;-0,41;V
13/05/2020;-0,38;V
14/05/2020;-0,39;V
15/05/2020;-0,40;V
16/05/2020;-0,39;V
17/05/2020;-0,36;V
18/05/2020;-0,54;V
19/05/2020;-0,38;V
20/05/2020;0,01;V
21/05/2020;0,18;V
22/05/2020;-0,31;V
23/05/2020;-0,48;V
24/05/2020;-0,32;V
25/05/2020;-0,46;V
26/05/2020;-0,55;V
27/05/2020;-0,57;V
28/05/2020;-0,50;V
29/05/2020;-0,44;V
30/05/2020;-0,42;V
31/05/2020;-0,49;V
01/06/2020;-0,58;V
02/06/2020;-0,50;V
03/06/2020;-0,59;V
04/06/2020;-0,46;V
05/06/2020;0,41;V
06/06/2020;0,05;V
07/06/2020;-0,41;V
08/06/2020;-0,41;V
09/06/2020;-0,28;V
10/06/2020;-0,23;V
11/06/2020;-0,34;V
12/06/2020;-0,40;V
13/06/2020;-0,37;V
14/06/2020;-0,26;V
15/06/2020;-0,01;V
16/06/2020;-0,17;V
17/06/2020;-0,16;V
18/06/2020;-0,20;V
19/06/2020;-0,35;V
20/06/2020;-0,44;V
21/06/2020;-0,49;V
22/06/2020;-0,46;V
23/06/2020;-0,48;V
24/06/2020;-0,53;V
25/06/2020;-0,50;V
26/06/2020;-0,52;V
27/06/2020;-0,63;V
28/06/2020;-0,55;V
29/06/2020;-0,64;V
30/06/2020;-0,55;V
01/07/2020;-0,65;V
02/07/2020;-0,57;V
03/07/2020;-0,60;V
04/07/2020;-0,64;V
05/07/2020;-0,66;V
06/07/2020;-0,63;V
07/07/2020;-0,66;V
08/07/2020;-0,64;V
09/07/2020;-0,67;V
10/07/2020;-0,62;V
11/07/2020;-0,58;V
12/07/2020;-0,61;V
13/07/2020;-0,63;V
14/07/2020;-0,63;V
15/07/2020;-0,58;V
16/07/2020;-0,58;V
17/07/2020;-0,63;V
18/07/2020;-0,65;V
19/07/2020;-0,69;V
20/07/2020;-0,69;V
21/07/2020;-0,67;V
22/07/2020;-0,65;V
23/07/2020;-0,65;V
24/07/2020;-0,65;V
25/07/2020;-0,63;V
26/07/2020;-0,65;V
27/07/2020;-0,66;V
28/07/2020;-0,65;V
29/07/2020;-0,65;V
30/07/2020;-0,66;V
31/07/2020;-0,66;V
01/08/2020;-0,67;V
02/08/2020;-0,67;V
03/08/2020;-0,66;V
04/08/2020;-0,64;V
05/08/2020;-0,65;V
06/08/2020;-0,66;V
07/08/2020;-0,67;V
08/08/2020;-0,68;V
09/08/2020;-0,69;V
10/08/2020;-0,70;V
11/08/2020;-0,68;V
12/08/2020;-0,65;V
13/08/2020;-0,66;V
14/08/2020;-0,67;V
15/08/2020;-0,67;V
16/08/2020;-0,68;V
17/08/2020;-0,67;V
18/08/2020;-0,66;V
19/08/2020;-0,67;V
20/08/2020;-0,68;V
21/08/2020;-0,69;V
22/08/2020;-0,67;V
23/08/2020;-0,67;V
24/08/2020;-0,66;V
25/08/2020;-0,61;V
26/08/2020;-0,65;V
27/08/2020;-0,67;V
28/08/2020;-0,67;V
29/08/2020;-0,67;V
30/08/2020;-0,56;V
31/08/2020;-0,58;V
01/09/2020;-0,57;V
02/09/2020;-0,63;V
03/09/2020;-0,67;V
04/09/2020;-0,68;V
05/09/2020;-0,68;V
06/09/2020;-0,68;V
07/09/2020;-0,68;V
08/09/2020;-0,69;V
09/09/2020;-0,68;V
10/09/2020;-0,68;V
11/09/2020;-0,69;V
12/09/2020;-0,70;V
13/09/2020;-0,70;V
14/09/2020;-0,71;V
15/09/2020;-0,68;V
16/09/2020;-0,68;V
17/09/2020;-0,68;V
18/09/2020;-0,68;V
19/09/2020;-0,68;V
20/09/2020;-0,66;V
21/09/2020;-0,62;V
22/09/2020;-0,62;V
23/09/2020;-0,54;V
24/09/2020;-0,58;V
25/09/2020;-0,07;V
26/09/2020;-0,35;V
27/09/2020;-0,44;V
28/09/2020;-0,47;V
29/09/2020;-0,47;V
30/09/2020;-0,47;V
01/10/2020;-0,45;V
02/10/2020;-0,43;V
03/10/2020;-0,15;V
04/10/2020;-0,30;V
05/10/2020;-0,16;V
06/10/2020;-0,34;V
07/10/2020;-0,09;V
08/10/2020;0,00;V
09/10/2020;-0,35;V
10/10/2020;-0,38;V
11/10/2020;-0,16;V
12/10/2020;0,49;V
13/10/2020;0,12;V
14/10/2020;0,03;V
15/10/2020;0,18;V
16/10/2020;0,44;V
17/10/2020;0,16;V
18/10/2020;0,06;V
19/10/2020;-0,34;V
20/10/2020;-0,54;V
21/10/2020;-0,53;V
22/10/2020;-0,56;V
23/10/2020;-0,42;V
24/10/2020;-0,44;V
25/10/2020;0,19;V
26/10/2020;0,08;V
27/10/2020;0,34;V
28/10/2020;-0,27;V
29/10/2020;-0,44;V
30/10/2020;-0,50;V
31/10/2020;-0,53;V
01/11/2020;-0,32;V
02/11/2020;-0,26;V
03/11/2020;-0,57;V
04/11/2020;-0,58;V
05/11/2020;-0,58;V
06/11/2020;-0,60;V
07/11/2020;-0,61;V
08/11/2020;-0,61;V
09/11/2020;-0,48;V
10/11/2020;-0,61;V
11/11/2020;-0,61;V
12/11/2020;-0,60;V
13/11/2020;-0,60;V
14/11/2020;-0,60;V
15/11/2020;-0,48;V
16/11/2020;-0,44;V
17/11/2020;0,49;V
18/11/2020;-0,11;V
19/11/2020;-0,36;V
20/11/2020;-0,38;V
21/11/2020;-0,36;V
22/11/2020;-0,36;V
23/11/2020;-0,40;V
24/11/2020;-0,44;V
25/11/2020;-0,48;V
26/11/2020;-0,46;V
27/11/2020;-0,47;V
28/11/2020;-0,45;V
29/11/2020;-0,48;V
30/11/2020;-0,58;V
01/12/2020;-0,42;V
02/12/2020;-0,38;V
03/12/2020;0,08;V
04/12/2020;-0,23;V
05/12/2020;2,14;V
06/12/2020;2,99;V
07/12/2020;2,11;V
08/12/2020;1,42;V
09/12/2020;1,82;V
10/12/2020;1,64;V
11/12/2020;1,20;V
12/12/2020;0,90;V
13/12/2020;0,58;V
14/12/2020;0,21;V
15/12/2020;0,17;V
16/12/2020;0,16;V
17/12/2020;0,14;V
18/12/2020;0,03;V
19/12/2020;-0,17;V
20/12/2020;-0,01;V
21/12/2020;-0,01;V
22/12/2020;-0,26;V
23/12/2020;-0,18;V
24/12/2020;-0,06;V
25/12/2020;0,01;V
26/12/2020;0,23;V
27/12/2020;0,26;V
28/12/2020;0,70;V
29/12/2020;1,76;V
30/12/2020;2,26;V
31/12/2020;1,51;V
01/01/2021;1,30;V
02/01/2021;2,00;V
03/01/2021;2,23;V
04/01/2021;1,33;V
05/01/2021;1,50;V
06/01/2021;1,66;V
07/01/2021;1,30;V
08/01/2021;0,99;V
09/01/2021;0,73;V
10/01/2021;0,51;V
11/01/2021;0,62;V
12/01/2021;0,50;V
13/01/2021;0,31;V
14/01/2021;0,54;V
15/01/2021;0,08;V
16/01/2021;0,07;V
17/01/2021;0,42;V
18/01/2021;-0,10;V
19/01/2021;0,02;V
20/01/2021;-0,04;V
21/01/2021;-0,03;V
22/01/2021;0,15;V
23/01/2021;1,18;V
24/01/2021;2,13;V
25/01/2021;2,45;V
26/01/2021;1,87;V
27/01/2021;1,06;V
28/01/2021;0,83;V
29/01/2021;0,78;V
30/01/2021;0,87;V
31/01/2021;1,21;V
01/02/2021;1,04;V
02/02/2021;0,89;V
03/02/2021;0,73;V
04/02/2021;0,59;V
05/02/2021;0,57;V
06/02/2021;0,57;V
07/02/2021;0,75;V
08/02/2021;2,06;V
09/02/2021;2,63;V
10/02/2021;2,66;V
11/02/2021;2,21;V
12/02/2021;1,25;V
13/02/2021;1,04;V
14/02/2021;0,95;V
15/02/2021;0,69;V
16/02/2021;0,40;V
17/02/2021;0,46;V
18/02/2021;0,57;V
19/02/2021;0,55;V
20/02/2021;0,40;V
21/02/2021;0,28;V
22/02/2021;0,23;V
23/02/2021;0,19;V
24/02/2021;0,03;V
25/02/2021;0,05;V
26/02/2021;0,05;V
27/02/2021;0,02;V
28/02/2021;-0,08;V
01/03/2021;-0,05;V
02/03/2021;-0,17;V
03/03/2021;-0,23;V
04/03/2021;0,05;V
05/03/2021;-0,16;V
06/03/2021;-0,09;V
07/03/2021;-0,25;V
08/03/2021;-0,27;V
09/03/2021;-0,25;V
10/03/2021;-0,31;V
11/03/2021;-0,31;V
12/03/2021;-0,31;V
13/03/2021;-0,16;V
14/03/2021;-0,14;V
15/03/2021;-0,26;V
16/03/2021;-0,31;V
17/03/2021;-0,32;V
18/03/2021;-0,33;V
19/03/2021;-0,23;V
20/03/2021;-0,27;V
21/03/2021;-0,32;V
22/03/2021;-0,33;V
23/03/2021;-0,32;V
24/03/2021;-0,51;V
25/03/2021;-0,45;V
26/03/2021;-0,42;V
27/03/2021;-0,44;V
28/03/2021;-0,42;V
29/03/2021;-0,52;V
30/03/2021;-0,45;V
31/03/2021;-0,43;V
01/04/2021;-0,44;V
02/04/2021;-0,42;V
03/04/2021;-0,35;V
04/04/2021;-0,42;V
05/04/2021;-0,55;V
06/04/2021;-0,44;V
07/04/2021;-0,38;V
08/04/2021;-0,49;V
09/04/2021;-0,46;V
10/04/2021;-0,39;V
11/04/2021;-0,39;V
12/04/2021;0,16;V
13/04/2021;1,38;V
14/04/2021;0,66;V
15/04/2021;0,21;V
16/04/2021;-0,06;V
17/04/2021;-0,20;V
18/04/2021;-0,24;V
19/04/2021;-0,26;V
20/04/2021;-0,17;V
21/04/2021;-0,18;V
22/04/2021;-0,26;V
23/04/2021;-0,29;V
24/04/2021;-0,31;V
25/04/2021;-0,31;V
26/04/2021;-0,32;V
27/04/2021;-0,29;V
28/04/2021;-0,22;V
29/04/2021;-0,13;V
30/04/2021;0,10;V
01/05/2021;0,06;V
02/05/2021;0,91;V
03/05/2021;0,42;V
04/05/2021;0,14;V
05/05/2021;0,06;V
06/05/2021;-0,06;V
07/05/2021;-0,15;V
08/05/2021;-0,32;V
09/05/2021;-0,18;V
10/05/2021;-0,23;V
11/05/2021;-0,12;V
12/05/2021;-0,02;V
13/05/2021;-0,02;V
14/05/2021;-0,05;V
15/05/2021;-0,16;V
16/05/2021;-0,20;V
17/05/2021;-0,14;V
18/05/2021;-0,29;V
19/05/2021;-0,01;V
20/05/2021;0,49;V
21/05/2021;0,06;V
22/05/2021;-0,23;V
23/05/2021;-0,02;V
24/05/2021;-0,18;V
25/05/2021;-0,23;V
26/05/2021;-0,30;V
27/05/2021;-0,35;V
28/05/2021;-0,44;V
29/05/2021;-0,44;V
30/05/2021;-0,47;V
31/05/2021;-0,49;V
01/06/2021;-0,47;V
02/06/2021;-0,45;V
03/06/2021;-0,45;V
04/06/2021;-0,50;V
05/06/2021;-0,42;V
06/06/2021;-0,47;V
07/06/2021;-0,39;V
08/06/2021;-0,46;V
09/06/2021;-0,37;V
10/06/2021;-0,43;V
11/06/2021;-0,51;V
12/06/2021;-0,49;V
13/06/2021;-0,51;V
14/06/2021;-0,55;V
15/06/2021;-0,57;V
16/06/2021;-0,57;V
17/06/2021;-0,58;V
18/06/2021;-0,58;V
19/06/2021;-0,54;V
20/06/2021;-0,54;V
21/06/2021;-0,59;V
22/06/2021;-0,60;V
23/06/2021;-0,61;V
24/06/2021;-0,61;V
25/06/2021;-0,65;V
26/06/2021;-0,63;V
27/06/2021;-0,62;V
28/06/2021;-0,66;V
29/06/2021;-0,66;V
30/06/2021;-0,67;V
01/07/2021;-0,68;V
02/07/2021;-0,67;V
03/07/2021;-0,68;V
04/07/2021;-0,67;V
05/07/2021;-0,68;V
06/07/2021;-0,68;V
07/07/2021;-0,68;V
08/07/2021;-0,69;V
09/07/2021;-0,69;V
10/07/2021;-0,68;V
11/07/2021;-0,68;V
12/07/2021;-0,68;V
13/07/2021;-0,66;V
14/07/2021;-0,60;V
15/07/2021;-0,64;V
16/07/2021;-0,65;V
17/07/2021;-0,65;V
18/07/2021;-0,66;V
19/07/2021;-0,67;V
20/07/2021;-0,67;V
21/07/2021;-0,67;V
22/07/2021;-0,68;V
23/07/2021;-0,68;V
24/07/2021;-0,68;V
25/07/2021;-0,68;V
26/07/2021;-0,69;V
27/07/2021;-0,68;V
28/07/2021;-0,68;V
29/07/2021;-0,68;V
30/07/2021;-0,68;V
31/07/2021;-0,68;V
01/08/2021;-0,66;V
02/08/2021;-0,66;V
03/08/2021;-0,67;V
04/08/2021;-0,68;V
05/08/2021;-0,67;V
06/08/2021;-0,68;V
07/08/2021;-0,68;V
08/08/2021;-0,68;V
09/08/2021;-0,69;V
10/08/2021;-0,68;V
11/08/2021;-0,68;V
12/08/2021;-0,68;V
13/08/2021;-0,68;V
14/08/2021;-0,67;V
15/08/2021;-0,67;V
16/08/2021;-0,67;V
17/08/2021;-0,67;V
18/08/2021;-0,67;V
19/08/2021;-0,67;V
20/08/2021;-0,67;V
21/08/2021;-0,66;V
22/08/2021;-0,65;V
23/08/2021;-0,66;V
24/08/2021;-0,66;V
25/08/2021;-0,66;V
26/08/2021;-0,66;V
27/08/2021;-0,66;V
28/08/2021;-0,64;V
29/08/2021;-0,63;V
30/08/2021;-0,65;V
31/08/2021;-0,61;V
01/09/2021;-0,58;V
02/09/2021;-0,60;V
03/09/2021;-0,57;V
04/09/2021;-0,64;V
05/09/2021;-0,67;V
06/09/2021;-0,67;V
07/09/2021;-0,64;V
08/09/2021;-0,66;V
09/09/2021;-0,66;V
10/09/2021;-0,67;V
11/09/2021;-0,68;V
12/09/2021;-0,69;V
13/09/2021;-0,70;V
14/09/2021;-0,70;V
15/09/2021;-0,70;V
16/09/2021;-0,70;V
17/09/2021;-0,65;V
18/09/2021;-0,67;V
19/09/2021;-0,66;V
20/09/2021;-0,66;V
21/09/2021;-0,67;V
22/09/2021;-0,68;V
23/09/2021;-0,69;V
24/09/2021;-0,70;V
25/09/2021;-0,70;V
26/09/2021;-0,68;V
27/09/2021;-0,59;V
28/09/2021;-0,68;V
29/09/2021;-0,70;V
30/09/2021;-0,71;V
01/10/2021;-0,71;V
02/10/2021;-0,71;V
03/10/2021;-0,71;V
04/10/2021;-0,71;V
05/10/2021;-0,65;V
06/10/2021;-0,66;V
07/10/2021;-0,66;V
08/10/2021;-0,58;V
09/10/2021;-0,64;V
10/10/2021;-0,67;V
11/10/2021;-0,68;V
12/10/2021;-0,69;V
13/10/2021;-0,70;V
14/10/2021;-0,70;V
15/10/2021;-0,70;V
16/10/2021;-0,70;V
17/10/2021;-0,71;V
18/10/2021;-0,71;V
19/10/2021;-0,70;V
20/10/2021;-0,70;V
21/10/2021;-0,70;V
22/10/2021;-0,70;V
23/10/2021;-0,66;V
24/10/2021;-0,69;V
25/10/2021;-0,70;V
26/10/2021;-0,70;V
27/10/2021;-0,70;V
28/10/2021;-0,71;V
29/10/2021;-0,71;V
30/10/2021;-0,71;V
31/10/2021;-0,71;V
01/11/2021;-0,70;V
02/11/2021;-0,61;V
03/11/2021;-0,65;V
04/11/2021;-0,53;V
05/11/2021;-0,56;V
06/11/2021;-0,65;V
07/11/2021;-0,62;V
08/11/2021;-0,63;V
09/11/2021;-0,60;V
10/11/2021;-0,60;V
11/11/2021;-0,66;V
12/11/2021;-0,67;V
13/11/2021;-0,61;V
14/11/2021;-0,52;V
15/11/2021;-0,61;V
16/11/2021;-0,64;V
17/11/2021;-0,59;V
18/11/2021;-0,62;V
19/11/2021;-0,58;V
20/11/2021;-0,52;V
21/11/2021;-0,65;V
22/11/2021;-0,65;V
23/11/2021;-0,66;V
24/11/2021;-0,61;V
25/11/2021;-0,57;V
26/11/2021;-0,64;V
27/11/2021;-0,63;V
28/11/2021;-0,36;V
29/11/2021;-0,32;V
30/11/2021;-0,42;V
01/12/2021;-0,44;V
02/12/2021;-0,12;V
03/12/2021;0,47;V
04/12/2021;0,07;V
05/12/2021;0,55;V
06/12/2021;0,14;V
07/12/2021;-0,09;V
08/12/2021;-0,09;V
09/12/2021;0,61;V
10/12/2021;0,54;V
11/12/2021;0,31;V
12/12/2021;0,21;V
13/12/2021;-0,14;V
14/12/2021;-0,25;V
15/12/2021;-0,27;V
16/12/2021;-0,29;V
17/12/2021;-0,33;V
18/12/2021;-0,53;V
19/12/2021;-0,38;V
20/12/2021;-0,34;V
21/12/2021;-0,45;V
22/12/2021;-0,58;V
23/12/2021;-0,42;V
24/12/2021;-0,31;V
25/12/2021;0,78;V
26/12/2021;1,97;V
27/12/2021;1,34;V
28/12/2021;0,89;V
29/12/2021;0,64;V
30/12/2021;0,38;V
31/12/2021;0,26;V
01/01/2022;0,10;V
02/01/2022;-0,23;V
03/01/2022;-0,31;V
04/01/2022;-0,16;V
05/01/2022;-0,08;V
06/01/2022;0,83;V
07/01/2022;0,65;V
08/01/2022;0,30;V
09/01/2022;0,31;V
10/01/2022;0,29;V
11/01/2022;0,09;V
12/01/2022;-0,09;V
13/01/2022;-0,11;V
14/01/2022;-0,13;V
15/01/2022;-0,14;V
16/01/2022;-0,15;V
17/01/2022;-0,17;V
18/01/2022;-0,19;V
19/01/2022;-0,25;V
20/01/2022;-0,24;V
21/01/2022;-0,40;V
22/01/2022;-0,47;V
23/01/2022;-0,48;V
24/01/2022;-0,12;V
25/01/2022;-0,16;V
26/01/2022;-0,50;V
27/01/2022;-0,52;V
28/01/2022;-0,54;V
29/01/2022;-0,54;V
30/01/2022;-0,33;V
31/01/2022;-0,33;V
01/02/2022;-0,34;V
02/02/2022;-0,52;V
03/02/2022;-0,57;V
04/02/2022;-0,58;V
05/02/2022;-0,57;V
06/02/2022;-0,57;V
07/02/2022;-0,58;V
08/02/2022;-0,55;V
09/02/2022;-0,57;V
10/02/2022;-0,37;V
11/02/2022;-0,37;V
12/02/2022;-0,37;V
13/02/2022;-0,50;V
14/02/2022;-0,59;V
15/02/2022;-0,19;V
16/02/2022;0,53;V
17/02/2022;0,10;V
18/02/2022;-0,03;V
19/02/2022;-0,14;V
20/02/2022;-0,17;V
21/02/2022;-0,24;V
22/02/2022;-0,24;V
23/02/2022;-0,27;V
24/02/2022;-0,29;V
25/02/2022;-0,29;V
26/02/2022;-0,22;V
27/02/2022;-0,24;V
28/02/2022;-0,26;V
01/03/2022;-0,27;V
02/03/2022;-0,28;V
03/03/2022;-0,29;V
04/03/2022;-0,28;V
05/03/2022;-0,29;V
06/03/2022;-0,30;V
07/03/2022;-0,31;V
08/03/2022;-0,49;V
09/03/2022;-0,54;V
10/03/2022;-0,55;V
11/03/2022;-0,55;V
12/03/2022;-0,38;V
13/03/2022;-0,34;V
14/03/2022;-0,34;V
15/03/2022;-0,37;V
16/03/2022;-0,55;V
17/03/2022;-0,57;V
18/03/2022;-0,58;V
19/03/2022;-0,58;V
20/03/2022;-0,59;V
21/03/2022;-0,59;V
22/03/2022;-0,59;V
23/03/2022;-0,59;V
24/03/2022;-0,59;V
25/03/2022;-0,59;V
26/03/2022;-0,60;V
27/03/2022;-0,60;V
28/03/2022;-0,60;V
29/03/2022;-0,40;V
30/03/2022;-0,35;V
31/03/2022;0,41;V
01/04/2022;0,74;V
02/04/2022;0,44;V
03/04/2022;0,36;V
04/04/2022;0,25;V
05/04/2022;0,18;V
06/04/2022;0,10;V
07/04/2022;0,06;V
08/04/2022;0,07;V
09/04/2022;0,04;V
10/04/2022;-0,16;V
11/04/2022;-0,22;V
12/04/2022;-0,24;V
13/04/2022;-0,26;V
14/04/2022;-0,44;V
15/04/2022;-0,50;V
16/04/2022;-0,32;V
17/04/2022;-0,30;V
18/04/2022;-0,32;V
19/04/2022;-0,35;V
20/04/2022;-0,53;V
21/04/2022;-0,52;V
22/04/2022;0,06;V
23/04/2022;0,73;V
24/04/2022;0,47;V
25/04/2022;1,05;V
26/04/2022;0,60;V
27/04/2022;0,29;V
28/04/2022;0,12;V
29/04/2022;-0,04;V
30/04/2022;-0,06;V
01/05/2022;-0,19;V
02/05/2022;-0,16;V
03/05/2022;-0,25;V
04/05/2022;-0,26;V
05/05/2022;-0,26;V
06/05/2022;-0,15;V
07/05/2022;-0,25;V
08/05/2022;-0,40;V
09/05/2022;-0,30;V
10/05/2022;-0,32;V
11/05/2022;-0,51;V
12/05/2022;-0,53;V
13/05/2022;-0,54;V
14/05/2022;-0,33;V
15/05/2022;-0,54;V
16/05/2022;-0,56;V
17/05/2022;-0,56;V
18/05/2022;-0,53;V
19/05/2022;-0,57;V
20/05/2022;-0,50;V
21/05/2022;-0,52;V
22/05/2022;-0,60;V
23/05/2022;-0,60;V
24/05/2022;-0,55;V
25/05/2022;-0,56;V
26/05/2022;-0,62;V
27/05/2022;-0,62;V
28/05/2022;-0,56;V
29/05/2022;-0,56;V
30/05/2022;-0,56;V
31/05/2022;-0,48;V
01/06/2022;-0,61;V
02/06/2022;-0,64;V
03/06/2022;-0,65;V
04/06/2022;-0,65;V
05/06/2022;-0,66;V
06/06/2022;-0,66;V
07/06/2022;-0,66;V
08/06/2022;-0,59;V
09/06/2022;-0,66;V
10/06/2022;-0,46;V
11/06/2022;-0,64;V
12/06/2022;-0,67;V
13/06/2022;-0,67;V
14/06/2022;-0,68;V
15/06/2022;-0,68;V
16/06/2022;-0,68;V
17/06/2022;-0,69;V
18/06/2022;-0,68;V
19/06/2022;-0,68;V
20/06/2022;-0,69;V
21/06/2022;-0,68;V
22/06/2022;-0,68;V
23/06/2022;-0,68;V
24/06/2022;-0,68;V
25/06/2022;-0,68;V
26/06/2022;-0,68;V
27/06/2022;-0,68;V
28/06/2022;-0,68;V
29/06/2022;-0,68;V
30/06/2022;-0,69;V
01/07/2022;-0,69;V
02/07/2022;-0,69;V
03/07/2022;-0,69;V
04/07/2022;-0,69;V
05/07/2022;-0,69;V
06/07/2022;-0,69;V
07/07/2022;-0,68;V
08/07/2022;-0,65;V
09/07/2022;-0,67;V
10/07/2022;-0,69;V
11/07/2022;-0,68;V
12/07/2022;-0,68;V
13/07/2022;-0,68;V
14/07/2022;-0,68;V
15/07/2022;-0,68;V
16/07/2022;-0,68;V
17/07/2022;-0,67;V
18/07/2022;-0,67;V
19/07/2022;-0,68;V
20/07/2022;-0,68;V
21/07/2022;-0,67;V
22/07/2022;-0,67;V
23/07/2022;-0,68;V
24/07/2022;-0,67;V
25/07/2022;-0,68;V
26/07/2022;-0,67;V
27/07/2022;-0,67;V
28/07/2022;-0,68;V
29/07/2022;-0,66;V
30/07/2022;-0,66;V
31/07/2022;-0,67;V
01/08/2022;-0,67;V
02/08/2022;-0,67;V
03/08/2022;-0,67;V
04/08/2022;-0,67;V
05/08/2022;-0,68;V
06/08/2022;-0,67;V
07/08/2022;-0,67;V
08/08/2022;-0,67;V
09/08/2022;-0,67;V
10/08/2022;-0,67;V
11/08/2022;-0,67;V
12/08/2022;-0,67;V
13/08/2022;-0,65;V
14/08/2022;-0,66;V
15/08/2022;-0,67;V
16/08/2022;-0,28;V
17/08/2022;-0,65;V
18/08/2022;-0,67;V
19/08/2022;-0,49;V
20/08/2022;-0,63;V
21/08/2022;-0,68;V
22/08/2022;-0,66;V
23/08/2022;-0,66;V
24/08/2022;-0,66;V
25/08/2022;-0,67;V
26/08/2022;-0,66;V
27/08/2022;-0,67;V
28/08/2022;-0,61;V
29/08/2022;-0,60;V
30/08/2022;-0,63;V
31/08/2022;-0,66;V
01/09/2022;-0,65;V
02/09/2022;-0,66;V
03/09/2022;-0,66;V
04/09/2022;-0,65;V
05/09/2022;-0,66;V
06/09/2022;-0,66;V
07/09/2022;-0,66;V
08/09/2022;-0,67;V
09/09/2022;-0,67;V
10/09/2022;-0,67;V
11/09/2022;-0,67;V
12/09/2022;-0,67;V
13/09/2022;-0,61;V
14/09/2022;-0,60;V
15/09/2022;-0,55;V
16/09/2022;-0,60;V
17/09/2022;-0,54;V
18/09/2022;-0,49;V
19/09/2022;-0,60;V
20/09/2022;-0,68;V
21/09/2022;-0,67;V
22/09/2022;-0,67;V
23/09/2022;-0,67;V
24/09/2022;-0,63;V
25/09/2022;1,32;V
26/09/2022;0,58;V
27/09/2022;-0,06;V
28/09/2022;-0,36;V
29/09/2022;-0,17;V
30/09/2022;0,75;V
01/10/2022;0,59;V
02/10/2022;0,08;V
03/10/2022;-0,15;V
04/10/2022;-0,33;V
05/10/2022;-0,36;V
06/10/2022;-0,58;V
07/10/2022;-0,64;V
08/10/2022;-0,65;V
09/10/2022;-0,66;V
10/10/2022;-0,67;V
11/10/2022;-0,66;V
12/10/2022;-0,67;V
13/10/2022;-0,67;V
14/10/2022;-0,67;V
15/10/2022;-0,67;V
16/10/2022;-0,67;V
17/10/2022;-0,67;V
18/10/2022;-0,67;V
19/10/2022;-0,67;V
20/10/2022;-0,67;V
21/10/2022;-0,67;V
22/10/2022;-0,67;V
23/10/2022;-0,67;V
24/10/2022;-0,67;V
25/10/2022;-0,63;V
26/10/2022;-0,68;V
27/10/2022;-0,68;V
28/10/2022;-0,68;V
29/10/2022;-0,68;V
30/10/2022;-0,68;V
31/10/2022;-0,68;V
01/11/2022;-0,68;V
02/11/2022;-0,68;V
03/11/2022;-0,68;V
04/11/2022;-0,51;V
05/11/2022;-0,53;V
06/11/2022;-0,57;V
07/11/2022;-0,57;V
08/11/2022;-0,55;V
09/11/2022;-0,55;V
10/11/2022;-0,55;V
11/11/2022;-0,55;V
12/11/2022;-0,55;V
13/11/2022;-0,55;V
14/11/2022;-0,55;V
15/11/2022;-0,67;V
16/11/2022;-0,63;V
17/11/2022;-0,25;V
18/11/2022;-0,37;V
19/11/2022;-0,56;V
20/11/2022;-0,53;V
21/11/2022;-0,26;V
22/11/2022;0,87;V
23/11/2022;1,37;V
24/11/2022;0,54;V
25/11/2022;0,04;V
26/11/2022;-0,08;V
27/11/2022;-0,31;V
28/11/2022;-0,47;V
29/11/2022;-0,48;V
30/11/2022;-0,52;V
01/12/2022;-0,37;V
02/12/2022;-0,32;V
03/12/2022;-0,27;V
04/12/2022;-0,47;V
05/12/2022;0,08;V
06/12/2022;0,91;V
07/12/2022;1,01;V
08/12/2022;0,65;V
09/12/2022;0,62;V
10/12/2022;1,85;V
11/12/2022;1,56;V
12/12/2022;0,90;V
13/12/2022;0,58;V
14/12/2022;0,50;V
15/12/2022;0,32;V
16/12/2022;3,85;V
17/12/2022;2,51;V
18/12/2022;1,03;V
19/12/2022;0,75;V
20/12/2022;0,45;V
21/12/2022;0,32;V
22/12/2022;0,27;V
23/12/2022;0,13;V
24/12/2022;0,00;V
25/12/2022;-0,02;V
26/12/2022;-0,06;V
27/12/2022;0,04;V
28/12/2022;0,03;V
29/12/2022;0,02;V
30/12/2022;-0,35;V
31/12/2022;-0,21;V
01/01/2023;-0,12;V
02/01/2023;-0,14;V
03/01/2023;-0,16;V
04/01/2023;-0,31;V
05/01/2023;-0,32;V
06/01/2023;-0,26;V
07/01/2023;-0,28;V
08/01/2023;-0,37;V
09/01/2023;0,83;V
10/01/2023;0,74;V
11/01/2023;0,35;V
12/01/2023;0,17;V
13/01/2023;-0,02;V
14/01/2023;-0,07;V
15/01/2023;-0,10;V
16/01/2023;-0,03;V
17/01/2023;1,18;V
18/01/2023;2,51;V
19/01/2023;1,83;V
20/01/2023;1,24;V
21/01/2023;0,86;V
22/01/2023;0,60;V
23/01/2023;0,57;V
24/01/2023;0,64;V
25/01/2023;0,60;V
26/01/2023;0,44;V
27/01/2023;0,42;V
28/01/2023;0,30;V
29/01/2023;0,16;V
30/01/2023;0,13;V
31/01/2023;-0,08;V
01/02/2023;-0,08;V
02/02/2023;-0,13;V
03/02/2023;0,02;V
04/02/2023;0,00;V
05/02/2023;0,01;V
06/02/2023;-0,07;V
07/02/2023;-0,13;V
08/02/2023;-0,16;V
09/02/2023;-0,17;V
10/02/2023;-0,18;V
11/02/2023;-0,25;V
12/02/2023;-0,26;V
13/02/2023;-0,30;V
14/02/2023;-0,32;V
15/02/2023;-0,30;V
16/02/2023;-0,30;V
17/02/2023;-0,30;V
18/02/2023;-0,29;V
19/02/2023;-0,28;V
20/02/2023;-0,27;V
21/02/2023;-0,27;V
22/02/2023;-0,27;V
23/02/2023;-0,28;V
24/02/2023;-0,23;V
25/02/2023;-0,20;V
26/02/2023;0,41;V
27/02/2023;0,92;V
28/02/2023;0,69;V
01/03/2023;0,58;V
02/03/2023;0,29;V
03/03/2023;0,35;V
04/03/2023;0,41;V
05/03/2023;0,12;V
06/03/2023;0,03;V
07/03/2023;0,11;V
08/03/2023;0,03;V
09/03/2023;0,09;V
10/03/2023;0,16;V
11/03/2023;0,27;V
12/03/2023;0,23;V
13/03/2023;0,02;V
14/03/2023;-0,04;V
15/03/2023;0,06;V
16/03/2023;0,02;V
17/03/2023;-0,10;V
18/03/2023;-0,14;V
19/03/2023;-0,15;V
20/03/2023;0,52;V
21/03/2023;0,53;V
22/03/2023;0,22;V
23/03/2023;0,16;V
24/03/2023;-0,05;V
25/03/2023;-0,02;V
26/03/2023;0,01;V
27/03/2023;-0,01;V
28/03/2023;-0,19;V
29/03/2023;-0,18;V
30/03/2023;-0,07;V
31/03/2023;-0,29;V
01/04/2023;-0,09;V
02/04/2023;0,06;V
03/04/2023;0,05;V
04/04/2023;-0,11;V
05/04/2023;-0,34;V
06/04/2023;-0,30;V
07/04/2023;-0,30;V
08/04/2023;-0,15;V
09/04/2023;0,06;V
10/04/2023;0,05;V
11/04/2023;-0,21;V
12/04/2023;-0,40;V
13/04/2023;-0,32;V
14/04/2023;0,18;V
15/04/2023;0,18;V
16/04/2023;0,00;V
17/04/2023;-0,17;V
18/04/2023;-0,20;V
19/04/2023;-0,18;V
20/04/2023;-0,23;V
21/04/2023;-0,17;V
22/04/2023;-0,19;V
23/04/2023;-0,29;V
24/04/2023;-0,32;V
25/04/2023;-0,35;V
26/04/2023;-0,33;V
27/04/2023;-0,36;V
28/04/2023;-0,25;V
29/04/2023;-0,24;V
30/04/2023;-0,35;V
01/05/2023;-0,39;V
02/05/2023;-0,32;V
03/05/2023;-0,30;V
04/05/2023;-0,26;V
05/05/2023;-0,27;V
06/05/2023;-0,44;V
07/05/2023;-0,36;V
08/05/2023;-0,35;V
09/05/2023;-0,13;V
10/05/2023;-0,01;V
11/05/2023;0,70;V
12/05/2023;0,52;V
13/05/2023;0,34;V
14/05/2023;0,14;V
15/05/2023;0,29;V
16/05/2023;0,75;V
17/05/2023;1,57;V
18/05/2023;1,11;V
19/05/2023;0,66;V
20/05/2023;0,47;V
21/05/2023;0,35;V
22/05/2023;0,26;V
23/05/2023;0,34;V
24/05/2023;0,20;V
25/05/2023;0,22;V
26/05/2023;0,31;V
27/05/2023;0,17;V
28/05/2023;-0,24;V
29/05/2023;-0,42;V
30/05/2023;-0,44;V
31/05/2023;-0,45;V
01/06/2023;-0,28;V
02/06/2023;-0,07;V
03/06/2023;-0,29;V
04/06/2023;-0,04;V
05/06/2023;0,15;V
06/06/2023;0,32;V
07/06/2023;0,21;V
08/06/2023;0,02;V
09/06/2023;-0,12;V
10/06/2023;-0,12;V
11/06/2023;-0,09;V
12/06/2023;-0,29;V
13/06/2023;-0,11;V
14/06/2023;0,10;V
15/06/2023;0,20;V
16/06/2023;0,10;V
17/06/2023;-0,25;V
18/06/2023;-0,27;V
19/06/2023;-0,36;V
20/06/2023;-0,45;V
21/06/2023;-0,49;V
22/06/2023;-0,44;V
23/06/2023;-0,47;V
24/06/2023;-0,47;V
25/06/2023;-0,48;V
26/06/2023;-0,50;V
27/06/2023;-0,49;V
28/06/2023;-0,52;V
29/06/2023;-0,56;V
30/06/2023;-0,55;V
01/07/2023;-0,29;V
02/07/2023;-0,26;V
03/07/2023;-0,27;V
04/07/2023;-0,45;V
05/07/2023;-0,39;V
06/07/2023;-0,58;V
07/07/2023;-0,50;V
08/07/2023;-0,51;V
09/07/2023;-0,58;V
10/07/2023;-0,61;V
11/07/2023;-0,65;V
12/07/2023;-0,65;V
13/07/2023;-0,65;V
14/07/2023;-0,64;V
15/07/2023;-0,65;V
16/07/2023;-0,61;V
17/07/2023;-0,64;V
18/07/2023;-0,65;V
19/07/2023;-0,66;V
20/07/2023;-0,66;V
21/07/2023;-0,66;V
22/07/2023;-0,62;V
23/07/2023;-0,65;V
24/07/2023;-0,66;V
25/07/2023;-0,59;V
26/07/2023;-0,59;V
27/07/2023;-0,64;V
28/07/2023;-0,65;V
29/07/2023;-0,65;V
30/07/2023;-0,66;V
31/07/2023;-0,66;V
01/08/2023;-0,66;V
02/08/2023;-0,66;V
03/08/2023;-0,66;V
04/08/2023;-0,64;V
05/08/2023;-0,62;V
06/08/2023;-0,64;V
07/08/2023;-0,65;V
08/08/2023;-0,66;V
09/08/2023;-0,66;V
10/08/2023;-0,66;V
11/08/2023;-0,65;V
12/08/2023;-0,66;V
13/08/2023;-0,66;V
14/08/2023;-0,66;V
15/08/2023;-0,66;V
16/08/2023;-0,66;V
17/08/2023;-0,66;V
18/08/2023;-0,61;V
19/08/2023;-0,54;V
20/08/2023;-0,58;V
21/08/2023;-0,65;V
22/08/2023;-0,64;V
23/08/2023;-0,66;V
24/08/2023;-0,66;V
25/08/2023;-0,66;V
26/08/2023;-0,65;V
27/08/2023;-0,65;V
28/08/2023;-0,63;V
29/08/2023;-0,61;V
30/08/2023;-0,61;V
31/08/2023;-0,65;V
01/09/2023;-0,64;V
02/09/2023;-0,63;V
03/09/2023;-0,66;V
04/09/2023;-0,66;V
05/09/2023;-0,66;V
06/09/2023;-0,66;V
07/09/2023;-0,67;V
08/09/2023;-0,64;V
09/09/2023;-0,63;V
10/09/2023;-0,52;V
11/09/2023;-0,58;V
12/09/2023;-0,64;V
13/09/2023;-0,65;V
14/09/2023;-0,65;V
15/09/2023;-0,63;V
16/09/2023;-0,64;V
17/09/2023;-0,65;V
18/09/2023;-0,65;V
19/09/2023;-0,65;V
20/09/2023;-0,65;V
21/09/2023;-0,62;V
22/09/2023;-0,64;V
23/09/2023;-0,58;V
24/09/2023;-0,62;V
25/09/2023;-0,64;V
26/09/2023;-0,64;V
27/09/2023;-0,65;V
28/09/2023;-0,65;V
29/09/2023;-0,66;V
30/09/2023;-0,66;V
01/10/2023;-0,66;V
02/10/2023;-0,66;V
03/10/2023;-0,66;V
04/10/2023;-0,66;V
05/10/2023;-0,66;V
06/10/2023;-0,66;V
07/10/2023;-0,66;V
08/10/2023;-0,66;V
09/10/2023;-0,67;V
10/10/2023;-0,67;V
11/10/2023;-0,67;V
12/10/2023;-0,66;V
13/10/2023;-0,67;V
14/10/2023;-0,67;V
15/10/2023;-0,66;V
16/10/2023;-0,67;V
17/10/2023;-0,67;V
18/10/2023;-0,66;V
19/10/2023;-0,63;V
20/10/2023;-0,65;V
21/10/2023;-0,60;V
22/10/2023;-0,64;V
23/10/2023;-0,67;V
24/10/2023;-0,57;V
25/10/2023;-0,21;V
26/10/2023;-0,52;V
27/10/2023;-0,55;V
28/10/2023;-0,61;V
29/10/2023;-0,57;V
30/10/2023;-0,65;V
31/10/2023;-0,01;V
01/11/2023;0,06;V
02/11/2023;-0,50;V
03/11/2023;1,39;V
04/11/2023;0,49;V
05/11/2023;1,74;V
06/11/2023;0,73;V
07/11/2023;0,38;V
08/11/2023;0,25;V
09/11/2023;-0,13;V
10/11/2023;0,14;V
11/11/2023;0,90;V
12/11/2023;0,51;V
13/11/2023;0,07;V
14/11/2023;-0,02;V
15/11/2023;0,02;V
16/11/2023;-0,21;V
17/11/2023;-0,16;V
18/11/2023;-0,12;V
19/11/2023;-0,25;V
20/11/2023;-0,39;V
21/11/2023;-0,34;V
22/11/2023;-0,14;V
23/11/2023;-0,03;V
24/11/2023;-0,08;V
25/11/2023;-0,33;V
26/11/2023;-0,43;V
27/11/2023;-0,33;V
28/11/2023;-0,43;V
29/11/2023;-0,41;V
30/11/2023;-0,30;V
01/12/2023;0,04;V
02/12/2023;0,76;V
03/12/2023;0,60;V
04/12/2023;0,27;V
05/12/2023;0,73;V
06/12/2023;0,82;V
07/12/2023;0,46;V
08/12/2023;0,10;V
09/12/2023;0,03;V
10/12/2023;0,07;V
11/12/2023;0,18;V
12/12/2023;0,43;V
13/12/2023;0,61;V
14/12/2023;0,63;V
15/12/2023;0,42;V
16/12/2023;0,03;V
17/12/2023;0,08;V
18/12/2023;0,06;V
19/12/2023;-0,09;V
20/12/2023;-0,15;V
21/12/2023;-0,18;V
22/12/2023;-0,33;V
23/12/2023;-0,33;V
24/12/2023;-0,38;V
25/12/2023;-0,39;V
26/12/2023;-0,40;V
27/12/2023;-0,39;V
28/12/2023;-0,34;V
29/12/2023;-0,37;V
30/12/2023;-0,39;V
31/12/2023;-0,38;V
01/01/2024;-0,31;V
02/01/2024;-0,33;V
03/01/2024;-0,33;V
04/01/2024;-0,25;V
05/01/2024;-0,26;V
06/01/2024;0,54;V
07/01/2024;0,90;V
08/01/2024;0,64;V
09/01/2024;0,22;V
10/01/2024;0,10;V
11/01/2024;-0,15;V
12/01/2024;-0,02;V
13/01/2024;0,07;V
14/01/2024;-0,20;V
15/01/2024;-0,12;V
16/01/2024;-0,12;V
17/01/2024;-0,07;V
18/01/2024;0,13;V
19/01/2024;0,04;V
20/01/2024;-0,04;V
21/01/2024;-0,09;V
22/01/2024;-0,19;V
23/01/2024;-0,17;V
24/01/2024;-0,27;V
25/01/2024;-0,20;V
26/01/2024;-0,22;V
27/01/2024;-0,26;V
28/01/2024;-0,34;V
29/01/2024;-0,40;V
30/01/2024;-0,40;V
31/01/2024;-0,38;V
01/02/2024;-0,42;V
02/02/2024;-0,39;V
03/02/2024;-0,43;V
04/02/2024;-0,45;V
05/02/2024;-0,45;V
06/02/2024;-0,44;V
07/02/2024;-0,45;V
08/02/2024;-0,45;V
09/02/2024;-0,45;V
10/02/2024;-0,44;V
11/02/2024;1,67;V
12/02/2024;0,87;V
13/02/2024;0,48;V
14/02/2024;0,18;V
15/02/2024;0,03;V
16/02/2024;-0,15;V
17/02/2024;-0,20;V
18/02/2024;-0,27;V
19/02/2024;-0,26;V
20/02/2024;-0,17;V
21/02/2024;-0,26;V
22/02/2024;-0,35;V
23/02/2024;-0,25;V
24/02/2024;0,21;V
25/02/2024;0,18;V
26/02/2024;0,15;V
27/02/2024;1,63;V
28/02/2024;1,94;V
29/02/2024;1,10;V
01/03/2024;1,01;V
02/03/2024;1,97;V
03/03/2024;1,41;V
04/03/2024;1,16;V
05/03/2024;0,87;V
06/03/2024;0,64;V
07/03/2024;0,54;V
08/03/2024;0,40;V
09/03/2024;0,34;V
10/03/2024;0,44;V
11/03/2024;0,91;V
12/03/2024;0,92;V
13/03/2024;0,76;V
14/03/2024;0,46;V
15/03/2024;0,37;V
16/03/2024;0,21;V
17/03/2024;0,17;V
18/03/2024;0,15;V
19/03/2024;0,09;V
20/03/2024;0,01;V
21/03/2024;0,01;V
22/03/2024;0,00;V
23/03/2024;-0,01;V
24/03/2024;-0,09;V
25/03/2024;-0,22;V
26/03/2024;-0,11;V
27/03/2024;;@
28/03/2024;1,64;V
29/03/2024;1,28;V
30/03/2024;0,79;V
31/03/2024;0,67;V
01/04/2024;0,56;V
02/04/2024;0,47;V
03/04/2024;0,44;V
04/04/2024;0,24;V
05/04/2024;0,10;V
06/04/2024;0,23;V
07/04/2024;-0,04;V
08/04/2024;-0,14;V
09/04/2024;-0,23;V
10/04/2024;0,03;V
11/04/2024;-0,08;V
12/04/2024;-0,15;V
13/04/2024;-0,20;V
14/04/2024;-0,33;V
15/04/2024;-0,35;V
16/04/2024;-0,37;V
17/04/2024;-0,31;V
18/04/2024;-0,35;V
19/04/2024;-0,29;V
20/04/2024;-0,25;V
21/04/2024;-0,26;V
22/04/2024;-0,15;V
23/04/2024;0,14;V
24/04/2024;0,23;V
25/04/2024;0,15;V
26/04/2024;0,00;V
27/04/2024;-0,15;V
28/04/2024;-0,10;V
29/04/2024;-0,20;V
30/04/2024;-0,18;V
01/05/2024;-0,12;V
02/05/2024;0,29;V
03/05/2024;0,55;V
04/05/2024;0,45;V
05/05/2024;0,25;V
06/05/2024;0,08;V
07/05/2024;-0,07;V
08/05/2024;0,03;V
09/05/2024;-0,09;V
10/05/2024;-0,11;V
11/05/2024;-0,15;V
12/05/2024;-0,27;V
13/05/2024;-0,35;V
14/05/2024;-0,36;V
15/05/2024;-0,34;V
16/05/2024;-0,29;V
17/05/2024;-0,23;V
18/05/2024;-0,36;V
19/05/2024;-0,46;V
20/05/2024;-0,42;V
21/05/2024;-0,01;V
22/05/2024;-0,22;V
23/05/2024;-0,41;V
24/05/2024;-0,47;V
25/05/2024;-0,46;V
26/05/2024;-0,39;V
27/05/2024;-0,47;V
28/05/2024;-0,44;V
29/05/2024;-0,45;V
30/05/2024;-0,48;V
31/05/2024;-0,40;V
01/06/2024;-0,47;V
02/06/2024;-0,44;V
03/06/2024;-0,42;V
04/06/2024;-0,42;V
05/06/2024;-0,48;V
06/06/2024;-0,49;V
07/06/2024;-0,57;V
08/06/2024;-0,52;V
09/06/2024;-0,49;V
10/06/2024;-0,49;V
11/06/2024;-0,55;V
12/06/2024;-0,57;V
13/06/2024;-0,54;V
14/06/2024;-0,54;V
15/06/2024;-0,59;V
16/06/2024;-0,59;V
17/06/2024;-0,58;V
18/06/2024;-0,60;V
19/06/2024;-0,61;V
20/06/2024;-0,58;V
21/06/2024;-0,62;V
22/06/2024;-0,61;V
23/06/2024;-0,53;V
24/06/2024;-0,24;V
25/06/2024;0,18;V
26/06/2024;-0,27;V
27/06/2024;-0,48;V
28/06/2024;-0,50;V
29/06/2024;-0,51;V
30/06/2024;-0,56;V
01/07/2024;-0,59;V
02/07/2024;-0,58;V
03/07/2024;-0,61;V
04/07/2024;-0,58;V
05/07/2024;-0,62;V
06/07/2024;-0,62;V
07/07/2024;-0,59;V
08/07/2024;-0,62;V
09/07/2024;-0,60;V
10/07/2024;-0,58;V
11/07/2024;-0,62;V
12/07/2024;-0,63;V
13/07/2024;-0,59;V
14/07/2024;-0,61;V
15/07/2024;-0,62;V
16/07/2024;-0,60;V
17/07/2024;-0,61;V
18/07/2024;-0,60;V
19/07/2024;-0,62;V
20/07/2024;-0,63;V
21/07/2024;-0,63;V
22/07/2024;-0,61;V
23/07/2024;-0,61;V
24/07/2024;-0,60;V
25/07/2024;-0,62;V
26/07/2024;-0,64;V
27/07/2024;-0,62;V
28/07/2024;-0,62;V
29/07/2024;-0,62;V
30/07/2024;-0,61;V
31/07/2024;-0,61;V
01/08/2024;-0,63;V
02/08/2024;-0,63;V
03/08/2024;-0,64;V
04/08/2024;-0,63;V
05/08/2024;-0,64;V
06/08/2024;-0,64;V
07/08/2024;-0,64;V
08/08/2024;-0,64;V
09/08/2024;-0,64;V
10/08/2024;-0,63;V
11/08/2024;-0,63;V
12/08/2024;-0,63;V
13/08/2024;-0,63;V
14/08/2024;-0,63;V
15/08/2024;-0,62;V
16/08/2024;-0,62;V
17/08/2024;-0,61;V
18/08/2024;-0,61;V
19/08/2024;-0,64;V
20/08/2024;-0,65;V
21/08/2024;-0,65;V
22/08/2024;-0,64;V
23/08/2024;-0,64;V
24/08/2024;-0,64;V
25/08/2024;-0,64;V
26/08/2024;-0,65;V
27/08/2024;-0,66;V
28/08/2024;-0,70;V
29/08/2024;-0,61;V
30/08/2024;-0,65;V
31/08/2024;-0,65;V
01/09/2024;-0,65;V
02/09/2024;-0,66;V
03/09/2024;-0,66;V
04/09/2024;-0,65;V
05/09/2024;-0,64;V
06/09/2024;-0,61;V
07/09/2024;-0,67;V
08/09/2024;-0,65;V
09/09/2024;-0,43;V
10/09/2024;-0,64;V
11/09/2024;-0,66;V
12/09/2024;-0,62;V
13/09/2024;-0,48;V
14/09/2024;-0,50;V
15/09/2024;-0,51;V
16/09/2024;-0,54;V
17/09/2024;-0,55;V
18/09/2024;-0,52;V
19/09/2024;-0,38;V
20/09/2024;-0,44;V
21/09/2024;-0,52;V
22/09/2024;-0,53;V
23/09/2024;-0,64;V
24/09/2024;-0,43;V
25/09/2024;-0,48;V
26/09/2024;-0,50;V
27/09/2024;-0,59;V
28/09/2024;-0,61;V
29/09/2024;-0,65;V
30/09/2024;-0,64;V
01/10/2024;-0,63;V
02/10/2024;-0,61;V
03/10/2024;-0,07;V
04/10/2024;0,66;V
05/10/2024;-0,01;V
06/10/2024;-0,19;V
07/10/2024;-0,23;V
08/10/2024;-0,15;V
09/10/2024;0,25;V
10/10/2024;-0,05;V
11/10/2024;0,82;V
12/10/2024;0,29;V
13/10/2024;-0,07;V
14/10/2024;-0,22;V
15/10/2024;-0,43;V
16/10/2024;-0,47;V
17/10/2024;-0,44;V
18/10/2024;1,28;V
19/10/2024;0,76;V
20/10/2024;0,23;V
21/10/2024;-0,06;V
22/10/2024;-0,07;V
23/10/2024;0,07;V
24/10/2024;0,33;V
25/10/2024;0,87;V
26/10/2024;0,55;V
27/10/2024;0,25;V
28/10/2024;-0,06;V
29/10/2024;-0,09;V
30/10/2024;-0,20;V
31/10/2024;-0,23;V
01/11/2024;-0,25;V
02/11/2024;-0,36;V
03/11/2024;-0,41;V
04/11/2024;-0,44;V
05/11/2024;-0,48;V
06/11/2024;-0,47;V
07/11/2024;-0,52;V
08/11/2024;-0,53;V
09/11/2024;-0,51;V
10/11/2024;-0,49;V
11/11/2024;-0,50;V
12/11/2024;-0,47;V
13/11/2024;-0,56;V
14/11/2024;-0,52;V
15/11/2024;-0,60;V
16/11/2024;-0,60;V
17/11/2024;-0,63;V
18/11/2024;-0,53;V
19/11/2024;-0,50;V
20/11/2024;-0,12;V
21/11/2024;0,17;V
22/11/2024;0,83;V
23/11/2024;0,38;V
24/11/2024;0,03;V
25/11/2024;-0,07;V
26/11/2024;-0,17;V
27/11/2024;-0,28;V
28/11/2024;-0,25;V
29/11/2024;-0,27;V
30/11/2024;-0,31;V
01/12/2024;-0,41;V
02/12/2024;-0,33;V
03/12/2024;-0,32;V
04/12/2024;-0,46;V
05/12/2024;-0,52;V
06/12/2024;-0,55;V
07/12/2024;-0,48;V
08/12/2024;0,15;V
09/12/2024;0,40;V
10/12/2024;0,35;V
11/12/2024;0,22;V
12/12/2024;0,02;V
13/12/2024;-0,19;V
14/12/2024;0,15;V
15/12/2024;-0,07;V
16/12/2024;0,07;V
17/12/2024;0,05;V
18/12/2024;0,04;V
19/12/2024;-0,07;V
20/12/2024;0,23;V
21/12/2024;0,42;V
22/12/2024;0,28;V
23/12/2024;1,57;V
24/12/2024;0,70;V
25/12/2024;0,37;V
26/12/2024;0,13;V
27/12/2024;0,09;V
28/12/2024;-0,17;V
29/12/2024;-0,22;V
30/12/2024;-0,10;V
31/12/2024;-0,12;V
01/01/2025;-0,23;V
02/01/2025;-0,02;V
03/01/2025;0,08;V
04/01/2025;0,13;V
05/01/2025;0,08;V
06/01/2025;0,23;V
07/01/2025;0,07;V
08/01/2025;0,15;V
09/01/2025;0,08;V
10/01/2025;0,17;V
11/01/2025;-0,01;V
12/01/2025;0,03;V
13/01/2025;-0,08;V
14/01/2025;-0,15;V
15/01/2025;-0,26;V
16/01/2025;-0,19;V
17/01/2025;-0,32;V
18/01/2025;-0,13;V
19/01/2025;-0,10;V
20/01/2025;-0,12;V
21/01/2025;-0,10;V
22/01/2025;-0,44;V
23/01/2025;-0,33;V
24/01/2025;0,17;V
25/01/2025;0,15;V
26/01/2025;0,19;V
27/01/2025;0,21;V
28/01/2025;0,94;V
29/01/2025;0,64;V
30/01/2025;0,43;V
31/01/2025;0,39;V
01/02/2025;0,97;V
02/02/2025;0,52;V
03/02/2025;0,36;V
04/02/2025;0,30;V
05/02/2025;0,07;V
06/02/2025;0,00;V
07/02/2025;0,02;V
08/02/2025;0,01;V
09/02/2025;0,15;V
10/02/2025;0,31;V
11/02/2025;0,04;V
12/02/2025;0,12;V
13/02/2025;0,19;V
14/02/2025;2,14;V
15/02/2025;1,71;V
16/02/2025;1,01;V
17/02/2025;0,63;V
18/02/2025;0,35;V
19/02/2025;0,28;V
20/02/2025;0,23;V
21/02/2025;0,20;V
22/02/2025;0,18;V
23/02/2025;-0,09;V
24/02/2025;0,18;V
25/02/2025;0,58;V
26/02/2025;1,46;V
27/02/2025;1,49;V
28/02/2025;0,90;V
01/03/2025;0,70;V
02/03/2025;0,71;V
03/03/2025;0,34;V
04/03/2025;0,16;V
05/03/2025;0,25;V
06/03/2025;0,09;V
07/03/2025;-0,29;V
08/03/2025;0,05;V
09/03/2025;-0,03;V
10/03/2025;0,10;V
11/03/2025;0,45;V
12/03/2025;0,54;V
13/03/2025;2,84;V
14/03/2025;4,52;V
15/03/2025;4,13;V
16/03/2025;2,32;V
17/03/2025;1,42;V
18/03/2025;0,96;V
19/03/2025;0,78;V
20/03/2025;0,89;V
21/03/2025;0,76;V
22/03/2025;0,53;V
23/03/2025;0,46;V
24/03/2025;0,31;V
25/03/2025;0,21;V
26/03/2025;0,17;V
27/03/2025;0,15;V
28/03/2025;0,20;V
29/03/2025;0,29;V
30/03/2025;0,28;V
31/03/2025;0,24;V
01/04/2025;0,10;V
02/04/2025;0,08;V
03/04/2025;-0,06;V
04/04/2025;-0,11;V
05/04/2025;-0,12;V
06/04/2025;-0,13;V
07/04/2025;-0,15;V
08/04/2025;-0,16;V
09/04/2025;-0,23;V
10/04/2025;-0,25;V
11/04/2025;-0,25;V
12/04/2025;-0,31;V
13/04/2025;-0,23;V
14/04/2025;0,16;V
15/04/2025;2,37;V
16/04/2025;2,05;V
17/04/2025;1,27;V
18/04/2025;1,29;V
19/04/2025;0,96;V
20/04/2025;0,71;V
21/04/2025;0,49;V
22/04/2025;0,35;V
23/04/2025;0,28;V
24/04/2025;0,28;V
25/04/2025;0,22;V
26/04/2025;-0,14;V
27/04/2025;0,00;V
28/04/2025;-0,07;V
29/04/2025;-0,19;V
30/04/2025;-0,22;V
01/05/2025;-0,23;V
02/05/2025;-0,30;V
03/05/2025;-0,29;V
04/05/2025;-0,24;V
05/05/2025;0,20;V
06/05/2025;1,76;V
07/05/2025;0,75;V
08/05/2025;0,12;V
09/05/2025;0,14;V
10/05/2025;-0,11;V
11/05/2025;-0,19;V
12/05/2025;-0,14;V
13/05/2025;0,25;V
14/05/2025;-0,21;V
15/05/2025;-0,20;V
16/05/2025;-0,06;V
17/05/2025;0,01;V
18/05/2025;-0,14;V
19/05/2025;-0,03;V
20/05/2025;-0,27;V
21/05/2025;-0,22;V
22/05/2025;-0,10;V
23/05/2025;0,39;V
24/05/2025;0,05;V
25/05/2025;-0,09;V
26/05/2025;-0,10;V
27/05/2025;-0,29;V
28/05/2025;-0,31;V
29/05/2025;-0,38;V
30/05/2025;-0,40;V
31/05/2025;-0,44;V
01/06/2025;-0,42;V
02/06/2025;-0,52;V
03/06/2025;-0,44;V
04/06/2025;-0,44;V
05/06/2025;-0,45;V
06/06/2025;-0,45;V
07/06/2025;-0,56;V
08/06/2025;-0,50;V
09/06/2025;-0,51;V
10/06/2025;-0,42;V
11/06/2025;-0,58;V
12/06/2025;-0,60;V
13/06/2025;-0,58;V
14/06/2025;-0,46;V
15/06/2025;-0,59;V
16/06/2025;-0,51;V
17/06/2025;-0,56;V
18/06/2025;-0,58;V
19/06/2025;-0,59;V
20/06/2025;-0,60;V
21/06/2025;-0,61;V
22/06/2025;-0,55;V
23/06/2025;-0,60;V
24/06/2025;-0,57;V
25/06/2025;-0,60;V
26/06/2025;-0,62;V
27/06/2025;-0,62;V
28/06/2025;-0,61;V
29/06/2025;-0,62;V
30/06/2025;-0,62;V
01/07/2025;-0,63;V
02/07/2025;-0,60;V
03/07/2025;-0,52;V
04/07/2025;-0,61;V
05/07/2025;-0,63;V
06/07/2025;-0,60;V
07/07/2025;-0,57;V
08/07/2025;-0,63;V
09/07/2025;-0,64;V
10/07/2025;-0,64;V
11/07/2025;-0,64;V
12/07/2025;-0,64;V
13/07/2025;-0,63;V
14/07/2025;-0,63;V
15/07/2025;-0,63;V
16/07/2025;-0,63;V
17/07/2025;-0,63;V
18/07/2025;-0,64;V
19/07/2025;-0,64;V
20/07/2025;-0,64;V
21/07/2025;-0,64;V
22/07/2025;-0,65;V
23/07/2025;-0,65;V
24/07/2025;-0,65;V
25/07/2025;-0,65;V
26/07/2025;-0,63;V
27/07/2025;-0,62;V
28/07/2025;-0,63;V
29/07/2025;-0,63;V
30/07/2025;-0,65;V
31/07/2025;-0,64;V
01/08/2025;-0,65;V
02/08/2025;-0,65;V
03/08/2025;-0,63;V
04/08/2025;-0,62;V
05/08/2025;-0,63;V
06/08/2025;-0,64;V
07/08/2025;-0,65;V
08/08/2025;-0,64;V
09/08/2025;-0,64;V
10/08/2025;-0,64;V
11/08/2025;-0,64;V
12/08/2025;-0,63;V
13/08/2025;-0,65;V
14/08/2025;-0,65;V
15/08/2025;-0,64;V
16/08/2025;;@
17/08/2025;-0,65;V
18/08/2025;-0,65;V
19/08/2025;;@
20/08/2025;;@
21/08/2025;;@
22/08/2025;;@
23/08/2025;;@
24/08/2025;-0,65;V
25/08/2025;;@
26/08/2025;;@
27/08/2025;;@
28/08/2025;;@
29/08/2025;-0,59;V
30/08/2025;-0,60;V
31/08/2025;;@
01/09/2025;;@
02/09/2025;-0,58;V
03/09/2025;-0,64;V
04/09/2025;-0,67;V
05/09/2025;-0,67;V
06/09/2025;-0,65;V
07/09/2025;-0,65;V
08/09/2025;-0,66;V
09/09/2025;-0,66;V
10/09/2025;-0,49;V
11/09/2025;-0,32;V
12/09/2025;-0,62;V
13/09/2025;-0,66;V
14/09/2025;-0,66;V
15/09/2025;-0,66;V
16/09/2025;-0,66;V
17/09/2025;-0,66;V
18/09/2025;-0,66;V
19/09/2025;-0,65;V
20/09/2025;-0,66;V
21/09/2025;-0,66;V
22/09/2025;-0,54;V
23/09/2025;-0,34;V
24/09/2025;-0,55;V
25/09/2025;-0,49;V
26/09/2025;-0,57;V
27/09/2025;-0,59;V
28/09/2025;-0,61;V
29/09/2025;-0,63;V
30/09/2025;-0,64;V
01/10/2025;-0,64;V
02/10/2025;-0,65;V
03/10/2025;-0,65;V
04/10/2025;-0,65;V
05/10/2025;-0,63;V
06/10/2025;-0,64;V
07/10/2025;-0,65;V
08/10/2025;-0,65;V
09/10/2025;-0,64;V
10/10/2025;-0,64;V
11/10/2025;-0,64;V
12/10/2025;-0,65;V
13/10/2025;-0,65;V
14/10/2025;-0,65;V
15/10/2025;-0,65;V
16/10/2025;-0,66;V
17/10/2025;-0,66;V
18/10/2025;-0,66;V
19/10/2025;-0,66;V
20/10/2025;-0,66;V
21/10/2025;-0,63;V
22/10/2025;-0,52;V
23/10/2025;-0,19;V
24/10/2025;0,04;V
25/10/2025;-0,37;V
26/10/2025;-0,42;V
27/10/2025;-0,48;V
28/10/2025;-0,60;V
29/10/2025;-0,63;V
30/10/2025;-0,47;V
31/10/2025;0,38;V
01/11/2025;0,09;V
02/11/2025;0,02;V
03/11/2025;-0,31;V
04/11/2025;-0,46;V
05/11/2025;-0,51;V
06/11/2025;-0,57;V
07/11/2025;-0,56;V
08/11/2025;-0,61;V
09/11/2025;-0,58;V
10/11/2025;-0,63;V
11/11/2025;-0,65;V
12/11/2025;-0,60;V
13/11/2025;-0,65;V
14/11/2025;-0,65;V
15/11/2025;-0,66;V
16/11/2025;-0,66;V
17/11/2025;-0,17;V
18/11/2025;-0,12;V
19/11/2025;-0,23;V
20/11/2025;-0,24;V
21/11/2025;-0,06;V
22/11/2025;0,18;V
23/11/2025;-0,22;V
24/11/2025;-0,05;V
25/11/2025;1,84;V
26/11/2025;0,85;V
27/11/2025;0,45;V
28/11/2025;0,17;V
29/11/2025;0,11;V
30/11/2025;-0,15;V
01/12/2025;-0,17;V
02/12/2025;-0,17;V
03/12/2025;-0,37;V
04/12/2025;-0,19;V
05/12/2025;-0,40;V
06/12/2025;-0,49;V
07/12/2025;-0,51;V
08/12/2025;-0,39;V
09/12/2025;-0,35;V
10/12/2025;-0,45;V
11/12/2025;-0,48;V
12/12/2025;-0,44;V
13/12/2025;-0,55;V
14/12/2025;-0,58;V
15/12/2025;-0,58;V
16/12/2025;-0,42;V
17/12/2025;-0,37;V
18/12/2025;-0,35;V
19/12/2025;-0,33;V
20/12/2025;-0,31;V
21/12/2025;-0,46;V
22/12/2025;-0,49;V
23/12/2025;-0,31;V
24/12/2025;0,01;V
25/12/2025;0,43;V
26/12/2025;0,47;V
27/12/2025;0,17;V
28/12/2025;-0,11;V
29/12/2025;-0,20;V
30/12/2025;-0,19;V
31/12/2025;-0,29;V
01/01/2026;-0,33;P
02/01/2026;-0,26;P
03/01/2026;-0,27;P
04/01/2026;-0,31;P
05/01/2026;-0,26;P
06/01/2026;-0,01;P
07/01/2026;0,18;P
08/01/2026;-0,08;P
09/01/2026;0,27;P
10/01/2026;0,87;P
11/01/2026;0,50;P
12/01/2026;0,26;P
13/01/2026;0,10;P
14/01/2026;0,10;P
15/01/2026;-0,08;P
16/01/2026;0,03;P
17/01/2026;0,02;P
18/01/2026;-0,03;P
19/01/2026;-0,05;P
20/01/2026;-0,23;P
21/01/2026;-0,28;P
22/01/2026;-0,08;P
23/01/2026;-0,40;P
24/01/2026;0,28;P
25/01/2026;0,96;P
26/01/2026;1,11;P
27/01/2026;0,77;P
28/01/2026;1,51;P
29/01/2026;1,95;P
30/01/2026;1,07;P
31/01/2026;0,79;P
01/02/2026;0,64;P
02/02/2026;0,40;P
03/02/2026;0,57;P
04/02/2026;1,61;P
05/02/2026;1,79;P
06/02/2026;1,60;P
07/02/2026;1,54;P
08/02/2026;1,59;P
09/02/2026;1,10;P
10/02/2026;0,80;P
11/02/2026;0,95;P
12/02/2026;1,23;P
13/02/2026;1,13;P
14/02/2026;0,95;P
15/02/2026;0,92;P
16/02/2026;0,93;P
17/02/2026;1,00;P
18/02/2026;0,84;P
19/02/2026;0,79;P
20/02/2026;0,79;P
21/02/2026;0,54;P
22/02/2026;0,42;P
23/02/2026;0,28;P
24/02/2026;0,25;P
25/02/2026;0,22;P
26/02/2026;0,20;P
27/02/2026;0,07;P
28/02/2026;0,06;P
01/03/2026;-0,04;P
02/03/2026;-0,21;P
03/03/2026;-0,19;P
04/03/2026;-0,04;P
05/03/2026;-0,24;P
06/03/2026;-0,24;P
07/03/2026;-0,27;P
08/03/2026;-0,26;P
09/03/2026;-0,26;P
10/03/2026;-0,27;P
11/03/2026;-0,23;P
12/03/2026;0,43;P
13/03/2026;0,30;P
14/03/2026;-0,03;P
15/03/2026;-0,08;P
16/03/2026;-0,04;P
17/03/2026;-0,18;P
18/03/2026;-0,19;P
19/03/2026;-0,20;P
20/03/2026;-0,22;P
21/03/2026;-0,28;P
22/03/2026;-0,31;P
23/03/2026;-0,32;P
24/03/2026;-0,33;P
25/03/2026;-0,34;P
26/03/2026;0,06;P
27/03/2026;0,37;P
28/03/2026;0,17;P
29/03/2026;-0,06;P
30/03/2026;0,20;P
31/03/2026;0,05;P
01/04/2026;-0,01;P
02/04/2026;-0,01;P
03/04/2026;-0,09;P
04/04/2026;-0,12;P
05/04/2026;-0,14;P
06/04/2026;-0,14;P
07/04/2026;-0,11;P
08/04/2026;-0,21;P
09/04/2026;-0,22;P
10/04/2026;-0,28;P
11/04/2026;-0,37;P
12/04/2026;-0,43;P
13/04/2026;-0,33;P
14/04/2026;-0,18;P
15/04/2026;-0,22;P
16/04/2026;-0,24;P
17/04/2026;-0,23;P
18/04/2026;-0,26;P
19/04/2026;-0,29;P
20/04/2026;-0,37;P
21/04/2026;-0,36;P
22/04/2026;-0,41;P
23/04/2026;-0,41;P
24/04/2026;-0,47;P
25/04/2026;-0,49;P
26/04/2026;-0,56;P
27/04/2026;-0,57;P
28/04/2026;-0,42;P
29/04/2026;-0,48;P
30/04/2026;-0,58;P
01/05/2026;-0,59;P
02/05/2026;-0,59;P
03/05/2026;-0,60;P
04/05/2026;-0,60;P
05/05/2026;-0,26;P
06/05/2026;0,86;P
07/05/2026;0,56;P
08/05/2026;0,15;P
09/05/2026;-0,13;P
10/05/2026;-0,15;P
11/05/2026;-0,17;P
12/05/2026;-0,22;P
13/05/2026;-0,20;P
14/05/2026;-0,16;P
15/05/2026;-0,13;P
16/05/2026;0,30;P
17/05/2026;0,06;P
18/05/2026;-0,10;P
19/05/2026;-0,20;P
20/05/2026;-0,07;P
21/05/2026;-0,43;P
22/05/2026;-0,33;P
23/05/2026;-0,43;P
24/05/2026;-0,47;P
25/05/2026;-0,49;P
26/05/2026;-0,54;P
27/05/2026;-0,51;P
28/05/2026;-0,56;P
29/05/2026;-0,45;P
30/05/2026;-0,48;P
31/05/2026;-0,53;P
01/06/2026;-0,54;P
02/06/2026;-0,47;P
03/06/2026;-0,07;P
04/06/2026;-0,32;P
05/06/2026;-0,44;P
06/06/2026;-0,53;P
07/06/2026;-0,50;P
08/06/2026;-0,54;P
09/06/2026;-0,60;P
10/06/2026;-0,56;P
11/06/2026;-0,57;P
