"Stazione";"Incisa Valle"
"Codice";"TOS01004591"
"Comune";"Figline e Incisa Valdarno"
"Provincia";"FI"
"GB [m]";"E";1697979;"N";4840374
"WGS84 [°]";"Lat";43.690;"Lon";11.456
"Quota [m]";108,42

;;;ATTENZIONE i dati sono nel fomato csv ed utilizzano
;;;come separatore di colonna il "punto e virgola" e
;;;come separatore decimale la "virgola"
;;;verificare le proprie impostazioni internazionali per una corretta visulizzazione.
;;;Il valore contrassegnato con N corrisponde al dato non validato
;;;Il valore contrassegnato con R corrisponde al dato ricostruito
;;;Il valore contrassegnato con I corrisponde al dato incerto
;;;Il valore contrassegnato con @ corrisponde al dato mancante
;;;Il valore contrassegnato con V corrisponde al dato validato
;;;Il valore contrassegnato con P corrisponde al dato prevalidato soggetto ad eventuali modifiche
;;;(consultare la sezione Criteri di validazione)

"gg/mm/aaaa";"Livello [m]";"Tipo Dato"
01/01/1998;0,71;V
02/01/1998;1,01;V
03/01/1998;1,12;V
04/01/1998;0,76;V
05/01/1998;0,92;V
06/01/1998;0,73;V
07/01/1998;0,83;V
08/01/1998;0,85;V
09/01/1998;0,90;V
10/01/1998;0,61;V
11/01/1998;0,47;V
12/01/1998;0,71;V
13/01/1998;0,77;V
14/01/1998;0,81;V
15/01/1998;0,82;V
16/01/1998;0,86;V
17/01/1998;0,74;V
18/01/1998;0,54;V
19/01/1998;1,09;V
20/01/1998;2,02;V
21/01/1998;1,69;V
22/01/1998;1,24;V
23/01/1998;1,23;V
24/01/1998;0,62;V
25/01/1998;0,66;V
26/01/1998;0,80;V
27/01/1998;0,77;V
28/01/1998;0,79;V
29/01/1998;0,82;V
30/01/1998;0,74;V
31/01/1998;0,57;V
01/02/1998;0,48;V
02/02/1998;0,61;V
03/02/1998;0,75;V
04/02/1998;1,08;V
05/02/1998;1,17;V
06/02/1998;1,00;V
07/02/1998;0,96;V
08/02/1998;0,64;V
09/02/1998;0,79;V
10/02/1998;0,82;V
11/02/1998;0,77;V
12/02/1998;0,80;V
13/02/1998;0,73;V
14/02/1998;0,51;V
15/02/1998;0,45;V
16/02/1998;0,65;V
17/02/1998;0,74;V
18/02/1998;0,63;V
19/02/1998;0,67;V
20/02/1998;0,57;V
21/02/1998;0,42;V
22/02/1998;0,42;V
23/02/1998;0,89;V
24/02/1998;1,39;V
25/02/1998;1,24;V
26/02/1998;1,17;V
27/02/1998;0,88;V
28/02/1998;0,55;V
01/03/1998;0,48;V
02/03/1998;0,70;V
03/03/1998;0,80;V
04/03/1998;0,81;V
05/03/1998;0,78;V
06/03/1998;0,71;V
07/03/1998;0,54;V
08/03/1998;0,46;V
09/03/1998;0,65;V
10/03/1998;0,72;V
11/03/1998;0,74;V
12/03/1998;0,82;V
13/03/1998;1,45;V
14/03/1998;1,20;V
15/03/1998;0,73;V
16/03/1998;1,04;V
17/03/1998;0,90;V
18/03/1998;0,83;V
19/03/1998;0,92;V
20/03/1998;0,89;V
21/03/1998;0,58;V
22/03/1998;0,46;V
23/03/1998;0,71;V
24/03/1998;0,88;V
25/03/1998;0,95;V
26/03/1998;1,03;V
27/03/1998;0,75;V
28/03/1998;0,67;V
29/03/1998;0,52;V
30/03/1998;0,99;V
31/03/1998;0,79;V
01/04/1998;0,80;V
02/04/1998;0,92;V
03/04/1998;0,92;V
04/04/1998;0,55;V
05/04/1998;0,51;V
06/04/1998;0,86;V
07/04/1998;0,96;V
08/04/1998;0,90;V
09/04/1998;0,90;V
10/04/1998;1,03;V
11/04/1998;1,26;V
12/04/1998;1,85;V
13/04/1998;1,75;V
14/04/1998;1,47;V
15/04/1998;1,43;V
16/04/1998;1,72;V
17/04/1998;2,04;V
18/04/1998;1,74;V
19/04/1998;1,58;V
20/04/1998;1,29;V
21/04/1998;0,97;V
22/04/1998;0,97;V
23/04/1998;1,01;V
24/04/1998;1,12;V
25/04/1998;0,58;V
26/04/1998;0,50;V
27/04/1998;0,81;V
28/04/1998;1,05;V
29/04/1998;1,42;V
30/04/1998;1,41;V
01/05/1998;1,36;V
02/05/1998;1,50;V
03/05/1998;1,38;V
04/05/1998;1,19;V
05/05/1998;1,24;V
06/05/1998;1,11;V
07/05/1998;1,15;V
08/05/1998;0,83;V
09/05/1998;0,63;V
10/05/1998;0,50;V
11/05/1998;0,72;V
12/05/1998;0,78;V
13/05/1998;0,79;V
14/05/1998;0,81;V
15/05/1998;0,58;V
16/05/1998;0,43;V
17/05/1998;0,43;V
18/05/1998;0,44;V
19/05/1998;0,55;V
20/05/1998;0,57;V
21/05/1998;0,55;V
22/05/1998;0,61;V
23/05/1998;0,51;V
24/05/1998;0,44;V
25/05/1998;0,62;V
26/05/1998;0,82;V
27/05/1998;0,62;V
28/05/1998;0,74;V
29/05/1998;0,93;V
30/05/1998;0,76;V
31/05/1998;0,58;V
01/06/1998;0,79;V
02/06/1998;0,63;V
03/06/1998;0,66;V
04/06/1998;0,61;V
05/06/1998;0,55;V
06/06/1998;0,44;V
07/06/1998;0,41;V
08/06/1998;0,46;V
09/06/1998;0,55;V
10/06/1998;0,53;V
11/06/1998;0,62;V
12/06/1998;0,77;V
13/06/1998;0,77;V
14/06/1998;0,57;V
15/06/1998;0,59;V
16/06/1998;0,60;V
17/06/1998;0,53;V
18/06/1998;0,52;V
19/06/1998;0,55;V
20/06/1998;0,48;V
21/06/1998;0,37;V
22/06/1998;0,40;V
23/06/1998;0,40;V
24/06/1998;0,42;V
25/06/1998;0,37;V
26/06/1998;0,42;V
27/06/1998;0,40;V
28/06/1998;0,34;V
29/06/1998;0,36;V
30/06/1998;0,40;V
01/07/1998;0,41;V
02/07/1998;0,39;V
03/07/1998;0,38;V
04/07/1998;0,35;V
05/07/1998;0,33;V
06/07/1998;0,34;V
07/07/1998;0,35;V
08/07/1998;0,34;V
09/07/1998;0,32;V
10/07/1998;0,33;V
11/07/1998;0,33;V
12/07/1998;0,33;V
13/07/1998;0,36;V
14/07/1998;0,38;V
15/07/1998;0,37;V
16/07/1998;0,34;V
17/07/1998;0,33;V
18/07/1998;0,32;V
19/07/1998;0,32;V
20/07/1998;0,32;V
21/07/1998;0,32;V
22/07/1998;0,32;V
23/07/1998;0,32;V
24/07/1998;0,32;V
25/07/1998;0,32;V
26/07/1998;0,32;V
27/07/1998;0,32;V
28/07/1998;0,32;V
29/07/1998;0,31;V
30/07/1998;0,30;V
31/07/1998;0,30;V
01/08/1998;0,31;V
02/08/1998;0,31;V
03/08/1998;0,32;V
04/08/1998;0,32;V
05/08/1998;0,33;V
06/08/1998;0,32;V
07/08/1998;0,31;V
08/08/1998;0,31;V
09/08/1998;0,31;V
10/08/1998;0,31;V
11/08/1998;0,31;V
12/08/1998;0,31;V
13/08/1998;0,31;V
14/08/1998;0,31;V
15/08/1998;0,31;V
16/08/1998;0,31;V
17/08/1998;0,31;V
18/08/1998;0,32;V
19/08/1998;0,32;V
20/08/1998;0,31;V
21/08/1998;0,31;V
22/08/1998;0,32;V
23/08/1998;0,32;V
24/08/1998;0,31;V
25/08/1998;0,31;V
26/08/1998;0,31;V
27/08/1998;0,31;V
28/08/1998;0,32;V
29/08/1998;0,31;V
30/08/1998;0,30;V
31/08/1998;0,31;V
01/09/1998;0,32;V
02/09/1998;0,33;V
03/09/1998;0,35;V
04/09/1998;0,33;V
05/09/1998;0,38;V
06/09/1998;0,36;V
07/09/1998;0,34;V
08/09/1998;0,33;V
09/09/1998;0,32;V
10/09/1998;0,32;V
11/09/1998;0,34;V
12/09/1998;0,40;V
13/09/1998;0,38;V
14/09/1998;0,34;V
15/09/1998;0,32;V
16/09/1998;0,32;V
17/09/1998;0,32;V
18/09/1998;0,30;V
19/09/1998;0,30;V
20/09/1998;0,30;V
21/09/1998;0,31;V
22/09/1998;0,31;V
23/09/1998;0,32;V
24/09/1998;0,36;V
25/09/1998;0,42;V
26/09/1998;0,42;V
27/09/1998;0,68;V
28/09/1998;0,59;V
29/09/1998;0,43;V
30/09/1998;0,41;V
01/10/1998;0,67;V
02/10/1998;0,77;V
03/10/1998;0,59;V
04/10/1998;0,57;V
05/10/1998;0,84;V
06/10/1998;1,23;V
07/10/1998;1,11;V
08/10/1998;0,96;V
09/10/1998;0,89;V
10/10/1998;0,61;V
11/10/1998;0,40;V
12/10/1998;0,39;V
13/10/1998;0,50;V
14/10/1998;0,54;V
15/10/1998;0,51;V
16/10/1998;0,51;V
17/10/1998;0,41;V
18/10/1998;0,65;V
19/10/1998;1,84;V
20/10/1998;1,98;V
21/10/1998;1,54;V
22/10/1998;0,89;V
23/10/1998;0,71;V
24/10/1998;0,51;V
25/10/1998;0,46;V
26/10/1998;0,72;V
27/10/1998;0,81;V
28/10/1998;0,83;V
29/10/1998;0,57;V
30/10/1998;0,72;V
31/10/1998;0,49;V
01/11/1998;0,41;V
02/11/1998;0,51;V
03/11/1998;0,45;V
04/11/1998;0,88;V
05/11/1998;1,47;V
06/11/1998;0,77;V
07/11/1998;0,82;V
08/11/1998;0,55;V
09/11/1998;0,60;V
10/11/1998;0,70;V
11/11/1998;1,33;V
12/11/1998;1,13;V
13/11/1998;0,79;V
14/11/1998;0,81;V
15/11/1998;0,72;V
16/11/1998;0,95;V
17/11/1998;0,87;V
18/11/1998;0,87;V
19/11/1998;0,82;V
20/11/1998;0,57;V
21/11/1998;0,52;V
22/11/1998;0,43;V
23/11/1998;0,63;V
24/11/1998;0,70;V
25/11/1998;0,78;V
26/11/1998;0,67;V
27/11/1998;0,60;V
28/11/1998;0,42;V
29/11/1998;0,38;V
30/11/1998;0,48;V
01/12/1998;0,71;V
02/12/1998;0,78;V
03/12/1998;0,83;V
04/12/1998;0,93;V
05/12/1998;0,93;V
06/12/1998;0,74;V
07/12/1998;0,77;V
08/12/1998;0,54;V
09/12/1998;0,69;V
10/12/1998;0,62;V
11/12/1998;0,73;V
12/12/1998;0,52;V
13/12/1998;0,44;V
14/12/1998;0,59;V
15/12/1998;0,70;V
16/12/1998;0,57;V
17/12/1998;0,62;V
18/12/1998;0,64;V
19/12/1998;0,41;V
20/12/1998;0,35;V
21/12/1998;1,12;V
22/12/1998;1,39;V
23/12/1998;1,22;V
24/12/1998;0,90;V
25/12/1998;0,55;V
26/12/1998;0,38;V
27/12/1998;0,39;V
28/12/1998;0,47;V
29/12/1998;0,77;V
30/12/1998;0,79;V
31/12/1998;0,69;V
01/01/1999;0,45;V
02/01/1999;0,39;V
03/01/1999;0,38;V
04/01/1999;0,39;V
05/01/1999;0,59;V
06/01/1999;0,41;V
07/01/1999;0,51;V
08/01/1999;0,62;V
09/01/1999;0,47;V
10/01/1999;0,44;V
11/01/1999;1,25;V
12/01/1999;1,65;V
13/01/1999;1,42;V
14/01/1999;1,26;V
15/01/1999;1,12;V
16/01/1999;0,79;V
17/01/1999;0,55;V
18/01/1999;0,67;V
19/01/1999;0,86;V
20/01/1999;0,83;V
21/01/1999;0,70;V
22/01/1999;0,53;V
23/01/1999;0,40;V
24/01/1999;0,39;V
25/01/1999;0,54;V
26/01/1999;0,72;V
27/01/1999;0,92;V
28/01/1999;0,97;V
29/01/1999;0,80;V
30/01/1999;0,41;V
31/01/1999;0,37;V
01/02/1999;0,51;V
02/02/1999;0,66;V
03/02/1999;0,63;V
04/02/1999;0,59;V
05/02/1999;0,67;V
06/02/1999;0,43;V
07/02/1999;0,35;V
08/02/1999;0,44;V
09/02/1999;0,58;V
10/02/1999;2,33;V
11/02/1999;1,88;V
12/02/1999;1,53;V
13/02/1999;1,38;V
14/02/1999;0,52;V
15/02/1999;0,85;V
16/02/1999;0,93;V
17/02/1999;0,90;V
18/02/1999;0,69;V
19/02/1999;0,66;V
20/02/1999;0,71;V
21/02/1999;0,48;V
22/02/1999;0,69;V
23/02/1999;1,47;V
24/02/1999;1,06;V
25/02/1999;1,00;V
26/02/1999;0,98;V
27/02/1999;0,64;V
28/02/1999;0,49;V
01/03/1999;0,77;V
02/03/1999;0,83;V
03/03/1999;0,86;V
04/03/1999;0,89;V
05/03/1999;1,73;V
06/03/1999;2,01;V
07/03/1999;1,79;V
08/03/1999;1,54;V
09/03/1999;1,25;V
10/03/1999;1,19;V
11/03/1999;1,20;V
12/03/1999;1,16;V
13/03/1999;0,91;V
14/03/1999;0,50;V
15/03/1999;0,85;V
16/03/1999;0,94;V
17/03/1999;0,90;V
18/03/1999;0,81;V
19/03/1999;0,75;V
20/03/1999;0,48;V
21/03/1999;0,36;V
22/03/1999;0,70;V
23/03/1999;0,91;V
24/03/1999;0,66;V
25/03/1999;0,65;V
26/03/1999;0,70;V
27/03/1999;0,83;V
28/03/1999;1,20;V
29/03/1999;1,17;V
30/03/1999;1,00;V
31/03/1999;0,90;V
01/04/1999;0,82;V
02/04/1999;0,77;V
03/04/1999;0,47;V
04/04/1999;0,39;V
05/04/1999;0,38;V
06/04/1999;0,61;V
07/04/1999;0,73;V
08/04/1999;0,98;V
09/04/1999;1,05;V
10/04/1999;1,03;V
11/04/1999;0,60;V
12/04/1999;0,99;V
13/04/1999;0,88;V
14/04/1999;0,91;V
15/04/1999;1,10;V
16/04/1999;1,14;V
17/04/1999;1,43;V
18/04/1999;1,14;V
19/04/1999;1,32;V
20/04/1999;1,33;V
21/04/1999;1,61;V
22/04/1999;1,33;V
23/04/1999;1,14;V
24/04/1999;1,22;V
25/04/1999;0,62;V
26/04/1999;0,93;V
27/04/1999;0,98;V
28/04/1999;0,90;V
29/04/1999;0,75;V
30/04/1999;0,80;V
01/05/1999;0,47;V
02/05/1999;0,40;V
03/05/1999;0,92;V
04/05/1999;0,86;V
05/05/1999;0,57;V
06/05/1999;0,66;V
07/05/1999;0,70;V
08/05/1999;0,48;V
09/05/1999;0,45;V
10/05/1999;0,89;V
11/05/1999;0,73;V
12/05/1999;0,73;V
13/05/1999;0,70;V
14/05/1999;0,62;V
15/05/1999;0,43;V
16/05/1999;0,35;V
17/05/1999;0,56;V
18/05/1999;0,54;V
19/05/1999;0,35;V
20/05/1999;0,44;V
21/05/1999;1,16;V
22/05/1999;1,07;V
23/05/1999;0,55;V
24/05/1999;0,60;V
25/05/1999;0,62;V
26/05/1999;0,62;V
27/05/1999;0,58;V
28/05/1999;0,55;V
29/05/1999;0,36;V
30/05/1999;0,31;V
31/05/1999;0,31;V
01/06/1999;0,47;V
02/06/1999;0,34;V
03/06/1999;0,40;V
04/06/1999;0,40;V
05/06/1999;0,37;V
06/06/1999;0,30;V
07/06/1999;0,32;V
08/06/1999;0,42;V
09/06/1999;0,35;V
10/06/1999;0,38;V
11/06/1999;0,36;V
12/06/1999;0,38;V
13/06/1999;0,29;V
14/06/1999;0,46;V
15/06/1999;0,38;V
16/06/1999;0,41;V
17/06/1999;0,53;V
18/06/1999;0,51;V
19/06/1999;0,39;V
20/06/1999;0,99;V
21/06/1999;0,95;V
22/06/1999;0,80;V
23/06/1999;0,62;V
24/06/1999;0,63;V
25/06/1999;0,51;V
26/06/1999;0,39;V
27/06/1999;0,29;V
28/06/1999;0,34;V
29/06/1999;0,33;V
30/06/1999;0,33;V
01/07/1999;0,32;V
02/07/1999;0,33;V
03/07/1999;0,32;V
04/07/1999;0,27;V
05/07/1999;0,34;V
06/07/1999;0,29;V
07/07/1999;0,35;V
08/07/1999;0,29;V
09/07/1999;0,29;V
10/07/1999;0,28;V
11/07/1999;0,28;V
12/07/1999;0,34;V
13/07/1999;0,30;V
14/07/1999;0,28;V
15/07/1999;0,26;V
16/07/1999;0,26;V
17/07/1999;0,26;V
18/07/1999;0,24;V
19/07/1999;0,23;V
20/07/1999;0,23;V
21/07/1999;0,23;V
22/07/1999;0,22;V
23/07/1999;0,21;V
24/07/1999;0,22;V
25/07/1999;0,22;V
26/07/1999;0,22;V
27/07/1999;0,21;V
28/07/1999;0,22;V
29/07/1999;0,24;V
30/07/1999;0,24;V
31/07/1999;0,22;V
01/08/1999;0,21;V
02/08/1999;0,22;V
03/08/1999;0,22;V
04/08/1999;0,22;V
05/08/1999;0,22;V
06/08/1999;0,22;V
07/08/1999;0,22;V
08/08/1999;0,22;V
09/08/1999;0,22;V
10/08/1999;0,23;V
11/08/1999;0,23;V
12/08/1999;0,23;V
13/08/1999;0,24;V
14/08/1999;0,24;V
15/08/1999;0,24;V
16/08/1999;0,25;V
17/08/1999;0,23;V
18/08/1999;0,23;V
19/08/1999;0,24;V
20/08/1999;0,25;V
21/08/1999;0,24;V
22/08/1999;0,23;V
23/08/1999;0,23;V
24/08/1999;0,23;V
25/08/1999;0,22;V
26/08/1999;0,22;V
27/08/1999;0,25;V
28/08/1999;0,24;V
29/08/1999;0,29;V
30/08/1999;0,26;V
31/08/1999;0,23;V
01/09/1999;0,22;V
02/09/1999;0,27;V
03/09/1999;0,34;V
04/09/1999;0,33;V
05/09/1999;0,33;V
06/09/1999;0,32;V
07/09/1999;0,43;V
08/09/1999;0,50;V
09/09/1999;0,46;V
10/09/1999;0,48;V
11/09/1999;0,40;V
12/09/1999;0,33;V
13/09/1999;0,32;V
14/09/1999;0,33;V
15/09/1999;0,35;V
16/09/1999;0,40;V
17/09/1999;0,39;V
18/09/1999;0,38;V
19/09/1999;0,42;V
20/09/1999;0,51;V
21/09/1999;0,62;V
22/09/1999;0,51;V
23/09/1999;0,49;V
24/09/1999;0,39;V
25/09/1999;0,39;V
26/09/1999;0,37;V
27/09/1999;0,60;V
28/09/1999;0,42;V
29/09/1999;0,48;V
30/09/1999;0,40;V
01/10/1999;0,66;V
02/10/1999;0,44;V
03/10/1999;0,41;V
04/10/1999;0,71;V
05/10/1999;0,70;V
06/10/1999;0,56;V
07/10/1999;0,37;V
08/10/1999;0,35;V
09/10/1999;0,35;V
10/10/1999;0,35;V
11/10/1999;0,35;V
12/10/1999;0,35;V
13/10/1999;0,35;V
14/10/1999;0,36;V
15/10/1999;0,38;V
16/10/1999;0,56;V
17/10/1999;0,37;V
18/10/1999;0,44;V
19/10/1999;0,55;V
20/10/1999;0,46;V
21/10/1999;0,93;V
22/10/1999;0,84;V
23/10/1999;0,80;V
24/10/1999;1,13;V
25/10/1999;0,78;V
26/10/1999;0,82;V
27/10/1999;0,75;V
28/10/1999;0,58;V
29/10/1999;0,56;V
30/10/1999;0,46;V
31/10/1999;0,40;V
01/11/1999;0,39;V
02/11/1999;0,51;V
03/11/1999;0,55;V
04/11/1999;0,58;V
05/11/1999;0,56;V
06/11/1999;0,47;V
07/11/1999;1,37;V
08/11/1999;1,29;V
09/11/1999;1,01;V
10/11/1999;0,82;V
11/11/1999;0,77;V
12/11/1999;0,71;V
13/11/1999;0,53;V
14/11/1999;0,46;V
15/11/1999;0,77;V
16/11/1999;1,32;V
17/11/1999;1,20;V
18/11/1999;1,13;V
19/11/1999;2,29;V
20/11/1999;1,76;V
21/11/1999;1,63;V
22/11/1999;1,72;V
23/11/1999;1,06;V
24/11/1999;1,06;V
25/11/1999;1,01;V
26/11/1999;0,91;V
27/11/1999;0,53;V
28/11/1999;0,44;V
29/11/1999;0,78;V
30/11/1999;0,79;V
01/12/1999;0,77;V
02/12/1999;0,74;V
03/12/1999;0,77;V
04/12/1999;0,67;V
05/12/1999;0,47;V
06/12/1999;0,68;V
07/12/1999;0,79;V
08/12/1999;0,82;V
09/12/1999;;@
10/12/1999;;@
11/12/1999;;@
12/12/1999;;@
13/12/1999;;@
14/12/1999;;@
15/12/1999;;@
16/12/1999;;@
17/12/1999;;@
18/12/1999;;@
19/12/1999;;@
20/12/1999;;@
21/12/1999;;@
22/12/1999;;@
23/12/1999;;@
24/12/1999;;@
25/12/1999;;@
26/12/1999;;@
27/12/1999;;@
28/12/1999;;@
29/12/1999;;@
30/12/1999;;@
31/12/1999;;@
01/01/2000;0,68;V
02/01/2000;0,65;V
03/01/2000;0,68;V
04/01/2000;0,85;V
05/01/2000;0,92;V
06/01/2000;0,57;V
07/01/2000;0,86;V
08/01/2000;0,55;V
09/01/2000;0,44;V
10/01/2000;0,61;V
11/01/2000;0,58;V
12/01/2000;0,64;V
13/01/2000;0,71;V
14/01/2000;0,74;V
15/01/2000;0,49;V
16/01/2000;0,39;V
17/01/2000;0,52;V
18/01/2000;0,67;V
19/01/2000;0,61;V
20/01/2000;0,59;V
21/01/2000;0,72;V
22/01/2000;0,42;V
23/01/2000;0,58;V
24/01/2000;0,62;V
25/01/2000;0,69;V
26/01/2000;0,62;V
27/01/2000;0,62;V
28/01/2000;0,68;V
29/01/2000;0,54;V
30/01/2000;0,46;V
31/01/2000;0,64;V
01/02/2000;0,70;V
02/02/2000;0,74;V
03/02/2000;0,80;V
04/02/2000;0,84;V
05/02/2000;0,67;V
06/02/2000;0,63;V
07/02/2000;0,73;V
08/02/2000;0,79;V
09/02/2000;0,80;V
10/02/2000;0,68;V
11/02/2000;0,71;V
12/02/2000;0,62;V
13/02/2000;0,48;V
14/02/2000;0,54;V
15/02/2000;0,67;V
16/02/2000;0,69;V
17/02/2000;0,69;V
18/02/2000;0,73;V
19/02/2000;0,68;V
20/02/2000;0,52;V
21/02/2000;0,60;V
22/02/2000;0,69;V
23/02/2000;0,69;V
24/02/2000;0,66;V
25/02/2000;0,69;V
26/02/2000;0,52;V
27/02/2000;0,39;V
28/02/2000;0,54;V
29/02/2000;0,67;V
01/03/2000;0,65;V
02/03/2000;1,11;V
03/03/2000;0,95;V
04/03/2000;;@
05/03/2000;0,44;V
06/03/2000;0,65;V
07/03/2000;0,74;V
08/03/2000;0,73;V
09/03/2000;0,69;V
10/03/2000;0,70;V
11/03/2000;0,51;V
12/03/2000;0,39;V
13/03/2000;0,54;V
14/03/2000;0,66;V
15/03/2000;0,63;V
16/03/2000;0,60;V
17/03/2000;0,47;V
18/03/2000;0,37;V
19/03/2000;0,35;V
20/03/2000;0,54;V
21/03/2000;0,63;V
22/03/2000;0,87;V
23/03/2000;0,74;V
24/03/2000;;@
25/03/2000;;@
26/03/2000;0,48;V
27/03/2000;0,79;V
28/03/2000;1,23;V
29/03/2000;1,40;V
30/03/2000;1,39;V
31/03/2000;1,13;V
01/04/2000;1,31;V
02/04/2000;1,22;V
03/04/2000;1,34;V
04/04/2000;1,27;V
05/04/2000;1,28;V
06/04/2000;1,29;V
07/04/2000;1,03;V
08/04/2000;0,73;V
09/04/2000;0,65;V
10/04/2000;1,03;V
11/04/2000;1,11;V
12/04/2000;1,74;V
13/04/2000;1,72;V
14/04/2000;1,45;V
15/04/2000;0,97;V
16/04/2000;0,92;V
17/04/2000;1,10;V
18/04/2000;1,02;V
19/04/2000;0,95;V
20/04/2000;0,81;V
21/04/2000;0,74;V
22/04/2000;0,77;V
23/04/2000;0,51;V
24/04/2000;0,42;V
25/04/2000;0,41;V
26/04/2000;0,59;V
27/04/2000;0,72;V
28/04/2000;0,78;V
29/04/2000;0,73;V
30/04/2000;0,50;V
01/05/2000;0,42;V
02/05/2000;0,64;V
03/05/2000;0,70;V
04/05/2000;0,61;V
05/05/2000;0,54;V
06/05/2000;0,45;V
07/05/2000;0,36;V
08/05/2000;0,48;V
09/05/2000;0,41;V
10/05/2000;0,35;V
11/05/2000;0,60;V
12/05/2000;0,65;V
13/05/2000;0,43;V
14/05/2000;0,32;V
15/05/2000;0,35;V
16/05/2000;0,44;V
17/05/2000;0,63;V
18/05/2000;0,60;V
19/05/2000;0,53;V
20/05/2000;0,31;V
21/05/2000;0,29;V
22/05/2000;0,37;V
23/05/2000;0,30;V
24/05/2000;0,28;V
25/05/2000;0,27;V
26/05/2000;0,27;V
27/05/2000;0,28;V
28/05/2000;0,28;V
29/05/2000;0,28;V
30/05/2000;0,26;V
31/05/2000;0,27;V
01/06/2000;0,25;V
02/06/2000;0,31;V
03/06/2000;0,27;V
04/06/2000;0,25;V
05/06/2000;0,30;V
06/06/2000;0,27;V
07/06/2000;0,26;V
08/06/2000;0,28;V
09/06/2000;0,27;V
10/06/2000;0,28;V
11/06/2000;0,38;V
12/06/2000;0,78;V
13/06/2000;0,75;V
14/06/2000;0,61;V
15/06/2000;0,50;V
16/06/2000;0,40;V
17/06/2000;0,35;V
18/06/2000;0,37;V
19/06/2000;0,32;V
20/06/2000;0,28;V
21/06/2000;0,30;V
22/06/2000;0,39;V
23/06/2000;0,34;V
24/06/2000;0,29;V
25/06/2000;0,25;V
26/06/2000;0,25;V
27/06/2000;0,25;V
28/06/2000;0,33;V
29/06/2000;0,28;V
30/06/2000;0,26;V
01/07/2000;0,25;V
02/07/2000;0,25;V
03/07/2000;0,26;V
04/07/2000;0,27;V
05/07/2000;0,24;V
06/07/2000;;@
07/07/2000;;@
08/07/2000;;@
09/07/2000;;@
10/07/2000;;@
11/07/2000;;@
12/07/2000;;@
13/07/2000;;@
14/07/2000;0,24;V
15/07/2000;0,42;V
16/07/2000;0,32;V
17/07/2000;0,27;V
18/07/2000;0,29;V
19/07/2000;0,24;V
20/07/2000;0,25;V
21/07/2000;0,25;V
22/07/2000;0,25;V
23/07/2000;0,25;V
24/07/2000;0,26;V
25/07/2000;0,32;V
26/07/2000;0,25;V
27/07/2000;0,24;V
28/07/2000;0,25;V
29/07/2000;0,25;V
30/07/2000;0,22;V
31/07/2000;0,22;V
01/08/2000;0,23;V
02/08/2000;0,23;V
03/08/2000;0,22;V
04/08/2000;0,23;V
05/08/2000;0,27;V
06/08/2000;0,28;V
07/08/2000;0,25;V
08/08/2000;0,24;V
09/08/2000;0,23;V
10/08/2000;0,23;V
11/08/2000;0,23;V
12/08/2000;0,23;V
13/08/2000;0,23;V
14/08/2000;0,24;V
15/08/2000;0,23;V
16/08/2000;0,22;V
17/08/2000;0,22;V
18/08/2000;0,22;V
19/08/2000;0,22;V
20/08/2000;0,22;V
21/08/2000;0,23;V
22/08/2000;0,23;V
23/08/2000;0,21;V
24/08/2000;;@
25/08/2000;0,20;V
26/08/2000;0,20;V
27/08/2000;0,20;V
28/08/2000;0,20;V
29/08/2000;0,20;V
30/08/2000;0,20;V
31/08/2000;0,32;V
01/09/2000;0,25;V
02/09/2000;0,22;V
03/09/2000;0,22;V
04/09/2000;0,24;V
05/09/2000;0,24;V
06/09/2000;0,21;V
07/09/2000;0,24;V
08/09/2000;0,24;V
09/09/2000;0,22;V
10/09/2000;0,22;V
11/09/2000;0,21;V
12/09/2000;0,21;V
13/09/2000;0,22;V
14/09/2000;0,22;V
15/09/2000;0,23;V
16/09/2000;0,24;V
17/09/2000;0,24;V
18/09/2000;0,23;V
19/09/2000;0,24;V
20/09/2000;0,26;V
21/09/2000;0,26;V
22/09/2000;0,23;V
23/09/2000;0,23;V
24/09/2000;0,23;V
25/09/2000;0,23;V
26/09/2000;0,23;V
27/09/2000;0,24;V
28/09/2000;0,24;V
29/09/2000;0,25;V
30/09/2000;0,29;V
01/10/2000;0,31;V
02/10/2000;0,28;V
03/10/2000;0,28;V
04/10/2000;0,28;V
05/10/2000;0,34;V
06/10/2000;0,32;V
07/10/2000;0,39;V
08/10/2000;0,30;V
09/10/2000;0,30;V
10/10/2000;0,31;V
11/10/2000;0,42;V
12/10/2000;0,32;V
13/10/2000;0,50;V
14/10/2000;0,46;V
15/10/2000;0,36;V
16/10/2000;0,38;V
17/10/2000;0,44;V
18/10/2000;0,40;V
19/10/2000;0,42;V
20/10/2000;0,39;V
21/10/2000;0,37;V
22/10/2000;0,34;V
23/10/2000;0,35;V
24/10/2000;0,31;V
25/10/2000;0,35;V
26/10/2000;0,35;V
27/10/2000;0,36;V
28/10/2000;0,32;V
29/10/2000;0,29;V
30/10/2000;0,32;V
31/10/2000;0,35;V
01/11/2000;0,43;V
02/11/2000;0,36;V
03/11/2000;0,57;V
04/11/2000;1,55;V
05/11/2000;1,24;V
06/11/2000;1,03;V
07/11/2000;1,52;V
08/11/2000;1,43;V
09/11/2000;1,23;V
10/11/2000;1,28;V
11/11/2000;1,01;V
12/11/2000;0,57;V
13/11/2000;0,67;V
14/11/2000;0,76;V
15/11/2000;1,25;V
16/11/2000;4,03;V
17/11/2000;1,82;V
18/11/2000;1,02;V
19/11/2000;0,84;V
20/11/2000;1,38;V
21/11/2000;3,96;V
22/11/2000;2,76;V
23/11/2000;1,73;V
24/11/2000;1,26;V
25/11/2000;1,32;V
26/11/2000;1,33;V
27/11/2000;1,56;V
28/11/2000;1,27;V
29/11/2000;1,12;V
30/11/2000;1,00;V
01/12/2000;0,93;V
02/12/2000;0,76;V
03/12/2000;0,56;V
04/12/2000;0,71;V
05/12/2000;0,79;V
06/12/2000;0,79;V
07/12/2000;0,70;V
08/12/2000;0,52;V
09/12/2000;0,39;V
10/12/2000;0,38;V
11/12/2000;0,55;V
12/12/2000;0,66;V
13/12/2000;0,67;V
14/12/2000;0,65;V
15/12/2000;0,60;V
16/12/2000;0,42;V
17/12/2000;0,35;V
18/12/2000;0,46;V
19/12/2000;0,61;V
20/12/2000;0,71;V
21/12/2000;0,72;V
22/12/2000;0,62;V
23/12/2000;0,43;V
24/12/2000;0,34;V
25/12/2000;0,58;V
26/12/2000;2,89;V
27/12/2000;2,94;V
28/12/2000;4,02;V
29/12/2000;2,50;V
30/12/2000;2,19;V
31/12/2000;1,69;V
01/01/2001;1,53;P
02/01/2001;1,18;P
03/01/2001;1,55;P
04/01/2001;2,07;P
05/01/2001;2,21;P
06/01/2001;1,78;P
07/01/2001;1,48;P
08/01/2001;1,57;P
09/01/2001;1,43;P
10/01/2001;1,21;P
11/01/2001;1,20;P
12/01/2001;1,09;P
13/01/2001;1,02;P
14/01/2001;0,82;P
15/01/2001;0,95;P
16/01/2001;1,05;P
17/01/2001;1,04;P
18/01/2001;1,22;P
19/01/2001;1,14;P
20/01/2001;0,89;P
21/01/2001;0,70;P
22/01/2001;0,90;P
23/01/2001;0,93;P
24/01/2001;0,93;P
25/01/2001;0,98;P
26/01/2001;2,35;P
27/01/2001;1,81;P
28/01/2001;1,56;P
29/01/2001;1,45;P
30/01/2001;1,70;P
31/01/2001;1,43;P
01/02/2001;1,27;P
02/02/2001;1,13;P
03/02/2001;1,02;P
04/02/2001;0,71;P
05/02/2001;0,97;P
06/02/2001;1,06;P
07/02/2001;1,07;P
08/02/2001;1,08;P
09/02/2001;1,13;P
10/02/2001;1,56;P
11/02/2001;1,34;P
12/02/2001;1,23;P
13/02/2001;1,16;P
14/02/2001;0,97;P
15/02/2001;0,83;P
16/02/2001;0,92;P
17/02/2001;0,72;P
18/02/2001;0,49;P
19/02/2001;0,69;P
20/02/2001;0,88;P
21/02/2001;0,83;P
22/02/2001;0,77;P
23/02/2001;0,86;P
24/02/2001;0,55;P
25/02/2001;0,45;P
26/02/2001;0,64;P
27/02/2001;0,77;P
28/02/2001;0,82;P
01/03/2001;0,91;P
02/03/2001;1,25;P
03/03/2001;2,20;P
04/03/2001;1,94;P
05/03/2001;1,56;P
06/03/2001;1,40;P
07/03/2001;1,21;P
08/03/2001;1,03;P
09/03/2001;1,22;P
10/03/2001;1,16;P
11/03/2001;0,74;P
12/03/2001;0,91;P
13/03/2001;1,29;P
14/03/2001;1,52;P
15/03/2001;1,31;P
16/03/2001;1,00;P
17/03/2001;1,08;P
18/03/2001;1,48;P
19/03/2001;1,35;P
20/03/2001;1,11;P
21/03/2001;1,09;P
22/03/2001;1,05;P
23/03/2001;0,85;P
24/03/2001;0,63;P
25/03/2001;0,51;P
26/03/2001;0,85;P
27/03/2001;0,88;P
28/03/2001;0,98;P
29/03/2001;1,20;P
30/03/2001;2,00;P
31/03/2001;1,95;P
01/04/2001;1,41;P
02/04/2001;1,38;P
03/04/2001;1,19;P
04/04/2001;1,04;P
05/04/2001;0,96;P
06/04/2001;1,05;P
07/04/2001;1,00;P
08/04/2001;2,40;P
09/04/2001;1,60;P
10/04/2001;1,41;P
11/04/2001;1,28;P
12/04/2001;1,30;P
13/04/2001;1,54;P
14/04/2001;1,41;P
15/04/2001;0,91;P
16/04/2001;0,84;P
17/04/2001;1,36;P
18/04/2001;1,11;P
19/04/2001;1,15;P
20/04/2001;1,00;P
21/04/2001;0,96;P
22/04/2001;0,66;P
23/04/2001;0,92;P
24/04/2001;1,13;P
25/04/2001;0,69;P
26/04/2001;1,05;P
27/04/2001;1,15;P
28/04/2001;0,73;P
29/04/2001;0,47;P
30/04/2001;0,82;P
01/05/2001;0,49;P
02/05/2001;0,64;P
03/05/2001;0,87;P
04/05/2001;0,84;P
05/05/2001;0,72;P
06/05/2001;0,71;P
07/05/2001;1,59;P
08/05/2001;1,64;P
09/05/2001;1,40;P
10/05/2001;1,12;P
11/05/2001;1,03;P
12/05/2001;0,64;P
13/05/2001;0,50;P
14/05/2001;0,72;P
15/05/2001;0,76;P
16/05/2001;0,76;P
17/05/2001;0,67;P
18/05/2001;0,61;P
19/05/2001;0,43;P
20/05/2001;0,41;P
21/05/2001;0,56;P
22/05/2001;0,54;P
23/05/2001;0,51;P
24/05/2001;0,54;P
25/05/2001;0,68;P
26/05/2001;0,45;P
27/05/2001;0,49;P
28/05/2001;0,50;P
29/05/2001;0,50;P
30/05/2001;0,52;P
31/05/2001;0,51;P
01/06/2001;0,39;P
02/06/2001;0,35;P
03/06/2001;0,37;P
04/06/2001;0,59;P
05/06/2001;0,51;P
06/06/2001;0,52;P
07/06/2001;0,52;P
08/06/2001;0,52;P
09/06/2001;0,43;P
10/06/2001;0,34;P
11/06/2001;0,46;P
12/06/2001;0,49;P
13/06/2001;0,48;P
14/06/2001;0,48;P
15/06/2001;0,47;P
16/06/2001;0,43;P
17/06/2001;0,34;P
18/06/2001;0,32;P
19/06/2001;0,40;P
20/06/2001;0,43;P
21/06/2001;0,43;P
22/06/2001;0,41;P
23/06/2001;0,38;P
24/06/2001;0,33;P
25/06/2001;0,31;P
26/06/2001;0,34;P
27/06/2001;0,36;P
28/06/2001;0,36;P
29/06/2001;0,38;P
30/06/2001;0,37;P
01/07/2001;0,45;P
02/07/2001;0,51;P
03/07/2001;0,38;P
04/07/2001;0,36;P
05/07/2001;0,40;P
06/07/2001;0,42;P
07/07/2001;0,38;P
08/07/2001;0,35;P
09/07/2001;0,34;P
10/07/2001;0,36;P
11/07/2001;0,38;P
12/07/2001;0,36;P
13/07/2001;0,35;P
14/07/2001;0,34;P
15/07/2001;0,34;P
16/07/2001;0,34;P
17/07/2001;0,34;P
18/07/2001;0,36;P
19/07/2001;0,35;P
20/07/2001;0,40;P
21/07/2001;0,39;P
22/07/2001;0,35;P
23/07/2001;0,34;P
24/07/2001;0,38;P
25/07/2001;0,43;P
26/07/2001;0,42;P
27/07/2001;0,39;P
28/07/2001;0,35;P
29/07/2001;0,32;P
30/07/2001;0,35;P
31/07/2001;0,35;P
01/08/2001;0,31;P
02/08/2001;0,31;P
03/08/2001;0,31;P
04/08/2001;0,31;P
05/08/2001;0,30;P
06/08/2001;0,34;P
07/08/2001;0,34;P
08/08/2001;0,34;P
09/08/2001;0,33;P
10/08/2001;0,34;P
11/08/2001;0,34;P
12/08/2001;0,32;P
13/08/2001;0,33;P
14/08/2001;0,34;P
15/08/2001;0,33;P
16/08/2001;0,31;P
17/08/2001;0,31;P
18/08/2001;0,32;P
19/08/2001;0,31;P
20/08/2001;0,32;P
21/08/2001;0,32;P
22/08/2001;0,33;P
23/08/2001;0,32;P
24/08/2001;0,32;P
25/08/2001;0,33;P
26/08/2001;0,33;P
27/08/2001;0,33;P
28/08/2001;0,34;P
29/08/2001;0,34;P
30/08/2001;0,35;P
31/08/2001;0,38;P
01/09/2001;0,39;P
02/09/2001;0,37;P
03/09/2001;0,34;P
04/09/2001;0,36;P
05/09/2001;0,37;P
06/09/2001;0,34;P
07/09/2001;0,34;P
08/09/2001;0,34;P
09/09/2001;0,36;P
10/09/2001;0,34;P
11/09/2001;0,34;P
12/09/2001;0,41;P
13/09/2001;0,35;P
14/09/2001;0,37;P
15/09/2001;0,37;P
16/09/2001;0,36;P
17/09/2001;0,42;P
18/09/2001;0,47;P
19/09/2001;0,40;P
20/09/2001;0,41;P
21/09/2001;0,46;P
22/09/2001;0,40;P
23/09/2001;0,37;P
24/09/2001;1,23;P
25/09/2001;1,50;P
26/09/2001;0,78;P
27/09/2001;0,73;P
28/09/2001;0,59;P
29/09/2001;0,39;P
30/09/2001;0,60;P
01/10/2001;0,85;P
02/10/2001;0,68;P
03/10/2001;0,60;P
04/10/2001;0,56;P
05/10/2001;0,90;P
06/10/2001;0,60;P
07/10/2001;0,47;P
08/10/2001;0,45;P
09/10/2001;0,53;P
10/10/2001;0,65;P
11/10/2001;0,68;P
12/10/2001;0,58;P
13/10/2001;0,42;P
14/10/2001;0,38;P
15/10/2001;0,49;P
16/10/2001;0,56;P
17/10/2001;0,52;P
18/10/2001;0,56;P
19/10/2001;0,53;P
20/10/2001;0,40;P
21/10/2001;0,78;P
22/10/2001;0,65;P
23/10/2001;0,67;P
24/10/2001;0,80;P
25/10/2001;0,77;P
26/10/2001;0,49;P
27/10/2001;0,42;P
28/10/2001;0,51;P
29/10/2001;0,43;P
30/10/2001;0,40;P
31/10/2001;0,49;P
01/11/2001;0,43;P
02/11/2001;0,38;P
03/11/2001;0,37;P
04/11/2001;0,36;P
05/11/2001;0,37;P
06/11/2001;0,49;P
07/11/2001;0,50;P
08/11/2001;0,55;P
09/11/2001;0,62;P
10/11/2001;0,53;P
11/11/2001;0,47;P
12/11/2001;0,48;P
13/11/2001;0,70;P
14/11/2001;0,70;P
15/11/2001;0,72;P
16/11/2001;0,64;P
17/11/2001;0,42;P
18/11/2001;0,37;P
19/11/2001;0,52;P
20/11/2001;0,40;P
21/11/2001;0,35;P
22/11/2001;0,67;P
23/11/2001;0,70;P
24/11/2001;0,40;P
25/11/2001;0,36;P
26/11/2001;0,36;P
27/11/2001;0,38;P
28/11/2001;0,58;P
29/11/2001;0,50;P
30/11/2001;0,59;P
01/12/2001;0,44;P
02/12/2001;0,34;P
03/12/2001;0,33;P
04/12/2001;0,35;P
05/12/2001;0,41;P
06/12/2001;0,60;P
07/12/2001;0,62;P
08/12/2001;0,42;P
09/12/2001;0,33;P
10/12/2001;0,39;P
11/12/2001;0,44;P
12/12/2001;0,46;P
13/12/2001;0,54;P
14/12/2001;0,58;P
15/12/2001;0,40;P
16/12/2001;0,33;P
17/12/2001;0,30;P
18/12/2001;0,36;P
19/12/2001;0,43;P
20/12/2001;0,45;P
21/12/2001;0,40;P
22/12/2001;0,37;P
23/12/2001;0,40;P
24/12/2001;0,38;P
25/12/2001;0,42;P
26/12/2001;0,39;P
27/12/2001;0,59;P
28/12/2001;0,60;P
29/12/2001;0,51;P
30/12/2001;0,46;P
31/12/2001;1,08;P
01/01/2002;0,63;P
02/01/2002;0,54;P
03/01/2002;0,62;P
04/01/2002;0,72;P
05/01/2002;0,45;P
06/01/2002;0,34;P
07/01/2002;0,40;P
08/01/2002;0,51;P
09/01/2002;0,52;P
10/01/2002;0,53;P
11/01/2002;0,53;P
12/01/2002;0,40;P
13/01/2002;0,32;P
14/01/2002;0,47;P
15/01/2002;0,50;P
16/01/2002;0,49;P
17/01/2002;0,44;P
18/01/2002;0,44;P
19/01/2002;0,37;P
20/01/2002;0,33;P
21/01/2002;0,39;P
22/01/2002;0,46;P
23/01/2002;0,40;P
24/01/2002;0,59;P
25/01/2002;0,61;P
26/01/2002;0,51;P
27/01/2002;0,46;P
28/01/2002;0,68;P
29/01/2002;0,62;P
30/01/2002;0,70;P
31/01/2002;0,65;P
01/02/2002;0,64;P
02/02/2002;0,47;P
03/02/2002;0,34;P
04/02/2002;0,46;P
05/02/2002;0,87;P
06/02/2002;0,71;P
07/02/2002;0,86;P
08/02/2002;0,92;P
09/02/2002;0,70;P
10/02/2002;0,56;P
11/02/2002;0,56;P
12/02/2002;0,72;P
13/02/2002;0,74;P
14/02/2002;0,69;P
15/02/2002;0,74;P
16/02/2002;1,04;P
17/02/2002;0,79;P
18/02/2002;1,76;P
19/02/2002;1,68;P
20/02/2002;1,23;P
21/02/2002;1,91;P
22/02/2002;2,11;P
23/02/2002;1,62;P
24/02/2002;1,02;P
25/02/2002;1,16;P
26/02/2002;0,99;P
27/02/2002;1,07;P
28/02/2002;0,83;P
01/03/2002;0,87;P
02/03/2002;0,67;P
03/03/2002;0,51;P
04/03/2002;0,66;P
05/03/2002;0,54;P
06/03/2002;0,81;P
07/03/2002;0,84;P
08/03/2002;0,82;P
09/03/2002;0,51;P
10/03/2002;0,44;P
11/03/2002;0,43;P
12/03/2002;0,48;P
13/03/2002;0,51;P
14/03/2002;0,50;P
15/03/2002;0,45;P
16/03/2002;0,43;P
17/03/2002;0,42;P
18/03/2002;0,47;P
19/03/2002;0,57;P
20/03/2002;0,67;P
21/03/2002;0,72;P
22/03/2002;0,64;P
23/03/2002;0,49;P
24/03/2002;0,38;P
25/03/2002;0,51;P
26/03/2002;0,57;P
27/03/2002;0,65;P
28/03/2002;0,63;P
29/03/2002;0,55;P
30/03/2002;0,38;P
31/03/2002;0,37;P
01/04/2002;0,36;P
02/04/2002;0,47;P
03/04/2002;0,56;P
04/04/2002;0,53;P
05/04/2002;0,46;P
06/04/2002;0,41;P
07/04/2002;0,41;P
08/04/2002;0,46;P
09/04/2002;0,51;P
10/04/2002;0,50;P
11/04/2002;0,49;P
12/04/2002;0,59;P
13/04/2002;0,50;P
14/04/2002;0,48;P
15/04/2002;0,68;P
16/04/2002;0,65;P
17/04/2002;0,75;P
18/04/2002;0,70;P
19/04/2002;0,78;P
20/04/2002;0,50;P
21/04/2002;0,46;P
22/04/2002;0,76;P
23/04/2002;0,83;P
24/04/2002;0,78;P
25/04/2002;0,47;P
26/04/2002;0,51;P
27/04/2002;0,50;P
28/04/2002;0,46;P
29/04/2002;0,61;P
30/04/2002;0,76;P
01/05/2002;0,53;P
02/05/2002;0,68;P
03/05/2002;0,72;P
04/05/2002;0,85;P
05/05/2002;0,73;P
06/05/2002;0,81;P
07/05/2002;1,07;P
08/05/2002;0,83;P
09/05/2002;0,89;P
10/05/2002;1,03;P
11/05/2002;0,85;P
12/05/2002;0,67;P
13/05/2002;0,83;P
14/05/2002;0,88;P
15/05/2002;0,89;P
16/05/2002;0,83;P
17/05/2002;0,73;P
18/05/2002;0,49;P
19/05/2002;0,41;P
20/05/2002;0,56;P
21/05/2002;0,62;P
22/05/2002;0,56;P
23/05/2002;0,54;P
24/05/2002;0,50;P
25/05/2002;0,44;P
26/05/2002;0,40;P
27/05/2002;0,41;P
28/05/2002;0,59;P
29/05/2002;0,60;P
30/05/2002;0,60;P
31/05/2002;0,54;P
01/06/2002;0,64;P
02/06/2002;0,40;P
03/06/2002;0,49;P
04/06/2002;0,50;P
05/06/2002;0,50;P
06/06/2002;0,51;P
07/06/2002;0,66;P
08/06/2002;0,65;P
09/06/2002;0,45;P
10/06/2002;0,69;P
11/06/2002;0,59;P
12/06/2002;0,64;P
13/06/2002;0,60;P
14/06/2002;0,57;P
15/06/2002;0,42;P
16/06/2002;0,36;P
17/06/2002;0,36;P
18/06/2002;0,39;P
19/06/2002;0,34;P
20/06/2002;0,33;P
21/06/2002;0,32;P
22/06/2002;0,32;P
23/06/2002;0,30;P
24/06/2002;0,31;P
25/06/2002;0,35;P
26/06/2002;0,33;P
27/06/2002;0,31;P
28/06/2002;0,32;P
29/06/2002;0,33;P
30/06/2002;0,31;P
01/07/2002;0,35;P
02/07/2002;0,34;P
03/07/2002;0,32;P
04/07/2002;0,30;P
05/07/2002;0,30;P
06/07/2002;0,33;P
07/07/2002;0,30;P
08/07/2002;0,38;P
09/07/2002;0,53;P
10/07/2002;0,50;P
11/07/2002;0,49;P
12/07/2002;0,37;P
13/07/2002;0,31;P
14/07/2002;0,31;P
15/07/2002;0,52;P
16/07/2002;0,49;P
17/07/2002;0,45;P
18/07/2002;0,37;P
19/07/2002;0,34;P
20/07/2002;0,36;P
21/07/2002;0,35;P
22/07/2002;0,31;P
23/07/2002;0,31;P
24/07/2002;0,32;P
25/07/2002;0,35;P
26/07/2002;0,31;P
27/07/2002;0,29;P
28/07/2002;0,30;P
29/07/2002;0,32;P
30/07/2002;0,36;P
31/07/2002;0,35;P
01/08/2002;0,35;P
02/08/2002;0,34;P
03/08/2002;0,33;P
04/08/2002;0,31;P
05/08/2002;0,31;P
06/08/2002;0,42;P
07/08/2002;0,44;P
08/08/2002;0,36;P
09/08/2002;0,57;P
10/08/2002;0,69;P
11/08/2002;1,24;P
12/08/2002;0,84;P
13/08/2002;0,73;P
14/08/2002;0,57;P
15/08/2002;0,51;P
16/08/2002;0,35;P
17/08/2002;0,38;P
18/08/2002;0,36;P
19/08/2002;0,44;P
20/08/2002;0,54;P
21/08/2002;0,40;P
22/08/2002;0,36;P
23/08/2002;0,36;P
24/08/2002;0,34;P
25/08/2002;0,34;P
26/08/2002;0,46;P
27/08/2002;0,55;P
28/08/2002;0,54;P
29/08/2002;0,59;P
30/08/2002;0,61;P
31/08/2002;0,50;P
01/09/2002;0,45;P
02/09/2002;0,42;P
03/09/2002;0,45;P
04/09/2002;0,52;P
05/09/2002;0,53;P
06/09/2002;0,60;P
07/09/2002;0,59;P
08/09/2002;0,37;P
09/09/2002;0,50;P
10/09/2002;0,54;P
11/09/2002;0,52;P
12/09/2002;0,53;P
13/09/2002;0,53;P
14/09/2002;0,36;P
15/09/2002;0,32;P
16/09/2002;0,44;P
17/09/2002;0,37;P
18/09/2002;0,36;P
19/09/2002;0,38;P
20/09/2002;0,39;P
21/09/2002;0,42;P
22/09/2002;1,03;P
23/09/2002;1,31;P
24/09/2002;1,41;P
25/09/2002;0,86;P
26/09/2002;0,96;P
27/09/2002;0,76;P
28/09/2002;0,67;P
29/09/2002;0,40;P
30/09/2002;0,52;P
01/10/2002;0,59;P
02/10/2002;0,56;P
03/10/2002;0,55;P
04/10/2002;0,55;P
05/10/2002;0,39;P
06/10/2002;0,35;P
07/10/2002;0,40;P
08/10/2002;0,48;P
09/10/2002;0,41;P
10/10/2002;0,60;P
11/10/2002;0,86;P
12/10/2002;1,02;P
13/10/2002;0,75;P
14/10/2002;0,78;P
15/10/2002;0,71;P
16/10/2002;0,73;P
17/10/2002;0,74;P
18/10/2002;0,91;P
19/10/2002;0,75;P
20/10/2002;0,66;P
21/10/2002;0,81;P
22/10/2002;1,32;P
23/10/2002;1,78;P
24/10/2002;1,21;P
25/10/2002;0,93;P
26/10/2002;1,00;P
27/10/2002;0,80;P
28/10/2002;0,76;P
29/10/2002;0,72;P
30/10/2002;0,80;P
31/10/2002;0,72;P
01/11/2002;0,84;P
02/11/2002;1,03;P
03/11/2002;1,01;P
04/11/2002;1,00;P
05/11/2002;0,80;P
06/11/2002;0,78;P
07/11/2002;0,77;P
08/11/2002;0,71;P
09/11/2002;0,52;P
10/11/2002;0,41;P
11/11/2002;0,60;P
12/11/2002;0,60;P
13/11/2002;0,62;P
14/11/2002;0,61;P
15/11/2002;0,70;P
16/11/2002;0,53;P
17/11/2002;0,46;P
18/11/2002;1,24;P
19/11/2002;1,38;P
20/11/2002;1,39;P
21/11/2002;1,55;P
22/11/2002;1,33;P
23/11/2002;1,59;P
24/11/2002;1,29;P
25/11/2002;0,94;P
26/11/2002;1,04;P
27/11/2002;0,99;P
28/11/2002;0,79;P
29/11/2002;1,28;P
30/11/2002;1,87;P
01/12/2002;1,64;P
02/12/2002;1,38;P
03/12/2002;1,28;P
04/12/2002;0,96;P
05/12/2002;0,97;P
06/12/2002;1,28;P
07/12/2002;1,37;P
08/12/2002;1,19;P
09/12/2002;1,07;P
10/12/2002;0,90;P
11/12/2002;0,88;P
12/12/2002;0,78;P
13/12/2002;1,48;P
14/12/2002;1,51;P
15/12/2002;1,38;P
16/12/2002;1,70;P
17/12/2002;1,40;P
18/12/2002;1,99;P
19/12/2002;2,07;P
20/12/2002;1,51;P
21/12/2002;1,31;P
22/12/2002;1,14;P
23/12/2002;1,27;P
24/12/2002;1,18;P
25/12/2002;1,74;P
26/12/2002;1,76;P
27/12/2002;1,54;P
28/12/2002;1,61;P
29/12/2002;1,65;P
30/12/2002;1,33;P
31/12/2002;1,53;P
01/01/2003;1,75;P
02/01/2003;1,44;P
03/01/2003;1,45;P
04/01/2003;1,27;P
05/01/2003;1,07;P
06/01/2003;1,06;P
07/01/2003;1,73;P
08/01/2003;1,73;P
09/01/2003;1,98;P
10/01/2003;1,95;P
11/01/2003;1,56;P
12/01/2003;1,20;P
13/01/2003;1,09;P
14/01/2003;1,09;P
15/01/2003;0,97;P
16/01/2003;1,00;P
17/01/2003;1,00;P
18/01/2003;0,87;P
19/01/2003;0,60;P
20/01/2003;0,91;P
21/01/2003;0,97;P
22/01/2003;1,94;P
23/01/2003;2,09;P
24/01/2003;1,94;P
25/01/2003;1,54;P
26/01/2003;1,18;P
27/01/2003;1,15;P
28/01/2003;1,05;P
29/01/2003;1,04;P
30/01/2003;0,97;P
31/01/2003;0,99;P
01/02/2003;0,89;P
02/02/2003;0,60;P
03/02/2003;0,75;P
04/02/2003;2,04;P
05/02/2003;1,95;P
06/02/2003;1,42;P
07/02/2003;1,21;P
08/02/2003;0,93;P
09/02/2003;0,74;P
10/02/2003;0,97;P
11/02/2003;0,99;P
12/02/2003;0,95;P
13/02/2003;0,90;P
14/02/2003;0,89;P
15/02/2003;0,60;P
16/02/2003;0,54;P
17/02/2003;0,72;P
18/02/2003;0,82;P
19/02/2003;0,78;P
20/02/2003;0,73;P
21/02/2003;0,65;P
22/02/2003;0,55;P
23/02/2003;0,49;P
24/02/2003;0,62;P
25/02/2003;0,77;P
26/02/2003;0,64;P
27/02/2003;0,72;P
28/02/2003;0,91;P
01/03/2003;0,61;P
02/03/2003;0,57;P
03/03/2003;1,33;P
04/03/2003;1,30;P
05/03/2003;1,09;P
06/03/2003;0,98;P
07/03/2003;0,96;P
08/03/2003;0,81;P
09/03/2003;0,80;P
10/03/2003;0,80;P
11/03/2003;0,77;P
12/03/2003;0,81;P
13/03/2003;0,79;P
14/03/2003;0,77;P
15/03/2003;0,57;P
16/03/2003;0,48;P
17/03/2003;0,65;P
18/03/2003;0,75;P
19/03/2003;0,72;P
20/03/2003;0,63;P
21/03/2003;0,70;P
22/03/2003;0,61;P
23/03/2003;0,45;P
24/03/2003;0,52;P
25/03/2003;0,58;P
26/03/2003;0,61;P
27/03/2003;0,71;P
28/03/2003;0,76;P
29/03/2003;0,51;P
30/03/2003;0,44;P
31/03/2003;0,68;P
01/04/2003;0,70;P
02/04/2003;0,66;P
03/04/2003;0,79;P
04/04/2003;1,09;P
05/04/2003;0,95;P
06/04/2003;0,65;P
07/04/2003;0,71;P
08/04/2003;0,74;P
09/04/2003;0,75;P
10/04/2003;0,77;P
11/04/2003;0,88;P
12/04/2003;0,96;P
13/04/2003;1,11;P
14/04/2003;1,16;P
15/04/2003;1,05;P
16/04/2003;0,95;P
17/04/2003;0,84;P
18/04/2003;0,74;P
19/04/2003;0,52;P
20/04/2003;0,49;P
21/04/2003;0,73;P
22/04/2003;1,10;P
23/04/2003;0,98;P
24/04/2003;0,96;P
25/04/2003;0,78;P
26/04/2003;0,52;P
27/04/2003;0,53;P
28/04/2003;0,76;P
29/04/2003;0,78;P
30/04/2003;0,76;P
01/05/2003;0,54;P
02/05/2003;0,65;P
03/05/2003;0,64;P
04/05/2003;0,45;P
05/05/2003;0,55;P
06/05/2003;0,65;P
07/05/2003;0,65;P
08/05/2003;0,71;P
09/05/2003;0,66;P
10/05/2003;0,51;P
11/05/2003;0,45;P
12/05/2003;0,51;P
13/05/2003;0,51;P
14/05/2003;0,49;P
15/05/2003;0,50;P
16/05/2003;0,50;P
17/05/2003;0,41;P
18/05/2003;0,39;P
19/05/2003;0,38;P
20/05/2003;0,41;P
21/05/2003;0,42;P
22/05/2003;0,41;P
23/05/2003;0,40;P
24/05/2003;0,39;P
25/05/2003;0,39;P
26/05/2003;0,41;P
27/05/2003;0,41;P
28/05/2003;0,40;P
29/05/2003;0,39;P
30/05/2003;0,39;P
31/05/2003;0,39;P
01/06/2003;0,39;P
02/06/2003;0,54;P
03/06/2003;0,58;P
04/06/2003;0,46;P
05/06/2003;0,52;P
06/06/2003;0,61;P
07/06/2003;0,42;P
08/06/2003;0,37;P
09/06/2003;0,46;P
10/06/2003;0,48;P
11/06/2003;0,43;P
12/06/2003;0,41;P
13/06/2003;0,36;P
14/06/2003;0,36;P
15/06/2003;0,37;P
16/06/2003;0,40;P
17/06/2003;0,52;P
18/06/2003;0,57;P
19/06/2003;0,74;P
20/06/2003;0,71;P
21/06/2003;0,50;P
22/06/2003;0,39;P
23/06/2003;0,38;P
24/06/2003;0,38;P
25/06/2003;0,37;P
26/06/2003;0,37;P
27/06/2003;0,38;P
28/06/2003;0,39;P
29/06/2003;0,40;P
30/06/2003;0,38;P
01/07/2003;0,37;P
02/07/2003;0,34;P
03/07/2003;0,33;P
04/07/2003;0,33;P
05/07/2003;0,32;P
06/07/2003;0,32;P
07/07/2003;0,32;P
08/07/2003;0,32;P
09/07/2003;0,33;P
10/07/2003;0,32;P
11/07/2003;0,32;P
12/07/2003;0,34;P
13/07/2003;0,35;P
14/07/2003;0,35;P
15/07/2003;0,36;P
16/07/2003;0,37;P
17/07/2003;0,38;P
18/07/2003;0,37;P
19/07/2003;0,35;P
20/07/2003;0,34;P
21/07/2003;0,34;P
22/07/2003;0,34;P
23/07/2003;0,34;P
24/07/2003;0,35;P
25/07/2003;0,35;P
26/07/2003;0,34;P
27/07/2003;0,35;P
28/07/2003;0,35;P
29/07/2003;0,35;P
30/07/2003;0,33;P
31/07/2003;0,33;P
01/08/2003;0,36;P
02/08/2003;0,34;P
03/08/2003;0,33;P
04/08/2003;0,33;P
05/08/2003;0,33;P
06/08/2003;0,34;P
07/08/2003;0,34;P
08/08/2003;0,33;P
09/08/2003;0,32;P
10/08/2003;0,33;P
11/08/2003;0,33;P
12/08/2003;0,34;P
13/08/2003;0,33;P
14/08/2003;0,33;P
15/08/2003;0,33;P
16/08/2003;0,32;P
17/08/2003;0,32;P
18/08/2003;0,33;P
19/08/2003;0,33;P
20/08/2003;0,34;P
21/08/2003;0,34;P
22/08/2003;0,33;P
23/08/2003;0,33;P
24/08/2003;0,33;P
25/08/2003;0,39;P
26/08/2003;0,40;P
27/08/2003;0,33;P
28/08/2003;0,35;P
29/08/2003;0,38;P
30/08/2003;0,37;P
31/08/2003;0,36;P
01/09/2003;0,38;P
02/09/2003;0,37;P
03/09/2003;0,37;P
04/09/2003;0,35;P
05/09/2003;0,37;P
06/09/2003;0,38;P
07/09/2003;0,38;P
08/09/2003;0,39;P
09/09/2003;0,38;P
10/09/2003;0,38;P
11/09/2003;0,38;P
12/09/2003;0,35;P
13/09/2003;0,35;P
14/09/2003;0,36;P
15/09/2003;0,36;P
16/09/2003;0,35;P
17/09/2003;0,34;P
18/09/2003;0,35;P
19/09/2003;0,34;P
20/09/2003;0,35;P
21/09/2003;0,34;P
22/09/2003;0,33;P
23/09/2003;0,35;P
24/09/2003;0,41;P
25/09/2003;0,32;P
26/09/2003;0,30;P
27/09/2003;0,31;P
28/09/2003;0,32;P
29/09/2003;0,34;P
30/09/2003;0,33;P
01/10/2003;0,34;P
02/10/2003;0,35;P
03/10/2003;0,36;P
04/10/2003;0,35;P
05/10/2003;0,43;P
06/10/2003;0,34;P
07/10/2003;0,34;P
08/10/2003;0,32;P
09/10/2003;0,32;P
10/10/2003;0,32;P
11/10/2003;0,33;P
12/10/2003;0,35;P
13/10/2003;0,34;P
14/10/2003;0,34;P
15/10/2003;0,35;P
16/10/2003;0,34;P
17/10/2003;0,33;P
18/10/2003;0,34;P
19/10/2003;0,35;P
20/10/2003;0,49;P
21/10/2003;0,46;P
22/10/2003;0,53;P
23/10/2003;0,39;P
24/10/2003;0,38;P
25/10/2003;0,36;P
26/10/2003;0,34;P
27/10/2003;0,52;P
28/10/2003;0,54;P
29/10/2003;0,64;P
30/10/2003;1,12;P
31/10/2003;0,91;P
01/11/2003;0,83;P
02/11/2003;0,83;P
03/11/2003;0,68;P
04/11/2003;0,57;P
05/11/2003;0,55;P
06/11/2003;0,58;P
07/11/2003;0,62;P
08/11/2003;0,59;P
09/11/2003;0,47;P
10/11/2003;0,74;P
11/11/2003;0,64;P
12/11/2003;0,60;P
13/11/2003;0,56;P
14/11/2003;0,58;P
15/11/2003;0,51;P
16/11/2003;0,41;P
17/11/2003;0,56;P
18/11/2003;0,58;P
19/11/2003;0,61;P
20/11/2003;0,63;P
21/11/2003;0,60;P
22/11/2003;0,47;P
23/11/2003;0,38;P
24/11/2003;0,52;P
25/11/2003;0,59;P
26/11/2003;1,08;P
27/11/2003;1,71;P
28/11/2003;2,87;P
29/11/2003;1,69;P
30/11/2003;1,16;P
01/12/2003;1,04;P
02/12/2003;0,94;P
03/12/2003;0,82;P
04/12/2003;0,86;P
05/12/2003;0,82;P
06/12/2003;0,59;P
07/12/2003;0,49;P
08/12/2003;0,47;P
09/12/2003;0,63;P
10/12/2003;0,62;P
11/12/2003;0,68;P
12/12/2003;0,56;P
13/12/2003;0,49;P
14/12/2003;0,44;P
15/12/2003;0,59;P
16/12/2003;0,57;P
17/12/2003;0,61;P
18/12/2003;0,62;P
19/12/2003;0,57;P
20/12/2003;0,42;P
21/12/2003;0,44;P
22/12/2003;0,67;P
23/12/2003;0,83;P
24/12/2003;0,89;P
25/12/2003;0,59;P
26/12/2003;0,41;P
27/12/2003;0,54;P
28/12/2003;0,46;P
29/12/2003;0,63;P
30/12/2003;0,96;P
31/12/2003;1,25;P
01/01/2004;0,96;P
02/01/2004;1,09;P
03/01/2004;0,69;P
04/01/2004;0,47;P
05/01/2004;0,68;P
06/01/2004;0,54;P
07/01/2004;0,59;P
08/01/2004;0,57;P
09/01/2004;0,75;P
10/01/2004;0,58;P
11/01/2004;0,42;P
12/01/2004;0,56;P
13/01/2004;0,61;P
14/01/2004;0,64;P
15/01/2004;0,74;P
16/01/2004;0,85;P
17/01/2004;0,64;P
18/01/2004;1,70;P
19/01/2004;1,71;P
20/01/2004;1,14;P
21/01/2004;0,98;P
22/01/2004;0,96;P
23/01/2004;0,98;P
24/01/2004;0,59;P
25/01/2004;0,46;P
26/01/2004;0,67;P
27/01/2004;0,77;P
28/01/2004;0,81;P
29/01/2004;0,95;P
30/01/2004;0,99;P
31/01/2004;0,63;P
01/02/2004;0,55;P
02/02/2004;0,92;P
03/02/2004;1,03;P
04/02/2004;1,20;P
05/02/2004;1,08;P
06/02/2004;1,04;P
07/02/2004;0,72;P
08/02/2004;0,79;P
09/02/2004;0,98;P
10/02/2004;0,96;P
11/02/2004;0,94;P
12/02/2004;0,91;P
13/02/2004;0,69;P
14/02/2004;0,53;P
15/02/2004;0,47;P
16/02/2004;0,55;P
17/02/2004;0,60;P
18/02/2004;0,57;P
19/02/2004;0,69;P
20/02/2004;1,10;P
21/02/2004;1,00;P
22/02/2004;1,51;P
23/02/2004;2,44;P
24/02/2004;1,96;P
25/02/2004;1,60;P
26/02/2004;1,47;P
27/02/2004;1,70;P
28/02/2004;2,06;P
29/02/2004;1,97;P
01/03/2004;1,53;P
02/03/2004;1,34;P
03/03/2004;1,00;P
04/03/2004;0,99;P
05/03/2004;1,12;P
06/03/2004;0,73;P
07/03/2004;1,11;P
08/03/2004;1,61;P
09/03/2004;1,20;P
10/03/2004;1,12;P
11/03/2004;1,02;P
12/03/2004;1,09;P
13/03/2004;1,08;P
14/03/2004;1,01;P
15/03/2004;1,02;P
16/03/2004;0,88;P
17/03/2004;1,06;P
18/03/2004;1,02;P
19/03/2004;0,90;P
20/03/2004;0,62;P
21/03/2004;0,53;P
22/03/2004;0,94;P
23/03/2004;0,83;P
24/03/2004;0,85;P
25/03/2004;1,37;P
26/03/2004;1,20;P
27/03/2004;1,02;P
28/03/2004;0,98;P
29/03/2004;1,02;P
30/03/2004;0,90;P
31/03/2004;0,90;P
01/04/2004;0,90;P
02/04/2004;0,83;P
03/04/2004;0,58;P
04/04/2004;0,52;P
05/04/2004;0,79;P
06/04/2004;0,95;P
07/04/2004;0,58;P
08/04/2004;0,81;P
09/04/2004;0,92;P
10/04/2004;0,53;P
11/04/2004;0,48;P
12/04/2004;0,51;P
13/04/2004;0,82;P
14/04/2004;0,86;P
15/04/2004;0,79;P
16/04/2004;0,72;P
17/04/2004;0,84;P
18/04/2004;1,57;P
19/04/2004;1,64;P
20/04/2004;2,60;P
21/04/2004;1,80;P
22/04/2004;1,55;P
23/04/2004;1,43;P
24/04/2004;1,02;P
25/04/2004;0,98;P
26/04/2004;0,99;P
27/04/2004;1,05;P
28/04/2004;0,86;P
29/04/2004;0,85;P
30/04/2004;0,91;P
01/05/2004;0,66;P
02/05/2004;0,52;P
03/05/2004;0,78;P
04/05/2004;1,13;P
05/05/2004;1,93;P
06/05/2004;3,02;P
07/05/2004;2,80;P
08/05/2004;3,11;P
09/05/2004;2,24;P
10/05/2004;1,63;P
11/05/2004;1,52;P
12/05/2004;1,39;P
13/05/2004;1,30;P
14/05/2004;1,16;P
15/05/2004;0,67;P
16/05/2004;0,54;P
17/05/2004;0,84;P
18/05/2004;0,82;P
19/05/2004;0,82;P
20/05/2004;0,80;P
21/05/2004;0,87;P
22/05/2004;0,54;P
23/05/2004;0,46;P
24/05/2004;0,83;P
25/05/2004;0,70;P
26/05/2004;0,68;P
27/05/2004;0,71;P
28/05/2004;0,64;P
29/05/2004;0,48;P
30/05/2004;0,44;P
31/05/2004;0,71;P
01/06/2004;0,74;P
02/06/2004;0,54;P
03/06/2004;0,85;P
04/06/2004;0,83;P
05/06/2004;0,79;P
06/06/2004;0,61;P
07/06/2004;0,53;P
08/06/2004;0,53;P
09/06/2004;0,52;P
10/06/2004;0,52;P
11/06/2004;0,52;P
12/06/2004;0,50;P
13/06/2004;0,41;P
14/06/2004;0,61;P
15/06/2004;0,58;P
16/06/2004;0,45;P
17/06/2004;0,41;P
18/06/2004;0,58;P
19/06/2004;0,46;P
20/06/2004;0,41;P
21/06/2004;0,48;P
22/06/2004;0,49;P
23/06/2004;0,51;P
24/06/2004;0,45;P
25/06/2004;0,50;P
26/06/2004;0,39;P
27/06/2004;0,37;P
28/06/2004;0,48;P
29/06/2004;0,65;P
30/06/2004;0,59;P
01/07/2004;0,53;P
02/07/2004;0,54;P
03/07/2004;0,42;P
04/07/2004;0,40;P
05/07/2004;0,39;P
06/07/2004;0,38;P
07/07/2004;0,36;P
08/07/2004;0,36;P
09/07/2004;0,35;P
10/07/2004;0,35;P
11/07/2004;0,34;P
12/07/2004;0,35;P
13/07/2004;0,36;P
14/07/2004;0,35;P
15/07/2004;0,35;P
16/07/2004;0,34;P
17/07/2004;0,35;P
18/07/2004;0,34;P
19/07/2004;0,34;P
20/07/2004;0,35;P
21/07/2004;0,35;P
22/07/2004;0,34;P
23/07/2004;0,34;P
24/07/2004;0,34;P
25/07/2004;0,38;P
26/07/2004;0,37;P
27/07/2004;0,35;P
28/07/2004;0,34;P
29/07/2004;0,33;P
30/07/2004;0,34;P
31/07/2004;0,34;P
01/08/2004;0,34;P
02/08/2004;0,34;P
03/08/2004;0,34;P
04/08/2004;0,34;P
05/08/2004;0,40;P
06/08/2004;0,37;P
07/08/2004;0,37;P
08/08/2004;0,35;P
09/08/2004;0,47;P
10/08/2004;0,41;P
11/08/2004;0,36;P
12/08/2004;0,34;P
13/08/2004;0,34;P
14/08/2004;0,33;P
15/08/2004;0,33;P
16/08/2004;0,32;P
17/08/2004;0,32;P
18/08/2004;0,32;P
19/08/2004;0,33;P
20/08/2004;0,33;P
21/08/2004;0,32;P
22/08/2004;0,32;P
23/08/2004;0,32;P
24/08/2004;0,33;P
25/08/2004;0,33;P
26/08/2004;0,33;P
27/08/2004;0,33;P
28/08/2004;0,33;P
29/08/2004;0,33;P
30/08/2004;0,34;P
31/08/2004;0,34;P
01/09/2004;0,33;P
02/09/2004;0,33;P
03/09/2004;0,33;P
04/09/2004;0,33;P
05/09/2004;0,33;P
06/09/2004;0,32;P
07/09/2004;0,32;P
08/09/2004;0,39;P
09/09/2004;0,40;P
10/09/2004;0,33;P
11/09/2004;0,33;P
12/09/2004;0,34;P
13/09/2004;0,35;P
14/09/2004;0,35;P
15/09/2004;0,74;P
16/09/2004;0,81;P
17/09/2004;0,81;P
18/09/2004;0,56;P
19/09/2004;0,38;P
20/09/2004;0,58;P
21/09/2004;0,44;P
22/09/2004;0,37;P
23/09/2004;0,37;P
24/09/2004;0,40;P
25/09/2004;0,44;P
26/09/2004;0,38;P
27/09/2004;0,37;P
28/09/2004;0,36;P
29/09/2004;0,36;P
30/09/2004;0,37;P
01/10/2004;0,38;P
02/10/2004;0,38;P
03/10/2004;0,37;P
04/10/2004;0,37;P
05/10/2004;0,36;P
06/10/2004;0,37;P
07/10/2004;0,38;P
08/10/2004;0,59;P
09/10/2004;0,48;P
10/10/2004;0,45;P
11/10/2004;0,60;P
12/10/2004;0,51;P
13/10/2004;0,41;P
14/10/2004;0,40;P
15/10/2004;0,64;P
16/10/2004;0,79;P
17/10/2004;1,18;P
18/10/2004;0,86;P
19/10/2004;1,06;P
20/10/2004;0,64;P
21/10/2004;0,44;P
22/10/2004;0,42;P
23/10/2004;0,40;P
24/10/2004;0,40;P
25/10/2004;0,40;P
26/10/2004;0,40;P
27/10/2004;0,47;P
28/10/2004;0,44;P
29/10/2004;1,25;P
30/10/2004;3,59;P
31/10/2004;1,65;P
01/11/2004;1,12;P
02/11/2004;0,84;P
03/11/2004;0,80;P
04/11/2004;0,83;P
05/11/2004;0,72;P
06/11/2004;0,54;P
07/11/2004;0,46;P
08/11/2004;0,63;P
09/11/2004;0,67;P
10/11/2004;1,25;P
11/11/2004;1,55;P
12/11/2004;1,51;P
13/11/2004;1,15;P
14/11/2004;1,11;P
15/11/2004;0,99;P
16/11/2004;0,86;P
17/11/2004;0,85;P
18/11/2004;0,76;P
19/11/2004;0,72;P
20/11/2004;0,54;P
21/11/2004;0,44;P
22/11/2004;0,65;P
23/11/2004;0,73;P
24/11/2004;0,70;P
25/11/2004;0,70;P
26/11/2004;0,71;P
27/11/2004;0,57;P
28/11/2004;0,47;P
29/11/2004;0,70;P
30/11/2004;1,08;P
01/12/2004;1,19;P
02/12/2004;1,03;P
03/12/2004;1,46;P
04/12/2004;2,11;P
05/12/2004;4,35;P
06/12/2004;3,20;P
07/12/2004;1,95;P
08/12/2004;1,53;P
09/12/2004;1,38;P
10/12/2004;1,39;P
11/12/2004;1,00;P
12/12/2004;0,92;P
13/12/2004;0,98;P
14/12/2004;0,93;P
15/12/2004;0,87;P
16/12/2004;0,85;P
17/12/2004;0,86;P
18/12/2004;0,80;P
19/12/2004;1,38;P
20/12/2004;1,38;P
21/12/2004;1,28;P
22/12/2004;1,09;P
23/12/2004;0,93;P
24/12/2004;0,95;P
25/12/2004;0,91;P
26/12/2004;1,59;P
27/12/2004;2,83;P
28/12/2004;2,50;P
29/12/2004;1,83;P
30/12/2004;1,53;P
31/12/2004;1,34;P
01/01/2005;1,30;P
02/01/2005;0,82;P
03/01/2005;0,81;P
04/01/2005;0,96;P
05/01/2005;1,00;P
06/01/2005;0,85;P
07/01/2005;0,87;P
08/01/2005;0,70;P
09/01/2005;0,56;P
10/01/2005;0,94;P
11/01/2005;0,91;P
12/01/2005;0,88;P
13/01/2005;0,86;P
14/01/2005;0,84;P
15/01/2005;0,56;P
16/01/2005;0,49;P
17/01/2005;0,74;P
18/01/2005;0,76;P
19/01/2005;0,64;P
20/01/2005;0,97;P
21/01/2005;1,13;P
22/01/2005;0,64;P
23/01/2005;0,49;P
24/01/2005;0,65;P
25/01/2005;0,89;P
26/01/2005;0,84;P
27/01/2005;0,85;P
28/01/2005;0,93;P
29/01/2005;0,58;P
30/01/2005;0,45;P
31/01/2005;0,65;P
01/02/2005;0,75;P
02/02/2005;0,69;P
03/02/2005;0,66;P
04/02/2005;0,68;P
05/02/2005;0,48;P
06/02/2005;0,40;P
07/02/2005;0,56;P
08/02/2005;0,65;P
09/02/2005;0,65;P
10/02/2005;0,63;P
11/02/2005;0,72;P
12/02/2005;0,48;P
13/02/2005;0,44;P
14/02/2005;0,69;P
15/02/2005;0,76;P
16/02/2005;0,62;P
17/02/2005;0,75;P
18/02/2005;0,89;P
19/02/2005;0,49;P
20/02/2005;0,42;P
21/02/2005;0,44;P
22/02/2005;0,60;P
23/02/2005;0,71;P
24/02/2005;0,55;P
25/02/2005;1,03;P
26/02/2005;0,80;P
27/02/2005;0,81;P
28/02/2005;1,00;P
01/03/2005;0,88;P
02/03/2005;0,83;P
03/03/2005;0,84;P
04/03/2005;0,94;P
05/03/2005;0,67;P
06/03/2005;0,60;P
07/03/2005;0,90;P
08/03/2005;0,87;P
09/03/2005;0,89;P
10/03/2005;1,00;P
11/03/2005;0,83;P
12/03/2005;0,80;P
13/03/2005;0,91;P
14/03/2005;1,04;P
15/03/2005;1,08;P
16/03/2005;1,00;P
17/03/2005;0,94;P
18/03/2005;1,20;P
19/03/2005;1,09;P
20/03/2005;0,89;P
21/03/2005;1,13;P
22/03/2005;1,03;P
23/03/2005;0,98;P
24/03/2005;0,80;P
25/03/2005;0,96;P
26/03/2005;0,82;P
27/03/2005;0,89;P
28/03/2005;1,28;P
29/03/2005;1,24;P
30/03/2005;1,26;P
31/03/2005;1,04;P
01/04/2005;0,85;P
02/04/2005;0,57;P
03/04/2005;0,49;P
04/04/2005;0,73;P
05/04/2005;0,79;P
06/04/2005;0,74;P
07/04/2005;0,75;P
08/04/2005;0,83;P
09/04/2005;0,68;P
10/04/2005;0,93;P
11/04/2005;1,86;P
12/04/2005;1,68;P
13/04/2005;1,34;P
14/04/2005;1,25;P
15/04/2005;1,14;P
16/04/2005;1,10;P
17/04/2005;1,29;P
18/04/2005;1,20;P
19/04/2005;1,24;P
20/04/2005;1,23;P
21/04/2005;1,16;P
22/04/2005;1,29;P
23/04/2005;1,19;P
24/04/2005;0,93;P
25/04/2005;0,77;P
26/04/2005;0,89;P
27/04/2005;0,89;P
28/04/2005;0,84;P
29/04/2005;0,86;P
30/04/2005;0,56;P
01/05/2005;0,48;P
02/05/2005;0,69;P
03/05/2005;0,79;P
04/05/2005;0,70;P
05/05/2005;0,69;P
06/05/2005;0,75;P
07/05/2005;0,52;P
08/05/2005;0,44;P
09/05/2005;0,67;P
10/05/2005;0,69;P
11/05/2005;0,64;P
12/05/2005;0,61;P
13/05/2005;0,67;P
14/05/2005;0,49;P
15/05/2005;0,44;P
16/05/2005;0,58;P
17/05/2005;0,61;P
18/05/2005;0,79;P
19/05/2005;0,82;P
20/05/2005;0,78;P
21/05/2005;0,70;P
22/05/2005;0,45;P
23/05/2005;0,73;P
24/05/2005;0,57;P
25/05/2005;0,45;P
26/05/2005;0,46;P
27/05/2005;0,45;P
28/05/2005;0,43;P
29/05/2005;0,37;P
30/05/2005;0,43;P
31/05/2005;0,50;P
01/06/2005;0,46;P
02/06/2005;0,38;P
03/06/2005;0,45;P
04/06/2005;0,47;P
05/06/2005;0,47;P
06/06/2005;0,55;P
07/06/2005;0,50;P
08/06/2005;0,51;P
09/06/2005;0,39;P
10/06/2005;0,40;P
11/06/2005;0,49;P
12/06/2005;0,38;P
13/06/2005;0,38;P
14/06/2005;0,43;P
15/06/2005;0,62;P
16/06/2005;0,58;P
17/06/2005;0,50;P
18/06/2005;0,43;P
19/06/2005;0,37;P
20/06/2005;0,43;P
21/06/2005;0,45;P
22/06/2005;0,40;P
23/06/2005;0,38;P
24/06/2005;0,38;P
25/06/2005;0,37;P
26/06/2005;0,35;P
27/06/2005;0,35;P
28/06/2005;0,35;P
29/06/2005;0,39;P
30/06/2005;0,40;P
01/07/2005;0,48;P
02/07/2005;0,39;P
03/07/2005;0,33;P
04/07/2005;0,32;P
05/07/2005;0,32;P
06/07/2005;0,32;P
07/07/2005;0,35;P
08/07/2005;0,36;P
09/07/2005;0,36;P
10/07/2005;0,35;P
11/07/2005;0,39;P
12/07/2005;0,37;P
13/07/2005;0,36;P
14/07/2005;0,35;P
15/07/2005;0,33;P
16/07/2005;0,32;P
17/07/2005;0,32;P
18/07/2005;0,34;P
19/07/2005;0,36;P
20/07/2005;0,34;P
21/07/2005;0,32;P
22/07/2005;0,32;P
23/07/2005;0,34;P
24/07/2005;0,33;P
25/07/2005;0,33;P
26/07/2005;0,36;P
27/07/2005;0,37;P
28/07/2005;0,33;P
29/07/2005;0,33;P
30/07/2005;0,33;P
31/07/2005;0,32;P
01/08/2005;0,35;P
02/08/2005;0,38;P
03/08/2005;0,38;P
04/08/2005;0,39;P
05/08/2005;0,34;P
06/08/2005;0,34;P
07/08/2005;0,34;P
08/08/2005;0,33;P
09/08/2005;0,32;P
10/08/2005;0,33;P
11/08/2005;0,34;P
12/08/2005;0,44;P
13/08/2005;0,37;P
14/08/2005;0,34;P
15/08/2005;0,33;P
16/08/2005;0,31;P
17/08/2005;0,31;P
18/08/2005;0,32;P
19/08/2005;0,32;P
20/08/2005;0,33;P
21/08/2005;0,37;P
22/08/2005;0,36;P
23/08/2005;0,36;P
24/08/2005;0,40;P
25/08/2005;0,37;P
26/08/2005;0,35;P
27/08/2005;0,33;P
28/08/2005;0,40;P
29/08/2005;0,38;P
30/08/2005;0,34;P
31/08/2005;0,33;P
01/09/2005;0,32;P
02/09/2005;0,32;P
03/09/2005;0,36;P
04/09/2005;0,43;P
05/09/2005;0,38;P
06/09/2005;0,33;P
07/09/2005;0,35;P
08/09/2005;0,35;P
09/09/2005;0,67;P
10/09/2005;0,87;P
11/09/2005;0,63;P
12/09/2005;0,59;P
13/09/2005;0,38;P
14/09/2005;0,48;P
15/09/2005;0,49;P
16/09/2005;0,37;P
17/09/2005;0,51;P
18/09/2005;0,60;P
19/09/2005;0,84;P
20/09/2005;0,86;P
21/09/2005;0,49;P
22/09/2005;0,38;P
23/09/2005;0,41;P
24/09/2005;0,37;P
25/09/2005;0,34;P
26/09/2005;0,33;P
27/09/2005;0,65;P
28/09/2005;0,44;P
29/09/2005;0,46;P
30/09/2005;0,52;P
01/10/2005;0,46;P
02/10/2005;0,53;P
03/10/2005;0,68;P
04/10/2005;0,58;P
05/10/2005;0,91;P
06/10/2005;0,80;P
07/10/2005;0,72;P
08/10/2005;0,56;P
09/10/2005;1,17;P
10/10/2005;1,10;P
11/10/2005;0,93;P
12/10/2005;0,74;P
13/10/2005;0,66;P
14/10/2005;0,65;P
15/10/2005;0,46;P
16/10/2005;0,39;P
17/10/2005;0,38;P
18/10/2005;0,36;P
19/10/2005;0,39;P
20/10/2005;1,17;P
21/10/2005;1,87;P
22/10/2005;2,24;P
23/10/2005;1,49;P
24/10/2005;1,04;P
25/10/2005;0,98;P
26/10/2005;0,78;P
27/10/2005;0,69;P
28/10/2005;0,63;P
29/10/2005;0,47;P
30/10/2005;0,44;P
31/10/2005;0,60;P
01/11/2005;0,48;P
02/11/2005;0,95;P
03/11/2005;0,92;P
04/11/2005;0,85;P
05/11/2005;0,82;P
06/11/2005;2,09;P
07/11/2005;2,47;P
08/11/2005;1,51;P
09/11/2005;1,30;P
10/11/2005;1,15;P
11/11/2005;0,85;P
12/11/2005;0,57;P
13/11/2005;0,52;P
14/11/2005;0,87;P
15/11/2005;1,88;P
16/11/2005;2,71;P
17/11/2005;1,70;P
18/11/2005;1,60;P
19/11/2005;1,18;P
20/11/2005;0,83;P
21/11/2005;0,85;P
22/11/2005;0,82;P
23/11/2005;0,78;P
24/11/2005;0,73;P
25/11/2005;0,85;P
26/11/2005;4,21;P
27/11/2005;4,65;P
28/11/2005;2,66;P
29/11/2005;1,99;P
30/11/2005;2,77;P
01/12/2005;2,34;P
02/12/2005;1,92;P
03/12/2005;3,09;P
04/12/2005;2,83;P
05/12/2005;2,59;P
06/12/2005;3,23;P
07/12/2005;2,59;P
08/12/2005;1,88;P
09/12/2005;2,32;P
10/12/2005;2,37;P
11/12/2005;1,73;P
12/12/2005;1,67;P
13/12/2005;1,57;P
14/12/2005;1,53;P
15/12/2005;1,50;P
16/12/2005;1,20;P
17/12/2005;1,08;P
18/12/2005;0,79;P
19/12/2005;0,99;P
20/12/2005;1,04;P
21/12/2005;0,88;P
22/12/2005;0,80;P
23/12/2005;0,85;P
24/12/2005;0,84;P
25/12/2005;0,69;P
26/12/2005;0,83;P
27/12/2005;1,28;P
28/12/2005;1,37;P
29/12/2005;1,10;P
30/12/2005;0,93;P
31/12/2005;0,88;P
01/01/2006;2,80;P
02/01/2006;3,22;P
03/01/2006;1,96;P
04/01/2006;1,64;P
05/01/2006;1,38;P
06/01/2006;1,46;P
07/01/2006;1,25;P
08/01/2006;0,77;P
09/01/2006;0,92;P
10/01/2006;0,90;P
11/01/2006;0,78;P
12/01/2006;0,84;P
13/01/2006;0,90;P
14/01/2006;0,76;P
15/01/2006;0,56;P
16/01/2006;0,92;P
17/01/2006;0,89;P
18/01/2006;0,91;P
19/01/2006;0,94;P
20/01/2006;0,97;P
21/01/2006;0,90;P
22/01/2006;0,71;P
23/01/2006;0,73;P
24/01/2006;0,77;P
25/01/2006;0,77;P
26/01/2006;0,79;P
27/01/2006;0,82;P
28/01/2006;0,86;P
29/01/2006;0,63;P
30/01/2006;0,70;P
31/01/2006;0,69;P
01/02/2006;0,72;P
02/02/2006;0,80;P
03/02/2006;0,78;P
04/02/2006;0,65;P
05/02/2006;0,50;P
06/02/2006;0,75;P
07/02/2006;0,76;P
08/02/2006;0,55;P
09/02/2006;0,74;P
10/02/2006;0,83;P
11/02/2006;0,53;P
12/02/2006;0,44;P
13/02/2006;0,54;P
14/02/2006;0,48;P
15/02/2006;0,61;P
16/02/2006;0,75;P
17/02/2006;1,29;P
18/02/2006;1,14;P
19/02/2006;0,97;P
20/02/2006;1,06;P
21/02/2006;1,33;P
22/02/2006;1,31;P
23/02/2006;1,28;P
24/02/2006;1,31;P
25/02/2006;1,19;P
26/02/2006;0,96;P
27/02/2006;1,13;P
28/02/2006;0,94;P
01/03/2006;0,90;P
02/03/2006;0,99;P
03/03/2006;1,04;P
04/03/2006;0,73;P
05/03/2006;1,40;P
06/03/2006;2,29;P
07/03/2006;1,55;P
08/03/2006;1,45;P
09/03/2006;1,19;P
10/03/2006;1,05;P
11/03/2006;0,92;P
12/03/2006;0,78;P
13/03/2006;1,11;P
14/03/2006;0,98;P
15/03/2006;0,96;P
16/03/2006;0,92;P
17/03/2006;0,87;P
18/03/2006;1,06;P
19/03/2006;1,00;P
20/03/2006;1,03;P
21/03/2006;1,03;P
22/03/2006;0,97;P
23/03/2006;1,12;P
24/03/2006;1,21;P
25/03/2006;1,21;P
26/03/2006;0,78;P
27/03/2006;1,01;P
28/03/2006;1,10;P
29/03/2006;0,96;P
30/03/2006;0,85;P
31/03/2006;1,05;P
01/04/2006;0,96;P
02/04/2006;0,61;P
03/04/2006;0,85;P
04/04/2006;0,84;P
05/04/2006;0,86;P
06/04/2006;0,91;P
07/04/2006;0,87;P
08/04/2006;0,54;P
09/04/2006;0,49;P
10/04/2006;0,80;P
11/04/2006;0,83;P
12/04/2006;0,53;P
13/04/2006;0,79;P
14/04/2006;0,82;P
15/04/2006;0,54;P
16/04/2006;0,48;P
17/04/2006;0,61;P
18/04/2006;0,81;P
19/04/2006;0,86;P
20/04/2006;0,86;P
21/04/2006;0,83;P
22/04/2006;0,57;P
23/04/2006;0,47;P
24/04/2006;0,46;P
25/04/2006;0,47;P
26/04/2006;0,76;P
27/04/2006;0,85;P
28/04/2006;0,84;P
29/04/2006;0,69;P
30/04/2006;0,77;P
01/05/2006;0,85;P
02/05/2006;1,03;P
03/05/2006;0,91;P
04/05/2006;0,83;P
05/05/2006;0,92;P
06/05/2006;0,60;P
07/05/2006;0,46;P
08/05/2006;0,61;P
09/05/2006;0,76;P
10/05/2006;0,69;P
11/05/2006;0,80;P
12/05/2006;0,78;P
13/05/2006;0,54;P
14/05/2006;0,47;P
15/05/2006;0,62;P
16/05/2006;0,68;P
17/05/2006;0,71;P
18/05/2006;0,70;P
19/05/2006;0,70;P
20/05/2006;0,51;P
21/05/2006;0,44;P
22/05/2006;0,44;P
23/05/2006;0,44;P
24/05/2006;0,46;P
25/05/2006;0,43;P
26/05/2006;0,42;P
27/05/2006;0,42;P
28/05/2006;0,42;P
29/05/2006;0,42;P
30/05/2006;0,45;P
31/05/2006;0,46;P
01/06/2006;0,63;P
02/06/2006;0,67;P
03/06/2006;0,50;P
04/06/2006;0,43;P
05/06/2006;0,51;P
06/06/2006;0,56;P
07/06/2006;0,56;P
08/06/2006;0,56;P
09/06/2006;0,58;P
10/06/2006;0,51;P
11/06/2006;0,42;P
12/06/2006;0,48;P
13/06/2006;0,51;P
14/06/2006;0,45;P
15/06/2006;0,42;P
16/06/2006;0,40;P
17/06/2006;0,39;P
18/06/2006;0,39;P
19/06/2006;0,39;P
20/06/2006;0,39;P
21/06/2006;0,38;P
22/06/2006;0,39;P
23/06/2006;0,39;P
24/06/2006;0,39;P
25/06/2006;0,40;P
26/06/2006;0,40;P
27/06/2006;0,40;P
28/06/2006;0,40;P
29/06/2006;0,40;P
30/06/2006;0,39;P
01/07/2006;0,38;P
02/07/2006;0,38;P
03/07/2006;0,38;P
04/07/2006;0,38;P
05/07/2006;0,38;P
06/07/2006;0,39;P
07/07/2006;0,48;P
08/07/2006;0,45;P
09/07/2006;0,51;P
10/07/2006;0,51;P
11/07/2006;0,41;P
12/07/2006;0,38;P
13/07/2006;0,38;P
14/07/2006;0,38;P
15/07/2006;0,37;P
16/07/2006;0,37;P
17/07/2006;0,36;P
18/07/2006;0,35;P
19/07/2006;0,35;P
20/07/2006;0,35;P
21/07/2006;0,35;P
22/07/2006;0,36;P
23/07/2006;0,39;P
24/07/2006;0,38;P
25/07/2006;0,37;P
26/07/2006;0,37;P
27/07/2006;0,40;P
28/07/2006;0,45;P
29/07/2006;0,39;P
30/07/2006;0,39;P
31/07/2006;0,39;P
01/08/2006;0,38;P
02/08/2006;0,37;P
03/08/2006;0,37;P
04/08/2006;0,35;P
05/08/2006;0,47;P
06/08/2006;0,39;P
07/08/2006;0,36;P
08/08/2006;0,36;P
09/08/2006;0,37;P
10/08/2006;0,36;P
11/08/2006;0,49;P
12/08/2006;0,42;P
13/08/2006;0,39;P
14/08/2006;0,37;P
15/08/2006;0,36;P
16/08/2006;0,37;P
17/08/2006;0,37;P
18/08/2006;0,37;P
19/08/2006;0,38;P
20/08/2006;0,38;P
21/08/2006;0,36;P
22/08/2006;0,47;P
23/08/2006;0,42;P
24/08/2006;0,37;P
25/08/2006;0,36;P
26/08/2006;0,36;P
27/08/2006;0,38;P
28/08/2006;0,42;P
29/08/2006;0,39;P
30/08/2006;0,50;P
31/08/2006;0,40;P
01/09/2006;0,35;P
02/09/2006;0,34;P
03/09/2006;0,34;P
04/09/2006;0,34;P
05/09/2006;0,34;P
06/09/2006;0,34;P
07/09/2006;0,34;P
08/09/2006;0,34;P
09/09/2006;0,34;P
10/09/2006;0,32;P
11/09/2006;0,32;P
12/09/2006;0,33;P
13/09/2006;0,33;P
14/09/2006;0,34;P
15/09/2006;0,50;P
16/09/2006;0,47;P
17/09/2006;1,76;P
18/09/2006;1,38;P
19/09/2006;1,05;P
20/09/2006;0,62;P
21/09/2006;0,62;P
22/09/2006;0,47;P
23/09/2006;0,41;P
24/09/2006;0,39;P
25/09/2006;0,41;P
26/09/2006;0,61;P
27/09/2006;0,49;P
28/09/2006;0,38;P
29/09/2006;0,38;P
30/09/2006;0,38;P
01/10/2006;0,39;P
02/10/2006;0,39;P
03/10/2006;0,40;P
04/10/2006;0,39;P
05/10/2006;0,37;P
06/10/2006;0,37;P
07/10/2006;0,40;P
08/10/2006;0,42;P
09/10/2006;0,38;P
10/10/2006;0,37;P
11/10/2006;0,37;P
12/10/2006;0,37;P
13/10/2006;0,37;P
14/10/2006;0,37;P
15/10/2006;0,37;P
16/10/2006;0,36;P
17/10/2006;0,36;P
18/10/2006;0,36;P
19/10/2006;0,39;P
20/10/2006;0,65;P
21/10/2006;0,64;P
22/10/2006;0,99;P
23/10/2006;0,73;P
24/10/2006;0,70;P
25/10/2006;0,67;P
26/10/2006;0,44;P
27/10/2006;0,40;P
28/10/2006;0,40;P
29/10/2006;0,39;P
30/10/2006;0,52;P
31/10/2006;0,67;P
01/11/2006;0,51;P
02/11/2006;0,40;P
03/11/2006;0,38;P
04/11/2006;0,38;P
05/11/2006;0,40;P
06/11/2006;0,40;P
07/11/2006;0,39;P
08/11/2006;0,40;P
09/11/2006;0,41;P
10/11/2006;0,40;P
11/11/2006;0,38;P
12/11/2006;0,57;P
13/11/2006;0,46;P
14/11/2006;0,39;P
15/11/2006;0,41;P
16/11/2006;0,43;P
17/11/2006;0,42;P
18/11/2006;0,45;P
19/11/2006;0,50;P
20/11/2006;0,51;P
21/11/2006;0,64;P
22/11/2006;1,13;P
23/11/2006;1,31;P
24/11/2006;1,09;P
25/11/2006;0,61;P
26/11/2006;0,49;P
27/11/2006;0,69;P
28/11/2006;0,54;P
29/11/2006;0,46;P
30/11/2006;0,44;P
01/12/2006;0,54;P
02/12/2006;0,52;P
03/12/2006;0,44;P
04/12/2006;0,44;P
05/12/2006;0,47;P
06/12/2006;0,55;P
07/12/2006;0,56;P
08/12/2006;0,54;P
09/12/2006;1,39;P
10/12/2006;1,46;P
11/12/2006;1,19;P
12/12/2006;1,01;P
13/12/2006;0,81;P
14/12/2006;0,64;P
15/12/2006;0,68;P
16/12/2006;0,69;P
17/12/2006;0,70;P
18/12/2006;0,59;P
19/12/2006;0,62;P
20/12/2006;0,52;P
21/12/2006;0,59;P
22/12/2006;0,61;P
23/12/2006;0,55;P
24/12/2006;0,42;P
25/12/2006;0,42;P
26/12/2006;0,40;P
27/12/2006;0,53;P
28/12/2006;0,46;P
29/12/2006;0,59;P
30/12/2006;0,57;P
31/12/2006;0,44;P
01/01/2007;0,44;P
02/01/2007;0,46;P
03/01/2007;0,56;P
04/01/2007;0,90;P
05/01/2007;0,82;P
06/01/2007;0,60;P
07/01/2007;0,45;P
08/01/2007;0,48;P
09/01/2007;0,60;P
10/01/2007;0,63;P
11/01/2007;0,64;P
12/01/2007;0,85;P
13/01/2007;0,61;P
14/01/2007;0,48;P
15/01/2007;0,47;P
16/01/2007;0,61;P
17/01/2007;0,57;P
18/01/2007;0,59;P
19/01/2007;0,61;P
20/01/2007;0,59;P
21/01/2007;0,46;P
22/01/2007;0,48;P
23/01/2007;0,71;P
24/01/2007;0,78;P
25/01/2007;0,75;P
26/01/2007;0,83;P
27/01/2007;0,71;P
28/01/2007;0,52;P
29/01/2007;0,66;P
30/01/2007;0,69;P
31/01/2007;0,70;P
01/02/2007;0,68;P
02/02/2007;0,69;P
03/02/2007;0,52;P
04/02/2007;0,45;P
05/02/2007;0,63;P
06/02/2007;0,73;P
07/02/2007;0,74;P
08/02/2007;0,78;P
09/02/2007;1,54;P
10/02/2007;1,50;P
11/02/2007;1,17;P
12/02/2007;1,12;P
13/02/2007;1,91;P
14/02/2007;1,61;P
15/02/2007;1,31;P
16/02/2007;1,05;P
17/02/2007;0,87;P
18/02/2007;0,83;P
19/02/2007;0,80;P
20/02/2007;0,77;P
21/02/2007;0,78;P
22/02/2007;0,96;P
23/02/2007;0,70;P
24/02/2007;0,75;P
25/02/2007;0,56;P
26/02/2007;1,19;P
27/02/2007;0,90;P
28/02/2007;0,67;P
01/03/2007;1,00;P
02/03/2007;1,01;P
03/03/2007;0,70;P
04/03/2007;0,51;P
05/03/2007;0,68;P
06/03/2007;0,80;P
07/03/2007;0,77;P
08/03/2007;0,76;P
09/03/2007;0,72;P
10/03/2007;0,68;P
11/03/2007;0,64;P
12/03/2007;0,69;P
13/03/2007;0,76;P
14/03/2007;0,76;P
15/03/2007;0,75;P
16/03/2007;0,74;P
17/03/2007;0,56;P
18/03/2007;0,47;P
19/03/2007;0,50;P
20/03/2007;0,85;P
21/03/2007;1,08;P
22/03/2007;1,24;P
23/03/2007;1,00;P
24/03/2007;0,83;P
25/03/2007;0,76;P
26/03/2007;0,78;P
27/03/2007;0,88;P
28/03/2007;1,11;P
29/03/2007;1,10;P
30/03/2007;1,16;P
31/03/2007;0,90;P
01/04/2007;1,15;P
02/04/2007;0,88;P
03/04/2007;0,92;P
04/04/2007;0,96;P
05/04/2007;0,93;P
06/04/2007;0,90;P
07/04/2007;0,87;P
08/04/2007;0,56;P
09/04/2007;0,50;P
10/04/2007;0,67;P
11/04/2007;0,72;P
12/04/2007;0,74;P
13/04/2007;0,73;P
14/04/2007;0,53;P
15/04/2007;0,46;P
16/04/2007;0,66;P
17/04/2007;0,62;P
18/04/2007;0,58;P
19/04/2007;0,57;P
20/04/2007;0,65;P
21/04/2007;0,50;P
22/04/2007;0,43;P
23/04/2007;0,54;P
24/04/2007;0,55;P
25/04/2007;0,56;P
26/04/2007;0,55;P
27/04/2007;0,57;P
28/04/2007;0,43;P
29/04/2007;0,40;P
30/04/2007;0,65;P
01/05/2007;0,48;P
02/05/2007;0,56;P
03/05/2007;0,65;P
04/05/2007;0,72;P
05/05/2007;0,61;P
06/05/2007;0,81;P
07/05/2007;0,76;P
08/05/2007;0,71;P
09/05/2007;0,71;P
10/05/2007;0,71;P
11/05/2007;0,70;P
12/05/2007;0,51;P
13/05/2007;0,40;P
14/05/2007;0,40;P
15/05/2007;0,40;P
16/05/2007;0,38;P
17/05/2007;0,38;P
18/05/2007;0,38;P
19/05/2007;0,37;P
20/05/2007;0,38;P
21/05/2007;0,38;P
22/05/2007;0,38;P
23/05/2007;0,38;P
24/05/2007;0,55;P
25/05/2007;0,45;P
26/05/2007;0,38;P
27/05/2007;0,38;P
28/05/2007;0,51;P
29/05/2007;0,92;P
30/05/2007;0,82;P
31/05/2007;0,60;P
01/06/2007;0,62;P
02/06/2007;0,84;P
03/06/2007;0,47;P
04/06/2007;0,50;P
05/06/2007;0,54;P
06/06/2007;0,57;P
07/06/2007;0,70;P
08/06/2007;0,95;P
09/06/2007;0,59;P
10/06/2007;0,45;P
11/06/2007;0,55;P
12/06/2007;0,58;P
13/06/2007;0,44;P
14/06/2007;0,39;P
15/06/2007;0,39;P
16/06/2007;0,38;P
17/06/2007;0,38;P
18/06/2007;0,46;P
19/06/2007;0,40;P
20/06/2007;0,37;P
21/06/2007;0,36;P
22/06/2007;0,36;P
23/06/2007;0,35;P
24/06/2007;0,35;P
25/06/2007;0,36;P
26/06/2007;0,37;P
27/06/2007;0,37;P
28/06/2007;0,36;P
29/06/2007;0,36;P
30/06/2007;0,36;P
01/07/2007;0,36;P
02/07/2007;0,36;P
03/07/2007;0,36;P
04/07/2007;0,36;P
05/07/2007;0,35;P
06/07/2007;0,38;P
07/07/2007;0,49;P
08/07/2007;0,40;P
09/07/2007;0,39;P
10/07/2007;0,38;P
11/07/2007;0,36;P
12/07/2007;0,36;P
13/07/2007;0,36;P
14/07/2007;0,37;P
15/07/2007;0,37;P
16/07/2007;0,37;P
17/07/2007;0,37;P
18/07/2007;0,37;P
19/07/2007;0,37;P
20/07/2007;0,37;P
21/07/2007;0,38;P
22/07/2007;0,37;P
23/07/2007;0,38;P
24/07/2007;0,38;P
25/07/2007;0,37;P
26/07/2007;0,37;P
27/07/2007;0,37;P
28/07/2007;0,37;P
29/07/2007;0,37;P
30/07/2007;0,37;P
31/07/2007;0,36;P
01/08/2007;0,35;P
02/08/2007;0,34;P
03/08/2007;0,35;P
04/08/2007;0,35;P
05/08/2007;0,34;P
06/08/2007;0,33;P
07/08/2007;0,34;P
08/08/2007;0,39;P
09/08/2007;0,47;P
10/08/2007;0,36;P
11/08/2007;0,36;P
12/08/2007;0,36;P
13/08/2007;0,36;P
14/08/2007;0,35;P
15/08/2007;0,35;P
16/08/2007;0,34;P
17/08/2007;0,33;P
18/08/2007;0,33;P
19/08/2007;0,33;P
20/08/2007;0,38;P
21/08/2007;0,36;P
22/08/2007;0,39;P
23/08/2007;0,39;P
24/08/2007;0,40;P
25/08/2007;0,38;P
26/08/2007;0,38;P
27/08/2007;0,38;P
28/08/2007;0,37;P
29/08/2007;0,38;P
30/08/2007;0,39;P
31/08/2007;0,37;P
01/09/2007;0,36;P
02/09/2007;0,35;P
03/09/2007;0,34;P
04/09/2007;0,38;P
05/09/2007;0,35;P
06/09/2007;0,34;P
07/09/2007;0,34;P
08/09/2007;0,34;P
09/09/2007;0,34;P
10/09/2007;0,35;P
11/09/2007;0,35;P
12/09/2007;0,33;P
13/09/2007;0,32;P
14/09/2007;0,33;P
15/09/2007;0,33;P
16/09/2007;0,33;P
17/09/2007;0,37;P
18/09/2007;0,38;P
19/09/2007;0,36;P
20/09/2007;0,45;P
21/09/2007;0,37;P
22/09/2007;0,37;P
23/09/2007;0,37;P
24/09/2007;0,37;P
25/09/2007;0,37;P
26/09/2007;0,38;P
27/09/2007;0,41;P
28/09/2007;0,50;P
29/09/2007;0,46;P
30/09/2007;0,36;P
01/10/2007;0,61;P
02/10/2007;0,39;P
03/10/2007;0,35;P
04/10/2007;0,36;P
05/10/2007;0,34;P
06/10/2007;0,35;P
07/10/2007;0,35;P
08/10/2007;0,33;P
09/10/2007;0,34;P
10/10/2007;0,34;P
11/10/2007;0,35;P
12/10/2007;0,33;P
13/10/2007;0,32;P
14/10/2007;0,32;P
15/10/2007;0,31;P
16/10/2007;0,31;P
17/10/2007;0,32;P
18/10/2007;0,34;P
19/10/2007;0,33;P
20/10/2007;0,34;P
21/10/2007;0,34;P
22/10/2007;0,35;P
23/10/2007;0,35;P
24/10/2007;0,35;P
25/10/2007;0,36;P
26/10/2007;0,42;P
27/10/2007;0,38;P
28/10/2007;0,36;P
29/10/2007;0,34;P
30/10/2007;0,56;P
31/10/2007;0,67;P
01/11/2007;0,42;P
02/11/2007;0,53;P
03/11/2007;0,39;P
04/11/2007;0,36;P
05/11/2007;0,36;P
06/11/2007;0,37;P
07/11/2007;0,34;P
08/11/2007;0,35;P
09/11/2007;0,38;P
10/11/2007;0,37;P
11/11/2007;0,39;P
12/11/2007;0,38;P
13/11/2007;0,36;P
14/11/2007;0,50;P
15/11/2007;0,58;P
16/11/2007;0,42;P
17/11/2007;0,37;P
18/11/2007;0,37;P
19/11/2007;0,35;P
20/11/2007;0,35;P
21/11/2007;0,37;P
22/11/2007;0,38;P
23/11/2007;0,38;P
24/11/2007;0,37;P
25/11/2007;0,38;P
26/11/2007;0,36;P
27/11/2007;0,36;P
28/11/2007;0,35;P
29/11/2007;0,35;P
30/11/2007;0,36;P
01/12/2007;0,37;P
02/12/2007;0,37;P
03/12/2007;0,38;P
04/12/2007;0,36;P
05/12/2007;0,36;P
06/12/2007;0,36;P
07/12/2007;0,52;P
08/12/2007;0,52;P
09/12/2007;0,43;P
10/12/2007;0,66;P
11/12/2007;0,73;P
12/12/2007;0,60;P
13/12/2007;0,59;P
14/12/2007;0,54;P
15/12/2007;0,42;P
16/12/2007;0,39;P
17/12/2007;0,51;P
18/12/2007;0,40;P
19/12/2007;0,35;P
20/12/2007;0,34;P
21/12/2007;0,46;P
22/12/2007;0,39;P
23/12/2007;0,38;P
24/12/2007;0,38;P
25/12/2007;0,37;P
26/12/2007;0,35;P
27/12/2007;0,53;P
28/12/2007;0,45;P
29/12/2007;0,50;P
30/12/2007;0,36;P
31/12/2007;0,42;P
01/01/2008;0,45;P
02/01/2008;0,33;P
03/01/2008;0,34;P
04/01/2008;0,44;P
05/01/2008;0,39;P
06/01/2008;0,37;P
07/01/2008;0,49;P
08/01/2008;0,80;P
09/01/2008;0,51;P
10/01/2008;0,44;P
11/01/2008;0,69;P
12/01/2008;0,89;P
13/01/2008;1,69;P
14/01/2008;1,19;P
15/01/2008;0,86;P
16/01/2008;0,80;P
17/01/2008;1,67;P
18/01/2008;1,48;P
19/01/2008;1,31;P
20/01/2008;0,89;P
21/01/2008;0,74;P
22/01/2008;0,74;P
23/01/2008;0,50;P
24/01/2008;0,52;P
25/01/2008;0,80;P
26/01/2008;0,55;P
27/01/2008;0,52;P
28/01/2008;0,67;P
29/01/2008;0,55;P
30/01/2008;0,39;P
31/01/2008;0,42;P
01/02/2008;0,40;P
02/02/2008;0,41;P
03/02/2008;1,65;P
04/02/2008;1,70;P
05/02/2008;1,80;P
06/02/2008;1,43;P
07/02/2008;1,13;P
08/02/2008;0,92;P
09/02/2008;0,80;P
10/02/2008;0,53;P
11/02/2008;0,76;P
12/02/2008;0,55;P
13/02/2008;0,85;P
14/02/2008;0,65;P
15/02/2008;0,64;P
16/02/2008;0,43;P
17/02/2008;0,37;P
18/02/2008;0,38;P
19/02/2008;0,40;P
20/02/2008;0,46;P
21/02/2008;0,49;P
22/02/2008;0,61;P
23/02/2008;0,46;P
24/02/2008;0,38;P
25/02/2008;0,56;P
26/02/2008;0,42;P
27/02/2008;0,65;P
28/02/2008;0,52;P
29/02/2008;0,50;P
01/03/2008;0,60;P
02/03/2008;0,42;P
03/03/2008;0,60;P
04/03/2008;0,44;P
05/03/2008;0,61;P
06/03/2008;0,46;P
07/03/2008;0,62;P
08/03/2008;0,45;P
09/03/2008;0,41;P
10/03/2008;0,67;P
11/03/2008;0,62;P
12/03/2008;0,85;P
13/03/2008;0,66;P
14/03/2008;0,87;P
15/03/2008;0,76;P
16/03/2008;0,51;P
17/03/2008;0,63;P
18/03/2008;0,67;P
19/03/2008;0,69;P
20/03/2008;0,50;P
21/03/2008;0,69;P
22/03/2008;1,16;P
23/03/2008;1,51;P
24/03/2008;1,13;P
25/03/2008;1,31;P
26/03/2008;1,03;P
27/03/2008;1,04;P
28/03/2008;1,05;P
29/03/2008;1,03;P
30/03/2008;1,11;P
31/03/2008;1,10;P
01/04/2008;0,89;P
02/04/2008;0,86;P
03/04/2008;0,65;P
04/04/2008;0,75;P
05/04/2008;0,68;P
06/04/2008;0,61;P
07/04/2008;0,72;P
08/04/2008;0,75;P
09/04/2008;0,77;P
10/04/2008;0,76;P
11/04/2008;0,74;P
12/04/2008;0,78;P
13/04/2008;0,67;P
14/04/2008;0,98;P
15/04/2008;1,06;P
16/04/2008;0,95;P
17/04/2008;0,90;P
18/04/2008;0,91;P
19/04/2008;1,15;P
20/04/2008;0,94;P
21/04/2008;1,01;P
22/04/2008;0,96;P
23/04/2008;0,99;P
24/04/2008;1,03;P
25/04/2008;0,86;P
26/04/2008;0,85;P
27/04/2008;0,55;P
28/04/2008;0,76;P
29/04/2008;0,66;P
30/04/2008;0,79;P
01/05/2008;0,47;P
02/05/2008;0,59;P
03/05/2008;0,44;P
04/05/2008;0,30;P
05/05/2008;0,44;P
06/05/2008;0,42;P
07/05/2008;0,43;P
08/05/2008;0,41;P
09/05/2008;0,38;P
10/05/2008;0,33;P
11/05/2008;0,28;P
12/05/2008;0,40;P
13/05/2008;0,29;P
14/05/2008;0,26;P
15/05/2008;0,26;P
16/05/2008;0,26;P
17/05/2008;0,45;P
18/05/2008;0,30;P
19/05/2008;0,57;P
20/05/2008;0,42;P
21/05/2008;0,63;P
22/05/2008;0,73;P
23/05/2008;0,92;P
24/05/2008;0,66;P
25/05/2008;0,45;P
26/05/2008;0,44;P
27/05/2008;0,59;P
28/05/2008;0,48;P
29/05/2008;0,44;P
30/05/2008;0,47;P
31/05/2008;0,41;P
01/06/2008;0,54;P
02/06/2008;0,54;P
03/06/2008;0,43;P
04/06/2008;0,42;P
05/06/2008;0,40;P
06/06/2008;0,49;P
07/06/2008;0,34;P
08/06/2008;0,54;P
09/06/2008;0,59;P
10/06/2008;0,34;P
11/06/2008;0,57;P
12/06/2008;0,58;P
13/06/2008;0,82;P
14/06/2008;1,06;P
15/06/2008;0,90;P
16/06/2008;0,81;P
17/06/2008;0,69;P
18/06/2008;0,45;P
19/06/2008;0,48;P
20/06/2008;0,58;P
21/06/2008;0,57;P
22/06/2008;0,53;P
23/06/2008;0,59;P
24/06/2008;0,51;P
25/06/2008;0,50;P
26/06/2008;0,42;P
27/06/2008;0,27;P
28/06/2008;0,24;P
29/06/2008;0,24;P
30/06/2008;0,23;P
01/07/2008;0,22;P
02/07/2008;;@
03/07/2008;;@
04/07/2008;;@
05/07/2008;;@
06/07/2008;;@
07/07/2008;;@
08/07/2008;;@
09/07/2008;;@
10/07/2008;;@
11/07/2008;;@
12/07/2008;;@
13/07/2008;;@
14/07/2008;;@
15/07/2008;;@
16/07/2008;;@
17/07/2008;;@
18/07/2008;;@
19/07/2008;;@
20/07/2008;;@
21/07/2008;;@
22/07/2008;;@
23/07/2008;;@
24/07/2008;;@
25/07/2008;;@
26/07/2008;;@
27/07/2008;;@
28/07/2008;;@
29/07/2008;;@
30/07/2008;;@
31/07/2008;;@
01/08/2008;;@
02/08/2008;;@
03/08/2008;;@
04/08/2008;;@
05/08/2008;;@
06/08/2008;;@
07/08/2008;;@
08/08/2008;;@
09/08/2008;;@
10/08/2008;;@
11/08/2008;;@
12/08/2008;;@
13/08/2008;;@
14/08/2008;;@
15/08/2008;;@
16/08/2008;;@
17/08/2008;;@
18/08/2008;;@
19/08/2008;;@
20/08/2008;;@
21/08/2008;;@
22/08/2008;;@
23/08/2008;;@
24/08/2008;;@
25/08/2008;;@
26/08/2008;;@
27/08/2008;;@
28/08/2008;;@
29/08/2008;;@
30/08/2008;;@
31/08/2008;;@
01/09/2008;;@
02/09/2008;;@
03/09/2008;;@
04/09/2008;;@
05/09/2008;;@
06/09/2008;;@
07/09/2008;;@
08/09/2008;;@
09/09/2008;;@
10/09/2008;;@
11/09/2008;;@
12/09/2008;;@
13/09/2008;;@
14/09/2008;;@
15/09/2008;;@
16/09/2008;;@
17/09/2008;;@
18/09/2008;;@
19/09/2008;;@
20/09/2008;;@
21/09/2008;;@
22/09/2008;;@
23/09/2008;;@
24/09/2008;;@
25/09/2008;;@
26/09/2008;;@
27/09/2008;;@
28/09/2008;;@
29/09/2008;;@
30/09/2008;;@
01/10/2008;;@
02/10/2008;;@
03/10/2008;;@
04/10/2008;;@
05/10/2008;;@
06/10/2008;;@
07/10/2008;;@
08/10/2008;;@
09/10/2008;;@
10/10/2008;;@
11/10/2008;;@
12/10/2008;;@
13/10/2008;;@
14/10/2008;;@
15/10/2008;;@
16/10/2008;;@
17/10/2008;;@
18/10/2008;;@
19/10/2008;;@
20/10/2008;;@
21/10/2008;;@
22/10/2008;;@
23/10/2008;;@
24/10/2008;;@
25/10/2008;;@
26/10/2008;;@
27/10/2008;;@
28/10/2008;;@
29/10/2008;;@
30/10/2008;;@
31/10/2008;;@
01/11/2008;;@
02/11/2008;;@
03/11/2008;;@
04/11/2008;;@
05/11/2008;;@
06/11/2008;;@
07/11/2008;;@
08/11/2008;;@
09/11/2008;;@
10/11/2008;;@
11/11/2008;;@
12/11/2008;;@
13/11/2008;;@
14/11/2008;;@
15/11/2008;;@
16/11/2008;;@
17/11/2008;;@
18/11/2008;;@
19/11/2008;;@
20/11/2008;;@
21/11/2008;;@
22/11/2008;;@
23/11/2008;;@
24/11/2008;;@
25/11/2008;;@
26/11/2008;;@
27/11/2008;;@
28/11/2008;;@
29/11/2008;;@
30/11/2008;;@
01/12/2008;;@
02/12/2008;;@
03/12/2008;;@
04/12/2008;;@
05/12/2008;;@
06/12/2008;;@
07/12/2008;;@
08/12/2008;;@
09/12/2008;;@
10/12/2008;;@
11/12/2008;;@
12/12/2008;;@
13/12/2008;;@
14/12/2008;;@
15/12/2008;;@
16/12/2008;;@
17/12/2008;;@
18/12/2008;;@
19/12/2008;;@
20/12/2008;;@
21/12/2008;;@
22/12/2008;;@
23/12/2008;;@
24/12/2008;;@
25/12/2008;;@
26/12/2008;;@
27/12/2008;;@
28/12/2008;;@
29/12/2008;;@
30/12/2008;;@
31/12/2008;;@
01/01/2009;0,68;V
02/01/2009;0,94;V
03/01/2009;0,98;V
04/01/2009;0,86;V
05/01/2009;0,69;V
06/01/2009;0,72;V
07/01/2009;0,76;V
08/01/2009;0,86;V
09/01/2009;0,81;V
10/01/2009;0,88;V
11/01/2009;0,86;V
12/01/2009;0,71;V
13/01/2009;0,57;V
14/01/2009;0,75;V
15/01/2009;0,79;V
16/01/2009;0,75;V
17/01/2009;0,66;V
18/01/2009;0,56;V
19/01/2009;0,66;V
20/01/2009;0,89;V
21/01/2009;1,15;V
22/01/2009;1,37;V
23/01/2009;1,03;V
24/01/2009;1,34;V
25/01/2009;1,66;V
26/01/2009;1,64;V
27/01/2009;1,60;V
28/01/2009;1,41;V
29/01/2009;1,14;V
30/01/2009;0,90;V
31/01/2009;0,74;V
01/02/2009;0,91;V
02/02/2009;0,98;V
03/02/2009;2,12;V
04/02/2009;2,25;V
05/02/2009;1,64;V
06/02/2009;1,74;V
07/02/2009;2,26;V
08/02/2009;2,33;V
09/02/2009;1,73;V
10/02/2009;1,61;V
11/02/2009;1,49;V
12/02/2009;1,18;V
13/02/2009;1,16;V
14/02/2009;0,89;V
15/02/2009;0,82;V
16/02/2009;1,08;V
17/02/2009;0,88;V
18/02/2009;0,89;V
19/02/2009;0,78;V
20/02/2009;0,78;V
21/02/2009;0,76;V
22/02/2009;0,73;V
23/02/2009;0,66;V
24/02/2009;0,49;V
25/02/2009;0,70;V
26/02/2009;0,66;V
27/02/2009;0,69;V
28/02/2009;0,69;V
01/03/2009;0,56;V
02/03/2009;0,73;V
03/03/2009;0,84;V
04/03/2009;1,25;V
05/03/2009;3,09;V
06/03/2009;2,46;V
07/03/2009;1,57;V
08/03/2009;1,43;V
09/03/2009;1,37;V
10/03/2009;0,91;V
11/03/2009;0,84;V
12/03/2009;0,85;V
13/03/2009;0,96;V
14/03/2009;0,81;V
15/03/2009;0,66;V
16/03/2009;0,83;V
17/03/2009;0,74;V
18/03/2009;0,73;V
19/03/2009;0,78;V
20/03/2009;0,75;V
21/03/2009;0,74;V
22/03/2009;0,54;V
23/03/2009;0,83;V
24/03/2009;0,75;V
25/03/2009;0,67;V
26/03/2009;0,70;V
27/03/2009;0,72;V
28/03/2009;0,81;V
29/03/2009;0,77;V
30/03/2009;1,28;V
31/03/2009;1,47;V
01/04/2009;1,37;V
02/04/2009;1,22;V
03/04/2009;1,30;V
04/04/2009;1,28;V
05/04/2009;1,22;V
06/04/2009;1,05;V
07/04/2009;0,54;V
08/04/2009;0,79;V
09/04/2009;0,98;V
10/04/2009;1,00;V
11/04/2009;0,99;V
12/04/2009;0,78;V
13/04/2009;0,76;V
14/04/2009;0,76;V
15/04/2009;0,72;V
16/04/2009;0,71;V
17/04/2009;0,56;V
18/04/2009;0,48;V
19/04/2009;0,54;V
20/04/2009;1,09;V
21/04/2009;0,87;V
22/04/2009;0,83;V
23/04/2009;0,99;V
24/04/2009;0,85;V
25/04/2009;0,63;V
26/04/2009;0,71;V
27/04/2009;0,88;V
28/04/2009;0,46;V
29/04/2009;0,61;V
30/04/2009;0,78;V
01/05/2009;0,68;V
02/05/2009;1,05;V
03/05/2009;0,82;V
04/05/2009;0,86;V
05/05/2009;0,76;V
06/05/2009;0,65;V
07/05/2009;0,60;V
08/05/2009;0,59;V
09/05/2009;0,59;V
10/05/2009;0,44;V
11/05/2009;0,54;V
12/05/2009;0,61;V
13/05/2009;0,45;V
14/05/2009;0,38;V
15/05/2009;0,61;V
16/05/2009;0,72;V
17/05/2009;0,58;V
18/05/2009;0,65;V
19/05/2009;0,37;V
20/05/2009;0,35;V
21/05/2009;0,35;V
22/05/2009;0,35;V
23/05/2009;0,35;V
24/05/2009;0,34;V
25/05/2009;0,33;V
26/05/2009;0,33;V
27/05/2009;0,32;V
28/05/2009;0,32;V
29/05/2009;0,31;V
30/05/2009;0,30;V
31/05/2009;0,36;V
01/06/2009;0,52;V
02/06/2009;0,53;V
03/06/2009;0,69;V
04/06/2009;0,52;V
05/06/2009;0,43;V
06/06/2009;0,38;V
07/06/2009;0,51;V
08/06/2009;0,48;V
09/06/2009;0,45;V
10/06/2009;0,50;V
11/06/2009;0,42;V
12/06/2009;0,39;V
13/06/2009;0,38;V
14/06/2009;0,33;V
15/06/2009;0,33;V
16/06/2009;0,33;V
17/06/2009;0,33;V
18/06/2009;0,32;V
19/06/2009;0,55;V
20/06/2009;0,44;V
21/06/2009;0,33;V
22/06/2009;0,32;V
23/06/2009;0,36;V
24/06/2009;0,31;V
25/06/2009;0,32;V
26/06/2009;0,34;V
27/06/2009;0,40;V
28/06/2009;0,39;V
29/06/2009;0,36;V
30/06/2009;0,37;V
01/07/2009;0,42;V
02/07/2009;0,46;V
03/07/2009;0,49;V
04/07/2009;0,37;V
05/07/2009;0,41;V
06/07/2009;0,69;V
07/07/2009;0,49;V
08/07/2009;0,37;V
09/07/2009;0,33;V
10/07/2009;0,33;V
11/07/2009;0,32;V
12/07/2009;0,32;V
13/07/2009;0,31;V
14/07/2009;0,30;V
15/07/2009;0,28;V
16/07/2009;0,28;V
17/07/2009;0,28;V
18/07/2009;0,29;V
19/07/2009;0,30;V
20/07/2009;0,30;V
21/07/2009;0,30;V
22/07/2009;0,30;V
23/07/2009;0,29;V
24/07/2009;0,28;V
25/07/2009;0,28;V
26/07/2009;0,27;V
27/07/2009;0,27;V
28/07/2009;0,28;V
29/07/2009;0,29;V
30/07/2009;0,28;V
31/07/2009;0,29;V
01/08/2009;0,29;V
02/08/2009;0,29;V
03/08/2009;0,31;V
04/08/2009;0,31;V
05/08/2009;0,30;V
06/08/2009;0,29;V
07/08/2009;0,29;V
08/08/2009;0,29;V
09/08/2009;0,30;V
10/08/2009;0,31;V
11/08/2009;0,33;V
12/08/2009;0,31;V
13/08/2009;0,30;V
14/08/2009;0,30;V
15/08/2009;0,30;V
16/08/2009;0,30;V
17/08/2009;0,30;V
18/08/2009;0,36;V
19/08/2009;0,62;V
20/08/2009;0,35;V
21/08/2009;0,29;V
22/08/2009;0,28;V
23/08/2009;0,28;V
24/08/2009;0,27;V
25/08/2009;0,28;V
26/08/2009;0,28;V
27/08/2009;0,27;V
28/08/2009;0,28;V
29/08/2009;0,29;V
30/08/2009;0,28;V
31/08/2009;0,27;V
01/09/2009;0,31;V
02/09/2009;0,30;V
03/09/2009;0,31;V
04/09/2009;0,31;V
05/09/2009;0,29;V
06/09/2009;0,28;V
07/09/2009;0,27;V
08/09/2009;0,28;V
09/09/2009;0,28;V
10/09/2009;0,29;V
11/09/2009;0,29;V
12/09/2009;0,29;V
13/09/2009;0,29;V
14/09/2009;0,30;V
15/09/2009;0,34;V
16/09/2009;0,33;V
17/09/2009;0,35;V
18/09/2009;0,31;V
19/09/2009;0,29;V
20/09/2009;0,36;V
21/09/2009;0,38;V
22/09/2009;0,33;V
23/09/2009;0,31;V
24/09/2009;0,30;V
25/09/2009;0,29;V
26/09/2009;0,29;V
27/09/2009;0,29;V
28/09/2009;0,28;V
29/09/2009;0,28;V
30/09/2009;0,29;V
01/10/2009;0,30;V
02/10/2009;0,29;V
03/10/2009;0,28;V
04/10/2009;0,29;V
05/10/2009;0,30;V
06/10/2009;0,30;V
07/10/2009;0,32;V
08/10/2009;0,31;V
09/10/2009;0,33;V
10/10/2009;0,37;V
11/10/2009;0,32;V
12/10/2009;0,37;V
13/10/2009;0,35;V
14/10/2009;0,29;V
15/10/2009;0,29;V
16/10/2009;0,30;V
17/10/2009;0,30;V
18/10/2009;0,29;V
19/10/2009;0,28;V
20/10/2009;0,27;V
21/10/2009;0,30;V
22/10/2009;0,47;V
23/10/2009;0,61;V
24/10/2009;0,46;V
25/10/2009;0,35;V
26/10/2009;0,31;V
27/10/2009;0,30;V
28/10/2009;0,30;V
29/10/2009;0,30;V
30/10/2009;0,29;V
31/10/2009;0,30;V
01/11/2009;0,30;V
02/11/2009;0,34;V
03/11/2009;0,36;V
04/11/2009;0,36;V
05/11/2009;0,39;V
06/11/2009;0,60;V
07/11/2009;0,69;V
08/11/2009;0,65;V
09/11/2009;0,81;V
10/11/2009;0,84;V
11/11/2009;0,75;V
12/11/2009;0,56;V
13/11/2009;0,51;V
14/11/2009;0,39;V
15/11/2009;0,36;V
16/11/2009;0,52;V
17/11/2009;0,35;V
18/11/2009;0,34;V
19/11/2009;0,33;V
20/11/2009;0,33;V
21/11/2009;0,33;V
22/11/2009;0,34;V
23/11/2009;0,35;V
24/11/2009;0,35;V
25/11/2009;0,34;V
26/11/2009;0,35;V
27/11/2009;0,34;V
28/11/2009;0,36;V
29/11/2009;0,36;V
30/11/2009;0,41;V
01/12/2009;0,64;V
02/12/2009;1,13;V
03/12/2009;0,96;V
04/12/2009;0,64;V
05/12/2009;0,73;V
06/12/2009;1,04;V
07/12/2009;1,15;V
08/12/2009;0,67;V
09/12/2009;0,42;V
10/12/2009;0,37;V
11/12/2009;0,35;V
12/12/2009;0,35;V
13/12/2009;0,36;V
14/12/2009;0,37;V
15/12/2009;0,37;V
16/12/2009;0,34;V
17/12/2009;0,49;V
18/12/2009;0,38;V
19/12/2009;0,37;V
20/12/2009;0,33;V
21/12/2009;0,71;V
22/12/2009;1,13;V
23/12/2009;3,09;V
24/12/2009;1,93;V
25/12/2009;2,97;V
26/12/2009;2,05;V
27/12/2009;1,46;V
28/12/2009;1,16;V
29/12/2009;0,94;V
30/12/2009;1,13;V
31/12/2009;1,58;V
01/01/2010;4,18;V
02/01/2010;2,92;V
03/01/2010;1,84;V
04/01/2010;1,56;V
05/01/2010;2,53;V
06/01/2010;4,41;V
07/01/2010;3,41;V
08/01/2010;2,68;V
09/01/2010;3,15;V
10/01/2010;2,63;V
11/01/2010;1,86;V
12/01/2010;1,57;V
13/01/2010;1,38;V
14/01/2010;1,17;V
15/01/2010;1,12;V
16/01/2010;0,98;V
17/01/2010;0,90;V
18/01/2010;0,91;V
19/01/2010;0,85;V
20/01/2010;0,92;V
21/01/2010;0,90;V
22/01/2010;0,76;V
23/01/2010;0,81;V
24/01/2010;0,70;V
25/01/2010;0,79;V
26/01/2010;0,78;V
27/01/2010;0,69;V
28/01/2010;0,59;V
29/01/2010;0,66;V
30/01/2010;0,92;V
31/01/2010;0,86;V
01/02/2010;0,80;V
02/02/2010;0,92;V
03/02/2010;0,85;V
04/02/2010;0,70;V
05/02/2010;0,77;V
06/02/2010;1,87;V
07/02/2010;1,64;V
08/02/2010;1,55;V
09/02/2010;1,26;V
10/02/2010;1,03;V
11/02/2010;1,07;V
12/02/2010;1,16;V
13/02/2010;1,06;V
14/02/2010;1,36;V
15/02/2010;1,45;V
16/02/2010;0,99;V
17/02/2010;0,94;V
18/02/2010;1,42;V
19/02/2010;2,21;V
20/02/2010;2,81;V
21/02/2010;1,91;V
22/02/2010;1,50;V
23/02/2010;2,00;V
24/02/2010;1,96;V
25/02/2010;1,80;V
26/02/2010;1,66;V
27/02/2010;1,45;V
28/02/2010;1,37;V
01/03/2010;1,37;V
02/03/2010;1,32;V
03/03/2010;1,14;V
04/03/2010;1,39;V
05/03/2010;1,36;V
06/03/2010;1,34;V
07/03/2010;1,06;V
08/03/2010;1,02;V
09/03/2010;0,98;V
10/03/2010;1,02;V
11/03/2010;1,28;V
12/03/2010;1,36;V
13/03/2010;1,34;V
14/03/2010;1,20;V
15/03/2010;1,13;V
16/03/2010;1,08;V
17/03/2010;1,08;V
18/03/2010;1,05;V
19/03/2010;1,02;V
20/03/2010;1,03;V
21/03/2010;1,07;V
22/03/2010;1,07;V
23/03/2010;0,58;V
24/03/2010;0,86;V
25/03/2010;0,96;V
26/03/2010;0,97;V
27/03/2010;0,97;V
28/03/2010;0,81;V
29/03/2010;0,77;V
30/03/2010;0,79;V
31/03/2010;0,79;V
01/04/2010;0,81;V
02/04/2010;0,89;V
03/04/2010;0,72;V
04/04/2010;0,95;V
05/04/2010;2,18;V
06/04/2010;1,79;V
07/04/2010;1,41;V
08/04/2010;1,19;V
09/04/2010;0,76;V
10/04/2010;1,05;V
11/04/2010;0,84;V
12/04/2010;1,29;V
13/04/2010;0,99;V
14/04/2010;0,79;V
15/04/2010;0,58;V
16/04/2010;0,72;V
17/04/2010;0,60;V
18/04/2010;0,77;V
19/04/2010;0,69;V
20/04/2010;0,88;V
21/04/2010;1,10;V
22/04/2010;0,91;V
23/04/2010;0,77;V
24/04/2010;1,12;V
25/04/2010;0,93;V
26/04/2010;1,01;V
27/04/2010;0,73;V
28/04/2010;0,80;V
29/04/2010;0,73;V
30/04/2010;0,79;V
01/05/2010;0,68;V
02/05/2010;0,71;V
03/05/2010;1,27;V
04/05/2010;1,46;V
05/05/2010;1,37;V
06/05/2010;1,29;V
07/05/2010;1,74;V
08/05/2010;1,60;V
09/05/2010;1,20;V
10/05/2010;1,31;V
11/05/2010;1,01;V
12/05/2010;1,02;V
13/05/2010;1,04;V
14/05/2010;1,45;V
15/05/2010;1,47;V
16/05/2010;1,95;V
17/05/2010;1,72;V
18/05/2010;1,57;V
19/05/2010;1,43;V
20/05/2010;1,32;V
21/05/2010;1,09;V
22/05/2010;0,90;V
23/05/2010;0,71;V
24/05/2010;0,78;V
25/05/2010;0,69;V
26/05/2010;0,76;V
27/05/2010;0,78;V
28/05/2010;0,82;V
29/05/2010;0,77;V
30/05/2010;0,57;V
31/05/2010;0,61;V
01/06/2010;0,62;V
02/06/2010;0,60;V
03/06/2010;0,77;V
04/06/2010;0,63;V
05/06/2010;0,64;V
06/06/2010;0,60;V
07/06/2010;0,58;V
08/06/2010;0,56;V
09/06/2010;0,51;V
10/06/2010;0,58;V
11/06/2010;0,58;V
12/06/2010;0,45;V
13/06/2010;0,53;V
14/06/2010;0,52;V
15/06/2010;0,48;V
16/06/2010;0,64;V
17/06/2010;0,60;V
18/06/2010;0,55;V
19/06/2010;0,66;V
20/06/2010;0,89;V
21/06/2010;1,00;V
22/06/2010;0,63;V
23/06/2010;0,66;V
24/06/2010;0,53;V
25/06/2010;0,46;V
26/06/2010;0,50;V
27/06/2010;0,40;V
28/06/2010;0,55;V
29/06/2010;0,56;V
30/06/2010;0,42;V
01/07/2010;0,51;V
02/07/2010;0,39;V
03/07/2010;0,48;V
04/07/2010;0,36;V
05/07/2010;0,35;V
06/07/2010;0,37;V
07/07/2010;0,52;V
08/07/2010;0,48;V
09/07/2010;0,48;V
10/07/2010;0,39;V
11/07/2010;0,36;V
12/07/2010;0,35;V
13/07/2010;0,34;V
14/07/2010;0,34;V
15/07/2010;0,34;V
16/07/2010;0,33;V
17/07/2010;0,33;V
18/07/2010;0,33;V
19/07/2010;0,33;V
20/07/2010;0,33;V
21/07/2010;0,34;V
22/07/2010;0,34;V
23/07/2010;0,34;V
24/07/2010;0,32;V
25/07/2010;0,31;V
26/07/2010;0,31;V
27/07/2010;0,32;V
28/07/2010;0,32;V
29/07/2010;0,41;V
30/07/2010;0,51;V
31/07/2010;0,37;V
01/08/2010;0,33;V
02/08/2010;0,32;V
03/08/2010;0,32;V
04/08/2010;0,33;V
05/08/2010;0,36;V
06/08/2010;0,38;V
07/08/2010;0,34;V
08/08/2010;0,32;V
09/08/2010;0,32;V
10/08/2010;0,32;V
11/08/2010;0,36;V
12/08/2010;0,35;V
13/08/2010;0,37;V
14/08/2010;0,42;V
15/08/2010;0,56;V
16/08/2010;0,38;V
17/08/2010;0,34;V
18/08/2010;0,35;V
19/08/2010;0,36;V
20/08/2010;0,36;V
21/08/2010;0,36;V
22/08/2010;0,36;V
23/08/2010;0,33;V
24/08/2010;0,32;V
25/08/2010;0,33;V
26/08/2010;0,32;V
27/08/2010;0,33;V
28/08/2010;0,33;V
29/08/2010;0,31;V
30/08/2010;0,31;V
31/08/2010;0,32;V
01/09/2010;0,33;V
02/09/2010;0,33;V
03/09/2010;0,32;V
04/09/2010;0,31;V
05/09/2010;0,31;V
06/09/2010;0,31;V
07/09/2010;0,38;V
08/09/2010;0,50;V
09/09/2010;0,37;V
10/09/2010;0,31;V
11/09/2010;0,33;V
12/09/2010;0,31;V
13/09/2010;0,34;V
14/09/2010;0,40;V
15/09/2010;0,33;V
16/09/2010;0,34;V
17/09/2010;0,37;V
18/09/2010;0,36;V
19/09/2010;1,24;V
20/09/2010;0,67;V
21/09/2010;0,47;V
22/09/2010;0,36;V
23/09/2010;0,51;V
24/09/2010;0,69;V
25/09/2010;0,45;V
26/09/2010;0,53;V
27/09/2010;0,39;V
28/09/2010;0,44;V
29/09/2010;0,38;V
30/09/2010;0,37;V
01/10/2010;0,49;V
02/10/2010;0,36;V
03/10/2010;0,37;V
04/10/2010;0,45;V
05/10/2010;0,58;V
06/10/2010;0,44;V
07/10/2010;0,56;V
08/10/2010;0,38;V
09/10/2010;0,35;V
10/10/2010;0,34;V
11/10/2010;0,36;V
12/10/2010;0,35;V
13/10/2010;0,36;V
14/10/2010;0,37;V
15/10/2010;0,35;V
16/10/2010;0,46;V
17/10/2010;0,55;V
18/10/2010;0,54;V
19/10/2010;0,37;V
20/10/2010;0,36;V
21/10/2010;0,35;V
22/10/2010;0,35;V
23/10/2010;0,44;V
24/10/2010;0,40;V
25/10/2010;0,50;V
26/10/2010;0,43;V
27/10/2010;0,37;V
28/10/2010;0,34;V
29/10/2010;0,36;V
30/10/2010;0,57;V
31/10/2010;0,51;V
01/11/2010;1,03;V
02/11/2010;1,44;V
03/11/2010;1,15;V
04/11/2010;0,89;V
05/11/2010;0,84;V
06/11/2010;0,91;V
07/11/2010;0,74;V
08/11/2010;1,21;V
09/11/2010;1,97;V
10/11/2010;2,36;V
11/11/2010;1,61;V
12/11/2010;1,52;V
13/11/2010;1,06;V
14/11/2010;0,83;V
15/11/2010;0,83;V
16/11/2010;1,04;V
17/11/2010;1,08;V
18/11/2010;1,21;V
19/11/2010;1,47;V
20/11/2010;1,31;V
21/11/2010;1,60;V
22/11/2010;3,23;V
23/11/2010;2,24;V
24/11/2010;1,48;V
25/11/2010;1,40;V
26/11/2010;1,32;V
27/11/2010;1,22;V
28/11/2010;1,53;V
29/11/2010;2,43;V
30/11/2010;1,68;V
01/12/2010;2,26;V
02/12/2010;2,72;V
03/12/2010;2,43;V
04/12/2010;2,06;V
05/12/2010;1,58;V
06/12/2010;1,54;V
07/12/2010;1,47;V
08/12/2010;1,53;V
09/12/2010;1,52;V
10/12/2010;1,42;V
11/12/2010;1,09;V
12/12/2010;0,90;V
13/12/2010;0,95;V
14/12/2010;0,91;V
15/12/2010;0,90;V
16/12/2010;0,77;V
17/12/2010;0,81;V
18/12/2010;0,79;V
19/12/2010;0,87;V
20/12/2010;1,06;V
21/12/2010;1,25;V
22/12/2010;2,51;V
23/12/2010;2,58;V
24/12/2010;3,31;V
25/12/2010;3,04;V
26/12/2010;1,98;V
27/12/2010;1,48;V
28/12/2010;1,45;V
29/12/2010;1,31;V
30/12/2010;1,17;V
31/12/2010;1,34;V
01/01/2011;0,88;V
02/01/2011;0,87;V
03/01/2011;0,94;V
04/01/2011;0,94;V
05/01/2011;0,80;V
06/01/2011;0,86;V
07/01/2011;0,98;V
08/01/2011;0,76;V
09/01/2011;0,76;V
10/01/2011;0,76;V
11/01/2011;0,82;V
12/01/2011;0,79;V
13/01/2011;0,88;V
14/01/2011;0,72;V
15/01/2011;0,70;V
16/01/2011;0,70;V
17/01/2011;0,74;V
18/01/2011;0,71;V
19/01/2011;0,77;V
20/01/2011;0,79;V
21/01/2011;0,81;V
22/01/2011;0,70;V
23/01/2011;0,71;V
24/01/2011;0,81;V
25/01/2011;0,51;V
26/01/2011;0,66;V
27/01/2011;0,69;V
28/01/2011;0,62;V
29/01/2011;0,55;V
30/01/2011;0,85;V
31/01/2011;1,02;V
01/02/2011;1,06;V
02/02/2011;0,85;V
03/02/2011;0,72;V
04/02/2011;0,70;V
05/02/2011;0,73;V
06/02/2011;0,75;V
07/02/2011;0,66;V
08/02/2011;0,73;V
09/02/2011;0,77;V
10/02/2011;0,70;V
11/02/2011;0,72;V
12/02/2011;0,66;V
13/02/2011;0,64;V
14/02/2011;0,70;V
15/02/2011;0,88;V
16/02/2011;1,02;V
17/02/2011;1,40;V
18/02/2011;1,51;V
19/02/2011;1,34;V
20/02/2011;1,13;V
21/02/2011;1,11;V
22/02/2011;1,15;V
23/02/2011;1,11;V
24/02/2011;0,94;V
25/02/2011;1,00;V
26/02/2011;0,69;V
27/02/2011;0,70;V
28/02/2011;1,07;V
01/03/2011;0,74;V
02/03/2011;0,94;V
03/03/2011;0,67;V
04/03/2011;0,65;V
05/03/2011;0,72;V
06/03/2011;0,76;V
07/03/2011;0,74;V
08/03/2011;0,75;V
09/03/2011;0,74;V
10/03/2011;0,73;V
11/03/2011;0,74;V
12/03/2011;0,80;V
13/03/2011;0,98;V
14/03/2011;1,36;V
15/03/2011;1,75;V
16/03/2011;2,47;V
17/03/2011;2,87;V
18/03/2011;1,91;V
19/03/2011;1,57;V
20/03/2011;1,45;V
21/03/2011;1,34;V
22/03/2011;1,27;V
23/03/2011;0,97;V
24/03/2011;0,94;V
25/03/2011;0,93;V
26/03/2011;0,92;V
27/03/2011;1,02;V
28/03/2011;1,11;V
29/03/2011;1,09;V
30/03/2011;1,14;V
31/03/2011;1,04;V
01/04/2011;0,82;V
02/04/2011;0,92;V
03/04/2011;0,81;V
04/04/2011;0,85;V
05/04/2011;0,78;V
06/04/2011;0,72;V
07/04/2011;0,77;V
08/04/2011;0,82;V
09/04/2011;0,71;V
10/04/2011;0,69;V
11/04/2011;0,76;V
12/04/2011;0,56;V
13/04/2011;0,74;V
14/04/2011;0,65;V
15/04/2011;0,75;V
16/04/2011;0,63;V
17/04/2011;0,54;V
18/04/2011;0,64;V
19/04/2011;0,55;V
20/04/2011;0,59;V
21/04/2011;0,57;V
22/04/2011;0,70;V
23/04/2011;0,52;V
24/04/2011;0,51;V
25/04/2011;0,65;V
26/04/2011;0,67;V
27/04/2011;0,48;V
28/04/2011;0,47;V
29/04/2011;0,47;V
30/04/2011;0,48;V
01/05/2011;0,49;V
02/05/2011;0,67;V
03/05/2011;0,65;V
04/05/2011;0,49;V
05/05/2011;0,46;V
06/05/2011;0,44;V
07/05/2011;0,44;V
08/05/2011;0,44;V
09/05/2011;0,43;V
10/05/2011;0,43;V
11/05/2011;0,43;V
12/05/2011;0,43;V
13/05/2011;0,43;V
14/05/2011;0,48;V
15/05/2011;0,56;V
16/05/2011;0,60;V
17/05/2011;0,44;V
18/05/2011;0,43;V
19/05/2011;0,43;V
20/05/2011;0,43;V
21/05/2011;0,43;V
22/05/2011;0,43;V
23/05/2011;0,43;V
24/05/2011;0,42;V
25/05/2011;0,47;V
26/05/2011;0,43;V
27/05/2011;0,42;V
28/05/2011;0,40;V
29/05/2011;0,40;V
30/05/2011;0,40;V
31/05/2011;0,40;V
01/06/2011;0,41;V
02/06/2011;0,41;V
03/06/2011;0,41;V
04/06/2011;0,42;V
05/06/2011;0,69;V
06/06/2011;0,55;V
07/06/2011;0,56;V
08/06/2011;0,65;V
09/06/2011;0,64;V
10/06/2011;0,65;V
11/06/2011;0,50;V
12/06/2011;0,46;V
13/06/2011;0,52;V
14/06/2011;0,54;V
15/06/2011;0,46;V
16/06/2011;0,45;V
17/06/2011;0,44;V
18/06/2011;0,44;V
19/06/2011;0,42;V
20/06/2011;0,41;V
21/06/2011;0,41;V
22/06/2011;0,42;V
23/06/2011;0,43;V
24/06/2011;0,45;V
25/06/2011;0,41;V
26/06/2011;0,41;V
27/06/2011;0,40;V
28/06/2011;0,41;V
29/06/2011;0,41;V
30/06/2011;0,43;V
01/07/2011;0,54;V
02/07/2011;0,53;V
03/07/2011;0,42;V
04/07/2011;0,41;V
05/07/2011;0,41;V
06/07/2011;0,41;V
07/07/2011;0,42;V
08/07/2011;0,42;V
09/07/2011;0,42;V
10/07/2011;0,41;V
11/07/2011;0,41;V
12/07/2011;0,41;V
13/07/2011;0,40;V
14/07/2011;0,40;V
15/07/2011;0,39;V
16/07/2011;0,39;V
17/07/2011;0,40;V
18/07/2011;0,39;V
19/07/2011;0,39;V
20/07/2011;0,44;V
21/07/2011;0,42;V
22/07/2011;0,41;V
23/07/2011;0,41;V
24/07/2011;0,47;V
25/07/2011;0,44;V
26/07/2011;0,43;V
27/07/2011;0,44;V
28/07/2011;0,46;V
29/07/2011;0,44;V
30/07/2011;0,43;V
31/07/2011;0,42;V
01/08/2011;0,42;V
02/08/2011;0,41;V
03/08/2011;0,41;V
04/08/2011;0,41;V
05/08/2011;0,41;V
06/08/2011;0,41;V
07/08/2011;0,41;V
08/08/2011;0,42;V
09/08/2011;0,40;V
10/08/2011;0,38;V
11/08/2011;0,38;V
12/08/2011;0,38;V
13/08/2011;0,39;V
14/08/2011;0,39;V
15/08/2011;0,39;V
16/08/2011;0,39;V
17/08/2011;0,39;V
18/08/2011;0,39;V
19/08/2011;0,38;V
20/08/2011;0,38;V
21/08/2011;0,39;V
22/08/2011;0,38;V
23/08/2011;0,38;V
24/08/2011;0,36;V
25/08/2011;0,35;V
26/08/2011;0,35;V
27/08/2011;0,35;V
28/08/2011;0,35;V
29/08/2011;0,35;V
30/08/2011;0,34;V
31/08/2011;0,34;V
01/09/2011;0,34;V
02/09/2011;0,35;V
03/09/2011;0,35;V
04/09/2011;0,36;V
05/09/2011;0,36;V
06/09/2011;0,35;V
07/09/2011;0,35;V
08/09/2011;0,35;V
09/09/2011;0,35;V
10/09/2011;0,35;V
11/09/2011;0,36;V
12/09/2011;0,36;V
13/09/2011;0,35;V
14/09/2011;0,34;V
15/09/2011;0,33;V
16/09/2011;0,33;V
17/09/2011;0,33;V
18/09/2011;0,35;V
19/09/2011;0,46;V
20/09/2011;0,38;V
21/09/2011;0,36;V
22/09/2011;0,36;V
23/09/2011;0,36;V
24/09/2011;0,35;V
25/09/2011;0,36;V
26/09/2011;0,36;V
27/09/2011;0,36;V
28/09/2011;0,36;V
29/09/2011;0,36;V
30/09/2011;0,36;V
01/10/2011;0,35;V
02/10/2011;0,35;V
03/10/2011;0,35;V
04/10/2011;0,34;V
05/10/2011;0,35;V
06/10/2011;0,35;V
07/10/2011;0,36;V
08/10/2011;0,34;V
09/10/2011;0,34;V
10/10/2011;0,34;V
11/10/2011;0,35;V
12/10/2011;0,35;V
13/10/2011;0,36;V
14/10/2011;0,36;V
15/10/2011;0,35;V
16/10/2011;0,34;V
17/10/2011;0,33;V
18/10/2011;0,34;V
19/10/2011;0,36;V
20/10/2011;0,38;V
21/10/2011;0,37;V
22/10/2011;0,35;V
23/10/2011;0,35;V
24/10/2011;0,36;V
25/10/2011;0,39;V
26/10/2011;0,63;V
27/10/2011;0,49;V
28/10/2011;0,41;V
29/10/2011;0,40;V
30/10/2011;0,40;V
31/10/2011;0,39;V
01/11/2011;0,42;V
02/11/2011;0,39;V
03/11/2011;0,40;V
04/11/2011;0,43;V
05/11/2011;0,46;V
06/11/2011;0,47;V
07/11/2011;0,47;V
08/11/2011;0,49;V
09/11/2011;0,42;V
10/11/2011;0,40;V
11/11/2011;0,40;V
12/11/2011;0,40;V
13/11/2011;0,39;V
14/11/2011;0,39;V
15/11/2011;0,38;V
16/11/2011;0,39;V
17/11/2011;0,38;V
18/11/2011;0,37;V
19/11/2011;0,37;V
20/11/2011;0,37;V
21/11/2011;0,39;V
22/11/2011;0,39;V
23/11/2011;0,40;V
24/11/2011;0,39;V
25/11/2011;0,38;V
26/11/2011;0,38;V
27/11/2011;0,38;V
28/11/2011;0,38;V
29/11/2011;0,39;V
30/11/2011;0,39;V
01/12/2011;0,41;V
02/12/2011;0,41;V
03/12/2011;0,42;V
04/12/2011;0,47;V
05/12/2011;0,62;V
06/12/2011;0,66;V
07/12/2011;0,83;V
08/12/2011;0,54;V
09/12/2011;0,52;V
10/12/2011;0,51;V
11/12/2011;0,74;V
12/12/2011;0,75;V
13/12/2011;0,88;V
14/12/2011;0,94;V
15/12/2011;0,75;V
16/12/2011;0,84;V
17/12/2011;0,93;V
18/12/2011;1,15;V
19/12/2011;0,86;V
20/12/2011;0,56;V
21/12/2011;0,45;V
22/12/2011;0,43;V
23/12/2011;0,51;V
24/12/2011;0,64;V
25/12/2011;0,52;V
26/12/2011;0,57;V
27/12/2011;0,46;V
28/12/2011;0,48;V
29/12/2011;0,63;V
30/12/2011;0,61;V
31/12/2011;0,45;V
01/01/2012;0,41;V
02/01/2012;0,61;V
03/01/2012;0,65;V
04/01/2012;0,57;V
05/01/2012;0,65;V
06/01/2012;0,65;V
07/01/2012;0,69;V
08/01/2012;0,70;V
09/01/2012;0,62;V
10/01/2012;0,58;V
11/01/2012;0,73;V
12/01/2012;0,49;@
13/01/2012;0,59;V
14/01/2012;0,57;V
15/01/2012;0,59;V
16/01/2012;0,52;V
17/01/2012;0,41;V
18/01/2012;0,41;V
19/01/2012;0,43;V
20/01/2012;0,48;V
21/01/2012;0,48;V
22/01/2012;0,45;V
23/01/2012;0,55;V
24/01/2012;0,64;V
25/01/2012;0,64;V
26/01/2012;0,63;V
27/01/2012;0,66;V
28/01/2012;0,55;V
29/01/2012;0,45;V
30/01/2012;0,45;V
31/01/2012;0,45;V
01/02/2012;0,48;V
02/02/2012;0,47;V
03/02/2012;0,47;V
04/02/2012;0,46;V
05/02/2012;0,44;V
06/02/2012;0,45;V
07/02/2012;0,46;V
08/02/2012;0,45;V
09/02/2012;0,42;V
10/02/2012;0,44;V
11/02/2012;0,45;V
12/02/2012;0,45;V
13/02/2012;0,42;V
14/02/2012;0,42;V
15/02/2012;0,43;V
16/02/2012;0,41;V
17/02/2012;0,42;V
18/02/2012;0,46;V
19/02/2012;0,51;V
20/02/2012;0,53;V
21/02/2012;0,49;V
22/02/2012;0,48;V
23/02/2012;0,59;V
24/02/2012;0,51;V
25/02/2012;0,49;V
26/02/2012;0,48;V
27/02/2012;0,47;V
28/02/2012;0,51;V
29/02/2012;0,74;V
01/03/2012;0,61;V
02/03/2012;0,56;V
03/03/2012;0,62;V
04/03/2012;0,70;V
05/03/2012;0,67;V
06/03/2012;0,79;V
07/03/2012;0,67;V
08/03/2012;0,60;V
09/03/2012;0,67;V
10/03/2012;0,58;V
11/03/2012;0,47;V
12/03/2012;0,60;V
13/03/2012;0,46;V
14/03/2012;0,57;V
15/03/2012;0,44;V
16/03/2012;0,50;V
17/03/2012;0,59;V
18/03/2012;0,48;V
19/03/2012;0,61;V
20/03/2012;0,55;V
21/03/2012;0,54;V
22/03/2012;0,45;V
23/03/2012;0,50;V
24/03/2012;0,55;V
25/03/2012;0,46;V
26/03/2012;0,59;V
27/03/2012;0,50;V
28/03/2012;0,53;V
29/03/2012;0,53;V
30/03/2012;0,47;V
31/03/2012;0,44;V
01/04/2012;0,44;V
02/04/2012;0,51;V
03/04/2012;0,51;V
04/04/2012;0,46;V
05/04/2012;0,47;V
06/04/2012;0,47;V
07/04/2012;0,48;V
08/04/2012;0,48;V
09/04/2012;0,59;V
10/04/2012;0,48;V
11/04/2012;0,87;V
12/04/2012;1,30;V
13/04/2012;1,31;V
14/04/2012;1,18;V
15/04/2012;1,17;V
16/04/2012;1,09;V
17/04/2012;0,99;V
18/04/2012;0,88;V
19/04/2012;0,88;V
20/04/2012;1,23;V
21/04/2012;1,42;V
22/04/2012;1,43;V
23/04/2012;1,30;V
24/04/2012;1,15;V
25/04/2012;1,04;V
26/04/2012;1,19;V
27/04/2012;1,17;V
28/04/2012;0,82;V
29/04/2012;0,56;V
30/04/2012;0,52;V
01/05/2012;0,53;V
02/05/2012;0,51;V
03/05/2012;0,65;V
04/05/2012;0,60;V
05/05/2012;0,75;V
06/05/2012;0,77;V
07/05/2012;1,46;V
08/05/2012;1,42;V
09/05/2012;0,92;V
10/05/2012;0,86;V
11/05/2012;0,85;V
12/05/2012;0,64;V
13/05/2012;0,58;V
14/05/2012;0,58;V
15/05/2012;0,48;V
16/05/2012;0,47;V
17/05/2012;0,47;V
18/05/2012;0,47;V
19/05/2012;0,47;V
20/05/2012;0,61;V
21/05/2012;0,86;V
22/05/2012;1,14;V
23/05/2012;0,98;V
24/05/2012;0,76;V
25/05/2012;0,56;V
26/05/2012;0,79;V
27/05/2012;0,60;V
28/05/2012;0,70;V
29/05/2012;0,51;V
30/05/2012;0,54;V
31/05/2012;0,53;V
01/06/2012;0,50;V
02/06/2012;0,57;V
03/06/2012;0,56;V
04/06/2012;0,57;V
05/06/2012;0,58;V
06/06/2012;0,55;V
07/06/2012;0,47;V
08/06/2012;0,50;V
09/06/2012;0,55;V
10/06/2012;0,44;V
11/06/2012;0,47;V
12/06/2012;0,56;V
13/06/2012;0,59;V
14/06/2012;0,51;V
15/06/2012;0,44;V
16/06/2012;0,50;V
17/06/2012;0,44;V
18/06/2012;0,44;V
19/06/2012;0,43;V
20/06/2012;0,42;V
21/06/2012;0,41;V
22/06/2012;0,41;V
23/06/2012;0,40;V
24/06/2012;0,41;V
25/06/2012;0,40;V
26/06/2012;0,39;V
27/06/2012;0,39;V
28/06/2012;0,38;V
29/06/2012;0,38;V
30/06/2012;0,37;V
01/07/2012;0,37;V
02/07/2012;0,37;V
03/07/2012;0,36;V
04/07/2012;0,36;V
05/07/2012;0,37;V
06/07/2012;0,37;V
07/07/2012;0,37;V
08/07/2012;0,37;V
09/07/2012;0,37;V
10/07/2012;0,36;V
11/07/2012;0,37;V
12/07/2012;0,39;V
13/07/2012;0,38;V
14/07/2012;0,40;V
15/07/2012;0,38;V
16/07/2012;0,38;V
17/07/2012;0,38;V
18/07/2012;0,39;V
19/07/2012;0,39;V
20/07/2012;0,41;V
21/07/2012;0,39;V
22/07/2012;0,38;V
23/07/2012;0,39;V
24/07/2012;0,40;V
25/07/2012;0,39;V
26/07/2012;0,39;V
27/07/2012;0,38;V
28/07/2012;0,37;V
29/07/2012;0,36;V
30/07/2012;0,36;V
31/07/2012;0,36;V
01/08/2012;0,35;V
02/08/2012;0,36;V
03/08/2012;0,36;V
04/08/2012;0,36;V
05/08/2012;0,35;V
06/08/2012;0,35;V
07/08/2012;0,33;V
08/08/2012;0,32;V
09/08/2012;0,32;V
10/08/2012;0,32;V
11/08/2012;0,31;V
12/08/2012;0,32;V
13/08/2012;0,32;V
14/08/2012;0,32;V
15/08/2012;0,32;V
16/08/2012;0,31;V
17/08/2012;0,31;V
18/08/2012;0,30;V
19/08/2012;0,29;V
20/08/2012;0,29;V
21/08/2012;0,29;V
22/08/2012;0,29;V
23/08/2012;0,29;V
24/08/2012;0,29;V
25/08/2012;0,29;V
26/08/2012;0,30;V
27/08/2012;0,32;V
28/08/2012;0,28;V
29/08/2012;0,28;V
30/08/2012;0,28;V
31/08/2012;0,50;V
01/09/2012;0,41;V
02/09/2012;0,34;V
03/09/2012;0,35;V
04/09/2012;0,44;V
05/09/2012;0,35;V
06/09/2012;0,32;V
07/09/2012;0,30;V
08/09/2012;0,28;V
09/09/2012;0,28;V
10/09/2012;0,28;V
11/09/2012;0,29;V
12/09/2012;0,29;V
13/09/2012;0,27;V
14/09/2012;0,27;V
15/09/2012;0,27;V
16/09/2012;0,26;V
17/09/2012;0,26;V
18/09/2012;0,26;V
19/09/2012;0,33;V
20/09/2012;0,35;V
21/09/2012;0,29;V
22/09/2012;0,29;V
23/09/2012;0,29;V
24/09/2012;0,29;V
25/09/2012;0,28;V
26/09/2012;0,27;V
27/09/2012;0,26;V
28/09/2012;0,26;V
29/09/2012;0,26;V
30/09/2012;0,37;V
01/10/2012;0,42;V
02/10/2012;0,30;V
03/10/2012;0,28;V
04/10/2012;0,26;V
05/10/2012;0,24;V
06/10/2012;0,25;V
07/10/2012;0,29;V
08/10/2012;0,29;V
09/10/2012;0,43;V
10/10/2012;0,37;V
11/10/2012;0,32;V
12/10/2012;0,33;V
13/10/2012;0,34;V
14/10/2012;0,36;V
15/10/2012;0,53;V
16/10/2012;0,77;V
17/10/2012;0,46;V
18/10/2012;0,36;V
19/10/2012;0,33;V
20/10/2012;0,30;V
21/10/2012;0,30;V
22/10/2012;0,30;V
23/10/2012;0,28;V
24/10/2012;0,28;V
25/10/2012;0,43;V
26/10/2012;0,41;V
27/10/2012;0,71;V
28/10/2012;1,08;V
29/10/2012;1,20;V
30/10/2012;0,85;V
31/10/2012;0,77;V
01/11/2012;1,55;V
02/11/2012;1,47;V
03/11/2012;1,18;V
04/11/2012;0,96;V
05/11/2012;0,83;V
06/11/2012;1,15;V
07/11/2012;1,03;V
08/11/2012;0,90;V
09/11/2012;0,68;V
10/11/2012;0,74;V
11/11/2012;0,85;V
12/11/2012;3,47;V
13/11/2012;4,06;V
14/11/2012;2,27;V
15/11/2012;1,62;V
16/11/2012;1,42;V
17/11/2012;1,23;V
18/11/2012;0,98;V
19/11/2012;1,00;V
20/11/2012;0,81;V
21/11/2012;0,61;V
22/11/2012;0,57;V
23/11/2012;0,67;V
24/11/2012;0,62;V
25/11/2012;0,64;V
26/11/2012;0,69;V
27/11/2012;0,89;V
28/11/2012;2,49;V
29/11/2012;2,82;V
30/11/2012;2,18;V
01/12/2012;1,59;V
02/12/2012;1,36;V
03/12/2012;1,30;V
04/12/2012;1,02;V
05/12/2012;1,37;V
06/12/2012;1,25;V
07/12/2012;1,04;V
08/12/2012;1,32;V
09/12/2012;1,09;V
10/12/2012;0,97;V
11/12/2012;0,84;V
12/12/2012;0,75;V
13/12/2012;0,69;V
14/12/2012;0,87;V
15/12/2012;1,18;V
16/12/2012;1,74;V
17/12/2012;1,89;V
18/12/2012;1,96;V
19/12/2012;1,42;V
20/12/2012;1,31;V
21/12/2012;1,00;V
22/12/2012;0,94;V
23/12/2012;0,97;V
24/12/2012;0,94;V
25/12/2012;0,90;V
26/12/2012;0,96;V
27/12/2012;1,38;V
28/12/2012;1,28;V
29/12/2012;1,20;V
30/12/2012;1,17;V
31/12/2012;1,00;V
01/01/2013;0,80;V
02/01/2013;0,93;V
03/01/2013;0,77;V
04/01/2013;0,50;V
05/01/2013;0,64;V
06/01/2013;0,63;V
07/01/2013;;@
08/01/2013;;@
09/01/2013;0,75;V
10/01/2013;0,71;V
11/01/2013;0,65;V
12/01/2013;0,69;V
13/01/2013;0,81;V
14/01/2013;1,49;V
15/01/2013;1,51;V
16/01/2013;1,43;V
17/01/2013;1,45;V
18/01/2013;1,39;V
19/01/2013;1,23;V
20/01/2013;2,55;V
21/01/2013;4,99;V
22/01/2013;2,71;V
23/01/2013;2,03;V
24/01/2013;1,63;V
25/01/2013;1,44;V
26/01/2013;1,36;V
27/01/2013;1,26;V
28/01/2013;1,14;V
29/01/2013;1,19;V
30/01/2013;1,12;V
31/01/2013;1,13;V
01/02/2013;1,19;V
02/02/2013;1,28;V
03/02/2013;1,68;V
04/02/2013;1,61;V
05/02/2013;1,37;V
06/02/2013;1,37;V
07/02/2013;1,37;V
08/02/2013;1,49;V
09/02/2013;1,31;V
10/02/2013;1,06;V
11/02/2013;1,15;V
12/02/2013;1,74;V
13/02/2013;1,56;V
14/02/2013;1,44;V
15/02/2013;1,19;V
16/02/2013;1,14;V
17/02/2013;1,12;V
18/02/2013;1,03;V
19/02/2013;0,91;V
20/02/2013;0,84;V
21/02/2013;0,96;V
22/02/2013;0,98;V
23/02/2013;1,15;V
24/02/2013;1,80;V
25/02/2013;1,59;V
26/02/2013;1,41;V
27/02/2013;1,20;V
28/02/2013;1,11;V
01/03/2013;1,09;V
02/03/2013;1,08;V
03/03/2013;1,01;V
04/03/2013;1,01;V
05/03/2013;0,97;V
06/03/2013;1,14;V
07/03/2013;1,41;V
08/03/2013;1,89;V
09/03/2013;2,56;V
10/03/2013;2,48;V
11/03/2013;3,12;V
12/03/2013;3,82;V
13/03/2013;2,63;V
14/03/2013;1,98;V
15/03/2013;1,63;V
16/03/2013;1,52;V
17/03/2013;1,51;V
18/03/2013;2,54;V
19/03/2013;2,68;V
20/03/2013;1,83;V
21/03/2013;1,59;V
22/03/2013;1,46;V
23/03/2013;1,42;V
24/03/2013;1,39;V
25/03/2013;1,27;V
26/03/2013;1,12;V
27/03/2013;1,09;V
28/03/2013;1,09;V
29/03/2013;1,10;V
30/03/2013;1,28;V
31/03/2013;2,37;V
01/04/2013;1,63;V
02/04/2013;1,62;V
03/04/2013;1,57;V
04/04/2013;1,51;V
05/04/2013;1,52;V
06/04/2013;1,34;V
07/04/2013;1,38;V
08/04/2013;1,39;V
09/04/2013;1,43;V
10/04/2013;1,31;V
11/04/2013;1,18;V
12/04/2013;1,10;V
13/04/2013;1,00;V
14/04/2013;0,87;V
15/04/2013;0,94;V
16/04/2013;0,78;V
17/04/2013;0,68;V
18/04/2013;0,78;V
19/04/2013;0,71;V
20/04/2013;1,02;V
21/04/2013;0,83;V
22/04/2013;0,77;V
23/04/2013;0,76;V
24/04/2013;1,00;V
25/04/2013;0,82;V
26/04/2013;0,79;V
27/04/2013;0,58;V
28/04/2013;0,68;V
29/04/2013;0,81;V
30/04/2013;0,66;V
01/05/2013;0,61;V
02/05/2013;0,54;V
03/05/2013;0,54;V
04/05/2013;0,94;V
05/05/2013;0,92;V
06/05/2013;1,00;V
07/05/2013;0,95;V
08/05/2013;0,81;V
09/05/2013;1,06;V
10/05/2013;1,02;V
11/05/2013;0,79;V
12/05/2013;0,63;V
13/05/2013;0,66;V
14/05/2013;0,75;V
15/05/2013;0,72;V
16/05/2013;1,17;V
17/05/2013;1,35;V
18/05/2013;1,51;V
19/05/2013;1,37;V
20/05/2013;0,93;V
21/05/2013;0,88;V
22/05/2013;0,92;V
23/05/2013;1,01;V
24/05/2013;1,02;V
25/05/2013;1,03;V
26/05/2013;1,10;V
27/05/2013;1,03;V
28/05/2013;1,02;V
29/05/2013;0,97;V
30/05/2013;0,98;V
31/05/2013;0,80;V
01/06/2013;0,88;V
02/06/2013;1,19;V
03/06/2013;1,19;V
04/06/2013;1,00;V
05/06/2013;1,00;V
06/06/2013;0,92;V
07/06/2013;0,96;V
08/06/2013;0,97;V
09/06/2013;0,75;V
10/06/2013;0,79;V
11/06/2013;0,82;V
12/06/2013;0,84;V
13/06/2013;0,78;V
14/06/2013;0,62;V
15/06/2013;0,50;V
16/06/2013;0,58;V
17/06/2013;0,60;V
18/06/2013;0,56;V
19/06/2013;0,53;V
20/06/2013;0,57;V
21/06/2013;0,54;V
22/06/2013;0,54;V
23/06/2013;0,56;V
24/06/2013;0,56;V
25/06/2013;0,54;V
26/06/2013;0,54;V
27/06/2013;0,54;V
28/06/2013;0,54;V
29/06/2013;0,53;V
30/06/2013;0,56;V
01/07/2013;0,58;V
02/07/2013;0,55;V
03/07/2013;0,42;V
04/07/2013;0,42;V
05/07/2013;0,43;V
06/07/2013;0,51;V
07/07/2013;0,41;V
08/07/2013;0,50;V
09/07/2013;0,42;V
10/07/2013;0,43;V
11/07/2013;0,52;V
12/07/2013;0,57;V
13/07/2013;0,50;V
14/07/2013;0,54;V
15/07/2013;0,41;V
16/07/2013;0,40;V
17/07/2013;0,40;V
18/07/2013;0,47;V
19/07/2013;0,40;V
20/07/2013;0,41;V
21/07/2013;0,50;V
22/07/2013;0,52;V
23/07/2013;0,38;V
24/07/2013;0,36;V
25/07/2013;0,35;V
26/07/2013;0,37;V
27/07/2013;0,35;V
28/07/2013;0,35;V
29/07/2013;0,38;V
30/07/2013;0,49;V
31/07/2013;0,52;V
01/08/2013;0,38;V
02/08/2013;0,36;V
03/08/2013;0,35;V
04/08/2013;0,34;V
05/08/2013;0,34;V
06/08/2013;0,34;V
07/08/2013;0,34;V
08/08/2013;0,34;V
09/08/2013;0,39;V
10/08/2013;0,38;V
11/08/2013;0,34;V
12/08/2013;0,33;V
13/08/2013;0,33;V
14/08/2013;0,33;V
15/08/2013;0,33;V
16/08/2013;0,32;V
17/08/2013;0,32;V
18/08/2013;0,32;V
19/08/2013;0,32;V
20/08/2013;0,34;V
21/08/2013;0,34;V
22/08/2013;0,32;V
23/08/2013;0,32;V
24/08/2013;0,32;V
25/08/2013;0,33;V
26/08/2013;0,32;V
27/08/2013;0,32;V
28/08/2013;0,31;V
29/08/2013;0,31;V
30/08/2013;0,31;V
31/08/2013;0,31;V
01/09/2013;0,31;V
02/09/2013;0,31;V
03/09/2013;0,31;V
04/09/2013;0,31;V
05/09/2013;0,31;V
06/09/2013;0,32;V
07/09/2013;0,32;V
08/09/2013;0,35;V
09/09/2013;0,37;V
10/09/2013;0,37;V
11/09/2013;0,43;V
12/09/2013;0,36;V
13/09/2013;0,34;V
14/09/2013;0,35;V
15/09/2013;0,46;V
16/09/2013;0,37;V
17/09/2013;0,36;V
18/09/2013;0,35;V
19/09/2013;0,35;V
20/09/2013;0,42;V
21/09/2013;0,42;V
22/09/2013;0,42;V
23/09/2013;0,44;V
24/09/2013;0,43;V
25/09/2013;0,43;V
26/09/2013;0,38;V
27/09/2013;0,39;V
28/09/2013;0,37;V
29/09/2013;0,50;V
30/09/2013;0,98;V
01/10/2013;0,75;V
02/10/2013;0,43;V
03/10/2013;0,37;V
04/10/2013;0,37;V
05/10/2013;0,80;V
06/10/2013;0,85;V
07/10/2013;0,96;V
08/10/2013;0,96;V
09/10/2013;0,59;V
10/10/2013;0,42;V
11/10/2013;0,46;V
12/10/2013;0,60;V
13/10/2013;0,56;V
14/10/2013;0,50;V
15/10/2013;0,57;V
16/10/2013;0,62;V
17/10/2013;0,47;V
18/10/2013;0,49;V
19/10/2013;0,53;V
20/10/2013;0,65;V
21/10/2013;2,48;V
22/10/2013;1,84;V
23/10/2013;1,51;V
24/10/2013;2,43;V
25/10/2013;1,57;V
26/10/2013;1,32;V
27/10/2013;1,01;V
28/10/2013;0,90;V
29/10/2013;0,55;V
30/10/2013;0,49;V
31/10/2013;0,46;V
01/11/2013;0,44;V
02/11/2013;0,46;V
03/11/2013;0,70;V
04/11/2013;0,70;V
05/11/2013;1,22;V
06/11/2013;1,12;V
07/11/2013;0,83;V
08/11/2013;0,88;V
09/11/2013;1,06;V
10/11/2013;1,72;V
11/11/2013;3,67;V
12/11/2013;2,64;V
13/11/2013;1,55;V
14/11/2013;1,37;V
15/11/2013;1,44;V
16/11/2013;1,16;V
17/11/2013;1,00;V
18/11/2013;0,93;V
19/11/2013;0,97;V
20/11/2013;1,15;V
21/11/2013;1,40;V
22/11/2013;2,22;V
23/11/2013;1,78;V
24/11/2013;1,53;V
25/11/2013;1,37;V
26/11/2013;1,07;V
27/11/2013;1,00;V
28/11/2013;0,96;V
29/11/2013;0,78;V
30/11/2013;0,87;V
01/12/2013;0,94;V
02/12/2013;1,05;V
03/12/2013;0,85;V
04/12/2013;0,80;V
05/12/2013;0,49;V
06/12/2013;0,78;V
07/12/2013;0,71;V
08/12/2013;0,65;V
09/12/2013;0,69;V
10/12/2013;0,72;V
11/12/2013;0,68;V
12/12/2013;0,66;V
13/12/2013;0,68;V
14/12/2013;0,69;V
15/12/2013;0,65;V
16/12/2013;0,66;V
17/12/2013;0,61;V
18/12/2013;0,63;V
19/12/2013;0,63;V
20/12/2013;0,63;V
21/12/2013;0,66;V
22/12/2013;0,48;V
23/12/2013;0,58;V
24/12/2013;0,83;V
25/12/2013;0,79;V
26/12/2013;1,38;V
27/12/2013;1,57;V
28/12/2013;1,25;V
29/12/2013;1,16;V
30/12/2013;1,18;V
31/12/2013;1,02;V
01/01/2014;0,87;V
02/01/2014;0,84;V
03/01/2014;0,87;V
04/01/2014;1,10;V
05/01/2014;1,40;V
06/01/2014;1,34;V
07/01/2014;1,34;V
08/01/2014;1,07;V
09/01/2014;1,01;V
10/01/2014;0,99;V
11/01/2014;0,87;V
12/01/2014;0,83;V
13/01/2014;0,80;V
14/01/2014;1,05;V
15/01/2014;1,24;V
16/01/2014;1,35;V
17/01/2014;1,28;V
18/01/2014;1,53;V
19/01/2014;1,53;V
20/01/2014;1,57;V
21/01/2014;1,40;V
22/01/2014;1,47;V
23/01/2014;1,40;V
24/01/2014;1,47;V
25/01/2014;1,36;V
26/01/2014;1,41;V
27/01/2014;1,33;V
28/01/2014;1,12;V
29/01/2014;1,16;V
30/01/2014;2,29;V
31/01/2014;4,81;V
01/02/2014;3,48;V
02/02/2014;2,57;V
03/02/2014;2,36;V
04/02/2014;1,94;V
05/02/2014;1,92;V
06/02/2014;2,55;V
07/02/2014;2,06;V
08/02/2014;2,38;V
09/02/2014;2,69;V
10/02/2014;3,06;V
11/02/2014;4,13;V
12/02/2014;2,40;V
13/02/2014;1,74;V
14/02/2014;1,63;V
15/02/2014;1,56;V
16/02/2014;1,48;V
17/02/2014;1,39;V
18/02/2014;1,25;V
19/02/2014;1,26;V
20/02/2014;1,53;V
21/02/2014;1,60;V
22/02/2014;1,61;V
23/02/2014;1,42;V
24/02/2014;1,31;V
25/02/2014;1,29;V
26/02/2014;;@
27/02/2014;1,47;V
28/02/2014;;@
01/03/2014;1,56;V
02/03/2014;1,48;V
03/03/2014;1,49;V
04/03/2014;1,57;V
05/03/2014;1,82;V
06/03/2014;1,73;V
07/03/2014;1,45;V
08/03/2014;1,37;V
09/03/2014;1,23;V
10/03/2014;1,14;V
11/03/2014;1,09;V
12/03/2014;1,05;V
13/03/2014;1,04;V
14/03/2014;1,05;V
15/03/2014;0,84;V
16/03/2014;0,88;V
17/03/2014;0,89;V
18/03/2014;0,73;V
19/03/2014;0,89;V
20/03/2014;0,86;V
21/03/2014;0,83;V
22/03/2014;0,75;V
23/03/2014;1,04;V
24/03/2014;1,27;V
25/03/2014;1,20;V
26/03/2014;1,17;V
27/03/2014;0,94;V
28/03/2014;0,98;V
29/03/2014;1,07;V
30/03/2014;1,12;V
31/03/2014;0,96;V
01/04/2014;0,67;V
02/04/2014;0,80;V
03/04/2014;0,86;V
04/04/2014;1,15;V
05/04/2014;1,04;V
06/04/2014;0,87;V
07/04/2014;1,02;V
08/04/2014;0,87;V
09/04/2014;0,98;V
10/04/2014;0,75;V
11/04/2014;0,90;V
12/04/2014;0,75;V
13/04/2014;0,75;V
14/04/2014;0,86;V
15/04/2014;0,84;V
16/04/2014;0,87;V
17/04/2014;0,79;V
18/04/2014;0,92;V
19/04/2014;0,86;V
20/04/2014;0,80;V
21/04/2014;0,56;V
22/04/2014;0,69;V
23/04/2014;0,72;V
24/04/2014;0,75;V
25/04/2014;0,74;V
26/04/2014;0,73;V
27/04/2014;0,72;V
28/04/2014;0,75;V
29/04/2014;0,76;V
30/04/2014;0,93;V
01/05/2014;0,84;V
02/05/2014;0,90;V
03/05/2014;1,43;V
04/05/2014;1,79;V
05/05/2014;1,48;V
06/05/2014;1,31;V
07/05/2014;1,06;V
08/05/2014;0,80;V
09/05/2014;0,98;V
10/05/2014;0,77;V
11/05/2014;0,73;V
12/05/2014;0,60;V
13/05/2014;0,92;V
14/05/2014;0,70;V
15/05/2014;0,51;V
16/05/2014;0,63;V
17/05/2014;0,67;V
18/05/2014;0,68;V
19/05/2014;0,61;V
20/05/2014;0,63;V
21/05/2014;0,50;V
22/05/2014;0,50;V
23/05/2014;0,86;V
24/05/2014;0,55;V
25/05/2014;0,49;V
26/05/2014;0,57;V
27/05/2014;0,71;V
28/05/2014;0,66;V
29/05/2014;0,62;V
30/05/2014;0,62;V
31/05/2014;0,63;V
01/06/2014;0,63;V
02/06/2014;0,49;V
03/06/2014;0,48;V
04/06/2014;0,48;V
05/06/2014;0,57;V
06/06/2014;0,56;V
07/06/2014;0,50;V
08/06/2014;0,44;V
09/06/2014;0,52;V
10/06/2014;0,53;V
11/06/2014;0,43;V
12/06/2014;0,43;V
13/06/2014;0,46;V
14/06/2014;0,70;V
15/06/2014;0,55;V
16/06/2014;0,57;V
17/06/2014;0,47;V
18/06/2014;0,44;V
19/06/2014;0,43;V
20/06/2014;0,43;V
21/06/2014;0,43;V
22/06/2014;0,42;V
23/06/2014;0,46;V
24/06/2014;0,43;V
25/06/2014;0,44;V
26/06/2014;0,43;V
27/06/2014;0,52;V
28/06/2014;0,49;V
29/06/2014;0,50;V
30/06/2014;0,62;V
01/07/2014;0,51;V
02/07/2014;0,48;V
03/07/2014;0,45;V
04/07/2014;0,44;V
05/07/2014;0,41;V
06/07/2014;0,41;V
07/07/2014;0,41;V
08/07/2014;0,44;V
09/07/2014;0,49;V
10/07/2014;0,43;V
11/07/2014;0,55;V
12/07/2014;0,45;V
13/07/2014;0,50;V
14/07/2014;0,60;V
15/07/2014;0,59;V
16/07/2014;0,48;V
17/07/2014;0,53;V
18/07/2014;0,42;V
19/07/2014;0,40;V
20/07/2014;0,41;V
21/07/2014;0,52;V
22/07/2014;0,51;V
23/07/2014;0,41;V
24/07/2014;0,45;V
25/07/2014;0,49;V
26/07/2014;0,62;V
27/07/2014;0,66;V
28/07/2014;0,48;V
29/07/2014;0,64;V
30/07/2014;0,86;V
31/07/2014;0,64;V
01/08/2014;0,47;V
02/08/2014;0,44;V
03/08/2014;0,58;V
04/08/2014;0,58;V
05/08/2014;0,44;V
06/08/2014;0,52;V
07/08/2014;0,42;V
08/08/2014;0,41;V
09/08/2014;0,41;V
10/08/2014;0,40;V
11/08/2014;0,40;V
12/08/2014;0,40;V
13/08/2014;0,41;V
14/08/2014;0,45;V
15/08/2014;0,59;V
16/08/2014;0,46;V
17/08/2014;0,46;V
18/08/2014;0,44;V
19/08/2014;0,46;V
20/08/2014;0,45;V
21/08/2014;0,47;V
22/08/2014;0,44;V
23/08/2014;0,48;V
24/08/2014;0,54;V
25/08/2014;0,44;V
26/08/2014;0,45;V
27/08/2014;0,43;V
28/08/2014;0,41;V
29/08/2014;0,44;V
30/08/2014;0,43;V
31/08/2014;0,43;V
01/09/2014;0,52;V
02/09/2014;0,52;V
03/09/2014;0,56;V
04/09/2014;0,60;V
05/09/2014;0,45;V
06/09/2014;0,42;V
07/09/2014;0,52;V
08/09/2014;0,43;V
09/09/2014;0,42;V
10/09/2014;0,44;V
11/09/2014;0,54;V
12/09/2014;0,54;V
13/09/2014;0,69;V
14/09/2014;0,67;V
15/09/2014;0,73;V
16/09/2014;0,45;V
17/09/2014;0,43;V
18/09/2014;0,42;V
19/09/2014;0,42;V
20/09/2014;0,42;V
21/09/2014;0,42;V
22/09/2014;0,42;V
23/09/2014;0,41;V
24/09/2014;0,42;V
25/09/2014;0,42;V
26/09/2014;0,40;V
27/09/2014;0,41;V
28/09/2014;0,40;V
29/09/2014;0,41;V
30/09/2014;0,42;V
01/10/2014;0,42;V
02/10/2014;0,48;V
03/10/2014;0,41;V
04/10/2014;0,40;V
05/10/2014;0,40;V
06/10/2014;0,40;V
07/10/2014;0,40;V
08/10/2014;0,41;V
09/10/2014;0,42;V
10/10/2014;0,41;V
11/10/2014;0,41;V
12/10/2014;0,42;V
13/10/2014;0,42;V
14/10/2014;0,52;V
15/10/2014;0,56;V
16/10/2014;0,54;V
17/10/2014;0,53;V
18/10/2014;0,46;V
19/10/2014;0,40;V
20/10/2014;0,41;V
21/10/2014;0,43;V
22/10/2014;0,39;V
23/10/2014;0,42;V
24/10/2014;0,39;V
25/10/2014;0,39;V
26/10/2014;0,45;V
27/10/2014;0,40;V
28/10/2014;0,39;V
29/10/2014;0,39;V
30/10/2014;0,39;V
31/10/2014;0,39;V
01/11/2014;0,40;V
02/11/2014;0,39;V
03/11/2014;0,40;V
04/11/2014;0,48;V
05/11/2014;0,78;V
06/11/2014;1,15;V
07/11/2014;1,30;V
08/11/2014;1,01;V
09/11/2014;0,98;V
10/11/2014;0,74;V
11/11/2014;0,69;V
12/11/2014;0,58;V
13/11/2014;0,47;V
14/11/2014;0,53;V
15/11/2014;0,53;V
16/11/2014;0,86;V
17/11/2014;1,25;V
18/11/2014;2,86;V
19/11/2014;2,09;V
20/11/2014;1,58;V
21/11/2014;1,35;V
22/11/2014;1,19;V
23/11/2014;0,96;V
24/11/2014;0,73;V
25/11/2014;0,50;V
26/11/2014;0,53;V
27/11/2014;0,62;V
28/11/2014;0,74;V
29/11/2014;0,86;V
30/11/2014;1,02;V
01/12/2014;1,07;V
02/12/2014;0,91;V
03/12/2014;0,62;V
04/12/2014;1,50;V
05/12/2014;1,60;V
06/12/2014;1,40;V
07/12/2014;1,40;V
08/12/2014;1,27;V
09/12/2014;0,86;V
10/12/2014;0,74;V
11/12/2014;0,95;V
12/12/2014;0,86;V
13/12/2014;0,77;V
14/12/2014;0,73;V
15/12/2014;0,81;V
16/12/2014;0,83;V
17/12/2014;0,70;V
18/12/2014;0,67;V
19/12/2014;0,68;V
20/12/2014;0,72;V
21/12/2014;0,68;V
22/12/2014;0,71;V
23/12/2014;0,69;V
24/12/2014;0,81;V
25/12/2014;0,67;V
26/12/2014;0,54;V
27/12/2014;0,85;V
28/12/2014;0,95;V
29/12/2014;1,01;V
30/12/2014;0,81;V
31/12/2014;0,69;V
01/01/2015;0,85;V
02/01/2015;0,51;V
03/01/2015;0,67;V
04/01/2015;0,57;V
05/01/2015;0,66;V
06/01/2015;0,83;V
07/01/2015;0,75;V
08/01/2015;0,66;V
09/01/2015;0,66;V
10/01/2015;0,68;V
11/01/2015;0,55;V
12/01/2015;0,65;V
13/01/2015;0,63;V
14/01/2015;0,54;V
15/01/2015;0,67;V
16/01/2015;0,70;V
17/01/2015;0,76;V
18/01/2015;0,69;V
19/01/2015;0,55;V
20/01/2015;0,69;V
21/01/2015;0,60;V
22/01/2015;0,68;V
23/01/2015;0,77;V
24/01/2015;0,57;V
25/01/2015;0,65;V
26/01/2015;0,65;V
27/01/2015;0,67;V
28/01/2015;0,65;V
29/01/2015;0,64;V
30/01/2015;1,75;V
31/01/2015;1,75;V
01/02/2015;1,55;V
02/02/2015;1,35;V
03/02/2015;1,15;V
04/02/2015;0,88;V
05/02/2015;1,72;V
06/02/2015;2,83;V
07/02/2015;2,12;V
08/02/2015;1,65;V
09/02/2015;1,51;V
10/02/2015;1,37;V
11/02/2015;1,14;V
12/02/2015;1,00;V
13/02/2015;1,07;V
14/02/2015;0,99;V
15/02/2015;0,98;V
16/02/2015;0,98;V
17/02/2015;0,95;V
18/02/2015;0,98;V
19/02/2015;0,95;V
20/02/2015;0,93;V
21/02/2015;0,96;V
22/02/2015;1,01;V
23/02/2015;0,99;V
24/02/2015;0,94;V
25/02/2015;0,93;V
26/02/2015;0,85;V
27/02/2015;0,88;V
28/02/2015;0,75;V
01/03/2015;0,80;V
02/03/2015;0,83;V
03/03/2015;1,31;V
04/03/2015;1,41;V
05/03/2015;1,38;V
06/03/2015;1,26;V
07/03/2015;1,16;V
08/03/2015;1,12;V
09/03/2015;0,95;V
10/03/2015;0,97;V
11/03/2015;0,82;V
12/03/2015;0,78;V
13/03/2015;0,89;V
14/03/2015;0,88;V
15/03/2015;0,93;V
16/03/2015;1,08;V
17/03/2015;1,87;V
18/03/2015;1,73;V
19/03/2015;1,48;V
20/03/2015;1,31;V
21/03/2015;1,22;V
22/03/2015;1,02;V
23/03/2015;0,98;V
24/03/2015;0,91;V
25/03/2015;1,16;V
26/03/2015;2,47;V
27/03/2015;2,14;V
28/03/2015;1,73;V
29/03/2015;1,46;V
30/03/2015;1,37;V
31/03/2015;1,28;V
01/04/2015;0,94;V
02/04/2015;1,05;V
03/04/2015;1,14;V
04/04/2015;1,17;V
05/04/2015;1,38;V
06/04/2015;1,25;V
07/04/2015;1,30;V
08/04/2015;0,99;V
09/04/2015;0,85;V
10/04/2015;1,04;V
11/04/2015;0,81;V
12/04/2015;0,74;V
13/04/2015;0,92;V
14/04/2015;1,06;V
15/04/2015;1,04;V
16/04/2015;0,73;V
17/04/2015;0,75;V
18/04/2015;0,72;V
19/04/2015;0,70;V
20/04/2015;0,57;V
21/04/2015;0,69;V
22/04/2015;0,52;V
23/04/2015;0,71;V
24/04/2015;0,83;V
25/04/2015;0,73;V
26/04/2015;0,73;V
27/04/2015;0,95;V
28/04/2015;0,67;V
29/04/2015;0,84;V
30/04/2015;0,94;V
01/05/2015;0,74;V
02/05/2015;0,77;V
03/05/2015;0,74;V
04/05/2015;0,73;V
05/05/2015;0,69;V
06/05/2015;0,55;V
07/05/2015;0,68;V
08/05/2015;0,51;V
09/05/2015;0,64;V
10/05/2015;0,50;V
11/05/2015;0,50;V
12/05/2015;0,65;V
13/05/2015;0,48;V
14/05/2015;0,64;V
15/05/2015;0,63;V
16/05/2015;0,65;V
17/05/2015;0,60;V
18/05/2015;0,47;V
19/05/2015;0,59;V
20/05/2015;0,56;V
21/05/2015;0,59;V
22/05/2015;0,61;V
23/05/2015;0,72;V
24/05/2015;0,79;V
25/05/2015;0,79;V
26/05/2015;0,69;V
27/05/2015;0,81;V
28/05/2015;0,64;V
29/05/2015;0,64;V
30/05/2015;0,61;V
31/05/2015;0,47;V
01/06/2015;0,55;V
02/06/2015;0,45;V
03/06/2015;0,59;V
04/06/2015;0,57;V
05/06/2015;0,50;V
06/06/2015;0,62;V
07/06/2015;0,44;V
08/06/2015;0,44;V
09/06/2015;0,50;V
10/06/2015;0,59;V
11/06/2015;0,69;V
12/06/2015;0,57;V
13/06/2015;0,60;V
14/06/2015;0,71;V
15/06/2015;0,71;V
16/06/2015;0,57;V
17/06/2015;0,67;V
18/06/2015;0,59;V
19/06/2015;0,50;V
20/06/2015;0,61;V
21/06/2015;0,62;V
22/06/2015;0,46;V
23/06/2015;0,46;V
24/06/2015;0,54;V
25/06/2015;0,46;V
26/06/2015;0,44;V
27/06/2015;0,44;V
28/06/2015;0,44;V
29/06/2015;0,45;V
30/06/2015;0,62;V
01/07/2015;0,44;V
02/07/2015;0,58;V
03/07/2015;0,51;V
04/07/2015;0,45;V
05/07/2015;0,42;V
06/07/2015;0,41;V
07/07/2015;0,41;V
08/07/2015;0,41;V
09/07/2015;0,41;V
10/07/2015;0,39;V
11/07/2015;0,40;V
12/07/2015;0,40;V
13/07/2015;0,40;V
14/07/2015;0,39;V
15/07/2015;0,39;V
16/07/2015;0,39;V
17/07/2015;0,39;V
18/07/2015;0,39;V
19/07/2015;0,38;V
20/07/2015;0,38;V
21/07/2015;0,39;V
22/07/2015;0,40;V
23/07/2015;0,40;V
24/07/2015;0,43;V
25/07/2015;0,43;V
26/07/2015;0,42;V
27/07/2015;0,41;V
28/07/2015;0,41;V
29/07/2015;0,40;V
30/07/2015;0,39;V
31/07/2015;0,40;V
01/08/2015;0,41;V
02/08/2015;0,44;V
03/08/2015;0,40;V
04/08/2015;0,39;V
05/08/2015;0,39;V
06/08/2015;0,38;V
07/08/2015;0,39;V
08/08/2015;0,39;V
09/08/2015;0,41;V
10/08/2015;0,66;V
11/08/2015;0,52;V
12/08/2015;0,49;V
13/08/2015;0,43;V
14/08/2015;0,47;V
15/08/2015;0,52;V
16/08/2015;0,53;V
17/08/2015;0,48;V
18/08/2015;0,47;V
19/08/2015;0,48;V
20/08/2015;0,50;V
21/08/2015;0,46;V
22/08/2015;0,45;V
23/08/2015;0,46;V
24/08/2015;0,49;V
25/08/2015;0,59;V
26/08/2015;0,47;V
27/08/2015;0,45;V
28/08/2015;0,44;V
29/08/2015;0,44;V
30/08/2015;0,44;V
31/08/2015;0,43;V
01/09/2015;0,43;V
02/09/2015;0,43;V
03/09/2015;0,42;V
04/09/2015;0,43;V
05/09/2015;0,59;V
06/09/2015;0,65;V
07/09/2015;0,63;V
08/09/2015;0,56;V
09/09/2015;0,41;V
10/09/2015;0,40;V
11/09/2015;0,39;V
12/09/2015;0,39;V
13/09/2015;0,42;V
14/09/2015;0,44;V
15/09/2015;0,42;V
16/09/2015;0,42;V
17/09/2015;0,40;V
18/09/2015;0,40;V
19/09/2015;0,39;V
20/09/2015;0,39;V
21/09/2015;0,38;V
22/09/2015;0,39;V
23/09/2015;0,42;V
24/09/2015;0,43;V
25/09/2015;0,42;V
26/09/2015;0,42;V
27/09/2015;0,42;V
28/09/2015;0,42;V
29/09/2015;0,42;V
30/09/2015;0,42;V
01/10/2015;0,43;V
02/10/2015;0,45;V
03/10/2015;0,44;V
04/10/2015;0,46;V
05/10/2015;0,46;V
06/10/2015;0,46;V
07/10/2015;0,56;V
08/10/2015;0,46;V
09/10/2015;0,44;V
10/10/2015;0,45;V
11/10/2015;0,46;V
12/10/2015;0,45;V
13/10/2015;0,50;V
14/10/2015;0,60;V
15/10/2015;0,87;V
16/10/2015;0,60;V
17/10/2015;0,66;V
18/10/2015;0,48;V
19/10/2015;0,70;V
20/10/2015;0,46;V
21/10/2015;0,45;V
22/10/2015;0,44;V
23/10/2015;0,44;V
24/10/2015;0,43;V
25/10/2015;0,43;V
26/10/2015;0,44;V
27/10/2015;0,45;V
28/10/2015;0,54;V
29/10/2015;1,16;V
30/10/2015;1,04;V
31/10/2015;0,69;V
01/11/2015;0,50;V
02/11/2015;0,64;V
03/11/2015;0,47;V
04/11/2015;0,47;V
05/11/2015;0,61;V
06/11/2015;0,49;V
07/11/2015;0,58;V
08/11/2015;0,45;V
09/11/2015;0,47;V
10/11/2015;0,46;V
11/11/2015;0,53;V
12/11/2015;0,44;V
13/11/2015;0,47;V
14/11/2015;0,45;V
15/11/2015;0,46;V
16/11/2015;0,44;V
17/11/2015;0,51;V
18/11/2015;0,47;V
19/11/2015;0,46;V
20/11/2015;0,46;V
21/11/2015;0,66;V
22/11/2015;0,96;V
23/11/2015;1,11;V
24/11/2015;0,90;V
25/11/2015;0,76;V
26/11/2015;0,64;V
27/11/2015;0,50;V
28/11/2015;0,66;V
29/11/2015;0,48;V
30/11/2015;0,52;V
01/12/2015;0,65;V
02/12/2015;0,48;V
03/12/2015;0,49;V
04/12/2015;0,48;V
05/12/2015;0,67;V
06/12/2015;0,48;V
07/12/2015;0,48;V
08/12/2015;0,48;V
09/12/2015;0,49;V
10/12/2015;0,64;V
11/12/2015;0,45;V
12/12/2015;0,46;V
13/12/2015;0,51;V
14/12/2015;0,45;V
15/12/2015;0,46;V
16/12/2015;0,47;V
17/12/2015;0,46;V
18/12/2015;0,47;V
19/12/2015;0,47;V
20/12/2015;0,46;V
21/12/2015;0,46;V
22/12/2015;0,61;V
23/12/2015;0,53;V
24/12/2015;0,48;V
25/12/2015;0,47;V
26/12/2015;0,47;V
27/12/2015;0,46;V
28/12/2015;0,46;V
29/12/2015;0,48;V
30/12/2015;0,47;V
31/12/2015;0,47;V
01/01/2016;0,46;V
02/01/2016;0,50;V
03/01/2016;0,96;V
04/01/2016;1,30;V
05/01/2016;1,17;V
06/01/2016;1,41;V
07/01/2016;1,52;V
08/01/2016;1,48;V
09/01/2016;1,43;V
10/01/2016;1,34;V
11/01/2016;1,33;V
12/01/2016;1,06;V
13/01/2016;1,18;V
14/01/2016;1,24;V
15/01/2016;1,91;V
16/01/2016;1,69;V
17/01/2016;1,39;V
18/01/2016;0,94;V
19/01/2016;0,61;V
20/01/2016;0,93;V
21/01/2016;0,90;V
22/01/2016;0,58;V
23/01/2016;0,79;V
24/01/2016;0,55;V
25/01/2016;0,75;V
26/01/2016;0,75;V
27/01/2016;0,91;V
28/01/2016;0,90;V
29/01/2016;0,72;V
30/01/2016;0,89;V
31/01/2016;0,64;V
01/02/2016;0,56;V
02/02/2016;0,54;V
03/02/2016;0,54;V
04/02/2016;0,56;V
05/02/2016;0,53;V
06/02/2016;0,72;V
07/02/2016;0,96;V
08/02/2016;0,94;V
09/02/2016;0,74;V
10/02/2016;1,22;V
11/02/2016;1,42;V
12/02/2016;1,26;V
13/02/2016;1,51;V
14/02/2016;2,12;V
15/02/2016;2,36;V
16/02/2016;3,69;V
17/02/2016;2,93;V
18/02/2016;2,27;V
19/02/2016;1,70;V
20/02/2016;1,52;V
21/02/2016;1,42;V
22/02/2016;1,17;V
23/02/2016;0,88;V
24/02/2016;0,96;V
25/02/2016;1,22;V
26/02/2016;1,25;V
27/02/2016;1,57;V
28/02/2016;2,55;V
29/02/2016;3,37;V
01/03/2016;2,68;V
02/03/2016;1,71;V
03/03/2016;1,56;V
04/03/2016;1,50;V
05/03/2016;1,49;V
06/03/2016;1,72;V
07/03/2016;1,69;V
08/03/2016;1,63;V
09/03/2016;1,62;V
10/03/2016;1,56;V
11/03/2016;1,48;V
12/03/2016;1,35;V
13/03/2016;1,24;V
14/03/2016;1,16;V
15/03/2016;1,30;V
16/03/2016;0,80;V
17/03/2016;0,81;V
18/03/2016;1,04;V
19/03/2016;0,84;V
20/03/2016;0,82;V
21/03/2016;0,88;V
22/03/2016;0,96;V
23/03/2016;0,89;V
24/03/2016;0,84;V
25/03/2016;0,89;V
26/03/2016;0,88;V
27/03/2016;0,74;V
28/03/2016;0,78;V
29/03/2016;0,90;V
30/03/2016;0,69;V
31/03/2016;0,88;V
01/04/2016;0,86;V
02/04/2016;0,69;V
03/04/2016;0,68;V
04/04/2016;0,71;V
05/04/2016;0,66;V
06/04/2016;0,70;V
07/04/2016;0,73;V
08/04/2016;0,91;V
09/04/2016;0,71;V
10/04/2016;0,54;V
11/04/2016;0,54;V
12/04/2016;0,67;V
13/04/2016;0,53;V
14/04/2016;0,67;V
15/04/2016;0,51;V
16/04/2016;0,64;V
17/04/2016;0,50;V
18/04/2016;0,64;V
19/04/2016;0,54;V
20/04/2016;0,49;V
21/04/2016;0,63;V
22/04/2016;0,67;V
23/04/2016;0,89;V
24/04/2016;1,44;V
25/04/2016;1,37;V
26/04/2016;1,18;V
27/04/2016;0,97;V
28/04/2016;0,85;V
29/04/2016;0,91;V
30/04/2016;0,71;V
01/05/2016;0,81;V
02/05/2016;1,42;V
03/05/2016;1,76;V
04/05/2016;1,50;V
05/05/2016;1,21;V
06/05/2016;1,06;V
07/05/2016;0,75;V
08/05/2016;0,65;V
09/05/2016;0,93;V
10/05/2016;0,94;V
11/05/2016;1,09;V
12/05/2016;0,93;V
13/05/2016;0,69;V
14/05/2016;1,07;V
15/05/2016;1,11;V
16/05/2016;1,17;V
17/05/2016;1,16;V
18/05/2016;1,10;V
19/05/2016;1,19;V
20/05/2016;1,28;V
21/05/2016;1,30;V
22/05/2016;0,77;V
23/05/2016;0,91;V
24/05/2016;0,63;V
25/05/2016;0,59;V
26/05/2016;0,74;V
27/05/2016;0,85;V
28/05/2016;0,68;V
29/05/2016;0,62;V
30/05/2016;0,69;V
31/05/2016;0,50;V
01/06/2016;0,63;V
02/06/2016;0,80;V
03/06/2016;0,80;V
04/06/2016;0,80;V
05/06/2016;0,71;V
06/06/2016;0,86;V
07/06/2016;0,93;V
08/06/2016;0,98;V
09/06/2016;1,00;V
10/06/2016;1,19;V
11/06/2016;1,07;V
12/06/2016;0,89;V
13/06/2016;1,25;V
14/06/2016;1,31;V
15/06/2016;1,08;V
16/06/2016;0,94;V
17/06/2016;0,87;V
18/06/2016;0,74;V
19/06/2016;0,79;V
20/06/2016;0,89;V
21/06/2016;0,51;V
22/06/2016;0,49;V
23/06/2016;0,59;V
24/06/2016;0,59;V
25/06/2016;0,59;V
26/06/2016;0,56;V
27/06/2016;0,55;V
28/06/2016;0,55;V
29/06/2016;0,56;V
30/06/2016;0,55;V
01/07/2016;0,46;V
02/07/2016;0,45;V
03/07/2016;0,44;V
04/07/2016;0,54;V
05/07/2016;0,45;V
06/07/2016;0,45;V
07/07/2016;0,64;V
08/07/2016;0,53;V
09/07/2016;0,45;V
10/07/2016;0,44;V
11/07/2016;0,44;V
12/07/2016;0,43;V
13/07/2016;0,41;V
14/07/2016;0,41;V
15/07/2016;0,53;V
16/07/2016;0,63;V
17/07/2016;0,45;V
18/07/2016;0,41;V
19/07/2016;0,40;V
20/07/2016;0,40;V
21/07/2016;0,40;V
22/07/2016;0,41;V
23/07/2016;0,42;V
24/07/2016;0,42;V
25/07/2016;0,46;V
26/07/2016;0,42;V
27/07/2016;0,43;V
28/07/2016;0,41;V
29/07/2016;0,45;V
30/07/2016;0,51;V
31/07/2016;0,41;V
01/08/2016;0,40;V
02/08/2016;0,47;V
03/08/2016;0,43;V
04/08/2016;0,41;V
05/08/2016;0,42;V
06/08/2016;0,46;V
07/08/2016;0,51;V
08/08/2016;0,50;V
09/08/2016;0,54;V
10/08/2016;0,48;V
11/08/2016;0,48;V
12/08/2016;0,46;V
13/08/2016;0,46;V
14/08/2016;0,45;V
15/08/2016;0,45;V
16/08/2016;0,44;V
17/08/2016;0,49;V
18/08/2016;0,46;V
19/08/2016;0,46;V
20/08/2016;0,41;V
21/08/2016;0,40;V
22/08/2016;0,39;V
23/08/2016;0,46;V
24/08/2016;0,48;V
25/08/2016;0,45;V
26/08/2016;0,42;V
27/08/2016;0,41;V
28/08/2016;0,42;V
29/08/2016;0,43;V
30/08/2016;0,44;V
31/08/2016;0,51;V
01/09/2016;0,57;V
02/09/2016;0,59;V
03/09/2016;0,53;V
04/09/2016;0,47;V
05/09/2016;0,44;V
06/09/2016;0,41;V
07/09/2016;0,41;V
08/09/2016;0,41;V
09/09/2016;0,41;V
10/09/2016;0,41;V
11/09/2016;0,40;V
12/09/2016;0,40;V
13/09/2016;0,40;V
14/09/2016;0,40;V
15/09/2016;0,42;V
16/09/2016;0,54;V
17/09/2016;0,58;V
18/09/2016;0,50;V
19/09/2016;0,46;V
20/09/2016;0,47;V
21/09/2016;0,47;V
22/09/2016;0,44;V
23/09/2016;0,43;V
24/09/2016;0,40;V
25/09/2016;0,53;V
26/09/2016;0,53;V
27/09/2016;0,53;V
28/09/2016;0,43;V
29/09/2016;0,52;V
30/09/2016;0,50;V
01/10/2016;0,42;V
02/10/2016;0,46;V
03/10/2016;0,43;V
04/10/2016;0,40;V
05/10/2016;0,40;V
06/10/2016;0,40;V
07/10/2016;0,42;V
08/10/2016;0,49;V
09/10/2016;0,49;V
10/10/2016;0,45;V
11/10/2016;0,44;V
12/10/2016;0,53;V
13/10/2016;0,45;V
14/10/2016;0,72;V
15/10/2016;1,09;V
16/10/2016;1,17;V
17/10/2016;0,89;V
18/10/2016;0,84;V
19/10/2016;0,48;V
20/10/2016;0,46;V
21/10/2016;0,47;V
22/10/2016;0,45;V
23/10/2016;0,46;V
24/10/2016;0,45;V
25/10/2016;0,73;V
26/10/2016;0,75;V
27/10/2016;0,95;V
28/10/2016;0,99;V
29/10/2016;0,96;V
30/10/2016;0,69;V
31/10/2016;0,70;V
01/11/2016;0,67;V
02/11/2016;0,48;V
03/11/2016;0,68;V
04/11/2016;0,59;V
05/11/2016;0,82;V
06/11/2016;4,35;V
07/11/2016;3,10;V
08/11/2016;1,53;V
09/11/2016;1,26;V
10/11/2016;0,90;V
11/11/2016;1,44;V
12/11/2016;1,95;V
13/11/2016;1,50;V
14/11/2016;1,30;V
15/11/2016;1,20;V
16/11/2016;0,78;V
17/11/2016;0,86;V
18/11/2016;1,03;V
19/11/2016;1,85;V
20/11/2016;1,98;V
21/11/2016;1,56;V
22/11/2016;1,41;V
23/11/2016;1,26;V
24/11/2016;1,12;V
25/11/2016;1,04;V
26/11/2016;0,84;V
27/11/2016;0,89;V
28/11/2016;0,81;V
29/11/2016;0,76;V
30/11/2016;0,56;V
01/12/2016;0,78;V
02/12/2016;0,70;V
03/12/2016;0,73;V
04/12/2016;0,69;V
05/12/2016;0,52;V
06/12/2016;0,73;V
07/12/2016;0,70;V
08/12/2016;0,66;V
09/12/2016;0,65;V
10/12/2016;0,68;V
11/12/2016;0,68;V
12/12/2016;0,49;V
13/12/2016;0,63;V
14/12/2016;0,65;V
15/12/2016;0,64;V
16/12/2016;0,48;V
17/12/2016;0,64;V
18/12/2016;0,62;V
19/12/2016;0,48;V
20/12/2016;0,66;V
21/12/2016;0,64;V
22/12/2016;0,63;V
23/12/2016;0,47;V
24/12/2016;0,64;V
25/12/2016;0,48;V
26/12/2016;0,47;V
27/12/2016;0,48;V
28/12/2016;0,67;V
29/12/2016;0,45;V
30/12/2016;0,63;V
31/12/2016;0,44;V
01/01/2017;0,65;V
02/01/2017;0,50;V
03/01/2017;0,85;V
04/01/2017;1,25;V
05/01/2017;0,91;V
06/01/2017;0,75;V
07/01/2017;0,70;V
08/01/2017;0,67;V
09/01/2017;0,51;V
10/01/2017;0,72;V
11/01/2017;0,71;V
12/01/2017;0,52;V
13/01/2017;0,71;V
14/01/2017;0,70;V
15/01/2017;0,67;V
16/01/2017;0,63;V
17/01/2017;0,51;V
18/01/2017;0,66;V
19/01/2017;0,67;V
20/01/2017;0,66;V
21/01/2017;0,65;V
22/01/2017;0,48;V
23/01/2017;0,48;V
24/01/2017;0,48;V
25/01/2017;0,48;V
26/01/2017;0,66;V
27/01/2017;0,61;V
28/01/2017;0,65;V
29/01/2017;0,47;V
30/01/2017;0,49;V
31/01/2017;0,62;V
01/02/2017;0,69;V
02/02/2017;0,77;V
03/02/2017;0,82;V
04/02/2017;1,39;V
05/02/2017;1,56;V
06/02/2017;2,08;V
07/02/2017;1,71;V
08/02/2017;1,58;V
09/02/2017;1,10;V
10/02/2017;0,94;V
11/02/2017;0,90;V
12/02/2017;0,82;V
13/02/2017;0,69;V
14/02/2017;0,74;V
15/02/2017;0,76;V
16/02/2017;0,72;V
17/02/2017;0,87;V
18/02/2017;0,71;V
19/02/2017;0,73;V
20/02/2017;0,81;V
21/02/2017;0,69;V
22/02/2017;0,73;V
23/02/2017;0,75;V
24/02/2017;1,38;V
25/02/2017;3,18;V
26/02/2017;1,73;V
27/02/2017;1,45;V
28/02/2017;1,30;V
01/03/2017;0,97;V
02/03/2017;1,03;V
03/03/2017;0,98;V
04/03/2017;1,23;V
05/03/2017;1,23;V
06/03/2017;1,29;V
07/03/2017;2,34;V
08/03/2017;1,70;V
09/03/2017;1,42;V
10/03/2017;1,30;V
11/03/2017;1,27;V
12/03/2017;1,11;V
13/03/2017;0,84;V
14/03/2017;0,60;V
15/03/2017;0,80;V
16/03/2017;0,58;V
17/03/2017;0,81;V
18/03/2017;0,83;V
19/03/2017;0,75;V
20/03/2017;0,77;V
21/03/2017;0,82;V
22/03/2017;0,75;V
23/03/2017;0,74;V
24/03/2017;0,74;V
25/03/2017;0,67;V
26/03/2017;0,72;V
27/03/2017;0,67;V
28/03/2017;0,68;V
29/03/2017;0,67;V
30/03/2017;0,66;V
31/03/2017;0,64;V
01/04/2017;0,67;V
02/04/2017;0,73;V
03/04/2017;0,70;V
04/04/2017;0,54;V
05/04/2017;0,54;V
06/04/2017;0,63;V
07/04/2017;0,54;V
08/04/2017;0,66;V
09/04/2017;0,62;V
10/04/2017;0,52;V
11/04/2017;0,62;V
12/04/2017;0,61;V
13/04/2017;0,51;V
14/04/2017;0,61;V
15/04/2017;0,59;V
16/04/2017;0,69;V
17/04/2017;0,50;V
18/04/2017;0,71;V
19/04/2017;0,64;V
20/04/2017;0,48;V
21/04/2017;0,48;V
22/04/2017;0,58;V
23/04/2017;0,48;V
24/04/2017;0,51;V
25/04/2017;0,59;V
26/04/2017;0,49;V
27/04/2017;0,79;V
28/04/2017;1,02;V
29/04/2017;0,58;V
30/04/2017;0,65;V
01/05/2017;0,67;V
02/05/2017;0,56;V
03/05/2017;0,67;V
04/05/2017;0,64;V
05/05/2017;0,66;V
06/05/2017;0,72;V
07/05/2017;0,90;V
08/05/2017;0,84;V
09/05/2017;0,99;V
10/05/2017;0,93;V
11/05/2017;0,69;V
12/05/2017;0,85;V
13/05/2017;0,66;V
14/05/2017;0,51;V
15/05/2017;0,66;V
16/05/2017;0,66;V
17/05/2017;0,60;V
18/05/2017;0,59;V
19/05/2017;0,59;V
20/05/2017;0,60;V
21/05/2017;0,60;V
22/05/2017;0,46;V
23/05/2017;0,59;V
24/05/2017;0,45;V
25/05/2017;0,51;V
26/05/2017;0,44;V
27/05/2017;0,44;V
28/05/2017;0,43;V
29/05/2017;0,51;V
30/05/2017;0,45;V
31/05/2017;0,42;V
01/06/2017;0,42;V
02/06/2017;0,48;V
03/06/2017;0,42;V
04/06/2017;0,42;V
05/06/2017;0,42;V
06/06/2017;0,59;V
07/06/2017;0,44;V
08/06/2017;0,52;V
09/06/2017;0,42;V
10/06/2017;0,42;V
11/06/2017;0,42;V
12/06/2017;0,42;V
13/06/2017;0,41;V
14/06/2017;0,41;V
15/06/2017;0,41;V
16/06/2017;0,41;V
17/06/2017;0,41;V
18/06/2017;0,40;V
19/06/2017;0,39;V
20/06/2017;0,39;V
21/06/2017;0,39;V
22/06/2017;0,39;V
23/06/2017;0,40;V
24/06/2017;0,40;V
25/06/2017;0,40;V
26/06/2017;0,40;V
27/06/2017;0,41;V
28/06/2017;0,41;V
29/06/2017;0,42;V
30/06/2017;0,43;V
01/07/2017;0,43;V
02/07/2017;0,41;V
03/07/2017;0,41;V
04/07/2017;0,40;V
05/07/2017;0,39;V
06/07/2017;0,39;V
07/07/2017;0,39;V
08/07/2017;0,39;V
09/07/2017;0,39;V
10/07/2017;0,40;V
11/07/2017;0,43;V
12/07/2017;0,41;V
13/07/2017;0,41;V
14/07/2017;0,40;V
15/07/2017;0,39;V
16/07/2017;0,39;V
17/07/2017;0,39;V
18/07/2017;0,39;V
19/07/2017;0,40;V
20/07/2017;0,40;V
21/07/2017;0,40;V
22/07/2017;0,41;V
23/07/2017;0,41;V
24/07/2017;0,41;V
25/07/2017;0,41;V
26/07/2017;0,42;V
27/07/2017;0,41;V
28/07/2017;0,41;V
29/07/2017;0,40;V
30/07/2017;0,40;V
31/07/2017;0,38;V
01/08/2017;0,39;V
02/08/2017;0,39;V
03/08/2017;0,39;V
04/08/2017;0,38;V
05/08/2017;0,38;V
06/08/2017;0,39;V
07/08/2017;0,39;V
08/08/2017;0,38;V
09/08/2017;0,39;V
10/08/2017;0,42;V
11/08/2017;0,41;V
12/08/2017;0,41;V
13/08/2017;0,40;V
14/08/2017;0,39;V
15/08/2017;0,38;V
16/08/2017;0,38;V
17/08/2017;0,38;V
18/08/2017;0,38;V
19/08/2017;0,38;V
20/08/2017;0,38;V
21/08/2017;0,37;V
22/08/2017;0,37;V
23/08/2017;0,37;V
24/08/2017;0,38;V
25/08/2017;0,39;V
26/08/2017;0,39;V
27/08/2017;0,39;V
28/08/2017;0,39;V
29/08/2017;0,39;V
30/08/2017;0,39;V
31/08/2017;0,39;V
01/09/2017;0,41;V
02/09/2017;0,40;V
03/09/2017;0,39;V
04/09/2017;0,39;V
05/09/2017;0,39;V
06/09/2017;0,41;V
07/09/2017;0,41;V
08/09/2017;0,43;V
09/09/2017;0,42;V
10/09/2017;0,68;V
11/09/2017;0,49;V
12/09/2017;0,43;V
13/09/2017;0,41;V
14/09/2017;0,42;V
15/09/2017;0,43;V
16/09/2017;0,60;V
17/09/2017;0,48;V
18/09/2017;0,53;V
19/09/2017;0,59;V
20/09/2017;0,44;V
21/09/2017;0,42;V
22/09/2017;0,42;V
23/09/2017;0,42;V
24/09/2017;0,45;V
25/09/2017;0,51;V
26/09/2017;0,49;V
27/09/2017;0,48;V
28/09/2017;0,49;V
29/09/2017;0,42;V
30/09/2017;0,41;V
01/10/2017;0,42;V
02/10/2017;0,41;V
03/10/2017;0,42;V
04/10/2017;0,40;V
05/10/2017;0,41;V
06/10/2017;0,40;V
07/10/2017;0,39;V
08/10/2017;0,40;V
09/10/2017;0,39;V
10/10/2017;0,39;V
11/10/2017;0,39;V
12/10/2017;0,42;V
13/10/2017;0,41;V
14/10/2017;0,41;V
15/10/2017;0,41;V
16/10/2017;0,40;V
17/10/2017;0,40;V
18/10/2017;0,40;V
19/10/2017;0,39;V
20/10/2017;0,38;V
21/10/2017;0,39;V
22/10/2017;0,40;V
23/10/2017;0,39;V
24/10/2017;0,36;V
25/10/2017;0,37;V
26/10/2017;0,36;V
27/10/2017;0,39;V
28/10/2017;0,38;V
29/10/2017;0,39;V
30/10/2017;0,38;V
31/10/2017;0,37;V
01/11/2017;0,37;V
02/11/2017;0,39;V
03/11/2017;0,41;V
04/11/2017;0,42;V
05/11/2017;0,56;V
06/11/2017;0,55;V
07/11/2017;0,51;V
08/11/2017;0,44;V
09/11/2017;0,42;V
10/11/2017;0,41;V
11/11/2017;0,41;V
12/11/2017;0,43;V
13/11/2017;0,55;V
14/11/2017;0,51;V
15/11/2017;0,47;V
16/11/2017;0,56;V
17/11/2017;0,48;V
18/11/2017;0,59;V
19/11/2017;0,45;V
20/11/2017;0,44;V
21/11/2017;0,45;V
22/11/2017;0,58;V
23/11/2017;0,46;V
24/11/2017;0,45;V
25/11/2017;0,45;V
26/11/2017;0,56;V
27/11/2017;0,46;V
28/11/2017;0,53;V
29/11/2017;0,69;V
30/11/2017;1,14;V
01/12/2017;0,85;V
02/12/2017;0,52;V
03/12/2017;0,49;V
04/12/2017;0,47;V
05/12/2017;0,45;V
06/12/2017;0,46;V
07/12/2017;0,67;V
08/12/2017;0,66;V
09/12/2017;0,59;V
10/12/2017;0,92;V
11/12/2017;1,00;V
12/12/2017;1,30;V
13/12/2017;1,41;V
14/12/2017;1,23;V
15/12/2017;1,40;V
16/12/2017;1,20;V
17/12/2017;1,13;V
18/12/2017;1,05;V
19/12/2017;0,90;V
20/12/2017;0,77;V
21/12/2017;0,92;V
22/12/2017;0,60;V
23/12/2017;0,76;V
24/12/2017;0,50;V
25/12/2017;0,49;V
26/12/2017;0,50;V
27/12/2017;0,98;V
28/12/2017;1,64;V
29/12/2017;1,57;V
30/12/2017;1,23;V
31/12/2017;1,09;V
01/01/2018;0,79;V
02/01/2018;1,33;V
03/01/2018;1,39;V
04/01/2018;1,31;V
05/01/2018;1,30;V
06/01/2018;1,20;V
07/01/2018;1,03;V
08/01/2018;0,93;V
09/01/2018;0,79;V
10/01/2018;0,88;V
11/01/2018;0,85;V
12/01/2018;1,03;V
13/01/2018;1,02;V
14/01/2018;0,98;V
15/01/2018;0,82;V
16/01/2018;0,88;V
17/01/2018;1,53;V
18/01/2018;1,58;V
19/01/2018;1,42;V
20/01/2018;1,05;V
21/01/2018;0,99;V
22/01/2018;0,90;V
23/01/2018;1,08;V
24/01/2018;0,82;V
25/01/2018;0,83;V
26/01/2018;0,82;V
27/01/2018;0,78;V
28/01/2018;0,68;V
29/01/2018;0,58;V
30/01/2018;0,75;V
31/01/2018;0,93;V
01/02/2018;0,76;V
02/02/2018;2,60;V
03/02/2018;3,37;V
04/02/2018;2,03;V
05/02/2018;1,58;V
06/02/2018;1,48;V
07/02/2018;1,15;V
08/02/2018;1,24;V
09/02/2018;1,10;V
10/02/2018;0,94;V
11/02/2018;0,99;V
12/02/2018;0,93;V
13/02/2018;0,85;V
14/02/2018;0,80;V
15/02/2018;0,77;V
16/02/2018;0,79;V
17/02/2018;1,03;V
18/02/2018;2,77;V
19/02/2018;2,03;V
20/02/2018;1,56;V
21/02/2018;1,44;V
22/02/2018;1,29;V
23/02/2018;1,16;V
24/02/2018;1,27;V
25/02/2018;1,20;V
26/02/2018;1,10;V
27/02/2018;1,08;V
28/02/2018;1,08;V
01/03/2018;1,01;V
02/03/2018;2,04;V
03/03/2018;3,43;V
04/03/2018;2,68;V
05/03/2018;2,04;V
06/03/2018;2,25;V
07/03/2018;2,43;V
08/03/2018;2,32;V
09/03/2018;1,74;V
10/03/2018;1,67;V
11/03/2018;1,75;V
12/03/2018;3,41;V
13/03/2018;2,70;V
14/03/2018;1,92;V
15/03/2018;1,71;V
16/03/2018;2,96;V
17/03/2018;2,26;V
18/03/2018;1,98;V
19/03/2018;2,23;V
20/03/2018;1,98;V
21/03/2018;1,78;V
22/03/2018;1,73;V
23/03/2018;1,49;V
24/03/2018;1,31;V
25/03/2018;1,15;V
26/03/2018;1,08;V
27/03/2018;1,09;V
28/03/2018;0,94;V
29/03/2018;1,02;V
30/03/2018;1,14;V
31/03/2018;1,30;V
01/04/2018;1,18;V
02/04/2018;1,12;V
03/04/2018;1,08;V
04/04/2018;1,24;V
05/04/2018;2,02;V
06/04/2018;1,69;V
07/04/2018;1,54;V
08/04/2018;1,33;V
09/04/2018;1,31;V
10/04/2018;1,31;V
11/04/2018;1,32;V
12/04/2018;1,26;V
13/04/2018;1,16;V
14/04/2018;1,00;V
15/04/2018;1,17;V
16/04/2018;1,14;V
17/04/2018;1,00;V
18/04/2018;0,87;V
19/04/2018;0,86;V
20/04/2018;0,82;V
21/04/2018;0,79;V
22/04/2018;0,81;V
23/04/2018;0,80;V
24/04/2018;0,79;V
25/04/2018;0,72;V
26/04/2018;0,72;V
27/04/2018;0,73;V
28/04/2018;0,74;V
29/04/2018;0,75;V
30/04/2018;0,78;V
01/05/2018;0,78;V
02/05/2018;0,96;V
03/05/2018;0,78;V
04/05/2018;0,70;V
05/05/2018;0,71;V
06/05/2018;0,82;V
07/05/2018;0,67;V
08/05/2018;0,90;V
09/05/2018;1,12;V
10/05/2018;1,23;V
11/05/2018;1,09;V
12/05/2018;0,83;V
13/05/2018;0,78;V
14/05/2018;0,99;V
15/05/2018;1,37;V
16/05/2018;1,25;V
17/05/2018;0,99;V
18/05/2018;1,00;V
19/05/2018;1,02;V
20/05/2018;0,83;V
21/05/2018;0,94;V
22/05/2018;1,37;V
23/05/2018;1,34;V
24/05/2018;1,19;V
25/05/2018;1,21;V
26/05/2018;0,79;V
27/05/2018;0,61;V
28/05/2018;0,58;V
29/05/2018;0,58;V
30/05/2018;0,77;V
31/05/2018;0,67;V
01/06/2018;0,75;V
02/06/2018;0,69;V
03/06/2018;0,64;V
04/06/2018;0,75;V
05/06/2018;0,66;V
06/06/2018;0,53;V
07/06/2018;0,62;V
08/06/2018;0,95;V
09/06/2018;1,11;V
10/06/2018;0,72;V
11/06/2018;0,63;V
12/06/2018;0,67;V
13/06/2018;0,59;V
14/06/2018;0,73;V
15/06/2018;0,61;V
16/06/2018;0,55;V
17/06/2018;0,60;V
18/06/2018;0,58;V
19/06/2018;0,60;V
20/06/2018;0,62;V
21/06/2018;0,63;V
22/06/2018;0,64;V
23/06/2018;0,63;V
24/06/2018;0,63;V
25/06/2018;0,63;V
26/06/2018;0,59;V
27/06/2018;0,58;V
28/06/2018;0,58;V
29/06/2018;0,59;V
30/06/2018;0,58;V
01/07/2018;0,58;V
02/07/2018;0,51;V
03/07/2018;0,44;V
04/07/2018;0,44;V
05/07/2018;0,56;V
06/07/2018;0,44;V
07/07/2018;0,44;V
08/07/2018;0,50;V
09/07/2018;0,43;V
10/07/2018;0,49;V
11/07/2018;0,43;V
12/07/2018;0,42;V
13/07/2018;0,41;V
14/07/2018;0,48;V
15/07/2018;0,41;V
16/07/2018;0,42;V
17/07/2018;0,47;V
18/07/2018;0,59;V
19/07/2018;0,42;V
20/07/2018;0,41;V
21/07/2018;0,41;V
22/07/2018;0,41;V
23/07/2018;0,41;V
24/07/2018;0,42;V
25/07/2018;0,42;V
26/07/2018;0,42;V
27/07/2018;0,42;V
28/07/2018;0,43;V
29/07/2018;0,42;V
30/07/2018;0,41;V
31/07/2018;0,40;V
01/08/2018;0,41;V
02/08/2018;0,41;V
03/08/2018;0,42;V
04/08/2018;0,41;V
05/08/2018;0,41;V
06/08/2018;0,41;V
07/08/2018;0,42;V
08/08/2018;0,43;V
09/08/2018;0,42;V
10/08/2018;0,41;V
11/08/2018;0,40;V
12/08/2018;0,40;V
13/08/2018;0,41;V
14/08/2018;0,42;V
15/08/2018;0,46;V
16/08/2018;0,41;V
17/08/2018;0,41;V
18/08/2018;0,41;V
19/08/2018;0,42;V
20/08/2018;0,42;V
21/08/2018;0,45;V
22/08/2018;0,44;V
23/08/2018;0,43;V
24/08/2018;0,43;V
25/08/2018;0,43;V
26/08/2018;0,42;V
27/08/2018;0,42;V
28/08/2018;0,43;V
29/08/2018;0,41;V
30/08/2018;0,42;V
31/08/2018;0,43;V
01/09/2018;0,45;V
02/09/2018;0,49;V
03/09/2018;0,48;V
04/09/2018;0,44;V
05/09/2018;0,43;V
06/09/2018;0,43;V
07/09/2018;0,44;V
08/09/2018;0,42;V
09/09/2018;0,41;V
10/09/2018;0,42;V
11/09/2018;0,42;V
12/09/2018;0,41;V
13/09/2018;0,43;V
14/09/2018;0,41;V
15/09/2018;0,41;V
16/09/2018;0,41;V
17/09/2018;0,41;V
18/09/2018;0,42;V
19/09/2018;0,46;V
20/09/2018;0,43;V
21/09/2018;0,42;V
22/09/2018;0,42;V
23/09/2018;0,42;V
24/09/2018;0,42;V
25/09/2018;0,41;V
26/09/2018;0,39;V
27/09/2018;0,38;V
28/09/2018;0,37;V
29/09/2018;0,38;V
30/09/2018;0,38;V
01/10/2018;0,40;V
02/10/2018;0,41;V
03/10/2018;0,40;V
04/10/2018;0,40;V
05/10/2018;0,40;V
06/10/2018;0,42;V
07/10/2018;0,40;V
08/10/2018;0,40;V
09/10/2018;0,39;V
10/10/2018;0,39;V
11/10/2018;0,40;V
12/10/2018;0,38;V
13/10/2018;0,38;V
14/10/2018;0,39;V
15/10/2018;0,39;V
16/10/2018;0,41;V
17/10/2018;0,41;V
18/10/2018;0,39;V
19/10/2018;0,39;V
20/10/2018;0,39;V
21/10/2018;0,39;V
22/10/2018;0,39;V
23/10/2018;0,39;V
24/10/2018;0,39;V
25/10/2018;0,40;V
26/10/2018;0,42;V
27/10/2018;0,40;V
28/10/2018;0,46;V
29/10/2018;0,62;V
30/10/2018;0,59;V
31/10/2018;0,59;V
01/11/2018;0,76;V
02/11/2018;0,96;V
03/11/2018;0,74;V
04/11/2018;0,63;V
05/11/2018;0,54;V
06/11/2018;0,59;V
07/11/2018;0,58;V
08/11/2018;0,48;V
09/11/2018;0,47;V
10/11/2018;0,57;V
11/11/2018;0,46;V
12/11/2018;0,45;V
13/11/2018;0,46;V
14/11/2018;0,50;V
15/11/2018;0,44;V
16/11/2018;0,44;V
17/11/2018;0,49;V
18/11/2018;0,44;V
19/11/2018;0,48;V
20/11/2018;0,56;V
21/11/2018;0,86;V
22/11/2018;0,96;V
23/11/2018;0,71;V
24/11/2018;0,66;V
25/11/2018;0,83;V
26/11/2018;1,12;V
27/11/2018;1,05;V
28/11/2018;0,95;V
29/11/2018;0,75;V
30/11/2018;0,59;V
01/12/2018;0,71;V
02/12/2018;0,63;V
03/12/2018;0,81;V
04/12/2018;0,97;V
05/12/2018;0,92;V
06/12/2018;0,79;V
07/12/2018;0,68;V
08/12/2018;0,86;V
09/12/2018;0,85;V
10/12/2018;0,94;V
11/12/2018;0,91;V
12/12/2018;0,77;V
13/12/2018;0,76;V
14/12/2018;0,64;V
15/12/2018;0,67;V
16/12/2018;0,66;V
17/12/2018;0,90;V
18/12/2018;0,98;V
19/12/2018;0,89;V
20/12/2018;0,77;V
21/12/2018;1,07;V
22/12/2018;0,93;V
23/12/2018;1,02;V
24/12/2018;0,95;V
25/12/2018;0,81;V
26/12/2018;0,76;V
27/12/2018;0,74;V
28/12/2018;0,71;V
29/12/2018;0,67;V
30/12/2018;0,50;V
31/12/2018;0,65;V
01/01/2019;0,63;V
02/01/2019;0,51;V
03/01/2019;0,65;V
04/01/2019;0,52;V
05/01/2019;0,68;V
06/01/2019;0,48;V
07/01/2019;0,49;V
08/01/2019;0,66;V
09/01/2019;0,51;V
10/01/2019;0,62;V
11/01/2019;0,50;V
12/01/2019;0,62;V
13/01/2019;0,48;V
14/01/2019;0,47;V
15/01/2019;0,63;V
16/01/2019;0,48;V
17/01/2019;0,49;V
18/01/2019;0,69;V
19/01/2019;0,51;V
20/01/2019;0,71;V
21/01/2019;0,52;V
22/01/2019;0,69;V
23/01/2019;0,73;V
24/01/2019;0,75;V
25/01/2019;0,72;V
26/01/2019;0,72;V
27/01/2019;0,67;V
28/01/2019;0,75;V
29/01/2019;0,82;V
30/01/2019;0,74;V
31/01/2019;0,88;V
01/02/2019;1,01;V
02/02/2019;3,22;V
03/02/2019;3,37;V
04/02/2019;1,91;V
05/02/2019;1,44;V
06/02/2019;1,30;V
07/02/2019;1,03;V
08/02/2019;1,06;V
09/02/2019;1,04;V
10/02/2019;0,88;V
11/02/2019;0,74;V
12/02/2019;0,95;V
13/02/2019;0,77;V
14/02/2019;0,70;V
15/02/2019;0,71;V
16/02/2019;0,73;V
17/02/2019;0,74;V
18/02/2019;0,92;V
19/02/2019;0,70;V
20/02/2019;0,69;V
21/02/2019;0,54;V
22/02/2019;0,51;V
23/02/2019;0,74;V
24/02/2019;0,71;V
25/02/2019;0,51;V
26/02/2019;0,68;V
27/02/2019;0,50;V
28/02/2019;0,67;V
01/03/2019;0,52;V
02/03/2019;0,67;V
03/03/2019;0,47;V
04/03/2019;0,54;V
05/03/2019;0,67;V
06/03/2019;0,53;V
07/03/2019;0,63;V
08/03/2019;0,53;V
09/03/2019;0,50;V
10/03/2019;0,63;V
11/03/2019;0,50;V
12/03/2019;0,65;V
13/03/2019;0,49;V
14/03/2019;0,64;V
15/03/2019;0,47;V
16/03/2019;0,46;V
17/03/2019;0,50;V
18/03/2019;0,64;V
19/03/2019;0,52;V
20/03/2019;0,67;V
21/03/2019;0,50;V
22/03/2019;0,67;V
23/03/2019;0,46;V
24/03/2019;0,66;V
25/03/2019;0,46;V
26/03/2019;0,51;V
27/03/2019;0,52;V
28/03/2019;0,46;V
29/03/2019;0,62;V
30/03/2019;0,46;V
31/03/2019;0,59;V
01/04/2019;0,45;V
02/04/2019;0,54;V
03/04/2019;0,66;V
04/04/2019;0,69;V
05/04/2019;1,25;V
06/04/2019;1,19;V
07/04/2019;1,06;V
08/04/2019;0,96;V
09/04/2019;0,68;V
10/04/2019;0,70;V
11/04/2019;0,67;V
12/04/2019;0,74;V
13/04/2019;0,64;V
14/04/2019;0,71;V
15/04/2019;0,85;V
16/04/2019;0,85;V
17/04/2019;0,79;V
18/04/2019;0,74;V
19/04/2019;0,69;V
20/04/2019;0,60;V
21/04/2019;0,49;V
22/04/2019;0,71;V
23/04/2019;1,09;V
24/04/2019;0,88;V
25/04/2019;1,02;V
26/04/2019;0,77;V
27/04/2019;0,98;V
28/04/2019;0,83;V
29/04/2019;0,80;V
30/04/2019;0,79;V
01/05/2019;1,02;V
02/05/2019;0,79;V
03/05/2019;1,05;V
04/05/2019;0,77;V
05/05/2019;0,85;V
06/05/2019;1,12;V
07/05/2019;1,18;V
08/05/2019;1,02;V
09/05/2019;0,98;V
10/05/2019;1,30;V
11/05/2019;1,20;V
12/05/2019;1,07;V
13/05/2019;1,41;V
14/05/2019;1,53;V
15/05/2019;1,29;V
16/05/2019;1,20;V
17/05/2019;1,02;V
18/05/2019;1,00;V
19/05/2019;1,11;V
20/05/2019;1,33;V
21/05/2019;1,39;V
22/05/2019;1,45;V
23/05/2019;1,39;V
24/05/2019;1,05;V
25/05/2019;1,39;V
26/05/2019;1,21;V
27/05/2019;1,21;V
28/05/2019;1,54;V
29/05/2019;1,93;V
30/05/2019;2,02;V
31/05/2019;1,52;V
01/06/2019;1,31;V
02/06/2019;1,17;V
03/06/2019;1,05;V
04/06/2019;0,90;V
05/06/2019;1,03;V
06/06/2019;0,71;V
07/06/2019;0,68;V
08/06/2019;0,83;V
09/06/2019;0,72;V
10/06/2019;0,71;V
11/06/2019;0,68;V
12/06/2019;0,65;V
13/06/2019;0,65;V
14/06/2019;0,64;V
15/06/2019;0,64;V
16/06/2019;0,49;V
17/06/2019;0,63;V
18/06/2019;0,63;V
19/06/2019;0,48;V
20/06/2019;0,58;V
21/06/2019;0,47;V
22/06/2019;0,60;V
23/06/2019;0,49;V
24/06/2019;0,54;V
25/06/2019;0,44;V
26/06/2019;0,43;V
27/06/2019;0,54;V
28/06/2019;0,45;V
29/06/2019;0,45;V
30/06/2019;0,41;V
01/07/2019;0,41;V
02/07/2019;0,48;V
03/07/2019;0,44;V
04/07/2019;0,45;V
05/07/2019;0,42;V
06/07/2019;0,44;V
07/07/2019;0,43;V
08/07/2019;0,43;V
09/07/2019;0,48;V
10/07/2019;0,47;V
11/07/2019;0,54;V
12/07/2019;0,43;V
13/07/2019;0,45;V
14/07/2019;0,45;V
15/07/2019;0,47;V
16/07/2019;0,56;V
17/07/2019;0,43;V
18/07/2019;0,41;V
19/07/2019;0,41;V
20/07/2019;0,40;V
21/07/2019;0,40;V
22/07/2019;0,43;V
23/07/2019;0,41;V
24/07/2019;0,40;V
25/07/2019;0,40;V
26/07/2019;0,40;V
27/07/2019;0,50;V
28/07/2019;1,95;V
29/07/2019;1,29;V
30/07/2019;0,65;V
31/07/2019;0,46;V
01/08/2019;0,43;V
02/08/2019;0,43;V
03/08/2019;0,41;V
04/08/2019;0,41;V
05/08/2019;0,41;V
06/08/2019;0,41;V
07/08/2019;0,41;V
08/08/2019;0,41;V
09/08/2019;0,41;V
10/08/2019;0,41;V
11/08/2019;0,40;V
12/08/2019;0,41;V
13/08/2019;0,40;V
14/08/2019;0,40;V
15/08/2019;0,40;V
16/08/2019;0,40;V
17/08/2019;0,40;V
18/08/2019;0,41;V
19/08/2019;0,40;V
20/08/2019;0,39;V
21/08/2019;0,40;V
22/08/2019;0,41;V
23/08/2019;0,47;V
24/08/2019;0,52;V
25/08/2019;0,59;V
26/08/2019;0,43;V
27/08/2019;0,43;V
28/08/2019;0,44;V
29/08/2019;0,44;V
30/08/2019;0,44;V
31/08/2019;0,42;V
01/09/2019;0,45;V
02/09/2019;0,43;V
03/09/2019;0,49;V
04/09/2019;0,42;V
05/09/2019;0,41;V
06/09/2019;0,41;V
07/09/2019;0,46;V
08/09/2019;0,56;V
09/09/2019;0,51;V
10/09/2019;0,55;V
11/09/2019;0,55;V
12/09/2019;0,56;V
13/09/2019;0,45;V
14/09/2019;0,41;V
15/09/2019;0,41;V
16/09/2019;0,41;V
17/09/2019;0,40;V
18/09/2019;0,42;V
19/09/2019;0,44;V
20/09/2019;0,42;V
21/09/2019;0,40;V
22/09/2019;0,45;V
23/09/2019;0,64;V
24/09/2019;0,58;V
25/09/2019;0,57;V
26/09/2019;0,43;V
27/09/2019;0,59;V
28/09/2019;0,45;V
29/09/2019;0,42;V
30/09/2019;0,42;V
01/10/2019;0,41;V
02/10/2019;0,42;V
03/10/2019;0,47;V
04/10/2019;0,43;V
05/10/2019;0,42;V
06/10/2019;0,41;V
07/10/2019;0,42;V
08/10/2019;0,41;V
09/10/2019;0,41;V
10/10/2019;0,41;V
11/10/2019;0,40;V
12/10/2019;0,42;V
13/10/2019;0,49;V
14/10/2019;0,42;V
15/10/2019;0,43;V
16/10/2019;0,53;V
17/10/2019;0,44;V
18/10/2019;0,42;V
19/10/2019;0,42;V
20/10/2019;0,42;V
21/10/2019;0,42;V
22/10/2019;0,41;V
23/10/2019;0,41;V
24/10/2019;0,44;V
25/10/2019;0,47;V
26/10/2019;0,43;V
27/10/2019;0,43;V
28/10/2019;0,42;V
29/10/2019;0,44;V
30/10/2019;0,45;V
31/10/2019;0,48;V
01/11/2019;0,51;V
02/11/2019;0,48;V
03/11/2019;0,63;V
04/11/2019;0,63;V
05/11/2019;1,22;V
06/11/2019;1,99;V
07/11/2019;1,45;V
08/11/2019;1,33;V
09/11/2019;1,68;V
10/11/2019;1,50;V
11/11/2019;1,16;V
12/11/2019;0,89;V
13/11/2019;1,22;V
14/11/2019;1,19;V
15/11/2019;1,41;V
16/11/2019;2,71;V
17/11/2019;5,88;V
18/11/2019;2,91;V
19/11/2019;2,49;V
20/11/2019;2,03;V
21/11/2019;1,61;V
22/11/2019;1,46;V
23/11/2019;1,17;V
24/11/2019;1,07;V
25/11/2019;1,05;V
26/11/2019;1,05;V
27/11/2019;1,10;V
28/11/2019;1,06;V
29/11/2019;1,21;V
30/11/2019;1,31;V
01/12/2019;1,21;V
02/12/2019;1,61;V
03/12/2019;3,01;V
04/12/2019;1,70;V
05/12/2019;1,39;V
06/12/2019;1,23;V
07/12/2019;1,12;V
08/12/2019;1,09;V
09/12/2019;1,11;V
10/12/2019;1,10;V
11/12/2019;0,96;V
12/12/2019;1,19;V
13/12/2019;1,31;V
14/12/2019;1,63;V
15/12/2019;1,32;V
16/12/2019;1,20;V
17/12/2019;1,18;V
18/12/2019;1,06;V
19/12/2019;1,04;V
20/12/2019;1,04;V
21/12/2019;3,00;V
22/12/2019;5,17;V
23/12/2019;2,98;V
24/12/2019;1,82;V
25/12/2019;1,54;V
26/12/2019;1,38;V
27/12/2019;1,25;V
28/12/2019;1,11;V
29/12/2019;1,09;V
30/12/2019;1,08;V
31/12/2019;1,06;V
01/01/2020;0,71;V
02/01/2020;0,82;V
03/01/2020;0,86;V
04/01/2020;0,81;V
05/01/2020;0,79;V
06/01/2020;0,78;V
07/01/2020;0,78;V
08/01/2020;0,73;V
09/01/2020;0,81;V
10/01/2020;0,72;V
11/01/2020;0,74;V
12/01/2020;0,71;V
13/01/2020;0,69;V
14/01/2020;0,73;V
15/01/2020;0,69;V
16/01/2020;0,72;V
17/01/2020;0,75;V
18/01/2020;1,01;V
19/01/2020;0,67;V
20/01/2020;0,71;V
21/01/2020;0,73;V
22/01/2020;0,71;V
23/01/2020;0,67;V
24/01/2020;0,69;V
25/01/2020;0,76;V
26/01/2020;0,83;V
27/01/2020;0,87;V
28/01/2020;1,00;V
29/01/2020;0,87;V
30/01/2020;0,85;V
31/01/2020;0,90;V
01/02/2020;0,89;V
02/02/2020;1,06;V
03/02/2020;1,08;V
04/02/2020;1,08;V
05/02/2020;0,97;V
06/02/2020;0,85;V
07/02/2020;0,79;V
08/02/2020;0,78;V
09/02/2020;0,77;V
10/02/2020;0,61;V
11/02/2020;0,78;V
12/02/2020;0,75;V
13/02/2020;0,71;V
14/02/2020;0,94;V
15/02/2020;0,91;V
16/02/2020;0,82;V
17/02/2020;0,81;V
18/02/2020;0,76;V
19/02/2020;0,71;V
20/02/2020;0,70;V
21/02/2020;0,68;V
22/02/2020;0,67;V
23/02/2020;0,68;V
24/02/2020;0,56;V
25/02/2020;0,73;V
26/02/2020;0,67;V
27/02/2020;0,67;V
28/02/2020;0,79;V
29/02/2020;1,00;V
01/03/2020;1,11;V
02/03/2020;1,61;V
03/03/2020;3,31;V
04/03/2020;1,93;V
05/03/2020;1,64;V
06/03/2020;1,73;V
07/03/2020;1,59;V
08/03/2020;1,38;V
09/03/2020;1,18;V
10/03/2020;0,97;V
11/03/2020;1,04;V
12/03/2020;0,90;V
13/03/2020;0,89;V
14/03/2020;0,87;V
15/03/2020;0,85;V
16/03/2020;0,82;V
17/03/2020;0,81;V
18/03/2020;0,81;V
19/03/2020;0,78;V
20/03/2020;0,72;V
21/03/2020;0,74;V
22/03/2020;0,72;V
23/03/2020;0,69;V
24/03/2020;0,71;V
25/03/2020;0,72;V
26/03/2020;0,72;V
27/03/2020;0,72;V
28/03/2020;0,73;V
29/03/2020;0,70;V
30/03/2020;0,74;V
31/03/2020;0,77;V
01/04/2020;0,75;V
02/04/2020;0,75;V
03/04/2020;0,74;V
04/04/2020;0,72;V
05/04/2020;0,72;V
06/04/2020;0,55;V
07/04/2020;0,73;V
08/04/2020;0,71;V
09/04/2020;0,67;V
10/04/2020;0,53;V
11/04/2020;0,69;V
12/04/2020;0,53;V
13/04/2020;0,70;V
14/04/2020;0,55;V
15/04/2020;0,69;V
16/04/2020;0,53;V
17/04/2020;0,69;V
18/04/2020;0,53;V
19/04/2020;0,53;V
20/04/2020;0,76;V
21/04/2020;0,75;V
22/04/2020;0,71;V
23/04/2020;0,71;V
24/04/2020;0,72;V
25/04/2020;0,72;V
26/04/2020;0,67;V
27/04/2020;0,52;V
28/04/2020;0,77;V
29/04/2020;1,11;V
30/04/2020;1,10;V
01/05/2020;0,83;V
02/05/2020;0,75;V
03/05/2020;0,77;V
04/05/2020;0,76;V
05/05/2020;0,70;V
06/05/2020;0,70;V
07/05/2020;0,64;V
08/05/2020;0,51;V
09/05/2020;0,51;V
10/05/2020;0,57;V
11/05/2020;0,60;V
12/05/2020;0,64;V
13/05/2020;0,66;V
14/05/2020;0,67;V
15/05/2020;0,64;V
16/05/2020;0,66;V
17/05/2020;0,70;V
18/05/2020;0,52;V
19/05/2020;0,71;V
20/05/2020;0,89;V
21/05/2020;1,09;V
22/05/2020;0,70;V
23/05/2020;0,57;V
24/05/2020;0,71;V
25/05/2020;0,59;V
26/05/2020;0,49;V
27/05/2020;0,48;V
28/05/2020;0,57;V
29/05/2020;0,63;V
30/05/2020;0,62;V
31/05/2020;0,58;V
01/06/2020;0,48;V
02/06/2020;0,59;V
03/06/2020;0,48;V
04/06/2020;0,62;V
05/06/2020;1,39;V
06/06/2020;1,02;V
07/06/2020;0,65;V
08/06/2020;0,65;V
09/06/2020;0,79;V
10/06/2020;0,86;V
11/06/2020;0,69;V
12/06/2020;0,67;V
13/06/2020;0,69;V
14/06/2020;0,82;V
15/06/2020;0,97;V
16/06/2020;0,86;V
17/06/2020;0,87;V
18/06/2020;0,83;V
19/06/2020;0,69;V
20/06/2020;0,62;V
21/06/2020;0,58;V
22/06/2020;0,65;V
23/06/2020;0,59;V
24/06/2020;0,56;V
25/06/2020;0,60;V
26/06/2020;0,57;V
27/06/2020;0,45;V
28/06/2020;0,55;V
29/06/2020;0,44;V
30/06/2020;0,56;V
01/07/2020;0,44;V
02/07/2020;0,54;V
03/07/2020;0,51;V
04/07/2020;0,43;V
05/07/2020;0,42;V
06/07/2020;0,46;V
07/07/2020;0,42;V
08/07/2020;0,46;V
09/07/2020;0,42;V
10/07/2020;0,49;V
11/07/2020;0,53;V
12/07/2020;0,49;V
13/07/2020;0,48;V
14/07/2020;0,48;V
15/07/2020;0,52;V
16/07/2020;0,51;V
17/07/2020;0,46;V
18/07/2020;0,43;V
19/07/2020;0,41;V
20/07/2020;0,40;V
21/07/2020;0,40;V
22/07/2020;0,42;V
23/07/2020;0,42;V
24/07/2020;0,42;V
25/07/2020;0,42;V
26/07/2020;0,42;V
27/07/2020;0,41;V
28/07/2020;0,41;V
29/07/2020;0,40;V
30/07/2020;0,40;V
31/07/2020;0,40;V
01/08/2020;0,39;V
02/08/2020;0,40;V
03/08/2020;0,41;V
04/08/2020;0,40;V
05/08/2020;0,41;V
06/08/2020;0,41;V
07/08/2020;0,40;V
08/08/2020;0,39;V
09/08/2020;0,38;V
10/08/2020;0,38;V
11/08/2020;0,38;V
12/08/2020;0,43;V
13/08/2020;0,40;V
14/08/2020;0,39;V
15/08/2020;0,39;V
16/08/2020;0,38;V
17/08/2020;0,39;V
18/08/2020;0,41;V
19/08/2020;0,40;V
20/08/2020;0,38;V
21/08/2020;0,38;V
22/08/2020;0,39;V
23/08/2020;0,38;V
24/08/2020;0,39;V
25/08/2020;0,47;V
26/08/2020;0,41;V
27/08/2020;0,41;V
28/08/2020;0,41;V
29/08/2020;0,40;V
30/08/2020;0,49;V
31/08/2020;0,47;V
01/09/2020;0,48;V
02/09/2020;0,47;V
03/09/2020;0,41;V
04/09/2020;0,40;V
05/09/2020;0,40;V
06/09/2020;0,41;V
07/09/2020;0,41;V
08/09/2020;0,41;V
09/09/2020;0,40;V
10/09/2020;0,40;V
11/09/2020;0,40;V
12/09/2020;0,39;V
13/09/2020;0,38;V
14/09/2020;0,39;V
15/09/2020;0,39;V
16/09/2020;0,39;V
17/09/2020;0,39;V
18/09/2020;0,40;V
19/09/2020;0,40;V
20/09/2020;0,42;V
21/09/2020;0,46;V
22/09/2020;0,48;V
23/09/2020;0,52;V
24/09/2020;0,48;V
25/09/2020;0,87;V
26/09/2020;0,70;V
27/09/2020;0,62;V
28/09/2020;0,59;V
29/09/2020;0,63;V
30/09/2020;0,61;V
01/10/2020;0,66;V
02/10/2020;0,67;V
03/10/2020;0,95;V
04/10/2020;0,74;V
05/10/2020;0,84;V
06/10/2020;0,69;V
07/10/2020;0,83;V
08/10/2020;0,96;V
09/10/2020;0,69;V
10/10/2020;0,70;V
11/10/2020;0,89;V
12/10/2020;1,26;V
13/10/2020;1,08;V
14/10/2020;1,04;V
15/10/2020;1,12;V
16/10/2020;1,25;V
17/10/2020;1,11;V
18/10/2020;1,08;V
19/10/2020;0,66;V
20/10/2020;0,52;V
21/10/2020;0,54;V
22/10/2020;0,53;V
23/10/2020;0,68;V
24/10/2020;0,70;V
25/10/2020;1,20;V
26/10/2020;1,12;V
27/10/2020;1,22;V
28/10/2020;0,72;V
29/10/2020;0,60;V
30/10/2020;0,56;V
31/10/2020;0,54;V
01/11/2020;0,77;V
02/11/2020;0,82;V
03/11/2020;0,54;V
04/11/2020;0,53;V
05/11/2020;0,51;V
06/11/2020;0,49;V
07/11/2020;0,48;V
08/11/2020;0,48;V
09/11/2020;0,63;V
10/11/2020;0,49;V
11/11/2020;0,49;V
12/11/2020;0,50;V
13/11/2020;0,51;V
14/11/2020;0,50;V
15/11/2020;0,64;V
16/11/2020;0,68;V
17/11/2020;1,37;V
18/11/2020;0,90;V
19/11/2020;0,68;V
20/11/2020;0,63;V
21/11/2020;0,70;V
22/11/2020;0,72;V
23/11/2020;0,60;V
24/11/2020;0,64;V
25/11/2020;0,62;V
26/11/2020;0,64;V
27/11/2020;0,64;V
28/11/2020;0,65;V
29/11/2020;0,63;V
30/11/2020;0,48;V
01/12/2020;0,69;V
02/12/2020;0,79;V
03/12/2020;1,12;V
04/12/2020;0,76;V
05/12/2020;2,88;V
06/12/2020;3,66;V
07/12/2020;2,72;V
08/12/2020;2,04;V
09/12/2020;2,47;V
10/12/2020;2,23;V
11/12/2020;1,79;V
12/12/2020;1,58;V
13/12/2020;1,32;V
14/12/2020;1,04;V
15/12/2020;1,09;V
16/12/2020;1,08;V
17/12/2020;1,08;V
18/12/2020;0,93;V
19/12/2020;0,79;V
20/12/2020;0,94;V
21/12/2020;0,96;V
22/12/2020;0,72;V
23/12/2020;0,89;V
24/12/2020;0,82;V
25/12/2020;0,84;V
26/12/2020;0,98;V
27/12/2020;1,06;V
28/12/2020;1,36;V
29/12/2020;2,20;V
30/12/2020;2,77;V
31/12/2020;2,02;V
01/01/2021;1,72;V
02/01/2021;2,48;V
03/01/2021;2,77;V
04/01/2021;1,88;V
05/01/2021;2,14;V
06/01/2021;2,17;V
07/01/2021;1,81;V
08/01/2021;1,58;V
09/01/2021;1,39;V
10/01/2021;1,25;V
11/01/2021;1,37;V
12/01/2021;1,28;V
13/01/2021;1,16;V
14/01/2021;1,36;V
15/01/2021;0,97;V
16/01/2021;0,98;V
17/01/2021;1,28;V
18/01/2021;0,84;V
19/01/2021;0,95;V
20/01/2021;0,94;V
21/01/2021;0,94;V
22/01/2021;1,11;V
23/01/2021;1,83;V
24/01/2021;2,34;V
25/01/2021;2,90;V
26/01/2021;2,34;V
27/01/2021;1,61;V
28/01/2021;1,48;V
29/01/2021;1,43;V
30/01/2021;1,50;V
31/01/2021;1,59;V
01/02/2021;1,56;V
02/02/2021;1,49;V
03/02/2021;1,40;V
04/02/2021;1,30;V
05/02/2021;1,30;V
06/02/2021;1,34;V
07/02/2021;1,41;V
08/02/2021;2,59;V
09/02/2021;2,82;V
10/02/2021;3,10;V
11/02/2021;2,65;V
12/02/2021;1,75;V
13/02/2021;1,62;V
14/02/2021;1,59;V
15/02/2021;1,36;V
16/02/2021;1,16;V
17/02/2021;1,18;V
18/02/2021;1,28;V
19/02/2021;1,30;V
20/02/2021;1,21;V
21/02/2021;1,11;V
22/02/2021;1,10;V
23/02/2021;1,07;V
24/02/2021;0,94;V
25/02/2021;0,96;V
26/02/2021;0,96;V
27/02/2021;0,97;V
28/02/2021;0,87;V
01/03/2021;0,93;V
02/03/2021;0,74;V
03/03/2021;0,74;V
04/03/2021;1,04;V
05/03/2021;0,84;V
06/03/2021;0,91;V
07/03/2021;0,70;V
08/03/2021;0,76;V
09/03/2021;0,73;V
10/03/2021;0,71;V
11/03/2021;0,71;V
12/03/2021;0,73;V
13/03/2021;0,90;V
14/03/2021;0,88;V
15/03/2021;0,72;V
16/03/2021;0,72;V
17/03/2021;0,71;V
18/03/2021;0,70;V
19/03/2021;0,87;V
20/03/2021;0,74;V
21/03/2021;0,73;V
22/03/2021;0,74;V
23/03/2021;0,71;V
24/03/2021;0,53;V
25/03/2021;0,62;V
26/03/2021;0,65;V
27/03/2021;0,64;V
28/03/2021;0,67;V
29/03/2021;0,55;V
30/03/2021;0,65;V
31/03/2021;0,63;V
01/04/2021;0,65;V
02/04/2021;0,70;V
03/04/2021;0,70;V
04/04/2021;0,64;V
05/04/2021;0,52;V
06/04/2021;0,67;V
07/04/2021;0,68;V
08/04/2021;0,60;V
09/04/2021;0,65;V
10/04/2021;0,68;V
11/04/2021;0,74;V
12/04/2021;1,12;V
13/04/2021;1,96;V
14/04/2021;1,42;V
15/04/2021;1,12;V
16/04/2021;0,91;V
17/04/2021;0,77;V
18/04/2021;0,74;V
19/04/2021;0,73;V
20/04/2021;0,85;V
21/04/2021;0,83;V
22/04/2021;0,76;V
23/04/2021;0,75;V
24/04/2021;0,74;V
25/04/2021;0,74;V
26/04/2021;0,74;V
27/04/2021;0,77;V
28/04/2021;0,84;V
29/04/2021;0,91;V
30/04/2021;0,94;V
01/05/2021;0,86;V
02/05/2021;1,22;V
03/05/2021;1,09;V
04/05/2021;0,92;V
05/05/2021;0,93;V
06/05/2021;0,84;V
07/05/2021;0,78;V
08/05/2021;0,64;V
09/05/2021;0,74;V
10/05/2021;0,76;V
11/05/2021;0,85;V
12/05/2021;0,86;V
13/05/2021;0,78;V
14/05/2021;0,78;V
15/05/2021;0,63;V
16/05/2021;0,63;V
17/05/2021;0,71;V
18/05/2021;0,62;V
19/05/2021;0,86;V
20/05/2021;1,26;V
21/05/2021;0,95;V
22/05/2021;0,72;V
23/05/2021;0,94;V
24/05/2021;0,79;V
25/05/2021;0,72;V
26/05/2021;0,67;V
27/05/2021;0,64;V
28/05/2021;0,53;V
29/05/2021;0,56;V
30/05/2021;0,55;V
31/05/2021;0,52;V
01/06/2021;0,55;V
02/06/2021;0,59;V
03/06/2021;0,59;V
04/06/2021;0,56;V
05/06/2021;0,62;V
06/06/2021;0,60;V
07/06/2021;0,64;V
08/06/2021;0,55;V
09/06/2021;0,65;V
10/06/2021;0,62;V
11/06/2021;0,53;V
12/06/2021;0,58;V
13/06/2021;0,56;V
14/06/2021;0,52;V
15/06/2021;0,50;V
16/06/2021;0,50;V
17/06/2021;0,49;V
18/06/2021;0,49;V
19/06/2021;0,54;V
20/06/2021;0,55;V
21/06/2021;0,49;V
22/06/2021;0,48;V
23/06/2021;0,48;V
24/06/2021;0,48;V
25/06/2021;0,43;V
26/06/2021;0,46;V
27/06/2021;0,47;V
28/06/2021;0,42;V
29/06/2021;0,43;V
30/06/2021;0,42;V
01/07/2021;0,41;V
02/07/2021;0,41;V
03/07/2021;0,41;V
04/07/2021;0,42;V
05/07/2021;0,42;V
06/07/2021;0,41;V
07/07/2021;0,41;V
08/07/2021;0,40;V
09/07/2021;0,40;V
10/07/2021;0,40;V
11/07/2021;0,39;V
12/07/2021;0,40;V
13/07/2021;0,40;V
14/07/2021;0,45;V
15/07/2021;0,44;V
16/07/2021;0,42;V
17/07/2021;0,41;V
18/07/2021;0,40;V
19/07/2021;0,39;V
20/07/2021;0,42;V
21/07/2021;0,42;V
22/07/2021;0,41;V
23/07/2021;0,40;V
24/07/2021;0,41;V
25/07/2021;0,41;V
26/07/2021;0,41;V
27/07/2021;0,41;V
28/07/2021;0,41;V
29/07/2021;0,41;V
30/07/2021;0,41;V
31/07/2021;0,41;V
01/08/2021;0,41;V
02/08/2021;0,42;V
03/08/2021;0,41;V
04/08/2021;0,41;V
05/08/2021;0,41;V
06/08/2021;0,41;V
07/08/2021;0,40;V
08/08/2021;0,40;V
09/08/2021;0,40;V
10/08/2021;0,40;V
11/08/2021;0,39;V
12/08/2021;0,40;V
13/08/2021;0,39;V
14/08/2021;0,40;V
15/08/2021;0,40;V
16/08/2021;0,40;V
17/08/2021;0,38;V
18/08/2021;0,39;V
19/08/2021;0,40;V
20/08/2021;0,40;V
21/08/2021;0,41;V
22/08/2021;0,41;V
23/08/2021;0,40;V
24/08/2021;0,40;V
25/08/2021;0,39;V
26/08/2021;0,40;V
27/08/2021;0,39;V
28/08/2021;0,40;V
29/08/2021;0,41;V
30/08/2021;0,41;V
31/08/2021;0,48;V
01/09/2021;0,52;V
02/09/2021;0,50;V
03/09/2021;0,56;V
04/09/2021;0,44;V
05/09/2021;0,40;V
06/09/2021;0,39;V
07/09/2021;0,44;V
08/09/2021;0,44;V
09/09/2021;0,42;V
10/09/2021;0,41;V
11/09/2021;0,39;V
12/09/2021;0,39;V
13/09/2021;0,38;V
14/09/2021;0,38;V
15/09/2021;0,38;V
16/09/2021;0,38;V
17/09/2021;0,37;V
18/09/2021;0,37;V
19/09/2021;0,38;V
20/09/2021;0,38;V
21/09/2021;0,38;V
22/09/2021;0,38;V
23/09/2021;0,38;V
24/09/2021;0,37;V
25/09/2021;0,37;V
26/09/2021;0,38;V
27/09/2021;0,39;V
28/09/2021;0,39;V
29/09/2021;0,38;V
30/09/2021;0,37;V
01/10/2021;0,37;V
02/10/2021;0,37;V
03/10/2021;0,37;V
04/10/2021;0,37;V
05/10/2021;0,41;V
06/10/2021;0,41;V
07/10/2021;0,37;V
08/10/2021;0,35;V
09/10/2021;0,37;V
10/10/2021;0,38;V
11/10/2021;0,38;V
12/10/2021;0,41;V
13/10/2021;0,41;V
14/10/2021;0,39;V
15/10/2021;0,39;V
16/10/2021;0,39;V
17/10/2021;0,41;V
18/10/2021;0,41;V
19/10/2021;0,41;V
20/10/2021;0,42;V
21/10/2021;0,42;V
22/10/2021;0,44;V
23/10/2021;0,46;V
24/10/2021;0,41;V
25/10/2021;0,41;V
26/10/2021;0,41;V
27/10/2021;0,40;V
28/10/2021;0,41;V
29/10/2021;0,41;V
30/10/2021;0,42;V
31/10/2021;0,42;V
01/11/2021;0,42;V
02/11/2021;0,48;V
03/11/2021;0,47;V
04/11/2021;0,58;V
05/11/2021;0,49;V
06/11/2021;0,40;V
07/11/2021;0,47;V
08/11/2021;0,45;V
09/11/2021;0,53;V
10/11/2021;0,48;V
11/11/2021;0,43;V
12/11/2021;0,43;V
13/11/2021;0,56;V
14/11/2021;0,54;V
15/11/2021;0,47;V
16/11/2021;0,44;V
17/11/2021;0,49;V
18/11/2021;0,47;V
19/11/2021;0,58;V
20/11/2021;0,54;V
21/11/2021;0,45;V
22/11/2021;0,45;V
23/11/2021;0,43;V
24/11/2021;0,55;V
25/11/2021;0,50;V
26/11/2021;0,46;V
27/11/2021;0,45;V
28/11/2021;0,67;V
29/11/2021;0,69;V
30/11/2021;0,67;V
01/12/2021;0,59;V
02/12/2021;0,73;V
03/12/2021;1,19;V
04/12/2021;1,03;V
05/12/2021;1,07;V
06/12/2021;1,01;V
07/12/2021;0,93;V
08/12/2021;0,88;V
09/12/2021;1,31;V
10/12/2021;1,32;V
11/12/2021;1,19;V
12/12/2021;1,14;V
13/12/2021;0,91;V
14/12/2021;0,81;V
15/12/2021;0,81;V
16/12/2021;0,80;V
17/12/2021;0,74;V
18/12/2021;0,50;V
19/12/2021;0,75;V
20/12/2021;0,77;V
21/12/2021;0,60;V
22/12/2021;0,47;V
23/12/2021;0,73;V
24/12/2021;0,79;V
25/12/2021;1,40;V
26/12/2021;2,34;V
27/12/2021;1,90;V
28/12/2021;1,54;V
29/12/2021;1,35;V
30/12/2021;1,18;V
31/12/2021;1,12;V
01/01/2022;1,02;V
02/01/2022;0,65;V
03/01/2022;0,65;V
04/01/2022;0,84;V
05/01/2022;0,91;V
06/01/2022;1,14;V
07/01/2022;1,27;V
08/01/2022;1,06;V
09/01/2022;1,09;V
10/01/2022;1,08;V
11/01/2022;0,93;V
12/01/2022;0,83;V
13/01/2022;0,83;V
14/01/2022;0,82;V
15/01/2022;0,81;V
16/01/2022;0,80;V
17/01/2022;0,79;V
18/01/2022;0,79;V
19/01/2022;0,78;V
20/01/2022;0,79;V
21/01/2022;0,55;V
22/01/2022;0,51;V
23/01/2022;0,50;V
24/01/2022;0,98;V
25/01/2022;0,85;V
26/01/2022;0,51;V
27/01/2022;0,49;V
28/01/2022;0,48;V
29/01/2022;0,53;V
30/01/2022;0,77;V
31/01/2022;0,77;V
01/02/2022;0,75;V
02/02/2022;0,50;V
03/02/2022;0,47;V
04/02/2022;0,46;V
05/02/2022;0,48;V
06/02/2022;0,48;V
07/02/2022;0,45;V
08/02/2022;0,51;V
09/02/2022;0,52;V
10/02/2022;0,75;V
11/02/2022;0,75;V
12/02/2022;0,74;V
13/02/2022;0,55;V
14/02/2022;0,47;V
15/02/2022;0,83;V
16/02/2022;1,31;V
17/02/2022;1,04;V
18/02/2022;0,97;V
19/02/2022;0,90;V
20/02/2022;0,89;V
21/02/2022;0,81;V
22/02/2022;0,79;V
23/02/2022;0,79;V
24/02/2022;0,78;V
25/02/2022;0,77;V
26/02/2022;0,79;V
27/02/2022;0,76;V
28/02/2022;0,78;V
01/03/2022;0,76;V
02/03/2022;0,78;V
03/03/2022;0,78;V
04/03/2022;0,77;V
05/03/2022;0,75;V
06/03/2022;0,75;V
07/03/2022;0,74;V
08/03/2022;0,50;V
09/03/2022;0,48;V
10/03/2022;0,47;V
11/03/2022;0,47;V
12/03/2022;0,73;V
13/03/2022;0,76;V
14/03/2022;0,75;V
15/03/2022;0,70;V
16/03/2022;0,48;V
17/03/2022;0,47;V
18/03/2022;0,46;V
19/03/2022;0,45;V
20/03/2022;0,45;V
21/03/2022;0,44;V
22/03/2022;0,46;V
23/03/2022;0,46;V
24/03/2022;0,47;V
25/03/2022;0,46;V
26/03/2022;0,46;V
27/03/2022;0,46;V
28/03/2022;0,46;V
29/03/2022;0,74;V
30/03/2022;0,75;V
31/03/2022;0,87;V
01/04/2022;1,31;V
02/04/2022;1,11;V
03/04/2022;1,15;V
04/04/2022;1,10;V
05/04/2022;1,07;V
06/04/2022;1,03;V
07/04/2022;1,01;V
08/04/2022;1,03;V
09/04/2022;1,01;V
10/04/2022;0,83;V
11/04/2022;0,82;V
12/04/2022;0,81;V
13/04/2022;0,79;V
14/04/2022;0,54;V
15/04/2022;0,50;V
16/04/2022;0,77;V
17/04/2022;0,76;V
18/04/2022;0,75;V
19/04/2022;0,71;V
20/04/2022;0,49;V
21/04/2022;0,49;V
22/04/2022;1,02;V
23/04/2022;1,50;V
24/04/2022;1,25;V
25/04/2022;1,62;V
26/04/2022;1,33;V
27/04/2022;1,13;V
28/04/2022;1,01;V
29/04/2022;0,92;V
30/04/2022;0,89;V
01/05/2022;0,79;V
02/05/2022;0,87;V
03/05/2022;0,79;V
04/05/2022;0,79;V
05/05/2022;0,79;V
06/05/2022;0,89;V
07/05/2022;0,79;V
08/05/2022;0,56;V
09/05/2022;0,76;V
10/05/2022;0,71;V
11/05/2022;0,49;V
12/05/2022;0,48;V
13/05/2022;0,48;V
14/05/2022;0,75;V
15/05/2022;0,48;V
16/05/2022;0,47;V
17/05/2022;0,51;V
18/05/2022;0,49;V
19/05/2022;0,51;V
20/05/2022;0,58;V
21/05/2022;0,53;V
22/05/2022;0,46;V
23/05/2022;0,50;V
24/05/2022;0,54;V
25/05/2022;0,49;V
26/05/2022;0,44;V
27/05/2022;0,48;V
28/05/2022;0,52;V
29/05/2022;0,46;V
30/05/2022;0,54;V
31/05/2022;0,64;V
01/06/2022;0,46;V
02/06/2022;0,44;V
03/06/2022;0,43;V
04/06/2022;0,43;V
05/06/2022;0,43;V
06/06/2022;0,43;V
07/06/2022;0,46;V
08/06/2022;0,48;V
09/06/2022;0,42;V
10/06/2022;0,66;V
11/06/2022;0,44;V
12/06/2022;0,42;V
13/06/2022;0,43;V
14/06/2022;0,42;V
15/06/2022;0,43;V
16/06/2022;0,43;V
17/06/2022;0,42;V
18/06/2022;0,41;V
19/06/2022;0,42;V
20/06/2022;0,42;V
21/06/2022;0,42;V
22/06/2022;0,42;V
23/06/2022;0,42;V
24/06/2022;0,42;V
25/06/2022;0,41;V
26/06/2022;0,41;V
27/06/2022;0,41;V
28/06/2022;0,41;V
29/06/2022;0,42;V
30/06/2022;0,40;V
01/07/2022;0,40;V
02/07/2022;0,39;V
03/07/2022;0,39;V
04/07/2022;0,40;V
05/07/2022;0,39;V
06/07/2022;0,39;V
07/07/2022;0,41;V
08/07/2022;0,42;V
09/07/2022;0,40;V
10/07/2022;0,41;V
11/07/2022;0,40;V
12/07/2022;0,40;V
13/07/2022;0,39;V
14/07/2022;0,39;V
15/07/2022;0,39;V
16/07/2022;0,39;V
17/07/2022;0,39;V
18/07/2022;0,39;V
19/07/2022;0,39;V
20/07/2022;0,38;V
21/07/2022;0,39;V
22/07/2022;0,39;V
23/07/2022;0,39;V
24/07/2022;0,39;V
25/07/2022;0,40;V
26/07/2022;0,39;V
27/07/2022;0,38;V
28/07/2022;0,38;V
29/07/2022;0,39;V
30/07/2022;0,38;V
31/07/2022;0,39;V
01/08/2022;0,39;V
02/08/2022;0,37;V
03/08/2022;0,38;V
04/08/2022;0,40;V
05/08/2022;0,40;V
06/08/2022;0,39;V
07/08/2022;0,38;V
08/08/2022;0,39;V
09/08/2022;0,38;V
10/08/2022;0,39;V
11/08/2022;0,38;V
12/08/2022;0,40;V
13/08/2022;0,42;V
14/08/2022;0,43;V
15/08/2022;0,43;V
16/08/2022;0,80;V
17/08/2022;0,46;V
18/08/2022;0,43;V
19/08/2022;0,60;V
20/08/2022;0,47;V
21/08/2022;0,43;V
22/08/2022;0,44;V
23/08/2022;0,44;V
24/08/2022;0,42;V
25/08/2022;0,43;V
26/08/2022;0,43;V
27/08/2022;0,43;V
28/08/2022;0,49;V
29/08/2022;0,51;V
30/08/2022;0,47;V
31/08/2022;0,45;V
01/09/2022;0,43;V
02/09/2022;0,43;V
03/09/2022;0,43;V
04/09/2022;0,45;V
05/09/2022;0,44;V
06/09/2022;0,44;V
07/09/2022;0,43;V
08/09/2022;0,43;V
09/09/2022;0,43;V
10/09/2022;0,42;V
11/09/2022;0,43;V
12/09/2022;0,43;V
13/09/2022;0,49;V
14/09/2022;0,50;V
15/09/2022;0,53;V
16/09/2022;0,47;V
17/09/2022;0,54;V
18/09/2022;0,61;V
19/09/2022;0,52;V
20/09/2022;0,44;V
21/09/2022;0,42;V
22/09/2022;0,42;V
23/09/2022;0,42;V
24/09/2022;0,47;V
25/09/2022;2,23;V
26/09/2022;1,50;V
27/09/2022;1,03;V
28/09/2022;0,80;V
29/09/2022;0,97;V
30/09/2022;1,54;V
01/10/2022;1,46;V
02/10/2022;1,11;V
03/10/2022;0,94;V
04/10/2022;0,81;V
05/10/2022;0,79;V
06/10/2022;0,51;V
07/10/2022;0,47;V
08/10/2022;0,46;V
09/10/2022;0,45;V
10/10/2022;0,45;V
11/10/2022;0,45;V
12/10/2022;0,44;V
13/10/2022;0,43;V
14/10/2022;0,44;V
15/10/2022;0,44;V
16/10/2022;0,44;V
17/10/2022;0,43;V
18/10/2022;0,43;V
19/10/2022;0,43;V
20/10/2022;0,43;V
21/10/2022;0,44;V
22/10/2022;0,42;V
23/10/2022;0,43;V
24/10/2022;0,43;V
25/10/2022;0,48;V
26/10/2022;0,41;V
27/10/2022;0,41;V
28/10/2022;0,42;V
29/10/2022;0,41;V
30/10/2022;0,41;V
31/10/2022;0,40;V
01/11/2022;0,40;V
02/11/2022;0,40;V
03/11/2022;0,42;V
04/11/2022;0,58;V
05/11/2022;0,55;V
06/11/2022;0,54;V
07/11/2022;0,52;V
08/11/2022;0,59;V
09/11/2022;0,60;V
10/11/2022;0,60;V
11/11/2022;0,60;V
12/11/2022;0,60;V
13/11/2022;0,60;V
14/11/2022;0,59;V
15/11/2022;0,44;V
16/11/2022;0,51;V
17/11/2022;0,90;V
18/11/2022;0,78;V
19/11/2022;0,54;V
20/11/2022;0,61;V
21/11/2022;0,90;V
22/11/2022;1,77;V
23/11/2022;2,10;V
24/11/2022;1,43;V
25/11/2022;1,09;V
26/11/2022;0,99;V
27/11/2022;0,83;V
28/11/2022;0,66;V
29/11/2022;0,65;V
30/11/2022;0,57;V
01/12/2022;0,79;V
02/12/2022;;@
03/12/2022;;@
04/12/2022;;@
05/12/2022;;@
06/12/2022;1,66;V
07/12/2022;1,80;V
08/12/2022;1,51;V
09/12/2022;1,33;V
10/12/2022;2,56;V
11/12/2022;2,25;V
12/12/2022;1,65;V
13/12/2022;1,44;V
14/12/2022;1,38;V
15/12/2022;1,30;V
16/12/2022;4,48;V
17/12/2022;3,05;V
18/12/2022;1,68;V
19/12/2022;1,52;V
20/12/2022;1,28;V
21/12/2022;1,19;V
22/12/2022;1,16;V
23/12/2022;1,06;V
24/12/2022;0,98;V
25/12/2022;0,97;V
26/12/2022;0,95;V
27/12/2022;1,05;V
28/12/2022;1,04;V
29/12/2022;1,03;V
30/12/2022;0,65;V
31/12/2022;0,73;V
01/01/2023;0,95;P
02/01/2023;0,93;P
03/01/2023;0,92;P
04/01/2023;0,73;P
05/01/2023;0,74;P
06/01/2023;0,82;P
07/01/2023;0,78;P
08/01/2023;0,68;P
09/01/2023;1,24;P
10/01/2023;1,42;P
11/01/2023;1,18;P
12/01/2023;1,07;P
13/01/2023;0,95;P
14/01/2023;0,94;P
15/01/2023;0,93;P
16/01/2023;1,02;P
17/01/2023;1,88;P
18/01/2023;2,98;P
19/01/2023;2,37;P
20/01/2023;1,85;P
21/01/2023;1,55;P
22/01/2023;1,34;P
23/01/2023;1,31;P
24/01/2023;1,38;P
25/01/2023;1,34;P
26/01/2023;1,21;P
27/01/2023;1,24;P
28/01/2023;1,15;P
29/01/2023;1,09;P
30/01/2023;1,09;P
31/01/2023;0,92;P
01/02/2023;0,92;P
02/02/2023;0,89;P
03/02/2023;1,02;P
04/02/2023;1,02;P
05/02/2023;1,01;P
06/02/2023;0,97;P
07/02/2023;0,93;P
08/02/2023;0,85;P
09/02/2023;0,62;P
10/02/2023;0,55;P
11/02/2023;0,50;P
12/02/2023;0,49;P
13/02/2023;0,60;P
14/02/2023;0,77;P
15/02/2023;0,72;P
16/02/2023;0,72;P
17/02/2023;0,72;P
18/02/2023;0,73;P
19/02/2023;0,75;P
20/02/2023;0,76;P
21/02/2023;0,76;P
22/02/2023;0,72;P
23/02/2023;0,52;P
24/02/2023;0,53;P
25/02/2023;0,71;P
26/02/2023;1,09;P
27/02/2023;1,47;P
28/02/2023;1,27;P
01/03/2023;1,02;P
02/03/2023;0,80;P
03/03/2023;0,85;P
04/03/2023;0,88;P
05/03/2023;0,67;P
06/03/2023;0,58;P
07/03/2023;;@
08/03/2023;;@
09/03/2023;0,65;P
10/03/2023;0,65;P
11/03/2023;0,75;P
12/03/2023;0,73;P
13/03/2023;0,73;P
14/03/2023;0,94;P
15/03/2023;0,99;P
16/03/2023;0,96;P
17/03/2023;0,87;P
18/03/2023;0,77;P
19/03/2023;0,50;P
20/03/2023;0,79;P
21/03/2023;0,64;P
22/03/2023;0,46;P
23/03/2023;0,42;P
24/03/2023;;@
25/03/2023;;@
26/03/2023;0,39;P
27/03/2023;0,58;P
28/03/2023;0,61;P
29/03/2023;0,56;P
30/03/2023;0,47;P
31/03/2023;;@
01/04/2023;;@
02/04/2023;0,30;P
03/04/2023;0,29;P
04/04/2023;;@
05/04/2023;;@
06/04/2023;;@
07/04/2023;;@
08/04/2023;;@
09/04/2023;0,32;P
10/04/2023;0,29;P
11/04/2023;;@
12/04/2023;;@
13/04/2023;;@
14/04/2023;0,80;P
15/04/2023;0,98;P
16/04/2023;0,73;P
17/04/2023;0,71;P
18/04/2023;0,67;P
19/04/2023;0,65;P
20/04/2023;;@
21/04/2023;;@
22/04/2023;;@
23/04/2023;;@
24/04/2023;;@
25/04/2023;;@
26/04/2023;;@
27/04/2023;;@
28/04/2023;;@
29/04/2023;;@
30/04/2023;;@
01/05/2023;;@
02/05/2023;;@
03/05/2023;;@
04/05/2023;;@
05/05/2023;0,37;P
06/05/2023;0,22;P
07/05/2023;0,33;P
08/05/2023;0,35;P
09/05/2023;0,65;P
10/05/2023;0,92;P
11/05/2023;1,45;P
12/05/2023;1,26;P
13/05/2023;1,11;P
14/05/2023;0,95;P
15/05/2023;1,07;P
16/05/2023;1,24;P
17/05/2023;1,83;P
18/05/2023;1,60;P
19/05/2023;1,28;P
20/05/2023;1,14;P
21/05/2023;1,07;P
22/05/2023;1,03;P
23/05/2023;1,12;P
24/05/2023;1,01;P
25/05/2023;1,04;P
26/05/2023;1,14;P
27/05/2023;1,03;P
28/05/2023;0,61;P
29/05/2023;0,47;P
30/05/2023;0,47;P
31/05/2023;0,50;P
01/06/2023;0,70;P
02/06/2023;0,79;P
03/06/2023;0,67;P
04/06/2023;0,89;P
05/06/2023;0,99;P
06/06/2023;1,11;P
07/06/2023;1,04;P
08/06/2023;0,92;P
09/06/2023;0,81;P
10/06/2023;0,86;P
11/06/2023;0,85;P
12/06/2023;0,70;P
13/06/2023;0,81;P
14/06/2023;1,00;P
15/06/2023;1,08;P
16/06/2023;1,01;P
17/06/2023;0,74;P
18/06/2023;0,76;P
19/06/2023;0,60;P
20/06/2023;0,56;P
21/06/2023;0,54;P
22/06/2023;0,57;P
23/06/2023;0,56;P
24/06/2023;0,52;P
25/06/2023;0,52;P
26/06/2023;0,53;P
27/06/2023;0,55;P
28/06/2023;0,50;P
29/06/2023;0,47;P
30/06/2023;0,50;P
01/07/2023;0,78;P
02/07/2023;0,77;P
03/07/2023;0,77;P
04/07/2023;0,63;P
05/07/2023;0,67;P
06/07/2023;0,48;P
07/07/2023;0,56;P
08/07/2023;0,55;P
09/07/2023;0,44;P
10/07/2023;0,43;P
11/07/2023;0,38;P
12/07/2023;0,36;P
13/07/2023;0,37;P
14/07/2023;0,38;P
15/07/2023;0,37;P
16/07/2023;0,42;P
17/07/2023;0,38;P
18/07/2023;0,37;P
19/07/2023;0,37;P
20/07/2023;0,37;P
21/07/2023;0,36;P
22/07/2023;0,42;P
23/07/2023;0,37;P
24/07/2023;0,35;P
25/07/2023;0,43;P
26/07/2023;0,41;P
27/07/2023;0,36;P
28/07/2023;0,36;P
29/07/2023;0,36;P
30/07/2023;0,36;P
31/07/2023;0,35;P
01/08/2023;0,35;P
02/08/2023;0,35;P
03/08/2023;0,35;P
04/08/2023;0,37;P
05/08/2023;0,37;P
06/08/2023;0,37;P
07/08/2023;0,35;P
08/08/2023;0,36;P
09/08/2023;0,35;P
10/08/2023;0,36;P
11/08/2023;0,35;P
12/08/2023;0,35;P
13/08/2023;0,35;P
14/08/2023;0,34;P
15/08/2023;0,36;P
16/08/2023;0,36;P
17/08/2023;0,36;P
18/08/2023;0,46;P
19/08/2023;0,44;P
20/08/2023;0,43;P
21/08/2023;0,34;P
22/08/2023;0,36;P
23/08/2023;0,35;P
24/08/2023;0,36;P
25/08/2023;0,35;P
26/08/2023;0,38;P
27/08/2023;0,38;P
28/08/2023;0,35;P
29/08/2023;0,42;P
30/08/2023;0,39;P
31/08/2023;0,37;P
01/09/2023;0,39;P
02/09/2023;0,38;P
03/09/2023;0,36;P
04/09/2023;0,34;P
05/09/2023;0,33;P
06/09/2023;0,31;P
07/09/2023;0,33;P
08/09/2023;0,33;P
09/09/2023;0,41;P
10/09/2023;0,53;P
11/09/2023;0,41;P
12/09/2023;0,37;P
13/09/2023;0,36;P
14/09/2023;0,36;P
15/09/2023;0,36;P
16/09/2023;0,36;P
17/09/2023;0,36;P
18/09/2023;0,36;P
19/09/2023;0,36;P
20/09/2023;0,37;P
21/09/2023;0,39;P
22/09/2023;0,36;P
23/09/2023;0,45;P
24/09/2023;0,37;P
25/09/2023;0,33;P
26/09/2023;0,33;P
27/09/2023;0,32;P
28/09/2023;0,34;P
29/09/2023;0,33;P
30/09/2023;0,34;P
01/10/2023;0,34;P
02/10/2023;0,34;P
03/10/2023;0,34;P
04/10/2023;0,34;P
05/10/2023;0,34;P
06/10/2023;0,34;P
07/10/2023;0,34;P
08/10/2023;0,33;P
09/10/2023;0,33;P
10/10/2023;0,33;P
11/10/2023;0,33;P
12/10/2023;0,33;P
13/10/2023;0,34;P
14/10/2023;0,34;P
15/10/2023;0,33;P
16/10/2023;0,33;P
17/10/2023;0,34;P
18/10/2023;0,34;P
19/10/2023;0,32;P
20/10/2023;0,31;P
21/10/2023;0,39;P
22/10/2023;0,38;P
23/10/2023;0,36;P
24/10/2023;0,46;P
25/10/2023;0,77;P
26/10/2023;0,51;P
27/10/2023;0,47;P
28/10/2023;0,42;P
29/10/2023;0,49;P
30/10/2023;0,37;P
31/10/2023;0,95;P
01/11/2023;1,00;P
02/11/2023;0,47;P
03/11/2023;1,32;P
04/11/2023;1,19;P
05/11/2023;1,92;P
06/11/2023;1,35;P
07/11/2023;1,11;P
08/11/2023;1,06;P
09/11/2023;0,65;P
10/11/2023;0,85;P
11/11/2023;1,28;P
12/11/2023;1,18;P
13/11/2023;0,83;P
14/11/2023;0,77;P
15/11/2023;0,86;P
16/11/2023;0,58;P
17/11/2023;0,69;P
18/11/2023;0,77;P
19/11/2023;0,60;P
20/11/2023;0,44;P
21/11/2023;0,52;P
22/11/2023;0,76;P
23/11/2023;0,87;P
24/11/2023;0,83;P
25/11/2023;0,59;P
26/11/2023;0,56;P
27/11/2023;0,58;P
28/11/2023;0,54;P
29/11/2023;0,56;P
30/11/2023;0,55;P
01/12/2023;0,60;P
02/12/2023;0,97;P
03/12/2023;1,11;P
04/12/2023;0,98;P
05/12/2023;1,19;P
06/12/2023;1,37;P
07/12/2023;1,13;P
08/12/2023;0,83;P
09/12/2023;0,82;P
10/12/2023;0,87;P
11/12/2023;1,00;P
12/12/2023;1,08;P
13/12/2023;1,17;P
14/12/2023;1,18;P
15/12/2023;1,07;P
16/12/2023;0,72;P
17/12/2023;0,88;P
18/12/2023;0,90;P
19/12/2023;0,79;P
20/12/2023;0,72;P
21/12/2023;0,73;P
22/12/2023;0,48;P
23/12/2023;0,51;P
24/12/2023;0,43;P
25/12/2023;0,43;P
26/12/2023;0,43;P
27/12/2023;0,49;P
28/12/2023;0,55;P
29/12/2023;0,53;P
30/12/2023;0,54;P
31/12/2023;0,58;P
01/01/2024;0,58;V
02/01/2024;0,55;V
03/01/2024;0,54;V
04/01/2024;0,71;V
05/01/2024;0,66;V
06/01/2024;1,19;V
07/01/2024;1,52;V
08/01/2024;1,31;V
09/01/2024;0,98;V
10/01/2024;0,93;V
11/01/2024;0,67;V
12/01/2024;0,86;V
13/01/2024;0,95;V
14/01/2024;0,64;V
15/01/2024;0,79;V
16/01/2024;0,79;V
17/01/2024;0,82;V
18/01/2024;0,94;V
19/01/2024;0,86;V
20/01/2024;0,79;V
21/01/2024;0,80;V
22/01/2024;0,67;V
23/01/2024;0,69;V
24/01/2024;0,66;V
25/01/2024;0,71;V
26/01/2024;0,80;V
27/01/2024;0,67;V
28/01/2024;0,61;V
29/01/2024;0,57;V
30/01/2024;0,61;V
31/01/2024;0,60;V
01/02/2024;0,60;V
02/02/2024;0,65;V
03/02/2024;0,61;V
04/02/2024;0,59;V
05/02/2024;0,61;V
06/02/2024;0,60;V
07/02/2024;0,60;V
08/02/2024;0,61;V
09/02/2024;0,57;V
10/02/2024;0,65;V
11/02/2024;2,44;V
12/02/2024;1,66;V
13/02/2024;1,36;V
14/02/2024;1,14;V
15/02/2024;1,02;V
16/02/2024;0,80;V
17/02/2024;0,80;V
18/02/2024;0,73;V
19/02/2024;0,78;V
20/02/2024;1,02;V
21/02/2024;0,84;V
22/02/2024;0,79;V
23/02/2024;0,87;V
24/02/2024;1,24;V
25/02/2024;1,23;V
26/02/2024;1,22;V
27/02/2024;2,38;V
28/02/2024;2,48;V
29/02/2024;1,79;V
01/03/2024;1,77;V
02/03/2024;2,73;V
03/03/2024;2,15;V
04/03/2024;1,98;V
05/03/2024;1,76;V
06/03/2024;1,58;V
07/03/2024;1,52;V
08/03/2024;1,40;V
09/03/2024;1,32;V
10/03/2024;1,26;V
11/03/2024;1,73;V
12/03/2024;1,84;V
13/03/2024;1,73;V
14/03/2024;1,48;V
15/03/2024;1,43;V
16/03/2024;1,29;V
17/03/2024;1,29;V
18/03/2024;1,27;V
19/03/2024;1,25;V
20/03/2024;1,21;V
21/03/2024;1,22;V
22/03/2024;1,24;V
23/03/2024;1,20;V
24/03/2024;1,12;V
25/03/2024;1,02;V
26/03/2024;1,12;V
27/03/2024;1,93;V
28/03/2024;2,49;V
29/03/2024;2,21;V
30/03/2024;1,78;V
31/03/2024;1,72;V
01/04/2024;1,57;V
02/04/2024;1,51;V
03/04/2024;1,47;V
04/04/2024;1,39;V
05/04/2024;1,28;V
06/04/2024;1,35;V
07/04/2024;1,13;V
08/04/2024;1,02;V
09/04/2024;0,98;V
10/04/2024;1,28;V
11/04/2024;1,11;V
12/04/2024;1,08;V
13/04/2024;1,07;V
14/04/2024;0,91;V
15/04/2024;0,89;V
16/04/2024;0,91;V
17/04/2024;0,91;V
18/04/2024;0,89;V
19/04/2024;1,00;V
20/04/2024;1,03;V
21/04/2024;0,97;V
22/04/2024;1,12;V
23/04/2024;1,32;V
24/04/2024;1,39;V
25/04/2024;1,36;V
26/04/2024;1,24;V
27/04/2024;1,12;V
28/04/2024;1,15;V
29/04/2024;1,10;V
30/04/2024;1,11;V
01/05/2024;1,20;V
02/05/2024;1,41;V
03/05/2024;1,60;V
04/05/2024;1,56;V
05/05/2024;1,39;V
06/05/2024;1,25;V
07/05/2024;1,19;V
08/05/2024;1,22;V
09/05/2024;1,12;V
10/05/2024;1,12;V
11/05/2024;1,10;V
12/05/2024;0,92;V
13/05/2024;0,89;V
14/05/2024;0,90;V
15/05/2024;0,96;V
16/05/2024;0,98;V
17/05/2024;1,03;V
18/05/2024;0,89;V
19/05/2024;0,81;V
20/05/2024;0,83;V
21/05/2024;1,19;V
22/05/2024;0,95;V
23/05/2024;0,77;V
24/05/2024;0,74;V
25/05/2024;0,79;V
26/05/2024;0,91;V
27/05/2024;0,80;V
28/05/2024;0,84;V
29/05/2024;0,84;V
30/05/2024;0,78;V
31/05/2024;0,77;V
01/06/2024;0,78;V
02/06/2024;0,83;V
03/06/2024;0,88;V
04/06/2024;0,87;V
05/06/2024;0,81;V
06/06/2024;0,80;V
07/06/2024;0,67;V
08/06/2024;0,78;V
09/06/2024;0,79;V
10/06/2024;0,79;V
11/06/2024;0,69;V
12/06/2024;0,69;V
13/06/2024;0,74;V
14/06/2024;0,74;V
15/06/2024;0,65;V
16/06/2024;0,66;V
17/06/2024;0,69;V
18/06/2024;0,65;V
19/06/2024;0,63;V
20/06/2024;0,70;V
21/06/2024;0,61;V
22/06/2024;0,65;V
23/06/2024;0,76;V
24/06/2024;0,90;V
25/06/2024;1,14;V
26/06/2024;0,87;V
27/06/2024;0,65;V
28/06/2024;0,67;V
29/06/2024;0,71;V
30/06/2024;0,63;V
01/07/2024;0,59;V
02/07/2024;0,61;V
03/07/2024;0,57;V
04/07/2024;0,62;V
05/07/2024;0,58;V
06/07/2024;0,56;V
07/07/2024;0,61;V
08/07/2024;0,56;V
09/07/2024;0,59;V
10/07/2024;0,61;V
11/07/2024;0,54;V
12/07/2024;0,54;V
13/07/2024;0,59;V
14/07/2024;0,54;V
15/07/2024;0,53;V
16/07/2024;0,57;V
17/07/2024;0,55;V
18/07/2024;0,58;V
19/07/2024;0,53;V
20/07/2024;0,51;V
21/07/2024;0,52;V
22/07/2024;0,57;V
23/07/2024;0,56;V
24/07/2024;0,58;V
25/07/2024;0,53;V
26/07/2024;0,52;V
27/07/2024;0,56;V
28/07/2024;0,53;V
29/07/2024;0,50;V
30/07/2024;0,55;V
31/07/2024;0,53;V
01/08/2024;0,52;V
02/08/2024;0,50;V
03/08/2024;0,49;V
04/08/2024;0,50;V
05/08/2024;0,50;V
06/08/2024;0,49;V
07/08/2024;0,49;V
08/08/2024;0,49;V
09/08/2024;0,49;V
10/08/2024;0,48;V
11/08/2024;0,47;V
12/08/2024;0,48;V
13/08/2024;0,48;V
14/08/2024;0,50;V
15/08/2024;0,52;V
16/08/2024;0,52;V
17/08/2024;0,56;V
18/08/2024;0,53;V
19/08/2024;0,51;V
20/08/2024;0,49;V
21/08/2024;0,49;V
22/08/2024;0,50;V
23/08/2024;0,50;V
24/08/2024;0,50;V
25/08/2024;0,50;V
26/08/2024;0,50;V
27/08/2024;0,67;V
28/08/2024;1,22;V
29/08/2024;1,33;V
30/08/2024;1,31;V
31/08/2024;1,30;V
01/09/2024;1,30;V
02/09/2024;1,30;V
03/09/2024;1,30;V
04/09/2024;1,30;V
05/09/2024;1,32;V
06/09/2024;1,35;V
07/09/2024;1,32;V
08/09/2024;1,31;V
09/09/2024;1,42;V
10/09/2024;1,33;V
11/09/2024;1,32;V
12/09/2024;1,34;V
13/09/2024;1,43;V
14/09/2024;1,47;V
15/09/2024;1,45;V
16/09/2024;1,43;V
17/09/2024;1,37;V
18/09/2024;1,35;V
19/09/2024;1,41;V
20/09/2024;1,36;V
21/09/2024;1,36;V
22/09/2024;1,35;V
23/09/2024;1,30;V
24/09/2024;1,43;V
25/09/2024;1,39;V
26/09/2024;1,35;V
27/09/2024;1,30;V
28/09/2024;1,30;V
29/09/2024;1,27;V
30/09/2024;1,26;V
01/10/2024;1,27;V
02/10/2024;1,27;V
03/10/2024;1,54;V
04/10/2024;2,08;V
05/10/2024;1,65;V
06/10/2024;1,56;V
07/10/2024;1,53;V
08/10/2024;1,62;V
09/10/2024;1,72;V
10/10/2024;1,66;V
11/10/2024;2,28;V
12/10/2024;1,88;V
13/10/2024;1,60;V
14/10/2024;1,54;V
15/10/2024;1,39;V
16/10/2024;1,37;V
17/10/2024;1,45;V
18/10/2024;2,43;V
19/10/2024;2,16;V
20/10/2024;1,70;V
21/10/2024;1,50;V
22/10/2024;1,53;V
23/10/2024;1,62;V
24/10/2024;1,80;V
25/10/2024;2,23;V
26/10/2024;1,91;V
27/10/2024;1,69;V
28/10/2024;1,45;V
29/10/2024;1,48;V
30/10/2024;1,40;V
31/10/2024;1,41;V
01/11/2024;1,37;V
02/11/2024;1,32;V
03/11/2024;1,32;V
04/11/2024;1,32;V
05/11/2024;1,30;V
06/11/2024;;@
07/11/2024;;@
08/11/2024;1,26;V
09/11/2024;1,28;V
10/11/2024;1,29;V
11/11/2024;1,29;V
12/11/2024;1,31;V
13/11/2024;1,26;V
14/11/2024;1,26;V
15/11/2024;1,22;V
16/11/2024;1,22;V
17/11/2024;1,20;V
18/11/2024;1,27;V
19/11/2024;1,31;V
20/11/2024;1,44;V
21/11/2024;1,55;V
22/11/2024;1,48;V
23/11/2024;1,54;V
24/11/2024;1,34;V
25/11/2024;1,40;V
26/11/2024;1,30;V
27/11/2024;1,30;V
28/11/2024;1,30;V
29/11/2024;1,29;V
30/11/2024;1,25;V
01/12/2024;1,19;V
02/12/2024;1,33;V
03/12/2024;1,30;V
04/12/2024;1,24;V
05/12/2024;1,20;V
06/12/2024;1,21;V
07/12/2024;1,28;V
08/12/2024;1,52;V
09/12/2024;1,65;V
10/12/2024;1,63;V
11/12/2024;1,57;V
12/12/2024;1,48;V
13/12/2024;1,35;V
14/12/2024;1,58;V
15/12/2024;1,44;V
16/12/2024;1,55;V
17/12/2024;1,54;V
18/12/2024;1,54;V
19/12/2024;1,46;V
20/12/2024;1,55;V
21/12/2024;1,64;V
22/12/2024;1,62;V
23/12/2024;2,68;V
24/12/2024;1,95;V
25/12/2024;1,70;V
26/12/2024;1,56;V
27/12/2024;1,56;V
28/12/2024;1,38;V
29/12/2024;1,37;V
30/12/2024;1,47;V
31/12/2024;1,46;V
01/01/2025;1,39;V
02/01/2025;1,53;V
03/01/2025;1,47;V
04/01/2025;1,42;V
05/01/2025;1,46;V
06/01/2025;1,57;V
07/01/2025;1,46;V
08/01/2025;1,55;V
09/01/2025;1,44;V
10/01/2025;1,54;V
11/01/2025;1,39;V
12/01/2025;1,41;V
13/01/2025;1,31;V
14/01/2025;1,31;V
15/01/2025;1,27;V
16/01/2025;1,37;V
17/01/2025;1,28;V
18/01/2025;1,44;V
19/01/2025;1,46;V
20/01/2025;1,46;V
21/01/2025;1,44;V
22/01/2025;1,22;V
23/01/2025;1,23;V
24/01/2025;1,55;V
25/01/2025;1,55;V
26/01/2025;1,57;V
27/01/2025;1,56;V
28/01/2025;1,56;V
29/01/2025;1,57;V
30/01/2025;1,60;V
31/01/2025;1,58;V
01/02/2025;1,58;V
02/02/2025;1,50;V
03/02/2025;1,48;V
04/02/2025;1,49;V
05/02/2025;1,35;V
06/02/2025;1,38;V
07/02/2025;1,41;V
08/02/2025;1,42;V
09/02/2025;1,50;V
10/02/2025;1,64;V
11/02/2025;1,45;V
12/02/2025;1,48;V
13/02/2025;1,50;V
14/02/2025;2,36;V
15/02/2025;2,46;V
16/02/2025;2,02;V
17/02/2025;1,75;V
18/02/2025;1,59;V
19/02/2025;1,57;V
20/02/2025;1,56;V
21/02/2025;1,56;V
22/02/2025;1,55;V
23/02/2025;1,36;V
24/02/2025;1,48;V
25/02/2025;1,78;V
26/02/2025;2,52;V
27/02/2025;2,53;V
28/02/2025;2,04;V
01/03/2025;1,92;V
02/03/2025;1,92;V
03/03/2025;1,63;V
04/03/2025;1,52;V
05/03/2025;1,66;V
06/03/2025;1,50;V
07/03/2025;1,27;V
08/03/2025;1,54;V
09/03/2025;1,45;V
10/03/2025;1,57;V
11/03/2025;1,79;V
12/03/2025;1,66;V
13/03/2025;3,52;V
14/03/2025;3,68;V
15/03/2025;3,93;V
16/03/2025;2,90;V
17/03/2025;2,26;V
18/03/2025;1,94;V
19/03/2025;1,83;V
20/03/2025;1,80;V
21/03/2025;1,68;V
22/03/2025;1,66;V
23/03/2025;1,68;V
24/03/2025;1,59;V
25/03/2025;1,58;V
26/03/2025;1,56;V
27/03/2025;1,54;V
28/03/2025;1,57;V
29/03/2025;1,62;V
30/03/2025;1,62;V
31/03/2025;1,62;V
01/04/2025;1,53;V
02/04/2025;1,55;V
03/04/2025;1,46;V
04/04/2025;1,45;V
05/04/2025;1,44;V
06/04/2025;1,43;V
07/04/2025;1,44;V
08/04/2025;1,44;V
09/04/2025;1,39;V
10/04/2025;1,39;V
11/04/2025;1,39;V
12/04/2025;1,34;V
13/04/2025;1,41;V
14/04/2025;1,61;V
15/04/2025;3,04;V
16/04/2025;2,91;V
17/04/2025;2,23;V
18/04/2025;2,10;V
19/04/2025;1,94;V
20/04/2025;1,82;V
21/04/2025;1,69;V
22/04/2025;1,62;V
23/04/2025;1,60;V
24/04/2025;1,63;V
25/04/2025;1,61;V
26/04/2025;1,33;V
27/04/2025;1,51;V
28/04/2025;1,43;V
29/04/2025;1,36;V
30/04/2025;1,35;V
01/05/2025;1,35;V
02/05/2025;1,32;V
03/05/2025;1,34;V
04/05/2025;1,33;V
05/05/2025;1,42;V
06/05/2025;2,85;V
07/05/2025;1,98;V
08/05/2025;1,52;V
09/05/2025;1,59;V
10/05/2025;1,44;V
11/05/2025;1,36;V
12/05/2025;1,47;V
13/05/2025;1,68;V
14/05/2025;1,42;V
15/05/2025;1,42;V
16/05/2025;1,45;V
17/05/2025;1,53;V
18/05/2025;1,46;V
19/05/2025;1,52;V
20/05/2025;1,39;V
21/05/2025;1,38;V
22/05/2025;1,43;V
23/05/2025;1,72;V
24/05/2025;1,53;V
25/05/2025;1,47;V
26/05/2025;1,50;V
27/05/2025;1,36;V
28/05/2025;1,36;V
29/05/2025;1,30;V
30/05/2025;1,30;V
31/05/2025;1,27;V
01/06/2025;1,30;V
02/06/2025;1,24;V
03/06/2025;1,29;V
04/06/2025;1,29;V
05/06/2025;1,29;V
06/06/2025;1,29;V
07/06/2025;1,22;V
08/06/2025;1,26;V
09/06/2025;1,26;V
10/06/2025;1,32;V
11/06/2025;1,21;V
12/06/2025;1,21;V
13/06/2025;1,22;V
14/06/2025;1,28;V
15/06/2025;1,20;V
16/06/2025;1,26;V
17/06/2025;1,20;V
18/06/2025;1,19;V
19/06/2025;1,21;V
20/06/2025;1,20;V
21/06/2025;1,20;V
22/06/2025;1,25;V
23/06/2025;1,20;V
24/06/2025;1,24;V
25/06/2025;1,20;V
26/06/2025;1,19;V
27/06/2025;1,19;V
28/06/2025;1,19;V
29/06/2025;1,18;V
30/06/2025;1,19;V
01/07/2025;1,19;V
02/07/2025;1,21;V
03/07/2025;1,23;V
04/07/2025;1,20;V
05/07/2025;1,19;V
06/07/2025;1,21;V
07/07/2025;1,22;V
08/07/2025;1,19;V
09/07/2025;1,18;V
10/07/2025;1,19;V
11/07/2025;1,19;V
12/07/2025;1,19;V
13/07/2025;1,19;V
14/07/2025;1,20;V
15/07/2025;1,20;V
16/07/2025;1,20;V
17/07/2025;1,19;V
18/07/2025;1,19;V
19/07/2025;1,19;V
20/07/2025;1,19;V
21/07/2025;1,19;V
22/07/2025;1,19;V
23/07/2025;1,19;V
24/07/2025;1,19;V
25/07/2025;1,18;V
26/07/2025;1,19;V
27/07/2025;1,20;V
28/07/2025;1,18;V
29/07/2025;1,18;V
30/07/2025;1,19;V
31/07/2025;1,19;V
01/08/2025;1,19;V
02/08/2025;1,19;V
03/08/2025;1,19;V
04/08/2025;1,20;V
05/08/2025;1,19;V
06/08/2025;1,19;V
07/08/2025;1,19;V
08/08/2025;1,19;V
09/08/2025;1,19;V
10/08/2025;1,19;V
11/08/2025;1,19;V
12/08/2025;1,19;V
13/08/2025;1,19;V
14/08/2025;1,19;V
15/08/2025;1,19;V
16/08/2025;1,18;V
17/08/2025;1,18;V
18/08/2025;1,19;V
19/08/2025;1,19;V
20/08/2025;1,51;V
21/08/2025;1,20;V
22/08/2025;1,19;V
23/08/2025;1,21;V
24/08/2025;1,18;V
25/08/2025;1,19;V
26/08/2025;1,19;V
27/08/2025;1,19;V
28/08/2025;1,18;V
29/08/2025;1,20;V
30/08/2025;1,22;V
31/08/2025;1,24;V
01/09/2025;1,26;V
02/09/2025;1,23;V
03/09/2025;1,20;V
04/09/2025;1,20;V
05/09/2025;1,19;V
06/09/2025;1,19;V
07/09/2025;1,19;V
08/09/2025;1,19;V
09/09/2025;1,19;V
10/09/2025;1,27;V
11/09/2025;1,38;V
12/09/2025;1,21;V
13/09/2025;1,20;V
14/09/2025;1,20;V
15/09/2025;1,19;V
16/09/2025;1,19;V
17/09/2025;1,19;V
18/09/2025;1,19;V
19/09/2025;1,19;V
20/09/2025;1,19;V
21/09/2025;1,19;V
22/09/2025;1,24;V
23/09/2025;1,33;V
24/09/2025;1,25;V
25/09/2025;1,27;V
26/09/2025;1,20;V
27/09/2025;1,22;V
28/09/2025;1,20;V
29/09/2025;1,21;V
30/09/2025;1,20;V
01/10/2025;1,19;V
02/10/2025;1,18;V
03/10/2025;1,19;V
04/10/2025;1,19;V
05/10/2025;1,18;V
06/10/2025;1,19;V
07/10/2025;1,19;V
08/10/2025;1,20;V
09/10/2025;1,20;V
10/10/2025;1,20;V
11/10/2025;1,20;V
12/10/2025;1,20;V
13/10/2025;1,20;V
14/10/2025;1,20;V
15/10/2025;1,20;V
16/10/2025;1,19;V
17/10/2025;1,19;V
18/10/2025;1,19;V
19/10/2025;1,19;V
20/10/2025;1,19;V
21/10/2025;1,20;V
22/10/2025;1,25;V
23/10/2025;1,33;V
24/10/2025;1,48;V
25/10/2025;1,30;V
26/10/2025;1,28;V
27/10/2025;1,26;V
28/10/2025;1,20;V
29/10/2025;1,19;V
30/10/2025;1,27;V
31/10/2025;1,63;V
01/11/2025;1,60;V
02/11/2025;1,57;V
03/11/2025;1,26;V
04/11/2025;1,23;V
05/11/2025;1,24;V
06/11/2025;1,21;V
07/11/2025;1,22;V
08/11/2025;1,20;V
09/11/2025;1,23;V
10/11/2025;1,19;V
11/11/2025;1,19;V
12/11/2025;1,22;V
13/11/2025;1,19;V
14/11/2025;1,19;V
15/11/2025;1,19;V
16/11/2025;1,19;V
17/11/2025;1,41;V
18/11/2025;1,26;V
19/11/2025;1,33;V
20/11/2025;1,36;V
21/11/2025;1,48;V
22/11/2025;1,59;V
23/11/2025;1,32;V
24/11/2025;1,47;V
25/11/2025;2,62;V
26/11/2025;1,93;V
27/11/2025;1,64;V
28/11/2025;1,51;V
29/11/2025;1,51;V
30/11/2025;1,35;V
01/12/2025;1,36;V
02/12/2025;1,33;V
03/12/2025;1,22;V
04/12/2025;1,39;V
05/12/2025;1,24;V
06/12/2025;1,22;V
07/12/2025;1,22;V
08/12/2025;1,31;V
09/12/2025;1,31;V
10/12/2025;1,29;V
11/12/2025;1,26;V
12/12/2025;1,30;V
13/12/2025;1,22;V
14/12/2025;1,21;V
15/12/2025;1,23;V
16/12/2025;1,30;V
17/12/2025;1,33;V
18/12/2025;1,32;V
19/12/2025;1,34;V
20/12/2025;1,31;V
21/12/2025;1,24;V
22/12/2025;1,25;V
23/12/2025;1,33;V
24/12/2025;1,41;V
25/12/2025;1,64;V
26/12/2025;1,70;V
27/12/2025;1,55;V
28/12/2025;1,40;V
29/12/2025;1,36;V
30/12/2025;1,40;V
31/12/2025;1,32;V
01/01/2026;1,30;P
02/01/2026;1,32;P
03/01/2026;1,30;P
04/01/2026;1,30;P
05/01/2026;1,34;P
06/01/2026;1,51;P
07/01/2026;1,63;P
08/01/2026;1,49;P
09/01/2026;1,61;P
10/01/2026;1,88;P
11/01/2026;1,72;P
12/01/2026;1,61;P
13/01/2026;1,51;P
14/01/2026;1,51;P
15/01/2026;1,38;P
16/01/2026;1,49;P
17/01/2026;1,48;P
18/01/2026;1,46;P
19/01/2026;1,44;P
20/01/2026;1,34;P
21/01/2026;1,31;P
22/01/2026;1,46;P
23/01/2026;1,25;P
24/01/2026;1,56;P
25/01/2026;1,67;P
26/01/2026;1,98;P
27/01/2026;1,85;P
28/01/2026;2,45;P
29/01/2026;2,72;P
30/01/2026;2,07;P
31/01/2026;1,89;P
01/02/2026;1,83;P
02/02/2026;1,68;P
03/02/2026;1,73;P
04/02/2026;2,52;P
05/02/2026;2,65;P
06/02/2026;2,45;P
07/02/2026;2,42;P
08/02/2026;2,53;P
09/02/2026;2,14;P
10/02/2026;1,94;P
11/02/2026;1,97;P
12/02/2026;2,15;P
13/02/2026;2,09;P
14/02/2026;1,99;P
15/02/2026;1,96;P
16/02/2026;1,99;P
17/02/2026;2,06;P
18/02/2026;1,97;P
19/02/2026;1,90;P
20/02/2026;1,91;P
21/02/2026;1,75;P
22/02/2026;1,68;P
23/02/2026;1,60;P
24/02/2026;1,60;P
25/02/2026;1,59;P
26/02/2026;1,59;P
27/02/2026;1,50;P
28/02/2026;1,51;P
01/03/2026;1,46;P
02/03/2026;1,36;P
03/03/2026;1,38;P
04/03/2026;1,49;P
05/03/2026;1,37;P
06/03/2026;1,37;P
07/03/2026;1,37;P
08/03/2026;1,37;P
09/03/2026;1,38;P
10/03/2026;1,38;P
11/03/2026;1,40;P
12/03/2026;1,68;P
13/03/2026;1,63;P
14/03/2026;1,43;P
15/03/2026;1,42;P
16/03/2026;1,48;P
17/03/2026;1,39;P
18/03/2026;1,37;P
19/03/2026;1,38;P
20/03/2026;1,38;P
21/03/2026;1,36;P
22/03/2026;1,33;P
23/03/2026;1,33;P
24/03/2026;1,32;P
25/03/2026;1,33;P
26/03/2026;1,37;P
27/03/2026;1,62;P
28/03/2026;1,50;P
29/03/2026;1,35;P
30/03/2026;1,59;P
31/03/2026;1,42;P
01/04/2026;1,39;P
02/04/2026;1,44;P
03/04/2026;1,41;P
04/04/2026;1,42;P
05/04/2026;1,39;P
06/04/2026;1,43;P
07/04/2026;1,47;P
08/04/2026;1,39;P
09/04/2026;1,39;P
10/04/2026;1,35;P
11/04/2026;1,31;P
12/04/2026;1,28;P
13/04/2026;1,33;P
14/04/2026;1,42;P
15/04/2026;1,40;P
16/04/2026;1,40;P
17/04/2026;1,42;P
18/04/2026;1,38;P
19/04/2026;1,38;P
20/04/2026;1,33;P
21/04/2026;1,31;P
22/04/2026;1,29;P
23/04/2026;1,29;P
24/04/2026;1,26;P
25/04/2026;1,26;P
26/04/2026;1,21;P
27/04/2026;1,23;P
28/04/2026;1,29;P
29/04/2026;1,25;P
30/04/2026;1,17;P
01/05/2026;1,17;P
02/05/2026;1,19;P
03/05/2026;1,19;P
04/05/2026;1,20;P
05/05/2026;1,34;P
06/05/2026;1,73;P
07/05/2026;1,46;P
08/05/2026;1,42;P
09/05/2026;1,29;P
10/05/2026;1,31;P
11/05/2026;1,29;P
12/05/2026;1,30;P
13/05/2026;1,29;P
14/05/2026;1,31;P
15/05/2026;1,32;P
16/05/2026;1,57;P
17/05/2026;1,43;P
18/05/2026;1,37;P
19/05/2026;1,32;P
20/05/2026;1,41;P
21/05/2026;1,23;P
22/05/2026;1,27;P
23/05/2026;1,23;P
24/05/2026;1,21;P
25/05/2026;1,22;P
26/05/2026;1,19;P
27/05/2026;1,22;P
28/05/2026;1,19;P
29/05/2026;1,24;P
30/05/2026;1,24;P
31/05/2026;1,22;P
01/06/2026;1,21;P
02/06/2026;1,25;P
03/06/2026;1,40;P
04/06/2026;1,28;P
05/06/2026;1,23;P
06/06/2026;1,19;P
07/06/2026;1,22;P
08/06/2026;1,20;P
09/06/2026;1,18;P
10/06/2026;1,21;P
11/06/2026;1,20;P
