"Stazione";"Montespertoli"
"Codice";"TOS01004915"
"Comune";"Montespertoli"
"Provincia";"FI"
"GB [m]";"E";1668768;"N";4835144
"WGS84 [°]";"Lat";43.650;"Lon";11.092
"Quota [m]";117,00

;;;ATTENZIONE i dati sono nel fomato csv ed utilizzano
;;;come separatore di colonna il "punto e virgola" e
;;;come separatore decimale la "virgola"
;;;verificare le proprie impostazioni internazionali per una corretta visulizzazione.
;;;Il valore contrassegnato con N corrisponde al dato non validato
;;;Il valore contrassegnato con R corrisponde al dato ricostruito
;;;Il valore contrassegnato con I corrisponde al dato incerto
;;;Il valore contrassegnato con @ corrisponde al dato mancante
;;;Il valore contrassegnato con V corrisponde al dato validato
;;;Il valore contrassegnato con P corrisponde al dato prevalidato soggetto ad eventuali modifiche
;;;(consultare la sezione Criteri di validazione)

"gg/mm/aaaa";"Livello [m]";"Tipo Dato"
01/01/2010;0,17;V
02/01/2010;0,08;V
03/01/2010;0,05;V
04/01/2010;0,05;V
05/01/2010;0,16;V
06/01/2010;0,21;V
07/01/2010;0,18;V
08/01/2010;0,12;V
09/01/2010;0,11;V
10/01/2010;0,10;V
11/01/2010;0,08;V
12/01/2010;0,07;V
13/01/2010;0,06;V
14/01/2010;0,05;V
15/01/2010;0,05;V
16/01/2010;0,04;V
17/01/2010;0,04;V
18/01/2010;0,04;V
19/01/2010;0,03;V
20/01/2010;0,04;V
21/01/2010;0,04;V
22/01/2010;0,03;V
23/01/2010;0,03;V
24/01/2010;0,03;V
25/01/2010;0,04;V
26/01/2010;0,04;V
27/01/2010;0,04;V
28/01/2010;0,03;V
29/01/2010;0,04;V
30/01/2010;0,10;V
31/01/2010;0,07;V
01/02/2010;0,06;V
02/02/2010;0,05;V
03/02/2010;0,05;V
04/02/2010;0,05;V
05/02/2010;0,06;V
06/02/2010;0,11;V
07/02/2010;0,10;V
08/02/2010;0,08;V
09/02/2010;0,07;V
10/02/2010;0,07;V
11/02/2010;0,07;V
12/02/2010;0,07;V
13/02/2010;0,06;V
14/02/2010;0,06;V
15/02/2010;0,05;V
16/02/2010;0,06;V
17/02/2010;0,05;V
18/02/2010;0,08;V
19/02/2010;0,10;V
20/02/2010;0,10;V
21/02/2010;0,09;V
22/02/2010;0,08;V
23/02/2010;0,15;V
24/02/2010;0,12;V
25/02/2010;0,10;V
26/02/2010;0,10;V
27/02/2010;0,08;V
28/02/2010;0,09;V
01/03/2010;0,08;V
02/03/2010;0,08;V
03/03/2010;0,08;V
04/03/2010;0,17;V
05/03/2010;0,13;V
06/03/2010;0,11;V
07/03/2010;0,10;V
08/03/2010;0,09;V
09/03/2010;0,09;V
10/03/2010;0,10;V
11/03/2010;0,11;V
12/03/2010;0,11;V
13/03/2010;0,10;V
14/03/2010;0,09;V
15/03/2010;0,09;V
16/03/2010;0,09;V
17/03/2010;0,08;V
18/03/2010;0,08;V
19/03/2010;0,08;V
20/03/2010;0,08;V
21/03/2010;0,08;V
22/03/2010;0,08;V
23/03/2010;0,08;V
24/03/2010;0,08;V
25/03/2010;0,08;V
26/03/2010;0,08;V
27/03/2010;0,07;V
28/03/2010;0,08;V
29/03/2010;0,07;V
30/03/2010;0,08;V
31/03/2010;0,07;V
01/04/2010;0,07;V
02/04/2010;0,06;V
03/04/2010;0,06;V
04/04/2010;0,10;V
05/04/2010;0,28;V
06/04/2010;0,14;V
07/04/2010;0,11;V
08/04/2010;0,10;V
09/04/2010;0,10;V
10/04/2010;0,08;V
11/04/2010;0,10;V
12/04/2010;0,09;V
13/04/2010;0,08;V
14/04/2010;0,08;V
15/04/2010;0,07;V
16/04/2010;0,07;V
17/04/2010;0,09;V
18/04/2010;0,08;V
19/04/2010;0,08;V
20/04/2010;0,08;V
21/04/2010;0,07;V
22/04/2010;0,07;V
23/04/2010;0,11;V
24/04/2010;0,11;V
25/04/2010;0,09;V
26/04/2010;0,08;V
27/04/2010;0,08;V
28/04/2010;0,08;V
29/04/2010;0,07;V
30/04/2010;0,07;V
01/05/2010;0,07;V
02/05/2010;0,09;V
03/05/2010;0,14;V
04/05/2010;0,15;V
05/05/2010;0,19;V
06/05/2010;0,20;V
07/05/2010;0,16;V
08/05/2010;0,13;V
09/05/2010;0,12;V
10/05/2010;0,11;V
11/05/2010;0,10;V
12/05/2010;0,11;V
13/05/2010;0,12;V
14/05/2010;0,11;V
15/05/2010;0,16;V
16/05/2010;0,16;V
17/05/2010;0,13;V
18/05/2010;0,11;V
19/05/2010;0,11;V
20/05/2010;0,10;V
21/05/2010;0,09;V
22/05/2010;0,08;V
23/05/2010;0,08;V
24/05/2010;0,08;V
25/05/2010;0,08;V
26/05/2010;0,07;V
27/05/2010;0,07;V
28/05/2010;0,07;V
29/05/2010;0,07;V
30/05/2010;0,07;V
31/05/2010;0,07;V
01/06/2010;0,06;V
02/06/2010;0,07;V
03/06/2010;0,07;V
04/06/2010;0,06;V
05/06/2010;0,06;V
06/06/2010;0,06;V
07/06/2010;0,06;V
08/06/2010;0,06;V
09/06/2010;0,06;V
10/06/2010;0,06;V
11/06/2010;0,06;V
12/06/2010;0,06;V
13/06/2010;0,06;V
14/06/2010;0,06;V
15/06/2010;0,06;V
16/06/2010;0,07;V
17/06/2010;0,07;V
18/06/2010;0,06;V
19/06/2010;0,08;V
20/06/2010;0,11;V
21/06/2010;0,09;V
22/06/2010;0,07;V
23/06/2010;0,06;V
24/06/2010;0,06;V
25/06/2010;0,05;V
26/06/2010;0,05;V
27/06/2010;0,05;V
28/06/2010;0,05;V
29/06/2010;0,05;V
30/06/2010;0,05;V
01/07/2010;0,05;V
02/07/2010;0,05;V
03/07/2010;0,05;V
04/07/2010;0,06;V
05/07/2010;0,06;V
06/07/2010;0,07;V
07/07/2010;0,07;V
08/07/2010;0,06;V
09/07/2010;0,07;V
10/07/2010;0,07;V
11/07/2010;0,08;V
12/07/2010;0,08;V
13/07/2010;0,07;V
14/07/2010;0,07;V
15/07/2010;0,06;V
16/07/2010;0,05;V
17/07/2010;0,05;V
18/07/2010;0,05;V
19/07/2010;0,05;V
20/07/2010;0,04;V
21/07/2010;0,05;V
22/07/2010;0,04;V
23/07/2010;0,04;V
24/07/2010;0,03;V
25/07/2010;0,03;V
26/07/2010;0,02;V
27/07/2010;0,02;V
28/07/2010;0,03;V
29/07/2010;0,06;V
30/07/2010;0,06;V
31/07/2010;0,03;V
01/08/2010;0,03;V
02/08/2010;0,03;V
03/08/2010;0,03;V
04/08/2010;0,03;V
05/08/2010;0,05;V
06/08/2010;0,03;V
07/08/2010;0,02;V
08/08/2010;0,03;V
09/08/2010;0,03;V
10/08/2010;0,04;V
11/08/2010;0,04;V
12/08/2010;0,04;V
13/08/2010;0,05;V
14/08/2010;0,07;V
15/08/2010;0,04;V
16/08/2010;0,04;V
17/08/2010;0,04;V
18/08/2010;0,05;V
19/08/2010;0,04;V
20/08/2010;0,04;V
21/08/2010;0,04;V
22/08/2010;0,04;V
23/08/2010;0,04;V
24/08/2010;0,04;V
25/08/2010;0,04;V
26/08/2010;0,04;V
27/08/2010;0,04;V
28/08/2010;0,04;V
29/08/2010;0,03;V
30/08/2010;0,03;V
31/08/2010;0,03;V
01/09/2010;0,03;V
02/09/2010;0,03;V
03/09/2010;0,04;V
04/09/2010;0,04;V
05/09/2010;0,04;V
06/09/2010;0,04;V
07/09/2010;0,04;V
08/09/2010;0,06;V
09/09/2010;0,04;V
10/09/2010;0,03;V
11/09/2010;0,03;V
12/09/2010;0,03;V
13/09/2010;0,04;V
14/09/2010;0,05;V
15/09/2010;0,03;V
16/09/2010;0,03;V
17/09/2010;0,04;V
18/09/2010;0,10;V
19/09/2010;0,22;V
20/09/2010;0,06;V
21/09/2010;0,05;V
22/09/2010;0,04;V
23/09/2010;0,03;V
24/09/2010;0,03;V
25/09/2010;0,04;V
26/09/2010;0,03;V
27/09/2010;0,04;V
28/09/2010;0,04;V
29/09/2010;0,04;V
30/09/2010;0,03;V
01/10/2010;0,03;V
02/10/2010;0,03;V
03/10/2010;0,03;V
04/10/2010;0,03;V
05/10/2010;0,07;V
06/10/2010;0,03;V
07/10/2010;0,03;V
08/10/2010;0,03;V
09/10/2010;0,03;V
10/10/2010;0,03;V
11/10/2010;0,03;V
12/10/2010;0,03;V
13/10/2010;0,03;V
14/10/2010;0,04;V
15/10/2010;0,05;V
16/10/2010;0,06;V
17/10/2010;0,10;V
18/10/2010;0,06;V
19/10/2010;0,05;V
20/10/2010;0,05;V
21/10/2010;0,05;V
22/10/2010;0,05;V
23/10/2010;0,06;V
24/10/2010;0,06;V
25/10/2010;0,09;V
26/10/2010;0,06;V
27/10/2010;0,06;V
28/10/2010;0,05;V
29/10/2010;0,05;V
30/10/2010;0,06;V
31/10/2010;0,14;V
01/11/2010;0,22;V
02/11/2010;0,12;V
03/11/2010;0,12;V
04/11/2010;0,09;V
05/11/2010;0,08;V
06/11/2010;0,07;V
07/11/2010;0,09;V
08/11/2010;0,19;V
09/11/2010;0,30;V
10/11/2010;0,31;V
11/11/2010;0,16;V
12/11/2010;0,14;V
13/11/2010;0,12;V
14/11/2010;0,10;V
15/11/2010;0,09;V
16/11/2010;0,11;V
17/11/2010;0,09;V
18/11/2010;0,17;V
19/11/2010;0,31;V
20/11/2010;0,23;V
21/11/2010;0,21;V
22/11/2010;0,28;V
23/11/2010;0,26;V
24/11/2010;0,17;V
25/11/2010;0,13;V
26/11/2010;0,24;V
27/11/2010;0,15;V
28/11/2010;0,34;V
29/11/2010;0,24;V
30/11/2010;0,16;V
01/12/2010;0,33;V
02/12/2010;0,21;V
03/12/2010;0,29;V
04/12/2010;0,24;V
05/12/2010;0,16;V
06/12/2010;0,14;V
07/12/2010;0,12;V
08/12/2010;0,11;V
09/12/2010;0,10;V
10/12/2010;0,09;V
11/12/2010;0,09;V
12/12/2010;0,08;V
13/12/2010;0,08;V
14/12/2010;0,07;V
15/12/2010;0,07;V
16/12/2010;0,06;V
17/12/2010;0,07;V
18/12/2010;0,08;V
19/12/2010;0,07;V
20/12/2010;0,14;V
21/12/2010;0,20;V
22/12/2010;0,23;V
23/12/2010;0,17;V
24/12/2010;0,58;V
25/12/2010;0,33;V
26/12/2010;0,18;V
27/12/2010;0,14;V
28/12/2010;0,12;V
29/12/2010;0,11;V
30/12/2010;0,10;V
31/12/2010;0,09;V
01/01/2011;0,09;V
02/01/2011;0,09;V
03/01/2011;0,08;V
04/01/2011;0,08;V
05/01/2011;0,08;V
06/01/2011;0,07;V
07/01/2011;0,07;V
08/01/2011;0,07;V
09/01/2011;0,06;V
10/01/2011;0,06;V
11/01/2011;0,16;V
12/01/2011;0,10;V
13/01/2011;0,09;V
14/01/2011;0,08;V
15/01/2011;0,08;V
16/01/2011;0,07;V
17/01/2011;0,07;V
18/01/2011;0,07;V
19/01/2011;0,07;V
20/01/2011;0,07;V
21/01/2011;0,07;V
22/01/2011;0,07;V
23/01/2011;0,06;V
24/01/2011;0,06;V
25/01/2011;0,06;V
26/01/2011;0,06;V
27/01/2011;0,06;V
28/01/2011;0,06;V
29/01/2011;0,06;V
30/01/2011;0,10;V
31/01/2011;0,07;V
01/02/2011;0,07;V
02/02/2011;0,07;V
03/02/2011;0,06;V
04/02/2011;0,06;V
05/02/2011;0,06;V
06/02/2011;0,06;V
07/02/2011;0,06;V
08/02/2011;0,07;V
09/02/2011;0,09;V
10/02/2011;0,09;V
11/02/2011;0,09;V
12/02/2011;0,09;V
13/02/2011;0,09;V
14/02/2011;0,11;V
15/02/2011;0,10;V
16/02/2011;0,18;V
17/02/2011;0,35;V
18/02/2011;0,19;V
19/02/2011;0,14;V
20/02/2011;0,13;V
21/02/2011;0,18;V
22/02/2011;0,13;V
23/02/2011;0,12;V
24/02/2011;0,11;V
25/02/2011;0,10;V
26/02/2011;0,09;V
27/02/2011;0,11;V
28/02/2011;0,11;V
01/03/2011;0,10;V
02/03/2011;0,10;V
03/03/2011;0,09;V
04/03/2011;0,09;V
05/03/2011;0,09;V
06/03/2011;0,09;V
07/03/2011;0,08;V
08/03/2011;0,08;V
09/03/2011;0,08;V
10/03/2011;0,08;V
11/03/2011;0,08;V
12/03/2011;0,08;V
13/03/2011;0,09;V
14/03/2011;0,10;V
15/03/2011;0,15;V
16/03/2011;0,40;V
17/03/2011;0,21;V
18/03/2011;0,16;V
19/03/2011;0,13;V
20/03/2011;0,12;V
21/03/2011;0,11;V
22/03/2011;0,10;V
23/03/2011;0,10;V
24/03/2011;0,09;V
25/03/2011;0,09;V
26/03/2011;0,09;V
27/03/2011;0,09;V
28/03/2011;0,31;V
29/03/2011;0,15;V
30/03/2011;0,12;V
31/03/2011;0,11;V
01/04/2011;0,10;V
02/04/2011;0,10;V
03/04/2011;0,10;V
04/04/2011;0,09;V
05/04/2011;0,08;V
06/04/2011;0,08;V
07/04/2011;0,08;V
08/04/2011;0,08;V
09/04/2011;0,08;V
10/04/2011;0,08;V
11/04/2011;0,08;V
12/04/2011;0,08;V
13/04/2011;0,07;V
14/04/2011;0,07;V
15/04/2011;0,08;V
16/04/2011;0,07;V
17/04/2011;0,07;V
18/04/2011;0,07;V
19/04/2011;0,07;V
20/04/2011;0,06;V
21/04/2011;0,06;V
22/04/2011;0,06;V
23/04/2011;0,06;V
24/04/2011;0,06;V
25/04/2011;0,06;V
26/04/2011;0,06;V
27/04/2011;0,06;V
28/04/2011;0,06;V
29/04/2011;0,06;V
30/04/2011;0,06;V
01/05/2011;0,05;V
02/05/2011;0,05;V
03/05/2011;0,05;V
04/05/2011;0,05;V
05/05/2011;0,05;V
06/05/2011;0,06;V
07/05/2011;0,06;V
08/05/2011;0,06;V
09/05/2011;0,06;V
10/05/2011;0,06;V
11/05/2011;0,07;V
12/05/2011;0,07;V
13/05/2011;0,08;V
14/05/2011;0,08;V
15/05/2011;0,09;V
16/05/2011;0,09;V
17/05/2011;0,09;V
18/05/2011;0,10;V
19/05/2011;0,10;V
20/05/2011;0,12;V
21/05/2011;0,10;V
22/05/2011;0,10;V
23/05/2011;0,11;V
24/05/2011;0,11;V
25/05/2011;0,11;V
26/05/2011;0,11;V
27/05/2011;0,11;V
28/05/2011;0,10;V
29/05/2011;0,10;V
30/05/2011;0,09;V
31/05/2011;0,09;V
01/06/2011;0,09;V
02/06/2011;0,09;V
03/06/2011;0,08;V
04/06/2011;0,05;V
05/06/2011;0,08;V
06/06/2011;0,06;V
07/06/2011;0,05;V
08/06/2011;0,07;V
09/06/2011;0,07;V
10/06/2011;0,04;V
11/06/2011;0,04;V
12/06/2011;0,05;V
13/06/2011;0,05;V
14/06/2011;0,04;V
15/06/2011;0,04;V
16/06/2011;0,04;V
17/06/2011;0,04;V
18/06/2011;0,05;V
19/06/2011;0,05;V
20/06/2011;0,06;V
21/06/2011;0,06;V
22/06/2011;0,06;V
23/06/2011;0,06;V
24/06/2011;0,06;V
25/06/2011;0,06;V
26/06/2011;0,06;V
27/06/2011;0,06;V
28/06/2011;0,07;V
29/06/2011;0,07;V
30/06/2011;0,07;V
01/07/2011;0,08;V
02/07/2011;0,05;V
03/07/2011;0,04;V
04/07/2011;0,03;V
05/07/2011;0,04;V
06/07/2011;0,04;V
07/07/2011;0,03;V
08/07/2011;0,03;V
09/07/2011;0,03;V
10/07/2011;0,03;V
11/07/2011;0,03;V
12/07/2011;0,03;V
13/07/2011;0,04;V
14/07/2011;0,04;V
15/07/2011;0,04;V
16/07/2011;0,04;V
17/07/2011;0,04;V
18/07/2011;0,02;V
19/07/2011;0,03;V
20/07/2011;0,04;V
21/07/2011;0,02;V
22/07/2011;0,02;V
23/07/2011;0,02;V
24/07/2011;0,03;V
25/07/2011;0,03;V
26/07/2011;0,03;V
27/07/2011;0,04;V
28/07/2011;0,03;V
29/07/2011;0,03;V
30/07/2011;0,03;V
31/07/2011;0,03;V
01/08/2011;0,03;V
02/08/2011;0,02;V
03/08/2011;0,02;V
04/08/2011;0,02;V
05/08/2011;0,02;V
06/08/2011;0,02;V
07/08/2011;0,03;V
08/08/2011;0,03;V
09/08/2011;0,02;V
10/08/2011;0,02;V
11/08/2011;0,02;V
12/08/2011;0,02;V
13/08/2011;0,02;V
14/08/2011;0,02;V
15/08/2011;0,03;V
16/08/2011;0,02;V
17/08/2011;0,03;V
18/08/2011;0,03;V
19/08/2011;0,03;V
20/08/2011;0,03;V
21/08/2011;0,03;V
22/08/2011;0,03;V
23/08/2011;0,03;V
24/08/2011;0,03;V
25/08/2011;0,02;V
26/08/2011;0,02;V
27/08/2011;0,02;V
28/08/2011;0,02;V
29/08/2011;0,02;V
30/08/2011;0,02;V
31/08/2011;0,02;V
01/09/2011;0,02;V
02/09/2011;0,03;V
03/09/2011;0,03;V
04/09/2011;0,03;V
05/09/2011;0,02;V
06/09/2011;0,02;V
07/09/2011;0,02;V
08/09/2011;0,02;V
09/09/2011;0,03;V
10/09/2011;0,03;V
11/09/2011;0,03;V
12/09/2011;0,03;V
13/09/2011;0,03;V
14/09/2011;0,03;V
15/09/2011;0,03;V
16/09/2011;0,03;V
17/09/2011;0,04;V
18/09/2011;0,04;V
19/09/2011;0,02;V
20/09/2011;0,02;V
21/09/2011;0,02;V
22/09/2011;0,02;V
23/09/2011;0,02;V
24/09/2011;0,02;V
25/09/2011;0,03;V
26/09/2011;0,03;V
27/09/2011;0,03;V
28/09/2011;0,03;V
29/09/2011;0,02;V
30/09/2011;0,02;V
01/10/2011;0,02;V
02/10/2011;0,02;V
03/10/2011;0,02;V
04/10/2011;0,02;V
05/10/2011;0,03;V
06/10/2011;0,03;V
07/10/2011;0,03;V
08/10/2011;0,02;V
09/10/2011;0,02;V
10/10/2011;0,02;V
11/10/2011;0,02;V
12/10/2011;0,03;V
13/10/2011;0,03;V
14/10/2011;0,02;V
15/10/2011;0,02;V
16/10/2011;0,02;V
17/10/2011;0,02;V
18/10/2011;0,02;V
19/10/2011;0,03;V
20/10/2011;0,03;V
21/10/2011;0,02;V
22/10/2011;0,02;V
23/10/2011;0,02;V
24/10/2011;0,02;V
25/10/2011;0,03;V
26/10/2011;0,05;V
27/10/2011;0,02;V
28/10/2011;0,02;V
29/10/2011;0,02;V
30/10/2011;0,02;V
31/10/2011;0,02;V
01/11/2011;0,02;V
02/11/2011;0,02;V
03/11/2011;0,02;V
04/11/2011;0,02;V
05/11/2011;0,02;V
06/11/2011;0,02;V
07/11/2011;0,02;V
08/11/2011;0,04;V
09/11/2011;0,03;V
10/11/2011;0,02;V
11/11/2011;0,02;V
12/11/2011;0,03;V
13/11/2011;0,02;V
14/11/2011;0,02;V
15/11/2011;0,02;V
16/11/2011;0,02;V
17/11/2011;0,02;V
18/11/2011;0,02;V
19/11/2011;0,02;V
20/11/2011;0,02;V
21/11/2011;0,02;V
22/11/2011;0,02;V
23/11/2011;0,02;V
24/11/2011;0,02;V
25/11/2011;0,02;V
26/11/2011;0,02;V
27/11/2011;0,02;V
28/11/2011;0,03;V
29/11/2011;0,03;V
30/11/2011;0,03;V
01/12/2011;0,03;V
02/12/2011;0,03;V
03/12/2011;0,03;V
04/12/2011;0,04;V
05/12/2011;0,05;V
06/12/2011;0,03;V
07/12/2011;0,03;V
08/12/2011;0,03;V
09/12/2011;0,03;V
10/12/2011;0,03;V
11/12/2011;0,03;V
12/12/2011;0,05;V
13/12/2011;0,03;V
14/12/2011;0,02;V
15/12/2011;0,03;V
16/12/2011;0,03;V
17/12/2011;0,02;V
18/12/2011;0,02;V
19/12/2011;0,02;V
20/12/2011;0,02;V
21/12/2011;0,02;V
22/12/2011;0,02;V
23/12/2011;0,02;V
24/12/2011;0,02;V
25/12/2011;0,03;V
26/12/2011;0,02;V
27/12/2011;0,02;V
28/12/2011;0,02;V
29/12/2011;0,02;V
30/12/2011;0,02;V
31/12/2011;0,02;V
01/01/2012;0,02;V
02/01/2012;0,03;V
03/01/2012;0,03;V
04/01/2012;0,03;V
05/01/2012;0,03;V
06/01/2012;0,02;V
07/01/2012;0,02;V
08/01/2012;0,02;V
09/01/2012;0,02;V
10/01/2012;0,02;V
11/01/2012;0,02;V
12/01/2012;0,03;V
13/01/2012;0,02;V
14/01/2012;0,02;V
15/01/2012;0,02;V
16/01/2012;0,02;V
17/01/2012;0,02;V
18/01/2012;0,02;V
19/01/2012;0,02;V
20/01/2012;0,02;V
21/01/2012;0,03;V
22/01/2012;0,03;V
23/01/2012;0,03;V
24/01/2012;0,02;V
25/01/2012;0,02;V
26/01/2012;0,02;V
27/01/2012;0,02;V
28/01/2012;0,02;V
29/01/2012;0,03;V
30/01/2012;0,03;V
31/01/2012;0,03;V
01/02/2012;0,03;V
02/02/2012;0,03;V
03/02/2012;0,03;V
04/02/2012;0,03;V
05/02/2012;0,03;V
06/02/2012;0,04;V
07/02/2012;0,04;V
08/02/2012;0,04;V
09/02/2012;0,04;V
10/02/2012;0,04;V
11/02/2012;0,04;V
12/02/2012;0,04;V
13/02/2012;0,04;V
14/02/2012;0,03;V
15/02/2012;0,04;V
16/02/2012;0,04;V
17/02/2012;0,04;V
18/02/2012;0,04;V
19/02/2012;0,04;V
20/02/2012;0,04;V
21/02/2012;0,04;V
22/02/2012;0,04;V
23/02/2012;0,04;V
24/02/2012;0,04;V
25/02/2012;0,04;V
26/02/2012;0,04;V
27/02/2012;0,04;V
28/02/2012;0,04;V
29/02/2012;0,04;V
01/03/2012;0,04;V
02/03/2012;0,04;V
03/03/2012;0,04;V
04/03/2012;0,04;V
05/03/2012;0,05;V
06/03/2012;0,05;V
07/03/2012;0,05;V
08/03/2012;0,04;V
09/03/2012;0,05;V
10/03/2012;0,05;V
11/03/2012;0,05;V
12/03/2012;0,05;V
13/03/2012;0,05;V
14/03/2012;0,04;V
15/03/2012;0,04;V
16/03/2012;0,04;V
17/03/2012;0,04;V
18/03/2012;0,05;V
19/03/2012;0,05;V
20/03/2012;0,04;V
21/03/2012;0,04;V
22/03/2012;0,04;V
23/03/2012;0,04;V
24/03/2012;0,05;V
25/03/2012;0,05;V
26/03/2012;0,05;V
27/03/2012;0,04;V
28/03/2012;0,04;V
29/03/2012;0,04;V
30/03/2012;0,05;V
31/03/2012;0,06;V
01/04/2012;0,05;V
02/04/2012;0,05;V
03/04/2012;0,05;V
04/04/2012;0,05;V
05/04/2012;0,05;V
06/04/2012;0,04;V
07/04/2012;0,03;V
08/04/2012;0,03;V
09/04/2012;0,03;V
10/04/2012;0,03;V
11/04/2012;0,07;V
12/04/2012;0,05;V
13/04/2012;0,04;V
14/04/2012;0,06;V
15/04/2012;0,06;V
16/04/2012;0,05;V
17/04/2012;0,04;V
18/04/2012;0,05;V
19/04/2012;0,05;V
20/04/2012;0,07;V
21/04/2012;0,05;V
22/04/2012;0,05;V
23/04/2012;0,04;V
24/04/2012;0,05;V
25/04/2012;0,05;V
26/04/2012;0,05;V
27/04/2012;0,05;V
28/04/2012;0,05;V
29/04/2012;0,05;V
30/04/2012;0,05;V
01/05/2012;0,05;V
02/05/2012;0,05;V
03/05/2012;0,05;V
04/05/2012;0,04;V
05/05/2012;0,05;V
06/05/2012;0,05;V
07/05/2012;0,08;V
08/05/2012;0,05;V
09/05/2012;0,05;V
10/05/2012;0,05;V
11/05/2012;0,05;V
12/05/2012;0,05;V
13/05/2012;0,05;V
14/05/2012;0,04;V
15/05/2012;0,04;V
16/05/2012;0,04;V
17/05/2012;0,04;V
18/05/2012;0,04;V
19/05/2012;0,04;V
20/05/2012;0,05;V
21/05/2012;0,08;V
22/05/2012;0,06;V
23/05/2012;0,05;V
24/05/2012;0,05;V
25/05/2012;0,05;V
26/05/2012;0,05;V
27/05/2012;0,05;V
28/05/2012;0,05;V
29/05/2012;0,04;V
30/05/2012;0,04;V
31/05/2012;0,04;V
01/06/2012;0,04;V
02/06/2012;0,04;V
03/06/2012;0,04;V
04/06/2012;0,05;V
05/06/2012;0,03;V
06/06/2012;0,04;V
07/06/2012;0,04;V
08/06/2012;0,04;V
09/06/2012;0,03;V
10/06/2012;0,04;V
11/06/2012;0,04;V
12/06/2012;0,04;V
13/06/2012;0,02;V
14/06/2012;0,02;V
15/06/2012;0,02;V
16/06/2012;0,02;V
17/06/2012;0,02;V
18/06/2012;0,02;V
19/06/2012;0,02;V
20/06/2012;0,02;V
21/06/2012;0,03;V
22/06/2012;0,03;V
23/06/2012;0,02;V
24/06/2012;0,02;V
25/06/2012;0,03;V
26/06/2012;0,03;V
27/06/2012;0,02;V
28/06/2012;0,02;V
29/06/2012;0,02;V
30/06/2012;0,02;V
01/07/2012;;@
02/07/2012;;@
03/07/2012;;@
04/07/2012;;@
05/07/2012;;@
06/07/2012;;@
07/07/2012;;@
08/07/2012;;@
09/07/2012;;@
10/07/2012;;@
11/07/2012;;@
12/07/2012;;@
13/07/2012;;@
14/07/2012;;@
15/07/2012;;@
16/07/2012;;@
17/07/2012;;@
18/07/2012;;@
19/07/2012;;@
20/07/2012;;@
21/07/2012;;@
22/07/2012;;@
23/07/2012;;@
24/07/2012;;@
25/07/2012;;@
26/07/2012;;@
27/07/2012;;@
28/07/2012;;@
29/07/2012;;@
30/07/2012;;@
31/07/2012;;@
01/08/2012;;@
02/08/2012;;@
03/08/2012;;@
04/08/2012;;@
05/08/2012;;@
06/08/2012;;@
07/08/2012;;@
08/08/2012;;@
09/08/2012;;@
10/08/2012;;@
11/08/2012;;@
12/08/2012;;@
13/08/2012;;@
14/08/2012;;@
15/08/2012;;@
16/08/2012;;@
17/08/2012;;@
18/08/2012;;@
19/08/2012;;@
20/08/2012;;@
21/08/2012;;@
22/08/2012;;@
23/08/2012;;@
24/08/2012;;@
25/08/2012;;@
26/08/2012;;@
27/08/2012;;@
28/08/2012;;@
29/08/2012;;@
30/08/2012;;@
31/08/2012;;@
01/09/2012;;@
02/09/2012;;@
03/09/2012;;@
04/09/2012;;@
05/09/2012;0,00;@
06/09/2012;0,00;V
07/09/2012;0,00;V
08/09/2012;0,00;V
09/09/2012;0,00;V
10/09/2012;0,00;V
11/09/2012;0,00;V
12/09/2012;;@
13/09/2012;0,00;V
14/09/2012;0,00;V
15/09/2012;0,00;V
16/09/2012;0,00;V
17/09/2012;0,00;V
18/09/2012;0,00;V
19/09/2012;0,03;V
20/09/2012;0,00;V
21/09/2012;0,00;V
22/09/2012;0,00;@
23/09/2012;0,00;V
24/09/2012;0,00;V
25/09/2012;0,00;V
26/09/2012;0,00;V
27/09/2012;0,00;V
28/09/2012;0,01;V
29/09/2012;0,01;V
30/09/2012;0,04;V
01/10/2012;0,02;V
02/10/2012;0,01;V
03/10/2012;0,01;V
04/10/2012;0,01;V
05/10/2012;0,01;V
06/10/2012;0,01;V
07/10/2012;0,01;V
08/10/2012;0,01;V
09/10/2012;0,04;V
10/10/2012;0,00;V
11/10/2012;0,00;V
12/10/2012;0,01;V
13/10/2012;0,01;V
14/10/2012;0,01;V
15/10/2012;0,05;V
16/10/2012;0,04;V
17/10/2012;0,01;V
18/10/2012;0,01;V
19/10/2012;0,01;V
20/10/2012;0,01;V
21/10/2012;0,01;V
22/10/2012;0,01;V
23/10/2012;0,00;V
24/10/2012;0,01;V
25/10/2012;0,01;V
26/10/2012;0,02;V
27/10/2012;0,04;V
28/10/2012;0,06;V
29/10/2012;0,04;V
30/10/2012;0,02;V
31/10/2012;0,02;V
01/11/2012;0,04;V
02/11/2012;0,02;V
03/11/2012;0,02;V
04/11/2012;0,02;V
05/11/2012;0,02;V
06/11/2012;0,01;V
07/11/2012;0,01;V
08/11/2012;0,01;V
09/11/2012;0,01;V
10/11/2012;0,01;V
11/11/2012;0,02;V
12/11/2012;0,05;V
13/11/2012;0,17;V
14/11/2012;0,06;V
15/11/2012;0,04;V
16/11/2012;0,03;V
17/11/2012;0,03;V
18/11/2012;0,02;V
19/11/2012;0,02;V
20/11/2012;0,02;V
21/11/2012;0,02;V
22/11/2012;0,02;V
23/11/2012;0,01;V
24/11/2012;0,01;V
25/11/2012;0,02;V
26/11/2012;0,02;V
27/11/2012;0,20;V
28/11/2012;0,59;V
29/11/2012;0,21;V
30/11/2012;0,13;V
01/12/2012;0,14;V
02/12/2012;0,17;V
03/12/2012;0,12;V
04/12/2012;0,20;V
05/12/2012;0,13;V
06/12/2012;0,09;V
07/12/2012;0,18;V
08/12/2012;0,22;V
09/12/2012;0,11;V
10/12/2012;0,09;V
11/12/2012;0,07;V
12/12/2012;0,06;V
13/12/2012;0,05;V
14/12/2012;0,05;V
15/12/2012;0,09;V
16/12/2012;0,08;V
17/12/2012;0,29;V
18/12/2012;0,15;V
19/12/2012;0,10;V
20/12/2012;0,08;V
21/12/2012;0,08;V
22/12/2012;0,07;V
23/12/2012;0,07;V
24/12/2012;0,06;V
25/12/2012;0,05;V
26/12/2012;0,08;V
27/12/2012;0,07;V
28/12/2012;0,07;V
29/12/2012;0,06;V
30/12/2012;0,05;V
31/12/2012;0,05;V
01/01/2013;0,05;V
02/01/2013;0,05;V
03/01/2013;0,04;V
04/01/2013;0,04;V
05/01/2013;0,04;V
06/01/2013;0,04;V
07/01/2013;0,03;V
08/01/2013;0,03;V
09/01/2013;0,03;V
10/01/2013;0,03;V
11/01/2013;0,03;V
12/01/2013;0,03;V
13/01/2013;0,08;V
14/01/2013;0,11;V
15/01/2013;0,12;V
16/01/2013;0,13;V
17/01/2013;0,11;V
18/01/2013;0,08;V
19/01/2013;0,09;V
20/01/2013;0,13;V
21/01/2013;0,18;V
22/01/2013;0,13;V
23/01/2013;0,11;V
24/01/2013;0,10;V
25/01/2013;0,08;V
26/01/2013;0,08;V
27/01/2013;0,07;V
28/01/2013;0,09;V
29/01/2013;0,08;V
30/01/2013;0,08;V
31/01/2013;0,07;V
01/02/2013;0,07;V
02/02/2013;0,08;V
03/02/2013;0,07;V
04/02/2013;0,06;V
05/02/2013;0,06;V
06/02/2013;0,06;V
07/02/2013;0,07;V
08/02/2013;0,07;V
09/02/2013;0,07;V
10/02/2013;0,06;V
11/02/2013;0,08;V
12/02/2013;0,08;V
13/02/2013;0,07;V
14/02/2013;0,07;V
15/02/2013;0,07;V
16/02/2013;0,06;V
17/02/2013;0,06;V
18/02/2013;0,06;V
19/02/2013;0,06;V
20/02/2013;0,06;V
21/02/2013;0,06;V
22/02/2013;0,07;V
23/02/2013;0,13;V
24/02/2013;0,25;V
25/02/2013;0,20;V
26/02/2013;0,14;V
27/02/2013;0,12;V
28/02/2013;0,10;V
01/03/2013;0,09;V
02/03/2013;0,08;V
03/03/2013;0,08;V
04/03/2013;0,07;V
05/03/2013;0,08;V
06/03/2013;0,09;V
07/03/2013;0,10;V
08/03/2013;0,13;V
09/03/2013;0,20;V
10/03/2013;0,30;V
11/03/2013;0,59;V
12/03/2013;0,81;V
13/03/2013;0,54;V
14/03/2013;0,26;V
15/03/2013;0,16;V
16/03/2013;0,13;V
17/03/2013;0,12;V
18/03/2013;0,32;V
19/03/2013;0,16;V
20/03/2013;0,18;V
21/03/2013;0,16;V
22/03/2013;0,12;V
23/03/2013;0,10;V
24/03/2013;0,09;V
25/03/2013;0,08;V
26/03/2013;0,11;V
27/03/2013;0,09;V
28/03/2013;0,08;V
29/03/2013;0,08;V
30/03/2013;0,12;V
31/03/2013;0,10;V
01/04/2013;0,08;V
02/04/2013;0,14;V
03/04/2013;0,09;V
04/04/2013;0,09;V
05/04/2013;0,15;V
06/04/2013;0,12;V
07/04/2013;0,09;V
08/04/2013;0,09;V
09/04/2013;0,12;V
10/04/2013;0,09;V
11/04/2013;0,08;V
12/04/2013;0,08;V
13/04/2013;0,07;V
14/04/2013;0,07;V
15/04/2013;0,06;V
16/04/2013;0,06;V
17/04/2013;0,06;V
18/04/2013;0,06;V
19/04/2013;0,06;V
20/04/2013;0,06;V
21/04/2013;0,06;V
22/04/2013;0,06;V
23/04/2013;0,06;V
24/04/2013;0,05;V
25/04/2013;0,05;V
26/04/2013;0,05;V
27/04/2013;0,05;V
28/04/2013;0,05;V
29/04/2013;0,05;V
30/04/2013;0,05;V
01/05/2013;0,04;V
02/05/2013;0,05;V
03/05/2013;0,04;V
04/05/2013;0,04;V
05/05/2013;0,05;V
06/05/2013;0,04;V
07/05/2013;0,04;V
08/05/2013;0,04;V
09/05/2013;0,04;V
10/05/2013;0,04;V
11/05/2013;0,05;V
12/05/2013;0,05;V
13/05/2013;0,05;V
14/05/2013;0,04;V
15/05/2013;0,05;V
16/05/2013;0,07;V
17/05/2013;0,07;V
18/05/2013;0,06;V
19/05/2013;0,07;V
20/05/2013;0,07;V
21/05/2013;0,07;V
22/05/2013;0,07;V
23/05/2013;0,08;V
24/05/2013;0,08;V
25/05/2013;0,12;V
26/05/2013;0,10;V
27/05/2013;0,09;V
28/05/2013;0,09;V
29/05/2013;0,09;V
30/05/2013;0,10;V
31/05/2013;0,07;V
01/06/2013;0,06;V
02/06/2013;0,06;V
03/06/2013;0,11;V
04/06/2013;0,03;V
05/06/2013;0,05;V
06/06/2013;0,03;V
07/06/2013;0,02;V
08/06/2013;0,02;V
09/06/2013;0,03;V
10/06/2013;0,04;V
11/06/2013;0,04;V
12/06/2013;0,04;V
13/06/2013;0,04;V
14/06/2013;0,04;V
15/06/2013;0,04;V
16/06/2013;0,05;V
17/06/2013;0,05;V
18/06/2013;0,05;V
19/06/2013;0,06;V
20/06/2013;0,06;V
21/06/2013;0,06;V
22/06/2013;0,07;V
23/06/2013;0,07;V
24/06/2013;0,09;V
25/06/2013;0,05;V
26/06/2013;0,04;V
27/06/2013;0,04;V
28/06/2013;0,04;V
29/06/2013;0,04;V
30/06/2013;0,04;V
01/07/2013;0,04;V
02/07/2013;0,04;V
03/07/2013;0,04;V
04/07/2013;0,05;V
05/07/2013;0,05;V
06/07/2013;0,05;V
07/07/2013;0,05;V
08/07/2013;0,05;V
09/07/2013;0,05;V
10/07/2013;0,05;V
11/07/2013;0,04;V
12/07/2013;0,03;V
13/07/2013;0,03;V
14/07/2013;0,03;V
15/07/2013;0,03;V
16/07/2013;0,04;V
17/07/2013;0,04;V
18/07/2013;0,04;V
19/07/2013;0,03;V
20/07/2013;0,03;V
21/07/2013;0,03;V
22/07/2013;0,04;V
23/07/2013;0,04;V
24/07/2013;0,04;V
25/07/2013;0,03;V
26/07/2013;0,03;V
27/07/2013;0,02;V
28/07/2013;0,03;V
29/07/2013;0,03;V
30/07/2013;0,02;V
31/07/2013;0,02;V
01/08/2013;0,02;V
02/08/2013;0,02;V
03/08/2013;0,02;V
04/08/2013;0,02;V
05/08/2013;0,03;V
06/08/2013;0,04;V
07/08/2013;0,03;V
08/08/2013;0,03;V
09/08/2013;0,03;V
10/08/2013;0,04;V
11/08/2013;0,04;V
12/08/2013;0,04;V
13/08/2013;0,04;V
14/08/2013;0,04;V
15/08/2013;0,04;V
16/08/2013;0,04;V
17/08/2013;0,04;V
18/08/2013;0,04;V
19/08/2013;0,04;V
20/08/2013;0,04;V
21/08/2013;0,04;V
22/08/2013;0,03;V
23/08/2013;0,03;V
24/08/2013;0,03;V
25/08/2013;0,04;V
26/08/2013;0,03;V
27/08/2013;0,03;V
28/08/2013;0,03;V
29/08/2013;0,03;V
30/08/2013;0,03;V
31/08/2013;0,02;V
01/09/2013;0,02;V
02/09/2013;0,03;V
03/09/2013;0,03;V
04/09/2013;0,03;V
05/09/2013;0,03;V
06/09/2013;0,03;V
07/09/2013;0,04;V
08/09/2013;0,04;V
09/09/2013;0,04;V
10/09/2013;0,05;V
11/09/2013;0,04;V
12/09/2013;0,04;V
13/09/2013;0,04;V
14/09/2013;0,04;V
15/09/2013;0,05;V
16/09/2013;0,05;V
17/09/2013;0,04;V
18/09/2013;0,04;V
19/09/2013;0,04;V
20/09/2013;0,04;V
21/09/2013;0,04;V
22/09/2013;0,04;V
23/09/2013;0,04;V
24/09/2013;0,04;V
25/09/2013;0,05;V
26/09/2013;0,05;V
27/09/2013;0,05;V
28/09/2013;0,05;V
29/09/2013;0,07;V
30/09/2013;0,07;V
01/10/2013;0,04;V
02/10/2013;0,04;V
03/10/2013;0,05;V
04/10/2013;0,05;V
05/10/2013;0,15;V
06/10/2013;0,05;V
07/10/2013;0,04;V
08/10/2013;0,04;V
09/10/2013;0,03;V
10/10/2013;0,04;V
11/10/2013;0,05;V
12/10/2013;0,04;V
13/10/2013;0,03;V
14/10/2013;0,03;V
15/10/2013;0,04;V
16/10/2013;0,06;V
17/10/2013;0,04;V
18/10/2013;0,04;V
19/10/2013;0,04;V
20/10/2013;0,06;V
21/10/2013;0,32;V
22/10/2013;0,11;V
23/10/2013;0,08;V
24/10/2013;0,31;V
25/10/2013;0,11;V
26/10/2013;0,08;V
27/10/2013;0,07;V
28/10/2013;0,07;V
29/10/2013;0,06;V
30/10/2013;0,06;V
31/10/2013;0,06;V
01/11/2013;0,06;V
02/11/2013;0,06;V
03/11/2013;0,06;V
04/11/2013;0,07;V
05/11/2013;0,10;V
06/11/2013;0,07;V
07/11/2013;0,06;V
08/11/2013;0,06;V
09/11/2013;0,08;V
10/11/2013;0,23;V
11/11/2013;0,12;V
12/11/2013;0,09;V
13/11/2013;0,08;V
14/11/2013;0,08;V
15/11/2013;0,11;V
16/11/2013;0,08;V
17/11/2013;0,08;V
18/11/2013;0,07;V
19/11/2013;0,07;V
20/11/2013;0,07;V
21/11/2013;0,34;V
22/11/2013;0,25;V
23/11/2013;0,15;V
24/11/2013;0,12;V
25/11/2013;0,10;V
26/11/2013;0,09;V
27/11/2013;0,08;V
28/11/2013;0,07;V
29/11/2013;0,07;V
30/11/2013;0,07;V
01/12/2013;0,07;V
02/12/2013;0,07;V
03/12/2013;0,06;V
04/12/2013;0,06;V
05/12/2013;0,06;V
06/12/2013;0,06;V
07/12/2013;0,06;V
08/12/2013;0,06;V
09/12/2013;0,06;V
10/12/2013;0,05;V
11/12/2013;0,05;V
12/12/2013;0,05;V
13/12/2013;0,05;V
14/12/2013;0,05;V
15/12/2013;0,05;V
16/12/2013;0,05;V
17/12/2013;0,05;V
18/12/2013;0,05;V
19/12/2013;0,05;V
20/12/2013;0,06;V
21/12/2013;0,05;V
22/12/2013;0,05;V
23/12/2013;0,06;V
24/12/2013;0,05;V
25/12/2013;0,06;V
26/12/2013;0,08;V
27/12/2013;0,06;V
28/12/2013;0,06;V
29/12/2013;0,08;V
30/12/2013;0,07;V
31/12/2013;0,06;V
01/01/2014;0,06;V
02/01/2014;0,06;V
03/01/2014;0,06;V
04/01/2014;0,06;V
05/01/2014;0,10;V
06/01/2014;0,07;V
07/01/2014;0,07;V
08/01/2014;0,06;V
09/01/2014;0,06;V
10/01/2014;0,07;V
11/01/2014;0,06;V
12/01/2014;0,06;V
13/01/2014;0,06;V
14/01/2014;0,12;V
15/01/2014;0,10;V
16/01/2014;0,09;V
17/01/2014;0,15;V
18/01/2014;0,16;V
19/01/2014;0,25;V
20/01/2014;0,28;V
21/01/2014;0,21;V
22/01/2014;0,17;V
23/01/2014;0,16;V
24/01/2014;0,24;V
25/01/2014;0,17;V
26/01/2014;0,16;V
27/01/2014;0,18;V
28/01/2014;0,17;V
29/01/2014;0,16;V
30/01/2014;0,55;V
31/01/2014;0,61;V
01/02/2014;0,24;V
02/02/2014;0,17;V
03/02/2014;0,15;V
04/02/2014;0,14;V
05/02/2014;0,14;V
06/02/2014;0,21;V
07/02/2014;0,20;V
08/02/2014;0,19;V
09/02/2014;0,16;V
10/02/2014;0,47;V
11/02/2014;0,55;V
12/02/2014;0,21;V
13/02/2014;0,17;V
14/02/2014;0,14;V
15/02/2014;0,13;V
16/02/2014;0,12;V
17/02/2014;0,11;V
18/02/2014;0,10;V
19/02/2014;0,12;V
20/02/2014;0,33;V
21/02/2014;0,15;V
22/02/2014;0,21;V
23/02/2014;0,14;V
24/02/2014;0,13;V
25/02/2014;0,12;V
26/02/2014;0,16;V
27/02/2014;0,15;V
28/02/2014;0,23;V
01/03/2014;0,25;V
02/03/2014;0,17;V
03/03/2014;0,14;V
04/03/2014;0,19;V
05/03/2014;0,14;V
06/03/2014;0,13;V
07/03/2014;0,12;V
08/03/2014;0,11;V
09/03/2014;0,10;V
10/03/2014;0,10;V
11/03/2014;0,10;V
12/03/2014;0,09;V
13/03/2014;0,09;V
14/03/2014;0,08;V
15/03/2014;0,08;V
16/03/2014;0,08;V
17/03/2014;0,08;V
18/03/2014;0,08;V
19/03/2014;0,08;V
20/03/2014;0,08;V
21/03/2014;0,08;V
22/03/2014;0,08;V
23/03/2014;0,10;V
24/03/2014;0,12;V
25/03/2014;0,09;V
26/03/2014;0,09;V
27/03/2014;0,08;V
28/03/2014;0,07;V
29/03/2014;0,07;V
30/03/2014;0,07;V
31/03/2014;0,07;V
01/04/2014;0,07;V
02/04/2014;0,07;V
03/04/2014;0,07;V
04/04/2014;0,07;V
05/04/2014;0,08;V
06/04/2014;0,07;V
07/04/2014;0,06;V
08/04/2014;0,07;V
09/04/2014;0,06;V
10/04/2014;0,07;V
11/04/2014;0,07;V
12/04/2014;0,07;V
13/04/2014;0,07;V
14/04/2014;0,06;V
15/04/2014;0,06;V
16/04/2014;0,06;V
17/04/2014;0,05;V
18/04/2014;0,07;V
19/04/2014;0,07;V
20/04/2014;0,07;V
21/04/2014;0,07;V
22/04/2014;0,07;V
23/04/2014;0,07;V
24/04/2014;0,07;V
25/04/2014;0,08;V
26/04/2014;0,08;V
27/04/2014;0,08;V
28/04/2014;0,10;V
29/04/2014;0,10;V
30/04/2014;0,10;V
01/05/2014;0,10;V
02/05/2014;0,13;V
03/05/2014;0,16;V
04/05/2014;0,12;V
05/05/2014;0,11;V
06/05/2014;0,10;V
07/05/2014;0,10;V
08/05/2014;0,10;V
09/05/2014;0,10;V
10/05/2014;0,10;V
11/05/2014;0,10;V
12/05/2014;0,11;V
13/05/2014;0,11;V
14/05/2014;0,11;V
15/05/2014;0,10;V
16/05/2014;0,10;V
17/05/2014;0,10;V
18/05/2014;0,10;V
19/05/2014;0,10;V
20/05/2014;0,10;V
21/05/2014;0,10;V
22/05/2014;0,09;V
23/05/2014;0,10;V
24/05/2014;0,09;V
25/05/2014;0,08;V
26/05/2014;0,09;V
27/05/2014;0,10;V
28/05/2014;0,09;V
29/05/2014;0,08;V
30/05/2014;0,11;V
31/05/2014;0,09;V
01/06/2014;0,08;V
02/06/2014;0,08;V
03/06/2014;0,08;V
04/06/2014;0,09;V
05/06/2014;0,08;V
06/06/2014;0,07;V
07/06/2014;0,07;V
08/06/2014;0,07;V
09/06/2014;0,07;V
10/06/2014;0,07;V
11/06/2014;0,07;V
12/06/2014;0,07;V
13/06/2014;0,08;V
14/06/2014;0,10;V
15/06/2014;0,10;V
16/06/2014;0,10;V
17/06/2014;0,09;V
18/06/2014;0,07;V
19/06/2014;0,07;V
20/06/2014;0,07;V
21/06/2014;0,07;V
22/06/2014;0,07;V
23/06/2014;0,07;V
24/06/2014;0,06;V
25/06/2014;0,07;V
26/06/2014;0,07;V
27/06/2014;0,06;V
28/06/2014;0,06;V
29/06/2014;0,05;V
30/06/2014;0,09;V
01/07/2014;0,04;V
02/07/2014;0,04;V
03/07/2014;0,04;V
04/07/2014;0,04;V
05/07/2014;0,04;V
06/07/2014;0,04;V
07/07/2014;0,04;V
08/07/2014;0,05;V
09/07/2014;0,04;V
10/07/2014;0,09;V
11/07/2014;0,05;V
12/07/2014;0,06;V
13/07/2014;0,05;V
14/07/2014;0,04;V
15/07/2014;0,04;V
16/07/2014;0,04;V
17/07/2014;0,04;V
18/07/2014;0,04;V
19/07/2014;0,04;V
20/07/2014;0,04;V
21/07/2014;0,10;V
22/07/2014;0,08;V
23/07/2014;0,04;V
24/07/2014;0,04;V
25/07/2014;0,04;V
26/07/2014;0,04;V
27/07/2014;0,04;V
28/07/2014;0,04;V
29/07/2014;0,05;V
30/07/2014;0,10;V
31/07/2014;0,05;V
01/08/2014;0,04;V
02/08/2014;0,04;V
03/08/2014;0,06;V
04/08/2014;0,04;V
05/08/2014;0,04;V
06/08/2014;0,04;V
07/08/2014;0,04;V
08/08/2014;0,04;V
09/08/2014;0,04;V
10/08/2014;0,03;V
11/08/2014;0,04;V
12/08/2014;0,04;V
13/08/2014;0,04;V
14/08/2014;0,05;V
15/08/2014;0,04;V
16/08/2014;0,04;V
17/08/2014;0,04;V
18/08/2014;0,04;V
19/08/2014;0,04;V
20/08/2014;0,04;V
21/08/2014;0,03;V
22/08/2014;0,03;V
23/08/2014;0,04;V
24/08/2014;0,03;V
25/08/2014;0,03;V
26/08/2014;0,03;V
27/08/2014;0,04;V
28/08/2014;0,04;V
29/08/2014;0,04;V
30/08/2014;0,04;V
31/08/2014;0,04;V
01/09/2014;0,08;V
02/09/2014;0,03;V
03/09/2014;0,04;V
04/09/2014;0,04;V
05/09/2014;0,03;V
06/09/2014;0,03;V
07/09/2014;0,03;V
08/09/2014;0,03;V
09/09/2014;0,03;V
10/09/2014;0,05;V
11/09/2014;0,09;V
12/09/2014;0,04;V
13/09/2014;0,03;V
14/09/2014;0,03;V
15/09/2014;0,04;V
16/09/2014;0,04;V
17/09/2014;0,04;V
18/09/2014;0,04;V
19/09/2014;0,04;V
20/09/2014;0,04;V
21/09/2014;0,04;V
22/09/2014;0,04;V
23/09/2014;0,03;V
24/09/2014;0,04;V
25/09/2014;0,04;V
26/09/2014;0,03;V
27/09/2014;0,04;V
28/09/2014;0,03;V
29/09/2014;0,03;V
30/09/2014;0,04;V
01/10/2014;0,04;V
02/10/2014;0,04;V
03/10/2014;0,04;V
04/10/2014;0,04;V
05/10/2014;0,04;V
06/10/2014;0,04;V
07/10/2014;0,04;V
08/10/2014;0,04;V
09/10/2014;0,04;V
10/10/2014;0,04;V
11/10/2014;0,04;V
12/10/2014;0,04;V
13/10/2014;0,07;V
14/10/2014;0,04;V
15/10/2014;0,04;V
16/10/2014;0,04;V
17/10/2014;0,03;V
18/10/2014;0,02;V
19/10/2014;0,03;V
20/10/2014;0,03;V
21/10/2014;0,03;V
22/10/2014;0,03;V
23/10/2014;0,04;V
24/10/2014;0,04;V
25/10/2014;0,04;V
26/10/2014;0,04;V
27/10/2014;0,04;V
28/10/2014;0,03;V
29/10/2014;0,04;V
30/10/2014;0,04;V
31/10/2014;0,04;V
01/11/2014;0,04;V
02/11/2014;0,04;V
03/11/2014;0,04;V
04/11/2014;0,04;V
05/11/2014;0,17;V
06/11/2014;0,07;V
07/11/2014;0,05;V
08/11/2014;0,04;V
09/11/2014;0,04;V
10/11/2014;0,06;V
11/11/2014;0,04;V
12/11/2014;0,04;V
13/11/2014;0,04;V
14/11/2014;0,04;V
15/11/2014;0,07;V
16/11/2014;0,09;V
17/11/2014;0,17;V
18/11/2014;0,18;V
19/11/2014;0,15;V
20/11/2014;0,10;V
21/11/2014;0,08;V
22/11/2014;0,07;V
23/11/2014;0,07;V
24/11/2014;0,06;V
25/11/2014;0,06;V
26/11/2014;0,08;V
27/11/2014;0,08;V
28/11/2014;0,07;V
29/11/2014;0,07;V
30/11/2014;0,07;V
01/12/2014;0,07;V
02/12/2014;0,06;V
03/12/2014;0,06;V
04/12/2014;0,07;V
05/12/2014;0,07;V
06/12/2014;0,07;V
07/12/2014;0,08;V
08/12/2014;0,08;V
09/12/2014;0,08;V
10/12/2014;0,07;V
11/12/2014;0,07;V
12/12/2014;0,07;V
13/12/2014;0,07;V
14/12/2014;0,07;V
15/12/2014;0,07;V
16/12/2014;0,09;V
17/12/2014;0,07;V
18/12/2014;0,08;V
19/12/2014;0,07;V
20/12/2014;0,07;V
21/12/2014;0,07;V
22/12/2014;0,07;V
23/12/2014;0,07;V
24/12/2014;0,07;V
25/12/2014;0,07;V
26/12/2014;0,08;V
27/12/2014;0,12;V
28/12/2014;0,12;V
29/12/2014;0,09;V
30/12/2014;0,08;V
31/12/2014;0,08;V
01/01/2015;0,08;V
02/01/2015;0,08;V
03/01/2015;0,07;V
04/01/2015;0,07;V
05/01/2015;0,08;V
06/01/2015;0,08;V
07/01/2015;0,08;V
08/01/2015;0,08;V
09/01/2015;0,10;V
10/01/2015;0,10;V
11/01/2015;0,10;V
12/01/2015;0,10;V
13/01/2015;0,10;V
14/01/2015;0,10;V
15/01/2015;0,10;V
16/01/2015;0,10;V
17/01/2015;0,14;V
18/01/2015;0,11;V
19/01/2015;0,11;V
20/01/2015;0,11;V
21/01/2015;0,11;V
22/01/2015;0,11;V
23/01/2015;0,10;V
24/01/2015;0,10;V
25/01/2015;0,11;V
26/01/2015;0,10;V
27/01/2015;0,11;V
28/01/2015;0,11;V
29/01/2015;0,13;V
30/01/2015;0,36;V
31/01/2015;0,15;V
01/02/2015;0,13;V
02/02/2015;0,10;V
03/02/2015;0,10;V
04/02/2015;0,08;V
05/02/2015;0,28;V
06/02/2015;0,20;V
07/02/2015;0,14;V
08/02/2015;0,11;V
09/02/2015;0,11;V
10/02/2015;0,09;V
11/02/2015;0,08;V
12/02/2015;0,08;V
13/02/2015;0,07;V
14/02/2015;0,07;V
15/02/2015;0,07;V
16/02/2015;0,07;V
17/02/2015;0,07;V
18/02/2015;0,06;V
19/02/2015;0,05;V
20/02/2015;0,05;V
21/02/2015;0,06;V
22/02/2015;0,07;V
23/02/2015;0,06;V
24/02/2015;0,07;V
25/02/2015;0,06;V
26/02/2015;0,04;V
27/02/2015;0,04;V
28/02/2015;0,04;V
01/03/2015;0,04;V
02/03/2015;0,06;V
03/03/2015;0,04;V
04/03/2015;0,07;V
05/03/2015;0,14;V
06/03/2015;;@
07/03/2015;0,07;V
08/03/2015;0,07;V
09/03/2015;0,07;V
10/03/2015;0,07;V
11/03/2015;0,07;V
12/03/2015;0,07;V
13/03/2015;0,07;V
14/03/2015;0,07;V
15/03/2015;0,08;V
16/03/2015;0,11;V
17/03/2015;0,15;V
18/03/2015;0,09;V
19/03/2015;0,08;V
20/03/2015;0,08;V
21/03/2015;0,08;V
22/03/2015;0,07;V
23/03/2015;0,07;V
24/03/2015;0,07;V
25/03/2015;0,09;V
26/03/2015;0,16;V
27/03/2015;0,11;V
28/03/2015;0,09;V
29/03/2015;0,08;V
30/03/2015;0,09;V
31/03/2015;0,08;V
01/04/2015;0,08;V
02/04/2015;0,08;V
03/04/2015;0,08;V
04/04/2015;0,18;V
05/04/2015;0,13;V
06/04/2015;0,09;V
07/04/2015;0,08;V
08/04/2015;0,08;V
09/04/2015;0,08;V
10/04/2015;0,07;V
11/04/2015;0,08;V
12/04/2015;0,07;V
13/04/2015;0,07;V
14/04/2015;0,07;V
15/04/2015;0,06;V
16/04/2015;0,06;V
17/04/2015;0,06;V
18/04/2015;0,07;V
19/04/2015;0,06;V
20/04/2015;0,05;V
21/04/2015;0,05;V
22/04/2015;0,05;V
23/04/2015;0,06;V
24/04/2015;0,06;V
25/04/2015;0,07;V
26/04/2015;0,08;V
27/04/2015;0,12;V
28/04/2015;0,09;V
29/04/2015;0,09;V
30/04/2015;0,08;V
01/05/2015;0,07;V
02/05/2015;0,07;V
03/05/2015;0,07;V
04/05/2015;0,06;V
05/05/2015;0,05;V
06/05/2015;0,06;V
07/05/2015;0,05;V
08/05/2015;0,05;V
09/05/2015;0,05;V
10/05/2015;0,04;V
11/05/2015;0,04;V
12/05/2015;0,04;V
13/05/2015;0,04;V
14/05/2015;0,04;V
15/05/2015;0,04;V
16/05/2015;0,04;V
17/05/2015;0,04;V
18/05/2015;0,04;V
19/05/2015;0,04;V
20/05/2015;0,04;V
21/05/2015;0,06;V
22/05/2015;0,06;V
23/05/2015;0,05;V
24/05/2015;0,04;V
25/05/2015;0,04;V
26/05/2015;0,04;V
27/05/2015;0,04;V
28/05/2015;0,04;V
29/05/2015;0,04;V
30/05/2015;0,03;V
31/05/2015;0,03;V
01/06/2015;0,03;V
02/06/2015;0,03;V
03/06/2015;0,03;V
04/06/2015;0,03;V
05/06/2015;0,03;V
06/06/2015;0,03;V
07/06/2015;0,03;V
08/06/2015;0,03;V
09/06/2015;0,04;V
10/06/2015;0,04;V
11/06/2015;0,04;V
12/06/2015;0,04;V
13/06/2015;0,04;V
14/06/2015;0,04;V
15/06/2015;0,05;V
16/06/2015;0,04;V
17/06/2015;0,03;V
18/06/2015;0,02;V
19/06/2015;0,03;V
20/06/2015;0,03;V
21/06/2015;0,03;V
22/06/2015;0,04;V
23/06/2015;0,03;V
24/06/2015;0,03;V
25/06/2015;0,02;V
26/06/2015;0,02;V
27/06/2015;0,02;V
28/06/2015;0,01;V
29/06/2015;0,01;V
30/06/2015;0,01;V
01/07/2015;0,01;V
02/07/2015;0,01;V
03/07/2015;0,02;V
04/07/2015;0,02;V
05/07/2015;0,02;V
06/07/2015;0,02;V
07/07/2015;0,02;V
08/07/2015;0,03;V
09/07/2015;0,03;V
10/07/2015;0,02;V
11/07/2015;0,02;V
12/07/2015;0,03;V
13/07/2015;0,03;V
14/07/2015;0,03;V
15/07/2015;0,02;V
16/07/2015;0,03;V
17/07/2015;0,03;V
18/07/2015;0,03;V
19/07/2015;0,03;V
20/07/2015;0,03;V
21/07/2015;0,03;V
22/07/2015;0,03;V
23/07/2015;0,03;V
24/07/2015;0,03;V
25/07/2015;0,03;V
26/07/2015;0,02;V
27/07/2015;0,03;V
28/07/2015;0,04;V
29/07/2015;0,03;V
30/07/2015;0,03;V
31/07/2015;0,03;V
01/08/2015;0,05;V
02/08/2015;0,03;V
03/08/2015;0,02;V
04/08/2015;0,02;V
05/08/2015;0,02;V
06/08/2015;0,02;V
07/08/2015;0,02;V
08/08/2015;0,02;V
09/08/2015;0,02;V
10/08/2015;0,04;V
11/08/2015;0,02;V
12/08/2015;0,02;V
13/08/2015;0,02;V
14/08/2015;0,03;V
15/08/2015;0,04;V
16/08/2015;0,04;V
17/08/2015;0,04;V
18/08/2015;0,04;V
19/08/2015;0,04;V
20/08/2015;0,03;V
21/08/2015;0,04;V
22/08/2015;0,03;V
23/08/2015;0,04;V
24/08/2015;0,04;V
25/08/2015;0,03;V
26/08/2015;0,02;V
27/08/2015;0,02;V
28/08/2015;0,02;V
29/08/2015;0,02;V
30/08/2015;0,02;V
31/08/2015;0,02;V
01/09/2015;0,02;V
02/09/2015;0,02;V
03/09/2015;0,02;V
04/09/2015;0,03;V
05/09/2015;0,03;V
06/09/2015;0,02;V
07/09/2015;0,02;V
08/09/2015;0,02;V
09/09/2015;0,02;V
10/09/2015;0,02;V
11/09/2015;0,02;V
12/09/2015;0,02;V
13/09/2015;0,04;V
14/09/2015;0,04;V
15/09/2015;0,03;V
16/09/2015;0,04;V
17/09/2015;0,04;V
18/09/2015;0,02;V
19/09/2015;0,02;V
20/09/2015;0,02;V
21/09/2015;0,02;V
22/09/2015;0,03;V
23/09/2015;0,04;V
24/09/2015;0,03;V
25/09/2015;0,02;V
26/09/2015;0,01;V
27/09/2015;0,02;V
28/09/2015;0,02;V
29/09/2015;0,01;V
30/09/2015;0,02;V
01/10/2015;0,03;V
02/10/2015;0,03;V
03/10/2015;0,03;V
04/10/2015;0,04;V
05/10/2015;0,04;V
06/10/2015;0,04;V
07/10/2015;0,04;V
08/10/2015;0,03;V
09/10/2015;0,02;V
10/10/2015;0,04;V
11/10/2015;0,03;V
12/10/2015;0,04;V
13/10/2015;0,04;V
14/10/2015;0,04;V
15/10/2015;0,07;V
16/10/2015;0,04;V
17/10/2015;0,02;V
18/10/2015;0,02;V
19/10/2015;0,02;V
20/10/2015;0,02;V
21/10/2015;0,04;V
22/10/2015;0,04;V
23/10/2015;0,04;V
24/10/2015;0,03;V
25/10/2015;0,04;V
26/10/2015;0,04;V
27/10/2015;0,04;V
28/10/2015;0,08;V
29/10/2015;0,14;V
30/10/2015;0,04;V
31/10/2015;0,04;V
01/11/2015;0,03;V
02/11/2015;0,02;V
03/11/2015;0,02;V
04/11/2015;0,02;V
05/11/2015;0,02;V
06/11/2015;0,02;V
07/11/2015;0,02;V
08/11/2015;0,02;V
09/11/2015;0,04;V
10/11/2015;0,04;V
11/11/2015;0,04;V
12/11/2015;0,04;V
13/11/2015;0,04;V
14/11/2015;0,04;V
15/11/2015;0,04;V
16/11/2015;0,04;V
17/11/2015;0,04;V
18/11/2015;0,04;V
19/11/2015;0,04;V
20/11/2015;0,04;V
21/11/2015;0,05;V
22/11/2015;0,05;V
23/11/2015;0,03;V
24/11/2015;0,02;V
25/11/2015;0,03;V
26/11/2015;0,03;V
27/11/2015;0,03;V
28/11/2015;0,02;V
29/11/2015;0,02;V
30/11/2015;0,03;V
01/12/2015;0,04;V
02/12/2015;0,04;V
03/12/2015;0,04;V
04/12/2015;0,04;V
05/12/2015;0,04;V
06/12/2015;0,05;V
07/12/2015;0,05;V
08/12/2015;0,05;V
09/12/2015;0,05;V
10/12/2015;0,05;V
11/12/2015;0,05;V
12/12/2015;0,04;V
13/12/2015;0,04;V
14/12/2015;0,04;V
15/12/2015;0,04;V
16/12/2015;0,04;V
17/12/2015;0,05;V
18/12/2015;0,04;V
19/12/2015;0,04;V
20/12/2015;0,05;V
21/12/2015;0,05;V
22/12/2015;0,04;V
23/12/2015;0,04;V
24/12/2015;0,04;V
25/12/2015;0,04;V
26/12/2015;0,04;V
27/12/2015;0,05;V
28/12/2015;0,05;V
29/12/2015;0,05;V
30/12/2015;0,05;V
31/12/2015;0,05;V
01/01/2016;0,05;V
02/01/2016;0,05;V
03/01/2016;0,04;V
04/01/2016;0,04;V
05/01/2016;0,05;V
06/01/2016;0,12;V
07/01/2016;0,08;V
08/01/2016;0,09;V
09/01/2016;0,06;V
10/01/2016;0,08;V
11/01/2016;0,06;V
12/01/2016;0,04;V
13/01/2016;0,05;V
14/01/2016;0,10;V
15/01/2016;0,13;V
16/01/2016;0,08;V
17/01/2016;0,06;V
18/01/2016;0,05;V
19/01/2016;0,05;V
20/01/2016;0,05;V
21/01/2016;0,05;V
22/01/2016;0,05;V
23/01/2016;0,05;V
24/01/2016;0,05;V
25/01/2016;0,04;V
26/01/2016;0,04;V
27/01/2016;0,04;V
28/01/2016;0,04;V
29/01/2016;0,04;V
30/01/2016;0,04;V
31/01/2016;0,04;V
01/02/2016;0,03;V
02/02/2016;0,03;V
03/02/2016;0,04;V
04/02/2016;0,05;V
05/02/2016;0,04;V
06/02/2016;0,04;V
07/02/2016;0,04;V
08/02/2016;0,04;V
09/02/2016;0,04;V
10/02/2016;0,04;V
11/02/2016;0,04;V
12/02/2016;0,19;V
13/02/2016;0,18;V
14/02/2016;0,29;V
15/02/2016;0,32;V
16/02/2016;0,46;V
17/02/2016;0,37;V
18/02/2016;0,18;V
19/02/2016;0,13;V
20/02/2016;0,11;V
21/02/2016;0,10;V
22/02/2016;0,08;V
23/02/2016;0,07;V
24/02/2016;0,07;V
25/02/2016;0,12;V
26/02/2016;0,12;V
27/02/2016;0,23;V
28/02/2016;0,27;V
29/02/2016;0,40;V
01/03/2016;0,19;V
02/03/2016;0,14;V
03/03/2016;0,13;V
04/03/2016;0,11;V
05/03/2016;0,12;V
06/03/2016;0,16;V
07/03/2016;0,13;V
08/03/2016;0,13;V
09/03/2016;0,14;V
10/03/2016;0,12;V
11/03/2016;0,11;V
12/03/2016;0,10;V
13/03/2016;0,08;V
14/03/2016;0,08;V
15/03/2016;0,08;V
16/03/2016;0,08;V
17/03/2016;0,07;V
18/03/2016;0,07;V
19/03/2016;0,07;V
20/03/2016;0,07;V
21/03/2016;0,07;V
22/03/2016;0,07;V
23/03/2016;0,06;V
24/03/2016;0,05;V
25/03/2016;0,05;V
26/03/2016;0,05;V
27/03/2016;0,05;V
28/03/2016;0,06;V
29/03/2016;0,05;V
30/03/2016;0,05;V
31/03/2016;0,05;V
01/04/2016;0,05;V
02/04/2016;0,05;V
03/04/2016;0,05;V
04/04/2016;0,04;V
05/04/2016;0,04;V
06/04/2016;0,05;V
07/04/2016;0,05;V
08/04/2016;0,06;V
09/04/2016;0,05;V
10/04/2016;0,05;V
11/04/2016;0,04;V
12/04/2016;0,04;V
13/04/2016;0,04;V
14/04/2016;0,04;V
15/04/2016;0,04;V
16/04/2016;0,04;V
17/04/2016;0,04;V
18/04/2016;0,04;V
19/04/2016;0,04;V
20/04/2016;0,04;V
21/04/2016;0,04;V
22/04/2016;0,04;V
23/04/2016;0,13;V
24/04/2016;0,47;V
25/04/2016;0,18;V
26/04/2016;0,11;V
27/04/2016;0,09;V
28/04/2016;0,07;V
29/04/2016;0,07;V
30/04/2016;0,08;V
01/05/2016;0,13;V
02/05/2016;0,13;V
03/05/2016;0,10;V
04/05/2016;0,09;V
05/05/2016;0,07;V
06/05/2016;0,07;V
07/05/2016;0,07;V
08/05/2016;0,07;V
09/05/2016;0,06;V
10/05/2016;0,05;V
11/05/2016;0,06;V
12/05/2016;0,07;V
13/05/2016;0,05;V
14/05/2016;0,06;V
15/05/2016;0,06;V
16/05/2016;0,05;V
17/05/2016;0,04;V
18/05/2016;0,04;V
19/05/2016;0,05;V
20/05/2016;0,06;V
21/05/2016;0,04;V
22/05/2016;0,04;V
23/05/2016;0,05;V
24/05/2016;0,04;V
25/05/2016;0,04;V
26/05/2016;0,04;V
27/05/2016;0,04;V
28/05/2016;0,04;V
29/05/2016;0,05;V
30/05/2016;0,04;V
31/05/2016;0,04;V
01/06/2016;0,05;V
02/06/2016;0,04;V
03/06/2016;0,04;V
04/06/2016;0,04;V
05/06/2016;0,04;V
06/06/2016;0,04;V
07/06/2016;0,04;V
08/06/2016;0,07;V
09/06/2016;0,09;V
10/06/2016;0,05;V
11/06/2016;0,04;V
12/06/2016;0,13;V
13/06/2016;0,05;V
14/06/2016;0,04;V
15/06/2016;0,04;V
16/06/2016;0,04;V
17/06/2016;0,04;V
18/06/2016;0,04;V
19/06/2016;0,04;V
20/06/2016;0,03;V
21/06/2016;0,04;V
22/06/2016;0,03;V
23/06/2016;0,03;V
24/06/2016;0,04;V
25/06/2016;0,04;V
26/06/2016;0,04;V
27/06/2016;0,04;V
28/06/2016;0,05;V
29/06/2016;0,06;V
30/06/2016;0,07;V
01/07/2016;0,07;V
02/07/2016;0,07;V
03/07/2016;0,06;V
04/07/2016;0,05;V
05/07/2016;0,04;V
06/07/2016;0,04;V
07/07/2016;0,04;V
08/07/2016;0,04;V
09/07/2016;0,04;V
10/07/2016;0,02;V
11/07/2016;0,01;V
12/07/2016;0,01;V
13/07/2016;0,01;V
14/07/2016;0,01;V
15/07/2016;0,01;V
16/07/2016;0,01;V
17/07/2016;0,01;V
18/07/2016;0,01;V
19/07/2016;0,01;V
20/07/2016;0,01;V
21/07/2016;0,01;V
22/07/2016;0,01;V
23/07/2016;0,01;V
24/07/2016;0,01;V
25/07/2016;0,02;V
26/07/2016;0,01;V
27/07/2016;0,02;V
28/07/2016;0,02;V
29/07/2016;0,03;V
30/07/2016;0,03;V
31/07/2016;0,03;V
01/08/2016;0,03;V
02/08/2016;0,02;V
03/08/2016;0,01;V
04/08/2016;0,01;V
05/08/2016;0,02;V
06/08/2016;0,01;V
07/08/2016;0,01;V
08/08/2016;0,01;V
09/08/2016;0,01;V
10/08/2016;0,01;V
11/08/2016;0,01;V
12/08/2016;0,01;V
13/08/2016;0,01;V
14/08/2016;0,01;V
15/08/2016;0,02;V
16/08/2016;0,02;V
17/08/2016;0,03;V
18/08/2016;0,03;V
19/08/2016;0,02;V
20/08/2016;0,02;V
21/08/2016;0,02;V
22/08/2016;0,02;V
23/08/2016;0,01;V
24/08/2016;0,01;V
25/08/2016;0,01;V
26/08/2016;0,01;V
27/08/2016;0,01;V
28/08/2016;0,02;V
29/08/2016;0,03;V
30/08/2016;0,03;V
31/08/2016;0,03;V
01/09/2016;0,02;V
02/09/2016;0,02;V
03/09/2016;0,02;V
04/09/2016;0,03;V
05/09/2016;0,03;V
06/09/2016;0,02;V
07/09/2016;0,02;V
08/09/2016;0,02;V
09/09/2016;0,02;V
10/09/2016;0,02;V
11/09/2016;0,02;V
12/09/2016;0,02;V
13/09/2016;0,02;V
14/09/2016;0,02;V
15/09/2016;0,04;V
16/09/2016;0,05;V
17/09/2016;0,04;V
18/09/2016;0,03;V
19/09/2016;0,03;V
20/09/2016;0,03;V
21/09/2016;0,05;V
22/09/2016;0,04;V
23/09/2016;0,03;V
24/09/2016;0,03;V
25/09/2016;0,02;V
26/09/2016;0,02;V
27/09/2016;0,02;V
28/09/2016;0,02;V
29/09/2016;0,02;V
30/09/2016;0,04;V
01/10/2016;0,03;V
02/10/2016;0,08;V
03/10/2016;0,04;V
04/10/2016;0,04;V
05/10/2016;0,04;V
06/10/2016;0,04;V
07/10/2016;0,07;V
08/10/2016;0,12;V
09/10/2016;0,10;V
10/10/2016;0,10;V
11/10/2016;0,08;V
12/10/2016;0,06;V
13/10/2016;0,07;V
14/10/2016;0,22;V
15/10/2016;0,07;V
16/10/2016;0,04;V
17/10/2016;0,04;V
18/10/2016;0,03;V
19/10/2016;0,03;V
20/10/2016;0,03;V
21/10/2016;0,03;V
22/10/2016;0,02;V
23/10/2016;0,01;V
24/10/2016;0,02;V
25/10/2016;0,03;V
26/10/2016;0,18;V
27/10/2016;0,28;V
28/10/2016;0,20;V
29/10/2016;0,17;V
30/10/2016;0,16;V
31/10/2016;0,15;V
01/11/2016;0,14;V
02/11/2016;0,14;V
03/11/2016;0,14;V
04/11/2016;0,14;V
05/11/2016;0,15;V
06/11/2016;0,35;V
07/11/2016;0,11;V
08/11/2016;0,08;V
09/11/2016;0,07;V
10/11/2016;0,06;V
11/11/2016;0,13;V
12/11/2016;0,10;V
13/11/2016;0,08;V
14/11/2016;0,07;V
15/11/2016;0,06;V
16/11/2016;0,05;V
17/11/2016;0,05;V
18/11/2016;0,08;V
19/11/2016;0,24;V
20/11/2016;0,11;V
21/11/2016;0,08;V
22/11/2016;0,08;V
23/11/2016;0,07;V
24/11/2016;0,07;V
25/11/2016;0,06;V
26/11/2016;0,05;V
27/11/2016;0,05;V
28/11/2016;0,05;V
29/11/2016;0,05;V
30/11/2016;0,05;V
01/12/2016;0,05;V
02/12/2016;0,04;V
03/12/2016;0,05;V
04/12/2016;0,05;V
05/12/2016;0,04;V
06/12/2016;0,05;V
07/12/2016;0,04;V
08/12/2016;0,04;V
09/12/2016;0,04;V
10/12/2016;0,04;V
11/12/2016;0,04;V
12/12/2016;0,04;V
13/12/2016;0,04;V
14/12/2016;0,04;V
15/12/2016;0,04;V
16/12/2016;0,03;V
17/12/2016;0,03;V
18/12/2016;0,03;V
19/12/2016;0,04;V
20/12/2016;0,04;V
21/12/2016;0,04;V
22/12/2016;0,03;V
23/12/2016;0,04;V
24/12/2016;0,04;V
25/12/2016;0,04;V
26/12/2016;0,04;V
27/12/2016;0,03;V
28/12/2016;0,03;V
29/12/2016;0,03;V
30/12/2016;0,03;V
31/12/2016;0,03;V
01/01/2017;0,03;V
02/01/2017;0,05;V
03/01/2017;0,12;V
04/01/2017;0,08;V
05/01/2017;0,05;V
06/01/2017;0,05;V
07/01/2017;0,05;V
08/01/2017;0,05;V
09/01/2017;0,05;V
10/01/2017;0,05;V
11/01/2017;0,05;V
12/01/2017;0,05;V
13/01/2017;0,05;V
14/01/2017;0,05;V
15/01/2017;0,05;V
16/01/2017;0,05;V
17/01/2017;0,05;V
18/01/2017;0,05;V
19/01/2017;0,05;V
20/01/2017;0,04;V
21/01/2017;0,04;V
22/01/2017;0,04;V
23/01/2017;0,04;V
24/01/2017;0,04;V
25/01/2017;0,03;V
26/01/2017;0,03;V
27/01/2017;0,03;V
28/01/2017;0,03;V
29/01/2017;0,03;V
30/01/2017;0,04;V
31/01/2017;0,04;V
01/02/2017;0,04;V
02/02/2017;0,04;V
03/02/2017;0,04;V
04/02/2017;0,04;V
05/02/2017;0,05;V
06/02/2017;0,08;V
07/02/2017;0,05;V
08/02/2017;0,04;V
09/02/2017;0,04;V
10/02/2017;0,04;V
11/02/2017;0,05;V
12/02/2017;0,05;V
13/02/2017;0,05;V
14/02/2017;0,05;V
15/02/2017;0,04;V
16/02/2017;0,04;V
17/02/2017;0,04;V
18/02/2017;0,05;V
19/02/2017;0,04;V
20/02/2017;0,05;V
21/02/2017;0,04;V
22/02/2017;0,04;V
23/02/2017;0,04;V
24/02/2017;0,20;V
25/02/2017;0,33;V
26/02/2017;0,11;V
27/02/2017;0,08;V
28/02/2017;0,07;V
01/03/2017;0,07;V
02/03/2017;0,07;V
03/03/2017;0,06;V
04/03/2017;0,07;V
05/03/2017;0,11;V
06/03/2017;0,11;V
07/03/2017;0,15;V
08/03/2017;0,09;V
09/03/2017;0,08;V
10/03/2017;0,08;V
11/03/2017;0,07;V
12/03/2017;0,07;V
13/03/2017;0,06;V
14/03/2017;0,05;V
15/03/2017;0,05;V
16/03/2017;0,05;V
17/03/2017;0,04;V
18/03/2017;0,04;V
19/03/2017;0,04;V
20/03/2017;0,04;V
21/03/2017;0,04;V
22/03/2017;0,04;V
23/03/2017;0,04;V
24/03/2017;0,04;V
25/03/2017;0,04;V
26/03/2017;0,04;V
27/03/2017;0,05;V
28/03/2017;0,04;V
29/03/2017;0,04;V
30/03/2017;0,04;V
31/03/2017;0,04;V
01/04/2017;0,04;V
02/04/2017;0,04;V
03/04/2017;0,04;V
04/04/2017;0,04;V
05/04/2017;0,04;V
06/04/2017;0,05;V
07/04/2017;0,04;V
08/04/2017;0,04;V
09/04/2017;0,04;V
10/04/2017;0,04;V
11/04/2017;0,04;V
12/04/2017;0,04;V
13/04/2017;0,04;V
14/04/2017;0,04;V
15/04/2017;0,04;V
16/04/2017;0,05;V
17/04/2017;0,05;V
18/04/2017;0,06;V
19/04/2017;0,05;V
20/04/2017;0,05;V
21/04/2017;0,05;V
22/04/2017;0,07;V
23/04/2017;0,07;V
24/04/2017;0,06;V
25/04/2017;0,07;V
26/04/2017;0,07;V
27/04/2017;0,08;V
28/04/2017;0,08;V
29/04/2017;0,05;V
30/04/2017;0,05;V
01/05/2017;0,07;V
02/05/2017;0,07;V
03/05/2017;0,07;V
04/05/2017;0,07;V
05/05/2017;0,07;V
06/05/2017;0,07;V
07/05/2017;0,08;V
08/05/2017;0,07;V
09/05/2017;0,07;V
10/05/2017;0,07;V
11/05/2017;0,07;V
12/05/2017;0,07;V
13/05/2017;0,07;V
14/05/2017;0,07;V
15/05/2017;0,07;V
16/05/2017;0,07;V
17/05/2017;0,06;V
18/05/2017;0,07;V
19/05/2017;0,07;V
20/05/2017;0,07;V
21/05/2017;0,06;V
22/05/2017;0,05;V
23/05/2017;0,05;V
24/05/2017;0,05;V
25/05/2017;0,04;V
26/05/2017;0,04;V
27/05/2017;0,04;V
28/05/2017;0,04;V
29/05/2017;0,03;V
30/05/2017;0,02;V
31/05/2017;0,01;V
01/06/2017;0,02;V
02/06/2017;0,01;V
03/06/2017;0,02;V
04/06/2017;0,02;V
05/06/2017;0,02;V
06/06/2017;0,02;V
07/06/2017;0,02;V
08/06/2017;0,02;V
09/06/2017;0,02;V
10/06/2017;0,02;V
11/06/2017;0,01;V
12/06/2017;0,02;V
13/06/2017;0,01;V
14/06/2017;0,03;V
15/06/2017;0,02;V
16/06/2017;0,02;V
17/06/2017;0,02;V
18/06/2017;0,01;V
19/06/2017;0,01;V
20/06/2017;0,03;V
21/06/2017;0,03;V
22/06/2017;0,03;V
23/06/2017;0,04;V
24/06/2017;0,04;V
25/06/2017;0,04;V
26/06/2017;0,03;V
27/06/2017;0,03;V
28/06/2017;0,03;V
29/06/2017;0,02;V
30/06/2017;0,01;V
01/07/2017;0,01;V
02/07/2017;0,01;V
03/07/2017;0,01;V
04/07/2017;0,01;V
05/07/2017;0,01;V
06/07/2017;0,01;V
07/07/2017;0,01;V
08/07/2017;0,01;V
09/07/2017;0,01;V
10/07/2017;0,01;V
11/07/2017;0,01;V
12/07/2017;0,01;V
13/07/2017;0,01;V
14/07/2017;0,02;V
15/07/2017;0,01;V
16/07/2017;0,01;V
17/07/2017;0,01;V
18/07/2017;0,01;V
19/07/2017;0,01;V
20/07/2017;0,01;V
21/07/2017;0,01;V
22/07/2017;0,01;V
23/07/2017;0,02;V
24/07/2017;0,02;V
25/07/2017;0,02;V
26/07/2017;0,01;V
27/07/2017;0,01;V
28/07/2017;0,01;V
29/07/2017;0,01;V
30/07/2017;0,01;V
31/07/2017;0,01;V
01/08/2017;0,01;V
02/08/2017;0,01;V
03/08/2017;0,01;V
04/08/2017;0,01;V
05/08/2017;0,01;V
06/08/2017;0,01;V
07/08/2017;0,02;V
08/08/2017;0,02;V
09/08/2017;0,02;V
10/08/2017;0,03;V
11/08/2017;0,01;V
12/08/2017;0,01;V
13/08/2017;0,01;V
14/08/2017;0,01;V
15/08/2017;0,01;V
16/08/2017;0,01;V
17/08/2017;0,01;V
18/08/2017;0,01;V
19/08/2017;0,02;V
20/08/2017;0,02;V
21/08/2017;0,01;V
22/08/2017;0,01;V
23/08/2017;0,02;V
24/08/2017;0,02;V
25/08/2017;0,01;V
26/08/2017;0,02;V
27/08/2017;0,01;V
28/08/2017;0,02;V
29/08/2017;0,02;V
30/08/2017;0,01;V
31/08/2017;0,02;V
01/09/2017;0,02;V
02/09/2017;0,02;V
03/09/2017;0,02;V
04/09/2017;0,01;V
05/09/2017;0,01;V
06/09/2017;0,02;V
07/09/2017;0,02;V
08/09/2017;0,02;V
09/09/2017;0,02;V
10/09/2017;0,09;V
11/09/2017;0,03;V
12/09/2017;0,02;V
13/09/2017;0,01;V
14/09/2017;0,02;V
15/09/2017;0,02;V
16/09/2017;0,03;V
17/09/2017;0,01;V
18/09/2017;0,03;V
19/09/2017;0,03;V
20/09/2017;0,02;V
21/09/2017;0,02;V
22/09/2017;0,02;V
23/09/2017;0,01;V
24/09/2017;0,04;V
25/09/2017;0,03;V
26/09/2017;0,02;V
27/09/2017;0,02;V
28/09/2017;0,02;V
29/09/2017;0,02;V
30/09/2017;0,01;V
01/10/2017;0,02;V
02/10/2017;0,01;V
03/10/2017;0,02;V
04/10/2017;0,01;V
05/10/2017;0,02;V
06/10/2017;0,02;V
07/10/2017;0,02;V
08/10/2017;0,02;V
09/10/2017;0,02;V
10/10/2017;0,02;V
11/10/2017;0,02;V
12/10/2017;0,02;V
13/10/2017;0,02;V
14/10/2017;0,02;V
15/10/2017;0,02;V
16/10/2017;0,02;V
17/10/2017;0,02;V
18/10/2017;0,01;V
19/10/2017;0,01;V
20/10/2017;0,01;V
21/10/2017;0,02;V
22/10/2017;0,02;V
23/10/2017;0,02;V
24/10/2017;0,02;V
25/10/2017;0,01;V
26/10/2017;0,02;V
27/10/2017;0,02;V
28/10/2017;0,01;V
29/10/2017;0,02;V
30/10/2017;0,01;V
31/10/2017;0,02;V
01/11/2017;0,02;V
02/11/2017;0,02;V
03/11/2017;0,02;V
04/11/2017;0,02;V
05/11/2017;0,06;V
06/11/2017;0,04;V
07/11/2017;0,07;V
08/11/2017;0,04;V
09/11/2017;0,05;V
10/11/2017;0,03;V
11/11/2017;0,03;V
12/11/2017;0,04;V
13/11/2017;0,06;V
14/11/2017;0,04;V
15/11/2017;0,05;V
16/11/2017;0,04;V
17/11/2017;0,04;V
18/11/2017;0,03;V
19/11/2017;0,04;V
20/11/2017;0,03;V
21/11/2017;0,04;V
22/11/2017;0,04;V
23/11/2017;0,04;V
24/11/2017;0,04;V
25/11/2017;0,04;V
26/11/2017;0,04;V
27/11/2017;0,02;V
28/11/2017;0,03;V
29/11/2017;0,13;V
30/11/2017;0,06;V
01/12/2017;0,05;V
02/12/2017;0,05;V
03/12/2017;0,05;V
04/12/2017;0,05;V
05/12/2017;0,05;V
06/12/2017;0,05;V
07/12/2017;0,05;V
08/12/2017;0,05;V
09/12/2017;0,05;V
10/12/2017;0,05;V
11/12/2017;0,04;V
12/12/2017;0,12;V
13/12/2017;0,09;V
14/12/2017;0,09;V
15/12/2017;0,07;V
16/12/2017;0,10;V
17/12/2017;0,10;V
18/12/2017;0,08;V
19/12/2017;0,06;V
20/12/2017;0,05;V
21/12/2017;0,05;V
22/12/2017;0,05;V
23/12/2017;0,05;V
24/12/2017;0,05;V
25/12/2017;0,05;V
26/12/2017;0,04;V
27/12/2017;0,10;V
28/12/2017;0,17;V
29/12/2017;0,12;V
30/12/2017;0,11;V
31/12/2017;0,10;V
01/01/2018;0,11;V
02/01/2018;0,10;V
03/01/2018;0,09;V
04/01/2018;0,08;V
05/01/2018;0,08;V
06/01/2018;0,08;V
07/01/2018;0,08;V
08/01/2018;0,08;V
09/01/2018;0,08;V
10/01/2018;0,08;V
11/01/2018;0,09;V
12/01/2018;0,08;V
13/01/2018;0,08;V
14/01/2018;0,08;V
15/01/2018;0,08;V
16/01/2018;0,12;V
17/01/2018;0,11;V
18/01/2018;0,11;V
19/01/2018;0,10;V
20/01/2018;0,09;V
21/01/2018;0,12;V
22/01/2018;0,11;V
23/01/2018;0,10;V
24/01/2018;0,09;V
25/01/2018;0,08;V
26/01/2018;0,08;V
27/01/2018;0,08;V
28/01/2018;0,08;V
29/01/2018;0,08;V
30/01/2018;0,08;V
31/01/2018;0,08;V
01/02/2018;0,09;V
02/02/2018;0,28;V
03/02/2018;0,28;V
04/02/2018;0,12;V
05/02/2018;0,08;V
06/02/2018;0,08;V
07/02/2018;0,08;V
08/02/2018;0,07;V
09/02/2018;0,05;V
10/02/2018;0,05;V
11/02/2018;0,05;V
12/02/2018;0,05;V
13/02/2018;0,05;V
14/02/2018;0,05;V
15/02/2018;0,05;V
16/02/2018;0,05;V
17/02/2018;0,05;V
18/02/2018;0,33;V
19/02/2018;0,12;V
20/02/2018;0,09;V
21/02/2018;0,08;V
22/02/2018;0,08;V
23/02/2018;0,08;V
24/02/2018;0,06;V
25/02/2018;0,06;V
26/02/2018;0,05;V
27/02/2018;0,05;V
28/02/2018;0,05;V
01/03/2018;0,05;V
02/03/2018;0,40;V
03/03/2018;0,29;V
04/03/2018;0,16;V
05/03/2018;0,14;V
06/03/2018;0,13;V
07/03/2018;0,18;V
08/03/2018;0,11;V
09/03/2018;0,10;V
10/03/2018;0,09;V
11/03/2018;0,28;V
12/03/2018;0,24;V
13/03/2018;0,15;V
14/03/2018;0,13;V
15/03/2018;0,12;V
16/03/2018;0,29;V
17/03/2018;0,16;V
18/03/2018;0,16;V
19/03/2018;0,22;V
20/03/2018;0,16;V
21/03/2018;0,12;V
22/03/2018;0,11;V
23/03/2018;0,10;V
24/03/2018;0,09;V
25/03/2018;0,08;V
26/03/2018;0,08;V
27/03/2018;0,08;V
28/03/2018;0,08;V
29/03/2018;0,07;V
30/03/2018;0,07;V
31/03/2018;0,08;V
01/04/2018;0,07;V
02/04/2018;0,05;V
03/04/2018;0,05;V
04/04/2018;0,15;V
05/04/2018;0,12;V
06/04/2018;0,09;V
07/04/2018;0,08;V
08/04/2018;0,07;V
09/04/2018;0,09;V
10/04/2018;0,08;V
11/04/2018;0,08;V
12/04/2018;0,08;V
13/04/2018;0,08;V
14/04/2018;0,07;V
15/04/2018;0,07;V
16/04/2018;0,07;V
17/04/2018;0,07;V
18/04/2018;0,06;V
19/04/2018;0,06;V
20/04/2018;0,05;V
21/04/2018;0,05;V
22/04/2018;0,05;V
23/04/2018;0,05;V
24/04/2018;0,05;V
25/04/2018;0,04;V
26/04/2018;0,04;V
27/04/2018;0,04;V
28/04/2018;0,04;V
29/04/2018;0,04;V
30/04/2018;0,04;V
01/05/2018;0,04;V
02/05/2018;0,07;V
03/05/2018;0,05;V
04/05/2018;0,04;V
05/05/2018;0,05;V
06/05/2018;0,06;V
07/05/2018;0,05;V
08/05/2018;0,08;V
09/05/2018;0,07;V
10/05/2018;0,07;V
11/05/2018;0,07;V
12/05/2018;0,07;V
13/05/2018;0,08;V
14/05/2018;0,11;V
15/05/2018;0,09;V
16/05/2018;0,10;V
17/05/2018;0,10;V
18/05/2018;0,09;V
19/05/2018;0,09;V
20/05/2018;0,10;V
21/05/2018;0,11;V
22/05/2018;0,18;V
23/05/2018;0,13;V
24/05/2018;0,06;V
25/05/2018;0,05;V
26/05/2018;0,04;V
27/05/2018;0,04;V
28/05/2018;0,04;V
29/05/2018;0,03;V
30/05/2018;0,04;V
31/05/2018;0,03;V
01/06/2018;0,03;V
02/06/2018;0,02;V
03/06/2018;0,02;V
04/06/2018;0,02;V
05/06/2018;0,02;V
06/06/2018;0,02;V
07/06/2018;0,02;V
08/06/2018;0,04;V
09/06/2018;0,03;V
10/06/2018;0,02;V
11/06/2018;0,01;V
12/06/2018;0,01;V
13/06/2018;0,01;V
14/06/2018;0,02;V
15/06/2018;0,01;V
16/06/2018;0,01;V
17/06/2018;0,01;V
18/06/2018;0,02;V
19/06/2018;0,02;V
20/06/2018;0,02;V
21/06/2018;0,02;V
22/06/2018;0,02;V
23/06/2018;0,02;V
24/06/2018;0,02;V
25/06/2018;0,02;V
26/06/2018;0,02;V
27/06/2018;0,01;V
28/06/2018;0,01;V
29/06/2018;0,01;V
30/06/2018;0,01;V
01/07/2018;0,01;V
02/07/2018;0,01;V
03/07/2018;0,01;V
04/07/2018;0,02;V
05/07/2018;0,01;V
06/07/2018;0,02;V
07/07/2018;0,02;V
08/07/2018;0,02;V
09/07/2018;0,02;V
10/07/2018;0,02;V
11/07/2018;0,03;V
12/07/2018;0,03;V
13/07/2018;0,02;V
14/07/2018;0,02;V
15/07/2018;0,03;V
16/07/2018;0,04;V
17/07/2018;0,02;V
18/07/2018;0,01;V
19/07/2018;0,01;V
20/07/2018;0,02;V
21/07/2018;0,02;V
22/07/2018;0,04;V
23/07/2018;0,03;V
24/07/2018;0,01;V
25/07/2018;0,02;V
26/07/2018;0,03;V
27/07/2018;0,03;V
28/07/2018;0,03;V
29/07/2018;0,03;V
30/07/2018;0,02;V
31/07/2018;0,02;V
01/08/2018;0,01;V
02/08/2018;0,03;V
03/08/2018;0,02;V
04/08/2018;0,01;V
05/08/2018;0,01;V
06/08/2018;0,01;V
07/08/2018;0,02;V
08/08/2018;0,01;V
09/08/2018;0,01;V
10/08/2018;0,02;V
11/08/2018;0,01;V
12/08/2018;0,01;V
13/08/2018;0,03;V
14/08/2018;0,02;V
15/08/2018;0,02;V
16/08/2018;0,01;V
17/08/2018;0,01;V
18/08/2018;0,01;V
19/08/2018;0,01;V
20/08/2018;0,01;V
21/08/2018;0,03;V
22/08/2018;0,04;V
23/08/2018;0,03;V
24/08/2018;0,02;V
25/08/2018;0,03;V
26/08/2018;0,02;V
27/08/2018;0,01;V
28/08/2018;0,02;V
29/08/2018;0,01;V
30/08/2018;0,01;V
31/08/2018;0,02;V
01/09/2018;0,01;V
02/09/2018;0,01;V
03/09/2018;0,01;V
04/09/2018;0,02;V
05/09/2018;0,02;V
06/09/2018;0,02;V
07/09/2018;0,03;V
08/09/2018;0,01;V
09/09/2018;0,01;V
10/09/2018;0,01;V
11/09/2018;0,01;V
12/09/2018;0,01;V
13/09/2018;0,03;V
14/09/2018;0,03;V
15/09/2018;0,02;V
16/09/2018;0,02;V
17/09/2018;0,02;V
18/09/2018;0,02;V
19/09/2018;0,02;V
20/09/2018;0,01;V
21/09/2018;0,01;V
22/09/2018;0,02;V
23/09/2018;0,02;V
24/09/2018;0,02;V
25/09/2018;0,01;V
26/09/2018;0,01;V
27/09/2018;0,02;V
28/09/2018;0,02;V
29/09/2018;0,01;V
30/09/2018;0,01;V
01/10/2018;0,05;V
02/10/2018;0,04;V
03/10/2018;0,02;V
04/10/2018;0,01;V
05/10/2018;0,02;V
06/10/2018;0,03;V
07/10/2018;0,03;V
08/10/2018;0,02;V
09/10/2018;0,02;V
10/10/2018;0,01;V
11/10/2018;0,02;V
12/10/2018;0,02;V
13/10/2018;0,02;V
14/10/2018;0,02;V
15/10/2018;0,02;V
16/10/2018;0,02;V
17/10/2018;0,02;V
18/10/2018;0,01;V
19/10/2018;0,02;V
20/10/2018;0,01;V
21/10/2018;0,02;V
22/10/2018;0,02;V
23/10/2018;0,02;V
24/10/2018;0,02;V
25/10/2018;0,02;V
26/10/2018;0,02;V
27/10/2018;0,02;V
28/10/2018;0,02;V
29/10/2018;0,07;V
30/10/2018;0,05;V
31/10/2018;0,03;V
01/11/2018;0,05;V
02/11/2018;0,04;V
03/11/2018;0,02;V
04/11/2018;0,01;V
05/11/2018;0,02;V
06/11/2018;0,01;V
07/11/2018;0,02;V
08/11/2018;0,02;V
09/11/2018;0,02;V
10/11/2018;0,02;V
11/11/2018;0,02;V
12/11/2018;0,02;V
13/11/2018;0,03;V
14/11/2018;0,03;V
15/11/2018;0,03;V
16/11/2018;0,03;V
17/11/2018;0,03;V
18/11/2018;0,03;V
19/11/2018;0,03;V
20/11/2018;0,03;V
21/11/2018;0,02;V
22/11/2018;0,02;V
23/11/2018;0,03;V
24/11/2018;0,02;V
25/11/2018;0,05;V
26/11/2018;0,05;V
27/11/2018;0,05;V
28/11/2018;0,03;V
29/11/2018;0,02;V
30/11/2018;0,02;V
01/12/2018;0,02;V
02/12/2018;0,02;V
03/12/2018;0,04;V
04/12/2018;0,03;V
05/12/2018;0,02;V
06/12/2018;0,04;V
07/12/2018;0,04;V
08/12/2018;0,04;V
09/12/2018;0,03;V
10/12/2018;0,02;V
11/12/2018;0,02;V
12/12/2018;0,02;V
13/12/2018;0,03;V
14/12/2018;0,02;V
15/12/2018;0,02;V
16/12/2018;0,03;V
17/12/2018;0,08;V
18/12/2018;0,05;V
19/12/2018;0,05;P
20/12/2018;0,05;V
21/12/2018;0,05;V
22/12/2018;0,05;V
23/12/2018;0,05;V
24/12/2018;0,04;V
25/12/2018;0,03;V
26/12/2018;0,02;V
27/12/2018;0,02;V
28/12/2018;0,02;V
29/12/2018;0,02;V
30/12/2018;0,02;V
31/12/2018;0,02;V
01/01/2019;0,02;V
02/01/2019;0,02;V
03/01/2019;0,02;V
04/01/2019;0,02;V
05/01/2019;0,02;V
06/01/2019;0,02;V
07/01/2019;0,02;V
08/01/2019;0,02;V
09/01/2019;0,02;V
10/01/2019;0,02;V
11/01/2019;0,02;V
12/01/2019;0,02;V
13/01/2019;0,02;V
14/01/2019;0,02;V
15/01/2019;0,02;V
16/01/2019;0,02;V
17/01/2019;0,03;V
18/01/2019;0,02;V
19/01/2019;0,02;V
20/01/2019;0,02;V
21/01/2019;0,02;V
22/01/2019;0,04;V
23/01/2019;0,05;V
24/01/2019;0,05;V
25/01/2019;;@
26/01/2019;0,04;V
27/01/2019;0,04;V
28/01/2019;0,04;V
29/01/2019;0,04;V
30/01/2019;0,05;V
31/01/2019;0,08;V
01/02/2019;0,08;V
02/02/2019;0,25;V
03/02/2019;0,17;V
04/02/2019;0,10;V
05/02/2019;0,08;V
06/02/2019;0,06;V
07/02/2019;0,06;V
08/02/2019;0,05;V
09/02/2019;0,05;V
10/02/2019;0,05;V
11/02/2019;0,05;V
12/02/2019;0,04;V
13/02/2019;0,04;V
14/02/2019;0,04;V
15/02/2019;0,04;V
16/02/2019;0,03;V
17/02/2019;0,03;V
18/02/2019;0,03;V
19/02/2019;0,04;V
20/02/2019;0,03;V
21/02/2019;0,03;V
22/02/2019;0,03;V
23/02/2019;0,03;V
24/02/2019;0,02;V
25/02/2019;0,02;V
26/02/2019;0,02;V
27/02/2019;0,02;V
28/02/2019;0,03;V
01/03/2019;0,03;V
02/03/2019;0,03;V
03/03/2019;0,02;V
04/03/2019;0,02;V
05/03/2019;0,02;V
06/03/2019;0,02;V
07/03/2019;0,01;V
08/03/2019;0,02;V
09/03/2019;0,02;V
10/03/2019;0,01;V
11/03/2019;0,02;V
12/03/2019;0,02;V
13/03/2019;0,02;V
14/03/2019;0,02;V
15/03/2019;0,01;V
16/03/2019;0,02;V
17/03/2019;0,02;V
18/03/2019;0,02;V
19/03/2019;0,01;V
20/03/2019;0,01;V
21/03/2019;0,01;V
22/03/2019;0,01;V
23/03/2019;0,02;V
24/03/2019;0,02;V
25/03/2019;0,02;V
26/03/2019;0,02;V
27/03/2019;0,02;V
28/03/2019;0,02;V
29/03/2019;0,02;V
30/03/2019;0,02;V
31/03/2019;0,02;V
01/04/2019;0,02;V
02/04/2019;0,02;V
03/04/2019;0,04;V
04/04/2019;0,06;V
05/04/2019;0,05;V
06/04/2019;0,03;V
07/04/2019;0,03;V
08/04/2019;0,03;V
09/04/2019;0,03;V
10/04/2019;0,03;V
11/04/2019;0,05;V
12/04/2019;0,05;V
13/04/2019;0,04;V
14/04/2019;0,07;V
15/04/2019;0,05;V
16/04/2019;0,05;V
17/04/2019;0,05;V
18/04/2019;0,05;V
19/04/2019;0,05;V
20/04/2019;0,04;V
21/04/2019;0,04;V
22/04/2019;0,05;V
23/04/2019;0,09;V
24/04/2019;0,05;V
25/04/2019;0,04;V
26/04/2019;0,08;V
27/04/2019;0,07;V
28/04/2019;0,10;V
29/04/2019;0,09;V
30/04/2019;0,06;V
01/05/2019;0,05;V
02/05/2019;0,04;V
03/05/2019;0,06;V
04/05/2019;0,07;V
05/05/2019;0,16;V
06/05/2019;0,08;V
07/05/2019;0,07;V
08/05/2019;0,05;V
09/05/2019;0,06;V
10/05/2019;0,04;V
11/05/2019;0,04;V
12/05/2019;0,05;V
13/05/2019;0,04;V
14/05/2019;0,04;V
15/05/2019;0,05;V
16/05/2019;0,04;V
17/05/2019;0,04;V
18/05/2019;0,04;V
19/05/2019;0,12;V
20/05/2019;0,12;V
21/05/2019;0,10;V
22/05/2019;0,07;V
23/05/2019;0,06;V
24/05/2019;0,05;V
25/05/2019;0,05;V
26/05/2019;0,05;V
27/05/2019;0,07;V
28/05/2019;0,07;V
29/05/2019;0,07;V
30/05/2019;0,05;V
31/05/2019;0,05;V
01/06/2019;0,04;V
02/06/2019;0,04;V
03/06/2019;0,04;V
04/06/2019;0,04;V
05/06/2019;0,03;V
06/06/2019;0,04;V
07/06/2019;0,03;V
08/06/2019;0,03;V
09/06/2019;0,03;V
10/06/2019;0,02;V
11/06/2019;0,02;V
12/06/2019;0,02;V
13/06/2019;0,02;V
14/06/2019;0,02;V
15/06/2019;0,03;V
16/06/2019;0,02;V
17/06/2019;0,02;V
18/06/2019;0,01;V
19/06/2019;0,01;V
20/06/2019;0,01;V
21/06/2019;0,02;V
22/06/2019;0,03;V
23/06/2019;0,02;V
24/06/2019;0,02;V
25/06/2019;0,02;V
26/06/2019;0,02;V
27/06/2019;0,01;V
28/06/2019;0,01;V
29/06/2019;0,01;V
30/06/2019;0,01;V
01/07/2019;0,01;V
02/07/2019;0,01;V
03/07/2019;0,01;V
04/07/2019;0,01;V
05/07/2019;0,01;V
06/07/2019;0,01;V
07/07/2019;0,02;V
08/07/2019;0,01;V
09/07/2019;0,01;V
10/07/2019;0,01;V
11/07/2019;0,01;V
12/07/2019;0,01;V
13/07/2019;0,01;V
14/07/2019;0,01;V
15/07/2019;0,04;V
16/07/2019;0,03;V
17/07/2019;0,01;V
18/07/2019;0,01;V
19/07/2019;0,01;V
20/07/2019;0,01;V
21/07/2019;0,01;V
22/07/2019;0,01;V
23/07/2019;0,01;V
24/07/2019;0,01;V
25/07/2019;0,01;V
26/07/2019;0,01;V
27/07/2019;0,11;V
28/07/2019;0,11;V
29/07/2019;0,02;V
30/07/2019;0,01;V
31/07/2019;0,02;V
01/08/2019;0,02;V
02/08/2019;0,01;V
03/08/2019;0,01;V
04/08/2019;0,01;V
05/08/2019;0,01;V
06/08/2019;0,01;V
07/08/2019;0,01;V
08/08/2019;0,01;V
09/08/2019;0,01;V
10/08/2019;0,01;V
11/08/2019;0,01;V
12/08/2019;0,01;V
13/08/2019;0,01;V
14/08/2019;0,01;V
15/08/2019;0,01;V
16/08/2019;0,01;V
17/08/2019;0,01;V
18/08/2019;0,01;V
19/08/2019;0,01;V
20/08/2019;0,01;V
21/08/2019;0,01;V
22/08/2019;0,02;V
23/08/2019;0,01;V
24/08/2019;0,02;V
25/08/2019;0,01;V
26/08/2019;0,01;V
27/08/2019;0,01;V
28/08/2019;0,01;V
29/08/2019;0,01;V
30/08/2019;0,01;V
31/08/2019;0,01;V
01/09/2019;0,02;V
02/09/2019;0,01;V
03/09/2019;0,01;V
04/09/2019;0,01;V
05/09/2019;0,01;V
06/09/2019;0,01;V
07/09/2019;0,03;V
08/09/2019;0,02;V
09/09/2019;0,01;V
10/09/2019;0,01;V
11/09/2019;0,02;V
12/09/2019;0,01;V
13/09/2019;0,01;V
14/09/2019;0,01;V
15/09/2019;0,01;V
16/09/2019;0,01;V
17/09/2019;0,01;V
18/09/2019;0,01;V
19/09/2019;0,02;V
20/09/2019;0,01;V
21/09/2019;0,01;V
22/09/2019;0,05;V
23/09/2019;0,05;V
24/09/2019;0,03;V
25/09/2019;0,02;V
26/09/2019;0,01;V
27/09/2019;;@
28/09/2019;0,01;V
29/09/2019;0,01;V
30/09/2019;0,01;V
01/10/2019;0,01;V
02/10/2019;0,02;V
03/10/2019;0,02;V
04/10/2019;0,02;V
05/10/2019;0,01;V
06/10/2019;0,02;V
07/10/2019;0,02;V
08/10/2019;0,02;V
09/10/2019;0,02;V
10/10/2019;0,02;V
11/10/2019;0,02;V
12/10/2019;0,02;V
13/10/2019;0,02;V
14/10/2019;0,02;V
15/10/2019;0,05;V
16/10/2019;0,03;V
17/10/2019;0,02;V
18/10/2019;0,01;V
19/10/2019;0,02;V
20/10/2019;0,02;V
21/10/2019;0,01;V
22/10/2019;0,02;V
23/10/2019;0,02;V
24/10/2019;0,03;V
25/10/2019;0,03;V
26/10/2019;0,02;V
27/10/2019;0,02;V
28/10/2019;0,02;V
29/10/2019;0,03;V
30/10/2019;0,06;V
31/10/2019;0,08;V
01/11/2019;0,03;V
02/11/2019;0,02;V
03/11/2019;0,07;V
04/11/2019;0,03;V
05/11/2019;0,11;V
06/11/2019;0,13;V
07/11/2019;0,08;V
08/11/2019;0,22;V
09/11/2019;0,16;V
10/11/2019;0,08;V
11/11/2019;0,08;V
12/11/2019;0,09;V
13/11/2019;0,11;V
14/11/2019;0,08;V
15/11/2019;0,28;V
16/11/2019;0,21;V
17/11/2019;0,77;V
18/11/2019;0,21;V
19/11/2019;0,21;V
20/11/2019;0,15;V
21/11/2019;0,11;V
22/11/2019;0,09;V
23/11/2019;0,08;V
24/11/2019;0,08;V
25/11/2019;0,08;V
26/11/2019;0,07;V
27/11/2019;0,08;V
28/11/2019;0,08;V
29/11/2019;0,07;V
30/11/2019;0,05;V
01/12/2019;0,05;V
02/12/2019;0,23;V
03/12/2019;0,16;V
04/12/2019;0,11;V
05/12/2019;0,10;V
06/12/2019;0,11;V
07/12/2019;0,11;V
08/12/2019;0,11;V
09/12/2019;0,11;V
10/12/2019;0,11;V
11/12/2019;0,11;V
12/12/2019;0,11;V
13/12/2019;0,18;V
14/12/2019;0,09;V
15/12/2019;0,08;V
16/12/2019;0,08;V
17/12/2019;0,08;V
18/12/2019;0,10;V
19/12/2019;0,10;V
20/12/2019;0,10;V
21/12/2019;0,19;V
22/12/2019;0,48;V
23/12/2019;0,16;V
24/12/2019;0,18;V
25/12/2019;0,22;V
26/12/2019;0,19;V
27/12/2019;0,17;V
28/12/2019;0,16;V
29/12/2019;0,14;V
30/12/2019;0,14;V
31/12/2019;0,10;V
01/01/2020;0,06;V
02/01/2020;0,06;V
03/01/2020;0,06;V
04/01/2020;0,06;V
05/01/2020;0,05;V
06/01/2020;0,05;V
07/01/2020;0,05;V
08/01/2020;0,07;V
09/01/2020;0,10;V
10/01/2020;0,11;V
11/01/2020;0,11;V
12/01/2020;0,11;V
13/01/2020;0,11;V
14/01/2020;0,11;V
15/01/2020;0,11;V
16/01/2020;0,10;V
17/01/2020;0,11;V
18/01/2020;0,19;V
19/01/2020;0,13;V
20/01/2020;0,11;V
21/01/2020;0,10;V
22/01/2020;0,10;V
23/01/2020;0,09;V
24/01/2020;0,09;V
25/01/2020;0,20;V
26/01/2020;0,18;V
27/01/2020;0,14;V
28/01/2020;0,15;V
29/01/2020;0,14;V
30/01/2020;0,12;V
31/01/2020;0,12;V
01/02/2020;0,11;V
02/02/2020;0,13;V
03/02/2020;0,11;V
04/02/2020;0,11;V
05/02/2020;0,11;V
06/02/2020;0,10;V
07/02/2020;0,09;V
08/02/2020;0,09;V
09/02/2020;0,09;V
10/02/2020;0,09;V
11/02/2020;0,08;V
12/02/2020;0,09;V
13/02/2020;0,08;V
14/02/2020;0,09;V
15/02/2020;0,08;V
16/02/2020;0,08;V
17/02/2020;0,08;V
18/02/2020;0,08;V
19/02/2020;0,08;V
20/02/2020;0,08;V
21/02/2020;0,08;V
22/02/2020;0,08;V
23/02/2020;0,08;V
24/02/2020;0,08;V
25/02/2020;0,08;V
26/02/2020;0,08;V
27/02/2020;0,09;V
28/02/2020;0,09;V
29/02/2020;0,08;V
01/03/2020;0,12;V
02/03/2020;0,19;V
03/03/2020;0,12;V
04/03/2020;;@
05/03/2020;0,08;V
06/03/2020;0,10;V
07/03/2020;0,08;V
08/03/2020;0,07;V
09/03/2020;0,07;V
10/03/2020;0,05;V
11/03/2020;0,05;V
12/03/2020;0,05;V
13/03/2020;0,05;V
14/03/2020;0,05;V
15/03/2020;0,05;V
16/03/2020;0,05;V
17/03/2020;0,05;V
18/03/2020;0,05;V
19/03/2020;0,05;V
20/03/2020;0,05;V
21/03/2020;0,05;V
22/03/2020;0,05;V
23/03/2020;0,05;V
24/03/2020;0,05;V
25/03/2020;0,05;V
26/03/2020;0,05;V
27/03/2020;0,05;V
28/03/2020;0,04;V
29/03/2020;0,04;V
30/03/2020;0,04;V
31/03/2020;0,05;V
01/04/2020;0,05;V
02/04/2020;0,07;V
03/04/2020;0,07;V
04/04/2020;0,06;V
05/04/2020;0,07;V
06/04/2020;0,06;V
07/04/2020;0,06;V
08/04/2020;0,06;V
09/04/2020;0,06;V
10/04/2020;0,06;V
11/04/2020;;@
12/04/2020;;@
13/04/2020;;@
14/04/2020;;@
15/04/2020;0,06;V
16/04/2020;0,05;V
17/04/2020;0,06;V
18/04/2020;0,06;V
19/04/2020;0,07;V
20/04/2020;0,10;V
21/04/2020;0,09;V
22/04/2020;0,06;V
23/04/2020;0,05;V
24/04/2020;0,05;V
25/04/2020;0,05;V
26/04/2020;0,05;V
27/04/2020;0,05;V
28/04/2020;0,08;V
29/04/2020;0,08;V
30/04/2020;0,04;V
01/05/2020;0,04;V
02/05/2020;0,04;V
03/05/2020;0,03;V
04/05/2020;0,03;V
05/05/2020;0,04;V
06/05/2020;0,03;V
07/05/2020;0,03;V
08/05/2020;0,03;V
09/05/2020;0,02;V
10/05/2020;0,02;V
11/05/2020;0,03;V
12/05/2020;0,07;V
13/05/2020;0,04;V
14/05/2020;0,03;V
15/05/2020;0,04;V
16/05/2020;0,04;V
17/05/2020;0,03;V
18/05/2020;0,03;V
19/05/2020;0,13;V
20/05/2020;0,19;V
21/05/2020;0,16;V
22/05/2020;0,17;V
23/05/2020;0,16;V
24/05/2020;0,16;V
25/05/2020;0,15;V
26/05/2020;;@
27/05/2020;;@
28/05/2020;;@
29/05/2020;0,14;V
30/05/2020;0,14;V
31/05/2020;0,15;V
01/06/2020;0,14;V
02/06/2020;0,14;V
03/06/2020;0,15;V
04/06/2020;0,14;V
05/06/2020;0,13;V
06/06/2020;0,10;V
07/06/2020;0,09;V
08/06/2020;0,09;V
09/06/2020;0,11;V
10/06/2020;0,10;V
11/06/2020;0,08;V
12/06/2020;0,07;V
13/06/2020;0,08;V
14/06/2020;0,19;V
15/06/2020;0,18;V
16/06/2020;0,17;V
17/06/2020;0,16;V
18/06/2020;0,14;V
19/06/2020;0,14;V
20/06/2020;0,14;V
21/06/2020;0,13;V
22/06/2020;0,13;V
23/06/2020;0,12;V
24/06/2020;0,11;V
25/06/2020;0,11;V
26/06/2020;0,11;V
27/06/2020;0,10;V
28/06/2020;0,09;V
29/06/2020;0,09;V
30/06/2020;0,08;V
01/07/2020;0,08;V
02/07/2020;0,08;V
03/07/2020;0,08;V
04/07/2020;0,11;V
05/07/2020;0,07;V
06/07/2020;0,08;V
07/07/2020;0,08;V
08/07/2020;0,07;V
09/07/2020;0,07;V
10/07/2020;0,07;V
11/07/2020;0,07;V
12/07/2020;0,07;V
13/07/2020;0,07;V
14/07/2020;0,07;V
15/07/2020;;@
16/07/2020;0,09;V
17/07/2020;0,09;V
18/07/2020;0,09;V
19/07/2020;0,07;V
20/07/2020;0,08;V
21/07/2020;0,07;V
22/07/2020;0,07;V
23/07/2020;0,07;V
24/07/2020;0,09;V
25/07/2020;0,09;V
26/07/2020;0,07;V
27/07/2020;0,07;V
28/07/2020;0,07;V
29/07/2020;0,07;V
30/07/2020;0,07;V
31/07/2020;0,07;V
01/08/2020;0,07;V
02/08/2020;0,07;V
03/08/2020;0,07;V
04/08/2020;0,08;V
05/08/2020;;@
06/08/2020;;@
07/08/2020;;@
08/08/2020;;@
09/08/2020;;@
10/08/2020;;@
11/08/2020;;@
12/08/2020;;@
13/08/2020;;@
14/08/2020;;@
15/08/2020;;@
16/08/2020;;@
17/08/2020;;@
18/08/2020;;@
19/08/2020;;@
20/08/2020;;@
21/08/2020;;@
22/08/2020;;@
23/08/2020;;@
24/08/2020;;@
25/08/2020;;@
26/08/2020;;@
27/08/2020;;@
28/08/2020;;@
29/08/2020;;@
30/08/2020;;@
31/08/2020;;@
01/09/2020;;@
02/09/2020;;@
03/09/2020;;@
04/09/2020;;@
05/09/2020;;@
06/09/2020;;@
07/09/2020;;@
08/09/2020;;@
09/09/2020;;@
10/09/2020;;@
11/09/2020;;@
12/09/2020;;@
13/09/2020;;@
14/09/2020;;@
15/09/2020;;@
16/09/2020;;@
17/09/2020;;@
18/09/2020;;@
19/09/2020;;@
20/09/2020;;@
21/09/2020;;@
22/09/2020;;@
23/09/2020;;@
24/09/2020;;@
25/09/2020;;@
26/09/2020;;@
27/09/2020;;@
28/09/2020;;@
29/09/2020;;@
30/09/2020;;@
01/10/2020;;@
02/10/2020;;@
03/10/2020;;@
04/10/2020;;@
05/10/2020;;@
06/10/2020;;@
07/10/2020;;@
08/10/2020;;@
09/10/2020;;@
10/10/2020;;@
11/10/2020;;@
12/10/2020;;@
13/10/2020;;@
14/10/2020;;@
15/10/2020;;@
16/10/2020;;@
17/10/2020;;@
18/10/2020;;@
19/10/2020;;@
20/10/2020;;@
21/10/2020;;@
22/10/2020;;@
23/10/2020;;@
24/10/2020;;@
25/10/2020;;@
26/10/2020;;@
27/10/2020;;@
28/10/2020;0,05;V
29/10/2020;0,05;V
30/10/2020;0,05;V
31/10/2020;0,04;V
01/11/2020;0,03;V
02/11/2020;0,03;V
03/11/2020;0,04;V
04/11/2020;0,03;V
05/11/2020;0,01;V
06/11/2020;0,02;V
07/11/2020;0,02;V
08/11/2020;0,02;V
09/11/2020;0,02;V
10/11/2020;0,02;V
11/11/2020;0,02;V
12/11/2020;0,02;V
13/11/2020;0,02;V
14/11/2020;0,02;V
15/11/2020;0,02;V
16/11/2020;0,09;V
17/11/2020;0,05;V
18/11/2020;0,04;V
19/11/2020;0,03;V
20/11/2020;0,03;V
21/11/2020;0,02;V
22/11/2020;0,02;V
23/11/2020;0,02;V
24/11/2020;0,02;V
25/11/2020;0,02;V
26/11/2020;0,02;V
27/11/2020;0,02;V
28/11/2020;0,02;V
29/11/2020;0,02;V
30/11/2020;0,02;V
01/12/2020;0,02;V
02/12/2020;0,05;V
03/12/2020;0,04;V
04/12/2020;0,03;V
05/12/2020;0,51;V
06/12/2020;0,44;V
07/12/2020;0,19;V
08/12/2020;0,13;V
09/12/2020;0,19;V
10/12/2020;0,14;V
11/12/2020;0,10;V
12/12/2020;0,09;V
13/12/2020;0,08;V
14/12/2020;0,07;V
15/12/2020;0,07;V
16/12/2020;0,05;V
17/12/2020;0,05;V
18/12/2020;0,05;V
19/12/2020;0,05;V
20/12/2020;0,05;V
21/12/2020;0,05;V
22/12/2020;0,05;V
23/12/2020;0,05;V
24/12/2020;0,05;V
25/12/2020;0,05;V
26/12/2020;0,05;V
27/12/2020;0,05;V
28/12/2020;0,08;V
29/12/2020;0,09;V
30/12/2020;0,19;V
31/12/2020;0,16;V
01/01/2021;0,35;V
02/01/2021;0,30;V
03/01/2021;0,16;V
04/01/2021;0,13;V
05/01/2021;0,20;V
06/01/2021;0,32;V
07/01/2021;0,18;V
08/01/2021;0,12;V
09/01/2021;0,11;V
10/01/2021;0,10;V
11/01/2021;0,08;V
12/01/2021;0,08;V
13/01/2021;0,08;V
14/01/2021;0,08;V
15/01/2021;0,08;V
16/01/2021;0,06;V
17/01/2021;0,07;V
18/01/2021;0,05;V
19/01/2021;0,05;V
20/01/2021;0,05;V
21/01/2021;0,05;V
22/01/2021;0,05;V
23/01/2021;0,07;V
24/01/2021;0,24;V
25/01/2021;0,17;V
26/01/2021;0,11;V
27/01/2021;0,08;V
28/01/2021;0,08;V
29/01/2021;0,08;V
30/01/2021;0,08;V
31/01/2021;0,17;V
01/02/2021;0,11;V
02/02/2021;0,10;V
03/02/2021;0,09;V
04/02/2021;0,08;V
05/02/2021;0,08;V
06/02/2021;0,08;V
07/02/2021;0,25;V
08/02/2021;0,21;V
09/02/2021;0,55;V
10/02/2021;0,22;V
11/02/2021;0,16;V
12/02/2021;0,14;V
13/02/2021;0,16;V
14/02/2021;0,13;V
15/02/2021;0,11;V
16/02/2021;0,11;V
17/02/2021;0,11;V
18/02/2021;0,09;V
19/02/2021;0,08;V
20/02/2021;0,08;V
21/02/2021;0,08;V
22/02/2021;0,08;V
23/02/2021;0,07;V
24/02/2021;0,07;V
25/02/2021;0,06;V
26/02/2021;0,06;V
27/02/2021;0,06;V
28/02/2021;0,05;V
01/03/2021;0,05;V
02/03/2021;0,05;V
03/03/2021;0,05;V
04/03/2021;0,05;V
05/03/2021;0,05;V
06/03/2021;0,05;V
07/03/2021;0,05;V
08/03/2021;0,05;V
09/03/2021;0,05;V
10/03/2021;0,05;V
11/03/2021;0,05;V
12/03/2021;0,05;V
13/03/2021;0,05;V
14/03/2021;0,05;V
15/03/2021;0,05;V
16/03/2021;0,05;V
17/03/2021;0,05;V
18/03/2021;0,05;V
19/03/2021;0,05;V
20/03/2021;0,05;V
21/03/2021;0,05;V
22/03/2021;0,05;V
23/03/2021;0,05;V
24/03/2021;0,05;V
25/03/2021;0,05;V
26/03/2021;0,05;V
27/03/2021;0,05;V
28/03/2021;0,05;V
29/03/2021;0,05;V
30/03/2021;0,04;V
31/03/2021;0,04;V
01/04/2021;0,04;V
02/04/2021;0,04;V
03/04/2021;0,04;V
04/04/2021;0,04;V
05/04/2021;0,05;V
06/04/2021;0,05;V
07/04/2021;0,05;V
08/04/2021;0,05;V
09/04/2021;0,05;V
10/04/2021;0,05;V
11/04/2021;0,05;V
12/04/2021;0,13;V
13/04/2021;0,09;V
14/04/2021;0,06;V
15/04/2021;0,05;V
16/04/2021;0,05;V
17/04/2021;0,05;V
18/04/2021;0,05;V
19/04/2021;0,04;V
20/04/2021;0,04;V
21/04/2021;0,05;V
22/04/2021;0,05;V
23/04/2021;0,03;V
24/04/2021;0,02;V
25/04/2021;0,02;V
26/04/2021;0,03;V
27/04/2021;0,05;V
28/04/2021;0,07;V
29/04/2021;0,06;V
30/04/2021;0,05;V
01/05/2021;0,06;V
02/05/2021;0,11;V
03/05/2021;0,06;V
04/05/2021;0,05;V
05/05/2021;0,05;V
06/05/2021;0,04;V
07/05/2021;0,05;V
08/05/2021;0,04;V
09/05/2021;0,04;V
10/05/2021;0,03;V
11/05/2021;0,07;V
12/05/2021;0,05;V
13/05/2021;0,05;V
14/05/2021;0,05;V
15/05/2021;0,05;V
16/05/2021;0,04;V
17/05/2021;0,04;V
18/05/2021;0,04;V
19/05/2021;0,05;V
20/05/2021;0,04;V
21/05/2021;0,03;V
22/05/2021;0,04;V
23/05/2021;0,03;V
24/05/2021;0,04;V
25/05/2021;0,03;V
26/05/2021;0,03;V
27/05/2021;0,03;V
28/05/2021;0,03;V
29/05/2021;0,03;V
30/05/2021;0,03;V
31/05/2021;0,02;V
01/06/2021;0,02;V
02/06/2021;0,02;V
03/06/2021;0,02;V
04/06/2021;0,02;V
05/06/2021;0,02;V
06/06/2021;0,03;V
07/06/2021;0,03;V
08/06/2021;0,03;V
09/06/2021;0,02;V
10/06/2021;0,02;V
11/06/2021;0,02;V
12/06/2021;0,02;V
13/06/2021;0,02;V
14/06/2021;0,03;V
15/06/2021;0,02;V
16/06/2021;0,03;V
17/06/2021;0,02;V
18/06/2021;0,02;V
19/06/2021;0,02;V
20/06/2021;0,03;V
21/06/2021;0,04;V
22/06/2021;0,04;V
23/06/2021;0,03;V
24/06/2021;0,03;V
25/06/2021;0,04;V
26/06/2021;0,03;V
27/06/2021;0,03;V
28/06/2021;0,02;V
29/06/2021;0,03;V
30/06/2021;0,04;V
01/07/2021;0,04;V
02/07/2021;0,04;V
03/07/2021;0,04;V
04/07/2021;0,04;V
05/07/2021;0,04;V
06/07/2021;0,04;V
07/07/2021;0,04;V
08/07/2021;0,04;V
09/07/2021;0,04;V
10/07/2021;0,04;V
11/07/2021;0,04;V
12/07/2021;0,04;V
13/07/2021;0,04;V
14/07/2021;0,04;V
15/07/2021;0,04;V
16/07/2021;0,04;V
17/07/2021;0,04;V
18/07/2021;0,04;V
19/07/2021;0,03;V
20/07/2021;0,03;V
21/07/2021;0,04;V
22/07/2021;0,04;V
23/07/2021;0,04;V
24/07/2021;0,04;V
25/07/2021;0,04;V
26/07/2021;0,04;V
27/07/2021;0,04;V
28/07/2021;0,04;V
29/07/2021;0,04;V
30/07/2021;0,04;V
31/07/2021;0,04;V
01/08/2021;0,02;V
02/08/2021;0,01;V
03/08/2021;0,01;V
04/08/2021;0,01;V
05/08/2021;0,01;V
06/08/2021;0,01;V
07/08/2021;0,01;V
08/08/2021;0,01;V
09/08/2021;0,01;V
10/08/2021;0,01;V
11/08/2021;0,01;V
12/08/2021;0,01;V
13/08/2021;0,01;V
14/08/2021;0,01;V
15/08/2021;0,01;V
16/08/2021;0,01;V
17/08/2021;0,01;V
18/08/2021;0,01;V
19/08/2021;0,01;V
20/08/2021;0,01;V
21/08/2021;0,01;V
22/08/2021;0,01;V
23/08/2021;0,01;V
24/08/2021;0,01;V
25/08/2021;0,01;V
26/08/2021;0,01;V
27/08/2021;0,01;V
28/08/2021;0,02;V
29/08/2021;0,01;V
30/08/2021;0,01;V
31/08/2021;0,02;V
01/09/2021;0,01;V
02/09/2021;0,01;V
03/09/2021;0,01;V
04/09/2021;0,01;V
05/09/2021;0,01;V
06/09/2021;0,01;V
07/09/2021;0,01;V
08/09/2021;0,01;V
09/09/2021;0,01;V
10/09/2021;0,01;V
11/09/2021;0,01;V
12/09/2021;0,01;V
13/09/2021;0,01;V
14/09/2021;0,01;V
15/09/2021;0,01;V
16/09/2021;0,01;V
17/09/2021;0,02;V
18/09/2021;0,01;V
19/09/2021;0,01;V
20/09/2021;0,01;V
21/09/2021;0,01;V
22/09/2021;0,01;V
23/09/2021;0,01;V
24/09/2021;0,01;V
25/09/2021;0,01;V
26/09/2021;0,03;V
27/09/2021;0,02;V
28/09/2021;0,01;V
29/09/2021;0,01;V
30/09/2021;0,01;V
01/10/2021;0,01;V
02/10/2021;0,02;V
03/10/2021;0,01;V
04/10/2021;0,02;V
05/10/2021;0,04;V
06/10/2021;0,01;V
07/10/2021;0,01;V
08/10/2021;0,01;V
09/10/2021;0,02;V
10/10/2021;0,02;V
11/10/2021;0,02;V
12/10/2021;0,02;V
13/10/2021;0,02;V
14/10/2021;0,02;V
15/10/2021;0,02;V
16/10/2021;0,02;V
17/10/2021;0,02;V
18/10/2021;0,02;V
19/10/2021;0,02;V
20/10/2021;0,01;V
21/10/2021;0,01;V
22/10/2021;0,02;V
23/10/2021;0,02;V
24/10/2021;0,01;V
25/10/2021;0,02;V
26/10/2021;0,02;V
27/10/2021;0,01;V
28/10/2021;0,02;V
29/10/2021;0,02;V
30/10/2021;0,02;V
31/10/2021;0,01;V
01/11/2021;0,02;V
02/11/2021;0,03;V
03/11/2021;0,01;V
04/11/2021;0,02;V
05/11/2021;0,02;V
06/11/2021;0,02;V
07/11/2021;0,04;V
08/11/2021;0,02;V
09/11/2021;0,02;V
10/11/2021;0,01;V
11/11/2021;0,01;V
12/11/2021;0,01;V
13/11/2021;0,03;V
14/11/2021;0,13;V
15/11/2021;0,05;V
16/11/2021;0,04;V
17/11/2021;0,05;V
18/11/2021;0,03;V
19/11/2021;0,02;V
20/11/2021;0,02;V
21/11/2021;0,02;V
22/11/2021;0,05;V
23/11/2021;0,02;V
24/11/2021;0,02;V
25/11/2021;0,03;V
26/11/2021;0,04;V
27/11/2021;0,05;V
28/11/2021;0,09;V
29/11/2021;0,04;V
30/11/2021;0,03;V
01/12/2021;0,04;V
02/12/2021;0,14;V
03/12/2021;0,10;V
04/12/2021;0,10;V
05/12/2021;0,11;V
06/12/2021;0,06;V
07/12/2021;0,04;V
08/12/2021;0,11;V
09/12/2021;0,11;V
10/12/2021;0,09;V
11/12/2021;0,10;V
12/12/2021;0,07;V
13/12/2021;0,05;V
14/12/2021;0,03;V
15/12/2021;0,02;V
16/12/2021;0,02;V
17/12/2021;0,02;V
18/12/2021;0,02;V
19/12/2021;0,02;V
20/12/2021;0,02;V
21/12/2021;0,02;V
22/12/2021;0,02;V
23/12/2021;0,02;V
24/12/2021;0,04;V
25/12/2021;0,09;V
26/12/2021;0,23;V
27/12/2021;0,12;V
28/12/2021;0,11;V
29/12/2021;0,08;V
30/12/2021;0,08;V
31/12/2021;0,06;V
01/01/2022;0,05;
02/01/2022;0,04;P
03/01/2022;0,05;P
04/01/2022;0,04;P
05/01/2022;0,07;P
06/01/2022;0,13;P
07/01/2022;0,07;P
08/01/2022;0,05;P
09/01/2022;0,17;P
10/01/2022;0,10;P
11/01/2022;0,05;P
12/01/2022;0,05;P
13/01/2022;0,05;P
14/01/2022;0,05;P
15/01/2022;0,05;P
16/01/2022;0,05;P
17/01/2022;0,04;P
18/01/2022;0,04;P
19/01/2022;0,03;P
20/01/2022;0,04;P
21/01/2022;0,03;P
22/01/2022;0,02;P
23/01/2022;0,02;P
24/01/2022;0,02;P
25/01/2022;0,02;P
26/01/2022;0,02;P
27/01/2022;0,02;P
28/01/2022;0,02;P
29/01/2022;0,02;P
30/01/2022;0,02;P
31/01/2022;0,02;P
01/02/2022;0,02;P
02/02/2022;0,02;P
03/02/2022;0,02;P
04/02/2022;0,02;P
05/02/2022;0,02;P
06/02/2022;0,02;P
07/02/2022;0,02;P
08/02/2022;0,02;P
09/02/2022;0,02;P
10/02/2022;0,02;P
11/02/2022;0,02;P
12/02/2022;0,02;P
13/02/2022;0,02;P
14/02/2022;0,02;P
15/02/2022;0,05;P
16/02/2022;0,04;P
17/02/2022;0,03;P
18/02/2022;0,03;P
19/02/2022;0,02;P
20/02/2022;0,02;P
21/02/2022;0,02;P
22/02/2022;0,02;P
23/02/2022;0,02;P
24/02/2022;0,02;P
25/02/2022;0,02;P
26/02/2022;0,04;P
27/02/2022;0,03;P
28/02/2022;0,02;P
01/03/2022;0,02;P
02/03/2022;0,02;P
03/03/2022;0,02;P
04/03/2022;0,02;P
05/03/2022;0,02;P
06/03/2022;0,02;P
07/03/2022;0,02;P
08/03/2022;0,02;P
09/03/2022;0,02;P
10/03/2022;0,02;P
11/03/2022;0,02;P
12/03/2022;0,02;P
13/03/2022;0,02;P
14/03/2022;0,02;P
15/03/2022;0,02;P
16/03/2022;0,01;P
17/03/2022;0,01;P
18/03/2022;0,01;P
19/03/2022;0,01;P
20/03/2022;0,02;P
21/03/2022;0,02;P
22/03/2022;0,02;P
23/03/2022;0,02;P
24/03/2022;0,02;P
25/03/2022;0,02;P
26/03/2022;0,02;P
27/03/2022;0,02;P
28/03/2022;0,02;P
29/03/2022;0,02;P
30/03/2022;0,04;P
31/03/2022;0,10;P
01/04/2022;0,05;P
02/04/2022;0,05;P
03/04/2022;0,03;P
04/04/2022;0,03;P
05/04/2022;0,02;P
06/04/2022;0,02;P
07/04/2022;0,04;P
08/04/2022;0,02;P
09/04/2022;0,02;P
10/04/2022;0,02;P
11/04/2022;0,03;P
12/04/2022;0,03;P
13/04/2022;0,02;P
14/04/2022;0,02;P
15/04/2022;0,03;P
16/04/2022;0,04;P
17/04/2022;0,04;P
18/04/2022;0,04;P
19/04/2022;0,05;P
20/04/2022;0,04;P
21/04/2022;0,07;P
22/04/2022;0,14;P
23/04/2022;0,06;P
24/04/2022;0,11;P
25/04/2022;0,07;P
26/04/2022;0,04;P
27/04/2022;0,04;P
28/04/2022;0,03;P
29/04/2022;0,02;P
30/04/2022;0,02;P
01/05/2022;0,02;P
02/05/2022;0,02;P
03/05/2022;0,02;P
04/05/2022;0,02;P
05/05/2022;0,03;P
06/05/2022;0,05;P
07/05/2022;0,02;P
08/05/2022;0,01;P
09/05/2022;0,01;P
10/05/2022;0,01;P
11/05/2022;0,01;P
12/05/2022;0,01;P
13/05/2022;0,01;P
14/05/2022;0,01;P
15/05/2022;0,01;P
16/05/2022;0,01;P
17/05/2022;0,01;P
18/05/2022;0,01;P
19/05/2022;0,02;P
20/05/2022;0,01;P
21/05/2022;0,01;P
22/05/2022;0,02;P
23/05/2022;0,01;P
24/05/2022;0,01;P
25/05/2022;0,02;P
26/05/2022;0,02;P
27/05/2022;0,01;P
28/05/2022;0,02;P
29/05/2022;0,03;P
30/05/2022;0,02;P
31/05/2022;0,01;P
01/06/2022;0,01;P
02/06/2022;0,01;P
03/06/2022;0,01;P
04/06/2022;0,01;P
05/06/2022;0,01;P
06/06/2022;0,01;P
07/06/2022;0,01;P
08/06/2022;0,01;P
09/06/2022;0,01;P
10/06/2022;0,01;P
11/06/2022;0,01;P
12/06/2022;0,01;P
13/06/2022;0,01;P
14/06/2022;0,01;P
15/06/2022;0,01;P
16/06/2022;0,01;P
17/06/2022;0,01;P
18/06/2022;0,01;P
19/06/2022;0,01;P
20/06/2022;0,01;P
21/06/2022;0,01;P
22/06/2022;0,01;P
23/06/2022;0,01;P
24/06/2022;0,02;P
25/06/2022;0,02;P
26/06/2022;0,01;P
27/06/2022;0,01;P
28/06/2022;0,03;P
29/06/2022;0,02;P
30/06/2022;0,02;P
01/07/2022;0,02;P
02/07/2022;0,02;P
03/07/2022;0,02;P
04/07/2022;0,02;P
05/07/2022;0,04;P
06/07/2022;0,03;P
07/07/2022;0,04;P
08/07/2022;0,03;P
09/07/2022;0,03;P
10/07/2022;0,03;P
11/07/2022;0,04;P
12/07/2022;0,04;P
13/07/2022;0,04;P
14/07/2022;0,05;P
15/07/2022;0,05;P
16/07/2022;0,05;P
17/07/2022;0,05;P
18/07/2022;0,04;P
19/07/2022;0,04;P
20/07/2022;0,04;P
21/07/2022;0,05;P
22/07/2022;0,06;P
23/07/2022;0,07;P
24/07/2022;0,08;P
25/07/2022;0,08;P
26/07/2022;0,07;P
27/07/2022;0,06;P
28/07/2022;0,07;P
29/07/2022;0,08;P
30/07/2022;0,08;P
31/07/2022;0,08;P
01/08/2022;0,09;P
02/08/2022;0,11;P
03/08/2022;0,11;P
04/08/2022;0,12;P
05/08/2022;0,14;P
06/08/2022;0,15;P
07/08/2022;0,16;P
08/08/2022;0,17;P
09/08/2022;0,20;P
10/08/2022;0,18;P
11/08/2022;0,20;P
12/08/2022;0,21;P
13/08/2022;0,17;P
14/08/2022;0,19;P
15/08/2022;0,22;P
16/08/2022;0,21;P
17/08/2022;0,23;P
18/08/2022;0,24;P
19/08/2022;0,05;P
20/08/2022;0,02;P
21/08/2022;0,02;P
22/08/2022;0,02;P
23/08/2022;0,01;P
24/08/2022;0,02;P
25/08/2022;0,01;P
26/08/2022;0,01;P
27/08/2022;0,02;P
28/08/2022;0,01;P
29/08/2022;0,01;P
30/08/2022;0,02;P
31/08/2022;0,03;P
01/09/2022;0,03;P
02/09/2022;0,02;P
03/09/2022;0,05;P
04/09/2022;0,03;P
05/09/2022;0,01;P
06/09/2022;0,02;P
07/09/2022;0,03;P
08/09/2022;0,06;P
09/09/2022;0,07;P
10/09/2022;0,06;P
11/09/2022;0,08;P
12/09/2022;0,08;P
13/09/2022;0,03;P
14/09/2022;0,03;P
15/09/2022;0,06;P
16/09/2022;0,16;P
17/09/2022;0,23;P
18/09/2022;0,20;P
19/09/2022;0,29;P
20/09/2022;0,24;P
21/09/2022;0,14;P
22/09/2022;0,02;P
23/09/2022;0,03;P
24/09/2022;0,12;P
25/09/2022;0,08;P
26/09/2022;0,02;P
27/09/2022;0,02;P
28/09/2022;0,03;P
29/09/2022;0,04;P
30/09/2022;0,17;P
01/10/2022;0,05;P
02/10/2022;0,03;P
03/10/2022;0,02;P
04/10/2022;0,02;P
05/10/2022;0,01;P
06/10/2022;0,01;P
07/10/2022;0,01;P
08/10/2022;0,02;P
09/10/2022;0,03;P
10/10/2022;0,03;P
11/10/2022;0,02;P
12/10/2022;0,03;P
13/10/2022;0,03;P
14/10/2022;0,04;P
15/10/2022;0,04;P
16/10/2022;0,04;P
17/10/2022;0,04;P
18/10/2022;0,04;P
19/10/2022;0,04;P
20/10/2022;0,04;P
21/10/2022;0,04;P
22/10/2022;0,04;P
23/10/2022;0,03;P
24/10/2022;0,03;P
25/10/2022;0,03;P
26/10/2022;0,03;P
27/10/2022;0,02;P
28/10/2022;0,02;P
29/10/2022;0,03;P
30/10/2022;0,03;P
31/10/2022;0,03;P
01/11/2022;0,04;P
02/11/2022;0,04;P
03/11/2022;0,04;P
04/11/2022;0,05;P
05/11/2022;0,03;P
06/11/2022;0,02;P
07/11/2022;0,03;P
08/11/2022;0,04;P
09/11/2022;0,04;P
10/11/2022;0,06;P
11/11/2022;0,07;P
12/11/2022;0,11;P
13/11/2022;0,12;P
14/11/2022;0,12;P
15/11/2022;0,12;P
16/11/2022;0,14;P
17/11/2022;0,15;P
18/11/2022;0,13;P
19/11/2022;0,17;P
20/11/2022;0,18;P
21/11/2022;0,18;P
22/11/2022;0,30;P
23/11/2022;0,09;P
24/11/2022;0,05;P
25/11/2022;0,05;P
26/11/2022;0,04;P
27/11/2022;0,02;P
28/11/2022;0,03;P
29/11/2022;0,03;P
30/11/2022;0,02;P
01/12/2022;0,02;P
02/12/2022;0,02;P
03/12/2022;0,04;P
04/12/2022;0,05;P
05/12/2022;0,14;P
06/12/2022;0,11;P
07/12/2022;0,08;P
08/12/2022;0,08;P
09/12/2022;0,11;P
10/12/2022;0,14;P
11/12/2022;0,14;P
12/12/2022;0,11;P
13/12/2022;0,11;P
14/12/2022;0,10;P
15/12/2022;0,13;P
16/12/2022;0,45;P
17/12/2022;0,22;P
18/12/2022;0,12;P
19/12/2022;0,12;P
20/12/2022;0,11;P
21/12/2022;0,10;P
22/12/2022;0,10;P
23/12/2022;0,10;P
24/12/2022;0,08;P
25/12/2022;0,08;P
26/12/2022;0,08;P
27/12/2022;0,08;P
28/12/2022;0,08;P
29/12/2022;0,09;P
30/12/2022;0,08;P
31/12/2022;0,08;P
01/01/2023;0,08;V
02/01/2023;0,08;V
03/01/2023;0,08;V
04/01/2023;0,08;V
05/01/2023;0,08;V
06/01/2023;0,08;V
07/01/2023;0,08;V
08/01/2023;0,08;V
09/01/2023;0,11;V
10/01/2023;0,08;V
11/01/2023;0,08;V
12/01/2023;0,09;V
13/01/2023;0,08;V
14/01/2023;0,08;V
15/01/2023;0,08;V
16/01/2023;0,08;V
17/01/2023;0,19;V
18/01/2023;0,14;V
19/01/2023;0,19;V
20/01/2023;0,13;V
21/01/2023;0,10;V
22/01/2023;0,08;V
23/01/2023;0,09;V
24/01/2023;0,08;V
25/01/2023;0,08;V
26/01/2023;0,06;V
27/01/2023;0,05;V
28/01/2023;0,05;V
29/01/2023;0,05;V
30/01/2023;0,05;V
31/01/2023;0,05;V
01/02/2023;0,05;V
02/02/2023;0,05;V
03/02/2023;0,05;V
04/02/2023;0,05;V
05/02/2023;0,04;V
06/02/2023;0,05;V
07/02/2023;0,04;V
08/02/2023;0,05;V
09/02/2023;0,05;V
10/02/2023;0,04;V
11/02/2023;0,04;V
12/02/2023;0,04;V
13/02/2023;0,04;V
14/02/2023;0,04;V
15/02/2023;0,05;V
16/02/2023;0,05;V
17/02/2023;0,05;V
18/02/2023;0,05;V
19/02/2023;0,05;V
20/02/2023;0,05;V
21/02/2023;0,05;V
22/02/2023;0,05;V
23/02/2023;0,05;V
24/02/2023;0,05;V
25/02/2023;0,05;V
26/02/2023;0,14;V
27/02/2023;0,09;V
28/02/2023;0,08;V
01/03/2023;0,15;V
02/03/2023;0,10;V
03/03/2023;0,08;V
04/03/2023;;@
05/03/2023;;@
06/03/2023;;@
07/03/2023;;@
08/03/2023;;@
09/03/2023;;@
10/03/2023;;@
11/03/2023;;@
12/03/2023;;@
13/03/2023;;@
14/03/2023;;@
15/03/2023;;@
16/03/2023;;@
17/03/2023;;@
18/03/2023;;@
19/03/2023;;@
20/03/2023;;@
21/03/2023;;@
22/03/2023;;@
23/03/2023;;@
24/03/2023;;@
25/03/2023;;@
26/03/2023;;@
27/03/2023;;@
28/03/2023;;@
29/03/2023;;@
30/03/2023;;@
31/03/2023;;@
01/04/2023;;@
02/04/2023;;@
03/04/2023;;@
04/04/2023;;@
05/04/2023;;@
06/04/2023;;@
07/04/2023;;@
08/04/2023;;@
09/04/2023;;@
10/04/2023;;@
11/04/2023;;@
12/04/2023;;@
13/04/2023;;@
14/04/2023;;@
15/04/2023;;@
16/04/2023;;@
17/04/2023;;@
18/04/2023;;@
19/04/2023;;@
20/04/2023;;@
21/04/2023;;@
22/04/2023;;@
23/04/2023;;@
24/04/2023;;@
25/04/2023;;@
26/04/2023;;@
27/04/2023;;@
28/04/2023;;@
29/04/2023;;@
30/04/2023;;@
01/05/2023;;@
02/05/2023;;@
03/05/2023;;@
04/05/2023;;@
05/05/2023;;@
06/05/2023;;@
07/05/2023;;@
08/05/2023;;@
09/05/2023;;@
10/05/2023;;@
11/05/2023;;@
12/05/2023;;@
13/05/2023;0,05;V
14/05/2023;0,06;V
15/05/2023;0,05;V
16/05/2023;0,07;V
17/05/2023;0,07;V
18/05/2023;0,05;V
19/05/2023;0,08;V
20/05/2023;0,07;V
21/05/2023;0,06;V
22/05/2023;0,05;V
23/05/2023;0,04;V
24/05/2023;0,17;V
25/05/2023;0,25;V
26/05/2023;0,12;V
27/05/2023;0,09;V
28/05/2023;0,08;V
29/05/2023;0,08;V
30/05/2023;0,07;V
31/05/2023;0,07;V
01/06/2023;0,07;V
02/06/2023;0,08;V
03/06/2023;0,07;V
04/06/2023;0,08;V
05/06/2023;0,10;V
06/06/2023;0,09;V
07/06/2023;0,08;V
08/06/2023;0,09;V
09/06/2023;0,09;V
10/06/2023;0,09;V
11/06/2023;0,08;V
12/06/2023;0,07;V
13/06/2023;0,10;V
14/06/2023;0,13;V
15/06/2023;0,12;V
16/06/2023;0,10;V
17/06/2023;0,09;V
18/06/2023;0,08;V
19/06/2023;0,08;V
20/06/2023;;@
21/06/2023;0,07;V
22/06/2023;0,07;V
23/06/2023;0,07;V
24/06/2023;0,07;V
25/06/2023;0,07;V
26/06/2023;0,07;V
27/06/2023;0,07;V
28/06/2023;0,08;V
29/06/2023;0,06;V
30/06/2023;0,11;V
01/07/2023;;@
02/07/2023;;@
03/07/2023;;@
04/07/2023;;@
05/07/2023;;@
06/07/2023;;@
07/07/2023;;@
08/07/2023;;@
09/07/2023;;@
10/07/2023;;@
11/07/2023;;@
12/07/2023;;@
13/07/2023;;@
14/07/2023;;@
15/07/2023;;@
16/07/2023;;@
17/07/2023;;@
18/07/2023;;@
19/07/2023;;@
20/07/2023;;@
21/07/2023;;@
22/07/2023;;@
23/07/2023;;@
24/07/2023;;@
25/07/2023;;@
26/07/2023;;@
27/07/2023;;@
28/07/2023;;@
29/07/2023;;@
30/07/2023;;@
31/07/2023;;@
01/08/2023;;@
02/08/2023;;@
03/08/2023;;@
04/08/2023;;@
05/08/2023;;@
06/08/2023;;@
07/08/2023;;@
08/08/2023;;@
09/08/2023;;@
10/08/2023;;@
11/08/2023;;@
12/08/2023;;@
13/08/2023;0,01;V
14/08/2023;0,01;V
15/08/2023;0,01;V
16/08/2023;0,01;V
17/08/2023;0,02;V
18/08/2023;0,01;V
19/08/2023;0,02;V
20/08/2023;0,01;V
21/08/2023;0,01;V
22/08/2023;0,01;V
23/08/2023;0,00;V
24/08/2023;0,00;V
25/08/2023;0,01;V
26/08/2023;0,01;V
27/08/2023;0,01;V
28/08/2023;0,00;V
29/08/2023;0,03;V
30/08/2023;0,02;V
31/08/2023;0,01;V
01/09/2023;0,01;V
02/09/2023;0,01;V
03/09/2023;0,01;V
04/09/2023;0,02;V
05/09/2023;0,01;V
06/09/2023;0,01;V
07/09/2023;0,02;V
08/09/2023;0,01;V
09/09/2023;0,01;V
10/09/2023;0,01;V
11/09/2023;0,01;V
12/09/2023;0,01;V
13/09/2023;0,02;V
14/09/2023;0,01;V
15/09/2023;0,02;V
16/09/2023;0,02;V
17/09/2023;0,02;V
18/09/2023;0,01;V
19/09/2023;0,02;V
20/09/2023;0,02;V
21/09/2023;0,02;V
22/09/2023;0,02;V
23/09/2023;0,02;V
24/09/2023;0,02;V
25/09/2023;0,02;V
26/09/2023;0,02;V
27/09/2023;0,02;V
28/09/2023;0,02;V
29/09/2023;0,02;V
30/09/2023;0,02;V
01/10/2023;0,02;V
02/10/2023;0,02;V
03/10/2023;0,04;V
04/10/2023;0,05;V
05/10/2023;0,02;V
06/10/2023;0,02;V
07/10/2023;0,03;V
08/10/2023;0,02;V
09/10/2023;0,03;V
10/10/2023;0,02;V
11/10/2023;0,02;V
12/10/2023;0,02;V
13/10/2023;0,01;V
14/10/2023;0,02;V
15/10/2023;0,02;V
16/10/2023;0,02;V
17/10/2023;0,01;V
18/10/2023;0,03;V
19/10/2023;0,05;V
20/10/2023;0,05;V
21/10/2023;0,09;V
22/10/2023;0,06;V
23/10/2023;0,04;V
24/10/2023;0,08;V
25/10/2023;0,04;V
26/10/2023;0,02;V
27/10/2023;0,02;V
28/10/2023;0,01;V
29/10/2023;0,01;V
30/10/2023;0,02;V
31/10/2023;0,10;V
01/11/2023;0,05;V
02/11/2023;0,06;V
03/11/2023;0,08;V
04/11/2023;0,05;V
05/11/2023;0,23;V
06/11/2023;0,05;V
07/11/2023;0,04;V
08/11/2023;0,03;V
09/11/2023;0,03;V
10/11/2023;0,06;V
11/11/2023;0,04;V
12/11/2023;0,04;V
13/11/2023;0,04;V
14/11/2023;0,02;V
15/11/2023;0,02;V
16/11/2023;0,02;V
17/11/2023;0,03;V
18/11/2023;0,02;V
19/11/2023;0,02;V
20/11/2023;0,02;V
21/11/2023;0,02;V
22/11/2023;0,03;V
23/11/2023;0,02;V
24/11/2023;0,02;V
25/11/2023;0,02;V
26/11/2023;0,02;V
27/11/2023;0,02;V
28/11/2023;0,03;V
29/11/2023;0,02;V
30/11/2023;0,02;V
01/12/2023;0,01;V
02/12/2023;0,26;V
03/12/2023;0,22;V
04/12/2023;0,23;V
05/12/2023;0,23;V
06/12/2023;0,23;V
07/12/2023;0,23;V
08/12/2023;0,23;V
09/12/2023;0,23;V
10/12/2023;0,23;V
11/12/2023;0,23;V
12/12/2023;0,23;V
13/12/2023;0,23;V
14/12/2023;0,23;V
15/12/2023;0,23;V
16/12/2023;0,23;V
17/12/2023;0,23;V
18/12/2023;0,23;V
19/12/2023;0,23;V
20/12/2023;0,23;V
21/12/2023;;@
22/12/2023;0,23;V
23/12/2023;0,23;V
24/12/2023;0,23;V
25/12/2023;0,23;V
26/12/2023;0,23;V
27/12/2023;0,23;V
28/12/2023;0,23;V
29/12/2023;0,23;V
30/12/2023;0,23;V
31/12/2023;0,23;V
01/01/2024;0,23;V
02/01/2024;0,23;V
03/01/2024;0,23;V
04/01/2024;0,23;V
05/01/2024;0,23;V
06/01/2024;0,23;V
07/01/2024;0,19;V
08/01/2024;0,16;V
09/01/2024;0,17;V
10/01/2024;0,17;V
11/01/2024;0,17;V
12/01/2024;0,17;V
13/01/2024;0,17;V
14/01/2024;0,15;V
15/01/2024;0,16;V
16/01/2024;0,16;V
17/01/2024;0,16;V
18/01/2024;0,16;V
19/01/2024;0,16;V
20/01/2024;0,17;V
21/01/2024;0,17;V
22/01/2024;0,18;V
23/01/2024;0,17;V
24/01/2024;0,18;V
25/01/2024;0,18;V
26/01/2024;0,18;V
27/01/2024;0,18;V
28/01/2024;0,18;V
29/01/2024;0,18;V
30/01/2024;0,19;V
31/01/2024;0,19;V
01/02/2024;0,19;V
02/02/2024;0,19;V
03/02/2024;0,19;V
04/02/2024;0,19;V
05/02/2024;0,19;V
06/02/2024;0,18;V
07/02/2024;0,19;V
08/02/2024;0,18;V
09/02/2024;0,18;V
10/02/2024;0,24;V
11/02/2024;0,37;V
12/02/2024;0,25;V
13/02/2024;0,22;V
14/02/2024;0,20;V
15/02/2024;0,19;V
16/02/2024;0,18;V
17/02/2024;0,17;V
18/02/2024;0,17;V
19/02/2024;0,17;V
20/02/2024;0,17;V
21/02/2024;0,17;V
22/02/2024;0,17;V
23/02/2024;0,21;V
24/02/2024;0,20;V
25/02/2024;0,20;V
26/02/2024;0,21;V
27/02/2024;0,38;V
28/02/2024;0,17;V
29/02/2024;0,11;V
01/03/2024;0,11;V
02/03/2024;0,13;V
03/03/2024;0,16;V
04/03/2024;0,14;V
05/03/2024;0,08;V
06/03/2024;0,08;V
07/03/2024;0,08;V
08/03/2024;0,05;V
09/03/2024;0,08;V
10/03/2024;0,22;V
11/03/2024;0,13;V
12/03/2024;0,09;V
13/03/2024;0,13;V
14/03/2024;0,13;V
15/03/2024;0,12;V
16/03/2024;0,13;V
17/03/2024;0,13;V
18/03/2024;0,13;V
19/03/2024;0,12;V
20/03/2024;0,11;V
21/03/2024;0,11;V
22/03/2024;0,11;V
23/03/2024;0,11;V
24/03/2024;0,11;V
25/03/2024;0,10;V
26/03/2024;0,12;V
27/03/2024;0,36;V
28/03/2024;0,16;V
29/03/2024;0,12;V
30/03/2024;0,09;V
31/03/2024;0,08;V
01/04/2024;0,11;V
02/04/2024;0,08;V
03/04/2024;0,07;V
04/04/2024;0,06;V
05/04/2024;0,05;V
06/04/2024;0,05;V
07/04/2024;0,05;V
08/04/2024;0,05;V
09/04/2024;0,04;V
10/04/2024;0,07;V
11/04/2024;0,05;V
12/04/2024;0,05;V
13/04/2024;0,05;V
14/04/2024;0,04;V
15/04/2024;0,04;V
16/04/2024;0,04;V
17/04/2024;0,05;V
18/04/2024;0,05;V
19/04/2024;0,05;V
20/04/2024;0,06;V
21/04/2024;0,04;V
22/04/2024;0,05;V
23/04/2024;0,05;V
24/04/2024;0,05;V
25/04/2024;0,04;V
26/04/2024;0,05;V
27/04/2024;0,06;V
28/04/2024;0,04;V
29/04/2024;0,04;V
30/04/2024;0,04;V
01/05/2024;0,05;V
02/05/2024;0,08;V
03/05/2024;0,08;V
04/05/2024;0,06;V
05/05/2024;0,04;V
06/05/2024;0,04;V
07/05/2024;0,06;V
08/05/2024;0,05;V
09/05/2024;0,04;V
10/05/2024;0,05;V
11/05/2024;0,04;V
12/05/2024;0,04;V
13/05/2024;0,04;V
14/05/2024;0,04;V
15/05/2024;0,04;V
16/05/2024;0,04;V
17/05/2024;0,04;V
18/05/2024;0,03;V
19/05/2024;0,04;V
20/05/2024;0,05;V
21/05/2024;0,07;V
22/05/2024;0,04;V
23/05/2024;0,04;V
24/05/2024;0,04;V
25/05/2024;0,03;V
26/05/2024;0,03;V
27/05/2024;0,03;V
28/05/2024;0,02;V
29/05/2024;0,02;V
30/05/2024;0,04;V
31/05/2024;0,03;V
01/06/2024;0,02;V
02/06/2024;0,02;V
03/06/2024;0,04;V
04/06/2024;0,03;V
05/06/2024;0,02;V
06/06/2024;0,02;V
07/06/2024;0,02;V
08/06/2024;0,02;V
09/06/2024;0,03;V
10/06/2024;0,04;V
11/06/2024;0,03;V
12/06/2024;0,02;V
13/06/2024;0,03;V
14/06/2024;0,02;V
15/06/2024;0,02;V
16/06/2024;0,02;V
17/06/2024;0,02;V
18/06/2024;0,01;V
19/06/2024;0,01;V
20/06/2024;0,01;V
21/06/2024;0,02;V
22/06/2024;0,02;V
23/06/2024;0,03;V
24/06/2024;0,08;V
25/06/2024;0,05;V
26/06/2024;0,05;V
27/06/2024;0,04;V
28/06/2024;0,04;V
29/06/2024;0,03;V
30/06/2024;0,03;V
01/07/2024;0,01;V
02/07/2024;0,00;V
03/07/2024;0,01;V
04/07/2024;0,00;V
05/07/2024;0,00;V
06/07/2024;0,00;V
07/07/2024;0,00;V
08/07/2024;0,00;V
09/07/2024;0,00;V
10/07/2024;0,00;V
11/07/2024;0,00;V
12/07/2024;0,00;V
13/07/2024;0,00;V
14/07/2024;0,00;V
15/07/2024;0,00;V
16/07/2024;0,00;V
17/07/2024;0,00;V
18/07/2024;0,00;V
19/07/2024;0,00;V
20/07/2024;0,01;V
21/07/2024;0,01;V
22/07/2024;0,03;V
23/07/2024;0,02;V
24/07/2024;0,01;V
25/07/2024;0,01;V
26/07/2024;0,01;V
27/07/2024;0,01;V
28/07/2024;0,01;V
29/07/2024;0,01;V
30/07/2024;0,00;V
31/07/2024;0,01;V
01/08/2024;0,01;V
02/08/2024;0,01;V
03/08/2024;0,01;V
04/08/2024;0,01;V
05/08/2024;0,01;V
06/08/2024;0,01;V
07/08/2024;0,01;V
08/08/2024;0,01;V
09/08/2024;0,01;V
10/08/2024;0,00;V
11/08/2024;0,00;V
12/08/2024;0,01;V
13/08/2024;0,01;V
14/08/2024;0,01;V
15/08/2024;0,01;V
16/08/2024;0,01;V
17/08/2024;0,01;V
18/08/2024;0,01;V
19/08/2024;0,01;V
20/08/2024;0,01;V
21/08/2024;0,01;V
22/08/2024;0,01;V
23/08/2024;0,01;V
24/08/2024;0,01;V
25/08/2024;0,01;V
26/08/2024;0,01;V
27/08/2024;0,01;V
28/08/2024;0,02;V
29/08/2024;0,01;V
30/08/2024;0,01;V
31/08/2024;0,01;V
01/09/2024;0,01;V
02/09/2024;0,01;V
03/09/2024;0,01;V
04/09/2024;0,01;V
05/09/2024;0,04;V
06/09/2024;0,02;V
07/09/2024;0,01;V
08/09/2024;0,03;V
09/09/2024;0,04;V
10/09/2024;0,01;V
11/09/2024;0,01;V
12/09/2024;0,03;V
13/09/2024;0,04;V
14/09/2024;0,02;V
15/09/2024;0,02;V
16/09/2024;0,02;V
17/09/2024;0,02;V
18/09/2024;0,02;V
19/09/2024;0,02;V
20/09/2024;0,01;V
21/09/2024;0,02;V
22/09/2024;0,02;V
23/09/2024;0,01;V
24/09/2024;0,02;V
25/09/2024;0,01;V
26/09/2024;0,02;V
27/09/2024;0,01;V
28/09/2024;0,02;V
29/09/2024;0,02;V
30/09/2024;0,02;V
01/10/2024;0,02;V
02/10/2024;0,02;V
03/10/2024;0,08;V
04/10/2024;0,04;V
05/10/2024;0,02;V
06/10/2024;0,02;V
07/10/2024;0,02;V
08/10/2024;0,08;V
09/10/2024;0,05;V
10/10/2024;0,05;V
11/10/2024;0,03;V
12/10/2024;0,02;V
13/10/2024;0,02;V
14/10/2024;0,02;V
15/10/2024;0,01;V
16/10/2024;0,02;V
17/10/2024;0,11;V
18/10/2024;0,29;V
19/10/2024;0,09;V
20/10/2024;0,07;V
21/10/2024;0,05;V
22/10/2024;0,05;V
23/10/2024;0,04;V
24/10/2024;0,06;V
25/10/2024;0,05;V
26/10/2024;0,08;V
27/10/2024;0,05;V
28/10/2024;0,05;V
29/10/2024;0,05;V
30/10/2024;0,03;V
31/10/2024;0,02;V
01/11/2024;0,02;V
02/11/2024;0,02;V
03/11/2024;0,02;V
04/11/2024;0,02;V
05/11/2024;0,02;V
06/11/2024;0,02;V
07/11/2024;0,02;V
08/11/2024;0,02;V
09/11/2024;0,02;V
10/11/2024;0,02;V
11/11/2024;0,02;V
12/11/2024;0,02;V
13/11/2024;0,02;V
14/11/2024;0,02;V
15/11/2024;0,02;V
16/11/2024;0,02;V
17/11/2024;0,02;V
18/11/2024;0,02;V
19/11/2024;0,02;V
20/11/2024;0,02;V
21/11/2024;0,03;V
22/11/2024;0,03;V
23/11/2024;0,02;V
24/11/2024;0,02;V
25/11/2024;0,02;V
26/11/2024;0,02;V
27/11/2024;0,02;V
28/11/2024;0,02;V
29/11/2024;0,02;V
30/11/2024;0,02;V
01/12/2024;0,02;V
02/12/2024;0,02;V
03/12/2024;0,02;V
04/12/2024;0,03;V
05/12/2024;0,03;V
06/12/2024;0,03;V
07/12/2024;0,03;V
08/12/2024;0,16;V
09/12/2024;0,14;V
10/12/2024;0,11;V
11/12/2024;0,08;V
12/12/2024;0,08;V
13/12/2024;0,09;V
14/12/2024;0,09;V
15/12/2024;0,08;V
16/12/2024;0,08;V
17/12/2024;0,08;V
18/12/2024;0,08;V
19/12/2024;0,08;V
20/12/2024;0,08;V
21/12/2024;0,07;V
22/12/2024;0,23;V
23/12/2024;0,14;V
24/12/2024;0,08;V
25/12/2024;0,07;V
26/12/2024;0,06;V
27/12/2024;0,05;V
28/12/2024;0,05;V
29/12/2024;0,05;V
30/12/2024;0,05;V
31/12/2024;0,05;V
01/01/2025;;@
02/01/2025;;@
03/01/2025;;@
04/01/2025;;@
05/01/2025;;@
06/01/2025;;@
07/01/2025;;@
08/01/2025;;@
09/01/2025;;@
10/01/2025;;@
11/01/2025;;@
12/01/2025;;@
13/01/2025;;@
14/01/2025;;@
15/01/2025;;@
16/01/2025;;@
17/01/2025;;@
18/01/2025;;@
19/01/2025;;@
20/01/2025;;@
21/01/2025;;@
22/01/2025;;@
23/01/2025;;@
24/01/2025;;@
25/01/2025;;@
26/01/2025;;@
27/01/2025;;@
28/01/2025;;@
29/01/2025;;@
30/01/2025;;@
31/01/2025;;@
01/02/2025;;@
02/02/2025;;@
03/02/2025;;@
04/02/2025;;@
05/02/2025;;@
06/02/2025;;@
07/02/2025;;@
08/02/2025;;@
09/02/2025;;@
10/02/2025;;@
11/02/2025;;@
12/02/2025;;@
13/02/2025;;@
14/02/2025;;@
15/02/2025;;@
16/02/2025;;@
17/02/2025;;@
18/02/2025;;@
19/02/2025;;@
20/02/2025;;@
21/02/2025;;@
22/02/2025;;@
23/02/2025;;@
24/02/2025;;@
25/02/2025;;@
26/02/2025;;@
27/02/2025;;@
28/02/2025;;@
01/03/2025;;@
02/03/2025;;@
03/03/2025;;@
04/03/2025;;@
05/03/2025;;@
06/03/2025;;@
07/03/2025;;@
08/03/2025;;@
09/03/2025;;@
10/03/2025;;@
11/03/2025;;@
12/03/2025;;@
13/03/2025;;@
14/03/2025;;@
15/03/2025;;@
16/03/2025;;@
17/03/2025;;@
18/03/2025;;@
19/03/2025;;@
20/03/2025;;@
21/03/2025;;@
22/03/2025;;@
23/03/2025;;@
24/03/2025;;@
25/03/2025;;@
26/03/2025;;@
27/03/2025;;@
28/03/2025;;@
29/03/2025;;@
30/03/2025;;@
31/03/2025;;@
01/04/2025;;@
02/04/2025;;@
03/04/2025;;@
04/04/2025;;@
05/04/2025;;@
06/04/2025;;@
07/04/2025;;@
08/04/2025;;@
09/04/2025;;@
10/04/2025;;@
11/04/2025;;@
12/04/2025;;@
13/04/2025;;@
14/04/2025;;@
15/04/2025;;@
16/04/2025;;@
17/04/2025;;@
18/04/2025;;@
19/04/2025;;@
20/04/2025;;@
21/04/2025;;@
22/04/2025;;@
23/04/2025;;@
24/04/2025;;@
25/04/2025;;@
26/04/2025;;@
27/04/2025;;@
28/04/2025;;@
29/04/2025;;@
30/04/2025;;@
01/05/2025;;@
02/05/2025;;@
03/05/2025;;@
04/05/2025;;@
05/05/2025;;@
06/05/2025;;@
07/05/2025;;@
08/05/2025;;@
09/05/2025;;@
10/05/2025;;@
11/05/2025;;@
12/05/2025;;@
13/05/2025;;@
14/05/2025;;@
15/05/2025;;@
16/05/2025;;@
17/05/2025;;@
18/05/2025;;@
19/05/2025;;@
20/05/2025;;@
21/05/2025;;@
22/05/2025;;@
23/05/2025;;@
24/05/2025;;@
25/05/2025;;@
26/05/2025;;@
27/05/2025;;@
28/05/2025;;@
29/05/2025;;@
30/05/2025;;@
31/05/2025;;@
01/06/2025;;@
02/06/2025;;@
03/06/2025;;@
04/06/2025;;@
05/06/2025;;@
06/06/2025;;@
07/06/2025;;@
08/06/2025;;@
09/06/2025;;@
10/06/2025;;@
11/06/2025;;@
12/06/2025;;@
13/06/2025;;@
14/06/2025;;@
15/06/2025;;@
16/06/2025;;@
17/06/2025;;@
18/06/2025;;@
19/06/2025;;@
20/06/2025;;@
21/06/2025;;@
22/06/2025;;@
23/06/2025;;@
24/06/2025;;@
25/06/2025;;@
26/06/2025;;@
27/06/2025;;@
28/06/2025;;@
29/06/2025;;@
30/06/2025;;@
01/07/2025;;@
02/07/2025;;@
03/07/2025;;@
04/07/2025;;@
05/07/2025;;@
06/07/2025;;@
07/07/2025;;@
08/07/2025;;@
09/07/2025;;@
10/07/2025;;@
11/07/2025;;@
12/07/2025;;@
13/07/2025;;@
14/07/2025;;@
15/07/2025;;@
16/07/2025;;@
17/07/2025;;@
18/07/2025;;@
19/07/2025;;@
20/07/2025;;@
21/07/2025;;@
22/07/2025;;@
23/07/2025;;@
24/07/2025;;@
25/07/2025;;@
26/07/2025;;@
27/07/2025;;@
28/07/2025;;@
29/07/2025;;@
30/07/2025;;@
31/07/2025;;@
01/08/2025;;@
02/08/2025;;@
03/08/2025;;@
04/08/2025;;@
05/08/2025;;@
06/08/2025;;@
07/08/2025;;@
08/08/2025;;@
09/08/2025;;@
10/08/2025;;@
11/08/2025;;@
12/08/2025;;@
13/08/2025;;@
14/08/2025;;@
15/08/2025;;@
16/08/2025;;@
17/08/2025;;@
18/08/2025;;@
19/08/2025;;@
20/08/2025;;@
21/08/2025;;@
22/08/2025;;@
23/08/2025;;@
24/08/2025;;@
25/08/2025;;@
26/08/2025;;@
27/08/2025;;@
28/08/2025;;@
29/08/2025;;@
30/08/2025;;@
31/08/2025;;@
01/09/2025;;@
02/09/2025;;@
03/09/2025;;@
04/09/2025;;@
05/09/2025;;@
06/09/2025;;@
07/09/2025;;@
08/09/2025;;@
09/09/2025;;@
10/09/2025;;@
11/09/2025;;@
12/09/2025;;@
13/09/2025;;@
14/09/2025;;@
15/09/2025;;@
16/09/2025;;@
17/09/2025;;@
18/09/2025;;@
19/09/2025;;@
20/09/2025;;@
21/09/2025;;@
22/09/2025;;@
23/09/2025;;@
24/09/2025;;@
25/09/2025;;@
26/09/2025;;@
27/09/2025;;@
28/09/2025;;@
29/09/2025;;@
30/09/2025;;@
01/10/2025;;@
02/10/2025;;@
03/10/2025;;@
04/10/2025;;@
05/10/2025;;@
06/10/2025;;@
07/10/2025;;@
08/10/2025;;@
09/10/2025;;@
10/10/2025;;@
11/10/2025;;@
12/10/2025;;@
13/10/2025;;@
14/10/2025;;@
15/10/2025;;@
16/10/2025;;@
17/10/2025;;@
18/10/2025;;@
19/10/2025;;@
20/10/2025;;@
21/10/2025;;@
22/10/2025;;@
23/10/2025;;@
24/10/2025;;@
25/10/2025;;@
26/10/2025;;@
27/10/2025;;@
28/10/2025;;@
29/10/2025;;@
30/10/2025;;@
31/10/2025;;@
01/11/2025;;@
02/11/2025;;@
03/11/2025;;@
04/11/2025;;@
05/11/2025;;@
06/11/2025;;@
07/11/2025;;@
08/11/2025;;@
09/11/2025;;@
10/11/2025;;@
11/11/2025;;@
12/11/2025;;@
13/11/2025;;@
14/11/2025;;@
15/11/2025;;@
16/11/2025;;@
17/11/2025;;@
18/11/2025;;@
19/11/2025;;@
20/11/2025;;@
21/11/2025;;@
22/11/2025;;@
23/11/2025;;@
24/11/2025;;@
25/11/2025;;@
26/11/2025;;@
27/11/2025;;@
28/11/2025;;@
29/11/2025;;@
30/11/2025;;@
01/12/2025;;@
02/12/2025;;@
03/12/2025;;@
04/12/2025;;@
05/12/2025;;@
06/12/2025;;@
07/12/2025;;@
08/12/2025;;@
09/12/2025;;@
10/12/2025;;@
11/12/2025;;@
12/12/2025;;@
13/12/2025;;@
14/12/2025;;@
15/12/2025;;@
16/12/2025;;@
17/12/2025;;@
18/12/2025;;@
19/12/2025;;@
20/12/2025;;@
21/12/2025;;@
22/12/2025;;@
23/12/2025;;@
24/12/2025;;@
25/12/2025;;@
26/12/2025;;@
27/12/2025;;@
28/12/2025;;@
29/12/2025;;@
30/12/2025;;@
31/12/2025;;@
01/01/2026;0,02;P
02/01/2026;0,02;P
03/01/2026;0,02;P
04/01/2026;0,02;P
05/01/2026;0,03;P
06/01/2026;0,05;P
07/01/2026;0,05;P
08/01/2026;0,04;P
09/01/2026;0,09;P
10/01/2026;0,08;P
11/01/2026;0,08;P
12/01/2026;0,06;P
13/01/2026;0,05;P
14/01/2026;0,05;P
15/01/2026;0,05;P
16/01/2026;0,04;P
17/01/2026;0,03;P
18/01/2026;0,03;P
19/01/2026;0,03;P
20/01/2026;0,02;P
21/01/2026;0,02;P
22/01/2026;0,02;P
23/01/2026;0,03;P
24/01/2026;0,06;P
25/01/2026;0,16;P
26/01/2026;0,09;P
27/01/2026;0,08;P
28/01/2026;0,16;P
29/01/2026;0,16;P
30/01/2026;0,11;P
31/01/2026;0,11;P
01/02/2026;0,07;P
02/02/2026;0,07;P
03/02/2026;0,08;P
04/02/2026;0,25;P
05/02/2026;0,15;P
06/02/2026;0,15;P
07/02/2026;0,11;P
08/02/2026;0,09;P
09/02/2026;0,08;P
10/02/2026;0,07;P
11/02/2026;0,08;P
12/02/2026;0,07;P
13/02/2026;0,06;P
14/02/2026;0,07;P
15/02/2026;0,07;P
16/02/2026;0,07;P
17/02/2026;0,06;P
18/02/2026;0,05;P
19/02/2026;0,06;P
20/02/2026;0,05;P
21/02/2026;0,05;P
22/02/2026;0,05;P
23/02/2026;0,05;P
24/02/2026;0,05;P
25/02/2026;0,05;P
26/02/2026;0,05;P
27/02/2026;0,05;P
28/02/2026;0,05;P
01/03/2026;0,05;P
02/03/2026;0,05;P
03/03/2026;0,05;P
04/03/2026;0,05;P
05/03/2026;0,05;P
06/03/2026;0,05;P
07/03/2026;0,05;P
08/03/2026;0,05;P
09/03/2026;0,05;P
10/03/2026;0,05;P
11/03/2026;0,06;P
12/03/2026;0,11;P
13/03/2026;0,08;P
14/03/2026;0,08;P
15/03/2026;0,07;P
16/03/2026;0,06;P
17/03/2026;0,06;P
18/03/2026;0,08;P
19/03/2026;0,07;P
20/03/2026;0,07;P
21/03/2026;0,07;P
22/03/2026;0,08;P
23/03/2026;0,08;P
24/03/2026;0,08;P
25/03/2026;0,08;P
26/03/2026;0,08;P
27/03/2026;0,08;P
28/03/2026;0,08;P
29/03/2026;0,08;P
30/03/2026;0,08;P
31/03/2026;0,08;P
01/04/2026;0,08;P
02/04/2026;0,08;P
03/04/2026;0,08;P
04/04/2026;0,08;P
05/04/2026;0,08;P
06/04/2026;0,09;P
07/04/2026;0,10;P
08/04/2026;0,11;P
09/04/2026;0,11;P
10/04/2026;0,11;P
11/04/2026;0,11;P
12/04/2026;0,11;P
13/04/2026;0,11;P
14/04/2026;0,12;P
15/04/2026;0,11;P
16/04/2026;0,10;P
17/04/2026;0,10;P
18/04/2026;0,09;P
19/04/2026;0,09;P
20/04/2026;0,10;P
21/04/2026;0,09;P
22/04/2026;0,10;P
23/04/2026;0,09;P
24/04/2026;0,09;P
25/04/2026;0,08;P
26/04/2026;0,08;P
27/04/2026;0,08;P
28/04/2026;0,08;P
29/04/2026;0,08;P
30/04/2026;0,08;P
01/05/2026;0,08;P
02/05/2026;0,07;P
03/05/2026;0,07;P
04/05/2026;0,07;P
05/05/2026;0,11;P
06/05/2026;0,10;P
07/05/2026;0,09;P
08/05/2026;0,07;P
09/05/2026;0,07;P
10/05/2026;0,10;P
11/05/2026;0,08;P
12/05/2026;0,07;P
13/05/2026;0,07;P
14/05/2026;0,07;P
15/05/2026;0,07;P
16/05/2026;0,08;P
17/05/2026;0,07;P
18/05/2026;0,06;P
19/05/2026;0,07;P
20/05/2026;0,07;P
21/05/2026;0,06;P
22/05/2026;0,06;P
23/05/2026;0,06;P
24/05/2026;0,06;P
25/05/2026;0,05;P
26/05/2026;0,05;P
27/05/2026;0,05;P
28/05/2026;0,05;P
29/05/2026;0,08;P
30/05/2026;0,06;P
31/05/2026;0,05;P
01/06/2026;0,05;P
02/06/2026;0,05;P
03/06/2026;0,07;P
04/06/2026;0,06;P
05/06/2026;0,05;P
06/06/2026;0,04;P
07/06/2026;0,04;P
08/06/2026;0,03;P
09/06/2026;0,03;P
10/06/2026;0,03;P
11/06/2026;0,03;P
