"Stazione";"S. Piero a Sieve-Sieve"
"Codice";"TOS01004621"
"Comune";"Scarperia e San Piero"
"Provincia";"FI"
"GB [m]";"E";1686788;"N";4870648
"WGS84 [°]";"Lat";43.965;"Lon";11.328
"Quota [m]";222,00

;;;ATTENZIONE i dati sono nel fomato csv ed utilizzano
;;;come separatore di colonna il "punto e virgola" e
;;;come separatore decimale la "virgola"
;;;verificare le proprie impostazioni internazionali per una corretta visulizzazione.
;;;Il valore contrassegnato con N corrisponde al dato non validato
;;;Il valore contrassegnato con R corrisponde al dato ricostruito
;;;Il valore contrassegnato con I corrisponde al dato incerto
;;;Il valore contrassegnato con @ corrisponde al dato mancante
;;;Il valore contrassegnato con V corrisponde al dato validato
;;;Il valore contrassegnato con P corrisponde al dato prevalidato soggetto ad eventuali modifiche
;;;(consultare la sezione Criteri di validazione)

"gg/mm/aaaa";"Livello [m]";"Tipo Dato"
01/01/1998;1,38;V
02/01/1998;1,37;V
03/01/1998;1,38;V
04/01/1998;1,38;V
05/01/1998;1,37;V
06/01/1998;1,36;V
07/01/1998;1,35;V
08/01/1998;1,30;V
09/01/1998;1,26;V
10/01/1998;1,25;V
11/01/1998;1,25;V
12/01/1998;1,24;V
13/01/1998;1,24;V
14/01/1998;1,25;V
15/01/1998;1,35;V
16/01/1998;1,35;V
17/01/1998;1,36;V
18/01/1998;1,35;V
19/01/1998;1,40;V
20/01/1998;1,42;V
21/01/1998;1,41;V
22/01/1998;1,40;V
23/01/1998;1,39;V
24/01/1998;1,38;V
25/01/1998;1,37;V
26/01/1998;1,35;V
27/01/1998;1,30;V
28/01/1998;1,25;V
29/01/1998;1,25;V
30/01/1998;1,24;V
31/01/1998;1,25;V
01/02/1998;1,24;V
02/02/1998;1,23;V
03/02/1998;1,26;V
04/02/1998;1,29;V
05/02/1998;1,26;V
06/02/1998;1,25;V
07/02/1998;1,24;V
08/02/1998;1,24;V
09/02/1998;1,23;V
10/02/1998;1,23;V
11/02/1998;1,23;V
12/02/1998;1,23;V
13/02/1998;1,23;V
14/02/1998;1,23;V
15/02/1998;1,23;V
16/02/1998;1,23;V
17/02/1998;1,23;V
18/02/1998;1,21;V
19/02/1998;1,21;V
20/02/1998;1,21;V
21/02/1998;1,21;V
22/02/1998;1,22;V
23/02/1998;1,32;V
24/02/1998;1,33;V
25/02/1998;1,28;V
26/02/1998;1,25;V
27/02/1998;1,24;V
28/02/1998;1,24;V
01/03/1998;1,24;V
02/03/1998;1,23;V
03/03/1998;1,22;V
04/03/1998;1,23;V
05/03/1998;1,22;V
06/03/1998;1,21;V
07/03/1998;1,21;V
08/03/1998;1,22;V
09/03/1998;1,21;V
10/03/1998;1,19;V
11/03/1998;1,20;V
12/03/1998;1,21;V
13/03/1998;1,22;V
14/03/1998;1,21;V
15/03/1998;1,21;V
16/03/1998;1,21;V
17/03/1998;1,21;V
18/03/1998;1,21;V
19/03/1998;1,20;V
20/03/1998;1,20;V
21/03/1998;1,19;V
22/03/1998;1,19;V
23/03/1998;1,19;V
24/03/1998;1,23;V
25/03/1998;1,23;V
26/03/1998;1,23;V
27/03/1998;1,23;V
28/03/1998;1,23;V
29/03/1998;1,22;V
30/03/1998;1,22;V
31/03/1998;1,23;V
01/04/1998;1,22;V
02/04/1998;1,22;V
03/04/1998;1,22;V
04/04/1998;1,22;V
05/04/1998;1,22;V
06/04/1998;1,29;V
07/04/1998;1,24;V
08/04/1998;1,22;V
09/04/1998;1,20;V
10/04/1998;1,23;V
11/04/1998;1,55;V
12/04/1998;1,75;V
13/04/1998;1,73;V
14/04/1998;1,51;V
15/04/1998;1,41;V
16/04/1998;1,84;V
17/04/1998;1,75;V
18/04/1998;1,58;V
19/04/1998;1,44;V
20/04/1998;1,40;V
21/04/1998;1,36;V
22/04/1998;1,30;V
23/04/1998;1,28;V
24/04/1998;1,27;V
25/04/1998;1,27;V
26/04/1998;1,27;V
27/04/1998;1,26;V
28/04/1998;1,28;V
29/04/1998;1,27;V
30/04/1998;1,27;V
01/05/1998;1,32;V
02/05/1998;1,39;V
03/05/1998;1,33;V
04/05/1998;1,25;V
05/05/1998;1,23;V
06/05/1998;1,25;V
07/05/1998;1,26;V
08/05/1998;1,24;V
09/05/1998;1,21;V
10/05/1998;1,21;V
11/05/1998;1,22;V
12/05/1998;1,24;V
13/05/1998;1,23;V
14/05/1998;1,21;V
15/05/1998;1,18;V
16/05/1998;1,16;V
17/05/1998;1,16;V
18/05/1998;1,16;V
19/05/1998;1,15;V
20/05/1998;1,16;V
21/05/1998;1,15;V
22/05/1998;1,16;V
23/05/1998;1,14;V
24/05/1998;1,15;V
25/05/1998;1,14;V
26/05/1998;1,14;V
27/05/1998;1,14;V
28/05/1998;1,15;V
29/05/1998;1,16;V
30/05/1998;1,14;V
31/05/1998;1,14;V
01/06/1998;1,15;V
02/06/1998;1,14;V
03/06/1998;1,14;V
04/06/1998;1,14;V
05/06/1998;1,14;V
06/06/1998;1,14;V
07/06/1998;1,14;V
08/06/1998;1,14;V
09/06/1998;1,13;V
10/06/1998;1,14;V
11/06/1998;1,16;V
12/06/1998;1,14;V
13/06/1998;1,13;V
14/06/1998;1,14;V
15/06/1998;1,14;V
16/06/1998;1,14;V
17/06/1998;1,13;V
18/06/1998;1,13;V
19/06/1998;1,13;V
20/06/1998;1,12;V
21/06/1998;1,12;V
22/06/1998;1,12;V
23/06/1998;1,12;V
24/06/1998;1,12;V
25/06/1998;1,12;V
26/06/1998;1,12;V
27/06/1998;1,12;V
28/06/1998;1,12;V
29/06/1998;1,12;V
30/06/1998;1,12;V
01/07/1998;1,12;V
02/07/1998;1,12;V
03/07/1998;1,12;V
04/07/1998;1,11;V
05/07/1998;1,11;V
06/07/1998;1,11;V
07/07/1998;1,12;V
08/07/1998;1,11;V
09/07/1998;1,11;V
10/07/1998;1,11;V
11/07/1998;1,12;V
12/07/1998;1,12;V
13/07/1998;1,11;V
14/07/1998;1,12;V
15/07/1998;1,11;V
16/07/1998;1,11;V
17/07/1998;1,11;V
18/07/1998;1,10;V
19/07/1998;1,10;V
20/07/1998;1,09;V
21/07/1998;1,09;V
22/07/1998;1,09;V
23/07/1998;1,09;V
24/07/1998;1,09;V
25/07/1998;1,10;V
26/07/1998;1,10;V
27/07/1998;1,10;V
28/07/1998;1,10;V
29/07/1998;1,10;V
30/07/1998;1,10;V
31/07/1998;1,10;V
01/08/1998;1,10;V
02/08/1998;1,11;V
03/08/1998;1,11;V
04/08/1998;1,10;V
05/08/1998;1,11;V
06/08/1998;1,10;V
07/08/1998;1,09;V
08/08/1998;1,10;V
09/08/1998;1,10;V
10/08/1998;1,10;V
11/08/1998;1,10;V
12/08/1998;1,11;V
13/08/1998;1,10;V
14/08/1998;1,10;V
15/08/1998;1,10;V
16/08/1998;1,10;V
17/08/1998;1,11;V
18/08/1998;1,11;V
19/08/1998;1,11;V
20/08/1998;1,10;V
21/08/1998;1,10;V
22/08/1998;1,10;V
23/08/1998;1,10;V
24/08/1998;1,09;V
25/08/1998;1,09;V
26/08/1998;1,09;V
27/08/1998;1,09;V
28/08/1998;1,10;V
29/08/1998;1,09;V
30/08/1998;1,09;V
31/08/1998;1,09;V
01/09/1998;1,09;V
02/09/1998;1,15;V
03/09/1998;1,12;V
04/09/1998;1,10;V
05/09/1998;1,10;V
06/09/1998;1,10;V
07/09/1998;1,09;V
08/09/1998;1,10;V
09/09/1998;1,09;V
10/09/1998;1,09;V
11/09/1998;1,10;V
12/09/1998;1,10;V
13/09/1998;1,10;V
14/09/1998;1,10;V
15/09/1998;1,09;V
16/09/1998;1,08;V
17/09/1998;1,10;V
18/09/1998;1,09;V
19/09/1998;1,09;V
20/09/1998;1,09;V
21/09/1998;1,09;V
22/09/1998;1,10;V
23/09/1998;1,09;V
24/09/1998;1,10;V
25/09/1998;1,11;V
26/09/1998;1,17;V
27/09/1998;1,18;V
28/09/1998;1,14;V
29/09/1998;1,12;V
30/09/1998;1,12;V
01/10/1998;1,20;V
02/10/1998;1,13;V
03/10/1998;1,12;V
04/10/1998;1,13;V
05/10/1998;1,49;V
06/10/1998;2,18;V
07/10/1998;1,50;V
08/10/1998;1,25;V
09/10/1998;1,23;V
10/10/1998;1,23;V
11/10/1998;1,24;V
12/10/1998;1,23;V
13/10/1998;1,21;V
14/10/1998;1,21;V
15/10/1998;1,21;V
16/10/1998;1,21;V
17/10/1998;1,22;V
18/10/1998;1,23;V
19/10/1998;1,64;V
20/10/1998;1,72;V
21/10/1998;1,33;V
22/10/1998;1,27;V
23/10/1998;1,27;V
24/10/1998;1,28;V
25/10/1998;1,29;V
26/10/1998;1,27;V
27/10/1998;1,25;V
28/10/1998;1,23;V
29/10/1998;1,21;V
30/10/1998;1,20;V
31/10/1998;1,20;V
01/11/1998;1,22;V
02/11/1998;1,22;V
03/11/1998;;@
04/11/1998;;@
05/11/1998;;@
06/11/1998;;@
07/11/1998;;@
08/11/1998;;@
09/11/1998;;@
10/11/1998;;@
11/11/1998;;@
12/11/1998;;@
13/11/1998;;@
14/11/1998;;@
15/11/1998;;@
16/11/1998;;@
17/11/1998;;@
18/11/1998;;@
19/11/1998;;@
20/11/1998;;@
21/11/1998;;@
22/11/1998;;@
23/11/1998;;@
24/11/1998;;@
25/11/1998;;@
26/11/1998;;@
27/11/1998;;@
28/11/1998;;@
29/11/1998;;@
30/11/1998;;@
01/12/1998;;@
02/12/1998;;@
03/12/1998;;@
04/12/1998;;@
05/12/1998;;@
06/12/1998;;@
07/12/1998;;@
08/12/1998;;@
09/12/1998;;@
10/12/1998;;@
11/12/1998;;@
12/12/1998;;@
13/12/1998;;@
14/12/1998;;@
15/12/1998;;@
16/12/1998;;@
17/12/1998;;@
18/12/1998;;@
19/12/1998;;@
20/12/1998;;@
21/12/1998;;@
22/12/1998;;@
23/12/1998;;@
24/12/1998;;@
25/12/1998;;@
26/12/1998;;@
27/12/1998;;@
28/12/1998;;@
29/12/1998;;@
30/12/1998;;@
31/12/1998;;@
01/01/2000;1,23;V
02/01/2000;1,22;V
03/01/2000;1,25;V
04/01/2000;1,29;V
05/01/2000;1,29;V
06/01/2000;1,29;V
07/01/2000;1,29;V
08/01/2000;1,27;V
09/01/2000;1,26;V
10/01/2000;1,22;V
11/01/2000;1,20;V
12/01/2000;1,20;V
13/01/2000;1,20;V
14/01/2000;1,20;V
15/01/2000;1,21;V
16/01/2000;1,21;V
17/01/2000;1,21;V
18/01/2000;1,21;V
19/01/2000;1,21;V
20/01/2000;1,20;V
21/01/2000;1,20;V
22/01/2000;1,20;V
23/01/2000;1,20;V
24/01/2000;1,19;V
25/01/2000;1,19;V
26/01/2000;1,19;V
27/01/2000;1,19;V
28/01/2000;1,21;V
29/01/2000;1,27;V
30/01/2000;1,30;V
31/01/2000;1,26;V
01/02/2000;1,23;V
02/02/2000;1,24;V
03/02/2000;1,31;V
04/02/2000;1,25;V
05/02/2000;1,23;V
06/02/2000;1,23;V
07/02/2000;1,22;V
08/02/2000;1,22;V
09/02/2000;1,21;V
10/02/2000;1,20;V
11/02/2000;1,20;V
12/02/2000;1,20;V
13/02/2000;1,20;V
14/02/2000;1,20;V
15/02/2000;1,21;V
16/02/2000;1,24;V
17/02/2000;1,24;V
18/02/2000;1,22;V
19/02/2000;1,21;V
20/02/2000;1,21;V
21/02/2000;1,21;V
22/02/2000;1,21;V
23/02/2000;1,21;V
24/02/2000;1,21;V
25/02/2000;1,21;V
26/02/2000;1,22;V
27/02/2000;1,21;V
28/02/2000;1,21;V
29/02/2000;1,15;V
01/03/2000;1,25;V
02/03/2000;1,27;V
03/03/2000;1,21;V
04/03/2000;;@
05/03/2000;1,31;V
06/03/2000;1,28;V
07/03/2000;1,30;V
08/03/2000;1,27;V
09/03/2000;1,26;V
10/03/2000;1,24;V
11/03/2000;1,18;V
12/03/2000;1,14;V
13/03/2000;1,14;V
14/03/2000;1,15;V
15/03/2000;1,16;V
16/03/2000;1,14;V
17/03/2000;1,14;V
18/03/2000;1,14;V
19/03/2000;1,13;V
20/03/2000;1,13;V
21/03/2000;1,12;V
22/03/2000;1,12;V
23/03/2000;1,13;V
24/03/2000;;@
25/03/2000;;@
26/03/2000;1,16;V
27/03/2000;1,18;V
28/03/2000;1,19;V
29/03/2000;1,21;V
30/03/2000;1,23;V
31/03/2000;1,20;V
01/04/2000;1,18;V
02/04/2000;1,17;V
03/04/2000;1,19;V
04/04/2000;1,25;V
05/04/2000;1,23;V
06/04/2000;1,19;V
07/04/2000;1,17;V
08/04/2000;1,16;V
09/04/2000;1,16;V
10/04/2000;1,17;V
11/04/2000;1,18;V
12/04/2000;1,20;V
13/04/2000;1,18;V
14/04/2000;1,17;V
15/04/2000;1,16;V
16/04/2000;1,15;V
17/04/2000;1,15;V
18/04/2000;1,15;V
19/04/2000;1,15;V
20/04/2000;1,14;V
21/04/2000;1,14;V
22/04/2000;1,14;V
23/04/2000;1,14;V
24/04/2000;1,14;V
25/04/2000;1,13;V
26/04/2000;1,13;V
27/04/2000;1,13;V
28/04/2000;1,13;V
29/04/2000;1,15;V
30/04/2000;1,14;V
01/05/2000;1,13;V
02/05/2000;1,13;V
03/05/2000;1,12;V
04/05/2000;1,12;V
05/05/2000;1,12;V
06/05/2000;1,13;V
07/05/2000;1,13;V
08/05/2000;1,14;V
09/05/2000;1,14;V
10/05/2000;1,14;V
11/05/2000;1,15;V
12/05/2000;1,14;V
13/05/2000;1,15;V
14/05/2000;1,13;V
15/05/2000;1,13;V
16/05/2000;1,13;V
17/05/2000;1,13;V
18/05/2000;1,14;V
19/05/2000;1,14;V
20/05/2000;1,13;V
21/05/2000;1,14;V
22/05/2000;1,14;V
23/05/2000;1,13;V
24/05/2000;1,12;V
25/05/2000;1,13;V
26/05/2000;1,13;V
27/05/2000;1,13;V
28/05/2000;1,13;V
29/05/2000;1,14;V
30/05/2000;1,13;V
31/05/2000;1,13;V
01/06/2000;1,13;V
02/06/2000;1,13;V
03/06/2000;1,13;V
04/06/2000;1,13;V
05/06/2000;1,13;V
06/06/2000;1,14;V
07/06/2000;1,14;V
08/06/2000;1,14;V
09/06/2000;1,14;V
10/06/2000;1,16;V
11/06/2000;1,16;V
12/06/2000;1,20;V
13/06/2000;1,16;V
14/06/2000;1,15;V
15/06/2000;1,14;V
16/06/2000;1,14;V
17/06/2000;1,13;V
18/06/2000;1,13;V
19/06/2000;1,13;V
20/06/2000;1,13;V
21/06/2000;1,13;V
22/06/2000;1,12;V
23/06/2000;1,13;V
24/06/2000;1,14;V
25/06/2000;1,14;V
26/06/2000;1,14;V
27/06/2000;1,14;V
28/06/2000;1,15;V
29/06/2000;1,14;V
30/06/2000;1,13;V
01/07/2000;1,22;V
02/07/2000;1,24;V
03/07/2000;1,25;V
04/07/2000;1,26;V
05/07/2000;1,25;V
06/07/2000;1,24;V
07/07/2000;1,24;V
08/07/2000;1,25;V
09/07/2000;1,24;V
10/07/2000;1,25;V
11/07/2000;1,22;V
12/07/2000;1,22;V
13/07/2000;1,24;V
14/07/2000;1,25;V
15/07/2000;1,25;V
16/07/2000;1,25;V
17/07/2000;1,24;V
18/07/2000;1,25;V
19/07/2000;1,25;V
20/07/2000;1,25;V
21/07/2000;1,25;V
22/07/2000;1,25;V
23/07/2000;1,25;V
24/07/2000;1,25;V
25/07/2000;1,25;V
26/07/2000;1,25;V
27/07/2000;1,25;V
28/07/2000;1,25;V
29/07/2000;1,24;V
30/07/2000;1,24;V
31/07/2000;1,24;V
01/08/2000;1,26;V
02/08/2000;1,28;V
03/08/2000;1,28;V
04/08/2000;1,28;V
05/08/2000;1,28;V
06/08/2000;1,24;V
07/08/2000;1,23;V
08/08/2000;1,27;V
09/08/2000;1,28;V
10/08/2000;1,27;V
11/08/2000;1,27;V
12/08/2000;1,27;V
13/08/2000;1,27;V
14/08/2000;1,28;V
15/08/2000;1,28;V
16/08/2000;1,27;V
17/08/2000;1,27;V
18/08/2000;1,27;V
19/08/2000;1,27;V
20/08/2000;1,27;V
21/08/2000;1,27;V
22/08/2000;1,27;V
23/08/2000;1,27;V
24/08/2000;1,27;V
25/08/2000;1,27;V
26/08/2000;1,27;V
27/08/2000;1,27;V
28/08/2000;1,27;V
29/08/2000;1,27;V
30/08/2000;1,27;V
31/08/2000;1,30;V
01/09/2000;1,31;V
02/09/2000;1,31;V
03/09/2000;1,30;V
04/09/2000;1,30;V
05/09/2000;1,30;V
06/09/2000;1,30;V
07/09/2000;1,30;V
08/09/2000;1,30;V
09/09/2000;1,30;V
10/09/2000;1,29;V
11/09/2000;1,25;V
12/09/2000;1,25;V
13/09/2000;1,25;V
14/09/2000;1,25;V
15/09/2000;1,26;V
16/09/2000;1,26;V
17/09/2000;1,26;V
18/09/2000;1,26;V
19/09/2000;1,26;V
20/09/2000;1,31;V
21/09/2000;1,31;V
22/09/2000;1,30;V
23/09/2000;1,30;V
24/09/2000;1,31;V
25/09/2000;1,30;V
26/09/2000;1,30;V
27/09/2000;1,31;V
28/09/2000;1,30;V
29/09/2000;1,31;V
30/09/2000;1,32;V
01/10/2000;1,23;V
02/10/2000;1,16;V
03/10/2000;1,16;V
04/10/2000;1,17;V
05/10/2000;1,16;V
06/10/2000;1,15;V
07/10/2000;1,14;V
08/10/2000;1,14;V
09/10/2000;1,14;V
10/10/2000;1,15;V
11/10/2000;1,15;V
12/10/2000;1,15;V
13/10/2000;1,15;V
14/10/2000;1,16;V
15/10/2000;1,16;V
16/10/2000;1,15;V
17/10/2000;1,16;V
18/10/2000;1,16;V
19/10/2000;1,18;V
20/10/2000;1,18;V
21/10/2000;1,18;V
22/10/2000;1,18;V
23/10/2000;1,18;V
24/10/2000;1,18;V
25/10/2000;1,18;V
26/10/2000;1,20;V
27/10/2000;1,19;V
28/10/2000;1,18;V
29/10/2000;1,19;V
30/10/2000;1,20;V
31/10/2000;1,21;V
01/11/2000;1,20;V
02/11/2000;1,20;V
03/11/2000;1,22;V
04/11/2000;1,21;V
05/11/2000;1,18;V
06/11/2000;1,34;V
07/11/2000;1,47;V
08/11/2000;1,35;V
09/11/2000;1,23;V
10/11/2000;1,22;V
11/11/2000;1,18;V
12/11/2000;1,18;V
13/11/2000;1,20;V
14/11/2000;1,20;V
15/11/2000;1,25;V
16/11/2000;1,27;V
17/11/2000;1,23;V
18/11/2000;1,20;V
19/11/2000;1,20;V
20/11/2000;1,32;V
21/11/2000;1,60;V
22/11/2000;1,42;V
23/11/2000;1,22;V
24/11/2000;1,22;V
25/11/2000;1,21;V
26/11/2000;1,21;V
27/11/2000;1,19;V
28/11/2000;1,18;V
29/11/2000;1,17;V
30/11/2000;1,17;V
01/12/2000;1,17;V
02/12/2000;1,17;V
03/12/2000;1,18;V
04/12/2000;1,18;V
05/12/2000;1,17;V
06/12/2000;1,17;V
07/12/2000;1,18;V
08/12/2000;1,18;V
09/12/2000;1,18;V
10/12/2000;1,18;V
11/12/2000;1,17;V
12/12/2000;1,17;V
13/12/2000;1,17;V
14/12/2000;1,17;V
15/12/2000;1,17;V
16/12/2000;1,17;V
17/12/2000;1,18;V
18/12/2000;1,18;V
19/12/2000;1,18;V
20/12/2000;1,17;V
21/12/2000;1,17;V
22/12/2000;1,16;V
23/12/2000;1,15;V
24/12/2000;1,16;V
25/12/2000;1,33;V
26/12/2000;1,39;V
27/12/2000;1,44;V
28/12/2000;1,60;V
29/12/2000;1,54;V
30/12/2000;1,45;V
31/12/2000;1,37;V
01/01/2002;;@
02/01/2002;;@
03/01/2002;;@
04/01/2002;;@
05/01/2002;;@
06/01/2002;;@
07/01/2002;;@
08/01/2002;;@
09/01/2002;;@
10/01/2002;;@
11/01/2002;;@
12/01/2002;;@
13/01/2002;;@
14/01/2002;;@
15/01/2002;;@
16/01/2002;;@
17/01/2002;;@
18/01/2002;;@
19/01/2002;;@
20/01/2002;;@
21/01/2002;;@
22/01/2002;;@
23/01/2002;;@
24/01/2002;;@
25/01/2002;;@
26/01/2002;;@
27/01/2002;;@
28/01/2002;;@
29/01/2002;;@
30/01/2002;;@
31/01/2002;;@
01/02/2002;;@
02/02/2002;;@
03/02/2002;;@
04/02/2002;;@
05/02/2002;;@
06/02/2002;;@
07/02/2002;;@
08/02/2002;;@
09/02/2002;;@
10/02/2002;;@
11/02/2002;;@
12/02/2002;;@
13/02/2002;;@
14/02/2002;;@
15/02/2002;;@
16/02/2002;;@
17/02/2002;;@
18/02/2002;;@
19/02/2002;;@
20/02/2002;;@
21/02/2002;;@
22/02/2002;;@
23/02/2002;;@
24/02/2002;;@
25/02/2002;;@
26/02/2002;;@
27/02/2002;;@
28/02/2002;;@
01/03/2002;;@
02/03/2002;;@
03/03/2002;;@
04/03/2002;;@
05/03/2002;;@
06/03/2002;;@
07/03/2002;;@
08/03/2002;;@
09/03/2002;;@
10/03/2002;;@
11/03/2002;;@
12/03/2002;;@
13/03/2002;;@
14/03/2002;;@
15/03/2002;;@
16/03/2002;;@
17/03/2002;;@
18/03/2002;;@
19/03/2002;;@
20/03/2002;;@
21/03/2002;;@
22/03/2002;;@
23/03/2002;;@
24/03/2002;;@
25/03/2002;;@
26/03/2002;;@
27/03/2002;;@
28/03/2002;;@
29/03/2002;;@
30/03/2002;;@
31/03/2002;;@
01/04/2002;;@
02/04/2002;0,79;P
03/04/2002;0,79;P
04/04/2002;0,80;P
05/04/2002;0,79;P
06/04/2002;0,79;P
07/04/2002;0,80;P
08/04/2002;0,80;P
09/04/2002;0,80;P
10/04/2002;0,79;P
11/04/2002;0,81;P
12/04/2002;0,83;P
13/04/2002;0,83;P
14/04/2002;0,82;P
15/04/2002;0,80;P
16/04/2002;0,79;P
17/04/2002;0,79;P
18/04/2002;0,79;P
19/04/2002;0,79;P
20/04/2002;0,79;P
21/04/2002;0,80;P
22/04/2002;0,79;P
23/04/2002;0,78;P
24/04/2002;0,79;P
25/04/2002;0,78;P
26/04/2002;0,78;P
27/04/2002;0,80;P
28/04/2002;0,79;P
29/04/2002;0,78;P
30/04/2002;0,78;P
01/05/2002;0,78;P
02/05/2002;0,78;P
03/05/2002;0,80;P
04/05/2002;0,84;P
05/05/2002;0,81;P
06/05/2002;0,80;P
07/05/2002;0,80;P
08/05/2002;0,81;P
09/05/2002;0,85;P
10/05/2002;0,83;P
11/05/2002;0,82;P
12/05/2002;0,81;P
13/05/2002;0,81;P
14/05/2002;0,80;P
15/05/2002;0,80;P
16/05/2002;0,80;P
17/05/2002;0,79;P
18/05/2002;0,79;P
19/05/2002;0,80;P
20/05/2002;0,79;P
21/05/2002;0,79;P
22/05/2002;0,79;P
23/05/2002;0,80;P
24/05/2002;0,80;P
25/05/2002;0,80;P
26/05/2002;0,79;P
27/05/2002;0,80;P
28/05/2002;0,80;P
29/05/2002;0,79;P
30/05/2002;0,79;P
31/05/2002;0,79;P
01/06/2002;0,79;P
02/06/2002;0,79;P
03/06/2002;0,79;P
04/06/2002;0,79;P
05/06/2002;0,80;P
06/06/2002;0,79;P
07/06/2002;0,82;P
08/06/2002;0,81;P
09/06/2002;0,81;P
10/06/2002;0,80;P
11/06/2002;0,81;P
12/06/2002;0,81;P
13/06/2002;0,81;P
14/06/2002;0,81;P
15/06/2002;0,81;P
16/06/2002;0,81;P
17/06/2002;0,81;P
18/06/2002;0,81;P
19/06/2002;0,81;P
20/06/2002;0,81;P
21/06/2002;0,82;P
22/06/2002;0,82;P
23/06/2002;0,81;P
24/06/2002;0,82;P
25/06/2002;0,82;P
26/06/2002;0,80;P
27/06/2002;0,81;P
28/06/2002;0,82;P
29/06/2002;0,81;P
30/06/2002;0,87;P
01/07/2002;0,88;P
02/07/2002;0,88;P
03/07/2002;0,88;P
04/07/2002;0,88;P
05/07/2002;0,89;P
06/07/2002;0,89;P
07/07/2002;0,88;P
08/07/2002;0,88;P
09/07/2002;0,87;P
10/07/2002;0,85;P
11/07/2002;0,87;P
12/07/2002;0,89;P
13/07/2002;0,88;P
14/07/2002;0,89;P
15/07/2002;0,86;P
16/07/2002;0,83;P
17/07/2002;0,83;P
18/07/2002;0,84;P
19/07/2002;0,87;P
20/07/2002;0,87;P
21/07/2002;0,87;P
22/07/2002;0,87;P
23/07/2002;0,89;P
24/07/2002;0,89;P
25/07/2002;0,89;P
26/07/2002;0,88;P
27/07/2002;0,88;P
28/07/2002;0,89;P
29/07/2002;0,90;P
30/07/2002;0,91;P
31/07/2002;0,91;P
01/08/2002;0,88;P
02/08/2002;0,87;P
03/08/2002;0,88;P
04/08/2002;0,89;P
05/08/2002;0,89;P
06/08/2002;0,91;P
07/08/2002;0,84;P
08/08/2002;0,81;P
09/08/2002;0,83;P
10/08/2002;0,81;P
11/08/2002;0,87;P
12/08/2002;0,79;P
13/08/2002;0,80;P
14/08/2002;0,81;P
15/08/2002;0,82;P
16/08/2002;0,81;P
17/08/2002;0,81;P
18/08/2002;0,81;P
19/08/2002;0,81;P
20/08/2002;0,82;P
21/08/2002;0,82;P
22/08/2002;0,83;P
23/08/2002;0,86;P
24/08/2002;0,82;P
25/08/2002;0,84;P
26/08/2002;0,85;P
27/08/2002;0,84;P
28/08/2002;0,83;P
29/08/2002;0,83;P
30/08/2002;0,82;P
31/08/2002;0,82;P
01/09/2002;0,83;P
02/09/2002;0,83;P
03/09/2002;0,82;P
04/09/2002;0,84;P
05/09/2002;0,85;P
06/09/2002;0,86;P
07/09/2002;0,86;P
08/09/2002;0,85;P
09/09/2002;0,85;P
10/09/2002;0,85;P
11/09/2002;0,87;P
12/09/2002;0,87;P
13/09/2002;0,86;P
14/09/2002;0,86;P
15/09/2002;0,86;P
16/09/2002;0,87;P
17/09/2002;0,88;P
18/09/2002;0,92;P
19/09/2002;0,92;P
20/09/2002;0,92;P
21/09/2002;0,93;P
22/09/2002;0,95;P
23/09/2002;0,97;P
24/09/2002;0,88;P
25/09/2002;0,88;P
26/09/2002;0,87;P
27/09/2002;0,87;P
28/09/2002;0,86;P
29/09/2002;0,86;P
30/09/2002;0,86;P
01/10/2002;0,86;P
02/10/2002;0,86;P
03/10/2002;0,89;P
04/10/2002;0,90;P
05/10/2002;0,86;P
06/10/2002;0,86;P
07/10/2002;0,86;P
08/10/2002;0,86;P
09/10/2002;0,87;P
10/10/2002;0,93;P
11/10/2002;0,96;P
12/10/2002;0,90;P
13/10/2002;0,86;P
14/10/2002;0,85;P
15/10/2002;0,85;P
16/10/2002;0,84;P
17/10/2002;0,87;P
18/10/2002;0,88;P
19/10/2002;0,84;P
20/10/2002;0,83;P
21/10/2002;0,86;P
22/10/2002;0,98;P
23/10/2002;0,88;P
24/10/2002;0,85;P
25/10/2002;0,85;P
26/10/2002;0,85;P
27/10/2002;0,84;P
28/10/2002;0,83;P
29/10/2002;0,82;P
30/10/2002;0,83;P
31/10/2002;0,84;P
01/11/2002;0,83;P
02/11/2002;0,84;P
03/11/2002;0,84;P
04/11/2002;0,83;P
05/11/2002;0,82;P
06/11/2002;0,82;P
07/11/2002;0,82;P
08/11/2002;0,81;P
09/11/2002;0,82;P
10/11/2002;0,82;P
11/11/2002;0,82;P
12/11/2002;0,83;P
13/11/2002;0,84;P
14/11/2002;0,84;P
15/11/2002;0,83;P
16/11/2002;0,84;P
17/11/2002;0,84;P
18/11/2002;0,95;P
19/11/2002;0,94;P
20/11/2002;0,92;P
21/11/2002;0,92;P
22/11/2002;1,23;P
23/11/2002;1,27;P
24/11/2002;1,23;P
25/11/2002;1,15;P
26/11/2002;1,04;P
27/11/2002;0,85;P
28/11/2002;0,86;P
29/11/2002;0,89;P
30/11/2002;0,93;P
01/12/2002;0,99;P
02/12/2002;0,99;P
03/12/2002;0,99;P
04/12/2002;0,98;P
05/12/2002;0,97;P
06/12/2002;0,96;P
07/12/2002;0,95;P
08/12/2002;0,94;P
09/12/2002;0,93;P
10/12/2002;0,90;P
11/12/2002;0,86;P
12/12/2002;0,88;P
13/12/2002;0,93;P
14/12/2002;0,92;P
15/12/2002;0,95;P
16/12/2002;0,96;P
17/12/2002;0,96;P
18/12/2002;1,09;P
19/12/2002;1,09;P
20/12/2002;1,06;P
21/12/2002;1,04;P
22/12/2002;1,01;P
23/12/2002;0,97;P
24/12/2002;0,98;P
25/12/2002;0,99;P
26/12/2002;0,98;P
27/12/2002;0,99;P
28/12/2002;1,05;P
29/12/2002;1,05;P
30/12/2002;1,05;P
31/12/2002;1,08;P
01/01/2003;1,08;P
02/01/2003;1,08;P
03/01/2003;1,08;P
04/01/2003;1,08;P
05/01/2003;1,07;P
06/01/2003;1,06;P
07/01/2003;1,07;P
08/01/2003;1,01;P
09/01/2003;1,02;P
10/01/2003;1,00;P
11/01/2003;1,00;P
12/01/2003;0,99;P
13/01/2003;0,98;P
14/01/2003;0,98;P
15/01/2003;0,98;P
16/01/2003;0,99;P
17/01/2003;0,98;P
18/01/2003;0,96;P
19/01/2003;0,96;P
20/01/2003;0,96;P
21/01/2003;0,99;P
22/01/2003;1,05;P
23/01/2003;1,07;P
24/01/2003;1,07;P
25/01/2003;1,06;P
26/01/2003;1,05;P
27/01/2003;1,02;P
28/01/2003;1,01;P
29/01/2003;1,00;P
30/01/2003;0,99;P
31/01/2003;0,99;P
01/02/2003;0,98;P
02/02/2003;0,97;P
03/02/2003;0,97;P
04/02/2003;1,53;P
05/02/2003;1,43;P
06/02/2003;1,16;P
07/02/2003;1,02;P
08/02/2003;1,01;P
09/02/2003;1,01;P
10/02/2003;1,00;P
11/02/2003;1,00;P
12/02/2003;0,97;P
13/02/2003;0,94;P
14/02/2003;0,91;P
15/02/2003;0,90;P
16/02/2003;0,91;P
17/02/2003;0,91;P
18/02/2003;0,89;P
19/02/2003;0,87;P
20/02/2003;0,86;P
21/02/2003;0,85;P
22/02/2003;0,85;P
23/02/2003;0,84;P
24/02/2003;0,84;P
25/02/2003;0,83;P
26/02/2003;0,84;P
27/02/2003;0,84;P
28/02/2003;0,85;P
01/03/2003;0,86;P
02/03/2003;0,86;P
03/03/2003;1,00;P
04/03/2003;0,91;P
05/03/2003;0,95;P
06/03/2003;0,94;P
07/03/2003;0,94;P
08/03/2003;0,93;P
09/03/2003;0,92;P
10/03/2003;0,91;P
11/03/2003;0,90;P
12/03/2003;0,91;P
13/03/2003;0,90;P
14/03/2003;0,88;P
15/03/2003;0,88;P
16/03/2003;0,88;P
17/03/2003;0,87;P
18/03/2003;0,87;P
19/03/2003;0,87;P
20/03/2003;0,86;P
21/03/2003;0,86;P
22/03/2003;0,86;P
23/03/2003;0,86;P
24/03/2003;0,85;P
25/03/2003;0,85;P
26/03/2003;0,85;P
27/03/2003;0,85;P
28/03/2003;0,85;P
29/03/2003;0,85;P
30/03/2003;0,85;P
31/03/2003;0,85;P
01/04/2003;0,83;P
02/04/2003;0,86;P
03/04/2003;0,92;P
04/04/2003;0,95;P
05/04/2003;0,91;P
06/04/2003;0,89;P
07/04/2003;0,88;P
08/04/2003;0,86;P
09/04/2003;0,86;P
10/04/2003;0,89;P
11/04/2003;0,96;P
12/04/2003;1,19;P
13/04/2003;1,09;P
14/04/2003;1,00;P
15/04/2003;0,97;P
16/04/2003;0,93;P
17/04/2003;0,91;P
18/04/2003;0,90;P
19/04/2003;0,89;P
20/04/2003;0,89;P
21/04/2003;0,93;P
22/04/2003;0,90;P
23/04/2003;0,90;P
24/04/2003;0,89;P
25/04/2003;0,89;P
26/04/2003;0,88;P
27/04/2003;0,89;P
28/04/2003;0,86;P
29/04/2003;0,86;P
30/04/2003;0,86;P
01/05/2003;0,87;P
02/05/2003;0,86;P
03/05/2003;0,84;P
04/05/2003;0,84;P
05/05/2003;0,84;P
06/05/2003;0,83;P
07/05/2003;0,83;P
08/05/2003;0,83;P
09/05/2003;0,83;P
10/05/2003;0,82;P
11/05/2003;0,85;P
12/05/2003;0,87;P
13/05/2003;0,85;P
14/05/2003;0,84;P
15/05/2003;0,82;P
16/05/2003;0,79;P
17/05/2003;0,80;P
18/05/2003;0,81;P
19/05/2003;0,83;P
20/05/2003;0,80;P
21/05/2003;0,81;P
22/05/2003;0,83;P
23/05/2003;0,83;P
24/05/2003;0,83;P
25/05/2003;0,83;P
26/05/2003;0,84;P
27/05/2003;0,84;P
28/05/2003;0,84;P
29/05/2003;0,83;P
30/05/2003;0,85;P
31/05/2003;0,84;P
01/06/2003;0,84;P
02/06/2003;0,84;P
03/06/2003;0,84;P
04/06/2003;0,84;P
05/06/2003;0,83;P
06/06/2003;0,84;P
07/06/2003;0,84;P
08/06/2003;0,84;P
09/06/2003;0,84;P
10/06/2003;0,83;P
11/06/2003;0,84;P
12/06/2003;0,84;P
13/06/2003;0,84;P
14/06/2003;0,84;P
15/06/2003;0,85;P
16/06/2003;0,85;P
17/06/2003;0,85;P
18/06/2003;0,84;P
19/06/2003;0,84;P
20/06/2003;0,84;P
21/06/2003;0,84;P
22/06/2003;0,84;P
23/06/2003;0,84;P
24/06/2003;0,84;P
25/06/2003;0,84;P
26/06/2003;0,84;P
27/06/2003;0,85;P
28/06/2003;0,85;P
29/06/2003;0,84;P
30/06/2003;0,85;P
01/07/2003;0,85;P
02/07/2003;0,86;P
03/07/2003;0,87;P
04/07/2003;0,91;P
05/07/2003;0,95;P
06/07/2003;0,95;P
07/07/2003;0,95;P
08/07/2003;0,95;P
09/07/2003;0,95;P
10/07/2003;0,95;P
11/07/2003;0,96;P
12/07/2003;0,97;P
13/07/2003;0,96;P
14/07/2003;0,96;P
15/07/2003;0,95;P
16/07/2003;0,95;P
17/07/2003;0,93;P
18/07/2003;0,92;P
19/07/2003;0,92;P
20/07/2003;0,92;P
21/07/2003;0,93;P
22/07/2003;0,93;P
23/07/2003;0,93;P
24/07/2003;0,94;P
25/07/2003;0,94;P
26/07/2003;0,92;P
27/07/2003;0,92;P
28/07/2003;0,92;P
29/07/2003;0,92;P
30/07/2003;0,92;P
31/07/2003;0,92;P
01/08/2003;0,92;P
02/08/2003;0,91;P
03/08/2003;0,91;P
04/08/2003;0,91;P
05/08/2003;0,91;P
06/08/2003;0,91;P
07/08/2003;0,91;P
08/08/2003;0,90;P
09/08/2003;0,89;P
10/08/2003;0,90;P
11/08/2003;0,91;P
12/08/2003;0,91;P
13/08/2003;0,91;P
14/08/2003;0,91;P
15/08/2003;0,91;P
16/08/2003;0,90;P
17/08/2003;0,90;P
18/08/2003;0,90;P
19/08/2003;0,90;P
20/08/2003;0,90;P
21/08/2003;0,89;P
22/08/2003;0,88;P
23/08/2003;0,89;P
24/08/2003;0,88;P
25/08/2003;0,88;P
26/08/2003;0,88;P
27/08/2003;0,88;P
28/08/2003;0,88;P
29/08/2003;0,89;P
30/08/2003;0,88;P
31/08/2003;0,88;P
01/09/2003;0,88;P
02/09/2003;0,88;P
03/09/2003;0,87;P
04/09/2003;0,87;P
05/09/2003;0,87;P
06/09/2003;0,88;P
07/09/2003;0,88;P
08/09/2003;0,88;P
09/09/2003;0,89;P
10/09/2003;0,88;P
11/09/2003;0,88;P
12/09/2003;0,87;P
13/09/2003;0,88;P
14/09/2003;0,88;P
15/09/2003;0,87;P
16/09/2003;0,87;P
17/09/2003;0,87;P
18/09/2003;0,88;P
19/09/2003;0,89;P
20/09/2003;0,89;P
21/09/2003;0,89;P
22/09/2003;0,89;P
23/09/2003;0,90;P
24/09/2003;0,91;P
25/09/2003;0,89;P
26/09/2003;0,89;P
27/09/2003;0,89;P
28/09/2003;0,90;P
29/09/2003;0,90;P
30/09/2003;0,90;P
01/10/2003;0,90;P
02/10/2003;0,90;P
03/10/2003;0,90;P
04/10/2003;0,89;P
05/10/2003;0,89;P
06/10/2003;0,88;P
07/10/2003;0,87;P
08/10/2003;0,86;P
09/10/2003;0,86;P
10/10/2003;0,87;P
11/10/2003;0,87;P
12/10/2003;0,87;P
13/10/2003;0,87;P
14/10/2003;0,88;P
15/10/2003;0,88;P
16/10/2003;0,88;P
17/10/2003;0,88;P
18/10/2003;0,88;P
19/10/2003;0,89;P
20/10/2003;0,89;P
21/10/2003;0,85;P
22/10/2003;0,81;P
23/10/2003;0,81;P
24/10/2003;0,81;P
25/10/2003;0,80;P
26/10/2003;0,80;P
27/10/2003;0,85;P
28/10/2003;0,85;P
29/10/2003;0,84;P
30/10/2003;0,83;P
31/10/2003;0,82;P
01/11/2003;0,91;P
02/11/2003;0,85;P
03/11/2003;0,82;P
04/11/2003;0,81;P
05/11/2003;0,81;P
06/11/2003;0,80;P
07/11/2003;0,81;P
08/11/2003;0,85;P
09/11/2003;0,83;P
10/11/2003;0,81;P
11/11/2003;0,81;P
12/11/2003;0,81;P
13/11/2003;0,80;P
14/11/2003;0,81;P
15/11/2003;0,82;P
16/11/2003;0,83;P
17/11/2003;0,83;P
18/11/2003;0,83;P
19/11/2003;0,83;P
20/11/2003;0,82;P
21/11/2003;0,82;P
22/11/2003;0,82;P
23/11/2003;0,82;P
24/11/2003;0,83;P
25/11/2003;0,83;P
26/11/2003;0,97;P
27/11/2003;0,94;P
28/11/2003;0,97;P
29/11/2003;0,88;P
30/11/2003;0,85;P
01/12/2003;0,85;P
02/12/2003;0,84;P
03/12/2003;0,84;P
04/12/2003;0,84;P
05/12/2003;0,83;P
06/12/2003;0,83;P
07/12/2003;0,82;P
08/12/2003;0,82;P
09/12/2003;0,82;P
10/12/2003;0,83;P
11/12/2003;0,85;P
12/12/2003;0,84;P
13/12/2003;0,83;P
14/12/2003;0,83;P
15/12/2003;0,82;P
16/12/2003;0,81;P
17/12/2003;0,81;P
18/12/2003;0,81;P
19/12/2003;0,82;P
20/12/2003;0,81;P
21/12/2003;0,90;P
22/12/2003;0,89;P
23/12/2003;0,84;P
24/12/2003;0,83;P
25/12/2003;0,83;P
26/12/2003;0,82;P
27/12/2003;0,82;P
28/12/2003;0,84;P
29/12/2003;0,90;P
30/12/2003;0,91;P
31/12/2003;0,90;P
01/01/2004;0,86;P
02/01/2004;0,85;P
03/01/2004;0,84;P
04/01/2004;0,83;P
05/01/2004;0,83;P
06/01/2004;0,83;P
07/01/2004;0,83;P
08/01/2004;0,83;P
09/01/2004;0,84;P
10/01/2004;0,83;P
11/01/2004;0,83;P
12/01/2004;0,84;P
13/01/2004;0,85;P
14/01/2004;0,84;P
15/01/2004;0,84;P
16/01/2004;0,84;P
17/01/2004;1,07;P
18/01/2004;1,55;P
19/01/2004;1,40;P
20/01/2004;1,17;P
21/01/2004;1,07;P
22/01/2004;1,03;P
23/01/2004;0,99;P
24/01/2004;0,95;P
25/01/2004;0,94;P
26/01/2004;0,93;P
27/01/2004;0,93;P
28/01/2004;0,93;P
29/01/2004;0,93;P
30/01/2004;0,91;P
31/01/2004;0,91;P
01/02/2004;0,91;P
02/02/2004;0,93;P
03/02/2004;0,97;P
04/02/2004;0,97;P
05/02/2004;0,97;P
06/02/2004;0,96;P
07/02/2004;0,96;P
08/02/2004;0,97;P
09/02/2004;0,96;P
10/02/2004;0,95;P
11/02/2004;0,95;P
12/02/2004;0,90;P
13/02/2004;0,87;P
14/02/2004;0,88;P
15/02/2004;0,88;P
16/02/2004;0,88;P
17/02/2004;0,88;P
18/02/2004;0,89;P
19/02/2004;1,00;P
20/02/2004;1,00;P
21/02/2004;1,02;P
22/02/2004;1,30;P
23/02/2004;1,66;P
24/02/2004;1,41;P
25/02/2004;1,13;P
26/02/2004;1,08;P
27/02/2004;1,15;P
28/02/2004;1,14;P
29/02/2004;1,11;P
01/03/2004;1,09;P
02/03/2004;1,05;P
03/03/2004;1,00;P
04/03/2004;0,98;P
05/03/2004;0,98;P
06/03/2004;0,99;P
07/03/2004;1,06;P
08/03/2004;1,05;P
09/03/2004;1,02;P
10/03/2004;1,01;P
11/03/2004;1,02;P
12/03/2004;1,03;P
13/03/2004;1,02;P
14/03/2004;1,01;P
15/03/2004;1,00;P
16/03/2004;0,98;P
17/03/2004;0,96;P
18/03/2004;0,96;P
19/03/2004;0,94;P
20/03/2004;0,92;P
21/03/2004;0,93;P
22/03/2004;0,92;P
23/03/2004;0,93;P
24/03/2004;0,93;P
25/03/2004;0,92;P
26/03/2004;0,92;P
27/03/2004;0,91;P
28/03/2004;0,90;P
29/03/2004;0,87;P
30/03/2004;0,83;P
31/03/2004;0,83;P
01/04/2004;0,83;P
02/04/2004;0,83;P
03/04/2004;0,83;P
04/04/2004;0,83;P
05/04/2004;0,83;P
06/04/2004;0,83;P
07/04/2004;0,84;P
08/04/2004;0,83;P
09/04/2004;0,84;P
10/04/2004;0,83;P
11/04/2004;0,83;P
12/04/2004;0,84;P
13/04/2004;0,84;P
14/04/2004;0,84;P
15/04/2004;0,85;P
16/04/2004;0,87;P
17/04/2004;0,97;P
18/04/2004;0,97;P
19/04/2004;0,95;P
20/04/2004;1,00;P
21/04/2004;0,97;P
22/04/2004;0,93;P
23/04/2004;0,91;P
24/04/2004;0,91;P
25/04/2004;0,92;P
26/04/2004;0,90;P
27/04/2004;0,88;P
28/04/2004;0,88;P
29/04/2004;0,87;P
30/04/2004;0,88;P
01/05/2004;0,87;P
02/05/2004;0,87;P
03/05/2004;0,87;P
04/05/2004;0,96;P
05/05/2004;1,24;P
06/05/2004;1,50;P
07/05/2004;1,37;P
08/05/2004;1,32;P
09/05/2004;1,20;P
10/05/2004;1,00;P
11/05/2004;0,93;P
12/05/2004;0,95;P
13/05/2004;0,94;P
14/05/2004;0,91;P
15/05/2004;0,89;P
16/05/2004;0,89;P
17/05/2004;0,87;P
18/05/2004;0,87;P
19/05/2004;0,86;P
20/05/2004;0,85;P
21/05/2004;0,85;P
22/05/2004;0,85;P
23/05/2004;0,84;P
24/05/2004;0,82;P
25/05/2004;0,82;P
26/05/2004;0,82;P
27/05/2004;0,82;P
28/05/2004;0,82;P
29/05/2004;0,83;P
30/05/2004;0,82;P
31/05/2004;0,82;P
01/06/2004;0,84;P
02/06/2004;0,84;P
03/06/2004;0,84;P
04/06/2004;0,83;P
05/06/2004;0,82;P
06/06/2004;0,82;P
07/06/2004;0,81;P
08/06/2004;0,81;P
09/06/2004;0,81;P
10/06/2004;0,81;P
11/06/2004;0,80;P
12/06/2004;0,80;P
13/06/2004;0,79;P
14/06/2004;0,81;P
15/06/2004;0,82;P
16/06/2004;0,82;P
17/06/2004;0,82;P
18/06/2004;0,82;P
19/06/2004;0,82;P
20/06/2004;0,83;P
21/06/2004;0,82;P
22/06/2004;0,81;P
23/06/2004;0,82;P
24/06/2004;0,81;P
25/06/2004;0,81;P
26/06/2004;0,82;P
27/06/2004;0,82;P
28/06/2004;0,82;P
29/06/2004;0,82;P
30/06/2004;0,83;P
01/07/2004;0,82;P
02/07/2004;0,82;P
03/07/2004;0,81;P
04/07/2004;0,82;P
05/07/2004;0,83;P
06/07/2004;0,86;P
07/07/2004;0,85;P
08/07/2004;0,86;P
09/07/2004;0,87;P
10/07/2004;0,87;P
11/07/2004;0,87;P
12/07/2004;0,88;P
13/07/2004;0,89;P
14/07/2004;0,88;P
15/07/2004;0,89;P
16/07/2004;0,88;P
17/07/2004;0,89;P
18/07/2004;0,89;P
19/07/2004;0,90;P
20/07/2004;0,90;P
21/07/2004;0,90;P
22/07/2004;0,90;P
23/07/2004;0,90;P
24/07/2004;0,91;P
25/07/2004;0,91;P
26/07/2004;0,90;P
27/07/2004;0,90;P
28/07/2004;0,89;P
29/07/2004;0,90;P
30/07/2004;0,91;P
31/07/2004;0,92;P
01/08/2004;0,93;P
02/08/2004;0,93;P
03/08/2004;0,93;P
04/08/2004;0,93;P
05/08/2004;0,93;P
06/08/2004;0,92;P
07/08/2004;0,92;P
08/08/2004;0,92;P
09/08/2004;0,92;P
10/08/2004;0,92;P
11/08/2004;0,92;P
12/08/2004;0,92;P
13/08/2004;0,92;P
14/08/2004;0,91;P
15/08/2004;0,92;P
16/08/2004;0,92;P
17/08/2004;0,92;P
18/08/2004;0,93;P
19/08/2004;0,94;P
20/08/2004;0,94;P
21/08/2004;0,93;P
22/08/2004;0,93;P
23/08/2004;0,94;P
24/08/2004;0,94;P
25/08/2004;0,94;P
26/08/2004;0,94;P
27/08/2004;0,95;P
28/08/2004;0,95;P
29/08/2004;0,95;P
30/08/2004;0,95;P
31/08/2004;0,95;P
01/09/2004;0,94;P
02/09/2004;0,95;P
03/09/2004;0,95;P
04/09/2004;0,95;P
05/09/2004;0,95;P
06/09/2004;0,95;P
07/09/2004;0,95;P
08/09/2004;0,95;P
09/09/2004;0,96;P
10/09/2004;0,95;P
11/09/2004;0,95;P
12/09/2004;0,95;P
13/09/2004;0,95;P
14/09/2004;0,96;P
15/09/2004;0,94;P
16/09/2004;0,91;P
17/09/2004;0,88;P
18/09/2004;0,88;P
19/09/2004;0,88;P
20/09/2004;0,90;P
21/09/2004;0,92;P
22/09/2004;0,91;P
23/09/2004;0,92;P
24/09/2004;0,92;P
25/09/2004;0,90;P
26/09/2004;0,91;P
27/09/2004;0,91;P
28/09/2004;0,91;P
29/09/2004;0,92;P
30/09/2004;0,93;P
01/10/2004;0,93;P
02/10/2004;0,93;P
03/10/2004;0,93;P
04/10/2004;0,92;P
05/10/2004;0,92;P
06/10/2004;0,91;P
07/10/2004;0,90;P
08/10/2004;0,88;P
09/10/2004;0,92;P
10/10/2004;0,93;P
11/10/2004;0,89;P
12/10/2004;0,87;P
13/10/2004;0,86;P
14/10/2004;0,87;P
15/10/2004;0,87;P
16/10/2004;0,85;P
17/10/2004;0,86;P
18/10/2004;0,84;P
19/10/2004;0,83;P
20/10/2004;0,84;P
21/10/2004;0,83;P
22/10/2004;0,83;P
23/10/2004;0,83;P
24/10/2004;0,82;P
25/10/2004;0,82;P
26/10/2004;0,83;P
27/10/2004;0,83;P
28/10/2004;0,83;P
29/10/2004;0,85;P
30/10/2004;0,84;P
31/10/2004;0,86;P
01/11/2004;0,85;P
02/11/2004;0,84;P
03/11/2004;0,83;P
04/11/2004;0,83;P
05/11/2004;0,82;P
06/11/2004;0,83;P
07/11/2004;0,82;P
08/11/2004;0,82;P
09/11/2004;0,82;P
10/11/2004;0,85;P
11/11/2004;0,84;P
12/11/2004;0,86;P
13/11/2004;0,84;P
14/11/2004;0,83;P
15/11/2004;0,83;P
16/11/2004;0,82;P
17/11/2004;0,82;P
18/11/2004;0,83;P
19/11/2004;0,83;P
20/11/2004;0,81;P
21/11/2004;0,81;P
22/11/2004;0,82;P
23/11/2004;0,83;P
24/11/2004;0,83;P
25/11/2004;0,82;P
26/11/2004;0,83;P
27/11/2004;0,84;P
28/11/2004;0,83;P
29/11/2004;0,84;P
30/11/2004;0,86;P
01/12/2004;0,85;P
02/12/2004;0,88;P
03/12/2004;0,89;P
04/12/2004;0,92;P
05/12/2004;0,93;P
06/12/2004;0,89;P
07/12/2004;0,86;P
08/12/2004;0,85;P
09/12/2004;0,85;P
10/12/2004;0,83;P
11/12/2004;0,83;P
12/12/2004;0,82;P
13/12/2004;0,82;P
14/12/2004;0,82;P
15/12/2004;0,82;P
16/12/2004;0,83;P
17/12/2004;0,83;P
18/12/2004;0,82;P
19/12/2004;0,82;P
20/12/2004;0,83;P
21/12/2004;0,82;P
22/12/2004;0,82;P
23/12/2004;0,82;P
24/12/2004;0,83;P
25/12/2004;0,83;P
26/12/2004;0,88;P
27/12/2004;0,89;P
28/12/2004;0,87;P
29/12/2004;0,86;P
30/12/2004;0,85;P
31/12/2004;0,84;P
01/01/2005;0,83;P
02/01/2005;0,83;P
03/01/2005;0,83;P
04/01/2005;0,83;P
05/01/2005;0,84;P
06/01/2005;0,83;P
07/01/2005;0,83;P
08/01/2005;0,84;P
09/01/2005;0,84;P
10/01/2005;0,84;P
11/01/2005;0,83;P
12/01/2005;0,82;P
13/01/2005;0,82;P
14/01/2005;0,82;P
15/01/2005;0,82;P
16/01/2005;0,81;P
17/01/2005;0,82;P
18/01/2005;0,83;P
19/01/2005;0,91;P
20/01/2005;0,86;P
21/01/2005;0,85;P
22/01/2005;0,84;P
23/01/2005;0,83;P
24/01/2005;0,84;P
25/01/2005;0,83;P
26/01/2005;0,83;P
27/01/2005;0,83;P
28/01/2005;0,83;P
29/01/2005;0,83;P
30/01/2005;0,83;P
31/01/2005;0,82;P
01/02/2005;0,82;P
02/02/2005;0,82;P
03/02/2005;0,82;P
04/02/2005;0,82;P
05/02/2005;0,81;P
06/02/2005;0,81;P
07/02/2005;0,81;P
08/02/2005;0,81;P
09/02/2005;0,81;P
10/02/2005;0,81;P
11/02/2005;0,81;P
12/02/2005;0,82;P
13/02/2005;0,82;P
14/02/2005;0,82;P
15/02/2005;0,81;P
16/02/2005;0,81;P
17/02/2005;0,81;P
18/02/2005;0,81;P
19/02/2005;0,81;P
20/02/2005;0,82;P
21/02/2005;0,82;P
22/02/2005;0,82;P
23/02/2005;0,82;P
24/02/2005;0,82;P
25/02/2005;0,83;P
26/02/2005;0,83;P
27/02/2005;0,83;P
28/02/2005;0,83;P
01/03/2005;0,82;P
02/03/2005;0,82;P
03/03/2005;0,82;P
04/03/2005;0,82;P
05/03/2005;0,83;P
06/03/2005;0,84;P
07/03/2005;0,84;P
08/03/2005;0,83;P
09/03/2005;0,83;P
10/03/2005;0,83;P
11/03/2005;0,84;P
12/03/2005;0,85;P
13/03/2005;0,86;P
14/03/2005;0,86;P
15/03/2005;0,84;P
16/03/2005;0,83;P
17/03/2005;0,83;P
18/03/2005;0,83;P
19/03/2005;0,83;P
20/03/2005;0,84;P
21/03/2005;0,84;P
22/03/2005;0,84;P
23/03/2005;0,83;P
24/03/2005;0,83;P
25/03/2005;0,85;P
26/03/2005;0,84;P
27/03/2005;0,96;P
28/03/2005;1,09;P
29/03/2005;1,03;P
30/03/2005;0,96;P
31/03/2005;0,93;P
01/04/2005;0,90;P
02/04/2005;0,89;P
03/04/2005;0,88;P
04/04/2005;0,85;P
05/04/2005;0,83;P
06/04/2005;0,84;P
07/04/2005;0,84;P
08/04/2005;0,85;P
09/04/2005;0,88;P
10/04/2005;0,90;P
11/04/2005;1,07;P
12/04/2005;1,03;P
13/04/2005;0,96;P
14/04/2005;0,92;P
15/04/2005;0,89;P
16/04/2005;0,92;P
17/04/2005;0,96;P
18/04/2005;0,92;P
19/04/2005;0,91;P
20/04/2005;1,16;P
21/04/2005;1,23;P
22/04/2005;1,07;P
23/04/2005;1,00;P
24/04/2005;0,95;P
25/04/2005;0,93;P
26/04/2005;0,91;P
27/04/2005;0,89;P
28/04/2005;0,87;P
29/04/2005;0,87;P
30/04/2005;0,87;P
01/05/2005;0,87;P
02/05/2005;0,84;P
03/05/2005;0,84;P
04/05/2005;0,84;P
05/05/2005;0,83;P
06/05/2005;0,82;P
07/05/2005;0,82;P
08/05/2005;0,82;P
09/05/2005;0,81;P
10/05/2005;0,81;P
11/05/2005;0,82;P
12/05/2005;0,81;P
13/05/2005;0,80;P
14/05/2005;0,82;P
15/05/2005;0,82;P
16/05/2005;0,80;P
17/05/2005;0,81;P
18/05/2005;0,86;P
19/05/2005;0,85;P
20/05/2005;0,83;P
21/05/2005;0,82;P
22/05/2005;0,81;P
23/05/2005;0,81;P
24/05/2005;0,80;P
25/05/2005;0,79;P
26/05/2005;0,78;P
27/05/2005;0,78;P
28/05/2005;0,78;P
29/05/2005;0,78;P
30/05/2005;0,78;P
31/05/2005;0,77;P
01/06/2005;0,79;P
02/06/2005;0,81;P
03/06/2005;0,81;P
04/06/2005;0,81;P
05/06/2005;0,81;P
06/06/2005;0,80;P
07/06/2005;0,81;P
08/06/2005;0,80;P
09/06/2005;0,80;P
10/06/2005;0,80;P
11/06/2005;0,81;P
12/06/2005;0,81;P
13/06/2005;0,81;P
14/06/2005;0,82;P
15/06/2005;0,82;P
16/06/2005;0,81;P
17/06/2005;0,81;P
18/06/2005;0,80;P
19/06/2005;0,81;P
20/06/2005;0,80;P
21/06/2005;0,80;P
22/06/2005;0,81;P
23/06/2005;0,81;P
24/06/2005;0,81;P
25/06/2005;0,80;P
26/06/2005;0,81;P
27/06/2005;0,81;P
28/06/2005;0,81;P
29/06/2005;0,81;P
30/06/2005;0,81;P
01/07/2005;0,81;P
02/07/2005;0,80;P
03/07/2005;0,80;P
04/07/2005;0,80;P
05/07/2005;0,82;P
06/07/2005;0,83;P
07/07/2005;0,84;P
08/07/2005;0,84;P
09/07/2005;0,83;P
10/07/2005;0,84;P
11/07/2005;0,83;P
12/07/2005;0,83;P
13/07/2005;0,84;P
14/07/2005;0,83;P
15/07/2005;0,83;P
16/07/2005;0,83;P
17/07/2005;0,83;P
18/07/2005;0,84;P
19/07/2005;0,86;P
20/07/2005;0,87;P
21/07/2005;0,87;P
22/07/2005;0,87;P
23/07/2005;0,87;P
24/07/2005;0,87;P
25/07/2005;0,87;P
26/07/2005;0,87;P
27/07/2005;0,87;P
28/07/2005;0,87;P
29/07/2005;0,87;P
30/07/2005;0,87;P
31/07/2005;0,87;P
01/08/2005;0,87;P
02/08/2005;0,88;P
03/08/2005;0,89;P
04/08/2005;0,89;P
05/08/2005;0,88;P
06/08/2005;0,88;P
07/08/2005;0,88;P
08/08/2005;0,88;P
09/08/2005;0,88;P
10/08/2005;0,89;P
11/08/2005;0,89;P
12/08/2005;0,88;P
13/08/2005;0,87;P
14/08/2005;0,87;P
15/08/2005;0,87;P
16/08/2005;0,86;P
17/08/2005;0,87;P
18/08/2005;0,88;P
19/08/2005;0,88;P
20/08/2005;0,88;P
21/08/2005;0,88;P
22/08/2005;0,88;P
23/08/2005;0,88;P
24/08/2005;0,88;P
25/08/2005;0,88;P
26/08/2005;0,88;P
27/08/2005;0,88;P
28/08/2005;0,89;P
29/08/2005;0,88;P
30/08/2005;0,88;P
31/08/2005;0,88;P
01/09/2005;0,88;P
02/09/2005;0,88;P
03/09/2005;0,89;P
04/09/2005;0,88;P
05/09/2005;0,88;P
06/09/2005;0,88;P
07/09/2005;0,88;P
08/09/2005;0,89;P
09/09/2005;0,89;P
10/09/2005;0,88;P
11/09/2005;0,88;P
12/09/2005;0,88;P
13/09/2005;0,87;P
14/09/2005;0,88;P
15/09/2005;0,88;P
16/09/2005;0,88;P
17/09/2005;0,88;P
18/09/2005;0,89;P
19/09/2005;0,88;P
20/09/2005;0,88;P
21/09/2005;0,88;P
22/09/2005;0,88;P
23/09/2005;0,88;P
24/09/2005;0,87;P
25/09/2005;0,87;P
26/09/2005;0,87;P
27/09/2005;0,86;P
28/09/2005;0,85;P
29/09/2005;0,80;P
30/09/2005;0,78;P
01/10/2005;0,77;P
02/10/2005;0,78;P
03/10/2005;0,78;P
04/10/2005;0,77;P
05/10/2005;0,79;P
06/10/2005;0,78;P
07/10/2005;0,78;P
08/10/2005;0,79;P
09/10/2005;0,78;P
10/10/2005;0,78;P
11/10/2005;0,78;P
12/10/2005;0,77;P
13/10/2005;0,77;P
14/10/2005;0,78;P
15/10/2005;0,77;P
16/10/2005;0,77;P
17/10/2005;0,76;P
18/10/2005;0,77;P
19/10/2005;0,77;P
20/10/2005;0,86;P
21/10/2005;0,81;P
22/10/2005;0,81;P
23/10/2005;0,81;P
24/10/2005;0,80;P
25/10/2005;0,80;P
26/10/2005;0,80;P
27/10/2005;0,80;P
28/10/2005;0,79;P
29/10/2005;0,79;P
30/10/2005;0,79;P
31/10/2005;0,80;P
01/11/2005;0,81;P
02/11/2005;0,81;P
03/11/2005;0,80;P
04/11/2005;0,80;P
05/11/2005;0,81;P
06/11/2005;1,06;P
07/11/2005;0,87;P
08/11/2005;0,83;P
09/11/2005;0,81;P
10/11/2005;0,81;P
11/11/2005;0,80;P
12/11/2005;0,80;P
13/11/2005;0,80;P
14/11/2005;0,80;P
15/11/2005;0,81;P
16/11/2005;0,81;P
17/11/2005;0,81;P
18/11/2005;0,80;P
19/11/2005;0,80;P
20/11/2005;0,79;P
21/11/2005;0,80;P
22/11/2005;0,81;P
23/11/2005;0,80;P
24/11/2005;0,80;P
25/11/2005;0,85;P
26/11/2005;1,03;P
27/11/2005;0,92;P
28/11/2005;0,91;P
29/11/2005;0,92;P
30/11/2005;0,96;P
01/12/2005;0,96;P
02/12/2005;0,96;P
03/12/2005;1,01;P
04/12/2005;0,98;P
05/12/2005;1,07;P
06/12/2005;1,18;P
07/12/2005;1,13;P
08/12/2005;1,05;P
09/12/2005;1,10;P
10/12/2005;1,07;P
11/12/2005;1,01;P
12/12/2005;0,99;P
13/12/2005;0,99;P
14/12/2005;0,97;P
15/12/2005;0,96;P
16/12/2005;0,91;P
17/12/2005;0,87;P
18/12/2005;0,87;P
19/12/2005;0,87;P
20/12/2005;0,87;P
21/12/2005;0,86;P
22/12/2005;0,86;P
23/12/2005;0,86;P
24/12/2005;0,86;P
25/12/2005;0,87;P
26/12/2005;0,88;P
27/12/2005;0,94;P
28/12/2005;0,95;P
29/12/2005;0,93;P
30/12/2005;0,92;P
31/12/2005;0,94;P
01/01/2006;1,17;P
02/01/2006;1,19;P
03/01/2006;1,07;P
04/01/2006;1,01;P
05/01/2006;0,98;P
06/01/2006;0,96;P
07/01/2006;0,94;P
08/01/2006;0,93;P
09/01/2006;0,91;P
10/01/2006;0,88;P
11/01/2006;0,83;P
12/01/2006;0,84;P
13/01/2006;0,85;P
14/01/2006;0,85;P
15/01/2006;0,85;P
16/01/2006;0,85;P
17/01/2006;0,94;P
18/01/2006;1,52;P
19/01/2006;1,31;P
20/01/2006;1,10;P
21/01/2006;1,04;P
22/01/2006;1,01;P
23/01/2006;0,98;P
24/01/2006;0,95;P
25/01/2006;0,93;P
26/01/2006;0,92;P
27/01/2006;0,92;P
28/01/2006;0,92;P
29/01/2006;0,92;P
30/01/2006;0,93;P
31/01/2006;0,92;P
01/02/2006;0,91;P
02/02/2006;0,89;P
03/02/2006;0,89;P
04/02/2006;0,89;P
05/02/2006;0,89;P
06/02/2006;0,87;P
07/02/2006;0,83;P
08/02/2006;0,85;P
09/02/2006;0,85;P
10/02/2006;0,85;P
11/02/2006;0,85;P
12/02/2006;0,85;P
13/02/2006;0,85;P
14/02/2006;0,85;P
15/02/2006;0,85;P
16/02/2006;0,88;P
17/02/2006;0,94;P
18/02/2006;0,95;P
19/02/2006;0,95;P
20/02/2006;1,05;P
21/02/2006;1,06;P
22/02/2006;1,10;P
23/02/2006;1,08;P
24/02/2006;1,02;P
25/02/2006;1,02;P
26/02/2006;1,00;P
27/02/2006;0,98;P
28/02/2006;0,96;P
01/03/2006;0,95;P
02/03/2006;0,91;P
03/03/2006;0,99;P
04/03/2006;1,07;P
05/03/2006;1,22;P
06/03/2006;1,27;P
07/03/2006;1,12;P
08/03/2006;1,07;P
09/03/2006;1,02;P
10/03/2006;1,03;P
11/03/2006;1,11;P
12/03/2006;1,08;P
13/03/2006;1,04;P
14/03/2006;1,01;P
15/03/2006;0,91;P
16/03/2006;0,89;P
17/03/2006;0,87;P
18/03/2006;0,88;P
19/03/2006;0,88;P
20/03/2006;0,89;P
21/03/2006;0,93;P
22/03/2006;0,98;P
23/03/2006;0,93;P
24/03/2006;0,95;P
25/03/2006;0,96;P
26/03/2006;0,89;P
27/03/2006;0,91;P
28/03/2006;0,92;P
29/03/2006;0,93;P
30/03/2006;0,93;P
31/03/2006;0,89;P
01/04/2006;0,81;P
02/04/2006;0,83;P
03/04/2006;0,85;P
04/04/2006;0,78;P
05/04/2006;0,80;P
06/04/2006;0,82;P
07/04/2006;0,83;P
08/04/2006;0,84;P
09/04/2006;0,84;P
10/04/2006;0,85;P
11/04/2006;0,84;P
12/04/2006;0,83;P
13/04/2006;0,83;P
14/04/2006;0,83;P
15/04/2006;0,83;P
16/04/2006;0,83;P
17/04/2006;0,83;P
18/04/2006;0,83;P
19/04/2006;0,82;P
20/04/2006;0,82;P
21/04/2006;0,82;P
22/04/2006;0,82;P
23/04/2006;0,81;P
24/04/2006;0,81;P
25/04/2006;0,81;P
26/04/2006;0,82;P
27/04/2006;0,81;P
28/04/2006;0,82;P
29/04/2006;0,82;P
30/04/2006;0,84;P
01/05/2006;0,83;P
02/05/2006;0,82;P
03/05/2006;0,81;P
04/05/2006;0,80;P
05/05/2006;0,79;P
06/05/2006;0,79;P
07/05/2006;0,79;P
08/05/2006;0,79;P
09/05/2006;1,01;P
10/05/2006;0,99;P
11/05/2006;0,91;P
12/05/2006;0,88;P
13/05/2006;0,81;P
14/05/2006;0,81;P
15/05/2006;0,83;P
16/05/2006;0,85;P
17/05/2006;0,80;P
18/05/2006;0,80;P
19/05/2006;0,82;P
20/05/2006;0,81;P
21/05/2006;0,80;P
22/05/2006;0,79;P
23/05/2006;0,80;P
24/05/2006;0,80;P
25/05/2006;0,80;P
26/05/2006;0,80;P
27/05/2006;0,80;P
28/05/2006;0,80;P
29/05/2006;0,80;P
30/05/2006;0,81;P
31/05/2006;0,80;P
01/06/2006;0,79;P
02/06/2006;0,79;P
03/06/2006;0,79;P
04/06/2006;0,79;P
05/06/2006;0,79;P
06/06/2006;0,80;P
07/06/2006;0,79;P
08/06/2006;0,79;P
09/06/2006;0,79;P
10/06/2006;0,79;P
11/06/2006;0,79;P
12/06/2006;0,79;P
13/06/2006;0,79;P
14/06/2006;0,79;P
15/06/2006;0,79;P
16/06/2006;0,79;P
17/06/2006;0,79;P
18/06/2006;0,79;P
19/06/2006;0,79;P
20/06/2006;0,80;P
21/06/2006;0,79;P
22/06/2006;0,79;P
23/06/2006;0,79;P
24/06/2006;0,79;P
25/06/2006;0,80;P
26/06/2006;0,79;P
27/06/2006;0,79;P
28/06/2006;0,80;P
29/06/2006;0,81;P
30/06/2006;0,82;P
01/07/2006;0,82;P
02/07/2006;0,83;P
03/07/2006;0,84;P
04/07/2006;0,85;P
05/07/2006;0,85;P
06/07/2006;0,86;P
07/07/2006;0,86;P
08/07/2006;0,85;P
09/07/2006;0,85;P
10/07/2006;0,85;P
11/07/2006;0,85;P
12/07/2006;0,85;P
13/07/2006;0,86;P
14/07/2006;0,87;P
15/07/2006;0,87;P
16/07/2006;0,87;P
17/07/2006;0,87;P
18/07/2006;0,88;P
19/07/2006;0,88;P
20/07/2006;0,87;P
21/07/2006;0,89;P
22/07/2006;0,89;P
23/07/2006;0,89;P
24/07/2006;0,89;P
25/07/2006;0,89;P
26/07/2006;0,90;P
27/07/2006;0,90;P
28/07/2006;0,90;P
29/07/2006;0,90;P
30/07/2006;0,90;P
31/07/2006;0,90;P
01/08/2006;0,90;P
02/08/2006;0,90;P
03/08/2006;0,90;P
04/08/2006;0,88;P
05/08/2006;0,90;P
06/08/2006;0,90;P
07/08/2006;0,90;P
08/08/2006;0,90;P
09/08/2006;0,89;P
10/08/2006;0,90;P
11/08/2006;0,90;P
12/08/2006;0,91;P
13/08/2006;0,90;P
14/08/2006;0,90;P
15/08/2006;0,90;P
16/08/2006;0,90;P
17/08/2006;0,91;P
18/08/2006;0,90;P
19/08/2006;0,90;P
20/08/2006;0,90;P
21/08/2006;0,88;P
22/08/2006;0,88;P
23/08/2006;0,89;P
24/08/2006;0,90;P
25/08/2006;0,89;P
26/08/2006;0,89;P
27/08/2006;0,89;P
28/08/2006;0,89;P
29/08/2006;0,90;P
30/08/2006;0,88;P
31/08/2006;0,88;P
01/09/2006;0,89;P
02/09/2006;0,89;P
03/09/2006;0,89;P
04/09/2006;0,89;P
05/09/2006;0,89;P
06/09/2006;0,90;P
07/09/2006;0,91;P
08/09/2006;0,88;P
09/09/2006;0,91;P
10/09/2006;0,90;P
11/09/2006;0,91;P
12/09/2006;0,92;P
13/09/2006;0,92;P
14/09/2006;0,93;P
15/09/2006;0,92;P
16/09/2006;0,92;P
17/09/2006;0,92;P
18/09/2006;0,90;P
19/09/2006;0,90;P
20/09/2006;0,90;P
21/09/2006;0,90;P
22/09/2006;0,90;P
23/09/2006;0,90;P
24/09/2006;0,90;P
25/09/2006;0,91;P
26/09/2006;0,91;P
27/09/2006;0,90;P
28/09/2006;0,90;P
29/09/2006;0,90;P
30/09/2006;0,90;P
01/10/2006;0,91;P
02/10/2006;0,91;P
03/10/2006;0,92;P
04/10/2006;0,90;P
05/10/2006;0,90;P
06/10/2006;0,90;P
07/10/2006;0,90;P
08/10/2006;0,90;P
09/10/2006;0,90;P
10/10/2006;0,90;P
11/10/2006;0,90;P
12/10/2006;0,90;P
13/10/2006;0,91;P
14/10/2006;0,92;P
15/10/2006;0,91;P
16/10/2006;0,91;P
17/10/2006;0,90;P
18/10/2006;0,90;P
19/10/2006;0,91;P
20/10/2006;0,92;P
21/10/2006;0,92;P
22/10/2006;0,92;P
23/10/2006;0,92;P
24/10/2006;0,92;P
25/10/2006;0,91;P
26/10/2006;0,91;P
27/10/2006;0,91;P
28/10/2006;0,91;P
29/10/2006;0,91;P
30/10/2006;0,91;P
31/10/2006;0,90;P
01/11/2006;0,91;P
02/11/2006;0,90;P
03/11/2006;0,89;P
04/11/2006;0,89;P
05/11/2006;0,90;P
06/11/2006;0,90;P
07/11/2006;0,89;P
08/11/2006;0,88;P
09/11/2006;0,88;P
10/11/2006;0,87;P
11/11/2006;0,87;P
12/11/2006;0,87;P
13/11/2006;0,87;P
14/11/2006;0,87;P
15/11/2006;0,88;P
16/11/2006;0,88;P
17/11/2006;0,88;P
18/11/2006;0,88;P
19/11/2006;0,87;P
20/11/2006;0,89;P
21/11/2006;0,92;P
22/11/2006;0,96;P
23/11/2006;0,90;P
24/11/2006;0,91;P
25/11/2006;0,91;P
26/11/2006;0,90;P
27/11/2006;0,90;P
28/11/2006;0,90;P
29/11/2006;0,89;P
30/11/2006;0,90;P
01/12/2006;0,90;P
02/12/2006;0,89;P
03/12/2006;0,90;P
04/12/2006;0,90;P
05/12/2006;0,90;P
06/12/2006;0,91;P
07/12/2006;0,91;P
08/12/2006;0,91;P
09/12/2006;1,03;P
10/12/2006;0,94;P
11/12/2006;0,91;P
12/12/2006;0,90;P
13/12/2006;0,89;P
14/12/2006;0,90;P
15/12/2006;0,90;P
16/12/2006;0,91;P
17/12/2006;0,91;P
18/12/2006;0,91;P
19/12/2006;0,91;P
20/12/2006;0,90;P
21/12/2006;0,91;P
22/12/2006;0,91;P
23/12/2006;0,90;P
24/12/2006;0,90;P
25/12/2006;0,90;P
26/12/2006;0,90;P
27/12/2006;0,90;P
28/12/2006;0,90;P
29/12/2006;0,90;P
30/12/2006;0,91;P
31/12/2006;0,92;P
01/01/2007;0,94;P
02/01/2007;0,90;P
03/01/2007;0,87;P
04/01/2007;0,87;P
05/01/2007;0,87;P
06/01/2007;0,87;P
07/01/2007;0,88;P
08/01/2007;0,91;P
09/01/2007;0,89;P
10/01/2007;0,88;P
11/01/2007;0,89;P
12/01/2007;0,88;P
13/01/2007;0,88;P
14/01/2007;0,88;P
15/01/2007;0,88;P
16/01/2007;0,88;P
17/01/2007;0,88;P
18/01/2007;0,87;P
19/01/2007;0,87;P
20/01/2007;0,87;P
21/01/2007;0,87;P
22/01/2007;0,87;P
23/01/2007;0,87;P
24/01/2007;0,92;P
25/01/2007;0,91;P
26/01/2007;0,90;P
27/01/2007;0,89;P
28/01/2007;0,89;P
29/01/2007;0,88;P
30/01/2007;0,86;P
31/01/2007;0,86;P
01/02/2007;0,86;P
02/02/2007;0,86;P
03/02/2007;0,86;P
04/02/2007;0,86;P
05/02/2007;0,86;P
06/02/2007;0,87;P
07/02/2007;0,89;P
08/02/2007;0,93;P
09/02/2007;0,94;P
10/02/2007;0,89;P
11/02/2007;0,88;P
12/02/2007;0,92;P
13/02/2007;0,96;P
14/02/2007;0,89;P
15/02/2007;0,89;P
16/02/2007;0,88;P
17/02/2007;0,87;P
18/02/2007;0,86;P
19/02/2007;0,86;P
20/02/2007;0,85;P
21/02/2007;0,86;P
22/02/2007;0,86;P
23/02/2007;0,85;P
24/02/2007;0,85;P
25/02/2007;0,91;P
26/02/2007;0,96;P
27/02/2007;0,93;P
28/02/2007;0,93;P
01/03/2007;0,93;P
02/03/2007;0,93;P
03/03/2007;0,93;P
04/03/2007;0,92;P
05/03/2007;0,92;P
06/03/2007;0,92;P
07/03/2007;0,93;P
08/03/2007;0,93;P
09/03/2007;0,90;P
10/03/2007;0,85;P
11/03/2007;0,85;P
12/03/2007;0,85;P
13/03/2007;0,84;P
14/03/2007;0,85;P
15/03/2007;0,85;P
16/03/2007;0,85;P
17/03/2007;0,85;P
18/03/2007;0,85;P
19/03/2007;0,86;P
20/03/2007;0,90;P
21/03/2007;0,94;P
22/03/2007;0,92;P
23/03/2007;0,92;P
24/03/2007;0,92;P
25/03/2007;0,92;P
26/03/2007;0,92;P
27/03/2007;0,93;P
28/03/2007;0,92;P
29/03/2007;0,93;P
30/03/2007;0,92;P
31/03/2007;0,92;P
01/04/2007;0,92;P
02/04/2007;0,92;P
03/04/2007;0,92;P
04/04/2007;0,92;P
05/04/2007;0,92;P
06/04/2007;0,91;P
07/04/2007;0,91;P
08/04/2007;0,92;P
09/04/2007;0,92;P
10/04/2007;0,87;P
11/04/2007;0,85;P
12/04/2007;0,85;P
13/04/2007;0,85;P
14/04/2007;0,85;P
15/04/2007;0,85;P
16/04/2007;0,85;P
17/04/2007;0,84;P
18/04/2007;0,85;P
19/04/2007;0,85;P
20/04/2007;0,85;P
21/04/2007;0,85;P
22/04/2007;0,85;P
23/04/2007;0,84;P
24/04/2007;0,85;P
25/04/2007;0,85;P
26/04/2007;0,84;P
27/04/2007;0,84;P
28/04/2007;0,84;P
29/04/2007;0,84;P
30/04/2007;0,85;P
01/05/2007;0,85;P
02/05/2007;0,85;P
03/05/2007;0,85;P
04/05/2007;0,86;P
05/05/2007;0,86;P
06/05/2007;0,85;P
07/05/2007;0,85;P
08/05/2007;0,85;P
09/05/2007;0,85;P
10/05/2007;0,85;P
11/05/2007;0,85;P
12/05/2007;0,85;P
13/05/2007;0,85;P
14/05/2007;0,84;P
15/05/2007;0,84;P
16/05/2007;0,85;P
17/05/2007;0,85;P
18/05/2007;0,85;P
19/05/2007;0,83;P
20/05/2007;0,83;P
21/05/2007;0,83;P
22/05/2007;0,84;P
23/05/2007;0,84;P
24/05/2007;0,84;P
25/05/2007;0,84;P
26/05/2007;0,84;P
27/05/2007;0,84;P
28/05/2007;0,85;P
29/05/2007;0,84;P
30/05/2007;0,84;P
31/05/2007;0,84;P
01/06/2007;0,85;P
02/06/2007;0,85;P
03/06/2007;0,85;P
04/06/2007;0,85;P
05/06/2007;0,85;P
06/06/2007;0,85;P
07/06/2007;0,87;P
08/06/2007;0,85;P
09/06/2007;0,85;P
10/06/2007;0,85;P
11/06/2007;0,85;P
12/06/2007;0,85;P
13/06/2007;0,83;P
14/06/2007;0,85;P
15/06/2007;0,85;P
16/06/2007;0,84;P
17/06/2007;0,85;P
18/06/2007;0,85;P
19/06/2007;0,84;P
20/06/2007;0,84;P
21/06/2007;0,85;P
22/06/2007;0,85;P
23/06/2007;0,84;P
24/06/2007;0,84;P
25/06/2007;0,85;P
26/06/2007;0,85;P
27/06/2007;0,85;P
28/06/2007;0,84;P
29/06/2007;0,84;P
30/06/2007;0,85;P
01/07/2007;0,83;P
02/07/2007;0,86;P
03/07/2007;0,90;P
04/07/2007;0,89;P
05/07/2007;0,89;P
06/07/2007;0,88;P
07/07/2007;0,87;P
08/07/2007;0,87;P
09/07/2007;0,88;P
10/07/2007;0,87;P
11/07/2007;0,86;P
12/07/2007;0,87;P
13/07/2007;0,89;P
14/07/2007;0,89;P
15/07/2007;0,89;P
16/07/2007;0,89;P
17/07/2007;0,89;P
18/07/2007;0,89;P
19/07/2007;0,89;P
20/07/2007;0,90;P
21/07/2007;0,91;P
22/07/2007;0,90;P
23/07/2007;0,91;P
24/07/2007;0,90;P
25/07/2007;0,90;P
26/07/2007;0,90;P
27/07/2007;0,90;P
28/07/2007;0,90;P
29/07/2007;0,91;P
30/07/2007;0,91;P
31/07/2007;0,89;P
01/08/2007;0,90;P
02/08/2007;0,91;P
03/08/2007;0,91;P
04/08/2007;0,90;P
05/08/2007;0,90;P
06/08/2007;0,90;P
07/08/2007;0,91;P
08/08/2007;0,91;P
09/08/2007;0,91;P
10/08/2007;0,91;P
11/08/2007;0,91;P
12/08/2007;0,91;P
13/08/2007;0,91;P
14/08/2007;0,91;P
15/08/2007;0,91;P
16/08/2007;0,91;P
17/08/2007;0,91;P
18/08/2007;0,90;P
19/08/2007;0,91;P
20/08/2007;0,91;P
21/08/2007;0,91;P
22/08/2007;0,92;P
23/08/2007;0,92;P
24/08/2007;0,91;P
25/08/2007;0,91;P
26/08/2007;0,91;P
27/08/2007;0,92;P
28/08/2007;0,91;P
29/08/2007;0,91;P
30/08/2007;0,92;P
31/08/2007;0,91;P
01/09/2007;0,91;P
02/09/2007;0,91;P
03/09/2007;0,91;P
04/09/2007;0,91;P
05/09/2007;0,90;P
06/09/2007;0,90;P
07/09/2007;0,90;P
08/09/2007;0,90;P
09/09/2007;0,90;P
10/09/2007;0,91;P
11/09/2007;0,91;P
12/09/2007;0,90;P
13/09/2007;0,90;P
14/09/2007;0,91;P
15/09/2007;0,92;P
16/09/2007;0,92;P
17/09/2007;0,93;P
18/09/2007;0,92;P
19/09/2007;0,90;P
20/09/2007;0,89;P
21/09/2007;0,90;P
22/09/2007;0,90;P
23/09/2007;0,89;P
24/09/2007;0,90;P
25/09/2007;0,90;P
26/09/2007;0,90;P
27/09/2007;0,90;P
28/09/2007;0,89;P
29/09/2007;0,87;P
30/09/2007;0,87;P
01/10/2007;0,88;P
02/10/2007;0,89;P
03/10/2007;0,89;P
04/10/2007;0,89;P
05/10/2007;0,90;P
06/10/2007;0,90;P
07/10/2007;0,89;P
08/10/2007;0,88;P
09/10/2007;0,89;P
10/10/2007;0,89;P
11/10/2007;0,89;P
12/10/2007;0,89;P
13/10/2007;0,90;P
14/10/2007;0,90;P
15/10/2007;0,89;P
16/10/2007;0,89;P
17/10/2007;0,90;P
18/10/2007;0,91;P
19/10/2007;0,90;P
20/10/2007;0,90;P
21/10/2007;0,91;P
22/10/2007;0,91;P
23/10/2007;0,90;P
24/10/2007;0,89;P
25/10/2007;0,89;P
26/10/2007;0,89;P
27/10/2007;0,88;P
28/10/2007;0,87;P
29/10/2007;0,87;P
30/10/2007;0,88;P
31/10/2007;0,88;P
01/11/2007;0,87;P
02/11/2007;0,87;P
03/11/2007;0,87;P
04/11/2007;0,87;P
05/11/2007;0,86;P
06/11/2007;0,87;P
07/11/2007;0,86;P
08/11/2007;0,87;P
09/11/2007;0,87;P
10/11/2007;0,86;P
11/11/2007;0,87;P
12/11/2007;0,88;P
13/11/2007;0,86;P
14/11/2007;0,86;P
15/11/2007;0,87;P
16/11/2007;0,87;P
17/11/2007;0,87;P
18/11/2007;0,87;P
19/11/2007;0,86;P
20/11/2007;0,86;P
21/11/2007;0,87;P
22/11/2007;0,87;P
23/11/2007;0,88;P
24/11/2007;0,88;P
25/11/2007;0,88;P
26/11/2007;0,87;P
27/11/2007;0,87;P
28/11/2007;0,87;P
29/11/2007;0,86;P
30/11/2007;0,86;P
01/12/2007;0,87;P
02/12/2007;0,87;P
03/12/2007;0,88;P
04/12/2007;0,87;P
05/12/2007;0,86;P
06/12/2007;0,86;P
07/12/2007;0,87;P
08/12/2007;0,92;P
09/12/2007;0,90;P
10/12/2007;0,89;P
11/12/2007;0,87;P
12/12/2007;0,85;P
13/12/2007;0,86;P
14/12/2007;0,86;P
15/12/2007;0,86;P
16/12/2007;0,87;P
17/12/2007;0,87;P
18/12/2007;0,84;P
19/12/2007;0,81;P
20/12/2007;0,81;P
21/12/2007;0,81;P
22/12/2007;0,81;P
23/12/2007;0,82;P
24/12/2007;0,82;P
25/12/2007;0,82;P
26/12/2007;0,81;P
27/12/2007;0,82;P
28/12/2007;0,81;P
29/12/2007;0,81;P
30/12/2007;0,82;P
31/12/2007;0,81;P
01/01/2008;0,82;P
02/01/2008;0,82;P
03/01/2008;0,83;P
04/01/2008;0,83;P
05/01/2008;0,83;P
06/01/2008;0,89;P
07/01/2008;0,86;P
08/01/2008;0,84;P
09/01/2008;0,84;P
10/01/2008;0,84;P
11/01/2008;0,85;P
12/01/2008;0,95;P
13/01/2008;0,89;P
14/01/2008;0,86;P
15/01/2008;0,87;P
16/01/2008;0,92;P
17/01/2008;0,99;P
18/01/2008;0,88;P
19/01/2008;0,86;P
20/01/2008;0,86;P
21/01/2008;0,86;P
22/01/2008;0,85;P
23/01/2008;0,84;P
24/01/2008;0,83;P
25/01/2008;0,83;P
26/01/2008;0,83;P
27/01/2008;0,83;P
28/01/2008;0,83;P
29/01/2008;0,83;P
30/01/2008;0,84;P
31/01/2008;0,83;P
01/02/2008;0,84;P
02/02/2008;0,84;P
03/02/2008;0,86;P
04/02/2008;0,89;P
05/02/2008;0,90;P
06/02/2008;0,86;P
07/02/2008;0,85;P
08/02/2008;0,85;P
09/02/2008;0,84;P
10/02/2008;0,84;P
11/02/2008;0,84;P
12/02/2008;0,83;P
13/02/2008;0,83;P
14/02/2008;0,83;P
15/02/2008;0,83;P
16/02/2008;0,83;P
17/02/2008;0,83;P
18/02/2008;0,83;P
19/02/2008;0,83;P
20/02/2008;0,83;P
21/02/2008;0,83;P
22/02/2008;0,83;P
23/02/2008;0,83;P
24/02/2008;0,83;P
25/02/2008;0,83;P
26/02/2008;0,84;P
27/02/2008;0,84;P
28/02/2008;0,84;P
29/02/2008;0,84;P
01/03/2008;0,85;P
02/03/2008;0,84;P
03/03/2008;0,84;P
04/03/2008;0,84;P
05/03/2008;0,84;P
06/03/2008;0,84;P
07/03/2008;0,84;P
08/03/2008;0,84;P
09/03/2008;0,84;P
10/03/2008;0,84;P
11/03/2008;0,84;P
12/03/2008;0,84;P
13/03/2008;0,83;P
14/03/2008;0,83;P
15/03/2008;0,83;P
16/03/2008;0,84;P
17/03/2008;0,83;P
18/03/2008;0,84;P
19/03/2008;0,83;P
20/03/2008;0,82;P
21/03/2008;0,84;P
22/03/2008;0,94;P
23/03/2008;0,88;P
24/03/2008;0,88;P
25/03/2008;0,86;P
26/03/2008;0,86;P
27/03/2008;0,85;P
28/03/2008;0,85;P
29/03/2008;0,84;P
30/03/2008;0,84;P
31/03/2008;0,84;P
01/04/2008;0,84;P
02/04/2008;0,83;P
03/04/2008;0,83;P
04/04/2008;0,83;P
05/04/2008;0,82;P
06/04/2008;0,83;P
07/04/2008;0,83;P
08/04/2008;0,83;P
09/04/2008;0,84;P
10/04/2008;0,85;P
11/04/2008;0,86;P
12/04/2008;0,87;P
13/04/2008;0,84;P
14/04/2008;0,84;P
15/04/2008;0,84;P
16/04/2008;0,84;P
17/04/2008;0,85;P
18/04/2008;0,89;P
19/04/2008;0,93;P
20/04/2008;0,87;P
21/04/2008;0,89;P
22/04/2008;0,89;P
23/04/2008;0,87;P
24/04/2008;0,86;P
25/04/2008;0,85;P
26/04/2008;0,84;P
27/04/2008;0,83;P
28/04/2008;0,84;P
29/04/2008;0,85;P
30/04/2008;0,84;P
01/05/2008;0,84;P
02/05/2008;0,83;P
03/05/2008;0,83;P
04/05/2008;0,83;P
05/05/2008;0,83;P
06/05/2008;0,83;P
07/05/2008;0,83;P
08/05/2008;0,83;P
09/05/2008;0,83;P
10/05/2008;0,83;P
11/05/2008;0,83;P
12/05/2008;0,85;P
13/05/2008;0,85;P
14/05/2008;0,86;P
15/05/2008;0,86;P
16/05/2008;0,86;P
17/05/2008;0,84;P
18/05/2008;0,84;P
19/05/2008;0,86;P
20/05/2008;0,90;P
21/05/2008;0,91;P
22/05/2008;0,90;P
23/05/2008;0,89;P
24/05/2008;0,89;P
25/05/2008;0,89;P
26/05/2008;0,88;P
27/05/2008;0,85;P
28/05/2008;0,85;P
29/05/2008;0,86;P
30/05/2008;0,87;P
31/05/2008;0,84;P
01/06/2008;0,84;P
02/06/2008;0,83;P
03/06/2008;0,86;P
04/06/2008;0,86;P
05/06/2008;0,85;P
06/06/2008;0,86;P
07/06/2008;0,84;P
08/06/2008;0,84;P
09/06/2008;0,86;P
10/06/2008;0,85;P
11/06/2008;0,85;P
12/06/2008;0,86;P
13/06/2008;0,87;P
14/06/2008;0,85;P
15/06/2008;0,83;P
16/06/2008;0,88;P
17/06/2008;0,89;P
18/06/2008;0,87;P
19/06/2008;0,86;P
20/06/2008;0,88;P
21/06/2008;0,90;P
22/06/2008;0,89;P
23/06/2008;0,88;P
24/06/2008;0,83;P
25/06/2008;0,86;P
26/06/2008;0,86;P
27/06/2008;0,85;P
28/06/2008;0,83;P
29/06/2008;0,84;P
30/06/2008;0,86;P
01/07/2008;0,84;P
02/07/2008;;@
03/07/2008;;@
04/07/2008;;@
05/07/2008;;@
06/07/2008;;@
07/07/2008;;@
08/07/2008;;@
09/07/2008;;@
10/07/2008;;@
11/07/2008;;@
12/07/2008;;@
13/07/2008;;@
14/07/2008;;@
15/07/2008;;@
16/07/2008;;@
17/07/2008;;@
18/07/2008;;@
19/07/2008;;@
20/07/2008;;@
21/07/2008;;@
22/07/2008;;@
23/07/2008;;@
24/07/2008;;@
25/07/2008;;@
26/07/2008;;@
27/07/2008;;@
28/07/2008;;@
29/07/2008;;@
30/07/2008;;@
31/07/2008;;@
01/08/2008;;@
02/08/2008;;@
03/08/2008;;@
04/08/2008;;@
05/08/2008;;@
06/08/2008;;@
07/08/2008;;@
08/08/2008;;@
09/08/2008;;@
10/08/2008;;@
11/08/2008;;@
12/08/2008;;@
13/08/2008;;@
14/08/2008;;@
15/08/2008;;@
16/08/2008;;@
17/08/2008;;@
18/08/2008;;@
19/08/2008;;@
20/08/2008;;@
21/08/2008;;@
22/08/2008;;@
23/08/2008;;@
24/08/2008;;@
25/08/2008;;@
26/08/2008;;@
27/08/2008;;@
28/08/2008;;@
29/08/2008;;@
30/08/2008;;@
31/08/2008;;@
01/09/2008;;@
02/09/2008;;@
03/09/2008;;@
04/09/2008;;@
05/09/2008;;@
06/09/2008;;@
07/09/2008;;@
08/09/2008;;@
09/09/2008;;@
10/09/2008;;@
11/09/2008;;@
12/09/2008;;@
13/09/2008;;@
14/09/2008;;@
15/09/2008;;@
16/09/2008;;@
17/09/2008;;@
18/09/2008;;@
19/09/2008;;@
20/09/2008;;@
21/09/2008;;@
22/09/2008;;@
23/09/2008;;@
24/09/2008;;@
25/09/2008;;@
26/09/2008;;@
27/09/2008;;@
28/09/2008;;@
29/09/2008;;@
30/09/2008;;@
01/10/2008;;@
02/10/2008;;@
03/10/2008;;@
04/10/2008;;@
05/10/2008;;@
06/10/2008;;@
07/10/2008;;@
08/10/2008;;@
09/10/2008;;@
10/10/2008;;@
11/10/2008;;@
12/10/2008;;@
13/10/2008;;@
14/10/2008;;@
15/10/2008;;@
16/10/2008;;@
17/10/2008;;@
18/10/2008;;@
19/10/2008;;@
20/10/2008;;@
21/10/2008;;@
22/10/2008;;@
23/10/2008;;@
24/10/2008;;@
25/10/2008;;@
26/10/2008;;@
27/10/2008;;@
28/10/2008;;@
29/10/2008;;@
30/10/2008;;@
31/10/2008;;@
01/11/2008;;@
02/11/2008;;@
03/11/2008;;@
04/11/2008;;@
05/11/2008;;@
06/11/2008;;@
07/11/2008;;@
08/11/2008;;@
09/11/2008;;@
10/11/2008;;@
11/11/2008;;@
12/11/2008;;@
13/11/2008;;@
14/11/2008;;@
15/11/2008;;@
16/11/2008;;@
17/11/2008;;@
18/11/2008;;@
19/11/2008;;@
20/11/2008;;@
21/11/2008;;@
22/11/2008;;@
23/11/2008;;@
24/11/2008;;@
25/11/2008;;@
26/11/2008;;@
27/11/2008;;@
28/11/2008;;@
29/11/2008;;@
30/11/2008;;@
01/12/2008;;@
02/12/2008;;@
03/12/2008;;@
04/12/2008;;@
05/12/2008;;@
06/12/2008;;@
07/12/2008;;@
08/12/2008;;@
09/12/2008;;@
10/12/2008;;@
11/12/2008;;@
12/12/2008;;@
13/12/2008;;@
14/12/2008;;@
15/12/2008;;@
16/12/2008;;@
17/12/2008;;@
18/12/2008;;@
19/12/2008;;@
20/12/2008;;@
21/12/2008;;@
22/12/2008;;@
23/12/2008;;@
24/12/2008;;@
25/12/2008;;@
26/12/2008;;@
27/12/2008;;@
28/12/2008;;@
29/12/2008;;@
30/12/2008;;@
31/12/2008;;@
01/01/2009;0,93;V
02/01/2009;0,92;V
03/01/2009;0,95;V
04/01/2009;0,96;V
05/01/2009;0,95;V
06/01/2009;0,94;V
07/01/2009;0,95;V
08/01/2009;0,96;V
09/01/2009;0,95;V
10/01/2009;0,95;V
11/01/2009;0,94;V
12/01/2009;0,92;V
13/01/2009;0,91;V
14/01/2009;0,91;V
15/01/2009;0,91;V
16/01/2009;0,90;V
17/01/2009;0,90;V
18/01/2009;0,91;V
19/01/2009;0,93;V
20/01/2009;0,95;V
21/01/2009;1,06;V
22/01/2009;1,06;V
23/01/2009;1,06;V
24/01/2009;1,10;V
25/01/2009;1,09;V
26/01/2009;1,08;V
27/01/2009;1,06;V
28/01/2009;1,06;V
29/01/2009;1,05;V
30/01/2009;1,01;V
31/01/2009;1,02;V
01/02/2009;1,02;V
02/02/2009;1,06;V
03/02/2009;1,30;V
04/02/2009;1,26;V
05/02/2009;1,24;V
06/02/2009;1,29;V
07/02/2009;1,38;V
08/02/2009;1,26;V
09/02/2009;1,18;V
10/02/2009;1,12;V
11/02/2009;1,11;V
12/02/2009;1,07;V
13/02/2009;1,04;V
14/02/2009;1,02;V
15/02/2009;1,01;V
16/02/2009;1,01;V
17/02/2009;1,02;V
18/02/2009;1,01;V
19/02/2009;1,01;V
20/02/2009;1,01;V
21/02/2009;0,99;V
22/02/2009;0,92;V
23/02/2009;0,93;V
24/02/2009;0,93;V
25/02/2009;0,92;V
26/02/2009;0,92;V
27/02/2009;0,95;V
28/02/2009;0,99;V
01/03/2009;1,00;V
02/03/2009;0,96;V
03/03/2009;0,93;V
04/03/2009;1,03;V
05/03/2009;1,13;V
06/03/2009;1,07;V
07/03/2009;1,02;V
08/03/2009;1,01;V
09/03/2009;1,01;V
10/03/2009;1,01;V
11/03/2009;1,01;V
12/03/2009;1,00;V
13/03/2009;1,00;V
14/03/2009;1,01;V
15/03/2009;1,01;V
16/03/2009;0,96;V
17/03/2009;0,93;V
18/03/2009;0,93;V
19/03/2009;0,93;V
20/03/2009;0,93;V
21/03/2009;0,93;V
22/03/2009;0,92;V
23/03/2009;0,90;V
24/03/2009;0,88;V
25/03/2009;0,88;V
26/03/2009;0,88;V
27/03/2009;0,90;V
28/03/2009;0,97;V
29/03/2009;1,13;V
30/03/2009;1,28;V
31/03/2009;1,21;V
01/04/2009;1,22;V
02/04/2009;1,26;V
03/04/2009;1,16;V
04/04/2009;1,09;V
05/04/2009;1,05;V
06/04/2009;1,03;V
07/04/2009;1,02;V
08/04/2009;1,02;V
09/04/2009;1,02;V
10/04/2009;1,02;V
11/04/2009;1,02;V
12/04/2009;1,02;V
13/04/2009;0,96;V
14/04/2009;0,92;V
15/04/2009;0,95;V
16/04/2009;1,00;V
17/04/2009;1,00;V
18/04/2009;1,00;V
19/04/2009;1,01;V
20/04/2009;0,96;V
21/04/2009;0,93;V
22/04/2009;0,92;V
23/04/2009;0,93;V
24/04/2009;0,92;V
25/04/2009;0,92;V
26/04/2009;0,93;V
27/04/2009;0,94;V
28/04/2009;0,88;V
29/04/2009;0,84;V
30/04/2009;0,83;V
01/05/2009;0,83;V
02/05/2009;0,83;V
03/05/2009;0,83;V
04/05/2009;0,83;V
05/05/2009;0,83;V
06/05/2009;0,83;V
07/05/2009;0,83;V
08/05/2009;0,82;V
09/05/2009;0,83;V
10/05/2009;0,83;V
11/05/2009;0,83;V
12/05/2009;0,83;V
13/05/2009;0,82;V
14/05/2009;0,82;V
15/05/2009;0,83;V
16/05/2009;0,83;V
17/05/2009;0,83;V
18/05/2009;0,83;V
19/05/2009;0,82;V
20/05/2009;0,82;V
21/05/2009;0,83;V
22/05/2009;0,83;V
23/05/2009;0,82;V
24/05/2009;0,83;V
25/05/2009;0,83;V
26/05/2009;0,83;V
27/05/2009;0,83;V
28/05/2009;0,82;V
29/05/2009;0,82;V
30/05/2009;0,82;V
31/05/2009;0,83;V
01/06/2009;0,83;V
02/06/2009;0,82;V
03/06/2009;0,83;V
04/06/2009;0,82;V
05/06/2009;0,83;V
06/06/2009;0,83;V
07/06/2009;0,83;V
08/06/2009;0,82;V
09/06/2009;0,82;V
10/06/2009;0,82;V
11/06/2009;0,82;V
12/06/2009;0,83;V
13/06/2009;0,83;V
14/06/2009;0,83;V
15/06/2009;0,83;V
16/06/2009;0,83;V
17/06/2009;0,83;V
18/06/2009;0,83;V
19/06/2009;0,82;V
20/06/2009;0,82;V
21/06/2009;0,82;V
22/06/2009;0,82;V
23/06/2009;0,82;V
24/06/2009;0,82;V
25/06/2009;0,83;V
26/06/2009;0,82;V
27/06/2009;0,83;V
28/06/2009;0,83;V
29/06/2009;0,83;V
30/06/2009;0,83;V
01/07/2009;0,83;V
02/07/2009;0,83;V
03/07/2009;0,83;V
04/07/2009;0,83;V
05/07/2009;0,83;V
06/07/2009;0,83;V
07/07/2009;0,83;V
08/07/2009;0,82;V
09/07/2009;0,82;V
10/07/2009;0,85;V
11/07/2009;0,87;V
12/07/2009;0,87;V
13/07/2009;0,88;V
14/07/2009;0,88;V
15/07/2009;0,88;V
16/07/2009;0,88;V
17/07/2009;0,88;V
18/07/2009;0,87;V
19/07/2009;0,87;V
20/07/2009;0,87;V
21/07/2009;0,88;V
22/07/2009;0,88;V
23/07/2009;0,87;V
24/07/2009;0,89;V
25/07/2009;0,90;V
26/07/2009;0,89;V
27/07/2009;0,90;V
28/07/2009;0,89;V
29/07/2009;0,89;V
30/07/2009;0,90;V
31/07/2009;0,90;V
01/08/2009;0,89;V
02/08/2009;0,90;V
03/08/2009;0,91;V
04/08/2009;0,91;V
05/08/2009;0,91;V
06/08/2009;0,91;V
07/08/2009;0,91;V
08/08/2009;0,91;V
09/08/2009;0,92;V
10/08/2009;0,92;V
11/08/2009;0,92;V
12/08/2009;0,92;V
13/08/2009;0,91;V
14/08/2009;0,92;V
15/08/2009;0,92;V
16/08/2009;0,92;V
17/08/2009;0,91;V
18/08/2009;0,90;V
19/08/2009;0,90;V
20/08/2009;0,91;V
21/08/2009;0,92;V
22/08/2009;0,92;V
23/08/2009;0,93;V
24/08/2009;0,92;V
25/08/2009;0,92;V
26/08/2009;0,93;V
27/08/2009;0,93;V
28/08/2009;0,92;V
29/08/2009;0,93;V
30/08/2009;0,92;V
31/08/2009;0,92;V
01/09/2009;0,92;V
02/09/2009;0,93;V
03/09/2009;0,93;V
04/09/2009;0,93;V
05/09/2009;0,93;V
06/09/2009;0,92;V
07/09/2009;0,91;V
08/09/2009;0,92;V
09/09/2009;0,93;V
10/09/2009;0,93;V
11/09/2009;0,92;V
12/09/2009;0,92;V
13/09/2009;0,92;V
14/09/2009;0,93;V
15/09/2009;0,93;V
16/09/2009;0,93;V
17/09/2009;0,93;V
18/09/2009;0,94;V
19/09/2009;0,94;V
20/09/2009;0,94;V
21/09/2009;0,94;V
22/09/2009;0,94;V
23/09/2009;0,93;V
24/09/2009;0,93;V
25/09/2009;0,93;V
26/09/2009;0,94;V
27/09/2009;0,94;V
28/09/2009;0,93;V
29/09/2009;0,93;V
30/09/2009;0,94;V
01/10/2009;0,94;V
02/10/2009;0,94;V
03/10/2009;0,93;V
04/10/2009;0,93;V
05/10/2009;0,94;V
06/10/2009;0,94;V
07/10/2009;0,94;V
08/10/2009;0,94;V
09/10/2009;0,94;V
10/10/2009;0,93;V
11/10/2009;0,93;V
12/10/2009;0,93;V
13/10/2009;0,91;V
14/10/2009;0,91;V
15/10/2009;0,91;V
16/10/2009;0,91;V
17/10/2009;0,91;V
18/10/2009;0,92;V
19/10/2009;0,91;V
20/10/2009;0,91;V
21/10/2009;0,92;V
22/10/2009;0,93;V
23/10/2009;0,92;V
24/10/2009;0,91;V
25/10/2009;0,90;V
26/10/2009;0,89;V
27/10/2009;0,88;V
28/10/2009;0,88;V
29/10/2009;0,88;V
30/10/2009;0,88;V
31/10/2009;0,88;V
01/11/2009;0,87;V
02/11/2009;0,85;V
03/11/2009;0,83;V
04/11/2009;0,84;V
05/11/2009;0,84;V
06/11/2009;0,83;V
07/11/2009;0,83;V
08/11/2009;0,84;V
09/11/2009;0,84;V
10/11/2009;0,83;V
11/11/2009;0,82;V
12/11/2009;0,83;V
13/11/2009;0,84;V
14/11/2009;0,84;V
15/11/2009;0,84;V
16/11/2009;0,84;V
17/11/2009;0,84;V
18/11/2009;0,83;V
19/11/2009;0,83;V
20/11/2009;0,83;V
21/11/2009;0,83;V
22/11/2009;0,84;V
23/11/2009;0,85;V
24/11/2009;0,84;V
25/11/2009;0,84;V
26/11/2009;0,85;V
27/11/2009;0,85;V
28/11/2009;0,85;V
29/11/2009;0,84;V
30/11/2009;0,85;V
01/12/2009;0,85;V
02/12/2009;0,83;V
03/12/2009;0,83;V
04/12/2009;0,87;V
05/12/2009;0,85;V
06/12/2009;0,84;V
07/12/2009;0,84;V
08/12/2009;0,86;V
09/12/2009;0,84;V
10/12/2009;0,83;V
11/12/2009;0,83;V
12/12/2009;0,83;V
13/12/2009;0,83;V
14/12/2009;0,83;V
15/12/2009;0,83;V
16/12/2009;0,83;V
17/12/2009;0,83;V
18/12/2009;0,83;V
19/12/2009;0,82;V
20/12/2009;0,81;V
21/12/2009;0,83;V
22/12/2009;1,08;V
23/12/2009;1,13;V
24/12/2009;1,03;V
25/12/2009;1,19;V
26/12/2009;;@
27/12/2009;;@
28/12/2009;;@
29/12/2009;;@
30/12/2009;;@
31/12/2009;;@
01/01/2010;1,45;V
02/01/2010;1,39;V
03/01/2010;1,28;V
04/01/2010;1,14;V
05/01/2010;1,11;V
06/01/2010;1,10;V
07/01/2010;1,05;V
08/01/2010;1,07;V
09/01/2010;1,23;V
10/01/2010;1,35;V
11/01/2010;1,19;V
12/01/2010;1,11;V
13/01/2010;1,07;V
14/01/2010;1,02;V
15/01/2010;1,02;V
16/01/2010;1,02;V
17/01/2010;1,01;V
18/01/2010;1,01;V
19/01/2010;1,00;V
20/01/2010;1,01;V
21/01/2010;1,01;V
22/01/2010;0,98;V
23/01/2010;0,92;V
24/01/2010;0,92;V
25/01/2010;0,92;V
26/01/2010;0,93;V
27/01/2010;0,92;V
28/01/2010;0,92;V
29/01/2010;0,91;V
30/01/2010;0,91;V
31/01/2010;0,90;V
01/02/2010;0,89;V
02/02/2010;0,89;V
03/02/2010;0,90;V
04/02/2010;0,90;V
05/02/2010;0,93;V
06/02/2010;0,96;V
07/02/2010;0,95;V
08/02/2010;0,95;V
09/02/2010;0,97;V
10/02/2010;0,97;V
11/02/2010;0,97;V
12/02/2010;0,97;V
13/02/2010;0,97;V
14/02/2010;0,97;V
15/02/2010;0,97;V
16/02/2010;0,97;V
17/02/2010;0,97;V
18/02/2010;1,03;V
19/02/2010;1,09;V
20/02/2010;1,21;V
21/02/2010;1,17;V
22/02/2010;1,11;V
23/02/2010;1,33;V
24/02/2010;1,27;V
25/02/2010;1,15;V
26/02/2010;1,15;V
27/02/2010;1,13;V
28/02/2010;1,08;V
01/03/2010;1,05;V
02/03/2010;1,01;V
03/03/2010;1,00;V
04/03/2010;1,29;V
05/03/2010;1,20;V
06/03/2010;1,09;V
07/03/2010;1,04;V
08/03/2010;1,00;V
09/03/2010;0,98;V
10/03/2010;0,98;V
11/03/2010;0,97;V
12/03/2010;0,96;V
13/03/2010;0,95;V
14/03/2010;0,96;V
15/03/2010;0,95;V
16/03/2010;0,96;V
17/03/2010;0,95;V
18/03/2010;0,94;V
19/03/2010;0,94;V
20/03/2010;0,95;V
21/03/2010;0,95;V
22/03/2010;0,95;V
23/03/2010;0,95;V
24/03/2010;0,94;V
25/03/2010;0,94;V
26/03/2010;0,95;V
27/03/2010;0,95;V
28/03/2010;0,94;V
29/03/2010;0,95;V
30/03/2010;0,95;V
31/03/2010;0,95;V
01/04/2010;0,94;V
02/04/2010;0,94;V
03/04/2010;0,94;V
04/04/2010;0,96;V
05/04/2010;1,14;V
06/04/2010;1,13;V
07/04/2010;1,06;V
08/04/2010;1,03;V
09/04/2010;1,00;V
10/04/2010;0,99;V
11/04/2010;0,98;V
12/04/2010;0,99;V
13/04/2010;0,99;V
14/04/2010;0,96;V
15/04/2010;0,94;V
16/04/2010;0,94;V
17/04/2010;0,94;V
18/04/2010;0,94;V
19/04/2010;0,92;V
20/04/2010;0,91;V
21/04/2010;0,91;V
22/04/2010;0,91;V
23/04/2010;0,92;V
24/04/2010;0,92;V
25/04/2010;0,92;V
26/04/2010;0,91;V
27/04/2010;0,91;V
28/04/2010;0,90;V
29/04/2010;0,89;V
30/04/2010;0,89;V
01/05/2010;0,89;V
02/05/2010;0,90;V
03/05/2010;0,94;V
04/05/2010;1,04;V
05/05/2010;1,12;V
06/05/2010;1,16;V
07/05/2010;1,11;V
08/05/2010;1,07;V
09/05/2010;1,07;V
10/05/2010;1,03;V
11/05/2010;1,06;V
12/05/2010;1,06;V
13/05/2010;1,05;V
14/05/2010;1,04;V
15/05/2010;1,04;V
16/05/2010;1,04;V
17/05/2010;1,03;V
18/05/2010;1,03;V
19/05/2010;0,99;V
20/05/2010;1,01;V
21/05/2010;0,97;V
22/05/2010;0,94;V
23/05/2010;0,94;V
24/05/2010;0,94;V
25/05/2010;0,94;V
26/05/2010;0,93;V
27/05/2010;0,91;V
28/05/2010;0,89;V
29/05/2010;0,87;V
30/05/2010;0,87;V
31/05/2010;0,87;V
01/06/2010;0,86;V
02/06/2010;0,85;V
03/06/2010;0,85;V
04/06/2010;0,84;V
05/06/2010;0,85;V
06/06/2010;0,85;V
07/06/2010;0,84;V
08/06/2010;0,84;V
09/06/2010;0,84;V
10/06/2010;0,84;V
11/06/2010;0,84;V
12/06/2010;0,84;V
13/06/2010;0,84;V
14/06/2010;0,84;V
15/06/2010;0,84;V
16/06/2010;0,84;V
17/06/2010;0,85;V
18/06/2010;0,84;V
19/06/2010;0,85;V
20/06/2010;0,89;V
21/06/2010;0,88;V
22/06/2010;0,86;V
23/06/2010;0,83;V
24/06/2010;0,83;V
25/06/2010;0,83;V
26/06/2010;0,84;V
27/06/2010;0,83;V
28/06/2010;0,83;V
29/06/2010;0,83;V
30/06/2010;0,83;V
01/07/2010;0,83;V
02/07/2010;0,83;V
03/07/2010;0,83;V
04/07/2010;0,83;V
05/07/2010;0,84;V
06/07/2010;0,84;V
07/07/2010;0,83;V
08/07/2010;0,83;V
09/07/2010;0,83;V
10/07/2010;0,83;V
11/07/2010;0,83;V
12/07/2010;0,84;V
13/07/2010;0,83;V
14/07/2010;0,83;V
15/07/2010;0,83;V
16/07/2010;0,85;V
17/07/2010;0,88;V
18/07/2010;0,88;V
19/07/2010;0,88;V
20/07/2010;0,88;V
21/07/2010;0,88;V
22/07/2010;0,89;V
23/07/2010;0,89;V
24/07/2010;0,87;V
25/07/2010;0,87;V
26/07/2010;0,87;V
27/07/2010;0,88;V
28/07/2010;0,90;V
29/07/2010;0,91;V
30/07/2010;0,84;V
31/07/2010;0,89;V
01/08/2010;0,90;V
02/08/2010;0,90;V
03/08/2010;0,91;V
04/08/2010;0,92;V
05/08/2010;0,91;V
06/08/2010;;@
07/08/2010;;@
08/08/2010;;@
09/08/2010;;@
10/08/2010;;@
11/08/2010;0,92;@
12/08/2010;0,92;V
13/08/2010;0,92;V
14/08/2010;0,93;V
15/08/2010;0,92;V
16/08/2010;0,92;V
17/08/2010;0,92;V
18/08/2010;0,92;V
19/08/2010;0,92;V
20/08/2010;0,92;V
21/08/2010;0,92;V
22/08/2010;0,92;V
23/08/2010;0,92;V
24/08/2010;0,92;V
25/08/2010;0,92;V
26/08/2010;0,92;V
27/08/2010;0,92;V
28/08/2010;0,92;V
29/08/2010;0,91;V
30/08/2010;0,92;V
31/08/2010;0,93;V
01/09/2010;0,93;V
02/09/2010;0,93;V
03/09/2010;0,93;V
04/09/2010;0,93;V
05/09/2010;0,93;V
06/09/2010;0,93;V
07/09/2010;0,94;V
08/09/2010;0,95;V
09/09/2010;0,94;V
10/09/2010;0,93;V
11/09/2010;0,93;V
12/09/2010;0,93;V
13/09/2010;0,94;V
14/09/2010;0,94;V
15/09/2010;0,93;V
16/09/2010;0,94;V
17/09/2010;0,95;V
18/09/2010;0,95;V
19/09/2010;0,94;V
20/09/2010;0,93;V
21/09/2010;0,93;V
22/09/2010;0,93;V
23/09/2010;0,93;V
24/09/2010;0,94;V
25/09/2010;0,94;V
26/09/2010;0,94;V
27/09/2010;0,93;V
28/09/2010;0,93;V
29/09/2010;0,93;V
30/09/2010;0,93;V
01/10/2010;0,94;V
02/10/2010;0,94;V
03/10/2010;0,94;V
04/10/2010;0,94;V
05/10/2010;0,96;V
06/10/2010;0,95;V
07/10/2010;0,94;V
08/10/2010;0,94;V
09/10/2010;0,94;V
10/10/2010;0,94;V
11/10/2010;0,93;V
12/10/2010;0,93;V
13/10/2010;0,93;V
14/10/2010;0,93;V
15/10/2010;0,93;V
16/10/2010;0,93;V
17/10/2010;0,94;V
18/10/2010;0,93;V
19/10/2010;0,93;V
20/10/2010;0,92;V
21/10/2010;0,92;V
22/10/2010;0,92;V
23/10/2010;0,92;V
24/10/2010;0,93;V
25/10/2010;0,94;V
26/10/2010;0,93;V
27/10/2010;0,92;V
28/10/2010;0,92;V
29/10/2010;0,92;V
30/10/2010;0,92;V
31/10/2010;0,96;V
01/11/2010;0,99;V
02/11/2010;0,95;V
03/11/2010;0,94;V
04/11/2010;0,93;V
05/11/2010;0,92;V
06/11/2010;0,92;V
07/11/2010;0,94;V
08/11/2010;1,03;V
09/11/2010;1,09;V
10/11/2010;1,17;V
11/11/2010;1,08;V
12/11/2010;1,06;V
13/11/2010;1,05;V
14/11/2010;1,04;V
15/11/2010;1,04;V
16/11/2010;1,07;V
17/11/2010;1,03;V
18/11/2010;1,07;V
19/11/2010;1,08;V
20/11/2010;1,06;V
21/11/2010;1,11;V
22/11/2010;1,12;V
23/11/2010;1,09;V
24/11/2010;1,07;V
25/11/2010;1,06;V
26/11/2010;1,10;V
27/11/2010;1,06;V
28/11/2010;1,14;V
29/11/2010;1,11;V
30/11/2010;1,08;V
01/12/2010;1,20;V
02/12/2010;1,14;V
03/12/2010;1,14;V
04/12/2010;1,09;V
05/12/2010;1,07;V
06/12/2010;1,14;V
07/12/2010;1,67;V
08/12/2010;1,45;V
09/12/2010;1,34;V
10/12/2010;1,21;V
11/12/2010;1,12;V
12/12/2010;1,10;V
13/12/2010;1,09;V
14/12/2010;1,07;V
15/12/2010;1,07;V
16/12/2010;1,07;V
17/12/2010;1,07;V
18/12/2010;1,06;V
19/12/2010;1,07;V
20/12/2010;1,06;V
21/12/2010;1,09;V
22/12/2010;1,33;V
23/12/2010;1,47;V
24/12/2010;1,74;V
25/12/2010;1,53;V
26/12/2010;1,29;V
27/12/2010;1,17;V
28/12/2010;1,11;V
29/12/2010;1,10;V
30/12/2010;1,10;V
31/12/2010;1,10;V
01/01/2011;1,09;V
02/01/2011;1,10;V
03/01/2011;1,09;V
04/01/2011;1,09;V
05/01/2011;1,09;V
06/01/2011;1,10;V
07/01/2011;1,11;V
08/01/2011;1,11;V
09/01/2011;1,10;V
10/01/2011;1,10;V
11/01/2011;1,11;V
12/01/2011;1,10;V
13/01/2011;1,06;V
14/01/2011;1,05;V
15/01/2011;1,05;V
16/01/2011;1,04;V
17/01/2011;1,04;V
18/01/2011;1,00;V
19/01/2011;0,95;V
20/01/2011;0,94;V
21/01/2011;0,94;V
22/01/2011;0,93;V
23/01/2011;0,92;V
24/01/2011;0,86;V
25/01/2011;0,82;V
26/01/2011;0,82;V
27/01/2011;0,82;V
28/01/2011;0,83;V
29/01/2011;0,82;V
30/01/2011;0,85;V
31/01/2011;0,84;V
01/02/2011;0,83;V
02/02/2011;0,82;V
03/02/2011;0,83;V
04/02/2011;0,82;V
05/02/2011;0,82;V
06/02/2011;0,82;V
07/02/2011;0,82;V
08/02/2011;0,82;V
09/02/2011;0,82;V
10/02/2011;0,83;V
11/02/2011;0,83;V
12/02/2011;0,83;V
13/02/2011;0,83;V
14/02/2011;0,83;V
15/02/2011;0,83;V
16/02/2011;0,97;V
17/02/2011;1,17;V
18/02/2011;1,20;V
19/02/2011;1,16;V
20/02/2011;1,11;V
21/02/2011;1,10;V
22/02/2011;1,09;V
23/02/2011;1,09;V
24/02/2011;1,06;V
25/02/2011;0,85;V
26/02/2011;0,84;V
27/02/2011;0,86;V
28/02/2011;1,03;V
01/03/2011;0,84;V
02/03/2011;0,83;V
03/03/2011;0,83;V
04/03/2011;0,83;V
05/03/2011;0,82;V
06/03/2011;0,82;V
07/03/2011;0,84;V
08/03/2011;0,89;V
09/03/2011;0,94;V
10/03/2011;1,04;V
11/03/2011;1,07;V
12/03/2011;1,07;V
13/03/2011;1,11;V
14/03/2011;1,15;V
15/03/2011;1,25;V
16/03/2011;1,61;V
17/03/2011;1,55;V
18/03/2011;1,36;V
19/03/2011;1,20;V
20/03/2011;1,12;V
21/03/2011;1,09;V
22/03/2011;1,08;V
23/03/2011;1,08;V
24/03/2011;1,08;V
25/03/2011;1,08;V
26/03/2011;1,08;V
27/03/2011;1,08;V
28/03/2011;1,14;V
29/03/2011;1,10;V
30/03/2011;1,08;V
31/03/2011;1,08;V
01/04/2011;1,07;V
02/04/2011;1,03;V
03/04/2011;1,03;V
04/04/2011;1,03;V
05/04/2011;1,02;V
06/04/2011;1,02;V
07/04/2011;0,94;V
08/04/2011;0,89;V
09/04/2011;0,89;V
10/04/2011;0,88;V
11/04/2011;0,88;V
12/04/2011;0,89;V
13/04/2011;0,88;V
14/04/2011;0,88;V
15/04/2011;0,83;V
16/04/2011;0,80;V
17/04/2011;0,80;V
18/04/2011;0,80;V
19/04/2011;0,80;V
20/04/2011;0,79;V
21/04/2011;0,80;V
22/04/2011;0,80;V
23/04/2011;0,81;V
24/04/2011;0,80;V
25/04/2011;0,80;V
26/04/2011;0,80;V
27/04/2011;0,80;V
28/04/2011;0,80;V
29/04/2011;0,80;V
30/04/2011;0,81;V
01/05/2011;0,80;V
02/05/2011;0,80;V
03/05/2011;0,80;V
04/05/2011;0,80;V
05/05/2011;0,78;V
06/05/2011;0,79;V
07/05/2011;0,79;V
08/05/2011;0,80;V
09/05/2011;0,79;V
10/05/2011;0,79;V
11/05/2011;0,80;V
12/05/2011;0,80;V
13/05/2011;0,80;V
14/05/2011;0,80;V
15/05/2011;0,80;V
16/05/2011;0,79;V
17/05/2011;0,79;V
18/05/2011;0,79;V
19/05/2011;0,80;V
20/05/2011;0,80;V
21/05/2011;0,80;V
22/05/2011;0,79;V
23/05/2011;0,80;V
24/05/2011;0,80;V
25/05/2011;0,80;V
26/05/2011;0,79;V
27/05/2011;0,79;V
28/05/2011;0,78;V
29/05/2011;0,78;V
30/05/2011;0,78;V
31/05/2011;0,79;V
01/06/2011;0,79;V
02/06/2011;0,79;V
03/06/2011;0,79;V
04/06/2011;0,79;V
05/06/2011;0,84;V
06/06/2011;0,81;V
07/06/2011;0,85;V
08/06/2011;0,82;V
09/06/2011;0,81;V
10/06/2011;0,80;V
11/06/2011;0,80;V
12/06/2011;0,80;V
13/06/2011;0,80;V
14/06/2011;0,79;V
15/06/2011;0,79;V
16/06/2011;0,79;V
17/06/2011;0,80;V
18/06/2011;0,80;V
19/06/2011;0,79;V
20/06/2011;0,79;V
21/06/2011;0,79;V
22/06/2011;0,79;V
23/06/2011;0,79;V
24/06/2011;0,79;V
25/06/2011;0,79;V
26/06/2011;0,79;V
27/06/2011;0,79;V
28/06/2011;0,79;V
29/06/2011;0,80;V
30/06/2011;0,79;V
01/07/2011;0,79;V
02/07/2011;0,79;V
03/07/2011;0,79;V
04/07/2011;0,80;V
05/07/2011;0,80;V
06/07/2011;0,80;V
07/07/2011;0,80;V
08/07/2011;0,80;V
09/07/2011;0,80;V
10/07/2011;0,80;V
11/07/2011;0,82;V
12/07/2011;0,86;V
13/07/2011;0,86;V
14/07/2011;0,86;V
15/07/2011;0,86;V
16/07/2011;;@
17/07/2011;;@
18/07/2011;;@
19/07/2011;0,86;@
20/07/2011;0,86;V
21/07/2011;0,84;V
22/07/2011;0,85;V
23/07/2011;0,86;V
24/07/2011;0,86;V
25/07/2011;0,87;V
26/07/2011;0,88;V
27/07/2011;0,89;V
28/07/2011;0,89;V
29/07/2011;0,88;V
30/07/2011;0,89;V
31/07/2011;0,89;V
01/08/2011;0,89;V
02/08/2011;0,89;V
03/08/2011;0,90;V
04/08/2011;0,91;V
05/08/2011;0,91;V
06/08/2011;0,92;V
07/08/2011;0,92;V
08/08/2011;0,93;V
09/08/2011;0,92;V
10/08/2011;0,91;V
11/08/2011;0,91;V
12/08/2011;0,93;V
13/08/2011;0,94;V
14/08/2011;0,95;V
15/08/2011;0,95;V
16/08/2011;0,95;V
17/08/2011;0,94;V
18/08/2011;0,94;V
19/08/2011;0,95;V
20/08/2011;0,96;V
21/08/2011;0,96;V
22/08/2011;0,96;V
23/08/2011;0,96;V
24/08/2011;0,96;V
25/08/2011;0,96;V
26/08/2011;0,96;V
27/08/2011;0,96;V
28/08/2011;0,96;V
29/08/2011;0,96;V
30/08/2011;0,96;V
31/08/2011;0,96;V
01/09/2011;0,96;V
02/09/2011;0,96;V
03/09/2011;0,97;V
04/09/2011;0,97;V
05/09/2011;0,97;V
06/09/2011;0,96;V
07/09/2011;0,96;V
08/09/2011;0,96;V
09/09/2011;0,96;V
10/09/2011;0,97;V
11/09/2011;0,96;V
12/09/2011;0,96;V
13/09/2011;0,96;V
14/09/2011;0,96;V
15/09/2011;0,95;V
16/09/2011;0,95;V
17/09/2011;0,95;V
18/09/2011;0,96;V
19/09/2011;0,94;V
20/09/2011;0,93;V
21/09/2011;0,93;V
22/09/2011;0,94;V
23/09/2011;0,95;V
24/09/2011;0,95;V
25/09/2011;0,96;V
26/09/2011;0,95;V
27/09/2011;0,95;V
28/09/2011;0,95;V
29/09/2011;0,95;V
30/09/2011;0,95;V
01/10/2011;0,95;V
02/10/2011;0,95;V
03/10/2011;0,95;V
04/10/2011;0,95;V
05/10/2011;0,95;V
06/10/2011;0,95;V
07/10/2011;0,96;V
08/10/2011;0,94;V
09/10/2011;0,94;V
10/10/2011;0,94;V
11/10/2011;0,94;V
12/10/2011;0,95;V
13/10/2011;0,96;V
14/10/2011;0,95;V
15/10/2011;0,95;V
16/10/2011;0,95;V
17/10/2011;0,94;V
18/10/2011;0,95;V
19/10/2011;0,95;V
20/10/2011;0,96;V
21/10/2011;0,95;V
22/10/2011;0,95;V
23/10/2011;0,95;V
24/10/2011;0,94;V
25/10/2011;0,94;V
26/10/2011;0,93;V
27/10/2011;0,89;V
28/10/2011;0,88;V
29/10/2011;0,88;V
30/10/2011;0,88;V
31/10/2011;0,88;V
01/11/2011;0,88;V
02/11/2011;0,88;V
03/11/2011;0,89;V
04/11/2011;0,90;V
05/11/2011;0,90;V
06/11/2011;0,90;V
07/11/2011;0,89;V
08/11/2011;0,86;V
09/11/2011;0,80;V
10/11/2011;0,80;V
11/11/2011;0,81;V
12/11/2011;0,86;V
13/11/2011;0,85;V
14/11/2011;0,85;V
15/11/2011;0,84;V
16/11/2011;0,82;V
17/11/2011;0,82;V
18/11/2011;0,82;V
19/11/2011;0,82;V
20/11/2011;0,82;V
21/11/2011;0,83;V
22/11/2011;0,83;V
23/11/2011;0,83;V
24/11/2011;0,83;V
25/11/2011;0,83;V
26/11/2011;0,82;V
27/11/2011;0,83;V
28/11/2011;0,83;V
29/11/2011;0,82;V
30/11/2011;0,82;V
01/12/2011;0,83;V
02/12/2011;0,84;V
03/12/2011;0,84;V
04/12/2011;0,84;V
05/12/2011;0,84;V
06/12/2011;0,81;V
07/12/2011;0,81;V
08/12/2011;0,81;V
09/12/2011;0,81;V
10/12/2011;0,82;V
11/12/2011;0,82;V
12/12/2011;0,84;V
13/12/2011;0,83;V
14/12/2011;0,84;V
15/12/2011;0,83;V
16/12/2011;0,88;V
17/12/2011;0,90;V
18/12/2011;0,82;V
19/12/2011;0,81;V
20/12/2011;0,81;V
21/12/2011;0,80;V
22/12/2011;0,80;V
23/12/2011;0,80;V
24/12/2011;0,81;V
25/12/2011;0,81;V
26/12/2011;0,81;V
27/12/2011;0,80;V
28/12/2011;0,80;V
29/12/2011;0,81;V
30/12/2011;0,80;V
31/12/2011;0,80;V
01/01/2012;0,80;V
02/01/2012;0,81;V
03/01/2012;0,83;V
04/01/2012;0,81;V
05/01/2012;0,82;V
06/01/2012;0,81;V
07/01/2012;0,81;V
08/01/2012;0,81;V
09/01/2012;0,80;V
10/01/2012;0,80;V
11/01/2012;0,80;V
12/01/2012;0,81;V
13/01/2012;0,82;V
14/01/2012;0,80;V
15/01/2012;0,80;V
16/01/2012;0,80;V
17/01/2012;0,80;V
18/01/2012;0,81;V
19/01/2012;0,82;V
20/01/2012;0,81;V
21/01/2012;0,81;V
22/01/2012;0,82;V
23/01/2012;0,82;V
24/01/2012;0,81;V
25/01/2012;0,80;V
26/01/2012;0,80;V
27/01/2012;0,81;V
28/01/2012;0,81;V
29/01/2012;0,81;V
30/01/2012;0,81;V
31/01/2012;0,81;V
01/02/2012;0,81;V
02/02/2012;0,81;V
03/02/2012;0,81;V
04/02/2012;0,81;V
05/02/2012;0,80;V
06/02/2012;0,81;V
07/02/2012;0,81;V
08/02/2012;0,81;V
09/02/2012;0,80;V
10/02/2012;0,81;V
11/02/2012;0,80;V
12/02/2012;0,80;V
13/02/2012;0,80;V
14/02/2012;0,80;V
15/02/2012;0,81;V
16/02/2012;0,80;V
17/02/2012;0,81;V
18/02/2012;0,81;V
19/02/2012;0,82;V
20/02/2012;0,81;V
21/02/2012;0,81;V
22/02/2012;0,81;V
23/02/2012;0,80;V
24/02/2012;0,81;V
25/02/2012;0,81;V
26/02/2012;0,81;V
27/02/2012;0,80;V
28/02/2012;0,81;V
29/02/2012;0,81;V
01/03/2012;0,81;V
02/03/2012;0,81;V
03/03/2012;0,81;V
04/03/2012;0,81;V
05/03/2012;0,82;V
06/03/2012;0,83;V
07/03/2012;0,81;V
08/03/2012;0,81;V
09/03/2012;0,81;V
10/03/2012;0,81;V
11/03/2012;0,81;V
12/03/2012;0,81;V
13/03/2012;0,81;V
14/03/2012;0,81;V
15/03/2012;0,80;V
16/03/2012;0,79;V
17/03/2012;0,80;V
18/03/2012;0,81;V
19/03/2012;0,79;V
20/03/2012;0,79;V
21/03/2012;0,79;V
22/03/2012;0,79;V
23/03/2012;0,79;V
24/03/2012;0,79;V
25/03/2012;0,79;V
26/03/2012;0,79;V
27/03/2012;0,79;V
28/03/2012;0,79;V
29/03/2012;0,79;V
30/03/2012;0,79;V
31/03/2012;0,80;V
01/04/2012;0,79;V
02/04/2012;0,80;V
03/04/2012;0,80;V
04/04/2012;0,80;V
05/04/2012;0,80;V
06/04/2012;0,80;V
07/04/2012;0,80;V
08/04/2012;0,80;V
09/04/2012;0,79;V
10/04/2012;0,79;V
11/04/2012;0,83;V
12/04/2012;0,81;V
13/04/2012;0,81;V
14/04/2012;0,81;V
15/04/2012;0,82;V
16/04/2012;0,81;V
17/04/2012;0,81;V
18/04/2012;0,81;V
19/04/2012;0,82;V
20/04/2012;0,85;V
21/04/2012;0,98;V
22/04/2012;0,85;V
23/04/2012;0,83;V
24/04/2012;0,85;V
25/04/2012;0,83;V
26/04/2012;0,82;V
27/04/2012;0,82;V
28/04/2012;0,82;V
29/04/2012;0,81;V
30/04/2012;0,81;V
01/05/2012;0,82;V
02/05/2012;0,81;V
03/05/2012;0,80;V
04/05/2012;0,80;V
05/05/2012;0,81;V
06/05/2012;0,82;V
07/05/2012;0,89;V
08/05/2012;0,83;V
09/05/2012;0,82;V
10/05/2012;0,81;V
11/05/2012;0,81;V
12/05/2012;0,81;V
13/05/2012;0,81;V
14/05/2012;0,80;V
15/05/2012;0,81;V
16/05/2012;0,80;V
17/05/2012;0,80;V
18/05/2012;0,80;V
19/05/2012;0,80;V
20/05/2012;0,82;V
21/05/2012;0,94;V
22/05/2012;0,86;V
23/05/2012;0,82;V
24/05/2012;0,82;V
25/05/2012;0,79;V
26/05/2012;0,79;V
27/05/2012;0,78;V
28/05/2012;0,79;V
29/05/2012;0,79;V
30/05/2012;0,81;V
31/05/2012;0,82;V
01/06/2012;0,82;V
02/06/2012;0,82;V
03/06/2012;0,81;V
04/06/2012;0,82;V
05/06/2012;0,81;V
06/06/2012;0,81;V
07/06/2012;0,81;V
08/06/2012;0,81;V
09/06/2012;0,81;V
10/06/2012;0,81;V
11/06/2012;0,81;V
12/06/2012;0,82;V
13/06/2012;0,80;V
14/06/2012;0,80;V
15/06/2012;0,80;V
16/06/2012;0,80;V
17/06/2012;0,80;V
18/06/2012;0,81;V
19/06/2012;0,81;V
20/06/2012;0,81;V
21/06/2012;0,81;V
22/06/2012;0,81;V
23/06/2012;0,80;V
24/06/2012;0,81;V
25/06/2012;0,80;V
26/06/2012;0,81;V
27/06/2012;0,81;V
28/06/2012;0,81;V
29/06/2012;0,81;V
30/06/2012;0,81;V
01/07/2012;0,81;V
02/07/2012;0,81;V
03/07/2012;0,80;V
04/07/2012;0,80;V
05/07/2012;0,80;V
06/07/2012;0,81;V
07/07/2012;0,80;V
08/07/2012;0,80;V
09/07/2012;0,80;V
10/07/2012;0,82;V
11/07/2012;0,85;V
12/07/2012;0,84;V
13/07/2012;0,84;V
14/07/2012;0,85;V
15/07/2012;0,84;V
16/07/2012;0,84;V
17/07/2012;0,84;V
18/07/2012;0,84;V
19/07/2012;0,84;V
20/07/2012;0,86;V
21/07/2012;0,88;V
22/07/2012;0,87;V
23/07/2012;0,88;V
24/07/2012;0,88;V
25/07/2012;0,88;V
26/07/2012;0,88;V
27/07/2012;0,88;V
28/07/2012;0,88;V
29/07/2012;0,88;V
30/07/2012;0,88;V
31/07/2012;0,88;V
01/08/2012;0,87;V
02/08/2012;0,87;V
03/08/2012;0,87;V
04/08/2012;0,87;V
05/08/2012;0,88;V
06/08/2012;0,90;V
07/08/2012;0,90;V
08/08/2012;0,90;V
09/08/2012;0,90;V
10/08/2012;0,90;V
11/08/2012;0,90;V
12/08/2012;0,90;V
13/08/2012;0,91;V
14/08/2012;0,91;V
15/08/2012;0,90;V
16/08/2012;0,91;V
17/08/2012;0,92;V
18/08/2012;0,93;V
19/08/2012;0,93;V
20/08/2012;0,93;V
21/08/2012;0,92;V
22/08/2012;0,93;V
23/08/2012;0,93;V
24/08/2012;0,93;V
25/08/2012;0,94;V
26/08/2012;0,93;V
27/08/2012;0,92;V
28/08/2012;0,92;V
29/08/2012;0,92;V
30/08/2012;0,93;V
31/08/2012;0,92;V
01/09/2012;0,90;V
02/09/2012;0,90;V
03/09/2012;0,91;V
04/09/2012;0,90;V
05/09/2012;0,86;V
06/09/2012;0,86;V
07/09/2012;0,86;V
08/09/2012;0,87;V
09/09/2012;0,87;V
10/09/2012;0,90;V
11/09/2012;0,94;V
12/09/2012;0,97;V
13/09/2012;0,94;V
14/09/2012;0,93;V
15/09/2012;0,93;V
16/09/2012;0,93;V
17/09/2012;0,93;V
18/09/2012;0,93;V
19/09/2012;0,94;V
20/09/2012;0,87;V
21/09/2012;0,86;V
22/09/2012;0,91;V
23/09/2012;0,92;V
24/09/2012;0,92;V
25/09/2012;0,91;V
26/09/2012;0,92;V
27/09/2012;0,91;V
28/09/2012;0,91;V
29/09/2012;0,91;V
30/09/2012;0,92;V
01/10/2012;0,89;V
02/10/2012;0,85;V
03/10/2012;0,84;V
04/10/2012;0,85;V
05/10/2012;0,85;V
06/10/2012;0,86;V
07/10/2012;0,92;V
08/10/2012;0,89;V
09/10/2012;0,87;V
10/10/2012;0,84;V
11/10/2012;0,85;V
12/10/2012;0,85;V
13/10/2012;0,85;V
14/10/2012;0,84;V
15/10/2012;0,85;V
16/10/2012;0,84;V
17/10/2012;0,82;V
18/10/2012;0,81;V
19/10/2012;0,81;V
20/10/2012;0,81;V
21/10/2012;0,81;V
22/10/2012;0,81;V
23/10/2012;0,81;V
24/10/2012;0,81;V
25/10/2012;0,81;V
26/10/2012;0,82;V
27/10/2012;0,83;V
28/10/2012;0,82;V
29/10/2012;0,82;V
30/10/2012;0,81;V
31/10/2012;0,82;V
01/11/2012;0,88;V
02/11/2012;0,83;V
03/11/2012;0,82;V
04/11/2012;0,85;V
05/11/2012;0,87;V
06/11/2012;0,84;V
07/11/2012;0,82;V
08/11/2012;0,81;V
09/11/2012;0,82;V
10/11/2012;0,82;V
11/11/2012;0,84;V
12/11/2012;0,84;V
13/11/2012;0,84;V
14/11/2012;0,83;V
15/11/2012;0,82;V
16/11/2012;0,82;V
17/11/2012;0,82;V
18/11/2012;0,82;V
19/11/2012;0,83;V
20/11/2012;0,83;V
21/11/2012;0,82;V
22/11/2012;0,82;V
23/11/2012;0,82;V
24/11/2012;0,82;V
25/11/2012;0,82;V
26/11/2012;0,82;V
27/11/2012;0,90;V
28/11/2012;1,14;V
29/11/2012;0,91;V
30/11/2012;0,86;V
01/12/2012;0,85;V
02/12/2012;0,87;V
03/12/2012;0,84;V
04/12/2012;1,00;V
05/12/2012;0,90;V
06/12/2012;0,85;V
07/12/2012;0,84;V
08/12/2012;0,86;V
09/12/2012;0,84;V
10/12/2012;0,84;V
11/12/2012;0,83;V
12/12/2012;0,83;V
13/12/2012;0,83;V
14/12/2012;0,85;V
15/12/2012;1,28;V
16/12/2012;1,13;V
17/12/2012;1,13;V
18/12/2012;1,14;V
19/12/2012;1,13;V
20/12/2012;1,12;V
21/12/2012;1,11;V
22/12/2012;1,07;V
23/12/2012;1,06;V
24/12/2012;1,07;V
25/12/2012;1,07;V
26/12/2012;1,10;V
27/12/2012;1,01;V
28/12/2012;0,91;V
29/12/2012;0,89;V
30/12/2012;0,88;V
31/12/2012;0,88;V
01/01/2013;0,88;V
02/01/2013;0,88;V
03/01/2013;0,86;V
04/01/2013;0,84;V
05/01/2013;0,83;V
06/01/2013;0,83;V
07/01/2013;0,82;V
08/01/2013;0,82;V
09/01/2013;0,82;V
10/01/2013;0,82;V
11/01/2013;0,82;V
12/01/2013;0,81;V
13/01/2013;0,88;V
14/01/2013;1,14;V
15/01/2013;1,04;V
16/01/2013;1,09;V
17/01/2013;1,14;V
18/01/2013;1,13;V
19/01/2013;1,13;V
20/01/2013;1,34;V
21/01/2013;1,21;V
22/01/2013;1,23;V
23/01/2013;1,26;V
24/01/2013;1,20;V
25/01/2013;1,15;V
26/01/2013;1,12;V
27/01/2013;1,11;V
28/01/2013;1,12;V
29/01/2013;1,12;V
30/01/2013;1,13;V
31/01/2013;1,13;V
01/02/2013;1,13;V
02/02/2013;1,13;V
03/02/2013;1,15;V
04/02/2013;1,12;V
05/02/2013;1,13;V
06/02/2013;1,13;V
07/02/2013;1,12;V
08/02/2013;1,12;V
09/02/2013;1,11;V
10/02/2013;1,10;V
11/02/2013;1,11;V
12/02/2013;1,14;V
13/02/2013;1,14;V
14/02/2013;1,14;V
15/02/2013;1,12;V
16/02/2013;1,12;V
17/02/2013;1,11;V
18/02/2013;1,07;V
19/02/2013;1,02;V
20/02/2013;1,03;V
21/02/2013;1,05;V
22/02/2013;1,05;V
23/02/2013;1,04;V
24/02/2013;0,89;V
25/02/2013;0,96;V
26/02/2013;1,00;V
27/02/2013;0,96;V
28/02/2013;0,96;V
01/03/2013;1,00;V
02/03/2013;1,09;V
03/03/2013;1,10;V
04/03/2013;1,10;V
05/03/2013;1,11;V
06/03/2013;1,18;V
07/03/2013;1,20;V
08/03/2013;1,47;V
09/03/2013;1,58;V
10/03/2013;1,51;V
11/03/2013;1,37;V
12/03/2013;1,26;V
13/03/2013;1,36;V
14/03/2013;1,38;V
15/03/2013;1,23;V
16/03/2013;1,13;V
17/03/2013;1,12;V
18/03/2013;2,04;V
19/03/2013;1,57;V
20/03/2013;1,24;V
21/03/2013;1,16;V
22/03/2013;1,08;V
23/03/2013;1,03;V
24/03/2013;1,02;V
25/03/2013;1,01;V
26/03/2013;1,04;V
27/03/2013;1,06;V
28/03/2013;1,04;V
29/03/2013;1,08;V
30/03/2013;1,29;V
31/03/2013;1,46;V
01/04/2013;1,23;V
02/04/2013;1,25;V
03/04/2013;1,18;V
04/04/2013;1,10;V
05/04/2013;1,15;V
06/04/2013;1,12;V
07/04/2013;1,07;V
08/04/2013;1,05;V
09/04/2013;1,05;V
10/04/2013;1,05;V
11/04/2013;1,05;V
12/04/2013;1,05;V
13/04/2013;1,04;V
14/04/2013;1,04;V
15/04/2013;1,04;V
16/04/2013;1,04;V
17/04/2013;1,04;V
18/04/2013;1,04;V
19/04/2013;1,02;V
20/04/2013;0,99;V
21/04/2013;0,99;V
22/04/2013;0,95;V
23/04/2013;0,85;V
24/04/2013;0,83;V
25/04/2013;0,84;V
26/04/2013;0,84;V
27/04/2013;0,84;V
28/04/2013;0,85;V
29/04/2013;0,84;V
30/04/2013;0,84;V
01/05/2013;0,84;V
02/05/2013;0,85;V
03/05/2013;0,84;V
04/05/2013;0,83;V
05/05/2013;0,85;V
06/05/2013;0,86;V
07/05/2013;0,85;V
08/05/2013;0,83;V
09/05/2013;0,84;V
10/05/2013;0,84;V
11/05/2013;0,84;V
12/05/2013;0,84;V
13/05/2013;0,83;V
14/05/2013;0,84;V
15/05/2013;0,87;V
16/05/2013;;@
17/05/2013;1,01;V
18/05/2013;1,06;V
19/05/2013;1,03;V
20/05/2013;0,99;V
21/05/2013;0,97;V
22/05/2013;0,96;V
23/05/2013;0,96;V
24/05/2013;0,95;V
25/05/2013;0,98;V
26/05/2013;1,07;V
27/05/2013;1,05;V
28/05/2013;1,00;V
29/05/2013;0,98;V
30/05/2013;1,08;V
31/05/2013;1,15;V
01/06/2013;1,05;V
02/06/2013;1,01;V
03/06/2013;0,99;V
04/06/2013;0,98;V
05/06/2013;0,98;V
06/06/2013;0,98;V
07/06/2013;0,94;V
08/06/2013;0,91;V
09/06/2013;0,91;V
10/06/2013;0,86;V
11/06/2013;0,87;V
12/06/2013;0,90;V
13/06/2013;0,90;V
14/06/2013;0,91;V
15/06/2013;0,90;V
16/06/2013;0,90;V
17/06/2013;0,86;V
18/06/2013;0,86;V
19/06/2013;0,86;V
20/06/2013;0,86;V
21/06/2013;0,85;V
22/06/2013;0,86;V
23/06/2013;0,86;V
24/06/2013;0,86;V
25/06/2013;0,85;V
26/06/2013;0,85;V
27/06/2013;0,86;V
28/06/2013;0,84;V
29/06/2013;0,84;V
30/06/2013;0,84;V
01/07/2013;0,84;V
02/07/2013;0,82;V
03/07/2013;0,82;V
04/07/2013;0,83;V
05/07/2013;0,83;V
06/07/2013;0,81;V
07/07/2013;0,82;V
08/07/2013;0,83;V
09/07/2013;0,84;V
10/07/2013;0,85;V
11/07/2013;0,84;V
12/07/2013;0,85;V
13/07/2013;0,85;V
14/07/2013;0,85;V
15/07/2013;0,84;V
16/07/2013;0,85;V
17/07/2013;0,85;V
18/07/2013;0,84;V
19/07/2013;0,85;V
20/07/2013;0,85;V
21/07/2013;0,85;V
22/07/2013;0,84;V
23/07/2013;0,84;V
24/07/2013;0,85;V
25/07/2013;0,87;V
26/07/2013;0,87;V
27/07/2013;0,87;V
28/07/2013;0,87;V
29/07/2013;0,87;V
30/07/2013;0,86;V
31/07/2013;0,86;V
01/08/2013;0,85;V
02/08/2013;0,87;V
03/08/2013;0,89;V
04/08/2013;0,91;V
05/08/2013;0,91;V
06/08/2013;0,90;V
07/08/2013;0,94;V
08/08/2013;0,97;V
09/08/2013;0,97;V
10/08/2013;0,97;V
11/08/2013;0,97;V
12/08/2013;0,97;V
13/08/2013;0,97;V
14/08/2013;0,97;V
15/08/2013;0,97;V
16/08/2013;0,97;V
17/08/2013;0,97;V
18/08/2013;0,97;V
19/08/2013;0,99;V
20/08/2013;0,99;V
21/08/2013;0,99;V
22/08/2013;0,99;V
23/08/2013;0,99;V
24/08/2013;0,99;V
25/08/2013;0,99;V
26/08/2013;0,99;V
27/08/2013;0,99;V
28/08/2013;0,99;V
29/08/2013;0,99;V
30/08/2013;0,99;V
31/08/2013;0,98;V
01/09/2013;0,98;V
02/09/2013;0,98;V
03/09/2013;0,98;V
04/09/2013;0,98;V
05/09/2013;0,98;V
06/09/2013;0,98;V
07/09/2013;0,98;V
08/09/2013;0,99;V
09/09/2013;0,98;V
10/09/2013;0,98;V
11/09/2013;0,98;V
12/09/2013;0,98;V
13/09/2013;0,98;V
14/09/2013;0,97;V
15/09/2013;0,99;V
16/09/2013;0,99;V
17/09/2013;0,98;V
18/09/2013;0,98;V
19/09/2013;0,98;V
20/09/2013;0,98;V
21/09/2013;0,98;V
22/09/2013;0,97;V
23/09/2013;0,97;V
24/09/2013;0,96;V
25/09/2013;0,96;V
26/09/2013;0,96;V
27/09/2013;0,97;V
28/09/2013;0,97;V
29/09/2013;0,98;V
30/09/2013;0,97;V
01/10/2013;0,96;V
02/10/2013;0,95;V
03/10/2013;0,94;V
04/10/2013;0,94;V
05/10/2013;1,00;V
06/10/2013;0,98;V
07/10/2013;0,96;V
08/10/2013;0,95;V
09/10/2013;0,95;V
10/10/2013;;@
11/10/2013;0,94;V
12/10/2013;0,94;V
13/10/2013;0,94;V
14/10/2013;0,94;V
15/10/2013;0,95;V
16/10/2013;0,95;V
17/10/2013;;@
18/10/2013;;@
19/10/2013;0,94;V
20/10/2013;0,95;V
21/10/2013;1,15;V
22/10/2013;1,00;V
23/10/2013;1,00;V
24/10/2013;1,04;V
25/10/2013;1,05;V
26/10/2013;1,05;V
27/10/2013;1,06;V
28/10/2013;1,06;V
29/10/2013;1,06;V
30/10/2013;1,06;V
31/10/2013;1,03;V
01/11/2013;1,00;V
02/11/2013;1,01;V
03/11/2013;1,01;V
04/11/2013;0,94;V
05/11/2013;0,90;V
06/11/2013;0,88;V
07/11/2013;;@
08/11/2013;0,88;V
09/11/2013;0,89;V
10/11/2013;0,88;V
11/11/2013;0,96;V
12/11/2013;0,90;V
13/11/2013;0,89;V
14/11/2013;0,89;V
15/11/2013;0,91;V
16/11/2013;0,89;V
17/11/2013;0,88;V
18/11/2013;0,88;V
19/11/2013;0,87;V
20/11/2013;0,86;V
21/11/2013;1,00;V
22/11/2013;0,96;V
23/11/2013;0,88;V
24/11/2013;0,87;V
25/11/2013;0,86;V
26/11/2013;0,85;V
27/11/2013;0,85;V
28/11/2013;0,84;V
29/11/2013;0,82;V
30/11/2013;0,82;V
01/12/2013;0,82;V
02/12/2013;0,82;V
03/12/2013;0,81;V
04/12/2013;0,81;V
05/12/2013;0,81;V
06/12/2013;0,81;V
07/12/2013;0,81;V
08/12/2013;0,81;V
09/12/2013;0,81;V
10/12/2013;0,81;V
11/12/2013;0,81;V
12/12/2013;0,81;V
13/12/2013;0,81;V
14/12/2013;0,82;V
15/12/2013;0,81;V
16/12/2013;0,80;V
17/12/2013;0,80;V
18/12/2013;0,79;V
19/12/2013;0,80;V
20/12/2013;0,81;V
21/12/2013;0,81;V
22/12/2013;0,81;V
23/12/2013;0,81;V
24/12/2013;0,81;V
25/12/2013;0,82;V
26/12/2013;0,92;V
27/12/2013;0,84;V
28/12/2013;0,82;V
29/12/2013;0,88;V
30/12/2013;0,84;V
31/12/2013;0,82;V
01/01/2014;0,83;P
02/01/2014;0,87;P
03/01/2014;1,01;P
04/01/2014;0,98;P
05/01/2014;1,16;P
06/01/2014;1,08;P
07/01/2014;1,06;P
08/01/2014;1,06;P
09/01/2014;1,07;P
10/01/2014;1,07;P
11/01/2014;;@
12/01/2014;1,05;P
13/01/2014;;@
14/01/2014;1,07;P
15/01/2014;1,03;P
16/01/2014;1,05;P
17/01/2014;1,20;P
18/01/2014;1,33;P
19/01/2014;1,37;P
20/01/2014;1,35;P
21/01/2014;1,24;P
22/01/2014;1,15;P
23/01/2014;1,09;P
24/01/2014;1,17;P
25/01/2014;1,14;P
26/01/2014;1,09;P
27/01/2014;;@
28/01/2014;1,07;P
29/01/2014;1,06;P
30/01/2014;1,58;P
31/01/2014;1,96;P
01/02/2014;1,41;P
02/02/2014;1,25;P
03/02/2014;1,23;P
04/02/2014;1,17;P
05/02/2014;1,20;P
06/02/2014;1,26;P
07/02/2014;1,23;P
08/02/2014;1,38;P
09/02/2014;1,31;P
10/02/2014;1,90;P
11/02/2014;2,14;P
12/02/2014;1,45;P
13/02/2014;1,25;P
14/02/2014;1,19;P
15/02/2014;1,13;P
16/02/2014;1,10;P
17/02/2014;1,08;P
18/02/2014;1,07;P
19/02/2014;1,08;P
20/02/2014;1,20;P
21/02/2014;1,20;P
22/02/2014;1,26;P
23/02/2014;1,21;P
24/02/2014;1,12;P
25/02/2014;1,08;P
26/02/2014;1,11;P
27/02/2014;1,14;P
28/02/2014;1,11;P
01/03/2014;;@
02/03/2014;;@
03/03/2014;1,10;P
04/03/2014;1,09;P
05/03/2014;1,19;P
06/03/2014;1,13;P
07/03/2014;1,08;P
08/03/2014;1,06;P
09/03/2014;1,06;P
10/03/2014;1,06;P
11/03/2014;1,06;P
12/03/2014;1,05;P
13/03/2014;1,06;P
14/03/2014;1,06;P
15/03/2014;1,06;P
16/03/2014;1,06;P
17/03/2014;1,06;P
18/03/2014;1,06;P
19/03/2014;0,98;P
20/03/2014;0,97;P
21/03/2014;1,06;P
22/03/2014;1,06;P
23/03/2014;1,09;P
24/03/2014;1,08;P
25/03/2014;1,06;P
26/03/2014;1,05;P
27/03/2014;1,06;P
28/03/2014;1,05;P
29/03/2014;1,04;P
30/03/2014;1,04;P
31/03/2014;1,04;P
01/04/2014;1,04;P
02/04/2014;1,01;P
03/04/2014;1,05;P
04/04/2014;0,97;P
05/04/2014;0,91;P
06/04/2014;0,90;P
07/04/2014;0,89;P
08/04/2014;0,96;P
09/04/2014;1,03;P
10/04/2014;0,95;P
11/04/2014;0,89;P
12/04/2014;0,89;P
13/04/2014;0,89;P
14/04/2014;0,87;P
15/04/2014;0,83;P
16/04/2014;0,82;P
17/04/2014;0,81;P
18/04/2014;0,82;P
19/04/2014;0,83;P
20/04/2014;0,82;P
21/04/2014;0,82;P
22/04/2014;0,82;P
23/04/2014;0,81;P
24/04/2014;0,81;P
25/04/2014;0,81;P
26/04/2014;0,82;P
27/04/2014;0,82;P
28/04/2014;0,83;P
29/04/2014;0,82;P
30/04/2014;0,82;P
01/05/2014;0,82;P
02/05/2014;0,83;P
03/05/2014;0,88;P
04/05/2014;0,85;P
05/05/2014;0,81;P
06/05/2014;0,81;P
07/05/2014;0,82;P
08/05/2014;0,87;P
09/05/2014;0,90;P
10/05/2014;0,91;P
11/05/2014;0,92;P
12/05/2014;0,85;P
13/05/2014;0,81;P
14/05/2014;0,81;P
15/05/2014;0,80;P
16/05/2014;0,80;P
17/05/2014;0,80;P
18/05/2014;0,81;P
19/05/2014;0,80;P
20/05/2014;0,81;P
21/05/2014;0,80;P
22/05/2014;0,81;P
23/05/2014;0,81;P
24/05/2014;0,80;P
25/05/2014;0,80;P
26/05/2014;0,81;P
27/05/2014;0,81;P
28/05/2014;0,81;P
29/05/2014;0,80;P
30/05/2014;0,81;P
31/05/2014;0,80;P
01/06/2014;0,80;P
02/06/2014;0,80;P
03/06/2014;0,80;P
04/06/2014;0,81;P
05/06/2014;0,80;P
06/06/2014;0,80;P
07/06/2014;0,80;P
08/06/2014;0,80;P
09/06/2014;0,79;P
10/06/2014;0,80;P
11/06/2014;0,80;P
12/06/2014;0,80;P
13/06/2014;0,81;P
14/06/2014;0,81;P
15/06/2014;0,81;P
16/06/2014;0,81;P
17/06/2014;0,83;P
18/06/2014;0,86;P
19/06/2014;0,85;P
20/06/2014;0,81;P
21/06/2014;0,80;P
22/06/2014;0,80;P
23/06/2014;0,82;P
24/06/2014;0,83;P
25/06/2014;0,84;P
26/06/2014;0,83;P
27/06/2014;0,83;P
28/06/2014;0,83;P
29/06/2014;0,83;P
30/06/2014;0,82;P
01/07/2014;0,80;P
02/07/2014;0,80;P
03/07/2014;0,80;P
04/07/2014;0,80;P
05/07/2014;0,80;P
06/07/2014;0,81;P
07/07/2014;0,82;P
08/07/2014;0,84;P
09/07/2014;0,84;P
10/07/2014;0,84;P
11/07/2014;0,84;P
12/07/2014;0,84;P
13/07/2014;0,84;P
14/07/2014;0,84;P
15/07/2014;0,83;P
16/07/2014;0,83;P
17/07/2014;0,83;P
18/07/2014;0,83;P
19/07/2014;0,82;P
20/07/2014;0,83;P
21/07/2014;0,83;P
22/07/2014;0,81;P
23/07/2014;0,80;P
24/07/2014;0,82;P
25/07/2014;0,81;P
26/07/2014;0,82;P
27/07/2014;0,81;P
28/07/2014;0,81;P
29/07/2014;0,81;P
30/07/2014;0,84;P
31/07/2014;0,81;P
01/08/2014;0,81;P
02/08/2014;0,81;P
03/08/2014;0,82;P
04/08/2014;0,81;P
05/08/2014;0,81;P
06/08/2014;0,81;P
07/08/2014;0,84;P
08/08/2014;0,86;P
09/08/2014;0,86;P
10/08/2014;0,86;P
11/08/2014;0,86;P
12/08/2014;0,86;P
13/08/2014;0,86;P
14/08/2014;0,85;P
15/08/2014;0,86;P
16/08/2014;0,86;P
17/08/2014;0,85;P
18/08/2014;0,86;P
19/08/2014;0,86;P
20/08/2014;0,86;P
21/08/2014;0,86;P
22/08/2014;0,86;P
23/08/2014;0,86;P
24/08/2014;0,86;P
25/08/2014;0,86;P
26/08/2014;0,86;P
27/08/2014;0,86;P
28/08/2014;0,86;P
29/08/2014;0,85;P
30/08/2014;0,86;P
31/08/2014;0,86;P
01/09/2014;0,86;P
02/09/2014;0,86;P
03/09/2014;0,86;P
04/09/2014;0,86;P
05/09/2014;0,86;P
06/09/2014;0,85;P
07/09/2014;0,86;P
08/09/2014;0,86;P
09/09/2014;0,85;P
10/09/2014;0,84;P
11/09/2014;0,81;P
12/09/2014;0,83;P
13/09/2014;0,83;P
14/09/2014;0,83;P
15/09/2014;0,83;P
16/09/2014;0,84;P
17/09/2014;0,83;P
18/09/2014;0,83;P
19/09/2014;0,84;P
20/09/2014;0,99;P
21/09/2014;0,85;P
22/09/2014;0,91;P
23/09/2014;0,98;P
24/09/2014;0,99;P
25/09/2014;0,99;P
26/09/2014;0,98;P
27/09/2014;0,98;P
28/09/2014;0,98;P
29/09/2014;0,91;P
30/09/2014;0,88;P
01/10/2014;0,89;P
02/10/2014;0,88;P
03/10/2014;0,88;P
04/10/2014;0,88;P
05/10/2014;0,88;P
06/10/2014;0,88;P
07/10/2014;0,89;P
08/10/2014;0,88;P
09/10/2014;0,89;P
10/10/2014;0,89;P
11/10/2014;0,90;P
12/10/2014;0,90;P
13/10/2014;0,93;P
14/10/2014;0,92;P
15/10/2014;0,99;P
16/10/2014;0,92;P
17/10/2014;0,92;P
18/10/2014;0,91;P
19/10/2014;0,89;P
20/10/2014;0,89;P
21/10/2014;0,90;P
22/10/2014;0,88;P
23/10/2014;0,87;P
24/10/2014;0,88;P
25/10/2014;0,88;P
26/10/2014;0,89;P
27/10/2014;0,89;P
28/10/2014;0,88;P
29/10/2014;0,88;P
30/10/2014;0,88;P
31/10/2014;0,88;P
01/11/2014;0,88;P
02/11/2014;0,88;P
03/11/2014;0,89;P
04/11/2014;0,89;P
05/11/2014;0,97;P
06/11/2014;1,00;P
07/11/2014;0,94;P
08/11/2014;0,92;P
09/11/2014;0,90;P
10/11/2014;0,94;P
11/11/2014;0,94;P
12/11/2014;0,92;P
13/11/2014;0,92;P
14/11/2014;0,92;P
15/11/2014;0,95;P
16/11/2014;1,00;P
17/11/2014;1,13;P
18/11/2014;1,17;P
19/11/2014;1,13;P
20/11/2014;1,06;P
21/11/2014;1,06;P
22/11/2014;1,05;P
23/11/2014;1,04;P
24/11/2014;1,04;P
25/11/2014;1,04;P
26/11/2014;1,09;P
27/11/2014;1,07;P
28/11/2014;1,06;P
29/11/2014;1,05;P
30/11/2014;1,05;P
01/12/2014;1,05;P
02/12/2014;1,04;P
03/12/2014;1,05;P
04/12/2014;1,07;P
05/12/2014;1,07;P
06/12/2014;1,06;P
07/12/2014;1,05;P
08/12/2014;1,05;P
09/12/2014;1,04;P
10/12/2014;1,04;P
11/12/2014;1,04;P
12/12/2014;0,96;P
13/12/2014;0,86;P
14/12/2014;0,86;P
15/12/2014;0,86;P
16/12/2014;0,86;P
17/12/2014;0,86;P
18/12/2014;0,86;P
19/12/2014;0,86;P
20/12/2014;0,86;P
21/12/2014;0,85;P
22/12/2014;0,85;P
23/12/2014;0,86;P
24/12/2014;0,86;P
25/12/2014;0,86;P
26/12/2014;0,85;P
27/12/2014;0,90;P
28/12/2014;0,88;P
29/12/2014;0,86;P
30/12/2014;0,85;P
31/12/2014;0,85;P
01/01/2015;0,85;P
02/01/2015;0,85;P
03/01/2015;0,86;P
04/01/2015;0,85;P
05/01/2015;0,84;P
06/01/2015;0,85;P
07/01/2015;0,85;P
08/01/2015;0,85;P
09/01/2015;0,86;P
10/01/2015;0,86;P
11/01/2015;0,85;P
12/01/2015;0,84;P
13/01/2015;0,85;P
14/01/2015;0,86;P
15/01/2015;0,85;P
16/01/2015;0,86;P
17/01/2015;0,86;P
18/01/2015;0,84;P
19/01/2015;0,84;P
20/01/2015;0,86;P
21/01/2015;0,84;P
22/01/2015;0,83;P
23/01/2015;0,84;P
24/01/2015;0,84;P
25/01/2015;0,84;P
26/01/2015;0,84;P
27/01/2015;0,84;P
28/01/2015;0,83;P
29/01/2015;0,84;P
30/01/2015;1,09;P
31/01/2015;1,02;P
01/02/2015;1,01;P
02/02/2015;1,01;P
03/02/2015;1,01;P
04/02/2015;1,01;P
05/02/2015;1,10;P
06/02/2015;1,08;P
07/02/2015;1,07;P
08/02/2015;1,05;P
09/02/2015;1,02;P
10/02/2015;1,01;P
11/02/2015;0,96;P
12/02/2015;0,92;P
13/02/2015;0,92;P
14/02/2015;0,92;P
15/02/2015;0,92;P
16/02/2015;0,92;P
17/02/2015;0,92;P
18/02/2015;0,92;P
19/02/2015;0,91;P
20/02/2015;0,91;P
21/02/2015;0,92;P
22/02/2015;0,97;P
23/02/2015;0,92;P
24/02/2015;0,92;P
25/02/2015;0,92;P
26/02/2015;;@
27/02/2015;;@
28/02/2015;1,04;P
01/03/2015;1,05;P
02/03/2015;1,07;P
03/03/2015;1,05;P
04/03/2015;1,08;P
05/03/2015;1,06;P
06/03/2015;0,97;P
07/03/2015;1,06;P
08/03/2015;1,06;P
09/03/2015;1,05;P
10/03/2015;0,98;P
11/03/2015;0,92;P
12/03/2015;0,92;P
13/03/2015;0,92;P
14/03/2015;0,92;P
15/03/2015;0,92;P
16/03/2015;0,94;P
17/03/2015;0,98;P
18/03/2015;0,94;P
19/03/2015;0,93;P
20/03/2015;0,93;P
21/03/2015;0,93;P
22/03/2015;0,93;P
23/03/2015;0,90;P
24/03/2015;0,87;P
25/03/2015;0,87;P
26/03/2015;1,08;P
27/03/2015;1,08;P
28/03/2015;1,06;P
29/03/2015;1,06;P
30/03/2015;1,07;P
31/03/2015;1,07;P
01/04/2015;1,05;P
02/04/2015;1,05;P
03/04/2015;1,02;P
04/04/2015;1,03;P
05/04/2015;1,03;P
06/04/2015;1,01;P
07/04/2015;1,01;P
08/04/2015;1,01;P
09/04/2015;0,93;P
10/04/2015;0,88;P
11/04/2015;0,88;P
12/04/2015;0,88;P
13/04/2015;0,88;P
14/04/2015;0,88;P
15/04/2015;0,88;P
16/04/2015;0,88;P
17/04/2015;0,89;P
18/04/2015;0,89;P
19/04/2015;0,89;P
20/04/2015;0,86;P
21/04/2015;0,86;P
22/04/2015;0,86;P
23/04/2015;0,86;P
24/04/2015;0,86;P
25/04/2015;0,87;P
26/04/2015;0,87;P
27/04/2015;0,88;P
28/04/2015;0,88;P
29/04/2015;0,90;P
30/04/2015;0,90;P
01/05/2015;0,88;P
02/05/2015;0,88;P
03/05/2015;0,87;P
04/05/2015;0,86;P
05/05/2015;0,86;P
06/05/2015;0,86;P
07/05/2015;0,86;P
08/05/2015;0,86;P
09/05/2015;0,85;P
10/05/2015;0,85;P
11/05/2015;0,84;P
12/05/2015;0,84;P
13/05/2015;0,84;P
14/05/2015;0,84;P
15/05/2015;0,85;P
16/05/2015;0,86;P
17/05/2015;0,84;P
18/05/2015;0,82;P
19/05/2015;0,81;P
20/05/2015;0,82;P
21/05/2015;0,82;P
22/05/2015;0,83;P
23/05/2015;0,83;P
24/05/2015;0,82;P
25/05/2015;0,82;P
26/05/2015;0,83;P
27/05/2015;0,81;P
28/05/2015;0,81;P
29/05/2015;0,81;P
30/05/2015;0,81;P
31/05/2015;0,81;P
01/06/2015;0,80;P
02/06/2015;0,81;P
03/06/2015;0,80;P
04/06/2015;0,80;P
05/06/2015;0,80;P
06/06/2015;0,80;P
07/06/2015;0,80;P
08/06/2015;0,80;P
09/06/2015;0,81;P
10/06/2015;0,81;P
11/06/2015;0,81;P
12/06/2015;0,81;P
13/06/2015;0,80;P
14/06/2015;0,81;P
15/06/2015;0,81;P
16/06/2015;0,81;P
17/06/2015;0,81;P
18/06/2015;0,81;P
19/06/2015;0,81;P
20/06/2015;0,81;P
21/06/2015;0,83;P
22/06/2015;0,84;P
23/06/2015;0,84;P
24/06/2015;0,83;P
25/06/2015;0,83;P
26/06/2015;0,83;P
27/06/2015;0,83;P
28/06/2015;0,83;P
29/06/2015;0,82;P
30/06/2015;0,80;P
01/07/2015;0,80;P
02/07/2015;0,80;P
03/07/2015;0,80;P
04/07/2015;0,80;P
05/07/2015;0,80;P
06/07/2015;0,81;P
07/07/2015;0,83;P
08/07/2015;0,83;P
09/07/2015;0,85;P
10/07/2015;0,85;P
11/07/2015;0,85;P
12/07/2015;0,85;P
13/07/2015;0,87;P
14/07/2015;0,88;P
15/07/2015;0,87;P
16/07/2015;0,87;P
17/07/2015;0,87;P
18/07/2015;0,87;P
19/07/2015;0,87;P
20/07/2015;0,87;P
21/07/2015;0,87;P
22/07/2015;0,89;P
23/07/2015;0,91;P
24/07/2015;0,92;P
25/07/2015;0,92;P
26/07/2015;0,92;P
27/07/2015;0,92;P
28/07/2015;0,92;P
29/07/2015;0,92;P
30/07/2015;0,91;P
31/07/2015;0,92;P
01/08/2015;0,93;P
02/08/2015;0,93;P
03/08/2015;0,92;P
04/08/2015;0,92;P
05/08/2015;0,92;P
06/08/2015;0,91;P
07/08/2015;0,91;P
08/08/2015;0,92;P
09/08/2015;0,92;P
10/08/2015;0,92;P
11/08/2015;0,86;P
12/08/2015;0,85;P
13/08/2015;0,88;P
14/08/2015;0,90;P
15/08/2015;0,91;P
16/08/2015;0,91;P
17/08/2015;0,91;P
18/08/2015;0,91;P
19/08/2015;0,92;P
20/08/2015;0,91;P
21/08/2015;0,91;P
22/08/2015;0,90;P
23/08/2015;0,90;P
24/08/2015;0,91;P
25/08/2015;0,90;P
26/08/2015;0,90;P
27/08/2015;0,90;P
28/08/2015;0,90;P
29/08/2015;0,89;P
30/08/2015;0,90;P
31/08/2015;0,89;P
01/09/2015;0,90;P
02/09/2015;0,90;P
03/09/2015;0,90;P
04/09/2015;0,90;P
05/09/2015;0,90;P
06/09/2015;0,89;P
07/09/2015;0,89;P
08/09/2015;0,89;P
09/09/2015;0,89;P
10/09/2015;0,89;P
11/09/2015;0,89;P
12/09/2015;0,90;P
13/09/2015;0,91;P
14/09/2015;0,91;P
15/09/2015;0,90;P
16/09/2015;0,91;P
17/09/2015;0,90;P
18/09/2015;0,90;P
19/09/2015;0,90;P
20/09/2015;0,90;P
21/09/2015;0,89;P
22/09/2015;0,90;P
23/09/2015;0,91;P
24/09/2015;0,92;P
25/09/2015;0,91;P
26/09/2015;0,90;P
27/09/2015;0,90;P
28/09/2015;0,91;P
29/09/2015;0,91;P
30/09/2015;0,93;P
01/10/2015;0,92;P
02/10/2015;0,92;P
03/10/2015;0,91;P
04/10/2015;0,92;P
05/10/2015;0,92;P
06/10/2015;0,92;P
07/10/2015;0,92;P
08/10/2015;0,91;P
09/10/2015;0,90;P
10/10/2015;0,92;P
11/10/2015;0,90;P
12/10/2015;0,91;P
13/10/2015;0,94;P
14/10/2015;0,95;P
15/10/2015;0,93;P
16/10/2015;0,92;P
17/10/2015;0,91;P
18/10/2015;0,92;P
19/10/2015;0,90;P
20/10/2015;0,90;P
21/10/2015;0,91;P
22/10/2015;0,90;P
23/10/2015;0,91;P
24/10/2015;0,91;P
25/10/2015;0,91;P
26/10/2015;0,91;P
27/10/2015;0,92;P
28/10/2015;0,91;P
29/10/2015;0,94;P
30/10/2015;0,85;P
31/10/2015;0,85;P
01/11/2015;0,85;P
02/11/2015;0,84;P
03/11/2015;0,84;P
04/11/2015;0,85;P
05/11/2015;0,85;P
06/11/2015;0,85;P
07/11/2015;0,85;P
08/11/2015;0,84;P
09/11/2015;0,85;P
10/11/2015;0,84;P
11/11/2015;0,86;P
12/11/2015;0,84;P
13/11/2015;0,86;P
14/11/2015;0,83;P
15/11/2015;0,86;P
16/11/2015;0,85;P
17/11/2015;0,86;P
18/11/2015;0,85;P
19/11/2015;0,86;P
20/11/2015;0,86;P
21/11/2015;0,86;P
22/11/2015;0,87;P
23/11/2015;0,86;P
24/11/2015;0,85;P
25/11/2015;0,85;P
26/11/2015;0,86;P
27/11/2015;0,85;P
28/11/2015;0,84;P
29/11/2015;0,85;P
30/11/2015;0,86;P
01/12/2015;0,86;P
02/12/2015;0,85;P
03/12/2015;0,86;P
04/12/2015;0,86;P
05/12/2015;0,85;P
06/12/2015;0,84;P
07/12/2015;0,85;P
08/12/2015;0,85;P
09/12/2015;0,84;P
10/12/2015;0,82;P
11/12/2015;0,82;P
12/12/2015;0,82;P
13/12/2015;0,83;P
14/12/2015;0,82;P
15/12/2015;0,83;P
16/12/2015;0,82;P
17/12/2015;0,81;P
18/12/2015;0,83;P
19/12/2015;0,82;P
20/12/2015;0,83;P
21/12/2015;0,82;P
22/12/2015;0,83;P
23/12/2015;0,83;P
24/12/2015;0,83;P
25/12/2015;0,83;P
26/12/2015;0,82;P
27/12/2015;0,83;P
28/12/2015;0,83;P
29/12/2015;0,88;P
30/12/2015;0,93;P
31/12/2015;0,92;P
01/01/2016;;@
02/01/2016;;@
03/01/2016;;@
04/01/2016;;@
05/01/2016;;@
06/01/2016;;@
07/01/2016;;@
08/01/2016;0,86;V
09/01/2016;0,85;V
10/01/2016;0,89;V
11/01/2016;0,86;V
12/01/2016;0,85;V
13/01/2016;0,83;V
14/01/2016;0,89;V
15/01/2016;0,91;V
16/01/2016;0,85;V
17/01/2016;0,83;V
18/01/2016;0,83;V
19/01/2016;0,83;V
20/01/2016;0,83;V
21/01/2016;0,82;V
22/01/2016;0,82;V
23/01/2016;0,82;V
24/01/2016;0,82;V
25/01/2016;0,83;V
26/01/2016;0,83;V
27/01/2016;0,83;V
28/01/2016;0,83;V
29/01/2016;0,83;V
30/01/2016;0,83;V
31/01/2016;0,83;V
01/02/2016;0,83;V
02/02/2016;0,83;V
03/02/2016;0,83;V
04/02/2016;0,85;V
05/02/2016;0,83;V
06/02/2016;0,84;V
07/02/2016;0,83;V
08/02/2016;0,86;V
09/02/2016;0,87;V
10/02/2016;1,03;V
11/02/2016;0,90;V
12/02/2016;1,04;V
13/02/2016;1,11;V
14/02/2016;1,18;V
15/02/2016;1,17;V
16/02/2016;1,43;V
17/02/2016;1,44;V
18/02/2016;1,29;V
19/02/2016;1,17;V
20/02/2016;1,10;V
21/02/2016;1,07;V
22/02/2016;1,06;V
23/02/2016;1,07;V
24/02/2016;1,07;V
25/02/2016;1,07;V
26/02/2016;1,07;V
27/02/2016;1,13;V
28/02/2016;1,24;V
29/02/2016;1,45;V
01/03/2016;1,37;V
02/03/2016;1,21;V
03/03/2016;1,21;V
04/03/2016;1,16;V
05/03/2016;1,19;V
06/03/2016;1,39;V
07/03/2016;1,27;V
08/03/2016;1,20;V
09/03/2016;1,16;V
10/03/2016;1,11;V
11/03/2016;1,07;V
12/03/2016;1,07;V
13/03/2016;1,07;V
14/03/2016;1,06;V
15/03/2016;1,05;V
16/03/2016;1,06;V
17/03/2016;1,06;V
18/03/2016;1,05;V
19/03/2016;1,05;V
20/03/2016;1,06;V
21/03/2016;1,06;V
22/03/2016;1,06;V
23/03/2016;1,03;V
24/03/2016;0,97;V
25/03/2016;0,93;V
26/03/2016;0,91;V
27/03/2016;0,92;V
28/03/2016;0,92;V
29/03/2016;0,88;V
30/03/2016;0,85;V
31/03/2016;0,84;V
01/04/2016;0,82;V
02/04/2016;0,82;V
03/04/2016;0,82;V
04/04/2016;0,82;V
05/04/2016;0,82;V
06/04/2016;0,82;V
07/04/2016;0,82;V
08/04/2016;0,83;V
09/04/2016;0,83;V
10/04/2016;0,82;V
11/04/2016;0,81;V
12/04/2016;0,81;V
13/04/2016;0,82;V
14/04/2016;0,82;V
15/04/2016;0,81;V
16/04/2016;0,81;V
17/04/2016;0,82;V
18/04/2016;0,81;V
19/04/2016;0,81;V
20/04/2016;0,81;V
21/04/2016;0,81;V
22/04/2016;0,82;V
23/04/2016;0,83;V
24/04/2016;0,83;V
25/04/2016;0,82;V
26/04/2016;0,82;V
27/04/2016;0,82;V
28/04/2016;0,82;V
29/04/2016;0,81;V
30/04/2016;0,82;V
01/05/2016;0,82;V
02/05/2016;0,83;V
03/05/2016;0,82;V
04/05/2016;0,81;V
05/05/2016;0,81;V
06/05/2016;0,81;V
07/05/2016;0,81;V
08/05/2016;0,82;V
09/05/2016;0,82;V
10/05/2016;0,82;V
11/05/2016;0,82;V
12/05/2016;0,83;V
13/05/2016;0,82;V
14/05/2016;0,82;V
15/05/2016;0,82;V
16/05/2016;0,82;V
17/05/2016;0,81;V
18/05/2016;0,81;V
19/05/2016;0,82;V
20/05/2016;0,82;V
21/05/2016;0,81;V
22/05/2016;0,80;V
23/05/2016;0,83;V
24/05/2016;0,86;V
25/05/2016;0,86;V
26/05/2016;0,86;V
27/05/2016;0,86;V
28/05/2016;0,86;V
29/05/2016;0,87;V
30/05/2016;0,87;V
31/05/2016;0,87;V
01/06/2016;0,87;V
02/06/2016;0,88;V
03/06/2016;0,87;V
04/06/2016;0,87;V
05/06/2016;0,87;V
06/06/2016;0,85;V
07/06/2016;0,85;V
08/06/2016;0,85;V
09/06/2016;0,86;V
10/06/2016;0,84;V
11/06/2016;0,85;V
12/06/2016;0,85;V
13/06/2016;0,85;V
14/06/2016;0,85;V
15/06/2016;0,84;V
16/06/2016;0,85;V
17/06/2016;0,84;V
18/06/2016;0,84;V
19/06/2016;0,85;V
20/06/2016;0,84;V
21/06/2016;0,84;V
22/06/2016;0,83;V
23/06/2016;0,84;V
24/06/2016;0,83;V
25/06/2016;0,83;V
26/06/2016;0,83;V
27/06/2016;0,82;V
28/06/2016;0,82;V
29/06/2016;0,82;V
30/06/2016;0,82;V
01/07/2016;0,82;V
02/07/2016;0,83;V
03/07/2016;0,82;V
04/07/2016;0,82;V
05/07/2016;0,83;V
06/07/2016;0,83;V
07/07/2016;0,83;V
08/07/2016;0,82;V
09/07/2016;0,82;V
10/07/2016;0,82;V
11/07/2016;0,82;V
12/07/2016;0,85;V
13/07/2016;0,88;V
14/07/2016;0,87;V
15/07/2016;0,88;V
16/07/2016;0,87;V
17/07/2016;0,87;V
18/07/2016;0,87;V
19/07/2016;0,87;V
20/07/2016;0,84;V
21/07/2016;0,86;V
22/07/2016;0,87;V
23/07/2016;0,87;V
24/07/2016;0,89;V
25/07/2016;0,89;V
26/07/2016;0,88;V
27/07/2016;0,89;V
28/07/2016;0,86;V
29/07/2016;0,88;V
30/07/2016;0,88;V
31/07/2016;0,89;V
01/08/2016;0,89;V
02/08/2016;0,90;V
03/08/2016;0,90;V
04/08/2016;0,89;V
05/08/2016;0,89;V
06/08/2016;0,91;V
07/08/2016;0,90;V
08/08/2016;0,89;V
09/08/2016;0,89;V
10/08/2016;0,89;V
11/08/2016;0,89;V
12/08/2016;0,88;V
13/08/2016;0,90;V
14/08/2016;0,89;V
15/08/2016;0,86;V
16/08/2016;0,88;V
17/08/2016;0,89;V
18/08/2016;0,89;V
19/08/2016;0,89;V
20/08/2016;0,89;V
21/08/2016;0,88;V
22/08/2016;0,89;V
23/08/2016;0,91;V
24/08/2016;0,92;V
25/08/2016;0,92;V
26/08/2016;0,92;V
27/08/2016;0,92;V
28/08/2016;0,92;V
29/08/2016;0,93;V
30/08/2016;0,92;V
31/08/2016;0,93;V
01/09/2016;0,91;V
02/09/2016;0,90;V
03/09/2016;0,91;V
04/09/2016;0,92;V
05/09/2016;0,92;V
06/09/2016;0,91;V
07/09/2016;0,90;V
08/09/2016;0,89;V
09/09/2016;0,91;V
10/09/2016;0,92;V
11/09/2016;0,92;V
12/09/2016;0,92;V
13/09/2016;0,92;V
14/09/2016;0,92;V
15/09/2016;0,93;V
16/09/2016;0,96;V
17/09/2016;0,94;V
18/09/2016;0,93;V
19/09/2016;0,93;V
20/09/2016;0,92;V
21/09/2016;0,93;V
22/09/2016;0,92;V
23/09/2016;0,92;V
24/09/2016;0,92;V
25/09/2016;0,92;V
26/09/2016;0,92;V
27/09/2016;0,92;V
28/09/2016;0,92;V
29/09/2016;0,92;V
30/09/2016;0,93;V
01/10/2016;0,93;V
02/10/2016;0,94;V
03/10/2016;0,93;V
04/10/2016;0,89;V
05/10/2016;0,89;V
06/10/2016;0,89;V
07/10/2016;0,88;V
08/10/2016;0,89;V
09/10/2016;0,89;V
10/10/2016;0,89;V
11/10/2016;0,89;V
12/10/2016;0,88;V
13/10/2016;0,89;V
14/10/2016;0,92;V
15/10/2016;0,91;V
16/10/2016;0,89;V
17/10/2016;0,89;V
18/10/2016;0,89;V
19/10/2016;0,90;V
20/10/2016;0,90;V
21/10/2016;0,88;V
22/10/2016;0,88;V
23/10/2016;0,90;V
24/10/2016;0,90;V
25/10/2016;0,90;V
26/10/2016;0,88;V
27/10/2016;0,85;V
28/10/2016;0,81;V
29/10/2016;0,81;V
30/10/2016;0,82;V
31/10/2016;0,82;V
01/11/2016;0,83;V
02/11/2016;0,83;V
03/11/2016;0,82;V
04/11/2016;0,83;V
05/11/2016;0,88;V
06/11/2016;0,98;V
07/11/2016;0,86;V
08/11/2016;0,83;V
09/11/2016;0,83;V
10/11/2016;0,83;V
11/11/2016;0,84;V
12/11/2016;0,84;V
13/11/2016;0,83;V
14/11/2016;0,83;V
15/11/2016;0,82;V
16/11/2016;0,83;V
17/11/2016;0,83;V
18/11/2016;0,89;V
19/11/2016;1,07;V
20/11/2016;0,88;V
21/11/2016;0,86;V
22/11/2016;0,85;V
23/11/2016;0,84;V
24/11/2016;0,83;V
25/11/2016;0,84;V
26/11/2016;0,83;V
27/11/2016;0,83;V
28/11/2016;0,83;V
29/11/2016;0,83;V
30/11/2016;0,82;V
01/12/2016;0,83;V
02/12/2016;0,82;V
03/12/2016;0,83;V
04/12/2016;0,83;V
05/12/2016;0,82;V
06/12/2016;0,82;V
07/12/2016;0,82;V
08/12/2016;0,82;V
09/12/2016;0,82;V
10/12/2016;0,82;V
11/12/2016;0,83;V
12/12/2016;0,82;V
13/12/2016;0,84;V
14/12/2016;0,83;V
15/12/2016;0,83;V
16/12/2016;0,83;V
17/12/2016;0,82;V
18/12/2016;0,81;V
19/12/2016;0,82;V
20/12/2016;0,83;V
21/12/2016;0,82;V
22/12/2016;0,82;V
23/12/2016;0,82;V
24/12/2016;0,82;V
25/12/2016;0,82;V
26/12/2016;0,83;V
27/12/2016;0,83;V
28/12/2016;0,82;V
29/12/2016;0,82;V
30/12/2016;0,81;V
31/12/2016;0,81;V
01/01/2017;0,81;V
02/01/2017;0,83;V
03/01/2017;0,85;V
04/01/2017;0,83;V
05/01/2017;0,83;V
06/01/2017;0,82;V
07/01/2017;0,82;V
08/01/2017;0,82;V
09/01/2017;0,81;V
10/01/2017;0,83;V
11/01/2017;0,82;V
12/01/2017;0,83;V
13/01/2017;0,86;V
14/01/2017;0,84;V
15/01/2017;0,83;V
16/01/2017;0,83;V
17/01/2017;0,83;V
18/01/2017;0,83;V
19/01/2017;0,83;V
20/01/2017;0,83;V
21/01/2017;0,83;V
22/01/2017;0,82;V
23/01/2017;0,83;V
24/01/2017;0,82;V
25/01/2017;0,82;V
26/01/2017;0,82;V
27/01/2017;0,82;V
28/01/2017;0,82;V
29/01/2017;0,82;V
30/01/2017;0,83;V
31/01/2017;0,83;V
01/02/2017;0,83;V
02/02/2017;0,84;V
03/02/2017;0,84;V
04/02/2017;0,92;V
05/02/2017;1,12;V
06/02/2017;1,05;V
07/02/2017;1,03;V
08/02/2017;1,02;V
09/02/2017;1,01;V
10/02/2017;1,01;V
11/02/2017;1,01;V
12/02/2017;1,00;V
13/02/2017;1,00;V
14/02/2017;1,00;V
15/02/2017;0,99;V
16/02/2017;1,00;V
17/02/2017;1,01;V
18/02/2017;1,00;V
19/02/2017;0,99;V
20/02/2017;0,99;V
21/02/2017;1,01;V
22/02/2017;1,01;V
23/02/2017;0,92;V
24/02/2017;0,86;V
25/02/2017;0,92;V
26/02/2017;0,85;V
27/02/2017;0,86;V
28/02/2017;0,87;V
01/03/2017;0,88;V
02/03/2017;0,94;V
03/03/2017;1,04;V
04/03/2017;1,07;V
05/03/2017;1,11;V
06/03/2017;1,16;V
07/03/2017;1,13;V
08/03/2017;1,06;V
09/03/2017;1,06;V
10/03/2017;1,06;V
11/03/2017;1,05;V
12/03/2017;1,05;V
13/03/2017;1,05;V
14/03/2017;1,05;V
15/03/2017;1,05;V
16/03/2017;1,04;V
17/03/2017;1,05;V
18/03/2017;1,06;V
19/03/2017;1,05;V
20/03/2017;1,06;V
21/03/2017;0,93;V
22/03/2017;0,84;V
23/03/2017;0,84;V
24/03/2017;0,83;V
25/03/2017;0,83;V
26/03/2017;0,83;V
27/03/2017;0,82;V
28/03/2017;0,82;V
29/03/2017;0,82;V
30/03/2017;0,83;V
31/03/2017;0,85;V
01/04/2017;0,83;V
02/04/2017;0,83;V
03/04/2017;0,83;V
04/04/2017;0,83;V
05/04/2017;0,81;V
06/04/2017;0,81;V
07/04/2017;0,83;V
08/04/2017;0,81;V
09/04/2017;0,81;V
10/04/2017;0,82;V
11/04/2017;0,82;V
12/04/2017;0,81;V
13/04/2017;0,82;V
14/04/2017;0,82;V
15/04/2017;0,83;V
16/04/2017;0,82;V
17/04/2017;0,82;V
18/04/2017;0,82;V
19/04/2017;0,82;V
20/04/2017;0,81;V
21/04/2017;0,81;V
22/04/2017;0,82;V
23/04/2017;0,82;V
24/04/2017;0,82;V
25/04/2017;0,82;V
26/04/2017;0,83;V
27/04/2017;0,83;V
28/04/2017;0,83;V
29/04/2017;0,82;V
30/04/2017;0,81;V
01/05/2017;0,82;V
02/05/2017;0,84;V
03/05/2017;0,83;V
04/05/2017;0,83;V
05/05/2017;0,82;V
06/05/2017;0,84;V
07/05/2017;0,85;V
08/05/2017;0,85;V
09/05/2017;0,85;V
10/05/2017;0,84;V
11/05/2017;0,84;V
12/05/2017;0,84;V
13/05/2017;0,92;V
14/05/2017;0,98;V
15/05/2017;0,83;V
16/05/2017;0,81;V
17/05/2017;0,81;V
18/05/2017;0,81;V
19/05/2017;0,81;V
20/05/2017;0,82;V
21/05/2017;0,82;V
22/05/2017;0,82;V
23/05/2017;0,82;V
24/05/2017;0,81;V
25/05/2017;0,82;V
26/05/2017;0,82;V
27/05/2017;0,81;V
28/05/2017;0,81;V
29/05/2017;0,81;V
30/05/2017;0,81;V
31/05/2017;0,81;V
01/06/2017;0,81;V
02/06/2017;0,81;V
03/06/2017;0,81;V
04/06/2017;0,81;V
05/06/2017;0,82;V
06/06/2017;0,82;V
07/06/2017;0,81;V
08/06/2017;0,81;V
09/06/2017;0,81;V
10/06/2017;0,80;V
11/06/2017;0,81;V
12/06/2017;0,81;V
13/06/2017;0,81;V
14/06/2017;0,82;V
15/06/2017;0,82;V
16/06/2017;0,82;V
17/06/2017;0,81;V
18/06/2017;0,81;V
19/06/2017;0,81;V
20/06/2017;0,81;V
21/06/2017;0,81;V
22/06/2017;0,83;V
23/06/2017;0,84;V
24/06/2017;0,84;V
25/06/2017;0,84;V
26/06/2017;0,84;V
27/06/2017;0,84;V
28/06/2017;0,85;V
29/06/2017;0,84;V
30/06/2017;0,84;V
01/07/2017;0,84;V
02/07/2017;0,83;V
03/07/2017;0,83;V
04/07/2017;0,83;V
05/07/2017;0,83;V
06/07/2017;0,83;V
07/07/2017;0,83;V
08/07/2017;0,83;V
09/07/2017;0,83;V
10/07/2017;0,83;V
11/07/2017;0,84;V
12/07/2017;0,84;V
13/07/2017;0,85;V
14/07/2017;0,87;V
15/07/2017;0,87;V
16/07/2017;0,86;V
17/07/2017;0,86;V
18/07/2017;0,86;V
19/07/2017;0,86;V
20/07/2017;0,86;V
21/07/2017;0,86;V
22/07/2017;0,87;V
23/07/2017;0,87;V
24/07/2017;0,87;V
25/07/2017;0,87;V
26/07/2017;0,87;V
27/07/2017;0,87;V
28/07/2017;0,87;V
29/07/2017;0,86;V
30/07/2017;0,87;V
31/07/2017;0,86;V
01/08/2017;0,86;V
02/08/2017;0,85;V
03/08/2017;0,85;V
04/08/2017;0,86;V
05/08/2017;0,88;V
06/08/2017;0,89;V
07/08/2017;0,89;V
08/08/2017;0,89;V
09/08/2017;0,89;V
10/08/2017;0,90;V
11/08/2017;0,89;V
12/08/2017;0,89;V
13/08/2017;0,88;V
14/08/2017;0,88;V
15/08/2017;0,88;V
16/08/2017;0,88;V
17/08/2017;0,88;V
18/08/2017;0,88;V
19/08/2017;0,89;V
20/08/2017;0,88;V
21/08/2017;0,88;V
22/08/2017;0,88;V
23/08/2017;0,89;V
24/08/2017;0,91;V
25/08/2017;0,91;V
26/08/2017;0,90;V
27/08/2017;0,90;V
28/08/2017;0,92;V
29/08/2017;0,91;V
30/08/2017;0,91;V
31/08/2017;0,91;V
01/09/2017;0,91;V
02/09/2017;0,91;V
03/09/2017;0,91;V
04/09/2017;0,90;V
05/09/2017;0,91;V
06/09/2017;0,91;V
07/09/2017;0,92;V
08/09/2017;0,91;V
09/09/2017;0,93;V
10/09/2017;0,93;V
11/09/2017;0,91;V
12/09/2017;0,87;V
13/09/2017;0,87;V
14/09/2017;0,87;V
15/09/2017;0,88;V
16/09/2017;0,88;V
17/09/2017;0,87;V
18/09/2017;0,88;V
19/09/2017;0,85;V
20/09/2017;0,83;V
21/09/2017;0,83;V
22/09/2017;0,91;V
23/09/2017;0,95;V
24/09/2017;0,93;V
25/09/2017;0,84;V
26/09/2017;0,84;V
27/09/2017;0,84;V
28/09/2017;0,84;V
29/09/2017;0,84;V
30/09/2017;0,84;V
01/10/2017;0,84;V
02/10/2017;0,89;V
03/10/2017;0,90;V
04/10/2017;0,84;V
05/10/2017;0,85;V
06/10/2017;0,84;V
07/10/2017;0,83;V
08/10/2017;0,83;V
09/10/2017;0,83;V
10/10/2017;0,84;V
11/10/2017;0,84;V
12/10/2017;0,84;V
13/10/2017;0,84;V
14/10/2017;0,84;V
15/10/2017;0,84;V
16/10/2017;0,83;V
17/10/2017;0,83;V
18/10/2017;0,83;V
19/10/2017;0,83;V
20/10/2017;0,83;V
21/10/2017;0,85;V
22/10/2017;0,85;V
23/10/2017;0,83;V
24/10/2017;0,83;V
25/10/2017;0,83;V
26/10/2017;0,84;V
27/10/2017;0,85;V
28/10/2017;0,84;V
29/10/2017;0,85;V
30/10/2017;0,84;V
31/10/2017;0,84;V
01/11/2017;0,84;V
02/11/2017;0,85;V
03/11/2017;0,86;V
04/11/2017;0,85;V
05/11/2017;0,86;V
06/11/2017;0,86;V
07/11/2017;0,87;V
08/11/2017;0,84;V
09/11/2017;0,85;V
10/11/2017;0,84;V
11/11/2017;0,84;V
12/11/2017;0,85;V
13/11/2017;0,94;V
14/11/2017;0,88;V
15/11/2017;0,83;V
16/11/2017;0,82;V
17/11/2017;0,83;V
18/11/2017;0,82;V
19/11/2017;0,82;V
20/11/2017;0,82;V
21/11/2017;0,83;V
22/11/2017;0,82;V
23/11/2017;0,84;V
24/11/2017;0,85;V
25/11/2017;0,86;V
26/11/2017;0,85;V
27/11/2017;0,84;V
28/11/2017;0,85;V
29/11/2017;0,90;V
30/11/2017;0,87;V
01/12/2017;0,86;V
02/12/2017;0,86;V
03/12/2017;0,85;V
04/12/2017;0,85;V
05/12/2017;0,84;V
06/12/2017;0,85;V
07/12/2017;0,86;V
08/12/2017;0,96;V
09/12/2017;0,93;V
10/12/2017;0,95;V
11/12/2017;1,05;V
12/12/2017;1,14;V
13/12/2017;1,05;V
14/12/2017;1,08;V
15/12/2017;1,09;V
16/12/2017;1,09;V
17/12/2017;1,06;V
18/12/2017;1,04;V
19/12/2017;1,03;V
20/12/2017;1,01;V
21/12/2017;1,01;V
22/12/2017;0,98;V
23/12/2017;0,93;V
24/12/2017;0,93;V
25/12/2017;0,93;V
26/12/2017;0,93;V
27/12/2017;1,04;V
28/12/2017;1,25;V
29/12/2017;1,23;V
30/12/2017;1,19;V
31/12/2017;1,09;V
01/01/2018;1,01;V
02/01/2018;1,17;V
03/01/2018;1,15;V
04/01/2018;1,13;V
05/01/2018;1,10;V
06/01/2018;1,09;V
07/01/2018;1,08;V
08/01/2018;1,07;V
09/01/2018;1,08;V
10/01/2018;1,08;V
11/01/2018;1,08;V
12/01/2018;1,07;V
13/01/2018;1,07;V
14/01/2018;1,07;V
15/01/2018;1,00;V
16/01/2018;0,92;V
17/01/2018;0,90;V
18/01/2018;0,88;V
19/01/2018;1,00;V
20/01/2018;1,09;V
21/01/2018;1,09;V
22/01/2018;1,09;V
23/01/2018;1,04;V
24/01/2018;0,95;V
25/01/2018;0,95;V
26/01/2018;0,95;V
27/01/2018;0,94;V
28/01/2018;0,94;V
29/01/2018;0,93;V
30/01/2018;0,89;P
31/01/2018;0,89;V
01/02/2018;0,89;V
02/02/2018;1,03;V
03/02/2018;1,18;V
04/02/2018;1,11;V
05/02/2018;1,10;V
06/02/2018;1,10;V
07/02/2018;1,10;V
08/02/2018;1,10;V
09/02/2018;1,08;V
10/02/2018;1,09;V
11/02/2018;1,08;V
12/02/2018;1,10;V
13/02/2018;1,09;V
14/02/2018;1,01;V
15/02/2018;0,95;V
16/02/2018;0,95;V
17/02/2018;0,96;V
18/02/2018;1,05;V
19/02/2018;0,98;V
20/02/2018;0,98;V
21/02/2018;0,98;V
22/02/2018;0,97;V
23/02/2018;0,96;V
24/02/2018;0,96;V
25/02/2018;0,95;V
26/02/2018;0,96;V
27/02/2018;0,96;V
28/02/2018;1,01;V
01/03/2018;1,11;V
02/03/2018;1,18;V
03/03/2018;1,22;V
04/03/2018;1,25;V
05/03/2018;1,25;V
06/03/2018;1,25;V
07/03/2018;1,27;V
08/03/2018;1,25;V
09/03/2018;1,21;V
10/03/2018;1,17;V
11/03/2018;1,26;V
12/03/2018;1,41;V
13/03/2018;1,37;V
14/03/2018;1,30;V
15/03/2018;1,26;V
16/03/2018;1,41;V
17/03/2018;1,36;V
18/03/2018;1,32;V
19/03/2018;1,36;V
20/03/2018;1,31;V
21/03/2018;1,24;P
22/03/2018;1,19;V
23/03/2018;1,14;V
24/03/2018;1,10;V
25/03/2018;1,08;V
26/03/2018;1,07;V
27/03/2018;1,07;V
28/03/2018;0,99;V
29/03/2018;0,86;V
30/03/2018;0,86;V
31/03/2018;0,86;V
01/04/2018;0,87;V
02/04/2018;0,86;V
03/04/2018;0,85;V
04/04/2018;0,90;V
05/04/2018;0,92;V
06/04/2018;0,88;V
07/04/2018;0,86;V
08/04/2018;0,86;V
09/04/2018;0,87;V
10/04/2018;0,87;V
11/04/2018;0,91;V
12/04/2018;0,94;V
13/04/2018;0,95;V
14/04/2018;0,94;V
15/04/2018;0,94;V
16/04/2018;0,94;V
17/04/2018;0,96;V
18/04/2018;0,95;V
19/04/2018;0,91;V
20/04/2018;0,86;V
21/04/2018;0,84;V
22/04/2018;0,84;V
23/04/2018;0,84;V
24/04/2018;0,84;V
25/04/2018;0,85;V
26/04/2018;0,85;V
27/04/2018;0,85;V
28/04/2018;0,85;V
29/04/2018;0,85;V
30/04/2018;0,86;V
01/05/2018;0,86;V
02/05/2018;0,88;V
03/05/2018;0,89;V
04/05/2018;0,88;V
05/05/2018;0,88;V
06/05/2018;0,88;V
07/05/2018;0,86;V
08/05/2018;0,86;V
09/05/2018;0,86;V
10/05/2018;0,86;V
11/05/2018;0,85;V
12/05/2018;0,85;V
13/05/2018;0,85;V
14/05/2018;0,86;V
15/05/2018;0,84;V
16/05/2018;0,83;V
17/05/2018;0,83;V
18/05/2018;0,83;V
19/05/2018;0,83;V
20/05/2018;0,83;V
21/05/2018;0,83;V
22/05/2018;0,86;V
23/05/2018;0,86;V
24/05/2018;0,85;V
25/05/2018;0,84;V
26/05/2018;0,83;V
27/05/2018;0,84;V
28/05/2018;0,85;V
29/05/2018;0,83;V
30/05/2018;0,82;V
31/05/2018;0,82;V
01/06/2018;0,82;V
02/06/2018;0,82;V
03/06/2018;0,82;V
04/06/2018;0,82;V
05/06/2018;0,82;V
06/06/2018;0,82;V
07/06/2018;0,82;V
08/06/2018;0,82;V
09/06/2018;0,82;V
10/06/2018;0,82;V
11/06/2018;0,83;V
12/06/2018;0,82;V
13/06/2018;0,82;V
14/06/2018;0,82;V
15/06/2018;0,82;V
16/06/2018;0,82;V
17/06/2018;0,82;V
18/06/2018;0,82;V
19/06/2018;0,82;V
20/06/2018;0,82;V
21/06/2018;0,82;V
22/06/2018;0,82;V
23/06/2018;0,81;V
24/06/2018;0,82;V
25/06/2018;0,82;V
26/06/2018;0,82;V
27/06/2018;0,82;V
28/06/2018;0,81;V
29/06/2018;0,82;V
30/06/2018;0,82;V
01/07/2018;0,82;V
02/07/2018;0,82;V
03/07/2018;0,82;V
04/07/2018;0,82;V
05/07/2018;0,82;V
06/07/2018;0,82;V
07/07/2018;0,82;V
08/07/2018;0,82;V
09/07/2018;0,81;V
10/07/2018;0,83;V
11/07/2018;0,85;V
12/07/2018;0,85;V
13/07/2018;0,84;V
14/07/2018;0,84;V
15/07/2018;0,85;V
16/07/2018;0,85;V
17/07/2018;0,85;V
18/07/2018;0,84;V
19/07/2018;0,84;V
20/07/2018;0,84;V
21/07/2018;0,85;V
22/07/2018;0,85;V
23/07/2018;0,84;V
24/07/2018;0,83;V
25/07/2018;0,84;V
26/07/2018;0,85;V
27/07/2018;0,84;V
28/07/2018;0,85;V
29/07/2018;0,85;V
30/07/2018;0,87;V
31/07/2018;0,89;V
01/08/2018;0,89;V
02/08/2018;0,90;V
03/08/2018;0,92;V
04/08/2018;0,94;V
05/08/2018;0,94;V
06/08/2018;0,93;V
07/08/2018;0,93;V
08/08/2018;0,91;V
09/08/2018;0,93;V
10/08/2018;0,94;V
11/08/2018;0,94;V
12/08/2018;0,94;V
13/08/2018;0,95;V
14/08/2018;0,95;V
15/08/2018;0,94;V
16/08/2018;0,94;V
17/08/2018;0,94;V
18/08/2018;0,94;V
19/08/2018;0,94;V
20/08/2018;0,93;V
21/08/2018;0,91;V
22/08/2018;0,93;V
23/08/2018;0,95;V
24/08/2018;0,94;V
25/08/2018;0,95;V
26/08/2018;0,95;V
27/08/2018;0,94;V
28/08/2018;0,94;V
29/08/2018;0,94;V
30/08/2018;0,94;V
31/08/2018;0,95;V
01/09/2018;0,94;V
02/09/2018;0,95;V
03/09/2018;0,95;V
04/09/2018;0,95;V
05/09/2018;0,94;V
06/09/2018;0,94;V
07/09/2018;0,95;V
08/09/2018;0,94;V
09/09/2018;0,94;V
10/09/2018;0,94;V
11/09/2018;0,94;V
12/09/2018;0,94;V
13/09/2018;0,95;V
14/09/2018;0,95;V
15/09/2018;0,95;V
16/09/2018;0,94;V
17/09/2018;0,95;V
18/09/2018;0,95;V
19/09/2018;0,95;V
20/09/2018;0,94;V
21/09/2018;0,94;V
22/09/2018;0,95;V
23/09/2018;0,95;V
24/09/2018;0,95;V
25/09/2018;0,95;V
26/09/2018;0,94;V
27/09/2018;0,94;V
28/09/2018;0,93;V
29/09/2018;0,94;V
30/09/2018;0,94;V
01/10/2018;0,93;V
02/10/2018;0,94;V
03/10/2018;0,94;V
04/10/2018;0,93;V
05/10/2018;0,92;V
06/10/2018;0,94;V
07/10/2018;0,94;V
08/10/2018;0,91;V
09/10/2018;0,90;V
10/10/2018;0,90;V
11/10/2018;0,91;V
12/10/2018;0,91;V
13/10/2018;0,90;V
14/10/2018;0,90;V
15/10/2018;0,90;V
16/10/2018;0,91;V
17/10/2018;0,92;V
18/10/2018;0,91;V
19/10/2018;0,90;V
20/10/2018;0,90;V
21/10/2018;0,90;V
22/10/2018;0,91;V
23/10/2018;0,90;V
24/10/2018;0,90;V
25/10/2018;0,91;V
26/10/2018;0,92;V
27/10/2018;0,91;V
28/10/2018;0,91;V
29/10/2018;0,90;V
30/10/2018;0,88;V
31/10/2018;0,83;V
01/11/2018;0,84;V
02/11/2018;0,83;V
03/11/2018;0,83;V
04/11/2018;0,82;V
05/11/2018;0,83;V
06/11/2018;0,83;P
07/11/2018;;@
08/11/2018;;@
09/11/2018;0,82;V
10/11/2018;0,82;V
11/11/2018;0,83;V
12/11/2018;0,83;V
13/11/2018;0,83;V
14/11/2018;0,83;V
15/11/2018;0,82;V
16/11/2018;0,83;V
17/11/2018;0,83;V
18/11/2018;0,82;V
19/11/2018;0,82;V
20/11/2018;0,83;V
21/11/2018;0,82;V
22/11/2018;0,83;V
23/11/2018;0,83;V
24/11/2018;0,84;V
25/11/2018;0,84;V
26/11/2018;0,83;V
27/11/2018;0,83;V
28/11/2018;0,83;V
29/11/2018;0,81;V
30/11/2018;0,82;V
01/12/2018;0,82;V
02/12/2018;0,82;V
03/12/2018;0,83;V
04/12/2018;0,83;V
05/12/2018;0,83;V
06/12/2018;0,84;P
07/12/2018;0,83;V
08/12/2018;0,86;V
09/12/2018;0,84;V
10/12/2018;0,83;V
11/12/2018;0,82;V
12/12/2018;0,82;V
13/12/2018;0,83;V
14/12/2018;0,83;V
15/12/2018;0,82;V
16/12/2018;0,82;V
17/12/2018;0,83;V
18/12/2018;0,82;V
19/12/2018;0,82;V
20/12/2018;0,87;V
21/12/2018;0,84;V
22/12/2018;0,85;V
23/12/2018;0,84;V
24/12/2018;0,83;V
25/12/2018;0,82;V
26/12/2018;0,82;V
27/12/2018;0,83;V
28/12/2018;0,83;V
29/12/2018;0,83;V
30/12/2018;0,83;V
31/12/2018;0,82;V
01/01/2019;0,82;V
02/01/2019;0,83;V
03/01/2019;0,81;V
04/01/2019;0,82;V
05/01/2019;0,81;V
06/01/2019;0,82;V
07/01/2019;0,82;V
08/01/2019;0,82;V
09/01/2019;0,82;V
10/01/2019;0,81;V
11/01/2019;0,81;V
12/01/2019;0,81;V
13/01/2019;0,83;V
14/01/2019;0,81;V
15/01/2019;0,81;V
16/01/2019;0,83;V
17/01/2019;0,83;V
18/01/2019;0,86;V
19/01/2019;0,84;V
20/01/2019;0,83;V
21/01/2019;0,83;V
22/01/2019;0,83;V
23/01/2019;0,83;V
24/01/2019;0,83;V
25/01/2019;0,83;V
26/01/2019;0,82;V
27/01/2019;0,83;V
28/01/2019;0,84;V
29/01/2019;0,83;V
30/01/2019;0,83;V
31/01/2019;0,84;V
01/02/2019;1,01;V
02/02/2019;1,23;V
03/02/2019;1,01;V
04/02/2019;0,89;V
05/02/2019;0,86;V
06/02/2019;0,85;V
07/02/2019;0,84;V
08/02/2019;0,83;V
09/02/2019;0,83;V
10/02/2019;0,83;V
11/02/2019;0,85;V
12/02/2019;0,83;V
13/02/2019;0,88;V
14/02/2019;0,91;V
15/02/2019;0,90;V
16/02/2019;0,89;V
17/02/2019;0,89;V
18/02/2019;0,88;V
19/02/2019;0,89;V
20/02/2019;0,87;V
21/02/2019;0,86;V
22/02/2019;0,84;V
23/02/2019;0,82;V
24/02/2019;0,83;V
25/02/2019;0,82;V
26/02/2019;0,81;V
27/02/2019;0,81;V
28/02/2019;0,82;V
01/03/2019;0,83;V
02/03/2019;0,81;V
03/03/2019;0,81;V
04/03/2019;0,82;V
05/03/2019;0,82;V
06/03/2019;0,82;V
07/03/2019;0,83;V
08/03/2019;0,82;V
09/03/2019;0,82;V
10/03/2019;0,83;V
11/03/2019;0,82;V
12/03/2019;0,82;V
13/03/2019;0,83;V
14/03/2019;0,83;V
15/03/2019;0,82;V
16/03/2019;0,83;V
17/03/2019;0,83;V
18/03/2019;0,83;V
19/03/2019;0,83;V
20/03/2019;0,82;V
21/03/2019;0,82;V
22/03/2019;0,81;V
23/03/2019;0,81;V
24/03/2019;0,81;V
25/03/2019;0,81;V
26/03/2019;0,83;V
27/03/2019;0,82;V
28/03/2019;0,82;V
29/03/2019;0,81;V
30/03/2019;0,81;V
31/03/2019;0,81;V
01/04/2019;0,81;V
02/04/2019;0,82;V
03/04/2019;0,83;V
04/04/2019;0,83;V
05/04/2019;0,82;V
06/04/2019;0,81;V
07/04/2019;0,82;V
08/04/2019;0,83;V
09/04/2019;0,82;V
10/04/2019;0,82;V
11/04/2019;0,83;V
12/04/2019;0,83;V
13/04/2019;0,82;V
14/04/2019;0,82;V
15/04/2019;0,82;V
16/04/2019;0,82;V
17/04/2019;0,80;V
18/04/2019;0,81;V
19/04/2019;0,81;V
20/04/2019;0,81;V
21/04/2019;0,81;V
22/04/2019;0,82;V
23/04/2019;0,83;V
24/04/2019;0,82;V
25/04/2019;0,82;V
26/04/2019;0,82;V
27/04/2019;0,82;V
28/04/2019;0,82;V
29/04/2019;0,83;V
30/04/2019;0,82;V
01/05/2019;0,82;V
02/05/2019;0,82;V
03/05/2019;0,83;V
04/05/2019;0,82;V
05/05/2019;0,85;V
06/05/2019;0,83;V
07/05/2019;0,82;V
08/05/2019;0,83;V
09/05/2019;0,90;V
10/05/2019;0,84;V
11/05/2019;0,83;V
12/05/2019;0,84;V
13/05/2019;0,88;V
14/05/2019;0,84;V
15/05/2019;0,83;V
16/05/2019;0,83;V
17/05/2019;0,83;V
18/05/2019;0,83;V
19/05/2019;0,86;V
20/05/2019;0,92;V
21/05/2019;0,94;V
22/05/2019;0,96;V
23/05/2019;1,01;V
24/05/2019;1,01;V
25/05/2019;1,01;V
26/05/2019;1,01;V
27/05/2019;0,97;V
28/05/2019;0,94;V
29/05/2019;0,94;V
30/05/2019;0,93;V
31/05/2019;0,87;V
01/06/2019;0,83;V
02/06/2019;0,82;V
03/06/2019;0,83;V
04/06/2019;0,82;V
05/06/2019;0,82;V
06/06/2019;0,83;V
07/06/2019;0,83;V
08/06/2019;0,83;V
09/06/2019;0,83;V
10/06/2019;0,82;V
11/06/2019;0,82;V
12/06/2019;0,82;V
13/06/2019;0,81;V
14/06/2019;0,82;V
15/06/2019;0,82;V
16/06/2019;0,82;V
17/06/2019;0,82;V
18/06/2019;0,82;V
19/06/2019;0,82;V
20/06/2019;0,81;V
21/06/2019;0,82;V
22/06/2019;0,84;V
23/06/2019;0,81;V
24/06/2019;0,81;V
25/06/2019;0,82;V
26/06/2019;0,81;V
27/06/2019;0,81;V
28/06/2019;0,82;V
29/06/2019;0,81;V
30/06/2019;0,81;V
01/07/2019;0,83;V
02/07/2019;0,86;V
03/07/2019;0,87;V
04/07/2019;0,87;V
05/07/2019;0,87;V
06/07/2019;0,87;V
07/07/2019;0,88;V
08/07/2019;0,87;V
09/07/2019;0,87;V
10/07/2019;0,87;V
11/07/2019;0,85;V
12/07/2019;0,86;V
13/07/2019;0,86;V
14/07/2019;0,86;V
15/07/2019;0,88;V
16/07/2019;0,86;V
17/07/2019;0,86;V
18/07/2019;0,86;V
19/07/2019;0,86;V
20/07/2019;0,86;V
21/07/2019;0,86;V
22/07/2019;0,87;V
23/07/2019;0,88;V
24/07/2019;0,87;V
25/07/2019;0,87;V
26/07/2019;0,87;V
27/07/2019;0,88;V
28/07/2019;0,90;V
29/07/2019;0,87;V
30/07/2019;0,88;V
31/07/2019;0,88;V
01/08/2019;0,95;V
02/08/2019;1,05;V
03/08/2019;1,02;V
04/08/2019;0,99;V
05/08/2019;0,98;V
06/08/2019;0,97;V
07/08/2019;0,92;V
08/08/2019;0,89;V
09/08/2019;0,89;V
10/08/2019;0,88;V
11/08/2019;0,88;V
12/08/2019;0,89;V
13/08/2019;0,90;V
14/08/2019;0,90;V
15/08/2019;0,90;V
16/08/2019;0,90;V
17/08/2019;0,90;V
18/08/2019;0,90;V
19/08/2019;0,90;V
20/08/2019;0,90;V
21/08/2019;0,91;V
22/08/2019;0,94;V
23/08/2019;0,95;V
24/08/2019;0,93;V
25/08/2019;0,93;V
26/08/2019;0,92;V
27/08/2019;0,92;V
28/08/2019;0,92;V
29/08/2019;0,92;V
30/08/2019;0,92;V
31/08/2019;0,92;V
01/09/2019;0,92;V
02/09/2019;0,93;V
03/09/2019;0,92;V
04/09/2019;0,91;V
05/09/2019;0,91;V
06/09/2019;0,92;V
07/09/2019;0,92;V
08/09/2019;0,93;V
09/09/2019;0,90;V
10/09/2019;0,89;V
11/09/2019;0,89;V
12/09/2019;0,87;V
13/09/2019;0,85;V
14/09/2019;0,86;V
15/09/2019;0,86;V
16/09/2019;0,86;V
17/09/2019;0,86;V
18/09/2019;0,86;V
19/09/2019;0,87;V
20/09/2019;0,85;V
21/09/2019;0,87;V
22/09/2019;0,91;V
23/09/2019;0,89;V
24/09/2019;0,84;V
25/09/2019;0,85;V
26/09/2019;0,83;V
27/09/2019;0,84;V
28/09/2019;0,83;V
29/09/2019;0,83;V
30/09/2019;0,84;V
01/10/2019;0,83;V
02/10/2019;0,84;V
03/10/2019;0,83;V
04/10/2019;0,83;V
05/10/2019;0,85;V
06/10/2019;0,86;V
07/10/2019;0,87;V
08/10/2019;0,85;V
09/10/2019;0,84;V
10/10/2019;0,84;V
11/10/2019;0,86;V
12/10/2019;0,86;V
13/10/2019;0,87;V
14/10/2019;0,87;V
15/10/2019;0,88;V
16/10/2019;0,86;V
17/10/2019;0,86;V
18/10/2019;0,86;V
19/10/2019;0,87;V
20/10/2019;0,87;V
21/10/2019;0,87;V
22/10/2019;0,87;V
23/10/2019;0,86;V
24/10/2019;0,88;V
25/10/2019;0,87;V
26/10/2019;0,86;V
27/10/2019;0,86;V
28/10/2019;0,87;V
29/10/2019;0,86;V
30/10/2019;0,87;V
31/10/2019;0,86;V
01/11/2019;0,86;V
02/11/2019;0,86;V
03/11/2019;0,93;V
04/11/2019;0,88;V
05/11/2019;0,91;V
06/11/2019;0,89;V
07/11/2019;0,87;V
08/11/2019;0,96;V
09/11/2019;0,94;V
10/11/2019;0,87;V
11/11/2019;0,87;V
12/11/2019;0,90;V
13/11/2019;0,93;V
14/11/2019;0,89;V
15/11/2019;1,00;V
16/11/2019;1,09;V
17/11/2019;1,62;V
18/11/2019;1,45;V
19/11/2019;1,51;V
20/11/2019;1,43;V
21/11/2019;1,36;V
22/11/2019;1,28;V
23/11/2019;1,16;V
24/11/2019;1,16;V
25/11/2019;1,12;V
26/11/2019;1,10;V
27/11/2019;1,14;V
28/11/2019;1,19;V
29/11/2019;1,16;V
30/11/2019;1,11;V
01/12/2019;1,10;V
02/12/2019;1,29;V
03/12/2019;1,35;V
04/12/2019;1,27;V
05/12/2019;1,19;V
06/12/2019;1,15;V
07/12/2019;1,12;V
08/12/2019;1,07;V
09/12/2019;1,08;V
10/12/2019;1,07;V
11/12/2019;1,05;V
12/12/2019;1,07;V
13/12/2019;1,19;V
14/12/2019;1,15;V
15/12/2019;1,12;V
16/12/2019;1,11;V
17/12/2019;1,10;V
18/12/2019;1,09;V
19/12/2019;1,08;V
20/12/2019;1,09;V
21/12/2019;1,28;V
22/12/2019;1,65;V
23/12/2019;1,49;V
24/12/2019;1,37;V
25/12/2019;1,26;V
26/12/2019;1,19;V
27/12/2019;1,13;V
28/12/2019;1,10;V
29/12/2019;1,07;V
30/12/2019;1,06;V
31/12/2019;1,00;V
01/01/2020;0,98;V
02/01/2020;1,05;V
03/01/2020;1,07;V
04/01/2020;1,06;V
05/01/2020;1,06;V
06/01/2020;1,06;V
07/01/2020;1,05;V
08/01/2020;0,96;V
09/01/2020;0,90;V
10/01/2020;0,89;V
11/01/2020;0,89;V
12/01/2020;0,88;V
13/01/2020;0,87;V
14/01/2020;0,87;V
15/01/2020;0,87;V
16/01/2020;0,86;V
17/01/2020;0,87;V
18/01/2020;0,89;V
19/01/2020;0,88;V
20/01/2020;0,87;V
21/01/2020;0,87;V
22/01/2020;0,86;V
23/01/2020;0,86;V
24/01/2020;0,87;V
25/01/2020;0,89;V
26/01/2020;0,88;V
27/01/2020;0,89;V
28/01/2020;0,89;V
29/01/2020;0,88;V
30/01/2020;0,88;V
31/01/2020;0,89;V
01/02/2020;0,91;V
02/02/2020;0,91;V
03/02/2020;0,89;V
04/02/2020;0,88;V
05/02/2020;0,88;V
06/02/2020;0,87;V
07/02/2020;0,87;V
08/02/2020;0,87;V
09/02/2020;0,87;V
10/02/2020;0,89;V
11/02/2020;0,89;V
12/02/2020;0,87;V
13/02/2020;0,88;V
14/02/2020;0,92;V
15/02/2020;0,88;V
16/02/2020;0,88;V
17/02/2020;0,89;V
18/02/2020;0,89;V
19/02/2020;0,88;V
20/02/2020;0,88;V
21/02/2020;0,87;V
22/02/2020;0,88;V
23/02/2020;0,89;V
24/02/2020;0,88;V
25/02/2020;0,89;V
26/02/2020;0,88;V
27/02/2020;0,90;V
28/02/2020;0,91;V
29/02/2020;0,89;V
01/03/2020;0,94;V
02/03/2020;1,22;V
03/03/2020;1,58;V
04/03/2020;1,50;V
05/03/2020;1,40;V
06/03/2020;1,48;V
07/03/2020;1,36;V
08/03/2020;1,26;V
09/03/2020;1,19;V
10/03/2020;1,13;V
11/03/2020;1,10;V
12/03/2020;1,09;V
13/03/2020;1,07;V
14/03/2020;1,07;V
15/03/2020;0,98;V
16/03/2020;0,89;V
17/03/2020;0,89;V
18/03/2020;0,89;V
19/03/2020;0,89;V
20/03/2020;0,90;V
21/03/2020;0,89;V
22/03/2020;0,89;V
23/03/2020;0,84;V
24/03/2020;0,83;V
25/03/2020;0,82;V
26/03/2020;0,83;V
27/03/2020;0,83;V
28/03/2020;0,81;V
29/03/2020;0,82;V
30/03/2020;0,82;V
31/03/2020;0,83;V
01/04/2020;0,82;V
02/04/2020;0,81;V
03/04/2020;0,81;V
04/04/2020;0,81;V
05/04/2020;0,81;V
06/04/2020;0,81;V
07/04/2020;0,81;V
08/04/2020;0,81;V
09/04/2020;0,81;V
10/04/2020;0,80;V
11/04/2020;0,81;V
12/04/2020;0,81;V
13/04/2020;0,81;V
14/04/2020;0,82;V
15/04/2020;0,81;V
16/04/2020;0,81;V
17/04/2020;0,81;V
18/04/2020;0,81;V
19/04/2020;0,82;V
20/04/2020;0,83;V
21/04/2020;0,83;V
22/04/2020;0,82;V
23/04/2020;0,81;V
24/04/2020;0,81;V
25/04/2020;0,81;V
26/04/2020;0,81;V
27/04/2020;0,81;V
28/04/2020;0,83;V
29/04/2020;0,82;V
30/04/2020;0,82;V
01/05/2020;0,83;V
02/05/2020;0,82;V
03/05/2020;0,82;V
04/05/2020;0,81;V
05/05/2020;0,82;V
06/05/2020;0,82;V
07/05/2020;0,81;V
08/05/2020;0,81;V
09/05/2020;0,81;V
10/05/2020;0,81;V
11/05/2020;0,82;V
12/05/2020;0,81;V
13/05/2020;0,82;V
14/05/2020;0,82;V
15/05/2020;0,82;V
16/05/2020;0,82;V
17/05/2020;0,81;V
18/05/2020;0,82;V
19/05/2020;0,82;V
20/05/2020;0,82;V
21/05/2020;0,81;V
22/05/2020;0,81;V
23/05/2020;0,81;V
24/05/2020;0,81;V
25/05/2020;0,80;V
26/05/2020;0,81;V
27/05/2020;0,80;V
28/05/2020;0,81;V
29/05/2020;0,82;V
30/05/2020;0,81;V
31/05/2020;0,81;V
01/06/2020;0,80;V
02/06/2020;0,81;V
03/06/2020;0,80;V
04/06/2020;0,82;V
05/06/2020;0,81;V
06/06/2020;0,81;V
07/06/2020;0,81;V
08/06/2020;0,81;V
09/06/2020;0,80;V
10/06/2020;0,81;V
11/06/2020;0,81;V
12/06/2020;0,80;V
13/06/2020;0,81;V
14/06/2020;0,82;V
15/06/2020;0,84;V
16/06/2020;0,81;V
17/06/2020;0,81;V
18/06/2020;0,81;V
19/06/2020;0,80;V
20/06/2020;0,80;V
21/06/2020;0,80;V
22/06/2020;0,79;V
23/06/2020;0,80;V
24/06/2020;0,80;V
25/06/2020;0,80;V
26/06/2020;0,80;V
27/06/2020;0,79;V
28/06/2020;0,79;V
29/06/2020;0,80;V
30/06/2020;0,80;V
01/07/2020;0,80;V
02/07/2020;0,80;V
03/07/2020;0,82;V
04/07/2020;0,82;V
05/07/2020;0,82;V
06/07/2020;0,82;V
07/07/2020;0,82;V
08/07/2020;0,82;V
09/07/2020;0,82;V
10/07/2020;0,82;V
11/07/2020;0,83;V
12/07/2020;0,83;V
13/07/2020;0,82;V
14/07/2020;0,83;V
15/07/2020;0,83;V
16/07/2020;0,84;V
17/07/2020;0,83;V
18/07/2020;0,83;V
19/07/2020;0,83;V
20/07/2020;0,86;V
21/07/2020;0,88;V
22/07/2020;0,88;V
23/07/2020;0,87;V
24/07/2020;0,87;V
25/07/2020;0,88;V
26/07/2020;0,88;V
27/07/2020;0,89;V
28/07/2020;0,90;V
29/07/2020;0,90;V
30/07/2020;0,90;V
31/07/2020;0,90;V
01/08/2020;0,90;V
02/08/2020;0,90;V
03/08/2020;0,90;V
04/08/2020;0,91;V
05/08/2020;0,91;V
06/08/2020;0,90;V
07/08/2020;0,88;V
08/08/2020;0,88;V
09/08/2020;0,87;V
10/08/2020;0,89;V
11/08/2020;0,91;V
12/08/2020;0,90;V
13/08/2020;0,90;V
14/08/2020;0,91;V
15/08/2020;0,91;V
16/08/2020;0,91;V
17/08/2020;0,91;V
18/08/2020;0,91;V
19/08/2020;0,91;V
20/08/2020;0,90;V
21/08/2020;0,91;V
22/08/2020;0,92;V
23/08/2020;0,92;V
24/08/2020;0,92;V
25/08/2020;0,91;V
26/08/2020;0,91;V
27/08/2020;0,91;V
28/08/2020;0,91;V
29/08/2020;0,91;V
30/08/2020;0,92;V
31/08/2020;0,91;V
01/09/2020;0,88;V
02/09/2020;0,89;V
03/09/2020;0,89;V
04/09/2020;0,88;V
05/09/2020;0,88;V
06/09/2020;0,88;V
07/09/2020;0,89;V
08/09/2020;0,88;V
09/09/2020;0,88;V
10/09/2020;0,89;V
11/09/2020;0,88;V
12/09/2020;0,88;V
13/09/2020;0,88;V
14/09/2020;0,90;V
15/09/2020;0,91;V
16/09/2020;0,91;V
17/09/2020;0,91;V
18/09/2020;0,91;V
19/09/2020;0,91;V
20/09/2020;0,92;V
21/09/2020;0,92;V
22/09/2020;0,92;V
23/09/2020;0,92;V
24/09/2020;0,92;V
25/09/2020;0,92;V
26/09/2020;0,91;V
27/09/2020;0,92;V
28/09/2020;0,91;V
29/09/2020;0,91;V
30/09/2020;0,91;V
01/10/2020;0,92;V
02/10/2020;0,91;V
03/10/2020;0,89;V
04/10/2020;0,90;V
05/10/2020;0,92;V
06/10/2020;0,90;V
07/10/2020;0,91;V
08/10/2020;0,89;V
09/10/2020;0,89;V
10/10/2020;0,90;V
11/10/2020;0,91;V
12/10/2020;0,92;V
13/10/2020;0,86;V
14/10/2020;0,83;V
15/10/2020;0,87;V
16/10/2020;0,84;V
17/10/2020;0,82;V
18/10/2020;0,82;V
19/10/2020;0,82;V
20/10/2020;0,82;V
21/10/2020;0,82;V
22/10/2020;0,82;V
23/10/2020;0,83;V
24/10/2020;0,83;V
25/10/2020;0,83;V
26/10/2020;0,82;V
27/10/2020;0,82;V
28/10/2020;0,82;V
29/10/2020;0,83;V
30/10/2020;0,83;V
31/10/2020;0,83;V
01/11/2020;0,83;V
02/11/2020;0,83;V
03/11/2020;0,83;V
04/11/2020;0,83;V
05/11/2020;0,82;V
06/11/2020;0,81;V
07/11/2020;0,81;V
08/11/2020;0,81;V
09/11/2020;0,82;V
10/11/2020;0,82;V
11/11/2020;0,83;V
12/11/2020;0,83;V
13/11/2020;0,83;V
14/11/2020;0,83;V
15/11/2020;0,83;V
16/11/2020;0,83;V
17/11/2020;0,83;V
18/11/2020;0,81;V
19/11/2020;0,81;V
20/11/2020;0,83;V
21/11/2020;0,83;V
22/11/2020;0,82;V
23/11/2020;0,81;V
24/11/2020;0,82;V
25/11/2020;0,81;V
26/11/2020;0,82;V
27/11/2020;0,82;V
28/11/2020;0,83;V
29/11/2020;0,83;V
30/11/2020;0,81;V
01/12/2020;0,82;V
02/12/2020;0,83;V
03/12/2020;0,83;V
04/12/2020;0,83;V
05/12/2020;1,06;V
06/12/2020;0,98;V
07/12/2020;0,91;V
08/12/2020;1,01;V
09/12/2020;1,06;V
10/12/2020;1,19;V
11/12/2020;1,22;V
12/12/2020;1,17;V
13/12/2020;1,13;V
14/12/2020;;@
15/12/2020;;@
16/12/2020;;@
17/12/2020;;@
18/12/2020;;@
19/12/2020;;@
20/12/2020;;@
21/12/2020;;@
22/12/2020;;@
23/12/2020;;@
24/12/2020;;@
25/12/2020;0,97;V
26/12/2020;1,04;V
27/12/2020;1,02;V
28/12/2020;1,14;V
29/12/2020;1,34;V
30/12/2020;1,37;V
31/12/2020;1,28;V
01/01/2021;1,39;V
02/01/2021;1,44;V
03/01/2021;1,37;V
04/01/2021;1,29;V
05/01/2021;1,26;V
06/01/2021;1,27;V
07/01/2021;1,23;V
08/01/2021;1,19;V
09/01/2021;1,14;V
10/01/2021;1,11;V
11/01/2021;1,09;V
12/01/2021;1,07;V
13/01/2021;1,04;V
14/01/2021;0,97;V
15/01/2021;0,94;V
16/01/2021;0,93;V
17/01/2021;0,93;V
18/01/2021;0,91;V
19/01/2021;0,89;V
20/01/2021;0,90;V
21/01/2021;0,90;V
22/01/2021;0,93;V
23/01/2021;1,21;V
24/01/2021;1,55;V
25/01/2021;1,47;V
26/01/2021;1,35;V
27/01/2021;1,26;V
28/01/2021;1,19;V
29/01/2021;1,14;V
30/01/2021;1,13;V
31/01/2021;1,25;V
01/02/2021;1,15;V
02/02/2021;1,10;V
03/02/2021;1,09;V
04/02/2021;1,09;V
05/02/2021;1,05;V
06/02/2021;0,99;V
07/02/2021;1,03;V
08/02/2021;1,01;V
09/02/2021;1,16;V
10/02/2021;1,22;V
11/02/2021;1,23;V
12/02/2021;1,19;V
13/02/2021;1,16;V
14/02/2021;1,12;V
15/02/2021;1,08;V
16/02/2021;1,07;V
17/02/2021;1,06;V
18/02/2021;1,04;V
19/02/2021;1,00;V
20/02/2021;0,94;V
21/02/2021;0,93;V
22/02/2021;0,93;V
23/02/2021;0,93;V
24/02/2021;0,93;V
25/02/2021;0,93;V
26/02/2021;0,92;V
27/02/2021;0,84;V
28/02/2021;0,87;V
01/03/2021;0,87;V
02/03/2021;0,88;V
03/03/2021;0,88;V
04/03/2021;0,89;V
05/03/2021;0,89;V
06/03/2021;0,89;V
07/03/2021;0,88;V
08/03/2021;0,88;V
09/03/2021;0,86;V
10/03/2021;0,85;V
11/03/2021;0,86;V
12/03/2021;0,86;V
13/03/2021;0,86;V
14/03/2021;0,86;V
15/03/2021;0,86;V
16/03/2021;0,83;V
17/03/2021;0,84;V
18/03/2021;0,86;V
19/03/2021;0,86;V
20/03/2021;0,86;V
21/03/2021;0,86;V
22/03/2021;0,85;V
23/03/2021;0,83;V
24/03/2021;0,83;V
25/03/2021;0,83;V
26/03/2021;0,83;V
27/03/2021;0,83;V
28/03/2021;0,83;V
29/03/2021;0,82;V
30/03/2021;0,83;V
31/03/2021;0,83;V
01/04/2021;0,83;V
02/04/2021;0,82;V
03/04/2021;0,82;V
04/04/2021;0,82;V
05/04/2021;0,82;V
06/04/2021;0,83;V
07/04/2021;0,83;V
08/04/2021;0,82;V
09/04/2021;0,82;V
10/04/2021;0,83;V
11/04/2021;0,83;V
12/04/2021;0,89;V
13/04/2021;0,87;V
14/04/2021;0,83;V
15/04/2021;0,83;V
16/04/2021;0,83;V
17/04/2021;0,91;V
18/04/2021;0,92;V
19/04/2021;0,91;V
20/04/2021;0,90;V
21/04/2021;0,89;V
22/04/2021;0,87;V
23/04/2021;0,86;V
24/04/2021;0,84;V
25/04/2021;0,84;V
26/04/2021;0,85;V
27/04/2021;0,86;V
28/04/2021;0,86;V
29/04/2021;0,93;V
30/04/2021;0,99;V
01/05/2021;1,08;V
02/05/2021;1,08;V
03/05/2021;1,04;V
04/05/2021;0,97;V
05/05/2021;0,91;V
06/05/2021;0,90;V
07/05/2021;0,91;V
08/05/2021;0,89;V
09/05/2021;0,89;V
10/05/2021;0,88;V
11/05/2021;0,88;V
12/05/2021;0,98;V
13/05/2021;1,08;V
14/05/2021;1,07;V
15/05/2021;1,07;V
16/05/2021;1,07;V
17/05/2021;0,98;V
18/05/2021;0,90;V
19/05/2021;0,89;V
20/05/2021;0,85;V
21/05/2021;0,86;V
22/05/2021;0,86;V
23/05/2021;0,85;V
24/05/2021;0,86;V
25/05/2021;0,86;V
26/05/2021;0,85;V
27/05/2021;0,85;V
28/05/2021;0,85;V
29/05/2021;0,87;V
30/05/2021;0,86;V
31/05/2021;0,87;V
01/06/2021;0,87;V
02/06/2021;0,87;V
03/06/2021;0,87;V
04/06/2021;0,87;V
05/06/2021;0,88;V
06/06/2021;0,88;V
07/06/2021;0,87;V
08/06/2021;0,86;V
09/06/2021;0,85;V
10/06/2021;0,85;V
11/06/2021;0,84;V
12/06/2021;0,82;V
13/06/2021;0,82;V
14/06/2021;0,82;V
15/06/2021;0,81;V
16/06/2021;0,81;V
17/06/2021;0,81;V
18/06/2021;0,81;V
19/06/2021;0,80;V
20/06/2021;0,81;V
21/06/2021;0,81;V
22/06/2021;0,80;V
23/06/2021;0,80;V
24/06/2021;0,81;V
25/06/2021;0,80;V
26/06/2021;0,80;V
27/06/2021;0,80;V
28/06/2021;0,80;V
29/06/2021;0,80;V
30/06/2021;0,80;V
01/07/2021;0,80;V
02/07/2021;0,80;V
03/07/2021;0,80;V
04/07/2021;0,81;V
05/07/2021;0,80;V
06/07/2021;0,80;V
07/07/2021;0,80;V
08/07/2021;0,81;V
09/07/2021;0,83;V
10/07/2021;0,84;V
11/07/2021;0,84;V
12/07/2021;0,84;V
13/07/2021;0,85;V
14/07/2021;0,84;V
15/07/2021;0,85;V
16/07/2021;0,85;V
17/07/2021;0,85;V
18/07/2021;0,84;V
19/07/2021;0,83;V
20/07/2021;0,84;V
21/07/2021;0,84;V
22/07/2021;0,84;V
23/07/2021;0,84;V
24/07/2021;0,84;V
25/07/2021;0,84;V
26/07/2021;0,85;V
27/07/2021;0,86;V
28/07/2021;0,88;V
29/07/2021;0,87;V
30/07/2021;0,87;V
31/07/2021;0,87;V
01/08/2021;0,88;V
02/08/2021;0,87;V
03/08/2021;0,87;V
04/08/2021;0,87;V
05/08/2021;0,88;V
06/08/2021;0,88;V
07/08/2021;0,87;V
08/08/2021;0,87;V
09/08/2021;0,87;V
10/08/2021;0,88;V
11/08/2021;0,88;V
12/08/2021;0,88;V
13/08/2021;0,89;V
14/08/2021;0,90;V
15/08/2021;0,91;V
16/08/2021;0,91;V
17/08/2021;0,91;V
18/08/2021;0,91;V
19/08/2021;0,90;V
20/08/2021;0,92;V
21/08/2021;0,94;V
22/08/2021;0,94;V
23/08/2021;0,94;V
24/08/2021;0,94;V
25/08/2021;0,93;V
26/08/2021;0,94;V
27/08/2021;0,94;V
28/08/2021;0,94;V
29/08/2021;0,94;V
30/08/2021;0,93;V
31/08/2021;0,92;V
01/09/2021;0,91;V
02/09/2021;0,89;V
03/09/2021;0,89;V
04/09/2021;0,91;V
05/09/2021;0,90;V
06/09/2021;0,89;V
07/09/2021;0,89;V
08/09/2021;0,89;V
09/09/2021;0,89;V
10/09/2021;0,90;V
11/09/2021;0,90;V
12/09/2021;0,90;V
13/09/2021;0,89;V
14/09/2021;0,90;V
15/09/2021;0,91;V
16/09/2021;0,92;V
17/09/2021;0,91;V
18/09/2021;0,91;V
19/09/2021;0,91;V
20/09/2021;0,90;V
21/09/2021;0,90;V
22/09/2021;0,89;V
23/09/2021;0,89;V
24/09/2021;0,90;V
25/09/2021;0,90;V
26/09/2021;0,90;V
27/09/2021;0,89;V
28/09/2021;0,87;V
29/09/2021;0,87;V
30/09/2021;0,88;V
01/10/2021;0,87;V
02/10/2021;0,87;V
03/10/2021;0,88;V
04/10/2021;0,89;V
05/10/2021;0,87;V
06/10/2021;0,85;V
07/10/2021;0,86;V
08/10/2021;0,84;V
09/10/2021;0,84;V
10/10/2021;0,84;V
11/10/2021;0,84;V
12/10/2021;0,83;V
13/10/2021;0,83;V
14/10/2021;0,84;V
15/10/2021;0,84;V
16/10/2021;0,84;V
17/10/2021;0,84;V
18/10/2021;0,84;V
19/10/2021;0,84;V
20/10/2021;0,85;V
21/10/2021;0,85;V
22/10/2021;0,84;V
23/10/2021;0,85;V
24/10/2021;0,84;V
25/10/2021;0,84;V
26/10/2021;0,84;V
27/10/2021;0,84;V
28/10/2021;0,84;V
29/10/2021;0,84;V
30/10/2021;0,84;V
31/10/2021;0,84;V
01/11/2021;0,86;V
02/11/2021;0,86;V
03/11/2021;0,85;V
04/11/2021;0,84;V
05/11/2021;0,82;V
06/11/2021;0,83;V
07/11/2021;0,82;V
08/11/2021;0,83;V
09/11/2021;0,83;V
10/11/2021;0,82;V
11/11/2021;0,82;V
12/11/2021;0,81;V
13/11/2021;0,82;V
14/11/2021;0,83;V
15/11/2021;0,83;V
16/11/2021;0,83;V
17/11/2021;0,82;V
18/11/2021;0,82;V
19/11/2021;0,81;V
20/11/2021;0,82;V
21/11/2021;0,83;V
22/11/2021;0,83;V
23/11/2021;0,81;V
24/11/2021;0,81;V
25/11/2021;0,83;V
26/11/2021;0,83;V
27/11/2021;0,83;V
28/11/2021;0,83;V
29/11/2021;0,83;V
30/11/2021;0,82;V
01/12/2021;0,83;V
02/12/2021;0,92;V
03/12/2021;0,87;V
04/12/2021;0,87;V
05/12/2021;0,95;V
06/12/2021;0,85;V
07/12/2021;0,83;V
08/12/2021;0,90;V
09/12/2021;0,92;V
10/12/2021;0,86;V
11/12/2021;0,85;V
12/12/2021;0,83;V
13/12/2021;0,83;V
14/12/2021;0,83;V
15/12/2021;0,83;V
16/12/2021;0,82;V
17/12/2021;0,82;V
18/12/2021;0,82;V
19/12/2021;0,82;V
20/12/2021;0,83;V
21/12/2021;0,83;V
22/12/2021;0,82;V
23/12/2021;0,83;V
24/12/2021;0,84;V
25/12/2021;0,97;V
26/12/2021;1,03;V
27/12/2021;1,02;V
28/12/2021;1,10;V
29/12/2021;1,08;V
30/12/2021;1,06;V
31/12/2021;1,03;V
01/01/2022;1,01;V
02/01/2022;0,99;V
03/01/2022;0,98;V
04/01/2022;0,96;V
05/01/2022;1,08;V
06/01/2022;1,37;V
07/01/2022;1,26;V
08/01/2022;1,18;V
09/01/2022;1,13;V
10/01/2022;1,11;V
11/01/2022;1,07;V
12/01/2022;1,02;V
13/01/2022;1,04;V
14/01/2022;1,06;V
15/01/2022;1,05;V
16/01/2022;1,06;V
17/01/2022;1,06;V
18/01/2022;0,97;V
19/01/2022;0,89;V
20/01/2022;0,88;V
21/01/2022;0,88;V
22/01/2022;0,87;V
23/01/2022;0,87;V
24/01/2022;0,87;V
25/01/2022;0,87;V
26/01/2022;0,86;V
27/01/2022;0,84;V
28/01/2022;0,82;V
29/01/2022;0,82;V
30/01/2022;0,83;V
31/01/2022;0,83;V
01/02/2022;0,81;V
02/02/2022;0,82;V
03/02/2022;0,82;V
04/02/2022;0,83;V
05/02/2022;0,82;V
06/02/2022;0,83;V
07/02/2022;0,82;V
08/02/2022;0,81;V
09/02/2022;0,82;V
10/02/2022;0,82;V
11/02/2022;0,82;V
12/02/2022;0,82;V
13/02/2022;0,82;V
14/02/2022;0,83;V
15/02/2022;0,87;V
16/02/2022;0,85;V
17/02/2022;0,84;V
18/02/2022;0,83;V
19/02/2022;0,83;V
20/02/2022;0,82;V
21/02/2022;0,83;V
22/02/2022;0,82;V
23/02/2022;0,82;V
24/02/2022;0,82;V
25/02/2022;0,83;V
26/02/2022;0,83;V
27/02/2022;0,83;V
28/02/2022;0,82;V
01/03/2022;0,83;V
02/03/2022;0,82;V
03/03/2022;0,83;V
04/03/2022;0,82;V
05/03/2022;0,82;V
06/03/2022;0,82;V
07/03/2022;0,82;V
08/03/2022;0,82;V
09/03/2022;0,81;V
10/03/2022;0,81;V
11/03/2022;0,82;V
12/03/2022;0,82;V
13/03/2022;0,81;V
14/03/2022;0,82;V
15/03/2022;0,81;V
16/03/2022;0,82;V
17/03/2022;0,82;V
18/03/2022;0,82;V
19/03/2022;0,81;V
20/03/2022;0,82;V
21/03/2022;0,82;V
22/03/2022;0,81;V
23/03/2022;0,81;V
24/03/2022;0,81;V
25/03/2022;0,81;V
26/03/2022;0,81;V
27/03/2022;0,81;V
28/03/2022;0,81;V
29/03/2022;0,81;V
30/03/2022;0,83;V
31/03/2022;1,04;V
01/04/2022;0,90;V
02/04/2022;0,87;V
03/04/2022;0,85;V
04/04/2022;0,85;V
05/04/2022;0,83;V
06/04/2022;0,84;V
07/04/2022;0,85;V
08/04/2022;0,84;V
09/04/2022;0,83;V
10/04/2022;0,82;V
11/04/2022;0,82;V
12/04/2022;0,81;V
13/04/2022;0,82;V
14/04/2022;0,81;V
15/04/2022;0,81;V
16/04/2022;0,82;V
17/04/2022;0,82;V
18/04/2022;0,81;V
19/04/2022;0,82;V
20/04/2022;0,82;V
21/04/2022;0,83;V
22/04/2022;0,85;V
23/04/2022;0,83;V
24/04/2022;0,92;V
25/04/2022;0,96;V
26/04/2022;0,94;V
27/04/2022;0,93;V
28/04/2022;0,92;V
29/04/2022;0,92;V
30/04/2022;0,92;V
01/05/2022;0,93;V
02/05/2022;0,88;V
03/05/2022;0,85;V
04/05/2022;0,84;V
05/05/2022;0,85;V
06/05/2022;0,86;V
07/05/2022;0,86;V
08/05/2022;0,85;V
09/05/2022;0,85;V
10/05/2022;0,84;V
11/05/2022;0,85;V
12/05/2022;0,84;V
13/05/2022;0,84;V
14/05/2022;0,84;V
15/05/2022;0,84;V
16/05/2022;0,84;V
17/05/2022;0,84;V
18/05/2022;0,84;V
19/05/2022;0,82;V
20/05/2022;0,81;V
21/05/2022;0,82;V
22/05/2022;0,82;V
23/05/2022;0,82;V
24/05/2022;0,82;V
25/05/2022;0,81;V
26/05/2022;0,82;V
27/05/2022;0,81;V
28/05/2022;0,82;V
29/05/2022;0,82;V
30/05/2022;0,81;V
31/05/2022;0,81;V
01/06/2022;0,81;V
02/06/2022;0,81;V
03/06/2022;0,81;V
04/06/2022;0,81;V
05/06/2022;0,82;V
06/06/2022;0,82;V
07/06/2022;0,84;V
08/06/2022;0,83;V
09/06/2022;0,81;V
10/06/2022;0,80;V
11/06/2022;0,80;V
12/06/2022;0,80;V
13/06/2022;0,80;V
14/06/2022;0,80;V
15/06/2022;0,81;V
16/06/2022;0,80;V
17/06/2022;0,81;V
18/06/2022;0,83;V
19/06/2022;0,83;V
20/06/2022;0,83;V
21/06/2022;0,84;V
22/06/2022;0,84;V
23/06/2022;0,85;V
24/06/2022;0,85;V
25/06/2022;0,84;V
26/06/2022;0,84;V
27/06/2022;0,83;V
28/06/2022;0,85;V
29/06/2022;0,85;V
30/06/2022;0,84;V
01/07/2022;0,84;V
02/07/2022;0,84;V
03/07/2022;0,85;V
04/07/2022;0,85;V
05/07/2022;0,86;V
06/07/2022;0,86;V
07/07/2022;0,86;V
08/07/2022;0,85;V
09/07/2022;0,84;V
10/07/2022;0,86;V
11/07/2022;0,87;V
12/07/2022;0,87;V
13/07/2022;0,86;V
14/07/2022;0,87;V
15/07/2022;0,88;V
16/07/2022;0,89;V
17/07/2022;0,89;V
18/07/2022;0,88;V
19/07/2022;0,88;V
20/07/2022;0,88;V
21/07/2022;0,90;V
22/07/2022;0,88;V
23/07/2022;0,89;V
24/07/2022;0,89;V
25/07/2022;0,90;V
26/07/2022;0,89;V
27/07/2022;0,89;V
28/07/2022;0,90;V
29/07/2022;0,91;V
30/07/2022;0,90;V
31/07/2022;0,90;V
01/08/2022;0,90;V
02/08/2022;0,91;V
03/08/2022;0,89;V
04/08/2022;0,90;V
05/08/2022;0,90;V
06/08/2022;0,90;V
07/08/2022;0,90;V
08/08/2022;0,90;V
09/08/2022;0,91;V
10/08/2022;0,90;V
11/08/2022;0,89;V
12/08/2022;0,90;V
13/08/2022;0,90;V
14/08/2022;0,89;V
15/08/2022;0,90;V
16/08/2022;0,86;V
17/08/2022;0,85;V
18/08/2022;0,88;V
19/08/2022;0,86;V
20/08/2022;0,84;V
21/08/2022;0,87;V
22/08/2022;0,87;V
23/08/2022;0,88;V
24/08/2022;0,88;V
25/08/2022;0,88;V
26/08/2022;0,89;V
27/08/2022;0,89;V
28/08/2022;0,88;V
29/08/2022;0,87;V
30/08/2022;0,87;V
31/08/2022;0,88;V
01/09/2022;0,89;V
02/09/2022;0,89;V
03/09/2022;0,89;V
04/09/2022;0,89;V
05/09/2022;0,88;V
06/09/2022;0,89;V
07/09/2022;0,90;V
08/09/2022;0,90;V
09/09/2022;0,90;V
10/09/2022;0,89;V
11/09/2022;0,89;V
12/09/2022;0,89;V
13/09/2022;0,88;V
14/09/2022;0,88;V
15/09/2022;0,88;V
16/09/2022;0,87;V
17/09/2022;0,85;V
18/09/2022;0,84;V
19/09/2022;0,83;V
20/09/2022;0,87;V
21/09/2022;0,89;V
22/09/2022;0,89;V
23/09/2022;0,89;V
24/09/2022;0,91;V
25/09/2022;0,86;V
26/09/2022;0,84;V
27/09/2022;0,84;V
28/09/2022;0,85;V
29/09/2022;0,85;V
30/09/2022;0,86;V
01/10/2022;0,85;V
02/10/2022;0,85;V
03/10/2022;0,84;V
04/10/2022;0,84;V
05/10/2022;0,84;V
06/10/2022;0,84;V
07/10/2022;0,83;V
08/10/2022;0,84;V
09/10/2022;0,83;V
10/10/2022;0,85;V
11/10/2022;0,85;V
12/10/2022;0,86;V
13/10/2022;0,87;V
14/10/2022;0,87;V
15/10/2022;0,87;V
16/10/2022;0,87;V
17/10/2022;0,87;V
18/10/2022;0,88;V
19/10/2022;0,87;V
20/10/2022;0,87;V
21/10/2022;0,88;V
22/10/2022;0,88;V
23/10/2022;0,89;V
24/10/2022;0,88;V
25/10/2022;0,87;V
26/10/2022;0,86;V
27/10/2022;0,86;V
28/10/2022;0,87;V
29/10/2022;0,87;V
30/10/2022;0,86;V
31/10/2022;0,87;V
01/11/2022;0,87;V
02/11/2022;0,87;V
03/11/2022;0,88;V
04/11/2022;0,88;V
05/11/2022;0,84;V
06/11/2022;0,84;V
07/11/2022;0,84;V
08/11/2022;0,85;V
09/11/2022;0,85;V
10/11/2022;0,86;V
11/11/2022;0,84;V
12/11/2022;0,85;V
13/11/2022;0,86;V
14/11/2022;0,86;V
15/11/2022;0,86;V
16/11/2022;0,86;V
17/11/2022;0,85;V
18/11/2022;0,85;V
19/11/2022;0,84;V
20/11/2022;0,83;V
21/11/2022;0,83;V
22/11/2022;0,87;V
23/11/2022;0,83;V
24/11/2022;0,83;V
25/11/2022;0,83;V
26/11/2022;0,83;V
27/11/2022;0,82;R
28/11/2022;0,82;V
29/11/2022;0,83;V
30/11/2022;0,83;V
01/12/2022;0,82;V
02/12/2022;0,82;V
03/12/2022;0,83;V
04/12/2022;0,83;V
05/12/2022;0,92;V
06/12/2022;0,88;V
07/12/2022;0,85;V
08/12/2022;0,83;V
09/12/2022;1,02;V
10/12/2022;0,94;V
11/12/2022;0,93;V
12/12/2022;0,86;V
13/12/2022;0,86;V
14/12/2022;0,85;V
15/12/2022;0,97;V
16/12/2022;1,02;V
17/12/2022;1,02;V
18/12/2022;1,05;V
19/12/2022;1,04;V
20/12/2022;1,05;V
21/12/2022;1,06;V
22/12/2022;1,04;V
23/12/2022;1,03;V
24/12/2022;1,01;V
25/12/2022;0,99;V
26/12/2022;0,98;V
27/12/2022;0,96;V
28/12/2022;0,95;V
29/12/2022;0,95;V
30/12/2022;0,95;V
31/12/2022;0,95;V
01/01/2023;0,94;V
02/01/2023;0,94;V
03/01/2023;0,94;V
04/01/2023;0,94;V
05/01/2023;0,94;V
06/01/2023;0,93;V
07/01/2023;0,93;V
08/01/2023;0,94;V
09/01/2023;1,26;V
10/01/2023;1,14;V
11/01/2023;1,11;V
12/01/2023;1,06;V
13/01/2023;1,04;V
14/01/2023;1,00;V
15/01/2023;0,99;V
16/01/2023;1,05;V
17/01/2023;1,18;V
18/01/2023;1,24;V
19/01/2023;1,25;V
20/01/2023;1,22;V
21/01/2023;1,17;V
22/01/2023;1,13;V
23/01/2023;1,12;V
24/01/2023;1,10;V
25/01/2023;1,07;V
26/01/2023;1,06;V
27/01/2023;1,04;V
28/01/2023;1,01;V
29/01/2023;1,00;V
30/01/2023;0,99;V
31/01/2023;0,96;V
01/02/2023;0,95;V
02/02/2023;0,94;V
03/02/2023;0,95;V
04/02/2023;0,94;V
05/02/2023;0,94;V
06/02/2023;0,91;V
07/02/2023;0,87;V
08/02/2023;0,85;V
09/02/2023;0,85;V
10/02/2023;0,84;V
11/02/2023;0,84;V
12/02/2023;0,84;V
13/02/2023;0,84;V
14/02/2023;0,84;V
15/02/2023;0,84;V
16/02/2023;0,85;V
17/02/2023;0,85;V
18/02/2023;0,85;V
19/02/2023;0,86;V
20/02/2023;0,85;V
21/02/2023;0,86;V
22/02/2023;0,85;V
23/02/2023;0,84;V
24/02/2023;0,85;V
25/02/2023;0,86;V
26/02/2023;0,86;V
27/02/2023;0,86;V
28/02/2023;0,86;V
01/03/2023;0,85;V
02/03/2023;0,85;V
03/03/2023;0,84;V
04/03/2023;0,83;V
05/03/2023;0,84;V
06/03/2023;0,85;V
07/03/2023;0,85;V
08/03/2023;0,86;V
09/03/2023;0,85;V
10/03/2023;0,86;V
11/03/2023;0,85;V
12/03/2023;0,83;V
13/03/2023;0,87;V
14/03/2023;0,89;V
15/03/2023;0,88;V
16/03/2023;0,87;V
17/03/2023;0,87;V
18/03/2023;0,87;V
19/03/2023;0,89;V
20/03/2023;0,98;V
21/03/2023;1,00;V
22/03/2023;1,00;V
23/03/2023;0,99;V
24/03/2023;0,98;V
25/03/2023;0,98;V
26/03/2023;0,98;V
27/03/2023;1,00;V
28/03/2023;1,06;V
29/03/2023;1,04;V
30/03/2023;0,94;V
31/03/2023;0,94;V
01/04/2023;0,89;V
02/04/2023;0,84;V
03/04/2023;0,83;V
04/04/2023;0,83;V
05/04/2023;0,83;V
06/04/2023;0,82;V
07/04/2023;0,83;V
08/04/2023;0,83;V
09/04/2023;0,83;V
10/04/2023;0,82;V
11/04/2023;0,83;V
12/04/2023;0,83;V
13/04/2023;0,83;V
14/04/2023;0,83;V
15/04/2023;0,83;V
16/04/2023;0,82;V
17/04/2023;0,82;V
18/04/2023;0,82;V
19/04/2023;0,82;V
20/04/2023;0,82;V
21/04/2023;0,84;V
22/04/2023;0,82;V
23/04/2023;0,82;V
24/04/2023;0,83;V
25/04/2023;0,83;V
26/04/2023;0,82;V
27/04/2023;0,81;V
28/04/2023;0,82;V
29/04/2023;0,83;V
30/04/2023;0,82;V
01/05/2023;0,83;V
02/05/2023;0,83;V
03/05/2023;0,82;V
04/05/2023;0,82;V
05/05/2023;0,82;V
06/05/2023;0,81;V
07/05/2023;0,82;V
08/05/2023;0,82;V
09/05/2023;0,83;V
10/05/2023;0,84;V
11/05/2023;0,83;V
12/05/2023;0,83;V
13/05/2023;0,83;V
14/05/2023;0,83;V
15/05/2023;0,83;V
16/05/2023;0,88;V
17/05/2023;0,85;V
18/05/2023;0,89;V
19/05/2023;0,93;V
20/05/2023;0,95;V
21/05/2023;0,94;V
22/05/2023;0,94;V
23/05/2023;0,90;V
24/05/2023;0,88;V
25/05/2023;0,88;V
26/05/2023;0,84;V
27/05/2023;0,82;V
28/05/2023;0,82;V
29/05/2023;0,82;V
30/05/2023;0,82;V
31/05/2023;0,82;V
01/06/2023;0,86;V
02/06/2023;0,83;V
03/06/2023;0,84;V
04/06/2023;0,83;V
05/06/2023;0,89;V
06/06/2023;0,90;V
07/06/2023;0,91;V
08/06/2023;0,90;V
09/06/2023;0,89;V
10/06/2023;0,90;V
11/06/2023;0,87;V
12/06/2023;0,82;V
13/06/2023;0,84;V
14/06/2023;0,83;V
15/06/2023;0,82;V
16/06/2023;0,82;V
17/06/2023;0,82;V
18/06/2023;0,82;V
19/06/2023;0,81;V
20/06/2023;0,81;V
21/06/2023;0,81;V
22/06/2023;0,82;V
23/06/2023;0,82;V
24/06/2023;0,81;V
25/06/2023;0,82;V
26/06/2023;0,82;V
27/06/2023;0,82;V
28/06/2023;0,82;V
29/06/2023;0,81;V
30/06/2023;0,83;V
01/07/2023;0,82;V
02/07/2023;0,82;V
03/07/2023;0,82;V
04/07/2023;0,81;V
05/07/2023;0,81;V
06/07/2023;0,82;V
07/07/2023;0,81;V
08/07/2023;0,81;V
09/07/2023;0,81;V
10/07/2023;0,81;V
11/07/2023;0,82;V
12/07/2023;0,85;V
13/07/2023;0,87;V
14/07/2023;0,86;V
15/07/2023;0,86;V
16/07/2023;0,86;V
17/07/2023;0,86;V
18/07/2023;0,86;V
19/07/2023;0,86;V
20/07/2023;0,87;V
21/07/2023;0,87;V
22/07/2023;0,86;V
23/07/2023;0,86;V
24/07/2023;0,88;V
25/07/2023;0,90;V
26/07/2023;0,89;V
27/07/2023;0,89;V
28/07/2023;0,89;V
29/07/2023;0,90;V
30/07/2023;0,90;V
31/07/2023;0,89;V
01/08/2023;0,90;V
02/08/2023;0,89;V
03/08/2023;0,89;V
04/08/2023;0,89;V
05/08/2023;0,90;V
06/08/2023;0,89;V
07/08/2023;0,88;V
08/08/2023;0,88;V
09/08/2023;0,88;V
10/08/2023;0,90;V
11/08/2023;0,91;V
12/08/2023;0,91;V
13/08/2023;0,91;V
14/08/2023;0,91;V
15/08/2023;0,91;V
16/08/2023;0,91;V
17/08/2023;0,92;V
18/08/2023;0,92;V
19/08/2023;0,91;V
20/08/2023;0,92;V
21/08/2023;0,91;V
22/08/2023;0,91;V
23/08/2023;0,91;V
24/08/2023;0,91;V
25/08/2023;0,92;V
26/08/2023;0,92;V
27/08/2023;0,92;V
28/08/2023;0,93;V
29/08/2023;0,94;V
30/08/2023;0,93;V
31/08/2023;0,93;V
01/09/2023;0,93;V
02/09/2023;0,92;V
03/09/2023;0,91;V
04/09/2023;0,92;V
05/09/2023;0,90;V
06/09/2023;0,89;V
07/09/2023;0,94;V
08/09/2023;0,94;V
09/09/2023;0,94;V
10/09/2023;0,94;V
11/09/2023;0,94;V
12/09/2023;0,94;V
13/09/2023;0,95;V
14/09/2023;0,95;V
15/09/2023;0,95;V
16/09/2023;0,95;V
17/09/2023;0,95;V
18/09/2023;0,95;V
19/09/2023;0,94;V
20/09/2023;0,95;V
21/09/2023;0,94;V
22/09/2023;0,96;V
23/09/2023;0,95;V
24/09/2023;0,95;V
25/09/2023;0,95;V
26/09/2023;0,95;V
27/09/2023;0,94;V
28/09/2023;0,95;V
29/09/2023;0,94;V
30/09/2023;0,94;V
01/10/2023;0,94;V
02/10/2023;0,94;V
03/10/2023;0,95;V
04/10/2023;0,95;V
05/10/2023;0,95;V
06/10/2023;0,95;V
07/10/2023;0,95;V
08/10/2023;0,95;V
09/10/2023;0,95;V
10/10/2023;0,93;V
11/10/2023;0,96;V
12/10/2023;0,97;V
13/10/2023;0,94;V
14/10/2023;0,94;V
15/10/2023;0,94;V
16/10/2023;0,95;V
17/10/2023;0,95;V
18/10/2023;0,98;V
19/10/2023;0,95;V
20/10/2023;0,94;V
21/10/2023;0,91;V
22/10/2023;0,88;V
23/10/2023;0,89;V
24/10/2023;0,90;V
25/10/2023;0,87;V
26/10/2023;0,83;V
27/10/2023;0,82;V
28/10/2023;0,82;V
29/10/2023;0,82;V
30/10/2023;0,84;V
31/10/2023;0,86;V
01/11/2023;0,83;V
02/11/2023;1,35;V
03/11/2023;1,17;V
04/11/2023;1,11;V
05/11/2023;1,21;V
06/11/2023;1,17;V
07/11/2023;1,21;V
08/11/2023;1,18;V
09/11/2023;1,17;V
10/11/2023;1,24;V
11/11/2023;1,24;V
12/11/2023;1,19;V
13/11/2023;1,16;V
14/11/2023;1,16;V
15/11/2023;1,14;V
16/11/2023;1,16;V
17/11/2023;1,15;V
18/11/2023;1,12;V
19/11/2023;1,10;V
20/11/2023;1,10;V
21/11/2023;1,10;V
22/11/2023;1,10;V
23/11/2023;1,08;V
24/11/2023;1,04;V
25/11/2023;0,96;V
26/11/2023;0,93;V
27/11/2023;0,93;V
28/11/2023;0,94;V
29/11/2023;0,91;V
30/11/2023;1,06;V
01/12/2023;1,00;V
02/12/2023;1,12;V
03/12/2023;1,17;V
04/12/2023;1,16;V
05/12/2023;1,35;V
06/12/2023;1,30;V
07/12/2023;1,23;V
08/12/2023;1,16;V
09/12/2023;1,12;V
10/12/2023;1,09;V
11/12/2023;1,08;V
12/12/2023;1,10;V
13/12/2023;1,20;V
14/12/2023;1,22;V
15/12/2023;1,19;V
16/12/2023;1,14;V
17/12/2023;1,09;V
18/12/2023;1,07;V
19/12/2023;1,04;V
20/12/2023;1,02;V
21/12/2023;1,02;V
22/12/2023;1,03;V
23/12/2023;1,07;V
24/12/2023;1,06;V
25/12/2023;1,06;V
26/12/2023;1,06;V
27/12/2023;1,06;V
28/12/2023;1,05;V
29/12/2023;1,01;V
30/12/2023;1,00;V
31/12/2023;1,01;V
01/01/2024;1,00;
02/01/2024;1,00;V
03/01/2024;1,01;V
04/01/2024;1,00;V
05/01/2024;1,00;V
06/01/2024;1,13;V
07/01/2024;1,12;V
08/01/2024;1,04;V
09/01/2024;1,08;V
10/01/2024;1,09;V
11/01/2024;1,09;V
12/01/2024;1,07;V
13/01/2024;1,09;V
14/01/2024;1,10;V
15/01/2024;1,10;V
16/01/2024;1,09;V
17/01/2024;1,12;V
18/01/2024;1,12;V
19/01/2024;1,10;V
20/01/2024;1,10;V
21/01/2024;1,09;V
22/01/2024;1,09;V
23/01/2024;1,06;V
24/01/2024;1,04;V
25/01/2024;1,02;V
26/01/2024;1,01;V
27/01/2024;0,97;V
28/01/2024;0,96;V
29/01/2024;0,93;V
30/01/2024;0,91;V
31/01/2024;0,91;V
01/02/2024;0,88;V
02/02/2024;0,86;V
03/02/2024;0,86;V
04/02/2024;0,86;V
05/02/2024;0,86;V
06/02/2024;0,86;V
07/02/2024;0,86;V
08/02/2024;0,86;V
09/02/2024;0,86;V
10/02/2024;0,97;V
11/02/2024;1,09;V
12/02/2024;1,09;V
13/02/2024;1,06;V
14/02/2024;1,01;V
15/02/2024;0,96;V
16/02/2024;0,94;V
17/02/2024;0,94;V
18/02/2024;0,93;V
19/02/2024;0,94;V
20/02/2024;0,89;V
21/02/2024;0,86;V
22/02/2024;0,86;V
23/02/2024;0,89;V
24/02/2024;0,91;V
25/02/2024;0,96;V
26/02/2024;1,05;V
27/02/2024;1,42;V
28/02/2024;1,54;V
29/02/2024;1,50;V
01/03/2024;1,45;V
02/03/2024;1,43;V
03/03/2024;1,28;V
04/03/2024;1,13;V
05/03/2024;1,10;V
06/03/2024;1,10;V
07/03/2024;1,09;V
08/03/2024;1,09;V
09/03/2024;1,12;V
10/03/2024;1,16;V
11/03/2024;1,15;V
12/03/2024;1,13;V
13/03/2024;1,12;V
14/03/2024;1,11;V
15/03/2024;1,10;V
16/03/2024;1,10;V
17/03/2024;1,09;V
18/03/2024;1,05;V
19/03/2024;0,96;V
20/03/2024;0,92;V
21/03/2024;0,93;V
22/03/2024;0,92;V
23/03/2024;0,94;V
24/03/2024;0,93;V
25/03/2024;0,92;V
26/03/2024;0,94;V
27/03/2024;1,02;V
28/03/2024;1,13;V
29/03/2024;1,15;V
30/03/2024;1,14;V
31/03/2024;1,13;V
01/04/2024;1,08;V
02/04/2024;1,02;V
03/04/2024;1,03;V
04/04/2024;0,98;V
05/04/2024;0,93;V
06/04/2024;0,92;V
07/04/2024;0,92;V
08/04/2024;0,89;V
09/04/2024;0,85;V
10/04/2024;0,86;V
11/04/2024;0,85;V
12/04/2024;0,84;V
13/04/2024;0,83;V
14/04/2024;0,83;V
15/04/2024;0,83;V
16/04/2024;0,83;V
17/04/2024;0,83;V
18/04/2024;0,84;V
19/04/2024;0,83;V
20/04/2024;0,84;V
21/04/2024;0,83;V
22/04/2024;0,85;V
23/04/2024;0,87;V
24/04/2024;0,85;V
25/04/2024;0,84;V
26/04/2024;0,83;V
27/04/2024;0,84;V
28/04/2024;0,83;V
29/04/2024;0,83;V
30/04/2024;0,83;V
01/05/2024;0,86;V
02/05/2024;0,95;V
03/05/2024;1,02;V
04/05/2024;1,06;V
05/05/2024;1,05;V
06/05/2024;0,94;V
07/05/2024;0,91;V
08/05/2024;0,90;V
09/05/2024;0,88;V
10/05/2024;0,88;V
11/05/2024;0,88;V
12/05/2024;0,88;V
13/05/2024;0,88;V
14/05/2024;0,88;V
15/05/2024;0,87;V
16/05/2024;0,86;V
17/05/2024;0,85;V
18/05/2024;0,83;V
19/05/2024;0,84;V
20/05/2024;0,86;V
21/05/2024;0,94;V
22/05/2024;0,93;V
23/05/2024;0,88;V
24/05/2024;0,85;V
25/05/2024;0,85;V
26/05/2024;0,83;V
27/05/2024;0,82;V
28/05/2024;0,82;V
29/05/2024;0,82;V
30/05/2024;0,83;V
31/05/2024;0,82;V
01/06/2024;0,82;V
02/06/2024;0,82;V
03/06/2024;0,83;V
04/06/2024;0,82;V
05/06/2024;0,82;V
06/06/2024;0,82;V
07/06/2024;0,82;V
08/06/2024;0,82;V
09/06/2024;0,82;V
10/06/2024;0,82;V
11/06/2024;0,81;V
12/06/2024;0,82;V
13/06/2024;0,82;V
14/06/2024;0,82;V
15/06/2024;0,82;V
16/06/2024;0,81;V
17/06/2024;0,81;V
18/06/2024;0,81;V
19/06/2024;0,81;V
20/06/2024;0,83;V
21/06/2024;0,85;V
22/06/2024;0,84;V
23/06/2024;0,85;V
24/06/2024;0,89;V
25/06/2024;0,88;V
26/06/2024;0,90;V
27/06/2024;0,90;V
28/06/2024;0,84;V
29/06/2024;0,82;V
30/06/2024;0,82;V
01/07/2024;0,82;V
02/07/2024;0,81;V
03/07/2024;0,82;V
04/07/2024;0,80;V
05/07/2024;0,85;V
06/07/2024;0,86;V
07/07/2024;0,86;V
08/07/2024;0,88;V
09/07/2024;0,88;V
10/07/2024;0,89;V
11/07/2024;0,89;V
12/07/2024;0,91;V
13/07/2024;0,93;V
14/07/2024;0,92;V
15/07/2024;0,92;V
16/07/2024;0,92;V
17/07/2024;0,92;V
18/07/2024;0,92;V
19/07/2024;0,93;V
20/07/2024;0,93;V
21/07/2024;0,93;V
22/07/2024;0,94;V
23/07/2024;0,94;V
24/07/2024;0,94;V
25/07/2024;0,93;V
26/07/2024;0,92;V
27/07/2024;0,94;V
28/07/2024;0,96;V
29/07/2024;0,97;V
30/07/2024;0,96;V
31/07/2024;0,96;V
01/08/2024;0,97;V
02/08/2024;0,97;V
03/08/2024;0,97;V
04/08/2024;0,97;V
05/08/2024;0,96;V
06/08/2024;0,97;V
07/08/2024;0,97;V
08/08/2024;0,96;V
09/08/2024;0,98;V
10/08/2024;0,98;V
11/08/2024;0,98;V
12/08/2024;0,98;V
13/08/2024;0,98;V
14/08/2024;0,98;V
15/08/2024;0,99;V
16/08/2024;0,97;V
17/08/2024;0,97;V
18/08/2024;0,96;V
19/08/2024;0,96;V
20/08/2024;0,96;V
21/08/2024;0,96;V
22/08/2024;0,98;V
23/08/2024;0,97;V
24/08/2024;0,97;V
25/08/2024;0,97;V
26/08/2024;0,97;V
27/08/2024;0,97;V
28/08/2024;0,97;V
29/08/2024;0,96;V
30/08/2024;0,94;V
31/08/2024;0,95;V
01/09/2024;0,95;V
02/09/2024;0,95;V
03/09/2024;0,95;V
04/09/2024;0,96;V
05/09/2024;0,96;V
06/09/2024;0,89;V
07/09/2024;0,92;V
08/09/2024;0,96;V
09/09/2024;0,86;V
10/09/2024;0,85;V
11/09/2024;0,90;V
12/09/2024;0,91;V
13/09/2024;0,85;V
14/09/2024;0,82;V
15/09/2024;0,87;V
16/09/2024;0,86;V
17/09/2024;0,86;V
18/09/2024;0,86;V
19/09/2024;0,83;V
20/09/2024;0,81;V
21/09/2024;0,81;V
22/09/2024;0,81;V
23/09/2024;0,81;V
24/09/2024;0,81;V
25/09/2024;0,82;V
26/09/2024;0,86;V
27/09/2024;0,86;V
28/09/2024;0,86;V
29/09/2024;0,89;V
30/09/2024;0,91;V
01/10/2024;0,91;V
02/10/2024;0,91;V
03/10/2024;0,96;V
04/10/2024;0,83;V
05/10/2024;0,82;V
06/10/2024;0,81;V
07/10/2024;0,81;V
08/10/2024;0,87;V
09/10/2024;0,86;V
10/10/2024;0,86;V
11/10/2024;0,85;V
12/10/2024;0,83;V
13/10/2024;0,82;V
14/10/2024;0,81;V
15/10/2024;0,81;V
16/10/2024;0,81;V
17/10/2024;0,86;V
18/10/2024;1,24;V
19/10/2024;1,11;V
20/10/2024;1,11;V
21/10/2024;1,09;V
22/10/2024;1,09;V
23/10/2024;1,12;V
24/10/2024;1,17;V
25/10/2024;1,20;V
26/10/2024;1,23;V
27/10/2024;1,20;V
28/10/2024;1,16;V
29/10/2024;1,14;V
30/10/2024;1,12;V
31/10/2024;1,09;V
01/11/2024;1,08;V
02/11/2024;1,01;V
03/11/2024;1,01;V
04/11/2024;0,91;V
05/11/2024;0,91;V
06/11/2024;0,87;V
07/11/2024;0,83;V
08/11/2024;0,83;V
09/11/2024;0,83;V
10/11/2024;0,83;V
11/11/2024;0,83;V
12/11/2024;0,82;V
13/11/2024;0,81;V
14/11/2024;0,81;V
15/11/2024;0,81;V
16/11/2024;0,81;V
17/11/2024;0,81;V
18/11/2024;0,81;V
19/11/2024;0,81;V
20/11/2024;0,84;V
21/11/2024;0,92;V
22/11/2024;1,49;V
23/11/2024;1,35;V
24/11/2024;1,24;V
25/11/2024;1,16;V
26/11/2024;1,10;V
27/11/2024;1,08;V
28/11/2024;1,09;V
29/11/2024;1,08;V
30/11/2024;1,08;V
01/12/2024;1,04;V
02/12/2024;0,99;V
03/12/2024;0,88;V
04/12/2024;0,83;V
05/12/2024;0,83;V
06/12/2024;0,83;V
07/12/2024;0,83;V
08/12/2024;0,97;V
09/12/2024;1,03;V
10/12/2024;1,08;V
11/12/2024;1,04;V
12/12/2024;0,96;V
13/12/2024;0,94;V
14/12/2024;0,96;V
15/12/2024;0,95;V
16/12/2024;0,95;V
17/12/2024;0,95;V
18/12/2024;0,94;V
19/12/2024;0,94;V
20/12/2024;1,03;V
21/12/2024;1,11;V
22/12/2024;1,10;V
23/12/2024;1,06;V
24/12/2024;0,99;V
25/12/2024;0,96;V
26/12/2024;0,95;V
27/12/2024;0,95;V
28/12/2024;0,93;V
29/12/2024;0,91;V
30/12/2024;0,91;V
31/12/2024;0,88;V
01/01/2025;0,85;
02/01/2025;0,85;P
03/01/2025;1,03;P
04/01/2025;1,10;P
05/01/2025;1,11;P
06/01/2025;1,11;P
07/01/2025;1,06;P
08/01/2025;1,07;P
09/01/2025;1,12;P
10/01/2025;1,12;P
11/01/2025;1,11;P
12/01/2025;1,11;P
13/01/2025;1,10;P
14/01/2025;1,10;P
15/01/2025;1,03;P
16/01/2025;0,95;P
17/01/2025;0,91;P
18/01/2025;0,91;P
19/01/2025;0,91;P
20/01/2025;0,91;P
21/01/2025;0,92;P
22/01/2025;0,93;P
23/01/2025;1,06;P
24/01/2025;1,12;P
25/01/2025;1,11;P
26/01/2025;1,11;P
27/01/2025;1,11;P
28/01/2025;1,33;P
29/01/2025;1,14;P
30/01/2025;1,11;P
31/01/2025;1,14;P
01/02/2025;1,43;P
02/02/2025;1,37;P
03/02/2025;1,37;P
04/02/2025;1,31;P
05/02/2025;1,23;P
06/02/2025;1,17;P
07/02/2025;1,13;P
08/02/2025;1,11;P
09/02/2025;1,15;P
10/02/2025;1,11;P
11/02/2025;1,11;P
12/02/2025;1,12;P
13/02/2025;1,14;P
14/02/2025;1,34;P
15/02/2025;1,23;P
16/02/2025;1,20;P
17/02/2025;1,16;P
18/02/2025;1,13;P
19/02/2025;1,11;P
20/02/2025;1,11;P
21/02/2025;1,11;P
22/02/2025;1,11;P
23/02/2025;1,07;P
24/02/2025;1,14;P
25/02/2025;1,13;P
26/02/2025;1,15;P
27/02/2025;1,12;P
28/02/2025;1,12;P
01/03/2025;1,12;P
02/03/2025;1,11;P
03/03/2025;1,07;P
04/03/2025;1,02;P
05/03/2025;0,98;P
06/03/2025;0,96;P
07/03/2025;0,96;P
08/03/2025;0,96;P
09/03/2025;0,96;P
10/03/2025;0,97;P
11/03/2025;1,04;P
12/03/2025;1,22;P
13/03/2025;1,35;P
14/03/2025;2,96;P
15/03/2025;2,20;P
16/03/2025;1,50;P
17/03/2025;1,28;P
18/03/2025;1,18;P
19/03/2025;1,40;P
20/03/2025;1,73;P
21/03/2025;1,64;P
22/03/2025;1,20;P
23/03/2025;1,10;P
24/03/2025;1,05;P
25/03/2025;0,90;P
26/03/2025;0,87;P
27/03/2025;0,86;P
28/03/2025;0,84;P
29/03/2025;0,84;P
30/03/2025;0,84;P
31/03/2025;0,84;P
01/04/2025;0,83;P
02/04/2025;0,83;P
03/04/2025;0,83;P
04/04/2025;0,83;P
05/04/2025;0,83;P
06/04/2025;0,83;P
07/04/2025;0,83;P
08/04/2025;0,83;P
09/04/2025;0,83;P
10/04/2025;0,83;P
11/04/2025;0,83;P
12/04/2025;0,83;P
13/04/2025;0,83;P
14/04/2025;0,89;P
15/04/2025;1,19;P
16/04/2025;1,15;P
17/04/2025;1,18;P
18/04/2025;1,24;P
19/04/2025;1,15;P
20/04/2025;1,10;P
21/04/2025;1,09;P
22/04/2025;1,06;P
23/04/2025;0,97;P
24/04/2025;0,90;P
25/04/2025;0,90;P
26/04/2025;0,89;P
27/04/2025;0,89;P
28/04/2025;0,89;P
29/04/2025;0,89;P
30/04/2025;0,89;P
01/05/2025;0,89;P
02/05/2025;0,89;P
03/05/2025;0,89;P
04/05/2025;1,13;P
05/05/2025;1,04;P
06/05/2025;1,03;P
07/05/2025;1,01;P
08/05/2025;0,94;P
09/05/2025;0,90;P
10/05/2025;0,87;P
11/05/2025;0,85;P
12/05/2025;0,84;P
13/05/2025;0,83;P
14/05/2025;0,83;P
15/05/2025;0,83;P
16/05/2025;0,85;P
17/05/2025;0,83;P
18/05/2025;0,83;P
19/05/2025;0,83;P
20/05/2025;0,83;P
21/05/2025;0,83;P
22/05/2025;0,83;P
23/05/2025;0,83;P
24/05/2025;0,83;P
25/05/2025;0,83;P
26/05/2025;0,83;P
27/05/2025;0,83;P
28/05/2025;0,83;P
29/05/2025;0,83;P
30/05/2025;0,82;P
31/05/2025;0,82;P
01/06/2025;0,82;P
02/06/2025;0,82;P
03/06/2025;0,82;P
04/06/2025;0,82;P
05/06/2025;0,82;P
06/06/2025;0,82;P
07/06/2025;0,82;P
08/06/2025;0,82;P
09/06/2025;0,81;P
10/06/2025;0,82;P
11/06/2025;0,82;P
12/06/2025;0,84;P
13/06/2025;0,86;P
14/06/2025;0,87;P
15/06/2025;0,87;P
16/06/2025;0,86;P
17/06/2025;0,86;P
18/06/2025;0,86;P
19/06/2025;0,87;P
20/06/2025;0,87;P
21/06/2025;0,87;P
22/06/2025;0,87;P
23/06/2025;0,87;P
24/06/2025;0,87;P
25/06/2025;0,87;P
26/06/2025;0,87;P
27/06/2025;0,89;P
28/06/2025;0,89;P
29/06/2025;0,89;P
30/06/2025;0,89;P
01/07/2025;0,89;P
02/07/2025;0,89;P
03/07/2025;0,89;P
04/07/2025;0,89;P
05/07/2025;0,89;P
06/07/2025;0,89;P
07/07/2025;0,86;P
08/07/2025;0,86;P
09/07/2025;0,87;P
10/07/2025;0,88;P
11/07/2025;0,89;P
12/07/2025;0,89;P
13/07/2025;0,89;P
14/07/2025;0,89;P
15/07/2025;0,89;P
16/07/2025;0,90;P
17/07/2025;0,91;P
18/07/2025;0,91;P
19/07/2025;0,91;P
20/07/2025;0,91;P
21/07/2025;0,91;P
22/07/2025;0,91;P
23/07/2025;0,91;P
24/07/2025;0,91;P
25/07/2025;0,90;P
26/07/2025;0,91;P
27/07/2025;0,90;P
28/07/2025;0,90;P
29/07/2025;0,89;P
30/07/2025;0,89;P
31/07/2025;0,89;P
01/08/2025;0,90;P
02/08/2025;0,91;P
03/08/2025;0,91;P
04/08/2025;0,91;P
05/08/2025;0,91;P
06/08/2025;0,90;P
07/08/2025;0,93;P
08/08/2025;0,93;P
09/08/2025;0,94;P
10/08/2025;0,94;P
11/08/2025;0,93;P
12/08/2025;0,93;P
13/08/2025;0,93;P
14/08/2025;0,93;P
15/08/2025;0,93;P
16/08/2025;0,93;P
17/08/2025;0,93;P
18/08/2025;0,93;P
19/08/2025;0,92;P
20/08/2025;0,89;P
21/08/2025;0,84;P
22/08/2025;0,85;P
23/08/2025;0,88;P
24/08/2025;0,89;P
25/08/2025;0,89;P
26/08/2025;0,89;P
27/08/2025;0,89;P
28/08/2025;0,89;P
29/08/2025;0,86;P
30/08/2025;0,84;P
31/08/2025;0,83;P
01/09/2025;0,83;P
02/09/2025;0,84;P
03/09/2025;0,84;P
04/09/2025;0,86;P
05/09/2025;0,91;P
06/09/2025;0,91;P
07/09/2025;0,91;P
08/09/2025;0,91;P
09/09/2025;0,91;P
10/09/2025;0,90;P
11/09/2025;0,84;P
12/09/2025;0,84;P
13/09/2025;0,87;P
14/09/2025;0,87;P
15/09/2025;0,88;P
16/09/2025;0,89;P
17/09/2025;0,89;P
18/09/2025;0,91;P
19/09/2025;0,91;P
20/09/2025;0,91;P
21/09/2025;0,91;P
22/09/2025;0,91;P
23/09/2025;0,89;P
24/09/2025;0,88;P
25/09/2025;0,88;P
26/09/2025;0,88;P
27/09/2025;0,88;P
28/09/2025;0,89;P
29/09/2025;0,88;P
30/09/2025;0,89;P
01/10/2025;0,89;P
02/10/2025;0,89;P
03/10/2025;0,89;P
04/10/2025;0,89;P
05/10/2025;0,89;P
06/10/2025;0,89;P
07/10/2025;0,89;P
08/10/2025;0,89;P
09/10/2025;0,89;P
10/10/2025;0,89;P
11/10/2025;0,89;P
12/10/2025;0,89;P
13/10/2025;0,88;P
14/10/2025;0,88;P
15/10/2025;0,88;P
16/10/2025;0,88;P
17/10/2025;0,88;P
18/10/2025;0,88;P
19/10/2025;0,89;P
20/10/2025;0,88;P
21/10/2025;0,89;P
22/10/2025;0,87;P
23/10/2025;0,87;P
24/10/2025;0,83;P
25/10/2025;0,82;P
26/10/2025;0,83;P
27/10/2025;0,82;P
28/10/2025;0,82;P
29/10/2025;0,82;P
30/10/2025;0,93;P
31/10/2025;0,86;P
01/11/2025;0,83;P
02/11/2025;0,83;P
03/11/2025;0,85;P
04/11/2025;0,83;P
05/11/2025;0,82;P
06/11/2025;0,82;P
07/11/2025;0,82;P
08/11/2025;0,82;P
09/11/2025;0,82;P
10/11/2025;0,82;P
11/11/2025;0,83;P
12/11/2025;0,83;P
13/11/2025;0,82;P
14/11/2025;0,82;P
15/11/2025;0,82;P
16/11/2025;0,82;P
17/11/2025;0,87;P
18/11/2025;0,85;P
19/11/2025;0,83;P
20/11/2025;0,84;P
21/11/2025;0,83;P
22/11/2025;0,84;P
23/11/2025;0,83;P
24/11/2025;1,01;P
25/11/2025;1,21;P
26/11/2025;1,22;P
27/11/2025;1,17;P
28/11/2025;1,12;P
29/11/2025;1,09;P
30/11/2025;1,08;P
01/12/2025;1,06;P
02/12/2025;1,06;P
03/12/2025;1,06;P
04/12/2025;0,98;P
05/12/2025;0,92;P
06/12/2025;0,91;P
07/12/2025;0,91;P
08/12/2025;0,91;P
09/12/2025;0,87;P
10/12/2025;0,84;P
11/12/2025;0,84;P
12/12/2025;0,84;P
13/12/2025;0,84;P
14/12/2025;0,84;P
15/12/2025;0,84;P
16/12/2025;0,84;P
17/12/2025;0,87;P
18/12/2025;0,89;P
19/12/2025;0,91;P
20/12/2025;0,92;P
21/12/2025;0,92;P
22/12/2025;0,92;P
23/12/2025;0,94;P
24/12/2025;0,95;P
25/12/2025;0,94;P
26/12/2025;0,93;P
27/12/2025;0,92;P
28/12/2025;0,92;P
29/12/2025;0,92;P
30/12/2025;0,93;P
31/12/2025;0,97;P
01/01/2026;0,97;P
02/01/2026;0,98;P
03/01/2026;0,97;P
04/01/2026;0,97;P
05/01/2026;0,97;P
06/01/2026;0,97;P
07/01/2026;0,94;P
08/01/2026;0,92;P
09/01/2026;0,95;P
10/01/2026;1,00;P
11/01/2026;1,01;P
12/01/2026;1,01;P
13/01/2026;1,01;P
14/01/2026;1,01;P
15/01/2026;1,01;P
16/01/2026;1,02;P
17/01/2026;1,03;P
18/01/2026;1,03;P
19/01/2026;1,03;P
20/01/2026;0,99;P
21/01/2026;0,95;P
22/01/2026;0,95;P
23/01/2026;0,95;P
24/01/2026;1,10;P
25/01/2026;1,27;P
26/01/2026;1,31;P
27/01/2026;1,25;P
28/01/2026;1,37;P
29/01/2026;1,39;P
30/01/2026;1,25;P
31/01/2026;1,26;P
01/02/2026;1,14;P
02/02/2026;1,07;P
03/02/2026;;@
04/02/2026;1,21;P
05/02/2026;1,23;P
06/02/2026;1,33;P
07/02/2026;1,32;P
08/02/2026;1,28;P
09/02/2026;1,23;P
10/02/2026;1,18;P
11/02/2026;1,23;P
12/02/2026;1,28;P
13/02/2026;1,27;P
14/02/2026;1,26;P
15/02/2026;1,25;P
16/02/2026;1,21;P
17/02/2026;1,17;P
18/02/2026;1,13;P
19/02/2026;1,13;P
20/02/2026;1,11;P
21/02/2026;1,09;P
22/02/2026;1,08;P
23/02/2026;1,08;P
24/02/2026;1,08;P
25/02/2026;1,07;P
26/02/2026;1,07;P
27/02/2026;1,02;P
28/02/2026;0,99;P
01/03/2026;0,99;P
02/03/2026;0,95;P
03/03/2026;0,92;P
04/03/2026;0,92;P
05/03/2026;0,92;P
06/03/2026;0,90;P
07/03/2026;0,88;P
08/03/2026;0,88;P
09/03/2026;0,88;P
10/03/2026;0,88;P
11/03/2026;0,88;P
12/03/2026;1,00;P
13/03/2026;0,99;P
14/03/2026;0,98;P
15/03/2026;0,94;P
16/03/2026;0,92;P
17/03/2026;0,91;P
18/03/2026;0,90;P
19/03/2026;0,88;P
20/03/2026;0,88;P
21/03/2026;0,88;P
22/03/2026;0,88;P
23/03/2026;0,88;P
24/03/2026;0,88;P
25/03/2026;0,88;P
26/03/2026;0,97;P
27/03/2026;0,94;P
28/03/2026;0,94;P
29/03/2026;0,93;P
30/03/2026;0,93;P
31/03/2026;0,93;P
01/04/2026;0,89;P
02/04/2026;0,86;P
03/04/2026;0,85;P
04/04/2026;0,84;P
05/04/2026;0,84;P
06/04/2026;0,84;P
07/04/2026;0,84;P
08/04/2026;0,84;P
09/04/2026;0,84;P
10/04/2026;0,83;P
11/04/2026;0,83;P
12/04/2026;0,83;P
13/04/2026;0,83;P
14/04/2026;0,83;P
15/04/2026;0,83;P
16/04/2026;0,83;P
17/04/2026;0,83;P
18/04/2026;0,83;P
19/04/2026;0,83;P
20/04/2026;0,82;P
21/04/2026;0,82;P
22/04/2026;0,82;P
23/04/2026;0,82;P
24/04/2026;0,82;P
25/04/2026;0,82;P
26/04/2026;0,82;P
27/04/2026;0,82;P
28/04/2026;0,82;P
29/04/2026;0,82;P
30/04/2026;0,82;P
01/05/2026;0,82;P
02/05/2026;0,82;P
03/05/2026;0,82;P
04/05/2026;0,82;P
05/05/2026;0,83;P
06/05/2026;1,16;P
07/05/2026;1,14;P
08/05/2026;1,08;P
09/05/2026;1,06;P
10/05/2026;1,05;P
11/05/2026;0,97;P
12/05/2026;0,91;P
13/05/2026;0,91;P
14/05/2026;0,91;P
15/05/2026;0,91;P
16/05/2026;0,91;P
17/05/2026;0,91;P
18/05/2026;0,87;P
19/05/2026;0,84;P
20/05/2026;0,84;P
21/05/2026;0,83;P
22/05/2026;0,82;P
23/05/2026;0,82;P
24/05/2026;0,82;P
25/05/2026;0,82;P
26/05/2026;0,82;P
27/05/2026;0,82;P
28/05/2026;0,82;P
29/05/2026;0,82;P
30/05/2026;0,82;P
31/05/2026;0,82;P
01/06/2026;0,82;P
02/06/2026;0,82;P
03/06/2026;0,91;P
04/06/2026;0,91;P
05/06/2026;0,91;P
06/06/2026;0,91;P
07/06/2026;0,91;P
08/06/2026;0,87;P
09/06/2026;0,84;P
10/06/2026;0,83;P
11/06/2026;0,82;P
