"Stazione";"S. Piero a Ponti"
"Codice";"TOS01004791"
"Comune";"Signa"
"Provincia";"FI"
"GB [m]";"E";1671407;"N";4852291
"WGS84 [°]";"Lat";43.804;"Lon";11.131
"Quota [m]";40,00

;;;ATTENZIONE i dati sono nel fomato csv ed utilizzano
;;;come separatore di colonna il "punto e virgola" e
;;;come separatore decimale la "virgola"
;;;verificare le proprie impostazioni internazionali per una corretta visulizzazione.
;;;Il valore contrassegnato con N corrisponde al dato non validato
;;;Il valore contrassegnato con R corrisponde al dato ricostruito
;;;Il valore contrassegnato con I corrisponde al dato incerto
;;;Il valore contrassegnato con @ corrisponde al dato mancante
;;;Il valore contrassegnato con V corrisponde al dato validato
;;;Il valore contrassegnato con P corrisponde al dato prevalidato soggetto ad eventuali modifiche
;;;(consultare la sezione Criteri di validazione)

"gg/mm/aaaa";"Livello [m]";"Tipo Dato"
01/01/1998;1,82;V
02/01/1998;1,80;V
03/01/1998;2,06;V
04/01/1998;1,97;V
05/01/1998;1,86;V
06/01/1998;1,79;V
07/01/1998;1,73;V
08/01/1998;1,69;V
09/01/1998;1,67;V
10/01/1998;1,64;V
11/01/1998;1,62;V
12/01/1998;1,61;V
13/01/1998;1,59;V
14/01/1998;1,61;V
15/01/1998;2,07;V
16/01/1998;1,81;V
17/01/1998;1,92;V
18/01/1998;1,85;V
19/01/1998;2,18;V
20/01/1998;2,43;V
21/01/1998;1,98;V
22/01/1998;1,83;V
23/01/1998;1,75;V
24/01/1998;1,71;V
25/01/1998;1,68;V
26/01/1998;1,64;V
27/01/1998;1,63;V
28/01/1998;1,61;V
29/01/1998;1,60;V
30/01/1998;1,59;V
31/01/1998;1,59;V
01/02/1998;1,56;V
02/02/1998;1,55;V
03/02/1998;1,60;V
04/02/1998;1,62;V
05/02/1998;1,59;V
06/02/1998;1,56;V
07/02/1998;1,56;V
08/02/1998;1,55;V
09/02/1998;1,53;V
10/02/1998;1,52;V
11/02/1998;1,51;V
12/02/1998;1,51;V
13/02/1998;1,50;V
14/02/1998;1,51;V
15/02/1998;1,50;V
16/02/1998;1,50;V
17/02/1998;1,49;V
18/02/1998;1,48;V
19/02/1998;1,47;V
20/02/1998;1,47;V
21/02/1998;1,48;V
22/02/1998;1,47;V
23/02/1998;1,65;V
24/02/1998;1,62;V
25/02/1998;1,55;V
26/02/1998;1,51;V
27/02/1998;1,50;V
28/02/1998;1,49;V
01/03/1998;1,49;V
02/03/1998;1,47;V
03/03/1998;1,45;V
04/03/1998;1,45;V
05/03/1998;1,44;V
06/03/1998;1,42;V
07/03/1998;1,42;V
08/03/1998;1,43;V
09/03/1998;1,42;V
10/03/1998;1,41;V
11/03/1998;1,40;V
12/03/1998;1,43;V
13/03/1998;1,48;V
14/03/1998;1,45;V
15/03/1998;1,44;V
16/03/1998;1,42;V
17/03/1998;1,42;V
18/03/1998;1,41;V
19/03/1998;1,40;V
20/03/1998;1,40;V
21/03/1998;1,41;V
22/03/1998;1,40;V
23/03/1998;1,41;V
24/03/1998;1,55;V
25/03/1998;1,50;V
26/03/1998;1,45;V
27/03/1998;1,44;V
28/03/1998;1,45;V
29/03/1998;1,46;V
30/03/1998;1,45;V
31/03/1998;1,43;V
01/04/1998;1,42;V
02/04/1998;1,42;V
03/04/1998;1,42;V
04/04/1998;1,40;V
05/04/1998;1,42;V
06/04/1998;2,10;V
07/04/1998;1,76;V
08/04/1998;1,69;V
09/04/1998;1,66;V
10/04/1998;1,64;V
11/04/1998;2,66;V
12/04/1998;2,53;V
13/04/1998;2,51;V
14/04/1998;2,13;V
15/04/1998;1,93;V
16/04/1998;2,95;V
17/04/1998;2,65;V
18/04/1998;2,41;V
19/04/1998;2,10;V
20/04/1998;1,94;V
21/04/1998;1,82;V
22/04/1998;1,75;V
23/04/1998;1,70;V
24/04/1998;1,66;V
25/04/1998;1,63;V
26/04/1998;1,61;V
27/04/1998;1,61;V
28/04/1998;1,75;V
29/04/1998;1,71;V
30/04/1998;1,73;V
01/05/1998;2,18;V
02/05/1998;2,11;V
03/05/1998;1,91;V
04/05/1998;1,82;V
05/05/1998;1,75;V
06/05/1998;1,67;V
07/05/1998;1,62;V
08/05/1998;1,59;V
09/05/1998;1,57;V
10/05/1998;1,56;V
11/05/1998;1,53;V
12/05/1998;1,52;V
13/05/1998;1,50;V
14/05/1998;1,49;V
15/05/1998;1,49;V
16/05/1998;1,48;V
17/05/1998;1,48;V
18/05/1998;1,47;V
19/05/1998;1,46;V
20/05/1998;1,45;V
21/05/1998;1,44;V
22/05/1998;1,44;V
23/05/1998;1,45;V
24/05/1998;1,51;V
25/05/1998;1,51;V
26/05/1998;1,45;V
27/05/1998;1,44;V
28/05/1998;1,44;V
29/05/1998;1,48;V
30/05/1998;1,47;V
31/05/1998;1,45;V
01/06/1998;1,43;V
02/06/1998;1,41;V
03/06/1998;1,40;V
04/06/1998;1,38;V
05/06/1998;1,38;V
06/06/1998;1,41;V
07/06/1998;1,44;V
08/06/1998;1,45;V
09/06/1998;1,39;V
10/06/1998;1,38;V
11/06/1998;1,62;V
12/06/1998;1,59;V
13/06/1998;1,49;V
14/06/1998;1,45;V
15/06/1998;1,43;V
16/06/1998;1,41;V
17/06/1998;1,39;V
18/06/1998;1,37;V
19/06/1998;1,37;V
20/06/1998;1,36;V
21/06/1998;1,38;V
22/06/1998;1,37;V
23/06/1998;1,36;V
24/06/1998;1,35;V
25/06/1998;1,33;V
26/06/1998;1,32;V
27/06/1998;1,32;V
28/06/1998;1,34;V
29/06/1998;1,33;V
30/06/1998;1,30;V
01/07/1998;1,30;V
02/07/1998;1,31;V
03/07/1998;1,30;V
04/07/1998;1,29;V
05/07/1998;1,31;V
06/07/1998;1,31;V
07/07/1998;1,29;V
08/07/1998;1,30;V
09/07/1998;1,27;V
10/07/1998;1,26;V
11/07/1998;1,28;V
12/07/1998;1,28;V
13/07/1998;1,29;V
14/07/1998;1,33;V
15/07/1998;1,40;V
16/07/1998;1,31;V
17/07/1998;1,29;V
18/07/1998;1,28;V
19/07/1998;1,27;V
20/07/1998;1,26;V
21/07/1998;1,24;V
22/07/1998;1,24;V
23/07/1998;1,26;V
24/07/1998;1,25;V
25/07/1998;1,25;V
26/07/1998;1,26;V
27/07/1998;1,27;V
28/07/1998;1,28;V
29/07/1998;1,26;V
30/07/1998;1,26;V
31/07/1998;1,25;V
01/08/1998;1,26;V
02/08/1998;1,26;V
03/08/1998;1,28;V
04/08/1998;1,27;V
05/08/1998;1,26;V
06/08/1998;1,25;V
07/08/1998;1,25;V
08/08/1998;1,24;V
09/08/1998;1,23;V
10/08/1998;1,24;V
11/08/1998;1,24;V
12/08/1998;1,23;V
13/08/1998;1,24;V
14/08/1998;1,25;V
15/08/1998;1,25;V
16/08/1998;1,24;V
17/08/1998;1,24;V
18/08/1998;1,25;V
19/08/1998;1,27;V
20/08/1998;1,30;V
21/08/1998;1,30;V
22/08/1998;1,28;V
23/08/1998;1,26;V
24/08/1998;1,27;V
25/08/1998;1,27;V
26/08/1998;1,26;V
27/08/1998;1,26;V
28/08/1998;1,26;V
29/08/1998;1,27;V
30/08/1998;1,28;V
31/08/1998;1,29;V
01/09/1998;1,27;V
02/09/1998;1,26;V
03/09/1998;1,25;V
04/09/1998;1,26;V
05/09/1998;1,27;V
06/09/1998;1,31;V
07/09/1998;1,31;V
08/09/1998;1,31;V
09/09/1998;1,29;V
10/09/1998;1,27;V
11/09/1998;1,27;V
12/09/1998;1,35;V
13/09/1998;1,38;V
14/09/1998;1,39;V
15/09/1998;1,37;V
16/09/1998;1,33;V
17/09/1998;1,32;V
18/09/1998;1,30;V
19/09/1998;1,29;V
20/09/1998;1,27;V
21/09/1998;1,28;V
22/09/1998;1,29;V
23/09/1998;1,28;V
24/09/1998;1,27;V
25/09/1998;1,31;V
26/09/1998;1,42;V
27/09/1998;2,09;V
28/09/1998;1,66;V
29/09/1998;1,49;V
30/09/1998;1,42;V
01/10/1998;2,39;V
02/10/1998;1,66;V
03/10/1998;1,51;V
04/10/1998;1,52;V
05/10/1998;2,52;V
06/10/1998;3,08;V
07/10/1998;2,43;V
08/10/1998;2,26;V
09/10/1998;1,99;V
10/10/1998;1,77;V
11/10/1998;1,66;V
12/10/1998;1,60;V
13/10/1998;1,54;V
14/10/1998;1,51;V
15/10/1998;1,49;V
16/10/1998;1,48;V
17/10/1998;1,48;V
18/10/1998;1,56;V
19/10/1998;2,32;V
20/10/1998;2,69;V
21/10/1998;1,88;V
22/10/1998;1,71;V
23/10/1998;1,63;V
24/10/1998;1,60;V
25/10/1998;1,63;V
26/10/1998;1,77;V
27/10/1998;1,63;V
28/10/1998;1,58;V
29/10/1998;1,55;V
30/10/1998;1,53;V
31/10/1998;1,52;V
01/11/1998;1,53;V
02/11/1998;1,51;V
03/11/1998;1,53;V
04/11/1998;4,58;V
05/11/1998;2,81;V
06/11/1998;2,12;V
07/11/1998;1,90;V
08/11/1998;1,78;V
09/11/1998;1,72;V
10/11/1998;1,69;V
11/11/1998;1,72;V
12/11/1998;1,65;V
13/11/1998;1,63;V
14/11/1998;1,62;V
15/11/1998;1,64;V
16/11/1998;1,61;V
17/11/1998;1,59;V
18/11/1998;1,57;V
19/11/1998;1,55;V
20/11/1998;1,54;V
21/11/1998;1,53;V
22/11/1998;1,52;V
23/11/1998;1,51;V
24/11/1998;1,51;V
25/11/1998;1,51;V
26/11/1998;1,50;V
27/11/1998;1,49;V
28/11/1998;1,48;V
29/11/1998;1,48;V
30/11/1998;1,46;V
01/12/1998;1,47;V
02/12/1998;1,46;V
03/12/1998;1,46;V
04/12/1998;1,50;V
05/12/1998;1,53;V
06/12/1998;1,50;V
07/12/1998;1,49;V
08/12/1998;1,49;V
09/12/1998;1,47;V
10/12/1998;1,47;V
11/12/1998;1,47;V
12/12/1998;1,48;V
13/12/1998;1,46;V
14/12/1998;1,46;V
15/12/1998;1,46;V
16/12/1998;1,46;V
17/12/1998;1,45;V
18/12/1998;1,44;V
19/12/1998;1,45;V
20/12/1998;1,45;V
21/12/1998;1,77;V
22/12/1998;1,78;V
23/12/1998;1,64;V
24/12/1998;1,59;V
25/12/1998;1,55;V
26/12/1998;1,53;V
27/12/1998;1,52;V
28/12/1998;1,52;V
29/12/1998;1,51;V
30/12/1998;1,51;V
31/12/1998;1,51;V
01/01/1999;1,50;V
02/01/1999;1,50;V
03/01/1999;1,50;V
04/01/1999;1,49;V
05/01/1999;1,48;V
06/01/1999;1,48;V
07/01/1999;1,47;V
08/01/1999;1,47;V
09/01/1999;1,48;V
10/01/1999;1,55;V
11/01/1999;2,96;V
12/01/1999;2,34;V
13/01/1999;2,32;V
14/01/1999;2,12;V
15/01/1999;1,91;V
16/01/1999;1,82;V
17/01/1999;1,76;V
18/01/1999;1,73;V
19/01/1999;1,70;V
20/01/1999;1,66;V
21/01/1999;1,64;V
22/01/1999;1,63;V
23/01/1999;1,61;V
24/01/1999;1,60;V
25/01/1999;1,58;V
26/01/1999;1,57;V
27/01/1999;1,95;V
28/01/1999;1,86;V
29/01/1999;1,75;V
30/01/1999;1,69;V
31/01/1999;1,65;V
01/02/1999;1,63;V
02/02/1999;1,60;V
03/02/1999;1,59;V
04/02/1999;1,58;V
05/02/1999;1,57;V
06/02/1999;1,56;V
07/02/1999;1,55;V
08/02/1999;1,56;V
09/02/1999;2,20;V
10/02/1999;3,69;V
11/02/1999;2,20;V
12/02/1999;1,94;V
13/02/1999;1,84;V
14/02/1999;1,78;V
15/02/1999;1,73;V
16/02/1999;1,70;V
17/02/1999;1,68;V
18/02/1999;1,65;V
19/02/1999;1,63;V
20/02/1999;1,64;V
21/02/1999;1,66;V
22/02/1999;1,69;V
23/02/1999;1,72;V
24/02/1999;1,66;V
25/02/1999;1,77;V
26/02/1999;1,73;V
27/02/1999;1,68;V
28/02/1999;1,65;V
01/03/1999;1,62;V
02/03/1999;1,61;V
03/03/1999;1,60;V
04/03/1999;1,61;V
05/03/1999;2,27;V
06/03/1999;2,18;V
07/03/1999;2,05;V
08/03/1999;1,91;V
09/03/1999;1,84;V
10/03/1999;1,80;V
11/03/1999;1,77;V
12/03/1999;1,73;V
13/03/1999;1,69;V
14/03/1999;1,66;V
15/03/1999;1,64;V
16/03/1999;1,62;V
17/03/1999;1,60;V
18/03/1999;1,59;V
19/03/1999;1,58;V
20/03/1999;1,57;V
21/03/1999;1,56;V
22/03/1999;1,62;V
23/03/1999;1,66;V
24/03/1999;1,59;V
25/03/1999;1,57;V
26/03/1999;1,66;V
27/03/1999;2,60;V
28/03/1999;2,13;V
29/03/1999;1,90;V
30/03/1999;1,80;V
31/03/1999;1,74;V
01/04/1999;1,70;V
02/04/1999;1,67;V
03/04/1999;1,64;V
04/04/1999;1,62;V
05/04/1999;1,61;V
06/04/1999;1,59;V
07/04/1999;1,58;V
08/04/1999;1,71;V
09/04/1999;1,83;V
10/04/1999;1,73;V
11/04/1999;1,67;V
12/04/1999;1,65;V
13/04/1999;2,53;V
14/04/1999;2,09;V
15/04/1999;1,87;V
16/04/1999;2,00;V
17/04/1999;2,11;V
18/04/1999;2,04;V
19/04/1999;1,90;V
20/04/1999;2,38;V
21/04/1999;2,33;V
22/04/1999;2,07;V
23/04/1999;1,97;V
24/04/1999;1,88;V
25/04/1999;1,82;V
26/04/1999;1,77;V
27/04/1999;1,75;V
28/04/1999;1,74;V
29/04/1999;1,70;V
30/04/1999;1,68;V
01/05/1999;1,65;V
02/05/1999;1,63;V
03/05/1999;1,62;V
04/05/1999;1,82;V
05/05/1999;1,77;V
06/05/1999;1,67;V
07/05/1999;1,67;V
08/05/1999;1,63;V
09/05/1999;1,62;V
10/05/1999;1,59;V
11/05/1999;1,57;V
12/05/1999;1,57;V
13/05/1999;1,56;V
14/05/1999;1,55;V
15/05/1999;1,54;V
16/05/1999;1,54;V
17/05/1999;1,52;V
18/05/1999;1,49;V
19/05/1999;1,48;V
20/05/1999;1,48;V
21/05/1999;1,49;V
22/05/1999;1,49;V
23/05/1999;1,46;V
24/05/1999;1,44;V
25/05/1999;1,43;V
26/05/1999;1,43;V
27/05/1999;1,41;V
28/05/1999;1,40;V
29/05/1999;1,39;V
30/05/1999;1,39;V
31/05/1999;1,38;V
01/06/1999;1,38;V
02/06/1999;1,37;V
03/06/1999;1,37;V
04/06/1999;1,38;V
05/06/1999;1,37;V
06/06/1999;1,36;V
07/06/1999;1,37;V
08/06/1999;1,39;V
09/06/1999;1,37;V
10/06/1999;1,36;V
11/06/1999;1,37;V
12/06/1999;1,36;V
13/06/1999;1,36;V
14/06/1999;1,34;V
15/06/1999;1,35;V
16/06/1999;1,36;V
17/06/1999;1,36;V
18/06/1999;1,36;V
19/06/1999;1,37;V
20/06/1999;1,43;V
21/06/1999;1,37;V
22/06/1999;1,34;V
23/06/1999;1,33;V
24/06/1999;1,33;V
25/06/1999;1,32;V
26/06/1999;1,31;V
27/06/1999;1,32;V
28/06/1999;1,41;V
29/06/1999;1,38;V
30/06/1999;1,34;V
01/07/1999;1,33;V
02/07/1999;1,32;V
03/07/1999;1,30;V
04/07/1999;1,30;V
05/07/1999;1,30;V
06/07/1999;1,30;V
07/07/1999;1,29;V
08/07/1999;1,29;V
09/07/1999;1,30;V
10/07/1999;1,31;V
11/07/1999;1,31;V
12/07/1999;1,33;V
13/07/1999;1,30;V
14/07/1999;1,30;V
15/07/1999;1,29;V
16/07/1999;1,28;V
17/07/1999;1,29;V
18/07/1999;1,27;V
19/07/1999;1,27;V
20/07/1999;1,27;V
21/07/1999;1,27;V
22/07/1999;1,27;V
23/07/1999;1,27;V
24/07/1999;1,26;V
25/07/1999;1,28;V
26/07/1999;1,28;V
27/07/1999;1,27;V
28/07/1999;1,27;V
29/07/1999;1,26;V
30/07/1999;1,25;V
31/07/1999;1,26;V
01/08/1999;1,26;V
02/08/1999;1,27;V
03/08/1999;1,28;V
04/08/1999;1,30;V
05/08/1999;1,29;V
06/08/1999;1,28;V
07/08/1999;1,27;V
08/08/1999;1,27;V
09/08/1999;1,27;V
10/08/1999;1,28;V
11/08/1999;1,26;V
12/08/1999;1,26;V
13/08/1999;1,28;V
14/08/1999;1,27;V
15/08/1999;1,29;V
16/08/1999;1,28;V
17/08/1999;1,28;V
18/08/1999;1,26;V
19/08/1999;1,26;V
20/08/1999;1,27;V
21/08/1999;1,26;V
22/08/1999;1,26;V
23/08/1999;1,25;V
24/08/1999;1,25;V
25/08/1999;1,25;V
26/08/1999;1,25;V
27/08/1999;1,27;V
28/08/1999;1,29;V
29/08/1999;1,39;V
30/08/1999;1,38;V
31/08/1999;1,33;V
01/09/1999;1,28;V
02/09/1999;1,26;V
03/09/1999;1,25;V
04/09/1999;1,25;V
05/09/1999;1,26;V
06/09/1999;1,25;V
07/09/1999;1,29;V
08/09/1999;1,29;V
09/09/1999;1,27;V
10/09/1999;1,26;V
11/09/1999;1,26;V
12/09/1999;1,25;V
13/09/1999;1,25;V
14/09/1999;1,25;V
15/09/1999;1,25;V
16/09/1999;1,26;V
17/09/1999;1,26;V
18/09/1999;1,26;V
19/09/1999;1,25;V
20/09/1999;1,41;V
21/09/1999;1,56;V
22/09/1999;1,38;V
23/09/1999;1,32;V
24/09/1999;1,29;V
25/09/1999;1,28;V
26/09/1999;1,28;V
27/09/1999;1,33;V
28/09/1999;1,35;V
29/09/1999;1,32;V
30/09/1999;1,29;V
01/10/1999;1,27;V
02/10/1999;1,29;V
03/10/1999;1,29;V
04/10/1999;1,39;V
05/10/1999;1,40;V
06/10/1999;1,35;V
07/10/1999;1,31;V
08/10/1999;1,28;V
09/10/1999;1,28;V
10/10/1999;1,28;V
11/10/1999;1,27;V
12/10/1999;1,26;V
13/10/1999;1,26;V
14/10/1999;1,26;V
15/10/1999;1,26;V
16/10/1999;1,31;V
17/10/1999;1,34;V
18/10/1999;1,33;V
19/10/1999;1,35;V
20/10/1999;1,35;V
21/10/1999;1,53;V
22/10/1999;1,71;V
23/10/1999;1,57;V
24/10/1999;1,94;V
25/10/1999;2,38;V
26/10/1999;1,69;V
27/10/1999;1,55;V
28/10/1999;1,48;V
29/10/1999;1,43;V
30/10/1999;1,42;V
31/10/1999;1,41;V
01/11/1999;1,40;V
02/11/1999;1,39;V
03/11/1999;1,62;V
04/11/1999;2,37;V
05/11/1999;1,75;V
06/11/1999;1,62;V
07/11/1999;1,71;V
08/11/1999;1,68;V
09/11/1999;1,57;V
10/11/1999;1,52;V
11/11/1999;1,49;V
12/11/1999;1,47;V
13/11/1999;1,47;V
14/11/1999;1,48;V
15/11/1999;1,49;V
16/11/1999;1,50;V
17/11/1999;1,57;V
18/11/1999;1,62;V
19/11/1999;3,52;V
20/11/1999;2,02;V
21/11/1999;2,02;V
22/11/1999;1,84;V
23/11/1999;1,76;V
24/11/1999;1,72;V
25/11/1999;1,70;V
26/11/1999;1,67;V
27/11/1999;1,66;V
28/11/1999;1,63;V
29/11/1999;1,60;V
30/11/1999;1,58;V
01/12/1999;1,57;V
02/12/1999;1,61;V
03/12/1999;1,63;V
04/12/1999;1,62;V
05/12/1999;1,66;V
06/12/1999;1,62;V
07/12/1999;1,57;V
08/12/1999;1,56;V
09/12/1999;1,54;V
10/12/1999;1,88;V
11/12/1999;2,12;V
12/12/1999;1,83;V
13/12/1999;2,05;V
14/12/1999;2,01;V
15/12/1999;2,49;V
16/12/1999;2,17;V
17/12/1999;1,91;V
18/12/1999;1,81;V
19/12/1999;1,77;V
20/12/1999;1,94;V
21/12/1999;1,86;V
22/12/1999;1,77;V
23/12/1999;1,72;V
24/12/1999;1,69;V
25/12/1999;1,72;V
26/12/1999;1,87;V
27/12/1999;1,81;V
28/12/1999;2,73;V
29/12/1999;2,11;V
30/12/1999;1,89;V
31/12/1999;1,80;V
01/01/2000;1,74;V
02/01/2000;1,70;V
03/01/2000;1,66;V
04/01/2000;1,64;V
05/01/2000;1,62;V
06/01/2000;1,60;V
07/01/2000;1,58;V
08/01/2000;1,57;V
09/01/2000;1,56;V
10/01/2000;1,53;V
11/01/2000;1,52;V
12/01/2000;1,50;V
13/01/2000;1,50;V
14/01/2000;1,49;V
15/01/2000;1,50;V
16/01/2000;1,49;V
17/01/2000;1,47;V
18/01/2000;1,47;V
19/01/2000;1,46;V
20/01/2000;1,44;V
21/01/2000;1,45;V
22/01/2000;1,45;V
23/01/2000;1,48;V
24/01/2000;1,45;V
25/01/2000;1,42;V
26/01/2000;1,42;V
27/01/2000;1,41;V
28/01/2000;1,44;V
29/01/2000;1,57;V
30/01/2000;1,54;V
31/01/2000;1,52;V
01/02/2000;1,49;V
02/02/2000;1,48;V
03/02/2000;1,59;V
04/02/2000;1,57;V
05/02/2000;1,53;V
06/02/2000;1,52;V
07/02/2000;1,51;V
08/02/2000;1,49;V
09/02/2000;1,48;V
10/02/2000;1,46;V
11/02/2000;1,46;V
12/02/2000;1,46;V
13/02/2000;1,45;V
14/02/2000;1,43;V
15/02/2000;1,42;V
16/02/2000;1,44;V
17/02/2000;1,53;V
18/02/2000;1,48;V
19/02/2000;1,47;V
20/02/2000;1,46;V
21/02/2000;1,44;V
22/02/2000;1,42;V
23/02/2000;1,41;V
24/02/2000;1,41;V
25/02/2000;1,41;V
26/02/2000;1,41;V
27/02/2000;1,41;V
28/02/2000;1,39;V
29/02/2000;1,38;V
01/03/2000;1,95;V
02/03/2000;2,63;V
03/03/2000;1,90;V
04/03/2000;1,76;V
05/03/2000;1,69;V
06/03/2000;1,62;V
07/03/2000;1,59;V
08/03/2000;1,56;V
09/03/2000;1,54;V
10/03/2000;1,52;V
11/03/2000;1,51;V
12/03/2000;1,50;V
13/03/2000;1,48;V
14/03/2000;1,46;V
15/03/2000;1,46;V
16/03/2000;1,44;V
17/03/2000;1,43;V
18/03/2000;1,43;V
19/03/2000;1,43;V
20/03/2000;1,42;V
21/03/2000;1,41;V
22/03/2000;1,41;V
23/03/2000;1,40;V
24/03/2000;1,39;V
25/03/2000;1,42;V
26/03/2000;1,58;V
27/03/2000;1,56;V
28/03/2000;1,70;V
29/03/2000;1,99;V
30/03/2000;2,09;V
31/03/2000;1,94;V
01/04/2000;1,79;V
02/04/2000;1,71;V
03/04/2000;1,69;V
04/04/2000;1,83;V
05/04/2000;1,91;V
06/04/2000;1,76;V
07/04/2000;1,70;V
08/04/2000;1,65;V
09/04/2000;1,63;V
10/04/2000;1,64;V
11/04/2000;1,64;V
12/04/2000;1,73;V
13/04/2000;1,68;V
14/04/2000;1,65;V
15/04/2000;1,62;V
16/04/2000;1,60;V
17/04/2000;1,60;V
18/04/2000;1,58;V
19/04/2000;1,55;V
20/04/2000;1,53;V
21/04/2000;1,51;V
22/04/2000;1,50;V
23/04/2000;1,50;V
24/04/2000;1,53;V
25/04/2000;1,51;V
26/04/2000;1,47;V
27/04/2000;1,46;V
28/04/2000;1,46;V
29/04/2000;1,47;V
30/04/2000;1,51;V
01/05/2000;1,47;V
02/05/2000;1,45;V
03/05/2000;1,42;V
04/05/2000;1,40;V
05/05/2000;1,40;V
06/05/2000;1,40;V
07/05/2000;1,42;V
08/05/2000;1,41;V
09/05/2000;1,39;V
10/05/2000;1,39;V
11/05/2000;1,38;V
12/05/2000;1,37;V
13/05/2000;1,36;V
14/05/2000;1,39;V
15/05/2000;1,37;V
16/05/2000;1,33;V
17/05/2000;1,33;V
18/05/2000;1,32;V
19/05/2000;1,33;V
20/05/2000;1,33;V
21/05/2000;1,35;V
22/05/2000;1,34;V
23/05/2000;1,32;V
24/05/2000;1,30;V
25/05/2000;1,30;V
26/05/2000;1,29;V
27/05/2000;1,30;V
28/05/2000;1,33;V
29/05/2000;1,34;V
30/05/2000;1,32;V
31/05/2000;1,30;V
01/06/2000;1,30;V
02/06/2000;1,28;V
03/06/2000;1,27;V
04/06/2000;1,29;V
05/06/2000;1,29;V
06/06/2000;1,26;V
07/06/2000;1,29;V
08/06/2000;1,29;V
09/06/2000;1,27;V
10/06/2000;1,28;V
11/06/2000;1,39;V
12/06/2000;1,58;V
13/06/2000;1,41;V
14/06/2000;1,33;V
15/06/2000;1,30;V
16/06/2000;1,30;V
17/06/2000;1,30;V
18/06/2000;1,30;V
19/06/2000;1,27;V
20/06/2000;1,25;V
21/06/2000;1,25;V
22/06/2000;1,25;V
23/06/2000;1,25;V
24/06/2000;1,26;V
25/06/2000;1,29;V
26/06/2000;1,28;V
27/06/2000;1,25;V
28/06/2000;1,27;V
29/06/2000;1,27;V
30/06/2000;1,26;V
01/07/2000;1,25;V
02/07/2000;1,28;V
03/07/2000;1,27;V
04/07/2000;1,25;V
05/07/2000;1,24;V
06/07/2000;1,23;V
07/07/2000;1,22;V
08/07/2000;1,24;V
09/07/2000;1,26;V
10/07/2000;1,27;V
11/07/2000;1,31;V
12/07/2000;1,27;V
13/07/2000;1,28;V
14/07/2000;1,28;V
15/07/2000;1,35;V
16/07/2000;1,36;V
17/07/2000;1,29;V
18/07/2000;1,25;V
19/07/2000;1,24;V
20/07/2000;1,24;V
21/07/2000;1,23;V
22/07/2000;1,23;V
23/07/2000;1,25;V
24/07/2000;1,27;V
25/07/2000;1,24;V
26/07/2000;1,24;V
27/07/2000;1,23;V
28/07/2000;1,22;V
29/07/2000;1,21;V
30/07/2000;1,23;V
31/07/2000;1,24;V
01/08/2000;1,22;V
02/08/2000;1,21;V
03/08/2000;1,22;V
04/08/2000;1,26;V
05/08/2000;1,39;V
06/08/2000;1,44;V
07/08/2000;1,30;V
08/08/2000;1,27;V
09/08/2000;1,25;V
10/08/2000;1,26;V
11/08/2000;1,26;V
12/08/2000;1,25;V
13/08/2000;1,24;V
14/08/2000;1,24;V
15/08/2000;1,25;V
16/08/2000;1,24;V
17/08/2000;1,25;V
18/08/2000;1,24;V
19/08/2000;1,22;V
20/08/2000;1,22;V
21/08/2000;1,22;V
22/08/2000;1,21;V
23/08/2000;1,20;V
24/08/2000;1,20;V
25/08/2000;1,19;V
26/08/2000;1,18;V
27/08/2000;1,18;V
28/08/2000;1,20;V
29/08/2000;1,19;V
30/08/2000;1,17;V
31/08/2000;1,25;V
01/09/2000;1,43;V
02/09/2000;1,29;V
03/09/2000;1,26;V
04/09/2000;1,26;V
05/09/2000;1,24;V
06/09/2000;1,23;V
07/09/2000;1,23;V
08/09/2000;1,23;V
09/09/2000;1,23;V
10/09/2000;1,23;V
11/09/2000;1,22;V
12/09/2000;1,20;V
13/09/2000;1,19;V
14/09/2000;1,20;V
15/09/2000;1,20;V
16/09/2000;1,20;V
17/09/2000;1,22;V
18/09/2000;1,22;V
19/09/2000;1,21;V
20/09/2000;1,20;V
21/09/2000;1,20;V
22/09/2000;1,22;V
23/09/2000;1,23;V
24/09/2000;1,22;V
25/09/2000;1,22;V
26/09/2000;1,20;V
27/09/2000;1,18;V
28/09/2000;1,19;V
29/09/2000;1,19;V
30/09/2000;1,22;V
01/10/2000;1,30;V
02/10/2000;1,38;V
03/10/2000;1,35;V
04/10/2000;1,31;V
05/10/2000;1,27;V
06/10/2000;1,25;V
07/10/2000;1,25;V
08/10/2000;1,25;V
09/10/2000;1,25;V
10/10/2000;1,25;V
11/10/2000;1,26;V
12/10/2000;1,28;V
13/10/2000;1,31;V
14/10/2000;1,29;V
15/10/2000;1,34;V
16/10/2000;1,38;V
17/10/2000;1,35;V
18/10/2000;1,30;V
19/10/2000;1,27;V
20/10/2000;1,26;V
21/10/2000;1,25;V
22/10/2000;1,26;V
23/10/2000;1,26;V
24/10/2000;1,25;V
25/10/2000;1,24;V
26/10/2000;1,25;V
27/10/2000;1,29;V
28/10/2000;1,29;V
29/10/2000;1,28;V
30/10/2000;1,32;V
31/10/2000;1,39;V
01/11/2000;1,48;V
02/11/2000;1,42;V
03/11/2000;2,21;V
04/11/2000;2,47;V
05/11/2000;1,77;V
06/11/2000;2,59;V
07/11/2000;3,04;V
08/11/2000;2,13;V
09/11/2000;1,98;V
10/11/2000;1,87;V
11/11/2000;1,75;V
12/11/2000;1,67;V
13/11/2000;1,62;V
14/11/2000;1,62;V
15/11/2000;1,88;V
16/11/2000;2,11;V
17/11/2000;1,86;V
18/11/2000;1,77;V
19/11/2000;1,69;V
20/11/2000;2,82;V
21/11/2000;4,76;V
22/11/2000;2,54;V
23/11/2000;2,06;V
24/11/2000;2,18;V
25/11/2000;2,10;V
26/11/2000;1,98;V
27/11/2000;1,87;V
28/11/2000;1,79;V
29/11/2000;1,74;V
30/11/2000;1,70;V
01/12/2000;1,66;V
02/12/2000;1,64;V
03/12/2000;1,68;V
04/12/2000;1,69;V
05/12/2000;1,64;V
06/12/2000;1,61;V
07/12/2000;1,59;V
08/12/2000;1,58;V
09/12/2000;1,57;V
10/12/2000;1,56;V
11/12/2000;1,53;V
12/12/2000;1,52;V
13/12/2000;1,51;V
14/12/2000;1,50;V
15/12/2000;1,49;V
16/12/2000;1,50;V
17/12/2000;1,50;V
18/12/2000;1,50;V
19/12/2000;1,47;V
20/12/2000;1,45;V
21/12/2000;1,43;V
22/12/2000;1,43;V
23/12/2000;1,44;V
24/12/2000;1,45;V
25/12/2000;2,01;V
26/12/2000;2,78;V
27/12/2000;2,94;V
28/12/2000;2,95;V
29/12/2000;2,21;V
30/12/2000;2,01;V
31/12/2000;1,91;V
01/01/2001;1,83;P
02/01/2001;1,77;P
03/01/2001;2,24;P
04/01/2001;2,02;P
05/01/2001;2,02;P
06/01/2001;2,22;P
07/01/2001;2,12;P
08/01/2001;2,13;P
09/01/2001;2,03;P
10/01/2001;1,90;P
11/01/2001;1,82;P
12/01/2001;1,81;P
13/01/2001;1,87;P
14/01/2001;1,82;P
15/01/2001;1,76;P
16/01/2001;1,73;P
17/01/2001;1,72;P
18/01/2001;1,79;P
19/01/2001;1,76;P
20/01/2001;1,74;P
21/01/2001;1,72;P
22/01/2001;1,70;P
23/01/2001;1,69;P
24/01/2001;1,75;P
25/01/2001;2,46;P
26/01/2001;2,70;P
27/01/2001;2,18;P
28/01/2001;2,30;P
29/01/2001;2,02;P
30/01/2001;1,92;P
31/01/2001;1,85;P
01/02/2001;1,79;P
02/02/2001;1,75;P
03/02/2001;1,73;P
04/02/2001;1,72;P
05/02/2001;1,75;P
06/02/2001;1,73;P
07/02/2001;1,69;P
08/02/2001;1,68;P
09/02/2001;1,82;P
10/02/2001;1,83;P
11/02/2001;1,76;P
12/02/2001;1,71;P
13/02/2001;1,68;P
14/02/2001;1,66;P
15/02/2001;1,62;P
16/02/2001;1,61;P
17/02/2001;1,60;P
18/02/2001;1,59;P
19/02/2001;1,57;P
20/02/2001;1,55;P
21/02/2001;1,54;P
22/02/2001;1,53;P
23/02/2001;1,53;P
24/02/2001;1,54;P
25/02/2001;1,54;P
26/02/2001;1,52;P
27/02/2001;1,50;P
28/02/2001;1,52;P
01/03/2001;1,55;P
02/03/2001;1,94;P
03/03/2001;3,62;P
04/03/2001;2,55;P
05/03/2001;2,26;P
06/03/2001;2,13;P
07/03/2001;1,88;P
08/03/2001;1,81;P
09/03/2001;2,53;P
10/03/2001;2,11;P
11/03/2001;2,07;P
12/03/2001;1,95;P
13/03/2001;2,10;P
14/03/2001;2,05;P
15/03/2001;1,90;P
16/03/2001;1,81;P
17/03/2001;1,93;P
18/03/2001;2,22;P
19/03/2001;1,95;P
20/03/2001;1,84;P
21/03/2001;1,78;P
22/03/2001;1,75;P
23/03/2001;1,71;P
24/03/2001;1,68;P
25/03/2001;1,66;P
26/03/2001;1,63;P
27/03/2001;1,62;P
28/03/2001;1,60;P
29/03/2001;1,66;P
30/03/2001;2,04;P
31/03/2001;1,89;P
01/04/2001;1,77;P
02/04/2001;1,70;P
03/04/2001;1,67;P
04/04/2001;1,64;P
05/04/2001;1,82;P
06/04/2001;1,78;P
07/04/2001;1,83;P
08/04/2001;2,22;P
09/04/2001;1,92;P
10/04/2001;1,80;P
11/04/2001;1,77;P
12/04/2001;1,80;P
13/04/2001;1,74;P
14/04/2001;1,69;P
15/04/2001;1,66;P
16/04/2001;1,66;P
17/04/2001;1,63;P
18/04/2001;1,60;P
19/04/2001;1,59;P
20/04/2001;1,62;P
21/04/2001;1,63;P
22/04/2001;1,60;P
23/04/2001;1,60;P
24/04/2001;1,60;P
25/04/2001;1,57;P
26/04/2001;1,55;P
27/04/2001;1,53;P
28/04/2001;1,52;P
29/04/2001;1,51;P
30/04/2001;1,49;P
01/05/2001;1,49;P
02/05/2001;1,46;P
03/05/2001;1,46;P
04/05/2001;1,50;P
05/05/2001;1,56;P
06/05/2001;1,63;P
07/05/2001;1,85;P
08/05/2001;1,78;P
09/05/2001;1,67;P
10/05/2001;1,61;P
11/05/2001;1,56;P
12/05/2001;1,54;P
13/05/2001;1,51;P
14/05/2001;1,49;P
15/05/2001;1,49;P
16/05/2001;1,46;P
17/05/2001;1,45;P
18/05/2001;1,44;P
19/05/2001;1,43;P
20/05/2001;1,42;P
21/05/2001;1,47;P
22/05/2001;1,49;P
23/05/2001;1,42;P
24/05/2001;1,40;P
25/05/2001;1,39;P
26/05/2001;1,38;P
27/05/2001;1,37;P
28/05/2001;1,37;P
29/05/2001;1,36;P
30/05/2001;1,35;P
31/05/2001;1,35;P
01/06/2001;1,35;P
02/06/2001;1,35;P
03/06/2001;1,41;P
04/06/2001;1,40;P
05/06/2001;1,34;P
06/06/2001;1,34;P
07/06/2001;1,33;P
08/06/2001;1,32;P
09/06/2001;1,32;P
10/06/2001;1,34;P
11/06/2001;1,33;P
12/06/2001;1,31;P
13/06/2001;1,31;P
14/06/2001;1,30;P
15/06/2001;1,31;P
16/06/2001;1,30;P
17/06/2001;1,30;P
18/06/2001;1,32;P
19/06/2001;1,31;P
20/06/2001;1,30;P
21/06/2001;1,29;P
22/06/2001;1,28;P
23/06/2001;1,28;P
24/06/2001;1,28;P
25/06/2001;1,30;P
26/06/2001;1,28;P
27/06/2001;1,26;P
28/06/2001;1,28;P
29/06/2001;1,35;P
30/06/2001;1,27;P
01/07/2001;1,30;P
02/07/2001;1,29;P
03/07/2001;1,26;P
04/07/2001;1,26;P
05/07/2001;1,25;P
06/07/2001;1,24;P
07/07/2001;1,26;P
08/07/2001;1,27;P
09/07/2001;1,27;P
10/07/2001;1,26;P
11/07/2001;1,25;P
12/07/2001;1,25;P
13/07/2001;1,24;P
14/07/2001;1,25;P
15/07/2001;1,27;P
16/07/2001;1,26;P
17/07/2001;1,24;P
18/07/2001;1,24;P
19/07/2001;1,24;P
20/07/2001;1,34;P
21/07/2001;1,33;P
22/07/2001;1,28;P
23/07/2001;1,27;P
24/07/2001;1,24;P
25/07/2001;1,24;P
26/07/2001;1,25;P
27/07/2001;1,23;P
28/07/2001;1,22;P
29/07/2001;1,24;P
30/07/2001;1,25;P
31/07/2001;1,23;P
01/08/2001;1,22;P
02/08/2001;1,21;P
03/08/2001;1,21;P
04/08/2001;1,22;P
05/08/2001;1,22;P
06/08/2001;1,22;P
07/08/2001;1,20;P
08/08/2001;1,22;P
09/08/2001;1,23;P
10/08/2001;1,23;P
11/08/2001;1,24;P
12/08/2001;1,23;P
13/08/2001;1,21;P
14/08/2001;1,20;P
15/08/2001;1,20;P
16/08/2001;1,20;P
17/08/2001;1,20;P
18/08/2001;1,21;P
19/08/2001;1,21;P
20/08/2001;1,21;P
21/08/2001;1,23;P
22/08/2001;1,23;P
23/08/2001;1,22;P
24/08/2001;1,20;P
25/08/2001;1,20;P
26/08/2001;1,19;P
27/08/2001;1,18;P
28/08/2001;1,18;P
29/08/2001;1,18;P
30/08/2001;1,17;P
31/08/2001;1,17;P
01/09/2001;1,19;P
02/09/2001;1,24;P
03/09/2001;1,23;P
04/09/2001;1,21;P
05/09/2001;1,32;P
06/09/2001;1,24;P
07/09/2001;1,22;P
08/09/2001;1,21;P
09/09/2001;1,21;P
10/09/2001;1,22;P
11/09/2001;1,19;P
12/09/2001;1,16;P
13/09/2001;1,16;P
14/09/2001;1,16;P
15/09/2001;1,22;P
16/09/2001;1,28;P
17/09/2001;1,26;P
18/09/2001;1,25;P
19/09/2001;1,22;P
20/09/2001;1,19;P
21/09/2001;1,18;P
22/09/2001;1,17;P
23/09/2001;1,25;P
24/09/2001;1,52;P
25/09/2001;1,35;P
26/09/2001;1,28;P
27/09/2001;1,23;P
28/09/2001;1,21;P
29/09/2001;1,19;P
30/09/2001;1,29;P
01/10/2001;1,25;P
02/10/2001;1,21;P
03/10/2001;1,21;P
04/10/2001;1,21;P
05/10/2001;1,21;P
06/10/2001;1,25;P
07/10/2001;1,25;P
08/10/2001;1,26;P
09/10/2001;1,23;P
10/10/2001;1,24;P
11/10/2001;1,24;P
12/10/2001;1,22;P
13/10/2001;1,20;P
14/10/2001;1,18;P
15/10/2001;1,18;P
16/10/2001;1,19;P
17/10/2001;1,18;P
18/10/2001;1,18;P
19/10/2001;1,18;P
20/10/2001;1,18;P
21/10/2001;1,47;P
22/10/2001;1,50;P
23/10/2001;1,35;P
24/10/2001;1,43;P
25/10/2001;1,39;P
26/10/2001;1,30;P
27/10/2001;1,26;P
28/10/2001;1,27;P
29/10/2001;1,25;P
30/10/2001;1,23;P
31/10/2001;1,24;P
01/11/2001;1,23;P
02/11/2001;1,24;P
03/11/2001;1,23;P
04/11/2001;1,23;P
05/11/2001;1,24;P
06/11/2001;1,26;P
07/11/2001;1,34;P
08/11/2001;1,30;P
09/11/2001;1,33;P
10/11/2001;1,32;P
11/11/2001;1,37;P
12/11/2001;1,40;P
13/11/2001;1,42;P
14/11/2001;1,37;P
15/11/2001;1,32;P
16/11/2001;1,29;P
17/11/2001;1,28;P
18/11/2001;1,30;P
19/11/2001;1,57;P
20/11/2001;1,59;P
21/11/2001;1,43;P
22/11/2001;1,38;P
23/11/2001;1,35;P
24/11/2001;1,34;P
25/11/2001;1,33;P
26/11/2001;1,32;P
27/11/2001;1,34;P
28/11/2001;1,40;P
29/11/2001;1,37;P
30/11/2001;1,35;P
01/12/2001;1,34;P
02/12/2001;1,32;P
03/12/2001;1,30;P
04/12/2001;1,31;P
05/12/2001;1,31;P
06/12/2001;1,30;P
07/12/2001;1,30;P
08/12/2001;1,29;P
09/12/2001;1,29;P
10/12/2001;1,28;P
11/12/2001;1,28;P
12/12/2001;1,28;P
13/12/2001;1,29;P
14/12/2001;1,29;P
15/12/2001;1,27;P
16/12/2001;1,28;P
17/12/2001;1,28;P
18/12/2001;1,27;P
19/12/2001;1,28;P
20/12/2001;1,29;P
21/12/2001;1,32;P
22/12/2001;1,30;P
23/12/2001;1,64;P
24/12/2001;1,55;P
25/12/2001;1,43;P
26/12/2001;1,61;P
27/12/2001;1,88;P
28/12/2001;1,58;P
29/12/2001;1,51;P
30/12/2001;1,73;P
31/12/2001;1,79;P
01/01/2002;1,64;P
02/01/2002;1,53;P
03/01/2002;1,47;P
04/01/2002;1,43;P
05/01/2002;1,40;P
06/01/2002;1,38;P
07/01/2002;1,37;P
08/01/2002;1,36;P
09/01/2002;1,35;P
10/01/2002;1,34;P
11/01/2002;1,34;P
12/01/2002;1,33;P
13/01/2002;1,33;P
14/01/2002;1,32;P
15/01/2002;1,32;P
16/01/2002;1,32;P
17/01/2002;1,31;P
18/01/2002;1,31;P
19/01/2002;1,30;P
20/01/2002;1,30;P
21/01/2002;1,30;P
22/01/2002;1,29;P
23/01/2002;1,28;P
24/01/2002;1,33;P
25/01/2002;1,80;P
26/01/2002;1,54;P
27/01/2002;1,46;P
28/01/2002;1,40;P
29/01/2002;1,38;P
30/01/2002;1,36;P
31/01/2002;1,35;P
01/02/2002;1,34;P
02/02/2002;1,33;P
03/02/2002;1,32;P
04/02/2002;1,32;P
05/02/2002;1,31;P
06/02/2002;1,35;P
07/02/2002;1,87;P
08/02/2002;1,58;P
09/02/2002;1,50;P
10/02/2002;1,46;P
11/02/2002;1,42;P
12/02/2002;1,40;P
13/02/2002;1,38;P
14/02/2002;1,38;P
15/02/2002;1,40;P
16/02/2002;1,84;P
17/02/2002;1,67;P
18/02/2002;1,59;P
19/02/2002;1,53;P
20/02/2002;1,48;P
21/02/2002;1,94;P
22/02/2002;1,93;P
23/02/2002;1,71;P
24/02/2002;1,61;P
25/02/2002;1,54;P
26/02/2002;1,52;P
27/02/2002;1,49;P
28/02/2002;1,46;P
01/03/2002;1,44;P
02/03/2002;1,43;P
03/03/2002;1,42;P
04/03/2002;1,38;P
05/03/2002;1,36;P
06/03/2002;1,36;P
07/03/2002;1,35;P
08/03/2002;1,34;P
09/03/2002;1,34;P
10/03/2002;1,34;P
11/03/2002;1,33;P
12/03/2002;1,32;P
13/03/2002;1,31;P
14/03/2002;1,31;P
15/03/2002;1,32;P
16/03/2002;1,31;P
17/03/2002;1,31;P
18/03/2002;1,30;P
19/03/2002;1,30;P
20/03/2002;1,30;P
21/03/2002;1,29;P
22/03/2002;1,28;P
23/03/2002;1,27;P
24/03/2002;1,29;P
25/03/2002;1,28;P
26/03/2002;1,26;P
27/03/2002;1,27;P
28/03/2002;1,27;P
29/03/2002;1,26;P
30/03/2002;1,26;P
31/03/2002;1,28;P
01/04/2002;1,27;P
02/04/2002;1,26;P
03/04/2002;1,24;P
04/04/2002;1,24;P
05/04/2002;1,24;P
06/04/2002;1,27;P
07/04/2002;1,29;P
08/04/2002;1,26;P
09/04/2002;1,28;P
10/04/2002;1,26;P
11/04/2002;1,26;P
12/04/2002;1,46;P
13/04/2002;1,73;P
14/04/2002;1,78;P
15/04/2002;1,55;P
16/04/2002;1,47;P
17/04/2002;1,42;P
18/04/2002;1,38;P
19/04/2002;1,35;P
20/04/2002;1,34;P
21/04/2002;1,36;P
22/04/2002;1,33;P
23/04/2002;1,31;P
24/04/2002;1,30;P
25/04/2002;1,31;P
26/04/2002;1,30;P
27/04/2002;1,35;P
28/04/2002;1,46;P
29/04/2002;1,37;P
30/04/2002;1,33;P
01/05/2002;1,32;P
02/05/2002;1,33;P
03/05/2002;1,39;P
04/05/2002;2,70;P
05/05/2002;2,44;P
06/05/2002;1,91;P
07/05/2002;1,68;P
08/05/2002;1,62;P
09/05/2002;1,74;P
10/05/2002;1,79;P
11/05/2002;1,70;P
12/05/2002;1,62;P
13/05/2002;1,57;P
14/05/2002;1,52;P
15/05/2002;1,48;P
16/05/2002;1,45;P
17/05/2002;1,43;P
18/05/2002;1,42;P
19/05/2002;1,45;P
20/05/2002;1,43;P
21/05/2002;1,39;P
22/05/2002;1,37;P
23/05/2002;1,38;P
24/05/2002;1,49;P
25/05/2002;1,39;P
26/05/2002;1,37;P
27/05/2002;1,37;P
28/05/2002;1,40;P
29/05/2002;1,36;P
30/05/2002;1,34;P
31/05/2002;1,32;P
01/06/2002;1,32;P
02/06/2002;1,32;P
03/06/2002;1,32;P
04/06/2002;1,31;P
05/06/2002;1,33;P
06/06/2002;1,32;P
07/06/2002;1,99;P
08/06/2002;1,66;P
09/06/2002;1,54;P
10/06/2002;1,47;P
11/06/2002;1,42;P
12/06/2002;1,39;P
13/06/2002;1,37;P
14/06/2002;1,35;P
15/06/2002;1,35;P
16/06/2002;1,34;P
17/06/2002;1,33;P
18/06/2002;1,31;P
19/06/2002;1,31;P
20/06/2002;1,29;P
21/06/2002;1,29;P
22/06/2002;1,30;P
23/06/2002;1,29;P
24/06/2002;1,27;P
25/06/2002;1,27;P
26/06/2002;1,28;P
27/06/2002;1,26;P
28/06/2002;1,26;P
29/06/2002;1,27;P
30/06/2002;1,30;P
01/07/2002;1,28;P
02/07/2002;1,26;P
03/07/2002;1,26;P
04/07/2002;1,26;P
05/07/2002;1,25;P
06/07/2002;1,26;P
07/07/2002;1,26;P
08/07/2002;1,25;P
09/07/2002;1,21;P
10/07/2002;1,22;P
11/07/2002;1,21;P
12/07/2002;1,21;P
13/07/2002;1,20;P
14/07/2002;1,25;P
15/07/2002;1,41;P
16/07/2002;1,43;P
17/07/2002;1,33;P
18/07/2002;1,27;P
19/07/2002;1,25;P
20/07/2002;1,24;P
21/07/2002;1,24;P
22/07/2002;1,22;P
23/07/2002;1,20;P
24/07/2002;1,20;P
25/07/2002;1,24;P
26/07/2002;1,25;P
27/07/2002;1,23;P
28/07/2002;1,24;P
29/07/2002;1,23;P
30/07/2002;1,19;P
31/07/2002;1,19;P
01/08/2002;1,24;P
02/08/2002;1,25;P
03/08/2002;1,23;P
04/08/2002;1,23;P
05/08/2002;1,22;P
06/08/2002;1,38;P
07/08/2002;1,41;P
08/08/2002;1,28;P
09/08/2002;1,32;P
10/08/2002;1,43;P
11/08/2002;1,47;P
12/08/2002;1,37;P
13/08/2002;1,30;P
14/08/2002;1,26;P
15/08/2002;1,25;P
16/08/2002;1,24;P
17/08/2002;1,22;P
18/08/2002;1,23;P
19/08/2002;1,23;P
20/08/2002;1,22;P
21/08/2002;1,21;P
22/08/2002;1,21;P
23/08/2002;1,22;P
24/08/2002;1,39;P
25/08/2002;1,28;P
26/08/2002;1,36;P
27/08/2002;1,42;P
28/08/2002;1,38;P
29/08/2002;1,41;P
30/08/2002;1,33;P
31/08/2002;1,28;P
01/09/2002;1,26;P
02/09/2002;1,25;P
03/09/2002;1,23;P
04/09/2002;1,28;P
05/09/2002;1,35;P
06/09/2002;1,33;P
07/09/2002;1,38;P
08/09/2002;1,34;P
09/09/2002;1,32;P
10/09/2002;1,28;P
11/09/2002;1,28;P
12/09/2002;1,31;P
13/09/2002;1,28;P
14/09/2002;1,26;P
15/09/2002;1,27;P
16/09/2002;1,25;P
17/09/2002;1,23;P
18/09/2002;1,23;P
19/09/2002;1,22;P
20/09/2002;1,23;P
21/09/2002;1,24;P
22/09/2002;1,53;P
23/09/2002;2,25;P
24/09/2002;1,79;P
25/09/2002;1,53;P
26/09/2002;1,48;P
27/09/2002;1,41;P
28/09/2002;1,38;P
29/09/2002;1,35;P
30/09/2002;1,32;P
01/10/2002;1,30;P
02/10/2002;1,29;P
03/10/2002;1,28;P
04/10/2002;1,28;P
05/10/2002;1,28;P
06/10/2002;1,29;P
07/10/2002;1,28;P
08/10/2002;1,28;P
09/10/2002;1,28;P
10/10/2002;1,65;P
11/10/2002;2,05;P
12/10/2002;1,86;P
13/10/2002;1,70;P
14/10/2002;1,54;P
15/10/2002;1,46;P
16/10/2002;1,42;P
17/10/2002;1,41;P
18/10/2002;1,53;P
19/10/2002;1,51;P
20/10/2002;1,46;P
21/10/2002;1,46;P
22/10/2002;2,93;P
23/10/2002;2,83;P
24/10/2002;2,16;P
25/10/2002;1,79;P
26/10/2002;1,67;P
27/10/2002;1,60;P
28/10/2002;1,54;P
29/10/2002;1,50;P
30/10/2002;1,48;P
31/10/2002;1,47;P
01/11/2002;1,45;P
02/11/2002;1,45;P
03/11/2002;1,44;P
04/11/2002;1,45;P
05/11/2002;1,43;P
06/11/2002;1,41;P
07/11/2002;1,41;P
08/11/2002;1,40;P
09/11/2002;1,40;P
10/11/2002;1,39;P
11/11/2002;1,38;P
12/11/2002;1,39;P
13/11/2002;1,42;P
14/11/2002;1,60;P
15/11/2002;1,51;P
16/11/2002;1,47;P
17/11/2002;1,48;P
18/11/2002;2,26;P
19/11/2002;2,50;P
20/11/2002;2,23;P
21/11/2002;2,01;P
22/11/2002;2,81;P
23/11/2002;2,40;P
24/11/2002;2,06;P
25/11/2002;1,92;P
26/11/2002;1,80;P
27/11/2002;1,72;P
28/11/2002;1,65;P
29/11/2002;1,62;P
30/11/2002;1,78;P
01/12/2002;1,94;P
02/12/2002;1,76;P
03/12/2002;1,69;P
04/12/2002;1,64;P
05/12/2002;1,65;P
06/12/2002;1,61;P
07/12/2002;1,57;P
08/12/2002;1,53;P
09/12/2002;1,51;P
10/12/2002;1,49;P
11/12/2002;1,49;P
12/12/2002;1,51;P
13/12/2002;1,79;P
14/12/2002;1,68;P
15/12/2002;1,66;P
16/12/2002;1,68;P
17/12/2002;1,62;P
18/12/2002;2,44;P
19/12/2002;2,05;P
20/12/2002;1,80;P
21/12/2002;1,70;P
22/12/2002;1,65;P
23/12/2002;1,80;P
24/12/2002;1,73;P
25/12/2002;1,95;P
26/12/2002;1,81;P
27/12/2002;1,73;P
28/12/2002;2,37;P
29/12/2002;2,21;P
30/12/2002;1,90;P
31/12/2002;2,05;P
01/01/2003;2,10;P
02/01/2003;1,91;P
03/01/2003;1,84;P
04/01/2003;1,76;P
05/01/2003;1,74;P
06/01/2003;1,71;P
07/01/2003;1,94;P
08/01/2003;1,74;P
09/01/2003;1,73;P
10/01/2003;1,69;P
11/01/2003;1,65;P
12/01/2003;1,62;P
13/01/2003;1,60;P
14/01/2003;1,58;P
15/01/2003;1,57;P
16/01/2003;1,58;P
17/01/2003;1,58;P
18/01/2003;1,58;P
19/01/2003;1,57;P
20/01/2003;1,55;P
21/01/2003;1,70;P
22/01/2003;2,73;P
23/01/2003;1,99;P
24/01/2003;1,81;P
25/01/2003;1,71;P
26/01/2003;1,66;P
27/01/2003;1,62;P
28/01/2003;1,60;P
29/01/2003;1,59;P
30/01/2003;1,57;P
31/01/2003;1,54;P
01/02/2003;1,52;P
02/02/2003;1,51;P
03/02/2003;1,51;P
04/02/2003;2,98;P
05/02/2003;2,24;P
06/02/2003;1,88;P
07/02/2003;1,75;P
08/02/2003;1,69;P
09/02/2003;1,66;P
10/02/2003;1,63;P
11/02/2003;1,60;P
12/02/2003;1,58;P
13/02/2003;1,55;P
14/02/2003;1,53;P
15/02/2003;1,52;P
16/02/2003;1,51;P
17/02/2003;1,50;P
18/02/2003;1,48;P
19/02/2003;1,47;P
20/02/2003;1,46;P
21/02/2003;1,44;P
22/02/2003;1,44;P
23/02/2003;1,43;P
24/02/2003;1,43;P
25/02/2003;1,41;P
26/02/2003;1,40;P
27/02/2003;1,39;P
28/02/2003;1,38;P
01/03/2003;1,39;P
02/03/2003;1,41;P
03/03/2003;2,04;P
04/03/2003;1,73;P
05/03/2003;1,60;P
06/03/2003;1,54;P
07/03/2003;1,53;P
08/03/2003;1,50;P
09/03/2003;1,48;P
10/03/2003;1,46;P
11/03/2003;1,44;P
12/03/2003;1,43;P
13/03/2003;1,42;P
14/03/2003;1,41;P
15/03/2003;1,41;P
16/03/2003;1,40;P
17/03/2003;1,39;P
18/03/2003;1,38;P
19/03/2003;1,37;P
20/03/2003;1,37;P
21/03/2003;1,37;P
22/03/2003;1,36;P
23/03/2003;1,35;P
24/03/2003;1,34;P
25/03/2003;1,34;P
26/03/2003;1,34;P
27/03/2003;1,33;P
28/03/2003;1,33;P
29/03/2003;1,32;P
30/03/2003;1,33;P
31/03/2003;1,32;P
01/04/2003;1,31;P
02/04/2003;1,32;P
03/04/2003;1,60;P
04/04/2003;1,64;P
05/04/2003;1,51;P
06/04/2003;1,48;P
07/04/2003;1,46;P
08/04/2003;1,41;P
09/04/2003;1,39;P
10/04/2003;1,44;P
11/04/2003;1,53;P
12/04/2003;2,12;P
13/04/2003;1,78;P
14/04/2003;1,63;P
15/04/2003;1,56;P
16/04/2003;1,52;P
17/04/2003;1,49;P
18/04/2003;1,46;P
19/04/2003;1,45;P
20/04/2003;1,45;P
21/04/2003;1,52;P
22/04/2003;1,45;P
23/04/2003;1,42;P
24/04/2003;1,41;P
25/04/2003;1,40;P
26/04/2003;1,39;P
27/04/2003;1,43;P
28/04/2003;1,39;P
29/04/2003;1,37;P
30/04/2003;1,36;P
01/05/2003;1,36;P
02/05/2003;1,35;P
03/05/2003;1,34;P
04/05/2003;1,33;P
05/05/2003;1,31;P
06/05/2003;1,30;P
07/05/2003;1,30;P
08/05/2003;1,30;P
09/05/2003;1,30;P
10/05/2003;1,32;P
11/05/2003;1,33;P
12/05/2003;1,34;P
13/05/2003;1,29;P
14/05/2003;1,29;P
15/05/2003;1,28;P
16/05/2003;1,27;P
17/05/2003;1,28;P
18/05/2003;1,29;P
19/05/2003;1,28;P
20/05/2003;1,28;P
21/05/2003;1,28;P
22/05/2003;1,29;P
23/05/2003;1,25;P
24/05/2003;1,25;P
25/05/2003;1,25;P
26/05/2003;1,24;P
27/05/2003;1,24;P
28/05/2003;1,23;P
29/05/2003;1,23;P
30/05/2003;1,24;P
31/05/2003;1,31;P
01/06/2003;1,27;P
02/06/2003;1,25;P
03/06/2003;1,24;P
04/06/2003;1,22;P
05/06/2003;1,20;P
06/06/2003;1,20;P
07/06/2003;1,20;P
08/06/2003;1,22;P
09/06/2003;1,20;P
10/06/2003;1,18;P
11/06/2003;1,18;P
12/06/2003;1,18;P
13/06/2003;1,22;P
14/06/2003;1,21;P
15/06/2003;1,24;P
16/06/2003;1,33;P
17/06/2003;1,33;P
18/06/2003;1,35;P
19/06/2003;1,24;P
20/06/2003;1,21;P
21/06/2003;1,20;P
22/06/2003;1,20;P
23/06/2003;1,20;P
24/06/2003;1,18;P
25/06/2003;1,16;P
26/06/2003;1,17;P
27/06/2003;1,16;P
28/06/2003;1,16;P
29/06/2003;1,19;P
30/06/2003;1,18;P
01/07/2003;1,16;P
02/07/2003;1,14;P
03/07/2003;1,13;P
04/07/2003;1,13;P
05/07/2003;1,13;P
06/07/2003;1,16;P
07/07/2003;1,16;P
08/07/2003;1,13;P
09/07/2003;1,12;P
10/07/2003;1,12;P
11/07/2003;1,11;P
12/07/2003;1,10;P
13/07/2003;1,12;P
14/07/2003;1,15;P
15/07/2003;1,14;P
16/07/2003;1,13;P
17/07/2003;1,11;P
18/07/2003;1,09;P
19/07/2003;1,05;P
20/07/2003;1,01;P
21/07/2003;1,02;P
22/07/2003;1,03;P
23/07/2003;1,04;P
24/07/2003;1,04;P
25/07/2003;1,04;P
26/07/2003;1,04;P
27/07/2003;1,03;P
28/07/2003;1,03;P
29/07/2003;1,03;P
30/07/2003;1,02;P
31/07/2003;1,02;P
01/08/2003;1,01;P
02/08/2003;1,00;P
03/08/2003;0,99;P
04/08/2003;0,97;P
05/08/2003;0,96;P
06/08/2003;0,94;P
07/08/2003;0,97;P
08/08/2003;1,05;P
09/08/2003;1,04;P
10/08/2003;1,02;P
11/08/2003;1,03;P
12/08/2003;1,03;P
13/08/2003;1,02;P
14/08/2003;1,02;P
15/08/2003;1,02;P
16/08/2003;1,00;P
17/08/2003;0,99;P
18/08/2003;0,99;P
19/08/2003;0,98;P
20/08/2003;0,97;P
21/08/2003;0,97;P
22/08/2003;0,96;P
23/08/2003;0,95;P
24/08/2003;0,93;P
25/08/2003;0,92;P
26/08/2003;0,95;P
27/08/2003;1,05;P
28/08/2003;1,03;P
29/08/2003;1,01;P
30/08/2003;1,00;P
31/08/2003;0,99;P
01/09/2003;1,03;P
02/09/2003;1,14;P
03/09/2003;1,06;P
04/09/2003;1,03;P
05/09/2003;1,01;P
06/09/2003;1,00;P
07/09/2003;1,00;P
08/09/2003;1,01;P
09/09/2003;1,02;P
10/09/2003;1,01;P
11/09/2003;1,02;P
12/09/2003;1,01;P
13/09/2003;1,00;P
14/09/2003;1,00;P
15/09/2003;1,00;P
16/09/2003;1,06;P
17/09/2003;1,05;P
18/09/2003;1,04;P
19/09/2003;1,05;P
20/09/2003;1,06;P
21/09/2003;1,05;P
22/09/2003;1,03;P
23/09/2003;1,05;P
24/09/2003;1,06;P
25/09/2003;1,08;P
26/09/2003;1,09;P
27/09/2003;1,08;P
28/09/2003;1,10;P
29/09/2003;1,16;P
30/09/2003;1,11;P
01/10/2003;1,09;P
02/10/2003;1,13;P
03/10/2003;1,13;P
04/10/2003;1,11;P
05/10/2003;1,13;P
06/10/2003;1,15;P
07/10/2003;1,19;P
08/10/2003;1,20;P
09/10/2003;1,21;P
10/10/2003;1,20;P
11/10/2003;1,20;P
12/10/2003;1,21;P
13/10/2003;1,19;P
14/10/2003;1,16;P
15/10/2003;1,15;P
16/10/2003;1,13;P
17/10/2003;1,13;P
18/10/2003;1,12;P
19/10/2003;1,15;P
20/10/2003;1,18;P
21/10/2003;1,38;P
22/10/2003;1,26;P
23/10/2003;1,23;P
24/10/2003;1,28;P
25/10/2003;1,27;P
26/10/2003;1,24;P
27/10/2003;1,29;P
28/10/2003;1,29;P
29/10/2003;1,40;P
30/10/2003;1,50;P
31/10/2003;1,54;P
01/11/2003;2,24;P
02/11/2003;2,03;P
03/11/2003;1,52;P
04/11/2003;1,40;P
05/11/2003;1,32;P
06/11/2003;1,30;P
07/11/2003;1,29;P
08/11/2003;1,90;P
09/11/2003;2,33;P
10/11/2003;1,66;P
11/11/2003;1,50;P
12/11/2003;1,43;P
13/11/2003;1,39;P
14/11/2003;1,36;P
15/11/2003;1,35;P
16/11/2003;1,40;P
17/11/2003;1,51;P
18/11/2003;1,73;P
19/11/2003;1,52;P
20/11/2003;1,45;P
21/11/2003;1,41;P
22/11/2003;1,39;P
23/11/2003;1,38;P
24/11/2003;1,38;P
25/11/2003;1,73;P
26/11/2003;2,52;P
27/11/2003;2,64;P
28/11/2003;3,28;P
29/11/2003;2,14;P
30/11/2003;1,86;P
01/12/2003;1,74;P
02/12/2003;1,68;P
03/12/2003;1,63;P
04/12/2003;1,59;P
05/12/2003;1,57;P
06/12/2003;1,54;P
07/12/2003;1,52;P
08/12/2003;1,49;P
09/12/2003;1,47;P
10/12/2003;1,48;P
11/12/2003;1,65;P
12/12/2003;1,61;P
13/12/2003;1,57;P
14/12/2003;1,55;P
15/12/2003;1,52;P
16/12/2003;1,48;P
17/12/2003;1,47;P
18/12/2003;1,46;P
19/12/2003;1,45;P
20/12/2003;1,44;P
21/12/2003;1,64;P
22/12/2003;2,24;P
23/12/2003;1,79;P
24/12/2003;1,65;P
25/12/2003;1,59;P
26/12/2003;1,56;P
27/12/2003;1,54;P
28/12/2003;1,54;P
29/12/2003;2,29;P
30/12/2003;2,43;P
31/12/2003;2,28;P
01/01/2004;1,98;P
02/01/2004;1,84;P
03/01/2004;1,73;P
04/01/2004;1,68;P
05/01/2004;1,64;P
06/01/2004;1,61;P
07/01/2004;1,59;P
08/01/2004;1,56;P
09/01/2004;1,58;P
10/01/2004;1,56;P
11/01/2004;1,54;P
12/01/2004;1,53;P
13/01/2004;1,52;P
14/01/2004;1,53;P
15/01/2004;1,60;P
16/01/2004;1,63;P
17/01/2004;2,73;P
18/01/2004;2,95;P
19/01/2004;2,46;P
20/01/2004;2,06;P
21/01/2004;1,89;P
22/01/2004;1,78;P
23/01/2004;1,72;P
24/01/2004;1,68;P
25/01/2004;1,67;P
26/01/2004;1,64;P
27/01/2004;1,65;P
28/01/2004;1,63;P
29/01/2004;1,65;P
30/01/2004;1,63;P
31/01/2004;1,60;P
01/02/2004;1,61;P
02/02/2004;1,67;P
03/02/2004;1,77;P
04/02/2004;1,73;P
05/02/2004;1,69;P
06/02/2004;1,65;P
07/02/2004;1,64;P
08/02/2004;1,69;P
09/02/2004;1,66;P
10/02/2004;1,61;P
11/02/2004;1,60;P
12/02/2004;1,58;P
13/02/2004;1,56;P
14/02/2004;1,56;P
15/02/2004;1,55;P
16/02/2004;1,53;P
17/02/2004;1,51;P
18/02/2004;1,52;P
19/02/2004;1,89;P
20/02/2004;1,86;P
21/02/2004;1,81;P
22/02/2004;2,73;P
23/02/2004;3,38;P
24/02/2004;2,50;P
25/02/2004;2,09;P
26/02/2004;1,99;P
27/02/2004;2,05;P
28/02/2004;2,11;P
29/02/2004;2,00;P
01/03/2004;1,90;P
02/03/2004;1,82;P
03/03/2004;1,78;P
04/03/2004;1,77;P
05/03/2004;1,76;P
06/03/2004;1,77;P
07/03/2004;2,03;P
08/03/2004;1,90;P
09/03/2004;1,82;P
10/03/2004;1,79;P
11/03/2004;1,88;P
12/03/2004;1,93;P
13/03/2004;1,84;P
14/03/2004;1,83;P
15/03/2004;1,83;P
16/03/2004;1,79;P
17/03/2004;1,73;P
18/03/2004;1,69;P
19/03/2004;1,66;P
20/03/2004;1,65;P
21/03/2004;1,65;P
22/03/2004;1,62;P
23/03/2004;1,64;P
24/03/2004;1,63;P
25/03/2004;1,64;P
26/03/2004;1,60;P
27/03/2004;1,58;P
28/03/2004;1,57;P
29/03/2004;1,55;P
30/03/2004;1,54;P
31/03/2004;1,55;P
01/04/2004;1,53;P
02/04/2004;1,52;P
03/04/2004;1,51;P
04/04/2004;1,51;P
05/04/2004;1,50;P
06/04/2004;1,50;P
07/04/2004;1,54;P
08/04/2004;1,58;P
09/04/2004;1,58;P
10/04/2004;1,61;P
11/04/2004;1,57;P
12/04/2004;1,57;P
13/04/2004;1,56;P
14/04/2004;1,53;P
15/04/2004;1,52;P
16/04/2004;1,55;P
17/04/2004;1,82;P
18/04/2004;1,77;P
19/04/2004;1,81;P
20/04/2004;1,91;P
21/04/2004;1,76;P
22/04/2004;1,68;P
23/04/2004;1,64;P
24/04/2004;1,62;P
25/04/2004;1,70;P
26/04/2004;1,62;P
27/04/2004;1,59;P
28/04/2004;1,56;P
29/04/2004;1,55;P
30/04/2004;1,56;P
01/05/2004;1,55;P
02/05/2004;1,54;P
03/05/2004;1,54;P
04/05/2004;2,05;P
05/05/2004;2,71;P
06/05/2004;3,23;P
07/05/2004;2,72;P
08/05/2004;2,78;P
09/05/2004;2,39;P
10/05/2004;2,10;P
11/05/2004;1,92;P
12/05/2004;1,85;P
13/05/2004;1,79;P
14/05/2004;1,73;P
15/05/2004;1,69;P
16/05/2004;1,66;P
17/05/2004;1,63;P
18/05/2004;1,60;P
19/05/2004;1,59;P
20/05/2004;1,57;P
21/05/2004;1,56;P
22/05/2004;1,56;P
23/05/2004;1,55;P
24/05/2004;1,52;P
25/05/2004;1,50;P
26/05/2004;1,49;P
27/05/2004;1,47;P
28/05/2004;1,47;P
29/05/2004;1,47;P
30/05/2004;1,45;P
31/05/2004;1,45;P
01/06/2004;1,59;P
02/06/2004;1,48;P
03/06/2004;1,48;P
04/06/2004;1,45;P
05/06/2004;1,44;P
06/06/2004;1,49;P
07/06/2004;1,42;P
08/06/2004;1,39;P
09/06/2004;1,38;P
10/06/2004;1,37;P
11/06/2004;1,36;P
12/06/2004;1,37;P
13/06/2004;1,39;P
14/06/2004;1,38;P
15/06/2004;1,35;P
16/06/2004;1,35;P
17/06/2004;1,35;P
18/06/2004;1,34;P
19/06/2004;1,34;P
20/06/2004;1,36;P
21/06/2004;1,34;P
22/06/2004;1,32;P
23/06/2004;1,31;P
24/06/2004;1,32;P
25/06/2004;1,30;P
26/06/2004;1,30;P
27/06/2004;1,31;P
28/06/2004;1,30;P
29/06/2004;1,28;P
30/06/2004;1,27;P
01/07/2004;1,27;P
02/07/2004;1,27;P
03/07/2004;1,26;P
04/07/2004;1,28;P
05/07/2004;1,26;P
06/07/2004;1,25;P
07/07/2004;1,24;P
08/07/2004;1,25;P
09/07/2004;1,25;P
10/07/2004;1,25;P
11/07/2004;1,25;P
12/07/2004;1,26;P
13/07/2004;1,23;P
14/07/2004;1,22;P
15/07/2004;1,22;P
16/07/2004;1,21;P
17/07/2004;1,20;P
18/07/2004;1,22;P
19/07/2004;1,22;P
20/07/2004;1,19;P
21/07/2004;1,19;P
22/07/2004;1,19;P
23/07/2004;1,18;P
24/07/2004;1,18;P
25/07/2004;1,24;P
26/07/2004;1,25;P
27/07/2004;1,21;P
28/07/2004;1,19;P
29/07/2004;1,18;P
30/07/2004;1,19;P
31/07/2004;1,19;P
01/08/2004;1,21;P
02/08/2004;1,21;P
03/08/2004;1,18;P
04/08/2004;1,18;P
05/08/2004;1,30;P
06/08/2004;1,30;P
07/08/2004;1,26;P
08/08/2004;1,24;P
09/08/2004;1,23;P
10/08/2004;1,23;P
11/08/2004;1,23;P
12/08/2004;1,22;P
13/08/2004;1,22;P
14/08/2004;1,21;P
15/08/2004;1,20;P
16/08/2004;1,19;P
17/08/2004;1,19;P
18/08/2004;1,19;P
19/08/2004;1,20;P
20/08/2004;1,20;P
21/08/2004;1,19;P
22/08/2004;1,19;P
23/08/2004;1,19;P
24/08/2004;1,19;P
25/08/2004;1,20;P
26/08/2004;1,20;P
27/08/2004;1,21;P
28/08/2004;1,19;P
29/08/2004;1,20;P
30/08/2004;1,20;P
31/08/2004;1,18;P
01/09/2004;1,17;P
02/09/2004;1,17;P
03/09/2004;1,15;P
04/09/2004;1,16;P
05/09/2004;1,20;P
06/09/2004;1,20;P
07/09/2004;1,18;P
08/09/2004;1,16;P
09/09/2004;1,16;P
10/09/2004;1,17;P
11/09/2004;1,16;P
12/09/2004;1,18;P
13/09/2004;1,20;P
14/09/2004;1,25;P
15/09/2004;1,52;P
16/09/2004;1,35;P
17/09/2004;1,28;P
18/09/2004;1,24;P
19/09/2004;1,25;P
20/09/2004;1,23;P
21/09/2004;1,20;P
22/09/2004;1,19;P
23/09/2004;1,19;P
24/09/2004;1,23;P
25/09/2004;1,30;P
26/09/2004;1,29;P
27/09/2004;1,26;P
28/09/2004;1,22;P
29/09/2004;1,21;P
30/09/2004;1,21;P
01/10/2004;1,20;P
02/10/2004;1,21;P
03/10/2004;1,24;P
04/10/2004;1,23;P
05/10/2004;1,21;P
06/10/2004;1,20;P
07/10/2004;1,18;P
08/10/2004;1,18;P
09/10/2004;1,18;P
10/10/2004;1,24;P
11/10/2004;1,31;P
12/10/2004;1,28;P
13/10/2004;1,26;P
14/10/2004;1,27;P
15/10/2004;1,46;P
16/10/2004;1,39;P
17/10/2004;1,70;P
18/10/2004;1,44;P
19/10/2004;1,35;P
20/10/2004;1,32;P
21/10/2004;1,33;P
22/10/2004;1,30;P
23/10/2004;1,28;P
24/10/2004;1,28;P
25/10/2004;1,27;P
26/10/2004;1,25;P
27/10/2004;1,35;P
28/10/2004;1,36;P
29/10/2004;1,62;P
30/10/2004;1,60;P
31/10/2004;1,92;P
01/11/2004;1,74;P
02/11/2004;1,53;P
03/11/2004;1,43;P
04/11/2004;1,38;P
05/11/2004;1,35;P
06/11/2004;1,34;P
07/11/2004;1,34;P
08/11/2004;1,32;P
09/11/2004;1,32;P
10/11/2004;1,55;P
11/11/2004;1,55;P
12/11/2004;1,71;P
13/11/2004;1,59;P
14/11/2004;1,49;P
15/11/2004;1,44;P
16/11/2004;1,41;P
17/11/2004;1,39;P
18/11/2004;1,38;P
19/11/2004;1,36;P
20/11/2004;1,35;P
21/11/2004;1,36;P
22/11/2004;1,36;P
23/11/2004;1,34;P
24/11/2004;1,34;P
25/11/2004;1,33;P
26/11/2004;1,33;P
27/11/2004;1,38;P
28/11/2004;1,36;P
29/11/2004;1,36;P
30/11/2004;1,63;P
01/12/2004;1,63;P
02/12/2004;1,89;P
03/12/2004;1,96;P
04/12/2004;2,17;P
05/12/2004;2,44;P
06/12/2004;2,19;P
07/12/2004;1,89;P
08/12/2004;1,73;P
09/12/2004;1,64;P
10/12/2004;1,58;P
11/12/2004;1,54;P
12/12/2004;1,52;P
13/12/2004;1,49;P
14/12/2004;1,48;P
15/12/2004;1,47;P
16/12/2004;1,46;P
17/12/2004;1,45;P
18/12/2004;1,45;P
19/12/2004;1,45;P
20/12/2004;1,43;P
21/12/2004;1,41;P
22/12/2004;1,40;P
23/12/2004;1,40;P
24/12/2004;1,41;P
25/12/2004;1,42;P
26/12/2004;1,82;P
27/12/2004;2,10;P
28/12/2004;2,14;P
29/12/2004;1,98;P
30/12/2004;1,81;P
31/12/2004;1,70;P
01/01/2005;1,64;P
02/01/2005;1,61;P
03/01/2005;1,57;P
04/01/2005;1,54;P
05/01/2005;1,52;P
06/01/2005;1,50;P
07/01/2005;1,49;P
08/01/2005;1,48;P
09/01/2005;1,47;P
10/01/2005;1,46;P
11/01/2005;1,44;P
12/01/2005;1,43;P
13/01/2005;1,42;P
14/01/2005;1,42;P
15/01/2005;1,42;P
16/01/2005;1,42;P
17/01/2005;1,40;P
18/01/2005;1,42;P
19/01/2005;2,08;P
20/01/2005;1,75;P
21/01/2005;1,65;P
22/01/2005;1,61;P
23/01/2005;1,58;P
24/01/2005;1,55;P
25/01/2005;1,51;P
26/01/2005;1,50;P
27/01/2005;1,48;P
28/01/2005;1,47;P
29/01/2005;1,46;P
30/01/2005;1,45;P
31/01/2005;1,44;P
01/02/2005;1,43;P
02/02/2005;1,42;P
03/02/2005;1,42;P
04/02/2005;1,42;P
05/02/2005;1,42;P
06/02/2005;1,42;P
07/02/2005;1,40;P
08/02/2005;1,39;P
09/02/2005;1,39;P
10/02/2005;1,38;P
11/02/2005;1,38;P
12/02/2005;1,40;P
13/02/2005;1,40;P
14/02/2005;1,41;P
15/02/2005;1,39;P
16/02/2005;1,39;P
17/02/2005;1,38;P
18/02/2005;1,38;P
19/02/2005;1,37;P
20/02/2005;1,39;P
21/02/2005;1,41;P
22/02/2005;1,41;P
23/02/2005;1,41;P
24/02/2005;1,44;P
25/02/2005;1,45;P
26/02/2005;1,45;P
27/02/2005;1,43;P
28/02/2005;1,42;P
01/03/2005;1,39;P
02/03/2005;1,38;P
03/03/2005;1,44;P
04/03/2005;1,48;P
05/03/2005;1,47;P
06/03/2005;1,47;P
07/03/2005;1,46;P
08/03/2005;1,44;P
09/03/2005;1,44;P
10/03/2005;1,47;P
11/03/2005;1,51;P
12/03/2005;1,60;P
13/03/2005;1,99;P
14/03/2005;1,89;P
15/03/2005;1,73;P
16/03/2005;1,67;P
17/03/2005;1,65;P
18/03/2005;1,62;P
19/03/2005;1,58;P
20/03/2005;1,56;P
21/03/2005;1,53;P
22/03/2005;1,50;P
23/03/2005;1,49;P
24/03/2005;1,47;P
25/03/2005;1,56;P
26/03/2005;1,52;P
27/03/2005;1,77;P
28/03/2005;2,04;P
29/03/2005;1,74;P
30/03/2005;1,65;P
31/03/2005;1,60;P
01/04/2005;1,56;P
02/04/2005;1,53;P
03/04/2005;1,52;P
04/04/2005;1,49;P
05/04/2005;1,47;P
06/04/2005;1,46;P
07/04/2005;1,45;P
08/04/2005;1,46;P
09/04/2005;1,68;P
10/04/2005;1,65;P
11/04/2005;1,87;P
12/04/2005;1,70;P
13/04/2005;1,61;P
14/04/2005;1,57;P
15/04/2005;1,52;P
16/04/2005;1,59;P
17/04/2005;1,74;P
18/04/2005;1,67;P
19/04/2005;1,63;P
20/04/2005;2,20;P
21/04/2005;2,26;P
22/04/2005;1,92;P
23/04/2005;1,77;P
24/04/2005;1,71;P
25/04/2005;1,67;P
26/04/2005;1,63;P
27/04/2005;1,58;P
28/04/2005;1,55;P
29/04/2005;1,53;P
30/04/2005;1,51;P
01/05/2005;1,51;P
02/05/2005;1,48;P
03/05/2005;1,47;P
04/05/2005;1,46;P
05/05/2005;1,47;P
06/05/2005;1,44;P
07/05/2005;1,43;P
08/05/2005;1,44;P
09/05/2005;1,43;P
10/05/2005;1,42;P
11/05/2005;1,43;P
12/05/2005;1,40;P
13/05/2005;1,38;P
14/05/2005;1,40;P
15/05/2005;1,40;P
16/05/2005;1,37;P
17/05/2005;1,39;P
18/05/2005;1,58;P
19/05/2005;1,48;P
20/05/2005;1,41;P
21/05/2005;1,39;P
22/05/2005;1,38;P
23/05/2005;1,37;P
24/05/2005;1,35;P
25/05/2005;1,34;P
26/05/2005;1,33;P
27/05/2005;1,31;P
28/05/2005;1,32;P
29/05/2005;1,33;P
30/05/2005;1,32;P
31/05/2005;1,30;P
01/06/2005;1,31;P
02/06/2005;1,31;P
03/06/2005;1,30;P
04/06/2005;1,29;P
05/06/2005;1,31;P
06/06/2005;1,30;P
07/06/2005;1,30;P
08/06/2005;1,33;P
09/06/2005;1,29;P
10/06/2005;1,27;P
11/06/2005;1,27;P
12/06/2005;1,30;P
13/06/2005;1,28;P
14/06/2005;1,33;P
15/06/2005;1,37;P
16/06/2005;1,31;P
17/06/2005;1,27;P
18/06/2005;1,25;P
19/06/2005;1,27;P
20/06/2005;1,25;P
21/06/2005;1,23;P
22/06/2005;1,23;P
23/06/2005;1,24;P
24/06/2005;1,24;P
25/06/2005;1,24;P
26/06/2005;1,25;P
27/06/2005;1,25;P
28/06/2005;1,23;P
29/06/2005;1,22;P
30/06/2005;1,21;P
01/07/2005;1,22;P
02/07/2005;1,22;P
03/07/2005;1,23;P
04/07/2005;1,23;P
05/07/2005;1,25;P
06/07/2005;1,28;P
07/07/2005;1,25;P
08/07/2005;1,23;P
09/07/2005;1,22;P
10/07/2005;1,26;P
11/07/2005;1,26;P
12/07/2005;1,24;P
13/07/2005;1,24;P
14/07/2005;1,23;P
15/07/2005;1,23;P
16/07/2005;1,19;P
17/07/2005;1,18;P
18/07/2005;1,19;P
19/07/2005;1,25;P
20/07/2005;1,26;P
21/07/2005;1,21;P
22/07/2005;1,20;P
23/07/2005;1,20;P
24/07/2005;1,21;P
25/07/2005;1,20;P
26/07/2005;1,18;P
27/07/2005;1,17;P
28/07/2005;1,16;P
29/07/2005;1,16;P
30/07/2005;1,16;P
31/07/2005;1,15;P
01/08/2005;1,15;P
02/08/2005;1,14;P
03/08/2005;1,21;P
04/08/2005;1,21;P
05/08/2005;1,19;P
06/08/2005;1,19;P
07/08/2005;1,18;P
08/08/2005;1,17;P
09/08/2005;1,16;P
10/08/2005;1,18;P
11/08/2005;1,30;P
12/08/2005;1,28;P
13/08/2005;1,23;P
14/08/2005;1,19;P
15/08/2005;1,21;P
16/08/2005;1,20;P
17/08/2005;1,17;P
18/08/2005;1,16;P
19/08/2005;1,15;P
20/08/2005;1,14;P
21/08/2005;1,20;P
22/08/2005;1,25;P
23/08/2005;1,21;P
24/08/2005;1,18;P
25/08/2005;1,16;P
26/08/2005;1,15;P
27/08/2005;1,14;P
28/08/2005;1,34;P
29/08/2005;1,28;P
30/08/2005;1,21;P
31/08/2005;1,18;P
01/09/2005;1,16;P
02/09/2005;1,14;P
03/09/2005;1,15;P
04/09/2005;1,24;P
05/09/2005;1,17;P
06/09/2005;1,14;P
07/09/2005;1,13;P
08/09/2005;1,13;P
09/09/2005;1,29;P
10/09/2005;1,27;P
11/09/2005;1,30;P
12/09/2005;1,23;P
13/09/2005;1,20;P
14/09/2005;1,15;P
15/09/2005;1,14;P
16/09/2005;1,15;P
17/09/2005;1,16;P
18/09/2005;1,36;P
19/09/2005;1,31;P
20/09/2005;1,23;P
21/09/2005;1,19;P
22/09/2005;1,18;P
23/09/2005;1,15;P
24/09/2005;1,14;P
25/09/2005;1,14;P
26/09/2005;1,14;P
27/09/2005;1,12;P
28/09/2005;1,12;P
29/09/2005;1,11;P
30/09/2005;1,11;P
01/10/2005;1,09;P
02/10/2005;1,19;P
03/10/2005;1,25;P
04/10/2005;1,22;P
05/10/2005;1,32;P
06/10/2005;1,30;P
07/10/2005;1,24;P
08/10/2005;1,24;P
09/10/2005;1,30;P
10/10/2005;1,27;P
11/10/2005;1,22;P
12/10/2005;1,20;P
13/10/2005;1,18;P
14/10/2005;1,17;P
15/10/2005;1,17;P
16/10/2005;1,18;P
17/10/2005;1,18;P
18/10/2005;1,16;P
19/10/2005;1,19;P
20/10/2005;2,07;P
21/10/2005;1,53;P
22/10/2005;1,44;P
23/10/2005;1,35;P
24/10/2005;1,31;P
25/10/2005;1,26;P
26/10/2005;1,25;P
27/10/2005;1,23;P
28/10/2005;1,23;P
29/10/2005;1,22;P
30/10/2005;1,23;P
31/10/2005;1,23;P
01/11/2005;1,26;P
02/11/2005;1,38;P
03/11/2005;1,29;P
04/11/2005;1,26;P
05/11/2005;1,26;P
06/11/2005;2,39;P
07/11/2005;2,05;P
08/11/2005;1,60;P
09/11/2005;1,47;P
10/11/2005;1,41;P
11/11/2005;1,36;P
12/11/2005;1,34;P
13/11/2005;1,34;P
14/11/2005;1,32;P
15/11/2005;1,31;P
16/11/2005;1,32;P
17/11/2005;1,31;P
18/11/2005;1,33;P
19/11/2005;1,32;P
20/11/2005;1,31;P
21/11/2005;1,30;P
22/11/2005;1,28;P
23/11/2005;1,27;P
24/11/2005;1,28;P
25/11/2005;1,37;P
26/11/2005;2,72;P
27/11/2005;2,79;P
28/11/2005;2,15;P
29/11/2005;2,14;P
30/11/2005;2,25;P
01/12/2005;1,92;P
02/12/2005;1,75;P
03/12/2005;2,30;P
04/12/2005;1,99;P
05/12/2005;2,23;P
06/12/2005;2,38;P
07/12/2005;2,04;P
08/12/2005;1,87;P
09/12/2005;2,06;P
10/12/2005;1,91;P
11/12/2005;1,78;P
12/12/2005;1,78;P
13/12/2005;1,76;P
14/12/2005;1,70;P
15/12/2005;1,67;P
16/12/2005;1,64;P
17/12/2005;1,62;P
18/12/2005;1,61;P
19/12/2005;1,57;P
20/12/2005;1,54;P
21/12/2005;1,52;P
22/12/2005;1,51;P
23/12/2005;1,50;P
24/12/2005;1,50;P
25/12/2005;1,53;P
26/12/2005;1,63;P
27/12/2005;1,78;P
28/12/2005;1,77;P
29/12/2005;1,69;P
30/12/2005;1,63;P
31/12/2005;1,66;P
01/01/2006;2,39;P
02/01/2006;2,26;P
03/01/2006;1,92;P
04/01/2006;1,79;P
05/01/2006;1,72;P
06/01/2006;1,67;P
07/01/2006;1,64;P
08/01/2006;1,60;P
09/01/2006;1,58;P
10/01/2006;1,56;P
11/01/2006;1,54;P
12/01/2006;1,53;P
13/01/2006;1,51;P
14/01/2006;1,51;P
15/01/2006;1,51;P
16/01/2006;1,50;P
17/01/2006;1,64;P
18/01/2006;3,38;P
19/01/2006;2,38;P
20/01/2006;1,97;P
21/01/2006;1,83;P
22/01/2006;1,75;P
23/01/2006;1,69;P
24/01/2006;1,64;P
25/01/2006;1,63;P
26/01/2006;1,62;P
27/01/2006;1,64;P
28/01/2006;1,63;P
29/01/2006;1,65;P
30/01/2006;1,69;P
31/01/2006;1,68;P
01/02/2006;1,63;P
02/02/2006;1,60;P
03/02/2006;1,59;P
04/02/2006;1,57;P
05/02/2006;1,54;P
06/02/2006;1,53;P
07/02/2006;1,52;P
08/02/2006;1,52;P
09/02/2006;1,52;P
10/02/2006;1,50;P
11/02/2006;1,49;P
12/02/2006;1,48;P
13/02/2006;1,47;P
14/02/2006;1,46;P
15/02/2006;1,47;P
16/02/2006;1,79;P
17/02/2006;2,01;P
18/02/2006;1,75;P
19/02/2006;1,68;P
20/02/2006;2,03;P
21/02/2006;1,99;P
22/02/2006;2,04;P
23/02/2006;1,97;P
24/02/2006;1,85;P
25/02/2006;1,81;P
26/02/2006;1,74;P
27/02/2006;1,70;P
28/02/2006;1,67;P
01/03/2006;1,69;P
02/03/2006;1,65;P
03/03/2006;2,04;P
04/03/2006;2,17;P
05/03/2006;2,53;P
06/03/2006;2,40;P
07/03/2006;2,03;P
08/03/2006;1,88;P
09/03/2006;1,81;P
10/03/2006;1,96;P
11/03/2006;2,04;P
12/03/2006;1,89;P
13/03/2006;1,78;P
14/03/2006;1,73;P
15/03/2006;1,69;P
16/03/2006;1,68;P
17/03/2006;1,65;P
18/03/2006;1,62;P
19/03/2006;1,61;P
20/03/2006;1,60;P
21/03/2006;1,73;P
22/03/2006;1,89;P
23/03/2006;1,79;P
24/03/2006;1,72;P
25/03/2006;1,68;P
26/03/2006;1,65;P
27/03/2006;1,62;P
28/03/2006;1,61;P
29/03/2006;1,59;P
30/03/2006;1,57;P
31/03/2006;1,55;P
01/04/2006;1,54;P
02/04/2006;1,53;P
03/04/2006;1,52;P
04/04/2006;1,50;P
05/04/2006;1,50;P
06/04/2006;1,52;P
07/04/2006;1,52;P
08/04/2006;1,49;P
09/04/2006;1,49;P
10/04/2006;1,48;P
11/04/2006;1,48;P
12/04/2006;1,47;P
13/04/2006;1,45;P
14/04/2006;1,43;P
15/04/2006;1,43;P
16/04/2006;1,45;P
17/04/2006;1,43;P
18/04/2006;1,42;P
19/04/2006;1,42;P
20/04/2006;1,40;P
21/04/2006;1,40;P
22/04/2006;1,40;P
23/04/2006;1,39;P
24/04/2006;1,38;P
25/04/2006;1,37;P
26/04/2006;1,38;P
27/04/2006;1,39;P
28/04/2006;1,38;P
29/04/2006;1,39;P
30/04/2006;1,43;P
01/05/2006;1,40;P
02/05/2006;1,36;P
03/05/2006;1,35;P
04/05/2006;1,35;P
05/05/2006;1,34;P
06/05/2006;1,34;P
07/05/2006;1,34;P
08/05/2006;1,33;P
09/05/2006;1,69;P
10/05/2006;1,50;P
11/05/2006;1,42;P
12/05/2006;1,36;P
13/05/2006;1,35;P
14/05/2006;1,38;P
15/05/2006;1,35;P
16/05/2006;1,33;P
17/05/2006;1,32;P
18/05/2006;1,31;P
19/05/2006;1,31;P
20/05/2006;1,32;P
21/05/2006;1,32;P
22/05/2006;1,30;P
23/05/2006;1,30;P
24/05/2006;1,37;P
25/05/2006;1,33;P
26/05/2006;1,30;P
27/05/2006;1,29;P
28/05/2006;1,29;P
29/05/2006;1,29;P
30/05/2006;1,36;P
31/05/2006;1,35;P
01/06/2006;1,33;P
02/06/2006;1,31;P
03/06/2006;1,30;P
04/06/2006;1,29;P
05/06/2006;1,27;P
06/06/2006;1,28;P
07/06/2006;1,29;P
08/06/2006;1,26;P
09/06/2006;1,25;P
10/06/2006;1,24;P
11/06/2006;1,27;P
12/06/2006;1,26;P
13/06/2006;1,23;P
14/06/2006;1,24;P
15/06/2006;1,23;P
16/06/2006;1,23;P
17/06/2006;1,22;P
18/06/2006;1,25;P
19/06/2006;1,23;P
20/06/2006;1,22;P
21/06/2006;1,22;P
22/06/2006;1,21;P
23/06/2006;1,21;P
24/06/2006;1,20;P
25/06/2006;1,23;P
26/06/2006;1,22;P
27/06/2006;1,21;P
28/06/2006;1,20;P
29/06/2006;1,21;P
30/06/2006;1,21;P
01/07/2006;1,19;P
02/07/2006;1,22;P
03/07/2006;1,22;P
04/07/2006;1,21;P
05/07/2006;1,18;P
06/07/2006;1,18;P
07/07/2006;1,30;P
08/07/2006;1,26;P
09/07/2006;1,23;P
10/07/2006;1,22;P
11/07/2006;1,18;P
12/07/2006;1,19;P
13/07/2006;1,18;P
14/07/2006;1,17;P
15/07/2006;1,15;P
16/07/2006;1,14;P
17/07/2006;1,15;P
18/07/2006;1,14;P
19/07/2006;1,14;P
20/07/2006;1,13;P
21/07/2006;1,12;P
22/07/2006;1,13;P
23/07/2006;1,11;P
24/07/2006;1,15;P
25/07/2006;1,25;P
26/07/2006;1,19;P
27/07/2006;1,18;P
28/07/2006;1,21;P
29/07/2006;1,19;P
30/07/2006;1,17;P
31/07/2006;1,18;P
01/08/2006;1,16;P
02/08/2006;1,14;P
03/08/2006;1,14;P
04/08/2006;1,15;P
05/08/2006;1,20;P
06/08/2006;1,22;P
07/08/2006;1,22;P
08/08/2006;1,21;P
09/08/2006;1,24;P
10/08/2006;1,21;P
11/08/2006;1,21;P
12/08/2006;1,40;P
13/08/2006;1,49;P
14/08/2006;1,34;P
15/08/2006;1,33;P
16/08/2006;1,29;P
17/08/2006;1,27;P
18/08/2006;1,26;P
19/08/2006;1,24;P
20/08/2006;1,25;P
21/08/2006;1,24;P
22/08/2006;1,24;P
23/08/2006;1,22;P
24/08/2006;1,22;P
25/08/2006;1,21;P
26/08/2006;1,21;P
27/08/2006;1,24;P
28/08/2006;1,23;P
29/08/2006;1,23;P
30/08/2006;1,23;P
31/08/2006;1,21;P
01/09/2006;1,19;P
02/09/2006;1,18;P
03/09/2006;1,19;P
04/09/2006;1,19;P
05/09/2006;1,17;P
06/09/2006;1,15;P
07/09/2006;1,14;P
08/09/2006;1,14;P
09/09/2006;1,15;P
10/09/2006;1,17;P
11/09/2006;1,18;P
12/09/2006;1,16;P
13/09/2006;1,13;P
14/09/2006;1,13;P
15/09/2006;1,43;P
16/09/2006;1,38;P
17/09/2006;1,84;P
18/09/2006;1,45;P
19/09/2006;1,34;P
20/09/2006;1,28;P
21/09/2006;1,25;P
22/09/2006;1,23;P
23/09/2006;1,21;P
24/09/2006;1,22;P
25/09/2006;1,25;P
26/09/2006;1,27;P
27/09/2006;1,31;P
28/09/2006;1,26;P
29/09/2006;1,24;P
30/09/2006;1,22;P
01/10/2006;1,23;P
02/10/2006;1,24;P
03/10/2006;1,22;P
04/10/2006;1,20;P
05/10/2006;1,20;P
06/10/2006;1,20;P
07/10/2006;1,22;P
08/10/2006;1,26;P
09/10/2006;1,26;P
10/10/2006;1,23;P
11/10/2006;1,20;P
12/10/2006;1,19;P
13/10/2006;1,19;P
14/10/2006;1,21;P
15/10/2006;1,23;P
16/10/2006;1,25;P
17/10/2006;1,23;P
18/10/2006;1,24;P
19/10/2006;1,24;P
20/10/2006;1,30;P
21/10/2006;1,36;P
22/10/2006;1,33;P
23/10/2006;1,30;P
24/10/2006;1,27;P
25/10/2006;1,25;P
26/10/2006;1,24;P
27/10/2006;1,23;P
28/10/2006;1,26;P
29/10/2006;1,28;P
30/10/2006;1,26;P
31/10/2006;1,23;P
01/11/2006;1,22;P
02/11/2006;1,24;P
03/11/2006;1,24;P
04/11/2006;1,23;P
05/11/2006;1,25;P
06/11/2006;1,26;P
07/11/2006;1,25;P
08/11/2006;1,24;P
09/11/2006;1,24;P
10/11/2006;1,24;P
11/11/2006;1,24;P
12/11/2006;1,26;P
13/11/2006;1,26;P
14/11/2006;1,25;P
15/11/2006;1,25;P
16/11/2006;1,26;P
17/11/2006;1,28;P
18/11/2006;1,33;P
19/11/2006;1,36;P
20/11/2006;1,60;P
21/11/2006;1,59;P
22/11/2006;2,22;P
23/11/2006;1,64;P
24/11/2006;1,48;P
25/11/2006;1,41;P
26/11/2006;1,40;P
27/11/2006;1,37;P
28/11/2006;1,34;P
29/11/2006;1,33;P
30/11/2006;1,32;P
01/12/2006;1,30;P
02/12/2006;1,30;P
03/12/2006;1,31;P
04/12/2006;1,37;P
05/12/2006;1,49;P
06/12/2006;1,40;P
07/12/2006;1,77;P
08/12/2006;1,61;P
09/12/2006;2,86;P
10/12/2006;2,28;P
11/12/2006;1,79;P
12/12/2006;1,64;P
13/12/2006;1,56;P
14/12/2006;1,50;P
15/12/2006;1,46;P
16/12/2006;1,45;P
17/12/2006;1,44;P
18/12/2006;1,42;P
19/12/2006;1,39;P
20/12/2006;1,38;P
21/12/2006;1,37;P
22/12/2006;1,36;P
23/12/2006;1,36;P
24/12/2006;1,36;P
25/12/2006;1,36;P
26/12/2006;1,35;P
27/12/2006;1,35;P
28/12/2006;1,35;P
29/12/2006;1,35;P
30/12/2006;1,35;P
31/12/2006;1,39;P
01/01/2007;1,46;P
02/01/2007;1,91;P
03/01/2007;1,67;P
04/01/2007;1,56;P
05/01/2007;1,50;P
06/01/2007;1,47;P
07/01/2007;1,45;P
08/01/2007;1,64;P
09/01/2007;1,65;P
10/01/2007;1,56;P
11/01/2007;1,51;P
12/01/2007;1,47;P
13/01/2007;1,45;P
14/01/2007;1,44;P
15/01/2007;1,42;P
16/01/2007;1,40;P
17/01/2007;1,40;P
18/01/2007;1,40;P
19/01/2007;1,40;P
20/01/2007;1,40;P
21/01/2007;1,40;P
22/01/2007;1,38;P
23/01/2007;1,38;P
24/01/2007;2,03;P
25/01/2007;1,94;P
26/01/2007;1,79;P
27/01/2007;1,68;P
28/01/2007;1,62;P
29/01/2007;1,60;P
30/01/2007;1,60;P
31/01/2007;1,57;P
01/02/2007;1,54;P
02/02/2007;1,52;P
03/02/2007;1,50;P
04/02/2007;1,48;P
05/02/2007;1,46;P
06/02/2007;1,46;P
07/02/2007;1,83;P
08/02/2007;2,35;P
09/02/2007;2,42;P
10/02/2007;2,00;P
11/02/2007;1,81;P
12/02/2007;1,80;P
13/02/2007;2,85;P
14/02/2007;2,04;P
15/02/2007;1,93;P
16/02/2007;1,82;P
17/02/2007;1,73;P
18/02/2007;1,68;P
19/02/2007;1,64;P
20/02/2007;1,60;P
21/02/2007;1,58;P
22/02/2007;1,57;P
23/02/2007;1,55;P
24/02/2007;1,53;P
25/02/2007;1,82;P
26/02/2007;2,39;P
27/02/2007;1,90;P
28/02/2007;1,76;P
01/03/2007;1,70;P
02/03/2007;1,65;P
03/03/2007;1,63;P
04/03/2007;1,59;P
05/03/2007;1,57;P
06/03/2007;1,55;P
07/03/2007;1,58;P
08/03/2007;1,56;P
09/03/2007;1,53;P
10/03/2007;1,51;P
11/03/2007;1,50;P
12/03/2007;1,48;P
13/03/2007;1,46;P
14/03/2007;1,45;P
15/03/2007;1,44;P
16/03/2007;1,43;P
17/03/2007;1,43;P
18/03/2007;1,42;P
19/03/2007;1,53;P
20/03/2007;1,87;P
21/03/2007;1,81;P
22/03/2007;1,71;P
23/03/2007;1,67;P
24/03/2007;1,64;P
25/03/2007;1,63;P
26/03/2007;1,62;P
27/03/2007;1,61;P
28/03/2007;1,59;P
29/03/2007;1,57;P
30/03/2007;1,57;P
31/03/2007;1,62;P
01/04/2007;1,57;P
02/04/2007;1,53;P
03/04/2007;1,51;P
04/04/2007;1,52;P
05/04/2007;1,48;P
06/04/2007;1,46;P
07/04/2007;1,45;P
08/04/2007;1,45;P
09/04/2007;1,44;P
10/04/2007;1,42;P
11/04/2007;1,41;P
12/04/2007;1,40;P
13/04/2007;1,39;P
14/04/2007;1,38;P
15/04/2007;1,38;P
16/04/2007;1,37;P
17/04/2007;1,36;P
18/04/2007;1,35;P
19/04/2007;1,34;P
20/04/2007;1,34;P
21/04/2007;1,34;P
22/04/2007;1,34;P
23/04/2007;1,33;P
24/04/2007;1,32;P
25/04/2007;1,33;P
26/04/2007;1,33;P
27/04/2007;1,31;P
28/04/2007;1,31;P
29/04/2007;1,32;P
30/04/2007;1,32;P
01/05/2007;1,33;P
02/05/2007;1,34;P
03/05/2007;1,34;P
04/05/2007;1,49;P
05/05/2007;1,57;P
06/05/2007;1,50;P
07/05/2007;1,45;P
08/05/2007;1,38;P
09/05/2007;1,35;P
10/05/2007;1,33;P
11/05/2007;1,32;P
12/05/2007;1,32;P
13/05/2007;1,32;P
14/05/2007;1,30;P
15/05/2007;1,29;P
16/05/2007;1,28;P
17/05/2007;1,29;P
18/05/2007;1,28;P
19/05/2007;1,27;P
20/05/2007;1,29;P
21/05/2007;1,27;P
22/05/2007;1,25;P
23/05/2007;1,26;P
24/05/2007;1,27;P
25/05/2007;1,25;P
26/05/2007;1,26;P
27/05/2007;1,29;P
28/05/2007;1,39;P
29/05/2007;1,40;P
30/05/2007;1,32;P
31/05/2007;1,27;P
01/06/2007;1,35;P
02/06/2007;1,36;P
03/06/2007;1,39;P
04/06/2007;1,31;P
05/06/2007;1,29;P
06/06/2007;1,29;P
07/06/2007;1,30;P
08/06/2007;1,36;P
09/06/2007;1,30;P
10/06/2007;1,29;P
11/06/2007;1,27;P
12/06/2007;1,26;P
13/06/2007;1,25;P
14/06/2007;1,24;P
15/06/2007;1,24;P
16/06/2007;1,25;P
17/06/2007;1,25;P
18/06/2007;1,25;P
19/06/2007;1,22;P
20/06/2007;1,22;P
21/06/2007;1,22;P
22/06/2007;1,22;P
23/06/2007;1,21;P
24/06/2007;1,20;P
25/06/2007;1,21;P
26/06/2007;1,19;P
27/06/2007;1,21;P
28/06/2007;1,21;P
29/06/2007;1,20;P
30/06/2007;1,20;P
01/07/2007;1,18;P
02/07/2007;1,19;P
03/07/2007;1,20;P
04/07/2007;1,21;P
05/07/2007;1,19;P
06/07/2007;1,18;P
07/07/2007;1,18;P
08/07/2007;1,18;P
09/07/2007;1,19;P
10/07/2007;1,19;P
11/07/2007;1,18;P
12/07/2007;1,17;P
13/07/2007;1,17;P
14/07/2007;1,17;P
15/07/2007;1,15;P
16/07/2007;1,13;P
17/07/2007;1,14;P
18/07/2007;1,15;P
19/07/2007;1,13;P
20/07/2007;1,11;P
21/07/2007;1,11;P
22/07/2007;1,16;P
23/07/2007;1,15;P
24/07/2007;1,14;P
25/07/2007;1,14;P
26/07/2007;1,15;P
27/07/2007;1,15;P
28/07/2007;1,16;P
29/07/2007;1,15;P
30/07/2007;1,12;P
31/07/2007;1,11;P
01/08/2007;1,09;P
02/08/2007;1,13;P
03/08/2007;1,22;P
04/08/2007;1,20;P
05/08/2007;1,15;P
06/08/2007;1,12;P
07/08/2007;1,12;P
08/08/2007;1,32;P
09/08/2007;1,41;P
10/08/2007;1,27;P
11/08/2007;1,24;P
12/08/2007;1,23;P
13/08/2007;1,26;P
14/08/2007;1,23;P
15/08/2007;1,21;P
16/08/2007;1,20;P
17/08/2007;1,20;P
18/08/2007;1,19;P
19/08/2007;1,20;P
20/08/2007;1,31;P
21/08/2007;1,29;P
22/08/2007;1,26;P
23/08/2007;1,40;P
24/08/2007;1,37;P
25/08/2007;1,29;P
26/08/2007;1,26;P
27/08/2007;1,24;P
28/08/2007;1,22;P
29/08/2007;1,20;P
30/08/2007;1,20;P
31/08/2007;1,19;P
01/09/2007;1,17;P
02/09/2007;1,17;P
03/09/2007;1,17;P
04/09/2007;1,25;P
05/09/2007;1,25;P
06/09/2007;1,21;P
07/09/2007;1,19;P
08/09/2007;1,18;P
09/09/2007;1,18;P
10/09/2007;1,18;P
11/09/2007;1,18;P
12/09/2007;1,19;P
13/09/2007;1,18;P
14/09/2007;1,19;P
15/09/2007;1,21;P
16/09/2007;1,19;P
17/09/2007;1,42;P
18/09/2007;1,39;P
19/09/2007;1,30;P
20/09/2007;1,26;P
21/09/2007;1,24;P
22/09/2007;1,23;P
23/09/2007;1,21;P
24/09/2007;1,20;P
25/09/2007;1,22;P
26/09/2007;1,22;P
27/09/2007;1,33;P
28/09/2007;1,54;P
29/09/2007;1,41;P
30/09/2007;1,31;P
01/10/2007;1,28;P
02/10/2007;1,25;P
03/10/2007;1,24;P
04/10/2007;1,25;P
05/10/2007;1,24;P
06/10/2007;1,22;P
07/10/2007;1,23;P
08/10/2007;1,23;P
09/10/2007;1,21;P
10/10/2007;1,23;P
11/10/2007;1,23;P
12/10/2007;1,23;P
13/10/2007;1,23;P
14/10/2007;1,21;P
15/10/2007;1,21;P
16/10/2007;1,23;P
17/10/2007;1,23;P
18/10/2007;1,24;P
19/10/2007;1,24;P
20/10/2007;1,24;P
21/10/2007;1,24;P
22/10/2007;1,22;P
23/10/2007;1,22;P
24/10/2007;1,27;P
25/10/2007;1,29;P
26/10/2007;1,41;P
27/10/2007;1,55;P
28/10/2007;1,35;P
29/10/2007;1,30;P
30/10/2007;1,32;P
31/10/2007;1,46;P
01/11/2007;1,39;P
02/11/2007;1,33;P
03/11/2007;1,29;P
04/11/2007;1,28;P
05/11/2007;1,27;P
06/11/2007;1,26;P
07/11/2007;1,26;P
08/11/2007;1,25;P
09/11/2007;1,25;P
10/11/2007;1,28;P
11/11/2007;1,28;P
12/11/2007;1,26;P
13/11/2007;1,25;P
14/11/2007;1,28;P
15/11/2007;1,28;P
16/11/2007;1,26;P
17/11/2007;1,24;P
18/11/2007;1,24;P
19/11/2007;1,25;P
20/11/2007;1,24;P
21/11/2007;1,25;P
22/11/2007;1,25;P
23/11/2007;1,26;P
24/11/2007;1,28;P
25/11/2007;1,41;P
26/11/2007;1,41;P
27/11/2007;1,34;P
28/11/2007;1,30;P
29/11/2007;1,28;P
30/11/2007;1,28;P
01/12/2007;1,28;P
02/12/2007;1,28;P
03/12/2007;1,47;P
04/12/2007;1,59;P
05/12/2007;1,43;P
06/12/2007;1,37;P
07/12/2007;1,35;P
08/12/2007;1,73;P
09/12/2007;1,71;P
10/12/2007;1,77;P
11/12/2007;1,56;P
12/12/2007;1,46;P
13/12/2007;1,38;P
14/12/2007;1,37;P
15/12/2007;1,36;P
16/12/2007;1,36;P
17/12/2007;1,33;P
18/12/2007;1,30;P
19/12/2007;1,29;P
20/12/2007;1,30;P
21/12/2007;1,30;P
22/12/2007;1,31;P
23/12/2007;1,34;P
24/12/2007;1,34;P
25/12/2007;1,32;P
26/12/2007;1,30;P
27/12/2007;1,30;P
28/12/2007;1,29;P
29/12/2007;1,29;P
30/12/2007;1,30;P
31/12/2007;1,29;P
01/01/2008;1,29;P
02/01/2008;1,29;P
03/01/2008;1,29;P
04/01/2008;1,30;P
05/01/2008;1,32;P
06/01/2008;1,90;P
07/01/2008;1,78;P
08/01/2008;1,58;P
09/01/2008;1,50;P
10/01/2008;1,46;P
11/01/2008;1,45;P
12/01/2008;1,93;P
13/01/2008;2,13;P
14/01/2008;1,73;P
15/01/2008;1,68;P
16/01/2008;2,11;P
17/01/2008;3,03;P
18/01/2008;2,06;P
19/01/2008;1,80;P
20/01/2008;1,69;P
21/01/2008;1,63;P
22/01/2008;1,58;P
23/01/2008;1,54;P
24/01/2008;1,50;P
25/01/2008;1,48;P
26/01/2008;1,46;P
27/01/2008;1,46;P
28/01/2008;1,45;P
29/01/2008;1,43;P
30/01/2008;1,42;P
31/01/2008;1,43;P
01/02/2008;1,42;P
02/02/2008;1,42;P
03/02/2008;1,49;P
04/02/2008;1,92;P
05/02/2008;2,08;P
06/02/2008;1,79;P
07/02/2008;1,67;P
08/02/2008;1,60;P
09/02/2008;1,56;P
10/02/2008;1,53;P
11/02/2008;1,51;P
12/02/2008;1,48;P
13/02/2008;1,47;P
14/02/2008;1,45;P
15/02/2008;1,43;P
16/02/2008;1,42;P
17/02/2008;1,42;P
18/02/2008;1,41;P
19/02/2008;1,40;P
20/02/2008;1,40;P
21/02/2008;1,38;P
22/02/2008;1,38;P
23/02/2008;1,38;P
24/02/2008;1,37;P
25/02/2008;1,37;P
26/02/2008;1,36;P
27/02/2008;1,38;P
28/02/2008;1,37;P
29/02/2008;1,36;P
01/03/2008;1,37;P
02/03/2008;1,37;P
03/03/2008;1,36;P
04/03/2008;1,36;P
05/03/2008;1,40;P
06/03/2008;1,38;P
07/03/2008;1,38;P
08/03/2008;1,37;P
09/03/2008;1,38;P
10/03/2008;1,39;P
11/03/2008;1,66;P
12/03/2008;1,63;P
13/03/2008;1,53;P
14/03/2008;1,49;P
15/03/2008;1,45;P
16/03/2008;1,44;P
17/03/2008;1,43;P
18/03/2008;1,46;P
19/03/2008;1,47;P
20/03/2008;1,48;P
21/03/2008;1,48;P
22/03/2008;2,41;P
23/03/2008;1,96;P
24/03/2008;1,90;P
25/03/2008;1,82;P
26/03/2008;1,72;P
27/03/2008;1,68;P
28/03/2008;1,66;P
29/03/2008;1,63;P
30/03/2008;1,59;P
31/03/2008;1,56;P
01/04/2008;1,53;P
02/04/2008;1,51;P
03/04/2008;1,50;P
04/04/2008;1,48;P
05/04/2008;1,46;P
06/04/2008;1,46;P
07/04/2008;1,43;P
08/04/2008;1,42;P
09/04/2008;1,43;P
10/04/2008;1,56;P
11/04/2008;1,65;P
12/04/2008;1,81;P
13/04/2008;1,70;P
14/04/2008;1,63;P
15/04/2008;1,67;P
16/04/2008;1,65;P
17/04/2008;1,62;P
18/04/2008;2,03;P
19/04/2008;2,51;P
20/04/2008;2,03;P
21/04/2008;1,99;P
22/04/2008;2,29;P
23/04/2008;2,18;P
24/04/2008;1,91;P
25/04/2008;1,78;P
26/04/2008;1,70;P
27/04/2008;1,65;P
28/04/2008;1,62;P
29/04/2008;1,61;P
30/04/2008;1,58;P
01/05/2008;1,56;P
02/05/2008;1,53;P
03/05/2008;1,51;P
04/05/2008;1,49;P
05/05/2008;1,48;P
06/05/2008;1,47;P
07/05/2008;1,45;P
08/05/2008;1,44;P
09/05/2008;1,43;P
10/05/2008;1,41;P
11/05/2008;1,41;P
12/05/2008;1,40;P
13/05/2008;1,39;P
14/05/2008;1,38;P
15/05/2008;1,38;P
16/05/2008;1,38;P
17/05/2008;1,39;P
18/05/2008;1,46;P
19/05/2008;1,42;P
20/05/2008;1,67;P
21/05/2008;1,67;P
22/05/2008;1,58;P
23/05/2008;1,51;P
24/05/2008;1,46;P
25/05/2008;1,43;P
26/05/2008;1,41;P
27/05/2008;1,40;P
28/05/2008;1,38;P
29/05/2008;1,39;P
30/05/2008;1,46;P
31/05/2008;1,49;P
01/06/2008;1,42;P
02/06/2008;1,40;P
03/06/2008;1,39;P
04/06/2008;1,39;P
05/06/2008;1,37;P
06/06/2008;1,38;P
07/06/2008;1,37;P
08/06/2008;1,45;P
09/06/2008;1,41;P
10/06/2008;1,37;P
11/06/2008;1,35;P
12/06/2008;1,34;P
13/06/2008;1,38;P
14/06/2008;1,53;P
15/06/2008;1,48;P
16/06/2008;1,41;P
17/06/2008;1,38;P
18/06/2008;1,80;P
19/06/2008;1,59;P
20/06/2008;1,48;P
21/06/2008;1,43;P
22/06/2008;1,40;P
23/06/2008;1,37;P
24/06/2008;1,35;P
25/06/2008;1,34;P
26/06/2008;1,33;P
27/06/2008;1,32;P
28/06/2008;1,33;P
29/06/2008;1,33;P
30/06/2008;1,32;P
01/07/2008;1,30;P
02/07/2008;;@
03/07/2008;;@
04/07/2008;;@
05/07/2008;;@
06/07/2008;;@
07/07/2008;;@
08/07/2008;;@
09/07/2008;;@
10/07/2008;;@
11/07/2008;;@
12/07/2008;;@
13/07/2008;;@
14/07/2008;;@
15/07/2008;;@
16/07/2008;;@
17/07/2008;;@
18/07/2008;;@
19/07/2008;;@
20/07/2008;;@
21/07/2008;;@
22/07/2008;;@
23/07/2008;;@
24/07/2008;;@
25/07/2008;;@
26/07/2008;;@
27/07/2008;;@
28/07/2008;;@
29/07/2008;;@
30/07/2008;;@
31/07/2008;;@
01/08/2008;;@
02/08/2008;;@
03/08/2008;;@
04/08/2008;;@
05/08/2008;;@
06/08/2008;;@
07/08/2008;;@
08/08/2008;;@
09/08/2008;;@
10/08/2008;;@
11/08/2008;;@
12/08/2008;;@
13/08/2008;;@
14/08/2008;;@
15/08/2008;;@
16/08/2008;;@
17/08/2008;;@
18/08/2008;;@
19/08/2008;;@
20/08/2008;;@
21/08/2008;;@
22/08/2008;;@
23/08/2008;;@
24/08/2008;;@
25/08/2008;;@
26/08/2008;;@
27/08/2008;;@
28/08/2008;;@
29/08/2008;;@
30/08/2008;;@
31/08/2008;;@
01/09/2008;;@
02/09/2008;;@
03/09/2008;;@
04/09/2008;;@
05/09/2008;;@
06/09/2008;;@
07/09/2008;;@
08/09/2008;;@
09/09/2008;;@
10/09/2008;;@
11/09/2008;;@
12/09/2008;;@
13/09/2008;;@
14/09/2008;;@
15/09/2008;;@
16/09/2008;;@
17/09/2008;;@
18/09/2008;;@
19/09/2008;;@
20/09/2008;;@
21/09/2008;;@
22/09/2008;;@
23/09/2008;;@
24/09/2008;;@
25/09/2008;;@
26/09/2008;;@
27/09/2008;;@
28/09/2008;;@
29/09/2008;;@
30/09/2008;;@
01/10/2008;;@
02/10/2008;;@
03/10/2008;;@
04/10/2008;;@
05/10/2008;;@
06/10/2008;;@
07/10/2008;;@
08/10/2008;;@
09/10/2008;;@
10/10/2008;;@
11/10/2008;;@
12/10/2008;;@
13/10/2008;;@
14/10/2008;;@
15/10/2008;;@
16/10/2008;;@
17/10/2008;;@
18/10/2008;;@
19/10/2008;;@
20/10/2008;;@
21/10/2008;;@
22/10/2008;;@
23/10/2008;;@
24/10/2008;;@
25/10/2008;;@
26/10/2008;;@
27/10/2008;;@
28/10/2008;;@
29/10/2008;;@
30/10/2008;;@
31/10/2008;;@
01/11/2008;;@
02/11/2008;;@
03/11/2008;;@
04/11/2008;;@
05/11/2008;;@
06/11/2008;;@
07/11/2008;;@
08/11/2008;;@
09/11/2008;;@
10/11/2008;;@
11/11/2008;;@
12/11/2008;;@
13/11/2008;;@
14/11/2008;;@
15/11/2008;;@
16/11/2008;;@
17/11/2008;;@
18/11/2008;;@
19/11/2008;;@
20/11/2008;;@
21/11/2008;;@
22/11/2008;;@
23/11/2008;;@
24/11/2008;;@
25/11/2008;;@
26/11/2008;;@
27/11/2008;;@
28/11/2008;;@
29/11/2008;;@
30/11/2008;;@
01/12/2008;;@
02/12/2008;;@
03/12/2008;;@
04/12/2008;;@
05/12/2008;;@
06/12/2008;;@
07/12/2008;;@
08/12/2008;;@
09/12/2008;;@
10/12/2008;;@
11/12/2008;;@
12/12/2008;;@
13/12/2008;;@
14/12/2008;;@
15/12/2008;;@
16/12/2008;;@
17/12/2008;;@
18/12/2008;;@
19/12/2008;;@
20/12/2008;;@
21/12/2008;;@
22/12/2008;;@
23/12/2008;;@
24/12/2008;;@
25/12/2008;;@
26/12/2008;;@
27/12/2008;;@
28/12/2008;;@
29/12/2008;;@
30/12/2008;;@
31/12/2008;;@
01/01/2009;1,62;V
02/01/2009;1,63;V
03/01/2009;1,55;V
04/01/2009;1,52;V
05/01/2009;1,50;V
06/01/2009;1,49;V
07/01/2009;1,54;V
08/01/2009;1,60;V
09/01/2009;1,56;V
10/01/2009;1,53;V
11/01/2009;1,50;V
12/01/2009;1,49;V
13/01/2009;1,47;V
14/01/2009;1,51;V
15/01/2009;1,53;V
16/01/2009;1,51;V
17/01/2009;1,50;V
18/01/2009;1,50;V
19/01/2009;1,78;V
20/01/2009;2,86;V
21/01/2009;3,18;V
22/01/2009;2,15;V
23/01/2009;1,93;V
24/01/2009;2,07;V
25/01/2009;2,26;V
26/01/2009;2,02;V
27/01/2009;1,98;V
28/01/2009;1,87;V
29/01/2009;1,79;V
30/01/2009;1,73;V
31/01/2009;1,69;V
01/02/2009;1,67;V
02/02/2009;1,83;V
03/02/2009;2,72;V
04/02/2009;2,26;V
05/02/2009;2,18;V
06/02/2009;2,28;V
07/02/2009;2,53;V
08/02/2009;2,25;V
09/02/2009;2,03;V
10/02/2009;1,99;V
11/02/2009;2,05;V
12/02/2009;1,90;V
13/02/2009;1,81;V
14/02/2009;1,76;V
15/02/2009;1,72;V
16/02/2009;1,68;V
17/02/2009;1,66;V
18/02/2009;1,63;V
19/02/2009;1,61;V
20/02/2009;1,59;V
21/02/2009;1,58;V
22/02/2009;1,57;V
23/02/2009;1,55;V
24/02/2009;1,54;V
25/02/2009;1,52;V
26/02/2009;1,51;V
27/02/2009;1,50;V
28/02/2009;1,49;V
01/03/2009;1,50;V
02/03/2009;1,51;V
03/03/2009;1,50;V
04/03/2009;1,91;V
05/03/2009;2,85;V
06/03/2009;2,33;V
07/03/2009;1,95;V
08/03/2009;1,80;V
09/03/2009;1,72;V
10/03/2009;1,67;V
11/03/2009;1,65;V
12/03/2009;1,61;V
13/03/2009;1,59;V
14/03/2009;1,58;V
15/03/2009;1,56;V
16/03/2009;1,54;V
17/03/2009;1,52;V
18/03/2009;1,52;V
19/03/2009;1,51;V
20/03/2009;1,50;V
21/03/2009;1,48;V
22/03/2009;1,48;V
23/03/2009;1,47;V
24/03/2009;1,48;V
25/03/2009;1,47;V
26/03/2009;1,46;V
27/03/2009;1,45;V
28/03/2009;1,46;V
29/03/2009;2,50;V
30/03/2009;3,01;V
31/03/2009;2,18;V
01/04/2009;2,42;V
02/04/2009;2,40;V
03/04/2009;2,26;V
04/04/2009;2,00;V
05/04/2009;1,87;V
06/04/2009;1,79;V
07/04/2009;1,73;V
08/04/2009;1,68;V
09/04/2009;1,66;V
10/04/2009;1,64;V
11/04/2009;1,63;V
12/04/2009;1,60;V
13/04/2009;1,58;V
14/04/2009;1,56;V
15/04/2009;1,55;V
16/04/2009;1,55;V
17/04/2009;1,65;V
18/04/2009;1,62;V
19/04/2009;1,61;V
20/04/2009;1,63;V
21/04/2009;1,61;V
22/04/2009;1,57;V
23/04/2009;1,57;V
24/04/2009;1,58;V
25/04/2009;1,54;V
26/04/2009;1,55;V
27/04/2009;1,55;V
28/04/2009;1,53;V
29/04/2009;1,59;V
30/04/2009;1,61;V
01/05/2009;1,56;V
02/05/2009;1,53;V
03/05/2009;1,51;V
04/05/2009;1,48;V
05/05/2009;1,47;V
06/05/2009;1,45;V
07/05/2009;1,45;V
08/05/2009;1,43;V
09/05/2009;1,42;V
10/05/2009;1,41;V
11/05/2009;1,40;V
12/05/2009;1,39;V
13/05/2009;1,38;V
14/05/2009;1,38;V
15/05/2009;1,38;V
16/05/2009;1,38;V
17/05/2009;1,37;V
18/05/2009;1,36;V
19/05/2009;1,35;V
20/05/2009;1,36;V
21/05/2009;1,35;V
22/05/2009;1,34;V
23/05/2009;1,34;V
24/05/2009;1,34;V
25/05/2009;1,33;V
26/05/2009;1,32;V
27/05/2009;1,32;V
28/05/2009;1,32;V
29/05/2009;1,32;V
30/05/2009;1,31;V
31/05/2009;1,34;V
01/06/2009;1,36;V
02/06/2009;1,38;V
03/06/2009;1,33;V
04/06/2009;1,31;V
05/06/2009;1,30;V
06/06/2009;1,30;V
07/06/2009;1,33;V
08/06/2009;1,32;V
09/06/2009;1,29;V
10/06/2009;1,29;V
11/06/2009;1,28;V
12/06/2009;1,28;V
13/06/2009;1,27;V
14/06/2009;1,27;V
15/06/2009;1,26;V
16/06/2009;1,24;V
17/06/2009;1,25;V
18/06/2009;1,25;V
19/06/2009;1,25;V
20/06/2009;1,24;V
21/06/2009;1,30;V
22/06/2009;1,26;V
23/06/2009;1,26;V
24/06/2009;1,26;V
25/06/2009;1,26;V
26/06/2009;1,31;V
27/06/2009;1,34;V
28/06/2009;1,31;V
29/06/2009;1,27;V
30/06/2009;1,25;V
01/07/2009;1,25;V
02/07/2009;1,23;V
03/07/2009;1,25;V
04/07/2009;1,25;V
05/07/2009;1,24;V
06/07/2009;1,31;V
07/07/2009;1,30;V
08/07/2009;1,24;V
09/07/2009;1,23;V
10/07/2009;1,22;V
11/07/2009;1,22;V
12/07/2009;1,24;V
13/07/2009;1,25;V
14/07/2009;1,22;V
15/07/2009;1,21;V
16/07/2009;1,21;V
17/07/2009;1,21;V
18/07/2009;1,19;V
19/07/2009;1,19;V
20/07/2009;1,19;V
21/07/2009;1,19;V
22/07/2009;1,19;V
23/07/2009;1,19;V
24/07/2009;1,19;V
25/07/2009;1,19;V
26/07/2009;1,17;V
27/07/2009;1,16;V
28/07/2009;1,16;V
29/07/2009;1,16;V
30/07/2009;1,16;V
31/07/2009;1,16;V
01/08/2009;1,17;V
02/08/2009;1,18;V
03/08/2009;1,18;V
04/08/2009;1,19;V
05/08/2009;1,19;V
06/08/2009;1,20;V
07/08/2009;1,20;V
08/08/2009;1,21;V
09/08/2009;1,24;V
10/08/2009;1,19;V
11/08/2009;1,20;V
12/08/2009;1,19;V
13/08/2009;1,19;V
14/08/2009;1,21;V
15/08/2009;1,19;V
16/08/2009;1,19;V
17/08/2009;1,19;V
18/08/2009;1,19;V
19/08/2009;1,21;V
20/08/2009;1,19;V
21/08/2009;1,18;V
22/08/2009;1,20;V
23/08/2009;1,21;V
24/08/2009;1,20;V
25/08/2009;1,21;V
26/08/2009;1,21;V
27/08/2009;1,21;V
28/08/2009;1,21;V
29/08/2009;1,20;V
30/08/2009;1,19;V
31/08/2009;1,20;V
01/09/2009;1,19;V
02/09/2009;1,19;V
03/09/2009;1,21;V
04/09/2009;1,21;V
05/09/2009;1,18;V
06/09/2009;1,16;V
07/09/2009;1,16;V
08/09/2009;1,16;V
09/09/2009;1,16;V
10/09/2009;1,17;V
11/09/2009;1,17;V
12/09/2009;1,17;V
13/09/2009;1,16;V
14/09/2009;1,21;V
15/09/2009;1,36;V
16/09/2009;1,37;V
17/09/2009;1,47;V
18/09/2009;1,38;V
19/09/2009;1,29;V
20/09/2009;1,27;V
21/09/2009;1,34;V
22/09/2009;1,33;V
23/09/2009;1,27;V
24/09/2009;1,25;V
25/09/2009;1,23;V
26/09/2009;1,23;V
27/09/2009;1,22;V
28/09/2009;1,22;V
29/09/2009;1,22;V
30/09/2009;1,22;V
01/10/2009;1,23;V
02/10/2009;1,22;V
03/10/2009;1,22;V
04/10/2009;1,23;V
05/10/2009;1,24;V
06/10/2009;1,22;V
07/10/2009;1,22;V
08/10/2009;1,22;V
09/10/2009;1,23;V
10/10/2009;1,26;V
11/10/2009;1,25;V
12/10/2009;1,28;V
13/10/2009;1,29;V
14/10/2009;1,25;V
15/10/2009;1,24;V
16/10/2009;1,22;V
17/10/2009;1,22;V
18/10/2009;1,22;V
19/10/2009;1,22;V
20/10/2009;1,22;V
21/10/2009;1,23;V
22/10/2009;1,27;V
23/10/2009;1,37;V
24/10/2009;1,33;V
25/10/2009;1,34;V
26/10/2009;1,29;V
27/10/2009;1,25;V
28/10/2009;1,25;V
29/10/2009;1,24;V
30/10/2009;1,23;V
31/10/2009;1,23;V
01/11/2009;1,23;V
02/11/2009;1,25;V
03/11/2009;1,37;V
04/11/2009;1,41;V
05/11/2009;1,59;V
06/11/2009;1,50;V
07/11/2009;1,42;V
08/11/2009;1,53;V
09/11/2009;1,78;V
10/11/2009;1,51;V
11/11/2009;1,42;V
12/11/2009;1,37;V
13/11/2009;1,34;V
14/11/2009;1,33;V
15/11/2009;1,32;V
16/11/2009;1,31;V
17/11/2009;1,30;V
18/11/2009;1,29;V
19/11/2009;1,29;V
20/11/2009;1,27;V
21/11/2009;1,27;V
22/11/2009;1,27;V
23/11/2009;1,27;V
24/11/2009;1,27;V
25/11/2009;1,26;V
26/11/2009;1,26;V
27/11/2009;1,27;V
28/11/2009;1,30;V
29/11/2009;1,30;V
30/11/2009;1,39;V
01/12/2009;2,07;V
02/12/2009;1,62;V
03/12/2009;1,49;V
04/12/2009;1,70;V
05/12/2009;1,73;V
06/12/2009;1,59;V
07/12/2009;1,52;V
08/12/2009;1,86;V
09/12/2009;1,86;V
10/12/2009;1,61;V
11/12/2009;1,53;V
12/12/2009;1,48;V
13/12/2009;1,44;V
14/12/2009;1,42;V
15/12/2009;1,39;V
16/12/2009;1,39;V
17/12/2009;1,40;V
18/12/2009;1,38;V
19/12/2009;1,39;V
20/12/2009;1,37;V
21/12/2009;1,37;V
22/12/2009;2,43;V
23/12/2009;4,04;V
24/12/2009;3,08;V
25/12/2009;4,33;V
26/12/2009;2,45;V
27/12/2009;2,05;V
28/12/2009;1,90;V
29/12/2009;1,91;V
30/12/2009;2,42;V
31/12/2009;2,38;V
01/01/2010;3,38;V
02/01/2010;2,50;V
03/01/2010;2,09;V
04/01/2010;1,95;V
05/01/2010;1,96;V
06/01/2010;2,11;V
07/01/2010;2,24;V
08/01/2010;2,34;V
09/01/2010;2,57;V
10/01/2010;2,51;V
11/01/2010;2,11;V
12/01/2010;1,96;V
13/01/2010;1,87;V
14/01/2010;1,80;V
15/01/2010;1,74;V
16/01/2010;1,70;V
17/01/2010;1,68;V
18/01/2010;1,65;V
19/01/2010;1,63;V
20/01/2010;1,61;V
21/01/2010;1,59;V
22/01/2010;1,57;V
23/01/2010;1,56;V
24/01/2010;1,55;V
25/01/2010;1,53;V
26/01/2010;1,51;V
27/01/2010;1,50;V
28/01/2010;1,51;V
29/01/2010;1,51;V
30/01/2010;1,58;V
31/01/2010;1,53;V
01/02/2010;1,50;V
02/02/2010;1,48;V
03/02/2010;1,49;V
04/02/2010;1,48;V
05/02/2010;1,64;V
06/02/2010;2,15;V
07/02/2010;1,88;V
08/02/2010;1,75;V
09/02/2010;1,67;V
10/02/2010;1,63;V
11/02/2010;1,62;V
12/02/2010;1,60;V
13/02/2010;1,57;V
14/02/2010;1,55;V
15/02/2010;1,53;V
16/02/2010;1,52;V
17/02/2010;1,52;V
18/02/2010;1,98;V
19/02/2010;2,35;V
20/02/2010;2,80;V
21/02/2010;2,11;V
22/02/2010;1,96;V
23/02/2010;2,49;V
24/02/2010;2,21;V
25/02/2010;1,99;V
26/02/2010;2,11;V
27/02/2010;2,06;V
28/02/2010;1,91;V
01/03/2010;1,83;V
02/03/2010;1,76;V
03/03/2010;1,73;V
04/03/2010;2,36;V
05/03/2010;2,04;V
06/03/2010;1,89;V
07/03/2010;1,81;V
08/03/2010;1,75;V
09/03/2010;1,72;V
10/03/2010;1,69;V
11/03/2010;1,67;V
12/03/2010;1,65;V
13/03/2010;1,63;V
14/03/2010;1,63;V
15/03/2010;1,63;V
16/03/2010;1,62;V
17/03/2010;1,60;V
18/03/2010;1,59;V
19/03/2010;1,58;V
20/03/2010;1,57;V
21/03/2010;1,58;V
22/03/2010;1,61;V
23/03/2010;1,59;V
24/03/2010;1,56;V
25/03/2010;1,54;V
26/03/2010;1,53;V
27/03/2010;1,52;V
28/03/2010;1,51;V
29/03/2010;1,49;V
30/03/2010;1,49;V
31/03/2010;1,54;V
01/04/2010;1,55;V
02/04/2010;1,55;V
03/04/2010;1,54;V
04/04/2010;1,57;V
05/04/2010;2,37;V
06/04/2010;1,98;V
07/04/2010;1,79;V
08/04/2010;1,70;V
09/04/2010;1,64;V
10/04/2010;1,61;V
11/04/2010;1,63;V
12/04/2010;1,59;V
13/04/2010;1,56;V
14/04/2010;1,54;V
15/04/2010;1,52;V
16/04/2010;1,51;V
17/04/2010;1,52;V
18/04/2010;1,50;V
19/04/2010;1,49;V
20/04/2010;1,47;V
21/04/2010;1,47;V
22/04/2010;1,46;V
23/04/2010;1,49;V
24/04/2010;1,62;V
25/04/2010;1,55;V
26/04/2010;1,50;V
27/04/2010;1,48;V
28/04/2010;1,46;V
29/04/2010;1,44;V
30/04/2010;1,43;V
01/05/2010;1,43;V
02/05/2010;1,48;V
03/05/2010;1,98;V
04/05/2010;2,02;V
05/05/2010;2,48;V
06/05/2010;2,17;V
07/05/2010;2,02;V
08/05/2010;1,87;V
09/05/2010;1,76;V
10/05/2010;1,72;V
11/05/2010;1,88;V
12/05/2010;2,18;V
13/05/2010;2,03;V
14/05/2010;1,89;V
15/05/2010;1,91;V
16/05/2010;2,02;V
17/05/2010;1,85;V
18/05/2010;1,75;V
19/05/2010;1,70;V
20/05/2010;1,66;V
21/05/2010;1,62;V
22/05/2010;1,59;V
23/05/2010;1,57;V
24/05/2010;1,55;V
25/05/2010;1,53;V
26/05/2010;1,51;V
27/05/2010;1,50;V
28/05/2010;1,49;V
29/05/2010;1,48;V
30/05/2010;1,47;V
31/05/2010;1,46;V
01/06/2010;1,43;V
02/06/2010;1,45;V
03/06/2010;1,46;V
04/06/2010;1,42;V
05/06/2010;1,41;V
06/06/2010;1,40;V
07/06/2010;1,39;V
08/06/2010;1,38;V
09/06/2010;1,37;V
10/06/2010;1,36;V
11/06/2010;1,36;V
12/06/2010;1,35;V
13/06/2010;1,36;V
14/06/2010;1,35;V
15/06/2010;1,36;V
16/06/2010;1,69;V
17/06/2010;1,59;V
18/06/2010;1,55;V
19/06/2010;1,57;V
20/06/2010;1,78;V
21/06/2010;1,67;V
22/06/2010;1,54;V
23/06/2010;1,47;V
24/06/2010;1,43;V
25/06/2010;1,40;V
26/06/2010;1,39;V
27/06/2010;1,39;V
28/06/2010;1,37;V
29/06/2010;1,35;V
30/06/2010;1,35;V
01/07/2010;1,34;V
02/07/2010;1,33;V
03/07/2010;1,33;V
04/07/2010;1,33;V
05/07/2010;1,33;V
06/07/2010;1,32;V
07/07/2010;1,32;V
08/07/2010;1,30;V
09/07/2010;1,30;V
10/07/2010;1,30;V
11/07/2010;1,30;V
12/07/2010;1,29;V
13/07/2010;1,29;V
14/07/2010;1,28;V
15/07/2010;1,28;V
16/07/2010;1,28;V
17/07/2010;1,27;V
18/07/2010;1,28;V
19/07/2010;1,26;V
20/07/2010;1,25;V
21/07/2010;1,26;V
22/07/2010;1,25;V
23/07/2010;1,26;V
24/07/2010;1,24;V
25/07/2010;1,25;V
26/07/2010;1,26;V
27/07/2010;1,26;V
28/07/2010;1,29;V
29/07/2010;1,37;V
30/07/2010;1,42;V
31/07/2010;1,30;V
01/08/2010;1,26;V
02/08/2010;1,25;V
03/08/2010;1,25;V
04/08/2010;1,26;V
05/08/2010;1,39;V
06/08/2010;1,41;V
07/08/2010;1,30;V
08/08/2010;1,27;V
09/08/2010;1,26;V
10/08/2010;1,26;V
11/08/2010;1,25;V
12/08/2010;1,25;V
13/08/2010;1,28;V
14/08/2010;1,41;V
15/08/2010;1,53;V
16/08/2010;1,35;V
17/08/2010;1,30;V
18/08/2010;1,28;V
19/08/2010;1,27;V
20/08/2010;1,26;V
21/08/2010;1,26;V
22/08/2010;1,25;V
23/08/2010;1,25;V
24/08/2010;1,24;V
25/08/2010;1,23;V
26/08/2010;1,24;V
27/08/2010;1,24;V
28/08/2010;1,24;V
29/08/2010;1,24;V
30/08/2010;1,24;V
31/08/2010;1,25;V
01/09/2010;1,23;V
02/09/2010;1,22;V
03/09/2010;1,22;V
04/09/2010;1,22;V
05/09/2010;1,22;V
06/09/2010;1,22;V
07/09/2010;1,22;V
08/09/2010;1,35;V
09/09/2010;1,36;V
10/09/2010;1,27;V
11/09/2010;1,25;V
12/09/2010;1,23;V
13/09/2010;1,23;V
14/09/2010;1,28;V
15/09/2010;1,25;V
16/09/2010;1,25;V
17/09/2010;1,24;V
18/09/2010;1,25;V
19/09/2010;1,49;V
20/09/2010;1,35;V
21/09/2010;1,28;V
22/09/2010;1,26;V
23/09/2010;1,25;V
24/09/2010;1,26;V
25/09/2010;1,30;V
26/09/2010;1,32;V
27/09/2010;1,29;V
28/09/2010;1,28;V
29/09/2010;1,27;V
30/09/2010;1,27;V
01/10/2010;1,27;V
02/10/2010;1,26;V
03/10/2010;1,26;V
04/10/2010;1,26;V
05/10/2010;1,99;V
06/10/2010;1,49;V
07/10/2010;1,37;V
08/10/2010;1,32;V
09/10/2010;1,30;V
10/10/2010;1,27;V
11/10/2010;1,26;V
12/10/2010;1,25;V
13/10/2010;1,26;V
14/10/2010;1,26;V
15/10/2010;1,26;V
16/10/2010;1,27;V
17/10/2010;1,43;V
18/10/2010;1,34;V
19/10/2010;1,29;V
20/10/2010;1,30;V
21/10/2010;1,28;V
22/10/2010;1,27;V
23/10/2010;1,27;V
24/10/2010;1,27;V
25/10/2010;1,60;V
26/10/2010;1,67;V
27/10/2010;1,48;V
28/10/2010;1,39;V
29/10/2010;1,36;V
30/10/2010;1,34;V
31/10/2010;1,83;V
01/11/2010;2,82;V
02/11/2010;2,24;V
03/11/2010;1,82;V
04/11/2010;1,69;V
05/11/2010;1,57;V
06/11/2010;1,52;V
07/11/2010;1,51;V
08/11/2010;2,31;V
09/11/2010;2,55;V
10/11/2010;2,66;V
11/11/2010;2,52;V
12/11/2010;2,11;V
13/11/2010;1,98;V
14/11/2010;1,83;V
15/11/2010;1,74;V
16/11/2010;1,91;V
17/11/2010;1,89;V
18/11/2010;1,79;V
19/11/2010;1,92;V
20/11/2010;1,84;V
21/11/2010;2,02;V
22/11/2010;2,58;V
23/11/2010;2,16;V
24/11/2010;1,93;V
25/11/2010;1,80;V
26/11/2010;2,03;V
27/11/2010;1,96;V
28/11/2010;2,05;V
29/11/2010;2,27;V
30/11/2010;2,04;V
01/12/2010;2,84;V
02/12/2010;2,80;V
03/12/2010;2,53;V
04/12/2010;2,24;V
05/12/2010;2,06;V
06/12/2010;2,25;V
07/12/2010;3,44;V
08/12/2010;2,60;V
09/12/2010;2,48;V
10/12/2010;2,15;V
11/12/2010;2,00;V
12/12/2010;1,92;V
13/12/2010;1,83;V
14/12/2010;1,77;V
15/12/2010;1,75;V
16/12/2010;;@
17/12/2010;;@
18/12/2010;;@
19/12/2010;;@
20/12/2010;;@
21/12/2010;1,71;@
22/12/2010;3,30;V
23/12/2010;2,79;V
24/12/2010;3,35;V
25/12/2010;2,66;V
26/12/2010;2,22;V
27/12/2010;2,04;V
28/12/2010;1,94;V
29/12/2010;1,87;V
30/12/2010;1,82;V
31/12/2010;1,80;V
01/01/2011;1,74;V
02/01/2011;1,71;V
03/01/2011;1,68;V
04/01/2011;1,66;V
05/01/2011;1,64;V
06/01/2011;1,65;V
07/01/2011;1,94;V
08/01/2011;2,05;V
09/01/2011;1,86;V
10/01/2011;1,76;V
11/01/2011;1,88;V
12/01/2011;1,87;V
13/01/2011;1,79;V
14/01/2011;1,74;V
15/01/2011;1,69;V
16/01/2011;1,66;V
17/01/2011;1,64;V
18/01/2011;1,62;V
19/01/2011;1,61;V
20/01/2011;1,58;V
21/01/2011;1,57;V
22/01/2011;1,55;V
23/01/2011;1,54;V
24/01/2011;1,53;V
25/01/2011;1,54;V
26/01/2011;1,53;V
27/01/2011;1,51;V
28/01/2011;1,49;V
29/01/2011;1,48;V
30/01/2011;1,73;V
31/01/2011;1,66;V
01/02/2011;1,58;V
02/02/2011;1,56;V
03/02/2011;1,54;V
04/02/2011;1,54;V
05/02/2011;1,53;V
06/02/2011;1,53;V
07/02/2011;1,54;V
08/02/2011;1,55;V
09/02/2011;1,53;V
10/02/2011;1,51;V
11/02/2011;1,50;V
12/02/2011;1,49;V
13/02/2011;1,51;V
14/02/2011;1,58;V
15/02/2011;1,55;V
16/02/2011;2,02;V
17/02/2011;2,56;V
18/02/2011;2,48;V
19/02/2011;2,01;V
20/02/2011;1,85;V
21/02/2011;1,85;V
22/02/2011;1,77;V
23/02/2011;1,71;V
24/02/2011;1,67;V
25/02/2011;1,64;V
26/02/2011;1,61;V
27/02/2011;1,63;V
28/02/2011;1,61;V
01/03/2011;1,58;V
02/03/2011;1,56;V
03/03/2011;1,55;V
04/03/2011;1,55;V
05/03/2011;1,54;V
06/03/2011;1,55;V
07/03/2011;1,53;V
08/03/2011;1,52;V
09/03/2011;1,51;V
10/03/2011;1,50;V
11/03/2011;1,49;V
12/03/2011;1,49;V
13/03/2011;1,53;V
14/03/2011;2,54;V
15/03/2011;2,30;V
16/03/2011;3,02;V
17/03/2011;2,70;V
18/03/2011;2,43;V
19/03/2011;2,07;V
20/03/2011;1,91;V
21/03/2011;1,81;V
22/03/2011;1,75;V
23/03/2011;1,70;V
24/03/2011;1,66;V
25/03/2011;1,64;V
26/03/2011;1,62;V
27/03/2011;1,60;V
28/03/2011;2,19;V
29/03/2011;2,05;V
30/03/2011;1,82;V
31/03/2011;1,73;V
01/04/2011;1,68;V
02/04/2011;1,65;V
03/04/2011;1,63;V
04/04/2011;1,60;V
05/04/2011;1,57;V
06/04/2011;1,55;V
07/04/2011;1,54;V
08/04/2011;1,53;V
09/04/2011;1,52;V
10/04/2011;1,51;V
11/04/2011;1,47;V
12/04/2011;1,47;V
13/04/2011;1,46;V
14/04/2011;1,46;V
15/04/2011;1,46;V
16/04/2011;1,44;V
17/04/2011;1,43;V
18/04/2011;1,41;V
19/04/2011;1,40;V
20/04/2011;1,40;V
21/04/2011;1,39;V
22/04/2011;1,39;V
23/04/2011;1,39;V
24/04/2011;1,39;V
25/04/2011;1,38;V
26/04/2011;1,36;V
27/04/2011;1,36;V
28/04/2011;1,35;V
29/04/2011;1,36;V
30/04/2011;1,36;V
01/05/2011;1,35;V
02/05/2011;1,34;V
03/05/2011;1,34;V
04/05/2011;1,33;V
05/05/2011;1,31;V
06/05/2011;1,31;V
07/05/2011;1,30;V
08/05/2011;1,30;V
09/05/2011;1,28;V
10/05/2011;1,28;V
11/05/2011;1,28;V
12/05/2011;1,29;V
13/05/2011;1,29;V
14/05/2011;1,27;V
15/05/2011;1,28;V
16/05/2011;1,28;V
17/05/2011;1,27;V
18/05/2011;1,28;V
19/05/2011;1,27;V
20/05/2011;1,26;V
21/05/2011;1,25;V
22/05/2011;1,25;V
23/05/2011;1,25;V
24/05/2011;1,24;V
25/05/2011;1,24;V
26/05/2011;1,23;V
27/05/2011;1,22;V
28/05/2011;1,22;V
29/05/2011;1,22;V
30/05/2011;1,22;V
31/05/2011;1,21;V
01/06/2011;1,22;V
02/06/2011;1,23;V
03/06/2011;1,23;V
04/06/2011;1,21;V
05/06/2011;1,28;V
06/06/2011;1,44;V
07/06/2011;1,49;V
08/06/2011;1,50;V
09/06/2011;1,42;V
10/06/2011;1,37;V
11/06/2011;1,31;V
12/06/2011;1,27;V
13/06/2011;1,26;V
14/06/2011;1,25;V
15/06/2011;1,23;V
16/06/2011;1,22;V
17/06/2011;1,21;V
18/06/2011;1,22;V
19/06/2011;1,22;V
20/06/2011;1,21;V
21/06/2011;1,20;V
22/06/2011;1,19;V
23/06/2011;1,20;V
24/06/2011;1,19;V
25/06/2011;1,20;V
26/06/2011;1,19;V
27/06/2011;1,19;V
28/06/2011;1,19;V
29/06/2011;1,19;V
30/06/2011;1,19;V
01/07/2011;1,33;V
02/07/2011;1,27;V
03/07/2011;1,21;V
04/07/2011;1,20;V
05/07/2011;1,19;V
06/07/2011;1,18;V
07/07/2011;1,17;V
08/07/2011;1,16;V
09/07/2011;1,16;V
10/07/2011;1,16;V
11/07/2011;1,15;V
12/07/2011;1,14;V
13/07/2011;1,13;V
14/07/2011;1,14;V
15/07/2011;1,13;V
16/07/2011;1,12;V
17/07/2011;1,12;V
18/07/2011;1,18;V
19/07/2011;1,14;V
20/07/2011;1,20;V
21/07/2011;1,20;V
22/07/2011;1,16;V
23/07/2011;1,15;V
24/07/2011;1,15;V
25/07/2011;1,16;V
26/07/2011;1,15;V
27/07/2011;1,18;V
28/07/2011;1,18;V
29/07/2011;1,16;V
30/07/2011;1,17;V
31/07/2011;1,18;V
01/08/2011;1,16;V
02/08/2011;1,15;V
03/08/2011;1,14;V
04/08/2011;1,15;V
05/08/2011;1,15;V
06/08/2011;1,14;V
07/08/2011;1,14;V
08/08/2011;1,16;V
09/08/2011;1,17;V
10/08/2011;1,17;V
11/08/2011;1,15;V
12/08/2011;1,14;V
13/08/2011;1,14;V
14/08/2011;1,14;V
15/08/2011;1,15;V
16/08/2011;1,14;V
17/08/2011;1,15;V
18/08/2011;1,15;V
19/08/2011;1,15;V
20/08/2011;1,15;V
21/08/2011;1,15;V
22/08/2011;1,14;V
23/08/2011;1,14;V
24/08/2011;1,17;V
25/08/2011;1,17;V
26/08/2011;1,18;V
27/08/2011;1,18;V
28/08/2011;1,19;V
29/08/2011;1,19;V
30/08/2011;1,18;V
31/08/2011;1,19;V
01/09/2011;1,18;V
02/09/2011;1,18;V
03/09/2011;1,20;V
04/09/2011;1,24;V
05/09/2011;1,35;V
06/09/2011;1,29;V
07/09/2011;1,25;V
08/09/2011;1,23;V
09/09/2011;1,22;V
10/09/2011;1,22;V
11/09/2011;1,22;V
12/09/2011;1,22;V
13/09/2011;1,21;V
14/09/2011;1,20;V
15/09/2011;1,20;V
16/09/2011;1,21;V
17/09/2011;1,22;V
18/09/2011;1,23;V
19/09/2011;1,31;V
20/09/2011;1,28;V
21/09/2011;1,26;V
22/09/2011;1,24;V
23/09/2011;1,24;V
24/09/2011;1,23;V
25/09/2011;1,28;V
26/09/2011;1,28;V
27/09/2011;1,24;V
28/09/2011;1,23;V
29/09/2011;1,22;V
30/09/2011;1,22;V
01/10/2011;1,22;V
02/10/2011;1,21;V
03/10/2011;1,21;V
04/10/2011;1,21;V
05/10/2011;1,22;V
06/10/2011;1,23;V
07/10/2011;1,29;V
08/10/2011;1,30;V
09/10/2011;1,26;V
10/10/2011;1,25;V
11/10/2011;1,24;V
12/10/2011;1,24;V
13/10/2011;1,24;V
14/10/2011;1,23;V
15/10/2011;1,23;V
16/10/2011;1,23;V
17/10/2011;1,23;V
18/10/2011;1,24;V
19/10/2011;1,25;V
20/10/2011;1,35;V
21/10/2011;1,31;V
22/10/2011;1,28;V
23/10/2011;1,27;V
24/10/2011;1,26;V
25/10/2011;1,29;V
26/10/2011;1,95;V
27/10/2011;1,50;V
28/10/2011;1,38;V
29/10/2011;1,34;V
30/10/2011;1,32;V
31/10/2011;1,31;V
01/11/2011;1,31;V
02/11/2011;1,30;V
03/11/2011;1,30;V
04/11/2011;1,31;V
05/11/2011;1,31;V
06/11/2011;1,33;V
07/11/2011;1,35;V
08/11/2011;1,58;V
09/11/2011;1,47;V
10/11/2011;1,38;V
11/11/2011;1,35;V
12/11/2011;1,33;V
13/11/2011;1,31;V
14/11/2011;1,30;V
15/11/2011;1,30;V
16/11/2011;1,30;V
17/11/2011;1,30;V
18/11/2011;1,31;V
19/11/2011;1,33;V
20/11/2011;1,32;V
21/11/2011;1,32;V
22/11/2011;1,30;V
23/11/2011;1,30;V
24/11/2011;1,31;V
25/11/2011;1,31;V
26/11/2011;1,31;V
27/11/2011;1,30;V
28/11/2011;1,31;V
29/11/2011;1,30;V
30/11/2011;1,30;V
01/12/2011;1,31;V
02/12/2011;1,35;V
03/12/2011;1,33;V
04/12/2011;1,34;V
05/12/2011;1,58;V
06/12/2011;1,70;V
07/12/2011;1,45;V
08/12/2011;1,38;V
09/12/2011;1,36;V
10/12/2011;1,35;V
11/12/2011;1,38;V
12/12/2011;1,75;V
13/12/2011;1,96;V
14/12/2011;1,64;V
15/12/2011;1,67;V
16/12/2011;1,64;V
17/12/2011;2,48;V
18/12/2011;1,78;V
19/12/2011;1,60;V
20/12/2011;1,51;V
21/12/2011;1,47;V
22/12/2011;1,43;V
23/12/2011;1,40;V
24/12/2011;1,40;V
25/12/2011;1,39;V
26/12/2011;1,37;V
27/12/2011;1,36;V
28/12/2011;1,35;V
29/12/2011;1,35;V
30/12/2011;1,34;V
31/12/2011;1,34;V
01/01/2012;1,33;V
02/01/2012;1,33;V
03/01/2012;1,55;V
04/01/2012;1,51;V
05/01/2012;1,45;V
06/01/2012;1,42;V
07/01/2012;1,40;V
08/01/2012;1,38;V
09/01/2012;1,37;V
10/01/2012;1,35;V
11/01/2012;1,34;V
12/01/2012;1,34;V
13/01/2012;1,35;V
14/01/2012;1,32;V
15/01/2012;1,32;V
16/01/2012;1,31;V
17/01/2012;1,30;V
18/01/2012;1,30;V
19/01/2012;1,31;V
20/01/2012;1,31;V
21/01/2012;1,31;V
22/01/2012;1,30;V
23/01/2012;1,29;V
24/01/2012;1,28;V
25/01/2012;1,28;V
26/01/2012;1,27;V
27/01/2012;1,27;V
28/01/2012;1,27;V
29/01/2012;1,26;V
30/01/2012;1,26;V
31/01/2012;1,25;V
01/02/2012;1,27;V
02/02/2012;1,27;V
03/02/2012;1,26;V
04/02/2012;1,33;V
05/02/2012;1,26;V
06/02/2012;1,26;V
07/02/2012;1,27;V
08/02/2012;1,26;V
09/02/2012;1,26;V
10/02/2012;1,26;V
11/02/2012;1,28;V
12/02/2012;1,27;V
13/02/2012;1,31;V
14/02/2012;1,26;V
15/02/2012;1,26;V
16/02/2012;1,25;V
17/02/2012;1,27;V
18/02/2012;1,28;V
19/02/2012;1,33;V
20/02/2012;1,46;V
21/02/2012;1,46;V
22/02/2012;1,38;V
23/02/2012;1,35;V
24/02/2012;1,36;V
25/02/2012;1,38;V
26/02/2012;1,38;V
27/02/2012;1,38;V
28/02/2012;1,35;V
29/02/2012;1,33;V
01/03/2012;1,32;V
02/03/2012;1,33;V
03/03/2012;1,32;V
04/03/2012;1,31;V
05/03/2012;1,31;V
06/03/2012;1,41;V
07/03/2012;1,45;V
08/03/2012;1,38;V
09/03/2012;1,34;V
10/03/2012;1,32;V
11/03/2012;1,31;V
12/03/2012;1,31;V
13/03/2012;1,30;V
14/03/2012;1,30;V
15/03/2012;1,30;V
16/03/2012;1,30;V
17/03/2012;1,29;V
18/03/2012;1,30;V
19/03/2012;1,30;V
20/03/2012;1,28;V
21/03/2012;1,28;V
22/03/2012;1,27;V
23/03/2012;1,27;V
24/03/2012;1,27;V
25/03/2012;1,27;V
26/03/2012;1,27;V
27/03/2012;1,26;V
28/03/2012;1,26;V
29/03/2012;1,26;V
30/03/2012;1,27;V
31/03/2012;1,26;V
01/04/2012;1,27;V
02/04/2012;1,27;V
03/04/2012;1,27;V
04/04/2012;1,28;V
05/04/2012;1,28;V
06/04/2012;1,27;V
07/04/2012;1,28;V
08/04/2012;1,35;V
09/04/2012;1,44;V
10/04/2012;1,36;V
11/04/2012;1,84;V
12/04/2012;1,92;V
13/04/2012;1,60;V
14/04/2012;1,52;V
15/04/2012;1,63;V
16/04/2012;1,59;V
17/04/2012;1,51;V
18/04/2012;1,49;V
19/04/2012;1,54;V
20/04/2012;1,91;V
21/04/2012;2,51;V
22/04/2012;2,00;V
23/04/2012;1,77;V
24/04/2012;1,88;V
25/04/2012;1,90;V
26/04/2012;1,72;V
27/04/2012;1,62;V
28/04/2012;1,56;V
29/04/2012;1,52;V
30/04/2012;1,50;V
01/05/2012;1,51;V
02/05/2012;1,49;V
03/05/2012;1,45;V
04/05/2012;1,43;V
05/05/2012;1,42;V
06/05/2012;1,46;V
07/05/2012;1,95;V
08/05/2012;1,74;V
09/05/2012;1,60;V
10/05/2012;1,53;V
11/05/2012;1,48;V
12/05/2012;1,45;V
13/05/2012;1,45;V
14/05/2012;1,43;V
15/05/2012;1,41;V
16/05/2012;1,39;V
17/05/2012;1,38;V
18/05/2012;1,36;V
19/05/2012;1,36;V
20/05/2012;1,39;V
21/05/2012;2,02;V
22/05/2012;1,90;V
23/05/2012;1,64;V
24/05/2012;1,54;V
25/05/2012;1,49;V
26/05/2012;1,45;V
27/05/2012;1,43;V
28/05/2012;1,43;V
29/05/2012;1,41;V
30/05/2012;1,39;V
31/05/2012;1,39;V
01/06/2012;1,38;V
02/06/2012;1,38;V
03/06/2012;1,37;V
04/06/2012;1,41;V
05/06/2012;1,39;V
06/06/2012;1,35;V
07/06/2012;1,35;V
08/06/2012;1,34;V
09/06/2012;1,35;V
10/06/2012;1,34;V
11/06/2012;1,42;V
12/06/2012;1,39;V
13/06/2012;1,35;V
14/06/2012;1,33;V
15/06/2012;1,31;V
16/06/2012;1,31;V
17/06/2012;1,30;V
18/06/2012;1,29;V
19/06/2012;1,29;V
20/06/2012;1,28;V
21/06/2012;1,29;V
22/06/2012;1,29;V
23/06/2012;1,28;V
24/06/2012;1,28;V
25/06/2012;1,28;V
26/06/2012;1,27;V
27/06/2012;1,26;V
28/06/2012;1,26;V
29/06/2012;1,26;V
30/06/2012;1,26;V
01/07/2012;1,26;V
02/07/2012;1,27;V
03/07/2012;1,26;V
04/07/2012;1,25;V
05/07/2012;1,25;V
06/07/2012;1,25;V
07/07/2012;1,25;V
08/07/2012;1,25;V
09/07/2012;1,25;V
10/07/2012;1,24;V
11/07/2012;1,24;V
12/07/2012;1,23;V
13/07/2012;1,23;V
14/07/2012;1,24;V
15/07/2012;1,24;V
16/07/2012;1,23;V
17/07/2012;1,22;V
18/07/2012;1,22;V
19/07/2012;1,22;V
20/07/2012;1,21;V
21/07/2012;1,22;V
22/07/2012;1,21;V
23/07/2012;1,21;V
24/07/2012;1,21;V
25/07/2012;1,22;V
26/07/2012;1,22;V
27/07/2012;1,21;V
28/07/2012;1,20;V
29/07/2012;1,21;V
30/07/2012;1,21;V
31/07/2012;1,20;V
01/08/2012;1,20;V
02/08/2012;1,20;V
03/08/2012;1,21;V
04/08/2012;1,21;V
05/08/2012;1,21;V
06/08/2012;1,21;V
07/08/2012;1,21;V
08/08/2012;1,21;V
09/08/2012;1,22;V
10/08/2012;1,21;V
11/08/2012;1,21;V
12/08/2012;1,21;V
13/08/2012;1,20;V
14/08/2012;1,20;V
15/08/2012;1,21;V
16/08/2012;1,22;V
17/08/2012;1,22;V
18/08/2012;1,21;V
19/08/2012;1,21;V
20/08/2012;1,20;V
21/08/2012;1,20;V
22/08/2012;1,19;V
23/08/2012;1,18;V
24/08/2012;1,19;V
25/08/2012;1,20;V
26/08/2012;1,27;V
27/08/2012;1,25;V
28/08/2012;1,22;V
29/08/2012;1,22;V
30/08/2012;1,21;V
31/08/2012;1,24;V
01/09/2012;1,30;V
02/09/2012;1,28;V
03/09/2012;1,35;V
04/09/2012;1,31;V
05/09/2012;1,26;V
06/09/2012;1,24;V
07/09/2012;1,23;V
08/09/2012;1,22;V
09/09/2012;1,22;V
10/09/2012;1,23;V
11/09/2012;1,22;V
12/09/2012;1,21;V
13/09/2012;1,22;V
14/09/2012;1,23;V
15/09/2012;1,24;V
16/09/2012;1,23;V
17/09/2012;1,22;V
18/09/2012;1,22;V
19/09/2012;1,26;V
20/09/2012;1,27;V
21/09/2012;1,23;V
22/09/2012;1,23;V
23/09/2012;1,23;V
24/09/2012;1,23;V
25/09/2012;1,22;V
26/09/2012;1,23;V
27/09/2012;1,25;V
28/09/2012;1,27;V
29/09/2012;1,26;V
30/09/2012;1,35;V
01/10/2012;1,50;V
02/10/2012;1,34;V
03/10/2012;1,29;V
04/10/2012;1,27;V
05/10/2012;1,26;V
06/10/2012;1,26;V
07/10/2012;1,26;V
08/10/2012;1,25;V
09/10/2012;1,29;V
10/10/2012;1,26;V
11/10/2012;1,25;V
12/10/2012;1,27;V
13/10/2012;1,27;V
14/10/2012;1,30;V
15/10/2012;1,30;V
16/10/2012;1,41;V
17/10/2012;1,32;V
18/10/2012;1,28;V
19/10/2012;1,28;V
20/10/2012;1,27;V
21/10/2012;1,27;V
22/10/2012;1,27;V
23/10/2012;1,26;V
24/10/2012;1,26;V
25/10/2012;1,25;V
26/10/2012;1,27;V
27/10/2012;1,82;V
28/10/2012;1,75;V
29/10/2012;1,66;V
30/10/2012;1,50;V
31/10/2012;1,42;V
01/11/2012;2,10;V
02/11/2012;1,70;V
03/11/2012;1,51;V
04/11/2012;1,79;V
05/11/2012;2,77;V
06/11/2012;1,91;V
07/11/2012;1,65;V
08/11/2012;1,55;V
09/11/2012;1,50;V
10/11/2012;1,48;V
11/11/2012;1,88;V
12/11/2012;2,05;V
13/11/2012;1,82;V
14/11/2012;1,65;V
15/11/2012;1,56;V
16/11/2012;1,52;V
17/11/2012;1,49;V
18/11/2012;1,47;V
19/11/2012;1,45;V
20/11/2012;1,43;V
21/11/2012;1,41;V
22/11/2012;1,41;V
23/11/2012;1,40;V
24/11/2012;1,39;V
25/11/2012;1,39;V
26/11/2012;1,39;V
27/11/2012;1,47;V
28/11/2012;2,94;V
29/11/2012;2,37;V
30/11/2012;1,91;V
01/12/2012;1,81;V
02/12/2012;2,09;V
03/12/2012;1,91;V
04/12/2012;2,36;V
05/12/2012;2,30;V
06/12/2012;1,92;V
07/12/2012;1,80;V
08/12/2012;1,82;V
09/12/2012;1,68;V
10/12/2012;1,64;V
11/12/2012;1,62;V
12/12/2012;1,58;V
13/12/2012;1,56;V
14/12/2012;1,61;V
15/12/2012;3,92;V
16/12/2012;2,69;V
17/12/2012;2,31;V
18/12/2012;2,09;V
19/12/2012;1,91;V
20/12/2012;1,80;V
21/12/2012;1,78;V
22/12/2012;1,73;V
23/12/2012;1,70;V
24/12/2012;1,67;V
25/12/2012;1,65;V
26/12/2012;1,71;V
27/12/2012;1,85;V
28/12/2012;1,78;V
29/12/2012;1,71;V
30/12/2012;1,67;V
31/12/2012;1,64;V
01/01/2013;1,62;V
02/01/2013;1,68;V
03/01/2013;1,75;V
04/01/2013;1,67;V
05/01/2013;1,63;V
06/01/2013;1,61;V
07/01/2013;1,58;V
08/01/2013;1,56;V
09/01/2013;1,54;V
10/01/2013;1,54;V
11/01/2013;1,53;V
12/01/2013;1,51;V
13/01/2013;1,54;V
14/01/2013;1,93;V
15/01/2013;2,05;V
16/01/2013;2,14;V
17/01/2013;1,99;V
18/01/2013;1,82;V
19/01/2013;1,77;V
20/01/2013;3,03;V
21/01/2013;3,11;V
22/01/2013;2,41;V
23/01/2013;2,20;V
24/01/2013;2,03;V
25/01/2013;1,89;V
26/01/2013;1,80;V
27/01/2013;1,74;V
28/01/2013;1,73;V
29/01/2013;1,68;V
30/01/2013;1,66;V
31/01/2013;1,65;V
01/02/2013;1,65;V
02/02/2013;1,88;V
03/02/2013;2,12;V
04/02/2013;1,86;V
05/02/2013;1,77;V
06/02/2013;1,76;V
07/02/2013;1,72;V
08/02/2013;1,65;V
09/02/2013;1,61;V
10/02/2013;1,59;V
11/02/2013;1,62;V
12/02/2013;1,67;V
13/02/2013;1,64;V
14/02/2013;1,63;V
15/02/2013;1,63;V
16/02/2013;1,61;V
17/02/2013;1,62;V
18/02/2013;1,61;V
19/02/2013;1,60;V
20/02/2013;1,59;V
21/02/2013;1,65;V
22/02/2013;1,67;V
23/02/2013;1,66;V
24/02/2013;1,86;V
25/02/2013;1,82;V
26/02/2013;1,77;V
27/02/2013;1,76;V
28/02/2013;1,74;V
01/03/2013;1,83;V
02/03/2013;1,86;V
03/03/2013;1,93;V
04/03/2013;1,85;V
05/03/2013;1,82;V
06/03/2013;2,26;V
07/03/2013;2,80;V
08/03/2013;2,77;V
09/03/2013;2,83;V
10/03/2013;2,58;V
11/03/2013;2,39;V
12/03/2013;2,21;V
13/03/2013;2,43;V
14/03/2013;2,32;V
15/03/2013;2,04;V
16/03/2013;1,89;V
17/03/2013;1,82;V
18/03/2013;4,09;V
19/03/2013;2,83;V
20/03/2013;2,24;V
21/03/2013;2,12;V
22/03/2013;1,99;V
23/03/2013;1,90;V
24/03/2013;1,87;V
25/03/2013;1,86;V
26/03/2013;1,82;V
27/03/2013;1,77;V
28/03/2013;1,73;V
29/03/2013;2,31;V
30/03/2013;2,74;V
31/03/2013;2,92;V
01/04/2013;2,20;V
02/04/2013;2,21;V
03/04/2013;2,07;V
04/04/2013;1,93;V
05/04/2013;2,05;V
06/04/2013;2,00;V
07/04/2013;1,88;V
08/04/2013;1,80;V
09/04/2013;1,83;V
10/04/2013;1,77;V
11/04/2013;1,71;V
12/04/2013;1,68;V
13/04/2013;1,63;V
14/04/2013;1,60;V
15/04/2013;1,57;V
16/04/2013;1,55;V
17/04/2013;1,53;V
18/04/2013;1,52;V
19/04/2013;1,50;V
20/04/2013;1,49;V
21/04/2013;1,48;V
22/04/2013;1,48;V
23/04/2013;1,51;V
24/04/2013;1,46;V
25/04/2013;1,44;V
26/04/2013;1,43;V
27/04/2013;1,44;V
28/04/2013;1,83;V
29/04/2013;1,62;V
30/04/2013;1,54;V
01/05/2013;1,49;V
02/05/2013;1,47;V
03/05/2013;1,47;V
04/05/2013;1,44;V
05/05/2013;1,45;V
06/05/2013;1,46;V
07/05/2013;1,43;V
08/05/2013;1,41;V
09/05/2013;1,40;V
10/05/2013;1,39;V
11/05/2013;1,40;V
12/05/2013;1,42;V
13/05/2013;1,40;V
14/05/2013;1,36;V
15/05/2013;1,36;V
16/05/2013;1,92;V
17/05/2013;2,11;V
18/05/2013;1,78;V
19/05/2013;1,64;V
20/05/2013;1,57;V
21/05/2013;1,52;V
22/05/2013;1,48;V
23/05/2013;1,50;V
24/05/2013;1,48;V
25/05/2013;1,83;V
26/05/2013;1,98;V
27/05/2013;1,72;V
28/05/2013;1,62;V
29/05/2013;1,58;V
30/05/2013;1,95;V
31/05/2013;1,96;V
01/06/2013;1,73;V
02/06/2013;1,64;V
03/06/2013;1,60;V
04/06/2013;1,57;V
05/06/2013;1,54;V
06/06/2013;1,53;V
07/06/2013;1,51;V
08/06/2013;1,50;V
09/06/2013;1,50;V
10/06/2013;1,49;V
11/06/2013;1,48;V
12/06/2013;1,47;V
13/06/2013;1,45;V
14/06/2013;1,44;V
15/06/2013;1,43;V
16/06/2013;1,42;V
17/06/2013;1,41;V
18/06/2013;1,40;V
19/06/2013;1,40;V
20/06/2013;1,39;V
21/06/2013;1,38;V
22/06/2013;1,38;V
23/06/2013;1,38;V
24/06/2013;1,40;V
25/06/2013;1,40;V
26/06/2013;1,38;V
27/06/2013;1,36;V
28/06/2013;1,37;V
29/06/2013;1,36;V
30/06/2013;1,35;V
01/07/2013;1,33;V
02/07/2013;1,33;V
03/07/2013;1,31;V
04/07/2013;1,31;V
05/07/2013;1,32;V
06/07/2013;1,31;V
07/07/2013;1,30;V
08/07/2013;1,30;V
09/07/2013;1,29;V
10/07/2013;1,27;V
11/07/2013;1,31;V
12/07/2013;1,30;V
13/07/2013;1,29;V
14/07/2013;1,28;V
15/07/2013;1,28;V
16/07/2013;1,27;V
17/07/2013;1,27;V
18/07/2013;1,27;V
19/07/2013;1,27;V
20/07/2013;1,26;V
21/07/2013;1,26;V
22/07/2013;1,26;V
23/07/2013;1,25;V
24/07/2013;1,26;V
25/07/2013;1,25;V
26/07/2013;1,24;V
27/07/2013;1,24;V
28/07/2013;1,23;V
29/07/2013;1,25;V
30/07/2013;1,26;V
31/07/2013;1,24;V
01/08/2013;1,23;V
02/08/2013;1,23;V
03/08/2013;1,22;V
04/08/2013;1,22;V
05/08/2013;1,22;V
06/08/2013;1,21;V
07/08/2013;1,20;V
08/08/2013;1,21;V
09/08/2013;1,21;V
10/08/2013;1,21;V
11/08/2013;1,20;V
12/08/2013;1,20;V
13/08/2013;1,21;V
14/08/2013;1,20;V
15/08/2013;1,19;V
16/08/2013;1,20;V
17/08/2013;1,20;V
18/08/2013;1,20;V
19/08/2013;1,21;V
20/08/2013;1,35;V
21/08/2013;1,26;V
22/08/2013;1,23;V
23/08/2013;1,22;V
24/08/2013;1,22;V
25/08/2013;1,43;V
26/08/2013;1,32;V
27/08/2013;1,25;V
28/08/2013;1,25;V
29/08/2013;1,23;V
30/08/2013;1,23;V
31/08/2013;1,22;V
01/09/2013;1,21;V
02/09/2013;1,20;V
03/09/2013;1,19;V
04/09/2013;1,19;V
05/09/2013;1,19;V
06/09/2013;1,19;V
07/09/2013;1,19;V
08/09/2013;1,20;V
09/09/2013;1,34;V
10/09/2013;1,27;V
11/09/2013;1,26;V
12/09/2013;1,25;V
13/09/2013;1,24;V
14/09/2013;1,23;V
15/09/2013;1,33;V
16/09/2013;1,43;V
17/09/2013;1,27;V
18/09/2013;1,26;V
19/09/2013;1,23;V
20/09/2013;1,20;V
21/09/2013;1,21;V
22/09/2013;1,20;V
23/09/2013;1,20;V
24/09/2013;1,20;V
25/09/2013;1,19;V
26/09/2013;1,20;V
27/09/2013;1,20;V
28/09/2013;1,20;V
29/09/2013;1,62;V
30/09/2013;1,52;V
01/10/2013;1,34;V
02/10/2013;1,27;V
03/10/2013;1,25;V
04/10/2013;1,25;V
05/10/2013;1,47;V
06/10/2013;1,80;V
07/10/2013;1,48;V
08/10/2013;1,39;V
09/10/2013;1,34;V
10/10/2013;1,34;V
11/10/2013;1,44;V
12/10/2013;1,36;V
13/10/2013;1,31;V
14/10/2013;1,31;V
15/10/2013;1,31;V
16/10/2013;1,42;V
17/10/2013;1,35;V
18/10/2013;1,30;V
19/10/2013;1,28;V
20/10/2013;1,28;V
21/10/2013;3,29;V
22/10/2013;1,92;V
23/10/2013;1,63;V
24/10/2013;2,07;V
25/10/2013;1,76;V
26/10/2013;1,60;V
27/10/2013;1,53;V
28/10/2013;1,48;V
29/10/2013;1,45;V
30/10/2013;1,42;V
31/10/2013;1,39;V
01/11/2013;1,39;V
02/11/2013;1,39;V
03/11/2013;1,40;V
04/11/2013;1,39;V
05/11/2013;1,55;V
06/11/2013;1,50;V
07/11/2013;1,44;V
08/11/2013;1,41;V
09/11/2013;1,45;V
10/11/2013;1,59;V
11/11/2013;1,82;V
12/11/2013;1,70;V
13/11/2013;1,56;V
14/11/2013;1,51;V
15/11/2013;1,69;V
16/11/2013;1,63;V
17/11/2013;1,56;V
18/11/2013;1,52;V
19/11/2013;1,50;V
20/11/2013;1,48;V
21/11/2013;2,06;V
22/11/2013;2,50;V
23/11/2013;1,98;V
24/11/2013;1,79;V
25/11/2013;1,69;V
26/11/2013;1,62;V
27/11/2013;1,57;V
28/11/2013;1,53;V
29/11/2013;1,51;V
30/11/2013;1,49;V
01/12/2013;1,45;V
02/12/2013;1,43;V
03/12/2013;1,41;V
04/12/2013;1,41;V
05/12/2013;1,40;V
06/12/2013;1,40;V
07/12/2013;1,39;V
08/12/2013;1,39;V
09/12/2013;1,38;V
10/12/2013;1,37;V
11/12/2013;1,37;V
12/12/2013;1,36;V
13/12/2013;1,36;V
14/12/2013;1,35;V
15/12/2013;1,35;V
16/12/2013;1,33;V
17/12/2013;1,33;V
18/12/2013;1,33;V
19/12/2013;1,33;V
20/12/2013;1,34;V
21/12/2013;1,33;V
22/12/2013;1,33;V
23/12/2013;1,34;V
24/12/2013;1,33;V
25/12/2013;1,34;V
26/12/2013;2,26;V
27/12/2013;1,87;V
28/12/2013;1,62;V
29/12/2013;2,03;V
30/12/2013;1,89;V
31/12/2013;1,68;V
01/01/2014;1,62;V
02/01/2014;1,61;V
03/01/2014;2,16;V
04/01/2014;2,54;V
05/01/2014;4,30;V
06/01/2014;2,46;V
07/01/2014;2,04;V
08/01/2014;1,86;V
09/01/2014;1,76;V
10/01/2014;1,70;V
11/01/2014;1,66;V
12/01/2014;1,62;V
13/01/2014;1,60;V
14/01/2014;2,08;V
15/01/2014;2,06;V
16/01/2014;1,83;V
17/01/2014;2,55;V
18/01/2014;3,58;V
19/01/2014;2,62;V
20/01/2014;2,67;V
21/01/2014;2,27;V
22/01/2014;2,03;V
23/01/2014;1,90;V
24/01/2014;2,02;V
25/01/2014;1,99;V
26/01/2014;1,87;V
27/01/2014;1,84;V
28/01/2014;1,80;V
29/01/2014;1,75;V
30/01/2014;2,96;V
31/01/2014;4,31;V
01/02/2014;2,58;V
02/02/2014;2,50;V
03/02/2014;2,21;V
04/02/2014;2,07;V
05/02/2014;2,10;V
06/02/2014;2,44;V
07/02/2014;2,20;V
08/02/2014;2,73;V
09/02/2014;2,40;V
10/02/2014;3,35;V
11/02/2014;4,67;V
12/02/2014;2,60;V
13/02/2014;2,26;V
14/02/2014;2,21;V
15/02/2014;2,06;V
16/02/2014;1,97;V
17/02/2014;1,94;V
18/02/2014;1,90;V
19/02/2014;1,91;V
20/02/2014;2,23;V
21/02/2014;2,15;V
22/02/2014;2,39;V
23/02/2014;2,25;V
24/02/2014;2,04;V
25/02/2014;1,93;V
26/02/2014;1,95;V
27/02/2014;2,12;V
28/02/2014;2,05;V
01/03/2014;2,43;V
02/03/2014;2,26;V
03/03/2014;2,04;V
04/03/2014;1,97;V
05/03/2014;2,02;V
06/03/2014;1,90;V
07/03/2014;1,82;V
08/03/2014;1,76;V
09/03/2014;1,72;V
10/03/2014;1,70;V
11/03/2014;1,68;V
12/03/2014;1,65;V
13/03/2014;1,63;V
14/03/2014;1,61;V
15/03/2014;1,60;V
16/03/2014;1,59;V
17/03/2014;1,57;V
18/03/2014;1,56;V
19/03/2014;1,55;V
20/03/2014;1,54;V
21/03/2014;1,53;V
22/03/2014;1,53;V
23/03/2014;1,96;V
24/03/2014;2,04;V
25/03/2014;1,82;V
26/03/2014;1,71;V
27/03/2014;1,66;V
28/03/2014;1,64;V
29/03/2014;1,61;V
30/03/2014;1,58;V
31/03/2014;1,57;V
01/04/2014;1,56;V
02/04/2014;1,55;V
03/04/2014;1,54;V
04/04/2014;1,57;V
05/04/2014;1,61;V
06/04/2014;1,57;V
07/04/2014;1,54;V
08/04/2014;1,53;V
09/04/2014;1,52;V
10/04/2014;1,50;V
11/04/2014;1,50;V
12/04/2014;1,49;V
13/04/2014;1,49;V
14/04/2014;1,48;V
15/04/2014;1,45;V
16/04/2014;1,44;V
17/04/2014;1,43;V
18/04/2014;1,44;V
19/04/2014;1,54;V
20/04/2014;1,53;V
21/04/2014;1,48;V
22/04/2014;1,46;V
23/04/2014;1,43;V
24/04/2014;1,44;V
25/04/2014;1,44;V
26/04/2014;1,43;V
27/04/2014;1,44;V
28/04/2014;1,45;V
29/04/2014;1,47;V
30/04/2014;1,44;V
01/05/2014;1,44;V
02/05/2014;1,48;V
03/05/2014;1,64;V
04/05/2014;1,73;V
05/05/2014;1,56;V
06/05/2014;1,51;V
07/05/2014;1,48;V
08/05/2014;1,47;V
09/05/2014;1,45;V
10/05/2014;1,44;V
11/05/2014;1,44;V
12/05/2014;1,41;V
13/05/2014;1,41;V
14/05/2014;1,39;V
15/05/2014;1,37;V
16/05/2014;1,37;V
17/05/2014;1,37;V
18/05/2014;1,37;V
19/05/2014;1,37;V
20/05/2014;1,36;V
21/05/2014;1,35;V
22/05/2014;1,35;V
23/05/2014;1,37;V
24/05/2014;1,36;V
25/05/2014;1,36;V
26/05/2014;1,37;V
27/05/2014;1,35;V
28/05/2014;1,35;V
29/05/2014;1,34;V
30/05/2014;1,33;V
31/05/2014;1,33;V
01/06/2014;1,32;V
02/06/2014;1,31;V
03/06/2014;1,31;V
04/06/2014;1,31;V
05/06/2014;1,31;V
06/06/2014;1,30;V
07/06/2014;1,29;V
08/06/2014;1,29;V
09/06/2014;1,29;V
10/06/2014;1,27;V
11/06/2014;1,28;V
12/06/2014;1,28;V
13/06/2014;1,27;V
14/06/2014;1,29;V
15/06/2014;1,29;V
16/06/2014;1,38;V
17/06/2014;1,33;V
18/06/2014;1,28;V
19/06/2014;1,27;V
20/06/2014;1,27;V
21/06/2014;1,26;V
22/06/2014;1,27;V
23/06/2014;1,26;V
24/06/2014;1,25;V
25/06/2014;1,37;V
26/06/2014;1,42;V
27/06/2014;1,33;V
28/06/2014;1,29;V
29/06/2014;1,29;V
30/06/2014;1,40;V
01/07/2014;1,28;V
02/07/2014;1,27;V
03/07/2014;1,25;V
04/07/2014;1,26;V
05/07/2014;1,25;V
06/07/2014;1,26;V
07/07/2014;1,25;V
08/07/2014;1,27;V
09/07/2014;1,40;V
10/07/2014;1,41;V
11/07/2014;1,33;V
12/07/2014;1,29;V
13/07/2014;1,29;V
14/07/2014;1,29;V
15/07/2014;1,26;V
16/07/2014;1,25;V
17/07/2014;1,24;V
18/07/2014;1,24;V
19/07/2014;1,23;V
20/07/2014;1,23;V
21/07/2014;1,37;V
22/07/2014;1,42;V
23/07/2014;1,28;V
24/07/2014;1,27;V
25/07/2014;1,35;V
26/07/2014;1,34;V
27/07/2014;1,34;V
28/07/2014;1,27;V
29/07/2014;1,26;V
30/07/2014;1,71;V
31/07/2014;1,47;V
01/08/2014;1,37;V
02/08/2014;1,30;V
03/08/2014;1,52;V
04/08/2014;1,51;V
05/08/2014;1,34;V
06/08/2014;1,30;V
07/08/2014;1,27;V
08/08/2014;1,26;V
09/08/2014;1,26;V
10/08/2014;1,25;V
11/08/2014;1,24;V
12/08/2014;1,25;V
13/08/2014;1,25;V
14/08/2014;1,28;V
15/08/2014;1,25;V
16/08/2014;1,24;V
17/08/2014;1,24;V
18/08/2014;1,23;V
19/08/2014;1,23;V
20/08/2014;1,23;V
21/08/2014;1,24;V
22/08/2014;1,23;V
23/08/2014;1,23;V
24/08/2014;1,23;V
25/08/2014;1,23;V
26/08/2014;1,23;V
27/08/2014;1,23;V
28/08/2014;1,22;V
29/08/2014;1,21;V
30/08/2014;1,22;V
31/08/2014;1,22;V
01/09/2014;1,31;V
02/09/2014;1,26;V
03/09/2014;1,24;V
04/09/2014;1,23;V
05/09/2014;1,23;V
06/09/2014;1,22;V
07/09/2014;1,21;V
08/09/2014;1,21;V
09/09/2014;1,22;V
10/09/2014;1,31;V
11/09/2014;1,37;V
12/09/2014;1,29;V
13/09/2014;1,28;V
14/09/2014;1,24;V
15/09/2014;1,23;V
16/09/2014;1,23;V
17/09/2014;1,23;V
18/09/2014;1,23;V
19/09/2014;1,29;V
20/09/2014;1,92;V
21/09/2014;1,49;V
22/09/2014;1,41;V
23/09/2014;1,35;V
24/09/2014;1,29;V
25/09/2014;1,27;V
26/09/2014;1,26;V
27/09/2014;1,25;V
28/09/2014;1,25;V
29/09/2014;1,24;V
30/09/2014;1,23;V
01/10/2014;1,26;V
02/10/2014;1,28;V
03/10/2014;1,25;V
04/10/2014;1,24;V
05/10/2014;1,23;V
06/10/2014;1,23;V
07/10/2014;1,23;V
08/10/2014;1,23;V
09/10/2014;1,24;V
10/10/2014;1,24;V
11/10/2014;1,24;V
12/10/2014;1,57;V
13/10/2014;1,44;V
14/10/2014;1,50;V
15/10/2014;1,69;V
16/10/2014;1,64;V
17/10/2014;1,50;V
18/10/2014;1,60;V
19/10/2014;1,46;V
20/10/2014;1,40;V
21/10/2014;1,37;V
22/10/2014;1,33;V
23/10/2014;1,31;V
24/10/2014;1,30;V
25/10/2014;1,29;V
26/10/2014;1,29;V
27/10/2014;1,27;V
28/10/2014;1,27;V
29/10/2014;1,27;V
30/10/2014;1,27;V
31/10/2014;1,27;V
01/11/2014;1,27;V
02/11/2014;1,27;V
03/11/2014;1,26;V
04/11/2014;1,26;V
05/11/2014;1,62;V
06/11/2014;1,89;V
07/11/2014;1,87;V
08/11/2014;1,60;V
09/11/2014;1,49;V
10/11/2014;1,54;V
11/11/2014;1,78;V
12/11/2014;1,59;V
13/11/2014;1,62;V
14/11/2014;1,55;V
15/11/2014;1,52;V
16/11/2014;2,25;V
17/11/2014;2,28;V
18/11/2014;2,82;V
19/11/2014;2,62;V
20/11/2014;2,03;V
21/11/2014;1,81;V
22/11/2014;1,70;V
23/11/2014;1,63;V
24/11/2014;1,58;V
25/11/2014;1,55;V
26/11/2014;1,74;V
27/11/2014;1,78;V
28/11/2014;1,80;V
29/11/2014;1,71;V
30/11/2014;1,65;V
01/12/2014;1,63;V
02/12/2014;1,59;V
03/12/2014;1,56;V
04/12/2014;1,61;V
05/12/2014;1,74;V
06/12/2014;1,69;V
07/12/2014;1,68;V
08/12/2014;1,64;V
09/12/2014;1,58;V
10/12/2014;1,55;V
11/12/2014;1,52;V
12/12/2014;1,51;V
13/12/2014;1,50;V
14/12/2014;1,54;V
15/12/2014;1,52;V
16/12/2014;1,69;V
17/12/2014;1,74;V
18/12/2014;1,62;V
19/12/2014;1,58;V
20/12/2014;1,55;V
21/12/2014;1,52;V
22/12/2014;1,50;V
23/12/2014;1,49;V
24/12/2014;1,47;V
25/12/2014;1,47;V
26/12/2014;1,45;V
27/12/2014;1,56;V
28/12/2014;1,70;V
29/12/2014;1,55;V
30/12/2014;1,52;V
31/12/2014;1,49;V
01/01/2015;1,47;V
02/01/2015;1,46;V
03/01/2015;1,48;V
04/01/2015;1,52;V
05/01/2015;1,51;V
06/01/2015;1,49;V
07/01/2015;1,47;V
08/01/2015;1,46;V
09/01/2015;1,44;V
10/01/2015;1,44;V
11/01/2015;1,44;V
12/01/2015;1,41;V
13/01/2015;1,40;V
14/01/2015;1,41;V
15/01/2015;1,40;V
16/01/2015;1,41;V
17/01/2015;1,45;V
18/01/2015;1,49;V
19/01/2015;1,45;V
20/01/2015;1,43;V
21/01/2015;1,44;V
22/01/2015;1,48;V
23/01/2015;1,50;V
24/01/2015;1,49;V
25/01/2015;1,46;V
26/01/2015;1,43;V
27/01/2015;1,43;V
28/01/2015;1,41;V
29/01/2015;1,43;V
30/01/2015;2,91;V
31/01/2015;2,11;V
01/02/2015;1,83;V
02/02/2015;1,69;V
03/02/2015;1,65;V
04/02/2015;1,61;V
05/02/2015;2,35;V
06/02/2015;2,15;V
07/02/2015;1,86;V
08/02/2015;1,75;V
09/02/2015;1,68;V
10/02/2015;1,64;V
11/02/2015;1,63;V
12/02/2015;1,65;V
13/02/2015;1,63;V
14/02/2015;1,62;V
15/02/2015;1,70;V
16/02/2015;1,71;V
17/02/2015;1,64;V
18/02/2015;1,60;V
19/02/2015;1,56;V
20/02/2015;1,54;V
21/02/2015;1,54;V
22/02/2015;1,74;V
23/02/2015;1,68;V
24/02/2015;1,62;V
25/02/2015;1,61;V
26/02/2015;1,60;V
27/02/2015;1,58;V
28/02/2015;1,55;V
01/03/2015;1,53;V
02/03/2015;1,71;V
03/03/2015;1,81;V
04/03/2015;1,69;V
05/03/2015;2,06;V
06/03/2015;1,82;V
07/03/2015;1,71;V
08/03/2015;1,66;V
09/03/2015;1,61;V
10/03/2015;1,59;V
11/03/2015;1,57;V
12/03/2015;1,54;V
13/03/2015;1,53;V
14/03/2015;1,53;V
15/03/2015;1,51;V
16/03/2015;1,53;V
17/03/2015;1,74;V
18/03/2015;1,68;V
19/03/2015;1,60;V
20/03/2015;1,56;V
21/03/2015;1,54;V
22/03/2015;1,53;V
23/03/2015;1,50;V
24/03/2015;1,51;V
25/03/2015;1,51;V
26/03/2015;2,97;V
27/03/2015;2,23;V
28/03/2015;1,90;V
29/03/2015;1,76;V
30/03/2015;1,70;V
31/03/2015;1,65;V
01/04/2015;1,61;V
02/04/2015;1,58;V
03/04/2015;1,56;V
04/04/2015;1,70;V
05/04/2015;2,07;V
06/04/2015;1,75;V
07/04/2015;1,66;V
08/04/2015;1,62;V
09/04/2015;1,59;V
10/04/2015;1,57;V
11/04/2015;1,56;V
12/04/2015;1,54;V
13/04/2015;1,52;V
14/04/2015;1,51;V
15/04/2015;1,50;V
16/04/2015;1,49;V
17/04/2015;1,48;V
18/04/2015;1,49;V
19/04/2015;1,45;V
20/04/2015;1,44;V
21/04/2015;1,43;V
22/04/2015;1,42;V
23/04/2015;1,43;V
24/04/2015;1,43;V
25/04/2015;1,42;V
26/04/2015;1,44;V
27/04/2015;1,54;V
28/04/2015;1,82;V
29/04/2015;1,86;V
30/04/2015;1,67;V
01/05/2015;1,58;V
02/05/2015;1,55;V
03/05/2015;1,52;V
04/05/2015;1,49;V
05/05/2015;1,47;V
06/05/2015;1,45;V
07/05/2015;1,44;V
08/05/2015;1,43;V
09/05/2015;1,42;V
10/05/2015;1,41;V
11/05/2015;1,39;V
12/05/2015;1,39;V
13/05/2015;1,38;V
14/05/2015;1,38;V
15/05/2015;1,42;V
16/05/2015;1,45;V
17/05/2015;1,40;V
18/05/2015;1,37;V
19/05/2015;1,37;V
20/05/2015;1,40;V
21/05/2015;1,42;V
22/05/2015;1,41;V
23/05/2015;1,44;V
24/05/2015;1,44;V
25/05/2015;1,40;V
26/05/2015;1,39;V
27/05/2015;1,37;V
28/05/2015;1,36;V
29/05/2015;1,35;V
30/05/2015;1,35;V
31/05/2015;1,34;V
01/06/2015;1,33;V
02/06/2015;1,33;V
03/06/2015;1,33;V
04/06/2015;1,32;V
05/06/2015;1,30;V
06/06/2015;1,30;V
07/06/2015;1,30;V
08/06/2015;1,29;V
09/06/2015;1,29;V
10/06/2015;1,36;V
11/06/2015;1,36;V
12/06/2015;1,34;V
13/06/2015;1,31;V
14/06/2015;1,39;V
15/06/2015;1,37;V
16/06/2015;1,34;V
17/06/2015;1,31;V
18/06/2015;1,32;V
19/06/2015;1,30;V
20/06/2015;1,29;V
21/06/2015;1,28;V
22/06/2015;1,28;V
23/06/2015;1,28;V
24/06/2015;1,36;V
25/06/2015;1,30;V
26/06/2015;1,27;V
27/06/2015;1,28;V
28/06/2015;1,28;V
29/06/2015;1,27;V
30/06/2015;1,27;V
01/07/2015;1,26;V
02/07/2015;1,26;V
03/07/2015;1,25;V
04/07/2015;1,25;V
05/07/2015;1,26;V
06/07/2015;1,25;V
07/07/2015;1,24;V
08/07/2015;1,25;V
09/07/2015;1,23;V
10/07/2015;1,23;V
11/07/2015;1,24;V
12/07/2015;1,24;V
13/07/2015;1,24;V
14/07/2015;1,24;V
15/07/2015;1,23;V
16/07/2015;1,23;V
17/07/2015;1,22;V
18/07/2015;1,21;V
19/07/2015;1,21;V
20/07/2015;1,21;V
21/07/2015;1,22;V
22/07/2015;1,24;V
23/07/2015;1,25;V
24/07/2015;1,22;V
25/07/2015;1,24;V
26/07/2015;1,23;V
27/07/2015;1,23;V
28/07/2015;1,22;V
29/07/2015;1,24;V
30/07/2015;1,22;V
31/07/2015;1,22;V
01/08/2015;1,26;V
02/08/2015;1,28;V
03/08/2015;1,25;V
04/08/2015;1,24;V
05/08/2015;1,23;V
06/08/2015;1,22;V
07/08/2015;1,21;V
08/08/2015;1,21;V
09/08/2015;1,21;V
10/08/2015;1,48;V
11/08/2015;1,37;V
12/08/2015;1,27;V
13/08/2015;1,25;V
14/08/2015;1,24;V
15/08/2015;1,24;V
16/08/2015;1,24;V
17/08/2015;1,23;V
18/08/2015;1,24;V
19/08/2015;1,25;V
20/08/2015;1,34;V
21/08/2015;1,26;V
22/08/2015;1,25;V
23/08/2015;1,24;V
24/08/2015;1,38;V
25/08/2015;1,34;V
26/08/2015;1,28;V
27/08/2015;1,25;V
28/08/2015;1,25;V
29/08/2015;1,25;V
30/08/2015;1,24;V
31/08/2015;1,23;V
01/09/2015;1,23;V
02/09/2015;1,23;V
03/09/2015;1,23;V
04/09/2015;1,23;V
05/09/2015;1,22;V
06/09/2015;1,21;V
07/09/2015;1,21;V
08/09/2015;1,20;V
09/09/2015;1,20;V
10/09/2015;1,20;V
11/09/2015;1,20;V
12/09/2015;1,20;V
13/09/2015;1,24;V
14/09/2015;1,26;V
15/09/2015;1,30;V
16/09/2015;1,26;V
17/09/2015;1,25;V
18/09/2015;1,23;V
19/09/2015;1,22;V
20/09/2015;1,22;V
21/09/2015;1,22;V
22/09/2015;1,21;V
23/09/2015;1,26;V
24/09/2015;1,37;V
25/09/2015;1,26;V
26/09/2015;1,24;V
27/09/2015;1,23;V
28/09/2015;1,22;V
29/09/2015;1,21;V
30/09/2015;1,21;V
01/10/2015;1,20;V
02/10/2015;1,22;V
03/10/2015;1,29;V
04/10/2015;1,33;V
05/10/2015;1,46;V
06/10/2015;1,35;V
07/10/2015;1,38;V
08/10/2015;1,31;V
09/10/2015;1,28;V
10/10/2015;1,27;V
11/10/2015;1,29;V
12/10/2015;1,29;V
13/10/2015;1,81;V
14/10/2015;2,32;V
15/10/2015;2,65;V
16/10/2015;1,81;V
17/10/2015;1,62;V
18/10/2015;1,50;V
19/10/2015;1,45;V
20/10/2015;1,39;V
21/10/2015;1,36;V
22/10/2015;1,35;V
23/10/2015;1,33;V
24/10/2015;1,32;V
25/10/2015;1,32;V
26/10/2015;1,32;V
27/10/2015;1,32;V
28/10/2015;1,64;V
29/10/2015;2,62;V
30/10/2015;1,86;V
31/10/2015;1,58;V
01/11/2015;1,49;V
02/11/2015;1,44;V
03/11/2015;1,42;V
04/11/2015;1,41;V
05/11/2015;1,39;V
06/11/2015;1,38;V
07/11/2015;1,36;V
08/11/2015;1,36;V
09/11/2015;1,35;V
10/11/2015;1,34;V
11/11/2015;1,35;V
12/11/2015;1,33;V
13/11/2015;1,33;V
14/11/2015;1,33;V
15/11/2015;1,34;V
16/11/2015;1,33;V
17/11/2015;1,32;V
18/11/2015;1,32;V
19/11/2015;1,32;V
20/11/2015;1,32;V
21/11/2015;1,39;V
22/11/2015;2,02;V
23/11/2015;1,61;V
24/11/2015;1,50;V
25/11/2015;1,47;V
26/11/2015;1,44;V
27/11/2015;1,41;V
28/11/2015;1,40;V
29/11/2015;1,39;V
30/11/2015;1,38;V
01/12/2015;1,37;V
02/12/2015;1,37;V
03/12/2015;1,35;V
04/12/2015;1,35;V
05/12/2015;1,34;V
06/12/2015;1,33;V
07/12/2015;1,33;V
08/12/2015;1,33;V
09/12/2015;1,32;V
10/12/2015;1,31;V
11/12/2015;1,30;V
12/12/2015;1,32;V
13/12/2015;1,32;V
14/12/2015;1,33;V
15/12/2015;1,33;V
16/12/2015;1,31;V
17/12/2015;1,31;V
18/12/2015;1,32;V
19/12/2015;1,30;V
20/12/2015;1,31;V
21/12/2015;1,31;V
22/12/2015;1,31;V
23/12/2015;1,30;V
24/12/2015;1,30;V
25/12/2015;1,30;V
26/12/2015;1,29;V
27/12/2015;1,29;V
28/12/2015;1,29;V
29/12/2015;1,29;V
30/12/2015;1,29;V
31/12/2015;1,29;V
01/01/2016;1,28;V
02/01/2016;1,36;V
03/01/2016;2,13;V
04/01/2016;1,79;V
05/01/2016;1,80;V
06/01/2016;1,87;V
07/01/2016;1,77;V
08/01/2016;1,68;V
09/01/2016;1,71;V
10/01/2016;2,08;V
11/01/2016;1,96;V
12/01/2016;1,98;V
13/01/2016;1,72;V
14/01/2016;1,81;V
15/01/2016;2,55;V
16/01/2016;1,96;V
17/01/2016;1,74;V
18/01/2016;1,64;V
19/01/2016;1,58;V
20/01/2016;1,55;V
21/01/2016;1,52;V
22/01/2016;1,49;V
23/01/2016;1,47;V
24/01/2016;1,46;V
25/01/2016;1,44;V
26/01/2016;1,44;V
27/01/2016;1,44;V
28/01/2016;1,44;V
29/01/2016;1,43;V
30/01/2016;1,44;V
31/01/2016;1,60;V
01/02/2016;1,75;V
02/02/2016;1,62;V
03/02/2016;1,59;V
04/02/2016;1,86;V
05/02/2016;1,72;V
06/02/2016;1,63;V
07/02/2016;1,67;V
08/02/2016;2,54;V
09/02/2016;2,05;V
10/02/2016;3,29;V
11/02/2016;2,19;V
12/02/2016;2,32;V
13/02/2016;2,53;V
14/02/2016;3,00;V
15/02/2016;2,52;V
16/02/2016;2,92;V
17/02/2016;2,71;V
18/02/2016;2,34;V
19/02/2016;2,11;V
20/02/2016;1,94;V
21/02/2016;1,84;V
22/02/2016;1,76;V
23/02/2016;1,81;V
24/02/2016;1,77;V
25/02/2016;1,89;V
26/02/2016;1,93;V
27/02/2016;2,14;V
28/02/2016;2,59;V
29/02/2016;2,87;V
01/03/2016;2,53;V
02/03/2016;2,17;V
03/03/2016;2,48;V
04/03/2016;2,15;V
05/03/2016;2,10;V
06/03/2016;2,50;V
07/03/2016;2,24;V
08/03/2016;2,12;V
09/03/2016;2,10;V
10/03/2016;1,98;V
11/03/2016;1,90;V
12/03/2016;1,81;V
13/03/2016;1,76;V
14/03/2016;1,70;V
15/03/2016;1,68;V
16/03/2016;1,64;V
17/03/2016;1,61;V
18/03/2016;1,60;V
19/03/2016;1,59;V
20/03/2016;1,57;V
21/03/2016;1,57;V
22/03/2016;1,54;V
23/03/2016;1,52;V
24/03/2016;1,51;V
25/03/2016;1,50;V
26/03/2016;1,50;V
27/03/2016;1,49;V
28/03/2016;1,51;V
29/03/2016;1,49;V
30/03/2016;1,47;V
31/03/2016;1,46;V
01/04/2016;1,46;V
02/04/2016;1,44;V
03/04/2016;1,44;V
04/04/2016;1,44;V
05/04/2016;1,42;V
06/04/2016;1,41;V
07/04/2016;1,41;V
08/04/2016;1,42;V
09/04/2016;1,42;V
10/04/2016;1,41;V
11/04/2016;1,40;V
12/04/2016;1,38;V
13/04/2016;1,39;V
14/04/2016;1,38;V
15/04/2016;1,37;V
16/04/2016;1,37;V
17/04/2016;1,38;V
18/04/2016;1,36;V
19/04/2016;1,35;V
20/04/2016;1,34;V
21/04/2016;1,34;V
22/04/2016;1,35;V
23/04/2016;1,41;V
24/04/2016;1,42;V
25/04/2016;1,40;V
26/04/2016;1,37;V
27/04/2016;1,35;V
28/04/2016;1,35;V
29/04/2016;1,34;V
30/04/2016;1,35;V
01/05/2016;1,44;V
02/05/2016;1,39;V
03/05/2016;1,41;V
04/05/2016;1,42;V
05/05/2016;1,37;V
06/05/2016;1,35;V
07/05/2016;1,35;V
08/05/2016;1,38;V
09/05/2016;1,37;V
10/05/2016;1,35;V
11/05/2016;1,36;V
12/05/2016;1,58;V
13/05/2016;2,25;V
14/05/2016;2,05;V
15/05/2016;1,73;V
16/05/2016;1,63;V
17/05/2016;1,57;V
18/05/2016;1,52;V
19/05/2016;1,52;V
20/05/2016;1,68;V
21/05/2016;1,57;V
22/05/2016;1,51;V
23/05/2016;1,49;V
24/05/2016;1,51;V
25/05/2016;1,46;V
26/05/2016;1,44;V
27/05/2016;1,42;V
28/05/2016;1,42;V
29/05/2016;1,45;V
30/05/2016;1,44;V
31/05/2016;1,41;V
01/06/2016;1,39;V
02/06/2016;1,44;V
03/06/2016;1,42;V
04/06/2016;1,41;V
05/06/2016;1,39;V
06/06/2016;1,46;V
07/06/2016;1,48;V
08/06/2016;1,42;V
09/06/2016;1,43;V
10/06/2016;1,43;V
11/06/2016;1,41;V
12/06/2016;1,46;V
13/06/2016;1,45;V
14/06/2016;1,41;V
15/06/2016;1,38;V
16/06/2016;1,37;V
17/06/2016;1,40;V
18/06/2016;1,36;V
19/06/2016;1,36;V
20/06/2016;1,35;V
21/06/2016;1,34;V
22/06/2016;1,33;V
23/06/2016;1,33;V
24/06/2016;1,33;V
25/06/2016;1,32;V
26/06/2016;1,32;V
27/06/2016;1,30;V
28/06/2016;1,29;V
29/06/2016;1,30;V
30/06/2016;1,29;V
01/07/2016;1,29;V
02/07/2016;1,28;V
03/07/2016;1,28;V
04/07/2016;1,28;V
05/07/2016;1,28;V
06/07/2016;1,27;V
07/07/2016;1,27;V
08/07/2016;1,27;V
09/07/2016;1,26;V
10/07/2016;1,27;V
11/07/2016;1,26;V
12/07/2016;1,25;V
13/07/2016;1,25;V
14/07/2016;1,24;V
15/07/2016;1,24;V
16/07/2016;1,25;V
17/07/2016;1,24;V
18/07/2016;1,24;V
19/07/2016;1,24;V
20/07/2016;1,24;V
21/07/2016;1,23;V
22/07/2016;1,23;V
23/07/2016;1,23;V
24/07/2016;1,24;V
25/07/2016;1,26;V
26/07/2016;1,34;V
27/07/2016;1,27;V
28/07/2016;1,29;V
29/07/2016;1,26;V
30/07/2016;1,24;V
31/07/2016;1,24;V
01/08/2016;1,26;V
02/08/2016;1,25;V
03/08/2016;1,23;V
04/08/2016;1,24;V
05/08/2016;1,24;V
06/08/2016;1,25;V
07/08/2016;1,23;V
08/08/2016;1,22;V
09/08/2016;1,21;V
10/08/2016;1,22;V
11/08/2016;1,21;V
12/08/2016;1,20;V
13/08/2016;1,21;V
14/08/2016;1,21;V
15/08/2016;1,21;V
16/08/2016;1,21;V
17/08/2016;1,23;V
18/08/2016;1,22;V
19/08/2016;1,24;V
20/08/2016;1,23;V
21/08/2016;1,23;V
22/08/2016;1,20;V
23/08/2016;1,20;V
24/08/2016;1,20;V
25/08/2016;1,20;V
26/08/2016;1,20;V
27/08/2016;1,20;V
28/08/2016;1,20;V
29/08/2016;1,21;V
30/08/2016;1,22;V
31/08/2016;1,23;V
01/09/2016;1,22;V
02/09/2016;1,20;V
03/09/2016;1,21;V
04/09/2016;1,21;V
05/09/2016;1,21;V
06/09/2016;1,20;V
07/09/2016;1,21;V
08/09/2016;1,20;V
09/09/2016;1,20;V
10/09/2016;1,19;V
11/09/2016;1,19;V
12/09/2016;1,20;V
13/09/2016;1,20;V
14/09/2016;1,20;V
15/09/2016;1,21;V
16/09/2016;1,75;V
17/09/2016;1,54;V
18/09/2016;1,37;V
19/09/2016;1,30;V
20/09/2016;1,27;V
21/09/2016;1,25;V
22/09/2016;1,23;V
23/09/2016;1,23;V
24/09/2016;1,23;V
25/09/2016;1,23;V
26/09/2016;1,23;V
27/09/2016;1,22;V
28/09/2016;1,21;V
29/09/2016;1,21;V
30/09/2016;1,22;V
01/10/2016;1,21;V
02/10/2016;1,29;V
03/10/2016;1,29;V
04/10/2016;1,23;V
05/10/2016;1,23;V
06/10/2016;1,22;V
07/10/2016;1,20;V
08/10/2016;1,24;V
09/10/2016;1,27;V
10/10/2016;1,25;V
11/10/2016;1,24;V
12/10/2016;1,23;V
13/10/2016;1,23;V
14/10/2016;1,49;V
15/10/2016;1,91;V
16/10/2016;1,44;V
17/10/2016;1,35;V
18/10/2016;1,30;V
19/10/2016;1,30;V
20/10/2016;1,29;V
21/10/2016;1,28;V
22/10/2016;1,26;V
23/10/2016;1,26;V
24/10/2016;1,27;V
25/10/2016;1,32;V
26/10/2016;1,29;V
27/10/2016;1,38;V
28/10/2016;1,34;V
29/10/2016;1,30;V
30/10/2016;1,28;V
31/10/2016;1,27;V
01/11/2016;1,26;V
02/11/2016;1,29;V
03/11/2016;1,53;V
04/11/2016;1,39;V
05/11/2016;1,76;V
06/11/2016;3,01;V
07/11/2016;2,12;V
08/11/2016;1,62;V
09/11/2016;1,52;V
10/11/2016;1,50;V
11/11/2016;1,51;V
12/11/2016;1,60;V
13/11/2016;1,55;V
14/11/2016;1,47;V
15/11/2016;1,42;V
16/11/2016;1,40;V
17/11/2016;1,39;V
18/11/2016;1,50;V
19/11/2016;3,43;V
20/11/2016;2,39;V
21/11/2016;1,85;V
22/11/2016;1,69;V
23/11/2016;1,61;V
24/11/2016;1,56;V
25/11/2016;1,59;V
26/11/2016;1,59;V
27/11/2016;1,55;V
28/11/2016;1,51;V
29/11/2016;1,46;V
30/11/2016;1,44;V
01/12/2016;1,44;V
02/12/2016;1,44;V
03/12/2016;1,43;V
04/12/2016;1,41;V
05/12/2016;1,40;V
06/12/2016;1,39;V
07/12/2016;1,38;V
08/12/2016;1,37;V
09/12/2016;1,37;V
10/12/2016;1,37;V
11/12/2016;1,38;V
12/12/2016;1,36;V
13/12/2016;1,34;V
14/12/2016;1,35;V
15/12/2016;1,34;V
16/12/2016;1,33;V
17/12/2016;1,33;V
18/12/2016;1,33;V
19/12/2016;1,34;V
20/12/2016;1,32;V
21/12/2016;1,33;V
22/12/2016;1,32;V
23/12/2016;1,32;V
24/12/2016;1,32;V
25/12/2016;1,32;V
26/12/2016;1,32;V
27/12/2016;1,32;V
28/12/2016;1,31;V
29/12/2016;1,31;V
30/12/2016;1,31;V
31/12/2016;1,30;V
01/01/2017;1,30;V
02/01/2017;1,33;V
03/01/2017;1,43;V
04/01/2017;1,39;V
05/01/2017;1,34;V
06/01/2017;1,32;V
07/01/2017;1,31;V
08/01/2017;1,31;V
09/01/2017;1,31;V
10/01/2017;1,30;V
11/01/2017;1,30;V
12/01/2017;1,32;V
13/01/2017;1,68;V
14/01/2017;1,71;V
15/01/2017;1,53;V
16/01/2017;1,46;V
17/01/2017;1,41;V
18/01/2017;1,38;V
19/01/2017;1,36;V
20/01/2017;1,35;V
21/01/2017;1,34;V
22/01/2017;1,33;V
23/01/2017;1,31;V
24/01/2017;1,31;V
25/01/2017;1,31;V
26/01/2017;1,31;V
27/01/2017;1,30;V
28/01/2017;1,31;V
29/01/2017;1,30;V
30/01/2017;1,31;V
31/01/2017;1,34;V
01/02/2017;1,52;V
02/02/2017;1,65;V
03/02/2017;2,12;V
04/02/2017;2,50;V
05/02/2017;3,13;V
06/02/2017;3,28;V
07/02/2017;2,28;V
08/02/2017;1,93;V
09/02/2017;1,74;V
10/02/2017;1,66;V
11/02/2017;1,61;V
12/02/2017;1,58;V
13/02/2017;1,54;V
14/02/2017;1,51;V
15/02/2017;1,49;V
16/02/2017;1,48;V
17/02/2017;1,47;V
18/02/2017;1,47;V
19/02/2017;1,43;V
20/02/2017;1,43;V
21/02/2017;1,42;V
22/02/2017;1,41;V
23/02/2017;1,41;V
24/02/2017;1,51;V
25/02/2017;2,30;V
26/02/2017;1,73;V
27/02/2017;1,61;V
28/02/2017;1,57;V
01/03/2017;1,78;V
02/03/2017;1,69;V
03/03/2017;1,62;V
04/03/2017;1,61;V
05/03/2017;2,33;V
06/03/2017;2,69;V
07/03/2017;3,10;V
08/03/2017;2,18;V
09/03/2017;1,92;V
10/03/2017;1,76;V
11/03/2017;1,68;V
12/03/2017;1,63;V
13/03/2017;1,59;V
14/03/2017;1,56;V
15/03/2017;1,54;V
16/03/2017;1,52;V
17/03/2017;1,51;V
18/03/2017;1,52;V
19/03/2017;1,49;V
20/03/2017;1,48;V
21/03/2017;1,47;V
22/03/2017;1,46;V
23/03/2017;1,45;V
24/03/2017;1,44;V
25/03/2017;1,43;V
26/03/2017;1,42;V
27/03/2017;1,40;V
28/03/2017;1,39;V
29/03/2017;1,38;V
30/03/2017;1,38;V
31/03/2017;1,37;V
01/04/2017;1,37;V
02/04/2017;1,37;V
03/04/2017;1,36;V
04/04/2017;1,35;V
05/04/2017;1,35;V
06/04/2017;1,35;V
07/04/2017;1,35;V
08/04/2017;1,33;V
09/04/2017;1,33;V
10/04/2017;1,33;V
11/04/2017;1,33;V
12/04/2017;1,32;V
13/04/2017;1,31;V
14/04/2017;1,30;V
15/04/2017;1,33;V
16/04/2017;1,33;V
17/04/2017;1,30;V
18/04/2017;1,30;V
19/04/2017;1,31;V
20/04/2017;1,29;V
21/04/2017;1,29;V
22/04/2017;1,29;V
23/04/2017;1,29;V
24/04/2017;1,29;V
25/04/2017;1,29;V
26/04/2017;1,29;V
27/04/2017;1,36;V
28/04/2017;1,51;V
29/04/2017;1,41;V
30/04/2017;1,35;V
01/05/2017;1,34;V
02/05/2017;1,34;V
03/05/2017;1,32;V
04/05/2017;1,32;V
05/05/2017;1,32;V
06/05/2017;1,32;V
07/05/2017;1,56;V
08/05/2017;1,45;V
09/05/2017;1,46;V
10/05/2017;1,41;V
11/05/2017;1,37;V
12/05/2017;1,35;V
13/05/2017;1,33;V
14/05/2017;1,33;V
15/05/2017;1,32;V
16/05/2017;1,30;V
17/05/2017;1,29;V
18/05/2017;1,29;V
19/05/2017;1,28;V
20/05/2017;1,29;V
21/05/2017;1,29;V
22/05/2017;1,28;V
23/05/2017;1,26;V
24/05/2017;1,25;V
25/05/2017;1,24;V
26/05/2017;1,24;V
27/05/2017;1,23;V
28/05/2017;1,23;V
29/05/2017;1,23;V
30/05/2017;1,23;V
31/05/2017;1,23;V
01/06/2017;1,23;V
02/06/2017;1,22;V
03/06/2017;1,22;V
04/06/2017;1,22;V
05/06/2017;1,22;V
06/06/2017;1,22;V
07/06/2017;1,21;V
08/06/2017;1,21;V
09/06/2017;1,19;V
10/06/2017;1,19;V
11/06/2017;1,19;V
12/06/2017;1,20;V
13/06/2017;1,19;V
14/06/2017;1,20;V
15/06/2017;1,20;V
16/06/2017;1,22;V
17/06/2017;1,21;V
18/06/2017;1,18;V
19/06/2017;1,18;V
20/06/2017;1,18;V
21/06/2017;1,17;V
22/06/2017;1,18;V
23/06/2017;1,18;V
24/06/2017;1,19;V
25/06/2017;1,17;V
26/06/2017;1,17;V
27/06/2017;1,17;V
28/06/2017;1,17;V
29/06/2017;1,41;V
30/06/2017;1,24;V
01/07/2017;1,21;V
02/07/2017;1,20;V
03/07/2017;1,19;V
04/07/2017;1,18;V
05/07/2017;1,17;V
06/07/2017;1,16;V
07/07/2017;1,15;V
08/07/2017;1,14;V
09/07/2017;1,15;V
10/07/2017;1,16;V
11/07/2017;1,16;V
12/07/2017;1,16;V
13/07/2017;1,17;V
14/07/2017;1,16;V
15/07/2017;1,13;V
16/07/2017;1,13;V
17/07/2017;1,13;V
18/07/2017;1,12;V
19/07/2017;1,12;V
20/07/2017;1,12;V
21/07/2017;1,12;V
22/07/2017;1,13;V
23/07/2017;1,14;V
24/07/2017;1,14;V
25/07/2017;1,14;V
26/07/2017;1,15;V
27/07/2017;1,16;V
28/07/2017;1,17;V
29/07/2017;1,16;V
30/07/2017;1,15;V
31/07/2017;1,14;V
01/08/2017;1,12;V
02/08/2017;1,11;V
03/08/2017;1,11;V
04/08/2017;1,10;V
05/08/2017;1,11;V
06/08/2017;1,13;V
07/08/2017;1,15;V
08/08/2017;1,17;V
09/08/2017;1,17;V
10/08/2017;1,20;V
11/08/2017;1,17;V
12/08/2017;1,16;V
13/08/2017;1,16;V
14/08/2017;1,15;V
15/08/2017;1,14;V
16/08/2017;1,14;V
17/08/2017;1,14;V
18/08/2017;1,14;V
19/08/2017;1,14;V
20/08/2017;1,14;V
21/08/2017;1,13;V
22/08/2017;1,13;V
23/08/2017;1,14;V
24/08/2017;1,14;V
25/08/2017;1,14;V
26/08/2017;1,14;V
27/08/2017;1,14;V
28/08/2017;1,15;V
29/08/2017;1,15;V
30/08/2017;1,15;V
31/08/2017;1,18;V
01/09/2017;1,17;V
02/09/2017;1,16;V
03/09/2017;1,16;V
04/09/2017;1,16;V
05/09/2017;1,16;V
06/09/2017;1,16;V
07/09/2017;1,17;V
08/09/2017;1,19;V
09/09/2017;1,23;V
10/09/2017;1,95;V
11/09/2017;1,42;V
12/09/2017;1,27;V
13/09/2017;1,23;V
14/09/2017;1,22;V
15/09/2017;1,23;V
16/09/2017;1,26;V
17/09/2017;1,22;V
18/09/2017;1,23;V
19/09/2017;1,31;V
20/09/2017;1,25;V
21/09/2017;1,22;V
22/09/2017;1,21;V
23/09/2017;1,20;V
24/09/2017;1,31;V
25/09/2017;1,26;V
26/09/2017;1,22;V
27/09/2017;1,20;V
28/09/2017;1,19;V
29/09/2017;1,18;V
30/09/2017;1,17;V
01/10/2017;1,19;V
02/10/2017;1,19;V
03/10/2017;1,19;V
04/10/2017;1,18;V
05/10/2017;1,18;V
06/10/2017;1,17;V
07/10/2017;1,16;V
08/10/2017;1,17;V
09/10/2017;1,18;V
10/10/2017;1,17;V
11/10/2017;1,16;V
12/10/2017;1,17;V
13/10/2017;1,17;V
14/10/2017;1,16;V
15/10/2017;1,18;V
16/10/2017;1,17;V
17/10/2017;1,16;V
18/10/2017;1,16;V
19/10/2017;1,16;V
20/10/2017;1,16;V
21/10/2017;1,16;V
22/10/2017;1,18;V
23/10/2017;1,16;V
24/10/2017;1,16;V
25/10/2017;1,16;V
26/10/2017;1,15;V
27/10/2017;1,16;V
28/10/2017;1,16;V
29/10/2017;1,16;V
30/10/2017;1,17;V
31/10/2017;1,16;V
01/11/2017;1,15;V
02/11/2017;1,18;V
03/11/2017;1,19;V
04/11/2017;1,19;V
05/11/2017;1,27;V
06/11/2017;1,38;V
07/11/2017;1,68;V
08/11/2017;1,47;V
09/11/2017;1,33;V
10/11/2017;1,26;V
11/11/2017;1,25;V
12/11/2017;1,25;V
13/11/2017;1,89;V
14/11/2017;1,71;V
15/11/2017;1,47;V
16/11/2017;1,38;V
17/11/2017;1,35;V
18/11/2017;1,35;V
19/11/2017;1,34;V
20/11/2017;1,30;V
21/11/2017;1,27;V
22/11/2017;1,27;V
23/11/2017;1,26;V
24/11/2017;1,26;V
25/11/2017;1,26;V
26/11/2017;1,44;V
27/11/2017;1,39;V
28/11/2017;1,33;V
29/11/2017;1,58;V
30/11/2017;1,58;V
01/12/2017;1,48;V
02/12/2017;1,40;V
03/12/2017;1,35;V
04/12/2017;1,32;V
05/12/2017;1,30;V
06/12/2017;1,30;V
07/12/2017;1,29;V
08/12/2017;2,14;V
09/12/2017;2,74;V
10/12/2017;1,95;V
11/12/2017;3,44;V
12/12/2017;2,91;V
13/12/2017;2,21;V
14/12/2017;2,36;V
15/12/2017;2,17;V
16/12/2017;1,98;V
17/12/2017;1,79;V
18/12/2017;1,67;V
19/12/2017;1,60;V
20/12/2017;1,54;V
21/12/2017;1,51;V
22/12/2017;1,48;V
23/12/2017;1,46;V
24/12/2017;1,45;V
25/12/2017;1,43;V
26/12/2017;1,47;V
27/12/2017;2,22;V
28/12/2017;2,99;V
29/12/2017;2,15;V
30/12/2017;1,85;V
31/12/2017;1,71;V
01/01/2018;1,83;V
02/01/2018;2,07;V
03/01/2018;1,87;V
04/01/2018;1,79;V
05/01/2018;1,73;V
06/01/2018;1,73;V
07/01/2018;1,67;V
08/01/2018;;@
09/01/2018;;@
10/01/2018;1,56;V
11/01/2018;1,55;V
12/01/2018;1,53;V
13/01/2018;1,51;V
14/01/2018;1,50;V
15/01/2018;1,47;V
16/01/2018;1,63;V
17/01/2018;2,23;V
18/01/2018;1,86;V
19/01/2018;1,99;V
20/01/2018;2,02;V
21/01/2018;1,98;V
22/01/2018;1,80;V
23/01/2018;1,69;V
24/01/2018;1,61;V
25/01/2018;1,58;V
26/01/2018;1,56;V
27/01/2018;1,55;V
28/01/2018;1,52;V
29/01/2018;1,49;V
30/01/2018;1,49;V
31/01/2018;1,48;P
01/02/2018;1,81;V
02/02/2018;2,58;V
03/02/2018;2,96;V
04/02/2018;2,21;V
05/02/2018;1,94;V
06/02/2018;1,85;V
07/02/2018;1,92;V
08/02/2018;1,81;V
09/02/2018;1,73;V
10/02/2018;1,69;V
11/02/2018;1,64;V
12/02/2018;1,68;V
13/02/2018;1,68;V
14/02/2018;1,63;V
15/02/2018;1,58;V
16/02/2018;1,57;V
17/02/2018;1,56;V
18/02/2018;2,06;V
19/02/2018;1,88;V
20/02/2018;1,72;V
21/02/2018;1,65;V
22/02/2018;1,60;V
23/02/2018;1,64;V
24/02/2018;1,61;V
25/02/2018;1,59;V
26/02/2018;1,56;V
27/02/2018;1,55;V
28/02/2018;1,52;V
01/03/2018;1,53;V
02/03/2018;1,94;V
03/03/2018;2,71;V
04/03/2018;2,58;V
05/03/2018;2,27;V
06/03/2018;2,16;V
07/03/2018;2,53;V
08/03/2018;2,31;V
09/03/2018;2,06;V
10/03/2018;1,96;V
11/03/2018;2,66;V
12/03/2018;3,13;V
13/03/2018;2,58;V
14/03/2018;2,34;V
15/03/2018;2,23;V
16/03/2018;3,30;V
17/03/2018;2,62;V
18/03/2018;2,48;V
19/03/2018;2,80;V
20/03/2018;2,40;V
21/03/2018;2,16;V
22/03/2018;2,01;V
23/03/2018;1,91;V
24/03/2018;1,83;V
25/03/2018;1,76;V
26/03/2018;1,71;V
27/03/2018;1,67;V
28/03/2018;1,65;V
29/03/2018;1,62;V
30/03/2018;1,61;V
31/03/2018;1,64;V
01/04/2018;1,77;V
02/04/2018;1,65;V
03/04/2018;1,61;V
04/04/2018;1,79;V
05/04/2018;2,41;V
06/04/2018;1,99;V
07/04/2018;1,80;V
08/04/2018;1,71;V
09/04/2018;1,68;V
10/04/2018;1,69;V
11/04/2018;1,73;V
12/04/2018;1,70;V
13/04/2018;1,69;V
14/04/2018;1,63;V
15/04/2018;1,60;V
16/04/2018;1,58;V
17/04/2018;1,57;V
18/04/2018;1,53;V
19/04/2018;1,52;V
20/04/2018;1,49;V
21/04/2018;1,48;V
22/04/2018;1,48;V
23/04/2018;1,46;V
24/04/2018;1,45;V
25/04/2018;1,45;V
26/04/2018;1,44;V
27/04/2018;1,43;V
28/04/2018;1,42;V
29/04/2018;1,41;V
30/04/2018;1,40;V
01/05/2018;1,41;V
02/05/2018;1,48;V
03/05/2018;1,42;V
04/05/2018;1,41;V
05/05/2018;1,39;V
06/05/2018;1,39;V
07/05/2018;1,38;V
08/05/2018;1,39;V
09/05/2018;1,46;V
10/05/2018;1,46;V
11/05/2018;1,44;V
12/05/2018;1,42;V
13/05/2018;1,41;V
14/05/2018;1,49;V
15/05/2018;1,44;V
16/05/2018;1,41;V
17/05/2018;1,40;V
18/05/2018;1,38;V
19/05/2018;1,36;V
20/05/2018;1,35;V
21/05/2018;1,36;V
22/05/2018;1,47;V
23/05/2018;1,44;V
24/05/2018;1,39;V
25/05/2018;1,37;V
26/05/2018;1,35;V
27/05/2018;1,34;V
28/05/2018;1,33;V
29/05/2018;1,32;V
30/05/2018;1,32;V
31/05/2018;1,32;V
01/06/2018;1,31;V
02/06/2018;1,30;V
03/06/2018;1,30;V
04/06/2018;1,34;V
05/06/2018;1,33;V
06/06/2018;1,30;V
07/06/2018;1,30;V
08/06/2018;1,35;V
09/06/2018;1,33;V
10/06/2018;1,30;V
11/06/2018;1,29;V
12/06/2018;1,29;V
13/06/2018;1,30;V
14/06/2018;1,35;V
15/06/2018;1,30;V
16/06/2018;1,27;V
17/06/2018;1,27;V
18/06/2018;1,26;V
19/06/2018;1,24;V
20/06/2018;1,24;V
21/06/2018;1,25;V
22/06/2018;1,28;V
23/06/2018;1,26;V
24/06/2018;1,24;V
25/06/2018;1,23;V
26/06/2018;1,23;V
27/06/2018;1,23;V
28/06/2018;1,23;V
29/06/2018;1,23;V
30/06/2018;1,23;V
01/07/2018;1,23;V
02/07/2018;1,23;V
03/07/2018;1,23;V
04/07/2018;1,23;V
05/07/2018;1,22;V
06/07/2018;1,22;V
07/07/2018;1,29;V
08/07/2018;1,25;V
09/07/2018;1,22;V
10/07/2018;1,21;V
11/07/2018;1,21;V
12/07/2018;1,21;V
13/07/2018;1,20;V
14/07/2018;1,19;V
15/07/2018;1,20;V
16/07/2018;1,22;V
17/07/2018;1,24;V
18/07/2018;1,22;V
19/07/2018;1,20;V
20/07/2018;1,20;V
21/07/2018;1,20;V
22/07/2018;1,23;V
23/07/2018;1,39;V
24/07/2018;1,25;V
25/07/2018;1,23;V
26/07/2018;1,23;V
27/07/2018;1,23;V
28/07/2018;1,23;V
29/07/2018;1,22;V
30/07/2018;1,22;V
31/07/2018;1,20;V
01/08/2018;1,20;V
02/08/2018;1,21;V
03/08/2018;1,22;V
04/08/2018;1,21;V
05/08/2018;1,20;V
06/08/2018;1,20;V
07/08/2018;1,25;V
08/08/2018;1,23;V
09/08/2018;1,26;V
10/08/2018;1,21;V
11/08/2018;1,20;V
12/08/2018;1,19;V
13/08/2018;1,19;V
14/08/2018;1,20;V
15/08/2018;1,21;V
16/08/2018;1,21;V
17/08/2018;1,19;V
18/08/2018;1,19;V
19/08/2018;1,19;V
20/08/2018;1,19;V
21/08/2018;1,18;V
22/08/2018;1,20;V
23/08/2018;1,19;V
24/08/2018;1,24;V
25/08/2018;1,25;V
26/08/2018;1,21;V
27/08/2018;1,22;V
28/08/2018;1,20;V
29/08/2018;1,19;V
30/08/2018;1,20;V
31/08/2018;1,20;V
01/09/2018;1,23;V
02/09/2018;1,23;V
03/09/2018;1,26;V
04/09/2018;1,23;V
05/09/2018;1,21;V
06/09/2018;1,20;V
07/09/2018;1,20;V
08/09/2018;1,19;V
09/09/2018;1,19;V
10/09/2018;1,19;V
11/09/2018;1,17;V
12/09/2018;1,17;V
13/09/2018;1,19;V
14/09/2018;1,19;V
15/09/2018;1,18;V
16/09/2018;1,18;V
17/09/2018;1,18;V
18/09/2018;1,18;V
19/09/2018;1,18;V
20/09/2018;1,20;V
21/09/2018;1,18;V
22/09/2018;1,18;V
23/09/2018;1,19;V
24/09/2018;1,18;V
25/09/2018;1,15;V
26/09/2018;1,15;V
27/09/2018;1,15;V
28/09/2018;1,14;V
29/09/2018;1,15;V
30/09/2018;1,16;V
01/10/2018;1,24;V
02/10/2018;1,25;V
03/10/2018;1,22;V
04/10/2018;1,19;V
05/10/2018;1,18;V
06/10/2018;1,20;V
07/10/2018;1,23;V
08/10/2018;1,23;V
09/10/2018;1,22;V
10/10/2018;1,20;V
11/10/2018;1,20;V
12/10/2018;1,19;V
13/10/2018;1,17;V
14/10/2018;1,16;V
15/10/2018;1,16;V
16/10/2018;1,20;V
17/10/2018;1,15;V
18/10/2018;1,13;V
19/10/2018;1,15;V
20/10/2018;1,16;V
21/10/2018;1,17;V
22/10/2018;1,16;V
23/10/2018;1,15;V
24/10/2018;1,16;V
25/10/2018;1,17;V
26/10/2018;1,17;V
27/10/2018;1,18;V
28/10/2018;1,20;V
29/10/2018;1,45;V
30/10/2018;1,43;V
31/10/2018;1,34;V
01/11/2018;1,36;V
02/11/2018;1,39;V
03/11/2018;1,31;V
04/11/2018;1,27;V
05/11/2018;1,30;V
06/11/2018;1,28;V
07/11/2018;1,32;V
08/11/2018;1,31;V
09/11/2018;1,27;V
10/11/2018;1,25;V
11/11/2018;1,26;V
12/11/2018;1,25;V
13/11/2018;1,22;V
14/11/2018;1,20;V
15/11/2018;1,19;V
16/11/2018;1,19;V
17/11/2018;1,19;V
18/11/2018;1,19;V
19/11/2018;1,19;V
20/11/2018;1,19;V
21/11/2018;1,19;V
22/11/2018;1,21;V
23/11/2018;1,22;V
24/11/2018;1,84;V
25/11/2018;1,51;V
26/11/2018;1,41;V
27/11/2018;1,33;V
28/11/2018;1,29;V
29/11/2018;1,25;P
30/11/2018;1,24;V
01/12/2018;1,24;V
02/12/2018;1,25;V
03/12/2018;1,32;V
04/12/2018;1,32;V
05/12/2018;1,27;V
06/12/2018;1,30;V
07/12/2018;1,32;V
08/12/2018;1,61;V
09/12/2018;1,52;V
10/12/2018;1,39;V
11/12/2018;1,33;V
12/12/2018;1,31;V
13/12/2018;1,29;V
14/12/2018;1,27;V
15/12/2018;1,25;V
16/12/2018;1,27;V
17/12/2018;1,30;V
18/12/2018;1,26;V
19/12/2018;1,25;V
20/12/2018;1,44;V
21/12/2018;1,45;V
22/12/2018;1,49;V
23/12/2018;1,57;V
24/12/2018;1,46;V
25/12/2018;1,38;V
26/12/2018;1,35;V
27/12/2018;1,34;V
28/12/2018;1,32;V
29/12/2018;1,31;V
30/12/2018;1,30;V
31/12/2018;1,28;V
01/01/2019;1,28;V
02/01/2019;1,27;V
03/01/2019;1,25;V
04/01/2019;1,26;V
05/01/2019;1,25;V
06/01/2019;1,25;V
07/01/2019;1,25;V
08/01/2019;1,25;V
09/01/2019;1,24;V
10/01/2019;1,24;V
11/01/2019;1,24;V
12/01/2019;1,24;V
13/01/2019;1,24;V
14/01/2019;1,24;V
15/01/2019;1,23;V
16/01/2019;1,23;V
17/01/2019;1,25;V
18/01/2019;1,74;V
19/01/2019;1,54;V
20/01/2019;1,42;V
21/01/2019;1,35;V
22/01/2019;1,31;V
23/01/2019;1,31;V
24/01/2019;1,29;V
25/01/2019;1,27;V
26/01/2019;1,26;V
27/01/2019;1,27;V
28/01/2019;1,67;V
29/01/2019;1,56;V
30/01/2019;1,45;V
31/01/2019;1,43;V
01/02/2019;2,49;V
02/02/2019;4,40;V
03/02/2019;3,05;V
04/02/2019;2,22;V
05/02/2019;1,87;V
06/02/2019;1,68;V
07/02/2019;1,59;V
08/02/2019;1,54;V
09/02/2019;1,50;V
10/02/2019;1,49;V
11/02/2019;1,70;V
12/02/2019;1,60;V
13/02/2019;1,53;V
14/02/2019;1,49;V
15/02/2019;1,46;V
16/02/2019;1,44;V
17/02/2019;1,43;V
18/02/2019;1,42;V
19/02/2019;1,40;V
20/02/2019;1,39;V
21/02/2019;1,38;V
22/02/2019;1,37;V
23/02/2019;1,35;V
24/02/2019;1,34;V
25/02/2019;1,34;V
26/02/2019;1,34;V
27/02/2019;1,33;V
28/02/2019;1,33;V
01/03/2019;1,31;V
02/03/2019;1,32;V
03/03/2019;1,31;V
04/03/2019;1,31;V
05/03/2019;1,31;V
06/03/2019;1,31;V
07/03/2019;1,32;V
08/03/2019;1,29;V
09/03/2019;1,29;V
10/03/2019;1,31;V
11/03/2019;1,30;V
12/03/2019;1,29;V
13/03/2019;1,30;V
14/03/2019;1,31;V
15/03/2019;1,30;V
16/03/2019;1,29;V
17/03/2019;1,29;V
18/03/2019;1,29;V
19/03/2019;1,28;V
20/03/2019;1,26;V
21/03/2019;1,26;V
22/03/2019;1,25;V
23/03/2019;1,26;V
24/03/2019;1,26;V
25/03/2019;1,26;V
26/03/2019;1,25;V
27/03/2019;1,25;V
28/03/2019;1,25;V
29/03/2019;1,25;V
30/03/2019;1,25;V
31/03/2019;1,25;V
01/04/2019;1,25;V
02/04/2019;1,25;V
03/04/2019;1,27;V
04/04/2019;1,35;V
05/04/2019;1,49;V
06/04/2019;1,39;V
07/04/2019;1,35;V
08/04/2019;1,32;V
09/04/2019;1,31;V
10/04/2019;1,29;V
11/04/2019;1,29;V
12/04/2019;1,31;V
13/04/2019;1,29;V
14/04/2019;1,32;V
15/04/2019;1,34;V
16/04/2019;1,33;V
17/04/2019;1,31;V
18/04/2019;1,29;V
19/04/2019;1,28;V
20/04/2019;1,27;V
21/04/2019;1,26;V
22/04/2019;1,27;V
23/04/2019;1,36;V
24/04/2019;1,62;V
25/04/2019;1,49;V
26/04/2019;1,42;V
27/04/2019;1,38;V
28/04/2019;1,37;V
29/04/2019;1,36;V
30/04/2019;1,34;V
01/05/2019;1,32;V
02/05/2019;1,31;V
03/05/2019;1,32;V
04/05/2019;1,34;V
05/05/2019;1,52;V
06/05/2019;1,75;V
07/05/2019;1,56;V
08/05/2019;1,50;V
09/05/2019;1,88;V
10/05/2019;1,75;V
11/05/2019;1,58;V
12/05/2019;1,53;V
13/05/2019;1,83;V
14/05/2019;1,64;V
15/05/2019;1,53;V
16/05/2019;1,48;V
17/05/2019;1,45;V
18/05/2019;1,45;V
19/05/2019;1,74;V
20/05/2019;1,88;V
21/05/2019;1,68;V
22/05/2019;1,60;V
23/05/2019;1,55;V
24/05/2019;1,51;V
25/05/2019;1,48;V
26/05/2019;1,52;V
27/05/2019;1,52;V
28/05/2019;1,58;V
29/05/2019;1,61;V
30/05/2019;1,54;V
31/05/2019;1,49;V
01/06/2019;1,46;V
02/06/2019;1,45;V
03/06/2019;1,43;V
04/06/2019;1,41;V
05/06/2019;1,39;V
06/06/2019;1,38;V
07/06/2019;1,37;V
08/06/2019;1,36;V
09/06/2019;1,36;V
10/06/2019;1,35;V
11/06/2019;1,35;V
12/06/2019;1,35;V
13/06/2019;1,33;V
14/06/2019;1,33;V
15/06/2019;1,34;V
16/06/2019;1,34;V
17/06/2019;1,32;V
18/06/2019;1,31;V
19/06/2019;1,30;V
20/06/2019;1,29;V
21/06/2019;1,28;V
22/06/2019;1,33;V
23/06/2019;1,35;V
24/06/2019;1,28;V
25/06/2019;1,27;V
26/06/2019;1,26;V
27/06/2019;1,23;V
28/06/2019;1,26;V
29/06/2019;1,25;V
30/06/2019;1,24;V
01/07/2019;1,23;V
02/07/2019;1,23;V
03/07/2019;1,23;V
04/07/2019;1,23;V
05/07/2019;1,23;V
06/07/2019;1,24;V
07/07/2019;1,25;V
08/07/2019;1,28;V
09/07/2019;1,26;V
10/07/2019;1,24;V
11/07/2019;1,23;V
12/07/2019;1,23;V
13/07/2019;1,23;V
14/07/2019;1,22;V
15/07/2019;1,26;V
16/07/2019;1,27;V
17/07/2019;1,23;V
18/07/2019;1,22;V
19/07/2019;1,20;V
20/07/2019;1,20;V
21/07/2019;1,20;V
22/07/2019;1,21;V
23/07/2019;1,20;V
24/07/2019;1,18;V
25/07/2019;1,17;V
26/07/2019;1,16;V
27/07/2019;1,16;V
28/07/2019;1,32;V
29/07/2019;1,27;V
30/07/2019;1,23;V
31/07/2019;1,21;V
01/08/2019;1,19;V
02/08/2019;1,20;V
03/08/2019;1,18;V
04/08/2019;1,17;V
05/08/2019;1,18;V
06/08/2019;1,18;V
07/08/2019;1,17;V
08/08/2019;1,17;V
09/08/2019;1,17;V
10/08/2019;1,17;V
11/08/2019;1,15;V
12/08/2019;1,15;V
13/08/2019;1,16;V
14/08/2019;1,16;V
15/08/2019;1,17;V
16/08/2019;1,16;V
17/08/2019;1,16;V
18/08/2019;1,15;V
19/08/2019;1,14;V
20/08/2019;1,14;V
21/08/2019;1,15;V
22/08/2019;1,16;V
23/08/2019;1,19;V
24/08/2019;1,18;V
25/08/2019;1,19;V
26/08/2019;1,17;V
27/08/2019;1,17;V
28/08/2019;1,16;V
29/08/2019;1,15;V
30/08/2019;1,15;V
31/08/2019;1,15;V
01/09/2019;1,24;V
02/09/2019;1,23;V
03/09/2019;1,25;V
04/09/2019;1,17;V
05/09/2019;1,15;V
06/09/2019;1,16;V
07/09/2019;1,17;V
08/09/2019;1,22;V
09/09/2019;1,27;V
10/09/2019;1,21;V
11/09/2019;1,17;V
12/09/2019;1,15;V
13/09/2019;1,14;V
14/09/2019;1,14;V
15/09/2019;1,12;V
16/09/2019;1,13;V
17/09/2019;1,13;V
18/09/2019;1,14;V
19/09/2019;1,14;V
20/09/2019;1,14;V
21/09/2019;1,13;V
22/09/2019;1,16;V
23/09/2019;1,42;V
24/09/2019;1,32;V
25/09/2019;1,28;V
26/09/2019;1,33;V
27/09/2019;1,23;V
28/09/2019;1,22;V
29/09/2019;1,20;V
30/09/2019;1,20;V
01/10/2019;1,19;V
02/10/2019;1,26;V
03/10/2019;1,30;V
04/10/2019;1,22;V
05/10/2019;1,22;V
06/10/2019;1,20;V
07/10/2019;1,20;V
08/10/2019;1,19;V
09/10/2019;1,19;V
10/10/2019;1,20;V
11/10/2019;1,23;V
12/10/2019;1,22;V
13/10/2019;1,20;V
14/10/2019;1,19;V
15/10/2019;1,22;V
16/10/2019;1,37;V
17/10/2019;1,26;V
18/10/2019;1,23;V
19/10/2019;1,22;V
20/10/2019;1,22;V
21/10/2019;1,21;V
22/10/2019;1,19;V
23/10/2019;1,19;V
24/10/2019;1,20;V
25/10/2019;1,23;V
26/10/2019;1,21;V
27/10/2019;1,20;V
28/10/2019;1,20;V
29/10/2019;1,20;V
30/10/2019;1,24;V
31/10/2019;1,22;V
01/11/2019;1,19;V
02/11/2019;1,20;V
03/11/2019;1,84;V
04/11/2019;1,76;V
05/11/2019;1,69;V
06/11/2019;1,74;V
07/11/2019;1,57;V
08/11/2019;2,08;V
09/11/2019;2,29;V
10/11/2019;1,68;V
11/11/2019;1,54;V
12/11/2019;1,53;V
13/11/2019;1,91;V
14/11/2019;1,67;V
15/11/2019;2,06;V
16/11/2019;2,44;V
17/11/2019;4,88;V
18/11/2019;2,56;V
19/11/2019;2,90;V
20/11/2019;2,39;V
21/11/2019;2,01;V
22/11/2019;1,80;V
23/11/2019;1,71;V
24/11/2019;2,00;V
25/11/2019;1,80;V
26/11/2019;1,66;V
27/11/2019;1,83;V
28/11/2019;2,41;V
29/11/2019;2,22;V
30/11/2019;2,00;V
01/12/2019;1,80;V
02/12/2019;2,91;V
03/12/2019;2,54;V
04/12/2019;2,04;V
05/12/2019;1,84;V
06/12/2019;1,73;V
07/12/2019;1,68;V
08/12/2019;1,63;V
09/12/2019;1,71;V
10/12/2019;1,76;V
11/12/2019;1,65;V
12/12/2019;1,64;V
13/12/2019;2,20;V
14/12/2019;2,27;V
15/12/2019;1,99;V
16/12/2019;1,90;V
17/12/2019;1,78;V
18/12/2019;1,70;V
19/12/2019;1,64;V
20/12/2019;1,64;V
21/12/2019;3,35;V
22/12/2019;4,23;V
23/12/2019;2,67;V
24/12/2019;2,11;V
25/12/2019;1,92;V
26/12/2019;1,80;V
27/12/2019;1,72;V
28/12/2019;1,67;V
29/12/2019;1,62;V
30/12/2019;1,59;V
31/12/2019;1,57;V
01/01/2020;1,55;V
02/01/2020;1,53;V
03/01/2020;1,53;V
04/01/2020;1,52;V
05/01/2020;1,50;V
06/01/2020;1,48;V
07/01/2020;1,46;V
08/01/2020;1,46;V
09/01/2020;1,44;V
10/01/2020;1,44;V
11/01/2020;1,43;V
12/01/2020;1,42;V
13/01/2020;1,40;V
14/01/2020;1,40;V
15/01/2020;1,40;V
16/01/2020;1,40;V
17/01/2020;1,40;V
18/01/2020;1,50;V
19/01/2020;1,43;V
20/01/2020;1,39;V
21/01/2020;1,38;V
22/01/2020;1,37;V
23/01/2020;1,37;V
24/01/2020;1,37;V
25/01/2020;1,47;V
26/01/2020;1,50;V
27/01/2020;1,46;V
28/01/2020;1,48;V
29/01/2020;1,64;V
30/01/2020;1,53;V
31/01/2020;1,52;V
01/02/2020;1,85;V
02/02/2020;2,19;V
03/02/2020;1,83;V
04/02/2020;1,69;V
05/02/2020;1,60;V
06/02/2020;1,55;V
07/02/2020;1,52;V
08/02/2020;1,50;V
09/02/2020;1,49;V
10/02/2020;1,53;V
11/02/2020;1,68;V
12/02/2020;1,58;V
13/02/2020;1,53;V
14/02/2020;1,97;V
15/02/2020;1,74;V
16/02/2020;1,62;V
17/02/2020;1,58;V
18/02/2020;1,57;V
19/02/2020;1,55;V
20/02/2020;1,52;V
21/02/2020;1,49;V
22/02/2020;1,48;V
23/02/2020;1,47;V
24/02/2020;1,46;V
25/02/2020;1,45;V
26/02/2020;1,45;V
27/02/2020;1,48;V
28/02/2020;1,96;V
29/02/2020;1,65;V
01/03/2020;1,86;V
02/03/2020;2,87;V
03/03/2020;3,65;V
04/03/2020;2,50;V
05/03/2020;2,10;V
06/03/2020;2,94;V
07/03/2020;2,25;V
08/03/2020;1,99;V
09/03/2020;1,85;V
10/03/2020;1,76;V
11/03/2020;1,69;V
12/03/2020;1,65;V
13/03/2020;1,63;V
14/03/2020;1,60;V
15/03/2020;1,56;V
16/03/2020;1,55;V
17/03/2020;1,53;V
18/03/2020;1,52;V
19/03/2020;1,50;V
20/03/2020;1,48;V
21/03/2020;1,48;V
22/03/2020;1,46;V
23/03/2020;1,44;V
24/03/2020;1,44;V
25/03/2020;1,44;V
26/03/2020;1,43;V
27/03/2020;1,42;V
28/03/2020;1,42;V
29/03/2020;1,43;V
30/03/2020;1,42;V
31/03/2020;1,41;V
01/04/2020;1,39;V
02/04/2020;1,38;V
03/04/2020;1,37;V
04/04/2020;1,36;V
05/04/2020;1,35;V
06/04/2020;1,35;V
07/04/2020;1,35;V
08/04/2020;1,34;V
09/04/2020;1,34;V
10/04/2020;1,34;V
11/04/2020;1,33;V
12/04/2020;1,33;V
13/04/2020;1,33;V
14/04/2020;1,34;V
15/04/2020;1,32;V
16/04/2020;1,32;V
17/04/2020;1,32;V
18/04/2020;1,32;V
19/04/2020;1,32;V
20/04/2020;1,35;V
21/04/2020;1,38;V
22/04/2020;1,37;V
23/04/2020;1,34;V
24/04/2020;1,32;V
25/04/2020;1,31;V
26/04/2020;1,31;V
27/04/2020;1,30;V
28/04/2020;1,34;V
29/04/2020;1,41;V
30/04/2020;1,38;V
01/05/2020;1,38;V
02/05/2020;1,35;V
03/05/2020;1,32;V
04/05/2020;1,30;V
05/05/2020;1,30;V
06/05/2020;1,30;V
07/05/2020;1,28;V
08/05/2020;1,27;V
09/05/2020;1,28;V
10/05/2020;1,28;V
11/05/2020;1,31;V
12/05/2020;1,37;V
13/05/2020;1,34;V
14/05/2020;1,30;V
15/05/2020;1,30;V
16/05/2020;1,30;V
17/05/2020;1,29;V
18/05/2020;1,28;V
19/05/2020;1,28;V
20/05/2020;1,56;V
21/05/2020;1,43;V
22/05/2020;1,34;V
23/05/2020;1,31;V
24/05/2020;1,31;V
25/05/2020;1,28;V
26/05/2020;1,27;V
27/05/2020;1,26;V
28/05/2020;1,26;V
29/05/2020;1,30;V
30/05/2020;1,30;V
31/05/2020;1,28;V
01/06/2020;1,27;V
02/06/2020;1,26;V
03/06/2020;1,26;V
04/06/2020;1,27;V
05/06/2020;1,40;V
06/06/2020;1,34;V
07/06/2020;1,30;V
08/06/2020;1,32;V
09/06/2020;1,38;V
10/06/2020;1,32;V
11/06/2020;1,29;V
12/06/2020;1,28;V
13/06/2020;1,31;V
14/06/2020;1,37;V
15/06/2020;1,29;V
16/06/2020;1,32;V
17/06/2020;1,31;V
18/06/2020;1,29;V
19/06/2020;1,27;V
20/06/2020;1,26;V
21/06/2020;1,26;V
22/06/2020;1,25;V
23/06/2020;1,23;V
24/06/2020;1,23;V
25/06/2020;1,22;V
26/06/2020;1,21;V
27/06/2020;1,22;V
28/06/2020;1,23;V
29/06/2020;1,23;V
30/06/2020;1,21;V
01/07/2020;1,21;V
02/07/2020;1,22;V
03/07/2020;1,22;V
04/07/2020;1,22;V
05/07/2020;1,21;V
06/07/2020;1,21;V
07/07/2020;1,19;V
08/07/2020;1,18;V
09/07/2020;1,19;V
10/07/2020;1,19;V
11/07/2020;1,19;V
12/07/2020;1,18;V
13/07/2020;1,17;V
14/07/2020;1,17;V
15/07/2020;1,18;V
16/07/2020;1,20;V
17/07/2020;1,20;V
18/07/2020;1,19;V
19/07/2020;1,18;V
20/07/2020;1,18;V
21/07/2020;1,18;V
22/07/2020;1,18;V
23/07/2020;1,17;V
24/07/2020;1,19;V
25/07/2020;1,26;V
26/07/2020;1,22;V
27/07/2020;1,19;V
28/07/2020;1,17;V
29/07/2020;1,17;V
30/07/2020;1,16;V
31/07/2020;1,16;V
01/08/2020;1,16;V
02/08/2020;1,16;V
03/08/2020;1,16;V
04/08/2020;1,18;V
05/08/2020;1,17;V
06/08/2020;1,16;V
07/08/2020;1,15;V
08/08/2020;1,14;V
09/08/2020;1,14;V
10/08/2020;1,12;V
11/08/2020;1,12;V
12/08/2020;1,12;V
13/08/2020;1,12;V
14/08/2020;1,14;V
15/08/2020;1,14;V
16/08/2020;1,14;V
17/08/2020;1,14;V
18/08/2020;1,15;V
19/08/2020;1,16;V
20/08/2020;1,14;V
21/08/2020;1,13;V
22/08/2020;1,14;V
23/08/2020;1,14;V
24/08/2020;1,14;V
25/08/2020;1,14;V
26/08/2020;1,14;V
27/08/2020;1,14;V
28/08/2020;1,14;V
29/08/2020;1,14;V
30/08/2020;1,43;V
31/08/2020;1,35;V
01/09/2020;1,36;V
02/09/2020;1,25;V
03/09/2020;1,25;V
04/09/2020;1,21;V
05/09/2020;1,20;V
06/09/2020;1,19;V
07/09/2020;1,17;V
08/09/2020;1,17;V
09/09/2020;1,16;V
10/09/2020;1,17;V
11/09/2020;1,16;V
12/09/2020;1,16;V
13/09/2020;1,15;V
14/09/2020;1,15;V
15/09/2020;1,14;V
16/09/2020;1,14;V
17/09/2020;1,14;V
18/09/2020;1,14;V
19/09/2020;1,14;V
20/09/2020;1,15;V
21/09/2020;1,15;V
22/09/2020;1,22;V
23/09/2020;1,30;V
24/09/2020;1,24;V
25/09/2020;1,34;V
26/09/2020;1,26;V
27/09/2020;1,22;V
28/09/2020;1,21;V
29/09/2020;1,19;V
30/09/2020;1,19;V
01/10/2020;1,20;V
02/10/2020;1,19;V
03/10/2020;1,20;V
04/10/2020;1,21;V
05/10/2020;1,79;V
06/10/2020;1,37;V
07/10/2020;1,57;V
08/10/2020;1,38;V
09/10/2020;1,30;V
10/10/2020;1,26;V
11/10/2020;1,37;V
12/10/2020;1,53;V
13/10/2020;1,38;V
14/10/2020;1,33;V
15/10/2020;1,90;V
16/10/2020;1,65;V
17/10/2020;1,47;V
18/10/2020;1,38;V
19/10/2020;1,34;V
20/10/2020;1,30;V
21/10/2020;1,28;V
22/10/2020;1,28;V
23/10/2020;1,29;V
24/10/2020;1,31;V
25/10/2020;1,31;V
26/10/2020;1,28;V
27/10/2020;1,60;V
28/10/2020;1,49;V
29/10/2020;1,40;V
30/10/2020;1,35;V
31/10/2020;1,33;V
01/11/2020;1,32;V
02/11/2020;1,29;V
03/11/2020;1,29;V
04/11/2020;1,29;V
05/11/2020;1,27;V
06/11/2020;1,26;V
07/11/2020;1,25;V
08/11/2020;1,25;V
09/11/2020;1,24;V
10/11/2020;1,24;V
11/11/2020;1,25;V
12/11/2020;1,27;V
13/11/2020;1,25;V
14/11/2020;1,25;V
15/11/2020;1,26;V
16/11/2020;1,36;V
17/11/2020;1,44;V
18/11/2020;1,34;V
19/11/2020;1,30;V
20/11/2020;1,29;V
21/11/2020;1,28;V
22/11/2020;1,27;V
23/11/2020;1,25;V
24/11/2020;1,25;V
25/11/2020;1,25;V
26/11/2020;1,24;V
27/11/2020;1,25;V
28/11/2020;1,24;V
29/11/2020;1,22;V
30/11/2020;1,23;V
01/12/2020;1,22;V
02/12/2020;1,28;V
03/12/2020;1,33;V
04/12/2020;1,31;V
05/12/2020;2,45;V
06/12/2020;3,14;V
07/12/2020;2,44;V
08/12/2020;2,98;V
09/12/2020;2,62;V
10/12/2020;2,27;V
11/12/2020;2,01;V
12/12/2020;1,79;V
13/12/2020;1,66;V
14/12/2020;1,58;V
15/12/2020;1,54;V
16/12/2020;1,52;V
17/12/2020;1,52;V
18/12/2020;1,54;V
19/12/2020;1,51;V
20/12/2020;1,49;V
21/12/2020;1,46;V
22/12/2020;1,44;V
23/12/2020;1,45;V
24/12/2020;1,67;V
25/12/2020;2,04;V
26/12/2020;1,95;V
27/12/2020;1,77;V
28/12/2020;2,29;V
29/12/2020;2,85;V
30/12/2020;2,59;V
31/12/2020;2,16;V
01/01/2021;2,72;V
02/01/2021;2,74;V
03/01/2021;2,45;V
04/01/2021;2,15;V
05/01/2021;2,16;V
06/01/2021;2,39;V
07/01/2021;2,21;V
08/01/2021;2,03;V
09/01/2021;1,88;V
10/01/2021;1,78;V
11/01/2021;1,70;V
12/01/2021;1,65;V
13/01/2021;1,61;V
14/01/2021;1,60;V
15/01/2021;1,59;V
16/01/2021;1,56;V
17/01/2021;1,55;V
18/01/2021;1,52;V
19/01/2021;1,51;V
20/01/2021;1,51;V
21/01/2021;1,54;V
22/01/2021;1,91;V
23/01/2021;3,36;V
24/01/2021;3,29;V
25/01/2021;2,47;V
26/01/2021;2,08;V
27/01/2021;1,88;V
28/01/2021;1,77;V
29/01/2021;1,75;V
30/01/2021;1,73;V
31/01/2021;2,56;V
01/02/2021;2,17;V
02/02/2021;2,00;V
03/02/2021;1,87;V
04/02/2021;1,88;V
05/02/2021;1,84;V
06/02/2021;1,76;V
07/02/2021;1,96;V
08/02/2021;2,21;V
09/02/2021;2,98;V
10/02/2021;2,78;V
11/02/2021;2,39;V
12/02/2021;2,09;V
13/02/2021;1,94;V
14/02/2021;1,81;V
15/02/2021;1,74;V
16/02/2021;1,70;V
17/02/2021;1,74;V
18/02/2021;1,71;V
19/02/2021;1,67;V
20/02/2021;1,64;V
21/02/2021;1,61;V
22/02/2021;1,59;V
23/02/2021;1,56;V
24/02/2021;1,55;V
25/02/2021;1,53;V
26/02/2021;1,52;V
27/02/2021;1,51;V
28/02/2021;1,48;V
01/03/2021;1,48;V
02/03/2021;1,46;V
03/03/2021;1,46;V
04/03/2021;1,45;V
05/03/2021;1,45;V
06/03/2021;1,43;V
07/03/2021;1,43;V
08/03/2021;1,42;V
09/03/2021;1,41;V
10/03/2021;1,40;V
11/03/2021;1,41;V
12/03/2021;1,41;V
13/03/2021;1,40;V
14/03/2021;1,42;V
15/03/2021;1,40;V
16/03/2021;1,39;V
17/03/2021;1,38;V
18/03/2021;1,37;V
19/03/2021;1,37;V
20/03/2021;1,36;V
21/03/2021;1,36;V
22/03/2021;1,35;V
23/03/2021;1,35;V
24/03/2021;1,34;V
25/03/2021;1,35;V
26/03/2021;1,35;V
27/03/2021;1,35;V
28/03/2021;1,34;V
29/03/2021;1,33;V
30/03/2021;1,32;V
31/03/2021;1,32;V
01/04/2021;1,31;V
02/04/2021;1,31;V
03/04/2021;1,31;V
04/04/2021;1,30;V
05/04/2021;1,31;V
06/04/2021;1,31;V
07/04/2021;1,30;V
08/04/2021;1,29;V
09/04/2021;1,29;V
10/04/2021;1,30;V
11/04/2021;1,58;V
12/04/2021;2,75;V
13/04/2021;2,40;V
14/04/2021;1,84;V
15/04/2021;1,64;V
16/04/2021;1,57;V
17/04/2021;1,52;V
18/04/2021;1,49;V
19/04/2021;1,46;V
20/04/2021;1,45;V
21/04/2021;1,43;V
22/04/2021;1,41;V
23/04/2021;1,40;V
24/04/2021;1,38;V
25/04/2021;1,37;V
26/04/2021;1,37;V
27/04/2021;1,40;V
28/04/2021;1,39;V
29/04/2021;1,48;V
30/04/2021;1,68;V
01/05/2021;1,55;V
02/05/2021;1,60;V
03/05/2021;1,55;V
04/05/2021;1,50;V
05/05/2021;1,47;V
06/05/2021;1,44;V
07/05/2021;1,43;V
08/05/2021;1,41;V
09/05/2021;1,40;V
10/05/2021;1,38;V
11/05/2021;1,42;V
12/05/2021;2,03;V
13/05/2021;1,83;V
14/05/2021;1,66;V
15/05/2021;1,64;V
16/05/2021;1,63;V
17/05/2021;1,63;V
18/05/2021;1,62;V
19/05/2021;1,60;V
20/05/2021;1,57;V
21/05/2021;1,53;V
22/05/2021;1,51;V
23/05/2021;1,50;V
24/05/2021;1,53;V
25/05/2021;1,59;V
26/05/2021;1,52;V
27/05/2021;1,49;V
28/05/2021;1,47;V
29/05/2021;1,45;V
30/05/2021;1,43;V
31/05/2021;1,41;V
01/06/2021;1,40;V
02/06/2021;1,39;V
03/06/2021;1,38;V
04/06/2021;1,36;V
05/06/2021;1,38;V
06/06/2021;1,38;V
07/06/2021;1,36;V
08/06/2021;1,41;V
09/06/2021;1,37;V
10/06/2021;1,36;V
11/06/2021;1,36;V
12/06/2021;1,34;V
13/06/2021;1,34;V
14/06/2021;1,35;V
15/06/2021;1,33;V
16/06/2021;1,33;V
17/06/2021;1,32;V
18/06/2021;1,31;V
19/06/2021;1,30;V
20/06/2021;1,31;V
21/06/2021;1,30;V
22/06/2021;1,29;V
23/06/2021;1,28;V
24/06/2021;1,27;V
25/06/2021;1,27;V
26/06/2021;1,26;V
27/06/2021;1,26;V
28/06/2021;1,26;V
29/06/2021;1,25;V
30/06/2021;1,25;V
01/07/2021;1,24;V
02/07/2021;1,25;V
03/07/2021;1,24;V
04/07/2021;1,25;V
05/07/2021;1,25;V
06/07/2021;1,24;V
07/07/2021;1,24;V
08/07/2021;1,24;V
09/07/2021;1,23;V
10/07/2021;1,23;V
11/07/2021;1,24;V
12/07/2021;1,23;V
13/07/2021;1,27;V
14/07/2021;1,30;V
15/07/2021;1,24;V
16/07/2021;1,23;V
17/07/2021;1,25;V
18/07/2021;1,24;V
19/07/2021;1,22;V
20/07/2021;1,21;V
21/07/2021;1,20;V
22/07/2021;1,21;V
23/07/2021;1,21;V
24/07/2021;1,21;V
25/07/2021;1,21;V
26/07/2021;1,21;V
27/07/2021;1,20;V
28/07/2021;;@
29/07/2021;;@
30/07/2021;;@
31/07/2021;;@
01/08/2021;;@
02/08/2021;;@
03/08/2021;;@
04/08/2021;;@
05/08/2021;;@
06/08/2021;;@
07/08/2021;;@
08/08/2021;;@
09/08/2021;;@
10/08/2021;;@
11/08/2021;;@
12/08/2021;;@
13/08/2021;;@
14/08/2021;;@
15/08/2021;;@
16/08/2021;;@
17/08/2021;;@
18/08/2021;;@
19/08/2021;;@
20/08/2021;;@
21/08/2021;;@
22/08/2021;;@
23/08/2021;;@
24/08/2021;;@
25/08/2021;;@
26/08/2021;;@
27/08/2021;;@
28/08/2021;;@
29/08/2021;;@
30/08/2021;;@
31/08/2021;;@
01/09/2021;;@
02/09/2021;;@
03/09/2021;;@
04/09/2021;;@
05/09/2021;;@
06/09/2021;;@
07/09/2021;;@
08/09/2021;;@
09/09/2021;;@
10/09/2021;;@
11/09/2021;;@
12/09/2021;;@
13/09/2021;;@
14/09/2021;;@
15/09/2021;;@
16/09/2021;;@
17/09/2021;;@
18/09/2021;;@
19/09/2021;;@
20/09/2021;;@
21/09/2021;;@
22/09/2021;;@
23/09/2021;;@
24/09/2021;;@
25/09/2021;;@
26/09/2021;;@
27/09/2021;;@
28/09/2021;;@
29/09/2021;;@
30/09/2021;;@
01/10/2021;;@
02/10/2021;;@
03/10/2021;;@
04/10/2021;;@
05/10/2021;;@
06/10/2021;;@
07/10/2021;;@
08/10/2021;;@
09/10/2021;;@
10/10/2021;;@
11/10/2021;;@
12/10/2021;;@
13/10/2021;;@
14/10/2021;;@
15/10/2021;;@
16/10/2021;;@
17/10/2021;;@
18/10/2021;;@
19/10/2021;;@
20/10/2021;;@
21/10/2021;;@
22/10/2021;;@
23/10/2021;;@
24/10/2021;;@
25/10/2021;;@
26/10/2021;;@
27/10/2021;;@
28/10/2021;;@
29/10/2021;;@
30/10/2021;;@
31/10/2021;;@
01/11/2021;;@
02/11/2021;;@
03/11/2021;;@
04/11/2021;;@
05/11/2021;;@
06/11/2021;;@
07/11/2021;;@
08/11/2021;;@
09/11/2021;1,25;V
10/11/2021;1,25;V
11/11/2021;1,26;V
12/11/2021;1,26;V
13/11/2021;1,26;V
14/11/2021;1,46;V
15/11/2021;1,47;V
16/11/2021;1,39;V
17/11/2021;1,46;V
18/11/2021;1,40;V
19/11/2021;1,35;V
20/11/2021;1,33;V
21/11/2021;1,30;V
22/11/2021;1,30;V
23/11/2021;1,29;V
24/11/2021;1,28;V
25/11/2021;1,30;V
26/11/2021;1,44;V
27/11/2021;1,55;V
28/11/2021;1,67;V
29/11/2021;1,53;V
30/11/2021;1,45;V
01/12/2021;1,41;V
02/12/2021;2,18;V
03/12/2021;1,96;V
04/12/2021;1,70;V
05/12/2021;2,45;V
06/12/2021;1,74;V
07/12/2021;1,59;V
08/12/2021;1,85;V
09/12/2021;2,21;V
10/12/2021;1,81;V
11/12/2021;1,66;V
12/12/2021;1,57;V
13/12/2021;1,52;V
14/12/2021;1,49;V
15/12/2021;1,47;V
16/12/2021;1,44;V
17/12/2021;1,42;V
18/12/2021;1,41;V
19/12/2021;1,40;V
20/12/2021;1,39;V
21/12/2021;1,38;V
22/12/2021;1,36;V
23/12/2021;1,37;V
24/12/2021;1,41;V
25/12/2021;3,17;V
26/12/2021;3,31;V
27/12/2021;2,42;V
28/12/2021;2,09;V
29/12/2021;1,91;V
30/12/2021;1,76;V
31/12/2021;1,67;V
01/01/2022;1,62;V
02/01/2022;1,58;V
03/01/2022;1,55;V
04/01/2022;1,53;V
05/01/2022;1,82;V
06/01/2022;2,69;V
07/01/2022;1,95;V
08/01/2022;1,77;V
09/01/2022;1,72;V
10/01/2022;1,65;V
11/01/2022;1,59;V
12/01/2022;1,55;V
13/01/2022;1,52;V
14/01/2022;1,52;V
15/01/2022;1,52;V
16/01/2022;1,51;V
17/01/2022;1,49;V
18/01/2022;1,48;V
19/01/2022;1,47;V
20/01/2022;1,48;V
21/01/2022;1,45;V
22/01/2022;1,45;V
23/01/2022;1,44;V
24/01/2022;1,43;V
25/01/2022;1,42;V
26/01/2022;1,42;V
27/01/2022;1,41;V
28/01/2022;1,40;V
29/01/2022;1,40;V
30/01/2022;1,39;V
31/01/2022;1,39;V
01/02/2022;1,38;V
02/02/2022;1,38;V
03/02/2022;1,37;V
04/02/2022;1,37;V
05/02/2022;1,38;V
06/02/2022;1,37;V
07/02/2022;1,36;V
08/02/2022;1,35;V
09/02/2022;1,35;V
10/02/2022;1,35;V
11/02/2022;1,35;V
12/02/2022;1,33;V
13/02/2022;1,34;V
14/02/2022;1,36;V
15/02/2022;1,88;V
16/02/2022;1,86;V
17/02/2022;1,63;V
18/02/2022;1,55;V
19/02/2022;1,51;V
20/02/2022;1,48;V
21/02/2022;1,47;V
22/02/2022;1,46;V
23/02/2022;1,44;V
24/02/2022;1,43;V
25/02/2022;1,43;V
26/02/2022;1,46;V
27/02/2022;1,43;V
28/02/2022;1,43;V
01/03/2022;1,41;V
02/03/2022;1,42;V
03/03/2022;1,41;V
04/03/2022;1,40;V
05/03/2022;1,39;V
06/03/2022;1,39;V
07/03/2022;1,38;V
08/03/2022;1,37;V
09/03/2022;1,37;V
10/03/2022;1,37;V
11/03/2022;1,36;V
12/03/2022;1,35;V
13/03/2022;1,36;V
14/03/2022;1,35;V
15/03/2022;1,35;V
16/03/2022;1,35;V
17/03/2022;1,33;V
18/03/2022;1,32;V
19/03/2022;1,31;V
20/03/2022;1,32;V
21/03/2022;1,33;V
22/03/2022;1,32;V
23/03/2022;1,32;V
24/03/2022;1,32;V
25/03/2022;1,32;V
26/03/2022;1,32;V
27/03/2022;1,32;V
28/03/2022;1,32;V
29/03/2022;1,32;V
30/03/2022;1,32;V
31/03/2022;2,41;V
01/04/2022;2,15;V
02/04/2022;1,92;V
03/04/2022;1,78;V
04/04/2022;1,67;V
05/04/2022;1,61;V
06/04/2022;1,56;V
07/04/2022;1,53;V
08/04/2022;1,51;V
09/04/2022;1,49;V
10/04/2022;1,48;V
11/04/2022;1,45;V
12/04/2022;1,44;V
13/04/2022;1,42;V
14/04/2022;1,41;V
15/04/2022;1,40;V
16/04/2022;1,39;V
17/04/2022;1,38;V
18/04/2022;1,39;V
19/04/2022;1,38;V
20/04/2022;1,38;V
21/04/2022;1,39;V
22/04/2022;1,59;V
23/04/2022;1,58;V
24/04/2022;2,13;V
25/04/2022;1,98;V
26/04/2022;1,72;V
27/04/2022;1,62;V
28/04/2022;1,56;V
29/04/2022;1,52;V
30/04/2022;1,50;V
01/05/2022;1,49;V
02/05/2022;1,47;V
03/05/2022;1,46;V
04/05/2022;1,44;V
05/05/2022;1,44;V
06/05/2022;1,48;V
07/05/2022;1,48;V
08/05/2022;1,46;V
09/05/2022;1,44;V
10/05/2022;1,43;V
11/05/2022;1,41;V
12/05/2022;1,40;V
13/05/2022;1,40;V
14/05/2022;1,39;V
15/05/2022;1,39;V
16/05/2022;1,38;V
17/05/2022;1,37;V
18/05/2022;1,37;V
19/05/2022;1,36;V
20/05/2022;1,36;V
21/05/2022;1,35;V
22/05/2022;1,36;V
23/05/2022;1,35;V
24/05/2022;1,34;V
25/05/2022;1,34;V
26/05/2022;1,33;V
27/05/2022;1,33;V
28/05/2022;1,32;V
29/05/2022;1,33;V
30/05/2022;1,33;V
31/05/2022;1,31;V
01/06/2022;1,31;V
02/06/2022;1,30;V
03/06/2022;1,31;V
04/06/2022;1,30;V
05/06/2022;1,30;V
06/06/2022;1,27;V
07/06/2022;1,28;V
08/06/2022;1,30;V
09/06/2022;1,29;V
10/06/2022;1,27;V
11/06/2022;1,27;V
12/06/2022;1,27;V
13/06/2022;1,26;V
14/06/2022;1,26;V
15/06/2022;1,24;V
16/06/2022;1,26;V
17/06/2022;1,26;V
18/06/2022;1,24;V
19/06/2022;1,23;V
20/06/2022;1,24;V
21/06/2022;1,23;V
22/06/2022;1,23;V
23/06/2022;1,23;V
24/06/2022;1,23;V
25/06/2022;1,22;V
26/06/2022;1,22;V
27/06/2022;1,21;V
28/06/2022;1,20;V
29/06/2022;1,21;V
30/06/2022;1,22;V
01/07/2022;1,22;V
02/07/2022;1,19;V
03/07/2022;1,20;V
04/07/2022;1,20;V
05/07/2022;1,21;V
06/07/2022;1,20;V
07/07/2022;1,20;V
08/07/2022;1,22;V
09/07/2022;1,23;V
10/07/2022;1,22;V
11/07/2022;1,20;V
12/07/2022;1,21;V
13/07/2022;1,21;V
14/07/2022;1,21;V
15/07/2022;1,20;V
16/07/2022;1,20;V
17/07/2022;1,21;V
18/07/2022;1,21;V
19/07/2022;1,20;V
20/07/2022;1,19;V
21/07/2022;1,18;V
22/07/2022;1,18;V
23/07/2022;1,19;V
24/07/2022;1,19;V
25/07/2022;1,20;V
26/07/2022;1,19;V
27/07/2022;1,19;V
28/07/2022;1,19;V
29/07/2022;1,19;V
30/07/2022;1,18;V
31/07/2022;1,20;V
01/08/2022;1,18;V
02/08/2022;1,17;V
03/08/2022;1,16;V
04/08/2022;1,16;V
05/08/2022;1,16;V
06/08/2022;1,17;V
07/08/2022;1,16;V
08/08/2022;1,16;V
09/08/2022;1,16;V
10/08/2022;1,16;V
11/08/2022;1,16;V
12/08/2022;1,16;V
13/08/2022;1,19;V
14/08/2022;1,19;V
15/08/2022;1,19;V
16/08/2022;1,31;V
17/08/2022;1,21;V
18/08/2022;1,24;V
19/08/2022;1,38;V
20/08/2022;1,32;V
21/08/2022;1,24;V
22/08/2022;1,22;V
23/08/2022;1,20;V
24/08/2022;1,20;V
25/08/2022;1,19;V
26/08/2022;1,19;V
27/08/2022;1,22;V
28/08/2022;1,22;V
29/08/2022;1,21;V
30/08/2022;1,19;V
31/08/2022;1,19;V
01/09/2022;1,19;V
02/09/2022;1,20;V
03/09/2022;1,21;V
04/09/2022;1,21;V
05/09/2022;1,20;V
06/09/2022;1,19;V
07/09/2022;1,17;V
08/09/2022;1,17;V
09/09/2022;1,17;V
10/09/2022;1,17;V
11/09/2022;1,17;V
12/09/2022;1,19;V
13/09/2022;1,19;V
14/09/2022;1,18;V
15/09/2022;1,27;V
16/09/2022;1,24;V
17/09/2022;1,29;V
18/09/2022;1,27;V
19/09/2022;1,25;V
20/09/2022;1,24;V
21/09/2022;1,23;V
22/09/2022;1,22;V
23/09/2022;1,21;V
24/09/2022;1,24;V
25/09/2022;1,38;V
26/09/2022;1,28;V
27/09/2022;1,24;V
28/09/2022;1,25;V
29/09/2022;1,32;V
30/09/2022;1,43;V
01/10/2022;1,39;V
02/10/2022;1,30;V
03/10/2022;1,28;V
04/10/2022;1,25;V
05/10/2022;1,23;V
06/10/2022;1,23;V
07/10/2022;1,23;V
08/10/2022;1,23;V
09/10/2022;1,23;V
10/10/2022;1,23;V
11/10/2022;1,24;V
12/10/2022;1,23;V
13/10/2022;1,22;V
14/10/2022;1,21;V
15/10/2022;1,20;V
16/10/2022;1,21;V
17/10/2022;1,21;V
18/10/2022;1,21;V
19/10/2022;1,21;V
20/10/2022;1,22;V
21/10/2022;1,22;V
22/10/2022;1,21;V
23/10/2022;1,21;V
24/10/2022;1,22;V
25/10/2022;1,23;V
26/10/2022;1,22;V
27/10/2022;1,21;V
28/10/2022;1,21;V
29/10/2022;1,21;V
30/10/2022;1,21;V
31/10/2022;1,22;V
01/11/2022;1,22;V
02/11/2022;1,22;V
03/11/2022;1,23;V
04/11/2022;1,43;V
05/11/2022;1,30;V
06/11/2022;1,28;V
07/11/2022;1,27;V
08/11/2022;1,25;V
09/11/2022;1,24;V
10/11/2022;1,25;V
11/11/2022;1,29;V
12/11/2022;1,28;V
13/11/2022;1,25;V
14/11/2022;1,25;V
15/11/2022;1,23;V
16/11/2022;1,30;V
17/11/2022;1,36;V
18/11/2022;1,35;V
19/11/2022;1,37;V
20/11/2022;1,34;V
21/11/2022;1,32;V
22/11/2022;1,76;V
23/11/2022;1,72;V
24/11/2022;1,44;V
25/11/2022;1,36;V
26/11/2022;1,32;V
27/11/2022;1,29;V
28/11/2022;1,30;V
29/11/2022;1,27;V
30/11/2022;1,26;V
01/12/2022;1,25;V
02/12/2022;1,26;V
03/12/2022;1,26;V
04/12/2022;1,31;V
05/12/2022;1,90;V
06/12/2022;1,98;V
07/12/2022;1,57;V
08/12/2022;1,47;V
09/12/2022;2,62;V
10/12/2022;;@
11/12/2022;;@
12/12/2022;;@
13/12/2022;;@
14/12/2022;1,54;R
15/12/2022;1,93;V
16/12/2022;3,59;V
17/12/2022;2,53;V
18/12/2022;2,00;V
19/12/2022;1,77;V
20/12/2022;1,69;V
21/12/2022;1,65;V
22/12/2022;1,65;V
23/12/2022;1,63;V
24/12/2022;1,61;V
25/12/2022;1,60;V
26/12/2022;1,57;V
27/12/2022;1,54;V
28/12/2022;1,51;V
29/12/2022;1,54;V
30/12/2022;1,57;V
31/12/2022;1,60;V
01/01/2023;1,58;V
02/01/2023;1,55;V
03/01/2023;1,52;V
04/01/2023;1,50;V
05/01/2023;1,48;V
06/01/2023;1,47;V
07/01/2023;1,45;V
08/01/2023;1,45;V
09/01/2023;3,28;V
10/01/2023;2,20;V
11/01/2023;1,87;V
12/01/2023;1,74;V
13/01/2023;1,66;V
14/01/2023;1,62;V
15/01/2023;1,58;V
16/01/2023;1,60;V
17/01/2023;2,29;V
18/01/2023;2,59;V
19/01/2023;2,39;V
20/01/2023;2,14;V
21/01/2023;1,93;V
22/01/2023;1,79;V
23/01/2023;1,74;V
24/01/2023;1,72;V
25/01/2023;1,69;V
26/01/2023;1,69;V
27/01/2023;1,65;V
28/01/2023;1,60;V
29/01/2023;1,57;V
30/01/2023;1,56;V
31/01/2023;1,54;V
01/02/2023;1,53;V
02/02/2023;1,52;V
03/02/2023;1,51;V
04/02/2023;1,50;V
05/02/2023;1,50;V
06/02/2023;1,47;V
07/02/2023;1,44;V
08/02/2023;1,44;V
09/02/2023;1,42;V
10/02/2023;1,41;V
11/02/2023;1,41;V
12/02/2023;1,41;V
13/02/2023;1,39;V
14/02/2023;1,39;V
15/02/2023;1,38;V
16/02/2023;1,37;V
17/02/2023;1,36;V
18/02/2023;1,36;V
19/02/2023;1,35;V
20/02/2023;1,35;V
21/02/2023;1,34;V
22/02/2023;1,33;V
23/02/2023;1,33;V
24/02/2023;1,32;V
25/02/2023;1,32;V
26/02/2023;1,56;V
27/02/2023;1,60;V
28/02/2023;1,48;V
01/03/2023;1,52;V
02/03/2023;1,50;V
03/03/2023;1,50;V
04/03/2023;1,52;V
05/03/2023;1,49;V
06/03/2023;1,53;V
07/03/2023;1,73;V
08/03/2023;1,63;V
09/03/2023;1,60;V
10/03/2023;1,60;V
11/03/2023;1,59;V
12/03/2023;1,55;V
13/03/2023;1,50;V
14/03/2023;1,51;V
15/03/2023;1,52;V
16/03/2023;1,49;V
17/03/2023;1,47;V
18/03/2023;1,46;V
19/03/2023;1,45;V
20/03/2023;1,98;V
21/03/2023;1,74;V
22/03/2023;1,62;V
23/03/2023;1,56;V
24/03/2023;1,52;V
25/03/2023;1,50;V
26/03/2023;1,48;V
27/03/2023;1,50;V
28/03/2023;1,46;V
29/03/2023;1,45;V
30/03/2023;1,44;V
31/03/2023;1,43;V
01/04/2023;1,66;V
02/04/2023;1,54;V
03/04/2023;1,48;V
04/04/2023;1,46;V
05/04/2023;1,44;V
06/04/2023;1,44;V
07/04/2023;1,43;V
08/04/2023;1,44;V
09/04/2023;1,41;V
10/04/2023;1,38;V
11/04/2023;1,38;V
12/04/2023;1,38;V
13/04/2023;1,37;V
14/04/2023;1,38;V
15/04/2023;1,51;V
16/04/2023;1,42;V
17/04/2023;1,38;V
18/04/2023;1,37;V
19/04/2023;1,37;V
20/04/2023;1,37;V
21/04/2023;1,36;V
22/04/2023;1,38;V
23/04/2023;1,35;V
24/04/2023;1,36;V
25/04/2023;1,39;V
26/04/2023;1,36;V
27/04/2023;1,34;V
28/04/2023;1,33;V
29/04/2023;1,32;V
30/04/2023;1,31;V
01/05/2023;1,31;V
02/05/2023;1,35;V
03/05/2023;1,47;V
04/05/2023;1,41;V
05/05/2023;1,35;V
06/05/2023;1,33;V
07/05/2023;1,32;V
08/05/2023;1,30;V
09/05/2023;1,30;V
10/05/2023;1,40;V
11/05/2023;1,48;V
12/05/2023;1,47;V
13/05/2023;1,46;V
14/05/2023;1,46;V
15/05/2023;1,43;V
16/05/2023;1,48;V
17/05/2023;1,74;V
18/05/2023;1,59;V
19/05/2023;1,52;V
20/05/2023;1,54;V
21/05/2023;1,51;V
22/05/2023;1,46;V
23/05/2023;1,43;V
24/05/2023;1,46;V
25/05/2023;1,42;V
26/05/2023;1,39;V
27/05/2023;1,37;V
28/05/2023;1,35;V
29/05/2023;1,34;V
30/05/2023;1,33;V
31/05/2023;1,32;V
01/06/2023;1,33;V
02/06/2023;1,35;V
03/06/2023;1,37;V
04/06/2023;1,35;V
05/06/2023;1,42;V
06/06/2023;1,38;V
07/06/2023;1,42;V
08/06/2023;1,49;V
09/06/2023;1,39;V
10/06/2023;1,37;V
11/06/2023;1,50;V
12/06/2023;1,38;V
13/06/2023;1,36;V
14/06/2023;1,35;V
15/06/2023;1,32;V
16/06/2023;1,31;V
17/06/2023;1,31;V
18/06/2023;1,30;V
19/06/2023;1,28;V
20/06/2023;1,27;V
21/06/2023;1,27;V
22/06/2023;1,26;V
23/06/2023;1,26;V
24/06/2023;1,26;V
25/06/2023;1,26;V
26/06/2023;1,25;V
27/06/2023;1,24;V
28/06/2023;1,24;V
29/06/2023;1,24;V
30/06/2023;1,25;V
01/07/2023;1,28;V
02/07/2023;1,28;V
03/07/2023;1,25;V
04/07/2023;1,23;V
05/07/2023;1,22;V
06/07/2023;1,22;V
07/07/2023;1,22;V
08/07/2023;1,22;V
09/07/2023;1,20;V
10/07/2023;1,20;V
11/07/2023;1,19;V
12/07/2023;1,19;V
13/07/2023;1,22;V
14/07/2023;1,20;V
15/07/2023;1,20;V
16/07/2023;1,20;V
17/07/2023;1,19;V
18/07/2023;1,18;V
19/07/2023;1,18;V
20/07/2023;1,18;V
21/07/2023;1,18;V
22/07/2023;1,17;V
23/07/2023;1,17;V
24/07/2023;1,17;V
25/07/2023;1,18;V
26/07/2023;1,20;V
27/07/2023;1,19;V
28/07/2023;1,17;V
29/07/2023;1,17;V
30/07/2023;1,17;V
31/07/2023;1,17;V
01/08/2023;1,17;V
02/08/2023;1,17;V
03/08/2023;1,17;V
04/08/2023;1,17;V
05/08/2023;1,18;V
06/08/2023;1,20;V
07/08/2023;1,19;V
08/08/2023;1,17;V
09/08/2023;1,17;V
10/08/2023;1,16;V
11/08/2023;1,16;V
12/08/2023;1,15;V
13/08/2023;1,15;V
14/08/2023;1,15;V
15/08/2023;1,14;V
16/08/2023;1,14;V
17/08/2023;1,15;V
18/08/2023;1,13;V
19/08/2023;1,15;V
20/08/2023;1,14;V
21/08/2023;1,13;V
22/08/2023;1,12;V
23/08/2023;1,12;V
24/08/2023;1,12;V
25/08/2023;1,11;V
26/08/2023;1,10;V
27/08/2023;1,11;V
28/08/2023;1,12;V
29/08/2023;1,16;V
30/08/2023;1,19;V
31/08/2023;1,18;V
01/09/2023;1,17;V
02/09/2023;1,16;V
03/09/2023;1,16;V
04/09/2023;1,15;V
05/09/2023;1,13;V
06/09/2023;1,13;V
07/09/2023;1,12;V
08/09/2023;1,12;V
09/09/2023;1,11;V
10/09/2023;1,12;V
11/09/2023;1,13;V
12/09/2023;1,13;V
13/09/2023;1,12;V
14/09/2023;1,13;V
15/09/2023;1,13;V
16/09/2023;1,12;V
17/09/2023;1,13;V
18/09/2023;1,14;V
19/09/2023;1,13;V
20/09/2023;1,14;V
21/09/2023;1,13;V
22/09/2023;1,17;V
23/09/2023;1,40;V
24/09/2023;1,23;V
25/09/2023;1,21;V
26/09/2023;1,18;V
27/09/2023;1,17;V
28/09/2023;1,17;V
29/09/2023;1,16;V
30/09/2023;1,17;V
01/10/2023;1,17;V
02/10/2023;1,18;V
03/10/2023;1,16;V
04/10/2023;1,16;V
05/10/2023;1,16;V
06/10/2023;1,16;V
07/10/2023;1,17;V
08/10/2023;1,18;V
09/10/2023;1,18;V
10/10/2023;1,18;V
11/10/2023;1,17;V
12/10/2023;1,18;V
13/10/2023;1,19;V
14/10/2023;1,19;V
15/10/2023;1,22;V
16/10/2023;1,23;V
17/10/2023;1,22;V
18/10/2023;1,22;V
19/10/2023;1,45;V
20/10/2023;1,43;V
21/10/2023;1,59;V
22/10/2023;1,42;V
23/10/2023;1,33;V
24/10/2023;1,47;V
25/10/2023;1,85;V
26/10/2023;1,90;V
27/10/2023;1,89;V
28/10/2023;1,62;V
29/10/2023;1,47;V
30/10/2023;1,83;V
31/10/2023;1,88;V
01/11/2023;1,60;V
02/11/2023;2,48;V
03/11/2023;3,90;V
04/11/2023;2,19;V
05/11/2023;3,36;V
06/11/2023;2,13;V
07/11/2023;1,85;V
08/11/2023;1,72;V
09/11/2023;1,65;V
10/11/2023;2,02;V
11/11/2023;2,23;V
12/11/2023;1,85;V
13/11/2023;1,73;V
14/11/2023;1,67;V
15/11/2023;1,63;V
16/11/2023;1,59;V
17/11/2023;1,59;V
18/11/2023;1,55;V
19/11/2023;1,53;V
20/11/2023;1,52;V
21/11/2023;1,51;V
22/11/2023;1,49;V
23/11/2023;1,46;V
24/11/2023;1,47;V
25/11/2023;1,45;V
26/11/2023;1,45;V
27/11/2023;1,44;V
28/11/2023;1,47;V
29/11/2023;1,45;V
30/11/2023;2,07;V
01/12/2023;2,31;V
02/12/2023;2,41;V
03/12/2023;2,20;V
04/12/2023;1,89;V
05/12/2023;2,40;V
06/12/2023;2,06;V
07/12/2023;1,86;V
08/12/2023;1,76;V
09/12/2023;1,70;V
10/12/2023;1,68;V
11/12/2023;1,68;V
12/12/2023;1,85;V
13/12/2023;2,10;V
14/12/2023;2,09;V
15/12/2023;1,85;V
16/12/2023;1,74;V
17/12/2023;1,68;V
18/12/2023;1,65;V
19/12/2023;1,63;V
20/12/2023;1,61;V
21/12/2023;1,59;V
22/12/2023;1,57;V
23/12/2023;1,55;V
24/12/2023;1,53;V
25/12/2023;1,51;V
26/12/2023;1,51;V
27/12/2023;1,50;V
28/12/2023;1,49;V
29/12/2023;1,48;V
30/12/2023;1,51;V
31/12/2023;1,59;V
01/01/2024;1,61;V
02/01/2024;1,59;V
03/01/2024;1,58;V
04/01/2024;1,57;V
05/01/2024;1,56;V
06/01/2024;2,45;V
07/01/2024;2,37;V
08/01/2024;2,06;V
09/01/2024;1,84;V
10/01/2024;1,73;V
11/01/2024;1,67;V
12/01/2024;1,64;V
13/01/2024;1,62;V
14/01/2024;1,60;V
15/01/2024;1,59;V
16/01/2024;1,56;V
17/01/2024;1,71;V
18/01/2024;2,29;V
19/01/2024;1,87;V
20/01/2024;1,72;V
21/01/2024;1,66;V
22/01/2024;1,64;V
23/01/2024;1,64;V
24/01/2024;1,60;V
25/01/2024;1,58;V
26/01/2024;1,56;V
27/01/2024;1,55;V
28/01/2024;1,53;V
29/01/2024;1,52;V
30/01/2024;1,51;V
31/01/2024;1,50;V
01/02/2024;1,50;V
02/02/2024;1,49;V
03/02/2024;1,48;V
04/02/2024;1,47;V
05/02/2024;1,46;V
06/02/2024;1,45;V
07/02/2024;1,45;V
08/02/2024;1,45;V
09/02/2024;1,44;V
10/02/2024;1,78;V
11/02/2024;2,80;V
12/02/2024;2,07;V
13/02/2024;1,85;V
14/02/2024;1,74;V
15/02/2024;1,68;V
16/02/2024;1,64;V
17/02/2024;1,61;V
18/02/2024;1,58;V
19/02/2024;1,56;V
20/02/2024;1,54;V
21/02/2024;1,53;V
22/02/2024;1,52;V
23/02/2024;1,67;V
24/02/2024;1,88;V
25/02/2024;1,75;V
26/02/2024;1,73;V
27/02/2024;3,63;V
28/02/2024;2,80;V
29/02/2024;2,14;V
01/03/2024;2,00;V
02/03/2024;2,31;V
03/03/2024;2,09;V
04/03/2024;2,06;V
05/03/2024;1,91;V
06/03/2024;1,82;V
07/03/2024;1,77;V
08/03/2024;1,73;V
09/03/2024;1,86;V
10/03/2024;2,16;V
11/03/2024;2,18;V
12/03/2024;1,92;V
13/03/2024;1,81;V
14/03/2024;1,76;V
15/03/2024;1,71;V
16/03/2024;1,69;V
17/03/2024;1,66;V
18/03/2024;1,64;V
19/03/2024;1,62;V
20/03/2024;1,60;V
21/03/2024;1,58;V
22/03/2024;1,58;V
23/03/2024;1,56;V
24/03/2024;1,56;V
25/03/2024;1,58;V
26/03/2024;1,56;V
27/03/2024;1,91;V
28/03/2024;2,47;V
29/03/2024;2,19;V
30/03/2024;1,87;V
31/03/2024;1,77;V
01/04/2024;1,80;V
02/04/2024;1,83;V
03/04/2024;1,76;V
04/04/2024;1,71;V
05/04/2024;1,67;V
06/04/2024;1,64;V
07/04/2024;1,61;V
08/04/2024;1,59;V
09/04/2024;1,57;V
10/04/2024;1,58;V
11/04/2024;1,55;V
12/04/2024;1,53;V
13/04/2024;1,52;V
14/04/2024;1,51;V
15/04/2024;1,50;V
16/04/2024;1,49;V
17/04/2024;1,48;V
18/04/2024;1,49;V
19/04/2024;1,48;V
20/04/2024;1,47;V
21/04/2024;1,46;V
22/04/2024;1,49;V
23/04/2024;1,56;V
24/04/2024;1,55;V
25/04/2024;1,51;V
26/04/2024;1,48;V
27/04/2024;1,48;V
28/04/2024;1,47;V
29/04/2024;1,43;V
30/04/2024;1,42;V
01/05/2024;1,47;V
02/05/2024;1,67;V
03/05/2024;1,72;V
04/05/2024;1,60;V
05/05/2024;1,53;V
06/05/2024;1,50;V
07/05/2024;1,55;V
08/05/2024;1,54;V
09/05/2024;1,49;V
10/05/2024;1,46;V
11/05/2024;1,45;V
12/05/2024;1,44;V
13/05/2024;1,43;V
14/05/2024;1,42;V
15/05/2024;1,42;V
16/05/2024;1,41;V
17/05/2024;1,40;V
18/05/2024;1,39;V
19/05/2024;1,38;V
20/05/2024;1,49;V
21/05/2024;1,58;V
22/05/2024;1,46;V
23/05/2024;1,41;V
24/05/2024;1,39;V
25/05/2024;1,38;V
26/05/2024;1,37;V
27/05/2024;1,37;V
28/05/2024;1,36;V
29/05/2024;1,36;V
30/05/2024;1,36;V
31/05/2024;1,37;V
01/06/2024;1,37;V
02/06/2024;1,35;V
03/06/2024;1,35;V
04/06/2024;1,35;V
05/06/2024;1,34;V
06/06/2024;1,33;V
07/06/2024;1,32;V
08/06/2024;1,32;V
09/06/2024;1,31;V
10/06/2024;1,43;V
11/06/2024;1,36;V
12/06/2024;1,33;V
13/06/2024;1,32;V
14/06/2024;1,32;V
15/06/2024;1,31;V
16/06/2024;1,31;V
17/06/2024;1,30;V
18/06/2024;1,30;V
19/06/2024;1,29;V
20/06/2024;1,29;V
21/06/2024;1,29;V
22/06/2024;1,29;V
23/06/2024;1,29;V
24/06/2024;1,43;V
25/06/2024;1,78;V
26/06/2024;1,51;V
27/06/2024;1,41;V
28/06/2024;1,36;V
29/06/2024;1,33;V
30/06/2024;1,32;V
01/07/2024;1,31;V
02/07/2024;1,30;V
03/07/2024;1,29;V
04/07/2024;1,30;V
05/07/2024;1,29;V
06/07/2024;1,28;V
07/07/2024;1,28;V
08/07/2024;1,28;V
09/07/2024;1,27;V
10/07/2024;1,26;V
11/07/2024;1,25;V
12/07/2024;1,25;V
13/07/2024;1,25;V
14/07/2024;1,25;V
15/07/2024;1,25;V
16/07/2024;1,24;V
17/07/2024;1,23;V
18/07/2024;1,24;V
19/07/2024;1,24;V
20/07/2024;1,23;V
21/07/2024;1,23;V
22/07/2024;1,28;V
23/07/2024;1,25;V
24/07/2024;1,23;V
25/07/2024;1,23;V
26/07/2024;1,23;V
27/07/2024;1,23;V
28/07/2024;1,23;V
29/07/2024;1,22;V
30/07/2024;1,22;V
31/07/2024;1,22;V
01/08/2024;1,22;V
02/08/2024;1,23;V
03/08/2024;1,25;V
04/08/2024;1,25;V
05/08/2024;1,25;V
06/08/2024;1,25;V
07/08/2024;1,25;V
08/08/2024;1,25;V
09/08/2024;1,24;V
10/08/2024;1,24;V
11/08/2024;1,24;V
12/08/2024;1,23;V
13/08/2024;1,23;V
14/08/2024;1,24;V
15/08/2024;1,24;V
16/08/2024;1,24;V
17/08/2024;1,24;V
18/08/2024;1,25;V
19/08/2024;1,25;V
20/08/2024;1,26;V
21/08/2024;1,26;V
22/08/2024;1,25;V
23/08/2024;1,24;V
24/08/2024;1,24;V
25/08/2024;1,24;V
26/08/2024;1,23;V
27/08/2024;1,23;V
28/08/2024;1,25;V
29/08/2024;1,27;V
30/08/2024;1,28;V
31/08/2024;1,27;V
01/09/2024;1,26;V
02/09/2024;1,26;V
03/09/2024;1,27;V
04/09/2024;1,25;V
05/09/2024;1,33;V
06/09/2024;1,43;V
07/09/2024;1,32;V
08/09/2024;1,74;V
09/09/2024;2,05;V
10/09/2024;1,49;V
11/09/2024;1,40;V
12/09/2024;1,38;V
13/09/2024;1,43;V
14/09/2024;1,38;V
15/09/2024;1,36;V
16/09/2024;1,35;V
17/09/2024;1,33;V
18/09/2024;1,36;V
19/09/2024;1,59;V
20/09/2024;1,47;V
21/09/2024;1,40;V
22/09/2024;1,37;V
23/09/2024;1,37;V
24/09/2024;1,39;V
25/09/2024;1,38;V
26/09/2024;1,36;V
27/09/2024;1,35;V
28/09/2024;1,35;V
29/09/2024;1,35;V
30/09/2024;1,34;V
01/10/2024;1,36;V
02/10/2024;1,41;V
03/10/2024;2,11;V
04/10/2024;1,93;V
05/10/2024;1,59;V
06/10/2024;1,50;V
07/10/2024;1,45;V
08/10/2024;1,74;V
09/10/2024;2,25;V
10/10/2024;1,84;V
11/10/2024;1,83;V
12/10/2024;1,65;V
13/10/2024;1,57;V
14/10/2024;1,52;V
15/10/2024;1,49;V
16/10/2024;1,47;V
17/10/2024;1,56;V
18/10/2024;3,66;V
19/10/2024;2,17;V
20/10/2024;1,89;V
21/10/2024;1,75;V
22/10/2024;1,68;V
23/10/2024;1,65;V
24/10/2024;2,17;V
25/10/2024;2,05;V
26/10/2024;2,46;V
27/10/2024;2,02;V
28/10/2024;1,82;V
29/10/2024;1,73;V
30/10/2024;1,66;V
31/10/2024;1,59;V
01/11/2024;1,56;V
02/11/2024;1,54;V
03/11/2024;1,52;V
04/11/2024;1,50;V
05/11/2024;1,49;V
06/11/2024;1,48;V
07/11/2024;1,47;V
08/11/2024;1,46;V
09/11/2024;1,44;V
10/11/2024;1,43;V
11/11/2024;1,41;V
12/11/2024;1,41;V
13/11/2024;1,41;V
14/11/2024;1,41;V
15/11/2024;1,41;V
16/11/2024;1,41;V
17/11/2024;1,42;V
18/11/2024;1,43;V
19/11/2024;1,41;V
20/11/2024;1,59;V
21/11/2024;1,89;V
22/11/2024;3,58;V
23/11/2024;2,05;V
24/11/2024;1,80;V
25/11/2024;1,70;V
26/11/2024;1,65;V
27/11/2024;1,69;V
28/11/2024;1,69;V
29/11/2024;1,62;V
30/11/2024;1,58;V
01/12/2024;1,55;V
02/12/2024;1,54;V
03/12/2024;1,53;V
04/12/2024;1,50;V
05/12/2024;1,48;V
06/12/2024;1,49;V
07/12/2024;1,49;V
08/12/2024;1,83;V
09/12/2024;1,74;V
10/12/2024;1,66;V
11/12/2024;1,61;V
12/12/2024;1,60;V
13/12/2024;1,58;V
14/12/2024;1,63;V
15/12/2024;1,61;V
16/12/2024;1,58;V
17/12/2024;1,57;V
18/12/2024;1,56;V
19/12/2024;1,56;V
20/12/2024;2,07;V
21/12/2024;1,85;V
22/12/2024;1,74;V
23/12/2024;1,71;V
24/12/2024;1,66;V
25/12/2024;1,61;V
26/12/2024;1,57;V
27/12/2024;1,55;V
28/12/2024;1,55;V
29/12/2024;1,54;V
30/12/2024;1,53;V
31/12/2024;1,52;V
01/01/2025;1,50;V
02/01/2025;1,49;V
03/01/2025;1,89;V
04/01/2025;1,80;V
05/01/2025;1,72;V
06/01/2025;1,77;V
07/01/2025;1,86;V
08/01/2025;2,01;V
09/01/2025;2,18;V
10/01/2025;2,17;V
11/01/2025;1,88;V
12/01/2025;1,76;V
13/01/2025;1,68;V
14/01/2025;1,64;V
15/01/2025;1,63;V
16/01/2025;1,59;V
17/01/2025;1,56;V
18/01/2025;1,54;V
19/01/2025;1,53;V
20/01/2025;1,54;V
21/01/2025;1,55;V
22/01/2025;1,55;V
23/01/2025;2,02;V
24/01/2025;1,99;V
25/01/2025;1,80;V
26/01/2025;1,76;V
27/01/2025;1,75;V
28/01/2025;3,04;V
29/01/2025;2,55;V
30/01/2025;2,14;V
31/01/2025;2,15;V
01/02/2025;3,60;V
02/02/2025;2,38;V
03/02/2025;2,05;V
04/02/2025;1,90;V
05/02/2025;1,82;V
06/02/2025;1,76;V
07/02/2025;1,72;V
08/02/2025;1,70;V
09/02/2025;1,89;V
10/02/2025;1,83;V
11/02/2025;1,75;V
12/02/2025;1,80;V
13/02/2025;1,92;V
14/02/2025;2,61;V
15/02/2025;2,16;V
16/02/2025;1,94;V
17/02/2025;1,83;V
18/02/2025;1,77;V
19/02/2025;1,71;V
20/02/2025;1,69;V
21/02/2025;1,67;V
22/02/2025;1,66;V
23/02/2025;1,70;V
24/02/2025;1,90;V
25/02/2025;1,91;V
26/02/2025;2,07;V
27/02/2025;1,97;V
28/02/2025;1,83;V
01/03/2025;1,83;V
02/03/2025;1,79;V
03/03/2025;1,74;V
04/03/2025;1,70;V
05/03/2025;1,67;V
06/03/2025;1,65;V
07/03/2025;1,63;V
08/03/2025;1,62;V
09/03/2025;1,60;V
10/03/2025;1,72;V
11/03/2025;1,69;V
12/03/2025;2,35;V
13/03/2025;2,88;V
14/03/2025;5,15;V
15/03/2025;4,33;V
16/03/2025;2,71;V
17/03/2025;2,26;V
18/03/2025;2,05;V
19/03/2025;1,94;V
20/03/2025;1,86;V
21/03/2025;1,81;V
22/03/2025;1,95;V
23/03/2025;2,18;V
24/03/2025;1,95;V
25/03/2025;1,85;V
26/03/2025;1,80;V
27/03/2025;1,76;V
28/03/2025;1,74;V
29/03/2025;1,72;V
30/03/2025;1,71;V
31/03/2025;1,68;V
01/04/2025;1,65;V
02/04/2025;1,63;V
03/04/2025;1,62;V
04/04/2025;1,61;V
05/04/2025;1,60;V
06/04/2025;1,58;V
07/04/2025;1,57;V
08/04/2025;1,56;V
09/04/2025;1,56;V
10/04/2025;1,55;V
11/04/2025;1,54;V
12/04/2025;1,54;V
13/04/2025;1,55;V
14/04/2025;1,72;V
15/04/2025;3,47;V
16/04/2025;2,24;V
17/04/2025;2,25;V
18/04/2025;2,35;V
19/04/2025;2,03;V
20/04/2025;1,88;V
21/04/2025;1,80;V
22/04/2025;1,74;V
23/04/2025;1,70;V
24/04/2025;1,68;V
25/04/2025;1,65;V
26/04/2025;1,63;V
27/04/2025;1,60;V
28/04/2025;1,58;V
29/04/2025;1,57;V
30/04/2025;1,56;V
01/05/2025;1,55;V
02/05/2025;1,54;V
03/05/2025;1,53;V
04/05/2025;1,53;V
05/05/2025;1,63;V
06/05/2025;1,64;V
07/05/2025;1,56;V
08/05/2025;1,54;V
09/05/2025;1,52;V
10/05/2025;1,51;V
11/05/2025;1,50;V
12/05/2025;1,49;V
13/05/2025;1,49;V
14/05/2025;1,48;V
15/05/2025;1,47;V
16/05/2025;1,60;V
17/05/2025;1,52;V
18/05/2025;1,48;V
19/05/2025;1,46;V
20/05/2025;1,47;V
21/05/2025;1,49;V
22/05/2025;1,47;V
23/05/2025;1,46;V
24/05/2025;1,45;V
25/05/2025;1,44;V
26/05/2025;1,44;V
27/05/2025;1,43;V
28/05/2025;1,42;V
29/05/2025;1,42;V
30/05/2025;1,42;V
31/05/2025;1,41;V
01/06/2025;1,40;V
02/06/2025;1,39;V
03/06/2025;1,39;V
04/06/2025;1,38;V
05/06/2025;1,38;V
06/06/2025;1,38;V
07/06/2025;1,38;V
08/06/2025;1,37;V
09/06/2025;1,36;V
10/06/2025;1,36;V
11/06/2025;1,36;V
12/06/2025;1,36;V
13/06/2025;1,35;V
14/06/2025;1,35;V
15/06/2025;1,34;V
16/06/2025;1,34;V
17/06/2025;1,34;V
18/06/2025;1,34;V
19/06/2025;1,34;V
20/06/2025;1,34;V
21/06/2025;1,33;V
22/06/2025;1,34;V
23/06/2025;1,33;V
24/06/2025;1,32;V
25/06/2025;1,33;V
26/06/2025;1,32;V
27/06/2025;1,32;V
28/06/2025;1,31;V
29/06/2025;1,31;V
30/06/2025;1,31;V
01/07/2025;1,30;V
02/07/2025;1,35;V
03/07/2025;1,37;V
04/07/2025;1,32;V
05/07/2025;1,31;V
06/07/2025;1,31;V
07/07/2025;1,30;V
08/07/2025;1,32;V
09/07/2025;1,33;V
10/07/2025;1,31;V
11/07/2025;1,30;V
12/07/2025;1,30;V
13/07/2025;1,31;V
14/07/2025;1,32;V
15/07/2025;1,31;V
16/07/2025;1,31;V
17/07/2025;1,31;V
18/07/2025;1,31;V
19/07/2025;1,30;V
20/07/2025;1,30;V
21/07/2025;1,30;V
22/07/2025;1,29;V
23/07/2025;1,29;V
24/07/2025;1,29;V
25/07/2025;1,29;V
26/07/2025;1,30;V
27/07/2025;1,32;V
28/07/2025;1,30;V
29/07/2025;1,33;V
30/07/2025;1,31;V
31/07/2025;1,29;V
01/08/2025;1,28;V
02/08/2025;1,28;V
03/08/2025;1,28;V
04/08/2025;1,28;V
05/08/2025;1,28;V
06/08/2025;1,27;V
07/08/2025;1,27;V
08/08/2025;1,27;V
09/08/2025;1,26;V
10/08/2025;1,26;V
11/08/2025;1,25;V
12/08/2025;1,24;V
13/08/2025;1,24;V
14/08/2025;1,25;V
15/08/2025;1,25;V
16/08/2025;1,24;V
17/08/2025;1,24;V
18/08/2025;1,24;V
19/08/2025;1,25;V
20/08/2025;1,25;V
21/08/2025;1,43;V
22/08/2025;1,34;V
23/08/2025;1,30;V
24/08/2025;1,29;V
25/08/2025;1,29;V
26/08/2025;1,29;V
27/08/2025;1,28;V
28/08/2025;1,27;V
29/08/2025;1,32;V
30/08/2025;1,33;V
31/08/2025;1,35;V
01/09/2025;1,30;V
02/09/2025;1,37;V
03/09/2025;1,36;V
04/09/2025;1,31;V
05/09/2025;1,29;V
06/09/2025;1,28;V
07/09/2025;1,27;V
08/09/2025;1,27;V
09/09/2025;1,30;V
10/09/2025;1,40;V
11/09/2025;1,43;V
12/09/2025;1,33;V
13/09/2025;1,30;V
14/09/2025;1,29;V
15/09/2025;1,29;V
16/09/2025;1,29;V
17/09/2025;1,28;V
18/09/2025;1,27;V
19/09/2025;1,27;V
20/09/2025;1,27;V
21/09/2025;1,26;V
22/09/2025;1,42;V
23/09/2025;1,42;V
24/09/2025;1,34;V
25/09/2025;1,31;V
26/09/2025;1,37;V
27/09/2025;1,42;V
28/09/2025;1,36;V
29/09/2025;1,32;V
30/09/2025;1,30;V
01/10/2025;1,29;V
02/10/2025;1,29;V
03/10/2025;1,29;V
04/10/2025;1,28;V
05/10/2025;1,33;V
06/10/2025;1,34;V
07/10/2025;1,31;V
08/10/2025;1,29;V
09/10/2025;1,28;V
10/10/2025;1,28;V
11/10/2025;1,27;V
12/10/2025;1,27;V
13/10/2025;1,27;V
14/10/2025;1,26;V
15/10/2025;1,26;V
16/10/2025;1,26;V
17/10/2025;1,26;V
18/10/2025;1,27;V
19/10/2025;1,27;V
20/10/2025;1,27;V
21/10/2025;1,43;V
22/10/2025;1,59;V
23/10/2025;2,13;V
24/10/2025;1,85;V
25/10/2025;1,54;V
26/10/2025;1,55;V
27/10/2025;1,60;V
28/10/2025;1,49;V
29/10/2025;1,43;V
30/10/2025;2,14;V
31/10/2025;2,33;V
01/11/2025;1,76;V
02/11/2025;1,61;V
03/11/2025;1,74;V
04/11/2025;1,62;V
05/11/2025;1,54;V
06/11/2025;1,50;V
07/11/2025;1,46;V
08/11/2025;1,43;V
09/11/2025;1,40;V
10/11/2025;1,40;V
11/11/2025;1,39;V
12/11/2025;1,38;V
13/11/2025;1,38;V
14/11/2025;1,37;V
15/11/2025;1,36;V
16/11/2025;1,49;V
17/11/2025;2,00;V
18/11/2025;1,96;V
19/11/2025;1,69;V
20/11/2025;1,66;V
21/11/2025;1,61;V
22/11/2025;1,58;V
23/11/2025;1,56;V
24/11/2025;2,38;V
25/11/2025;3,26;V
26/11/2025;2,15;V
27/11/2025;1,82;V
28/11/2025;1,70;V
29/11/2025;1,65;V
30/11/2025;1,60;V
01/12/2025;1,59;V
02/12/2025;1,61;V
03/12/2025;1,57;V
04/12/2025;1,54;V
05/12/2025;1,52;V
06/12/2025;1,51;V
07/12/2025;1,49;V
08/12/2025;1,48;V
09/12/2025;1,47;V
10/12/2025;1,46;V
11/12/2025;1,45;V
12/12/2025;1,44;V
13/12/2025;1,43;V
14/12/2025;1,42;V
15/12/2025;1,41;V
16/12/2025;1,42;V
17/12/2025;1,58;V
18/12/2025;1,61;V
19/12/2025;1,61;V
20/12/2025;1,65;V
21/12/2025;1,59;V
22/12/2025;1,54;V
23/12/2025;1,55;V
24/12/2025;1,66;V
25/12/2025;1,72;V
26/12/2025;1,64;V
27/12/2025;1,60;V
28/12/2025;1,57;V
29/12/2025;1,54;V
30/12/2025;1,52;V
31/12/2025;1,50;V
01/01/2026;1,49;P
02/01/2026;1,54;P
03/01/2026;1,53;P
04/01/2026;1,49;P
05/01/2026;1,47;P
06/01/2026;1,51;P
07/01/2026;1,49;P
08/01/2026;1,49;P
09/01/2026;1,61;P
10/01/2026;1,81;P
11/01/2026;1,68;P
12/01/2026;1,61;P
13/01/2026;1,61;P
14/01/2026;1,74;P
15/01/2026;1,70;P
16/01/2026;1,77;P
17/01/2026;1,70;P
18/01/2026;1,64;P
19/01/2026;1,57;P
20/01/2026;1,54;P
21/01/2026;1,53;P
22/01/2026;1,54;P
23/01/2026;1,53;P
24/01/2026;2,39;P
25/01/2026;2,92;P
26/01/2026;2,38;P
27/01/2026;1,98;P
28/01/2026;2,84;P
29/01/2026;2,50;P
30/01/2026;2,10;P
31/01/2026;1,91;P
01/02/2026;1,80;P
02/02/2026;1,74;P
03/02/2026;2,41;P
04/02/2026;2,91;P
05/02/2026;2,64;P
06/02/2026;2,77;P
07/02/2026;2,39;P
08/02/2026;2,15;P
09/02/2026;1,97;P
10/02/2026;1,86;P
11/02/2026;2,23;P
12/02/2026;2,45;P
13/02/2026;2,23;P
14/02/2026;2,23;P
15/02/2026;2,20;P
16/02/2026;2,02;P
17/02/2026;1,92;P
18/02/2026;1,83;P
19/02/2026;1,89;P
20/02/2026;1,88;P
21/02/2026;1,78;P
22/02/2026;1,73;P
23/02/2026;1,70;P
24/02/2026;1,68;P
25/02/2026;1,65;P
26/02/2026;1,63;P
27/02/2026;1,61;P
28/02/2026;1,59;P
01/03/2026;1,58;P
02/03/2026;1,56;P
03/03/2026;1,55;P
04/03/2026;1,54;P
05/03/2026;1,53;P
06/03/2026;1,51;P
07/03/2026;1,51;P
08/03/2026;1,51;P
09/03/2026;1,52;P
10/03/2026;1,51;P
11/03/2026;1,53;P
12/03/2026;1,87;P
13/03/2026;1,68;P
14/03/2026;1,61;P
15/03/2026;1,57;P
16/03/2026;1,54;P
17/03/2026;1,52;P
18/03/2026;1,51;P
19/03/2026;1,50;P
20/03/2026;1,50;P
21/03/2026;1,50;P
22/03/2026;1,49;P
23/03/2026;1,47;P
24/03/2026;1,47;P
25/03/2026;1,46;P
26/03/2026;1,60;P
27/03/2026;1,63;P
28/03/2026;1,56;P
29/03/2026;1,55;P
30/03/2026;1,53;P
31/03/2026;1,52;P
01/04/2026;1,49;P
02/04/2026;1,48;P
03/04/2026;1,47;P
04/04/2026;1,47;P
05/04/2026;1,45;P
06/04/2026;1,44;P
07/04/2026;1,43;P
08/04/2026;1,43;P
09/04/2026;1,42;P
10/04/2026;1,42;P
11/04/2026;1,42;P
12/04/2026;1,40;P
13/04/2026;1,39;P
14/04/2026;1,43;P
15/04/2026;1,40;P
16/04/2026;1,39;P
17/04/2026;1,38;P
18/04/2026;1,38;P
19/04/2026;1,38;P
20/04/2026;1,38;P
21/04/2026;1,38;P
22/04/2026;1,37;P
23/04/2026;1,36;P
24/04/2026;1,36;P
25/04/2026;1,34;P
26/04/2026;1,34;P
27/04/2026;1,33;P
28/04/2026;1,33;P
29/04/2026;1,32;P
30/04/2026;1,30;P
01/05/2026;1,31;P
02/05/2026;1,31;P
03/05/2026;1,32;P
04/05/2026;1,31;P
05/05/2026;1,48;P
06/05/2026;3,03;P
07/05/2026;2,01;P
08/05/2026;1,68;P
09/05/2026;1,57;P
10/05/2026;1,53;P
11/05/2026;1,51;P
12/05/2026;1,51;P
13/05/2026;1,59;P
14/05/2026;1,57;P
15/05/2026;1,56;P
16/05/2026;1,61;P
17/05/2026;;@
19/05/2026;;@
20/05/2026;1,47;P
21/05/2026;1,44;P
22/05/2026;1,43;P
23/05/2026;1,40;P
24/05/2026;1,39;P
25/05/2026;1,38;P
26/05/2026;1,38;P
27/05/2026;1,37;P
28/05/2026;1,40;P
29/05/2026;1,38;P
30/05/2026;1,36;P
31/05/2026;1,35;P
01/06/2026;1,36;P
02/06/2026;1,36;P
03/06/2026;2,02;P
04/06/2026;1,58;P
05/06/2026;1,47;P
06/06/2026;1,43;P
07/06/2026;1,40;P
08/06/2026;1,38;P
09/06/2026;1,37;P
10/06/2026;1,36;P
11/06/2026;1,35;P
