"Stazione";"Certaldo"
"Codice";"TOS01004967"
"Comune";"Certaldo"
"Provincia";"FI"
"GB [m]";"E";1664410;"N";4823332
"WGS84 [°]";"Lat";43.545;"Lon";11.035
"Quota [m]";65,00

;;;ATTENZIONE i dati sono nel fomato csv ed utilizzano
;;;come separatore di colonna il "punto e virgola" e
;;;come separatore decimale la "virgola"
;;;verificare le proprie impostazioni internazionali per una corretta visulizzazione.
;;;Il valore contrassegnato con N corrisponde al dato non validato
;;;Il valore contrassegnato con R corrisponde al dato ricostruito
;;;Il valore contrassegnato con I corrisponde al dato incerto
;;;Il valore contrassegnato con @ corrisponde al dato mancante
;;;Il valore contrassegnato con V corrisponde al dato validato
;;;Il valore contrassegnato con P corrisponde al dato prevalidato soggetto ad eventuali modifiche
;;;(consultare la sezione Criteri di validazione)

"gg/mm/aaaa";"Livello [m]";"Tipo Dato"
01/01/2002;-1,33;P
02/01/2002;-1,33;P
03/01/2002;-1,33;P
04/01/2002;-1,34;P
05/01/2002;-1,34;P
06/01/2002;-1,34;P
07/01/2002;-1,34;P
08/01/2002;-1,34;P
09/01/2002;-1,34;P
10/01/2002;-1,34;P
11/01/2002;-1,33;P
12/01/2002;-1,33;P
13/01/2002;-1,33;P
14/01/2002;-1,33;P
15/01/2002;-1,34;P
16/01/2002;-1,34;P
17/01/2002;-1,34;P
18/01/2002;-1,34;P
19/01/2002;-1,33;P
20/01/2002;-1,33;P
21/01/2002;-1,33;P
22/01/2002;-1,33;P
23/01/2002;-1,33;P
24/01/2002;-1,30;P
25/01/2002;-1,26;P
26/01/2002;-1,30;P
27/01/2002;-1,32;P
28/01/2002;-1,32;P
29/01/2002;-1,32;P
30/01/2002;-1,32;P
31/01/2002;-1,33;P
01/02/2002;-1,33;P
02/02/2002;-1,34;P
03/02/2002;-1,34;P
04/02/2002;-1,34;P
05/02/2002;-1,33;P
06/02/2002;-1,33;P
07/02/2002;-1,31;P
08/02/2002;-1,32;P
09/02/2002;-1,33;P
10/02/2002;-1,33;P
11/02/2002;-1,33;P
12/02/2002;-1,33;P
13/02/2002;-1,33;P
14/02/2002;-1,33;P
15/02/2002;-1,31;P
16/02/2002;-1,32;P
17/02/2002;-1,31;P
18/02/2002;-1,22;P
19/02/2002;-1,22;P
20/02/2002;-1,27;P
21/02/2002;-1,11;P
22/02/2002;-1,15;P
23/02/2002;-1,23;P
24/02/2002;-1,26;P
25/02/2002;-1,28;P
26/02/2002;-1,29;P
27/02/2002;-1,30;P
28/02/2002;-1,30;P
01/03/2002;-1,30;P
02/03/2002;-1,30;P
03/03/2002;-1,31;P
04/03/2002;-1,31;P
05/03/2002;-1,32;P
06/03/2002;-1,31;P
07/03/2002;-1,31;P
08/03/2002;-1,31;P
09/03/2002;-1,31;P
10/03/2002;-1,32;P
11/03/2002;-1,32;P
12/03/2002;-1,32;P
13/03/2002;-1,32;P
14/03/2002;-1,32;P
15/03/2002;-1,32;P
16/03/2002;-1,32;P
17/03/2002;-1,32;P
18/03/2002;-1,32;P
19/03/2002;-1,31;P
20/03/2002;-1,31;P
21/03/2002;-1,31;P
22/03/2002;-1,32;P
23/03/2002;-1,32;P
24/03/2002;-1,33;P
25/03/2002;-1,33;P
26/03/2002;-1,33;P
27/03/2002;-1,33;P
28/03/2002;-1,32;P
29/03/2002;-1,33;P
30/03/2002;-1,33;P
31/03/2002;-1,33;P
01/04/2002;-1,32;P
02/04/2002;-1,33;P
03/04/2002;-1,32;P
04/04/2002;-1,32;P
05/04/2002;-1,32;P
06/04/2002;-1,30;P
07/04/2002;-1,32;P
08/04/2002;-1,33;P
09/04/2002;-1,32;P
10/04/2002;-1,33;P
11/04/2002;-1,32;P
12/04/2002;-1,27;P
13/04/2002;-1,28;P
14/04/2002;-1,31;P
15/04/2002;-1,32;P
16/04/2002;-1,32;P
17/04/2002;-1,30;P
18/04/2002;-1,30;P
19/04/2002;-1,32;P
20/04/2002;-1,31;P
21/04/2002;-1,30;P
22/04/2002;-1,32;P
23/04/2002;-1,33;P
24/04/2002;-1,33;P
25/04/2002;-1,34;P
26/04/2002;-1,34;P
27/04/2002;-1,30;P
28/04/2002;-1,28;P
29/04/2002;-1,33;P
30/04/2002;-1,35;P
01/05/2002;-1,34;P
02/05/2002;-1,34;P
03/05/2002;-1,33;P
04/05/2002;-1,20;P
05/05/2002;-1,24;P
06/05/2002;-1,27;P
07/05/2002;-1,31;P
08/05/2002;-1,29;P
09/05/2002;-1,11;P
10/05/2002;-1,19;P
11/05/2002;-1,25;P
12/05/2002;-1,26;P
13/05/2002;-1,28;P
14/05/2002;-1,30;P
15/05/2002;-1,32;P
16/05/2002;-1,32;P
17/05/2002;-1,33;P
18/05/2002;-1,33;P
19/05/2002;-1,31;P
20/05/2002;-1,32;P
21/05/2002;-1,33;P
22/05/2002;-1,34;P
23/05/2002;-1,34;P
24/05/2002;-1,34;P
25/05/2002;-1,34;P
26/05/2002;-1,35;P
27/05/2002;-1,29;P
28/05/2002;-1,15;P
29/05/2002;-1,26;P
30/05/2002;-1,31;P
31/05/2002;-1,33;P
01/06/2002;-1,33;P
02/06/2002;-1,35;P
03/06/2002;-1,35;P
04/06/2002;-1,35;P
05/06/2002;-1,34;P
06/06/2002;-1,34;P
07/06/2002;-1,29;P
08/06/2002;-1,31;P
09/06/2002;-1,31;P
10/06/2002;-1,24;P
11/06/2002;-1,32;P
12/06/2002;-1,35;P
13/06/2002;-1,35;P
14/06/2002;-1,36;P
15/06/2002;-1,36;P
16/06/2002;-1,36;P
17/06/2002;-1,36;P
18/06/2002;-1,37;P
19/06/2002;-1,37;P
20/06/2002;-1,37;P
21/06/2002;-1,37;P
22/06/2002;-1,37;P
23/06/2002;-1,38;P
24/06/2002;-1,38;P
25/06/2002;-1,38;P
26/06/2002;-1,39;P
27/06/2002;-1,39;P
28/06/2002;-1,38;P
29/06/2002;-1,39;P
30/06/2002;-1,36;P
01/07/2002;-1,37;P
02/07/2002;-1,37;P
03/07/2002;-1,38;P
04/07/2002;-1,39;P
05/07/2002;-1,39;P
06/07/2002;-1,38;P
07/07/2002;-1,39;P
08/07/2002;-1,39;P
09/07/2002;-1,39;P
10/07/2002;-1,39;P
11/07/2002;-1,39;P
12/07/2002;-1,39;P
13/07/2002;-1,39;P
14/07/2002;-1,38;P
15/07/2002;-1,33;P
16/07/2002;-1,33;P
17/07/2002;-1,35;P
18/07/2002;-1,37;P
19/07/2002;-1,38;P
20/07/2002;-1,39;P
21/07/2002;-1,39;P
22/07/2002;-1,40;P
23/07/2002;-1,39;P
24/07/2002;-1,39;P
25/07/2002;-1,39;P
26/07/2002;-1,39;P
27/07/2002;-1,40;P
28/07/2002;-1,39;P
29/07/2002;-1,40;P
30/07/2002;-1,37;P
31/07/2002;-1,38;P
01/08/2002;-1,38;P
02/08/2002;-1,39;P
03/08/2002;-1,39;P
04/08/2002;-1,40;P
05/08/2002;-1,40;P
06/08/2002;-1,40;P
07/08/2002;-1,28;P
08/08/2002;-1,36;P
09/08/2002;-1,38;P
10/08/2002;-1,28;P
11/08/2002;-1,20;P
12/08/2002;-1,26;P
13/08/2002;-1,33;P
14/08/2002;-1,36;P
15/08/2002;-1,38;P
16/08/2002;-1,37;P
17/08/2002;-1,38;P
18/08/2002;-1,38;P
19/08/2002;-1,38;P
20/08/2002;-1,39;P
21/08/2002;-1,40;P
22/08/2002;-1,39;P
23/08/2002;-1,37;P
24/08/2002;-1,36;P
25/08/2002;-1,36;P
26/08/2002;-1,35;P
27/08/2002;-1,35;P
28/08/2002;-1,33;P
29/08/2002;-1,29;P
30/08/2002;-1,36;P
31/08/2002;-1,38;P
01/09/2002;-1,38;P
02/09/2002;-1,39;P
03/09/2002;-1,38;P
04/09/2002;-1,34;P
05/09/2002;-1,31;P
06/09/2002;-1,34;P
07/09/2002;-1,28;P
08/09/2002;-1,33;P
09/09/2002;-1,34;P
10/09/2002;-1,36;P
11/09/2002;-1,37;P
12/09/2002;-1,34;P
13/09/2002;-1,37;P
14/09/2002;-1,38;P
15/09/2002;-1,37;P
16/09/2002;-1,36;P
17/09/2002;-1,36;P
18/09/2002;-1,36;P
19/09/2002;-1,36;P
20/09/2002;-1,35;P
21/09/2002;-1,36;P
22/09/2002;-1,26;P
23/09/2002;-1,01;P
24/09/2002;-1,26;P
25/09/2002;-1,30;P
26/09/2002;-1,32;P
27/09/2002;-1,33;P
28/09/2002;-1,34;P
29/09/2002;-1,34;P
30/09/2002;-1,35;P
01/10/2002;-1,35;P
02/10/2002;-1,36;P
03/10/2002;-1,36;P
04/10/2002;-1,36;P
05/10/2002;-1,36;P
06/10/2002;-1,36;P
07/10/2002;-1,36;P
08/10/2002;-1,35;P
09/10/2002;-1,34;P
10/10/2002;-1,08;P
11/10/2002;-1,07;P
12/10/2002;-1,17;P
13/10/2002;-1,25;P
14/10/2002;-1,28;P
15/10/2002;-1,29;P
16/10/2002;-1,31;P
17/10/2002;-1,29;P
18/10/2002;-1,22;P
19/10/2002;-1,27;P
20/10/2002;-1,31;P
21/10/2002;-1,32;P
22/10/2002;-1,15;P
23/10/2002;-1,19;P
24/10/2002;-1,26;P
25/10/2002;-1,28;P
26/10/2002;-1,30;P
27/10/2002;-1,30;P
28/10/2002;-1,30;P
29/10/2002;-1,33;P
30/10/2002;-1,33;P
31/10/2002;-1,32;P
01/11/2002;-1,17;P
02/11/2002;-1,25;P
03/11/2002;-1,29;P
04/11/2002;-1,29;P
05/11/2002;-1,31;P
06/11/2002;-1,32;P
07/11/2002;-1,33;P
08/11/2002;-1,23;P
09/11/2002;-1,28;P
10/11/2002;-1,31;P
11/11/2002;-1,32;P
12/11/2002;-1,32;P
13/11/2002;-1,32;P
14/11/2002;-1,33;P
15/11/2002;-1,33;P
16/11/2002;-1,33;P
17/11/2002;-1,30;P
18/11/2002;-0,80;P
19/11/2002;-1,03;P
20/11/2002;-1,17;P
21/11/2002;-1,22;P
22/11/2002;-1,16;P
23/11/2002;-1,19;P
24/11/2002;-1,22;P
25/11/2002;-1,24;P
26/11/2002;-1,26;P
27/11/2002;-1,27;P
28/11/2002;-1,28;P
29/11/2002;-0,91;P
30/11/2002;-0,54;P
01/12/2002;-1,01;P
02/12/2002;-1,14;P
03/12/2002;-1,15;P
04/12/2002;-1,18;P
05/12/2002;-1,15;P
06/12/2002;-1,15;P
07/12/2002;-1,19;P
08/12/2002;-1,23;P
09/12/2002;-1,25;P
10/12/2002;-1,26;P
11/12/2002;-1,26;P
12/12/2002;-1,22;P
13/12/2002;-0,73;P
14/12/2002;-1,11;P
15/12/2002;-1,07;P
16/12/2002;-1,00;P
17/12/2002;-1,13;P
18/12/2002;-0,80;P
19/12/2002;-1,04;P
20/12/2002;-1,14;P
21/12/2002;-1,17;P
22/12/2002;-1,19;P
23/12/2002;-1,20;P
24/12/2002;-1,20;P
25/12/2002;-1,20;P
26/12/2002;-1,22;P
27/12/2002;-1,23;P
28/12/2002;-0,83;P
29/12/2002;-1,01;P
30/12/2002;-1,13;P
31/12/2002;-0,63;P
01/01/2003;-0,73;P
02/01/2003;-1,08;P
03/01/2003;-1,13;P
04/01/2003;-1,17;P
05/01/2003;-1,19;P
06/01/2003;-1,14;P
07/01/2003;0,05;P
08/01/2003;-1,03;P
09/01/2003;-0,14;P
10/01/2003;-0,95;P
11/01/2003;-1,05;P
12/01/2003;-1,12;P
13/01/2003;-1,16;P
14/01/2003;-1,17;P
15/01/2003;-1,19;P
16/01/2003;-1,19;P
17/01/2003;-1,20;P
18/01/2003;-1,21;P
19/01/2003;-1,21;P
20/01/2003;-1,21;P
21/01/2003;-1,21;P
22/01/2003;-1,08;P
23/01/2003;-0,94;P
24/01/2003;-1,01;P
25/01/2003;-1,14;P
26/01/2003;-1,17;P
27/01/2003;-1,19;P
28/01/2003;-1,20;P
29/01/2003;-1,20;P
30/01/2003;-1,21;P
31/01/2003;-1,22;P
01/02/2003;-1,24;P
02/02/2003;-1,25;P
03/02/2003;-1,24;P
04/02/2003;0,43;P
05/02/2003;-0,91;P
06/02/2003;-1,12;P
07/02/2003;-1,16;P
08/02/2003;-1,18;P
09/02/2003;-1,19;P
10/02/2003;-1,20;P
11/02/2003;-1,21;P
12/02/2003;-1,22;P
13/02/2003;-1,23;P
14/02/2003;-1,24;P
15/02/2003;-1,24;P
16/02/2003;-1,24;P
17/02/2003;-1,25;P
18/02/2003;-1,25;P
19/02/2003;-1,26;P
20/02/2003;-1,26;P
21/02/2003;-1,27;P
22/02/2003;-1,27;P
23/02/2003;-1,27;P
24/02/2003;-1,28;P
25/02/2003;-1,29;P
26/02/2003;-1,28;P
27/02/2003;-1,28;P
28/02/2003;-1,28;P
01/03/2003;-1,25;P
02/03/2003;-1,21;P
03/03/2003;-1,01;P
04/03/2003;-1,15;P
05/03/2003;-1,21;P
06/03/2003;-1,23;P
07/03/2003;-1,24;P
08/03/2003;-1,25;P
09/03/2003;-1,25;P
10/03/2003;-1,26;P
11/03/2003;-1,26;P
12/03/2003;-1,26;P
13/03/2003;-1,27;P
14/03/2003;-1,28;P
15/03/2003;-1,28;P
16/03/2003;-1,28;P
17/03/2003;-1,29;P
18/03/2003;-1,29;P
19/03/2003;-1,29;P
20/03/2003;-1,29;P
21/03/2003;-1,29;P
22/03/2003;-1,29;P
23/03/2003;-1,29;P
24/03/2003;-1,30;P
25/03/2003;-1,29;P
26/03/2003;-1,29;P
27/03/2003;-1,30;P
28/03/2003;-1,30;P
29/03/2003;-1,30;P
30/03/2003;-1,30;P
31/03/2003;-1,29;P
01/04/2003;-1,30;P
02/04/2003;-1,28;P
03/04/2003;-1,15;P
04/04/2003;-1,16;P
05/04/2003;-1,25;P
06/04/2003;-1,27;P
07/04/2003;-1,29;P
08/04/2003;-1,29;P
09/04/2003;-1,29;P
10/04/2003;-1,24;P
11/04/2003;-1,23;P
12/04/2003;-1,11;P
13/04/2003;-1,20;P
14/04/2003;-1,24;P
15/04/2003;-1,26;P
16/04/2003;-1,27;P
17/04/2003;-1,28;P
18/04/2003;-1,29;P
19/04/2003;-1,29;P
20/04/2003;-1,28;P
21/04/2003;-0,42;P
22/04/2003;-1,13;P
23/04/2003;-1,20;P
24/04/2003;-1,23;P
25/04/2003;-1,24;P
26/04/2003;-1,25;P
27/04/2003;-1,24;P
28/04/2003;-1,26;P
29/04/2003;-1,27;P
30/04/2003;-1,28;P
01/05/2003;-1,28;P
02/05/2003;-1,29;P
03/05/2003;-1,29;P
04/05/2003;-1,29;P
05/05/2003;-1,30;P
06/05/2003;-1,30;P
07/05/2003;-1,31;P
08/05/2003;-1,31;P
09/05/2003;-1,31;P
10/05/2003;-1,30;P
11/05/2003;-1,28;P
12/05/2003;-1,29;P
13/05/2003;-1,29;P
14/05/2003;-1,30;P
15/05/2003;-1,31;P
16/05/2003;-1,32;P
17/05/2003;-1,31;P
18/05/2003;-1,31;P
19/05/2003;-1,31;P
20/05/2003;-1,31;P
21/05/2003;-1,32;P
22/05/2003;-1,32;P
23/05/2003;-1,33;P
24/05/2003;-1,33;P
25/05/2003;-1,33;P
26/05/2003;-1,33;P
27/05/2003;-1,31;P
28/05/2003;-1,32;P
29/05/2003;-1,31;P
30/05/2003;-1,31;P
31/05/2003;-1,32;P
01/06/2003;-1,31;P
02/06/2003;-1,32;P
03/06/2003;-1,32;P
04/06/2003;-1,32;P
05/06/2003;-1,33;P
06/06/2003;-1,33;P
07/06/2003;-1,33;P
08/06/2003;-1,31;P
09/06/2003;-1,33;P
10/06/2003;-1,34;P
11/06/2003;-1,34;P
12/06/2003;-1,34;P
13/06/2003;-1,34;P
14/06/2003;-1,34;P
15/06/2003;-1,34;P
16/06/2003;-1,33;P
17/06/2003;-1,29;P
18/06/2003;-1,29;P
19/06/2003;-1,34;P
20/06/2003;-1,36;P
21/06/2003;-1,36;P
22/06/2003;-1,36;P
23/06/2003;-1,37;P
24/06/2003;-1,37;P
25/06/2003;-1,38;P
26/06/2003;-1,38;P
27/06/2003;-1,37;P
28/06/2003;-1,37;P
29/06/2003;-1,38;P
30/06/2003;-1,38;P
01/07/2003;-1,37;P
02/07/2003;-1,38;P
03/07/2003;-1,38;P
04/07/2003;-1,38;P
05/07/2003;-1,38;P
06/07/2003;-1,38;P
07/07/2003;-1,38;P
08/07/2003;-1,38;P
09/07/2003;-1,38;P
10/07/2003;-1,38;P
11/07/2003;-1,37;P
12/07/2003;-1,37;P
13/07/2003;-1,37;P
14/07/2003;-1,38;P
15/07/2003;-1,38;P
16/07/2003;-1,37;P
17/07/2003;-1,37;P
18/07/2003;-1,38;P
19/07/2003;-1,38;P
20/07/2003;-1,40;P
21/07/2003;-1,39;P
22/07/2003;-1,40;P
23/07/2003;-1,39;P
24/07/2003;-1,39;P
25/07/2003;-1,39;P
26/07/2003;-1,39;P
27/07/2003;-1,39;P
28/07/2003;-1,41;P
29/07/2003;-1,40;P
30/07/2003;-1,41;P
31/07/2003;-1,36;P
01/08/2003;-1,39;P
02/08/2003;-1,40;P
03/08/2003;-1,41;P
04/08/2003;-1,41;P
05/08/2003;-1,42;P
06/08/2003;-1,42;P
07/08/2003;-1,39;P
08/08/2003;-1,40;P
09/08/2003;-1,41;P
10/08/2003;-1,42;P
11/08/2003;-1,42;P
12/08/2003;-1,42;P
13/08/2003;-1,42;P
14/08/2003;-1,43;P
15/08/2003;-1,43;P
16/08/2003;-1,44;P
17/08/2003;-1,43;P
18/08/2003;-1,44;P
19/08/2003;-1,44;P
20/08/2003;-1,43;P
21/08/2003;-1,43;P
22/08/2003;-1,43;P
23/08/2003;-1,44;P
24/08/2003;-1,44;P
25/08/2003;-1,42;P
26/08/2003;-1,42;P
27/08/2003;-1,43;P
28/08/2003;-1,43;P
29/08/2003;-1,43;P
30/08/2003;-1,44;P
31/08/2003;-1,44;P
01/09/2003;-1,44;P
02/09/2003;-1,44;P
03/09/2003;-1,43;P
04/09/2003;-1,44;P
05/09/2003;-1,44;P
06/09/2003;-1,43;P
07/09/2003;-1,43;P
08/09/2003;-1,43;P
09/09/2003;-1,42;P
10/09/2003;-1,39;P
11/09/2003;-1,42;P
12/09/2003;-1,43;P
13/09/2003;-1,44;P
14/09/2003;-1,43;P
15/09/2003;-1,42;P
16/09/2003;-1,43;P
17/09/2003;-1,42;P
18/09/2003;-1,43;P
19/09/2003;-1,43;P
20/09/2003;-1,43;P
21/09/2003;-1,43;P
22/09/2003;-1,43;P
23/09/2003;-1,42;P
24/09/2003;-1,41;P
25/09/2003;-1,42;P
26/09/2003;-1,41;P
27/09/2003;-1,41;P
28/09/2003;-1,40;P
29/09/2003;-1,36;P
30/09/2003;-1,40;P
01/10/2003;-1,40;P
02/10/2003;-1,41;P
03/10/2003;-1,40;P
04/10/2003;-1,40;P
05/10/2003;-1,37;P
06/10/2003;-1,38;P
07/10/2003;-1,39;P
08/10/2003;-1,40;P
09/10/2003;-1,40;P
10/10/2003;-1,40;P
11/10/2003;-1,40;P
12/10/2003;-1,40;P
13/10/2003;-1,40;P
14/10/2003;-1,40;P
15/10/2003;-1,40;P
16/10/2003;-1,40;P
17/10/2003;-1,40;P
18/10/2003;-1,39;P
19/10/2003;-1,37;P
20/10/2003;-1,36;P
21/10/2003;-1,37;P
22/10/2003;-1,38;P
23/10/2003;-1,37;P
24/10/2003;-1,37;P
25/10/2003;-1,38;P
26/10/2003;-1,38;P
27/10/2003;-1,28;P
28/10/2003;-1,37;P
29/10/2003;-1,30;P
30/10/2003;-1,30;P
31/10/2003;-1,33;P
01/11/2003;-1,05;P
02/11/2003;-1,14;P
03/11/2003;-1,32;P
04/11/2003;-1,36;P
05/11/2003;-1,37;P
06/11/2003;-1,37;P
07/11/2003;-1,34;P
08/11/2003;-1,26;P
09/11/2003;-1,32;P
10/11/2003;-1,35;P
11/11/2003;-1,35;P
12/11/2003;-1,36;P
13/11/2003;-1,36;P
14/11/2003;-1,36;P
15/11/2003;-1,36;P
16/11/2003;-1,34;P
17/11/2003;-1,35;P
18/11/2003;-1,35;P
19/11/2003;-1,36;P
20/11/2003;-1,36;P
21/11/2003;-1,36;P
22/11/2003;-1,36;P
23/11/2003;-1,35;P
24/11/2003;-1,33;P
25/11/2003;-1,27;P
26/11/2003;-0,42;P
27/11/2003;-0,86;P
28/11/2003;-0,32;P
29/11/2003;-1,14;P
30/11/2003;-1,22;P
01/12/2003;-1,24;P
02/12/2003;-1,27;P
03/12/2003;-1,28;P
04/12/2003;-1,29;P
05/12/2003;-1,28;P
06/12/2003;-1,29;P
07/12/2003;-1,30;P
08/12/2003;-1,31;P
09/12/2003;-1,31;P
10/12/2003;-1,29;P
11/12/2003;-1,23;P
12/12/2003;-1,27;P
13/12/2003;-1,29;P
14/12/2003;-1,29;P
15/12/2003;-1,30;P
16/12/2003;-1,31;P
17/12/2003;-1,31;P
18/12/2003;-1,31;P
19/12/2003;-1,31;P
20/12/2003;-1,31;P
21/12/2003;-1,30;P
22/12/2003;-1,30;P
23/12/2003;-1,31;P
24/12/2003;-1,32;P
25/12/2003;-1,32;P
26/12/2003;-1,32;P
27/12/2003;-1,31;P
28/12/2003;-1,31;P
29/12/2003;-1,26;P
30/12/2003;-1,08;P
31/12/2003;-1,13;P
01/01/2004;-1,21;P
02/01/2004;-1,23;P
03/01/2004;-1,24;P
04/01/2004;-1,26;P
05/01/2004;-1,27;P
06/01/2004;-1,28;P
07/01/2004;-1,28;P
08/01/2004;-1,28;P
09/01/2004;-1,26;P
10/01/2004;-1,27;P
11/01/2004;-1,28;P
12/01/2004;-1,28;P
13/01/2004;-1,27;P
14/01/2004;-1,28;P
15/01/2004;-1,29;P
16/01/2004;-1,30;P
17/01/2004;-1,28;P
18/01/2004;-0,62;P
19/01/2004;-0,73;P
20/01/2004;-1,12;P
21/01/2004;-1,17;P
22/01/2004;-1,20;P
23/01/2004;-1,22;P
24/01/2004;-1,23;P
25/01/2004;-1,23;P
26/01/2004;-1,23;P
27/01/2004;-1,17;P
28/01/2004;-1,17;P
29/01/2004;-1,16;P
30/01/2004;-1,12;P
31/01/2004;-1,15;P
01/02/2004;-1,15;P
02/02/2004;-1,15;P
03/02/2004;-1,16;P
04/02/2004;-1,18;P
05/02/2004;-1,19;P
06/02/2004;-1,19;P
07/02/2004;-1,19;P
08/02/2004;-1,20;P
09/02/2004;-1,21;P
10/02/2004;-1,21;P
11/02/2004;-1,21;P
12/02/2004;-1,20;P
13/02/2004;-1,22;P
14/02/2004;-1,21;P
15/02/2004;-1,21;P
16/02/2004;-1,21;P
17/02/2004;-1,21;P
18/02/2004;-1,21;P
19/02/2004;-1,07;P
20/02/2004;-1,00;P
21/02/2004;-1,07;P
22/02/2004;-1,01;P
23/02/2004;-0,19;P
24/02/2004;-0,93;P
25/02/2004;-1,02;P
26/02/2004;-0,90;P
27/02/2004;-0,94;P
28/02/2004;-0,37;P
29/02/2004;-0,63;P
01/03/2004;-0,86;P
02/03/2004;-0,97;P
03/03/2004;-1,02;P
04/03/2004;-1,04;P
05/03/2004;-1,06;P
06/03/2004;-1,08;P
07/03/2004;-0,97;P
08/03/2004;-1,04;P
09/03/2004;-1,07;P
10/03/2004;-1,08;P
11/03/2004;-1,07;P
12/03/2004;-1,08;P
13/03/2004;-1,10;P
14/03/2004;-1,12;P
15/03/2004;-1,13;P
16/03/2004;-1,14;P
17/03/2004;-1,14;P
18/03/2004;-1,15;P
19/03/2004;-1,15;P
20/03/2004;-1,15;P
21/03/2004;-1,16;P
22/03/2004;-1,17;P
23/03/2004;-1,16;P
24/03/2004;-1,14;P
25/03/2004;-0,98;P
26/03/2004;-1,09;P
27/03/2004;-1,13;P
28/03/2004;-1,15;P
29/03/2004;-1,17;P
30/03/2004;-1,17;P
31/03/2004;-1,17;P
01/04/2004;-1,17;P
02/04/2004;-1,18;P
03/04/2004;-1,19;P
04/04/2004;-1,19;P
05/04/2004;-1,20;P
06/04/2004;-1,20;P
07/04/2004;-1,20;P
08/04/2004;-1,21;P
09/04/2004;-1,20;P
10/04/2004;-1,20;P
11/04/2004;-1,21;P
12/04/2004;-1,19;P
13/04/2004;-1,18;P
14/04/2004;-1,21;P
15/04/2004;-1,22;P
16/04/2004;-1,20;P
17/04/2004;-1,06;P
18/04/2004;-0,96;P
19/04/2004;-0,79;P
20/04/2004;-0,71;P
21/04/2004;-1,08;P
22/04/2004;-1,13;P
23/04/2004;-1,16;P
24/04/2004;-1,17;P
25/04/2004;-1,17;P
26/04/2004;-1,19;P
27/04/2004;-1,20;P
28/04/2004;-1,22;P
29/04/2004;-1,22;P
30/04/2004;-1,21;P
01/05/2004;-1,22;P
02/05/2004;-1,23;P
03/05/2004;-1,23;P
04/05/2004;-1,17;P
05/05/2004;-1,11;P
06/05/2004;-0,58;P
07/05/2004;-1,00;P
08/05/2004;-1,06;P
09/05/2004;-1,14;P
10/05/2004;-1,17;P
11/05/2004;-1,20;P
12/05/2004;-1,19;P
13/05/2004;-1,20;P
14/05/2004;-1,23;P
15/05/2004;-1,24;P
16/05/2004;-1,25;P
17/05/2004;-1,26;P
18/05/2004;-1,26;P
19/05/2004;-1,26;P
20/05/2004;-1,27;P
21/05/2004;-1,27;P
22/05/2004;-1,27;P
23/05/2004;-1,27;P
24/05/2004;-1,27;P
25/05/2004;-1,29;P
26/05/2004;-1,29;P
27/05/2004;-1,29;P
28/05/2004;-1,29;P
29/05/2004;-1,31;P
30/05/2004;-1,30;P
31/05/2004;-1,30;P
01/06/2004;-1,28;P
02/06/2004;-1,29;P
03/06/2004;-1,28;P
04/06/2004;-1,28;P
05/06/2004;-1,30;P
06/06/2004;-1,30;P
07/06/2004;-1,31;P
08/06/2004;-1,31;P
09/06/2004;-1,31;P
10/06/2004;-1,31;P
11/06/2004;-1,32;P
12/06/2004;-1,32;P
13/06/2004;-1,31;P
14/06/2004;-1,31;P
15/06/2004;-1,32;P
16/06/2004;-1,32;P
17/06/2004;-1,32;P
18/06/2004;-1,32;P
19/06/2004;-1,33;P
20/06/2004;-1,33;P
21/06/2004;-1,34;P
22/06/2004;-1,34;P
23/06/2004;-1,34;P
24/06/2004;-1,34;P
25/06/2004;-1,34;P
26/06/2004;-1,35;P
27/06/2004;-1,35;P
28/06/2004;-1,35;P
29/06/2004;-1,35;P
30/06/2004;-1,35;P
01/07/2004;-1,35;P
02/07/2004;-1,36;P
03/07/2004;-1,36;P
04/07/2004;-1,36;P
05/07/2004;-1,37;P
06/07/2004;-1,37;P
07/07/2004;-1,37;P
08/07/2004;-1,37;P
09/07/2004;-1,37;P
10/07/2004;-1,37;P
11/07/2004;-1,38;P
12/07/2004;-1,37;P
13/07/2004;-1,36;P
14/07/2004;-1,38;P
15/07/2004;-1,38;P
16/07/2004;-1,39;P
17/07/2004;-1,39;P
18/07/2004;-1,39;P
19/07/2004;-1,39;P
20/07/2004;-1,39;P
21/07/2004;-1,39;P
22/07/2004;-1,39;P
23/07/2004;-1,39;P
24/07/2004;-1,39;P
25/07/2004;-1,22;P
26/07/2004;-1,34;P
27/07/2004;-1,37;P
28/07/2004;-1,39;P
29/07/2004;-1,38;P
30/07/2004;-1,38;P
31/07/2004;-1,38;P
01/08/2004;-1,39;P
02/08/2004;-1,39;P
03/08/2004;-1,39;P
04/08/2004;-1,39;P
05/08/2004;-1,22;P
06/08/2004;-1,15;P
07/08/2004;-1,32;P
08/08/2004;-1,36;P
09/08/2004;-1,37;P
10/08/2004;-1,37;P
11/08/2004;-1,38;P
12/08/2004;-1,38;P
13/08/2004;-1,38;P
14/08/2004;-1,39;P
15/08/2004;-1,39;P
16/08/2004;-1,40;P
17/08/2004;-1,40;P
18/08/2004;-1,39;P
19/08/2004;-1,39;P
20/08/2004;-1,39;P
21/08/2004;-1,40;P
22/08/2004;-1,40;P
23/08/2004;-1,40;P
24/08/2004;-1,40;P
25/08/2004;-1,40;P
26/08/2004;-1,37;P
27/08/2004;-1,35;P
28/08/2004;-1,39;P
29/08/2004;-1,40;P
30/08/2004;-1,40;P
31/08/2004;-1,40;P
01/09/2004;-1,40;P
02/09/2004;-1,41;P
03/09/2004;-1,41;P
04/09/2004;-1,41;P
05/09/2004;-1,41;P
06/09/2004;-1,41;P
07/09/2004;-1,41;P
08/09/2004;-1,41;P
09/09/2004;-1,41;P
10/09/2004;-1,40;P
11/09/2004;-1,40;P
12/09/2004;-1,40;P
13/09/2004;-1,40;P
14/09/2004;-1,39;P
15/09/2004;-1,25;P
16/09/2004;-1,36;P
17/09/2004;-1,38;P
18/09/2004;-1,40;P
19/09/2004;-1,40;P
20/09/2004;-1,40;P
21/09/2004;-1,40;P
22/09/2004;-1,40;P
23/09/2004;-1,41;P
24/09/2004;-1,40;P
25/09/2004;-1,38;P
26/09/2004;-1,41;P
27/09/2004;-1,41;P
28/09/2004;-1,41;P
29/09/2004;-1,42;P
30/09/2004;-1,41;P
01/10/2004;-1,41;P
02/10/2004;-1,41;P
03/10/2004;-1,41;P
04/10/2004;-1,41;P
05/10/2004;-1,41;P
06/10/2004;-1,41;P
07/10/2004;-1,41;P
08/10/2004;-1,41;P
09/10/2004;-1,41;P
10/10/2004;-1,37;P
11/10/2004;-1,35;P
12/10/2004;-1,39;P
13/10/2004;-1,40;P
14/10/2004;-1,39;P
15/10/2004;-1,30;P
16/10/2004;-1,27;P
17/10/2004;-1,25;P
18/10/2004;-1,38;P
19/10/2004;-1,39;P
20/10/2004;-1,39;P
21/10/2004;-1,40;P
22/10/2004;-1,39;P
23/10/2004;-1,39;P
24/10/2004;-1,40;P
25/10/2004;-1,40;P
26/10/2004;-1,40;P
27/10/2004;-1,39;P
28/10/2004;-1,39;P
29/10/2004;-1,30;P
30/10/2004;-1,34;P
31/10/2004;-1,34;P
01/11/2004;-1,36;P
02/11/2004;-1,38;P
03/11/2004;-1,38;P
04/11/2004;-1,39;P
05/11/2004;-1,39;P
06/11/2004;-1,39;P
07/11/2004;-1,39;P
08/11/2004;-1,40;P
09/11/2004;-1,39;P
10/11/2004;-1,23;P
11/11/2004;-1,31;P
12/11/2004;-1,35;P
13/11/2004;-1,37;P
14/11/2004;-1,38;P
15/11/2004;-1,39;P
16/11/2004;-1,39;P
17/11/2004;-1,39;P
18/11/2004;-1,38;P
19/11/2004;-1,39;P
20/11/2004;-1,40;P
21/11/2004;-1,40;P
22/11/2004;-1,39;P
23/11/2004;-1,39;P
24/11/2004;-1,39;P
25/11/2004;-1,39;P
26/11/2004;-1,39;P
27/11/2004;-1,38;P
28/11/2004;-1,39;P
29/11/2004;-1,38;P
30/11/2004;-1,31;P
01/12/2004;-1,33;P
02/12/2004;-1,31;P
03/12/2004;-1,10;P
04/12/2004;-0,28;P
05/12/2004;0,53;P
06/12/2004;-0,76;P
07/12/2004;-1,15;P
08/12/2004;-1,20;P
09/12/2004;-1,22;P
10/12/2004;-1,26;P
11/12/2004;-1,28;P
12/12/2004;-1,29;P
13/12/2004;-1,30;P
14/12/2004;-1,31;P
15/12/2004;-1,31;P
16/12/2004;-1,31;P
17/12/2004;-1,31;P
18/12/2004;-1,16;P
19/12/2004;-1,24;P
20/12/2004;-1,12;P
21/12/2004;-1,23;P
22/12/2004;-1,27;P
23/12/2004;-1,29;P
24/12/2004;-1,29;P
25/12/2004;-1,30;P
26/12/2004;-1,03;P
27/12/2004;-0,88;P
28/12/2004;-1,09;P
29/12/2004;-1,01;P
30/12/2004;-1,17;P
31/12/2004;-1,22;P
01/01/2007;-1,36;P
02/01/2007;-1,37;P
03/01/2007;-1,38;P
04/01/2007;-1,37;P
05/01/2007;-1,37;P
06/01/2007;-1,37;P
07/01/2007;-1,36;P
08/01/2007;-1,36;P
09/01/2007;-1,36;P
10/01/2007;-1,37;P
11/01/2007;-1,36;P
12/01/2007;-1,37;P
13/01/2007;-1,37;P
14/01/2007;-1,37;P
15/01/2007;-1,37;P
16/01/2007;-1,37;P
17/01/2007;-1,37;P
18/01/2007;-1,37;P
19/01/2007;-1,37;P
20/01/2007;-1,37;P
21/01/2007;-1,37;P
22/01/2007;-1,37;P
23/01/2007;-1,36;P
24/01/2007;-1,29;P
25/01/2007;-1,31;P
26/01/2007;-1,36;P
27/01/2007;-1,37;P
28/01/2007;-1,37;P
29/01/2007;-1,37;P
30/01/2007;-1,37;P
31/01/2007;-1,37;P
01/02/2007;-1,37;P
02/02/2007;-1,37;P
03/02/2007;-1,38;P
04/02/2007;-1,38;P
05/02/2007;-1,38;P
06/02/2007;-1,37;P
07/02/2007;-1,32;P
08/02/2007;-1,25;P
09/02/2007;-0,06;P
10/02/2007;-1,17;P
11/02/2007;-1,25;P
12/02/2007;-1,26;P
13/02/2007;-1,12;P
14/02/2007;-1,25;P
15/02/2007;-1,24;P
16/02/2007;-1,27;P
17/02/2007;-1,30;P
18/02/2007;-1,31;P
19/02/2007;-1,32;P
20/02/2007;-1,32;P
21/02/2007;-1,32;P
22/02/2007;-1,29;P
23/02/2007;-1,33;P
24/02/2007;-1,33;P
25/02/2007;-1,30;P
26/02/2007;-1,21;P
27/02/2007;-1,28;P
28/02/2007;-1,30;P
01/03/2007;-1,31;P
02/03/2007;-1,32;P
03/03/2007;-1,32;P
04/03/2007;-1,33;P
05/03/2007;-1,33;P
06/03/2007;-1,33;P
07/03/2007;-1,28;P
08/03/2007;-1,26;P
09/03/2007;-1,31;P
10/03/2007;-1,32;P
11/03/2007;-1,33;P
12/03/2007;-1,34;P
13/03/2007;-1,34;P
14/03/2007;-1,34;P
15/03/2007;-1,34;P
16/03/2007;-1,35;P
17/03/2007;-1,35;P
18/03/2007;-1,35;P
19/03/2007;-1,33;P
20/03/2007;-1,25;P
21/03/2007;-1,27;P
22/03/2007;-1,32;P
23/03/2007;-1,34;P
24/03/2007;-1,33;P
25/03/2007;-1,26;P
26/03/2007;-1,27;P
27/03/2007;-1,29;P
28/03/2007;-1,31;P
29/03/2007;-1,32;P
30/03/2007;-1,30;P
31/03/2007;-1,29;P
01/04/2007;-1,31;P
02/04/2007;-1,32;P
03/04/2007;-1,31;P
04/04/2007;-1,31;P
05/04/2007;-1,33;P
06/04/2007;-1,34;P
07/04/2007;-1,34;P
08/04/2007;-1,34;P
09/04/2007;-1,34;P
10/04/2007;-1,34;P
11/04/2007;-1,34;P
12/04/2007;-1,34;P
13/04/2007;-1,34;P
14/04/2007;-1,34;P
15/04/2007;-1,34;P
16/04/2007;-1,34;P
17/04/2007;-1,35;P
18/04/2007;-1,35;P
19/04/2007;-1,35;P
20/04/2007;-1,35;P
21/04/2007;-1,35;P
22/04/2007;-1,35;P
23/04/2007;-1,36;P
24/04/2007;-1,35;P
25/04/2007;-1,36;P
26/04/2007;-1,36;P
27/04/2007;-1,36;P
28/04/2007;-1,36;P
29/04/2007;-1,36;P
30/04/2007;-1,35;P
01/05/2007;-1,34;P
02/05/2007;-1,33;P
03/05/2007;-1,34;P
04/05/2007;-1,28;P
05/05/2007;-1,20;P
06/05/2007;-1,22;P
07/05/2007;-1,29;P
08/05/2007;-1,34;P
09/05/2007;-1,35;P
10/05/2007;-1,35;P
11/05/2007;-1,36;P
12/05/2007;-1,37;P
13/05/2007;-1,37;P
14/05/2007;-1,37;P
15/05/2007;-1,38;P
16/05/2007;-1,36;P
17/05/2007;-1,37;P
18/05/2007;-1,38;P
19/05/2007;-1,39;P
20/05/2007;-1,39;P
21/05/2007;-1,38;P
22/05/2007;-1,38;P
23/05/2007;-1,38;P
24/05/2007;-1,36;P
25/05/2007;-1,38;P
26/05/2007;-1,39;P
27/05/2007;-1,36;P
28/05/2007;-1,25;P
29/05/2007;-1,08;P
30/05/2007;-1,33;P
31/05/2007;-1,36;P
01/06/2007;-1,34;P
02/06/2007;-1,31;P
03/06/2007;-1,35;P
04/06/2007;-1,36;P
05/06/2007;-1,36;P
06/06/2007;-1,32;P
07/06/2007;-1,30;P
08/06/2007;-1,30;P
09/06/2007;-1,36;P
10/06/2007;-1,37;P
11/06/2007;-1,37;P
12/06/2007;-1,38;P
13/06/2007;-1,38;P
14/06/2007;-1,38;P
15/06/2007;-1,38;P
16/06/2007;-1,38;P
17/06/2007;-1,38;P
18/06/2007;-1,39;P
19/06/2007;-1,39;P
20/06/2007;-1,39;P
21/06/2007;-1,38;P
22/06/2007;-1,39;P
23/06/2007;-1,40;P
24/06/2007;-1,40;P
25/06/2007;-1,39;P
26/06/2007;-1,40;P
27/06/2007;-1,40;P
28/06/2007;-1,40;P
29/06/2007;-1,40;P
30/06/2007;-1,41;P
01/07/2007;-1,40;P
02/07/2007;-1,40;P
03/07/2007;-1,40;P
04/07/2007;-1,41;P
05/07/2007;-1,41;P
06/07/2007;-1,41;P
07/07/2007;-1,41;P
08/07/2007;-1,41;P
09/07/2007;-1,40;P
10/07/2007;-1,41;P
11/07/2007;-1,42;P
12/07/2007;-1,42;P
13/07/2007;-1,42;P
14/07/2007;-1,42;P
15/07/2007;-1,42;P
16/07/2007;-1,42;P
17/07/2007;-1,42;P
18/07/2007;-1,42;P
19/07/2007;-1,42;P
20/07/2007;-1,42;P
21/07/2007;-1,41;P
22/07/2007;-1,42;P
23/07/2007;-1,41;P
24/07/2007;-1,41;P
25/07/2007;-1,41;P
26/07/2007;-1,42;P
27/07/2007;-1,42;P
28/07/2007;-1,42;P
29/07/2007;-1,42;P
30/07/2007;-1,42;P
31/07/2007;-1,42;P
01/08/2007;-1,43;P
02/08/2007;-1,43;P
03/08/2007;-1,41;P
04/08/2007;-1,41;P
05/08/2007;-1,43;P
06/08/2007;-1,42;P
07/08/2007;-1,42;P
08/08/2007;-1,40;P
09/08/2007;-1,40;P
10/08/2007;-1,41;P
11/08/2007;-1,38;P
12/08/2007;-1,41;P
13/08/2007;-1,41;P
14/08/2007;-1,41;P
15/08/2007;-1,41;P
16/08/2007;-1,42;P
17/08/2007;-1,42;P
18/08/2007;-1,42;P
19/08/2007;-1,42;P
20/08/2007;-1,36;P
21/08/2007;-1,40;P
22/08/2007;-1,41;P
23/08/2007;-1,36;P
24/08/2007;-1,39;P
25/08/2007;-1,41;P
26/08/2007;-1,41;P
27/08/2007;-1,41;P
28/08/2007;-1,41;P
29/08/2007;-1,41;P
30/08/2007;-1,40;P
31/08/2007;-1,41;P
01/09/2007;-1,42;P
02/09/2007;-1,42;P
03/09/2007;-1,42;P
04/09/2007;-1,42;P
05/09/2007;-1,43;P
06/09/2007;-1,43;P
07/09/2007;-1,42;P
08/09/2007;-1,42;P
09/09/2007;-1,42;P
10/09/2007;-1,42;P
11/09/2007;-1,42;P
12/09/2007;-1,43;P
13/09/2007;-1,43;P
14/09/2007;-1,42;P
15/09/2007;-1,42;P
16/09/2007;-1,41;P
17/09/2007;-1,40;P
18/09/2007;-1,41;P
19/09/2007;-1,42;P
20/09/2007;-1,43;P
21/09/2007;-1,43;P
22/09/2007;-1,42;P
23/09/2007;-1,42;P
24/09/2007;-1,43;P
25/09/2007;-1,42;P
26/09/2007;-1,42;P
27/09/2007;-1,37;P
28/09/2007;-1,34;P
29/09/2007;-1,39;P
30/09/2007;-1,41;P
01/10/2007;-1,42;P
02/10/2007;-1,42;P
03/10/2007;-1,42;P
04/10/2007;-1,42;P
05/10/2007;-1,42;P
06/10/2007;-1,42;P
07/10/2007;-1,42;P
08/10/2007;-1,42;P
09/10/2007;-1,42;P
10/10/2007;-1,42;P
11/10/2007;-1,42;P
12/10/2007;-1,42;P
13/10/2007;-1,43;P
14/10/2007;-1,43;P
15/10/2007;-1,43;P
16/10/2007;-1,43;P
17/10/2007;-1,43;P
18/10/2007;-1,42;P
19/10/2007;-1,43;P
20/10/2007;-1,43;P
21/10/2007;-1,43;P
22/10/2007;-1,43;P
23/10/2007;-1,43;P
24/10/2007;-1,41;P
25/10/2007;-1,39;P
26/10/2007;-1,34;P
27/10/2007;-1,38;P
28/10/2007;-1,41;P
29/10/2007;-1,42;P
30/10/2007;-1,39;P
31/10/2007;-1,39;P
01/11/2007;-1,41;P
02/11/2007;-1,42;P
03/11/2007;-1,42;P
04/11/2007;-1,42;P
05/11/2007;-1,42;P
06/11/2007;-1,42;P
07/11/2007;-1,42;P
08/11/2007;-1,42;P
09/11/2007;-1,41;P
10/11/2007;-1,42;P
11/11/2007;-1,42;P
12/11/2007;-1,42;P
13/11/2007;-1,42;P
14/11/2007;-1,34;P
15/11/2007;-1,38;P
16/11/2007;-1,41;P
17/11/2007;-1,42;P
18/11/2007;;@
19/11/2007;-1,43;P
20/11/2007;-1,42;P
21/11/2007;-1,42;P
22/11/2007;-1,41;P
23/11/2007;-1,41;P
24/11/2007;-1,34;P
25/11/2007;-1,37;P
26/11/2007;-1,41;P
27/11/2007;-1,42;P
28/11/2007;-1,42;P
29/11/2007;-1,42;P
30/11/2007;-1,42;P
01/12/2007;-1,42;P
02/12/2007;-1,42;P
03/12/2007;-1,41;P
04/12/2007;-1,42;P
05/12/2007;-1,42;P
06/12/2007;-1,42;P
07/12/2007;-1,42;P
08/12/2007;-1,39;P
09/12/2007;-1,39;P
10/12/2007;-1,38;P
11/12/2007;-1,41;P
12/12/2007;-1,42;P
13/12/2007;-1,42;P
14/12/2007;-1,42;P
15/12/2007;-1,42;P
16/12/2007;-1,42;P
17/12/2007;-1,42;P
18/12/2007;-1,42;P
19/12/2007;-1,43;P
20/12/2007;-1,42;P
21/12/2007;-1,42;P
22/12/2007;-1,42;P
23/12/2007;-1,38;P
24/12/2007;-1,40;P
25/12/2007;-1,41;P
26/12/2007;-1,42;P
27/12/2007;-1,42;P
28/12/2007;-1,42;P
29/12/2007;-1,42;P
30/12/2007;-1,42;P
31/12/2007;-1,42;P
01/01/2008;-1,42;P
02/01/2008;-1,42;P
03/01/2008;-1,40;P
04/01/2008;-1,40;P
05/01/2008;-1,40;P
06/01/2008;-1,39;P
07/01/2008;-1,39;P
08/01/2008;-1,40;P
09/01/2008;-1,41;P
10/01/2008;-1,41;P
11/01/2008;-1,40;P
12/01/2008;-1,22;P
13/01/2008;-1,17;P
14/01/2008;-1,33;P
15/01/2008;-1,33;P
16/01/2008;-1,34;P
17/01/2008;-0,72;P
18/01/2008;-1,26;P
19/01/2008;-1,33;P
20/01/2008;-1,35;P
21/01/2008;-1,36;P
22/01/2008;-1,37;P
23/01/2008;-1,39;P
24/01/2008;-1,39;P
25/01/2008;-1,39;P
26/01/2008;-1,39;P
27/01/2008;-1,39;P
28/01/2008;-1,39;P
29/01/2008;-1,39;P
30/01/2008;-1,39;P
31/01/2008;-1,37;P
01/02/2008;-1,38;P
02/02/2008;-1,37;P
03/02/2008;-1,20;P
04/02/2008;-1,23;P
05/02/2008;-1,13;P
06/02/2008;-1,26;P
07/02/2008;-1,30;P
08/02/2008;-1,34;P
09/02/2008;-1,35;P
10/02/2008;-1,36;P
11/02/2008;-1,37;P
12/02/2008;-1,37;P
13/02/2008;-1,38;P
14/02/2008;-1,38;P
15/02/2008;-1,38;P
16/02/2008;-1,38;P
17/02/2008;-1,39;P
18/02/2008;-1,39;P
19/02/2008;-1,38;P
20/02/2008;-1,38;P
21/02/2008;-1,38;P
22/02/2008;-1,38;P
23/02/2008;-1,38;P
24/02/2008;-1,39;P
25/02/2008;-1,38;P
26/02/2008;-1,38;P
27/02/2008;-1,37;P
28/02/2008;-1,38;P
29/02/2008;-1,38;P
01/03/2008;-1,38;P
02/03/2008;-1,38;P
03/03/2008;-1,38;P
04/03/2008;-1,38;P
05/03/2008;-1,38;P
06/03/2008;-1,38;P
07/03/2008;-1,32;P
08/03/2008;-1,30;P
09/03/2008;-1,35;P
10/03/2008;-1,34;P
11/03/2008;-1,30;P
12/03/2008;-1,31;P
13/03/2008;-1,34;P
14/03/2008;-1,36;P
15/03/2008;-1,36;P
16/03/2008;-1,36;P
17/03/2008;-1,37;P
18/03/2008;-1,37;P
19/03/2008;-1,38;P
20/03/2008;-1,37;P
21/03/2008;-1,36;P
22/03/2008;-1,06;P
23/03/2008;-1,16;P
24/03/2008;-0,99;P
25/03/2008;-1,20;P
26/03/2008;-1,26;P
27/03/2008;-1,20;P
28/03/2008;-1,08;P
29/03/2008;-1,24;P
30/03/2008;-1,27;P
31/03/2008;-1,29;P
01/04/2008;-1,31;P
02/04/2008;-1,33;P
03/04/2008;-1,34;P
04/04/2008;-1,35;P
05/04/2008;-1,35;P
06/04/2008;-1,35;P
07/04/2008;-1,35;P
08/04/2008;-1,36;P
09/04/2008;-1,36;P
10/04/2008;-1,36;P
11/04/2008;-1,36;P
12/04/2008;-1,32;P
13/04/2008;-1,34;P
14/04/2008;-1,35;P
15/04/2008;-1,29;P
16/04/2008;-1,29;P
17/04/2008;-1,32;P
18/04/2008;-1,30;P
19/04/2008;-1,32;P
20/04/2008;-1,34;P
21/04/2008;-1,31;P
22/04/2008;-1,31;P
23/04/2008;-1,34;P
24/04/2008;-1,36;P
25/04/2008;-1,36;P
26/04/2008;-1,37;P
27/04/2008;-1,38;P
28/04/2008;-1,38;P
29/04/2008;-1,37;P
30/04/2008;-1,37;P
01/05/2008;-1,38;P
02/05/2008;-1,38;P
03/05/2008;-1,39;P
04/05/2008;-1,39;P
05/05/2008;-1,39;P
06/05/2008;-1,39;P
07/05/2008;-1,39;P
08/05/2008;-1,40;P
09/05/2008;-1,40;P
10/05/2008;-1,40;P
11/05/2008;-1,40;P
12/05/2008;-1,40;P
13/05/2008;-1,38;P
14/05/2008;-1,39;P
15/05/2008;-1,39;P
16/05/2008;-1,39;P
17/05/2008;-1,38;P
18/05/2008;-1,34;P
19/05/2008;-1,36;P
20/05/2008;-1,35;P
21/05/2008;-1,37;P
22/05/2008;-1,39;P
23/05/2008;-1,39;P
24/05/2008;-1,38;P
25/05/2008;-1,39;P
26/05/2008;-1,40;P
27/05/2008;-1,40;P
28/05/2008;-1,41;P
29/05/2008;-1,40;P
30/05/2008;-1,36;P
31/05/2008;-1,38;P
01/06/2008;-1,39;P
02/06/2008;-1,39;P
03/06/2008;-1,39;P
04/06/2008;-1,39;P
05/06/2008;-1,36;P
06/06/2008;-1,38;P
07/06/2008;-1,36;P
08/06/2008;-0,91;P
09/06/2008;-1,14;P
10/06/2008;-1,32;P
11/06/2008;-1,36;P
12/06/2008;-0,79;P
13/06/2008;-1,10;P
14/06/2008;-1,18;P
15/06/2008;-1,31;P
16/06/2008;-1,34;P
17/06/2008;-1,35;P
18/06/2008;-1,34;P
19/06/2008;-1,37;P
20/06/2008;-1,38;P
21/06/2008;-1,38;P
22/06/2008;-1,39;P
23/06/2008;-1,40;P
24/06/2008;-1,40;P
25/06/2008;-1,40;P
26/06/2008;-1,41;P
27/06/2008;-1,41;P
28/06/2008;-1,40;P
29/06/2008;-1,40;P
30/06/2008;-1,41;P
01/07/2008;-1,41;P
02/07/2008;;@
03/07/2008;;@
04/07/2008;;@
05/07/2008;;@
06/07/2008;;@
07/07/2008;;@
08/07/2008;;@
09/07/2008;;@
10/07/2008;;@
11/07/2008;;@
12/07/2008;;@
13/07/2008;;@
14/07/2008;;@
15/07/2008;;@
16/07/2008;;@
17/07/2008;;@
18/07/2008;;@
19/07/2008;;@
20/07/2008;;@
21/07/2008;;@
22/07/2008;;@
23/07/2008;;@
24/07/2008;;@
25/07/2008;;@
26/07/2008;;@
27/07/2008;;@
28/07/2008;;@
29/07/2008;;@
30/07/2008;;@
31/07/2008;;@
01/08/2008;;@
02/08/2008;;@
03/08/2008;;@
04/08/2008;;@
05/08/2008;;@
06/08/2008;;@
07/08/2008;;@
08/08/2008;;@
09/08/2008;;@
10/08/2008;;@
11/08/2008;;@
12/08/2008;;@
13/08/2008;;@
14/08/2008;;@
15/08/2008;;@
16/08/2008;;@
17/08/2008;;@
18/08/2008;;@
19/08/2008;;@
20/08/2008;;@
21/08/2008;;@
22/08/2008;;@
23/08/2008;;@
24/08/2008;;@
25/08/2008;;@
26/08/2008;;@
27/08/2008;;@
28/08/2008;;@
29/08/2008;;@
30/08/2008;;@
31/08/2008;;@
01/09/2008;;@
02/09/2008;;@
03/09/2008;;@
04/09/2008;;@
05/09/2008;;@
06/09/2008;;@
07/09/2008;;@
08/09/2008;;@
09/09/2008;;@
10/09/2008;;@
11/09/2008;;@
12/09/2008;;@
13/09/2008;;@
14/09/2008;;@
15/09/2008;;@
16/09/2008;;@
17/09/2008;;@
18/09/2008;;@
19/09/2008;;@
20/09/2008;;@
21/09/2008;;@
22/09/2008;;@
23/09/2008;;@
24/09/2008;;@
25/09/2008;;@
26/09/2008;;@
27/09/2008;;@
28/09/2008;;@
29/09/2008;;@
30/09/2008;;@
01/10/2008;;@
02/10/2008;;@
03/10/2008;;@
04/10/2008;;@
05/10/2008;;@
06/10/2008;;@
07/10/2008;;@
08/10/2008;;@
09/10/2008;;@
10/10/2008;;@
11/10/2008;;@
12/10/2008;;@
13/10/2008;;@
14/10/2008;;@
15/10/2008;;@
16/10/2008;;@
17/10/2008;;@
18/10/2008;;@
19/10/2008;;@
20/10/2008;;@
21/10/2008;;@
22/10/2008;;@
23/10/2008;;@
24/10/2008;;@
25/10/2008;;@
26/10/2008;;@
27/10/2008;;@
28/10/2008;;@
29/10/2008;;@
30/10/2008;;@
31/10/2008;;@
01/11/2008;;@
02/11/2008;;@
03/11/2008;;@
04/11/2008;;@
05/11/2008;;@
06/11/2008;;@
07/11/2008;;@
08/11/2008;;@
09/11/2008;;@
10/11/2008;;@
11/11/2008;;@
12/11/2008;;@
13/11/2008;;@
14/11/2008;;@
15/11/2008;;@
16/11/2008;;@
17/11/2008;;@
18/11/2008;;@
19/11/2008;;@
20/11/2008;;@
21/11/2008;;@
22/11/2008;;@
23/11/2008;;@
24/11/2008;;@
25/11/2008;;@
26/11/2008;;@
27/11/2008;;@
28/11/2008;;@
29/11/2008;;@
30/11/2008;;@
01/12/2008;;@
02/12/2008;;@
03/12/2008;;@
04/12/2008;;@
05/12/2008;;@
06/12/2008;;@
07/12/2008;;@
08/12/2008;;@
09/12/2008;;@
10/12/2008;;@
11/12/2008;;@
12/12/2008;;@
13/12/2008;;@
14/12/2008;;@
15/12/2008;;@
16/12/2008;;@
17/12/2008;;@
18/12/2008;;@
19/12/2008;;@
20/12/2008;;@
21/12/2008;;@
22/12/2008;;@
23/12/2008;;@
24/12/2008;;@
25/12/2008;;@
26/12/2008;;@
27/12/2008;;@
28/12/2008;;@
29/12/2008;;@
30/12/2008;;@
31/12/2008;;@
01/01/2011;-1,20;V
02/01/2011;-1,22;V
03/01/2011;-1,23;V
04/01/2011;-1,24;V
05/01/2011;-1,24;V
06/01/2011;-1,24;V
07/01/2011;-1,24;V
08/01/2011;-1,24;V
09/01/2011;-1,25;V
10/01/2011;-1,25;V
11/01/2011;-0,86;V
12/01/2011;-1,12;V
13/01/2011;-1,18;V
14/01/2011;-1,21;V
15/01/2011;-1,22;V
16/01/2011;-1,23;V
17/01/2011;-1,23;V
18/01/2011;-1,23;V
19/01/2011;-1,23;V
20/01/2011;-1,24;V
21/01/2011;-1,24;V
22/01/2011;-1,24;V
23/01/2011;-1,25;V
24/01/2011;-1,26;V
25/01/2011;-1,26;V
26/01/2011;-1,25;V
27/01/2011;-1,25;V
28/01/2011;-1,25;V
29/01/2011;-1,25;V
30/01/2011;-1,20;V
31/01/2011;-1,22;V
01/02/2011;-1,23;V
02/02/2011;-1,24;V
03/02/2011;-1,25;V
04/02/2011;-1,25;V
05/02/2011;-1,25;V
06/02/2011;-1,25;V
07/02/2011;-1,25;V
08/02/2011;-1,25;V
09/02/2011;-1,25;V
10/02/2011;-1,24;V
11/02/2011;-1,24;V
12/02/2011;-1,24;V
13/02/2011;-1,24;V
14/02/2011;-1,24;V
15/02/2011;-1,23;V
16/02/2011;-0,94;V
17/02/2011;-0,18;V
18/02/2011;-0,62;V
19/02/2011;-1,04;V
20/02/2011;-1,09;V
21/02/2011;-0,84;V
22/02/2011;-1,05;V
23/02/2011;-1,11;V
24/02/2011;-1,14;V
25/02/2011;-1,15;V
26/02/2011;-1,16;V
27/02/2011;-1,15;V
28/02/2011;-1,05;V
01/03/2011;-1,10;V
02/03/2011;-1,09;V
03/03/2011;-1,04;V
04/03/2011;-1,02;V
05/03/2011;-1,08;V
06/03/2011;-1,05;V
07/03/2011;-1,11;V
08/03/2011;-1,14;V
09/03/2011;-1,14;V
10/03/2011;-1,14;V
11/03/2011;-1,14;V
12/03/2011;-1,14;V
13/03/2011;-1,12;V
14/03/2011;-0,94;V
15/03/2011;-0,82;V
16/03/2011;0,53;V
17/03/2011;-0,57;V
18/03/2011;-0,85;V
19/03/2011;-0,95;V
20/03/2011;-0,98;V
21/03/2011;-1,03;V
22/03/2011;-1,06;V
23/03/2011;-1,07;V
24/03/2011;-1,07;V
25/03/2011;-1,08;V
26/03/2011;-1,08;V
27/03/2011;-1,09;V
28/03/2011;-0,05;V
29/03/2011;-0,90;V
30/03/2011;-1,02;V
31/03/2011;-1,06;V
01/04/2011;-1,07;V
02/04/2011;-1,07;V
03/04/2011;-1,07;V
04/04/2011;-1,08;V
05/04/2011;-1,09;V
06/04/2011;-1,10;V
07/04/2011;-1,10;V
08/04/2011;-1,11;V
09/04/2011;-1,11;V
10/04/2011;-1,12;V
11/04/2011;-1,13;V
12/04/2011;-1,13;V
13/04/2011;-1,13;V
14/04/2011;-1,13;V
15/04/2011;-1,13;V
16/04/2011;-1,14;V
17/04/2011;-1,15;V
18/04/2011;-1,15;V
19/04/2011;-1,16;V
20/04/2011;-1,16;V
21/04/2011;-1,17;V
22/04/2011;-1,17;V
23/04/2011;-1,17;V
24/04/2011;-1,17;V
25/04/2011;-1,17;V
26/04/2011;-1,17;V
27/04/2011;-1,17;V
28/04/2011;-1,18;V
29/04/2011;-1,19;V
30/04/2011;-1,18;V
01/05/2011;-1,19;V
02/05/2011;-1,19;V
03/05/2011;-1,19;V
04/05/2011;-1,20;V
05/05/2011;-1,21;V
06/05/2011;-1,22;V
07/05/2011;-1,22;V
08/05/2011;-1,22;V
09/05/2011;-1,23;V
10/05/2011;-1,23;V
11/05/2011;-1,24;V
12/05/2011;-1,24;V
13/05/2011;-1,24;V
14/05/2011;-1,26;V
15/05/2011;-1,21;V
16/05/2011;-1,23;V
17/05/2011;-1,25;V
18/05/2011;-1,25;V
19/05/2011;-1,25;V
20/05/2011;-1,21;V
21/05/2011;-1,25;V
22/05/2011;-1,25;V
23/05/2011;-1,26;V
24/05/2011;-1,27;V
25/05/2011;-1,27;V
26/05/2011;-1,27;V
27/05/2011;-1,27;V
28/05/2011;-1,29;V
29/05/2011;-1,29;V
30/05/2011;-1,29;V
31/05/2011;-1,29;V
01/06/2011;-1,29;V
02/06/2011;-1,27;V
03/06/2011;-1,23;V
04/06/2011;-1,23;V
05/06/2011;-0,45;V
06/06/2011;-0,88;V
07/06/2011;-1,20;V
08/06/2011;-1,24;V
09/06/2011;-1,22;V
10/06/2011;-1,27;V
11/06/2011;-1,28;V
12/06/2011;-1,29;V
13/06/2011;-1,30;V
14/06/2011;-1,30;V
15/06/2011;-1,29;V
16/06/2011;-1,30;V
17/06/2011;-1,30;V
18/06/2011;-1,31;V
19/06/2011;-1,32;V
20/06/2011;-1,32;V
21/06/2011;-1,32;V
22/06/2011;-1,32;V
23/06/2011;-1,32;V
24/06/2011;-1,33;V
25/06/2011;-1,34;V
26/06/2011;-1,35;V
27/06/2011;-1,34;V
28/06/2011;-1,33;V
29/06/2011;-1,33;V
30/06/2011;-1,33;V
01/07/2011;-1,12;V
02/07/2011;-1,27;V
03/07/2011;-1,33;V
04/07/2011;-1,33;V
05/07/2011;-1,34;V
06/07/2011;-1,34;V
07/07/2011;-1,35;V
08/07/2011;-1,35;V
09/07/2011;-1,36;V
10/07/2011;-1,35;V
11/07/2011;-1,35;V
12/07/2011;-1,35;V
13/07/2011;-1,35;V
14/07/2011;-1,36;V
15/07/2011;-1,37;V
16/07/2011;-1,38;V
17/07/2011;-1,37;V
18/07/2011;-1,37;V
19/07/2011;-1,37;V
20/07/2011;-1,34;V
21/07/2011;-1,36;V
22/07/2011;-1,37;V
23/07/2011;-1,37;V
24/07/2011;-1,36;V
25/07/2011;-1,37;V
26/07/2011;-1,38;V
27/07/2011;-1,36;V
28/07/2011;-1,36;V
29/07/2011;-1,37;V
30/07/2011;-1,38;V
31/07/2011;-1,38;V
01/08/2011;-1,38;V
02/08/2011;-1,38;V
03/08/2011;-1,38;V
04/08/2011;-1,38;V
05/08/2011;-1,38;V
06/08/2011;-1,38;V
07/08/2011;-1,38;V
08/08/2011;-1,38;V
09/08/2011;-1,39;V
10/08/2011;-1,39;V
11/08/2011;-1,40;V
12/08/2011;-1,39;V
13/08/2011;-1,38;V
14/08/2011;-1,39;V
15/08/2011;-1,39;V
16/08/2011;-1,39;V
17/08/2011;-1,39;V
18/08/2011;-1,40;V
19/08/2011;-1,40;V
20/08/2011;-1,40;V
21/08/2011;-1,40;V
22/08/2011;-1,40;V
23/08/2011;-1,40;V
24/08/2011;-1,41;V
25/08/2011;-1,41;V
26/08/2011;-1,41;V
27/08/2011;-1,41;V
28/08/2011;-1,41;V
29/08/2011;-1,40;V
30/08/2011;-1,40;V
31/08/2011;-1,40;V
01/09/2011;-1,40;V
02/09/2011;-1,40;V
03/09/2011;-1,40;V
04/09/2011;-1,39;V
05/09/2011;-1,40;V
06/09/2011;-1,40;V
07/09/2011;-1,40;V
08/09/2011;-1,40;V
09/09/2011;-1,40;V
10/09/2011;-1,39;V
11/09/2011;-1,39;V
12/09/2011;-1,40;V
13/09/2011;-1,40;V
14/09/2011;-1,40;V
15/09/2011;-1,40;V
16/09/2011;-1,41;V
17/09/2011;-1,40;V
18/09/2011;-1,40;V
19/09/2011;-1,37;V
20/09/2011;-1,40;V
21/09/2011;-1,40;V
22/09/2011;-1,40;V
23/09/2011;-1,40;V
24/09/2011;-1,40;V
25/09/2011;-1,38;V
26/09/2011;-1,39;V
27/09/2011;-1,40;V
28/09/2011;-1,40;V
29/09/2011;-1,40;V
30/09/2011;-1,40;V
01/10/2011;-1,41;V
02/10/2011;-1,41;V
03/10/2011;-1,41;V
04/10/2011;-1,41;V
05/10/2011;-1,41;V
06/10/2011;-1,41;V
07/10/2011;-1,41;V
08/10/2011;-1,30;V
09/10/2011;-1,43;V
10/10/2011;-1,42;V
11/10/2011;-1,42;V
12/10/2011;-1,41;V
13/10/2011;-1,41;V
14/10/2011;-1,42;V
15/10/2011;-1,42;V
16/10/2011;-1,42;V
17/10/2011;-1,42;V
18/10/2011;-1,42;V
19/10/2011;-1,41;V
20/10/2011;-1,39;V
21/10/2011;-1,41;V
22/10/2011;-1,42;V
23/10/2011;-1,42;V
24/10/2011;-1,41;V
25/10/2011;-1,38;V
26/10/2011;-1,01;V
27/10/2011;-1,37;V
28/10/2011;-1,40;V
29/10/2011;-1,40;V
30/10/2011;-1,41;V
31/10/2011;-1,41;V
01/11/2011;-1,41;V
02/11/2011;-1,41;V
03/11/2011;-1,40;V
04/11/2011;-1,39;V
05/11/2011;-1,40;V
06/11/2011;-1,40;V
07/11/2011;-1,39;V
08/11/2011;-1,30;V
09/11/2011;-1,38;V
10/11/2011;-1,40;V
11/11/2011;-1,40;V
12/11/2011;-1,41;V
13/11/2011;-1,41;V
14/11/2011;-1,41;V
15/11/2011;-1,41;V
16/11/2011;-1,41;V
17/11/2011;-1,41;V
18/11/2011;-1,41;V
19/11/2011;-1,40;V
20/11/2011;-1,40;V
21/11/2011;-1,39;V
22/11/2011;-1,40;V
23/11/2011;-1,40;V
24/11/2011;-1,40;V
25/11/2011;-1,40;V
26/11/2011;-1,40;V
27/11/2011;-1,41;V
28/11/2011;-1,41;V
29/11/2011;-1,41;V
30/11/2011;-1,41;V
01/12/2011;-1,40;V
02/12/2011;-1,40;V
03/12/2011;-1,40;V
04/12/2011;-1,33;V
05/12/2011;-1,35;V
06/12/2011;-1,37;V
07/12/2011;-1,40;V
08/12/2011;-1,41;V
09/12/2011;-1,41;V
10/12/2011;-1,41;V
11/12/2011;-1,41;V
12/12/2011;-1,31;V
13/12/2011;-1,32;V
14/12/2011;-1,39;V
15/12/2011;-1,40;V
16/12/2011;-1,40;V
17/12/2011;-1,33;V
18/12/2011;-1,37;V
19/12/2011;-1,41;V
20/12/2011;-1,42;V
21/12/2011;-1,42;V
22/12/2011;-1,42;V
23/12/2011;-1,42;V
24/12/2011;-1,40;V
25/12/2011;-1,38;V
26/12/2011;-1,41;V
27/12/2011;-1,41;V
28/12/2011;-1,42;V
29/12/2011;-1,40;V
30/12/2011;-1,41;V
31/12/2011;-1,41;V
01/01/2012;-1,43;V
02/01/2012;-1,42;V
03/01/2012;-1,40;V
04/01/2012;-1,36;V
05/01/2012;-1,23;V
06/01/2012;-1,31;V
07/01/2012;-1,33;V
08/01/2012;-1,34;V
09/01/2012;-1,34;V
10/01/2012;-1,34;V
11/01/2012;-1,34;V
12/01/2012;-1,33;V
13/01/2012;-1,32;V
14/01/2012;-1,33;V
15/01/2012;-1,34;V
16/01/2012;-1,34;V
17/01/2012;-1,34;V
18/01/2012;-1,34;V
19/01/2012;-1,33;V
20/01/2012;-1,33;V
21/01/2012;-1,33;V
22/01/2012;-1,33;V
23/01/2012;-1,33;V
24/01/2012;-1,33;V
25/01/2012;-1,34;V
26/01/2012;-1,34;V
27/01/2012;-1,33;V
28/01/2012;-1,34;V
29/01/2012;-1,33;V
30/01/2012;-1,33;V
31/01/2012;-1,33;V
01/02/2012;-1,29;V
02/02/2012;-1,30;V
03/02/2012;-1,32;V
04/02/2012;-1,33;V
05/02/2012;-1,33;V
06/02/2012;-1,33;V
07/02/2012;-1,33;V
08/02/2012;-1,33;V
09/02/2012;-1,32;V
10/02/2012;-1,31;V
11/02/2012;-1,32;V
12/02/2012;-1,32;V
13/02/2012;-1,32;V
14/02/2012;-1,32;V
15/02/2012;-1,31;V
16/02/2012;-1,31;V
17/02/2012;-1,31;V
18/02/2012;-1,30;V
19/02/2012;-1,28;V
20/02/2012;-1,28;V
21/02/2012;-1,24;V
22/02/2012;-1,25;V
23/02/2012;-1,28;V
24/02/2012;-1,29;V
25/02/2012;-1,29;V
26/02/2012;-1,29;V
27/02/2012;-1,30;V
28/02/2012;-1,30;V
29/02/2012;-1,30;V
01/03/2012;-1,30;V
02/03/2012;-1,30;V
03/03/2012;-1,30;V
04/03/2012;-1,30;V
05/03/2012;-1,30;V
06/03/2012;-1,27;V
07/03/2012;-1,30;V
08/03/2012;-1,31;V
09/03/2012;-1,30;V
10/03/2012;-1,30;V
11/03/2012;-1,30;V
12/03/2012;-1,30;V
13/03/2012;-1,30;V
14/03/2012;-1,30;V
15/03/2012;-1,30;V
16/03/2012;-1,30;V
17/03/2012;-1,30;V
18/03/2012;-1,29;V
19/03/2012;-1,30;V
20/03/2012;-1,31;V
21/03/2012;-1,30;V
22/03/2012;-1,34;V
23/03/2012;-1,41;V
24/03/2012;-1,41;V
25/03/2012;-1,41;V
26/03/2012;-1,41;V
27/03/2012;-1,41;V
28/03/2012;-1,41;V
29/03/2012;-1,41;V
30/03/2012;-1,41;V
31/03/2012;-1,41;V
01/04/2012;-1,41;V
02/04/2012;-1,41;V
03/04/2012;-1,40;V
04/04/2012;-1,41;V
05/04/2012;-1,41;V
06/04/2012;-1,41;V
07/04/2012;-1,40;V
08/04/2012;-1,40;V
09/04/2012;-1,41;V
10/04/2012;-1,41;V
11/04/2012;-1,28;V
12/04/2012;-1,29;V
13/04/2012;-1,38;V
14/04/2012;-1,29;V
15/04/2012;-1,08;V
16/04/2012;-1,29;V
17/04/2012;-1,33;V
18/04/2012;-1,34;V
19/04/2012;-1,32;V
20/04/2012;-1,26;V
21/04/2012;-1,26;V
22/04/2012;-1,32;V
23/04/2012;-1,35;V
24/04/2012;-1,34;V
25/04/2012;-1,36;V
26/04/2012;-1,37;V
27/04/2012;-1,37;V
28/04/2012;-1,37;V
29/04/2012;-1,37;V
30/04/2012;-1,37;V
01/05/2012;-1,35;V
02/05/2012;-1,36;V
03/05/2012;-1,38;V
04/05/2012;-1,38;V
05/05/2012;-1,38;V
06/05/2012;-1,37;V
07/05/2012;-0,77;V
08/05/2012;-1,27;V
09/05/2012;-1,34;V
10/05/2012;-1,36;V
11/05/2012;-1,37;V
12/05/2012;-1,38;V
13/05/2012;-1,39;V
14/05/2012;-1,39;V
15/05/2012;-1,40;V
16/05/2012;-1,40;V
17/05/2012;-1,41;V
18/05/2012;-1,41;V
19/05/2012;-1,41;V
20/05/2012;-1,39;V
21/05/2012;-1,23;V
22/05/2012;-1,30;V
23/05/2012;-1,34;V
24/05/2012;-1,37;V
25/05/2012;-1,38;V
26/05/2012;-1,40;V
27/05/2012;-1,40;V
28/05/2012;-1,40;V
29/05/2012;-1,40;V
30/05/2012;-1,40;V
31/05/2012;-1,40;V
01/06/2012;-1,40;V
02/06/2012;-1,41;V
03/06/2012;-1,41;V
04/06/2012;-1,39;V
05/06/2012;-1,40;V
06/06/2012;-1,41;V
07/06/2012;-1,42;V
08/06/2012;-1,42;V
09/06/2012;-1,42;V
10/06/2012;-1,42;V
11/06/2012;-1,40;V
12/06/2012;-1,41;V
13/06/2012;-1,42;V
14/06/2012;-1,43;V
15/06/2012;-1,44;V
16/06/2012;-1,43;V
17/06/2012;-1,43;V
18/06/2012;-1,43;V
19/06/2012;-1,43;V
20/06/2012;-1,43;V
21/06/2012;-1,43;V
22/06/2012;-1,43;V
23/06/2012;-1,44;V
24/06/2012;;@
25/06/2012;-1,45;V
26/06/2012;;@
27/06/2012;-1,45;V
28/06/2012;-1,44;V
29/06/2012;-1,44;V
30/06/2012;-1,44;V
01/07/2012;-1,44;V
02/07/2012;-1,45;V
03/07/2012;-1,45;V
04/07/2012;;@
05/07/2012;-1,48;V
06/07/2012;-1,46;V
07/07/2012;-1,46;V
08/07/2012;-1,46;V
09/07/2012;-1,46;V
10/07/2012;-1,46;V
11/07/2012;-1,45;V
12/07/2012;;@
13/07/2012;-1,45;V
14/07/2012;-1,44;V
15/07/2012;-1,45;V
16/07/2012;-1,45;V
17/07/2012;;@
18/07/2012;-1,45;V
19/07/2012;-1,45;V
20/07/2012;-1,44;V
21/07/2012;-1,44;V
22/07/2012;-1,43;V
23/07/2012;-1,43;V
24/07/2012;-1,43;V
25/07/2012;;@
26/07/2012;-1,43;V
27/07/2012;-1,43;V
28/07/2012;-1,43;V
29/07/2012;;@
30/07/2012;-1,44;V
31/07/2012;-1,43;V
01/08/2012;-1,44;V
02/08/2012;;@
03/08/2012;-1,45;V
04/08/2012;-1,44;V
05/08/2012;;@
06/08/2012;;@
07/08/2012;;@
08/08/2012;;@
09/08/2012;-1,45;V
10/08/2012;-1,45;V
11/08/2012;-1,46;V
12/08/2012;-1,45;V
13/08/2012;-1,45;V
14/08/2012;-1,45;V
15/08/2012;-1,45;V
16/08/2012;-1,45;V
17/08/2012;-1,45;V
18/08/2012;-1,45;V
19/08/2012;-1,45;V
20/08/2012;-1,46;V
21/08/2012;-1,46;V
22/08/2012;-1,46;V
23/08/2012;-1,46;V
24/08/2012;-1,46;V
25/08/2012;-1,46;V
26/08/2012;-1,43;V
27/08/2012;-1,46;V
28/08/2012;-1,47;V
29/08/2012;-1,47;V
30/08/2012;-1,46;V
31/08/2012;-1,25;V
01/09/2012;-1,41;V
02/09/2012;-1,47;V
03/09/2012;-1,31;V
04/09/2012;-1,36;V
05/09/2012;-1,43;V
06/09/2012;-1,41;V
07/09/2012;-1,48;V
08/09/2012;-1,49;V
09/09/2012;-1,50;V
10/09/2012;-1,46;V
11/09/2012;-1,47;V
12/09/2012;-1,49;V
13/09/2012;-1,50;V
14/09/2012;-1,51;V
15/09/2012;-1,51;V
16/09/2012;-1,51;V
17/09/2012;-1,51;V
18/09/2012;-1,51;V
19/09/2012;-1,46;V
20/09/2012;-1,46;V
21/09/2012;-1,51;V
22/09/2012;-1,50;V
23/09/2012;-1,49;V
24/09/2012;-1,50;V
25/09/2012;-1,50;V
26/09/2012;-1,49;V
27/09/2012;-1,50;V
28/09/2012;-1,50;V
29/09/2012;-1,49;V
30/09/2012;-1,40;V
01/10/2012;-1,16;V
02/10/2012;-1,44;V
03/10/2012;-1,47;V
04/10/2012;-1,49;V
05/10/2012;-1,49;V
06/10/2012;-1,50;V
07/10/2012;-1,49;V
08/10/2012;-1,49;V
09/10/2012;-1,44;V
10/10/2012;-1,42;V
11/10/2012;-1,46;V
12/10/2012;-1,43;V
13/10/2012;-1,43;V
14/10/2012;-1,32;V
15/10/2012;-1,27;V
16/10/2012;-0,68;V
17/10/2012;-1,34;V
18/10/2012;-1,42;V
19/10/2012;-1,44;V
20/10/2012;-1,45;V
21/10/2012;-1,45;V
22/10/2012;-1,46;V
23/10/2012;-1,47;V
24/10/2012;-1,47;V
25/10/2012;-1,47;V
26/10/2012;-1,46;V
27/10/2012;-1,41;V
28/10/2012;-1,37;V
29/10/2012;-1,20;V
30/10/2012;-1,40;V
31/10/2012;-1,43;V
01/11/2012;-1,19;V
02/11/2012;-1,32;V
03/11/2012;-1,40;V
04/11/2012;-1,41;V
05/11/2012;-1,35;V
06/11/2012;-1,39;V
07/11/2012;-1,44;V
08/11/2012;-1,46;V
09/11/2012;-1,46;V
10/11/2012;-1,45;V
11/11/2012;-1,43;V
12/11/2012;-0,62;V
13/11/2012;-0,67;V
14/11/2012;-1,23;V
15/11/2012;-1,33;V
16/11/2012;-1,37;V
17/11/2012;-1,40;V
18/11/2012;-1,41;V
19/11/2012;-1,41;V
20/11/2012;-1,42;V
21/11/2012;-1,44;V
22/11/2012;-1,45;V
23/11/2012;-1,45;V
24/11/2012;-1,45;V
25/11/2012;-1,45;V
26/11/2012;-1,46;V
27/11/2012;-1,09;V
28/11/2012;2,49;V
29/11/2012;-0,57;V
30/11/2012;-1,05;V
01/12/2012;-0,97;V
02/12/2012;-0,61;V
03/12/2012;-1,17;V
04/12/2012;-1,21;V
05/12/2012;-1,17;V
06/12/2012;-1,24;V
07/12/2012;-1,11;V
08/12/2012;-0,52;V
09/12/2012;-1,21;V
10/12/2012;-1,26;V
11/12/2012;-1,27;V
12/12/2012;-1,31;V
13/12/2012;-1,33;V
14/12/2012;-1,33;V
15/12/2012;-1,24;V
16/12/2012;-1,24;V
17/12/2012;-0,77;V
18/12/2012;-1,02;V
19/12/2012;-1,24;V
20/12/2012;-1,28;V
21/12/2012;-1,27;V
22/12/2012;-1,30;V
23/12/2012;-1,31;V
24/12/2012;-1,33;V
25/12/2012;-1,34;V
26/12/2012;-1,29;V
27/12/2012;-1,23;V
28/12/2012;-1,28;V
29/12/2012;-1,32;V
30/12/2012;-1,33;V
31/12/2012;-1,35;V
01/01/2013;-1,35;V
02/01/2013;-1,35;V
03/01/2013;-1,37;V
04/01/2013;-1,37;V
05/01/2013;-1,37;V
06/01/2013;-1,37;V
07/01/2013;-1,37;V
08/01/2013;-1,37;V
09/01/2013;-1,37;V
10/01/2013;-1,36;V
11/01/2013;-1,36;V
12/01/2013;-1,36;V
13/01/2013;-1,22;V
14/01/2013;-1,05;V
15/01/2013;-1,16;V
16/01/2013;-1,08;V
17/01/2013;-1,12;V
18/01/2013;-1,21;V
19/01/2013;-1,22;V
20/01/2013;-0,95;V
21/01/2013;-0,62;V
22/01/2013;-1,03;V
23/01/2013;-0,95;V
24/01/2013;-1,11;V
25/01/2013;-1,17;V
26/01/2013;-1,21;V
27/01/2013;-1,23;V
28/01/2013;-1,16;V
29/01/2013;-1,14;V
30/01/2013;-1,19;V
31/01/2013;-1,21;V
01/02/2013;-1,21;V
02/02/2013;-1,18;V
03/02/2013;-1,16;V
04/02/2013;-1,21;V
05/02/2013;-1,21;V
06/02/2013;-1,20;V
07/02/2013;-0,98;V
08/02/2013;-1,12;V
09/02/2013;-1,18;V
10/02/2013;-1,20;V
11/02/2013;-1,10;V
12/02/2013;-0,87;V
13/02/2013;-1,12;V
14/02/2013;-1,16;V
15/02/2013;-1,17;V
16/02/2013;-1,18;V
17/02/2013;-1,19;V
18/02/2013;-1,20;V
19/02/2013;-1,20;V
20/02/2013;-1,20;V
21/02/2013;-1,20;V
22/02/2013;-1,16;V
23/02/2013;-0,78;V
24/02/2013;0,20;V
25/02/2013;-0,32;V
26/02/2013;-0,75;V
27/02/2013;-0,97;V
28/02/2013;-1,05;V
01/03/2013;-1,09;V
02/03/2013;-1,11;V
03/03/2013;-1,14;V
04/03/2013;-1,15;V
05/03/2013;-1,15;V
06/03/2013;-1,09;V
07/03/2013;-1,09;V
08/03/2013;-1,04;V
09/03/2013;-0,83;V
10/03/2013;-0,77;V
11/03/2013;0,01;V
12/03/2013;1,69;V
13/03/2013;0,56;V
14/03/2013;-0,38;V
15/03/2013;-0,86;V
16/03/2013;-0,99;V
17/03/2013;-1,01;V
18/03/2013;-0,03;V
19/03/2013;-0,77;V
20/03/2013;-0,92;V
21/03/2013;-0,82;V
22/03/2013;-1,00;V
23/03/2013;-1,05;V
24/03/2013;-1,07;V
25/03/2013;-1,10;V
26/03/2013;-1,09;V
27/03/2013;-1,11;V
28/03/2013;-1,12;V
29/03/2013;-1,12;V
30/03/2013;-1,10;V
31/03/2013;-0,94;V
01/04/2013;-1,11;V
02/04/2013;-0,86;V
03/04/2013;-1,02;V
04/04/2013;-1,10;V
05/04/2013;-0,75;V
06/04/2013;-0,95;V
07/04/2013;-1,06;V
08/04/2013;-1,10;V
09/04/2013;-1,09;V
10/04/2013;-1,12;V
11/04/2013;-1,14;V
12/04/2013;-1,14;V
13/04/2013;-1,16;V
14/04/2013;-1,17;V
15/04/2013;-1,18;V
16/04/2013;-1,18;V
17/04/2013;-1,19;V
18/04/2013;-1,19;V
19/04/2013;-1,20;V
20/04/2013;-1,20;V
21/04/2013;-1,21;V
22/04/2013;-1,20;V
23/04/2013;-1,20;V
24/04/2013;-1,21;V
25/04/2013;-1,22;V
26/04/2013;-1,21;V
27/04/2013;-1,21;V
28/04/2013;-1,21;V
29/04/2013;-1,23;V
30/04/2013;-1,23;V
01/05/2013;-1,24;V
02/05/2013;-1,23;V
03/05/2013;-1,23;V
04/05/2013;-1,25;V
05/05/2013;-1,21;V
06/05/2013;-1,20;V
07/05/2013;-1,19;V
08/05/2013;-1,21;V
09/05/2013;-1,19;V
10/05/2013;-1,23;V
11/05/2013;-1,21;V
12/05/2013;-1,24;V
13/05/2013;-1,25;V
14/05/2013;-1,26;V
15/05/2013;-1,26;V
16/05/2013;-1,19;V
17/05/2013;-1,20;V
18/05/2013;-1,21;V
19/05/2013;-1,21;V
20/05/2013;-1,21;V
21/05/2013;-1,19;V
22/05/2013;-1,22;V
23/05/2013;-1,24;V
24/05/2013;-1,25;V
25/05/2013;-1,24;V
26/05/2013;-1,20;V
27/05/2013;-1,25;V
28/05/2013;-1,26;V
29/05/2013;-1,26;V
30/05/2013;-1,25;V
31/05/2013;-0,83;V
01/06/2013;-1,17;V
02/06/2013;-1,23;V
03/06/2013;-0,97;V
04/06/2013;-1,07;V
05/06/2013;-1,12;V
06/06/2013;-1,00;V
07/06/2013;-1,21;V
08/06/2013;-1,23;V
09/06/2013;-1,24;V
10/06/2013;-1,19;V
11/06/2013;-1,21;V
12/06/2013;-1,25;V
13/06/2013;-1,27;V
14/06/2013;-1,27;V
15/06/2013;-1,28;V
16/06/2013;-1,29;V
17/06/2013;-1,29;V
18/06/2013;-1,30;V
19/06/2013;-1,30;V
20/06/2013;-1,31;V
21/06/2013;-1,32;V
22/06/2013;-1,32;V
23/06/2013;-1,31;V
24/06/2013;-1,31;V
25/06/2013;-1,29;V
26/06/2013;-1,32;V
27/06/2013;-1,33;V
28/06/2013;-1,33;V
29/06/2013;-1,32;V
30/06/2013;-1,33;V
01/07/2013;-1,34;V
02/07/2013;-1,34;V
03/07/2013;-1,33;V
04/07/2013;-1,33;V
05/07/2013;-1,34;V
06/07/2013;-1,34;V
07/07/2013;-1,34;V
08/07/2013;-1,33;V
09/07/2013;-1,32;V
10/07/2013;-1,28;V
11/07/2013;-1,25;V
12/07/2013;-1,32;V
13/07/2013;-1,33;V
14/07/2013;-1,34;V
15/07/2013;-1,34;V
16/07/2013;-1,36;V
17/07/2013;-1,33;V
18/07/2013;-1,31;V
19/07/2013;-1,30;V
20/07/2013;-1,31;V
21/07/2013;-1,34;V
22/07/2013;-1,34;V
23/07/2013;-1,35;V
24/07/2013;-1,36;V
25/07/2013;-1,36;V
26/07/2013;-1,36;V
27/07/2013;-1,37;V
28/07/2013;;@
29/07/2013;-1,34;V
30/07/2013;-1,34;V
31/07/2013;-1,37;V
01/08/2013;-1,38;V
02/08/2013;-1,38;V
03/08/2013;-1,37;V
04/08/2013;-1,38;V
05/08/2013;-1,38;V
06/08/2013;-1,37;V
07/08/2013;;@
08/08/2013;;@
09/08/2013;-1,38;V
10/08/2013;-1,38;V
11/08/2013;;@
12/08/2013;;@
13/08/2013;-1,38;V
14/08/2013;-1,37;V
15/08/2013;-1,38;V
16/08/2013;;@
17/08/2013;;@
18/08/2013;;@
19/08/2013;-1,38;V
20/08/2013;-1,35;V
21/08/2013;-1,37;V
22/08/2013;-1,37;V
23/08/2013;-1,37;V
24/08/2013;-1,36;V
25/08/2013;-1,28;V
26/08/2013;-1,35;V
27/08/2013;-1,36;V
28/08/2013;-1,36;V
29/08/2013;-1,37;V
30/08/2013;-1,37;V
31/08/2013;-1,37;V
01/09/2013;-1,38;V
02/09/2013;-1,37;V
03/09/2013;-1,37;V
04/09/2013;-1,37;V
05/09/2013;-1,37;V
06/09/2013;-1,37;V
07/09/2013;-1,37;V
08/09/2013;-1,37;V
09/09/2013;-1,29;V
10/09/2013;-1,33;V
11/09/2013;-1,32;V
12/09/2013;-1,37;V
13/09/2013;-1,37;V
14/09/2013;-1,37;V
15/09/2013;-1,36;V
16/09/2013;-1,36;V
17/09/2013;-1,37;V
18/09/2013;-1,37;V
19/09/2013;-1,37;V
20/09/2013;-1,37;V
21/09/2013;-1,37;V
22/09/2013;-1,38;V
23/09/2013;-1,38;V
24/09/2013;-1,38;V
25/09/2013;-1,38;V
26/09/2013;-1,38;V
27/09/2013;-1,38;V
28/09/2013;-1,38;V
29/09/2013;-1,29;V
30/09/2013;-1,27;V
01/10/2013;-1,33;V
02/10/2013;-1,37;V
03/10/2013;-1,38;V
04/10/2013;-1,38;V
05/10/2013;-0,93;V
06/10/2013;-1,22;V
07/10/2013;-1,31;V
08/10/2013;-1,26;V
09/10/2013;-1,26;V
10/10/2013;-1,32;V
11/10/2013;-1,31;V
12/10/2013;-1,33;V
13/10/2013;-1,35;V
14/10/2013;-1,36;V
15/10/2013;-1,35;V
16/10/2013;-1,28;V
17/10/2013;-1,33;V
18/10/2013;-1,36;V
19/10/2013;-1,36;V
20/10/2013;-1,36;V
21/10/2013;2,06;V
22/10/2013;-0,64;V
23/10/2013;-1,17;V
24/10/2013;0,76;V
25/10/2013;-1,11;V
26/10/2013;-1,21;V
27/10/2013;-1,24;V
28/10/2013;-1,26;V
29/10/2013;-1,27;V
30/10/2013;-1,28;V
31/10/2013;-1,30;V
01/11/2013;-1,30;V
02/11/2013;-1,30;V
03/11/2013;-1,30;V
04/11/2013;-1,27;V
05/11/2013;-0,83;V
06/11/2013;-1,18;V
07/11/2013;-1,23;V
08/11/2013;-1,25;V
09/11/2013;-1,13;V
10/11/2013;-0,11;V
11/11/2013;-0,72;V
12/11/2013;-1,11;V
13/11/2013;-1,16;V
14/11/2013;-1,19;V
15/11/2013;-0,95;V
16/11/2013;-1,15;V
17/11/2013;-1,18;V
18/11/2013;-1,19;V
19/11/2013;-1,19;V
20/11/2013;-1,17;V
21/11/2013;-0,25;V
22/11/2013;-0,12;V
23/11/2013;-0,74;V
24/11/2013;-0,99;V
25/11/2013;-1,09;V
26/11/2013;-1,14;V
27/11/2013;-1,14;V
28/11/2013;-1,15;V
29/11/2013;-1,17;V
30/11/2013;-1,17;V
01/12/2013;-1,16;V
02/12/2013;-1,17;V
03/12/2013;-1,18;V
04/12/2013;-1,18;V
05/12/2013;-1,17;V
06/12/2013;-1,16;V
07/12/2013;-1,18;V
08/12/2013;-1,19;V
09/12/2013;-1,20;V
10/12/2013;-1,21;V
11/12/2013;-1,22;V
12/12/2013;-1,23;V
13/12/2013;-1,24;V
14/12/2013;-1,24;V
15/12/2013;-1,25;V
16/12/2013;-1,27;V
17/12/2013;-1,28;V
18/12/2013;-1,29;V
19/12/2013;-1,28;V
20/12/2013;-1,28;V
21/12/2013;-1,29;V
22/12/2013;-1,28;V
23/12/2013;-1,28;V
24/12/2013;-1,28;V
25/12/2013;-1,27;V
26/12/2013;-1,05;V
27/12/2013;-1,15;V
28/12/2013;-1,24;V
29/12/2013;-1,13;V
30/12/2013;-1,17;V
31/12/2013;-1,23;V
01/01/2014;-1,25;V
02/01/2014;-1,26;V
03/01/2014;-1,26;V
04/01/2014;-1,26;V
05/01/2014;-1,19;V
06/01/2014;-1,22;V
07/01/2014;-1,26;V
08/01/2014;-1,27;V
09/01/2014;-1,27;V
10/01/2014;-1,27;V
11/01/2014;-1,28;V
12/01/2014;-1,28;V
13/01/2014;-1,28;V
14/01/2014;-1,22;V
15/01/2014;-1,21;V
16/01/2014;-1,25;V
17/01/2014;-1,22;V
18/01/2014;-1,09;V
19/01/2014;-1,00;V
20/01/2014;-0,79;V
21/01/2014;-1,11;V
22/01/2014;-1,14;V
23/01/2014;-1,16;V
24/01/2014;-1,05;V
25/01/2014;-1,17;V
26/01/2014;-1,20;V
27/01/2014;-1,18;V
28/01/2014;-1,12;V
29/01/2014;-1,20;V
30/01/2014;0,98;V
31/01/2014;2,34;V
01/02/2014;-0,29;V
02/02/2014;-0,85;V
03/02/2014;-0,89;V
04/02/2014;-0,92;V
05/02/2014;-0,89;V
06/02/2014;-0,44;V
07/02/2014;-0,92;V
08/02/2014;-0,70;V
09/02/2014;-0,76;V
10/02/2014;0,49;V
11/02/2014;0,98;V
12/02/2014;-0,62;V
13/02/2014;-0,86;V
14/02/2014;-0,93;V
15/02/2014;-0,96;V
16/02/2014;-0,98;V
17/02/2014;-0,99;V
18/02/2014;-0,99;V
19/02/2014;-0,93;V
20/02/2014;0,93;V
21/02/2014;-0,47;V
22/02/2014;-0,65;V
23/02/2014;-0,75;V
24/02/2014;-0,82;V
25/02/2014;-0,85;V
26/02/2014;-0,66;V
27/02/2014;-0,51;V
28/02/2014;-0,30;V
01/03/2014;0,75;V
02/03/2014;-0,40;V
03/03/2014;-0,63;V
04/03/2014;-0,12;V
05/03/2014;-0,42;V
06/03/2014;-0,66;V
07/03/2014;-0,73;V
08/03/2014;-0,77;V
09/03/2014;-0,80;V
10/03/2014;-0,82;V
11/03/2014;-0,83;V
12/03/2014;-0,85;V
13/03/2014;-0,86;V
14/03/2014;-0,87;V
15/03/2014;-0,88;V
16/03/2014;-0,88;V
17/03/2014;-0,89;V
18/03/2014;-0,90;V
19/03/2014;-0,91;V
20/03/2014;-0,92;V
21/03/2014;-0,91;V
22/03/2014;-0,92;V
23/03/2014;-0,83;V
24/03/2014;-0,72;V
25/03/2014;-0,94;V
26/03/2014;-1,00;V
27/03/2014;-1,02;V
28/03/2014;-1,02;V
29/03/2014;-1,04;V
30/03/2014;-1,03;V
31/03/2014;-1,03;V
01/04/2014;-1,03;V
02/04/2014;-1,03;V
03/04/2014;-1,02;V
04/04/2014;-0,99;V
05/04/2014;-0,81;V
06/04/2014;-0,95;V
07/04/2014;-0,98;V
08/04/2014;-0,99;V
09/04/2014;-0,99;V
10/04/2014;-0,99;V
11/04/2014;-1,00;V
12/04/2014;-1,00;V
13/04/2014;-0,99;V
14/04/2014;-0,98;V
15/04/2014;-0,99;V
16/04/2014;-0,99;V
17/04/2014;-0,99;V
18/04/2014;-0,98;V
19/04/2014;-0,85;V
20/04/2014;-0,78;V
21/04/2014;-0,93;V
22/04/2014;-0,90;V
23/04/2014;-0,93;V
24/04/2014;-0,93;V
25/04/2014;-0,92;V
26/04/2014;-0,91;V
27/04/2014;-0,92;V
28/04/2014;-0,85;V
29/04/2014;-0,89;V
30/04/2014;-0,90;V
01/05/2014;-0,91;V
02/05/2014;-0,84;V
03/05/2014;-0,40;V
04/05/2014;-0,73;V
05/05/2014;-0,84;V
06/05/2014;-0,86;V
07/05/2014;-0,87;V
08/05/2014;-0,88;V
09/05/2014;-0,88;V
10/05/2014;-0,88;V
11/05/2014;-0,89;V
12/05/2014;-0,90;V
13/05/2014;-0,89;V
14/05/2014;-0,89;V
15/05/2014;-0,90;V
16/05/2014;-0,90;V
17/05/2014;-0,89;V
18/05/2014;-0,90;V
19/05/2014;-0,89;V
20/05/2014;-0,88;V
21/05/2014;-0,88;V
22/05/2014;-0,88;V
23/05/2014;-0,86;V
24/05/2014;-0,87;V
25/05/2014;-0,87;V
26/05/2014;-0,85;V
27/05/2014;-0,85;V
28/05/2014;-0,85;V
29/05/2014;-0,85;V
30/05/2014;-0,80;V
31/05/2014;-0,74;V
01/06/2014;-0,82;V
02/06/2014;-0,83;V
03/06/2014;-0,80;V
04/06/2014;-0,81;V
05/06/2014;-0,85;V
06/06/2014;-0,86;V
07/06/2014;-0,88;V
08/06/2014;-0,90;V
09/06/2014;-0,92;V
10/06/2014;-0,93;V
11/06/2014;-0,95;V
12/06/2014;-0,96;V
13/06/2014;-0,96;V
14/06/2014;-0,92;V
15/06/2014;-0,92;V
16/06/2014;-0,92;V
17/06/2014;-0,91;V
18/06/2014;-1,01;V
19/06/2014;-1,02;V
20/06/2014;-1,04;V
21/06/2014;-1,06;V
22/06/2014;-1,09;V
23/06/2014;-1,11;V
24/06/2014;-1,12;V
25/06/2014;-1,11;V
26/06/2014;-1,13;V
27/06/2014;-1,14;V
28/06/2014;-1,17;V
29/06/2014;-1,16;V
30/06/2014;-1,06;V
01/07/2014;-1,19;V
02/07/2014;-1,21;V
03/07/2014;-1,22;V
04/07/2014;-1,23;V
05/07/2014;-1,25;V
06/07/2014;-1,26;V
07/07/2014;-1,28;V
08/07/2014;-1,26;V
09/07/2014;-1,31;V
10/07/2014;-1,28;V
11/07/2014;-1,30;V
12/07/2014;-1,33;V
13/07/2014;-1,34;V
14/07/2014;-1,33;V
15/07/2014;-1,32;V
16/07/2014;-1,38;V
17/07/2014;-1,39;V
18/07/2014;-1,39;V
19/07/2014;-1,39;V
20/07/2014;-1,39;V
21/07/2014;-1,30;V
22/07/2014;-1,29;V
23/07/2014;-1,37;V
24/07/2014;-1,38;V
25/07/2014;-1,37;V
26/07/2014;-1,38;V
27/07/2014;-1,35;V
28/07/2014;-1,37;V
29/07/2014;-1,36;V
30/07/2014;-1,23;V
31/07/2014;-1,34;V
01/08/2014;-1,37;V
02/08/2014;-1,39;V
03/08/2014;-1,39;V
04/08/2014;-1,40;V
05/08/2014;-1,39;V
06/08/2014;-1,39;V
07/08/2014;-1,40;V
08/08/2014;-1,41;V
09/08/2014;-1,41;V
10/08/2014;-1,41;V
11/08/2014;-1,41;V
12/08/2014;-1,40;V
13/08/2014;-1,39;V
14/08/2014;-1,34;V
15/08/2014;-1,41;V
16/08/2014;-1,39;V
17/08/2014;-1,42;V
18/08/2014;-1,41;V
19/08/2014;-1,39;V
20/08/2014;-1,39;V
21/08/2014;-1,41;V
22/08/2014;-1,41;V
23/08/2014;-1,39;V
24/08/2014;-1,39;V
25/08/2014;-1,40;V
26/08/2014;-1,40;V
27/08/2014;-1,39;V
28/08/2014;-1,40;V
29/08/2014;-1,41;V
30/08/2014;-1,41;V
31/08/2014;-1,40;V
01/09/2014;-1,30;V
02/09/2014;-1,39;V
03/09/2014;-1,40;V
04/09/2014;-1,40;V
05/09/2014;-1,40;V
06/09/2014;-1,40;V
07/09/2014;-1,40;V
08/09/2014;-1,40;V
09/09/2014;-1,40;V
10/09/2014;-1,39;V
11/09/2014;-1,21;V
12/09/2014;-1,25;V
13/09/2014;-1,32;V
14/09/2014;-1,38;V
15/09/2014;-1,40;V
16/09/2014;-1,40;V
17/09/2014;-1,41;V
18/09/2014;-1,40;V
19/09/2014;-1,40;V
20/09/2014;-1,40;V
21/09/2014;-1,41;V
22/09/2014;-1,41;V
23/09/2014;-1,43;V
24/09/2014;-1,42;V
25/09/2014;-1,42;V
26/09/2014;-1,44;V
27/09/2014;-1,44;V
28/09/2014;-1,43;V
29/09/2014;-1,43;V
30/09/2014;-1,43;V
01/10/2014;-1,41;V
02/10/2014;-1,42;V
03/10/2014;-1,43;V
04/10/2014;-1,44;V
05/10/2014;-1,44;V
06/10/2014;-1,44;V
07/10/2014;-1,44;V
08/10/2014;-1,44;V
09/10/2014;-1,43;V
10/10/2014;-1,43;V
11/10/2014;-1,43;V
12/10/2014;-1,41;V
13/10/2014;-1,37;V
14/10/2014;-1,30;V
15/10/2014;-1,38;V
16/10/2014;-1,40;V
17/10/2014;-1,41;V
18/10/2014;-1,42;V
19/10/2014;-1,43;V
20/10/2014;-1,43;V
21/10/2014;-1,42;V
22/10/2014;-1,44;V
23/10/2014;-1,45;V
24/10/2014;-1,45;V
25/10/2014;-1,45;V
26/10/2014;-1,45;V
27/10/2014;-1,45;V
28/10/2014;-1,44;V
29/10/2014;-1,45;V
30/10/2014;-1,47;V
31/10/2014;-1,46;V
01/11/2014;-1,46;V
02/11/2014;-1,46;V
03/11/2014;-1,46;V
04/11/2014;-1,45;V
05/11/2014;-0,91;V
06/11/2014;-1,26;V
07/11/2014;-1,36;V
08/11/2014;-1,39;V
09/11/2014;-1,41;V
10/11/2014;-1,36;V
11/11/2014;-1,38;V
12/11/2014;-1,38;V
13/11/2014;-1,32;V
14/11/2014;-1,37;V
15/11/2014;-1,35;V
16/11/2014;-1,16;V
17/11/2014;-0,71;V
18/11/2014;0,15;V
19/11/2014;-1,05;V
20/11/2014;-1,23;V
21/11/2014;-1,28;V
22/11/2014;-1,31;V
23/11/2014;-1,33;V
24/11/2014;-1,35;V
25/11/2014;-1,35;V
26/11/2014;-1,11;V
27/11/2014;-0,97;V
28/11/2014;-1,16;V
29/11/2014;-1,27;V
30/11/2014;-1,30;V
01/12/2014;-1,30;V
02/12/2014;-1,32;V
03/12/2014;-1,32;V
04/12/2014;-1,28;V
05/12/2014;-1,21;V
06/12/2014;-1,22;V
07/12/2014;-1,22;V
08/12/2014;-1,28;V
09/12/2014;-1,31;V
10/12/2014;-1,33;V
11/12/2014;-1,34;V
12/12/2014;-1,34;V
13/12/2014;-1,35;V
14/12/2014;-1,35;V
15/12/2014;-1,35;V
16/12/2014;-1,16;V
17/12/2014;-1,26;V
18/12/2014;-1,32;V
19/12/2014;-1,33;V
20/12/2014;-1,34;V
21/12/2014;-1,35;V
22/12/2014;-1,35;V
23/12/2014;-1,35;V
24/12/2014;-1,36;V
25/12/2014;-1,36;V
26/12/2014;-1,36;V
27/12/2014;-1,27;V
28/12/2014;-1,13;V
29/12/2014;-1,31;V
30/12/2014;-1,34;V
31/12/2014;-1,34;V
01/01/2015;-1,26;V
02/01/2015;-1,26;V
03/01/2015;-1,26;V
04/01/2015;-1,26;V
05/01/2015;-1,27;V
06/01/2015;-1,27;V
07/01/2015;-1,27;V
08/01/2015;-1,27;V
09/01/2015;-1,27;V
10/01/2015;-1,27;V
11/01/2015;-1,27;V
12/01/2015;-1,28;V
13/01/2015;-1,29;V
14/01/2015;-1,28;V
15/01/2015;-1,29;V
16/01/2015;-1,28;V
17/01/2015;-1,26;V
18/01/2015;-1,27;V
19/01/2015;-1,29;V
20/01/2015;-1,29;V
21/01/2015;-1,28;V
22/01/2015;-1,28;V
23/01/2015;-1,29;V
24/01/2015;-1,29;V
25/01/2015;-1,29;V
26/01/2015;-1,30;V
27/01/2015;-1,30;V
28/01/2015;-1,30;V
29/01/2015;-1,27;V
30/01/2015;0,24;V
31/01/2015;-0,80;V
01/02/2015;-0,91;V
02/02/2015;-1,10;V
03/02/2015;-1,11;V
04/02/2015;-1,14;V
05/02/2015;-0,11;V
06/02/2015;0,10;V
07/02/2015;-0,71;V
08/02/2015;-0,99;V
09/02/2015;-1,08;V
10/02/2015;-1,13;V
11/02/2015;-1,16;V
12/02/2015;-1,18;V
13/02/2015;-1,19;V
14/02/2015;-1,17;V
15/02/2015;-1,19;V
16/02/2015;-1,21;V
17/02/2015;-1,21;V
18/02/2015;-1,24;V
19/02/2015;-1,24;V
20/02/2015;-1,24;V
21/02/2015;-1,24;V
22/02/2015;-1,15;V
23/02/2015;-1,21;V
24/02/2015;-1,22;V
25/02/2015;-1,22;V
26/02/2015;-1,24;V
27/02/2015;-1,24;V
28/02/2015;-1,25;V
01/03/2015;-1,25;V
02/03/2015;-1,24;V
03/03/2015;-1,26;V
04/03/2015;-1,24;V
05/03/2015;-0,45;V
06/03/2015;-1,12;V
07/03/2015;-1,19;V
08/03/2015;-1,22;V
09/03/2015;-1,23;V
10/03/2015;-1,24;V
11/03/2015;-1,24;V
12/03/2015;-1,25;V
13/03/2015;-1,26;V
14/03/2015;-1,26;V
15/03/2015;-1,25;V
16/03/2015;-1,16;V
17/03/2015;-0,90;V
18/03/2015;-1,12;V
19/03/2015;-1,18;V
20/03/2015;-1,21;V
21/03/2015;-1,23;V
22/03/2015;-1,24;V
23/03/2015;-1,24;V
24/03/2015;-1,24;V
25/03/2015;-1,22;V
26/03/2015;-0,67;V
27/03/2015;-1,15;V
28/03/2015;-1,20;V
29/03/2015;-1,23;V
30/03/2015;-1,23;V
31/03/2015;-1,24;V
01/04/2015;-1,25;V
02/04/2015;-1,26;V
03/04/2015;-1,26;V
04/04/2015;-0,95;V
05/04/2015;-0,84;V
06/04/2015;-1,16;V
07/04/2015;-1,21;V
08/04/2015;-1,23;V
09/04/2015;-1,24;V
10/04/2015;-1,24;V
11/04/2015;-1,25;V
12/04/2015;-1,25;V
13/04/2015;-1,26;V
14/04/2015;-1,26;V
15/04/2015;-1,26;V
16/04/2015;-1,26;V
17/04/2015;-1,27;V
18/04/2015;-1,26;V
19/04/2015;-1,27;V
20/04/2015;-1,28;V
21/04/2015;-1,29;V
22/04/2015;-1,29;V
23/04/2015;-1,29;V
24/04/2015;-1,29;V
25/04/2015;-1,28;V
26/04/2015;-1,28;V
27/04/2015;-1,22;V
28/04/2015;-1,12;V
29/04/2015;-1,25;V
30/04/2015;-1,26;V
01/05/2015;-1,28;V
02/05/2015;-1,28;V
03/05/2015;-1,28;V
04/05/2015;-1,29;V
05/05/2015;-1,29;V
06/05/2015;-1,29;V
07/05/2015;-1,30;V
08/05/2015;-1,31;V
09/05/2015;-1,31;V
10/05/2015;-1,32;V
11/05/2015;-1,32;V
12/05/2015;-1,32;V
13/05/2015;-1,32;V
14/05/2015;-1,32;V
15/05/2015;-1,31;V
16/05/2015;-1,31;V
17/05/2015;-1,31;V
18/05/2015;-1,32;V
19/05/2015;-1,33;V
20/05/2015;-1,32;V
21/05/2015;-1,31;V
22/05/2015;-1,29;V
23/05/2015;-1,28;V
24/05/2015;-1,28;V
25/05/2015;-1,31;V
26/05/2015;-1,31;V
27/05/2015;-1,31;V
28/05/2015;-1,33;V
29/05/2015;-1,33;V
30/05/2015;-1,34;V
31/05/2015;-1,34;V
01/06/2015;-1,34;V
02/06/2015;-1,33;V
03/06/2015;-1,34;V
04/06/2015;-1,34;V
05/06/2015;-1,34;V
06/06/2015;-1,34;V
07/06/2015;-1,35;V
08/06/2015;-1,35;V
09/06/2015;-1,31;V
10/06/2015;-1,32;V
11/06/2015;-1,27;V
12/06/2015;-1,33;V
13/06/2015;-1,34;V
14/06/2015;-1,32;V
15/06/2015;-1,00;V
16/06/2015;-1,25;V
17/06/2015;-1,30;V
18/06/2015;-1,33;V
19/06/2015;-1,33;V
20/06/2015;-1,34;V
21/06/2015;-1,36;V
22/06/2015;-1,36;V
23/06/2015;-1,36;V
24/06/2015;-1,37;V
25/06/2015;-1,38;V
26/06/2015;-1,37;V
27/06/2015;-1,37;V
28/06/2015;-1,37;V
29/06/2015;-1,37;V
30/06/2015;-1,37;V
01/07/2015;-1,38;V
02/07/2015;-1,37;V
03/07/2015;-1,38;V
04/07/2015;-1,38;V
05/07/2015;-1,38;V
06/07/2015;-1,38;V
07/07/2015;-1,38;V
08/07/2015;-1,38;V
09/07/2015;-1,38;V
10/07/2015;-1,40;V
11/07/2015;-1,40;V
12/07/2015;-1,39;V
13/07/2015;-1,39;V
14/07/2015;-1,39;V
15/07/2015;-1,39;V
16/07/2015;-1,39;V
17/07/2015;-1,39;V
18/07/2015;-1,39;V
19/07/2015;-1,41;V
20/07/2015;-1,40;V
21/07/2015;-1,40;V
22/07/2015;-1,39;V
23/07/2015;-1,35;V
24/07/2015;-1,39;V
25/07/2015;-1,32;V
26/07/2015;-1,35;V
27/07/2015;-1,38;V
28/07/2015;-1,38;V
29/07/2015;-1,39;V
30/07/2015;-1,39;V
31/07/2015;-1,39;V
01/08/2015;-1,38;V
02/08/2015;-1,38;V
03/08/2015;-1,40;V
04/08/2015;-1,40;V
05/08/2015;-1,40;V
06/08/2015;-1,40;V
07/08/2015;-1,40;V
08/08/2015;-1,40;V
09/08/2015;-1,40;V
10/08/2015;-1,35;V
11/08/2015;-1,37;V
12/08/2015;-1,38;V
13/08/2015;-1,40;V
14/08/2015;-1,40;V
15/08/2015;-1,39;V
16/08/2015;-1,37;V
17/08/2015;-1,39;V
18/08/2015;-1,40;V
19/08/2015;-1,39;V
20/08/2015;-1,40;V
21/08/2015;-1,40;V
22/08/2015;-1,41;V
23/08/2015;-1,41;V
24/08/2015;-1,26;V
25/08/2015;-1,26;V
26/08/2015;-1,37;V
27/08/2015;-1,38;V
28/08/2015;-1,39;V
29/08/2015;-1,40;V
30/08/2015;-1,39;V
31/08/2015;-1,40;V
01/09/2015;-1,40;V
02/09/2015;-1,40;V
03/09/2015;-1,40;V
04/09/2015;-1,35;V
05/09/2015;-1,37;V
06/09/2015;-1,40;V
07/09/2015;-1,41;V
08/09/2015;-1,41;V
09/09/2015;-1,41;V
10/09/2015;-1,41;V
11/09/2015;-1,41;V
12/09/2015;-1,40;V
13/09/2015;-1,34;V
14/09/2015;-1,35;V
15/09/2015;-1,39;V
16/09/2015;-1,39;V
17/09/2015;-1,39;V
18/09/2015;-1,41;V
19/09/2015;-1,41;V
20/09/2015;-1,41;V
21/09/2015;-1,42;V
22/09/2015;-1,41;V
23/09/2015;-1,36;V
24/09/2015;-1,38;V
25/09/2015;-1,40;V
26/09/2015;-1,40;V
27/09/2015;-1,41;V
28/09/2015;-1,40;V
29/09/2015;-1,40;V
30/09/2015;-1,41;V
01/10/2015;-1,39;V
02/10/2015;-1,37;V
03/10/2015;-1,37;V
04/10/2015;-1,38;V
05/10/2015;-1,39;V
06/10/2015;-1,38;V
07/10/2015;-1,34;V
08/10/2015;-1,39;V
09/10/2015;-1,40;V
10/10/2015;-1,35;V
11/10/2015;-1,36;V
12/10/2015;-1,39;V
13/10/2015;-1,36;V
14/10/2015;-1,32;V
15/10/2015;-0,99;V
16/10/2015;-1,30;V
17/10/2015;-1,35;V
18/10/2015;-1,38;V
19/10/2015;-1,38;V
20/10/2015;-1,40;V
21/10/2015;-1,40;V
22/10/2015;-1,39;V
23/10/2015;-1,40;V
24/10/2015;-1,40;V
25/10/2015;-1,40;V
26/10/2015;-1,40;V
27/10/2015;-1,40;V
28/10/2015;-1,18;V
29/10/2015;-0,01;V
30/10/2015;-1,22;V
31/10/2015;-1,30;V
01/11/2015;-1,33;V
02/11/2015;-1,36;V
03/11/2015;-1,36;V
04/11/2015;-1,36;V
05/11/2015;-1,36;V
06/11/2015;-1,37;V
07/11/2015;-1,39;V
08/11/2015;-1,39;V
09/11/2015;-1,38;V
10/11/2015;-1,39;V
11/11/2015;-1,39;V
12/11/2015;-1,40;V
13/11/2015;-1,39;V
14/11/2015;-1,39;V
15/11/2015;-1,39;V
16/11/2015;-1,40;V
17/11/2015;-1,39;V
18/11/2015;-1,39;V
19/11/2015;-1,39;V
20/11/2015;-1,39;V
21/11/2015;-1,33;V
22/11/2015;-1,17;V
23/11/2015;-1,33;V
24/11/2015;-1,36;V
25/11/2015;-1,37;V
26/11/2015;-1,37;V
27/11/2015;-1,39;V
28/11/2015;-1,39;V
29/11/2015;-1,39;V
30/11/2015;-1,38;V
01/12/2015;-1,39;V
02/12/2015;-1,39;V
03/12/2015;-1,39;V
04/12/2015;-1,39;V
05/12/2015;-1,40;V
06/12/2015;-1,40;V
07/12/2015;-1,39;V
08/12/2015;-1,39;V
09/12/2015;-1,39;V
10/12/2015;-1,40;V
11/12/2015;-1,40;V
12/12/2015;-1,38;V
13/12/2015;-1,39;V
14/12/2015;-1,40;V
15/12/2015;-1,39;V
16/12/2015;-1,39;V
17/12/2015;-1,40;V
18/12/2015;-1,39;V
19/12/2015;-1,39;V
20/12/2015;-1,40;V
21/12/2015;-1,39;V
22/12/2015;-1,38;V
23/12/2015;-1,39;V
24/12/2015;-1,39;V
25/12/2015;-1,39;V
26/12/2015;-1,40;V
27/12/2015;-1,40;V
28/12/2015;-1,40;V
29/12/2015;-1,39;V
30/12/2015;-1,40;V
31/12/2015;-1,40;V
01/01/2016;-1,40;V
02/01/2016;-1,38;V
03/01/2016;-1,32;V
04/01/2016;-1,35;V
05/01/2016;-1,33;V
06/01/2016;-0,78;V
07/01/2016;-1,13;V
08/01/2016;-1,18;V
09/01/2016;-1,28;V
10/01/2016;-1,20;V
11/01/2016;-1,29;V
12/01/2016;-1,30;V
13/01/2016;-1,32;V
14/01/2016;-1,30;V
15/01/2016;-1,06;V
16/01/2016;-1,27;V
17/01/2016;-1,31;V
18/01/2016;-1,32;V
19/01/2016;-1,33;V
20/01/2016;-1,34;V
21/01/2016;-1,34;V
22/01/2016;-1,35;V
23/01/2016;-1,35;V
24/01/2016;-1,35;V
25/01/2016;-1,35;V
26/01/2016;-1,34;V
27/01/2016;-1,34;V
28/01/2016;-1,35;V
29/01/2016;-1,36;V
30/01/2016;-1,36;V
31/01/2016;-1,36;V
01/02/2016;-1,36;V
02/02/2016;-1,36;V
03/02/2016;-1,36;V
04/02/2016;-1,32;V
05/02/2016;-1,36;V
06/02/2016;-1,37;V
07/02/2016;-1,36;V
08/02/2016;-1,36;V
09/02/2016;-1,37;V
10/02/2016;-1,26;V
11/02/2016;-1,32;V
12/02/2016;-1,18;V
13/02/2016;-1,04;V
14/02/2016;-0,27;V
15/02/2016;-0,17;V
16/02/2016;1,11;V
17/02/2016;0,13;V
18/02/2016;-0,82;V
19/02/2016;-1,06;V
20/02/2016;-1,15;V
21/02/2016;-1,20;V
22/02/2016;-1,23;V
23/02/2016;-1,25;V
24/02/2016;-1,26;V
25/02/2016;-1,04;V
26/02/2016;-0,92;V
27/02/2016;-0,20;V
28/02/2016;0,36;V
29/02/2016;1,59;V
01/03/2016;-0,54;V
02/03/2016;-0,98;V
03/03/2016;-1,02;V
04/03/2016;-1,10;V
05/03/2016;-1,14;V
06/03/2016;-0,89;V
07/03/2016;-0,93;V
08/03/2016;-1,01;V
09/03/2016;-0,96;V
10/03/2016;-1,04;V
11/03/2016;-1,12;V
12/03/2016;-1,17;V
13/03/2016;-1,20;V
14/03/2016;-1,23;V
15/03/2016;-1,24;V
16/03/2016;-1,25;V
17/03/2016;-1,26;V
18/03/2016;-1,27;V
19/03/2016;-1,28;V
20/03/2016;-1,28;V
21/03/2016;-1,28;V
22/03/2016;-1,28;V
23/03/2016;-1,28;V
24/03/2016;-1,30;V
25/03/2016;-1,31;V
26/03/2016;-1,31;V
27/03/2016;-1,31;V
28/03/2016;-1,30;V
29/03/2016;-1,31;V
30/03/2016;-1,31;V
31/03/2016;-1,31;V
01/04/2016;-1,32;V
02/04/2016;-1,32;V
03/04/2016;-1,33;V
04/04/2016;-1,32;V
05/04/2016;-1,33;V
06/04/2016;-1,34;V
07/04/2016;-1,34;V
08/04/2016;-1,33;V
09/04/2016;-1,33;V
10/04/2016;-1,34;V
11/04/2016;-1,34;V
12/04/2016;-1,34;V
13/04/2016;-1,34;V
14/04/2016;-1,35;V
15/04/2016;-1,36;V
16/04/2016;-1,36;V
17/04/2016;-1,35;V
18/04/2016;-1,35;V
19/04/2016;-1,36;V
20/04/2016;-1,37;V
21/04/2016;-1,37;V
22/04/2016;-1,36;V
23/04/2016;-1,12;V
24/04/2016;2,02;V
25/04/2016;-0,22;V
26/04/2016;-1,02;V
27/04/2016;-1,16;V
28/04/2016;-1,22;V
29/04/2016;-1,25;V
30/04/2016;-1,26;V
01/05/2016;-1,19;V
02/05/2016;-0,73;V
03/05/2016;-1,08;V
04/05/2016;-1,19;V
05/05/2016;-1,25;V
06/05/2016;-1,27;V
07/05/2016;-1,28;V
08/05/2016;-1,29;V
09/05/2016;-1,30;V
10/05/2016;-1,31;V
11/05/2016;-1,30;V
12/05/2016;-1,30;V
13/05/2016;-1,32;V
14/05/2016;-1,31;V
15/05/2016;-1,30;V
16/05/2016;-1,31;V
17/05/2016;-1,28;V
18/05/2016;-1,32;V
19/05/2016;-1,32;V
20/05/2016;-1,27;V
21/05/2016;-1,34;V
22/05/2016;-1,35;V
23/05/2016;-1,31;V
24/05/2016;-1,33;V
25/05/2016;-1,36;V
26/05/2016;-1,36;V
27/05/2016;-1,37;V
28/05/2016;-1,37;V
29/05/2016;-1,34;V
30/05/2016;-1,36;V
31/05/2016;-1,37;V
01/06/2016;-1,34;V
02/06/2016;-1,31;V
03/06/2016;-1,33;V
04/06/2016;-1,34;V
05/06/2016;-1,35;V
06/06/2016;-1,36;V
07/06/2016;-1,34;V
08/06/2016;-1,25;V
09/06/2016;-1,04;V
10/06/2016;-1,28;V
11/06/2016;-1,33;V
12/06/2016;-1,33;V
13/06/2016;-1,32;V
14/06/2016;-1,35;V
15/06/2016;-1,36;V
16/06/2016;-1,37;V
17/06/2016;-1,38;V
18/06/2016;-1,38;V
19/06/2016;-1,37;V
20/06/2016;-1,37;V
21/06/2016;-1,39;V
22/06/2016;-1,39;V
23/06/2016;-1,39;V
24/06/2016;-1,38;V
25/06/2016;-1,39;V
26/06/2016;-1,40;V
27/06/2016;-1,39;V
28/06/2016;-1,40;V
29/06/2016;-1,41;V
30/06/2016;-1,41;V
01/07/2016;-1,40;V
02/07/2016;-1,41;V
03/07/2016;-1,41;V
04/07/2016;-1,42;V
05/07/2016;-1,42;V
06/07/2016;-1,42;V
07/07/2016;-1,41;V
08/07/2016;-1,42;V
09/07/2016;-1,42;V
10/07/2016;-1,42;V
11/07/2016;-1,42;V
12/07/2016;-1,42;V
13/07/2016;-1,42;V
14/07/2016;-1,43;V
15/07/2016;-1,42;V
16/07/2016;-1,43;V
17/07/2016;-1,43;V
18/07/2016;-1,43;V
19/07/2016;-1,43;V
20/07/2016;-1,42;V
21/07/2016;-1,43;V
22/07/2016;-1,43;V
23/07/2016;-1,41;V
24/07/2016;-1,41;V
25/07/2016;-1,35;V
26/07/2016;-1,40;V
27/07/2016;-1,42;V
28/07/2016;-1,43;V
29/07/2016;-1,43;V
30/07/2016;-1,44;V
31/07/2016;-1,44;V
01/08/2016;-1,40;V
02/08/2016;-1,42;V
03/08/2016;-1,44;V
04/08/2016;-1,45;V
05/08/2016;-1,44;V
06/08/2016;-1,45;V
07/08/2016;-1,46;V
08/08/2016;-1,46;V
09/08/2016;-1,46;V
10/08/2016;-1,45;V
11/08/2016;-1,46;V
12/08/2016;-1,46;V
13/08/2016;-1,46;V
14/08/2016;-1,46;V
15/08/2016;-1,46;V
16/08/2016;-1,46;V
17/08/2016;-1,45;V
18/08/2016;-1,44;V
19/08/2016;-1,45;V
20/08/2016;-1,45;V
21/08/2016;-1,45;V
22/08/2016;-1,46;V
23/08/2016;-1,47;V
24/08/2016;-1,47;V
25/08/2016;-1,46;V
26/08/2016;-1,47;V
27/08/2016;-1,46;V
28/08/2016;-1,46;V
29/08/2016;-1,45;V
30/08/2016;-1,44;V
31/08/2016;-1,38;V
01/09/2016;-1,44;V
02/09/2016;-1,45;V
03/09/2016;-1,45;V
04/09/2016;-1,45;V
05/09/2016;-1,44;V
06/09/2016;-1,45;V
07/09/2016;-1,44;V
08/09/2016;-1,45;V
09/09/2016;-1,45;V
10/09/2016;-1,46;V
11/09/2016;-1,46;V
12/09/2016;-1,45;V
13/09/2016;-1,43;V
14/09/2016;-1,44;V
15/09/2016;-1,42;V
16/09/2016;-1,29;V
17/09/2016;-1,29;V
18/09/2016;-1,35;V
19/09/2016;-1,41;V
20/09/2016;-1,38;V
21/09/2016;-1,41;V
22/09/2016;-1,44;V
23/09/2016;-1,44;V
24/09/2016;-1,45;V
25/09/2016;-1,45;V
26/09/2016;-1,45;V
27/09/2016;-1,46;V
28/09/2016;-1,46;V
29/09/2016;-1,45;V
30/09/2016;-1,44;V
01/10/2016;-1,44;V
02/10/2016;-1,34;V
03/10/2016;-1,43;V
04/10/2016;-1,45;V
05/10/2016;-1,46;V
06/10/2016;-1,44;V
07/10/2016;-1,39;V
08/10/2016;-1,35;V
09/10/2016;-1,37;V
10/10/2016;-1,38;V
11/10/2016;-1,44;V
12/10/2016;-1,44;V
13/10/2016;-1,43;V
14/10/2016;-0,78;V
15/10/2016;-0,44;V
16/10/2016;-1,33;V
17/10/2016;-1,37;V
18/10/2016;-1,39;V
19/10/2016;-1,39;V
20/10/2016;-1,40;V
21/10/2016;-1,41;V
22/10/2016;-1,43;V
23/10/2016;-1,42;V
24/10/2016;-1,41;V
25/10/2016;-1,41;V
26/10/2016;-1,29;V
27/10/2016;-1,23;V
28/10/2016;-1,39;V
29/10/2016;-1,42;V
30/10/2016;-1,42;V
31/10/2016;-1,42;V
01/11/2016;-1,42;V
02/11/2016;-1,41;V
03/11/2016;-1,42;V
04/11/2016;-1,42;V
05/11/2016;-1,40;V
06/11/2016;-0,09;V
07/11/2016;-0,69;V
08/11/2016;-1,22;V
09/11/2016;-1,29;V
10/11/2016;-1,29;V
11/11/2016;-0,93;V
12/11/2016;-1,00;V
13/11/2016;-1,25;V
14/11/2016;-1,30;V
15/11/2016;-1,33;V
16/11/2016;-1,34;V
17/11/2016;-1,34;V
18/11/2016;-1,24;V
19/11/2016;-0,74;V
20/11/2016;-1,09;V
21/11/2016;-1,23;V
22/11/2016;-1,28;V
23/11/2016;-1,30;V
24/11/2016;-1,31;V
25/11/2016;-1,31;V
26/11/2016;-1,33;V
27/11/2016;-1,34;V
28/11/2016;-1,34;V
29/11/2016;-1,34;V
30/11/2016;-1,37;V
01/12/2016;-1,37;V
02/12/2016;-1,36;V
03/12/2016;-1,37;V
04/12/2016;-1,37;V
05/12/2016;-1,38;V
06/12/2016;-1,38;V
07/12/2016;-1,39;V
08/12/2016;-1,39;V
09/12/2016;-1,39;V
10/12/2016;-1,38;V
11/12/2016;-1,38;V
12/12/2016;-1,39;V
13/12/2016;-1,40;V
14/12/2016;-1,40;V
15/12/2016;-1,40;V
16/12/2016;-1,40;V
17/12/2016;-1,41;V
18/12/2016;-1,41;V
19/12/2016;-1,40;V
20/12/2016;-1,39;V
21/12/2016;-1,39;V
22/12/2016;-1,41;V
23/12/2016;-1,41;V
24/12/2016;-1,40;V
25/12/2016;-1,40;V
26/12/2016;-1,40;V
27/12/2016;-1,41;V
28/12/2016;-1,41;V
29/12/2016;-1,41;V
30/12/2016;-1,41;V
31/12/2016;-1,41;V
01/01/2017;-1,40;V
02/01/2017;-1,38;V
03/01/2017;-1,04;V
04/01/2017;-1,26;V
05/01/2017;-1,32;V
06/01/2017;-1,35;V
07/01/2017;-1,37;V
08/01/2017;-1,37;V
09/01/2017;-1,38;V
10/01/2017;-1,37;V
11/01/2017;-1,38;V
12/01/2017;-1,38;V
13/01/2017;-1,38;V
14/01/2017;-1,38;V
15/01/2017;-1,38;V
16/01/2017;-1,38;V
17/01/2017;-1,38;V
18/01/2017;-1,39;V
19/01/2017;-1,38;V
20/01/2017;-1,40;V
21/01/2017;-1,40;V
22/01/2017;-1,40;V
23/01/2017;-1,40;V
24/01/2017;-1,40;V
25/01/2017;-1,40;V
26/01/2017;-1,41;V
27/01/2017;-1,41;V
28/01/2017;-1,41;V
29/01/2017;-1,41;V
30/01/2017;-1,40;V
31/01/2017;-1,39;V
01/02/2017;-1,40;V
02/02/2017;-1,41;V
03/02/2017;-1,41;V
04/02/2017;-1,39;V
05/02/2017;-1,37;V
06/02/2017;-1,23;V
07/02/2017;-1,30;V
08/02/2017;-1,35;V
09/02/2017;-1,36;V
10/02/2017;-1,38;V
11/02/2017;-1,39;V
12/02/2017;-1,39;V
13/02/2017;-1,39;V
14/02/2017;-1,40;V
15/02/2017;-1,40;V
16/02/2017;-1,39;V
17/02/2017;-1,39;V
18/02/2017;-1,27;V
19/02/2017;-1,35;V
20/02/2017;-1,37;V
21/02/2017;-1,37;V
22/02/2017;-1,38;V
23/02/2017;-1,38;V
24/02/2017;-0,71;V
25/02/2017;0,84;V
26/02/2017;-1,05;V
27/02/2017;-1,17;V
28/02/2017;-1,23;V
01/03/2017;-1,25;V
02/03/2017;-1,29;V
03/03/2017;-1,30;V
04/03/2017;-1,30;V
05/03/2017;-1,20;V
06/03/2017;-1,14;V
07/03/2017;-0,46;V
08/03/2017;-1,15;V
09/03/2017;-1,23;V
10/03/2017;-1,26;V
11/03/2017;-1,29;V
12/03/2017;-1,30;V
13/03/2017;-1,32;V
14/03/2017;-1,33;V
15/03/2017;-1,33;V
16/03/2017;-1,34;V
17/03/2017;-1,34;V
18/03/2017;-1,34;V
19/03/2017;-1,35;V
20/03/2017;-1,34;V
21/03/2017;-1,35;V
22/03/2017;-1,35;V
23/03/2017;-1,36;V
24/03/2017;-1,37;V
25/03/2017;-1,37;V
26/03/2017;-1,35;V
27/03/2017;-1,36;V
28/03/2017;-1,38;V
29/03/2017;-1,39;V
30/03/2017;-1,39;V
31/03/2017;-1,39;V
01/04/2017;-1,39;V
02/04/2017;-1,38;V
03/04/2017;-1,39;V
04/04/2017;-1,40;V
05/04/2017;-1,39;V
06/04/2017;-1,39;V
07/04/2017;-1,37;V
08/04/2017;-1,40;V
09/04/2017;-1,41;V
10/04/2017;-1,41;V
11/04/2017;-1,41;V
12/04/2017;-1,42;V
13/04/2017;-1,41;V
14/04/2017;-1,42;V
15/04/2017;-1,40;V
16/04/2017;-1,41;V
17/04/2017;-1,42;V
18/04/2017;-1,42;V
19/04/2017;-1,42;V
20/04/2017;-1,43;V
21/04/2017;-1,43;V
22/04/2017;-1,43;V
23/04/2017;-1,43;V
24/04/2017;-1,43;V
25/04/2017;-1,43;V
26/04/2017;-1,42;V
27/04/2017;-1,41;V
28/04/2017;-1,38;V
29/04/2017;-1,43;V
30/04/2017;-1,44;V
01/05/2017;-1,42;V
02/05/2017;-1,42;V
03/05/2017;-1,43;V
04/05/2017;-1,42;V
05/05/2017;-1,43;V
06/05/2017;-1,41;V
07/05/2017;-1,41;V
08/05/2017;-1,42;V
09/05/2017;-1,43;V
10/05/2017;-1,44;V
11/05/2017;-1,44;V
12/05/2017;-1,43;V
13/05/2017;-1,44;V
14/05/2017;-1,44;V
15/05/2017;-1,44;V
16/05/2017;-1,45;V
17/05/2017;-1,45;V
18/05/2017;-1,45;V
19/05/2017;-1,45;V
20/05/2017;-1,46;V
21/05/2017;-1,46;V
22/05/2017;-1,47;V
23/05/2017;-1,47;V
24/05/2017;-1,47;V
25/05/2017;-1,48;V
26/05/2017;-1,48;V
27/05/2017;-1,48;V
28/05/2017;-1,48;V
29/05/2017;-1,47;V
30/05/2017;-1,47;V
31/05/2017;-1,48;V
01/06/2017;-1,48;V
02/06/2017;-1,48;V
03/06/2017;-1,47;V
04/06/2017;-1,47;V
05/06/2017;-1,44;V
06/06/2017;-1,46;V
07/06/2017;-1,47;V
08/06/2017;-1,48;V
09/06/2017;-1,48;V
10/06/2017;-1,48;V
11/06/2017;-1,49;V
12/06/2017;-1,49;V
13/06/2017;-1,49;V
14/06/2017;-1,49;V
15/06/2017;-1,45;V
16/06/2017;-1,42;V
17/06/2017;-1,48;V
18/06/2017;-1,50;V
19/06/2017;-1,50;V
20/06/2017;-1,49;V
21/06/2017;-1,50;V
22/06/2017;-1,49;V
23/06/2017;-1,49;V
24/06/2017;-1,48;V
25/06/2017;-1,48;V
26/06/2017;-1,49;V
27/06/2017;-1,49;V
28/06/2017;-1,47;V
29/06/2017;-1,45;V
30/06/2017;-1,46;V
01/07/2017;-1,46;V
02/07/2017;-1,48;V
03/07/2017;-1,48;V
04/07/2017;-1,49;V
05/07/2017;-1,50;V
06/07/2017;-1,50;V
07/07/2017;-1,50;V
08/07/2017;-1,49;V
09/07/2017;-1,49;V
10/07/2017;-1,48;V
11/07/2017;-1,47;V
12/07/2017;-1,48;V
13/07/2017;-1,47;V
14/07/2017;-1,48;V
15/07/2017;-1,49;V
16/07/2017;-1,50;V
17/07/2017;-1,50;V
18/07/2017;-1,50;V
19/07/2017;-1,49;V
20/07/2017;-1,49;V
21/07/2017;-1,49;V
22/07/2017;-1,47;V
23/07/2017;-1,48;V
24/07/2017;-1,48;V
25/07/2017;-1,47;V
26/07/2017;-1,49;V
27/07/2017;-1,49;V
28/07/2017;-1,49;V
29/07/2017;-1,49;V
30/07/2017;-1,48;V
31/07/2017;-1,49;V
01/08/2017;-1,49;V
02/08/2017;-1,50;V
03/08/2017;-1,50;V
04/08/2017;-1,50;V
05/08/2017;-1,51;V
06/08/2017;-1,49;V
07/08/2017;-1,49;V
08/08/2017;-1,49;V
09/08/2017;-1,48;V
10/08/2017;-1,42;V
11/08/2017;-1,49;V
12/08/2017;-1,49;V
13/08/2017;-1,52;V
14/08/2017;-1,53;V
15/08/2017;-1,53;V
16/08/2017;-1,53;V
17/08/2017;-1,52;V
18/08/2017;-1,52;V
19/08/2017;-1,50;V
20/08/2017;-1,51;V
21/08/2017;-1,53;V
22/08/2017;-1,52;V
23/08/2017;-1,52;V
24/08/2017;-1,52;V
25/08/2017;-1,51;V
26/08/2017;-1,52;V
27/08/2017;-1,52;V
28/08/2017;-1,52;V
29/08/2017;-1,52;V
30/08/2017;-1,51;V
31/08/2017;-1,50;V
01/09/2017;-1,50;V
02/09/2017;-1,51;V
03/09/2017;-1,50;V
04/09/2017;-1,52;V
05/09/2017;-1,51;V
06/09/2017;-1,50;V
07/09/2017;-1,50;V
08/09/2017;-1,43;V
09/09/2017;-1,49;V
10/09/2017;-1,22;V
11/09/2017;-1,43;V
12/09/2017;-1,48;V
13/09/2017;-1,49;V
14/09/2017;-1,49;V
15/09/2017;-1,48;V
16/09/2017;-1,33;V
17/09/2017;-1,47;V
18/09/2017;-1,48;V
19/09/2017;-1,42;V
20/09/2017;-1,48;V
21/09/2017;-1,49;V
22/09/2017;-1,49;V
23/09/2017;-1,49;V
24/09/2017;-1,48;V
25/09/2017;-1,48;V
26/09/2017;-1,49;V
27/09/2017;-1,50;V
28/09/2017;-1,50;V
29/09/2017;-1,51;V
30/09/2017;-1,51;V
01/10/2017;-1,49;V
02/10/2017;-1,50;V
03/10/2017;-1,50;V
04/10/2017;-1,50;V
05/10/2017;-1,50;V
06/10/2017;-1,50;V
07/10/2017;-1,52;V
08/10/2017;-1,51;V
09/10/2017;-1,52;V
10/10/2017;-1,51;V
11/10/2017;-1,52;V
12/10/2017;-1,51;V
13/10/2017;-1,50;V
14/10/2017;-1,51;V
15/10/2017;-1,51;V
16/10/2017;-1,52;V
17/10/2017;-1,52;V
18/10/2017;-1,51;V
19/10/2017;-1,52;V
20/10/2017;-1,52;V
21/10/2017;-1,51;V
22/10/2017;-1,50;V
23/10/2017;-1,52;V
24/10/2017;-1,53;V
25/10/2017;-1,52;V
26/10/2017;-1,52;V
27/10/2017;-1,51;V
28/10/2017;-1,52;V
29/10/2017;-1,51;V
30/10/2017;-1,51;V
31/10/2017;-1,52;V
01/11/2017;-1,52;V
02/11/2017;-1,51;V
03/11/2017;-1,49;V
04/11/2017;-1,50;V
05/11/2017;-1,20;V
06/11/2017;-1,26;V
07/11/2017;-1,34;V
08/11/2017;-1,45;V
09/11/2017;-1,47;V
10/11/2017;-1,49;V
11/11/2017;-1,49;V
12/11/2017;-1,48;V
13/11/2017;-1,36;V
14/11/2017;-1,43;V
15/11/2017;-1,47;V
16/11/2017;-1,49;V
17/11/2017;-1,49;V
18/11/2017;-1,49;V
19/11/2017;-1,50;V
20/11/2017;-1,50;V
21/11/2017;-1,50;V
22/11/2017;-1,50;V
23/11/2017;-1,50;V
24/11/2017;-1,50;V
25/11/2017;-1,49;V
26/11/2017;-1,49;V
27/11/2017;-1,50;V
28/11/2017;-1,50;V
29/11/2017;-1,29;V
30/11/2017;-1,38;V
01/12/2017;-1,46;V
02/12/2017;-1,47;V
03/12/2017;-1,48;V
04/12/2017;-1,49;V
05/12/2017;-1,50;V
06/12/2017;-1,50;V
07/12/2017;-1,48;V
08/12/2017;-1,47;V
09/12/2017;-1,48;V
10/12/2017;-1,48;V
11/12/2017;-1,47;V
12/12/2017;-1,38;V
13/12/2017;-1,32;V
14/12/2017;-1,40;V
15/12/2017;-1,42;V
16/12/2017;-1,39;V
17/12/2017;-1,35;V
18/12/2017;-1,42;V
19/12/2017;-1,45;V
20/12/2017;-1,46;V
21/12/2017;-1,47;V
22/12/2017;-1,47;V
23/12/2017;-1,47;V
24/12/2017;-1,47;V
25/12/2017;-1,47;V
26/12/2017;-1,47;V
27/12/2017;-1,41;V
28/12/2017;-1,07;V
29/12/2017;-1,31;V
30/12/2017;-1,37;V
31/12/2017;-1,41;V
01/01/2018;-1,39;V
02/01/2018;-1,32;V
03/01/2018;-1,38;V
04/01/2018;-1,40;V
05/01/2018;-1,41;V
06/01/2018;-1,43;V
07/01/2018;-1,44;V
08/01/2018;-1,44;V
09/01/2018;-1,45;V
10/01/2018;-1,39;V
11/01/2018;-1,43;V
12/01/2018;-1,43;V
13/01/2018;-1,45;V
14/01/2018;-1,45;V
15/01/2018;-1,46;V
16/01/2018;-1,37;V
17/01/2018;-1,37;V
18/01/2018;-1,42;V
19/01/2018;-1,43;V
20/01/2018;-1,44;V
21/01/2018;-1,38;V
22/01/2018;-1,43;V
23/01/2018;-1,45;V
24/01/2018;-1,45;V
25/01/2018;-1,46;V
26/01/2018;-1,46;V
27/01/2018;-1,46;V
28/01/2018;-1,47;V
29/01/2018;-1,47;V
30/01/2018;-1,46;V
31/01/2018;-1,46;V
01/02/2018;-1,44;V
02/02/2018;-0,44;V
03/02/2018;-0,16;V
04/02/2018;-1,08;V
05/02/2018;-1,24;V
06/02/2018;-1,29;V
07/02/2018;-1,31;V
08/02/2018;-1,33;V
09/02/2018;-1,36;V
10/02/2018;-1,37;V
11/02/2018;-1,38;V
12/02/2018;-1,37;V
13/02/2018;-1,37;V
14/02/2018;-1,39;V
15/02/2018;-1,41;V
16/02/2018;-1,40;V
17/02/2018;-1,40;V
18/02/2018;0,37;V
19/02/2018;-1,03;V
20/02/2018;-1,22;V
21/02/2018;-1,27;V
22/02/2018;-1,31;V
23/02/2018;-1,31;V
24/02/2018;-1,23;V
25/02/2018;-1,28;V
26/02/2018;-1,26;V
27/02/2018;-1,29;V
28/02/2018;-1,32;V
01/03/2018;-1,28;V
02/03/2018;0,57;V
03/03/2018;-0,13;V
04/03/2018;-0,94;V
05/03/2018;-1,00;V
06/03/2018;-0,93;V
07/03/2018;-0,72;V
08/03/2018;-1,09;V
09/03/2018;-1,18;V
10/03/2018;-1,23;V
11/03/2018;-0,62;V
12/03/2018;0,33;V
13/03/2018;-0,90;V
14/03/2018;-1,09;V
15/03/2018;-1,14;V
16/03/2018;-0,26;V
17/03/2018;-0,97;V
18/03/2018;-0,84;V
19/03/2018;-0,63;V
20/03/2018;-0,97;V
21/03/2018;-0,90;V
22/03/2018;-1,09;V
23/03/2018;-1,15;V
24/03/2018;-1,21;V
25/03/2018;-1,23;V
26/03/2018;-1,25;V
27/03/2018;-1,27;V
28/03/2018;-1,27;V
29/03/2018;-1,28;V
30/03/2018;-1,29;V
31/03/2018;-1,30;V
01/04/2018;-1,28;V
02/04/2018;-1,30;V
03/04/2018;-1,31;V
04/04/2018;-0,82;V
05/04/2018;-0,91;V
06/04/2018;-1,23;V
07/04/2018;-1,27;V
08/04/2018;-1,29;V
09/04/2018;-1,19;V
10/04/2018;-1,20;V
11/04/2018;-1,25;V
12/04/2018;-1,27;V
13/04/2018;-1,26;V
14/04/2018;-1,26;V
15/04/2018;-1,27;V
16/04/2018;-1,28;V
17/04/2018;-1,32;V
18/04/2018;-1,31;V
19/04/2018;-1,33;V
20/04/2018;-1,34;V
21/04/2018;-1,34;V
22/04/2018;-1,34;V
23/04/2018;-1,42;V
24/04/2018;-1,35;V
25/04/2018;-1,33;V
26/04/2018;-1,33;V
27/04/2018;-1,36;V
28/04/2018;-1,36;V
29/04/2018;-1,37;V
30/04/2018;-1,37;V
01/05/2018;-1,36;V
02/05/2018;-1,24;V
03/05/2018;-1,31;V
04/05/2018;-1,32;V
05/05/2018;-1,26;V
06/05/2018;-1,30;V
07/05/2018;-1,31;V
08/05/2018;-1,12;V
09/05/2018;-1,28;V
10/05/2018;-1,32;V
11/05/2018;-1,32;V
12/05/2018;-1,29;V
13/05/2018;-1,35;V
14/05/2018;-1,21;V
15/05/2018;-1,25;V
16/05/2018;-1,24;V
17/05/2018;-1,17;V
18/05/2018;-1,20;V
19/05/2018;-1,31;V
20/05/2018;-1,24;V
21/05/2018;-1,01;V
22/05/2018;-0,55;V
23/05/2018;-1,01;V
24/05/2018;-1,07;V
25/05/2018;-1,23;V
26/05/2018;-1,28;V
27/05/2018;-1,30;V
28/05/2018;-1,31;V
29/05/2018;-1,32;V
30/05/2018;-1,32;V
31/05/2018;-1,33;V
01/06/2018;-1,34;V
02/06/2018;-1,35;V
03/06/2018;-1,36;V
04/06/2018;-1,36;V
05/06/2018;-1,36;V
06/06/2018;-1,36;V
07/06/2018;-1,36;V
08/06/2018;-1,32;V
09/06/2018;-1,33;V
10/06/2018;-1,38;V
11/06/2018;-1,39;V
12/06/2018;-1,39;V
13/06/2018;-1,37;V
14/06/2018;-1,35;V
15/06/2018;-1,37;V
16/06/2018;-1,40;V
17/06/2018;-1,41;V
18/06/2018;-1,41;V
19/06/2018;-1,42;V
20/06/2018;-1,43;V
21/06/2018;-1,41;V
22/06/2018;-1,41;V
23/06/2018;-1,44;V
24/06/2018;-1,45;V
25/06/2018;-1,52;V
26/06/2018;-1,41;V
27/06/2018;-1,43;V
28/06/2018;-1,41;V
29/06/2018;-1,42;V
30/06/2018;-1,43;V
01/07/2018;-1,45;V
02/07/2018;-1,44;V
03/07/2018;-1,43;V
04/07/2018;-1,42;V
05/07/2018;-1,43;V
06/07/2018;-1,43;V
07/07/2018;-1,44;V
08/07/2018;-1,44;V
09/07/2018;-1,45;V
10/07/2018;-1,45;V
11/07/2018;-1,45;V
12/07/2018;-1,45;V
13/07/2018;-1,46;V
14/07/2018;-1,47;V
15/07/2018;-1,46;V
16/07/2018;-1,45;V
17/07/2018;-1,45;V
18/07/2018;-1,46;V
19/07/2018;-1,46;V
20/07/2018;-1,46;V
21/07/2018;-1,47;V
22/07/2018;-1,45;V
23/07/2018;-1,46;V
24/07/2018;-1,47;V
25/07/2018;-1,47;V
26/07/2018;-1,46;V
27/07/2018;-1,43;V
28/07/2018;-1,44;V
29/07/2018;-1,45;V
30/07/2018;-1,45;V
31/07/2018;-1,47;V
01/08/2018;-1,47;V
02/08/2018;-1,46;V
03/08/2018;-1,46;V
04/08/2018;-1,46;V
05/08/2018;-1,47;V
06/08/2018;-1,47;V
07/08/2018;-1,47;V
08/08/2018;-1,45;V
09/08/2018;-1,45;V
10/08/2018;-1,46;V
11/08/2018;-1,47;V
12/08/2018;-1,47;V
13/08/2018;-1,47;V
14/08/2018;-1,43;V
15/08/2018;-1,45;V
16/08/2018;-1,47;V
17/08/2018;-1,48;V
18/08/2018;-1,48;V
19/08/2018;-1,41;V
20/08/2018;-1,43;V
21/08/2018;-1,39;V
22/08/2018;-1,41;V
23/08/2018;-1,46;V
24/08/2018;-1,46;V
25/08/2018;-1,40;V
26/08/2018;-1,39;V
27/08/2018;-1,46;V
28/08/2018;-1,47;V
29/08/2018;-1,47;V
30/08/2018;-1,46;V
31/08/2018;-1,45;V
01/09/2018;-1,45;V
02/09/2018;-1,37;V
03/09/2018;-1,45;V
04/09/2018;-1,42;V
05/09/2018;-1,41;V
06/09/2018;-1,45;V
07/09/2018;-1,44;V
08/09/2018;-1,45;V
09/09/2018;-1,46;V
10/09/2018;-1,47;V
11/09/2018;-1,48;V
12/09/2018;-1,48;V
13/09/2018;-1,46;V
14/09/2018;-1,46;V
15/09/2018;-1,44;V
16/09/2018;-1,47;V
17/09/2018;-1,47;V
18/09/2018;-1,46;V
19/09/2018;-1,45;V
20/09/2018;-1,45;V
21/09/2018;-1,47;V
22/09/2018;-1,47;V
23/09/2018;-1,47;V
24/09/2018;-1,48;V
25/09/2018;-1,49;V
26/09/2018;-1,51;V
27/09/2018;-1,48;V
28/09/2018;-1,47;V
29/09/2018;-1,47;V
30/09/2018;-1,47;V
01/10/2018;-1,40;V
02/10/2018;-1,37;V
03/10/2018;-1,45;V
04/10/2018;-1,30;V
05/10/2018;-1,26;V
06/10/2018;-1,30;V
07/10/2018;-1,33;V
08/10/2018;-1,36;V
09/10/2018;-1,36;V
10/10/2018;-1,37;V
11/10/2018;-1,36;V
12/10/2018;-1,39;V
13/10/2018;-1,41;V
14/10/2018;-1,41;V
15/10/2018;-1,41;V
16/10/2018;-1,39;V
17/10/2018;-1,41;V
18/10/2018;-1,41;V
19/10/2018;-1,42;V
20/10/2018;-1,43;V
21/10/2018;-1,42;V
22/10/2018;-1,43;V
23/10/2018;-1,44;V
24/10/2018;-1,44;V
25/10/2018;-1,43;V
26/10/2018;-1,44;V
27/10/2018;-1,44;V
28/10/2018;-1,39;V
29/10/2018;-0,90;V
30/10/2018;-1,29;V
31/10/2018;-1,40;V
01/11/2018;-1,15;V
02/11/2018;-1,29;V
03/11/2018;-1,37;V
04/11/2018;-1,40;V
05/11/2018;-1,41;V
06/11/2018;-1,40;V
07/11/2018;-1,38;V
08/11/2018;-1,40;V
09/11/2018;-1,40;V
10/11/2018;-1,41;V
11/11/2018;-1,40;V
12/11/2018;-1,42;V
13/11/2018;-1,43;V
14/11/2018;-1,44;V
15/11/2018;-1,46;V
16/11/2018;-1,46;V
17/11/2018;-1,47;V
18/11/2018;-1,46;V
19/11/2018;-1,46;V
20/11/2018;-1,44;V
21/11/2018;-1,44;V
22/11/2018;-1,45;V
23/11/2018;-1,44;V
24/11/2018;-1,43;V
25/11/2018;-1,34;V
26/11/2018;-1,31;V
27/11/2018;-1,30;V
28/11/2018;-1,40;V
29/11/2018;-1,43;V
30/11/2018;-1,43;V
01/12/2018;-1,41;V
02/12/2018;-1,42;V
03/12/2018;-1,42;V
04/12/2018;-1,43;V
05/12/2018;-1,44;V
06/12/2018;-1,39;V
07/12/2018;-1,35;V
08/12/2018;-1,40;V
09/12/2018;-1,42;V
10/12/2018;-1,44;V
11/12/2018;-1,44;V
12/12/2018;-1,44;V
13/12/2018;-1,44;V
14/12/2018;-1,44;V
15/12/2018;-1,44;V
16/12/2018;-1,44;V
17/12/2018;-0,97;V
18/12/2018;-1,33;V
19/12/2018;-1,38;V
20/12/2018;-1,34;V
21/12/2018;-1,35;V
22/12/2018;-1,37;V
23/12/2018;-1,38;V
24/12/2018;-1,38;V
25/12/2018;-1,40;V
26/12/2018;-1,41;V
27/12/2018;-1,41;V
28/12/2018;-1,41;V
29/12/2018;-1,42;V
30/12/2018;-1,42;V
31/12/2018;-1,43;V
01/01/2019;-1,43;V
02/01/2019;-1,43;V
03/01/2019;-1,44;V
04/01/2019;-1,44;V
05/01/2019;-1,44;V
06/01/2019;-1,44;V
07/01/2019;-1,44;V
08/01/2019;-1,43;V
09/01/2019;-1,44;V
10/01/2019;-1,44;V
11/01/2019;-1,44;V
12/01/2019;-1,44;V
13/01/2019;-1,44;V
14/01/2019;-1,44;V
15/01/2019;-1,45;V
16/01/2019;-1,45;V
17/01/2019;-1,43;V
18/01/2019;-1,44;V
19/01/2019;-1,44;V
20/01/2019;-1,44;V
21/01/2019;-1,44;V
22/01/2019;-1,40;V
23/01/2019;-1,39;V
24/01/2019;-1,36;V
25/01/2019;-1,40;V
26/01/2019;-1,41;V
27/01/2019;-1,41;V
28/01/2019;-1,41;V
29/01/2019;-1,42;V
30/01/2019;-1,41;V
31/01/2019;-1,21;V
01/02/2019;-1,14;V
02/02/2019;-0,22;V
03/02/2019;-0,09;V
04/02/2019;-1,15;V
05/02/2019;-1,25;V
06/02/2019;-1,30;V
07/02/2019;-1,32;V
08/02/2019;-1,34;V
09/02/2019;-1,34;V
10/02/2019;-1,35;V
11/02/2019;-1,36;V
12/02/2019;-1,37;V
13/02/2019;-1,37;V
14/02/2019;-1,38;V
15/02/2019;-1,38;V
16/02/2019;-1,38;V
17/02/2019;-1,39;V
18/02/2019;-1,39;V
19/02/2019;-1,38;V
20/02/2019;-1,38;V
21/02/2019;-1,34;V
22/02/2019;-1,29;V
23/02/2019;-1,30;V
24/02/2019;-1,30;V
25/02/2019;-1,31;V
26/02/2019;-1,31;V
27/02/2019;-1,32;V
28/02/2019;-1,32;V
01/03/2019;-1,32;V
02/03/2019;-1,32;V
03/03/2019;-1,33;V
04/03/2019;-1,33;V
05/03/2019;-1,33;V
06/03/2019;-1,32;V
07/03/2019;-1,32;V
08/03/2019;-1,32;V
09/03/2019;-1,33;V
10/03/2019;-1,33;V
11/03/2019;-1,32;V
12/03/2019;-1,33;V
13/03/2019;-1,33;V
14/03/2019;-1,34;V
15/03/2019;-1,33;V
16/03/2019;-1,33;V
17/03/2019;-1,34;V
18/03/2019;-1,33;V
19/03/2019;-1,32;V
20/03/2019;-1,34;V
21/03/2019;-1,34;V
22/03/2019;-1,34;V
23/03/2019;-1,34;V
24/03/2019;-1,34;V
25/03/2019;-1,34;V
26/03/2019;-1,34;V
27/03/2019;-1,34;V
28/03/2019;-1,34;V
29/03/2019;-1,34;V
30/03/2019;-1,34;V
31/03/2019;-1,34;V
01/04/2019;-1,34;V
02/04/2019;-1,34;V
03/04/2019;-1,34;V
04/04/2019;-1,31;V
05/04/2019;-1,26;V
06/04/2019;-1,34;V
07/04/2019;-1,35;V
08/04/2019;-1,36;V
09/04/2019;-1,36;V
10/04/2019;-1,37;V
11/04/2019;-1,36;V
12/04/2019;-1,34;V
13/04/2019;-1,34;V
14/04/2019;-1,32;V
15/04/2019;-1,29;V
16/04/2019;-1,34;V
17/04/2019;-1,35;V
18/04/2019;-1,36;V
19/04/2019;-1,36;V
20/04/2019;-1,37;V
21/04/2019;-1,36;V
22/04/2019;-1,35;V
23/04/2019;-1,27;V
24/04/2019;-1,30;V
25/04/2019;-1,34;V
26/04/2019;-1,32;V
27/04/2019;-1,33;V
28/04/2019;-1,34;V
29/04/2019;-1,34;V
30/04/2019;-1,34;V
01/05/2019;-1,35;V
02/05/2019;-1,34;V
03/05/2019;-1,34;V
04/05/2019;-1,34;V
05/05/2019;-1,28;V
06/05/2019;-1,32;V
07/05/2019;-1,34;V
08/05/2019;-1,34;V
09/05/2019;-1,33;V
10/05/2019;-1,34;V
11/05/2019;-1,34;V
12/05/2019;-1,34;V
13/05/2019;-1,34;V
14/05/2019;-1,34;V
15/05/2019;-1,35;V
16/05/2019;-1,35;V
17/05/2019;-1,35;V
18/05/2019;-1,32;V
19/05/2019;-1,24;V
20/05/2019;-1,22;V
21/05/2019;-1,22;V
22/05/2019;-1,26;V
23/05/2019;-1,30;V
24/05/2019;-1,32;V
25/05/2019;-1,33;V
26/05/2019;-1,31;V
27/05/2019;-1,23;V
28/05/2019;-1,21;V
29/05/2019;-1,18;V
30/05/2019;-1,27;V
31/05/2019;-1,32;V
01/06/2019;-1,32;V
02/06/2019;-1,33;V
03/06/2019;-1,33;V
04/06/2019;-1,35;V
05/06/2019;-1,35;V
06/06/2019;-1,35;V
07/06/2019;-1,35;V
08/06/2019;-1,34;V
09/06/2019;-1,34;V
10/06/2019;-1,34;V
11/06/2019;-1,35;V
12/06/2019;-1,35;V
13/06/2019;-1,37;V
14/06/2019;-1,36;V
15/06/2019;-1,35;V
16/06/2019;-1,36;V
17/06/2019;-1,36;V
18/06/2019;-1,37;V
19/06/2019;-1,37;V
20/06/2019;-1,37;V
21/06/2019;-1,37;V
22/06/2019;-1,37;V
23/06/2019;-1,37;V
24/06/2019;-1,37;V
25/06/2019;-1,37;V
26/06/2019;-1,38;V
27/06/2019;-1,39;V
28/06/2019;-1,39;V
29/06/2019;-1,39;V
30/06/2019;-1,40;V
01/07/2019;-1,40;V
02/07/2019;-1,40;V
03/07/2019;-1,40;V
04/07/2019;-1,40;V
05/07/2019;-1,40;V
06/07/2019;-1,40;V
07/07/2019;-1,40;V
08/07/2019;-1,39;V
09/07/2019;-1,40;V
10/07/2019;-1,40;V
11/07/2019;-1,41;V
12/07/2019;-1,40;V
13/07/2019;-1,40;V
14/07/2019;-1,42;V
15/07/2019;-1,39;V
16/07/2019;-1,41;V
17/07/2019;-1,42;V
18/07/2019;-1,41;V
19/07/2019;-1,42;V
20/07/2019;-1,42;V
21/07/2019;-1,41;V
22/07/2019;-1,41;V
23/07/2019;-1,42;V
24/07/2019;-1,42;V
25/07/2019;-1,42;V
26/07/2019;-1,42;V
27/07/2019;-0,92;V
28/07/2019;-1,10;V
29/07/2019;-1,37;V
30/07/2019;-1,40;V
31/07/2019;-1,40;V
01/08/2019;-1,41;V
02/08/2019;-1,40;V
03/08/2019;-1,42;V
04/08/2019;-1,42;V
05/08/2019;-1,42;V
06/08/2019;-1,41;V
07/08/2019;-1,42;V
08/08/2019;-1,40;V
09/08/2019;-1,41;V
10/08/2019;-1,41;V
11/08/2019;-1,42;V
12/08/2019;-1,41;V
13/08/2019;-1,42;V
14/08/2019;-1,43;V
15/08/2019;-1,42;V
16/08/2019;-1,42;V
17/08/2019;-1,42;V
18/08/2019;-1,42;V
19/08/2019;-1,43;V
20/08/2019;-1,43;V
21/08/2019;-1,42;V
22/08/2019;-1,41;V
23/08/2019;-1,39;V
24/08/2019;-1,37;V
25/08/2019;-1,41;V
26/08/2019;-1,41;V
27/08/2019;-1,42;V
28/08/2019;-1,41;V
29/08/2019;-1,42;V
30/08/2019;-1,42;V
31/08/2019;-1,40;V
01/09/2019;-1,41;V
02/09/2019;-1,41;V
03/09/2019;-1,40;V
04/09/2019;-1,43;V
05/09/2019;-1,42;V
06/09/2019;-1,42;V
07/09/2019;-1,41;V
08/09/2019;-1,41;V
09/09/2019;-1,42;V
10/09/2019;-1,43;V
11/09/2019;-1,43;V
12/09/2019;-1,43;V
13/09/2019;-1,43;V
14/09/2019;-1,43;V
15/09/2019;-1,43;V
16/09/2019;-1,42;V
17/09/2019;-1,42;V
18/09/2019;-1,42;V
19/09/2019;-1,41;V
20/09/2019;-1,41;V
21/09/2019;-1,43;V
22/09/2019;-1,36;V
23/09/2019;-1,33;V
24/09/2019;-1,36;V
25/09/2019;-1,40;V
26/09/2019;-1,41;V
27/09/2019;-1,41;V
28/09/2019;-1,41;V
29/09/2019;-1,41;V
30/09/2019;-1,41;V
01/10/2019;-1,41;V
02/10/2019;-1,39;V
03/10/2019;-1,41;V
04/10/2019;-1,42;V
05/10/2019;-1,41;V
06/10/2019;-1,42;V
07/10/2019;-1,39;V
08/10/2019;-1,42;V
09/10/2019;-1,41;V
10/10/2019;-1,42;V
11/10/2019;-1,42;V
12/10/2019;-1,41;V
13/10/2019;-1,41;V
14/10/2019;-1,40;V
15/10/2019;-1,38;V
16/10/2019;-1,37;V
17/10/2019;-1,40;V
18/10/2019;-1,40;V
19/10/2019;-1,41;V
20/10/2019;-1,40;V
21/10/2019;-1,41;V
22/10/2019;-1,41;V
23/10/2019;-1,40;V
24/10/2019;-1,39;V
25/10/2019;-1,36;V
26/10/2019;-1,40;V
27/10/2019;-1,40;V
28/10/2019;-1,40;V
29/10/2019;-1,39;V
30/10/2019;-1,34;V
31/10/2019;-1,28;V
01/11/2019;-1,34;V
02/11/2019;-1,37;V
03/11/2019;-1,28;V
04/11/2019;-1,31;V
05/11/2019;-0,82;V
06/11/2019;-1,09;V
07/11/2019;-1,26;V
08/11/2019;-0,95;V
09/11/2019;-0,88;V
10/11/2019;-1,25;V
11/11/2019;-1,30;V
12/11/2019;-1,23;V
13/11/2019;-0,99;V
14/11/2019;-1,26;V
15/11/2019;-0,71;V
16/11/2019;-0,83;V
17/11/2019;3,36;V
18/11/2019;-0,52;V
19/11/2019;0,16;V
20/11/2019;-0,69;V
21/11/2019;-1,06;V
22/11/2019;-1,17;V
23/11/2019;-1,17;V
24/11/2019;-0,54;V
25/11/2019;-1,11;V
26/11/2019;-1,21;V
27/11/2019;-1,23;V
28/11/2019;-1,22;V
29/11/2019;-1,24;V
30/11/2019;-1,26;V
01/12/2019;-1,27;V
02/12/2019;-0,82;V
03/12/2019;-0,73;V
04/12/2019;-1,20;V
05/12/2019;-1,24;V
06/12/2019;-1,26;V
07/12/2019;-1,27;V
08/12/2019;-1,28;V
09/12/2019;-1,25;V
10/12/2019;-1,28;V
11/12/2019;-1,29;V
12/12/2019;-1,29;V
13/12/2019;-1,24;V
14/12/2019;-1,21;V
15/12/2019;-1,27;V
16/12/2019;-1,28;V
17/12/2019;-1,28;V
18/12/2019;-1,30;V
19/12/2019;-1,30;V
20/12/2019;-1,29;V
21/12/2019;-0,64;V
22/12/2019;1,16;V
23/12/2019;-0,96;V
24/12/2019;-1,16;V
25/12/2019;-1,20;V
26/12/2019;-1,24;V
27/12/2019;-1,26;V
28/12/2019;-1,27;V
29/12/2019;-1,28;V
30/12/2019;-1,29;V
31/12/2019;-1,30;V
01/01/2020;-1,29;P
02/01/2020;-1,30;P
03/01/2020;-1,29;P
04/01/2020;-1,29;P
05/01/2020;-1,31;P
06/01/2020;-1,31;P
07/01/2020;-1,31;P
08/01/2020;-1,31;P
09/01/2020;-1,32;P
10/01/2020;-1,31;P
11/01/2020;-1,32;P
12/01/2020;-1,33;P
13/01/2020;-1,33;P
14/01/2020;-1,33;P
15/01/2020;-1,32;P
16/01/2020;-1,33;P
17/01/2020;-1,33;P
18/01/2020;-1,14;P
19/01/2020;-1,23;P
20/01/2020;-1,28;P
21/01/2020;-1,31;P
22/01/2020;-1,31;P
23/01/2020;-1,32;P
24/01/2020;-1,31;P
25/01/2020;-0,74;P
26/01/2020;-1,12;P
27/01/2020;-1,22;P
28/01/2020;-1,22;P
29/01/2020;-1,26;P
30/01/2020;-1,28;P
31/01/2020;-1,28;P
01/02/2020;-1,28;P
02/02/2020;-1,28;P
03/02/2020;-1,29;P
04/02/2020;-1,30;P
05/02/2020;-1,30;P
06/02/2020;-1,27;P
07/02/2020;-1,27;P
08/02/2020;-1,27;P
09/02/2020;-1,27;P
10/02/2020;-1,26;P
11/02/2020;-1,26;P
12/02/2020;-1,27;P
13/02/2020;-1,27;P
14/02/2020;-1,25;P
15/02/2020;-1,28;P
16/02/2020;-1,28;P
17/02/2020;-1,28;P
18/02/2020;-1,27;P
19/02/2020;-1,27;P
20/02/2020;-1,33;P
21/02/2020;-1,39;P
22/02/2020;-1,39;P
23/02/2020;-1,39;P
24/02/2020;-1,38;P
25/02/2020;-1,38;P
26/02/2020;-1,39;P
27/02/2020;-1,38;P
28/02/2020;-1,37;P
29/02/2020;-1,39;P
01/03/2020;-1,36;P
02/03/2020;-1,28;P
03/03/2020;-1,02;P
04/03/2020;-1,28;P
05/03/2020;-1,32;P
06/03/2020;-1,27;P
07/03/2020;-1,31;P
08/03/2020;-1,34;P
09/03/2020;-1,34;P
10/03/2020;-1,36;P
11/03/2020;-1,36;P
12/03/2020;-1,36;P
13/03/2020;-1,36;P
14/03/2020;-1,36;P
15/03/2020;-1,37;P
16/03/2020;-1,38;P
17/03/2020;-1,38;P
18/03/2020;-1,38;P
19/03/2020;-1,38;P
20/03/2020;-1,39;P
21/03/2020;-1,39;P
22/03/2020;-1,39;P
23/03/2020;-1,39;P
24/03/2020;-1,40;P
25/03/2020;-1,39;P
26/03/2020;-1,39;P
27/03/2020;-1,39;P
28/03/2020;-1,39;P
29/03/2020;-1,39;P
30/03/2020;-1,38;P
31/03/2020;-1,37;P
01/04/2020;-1,39;P
02/04/2020;-1,40;P
03/04/2020;-1,40;P
04/04/2020;-1,40;P
05/04/2020;-1,40;P
06/04/2020;-1,40;P
07/04/2020;-1,41;P
08/04/2020;-1,41;P
09/04/2020;-1,41;P
10/04/2020;-1,41;P
11/04/2020;-1,41;P
12/04/2020;-1,41;P
13/04/2020;-1,40;P
14/04/2020;-1,40;P
15/04/2020;-1,41;P
16/04/2020;-1,42;P
17/04/2020;-1,40;P
18/04/2020;-1,40;P
19/04/2020;-1,39;P
20/04/2020;-1,34;P
21/04/2020;-1,34;P
22/04/2020;-1,38;P
23/04/2020;-1,39;P
24/04/2020;-1,40;P
25/04/2020;-1,40;P
26/04/2020;-1,40;P
27/04/2020;-1,39;P
28/04/2020;-1,37;P
29/04/2020;-1,37;P
30/04/2020;-1,38;P
01/05/2020;-1,39;P
02/05/2020;-1,39;P
03/05/2020;-1,40;P
04/05/2020;-1,41;P
05/05/2020;;@
06/05/2020;-1,40;P
07/05/2020;-1,41;P
08/05/2020;-1,41;P
09/05/2020;-1,41;P
10/05/2020;-1,40;P
11/05/2020;-1,39;P
12/05/2020;-1,37;P
13/05/2020;-1,39;P
14/05/2020;-1,39;P
15/05/2020;-1,39;P
16/05/2020;-1,39;P
17/05/2020;-1,39;P
18/05/2020;-1,40;P
19/05/2020;-1,16;P
20/05/2020;-1,27;P
21/05/2020;-1,39;P
22/05/2020;-1,41;P
23/05/2020;-1,42;P
24/05/2020;-1,42;P
25/05/2020;-1,43;P
26/05/2020;-1,43;P
27/05/2020;-1,43;P
28/05/2020;-1,43;P
29/05/2020;-1,41;P
30/05/2020;-1,44;P
31/05/2020;-1,44;P
01/06/2020;-1,44;P
02/06/2020;-1,43;P
03/06/2020;-1,43;P
04/06/2020;-1,39;P
05/06/2020;-1,28;P
06/06/2020;-1,40;P
07/06/2020;-1,42;P
08/06/2020;-1,42;P
09/06/2020;-1,38;P
10/06/2020;-1,32;P
11/06/2020;-1,37;P
12/06/2020;-1,40;P
13/06/2020;-1,41;P
14/06/2020;-0,40;P
15/06/2020;-1,31;P
16/06/2020;-1,38;P
17/06/2020;-1,37;P
18/06/2020;-1,41;P
19/06/2020;-1,42;P
20/06/2020;-1,42;P
21/06/2020;-1,42;P
22/06/2020;-1,43;P
23/06/2020;-1,44;P
24/06/2020;-1,46;P
25/06/2020;-1,47;P
26/06/2020;-1,47;P
27/06/2020;-1,47;P
28/06/2020;-1,47;P
29/06/2020;-1,47;P
30/06/2020;-1,47;P
01/07/2020;-1,47;P
02/07/2020;-1,47;P
03/07/2020;-1,47;P
04/07/2020;-1,47;P
05/07/2020;-1,49;P
06/07/2020;-1,49;P
07/07/2020;-1,49;P
08/07/2020;-1,50;P
09/07/2020;-1,49;P
10/07/2020;-1,49;P
11/07/2020;-1,49;P
12/07/2020;-1,49;P
13/07/2020;-1,50;P
14/07/2020;-1,50;P
15/07/2020;-1,48;P
16/07/2020;-1,46;P
17/07/2020;-1,49;P
18/07/2020;-1,49;P
19/07/2020;-1,50;P
20/07/2020;-1,49;P
21/07/2020;-1,49;P
22/07/2020;-1,49;P
23/07/2020;-1,49;P
24/07/2020;-1,47;P
25/07/2020;-1,48;P
26/07/2020;-1,49;P
27/07/2020;-1,49;P
28/07/2020;-1,49;P
29/07/2020;-1,49;P
30/07/2020;-1,49;P
31/07/2020;-1,49;P
01/08/2020;-1,49;P
02/08/2020;-1,50;P
03/08/2020;-1,49;P
04/08/2020;-1,49;P
05/08/2020;-1,49;P
06/08/2020;-1,50;P
07/08/2020;-1,50;P
08/08/2020;-1,50;P
09/08/2020;-1,50;P
10/08/2020;-1,50;P
11/08/2020;-1,50;P
12/08/2020;-1,50;P
13/08/2020;-1,50;P
14/08/2020;-1,50;P
15/08/2020;-1,49;P
16/08/2020;-1,50;P
17/08/2020;-1,49;P
18/08/2020;-1,48;P
19/08/2020;-1,48;P
20/08/2020;-1,50;P
21/08/2020;-1,50;P
22/08/2020;-1,50;P
23/08/2020;-1,50;P
24/08/2020;-1,50;P
25/08/2020;-1,49;P
26/08/2020;-1,49;P
27/08/2020;-1,50;P
28/08/2020;-1,49;P
29/08/2020;-1,48;P
30/08/2020;-1,43;P
31/08/2020;-1,44;P
01/09/2020;-1,43;P
02/09/2020;-1,48;P
03/09/2020;-1,50;P
04/09/2020;-1,50;P
05/09/2020;-1,50;P
06/09/2020;-1,50;P
07/09/2020;-1,50;P
08/09/2020;-1,50;P
09/09/2020;-1,50;P
10/09/2020;-1,49;P
11/09/2020;-1,49;P
12/09/2020;-1,50;P
13/09/2020;-1,50;P
14/09/2020;-1,50;P
15/09/2020;-1,50;P
16/09/2020;-1,50;P
17/09/2020;-1,50;P
18/09/2020;-1,50;P
19/09/2020;-1,50;P
20/09/2020;-1,48;P
21/09/2020;-1,48;P
22/09/2020;-1,47;P
23/09/2020;-1,46;P
24/09/2020;-1,43;P
25/09/2020;-0,69;P
26/09/2020;-1,44;P
27/09/2020;-1,47;P
28/09/2020;-1,48;P
29/09/2020;-1,49;P
30/09/2020;-1,49;P
01/10/2020;-1,48;P
02/10/2020;-1,48;P
03/10/2020;-1,44;P
04/10/2020;-1,45;P
05/10/2020;-1,42;P
06/10/2020;-1,47;P
07/10/2020;-1,46;P
08/10/2020;-1,49;P
09/10/2020;-1,49;P
10/10/2020;-1,48;P
11/10/2020;-1,23;P
12/10/2020;-1,24;P
13/10/2020;-1,43;P
14/10/2020;-1,44;P
15/10/2020;-1,24;P
16/10/2020;-1,30;P
17/10/2020;-1,41;P
18/10/2020;-1,44;P
19/10/2020;-1,45;P
20/10/2020;-1,47;P
21/10/2020;-1,47;P
22/10/2020;-1,47;P
23/10/2020;-1,46;P
24/10/2020;-1,44;P
25/10/2020;-1,42;P
26/10/2020;-1,42;P
27/10/2020;-0,98;P
28/10/2020;-1,38;P
29/10/2020;-1,42;P
30/10/2020;-1,44;P
31/10/2020;-1,44;P
01/11/2020;-1,44;P
02/11/2020;-1,44;P
03/11/2020;-1,44;P
04/11/2020;-1,44;P
05/11/2020;-1,46;P
06/11/2020;-1,47;P
07/11/2020;-1,47;P
08/11/2020;-1,47;P
09/11/2020;-1,46;P
10/11/2020;-1,47;P
11/11/2020;-1,47;P
12/11/2020;-1,46;P
13/11/2020;-1,47;P
14/11/2020;-1,47;P
15/11/2020;-1,47;P
16/11/2020;-1,43;P
17/11/2020;-1,44;P
18/11/2020;-1,46;P
19/11/2020;-1,47;P
20/11/2020;-1,42;P
21/11/2020;-1,45;P
22/11/2020;-1,47;P
23/11/2020;-1,47;P
24/11/2020;-1,48;P
25/11/2020;-1,47;P
26/11/2020;-1,47;P
27/11/2020;-1,47;P
28/11/2020;-1,46;P
29/11/2020;-1,47;P
30/11/2020;-1,47;P
01/12/2020;-1,47;P
02/12/2020;-1,42;P
03/12/2020;-1,43;P
04/12/2020;-1,44;P
05/12/2020;-0,05;P
06/12/2020;0,11;P
07/12/2020;-0,91;P
08/12/2020;-1,13;P
09/12/2020;-0,65;P
10/12/2020;-1,10;P
11/12/2020;-1,21;P
12/12/2020;-1,27;P
13/12/2020;-1,32;P
14/12/2020;-1,34;P
15/12/2020;-1,36;P
16/12/2020;-1,36;P
17/12/2020;-1,38;P
18/12/2020;-1,38;P
19/12/2020;-1,39;P
20/12/2020;-1,39;P
21/12/2020;-1,40;P
22/12/2020;-1,38;P
23/12/2020;-1,38;P
24/12/2020;-1,39;P
25/12/2020;-1,41;P
26/12/2020;-1,33;P
27/12/2020;-1,38;P
28/12/2020;-1,07;P
29/12/2020;-1,17;P
30/12/2020;-0,50;P
31/12/2020;-1,02;P
01/01/2021;-0,53;V
02/01/2021;-0,06;V
03/01/2021;-0,80;V
04/01/2021;-1,15;V
05/01/2021;-0,74;V
06/01/2021;-0,39;V
07/01/2021;-1,00;V
08/01/2021;-1,18;V
09/01/2021;-1,24;V
10/01/2021;-1,22;V
11/01/2021;-1,21;V
12/01/2021;-1,27;V
13/01/2021;-1,29;V
14/01/2021;-1,30;V
15/01/2021;-1,32;V
16/01/2021;-1,33;V
17/01/2021;-1,34;V
18/01/2021;-1,35;V
19/01/2021;-1,35;V
20/01/2021;-1,36;V
21/01/2021;-1,35;V
22/01/2021;-1,33;V
23/01/2021;-1,28;V
24/01/2021;-1,02;V
25/01/2021;-0,78;V
26/01/2021;-1,16;V
27/01/2021;-1,27;V
28/01/2021;-1,29;V
29/01/2021;-1,30;V
30/01/2021;-1,31;V
31/01/2021;-1,18;V
01/02/2021;-1,23;V
02/02/2021;-1,25;V
03/02/2021;-1,30;V
04/02/2021;-1,31;V
05/02/2021;-1,33;V
06/02/2021;-1,34;V
07/02/2021;-0,72;V
08/02/2021;-0,20;V
09/02/2021;0,93;V
10/02/2021;-0,71;V
11/02/2021;-1,00;V
12/02/2021;-1,16;V
13/02/2021;-0,91;V
14/02/2021;-1,15;V
15/02/2021;-1,23;V
16/02/2021;-1,26;V
17/02/2021;-1,26;V
18/02/2021;-1,28;V
19/02/2021;-1,30;V
20/02/2021;-1,31;V
21/02/2021;-1,33;V
22/02/2021;-1,34;V
23/02/2021;-1,35;V
24/02/2021;-1,35;V
25/02/2021;-1,35;V
26/02/2021;-1,35;V
27/02/2021;-1,35;V
28/02/2021;-1,36;V
01/03/2021;-1,37;V
02/03/2021;-1,37;V
03/03/2021;-1,38;V
04/03/2021;-1,37;V
05/03/2021;-1,37;V
06/03/2021;-1,38;V
07/03/2021;-1,38;V
08/03/2021;-1,38;V
09/03/2021;-1,38;V
10/03/2021;-1,39;V
11/03/2021;-1,39;V
12/03/2021;-1,38;V
13/03/2021;-1,38;V
14/03/2021;-1,38;V
15/03/2021;-1,39;V
16/03/2021;-1,40;V
17/03/2021;-1,40;V
18/03/2021;-1,40;V
19/03/2021;-1,40;V
20/03/2021;-1,40;V
21/03/2021;-1,40;V
22/03/2021;-1,40;V
23/03/2021;-1,41;V
24/03/2021;-1,41;V
25/03/2021;-1,40;V
26/03/2021;-1,40;V
27/03/2021;-1,41;V
28/03/2021;-1,41;V
29/03/2021;-1,41;V
30/03/2021;-1,41;V
31/03/2021;-1,41;V
01/04/2021;-1,41;V
02/04/2021;-1,41;V
03/04/2021;-1,41;V
04/04/2021;-1,41;V
05/04/2021;-1,42;V
06/04/2021;-1,41;V
07/04/2021;-1,42;V
08/04/2021;-1,43;V
09/04/2021;-1,42;V
10/04/2021;-1,41;V
11/04/2021;-1,38;V
12/04/2021;-1,22;V
13/04/2021;-1,14;V
14/04/2021;-1,35;V
15/04/2021;-1,38;V
16/04/2021;-1,39;V
17/04/2021;-1,40;V
18/04/2021;-1,41;V
19/04/2021;-1,41;V
20/04/2021;-1,41;V
21/04/2021;-1,41;V
22/04/2021;-1,41;V
23/04/2021;-1,42;V
24/04/2021;-1,43;V
25/04/2021;-1,43;V
26/04/2021;-1,43;V
27/04/2021;-1,41;V
28/04/2021;-1,38;V
29/04/2021;-1,39;V
30/04/2021;-1,41;V
01/05/2021;-1,40;V
02/05/2021;-1,39;V
03/05/2021;-1,41;V
04/05/2021;-1,41;V
05/05/2021;-1,42;V
06/05/2021;-1,41;V
07/05/2021;-1,42;V
08/05/2021;-1,42;V
09/05/2021;-1,42;V
10/05/2021;-1,43;V
11/05/2021;-1,37;V
12/05/2021;-1,37;V
13/05/2021;-1,41;V
14/05/2021;-1,41;V
15/05/2021;-1,41;V
16/05/2021;-1,41;V
17/05/2021;-1,41;V
18/05/2021;-1,43;V
19/05/2021;-1,40;V
20/05/2021;-1,42;V
21/05/2021;-1,44;V
22/05/2021;-1,41;V
23/05/2021;-1,42;V
24/05/2021;-1,40;V
25/05/2021;-1,42;V
26/05/2021;-1,43;V
27/05/2021;-1,43;V
28/05/2021;-1,43;V
29/05/2021;-1,42;V
30/05/2021;-1,43;V
31/05/2021;-1,44;V
01/06/2021;-1,44;V
02/06/2021;-1,44;V
03/06/2021;-1,44;V
04/06/2021;-1,44;V
05/06/2021;-1,43;V
06/06/2021;-1,43;V
07/06/2021;-1,39;V
08/06/2021;-1,43;V
09/06/2021;-1,45;V
10/06/2021;-1,46;V
11/06/2021;-1,43;V
12/06/2021;-1,44;V
13/06/2021;-1,46;V
14/06/2021;-1,45;V
15/06/2021;-1,46;V
16/06/2021;-1,46;V
17/06/2021;-1,38;V
18/06/2021;-1,46;V
19/06/2021;-1,47;V
20/06/2021;-1,47;V
21/06/2021;-1,47;V
22/06/2021;-1,47;V
23/06/2021;-1,48;V
24/06/2021;-1,48;V
25/06/2021;-1,48;V
26/06/2021;-1,49;V
27/06/2021;-1,49;V
28/06/2021;-1,49;V
29/06/2021;-1,48;V
30/06/2021;-1,48;V
01/07/2021;-1,49;V
02/07/2021;-1,48;V
03/07/2021;-1,48;V
04/07/2021;-1,47;V
05/07/2021;-1,48;V
06/07/2021;-1,49;V
07/07/2021;-1,49;V
08/07/2021;-1,48;V
09/07/2021;-1,49;V
10/07/2021;-1,50;V
11/07/2021;-1,48;V
12/07/2021;-1,49;V
13/07/2021;-1,48;V
14/07/2021;-1,49;V
15/07/2021;-1,49;V
16/07/2021;-1,48;V
17/07/2021;-1,48;V
18/07/2021;-1,49;V
19/07/2021;-1,50;V
20/07/2021;-1,50;V
21/07/2021;-1,50;V
22/07/2021;-1,49;V
23/07/2021;-1,49;V
24/07/2021;-1,50;V
25/07/2021;-1,50;V
26/07/2021;-1,49;V
27/07/2021;-1,49;V
28/07/2021;-1,50;V
29/07/2021;-1,50;V
30/07/2021;-1,50;V
31/07/2021;-1,50;V
01/08/2021;-1,48;V
02/08/2021;-1,49;V
03/08/2021;-1,51;V
04/08/2021;-1,50;V
05/08/2021;-1,50;V
06/08/2021;-1,51;V
07/08/2021;-1,50;V
08/08/2021;-1,51;V
09/08/2021;-1,50;V
10/08/2021;-1,50;V
11/08/2021;-1,50;V
12/08/2021;-1,51;V
13/08/2021;-1,51;V
14/08/2021;-1,51;V
15/08/2021;-1,50;V
16/08/2021;-1,50;V
17/08/2021;-1,51;V
18/08/2021;-1,51;V
19/08/2021;-1,51;V
20/08/2021;-1,50;V
21/08/2021;-1,49;V
22/08/2021;-1,50;V
23/08/2021;-1,50;V
24/08/2021;-1,50;V
25/08/2021;-1,51;V
26/08/2021;-1,51;V
27/08/2021;-1,50;V
28/08/2021;-1,47;V
29/08/2021;-1,49;V
30/08/2021;-1,50;V
31/08/2021;-1,49;V
01/09/2021;-1,50;V
02/09/2021;-1,51;V
03/09/2021;-1,51;V
04/09/2021;-1,51;V
05/09/2021;-1,51;V
06/09/2021;-1,52;V
07/09/2021;-1,51;V
08/09/2021;-1,51;V
09/09/2021;-1,51;V
10/09/2021;-1,51;V
11/09/2021;-1,51;V
12/09/2021;-1,51;V
13/09/2021;-1,50;V
14/09/2021;-1,50;V
15/09/2021;-1,50;V
16/09/2021;-1,49;V
17/09/2021;-1,50;V
18/09/2021;-1,50;V
19/09/2021;-1,49;V
20/09/2021;-1,50;V
21/09/2021;-1,49;V
22/09/2021;-1,51;V
23/09/2021;-1,51;V
24/09/2021;-1,50;V
25/09/2021;-1,50;V
26/09/2021;-1,45;V
27/09/2021;-1,43;V
28/09/2021;-1,49;V
29/09/2021;-1,50;V
30/09/2021;-1,50;V
01/10/2021;-1,50;V
02/10/2021;-1,50;V
03/10/2021;-1,50;V
04/10/2021;-1,48;V
05/10/2021;-1,46;V
06/10/2021;-1,49;V
07/10/2021;-1,49;V
08/10/2021;-1,50;V
09/10/2021;-1,50;V
10/10/2021;-1,51;V
11/10/2021;-1,50;V
12/10/2021;-1,50;V
13/10/2021;-1,50;V
14/10/2021;-1,50;V
15/10/2021;-1,50;V
16/10/2021;-1,50;V
17/10/2021;-1,50;V
18/10/2021;-1,50;V
19/10/2021;-1,49;V
20/10/2021;-1,49;V
21/10/2021;-1,48;V
22/10/2021;-1,40;V
23/10/2021;-1,44;V
24/10/2021;-1,48;V
25/10/2021;-1,50;V
26/10/2021;-1,50;V
27/10/2021;-1,50;V
28/10/2021;-1,50;V
29/10/2021;-1,50;V
30/10/2021;-1,50;V
31/10/2021;-1,49;V
01/11/2021;-1,47;V
02/11/2021;-1,45;V
03/11/2021;-1,48;V
04/11/2021;-1,45;V
05/11/2021;-1,48;V
06/11/2021;-1,48;V
07/11/2021;-1,44;V
08/11/2021;-1,46;V
09/11/2021;-1,47;V
10/11/2021;-1,47;V
11/11/2021;-1,48;V
12/11/2021;-1,48;V
13/11/2021;-1,48;V
14/11/2021;-1,27;V
15/11/2021;-1,39;V
16/11/2021;-1,44;V
17/11/2021;-1,43;V
18/11/2021;-1,45;V
19/11/2021;-1,46;V
20/11/2021;-1,46;V
21/11/2021;-1,45;V
22/11/2021;-1,42;V
23/11/2021;-1,44;V
24/11/2021;-1,46;V
25/11/2021;-1,45;V
26/11/2021;-1,44;V
27/11/2021;-1,42;V
28/11/2021;-1,35;V
29/11/2021;-1,43;V
30/11/2021;-1,46;V
01/12/2021;-1,45;V
02/12/2021;-1,24;V
03/12/2021;-1,22;V
04/12/2021;-1,38;V
05/12/2021;-1,41;V
06/12/2021;-1,45;V
07/12/2021;-1,47;V
08/12/2021;-1,40;V
09/12/2021;-1,25;V
10/12/2021;-1,33;V
11/12/2021;-0,97;V
12/12/2021;-1,34;V
13/12/2021;-1,40;V
14/12/2021;-1,42;V
15/12/2021;-1,43;V
16/12/2021;-1,44;V
17/12/2021;-1,45;V
18/12/2021;-1,45;V
19/12/2021;-1,45;V
20/12/2021;-1,45;V
21/12/2021;-1,45;V
22/12/2021;-1,46;V
23/12/2021;-1,46;V
24/12/2021;-1,44;V
25/12/2021;-1,42;V
26/12/2021;-0,80;V
27/12/2021;-0,80;V
28/12/2021;-1,05;V
29/12/2021;-1,26;V
30/12/2021;-1,33;V
31/12/2021;-1,37;V
01/01/2022;-1,38;V
02/01/2022;-1,38;V
03/01/2022;-1,39;V
04/01/2022;-1,41;V
05/01/2022;-1,39;V
06/01/2022;-0,94;V
07/01/2022;-1,32;V
08/01/2022;-1,37;V
09/01/2022;-0,55;V
10/01/2022;-1,14;V
11/01/2022;-1,32;V
12/01/2022;-1,36;V
13/01/2022;-1,38;V
14/01/2022;-1,39;V
15/01/2022;-1,39;V
16/01/2022;-1,39;V
17/01/2022;-1,41;V
18/01/2022;-1,42;V
19/01/2022;-1,42;V
20/01/2022;-1,41;V
21/01/2022;-1,42;V
22/01/2022;-1,43;V
23/01/2022;-1,44;V
24/01/2022;-1,44;V
25/01/2022;-1,44;V
26/01/2022;-1,43;V
27/01/2022;-1,43;V
28/01/2022;-1,44;V
29/01/2022;-1,44;V
30/01/2022;-1,44;V
31/01/2022;-1,44;V
01/02/2022;-1,45;V
02/02/2022;-1,45;V
03/02/2022;-1,45;V
04/02/2022;-1,45;V
05/02/2022;-1,44;V
06/02/2022;-1,45;V
07/02/2022;-1,45;V
08/02/2022;-1,46;V
09/02/2022;-1,46;V
10/02/2022;-1,46;V
11/02/2022;-1,45;V
12/02/2022;-1,45;V
13/02/2022;-1,46;V
14/02/2022;-1,45;V
15/02/2022;-1,35;V
16/02/2022;-1,37;V
17/02/2022;-1,41;V
18/02/2022;-1,42;V
19/02/2022;-1,42;V
20/02/2022;-1,44;V
21/02/2022;-1,43;V
22/02/2022;-1,43;V
23/02/2022;-1,45;V
24/02/2022;-1,44;V
25/02/2022;-1,43;V
26/02/2022;-1,37;V
27/02/2022;-1,43;V
28/02/2022;-1,44;V
01/03/2022;-1,45;V
02/03/2022;-1,44;V
03/03/2022;-1,45;V
04/03/2022;-1,44;V
05/03/2022;-1,45;V
06/03/2022;-1,45;V
07/03/2022;-1,45;V
08/03/2022;-1,45;V
09/03/2022;-1,46;V
10/03/2022;-1,45;V
11/03/2022;-1,45;V
12/03/2022;-1,45;V
13/03/2022;-1,45;V
14/03/2022;-1,45;V
15/03/2022;-1,45;V
16/03/2022;-1,45;V
17/03/2022;-1,45;V
18/03/2022;-1,45;V
19/03/2022;-1,45;V
20/03/2022;-1,46;V
21/03/2022;-1,46;V
22/03/2022;-1,46;V
23/03/2022;-1,47;V
24/03/2022;-1,46;V
25/03/2022;-1,46;V
26/03/2022;-1,46;V
27/03/2022;-1,46;V
28/03/2022;-1,47;V
29/03/2022;-1,46;V
30/03/2022;-1,44;V
31/03/2022;-1,40;V
01/04/2022;-1,43;V
02/04/2022;-1,41;V
03/04/2022;-1,41;V
04/04/2022;-1,43;V
05/04/2022;-1,44;V
06/04/2022;-1,45;V
07/04/2022;-1,43;V
08/04/2022;-1,44;V
09/04/2022;-1,45;V
10/04/2022;-1,46;V
11/04/2022;-1,46;V
12/04/2022;-1,46;V
13/04/2022;-1,46;V
14/04/2022;-1,46;V
15/04/2022;-1,46;V
16/04/2022;-1,46;V
17/04/2022;-1,45;V
18/04/2022;-1,47;V
19/04/2022;-1,46;V
20/04/2022;-1,45;V
21/04/2022;-1,42;V
22/04/2022;-1,30;V
23/04/2022;-1,33;V
24/04/2022;-1,30;V
25/04/2022;-1,31;V
26/04/2022;-1,39;V
27/04/2022;-1,41;V
28/04/2022;-1,43;V
29/04/2022;-1,44;V
30/04/2022;-1,44;V
01/05/2022;-1,44;V
02/05/2022;-1,44;V
03/05/2022;-1,44;V
04/05/2022;-1,43;V
05/05/2022;-1,43;V
06/05/2022;-1,38;V
07/05/2022;-1,42;V
08/05/2022;-1,44;V
09/05/2022;-1,44;V
10/05/2022;-1,44;V
11/05/2022;-1,45;V
12/05/2022;-1,46;V
13/05/2022;-1,47;V
14/05/2022;-1,46;V
15/05/2022;-1,47;V
16/05/2022;-1,47;V
17/05/2022;-1,47;V
18/05/2022;-1,47;V
19/05/2022;-1,47;V
20/05/2022;-1,48;V
21/05/2022;-1,47;V
22/05/2022;-1,48;V
23/05/2022;-1,48;V
24/05/2022;-1,48;V
25/05/2022;-1,48;V
26/05/2022;-1,49;V
27/05/2022;-1,49;V
28/05/2022;-1,47;V
29/05/2022;-1,47;V
30/05/2022;-1,48;V
31/05/2022;-1,49;V
01/06/2022;-1,49;V
02/06/2022;-1,50;V
03/06/2022;-1,50;V
04/06/2022;-1,50;V
05/06/2022;-1,50;V
06/06/2022;-1,50;V
07/06/2022;-1,50;V
08/06/2022;-1,50;V
09/06/2022;-1,50;V
10/06/2022;-1,51;V
11/06/2022;-1,51;V
12/06/2022;-1,52;V
13/06/2022;-1,52;V
14/06/2022;-1,51;V
15/06/2022;-1,50;V
16/06/2022;-1,51;V
17/06/2022;-1,50;V
18/06/2022;-1,51;V
19/06/2022;-1,52;V
20/06/2022;-1,52;V
21/06/2022;-1,52;V
22/06/2022;-1,51;V
23/06/2022;-1,50;V
24/06/2022;-1,50;V
25/06/2022;-1,51;V
26/06/2022;-1,52;V
27/06/2022;-1,52;V
28/06/2022;-1,50;V
29/06/2022;-1,51;V
30/06/2022;-1,52;V
01/07/2022;-1,52;V
02/07/2022;-1,52;V
03/07/2022;-1,53;V
04/07/2022;-1,53;V
05/07/2022;-1,52;V
06/07/2022;-1,52;V
07/07/2022;-1,52;V
08/07/2022;-1,53;V
09/07/2022;-1,53;V
10/07/2022;-1,53;V
11/07/2022;-1,53;V
12/07/2022;-1,53;V
13/07/2022;-1,53;V
14/07/2022;-1,53;V
15/07/2022;-1,53;V
16/07/2022;-1,53;V
17/07/2022;-1,53;V
18/07/2022;-1,47;V
19/07/2022;-1,53;V
20/07/2022;-1,53;V
21/07/2022;-1,53;V
22/07/2022;-1,53;V
23/07/2022;-1,53;V
24/07/2022;-1,52;V
25/07/2022;-1,52;V
26/07/2022;-1,52;V
27/07/2022;-1,52;V
28/07/2022;-1,53;V
29/07/2022;-1,52;V
30/07/2022;-1,52;V
31/07/2022;-1,53;V
01/08/2022;-1,54;V
02/08/2022;-1,53;V
03/08/2022;-1,53;V
04/08/2022;-1,54;V
05/08/2022;-1,53;V
06/08/2022;-1,52;V
07/08/2022;-1,49;V
08/08/2022;-1,48;V
09/08/2022;-1,52;V
10/08/2022;-1,53;V
11/08/2022;-1,54;V
12/08/2022;-1,53;V
13/08/2022;-1,51;V
14/08/2022;-1,53;V
15/08/2022;-1,51;V
16/08/2022;-1,45;V
17/08/2022;-1,49;V
18/08/2022;-1,43;V
19/08/2022;-1,43;V
20/08/2022;-1,49;V
21/08/2022;-1,50;V
22/08/2022;-1,52;V
23/08/2022;-1,52;V
24/08/2022;-1,52;V
25/08/2022;-1,52;V
26/08/2022;-1,51;V
27/08/2022;-1,51;V
28/08/2022;-1,47;V
29/08/2022;-1,50;V
30/08/2022;-1,50;V
31/08/2022;-1,51;V
01/09/2022;-1,52;V
02/09/2022;-1,52;V
03/09/2022;-1,47;V
04/09/2022;-1,49;V
05/09/2022;-1,51;V
06/09/2022;-1,51;V
07/09/2022;-1,50;V
08/09/2022;-1,47;V
09/09/2022;-1,49;V
10/09/2022;-1,51;V
11/09/2022;-1,52;V
12/09/2022;-1,52;V
13/09/2022;-1,52;V
14/09/2022;-1,51;V
15/09/2022;-1,50;V
16/09/2022;-1,52;V
17/09/2022;-1,51;V
18/09/2022;-1,53;V
19/09/2022;-1,52;V
20/09/2022;-1,53;V
21/09/2022;-1,53;V
22/09/2022;-1,53;V
23/09/2022;-1,53;V
24/09/2022;-1,24;V
25/09/2022;-0,54;V
26/09/2022;-1,29;V
27/09/2022;-1,43;V
28/09/2022;-1,44;V
29/09/2022;-1,21;V
30/09/2022;-0,67;V
01/10/2022;-1,33;V
02/10/2022;-1,40;V
03/10/2022;-1,42;V
04/10/2022;-1,44;V
05/10/2022;-1,46;V
06/10/2022;-1,48;V
07/10/2022;-1,49;V
08/10/2022;-1,50;V
09/10/2022;-1,49;V
10/10/2022;-1,49;V
11/10/2022;-1,50;V
12/10/2022;-1,50;V
13/10/2022;-1,50;V
14/10/2022;-1,50;V
15/10/2022;-1,50;V
16/10/2022;-1,50;V
17/10/2022;-1,50;V
18/10/2022;-1,50;V
19/10/2022;-1,50;V
20/10/2022;-1,50;V
21/10/2022;-1,50;V
22/10/2022;-1,49;V
23/10/2022;-1,49;V
24/10/2022;-1,49;V
25/10/2022;-1,49;V
26/10/2022;-1,50;V
27/10/2022;-1,50;V
28/10/2022;-1,50;V
29/10/2022;-1,50;V
30/10/2022;-1,50;V
31/10/2022;-1,50;V
01/11/2022;-1,50;V
02/11/2022;-1,50;V
03/11/2022;-1,49;V
04/11/2022;-1,42;V
05/11/2022;-1,49;V
06/11/2022;-1,50;V
07/11/2022;-1,50;V
08/11/2022;-1,50;V
09/11/2022;-1,50;V
10/11/2022;-1,48;V
11/11/2022;-1,50;V
12/11/2022;-1,51;V
13/11/2022;-1,50;V
14/11/2022;-1,50;V
15/11/2022;-1,49;V
16/11/2022;-1,44;V
17/11/2022;-1,47;V
18/11/2022;-1,47;V
19/11/2022;-1,46;V
20/11/2022;-1,45;V
21/11/2022;-1,48;V
22/11/2022;-0,23;V
23/11/2022;-1,11;V
24/11/2022;-1,32;V
25/11/2022;-1,36;V
26/11/2022;-1,38;V
27/11/2022;-1,42;V
28/11/2022;-1,43;V
29/11/2022;-1,42;V
30/11/2022;-1,45;V
01/12/2022;-1,46;V
02/12/2022;-1,47;V
03/12/2022;-1,42;V
04/12/2022;-1,25;V
05/12/2022;-1,21;V
06/12/2022;-1,24;V
07/12/2022;-1,33;V
08/12/2022;-1,37;V
09/12/2022;-1,38;V
10/12/2022;-0,95;V
11/12/2022;-1,20;V
12/12/2022;-1,32;V
13/12/2022;;@
14/12/2022;;@
15/12/2022;;@
16/12/2022;1,12;V
17/12/2022;-0,68;V
18/12/2022;-1,18;V
19/12/2022;-1,26;V
20/12/2022;-1,30;V
21/12/2022;-1,33;V
22/12/2022;-1,33;V
23/12/2022;-1,35;V
24/12/2022;-1,36;V
25/12/2022;-1,38;V
26/12/2022;-1,39;V
27/12/2022;-1,39;V
28/12/2022;-1,40;V
29/12/2022;-1,40;V
30/12/2022;-1,41;V
31/12/2022;-1,41;V
01/01/2023;-1,41;V
02/01/2023;-1,41;V
03/01/2023;-1,42;V
04/01/2023;-1,43;V
05/01/2023;-1,43;V
06/01/2023;-1,42;V
07/01/2023;-1,42;V
08/01/2023;-1,42;V
09/01/2023;-1,34;V
10/01/2023;-1,42;V
11/01/2023;-1,43;V
12/01/2023;-1,41;V
13/01/2023;-1,42;V
14/01/2023;-1,43;V
15/01/2023;-1,43;V
16/01/2023;-1,43;V
17/01/2023;-1,16;V
18/01/2023;-1,07;V
19/01/2023;-1,11;V
20/01/2023;-1,20;V
21/01/2023;-1,31;V
22/01/2023;-1,34;V
23/01/2023;-1,34;V
24/01/2023;-1,32;V
25/01/2023;-1,35;V
26/01/2023;-1,37;V
27/01/2023;-1,38;V
28/01/2023;-1,39;V
29/01/2023;-1,41;V
30/01/2023;-1,41;V
31/01/2023;-1,42;V
01/02/2023;-1,42;V
02/02/2023;-1,42;V
03/02/2023;-1,42;V
04/02/2023;-1,42;V
05/02/2023;-1,44;V
06/02/2023;-1,44;V
07/02/2023;-1,44;V
08/02/2023;-1,45;V
09/02/2023;-1,44;V
10/02/2023;-1,45;V
11/02/2023;-1,46;V
12/02/2023;-1,45;V
13/02/2023;-1,45;V
14/02/2023;-1,46;V
15/02/2023;-1,45;V
16/02/2023;-1,45;V
17/02/2023;-1,45;V
18/02/2023;-1,44;V
19/02/2023;-1,44;V
20/02/2023;-1,46;V
21/02/2023;-1,44;V
22/02/2023;-1,44;V
23/02/2023;-1,45;V
24/02/2023;-1,45;V
25/02/2023;-1,44;V
26/02/2023;-1,07;V
27/02/2023;-1,16;V
28/02/2023;-1,34;V
01/03/2023;-1,30;V
02/03/2023;-1,31;V
03/03/2023;-1,36;V
04/03/2023;-1,38;V
05/03/2023;-1,38;V
06/03/2023;-1,39;V
07/03/2023;-1,41;V
08/03/2023;-1,41;V
09/03/2023;-1,41;V
10/03/2023;-1,40;V
11/03/2023;-1,40;V
12/03/2023;-1,42;V
13/03/2023;-1,43;V
14/03/2023;-1,42;V
15/03/2023;-1,43;V
16/03/2023;-1,44;V
17/03/2023;-1,44;V
18/03/2023;-1,44;V
19/03/2023;-1,42;V
20/03/2023;-1,07;V
21/03/2023;-1,30;V
22/03/2023;-1,36;V
23/03/2023;-1,38;V
24/03/2023;-1,39;V
25/03/2023;-1,40;V
26/03/2023;-1,41;V
27/03/2023;-1,42;V
28/03/2023;-1,43;V
29/03/2023;-1,42;V
30/03/2023;-1,43;V
31/03/2023;-1,41;V
01/04/2023;-1,42;V
02/04/2023;-1,41;V
03/04/2023;-1,42;V
04/04/2023;-1,43;V
05/04/2023;-1,44;V
06/04/2023;-1,44;V
07/04/2023;-1,43;V
08/04/2023;-1,30;V
09/04/2023;-1,39;V
10/04/2023;-1,42;V
11/04/2023;-1,42;V
12/04/2023;-1,42;V
13/04/2023;-1,42;V
14/04/2023;-1,42;V
15/04/2023;-1,36;V
16/04/2023;-1,32;V
17/04/2023;-1,40;V
18/04/2023;-1,42;V
19/04/2023;-1,42;V
20/04/2023;-1,39;V
21/04/2023;-1,41;V
22/04/2023;-1,42;V
23/04/2023;-1,44;V
24/04/2023;-1,43;V
25/04/2023;-1,43;V
26/04/2023;-1,44;V
27/04/2023;-1,44;V
28/04/2023;-1,44;V
29/04/2023;-1,44;V
30/04/2023;-1,44;V
01/05/2023;-1,43;V
02/05/2023;-1,42;V
03/05/2023;-1,43;V
04/05/2023;-1,44;V
05/05/2023;-1,44;V
06/05/2023;-1,44;V
07/05/2023;-1,44;V
08/05/2023;-1,41;V
09/05/2023;-1,40;V
10/05/2023;-1,33;V
11/05/2023;-1,32;V
12/05/2023;-1,32;V
13/05/2023;-1,23;V
14/05/2023;-1,35;V
15/05/2023;-1,39;V
16/05/2023;-1,38;V
17/05/2023;-1,34;V
18/05/2023;-1,38;V
19/05/2023;-1,37;V
20/05/2023;-1,38;V
21/05/2023;-1,36;V
22/05/2023;-1,24;V
23/05/2023;-1,26;V
24/05/2023;-1,34;V
25/05/2023;-1,05;V
26/05/2023;-1,23;V
27/05/2023;-1,36;V
28/05/2023;-1,39;V
29/05/2023;-1,38;V
30/05/2023;-1,40;V
31/05/2023;-1,38;V
01/06/2023;-1,29;V
02/06/2023;-1,25;V
03/06/2023;-1,02;V
04/06/2023;-0,73;V
05/06/2023;-1,15;V
06/06/2023;-0,79;V
07/06/2023;-1,05;V
08/06/2023;-1,23;V
09/06/2023;-1,23;V
10/06/2023;-1,26;V
11/06/2023;-1,24;V
12/06/2023;-1,35;V
13/06/2023;-1,14;V
14/06/2023;-0,60;V
15/06/2023;-1,06;V
16/06/2023;-1,31;V
17/06/2023;-1,37;V
18/06/2023;-1,39;V
19/06/2023;-1,41;V
20/06/2023;-1,43;V
21/06/2023;-1,44;V
22/06/2023;-1,44;V
23/06/2023;-1,44;V
24/06/2023;-1,45;V
25/06/2023;-1,47;V
26/06/2023;-1,47;V
27/06/2023;-1,47;V
28/06/2023;-1,48;V
29/06/2023;-1,48;V
30/06/2023;-1,42;V
01/07/2023;-1,34;V
02/07/2023;-1,45;V
03/07/2023;-1,47;V
04/07/2023;-1,48;V
05/07/2023;-1,48;V
06/07/2023;-1,49;V
07/07/2023;-1,50;V
08/07/2023;-1,50;V
09/07/2023;-1,50;V
10/07/2023;-1,50;V
11/07/2023;-1,51;V
12/07/2023;-1,51;V
13/07/2023;-1,51;V
14/07/2023;-1,50;V
15/07/2023;-1,51;V
16/07/2023;-1,52;V
17/07/2023;-1,53;V
18/07/2023;-1,53;V
19/07/2023;-1,53;V
20/07/2023;-1,53;V
21/07/2023;-1,53;V
22/07/2023;-1,53;V
23/07/2023;-1,54;V
24/07/2023;-1,53;V
25/07/2023;-1,54;V
26/07/2023;-1,55;V
27/07/2023;-1,56;V
28/07/2023;-1,55;V
29/07/2023;-1,54;V
30/07/2023;-1,54;V
31/07/2023;-1,54;V
01/08/2023;-1,54;V
02/08/2023;-1,53;V
03/08/2023;-1,53;V
04/08/2023;-1,49;V
05/08/2023;-1,52;V
06/08/2023;-1,54;V
07/08/2023;-1,56;V
08/08/2023;-1,56;V
09/08/2023;-1,55;V
10/08/2023;-1,56;V
11/08/2023;-1,56;V
12/08/2023;-1,56;V
13/08/2023;-1,56;V
14/08/2023;-1,56;V
15/08/2023;-1,55;V
16/08/2023;-1,54;V
17/08/2023;-1,53;V
18/08/2023;-1,52;V
19/08/2023;-1,55;V
20/08/2023;-1,56;V
21/08/2023;-1,56;V
22/08/2023;-1,56;V
23/08/2023;-1,57;V
24/08/2023;-1,57;V
25/08/2023;-1,56;V
26/08/2023;-1,56;V
27/08/2023;-1,56;V
28/08/2023;-1,52;V
29/08/2023;-1,49;V
30/08/2023;-1,47;V
31/08/2023;-1,51;V
01/09/2023;-1,54;V
02/09/2023;-1,55;V
03/09/2023;-1,55;V
04/09/2023;-1,56;V
05/09/2023;-1,56;V
06/09/2023;-1,56;V
07/09/2023;-1,56;V
08/09/2023;-1,56;V
09/09/2023;-1,57;V
10/09/2023;-1,57;V
11/09/2023;-1,56;V
12/09/2023;-1,56;V
13/09/2023;-1,56;V
14/09/2023;-1,55;V
15/09/2023;-1,55;V
16/09/2023;-1,54;V
17/09/2023;-1,55;V
18/09/2023;-1,56;V
19/09/2023;-1,56;V
20/09/2023;-1,56;V
21/09/2023;-1,55;V
22/09/2023;-1,55;V
23/09/2023;-1,45;V
24/09/2023;-1,55;V
25/09/2023;-1,56;V
26/09/2023;-1,56;V
27/09/2023;-1,56;V
28/09/2023;-1,57;V
29/09/2023;-1,56;V
30/09/2023;-1,57;V
01/10/2023;-1,57;V
02/10/2023;-1,57;V
03/10/2023;-1,57;V
04/10/2023;-1,57;V
05/10/2023;-1,56;V
06/10/2023;-1,56;V
07/10/2023;-1,56;V
08/10/2023;-1,56;V
09/10/2023;-1,56;V
10/10/2023;-1,56;V
11/10/2023;-1,55;V
12/10/2023;-1,56;V
13/10/2023;-1,56;V
14/10/2023;-1,56;V
15/10/2023;-1,56;V
16/10/2023;-1,57;V
17/10/2023;-1,57;V
18/10/2023;-1,55;V
19/10/2023;-1,53;V
20/10/2023;-1,54;V
21/10/2023;;@
22/10/2023;;@
23/10/2023;-1,51;V
24/10/2023;-1,37;V
25/10/2023;-1,36;V
26/10/2023;-1,51;V
27/10/2023;-1,53;V
28/10/2023;-1,55;V
29/10/2023;-1,54;V
30/10/2023;-1,52;V
31/10/2023;-1,39;V
01/11/2023;-1,51;V
02/11/2023;-1,48;V
03/11/2023;-1,14;
04/11/2023;-1,41;V
05/11/2023;-1,00;V
06/11/2023;-1,45;V
07/11/2023;-1,48;V
08/11/2023;-1,51;V
09/11/2023;-1,50;V
10/11/2023;-1,37;V
11/11/2023;-1,44;V
12/11/2023;-1,46;V
13/11/2023;-1,45;V
14/11/2023;-1,47;V
15/11/2023;-1,48;V
16/11/2023;-1,50;V
17/11/2023;-1,51;V
18/11/2023;-1,53;V
19/11/2023;-1,53;V
20/11/2023;-1,52;V
21/11/2023;-1,51;V
22/11/2023;-1,45;V
23/11/2023;-1,49;V
24/11/2023;-1,51;V
25/11/2023;-1,52;V
26/11/2023;-1,53;V
27/11/2023;-1,53;V
28/11/2023;-1,50;V
29/11/2023;-1,51;V
30/11/2023;-1,52;V
01/12/2023;-1,52;V
02/12/2023;-1,26;V
03/12/2023;-1,45;V
04/12/2023;-1,50;V
05/12/2023;-1,37;V
06/12/2023;-1,43;V
07/12/2023;-1,49;V
08/12/2023;-1,49;V
09/12/2023;-1,49;V
10/12/2023;-1,48;V
11/12/2023;-1,48;V
12/12/2023;-1,48;V
13/12/2023;-1,49;V
14/12/2023;-1,46;V
15/12/2023;-1,45;V
16/12/2023;-1,49;V
17/12/2023;-1,51;V
18/12/2023;-1,51;V
19/12/2023;-1,52;V
20/12/2023;-1,51;V
21/12/2023;-1,51;V
22/12/2023;-1,51;V
23/12/2023;-1,51;V
24/12/2023;-1,51;V
25/12/2023;-1,51;V
26/12/2023;-1,53;V
27/12/2023;-1,53;V
28/12/2023;-1,53;V
29/12/2023;-1,53;V
30/12/2023;-1,52;V
31/12/2023;-1,52;V
01/01/2024;-1,53;V
02/01/2024;-1,52;V
03/01/2024;-1,53;V
04/01/2024;-1,54;V
05/01/2024;-1,53;V
06/01/2024;-0,93;V
07/01/2024;-1,19;V
08/01/2024;-1,31;V
09/01/2024;-1,42;V
10/01/2024;-1,45;V
11/01/2024;-1,47;V
12/01/2024;-1,48;V
13/01/2024;-1,49;V
14/01/2024;-1,48;V
15/01/2024;-1,50;V
16/01/2024;-1,50;V
17/01/2024;-1,47;V
18/01/2024;-1,47;V
19/01/2024;-1,49;V
20/01/2024;-1,52;V
21/01/2024;-1,54;V
22/01/2024;-1,54;V
23/01/2024;-1,53;V
24/01/2024;-1,54;V
25/01/2024;-1,54;V
26/01/2024;-1,54;V
27/01/2024;-1,56;V
28/01/2024;-1,56;V
29/01/2024;-1,55;V
30/01/2024;-1,56;V
31/01/2024;-1,57;V
01/02/2024;-1,57;V
02/02/2024;-1,57;V
03/02/2024;-1,57;V
04/02/2024;-1,57;V
05/02/2024;-1,58;V
06/02/2024;-1,58;V
07/02/2024;-1,58;V
08/02/2024;-1,58;V
09/02/2024;-1,58;V
10/02/2024;-1,41;V
11/02/2024;0,24;V
12/02/2024;-1,22;V
13/02/2024;-1,40;V
14/02/2024;-1,47;V
15/02/2024;-1,49;V
16/02/2024;-1,50;V
17/02/2024;-1,51;V
18/02/2024;-1,53;V
19/02/2024;-1,54;V
20/02/2024;-1,54;V
21/02/2024;-1,56;V
22/02/2024;-1,56;V
23/02/2024;-1,49;V
24/02/2024;-1,39;V
25/02/2024;-1,50;V
26/02/2024;-1,50;V
27/02/2024;0,07;V
28/02/2024;-0,61;V
29/02/2024;-1,32;V
01/03/2024;-1,29;V
02/03/2024;-0,93;V
03/03/2024;-1,25;V
04/03/2024;-0,96;V
05/03/2024;-1,20;V
06/03/2024;-1,06;V
07/03/2024;-1,09;V
08/03/2024;-1,14;V
09/03/2024;-1,10;V
10/03/2024;-0,76;V
11/03/2024;-0,88;V
12/03/2024;-0,95;V
13/03/2024;-1,08;V
14/03/2024;-1,13;V
15/03/2024;-1,15;V
16/03/2024;-1,15;V
17/03/2024;-1,17;V
18/03/2024;-1,18;V
19/03/2024;-1,18;V
20/03/2024;-1,20;V
21/03/2024;-1,20;V
22/03/2024;-1,20;V
23/03/2024;-1,22;V
24/03/2024;-1,23;V
25/03/2024;-1,25;V
26/03/2024;-1,18;V
27/03/2024;-0,04;V
28/03/2024;-0,79;V
29/03/2024;-1,05;V
30/03/2024;-1,12;V
31/03/2024;-1,16;V
01/04/2024;-1,12;V
02/04/2024;-1,09;V
03/04/2024;-1,18;V
04/04/2024;-1,19;V
05/04/2024;-1,20;V
06/04/2024;-1,22;V
07/04/2024;-1,24;V
08/04/2024;-1,24;V
09/04/2024;-1,24;V
10/04/2024;-1,18;V
11/04/2024;-1,22;V
12/04/2024;-1,25;V
13/04/2024;-1,26;V
14/04/2024;-1,26;V
15/04/2024;-1,27;V
16/04/2024;-1,28;V
17/04/2024;-1,29;V
18/04/2024;-1,29;V
19/04/2024;-1,25;V
20/04/2024;-1,28;V
21/04/2024;-1,28;V
22/04/2024;-1,29;V
23/04/2024;-1,23;V
24/04/2024;-1,27;V
25/04/2024;-1,29;V
26/04/2024;-1,29;V
27/04/2024;-1,19;V
28/04/2024;-1,23;V
29/04/2024;-1,28;V
30/04/2024;-1,28;V
01/05/2024;-1,27;V
02/05/2024;-1,14;V
03/05/2024;-0,67;V
04/05/2024;-1,15;V
05/05/2024;-1,24;V
06/05/2024;-1,27;V
07/05/2024;-1,10;V
08/05/2024;-1,19;V
09/05/2024;-1,26;V
10/05/2024;-1,29;V
11/05/2024;-1,31;V
12/05/2024;-1,31;V
13/05/2024;-1,32;V
14/05/2024;-1,33;V
15/05/2024;-1,32;V
16/05/2024;-1,33;V
17/05/2024;-1,35;V
18/05/2024;-1,36;V
19/05/2024;-1,36;V
20/05/2024;-1,34;V
21/05/2024;-1,16;V
22/05/2024;-1,32;V
23/05/2024;-1,33;V
24/05/2024;-1,36;V
25/05/2024;-1,36;V
26/05/2024;-1,37;V
27/05/2024;-1,38;V
28/05/2024;-1,38;V
29/05/2024;-1,38;V
30/05/2024;-1,39;V
31/05/2024;-1,40;V
01/06/2024;-1,41;V
02/06/2024;-1,41;V
03/06/2024;-1,39;V
04/06/2024;-1,41;V
05/06/2024;-1,41;V
06/06/2024;-1,41;V
07/06/2024;-1,42;V
08/06/2024;-1,42;V
09/06/2024;-1,42;V
10/06/2024;-1,38;V
11/06/2024;-1,41;V
12/06/2024;-1,43;V
13/06/2024;-1,45;V
14/06/2024;-1,45;V
15/06/2024;-1,45;V
16/06/2024;-1,44;V
17/06/2024;-1,45;V
18/06/2024;-1,44;V
19/06/2024;-1,44;V
20/06/2024;-1,43;V
21/06/2024;-1,43;V
22/06/2024;-1,44;V
23/06/2024;-1,44;V
24/06/2024;-1,40;V
25/06/2024;-1,39;V
26/06/2024;-1,38;V
27/06/2024;-1,42;V
28/06/2024;-1,42;V
29/06/2024;-1,42;V
30/06/2024;-1,43;V
01/07/2024;-1,43;V
02/07/2024;-1,43;V
03/07/2024;-1,44;V
04/07/2024;-1,43;V
05/07/2024;-1,43;V
06/07/2024;-1,44;V
07/07/2024;-1,44;V
08/07/2024;-1,44;V
09/07/2024;-1,44;V
10/07/2024;-1,44;V
11/07/2024;-1,44;V
12/07/2024;-1,43;V
13/07/2024;-1,43;V
14/07/2024;-1,45;V
15/07/2024;-1,45;V
16/07/2024;-1,45;V
17/07/2024;-1,45;V
18/07/2024;-1,44;V
19/07/2024;-1,43;V
20/07/2024;-1,43;V
21/07/2024;-1,43;V
22/07/2024;-1,36;V
23/07/2024;-1,40;V
24/07/2024;-1,41;V
25/07/2024;-1,42;V
26/07/2024;-1,42;V
27/07/2024;-1,43;V
28/07/2024;-1,43;V
29/07/2024;-1,42;V
30/07/2024;-1,42;V
31/07/2024;-1,41;V
01/08/2024;-1,42;V
02/08/2024;-1,42;V
03/08/2024;-1,39;V
04/08/2024;-1,39;V
05/08/2024;-1,41;V
06/08/2024;-1,40;V
07/08/2024;-1,40;V
08/08/2024;-1,41;V
09/08/2024;-1,41;V
10/08/2024;-1,41;V
11/08/2024;-1,40;V
12/08/2024;-1,41;V
13/08/2024;-1,40;V
14/08/2024;-1,40;V
15/08/2024;-1,40;V
16/08/2024;-1,41;V
17/08/2024;-1,34;V
18/08/2024;-1,33;V
19/08/2024;-1,35;V
20/08/2024;-1,39;V
21/08/2024;-1,39;V
22/08/2024;-1,39;V
23/08/2024;-1,39;V
24/08/2024;-1,40;V
25/08/2024;-1,40;V
26/08/2024;-1,39;V
27/08/2024;-1,37;V
28/08/2024;-1,36;V
29/08/2024;-1,33;V
30/08/2024;-1,39;V
31/08/2024;-1,39;V
01/09/2024;-1,38;V
02/09/2024;-1,38;V
03/09/2024;-1,38;V
04/09/2024;-1,38;V
05/09/2024;-1,28;V
06/09/2024;-1,32;V
07/09/2024;-1,35;V
08/09/2024;-1,29;V
09/09/2024;-1,07;V
10/09/2024;-1,32;V
11/09/2024;-1,34;V
12/09/2024;-1,22;V
13/09/2024;-1,22;V
14/09/2024;-1,33;V
15/09/2024;-1,35;V
16/09/2024;-1,36;V
17/09/2024;-1,36;V
18/09/2024;-1,29;V
19/09/2024;-1,30;V
20/09/2024;-1,33;V
21/09/2024;-1,34;V
22/09/2024;-1,34;V
23/09/2024;-1,27;V
24/09/2024;-0,87;V
25/09/2024;-1,26;V
26/09/2024;-1,25;V
27/09/2024;-1,28;V
28/09/2024;-1,31;V
29/09/2024;-1,32;V
30/09/2024;-1,33;V
01/10/2024;-1,31;V
02/10/2024;-1,31;V
03/10/2024;-0,51;V
04/10/2024;-0,99;V
05/10/2024;-1,10;V
06/10/2024;-1,23;V
07/10/2024;-1,24;V
08/10/2024;-0,35;V
09/10/2024;-0,62;V
10/10/2024;-1,11;V
11/10/2024;-1,18;V
12/10/2024;-1,21;V
13/10/2024;-1,22;V
14/10/2024;-1,23;V
15/10/2024;-1,24;V
16/10/2024;-1,24;V
17/10/2024;-0,91;V
18/10/2024;3,11;V
19/10/2024;-0,78;V
20/10/2024;-0,91;V
21/10/2024;-1,06;V
22/10/2024;-1,11;V
23/10/2024;-1,12;V
24/10/2024;0,05;V
25/10/2024;0,56;V
26/10/2024;-0,36;V
27/10/2024;-0,98;V
28/10/2024;-1,07;V
29/10/2024;-1,12;V
30/10/2024;-1,15;V
31/10/2024;-1,18;V
01/11/2024;-1,20;V
02/11/2024;-1,21;V
03/11/2024;-1,22;V
04/11/2024;-1,23;V
05/11/2024;-1,24;V
06/11/2024;-1,25;V
07/11/2024;-1,25;V
08/11/2024;-1,25;V
09/11/2024;-1,25;V
10/11/2024;-1,26;V
11/11/2024;-1,28;V
12/11/2024;-1,28;V
13/11/2024;-1,29;V
14/11/2024;-1,29;V
15/11/2024;-1,30;V
16/11/2024;-1,30;V
17/11/2024;-1,27;V
18/11/2024;-1,26;V
19/11/2024;-1,25;V
20/11/2024;-1,25;V
21/11/2024;-1,26;V
22/11/2024;-1,24;V
23/11/2024;-1,30;V
24/11/2024;-1,29;V
25/11/2024;-1,29;V
26/11/2024;-1,27;V
27/11/2024;-1,26;V
28/11/2024;-1,26;V
29/11/2024;-1,27;V
30/11/2024;-1,30;V
01/12/2024;-1,30;V
02/12/2024;-1,31;V
03/12/2024;-1,29;V
04/12/2024;-1,29;V
05/12/2024;-1,29;V
06/12/2024;-1,30;V
07/12/2024;-1,29;V
08/12/2024;-0,65;V
09/12/2024;-0,98;V
10/12/2024;-1,11;V
11/12/2024;-1,20;V
12/12/2024;-1,23;V
13/12/2024;-1,22;V
14/12/2024;-1,13;V
15/12/2024;-1,13;V
16/12/2024;-1,20;V
17/12/2024;-1,21;V
18/12/2024;-1,20;V
19/12/2024;-1,19;V
20/12/2024;-1,21;V
21/12/2024;-1,25;V
22/12/2024;-0,36;V
23/12/2024;-0,12;V
24/12/2024;-1,07;V
25/12/2024;-1,14;V
26/12/2024;-1,19;V
27/12/2024;-1,21;V
28/12/2024;-1,22;V
29/12/2024;-1,23;V
30/12/2024;-1,23;V
31/12/2024;-1,23;V
01/01/2025;-1,22;V
02/01/2025;-1,22;V
03/01/2025;-1,23;V
04/01/2025;-1,25;V
05/01/2025;-1,23;V
06/01/2025;-1,23;V
07/01/2025;-1,21;V
08/01/2025;-1,20;V
09/01/2025;-1,20;V
10/01/2025;-1,22;V
11/01/2025;-1,23;V
12/01/2025;-1,25;V
13/01/2025;-1,26;V
14/01/2025;-1,27;V
15/01/2025;-1,28;V
16/01/2025;-1,27;V
17/01/2025;-1,27;V
18/01/2025;-1,26;V
19/01/2025;-1,27;V
20/01/2025;-1,25;V
21/01/2025;-1,24;V
22/01/2025;-1,24;V
23/01/2025;-1,21;V
24/01/2025;-1,23;V
25/01/2025;-1,24;V
26/01/2025;-1,17;V
27/01/2025;-1,17;V
28/01/2025;-1,19;V
29/01/2025;-1,22;V
30/01/2025;-1,25;V
31/01/2025;-0,97;V
01/02/2025;-0,33;V
02/02/2025;-1,15;V
03/02/2025;-1,18;V
04/02/2025;-1,22;V
05/02/2025;-1,23;V
06/02/2025;-1,24;V
07/02/2025;-1,23;V
08/02/2025;-1,22;V
09/02/2025;-0,81;V
10/02/2025;-1,11;V
11/02/2025;-1,16;V
12/02/2025;-1,09;V
13/02/2025;-1,04;V
14/02/2025;-0,35;V
15/02/2025;-0,91;V
16/02/2025;-1,09;V
17/02/2025;-1,13;V
18/02/2025;-1,16;V
19/02/2025;-1,17;V
20/02/2025;-1,17;V
21/02/2025;-1,19;V
22/02/2025;-1,17;V
23/02/2025;-1,18;V
24/02/2025;-0,79;V
25/02/2025;-0,39;V
26/02/2025;-0,49;V
27/02/2025;-0,96;V
28/02/2025;-1,06;V
01/03/2025;-1,07;V
02/03/2025;-1,12;V
03/03/2025;-1,15;V
04/03/2025;-1,17;V
05/03/2025;-1,18;V
06/03/2025;-1,18;V
07/03/2025;-1,19;V
08/03/2025;-1,18;V
09/03/2025;-1,17;V
10/03/2025;-1,06;V
11/03/2025;-1,13;V
12/03/2025;-0,74;V
13/03/2025;0,32;V
14/03/2025;1,01;V
15/03/2025;-0,16;V
16/03/2025;-0,53;V
17/03/2025;-0,94;V
18/03/2025;-1,02;V
19/03/2025;-1,08;V
20/03/2025;-0,92;V
21/03/2025;-0,79;V
22/03/2025;-0,77;V
23/03/2025;-0,76;V
24/03/2025;-0,79;V
25/03/2025;-0,89;V
26/03/2025;-1,06;V
27/03/2025;-1,06;V
28/03/2025;-1,07;V
29/03/2025;-1,08;V
30/03/2025;-1,10;V
31/03/2025;-1,11;V
01/04/2025;-1,12;V
02/04/2025;-1,12;V
03/04/2025;-1,13;V
04/04/2025;-1,13;V
05/04/2025;-1,14;V
06/04/2025;-1,14;V
07/04/2025;-1,16;V
08/04/2025;-1,16;V
09/04/2025;-1,16;V
10/04/2025;-1,15;V
11/04/2025;-1,16;V
12/04/2025;-1,16;V
13/04/2025;-1,14;V
14/04/2025;-0,98;V
15/04/2025;-0,27;V
16/04/2025;-0,83;V
17/04/2025;-0,98;V
18/04/2025;-1,01;V
19/04/2025;-1,08;V
20/04/2025;-1,10;V
21/04/2025;-1,11;V
22/04/2025;-1,13;V
23/04/2025;-1,15;V
24/04/2025;-1,15;V
25/04/2025;-1,16;V
26/04/2025;-1,15;V
27/04/2025;-1,17;V
28/04/2025;-1,17;V
29/04/2025;-1,16;V
30/04/2025;-1,17;V
01/05/2025;-1,19;V
02/05/2025;-1,19;V
03/05/2025;-1,19;V
04/05/2025;-1,19;V
05/05/2025;-1,01;V
06/05/2025;-0,03;V
07/05/2025;-1,03;V
08/05/2025;-0,99;V
09/05/2025;-1,08;V
10/05/2025;-1,12;V
11/05/2025;-1,10;V
12/05/2025;-0,89;V
13/05/2025;-0,93;V
14/05/2025;-1,00;V
15/05/2025;-1,13;V
16/05/2025;-1,15;V
17/05/2025;-1,17;V
18/05/2025;-1,17;V
19/05/2025;-1,15;V
20/05/2025;-1,17;V
21/05/2025;-1,15;V
22/05/2025;-1,14;V
23/05/2025;-1,14;V
24/05/2025;-1,21;V
25/05/2025;-1,22;V
26/05/2025;-1,22;V
27/05/2025;-1,22;V
28/05/2025;-1,22;V
29/05/2025;-1,23;V
30/05/2025;-1,24;V
31/05/2025;-1,24;V
01/06/2025;-1,25;V
02/06/2025;-1,24;V
03/06/2025;-1,25;V
04/06/2025;-1,25;V
05/06/2025;-1,24;V
06/06/2025;-1,24;V
07/06/2025;-1,24;V
08/06/2025;-1,24;V
09/06/2025;-1,25;V
10/06/2025;-1,25;V
11/06/2025;-1,25;V
12/06/2025;-1,26;V
13/06/2025;-1,25;V
14/06/2025;-1,24;V
15/06/2025;-1,25;V
16/06/2025;-1,26;V
17/06/2025;-1,27;V
18/06/2025;-1,27;V
19/06/2025;-1,26;V
20/06/2025;-1,27;V
21/06/2025;-1,26;V
22/06/2025;-1,15;V
23/06/2025;-1,26;V
24/06/2025;-1,26;V
25/06/2025;-1,26;V
26/06/2025;-1,26;V
27/06/2025;-1,27;V
28/06/2025;-1,27;V
29/06/2025;-1,27;V
30/06/2025;-1,28;V
01/07/2025;-1,27;V
02/07/2025;-1,28;V
03/07/2025;-1,28;V
04/07/2025;-1,28;V
05/07/2025;-1,28;V
06/07/2025;-0,94;V
07/07/2025;-1,18;V
08/07/2025;-1,21;V
09/07/2025;-1,23;V
10/07/2025;-1,24;V
11/07/2025;-1,24;V
12/07/2025;-1,24;V
13/07/2025;-1,20;V
14/07/2025;-1,22;V
15/07/2025;-1,21;V
16/07/2025;-1,21;V
17/07/2025;-1,14;V
18/07/2025;-1,13;V
19/07/2025;-1,21;V
20/07/2025;-1,20;V
21/07/2025;-1,20;V
22/07/2025;-1,22;V
23/07/2025;-1,23;V
24/07/2025;-1,22;V
25/07/2025;-1,23;V
26/07/2025;-1,15;V
27/07/2025;-1,21;V
28/07/2025;-1,23;V
29/07/2025;-1,26;V
30/07/2025;-1,26;V
31/07/2025;-1,08;V
01/08/2025;-0,95;V
02/08/2025;-0,94;V
03/08/2025;-0,94;V
04/08/2025;-0,95;V
05/08/2025;-0,95;V
06/08/2025;-0,95;V
07/08/2025;-0,95;V
08/08/2025;-0,95;V
09/08/2025;-0,95;V
10/08/2025;-0,94;V
11/08/2025;-0,94;V
12/08/2025;-0,94;V
13/08/2025;-0,95;V
14/08/2025;-0,95;V
15/08/2025;-0,93;V
16/08/2025;-0,95;V
17/08/2025;-0,95;V
18/08/2025;-0,94;V
19/08/2025;-0,94;V
20/08/2025;-0,94;V
21/08/2025;-0,89;V
22/08/2025;-0,90;V
23/08/2025;-0,92;V
24/08/2025;-0,94;V
25/08/2025;-0,94;V
26/08/2025;-0,94;V
27/08/2025;-0,94;V
28/08/2025;-0,93;V
29/08/2025;-0,88;V
30/08/2025;-0,70;V
31/08/2025;-0,90;V
01/09/2025;-0,93;V
02/09/2025;-0,64;V
03/09/2025;-0,85;V
04/09/2025;-0,92;V
05/09/2025;-0,95;V
06/09/2025;-0,98;V
07/09/2025;-0,98;V
08/09/2025;-0,97;V
09/09/2025;-0,95;V
10/09/2025;-0,54;V
11/09/2025;-0,77;V
12/09/2025;-0,89;V
13/09/2025;-0,90;V
14/09/2025;-0,91;V
15/09/2025;-0,92;V
16/09/2025;-0,92;V
17/09/2025;-0,93;V
18/09/2025;-0,94;V
19/09/2025;-0,93;V
20/09/2025;-0,93;V
21/09/2025;-0,93;V
22/09/2025;-0,88;V
23/09/2025;-0,85;V
24/09/2025;-0,83;V
25/09/2025;-0,40;V
26/09/2025;0,21;V
27/09/2025;0,29;V
28/09/2025;0,26;V
29/09/2025;-0,12;V
30/09/2025;-0,44;V
01/10/2025;-0,82;V
02/10/2025;-0,37;V
03/10/2025;0,21;V
04/10/2025;0,23;V
05/10/2025;0,22;V
06/10/2025;0,22;V
07/10/2025;0,22;V
08/10/2025;-0,47;V
09/10/2025;-0,45;V
10/10/2025;-0,47;V
11/10/2025;-0,72;V
12/10/2025;-0,80;V
13/10/2025;-0,58;V
14/10/2025;-0,98;V
15/10/2025;-1,00;V
16/10/2025;-0,55;V
17/10/2025;-0,25;V
18/10/2025;-0,02;V
19/10/2025;0,03;V
20/10/2025;-0,27;V
21/10/2025;0,13;V
22/10/2025;0,32;V
23/10/2025;0,23;V
24/10/2025;0,15;V
25/10/2025;0,10;V
26/10/2025;-0,01;V
27/10/2025;0,24;V
28/10/2025;0,23;V
29/10/2025;0,23;V
30/10/2025;0,26;V
31/10/2025;0,22;V
01/11/2025;0,16;V
02/11/2025;0,11;V
03/11/2025;-0,31;V
04/11/2025;-0,10;V
05/11/2025;-0,01;V
06/11/2025;-0,10;V
07/11/2025;0,04;V
08/11/2025;-0,06;V
09/11/2025;-0,10;V
10/11/2025;-0,05;V
11/11/2025;-0,03;V
12/11/2025;-0,07;V
13/11/2025;0,01;V
14/11/2025;-0,01;V
15/11/2025;-0,12;V
16/11/2025;-0,08;V
17/11/2025;0,23;V
18/11/2025;0,22;V
19/11/2025;0,22;V
20/11/2025;0,23;V
21/11/2025;0,21;V
22/11/2025;0,19;V
23/11/2025;0,22;V
24/11/2025;0,24;V
25/11/2025;0,24;V
26/11/2025;0,22;V
27/11/2025;0,21;V
28/11/2025;0,21;V
29/11/2025;0,21;V
30/11/2025;0,22;V
01/12/2025;0,24;V
02/12/2025;0,26;V
03/12/2025;0,23;V
04/12/2025;0,23;V
05/12/2025;0,22;V
06/12/2025;0,21;V
07/12/2025;0,22;V
08/12/2025;0,22;V
09/12/2025;0,23;V
10/12/2025;0,23;V
11/12/2025;0,22;V
12/12/2025;0,20;V
13/12/2025;0,19;V
14/12/2025;0,19;V
15/12/2025;0,20;V
16/12/2025;0,26;V
17/12/2025;0,28;V
18/12/2025;0,28;V
19/12/2025;0,28;V
20/12/2025;0,27;V
21/12/2025;0,26;V
22/12/2025;0,26;V
23/12/2025;0,28;V
24/12/2025;0,27;V
25/12/2025;0,27;V
26/12/2025;0,25;V
27/12/2025;0,24;V
28/12/2025;0,22;V
29/12/2025;0,20;V
30/12/2025;0,17;V
31/12/2025;0,20;V
01/01/2026;0,18;P
02/01/2026;0,10;P
03/01/2026;0,17;P
04/01/2026;0,24;P
05/01/2026;0,26;P
06/01/2026;0,24;P
07/01/2026;0,24;P
08/01/2026;0,24;P
09/01/2026;0,22;P
10/01/2026;0,16;P
11/01/2026;0,17;P
12/01/2026;0,17;P
13/01/2026;0,15;P
14/01/2026;0,14;P
15/01/2026;0,15;P
16/01/2026;0,13;P
17/01/2026;0,11;P
18/01/2026;0,12;P
19/01/2026;0,11;P
20/01/2026;0,16;P
21/01/2026;0,18;P
22/01/2026;0,11;P
23/01/2026;0,20;P
24/01/2026;0,27;P
25/01/2026;0,26;P
26/01/2026;0,16;P
27/01/2026;0,16;P
28/01/2026;0,20;P
29/01/2026;-0,20;P
30/01/2026;-0,48;P
31/01/2026;-0,32;P
01/02/2026;-0,74;P
02/02/2026;-0,82;P
03/02/2026;-0,74;P
04/02/2026;0,62;P
05/02/2026;-0,17;P
06/02/2026;0,05;P
07/02/2026;-0,42;P
08/02/2026;-0,43;P
09/02/2026;-0,61;P
10/02/2026;0,47;P
11/02/2026;1,74;P
12/02/2026;0,07;P
13/02/2026;0,09;P
14/02/2026;0,11;P
15/02/2026;0,06;P
16/02/2026;0,05;P
17/02/2026;0,08;P
18/02/2026;0,09;P
19/02/2026;0,09;P
20/02/2026;0,11;P
21/02/2026;0,11;P
22/02/2026;0,10;P
23/02/2026;0,10;P
24/02/2026;0,10;P
25/02/2026;0,08;P
26/02/2026;0,09;P
27/02/2026;0,03;P
28/02/2026;0,03;P
01/03/2026;0,07;P
02/03/2026;0,07;P
03/03/2026;0,08;P
04/03/2026;0,02;P
05/03/2026;0,05;P
06/03/2026;0,06;P
07/03/2026;0,07;P
08/03/2026;0,09;P
09/03/2026;0,09;P
10/03/2026;0,09;P
11/03/2026;0,15;P
12/03/2026;0,12;P
13/03/2026;0,11;P
14/03/2026;0,10;P
15/03/2026;0,09;P
16/03/2026;0,08;P
17/03/2026;0,07;P
18/03/2026;0,06;P
19/03/2026;0,08;P
20/03/2026;0,10;P
21/03/2026;0,08;P
22/03/2026;0,08;P
23/03/2026;0,08;P
24/03/2026;0,08;P
25/03/2026;0,08;P
26/03/2026;0,13;P
27/03/2026;0,13;P
28/03/2026;0,12;P
29/03/2026;0,11;P
30/03/2026;0,11;P
31/03/2026;0,13;P
01/04/2026;0,06;P
02/04/2026;0,04;P
03/04/2026;0,03;P
04/04/2026;0,05;P
05/04/2026;0,07;P
06/04/2026;0,05;P
07/04/2026;0,06;P
08/04/2026;0,03;P
09/04/2026;0,07;P
10/04/2026;0,08;P
11/04/2026;0,06;P
12/04/2026;0,07;P
13/04/2026;0,12;P
14/04/2026;0,14;P
15/04/2026;0,11;P
16/04/2026;0,13;P
17/04/2026;0,12;P
18/04/2026;0,09;P
19/04/2026;0,11;P
20/04/2026;0,13;P
21/04/2026;0,14;P
22/04/2026;0,13;P
23/04/2026;0,16;P
24/04/2026;0,12;P
25/04/2026;0,16;P
26/04/2026;0,13;P
27/04/2026;0,14;P
28/04/2026;0,14;P
29/04/2026;0,14;P
30/04/2026;0,19;P
01/05/2026;0,25;P
02/05/2026;0,20;P
03/05/2026;0,17;P
04/05/2026;0,22;P
05/05/2026;0,28;P
06/05/2026;0,27;P
07/05/2026;0,26;P
08/05/2026;0,31;P
09/05/2026;0,32;P
10/05/2026;0,37;P
11/05/2026;0,34;P
12/05/2026;0,31;P
13/05/2026;0,38;P
14/05/2026;0,33;P
15/05/2026;0,42;P
16/05/2026;0,38;P
17/05/2026;0,37;P
18/05/2026;0,42;P
19/05/2026;0,47;P
20/05/2026;0,47;P
21/05/2026;0,50;P
22/05/2026;0,48;P
23/05/2026;0,48;P
24/05/2026;0,51;P
25/05/2026;0,55;P
26/05/2026;0,62;P
27/05/2026;0,61;P
28/05/2026;0,67;P
29/05/2026;0,69;P
30/05/2026;0,66;P
31/05/2026;0,64;P
01/06/2026;0,74;P
02/06/2026;0,76;P
03/06/2026;0,70;P
04/06/2026;0,74;P
05/06/2026;0,77;P
06/06/2026;0,76;P
07/06/2026;0,82;P
08/06/2026;0,77;P
09/06/2026;0,74;P
10/06/2026;0,77;P
11/06/2026;0,76;P
