"Stazione";"Bilancino"
"Codice";"TOS01004611"
"Comune";"Barberino di Mugello"
"Provincia";"FI"
"GB [m]";"E";1683693;"N";4871658
"WGS84 [°]";"Lat";43.975;"Lon";11.290
"Quota [m]";0,00

;;;ATTENZIONE i dati sono nel fomato csv ed utilizzano
;;;come separatore di colonna il "punto e virgola" e
;;;come separatore decimale la "virgola"
;;;verificare le proprie impostazioni internazionali per una corretta visulizzazione.
;;;Il valore contrassegnato con N corrisponde al dato non validato
;;;Il valore contrassegnato con R corrisponde al dato ricostruito
;;;Il valore contrassegnato con I corrisponde al dato incerto
;;;Il valore contrassegnato con @ corrisponde al dato mancante
;;;Il valore contrassegnato con V corrisponde al dato validato
;;;Il valore contrassegnato con P corrisponde al dato prevalidato soggetto ad eventuali modifiche
;;;(consultare la sezione Criteri di validazione)

"gg/mm/aaaa";"Livello [m]";"Tipo Dato"
01/01/1998;1,39;V
02/01/1998;1,38;V
03/01/1998;1,38;V
04/01/1998;1,38;V
05/01/1998;1,36;V
06/01/1998;1,34;V
07/01/1998;1,31;V
08/01/1998;1,23;V
09/01/1998;1,13;V
10/01/1998;1,11;V
11/01/1998;1,10;V
12/01/1998;1,09;V
13/01/1998;1,07;V
14/01/1998;1,09;V
15/01/1998;1,32;V
16/01/1998;1,32;V
17/01/1998;1,32;V
18/01/1998;1,33;V
19/01/1998;1,34;V
20/01/1998;1,44;V
21/01/1998;1,44;V
22/01/1998;1,43;V
23/01/1998;1,42;V
24/01/1998;1,39;V
25/01/1998;1,38;V
26/01/1998;1,33;V
27/01/1998;1,23;V
28/01/1998;1,11;V
29/01/1998;1,10;V
30/01/1998;1,09;V
31/01/1998;1,09;V
01/02/1998;1,06;V
02/02/1998;1,05;V
03/02/1998;1,11;V
04/02/1998;1,19;V
05/02/1998;1,12;V
06/02/1998;1,09;V
07/02/1998;1,07;V
08/02/1998;1,06;V
09/02/1998;1,04;V
10/02/1998;1,04;V
11/02/1998;1,04;V
12/02/1998;1,02;V
13/02/1998;1,02;V
14/02/1998;1,01;V
15/02/1998;1,01;V
16/02/1998;1,00;V
17/02/1998;0,99;V
18/02/1998;0,97;V
19/02/1998;0,96;V
20/02/1998;0,96;V
21/02/1998;0,97;V
22/02/1998;0,96;V
23/02/1998;1,18;V
24/02/1998;1,24;V
25/02/1998;1,13;V
26/02/1998;1,07;V
27/02/1998;1,05;V
28/02/1998;1,04;V
01/03/1998;1,04;V
02/03/1998;1,02;V
03/03/1998;1,01;V
04/03/1998;1,00;V
05/03/1998;1,00;V
06/03/1998;0,99;V
07/03/1998;0,99;V
08/03/1998;0,99;V
09/03/1998;0,99;V
10/03/1998;0,98;V
11/03/1998;0,98;V
12/03/1998;0,99;V
13/03/1998;1,00;V
14/03/1998;1,01;V
15/03/1998;1,00;V
16/03/1998;1,00;V
17/03/1998;1,00;V
18/03/1998;1,00;V
19/03/1998;0,99;V
20/03/1998;0,98;V
21/03/1998;0,99;V
22/03/1998;0,99;V
23/03/1998;0,98;V
24/03/1998;1,03;V
25/03/1998;1,06;V
26/03/1998;1,06;V
27/03/1998;1,06;V
28/03/1998;1,06;V
29/03/1998;1,06;V
30/03/1998;1,05;V
31/03/1998;1,05;V
01/04/1998;1,04;V
02/04/1998;1,03;V
03/04/1998;1,01;V
04/04/1998;1,01;V
05/04/1998;1,01;V
06/04/1998;1,10;V
07/04/1998;1,05;V
08/04/1998;0,97;V
09/04/1998;0,94;V
10/04/1998;0,94;V
11/04/1998;1,61;V
12/04/1998;1,91;V
13/04/1998;1,88;V
14/04/1998;1,56;V
15/04/1998;1,43;V
16/04/1998;1,99;V
17/04/1998;1,86;V
18/04/1998;1,64;V
19/04/1998;1,45;V
20/04/1998;1,40;V
21/04/1998;1,32;V
22/04/1998;1,20;V
23/04/1998;1,14;V
24/04/1998;1,13;V
25/04/1998;1,13;V
26/04/1998;1,13;V
27/04/1998;1,09;V
28/04/1998;1,15;V
29/04/1998;1,15;V
30/04/1998;1,11;V
01/05/1998;1,23;V
02/05/1998;1,39;V
03/05/1998;1,24;V
04/05/1998;1,05;V
05/05/1998;1,01;V
06/05/1998;1,09;V
07/05/1998;1,13;V
08/05/1998;1,06;V
09/05/1998;0,97;V
10/05/1998;0,97;V
11/05/1998;1,01;V
12/05/1998;1,05;V
13/05/1998;1,02;V
14/05/1998;0,96;V
15/05/1998;0,92;V
16/05/1998;0,88;V
17/05/1998;0,88;V
18/05/1998;0,88;V
19/05/1998;0,88;V
20/05/1998;0,87;V
21/05/1998;0,87;V
22/05/1998;0,86;V
23/05/1998;0,82;V
24/05/1998;0,82;V
25/05/1998;0,81;V
26/05/1998;0,81;V
27/05/1998;0,80;V
28/05/1998;0,81;V
29/05/1998;0,82;V
30/05/1998;0,81;V
31/05/1998;0,81;V
01/06/1998;0,80;V
02/06/1998;0,80;V
03/06/1998;0,80;V
04/06/1998;0,80;V
05/06/1998;0,80;V
06/06/1998;0,80;V
07/06/1998;0,80;V
08/06/1998;0,80;V
09/06/1998;0,81;V
10/06/1998;0,82;V
11/06/1998;0,83;V
12/06/1998;0,82;V
13/06/1998;0,82;V
14/06/1998;0,81;V
15/06/1998;0,81;V
16/06/1998;0,82;V
17/06/1998;0,80;V
18/06/1998;0,80;V
19/06/1998;0,79;V
20/06/1998;0,79;V
21/06/1998;0,79;V
22/06/1998;0,79;V
23/06/1998;0,79;V
24/06/1998;0,79;V
25/06/1998;0,79;V
26/06/1998;0,79;V
27/06/1998;0,79;V
28/06/1998;0,79;V
29/06/1998;0,78;V
30/06/1998;0,78;V
01/07/1998;0,78;V
02/07/1998;0,79;V
03/07/1998;0,78;V
04/07/1998;0,78;V
05/07/1998;0,78;V
06/07/1998;0,78;V
07/07/1998;0,78;V
08/07/1998;0,78;V
09/07/1998;0,78;V
10/07/1998;0,79;V
11/07/1998;0,79;V
12/07/1998;0,79;V
13/07/1998;0,78;V
14/07/1998;0,79;V
15/07/1998;0,78;V
16/07/1998;0,78;V
17/07/1998;0,78;V
18/07/1998;0,70;V
19/07/1998;0,69;V
20/07/1998;0,69;V
21/07/1998;0,69;V
22/07/1998;0,69;V
23/07/1998;0,69;V
24/07/1998;0,69;V
25/07/1998;0,69;V
26/07/1998;0,69;V
27/07/1998;0,69;V
28/07/1998;0,69;V
29/07/1998;0,69;V
30/07/1998;0,69;V
31/07/1998;0,69;V
01/08/1998;0,69;V
02/08/1998;0,69;V
03/08/1998;0,69;V
04/08/1998;0,69;V
05/08/1998;0,69;V
06/08/1998;0,69;V
07/08/1998;0,69;V
08/08/1998;0,69;V
09/08/1998;0,69;V
10/08/1998;0,69;V
11/08/1998;0,69;V
12/08/1998;0,69;V
13/08/1998;0,69;V
14/08/1998;0,69;V
15/08/1998;0,69;V
16/08/1998;;@
17/08/1998;0,69;V
18/08/1998;0,70;V
19/08/1998;0,71;V
20/08/1998;0,70;V
21/08/1998;0,69;V
22/08/1998;0,72;V
23/08/1998;0,71;V
24/08/1998;0,72;V
25/08/1998;0,72;V
26/08/1998;0,71;V
27/08/1998;0,71;V
28/08/1998;0,72;V
29/08/1998;0,72;V
30/08/1998;0,72;V
31/08/1998;0,71;V
01/09/1998;0,71;V
02/09/1998;0,80;V
03/09/1998;0,71;V
04/09/1998;0,70;V
05/09/1998;0,72;V
06/09/1998;0,72;V
07/09/1998;0,71;V
08/09/1998;0,71;V
09/09/1998;0,71;V
10/09/1998;0,72;V
11/09/1998;0,71;V
12/09/1998;0,73;V
13/09/1998;0,72;V
14/09/1998;0,73;V
15/09/1998;0,72;V
16/09/1998;0,72;V
17/09/1998;0,72;V
18/09/1998;0,72;V
19/09/1998;0,72;V
20/09/1998;0,72;V
21/09/1998;0,73;V
22/09/1998;0,73;V
23/09/1998;0,73;V
24/09/1998;0,73;V
25/09/1998;0,74;V
26/09/1998;0,80;V
27/09/1998;0,83;V
28/09/1998;0,78;V
29/09/1998;0,75;V
30/09/1998;0,74;V
01/10/1998;0,79;V
02/10/1998;0,76;V
03/10/1998;0,74;V
04/10/1998;0,75;V
05/10/1998;1,30;V
06/10/1998;2,60;V
07/10/1998;1,47;V
08/10/1998;1,06;V
09/10/1998;1,05;V
10/10/1998;1,06;V
11/10/1998;1,10;V
12/10/1998;1,09;V
13/10/1998;1,07;V
14/10/1998;1,07;V
15/10/1998;1,07;V
16/10/1998;1,07;V
17/10/1998;1,06;V
18/10/1998;1,08;V
19/10/1998;1,68;V
20/10/1998;1,90;V
21/10/1998;1,29;V
22/10/1998;1,20;V
23/10/1998;1,20;V
24/10/1998;1,18;V
25/10/1998;1,18;V
26/10/1998;1,18;V
27/10/1998;1,14;V
28/10/1998;1,06;V
29/10/1998;1,02;V
30/10/1998;1,03;V
31/10/1998;1,03;V
01/11/1998;1,05;V
02/11/1998;1,04;V
03/11/1998;1,09;V
04/11/1998;1,85;V
05/11/1998;2,49;V
06/11/1998;1,71;V
07/11/1998;1,27;V
08/11/1998;1,18;V
09/11/1998;1,18;V
10/11/1998;1,21;V
11/11/1998;1,25;V
12/11/1998;1,18;V
13/11/1998;1,14;V
14/11/1998;1,10;V
15/11/1998;1,10;V
16/11/1998;1,10;V
17/11/1998;1,04;V
18/11/1998;0,87;V
19/11/1998;0,82;V
20/11/1998;0,93;V
21/11/1998;0,93;V
22/11/1998;0,94;V
23/11/1998;0,97;V
24/11/1998;1,04;V
25/11/1998;1,08;V
26/11/1998;1,08;V
27/11/1998;1,08;V
28/11/1998;1,08;V
29/11/1998;1,08;V
30/11/1998;0,88;V
01/12/1998;0,77;V
02/12/1998;0,85;V
03/12/1998;0,85;V
04/12/1998;1,04;V
05/12/1998;1,14;V
06/12/1998;1,12;V
07/12/1998;1,03;V
08/12/1998;0,86;V
09/12/1998;0,76;V
10/12/1998;0,76;V
11/12/1998;1,10;V
12/12/1998;0,79;V
13/12/1998;0,78;V
14/12/1998;0,78;V
15/12/1998;0,76;V
16/12/1998;0,76;V
17/12/1998;0,75;V
18/12/1998;0,83;V
19/12/1998;1,25;V
20/12/1998;0,78;V
21/12/1998;0,84;V
22/12/1998;0,82;V
23/12/1998;0,79;V
24/12/1998;0,79;V
25/12/1998;0,78;V
26/12/1998;0,78;V
27/12/1998;0,78;V
28/12/1998;0,78;V
29/12/1998;0,78;V
30/12/1998;0,78;V
31/12/1998;0,78;V
01/01/1999;0,78;V
02/01/1999;0,79;V
03/01/1999;0,79;V
04/01/1999;0,79;V
05/01/1999;0,79;V
06/01/1999;0,79;V
07/01/1999;0,79;V
08/01/1999;0,79;V
09/01/1999;0,80;V
10/01/1999;0,83;V
11/01/1999;1,26;V
12/01/1999;1,65;V
13/01/1999;1,81;V
14/01/1999;1,65;V
15/01/1999;1,40;V
16/01/1999;1,29;V
17/01/1999;1,29;V
18/01/1999;1,18;V
19/01/1999;1,11;V
20/01/1999;1,11;V
21/01/1999;1,11;V
22/01/1999;1,11;V
23/01/1999;1,10;V
24/01/1999;1,10;V
25/01/1999;1,10;V
26/01/1999;1,10;V
27/01/1999;1,25;V
28/01/1999;1,37;V
29/01/1999;1,24;V
30/01/1999;1,20;V
31/01/1999;1,19;V
01/02/1999;1,14;V
02/02/1999;0,98;V
03/02/1999;0,89;V
04/02/1999;0,89;V
05/02/1999;0,88;V
06/02/1999;1,00;V
07/02/1999;1,04;V
08/02/1999;0,92;V
09/02/1999;1,15;V
10/02/1999;2,04;V
11/02/1999;2,03;V
12/02/1999;1,31;V
13/02/1999;1,30;V
14/02/1999;1,29;V
15/02/1999;1,35;V
16/02/1999;1,37;V
17/02/1999;1,24;V
18/02/1999;1,19;V
19/02/1999;1,19;V
20/02/1999;1,20;V
21/02/1999;1,20;V
22/02/1999;1,23;V
23/02/1999;1,20;V
24/02/1999;1,15;V
25/02/1999;1,18;V
26/02/1999;1,18;V
27/02/1999;1,11;V
28/02/1999;1,11;V
01/03/1999;1,08;V
02/03/1999;1,04;V
03/03/1999;1,04;V
04/03/1999;1,04;V
05/03/1999;1,30;V
06/03/1999;1,48;V
07/03/1999;1,50;V
08/03/1999;1,42;V
09/03/1999;1,19;V
10/03/1999;1,23;V
11/03/1999;1,32;V
12/03/1999;1,23;V
13/03/1999;1,16;V
14/03/1999;1,12;V
15/03/1999;1,12;V
16/03/1999;1,12;V
17/03/1999;1,12;V
18/03/1999;1,06;V
19/03/1999;1,03;V
20/03/1999;1,04;V
21/03/1999;1,04;V
22/03/1999;1,11;V
23/03/1999;1,11;V
24/03/1999;1,04;V
25/03/1999;1,04;V
26/03/1999;1,07;V
27/03/1999;1,41;V
28/03/1999;1,52;V
29/03/1999;1,49;V
30/03/1999;1,29;V
31/03/1999;1,24;V
01/04/1999;1,24;V
02/04/1999;1,25;V
03/04/1999;1,24;V
04/04/1999;1,22;V
05/04/1999;1,19;V
06/04/1999;1,16;V
07/04/1999;1,16;V
08/04/1999;1,26;V
09/04/1999;1,24;V
10/04/1999;1,22;V
11/04/1999;1,22;V
12/04/1999;1,25;V
13/04/1999;1,51;V
14/04/1999;1,57;V
15/04/1999;1,39;V
16/04/1999;1,43;V
17/04/1999;1,49;V
18/04/1999;1,49;V
19/04/1999;1,35;V
20/04/1999;1,34;V
21/04/1999;1,45;V
22/04/1999;1,42;V
23/04/1999;1,35;V
24/04/1999;1,36;V
25/04/1999;1,36;V
26/04/1999;1,41;V
27/04/1999;1,45;V
28/04/1999;1,45;V
29/04/1999;1,48;V
30/04/1999;1,48;V
01/05/1999;1,47;V
02/05/1999;1,47;V
03/05/1999;1,46;V
04/05/1999;1,52;V
05/05/1999;1,57;V
06/05/1999;1,49;V
07/05/1999;1,48;V
08/05/1999;1,44;V
09/05/1999;1,40;V
10/05/1999;1,42;V
11/05/1999;1,37;V
12/05/1999;1,33;V
13/05/1999;1,34;V
14/05/1999;1,39;V
15/05/1999;1,43;V
16/05/1999;1,43;V
17/05/1999;1,45;V
18/05/1999;1,46;V
19/05/1999;1,38;V
20/05/1999;1,39;V
21/05/1999;1,43;V
22/05/1999;1,39;V
23/05/1999;1,38;V
24/05/1999;1,35;V
25/05/1999;1,33;V
26/05/1999;1,31;V
27/05/1999;1,28;V
28/05/1999;1,28;V
29/05/1999;1,27;V
30/05/1999;1,23;V
31/05/1999;1,26;V
01/06/1999;1,27;V
02/06/1999;1,27;V
03/06/1999;1,25;V
04/06/1999;1,23;V
05/06/1999;1,20;V
06/06/1999;1,20;V
07/06/1999;1,22;V
08/06/1999;1,24;V
09/06/1999;1,23;V
10/06/1999;1,23;V
11/06/1999;1,23;V
12/06/1999;1,23;V
13/06/1999;1,23;V
14/06/1999;1,23;V
15/06/1999;1,24;V
16/06/1999;1,27;V
17/06/1999;1,27;V
18/06/1999;1,25;V
19/06/1999;1,24;V
20/06/1999;1,37;V
21/06/1999;1,27;V
22/06/1999;1,23;V
23/06/1999;1,21;V
24/06/1999;1,20;V
25/06/1999;1,20;V
26/06/1999;1,19;V
27/06/1999;1,19;V
28/06/1999;1,19;V
29/06/1999;1,18;V
30/06/1999;1,19;V
01/07/1999;1,37;V
02/07/1999;1,36;V
03/07/1999;1,32;V
04/07/1999;1,38;V
05/07/1999;1,38;V
06/07/1999;1,38;V
07/07/1999;1,39;V
08/07/1999;1,39;V
09/07/1999;1,41;V
10/07/1999;1,41;V
11/07/1999;1,40;V
12/07/1999;1,39;V
13/07/1999;1,38;V
14/07/1999;1,37;V
15/07/1999;1,38;V
16/07/1999;1,38;V
17/07/1999;1,37;V
18/07/1999;1,37;V
19/07/1999;1,43;V
20/07/1999;1,44;V
21/07/1999;1,44;V
22/07/1999;1,44;V
23/07/1999;1,43;V
24/07/1999;1,43;V
25/07/1999;1,44;V
26/07/1999;1,44;V
27/07/1999;1,43;V
28/07/1999;1,43;V
29/07/1999;1,42;V
30/07/1999;1,41;V
31/07/1999;1,41;V
01/08/1999;1,41;V
02/08/1999;1,40;V
03/08/1999;1,40;V
04/08/1999;1,40;V
05/08/1999;1,39;V
06/08/1999;1,39;V
07/08/1999;1,39;V
08/08/1999;1,38;V
09/08/1999;1,39;V
10/08/1999;1,41;V
11/08/1999;1,42;V
12/08/1999;1,42;V
13/08/1999;1,42;V
14/08/1999;1,44;V
15/08/1999;1,43;V
16/08/1999;1,42;V
17/08/1999;1,41;V
18/08/1999;1,41;V
19/08/1999;1,41;V
20/08/1999;1,41;V
21/08/1999;1,40;V
22/08/1999;1,40;V
23/08/1999;1,41;V
24/08/1999;1,40;V
25/08/1999;1,40;V
26/08/1999;1,39;V
27/08/1999;1,39;V
28/08/1999;1,40;V
29/08/1999;1,41;V
30/08/1999;1,43;V
31/08/1999;1,42;V
01/09/1999;1,41;V
02/09/1999;1,40;V
03/09/1999;1,41;V
04/09/1999;1,43;V
05/09/1999;1,43;V
06/09/1999;1,42;V
07/09/1999;1,41;V
08/09/1999;1,40;V
09/09/1999;1,41;V
10/09/1999;1,42;V
11/09/1999;1,42;V
12/09/1999;1,42;V
13/09/1999;1,42;V
14/09/1999;1,42;V
15/09/1999;1,35;V
16/09/1999;1,33;V
17/09/1999;1,32;V
18/09/1999;1,33;V
19/09/1999;1,33;V
20/09/1999;1,39;V
21/09/1999;1,51;V
22/09/1999;1,45;V
23/09/1999;1,31;V
24/09/1999;1,27;V
25/09/1999;1,24;V
26/09/1999;1,24;V
27/09/1999;1,25;V
28/09/1999;1,24;V
29/09/1999;1,22;V
30/09/1999;1,21;V
01/10/1999;1,16;V
02/10/1999;1,14;V
03/10/1999;1,13;V
04/10/1999;1,25;V
05/10/1999;1,25;V
06/10/1999;1,20;V
07/10/1999;1,16;V
08/10/1999;1,16;V
09/10/1999;1,16;V
10/10/1999;1,15;V
11/10/1999;1,15;V
12/10/1999;1,15;V
13/10/1999;1,16;V
14/10/1999;1,14;V
15/10/1999;1,14;V
16/10/1999;1,19;V
17/10/1999;1,23;V
18/10/1999;1,24;V
19/10/1999;1,25;V
20/10/1999;1,25;V
21/10/1999;1,26;V
22/10/1999;1,24;V
23/10/1999;1,39;V
24/10/1999;1,59;V
25/10/1999;1,65;V
26/10/1999;1,46;V
27/10/1999;1,17;V
28/10/1999;1,16;V
29/10/1999;1,17;V
30/10/1999;1,18;V
31/10/1999;1,18;V
01/11/1999;1,17;V
02/11/1999;1,17;V
03/11/1999;1,19;V
04/11/1999;1,21;V
05/11/1999;1,21;V
06/11/1999;1,22;V
07/11/1999;1,22;V
08/11/1999;1,22;V
09/11/1999;1,22;V
10/11/1999;1,17;V
11/11/1999;1,12;V
12/11/1999;1,13;V
13/11/1999;1,12;V
14/11/1999;1,13;V
15/11/1999;1,12;V
16/11/1999;1,13;V
17/11/1999;1,15;V
18/11/1999;1,14;V
19/11/1999;1,32;V
20/11/1999;1,26;V
21/11/1999;1,50;V
22/11/1999;1,54;V
23/11/1999;1,49;V
24/11/1999;1,40;V
25/11/1999;1,38;V
26/11/1999;1,34;V
27/11/1999;1,30;V
28/11/1999;1,28;V
29/11/1999;1,16;V
30/11/1999;1,09;V
01/12/1999;1,11;V
02/12/1999;1,25;V
03/12/1999;1,38;V
04/12/1999;1,39;V
05/12/1999;1,42;V
06/12/1999;1,42;V
07/12/1999;1,42;V
08/12/1999;1,39;V
09/12/1999;;@
10/12/1999;;@
11/12/1999;;@
12/12/1999;;@
13/12/1999;;@
14/12/1999;;@
15/12/1999;;@
16/12/1999;;@
17/12/1999;;@
18/12/1999;;@
19/12/1999;;@
20/12/1999;;@
21/12/1999;;@
22/12/1999;;@
23/12/1999;;@
24/12/1999;;@
25/12/1999;;@
26/12/1999;;@
27/12/1999;;@
28/12/1999;;@
29/12/1999;;@
30/12/1999;;@
31/12/1999;;@
01/01/2000;1,27;V
02/01/2000;1,25;V
03/01/2000;1,32;V
04/01/2000;1,37;V
05/01/2000;1,38;V
06/01/2000;1,35;V
07/01/2000;1,39;V
08/01/2000;1,38;V
09/01/2000;1,36;V
10/01/2000;1,31;V
11/01/2000;1,26;V
12/01/2000;1,24;V
13/01/2000;1,24;V
14/01/2000;1,24;V
15/01/2000;1,25;V
16/01/2000;1,26;V
17/01/2000;1,25;V
18/01/2000;1,26;V
19/01/2000;1,25;V
20/01/2000;1,22;V
21/01/2000;1,22;V
22/01/2000;1,23;V
23/01/2000;1,23;V
24/01/2000;1,23;V
25/01/2000;1,23;V
26/01/2000;1,22;V
27/01/2000;1,22;V
28/01/2000;1,25;V
29/01/2000;1,30;V
30/01/2000;1,38;V
31/01/2000;1,33;V
01/02/2000;1,31;V
02/02/2000;1,35;V
03/02/2000;1,43;V
04/02/2000;1,37;V
05/02/2000;1,33;V
06/02/2000;1,33;V
07/02/2000;1,31;V
08/02/2000;1,29;V
09/02/2000;1,29;V
10/02/2000;1,29;V
11/02/2000;1,29;V
12/02/2000;1,29;V
13/02/2000;1,29;V
14/02/2000;1,29;V
15/02/2000;1,28;V
16/02/2000;1,34;V
17/02/2000;1,37;V
18/02/2000;1,32;V
19/02/2000;1,30;V
20/02/2000;1,29;V
21/02/2000;1,31;V
22/02/2000;1,33;V
23/02/2000;1,33;V
24/02/2000;1,31;V
25/02/2000;1,31;V
26/02/2000;1,31;V
27/02/2000;1,30;V
28/02/2000;1,29;V
29/02/2000;1,12;V
01/03/2000;1,20;V
02/03/2000;1,24;V
03/03/2000;1,20;V
04/03/2000;;@
05/03/2000;1,45;V
06/03/2000;1,43;V
07/03/2000;1,43;V
08/03/2000;1,40;V
09/03/2000;1,38;V
10/03/2000;1,32;V
11/03/2000;1,15;V
12/03/2000;1,09;V
13/03/2000;1,11;V
14/03/2000;1,13;V
15/03/2000;1,13;V
16/03/2000;1,12;V
17/03/2000;1,10;V
18/03/2000;1,08;V
19/03/2000;1,07;V
20/03/2000;1,06;V
21/03/2000;1,06;V
22/03/2000;1,06;V
23/03/2000;1,06;V
24/03/2000;;@
25/03/2000;;@
26/03/2000;1,13;V
27/03/2000;1,14;V
28/03/2000;1,15;V
29/03/2000;1,18;V
30/03/2000;1,19;V
31/03/2000;1,16;V
01/04/2000;1,12;V
02/04/2000;1,11;V
03/04/2000;1,12;V
04/04/2000;1,17;V
05/04/2000;1,18;V
06/04/2000;1,15;V
07/04/2000;1,12;V
08/04/2000;1,12;V
09/04/2000;1,11;V
10/04/2000;1,12;V
11/04/2000;1,13;V
12/04/2000;1,14;V
13/04/2000;1,12;V
14/04/2000;1,13;V
15/04/2000;1,11;V
16/04/2000;1,10;V
17/04/2000;1,10;V
18/04/2000;1,12;V
19/04/2000;1,14;V
20/04/2000;1,12;V
21/04/2000;1,11;V
22/04/2000;1,10;V
23/04/2000;1,10;V
24/04/2000;1,10;V
25/04/2000;1,10;V
26/04/2000;1,09;V
27/04/2000;1,07;V
28/04/2000;1,08;V
29/04/2000;1,09;V
30/04/2000;1,11;V
01/05/2000;1,08;V
02/05/2000;1,07;V
03/05/2000;1,06;V
04/05/2000;1,06;V
05/05/2000;1,08;V
06/05/2000;1,10;V
07/05/2000;1,08;V
08/05/2000;1,10;V
09/05/2000;1,11;V
10/05/2000;1,12;V
11/05/2000;1,12;V
12/05/2000;1,12;V
13/05/2000;1,11;V
14/05/2000;1,10;V
15/05/2000;1,13;V
16/05/2000;1,13;V
17/05/2000;1,12;V
18/05/2000;1,14;V
19/05/2000;1,14;V
20/05/2000;1,13;V
21/05/2000;1,13;V
22/05/2000;1,13;V
23/05/2000;1,12;V
24/05/2000;1,12;V
25/05/2000;1,11;V
26/05/2000;1,11;V
27/05/2000;1,11;V
28/05/2000;1,11;V
29/05/2000;1,12;V
30/05/2000;1,14;V
31/05/2000;1,13;V
01/06/2000;1,12;V
02/06/2000;1,13;V
03/06/2000;1,13;V
04/06/2000;1,12;V
05/06/2000;1,13;V
06/06/2000;1,15;V
07/06/2000;1,15;V
08/06/2000;1,15;V
09/06/2000;1,15;V
10/06/2000;1,16;V
11/06/2000;1,17;V
12/06/2000;1,21;V
13/06/2000;1,20;V
14/06/2000;1,18;V
15/06/2000;1,17;V
16/06/2000;1,17;V
17/06/2000;1,16;V
18/06/2000;1,16;V
19/06/2000;1,16;V
20/06/2000;1,16;V
21/06/2000;1,15;V
22/06/2000;1,14;V
23/06/2000;1,15;V
24/06/2000;1,16;V
25/06/2000;1,17;V
26/06/2000;1,18;V
27/06/2000;1,18;V
28/06/2000;1,18;V
29/06/2000;1,16;V
30/06/2000;1,14;V
01/07/2000;1,31;V
02/07/2000;1,34;V
03/07/2000;1,33;V
04/07/2000;1,33;V
05/07/2000;1,33;V
06/07/2000;1,33;V
07/07/2000;1,33;V
08/07/2000;1,33;V
09/07/2000;1,33;V
10/07/2000;1,33;V
11/07/2000;1,29;V
12/07/2000;1,33;V
13/07/2000;1,38;V
14/07/2000;1,39;V
15/07/2000;1,39;V
16/07/2000;1,39;V
17/07/2000;1,39;V
18/07/2000;1,39;V
19/07/2000;1,39;V
20/07/2000;1,39;V
21/07/2000;1,39;V
22/07/2000;1,39;V
23/07/2000;1,39;V
24/07/2000;1,39;V
25/07/2000;1,39;V
26/07/2000;1,39;V
27/07/2000;1,38;V
28/07/2000;1,39;V
29/07/2000;1,38;V
30/07/2000;1,38;V
31/07/2000;1,38;V
01/08/2000;1,41;V
02/08/2000;1,43;V
03/08/2000;1,43;V
04/08/2000;1,43;V
05/08/2000;1,43;V
06/08/2000;1,37;V
07/08/2000;1,38;V
08/08/2000;1,42;V
09/08/2000;1,42;V
10/08/2000;1,42;V
11/08/2000;1,42;V
12/08/2000;1,40;V
13/08/2000;1,40;V
14/08/2000;1,40;V
15/08/2000;1,40;V
16/08/2000;1,40;V
17/08/2000;1,40;V
18/08/2000;1,40;V
19/08/2000;1,40;V
20/08/2000;1,40;V
21/08/2000;1,40;V
22/08/2000;1,40;V
23/08/2000;1,40;V
24/08/2000;1,39;V
25/08/2000;1,39;V
26/08/2000;1,39;V
27/08/2000;1,39;V
28/08/2000;1,39;V
29/08/2000;1,39;V
30/08/2000;1,39;V
31/08/2000;1,41;V
01/09/2000;1,43;V
02/09/2000;1,43;V
03/09/2000;1,42;V
04/09/2000;1,42;V
05/09/2000;1,42;V
06/09/2000;1,43;V
07/09/2000;1,44;V
08/09/2000;1,44;V
09/09/2000;1,44;V
10/09/2000;1,43;V
11/09/2000;1,43;V
12/09/2000;1,44;V
13/09/2000;1,45;V
14/09/2000;1,44;V
15/09/2000;1,44;V
16/09/2000;1,43;V
17/09/2000;1,43;V
18/09/2000;1,42;V
19/09/2000;1,42;V
20/09/2000;1,42;V
21/09/2000;1,42;V
22/09/2000;1,43;V
23/09/2000;1,43;V
24/09/2000;1,44;V
25/09/2000;1,45;V
26/09/2000;1,45;V
27/09/2000;1,45;V
28/09/2000;1,46;V
29/09/2000;1,46;V
30/09/2000;1,46;V
01/10/2000;1,29;V
02/10/2000;1,21;V
03/10/2000;1,21;V
04/10/2000;1,21;V
05/10/2000;1,20;V
06/10/2000;1,18;V
07/10/2000;1,17;V
08/10/2000;1,19;V
09/10/2000;1,20;V
10/10/2000;1,20;V
11/10/2000;1,20;V
12/10/2000;1,20;V
13/10/2000;1,18;V
14/10/2000;1,18;V
15/10/2000;1,18;V
16/10/2000;1,18;V
17/10/2000;1,18;V
18/10/2000;1,20;V
19/10/2000;1,24;V
20/10/2000;1,24;V
21/10/2000;1,24;V
22/10/2000;1,24;V
23/10/2000;1,24;V
24/10/2000;1,24;V
25/10/2000;1,24;V
26/10/2000;1,24;V
27/10/2000;1,24;V
28/10/2000;1,23;V
29/10/2000;1,23;V
30/10/2000;1,24;V
31/10/2000;1,24;V
01/11/2000;1,24;V
02/11/2000;1,24;V
03/11/2000;1,25;V
04/11/2000;1,26;V
05/11/2000;1,25;V
06/11/2000;1,34;V
07/11/2000;1,57;V
08/11/2000;1,44;V
09/11/2000;1,29;V
10/11/2000;1,27;V
11/11/2000;1,23;V
12/11/2000;1,23;V
13/11/2000;1,23;V
14/11/2000;1,24;V
15/11/2000;1,25;V
16/11/2000;1,26;V
17/11/2000;1,26;V
18/11/2000;1,24;V
19/11/2000;1,24;V
20/11/2000;1,31;V
21/11/2000;1,65;V
22/11/2000;1,50;V
23/11/2000;1,23;V
24/11/2000;1,22;V
25/11/2000;1,22;V
26/11/2000;1,21;V
27/11/2000;1,21;V
28/11/2000;1,21;V
29/11/2000;1,22;V
30/11/2000;1,22;V
01/12/2000;1,22;V
02/12/2000;1,22;V
03/12/2000;1,22;V
04/12/2000;1,22;V
05/12/2000;1,22;V
06/12/2000;1,22;V
07/12/2000;1,22;V
08/12/2000;1,22;V
09/12/2000;1,22;V
10/12/2000;1,22;V
11/12/2000;1,22;V
12/12/2000;1,21;V
13/12/2000;1,21;V
14/12/2000;1,21;V
15/12/2000;1,22;V
16/12/2000;1,25;V
17/12/2000;1,26;V
18/12/2000;1,26;V
19/12/2000;1,26;V
20/12/2000;1,23;V
21/12/2000;1,22;V
22/12/2000;1,22;V
23/12/2000;1,22;V
24/12/2000;1,22;V
25/12/2000;1,31;V
26/12/2000;1,39;V
27/12/2000;1,46;V
28/12/2000;1,74;V
29/12/2000;1,71;V
30/12/2000;1,57;V
31/12/2000;1,46;V
01/01/2002;1,08;P
02/01/2002;1,07;P
03/01/2002;1,07;P
04/01/2002;1,07;P
05/01/2002;1,07;P
06/01/2002;1,07;P
07/01/2002;1,07;P
08/01/2002;1,07;P
09/01/2002;1,07;P
10/01/2002;1,07;P
11/01/2002;1,07;P
12/01/2002;1,07;P
13/01/2002;1,07;P
14/01/2002;1,07;P
15/01/2002;1,07;P
16/01/2002;1,08;P
17/01/2002;1,08;P
18/01/2002;1,08;P
19/01/2002;1,08;P
20/01/2002;1,08;P
21/01/2002;1,08;P
22/01/2002;1,08;P
23/01/2002;1,08;P
24/01/2002;1,09;P
25/01/2002;1,08;P
26/01/2002;1,08;P
27/01/2002;1,08;P
28/01/2002;1,08;P
29/01/2002;1,08;P
30/01/2002;1,08;P
31/01/2002;1,08;P
01/02/2002;1,08;P
02/02/2002;1,07;P
03/02/2002;1,07;P
04/02/2002;1,07;P
05/02/2002;1,08;P
06/02/2002;1,10;P
07/02/2002;1,08;P
08/02/2002;1,08;P
09/02/2002;1,08;P
10/02/2002;1,08;P
11/02/2002;1,08;P
12/02/2002;1,07;P
13/02/2002;1,08;P
14/02/2002;1,07;P
15/02/2002;1,07;P
16/02/2002;1,09;P
17/02/2002;1,07;P
18/02/2002;1,07;P
19/02/2002;1,06;P
20/02/2002;1,08;P
21/02/2002;1,13;P
22/02/2002;1,08;P
23/02/2002;1,08;P
24/02/2002;1,08;P
25/02/2002;1,06;P
26/02/2002;1,06;P
27/02/2002;1,06;P
28/02/2002;1,06;P
01/03/2002;1,06;P
02/03/2002;1,06;P
03/03/2002;1,06;P
04/03/2002;1,05;P
05/03/2002;1,06;P
06/03/2002;1,05;P
07/03/2002;1,03;P
08/03/2002;1,03;P
09/03/2002;1,04;P
10/03/2002;1,04;P
11/03/2002;1,03;P
12/03/2002;1,03;P
13/03/2002;1,04;P
14/03/2002;1,05;P
15/03/2002;1,04;P
16/03/2002;1,03;P
17/03/2002;1,05;P
18/03/2002;1,05;P
19/03/2002;1,06;P
20/03/2002;1,04;P
21/03/2002;1,04;P
22/03/2002;1,07;P
23/03/2002;1,06;P
24/03/2002;1,03;P
25/03/2002;1,02;P
26/03/2002;1,02;P
27/03/2002;1,01;P
28/03/2002;1,02;P
29/03/2002;1,03;P
30/03/2002;1,03;P
31/03/2002;1,05;P
01/04/2002;1,06;P
02/04/2002;1,06;P
03/04/2002;1,12;P
04/04/2002;1,14;P
05/04/2002;1,12;P
06/04/2002;1,05;P
07/04/2002;1,03;P
08/04/2002;1,05;P
09/04/2002;1,08;P
10/04/2002;1,08;P
11/04/2002;1,09;P
12/04/2002;1,15;P
13/04/2002;1,10;P
14/04/2002;1,07;P
15/04/2002;1,06;P
16/04/2002;1,06;P
17/04/2002;1,06;P
18/04/2002;1,04;P
19/04/2002;1,04;P
20/04/2002;1,05;P
21/04/2002;1,02;P
22/04/2002;1,02;P
23/04/2002;1,05;P
24/04/2002;1,09;P
25/04/2002;1,09;P
26/04/2002;1,12;P
27/04/2002;1,15;P
28/04/2002;1,11;P
29/04/2002;1,11;P
30/04/2002;1,10;P
01/05/2002;1,13;P
02/05/2002;1,16;P
03/05/2002;1,16;P
04/05/2002;1,16;P
05/05/2002;1,13;P
06/05/2002;1,11;P
07/05/2002;1,15;P
08/05/2002;1,16;P
09/05/2002;1,07;P
10/05/2002;1,07;P
11/05/2002;1,11;P
12/05/2002;1,11;P
13/05/2002;1,08;P
14/05/2002;1,06;P
15/05/2002;1,07;P
16/05/2002;1,08;P
17/05/2002;1,07;P
18/05/2002;1,02;P
19/05/2002;1,03;P
20/05/2002;1,06;P
21/05/2002;1,05;P
22/05/2002;1,03;P
23/05/2002;1,05;P
24/05/2002;1,02;P
25/05/2002;1,02;P
26/05/2002;1,05;P
27/05/2002;1,05;P
28/05/2002;1,03;P
29/05/2002;1,00;P
30/05/2002;0,99;P
31/05/2002;0,99;P
01/06/2002;1,01;P
02/06/2002;1,05;P
03/06/2002;1,02;P
04/06/2002;1,04;P
05/06/2002;1,05;P
06/06/2002;1,04;P
07/06/2002;1,01;P
08/06/2002;1,00;P
09/06/2002;1,04;P
10/06/2002;1,03;P
11/06/2002;1,01;P
12/06/2002;1,00;P
13/06/2002;1,00;P
14/06/2002;1,01;P
15/06/2002;1,01;P
16/06/2002;1,01;P
17/06/2002;1,02;P
18/06/2002;1,04;P
19/06/2002;1,07;P
20/06/2002;1,08;P
21/06/2002;1,08;P
22/06/2002;1,05;P
23/06/2002;1,04;P
24/06/2002;1,06;P
25/06/2002;1,03;P
26/06/2002;1,04;P
27/06/2002;1,05;P
28/06/2002;1,03;P
29/06/2002;0,98;P
30/06/2002;1,07;P
01/07/2002;1,09;P
02/07/2002;1,11;P
03/07/2002;1,11;P
04/07/2002;1,12;P
05/07/2002;1,12;P
06/07/2002;1,13;P
07/07/2002;1,12;P
08/07/2002;1,12;P
09/07/2002;1,11;P
10/07/2002;1,09;P
11/07/2002;1,11;P
12/07/2002;1,13;P
13/07/2002;1,13;P
14/07/2002;1,13;P
15/07/2002;1,07;P
16/07/2002;1,04;P
17/07/2002;1,03;P
18/07/2002;1,06;P
19/07/2002;1,10;P
20/07/2002;1,11;P
21/07/2002;1,11;P
22/07/2002;1,12;P
23/07/2002;1,13;P
24/07/2002;1,13;P
25/07/2002;1,13;P
26/07/2002;1,13;P
27/07/2002;1,13;P
28/07/2002;1,13;P
29/07/2002;1,13;P
30/07/2002;1,13;P
31/07/2002;1,13;P
01/08/2002;1,12;P
02/08/2002;1,11;P
03/08/2002;1,12;P
04/08/2002;1,13;P
05/08/2002;1,14;P
06/08/2002;1,16;P
07/08/2002;1,07;P
08/08/2002;1,07;P
09/08/2002;1,05;P
10/08/2002;1,01;P
11/08/2002;1,05;P
12/08/2002;0,95;P
13/08/2002;0,95;P
14/08/2002;0,96;P
15/08/2002;0,97;P
16/08/2002;0,98;P
17/08/2002;0,99;P
18/08/2002;0,99;P
19/08/2002;0,98;P
20/08/2002;0,99;P
21/08/2002;1,00;P
22/08/2002;1,02;P
23/08/2002;1,03;P
24/08/2002;1,00;P
25/08/2002;1,01;P
26/08/2002;1,02;P
27/08/2002;1,02;P
28/08/2002;1,04;P
29/08/2002;1,05;P
30/08/2002;1,05;P
31/08/2002;1,05;P
01/09/2002;1,05;P
02/09/2002;1,02;P
03/09/2002;1,03;P
04/09/2002;1,07;P
05/09/2002;1,09;P
06/09/2002;1,11;P
07/09/2002;1,12;P
08/09/2002;1,11;P
09/09/2002;1,09;P
10/09/2002;1,11;P
11/09/2002;1,11;P
12/09/2002;1,12;P
13/09/2002;1,11;P
14/09/2002;1,12;P
15/09/2002;1,15;P
16/09/2002;1,13;P
17/09/2002;1,13;P
18/09/2002;1,12;P
19/09/2002;1,12;P
20/09/2002;1,12;P
21/09/2002;1,15;P
22/09/2002;1,19;P
23/09/2002;1,20;P
24/09/2002;1,18;P
25/09/2002;1,14;P
26/09/2002;1,12;P
27/09/2002;1,11;P
28/09/2002;1,10;P
29/09/2002;1,10;P
30/09/2002;1,10;P
01/10/2002;1,10;P
02/10/2002;1,10;P
03/10/2002;1,11;P
04/10/2002;1,10;P
05/10/2002;1,07;P
06/10/2002;1,07;P
07/10/2002;1,07;P
08/10/2002;1,06;P
09/10/2002;1,07;P
10/10/2002;1,08;P
11/10/2002;1,08;P
12/10/2002;1,06;P
13/10/2002;1,03;P
14/10/2002;1,01;P
15/10/2002;1,01;P
16/10/2002;1,01;P
17/10/2002;1,03;P
18/10/2002;1,02;P
19/10/2002;1,00;P
20/10/2002;1,00;P
21/10/2002;1,01;P
22/10/2002;1,09;P
23/10/2002;1,05;P
24/10/2002;1,03;P
25/10/2002;1,01;P
26/10/2002;1,01;P
27/10/2002;1,01;P
28/10/2002;1,01;P
29/10/2002;1,00;P
30/10/2002;1,00;P
31/10/2002;1,01;P
01/11/2002;1,01;P
02/11/2002;1,01;P
03/11/2002;1,03;P
04/11/2002;1,04;P
05/11/2002;1,01;P
06/11/2002;1,01;P
07/11/2002;1,02;P
08/11/2002;1,01;P
09/11/2002;1,04;P
10/11/2002;1,03;P
11/11/2002;1,01;P
12/11/2002;1,00;P
13/11/2002;1,02;P
14/11/2002;1,08;P
15/11/2002;1,09;P
16/11/2002;1,06;P
17/11/2002;0,99;P
18/11/2002;1,05;P
19/11/2002;1,07;P
20/11/2002;1,09;P
21/11/2002;1,18;P
22/11/2002;1,60;P
23/11/2002;1,76;P
24/11/2002;1,80;P
25/11/2002;1,66;P
26/11/2002;1,43;P
27/11/2002;1,04;P
28/11/2002;1,07;P
29/11/2002;1,13;P
30/11/2002;1,23;P
01/12/2002;1,38;P
02/12/2002;1,39;P
03/12/2002;1,38;P
04/12/2002;1,35;P
05/12/2002;1,34;P
06/12/2002;1,33;P
07/12/2002;1,32;P
08/12/2002;1,29;P
09/12/2002;1,28;P
10/12/2002;1,21;P
11/12/2002;1,13;P
12/12/2002;1,14;P
13/12/2002;1,24;P
14/12/2002;1,28;P
15/12/2002;1,29;P
16/12/2002;1,33;P
17/12/2002;1,33;P
18/12/2002;1,51;P
19/12/2002;1,58;P
20/12/2002;1,38;P
21/12/2002;1,17;P
22/12/2002;1,16;P
23/12/2002;1,13;P
24/12/2002;1,14;P
25/12/2002;1,15;P
26/12/2002;1,13;P
27/12/2002;1,15;P
28/12/2002;1,23;P
29/12/2002;1,19;P
30/12/2002;1,18;P
31/12/2002;1,28;P
01/01/2003;1,39;P
02/01/2003;1,38;P
03/01/2003;1,36;P
04/01/2003;1,33;P
05/01/2003;1,32;P
06/01/2003;1,29;P
07/01/2003;1,30;P
08/01/2003;1,26;P
09/01/2003;1,26;P
10/01/2003;1,20;P
11/01/2003;1,18;P
12/01/2003;1,17;P
13/01/2003;1,16;P
14/01/2003;1,16;P
15/01/2003;1,16;P
16/01/2003;1,16;P
17/01/2003;1,16;P
18/01/2003;1,15;P
19/01/2003;1,16;P
20/01/2003;1,16;P
21/01/2003;1,18;P
22/01/2003;1,29;P
23/01/2003;1,40;P
24/01/2003;1,42;P
25/01/2003;1,39;P
26/01/2003;1,35;P
27/01/2003;1,32;P
28/01/2003;1,29;P
29/01/2003;1,26;P
30/01/2003;1,23;P
31/01/2003;1,20;P
01/02/2003;1,17;P
02/02/2003;1,17;P
03/02/2003;1,16;P
04/02/2003;1,92;P
05/02/2003;1,97;P
06/02/2003;1,48;P
07/02/2003;1,22;P
08/02/2003;1,21;P
09/02/2003;1,18;P
10/02/2003;1,17;P
11/02/2003;1,17;P
12/02/2003;1,15;P
13/02/2003;1,15;P
14/02/2003;1,15;P
15/02/2003;1,14;P
16/02/2003;1,14;P
17/02/2003;1,14;P
18/02/2003;1,11;P
19/02/2003;1,10;P
20/02/2003;1,09;P
21/02/2003;1,05;P
22/02/2003;1,04;P
23/02/2003;1,03;P
24/02/2003;1,04;P
25/02/2003;1,04;P
26/02/2003;1,04;P
27/02/2003;1,03;P
28/02/2003;1,03;P
01/03/2003;1,03;P
02/03/2003;1,04;P
03/03/2003;1,13;P
04/03/2003;1,16;P
05/03/2003;1,28;P
06/03/2003;1,27;P
07/03/2003;1,24;P
08/03/2003;1,23;P
09/03/2003;1,21;P
10/03/2003;1,18;P
11/03/2003;1,16;P
12/03/2003;1,16;P
13/03/2003;1,14;P
14/03/2003;1,13;P
15/03/2003;1,12;P
16/03/2003;1,12;P
17/03/2003;1,12;P
18/03/2003;1,12;P
19/03/2003;1,12;P
20/03/2003;1,10;P
21/03/2003;1,10;P
22/03/2003;1,08;P
23/03/2003;1,08;P
24/03/2003;1,07;P
25/03/2003;1,08;P
26/03/2003;1,07;P
27/03/2003;1,07;P
28/03/2003;1,06;P
29/03/2003;1,06;P
30/03/2003;1,06;P
31/03/2003;1,04;P
01/04/2003;1,02;P
02/04/2003;1,10;P
03/04/2003;1,18;P
04/04/2003;1,26;P
05/04/2003;1,20;P
06/04/2003;1,16;P
07/04/2003;1,12;P
08/04/2003;1,09;P
09/04/2003;1,08;P
10/04/2003;1,13;P
11/04/2003;1,26;P
12/04/2003;1,64;P
13/04/2003;1,52;P
14/04/2003;1,38;P
15/04/2003;1,29;P
16/04/2003;1,22;P
17/04/2003;1,17;P
18/04/2003;1,15;P
19/04/2003;1,15;P
20/04/2003;1,13;P
21/04/2003;1,17;P
22/04/2003;1,15;P
23/04/2003;1,12;P
24/04/2003;1,10;P
25/04/2003;1,08;P
26/04/2003;1,07;P
27/04/2003;1,08;P
28/04/2003;1,02;P
29/04/2003;1,02;P
30/04/2003;1,01;P
01/05/2003;1,01;P
02/05/2003;1,03;P
03/05/2003;1,05;P
04/05/2003;1,03;P
05/05/2003;1,05;P
06/05/2003;1,01;P
07/05/2003;1,01;P
08/05/2003;1,02;P
09/05/2003;1,05;P
10/05/2003;0,95;P
11/05/2003;0,99;P
12/05/2003;1,04;P
13/05/2003;1,01;P
14/05/2003;1,01;P
15/05/2003;0,96;P
16/05/2003;0,93;P
17/05/2003;0,92;P
18/05/2003;0,92;P
19/05/2003;0,94;P
20/05/2003;0,92;P
21/05/2003;0,92;P
22/05/2003;0,96;P
23/05/2003;0,96;P
24/05/2003;0,96;P
25/05/2003;0,96;P
26/05/2003;0,95;P
27/05/2003;0,95;P
28/05/2003;0,96;P
29/05/2003;0,96;P
30/05/2003;0,96;P
31/05/2003;0,96;P
01/06/2003;0,96;P
02/06/2003;0,96;P
03/06/2003;0,96;P
04/06/2003;0,96;P
05/06/2003;0,96;P
06/06/2003;0,96;P
07/06/2003;0,97;P
08/06/2003;0,97;P
09/06/2003;0,96;P
10/06/2003;0,96;P
11/06/2003;0,97;P
12/06/2003;0,97;P
13/06/2003;0,97;P
14/06/2003;0,98;P
15/06/2003;0,99;P
16/06/2003;0,99;P
17/06/2003;0,99;P
18/06/2003;0,99;P
19/06/2003;0,98;P
20/06/2003;0,98;P
21/06/2003;0,97;P
22/06/2003;0,96;P
23/06/2003;0,99;P
24/06/2003;1,04;P
25/06/2003;1,04;P
26/06/2003;1,05;P
27/06/2003;1,04;P
28/06/2003;1,04;P
29/06/2003;1,03;P
30/06/2003;1,03;P
01/07/2003;1,03;P
02/07/2003;1,06;P
03/07/2003;1,09;P
04/07/2003;1,12;P
05/07/2003;1,17;P
06/07/2003;1,19;P
07/07/2003;1,19;P
08/07/2003;1,19;P
09/07/2003;1,19;P
10/07/2003;1,19;P
11/07/2003;1,19;P
12/07/2003;1,19;P
13/07/2003;1,19;P
14/07/2003;1,19;P
15/07/2003;1,19;P
16/07/2003;1,18;P
17/07/2003;1,17;P
18/07/2003;1,16;P
19/07/2003;1,15;P
20/07/2003;1,15;P
21/07/2003;1,15;P
22/07/2003;1,16;P
23/07/2003;1,16;P
24/07/2003;1,17;P
25/07/2003;1,17;P
26/07/2003;1,17;P
27/07/2003;1,17;P
28/07/2003;1,17;P
29/07/2003;1,16;P
30/07/2003;1,15;P
31/07/2003;1,15;P
01/08/2003;1,15;P
02/08/2003;1,14;P
03/08/2003;1,13;P
04/08/2003;1,13;P
05/08/2003;1,13;P
06/08/2003;1,13;P
07/08/2003;1,13;P
08/08/2003;1,12;P
09/08/2003;1,11;P
10/08/2003;1,10;P
11/08/2003;1,10;P
12/08/2003;1,11;P
13/08/2003;1,10;P
14/08/2003;1,10;P
15/08/2003;1,11;P
16/08/2003;1,10;P
17/08/2003;1,10;P
18/08/2003;1,11;P
19/08/2003;1,10;P
20/08/2003;1,10;P
21/08/2003;1,10;P
22/08/2003;1,10;P
23/08/2003;1,10;P
24/08/2003;1,10;P
25/08/2003;1,10;P
26/08/2003;1,10;P
27/08/2003;1,10;P
28/08/2003;1,10;P
29/08/2003;1,10;P
30/08/2003;1,10;P
31/08/2003;1,10;P
01/09/2003;1,10;P
02/09/2003;1,12;P
03/09/2003;1,12;P
04/09/2003;1,12;P
05/09/2003;1,12;P
06/09/2003;1,13;P
07/09/2003;1,13;P
08/09/2003;1,13;P
09/09/2003;1,13;P
10/09/2003;1,13;P
11/09/2003;1,13;P
12/09/2003;1,13;P
13/09/2003;1,13;P
14/09/2003;1,11;P
15/09/2003;1,11;P
16/09/2003;1,11;P
17/09/2003;1,11;P
18/09/2003;1,11;P
19/09/2003;1,11;P
20/09/2003;1,11;P
21/09/2003;1,11;P
22/09/2003;1,10;P
23/09/2003;1,10;P
24/09/2003;1,10;P
25/09/2003;1,10;P
26/09/2003;1,10;P
27/09/2003;1,10;P
28/09/2003;1,10;P
29/09/2003;1,10;P
30/09/2003;1,09;P
01/10/2003;1,09;P
02/10/2003;1,09;P
03/10/2003;1,10;P
04/10/2003;1,10;P
05/10/2003;1,10;P
06/10/2003;1,12;P
07/10/2003;1,13;P
08/10/2003;1,14;P
09/10/2003;1,15;P
10/10/2003;1,14;P
11/10/2003;1,14;P
12/10/2003;1,13;P
13/10/2003;1,13;P
14/10/2003;1,13;P
15/10/2003;1,12;P
16/10/2003;1,12;P
17/10/2003;1,15;P
18/10/2003;1,16;P
19/10/2003;1,17;P
20/10/2003;1,17;P
21/10/2003;1,10;P
22/10/2003;1,05;P
23/10/2003;1,05;P
24/10/2003;1,06;P
25/10/2003;1,07;P
26/10/2003;1,08;P
27/10/2003;1,12;P
28/10/2003;1,11;P
29/10/2003;1,08;P
30/10/2003;1,08;P
31/10/2003;1,05;P
01/11/2003;1,10;P
02/11/2003;1,08;P
03/11/2003;1,06;P
04/11/2003;1,04;P
05/11/2003;1,04;P
06/11/2003;1,04;P
07/11/2003;1,04;P
08/11/2003;1,05;P
09/11/2003;1,06;P
10/11/2003;1,05;P
11/11/2003;1,05;P
12/11/2003;1,05;P
13/11/2003;1,05;P
14/11/2003;1,05;P
15/11/2003;1,05;P
16/11/2003;1,05;P
17/11/2003;1,05;P
18/11/2003;1,05;P
19/11/2003;1,04;P
20/11/2003;1,04;P
21/11/2003;1,03;P
22/11/2003;1,03;P
23/11/2003;1,03;P
24/11/2003;1,03;P
25/11/2003;1,04;P
26/11/2003;1,08;P
27/11/2003;1,08;P
28/11/2003;1,13;P
29/11/2003;1,09;P
30/11/2003;1,06;P
01/12/2003;1,06;P
02/12/2003;1,06;P
03/12/2003;1,06;P
04/12/2003;1,06;P
05/12/2003;1,06;P
06/12/2003;1,05;P
07/12/2003;1,05;P
08/12/2003;1,06;P
09/12/2003;1,07;P
10/12/2003;1,08;P
11/12/2003;1,08;P
12/12/2003;1,08;P
13/12/2003;1,08;P
14/12/2003;1,08;P
15/12/2003;1,08;P
16/12/2003;1,08;P
17/12/2003;1,08;P
18/12/2003;1,08;P
19/12/2003;1,08;P
20/12/2003;1,08;P
21/12/2003;1,11;P
22/12/2003;1,13;P
23/12/2003;1,10;P
24/12/2003;1,09;P
25/12/2003;1,09;P
26/12/2003;1,09;P
27/12/2003;1,09;P
28/12/2003;1,10;P
29/12/2003;1,12;P
30/12/2003;1,14;P
31/12/2003;1,13;P
01/01/2004;1,10;P
02/01/2004;1,09;P
03/01/2004;1,08;P
04/01/2004;1,08;P
05/01/2004;1,09;P
06/01/2004;1,09;P
07/01/2004;1,09;P
08/01/2004;1,09;P
09/01/2004;1,09;P
10/01/2004;1,09;P
11/01/2004;1,08;P
12/01/2004;1,08;P
13/01/2004;1,09;P
14/01/2004;1,08;P
15/01/2004;1,08;P
16/01/2004;1,07;P
17/01/2004;1,46;P
18/01/2004;2,37;P
19/01/2004;2,12;P
20/01/2004;1,75;P
21/01/2004;1,61;P
22/01/2004;1,56;P
23/01/2004;1,49;P
24/01/2004;1,42;P
25/01/2004;1,41;P
26/01/2004;1,39;P
27/01/2004;1,38;P
28/01/2004;1,36;P
29/01/2004;1,37;P
30/01/2004;1,37;P
31/01/2004;1,35;P
01/02/2004;1,33;P
02/02/2004;1,34;P
03/02/2004;1,42;P
04/02/2004;1,44;P
05/02/2004;1,44;P
06/02/2004;1,43;P
07/02/2004;1,42;P
08/02/2004;1,44;P
09/02/2004;1,45;P
10/02/2004;1,44;P
11/02/2004;1,42;P
12/02/2004;1,31;P
13/02/2004;1,25;P
14/02/2004;1,27;P
15/02/2004;1,27;P
16/02/2004;1,27;P
17/02/2004;1,28;P
18/02/2004;1,29;P
19/02/2004;1,39;P
20/02/2004;1,48;P
21/02/2004;1,51;P
22/02/2004;1,95;P
23/02/2004;2,48;P
24/02/2004;2,11;P
25/02/2004;1,69;P
26/02/2004;1,60;P
27/02/2004;1,72;P
28/02/2004;1,69;P
29/02/2004;1,66;P
01/03/2004;1,63;P
02/03/2004;1,59;P
03/03/2004;1,50;P
04/03/2004;1,47;P
05/03/2004;1,47;P
06/03/2004;1,48;P
07/03/2004;1,58;P
08/03/2004;1,59;P
09/03/2004;1,55;P
10/03/2004;1,52;P
11/03/2004;1,52;P
12/03/2004;1,55;P
13/03/2004;1,54;P
14/03/2004;1,52;P
15/03/2004;1,50;P
16/03/2004;1,46;P
17/03/2004;1,42;P
18/03/2004;1,41;P
19/03/2004;1,35;P
20/03/2004;1,30;P
21/03/2004;1,31;P
22/03/2004;1,32;P
23/03/2004;1,34;P
24/03/2004;1,34;P
25/03/2004;1,33;P
26/03/2004;1,33;P
27/03/2004;1,32;P
28/03/2004;1,31;P
29/03/2004;1,20;P
30/03/2004;1,10;P
31/03/2004;1,10;P
01/04/2004;1,11;P
02/04/2004;1,10;P
03/04/2004;1,10;P
04/04/2004;1,09;P
05/04/2004;1,10;P
06/04/2004;1,10;P
07/04/2004;1,10;P
08/04/2004;1,10;P
09/04/2004;1,10;P
10/04/2004;1,11;P
11/04/2004;1,10;P
12/04/2004;1,11;P
13/04/2004;1,13;P
14/04/2004;1,13;P
15/04/2004;1,14;P
16/04/2004;1,17;P
17/04/2004;1,40;P
18/04/2004;1,38;P
19/04/2004;1,36;P
20/04/2004;1,45;P
21/04/2004;1,40;P
22/04/2004;1,33;P
23/04/2004;1,28;P
24/04/2004;1,26;P
25/04/2004;1,30;P
26/04/2004;1,24;P
27/04/2004;1,22;P
28/04/2004;1,21;P
29/04/2004;1,20;P
30/04/2004;1,20;P
01/05/2004;1,20;P
02/05/2004;1,18;P
03/05/2004;1,19;P
04/05/2004;1,36;P
05/05/2004;1,82;P
06/05/2004;2,21;P
07/05/2004;2,00;P
08/05/2004;1,94;P
09/05/2004;1,76;P
10/05/2004;1,40;P
11/05/2004;1,34;P
12/05/2004;1,37;P
13/05/2004;1,33;P
14/05/2004;1,31;P
15/05/2004;1,28;P
16/05/2004;1,25;P
17/05/2004;1,22;P
18/05/2004;1,20;P
19/05/2004;1,19;P
20/05/2004;1,17;P
21/05/2004;1,17;P
22/05/2004;1,16;P
23/05/2004;1,13;P
24/05/2004;1,10;P
25/05/2004;1,10;P
26/05/2004;1,10;P
27/05/2004;1,10;P
28/05/2004;1,09;P
29/05/2004;1,08;P
30/05/2004;1,06;P
31/05/2004;1,07;P
01/06/2004;1,10;P
02/06/2004;1,10;P
03/06/2004;1,10;P
04/06/2004;1,07;P
05/06/2004;1,05;P
06/06/2004;1,04;P
07/06/2004;1,02;P
08/06/2004;1,00;P
09/06/2004;0,99;P
10/06/2004;0,97;P
11/06/2004;0,97;P
12/06/2004;0,94;P
13/06/2004;0,91;P
14/06/2004;0,96;P
15/06/2004;0,98;P
16/06/2004;0,98;P
17/06/2004;0,98;P
18/06/2004;0,99;P
19/06/2004;0,99;P
20/06/2004;1,00;P
21/06/2004;0,97;P
22/06/2004;0,95;P
23/06/2004;0,97;P
24/06/2004;0,97;P
25/06/2004;0,96;P
26/06/2004;0,96;P
27/06/2004;0,96;P
28/06/2004;0,96;P
29/06/2004;0,97;P
30/06/2004;0,96;P
01/07/2004;0,95;P
02/07/2004;0,93;P
03/07/2004;0,93;P
04/07/2004;0,93;P
05/07/2004;0,93;P
06/07/2004;0,98;P
07/07/2004;0,97;P
08/07/2004;0,98;P
09/07/2004;0,99;P
10/07/2004;0,99;P
11/07/2004;0,99;P
12/07/2004;1,01;P
13/07/2004;1,01;P
14/07/2004;1,00;P
15/07/2004;1,01;P
16/07/2004;1,01;P
17/07/2004;1,01;P
18/07/2004;1,02;P
19/07/2004;1,02;P
20/07/2004;1,02;P
21/07/2004;1,02;P
22/07/2004;1,05;P
23/07/2004;1,08;P
24/07/2004;1,09;P
25/07/2004;1,10;P
26/07/2004;1,10;P
27/07/2004;1,10;P
28/07/2004;1,10;P
29/07/2004;1,10;P
30/07/2004;1,09;P
31/07/2004;1,09;P
01/08/2004;1,09;P
02/08/2004;1,08;P
03/08/2004;1,09;P
04/08/2004;1,09;P
05/08/2004;1,07;P
06/08/2004;1,05;P
07/08/2004;1,04;P
08/08/2004;1,04;P
09/08/2004;1,05;P
10/08/2004;1,05;P
11/08/2004;1,04;P
12/08/2004;1,04;P
13/08/2004;1,04;P
14/08/2004;1,04;P
15/08/2004;1,03;P
16/08/2004;1,05;P
17/08/2004;1,05;P
18/08/2004;1,04;P
19/08/2004;1,04;P
20/08/2004;1,04;P
21/08/2004;1,05;P
22/08/2004;1,05;P
23/08/2004;1,05;P
24/08/2004;1,05;P
25/08/2004;1,06;P
26/08/2004;1,06;P
27/08/2004;1,06;P
28/08/2004;1,06;P
29/08/2004;1,06;P
30/08/2004;1,06;P
31/08/2004;1,05;P
01/09/2004;1,05;P
02/09/2004;1,05;P
03/09/2004;1,05;P
04/09/2004;1,06;P
05/09/2004;1,07;P
06/09/2004;1,08;P
07/09/2004;1,10;P
08/09/2004;1,10;P
09/09/2004;1,11;P
10/09/2004;1,10;P
11/09/2004;1,10;P
12/09/2004;1,11;P
13/09/2004;1,11;P
14/09/2004;1,10;P
15/09/2004;1,10;P
16/09/2004;1,09;P
17/09/2004;1,08;P
18/09/2004;1,08;P
19/09/2004;1,09;P
20/09/2004;1,09;P
21/09/2004;1,09;P
22/09/2004;1,08;P
23/09/2004;1,08;P
24/09/2004;1,09;P
25/09/2004;1,12;P
26/09/2004;1,10;P
27/09/2004;1,10;P
28/09/2004;1,11;P
29/09/2004;1,10;P
30/09/2004;1,09;P
01/10/2004;1,09;P
02/10/2004;1,09;P
03/10/2004;1,09;P
04/10/2004;1,09;P
05/10/2004;1,09;P
06/10/2004;1,09;P
07/10/2004;1,08;P
08/10/2004;1,07;P
09/10/2004;1,08;P
10/10/2004;1,09;P
11/10/2004;1,08;P
12/10/2004;1,09;P
13/10/2004;1,09;P
14/10/2004;1,09;P
15/10/2004;1,08;P
16/10/2004;1,07;P
17/10/2004;1,08;P
18/10/2004;1,04;P
19/10/2004;1,03;P
20/10/2004;1,02;P
21/10/2004;1,02;P
22/10/2004;1,02;P
23/10/2004;1,02;P
24/10/2004;1,01;P
25/10/2004;1,00;P
26/10/2004;1,00;P
27/10/2004;1,00;P
28/10/2004;1,00;P
29/10/2004;1,00;P
30/10/2004;1,00;P
31/10/2004;1,00;P
01/11/2004;1,00;P
02/11/2004;0,99;P
03/11/2004;1,00;P
04/11/2004;1,00;P
05/11/2004;1,00;P
06/11/2004;1,00;P
07/11/2004;1,00;P
08/11/2004;1,01;P
09/11/2004;1,00;P
10/11/2004;1,00;P
11/11/2004;1,01;P
12/11/2004;1,01;P
13/11/2004;1,02;P
14/11/2004;1,02;P
15/11/2004;1,02;P
16/11/2004;1,02;P
17/11/2004;1,03;P
18/11/2004;1,02;P
19/11/2004;1,01;P
20/11/2004;1,02;P
21/11/2004;1,02;P
22/11/2004;1,02;P
23/11/2004;1,02;P
24/11/2004;1,02;P
25/11/2004;1,02;P
26/11/2004;1,02;P
27/11/2004;1,02;P
28/11/2004;1,02;P
29/11/2004;1,01;P
30/11/2004;1,02;P
01/12/2004;1,02;P
02/12/2004;1,03;P
03/12/2004;1,04;P
04/12/2004;1,05;P
05/12/2004;1,07;P
06/12/2004;1,06;P
07/12/2004;1,04;P
08/12/2004;1,03;P
09/12/2004;1,03;P
10/12/2004;1,03;P
11/12/2004;1,03;P
12/12/2004;1,03;P
13/12/2004;1,04;P
14/12/2004;1,03;P
15/12/2004;1,03;P
16/12/2004;1,03;P
17/12/2004;1,03;P
18/12/2004;1,04;P
19/12/2004;1,03;P
20/12/2004;1,03;P
21/12/2004;1,04;P
22/12/2004;1,04;P
23/12/2004;1,04;P
24/12/2004;1,04;P
25/12/2004;1,04;P
26/12/2004;1,05;P
27/12/2004;1,06;P
28/12/2004;1,06;P
29/12/2004;1,05;P
30/12/2004;1,04;P
31/12/2004;1,04;P
01/01/2005;1,05;P
02/01/2005;1,04;P
03/01/2005;1,05;P
04/01/2005;1,05;P
05/01/2005;1,05;P
06/01/2005;1,04;P
07/01/2005;1,04;P
08/01/2005;1,04;P
09/01/2005;1,04;P
10/01/2005;1,04;P
11/01/2005;1,04;P
12/01/2005;1,04;P
13/01/2005;1,04;P
14/01/2005;1,04;P
15/01/2005;1,04;P
16/01/2005;1,04;P
17/01/2005;1,04;P
18/01/2005;1,05;P
19/01/2005;1,08;P
20/01/2005;1,07;P
21/01/2005;1,06;P
22/01/2005;1,05;P
23/01/2005;1,05;P
24/01/2005;1,05;P
25/01/2005;1,05;P
26/01/2005;1,05;P
27/01/2005;1,06;P
28/01/2005;1,05;P
29/01/2005;1,05;P
30/01/2005;1,06;P
31/01/2005;1,06;P
01/02/2005;1,05;P
02/02/2005;1,06;P
03/02/2005;1,06;P
04/02/2005;1,06;P
05/02/2005;1,05;P
06/02/2005;1,06;P
07/02/2005;1,06;P
08/02/2005;1,06;P
09/02/2005;1,06;P
10/02/2005;1,07;P
11/02/2005;1,06;P
12/02/2005;1,06;P
13/02/2005;1,07;P
14/02/2005;1,07;P
15/02/2005;1,08;P
16/02/2005;1,08;P
17/02/2005;1,08;P
18/02/2005;1,08;P
19/02/2005;1,09;P
20/02/2005;1,08;P
21/02/2005;1,09;P
22/02/2005;1,10;P
23/02/2005;1,10;P
24/02/2005;1,09;P
25/02/2005;1,10;P
26/02/2005;1,10;P
27/02/2005;1,10;P
28/02/2005;1,10;P
01/03/2005;1,10;P
02/03/2005;1,10;P
03/03/2005;1,09;P
04/03/2005;1,10;P
05/03/2005;1,10;P
06/03/2005;1,10;P
07/03/2005;1,10;P
08/03/2005;1,10;P
09/03/2005;1,10;P
10/03/2005;1,10;P
11/03/2005;1,10;P
12/03/2005;1,10;P
13/03/2005;1,10;P
14/03/2005;1,10;P
15/03/2005;1,09;P
16/03/2005;1,09;P
17/03/2005;1,08;P
18/03/2005;1,08;P
19/03/2005;1,07;P
20/03/2005;1,08;P
21/03/2005;1,08;P
22/03/2005;1,07;P
23/03/2005;1,07;P
24/03/2005;1,07;P
25/03/2005;1,06;P
26/03/2005;1,06;P
27/03/2005;1,16;P
28/03/2005;1,62;P
29/03/2005;1,52;P
30/03/2005;1,40;P
31/03/2005;1,34;P
01/04/2005;1,30;P
02/04/2005;1,27;P
03/04/2005;1,25;P
04/04/2005;1,19;P
05/04/2005;1,17;P
06/04/2005;1,17;P
07/04/2005;1,16;P
08/04/2005;1,16;P
09/04/2005;1,26;P
10/04/2005;1,29;P
11/04/2005;1,63;P
12/04/2005;1,57;P
13/04/2005;1,45;P
14/04/2005;1,34;P
15/04/2005;1,29;P
16/04/2005;1,35;P
17/04/2005;1,45;P
18/04/2005;1,37;P
19/04/2005;1,32;P
20/04/2005;1,78;P
21/04/2005;1,88;P
22/04/2005;1,63;P
23/04/2005;1,50;P
24/04/2005;1,40;P
25/04/2005;1,36;P
26/04/2005;1,32;P
27/04/2005;1,29;P
28/04/2005;1,26;P
29/04/2005;1,23;P
30/04/2005;1,23;P
01/05/2005;1,23;P
02/05/2005;1,16;P
03/05/2005;1,14;P
04/05/2005;1,14;P
05/05/2005;1,13;P
06/05/2005;1,13;P
07/05/2005;1,13;P
08/05/2005;1,11;P
09/05/2005;1,11;P
10/05/2005;1,09;P
11/05/2005;1,11;P
12/05/2005;1,10;P
13/05/2005;1,10;P
14/05/2005;1,10;P
15/05/2005;1,10;P
16/05/2005;1,08;P
17/05/2005;1,06;P
18/05/2005;1,19;P
19/05/2005;1,18;P
20/05/2005;1,14;P
21/05/2005;1,11;P
22/05/2005;1,08;P
23/05/2005;1,08;P
24/05/2005;1,05;P
25/05/2005;1,05;P
26/05/2005;1,05;P
27/05/2005;1,06;P
28/05/2005;1,02;P
29/05/2005;1,00;P
30/05/2005;1,01;P
31/05/2005;1,00;P
01/06/2005;1,03;P
02/06/2005;1,07;P
03/06/2005;1,06;P
04/06/2005;1,05;P
05/06/2005;1,05;P
06/06/2005;1,05;P
07/06/2005;1,05;P
08/06/2005;1,06;P
09/06/2005;1,06;P
10/06/2005;1,06;P
11/06/2005;1,07;P
12/06/2005;1,07;P
13/06/2005;1,06;P
14/06/2005;1,06;P
15/06/2005;1,06;P
16/06/2005;1,06;P
17/06/2005;1,05;P
18/06/2005;1,05;P
19/06/2005;1,05;P
20/06/2005;1,04;P
21/06/2005;1,04;P
22/06/2005;1,03;P
23/06/2005;1,02;P
24/06/2005;1,00;P
25/06/2005;0,99;P
26/06/2005;0,99;P
27/06/2005;0,99;P
28/06/2005;0,99;P
29/06/2005;0,98;P
30/06/2005;0,99;P
01/07/2005;0,99;P
02/07/2005;0,98;P
03/07/2005;0,98;P
04/07/2005;0,98;P
05/07/2005;1,01;P
06/07/2005;1,03;P
07/07/2005;1,03;P
08/07/2005;1,04;P
09/07/2005;1,04;P
10/07/2005;0,98;P
11/07/2005;0,96;P
12/07/2005;1,03;P
13/07/2005;1,04;P
14/07/2005;1,04;P
15/07/2005;1,04;P
16/07/2005;1,04;P
17/07/2005;1,04;P
18/07/2005;1,04;P
19/07/2005;1,06;P
20/07/2005;1,07;P
21/07/2005;1,06;P
22/07/2005;1,08;P
23/07/2005;1,10;P
24/07/2005;1,09;P
25/07/2005;1,07;P
26/07/2005;1,07;P
27/07/2005;1,06;P
28/07/2005;1,07;P
29/07/2005;1,07;P
30/07/2005;1,07;P
31/07/2005;1,05;P
01/08/2005;1,04;P
02/08/2005;1,02;P
03/08/2005;0,99;P
04/08/2005;1,00;P
05/08/2005;0,99;P
06/08/2005;1,00;P
07/08/2005;0,99;P
08/08/2005;0,99;P
09/08/2005;0,99;P
10/08/2005;1,00;P
11/08/2005;1,00;P
12/08/2005;1,02;P
13/08/2005;1,03;P
14/08/2005;1,03;P
15/08/2005;1,03;P
16/08/2005;1,01;P
17/08/2005;1,01;P
18/08/2005;1,02;P
19/08/2005;1,03;P
20/08/2005;1,03;P
21/08/2005;1,03;P
22/08/2005;1,03;P
23/08/2005;1,03;P
24/08/2005;1,03;P
25/08/2005;1,03;P
26/08/2005;1,03;P
27/08/2005;1,03;P
28/08/2005;1,02;P
29/08/2005;1,02;P
30/08/2005;1,02;P
31/08/2005;1,02;P
01/09/2005;1,02;P
02/09/2005;1,02;P
03/09/2005;1,02;P
04/09/2005;1,02;P
05/09/2005;1,03;P
06/09/2005;1,03;P
07/09/2005;1,03;P
08/09/2005;1,03;P
09/09/2005;1,03;P
10/09/2005;1,03;P
11/09/2005;1,04;P
12/09/2005;1,03;P
13/09/2005;1,03;P
14/09/2005;1,03;P
15/09/2005;1,04;P
16/09/2005;1,04;P
17/09/2005;0,99;P
18/09/2005;0,86;P
19/09/2005;0,87;P
20/09/2005;1,01;P
21/09/2005;1,05;P
22/09/2005;1,06;P
23/09/2005;1,06;P
24/09/2005;1,07;P
25/09/2005;1,08;P
26/09/2005;1,07;P
27/09/2005;1,08;P
28/09/2005;1,04;P
29/09/2005;0,93;P
30/09/2005;0,92;P
01/10/2005;0,94;P
02/10/2005;0,93;P
03/10/2005;0,92;P
04/10/2005;0,93;P
05/10/2005;0,94;P
06/10/2005;0,94;P
07/10/2005;0,94;P
08/10/2005;0,93;P
09/10/2005;0,93;P
10/10/2005;0,93;P
11/10/2005;0,92;P
12/10/2005;0,99;P
13/10/2005;1,09;P
14/10/2005;1,09;P
15/10/2005;1,10;P
16/10/2005;1,10;P
17/10/2005;1,08;P
18/10/2005;1,10;P
19/10/2005;1,08;P
20/10/2005;1,13;P
21/10/2005;1,11;P
22/10/2005;1,14;P
23/10/2005;1,14;P
24/10/2005;1,15;P
25/10/2005;1,15;P
26/10/2005;1,16;P
27/10/2005;1,14;P
28/10/2005;1,15;P
29/10/2005;1,14;P
30/10/2005;1,15;P
31/10/2005;1,16;P
01/11/2005;1,15;P
02/11/2005;1,16;P
03/11/2005;1,16;P
04/11/2005;1,16;P
05/11/2005;1,16;P
06/11/2005;1,27;P
07/11/2005;1,20;P
08/11/2005;1,18;P
09/11/2005;1,17;P
10/11/2005;1,16;P
11/11/2005;1,16;P
12/11/2005;1,16;P
13/11/2005;1,15;P
14/11/2005;1,15;P
15/11/2005;1,15;P
16/11/2005;1,15;P
17/11/2005;1,14;P
18/11/2005;1,16;P
19/11/2005;1,16;P
20/11/2005;1,16;P
21/11/2005;1,15;P
22/11/2005;1,16;P
23/11/2005;1,15;P
24/11/2005;1,15;P
25/11/2005;1,17;P
26/11/2005;1,26;P
27/11/2005;1,22;P
28/11/2005;1,22;P
29/11/2005;1,22;P
30/11/2005;1,27;P
01/12/2005;1,26;P
02/12/2005;1,25;P
03/12/2005;1,26;P
04/12/2005;1,25;P
05/12/2005;1,31;P
06/12/2005;1,71;P
07/12/2005;1,67;P
08/12/2005;1,60;P
09/12/2005;1,66;P
10/12/2005;1,62;P
11/12/2005;1,51;P
12/12/2005;1,48;P
13/12/2005;1,48;P
14/12/2005;1,44;P
15/12/2005;1,42;P
16/12/2005;1,35;P
17/12/2005;1,32;P
18/12/2005;1,36;P
19/12/2005;1,37;P
20/12/2005;1,33;P
21/12/2005;1,32;P
22/12/2005;1,33;P
23/12/2005;1,33;P
24/12/2005;1,32;P
25/12/2005;1,31;P
26/12/2005;1,32;P
27/12/2005;1,43;P
28/12/2005;1,51;P
29/12/2005;1,49;P
30/12/2005;1,49;P
31/12/2005;1,48;P
01/01/2006;1,84;V
02/01/2006;1,94;V
03/01/2006;1,73;V
04/01/2006;1,61;V
05/01/2006;1,56;V
06/01/2006;1,53;V
07/01/2006;1,50;V
08/01/2006;1,46;V
09/01/2006;1,43;V
10/01/2006;1,35;V
11/01/2006;1,25;V
12/01/2006;1,27;V
13/01/2006;1,28;V
14/01/2006;1,29;V
15/01/2006;1,30;V
16/01/2006;1,29;V
17/01/2006;1,36;V
18/01/2006;2,39;V
19/01/2006;2,07;V
20/01/2006;1,75;V
21/01/2006;1,63;V
22/01/2006;1,60;V
23/01/2006;1,56;V
24/01/2006;1,50;V
25/01/2006;1,47;V
26/01/2006;1,45;V
27/01/2006;1,44;V
28/01/2006;1,44;V
29/01/2006;1,45;V
30/01/2006;1,45;V
31/01/2006;1,45;V
01/02/2006;1,45;V
02/02/2006;1,41;V
03/02/2006;1,41;V
04/02/2006;1,40;V
05/02/2006;1,40;V
06/02/2006;1,37;V
07/02/2006;1,28;V
08/02/2006;1,30;V
09/02/2006;1,31;V
10/02/2006;1,33;V
11/02/2006;1,33;V
12/02/2006;1,33;V
13/02/2006;1,33;V
14/02/2006;1,33;V
15/02/2006;1,28;V
16/02/2006;1,30;V
17/02/2006;1,49;V
18/02/2006;1,52;V
19/02/2006;1,53;V
20/02/2006;1,65;V
21/02/2006;1,71;V
22/02/2006;1,75;V
23/02/2006;1,72;V
24/02/2006;1,65;V
25/02/2006;1,64;V
26/02/2006;1,63;V
27/02/2006;1,61;V
28/02/2006;1,59;V
01/03/2006;1,57;V
02/03/2006;1,48;V
03/03/2006;1,53;V
04/03/2006;1,73;V
05/03/2006;1,94;V
06/03/2006;2,09;V
07/03/2006;1,86;V
08/03/2006;1,77;V
09/03/2006;1,65;V
10/03/2006;1,66;V
11/03/2006;1,81;V
12/03/2006;1,77;V
13/03/2006;1,71;V
14/03/2006;1,68;V
15/03/2006;1,42;V
16/03/2006;1,35;V
17/03/2006;1,39;V
18/03/2006;1,43;V
19/03/2006;1,44;V
20/03/2006;1,45;V
21/03/2006;1,48;V
22/03/2006;1,58;V
23/03/2006;1,47;V
24/03/2006;1,47;V
25/03/2006;1,39;V
26/03/2006;1,44;V
27/03/2006;1,48;V
28/03/2006;1,49;V
29/03/2006;1,50;V
30/03/2006;1,45;V
31/03/2006;1,21;V
01/04/2006;1,24;V
02/04/2006;1,30;V
03/04/2006;1,32;V
04/04/2006;1,19;V
05/04/2006;1,23;V
06/04/2006;1,27;V
07/04/2006;1,32;V
08/04/2006;1,33;V
09/04/2006;1,33;V
10/04/2006;1,33;V
11/04/2006;1,33;V
12/04/2006;1,30;V
13/04/2006;1,30;V
14/04/2006;1,31;V
15/04/2006;1,29;V
16/04/2006;1,29;V
17/04/2006;1,29;V
18/04/2006;1,27;V
19/04/2006;1,28;V
20/04/2006;1,28;V
21/04/2006;1,28;V
22/04/2006;1,27;V
23/04/2006;1,27;V
24/04/2006;1,26;V
25/04/2006;1,24;V
26/04/2006;1,25;V
27/04/2006;1,24;V
28/04/2006;1,23;V
29/04/2006;1,23;V
30/04/2006;1,26;V
01/05/2006;1,26;V
02/05/2006;1,25;V
03/05/2006;1,23;V
04/05/2006;1,21;V
05/05/2006;1,19;V
06/05/2006;1,18;V
07/05/2006;1,17;V
08/05/2006;1,18;V
09/05/2006;1,57;V
10/05/2006;1,57;V
11/05/2006;1,40;V
12/05/2006;1,25;V
13/05/2006;1,22;V
14/05/2006;1,24;V
15/05/2006;1,23;V
16/05/2006;1,17;V
17/05/2006;1,11;V
18/05/2006;1,09;V
19/05/2006;1,10;V
20/05/2006;1,16;V
21/05/2006;1,15;V
22/05/2006;1,15;V
23/05/2006;1,15;V
24/05/2006;1,17;V
25/05/2006;1,17;V
26/05/2006;1,11;V
27/05/2006;1,12;V
28/05/2006;1,10;V
29/05/2006;1,09;V
30/05/2006;1,07;V
31/05/2006;1,05;V
01/06/2006;1,07;V
02/06/2006;1,14;V
03/06/2006;1,15;V
04/06/2006;1,16;V
05/06/2006;1,10;V
06/06/2006;1,09;V
07/06/2006;1,02;V
08/06/2006;1,07;V
09/06/2006;1,00;V
10/06/2006;1,00;V
11/06/2006;1,08;V
12/06/2006;1,08;V
13/06/2006;1,15;V
14/06/2006;1,15;V
15/06/2006;1,16;V
16/06/2006;1,16;V
17/06/2006;1,16;V
18/06/2006;1,16;V
19/06/2006;1,13;V
20/06/2006;1,16;V
21/06/2006;1,15;V
22/06/2006;1,15;V
23/06/2006;1,15;V
24/06/2006;1,15;V
25/06/2006;1,14;V
26/06/2006;1,14;V
27/06/2006;1,14;V
28/06/2006;1,14;V
29/06/2006;1,16;V
30/06/2006;1,20;V
01/07/2006;1,20;V
02/07/2006;;@
03/07/2006;;@
04/07/2006;;@
05/07/2006;;@
06/07/2006;;@
07/07/2006;;@
08/07/2006;;@
09/07/2006;;@
10/07/2006;;@
11/07/2006;;@
12/07/2006;;@
13/07/2006;;@
14/07/2006;;@
15/07/2006;;@
16/07/2006;;@
17/07/2006;;@
18/07/2006;;@
19/07/2006;;@
20/07/2006;;@
21/07/2006;;@
22/07/2006;;@
23/07/2006;;@
24/07/2006;;@
25/07/2006;;@
26/07/2006;;@
27/07/2006;;@
28/07/2006;;@
29/07/2006;;@
30/07/2006;;@
31/07/2006;;@
01/08/2006;;@
02/08/2006;;@
03/08/2006;;@
04/08/2006;;@
05/08/2006;;@
06/08/2006;;@
07/08/2006;;@
08/08/2006;;@
09/08/2006;;@
10/08/2006;;@
11/08/2006;;@
12/08/2006;;@
13/08/2006;;@
14/08/2006;;@
15/08/2006;;@
16/08/2006;;@
17/08/2006;;@
18/08/2006;;@
19/08/2006;;@
20/08/2006;;@
21/08/2006;;@
22/08/2006;;@
23/08/2006;;@
24/08/2006;;@
25/08/2006;;@
26/08/2006;;@
27/08/2006;;@
28/08/2006;;@
29/08/2006;;@
30/08/2006;;@
31/08/2006;;@
01/09/2006;;@
02/09/2006;;@
03/09/2006;;@
04/09/2006;;@
05/09/2006;;@
06/09/2006;;@
07/09/2006;;@
08/09/2006;;@
09/09/2006;;@
10/09/2006;;@
11/09/2006;;@
12/09/2006;;@
13/09/2006;;@
14/09/2006;;@
15/09/2006;;@
16/09/2006;;@
17/09/2006;;@
18/09/2006;;@
19/09/2006;;@
20/09/2006;;@
21/09/2006;;@
22/09/2006;;@
23/09/2006;;@
24/09/2006;;@
25/09/2006;;@
26/09/2006;;@
27/09/2006;;@
28/09/2006;;@
29/09/2006;;@
30/09/2006;;@
01/10/2006;;@
02/10/2006;;@
03/10/2006;;@
04/10/2006;;@
05/10/2006;;@
06/10/2006;;@
07/10/2006;;@
08/10/2006;;@
09/10/2006;;@
10/10/2006;;@
11/10/2006;;@
12/10/2006;;@
13/10/2006;;@
14/10/2006;;@
15/10/2006;;@
16/10/2006;;@
17/10/2006;;@
18/10/2006;;@
19/10/2006;;@
20/10/2006;;@
21/10/2006;;@
22/10/2006;;@
23/10/2006;;@
24/10/2006;;@
25/10/2006;;@
26/10/2006;;@
27/10/2006;;@
28/10/2006;;@
29/10/2006;;@
30/10/2006;;@
31/10/2006;;@
01/11/2006;;@
02/11/2006;;@
03/11/2006;;@
04/11/2006;;@
05/11/2006;;@
06/11/2006;;@
07/11/2006;;@
08/11/2006;;@
09/11/2006;;@
10/11/2006;;@
11/11/2006;;@
12/11/2006;;@
13/11/2006;;@
14/11/2006;;@
15/11/2006;;@
16/11/2006;;@
17/11/2006;;@
18/11/2006;;@
19/11/2006;;@
20/11/2006;;@
21/11/2006;;@
22/11/2006;;@
23/11/2006;;@
24/11/2006;;@
25/11/2006;;@
26/11/2006;;@
27/11/2006;;@
28/11/2006;;@
29/11/2006;;@
30/11/2006;;@
01/12/2006;;@
02/12/2006;;@
03/12/2006;;@
04/12/2006;;@
05/12/2006;;@
06/12/2006;;@
07/12/2006;;@
08/12/2006;;@
09/12/2006;;@
10/12/2006;;@
11/12/2006;;@
12/12/2006;;@
13/12/2006;;@
14/12/2006;;@
15/12/2006;1,15;V
16/12/2006;1,14;V
17/12/2006;1,14;V
18/12/2006;1,14;V
19/12/2006;1,14;V
20/12/2006;1,14;V
21/12/2006;1,14;V
22/12/2006;1,14;V
23/12/2006;1,14;V
24/12/2006;1,12;V
25/12/2006;1,10;V
26/12/2006;1,11;V
27/12/2006;1,12;V
28/12/2006;1,11;V
29/12/2006;1,11;V
30/12/2006;1,12;V
31/12/2006;1,11;V
01/01/2007;1,11;P
02/01/2007;1,12;P
03/01/2007;1,12;P
04/01/2007;1,11;P
05/01/2007;1,11;P
06/01/2007;1,11;P
07/01/2007;1,11;P
08/01/2007;1,13;P
09/01/2007;1,13;P
10/01/2007;1,13;P
11/01/2007;1,12;P
12/01/2007;1,12;P
13/01/2007;1,13;P
14/01/2007;1,12;P
15/01/2007;1,12;P
16/01/2007;1,13;P
17/01/2007;1,12;P
18/01/2007;1,12;P
19/01/2007;1,11;P
20/01/2007;1,12;P
21/01/2007;1,12;P
22/01/2007;1,11;P
23/01/2007;1,12;P
24/01/2007;1,17;P
25/01/2007;1,20;P
26/01/2007;1,16;P
27/01/2007;1,16;P
28/01/2007;1,16;P
29/01/2007;1,20;P
30/01/2007;1,16;P
31/01/2007;1,15;P
01/02/2007;1,15;P
02/02/2007;1,17;P
03/02/2007;1,18;P
04/02/2007;1,17;P
05/02/2007;1,16;P
06/02/2007;1,16;P
07/02/2007;1,20;P
08/02/2007;1,24;P
09/02/2007;1,26;P
10/02/2007;1,22;P
11/02/2007;1,22;P
12/02/2007;1,23;P
13/02/2007;1,32;P
14/02/2007;1,26;P
15/02/2007;1,25;P
16/02/2007;1,24;P
17/02/2007;1,22;P
18/02/2007;1,21;P
19/02/2007;1,20;P
20/02/2007;1,20;P
21/02/2007;1,20;P
22/02/2007;1,20;P
23/02/2007;1,19;P
24/02/2007;1,18;P
25/02/2007;1,23;P
26/02/2007;1,27;P
27/02/2007;1,25;P
28/02/2007;1,22;P
01/03/2007;1,21;P
02/03/2007;1,20;P
03/03/2007;1,20;P
04/03/2007;1,19;P
05/03/2007;1,20;P
06/03/2007;1,19;P
07/03/2007;1,18;P
08/03/2007;1,19;P
09/03/2007;1,18;P
10/03/2007;1,19;P
11/03/2007;1,20;P
12/03/2007;1,19;P
13/03/2007;1,19;P
14/03/2007;1,19;P
15/03/2007;1,18;P
16/03/2007;1,18;P
17/03/2007;1,16;P
18/03/2007;1,17;P
19/03/2007;1,19;P
20/03/2007;1,21;P
21/03/2007;1,22;P
22/03/2007;1,21;P
23/03/2007;1,20;P
24/03/2007;1,20;P
25/03/2007;;@
26/03/2007;;@
27/03/2007;;@
28/03/2007;;@
29/03/2007;;@
30/03/2007;;@
31/03/2007;;@
01/04/2007;;@
02/04/2007;;@
03/04/2007;;@
04/04/2007;;@
05/04/2007;;@
06/04/2007;;@
07/04/2007;;@
08/04/2007;;@
09/04/2007;;@
10/04/2007;;@
11/04/2007;;@
12/04/2007;;@
13/04/2007;;@
14/04/2007;;@
15/04/2007;;@
16/04/2007;;@
17/04/2007;;@
18/04/2007;;@
19/04/2007;;@
20/04/2007;;@
21/04/2007;;@
22/04/2007;;@
23/04/2007;;@
24/04/2007;;@
25/04/2007;;@
26/04/2007;;@
27/04/2007;;@
28/04/2007;;@
29/04/2007;;@
30/04/2007;;@
01/05/2007;;@
02/05/2007;;@
03/05/2007;;@
04/05/2007;;@
05/05/2007;;@
06/05/2007;;@
07/05/2007;;@
08/05/2007;;@
09/05/2007;;@
10/05/2007;;@
11/05/2007;;@
12/05/2007;;@
13/05/2007;;@
14/05/2007;;@
15/05/2007;;@
16/05/2007;;@
17/05/2007;;@
18/05/2007;;@
19/05/2007;;@
20/05/2007;;@
21/05/2007;;@
22/05/2007;;@
23/05/2007;;@
24/05/2007;;@
25/05/2007;;@
26/05/2007;;@
27/05/2007;;@
28/05/2007;;@
29/05/2007;;@
30/05/2007;;@
31/05/2007;;@
01/06/2007;;@
02/06/2007;;@
03/06/2007;;@
04/06/2007;;@
05/06/2007;;@
06/06/2007;;@
07/06/2007;;@
08/06/2007;;@
09/06/2007;;@
10/06/2007;;@
11/06/2007;;@
12/06/2007;;@
13/06/2007;;@
14/06/2007;;@
15/06/2007;;@
16/06/2007;;@
17/06/2007;;@
18/06/2007;;@
19/06/2007;;@
20/06/2007;;@
21/06/2007;;@
22/06/2007;;@
23/06/2007;;@
24/06/2007;;@
25/06/2007;;@
26/06/2007;;@
27/06/2007;;@
28/06/2007;;@
29/06/2007;;@
30/06/2007;;@
01/07/2007;;@
02/07/2007;;@
03/07/2007;;@
04/07/2007;;@
05/07/2007;;@
06/07/2007;;@
07/07/2007;;@
08/07/2007;;@
09/07/2007;;@
10/07/2007;;@
11/07/2007;;@
12/07/2007;;@
13/07/2007;;@
14/07/2007;;@
15/07/2007;;@
16/07/2007;;@
17/07/2007;;@
18/07/2007;;@
19/07/2007;;@
20/07/2007;;@
21/07/2007;;@
22/07/2007;;@
23/07/2007;;@
24/07/2007;;@
25/07/2007;;@
26/07/2007;;@
27/07/2007;;@
28/07/2007;;@
29/07/2007;;@
30/07/2007;;@
31/07/2007;;@
01/08/2007;;@
02/08/2007;;@
03/08/2007;;@
04/08/2007;;@
05/08/2007;;@
06/08/2007;;@
07/08/2007;;@
08/08/2007;;@
09/08/2007;;@
10/08/2007;;@
11/08/2007;;@
12/08/2007;;@
13/08/2007;;@
14/08/2007;;@
15/08/2007;;@
16/08/2007;;@
17/08/2007;;@
18/08/2007;;@
19/08/2007;;@
20/08/2007;;@
21/08/2007;;@
22/08/2007;;@
23/08/2007;;@
24/08/2007;;@
25/08/2007;;@
26/08/2007;;@
27/08/2007;;@
28/08/2007;;@
29/08/2007;;@
30/08/2007;;@
31/08/2007;;@
01/09/2007;;@
02/09/2007;;@
03/09/2007;;@
04/09/2007;;@
05/09/2007;;@
06/09/2007;;@
07/09/2007;;@
08/09/2007;;@
09/09/2007;;@
10/09/2007;;@
11/09/2007;;@
12/09/2007;;@
13/09/2007;;@
14/09/2007;;@
15/09/2007;;@
16/09/2007;;@
17/09/2007;;@
18/09/2007;;@
19/09/2007;;@
20/09/2007;;@
21/09/2007;;@
22/09/2007;;@
23/09/2007;;@
24/09/2007;;@
25/09/2007;;@
26/09/2007;;@
27/09/2007;;@
28/09/2007;;@
29/09/2007;;@
30/09/2007;;@
01/10/2007;;@
02/10/2007;;@
03/10/2007;;@
04/10/2007;;@
05/10/2007;;@
06/10/2007;;@
07/10/2007;;@
08/10/2007;;@
09/10/2007;;@
10/10/2007;;@
11/10/2007;;@
12/10/2007;;@
13/10/2007;;@
14/10/2007;;@
15/10/2007;;@
16/10/2007;;@
17/10/2007;;@
18/10/2007;;@
19/10/2007;;@
20/10/2007;;@
21/10/2007;;@
22/10/2007;;@
23/10/2007;;@
24/10/2007;;@
25/10/2007;;@
26/10/2007;;@
27/10/2007;;@
28/10/2007;1,25;P
29/10/2007;1,25;P
30/10/2007;1,24;P
31/10/2007;1,24;P
01/11/2007;1,24;P
02/11/2007;1,25;P
03/11/2007;1,24;P
04/11/2007;1,24;P
05/11/2007;1,27;P
06/11/2007;1,21;P
07/11/2007;1,25;P
08/11/2007;1,26;P
09/11/2007;1,26;P
10/11/2007;1,26;P
11/11/2007;1,23;P
12/11/2007;1,24;P
13/11/2007;1,22;P
14/11/2007;1,20;P
15/11/2007;1,22;P
16/11/2007;1,18;P
17/11/2007;1,18;P
18/11/2007;;@
19/11/2007;1,22;P
20/11/2007;1,23;P
21/11/2007;1,20;P
22/11/2007;1,18;P
23/11/2007;1,15;P
24/11/2007;1,18;P
25/11/2007;1,17;P
26/11/2007;1,21;P
27/11/2007;1,19;P
28/11/2007;1,20;P
29/11/2007;1,19;P
30/11/2007;1,21;P
01/12/2007;1,17;P
02/12/2007;1,18;P
03/12/2007;1,18;P
04/12/2007;1,19;P
05/12/2007;1,22;P
06/12/2007;1,21;P
07/12/2007;1,17;P
08/12/2007;1,23;P
09/12/2007;1,19;P
10/12/2007;1,17;P
11/12/2007;1,20;P
12/12/2007;1,23;P
13/12/2007;1,21;P
14/12/2007;1,21;P
15/12/2007;1,20;P
16/12/2007;1,16;P
17/12/2007;1,14;P
18/12/2007;1,17;P
19/12/2007;1,19;P
20/12/2007;1,17;P
21/12/2007;1,18;P
22/12/2007;1,17;P
23/12/2007;1,15;P
24/12/2007;1,12;P
25/12/2007;1,20;P
26/12/2007;1,18;P
27/12/2007;1,15;P
28/12/2007;1,17;P
29/12/2007;1,14;P
30/12/2007;1,15;P
31/12/2007;1,16;P
01/01/2011;1,02;V
02/01/2011;1,02;V
03/01/2011;1,02;V
04/01/2011;1,02;V
05/01/2011;1,02;V
06/01/2011;1,02;V
07/01/2011;1,02;V
08/01/2011;1,02;V
09/01/2011;1,02;V
10/01/2011;1,02;V
11/01/2011;1,02;V
12/01/2011;1,02;V
13/01/2011;0,96;V
14/01/2011;0,92;V
15/01/2011;0,92;V
16/01/2011;0,91;V
17/01/2011;0,91;V
18/01/2011;0,89;V
19/01/2011;0,86;V
20/01/2011;0,86;V
21/01/2011;0,86;V
22/01/2011;0,86;V
23/01/2011;0,86;V
24/01/2011;0,86;V
25/01/2011;0,85;V
26/01/2011;0,85;V
27/01/2011;0,86;V
28/01/2011;0,86;V
29/01/2011;0,86;V
30/01/2011;0,89;V
31/01/2011;0,89;V
01/02/2011;0,87;V
02/02/2011;0,87;V
03/02/2011;0,87;V
04/02/2011;0,86;V
05/02/2011;0,86;V
06/02/2011;0,86;V
07/02/2011;0,86;V
08/02/2011;0,86;V
09/02/2011;0,86;V
10/02/2011;0,86;V
11/02/2011;0,86;V
12/02/2011;0,86;V
13/02/2011;0,87;V
14/02/2011;0,87;V
15/02/2011;0,87;V
16/02/2011;0,96;V
17/02/2011;1,08;V
18/02/2011;1,34;V
19/02/2011;1,27;V
20/02/2011;1,07;V
21/02/2011;1,04;V
22/02/2011;1,03;V
23/02/2011;1,03;V
24/02/2011;1,01;V
25/02/2011;0,88;V
26/02/2011;0,88;V
27/02/2011;0,89;V
28/02/2011;0,99;V
01/03/2011;0,87;V
02/03/2011;0,87;V
03/03/2011;0,86;V
04/03/2011;0,86;V
05/03/2011;0,86;V
06/03/2011;0,86;V
07/03/2011;0,89;V
08/03/2011;0,92;V
09/03/2011;0,92;V
10/03/2011;0,98;V
11/03/2011;1,02;V
12/03/2011;1,02;V
13/03/2011;1,03;V
14/03/2011;1,08;V
15/03/2011;1,44;V
16/03/2011;2,20;V
17/03/2011;2,11;V
18/03/2011;1,74;V
19/03/2011;1,41;V
20/03/2011;1,16;V
21/03/2011;1,03;V
22/03/2011;1,03;V
23/03/2011;1,03;V
24/03/2011;1,02;V
25/03/2011;1,02;V
26/03/2011;1,03;V
27/03/2011;1,02;V
28/03/2011;1,06;V
29/03/2011;1,04;V
30/03/2011;1,03;V
31/03/2011;1,03;V
01/04/2011;1,00;V
02/04/2011;0,93;V
03/04/2011;0,93;V
04/04/2011;0,92;V
05/04/2011;0,92;V
06/04/2011;0,92;V
07/04/2011;0,89;V
08/04/2011;0,86;V
09/04/2011;0,86;V
10/04/2011;0,86;V
11/04/2011;0,86;V
12/04/2011;0,86;V
13/04/2011;0,87;V
14/04/2011;0,89;V
15/04/2011;0,91;V
16/04/2011;0,92;V
17/04/2011;0,92;V
18/04/2011;0,92;V
19/04/2011;0,92;V
20/04/2011;0,92;V
21/04/2011;0,92;V
22/04/2011;0,93;V
23/04/2011;0,93;V
24/04/2011;0,94;V
25/04/2011;0,94;V
26/04/2011;0,93;V
27/04/2011;0,93;V
28/04/2011;0,93;V
29/04/2011;0,93;V
30/04/2011;0,95;V
01/05/2011;0,96;V
02/05/2011;0,96;V
03/05/2011;0,96;V
04/05/2011;0,96;V
05/05/2011;0,96;V
06/05/2011;0,96;V
07/05/2011;0,96;V
08/05/2011;0,96;V
09/05/2011;0,96;V
10/05/2011;0,96;V
11/05/2011;0,96;V
12/05/2011;0,96;V
13/05/2011;0,94;V
14/05/2011;0,93;V
15/05/2011;0,94;V
16/05/2011;0,93;V
17/05/2011;0,93;V
18/05/2011;0,93;V
19/05/2011;0,93;V
20/05/2011;0,92;V
21/05/2011;0,92;V
22/05/2011;0,92;V
23/05/2011;0,92;V
24/05/2011;0,91;V
25/05/2011;0,90;V
26/05/2011;0,90;V
27/05/2011;0,89;V
28/05/2011;0,88;V
29/05/2011;0,88;V
30/05/2011;0,87;V
31/05/2011;0,86;V
01/06/2011;0,86;V
02/06/2011;0,86;V
03/06/2011;0,85;V
04/06/2011;0,85;V
05/06/2011;0,90;V
06/06/2011;0,87;V
07/06/2011;0,87;V
08/06/2011;0,87;V
09/06/2011;0,84;V
10/06/2011;0,83;V
11/06/2011;0,82;V
12/06/2011;0,81;V
13/06/2011;0,81;V
14/06/2011;0,81;V
15/06/2011;0,80;V
16/06/2011;0,80;V
17/06/2011;0,80;V
18/06/2011;0,80;V
19/06/2011;0,80;V
20/06/2011;0,79;V
21/06/2011;0,79;V
22/06/2011;0,80;V
23/06/2011;0,81;V
24/06/2011;0,82;V
25/06/2011;0,81;V
26/06/2011;0,81;V
27/06/2011;0,81;V
28/06/2011;0,81;V
29/06/2011;0,82;V
30/06/2011;0,81;V
01/07/2011;0,82;V
02/07/2011;0,81;V
03/07/2011;0,81;V
04/07/2011;0,81;V
05/07/2011;0,81;V
06/07/2011;0,81;V
07/07/2011;0,81;V
08/07/2011;0,81;V
09/07/2011;0,81;V
10/07/2011;0,81;V
11/07/2011;0,81;V
12/07/2011;0,81;V
13/07/2011;0,81;V
14/07/2011;0,81;V
15/07/2011;0,80;V
16/07/2011;0,80;V
17/07/2011;0,80;V
18/07/2011;0,81;V
19/07/2011;0,80;V
20/07/2011;0,82;V
21/07/2011;0,87;V
22/07/2011;0,83;V
23/07/2011;0,81;V
24/07/2011;0,80;V
25/07/2011;0,80;V
26/07/2011;0,82;V
27/07/2011;0,81;V
28/07/2011;0,80;V
29/07/2011;0,80;V
30/07/2011;0,80;V
31/07/2011;0,80;V
01/08/2011;0,80;V
02/08/2011;0,81;V
03/08/2011;0,81;V
04/08/2011;0,81;V
05/08/2011;0,81;V
06/08/2011;0,81;V
07/08/2011;0,81;V
08/08/2011;0,82;V
09/08/2011;0,82;V
10/08/2011;0,82;V
11/08/2011;0,82;V
12/08/2011;0,82;V
13/08/2011;0,83;V
14/08/2011;0,83;V
15/08/2011;0,84;V
16/08/2011;0,84;V
17/08/2011;0,84;V
18/08/2011;0,84;V
19/08/2011;0,80;V
20/08/2011;0,79;V
21/08/2011;0,80;V
22/08/2011;0,83;V
23/08/2011;0,80;V
24/08/2011;0,79;V
25/08/2011;0,79;V
26/08/2011;0,79;V
27/08/2011;0,80;V
28/08/2011;0,80;V
29/08/2011;0,80;V
30/08/2011;0,80;V
31/08/2011;0,80;V
01/09/2011;0,81;V
02/09/2011;0,81;V
03/09/2011;0,81;V
04/09/2011;0,81;V
05/09/2011;0,82;V
06/09/2011;0,82;V
07/09/2011;0,82;V
08/09/2011;0,82;V
09/09/2011;0,82;V
10/09/2011;0,82;V
11/09/2011;0,84;V
12/09/2011;0,81;V
13/09/2011;0,81;V
14/09/2011;0,80;V
15/09/2011;0,80;V
16/09/2011;0,80;V
17/09/2011;0,80;V
18/09/2011;0,81;V
19/09/2011;0,82;V
20/09/2011;0,83;V
21/09/2011;0,81;V
22/09/2011;0,80;V
23/09/2011;0,80;V
24/09/2011;0,80;V
25/09/2011;0,80;V
26/09/2011;0,80;V
27/09/2011;0,80;V
28/09/2011;0,81;V
29/09/2011;0,81;V
30/09/2011;0,81;V
01/10/2011;0,81;V
02/10/2011;0,82;V
03/10/2011;0,81;V
04/10/2011;0,81;V
05/10/2011;0,81;V
06/10/2011;0,82;V
07/10/2011;0,83;V
08/10/2011;0,84;V
09/10/2011;0,83;V
10/10/2011;0,83;V
11/10/2011;0,82;V
12/10/2011;0,80;V
13/10/2011;0,81;V
14/10/2011;0,81;V
15/10/2011;0,82;V
16/10/2011;0,82;V
17/10/2011;0,82;V
18/10/2011;0,79;V
19/10/2011;0,82;V
20/10/2011;0,81;V
21/10/2011;0,80;V
22/10/2011;0,80;V
23/10/2011;0,80;V
24/10/2011;0,80;V
25/10/2011;0,81;V
26/10/2011;0,87;V
27/10/2011;0,84;V
28/10/2011;0,81;V
29/10/2011;0,81;V
30/10/2011;0,82;V
31/10/2011;0,82;V
01/11/2011;0,82;V
02/11/2011;0,84;V
03/11/2011;0,88;V
04/11/2011;0,88;V
05/11/2011;0,88;V
06/11/2011;0,88;V
07/11/2011;0,88;V
08/11/2011;0,88;V
09/11/2011;0,85;V
10/11/2011;0,81;V
11/11/2011;0,82;V
12/11/2011;0,84;V
13/11/2011;0,85;V
14/11/2011;0,86;V
15/11/2011;0,88;V
16/11/2011;0,81;V
17/11/2011;0,82;V
18/11/2011;0,82;V
19/11/2011;0,81;V
20/11/2011;0,81;V
21/11/2011;0,81;V
22/11/2011;0,82;V
23/11/2011;0,83;V
24/11/2011;0,84;V
25/11/2011;0,85;V
26/11/2011;0,85;V
27/11/2011;0,85;V
28/11/2011;0,85;V
29/11/2011;0,85;V
30/11/2011;0,85;V
01/12/2011;0,84;V
02/12/2011;0,86;V
03/12/2011;0,86;V
04/12/2011;0,86;V
05/12/2011;0,87;V
06/12/2011;0,86;V
07/12/2011;0,86;V
08/12/2011;0,85;V
09/12/2011;0,85;V
10/12/2011;0,85;V
11/12/2011;0,86;V
12/12/2011;0,89;V
13/12/2011;0,89;V
14/12/2011;0,89;V
15/12/2011;0,88;V
16/12/2011;0,91;V
17/12/2011;0,96;V
18/12/2011;0,87;V
19/12/2011;0,85;V
20/12/2011;0,83;V
21/12/2011;0,83;V
22/12/2011;0,82;V
23/12/2011;0,82;V
24/12/2011;0,82;V
25/12/2011;0,82;V
26/12/2011;0,82;V
27/12/2011;0,82;V
28/12/2011;0,83;V
29/12/2011;0,83;V
30/12/2011;0,83;V
31/12/2011;0,82;V
01/01/2012;0,81;V
02/01/2012;0,80;V
03/01/2012;0,83;V
04/01/2012;0,82;V
05/01/2012;0,82;V
06/01/2012;0,82;V
07/01/2012;0,82;V
08/01/2012;0,82;V
09/01/2012;0,81;V
10/01/2012;0,81;V
11/01/2012;0,81;V
12/01/2012;0,81;V
13/01/2012;0,82;V
14/01/2012;0,82;V
15/01/2012;0,82;V
16/01/2012;0,82;V
17/01/2012;0,82;V
18/01/2012;0,93;V
19/01/2012;0,94;V
20/01/2012;0,79;V
21/01/2012;0,79;V
22/01/2012;0,79;V
23/01/2012;0,79;V
24/01/2012;0,80;V
25/01/2012;0,80;V
26/01/2012;0,80;V
27/01/2012;0,80;V
28/01/2012;0,80;V
29/01/2012;0,80;V
30/01/2012;0,80;V
31/01/2012;0,81;V
01/02/2012;0,82;V
02/02/2012;0,82;V
03/02/2012;0,82;V
04/02/2012;0,82;V
05/02/2012;0,82;V
06/02/2012;0,82;V
07/02/2012;0,83;V
08/02/2012;0,83;V
09/02/2012;0,83;V
10/02/2012;0,83;V
11/02/2012;0,83;V
12/02/2012;0,83;V
13/02/2012;0,83;V
14/02/2012;0,85;V
15/02/2012;0,85;V
16/02/2012;0,85;V
17/02/2012;0,85;V
18/02/2012;0,85;V
19/02/2012;0,85;V
20/02/2012;0,86;V
21/02/2012;0,86;V
22/02/2012;0,86;V
23/02/2012;0,86;V
24/02/2012;0,86;V
25/02/2012;0,86;V
26/02/2012;0,86;V
27/02/2012;0,86;V
28/02/2012;0,86;V
29/02/2012;0,86;V
01/03/2012;0,86;V
02/03/2012;0,86;V
03/03/2012;0,86;V
04/03/2012;0,86;V
05/03/2012;0,86;V
06/03/2012;0,90;V
07/03/2012;0,89;V
08/03/2012;0,88;V
09/03/2012;0,88;V
10/03/2012;0,89;V
11/03/2012;0,89;V
12/03/2012;0,89;V
13/03/2012;0,89;V
14/03/2012;0,89;V
15/03/2012;0,89;V
16/03/2012;0,89;V
17/03/2012;0,88;V
18/03/2012;0,88;V
19/03/2012;0,94;V
20/03/2012;1,05;V
21/03/2012;1,04;V
22/03/2012;1,04;V
23/03/2012;1,04;V
24/03/2012;1,04;V
25/03/2012;1,04;V
26/03/2012;1,01;V
27/03/2012;0,82;V
28/03/2012;0,81;V
29/03/2012;0,82;V
30/03/2012;0,82;V
31/03/2012;0,82;V
01/04/2012;0,82;V
02/04/2012;0,83;V
03/04/2012;0,83;V
04/04/2012;0,83;V
05/04/2012;0,83;V
06/04/2012;0,84;V
07/04/2012;0,84;V
08/04/2012;0,84;V
09/04/2012;0,84;V
10/04/2012;0,84;V
11/04/2012;0,89;V
12/04/2012;0,90;V
13/04/2012;0,85;V
14/04/2012;0,85;V
15/04/2012;0,88;V
16/04/2012;0,86;V
17/04/2012;0,85;V
18/04/2012;0,85;V
19/04/2012;0,86;V
20/04/2012;0,92;V
21/04/2012;1,07;V
22/04/2012;0,94;V
23/04/2012;0,91;V
24/04/2012;0,93;V
25/04/2012;0,91;V
26/04/2012;0,89;V
27/04/2012;0,88;V
28/04/2012;0,88;V
29/04/2012;0,91;V
30/04/2012;0,90;V
01/05/2012;0,90;V
02/05/2012;0,90;V
03/05/2012;0,90;V
04/05/2012;0,90;V
05/05/2012;0,90;V
06/05/2012;0,91;V
07/05/2012;0,99;V
08/05/2012;0,93;V
09/05/2012;0,91;V
10/05/2012;0,91;V
11/05/2012;0,91;V
12/05/2012;0,92;V
13/05/2012;0,91;V
14/05/2012;0,91;V
15/05/2012;0,91;V
16/05/2012;0,91;V
17/05/2012;0,91;V
18/05/2012;0,91;V
19/05/2012;0,91;V
20/05/2012;0,92;V
21/05/2012;1,06;V
22/05/2012;1,05;V
23/05/2012;1,06;V
24/05/2012;1,09;V
25/05/2012;1,02;V
26/05/2012;1,01;V
27/05/2012;1,01;V
28/05/2012;1,01;V
29/05/2012;1,03;V
30/05/2012;1,08;V
31/05/2012;1,09;V
01/06/2012;1,01;V
02/06/2012;0,87;V
03/06/2012;0,87;V
04/06/2012;0,88;V
05/06/2012;0,87;V
06/06/2012;0,87;V
07/06/2012;0,86;V
08/06/2012;0,85;V
09/06/2012;0,84;V
10/06/2012;0,84;V
11/06/2012;0,85;V
12/06/2012;0,86;V
13/06/2012;0,84;V
14/06/2012;0,84;V
15/06/2012;0,83;V
16/06/2012;0,83;V
17/06/2012;0,82;V
18/06/2012;0,82;V
19/06/2012;0,81;V
20/06/2012;0,81;V
21/06/2012;0,81;V
22/06/2012;0,80;V
23/06/2012;0,80;V
24/06/2012;0,80;V
25/06/2012;0,79;V
26/06/2012;0,79;V
27/06/2012;0,79;V
28/06/2012;0,79;V
29/06/2012;0,79;V
30/06/2012;0,79;V
01/07/2012;0,79;V
02/07/2012;0,79;V
03/07/2012;0,79;V
04/07/2012;0,79;V
05/07/2012;0,79;V
06/07/2012;0,79;V
07/07/2012;0,79;V
08/07/2012;0,79;V
09/07/2012;0,79;V
10/07/2012;0,79;V
11/07/2012;0,79;V
12/07/2012;0,79;V
13/07/2012;0,79;V
14/07/2012;0,79;V
15/07/2012;0,79;V
16/07/2012;0,79;V
17/07/2012;0,79;V
18/07/2012;0,79;V
19/07/2012;0,79;V
20/07/2012;0,79;V
21/07/2012;0,79;V
22/07/2012;0,79;V
23/07/2012;0,79;V
24/07/2012;0,79;V
25/07/2012;0,79;V
26/07/2012;0,80;V
27/07/2012;0,79;V
28/07/2012;0,79;V
29/07/2012;0,79;V
30/07/2012;0,80;V
31/07/2012;0,80;V
01/08/2012;0,80;V
02/08/2012;0,83;V
03/08/2012;0,82;V
04/08/2012;0,80;V
05/08/2012;0,80;V
06/08/2012;0,80;V
07/08/2012;0,80;V
08/08/2012;0,80;V
09/08/2012;0,80;V
10/08/2012;0,81;V
11/08/2012;0,81;V
12/08/2012;0,81;V
13/08/2012;0,80;V
14/08/2012;0,80;V
15/08/2012;0,81;V
16/08/2012;0,80;V
17/08/2012;0,80;V
18/08/2012;0,80;V
19/08/2012;0,80;V
20/08/2012;0,80;V
21/08/2012;0,80;V
22/08/2012;0,80;V
23/08/2012;0,80;V
24/08/2012;0,80;V
25/08/2012;0,80;V
26/08/2012;0,82;V
27/08/2012;0,81;V
28/08/2012;0,80;V
29/08/2012;0,80;V
30/08/2012;0,80;V
31/08/2012;0,82;V
01/09/2012;0,83;V
02/09/2012;0,82;V
03/09/2012;0,83;V
04/09/2012;0,83;V
05/09/2012;0,83;V
06/09/2012;0,83;V
07/09/2012;0,83;V
08/09/2012;0,83;V
09/09/2012;0,83;V
10/09/2012;0,83;V
11/09/2012;0,83;V
12/09/2012;0,83;V
13/09/2012;0,83;V
14/09/2012;0,83;V
15/09/2012;0,83;V
16/09/2012;0,84;V
17/09/2012;0,83;V
18/09/2012;0,85;V
19/09/2012;0,84;V
20/09/2012;0,89;V
21/09/2012;0,81;V
22/09/2012;0,80;V
23/09/2012;0,81;V
24/09/2012;0,81;V
25/09/2012;0,81;V
26/09/2012;0,82;V
27/09/2012;0,82;V
28/09/2012;0,82;V
29/09/2012;0,81;V
30/09/2012;0,83;V
01/10/2012;0,85;V
02/10/2012;0,83;V
03/10/2012;0,83;V
04/10/2012;0,83;V
05/10/2012;0,82;V
06/10/2012;0,82;V
07/10/2012;0,82;V
08/10/2012;0,82;V
09/10/2012;0,82;V
10/10/2012;0,86;V
11/10/2012;0,81;V
12/10/2012;0,81;V
13/10/2012;0,81;V
14/10/2012;0,81;V
15/10/2012;0,82;V
16/10/2012;0,83;V
17/10/2012;0,82;V
18/10/2012;0,82;V
19/10/2012;0,82;V
20/10/2012;0,82;V
21/10/2012;0,82;V
22/10/2012;0,82;V
23/10/2012;0,81;V
24/10/2012;0,81;V
25/10/2012;0,81;V
26/10/2012;0,83;V
27/10/2012;0,87;V
28/10/2012;0,87;V
29/10/2012;0,88;V
30/10/2012;0,86;V
31/10/2012;0,87;V
01/11/2012;0,93;V
02/11/2012;0,89;V
03/11/2012;0,88;V
04/11/2012;0,91;V
05/11/2012;0,94;V
06/11/2012;0,90;V
07/11/2012;0,89;V
08/11/2012;0,88;V
09/11/2012;0,90;V
10/11/2012;0,88;V
11/11/2012;0,92;V
12/11/2012;0,93;V
13/11/2012;0,93;V
14/11/2012;0,91;V
15/11/2012;0,90;V
16/11/2012;0,89;V
17/11/2012;0,89;V
18/11/2012;0,89;V
19/11/2012;0,89;V
20/11/2012;0,88;V
21/11/2012;0,88;V
22/11/2012;0,88;V
23/11/2012;0,87;V
24/11/2012;0,86;V
25/11/2012;0,86;V
26/11/2012;0,86;V
27/11/2012;0,91;V
28/11/2012;1,14;V
29/11/2012;1,02;V
30/11/2012;0,95;V
01/12/2012;0,93;V
02/12/2012;0,95;V
03/12/2012;0,92;V
04/12/2012;1,04;V
05/12/2012;1,01;V
06/12/2012;0,95;V
07/12/2012;0,92;V
08/12/2012;;@
09/12/2012;;@
10/12/2012;;@
11/12/2012;0,94;@
12/12/2012;0,92;V
13/12/2012;0,92;V
14/12/2012;0,91;V
15/12/2012;1,21;V
16/12/2012;1,08;V
17/12/2012;1,04;V
18/12/2012;1,07;V
19/12/2012;1,07;V
20/12/2012;1,07;V
21/12/2012;1,03;V
22/12/2012;0,96;V
23/12/2012;0,95;V
24/12/2012;0,95;V
25/12/2012;0,95;V
26/12/2012;0,97;V
27/12/2012;0,96;V
28/12/2012;0,92;V
29/12/2012;0,90;V
30/12/2012;0,90;V
31/12/2012;0,89;V
01/01/2013;0,89;V
02/01/2013;0,89;V
03/01/2013;0,89;V
04/01/2013;0,88;V
05/01/2013;0,88;V
06/01/2013;0,89;V
07/01/2013;0,89;V
08/01/2013;0,88;V
09/01/2013;0,91;V
10/01/2013;0,90;V
11/01/2013;0,90;V
12/01/2013;0,89;V
13/01/2013;0,92;V
14/01/2013;1,11;V
15/01/2013;1,07;V
16/01/2013;1,06;V
17/01/2013;1,08;V
18/01/2013;1,07;V
19/01/2013;1,07;V
20/01/2013;1,23;V
21/01/2013;1,16;V
22/01/2013;1,27;V
23/01/2013;1,45;V
24/01/2013;1,30;V
25/01/2013;1,14;V
26/01/2013;1,11;V
27/01/2013;1,09;V
28/01/2013;1,09;V
29/01/2013;1,09;V
30/01/2013;1,09;V
31/01/2013;1,08;V
01/02/2013;1,08;V
02/02/2013;1,08;V
03/02/2013;1,09;V
04/02/2013;1,09;V
05/02/2013;1,08;V
06/02/2013;1,08;V
07/02/2013;1,08;V
08/02/2013;1,08;V
09/02/2013;1,08;V
10/02/2013;1,08;V
11/02/2013;1,09;V
12/02/2013;1,10;V
13/02/2013;1,10;V
14/02/2013;1,12;V
15/02/2013;1,11;V
16/02/2013;1,10;V
17/02/2013;1,09;V
18/02/2013;1,02;V
19/02/2013;0,95;V
20/02/2013;0,95;V
21/02/2013;0,98;V
22/02/2013;1,00;V
23/02/2013;0,99;V
24/02/2013;1,08;V
25/02/2013;1,10;V
26/02/2013;1,04;V
27/02/2013;1,02;V
28/02/2013;1,01;V
01/03/2013;1,03;V
02/03/2013;1,06;V
03/03/2013;1,09;V
04/03/2013;1,10;V
05/03/2013;1,11;V
06/03/2013;1,16;V
07/03/2013;1,26;V
08/03/2013;1,95;V
09/03/2013;2,20;V
10/03/2013;2,07;V
11/03/2013;1,79;V
12/03/2013;1,58;V
13/03/2013;1,72;V
14/03/2013;1,82;V
15/03/2013;1,52;V
16/03/2013;1,29;V
17/03/2013;1,16;V
18/03/2013;2,99;V
19/03/2013;2,51;V
20/03/2013;1,95;V
21/03/2013;1,82;V
22/03/2013;1,70;V
23/03/2013;1,62;V
24/03/2013;1,59;V
25/03/2013;1,58;V
26/03/2013;1,51;V
27/03/2013;1,28;V
28/03/2013;1,18;V
29/03/2013;1,40;V
30/03/2013;1,79;V
31/03/2013;2,23;V
01/04/2013;1,71;V
02/04/2013;1,73;V
03/04/2013;1,61;V
04/04/2013;1,38;V
05/04/2013;1,45;V
06/04/2013;1,42;V
07/04/2013;1,26;V
08/04/2013;1,18;V
09/04/2013;1,17;V
10/04/2013;1,18;V
11/04/2013;1,18;V
12/04/2013;1,17;V
13/04/2013;1,19;V
14/04/2013;1,18;V
15/04/2013;1,16;V
16/04/2013;1,16;V
17/04/2013;1,16;V
18/04/2013;1,16;V
19/04/2013;1,11;V
20/04/2013;1,05;V
21/04/2013;1,05;V
22/04/2013;1,01;V
23/04/2013;0,94;V
24/04/2013;0,93;V
25/04/2013;0,92;V
26/04/2013;0,90;V
27/04/2013;0,89;V
28/04/2013;0,92;V
29/04/2013;0,93;V
30/04/2013;0,91;V
01/05/2013;0,91;V
02/05/2013;0,92;V
03/05/2013;0,93;V
04/05/2013;0,96;V
05/05/2013;1,03;V
06/05/2013;1,05;V
07/05/2013;1,04;V
08/05/2013;1,02;V
09/05/2013;0,99;V
10/05/2013;0,98;V
11/05/2013;0,92;V
12/05/2013;0,92;V
13/05/2013;0,92;V
14/05/2013;0,92;V
15/05/2013;0,92;V
16/05/2013;1,01;V
17/05/2013;1,21;V
18/05/2013;1,45;V
19/05/2013;1,35;V
20/05/2013;1,23;V
21/05/2013;1,09;V
22/05/2013;0,99;V
23/05/2013;0,99;V
24/05/2013;1,00;V
25/05/2013;1,08;V
26/05/2013;1,53;V
27/05/2013;1,44;V
28/05/2013;1,25;V
29/05/2013;1,17;V
30/05/2013;1,41;V
31/05/2013;1,64;V
01/06/2013;1,39;V
02/06/2013;1,22;V
03/06/2013;1,12;V
04/06/2013;1,05;V
05/06/2013;1,05;V
06/06/2013;1,05;V
07/06/2013;1,01;V
08/06/2013;0,98;V
09/06/2013;0,97;V
10/06/2013;1,09;V
11/06/2013;1,06;V
12/06/2013;0,96;V
13/06/2013;0,94;V
14/06/2013;0,92;V
15/06/2013;0,92;V
16/06/2013;0,92;V
17/06/2013;0,93;V
18/06/2013;0,91;V
19/06/2013;0,90;V
20/06/2013;0,89;V
21/06/2013;0,89;V
22/06/2013;0,92;V
23/06/2013;0,92;V
24/06/2013;0,92;V
25/06/2013;0,96;V
26/06/2013;0,93;V
27/06/2013;0,95;V
28/06/2013;0,94;V
29/06/2013;0,93;V
30/06/2013;0,94;V
01/07/2013;0,94;V
02/07/2013;1,07;V
03/07/2013;1,15;V
04/07/2013;1,06;V
05/07/2013;0,98;V
06/07/2013;0,99;V
07/07/2013;0,98;V
08/07/2013;0,91;V
09/07/2013;0,98;V
10/07/2013;0,91;V
11/07/2013;0,95;V
12/07/2013;0,92;V
13/07/2013;0,91;V
14/07/2013;0,91;V
15/07/2013;0,90;V
16/07/2013;0,90;V
17/07/2013;0,90;V
18/07/2013;0,89;V
19/07/2013;0,89;V
20/07/2013;0,90;V
21/07/2013;0,90;V
22/07/2013;0,90;V
23/07/2013;0,91;V
24/07/2013;0,91;V
25/07/2013;0,91;V
26/07/2013;0,90;V
27/07/2013;0,89;V
28/07/2013;0,89;V
29/07/2013;0,89;V
30/07/2013;0,89;V
31/07/2013;0,89;V
01/08/2013;0,90;V
02/08/2013;0,91;V
03/08/2013;0,89;V
04/08/2013;0,90;V
05/08/2013;0,88;V
06/08/2013;0,88;V
07/08/2013;0,91;V
08/08/2013;0,93;V
09/08/2013;0,92;V
10/08/2013;0,92;V
11/08/2013;0,92;V
12/08/2013;0,93;V
13/08/2013;0,92;V
14/08/2013;0,93;V
15/08/2013;0,94;V
16/08/2013;0,93;V
17/08/2013;0,93;V
18/08/2013;0,94;V
19/08/2013;0,95;V
20/08/2013;0,98;V
21/08/2013;0,97;V
22/08/2013;0,96;V
23/08/2013;0,95;V
24/08/2013;0,97;V
25/08/2013;0,96;V
26/08/2013;0,97;V
27/08/2013;0,97;V
28/08/2013;0,97;V
29/08/2013;0,98;V
30/08/2013;0,98;V
31/08/2013;0,98;V
01/09/2013;0,98;V
02/09/2013;0,98;V
03/09/2013;0,97;V
04/09/2013;0,97;V
05/09/2013;0,95;V
06/09/2013;0,95;V
07/09/2013;0,96;V
08/09/2013;0,97;V
09/09/2013;0,97;V
10/09/2013;0,96;V
11/09/2013;0,97;V
12/09/2013;0,97;V
13/09/2013;0,97;V
14/09/2013;0,97;V
15/09/2013;0,96;V
16/09/2013;0,95;V
17/09/2013;0,95;V
18/09/2013;0,96;V
19/09/2013;0,96;V
20/09/2013;0,97;V
21/09/2013;0,97;V
22/09/2013;0,97;V
23/09/2013;0,96;V
24/09/2013;0,93;V
25/09/2013;0,92;V
26/09/2013;0,92;V
27/09/2013;0,92;V
28/09/2013;0,92;V
29/09/2013;0,94;V
30/09/2013;0,92;V
01/10/2013;0,93;V
02/10/2013;0,90;V
03/10/2013;0,89;V
04/10/2013;0,89;V
05/10/2013;0,95;V
06/10/2013;0,95;V
07/10/2013;0,92;V
08/10/2013;0,91;V
09/10/2013;0,89;V
10/10/2013;0,90;V
11/10/2013;0,89;V
12/10/2013;0,90;V
13/10/2013;0,90;V
14/10/2013;0,89;V
15/10/2013;0,89;V
16/10/2013;0,89;V
17/10/2013;1,01;V
18/10/2013;0,98;V
19/10/2013;0,90;V
20/10/2013;0,89;V
21/10/2013;1,15;V
22/10/2013;0,99;V
23/10/2013;0,96;V
24/10/2013;1,02;V
25/10/2013;1,08;V
26/10/2013;1,11;V
27/10/2013;1,11;V
28/10/2013;1,11;V
29/10/2013;1,11;V
30/10/2013;1,11;V
31/10/2013;1,08;V
01/11/2013;1,02;V
02/11/2013;1,01;V
03/11/2013;1,01;V
04/11/2013;0,92;V
05/11/2013;0,89;V
06/11/2013;0,88;V
07/11/2013;0,90;V
08/11/2013;0,86;V
09/11/2013;0,85;V
10/11/2013;0,85;V
11/11/2013;0,94;V
12/11/2013;0,94;V
13/11/2013;0,91;V
14/11/2013;0,89;V
15/11/2013;0,94;V
16/11/2013;0,92;V
17/11/2013;0,90;V
18/11/2013;0,88;V
19/11/2013;0,88;V
20/11/2013;0,89;V
21/11/2013;1,03;V
22/11/2013;1,09;V
23/11/2013;0,96;V
24/11/2013;0,93;V
25/11/2013;0,91;V
26/11/2013;0,91;V
27/11/2013;0,89;V
28/11/2013;0,91;V
29/11/2013;0,94;V
30/11/2013;0,91;V
01/12/2013;0,89;V
02/12/2013;0,87;V
03/12/2013;0,86;V
04/12/2013;0,86;V
05/12/2013;0,85;V
06/12/2013;0,83;V
07/12/2013;0,85;V
08/12/2013;0,85;V
09/12/2013;0,84;V
10/12/2013;0,84;V
11/12/2013;0,83;V
12/12/2013;0,82;V
13/12/2013;0,81;V
14/12/2013;0,81;V
15/12/2013;0,81;V
16/12/2013;0,81;V
17/12/2013;0,81;V
18/12/2013;0,80;V
19/12/2013;0,79;V
20/12/2013;0,80;V
21/12/2013;0,81;V
22/12/2013;0,80;V
23/12/2013;0,80;V
24/12/2013;0,79;V
25/12/2013;0,80;V
26/12/2013;1,00;V
27/12/2013;0,95;V
28/12/2013;0,90;V
29/12/2013;0,96;V
30/12/2013;0,96;V
31/12/2013;0,90;V
01/01/2014;0,88;V
02/01/2014;0,87;V
03/01/2014;1,04;V
04/01/2014;1,00;V
05/01/2014;1,19;V
06/01/2014;1,14;V
07/01/2014;1,13;V
08/01/2014;1,13;V
09/01/2014;1,12;V
10/01/2014;1,11;V
11/01/2014;1,12;V
12/01/2014;1,11;V
13/01/2014;;@
14/01/2014;1,04;V
15/01/2014;1,04;V
16/01/2014;1,08;V
17/01/2014;1,19;V
18/01/2014;1,76;V
19/01/2014;1,97;V
20/01/2014;1,94;V
21/01/2014;1,66;V
22/01/2014;1,40;V
23/01/2014;1,20;V
24/01/2014;1,36;V
25/01/2014;1,40;V
26/01/2014;1,22;V
27/01/2014;1,13;V
28/01/2014;1,11;V
29/01/2014;1,11;V
30/01/2014;1,95;V
31/01/2014;3,08;V
01/02/2014;2,18;V
02/02/2014;1,90;V
03/02/2014;1,73;V
04/02/2014;1,48;V
05/02/2014;1,49;V
06/02/2014;1,70;V
07/02/2014;1,59;V
08/02/2014;2,09;V
09/02/2014;1,81;V
10/02/2014;2,61;V
11/02/2014;3,18;V
12/02/2014;2,12;V
13/02/2014;1,64;V
14/02/2014;1,49;V
15/02/2014;1,30;V
16/02/2014;1,15;V
17/02/2014;1,09;V
18/02/2014;1,07;V
19/02/2014;1,07;V
20/02/2014;1,37;V
21/02/2014;1,53;V
22/02/2014;1,62;V
23/02/2014;1,58;V
24/02/2014;1,33;V
25/02/2014;1,15;V
26/02/2014;1,12;V
27/02/2014;1,36;V
28/02/2014;1,21;V
01/03/2014;1,39;V
02/03/2014;1,43;V
03/03/2014;1,21;V
04/03/2014;1,15;V
05/03/2014;1,49;V
06/03/2014;1,33;V
07/03/2014;1,14;V
08/03/2014;1,07;V
09/03/2014;1,07;V
10/03/2014;1,06;V
11/03/2014;1,06;V
12/03/2014;1,07;V
13/03/2014;1,07;V
14/03/2014;1,06;V
15/03/2014;1,06;V
16/03/2014;1,06;V
17/03/2014;1,06;V
18/03/2014;1,06;V
19/03/2014;0,94;V
20/03/2014;0,91;V
21/03/2014;1,06;V
22/03/2014;1,06;V
23/03/2014;1,07;V
24/03/2014;1,08;V
25/03/2014;1,07;V
26/03/2014;1,07;V
27/03/2014;1,06;V
28/03/2014;1,07;V
29/03/2014;1,07;V
30/03/2014;1,06;V
31/03/2014;1,06;V
01/04/2014;1,06;V
02/04/2014;1,06;V
03/04/2014;1,07;V
04/04/2014;0,94;V
05/04/2014;0,88;V
06/04/2014;0,87;V
07/04/2014;0,86;V
08/04/2014;0,93;V
09/04/2014;1,05;V
10/04/2014;0,93;V
11/04/2014;0,85;V
12/04/2014;0,85;V
13/04/2014;0,85;V
14/04/2014;0,84;V
15/04/2014;0,85;V
16/04/2014;0,86;V
17/04/2014;0,87;V
18/04/2014;0,88;V
19/04/2014;0,88;V
20/04/2014;0,89;V
21/04/2014;0,89;V
22/04/2014;0,90;V
23/04/2014;0,90;V
24/04/2014;0,90;V
25/04/2014;0,89;V
26/04/2014;0,88;V
27/04/2014;0,89;V
28/04/2014;0,89;V
29/04/2014;0,90;V
30/04/2014;0,90;V
01/05/2014;0,90;V
02/05/2014;0,95;V
03/05/2014;0,88;V
04/05/2014;0,86;V
05/05/2014;0,84;V
06/05/2014;0,83;V
07/05/2014;0,83;V
08/05/2014;0,84;V
09/05/2014;0,83;V
10/05/2014;0,82;V
11/05/2014;0,82;V
12/05/2014;0,82;V
13/05/2014;0,82;V
14/05/2014;0,83;V
15/05/2014;0,83;V
16/05/2014;0,83;V
17/05/2014;0,83;V
18/05/2014;0,83;V
19/05/2014;0,83;V
20/05/2014;0,83;V
21/05/2014;0,83;V
22/05/2014;0,83;V
23/05/2014;0,82;V
24/05/2014;0,83;V
25/05/2014;0,82;V
26/05/2014;0,82;V
27/05/2014;0,81;V
28/05/2014;0,81;V
29/05/2014;0,81;V
30/05/2014;0,82;V
31/05/2014;0,82;V
01/06/2014;0,82;V
02/06/2014;0,82;V
03/06/2014;0,81;V
04/06/2014;0,80;V
05/06/2014;0,81;V
06/06/2014;0,81;V
07/06/2014;0,81;V
08/06/2014;0,80;V
09/06/2014;0,82;V
10/06/2014;0,79;V
11/06/2014;0,79;V
12/06/2014;0,80;V
13/06/2014;0,79;V
14/06/2014;0,79;V
15/06/2014;0,80;V
16/06/2014;0,81;V
17/06/2014;0,81;V
18/06/2014;0,82;V
19/06/2014;0,82;V
20/06/2014;0,82;V
21/06/2014;0,82;V
22/06/2014;0,84;V
23/06/2014;0,81;V
24/06/2014;0,80;V
25/06/2014;0,80;V
26/06/2014;0,80;V
27/06/2014;0,80;V
28/06/2014;0,80;V
29/06/2014;0,80;V
30/06/2014;0,81;V
01/07/2014;0,80;V
02/07/2014;0,80;V
03/07/2014;0,80;V
04/07/2014;0,80;V
05/07/2014;0,80;V
06/07/2014;0,80;V
07/07/2014;0,78;V
08/07/2014;0,78;V
09/07/2014;0,79;V
10/07/2014;0,80;V
11/07/2014;0,79;V
12/07/2014;0,79;V
13/07/2014;0,79;V
14/07/2014;0,79;V
15/07/2014;0,80;V
16/07/2014;0,80;V
17/07/2014;0,79;V
18/07/2014;0,79;V
19/07/2014;0,81;V
20/07/2014;0,78;V
21/07/2014;0,79;V
22/07/2014;0,79;V
23/07/2014;0,79;V
24/07/2014;0,79;V
25/07/2014;0,79;V
26/07/2014;0,80;V
27/07/2014;0,79;V
28/07/2014;0,79;V
29/07/2014;0,80;V
30/07/2014;0,86;V
31/07/2014;0,81;V
01/08/2014;0,80;V
02/08/2014;0,80;V
03/08/2014;0,80;V
04/08/2014;0,80;V
05/08/2014;0,80;V
06/08/2014;0,80;V
07/08/2014;0,80;V
08/08/2014;0,80;V
09/08/2014;0,79;V
10/08/2014;0,79;V
11/08/2014;0,78;V
12/08/2014;0,78;V
13/08/2014;0,78;V
14/08/2014;0,78;V
15/08/2014;0,78;V
16/08/2014;0,79;V
17/08/2014;0,79;V
18/08/2014;0,79;V
19/08/2014;0,79;V
20/08/2014;0,79;V
21/08/2014;0,79;V
22/08/2014;0,79;V
23/08/2014;0,79;V
24/08/2014;0,79;V
25/08/2014;0,79;V
26/08/2014;0,79;V
27/08/2014;0,79;V
28/08/2014;0,79;V
29/08/2014;0,79;V
30/08/2014;0,79;V
31/08/2014;0,78;V
01/09/2014;0,79;V
02/09/2014;0,80;V
03/09/2014;0,80;V
04/09/2014;0,80;V
05/09/2014;0,80;V
06/09/2014;0,80;V
07/09/2014;0,80;V
08/09/2014;0,80;V
09/09/2014;0,80;V
10/09/2014;0,81;V
11/09/2014;1,01;V
12/09/2014;0,95;V
13/09/2014;0,80;V
14/09/2014;0,80;V
15/09/2014;0,81;V
16/09/2014;0,82;V
17/09/2014;0,81;V
18/09/2014;0,80;V
19/09/2014;0,81;V
20/09/2014;1,10;V
21/09/2014;0,91;V
22/09/2014;0,92;V
23/09/2014;0,99;V
24/09/2014;0,98;V
25/09/2014;0,98;V
26/09/2014;0,98;V
27/09/2014;0,98;V
28/09/2014;0,98;V
29/09/2014;0,89;V
30/09/2014;0,82;V
01/10/2014;0,81;V
02/10/2014;0,81;V
03/10/2014;0,81;V
04/10/2014;0,80;V
05/10/2014;0,80;V
06/10/2014;0,80;V
07/10/2014;0,80;V
08/10/2014;0,80;V
09/10/2014;0,80;V
10/10/2014;0,80;V
11/10/2014;0,83;V
12/10/2014;0,87;V
13/10/2014;0,90;V
14/10/2014;0,96;V
15/10/2014;1,03;V
16/10/2014;0,94;V
17/10/2014;0,90;V
18/10/2014;0,89;V
19/10/2014;0,87;V
20/10/2014;0,86;V
21/10/2014;0,85;V
22/10/2014;0,84;V
23/10/2014;0,89;V
24/10/2014;0,83;V
25/10/2014;0,83;V
26/10/2014;0,83;V
27/10/2014;0,82;V
28/10/2014;0,81;V
29/10/2014;0,82;V
30/10/2014;0,82;V
31/10/2014;0,81;V
01/11/2014;0,81;V
02/11/2014;0,80;V
03/11/2014;0,79;V
04/11/2014;0,78;V
05/11/2014;0,95;V
06/11/2014;1,08;V
07/11/2014;1,02;V
08/11/2014;0,93;V
09/11/2014;0,90;V
10/11/2014;0,94;V
11/11/2014;0,95;V
12/11/2014;0,91;V
13/11/2014;0,90;V
14/11/2014;0,89;V
15/11/2014;0,91;V
16/11/2014;1,05;V
17/11/2014;1,13;V
18/11/2014;1,22;V
19/11/2014;1,21;V
20/11/2014;1,11;V
21/11/2014;1,10;V
22/11/2014;1,09;V
23/11/2014;1,09;V
24/11/2014;1,09;V
25/11/2014;1,08;V
26/11/2014;1,11;V
27/11/2014;1,09;V
28/11/2014;1,08;V
29/11/2014;1,08;V
30/11/2014;1,07;V
01/12/2014;1,07;V
02/12/2014;1,07;V
03/12/2014;1,08;V
04/12/2014;1,09;V
05/12/2014;1,10;V
06/12/2014;1,09;V
07/12/2014;1,08;V
08/12/2014;1,08;V
09/12/2014;1,08;V
10/12/2014;1,08;V
11/12/2014;1,08;V
12/12/2014;0,99;V
13/12/2014;0,87;V
14/12/2014;0,87;V
15/12/2014;0,86;V
16/12/2014;0,87;V
17/12/2014;0,88;V
18/12/2014;0,88;V
19/12/2014;0,87;V
20/12/2014;0,87;V
21/12/2014;0,87;V
22/12/2014;0,86;V
23/12/2014;0,85;V
24/12/2014;0,84;V
25/12/2014;0,83;V
26/12/2014;0,83;V
27/12/2014;0,88;V
28/12/2014;1,00;V
29/12/2014;0,93;V
30/12/2014;0,90;V
31/12/2014;0,89;V
01/01/2015;0,87;V
02/01/2015;0,87;V
03/01/2015;0,86;V
04/01/2015;0,85;V
05/01/2015;0,86;V
06/01/2015;0,85;V
07/01/2015;0,85;V
08/01/2015;0,85;V
09/01/2015;0,84;V
10/01/2015;0,83;V
11/01/2015;0,83;V
12/01/2015;0,83;V
13/01/2015;0,83;V
14/01/2015;0,82;V
15/01/2015;0,82;V
16/01/2015;0,82;V
17/01/2015;0,83;V
18/01/2015;0,83;V
19/01/2015;0,82;V
20/01/2015;0,82;V
21/01/2015;0,85;V
22/01/2015;0,83;V
23/01/2015;0,82;V
24/01/2015;0,82;V
25/01/2015;0,82;V
26/01/2015;0,82;V
27/01/2015;0,82;V
28/01/2015;0,82;V
29/01/2015;0,82;V
30/01/2015;1,17;V
31/01/2015;1,02;V
01/02/2015;0,99;V
02/02/2015;0,98;V
03/02/2015;0,98;V
04/02/2015;0,98;V
05/02/2015;1,09;V
06/02/2015;1,11;V
07/02/2015;1,09;V
08/02/2015;1,08;V
09/02/2015;1,02;V
10/02/2015;0,98;V
11/02/2015;0,93;V
12/02/2015;0,88;V
13/02/2015;0,87;V
14/02/2015;0,86;V
15/02/2015;0,86;V
16/02/2015;0,86;V
17/02/2015;0,87;V
18/02/2015;0,87;V
19/02/2015;0,86;V
20/02/2015;0,84;V
21/02/2015;0,84;V
22/02/2015;0,95;V
23/02/2015;0,91;V
24/02/2015;0,88;V
25/02/2015;0,88;V
26/02/2015;0,87;V
27/02/2015;0,98;V
28/02/2015;1,07;V
01/03/2015;1,07;V
02/03/2015;1,07;V
03/03/2015;1,08;V
04/03/2015;1,08;V
05/03/2015;1,10;V
06/03/2015;1,09;V
07/03/2015;1,09;V
08/03/2015;1,09;V
09/03/2015;1,09;V
10/03/2015;0,97;V
11/03/2015;0,86;V
12/03/2015;0,86;V
13/03/2015;0,85;V
14/03/2015;0,85;V
15/03/2015;0,85;V
16/03/2015;0,87;V
17/03/2015;0,98;V
18/03/2015;0,93;V
19/03/2015;0,89;V
20/03/2015;0,88;V
21/03/2015;0,86;V
22/03/2015;0,86;V
23/03/2015;0,86;V
24/03/2015;0,85;V
25/03/2015;0,86;V
26/03/2015;1,17;V
27/03/2015;1,12;V
28/03/2015;1,11;V
29/03/2015;1,10;V
30/03/2015;1,09;V
31/03/2015;1,10;V
01/04/2015;1,10;V
02/04/2015;1,10;V
03/04/2015;1,02;V
04/04/2015;0,99;V
05/04/2015;1,01;V
06/04/2015;1,00;V
07/04/2015;0,99;V
08/04/2015;1,00;V
09/04/2015;0,92;V
10/04/2015;0,87;V
11/04/2015;0,86;V
12/04/2015;0,86;V
13/04/2015;0,85;V
14/04/2015;0,85;V
15/04/2015;0,84;V
16/04/2015;0,84;V
17/04/2015;0,84;V
18/04/2015;0,84;V
19/04/2015;0,84;V
20/04/2015;0,84;V
21/04/2015;0,84;V
22/04/2015;0,83;V
23/04/2015;0,83;V
24/04/2015;0,83;V
25/04/2015;0,84;V
26/04/2015;0,85;V
27/04/2015;0,89;V
28/04/2015;0,95;V
29/04/2015;0,95;V
30/04/2015;1,03;V
01/05/2015;0,93;V
02/05/2015;0,90;V
03/05/2015;0,88;V
04/05/2015;0,87;V
05/05/2015;0,86;V
06/05/2015;0,85;V
07/05/2015;0,85;V
08/05/2015;0,84;V
09/05/2015;0,84;V
10/05/2015;0,84;V
11/05/2015;0,83;V
12/05/2015;0,83;V
13/05/2015;0,82;V
14/05/2015;0,82;V
15/05/2015;0,83;V
16/05/2015;0,84;V
17/05/2015;0,83;V
18/05/2015;0,82;V
19/05/2015;0,82;V
20/05/2015;0,83;V
21/05/2015;0,84;V
22/05/2015;0,84;V
23/05/2015;0,84;V
24/05/2015;0,84;V
25/05/2015;0,83;V
26/05/2015;0,85;V
27/05/2015;0,85;V
28/05/2015;0,83;V
29/05/2015;0,81;V
30/05/2015;0,81;V
31/05/2015;0,81;V
01/06/2015;0,81;V
02/06/2015;0,81;V
03/06/2015;0,80;V
04/06/2015;0,80;V
05/06/2015;0,80;V
06/06/2015;0,80;V
07/06/2015;0,80;V
08/06/2015;0,79;V
09/06/2015;0,79;V
10/06/2015;0,80;V
11/06/2015;0,80;V
12/06/2015;0,83;V
13/06/2015;0,80;V
14/06/2015;0,80;V
15/06/2015;0,81;V
16/06/2015;0,81;V
17/06/2015;0,82;V
18/06/2015;0,81;V
19/06/2015;0,80;V
20/06/2015;0,82;V
21/06/2015;0,81;V
22/06/2015;0,80;V
23/06/2015;0,79;V
24/06/2015;0,81;V
25/06/2015;0,80;V
26/06/2015;0,79;V
27/06/2015;0,79;V
28/06/2015;0,79;V
29/06/2015;0,79;V
30/06/2015;0,78;V
01/07/2015;0,78;V
02/07/2015;0,78;V
03/07/2015;0,78;V
04/07/2015;0,78;V
05/07/2015;0,77;V
06/07/2015;0,77;V
07/07/2015;0,76;V
08/07/2015;0,76;V
09/07/2015;0,77;V
10/07/2015;0,78;V
11/07/2015;0,78;V
12/07/2015;0,78;V
13/07/2015;0,78;V
14/07/2015;0,78;V
15/07/2015;0,78;V
16/07/2015;0,78;V
17/07/2015;0,78;V
18/07/2015;0,78;V
19/07/2015;0,78;V
20/07/2015;0,78;V
21/07/2015;0,78;V
22/07/2015;0,79;V
23/07/2015;0,81;V
24/07/2015;0,82;V
25/07/2015;0,82;V
26/07/2015;0,82;V
27/07/2015;0,82;V
28/07/2015;0,82;V
29/07/2015;0,82;V
30/07/2015;0,83;V
31/07/2015;0,83;V
01/08/2015;0,84;V
02/08/2015;0,84;V
03/08/2015;0,83;V
04/08/2015;0,82;V
05/08/2015;0,82;V
06/08/2015;0,82;V
07/08/2015;0,82;V
08/08/2015;0,82;V
09/08/2015;0,82;V
10/08/2015;0,83;V
11/08/2015;0,79;V
12/08/2015;;@
13/08/2015;0,79;V
14/08/2015;0,79;V
15/08/2015;0,79;V
16/08/2015;0,80;V
17/08/2015;0,80;V
18/08/2015;0,80;V
19/08/2015;0,82;V
20/08/2015;0,81;V
21/08/2015;0,81;V
22/08/2015;0,81;V
23/08/2015;0,80;V
24/08/2015;0,83;V
25/08/2015;0,82;V
26/08/2015;0,81;V
27/08/2015;0,80;V
28/08/2015;0,81;V
29/08/2015;0,80;V
30/08/2015;0,80;V
31/08/2015;0,80;V
01/09/2015;0,79;V
02/09/2015;0,79;V
03/09/2015;0,83;V
04/09/2015;0,79;V
05/09/2015;0,79;V
06/09/2015;0,80;V
07/09/2015;0,80;V
08/09/2015;0,80;V
09/09/2015;0,80;V
10/09/2015;0,80;V
11/09/2015;0,80;V
12/09/2015;0,80;V
13/09/2015;0,79;V
14/09/2015;0,79;V
15/09/2015;0,79;V
16/09/2015;0,79;V
17/09/2015;0,82;V
18/09/2015;0,80;V
19/09/2015;0,80;V
20/09/2015;0,80;V
21/09/2015;0,80;V
22/09/2015;0,79;V
23/09/2015;0,80;V
24/09/2015;0,81;V
25/09/2015;0,81;V
26/09/2015;0,81;V
27/09/2015;0,80;V
28/09/2015;0,80;V
29/09/2015;0,80;V
30/09/2015;0,85;V
01/10/2015;0,81;V
02/10/2015;0,80;V
03/10/2015;0,80;V
04/10/2015;0,81;V
05/10/2015;0,81;V
06/10/2015;0,80;V
07/10/2015;0,80;V
08/10/2015;0,81;V
09/10/2015;0,80;V
10/10/2015;0,80;V
11/10/2015;0,81;V
12/10/2015;0,81;V
13/10/2015;0,83;V
14/10/2015;0,85;V
15/10/2015;0,84;V
16/10/2015;0,85;V
17/10/2015;0,84;V
18/10/2015;0,82;V
19/10/2015;0,81;V
20/10/2015;0,81;V
21/10/2015;0,81;V
22/10/2015;0,84;V
23/10/2015;0,81;V
24/10/2015;0,80;V
25/10/2015;0,81;V
26/10/2015;0,80;V
27/10/2015;0,80;V
28/10/2015;0,83;V
29/10/2015;0,94;V
30/10/2015;0,89;V
31/10/2015;0,87;V
01/11/2015;0,86;V
02/11/2015;0,85;V
03/11/2015;0,84;V
04/11/2015;0,83;V
05/11/2015;0,82;V
06/11/2015;0,83;V
07/11/2015;0,83;V
08/11/2015;0,82;V
09/11/2015;0,82;V
10/11/2015;0,81;V
11/11/2015;0,81;V
12/11/2015;0,81;V
13/11/2015;0,81;V
14/11/2015;0,84;V
15/11/2015;0,78;V
16/11/2015;0,78;V
17/11/2015;0,79;V
18/11/2015;0,79;V
19/11/2015;0,79;V
20/11/2015;0,78;V
21/11/2015;0,81;V
22/11/2015;0,87;V
23/11/2015;0,85;V
24/11/2015;0,83;V
25/11/2015;0,81;V
26/11/2015;0,81;V
27/11/2015;0,81;V
28/11/2015;0,81;V
29/11/2015;0,81;V
30/11/2015;0,81;V
01/12/2015;0,80;V
02/12/2015;0,80;V
03/12/2015;0,80;V
04/12/2015;0,80;V
05/12/2015;0,80;V
06/12/2015;0,80;V
07/12/2015;0,80;V
08/12/2015;0,79;V
09/12/2015;0,79;V
10/12/2015;0,80;V
11/12/2015;0,80;V
12/12/2015;0,79;V
13/12/2015;0,78;V
14/12/2015;0,79;V
15/12/2015;0,81;V
16/12/2015;0,79;V
17/12/2015;0,79;V
18/12/2015;0,78;V
19/12/2015;0,78;V
20/12/2015;0,79;V
21/12/2015;0,79;V
22/12/2015;0,79;V
23/12/2015;0,78;V
24/12/2015;0,78;V
25/12/2015;0,78;V
26/12/2015;0,78;V
27/12/2015;0,78;V
28/12/2015;0,78;V
29/12/2015;0,81;V
30/12/2015;0,83;V
31/12/2015;0,82;V
01/01/2016;0,82;V
02/01/2016;0,85;V
03/01/2016;0,96;V
04/01/2016;0,96;V
05/01/2016;0,96;V
06/01/2016;1,00;V
07/01/2016;0,98;V
08/01/2016;0,89;V
09/01/2016;0,88;V
10/01/2016;0,95;V
11/01/2016;0,91;V
12/01/2016;0,92;V
13/01/2016;0,92;V
14/01/2016;0,95;V
15/01/2016;1,07;V
16/01/2016;0,99;V
17/01/2016;0,95;V
18/01/2016;0,93;V
19/01/2016;0,92;V
20/01/2016;0,91;V
21/01/2016;0,91;V
22/01/2016;0,91;V
23/01/2016;0,90;V
24/01/2016;0,89;V
25/01/2016;0,89;V
26/01/2016;0,88;V
27/01/2016;0,88;V
28/01/2016;0,88;V
29/01/2016;0,88;V
30/01/2016;0,88;V
31/01/2016;0,89;V
01/02/2016;0,92;V
02/02/2016;0,93;V
03/02/2016;0,94;V
04/02/2016;0,98;V
05/02/2016;0,97;V
06/02/2016;0,96;V
07/02/2016;0,94;V
08/02/2016;0,97;V
09/02/2016;0,98;V
10/02/2016;1,19;V
11/02/2016;0,99;V
12/02/2016;1,05;V
13/02/2016;1,16;V
14/02/2016;1,23;V
15/02/2016;1,52;V
16/02/2016;2,13;V
17/02/2016;2,19;V
18/02/2016;1,81;V
19/02/2016;1,50;V
20/02/2016;1,26;V
21/02/2016;1,11;V
22/02/2016;1,06;V
23/02/2016;1,05;V
24/02/2016;1,05;V
25/02/2016;1,05;V
26/02/2016;1,06;V
27/02/2016;1,09;V
28/02/2016;1,65;V
29/02/2016;2,18;V
01/03/2016;2,03;V
02/03/2016;1,59;V
03/03/2016;1,56;V
04/03/2016;1,45;V
05/03/2016;1,41;V
06/03/2016;2,01;V
07/03/2016;1,75;V
08/03/2016;1,54;V
09/03/2016;1,45;V
10/03/2016;1,28;V
11/03/2016;1,14;V
12/03/2016;1,08;V
13/03/2016;1,07;V
14/03/2016;1,07;V
15/03/2016;1,06;V
16/03/2016;1,06;V
17/03/2016;1,07;V
18/03/2016;1,06;V
19/03/2016;1,06;V
20/03/2016;1,06;V
21/03/2016;1,04;V
22/03/2016;1,04;V
23/03/2016;0,98;V
24/03/2016;0,89;V
25/03/2016;0,84;V
26/03/2016;0,83;V
27/03/2016;0,82;V
28/03/2016;0,82;V
29/03/2016;0,82;V
30/03/2016;0,82;V
31/03/2016;0,81;V
01/04/2016;0,81;V
02/04/2016;0,81;V
03/04/2016;0,81;V
04/04/2016;0,80;V
05/04/2016;0,80;V
06/04/2016;0,80;V
07/04/2016;0,79;V
08/04/2016;0,80;V
09/04/2016;0,80;V
10/04/2016;0,80;V
11/04/2016;0,80;V
12/04/2016;0,80;V
13/04/2016;0,79;V
14/04/2016;0,79;V
15/04/2016;0,79;V
16/04/2016;0,79;V
17/04/2016;0,79;V
18/04/2016;0,79;V
19/04/2016;0,79;V
20/04/2016;0,80;V
21/04/2016;0,79;V
22/04/2016;0,78;V
23/04/2016;0,78;V
24/04/2016;0,79;V
25/04/2016;0,80;V
26/04/2016;0,79;V
27/04/2016;0,79;V
28/04/2016;0,79;V
29/04/2016;0,80;V
30/04/2016;0,80;V
01/05/2016;0,81;V
02/05/2016;0,80;V
03/05/2016;0,83;V
04/05/2016;0,81;V
05/05/2016;0,81;V
06/05/2016;0,80;V
07/05/2016;0,80;V
08/05/2016;0,80;V
09/05/2016;0,80;V
10/05/2016;0,79;V
11/05/2016;0,79;V
12/05/2016;0,83;V
13/05/2016;0,81;V
14/05/2016;0,82;V
15/05/2016;0,81;V
16/05/2016;0,80;V
17/05/2016;0,80;V
18/05/2016;0,79;V
19/05/2016;0,81;V
20/05/2016;0,83;V
21/05/2016;0,81;V
22/05/2016;0,80;V
23/05/2016;0,79;V
24/05/2016;0,80;V
25/05/2016;0,79;V
26/05/2016;0,82;V
27/05/2016;0,78;V
28/05/2016;0,77;V
29/05/2016;0,78;V
30/05/2016;0,78;V
31/05/2016;0,77;V
01/06/2016;0,76;V
02/06/2016;0,76;V
03/06/2016;0,76;V
04/06/2016;0,76;V
05/06/2016;0,77;V
06/06/2016;0,77;V
07/06/2016;0,77;V
08/06/2016;0,76;V
09/06/2016;0,77;V
10/06/2016;0,77;V
11/06/2016;0,77;V
12/06/2016;0,78;V
13/06/2016;0,77;V
14/06/2016;0,76;V
15/06/2016;0,77;V
16/06/2016;0,76;V
17/06/2016;0,78;V
18/06/2016;0,77;V
19/06/2016;0,76;V
20/06/2016;0,77;V
21/06/2016;0,77;V
22/06/2016;0,76;V
23/06/2016;0,75;V
24/06/2016;0,74;V
25/06/2016;0,74;V
26/06/2016;0,74;V
27/06/2016;0,75;V
28/06/2016;0,75;V
29/06/2016;0,74;V
30/06/2016;0,74;V
01/07/2016;0,74;V
02/07/2016;0,74;V
03/07/2016;0,74;V
04/07/2016;0,74;V
05/07/2016;0,74;V
06/07/2016;0,74;V
07/07/2016;0,75;V
08/07/2016;0,75;V
09/07/2016;0,75;V
10/07/2016;0,75;V
11/07/2016;0,75;V
12/07/2016;0,76;V
13/07/2016;0,76;V
14/07/2016;0,77;V
15/07/2016;0,77;V
16/07/2016;;@
17/07/2016;;@
18/07/2016;;@
19/07/2016;;@
20/07/2016;;@
21/07/2016;;@
22/07/2016;;@
23/07/2016;;@
24/07/2016;;@
25/07/2016;;@
26/07/2016;;@
27/07/2016;;@
28/07/2016;;@
29/07/2016;;@
30/07/2016;;@
31/07/2016;;@
01/08/2016;;@
02/08/2016;;@
03/08/2016;;@
04/08/2016;;@
05/08/2016;;@
06/08/2016;;@
07/08/2016;;@
08/08/2016;;@
09/08/2016;;@
10/08/2016;;@
11/08/2016;;@
12/08/2016;;@
13/08/2016;;@
14/08/2016;;@
15/08/2016;;@
16/08/2016;;@
17/08/2016;0,77;V
18/08/2016;0,77;V
19/08/2016;0,77;V
20/08/2016;0,77;V
21/08/2016;0,77;V
22/08/2016;0,79;V
23/08/2016;0,82;V
24/08/2016;0,84;V
25/08/2016;0,82;V
26/08/2016;0,82;V
27/08/2016;0,82;V
28/08/2016;0,82;V
29/08/2016;0,82;V
30/08/2016;;@
31/08/2016;;@
01/09/2016;;@
02/09/2016;;@
03/09/2016;;@
04/09/2016;;@
05/09/2016;;@
06/09/2016;;@
07/09/2016;;@
08/09/2016;;@
09/09/2016;;@
10/09/2016;;@
11/09/2016;;@
12/09/2016;;@
13/09/2016;;@
14/09/2016;;@
15/09/2016;;@
16/09/2016;;@
17/09/2016;;@
18/09/2016;;@
19/09/2016;;@
20/09/2016;0,84;V
21/09/2016;0,82;V
22/09/2016;0,82;V
23/09/2016;0,82;V
24/09/2016;0,82;V
25/09/2016;0,81;V
26/09/2016;0,81;V
27/09/2016;0,82;V
28/09/2016;0,82;V
29/09/2016;0,81;V
30/09/2016;0,81;V
01/10/2016;0,81;V
02/10/2016;0,81;V
03/10/2016;0,82;V
04/10/2016;0,84;V
05/10/2016;0,78;V
06/10/2016;0,77;V
07/10/2016;0,77;V
08/10/2016;0,78;V
09/10/2016;0,78;V
10/10/2016;0,78;V
11/10/2016;0,77;V
12/10/2016;0,78;V
13/10/2016;0,78;V
14/10/2016;0,82;V
15/10/2016;0,86;V
16/10/2016;0,82;V
17/10/2016;0,79;V
18/10/2016;0,78;V
19/10/2016;0,77;V
20/10/2016;0,77;V
21/10/2016;0,77;V
22/10/2016;0,78;V
23/10/2016;0,77;V
24/10/2016;0,78;V
25/10/2016;0,78;V
26/10/2016;0,85;V
27/10/2016;0,85;V
28/10/2016;0,79;V
29/10/2016;0,77;V
30/10/2016;0,77;V
31/10/2016;0,77;V
01/11/2016;0,77;V
02/11/2016;0,77;V
03/11/2016;0,80;V
04/11/2016;0,77;V
05/11/2016;0,84;V
06/11/2016;1,02;V
07/11/2016;0,94;V
08/11/2016;0,88;V
09/11/2016;0,86;V
10/11/2016;0,86;V
11/11/2016;0,85;V
12/11/2016;0,88;V
13/11/2016;0,86;V
14/11/2016;0,85;V
15/11/2016;0,84;V
16/11/2016;0,83;V
17/11/2016;0,84;V
18/11/2016;0,87;V
19/11/2016;1,14;V
20/11/2016;0,98;V
21/11/2016;0,92;V
22/11/2016;0,90;V
23/11/2016;0,88;V
24/11/2016;0,86;V
25/11/2016;0,86;V
26/11/2016;0,86;V
27/11/2016;0,84;V
28/11/2016;0,84;V
29/11/2016;0,83;V
30/11/2016;0,83;V
01/12/2016;0,82;V
02/12/2016;0,82;V
03/12/2016;0,82;V
04/12/2016;0,81;V
05/12/2016;0,81;V
06/12/2016;0,81;V
07/12/2016;0,89;V
08/12/2016;0,80;V
09/12/2016;0,79;V
10/12/2016;0,79;V
11/12/2016;0,78;V
12/12/2016;0,79;V
13/12/2016;0,80;V
14/12/2016;0,79;V
15/12/2016;0,79;V
16/12/2016;0,79;V
17/12/2016;0,79;V
18/12/2016;0,78;V
19/12/2016;0,77;V
20/12/2016;0,77;V
21/12/2016;0,78;V
22/12/2016;0,78;V
23/12/2016;0,78;V
24/12/2016;0,78;V
25/12/2016;0,77;V
26/12/2016;0,84;V
27/12/2016;0,77;V
28/12/2016;0,77;V
29/12/2016;0,77;V
30/12/2016;0,77;V
31/12/2016;0,76;V
01/01/2017;0,76;V
02/01/2017;0,76;V
03/01/2017;0,84;V
04/01/2017;0,82;V
05/01/2017;0,81;V
06/01/2017;0,80;V
07/01/2017;0,79;V
08/01/2017;0,78;V
09/01/2017;0,78;V
10/01/2017;0,78;V
11/01/2017;0,78;V
12/01/2017;0,78;V
13/01/2017;0,85;V
14/01/2017;0,89;V
15/01/2017;0,85;V
16/01/2017;0,83;V
17/01/2017;0,83;V
18/01/2017;0,83;V
19/01/2017;0,82;V
20/01/2017;0,82;V
21/01/2017;0,81;V
22/01/2017;0,81;V
23/01/2017;0,80;V
24/01/2017;0,80;V
25/01/2017;0,81;V
26/01/2017;0,81;V
27/01/2017;0,81;V
28/01/2017;0,80;V
29/01/2017;0,80;V
30/01/2017;0,80;V
31/01/2017;0,80;V
01/02/2017;0,80;V
02/02/2017;0,80;V
03/02/2017;0,82;V
04/02/2017;0,96;V
05/02/2017;1,13;V
06/02/2017;1,13;V
07/02/2017;1,01;V
08/02/2017;0,98;V
09/02/2017;0,97;V
10/02/2017;0,96;V
11/02/2017;0,96;V
12/02/2017;0,96;V
13/02/2017;0,95;V
14/02/2017;0,95;V
15/02/2017;0,95;V
16/02/2017;0,94;V
17/02/2017;0,94;V
18/02/2017;0,94;V
19/02/2017;0,94;V
20/02/2017;0,94;V
21/02/2017;0,94;V
22/02/2017;0,93;V
23/02/2017;0,86;V
24/02/2017;0,82;V
25/02/2017;0,98;V
26/02/2017;0,90;V
27/02/2017;0,87;V
28/02/2017;0,86;V
01/03/2017;0,93;V
02/03/2017;0,93;V
03/03/2017;1,02;V
04/03/2017;1,05;V
05/03/2017;1,09;V
06/03/2017;1,12;V
07/03/2017;1,16;V
08/03/2017;1,08;V
09/03/2017;1,07;V
10/03/2017;1,06;V
11/03/2017;1,06;V
12/03/2017;1,06;V
13/03/2017;1,06;V
14/03/2017;1,06;V
15/03/2017;1,06;V
16/03/2017;1,05;V
17/03/2017;1,05;V
18/03/2017;1,05;V
19/03/2017;1,05;V
20/03/2017;1,05;V
21/03/2017;0,92;V
22/03/2017;0,81;V
23/03/2017;0,82;V
24/03/2017;0,81;V
25/03/2017;0,81;V
26/03/2017;0,81;V
27/03/2017;0,81;V
28/03/2017;0,80;V
29/03/2017;0,80;V
30/03/2017;0,80;V
31/03/2017;0,80;V
01/04/2017;0,79;V
02/04/2017;0,79;V
03/04/2017;0,79;V
04/04/2017;0,79;V
05/04/2017;0,81;V
06/04/2017;0,93;V
07/04/2017;0,91;V
08/04/2017;0,78;V
09/04/2017;0,78;V
10/04/2017;0,78;V
11/04/2017;0,79;V
12/04/2017;0,77;V
13/04/2017;0,76;V
14/04/2017;0,77;V
15/04/2017;0,77;V
16/04/2017;0,79;V
17/04/2017;0,77;V
18/04/2017;0,77;V
19/04/2017;0,78;V
20/04/2017;0,78;V
21/04/2017;0,78;V
22/04/2017;0,77;V
23/04/2017;0,77;V
24/04/2017;0,77;V
25/04/2017;0,77;V
26/04/2017;0,77;V
27/04/2017;0,79;V
28/04/2017;0,85;V
29/04/2017;0,81;V
30/04/2017;0,79;V
01/05/2017;0,79;V
02/05/2017;0,81;V
03/05/2017;0,76;V
04/05/2017;0,76;V
05/05/2017;0,76;V
06/05/2017;0,77;V
07/05/2017;0,83;V
08/05/2017;0,83;V
09/05/2017;0,88;V
10/05/2017;0,85;V
11/05/2017;0,82;V
12/05/2017;0,80;V
13/05/2017;0,87;V
14/05/2017;0,92;V
15/05/2017;0,78;V
16/05/2017;0,77;V
17/05/2017;0,76;V
18/05/2017;0,76;V
19/05/2017;0,77;V
20/05/2017;0,78;V
21/05/2017;0,77;V
22/05/2017;0,76;V
23/05/2017;0,76;V
24/05/2017;0,83;V
25/05/2017;0,80;V
26/05/2017;0,80;V
27/05/2017;0,80;V
28/05/2017;0,79;V
29/05/2017;0,79;V
30/05/2017;0,79;V
31/05/2017;0,79;V
01/06/2017;0,78;V
02/06/2017;0,78;V
03/06/2017;0,77;V
04/06/2017;0,76;V
05/06/2017;0,76;V
06/06/2017;0,76;V
07/06/2017;0,77;V
08/06/2017;0,77;V
09/06/2017;0,76;V
10/06/2017;0,76;V
11/06/2017;0,76;V
12/06/2017;0,76;V
13/06/2017;0,76;V
14/06/2017;0,82;V
15/06/2017;0,76;V
16/06/2017;0,75;V
17/06/2017;0,75;V
18/06/2017;0,75;V
19/06/2017;0,75;V
20/06/2017;0,75;V
21/06/2017;0,75;V
22/06/2017;0,75;V
23/06/2017;0,75;V
24/06/2017;0,75;V
25/06/2017;0,74;V
26/06/2017;0,74;V
27/06/2017;0,74;V
28/06/2017;0,77;V
29/06/2017;0,79;V
30/06/2017;0,77;V
01/07/2017;0,77;V
02/07/2017;0,76;V
03/07/2017;0,76;V
04/07/2017;0,76;V
05/07/2017;0,76;V
06/07/2017;0,76;V
07/07/2017;0,75;V
08/07/2017;0,75;V
09/07/2017;0,75;V
10/07/2017;0,75;V
11/07/2017;0,75;V
12/07/2017;0,75;V
13/07/2017;0,76;V
14/07/2017;0,76;V
15/07/2017;0,76;V
16/07/2017;0,76;V
17/07/2017;0,76;V
18/07/2017;0,76;V
19/07/2017;0,75;V
20/07/2017;0,75;V
21/07/2017;0,75;V
22/07/2017;0,75;V
23/07/2017;0,75;V
24/07/2017;0,75;V
25/07/2017;0,76;V
26/07/2017;0,76;V
27/07/2017;0,76;V
28/07/2017;0,77;V
29/07/2017;0,77;V
30/07/2017;0,76;V
31/07/2017;0,76;V
01/08/2017;0,76;V
02/08/2017;0,76;V
03/08/2017;0,76;V
04/08/2017;0,76;V
05/08/2017;0,77;V
06/08/2017;0,77;V
07/08/2017;0,77;V
08/08/2017;0,77;V
09/08/2017;0,77;V
10/08/2017;0,78;V
11/08/2017;0,78;V
12/08/2017;0,78;V
13/08/2017;0,78;V
14/08/2017;0,77;V
15/08/2017;0,77;V
16/08/2017;0,77;V
17/08/2017;0,76;V
18/08/2017;0,76;V
19/08/2017;0,76;V
20/08/2017;0,76;V
21/08/2017;0,77;V
22/08/2017;0,77;V
23/08/2017;0,77;V
24/08/2017;0,78;V
25/08/2017;0,78;V
26/08/2017;0,78;V
27/08/2017;0,78;V
28/08/2017;0,78;V
29/08/2017;0,78;V
30/08/2017;0,78;V
31/08/2017;0,78;V
01/09/2017;0,78;V
02/09/2017;0,78;V
03/09/2017;0,79;V
04/09/2017;0,79;V
05/09/2017;0,78;V
06/09/2017;0,78;V
07/09/2017;0,78;V
08/09/2017;0,79;V
09/09/2017;0,78;V
10/09/2017;0,90;V
11/09/2017;0,81;V
12/09/2017;0,79;V
13/09/2017;0,77;V
14/09/2017;0,77;V
15/09/2017;0,76;V
16/09/2017;0,79;V
17/09/2017;0,77;V
18/09/2017;0,77;V
19/09/2017;0,78;V
20/09/2017;0,77;V
21/09/2017;0,77;V
22/09/2017;0,83;V
23/09/2017;0,84;V
24/09/2017;0,81;V
25/09/2017;0,77;V
26/09/2017;0,77;V
27/09/2017;0,76;V
28/09/2017;0,76;V
29/09/2017;0,76;V
30/09/2017;0,75;V
01/10/2017;0,76;V
02/10/2017;0,78;V
03/10/2017;0,78;V
04/10/2017;0,76;V
05/10/2017;0,75;V
06/10/2017;0,75;V
07/10/2017;0,79;V
08/10/2017;0,77;V
09/10/2017;0,75;V
10/10/2017;0,75;V
11/10/2017;0,75;V
12/10/2017;0,75;V
13/10/2017;0,75;V
14/10/2017;0,75;V
15/10/2017;0,76;V
16/10/2017;0,75;V
17/10/2017;0,75;V
18/10/2017;0,77;V
19/10/2017;0,76;V
20/10/2017;0,75;V
21/10/2017;0,75;V
22/10/2017;0,74;V
23/10/2017;0,75;V
24/10/2017;0,75;V
25/10/2017;0,75;V
26/10/2017;0,75;V
27/10/2017;0,74;V
28/10/2017;0,75;V
29/10/2017;0,74;V
30/10/2017;0,75;V
31/10/2017;0,76;V
01/11/2017;0,75;V
02/11/2017;0,75;V
03/11/2017;0,74;V
04/11/2017;0,75;V
05/11/2017;0,77;V
06/11/2017;0,80;V
07/11/2017;0,86;V
08/11/2017;0,90;V
09/11/2017;0,84;V
10/11/2017;0,77;V
11/11/2017;0,76;V
12/11/2017;0,75;V
13/11/2017;0,99;V
14/11/2017;1,09;V
15/11/2017;0,95;V
16/11/2017;0,81;V
17/11/2017;0,80;V
18/11/2017;0,79;V
19/11/2017;0,78;V
20/11/2017;0,78;V
21/11/2017;0,78;V
22/11/2017;0,94;V
23/11/2017;0,95;V
24/11/2017;0,79;V
25/11/2017;0,77;V
26/11/2017;0,80;V
27/11/2017;0,79;V
28/11/2017;0,80;V
29/11/2017;0,89;V
30/11/2017;0,87;V
01/12/2017;0,87;V
02/12/2017;0,85;V
03/12/2017;0,84;V
04/12/2017;0,84;V
05/12/2017;0,83;V
06/12/2017;0,83;V
07/12/2017;0,83;V
08/12/2017;0,93;V
09/12/2017;1,01;V
10/12/2017;0,97;V
11/12/2017;1,09;V
12/12/2017;1,14;V
13/12/2017;1,06;V
14/12/2017;1,20;V
15/12/2017;1,37;V
16/12/2017;1,36;V
17/12/2017;1,29;V
18/12/2017;1,19;V
19/12/2017;1,09;V
20/12/2017;0,97;V
21/12/2017;0,95;V
22/12/2017;0,92;V
23/12/2017;0,88;V
24/12/2017;0,88;V
25/12/2017;0,86;V
26/12/2017;0,85;V
27/12/2017;0,97;V
28/12/2017;1,67;V
29/12/2017;1,71;V
30/12/2017;1,55;V
31/12/2017;1,37;V
01/01/2018;1,37;V
02/01/2018;1,47;V
03/01/2018;1,39;V
04/01/2018;1,28;V
05/01/2018;1,18;V
06/01/2018;1,12;V
07/01/2018;1,08;V
08/01/2018;1,05;V
09/01/2018;1,06;V
10/01/2018;1,05;V
11/01/2018;1,04;V
12/01/2018;1,05;V
13/01/2018;1,05;V
14/01/2018;1,05;V
15/01/2018;0,95;V
16/01/2018;0,89;V
17/01/2018;0,93;V
18/01/2018;0,90;V
19/01/2018;0,98;V
20/01/2018;1,04;V
21/01/2018;1,04;V
22/01/2018;1,04;V
23/01/2018;1,00;V
24/01/2018;0,87;V
25/01/2018;0,85;V
26/01/2018;0,84;V
27/01/2018;0,85;V
28/01/2018;0,84;V
29/01/2018;0,83;V
30/01/2018;0,82;V
31/01/2018;0,81;V
01/02/2018;0,86;V
02/02/2018;1,06;V
03/02/2018;1,19;V
04/02/2018;1,09;V
05/02/2018;1,07;V
06/02/2018;1,05;V
07/02/2018;1,05;V
08/02/2018;1,06;V
09/02/2018;1,05;V
10/02/2018;1,05;V
11/02/2018;1,05;V
12/02/2018;1,05;V
13/02/2018;1,06;V
14/02/2018;0,97;V
15/02/2018;0,93;V
16/02/2018;1,00;V
17/02/2018;0,99;V
18/02/2018;1,08;V
19/02/2018;1,03;V
20/02/2018;0,99;V
21/02/2018;0,98;V
22/02/2018;0,98;V
23/02/2018;0,97;V
24/02/2018;0,97;V
25/02/2018;0,97;V
26/02/2018;0,96;V
27/02/2018;0,96;V
28/02/2018;1,00;V
01/03/2018;1,06;V
02/03/2018;1,10;V
03/03/2018;1,26;V
04/03/2018;1,59;V
05/03/2018;1,65;V
06/03/2018;1,66;V
07/03/2018;1,67;V
08/03/2018;1,69;V
09/03/2018;1,58;V
10/03/2018;1,46;V
11/03/2018;1,55;V
12/03/2018;2,07;V
13/03/2018;1,99;V
14/03/2018;1,82;V
15/03/2018;1,67;V
16/03/2018;2,05;V
17/03/2018;1,95;V
18/03/2018;1,83;V
19/03/2018;1,92;V
20/03/2018;1,83;V
21/03/2018;1,67;V
22/03/2018;1,50;V
23/03/2018;1,35;V
24/03/2018;1,23;V
25/03/2018;1,13;V
26/03/2018;1,07;V
27/03/2018;1,05;V
28/03/2018;0,98;V
29/03/2018;0,87;V
30/03/2018;0,87;V
31/03/2018;0,87;V
01/04/2018;0,91;V
02/04/2018;0,88;V
03/04/2018;0,87;V
04/04/2018;0,92;V
05/04/2018;0,99;V
06/04/2018;0,93;V
07/04/2018;0,90;V
08/04/2018;0,88;V
09/04/2018;0,89;V
10/04/2018;0,89;V
11/04/2018;0,88;V
12/04/2018;0,90;V
13/04/2018;0,88;V
14/04/2018;0,87;V
15/04/2018;0,86;V
16/04/2018;0,87;V
17/04/2018;0,88;V
18/04/2018;0,88;V
19/04/2018;0,86;V
20/04/2018;0,84;V
21/04/2018;0,83;V
22/04/2018;0,83;V
23/04/2018;0,83;V
24/04/2018;0,83;V
25/04/2018;0,84;V
26/04/2018;0,86;V
27/04/2018;0,84;V
28/04/2018;0,83;V
29/04/2018;0,82;V
30/04/2018;0,95;V
01/05/2018;0,86;V
02/05/2018;0,91;V
03/05/2018;0,93;V
04/05/2018;0,90;V
05/05/2018;0,86;V
06/05/2018;0,83;V
07/05/2018;0,82;V
08/05/2018;0,81;V
09/05/2018;0,80;V
10/05/2018;0,81;V
11/05/2018;0,81;V
12/05/2018;0,81;V
13/05/2018;0,77;V
14/05/2018;0,90;V
15/05/2018;0,82;V
16/05/2018;0,82;V
17/05/2018;0,82;V
18/05/2018;0,87;V
19/05/2018;0,92;V
20/05/2018;0,89;V
21/05/2018;0,92;V
22/05/2018;0,96;V
23/05/2018;1,05;V
24/05/2018;1,01;V
25/05/2018;0,98;V
26/05/2018;0,93;V
27/05/2018;0,88;V
28/05/2018;0,85;V
29/05/2018;0,83;V
30/05/2018;0,83;V
31/05/2018;0,84;V
01/06/2018;0,85;V
02/06/2018;0,86;V
03/06/2018;0,85;V
04/06/2018;0,83;V
05/06/2018;0,82;V
06/06/2018;0,84;V
07/06/2018;0,82;V
08/06/2018;0,87;P
09/06/2018;1,05;P
10/06/2018;1,05;P
11/06/2018;0,91;P
12/06/2018;0,81;V
13/06/2018;0,82;V
14/06/2018;0,82;V
15/06/2018;0,82;V
16/06/2018;0,82;V
17/06/2018;0,81;V
18/06/2018;0,81;V
19/06/2018;0,81;V
20/06/2018;0,81;V
21/06/2018;0,82;V
22/06/2018;0,83;V
23/06/2018;0,84;V
24/06/2018;0,84;V
25/06/2018;0,84;V
26/06/2018;0,84;V
27/06/2018;0,84;V
28/06/2018;0,83;V
29/06/2018;0,83;V
30/06/2018;0,83;V
01/07/2018;0,84;V
02/07/2018;0,84;V
03/07/2018;0,84;V
04/07/2018;0,84;V
05/07/2018;0,83;V
06/07/2018;0,84;V
07/07/2018;0,85;V
08/07/2018;0,84;V
09/07/2018;0,83;V
10/07/2018;0,83;V
11/07/2018;0,82;V
12/07/2018;0,84;V
13/07/2018;0,83;V
14/07/2018;0,83;V
15/07/2018;0,83;V
16/07/2018;0,83;V
17/07/2018;0,81;V
18/07/2018;0,78;V
19/07/2018;0,76;V
20/07/2018;0,76;V
21/07/2018;0,75;V
22/07/2018;0,76;V
23/07/2018;0,88;V
24/07/2018;0,77;V
25/07/2018;0,76;V
26/07/2018;0,76;V
27/07/2018;0,75;V
28/07/2018;0,76;V
29/07/2018;0,76;V
30/07/2018;0,76;V
31/07/2018;0,76;V
01/08/2018;0,77;V
02/08/2018;0,78;V
03/08/2018;0,80;V
04/08/2018;0,82;V
05/08/2018;0,81;V
06/08/2018;0,81;V
07/08/2018;0,85;V
08/08/2018;0,91;V
09/08/2018;0,88;V
10/08/2018;0,81;V
11/08/2018;0,80;V
12/08/2018;0,79;V
13/08/2018;0,79;V
14/08/2018;0,79;V
15/08/2018;0,81;V
16/08/2018;0,80;V
17/08/2018;0,80;V
18/08/2018;0,81;V
19/08/2018;0,81;V
20/08/2018;0,80;V
21/08/2018;0,84;V
22/08/2018;0,81;V
23/08/2018;0,80;V
24/08/2018;0,79;V
25/08/2018;0,78;V
26/08/2018;0,80;V
27/08/2018;0,81;V
28/08/2018;0,81;V
29/08/2018;0,80;V
30/08/2018;0,81;V
31/08/2018;0,80;V
01/09/2018;0,81;V
02/09/2018;0,81;V
03/09/2018;0,81;V
04/09/2018;0,81;V
05/09/2018;0,81;V
06/09/2018;0,79;V
07/09/2018;0,80;V
08/09/2018;0,82;V
09/09/2018;0,81;V
10/09/2018;0,81;V
11/09/2018;0,82;V
12/09/2018;0,81;V
13/09/2018;0,79;V
14/09/2018;0,80;V
15/09/2018;0,81;V
16/09/2018;0,81;V
17/09/2018;0,80;V
18/09/2018;0,80;V
19/09/2018;0,80;V
20/09/2018;0,80;V
21/09/2018;0,80;V
22/09/2018;0,80;V
23/09/2018;0,80;V
24/09/2018;0,80;V
25/09/2018;0,82;V
26/09/2018;0,81;V
27/09/2018;0,81;V
28/09/2018;0,81;V
29/09/2018;0,81;V
30/09/2018;0,81;V
01/10/2018;0,80;V
02/10/2018;0,81;V
03/10/2018;0,81;V
04/10/2018;0,80;V
05/10/2018;0,78;V
06/10/2018;0,78;V
07/10/2018;0,78;V
08/10/2018;0,78;V
09/10/2018;0,77;V
10/10/2018;0,77;V
11/10/2018;0,77;V
12/10/2018;0,78;V
13/10/2018;0,77;V
14/10/2018;0,76;V
15/10/2018;0,77;V
16/10/2018;0,81;V
17/10/2018;0,76;V
18/10/2018;0,75;V
19/10/2018;0,77;V
20/10/2018;0,77;V
21/10/2018;0,76;V
22/10/2018;0,77;V
23/10/2018;0,77;V
24/10/2018;0,76;V
25/10/2018;0,77;V
26/10/2018;0,76;V
27/10/2018;0,75;V
28/10/2018;0,75;V
29/10/2018;0,86;V
30/10/2018;0,92;V
31/10/2018;0,89;V
01/11/2018;0,80;V
02/11/2018;0,79;V
03/11/2018;0,78;V
04/11/2018;0,76;V
05/11/2018;0,76;V
06/11/2018;0,77;V
07/11/2018;0,78;V
08/11/2018;0,78;V
09/11/2018;0,77;V
10/11/2018;0,77;V
11/11/2018;0,79;V
12/11/2018;0,78;V
13/11/2018;0,78;V
14/11/2018;0,77;V
15/11/2018;0,76;V
16/11/2018;0,77;V
17/11/2018;0,76;V
18/11/2018;0,76;V
19/11/2018;0,75;V
20/11/2018;0,77;V
21/11/2018;0,77;V
22/11/2018;0,78;V
23/11/2018;0,78;V
24/11/2018;0,78;V
25/11/2018;0,78;V
26/11/2018;0,78;V
27/11/2018;0,80;V
28/11/2018;0,78;V
29/11/2018;0,79;V
30/11/2018;0,77;V
01/12/2018;0,77;V
02/12/2018;0,77;V
03/12/2018;0,78;V
04/12/2018;0,78;V
05/12/2018;0,78;V
06/12/2018;0,79;V
07/12/2018;0,79;V
08/12/2018;0,82;V
09/12/2018;0,80;V
10/12/2018;0,79;V
11/12/2018;0,79;V
12/12/2018;0,79;V
13/12/2018;0,77;V
14/12/2018;0,77;V
15/12/2018;0,78;V
16/12/2018;0,78;V
17/12/2018;0,79;V
18/12/2018;0,77;V
19/12/2018;0,77;V
20/12/2018;0,82;V
21/12/2018;0,81;V
22/12/2018;0,81;V
23/12/2018;0,80;V
24/12/2018;0,80;V
25/12/2018;0,79;V
26/12/2018;0,79;V
27/12/2018;0,78;V
28/12/2018;0,78;V
29/12/2018;0,78;V
30/12/2018;0,78;V
31/12/2018;0,78;V
01/01/2019;0,78;V
02/01/2019;0,77;V
03/01/2019;0,77;V
04/01/2019;0,77;V
05/01/2019;0,77;V
06/01/2019;0,77;V
07/01/2019;0,77;V
08/01/2019;0,77;V
09/01/2019;0,77;V
10/01/2019;0,77;V
11/01/2019;;@
12/01/2019;0,77;V
13/01/2019;0,77;V
14/01/2019;0,77;V
15/01/2019;0,77;V
16/01/2019;0,77;V
17/01/2019;0,77;V
18/01/2019;0,86;V
19/01/2019;0,83;V
20/01/2019;0,81;V
21/01/2019;0,79;V
22/01/2019;0,79;V
23/01/2019;0,79;V
24/01/2019;0,79;V
25/01/2019;0,78;V
26/01/2019;0,79;V
27/01/2019;0,79;V
28/01/2019;0,82;V
29/01/2019;0,81;V
30/01/2019;0,83;V
31/01/2019;0,92;V
01/02/2019;1,06;V
02/02/2019;1,29;V
03/02/2019;1,12;V
04/02/2019;1,02;V
05/02/2019;0,97;V
06/02/2019;0,91;V
07/02/2019;0,90;V
08/02/2019;0,90;V
09/02/2019;0,89;V
10/02/2019;0,89;V
11/02/2019;0,91;V
12/02/2019;0,90;V
13/02/2019;0,89;V
14/02/2019;0,89;V
15/02/2019;0,89;V
16/02/2019;0,89;V
17/02/2019;0,88;V
18/02/2019;0,88;V
19/02/2019;0,88;V
20/02/2019;0,88;V
21/02/2019;0,88;V
22/02/2019;0,88;V
23/02/2019;0,88;V
24/02/2019;0,87;V
25/02/2019;0,87;V
26/02/2019;0,87;V
27/02/2019;0,87;V
28/02/2019;0,87;V
01/03/2019;0,87;V
02/03/2019;0,87;V
03/03/2019;0,87;V
04/03/2019;0,87;V
05/03/2019;0,87;V
06/03/2019;0,86;V
07/03/2019;0,86;V
08/03/2019;0,86;V
09/03/2019;0,86;V
10/03/2019;0,85;V
11/03/2019;0,86;V
12/03/2019;0,85;V
13/03/2019;0,86;V
14/03/2019;0,85;V
15/03/2019;0,85;V
16/03/2019;0,85;V
17/03/2019;0,85;V
18/03/2019;0,85;V
19/03/2019;0,85;V
20/03/2019;0,85;V
21/03/2019;0,85;V
22/03/2019;0,84;V
23/03/2019;0,84;V
24/03/2019;0,84;V
25/03/2019;0,85;V
26/03/2019;0,85;V
27/03/2019;0,85;V
28/03/2019;0,84;V
29/03/2019;0,84;V
30/03/2019;0,84;V
31/03/2019;0,84;V
01/04/2019;0,84;V
02/04/2019;0,84;V
03/04/2019;0,84;V
04/04/2019;;@
05/04/2019;;@
06/04/2019;0,84;V
07/04/2019;0,83;V
08/04/2019;0,84;V
09/04/2019;0,86;V
10/04/2019;0,84;V
11/04/2019;0,84;V
12/04/2019;0,84;V
13/04/2019;0,83;V
14/04/2019;0,84;V
15/04/2019;0,83;V
16/04/2019;0,83;V
17/04/2019;0,87;V
18/04/2019;0,82;V
19/04/2019;0,82;V
20/04/2019;0,82;V
21/04/2019;0,82;V
22/04/2019;0,82;V
23/04/2019;0,84;V
24/04/2019;0,83;V
25/04/2019;0,82;V
26/04/2019;0,82;V
27/04/2019;0,82;V
28/04/2019;0,82;V
29/04/2019;0,82;V
30/04/2019;0,81;V
01/05/2019;0,81;V
02/05/2019;0,81;V
03/05/2019;0,81;V
04/05/2019;0,81;V
05/05/2019;0,86;V
06/05/2019;0,85;V
07/05/2019;0,84;V
08/05/2019;0,83;V
09/05/2019;0,95;V
10/05/2019;0,87;V
11/05/2019;0,85;V
12/05/2019;0,85;V
13/05/2019;0,87;V
14/05/2019;0,86;V
15/05/2019;0,85;V
16/05/2019;0,84;V
17/05/2019;0,84;V
18/05/2019;0,85;V
19/05/2019;0,87;V
20/05/2019;0,87;V
21/05/2019;0,86;V
22/05/2019;0,87;V
23/05/2019;0,89;V
24/05/2019;0,89;V
25/05/2019;0,88;V
26/05/2019;0,88;V
27/05/2019;0,86;V
28/05/2019;0,85;V
29/05/2019;0,85;V
30/05/2019;0,85;V
31/05/2019;0,83;V
01/06/2019;0,84;V
02/06/2019;0,83;V
03/06/2019;0,83;V
04/06/2019;0,83;V
05/06/2019;0,82;V
06/06/2019;0,82;V
07/06/2019;0,82;V
08/06/2019;0,82;V
09/06/2019;0,82;V
10/06/2019;0,82;V
11/06/2019;0,82;V
12/06/2019;0,82;V
13/06/2019;0,81;V
14/06/2019;0,81;V
15/06/2019;0,81;V
16/06/2019;0,81;V
17/06/2019;0,81;V
18/06/2019;0,81;V
19/06/2019;0,81;V
20/06/2019;0,81;V
21/06/2019;0,81;V
22/06/2019;0,82;V
23/06/2019;0,82;V
24/06/2019;0,82;V
25/06/2019;0,81;V
26/06/2019;0,81;V
27/06/2019;0,81;V
28/06/2019;0,81;V
29/06/2019;0,81;V
30/06/2019;0,81;V
01/07/2019;0,80;V
02/07/2019;0,80;V
03/07/2019;0,80;V
04/07/2019;0,80;V
05/07/2019;0,79;V
06/07/2019;0,79;V
07/07/2019;0,79;V
08/07/2019;0,79;V
09/07/2019;0,79;V
10/07/2019;0,79;V
11/07/2019;0,80;V
12/07/2019;0,79;V
13/07/2019;0,78;V
14/07/2019;0,78;V
15/07/2019;0,79;V
16/07/2019;0,78;V
17/07/2019;0,78;V
18/07/2019;0,78;V
19/07/2019;0,78;V
20/07/2019;0,77;V
21/07/2019;0,77;V
22/07/2019;0,77;V
23/07/2019;0,77;V
24/07/2019;0,77;V
25/07/2019;0,77;V
26/07/2019;0,77;V
27/07/2019;0,77;V
28/07/2019;0,79;V
29/07/2019;0,81;V
30/07/2019;0,78;V
31/07/2019;0,78;V
01/08/2019;0,84;V
02/08/2019;0,97;V
03/08/2019;0,92;V
04/08/2019;0,87;V
05/08/2019;0,83;V
06/08/2019;0,81;V
07/08/2019;0,79;V
08/08/2019;0,77;V
09/08/2019;0,77;V
10/08/2019;0,77;V
11/08/2019;0,77;V
12/08/2019;0,77;V
13/08/2019;0,77;V
14/08/2019;0,77;V
15/08/2019;0,77;V
16/08/2019;0,77;V
17/08/2019;0,77;V
18/08/2019;0,77;V
19/08/2019;0,77;V
20/08/2019;0,77;V
21/08/2019;0,77;V
22/08/2019;0,77;V
23/08/2019;0,77;V
24/08/2019;0,77;V
25/08/2019;0,77;V
26/08/2019;0,77;V
27/08/2019;0,77;V
28/08/2019;0,77;V
29/08/2019;0,77;V
30/08/2019;0,77;V
31/08/2019;0,77;V
01/09/2019;0,77;V
02/09/2019;0,77;V
03/09/2019;0,76;V
04/09/2019;0,77;V
05/09/2019;0,76;V
06/09/2019;0,77;V
07/09/2019;0,77;V
08/09/2019;0,77;V
09/09/2019;0,77;V
10/09/2019;0,77;V
11/09/2019;0,77;V
12/09/2019;0,77;V
13/09/2019;0,77;V
14/09/2019;0,77;V
15/09/2019;0,77;V
16/09/2019;0,77;V
17/09/2019;0,77;V
18/09/2019;0,77;V
19/09/2019;0,77;V
20/09/2019;0,77;V
21/09/2019;0,77;V
22/09/2019;0,77;V
23/09/2019;0,79;V
24/09/2019;0,78;V
25/09/2019;0,79;V
26/09/2019;0,78;V
27/09/2019;0,77;V
28/09/2019;0,77;V
29/09/2019;0,76;V
30/09/2019;0,76;V
01/10/2019;0,76;V
02/10/2019;0,78;V
03/10/2019;0,78;V
04/10/2019;0,77;V
05/10/2019;0,77;V
06/10/2019;0,77;V
07/10/2019;0,77;V
08/10/2019;0,78;V
09/10/2019;0,80;V
10/10/2019;0,80;V
11/10/2019;0,80;V
12/10/2019;0,79;V
13/10/2019;0,79;V
14/10/2019;0,79;V
15/10/2019;0,80;V
16/10/2019;0,80;V
17/10/2019;0,80;V
18/10/2019;0,79;V
19/10/2019;0,79;V
20/10/2019;0,79;V
21/10/2019;0,79;V
22/10/2019;0,79;V
23/10/2019;0,79;V
24/10/2019;0,79;V
25/10/2019;0,79;V
26/10/2019;0,79;V
27/10/2019;0,79;V
28/10/2019;0,79;V
29/10/2019;0,79;V
30/10/2019;0,79;V
31/10/2019;0,79;V
01/11/2019;0,79;V
02/11/2019;0,79;V
03/11/2019;0,86;V
04/11/2019;0,83;V
05/11/2019;0,86;V
06/11/2019;0,86;V
07/11/2019;0,86;V
08/11/2019;0,94;V
09/11/2019;0,95;V
10/11/2019;0,88;V
11/11/2019;0,87;V
12/11/2019;0,88;V
13/11/2019;0,94;V
14/11/2019;0,88;V
15/11/2019;0,97;V
16/11/2019;1,03;V
17/11/2019;1,41;V
18/11/2019;2,17;V
19/11/2019;2,27;V
20/11/2019;2,12;V
21/11/2019;1,98;V
22/11/2019;1,77;V
23/11/2019;1,55;V
24/11/2019;1,42;V
25/11/2019;1,29;V
26/11/2019;1,17;V
27/11/2019;1,10;V
28/11/2019;1,40;V
29/11/2019;1,40;V
30/11/2019;1,32;V
01/12/2019;1,20;V
02/12/2019;1,46;V
03/12/2019;1,91;V
04/12/2019;1,77;V
05/12/2019;1,57;V
06/12/2019;1,40;V
07/12/2019;1,24;V
08/12/2019;1,10;V
09/12/2019;1,06;V
10/12/2019;1,06;V
11/12/2019;1,04;V
12/12/2019;1,07;V
13/12/2019;1,17;V
14/12/2019;1,29;V
15/12/2019;1,23;V
16/12/2019;1,17;V
17/12/2019;1,08;V
18/12/2019;1,02;V
19/12/2019;1,00;V
20/12/2019;1,00;V
21/12/2019;1,40;V
22/12/2019;2,32;V
23/12/2019;2,23;V
24/12/2019;1,94;V
25/12/2019;1,69;V
26/12/2019;1,49;V
27/12/2019;1,34;V
28/12/2019;1,20;V
29/12/2019;1,04;V
30/12/2019;0,98;V
31/12/2019;0,97;V
01/01/2020;0,97;V
02/01/2020;0,97;V
03/01/2020;0,97;V
04/01/2020;0,97;V
05/01/2020;0,96;V
06/01/2020;0,96;V
07/01/2020;0,96;V
08/01/2020;0,95;V
09/01/2020;0,95;V
10/01/2020;0,95;V
11/01/2020;0,95;V
12/01/2020;0,94;V
13/01/2020;0,94;V
14/01/2020;0,94;V
15/01/2020;0,94;V
16/01/2020;0,93;V
17/01/2020;0,93;V
18/01/2020;0,96;V
19/01/2020;0,95;V
20/01/2020;0,94;V
21/01/2020;0,94;V
22/01/2020;0,94;V
23/01/2020;0,94;V
24/01/2020;0,94;V
25/01/2020;0,97;V
26/01/2020;0,98;V
27/01/2020;0,97;V
28/01/2020;0,98;V
29/01/2020;0,98;V
30/01/2020;0,98;V
31/01/2020;0,99;V
01/02/2020;1,01;V
02/02/2020;1,02;V
03/02/2020;1,01;V
04/02/2020;1,01;V
05/02/2020;1,01;V
06/02/2020;1,02;V
07/02/2020;1,02;V
08/02/2020;1,02;V
09/02/2020;1,02;V
10/02/2020;1,03;V
11/02/2020;1,03;V
12/02/2020;1,02;V
13/02/2020;1,02;V
14/02/2020;1,03;V
15/02/2020;0,97;V
16/02/2020;0,98;V
17/02/2020;0,98;V
18/02/2020;0,98;V
19/02/2020;0,98;V
20/02/2020;0,98;V
21/02/2020;0,98;V
22/02/2020;0,98;V
23/02/2020;0,96;V
24/02/2020;0,96;V
25/02/2020;0,97;V
26/02/2020;0,97;V
27/02/2020;0,98;V
28/02/2020;1,02;V
29/02/2020;0,98;V
01/03/2020;1,02;V
02/03/2020;1,28;V
03/03/2020;2,33;V
04/03/2020;2,24;V
05/03/2020;1,96;V
06/03/2020;2,06;V
07/03/2020;1,87;V
08/03/2020;1,65;V
09/03/2020;1,48;V
10/03/2020;1,33;V
11/03/2020;1,21;V
12/03/2020;1,09;V
13/03/2020;1,00;V
14/03/2020;1,00;V
15/03/2020;0,98;V
16/03/2020;0,98;V
17/03/2020;0,98;V
18/03/2020;0,97;V
19/03/2020;0,97;V
20/03/2020;0,98;V
21/03/2020;0,97;V
22/03/2020;0,97;V
23/03/2020;0,96;V
24/03/2020;0,96;V
25/03/2020;0,96;V
26/03/2020;0,95;V
27/03/2020;0,94;V
28/03/2020;0,94;V
29/03/2020;0,94;V
30/03/2020;0,95;V
31/03/2020;0,94;V
01/04/2020;0,93;V
02/04/2020;0,91;V
03/04/2020;0,91;V
04/04/2020;0,91;V
05/04/2020;0,91;V
06/04/2020;0,90;V
07/04/2020;0,90;V
08/04/2020;0,90;V
09/04/2020;0,90;V
10/04/2020;0,90;V
11/04/2020;0,90;V
12/04/2020;0,89;V
13/04/2020;0,89;V
14/04/2020;0,89;V
15/04/2020;0,89;V
16/04/2020;0,89;V
17/04/2020;0,89;V
18/04/2020;0,89;V
19/04/2020;0,89;V
20/04/2020;0,90;V
21/04/2020;0,91;V
22/04/2020;0,91;V
23/04/2020;0,90;V
24/04/2020;0,90;V
25/04/2020;0,89;V
26/04/2020;0,89;V
27/04/2020;0,89;V
28/04/2020;0,90;V
29/04/2020;0,92;V
30/04/2020;0,91;V
01/05/2020;0,91;V
02/05/2020;0,90;V
03/05/2020;0,90;V
04/05/2020;0,89;V
05/05/2020;0,89;V
06/05/2020;0,89;V
07/05/2020;0,88;V
08/05/2020;0,88;V
09/05/2020;0,88;V
10/05/2020;0,87;V
11/05/2020;0,89;V
12/05/2020;0,91;V
13/05/2020;0,90;V
14/05/2020;0,89;V
15/05/2020;0,89;V
16/05/2020;0,90;V
17/05/2020;0,90;V
18/05/2020;0,89;V
19/05/2020;0,90;V
20/05/2020;0,91;V
21/05/2020;0,89;V
22/05/2020;0,88;V
23/05/2020;0,88;V
24/05/2020;0,88;V
25/05/2020;0,88;V
26/05/2020;0,88;V
27/05/2020;0,88;V
28/05/2020;0,88;V
29/05/2020;0,91;V
30/05/2020;0,90;V
31/05/2020;0,89;V
01/06/2020;0,89;V
02/06/2020;0,89;V
03/06/2020;0,90;V
04/06/2020;0,86;V
05/06/2020;0,87;V
06/06/2020;0,87;V
07/06/2020;0,87;V
08/06/2020;0,86;V
09/06/2020;0,86;V
10/06/2020;0,86;V
11/06/2020;0,86;V
12/06/2020;0,86;V
13/06/2020;0,86;V
14/06/2020;0,87;V
15/06/2020;0,88;V
16/06/2020;0,88;V
17/06/2020;0,88;V
18/06/2020;0,87;V
19/06/2020;0,86;V
20/06/2020;0,86;V
21/06/2020;0,86;V
22/06/2020;0,86;V
23/06/2020;0,85;V
24/06/2020;0,85;V
25/06/2020;0,85;V
26/06/2020;0,85;V
27/06/2020;0,85;V
28/06/2020;0,85;V
29/06/2020;0,85;V
30/06/2020;0,85;V
01/07/2020;0,85;V
02/07/2020;0,85;V
03/07/2020;0,85;V
04/07/2020;0,85;V
05/07/2020;0,85;V
06/07/2020;0,89;V
07/07/2020;0,84;V
08/07/2020;0,84;V
09/07/2020;0,84;V
10/07/2020;0,85;V
11/07/2020;0,86;V
12/07/2020;0,86;V
13/07/2020;0,86;V
14/07/2020;0,86;V
15/07/2020;0,87;V
16/07/2020;0,87;V
17/07/2020;0,86;V
18/07/2020;0,86;V
19/07/2020;0,86;V
20/07/2020;0,86;V
21/07/2020;0,85;V
22/07/2020;0,85;V
23/07/2020;0,85;V
24/07/2020;0,86;V
25/07/2020;0,86;V
26/07/2020;0,85;V
27/07/2020;0,85;V
28/07/2020;0,85;V
29/07/2020;0,85;V
30/07/2020;0,85;V
31/07/2020;0,85;V
01/08/2020;0,84;V
02/08/2020;0,84;V
03/08/2020;0,84;V
04/08/2020;0,85;V
05/08/2020;0,85;V
06/08/2020;0,85;V
07/08/2020;0,85;V
08/08/2020;0,85;V
09/08/2020;0,85;V
10/08/2020;0,84;V
11/08/2020;0,84;V
12/08/2020;0,84;V
13/08/2020;0,84;V
14/08/2020;0,84;V
15/08/2020;0,84;V
16/08/2020;0,84;V
17/08/2020;0,83;V
18/08/2020;0,83;V
19/08/2020;0,83;V
20/08/2020;0,83;V
21/08/2020;0,83;V
22/08/2020;0,83;V
23/08/2020;0,83;V
24/08/2020;0,82;V
25/08/2020;0,82;V
26/08/2020;0,82;V
27/08/2020;0,82;V
28/08/2020;0,82;V
29/08/2020;0,82;V
30/08/2020;0,84;V
31/08/2020;0,84;V
01/09/2020;0,83;V
02/09/2020;0,82;V
03/09/2020;0,82;V
04/09/2020;0,81;V
05/09/2020;0,81;V
06/09/2020;0,81;V
07/09/2020;0,81;V
08/09/2020;0,81;V
09/09/2020;0,81;V
10/09/2020;0,81;V
11/09/2020;0,81;V
12/09/2020;0,81;V
13/09/2020;0,81;V
14/09/2020;0,80;V
15/09/2020;0,81;V
16/09/2020;0,80;V
17/09/2020;0,80;V
18/09/2020;0,80;V
19/09/2020;0,80;V
20/09/2020;0,81;V
21/09/2020;0,82;V
22/09/2020;0,83;V
23/09/2020;0,82;V
24/09/2020;0,82;V
25/09/2020;0,85;V
26/09/2020;0,83;V
27/09/2020;0,83;V
28/09/2020;0,83;V
29/09/2020;0,83;V
30/09/2020;0,82;V
01/10/2020;0,82;V
02/10/2020;0,82;V
03/10/2020;0,83;V
04/10/2020;0,84;V
05/10/2020;0,88;V
06/10/2020;0,83;V
07/10/2020;0,85;V
08/10/2020;0,82;V
09/10/2020;0,80;V
10/10/2020;0,80;V
11/10/2020;0,83;V
12/10/2020;0,87;V
13/10/2020;0,83;V
14/10/2020;0,82;V
15/10/2020;0,89;V
16/10/2020;0,86;V
17/10/2020;0,84;V
18/10/2020;0,83;V
19/10/2020;0,82;V
20/10/2020;0,81;V
21/10/2020;0,80;V
22/10/2020;0,79;V
23/10/2020;0,79;V
24/10/2020;0,80;V
25/10/2020;0,80;V
26/10/2020;0,80;V
27/10/2020;0,84;V
28/10/2020;0,83;V
29/10/2020;0,81;V
30/10/2020;0,81;V
31/10/2020;0,82;V
01/11/2020;0,82;V
02/11/2020;0,82;V
03/11/2020;0,82;V
04/11/2020;0,83;V
05/11/2020;0,82;V
06/11/2020;0,82;V
07/11/2020;0,80;V
08/11/2020;0,80;V
09/11/2020;0,81;V
10/11/2020;0,80;V
11/11/2020;0,83;V
12/11/2020;0,81;V
13/11/2020;0,81;V
14/11/2020;0,80;V
15/11/2020;0,80;V
16/11/2020;0,82;V
17/11/2020;0,83;V
18/11/2020;0,82;V
19/11/2020;0,82;V
20/11/2020;0,83;V
21/11/2020;0,83;V
22/11/2020;0,83;V
23/11/2020;0,83;V
24/11/2020;0,83;V
25/11/2020;0,83;V
26/11/2020;0,83;V
27/11/2020;0,83;V
28/11/2020;0,83;V
29/11/2020;0,83;V
30/11/2020;0,82;V
01/12/2020;0,83;V
02/12/2020;0,84;V
03/12/2020;0,84;V
04/12/2020;0,83;V
05/12/2020;0,99;V
06/12/2020;0,99;V
07/12/2020;0,95;V
08/12/2020;1,00;V
09/12/2020;1,22;V
10/12/2020;1,46;V
11/12/2020;1,42;V
12/12/2020;1,30;V
13/12/2020;1,16;V
14/12/2020;1,03;V
15/12/2020;0,90;V
16/12/2020;0,84;V
17/12/2020;0,83;V
18/12/2020;0,82;V
19/12/2020;0,82;V
20/12/2020;0,81;V
21/12/2020;0,80;V
22/12/2020;0,79;V
23/12/2020;0,79;V
24/12/2020;0,81;V
25/12/2020;0,83;V
26/12/2020;0,85;V
27/12/2020;0,83;V
28/12/2020;1,00;V
29/12/2020;1,56;V
30/12/2020;1,79;V
31/12/2020;1,67;V
01/01/2021;1,84;P
02/01/2021;1,94;P
03/01/2021;1,80;P
04/01/2021;1,63;P
05/01/2021;1,51;P
06/01/2021;1,50;P
07/01/2021;1,44;P
08/01/2021;1,33;P
09/01/2021;1,21;P
10/01/2021;1,10;P
11/01/2021;0,98;P
12/01/2021;0,86;P
13/01/2021;0,83;P
14/01/2021;0,82;P
15/01/2021;0,82;P
16/01/2021;0,82;P
17/01/2021;0,83;P
18/01/2021;0,82;P
19/01/2021;0,82;P
20/01/2021;0,82;P
21/01/2021;0,78;P
22/01/2021;0,83;P
23/01/2021;1,32;P
24/01/2021;2,12;P
25/01/2021;2,04;P
26/01/2021;1,76;P
27/01/2021;1,51;P
28/01/2021;1,33;P
29/01/2021;1,20;P
30/01/2021;1,10;P
31/01/2021;1,30;P
01/02/2021;1,10;P
02/02/2021;0,87;P
03/02/2021;0,86;P
04/02/2021;0,84;P
05/02/2021;0,83;P
06/02/2021;0,83;P
07/02/2021;0,89;P
08/02/2021;0,91;P
09/02/2021;1,02;P
10/02/2021;1,34;P
11/02/2021;1,43;P
12/02/2021;1,37;P
13/02/2021;1,29;P
14/02/2021;1,20;P
15/02/2021;1,10;P
16/02/2021;1,03;P
17/02/2021;0,95;P
18/02/2021;0,87;P
19/02/2021;0,83;P
20/02/2021;0,82;P
21/02/2021;0,82;P
22/02/2021;0,82;P
23/02/2021;0,81;P
24/02/2021;0,81;P
25/02/2021;0,81;P
26/02/2021;0,80;P
27/02/2021;0,83;P
28/02/2021;0,80;P
01/03/2021;0,80;P
02/03/2021;0,79;P
03/03/2021;0,79;P
04/03/2021;0,79;P
05/03/2021;0,79;P
06/03/2021;0,79;P
07/03/2021;0,79;P
08/03/2021;0,80;P
09/03/2021;0,78;P
10/03/2021;0,78;P
11/03/2021;0,78;P
12/03/2021;0,77;P
13/03/2021;0,76;P
14/03/2021;0,76;P
15/03/2021;0,75;P
16/03/2021;0,78;P
17/03/2021;0,77;P
18/03/2021;0,73;P
19/03/2021;0,73;P
20/03/2021;0,84;P
21/03/2021;0,83;P
22/03/2021;0,76;P
23/03/2021;0,72;P
24/03/2021;0,73;P
25/03/2021;0,73;P
26/03/2021;0,73;P
27/03/2021;0,73;P
28/03/2021;0,72;P
29/03/2021;0,72;P
30/03/2021;0,72;P
31/03/2021;0,72;P
01/04/2021;0,72;P
02/04/2021;0,70;P
03/04/2021;0,70;P
04/04/2021;0,69;P
05/04/2021;0,69;P
06/04/2021;0,70;P
07/04/2021;0,77;P
08/04/2021;0,69;P
09/04/2021;0,68;P
10/04/2021;0,68;P
11/04/2021;0,70;P
12/04/2021;0,77;P
13/04/2021;0,78;P
14/04/2021;0,73;P
15/04/2021;0,72;P
16/04/2021;0,71;P
17/04/2021;0,70;P
18/04/2021;0,70;P
19/04/2021;0,69;P
20/04/2021;0,69;P
21/04/2021;0,69;P
22/04/2021;0,70;P
23/04/2021;0,68;P
24/04/2021;0,68;P
25/04/2021;0,67;P
26/04/2021;0,67;P
27/04/2021;0,68;P
28/04/2021;0,68;P
29/04/2021;0,74;P
30/04/2021;0,79;P
01/05/2021;0,75;P
02/05/2021;0,76;P
03/05/2021;0,73;P
04/05/2021;0,70;P
05/05/2021;0,69;P
06/05/2021;0,68;P
07/05/2021;0,68;P
08/05/2021;0,68;P
09/05/2021;0,68;P
10/05/2021;0,67;P
11/05/2021;0,67;P
12/05/2021;0,72;P
13/05/2021;0,72;P
14/05/2021;0,72;P
15/05/2021;0,72;P
16/05/2021;0,71;P
17/05/2021;0,69;P
18/05/2021;0,66;P
19/05/2021;0,66;P
20/05/2021;0,66;P
21/05/2021;0,65;P
22/05/2021;0,65;P
23/05/2021;0,64;P
24/05/2021;0,66;P
25/05/2021;0,67;P
26/05/2021;0,66;P
27/05/2021;0,65;P
28/05/2021;0,64;P
29/05/2021;0,64;P
30/05/2021;0,64;P
31/05/2021;0,64;P
01/06/2021;0,63;P
02/06/2021;0,63;P
03/06/2021;0,63;P
04/06/2021;0,63;P
05/06/2021;0,63;P
06/06/2021;0,62;P
07/06/2021;0,62;P
08/06/2021;0,63;P
09/06/2021;0,62;P
10/06/2021;0,62;P
11/06/2021;0,62;P
12/06/2021;0,61;P
13/06/2021;0,61;P
14/06/2021;0,61;P
15/06/2021;0,61;P
16/06/2021;0,60;P
17/06/2021;0,61;P
18/06/2021;0,60;P
19/06/2021;0,60;P
20/06/2021;0,60;P
21/06/2021;0,60;P
22/06/2021;0,60;P
23/06/2021;0,60;P
24/06/2021;0,60;P
25/06/2021;0,60;P
26/06/2021;0,60;P
27/06/2021;0,60;P
28/06/2021;0,60;P
29/06/2021;0,59;P
30/06/2021;0,59;P
01/07/2021;0,60;P
02/07/2021;0,59;P
03/07/2021;0,59;P
04/07/2021;0,59;P
05/07/2021;0,59;P
06/07/2021;0,59;P
07/07/2021;0,59;P
08/07/2021;0,59;P
09/07/2021;0,58;P
10/07/2021;0,58;P
11/07/2021;0,58;P
12/07/2021;0,57;P
13/07/2021;0,58;P
14/07/2021;0,57;P
15/07/2021;0,57;P
16/07/2021;0,57;P
17/07/2021;0,57;P
18/07/2021;0,57;P
19/07/2021;0,57;P
20/07/2021;0,56;P
21/07/2021;0,56;P
22/07/2021;0,55;P
23/07/2021;0,55;P
24/07/2021;0,55;P
25/07/2021;0,55;P
26/07/2021;0,55;P
27/07/2021;0,56;P
28/07/2021;0,56;P
29/07/2021;0,55;P
30/07/2021;0,55;P
31/07/2021;0,55;P
01/08/2021;0,56;P
02/08/2021;0,54;P
03/08/2021;0,54;P
04/08/2021;0,54;P
05/08/2021;0,54;P
06/08/2021;0,53;P
07/08/2021;0,52;P
08/08/2021;0,52;P
09/08/2021;0,52;P
10/08/2021;0,51;P
11/08/2021;0,51;P
12/08/2021;0,51;P
13/08/2021;0,51;P
14/08/2021;0,51;P
15/08/2021;0,51;P
16/08/2021;0,51;P
17/08/2021;0,51;P
18/08/2021;0,51;P
19/08/2021;0,51;P
20/08/2021;0,50;P
21/08/2021;0,50;P
22/08/2021;0,49;P
23/08/2021;0,49;P
24/08/2021;0,49;P
25/08/2021;0,49;P
26/08/2021;0,49;P
27/08/2021;0,49;P
28/08/2021;0,49;P
29/08/2021;0,45;P
30/08/2021;0,45;P
31/08/2021;0,45;P
01/09/2021;0,45;P
02/09/2021;0,45;P
03/09/2021;0,46;P
04/09/2021;0,45;P
05/09/2021;0,45;P
06/09/2021;0,46;P
07/09/2021;0,46;P
08/09/2021;0,47;P
09/09/2021;0,46;P
10/09/2021;0,46;P
11/09/2021;0,47;P
12/09/2021;0,48;P
13/09/2021;0,47;P
14/09/2021;0,43;P
15/09/2021;0,43;P
16/09/2021;0,45;P
17/09/2021;0,49;P
18/09/2021;0,49;P
19/09/2021;0,50;P
20/09/2021;0,52;P
21/09/2021;0,51;P
22/09/2021;0,51;P
23/09/2021;0,51;P
24/09/2021;0,51;P
25/09/2021;0,51;P
26/09/2021;0,53;P
27/09/2021;0,44;P
28/09/2021;0,43;P
29/09/2021;0,45;P
30/09/2021;0,45;P
01/10/2021;0,46;P
02/10/2021;0,47;P
03/10/2021;0,48;P
04/10/2021;0,48;P
05/10/2021;0,44;P
06/10/2021;0,42;P
07/10/2021;0,44;P
08/10/2021;0,46;P
09/10/2021;0,47;P
10/10/2021;0,47;P
11/10/2021;0,48;P
12/10/2021;0,48;P
13/10/2021;0,48;P
14/10/2021;0,48;P
15/10/2021;0,48;P
16/10/2021;0,48;P
17/10/2021;0,48;P
18/10/2021;0,48;P
19/10/2021;0,48;P
20/10/2021;0,49;P
21/10/2021;0,49;P
22/10/2021;0,48;P
23/10/2021;0,49;P
24/10/2021;0,49;P
25/10/2021;0,49;P
26/10/2021;0,50;P
27/10/2021;0,50;P
28/10/2021;0,50;P
29/10/2021;0,50;P
30/10/2021;0,50;P
31/10/2021;0,50;P
01/11/2021;0,52;P
02/11/2021;0,41;P
03/11/2021;0,41;P
04/11/2021;0,43;P
05/11/2021;0,39;P
06/11/2021;0,39;P
07/11/2021;0,43;P
08/11/2021;0,46;P
09/11/2021;0,43;P
10/11/2021;0,44;P
11/11/2021;0,45;P
12/11/2021;0,46;P
13/11/2021;0,48;P
14/11/2021;0,49;P
15/11/2021;0,41;P
16/11/2021;0,43;P
17/11/2021;0,41;P
18/11/2021;0,39;P
19/11/2021;0,39;P
20/11/2021;0,39;P
21/11/2021;0,39;P
22/11/2021;0,41;P
23/11/2021;0,41;P
24/11/2021;0,45;P
25/11/2021;0,46;P
26/11/2021;0,45;P
27/11/2021;0,46;P
28/11/2021;0,46;P
29/11/2021;0,46;P
30/11/2021;0,45;P
01/12/2021;0,46;P
02/12/2021;0,55;P
03/12/2021;0,52;P
04/12/2021;0,52;P
05/12/2021;0,58;P
06/12/2021;0,49;P
07/12/2021;0,46;P
08/12/2021;0,52;P
09/12/2021;0,55;P
10/12/2021;0,50;P
11/12/2021;0,47;P
12/12/2021;0,45;P
13/12/2021;0,45;P
14/12/2021;0,44;P
15/12/2021;0,43;P
16/12/2021;0,46;P
17/12/2021;0,42;P
18/12/2021;0,40;P
19/12/2021;0,39;P
20/12/2021;0,39;P
21/12/2021;0,38;P
22/12/2021;0,38;P
23/12/2021;0,37;P
24/12/2021;0,40;P
25/12/2021;0,54;P
26/12/2021;0,64;P
27/12/2021;0,86;P
28/12/2021;1,05;P
29/12/2021;1,07;P
30/12/2021;1,03;P
31/12/2021;0,96;P
01/01/2022;;@
02/01/2022;;@
03/01/2022;;@
04/01/2022;;@
05/01/2022;;@
06/01/2022;;@
07/01/2022;;@
08/01/2022;;@
09/01/2022;;@
10/01/2022;;@
11/01/2022;;@
12/01/2022;;@
13/01/2022;;@
14/01/2022;;@
15/01/2022;;@
16/01/2022;;@
17/01/2022;;@
18/01/2022;;@
19/01/2022;;@
20/01/2022;;@
21/01/2022;;@
22/01/2022;;@
23/01/2022;;@
24/01/2022;;@
25/01/2022;;@
26/01/2022;;@
27/01/2022;;@
28/01/2022;;@
29/01/2022;;@
30/01/2022;;@
31/01/2022;;@
01/02/2022;;@
02/02/2022;;@
03/02/2022;;@
04/02/2022;;@
05/02/2022;;@
06/02/2022;;@
07/02/2022;;@
08/02/2022;;@
09/02/2022;;@
10/02/2022;;@
11/02/2022;;@
12/02/2022;;@
13/02/2022;;@
14/02/2022;;@
15/02/2022;;@
16/02/2022;;@
17/02/2022;;@
18/02/2022;;@
19/02/2022;;@
20/02/2022;;@
21/02/2022;;@
22/02/2022;;@
23/02/2022;;@
24/02/2022;;@
25/02/2022;;@
26/02/2022;;@
27/02/2022;;@
28/02/2022;;@
01/03/2022;;@
02/03/2022;;@
03/03/2022;;@
04/03/2022;;@
05/03/2022;;@
06/03/2022;;@
07/03/2022;;@
08/03/2022;;@
09/03/2022;;@
10/03/2022;;@
11/03/2022;;@
12/03/2022;;@
13/03/2022;;@
14/03/2022;;@
15/03/2022;;@
16/03/2022;;@
17/03/2022;;@
18/03/2022;;@
19/03/2022;;@
20/03/2022;;@
21/03/2022;;@
22/03/2022;;@
23/03/2022;;@
24/03/2022;;@
25/03/2022;;@
26/03/2022;;@
27/03/2022;;@
28/03/2022;;@
29/03/2022;;@
30/03/2022;;@
31/03/2022;;@
01/04/2022;;@
02/04/2022;;@
03/04/2022;;@
04/04/2022;;@
05/04/2022;;@
06/04/2022;;@
07/04/2022;;@
08/04/2022;;@
09/04/2022;;@
10/04/2022;;@
11/04/2022;;@
12/04/2022;;@
13/04/2022;;@
14/04/2022;;@
15/04/2022;;@
16/04/2022;;@
17/04/2022;;@
18/04/2022;;@
19/04/2022;;@
20/04/2022;;@
21/04/2022;;@
22/04/2022;;@
23/04/2022;;@
24/04/2022;;@
25/04/2022;;@
26/04/2022;;@
27/04/2022;;@
28/04/2022;;@
29/04/2022;;@
30/04/2022;;@
01/05/2022;;@
02/05/2022;;@
03/05/2022;;@
04/05/2022;;@
05/05/2022;;@
06/05/2022;;@
07/05/2022;;@
08/05/2022;;@
09/05/2022;;@
10/05/2022;;@
11/05/2022;;@
12/05/2022;;@
13/05/2022;;@
14/05/2022;;@
15/05/2022;;@
16/05/2022;;@
17/05/2022;;@
18/05/2022;;@
19/05/2022;;@
20/05/2022;;@
21/05/2022;;@
22/05/2022;;@
23/05/2022;;@
24/05/2022;;@
25/05/2022;;@
26/05/2022;;@
27/05/2022;;@
28/05/2022;;@
29/05/2022;;@
30/05/2022;;@
31/05/2022;;@
01/06/2022;;@
02/06/2022;;@
03/06/2022;;@
04/06/2022;;@
05/06/2022;;@
06/06/2022;;@
07/06/2022;;@
08/06/2022;;@
09/06/2022;;@
10/06/2022;;@
11/06/2022;;@
12/06/2022;;@
13/06/2022;;@
14/06/2022;;@
15/06/2022;;@
16/06/2022;;@
17/06/2022;;@
18/06/2022;;@
19/06/2022;;@
20/06/2022;;@
21/06/2022;;@
22/06/2022;;@
23/06/2022;;@
24/06/2022;;@
25/06/2022;;@
26/06/2022;;@
27/06/2022;;@
28/06/2022;;@
29/06/2022;;@
30/06/2022;;@
01/07/2022;0,84;V
02/07/2022;0,84;V
03/07/2022;0,84;V
04/07/2022;0,84;V
05/07/2022;0,85;V
06/07/2022;0,85;V
07/07/2022;0,85;V
08/07/2022;0,86;V
09/07/2022;0,86;V
10/07/2022;0,86;V
11/07/2022;0,86;V
12/07/2022;0,86;V
13/07/2022;0,85;V
14/07/2022;0,85;V
15/07/2022;0,85;V
16/07/2022;0,85;V
17/07/2022;0,85;V
18/07/2022;0,85;V
19/07/2022;0,86;V
20/07/2022;;@
21/07/2022;;@
22/07/2022;;@
23/07/2022;;@
24/07/2022;;@
25/07/2022;;@
26/07/2022;0,83;V
27/07/2022;0,82;V
28/07/2022;0,83;V
29/07/2022;0,83;V
30/07/2022;0,83;V
31/07/2022;0,83;V
01/08/2022;0,83;V
02/08/2022;0,84;V
03/08/2022;0,86;V
04/08/2022;0,82;V
05/08/2022;0,82;V
06/08/2022;0,82;V
07/08/2022;0,82;V
08/08/2022;0,83;V
09/08/2022;0,83;V
10/08/2022;0,83;V
11/08/2022;0,83;V
12/08/2022;0,84;V
13/08/2022;0,87;V
14/08/2022;0,86;V
15/08/2022;0,87;V
16/08/2022;0,87;V
17/08/2022;0,88;V
18/08/2022;0,92;V
19/08/2022;0,93;V
20/08/2022;0,89;V
21/08/2022;0,87;V
22/08/2022;;@
23/08/2022;;@
24/08/2022;0,82;V
25/08/2022;0,82;V
26/08/2022;0,83;V
27/08/2022;0,83;V
28/08/2022;0,83;V
29/08/2022;0,83;V
30/08/2022;0,83;V
31/08/2022;0,83;V
01/09/2022;0,83;V
02/09/2022;0,83;V
03/09/2022;0,84;V
04/09/2022;0,84;V
05/09/2022;0,84;V
06/09/2022;0,84;V
07/09/2022;0,84;V
08/09/2022;0,84;V
09/09/2022;0,84;V
10/09/2022;0,84;V
11/09/2022;0,84;V
12/09/2022;0,84;V
13/09/2022;0,84;V
14/09/2022;0,84;V
15/09/2022;0,85;V
16/09/2022;0,85;V
17/09/2022;0,86;V
18/09/2022;0,83;V
19/09/2022;0,82;V
20/09/2022;0,82;V
21/09/2022;0,82;V
22/09/2022;0,82;V
23/09/2022;0,82;V
24/09/2022;0,85;V
25/09/2022;0,86;V
26/09/2022;0,83;V
27/09/2022;0,83;V
28/09/2022;0,85;V
29/09/2022;0,87;V
30/09/2022;0,89;V
01/10/2022;0,85;V
02/10/2022;0,84;V
03/10/2022;0,84;V
04/10/2022;0,84;V
05/10/2022;0,84;V
06/10/2022;0,84;V
07/10/2022;0,84;V
08/10/2022;0,84;V
09/10/2022;0,84;V
10/10/2022;0,85;V
11/10/2022;0,86;V
12/10/2022;0,86;V
13/10/2022;0,86;V
14/10/2022;0,86;V
15/10/2022;0,87;V
16/10/2022;0,87;V
17/10/2022;0,87;V
18/10/2022;0,87;V
19/10/2022;0,88;V
20/10/2022;0,88;V
21/10/2022;0,89;V
22/10/2022;0,89;V
23/10/2022;0,90;V
24/10/2022;0,91;V
25/10/2022;0,90;V
26/10/2022;0,91;V
27/10/2022;0,91;V
28/10/2022;0,91;V
29/10/2022;0,92;V
30/10/2022;0,92;V
31/10/2022;0,92;V
01/11/2022;0,93;V
02/11/2022;0,93;V
03/11/2022;0,92;V
04/11/2022;0,91;V
05/11/2022;0,88;V
06/11/2022;0,89;V
07/11/2022;0,89;V
08/11/2022;0,90;V
09/11/2022;0,91;V
10/11/2022;0,91;V
11/11/2022;0,85;V
12/11/2022;0,86;V
13/11/2022;0,87;V
14/11/2022;0,88;V
15/11/2022;0,90;V
16/11/2022;0,92;V
17/11/2022;0,87;V
18/11/2022;0,90;V
19/11/2022;0,92;V
20/11/2022;0,93;V
21/11/2022;0,94;V
22/11/2022;0,98;V
23/11/2022;0,91;V
24/11/2022;0,95;V
25/11/2022;0,94;V
26/11/2022;0,94;V
27/11/2022;0,94;V
28/11/2022;0,94;V
29/11/2022;0,94;V
30/11/2022;0,92;V
01/12/2022;0,82;V
02/12/2022;0,81;V
03/12/2022;0,82;V
04/12/2022;0,84;V
05/12/2022;0,94;V
06/12/2022;0,93;V
07/12/2022;;@
08/12/2022;0,87;V
09/12/2022;;@
10/12/2022;;@
11/12/2022;;@
12/12/2022;0,95;V
13/12/2022;0,92;V
14/12/2022;0,92;V
15/12/2022;1,00;V
16/12/2022;1,14;V
17/12/2022;1,39;V
18/12/2022;1,56;V
19/12/2022;1,54;V
20/12/2022;1,49;V
21/12/2022;1,42;V
22/12/2022;1,37;V
23/12/2022;1,32;V
24/12/2022;1,27;V
25/12/2022;1,22;V
26/12/2022;1,16;V
27/12/2022;1,12;V
28/12/2022;1,05;V
29/12/2022;1,01;V
30/12/2022;0,98;V
31/12/2022;0,96;V
01/01/2023;0,95;V
02/01/2023;0,94;V
03/01/2023;0,94;V
04/01/2023;0,94;V
05/01/2023;0,93;V
06/01/2023;0,93;V
07/01/2023;0,93;V
08/01/2023;0,93;V
09/01/2023;1,47;V
10/01/2023;1,61;V
11/01/2023;1,54;V
12/01/2023;1,45;V
13/01/2023;1,37;V
14/01/2023;1,30;V
15/01/2023;1,22;V
16/01/2023;1,23;V
17/01/2023;1,38;V
18/01/2023;1,61;V
19/01/2023;1,77;V
20/01/2023;1,74;V
21/01/2023;1,64;V
22/01/2023;1,56;V
23/01/2023;1,51;V
24/01/2023;1,49;V
25/01/2023;1,45;V
26/01/2023;1,41;V
27/01/2023;1,36;V
28/01/2023;1,30;V
29/01/2023;1,24;V
30/01/2023;1,18;V
31/01/2023;1,11;V
01/02/2023;1,03;V
02/02/2023;0,93;V
03/02/2023;0,95;V
04/02/2023;0,96;V
05/02/2023;0,96;V
06/02/2023;0,96;V
07/02/2023;0,96;V
08/02/2023;0,96;V
09/02/2023;0,96;V
10/02/2023;0,97;V
11/02/2023;0,97;V
12/02/2023;0,98;V
13/02/2023;0,98;V
14/02/2023;0,98;V
15/02/2023;0,98;V
16/02/2023;0,98;V
17/02/2023;0,98;V
18/02/2023;0,98;V
19/02/2023;0,98;V
20/02/2023;0,98;V
21/02/2023;0,98;V
22/02/2023;0,98;V
23/02/2023;0,98;V
24/02/2023;0,98;V
25/02/2023;0,98;V
26/02/2023;1,00;V
27/02/2023;0,98;V
28/02/2023;0,98;V
01/03/2023;0,99;V
02/03/2023;0,98;V
03/03/2023;0,98;V
04/03/2023;0,98;V
05/03/2023;0,98;V
06/03/2023;0,99;V
07/03/2023;0,99;V
08/03/2023;0,99;V
09/03/2023;0,99;V
10/03/2023;0,99;V
11/03/2023;0,98;V
12/03/2023;0,98;V
13/03/2023;0,98;V
14/03/2023;0,99;V
15/03/2023;0,99;V
16/03/2023;0,98;V
17/03/2023;0,98;V
18/03/2023;0,98;V
19/03/2023;0,99;V
20/03/2023;1,12;V
21/03/2023;1,30;V
22/03/2023;1,30;V
23/03/2023;1,26;V
24/03/2023;1,21;V
25/03/2023;1,16;V
26/03/2023;1,13;V
27/03/2023;1,13;V
28/03/2023;1,03;V
29/03/2023;0,93;V
30/03/2023;0,89;V
31/03/2023;0,90;V
01/04/2023;0,94;V
02/04/2023;0,90;V
03/04/2023;0,89;V
04/04/2023;0,89;V
05/04/2023;0,88;V
06/04/2023;0,88;V
07/04/2023;0,88;V
08/04/2023;0,87;V
09/04/2023;0,87;V
10/04/2023;0,87;V
11/04/2023;0,87;V
12/04/2023;0,87;V
13/04/2023;0,87;V
14/04/2023;0,88;V
15/04/2023;0,87;V
16/04/2023;0,86;V
17/04/2023;0,86;V
18/04/2023;0,86;V
19/04/2023;0,86;V
20/04/2023;0,86;V
21/04/2023;0,88;V
22/04/2023;0,86;V
23/04/2023;0,87;V
24/04/2023;0,89;V
25/04/2023;0,89;V
26/04/2023;0,88;V
27/04/2023;0,88;V
28/04/2023;0,88;V
29/04/2023;0,88;V
30/04/2023;0,88;V
01/05/2023;0,90;V
02/05/2023;0,93;V
03/05/2023;0,93;V
04/05/2023;0,93;V
05/05/2023;0,94;V
06/05/2023;0,93;V
07/05/2023;0,91;V
08/05/2023;0,84;V
09/05/2023;0,85;V
10/05/2023;0,88;V
11/05/2023;0,86;V
12/05/2023;0,87;V
13/05/2023;0,87;V
14/05/2023;0,87;V
15/05/2023;0,86;V
16/05/2023;0,91;V
17/05/2023;0,90;V
18/05/2023;0,88;V
19/05/2023;0,90;V
20/05/2023;0,91;V
21/05/2023;0,90;V
22/05/2023;0,88;V
23/05/2023;0,88;V
24/05/2023;0,89;V
25/05/2023;0,89;V
26/05/2023;0,89;V
27/05/2023;0,89;V
28/05/2023;0,89;V
29/05/2023;0,89;V
30/05/2023;0,88;V
31/05/2023;0,88;V
01/06/2023;0,93;V
02/06/2023;0,86;V
03/06/2023;0,89;V
04/06/2023;0,86;V
05/06/2023;0,90;V
06/06/2023;0,88;V
07/06/2023;0,85;V
08/06/2023;0,84;V
09/06/2023;0,82;V
10/06/2023;0,82;V
11/06/2023;0,82;V
12/06/2023;0,81;V
13/06/2023;0,83;V
14/06/2023;0,83;V
15/06/2023;0,81;V
16/06/2023;0,81;V
17/06/2023;0,81;V
18/06/2023;0,80;V
19/06/2023;0,80;V
20/06/2023;0,80;V
21/06/2023;;@
22/06/2023;0,80;V
23/06/2023;0,81;V
24/06/2023;0,81;V
25/06/2023;0,82;V
26/06/2023;0,82;V
27/06/2023;0,82;V
28/06/2023;0,82;V
29/06/2023;0,83;V
30/06/2023;0,83;V
01/07/2023;0,82;V
02/07/2023;0,80;V
03/07/2023;0,79;V
04/07/2023;0,77;V
05/07/2023;0,77;V
06/07/2023;0,77;V
07/07/2023;0,76;V
08/07/2023;0,76;V
09/07/2023;0,76;V
10/07/2023;0,76;V
11/07/2023;0,76;V
12/07/2023;0,76;V
13/07/2023;0,78;V
14/07/2023;0,79;V
15/07/2023;0,79;V
16/07/2023;0,78;V
17/07/2023;0,79;V
18/07/2023;0,79;V
19/07/2023;0,80;V
20/07/2023;0,80;V
21/07/2023;0,80;V
22/07/2023;0,80;V
23/07/2023;0,80;V
24/07/2023;0,80;V
25/07/2023;0,81;V
26/07/2023;0,81;V
27/07/2023;0,81;V
28/07/2023;0,81;V
29/07/2023;0,81;V
30/07/2023;0,81;V
31/07/2023;0,82;V
01/08/2023;0,82;V
02/08/2023;0,82;V
03/08/2023;0,82;V
04/08/2023;0,83;V
05/08/2023;0,84;V
06/08/2023;0,83;V
07/08/2023;0,82;V
08/08/2023;0,82;V
09/08/2023;0,82;V
10/08/2023;0,83;V
11/08/2023;0,83;V
12/08/2023;0,83;V
13/08/2023;0,82;V
14/08/2023;0,83;V
15/08/2023;0,82;V
16/08/2023;0,82;V
17/08/2023;0,82;V
18/08/2023;0,82;V
19/08/2023;0,82;V
20/08/2023;0,83;V
21/08/2023;0,82;V
22/08/2023;0,82;V
23/08/2023;0,82;V
24/08/2023;0,83;V
25/08/2023;0,82;V
26/08/2023;0,82;V
27/08/2023;0,82;V
28/08/2023;0,83;V
29/08/2023;0,83;V
30/08/2023;0,81;V
31/08/2023;0,80;V
01/09/2023;0,80;V
02/09/2023;0,80;V
03/09/2023;0,79;V
04/09/2023;0,79;V
05/09/2023;0,78;V
06/09/2023;0,78;V
07/09/2023;0,79;V
08/09/2023;0,80;V
09/09/2023;0,81;V
10/09/2023;0,81;V
11/09/2023;0,81;V
12/09/2023;0,82;V
13/09/2023;0,82;V
14/09/2023;0,82;V
15/09/2023;0,82;V
16/09/2023;0,82;V
17/09/2023;0,82;V
18/09/2023;0,82;V
19/09/2023;0,82;V
20/09/2023;0,90;V
21/09/2023;0,92;V
22/09/2023;0,78;V
23/09/2023;0,77;V
24/09/2023;0,76;V
25/09/2023;0,76;V
26/09/2023;0,77;V
27/09/2023;0,78;V
28/09/2023;0,80;V
29/09/2023;0,80;V
30/09/2023;0,80;V
01/10/2023;0,80;V
02/10/2023;0,80;V
03/10/2023;0,80;V
04/10/2023;0,80;V
05/10/2023;0,80;V
06/10/2023;0,80;V
07/10/2023;0,80;V
08/10/2023;0,81;V
09/10/2023;0,81;V
10/10/2023;0,81;V
11/10/2023;0,81;V
12/10/2023;0,81;V
13/10/2023;0,81;V
14/10/2023;0,82;V
15/10/2023;0,82;V
16/10/2023;0,78;V
17/10/2023;0,78;V
18/10/2023;0,83;V
19/10/2023;0,87;V
20/10/2023;0,87;V
21/10/2023;0,88;V
22/10/2023;0,85;V
23/10/2023;0,85;V
24/10/2023;0,89;V
25/10/2023;0,90;V
26/10/2023;0,91;V
27/10/2023;0,93;V
28/10/2023;0,91;V
29/10/2023;0,91;V
30/10/2023;0,95;V
31/10/2023;0,86;V
01/11/2023;0,81;V
02/11/2023;1,00;V
03/11/2023;1,33;V
04/11/2023;1,35;V
05/11/2023;1,18;V
06/11/2023;1,42;V
07/11/2023;1,47;V
08/11/2023;1,39;V
09/11/2023;1,36;V
10/11/2023;1,46;V
11/11/2023;1,60;V
12/11/2023;1,49;V
13/11/2023;1,34;V
14/11/2023;1,32;V
15/11/2023;1,40;V
16/11/2023;1,35;V
17/11/2023;1,36;V
18/11/2023;1,26;V
19/11/2023;1,09;V
20/11/2023;0,99;V
21/11/2023;0,98;V
22/11/2023;0,97;V
23/11/2023;0,95;V
24/11/2023;0,94;V
25/11/2023;0,92;V
26/11/2023;0,92;V
27/11/2023;0,91;V
28/11/2023;0,96;V
29/11/2023;0,92;V
30/11/2023;1,06;V
01/12/2023;1,09;V
02/12/2023;1,38;V
03/12/2023;1,62;V
04/12/2023;1,60;V
05/12/2023;1,86;V
06/12/2023;1,84;V
07/12/2023;1,69;V
08/12/2023;1,56;V
09/12/2023;1,45;V
10/12/2023;1,36;V
11/12/2023;1,31;V
12/12/2023;1,36;V
13/12/2023;1,53;V
14/12/2023;1,71;V
15/12/2023;1,63;V
16/12/2023;1,54;V
17/12/2023;1,44;V
18/12/2023;1,36;V
19/12/2023;1,28;V
20/12/2023;1,21;V
21/12/2023;1,15;V
22/12/2023;1,05;V
23/12/2023;0,97;V
24/12/2023;0,97;V
25/12/2023;0,97;V
26/12/2023;0,96;V
27/12/2023;0,96;V
28/12/2023;0,95;V
29/12/2023;0,95;V
30/12/2023;0,97;V
31/12/2023;0,98;V
01/01/2024;0,99;V
02/01/2024;1,00;V
03/01/2024;0,99;V
04/01/2024;0,98;V
05/01/2024;0,99;V
06/01/2024;1,19;V
07/01/2024;1,19;V
08/01/2024;1,13;V
09/01/2024;1,08;V
10/01/2024;1,11;V
11/01/2024;1,15;V
12/01/2024;1,11;V
13/01/2024;0,99;V
14/01/2024;0,99;V
15/01/2024;1,00;V
16/01/2024;1,00;V
17/01/2024;1,05;V
18/01/2024;1,13;V
19/01/2024;1,09;V
20/01/2024;1,06;V
21/01/2024;1,05;V
22/01/2024;1,04;V
23/01/2024;1,04;V
24/01/2024;1,03;V
25/01/2024;1,03;V
26/01/2024;1,03;V
27/01/2024;1,03;V
28/01/2024;1,03;V
29/01/2024;1,03;V
30/01/2024;1,03;V
31/01/2024;1,02;V
01/02/2024;1,02;V
02/02/2024;1,02;V
03/02/2024;1,01;V
04/02/2024;1,01;V
05/02/2024;1,00;V
06/02/2024;1,00;V
07/02/2024;1,00;V
08/02/2024;1,00;V
09/02/2024;1,01;V
10/02/2024;1,14;V
11/02/2024;1,28;V
12/02/2024;1,22;V
13/02/2024;1,18;V
14/02/2024;1,17;V
15/02/2024;1,16;V
16/02/2024;1,15;V
17/02/2024;1,15;V
18/02/2024;1,15;V
19/02/2024;1,14;V
20/02/2024;1,14;V
21/02/2024;1,15;V
22/02/2024;1,14;V
23/02/2024;1,15;V
24/02/2024;1,17;V
25/02/2024;1,17;V
26/02/2024;1,19;V
27/02/2024;1,75;V
28/02/2024;2,29;V
29/02/2024;2,20;V
01/03/2024;2,07;V
02/03/2024;1,99;V
03/03/2024;1,54;V
04/03/2024;1,11;V
05/03/2024;1,09;V
06/03/2024;1,04;V
07/03/2024;1,02;V
08/03/2024;1,00;V
09/03/2024;1,03;V
10/03/2024;1,11;V
11/03/2024;1,27;V
12/03/2024;1,24;V
13/03/2024;1,20;V
14/03/2024;1,15;V
15/03/2024;1,08;V
16/03/2024;1,02;V
17/03/2024;1,00;V
18/03/2024;0,96;V
19/03/2024;0,93;V
20/03/2024;0,93;V
21/03/2024;0,93;V
22/03/2024;0,93;V
23/03/2024;0,92;V
24/03/2024;0,92;V
25/03/2024;0,91;V
26/03/2024;0,92;V
27/03/2024;0,97;V
28/03/2024;1,10;V
29/03/2024;1,30;V
30/03/2024;1,26;V
31/03/2024;1,20;V
01/04/2024;1,06;V
02/04/2024;0,97;V
03/04/2024;0,92;V
04/04/2024;0,90;V
05/04/2024;0,90;V
06/04/2024;0,90;V
07/04/2024;0,90;V
08/04/2024;0,91;V
09/04/2024;0,93;V
10/04/2024;0,89;V
11/04/2024;0,89;V
12/04/2024;0,89;V
13/04/2024;0,90;V
14/04/2024;0,91;V
15/04/2024;0,92;V
16/04/2024;0,92;V
17/04/2024;0,92;V
18/04/2024;0,93;V
19/04/2024;0,94;V
20/04/2024;0,94;V
21/04/2024;0,94;V
22/04/2024;0,96;V
23/04/2024;0,97;V
24/04/2024;0,91;V
25/04/2024;0,88;V
26/04/2024;0,87;V
27/04/2024;0,87;V
28/04/2024;0,86;V
29/04/2024;0,86;V
30/04/2024;0,87;V
01/05/2024;0,91;V
02/05/2024;0,99;V
03/05/2024;0,95;V
04/05/2024;0,92;V
05/05/2024;0,91;V
06/05/2024;0,89;V
07/05/2024;0,91;V
08/05/2024;0,91;V
09/05/2024;0,89;V
10/05/2024;0,88;V
11/05/2024;0,86;V
12/05/2024;0,86;V
13/05/2024;0,86;V
14/05/2024;0,86;V
15/05/2024;0,85;V
16/05/2024;0,86;V
17/05/2024;0,85;V
18/05/2024;0,85;V
19/05/2024;0,85;V
20/05/2024;0,91;V
21/05/2024;0,98;V
22/05/2024;0,91;V
23/05/2024;0,88;V
24/05/2024;0,87;V
25/05/2024;0,86;V
26/05/2024;0,86;V
27/05/2024;0,85;V
28/05/2024;0,86;V
29/05/2024;0,87;V
30/05/2024;0,87;V
31/05/2024;0,87;V
01/06/2024;0,87;V
02/06/2024;0,87;V
03/06/2024;0,88;V
04/06/2024;0,87;V
05/06/2024;0,87;V
06/06/2024;0,87;V
07/06/2024;0,87;V
08/06/2024;0,87;V
09/06/2024;0,87;V
10/06/2024;0,88;V
11/06/2024;0,86;V
12/06/2024;0,86;V
13/06/2024;0,86;V
14/06/2024;0,86;V
15/06/2024;0,84;V
16/06/2024;0,84;V
17/06/2024;0,84;V
18/06/2024;0,84;V
19/06/2024;0,84;V
20/06/2024;0,84;V
21/06/2024;0,84;V
22/06/2024;0,84;V
23/06/2024;0,84;V
24/06/2024;0,89;V
25/06/2024;0,90;V
26/06/2024;0,89;V
27/06/2024;0,87;V
28/06/2024;0,85;V
29/06/2024;0,85;V
30/06/2024;0,85;V
01/07/2024;0,85;V
02/07/2024;0,85;V
03/07/2024;0,85;V
04/07/2024;0,86;V
05/07/2024;0,85;V
06/07/2024;0,85;V
07/07/2024;0,85;V
08/07/2024;0,85;V
09/07/2024;0,85;V
10/07/2024;0,85;V
11/07/2024;0,85;V
12/07/2024;0,85;V
13/07/2024;0,86;V
14/07/2024;0,87;V
15/07/2024;0,87;V
16/07/2024;0,87;V
17/07/2024;0,86;V
18/07/2024;0,86;V
19/07/2024;0,86;V
20/07/2024;0,85;V
21/07/2024;0,85;V
22/07/2024;0,84;V
23/07/2024;0,84;V
24/07/2024;0,84;V
25/07/2024;0,84;V
26/07/2024;0,85;V
27/07/2024;0,85;V
28/07/2024;0,85;V
29/07/2024;0,85;V
30/07/2024;0,86;V
31/07/2024;0,86;V
01/08/2024;0,86;V
02/08/2024;0,86;V
03/08/2024;0,86;V
04/08/2024;0,87;V
05/08/2024;0,88;V
06/08/2024;0,87;V
07/08/2024;0,87;V
08/08/2024;0,87;V
09/08/2024;0,87;V
10/08/2024;0,88;V
11/08/2024;0,88;V
12/08/2024;0,88;V
13/08/2024;0,88;V
14/08/2024;0,88;V
15/08/2024;0,88;V
16/08/2024;0,88;V
17/08/2024;0,89;V
18/08/2024;0,89;V
19/08/2024;0,90;V
20/08/2024;0,90;V
21/08/2024;0,90;V
22/08/2024;0,89;V
23/08/2024;0,89;V
24/08/2024;0,89;V
25/08/2024;0,90;V
26/08/2024;0,90;V
27/08/2024;0,90;V
28/08/2024;0,90;V
29/08/2024;0,90;V
30/08/2024;0,91;V
31/08/2024;0,91;V
01/09/2024;0,91;V
02/09/2024;0,92;V
03/09/2024;0,95;V
04/09/2024;0,95;V
05/09/2024;0,96;V
06/09/2024;0,94;V
07/09/2024;0,88;V
08/09/2024;0,92;V
09/09/2024;0,87;V
10/09/2024;0,85;V
11/09/2024;0,84;V
12/09/2024;0,85;V
13/09/2024;0,85;V
14/09/2024;0,85;V
15/09/2024;0,85;V
16/09/2024;0,85;V
17/09/2024;0,85;V
18/09/2024;0,88;V
19/09/2024;0,85;V
20/09/2024;0,82;V
21/09/2024;0,83;V
22/09/2024;0,84;V
23/09/2024;0,85;V
24/09/2024;0,84;V
25/09/2024;0,83;V
26/09/2024;0,84;V
27/09/2024;0,84;V
28/09/2024;0,85;V
29/09/2024;0,85;V
30/09/2024;0,85;V
01/10/2024;0,86;V
02/10/2024;0,87;V
03/10/2024;0,97;V
04/10/2024;0,91;V
05/10/2024;0,87;V
06/10/2024;0,86;V
07/10/2024;0,86;V
08/10/2024;0,92;V
09/10/2024;0,93;V
10/10/2024;0,91;V
11/10/2024;0,90;V
12/10/2024;0,88;V
13/10/2024;0,87;V
14/10/2024;0,87;V
15/10/2024;0,86;V
16/10/2024;0,87;V
17/10/2024;0,97;V
18/10/2024;1,19;V
19/10/2024;1,14;V
20/10/2024;1,12;V
21/10/2024;1,06;V
22/10/2024;1,01;V
23/10/2024;1,04;V
24/10/2024;1,21;V
25/10/2024;1,48;V
26/10/2024;1,58;V
27/10/2024;1,51;V
28/10/2024;1,42;V
29/10/2024;1,29;V
30/10/2024;1,16;V
31/10/2024;1,02;V
01/11/2024;0,95;V
02/11/2024;0,93;V
03/11/2024;0,92;V
04/11/2024;0,92;V
05/11/2024;0,92;V
06/11/2024;0,92;V
07/11/2024;0,93;V
08/11/2024;0,93;V
09/11/2024;0,93;V
10/11/2024;0,93;V
11/11/2024;0,94;V
12/11/2024;0,95;V
13/11/2024;0,96;V
14/11/2024;0,96;V
15/11/2024;0,96;V
16/11/2024;0,96;V
17/11/2024;0,97;V
18/11/2024;0,97;V
19/11/2024;0,97;V
20/11/2024;1,02;V
21/11/2024;1,04;V
22/11/2024;2,01;V
23/11/2024;1,87;V
24/11/2024;1,60;V
25/11/2024;1,40;V
26/11/2024;1,24;V
27/11/2024;1,14;V
28/11/2024;1,07;V
29/11/2024;0,96;V
30/11/2024;0,95;V
01/12/2024;0,92;V
02/12/2024;0,89;V
03/12/2024;0,89;V
04/12/2024;0,91;V
05/12/2024;0,96;V
06/12/2024;0,96;V
07/12/2024;0,96;V
08/12/2024;1,06;V
09/12/2024;1,02;V
10/12/2024;1,00;V
11/12/2024;0,98;V
12/12/2024;0,96;V
13/12/2024;;@
14/12/2024;0,96;V
15/12/2024;0,94;V
16/12/2024;0,93;V
17/12/2024;0,93;V
18/12/2024;0,92;V
19/12/2024;0,92;V
20/12/2024;0,97;V
21/12/2024;0,99;V
22/12/2024;0,97;V
23/12/2024;0,95;V
24/12/2024;0,92;V
25/12/2024;0,90;V
26/12/2024;0,90;V
27/12/2024;0,89;V
28/12/2024;0,89;V
29/12/2024;0,89;V
30/12/2024;0,89;V
31/12/2024;0,89;V
01/01/2025;0,89;V
02/01/2025;0,89;V
03/01/2025;1,00;V
04/01/2025;0,98;V
05/01/2025;0,99;V
06/01/2025;0,98;V
07/01/2025;0,96;V
08/01/2025;0,97;V
09/01/2025;1,00;V
10/01/2025;1,08;V
11/01/2025;1,09;V
12/01/2025;1,02;V
13/01/2025;0,96;V
14/01/2025;0,95;V
15/01/2025;0,92;V
16/01/2025;0,90;V
17/01/2025;0,89;V
18/01/2025;0,90;V
19/01/2025;0,90;V
20/01/2025;0,91;V
21/01/2025;0,93;V
22/01/2025;0,95;V
23/01/2025;1,03;V
24/01/2025;1,03;V
25/01/2025;1,00;V
26/01/2025;1,01;V
27/01/2025;1,00;V
28/01/2025;1,17;V
29/01/2025;1,06;V
30/01/2025;1,00;V
31/01/2025;1,01;V
01/02/2025;1,63;V
02/02/2025;1,87;V
03/02/2025;1,88;V
04/02/2025;1,74;V
05/02/2025;1,51;V
06/02/2025;1,33;V
07/02/2025;1,20;V
08/02/2025;1,08;V
09/02/2025;1,08;V
10/02/2025;1,06;V
11/02/2025;1,03;V
12/02/2025;1,05;V
13/02/2025;1,06;V
14/02/2025;1,36;V
15/02/2025;1,48;V
16/02/2025;1,41;V
17/02/2025;1,30;V
18/02/2025;1,20;V
19/02/2025;1,10;V
20/02/2025;1,06;V
21/02/2025;1,03;V
22/02/2025;1,03;V
23/02/2025;1,02;V
24/02/2025;1,08;V
25/02/2025;1,08;V
26/02/2025;1,09;V
27/02/2025;1,07;V
28/02/2025;1,05;V
01/03/2025;1,04;V
02/03/2025;1,03;V
03/03/2025;1,02;V
04/03/2025;1,01;V
05/03/2025;1,00;V
06/03/2025;1,00;V
07/03/2025;1,00;V
08/03/2025;0,99;V
09/03/2025;0,99;V
10/03/2025;1,01;V
11/03/2025;1,01;V
12/03/2025;1,14;V
13/03/2025;1,64;V
14/03/2025;2,74;V
15/03/2025;3,11;V
16/03/2025;2,11;V
17/03/2025;1,66;V
18/03/2025;1,40;V
19/03/2025;1,94;V
20/03/2025;2,62;V
21/03/2025;2,43;V
22/03/2025;1,37;V
23/03/2025;1,14;V
24/03/2025;1,14;V
25/03/2025;1,10;V
26/03/2025;1,07;V
27/03/2025;1,06;V
28/03/2025;1,03;V
29/03/2025;1,03;V
30/03/2025;1,02;V
31/03/2025;1,02;V
01/04/2025;1,02;V
02/04/2025;1,00;V
03/04/2025;1,00;V
04/04/2025;1,00;V
05/04/2025;1,00;V
06/04/2025;1,00;V
07/04/2025;1,00;V
08/04/2025;1,00;V
09/04/2025;0,99;V
10/04/2025;0,99;V
11/04/2025;0,99;V
12/04/2025;0,99;V
13/04/2025;1,00;V
14/04/2025;1,03;V
15/04/2025;1,20;V
16/04/2025;1,33;V
17/04/2025;1,41;V
18/04/2025;1,56;V
19/04/2025;1,32;V
20/04/2025;1,16;V
21/04/2025;1,13;V
22/04/2025;1,09;V
23/04/2025;1,06;V
24/04/2025;1,08;V
25/04/2025;1,08;V
26/04/2025;1,08;V
27/04/2025;1,08;V
28/04/2025;1,08;V
29/04/2025;1,08;V
30/04/2025;1,08;V
01/05/2025;1,08;V
02/05/2025;1,08;V
03/05/2025;1,08;V
04/05/2025;1,58;V
05/05/2025;1,14;V
06/05/2025;1,08;V
07/05/2025;1,06;V
08/05/2025;1,08;V
09/05/2025;1,09;V
10/05/2025;1,07;V
11/05/2025;1,06;V
12/05/2025;1,02;V
13/05/2025;1,00;V
14/05/2025;1,00;V
15/05/2025;1,00;V
16/05/2025;1,01;V
17/05/2025;1,00;V
18/05/2025;1,00;V
19/05/2025;1,00;V
20/05/2025;1,00;V
21/05/2025;1,00;V
22/05/2025;1,00;V
23/05/2025;1,00;V
24/05/2025;1,00;V
25/05/2025;1,00;V
26/05/2025;1,00;V
27/05/2025;1,00;V
28/05/2025;1,00;V
29/05/2025;1,00;V
30/05/2025;1,00;V
31/05/2025;1,00;V
01/06/2025;1,00;V
02/06/2025;1,00;V
03/06/2025;1,00;V
04/06/2025;1,00;V
05/06/2025;1,00;V
06/06/2025;1,00;V
07/06/2025;1,00;V
08/06/2025;1,00;V
09/06/2025;1,00;V
10/06/2025;1,00;V
11/06/2025;1,00;V
12/06/2025;1,06;V
13/06/2025;1,09;V
14/06/2025;1,09;V
15/06/2025;1,09;V
16/06/2025;1,09;V
17/06/2025;1,09;V
18/06/2025;1,09;V
19/06/2025;1,09;V
20/06/2025;1,09;V
21/06/2025;1,09;V
22/06/2025;1,09;V
23/06/2025;0,94;V
24/06/2025;0,78;V
25/06/2025;0,78;V
26/06/2025;0,99;V
27/06/2025;1,09;V
28/06/2025;1,09;V
29/06/2025;1,09;V
30/06/2025;1,09;V
01/07/2025;1,09;V
02/07/2025;1,09;V
03/07/2025;1,09;V
04/07/2025;1,09;V
05/07/2025;1,09;V
06/07/2025;1,09;V
07/07/2025;1,07;V
08/07/2025;0,91;V
09/07/2025;0,78;V
10/07/2025;0,77;V
11/07/2025;0,77;V
12/07/2025;0,77;V
13/07/2025;0,77;V
14/07/2025;0,78;V
15/07/2025;0,78;V
16/07/2025;0,79;V
17/07/2025;0,79;V
18/07/2025;0,81;V
19/07/2025;0,85;V
20/07/2025;0,86;V
21/07/2025;0,86;V
22/07/2025;0,86;V
23/07/2025;0,85;V
24/07/2025;0,85;V
25/07/2025;0,83;V
26/07/2025;0,80;V
27/07/2025;0,78;V
28/07/2025;0,81;V
29/07/2025;0,79;V
30/07/2025;0,80;V
31/07/2025;0,80;V
01/08/2025;0,79;V
02/08/2025;0,80;V
03/08/2025;0,80;V
04/08/2025;0,80;V
05/08/2025;0,80;V
06/08/2025;0,80;V
07/08/2025;0,78;V
08/08/2025;0,91;V
09/08/2025;0,99;V
10/08/2025;0,99;V
11/08/2025;1,02;V
12/08/2025;1,00;V
13/08/2025;0,97;V
14/08/2025;0,96;V
15/08/2025;0,96;V
16/08/2025;0,96;V
17/08/2025;0,96;V
18/08/2025;0,96;V
19/08/2025;0,93;V
20/08/2025;0,90;V
21/08/2025;0,84;V
22/08/2025;0,83;V
23/08/2025;0,83;V
24/08/2025;0,84;V
25/08/2025;0,83;V
26/08/2025;0,83;V
27/08/2025;0,83;V
28/08/2025;0,83;V
29/08/2025;0,85;V
30/08/2025;0,85;V
31/08/2025;0,93;V
01/09/2025;0,89;V
02/09/2025;0,84;V
03/09/2025;0,83;V
04/09/2025;0,83;V
05/09/2025;0,83;V
06/09/2025;0,83;V
07/09/2025;0,84;V
08/09/2025;0,85;V
09/09/2025;0,86;V
10/09/2025;0,84;V
11/09/2025;0,82;V
12/09/2025;0,83;V
13/09/2025;0,83;V
14/09/2025;0,84;V
15/09/2025;0,84;V
16/09/2025;0,84;V
17/09/2025;0,85;V
18/09/2025;0,85;V
19/09/2025;0,86;V
20/09/2025;0,86;V
21/09/2025;0,86;V
22/09/2025;0,88;V
23/09/2025;0,85;V
24/09/2025;0,81;V
25/09/2025;0,78;V
26/09/2025;0,79;V
27/09/2025;0,78;V
28/09/2025;0,77;V
29/09/2025;0,77;V
30/09/2025;0,77;V
01/10/2025;0,78;V
02/10/2025;0,78;V
03/10/2025;0,78;V
04/10/2025;0,79;V
05/10/2025;0,82;V
06/10/2025;0,79;V
07/10/2025;0,79;V
08/10/2025;0,79;V
09/10/2025;0,83;V
10/10/2025;0,77;V
11/10/2025;0,77;V
12/10/2025;0,77;V
13/10/2025;0,77;V
14/10/2025;0,77;V
15/10/2025;0,77;V
16/10/2025;0,77;V
17/10/2025;0,77;V
18/10/2025;0,78;V
19/10/2025;0,77;V
20/10/2025;0,77;V
21/10/2025;0,83;V
22/10/2025;0,84;V
23/10/2025;0,90;V
24/10/2025;0,86;V
25/10/2025;0,83;V
26/10/2025;0,83;V
27/10/2025;0,82;V
28/10/2025;0,81;V
29/10/2025;0,81;V
30/10/2025;0,92;V
31/10/2025;0,91;V
01/11/2025;0,85;V
02/11/2025;0,84;V
03/11/2025;0,87;V
04/11/2025;0,84;V
05/11/2025;0,83;V
06/11/2025;0,82;V
07/11/2025;0,82;V
08/11/2025;0,81;V
09/11/2025;0,81;V
10/11/2025;0,80;V
11/11/2025;0,81;V
12/11/2025;0,85;V
13/11/2025;0,85;V
14/11/2025;0,85;V
15/11/2025;0,85;V
16/11/2025;0,85;V
17/11/2025;0,93;V
18/11/2025;0,90;V
19/11/2025;0,92;V
20/11/2025;0,88;V
21/11/2025;0,86;V
22/11/2025;0,87;V
23/11/2025;0,86;V
24/11/2025;1,02;V
25/11/2025;1,48;V
26/11/2025;1,60;V
27/11/2025;1,48;V
28/11/2025;1,34;V
29/11/2025;1,22;V
30/11/2025;1,11;V
01/12/2025;1,02;V
02/12/2025;1,01;V
03/12/2025;1,00;V
04/12/2025;0,99;V
05/12/2025;0,96;V
06/12/2025;0,91;V
07/12/2025;0,89;V
08/12/2025;0,89;V
09/12/2025;0,88;V
10/12/2025;0,87;V
11/12/2025;0,86;V
12/12/2025;0,88;V
13/12/2025;0,87;V
14/12/2025;0,87;V
15/12/2025;0,87;V
16/12/2025;0,87;V
17/12/2025;0,90;V
18/12/2025;0,90;V
19/12/2025;0,91;V
20/12/2025;0,91;V
21/12/2025;0,89;V
22/12/2025;0,89;V
23/12/2025;0,90;V
24/12/2025;0,91;V
25/12/2025;0,90;V
26/12/2025;0,89;V
27/12/2025;0,89;V
28/12/2025;0,88;V
29/12/2025;0,88;V
30/12/2025;0,92;V
31/12/2025;0,86;V
01/01/2026;0,86;P
02/01/2026;0,88;P
03/01/2026;0,85;P
04/01/2026;0,84;P
05/01/2026;0,83;P
06/01/2026;0,84;P
07/01/2026;0,84;P
08/01/2026;0,83;P
09/01/2026;0,88;P
10/01/2026;0,91;P
11/01/2026;0,87;P
12/01/2026;0,86;P
13/01/2026;0,86;P
14/01/2026;0,86;P
15/01/2026;0,86;P
16/01/2026;0,87;P
17/01/2026;0,87;P
18/01/2026;0,86;P
19/01/2026;0,86;P
20/01/2026;0,85;P
21/01/2026;0,84;P
22/01/2026;0,83;P
23/01/2026;0,84;P
24/01/2026;1,01;P
25/01/2026;1,45;P
26/01/2026;1,73;P
27/01/2026;1,62;P
28/01/2026;1,77;P
29/01/2026;1,93;P
30/01/2026;1,81;P
31/01/2026;1,64;P
01/02/2026;1,21;P
02/02/2026;0,94;P
03/02/2026;1,02;P
04/02/2026;1,17;P
05/02/2026;1,51;P
06/02/2026;1,72;P
07/02/2026;1,77;P
08/02/2026;1,69;P
09/02/2026;1,56;P
10/02/2026;1,43;P
11/02/2026;1,49;P
12/02/2026;1,63;P
13/02/2026;1,66;P
14/02/2026;1,61;P
15/02/2026;1,60;P
16/02/2026;1,48;P
17/02/2026;1,40;P
18/02/2026;1,31;P
19/02/2026;1,26;P
20/02/2026;1,18;P
21/02/2026;1,05;P
22/02/2026;0,97;P
23/02/2026;0,96;P
24/02/2026;0,95;P
25/02/2026;0,95;P
26/02/2026;0,95;P
27/02/2026;0,93;P
28/02/2026;0,92;P
01/03/2026;0,93;P
02/03/2026;0,93;P
03/03/2026;0,94;P
04/03/2026;0,94;P
05/03/2026;0,94;P
06/03/2026;0,94;P
07/03/2026;0,94;P
08/03/2026;0,95;P
09/03/2026;0,95;P
10/03/2026;0,95;P
11/03/2026;0,95;P
12/03/2026;0,99;P
13/03/2026;0,89;P
14/03/2026;0,87;P
15/03/2026;0,87;P
16/03/2026;0,88;P
17/03/2026;0,90;P
18/03/2026;0,85;P
19/03/2026;0,86;P
20/03/2026;0,87;P
21/03/2026;0,87;P
22/03/2026;0,85;P
23/03/2026;0,85;P
24/03/2026;0,85;P
25/03/2026;0,85;P
26/03/2026;1,00;P
27/03/2026;0,92;P
28/03/2026;0,87;P
29/03/2026;0,87;P
30/03/2026;0,91;P
31/03/2026;0,94;P
01/04/2026;0,89;P
02/04/2026;0,83;P
03/04/2026;0,83;P
04/04/2026;0,83;P
05/04/2026;0,83;P
06/04/2026;0,83;P
07/04/2026;0,83;P
08/04/2026;0,84;P
09/04/2026;0,89;P
10/04/2026;0,83;P
11/04/2026;0,83;P
12/04/2026;0,83;P
13/04/2026;0,85;P
14/04/2026;0,84;P
15/04/2026;0,83;P
16/04/2026;0,83;P
17/04/2026;0,83;P
18/04/2026;0,83;P
19/04/2026;0,83;P
20/04/2026;0,83;P
21/04/2026;0,84;P
22/04/2026;0,84;P
23/04/2026;0,84;P
24/04/2026;0,84;P
25/04/2026;0,84;P
26/04/2026;0,84;P
27/04/2026;0,84;P
28/04/2026;0,84;P
29/04/2026;0,84;P
30/04/2026;0,84;P
01/05/2026;0,84;P
02/05/2026;0,83;P
03/05/2026;0,84;P
04/05/2026;0,84;P
05/05/2026;0,89;P
06/05/2026;1,20;P
07/05/2026;1,32;P
08/05/2026;1,05;P
09/05/2026;0,92;P
10/05/2026;0,93;P
11/05/2026;0,92;P
12/05/2026;0,87;P
13/05/2026;0,86;P
14/05/2026;0,85;P
15/05/2026;0,86;P
16/05/2026;0,86;P
17/05/2026;0,85;P
18/05/2026;0,84;P
19/05/2026;0,83;P
20/05/2026;0,83;P
21/05/2026;0,83;P
22/05/2026;0,83;P
23/05/2026;0,83;P
24/05/2026;0,83;P
25/05/2026;0,83;P
26/05/2026;0,83;P
27/05/2026;0,83;P
28/05/2026;0,84;P
29/05/2026;0,84;P
30/05/2026;0,84;P
31/05/2026;0,83;P
01/06/2026;0,84;P
02/06/2026;0,84;P
03/06/2026;0,87;P
04/06/2026;0,81;P
05/06/2026;0,81;P
06/06/2026;0,81;P
07/06/2026;0,80;P
08/06/2026;0,80;P
09/06/2026;0,80;P
10/06/2026;0,79;P
11/06/2026;0,79;P
