"Stazione";"Dicomano"
"Codice";"TOS01004625"
"Comune";"Dicomano"
"Provincia";"FI"
"GB [m]";"E";1702892;"N";4862337
"WGS84 [°]";"Lat";43.886;"Lon";11.525
"Quota [m]";148,00

;;;ATTENZIONE i dati sono nel fomato csv ed utilizzano
;;;come separatore di colonna il "punto e virgola" e
;;;come separatore decimale la "virgola"
;;;verificare le proprie impostazioni internazionali per una corretta visulizzazione.
;;;Il valore contrassegnato con N corrisponde al dato non validato
;;;Il valore contrassegnato con R corrisponde al dato ricostruito
;;;Il valore contrassegnato con I corrisponde al dato incerto
;;;Il valore contrassegnato con @ corrisponde al dato mancante
;;;Il valore contrassegnato con V corrisponde al dato validato
;;;Il valore contrassegnato con P corrisponde al dato prevalidato soggetto ad eventuali modifiche
;;;(consultare la sezione Criteri di validazione)

"gg/mm/aaaa";"Livello [m]";"Tipo Dato"
01/01/1998;0,66;V
02/01/1998;0,62;V
03/01/1998;0,63;V
04/01/1998;0,62;V
05/01/1998;0,60;V
06/01/1998;0,59;V
07/01/1998;0,56;V
08/01/1998;0,51;V
09/01/1998;0,49;V
10/01/1998;0,47;V
11/01/1998;0,45;V
12/01/1998;0,44;V
13/01/1998;0,43;V
14/01/1998;0,43;V
15/01/1998;0,53;V
16/01/1998;0,52;V
17/01/1998;0,58;V
18/01/1998;0,59;V
19/01/1998;0,68;V
20/01/1998;0,95;V
21/01/1998;0,78;V
22/01/1998;0,72;V
23/01/1998;0,67;V
24/01/1998;0,63;V
25/01/1998;0,60;V
26/01/1998;0,57;V
27/01/1998;0,54;V
28/01/1998;0,49;V
29/01/1998;0,47;V
30/01/1998;0,45;V
31/01/1998;0,44;V
01/02/1998;0,44;V
02/02/1998;0,42;V
03/02/1998;0,43;V
04/02/1998;0,49;V
05/02/1998;0,49;V
06/02/1998;0,45;V
07/02/1998;0,44;V
08/02/1998;0,44;V
09/02/1998;0,42;V
10/02/1998;0,40;V
11/02/1998;0,40;V
12/02/1998;0,40;V
13/02/1998;0,39;V
14/02/1998;0,39;V
15/02/1998;0,39;V
16/02/1998;0,39;V
17/02/1998;0,39;V
18/02/1998;0,38;V
19/02/1998;0,38;V
20/02/1998;0,38;V
21/02/1998;0,37;V
22/02/1998;0,38;V
23/02/1998;0,52;V
24/02/1998;0,58;V
25/02/1998;0,53;V
26/02/1998;0,49;V
27/02/1998;0,46;V
28/02/1998;0,45;V
01/03/1998;0,44;V
02/03/1998;0,44;V
03/03/1998;0,43;V
04/03/1998;0,43;V
05/03/1998;0,42;V
06/03/1998;0,40;V
07/03/1998;0,40;V
08/03/1998;0,40;V
09/03/1998;0,44;V
10/03/1998;0,45;V
11/03/1998;0,42;V
12/03/1998;0,43;V
13/03/1998;0,47;V
14/03/1998;0,45;V
15/03/1998;0,43;V
16/03/1998;0,43;V
17/03/1998;0,42;V
18/03/1998;0,41;V
19/03/1998;0,40;V
20/03/1998;0,39;V
21/03/1998;0,39;V
22/03/1998;0,39;V
23/03/1998;0,39;V
24/03/1998;0,43;V
25/03/1998;0,46;V
26/03/1998;0,45;V
27/03/1998;0,46;V
28/03/1998;0,47;V
29/03/1998;0,48;V
30/03/1998;0,50;V
31/03/1998;0,49;V
01/04/1998;0,48;V
02/04/1998;0,48;V
03/04/1998;0,46;V
04/04/1998;0,44;V
05/04/1998;0,44;V
06/04/1998;0,80;V
07/04/1998;0,69;V
08/04/1998;0,61;V
09/04/1998;0,59;V
10/04/1998;0,62;V
11/04/1998;1,15;V
12/04/1998;1,50;V
13/04/1998;1,49;V
14/04/1998;1,19;V
15/04/1998;0,98;V
16/04/1998;1,61;V
17/04/1998;1,56;V
18/04/1998;1,34;V
19/04/1998;1,09;V
20/04/1998;0,98;V
21/04/1998;0,91;V
22/04/1998;0,83;V
23/04/1998;0,74;V
24/04/1998;0,70;V
25/04/1998;0,66;V
26/04/1998;0,63;V
27/04/1998;0,62;V
28/04/1998;0,65;V
29/04/1998;0,67;V
30/04/1998;0,66;V
01/05/1998;0,75;V
02/05/1998;0,87;V
03/05/1998;0,80;V
04/05/1998;0,70;V
05/05/1998;0,67;V
06/05/1998;0,62;V
07/05/1998;0,60;V
08/05/1998;0,57;V
09/05/1998;0,53;V
10/05/1998;0,50;V
11/05/1998;0,49;V
12/05/1998;0,47;V
13/05/1998;0,45;V
14/05/1998;0,44;V
15/05/1998;0,43;V
16/05/1998;0,40;V
17/05/1998;0,39;V
18/05/1998;0,38;V
19/05/1998;0,38;V
20/05/1998;0,38;V
21/05/1998;0,35;V
22/05/1998;0,33;V
23/05/1998;0,32;V
24/05/1998;0,31;V
25/05/1998;0,33;V
26/05/1998;0,30;V
27/05/1998;0,29;V
28/05/1998;0,28;V
29/05/1998;0,36;V
30/05/1998;0,34;V
31/05/1998;0,30;V
01/06/1998;0,28;V
02/06/1998;0,27;V
03/06/1998;0,27;V
04/06/1998;0,26;V
05/06/1998;0,24;V
06/06/1998;0,24;V
07/06/1998;0,26;V
08/06/1998;0,29;V
09/06/1998;0,23;V
10/06/1998;0,22;V
11/06/1998;0,31;V
12/06/1998;0,32;V
13/06/1998;0,28;V
14/06/1998;0,25;V
15/06/1998;0,23;V
16/06/1998;0,22;V
17/06/1998;0,21;V
18/06/1998;0,19;V
19/06/1998;0,20;V
20/06/1998;0,20;V
21/06/1998;0,18;V
22/06/1998;0,17;V
23/06/1998;0,16;V
24/06/1998;0,16;V
25/06/1998;0,15;V
26/06/1998;0,15;V
27/06/1998;0,14;V
28/06/1998;0,12;V
29/06/1998;0,13;V
30/06/1998;0,12;V
01/07/1998;0,11;V
02/07/1998;0,11;V
03/07/1998;0,11;V
04/07/1998;0,11;V
05/07/1998;0,09;V
06/07/1998;0,06;V
07/07/1998;0,07;V
08/07/1998;0,15;V
09/07/1998;0,10;V
10/07/1998;0,07;V
11/07/1998;0,07;V
12/07/1998;0,07;V
13/07/1998;0,06;V
14/07/1998;0,11;V
15/07/1998;0,17;V
16/07/1998;0,10;V
17/07/1998;0,07;V
18/07/1998;0,08;V
19/07/1998;0,07;V
20/07/1998;0,07;V
21/07/1998;0,07;V
22/07/1998;0,07;V
23/07/1998;0,07;V
24/07/1998;0,07;V
25/07/1998;0,07;V
26/07/1998;0,07;V
27/07/1998;0,07;V
28/07/1998;0,07;V
29/07/1998;0,07;V
30/07/1998;0,07;V
31/07/1998;0,07;V
01/08/1998;0,07;V
02/08/1998;0,07;V
03/08/1998;0,07;V
04/08/1998;0,07;V
05/08/1998;0,07;V
06/08/1998;0,07;V
07/08/1998;0,07;V
08/08/1998;0,07;V
09/08/1998;0,07;V
10/08/1998;0,07;V
11/08/1998;0,07;V
12/08/1998;0,07;V
13/08/1998;0,07;V
14/08/1998;0,07;V
15/08/1998;0,07;V
16/08/1998;0,07;V
17/08/1998;0,07;V
18/08/1998;0,08;V
19/08/1998;0,18;V
20/08/1998;0,20;V
21/08/1998;0,08;V
22/08/1998;0,09;V
23/08/1998;0,09;V
24/08/1998;0,08;V
25/08/1998;0,07;V
26/08/1998;0,07;V
27/08/1998;0,07;V
28/08/1998;0,08;V
29/08/1998;0,10;V
30/08/1998;0,10;V
31/08/1998;0,11;V
01/09/1998;0,13;V
02/09/1998;0,11;V
03/09/1998;0,18;V
04/09/1998;0,12;V
05/09/1998;0,15;V
06/09/1998;0,23;V
07/09/1998;0,12;V
08/09/1998;0,10;V
09/09/1998;0,11;V
10/09/1998;0,11;V
11/09/1998;0,10;V
12/09/1998;0,20;V
13/09/1998;0,19;V
14/09/1998;0,28;V
15/09/1998;0,16;V
16/09/1998;0,12;V
17/09/1998;0,14;V
18/09/1998;0,12;V
19/09/1998;0,09;V
20/09/1998;0,08;V
21/09/1998;0,08;V
22/09/1998;0,08;V
23/09/1998;0,08;V
24/09/1998;0,08;V
25/09/1998;0,14;V
26/09/1998;0,32;V
27/09/1998;0,52;V
28/09/1998;0,35;V
29/09/1998;0,28;V
30/09/1998;0,13;V
01/10/1998;0,38;V
02/10/1998;0,33;V
03/10/1998;0,28;V
04/10/1998;0,26;V
05/10/1998;0,35;V
06/10/1998;1,43;V
07/10/1998;0,91;V
08/10/1998;0,63;V
09/10/1998;0,49;V
10/10/1998;0,48;V
11/10/1998;0,42;V
12/10/1998;0,39;V
13/10/1998;0,36;V
14/10/1998;0,33;V
15/10/1998;0,32;V
16/10/1998;0,31;V
17/10/1998;0,29;V
18/10/1998;0,31;V
19/10/1998;0,47;V
20/10/1998;1,32;V
21/10/1998;0,63;V
22/10/1998;0,51;V
23/10/1998;0,47;V
24/10/1998;0,45;V
25/10/1998;0,46;V
26/10/1998;0,51;V
27/10/1998;0,46;V
28/10/1998;0,41;V
29/10/1998;0,38;V
30/10/1998;0,36;V
31/10/1998;0,34;V
01/11/1998;0,34;V
02/11/1998;0,35;V
03/11/1998;0,37;V
04/11/1998;1,67;V
05/11/1998;1,89;V
06/11/1998;1,28;V
07/11/1998;0,82;V
08/11/1998;0,69;V
09/11/1998;0,63;V
10/11/1998;0,60;V
11/11/1998;0,66;V
12/11/1998;0,60;V
13/11/1998;0,56;V
14/11/1998;0,52;V
15/11/1998;0,52;V
16/11/1998;0,50;V
17/11/1998;0,48;V
18/11/1998;0,44;V
19/11/1998;0,41;V
20/11/1998;0,40;V
21/11/1998;0,39;V
22/11/1998;0,38;V
23/11/1998;0,37;V
24/11/1998;0,38;V
25/11/1998;0,38;V
26/11/1998;0,38;V
27/11/1998;0,38;V
28/11/1998;0,38;V
29/11/1998;0,38;V
30/11/1998;0,37;V
01/12/1998;0,38;V
02/12/1998;0,40;V
03/12/1998;0,37;V
04/12/1998;0,41;V
05/12/1998;0,50;V
06/12/1998;0,46;V
07/12/1998;0,43;V
08/12/1998;0,38;V
09/12/1998;0,35;V
10/12/1998;0,34;V
11/12/1998;0,46;V
12/12/1998;0,43;V
13/12/1998;0,36;V
14/12/1998;0,35;V
15/12/1998;0,34;V
16/12/1998;0,34;V
17/12/1998;0,33;V
18/12/1998;0,32;V
19/12/1998;0,57;V
20/12/1998;0,44;V
21/12/1998;0,57;V
22/12/1998;0,63;V
23/12/1998;0,50;V
24/12/1998;0,45;V
25/12/1998;0,41;V
26/12/1998;0,38;V
27/12/1998;0,36;V
28/12/1998;0,36;V
29/12/1998;0,37;V
30/12/1998;0,36;V
31/12/1998;0,36;V
01/01/1999;0,35;V
02/01/1999;0,35;V
03/01/1999;0,34;V
04/01/1999;0,34;V
05/01/1999;0,33;V
06/01/1999;0,32;V
07/01/1999;0,32;V
08/01/1999;0,32;V
09/01/1999;0,33;V
10/01/1999;0,36;V
11/01/1999;1,05;V
12/01/1999;1,10;V
13/01/1999;1,32;V
14/01/1999;1,25;V
15/01/1999;0,99;V
16/01/1999;0,84;V
17/01/1999;0,78;V
18/01/1999;0,75;V
19/01/1999;0,67;V
20/01/1999;0,62;V
21/01/1999;0,59;V
22/01/1999;0,56;V
23/01/1999;0,54;V
24/01/1999;0,52;V
25/01/1999;0,50;V
26/01/1999;0,49;V
27/01/1999;0,69;V
28/01/1999;0,82;V
29/01/1999;0,69;V
30/01/1999;0,61;V
31/01/1999;0,58;V
01/02/1999;0,56;V
02/02/1999;0,52;V
03/02/1999;0,49;V
04/02/1999;0,47;V
05/02/1999;0,46;V
06/02/1999;0,45;V
07/02/1999;0,45;V
08/02/1999;0,49;V
09/02/1999;0,73;V
10/02/1999;2,15;V
11/02/1999;1,80;V
12/02/1999;1,05;V
13/02/1999;0,93;V
14/02/1999;0,85;V
15/02/1999;0,79;V
16/02/1999;0,80;V
17/02/1999;0,76;V
18/02/1999;0,70;V
19/02/1999;0,67;V
20/02/1999;0,67;V
21/02/1999;0,68;V
22/02/1999;0,71;V
23/02/1999;0,82;V
24/02/1999;0,69;V
25/02/1999;0,73;V
26/02/1999;0,74;V
27/02/1999;0,68;V
28/02/1999;0,64;V
01/03/1999;0,62;V
02/03/1999;0,60;V
03/03/1999;0,57;V
04/03/1999;0,57;V
05/03/1999;1,14;V
06/03/1999;1,18;V
07/03/1999;1,16;V
08/03/1999;1,08;V
09/03/1999;0,95;V
10/03/1999;0,90;V
11/03/1999;0,87;V
12/03/1999;0,80;V
13/03/1999;0,75;V
14/03/1999;0,69;V
15/03/1999;0,65;V
16/03/1999;0,62;V
17/03/1999;0,60;V
18/03/1999;0,57;V
19/03/1999;0,55;V
20/03/1999;0,52;V
21/03/1999;0,51;V
22/03/1999;0,52;V
23/03/1999;0,56;V
24/03/1999;0,51;V
25/03/1999;0,49;V
26/03/1999;0,50;V
27/03/1999;0,92;V
28/03/1999;0,95;V
29/03/1999;0,87;V
30/03/1999;0,75;V
31/03/1999;0,66;V
01/04/1999;0,62;V
02/04/1999;0,60;V
03/04/1999;0,58;V
04/04/1999;0,56;V
05/04/1999;0,54;V
06/04/1999;0,51;V
07/04/1999;0,50;V
08/04/1999;0,57;V
09/04/1999;0,80;V
10/04/1999;0,73;V
11/04/1999;0,65;V
12/04/1999;0,61;V
13/04/1999;1,04;V
14/04/1999;1,08;V
15/04/1999;0,91;V
16/04/1999;1,24;V
17/04/1999;1,29;V
18/04/1999;1,21;V
19/04/1999;1,08;V
20/04/1999;1,15;V
21/04/1999;1,26;V
22/04/1999;1,15;V
23/04/1999;1,03;V
24/04/1999;0,93;V
25/04/1999;0,87;V
26/04/1999;0,81;V
27/04/1999;0,77;V
28/04/1999;0,76;V
29/04/1999;0,70;V
30/04/1999;0,65;V
01/05/1999;0,61;V
02/05/1999;0,58;V
03/05/1999;0,56;V
04/05/1999;0,55;V
05/05/1999;0,62;V
06/05/1999;0,58;V
07/05/1999;0,54;V
08/05/1999;0,50;V
09/05/1999;0,49;V
10/05/1999;0,47;V
11/05/1999;0,45;V
12/05/1999;0,43;V
13/05/1999;0,41;V
14/05/1999;0,41;V
15/05/1999;0,41;V
16/05/1999;0,41;V
17/05/1999;0,40;V
18/05/1999;0,40;V
19/05/1999;0,40;V
20/05/1999;0,38;V
21/05/1999;0,40;V
22/05/1999;0,39;V
23/05/1999;0,37;V
24/05/1999;0,34;V
25/05/1999;0,33;V
26/05/1999;0,33;V
27/05/1999;0,33;V
28/05/1999;0,32;V
29/05/1999;0,29;V
30/05/1999;0,29;V
31/05/1999;0,29;V
01/06/1999;0,28;V
02/06/1999;0,27;V
03/06/1999;0,26;V
04/06/1999;0,25;V
05/06/1999;0,25;V
06/06/1999;0,25;V
07/06/1999;0,24;V
08/06/1999;0,26;V
09/06/1999;0,25;V
10/06/1999;0,24;V
11/06/1999;0,24;V
12/06/1999;0,24;V
13/06/1999;0,23;V
14/06/1999;0,23;V
15/06/1999;0,23;V
16/06/1999;0,28;V
17/06/1999;0,28;V
18/06/1999;0,25;V
19/06/1999;0,24;V
20/06/1999;0,35;V
21/06/1999;0,30;V
22/06/1999;0,27;V
23/06/1999;0,24;V
24/06/1999;0,23;V
25/06/1999;0,23;V
26/06/1999;0,21;V
27/06/1999;0,21;V
28/06/1999;0,22;V
29/06/1999;0,23;V
30/06/1999;0,22;V
01/07/1999;0,22;V
02/07/1999;0,27;V
03/07/1999;0,24;V
04/07/1999;0,24;V
05/07/1999;0,28;V
06/07/1999;0,28;V
07/07/1999;0,28;V
08/07/1999;0,27;V
09/07/1999;0,28;V
10/07/1999;0,27;V
11/07/1999;0,28;V
12/07/1999;0,26;V
13/07/1999;0,25;V
14/07/1999;0,23;V
15/07/1999;0,25;V
16/07/1999;0,25;V
17/07/1999;0,23;V
18/07/1999;0,23;V
19/07/1999;0,22;V
20/07/1999;0,23;V
21/07/1999;0,23;V
22/07/1999;0,23;V
23/07/1999;0,23;V
24/07/1999;0,22;V
25/07/1999;0,22;V
26/07/1999;0,22;V
27/07/1999;0,22;V
28/07/1999;0,23;V
29/07/1999;0,27;V
30/07/1999;0,25;V
31/07/1999;0,24;V
01/08/1999;0,23;V
02/08/1999;0,23;V
03/08/1999;0,23;V
04/08/1999;0,23;V
05/08/1999;0,23;V
06/08/1999;0,22;V
07/08/1999;0,23;V
08/08/1999;0,23;V
09/08/1999;0,22;V
10/08/1999;0,23;V
11/08/1999;0,23;V
12/08/1999;0,23;V
13/08/1999;0,23;V
14/08/1999;0,23;V
15/08/1999;0,23;V
16/08/1999;0,23;V
17/08/1999;0,22;V
18/08/1999;0,22;V
19/08/1999;0,22;V
20/08/1999;0,23;V
21/08/1999;0,23;V
22/08/1999;0,23;V
23/08/1999;0,23;V
24/08/1999;0,23;V
25/08/1999;0,23;V
26/08/1999;0,23;V
27/08/1999;0,26;V
28/08/1999;0,27;V
29/08/1999;0,29;V
30/08/1999;0,29;V
31/08/1999;0,27;V
01/09/1999;0,26;V
02/09/1999;0,24;V
03/09/1999;0,24;V
04/09/1999;0,24;V
05/09/1999;0,26;V
06/09/1999;0,24;V
07/09/1999;0,25;V
08/09/1999;0,24;V
09/09/1999;0,23;V
10/09/1999;0,23;V
11/09/1999;0,23;V
12/09/1999;0,23;V
13/09/1999;0,23;V
14/09/1999;0,23;V
15/09/1999;0,23;V
16/09/1999;0,19;V
17/09/1999;0,18;V
18/09/1999;0,18;V
19/09/1999;0,19;V
20/09/1999;0,23;V
21/09/1999;0,33;V
22/09/1999;0,32;V
23/09/1999;0,24;V
24/09/1999;0,19;V
25/09/1999;0,17;V
26/09/1999;0,16;V
27/09/1999;0,19;V
28/09/1999;0,18;V
29/09/1999;0,16;V
30/09/1999;0,13;V
01/10/1999;0,18;V
02/10/1999;0,14;V
03/10/1999;0,11;V
04/10/1999;0,15;V
05/10/1999;0,15;V
06/10/1999;0,14;V
07/10/1999;0,11;V
08/10/1999;0,09;V
09/10/1999;0,08;V
10/10/1999;0,09;V
11/10/1999;0,09;V
12/10/1999;0,09;V
13/10/1999;0,09;V
14/10/1999;0,09;V
15/10/1999;0,11;V
16/10/1999;0,16;V
17/10/1999;0,12;V
18/10/1999;0,13;V
19/10/1999;0,19;V
20/10/1999;0,19;V
21/10/1999;0,23;V
22/10/1999;0,29;V
23/10/1999;0,29;V
24/10/1999;0,53;V
25/10/1999;0,52;V
26/10/1999;0,49;V
27/10/1999;0,35;V
28/10/1999;0,27;V
29/10/1999;0,24;V
30/10/1999;0,23;V
31/10/1999;0,22;V
01/11/1999;0,20;V
02/11/1999;0,19;V
03/11/1999;0,22;V
04/11/1999;0,36;V
05/11/1999;0,31;V
06/11/1999;0,30;V
07/11/1999;0,51;V
08/11/1999;0,54;V
09/11/1999;0,41;V
10/11/1999;0,36;V
11/11/1999;0,32;V
12/11/1999;0,29;V
13/11/1999;0,28;V
14/11/1999;0,29;V
15/11/1999;0,29;V
16/11/1999;0,34;V
17/11/1999;0,39;V
18/11/1999;0,54;V
19/11/1999;2,17;V
20/11/1999;1,13;V
21/11/1999;1,02;V
22/11/1999;0,98;V
23/11/1999;0,93;V
24/11/1999;0,83;V
25/11/1999;0,74;V
26/11/1999;0,69;V
27/11/1999;0,63;V
28/11/1999;0,59;V
29/11/1999;0,55;V
30/11/1999;0,50;V
01/12/1999;0,48;V
02/12/1999;0,50;V
03/12/1999;0,52;V
04/12/1999;0,51;V
05/12/1999;0,61;V
06/12/1999;0,65;V
07/12/1999;0,59;V
08/12/1999;0,57;V
09/12/1999;;@
10/12/1999;;@
11/12/1999;;@
12/12/1999;;@
13/12/1999;;@
14/12/1999;;@
15/12/1999;;@
16/12/1999;;@
17/12/1999;;@
18/12/1999;;@
19/12/1999;;@
20/12/1999;;@
21/12/1999;;@
22/12/1999;;@
23/12/1999;;@
24/12/1999;;@
25/12/1999;;@
26/12/1999;;@
27/12/1999;;@
28/12/1999;;@
29/12/1999;;@
30/12/1999;;@
31/12/1999;;@
01/01/2000;0,64;V
02/01/2000;0,57;V
03/01/2000;0,52;V
04/01/2000;0,51;V
05/01/2000;0,49;V
06/01/2000;0,47;V
07/01/2000;0,45;V
08/01/2000;0,44;V
09/01/2000;0,41;V
10/01/2000;0,39;V
11/01/2000;0,35;V
12/01/2000;0,34;V
13/01/2000;0,33;V
14/01/2000;0,31;V
15/01/2000;0,31;V
16/01/2000;0,30;V
17/01/2000;0,29;V
18/01/2000;0,28;V
19/01/2000;0,28;V
20/01/2000;0,28;V
21/01/2000;0,25;V
22/01/2000;0,26;V
23/01/2000;0,29;V
24/01/2000;0,28;V
25/01/2000;0,25;V
26/01/2000;0,24;V
27/01/2000;0,23;V
28/01/2000;0,24;V
29/01/2000;0,35;V
30/01/2000;0,42;V
31/01/2000;0,47;V
01/02/2000;0,51;V
02/02/2000;0,48;V
03/02/2000;0,59;V
04/02/2000;0,56;V
05/02/2000;0,53;V
06/02/2000;0,50;V
07/02/2000;0,49;V
08/02/2000;0,47;V
09/02/2000;0,48;V
10/02/2000;0,47;V
11/02/2000;0,44;V
12/02/2000;0,44;V
13/02/2000;0,44;V
14/02/2000;0,43;V
15/02/2000;0,42;V
16/02/2000;0,45;V
17/02/2000;0,58;V
18/02/2000;0,51;V
19/02/2000;0,47;V
20/02/2000;0,46;V
21/02/2000;0,44;V
22/02/2000;0,44;V
23/02/2000;0,43;V
24/02/2000;0,43;V
25/02/2000;0,42;V
26/02/2000;0,42;V
27/02/2000;0,41;V
28/02/2000;0,40;V
29/02/2000;0,39;V
01/03/2000;0,41;V
02/03/2000;1,08;V
03/03/2000;0,76;V
04/03/2000;;@
05/03/2000;0,60;V
06/03/2000;0,57;V
07/03/2000;0,55;V
08/03/2000;0,54;V
09/03/2000;0,52;V
10/03/2000;0,52;V
11/03/2000;0,47;V
12/03/2000;0,44;V
13/03/2000;0,43;V
14/03/2000;0,42;V
15/03/2000;0,41;V
16/03/2000;0,39;V
17/03/2000;0,38;V
18/03/2000;0,37;V
19/03/2000;0,37;V
20/03/2000;0,37;V
21/03/2000;0,35;V
22/03/2000;0,34;V
23/03/2000;0,32;V
24/03/2000;;@
25/03/2000;;@
26/03/2000;0,39;V
27/03/2000;0,45;V
28/03/2000;0,50;V
29/03/2000;0,66;V
30/03/2000;0,78;V
31/03/2000;0,70;V
01/04/2000;0,62;V
02/04/2000;0,57;V
03/04/2000;0,57;V
04/04/2000;0,69;V
05/04/2000;0,88;V
06/04/2000;0,73;V
07/04/2000;0,65;V
08/04/2000;0,60;V
09/04/2000;0,58;V
10/04/2000;0,58;V
11/04/2000;0,58;V
12/04/2000;0,75;V
13/04/2000;0,69;V
14/04/2000;0,64;V
15/04/2000;0,61;V
16/04/2000;0,58;V
17/04/2000;0,56;V
18/04/2000;0,54;V
19/04/2000;0,53;V
20/04/2000;0,51;V
21/04/2000;0,49;V
22/04/2000;0,47;V
23/04/2000;0,46;V
24/04/2000;0,45;V
25/04/2000;0,44;V
26/04/2000;0,42;V
27/04/2000;0,41;V
28/04/2000;0,39;V
29/04/2000;0,39;V
30/04/2000;0,45;V
01/05/2000;0,40;V
02/05/2000;0,38;V
03/05/2000;0,36;V
04/05/2000;0,34;V
05/05/2000;0,32;V
06/05/2000;0,32;V
07/05/2000;0,30;V
08/05/2000;0,31;V
09/05/2000;0,31;V
10/05/2000;0,29;V
11/05/2000;0,28;V
12/05/2000;0,28;V
13/05/2000;0,30;V
14/05/2000;0,30;V
15/05/2000;0,27;V
16/05/2000;0,25;V
17/05/2000;0,24;V
18/05/2000;0,23;V
19/05/2000;0,23;V
20/05/2000;0,22;V
21/05/2000;0,21;V
22/05/2000;0,21;V
23/05/2000;0,21;V
24/05/2000;0,20;V
25/05/2000;0,19;V
26/05/2000;0,21;V
27/05/2000;0,22;V
28/05/2000;0,21;V
29/05/2000;0,21;V
30/05/2000;0,20;V
31/05/2000;0,20;V
01/06/2000;0,19;V
02/06/2000;0,18;V
03/06/2000;0,17;V
04/06/2000;0,15;V
05/06/2000;0,14;V
06/06/2000;0,13;V
07/06/2000;0,13;V
08/06/2000;0,12;V
09/06/2000;0,12;V
10/06/2000;0,19;V
11/06/2000;0,36;V
12/06/2000;0,53;V
13/06/2000;0,34;V
14/06/2000;0,31;V
15/06/2000;0,17;V
16/06/2000;0,16;V
17/06/2000;0,13;V
18/06/2000;0,12;V
19/06/2000;0,12;V
20/06/2000;0,12;V
21/06/2000;0,12;V
22/06/2000;0,12;V
23/06/2000;0,12;V
24/06/2000;0,12;V
25/06/2000;0,12;V
26/06/2000;0,12;V
27/06/2000;0,12;V
28/06/2000;0,12;V
29/06/2000;0,12;V
30/06/2000;0,12;V
01/07/2000;0,12;V
02/07/2000;0,18;V
03/07/2000;0,22;V
04/07/2000;0,24;V
05/07/2000;0,25;V
06/07/2000;0,25;V
07/07/2000;0,26;V
08/07/2000;0,27;V
09/07/2000;0,28;V
10/07/2000;0,25;V
11/07/2000;0,35;V
12/07/2000;0,22;V
13/07/2000;0,27;V
14/07/2000;0,31;V
15/07/2000;0,38;V
16/07/2000;0,36;V
17/07/2000;0,32;V
18/07/2000;0,31;V
19/07/2000;0,31;V
20/07/2000;0,31;V
21/07/2000;0,31;V
22/07/2000;0,31;V
23/07/2000;0,31;V
24/07/2000;0,31;V
25/07/2000;0,31;V
26/07/2000;0,30;V
27/07/2000;0,29;V
28/07/2000;0,26;V
29/07/2000;0,29;V
30/07/2000;0,29;V
31/07/2000;0,28;V
01/08/2000;0,27;V
02/08/2000;0,33;V
03/08/2000;0,33;V
04/08/2000;0,33;V
05/08/2000;0,35;V
06/08/2000;0,36;V
07/08/2000;0,18;V
08/08/2000;0,26;V
09/08/2000;0,26;V
10/08/2000;0,26;V
11/08/2000;0,26;V
12/08/2000;0,26;V
13/08/2000;0,25;V
14/08/2000;0,28;V
15/08/2000;0,32;V
16/08/2000;0,30;V
17/08/2000;0,27;V
18/08/2000;0,26;V
19/08/2000;0,26;V
20/08/2000;0,24;V
21/08/2000;0,24;V
22/08/2000;0,24;V
23/08/2000;0,24;V
24/08/2000;0,24;V
25/08/2000;0,24;V
26/08/2000;0,24;V
27/08/2000;0,24;V
28/08/2000;0,25;V
29/08/2000;0,24;V
30/08/2000;0,22;V
31/08/2000;0,25;V
01/09/2000;0,35;V
02/09/2000;0,33;V
03/09/2000;0,32;V
04/09/2000;0,32;V
05/09/2000;0,32;V
06/09/2000;0,31;V
07/09/2000;0,31;V
08/09/2000;0,36;V
09/09/2000;0,35;V
10/09/2000;0,33;V
11/09/2000;0,32;V
12/09/2000;0,32;V
13/09/2000;0,31;V
14/09/2000;0,30;V
15/09/2000;0,29;V
16/09/2000;0,28;V
17/09/2000;0,29;V
18/09/2000;0,28;V
19/09/2000;0,28;V
20/09/2000;0,29;V
21/09/2000;0,31;V
22/09/2000;0,30;V
23/09/2000;0,31;V
24/09/2000;0,31;V
25/09/2000;0,32;V
26/09/2000;0,31;V
27/09/2000;0,30;V
28/09/2000;0,30;V
29/09/2000;0,31;V
30/09/2000;0,30;V
01/10/2000;0,31;V
02/10/2000;0,24;V
03/10/2000;0,18;V
04/10/2000;0,12;V
05/10/2000;0,13;V
06/10/2000;0,14;V
07/10/2000;0,14;V
08/10/2000;0,12;V
09/10/2000;0,13;V
10/10/2000;0,13;V
11/10/2000;0,14;V
12/10/2000;0,14;V
13/10/2000;0,13;V
14/10/2000;0,14;V
15/10/2000;0,13;V
16/10/2000;0,13;V
17/10/2000;0,14;V
18/10/2000;0,13;V
19/10/2000;0,13;V
20/10/2000;0,13;V
21/10/2000;0,13;V
22/10/2000;0,13;V
23/10/2000;0,13;V
24/10/2000;0,13;V
25/10/2000;0,13;V
26/10/2000;0,13;V
27/10/2000;0,14;V
28/10/2000;0,13;V
29/10/2000;0,13;V
30/10/2000;0,13;V
31/10/2000;0,16;V
01/11/2000;0,29;V
02/11/2000;0,24;V
03/11/2000;0,37;V
04/11/2000;0,73;V
05/11/2000;0,58;V
06/11/2000;0,59;V
07/11/2000;1,98;V
08/11/2000;1,16;V
09/11/2000;0,96;V
10/11/2000;0,88;V
11/11/2000;0,79;V
12/11/2000;0,70;V
13/11/2000;0,64;V
14/11/2000;0,59;V
15/11/2000;0,73;V
16/11/2000;1,48;V
17/11/2000;1,07;V
18/11/2000;0,93;V
19/11/2000;0,81;V
20/11/2000;0,95;V
21/11/2000;2,71;V
22/11/2000;1,75;V
23/11/2000;1,15;V
24/11/2000;1,00;V
25/11/2000;1,00;V
26/11/2000;0,93;V
27/11/2000;0,90;V
28/11/2000;0,81;V
29/11/2000;0,75;V
30/11/2000;0,70;V
01/12/2000;0,66;V
02/12/2000;0,63;V
03/12/2000;0,61;V
04/12/2000;0,60;V
05/12/2000;0,58;V
06/12/2000;0,56;V
07/12/2000;0,54;V
08/12/2000;0,53;V
09/12/2000;0,52;V
10/12/2000;0,52;V
11/12/2000;0,50;V
12/12/2000;0,48;V
13/12/2000;0,47;V
14/12/2000;0,46;V
15/12/2000;0,44;V
16/12/2000;0,44;V
17/12/2000;0,44;V
18/12/2000;0,44;V
19/12/2000;0,43;V
20/12/2000;0,39;V
21/12/2000;0,38;V
22/12/2000;0,38;V
23/12/2000;0,36;V
24/12/2000;0,35;V
25/12/2000;0,72;V
26/12/2000;2,09;V
27/12/2000;1,77;V
28/12/2000;2,18;V
29/12/2000;1,59;V
30/12/2000;1,34;V
31/12/2000;1,14;V
01/01/2004;0,89;P
02/01/2004;0,80;P
03/01/2004;0,73;P
04/01/2004;0,69;P
05/01/2004;0,66;P
06/01/2004;0,63;P
07/01/2004;0,62;P
08/01/2004;0,61;P
09/01/2004;0,60;P
10/01/2004;0,58;P
11/01/2004;0,56;P
12/01/2004;0,53;P
13/01/2004;0,52;P
14/01/2004;0,56;P
15/01/2004;0,58;P
16/01/2004;0,58;P
17/01/2004;0,91;P
18/01/2004;2,10;P
19/01/2004;2,10;P
20/01/2004;1,49;P
21/01/2004;1,22;P
22/01/2004;1,09;P
23/01/2004;0,97;P
24/01/2004;0,88;P
25/01/2004;0,81;P
26/01/2004;0,76;P
27/01/2004;0,75;P
28/01/2004;0,76;P
29/01/2004;0,74;P
30/01/2004;0,73;P
31/01/2004;0,71;P
01/02/2004;0,71;P
02/02/2004;0,79;P
03/02/2004;1,01;P
04/02/2004;0,96;P
05/02/2004;0,88;P
06/02/2004;0,83;P
07/02/2004;0,80;P
08/02/2004;0,84;P
09/02/2004;0,83;P
10/02/2004;0,78;P
11/02/2004;0,74;P
12/02/2004;0,71;P
13/02/2004;0,65;P
14/02/2004;0,62;P
15/02/2004;0,61;P
16/02/2004;0,58;P
17/02/2004;0,57;P
18/02/2004;0,56;P
19/02/2004;0,90;P
20/02/2004;1,01;P
21/02/2004;0,93;P
22/02/2004;1,52;P
23/02/2004;2,42;P
24/02/2004;2,10;P
25/02/2004;1,50;P
26/02/2004;1,23;P
27/02/2004;1,33;P
28/02/2004;1,26;P
29/02/2004;1,25;P
01/03/2004;1,18;P
02/03/2004;1,12;P
03/03/2004;1,06;P
04/03/2004;1,01;P
05/03/2004;0,99;P
06/03/2004;0,96;P
07/03/2004;1,07;P
08/03/2004;1,08;P
09/03/2004;1,02;P
10/03/2004;0,98;P
11/03/2004;0,95;P
12/03/2004;1,03;P
13/03/2004;0,99;P
14/03/2004;0,95;P
15/03/2004;0,92;P
16/03/2004;0,86;P
17/03/2004;0,82;P
18/03/2004;0,78;P
19/03/2004;0,75;P
20/03/2004;0,72;P
21/03/2004;0,69;P
22/03/2004;0,68;P
23/03/2004;0,68;P
24/03/2004;0,68;P
25/03/2004;0,66;P
26/03/2004;0,63;P
27/03/2004;0,61;P
28/03/2004;0,59;P
29/03/2004;0,57;P
30/03/2004;0,53;P
31/03/2004;0,51;P
01/04/2004;0,51;P
02/04/2004;0,49;P
03/04/2004;0,48;P
04/04/2004;0,46;P
05/04/2004;0,45;P
06/04/2004;0,44;P
07/04/2004;0,45;P
08/04/2004;0,51;P
09/04/2004;0,50;P
10/04/2004;0,51;P
11/04/2004;0,50;P
12/04/2004;0,48;P
13/04/2004;0,49;P
14/04/2004;0,49;P
15/04/2004;0,47;P
16/04/2004;0,47;P
17/04/2004;0,78;P
18/04/2004;0,91;P
19/04/2004;0,88;P
20/04/2004;1,22;P
21/04/2004;1,06;P
22/04/2004;0,98;P
23/04/2004;0,74;P
24/04/2004;0,75;P
25/04/2004;0,95;P
26/04/2004;0,83;P
27/04/2004;0,75;P
28/04/2004;0,71;P
29/04/2004;0,67;P
30/04/2004;0,63;P
01/05/2004;0,61;P
02/05/2004;0,57;P
03/05/2004;0,56;P
04/05/2004;0,68;P
05/05/2004;1,23;P
06/05/2004;2,09;P
07/05/2004;2,06;P
08/05/2004;1,90;P
09/05/2004;1,71;P
10/05/2004;1,41;P
11/05/2004;1,15;P
12/05/2004;1,08;P
13/05/2004;1,02;P
14/05/2004;0,95;P
15/05/2004;0,87;P
16/05/2004;0,80;P
17/05/2004;0,75;P
18/05/2004;0,70;P
19/05/2004;0,66;P
20/05/2004;0,62;P
21/05/2004;0,60;P
22/05/2004;0,57;P
23/05/2004;0,55;P
24/05/2004;0,52;P
25/05/2004;0,50;P
26/05/2004;0,47;P
27/05/2004;0,46;P
28/05/2004;0,45;P
29/05/2004;0,44;P
30/05/2004;0,42;P
31/05/2004;0,41;P
01/06/2004;0,46;P
02/06/2004;0,45;P
03/06/2004;0,42;P
04/06/2004;0,41;P
05/06/2004;0,39;P
06/06/2004;0,40;P
07/06/2004;0,38;P
08/06/2004;0,35;P
09/06/2004;0,34;P
10/06/2004;0,33;P
11/06/2004;0,31;P
12/06/2004;0,30;P
13/06/2004;0,30;P
14/06/2004;0,29;P
15/06/2004;0,29;P
16/06/2004;0,30;P
17/06/2004;0,29;P
18/06/2004;0,29;P
19/06/2004;0,29;P
20/06/2004;0,35;P
21/06/2004;0,39;P
22/06/2004;0,36;P
23/06/2004;0,33;P
24/06/2004;0,29;P
25/06/2004;0,29;P
26/06/2004;0,29;P
27/06/2004;0,29;P
28/06/2004;0,29;P
29/06/2004;0,29;P
30/06/2004;0,29;P
01/07/2004;0,29;P
02/07/2004;0,29;P
03/07/2004;0,29;P
04/07/2004;0,29;P
05/07/2004;0,29;P
06/07/2004;0,29;P
07/07/2004;0,29;P
08/07/2004;0,29;P
09/07/2004;0,29;P
10/07/2004;0,29;P
11/07/2004;0,29;P
12/07/2004;0,29;P
13/07/2004;0,29;P
14/07/2004;0,29;P
15/07/2004;0,29;P
16/07/2004;0,29;P
17/07/2004;0,29;P
18/07/2004;0,29;P
19/07/2004;0,29;P
20/07/2004;0,29;P
21/07/2004;0,29;P
22/07/2004;0,29;P
23/07/2004;0,29;P
24/07/2004;0,29;P
25/07/2004;0,32;P
26/07/2004;0,31;P
27/07/2004;0,29;P
28/07/2004;0,29;P
29/07/2004;0,29;P
30/07/2004;0,29;P
31/07/2004;0,31;P
01/08/2004;0,32;P
02/08/2004;0,32;P
03/08/2004;0,31;P
04/08/2004;0,31;P
05/08/2004;0,32;P
06/08/2004;0,33;P
07/08/2004;0,30;P
08/08/2004;0,29;P
09/08/2004;0,29;P
10/08/2004;0,29;P
11/08/2004;0,29;P
12/08/2004;0,29;P
13/08/2004;0,29;P
14/08/2004;0,29;P
15/08/2004;0,28;P
16/08/2004;0,28;P
17/08/2004;0,28;P
18/08/2004;0,28;P
19/08/2004;0,29;P
20/08/2004;0,29;P
21/08/2004;0,29;P
22/08/2004;0,29;P
23/08/2004;0,31;P
24/08/2004;0,31;P
25/08/2004;0,31;P
26/08/2004;0,35;P
27/08/2004;0,41;P
28/08/2004;0,36;P
29/08/2004;0,33;P
30/08/2004;0,36;P
31/08/2004;0,39;P
01/09/2004;0,38;P
02/09/2004;0,36;P
03/09/2004;0,36;P
04/09/2004;0,35;P
05/09/2004;0,34;P
06/09/2004;0,31;P
07/09/2004;0,30;P
08/09/2004;0,29;P
09/09/2004;0,29;P
10/09/2004;0,30;P
11/09/2004;0,30;P
12/09/2004;0,30;P
13/09/2004;0,30;P
14/09/2004;0,32;P
15/09/2004;0,47;P
16/09/2004;0,42;P
17/09/2004;0,37;P
18/09/2004;0,32;P
19/09/2004;0,30;P
20/09/2004;0,29;P
21/09/2004;0,35;P
22/09/2004;0,36;P
23/09/2004;0,37;P
24/09/2004;0,39;P
25/09/2004;0,42;P
26/09/2004;0,37;P
27/09/2004;0,36;P
28/09/2004;0,35;P
29/09/2004;0,34;P
30/09/2004;0,36;P
01/10/2004;0,36;P
02/10/2004;0,35;P
03/10/2004;0,35;P
04/10/2004;0,35;P
05/10/2004;0,34;P
06/10/2004;0,34;P
07/10/2004;0,35;P
08/10/2004;0,31;P
09/10/2004;0,31;P
10/10/2004;0,37;P
11/10/2004;0,41;P
12/10/2004;0,36;P
13/10/2004;0,30;P
14/10/2004;0,29;P
15/10/2004;0,39;P
16/10/2004;0,41;P
17/10/2004;0,46;P
18/10/2004;0,40;P
19/10/2004;0,32;P
20/10/2004;0,29;P
21/10/2004;0,29;P
22/10/2004;0,28;P
23/10/2004;0,28;P
24/10/2004;0,28;P
25/10/2004;0,28;P
26/10/2004;0,29;P
27/10/2004;0,28;P
28/10/2004;0,28;P
29/10/2004;0,36;P
30/10/2004;0,58;P
31/10/2004;0,54;P
01/11/2004;0,53;P
02/11/2004;0,46;P
03/11/2004;0,40;P
04/11/2004;0,36;P
05/11/2004;0,33;P
06/11/2004;0,29;P
07/11/2004;0,28;P
08/11/2004;0,28;P
09/11/2004;0,28;P
10/11/2004;0,42;P
11/11/2004;0,52;P
12/11/2004;0,56;P
13/11/2004;0,54;P
14/11/2004;0,50;P
15/11/2004;0,48;P
16/11/2004;0,44;P
17/11/2004;0,39;P
18/11/2004;0,36;P
19/11/2004;0,34;P
20/11/2004;0,33;P
21/11/2004;0,32;P
22/11/2004;0,31;P
23/11/2004;0,32;P
24/11/2004;0,32;P
25/11/2004;0,30;P
26/11/2004;0,28;P
27/11/2004;0,29;P
28/11/2004;0,29;P
29/11/2004;0,29;P
30/11/2004;0,39;P
01/12/2004;0,51;P
02/12/2004;0,62;P
03/12/2004;0,89;P
04/12/2004;0,99;P
05/12/2004;1,63;P
06/12/2004;1,40;P
07/12/2004;1,13;P
08/12/2004;0,91;P
09/12/2004;0,77;P
10/12/2004;0,68;P
11/12/2004;0,61;P
12/12/2004;0,56;P
13/12/2004;0,52;P
14/12/2004;0,49;P
15/12/2004;0,46;P
16/12/2004;0,43;P
17/12/2004;0,44;P
18/12/2004;0,43;P
19/12/2004;0,41;P
20/12/2004;0,40;P
21/12/2004;0,39;P
22/12/2004;0,38;P
23/12/2004;0,36;P
24/12/2004;0,35;P
25/12/2004;0,35;P
26/12/2004;0,53;P
27/12/2004;0,89;P
28/12/2004;0,84;P
29/12/2004;0,77;P
30/12/2004;0,73;P
31/12/2004;0,66;P
01/01/2005;0,59;P
02/01/2005;0,55;P
03/01/2005;0,52;P
04/01/2005;0,49;P
05/01/2005;0,47;P
06/01/2005;0,45;P
07/01/2005;0,44;P
08/01/2005;0,43;P
09/01/2005;0,42;P
10/01/2005;0,41;P
11/01/2005;0,40;P
12/01/2005;0,40;P
13/01/2005;0,39;P
14/01/2005;0,39;P
15/01/2005;0,38;P
16/01/2005;0,37;P
17/01/2005;0,37;P
18/01/2005;0,37;P
19/01/2005;0,71;P
20/01/2005;0,80;P
21/01/2005;0,65;P
22/01/2005;0,57;P
23/01/2005;0,53;P
24/01/2005;0,50;P
25/01/2005;0,48;P
26/01/2005;0,46;P
27/01/2005;0,44;P
28/01/2005;0,42;P
29/01/2005;0,40;P
30/01/2005;0,39;P
31/01/2005;0,39;P
01/02/2005;0,37;P
02/02/2005;0,38;P
03/02/2005;0,37;P
04/02/2005;0,37;P
05/02/2005;0,38;P
06/02/2005;0,37;P
07/02/2005;0,36;P
08/02/2005;0,36;P
09/02/2005;0,36;P
10/02/2005;0,36;P
11/02/2005;0,35;P
12/02/2005;0,35;P
13/02/2005;0,39;P
14/02/2005;0,49;P
15/02/2005;0,47;P
16/02/2005;0,42;P
17/02/2005;0,39;P
18/02/2005;0,38;P
19/02/2005;0,37;P
20/02/2005;0,37;P
21/02/2005;0,38;P
22/02/2005;0,42;P
23/02/2005;0,42;P
24/02/2005;0,42;P
25/02/2005;0,46;P
26/02/2005;0,49;P
27/02/2005;0,49;P
28/02/2005;0,39;P
01/03/2005;0,45;P
02/03/2005;0,42;P
03/03/2005;0,43;P
04/03/2005;0,47;P
05/03/2005;0,50;P
06/03/2005;0,54;P
07/03/2005;0,56;P
08/03/2005;0,55;P
09/03/2005;0,54;P
10/03/2005;0,58;P
11/03/2005;0,62;P
12/03/2005;0,71;P
13/03/2005;0,92;P
14/03/2005;1,01;P
15/03/2005;0,86;P
16/03/2005;0,76;P
17/03/2005;0,71;P
18/03/2005;0,67;P
19/03/2005;0,65;P
20/03/2005;0,62;P
21/03/2005;0,60;P
22/03/2005;0,58;P
23/03/2005;0,55;P
24/03/2005;0,54;P
25/03/2005;0,55;P
26/03/2005;0,55;P
27/03/2005;0,79;P
28/03/2005;1,43;P
29/03/2005;1,14;P
30/03/2005;0,96;P
31/03/2005;0,82;P
01/04/2005;0,72;P
02/04/2005;0,65;P
03/04/2005;0,60;P
04/04/2005;0,54;P
05/04/2005;0,50;P
06/04/2005;0,48;P
07/04/2005;0,46;P
08/04/2005;0,44;P
09/04/2005;0,51;P
10/04/2005;0,64;P
11/04/2005;1,55;P
12/04/2005;1,47;P
13/04/2005;1,20;P
14/04/2005;1,00;P
15/04/2005;0,86;P
16/04/2005;0,81;P
17/04/2005;0,97;P
18/04/2005;0,93;P
19/04/2005;0,85;P
20/04/2005;0,97;P
21/04/2005;1,47;P
22/04/2005;1,32;P
23/04/2005;1,15;P
24/04/2005;1,02;P
25/04/2005;0,92;P
26/04/2005;0,84;P
27/04/2005;0,78;P
28/04/2005;0,72;P
29/04/2005;0,68;P
30/04/2005;0,63;P
01/05/2005;0,60;P
02/05/2005;0,57;P
03/05/2005;0,54;P
04/05/2005;0,52;P
05/05/2005;0,50;P
06/05/2005;0,48;P
07/05/2005;0,47;P
08/05/2005;0,46;P
09/05/2005;0,44;P
10/05/2005;0,43;P
11/05/2005;0,43;P
12/05/2005;0,42;P
13/05/2005;0,39;P
14/05/2005;0,39;P
15/05/2005;0,40;P
16/05/2005;0,38;P
17/05/2005;0,39;P
18/05/2005;0,53;P
19/05/2005;0,55;P
20/05/2005;0,48;P
21/05/2005;0,43;P
22/05/2005;0,41;P
23/05/2005;0,39;P
24/05/2005;0,38;P
25/05/2005;0,36;P
26/05/2005;0,34;P
27/05/2005;0,32;P
28/05/2005;0,31;P
29/05/2005;0,29;P
30/05/2005;0,26;P
31/05/2005;0,26;P
01/06/2005;0,25;P
02/06/2005;0,25;P
03/06/2005;0,25;P
04/06/2005;0,25;P
05/06/2005;0,24;P
06/06/2005;0,24;P
07/06/2005;0,24;P
08/06/2005;0,24;P
09/06/2005;0,24;P
10/06/2005;0,24;P
11/06/2005;0,24;P
12/06/2005;0,24;P
13/06/2005;0,24;P
14/06/2005;0,29;P
15/06/2005;0,37;P
16/06/2005;0,34;P
17/06/2005;0,26;P
18/06/2005;0,24;P
19/06/2005;0,24;P
20/06/2005;0,24;P
21/06/2005;0,24;P
22/06/2005;0,24;P
23/06/2005;0,24;P
24/06/2005;0,24;P
25/06/2005;0,24;P
26/06/2005;0,24;P
27/06/2005;0,24;P
28/06/2005;0,24;P
29/06/2005;0,24;P
30/06/2005;0,24;P
01/07/2005;0,24;P
02/07/2005;0,24;P
03/07/2005;0,24;P
04/07/2005;0,24;P
05/07/2005;0,24;P
06/07/2005;0,24;P
07/07/2005;0,24;P
08/07/2005;0,24;P
09/07/2005;0,24;P
10/07/2005;0,26;P
11/07/2005;0,29;P
12/07/2005;0,25;P
13/07/2005;0,25;P
14/07/2005;0,24;P
15/07/2005;0,24;P
16/07/2005;0,24;P
17/07/2005;0,24;P
18/07/2005;0,25;P
19/07/2005;0,26;P
20/07/2005;0,30;P
21/07/2005;0,30;P
22/07/2005;0,30;P
23/07/2005;0,27;P
24/07/2005;0,27;P
25/07/2005;0,24;P
26/07/2005;0,24;P
27/07/2005;0,24;P
28/07/2005;0,24;P
29/07/2005;0,24;P
30/07/2005;0,24;P
31/07/2005;0,24;P
01/08/2005;0,24;P
02/08/2005;0,24;P
03/08/2005;0,26;P
04/08/2005;0,28;P
05/08/2005;0,25;P
06/08/2005;0,24;P
07/08/2005;0,24;P
08/08/2005;0,23;P
09/08/2005;0,23;P
10/08/2005;0,23;P
11/08/2005;0,27;P
12/08/2005;0,34;P
13/08/2005;0,29;P
14/08/2005;0,29;P
15/08/2005;0,34;P
16/08/2005;0,32;P
17/08/2005;0,29;P
18/08/2005;0,29;P
19/08/2005;0,30;P
20/08/2005;0,29;P
21/08/2005;0,34;P
22/08/2005;0,35;P
23/08/2005;0,33;P
24/08/2005;0,31;P
25/08/2005;0,31;P
26/08/2005;0,30;P
27/08/2005;0,29;P
28/08/2005;0,38;P
29/08/2005;0,38;P
30/08/2005;0,34;P
31/08/2005;0,33;P
01/09/2005;0,32;P
02/09/2005;0,31;P
03/09/2005;0,30;P
04/09/2005;0,31;P
05/09/2005;0,30;P
06/09/2005;0,29;P
07/09/2005;0,29;P
08/09/2005;0,29;P
09/09/2005;0,39;P
10/09/2005;0,43;P
11/09/2005;0,39;P
12/09/2005;0,41;P
13/09/2005;0,37;P
14/09/2005;0,35;P
15/09/2005;0,34;P
16/09/2005;0,34;P
17/09/2005;0,35;P
18/09/2005;0,50;P
19/09/2005;0,47;P
20/09/2005;0,40;P
21/09/2005;0,37;P
22/09/2005;0,36;P
23/09/2005;0,35;P
24/09/2005;0,34;P
25/09/2005;0,34;P
26/09/2005;0,32;P
27/09/2005;0,28;P
28/09/2005;0,25;P
29/09/2005;0,25;P
30/09/2005;0,24;P
01/10/2005;0,23;P
02/10/2005;0,27;P
03/10/2005;0,41;P
04/10/2005;0,37;P
05/10/2005;0,37;P
06/10/2005;0,42;P
07/10/2005;0,36;P
08/10/2005;0,44;P
09/10/2005;0,66;P
10/10/2005;0,50;P
11/10/2005;0,40;P
12/10/2005;0,35;P
13/10/2005;0,33;P
14/10/2005;0,32;P
15/10/2005;0,29;P
16/10/2005;0,26;P
17/10/2005;0,23;P
18/10/2005;0,22;P
19/10/2005;0,23;P
20/10/2005;0,99;P
21/10/2005;0,81;P
22/10/2005;0,98;P
23/10/2005;0,75;P
24/10/2005;0,61;P
25/10/2005;0,51;P
26/10/2005;0,46;P
27/10/2005;0,44;P
28/10/2005;0,41;P
29/10/2005;0,40;P
30/10/2005;0,39;P
31/10/2005;0,37;P
01/11/2005;0,40;P
02/11/2005;0,45;P
03/11/2005;0,40;P
04/11/2005;0,39;P
05/11/2005;0,38;P
06/11/2005;1,37;P
07/11/2005;1,37;P
08/11/2005;0,96;P
09/11/2005;0,81;P
10/11/2005;0,70;P
11/11/2005;0,62;P
12/11/2005;0,55;P
13/11/2005;0,50;P
14/11/2005;0,46;P
15/11/2005;0,45;P
16/11/2005;0,49;P
17/11/2005;0,48;P
18/11/2005;0,47;P
19/11/2005;0,45;P
20/11/2005;0,44;P
21/11/2005;0,43;P
22/11/2005;0,42;P
23/11/2005;0,41;P
24/11/2005;0,41;P
25/11/2005;0,53;P
26/11/2005;2,30;P
27/11/2005;2,26;P
28/11/2005;1,76;P
29/11/2005;1,55;P
30/11/2005;1,78;P
01/12/2005;1,51;P
02/12/2005;1,33;P
03/12/2005;1,45;P
04/12/2005;1,49;P
05/12/2005;1,56;P
06/12/2005;2,02;P
07/12/2005;1,76;P
08/12/2005;1,50;P
09/12/2005;1,50;P
10/12/2005;1,55;P
11/12/2005;1,40;P
12/12/2005;1,27;P
13/12/2005;1,19;P
14/12/2005;1,12;P
15/12/2005;1,06;P
16/12/2005;0,99;P
17/12/2005;0,91;P
18/12/2005;0,86;P
19/12/2005;0,79;P
20/12/2005;0,75;P
21/12/2005;0,70;P
22/12/2005;0,67;P
23/12/2005;0,65;P
24/12/2005;0,63;P
25/12/2005;0,62;P
26/12/2005;0,74;P
27/12/2005;0,91;P
28/12/2005;0,99;P
29/12/2005;0,93;P
30/12/2005;0,85;P
31/12/2005;0,80;P
01/01/2006;;@
02/01/2006;;@
03/01/2006;;@
04/01/2006;;@
05/01/2006;;@
06/01/2006;;@
07/01/2006;;@
08/01/2006;;@
09/01/2006;;@
10/01/2006;;@
11/01/2006;;@
12/01/2006;;@
13/01/2006;;@
14/01/2006;;@
15/01/2006;;@
16/01/2006;;@
17/01/2006;;@
18/01/2006;;@
19/01/2006;;@
20/01/2006;;@
21/01/2006;;@
22/01/2006;;@
23/01/2006;;@
24/01/2006;;@
25/01/2006;;@
26/01/2006;;@
27/01/2006;;@
28/01/2006;;@
29/01/2006;;@
30/01/2006;;@
31/01/2006;;@
01/02/2006;;@
02/02/2006;;@
03/02/2006;;@
04/02/2006;;@
05/02/2006;;@
06/02/2006;;@
07/02/2006;;@
08/02/2006;;@
09/02/2006;;@
10/02/2006;;@
11/02/2006;;@
12/02/2006;;@
13/02/2006;;@
14/02/2006;;@
15/02/2006;;@
16/02/2006;;@
17/02/2006;;@
18/02/2006;;@
19/02/2006;;@
20/02/2006;;@
21/02/2006;;@
22/02/2006;;@
23/02/2006;;@
24/02/2006;;@
25/02/2006;;@
26/02/2006;;@
27/02/2006;;@
28/02/2006;;@
01/03/2006;;@
02/03/2006;;@
03/03/2006;;@
04/03/2006;;@
05/03/2006;;@
06/03/2006;;@
07/03/2006;;@
08/03/2006;;@
09/03/2006;;@
10/03/2006;;@
11/03/2006;;@
12/03/2006;;@
13/03/2006;;@
14/03/2006;;@
15/03/2006;;@
16/03/2006;;@
17/03/2006;;@
18/03/2006;;@
19/03/2006;;@
20/03/2006;;@
21/03/2006;;@
22/03/2006;;@
23/03/2006;;@
24/03/2006;;@
25/03/2006;;@
26/03/2006;;@
27/03/2006;;@
28/03/2006;;@
29/03/2006;;@
30/03/2006;;@
31/03/2006;;@
01/04/2006;;@
02/04/2006;;@
03/04/2006;;@
04/04/2006;;@
05/04/2006;;@
06/04/2006;;@
07/04/2006;;@
08/04/2006;;@
09/04/2006;;@
10/04/2006;;@
11/04/2006;;@
12/04/2006;;@
13/04/2006;;@
14/04/2006;;@
15/04/2006;;@
16/04/2006;;@
17/04/2006;;@
18/04/2006;;@
19/04/2006;;@
20/04/2006;;@
21/04/2006;;@
22/04/2006;;@
23/04/2006;;@
24/04/2006;;@
25/04/2006;;@
26/04/2006;;@
27/04/2006;;@
28/04/2006;;@
29/04/2006;;@
30/04/2006;;@
01/05/2006;;@
02/05/2006;;@
03/05/2006;;@
04/05/2006;;@
05/05/2006;;@
06/05/2006;;@
07/05/2006;;@
08/05/2006;;@
09/05/2006;;@
10/05/2006;;@
11/05/2006;;@
12/05/2006;;@
13/05/2006;;@
14/05/2006;;@
15/05/2006;;@
16/05/2006;;@
17/05/2006;;@
18/05/2006;;@
19/05/2006;;@
20/05/2006;;@
21/05/2006;;@
22/05/2006;;@
23/05/2006;;@
24/05/2006;;@
25/05/2006;;@
26/05/2006;;@
27/05/2006;;@
28/05/2006;;@
29/05/2006;;@
30/05/2006;;@
31/05/2006;;@
01/06/2006;;@
02/06/2006;;@
03/06/2006;;@
04/06/2006;;@
05/06/2006;;@
06/06/2006;;@
07/06/2006;;@
08/06/2006;;@
09/06/2006;;@
10/06/2006;;@
11/06/2006;;@
12/06/2006;;@
13/06/2006;;@
14/06/2006;;@
15/06/2006;;@
16/06/2006;;@
17/06/2006;;@
18/06/2006;;@
19/06/2006;;@
20/06/2006;;@
21/06/2006;;@
22/06/2006;;@
23/06/2006;;@
24/06/2006;;@
25/06/2006;;@
26/06/2006;;@
27/06/2006;;@
28/06/2006;;@
29/06/2006;;@
30/06/2006;;@
01/07/2006;;@
02/07/2006;;@
03/07/2006;;@
04/07/2006;;@
05/07/2006;;@
06/07/2006;;@
07/07/2006;;@
08/07/2006;;@
09/07/2006;;@
10/07/2006;;@
11/07/2006;;@
12/07/2006;;@
13/07/2006;;@
14/07/2006;;@
15/07/2006;;@
16/07/2006;;@
17/07/2006;;@
18/07/2006;;@
19/07/2006;;@
20/07/2006;;@
21/07/2006;;@
22/07/2006;;@
23/07/2006;;@
24/07/2006;;@
25/07/2006;;@
26/07/2006;;@
27/07/2006;;@
28/07/2006;;@
29/07/2006;;@
30/07/2006;;@
31/07/2006;;@
01/08/2006;;@
02/08/2006;;@
03/08/2006;;@
04/08/2006;;@
05/08/2006;;@
06/08/2006;;@
07/08/2006;;@
08/08/2006;;@
09/08/2006;;@
10/08/2006;;@
11/08/2006;;@
12/08/2006;;@
13/08/2006;;@
14/08/2006;;@
15/08/2006;;@
16/08/2006;;@
17/08/2006;;@
18/08/2006;;@
19/08/2006;;@
20/08/2006;;@
21/08/2006;;@
22/08/2006;;@
23/08/2006;;@
24/08/2006;;@
25/08/2006;;@
26/08/2006;;@
27/08/2006;;@
28/08/2006;;@
29/08/2006;;@
30/08/2006;;@
31/08/2006;;@
01/09/2006;;@
02/09/2006;;@
03/09/2006;;@
04/09/2006;;@
05/09/2006;;@
06/09/2006;;@
07/09/2006;;@
08/09/2006;;@
09/09/2006;;@
10/09/2006;;@
11/09/2006;;@
12/09/2006;;@
13/09/2006;;@
14/09/2006;;@
15/09/2006;;@
16/09/2006;;@
17/09/2006;;@
18/09/2006;;@
19/09/2006;;@
20/09/2006;;@
21/09/2006;;@
22/09/2006;;@
23/09/2006;;@
24/09/2006;;@
25/09/2006;;@
26/09/2006;;@
27/09/2006;;@
28/09/2006;;@
29/09/2006;;@
30/09/2006;;@
01/10/2006;;@
02/10/2006;;@
03/10/2006;;@
04/10/2006;;@
05/10/2006;;@
06/10/2006;;@
07/10/2006;;@
08/10/2006;;@
09/10/2006;;@
10/10/2006;;@
11/10/2006;;@
12/10/2006;;@
13/10/2006;;@
14/10/2006;;@
15/10/2006;;@
16/10/2006;;@
17/10/2006;;@
18/10/2006;;@
19/10/2006;;@
20/10/2006;;@
21/10/2006;;@
22/10/2006;;@
23/10/2006;;@
24/10/2006;;@
25/10/2006;;@
26/10/2006;;@
27/10/2006;;@
28/10/2006;;@
29/10/2006;;@
30/10/2006;;@
31/10/2006;;@
01/11/2006;;@
02/11/2006;;@
03/11/2006;;@
04/11/2006;;@
05/11/2006;;@
06/11/2006;;@
07/11/2006;;@
08/11/2006;;@
09/11/2006;;@
10/11/2006;;@
11/11/2006;;@
12/11/2006;;@
13/11/2006;;@
14/11/2006;;@
15/11/2006;;@
16/11/2006;;@
17/11/2006;;@
18/11/2006;;@
19/11/2006;;@
20/11/2006;;@
21/11/2006;;@
22/11/2006;;@
23/11/2006;;@
24/11/2006;;@
25/11/2006;;@
26/11/2006;;@
27/11/2006;;@
28/11/2006;;@
29/11/2006;;@
30/11/2006;;@
01/12/2006;;@
02/12/2006;;@
03/12/2006;;@
04/12/2006;;@
05/12/2006;;@
06/12/2006;;@
07/12/2006;;@
08/12/2006;;@
09/12/2006;;@
10/12/2006;;@
11/12/2006;;@
12/12/2006;;@
13/12/2006;;@
14/12/2006;;@
15/12/2006;;@
16/12/2006;;@
17/12/2006;;@
18/12/2006;;@
19/12/2006;;@
20/12/2006;;@
21/12/2006;;@
22/12/2006;;@
23/12/2006;;@
24/12/2006;;@
25/12/2006;;@
26/12/2006;;@
27/12/2006;;@
28/12/2006;;@
29/12/2006;;@
30/12/2006;;@
31/12/2006;;@
01/01/2007;0,38;P
02/01/2007;0,54;P
03/01/2007;0,41;P
04/01/2007;0,34;P
05/01/2007;0,33;P
06/01/2007;0,29;P
07/01/2007;0,28;P
08/01/2007;0,43;P
09/01/2007;0,45;P
10/01/2007;0,38;P
11/01/2007;0,34;P
12/01/2007;0,33;P
13/01/2007;0,32;P
14/01/2007;0,28;P
15/01/2007;0,27;P
16/01/2007;0,27;P
17/01/2007;0,25;P
18/01/2007;0,19;P
19/01/2007;0,15;P
20/01/2007;0,13;P
21/01/2007;0,12;P
22/01/2007;0,11;P
23/01/2007;0,17;P
24/01/2007;0,55;P
25/01/2007;0,59;P
26/01/2007;0,50;P
27/01/2007;0,43;P
28/01/2007;0,40;P
29/01/2007;0,39;P
30/01/2007;0,37;P
31/01/2007;0,35;P
01/02/2007;0,34;P
02/02/2007;0,33;P
03/02/2007;0,31;P
04/02/2007;0,29;P
05/02/2007;0,28;P
06/02/2007;0,27;P
07/02/2007;0,47;P
08/02/2007;0,96;P
09/02/2007;1,18;P
10/02/2007;0,83;P
11/02/2007;0,62;P
12/02/2007;0,56;P
13/02/2007;1,48;P
14/02/2007;0,89;P
15/02/2007;0,80;P
16/02/2007;0,74;P
17/02/2007;0,62;P
18/02/2007;0,56;P
19/02/2007;0,52;P
20/02/2007;0,48;P
21/02/2007;0,44;P
22/02/2007;0,42;P
23/02/2007;0,39;P
24/02/2007;0,36;P
25/02/2007;0,56;P
26/02/2007;1,19;P
27/02/2007;0,81;P
28/02/2007;0,65;P
01/03/2007;0,59;P
02/03/2007;0,55;P
03/03/2007;0,51;P
04/03/2007;0,48;P
05/03/2007;0,45;P
06/03/2007;0,43;P
07/03/2007;0,46;P
08/03/2007;0,42;P
09/03/2007;0,39;P
10/03/2007;0,32;P
11/03/2007;0,29;P
12/03/2007;0,29;P
13/03/2007;0,28;P
14/03/2007;0,27;P
15/03/2007;0,25;P
16/03/2007;0,25;P
17/03/2007;0,23;P
18/03/2007;0,22;P
19/03/2007;0,31;P
20/03/2007;0,50;P
21/03/2007;0,55;P
22/03/2007;0,51;P
23/03/2007;0,47;P
24/03/2007;0,44;P
25/03/2007;0,43;P
26/03/2007;0,45;P
27/03/2007;0,66;P
28/03/2007;0,63;P
29/03/2007;0,52;P
30/03/2007;0,48;P
31/03/2007;0,47;P
01/04/2007;0,44;P
02/04/2007;0,40;P
03/04/2007;0,39;P
04/04/2007;0,39;P
05/04/2007;0,40;P
06/04/2007;0,37;P
07/04/2007;0,35;P
08/04/2007;0,33;P
09/04/2007;0,31;P
10/04/2007;0,30;P
11/04/2007;0,25;P
12/04/2007;0,23;P
13/04/2007;0,22;P
14/04/2007;0,21;P
15/04/2007;0,19;P
16/04/2007;0,18;P
17/04/2007;0,18;P
18/04/2007;0,21;P
19/04/2007;0,16;P
20/04/2007;0,11;P
21/04/2007;0,08;P
22/04/2007;0,07;P
23/04/2007;0,05;P
24/04/2007;0,05;P
25/04/2007;0,05;P
26/04/2007;0,05;P
27/04/2007;0,04;P
28/04/2007;0,04;P
29/04/2007;0,05;P
30/04/2007;0,04;P
01/05/2007;0,04;P
02/05/2007;0,04;P
03/05/2007;0,04;P
04/05/2007;0,21;P
05/05/2007;0,23;P
06/05/2007;0,22;P
07/05/2007;0,19;P
08/05/2007;0,06;P
09/05/2007;0,04;P
10/05/2007;0,04;P
11/05/2007;0,04;P
12/05/2007;0,04;P
13/05/2007;0,04;P
14/05/2007;0,04;P
15/05/2007;0,04;P
16/05/2007;0,04;P
17/05/2007;0,04;P
18/05/2007;0,04;P
19/05/2007;0,04;P
20/05/2007;0,04;P
21/05/2007;0,04;P
22/05/2007;0,04;P
23/05/2007;0,04;P
24/05/2007;0,04;P
25/05/2007;0,04;P
26/05/2007;0,04;P
27/05/2007;0,04;P
28/05/2007;0,11;P
29/05/2007;0,13;P
30/05/2007;0,04;P
31/05/2007;0,03;P
01/06/2007;0,12;P
02/06/2007;0,10;P
03/06/2007;0,10;P
04/06/2007;0,04;P
05/06/2007;0,04;P
06/06/2007;0,08;P
07/06/2007;0,15;P
08/06/2007;0,13;P
09/06/2007;0,07;P
10/06/2007;0,12;P
11/06/2007;0,11;P
12/06/2007;0,09;P
13/06/2007;0,07;P
14/06/2007;0,04;P
15/06/2007;0,05;P
16/06/2007;0,07;P
17/06/2007;0,05;P
18/06/2007;0,04;P
19/06/2007;0,03;P
20/06/2007;0,04;P
21/06/2007;0,03;P
22/06/2007;0,04;P
23/06/2007;0,03;P
24/06/2007;0,03;P
25/06/2007;0,03;P
26/06/2007;0,04;P
27/06/2007;0,03;P
28/06/2007;0,03;P
29/06/2007;0,03;P
30/06/2007;0,03;P
01/07/2007;0,04;P
02/07/2007;0,04;P
03/07/2007;0,06;P
04/07/2007;0,09;P
05/07/2007;0,09;P
06/07/2007;0,09;P
07/07/2007;0,06;P
08/07/2007;0,05;P
09/07/2007;0,05;P
10/07/2007;0,04;P
11/07/2007;0,04;P
12/07/2007;0,04;P
13/07/2007;0,05;P
14/07/2007;0,08;P
15/07/2007;0,07;P
16/07/2007;0,07;P
17/07/2007;0,06;P
18/07/2007;0,05;P
19/07/2007;0,04;P
20/07/2007;0,04;P
21/07/2007;0,05;P
22/07/2007;0,06;P
23/07/2007;0,05;P
24/07/2007;0,05;P
25/07/2007;0,05;P
26/07/2007;0,03;P
27/07/2007;0,03;P
28/07/2007;0,02;P
29/07/2007;0,02;P
30/07/2007;0,03;P
31/07/2007;0,03;P
01/08/2007;0,02;P
02/08/2007;0,04;P
03/08/2007;0,06;P
04/08/2007;0,06;P
05/08/2007;0,04;P
06/08/2007;0,03;P
07/08/2007;0,03;P
08/08/2007;0,10;P
09/08/2007;0,13;P
10/08/2007;0,04;P
11/08/2007;0,03;P
12/08/2007;0,03;P
13/08/2007;0,03;P
14/08/2007;0,03;P
15/08/2007;0,03;P
16/08/2007;0,03;P
17/08/2007;0,03;P
18/08/2007;0,03;P
19/08/2007;0,03;P
20/08/2007;0,11;P
21/08/2007;0,05;P
22/08/2007;0,05;P
23/08/2007;0,13;P
24/08/2007;0,08;P
25/08/2007;0,03;P
26/08/2007;0,03;P
27/08/2007;0,03;P
28/08/2007;0,03;P
29/08/2007;0,03;P
30/08/2007;0,03;P
31/08/2007;0,03;P
01/09/2007;0,03;P
02/09/2007;0,03;P
03/09/2007;0,03;P
04/09/2007;0,26;P
05/09/2007;0,07;P
06/09/2007;0,03;P
07/09/2007;0,03;P
08/09/2007;0,03;P
09/09/2007;0,03;P
10/09/2007;0,03;P
11/09/2007;0,03;P
12/09/2007;0,03;P
13/09/2007;0,03;P
14/09/2007;0,03;P
15/09/2007;0,30;P
16/09/2007;0,34;P
17/09/2007;0,41;P
18/09/2007;0,42;P
19/09/2007;0,35;P
20/09/2007;0,12;P
21/09/2007;0,03;P
22/09/2007;0,03;P
23/09/2007;0,03;P
24/09/2007;0,03;P
25/09/2007;0,06;P
26/09/2007;0,11;P
27/09/2007;0,40;P
28/09/2007;0,49;P
29/09/2007;0,36;P
30/09/2007;0,07;P
01/10/2007;0,03;P
02/10/2007;0,03;P
03/10/2007;0,03;P
04/10/2007;0,03;P
05/10/2007;0,03;P
06/10/2007;0,03;P
07/10/2007;0,03;P
08/10/2007;0,03;P
09/10/2007;0,03;P
10/10/2007;0,03;P
11/10/2007;0,03;P
12/10/2007;0,03;P
13/10/2007;0,03;P
14/10/2007;0,03;P
15/10/2007;0,03;P
16/10/2007;0,03;P
17/10/2007;0,24;P
18/10/2007;0,34;P
19/10/2007;0,35;P
20/10/2007;0,35;P
21/10/2007;0,35;P
22/10/2007;0,36;P
23/10/2007;0,38;P
24/10/2007;0,33;P
25/10/2007;0,35;P
26/10/2007;0,43;P
27/10/2007;0,42;P
28/10/2007;0,32;P
29/10/2007;0,06;P
30/10/2007;0,20;P
31/10/2007;0,43;P
01/11/2007;0,37;P
02/11/2007;0,33;P
03/11/2007;0,15;P
04/11/2007;0,02;P
05/11/2007;0,02;P
06/11/2007;0,02;P
07/11/2007;0,02;P
08/11/2007;0,02;P
09/11/2007;0,04;P
10/11/2007;0,08;P
11/11/2007;0,02;P
12/11/2007;0,02;P
13/11/2007;0,11;P
14/11/2007;0,21;P
15/11/2007;0,18;P
16/11/2007;0,02;P
17/11/2007;0,02;P
18/11/2007;0,02;P
19/11/2007;0,02;P
20/11/2007;0,02;P
21/11/2007;0,02;P
22/11/2007;0,02;P
23/11/2007;0,02;P
24/11/2007;0,09;P
25/11/2007;0,34;P
26/11/2007;0,15;P
27/11/2007;0,03;P
28/11/2007;0,02;P
29/11/2007;0,02;P
30/11/2007;0,16;P
01/12/2007;0,20;P
02/12/2007;0,15;P
03/12/2007;0,37;P
04/12/2007;0,45;P
05/12/2007;0,36;P
06/12/2007;0,33;P
07/12/2007;0,27;P
08/12/2007;0,92;P
09/12/2007;0,67;P
10/12/2007;0,63;P
11/12/2007;0,48;P
12/12/2007;0,42;P
13/12/2007;0,38;P
14/12/2007;0,35;P
15/12/2007;0,34;P
16/12/2007;0,33;P
17/12/2007;0,32;P
18/12/2007;0,29;P
19/12/2007;0,11;P
20/12/2007;0,10;P
21/12/2007;0,17;P
22/12/2007;0,15;P
23/12/2007;0,14;P
24/12/2007;0,15;P
25/12/2007;0,11;P
26/12/2007;0,13;P
27/12/2007;0,13;P
28/12/2007;0,11;P
29/12/2007;0,13;P
30/12/2007;0,18;P
31/12/2007;0,17;P
01/01/2008;0,35;P
02/01/2008;0,36;P
03/01/2008;0,37;P
04/01/2008;0,36;P
05/01/2008;0,38;P
06/01/2008;0,61;P
07/01/2008;0,69;P
08/01/2008;0,59;P
09/01/2008;0,54;P
10/01/2008;0,51;P
11/01/2008;0,51;P
12/01/2008;1,04;P
13/01/2008;1,16;P
14/01/2008;0,82;P
15/01/2008;0,75;P
16/01/2008;0,89;P
17/01/2008;1,50;P
18/01/2008;0,99;P
19/01/2008;0,81;P
20/01/2008;0,73;P
21/01/2008;0,68;P
22/01/2008;0,65;P
23/01/2008;0,63;P
24/01/2008;0,61;P
25/01/2008;0,59;P
26/01/2008;0,56;P
27/01/2008;0,56;P
28/01/2008;0,55;P
29/01/2008;0,53;P
30/01/2008;0,52;P
31/01/2008;0,47;P
01/02/2008;0,34;P
02/02/2008;0,35;P
03/02/2008;0,56;P
04/02/2008;0,72;P
05/02/2008;0,94;P
06/02/2008;0,68;P
07/02/2008;0,58;P
08/02/2008;0,52;P
09/02/2008;0,48;P
10/02/2008;0,45;P
11/02/2008;0,43;P
12/02/2008;0,42;P
13/02/2008;0,39;P
14/02/2008;0,38;P
15/02/2008;0,38;P
16/02/2008;0,37;P
17/02/2008;0,35;P
18/02/2008;0,34;P
19/02/2008;0,34;P
20/02/2008;0,33;P
21/02/2008;0,32;P
22/02/2008;0,32;P
23/02/2008;0,31;P
24/02/2008;0,31;P
25/02/2008;0,31;P
26/02/2008;0,31;P
27/02/2008;0,31;P
28/02/2008;0,32;P
29/02/2008;0,31;P
01/03/2008;0,32;P
02/03/2008;0,33;P
03/03/2008;0,32;P
04/03/2008;0,32;P
05/03/2008;0,34;P
06/03/2008;0,35;P
07/03/2008;0,35;P
08/03/2008;0,39;P
09/03/2008;0,42;P
10/03/2008;0,45;P
11/03/2008;0,57;P
12/03/2008;0,55;P
13/03/2008;0,50;P
14/03/2008;0,46;P
15/03/2008;0,43;P
16/03/2008;0,41;P
17/03/2008;0,40;P
18/03/2008;0,41;P
19/03/2008;0,46;P
20/03/2008;0,46;P
21/03/2008;0,51;P
22/03/2008;1,56;P
23/03/2008;0,89;P
24/03/2008;0,86;P
25/03/2008;0,76;P
26/03/2008;0,67;P
27/03/2008;0,63;P
28/03/2008;0,64;P
29/03/2008;0,61;P
30/03/2008;0,57;P
31/03/2008;0,54;P
01/04/2008;0,52;P
02/04/2008;0,49;P
03/04/2008;0,47;P
04/04/2008;0,45;P
05/04/2008;0,44;P
06/04/2008;0,43;P
07/04/2008;0,42;P
08/04/2008;0,41;P
09/04/2008;0,41;P
10/04/2008;0,47;P
11/04/2008;0,45;P
12/04/2008;0,90;P
13/04/2008;0,70;P
14/04/2008;0,62;P
15/04/2008;0,62;P
16/04/2008;0,58;P
17/04/2008;0,54;P
18/04/2008;0,68;P
19/04/2008;1,63;P
20/04/2008;0,90;P
21/04/2008;0,89;P
22/04/2008;1,07;P
23/04/2008;0,99;P
24/04/2008;0,81;P
25/04/2008;0,71;P
26/04/2008;0,65;P
27/04/2008;0,60;P
28/04/2008;0,57;P
29/04/2008;0,55;P
30/04/2008;0,53;P
01/05/2008;0,50;P
02/05/2008;0,48;P
03/05/2008;0,46;P
04/05/2008;0,44;P
05/05/2008;0,44;P
06/05/2008;0,43;P
07/05/2008;0,42;P
08/05/2008;0,41;P
09/05/2008;0,39;P
10/05/2008;0,38;P
11/05/2008;0,37;P
12/05/2008;0,37;P
13/05/2008;0,37;P
14/05/2008;0,37;P
15/05/2008;0,36;P
16/05/2008;0,35;P
17/05/2008;0,35;P
18/05/2008;0,34;P
19/05/2008;0,35;P
20/05/2008;0,55;P
21/05/2008;0,53;P
22/05/2008;0,47;P
23/05/2008;0,46;P
24/05/2008;0,42;P
25/05/2008;0,39;P
26/05/2008;0,39;P
27/05/2008;0,35;P
28/05/2008;0,34;P
29/05/2008;0,33;P
30/05/2008;0,38;P
31/05/2008;0,38;P
01/06/2008;0,34;P
02/06/2008;0,32;P
03/06/2008;0,33;P
04/06/2008;0,34;P
05/06/2008;0,34;P
06/06/2008;0,34;P
07/06/2008;0,35;P
08/06/2008;0,33;P
09/06/2008;0,38;P
10/06/2008;0,35;P
11/06/2008;0,33;P
12/06/2008;0,32;P
13/06/2008;0,36;P
14/06/2008;0,50;P
15/06/2008;0,43;P
16/06/2008;0,38;P
17/06/2008;0,40;P
18/06/2008;0,43;P
19/06/2008;0,37;P
20/06/2008;0,35;P
21/06/2008;0,36;P
22/06/2008;0,34;P
23/06/2008;0,33;P
24/06/2008;0,28;P
25/06/2008;0,27;P
26/06/2008;0,27;P
27/06/2008;0,26;P
28/06/2008;0,25;P
29/06/2008;0,23;P
30/06/2008;0,23;P
01/07/2008;0,27;P
02/07/2008;;@
03/07/2008;;@
04/07/2008;;@
05/07/2008;;@
06/07/2008;;@
07/07/2008;;@
08/07/2008;;@
09/07/2008;;@
10/07/2008;;@
11/07/2008;;@
12/07/2008;;@
13/07/2008;;@
14/07/2008;;@
15/07/2008;;@
16/07/2008;;@
17/07/2008;;@
18/07/2008;;@
19/07/2008;;@
20/07/2008;;@
21/07/2008;;@
22/07/2008;;@
23/07/2008;;@
24/07/2008;;@
25/07/2008;;@
26/07/2008;;@
27/07/2008;;@
28/07/2008;;@
29/07/2008;;@
30/07/2008;;@
31/07/2008;;@
01/08/2008;;@
02/08/2008;;@
03/08/2008;;@
04/08/2008;;@
05/08/2008;;@
06/08/2008;;@
07/08/2008;;@
08/08/2008;;@
09/08/2008;;@
10/08/2008;;@
11/08/2008;;@
12/08/2008;;@
13/08/2008;;@
14/08/2008;;@
15/08/2008;;@
16/08/2008;;@
17/08/2008;;@
18/08/2008;;@
19/08/2008;;@
20/08/2008;;@
21/08/2008;;@
22/08/2008;;@
23/08/2008;;@
24/08/2008;;@
25/08/2008;;@
26/08/2008;;@
27/08/2008;;@
28/08/2008;;@
29/08/2008;;@
30/08/2008;;@
31/08/2008;;@
01/09/2008;;@
02/09/2008;;@
03/09/2008;;@
04/09/2008;;@
05/09/2008;;@
06/09/2008;;@
07/09/2008;;@
08/09/2008;;@
09/09/2008;;@
10/09/2008;;@
11/09/2008;;@
12/09/2008;;@
13/09/2008;;@
14/09/2008;;@
15/09/2008;;@
16/09/2008;;@
17/09/2008;;@
18/09/2008;;@
19/09/2008;;@
20/09/2008;;@
21/09/2008;;@
22/09/2008;;@
23/09/2008;;@
24/09/2008;;@
25/09/2008;;@
26/09/2008;;@
27/09/2008;;@
28/09/2008;;@
29/09/2008;;@
30/09/2008;;@
01/10/2008;;@
02/10/2008;;@
03/10/2008;;@
04/10/2008;;@
05/10/2008;;@
06/10/2008;;@
07/10/2008;;@
08/10/2008;;@
09/10/2008;;@
10/10/2008;;@
11/10/2008;;@
12/10/2008;;@
13/10/2008;;@
14/10/2008;;@
15/10/2008;;@
16/10/2008;;@
17/10/2008;;@
18/10/2008;;@
19/10/2008;;@
20/10/2008;;@
21/10/2008;;@
22/10/2008;;@
23/10/2008;;@
24/10/2008;;@
25/10/2008;;@
26/10/2008;;@
27/10/2008;;@
28/10/2008;;@
29/10/2008;;@
30/10/2008;;@
31/10/2008;;@
01/11/2008;;@
02/11/2008;;@
03/11/2008;;@
04/11/2008;;@
05/11/2008;;@
06/11/2008;;@
07/11/2008;;@
08/11/2008;;@
09/11/2008;;@
10/11/2008;;@
11/11/2008;;@
12/11/2008;;@
13/11/2008;;@
14/11/2008;;@
15/11/2008;;@
16/11/2008;;@
17/11/2008;;@
18/11/2008;;@
19/11/2008;;@
20/11/2008;;@
21/11/2008;;@
22/11/2008;;@
23/11/2008;;@
24/11/2008;;@
25/11/2008;;@
26/11/2008;;@
27/11/2008;;@
28/11/2008;;@
29/11/2008;;@
30/11/2008;;@
01/12/2008;;@
02/12/2008;;@
03/12/2008;;@
04/12/2008;;@
05/12/2008;;@
06/12/2008;;@
07/12/2008;;@
08/12/2008;;@
09/12/2008;;@
10/12/2008;;@
11/12/2008;;@
12/12/2008;;@
13/12/2008;;@
14/12/2008;;@
15/12/2008;;@
16/12/2008;;@
17/12/2008;;@
18/12/2008;;@
19/12/2008;;@
20/12/2008;;@
21/12/2008;;@
22/12/2008;;@
23/12/2008;;@
24/12/2008;;@
25/12/2008;;@
26/12/2008;;@
27/12/2008;;@
28/12/2008;;@
29/12/2008;;@
30/12/2008;;@
31/12/2008;;@
01/01/2009;0,56;V
02/01/2009;0,57;V
03/01/2009;0,52;V
04/01/2009;0,51;V
05/01/2009;0,50;V
06/01/2009;0,47;V
07/01/2009;0,50;V
08/01/2009;0,55;V
09/01/2009;0,50;V
10/01/2009;0,49;V
11/01/2009;0,47;V
12/01/2009;0,46;V
13/01/2009;0,41;V
14/01/2009;0,44;V
15/01/2009;0,45;V
16/01/2009;0,44;V
17/01/2009;0,43;V
18/01/2009;0,43;V
19/01/2009;0,54;V
20/01/2009;0,64;V
21/01/2009;0,93;V
22/01/2009;0,80;V
23/01/2009;0,73;V
24/01/2009;0,90;V
25/01/2009;1,01;V
26/01/2009;0,90;V
27/01/2009;0,90;V
28/01/2009;0,80;V
29/01/2009;0,74;V
30/01/2009;0,67;V
31/01/2009;0,67;V
01/02/2009;0,62;V
02/02/2009;0,68;V
03/02/2009;1,50;V
04/02/2009;1,24;V
05/02/2009;1,22;V
06/02/2009;1,47;V
07/02/2009;1,67;V
08/02/2009;1,33;V
09/02/2009;1,08;V
10/02/2009;0,93;V
11/02/2009;0,92;V
12/02/2009;0,84;V
13/02/2009;0,77;V
14/02/2009;0,72;V
15/02/2009;0,68;V
16/02/2009;0,66;V
17/02/2009;0,66;V
18/02/2009;0,63;V
19/02/2009;0,61;V
20/02/2009;0,60;V
21/02/2009;0,59;V
22/02/2009;0,51;V
23/02/2009;0,50;V
24/02/2009;0,49;V
25/02/2009;0,48;V
26/02/2009;0,47;V
27/02/2009;0,47;V
28/02/2009;0,52;V
01/03/2009;0,51;V
02/03/2009;0,49;V
03/03/2009;0,48;V
04/03/2009;1,02;V
05/03/2009;1,64;V
06/03/2009;1,22;V
07/03/2009;0,89;V
08/03/2009;0,79;V
09/03/2009;0,73;V
10/03/2009;0,68;V
11/03/2009;0,66;V
12/03/2009;0,63;V
13/03/2009;0,61;V
14/03/2009;0,60;V
15/03/2009;0,58;V
16/03/2009;0,55;V
17/03/2009;0,50;V
18/03/2009;0,50;V
19/03/2009;0,49;V
20/03/2009;0,49;V
21/03/2009;0,47;V
22/03/2009;0,46;V
23/03/2009;0,45;V
24/03/2009;0,44;V
25/03/2009;0,44;V
26/03/2009;0,42;V
27/03/2009;0,41;V
28/03/2009;0,48;V
29/03/2009;1,47;V
30/03/2009;1,82;V
31/03/2009;1,15;V
01/04/2009;1,08;V
02/04/2009;1,23;V
03/04/2009;1,02;V
04/04/2009;0,88;V
05/04/2009;0,79;V
06/04/2009;0,74;V
07/04/2009;0,71;V
08/04/2009;0,68;V
09/04/2009;0,66;V
10/04/2009;0,64;V
11/04/2009;0,65;V
12/04/2009;0,62;V
13/04/2009;0,59;V
14/04/2009;0,51;V
15/04/2009;0,51;V
16/04/2009;0,56;V
17/04/2009;0,57;V
18/04/2009;0,57;V
19/04/2009;0,57;V
20/04/2009;0,56;V
21/04/2009;0,51;V
22/04/2009;0,52;V
23/04/2009;0,51;V
24/04/2009;0,50;V
25/04/2009;0,48;V
26/04/2009;0,47;V
27/04/2009;0,48;V
28/04/2009;0,47;V
29/04/2009;0,58;V
30/04/2009;0,62;V
01/05/2009;0,55;V
02/05/2009;0,50;V
03/05/2009;0,59;V
04/05/2009;0,51;V
05/05/2009;0,48;V
06/05/2009;0,45;V
07/05/2009;0,44;V
08/05/2009;0,42;V
09/05/2009;0,41;V
10/05/2009;0,39;V
11/05/2009;0,38;V
12/05/2009;0,37;V
13/05/2009;0,36;V
14/05/2009;0,34;V
15/05/2009;0,33;V
16/05/2009;0,33;V
17/05/2009;0,32;V
18/05/2009;0,30;V
19/05/2009;0,30;V
20/05/2009;0,29;V
21/05/2009;0,28;V
22/05/2009;0,28;V
23/05/2009;0,27;V
24/05/2009;0,27;V
25/05/2009;0,26;V
26/05/2009;0,25;V
27/05/2009;0,25;V
28/05/2009;0,24;V
29/05/2009;0,23;V
30/05/2009;0,23;V
31/05/2009;0,24;V
01/06/2009;0,26;V
02/06/2009;0,27;V
03/06/2009;0,24;V
04/06/2009;0,23;V
05/06/2009;0,22;V
06/06/2009;0,22;V
07/06/2009;0,25;V
08/06/2009;0,24;V
09/06/2009;0,22;V
10/06/2009;0,22;V
11/06/2009;0,21;V
12/06/2009;0,21;V
13/06/2009;0,20;V
14/06/2009;0,19;V
15/06/2009;0,19;V
16/06/2009;0,19;V
17/06/2009;0,19;V
18/06/2009;0,19;V
19/06/2009;0,18;V
20/06/2009;0,18;V
21/06/2009;0,17;V
22/06/2009;0,17;V
23/06/2009;0,19;V
24/06/2009;0,18;V
25/06/2009;0,18;V
26/06/2009;0,18;V
27/06/2009;0,19;V
28/06/2009;0,19;V
29/06/2009;0,18;V
30/06/2009;0,17;V
01/07/2009;0,16;V
02/07/2009;0,16;V
03/07/2009;0,16;V
04/07/2009;0,14;V
05/07/2009;0,14;V
06/07/2009;0,15;V
07/07/2009;0,14;V
08/07/2009;0,13;V
09/07/2009;0,12;V
10/07/2009;0,11;V
11/07/2009;0,16;V
12/07/2009;0,18;V
13/07/2009;0,17;V
14/07/2009;0,18;V
15/07/2009;0,18;V
16/07/2009;0,18;V
17/07/2009;0,17;V
18/07/2009;0,18;V
19/07/2009;0,18;V
20/07/2009;0,17;V
21/07/2009;0,16;V
22/07/2009;0,17;V
23/07/2009;0,17;V
24/07/2009;0,15;V
25/07/2009;0,17;V
26/07/2009;0,17;V
27/07/2009;0,18;V
28/07/2009;0,17;V
29/07/2009;0,18;V
30/07/2009;0,18;V
31/07/2009;0,19;V
01/08/2009;0,18;V
02/08/2009;0,21;V
03/08/2009;0,25;V
04/08/2009;0,25;V
05/08/2009;0,24;V
06/08/2009;0,23;V
07/08/2009;0,23;V
08/08/2009;0,22;V
09/08/2009;0,23;V
10/08/2009;0,24;V
11/08/2009;0,22;V
12/08/2009;0,21;V
13/08/2009;0,20;V
14/08/2009;0,20;V
15/08/2009;0,21;V
16/08/2009;0,22;V
17/08/2009;0,21;V
18/08/2009;0,19;V
19/08/2009;0,17;V
20/08/2009;0,20;V
21/08/2009;0,23;V
22/08/2009;0,23;V
23/08/2009;0,22;V
24/08/2009;0,22;V
25/08/2009;0,20;V
26/08/2009;0,19;V
27/08/2009;0,19;V
28/08/2009;0,22;V
29/08/2009;0,21;V
30/08/2009;0,21;V
31/08/2009;0,21;V
01/09/2009;0,22;V
02/09/2009;0,23;V
03/09/2009;0,24;V
04/09/2009;0,25;V
05/09/2009;0,25;V
06/09/2009;0,25;V
07/09/2009;0,25;V
08/09/2009;0,25;V
09/09/2009;0,26;V
10/09/2009;0,27;V
11/09/2009;0,26;V
12/09/2009;0,25;V
13/09/2009;0,25;V
14/09/2009;0,29;V
15/09/2009;0,29;V
16/09/2009;0,29;V
17/09/2009;0,28;V
18/09/2009;0,28;V
19/09/2009;0,28;V
20/09/2009;0,31;V
21/09/2009;0,33;V
22/09/2009;0,29;V
23/09/2009;0,28;V
24/09/2009;0,28;V
25/09/2009;0,28;V
26/09/2009;0,28;V
27/09/2009;0,28;V
28/09/2009;0,28;V
29/09/2009;0,27;V
30/09/2009;0,27;V
01/10/2009;0,27;V
02/10/2009;0,27;V
03/10/2009;0,27;V
04/10/2009;0,27;V
05/10/2009;0,28;V
06/10/2009;0,28;V
07/10/2009;0,28;V
08/10/2009;0,28;V
09/10/2009;0,28;V
10/10/2009;0,28;V
11/10/2009;0,26;V
12/10/2009;0,29;V
13/10/2009;0,29;V
14/10/2009;0,27;V
15/10/2009;0,27;V
16/10/2009;0,27;V
17/10/2009;0,27;V
18/10/2009;0,27;V
19/10/2009;0,27;V
20/10/2009;0,28;V
21/10/2009;0,28;V
22/10/2009;0,33;V
23/10/2009;0,32;V
24/10/2009;0,35;V
25/10/2009;0,29;V
26/10/2009;0,27;V
27/10/2009;0,23;V
28/10/2009;0,23;V
29/10/2009;0,22;V
30/10/2009;0,22;V
31/10/2009;0,21;V
01/11/2009;0,21;V
02/11/2009;0,22;V
03/11/2009;0,22;V
04/11/2009;0,23;V
05/11/2009;0,30;V
06/11/2009;0,25;V
07/11/2009;0,22;V
08/11/2009;0,27;V
09/11/2009;0,34;V
10/11/2009;0,27;V
11/11/2009;0,24;V
12/11/2009;0,22;V
13/11/2009;0,19;V
14/11/2009;0,18;V
15/11/2009;0,17;V
16/11/2009;0,17;V
17/11/2009;0,16;V
18/11/2009;0,17;V
19/11/2009;0,15;V
20/11/2009;0,15;V
21/11/2009;0,13;V
22/11/2009;0,12;V
23/11/2009;0,13;V
24/11/2009;0,13;V
25/11/2009;0,12;V
26/11/2009;0,10;V
27/11/2009;0,10;V
28/11/2009;0,14;V
29/11/2009;0,14;V
30/11/2009;0,22;V
01/12/2009;0,68;V
02/12/2009;0,40;V
03/12/2009;0,32;V
04/12/2009;0,64;V
05/12/2009;0,56;V
06/12/2009;0,40;V
07/12/2009;0,34;V
08/12/2009;0,37;V
09/12/2009;0,46;V
10/12/2009;0,37;V
11/12/2009;0,33;V
12/12/2009;0,31;V
13/12/2009;0,28;V
14/12/2009;0,28;V
15/12/2009;0,26;V
16/12/2009;0,25;V
17/12/2009;0,27;V
18/12/2009;0,25;V
19/12/2009;0,26;V
20/12/2009;0,23;V
21/12/2009;0,24;V
22/12/2009;1,49;V
23/12/2009;2,49;V
24/12/2009;1,38;V
25/12/2009;2,02;V
26/12/2009;1,13;V
27/12/2009;0,88;V
28/12/2009;0,77;V
29/12/2009;0,80;V
30/12/2009;1,38;V
31/12/2009;1,37;V
01/01/2010;2,22;V
02/01/2010;1,70;V
03/01/2010;1,24;V
04/01/2010;0,99;V
05/01/2010;0,99;V
06/01/2010;1,52;V
07/01/2010;1,48;V
08/01/2010;1,37;V
09/01/2010;1,66;V
10/01/2010;1,69;V
11/01/2010;1,21;V
12/01/2010;0,98;V
13/01/2010;0,87;V
14/01/2010;0,78;V
15/01/2010;0,71;V
16/01/2010;0,68;V
17/01/2010;0,66;V
18/01/2010;0,63;V
19/01/2010;0,61;V
20/01/2010;0,59;V
21/01/2010;0,57;V
22/01/2010;0,56;V
23/01/2010;0,50;V
24/01/2010;0,48;V
25/01/2010;0,47;V
26/01/2010;0,46;V
27/01/2010;0,46;V
28/01/2010;0,45;V
29/01/2010;0,45;V
30/01/2010;0,49;V
31/01/2010;0,51;V
01/02/2010;0,46;V
02/02/2010;0,44;V
03/02/2010;0,44;V
04/02/2010;0,44;V
05/02/2010;0,48;V
06/02/2010;0,87;V
07/02/2010;0,74;V
08/02/2010;0,64;V
09/02/2010;0,61;V
10/02/2010;0,57;V
11/02/2010;0,56;V
12/02/2010;0,55;V
13/02/2010;0,54;V
14/02/2010;0,53;V
15/02/2010;0,52;V
16/02/2010;0,51;V
17/02/2010;0,51;V
18/02/2010;0,95;V
19/02/2010;1,24;V
20/02/2010;1,69;V
21/02/2010;1,14;V
22/02/2010;0,96;V
23/02/2010;1,64;V
24/02/2010;1,44;V
25/02/2010;1,08;V
26/02/2010;1,27;V
27/02/2010;1,19;V
28/02/2010;0,97;V
01/03/2010;0,87;V
02/03/2010;0,79;V
03/03/2010;0,73;V
04/03/2010;1,40;V
05/03/2010;1,17;V
06/03/2010;0,93;V
07/03/2010;0,82;V
08/03/2010;0,75;V
09/03/2010;0,71;V
10/03/2010;0,69;V
11/03/2010;0,66;V
12/03/2010;0,63;V
13/03/2010;0,61;V
14/03/2010;0,64;V
15/03/2010;0,66;V
16/03/2010;0,68;V
17/03/2010;0,64;V
18/03/2010;0,64;V
19/03/2010;0,64;V
20/03/2010;0,62;V
21/03/2010;0,60;V
22/03/2010;0,60;V
23/03/2010;0,57;V
24/03/2010;0,55;V
25/03/2010;0,53;V
26/03/2010;0,51;V
27/03/2010;0,50;V
28/03/2010;0,49;V
29/03/2010;0,47;V
30/03/2010;0,46;V
31/03/2010;0,48;V
01/04/2010;0,46;V
02/04/2010;0,46;V
03/04/2010;0,47;V
04/04/2010;0,47;V
05/04/2010;1,54;V
06/04/2010;1,06;V
07/04/2010;0,84;V
08/04/2010;0,75;V
09/04/2010;0,67;V
10/04/2010;0,63;V
11/04/2010;0,60;V
12/04/2010;0,59;V
13/04/2010;0,56;V
14/04/2010;0,54;V
15/04/2010;0,50;V
16/04/2010;0,48;V
17/04/2010;0,47;V
18/04/2010;0,47;V
19/04/2010;0,45;V
20/04/2010;0,43;V
21/04/2010;0,42;V
22/04/2010;0,41;V
23/04/2010;0,41;V
24/04/2010;0,45;V
25/04/2010;0,43;V
26/04/2010;0,42;V
27/04/2010;0,41;V
28/04/2010;0,39;V
29/04/2010;0,38;V
30/04/2010;0,37;V
01/05/2010;0,36;V
02/05/2010;0,36;V
03/05/2010;0,70;V
04/05/2010;0,70;V
05/05/2010;0,91;V
06/05/2010;0,87;V
07/05/2010;0,80;V
08/05/2010;0,72;V
09/05/2010;0,67;V
10/05/2010;0,65;V
11/05/2010;0,76;V
12/05/2010;0,86;V
13/05/2010;0,75;V
14/05/2010;0,69;V
15/05/2010;0,74;V
16/05/2010;0,99;V
17/05/2010;0,80;V
18/05/2010;0,72;V
19/05/2010;0,66;V
20/05/2010;0,64;V
21/05/2010;0,59;V
22/05/2010;0,53;V
23/05/2010;0,50;V
24/05/2010;0,48;V
25/05/2010;0,46;V
26/05/2010;0,44;V
27/05/2010;0,40;V
28/05/2010;0,39;V
29/05/2010;0,36;V
30/05/2010;0,34;V
31/05/2010;0,34;V
01/06/2010;0,33;V
02/06/2010;0,34;V
03/06/2010;0,35;V
04/06/2010;0,30;V
05/06/2010;0,29;V
06/06/2010;0,28;V
07/06/2010;0,27;V
08/06/2010;0,27;V
09/06/2010;0,25;V
10/06/2010;0,25;V
11/06/2010;0,24;V
12/06/2010;0,23;V
13/06/2010;0,23;V
14/06/2010;0,21;V
15/06/2010;0,22;V
16/06/2010;0,27;V
17/06/2010;0,31;V
18/06/2010;0,31;V
19/06/2010;0,29;V
20/06/2010;0,36;V
21/06/2010;0,37;V
22/06/2010;0,34;V
23/06/2010;0,29;V
24/06/2010;0,25;V
25/06/2010;0,24;V
26/06/2010;0,26;V
27/06/2010;0,25;V
28/06/2010;0,22;V
29/06/2010;0,20;V
30/06/2010;0,17;V
01/07/2010;0,15;V
02/07/2010;0,12;V
03/07/2010;0,12;V
04/07/2010;0,10;V
05/07/2010;0,09;V
06/07/2010;0,12;V
07/07/2010;0,13;V
08/07/2010;0,13;V
09/07/2010;0,10;V
10/07/2010;0,10;V
11/07/2010;0,07;V
12/07/2010;0,07;V
13/07/2010;0,05;V
14/07/2010;0,07;V
15/07/2010;0,08;V
16/07/2010;0,07;V
17/07/2010;0,11;V
18/07/2010;0,14;V
19/07/2010;0,14;V
20/07/2010;0,13;V
21/07/2010;0,14;V
22/07/2010;0,14;V
23/07/2010;0,14;V
24/07/2010;0,13;V
25/07/2010;0,13;V
26/07/2010;0,13;V
27/07/2010;0,13;V
28/07/2010;0,18;V
29/07/2010;0,21;V
30/07/2010;0,21;V
31/07/2010;0,13;V
01/08/2010;0,15;V
02/08/2010;0,17;V
03/08/2010;0,20;V
04/08/2010;0,24;V
05/08/2010;0,34;V
06/08/2010;0,39;V
07/08/2010;0,29;V
08/08/2010;0,26;V
09/08/2010;0,24;V
10/08/2010;0,22;V
11/08/2010;0,23;V
12/08/2010;0,23;V
13/08/2010;0,29;V
14/08/2010;0,33;V
15/08/2010;0,37;V
16/08/2010;0,29;V
17/08/2010;0,26;V
18/08/2010;0,26;V
19/08/2010;0,25;V
20/08/2010;0,25;V
21/08/2010;0,24;V
22/08/2010;0,24;V
23/08/2010;0,25;V
24/08/2010;0,25;V
25/08/2010;0,25;V
26/08/2010;0,25;V
27/08/2010;0,25;V
28/08/2010;0,25;V
29/08/2010;0,25;V
30/08/2010;0,26;V
31/08/2010;0,28;V
01/09/2010;0,27;V
02/09/2010;0,27;V
03/09/2010;0,27;V
04/09/2010;0,27;V
05/09/2010;0,28;V
06/09/2010;0,28;V
07/09/2010;0,28;V
08/09/2010;0,33;V
09/09/2010;0,32;V
10/09/2010;0,30;V
11/09/2010;0,29;V
12/09/2010;0,29;V
13/09/2010;0,30;V
14/09/2010;0,32;V
15/09/2010;0,30;V
16/09/2010;0,30;V
17/09/2010;0,30;V
18/09/2010;0,29;V
19/09/2010;0,42;V
20/09/2010;0,32;V
21/09/2010;0,31;V
22/09/2010;0,30;V
23/09/2010;0,30;V
24/09/2010;0,30;V
25/09/2010;0,33;V
26/09/2010;0,32;V
27/09/2010;0,31;V
28/09/2010;0,30;V
29/09/2010;0,30;V
30/09/2010;0,31;V
01/10/2010;0,30;V
02/10/2010;0,31;V
03/10/2010;0,30;V
04/10/2010;0,30;V
05/10/2010;0,48;V
06/10/2010;0,38;V
07/10/2010;0,35;V
08/10/2010;0,33;V
09/10/2010;0,32;V
10/10/2010;0,32;V
11/10/2010;0,31;V
12/10/2010;0,30;V
13/10/2010;0,30;V
14/10/2010;0,30;V
15/10/2010;0,30;V
16/10/2010;0,30;V
17/10/2010;0,47;V
18/10/2010;0,37;V
19/10/2010;0,33;V
20/10/2010;0,32;V
21/10/2010;0,31;V
22/10/2010;0,31;V
23/10/2010;0,31;V
24/10/2010;0,31;V
25/10/2010;0,41;V
26/10/2010;0,42;V
27/10/2010;0,38;V
28/10/2010;0,36;V
29/10/2010;0,35;V
30/10/2010;0,33;V
31/10/2010;0,38;V
01/11/2010;0,75;V
02/11/2010;0,70;V
03/11/2010;0,55;V
04/11/2010;0,52;V
05/11/2010;0,46;V
06/11/2010;0,42;V
07/11/2010;0,43;V
08/11/2010;1,22;V
09/11/2010;1,31;V
10/11/2010;1,85;V
11/11/2010;1,55;V
12/11/2010;1,01;V
13/11/2010;0,89;V
14/11/2010;0,77;V
15/11/2010;0,70;V
16/11/2010;0,78;V
17/11/2010;0,79;V
18/11/2010;0,72;V
19/11/2010;1,19;V
20/11/2010;0,99;V
21/11/2010;1,13;V
22/11/2010;1,71;V
23/11/2010;1,24;V
24/11/2010;1,05;V
25/11/2010;0,90;V
26/11/2010;1,05;V
27/11/2010;0,95;V
28/11/2010;1,20;V
29/11/2010;1,56;V
30/11/2010;1,07;V
01/12/2010;1,82;V
02/12/2010;1,59;V
03/12/2010;1,59;V
04/12/2010;1,33;V
05/12/2010;1,10;V
06/12/2010;1,02;V
07/12/2010;1,79;V
08/12/2010;1,48;V
09/12/2010;1,30;V
10/12/2010;1,08;V
11/12/2010;0,94;V
12/12/2010;0,85;V
13/12/2010;0,80;V
14/12/2010;0,76;V
15/12/2010;0,73;V
16/12/2010;0,71;V
17/12/2010;0,69;V
18/12/2010;0,69;V
19/12/2010;0,66;V
20/12/2010;0,66;V
21/12/2010;0,68;V
22/12/2010;1,41;V
23/12/2010;1,60;V
24/12/2010;2,34;V
25/12/2010;2,18;V
26/12/2010;1,44;V
27/12/2010;1,14;V
28/12/2010;0,98;V
29/12/2010;0,89;V
30/12/2010;0,83;V
31/12/2010;0,81;V
01/01/2011;0,76;V
02/01/2011;0,74;V
03/01/2011;0,72;V
04/01/2011;0,70;V
05/01/2011;0,69;V
06/01/2011;0,68;V
07/01/2011;0,69;V
08/01/2011;0,68;V
09/01/2011;0,65;V
10/01/2011;0,64;V
11/01/2011;0,69;V
12/01/2011;0,74;V
13/01/2011;0,71;V
14/01/2011;0,66;V
15/01/2011;0,63;V
16/01/2011;0,61;V
17/01/2011;0,60;V
18/01/2011;0,60;V
19/01/2011;0,55;V
20/01/2011;0,53;V
21/01/2011;0,53;V
22/01/2011;0,52;V
23/01/2011;0,51;V
24/01/2011;0,50;V
25/01/2011;0,46;V
26/01/2011;0,45;V
27/01/2011;0,44;V
28/01/2011;0,44;V
29/01/2011;0,44;V
30/01/2011;0,46;V
31/01/2011;0,53;V
01/02/2011;0,51;V
02/02/2011;0,50;V
03/02/2011;0,48;V
04/02/2011;0,48;V
05/02/2011;0,47;V
06/02/2011;0,47;V
07/02/2011;0,47;V
08/02/2011;0,47;V
09/02/2011;0,47;V
10/02/2011;0,45;V
11/02/2011;0,43;V
12/02/2011;0,43;V
13/02/2011;0,43;V
14/02/2011;0,44;V
15/02/2011;0,43;V
16/02/2011;0,55;V
17/02/2011;1,15;V
18/02/2011;1,33;V
19/02/2011;0,99;V
20/02/2011;0,84;V
21/02/2011;0,81;V
22/02/2011;0,77;V
23/02/2011;0,73;V
24/02/2011;0,70;V
25/02/2011;0,62;V
26/02/2011;0,54;V
27/02/2011;0,53;V
28/02/2011;0,60;V
01/03/2011;0,57;V
02/03/2011;0,54;V
03/03/2011;0,52;V
04/03/2011;0,51;V
05/03/2011;0,50;V
06/03/2011;0,50;V
07/03/2011;0,51;V
08/03/2011;0,52;V
09/03/2011;0,54;V
10/03/2011;0,59;V
11/03/2011;0,62;V
12/03/2011;0,62;V
13/03/2011;0,62;V
14/03/2011;1,20;V
15/03/2011;1,23;V
16/03/2011;1,71;V
17/03/2011;1,86;V
18/03/2011;1,42;V
19/03/2011;1,12;V
20/03/2011;0,93;V
21/03/2011;0,82;V
22/03/2011;0,77;V
23/03/2011;0,74;V
24/03/2011;0,71;V
25/03/2011;0,69;V
26/03/2011;0,68;V
27/03/2011;0,66;V
28/03/2011;0,92;V
29/03/2011;0,95;V
30/03/2011;0,80;V
31/03/2011;0,74;V
01/04/2011;0,70;V
02/04/2011;0,66;V
03/04/2011;0,63;V
04/04/2011;0,61;V
05/04/2011;0,60;V
06/04/2011;0,59;V
07/04/2011;0,57;V
08/04/2011;0,50;V
09/04/2011;0,49;V
10/04/2011;0,48;V
11/04/2011;0,47;V
12/04/2011;0,46;V
13/04/2011;0,46;V
14/04/2011;0,44;V
15/04/2011;0,44;V
16/04/2011;0,41;V
17/04/2011;0,39;V
18/04/2011;0,38;V
19/04/2011;0,38;V
20/04/2011;0,36;V
21/04/2011;0,36;V
22/04/2011;0,36;V
23/04/2011;0,35;V
24/04/2011;0,35;V
25/04/2011;0,35;V
26/04/2011;0,33;V
27/04/2011;0,32;V
28/04/2011;0,32;V
29/04/2011;0,32;V
30/04/2011;0,32;V
01/05/2011;0,32;V
02/05/2011;0,31;V
03/05/2011;0,31;V
04/05/2011;0,29;V
05/05/2011;0,28;V
06/05/2011;0,26;V
07/05/2011;0,26;V
08/05/2011;0,26;V
09/05/2011;0,26;V
10/05/2011;0,25;V
11/05/2011;0,24;V
12/05/2011;0,22;V
13/05/2011;0,22;V
14/05/2011;0,22;V
15/05/2011;0,25;V
16/05/2011;0,28;V
17/05/2011;0,25;V
18/05/2011;0,23;V
19/05/2011;0,23;V
20/05/2011;0,24;V
21/05/2011;0,24;V
22/05/2011;0,20;V
23/05/2011;0,18;V
24/05/2011;0,14;V
25/05/2011;0,11;V
26/05/2011;0,15;V
27/05/2011;0,17;V
28/05/2011;0,17;V
29/05/2011;0,15;V
30/05/2011;0,15;V
31/05/2011;0,12;V
01/06/2011;0,13;V
02/06/2011;0,14;V
03/06/2011;0,14;V
04/06/2011;0,11;V
05/06/2011;0,23;V
06/06/2011;0,55;V
07/06/2011;0,50;V
08/06/2011;0,75;V
09/06/2011;0,50;V
10/06/2011;0,40;V
11/06/2011;0,36;V
12/06/2011;0,36;V
13/06/2011;0,34;V
14/06/2011;0,32;V
15/06/2011;0,28;V
16/06/2011;0,26;V
17/06/2011;0,25;V
18/06/2011;0,25;V
19/06/2011;0,22;V
20/06/2011;0,17;V
21/06/2011;0,15;V
22/06/2011;0,14;V
23/06/2011;0,15;V
24/06/2011;0,16;V
25/06/2011;0,16;V
26/06/2011;0,15;V
27/06/2011;0,14;V
28/06/2011;0,15;V
29/06/2011;0,15;V
30/06/2011;0,15;V
01/07/2011;0,14;V
02/07/2011;0,16;V
03/07/2011;0,14;V
04/07/2011;0,14;V
05/07/2011;0,14;V
06/07/2011;0,14;V
07/07/2011;0,13;V
08/07/2011;0,13;V
09/07/2011;0,12;V
10/07/2011;0,12;V
11/07/2011;0,11;V
12/07/2011;0,17;V
13/07/2011;0,17;V
14/07/2011;0,17;V
15/07/2011;0,18;V
16/07/2011;0,20;V
17/07/2011;0,20;V
18/07/2011;0,22;V
19/07/2011;0,20;V
20/07/2011;0,21;V
21/07/2011;0,19;V
22/07/2011;0,19;V
23/07/2011;0,19;V
24/07/2011;0,23;V
25/07/2011;0,23;V
26/07/2011;0,25;V
27/07/2011;0,25;V
28/07/2011;;@
29/07/2011;;@
30/07/2011;;@
31/07/2011;;@
01/08/2011;;@
02/08/2011;0,26;@
03/08/2011;;@
04/08/2011;;@
05/08/2011;;@
06/08/2011;;@
07/08/2011;;@
08/08/2011;;@
09/08/2011;0,21;V
10/08/2011;0,22;V
11/08/2011;0,23;V
12/08/2011;0,24;V
13/08/2011;0,26;V
14/08/2011;0,27;V
15/08/2011;0,27;V
16/08/2011;0,27;V
17/08/2011;0,28;V
18/08/2011;0,27;V
19/08/2011;0,27;V
20/08/2011;0,31;V
21/08/2011;0,31;V
22/08/2011;0,31;V
23/08/2011;0,31;V
24/08/2011;0,31;V
25/08/2011;0,30;V
26/08/2011;0,30;V
27/08/2011;0,30;V
28/08/2011;0,30;V
29/08/2011;0,31;V
30/08/2011;0,31;V
31/08/2011;0,31;V
01/09/2011;0,31;V
02/09/2011;0,31;V
03/09/2011;0,31;V
04/09/2011;0,32;V
05/09/2011;0,32;V
06/09/2011;0,31;V
07/09/2011;0,31;V
08/09/2011;0,30;V
09/09/2011;0,31;V
10/09/2011;0,32;V
11/09/2011;0,31;V
12/09/2011;0,31;V
13/09/2011;0,31;V
14/09/2011;0,31;V
15/09/2011;0,31;V
16/09/2011;0,31;V
17/09/2011;0,31;V
18/09/2011;0,31;V
19/09/2011;0,34;V
20/09/2011;0,32;V
21/09/2011;0,31;V
22/09/2011;0,30;V
23/09/2011;0,32;V
24/09/2011;0,31;V
25/09/2011;0,31;V
26/09/2011;0,32;V
27/09/2011;0,31;V
28/09/2011;0,31;V
29/09/2011;0,31;V
30/09/2011;0,31;V
01/10/2011;0,31;V
02/10/2011;0,32;V
03/10/2011;0,31;V
04/10/2011;0,32;V
05/10/2011;0,32;V
06/10/2011;0,31;V
07/10/2011;0,34;V
08/10/2011;0,34;V
09/10/2011;0,33;V
10/10/2011;0,32;V
11/10/2011;0,32;V
12/10/2011;0,33;V
13/10/2011;0,34;V
14/10/2011;0,34;V
15/10/2011;0,33;V
16/10/2011;0,34;V
17/10/2011;0,34;V
18/10/2011;0,34;V
19/10/2011;0,34;V
20/10/2011;0,36;V
21/10/2011;0,36;V
22/10/2011;0,34;V
23/10/2011;0,34;V
24/10/2011;0,33;V
25/10/2011;0,32;V
26/10/2011;0,45;V
27/10/2011;0,36;V
28/10/2011;0,30;V
29/10/2011;0,29;V
30/10/2011;0,27;V
31/10/2011;0,26;V
01/11/2011;0,26;V
02/11/2011;0,27;V
03/11/2011;0,27;V
04/11/2011;0,27;V
05/11/2011;0,27;V
06/11/2011;0,27;V
07/11/2011;0,27;V
08/11/2011;0,31;V
09/11/2011;0,25;V
10/11/2011;0,20;V
11/11/2011;0,19;V
12/11/2011;0,20;V
13/11/2011;0,23;V
14/11/2011;0,23;V
15/11/2011;0,23;V
16/11/2011;0,21;V
17/11/2011;0,20;V
18/11/2011;0,20;V
19/11/2011;0,20;V
20/11/2011;0,20;V
21/11/2011;0,20;V
22/11/2011;0,20;V
23/11/2011;0,19;V
24/11/2011;0,20;V
25/11/2011;0,20;V
26/11/2011;0,19;V
27/11/2011;0,18;V
28/11/2011;0,18;V
29/11/2011;0,18;V
30/11/2011;0,18;V
01/12/2011;0,17;V
02/12/2011;0,24;V
03/12/2011;0,21;V
04/12/2011;0,26;V
05/12/2011;0,34;V
06/12/2011;0,48;V
07/12/2011;0,32;V
08/12/2011;0,25;V
09/12/2011;0,22;V
10/12/2011;0,24;V
11/12/2011;0,27;V
12/12/2011;0,37;V
13/12/2011;0,49;V
14/12/2011;0,39;V
15/12/2011;0,45;V
16/12/2011;0,41;V
17/12/2011;0,96;V
18/12/2011;0,56;V
19/12/2011;0,44;V
20/12/2011;0,38;V
21/12/2011;0,35;V
22/12/2011;0,32;V
23/12/2011;0,31;V
24/12/2011;0,30;V
25/12/2011;0,32;V
26/12/2011;0,31;V
27/12/2011;0,29;V
28/12/2011;0,28;V
29/12/2011;0,27;V
30/12/2011;0,26;V
31/12/2011;0,26;V
01/01/2012;0,26;V
02/01/2012;0,25;V
03/01/2012;0,33;V
04/01/2012;0,37;V
05/01/2012;0,35;V
06/01/2012;0,37;V
07/01/2012;0,37;V
08/01/2012;0,34;V
09/01/2012;0,32;V
10/01/2012;0,30;V
11/01/2012;0,29;V
12/01/2012;0,27;V
13/01/2012;0,26;V
14/01/2012;0,25;V
15/01/2012;0,25;V
16/01/2012;0,25;V
17/01/2012;0,24;V
18/01/2012;0,24;V
19/01/2012;0,24;V
20/01/2012;0,23;V
21/01/2012;0,24;V
22/01/2012;0,23;V
23/01/2012;0,22;V
24/01/2012;0,21;V
25/01/2012;0,21;V
26/01/2012;0,21;V
27/01/2012;0,20;V
28/01/2012;0,20;V
29/01/2012;0,20;V
30/01/2012;0,21;V
31/01/2012;0,21;V
01/02/2012;0,21;V
02/02/2012;0,21;V
03/02/2012;0,21;V
04/02/2012;0,21;V
05/02/2012;0,21;V
06/02/2012;0,21;V
07/02/2012;0,21;V
08/02/2012;0,20;V
09/02/2012;0,19;V
10/02/2012;0,20;V
11/02/2012;0,20;V
12/02/2012;0,19;V
13/02/2012;0,18;V
14/02/2012;0,17;V
15/02/2012;0,16;V
16/02/2012;0,16;V
17/02/2012;0,16;V
18/02/2012;0,18;V
19/02/2012;0,28;V
20/02/2012;0,40;V
21/02/2012;0,38;V
22/02/2012;0,34;V
23/02/2012;0,32;V
24/02/2012;0,33;V
25/02/2012;0,36;V
26/02/2012;0,37;V
27/02/2012;0,37;V
28/02/2012;0,33;V
29/02/2012;0,31;V
01/03/2012;0,32;V
02/03/2012;0,33;V
03/03/2012;0,32;V
04/03/2012;0,30;V
05/03/2012;0,29;V
06/03/2012;0,33;V
07/03/2012;0,35;V
08/03/2012;0,32;V
09/03/2012;0,30;V
10/03/2012;0,28;V
11/03/2012;0,27;V
12/03/2012;0,27;V
13/03/2012;0,26;V
14/03/2012;0,25;V
15/03/2012;0,24;V
16/03/2012;0,23;V
17/03/2012;0,23;V
18/03/2012;0,23;V
19/03/2012;0,24;V
20/03/2012;0,24;V
21/03/2012;0,23;V
22/03/2012;0,22;V
23/03/2012;0,22;V
24/03/2012;0,22;V
25/03/2012;0,22;V
26/03/2012;0,22;V
27/03/2012;0,21;V
28/03/2012;0,21;V
29/03/2012;0,21;V
30/03/2012;0,21;V
31/03/2012;0,21;V
01/04/2012;0,20;V
02/04/2012;0,20;V
03/04/2012;0,20;V
04/04/2012;0,21;V
05/04/2012;0,20;V
06/04/2012;0,21;V
07/04/2012;0,22;V
08/04/2012;0,27;V
09/04/2012;0,34;V
10/04/2012;0,29;V
11/04/2012;0,38;V
12/04/2012;0,60;V
13/04/2012;0,47;V
14/04/2012;0,47;V
15/04/2012;0,64;V
16/04/2012;0,60;V
17/04/2012;0,57;V
18/04/2012;0,51;V
19/04/2012;0,50;V
20/04/2012;0,61;V
21/04/2012;1,44;V
22/04/2012;0,94;V
23/04/2012;0,71;V
24/04/2012;0,65;V
25/04/2012;0,66;V
26/04/2012;0,58;V
27/04/2012;0,52;V
28/04/2012;0,48;V
29/04/2012;0,45;V
30/04/2012;0,42;V
01/05/2012;0,41;V
02/05/2012;0,44;V
03/05/2012;0,41;V
04/05/2012;0,38;V
05/05/2012;0,37;V
06/05/2012;0,37;V
07/05/2012;0,78;V
08/05/2012;0,68;V
09/05/2012;0,55;V
10/05/2012;0,49;V
11/05/2012;0,44;V
12/05/2012;0,41;V
13/05/2012;0,39;V
14/05/2012;0,39;V
15/05/2012;0,37;V
16/05/2012;0,35;V
17/05/2012;0,34;V
18/05/2012;0,33;V
19/05/2012;0,32;V
20/05/2012;0,31;V
21/05/2012;0,63;V
22/05/2012;0,74;V
23/05/2012;0,55;V
24/05/2012;0,47;V
25/05/2012;0,42;V
26/05/2012;0,38;V
27/05/2012;0,35;V
28/05/2012;0,35;V
29/05/2012;0,34;V
30/05/2012;0,32;V
31/05/2012;0,32;V
01/06/2012;0,31;V
02/06/2012;0,31;V
03/06/2012;0,29;V
04/06/2012;0,31;V
05/06/2012;0,35;V
06/06/2012;0,30;V
07/06/2012;0,28;V
08/06/2012;0,27;V
09/06/2012;0,27;V
10/06/2012;0,26;V
11/06/2012;0,28;V
12/06/2012;0,33;V
13/06/2012;0,32;V
14/06/2012;0,28;V
15/06/2012;0,26;V
16/06/2012;0,24;V
17/06/2012;0,23;V
18/06/2012;0,23;V
19/06/2012;0,21;V
20/06/2012;0,21;V
21/06/2012;0,21;V
22/06/2012;0,21;V
23/06/2012;0,20;V
24/06/2012;0,20;V
25/06/2012;0,20;V
26/06/2012;0,19;V
27/06/2012;0,19;V
28/06/2012;0,19;V
29/06/2012;0,18;V
30/06/2012;0,18;V
01/07/2012;0,17;V
02/07/2012;0,17;V
03/07/2012;0,17;V
04/07/2012;0,17;V
05/07/2012;0,16;V
06/07/2012;0,16;V
07/07/2012;0,16;V
08/07/2012;0,16;V
09/07/2012;0,15;V
10/07/2012;0,15;V
11/07/2012;0,16;V
12/07/2012;0,17;V
13/07/2012;0,18;V
14/07/2012;0,18;V
15/07/2012;0,18;V
16/07/2012;0,18;V
17/07/2012;0,17;V
18/07/2012;0,17;V
19/07/2012;0,18;V
20/07/2012;0,18;V
21/07/2012;0,20;V
22/07/2012;0,21;V
23/07/2012;0,22;V
24/07/2012;0,22;V
25/07/2012;0,22;V
26/07/2012;0,22;V
27/07/2012;0,22;V
28/07/2012;0,22;V
29/07/2012;0,21;V
30/07/2012;0,21;V
31/07/2012;0,21;V
01/08/2012;0,21;V
02/08/2012;0,21;V
03/08/2012;0,20;V
04/08/2012;0,19;V
05/08/2012;0,19;V
06/08/2012;0,19;V
07/08/2012;0,21;V
08/08/2012;0,21;V
09/08/2012;0,22;V
10/08/2012;0,22;V
11/08/2012;0,22;V
12/08/2012;0,22;V
13/08/2012;0,22;V
14/08/2012;0,22;V
15/08/2012;0,22;V
16/08/2012;0,22;V
17/08/2012;0,22;V
18/08/2012;0,23;V
19/08/2012;0,23;V
20/08/2012;0,24;V
21/08/2012;0,24;V
22/08/2012;0,24;V
23/08/2012;0,24;V
24/08/2012;0,24;V
25/08/2012;0,24;V
26/08/2012;0,24;V
27/08/2012;0,24;V
28/08/2012;0,24;V
29/08/2012;0,24;V
30/08/2012;0,24;V
31/08/2012;0,24;V
01/09/2012;0,24;V
02/09/2012;0,24;V
03/09/2012;0,24;V
04/09/2012;0,25;V
05/09/2012;0,23;V
06/09/2012;0,18;V
07/09/2012;0,16;V
08/09/2012;0,16;V
09/09/2012;0,18;V
10/09/2012;0,18;V
11/09/2012;0,21;V
12/09/2012;0,26;V
13/09/2012;0,28;V
14/09/2012;0,27;V
15/09/2012;0,25;V
16/09/2012;0,26;V
17/09/2012;0,26;V
18/09/2012;0,26;V
19/09/2012;0,27;V
20/09/2012;0,30;V
21/09/2012;0,21;V
22/09/2012;0,21;V
23/09/2012;0,23;V
24/09/2012;0,24;V
25/09/2012;0,24;V
26/09/2012;0,24;V
27/09/2012;0,24;V
28/09/2012;0,25;V
29/09/2012;0,25;V
30/09/2012;0,27;V
01/10/2012;0,41;V
02/10/2012;0,29;V
03/10/2012;0,23;V
04/10/2012;0,21;V
05/10/2012;0,19;V
06/10/2012;0,18;V
07/10/2012;0,23;V
08/10/2012;0,25;V
09/10/2012;0,24;V
10/10/2012;0,22;V
11/10/2012;0,20;V
12/10/2012;0,23;V
13/10/2012;0,26;V
14/10/2012;0,23;V
15/10/2012;0,24;V
16/10/2012;0,36;V
17/10/2012;0,27;V
18/10/2012;0,21;V
19/10/2012;0,19;V
20/10/2012;0,18;V
21/10/2012;0,16;V
22/10/2012;0,14;V
23/10/2012;0,10;V
24/10/2012;0,04;V
25/10/2012;0,05;V
26/10/2012;0,07;V
27/10/2012;0,29;V
28/10/2012;0,47;V
29/10/2012;0,47;V
30/10/2012;0,39;V
31/10/2012;0,31;V
01/11/2012;0,62;V
02/11/2012;0,52;V
03/11/2012;0,40;V
04/11/2012;0,36;V
05/11/2012;0,46;V
06/11/2012;0,48;V
07/11/2012;0,40;V
08/11/2012;0,35;V
09/11/2012;0,31;V
10/11/2012;0,28;V
11/11/2012;0,30;V
12/11/2012;0,40;V
13/11/2012;0,50;V
14/11/2012;0,45;V
15/11/2012;0,40;V
16/11/2012;0,36;V
17/11/2012;0,34;V
18/11/2012;0,31;V
19/11/2012;0,30;V
20/11/2012;0,30;V
21/11/2012;0,29;V
22/11/2012;0,29;V
23/11/2012;0,27;V
24/11/2012;0,27;V
25/11/2012;0,26;V
26/11/2012;0,26;V
27/11/2012;0,71;V
28/11/2012;2,26;V
29/11/2012;1,09;V
30/11/2012;0,74;V
01/12/2012;0,61;V
02/12/2012;0,61;V
03/12/2012;0,56;V
04/12/2012;1,20;V
05/12/2012;1,07;V
06/12/2012;0,73;V
07/12/2012;0,64;V
08/12/2012;0,65;V
09/12/2012;0,58;V
10/12/2012;0,55;V
11/12/2012;0,52;V
12/12/2012;0,49;V
13/12/2012;0,47;V
14/12/2012;0,48;V
15/12/2012;2,02;V
16/12/2012;1,39;V
17/12/2012;1,31;V
18/12/2012;1,11;V
19/12/2012;0,90;V
20/12/2012;0,81;V
21/12/2012;0,79;V
22/12/2012;0,72;V
23/12/2012;0,69;V
24/12/2012;0,66;V
25/12/2012;0,64;V
26/12/2012;0,66;V
27/12/2012;0,70;V
28/12/2012;0,68;V
29/12/2012;0,63;V
30/12/2012;0,59;V
31/12/2012;0,57;V
01/01/2013;0,54;V
02/01/2013;0,53;V
03/01/2013;0,52;V
04/01/2013;0,49;V
05/01/2013;0,47;V
06/01/2013;0,46;V
07/01/2013;0,45;V
08/01/2013;0,44;V
09/01/2013;0,43;V
10/01/2013;0,43;V
11/01/2013;0,43;V
12/01/2013;0,44;V
13/01/2013;0,51;V
14/01/2013;1,29;V
15/01/2013;0,95;V
16/01/2013;0,93;V
17/01/2013;0,91;V
18/01/2013;0,82;V
19/01/2013;0,79;V
20/01/2013;2,11;V
21/01/2013;1,88;V
22/01/2013;1,42;V
23/01/2013;1,23;V
24/01/2013;1,05;V
25/01/2013;0,93;V
26/01/2013;0,86;V
27/01/2013;0,81;V
28/01/2013;0,81;V
29/01/2013;0,77;V
30/01/2013;0,75;V
31/01/2013;0,75;V
01/02/2013;0,74;V
02/02/2013;0,82;V
03/02/2013;1,03;V
04/02/2013;0,90;V
05/02/2013;0,85;V
06/02/2013;0,93;V
07/02/2013;0,86;V
08/02/2013;0,81;V
09/02/2013;0,77;V
10/02/2013;0,74;V
11/02/2013;0,74;V
12/02/2013;0,83;V
13/02/2013;0,82;V
14/02/2013;0,80;V
15/02/2013;0,77;V
16/02/2013;0,74;V
17/02/2013;0,72;V
18/02/2013;0,69;V
19/02/2013;0,65;V
20/02/2013;0,65;V
21/02/2013;0,68;V
22/02/2013;0,70;V
23/02/2013;0,70;V
24/02/2013;0,73;V
25/02/2013;0,78;V
26/02/2013;0,78;V
27/02/2013;0,77;V
28/02/2013;0,75;V
01/03/2013;0,80;V
02/03/2013;0,88;V
03/03/2013;0,90;V
04/03/2013;0,84;V
05/03/2013;0,82;V
06/03/2013;1,02;V
07/03/2013;1,32;V
08/03/2013;1,53;V
09/03/2013;1,92;V
10/03/2013;1,96;V
11/03/2013;1,74;V
12/03/2013;1,45;V
13/03/2013;1,69;V
14/03/2013;1,62;V
15/03/2013;1,28;V
16/03/2013;1,07;V
17/03/2013;0,98;V
18/03/2013;2,73;V
19/03/2013;2,16;V
20/03/2013;1,41;V
21/03/2013;1,29;V
22/03/2013;1,08;V
23/03/2013;0,96;V
24/03/2013;0,92;V
25/03/2013;0,88;V
26/03/2013;0,87;V
27/03/2013;0,90;V
28/03/2013;0,84;V
29/03/2013;1,00;V
30/03/2013;1,19;V
31/03/2013;1,77;V
01/04/2013;1,27;V
02/04/2013;1,38;V
03/04/2013;1,21;V
04/04/2013;1,02;V
05/04/2013;1,11;V
06/04/2013;1,08;V
07/04/2013;0,96;V
08/04/2013;0,90;V
09/04/2013;0,91;V
10/04/2013;0,90;V
11/04/2013;0,86;V
12/04/2013;0,83;V
13/04/2013;0,79;V
14/04/2013;0,76;V
15/04/2013;0,74;V
16/04/2013;0,73;V
17/04/2013;0,71;V
18/04/2013;0,69;V
19/04/2013;0,67;V
20/04/2013;0,63;V
21/04/2013;0,61;V
22/04/2013;0,60;V
23/04/2013;0,57;V
24/04/2013;0,51;V
25/04/2013;0,48;V
26/04/2013;0,48;V
27/04/2013;0,47;V
28/04/2013;0,48;V
29/04/2013;0,46;V
30/04/2013;0,44;V
01/05/2013;0,43;V
02/05/2013;0,46;V
03/05/2013;0,45;V
04/05/2013;0,41;V
05/05/2013;0,47;V
06/05/2013;0,52;V
07/05/2013;0,48;V
08/05/2013;0,47;V
09/05/2013;0,47;V
10/05/2013;0,50;V
11/05/2013;0,50;V
12/05/2013;0,48;V
13/05/2013;0,50;V
14/05/2013;0,47;V
15/05/2013;0,46;V
16/05/2013;0,64;V
17/05/2013;0,90;V
18/05/2013;0,81;V
19/05/2013;0,71;V
20/05/2013;0,63;V
21/05/2013;0,60;V
22/05/2013;0,56;V
23/05/2013;0,57;V
24/05/2013;0,55;V
25/05/2013;0,77;V
26/05/2013;0,90;V
27/05/2013;0,78;V
28/05/2013;0,67;V
29/05/2013;0,61;V
30/05/2013;0,82;V
31/05/2013;0,90;V
01/06/2013;0,72;V
02/06/2013;0,62;V
03/06/2013;0,66;V
04/06/2013;0,60;V
05/06/2013;0,60;V
06/06/2013;0,57;V
07/06/2013;0,53;V
08/06/2013;0,49;V
09/06/2013;0,46;V
10/06/2013;0,44;V
11/06/2013;0,41;V
12/06/2013;0,42;V
13/06/2013;0,41;V
14/06/2013;0,40;V
15/06/2013;0,40;V
16/06/2013;0,40;V
17/06/2013;0,37;V
18/06/2013;0,35;V
19/06/2013;0,34;V
20/06/2013;0,34;V
21/06/2013;0,33;V
22/06/2013;0,33;V
23/06/2013;0,33;V
24/06/2013;0,33;V
25/06/2013;0,34;V
26/06/2013;0,32;V
27/06/2013;0,33;V
28/06/2013;0,35;V
29/06/2013;0,32;V
30/06/2013;0,31;V
01/07/2013;0,30;V
02/07/2013;0,29;V
03/07/2013;0,26;V
04/07/2013;0,27;V
05/07/2013;0,27;V
06/07/2013;0,25;V
07/07/2013;0,25;V
08/07/2013;0,25;V
09/07/2013;0,26;V
10/07/2013;0,25;V
11/07/2013;0,30;V
12/07/2013;0,29;V
13/07/2013;0,28;V
14/07/2013;0,28;V
15/07/2013;0,27;V
16/07/2013;0,26;V
17/07/2013;0,26;V
18/07/2013;0,26;V
19/07/2013;0,27;V
20/07/2013;0,27;V
21/07/2013;0,28;V
22/07/2013;0,26;V
23/07/2013;0,26;V
24/07/2013;0,25;V
25/07/2013;0,25;V
26/07/2013;0,28;V
27/07/2013;0,28;V
28/07/2013;0,28;V
29/07/2013;0,28;V
30/07/2013;0,29;V
31/07/2013;0,26;V
01/08/2013;0,24;V
02/08/2013;0,24;V
03/08/2013;0,29;V
04/08/2013;0,31;V
05/08/2013;0,34;V
06/08/2013;0,34;V
07/08/2013;0,29;V
08/08/2013;0,27;V
09/08/2013;0,28;V
10/08/2013;0,27;V
11/08/2013;0,27;V
12/08/2013;0,26;V
13/08/2013;0,25;V
14/08/2013;0,25;V
15/08/2013;0,26;V
16/08/2013;0,25;V
17/08/2013;0,25;V
18/08/2013;0,24;V
19/08/2013;0,25;V
20/08/2013;0,36;V
21/08/2013;0,32;V
22/08/2013;0,30;V
23/08/2013;0,30;V
24/08/2013;0,29;V
25/08/2013;0,44;V
26/08/2013;0,33;V
27/08/2013;0,32;V
28/08/2013;0,31;V
29/08/2013;0,32;V
30/08/2013;0,32;V
31/08/2013;0,31;V
01/09/2013;0,31;V
02/09/2013;0,31;V
03/09/2013;0,30;V
04/09/2013;0,30;V
05/09/2013;0,30;V
06/09/2013;0,30;V
07/09/2013;0,30;V
08/09/2013;0,30;V
09/09/2013;0,32;V
10/09/2013;0,30;V
11/09/2013;0,31;V
12/09/2013;0,32;V
13/09/2013;0,30;V
14/09/2013;0,29;V
15/09/2013;0,32;V
16/09/2013;0,37;V
17/09/2013;0,32;V
18/09/2013;0,32;V
19/09/2013;0,31;V
20/09/2013;0,31;V
21/09/2013;0,31;V
22/09/2013;0,31;V
23/09/2013;0,30;V
24/09/2013;0,30;V
25/09/2013;0,28;V
26/09/2013;0,28;V
27/09/2013;0,28;V
28/09/2013;0,28;V
29/09/2013;0,44;V
30/09/2013;0,43;V
01/10/2013;0,35;V
02/10/2013;0,32;V
03/10/2013;0,31;V
04/10/2013;0,30;V
05/10/2013;0,43;V
06/10/2013;0,58;V
07/10/2013;0,41;V
08/10/2013;0,38;V
09/10/2013;0,35;V
10/10/2013;0,35;V
11/10/2013;0,46;V
12/10/2013;0,40;V
13/10/2013;0,37;V
14/10/2013;0,35;V
15/10/2013;0,34;V
16/10/2013;0,41;V
17/10/2013;0,37;V
18/10/2013;0,27;V
19/10/2013;0,34;V
20/10/2013;0,33;V
21/10/2013;1,28;V
22/10/2013;0,63;V
23/10/2013;0,51;V
24/10/2013;0,88;V
25/10/2013;0,66;V
26/10/2013;0,57;V
27/10/2013;0,53;V
28/10/2013;0,51;V
29/10/2013;0,50;V
30/10/2013;0,49;V
31/10/2013;0,48;V
01/11/2013;0,44;V
02/11/2013;0,43;V
03/11/2013;0,43;V
04/11/2013;0,41;V
05/11/2013;0,54;V
06/11/2013;0,45;V
07/11/2013;0,39;V
08/11/2013;0,37;V
09/11/2013;0,38;V
10/11/2013;0,54;V
11/11/2013;1,60;V
12/11/2013;1,10;V
13/11/2013;0,72;V
14/11/2013;0,59;V
15/11/2013;0,70;V
16/11/2013;0,62;V
17/11/2013;0,56;V
18/11/2013;0,52;V
19/11/2013;0,51;V
20/11/2013;0,49;V
21/11/2013;0,90;V
22/11/2013;1,30;V
23/11/2013;0,91;V
24/11/2013;0,74;V
25/11/2013;0,65;V
26/11/2013;0,58;V
27/11/2013;0,54;V
28/11/2013;0,51;V
29/11/2013;0,48;V
30/11/2013;0,46;V
01/12/2013;0,44;V
02/12/2013;0,42;V
03/12/2013;0,41;V
04/12/2013;0,40;V
05/12/2013;0,39;V
06/12/2013;0,38;V
07/12/2013;0,38;V
08/12/2013;0,37;V
09/12/2013;0,36;V
10/12/2013;0,35;V
11/12/2013;0,35;V
12/12/2013;0,34;V
13/12/2013;0,33;V
14/12/2013;0,33;V
15/12/2013;0,33;V
16/12/2013;0,32;V
17/12/2013;0,32;V
18/12/2013;0,31;V
19/12/2013;0,31;V
20/12/2013;0,31;V
21/12/2013;0,31;V
22/12/2013;0,30;V
23/12/2013;0,30;V
24/12/2013;0,30;V
25/12/2013;0,30;V
26/12/2013;0,62;V
27/12/2013;0,54;V
28/12/2013;0,44;V
29/12/2013;0,50;V
30/12/2013;0,50;V
31/12/2013;0,44;V
01/01/2014;0,44;
02/01/2014;0,42;P
03/01/2014;0,74;P
04/01/2014;0,86;P
05/01/2014;1,34;P
06/01/2014;0,92;P
07/01/2014;0,76;P
08/01/2014;0,70;P
09/01/2014;0,67;P
10/01/2014;0,64;P
11/01/2014;0,62;P
12/01/2014;0,61;P
13/01/2014;0,59;P
14/01/2014;0,79;P
15/01/2014;0,76;P
16/01/2014;0,69;P
17/01/2014;1,32;P
18/01/2014;2,26;P
19/01/2014;1,46;P
20/01/2014;1,33;P
21/01/2014;1,10;P
22/01/2014;0,90;P
23/01/2014;0,80;P
24/01/2014;1,11;P
25/01/2014;1,00;P
26/01/2014;0,87;P
27/01/2014;0,82;P
28/01/2014;0,80;P
29/01/2014;0,76;P
30/01/2014;1,90;P
31/01/2014;3,06;P
01/02/2014;1,80;P
02/02/2014;1,32;P
03/02/2014;1,18;P
04/02/2014;1,09;P
05/02/2014;1,18;P
06/02/2014;1,41;P
07/02/2014;1,14;P
08/02/2014;1,88;P
09/02/2014;1,46;P
10/02/2014;2,09;P
11/02/2014;3,46;P
12/02/2014;1,74;P
13/02/2014;1,24;P
14/02/2014;1,15;P
15/02/2014;0,95;P
16/02/2014;0,85;P
17/02/2014;0,78;P
18/02/2014;0,73;P
19/02/2014;0,74;P
20/02/2014;1,03;P
21/02/2014;1,00;P
22/02/2014;1,14;P
23/02/2014;1,06;P
24/02/2014;0,88;P
25/02/2014;0,78;P
26/02/2014;0,80;P
27/02/2014;1,04;P
28/02/2014;0,87;P
01/03/2014;0,98;
02/03/2014;0,93;P
03/03/2014;0,80;P
04/03/2014;0,82;P
05/03/2014;1,50;P
06/03/2014;0,98;P
07/03/2014;0,82;P
08/03/2014;0,74;P
09/03/2014;0,69;P
10/03/2014;0,65;P
11/03/2014;0,62;P
12/03/2014;0,59;P
13/03/2014;0,57;P
14/03/2014;0,55;P
15/03/2014;0,54;P
16/03/2014;0,52;P
17/03/2014;0,51;P
18/03/2014;0,50;P
19/03/2014;0,46;P
20/03/2014;0,38;P
21/03/2014;0,47;P
22/03/2014;0,46;P
23/03/2014;0,82;P
24/03/2014;1,02;P
25/03/2014;0,75;P
26/03/2014;0,66;P
27/03/2014;0,70;P
28/03/2014;0,90;P
29/03/2014;0,71;P
30/03/2014;0,64;P
31/03/2014;0,60;P
01/04/2014;0,57;P
02/04/2014;0,51;P
03/04/2014;0,52;P
04/04/2014;0,49;P
05/04/2014;0,55;P
06/04/2014;0,49;P
07/04/2014;0,43;P
08/04/2014;0,43;P
09/04/2014;0,51;P
10/04/2014;0,45;P
11/04/2014;0,36;P
12/04/2014;0,34;P
13/04/2014;0,35;P
14/04/2014;0,33;P
15/04/2014;0,29;P
16/04/2014;0,28;P
17/04/2014;0,26;P
18/04/2014;0,25;P
19/04/2014;0,25;P
20/04/2014;0,25;P
21/04/2014;0,23;P
22/04/2014;0,22;P
23/04/2014;0,21;P
24/04/2014;0,20;P
25/04/2014;0,20;P
26/04/2014;0,19;P
27/04/2014;0,19;P
28/04/2014;0,20;P
29/04/2014;0,21;P
30/04/2014;0,20;P
01/05/2014;0,20;P
02/05/2014;0,26;P
03/05/2014;0,51;P
04/05/2014;0,55;P
05/05/2014;0,38;P
06/05/2014;0,31;P
07/05/2014;0,27;P
08/05/2014;0,30;P
09/05/2014;0,30;P
10/05/2014;0,29;P
11/05/2014;0,28;P
12/05/2014;0,25;P
13/05/2014;0,19;P
14/05/2014;0,18;P
15/05/2014;0,17;P
16/05/2014;0,16;P
17/05/2014;0,16;P
18/05/2014;0,15;P
19/05/2014;0,14;P
20/05/2014;0,14;P
21/05/2014;0,13;P
22/05/2014;0,12;P
23/05/2014;0,14;P
24/05/2014;0,13;P
25/05/2014;0,12;P
26/05/2014;0,12;P
27/05/2014;0,12;P
28/05/2014;0,12;P
29/05/2014;0,12;P
30/05/2014;0,12;P
31/05/2014;0,12;P
01/06/2014;0,11;P
02/06/2014;0,10;P
03/06/2014;0,10;P
04/06/2014;0,10;P
05/06/2014;0,10;P
06/06/2014;0,10;P
07/06/2014;0,09;P
08/06/2014;0,09;P
09/06/2014;0,09;P
10/06/2014;0,09;P
11/06/2014;;@
12/06/2014;;@
13/06/2014;-0,78;P
14/06/2014;-0,78;P
15/06/2014;;@
16/06/2014;;@
17/06/2014;0,05;P
18/06/2014;0,08;P
19/06/2014;0,09;P
20/06/2014;0,05;P
21/06/2014;0,03;P
22/06/2014;0,03;P
23/06/2014;0,02;P
24/06/2014;0,04;P
25/06/2014;0,09;P
26/06/2014;0,07;P
27/06/2014;0,06;P
28/06/2014;0,05;P
29/06/2014;0,05;P
30/06/2014;0,14;P
01/07/2014;0,04;P
02/07/2014;0,02;P
03/07/2014;0,01;P
04/07/2014;0,01;P
05/07/2014;0,00;P
06/07/2014;0,00;P
07/07/2014;0,00;P
08/07/2014;0,04;P
09/07/2014;0,15;P
10/07/2014;0,09;P
11/07/2014;0,06;P
12/07/2014;0,06;P
13/07/2014;0,10;P
14/07/2014;0,08;P
15/07/2014;0,05;P
16/07/2014;0,04;P
17/07/2014;0,03;P
18/07/2014;0,03;P
19/07/2014;0,02;P
20/07/2014;0,02;P
21/07/2014;0,10;P
22/07/2014;0,07;P
23/07/2014;0,01;P
24/07/2014;0,00;P
25/07/2014;0,11;P
26/07/2014;0,05;P
27/07/2014;0,14;P
28/07/2014;0,03;P
29/07/2014;0,01;P
30/07/2014;0,24;P
31/07/2014;0,09;P
01/08/2014;0,05;P
02/08/2014;0,03;P
03/08/2014;0,16;P
04/08/2014;0,25;P
05/08/2014;0,09;P
06/08/2014;0,12;P
07/08/2014;0,07;P
08/08/2014;0,07;P
09/08/2014;0,06;P
10/08/2014;0,06;P
11/08/2014;0,05;P
12/08/2014;0,05;P
13/08/2014;0,05;P
14/08/2014;0,10;P
15/08/2014;0,05;P
16/08/2014;0,06;P
17/08/2014;0,05;P
18/08/2014;0,04;P
19/08/2014;0,04;P
20/08/2014;0,04;P
21/08/2014;0,04;P
22/08/2014;0,03;P
23/08/2014;0,04;P
24/08/2014;0,04;P
25/08/2014;0,03;P
26/08/2014;0,03;P
27/08/2014;0,03;P
28/08/2014;0,03;P
29/08/2014;0,02;P
30/08/2014;0,02;P
31/08/2014;0,02;P
01/09/2014;0,10;P
02/09/2014;0,04;P
03/09/2014;0,04;P
04/09/2014;0,04;P
05/09/2014;0,04;P
06/09/2014;0,03;P
07/09/2014;0,03;P
08/09/2014;0,03;P
09/09/2014;0,02;P
10/09/2014;0,05;P
11/09/2014;0,08;P
12/09/2014;0,07;P
13/09/2014;0,04;P
14/09/2014;0,02;P
15/09/2014;0,01;P
16/09/2014;0,01;P
17/09/2014;0,01;P
18/09/2014;0,00;P
19/09/2014;0,02;P
20/09/2014;0,72;P
21/09/2014;0,19;P
22/09/2014;0,12;P
23/09/2014;0,25;P
24/09/2014;0,22;P
25/09/2014;0,21;P
26/09/2014;0,21;P
27/09/2014;0,20;P
28/09/2014;0,20;P
29/09/2014;0,16;P
30/09/2014;0,08;P
01/10/2014;0,08;P
02/10/2014;0,08;P
03/10/2014;0,07;P
04/10/2014;0,07;P
05/10/2014;0,06;P
06/10/2014;0,06;P
07/10/2014;0,06;P
08/10/2014;0,06;P
09/10/2014;0,06;P
10/10/2014;0,06;P
11/10/2014;0,06;P
12/10/2014;0,18;P
13/10/2014;0,11;P
14/10/2014;0,23;P
15/10/2014;0,45;P
16/10/2014;0,26;P
17/10/2014;0,18;P
18/10/2014;0,19;P
19/10/2014;0,16;P
20/10/2014;0,14;P
21/10/2014;0,12;P
22/10/2014;0,12;P
23/10/2014;0,10;P
24/10/2014;0,10;P
25/10/2014;0,10;P
26/10/2014;0,09;P
27/10/2014;0,09;P
28/10/2014;0,09;P
29/10/2014;0,09;P
30/10/2014;0,09;P
31/10/2014;0,08;P
01/11/2014;0,08;P
02/11/2014;0,08;P
03/11/2014;0,08;P
04/11/2014;0,08;P
05/11/2014;0,31;P
06/11/2014;0,52;P
07/11/2014;0,48;P
08/11/2014;0,29;P
09/11/2014;0,23;P
10/11/2014;0,31;P
11/11/2014;0,37;P
12/11/2014;0,28;P
13/11/2014;0,28;P
14/11/2014;0,24;P
15/11/2014;0,23;P
16/11/2014;0,54;P
17/11/2014;1,14;P
18/11/2014;1,81;P
19/11/2014;1,71;P
20/11/2014;0,82;P
21/11/2014;0,64;P
22/11/2014;0,55;P
23/11/2014;0,50;P
24/11/2014;0,46;P
25/11/2014;0,43;P
26/11/2014;0,53;P
27/11/2014;0,69;P
28/11/2014;0,58;P
29/11/2014;0,51;P
30/11/2014;0,48;P
01/12/2014;0,46;P
02/12/2014;0,44;P
03/12/2014;0,46;P
04/12/2014;0,60;P
05/12/2014;0,64;P
06/12/2014;0,55;P
07/12/2014;0,51;P
08/12/2014;0,47;P
09/12/2014;0,45;P
10/12/2014;0,42;P
11/12/2014;0,41;P
12/12/2014;0,36;P
13/12/2014;0,23;P
14/12/2014;0,21;P
15/12/2014;0,19;P
16/12/2014;0,21;P
17/12/2014;0,21;P
18/12/2014;0,19;P
19/12/2014;0,17;P
20/12/2014;0,17;P
21/12/2014;0,16;P
22/12/2014;0,15;P
23/12/2014;0,15;P
24/12/2014;0,14;P
25/12/2014;0,14;P
26/12/2014;0,13;P
27/12/2014;0,31;P
28/12/2014;0,49;P
29/12/2014;0,29;P
30/12/2014;0,23;P
31/12/2014;0,21;P
01/01/2015;0,19;P
02/01/2015;0,18;P
03/01/2015;0,17;P
04/01/2015;0,19;P
05/01/2015;0,19;P
06/01/2015;0,17;P
07/01/2015;0,16;P
08/01/2015;0,15;P
09/01/2015;0,15;P
10/01/2015;0,14;P
11/01/2015;0,15;P
12/01/2015;0,15;P
13/01/2015;0,14;P
14/01/2015;0,13;P
15/01/2015;0,13;P
16/01/2015;0,13;P
17/01/2015;0,18;P
18/01/2015;0,19;P
19/01/2015;0,16;P
20/01/2015;0,15;P
21/01/2015;0,14;P
22/01/2015;0,14;P
23/01/2015;0,18;P
24/01/2015;0,22;P
25/01/2015;0,21;P
26/01/2015;0,20;P
27/01/2015;0,20;P
28/01/2015;0,18;P
29/01/2015;0,20;P
30/01/2015;1,54;P
31/01/2015;0,80;P
01/02/2015;0,63;P
02/02/2015;0,55;P
03/02/2015;0,53;P
04/02/2015;0,52;P
05/02/2015;0,95;P
06/02/2015;0,96;P
07/02/2015;0,81;P
08/02/2015;0,71;P
09/02/2015;0,63;P
10/02/2015;0,58;P
11/02/2015;0,55;P
12/02/2015;0,51;P
13/02/2015;0,49;P
14/02/2015;0,47;P
15/02/2015;0,47;P
16/02/2015;0,46;P
17/02/2015;0,47;P
18/02/2015;0,43;P
19/02/2015;0,40;P
20/02/2015;0,38;P
21/02/2015;0,36;P
22/02/2015;0,51;P
23/02/2015;0,44;P
24/02/2015;0,41;P
25/02/2015;0,53;P
26/02/2015;;@
27/02/2015;;@
28/02/2015;0,52;P
01/03/2015;0,50;P
02/03/2015;0,69;P
03/03/2015;0,74;P
04/03/2015;0,65;P
05/03/2015;1,11;P
06/03/2015;0,71;P
07/03/2015;0,69;P
08/03/2015;0,65;P
09/03/2015;0,61;P
10/03/2015;0,55;P
11/03/2015;0,46;P
12/03/2015;0,43;P
13/03/2015;0,41;P
14/03/2015;0,40;P
15/03/2015;0,38;P
16/03/2015;0,41;P
17/03/2015;0,72;P
18/03/2015;0,55;P
19/03/2015;0,48;P
20/03/2015;0,43;P
21/03/2015;0,41;P
22/03/2015;0,40;P
23/03/2015;0,37;P
24/03/2015;0,34;P
25/03/2015;0,41;P
26/03/2015;1,38;P
27/03/2015;0,96;P
28/03/2015;0,82;P
29/03/2015;0,71;P
30/03/2015;0,65;P
31/03/2015;0,62;P
01/04/2015;0,59;P
02/04/2015;0,57;P
03/04/2015;0,53;P
04/04/2015;0,59;P
05/04/2015;0,92;P
06/04/2015;0,70;P
07/04/2015;0,61;P
08/04/2015;0,57;P
09/04/2015;0,51;P
10/04/2015;0,43;P
11/04/2015;0,41;P
12/04/2015;0,38;P
13/04/2015;0,37;P
14/04/2015;0,35;P
15/04/2015;0,34;P
16/04/2015;0,32;P
17/04/2015;0,31;P
18/04/2015;0,31;P
19/04/2015;0,30;P
20/04/2015;0,29;P
21/04/2015;0,28;P
22/04/2015;0,26;P
23/04/2015;0,24;P
24/04/2015;0,24;P
25/04/2015;0,23;P
26/04/2015;0,23;P
27/04/2015;0,26;P
28/04/2015;0,34;P
29/04/2015;0,44;P
30/04/2015;0,57;P
01/05/2015;0,39;P
02/05/2015;0,33;P
03/05/2015;0,30;P
04/05/2015;0,27;P
05/05/2015;0,25;P
06/05/2015;0,23;P
07/05/2015;0,22;P
08/05/2015;0,20;P
09/05/2015;0,19;P
10/05/2015;0,19;P
11/05/2015;0,18;P
12/05/2015;0,17;P
13/05/2015;0,16;P
14/05/2015;0,16;P
15/05/2015;0,15;P
16/05/2015;0,16;P
17/05/2015;0,15;P
18/05/2015;0,14;P
19/05/2015;0,12;P
20/05/2015;0,14;P
21/05/2015;0,20;P
22/05/2015;0,24;P
23/05/2015;0,43;P
24/05/2015;0,33;P
25/05/2015;0,24;P
26/05/2015;0,20;P
27/05/2015;0,20;P
28/05/2015;0,17;P
29/05/2015;0,15;P
30/05/2015;0,14;P
31/05/2015;0,13;P
01/06/2015;0,12;P
02/06/2015;0,11;P
03/06/2015;0,11;P
04/06/2015;0,10;P
05/06/2015;0,09;P
06/06/2015;0,08;P
07/06/2015;0,08;P
08/06/2015;0,07;P
09/06/2015;0,08;P
10/06/2015;0,07;P
11/06/2015;0,07;P
12/06/2015;0,07;P
13/06/2015;0,07;P
14/06/2015;0,08;P
15/06/2015;0,07;P
16/06/2015;0,07;P
17/06/2015;0,11;P
18/06/2015;0,08;P
19/06/2015;0,06;P
20/06/2015;0,06;P
21/06/2015;0,06;P
22/06/2015;0,07;P
23/06/2015;0,07;P
24/06/2015;0,12;P
25/06/2015;0,07;P
26/06/2015;0,06;P
27/06/2015;0,06;P
28/06/2015;0,06;P
29/06/2015;0,05;P
30/06/2015;0,03;P
01/07/2015;0,03;P
02/07/2015;0,02;P
03/07/2015;0,02;P
04/07/2015;0,02;P
05/07/2015;0,04;P
06/07/2015;0,04;P
07/07/2015;0,05;P
08/07/2015;0,05;P
09/07/2015;0,05;P
10/07/2015;0,05;P
11/07/2015;0,05;P
12/07/2015;0,05;P
13/07/2015;0,05;P
14/07/2015;0,07;P
15/07/2015;0,07;P
16/07/2015;0,07;P
17/07/2015;0,06;P
18/07/2015;0,06;P
19/07/2015;0,06;P
20/07/2015;0,06;P
21/07/2015;0,06;P
22/07/2015;0,06;P
23/07/2015;0,11;P
24/07/2015;0,13;P
25/07/2015;0,13;P
26/07/2015;0,12;P
27/07/2015;0,12;P
28/07/2015;0,12;P
29/07/2015;0,12;P
30/07/2015;0,11;P
31/07/2015;0,11;P
01/08/2015;0,15;P
02/08/2015;0,20;P
03/08/2015;0,15;P
04/08/2015;0,14;P
05/08/2015;0,14;P
06/08/2015;0,14;P
07/08/2015;0,14;P
08/08/2015;0,14;P
09/08/2015;0,14;P
10/08/2015;0,17;P
11/08/2015;0,09;P
12/08/2015;0,06;P
13/08/2015;0,06;P
14/08/2015;0,11;P
15/08/2015;0,12;P
16/08/2015;0,14;P
17/08/2015;0,12;P
18/08/2015;0,12;P
19/08/2015;0,14;P
20/08/2015;0,14;P
21/08/2015;0,12;P
22/08/2015;0,11;P
23/08/2015;0,11;P
24/08/2015;0,17;P
25/08/2015;0,14;P
26/08/2015;0,12;P
27/08/2015;0,12;P
28/08/2015;0,11;P
29/08/2015;0,11;P
30/08/2015;0,11;P
31/08/2015;0,10;P
01/09/2015;0,10;P
02/09/2015;0,10;P
03/09/2015;0,09;P
04/09/2015;0,10;P
05/09/2015;0,10;P
06/09/2015;0,10;P
07/09/2015;0,10;P
08/09/2015;0,10;P
09/09/2015;0,09;P
10/09/2015;0,09;P
11/09/2015;0,10;P
12/09/2015;0,10;P
13/09/2015;0,11;P
14/09/2015;0,14;P
15/09/2015;0,12;P
16/09/2015;0,11;P
17/09/2015;0,10;P
18/09/2015;0,10;P
19/09/2015;0,10;P
20/09/2015;0,10;P
21/09/2015;0,10;P
22/09/2015;0,10;P
23/09/2015;0,13;P
24/09/2015;0,12;P
25/09/2015;0,11;P
26/09/2015;0,11;P
27/09/2015;0,11;P
28/09/2015;0,10;P
29/09/2015;0,10;P
30/09/2015;0,12;P
01/10/2015;0,12;P
02/10/2015;0,13;P
03/10/2015;0,14;P
04/10/2015;0,17;P
05/10/2015;0,20;P
06/10/2015;0,15;P
07/10/2015;0,15;P
08/10/2015;0,14;P
09/10/2015;0,13;P
10/10/2015;0,15;P
11/10/2015;0,22;P
12/10/2015;0,17;P
13/10/2015;0,33;P
14/10/2015;0,41;P
15/10/2015;0,45;P
16/10/2015;0,38;P
17/10/2015;0,28;P
18/10/2015;0,21;P
19/10/2015;0,21;P
20/10/2015;0,18;P
21/10/2015;0,17;P
22/10/2015;0,16;P
23/10/2015;0,14;P
24/10/2015;0,15;P
25/10/2015;0,15;P
26/10/2015;0,14;P
27/10/2015;0,14;P
28/10/2015;0,25;P
29/10/2015;0,78;P
30/10/2015;0,34;P
31/10/2015;0,21;P
01/11/2015;0,16;P
02/11/2015;0,14;P
03/11/2015;0,12;P
04/11/2015;0,12;P
05/11/2015;0,11;P
06/11/2015;0,10;P
07/11/2015;0,09;P
08/11/2015;0,09;P
09/11/2015;0,08;P
10/11/2015;0,08;P
11/11/2015;0,08;P
12/11/2015;0,08;P
13/11/2015;0,08;P
14/11/2015;0,07;P
15/11/2015;0,07;P
16/11/2015;0,07;P
17/11/2015;0,07;P
18/11/2015;0,07;P
19/11/2015;0,07;P
20/11/2015;0,07;P
21/11/2015;0,19;P
22/11/2015;0,56;P
23/11/2015;0,31;P
24/11/2015;0,22;P
25/11/2015;0,19;P
26/11/2015;0,16;P
27/11/2015;0,15;P
28/11/2015;0,14;P
29/11/2015;0,13;P
30/11/2015;0,13;P
01/12/2015;0,13;P
02/12/2015;0,12;P
03/12/2015;0,12;P
04/12/2015;0,11;P
05/12/2015;0,10;P
06/12/2015;0,10;P
07/12/2015;0,10;P
08/12/2015;0,09;P
09/12/2015;0,09;P
10/12/2015;0,07;P
11/12/2015;0,06;P
12/12/2015;0,06;P
13/12/2015;0,06;P
14/12/2015;0,06;P
15/12/2015;0,06;P
16/12/2015;0,06;P
17/12/2015;0,06;P
18/12/2015;0,05;P
19/12/2015;0,05;P
20/12/2015;0,05;P
21/12/2015;0,05;P
22/12/2015;0,05;P
23/12/2015;0,05;P
24/12/2015;0,05;P
25/12/2015;0,05;P
26/12/2015;0,05;P
27/12/2015;0,05;P
28/12/2015;0,05;P
29/12/2015;0,06;P
30/12/2015;0,17;P
31/12/2015;0,16;P
01/01/2016;0,16;V
02/01/2016;0,18;V
03/01/2016;0,55;V
04/01/2016;0,46;V
05/01/2016;0,48;V
06/01/2016;0,70;V
07/01/2016;0,59;V
08/01/2016;0,43;V
09/01/2016;0,40;V
10/01/2016;0,59;V
11/01/2016;0,52;V
12/01/2016;0,46;V
13/01/2016;0,36;V
14/01/2016;0,36;V
15/01/2016;1,00;V
16/01/2016;0,54;V
17/01/2016;0,41;V
18/01/2016;0,33;V
19/01/2016;0,28;V
20/01/2016;0,25;V
21/01/2016;0,22;V
22/01/2016;0,19;V
23/01/2016;0,18;V
24/01/2016;0,16;V
25/01/2016;0,15;V
26/01/2016;0,14;V
27/01/2016;0,14;V
28/01/2016;0,15;V
29/01/2016;0,16;V
30/01/2016;0,16;V
31/01/2016;0,22;V
01/02/2016;0,45;V
02/02/2016;0,33;V
03/02/2016;0,30;V
04/02/2016;0,43;V
05/02/2016;0,37;V
06/02/2016;0,31;V
07/02/2016;0,28;V
08/02/2016;0,30;V
09/02/2016;0,31;V
10/02/2016;1,34;V
11/02/2016;0,71;V
12/02/2016;1,13;V
13/02/2016;1,29;V
14/02/2016;1,82;V
15/02/2016;1,26;V
16/02/2016;1,79;V
17/02/2016;1,78;V
18/02/2016;1,35;V
19/02/2016;0,97;V
20/02/2016;0,80;V
21/02/2016;0,69;V
22/02/2016;0,64;V
23/02/2016;0,65;V
24/02/2016;0,61;V
25/02/2016;0,70;V
26/02/2016;0,74;V
27/02/2016;0,93;V
28/02/2016;1,16;V
29/02/2016;1,77;V
01/03/2016;1,44;V
02/03/2016;1,01;V
03/03/2016;1,06;V
04/03/2016;0,92;V
05/03/2016;0,96;V
06/03/2016;1,49;V
07/03/2016;1,23;V
08/03/2016;1,01;V
09/03/2016;0,96;V
10/03/2016;0,85;V
11/03/2016;0,78;V
12/03/2016;0,73;V
13/03/2016;0,68;V
14/03/2016;0,63;V
15/03/2016;0,58;V
16/03/2016;0,57;V
17/03/2016;0,55;V
18/03/2016;0,53;V
19/03/2016;0,52;V
20/03/2016;0,50;V
21/03/2016;0,50;V
22/03/2016;0,49;V
23/03/2016;0,46;V
24/03/2016;0,41;V
25/03/2016;0,35;V
26/03/2016;0,33;V
27/03/2016;0,31;V
28/03/2016;0,33;V
29/03/2016;0,31;V
30/03/2016;0,26;V
31/03/2016;0,25;V
01/04/2016;0,23;V
02/04/2016;0,21;V
03/04/2016;0,20;V
04/04/2016;0,20;V
05/04/2016;0,18;V
06/04/2016;0,17;V
07/04/2016;0,16;V
08/04/2016;0,17;V
09/04/2016;0,16;V
10/04/2016;0,16;V
11/04/2016;0,14;V
12/04/2016;0,14;V
13/04/2016;0,13;V
14/04/2016;0,13;V
15/04/2016;0,12;V
16/04/2016;0,12;V
17/04/2016;0,11;V
18/04/2016;0,11;V
19/04/2016;0,11;V
20/04/2016;0,10;V
21/04/2016;0,10;V
22/04/2016;0,10;V
23/04/2016;0,11;V
24/04/2016;0,12;V
25/04/2016;0,14;V
26/04/2016;0,11;V
27/04/2016;0,10;V
28/04/2016;0,09;V
29/04/2016;0,09;V
30/04/2016;0,08;V
01/05/2016;0,19;V
02/05/2016;0,27;V
03/05/2016;0,27;V
04/05/2016;0,21;V
05/05/2016;0,16;V
06/05/2016;0,13;V
07/05/2016;0,12;V
08/05/2016;0,12;V
09/05/2016;0,12;V
10/05/2016;0,11;V
11/05/2016;0,10;V
12/05/2016;0,40;V
13/05/2016;0,31;V
14/05/2016;0,49;V
15/05/2016;0,36;V
16/05/2016;0,33;V
17/05/2016;0,27;V
18/05/2016;0,23;V
19/05/2016;0,22;V
20/05/2016;0,24;V
21/05/2016;0,19;V
22/05/2016;0,17;V
23/05/2016;0,17;V
24/05/2016;0,24;V
25/05/2016;0,19;V
26/05/2016;0,17;V
27/05/2016;0,16;V
28/05/2016;0,15;V
29/05/2016;0,24;V
30/05/2016;0,24;V
31/05/2016;0,18;V
01/06/2016;0,16;V
02/06/2016;0,16;V
03/06/2016;0,16;V
04/06/2016;0,15;V
05/06/2016;0,14;V
06/06/2016;0,16;V
07/06/2016;0,16;V
08/06/2016;0,12;V
09/06/2016;0,19;V
10/06/2016;0,16;V
11/06/2016;0,13;V
12/06/2016;0,24;V
13/06/2016;0,32;V
14/06/2016;0,21;V
15/06/2016;;@
16/06/2016;;@
17/06/2016;;@
18/06/2016;;@
19/06/2016;;@
20/06/2016;;@
21/06/2016;0,10;
22/06/2016;;@
23/06/2016;;@
24/06/2016;;@
25/06/2016;;@
26/06/2016;;@
27/06/2016;0,06;V
28/06/2016;;@
29/06/2016;;@
30/06/2016;;@
01/07/2016;;@
02/07/2016;;@
03/07/2016;;@
04/07/2016;0,03;V
05/07/2016;0,03;V
06/07/2016;0,03;V
07/07/2016;0,03;V
08/07/2016;0,03;V
09/07/2016;0,02;V
10/07/2016;0,02;V
11/07/2016;0,02;V
12/07/2016;0,03;V
13/07/2016;0,06;V
14/07/2016;0,06;V
15/07/2016;0,10;V
16/07/2016;0,08;V
17/07/2016;0,06;V
18/07/2016;;@
19/07/2016;;@
20/07/2016;;@
21/07/2016;;@
22/07/2016;;@
23/07/2016;0,05;V
24/07/2016;0,06;V
25/07/2016;0,07;V
26/07/2016;0,07;V
27/07/2016;0,09;V
28/07/2016;0,06;V
29/07/2016;0,06;V
30/07/2016;0,06;V
31/07/2016;0,06;V
01/08/2016;0,06;V
02/08/2016;0,07;V
03/08/2016;0,07;V
04/08/2016;0,07;V
05/08/2016;0,06;V
06/08/2016;0,08;V
07/08/2016;0,07;V
08/08/2016;0,07;V
09/08/2016;0,07;V
10/08/2016;0,06;V
11/08/2016;0,06;V
12/08/2016;0,05;V
13/08/2016;0,06;V
14/08/2016;0,06;V
15/08/2016;0,05;V
16/08/2016;0,03;V
17/08/2016;0,05;V
18/08/2016;0,05;V
19/08/2016;0,05;V
20/08/2016;0,05;V
21/08/2016;0,04;V
22/08/2016;0,04;V
23/08/2016;0,07;V
24/08/2016;0,08;V
25/08/2016;0,09;V
26/08/2016;0,09;V
27/08/2016;0,09;V
28/08/2016;0,09;V
29/08/2016;0,09;V
30/08/2016;0,08;V
31/08/2016;0,09;V
01/09/2016;0,08;V
02/09/2016;0,07;V
03/09/2016;0,07;V
04/09/2016;0,08;V
05/09/2016;0,08;V
06/09/2016;0,08;V
07/09/2016;0,06;V
08/09/2016;0,06;V
09/09/2016;0,08;V
10/09/2016;0,08;V
11/09/2016;0,09;V
12/09/2016;0,09;V
13/09/2016;0,09;V
14/09/2016;0,09;V
15/09/2016;0,09;V
16/09/2016;0,26;V
17/09/2016;0,17;V
18/09/2016;0,12;V
19/09/2016;0,12;V
20/09/2016;0,10;V
21/09/2016;0,10;V
22/09/2016;0,10;V
23/09/2016;0,10;V
24/09/2016;0,10;V
25/09/2016;0,09;V
26/09/2016;0,09;V
27/09/2016;0,09;V
28/09/2016;0,09;V
29/09/2016;0,09;V
30/09/2016;0,09;V
01/10/2016;0,09;V
02/10/2016;0,18;V
03/10/2016;0,12;V
04/10/2016;0,09;V
05/10/2016;0,05;V
06/10/2016;0,06;V
07/10/2016;0,05;V
08/10/2016;0,07;V
09/10/2016;0,08;V
10/10/2016;0,07;V
11/10/2016;0,06;V
12/10/2016;0,06;V
13/10/2016;0,06;V
14/10/2016;0,16;V
15/10/2016;;@
16/10/2016;;@
17/10/2016;;@
18/10/2016;;@
19/10/2016;0,08;
20/10/2016;0,10;V
21/10/2016;0,09;V
22/10/2016;0,08;V
23/10/2016;0,08;V
24/10/2016;0,08;V
25/10/2016;;@
26/10/2016;0,07;V
27/10/2016;0,18;V
28/10/2016;0,06;V
29/10/2016;;@
30/10/2016;0,03;V
31/10/2016;0,02;V
01/11/2016;0,02;V
02/11/2016;0,01;V
03/11/2016;0,02;V
04/11/2016;0,02;V
05/11/2016;0,21;V
06/11/2016;1,12;V
07/11/2016;0,61;V
08/11/2016;0,29;V
09/11/2016;0,20;V
10/11/2016;0,20;V
11/11/2016;0,34;V
12/11/2016;0,60;V
13/11/2016;0,36;V
14/11/2016;0,26;V
15/11/2016;0,20;V
16/11/2016;0,16;V
17/11/2016;0,14;V
18/11/2016;0,16;V
19/11/2016;1,12;V
20/11/2016;0,64;V
21/11/2016;0,45;V
22/11/2016;0,34;V
23/11/2016;0,28;V
24/11/2016;0,23;V
25/11/2016;0,23;V
26/11/2016;0,20;V
27/11/2016;0,18;V
28/11/2016;0,17;V
29/11/2016;0,15;V
30/11/2016;0,14;V
01/12/2016;;@
02/12/2016;0,13;V
03/12/2016;0,12;V
04/12/2016;0,11;V
05/12/2016;0,10;V
06/12/2016;0,10;V
07/12/2016;0,09;V
08/12/2016;0,09;V
09/12/2016;0,09;V
10/12/2016;0,08;V
11/12/2016;0,08;V
12/12/2016;0,08;V
13/12/2016;0,08;V
14/12/2016;0,08;V
15/12/2016;0,07;V
16/12/2016;0,07;V
17/12/2016;0,06;V
18/12/2016;0,06;V
19/12/2016;0,06;V
20/12/2016;0,06;V
21/12/2016;0,06;V
22/12/2016;0,06;V
23/12/2016;0,06;V
24/12/2016;0,06;V
25/12/2016;0,06;V
26/12/2016;0,06;V
27/12/2016;0,05;V
28/12/2016;;@
29/12/2016;;@
30/12/2016;0,05;V
31/12/2016;0,05;V
01/01/2017;0,05;V
02/01/2017;0,06;V
03/01/2017;0,39;V
04/01/2017;0,27;V
05/01/2017;0,19;V
06/01/2017;0,15;V
07/01/2017;0,12;V
08/01/2017;0,11;V
09/01/2017;0,11;V
10/01/2017;0,10;V
11/01/2017;0,09;V
12/01/2017;0,09;V
13/01/2017;0,18;V
14/01/2017;0,23;V
15/01/2017;0,16;V
16/01/2017;;@
17/01/2017;0,14;
18/01/2017;0,13;V
19/01/2017;0,12;V
20/01/2017;0,11;V
21/01/2017;0,11;V
22/01/2017;0,11;V
23/01/2017;0,11;V
24/01/2017;0,12;V
25/01/2017;0,12;V
26/01/2017;0,11;V
27/01/2017;0,11;V
28/01/2017;0,10;V
29/01/2017;0,10;V
30/01/2017;0,10;V
31/01/2017;0,13;V
01/02/2017;0,18;V
02/02/2017;0,19;V
03/02/2017;0,30;V
04/02/2017;0,60;V
05/02/2017;1,22;V
06/02/2017;1,54;V
07/02/2017;0,96;V
08/02/2017;0,69;V
09/02/2017;0,57;V
10/02/2017;0,50;V
11/02/2017;;@
12/02/2017;0,42;
13/02/2017;0,40;V
14/02/2017;0,38;V
15/02/2017;0,36;V
16/02/2017;0,35;V
17/02/2017;0,34;V
18/02/2017;0,34;V
19/02/2017;0,33;V
20/02/2017;0,32;V
21/02/2017;0,31;V
22/02/2017;0,31;V
23/02/2017;0,26;V
24/02/2017;0,28;V
25/02/2017;1,15;V
26/02/2017;0,56;V
27/02/2017;0,43;V
28/02/2017;0,37;V
01/03/2017;0,51;V
02/03/2017;0,45;V
03/03/2017;0,51;V
04/03/2017;0,53;V
05/03/2017;0,89;V
06/03/2017;1,38;V
07/03/2017;1,88;V
08/03/2017;0,96;V
09/03/2017;0,77;V
10/03/2017;0,67;V
11/03/2017;0,61;V
12/03/2017;0,57;V
13/03/2017;0,53;V
14/03/2017;0,51;V
15/03/2017;0,49;V
16/03/2017;0,47;V
17/03/2017;0,46;V
18/03/2017;0,45;V
19/03/2017;0,44;V
20/03/2017;0,43;V
21/03/2017;0,37;V
22/03/2017;0,25;V
23/03/2017;0,24;V
24/03/2017;0,22;V
25/03/2017;0,21;V
26/03/2017;0,21;V
27/03/2017;0,20;V
28/03/2017;0,19;V
29/03/2017;0,18;V
30/03/2017;0,18;V
31/03/2017;0,19;V
01/04/2017;0,17;V
02/04/2017;0,16;V
03/04/2017;0,16;V
04/04/2017;0,15;V
05/04/2017;0,15;V
06/04/2017;0,14;V
07/04/2017;0,14;V
08/04/2017;;@
09/04/2017;;@
10/04/2017;0,12;R
11/04/2017;0,12;V
12/04/2017;;@
13/04/2017;0,11;V
14/04/2017;0,11;V
15/04/2017;0,11;V
16/04/2017;0,15;V
17/04/2017;0,11;V
18/04/2017;0,11;V
19/04/2017;0,12;V
20/04/2017;0,10;V
21/04/2017;0,10;V
22/04/2017;;@
23/04/2017;;@
24/04/2017;;@
25/04/2017;;@
26/04/2017;0,09;V
27/04/2017;0,12;V
28/04/2017;0,33;V
29/04/2017;0,21;V
30/04/2017;0,15;V
01/05/2017;0,14;V
02/05/2017;0,14;V
03/05/2017;0,13;V
04/05/2017;0,13;V
05/05/2017;0,13;V
06/05/2017;0,13;V
07/05/2017;0,31;V
08/05/2017;0,23;V
09/05/2017;0,27;V
10/05/2017;0,23;V
11/05/2017;0,19;V
12/05/2017;0,17;V
13/05/2017;0,18;V
14/05/2017;0,29;V
15/05/2017;0,16;V
16/05/2017;0,11;V
17/05/2017;0,10;V
18/05/2017;0,09;V
19/05/2017;0,09;V
20/05/2017;0,08;V
21/05/2017;0,08;V
22/05/2017;0,08;V
23/05/2017;0,07;V
24/05/2017;0,06;V
25/05/2017;0,06;V
26/05/2017;0,06;V
27/05/2017;0,05;V
28/05/2017;0,05;V
29/05/2017;0,04;V
30/05/2017;0,04;V
31/05/2017;0,04;V
01/06/2017;0,03;V
02/06/2017;0,03;V
03/06/2017;0,03;V
04/06/2017;0,02;V
05/06/2017;0,03;V
06/06/2017;0,03;V
07/06/2017;0,03;V
08/06/2017;0,02;V
09/06/2017;0,02;V
10/06/2017;0,01;V
11/06/2017;0,01;V
12/06/2017;0,01;V
13/06/2017;0,01;V
14/06/2017;0,00;V
15/06/2017;0,00;V
16/06/2017;0,01;V
17/06/2017;0,00;V
18/06/2017;-0,01;V
19/06/2017;-0,01;V
20/06/2017;-0,01;V
21/06/2017;-0,01;V
22/06/2017;-0,01;V
23/06/2017;0,01;V
24/06/2017;0,01;V
25/06/2017;0,01;V
26/06/2017;0,01;V
27/06/2017;0,01;V
28/06/2017;0,02;V
29/06/2017;0,06;V
30/06/2017;0,02;V
01/07/2017;0,02;V
02/07/2017;0,01;V
03/07/2017;0,01;V
04/07/2017;0,00;V
05/07/2017;0,00;V
06/07/2017;0,00;V
07/07/2017;0,00;V
08/07/2017;-0,01;V
09/07/2017;-0,01;V
10/07/2017;-0,01;V
11/07/2017;-0,01;V
12/07/2017;-0,01;V
13/07/2017;-0,01;V
14/07/2017;0,02;V
15/07/2017;0,02;V
16/07/2017;0,02;V
17/07/2017;0,02;V
18/07/2017;0,02;V
19/07/2017;0,02;V
20/07/2017;0,02;V
21/07/2017;0,02;V
22/07/2017;0,02;V
23/07/2017;0,02;V
24/07/2017;0,02;V
25/07/2017;0,02;V
26/07/2017;0,02;V
27/07/2017;0,02;V
28/07/2017;0,02;V
29/07/2017;0,02;V
30/07/2017;0,02;V
31/07/2017;0,02;V
01/08/2017;0,02;V
02/08/2017;0,01;V
03/08/2017;0,01;V
04/08/2017;0,01;V
05/08/2017;0,04;V
06/08/2017;0,04;V
07/08/2017;0,05;V
08/08/2017;0,04;V
09/08/2017;0,04;V
10/08/2017;0,09;V
11/08/2017;0,07;V
12/08/2017;0,06;V
13/08/2017;0,05;V
14/08/2017;0,05;V
15/08/2017;0,05;V
16/08/2017;0,05;V
17/08/2017;0,05;V
18/08/2017;0,05;V
19/08/2017;0,05;V
20/08/2017;0,05;V
21/08/2017;0,05;V
22/08/2017;0,05;V
23/08/2017;0,05;V
24/08/2017;0,07;V
25/08/2017;0,07;V
26/08/2017;0,07;V
27/08/2017;0,07;V
28/08/2017;0,07;V
29/08/2017;0,07;V
30/08/2017;0,07;V
31/08/2017;0,07;V
01/09/2017;0,07;V
02/09/2017;0,07;V
03/09/2017;0,07;V
04/09/2017;0,07;V
05/09/2017;0,07;V
06/09/2017;0,07;V
07/09/2017;0,08;V
08/09/2017;0,10;V
09/09/2017;0,09;V
10/09/2017;0,22;V
11/09/2017;0,13;V
12/09/2017;0,05;V
13/09/2017;0,04;V
14/09/2017;0,03;V
15/09/2017;0,04;V
16/09/2017;0,09;V
17/09/2017;0,05;V
18/09/2017;0,04;V
19/09/2017;0,07;V
20/09/2017;0,03;V
21/09/2017;0,02;V
22/09/2017;0,05;V
23/09/2017;0,15;V
24/09/2017;0,12;V
25/09/2017;0,05;V
26/09/2017;0,02;V
27/09/2017;0,01;V
28/09/2017;0,01;V
29/09/2017;0,01;V
30/09/2017;0,01;V
01/10/2017;0,01;V
02/10/2017;0,03;V
03/10/2017;0,08;V
04/10/2017;0,04;V
05/10/2017;0,01;V
06/10/2017;0,01;V
07/10/2017;0,01;V
08/10/2017;0,00;V
09/10/2017;0,00;V
10/10/2017;0,01;V
11/10/2017;0,01;V
12/10/2017;0,01;V
13/10/2017;0,01;V
14/10/2017;0,01;V
15/10/2017;0,01;V
16/10/2017;0,01;V
17/10/2017;0,01;V
18/10/2017;0,01;V
19/10/2017;0,01;V
20/10/2017;0,01;V
21/10/2017;0,01;V
22/10/2017;0,01;V
23/10/2017;0,01;V
24/10/2017;0,01;V
25/10/2017;0,01;V
26/10/2017;0,01;V
27/10/2017;0,01;V
28/10/2017;0,01;V
29/10/2017;0,01;V
30/10/2017;0,01;V
31/10/2017;0,01;V
01/11/2017;0,01;V
02/11/2017;0,01;V
03/11/2017;0,01;V
04/11/2017;0,01;V
05/11/2017;0,06;V
06/11/2017;0,10;V
07/11/2017;0,26;V
08/11/2017;0,10;V
09/11/2017;0,05;V
10/11/2017;0,04;V
11/11/2017;0,03;V
12/11/2017;0,03;V
13/11/2017;0,57;V
14/11/2017;0,54;V
15/11/2017;0,25;V
16/11/2017;0,18;V
17/11/2017;0,14;V
18/11/2017;0,13;V
19/11/2017;0,12;V
20/11/2017;0,09;V
21/11/2017;0,07;V
22/11/2017;0,07;V
23/11/2017;0,07;V
24/11/2017;0,08;V
25/11/2017;0,07;V
26/11/2017;0,10;V
27/11/2017;0,10;V
28/11/2017;0,09;V
29/11/2017;0,33;V
30/11/2017;0,32;V
01/12/2017;0,23;V
02/12/2017;0,18;V
03/12/2017;0,16;V
04/12/2017;0,13;V
05/12/2017;0,11;V
06/12/2017;0,10;V
07/12/2017;0,10;V
08/12/2017;0,39;V
09/12/2017;0,90;V
10/12/2017;0,51;V
11/12/2017;1,27;V
12/12/2017;1,23;V
13/12/2017;0,78;V
14/12/2017;0,98;V
15/12/2017;0,90;V
16/12/2017;0,77;V
17/12/2017;0,65;V
18/12/2017;0,54;V
19/12/2017;0,47;V
20/12/2017;0,42;V
21/12/2017;0,39;V
22/12/2017;0,36;V
23/12/2017;0,29;V
24/12/2017;0,27;V
25/12/2017;0,26;V
26/12/2017;0,25;V
27/12/2017;0,52;V
28/12/2017;1,48;V
29/12/2017;0,89;V
30/12/2017;0,72;V
31/12/2017;0,62;V
01/01/2018;0,61;V
02/01/2018;1,06;V
03/01/2018;0,83;V
04/01/2018;0,79;V
05/01/2018;0,71;V
06/01/2018;0,67;V
07/01/2018;0,60;V
08/01/2018;0,55;V
09/01/2018;0,56;V
10/01/2018;0,55;V
11/01/2018;0,53;V
12/01/2018;0,52;V
13/01/2018;0,49;V
14/01/2018;0,47;V
15/01/2018;0,41;V
16/01/2018;0,51;V
17/01/2018;1,22;V
18/01/2018;0,68;V
19/01/2018;0,71;V
20/01/2018;0,69;V
21/01/2018;0,82;V
22/01/2018;0,71;V
23/01/2018;0,62;V
24/01/2018;0,48;V
25/01/2018;0,43;V
26/01/2018;0,41;V
27/01/2018;0,38;V
28/01/2018;0,35;V
29/01/2018;0,33;V
30/01/2018;0,29;V
31/01/2018;0,28;V
01/02/2018;0,38;V
02/02/2018;1,63;V
03/02/2018;1,67;V
04/02/2018;0,99;V
05/02/2018;0,81;V
06/02/2018;0,74;V
07/02/2018;0,78;V
08/02/2018;0,71;V
09/02/2018;0,65;V
10/02/2018;0,61;V
11/02/2018;0,57;V
12/02/2018;0,59;V
13/02/2018;0,58;V
14/02/2018;0,50;V
15/02/2018;0,41;V
16/02/2018;0,39;V
17/02/2018;0,38;V
18/02/2018;1,09;V
19/02/2018;0,80;V
20/02/2018;0,64;V
21/02/2018;0,56;V
22/02/2018;0,52;V
23/02/2018;0,52;V
24/02/2018;0,53;V
25/02/2018;0,52;V
26/02/2018;0,48;V
27/02/2018;0,44;V
28/02/2018;0,43;V
01/03/2018;0,52;V
02/03/2018;1,07;V
03/03/2018;1,74;V
04/03/2018;1,50;V
05/03/2018;1,23;V
06/03/2018;1,15;V
07/03/2018;1,50;V
08/03/2018;1,22;V
09/03/2018;1,02;V
10/03/2018;0,91;V
11/03/2018;1,31;V
12/03/2018;1,93;V
13/03/2018;1,70;V
14/03/2018;1,31;V
15/03/2018;1,10;V
16/03/2018;1,72;V
17/03/2018;1,32;V
18/03/2018;1,16;V
19/03/2018;1,43;V
20/03/2018;1,18;V
21/03/2018;1,01;V
22/03/2018;0,88;V
23/03/2018;0,80;V
24/03/2018;0,72;V
25/03/2018;0,67;V
26/03/2018;0,62;V
27/03/2018;0,59;V
28/03/2018;0,54;V
29/03/2018;0,41;V
30/03/2018;0,39;V
31/03/2018;0,40;V
01/04/2018;0,48;V
02/04/2018;0,41;V
03/04/2018;0,38;V
04/04/2018;0,47;V
05/04/2018;0,61;V
06/04/2018;0,50;V
07/04/2018;0,45;V
08/04/2018;0,41;V
09/04/2018;0,40;V
10/04/2018;0,39;V
11/04/2018;0,39;V
12/04/2018;0,41;V
13/04/2018;0,42;V
14/04/2018;0,40;V
15/04/2018;0,38;V
16/04/2018;0,39;V
17/04/2018;0,40;V
18/04/2018;0,37;V
19/04/2018;0,33;V
20/04/2018;0,30;V
21/04/2018;0,27;V
22/04/2018;0,25;V
23/04/2018;0,24;V
24/04/2018;0,23;V
25/04/2018;0,22;V
26/04/2018;0,21;V
27/04/2018;0,20;V
28/04/2018;0,19;V
29/04/2018;0,19;V
30/04/2018;0,18;V
01/05/2018;0,18;V
02/05/2018;0,31;V
03/05/2018;0,23;V
04/05/2018;0,26;V
05/05/2018;0,29;V
06/05/2018;0,24;V
07/05/2018;0,21;V
08/05/2018;0,19;V
09/05/2018;0,19;V
10/05/2018;0,20;V
11/05/2018;0,23;V
12/05/2018;0,25;V
13/05/2018;0,20;V
14/05/2018;0,28;V
15/05/2018;0,25;V
16/05/2018;0,24;V
17/05/2018;0,24;V
18/05/2018;0,23;V
19/05/2018;;@
20/05/2018;;@
21/05/2018;;@
22/05/2018;;@
23/05/2018;0,22;V
24/05/2018;0,18;V
25/05/2018;0,17;V
26/05/2018;0,15;V
27/05/2018;0,14;V
28/05/2018;0,14;V
29/05/2018;0,13;V
30/05/2018;0,11;V
31/05/2018;0,14;V
01/06/2018;0,10;V
02/06/2018;0,09;V
03/06/2018;0,09;V
04/06/2018;0,08;V
05/06/2018;0,08;V
06/06/2018;0,08;V
07/06/2018;0,07;V
08/06/2018;0,16;V
09/06/2018;0,11;V
10/06/2018;0,08;V
11/06/2018;0,07;V
12/06/2018;0,07;V
13/06/2018;0,07;V
14/06/2018;0,09;V
15/06/2018;0,07;V
16/06/2018;0,06;V
17/06/2018;0,05;V
18/06/2018;0,05;V
19/06/2018;0,04;V
20/06/2018;0,04;V
21/06/2018;0,03;V
22/06/2018;0,05;V
23/06/2018;0,05;V
24/06/2018;0,03;V
25/06/2018;0,03;V
26/06/2018;0,03;V
27/06/2018;0,03;V
28/06/2018;0,02;V
29/06/2018;0,02;V
30/06/2018;0,02;V
01/07/2018;0,01;V
02/07/2018;0,01;V
03/07/2018;0,01;V
04/07/2018;0,01;V
05/07/2018;0,01;V
06/07/2018;0,02;V
07/07/2018;0,04;V
08/07/2018;0,01;V
09/07/2018;0,01;V
10/07/2018;0,00;V
11/07/2018;0,02;V
12/07/2018;0,02;V
13/07/2018;0,02;V
14/07/2018;0,02;V
15/07/2018;0,02;V
16/07/2018;0,06;V
17/07/2018;0,14;V
18/07/2018;0,03;V
19/07/2018;0,02;V
20/07/2018;0,02;V
21/07/2018;0,02;V
22/07/2018;0,02;V
23/07/2018;0,10;V
24/07/2018;0,04;V
25/07/2018;0,02;V
26/07/2018;0,02;V
27/07/2018;0,04;V
28/07/2018;0,02;V
29/07/2018;0,02;V
30/07/2018;0,02;V
31/07/2018;0,06;V
01/08/2018;0,06;V
02/08/2018;0,06;V
03/08/2018;0,07;V
04/08/2018;0,10;V
05/08/2018;0,10;V
06/08/2018;0,10;V
07/08/2018;0,10;V
08/08/2018;0,10;V
09/08/2018;0,08;V
10/08/2018;0,10;V
11/08/2018;0,10;V
12/08/2018;0,10;V
13/08/2018;0,10;V
14/08/2018;0,10;V
15/08/2018;0,10;V
16/08/2018;0,10;V
17/08/2018;0,10;V
18/08/2018;0,10;V
19/08/2018;0,10;V
20/08/2018;0,09;V
21/08/2018;0,08;V
22/08/2018;0,09;V
23/08/2018;0,11;V
24/08/2018;0,12;V
25/08/2018;0,10;V
26/08/2018;0,11;V
27/08/2018;0,10;V
28/08/2018;0,10;V
29/08/2018;0,10;V
30/08/2018;0,10;V
31/08/2018;0,10;V
01/09/2018;0,11;V
02/09/2018;0,11;V
03/09/2018;0,11;V
04/09/2018;0,10;V
05/09/2018;0,10;V
06/09/2018;0,10;V
07/09/2018;0,10;V
08/09/2018;0,11;V
09/09/2018;0,10;V
10/09/2018;0,10;V
11/09/2018;0,10;V
12/09/2018;0,10;V
13/09/2018;0,10;V
14/09/2018;0,10;V
15/09/2018;0,10;V
16/09/2018;0,10;V
17/09/2018;0,10;V
18/09/2018;0,10;V
19/09/2018;0,10;V
20/09/2018;0,10;V
21/09/2018;0,10;V
22/09/2018;0,10;V
23/09/2018;0,10;V
24/09/2018;0,10;V
25/09/2018;0,09;V
26/09/2018;0,09;V
27/09/2018;0,10;V
28/09/2018;0,10;V
29/09/2018;0,10;V
30/09/2018;0,10;V
01/10/2018;0,10;V
02/10/2018;0,10;V
03/10/2018;0,10;V
04/10/2018;0,09;V
05/10/2018;0,08;V
06/10/2018;0,08;V
07/10/2018;0,10;V
08/10/2018;0,08;V
09/10/2018;0,05;V
10/10/2018;0,05;V
11/10/2018;0,05;V
12/10/2018;0,05;V
13/10/2018;0,05;V
14/10/2018;0,05;V
15/10/2018;0,05;V
16/10/2018;0,05;V
17/10/2018;0,07;V
18/10/2018;0,07;V
19/10/2018;0,05;V
20/10/2018;0,05;V
21/10/2018;0,05;V
22/10/2018;0,05;V
23/10/2018;0,05;V
24/10/2018;0,05;V
25/10/2018;0,05;V
26/10/2018;0,05;V
27/10/2018;0,05;V
28/10/2018;0,07;V
29/10/2018;0,21;V
30/10/2018;0,16;V
31/10/2018;0,07;V
01/11/2018;0,16;V
02/11/2018;0,11;V
03/11/2018;0,06;V
04/11/2018;0,03;V
05/11/2018;0,03;V
06/11/2018;0,02;V
07/11/2018;0,03;V
08/11/2018;0,05;V
09/11/2018;0,03;V
10/11/2018;0,01;V
11/11/2018;0,01;V
12/11/2018;0,01;V
13/11/2018;0,01;V
14/11/2018;0,00;V
15/11/2018;0,00;V
16/11/2018;0,00;V
17/11/2018;0,01;V
18/11/2018;0,01;V
19/11/2018;0,01;V
20/11/2018;0,07;V
21/11/2018;0,07;V
22/11/2018;0,06;V
23/11/2018;0,05;V
24/11/2018;0,07;V
25/11/2018;0,16;V
26/11/2018;0,20;V
27/11/2018;0,14;V
28/11/2018;0,10;V
29/11/2018;0,07;V
30/11/2018;0,06;V
01/12/2018;0,05;V
02/12/2018;0,04;V
03/12/2018;0,09;V
04/12/2018;0,15;V
05/12/2018;0,10;V
06/12/2018;0,10;V
07/12/2018;0,13;V
08/12/2018;0,31;V
09/12/2018;0,26;V
10/12/2018;0,19;V
11/12/2018;0,14;V
12/12/2018;0,11;V
13/12/2018;0,10;V
14/12/2018;0,08;V
15/12/2018;0,07;V
16/12/2018;0,06;V
17/12/2018;0,08;V
18/12/2018;0,07;V
19/12/2018;0,07;V
20/12/2018;0,18;V
21/12/2018;0,20;V
22/12/2018;0,24;V
23/12/2018;0,28;V
24/12/2018;0,21;V
25/12/2018;0,18;V
26/12/2018;0,15;V
27/12/2018;0,13;V
28/12/2018;0,12;V
29/12/2018;0,10;V
30/12/2018;0,09;V
31/12/2018;0,08;V
01/01/2019;0,08;V
02/01/2019;0,07;V
03/01/2019;0,07;V
04/01/2019;0,06;V
05/01/2019;0,06;V
06/01/2019;0,06;V
07/01/2019;0,06;V
08/01/2019;0,05;V
09/01/2019;0,05;V
10/01/2019;0,05;V
11/01/2019;0,04;V
12/01/2019;0,04;V
13/01/2019;0,04;V
14/01/2019;0,04;V
15/01/2019;0,04;V
16/01/2019;0,04;V
17/01/2019;0,04;V
18/01/2019;0,13;V
19/01/2019;0,12;V
20/01/2019;0,09;V
21/01/2019;0,07;V
22/01/2019;0,07;V
23/01/2019;0,07;V
24/01/2019;0,07;V
25/01/2019;0,06;V
26/01/2019;0,06;V
27/01/2019;0,05;V
28/01/2019;0,12;V
29/01/2019;0,14;V
30/01/2019;0,12;V
31/01/2019;0,12;V
01/02/2019;0,50;V
02/02/2019;1,77;V
03/02/2019;1,32;V
04/02/2019;0,66;V
05/02/2019;0,47;V
06/02/2019;0,36;V
07/02/2019;0,30;V
08/02/2019;0,26;V
09/02/2019;0,23;V
10/02/2019;0,21;V
11/02/2019;0,35;V
12/02/2019;0,29;V
13/02/2019;0,26;V
14/02/2019;0,27;V
15/02/2019;0,25;V
16/02/2019;0,23;V
17/02/2019;0,21;V
18/02/2019;0,20;V
19/02/2019;0,20;V
20/02/2019;0,18;V
21/02/2019;0,17;V
22/02/2019;0,15;V
23/02/2019;0,13;V
24/02/2019;0,11;V
25/02/2019;0,11;V
26/02/2019;0,11;V
27/02/2019;0,11;V
28/02/2019;0,10;V
01/03/2019;0,10;V
02/03/2019;0,10;V
03/03/2019;0,09;V
04/03/2019;0,09;V
05/03/2019;0,09;V
06/03/2019;0,08;V
07/03/2019;0,08;V
08/03/2019;0,08;V
09/03/2019;0,08;V
10/03/2019;0,07;V
11/03/2019;0,09;V
12/03/2019;0,09;V
13/03/2019;0,08;V
14/03/2019;0,08;V
15/03/2019;0,07;V
16/03/2019;0,07;V
17/03/2019;0,07;V
18/03/2019;0,07;V
19/03/2019;0,09;V
20/03/2019;0,08;V
21/03/2019;0,08;V
22/03/2019;0,07;V
23/03/2019;0,07;V
24/03/2019;0,07;V
25/03/2019;0,06;V
26/03/2019;0,08;V
27/03/2019;0,08;V
28/03/2019;0,07;V
29/03/2019;0,07;V
30/03/2019;0,07;V
31/03/2019;0,07;V
01/04/2019;0,06;V
02/04/2019;0,06;V
03/04/2019;0,06;V
04/04/2019;0,09;V
05/04/2019;0,26;V
06/04/2019;0,16;V
07/04/2019;0,13;V
08/04/2019;0,12;V
09/04/2019;0,10;V
10/04/2019;0,10;V
11/04/2019;0,12;V
12/04/2019;0,15;V
13/04/2019;0,14;V
14/04/2019;0,14;V
15/04/2019;0,17;V
16/04/2019;0,16;V
17/04/2019;0,14;V
18/04/2019;0,13;V
19/04/2019;0,11;V
20/04/2019;0,10;V
21/04/2019;0,10;V
22/04/2019;0,09;V
23/04/2019;0,16;V
24/04/2019;0,18;V
25/04/2019;0,15;V
26/04/2019;0,14;V
27/04/2019;0,13;V
28/04/2019;0,14;V
29/04/2019;0,17;V
30/04/2019;0,14;V
01/05/2019;0,13;V
02/05/2019;0,12;V
03/05/2019;0,14;V
04/05/2019;0,35;V
05/05/2019;0,40;V
06/05/2019;0,67;V
07/05/2019;0,43;V
08/05/2019;0,33;V
09/05/2019;0,58;V
10/05/2019;0,47;V
11/05/2019;0,36;V
12/05/2019;0,40;V
13/05/2019;1,17;V
14/05/2019;0,78;V
15/05/2019;0,53;V
16/05/2019;0,43;V
17/05/2019;0,36;V
18/05/2019;0,35;V
19/05/2019;0,43;V
20/05/2019;0,60;V
21/05/2019;0,55;V
22/05/2019;0,50;V
23/05/2019;0,57;V
24/05/2019;0,52;V
25/05/2019;0,46;V
26/05/2019;0,45;V
27/05/2019;0,47;V
28/05/2019;0,45;V
29/05/2019;0,59;V
30/05/2019;0,53;V
31/05/2019;0,43;V
01/06/2019;0,35;V
02/06/2019;0,30;V
03/06/2019;0,27;V
04/06/2019;0,24;V
05/06/2019;0,22;V
06/06/2019;0,20;V
07/06/2019;0,19;V
08/06/2019;0,18;V
09/06/2019;0,16;V
10/06/2019;0,15;V
11/06/2019;0,14;V
12/06/2019;0,13;V
13/06/2019;0,12;V
14/06/2019;0,11;V
15/06/2019;0,11;V
16/06/2019;0,10;V
17/06/2019;0,09;V
18/06/2019;0,09;V
19/06/2019;0,08;V
20/06/2019;0,07;V
21/06/2019;0,07;V
22/06/2019;0,07;V
23/06/2019;0,14;V
24/06/2019;0,07;V
25/06/2019;0,06;V
26/06/2019;0,05;V
27/06/2019;0,05;V
28/06/2019;0,04;V
29/06/2019;0,04;V
30/06/2019;0,03;V
01/07/2019;0,03;V
02/07/2019;0,06;V
03/07/2019;0,07;V
04/07/2019;0,07;V
05/07/2019;0,06;V
06/07/2019;0,06;V
07/07/2019;0,07;V
08/07/2019;0,07;V
09/07/2019;0,06;V
10/07/2019;0,06;V
11/07/2019;0,06;V
12/07/2019;0,06;V
13/07/2019;0,06;V
14/07/2019;0,05;V
15/07/2019;0,07;V
16/07/2019;0,07;V
17/07/2019;0,06;V
18/07/2019;0,05;V
19/07/2019;0,05;V
20/07/2019;0,05;V
21/07/2019;0,04;V
22/07/2019;0,04;V
23/07/2019;0,06;V
24/07/2019;0,06;V
25/07/2019;0,06;V
26/07/2019;0,06;V
27/07/2019;0,06;V
28/07/2019;0,10;V
29/07/2019;0,08;V
30/07/2019;0,07;V
31/07/2019;0,07;V
01/08/2019;0,10;V
02/08/2019;0,23;V
03/08/2019;0,23;V
04/08/2019;0,19;V
05/08/2019;0,18;V
06/08/2019;0,15;V
07/08/2019;0,12;V
08/08/2019;0,06;V
09/08/2019;0,06;V
10/08/2019;0,06;V
11/08/2019;0,06;V
12/08/2019;0,05;V
13/08/2019;0,05;V
14/08/2019;0,05;V
15/08/2019;0,05;V
16/08/2019;0,05;V
17/08/2019;0,05;V
18/08/2019;0,05;V
19/08/2019;0,05;V
20/08/2019;0,05;V
21/08/2019;0,05;V
22/08/2019;0,07;V
23/08/2019;0,08;V
24/08/2019;0,08;V
25/08/2019;0,06;V
26/08/2019;0,07;V
27/08/2019;0,07;V
28/08/2019;0,06;V
29/08/2019;0,06;V
30/08/2019;0,06;V
31/08/2019;0,06;V
01/09/2019;0,06;V
02/09/2019;0,10;V
03/09/2019;0,07;V
04/09/2019;0,06;V
05/09/2019;0,05;V
06/09/2019;0,06;V
07/09/2019;0,06;V
08/09/2019;0,07;V
09/09/2019;0,06;V
10/09/2019;0,03;V
11/09/2019;0,03;V
12/09/2019;0,03;V
13/09/2019;0,02;V
14/09/2019;0,01;V
15/09/2019;0,01;V
16/09/2019;0,01;V
17/09/2019;0,01;V
18/09/2019;0,01;V
19/09/2019;0,01;V
20/09/2019;0,01;V
21/09/2019;0,01;V
22/09/2019;0,03;V
23/09/2019;0,15;V
24/09/2019;0,05;V
25/09/2019;0,06;V
26/09/2019;0,06;V
27/09/2019;0,02;V
28/09/2019;0,01;V
29/09/2019;0,01;V
30/09/2019;0,01;V
01/10/2019;0,01;V
02/10/2019;0,05;V
03/10/2019;0,02;V
04/10/2019;0,02;V
05/10/2019;0,02;V
06/10/2019;0,02;V
07/10/2019;0,02;V
08/10/2019;0,01;V
09/10/2019;0,01;V
10/10/2019;0,02;V
11/10/2019;0,02;V
12/10/2019;0,02;V
13/10/2019;0,02;V
14/10/2019;0,02;V
15/10/2019;0,02;V
16/10/2019;0,06;V
17/10/2019;0,02;V
18/10/2019;0,01;V
19/10/2019;0,02;V
20/10/2019;0,02;V
21/10/2019;0,01;V
22/10/2019;0,01;V
23/10/2019;0,01;V
24/10/2019;0,02;V
25/10/2019;0,03;V
26/10/2019;0,01;V
27/10/2019;0,01;V
28/10/2019;0,01;V
29/10/2019;0,01;V
30/10/2019;0,03;V
31/10/2019;0,02;V
01/11/2019;0,01;V
02/11/2019;0,01;V
03/11/2019;0,24;V
04/11/2019;0,25;V
05/11/2019;0,42;V
06/11/2019;0,43;V
07/11/2019;0,32;V
08/11/2019;0,59;V
09/11/2019;0,77;V
10/11/2019;0,35;V
11/11/2019;0,25;V
12/11/2019;0,23;V
13/11/2019;0,64;V
14/11/2019;0,40;V
15/11/2019;0,63;V
16/11/2019;0,86;V
17/11/2019;2,93;V
18/11/2019;1,34;V
19/11/2019;1,44;V
20/11/2019;1,13;V
21/11/2019;0,93;V
22/11/2019;0,79;V
23/11/2019;0,63;V
24/11/2019;0,60;V
25/11/2019;0,57;V
26/11/2019;0,52;V
27/11/2019;0,61;V
28/11/2019;0,94;V
29/11/2019;0,91;V
30/11/2019;0,76;V
01/12/2019;0,64;V
02/12/2019;1,62;V
03/12/2019;1,39;V
04/12/2019;0,99;V
05/12/2019;0,80;V
06/12/2019;0,69;V
07/12/2019;0,62;V
08/12/2019;0,55;V
09/12/2019;0,56;V
10/12/2019;0,59;V
11/12/2019;0,52;V
12/12/2019;0,52;V
13/12/2019;1,17;V
14/12/2019;1,03;V
15/12/2019;0,77;V
16/12/2019;0,67;V
17/12/2019;0,61;V
18/12/2019;0,56;V
19/12/2019;0,52;V
20/12/2019;0,53;V
21/12/2019;1,84;V
22/12/2019;2,54;V
23/12/2019;1,55;V
24/12/2019;1,12;V
25/12/2019;0,92;V
26/12/2019;0,78;V
27/12/2019;0,68;V
28/12/2019;0,61;V
29/12/2019;0,55;V
30/12/2019;0,52;V
31/12/2019;0,47;V
01/01/2020;0,39;V
02/01/2020;0,44;V
03/01/2020;0,44;V
04/01/2020;0,43;V
05/01/2020;0,42;V
06/01/2020;0,41;V
07/01/2020;0,40;V
08/01/2020;0,35;V
09/01/2020;0,26;V
10/01/2020;0,25;V
11/01/2020;0,23;V
12/01/2020;0,23;V
13/01/2020;0,21;V
14/01/2020;0,20;V
15/01/2020;0,20;V
16/01/2020;0,19;V
17/01/2020;0,18;V
18/01/2020;0,26;V
19/01/2020;0,22;V
20/01/2020;0,19;V
21/01/2020;0,19;V
22/01/2020;0,18;V
23/01/2020;0,18;V
24/01/2020;0,17;V
25/01/2020;0,28;V
26/01/2020;0,34;V
27/01/2020;0,30;V
28/01/2020;0,30;V
29/01/2020;0,33;V
30/01/2020;0,29;V
31/01/2020;0,29;V
01/02/2020;0,50;V
02/02/2020;0,74;V
03/02/2020;0,53;V
04/02/2020;0,46;V
05/02/2020;0,38;V
06/02/2020;0,34;V
07/02/2020;0,32;V
08/02/2020;0,30;V
09/02/2020;0,28;V
10/02/2020;0,29;V
11/02/2020;0,30;V
12/02/2020;0,28;V
13/02/2020;0,26;V
14/02/2020;0,44;V
15/02/2020;0,37;V
16/02/2020;0,32;V
17/02/2020;0,30;V
18/02/2020;0,29;V
19/02/2020;0,28;V
20/02/2020;0,26;V
21/02/2020;0,25;V
22/02/2020;0,24;V
23/02/2020;0,23;V
24/02/2020;0,22;V
25/02/2020;0,22;V
26/02/2020;0,24;V
27/02/2020;0,29;V
28/02/2020;0,68;V
29/02/2020;0,46;V
01/03/2020;0,53;V
02/03/2020;1,29;V
03/03/2020;2,19;V
04/03/2020;1,54;V
05/03/2020;1,17;V
06/03/2020;1,58;V
07/03/2020;1,18;V
08/03/2020;0,96;V
09/03/2020;0,82;V
10/03/2020;0,71;V
11/03/2020;0,63;V
12/03/2020;0,58;V
13/03/2020;0,55;V
14/03/2020;0,52;V
15/03/2020;0,46;V
16/03/2020;0,36;V
17/03/2020;0,34;V
18/03/2020;0,32;V
19/03/2020;0,31;V
20/03/2020;0,30;V
21/03/2020;0,29;V
22/03/2020;0,27;V
23/03/2020;0,24;V
24/03/2020;0,21;V
25/03/2020;0,24;V
26/03/2020;0,24;V
27/03/2020;0,25;V
28/03/2020;0,29;V
29/03/2020;0,34;V
30/03/2020;0,37;V
31/03/2020;0,36;V
01/04/2020;0,29;V
02/04/2020;0,26;V
03/04/2020;0,25;V
04/04/2020;0,23;V
05/04/2020;0,22;V
06/04/2020;0,21;V
07/04/2020;0,20;V
08/04/2020;0,19;V
09/04/2020;0,18;V
10/04/2020;0,17;V
11/04/2020;0,16;V
12/04/2020;0,16;V
13/04/2020;0,15;V
14/04/2020;0,15;V
15/04/2020;0,14;V
16/04/2020;0,13;V
17/04/2020;0,13;V
18/04/2020;0,13;V
19/04/2020;0,12;V
20/04/2020;0,14;V
21/04/2020;0,17;V
22/04/2020;0,16;V
23/04/2020;0,13;V
24/04/2020;0,12;V
25/04/2020;0,12;V
26/04/2020;0,11;V
27/04/2020;0,10;V
28/04/2020;0,14;V
29/04/2020;0,24;V
30/04/2020;0,20;V
01/05/2020;0,18;V
02/05/2020;0,18;V
03/05/2020;0,16;V
04/05/2020;0,14;V
05/05/2020;0,13;V
06/05/2020;0,12;V
07/05/2020;0,11;V
08/05/2020;0,10;V
09/05/2020;0,09;V
10/05/2020;0,09;V
11/05/2020;0,09;V
12/05/2020;0,16;V
13/05/2020;0,13;R
14/05/2020;0,10;V
15/05/2020;0,12;R
16/05/2020;0,11;V
17/05/2020;0,10;V
18/05/2020;0,09;V
19/05/2020;0,10;V
20/05/2020;0,40;V
21/05/2020;0,23;V
22/05/2020;0,17;V
23/05/2020;0,13;V
24/05/2020;0,13;V
25/05/2020;0,10;V
26/05/2020;0,09;V
27/05/2020;0,08;V
28/05/2020;0,07;V
29/05/2020;0,14;V
30/05/2020;0,10;V
31/05/2020;0,08;V
01/06/2020;0,07;V
02/06/2020;0,06;V
03/06/2020;0,05;V
04/06/2020;0,05;V
05/06/2020;0,15;V
06/06/2020;0,09;V
07/06/2020;0,07;V
08/06/2020;0,13;V
09/06/2020;0,08;V
10/06/2020;0,09;V
11/06/2020;0,08;V
12/06/2020;0,06;V
13/06/2020;0,05;V
14/06/2020;0,12;V
15/06/2020;0,10;V
16/06/2020;0,15;V
17/06/2020;0,11;V
18/06/2020;0,09;V
19/06/2020;0,06;V
20/06/2020;0,05;V
21/06/2020;0,04;V
22/06/2020;0,04;V
23/06/2020;0,03;V
24/06/2020;0,02;V
25/06/2020;0,02;V
26/06/2020;0,01;V
27/06/2020;0,01;V
28/06/2020;0,00;V
29/06/2020;0,00;V
30/06/2020;0,00;V
01/07/2020;0,00;V
02/07/2020;0,01;V
03/07/2020;0,01;V
04/07/2020;0,04;V
05/07/2020;0,02;V
06/07/2020;0,01;V
07/07/2020;0,01;V
08/07/2020;0,01;V
09/07/2020;0,01;V
10/07/2020;0,01;V
11/07/2020;0,00;V
12/07/2020;0,00;V
13/07/2020;0,00;V
14/07/2020;0,00;V
15/07/2020;0,02;V
16/07/2020;0,03;V
17/07/2020;0,03;V
18/07/2020;0,02;V
19/07/2020;0,01;V
20/07/2020;0,01;V
21/07/2020;0,05;V
22/07/2020;0,05;V
23/07/2020;0,05;V
24/07/2020;0,06;V
25/07/2020;0,08;V
26/07/2020;0,06;V
27/07/2020;0,06;V
28/07/2020;0,08;V
29/07/2020;0,08;V
30/07/2020;0,08;V
31/07/2020;0,08;V
01/08/2020;0,08;V
02/08/2020;0,08;V
03/08/2020;0,07;V
04/08/2020;0,08;V
05/08/2020;0,08;V
06/08/2020;0,08;V
07/08/2020;0,05;V
08/08/2020;0,05;V
09/08/2020;0,04;V
10/08/2020;0,04;V
11/08/2020;0,07;V
12/08/2020;0,07;V
13/08/2020;0,07;V
14/08/2020;0,07;V
15/08/2020;0,07;V
16/08/2020;0,07;V
17/08/2020;0,07;V
18/08/2020;0,07;V
19/08/2020;0,07;V
20/08/2020;0,07;V
21/08/2020;0,07;V
22/08/2020;0,08;V
23/08/2020;0,08;V
24/08/2020;0,08;V
25/08/2020;0,08;V
26/08/2020;0,06;V
27/08/2020;0,06;V
28/08/2020;0,06;V
29/08/2020;0,06;V
30/08/2020;0,11;V
31/08/2020;0,11;V
01/09/2020;0,07;V
02/09/2020;0,05;V
03/09/2020;0,04;V
04/09/2020;0,04;V
05/09/2020;0,04;V
06/09/2020;0,03;V
07/09/2020;0,03;V
08/09/2020;0,03;V
09/09/2020;0,03;V
10/09/2020;0,03;V
11/09/2020;0,03;V
12/09/2020;0,03;V
13/09/2020;0,03;V
14/09/2020;0,04;V
15/09/2020;0,05;V
16/09/2020;0,06;V
17/09/2020;0,05;V
18/09/2020;0,06;V
19/09/2020;0,05;V
20/09/2020;0,06;V
21/09/2020;0,06;V
22/09/2020;0,06;V
23/09/2020;0,07;V
24/09/2020;0,06;V
25/09/2020;0,11;V
26/09/2020;0,06;V
27/09/2020;0,06;V
28/09/2020;0,07;V
29/09/2020;0,07;V
30/09/2020;0,06;V
01/10/2020;0,06;V
02/10/2020;0,06;V
03/10/2020;0,08;V
04/10/2020;0,07;V
05/10/2020;0,20;V
06/10/2020;0,08;V
07/10/2020;0,17;V
08/10/2020;0,11;V
09/10/2020;0,08;V
10/10/2020;0,07;V
11/10/2020;0,15;V
12/10/2020;0,28;V
13/10/2020;0,16;V
14/10/2020;0,07;V
15/10/2020;0,25;V
16/10/2020;0,25;V
17/10/2020;0,14;V
18/10/2020;0,09;V
19/10/2020;0,06;V
20/10/2020;0,04;V
21/10/2020;0,03;V
22/10/2020;0,03;V
23/10/2020;0,02;V
24/10/2020;0,07;V
25/10/2020;0,06;V
26/10/2020;0,04;V
27/10/2020;0,23;V
28/10/2020;0,15;V
29/10/2020;0,10;V
30/10/2020;0,07;V
31/10/2020;0,05;V
01/11/2020;0,04;V
02/11/2020;0,04;V
03/11/2020;0,03;V
04/11/2020;0,03;V
05/11/2020;0,03;V
06/11/2020;0,03;V
07/11/2020;0,02;V
08/11/2020;0,02;V
09/11/2020;0,02;V
10/11/2020;0,02;V
11/11/2020;0,02;V
12/11/2020;0,02;V
13/11/2020;0,02;V
14/11/2020;0,01;V
15/11/2020;0,01;V
16/11/2020;0,09;V
17/11/2020;0,19;V
18/11/2020;0,10;V
19/11/2020;0,07;V
20/11/2020;0,11;V
21/11/2020;0,11;V
22/11/2020;0,07;V
23/11/2020;0,06;V
24/11/2020;0,05;V
25/11/2020;0,05;V
26/11/2020;0,04;V
27/11/2020;0,04;V
28/11/2020;0,04;V
29/11/2020;0,03;V
30/11/2020;0,03;V
01/12/2020;0,03;V
02/12/2020;0,04;V
03/12/2020;0,12;V
04/12/2020;0,10;V
05/12/2020;1,02;V
06/12/2020;0,92;V
07/12/2020;0,74;V
08/12/2020;0,74;V
09/12/2020;0,86;V
10/12/2020;0,84;V
11/12/2020;0,79;V
12/12/2020;0,65;V
13/12/2020;0,55;V
14/12/2020;0,45;V
15/12/2020;0,41;V
16/12/2020;0,38;V
17/12/2020;0,37;V
18/12/2020;0,36;V
19/12/2020;0,34;V
20/12/2020;0,33;V
21/12/2020;0,29;V
22/12/2020;0,19;V
23/12/2020;0,19;V
24/12/2020;0,36;V
25/12/2020;0,45;V
26/12/2020;0,62;V
27/12/2020;0,54;V
28/12/2020;0,85;V
29/12/2020;1,22;V
30/12/2020;1,23;V
31/12/2020;0,97;V
01/01/2021;1,20;V
02/01/2021;1,33;V
03/01/2021;1,12;V
04/01/2021;0,91;V
05/01/2021;0,89;V
06/01/2021;1,03;V
07/01/2021;0,96;V
08/01/2021;0,82;V
09/01/2021;0,71;V
10/01/2021;0,63;V
11/01/2021;0,56;V
12/01/2021;0,52;V
13/01/2021;0,47;V
14/01/2021;0,41;V
15/01/2021;0,37;V
16/01/2021;0,35;V
17/01/2021;0,33;V
18/01/2021;0,30;V
19/01/2021;0,27;V
20/01/2021;0,27;V
21/01/2021;0,26;V
22/01/2021;0,35;V
23/01/2021;0,88;V
24/01/2021;1,87;V
25/01/2021;1,42;V
26/01/2021;1,10;V
27/01/2021;0,89;V
28/01/2021;0,76;V
29/01/2021;0,72;V
30/01/2021;0,70;V
31/01/2021;1,19;V
01/02/2021;0,90;V
02/02/2021;0,79;V
03/02/2021;0,71;V
04/02/2021;0,66;V
05/02/2021;0,61;V
06/02/2021;0,53;V
07/02/2021;0,74;V
08/02/2021;0,99;V
09/02/2021;1,85;V
10/02/2021;1,61;V
11/02/2021;1,23;V
12/02/2021;0,98;V
13/02/2021;0,86;V
14/02/2021;0,75;V
15/02/2021;0,67;V
16/02/2021;0,61;V
17/02/2021;0,63;V
18/02/2021;0,62;V
19/02/2021;0,56;V
20/02/2021;0,47;V
21/02/2021;0,44;V
22/02/2021;0,41;V
23/02/2021;0,39;V
24/02/2021;0,37;V
25/02/2021;0,35;V
26/02/2021;0,34;V
27/02/2021;0,29;V
28/02/2021;0,28;V
01/03/2021;0,27;V
02/03/2021;0,26;V
03/03/2021;0,25;V
04/03/2021;0,25;V
05/03/2021;0,24;V
06/03/2021;0,23;V
07/03/2021;0,23;V
08/03/2021;0,22;V
09/03/2021;0,20;V
10/03/2021;0,19;V
11/03/2021;0,18;V
12/03/2021;0,18;V
13/03/2021;0,18;V
14/03/2021;0,20;V
15/03/2021;0,20;V
16/03/2021;0,17;V
17/03/2021;0,16;V
18/03/2021;0,16;V
19/03/2021;0,16;V
20/03/2021;0,15;V
21/03/2021;0,15;V
22/03/2021;0,14;V
23/03/2021;0,12;V
24/03/2021;0,12;V
25/03/2021;0,12;V
26/03/2021;0,11;V
27/03/2021;0,11;V
28/03/2021;0,11;V
29/03/2021;0,10;V
30/03/2021;0,10;V
31/03/2021;0,11;V
01/04/2021;0,11;V
02/04/2021;0,11;V
03/04/2021;0,10;V
04/04/2021;0,10;V
05/04/2021;0,09;V
06/04/2021;0,10;V
07/04/2021;0,11;V
08/04/2021;0,09;V
09/04/2021;0,09;V
10/04/2021;0,08;V
11/04/2021;0,13;V
12/04/2021;0,35;V
13/04/2021;0,83;V
14/04/2021;0,46;V
15/04/2021;0,34;V
16/04/2021;0,28;V
17/04/2021;0,29;V
18/04/2021;0,28;V
19/04/2021;0,26;V
20/04/2021;0,25;V
21/04/2021;0,23;V
22/04/2021;0,22;V
23/04/2021;0,20;V
24/04/2021;0,18;V
25/04/2021;0,17;V
26/04/2021;0,16;V
27/04/2021;0,18;V
28/04/2021;0,18;V
29/04/2021;0,25;V
30/04/2021;0,53;V
01/05/2021;0,52;V
02/05/2021;1,06;V
03/05/2021;0,65;V
04/05/2021;0,50;V
05/05/2021;0,38;V
06/05/2021;0,34;V
07/05/2021;0,31;V
08/05/2021;0,29;V
09/05/2021;0,27;V
10/05/2021;0,25;V
11/05/2021;0,26;V
12/05/2021;0,44;V
13/05/2021;0,54;V
14/05/2021;0,50;V
15/05/2021;0,49;V
16/05/2021;0,47;V
17/05/2021;0,47;V
18/05/2021;0,34;V
19/05/2021;0,47;V
20/05/2021;0,44;V
21/05/2021;0,35;V
22/05/2021;0,31;V
23/05/2021;0,28;V
24/05/2021;0,29;V
25/05/2021;0,30;V
26/05/2021;0,26;V
27/05/2021;0,24;V
28/05/2021;0,22;V
29/05/2021;0,21;V
30/05/2021;0,20;V
31/05/2021;0,19;V
01/06/2021;0,18;V
02/06/2021;0,17;V
03/06/2021;0,16;V
04/06/2021;0,15;V
05/06/2021;0,15;V
06/06/2021;0,15;V
07/06/2021;0,16;V
08/06/2021;0,17;V
09/06/2021;0,18;V
10/06/2021;0,14;V
11/06/2021;0,12;V
12/06/2021;0,10;V
13/06/2021;0,09;V
14/06/2021;0,08;V
15/06/2021;0,07;V
16/06/2021;0,07;V
17/06/2021;0,06;V
18/06/2021;0,06;V
19/06/2021;0,05;V
20/06/2021;0,05;V
21/06/2021;0,05;V
22/06/2021;0,04;V
23/06/2021;0,04;V
24/06/2021;0,03;V
25/06/2021;0,03;V
26/06/2021;0,02;V
27/06/2021;0,02;V
28/06/2021;0,02;V
29/06/2021;0,01;V
30/06/2021;0,01;V
01/07/2021;0,00;V
02/07/2021;0,00;V
03/07/2021;0,00;V
04/07/2021;0,00;V
05/07/2021;0,01;V
06/07/2021;0,01;V
07/07/2021;0,01;V
08/07/2021;0,01;V
09/07/2021;0,02;V
10/07/2021;0,02;V
11/07/2021;0,02;V
12/07/2021;0,02;V
13/07/2021;0,08;V
14/07/2021;0,06;V
15/07/2021;0,03;V
16/07/2021;0,03;V
17/07/2021;0,03;V
18/07/2021;0,03;V
19/07/2021;0,03;V
20/07/2021;0,02;V
21/07/2021;0,02;V
22/07/2021;0,01;V
23/07/2021;0,01;V
24/07/2021;0,01;V
25/07/2021;0,01;V
26/07/2021;0,01;V
27/07/2021;0,03;V
28/07/2021;0,04;V
29/07/2021;0,03;V
30/07/2021;0,03;V
31/07/2021;0,03;V
01/08/2021;0,05;V
02/08/2021;0,04;V
03/08/2021;0,03;V
04/08/2021;0,03;V
05/08/2021;0,03;V
06/08/2021;0,04;V
07/08/2021;0,03;V
08/08/2021;0,03;V
09/08/2021;0,03;V
10/08/2021;0,05;V
11/08/2021;0,05;V
12/08/2021;0,05;V
13/08/2021;0,05;V
14/08/2021;0,07;V
15/08/2021;0,07;V
16/08/2021;0,07;V
17/08/2021;0,07;V
18/08/2021;0,07;V
19/08/2021;0,07;V
20/08/2021;0,07;V
21/08/2021;0,10;V
22/08/2021;0,10;V
23/08/2021;0,10;V
24/08/2021;0,10;V
25/08/2021;0,10;V
26/08/2021;0,10;V
27/08/2021;0,10;V
28/08/2021;0,11;V
29/08/2021;0,11;V
30/08/2021;0,09;V
31/08/2021;0,08;V
01/09/2021;0,08;V
02/09/2021;0,05;V
03/09/2021;0,05;V
04/09/2021;0,05;V
05/09/2021;0,05;V
06/09/2021;0,05;V
07/09/2021;0,05;V
08/09/2021;0,05;V
09/09/2021;0,05;V
10/09/2021;0,05;V
11/09/2021;0,05;V
12/09/2021;0,05;V
13/09/2021;0,05;V
14/09/2021;0,04;V
15/09/2021;0,05;V
16/09/2021;0,06;V
17/09/2021;0,08;V
18/09/2021;0,06;V
19/09/2021;0,08;V
20/09/2021;0,07;V
21/09/2021;0,06;V
22/09/2021;0,05;V
23/09/2021;0,05;V
24/09/2021;0,05;V
25/09/2021;0,05;V
26/09/2021;0,11;V
27/09/2021;0,10;V
28/09/2021;0,03;V
29/09/2021;0,02;V
30/09/2021;0,02;V
01/10/2021;0,02;V
02/10/2021;0,02;V
03/10/2021;0,02;V
04/10/2021;0,02;V
05/10/2021;0,07;V
06/10/2021;0,03;V
07/10/2021;0,08;V
08/10/2021;0,16;V
09/10/2021;0,07;V
10/10/2021;0,04;V
11/10/2021;0,02;V
12/10/2021;0,02;V
13/10/2021;0,02;V
14/10/2021;0,02;V
15/10/2021;0,02;V
16/10/2021;0,02;V
17/10/2021;0,02;V
18/10/2021;0,02;V
19/10/2021;0,02;V
20/10/2021;0,02;V
21/10/2021;0,02;V
22/10/2021;0,02;V
23/10/2021;0,02;V
24/10/2021;0,02;V
25/10/2021;0,02;V
26/10/2021;0,02;V
27/10/2021;0,02;V
28/10/2021;0,02;V
29/10/2021;0,02;V
30/10/2021;0,02;V
31/10/2021;0,02;V
01/11/2021;0,03;V
02/11/2021;0,09;V
03/11/2021;0,02;V
04/11/2021;0,09;V
05/11/2021;0,04;V
06/11/2021;0,02;V
07/11/2021;0,03;V
08/11/2021;0,03;V
09/11/2021;0,02;V
10/11/2021;0,02;V
11/11/2021;0,02;V
12/11/2021;0,02;V
13/11/2021;0,02;V
14/11/2021;0,05;V
15/11/2021;0,05;V
16/11/2021;0,03;V
17/11/2021;0,06;V
18/11/2021;0,04;V
19/11/2021;0,02;V
20/11/2021;0,02;V
21/11/2021;0,01;V
22/11/2021;0,03;V
23/11/2021;0,01;V
24/11/2021;0,02;V
25/11/2021;0,02;V
26/11/2021;0,04;V
27/11/2021;0,06;V
28/11/2021;0,22;V
29/11/2021;0,15;V
30/11/2021;0,09;V
01/12/2021;0,08;V
02/12/2021;0,50;V
03/12/2021;0,49;V
04/12/2021;0,23;V
05/12/2021;0,92;V
06/12/2021;0,38;V
07/12/2021;0,25;V
08/12/2021;0,38;V
09/12/2021;0,60;V
10/12/2021;0,40;V
11/12/2021;0,33;V
12/12/2021;0,26;V
13/12/2021;0,22;V
14/12/2021;0,19;V
15/12/2021;0,17;V
16/12/2021;0,15;V
17/12/2021;0,14;V
18/12/2021;0,13;V
19/12/2021;0,12;V
20/12/2021;0,11;V
21/12/2021;0,10;V
22/12/2021;0,10;V
23/12/2021;0,09;V
24/12/2021;0,15;V
25/12/2021;1,02;V
26/12/2021;1,39;V
27/12/2021;0,88;V
28/12/2021;0,76;V
29/12/2021;0,67;V
30/12/2021;0,56;V
31/12/2021;0,48;V
01/01/2022;0,42;V
02/01/2022;0,37;V
03/01/2022;0,34;V
04/01/2022;0,32;V
05/01/2022;0,37;V
06/01/2022;1,30;V
07/01/2022;0,82;V
08/01/2022;0,67;V
09/01/2022;0,59;V
10/01/2022;0,54;V
11/01/2022;0,51;V
12/01/2022;0,40;V
13/01/2022;0,41;V
14/01/2022;0,41;V
15/01/2022;0,40;V
16/01/2022;0,39;V
17/01/2022;0,38;V
18/01/2022;0,33;V
19/01/2022;0,24;V
20/01/2022;0,24;V
21/01/2022;0,23;V
22/01/2022;0,21;V
23/01/2022;0,20;V
24/01/2022;0,19;V
25/01/2022;0,19;V
26/01/2022;0,18;V
27/01/2022;0,16;V
28/01/2022;0,14;V
29/01/2022;0,13;V
30/01/2022;0,13;V
31/01/2022;0,13;V
01/02/2022;0,12;V
02/02/2022;0,11;V
03/02/2022;0,11;V
04/02/2022;0,11;V
05/02/2022;0,12;V
06/02/2022;0,11;V
07/02/2022;0,10;V
08/02/2022;0,09;V
09/02/2022;0,09;V
10/02/2022;0,09;V
11/02/2022;0,09;V
12/02/2022;0,09;V
13/02/2022;0,08;V
14/02/2022;0,09;V
15/02/2022;0,32;V
16/02/2022;0,40;V
17/02/2022;0,28;V
18/02/2022;0,23;V
19/02/2022;0,21;V
20/02/2022;0,19;V
21/02/2022;0,19;V
22/02/2022;0,20;V
23/02/2022;0,17;V
24/02/2022;0,16;V
25/02/2022;0,15;V
26/02/2022;0,23;V
27/02/2022;0,21;V
28/02/2022;0,19;V
01/03/2022;0,19;V
02/03/2022;0,18;V
03/03/2022;0,17;V
04/03/2022;0,18;V
05/03/2022;0,17;V
06/03/2022;0,16;V
07/03/2022;0,15;V
08/03/2022;0,14;V
09/03/2022;0,13;V
10/03/2022;0,13;V
11/03/2022;0,12;V
12/03/2022;0,12;V
13/03/2022;0,11;V
14/03/2022;0,11;V
15/03/2022;0,10;V
16/03/2022;0,10;V
17/03/2022;0,10;V
18/03/2022;0,09;V
19/03/2022;0,09;V
20/03/2022;0,08;V
21/03/2022;0,08;V
22/03/2022;0,08;V
23/03/2022;0,07;V
24/03/2022;0,08;V
25/03/2022;0,07;V
26/03/2022;0,07;V
27/03/2022;0,07;V
28/03/2022;0,07;V
29/03/2022;0,07;V
30/03/2022;0,08;V
31/03/2022;1,22;V
01/04/2022;0,80;V
02/04/2022;0,63;V
03/04/2022;0,50;V
04/04/2022;0,41;V
05/04/2022;0,35;V
06/04/2022;0,31;V
07/04/2022;0,30;V
08/04/2022;0,27;V
09/04/2022;0,25;V
10/04/2022;0,25;V
11/04/2022;0,23;V
12/04/2022;0,22;V
13/04/2022;0,20;V
14/04/2022;0,19;V
15/04/2022;0,18;V
16/04/2022;0,17;V
17/04/2022;0,16;V
18/04/2022;0,15;V
19/04/2022;0,14;V
20/04/2022;0,14;V
21/04/2022;0,15;V
22/04/2022;0,38;V
23/04/2022;0,33;V
24/04/2022;0,56;V
25/04/2022;0,73;V
26/04/2022;0,51;V
27/04/2022;0,42;V
28/04/2022;0,36;V
29/04/2022;0,33;V
30/04/2022;0,30;V
01/05/2022;0,29;V
02/05/2022;0,26;V
03/05/2022;0,22;V
04/05/2022;0,20;V
05/05/2022;0,19;V
06/05/2022;0,22;V
07/05/2022;0,22;V
08/05/2022;0,21;V
09/05/2022;0,20;V
10/05/2022;0,18;V
11/05/2022;0,17;V
12/05/2022;0,16;V
13/05/2022;0,15;V
14/05/2022;0,14;V
15/05/2022;0,13;V
16/05/2022;0,12;V
17/05/2022;0,12;V
18/05/2022;0,11;V
19/05/2022;0,10;V
20/05/2022;0,08;V
21/05/2022;0,08;V
22/05/2022;0,07;V
23/05/2022;0,07;V
24/05/2022;0,06;V
25/05/2022;0,06;V
26/05/2022;0,05;V
27/05/2022;0,05;V
28/05/2022;0,07;V
29/05/2022;0,06;V
30/05/2022;0,05;V
31/05/2022;0,04;V
01/06/2022;0,04;V
02/06/2022;0,04;V
03/06/2022;0,03;V
04/06/2022;0,03;V
05/06/2022;0,03;V
06/06/2022;0,02;V
07/06/2022;0,04;V
08/06/2022;0,04;V
09/06/2022;0,02;V
10/06/2022;0,02;V
11/06/2022;0,01;V
12/06/2022;0,01;V
13/06/2022;0,01;V
14/06/2022;0,01;V
15/06/2022;0,01;V
16/06/2022;0,01;V
17/06/2022;0,01;V
18/06/2022;0,01;V
19/06/2022;0,01;V
20/06/2022;0,01;V
21/06/2022;0,01;V
22/06/2022;0,01;V
23/06/2022;0,01;V
24/06/2022;0,02;V
25/06/2022;0,01;V
26/06/2022;0,01;V
27/06/2022;0,01;V
28/06/2022;0,01;V
29/06/2022;0,01;V
30/06/2022;0,01;V
01/07/2022;0,01;V
02/07/2022;0,01;V
03/07/2022;0,02;V
04/07/2022;0,02;V
05/07/2022;0,02;V
06/07/2022;0,02;V
07/07/2022;0,02;V
08/07/2022;0,03;V
09/07/2022;0,01;V
10/07/2022;0,01;V
11/07/2022;0,03;V
12/07/2022;0,03;V
13/07/2022;0,03;V
14/07/2022;0,03;V
15/07/2022;0,04;V
16/07/2022;0,04;V
17/07/2022;0,04;V
18/07/2022;0,04;V
19/07/2022;0,04;V
20/07/2022;0,04;V
21/07/2022;0,07;V
22/07/2022;0,04;V
23/07/2022;0,03;V
24/07/2022;0,03;V
25/07/2022;0,03;V
26/07/2022;0,04;V
27/07/2022;0,04;V
28/07/2022;0,05;V
29/07/2022;0,06;V
30/07/2022;0,05;V
31/07/2022;0,05;V
01/08/2022;0,05;V
02/08/2022;0,05;V
03/08/2022;0,04;V
04/08/2022;0,05;V
05/08/2022;0,05;V
06/08/2022;0,05;V
07/08/2022;0,05;V
08/08/2022;0,05;V
09/08/2022;0,05;V
10/08/2022;0,04;V
11/08/2022;0,04;V
12/08/2022;0,04;V
13/08/2022;0,05;V
14/08/2022;0,03;V
15/08/2022;0,03;V
16/08/2022;0,02;V
17/08/2022;0,01;V
18/08/2022;0,02;V
19/08/2022;0,06;V
20/08/2022;0,01;V
21/08/2022;0,01;V
22/08/2022;0,02;V
23/08/2022;0,02;V
24/08/2022;0,02;V
25/08/2022;0,02;V
26/08/2022;0,02;V
27/08/2022;0,02;V
28/08/2022;0,02;V
29/08/2022;0,01;V
30/08/2022;0,01;V
31/08/2022;0,01;V
01/09/2022;0,02;V
02/09/2022;0,02;V
03/09/2022;0,03;V
04/09/2022;0,02;V
05/09/2022;0,02;V
06/09/2022;0,02;V
07/09/2022;0,03;V
08/09/2022;0,03;V
09/09/2022;0,03;V
10/09/2022;0,03;V
11/09/2022;0,03;V
12/09/2022;0,03;V
13/09/2022;0,03;V
14/09/2022;0,01;V
15/09/2022;0,09;V
16/09/2022;0,03;V
17/09/2022;0,06;V
18/09/2022;0,02;V
19/09/2022;0,01;V
20/09/2022;0,01;V
21/09/2022;0,02;V
22/09/2022;0,03;V
23/09/2022;0,03;V
24/09/2022;0,05;V
25/09/2022;0,12;V
26/09/2022;0,01;V
27/09/2022;0,01;V
28/09/2022;0,01;V
29/09/2022;0,10;V
30/09/2022;0,32;V
01/10/2022;0,19;V
02/10/2022;0,06;V
03/10/2022;0,03;V
04/10/2022;0,01;V
05/10/2022;0,01;V
06/10/2022;0,01;V
07/10/2022;0,01;V
08/10/2022;0,01;V
09/10/2022;0,01;V
10/10/2022;0,01;V
11/10/2022;0,00;V
12/10/2022;0,01;V
13/10/2022;0,02;V
14/10/2022;0,02;V
15/10/2022;0,02;V
16/10/2022;0,02;V
17/10/2022;0,01;V
18/10/2022;0,03;V
19/10/2022;0,01;V
20/10/2022;0,01;V
21/10/2022;0,01;V
22/10/2022;0,01;V
23/10/2022;0,01;V
24/10/2022;0,01;V
25/10/2022;0,01;V
26/10/2022;0,01;V
27/10/2022;0,01;V
28/10/2022;0,01;V
29/10/2022;0,01;V
30/10/2022;0,01;V
31/10/2022;0,01;V
01/11/2022;0,01;V
02/11/2022;0,01;V
03/11/2022;0,01;V
04/11/2022;0,05;V
05/11/2022;0,02;V
06/11/2022;0,01;V
07/11/2022;0,01;V
08/11/2022;0,01;V
09/11/2022;0,01;V
10/11/2022;0,01;V
11/11/2022;0,01;V
12/11/2022;0,01;V
13/11/2022;0,01;V
14/11/2022;0,01;V
15/11/2022;0,01;V
16/11/2022;0,04;V
17/11/2022;0,03;V
18/11/2022;0,04;V
19/11/2022;0,04;V
20/11/2022;0,07;V
21/11/2022;0,04;V
22/11/2022;0,50;V
23/11/2022;0,38;V
24/11/2022;0,16;V
25/11/2022;0,10;V
26/11/2022;0,07;V
27/11/2022;0,05;V
28/11/2022;0,04;V
29/11/2022;0,04;V
30/11/2022;0,03;V
01/12/2022;0,02;V
02/12/2022;0,02;V
03/12/2022;0,03;V
04/12/2022;0,04;V
05/12/2022;0,59;V
06/12/2022;0,59;V
07/12/2022;0,38;V
08/12/2022;0,27;V
09/12/2022;0,77;V
10/12/2022;0,99;V
11/12/2022;0,67;V
12/12/2022;0,50;V
13/12/2022;0,35;V
14/12/2022;0,28;V
15/12/2022;0,45;V
16/12/2022;1,74;V
17/12/2022;1,09;V
18/12/2022;0,73;V
19/12/2022;0,57;V
20/12/2022;0,50;V
21/12/2022;0,48;V
22/12/2022;0,43;V
23/12/2022;0,40;V
24/12/2022;0,38;V
25/12/2022;0,36;V
26/12/2022;0,33;V
27/12/2022;0,30;V
28/12/2022;0,28;V
29/12/2022;0,26;V
30/12/2022;0,25;V
31/12/2022;0,31;V
01/01/2023;0,30;V
02/01/2023;0,28;V
03/01/2023;0,26;V
04/01/2023;0,24;V
05/01/2023;0,24;V
06/01/2023;0,22;V
07/01/2023;0,22;V
08/01/2023;0,22;V
09/01/2023;1,37;V
10/01/2023;0,83;V
11/01/2023;0,63;V
12/01/2023;0,53;V
13/01/2023;0,45;V
14/01/2023;0,40;V
15/01/2023;0,36;V
16/01/2023;0,39;V
17/01/2023;1,09;V
18/01/2023;1,53;V
19/01/2023;1,18;V
20/01/2023;0,93;V
21/01/2023;0,77;V
22/01/2023;0,72;V
23/01/2023;0,77;V
24/01/2023;0,73;V
25/01/2023;0,73;V
26/01/2023;0,68;V
27/01/2023;0,59;V
28/01/2023;0,51;V
29/01/2023;0,46;V
30/01/2023;0,42;V
31/01/2023;0,39;V
01/02/2023;0,37;V
02/02/2023;0,37;V
03/02/2023;0,37;V
04/02/2023;0,37;V
05/02/2023;0,36;V
06/02/2023;0,32;V
07/02/2023;0,27;V
08/02/2023;0,24;V
09/02/2023;0,22;V
10/02/2023;0,20;V
11/02/2023;0,19;V
12/02/2023;0,19;V
13/02/2023;0,18;V
14/02/2023;0,17;V
15/02/2023;0,17;V
16/02/2023;0,17;V
17/02/2023;0,16;V
18/02/2023;0,16;V
19/02/2023;0,17;V
20/02/2023;0,17;V
21/02/2023;0,16;V
22/02/2023;0,16;V
23/02/2023;0,16;V
24/02/2023;0,15;V
25/02/2023;0,15;V
26/02/2023;0,50;V
27/02/2023;0,46;V
28/02/2023;0,34;V
01/03/2023;0,32;V
02/03/2023;0,33;V
03/03/2023;0,36;V
04/03/2023;0,37;V
05/03/2023;0,34;V
06/03/2023;0,33;V
07/03/2023;0,34;V
08/03/2023;0,32;V
09/03/2023;0,31;V
10/03/2023;0,35;V
11/03/2023;0,37;V
12/03/2023;0,32;V
13/03/2023;0,29;V
14/03/2023;0,30;V
15/03/2023;0,31;V
16/03/2023;0,28;V
17/03/2023;0,26;V
18/03/2023;0,25;V
19/03/2023;0,24;V
20/03/2023;0,60;V
21/03/2023;0,54;V
22/03/2023;0,47;V
23/03/2023;0,42;V
24/03/2023;0,38;V
25/03/2023;0,36;V
26/03/2023;0,34;V
27/03/2023;0,36;V
28/03/2023;0,41;V
29/03/2023;0,38;V
30/03/2023;0,28;V
31/03/2023;0,27;V
01/04/2023;0,38;V
02/04/2023;0,28;V
03/04/2023;0,24;V
04/04/2023;0,22;V
05/04/2023;0,21;V
06/04/2023;0,19;V
07/04/2023;0,19;V
08/04/2023;0,22;V
09/04/2023;0,19;V
10/04/2023;0,18;V
11/04/2023;0,18;V
12/04/2023;0,17;V
13/04/2023;0,17;V
14/04/2023;0,18;V
15/04/2023;0,22;V
16/04/2023;0,22;V
17/04/2023;0,18;V
18/04/2023;0,17;V
19/04/2023;0,16;V
20/04/2023;0,14;V
21/04/2023;0,16;V
22/04/2023;0,15;V
23/04/2023;0,13;V
24/04/2023;0,12;V
25/04/2023;0,13;V
26/04/2023;0,14;V
27/04/2023;0,11;V
28/04/2023;0,10;V
29/04/2023;0,08;V
30/04/2023;0,07;V
01/05/2023;0,10;V
02/05/2023;0,26;V
03/05/2023;0,44;V
04/05/2023;0,29;V
05/05/2023;0,21;V
06/05/2023;0,18;V
07/05/2023;0,15;V
08/05/2023;0,13;V
09/05/2023;0,11;V
10/05/2023;0,20;V
11/05/2023;0,24;V
12/05/2023;0,33;V
13/05/2023;0,35;V
14/05/2023;0,33;V
15/05/2023;0,33;V
16/05/2023;1,09;V
17/05/2023;1,37;V
18/05/2023;0,84;V
19/05/2023;0,64;V
20/05/2023;0,61;V
21/05/2023;0,54;V
22/05/2023;0,46;V
23/05/2023;0,39;V
24/05/2023;0,35;V
25/05/2023;0,33;V
26/05/2023;0,28;V
27/05/2023;0,23;V
28/05/2023;0,21;V
29/05/2023;0,19;V
30/05/2023;0,18;V
31/05/2023;0,17;V
01/06/2023;0,17;V
02/06/2023;0,23;V
03/06/2023;0,21;V
04/06/2023;0,19;V
05/06/2023;0,25;V
06/06/2023;0,35;V
07/06/2023;0,27;V
08/06/2023;0,22;V
09/06/2023;0,20;V
10/06/2023;0,21;V
11/06/2023;0,20;V
12/06/2023;0,14;V
13/06/2023;0,35;V
14/06/2023;0,31;V
15/06/2023;0,21;V
16/06/2023;0,17;V
17/06/2023;0,18;V
18/06/2023;0,14;V
19/06/2023;0,12;V
20/06/2023;0,10;V
21/06/2023;0,09;V
22/06/2023;0,08;V
23/06/2023;0,08;V
24/06/2023;0,07;V
25/06/2023;0,06;V
26/06/2023;0,06;V
27/06/2023;0,05;V
28/06/2023;0,05;V
29/06/2023;0,04;V
30/06/2023;0,05;V
01/07/2023;0,06;V
02/07/2023;0,04;V
03/07/2023;0,03;V
04/07/2023;0,03;V
05/07/2023;0,02;V
06/07/2023;0,02;V
07/07/2023;0,02;V
08/07/2023;0,01;V
09/07/2023;0,01;V
10/07/2023;0,01;V
11/07/2023;0,00;V
12/07/2023;0,02;V
13/07/2023;0,04;V
14/07/2023;0,04;V
15/07/2023;0,04;V
16/07/2023;0,03;V
17/07/2023;0,03;V
18/07/2023;0,03;V
19/07/2023;0,03;V
20/07/2023;0,03;V
21/07/2023;0,03;V
22/07/2023;0,02;V
23/07/2023;0,02;V
24/07/2023;0,03;V
25/07/2023;0,06;V
26/07/2023;0,05;V
27/07/2023;0,05;V
28/07/2023;0,04;V
29/07/2023;0,04;V
30/07/2023;0,04;V
31/07/2023;0,04;V
01/08/2023;0,04;V
02/08/2023;0,04;V
03/08/2023;0,04;V
04/08/2023;0,04;V
05/08/2023;0,06;V
06/08/2023;0,05;V
07/08/2023;0,04;V
08/08/2023;0,04;V
09/08/2023;0,03;V
10/08/2023;0,04;V
11/08/2023;0,05;V
12/08/2023;0,05;V
13/08/2023;0,05;V
14/08/2023;0,05;V
15/08/2023;0,05;V
16/08/2023;0,05;V
17/08/2023;0,05;V
18/08/2023;0,05;V
19/08/2023;0,04;V
20/08/2023;0,05;V
21/08/2023;0,05;V
22/08/2023;0,05;V
23/08/2023;0,04;V
24/08/2023;0,05;V
25/08/2023;0,05;V
26/08/2023;0,05;V
27/08/2023;0,05;V
28/08/2023;0,06;V
29/08/2023;0,06;V
30/08/2023;0,06;V
31/08/2023;0,06;V
01/09/2023;0,05;V
02/09/2023;0,05;V
03/09/2023;0,05;V
04/09/2023;0,05;V
05/09/2023;0,05;V
06/09/2023;0,03;V
07/09/2023;0,05;V
08/09/2023;0,09;V
09/09/2023;0,07;V
10/09/2023;0,07;V
11/09/2023;0,07;V
12/09/2023;0,07;V
13/09/2023;0,07;V
14/09/2023;0,07;V
15/09/2023;0,09;V
16/09/2023;0,07;V
17/09/2023;0,07;V
18/09/2023;0,07;V
19/09/2023;0,07;V
20/09/2023;0,07;V
21/09/2023;0,07;V
22/09/2023;0,07;V
23/09/2023;0,08;V
24/09/2023;0,07;V
25/09/2023;0,07;V
26/09/2023;0,07;V
27/09/2023;0,07;V
28/09/2023;0,07;V
29/09/2023;0,07;V
30/09/2023;0,07;V
01/10/2023;0,06;V
02/10/2023;0,06;V
03/10/2023;0,06;V
04/10/2023;0,06;V
05/10/2023;0,06;V
06/10/2023;0,07;V
07/10/2023;0,07;V
08/10/2023;0,07;V
09/10/2023;0,07;V
10/10/2023;0,05;V
11/10/2023;0,06;V
12/10/2023;0,09;V
13/10/2023;0,06;V
14/10/2023;0,05;V
15/10/2023;0,07;V
16/10/2023;0,05;V
17/10/2023;0,06;V
18/10/2023;0,09;V
19/10/2023;0,10;V
20/10/2023;0,07;V
21/10/2023;0,09;V
22/10/2023;0,03;V
23/10/2023;0,01;V
24/10/2023;0,06;V
25/10/2023;0,09;V
26/10/2023;0,04;V
27/10/2023;0,02;V
28/10/2023;0,01;V
29/10/2023;0,00;V
30/10/2023;0,01;V
31/10/2023;0,18;V
01/11/2023;0,04;V
02/11/2023;0,29;V
03/11/2023;1,80;V
04/11/2023;0,61;V
05/11/2023;1,36;V
06/11/2023;0,69;V
07/11/2023;0,62;V
08/11/2023;0,51;V
09/11/2023;0,46;V
10/11/2023;0,79;V
11/11/2023;1,13;V
12/11/2023;0,67;V
13/11/2023;0,55;V
14/11/2023;0,49;V
15/11/2023;0,48;V
16/11/2023;0,48;V
17/11/2023;0,45;V
18/11/2023;0,42;V
19/11/2023;0,38;V
20/11/2023;0,36;V
21/11/2023;0,35;V
22/11/2023;0,41;V
23/11/2023;0,39;V
24/11/2023;0,36;V
25/11/2023;0,26;V
26/11/2023;0,20;V
27/11/2023;0,19;V
28/11/2023;0,21;V
29/11/2023;0,18;V
30/11/2023;0,45;V
01/12/2023;0,84;V
02/12/2023;1,16;V
03/12/2023;0,89;V
04/12/2023;0,69;V
05/12/2023;1,18;V
06/12/2023;0,96;V
07/12/2023;0,80;V
08/12/2023;0,64;V
09/12/2023;0,56;V
10/12/2023;0,55;V
11/12/2023;0,53;V
12/12/2023;0,78;V
13/12/2023;0,98;V
14/12/2023;0,98;V
15/12/2023;0,78;V
16/12/2023;0,66;V
17/12/2023;0,58;V
18/12/2023;0,51;V
19/12/2023;0,47;V
20/12/2023;0,43;V
21/12/2023;0,40;V
22/12/2023;0,38;V
23/12/2023;0,40;V
24/12/2023;0,38;V
25/12/2023;0,37;V
26/12/2023;0,36;V
27/12/2023;0,35;V
28/12/2023;0,34;V
29/12/2023;0,31;V
30/12/2023;0,28;V
31/12/2023;0,30;V
01/01/2024;0,33;P
02/01/2024;0,32;P
03/01/2024;0,36;P
04/01/2024;0,35;P
05/01/2024;0,34;P
06/01/2024;0,98;P
07/01/2024;0,97;P
08/01/2024;0,80;P
09/01/2024;0,65;P
10/01/2024;0,58;P
11/01/2024;0,54;P
12/01/2024;0,50;P
13/01/2024;0,48;P
14/01/2024;0,47;P
15/01/2024;0,46;P
16/01/2024;0,44;P
17/01/2024;0,48;P
18/01/2024;0,64;P
19/01/2024;0,55;P
20/01/2024;0,50;P
21/01/2024;0,47;P
22/01/2024;0,45;P
23/01/2024;0,44;P
24/01/2024;0,39;P
25/01/2024;0,37;P
26/01/2024;0,34;P
27/01/2024;0,32;P
28/01/2024;0,28;P
29/01/2024;0,26;P
30/01/2024;0,23;P
31/01/2024;0,22;P
01/02/2024;0,20;P
02/02/2024;0,17;P
03/02/2024;0,16;P
04/02/2024;0,16;P
05/02/2024;0,15;P
06/02/2024;0,14;P
07/02/2024;0,14;P
08/02/2024;0,14;P
09/02/2024;0,14;P
10/02/2024;0,25;P
11/02/2024;0,94;P
12/02/2024;0,67;P
13/02/2024;0,55;P
14/02/2024;0,46;P
15/02/2024;0,39;P
16/02/2024;0,34;P
17/02/2024;0,32;P
18/02/2024;0,30;P
19/02/2024;0,28;P
20/02/2024;0,26;P
21/02/2024;0,21;P
22/02/2024;0,20;P
23/02/2024;0,24;P
24/02/2024;0,41;P
25/02/2024;0,46;P
26/02/2024;0,46;P
27/02/2024;1,48;P
28/02/2024;1,56;P
29/02/2024;1,23;P
01/03/2024;1,20;P
02/03/2024;1,29;P
03/03/2024;1,05;P
04/03/2024;0,92;P
05/03/2024;0,78;P
06/03/2024;0,70;P
07/03/2024;0,64;P
08/03/2024;0,60;P
09/03/2024;0,68;P
10/03/2024;0,92;P
11/03/2024;0,97;P
12/03/2024;0,82;P
13/03/2024;0,72;P
14/03/2024;0,65;P
15/03/2024;0,60;P
16/03/2024;0,58;P
17/03/2024;0,55;P
18/03/2024;0,51;P
19/03/2024;0,44;P
20/03/2024;0,38;P
21/03/2024;0,36;P
22/03/2024;0,36;P
23/03/2024;0,33;P
24/03/2024;0,33;P
25/03/2024;0,32;P
26/03/2024;0,37;P
27/03/2024;0,78;P
28/03/2024;1,06;P
29/03/2024;0,90;P
30/03/2024;0,75;P
31/03/2024;0,67;P
01/04/2024;0,70;P
02/04/2024;0,68;P
03/04/2024;0,60;P
04/04/2024;0,53;P
05/04/2024;0,46;P
06/04/2024;0,43;P
07/04/2024;0,40;P
08/04/2024;0,37;P
09/04/2024;0,31;P
10/04/2024;0,30;P
11/04/2024;0,28;P
12/04/2024;0,25;P
13/04/2024;0,24;P
14/04/2024;0,22;P
15/04/2024;0,21;P
16/04/2024;0,20;P
17/04/2024;0,19;P
18/04/2024;0,20;P
19/04/2024;0,20;P
20/04/2024;0,19;P
21/04/2024;0,21;P
22/04/2024;0,24;P
23/04/2024;0,45;P
24/04/2024;0,41;P
25/04/2024;0,32;P
26/04/2024;0,28;P
27/04/2024;0,25;P
28/04/2024;0,23;P
29/04/2024;0,21;P
30/04/2024;0,19;P
01/05/2024;0,26;P
02/05/2024;0,53;P
03/05/2024;0,63;P
04/05/2024;0,52;P
05/05/2024;0,46;P
06/05/2024;0,38;P
07/05/2024;0,34;P
08/05/2024;0,36;P
09/05/2024;0,29;P
10/05/2024;0,26;P
11/05/2024;0,24;P
12/05/2024;0,23;P
13/05/2024;0,22;P
14/05/2024;0,21;P
15/05/2024;0,19;P
16/05/2024;0,17;P
17/05/2024;0,17;P
18/05/2024;0,14;P
19/05/2024;0,12;P
20/05/2024;0,19;P
21/05/2024;0,38;P
22/05/2024;0,31;P
23/05/2024;0,24;P
24/05/2024;0,17;P
25/05/2024;0,15;P
26/05/2024;0,13;P
27/05/2024;0,11;P
28/05/2024;0,11;P
29/05/2024;0,10;P
30/05/2024;0,12;P
31/05/2024;0,20;P
01/06/2024;0,13;P
02/06/2024;0,11;P
03/06/2024;0,11;P
04/06/2024;0,10;P
05/06/2024;0,09;P
06/06/2024;0,08;P
07/06/2024;0,07;P
08/06/2024;0,07;P
09/06/2024;0,06;P
10/06/2024;0,09;P
11/06/2024;0,06;P
12/06/2024;0,05;P
13/06/2024;0,05;P
14/06/2024;0,05;P
15/06/2024;0,04;P
16/06/2024;0,03;P
17/06/2024;0,03;P
18/06/2024;0,03;P
19/06/2024;0,02;P
20/06/2024;0,02;P
21/06/2024;0,04;P
22/06/2024;0,04;P
23/06/2024;0,04;P
24/06/2024;0,47;P
25/06/2024;0,61;P
26/06/2024;0,31;P
27/06/2024;0,24;P
28/06/2024;0,17;P
29/06/2024;0,10;P
30/06/2024;0,09;P
01/07/2024;0,07;P
02/07/2024;0,06;P
03/07/2024;0,05;P
04/07/2024;0,06;P
05/07/2024;0,05;P
06/07/2024;0,07;P
07/07/2024;0,07;P
08/07/2024;0,07;P
09/07/2024;0,08;P
10/07/2024;0,08;P
11/07/2024;0,07;P
12/07/2024;0,08;P
13/07/2024;0,10;P
14/07/2024;0,10;P
15/07/2024;0,10;P
16/07/2024;0,09;P
17/07/2024;0,09;P
18/07/2024;0,09;P
19/07/2024;0,09;P
20/07/2024;0,09;P
21/07/2024;0,09;P
22/07/2024;0,10;P
23/07/2024;0,10;P
24/07/2024;0,10;P
25/07/2024;0,10;P
26/07/2024;0,08;P
27/07/2024;0,09;P
28/07/2024;0,11;P
29/07/2024;0,11;P
30/07/2024;0,11;P
31/07/2024;0,11;P
01/08/2024;0,11;P
02/08/2024;0,11;P
03/08/2024;0,11;P
04/08/2024;0,11;P
05/08/2024;0,11;P
06/08/2024;0,10;P
07/08/2024;0,10;P
08/08/2024;0,10;P
09/08/2024;0,11;P
10/08/2024;0,12;P
11/08/2024;0,12;P
12/08/2024;0,12;P
13/08/2024;;@
14/08/2024;;@
15/08/2024;;@
16/08/2024;;@
17/08/2024;;@
18/08/2024;;@
19/08/2024;;@
20/08/2024;0,08;P
21/08/2024;0,08;P
22/08/2024;0,10;P
23/08/2024;0,10;P
24/08/2024;0,10;P
25/08/2024;0,09;P
26/08/2024;0,09;P
27/08/2024;0,09;P
28/08/2024;0,09;P
29/08/2024;0,09;P
30/08/2024;0,06;P
31/08/2024;0,07;P
01/09/2024;0,07;P
02/09/2024;0,07;P
03/09/2024;0,07;P
04/09/2024;0,07;P
05/09/2024;0,08;P
06/09/2024;0,04;P
07/09/2024;0,03;P
08/09/2024;0,10;P
09/09/2024;0,19;P
10/09/2024;0,00;P
11/09/2024;0,03;P
12/09/2024;0,07;P
13/09/2024;0,06;P
14/09/2024;-0,01;P
15/09/2024;0,00;P
16/09/2024;0,01;P
17/09/2024;0,01;P
18/09/2024;0,08;P
19/09/2024;0,17;P
20/09/2024;0,04;P
21/09/2024;0,01;P
22/09/2024;0,00;P
23/09/2024;0,00;P
24/09/2024;0,02;P
25/09/2024;-0,01;P
26/09/2024;0,02;P
27/09/2024;0,03;P
28/09/2024;0,03;P
29/09/2024;0,03;P
30/09/2024;0,07;P
01/10/2024;0,08;P
02/10/2024;0,09;P
03/10/2024;0,57;P
04/10/2024;0,38;P
05/10/2024;0,14;P
06/10/2024;0,08;P
07/10/2024;0,06;P
08/10/2024;0,19;P
09/10/2024;0,45;P
10/10/2024;0,31;P
11/10/2024;0,30;P
12/10/2024;0,19;P
13/10/2024;0,14;P
14/10/2024;0,10;P
15/10/2024;0,08;P
16/10/2024;0,07;P
17/10/2024;0,08;P
18/10/2024;1,12;P
19/10/2024;0,58;P
20/10/2024;0,59;P
21/10/2024;0,50;P
22/10/2024;0,44;P
23/10/2024;0,46;P
24/10/2024;0,53;P
25/10/2024;;@
27/10/2024;;@
28/10/2024;0,49;P
29/10/2024;0,47;P
30/10/2024;0,42;P
31/10/2024;0,38;P
01/11/2024;0,35;P
02/11/2024;0,31;P
03/11/2024;0,26;P
04/11/2024;0,20;P
05/11/2024;0,18;P
06/11/2024;0,15;P
07/11/2024;0,10;P
08/11/2024;0,10;P
09/11/2024;0,09;P
10/11/2024;0,09;P
11/11/2024;0,08;P
12/11/2024;0,08;P
13/11/2024;0,06;P
14/11/2024;0,06;P
15/11/2024;0,05;P
16/11/2024;0,05;P
17/11/2024;0,05;P
18/11/2024;0,06;P
19/11/2024;0,05;P
20/11/2024;0,46;P
21/11/2024;0,55;P
22/11/2024;1,75;P
23/11/2024;0,92;P
24/11/2024;0,70;P
25/11/2024;0,58;P
26/11/2024;;@
27/11/2024;;@
28/11/2024;;@
29/11/2024;;@
30/11/2024;0,38;P
01/12/2024;0,35;P
02/12/2024;0,31;P
03/12/2024;0,22;P
04/12/2024;0,16;P
05/12/2024;0,15;P
06/12/2024;0,15;P
07/12/2024;0,14;P
08/12/2024;0,57;P
09/12/2024;0,67;P
10/12/2024;0,66;P
11/12/2024;0,56;P
12/12/2024;0,46;P
13/12/2024;0,38;P
14/12/2024;0,48;P
15/12/2024;0,41;P
16/12/2024;0,36;P
17/12/2024;0,34;P
18/12/2024;0,32;P
19/12/2024;0,32;P
20/12/2024;0,67;P
21/12/2024;0,71;P
22/12/2024;0,60;P
23/12/2024;0,61;P
24/12/2024;0,50;P
25/12/2024;0,41;P
26/12/2024;0,37;P
27/12/2024;0,34;P
28/12/2024;0,32;P
29/12/2024;0,28;P
30/12/2024;0,27;P
31/12/2024;0,25;P
01/01/2025;0,21;P
02/01/2025;0,21;P
03/01/2025;0,61;P
04/01/2025;0,67;P
05/01/2025;0,59;P
06/01/2025;0,60;P
07/01/2025;0,54;P
08/01/2025;0,54;P
09/01/2025;0,58;P
10/01/2025;0,60;P
11/01/2025;0,58;P
12/01/2025;0,54;P
13/01/2025;0,50;P
15/01/2025;;@
16/01/2025;0,35;P
17/01/2025;0,30;P
18/01/2025;0,28;P
19/01/2025;0,27;P
20/01/2025;0,26;P
21/01/2025;0,27;P
22/01/2025;0,26;P
23/01/2025;0,44;P
24/01/2025;0,60;P
25/01/2025;0,52;P
26/01/2025;0,56;P
27/01/2025;0,56;P
28/01/2025;1,71;P
29/01/2025;1,27;P
30/01/2025;0,88;P
31/01/2025;0,80;P
01/02/2025;1,72;P
02/02/2025;1,13;P
03/02/2025;0,96;P
04/02/2025;0,88;P
05/02/2025;0,74;P
06/02/2025;0,64;P
07/02/2025;0,58;P
08/02/2025;0,53;P
09/02/2025;0,63;P
10/02/2025;0,56;P
11/02/2025;0,53;P
12/02/2025;0,57;P
13/02/2025;0,64;P
14/02/2025;2,03;P
15/02/2025;1,27;P
16/02/2025;;@
17/02/2025;0,82;P
18/02/2025;0,72;P
19/02/2025;0,65;P
20/02/2025;0,61;P
21/02/2025;0,58;P
22/02/2025;0,55;P
23/02/2025;0,53;P
24/02/2025;0,52;P
25/02/2025;0,62;P
26/02/2025;0,80;P
27/02/2025;0,86;P
28/02/2025;0,75;P
01/03/2025;0,68;P
02/03/2025;0,64;P
03/03/2025;0,58;P
04/03/2025;;@
05/03/2025;0,45;P
06/03/2025;0,40;P
07/03/2025;0,39;P
08/03/2025;0,37;P
09/03/2025;0,35;P
10/03/2025;0,46;P
11/03/2025;0,43;P
12/03/2025;0,88;P
13/03/2025;1,72;P
14/03/2025;4,29;P
15/03/2025;;@
18/03/2025;;@
19/03/2025;;@
20/03/2025;1,38;P
21/03/2025;1,32;P
22/03/2025;0,96;P
23/03/2025;;@
24/03/2025;;@
25/03/2025;;@
26/03/2025;;@
27/03/2025;;@
28/03/2025;;@
29/03/2025;;@
30/03/2025;;@
31/03/2025;;@
01/04/2025;;@
02/04/2025;;@
03/04/2025;0,85;P
04/04/2025;0,85;P
05/04/2025;0,85;P
06/04/2025;0,85;P
07/04/2025;0,85;P
08/04/2025;0,85;P
09/04/2025;0,85;P
10/04/2025;0,85;P
11/04/2025;0,85;P
12/04/2025;0,85;P
13/04/2025;0,85;P
14/04/2025;0,85;P
15/04/2025;1,90;P
16/04/2025;1,16;P
17/04/2025;1,08;P
18/04/2025;1,33;P
19/04/2025;1,04;P
20/04/2025;0,87;P
21/04/2025;0,85;P
22/04/2025;0,85;P
23/04/2025;0,85;P
24/04/2025;0,85;P
25/04/2025;0,85;P
26/04/2025;0,85;P
27/04/2025;0,85;P
28/04/2025;0,85;P
29/04/2025;0,85;P
30/04/2025;0,85;P
01/05/2025;0,85;P
02/05/2025;0,85;P
03/05/2025;0,85;P
04/05/2025;0,86;P
05/05/2025;1,09;P
06/05/2025;0,89;P
07/05/2025;0,85;P
08/05/2025;0,85;P
09/05/2025;0,85;P
10/05/2025;0,85;P
11/05/2025;0,85;P
12/05/2025;0,85;P
13/05/2025;0,85;P
14/05/2025;0,85;P
15/05/2025;0,85;P
16/05/2025;0,85;P
17/05/2025;0,85;P
18/05/2025;0,85;P
19/05/2025;0,85;P
20/05/2025;0,85;P
21/05/2025;0,85;P
22/05/2025;0,85;P
23/05/2025;0,85;P
24/05/2025;0,85;P
25/05/2025;0,85;P
26/05/2025;0,85;P
27/05/2025;0,85;P
28/05/2025;0,85;P
29/05/2025;0,85;P
30/05/2025;0,85;P
31/05/2025;0,85;P
01/06/2025;0,85;P
02/06/2025;0,85;P
03/06/2025;0,85;P
04/06/2025;0,85;P
05/06/2025;0,85;P
06/06/2025;0,85;P
07/06/2025;0,85;P
08/06/2025;0,85;P
09/06/2025;0,85;P
10/06/2025;0,85;P
11/06/2025;0,85;P
12/06/2025;0,85;P
13/06/2025;0,85;P
14/06/2025;0,85;P
15/06/2025;0,85;P
16/06/2025;0,85;P
17/06/2025;0,85;P
18/06/2025;0,85;P
19/06/2025;0,85;P
20/06/2025;0,85;P
21/06/2025;0,85;P
22/06/2025;0,85;P
23/06/2025;0,85;P
24/06/2025;0,85;P
25/06/2025;0,85;P
26/06/2025;0,85;P
27/06/2025;0,85;P
28/06/2025;0,85;P
29/06/2025;0,85;P
30/06/2025;0,85;P
01/07/2025;0,85;P
02/07/2025;0,85;P
03/07/2025;0,85;P
04/07/2025;0,85;P
05/07/2025;0,85;P
06/07/2025;0,85;P
07/07/2025;0,85;P
08/07/2025;0,85;P
09/07/2025;0,85;P
10/07/2025;0,85;P
11/07/2025;0,85;P
12/07/2025;0,85;P
13/07/2025;0,85;P
14/07/2025;0,85;P
15/07/2025;0,85;P
16/07/2025;0,85;P
17/07/2025;0,85;P
18/07/2025;0,85;P
19/07/2025;0,85;P
20/07/2025;0,85;P
21/07/2025;0,85;P
22/07/2025;0,85;P
23/07/2025;0,85;P
24/07/2025;0,85;P
25/07/2025;0,85;P
26/07/2025;0,85;P
27/07/2025;0,85;P
28/07/2025;0,85;P
29/07/2025;0,85;P
30/07/2025;0,85;P
31/07/2025;0,85;P
01/08/2025;0,85;P
02/08/2025;0,85;P
03/08/2025;0,85;P
04/08/2025;0,85;P
05/08/2025;0,85;P
06/08/2025;0,85;P
07/08/2025;0,85;P
08/08/2025;0,85;P
09/08/2025;0,85;P
10/08/2025;0,85;P
11/08/2025;0,85;P
12/08/2025;0,85;P
13/08/2025;0,85;P
14/08/2025;0,85;P
15/08/2025;0,85;P
16/08/2025;0,85;P
17/08/2025;0,85;P
18/08/2025;0,85;P
19/08/2025;0,85;P
20/08/2025;0,85;P
21/08/2025;0,85;P
22/08/2025;0,85;P
23/08/2025;0,85;P
24/08/2025;0,85;P
25/08/2025;0,85;P
26/08/2025;0,85;P
27/08/2025;0,85;P
28/08/2025;0,85;P
29/08/2025;0,85;P
30/08/2025;0,85;P
31/08/2025;0,85;P
01/09/2025;0,85;P
02/09/2025;0,85;P
03/09/2025;0,85;P
04/09/2025;0,85;P
05/09/2025;0,85;P
06/09/2025;0,85;P
07/09/2025;0,85;P
08/09/2025;0,85;P
09/09/2025;0,85;P
10/09/2025;0,85;P
11/09/2025;0,85;P
12/09/2025;0,85;P
13/09/2025;0,85;P
14/09/2025;0,85;P
15/09/2025;0,85;P
16/09/2025;0,85;P
17/09/2025;0,85;P
18/09/2025;0,85;P
19/09/2025;0,85;P
20/09/2025;0,85;P
21/09/2025;0,85;P
22/09/2025;0,85;P
23/09/2025;0,85;P
24/09/2025;0,84;P
25/09/2025;0,84;P
26/09/2025;0,84;P
27/09/2025;0,84;P
28/09/2025;0,84;P
29/09/2025;0,84;P
30/09/2025;0,84;P
01/10/2025;0,84;P
02/10/2025;0,84;P
03/10/2025;0,84;P
04/10/2025;0,84;P
05/10/2025;0,84;P
06/10/2025;0,84;P
07/10/2025;0,84;P
08/10/2025;0,84;P
09/10/2025;0,84;P
10/10/2025;0,84;P
11/10/2025;0,84;P
12/10/2025;0,84;P
13/10/2025;0,84;P
14/10/2025;0,84;P
15/10/2025;0,84;P
16/10/2025;0,84;P
17/10/2025;0,84;P
18/10/2025;0,84;P
19/10/2025;0,84;P
20/10/2025;0,84;P
21/10/2025;0,84;P
22/10/2025;0,84;P
23/10/2025;0,89;P
24/10/2025;0,84;P
25/10/2025;0,84;P
26/10/2025;0,84;P
27/10/2025;0,84;P
28/10/2025;0,84;P
29/10/2025;0,84;P
30/10/2025;0,97;P
31/10/2025;0,88;P
01/11/2025;0,84;P
02/11/2025;0,84;P
03/11/2025;0,84;P
04/11/2025;0,84;P
05/11/2025;0,84;P
06/11/2025;0,84;P
07/11/2025;0,84;P
08/11/2025;0,84;P
09/11/2025;0,84;P
10/11/2025;0,84;P
11/11/2025;0,84;P
12/11/2025;0,84;P
13/11/2025;0,84;P
14/11/2025;0,84;P
15/11/2025;0,85;P
16/11/2025;0,84;P
17/11/2025;0,84;P
18/11/2025;0,84;P
19/11/2025;0,84;P
20/11/2025;0,84;P
21/11/2025;0,84;P
22/11/2025;0,84;P
23/11/2025;0,84;P
24/11/2025;0,98;P
25/11/2025;1,49;P
26/11/2025;0,92;P
27/11/2025;0,85;P
28/11/2025;0,84;P
29/11/2025;;@
30/11/2025;;@
01/12/2025;0,84;P
02/12/2025;0,84;P
03/12/2025;0,84;P
04/12/2025;0,84;P
05/12/2025;0,84;P
06/12/2025;0,84;P
07/12/2025;0,84;P
08/12/2025;0,84;P
09/12/2025;0,84;P
10/12/2025;0,84;P
11/12/2025;0,84;P
12/12/2025;0,84;P
13/12/2025;0,83;P
14/12/2025;0,83;P
15/12/2025;0,84;P
16/12/2025;0,84;P
17/12/2025;0,84;P
18/12/2025;0,84;P
19/12/2025;0,84;P
20/12/2025;0,84;P
21/12/2025;0,84;P
22/12/2025;0,84;P
23/12/2025;0,84;P
24/12/2025;0,91;P
25/12/2025;0,88;P
26/12/2025;0,84;P
27/12/2025;0,84;P
28/12/2025;;@
29/12/2025;;@
30/12/2025;;@
31/12/2025;;@
01/01/2026;;@
02/01/2026;0,84;P
03/01/2026;0,84;P
04/01/2026;0,84;P
05/01/2026;0,84;P
06/01/2026;0,84;P
07/01/2026;;@
08/01/2026;;@
09/01/2026;0,97;P
10/01/2026;1,03;P
11/01/2026;;@
12/01/2026;;@
13/01/2026;0,84;P
14/01/2026;0,84;P
15/01/2026;;@
19/01/2026;;@
20/01/2026;0,84;P
21/01/2026;0,84;P
22/01/2026;0,84;P
23/01/2026;0,84;P
24/01/2026;1,09;P
25/01/2026;1,67;P
26/01/2026;1,31;P
27/01/2026;0,99;P
28/01/2026;1,38;P
29/01/2026;1,38;P
30/01/2026;1,05;P
31/01/2026;0,94;P
01/02/2026;0,84;P
02/02/2026;0,83;P
03/02/2026;1,02;P
04/02/2026;1,40;P
05/02/2026;1,26;P
06/02/2026;1,40;P
07/02/2026;1,25;P
08/02/2026;1,11;P
09/02/2026;0,97;P
10/02/2026;0,86;P
11/02/2026;1,10;P
12/02/2026;1,22;P
13/02/2026;1,13;P
14/02/2026;1,06;P
15/02/2026;1,02;P
16/02/2026;0,98;P
17/02/2026;0,96;P
18/02/2026;0,85;P
19/02/2026;0,92;P
20/02/2026;0,85;P
21/02/2026;0,84;P
22/02/2026;0,84;P
23/02/2026;0,84;P
24/02/2026;0,84;P
25/02/2026;0,84;P
26/02/2026;0,84;P
27/02/2026;0,84;P
28/02/2026;0,84;P
01/03/2026;0,84;P
02/03/2026;0,84;P
03/03/2026;0,84;P
04/03/2026;0,84;P
05/03/2026;0,84;P
06/03/2026;0,84;P
07/03/2026;0,84;P
08/03/2026;0,84;P
09/03/2026;0,84;P
10/03/2026;0,84;P
11/03/2026;0,84;P
12/03/2026;0,85;P
13/03/2026;0,84;P
14/03/2026;0,84;P
15/03/2026;0,84;P
16/03/2026;0,84;P
17/03/2026;0,84;P
18/03/2026;0,84;P
19/03/2026;0,84;P
20/03/2026;0,84;P
21/03/2026;0,84;P
22/03/2026;0,84;P
23/03/2026;0,84;P
24/03/2026;0,84;P
25/03/2026;0,84;P
26/03/2026;0,97;P
27/03/2026;0,85;P
28/03/2026;0,84;P
29/03/2026;0,84;P
30/03/2026;0,84;P
31/03/2026;0,84;P
01/04/2026;0,84;P
02/04/2026;0,84;P
03/04/2026;0,84;P
04/04/2026;0,84;P
05/04/2026;0,85;P
06/04/2026;0,84;P
07/04/2026;0,85;P
08/04/2026;0,85;P
09/04/2026;0,85;P
10/04/2026;0,85;P
11/04/2026;0,85;P
12/04/2026;0,85;P
13/04/2026;0,85;P
14/04/2026;0,85;P
15/04/2026;0,85;P
16/04/2026;0,85;P
17/04/2026;0,85;P
18/04/2026;0,85;P
19/04/2026;0,85;P
20/04/2026;0,85;P
21/04/2026;0,85;P
22/04/2026;0,85;P
23/04/2026;0,85;P
24/04/2026;0,85;P
25/04/2026;0,85;P
26/04/2026;0,85;P
27/04/2026;0,85;P
28/04/2026;0,85;P
29/04/2026;0,85;P
30/04/2026;0,85;P
01/05/2026;0,85;P
02/05/2026;0,85;P
03/05/2026;0,85;P
04/05/2026;0,85;P
05/05/2026;0,85;P
06/05/2026;1,36;P
07/05/2026;1,09;P
08/05/2026;0,85;P
09/05/2026;0,85;P
10/05/2026;0,85;P
11/05/2026;0,85;P
12/05/2026;0,85;P
13/05/2026;0,84;P
14/05/2026;0,85;P
15/05/2026;0,84;P
16/05/2026;0,84;P
17/05/2026;0,85;P
18/05/2026;0,85;P
19/05/2026;0,85;P
20/05/2026;0,85;P
21/05/2026;0,85;P
22/05/2026;0,85;P
23/05/2026;0,85;P
24/05/2026;0,85;P
25/05/2026;0,85;P
26/05/2026;0,85;P
27/05/2026;0,85;P
28/05/2026;0,85;P
29/05/2026;0,85;P
30/05/2026;0,85;P
31/05/2026;0,85;P
01/06/2026;0,85;P
02/06/2026;0,85;P
03/06/2026;0,86;P
04/06/2026;0,85;P
05/06/2026;0,85;P
06/06/2026;0,85;P
07/06/2026;0,85;P
08/06/2026;0,85;P
09/06/2026;0,85;P
10/06/2026;0,85;P
11/06/2026;0,85;P
