"Stazione";"Ponte alle Mosse"
"Codice";"TOS01004702"
"Comune";"Firenze"
"Provincia";"FI"
"GB [m]";"E";1679195;"N";4850626
"WGS84 [°]";"Lat";43.787;"Lon";11.227
"Quota [m]";

;;;ATTENZIONE i dati sono nel fomato csv ed utilizzano
;;;come separatore di colonna il "punto e virgola" e
;;;come separatore decimale la "virgola"
;;;verificare le proprie impostazioni internazionali per una corretta visulizzazione.
;;;Il valore contrassegnato con N corrisponde al dato non validato
;;;Il valore contrassegnato con R corrisponde al dato ricostruito
;;;Il valore contrassegnato con I corrisponde al dato incerto
;;;Il valore contrassegnato con @ corrisponde al dato mancante
;;;Il valore contrassegnato con V corrisponde al dato validato
;;;Il valore contrassegnato con P corrisponde al dato prevalidato soggetto ad eventuali modifiche
;;;(consultare la sezione Criteri di validazione)

"gg/mm/aaaa";"Livello [m]";"Tipo Dato"
01/01/2003;0,95;P
02/01/2003;0,93;P
03/01/2003;0,92;P
04/01/2003;0,90;P
05/01/2003;0,89;P
06/01/2003;0,90;P
07/01/2003;1,02;P
08/01/2003;0,94;P
09/01/2003;0,96;P
10/01/2003;0,94;P
11/01/2003;0,93;P
12/01/2003;0,91;P
13/01/2003;0,89;P
14/01/2003;0,88;P
15/01/2003;0,88;P
16/01/2003;0,90;P
17/01/2003;0,89;P
18/01/2003;0,88;P
19/01/2003;0,86;P
20/01/2003;0,87;P
21/01/2003;0,88;P
22/01/2003;0,97;P
23/01/2003;1,00;P
24/01/2003;0,95;P
25/01/2003;0,92;P
26/01/2003;0,90;P
27/01/2003;0,88;P
28/01/2003;0,88;P
29/01/2003;0,88;P
30/01/2003;0,88;P
31/01/2003;0,87;P
01/02/2003;0,86;P
02/02/2003;0,85;P
03/02/2003;0,88;P
04/02/2003;1,09;P
05/02/2003;0,99;P
06/02/2003;0,93;P
07/02/2003;0,91;P
08/02/2003;0,90;P
09/02/2003;0,89;P
10/02/2003;0,89;P
11/02/2003;0,88;P
12/02/2003;0,88;P
13/02/2003;0,87;P
14/02/2003;0,86;P
15/02/2003;0,86;P
16/02/2003;0,86;P
17/02/2003;0,86;P
18/02/2003;0,85;P
19/02/2003;0,85;P
20/02/2003;0,85;P
21/02/2003;0,84;P
22/02/2003;0,84;P
23/02/2003;0,84;P
24/02/2003;0,83;P
25/02/2003;0,83;P
26/02/2003;0,83;P
27/02/2003;0,84;P
28/02/2003;0,85;P
01/03/2003;0,85;P
02/03/2003;0,89;P
03/03/2003;0,98;P
04/03/2003;0,89;P
05/03/2003;0,87;P
06/03/2003;0,87;P
07/03/2003;0,87;P
08/03/2003;0,86;P
09/03/2003;0,86;P
10/03/2003;0,86;P
11/03/2003;0,86;P
12/03/2003;0,86;P
13/03/2003;0,85;P
14/03/2003;0,85;P
15/03/2003;0,86;P
16/03/2003;0,86;P
17/03/2003;0,85;P
18/03/2003;0,85;P
19/03/2003;0,85;P
20/03/2003;0,86;P
21/03/2003;0,86;P
22/03/2003;0,85;P
23/03/2003;0,85;P
24/03/2003;0,85;P
25/03/2003;0,85;P
26/03/2003;0,85;P
27/03/2003;0,85;P
28/03/2003;0,85;P
29/03/2003;0,85;P
30/03/2003;0,85;P
31/03/2003;0,85;P
01/04/2003;0,85;P
02/04/2003;0,87;P
03/04/2003;0,88;P
04/04/2003;0,87;P
05/04/2003;0,85;P
06/04/2003;0,85;P
07/04/2003;0,85;P
08/04/2003;0,84;P
09/04/2003;0,85;P
10/04/2003;0,89;P
11/04/2003;0,88;P
12/04/2003;0,97;P
13/04/2003;0,90;P
14/04/2003;0,87;P
15/04/2003;0,86;P
16/04/2003;0,85;P
17/04/2003;0,85;P
18/04/2003;0,84;P
19/04/2003;0,85;P
20/04/2003;0,85;P
21/04/2003;0,93;P
22/04/2003;0,88;P
23/04/2003;0,86;P
24/04/2003;0,86;P
25/04/2003;0,85;P
26/04/2003;0,85;P
27/04/2003;0,87;P
28/04/2003;0,86;P
29/04/2003;0,86;P
30/04/2003;0,86;P
01/05/2003;0,86;P
02/05/2003;0,86;P
03/05/2003;0,86;P
04/05/2003;0,85;P
05/05/2003;0,85;P
06/05/2003;0,85;P
07/05/2003;0,85;P
08/05/2003;0,84;P
09/05/2003;0,84;P
10/05/2003;0,85;P
11/05/2003;0,84;P
12/05/2003;0,82;P
13/05/2003;0,82;P
14/05/2003;0,81;P
15/05/2003;0,80;P
16/05/2003;0,79;P
17/05/2003;0,80;P
18/05/2003;0,80;P
19/05/2003;0,80;P
20/05/2003;0,80;P
21/05/2003;0,83;P
22/05/2003;0,81;P
23/05/2003;0,80;P
24/05/2003;0,79;P
25/05/2003;0,79;P
26/05/2003;0,79;P
27/05/2003;0,80;P
28/05/2003;0,79;P
29/05/2003;0,79;P
30/05/2003;0,80;P
31/05/2003;0,79;P
01/06/2003;0,79;P
02/06/2003;0,79;P
03/06/2003;0,80;P
04/06/2003;0,80;P
05/06/2003;0,79;P
06/06/2003;0,79;P
07/06/2003;0,79;P
08/06/2003;0,79;P
09/06/2003;0,79;P
10/06/2003;0,79;P
11/06/2003;0,79;P
12/06/2003;0,79;P
13/06/2003;0,79;P
14/06/2003;0,79;P
15/06/2003;0,78;P
16/06/2003;0,80;P
17/06/2003;0,83;P
18/06/2003;0,80;P
19/06/2003;0,77;P
20/06/2003;0,77;P
21/06/2003;0,77;P
22/06/2003;0,76;P
23/06/2003;0,76;P
24/06/2003;0,76;P
25/06/2003;0,76;P
26/06/2003;0,75;P
27/06/2003;0,77;P
28/06/2003;0,77;P
29/06/2003;0,76;P
30/06/2003;0,77;P
01/07/2003;0,77;P
02/07/2003;0,76;P
03/07/2003;0,76;P
04/07/2003;0,76;P
05/07/2003;0,77;P
06/07/2003;0,77;P
07/07/2003;0,76;P
08/07/2003;0,76;P
09/07/2003;0,76;P
10/07/2003;0,77;P
11/07/2003;0,76;P
12/07/2003;0,77;P
13/07/2003;0,76;P
14/07/2003;0,76;P
15/07/2003;0,77;P
16/07/2003;0,76;P
17/07/2003;0,76;P
18/07/2003;0,76;P
19/07/2003;0,75;P
20/07/2003;0,74;P
21/07/2003;0,75;P
22/07/2003;0,75;P
23/07/2003;0,75;P
24/07/2003;0,76;P
25/07/2003;0,76;P
26/07/2003;0,76;P
27/07/2003;0,75;P
28/07/2003;;@
29/07/2003;;@
30/07/2003;;@
31/07/2003;;@
01/08/2003;;@
02/08/2003;;@
03/08/2003;;@
04/08/2003;;@
05/08/2003;;@
06/08/2003;;@
07/08/2003;;@
08/08/2003;;@
09/08/2003;;@
10/08/2003;;@
11/08/2003;;@
12/08/2003;;@
13/08/2003;;@
14/08/2003;;@
15/08/2003;;@
16/08/2003;;@
17/08/2003;;@
18/08/2003;;@
19/08/2003;;@
20/08/2003;;@
21/08/2003;;@
22/08/2003;;@
23/08/2003;;@
24/08/2003;;@
25/08/2003;;@
26/08/2003;;@
27/08/2003;;@
28/08/2003;;@
29/08/2003;;@
30/08/2003;;@
31/08/2003;;@
01/09/2003;;@
02/09/2003;;@
03/09/2003;;@
04/09/2003;;@
05/09/2003;;@
06/09/2003;;@
07/09/2003;;@
08/09/2003;;@
09/09/2003;;@
10/09/2003;;@
11/09/2003;;@
12/09/2003;;@
13/09/2003;;@
14/09/2003;;@
15/09/2003;;@
16/09/2003;;@
17/09/2003;;@
18/09/2003;;@
19/09/2003;;@
20/09/2003;;@
21/09/2003;;@
22/09/2003;;@
23/09/2003;;@
24/09/2003;;@
25/09/2003;;@
26/09/2003;;@
27/09/2003;;@
28/09/2003;;@
29/09/2003;;@
30/09/2003;;@
01/10/2003;;@
02/10/2003;;@
03/10/2003;;@
04/10/2003;;@
05/10/2003;;@
06/10/2003;;@
07/10/2003;;@
08/10/2003;;@
09/10/2003;;@
10/10/2003;;@
11/10/2003;;@
12/10/2003;;@
13/10/2003;;@
14/10/2003;;@
15/10/2003;;@
16/10/2003;;@
17/10/2003;;@
18/10/2003;;@
19/10/2003;;@
20/10/2003;;@
21/10/2003;0,86;P
22/10/2003;0,84;P
23/10/2003;0,86;P
24/10/2003;0,88;P
25/10/2003;0,84;P
26/10/2003;0,86;P
27/10/2003;0,87;P
28/10/2003;0,87;P
29/10/2003;0,95;P
30/10/2003;0,90;P
31/10/2003;0,88;P
01/11/2003;1,15;P
02/11/2003;1,01;P
03/11/2003;0,91;P
04/11/2003;0,88;P
05/11/2003;0,86;P
06/11/2003;0,85;P
07/11/2003;0,86;P
08/11/2003;0,93;P
09/11/2003;0,90;P
10/11/2003;0,88;P
11/11/2003;0,87;P
12/11/2003;0,86;P
13/11/2003;0,85;P
14/11/2003;0,85;P
15/11/2003;0,86;P
16/11/2003;0,89;P
17/11/2003;0,87;P
18/11/2003;0,86;P
19/11/2003;0,86;P
20/11/2003;0,86;P
21/11/2003;0,87;P
22/11/2003;0,86;P
23/11/2003;0,86;P
24/11/2003;0,89;P
25/11/2003;0,88;P
26/11/2003;1,08;P
27/11/2003;1,12;P
28/11/2003;1,26;P
29/11/2003;1,02;P
30/11/2003;0,95;P
01/12/2003;0,93;P
02/12/2003;0,91;P
03/12/2003;0,89;P
04/12/2003;0,89;P
05/12/2003;0,88;P
06/12/2003;0,88;P
07/12/2003;0,87;P
08/12/2003;0,86;P
09/12/2003;0,86;P
10/12/2003;0,87;P
11/12/2003;0,92;P
12/12/2003;0,88;P
13/12/2003;0,86;P
14/12/2003;0,86;P
15/12/2003;0,85;P
16/12/2003;0,85;P
17/12/2003;0,84;P
18/12/2003;0,85;P
19/12/2003;0,85;P
20/12/2003;0,84;P
21/12/2003;0,87;P
22/12/2003;0,91;P
23/12/2003;0,87;P
24/12/2003;0,86;P
25/12/2003;0,85;P
26/12/2003;0,84;P
27/12/2003;0,86;P
28/12/2003;0,86;P
29/12/2003;0,89;P
30/12/2003;0,95;P
31/12/2003;1,01;P
01/01/2004;0,93;P
02/01/2004;0,91;P
03/01/2004;0,89;P
04/01/2004;0,88;P
05/01/2004;0,88;P
06/01/2004;0,87;P
07/01/2004;0,88;P
08/01/2004;0,88;P
09/01/2004;0,89;P
10/01/2004;0,88;P
11/01/2004;0,87;P
12/01/2004;0,88;P
13/01/2004;0,91;P
14/01/2004;0,91;P
15/01/2004;0,90;P
16/01/2004;0,90;P
17/01/2004;0,99;P
18/01/2004;1,11;P
19/01/2004;1,03;P
20/01/2004;0,99;P
21/01/2004;0,96;P
22/01/2004;0,93;P
23/01/2004;0,92;P
24/01/2004;0,91;P
25/01/2004;0,91;P
26/01/2004;0,91;P
27/01/2004;0,96;P
28/01/2004;0,95;P
29/01/2004;0,97;P
30/01/2004;0,95;P
31/01/2004;0,95;P
01/02/2004;0,98;P
02/02/2004;1,01;P
03/02/2004;0,99;P
04/02/2004;0,98;P
05/02/2004;0,96;P
06/02/2004;0,96;P
07/02/2004;0,95;P
08/02/2004;0,95;P
09/02/2004;0,93;P
10/02/2004;0,91;P
11/02/2004;0,93;P
12/02/2004;0,92;P
13/02/2004;0,92;P
14/02/2004;0,93;P
15/02/2004;0,92;P
16/02/2004;0,91;P
17/02/2004;0,90;P
18/02/2004;0,92;P
19/02/2004;1,08;P
20/02/2004;1,05;P
21/02/2004;1,02;P
22/02/2004;1,10;P
23/02/2004;1,31;P
24/02/2004;1,09;P
25/02/2004;1,05;P
26/02/2004;1,06;P
27/02/2004;1,06;P
28/02/2004;1,13;P
29/02/2004;1,10;P
01/03/2004;1,07;P
02/03/2004;1,04;P
03/03/2004;1,02;P
04/03/2004;1,01;P
05/03/2004;1,00;P
06/03/2004;1,01;P
07/03/2004;1,08;P
08/03/2004;1,05;P
09/03/2004;1,02;P
10/03/2004;1,01;P
11/03/2004;1,03;P
12/03/2004;1,02;P
13/03/2004;1,01;P
14/03/2004;0,99;P
15/03/2004;0,98;P
16/03/2004;0,97;P
17/03/2004;0,97;P
18/03/2004;0,97;P
19/03/2004;0,97;P
20/03/2004;0,97;P
21/03/2004;0,96;P
22/03/2004;0,95;P
23/03/2004;0,96;P
24/03/2004;0,96;P
25/03/2004;0,98;P
26/03/2004;0,96;P
27/03/2004;0,95;P
28/03/2004;0,94;P
29/03/2004;0,94;P
30/03/2004;0,94;P
31/03/2004;0,96;P
01/04/2004;0,94;P
02/04/2004;0,94;P
03/04/2004;0,94;P
04/04/2004;0,94;P
05/04/2004;0,95;P
06/04/2004;0,95;P
07/04/2004;0,96;P
08/04/2004;0,96;P
09/04/2004;0,97;P
10/04/2004;0,95;P
11/04/2004;0,94;P
12/04/2004;0,95;P
13/04/2004;0,94;P
14/04/2004;0,94;P
15/04/2004;0,94;P
16/04/2004;0,94;P
17/04/2004;1,04;P
18/04/2004;1,01;P
19/04/2004;1,10;P
20/04/2004;1,10;P
21/04/2004;1,01;P
22/04/2004;0,99;P
23/04/2004;0,97;P
24/04/2004;0,97;P
25/04/2004;1,01;P
26/04/2004;0,97;P
27/04/2004;0,95;P
28/04/2004;0,95;P
29/04/2004;0,95;P
30/04/2004;0,95;P
01/05/2004;0,95;P
02/05/2004;0,94;P
03/05/2004;0,96;P
04/05/2004;1,00;P
05/05/2004;1,04;P
06/05/2004;1,23;P
07/05/2004;1,14;P
08/05/2004;1,23;P
09/05/2004;1,09;P
10/05/2004;1,04;P
11/05/2004;1,00;P
12/05/2004;1,00;P
13/05/2004;0,99;P
14/05/2004;0,97;P
15/05/2004;0,96;P
16/05/2004;0,96;P
17/05/2004;0,95;P
18/05/2004;0,95;P
19/05/2004;0,96;P
20/05/2004;0,96;P
21/05/2004;0,96;P
22/05/2004;0,97;P
23/05/2004;0,96;P
24/05/2004;0,95;P
25/05/2004;0,95;P
26/05/2004;0,95;P
27/05/2004;0,95;P
28/05/2004;0,95;P
29/05/2004;0,95;P
30/05/2004;0,93;P
31/05/2004;0,95;P
01/06/2004;0,97;P
02/06/2004;0,92;P
03/06/2004;0,90;P
04/06/2004;0,90;P
05/06/2004;0,89;P
06/06/2004;0,90;P
07/06/2004;0,88;P
08/06/2004;0,88;P
09/06/2004;0,87;P
10/06/2004;0,87;P
11/06/2004;0,87;P
12/06/2004;0,86;P
13/06/2004;0,86;P
14/06/2004;0,86;P
15/06/2004;0,86;P
16/06/2004;0,85;P
17/06/2004;0,85;P
18/06/2004;0,85;P
19/06/2004;0,85;P
20/06/2004;0,85;P
21/06/2004;0,85;P
22/06/2004;0,85;P
23/06/2004;0,85;P
24/06/2004;0,85;P
25/06/2004;0,86;P
26/06/2004;0,85;P
27/06/2004;0,85;P
28/06/2004;0,86;P
29/06/2004;0,86;P
30/06/2004;0,86;P
01/07/2004;0,86;P
02/07/2004;0,86;P
03/07/2004;;@
04/07/2004;;@
05/07/2004;;@
06/07/2004;;@
07/07/2004;;@
08/07/2004;;@
09/07/2004;;@
10/07/2004;;@
11/07/2004;;@
12/07/2004;;@
13/07/2004;;@
14/07/2004;;@
15/07/2004;;@
16/07/2004;;@
17/07/2004;;@
18/07/2004;;@
19/07/2004;;@
20/07/2004;;@
21/07/2004;;@
22/07/2004;;@
23/07/2004;;@
24/07/2004;;@
25/07/2004;;@
26/07/2004;;@
27/07/2004;;@
28/07/2004;;@
29/07/2004;;@
30/07/2004;;@
31/07/2004;;@
01/08/2004;;@
02/08/2004;;@
03/08/2004;;@
04/08/2004;;@
05/08/2004;;@
06/08/2004;;@
07/08/2004;;@
08/08/2004;;@
09/08/2004;;@
10/08/2004;;@
11/08/2004;;@
12/08/2004;;@
13/08/2004;;@
14/08/2004;;@
15/08/2004;;@
16/08/2004;;@
17/08/2004;;@
18/08/2004;;@
19/08/2004;;@
20/08/2004;;@
21/08/2004;;@
22/08/2004;;@
23/08/2004;;@
24/08/2004;;@
25/08/2004;;@
26/08/2004;;@
27/08/2004;;@
28/08/2004;;@
29/08/2004;;@
30/08/2004;;@
31/08/2004;;@
01/09/2004;;@
02/09/2004;;@
03/09/2004;;@
04/09/2004;;@
05/09/2004;;@
06/09/2004;;@
07/09/2004;;@
08/09/2004;;@
09/09/2004;;@
10/09/2004;;@
11/09/2004;;@
12/09/2004;;@
13/09/2004;;@
14/09/2004;;@
15/09/2004;;@
16/09/2004;;@
17/09/2004;0,91;P
18/09/2004;0,89;P
19/09/2004;0,88;P
20/09/2004;0,88;P
21/09/2004;0,89;P
22/09/2004;0,88;P
23/09/2004;0,88;P
24/09/2004;0,92;P
25/09/2004;0,91;P
26/09/2004;0,87;P
27/09/2004;0,87;P
28/09/2004;0,88;P
29/09/2004;0,88;P
30/09/2004;0,88;P
01/10/2004;0,89;P
02/10/2004;0,88;P
03/10/2004;0,86;P
04/10/2004;0,87;P
05/10/2004;0,86;P
06/10/2004;0,86;P
07/10/2004;0,86;P
08/10/2004;0,86;P
09/10/2004;0,87;P
10/10/2004;0,96;P
11/10/2004;0,93;P
12/10/2004;0,89;P
13/10/2004;0,87;P
14/10/2004;0,90;P
15/10/2004;0,98;P
16/10/2004;0,95;P
17/10/2004;0,96;P
18/10/2004;0,91;P
19/10/2004;0,89;P
20/10/2004;0,89;P
21/10/2004;0,89;P
22/10/2004;0,88;P
23/10/2004;0,87;P
24/10/2004;0,87;P
25/10/2004;0,88;P
26/10/2004;0,87;P
27/10/2004;0,88;P
28/10/2004;0,88;P
29/10/2004;1,04;P
30/10/2004;1,01;P
31/10/2004;0,98;P
01/11/2004;0,95;P
02/11/2004;0,92;P
03/11/2004;0,91;P
04/11/2004;0,90;P
05/11/2004;0,89;P
06/11/2004;0,90;P
07/11/2004;0,88;P
08/11/2004;0,89;P
09/11/2004;0,91;P
10/11/2004;1,05;P
11/11/2004;1,00;P
12/11/2004;0,99;P
13/11/2004;0,95;P
14/11/2004;0,94;P
15/11/2004;0,92;P
16/11/2004;0,91;P
17/11/2004;0,90;P
18/11/2004;0,91;P
19/11/2004;0,91;P
20/11/2004;0,89;P
21/11/2004;0,88;P
22/11/2004;0,90;P
23/11/2004;0,90;P
24/11/2004;0,89;P
25/11/2004;0,89;P
26/11/2004;0,90;P
27/11/2004;0,90;P
28/11/2004;0,89;P
29/11/2004;0,90;P
30/11/2004;0,96;P
01/12/2004;0,95;P
02/12/2004;0,99;P
03/12/2004;1,11;P
04/12/2004;1,17;P
05/12/2004;1,23;P
06/12/2004;1,11;P
07/12/2004;1,04;P
08/12/2004;1,00;P
09/12/2004;0,98;P
10/12/2004;0,96;P
11/12/2004;0,94;P
12/12/2004;0,93;P
13/12/2004;0,92;P
14/12/2004;0,92;P
15/12/2004;0,92;P
16/12/2004;0,93;P
17/12/2004;0,93;P
18/12/2004;0,92;P
19/12/2004;0,92;P
20/12/2004;0,92;P
21/12/2004;0,90;P
22/12/2004;0,90;P
23/12/2004;0,89;P
24/12/2004;0,90;P
25/12/2004;0,90;P
26/12/2004;1,02;P
27/12/2004;1,06;P
28/12/2004;1,02;P
29/12/2004;1,08;P
30/12/2004;1,01;P
31/12/2004;0,98;P
01/01/2005;0,94;P
02/01/2005;0,94;P
03/01/2005;0,93;P
04/01/2005;0,92;P
05/01/2005;0,92;P
06/01/2005;0,91;P
07/01/2005;0,90;P
08/01/2005;0,91;P
09/01/2005;0,91;P
10/01/2005;0,91;P
11/01/2005;0,90;P
12/01/2005;0,89;P
13/01/2005;0,89;P
14/01/2005;0,88;P
15/01/2005;0,87;P
16/01/2005;0,87;P
17/01/2005;0,86;P
18/01/2005;0,89;P
19/01/2005;1,02;P
20/01/2005;0,96;P
21/01/2005;0,93;P
22/01/2005;0,91;P
23/01/2005;0,91;P
24/01/2005;0,90;P
25/01/2005;0,90;P
26/01/2005;0,90;P
27/01/2005;0,88;P
28/01/2005;0,89;P
29/01/2005;0,88;P
30/01/2005;0,87;P
31/01/2005;0,87;P
01/02/2005;0,88;P
02/02/2005;0,87;P
03/02/2005;0,85;P
04/02/2005;0,86;P
05/02/2005;0,85;P
06/02/2005;0,85;P
07/02/2005;0,85;P
08/02/2005;0,85;P
09/02/2005;0,85;P
10/02/2005;0,84;P
11/02/2005;0,86;P
12/02/2005;0,86;P
13/02/2005;0,86;P
14/02/2005;0,85;P
15/02/2005;0,85;P
16/02/2005;0,86;P
17/02/2005;0,86;P
18/02/2005;0,85;P
19/02/2005;0,85;P
20/02/2005;0,86;P
21/02/2005;0,88;P
22/02/2005;0,89;P
23/02/2005;0,90;P
24/02/2005;0,93;P
25/02/2005;0,95;P
26/02/2005;0,97;P
27/02/2005;0,94;P
28/02/2005;0,93;P
01/03/2005;0,90;P
02/03/2005;0,89;P
03/03/2005;0,93;P
04/03/2005;0,97;P
05/03/2005;0,95;P
06/03/2005;0,94;P
07/03/2005;0,93;P
08/03/2005;0,92;P
09/03/2005;0,93;P
10/03/2005;0,93;P
11/03/2005;0,94;P
12/03/2005;0,96;P
13/03/2005;0,93;P
14/03/2005;0,91;P
15/03/2005;0,89;P
16/03/2005;0,88;P
17/03/2005;0,88;P
18/03/2005;0,88;P
19/03/2005;0,88;P
20/03/2005;0,87;P
21/03/2005;0,87;P
22/03/2005;0,87;P
23/03/2005;0,87;P
24/03/2005;0,87;P
25/03/2005;0,88;P
26/03/2005;0,87;P
27/03/2005;1,04;P
28/03/2005;1,03;P
29/03/2005;0,96;P
30/03/2005;0,92;P
31/03/2005;0,90;P
01/04/2005;0,88;P
02/04/2005;0,87;P
03/04/2005;0,87;P
04/04/2005;0,86;P
05/04/2005;0,86;P
06/04/2005;0,86;P
07/04/2005;0,86;P
08/04/2005;0,86;P
09/04/2005;0,92;P
10/04/2005;0,95;P
11/04/2005;1,00;P
12/04/2005;0,92;P
13/04/2005;0,89;P
14/04/2005;0,88;P
15/04/2005;0,87;P
16/04/2005;0,96;P
17/04/2005;0,97;P
18/04/2005;0,92;P
19/04/2005;0,91;P
20/04/2005;0,95;P
21/04/2005;1,01;P
22/04/2005;0,98;P
23/04/2005;0,94;P
24/04/2005;0,92;P
25/04/2005;0,91;P
26/04/2005;0,90;P
27/04/2005;0,88;P
28/04/2005;0,87;P
29/04/2005;0,87;P
30/04/2005;0,87;P
01/05/2005;0,87;P
02/05/2005;0,87;P
03/05/2005;0,87;P
04/05/2005;0,87;P
05/05/2005;0,87;P
06/05/2005;0,86;P
07/05/2005;0,86;P
08/05/2005;0,86;P
09/05/2005;0,86;P
10/05/2005;0,86;P
11/05/2005;0,86;P
12/05/2005;0,85;P
13/05/2005;0,85;P
14/05/2005;0,86;P
15/05/2005;0,86;P
16/05/2005;0,85;P
17/05/2005;0,89;P
18/05/2005;0,97;P
19/05/2005;0,85;P
20/05/2005;0,82;P
21/05/2005;0,82;P
22/05/2005;0,81;P
23/05/2005;0,82;P
24/05/2005;0,80;P
25/05/2005;0,80;P
26/05/2005;0,80;P
27/05/2005;0,80;P
28/05/2005;0,79;P
29/05/2005;0,78;P
30/05/2005;0,79;P
31/05/2005;0,79;P
01/06/2005;0,79;P
02/06/2005;0,78;P
03/06/2005;0,80;P
04/06/2005;0,80;P
05/06/2005;0,80;P
06/06/2005;0,79;P
07/06/2005;0,82;P
08/06/2005;0,80;P
09/06/2005;0,78;P
10/06/2005;0,78;P
11/06/2005;0,78;P
12/06/2005;0,79;P
13/06/2005;0,79;P
14/06/2005;0,83;P
15/06/2005;0,86;P
16/06/2005;0,80;P
17/06/2005;0,78;P
18/06/2005;0,78;P
19/06/2005;0,77;P
20/06/2005;0,77;P
21/06/2005;0,78;P
22/06/2005;0,78;P
23/06/2005;0,78;P
24/06/2005;0,78;P
25/06/2005;0,79;P
26/06/2005;0,79;P
27/06/2005;0,80;P
28/06/2005;0,79;P
29/06/2005;0,79;P
30/06/2005;0,78;P
01/07/2005;0,78;P
02/07/2005;0,77;P
03/07/2005;0,77;P
04/07/2005;0,77;P
05/07/2005;0,78;P
06/07/2005;0,77;P
07/07/2005;0,77;P
08/07/2005;0,77;P
09/07/2005;0,78;P
10/07/2005;0,83;P
11/07/2005;0,80;P
12/07/2005;0,78;P
13/07/2005;0,78;P
14/07/2005;0,78;P
15/07/2005;0,78;P
16/07/2005;0,78;P
17/07/2005;0,79;P
18/07/2005;0,80;P
19/07/2005;0,84;P
20/07/2005;0,79;P
21/07/2005;0,78;P
22/07/2005;0,78;P
23/07/2005;0,79;P
24/07/2005;0,78;P
25/07/2005;;@
26/07/2005;;@
27/07/2005;;@
28/07/2005;;@
29/07/2005;;@
30/07/2005;;@
31/07/2005;;@
01/08/2005;;@
02/08/2005;;@
03/08/2005;;@
04/08/2005;;@
05/08/2005;;@
06/08/2005;;@
07/08/2005;;@
08/08/2005;;@
09/08/2005;;@
10/08/2005;;@
11/08/2005;;@
12/08/2005;;@
13/08/2005;;@
14/08/2005;;@
15/08/2005;;@
16/08/2005;;@
17/08/2005;;@
18/08/2005;;@
19/08/2005;;@
20/08/2005;;@
21/08/2005;;@
22/08/2005;;@
23/08/2005;;@
24/08/2005;;@
25/08/2005;;@
26/08/2005;;@
27/08/2005;;@
28/08/2005;;@
29/08/2005;;@
30/08/2005;;@
31/08/2005;;@
01/09/2005;;@
02/09/2005;;@
03/09/2005;;@
04/09/2005;;@
05/09/2005;;@
06/09/2005;;@
07/09/2005;;@
08/09/2005;;@
09/09/2005;;@
10/09/2005;;@
11/09/2005;;@
12/09/2005;;@
13/09/2005;;@
14/09/2005;;@
15/09/2005;;@
16/09/2005;0,81;P
17/09/2005;0,85;P
18/09/2005;0,97;P
19/09/2005;0,85;P
20/09/2005;0,82;P
21/09/2005;0,81;P
22/09/2005;0,80;P
23/09/2005;0,80;P
24/09/2005;0,81;P
25/09/2005;0,81;P
26/09/2005;0,82;P
27/09/2005;0,81;P
28/09/2005;0,81;P
29/09/2005;0,81;P
30/09/2005;0,80;P
01/10/2005;0,80;P
02/10/2005;0,93;P
03/10/2005;0,93;P
04/10/2005;0,87;P
05/10/2005;0,98;P
06/10/2005;0,90;P
07/10/2005;0,87;P
08/10/2005;0,88;P
09/10/2005;0,87;P
10/10/2005;0,85;P
11/10/2005;0,84;P
12/10/2005;0,82;P
13/10/2005;0,83;P
14/10/2005;0,81;P
15/10/2005;0,81;P
16/10/2005;0,81;P
17/10/2005;0,81;P
18/10/2005;0,81;P
19/10/2005;0,86;P
20/10/2005;1,11;P
21/10/2005;1,02;P
22/10/2005;1,04;P
23/10/2005;0,98;P
24/10/2005;0,93;P
25/10/2005;0,89;P
26/10/2005;0,88;P
27/10/2005;0,87;P
28/10/2005;0,85;P
29/10/2005;0,85;P
30/10/2005;0,84;P
31/10/2005;0,85;P
01/11/2005;0,86;P
02/11/2005;0,85;P
03/11/2005;0,84;P
04/11/2005;0,84;P
05/11/2005;0,84;P
06/11/2005;1,33;P
07/11/2005;1,10;P
08/11/2005;0,99;P
09/11/2005;0,94;P
10/11/2005;0,90;P
11/11/2005;0,89;P
12/11/2005;0,88;P
13/11/2005;0,88;P
14/11/2005;0,87;P
15/11/2005;0,89;P
16/11/2005;0,88;P
17/11/2005;0,89;P
18/11/2005;0,86;P
19/11/2005;0,85;P
20/11/2005;0,84;P
21/11/2005;0,85;P
22/11/2005;0,84;P
23/11/2005;0,84;P
24/11/2005;0,85;P
25/11/2005;0,99;P
26/11/2005;1,44;P
27/11/2005;1,27;P
28/11/2005;1,26;P
29/11/2005;1,20;P
30/11/2005;1,18;P
01/12/2005;1,09;P
02/12/2005;1,05;P
03/12/2005;1,07;P
04/12/2005;1,04;P
05/12/2005;1,18;P
06/12/2005;1,18;P
07/12/2005;1,10;P
08/12/2005;1,07;P
09/12/2005;1,18;P
10/12/2005;1,09;P
11/12/2005;1,05;P
12/12/2005;1,06;P
13/12/2005;1,05;P
14/12/2005;1,02;P
15/12/2005;0,99;P
16/12/2005;0,98;P
17/12/2005;0,98;P
18/12/2005;0,95;P
19/12/2005;0,95;P
20/12/2005;0,94;P
21/12/2005;0,93;P
22/12/2005;0,93;P
23/12/2005;0,92;P
24/12/2005;0,92;P
25/12/2005;0,98;P
26/12/2005;1,06;P
27/12/2005;1,06;P
28/12/2005;1,02;P
29/12/2005;1,00;P
30/12/2005;0,99;P
31/12/2005;1,06;P
01/01/2011;;@
02/01/2011;;@
03/01/2011;;@
04/01/2011;;@
05/01/2011;;@
06/01/2011;;@
07/01/2011;;@
08/01/2011;;@
09/01/2011;;@
10/01/2011;;@
11/01/2011;;@
12/01/2011;;@
13/01/2011;;@
14/01/2011;;@
15/01/2011;0,18;@
16/01/2011;0,17;V
17/01/2011;0,15;V
18/01/2011;0,14;V
19/01/2011;0,14;V
20/01/2011;0,15;V
21/01/2011;0,12;V
22/01/2011;0,11;V
23/01/2011;0,09;V
24/01/2011;0,08;V
25/01/2011;0,09;V
26/01/2011;0,08;V
27/01/2011;0,06;V
28/01/2011;0,05;V
29/01/2011;0,04;V
30/01/2011;0,40;V
31/01/2011;0,30;V
01/02/2011;0,21;V
02/02/2011;0,16;V
03/02/2011;0,13;V
04/02/2011;0,10;V
05/02/2011;0,09;V
06/02/2011;0,08;V
07/02/2011;0,07;V
08/02/2011;0,06;V
09/02/2011;0,05;V
10/02/2011;0,04;V
11/02/2011;0,04;V
12/02/2011;0,03;V
13/02/2011;0,07;V
14/02/2011;0,07;V
15/02/2011;0,04;V
16/02/2011;0,44;V
17/02/2011;0,78;V
18/02/2011;0,54;V
19/02/2011;0,33;V
20/02/2011;0,27;V
21/02/2011;0,37;V
22/02/2011;0,27;V
23/02/2011;0,22;V
24/02/2011;0,19;V
25/02/2011;0,17;V
26/02/2011;0,16;V
27/02/2011;0,22;V
28/02/2011;0,24;V
01/03/2011;0,18;V
02/03/2011;0,15;V
03/03/2011;0,14;V
04/03/2011;0,13;V
05/03/2011;0,12;V
06/03/2011;0,11;V
07/03/2011;0,08;V
08/03/2011;0,07;V
09/03/2011;0,06;V
10/03/2011;0,05;V
11/03/2011;0,04;V
12/03/2011;0,04;V
13/03/2011;0,16;V
14/03/2011;0,42;V
15/03/2011;0,55;V
16/03/2011;0,99;V
17/03/2011;0,58;V
18/03/2011;0,43;V
19/03/2011;0,33;V
20/03/2011;0,27;V
21/03/2011;0,23;V
22/03/2011;0,20;V
23/03/2011;0,18;V
24/03/2011;0,16;V
25/03/2011;0,14;V
26/03/2011;0,14;V
27/03/2011;0,14;V
28/03/2011;0,64;V
29/03/2011;0,36;V
30/03/2011;0,26;V
31/03/2011;0,22;V
01/04/2011;0,19;V
02/04/2011;0,17;V
03/04/2011;0,16;V
04/04/2011;0,15;V
05/04/2011;0,13;V
06/04/2011;0,11;V
07/04/2011;0,11;V
08/04/2011;0,10;V
09/04/2011;0,08;V
10/04/2011;0,07;V
11/04/2011;0,05;V
12/04/2011;0,04;V
13/04/2011;0,04;V
14/04/2011;0,03;V
15/04/2011;0,03;V
16/04/2011;0,02;V
17/04/2011;0,01;V
18/04/2011;0,00;V
19/04/2011;0,00;V
20/04/2011;-0,02;V
21/04/2011;-0,02;V
22/04/2011;-0,03;V
23/04/2011;-0,03;V
24/04/2011;-0,03;V
25/04/2011;-0,03;V
26/04/2011;-0,04;V
27/04/2011;-0,05;V
28/04/2011;-0,05;V
29/04/2011;-0,06;V
30/04/2011;-0,05;V
01/05/2011;-0,07;V
02/05/2011;0,07;V
03/05/2011;0,00;V
04/05/2011;-0,04;V
05/05/2011;-0,07;V
06/05/2011;-0,09;V
07/05/2011;-0,09;V
08/05/2011;-0,10;V
09/05/2011;-0,10;V
10/05/2011;-0,11;V
11/05/2011;-0,12;V
12/05/2011;-0,12;V
13/05/2011;-0,13;V
14/05/2011;-0,13;V
15/05/2011;-0,03;V
16/05/2011;-0,04;V
17/05/2011;0,00;V
18/05/2011;0,00;V
19/05/2011;0,01;V
20/05/2011;0,01;V
21/05/2011;0,00;V
22/05/2011;0,00;V
23/05/2011;-0,01;V
24/05/2011;-0,06;V
25/05/2011;-0,11;V
26/05/2011;-0,13;V
27/05/2011;-0,13;V
28/05/2011;-0,14;V
29/05/2011;-0,15;V
30/05/2011;-0,15;V
31/05/2011;-0,17;V
01/06/2011;-0,22;V
02/06/2011;-0,23;V
03/06/2011;-0,23;V
04/06/2011;-0,23;V
05/06/2011;0,29;V
06/06/2011;0,11;V
07/06/2011;0,44;V
08/06/2011;0,58;V
09/06/2011;0,62;V
10/06/2011;0,21;V
11/06/2011;0,18;V
12/06/2011;0,16;V
13/06/2011;0,17;V
14/06/2011;0,16;V
15/06/2011;0,14;V
16/06/2011;0,13;V
17/06/2011;0,12;V
18/06/2011;0,12;V
19/06/2011;0,10;V
20/06/2011;0,10;V
21/06/2011;0,09;V
22/06/2011;0,05;V
23/06/2011;0,04;V
24/06/2011;0,03;V
25/06/2011;0,03;V
26/06/2011;0,02;V
27/06/2011;0,02;V
28/06/2011;0,02;V
29/06/2011;0,01;V
30/06/2011;0,01;V
01/07/2011;0,15;V
02/07/2011;0,04;V
03/07/2011;0,02;V
04/07/2011;0,02;V
05/07/2011;0,02;V
06/07/2011;0,02;V
07/07/2011;0,01;V
08/07/2011;0,01;V
09/07/2011;0,00;V
10/07/2011;0,00;V
11/07/2011;0,00;V
12/07/2011;0,00;V
13/07/2011;0,00;V
14/07/2011;-0,01;V
15/07/2011;-0,01;V
16/07/2011;-0,01;V
17/07/2011;-0,01;V
18/07/2011;0,04;V
19/07/2011;0,02;V
20/07/2011;0,03;V
21/07/2011;0,00;V
22/07/2011;0,00;V
23/07/2011;-0,01;V
24/07/2011;0,01;V
25/07/2011;0,00;V
26/07/2011;0,00;V
27/07/2011;0,04;V
28/07/2011;0,02;V
29/07/2011;0,00;V
30/07/2011;0,00;V
31/07/2011;0,00;V
01/08/2011;0,00;V
02/08/2011;0,00;V
03/08/2011;0,00;V
04/08/2011;0,00;V
05/08/2011;0,00;V
06/08/2011;0,00;V
07/08/2011;0,00;V
08/08/2011;0,00;V
09/08/2011;0,00;V
10/08/2011;-0,01;V
11/08/2011;-0,01;V
12/08/2011;-0,02;V
13/08/2011;-0,01;V
14/08/2011;-0,01;V
15/08/2011;-0,01;V
16/08/2011;-0,01;V
17/08/2011;-0,02;V
18/08/2011;-0,02;V
19/08/2011;-0,02;V
20/08/2011;-0,02;V
21/08/2011;-0,02;V
22/08/2011;-0,02;V
23/08/2011;-0,03;V
24/08/2011;-0,04;V
25/08/2011;-0,03;V
26/08/2011;-0,03;V
27/08/2011;-0,03;V
28/08/2011;-0,02;V
29/08/2011;-0,02;V
30/08/2011;-0,01;V
31/08/2011;-0,02;V
01/09/2011;-0,02;V
02/09/2011;-0,01;V
03/09/2011;-0,01;V
04/09/2011;0,07;V
05/09/2011;0,01;V
06/09/2011;0,00;V
07/09/2011;0,00;V
08/09/2011;0,00;V
09/09/2011;0,00;V
10/09/2011;0,00;V
11/09/2011;0,00;V
12/09/2011;0,00;V
13/09/2011;0,00;V
14/09/2011;-0,01;V
15/09/2011;-0,01;V
16/09/2011;-0,01;V
17/09/2011;-0,01;V
18/09/2011;0,00;V
19/09/2011;0,06;V
20/09/2011;0,00;V
21/09/2011;0,00;V
22/09/2011;0,00;V
23/09/2011;0,00;V
24/09/2011;0,00;V
25/09/2011;0,13;V
26/09/2011;0,03;V
27/09/2011;0,01;V
28/09/2011;0,00;V
29/09/2011;0,00;V
30/09/2011;0,00;V
01/10/2011;0,00;V
02/10/2011;0,00;V
03/10/2011;-0,01;V
04/10/2011;-0,01;V
05/10/2011;-0,01;V
06/10/2011;-0,01;V
07/10/2011;0,05;V
08/10/2011;0,01;V
09/10/2011;0,00;V
10/10/2011;0,00;V
11/10/2011;0,00;V
12/10/2011;0,00;V
13/10/2011;0,00;V
14/10/2011;0,00;V
15/10/2011;0,00;V
16/10/2011;0,00;V
17/10/2011;0,00;V
18/10/2011;0,00;V
19/10/2011;0,00;V
20/10/2011;0,18;V
21/10/2011;0,02;V
22/10/2011;0,00;V
23/10/2011;0,00;V
24/10/2011;0,00;V
25/10/2011;0,02;V
26/10/2011;0,40;V
27/10/2011;0,05;V
28/10/2011;0,03;V
29/10/2011;0,01;V
30/10/2011;0,01;V
31/10/2011;0,01;V
01/11/2011;0,01;V
02/11/2011;0,01;V
03/11/2011;0,01;V
04/11/2011;0,01;V
05/11/2011;0,01;V
06/11/2011;0,02;V
07/11/2011;0,03;V
08/11/2011;0,10;V
09/11/2011;0,02;V
10/11/2011;0,01;V
11/11/2011;0,01;V
12/11/2011;0,01;V
13/11/2011;0,01;V
14/11/2011;0,01;V
15/11/2011;0,01;V
16/11/2011;0,01;V
17/11/2011;0,01;V
18/11/2011;0,01;V
19/11/2011;0,01;V
20/11/2011;0,01;V
21/11/2011;0,01;V
22/11/2011;0,02;V
23/11/2011;0,03;V
24/11/2011;0,02;V
25/11/2011;0,02;V
26/11/2011;0,01;V
27/11/2011;0,01;V
28/11/2011;0,01;V
29/11/2011;0,01;V
30/11/2011;0,01;V
01/12/2011;0,01;V
02/12/2011;0,06;V
03/12/2011;0,04;V
04/12/2011;0,07;V
05/12/2011;0,19;V
06/12/2011;0,11;V
07/12/2011;0,05;V
08/12/2011;0,04;V
09/12/2011;0,04;V
10/12/2011;0,05;V
11/12/2011;0,10;V
12/12/2011;0,25;V
13/12/2011;0,15;V
14/12/2011;0,13;V
15/12/2011;0,11;V
16/12/2011;0,16;V
17/12/2011;0,35;V
18/12/2011;0,14;V
19/12/2011;0,10;V
20/12/2011;0,07;V
21/12/2011;0,07;V
22/12/2011;0,06;V
23/12/2011;0,05;V
24/12/2011;0,06;V
25/12/2011;0,06;V
26/12/2011;0,05;V
27/12/2011;0,05;V
28/12/2011;0,04;V
29/12/2011;0,04;V
30/12/2011;0,04;V
31/12/2011;0,04;V
01/01/2012;0,03;V
02/01/2012;0,04;V
03/01/2012;0,20;V
04/01/2012;0,10;V
05/01/2012;0,09;V
06/01/2012;0,09;V
07/01/2012;0,07;V
08/01/2012;0,07;V
09/01/2012;0,06;V
10/01/2012;0,06;V
11/01/2012;0,05;V
12/01/2012;0,05;V
13/01/2012;0,05;V
14/01/2012;0,05;V
15/01/2012;0,04;V
16/01/2012;0,04;V
17/01/2012;0,04;V
18/01/2012;0,04;V
19/01/2012;0,04;V
20/01/2012;0,04;V
21/01/2012;0,04;V
22/01/2012;0,04;V
23/01/2012;0,04;V
24/01/2012;0,04;V
25/01/2012;0,03;V
26/01/2012;0,03;V
27/01/2012;0,03;V
28/01/2012;0,03;V
29/01/2012;0,03;V
30/01/2012;0,03;V
31/01/2012;0,03;V
01/02/2012;0,04;V
02/02/2012;0,04;V
03/02/2012;0,02;V
04/02/2012;0,02;V
05/02/2012;0,02;V
06/02/2012;0,02;V
07/02/2012;0,03;V
08/02/2012;0,03;V
09/02/2012;0,03;V
10/02/2012;0,02;V
11/02/2012;0,02;V
12/02/2012;0,02;V
13/02/2012;0,03;V
14/02/2012;0,03;V
15/02/2012;0,03;V
16/02/2012;0,03;V
17/02/2012;0,03;V
18/02/2012;0,03;V
19/02/2012;0,04;V
20/02/2012;0,05;V
21/02/2012;0,06;V
22/02/2012;0,05;V
23/02/2012;0,04;V
24/02/2012;0,03;V
25/02/2012;0,04;V
26/02/2012;0,03;V
27/02/2012;0,03;V
28/02/2012;0,02;V
29/02/2012;0,03;V
01/03/2012;0,03;V
02/03/2012;0,03;V
03/03/2012;0,03;V
04/03/2012;0,03;V
05/03/2012;0,05;V
06/03/2012;0,08;V
07/03/2012;0,04;V
08/03/2012;0,03;V
09/03/2012;0,03;V
10/03/2012;0,02;V
11/03/2012;0,02;V
12/03/2012;0,02;V
13/03/2012;0,02;V
14/03/2012;0,02;V
15/03/2012;0,02;V
16/03/2012;0,02;V
17/03/2012;0,02;V
18/03/2012;0,02;V
19/03/2012;0,03;V
20/03/2012;0,03;V
21/03/2012;0,02;V
22/03/2012;0,02;V
23/03/2012;0,02;V
24/03/2012;0,03;V
25/03/2012;0,03;V
26/03/2012;0,03;V
27/03/2012;0,03;V
28/03/2012;0,04;V
29/03/2012;0,03;V
30/03/2012;0,04;V
31/03/2012;0,03;V
01/04/2012;0,04;V
02/04/2012;0,03;V
03/04/2012;0,04;V
04/04/2012;0,03;V
05/04/2012;0,04;V
06/04/2012;0,03;V
07/04/2012;0,05;V
08/04/2012;0,11;V
09/04/2012;0,05;V
10/04/2012;0,04;V
11/04/2012;0,39;V
12/04/2012;0,31;V
13/04/2012;0,16;V
14/04/2012;0,17;V
15/04/2012;0,42;V
16/04/2012;0,23;V
17/04/2012;0,17;V
18/04/2012;0,21;V
19/04/2012;0,25;V
20/04/2012;0,65;V
21/04/2012;0,98;V
22/04/2012;0,64;V
23/04/2012;0,36;V
24/04/2012;0,31;V
25/04/2012;0,22;V
26/04/2012;0,18;V
27/04/2012;0,15;V
28/04/2012;0,14;V
29/04/2012;0,13;V
30/04/2012;0,13;V
01/05/2012;0,18;V
02/05/2012;0,15;V
03/05/2012;0,12;V
04/05/2012;0,11;V
05/05/2012;0,11;V
06/05/2012;0,22;V
07/05/2012;0,66;V
08/05/2012;0,29;V
09/05/2012;0,21;V
10/05/2012;0,18;V
11/05/2012;0,16;V
12/05/2012;0,14;V
13/05/2012;0,16;V
14/05/2012;0,14;V
15/05/2012;0,12;V
16/05/2012;0,12;V
17/05/2012;0,10;V
18/05/2012;0,09;V
19/05/2012;0,09;V
20/05/2012;0,19;V
21/05/2012;0,65;V
22/05/2012;0,38;V
23/05/2012;0,22;V
24/05/2012;0,17;V
25/05/2012;0,13;V
26/05/2012;0,11;V
27/05/2012;0,09;V
28/05/2012;0,10;V
29/05/2012;0,09;V
30/05/2012;0,08;V
31/05/2012;0,07;V
01/06/2012;0,07;V
02/06/2012;0,07;V
03/06/2012;0,06;V
04/06/2012;0,08;V
05/06/2012;0,09;V
06/06/2012;0,06;V
07/06/2012;0,05;V
08/06/2012;0,05;V
09/06/2012;0,04;V
10/06/2012;0,09;V
11/06/2012;0,79;V
12/06/2012;0,71;V
13/06/2012;0,52;V
14/06/2012;0,16;V
15/06/2012;0,10;V
16/06/2012;0,03;V
17/06/2012;0,02;V
18/06/2012;0,01;V
19/06/2012;0,01;V
20/06/2012;0,01;V
21/06/2012;0,00;V
22/06/2012;0,00;V
23/06/2012;0,00;V
24/06/2012;0,00;V
25/06/2012;0,00;V
26/06/2012;0,00;V
27/06/2012;0,00;V
28/06/2012;-0,01;V
29/06/2012;-0,01;V
30/06/2012;-0,01;V
01/07/2012;-0,01;V
02/07/2012;-0,01;V
03/07/2012;-0,02;V
04/07/2012;-0,02;V
05/07/2012;-0,02;V
06/07/2012;-0,03;V
07/07/2012;-0,06;V
08/07/2012;0,06;V
09/07/2012;0,06;V
10/07/2012;0,01;V
11/07/2012;-0,02;V
12/07/2012;0,00;V
13/07/2012;-0,04;V
14/07/2012;-0,08;V
15/07/2012;-0,03;V
16/07/2012;-0,03;V
17/07/2012;-0,02;V
18/07/2012;-0,01;V
19/07/2012;-0,02;V
20/07/2012;-0,02;V
21/07/2012;-0,03;V
22/07/2012;0,00;V
23/07/2012;0,00;V
24/07/2012;0,02;V
25/07/2012;0,01;V
26/07/2012;0,00;V
27/07/2012;0,00;V
28/07/2012;-0,02;V
29/07/2012;-0,01;V
30/07/2012;-0,01;V
31/07/2012;-0,01;V
01/08/2012;0,00;V
02/08/2012;-0,01;V
03/08/2012;-0,03;V
04/08/2012;-0,01;V
05/08/2012;0,00;V
06/08/2012;0,00;V
07/08/2012;-0,04;V
08/08/2012;-0,12;V
09/08/2012;-0,11;V
10/08/2012;-0,15;V
11/08/2012;-0,16;V
12/08/2012;-0,18;V
13/08/2012;-0,18;V
14/08/2012;-0,16;V
15/08/2012;-0,19;V
16/08/2012;-0,16;V
17/08/2012;-0,13;V
18/08/2012;-0,12;V
19/08/2012;-0,09;V
20/08/2012;-0,10;V
21/08/2012;-0,05;V
22/08/2012;-0,08;V
23/08/2012;-0,12;V
24/08/2012;-0,13;V
25/08/2012;-0,17;V
26/08/2012;0,05;V
27/08/2012;0,05;V
28/08/2012;0,03;V
29/08/2012;0,02;V
30/08/2012;0,02;V
31/08/2012;0,22;V
01/09/2012;0,14;V
02/09/2012;0,09;V
03/09/2012;0,24;V
04/09/2012;0,09;V
05/09/2012;0,07;V
06/09/2012;0,06;V
07/09/2012;0,05;V
08/09/2012;0,04;V
09/09/2012;0,04;V
10/09/2012;0,04;V
11/09/2012;0,04;V
12/09/2012;0,04;V
13/09/2012;0,03;V
14/09/2012;0,04;V
15/09/2012;0,05;V
16/09/2012;0,05;V
17/09/2012;0,05;V
18/09/2012;0,05;V
19/09/2012;0,23;V
20/09/2012;0,10;V
21/09/2012;0,06;V
22/09/2012;0,06;V
23/09/2012;0,07;V
24/09/2012;0,06;V
25/09/2012;0,06;V
26/09/2012;0,06;V
27/09/2012;0,06;V
28/09/2012;0,07;V
29/09/2012;0,06;V
30/09/2012;0,33;V
01/10/2012;0,27;V
02/10/2012;0,13;V
03/10/2012;0,11;V
04/10/2012;0,10;V
05/10/2012;0,09;V
06/10/2012;0,09;V
07/10/2012;0,09;V
08/10/2012;0,08;V
09/10/2012;0,21;V
10/10/2012;0,13;V
11/10/2012;0,14;V
12/10/2012;0,13;V
13/10/2012;0,11;V
14/10/2012;0,10;V
15/10/2012;0,25;V
16/10/2012;0,21;V
17/10/2012;0,14;V
18/10/2012;0,12;V
19/10/2012;0,11;V
20/10/2012;0,10;V
21/10/2012;0,10;V
22/10/2012;0,10;V
23/10/2012;0,09;V
24/10/2012;0,08;V
25/10/2012;0,08;V
26/10/2012;0,19;V
27/10/2012;0,26;V
28/10/2012;0,29;V
29/10/2012;0,34;V
30/10/2012;0,20;V
31/10/2012;0,26;V
01/11/2012;0,60;V
02/11/2012;0,32;V
03/11/2012;0,22;V
04/11/2012;0,22;V
05/11/2012;0,25;V
06/11/2012;0,22;V
07/11/2012;0,20;V
08/11/2012;0,18;V
09/11/2012;0,17;V
10/11/2012;0,18;V
11/11/2012;0,29;V
12/11/2012;0,30;V
13/11/2012;0,51;V
14/11/2012;0,41;V
15/11/2012;0,34;V
16/11/2012;0,32;V
17/11/2012;0,29;V
18/11/2012;0,27;V
19/11/2012;0,27;V
20/11/2012;0,26;V
21/11/2012;0,25;V
22/11/2012;0,24;V
23/11/2012;0,24;V
24/11/2012;0,23;V
25/11/2012;0,23;V
26/11/2012;0,23;V
27/11/2012;0,93;V
28/11/2012;1,51;V
29/11/2012;0,94;V
30/11/2012;0,77;V
01/12/2012;0,70;V
02/12/2012;0,74;V
03/12/2012;0,66;V
04/12/2012;1,26;V
05/12/2012;0,95;V
06/12/2012;0,75;V
07/12/2012;0,78;V
08/12/2012;0,92;V
09/12/2012;0,74;V
10/12/2012;0,68;V
11/12/2012;0,64;V
12/12/2012;0,60;V
13/12/2012;0,57;V
14/12/2012;0,57;V
15/12/2012;0,95;V
16/12/2012;0,85;V
17/12/2012;1,24;V
18/12/2012;0,93;V
19/12/2012;0,78;V
20/12/2012;0,71;V
21/12/2012;0,72;V
22/12/2012;0,68;V
23/12/2012;0,65;V
24/12/2012;0,63;V
25/12/2012;0,61;V
26/12/2012;0,66;V
27/12/2012;0,67;V
28/12/2012;0,69;V
29/12/2012;0,63;V
30/12/2012;0,60;V
31/12/2012;0,58;V
01/01/2013;0,56;V
02/01/2013;0,58;V
03/01/2013;0,56;V
04/01/2013;0,54;V
05/01/2013;0,54;V
06/01/2013;0,52;V
07/01/2013;0,51;V
08/01/2013;0,50;V
09/01/2013;0,50;V
10/01/2013;0,50;V
11/01/2013;0,60;V
12/01/2013;0,60;V
13/01/2013;0,73;V
14/01/2013;1,00;V
15/01/2013;0,87;V
16/01/2013;0,97;V
17/01/2013;0,88;V
18/01/2013;0,78;V
19/01/2013;0,79;V
20/01/2013;1,18;V
21/01/2013;1,11;V
22/01/2013;0,99;V
23/01/2013;0,89;V
24/01/2013;0,81;V
25/01/2013;0,76;V
26/01/2013;0,72;V
27/01/2013;0,68;V
28/01/2013;0,72;V
29/01/2013;0,69;V
30/01/2013;0,67;V
31/01/2013;0,65;V
01/02/2013;0,64;V
02/02/2013;0,76;V
03/02/2013;0,82;V
04/02/2013;0,71;V
05/02/2013;0,68;V
06/02/2013;0,69;V
07/02/2013;0,67;V
08/02/2013;0,64;V
09/02/2013;0,62;V
10/02/2013;0,61;V
11/02/2013;0,62;V
12/02/2013;0,68;V
13/02/2013;0,64;V
14/02/2013;0,61;V
15/02/2013;0,59;V
16/02/2013;0,59;V
17/02/2013;0,58;V
18/02/2013;0,57;V
19/02/2013;0,56;V
20/02/2013;0,56;V
21/02/2013;0,57;V
22/02/2013;0,59;V
23/02/2013;0,67;V
24/02/2013;0,92;V
25/02/2013;0,84;V
26/02/2013;0,80;V
27/02/2013;0,75;V
28/02/2013;0,74;V
01/03/2013;0,72;V
02/03/2013;0,69;V
03/03/2013;0,65;V
04/03/2013;0,62;V
05/03/2013;0,62;V
06/03/2013;0,70;V
07/03/2013;0,80;V
08/03/2013;0,87;V
09/03/2013;0,99;V
10/03/2013;1,19;V
11/03/2013;1,28;V
12/03/2013;1,12;V
13/03/2013;1,25;V
14/03/2013;1,01;V
15/03/2013;0,86;V
16/03/2013;0,78;V
17/03/2013;0,76;V
18/03/2013;1,21;V
19/03/2013;0,92;V
20/03/2013;0,86;V
21/03/2013;0,86;V
22/03/2013;0,78;V
23/03/2013;0,74;V
24/03/2013;0,73;V
25/03/2013;0,70;V
26/03/2013;0,72;V
27/03/2013;0,70;V
28/03/2013;0,66;V
29/03/2013;0,70;V
30/03/2013;0,78;V
31/03/2013;0,85;V
01/04/2013;0,73;V
02/04/2013;0,83;V
03/04/2013;0,73;V
04/04/2013;0,69;V
05/04/2013;0,81;V
06/04/2013;0,77;V
07/04/2013;0,70;V
08/04/2013;0,66;V
09/04/2013;0,74;V
10/04/2013;0,70;V
11/04/2013;0,65;V
12/04/2013;0,62;V
13/04/2013;0,60;V
14/04/2013;0,58;V
15/04/2013;0,56;V
16/04/2013;0,55;V
17/04/2013;0,53;V
18/04/2013;0,51;V
19/04/2013;0,49;V
20/04/2013;0,48;V
21/04/2013;0,47;V
22/04/2013;0,47;V
23/04/2013;0,48;V
24/04/2013;0,46;V
25/04/2013;0,44;V
26/04/2013;0,43;V
27/04/2013;0,44;V
28/04/2013;0,46;V
29/04/2013;0,43;V
30/04/2013;0,40;V
01/05/2013;0,38;V
02/05/2013;0,41;V
03/05/2013;0,37;V
04/05/2013;0,33;V
05/05/2013;0,41;V
06/05/2013;0,40;V
07/05/2013;0,35;V
08/05/2013;0,37;V
09/05/2013;0,32;V
10/05/2013;0,32;V
11/05/2013;0,32;V
12/05/2013;0,43;V
13/05/2013;0,46;V
14/05/2013;0,43;V
15/05/2013;0,42;V
16/05/2013;0,61;V
17/05/2013;0,63;V
18/05/2013;0,60;V
19/05/2013;0,55;V
20/05/2013;0,50;V
21/05/2013;0,47;V
22/05/2013;0,45;V
23/05/2013;0,50;V
24/05/2013;0,46;V
25/05/2013;0,73;V
26/05/2013;0,70;V
27/05/2013;0,58;V
28/05/2013;0,54;V
29/05/2013;0,51;V
30/05/2013;0,59;V
31/05/2013;0,54;V
01/06/2013;0,49;V
02/06/2013;0,46;V
03/06/2013;0,69;V
04/06/2013;0,58;V
05/06/2013;0,51;V
06/06/2013;0,47;V
07/06/2013;0,48;V
08/06/2013;0,47;V
09/06/2013;0,43;V
10/06/2013;0,44;V
11/06/2013;0,39;V
12/06/2013;0,35;V
13/06/2013;0,30;V
14/06/2013;0,27;V
15/06/2013;0,25;V
16/06/2013;0,24;V
17/06/2013;0,23;V
18/06/2013;0,23;V
19/06/2013;0,22;V
20/06/2013;0,21;V
21/06/2013;0,20;V
22/06/2013;0,20;V
23/06/2013;0,20;V
24/06/2013;0,30;V
25/06/2013;0,27;V
26/06/2013;0,20;V
27/06/2013;0,19;V
28/06/2013;0,19;V
29/06/2013;0,18;V
30/06/2013;0,17;V
01/07/2013;0,17;V
02/07/2013;0,16;V
03/07/2013;0,16;V
04/07/2013;0,19;V
05/07/2013;0,17;V
06/07/2013;0,16;V
07/07/2013;0,15;V
08/07/2013;0,15;V
09/07/2013;0,15;V
10/07/2013;0,26;V
11/07/2013;0,18;V
12/07/2013;0,18;V
13/07/2013;0,16;V
14/07/2013;0,15;V
15/07/2013;0,15;V
16/07/2013;0,14;V
17/07/2013;0,14;V
18/07/2013;0,25;V
19/07/2013;0,20;V
20/07/2013;0,19;V
21/07/2013;0,18;V
22/07/2013;0,16;V
23/07/2013;0,16;V
24/07/2013;0,15;V
25/07/2013;0,14;V
26/07/2013;0,14;V
27/07/2013;0,14;V
28/07/2013;0,13;V
29/07/2013;0,17;V
30/07/2013;0,16;V
31/07/2013;0,13;V
01/08/2013;0,12;V
02/08/2013;0,11;V
03/08/2013;0,11;V
04/08/2013;0,11;V
05/08/2013;0,11;V
06/08/2013;0,11;V
07/08/2013;0,10;V
08/08/2013;0,11;V
09/08/2013;0,09;V
10/08/2013;0,10;V
11/08/2013;0,09;V
12/08/2013;0,10;V
13/08/2013;0,09;V
14/08/2013;0,09;V
15/08/2013;0,08;V
16/08/2013;0,05;V
17/08/2013;0,02;V
18/08/2013;0,00;V
19/08/2013;0,05;V
20/08/2013;0,22;V
21/08/2013;0,13;V
22/08/2013;0,12;V
23/08/2013;0,12;V
24/08/2013;0,12;V
25/08/2013;0,31;V
26/08/2013;0,16;V
27/08/2013;0,14;V
28/08/2013;0,15;V
29/08/2013;0,14;V
30/08/2013;0,14;V
31/08/2013;0,13;V
01/09/2013;0,13;V
02/09/2013;0,13;V
03/09/2013;0,13;V
04/09/2013;0,12;V
05/09/2013;0,12;V
06/09/2013;0,12;V
07/09/2013;0,13;V
08/09/2013;0,13;V
09/09/2013;0,20;V
10/09/2013;0,22;V
11/09/2013;0,19;V
12/09/2013;0,15;V
13/09/2013;0,14;V
14/09/2013;0,13;V
15/09/2013;0,31;V
16/09/2013;0,22;V
17/09/2013;0,16;V
18/09/2013;0,16;V
19/09/2013;0,15;V
20/09/2013;0,15;V
21/09/2013;0,15;V
22/09/2013;0,14;V
23/09/2013;0,15;V
24/09/2013;0,19;V
25/09/2013;0,20;V
26/09/2013;0,21;V
27/09/2013;0,21;V
28/09/2013;0,20;V
29/09/2013;0,78;V
30/09/2013;0,30;V
01/10/2013;0,21;V
02/10/2013;0,19;V
03/10/2013;0,18;V
04/10/2013;0,17;V
05/10/2013;0,82;V
06/10/2013;0,41;V
07/10/2013;0,39;V
08/10/2013;0,27;V
09/10/2013;0,23;V
10/10/2013;0,26;V
11/10/2013;0,29;V
12/10/2013;0,27;V
13/10/2013;0,24;V
14/10/2013;0,23;V
15/10/2013;0,24;V
16/10/2013;0,39;V
17/10/2013;0,28;V
18/10/2013;0,25;V
19/10/2013;0,23;V
20/10/2013;0,23;V
21/10/2013;1,03;V
22/10/2013;0,47;V
23/10/2013;0,35;V
24/10/2013;1,06;V
25/10/2013;0,63;V
26/10/2013;0,43;V
27/10/2013;0,37;V
28/10/2013;0,34;V
29/10/2013;0,32;V
30/10/2013;0,30;V
31/10/2013;0,28;V
01/11/2013;0,27;V
02/11/2013;0,27;V
03/11/2013;0,26;V
04/11/2013;0,41;V
05/11/2013;0,57;V
06/11/2013;0,40;V
07/11/2013;0,35;V
08/11/2013;0,33;V
09/11/2013;0,42;V
10/11/2013;0,75;V
11/11/2013;1,11;V
12/11/2013;0,77;V
13/11/2013;0,54;V
14/11/2013;0,47;V
15/11/2013;0,95;V
16/11/2013;0,63;V
17/11/2013;0,51;V
18/11/2013;0,46;V
19/11/2013;0,46;V
20/11/2013;0,46;V
21/11/2013;1,06;V
22/11/2013;1,15;V
23/11/2013;0,88;V
24/11/2013;0,72;V
25/11/2013;0,67;V
26/11/2013;0,63;V
27/11/2013;0,59;V
28/11/2013;0,58;V
29/11/2013;0,61;V
30/11/2013;0,59;V
01/12/2013;0,50;V
02/12/2013;0,49;V
03/12/2013;0,47;V
04/12/2013;0,45;V
05/12/2013;0,45;V
06/12/2013;0,44;V
07/12/2013;0,42;V
08/12/2013;0,41;V
09/12/2013;0,40;V
10/12/2013;0,40;V
11/12/2013;0,40;V
12/12/2013;0,40;V
13/12/2013;0,40;V
14/12/2013;0,39;V
15/12/2013;0,39;V
16/12/2013;0,45;V
17/12/2013;0,47;V
18/12/2013;0,47;V
19/12/2013;0,42;V
20/12/2013;0,42;V
21/12/2013;0,44;V
22/12/2013;0,45;V
23/12/2013;0,47;V
24/12/2013;0,47;V
25/12/2013;0,56;V
26/12/2013;0,94;V
27/12/2013;1,03;V
28/12/2013;1,00;V
29/12/2013;1,04;V
30/12/2013;1,03;V
31/12/2013;0,99;V
01/01/2014;0,45;P
02/01/2014;0,41;P
03/01/2014;1,06;P
04/01/2014;1,12;P
05/01/2014;1,12;P
06/01/2014;1,05;P
07/01/2014;0,98;P
08/01/2014;0,82;P
09/01/2014;0,66;P
10/01/2014;0,61;P
11/01/2014;0,57;P
12/01/2014;0,53;P
13/01/2014;0,51;P
14/01/2014;0,93;P
15/01/2014;1,07;P
16/01/2014;0,97;P
17/01/2014;1,36;P
18/01/2014;1,41;P
19/01/2014;1,29;P
20/01/2014;1,26;P
21/01/2014;1,13;P
22/01/2014;1,05;P
23/01/2014;0,83;P
24/01/2014;1,25;P
25/01/2014;0,86;P
26/01/2014;0,75;P
27/01/2014;0,89;P
28/01/2014;0,89;P
29/01/2014;0,79;P
30/01/2014;1,66;P
31/01/2014;1,64;P
01/02/2014;1,32;P
02/02/2014;1,19;P
03/02/2014;1,06;P
04/02/2014;1,06;P
05/02/2014;1,18;P
06/02/2014;1,33;P
07/02/2014;1,12;P
08/02/2014;1,42;P
09/02/2014;1,17;P
10/02/2014;1,56;P
11/02/2014;1,68;P
12/02/2014;1,29;P
13/02/2014;1,06;P
14/02/2014;1,17;P
15/02/2014;0,92;P
16/02/2014;0,86;P
17/02/2014;0,81;P
18/02/2014;0,77;P
19/02/2014;0,84;P
20/02/2014;1,34;P
21/02/2014;1,05;P
22/02/2014;1,27;P
23/02/2014;1,02;P
24/02/2014;0,88;P
25/02/2014;0,82;P
26/02/2014;0,99;P
27/02/2014;1,12;P
28/02/2014;1,10;P
01/03/2014;1,17;P
02/03/2014;0,98;P
03/03/2014;0,87;P
04/03/2014;0,85;P
05/03/2014;0,91;P
06/03/2014;0,79;P
07/03/2014;0,74;P
08/03/2014;0,71;P
09/03/2014;0,69;P
10/03/2014;0,68;P
11/03/2014;0,66;P
12/03/2014;0,64;P
13/03/2014;0,57;P
14/03/2014;0,53;P
15/03/2014;0,57;P
16/03/2014;0,57;P
17/03/2014;0,55;P
18/03/2014;0,54;P
19/03/2014;0,54;P
20/03/2014;0,59;P
21/03/2014;0,70;P
22/03/2014;0,70;P
23/03/2014;1,04;P
24/03/2014;0,97;P
25/03/2014;0,82;P
26/03/2014;0,71;P
27/03/2014;0,68;P
28/03/2014;0,66;P
29/03/2014;0,64;P
30/03/2014;0,63;P
31/03/2014;0,62;P
01/04/2014;0,62;P
02/04/2014;0,63;P
03/04/2014;0,62;P
04/04/2014;0,64;P
05/04/2014;0,66;P
06/04/2014;0,63;P
07/04/2014;0,61;P
08/04/2014;0,60;P
09/04/2014;0,56;P
10/04/2014;0,52;P
11/04/2014;0,49;P
12/04/2014;0,47;P
13/04/2014;0,47;P
14/04/2014;0,47;P
15/04/2014;0,47;P
16/04/2014;0,47;P
17/04/2014;0,47;P
18/04/2014;0,46;P
19/04/2014;0,51;P
20/04/2014;0,49;P
21/04/2014;0,47;P
22/04/2014;0,47;P
23/04/2014;0,46;P
24/04/2014;0,46;P
25/04/2014;0,46;P
26/04/2014;0,48;P
27/04/2014;0,47;P
28/04/2014;0,51;P
29/04/2014;0,49;P
30/04/2014;0,46;P
01/05/2014;0,46;P
02/05/2014;0,61;P
03/05/2014;0,77;P
04/05/2014;0,69;P
05/05/2014;0,65;P
06/05/2014;0,63;P
07/05/2014;0,62;P
08/05/2014;0,62;P
09/05/2014;0,61;P
10/05/2014;0,61;P
11/05/2014;0,61;P
12/05/2014;0,60;P
13/05/2014;0,59;P
14/05/2014;0,59;P
15/05/2014;0,59;P
16/05/2014;0,58;P
17/05/2014;0,58;P
18/05/2014;0,58;P
19/05/2014;0,58;P
20/05/2014;0,57;P
21/05/2014;0,58;P
22/05/2014;0,57;P
23/05/2014;0,62;P
24/05/2014;0,59;P
25/05/2014;0,65;P
26/05/2014;0,66;P
27/05/2014;0,67;P
28/05/2014;0,65;P
29/05/2014;0,64;P
30/05/2014;0,67;P
31/05/2014;0,66;P
01/06/2014;0,64;P
02/06/2014;0,63;P
03/06/2014;0,62;P
04/06/2014;0,62;P
05/06/2014;0,61;P
06/06/2014;0,60;P
07/06/2014;0,59;P
08/06/2014;0,59;P
09/06/2014;0,60;P
10/06/2014;0,60;P
11/06/2014;0,59;P
12/06/2014;0,74;P
13/06/2014;0,95;P
14/06/2014;0,89;P
15/06/2014;0,87;P
16/06/2014;0,88;P
17/06/2014;0,86;P
18/06/2014;0,87;P
19/06/2014;0,88;P
20/06/2014;0,87;P
21/06/2014;0,88;P
22/06/2014;0,88;P
23/06/2014;0,87;P
24/06/2014;0,86;P
25/06/2014;0,90;P
26/06/2014;0,90;P
27/06/2014;0,84;P
28/06/2014;0,81;P
29/06/2014;0,93;P
30/06/2014;1,04;P
01/07/2014;0,88;P
02/07/2014;0,87;P
03/07/2014;0,86;P
04/07/2014;0,86;P
05/07/2014;0,85;P
06/07/2014;0,84;P
07/07/2014;0,81;P
08/07/2014;0,95;P
09/07/2014;0,92;P
10/07/2014;0,90;P
11/07/2014;0,86;P
12/07/2014;0,86;P
13/07/2014;0,85;P
14/07/2014;0,93;P
15/07/2014;0,85;P
16/07/2014;0,82;P
17/07/2014;0,81;P
18/07/2014;0,81;P
19/07/2014;0,80;P
20/07/2014;0,80;P
21/07/2014;1,05;P
22/07/2014;0,88;P
23/07/2014;0,66;P
24/07/2014;0,54;P
25/07/2014;0,53;P
26/07/2014;0,62;P
27/07/2014;0,59;P
28/07/2014;0,38;P
29/07/2014;0,28;P
30/07/2014;0,62;P
31/07/2014;0,37;P
01/08/2014;0,31;P
02/08/2014;0,28;P
03/08/2014;0,69;P
04/08/2014;0,64;P
05/08/2014;0,54;P
06/08/2014;0,45;P
07/08/2014;0,34;P
08/08/2014;0,30;P
09/08/2014;0,28;P
10/08/2014;0,26;P
11/08/2014;0,25;P
12/08/2014;0,21;P
13/08/2014;0,24;P
14/08/2014;0,26;P
15/08/2014;0,18;P
16/08/2014;0,21;P
17/08/2014;0,21;P
18/08/2014;0,15;P
19/08/2014;0,14;P
20/08/2014;0,14;P
21/08/2014;0,15;P
22/08/2014;0,17;P
23/08/2014;0,17;P
24/08/2014;0,17;P
25/08/2014;0,16;P
26/08/2014;0,15;P
27/08/2014;0,16;P
28/08/2014;0,15;P
29/08/2014;0,16;P
30/08/2014;0,16;P
31/08/2014;0,18;P
01/09/2014;0,37;P
02/09/2014;0,18;P
03/09/2014;0,16;P
04/09/2014;0,20;P
05/09/2014;0,14;P
06/09/2014;0,13;P
07/09/2014;0,14;P
08/09/2014;0,25;P
09/09/2014;0,57;P
10/09/2014;0,37;P
11/09/2014;0,42;P
12/09/2014;0,28;P
13/09/2014;0,32;P
14/09/2014;0,18;P
15/09/2014;0,44;P
16/09/2014;0,21;P
17/09/2014;0,15;P
18/09/2014;0,15;P
19/09/2014;0,35;P
20/09/2014;0,45;P
21/09/2014;0,25;P
22/09/2014;0,33;P
23/09/2014;0,21;P
24/09/2014;0,20;P
25/09/2014;0,21;P
26/09/2014;0,21;P
27/09/2014;0,20;P
28/09/2014;0,20;P
29/09/2014;0,20;P
30/09/2014;0,20;P
01/10/2014;0,26;P
02/10/2014;0,31;P
03/10/2014;0,20;P
04/10/2014;0,20;P
05/10/2014;0,20;P
06/10/2014;0,17;P
07/10/2014;0,14;P
08/10/2014;0,14;P
09/10/2014;0,12;P
10/10/2014;0,14;P
11/10/2014;0,29;P
12/10/2014;0,11;P
13/10/2014;0,17;P
14/10/2014;0,12;P
15/10/2014;0,42;P
16/10/2014;0,18;P
17/10/2014;0,18;P
18/10/2014;0,12;P
19/10/2014;0,10;P
20/10/2014;0,09;P
21/10/2014;0,07;P
22/10/2014;0,07;P
23/10/2014;0,05;P
24/10/2014;0,00;P
25/10/2014;-0,05;P
26/10/2014;-0,05;P
27/10/2014;-0,05;P
28/10/2014;-0,04;P
29/10/2014;-0,05;P
30/10/2014;-0,05;P
31/10/2014;-0,05;P
01/11/2014;-0,05;P
02/11/2014;-0,05;P
03/11/2014;-0,05;P
04/11/2014;-0,05;P
05/11/2014;0,33;P
06/11/2014;0,25;P
07/11/2014;0,19;P
08/11/2014;0,03;P
09/11/2014;-0,03;P
10/11/2014;0,29;P
11/11/2014;0,23;P
12/11/2014;0,08;P
13/11/2014;0,42;P
14/11/2014;0,16;P
15/11/2014;0,22;P
16/11/2014;0,63;P
17/11/2014;0,90;P
18/11/2014;0,92;P
19/11/2014;0,97;P
20/11/2014;0,69;P
21/11/2014;0,69;P
22/11/2014;0,62;P
23/11/2014;0,55;P
24/11/2014;0,55;P
25/11/2014;0,55;P
26/11/2014;0,63;P
27/11/2014;0,78;P
28/11/2014;0,56;P
29/11/2014;0,48;P
30/11/2014;0,45;P
01/12/2014;0,42;P
02/12/2014;0,29;P
03/12/2014;0,21;P
04/12/2014;0,23;P
05/12/2014;0,23;P
06/12/2014;0,22;P
07/12/2014;0,22;P
08/12/2014;0,23;P
09/12/2014;0,23;P
10/12/2014;0,23;P
11/12/2014;0,23;P
12/12/2014;0,23;P
13/12/2014;0,24;P
14/12/2014;0,24;P
15/12/2014;0,25;P
16/12/2014;0,25;P
17/12/2014;0,23;P
18/12/2014;0,23;P
19/12/2014;0,23;P
20/12/2014;0,23;P
21/12/2014;0,23;P
22/12/2014;0,22;P
23/12/2014;0,23;P
24/12/2014;0,23;P
25/12/2014;0,22;P
26/12/2014;0,23;P
27/12/2014;0,28;P
28/12/2014;0,21;P
29/12/2014;0,10;P
30/12/2014;0,08;P
31/12/2014;0,05;P
01/01/2015;0,05;V
02/01/2015;0,04;V
03/01/2015;0,04;V
04/01/2015;0,03;V
05/01/2015;0,02;V
06/01/2015;0,02;V
07/01/2015;0,02;V
08/01/2015;0,01;V
09/01/2015;0,01;V
10/01/2015;0,01;V
11/01/2015;0,01;V
12/01/2015;-0,01;V
13/01/2015;-0,01;V
14/01/2015;-0,01;V
15/01/2015;-0,01;V
16/01/2015;-0,01;V
17/01/2015;0,12;V
18/01/2015;0,06;V
19/01/2015;0,03;V
20/01/2015;0,02;V
21/01/2015;0,03;V
22/01/2015;0,03;V
23/01/2015;0,02;V
24/01/2015;0,02;V
25/01/2015;0,01;V
26/01/2015;-0,01;V
27/01/2015;-0,01;V
28/01/2015;-0,01;V
29/01/2015;0,02;V
30/01/2015;0,52;V
31/01/2015;0,20;V
01/02/2015;0,20;V
02/02/2015;0,14;V
03/02/2015;0,20;V
04/02/2015;0,15;V
05/02/2015;0,36;V
06/02/2015;0,22;V
07/02/2015;0,14;V
08/02/2015;0,10;V
09/02/2015;0,07;V
10/02/2015;0,05;V
11/02/2015;0,04;V
12/02/2015;0,02;V
13/02/2015;0,02;V
14/02/2015;0,02;V
15/02/2015;0,02;V
16/02/2015;0,00;V
17/02/2015;-0,01;V
18/02/2015;-0,03;V
19/02/2015;-0,04;V
20/02/2015;-0,04;V
21/02/2015;-0,02;V
22/02/2015;0,11;V
23/02/2015;0,03;V
24/02/2015;0,01;V
25/02/2015;-0,01;V
26/02/2015;-0,03;V
27/02/2015;-0,04;V
28/02/2015;-0,04;V
01/03/2015;-0,04;V
02/03/2015;0,10;V
03/03/2015;0,07;V
04/03/2015;0,07;V
05/03/2015;0,22;V
06/03/2015;0,09;V
07/03/2015;0,05;V
08/03/2015;0,03;V
09/03/2015;0,02;V
10/03/2015;0,01;V
11/03/2015;-0,01;V
12/03/2015;-0,01;V
13/03/2015;-0,02;V
14/03/2015;-0,04;V
15/03/2015;-0,04;V
16/03/2015;0,00;V
17/03/2015;0,14;V
18/03/2015;0,04;V
19/03/2015;0,01;V
20/03/2015;-0,01;V
21/03/2015;-0,01;V
22/03/2015;-0,02;V
23/03/2015;-0,04;V
24/03/2015;-0,04;V
25/03/2015;0,00;V
26/03/2015;0,30;V
27/03/2015;0,10;V
28/03/2015;0,06;V
29/03/2015;0,03;V
30/03/2015;0,02;V
31/03/2015;0,02;V
01/04/2015;0,00;V
02/04/2015;-0,01;V
03/04/2015;-0,03;V
04/04/2015;0,19;V
05/04/2015;0,23;V
06/04/2015;0,08;V
07/04/2015;0,04;V
08/04/2015;0,02;V
09/04/2015;0,01;V
10/04/2015;0,00;V
11/04/2015;-0,01;V
12/04/2015;-0,02;V
13/04/2015;-0,03;V
14/04/2015;-0,04;V
15/04/2015;-0,05;V
16/04/2015;-0,05;V
17/04/2015;-0,06;V
18/04/2015;-0,05;V
19/04/2015;-0,08;V
20/04/2015;-0,08;V
21/04/2015;-0,09;V
22/04/2015;-0,09;V
23/04/2015;-0,09;V
24/04/2015;-0,09;V
25/04/2015;-0,09;V
26/04/2015;-0,07;V
27/04/2015;-0,02;V
28/04/2015;0,02;V
29/04/2015;0,02;V
30/04/2015;0,00;V
01/05/2015;-0,05;V
02/05/2015;-0,06;V
03/05/2015;-0,08;V
04/05/2015;-0,09;V
05/05/2015;-0,10;V
06/05/2015;-0,10;V
07/05/2015;-0,10;V
08/05/2015;-0,11;V
09/05/2015;-0,11;V
10/05/2015;-0,12;V
11/05/2015;-0,12;V
12/05/2015;-0,14;V
13/05/2015;-0,13;V
14/05/2015;-0,14;V
15/05/2015;-0,12;V
16/05/2015;-0,11;V
17/05/2015;-0,12;V
18/05/2015;-0,14;V
19/05/2015;-0,14;V
20/05/2015;-0,07;V
21/05/2015;-0,04;V
22/05/2015;-0,08;V
23/05/2015;-0,08;V
24/05/2015;-0,10;V
25/05/2015;-0,12;V
26/05/2015;-0,05;V
27/05/2015;-0,09;V
28/05/2015;-0,12;V
29/05/2015;-0,12;V
30/05/2015;-0,11;V
31/05/2015;-0,11;V
01/06/2015;-0,10;V
02/06/2015;-0,09;V
03/06/2015;-0,08;V
04/06/2015;-0,08;V
05/06/2015;-0,07;V
06/06/2015;-0,07;V
07/06/2015;-0,07;V
08/06/2015;-0,07;V
09/06/2015;-0,05;V
10/06/2015;-0,03;V
11/06/2015;-0,08;V
12/06/2015;-0,14;V
13/06/2015;-0,19;V
14/06/2015;-0,15;V
15/06/2015;-0,04;V
16/06/2015;-0,13;V
17/06/2015;-0,17;V
18/06/2015;-0,15;V
19/06/2015;-0,13;V
20/06/2015;-0,17;V
21/06/2015;-0,19;V
22/06/2015;-0,19;V
23/06/2015;-0,19;V
24/06/2015;-0,15;V
25/06/2015;-0,19;V
26/06/2015;-0,20;V
27/06/2015;-0,20;V
28/06/2015;-0,20;V
29/06/2015;-0,21;V
30/06/2015;-0,20;V
01/07/2015;-0,21;V
02/07/2015;-0,21;V
03/07/2015;-0,21;V
04/07/2015;-0,23;V
05/07/2015;-0,23;V
06/07/2015;-0,23;V
07/07/2015;-0,23;V
08/07/2015;-0,22;V
09/07/2015;-0,21;V
10/07/2015;-0,23;V
11/07/2015;-0,23;V
12/07/2015;-0,22;V
13/07/2015;-0,22;V
14/07/2015;-0,19;V
15/07/2015;-0,22;V
16/07/2015;-0,22;V
17/07/2015;-0,21;V
18/07/2015;-0,21;V
19/07/2015;-0,21;V
20/07/2015;-0,21;V
21/07/2015;-0,21;V
22/07/2015;-0,16;V
23/07/2015;-0,17;V
24/07/2015;-0,20;V
25/07/2015;-0,20;V
26/07/2015;-0,19;V
27/07/2015;-0,20;V
28/07/2015;-0,20;V
29/07/2015;-0,20;V
30/07/2015;-0,21;V
31/07/2015;-0,20;V
01/08/2015;-0,07;V
02/08/2015;-0,08;V
03/08/2015;-0,13;V
04/08/2015;-0,14;V
05/08/2015;-0,14;V
06/08/2015;-0,15;V
07/08/2015;-0,15;V
08/08/2015;-0,16;V
09/08/2015;-0,16;V
10/08/2015;-0,04;V
11/08/2015;-0,15;V
12/08/2015;-0,16;V
13/08/2015;-0,17;V
14/08/2015;-0,17;V
15/08/2015;-0,17;V
16/08/2015;-0,16;V
17/08/2015;-0,17;V
18/08/2015;-0,17;V
19/08/2015;-0,10;V
20/08/2015;-0,16;V
21/08/2015;-0,17;V
22/08/2015;-0,18;V
23/08/2015;-0,18;V
24/08/2015;-0,03;V
25/08/2015;-0,10;V
26/08/2015;-0,15;V
27/08/2015;-0,16;V
28/08/2015;-0,17;V
29/08/2015;-0,17;V
30/08/2015;-0,17;V
31/08/2015;-0,18;V
01/09/2015;-0,18;V
02/09/2015;-0,18;V
03/09/2015;-0,17;V
04/09/2015;-0,17;V
05/09/2015;-0,17;V
06/09/2015;-0,18;V
07/09/2015;-0,18;V
08/09/2015;-0,19;V
09/09/2015;-0,19;V
10/09/2015;-0,19;V
11/09/2015;-0,19;V
12/09/2015;-0,18;V
13/09/2015;-0,12;V
14/09/2015;-0,15;V
15/09/2015;-0,16;V
16/09/2015;-0,17;V
17/09/2015;-0,16;V
18/09/2015;-0,17;V
19/09/2015;-0,17;V
20/09/2015;-0,17;V
21/09/2015;-0,17;V
22/09/2015;-0,17;V
23/09/2015;-0,07;V
24/09/2015;-0,13;V
25/09/2015;-0,16;V
26/09/2015;-0,17;V
27/09/2015;-0,17;V
28/09/2015;-0,17;V
29/09/2015;-0,17;V
30/09/2015;-0,17;V
01/10/2015;-0,16;V
02/10/2015;-0,14;V
03/10/2015;-0,16;V
04/10/2015;0,00;V
05/10/2015;-0,12;V
06/10/2015;-0,12;V
07/10/2015;-0,10;V
08/10/2015;-0,14;V
09/10/2015;-0,14;V
10/10/2015;-0,13;V
11/10/2015;-0,13;V
12/10/2015;-0,14;V
13/10/2015;0,00;V
14/10/2015;-0,03;V
15/10/2015;-0,02;V
16/10/2015;-0,01;V
17/10/2015;-0,07;V
18/10/2015;-0,10;V
19/10/2015;-0,10;V
20/10/2015;-0,12;V
21/10/2015;-0,13;V
22/10/2015;-0,13;V
23/10/2015;-0,13;V
24/10/2015;-0,14;V
25/10/2015;-0,13;V
26/10/2015;-0,13;V
27/10/2015;-0,13;V
28/10/2015;0,03;V
29/10/2015;0,27;V
30/10/2015;-0,01;V
31/10/2015;-0,07;V
01/11/2015;-0,09;V
02/11/2015;-0,10;V
03/11/2015;-0,11;V
04/11/2015;-0,10;V
05/11/2015;-0,11;V
06/11/2015;-0,11;V
07/11/2015;-0,11;V
08/11/2015;-0,13;V
09/11/2015;-0,11;V
10/11/2015;-0,11;V
11/11/2015;-0,10;V
12/11/2015;-0,12;V
13/11/2015;-0,12;V
14/11/2015;-0,13;V
15/11/2015;-0,12;V
16/11/2015;-0,12;V
17/11/2015;-0,13;V
18/11/2015;-0,13;V
19/11/2015;-0,13;V
20/11/2015;-0,12;V
21/11/2015;-0,03;V
22/11/2015;-0,05;V
23/11/2015;-0,08;V
24/11/2015;-0,10;V
25/11/2015;-0,10;V
26/11/2015;-0,10;V
27/11/2015;-0,11;V
28/11/2015;-0,12;V
29/11/2015;-0,12;V
30/11/2015;-0,12;V
01/12/2015;-0,12;V
02/12/2015;-0,13;V
03/12/2015;-0,13;V
04/12/2015;-0,13;V
05/12/2015;-0,13;V
06/12/2015;-0,13;V
07/12/2015;-0,13;V
08/12/2015;-0,13;V
09/12/2015;-0,13;V
10/12/2015;-0,13;V
11/12/2015;-0,12;V
12/12/2015;-0,12;V
13/12/2015;-0,11;V
14/12/2015;-0,12;V
15/12/2015;-0,12;V
16/12/2015;-0,12;V
17/12/2015;-0,13;V
18/12/2015;-0,13;V
19/12/2015;-0,13;V
20/12/2015;-0,13;V
21/12/2015;-0,13;V
22/12/2015;-0,12;V
23/12/2015;-0,13;V
24/12/2015;-0,13;V
25/12/2015;-0,13;V
26/12/2015;-0,13;V
27/12/2015;-0,13;V
28/12/2015;-0,13;V
29/12/2015;-0,13;V
30/12/2015;-0,13;V
31/12/2015;-0,13;V
01/01/2016;-0,14;V
02/01/2016;-0,06;V
03/01/2016;0,06;V
04/01/2016;0,02;V
05/01/2016;0,06;V
06/01/2016;0,26;V
07/01/2016;0,11;V
08/01/2016;0,12;V
09/01/2016;0,06;V
10/01/2016;0,14;V
11/01/2016;0,09;V
12/01/2016;0,07;V
13/01/2016;0,02;V
14/01/2016;0,12;V
15/01/2016;0,37;V
16/01/2016;0,13;V
17/01/2016;0,06;V
18/01/2016;0,03;V
19/01/2016;0,01;V
20/01/2016;-0,01;V
21/01/2016;-0,02;V
22/01/2016;-0,04;V
23/01/2016;-0,04;V
24/01/2016;-0,05;V
25/01/2016;-0,04;V
26/01/2016;-0,05;V
27/01/2016;-0,05;V
28/01/2016;-0,03;V
29/01/2016;-0,03;V
30/01/2016;-0,04;V
31/01/2016;-0,04;V
01/02/2016;0,03;V
02/02/2016;-0,01;V
03/02/2016;-0,01;V
04/02/2016;0,09;V
05/02/2016;0,01;V
06/02/2016;-0,02;V
07/02/2016;-0,01;V
08/02/2016;-0,03;V
09/02/2016;-0,02;V
10/02/2016;0,09;V
11/02/2016;0,02;V
12/02/2016;0,42;V
13/02/2016;0,31;V
14/02/2016;0,56;V
15/02/2016;0,37;V
16/02/2016;0,57;V
17/02/2016;0,44;V
18/02/2016;0,30;V
19/02/2016;0,25;V
20/02/2016;0,20;V
21/02/2016;0,17;V
22/02/2016;0,14;V
23/02/2016;0,17;V
24/02/2016;0,14;V
25/02/2016;0,23;V
26/02/2016;0,22;V
27/02/2016;0,34;V
28/02/2016;0,38;V
29/02/2016;0,54;V
01/03/2016;0,33;V
02/03/2016;0,24;V
03/03/2016;0,23;V
04/03/2016;0,18;V
05/03/2016;0,25;V
06/03/2016;0,36;V
07/03/2016;0,31;V
08/03/2016;0,26;V
09/03/2016;0,24;V
10/03/2016;0,19;V
11/03/2016;0,16;V
12/03/2016;0,14;V
13/03/2016;0,13;V
14/03/2016;0,11;V
15/03/2016;0,10;V
16/03/2016;0,09;V
17/03/2016;0,08;V
18/03/2016;0,08;V
19/03/2016;0,07;V
20/03/2016;0,07;V
21/03/2016;0,08;V
22/03/2016;0,06;V
23/03/2016;0,05;V
24/03/2016;0,05;V
25/03/2016;0,04;V
26/03/2016;0,03;V
27/03/2016;0,03;V
28/03/2016;0,08;V
29/03/2016;0,04;V
30/03/2016;0,03;V
31/03/2016;0,03;V
01/04/2016;0,02;V
02/04/2016;0,02;V
03/04/2016;0,02;V
04/04/2016;0,02;V
05/04/2016;0,01;V
06/04/2016;0,01;V
07/04/2016;0,01;V
08/04/2016;0,02;V
09/04/2016;0,01;V
10/04/2016;0,01;V
11/04/2016;0,00;V
12/04/2016;-0,01;V
13/04/2016;-0,01;V
14/04/2016;-0,01;V
15/04/2016;-0,01;V
16/04/2016;-0,01;V
17/04/2016;-0,01;V
18/04/2016;-0,02;V
19/04/2016;-0,01;V
20/04/2016;-0,01;V
21/04/2016;-0,02;V
22/04/2016;-0,02;V
23/04/2016;0,09;V
24/04/2016;0,03;V
25/04/2016;0,01;V
26/04/2016;-0,01;V
27/04/2016;-0,02;V
28/04/2016;-0,01;V
29/04/2016;-0,01;V
30/04/2016;0,03;V
01/05/2016;0,08;V
02/05/2016;0,03;V
03/05/2016;0,02;V
04/05/2016;0,01;V
05/05/2016;0,00;V
06/05/2016;-0,01;V
07/05/2016;-0,02;V
08/05/2016;-0,01;V
09/05/2016;0,00;V
10/05/2016;-0,02;V
11/05/2016;-0,01;V
12/05/2016;0,15;V
13/05/2016;0,03;V
14/05/2016;0,12;V
15/05/2016;0,06;V
16/05/2016;0,11;V
17/05/2016;0,04;V
18/05/2016;0,02;V
19/05/2016;0,05;V
20/05/2016;0,03;V
21/05/2016;0,01;V
22/05/2016;0,00;V
23/05/2016;0,05;V
24/05/2016;0,02;V
25/05/2016;0,01;V
26/05/2016;0,01;V
27/05/2016;0,01;V
28/05/2016;0,01;V
29/05/2016;0,09;V
30/05/2016;0,05;V
31/05/2016;0,01;V
01/06/2016;0,01;V
02/06/2016;0,05;V
03/06/2016;0,01;V
04/06/2016;0,00;V
05/06/2016;-0,01;V
06/06/2016;-0,01;V
07/06/2016;0,00;V
08/06/2016;0,03;V
09/06/2016;0,08;V
10/06/2016;0,03;V
11/06/2016;0,00;V
12/06/2016;0,12;V
13/06/2016;0,09;V
14/06/2016;0,03;V
15/06/2016;0,00;V
16/06/2016;-0,01;V
17/06/2016;-0,01;V
18/06/2016;-0,02;V
19/06/2016;-0,01;V
20/06/2016;-0,02;V
21/06/2016;-0,03;V
22/06/2016;-0,03;V
23/06/2016;-0,04;V
24/06/2016;-0,04;V
25/06/2016;-0,04;V
26/06/2016;-0,05;V
27/06/2016;-0,06;V
28/06/2016;-0,06;V
29/06/2016;-0,06;V
30/06/2016;-0,06;V
01/07/2016;-0,06;V
02/07/2016;-0,06;V
03/07/2016;-0,07;V
04/07/2016;-0,06;V
05/07/2016;-0,06;V
06/07/2016;-0,06;V
07/07/2016;-0,06;V
08/07/2016;-0,07;V
09/07/2016;-0,07;V
10/07/2016;-0,08;V
11/07/2016;-0,08;V
12/07/2016;-0,08;V
13/07/2016;-0,08;V
14/07/2016;-0,08;V
15/07/2016;-0,04;V
16/07/2016;-0,06;V
17/07/2016;-0,08;V
18/07/2016;-0,07;V
19/07/2016;-0,08;V
20/07/2016;-0,08;V
21/07/2016;-0,08;V
22/07/2016;-0,08;V
23/07/2016;-0,07;V
24/07/2016;-0,07;V
25/07/2016;-0,06;V
26/07/2016;-0,04;V
27/07/2016;-0,07;V
28/07/2016;-0,07;V
29/07/2016;-0,07;V
30/07/2016;-0,08;V
31/07/2016;-0,07;V
01/08/2016;-0,01;V
02/08/2016;-0,06;V
03/08/2016;-0,07;V
04/08/2016;-0,07;V
05/08/2016;-0,06;V
06/08/2016;-0,05;V
07/08/2016;-0,07;V
08/08/2016;-0,08;V
09/08/2016;-0,08;V
10/08/2016;-0,08;V
11/08/2016;-0,08;V
12/08/2016;-0,08;V
13/08/2016;-0,08;V
14/08/2016;-0,08;V
15/08/2016;-0,08;V
16/08/2016;-0,08;V
17/08/2016;-0,08;V
18/08/2016;-0,06;V
19/08/2016;-0,06;V
20/08/2016;-0,07;V
21/08/2016;-0,07;V
22/08/2016;-0,07;V
23/08/2016;-0,07;V
24/08/2016;-0,06;V
25/08/2016;-0,05;V
26/08/2016;-0,05;V
27/08/2016;-0,05;V
28/08/2016;-0,05;V
29/08/2016;-0,04;V
30/08/2016;-0,03;V
31/08/2016;-0,03;V
01/09/2016;-0,04;V
02/09/2016;-0,05;V
03/09/2016;-0,05;V
04/09/2016;-0,05;V
05/09/2016;-0,04;V
06/09/2016;-0,05;V
07/09/2016;-0,05;V
08/09/2016;-0,05;V
09/09/2016;-0,05;V
10/09/2016;-0,05;V
11/09/2016;-0,05;V
12/09/2016;-0,05;V
13/09/2016;-0,04;V
14/09/2016;-0,07;V
15/09/2016;-0,01;V
16/09/2016;0,16;V
17/09/2016;0,04;V
18/09/2016;-0,01;V
19/09/2016;-0,05;V
20/09/2016;-0,05;V
21/09/2016;-0,05;V
22/09/2016;-0,05;V
23/09/2016;-0,06;V
24/09/2016;-0,06;V
25/09/2016;-0,06;V
26/09/2016;-0,05;V
27/09/2016;-0,06;V
28/09/2016;-0,06;V
29/09/2016;-0,06;V
30/09/2016;-0,05;V
01/10/2016;-0,05;V
02/10/2016;0,17;V
03/10/2016;-0,02;V
04/10/2016;-0,05;V
05/10/2016;-0,05;V
06/10/2016;-0,05;V
07/10/2016;-0,05;V
08/10/2016;-0,03;V
09/10/2016;-0,03;V
10/10/2016;-0,04;V
11/10/2016;-0,04;V
12/10/2016;-0,05;V
13/10/2016;-0,04;V
14/10/2016;0,18;V
15/10/2016;0,10;V
16/10/2016;0,00;V
17/10/2016;-0,01;V
18/10/2016;-0,01;V
19/10/2016;0,02;V
20/10/2016;0,01;V
21/10/2016;0,01;V
22/10/2016;-0,02;V
23/10/2016;-0,02;V
24/10/2016;-0,01;V
25/10/2016;-0,02;V
26/10/2016;0,09;V
27/10/2016;0,09;V
28/10/2016;0,00;V
29/10/2016;-0,02;V
30/10/2016;-0,03;V
31/10/2016;-0,02;V
01/11/2016;-0,02;V
02/11/2016;-0,01;V
03/11/2016;-0,02;V
04/11/2016;-0,04;V
05/11/2016;0,02;V
06/11/2016;0,52;V
07/11/2016;0,23;V
08/11/2016;0,08;V
09/11/2016;0,05;V
10/11/2016;0,09;V
11/11/2016;0,29;V
12/11/2016;0,30;V
13/11/2016;0,14;V
14/11/2016;0,09;V
15/11/2016;0,05;V
16/11/2016;0,02;V
17/11/2016;0,01;V
18/11/2016;0,03;V
19/11/2016;0,24;V
20/11/2016;0,19;V
21/11/2016;0,12;V
22/11/2016;0,08;V
23/11/2016;;@
24/11/2016;;@
25/11/2016;;@
26/11/2016;0,03;V
27/11/2016;0,01;V
28/11/2016;0,01;V
29/11/2016;0,01;V
30/11/2016;0,00;V
01/12/2016;0,01;V
02/12/2016;0,01;V
03/12/2016;0,00;V
04/12/2016;-0,01;V
05/12/2016;-0,02;V
06/12/2016;-0,02;V
07/12/2016;-0,02;V
08/12/2016;-0,02;V
09/12/2016;-0,02;V
10/12/2016;-0,02;V
11/12/2016;-0,02;V
12/12/2016;-0,02;V
13/12/2016;-0,03;V
14/12/2016;-0,02;V
15/12/2016;-0,02;V
16/12/2016;-0,02;V
17/12/2016;-0,02;V
18/12/2016;-0,02;V
19/12/2016;-0,02;V
20/12/2016;-0,02;V
21/12/2016;-0,02;V
22/12/2016;-0,03;V
23/12/2016;-0,03;V
24/12/2016;-0,02;V
25/12/2016;-0,02;V
26/12/2016;-0,02;V
27/12/2016;-0,02;V
28/12/2016;-0,03;V
29/12/2016;-0,02;V
30/12/2016;-0,02;V
31/12/2016;-0,03;V
01/01/2017;-0,03;V
02/01/2017;-0,01;V
03/01/2017;0,15;V
04/01/2017;0,04;V
05/01/2017;0,02;V
06/01/2017;0,01;V
07/01/2017;-0,01;V
08/01/2017;-0,02;V
09/01/2017;-0,02;V
10/01/2017;-0,02;V
11/01/2017;-0,01;V
12/01/2017;-0,02;V
13/01/2017;-0,01;V
14/01/2017;0,00;V
15/01/2017;-0,02;V
16/01/2017;-0,02;V
17/01/2017;-0,02;V
18/01/2017;-0,02;V
19/01/2017;-0,02;V
20/01/2017;-0,02;V
21/01/2017;-0,02;V
22/01/2017;-0,02;V
23/01/2017;-0,02;V
24/01/2017;-0,02;V
25/01/2017;-0,02;V
26/01/2017;-0,02;V
27/01/2017;-0,03;V
28/01/2017;-0,03;V
29/01/2017;-0,03;V
30/01/2017;-0,02;V
31/01/2017;-0,02;V
01/02/2017;-0,02;V
02/02/2017;-0,02;V
03/02/2017;0,01;V
04/02/2017;0,07;V
05/02/2017;0,24;V
06/02/2017;0,35;V
07/02/2017;0,17;V
08/02/2017;0,10;V
09/02/2017;0,07;V
10/02/2017;0,04;V
11/02/2017;0,03;V
12/02/2017;0,02;V
13/02/2017;0,01;V
14/02/2017;0,01;V
15/02/2017;0,00;V
16/02/2017;0,01;V
17/02/2017;0,02;V
18/02/2017;0,03;V
19/02/2017;0,01;V
20/02/2017;0,00;V
21/02/2017;-0,01;V
22/02/2017;0,00;V
23/02/2017;-0,01;V
24/02/2017;0,16;V
25/02/2017;0,50;V
26/02/2017;0,18;V
27/02/2017;0,12;V
28/02/2017;0,09;V
01/03/2017;0,07;V
02/03/2017;0,08;V
03/03/2017;0,06;V
04/03/2017;0,06;V
05/03/2017;0,28;V
06/03/2017;0,75;V
07/03/2017;0,56;V
08/03/2017;0,28;V
09/03/2017;0,21;V
10/03/2017;0,16;V
11/03/2017;0,14;V
12/03/2017;0,12;V
13/03/2017;0,10;V
14/03/2017;0,08;V
15/03/2017;0,07;V
16/03/2017;0,07;V
17/03/2017;0,07;V
18/03/2017;0,06;V
19/03/2017;0,06;V
20/03/2017;0,05;V
21/03/2017;0,04;V
22/03/2017;0,04;V
23/03/2017;0,04;V
24/03/2017;0,04;V
25/03/2017;0,04;V
26/03/2017;0,04;V
27/03/2017;0,04;V
28/03/2017;0,03;V
29/03/2017;0,02;V
30/03/2017;0,02;V
31/03/2017;0,01;V
01/04/2017;0,01;V
02/04/2017;0,01;V
03/04/2017;0,01;V
04/04/2017;0,01;V
05/04/2017;0,01;V
06/04/2017;0,02;V
07/04/2017;0,01;V
08/04/2017;0,01;V
09/04/2017;0,00;V
10/04/2017;0,00;V
11/04/2017;0,01;V
12/04/2017;0,00;V
13/04/2017;0,00;V
14/04/2017;0,00;V
15/04/2017;0,00;V
16/04/2017;0,00;V
17/04/2017;-0,01;V
18/04/2017;-0,01;V
19/04/2017;-0,01;V
20/04/2017;-0,02;V
21/04/2017;-0,02;V
22/04/2017;-0,02;V
23/04/2017;-0,02;V
24/04/2017;-0,02;V
25/04/2017;-0,02;V
26/04/2017;-0,02;V
27/04/2017;0,04;V
28/04/2017;0,07;V
29/04/2017;0,01;V
30/04/2017;-0,01;V
01/05/2017;0,01;V
02/05/2017;0,00;V
03/05/2017;-0,01;V
04/05/2017;0,00;V
05/05/2017;0,00;V
06/05/2017;0,01;V
07/05/2017;0,14;V
08/05/2017;0,05;V
09/05/2017;0,14;V
10/05/2017;0,05;V
11/05/2017;0,02;V
12/05/2017;0,01;V
13/05/2017;0,00;V
14/05/2017;0,00;V
15/05/2017;0,02;V
16/05/2017;-0,01;V
17/05/2017;-0,02;V
18/05/2017;-0,03;V
19/05/2017;-0,03;V
20/05/2017;-0,03;V
21/05/2017;-0,03;V
22/05/2017;-0,04;V
23/05/2017;-0,04;V
24/05/2017;-0,04;V
25/05/2017;-0,04;V
26/05/2017;-0,05;V
27/05/2017;-0,05;V
28/05/2017;-0,05;V
29/05/2017;-0,05;V
30/05/2017;-0,06;V
31/05/2017;-0,06;V
01/06/2017;-0,06;V
02/06/2017;-0,06;V
03/06/2017;-0,07;V
04/06/2017;-0,07;V
05/06/2017;-0,06;V
06/06/2017;-0,05;V
07/06/2017;-0,06;V
08/06/2017;-0,06;V
09/06/2017;-0,08;V
10/06/2017;-0,08;V
11/06/2017;-0,07;V
12/06/2017;-0,08;V
13/06/2017;-0,08;V
14/06/2017;-0,08;V
15/06/2017;-0,08;V
16/06/2017;-0,07;V
17/06/2017;-0,07;V
18/06/2017;-0,08;V
19/06/2017;-0,09;V
20/06/2017;-0,09;V
21/06/2017;-0,09;V
22/06/2017;-0,09;V
23/06/2017;-0,08;V
24/06/2017;-0,08;V
25/06/2017;-0,08;V
26/06/2017;-0,08;V
27/06/2017;-0,07;V
28/06/2017;0,02;V
29/06/2017;-0,03;V
30/06/2017;-0,05;V
01/07/2017;-0,06;V
02/07/2017;-0,06;V
03/07/2017;-0,07;V
04/07/2017;-0,07;V
05/07/2017;-0,08;V
06/07/2017;-0,08;V
07/07/2017;-0,08;V
08/07/2017;-0,08;V
09/07/2017;-0,08;V
10/07/2017;-0,08;V
11/07/2017;-0,07;V
12/07/2017;-0,07;V
13/07/2017;-0,07;V
14/07/2017;-0,06;V
15/07/2017;-0,07;V
16/07/2017;-0,07;V
17/07/2017;-0,07;V
18/07/2017;-0,08;V
19/07/2017;-0,08;V
20/07/2017;-0,08;V
21/07/2017;-0,08;V
22/07/2017;-0,08;V
23/07/2017;-0,08;V
24/07/2017;-0,08;V
25/07/2017;-0,06;V
26/07/2017;-0,06;V
27/07/2017;-0,07;V
28/07/2017;-0,06;V
29/07/2017;-0,06;V
30/07/2017;-0,07;V
31/07/2017;-0,07;V
01/08/2017;-0,07;V
02/08/2017;-0,08;V
03/08/2017;-0,08;V
04/08/2017;-0,08;V
05/08/2017;-0,08;V
06/08/2017;-0,08;V
07/08/2017;-0,07;V
08/08/2017;-0,09;V
09/08/2017;-0,08;V
10/08/2017;0,07;V
11/08/2017;-0,06;V
12/08/2017;-0,05;V
13/08/2017;-0,07;V
14/08/2017;-0,08;V
15/08/2017;-0,08;V
16/08/2017;-0,08;V
17/08/2017;-0,08;V
18/08/2017;-0,08;V
19/08/2017;-0,08;V
20/08/2017;-0,08;V
21/08/2017;-0,08;V
22/08/2017;-0,08;V
23/08/2017;-0,08;V
24/08/2017;-0,08;V
25/08/2017;-0,08;V
26/08/2017;-0,08;V
27/08/2017;-0,08;V
28/08/2017;-0,08;V
29/08/2017;-0,08;V
30/08/2017;-0,08;V
31/08/2017;-0,08;V
01/09/2017;-0,08;V
02/09/2017;-0,08;V
03/09/2017;-0,05;V
04/09/2017;-0,08;V
05/09/2017;-0,08;V
06/09/2017;-0,07;V
07/09/2017;-0,04;V
08/09/2017;-0,04;V
09/09/2017;-0,04;V
10/09/2017;0,30;V
11/09/2017;0,03;V
12/09/2017;-0,03;V
13/09/2017;-0,04;V
14/09/2017;-0,05;V
15/09/2017;-0,04;V
16/09/2017;-0,03;V
17/09/2017;-0,06;V
18/09/2017;-0,04;V
19/09/2017;0,00;V
20/09/2017;-0,04;V
21/09/2017;-0,05;V
22/09/2017;-0,05;V
23/09/2017;-0,05;V
24/09/2017;0,06;V
25/09/2017;-0,01;V
26/09/2017;-0,04;V
27/09/2017;-0,05;V
28/09/2017;-0,05;V
29/09/2017;-0,05;V
30/09/2017;-0,05;V
01/10/2017;-0,05;V
02/10/2017;-0,05;V
03/10/2017;-0,05;V
04/10/2017;-0,05;V
05/10/2017;-0,05;V
06/10/2017;-0,05;V
07/10/2017;-0,05;V
08/10/2017;-0,05;V
09/10/2017;-0,05;V
10/10/2017;-0,05;V
11/10/2017;-0,05;V
12/10/2017;-0,05;V
13/10/2017;-0,05;V
14/10/2017;-0,05;V
15/10/2017;-0,06;V
16/10/2017;-0,06;V
17/10/2017;-0,06;V
18/10/2017;-0,06;V
19/10/2017;-0,06;V
20/10/2017;-0,06;V
21/10/2017;-0,05;V
22/10/2017;-0,05;V
23/10/2017;-0,04;V
24/10/2017;-0,06;V
25/10/2017;-0,06;V
26/10/2017;-0,06;V
27/10/2017;-0,05;V
28/10/2017;-0,06;V
29/10/2017;-0,05;V
30/10/2017;-0,05;V
31/10/2017;-0,06;V
01/11/2017;-0,06;V
02/11/2017;-0,05;V
03/11/2017;-0,05;V
04/11/2017;-0,05;V
05/11/2017;0,09;V
06/11/2017;0,04;V
07/11/2017;0,12;V
08/11/2017;-0,01;V
09/11/2017;-0,02;V
10/11/2017;-0,02;V
11/11/2017;-0,04;V
12/11/2017;-0,02;V
13/11/2017;0,45;V
14/11/2017;0,18;V
15/11/2017;0,06;V
16/11/2017;0,02;V
17/11/2017;0,01;V
18/11/2017;0,00;V
19/11/2017;-0,01;V
20/11/2017;-0,02;V
21/11/2017;-0,02;V
22/11/2017;-0,02;V
23/11/2017;-0,02;V
24/11/2017;-0,02;V
25/11/2017;-0,02;V
26/11/2017;0,09;V
27/11/2017;0,01;V
28/11/2017;-0,01;V
29/11/2017;0,25;V
30/11/2017;0,14;V
01/12/2017;0,07;V
02/12/2017;0,05;V
03/12/2017;0,03;V
04/12/2017;0,02;V
05/12/2017;0,01;V
06/12/2017;0,02;V
07/12/2017;0,02;V
08/12/2017;0,28;V
09/12/2017;0,46;V
10/12/2017;0,27;V
11/12/2017;0,42;V
12/12/2017;0,57;V
13/12/2017;0,41;V
14/12/2017;0,48;V
15/12/2017;0,42;V
16/12/2017;0,39;V
17/12/2017;0,29;V
18/12/2017;0,21;V
19/12/2017;0,16;V
20/12/2017;0,14;V
21/12/2017;0,11;V
22/12/2017;0,10;V
23/12/2017;0,08;V
24/12/2017;0,08;V
25/12/2017;0,07;V
26/12/2017;0,06;V
27/12/2017;0,29;V
28/12/2017;0,60;V
29/12/2017;0,32;V
30/12/2017;0,23;V
31/12/2017;0,18;V
01/01/2018;0,36;V
02/01/2018;0,45;V
03/01/2018;0,33;V
04/01/2018;0,32;V
05/01/2018;0,27;V
06/01/2018;0,24;V
07/01/2018;0,19;V
08/01/2018;0,17;V
09/01/2018;0,15;V
10/01/2018;0,14;V
11/01/2018;0,16;V
12/01/2018;0,14;V
13/01/2018;0,12;V
14/01/2018;0,11;V
15/01/2018;0,10;V
16/01/2018;0,21;V
17/01/2018;0,43;V
18/01/2018;0,22;V
19/01/2018;0,29;V
20/01/2018;0,21;V
21/01/2018;0,44;V
22/01/2018;0,28;V
23/01/2018;0,22;V
24/01/2018;0,18;V
25/01/2018;0,17;V
26/01/2018;0,15;V
27/01/2018;0,13;V
28/01/2018;0,11;V
29/01/2018;0,11;V
30/01/2018;0,11;V
31/01/2018;0,11;V
01/02/2018;0,20;V
02/02/2018;0,65;V
03/02/2018;0,63;V
04/02/2018;0,37;V
05/02/2018;0,29;V
06/02/2018;0,26;V
07/02/2018;0,24;V
08/02/2018;0,21;V
09/02/2018;0,18;V
10/02/2018;0,17;V
11/02/2018;0,15;V
12/02/2018;0,16;V
13/02/2018;0,15;V
14/02/2018;0,14;V
15/02/2018;0,11;V
16/02/2018;0,11;V
17/02/2018;0,12;V
18/02/2018;0,61;V
19/02/2018;0,37;V
20/02/2018;0,27;V
21/02/2018;0,22;V
22/02/2018;0,20;V
23/02/2018;0,24;V
24/02/2018;0,23;V
25/02/2018;0,19;V
26/02/2018;0,17;V
27/02/2018;0,15;V
28/02/2018;0,14;V
01/03/2018;0,16;V
02/03/2018;0,63;V
03/03/2018;0,75;V
04/03/2018;0,52;V
05/03/2018;0,43;V
06/03/2018;0,37;V
07/03/2018;0,69;V
08/03/2018;0,40;V
09/03/2018;0,33;V
10/03/2018;0,29;V
11/03/2018;0,60;V
12/03/2018;0,79;V
13/03/2018;0,63;V
14/03/2018;0,44;V
15/03/2018;0,44;V
16/03/2018;0,64;V
17/03/2018;0,43;V
18/03/2018;0,41;V
19/03/2018;0,57;V
20/03/2018;0,42;V
21/03/2018;0,35;V
22/03/2018;0,30;V
23/03/2018;0,27;V
24/03/2018;0,24;V
25/03/2018;0,23;V
26/03/2018;0,20;V
27/03/2018;0,18;V
28/03/2018;0,17;V
29/03/2018;0,17;V
30/03/2018;0,17;V
31/03/2018;0,18;V
01/04/2018;0,21;V
02/04/2018;0,15;V
03/04/2018;0,14;V
04/04/2018;0,29;V
05/04/2018;0,28;V
06/04/2018;0,21;V
07/04/2018;0,18;V
08/04/2018;0,16;V
09/04/2018;0,17;V
10/04/2018;0,17;V
11/04/2018;0,17;V
12/04/2018;0,16;V
13/04/2018;0,15;V
14/04/2018;0,14;V
15/04/2018;0,13;V
16/04/2018;0,12;V
17/04/2018;0,11;V
18/04/2018;0,11;V
19/04/2018;0,10;V
20/04/2018;0,08;V
21/04/2018;0,08;V
22/04/2018;0,07;V
23/04/2018;0,07;V
24/04/2018;0,07;V
25/04/2018;0,07;V
26/04/2018;0,07;V
27/04/2018;0,06;V
28/04/2018;0,05;V
29/04/2018;0,04;V
30/04/2018;0,04;V
01/05/2018;0,05;V
02/05/2018;0,15;V
03/05/2018;0,07;V
04/05/2018;0,07;V
05/05/2018;0,05;V
06/05/2018;0,04;V
07/05/2018;0,08;V
08/05/2018;0,07;V
09/05/2018;0,06;V
10/05/2018;0,04;V
11/05/2018;0,04;V
12/05/2018;0,04;V
13/05/2018;0,04;V
14/05/2018;0,08;V
15/05/2018;0,04;V
16/05/2018;0,04;V
17/05/2018;0,04;V
18/05/2018;0,04;V
19/05/2018;0,03;V
20/05/2018;0,03;V
21/05/2018;0,10;V
22/05/2018;0,14;V
23/05/2018;0,06;V
24/05/2018;0,04;V
25/05/2018;0,03;V
26/05/2018;0,03;V
27/05/2018;0,03;V
28/05/2018;0,01;V
29/05/2018;0,01;V
30/05/2018;0,01;V
31/05/2018;0,00;V
01/06/2018;0,00;V
02/06/2018;0,00;V
03/06/2018;-0,01;V
04/06/2018;0,07;V
05/06/2018;0,01;V
06/06/2018;0,00;V
07/06/2018;0,00;V
08/06/2018;0,08;V
09/06/2018;0,02;V
10/06/2018;0,00;V
11/06/2018;0,00;V
12/06/2018;0,00;V
13/06/2018;0,00;V
14/06/2018;0,04;V
15/06/2018;0,00;V
16/06/2018;-0,01;V
17/06/2018;-0,02;V
18/06/2018;-0,02;V
19/06/2018;-0,02;V
20/06/2018;-0,02;V
21/06/2018;-0,03;V
22/06/2018;0,02;V
23/06/2018;0,00;V
24/06/2018;-0,03;V
25/06/2018;-0,02;V
26/06/2018;-0,03;V
27/06/2018;-0,03;V
28/06/2018;-0,04;V
29/06/2018;-0,04;V
30/06/2018;-0,04;V
01/07/2018;-0,04;V
02/07/2018;-0,05;V
03/07/2018;-0,05;V
04/07/2018;-0,04;V
05/07/2018;-0,05;V
06/07/2018;-0,05;V
07/07/2018;-0,02;V
08/07/2018;-0,04;V
09/07/2018;-0,05;V
10/07/2018;-0,05;V
11/07/2018;-0,05;V
12/07/2018;-0,05;V
13/07/2018;-0,05;V
14/07/2018;-0,05;V
15/07/2018;-0,05;V
16/07/2018;-0,05;V
17/07/2018;0,01;V
18/07/2018;-0,03;V
19/07/2018;-0,04;V
20/07/2018;-0,04;V
21/07/2018;-0,04;V
22/07/2018;-0,04;V
23/07/2018;0,05;V
24/07/2018;-0,04;V
25/07/2018;-0,05;V
26/07/2018;-0,04;V
27/07/2018;-0,05;V
28/07/2018;-0,05;V
29/07/2018;-0,05;V
30/07/2018;-0,05;V
31/07/2018;-0,06;V
01/08/2018;-0,07;V
02/08/2018;-0,05;V
03/08/2018;-0,04;V
04/08/2018;-0,05;V
05/08/2018;-0,06;V
06/08/2018;-0,08;V
07/08/2018;0,09;V
08/08/2018;0,02;V
09/08/2018;0,01;V
10/08/2018;-0,01;V
11/08/2018;-0,03;V
12/08/2018;-0,04;V
13/08/2018;0,00;V
14/08/2018;-0,01;V
15/08/2018;-0,02;V
16/08/2018;-0,03;V
17/08/2018;-0,04;V
18/08/2018;-0,04;V
19/08/2018;-0,04;V
20/08/2018;-0,05;V
21/08/2018;-0,05;V
22/08/2018;0,11;V
23/08/2018;0,00;V
24/08/2018;-0,02;V
25/08/2018;-0,01;V
26/08/2018;-0,01;V
27/08/2018;-0,02;V
28/08/2018;-0,03;V
29/08/2018;-0,04;V
30/08/2018;-0,03;V
31/08/2018;0,03;V
01/09/2018;0,02;V
02/09/2018;-0,01;V
03/09/2018;0,00;V
04/09/2018;-0,02;V
05/09/2018;-0,02;V
06/09/2018;-0,03;V
07/09/2018;-0,02;V
08/09/2018;-0,03;V
09/09/2018;-0,04;V
10/09/2018;-0,04;V
11/09/2018;-0,04;V
12/09/2018;-0,05;V
13/09/2018;-0,04;V
14/09/2018;-0,04;V
15/09/2018;-0,05;V
16/09/2018;-0,04;V
17/09/2018;-0,05;V
18/09/2018;-0,04;V
19/09/2018;-0,04;V
20/09/2018;-0,05;V
21/09/2018;-0,05;V
22/09/2018;-0,05;V
23/09/2018;-0,05;V
24/09/2018;-0,05;V
25/09/2018;-0,06;V
26/09/2018;-0,04;V
27/09/2018;-0,05;V
28/09/2018;-0,06;V
29/09/2018;-0,05;V
30/09/2018;-0,05;V
01/10/2018;0,00;V
02/10/2018;-0,02;V
03/10/2018;-0,03;V
04/10/2018;-0,04;V
05/10/2018;-0,04;V
06/10/2018;-0,02;V
07/10/2018;-0,01;V
08/10/2018;-0,02;V
09/10/2018;-0,02;V
10/10/2018;-0,04;V
11/10/2018;-0,03;V
12/10/2018;-0,03;V
13/10/2018;-0,05;V
14/10/2018;-0,05;V
15/10/2018;-0,05;V
16/10/2018;-0,05;V
17/10/2018;-0,04;V
18/10/2018;-0,05;V
19/10/2018;-0,05;V
20/10/2018;-0,05;V
21/10/2018;-0,05;V
22/10/2018;-0,04;V
23/10/2018;-0,04;V
24/10/2018;-0,04;V
25/10/2018;-0,04;V
26/10/2018;-0,02;V
27/10/2018;-0,03;V
28/10/2018;-0,02;V
29/10/2018;0,22;V
30/10/2018;0,08;V
31/10/2018;0,04;V
01/11/2018;0,12;V
02/11/2018;0,03;V
03/11/2018;0,01;V
04/11/2018;0,03;V
05/11/2018;0,02;V
06/11/2018;0,01;V
07/11/2018;0,02;V
08/11/2018;0,00;V
09/11/2018;-0,01;V
10/11/2018;-0,02;V
11/11/2018;0,00;V
12/11/2018;0,00;V
13/11/2018;-0,01;V
14/11/2018;-0,01;V
15/11/2018;-0,01;V
16/11/2018;-0,02;V
17/11/2018;-0,02;V
18/11/2018;-0,02;V
19/11/2018;-0,02;V
20/11/2018;0,01;V
21/11/2018;0,01;V
22/11/2018;0,02;V
23/11/2018;0,02;V
24/11/2018;0,10;V
25/11/2018;0,11;V
26/11/2018;0,10;V
27/11/2018;0,05;V
28/11/2018;0,02;V
29/11/2018;0,02;V
30/11/2018;0,02;V
01/12/2018;0,02;V
02/12/2018;0,02;V
03/12/2018;0,17;V
04/12/2018;0,17;V
05/12/2018;0,07;V
06/12/2018;0,12;V
07/12/2018;0,09;V
08/12/2018;0,24;V
09/12/2018;0,14;V
10/12/2018;0,09;V
11/12/2018;0,06;V
12/12/2018;0,05;V
13/12/2018;0,05;V
14/12/2018;0,05;V
15/12/2018;0,04;V
16/12/2018;0,05;V
17/12/2018;0,12;V
18/12/2018;0,06;V
19/12/2018;0,05;V
20/12/2018;0,10;V
21/12/2018;0,09;V
22/12/2018;0,14;V
23/12/2018;0,13;V
24/12/2018;0,11;V
25/12/2018;0,09;V
26/12/2018;0,07;V
27/12/2018;0,05;V
28/12/2018;0,05;V
29/12/2018;0,05;V
30/12/2018;0,05;V
31/12/2018;0,04;V
01/01/2019;0,04;V
02/01/2019;0,04;V
03/01/2019;0,02;V
04/01/2019;0,02;V
05/01/2019;0,02;V
06/01/2019;0,02;V
07/01/2019;0,03;V
08/01/2019;0,02;V
09/01/2019;0,02;V
10/01/2019;0,02;V
11/01/2019;0,02;V
12/01/2019;0,01;V
13/01/2019;0,02;V
14/01/2019;0,02;V
15/01/2019;0,01;V
16/01/2019;0,01;V
17/01/2019;0,02;V
18/01/2019;0,02;V
19/01/2019;0,02;V
20/01/2019;0,02;V
21/01/2019;0,02;V
22/01/2019;0,02;V
23/01/2019;0,02;V
24/01/2019;0,02;V
25/01/2019;0,02;V
26/01/2019;0,01;V
27/01/2019;0,02;V
28/01/2019;0,02;V
29/01/2019;0,02;V
30/01/2019;0,04;V
31/01/2019;0,06;V
01/02/2019;0,18;V
02/02/2019;0,50;V
03/02/2019;0,52;V
04/02/2019;0,25;V
05/02/2019;0,17;V
06/02/2019;0,13;V
07/02/2019;0,10;V
08/02/2019;0,09;V
09/02/2019;0,08;V
10/02/2019;0,08;V
11/02/2019;0,09;V
12/02/2019;0,08;V
13/02/2019;0,06;V
14/02/2019;0,05;V
15/02/2019;0,05;V
16/02/2019;0,04;V
17/02/2019;0,04;V
18/02/2019;0,04;V
19/02/2019;0,05;V
20/02/2019;0,04;V
21/02/2019;0,05;V
22/02/2019;0,04;V
23/02/2019;0,03;V
24/02/2019;0,03;V
25/02/2019;0,03;V
26/02/2019;0,02;V
27/02/2019;0,01;V
28/02/2019;0,02;V
01/03/2019;0,01;V
02/03/2019;0,01;V
03/03/2019;0,01;V
04/03/2019;0,01;V
05/03/2019;0,01;V
06/03/2019;0,01;V
07/03/2019;0,01;V
08/03/2019;0,01;V
09/03/2019;0,01;V
10/03/2019;0,01;V
11/03/2019;0,01;V
12/03/2019;0,01;V
13/03/2019;0,01;V
14/03/2019;0,01;V
15/03/2019;0,01;V
16/03/2019;0,01;V
17/03/2019;0,01;V
18/03/2019;0,01;V
19/03/2019;0,01;V
20/03/2019;0,01;V
21/03/2019;0,01;V
22/03/2019;0,00;V
23/03/2019;-0,01;V
24/03/2019;-0,02;V
25/03/2019;-0,01;V
26/03/2019;-0,01;V
27/03/2019;0,00;V
28/03/2019;-0,01;V
29/03/2019;-0,01;V
30/03/2019;-0,02;V
31/03/2019;-0,02;V
01/04/2019;-0,02;V
02/04/2019;-0,02;V
03/04/2019;0,00;V
04/04/2019;0,12;V
05/04/2019;0,09;V
06/04/2019;0,03;V
07/04/2019;0,02;V
08/04/2019;0,01;V
09/04/2019;0,01;V
10/04/2019;0,01;V
11/04/2019;0,02;V
12/04/2019;0,02;V
13/04/2019;0,01;V
14/04/2019;0,09;V
15/04/2019;0,07;V
16/04/2019;0,03;V
17/04/2019;0,01;V
18/04/2019;0,01;V
19/04/2019;0,00;V
20/04/2019;-0,01;V
21/04/2019;-0,01;V
22/04/2019;0,01;V
23/04/2019;0,11;V
24/04/2019;0,05;V
25/04/2019;0,03;V
26/04/2019;0,01;V
27/04/2019;0,04;V
28/04/2019;0,04;V
29/04/2019;0,07;V
30/04/2019;0,04;V
01/05/2019;0,01;V
02/05/2019;0,01;V
03/05/2019;0,04;V
04/05/2019;0,09;V
05/05/2019;0,28;V
06/05/2019;0,16;V
07/05/2019;0,08;V
08/05/2019;0,06;V
09/05/2019;0,30;V
10/05/2019;0,15;V
11/05/2019;0,09;V
12/05/2019;0,09;V
13/05/2019;0,08;V
14/05/2019;0,05;V
15/05/2019;0,05;V
16/05/2019;0,03;V
17/05/2019;0,02;V
18/05/2019;0,04;V
19/05/2019;0,14;V
20/05/2019;0,14;V
21/05/2019;0,15;V
22/05/2019;0,12;V
23/05/2019;0,08;V
24/05/2019;0,06;V
25/05/2019;0,11;V
26/05/2019;0,24;V
27/05/2019;0,18;V
28/05/2019;0,31;V
29/05/2019;0,48;V
30/05/2019;0,27;V
31/05/2019;0,16;V
01/06/2019;0,12;V
02/06/2019;0,10;V
03/06/2019;0,08;V
04/06/2019;0,06;V
05/06/2019;0,05;V
06/06/2019;0,04;V
07/06/2019;0,04;V
08/06/2019;0,03;V
09/06/2019;0,03;V
10/06/2019;0,02;V
11/06/2019;0,01;V
12/06/2019;0,01;V
13/06/2019;0,00;V
14/06/2019;0,00;V
15/06/2019;0,00;V
16/06/2019;0,00;V
17/06/2019;-0,01;V
18/06/2019;-0,02;V
19/06/2019;-0,02;V
20/06/2019;-0,03;V
21/06/2019;-0,03;V
22/06/2019;-0,02;V
23/06/2019;-0,03;V
24/06/2019;-0,02;V
25/06/2019;-0,04;V
26/06/2019;-0,04;V
27/06/2019;-0,05;V
28/06/2019;-0,05;V
29/06/2019;-0,05;V
30/06/2019;-0,07;V
01/07/2019;-0,07;V
02/07/2019;-0,07;V
03/07/2019;-0,07;V
04/07/2019;-0,07;V
05/07/2019;-0,07;V
06/07/2019;-0,08;V
07/07/2019;-0,05;V
08/07/2019;-0,04;V
09/07/2019;-0,05;V
10/07/2019;-0,05;V
11/07/2019;-0,07;V
12/07/2019;-0,08;V
13/07/2019;-0,09;V
14/07/2019;-0,09;V
15/07/2019;-0,03;V
16/07/2019;-0,03;V
17/07/2019;-0,07;V
18/07/2019;-0,07;V
19/07/2019;-0,08;V
20/07/2019;-0,09;V
21/07/2019;;@
22/07/2019;;@
23/07/2019;;@
24/07/2019;;@
25/07/2019;;@
26/07/2019;;@
27/07/2019;;@
28/07/2019;0,10;V
29/07/2019;-0,03;V
30/07/2019;-0,05;V
31/07/2019;-0,05;V
01/08/2019;-0,06;V
02/08/2019;-0,07;V
03/08/2019;-0,09;V
04/08/2019;;@
05/08/2019;;@
06/08/2019;;@
07/08/2019;;@
08/08/2019;;@
09/08/2019;;@
10/08/2019;;@
11/08/2019;;@
12/08/2019;;@
13/08/2019;;@
14/08/2019;;@
15/08/2019;;@
16/08/2019;;@
17/08/2019;-0,08;
18/08/2019;-0,07;V
19/08/2019;;@
20/08/2019;;@
21/08/2019;;@
22/08/2019;;@
23/08/2019;0,00;V
24/08/2019;-0,04;V
25/08/2019;-0,08;V
26/08/2019;-0,11;V
27/08/2019;-0,15;V
28/08/2019;-0,06;V
29/08/2019;-0,02;V
30/08/2019;-0,06;V
31/08/2019;-0,07;V
01/09/2019;-0,08;V
02/09/2019;0,04;V
03/09/2019;-0,03;V
04/09/2019;-0,06;V
05/09/2019;-0,08;V
06/09/2019;-0,01;V
07/09/2019;-0,04;V
08/09/2019;-0,05;V
09/09/2019;-0,06;V
10/09/2019;-0,07;V
11/09/2019;-0,07;V
12/09/2019;-0,08;V
13/09/2019;;@
14/09/2019;;@
15/09/2019;;@
16/09/2019;;@
17/09/2019;;@
18/09/2019;;@
19/09/2019;0,04;
20/09/2019;-0,06;V
21/09/2019;-0,08;V
22/09/2019;-0,01;V
23/09/2019;0,31;V
24/09/2019;0,01;V
25/09/2019;0,00;V
26/09/2019;-0,02;V
27/09/2019;;@
28/09/2019;-0,03;V
29/09/2019;-0,04;V
30/09/2019;-0,03;V
01/10/2019;-0,05;V
02/10/2019;0,03;V
03/10/2019;-0,04;V
04/10/2019;-0,05;V
05/10/2019;-0,04;V
06/10/2019;-0,04;V
07/10/2019;-0,04;V
08/10/2019;-0,05;V
09/10/2019;-0,05;V
10/10/2019;-0,04;V
11/10/2019;-0,05;V
12/10/2019;-0,05;V
13/10/2019;-0,05;V
14/10/2019;-0,05;V
15/10/2019;0,05;V
16/10/2019;0,03;V
17/10/2019;-0,02;V
18/10/2019;-0,03;V
19/10/2019;-0,03;V
20/10/2019;-0,02;V
21/10/2019;-0,03;V
22/10/2019;-0,04;V
23/10/2019;-0,04;V
24/10/2019;-0,02;V
25/10/2019;0,00;V
26/10/2019;-0,03;V
27/10/2019;-0,03;V
28/10/2019;-0,02;V
29/10/2019;-0,02;V
30/10/2019;0,00;V
31/10/2019;0,01;V
01/11/2019;-0,01;V
02/11/2019;-0,01;V
03/11/2019;0,16;V
04/11/2019;0,08;V
05/11/2019;0,35;V
06/11/2019;0,39;V
07/11/2019;0,25;V
08/11/2019;0,51;V
09/11/2019;0,52;V
10/11/2019;0,25;V
11/11/2019;0,19;V
12/11/2019;0,21;V
13/11/2019;0,40;V
14/11/2019;0,29;V
15/11/2019;0,43;V
16/11/2019;0,48;V
17/11/2019;1,13;V
18/11/2019;0,47;V
19/11/2019;0,45;V
20/11/2019;0,37;V
21/11/2019;0,31;V
22/11/2019;0,27;V
23/11/2019;0,24;V
24/11/2019;0,21;V
25/11/2019;0,19;V
26/11/2019;0,17;V
27/11/2019;0,19;V
28/11/2019;0,28;V
29/11/2019;0,46;V
30/11/2019;0,34;V
01/12/2019;0,28;V
02/12/2019;0,60;V
03/12/2019;0,47;V
04/12/2019;0,34;V
05/12/2019;0,30;V
06/12/2019;0,29;V
07/12/2019;0,27;V
08/12/2019;0,25;V
09/12/2019;0,26;V
10/12/2019;0,25;V
11/12/2019;0,22;V
12/12/2019;0,22;V
13/12/2019;0,53;V
14/12/2019;0,43;V
15/12/2019;0,33;V
16/12/2019;0,30;V
17/12/2019;0,28;V
18/12/2019;0,26;V
19/12/2019;0,24;V
20/12/2019;0,24;V
21/12/2019;0,65;V
22/12/2019;0,90;V
23/12/2019;0,49;V
24/12/2019;0,39;V
25/12/2019;0,36;V
26/12/2019;0,32;V
27/12/2019;0,31;V
28/12/2019;0,29;V
29/12/2019;0,28;V
30/12/2019;0,26;V
31/12/2019;0,26;V
01/01/2020;0,24;V
02/01/2020;0,23;V
03/01/2020;0,23;V
04/01/2020;0,23;V
05/01/2020;0,23;V
06/01/2020;0,21;V
07/01/2020;0,21;V
08/01/2020;0,20;V
09/01/2020;0,20;V
10/01/2020;0,20;V
11/01/2020;0,20;V
12/01/2020;0,19;V
13/01/2020;0,19;V
14/01/2020;0,18;V
15/01/2020;0,18;V
16/01/2020;0,17;V
17/01/2020;0,17;V
18/01/2020;0,31;V
19/01/2020;0,23;V
20/01/2020;0,20;V
21/01/2020;0,20;V
22/01/2020;0,19;V
23/01/2020;0,19;V
24/01/2020;0,19;V
25/01/2020;0,28;V
26/01/2020;0,30;V
27/01/2020;0,27;V
28/01/2020;0,29;V
29/01/2020;0,31;V
30/01/2020;0,26;V
31/01/2020;0,27;V
01/02/2020;0,40;V
02/02/2020;0,49;V
03/02/2020;0,36;V
04/02/2020;0,33;V
05/02/2020;0,29;V
06/02/2020;0,27;V
07/02/2020;0,26;V
08/02/2020;0,25;V
09/02/2020;0,24;V
10/02/2020;0,25;V
11/02/2020;0,24;V
12/02/2020;0,23;V
13/02/2020;0,23;V
14/02/2020;0,30;V
15/02/2020;0,25;V
16/02/2020;0,23;V
17/02/2020;0,23;V
18/02/2020;0,23;V
19/02/2020;0,23;V
20/02/2020;0,21;V
21/02/2020;0,20;V
22/02/2020;0,20;V
23/02/2020;0,20;V
24/02/2020;0,20;V
25/02/2020;0,20;V
26/02/2020;0,20;V
27/02/2020;0,23;V
28/02/2020;0,34;V
29/02/2020;0,25;V
01/03/2020;0,31;V
02/03/2020;0,45;V
03/03/2020;0,51;V
04/03/2020;0,40;V
05/03/2020;0,34;V
06/03/2020;0,56;V
07/03/2020;0,39;V
08/03/2020;0,34;V
09/03/2020;0,32;V
10/03/2020;0,30;V
11/03/2020;0,28;V
12/03/2020;0,29;V
13/03/2020;0,27;V
14/03/2020;0,26;V
15/03/2020;0,25;V
16/03/2020;0,23;V
17/03/2020;0,23;V
18/03/2020;0,23;V
19/03/2020;0,22;V
20/03/2020;0,21;V
21/03/2020;0,20;V
22/03/2020;0,20;V
23/03/2020;0,20;V
24/03/2020;0,20;V
25/03/2020;0,20;V
26/03/2020;0,20;V
27/03/2020;0,20;V
28/03/2020;0,19;V
29/03/2020;0,18;V
30/03/2020;0,17;V
31/03/2020;0,17;V
01/04/2020;0,17;V
02/04/2020;0,17;V
03/04/2020;0,17;V
04/04/2020;0,17;V
05/04/2020;0,17;V
06/04/2020;0,16;V
07/04/2020;0,15;V
08/04/2020;0,15;V
09/04/2020;0,14;V
10/04/2020;0,14;V
11/04/2020;0,14;V
12/04/2020;0,14;V
13/04/2020;0,14;V
14/04/2020;0,14;V
15/04/2020;0,14;V
16/04/2020;0,14;V
17/04/2020;0,14;V
18/04/2020;0,14;V
19/04/2020;0,14;V
20/04/2020;0,19;V
21/04/2020;0,17;V
22/04/2020;0,15;V
23/04/2020;0,14;V
24/04/2020;0,13;V
25/04/2020;0,12;V
26/04/2020;0,12;V
27/04/2020;0,12;V
28/04/2020;0,19;V
29/04/2020;0,19;V
30/04/2020;0,15;V
01/05/2020;0,17;V
02/05/2020;0,15;V
03/05/2020;0,14;V
04/05/2020;0,12;V
05/05/2020;0,12;V
06/05/2020;0,12;V
07/05/2020;0,10;V
08/05/2020;0,10;V
09/05/2020;0,10;V
10/05/2020;0,09;V
11/05/2020;0,18;V
12/05/2020;0,24;V
13/05/2020;0,16;V
14/05/2020;0,14;V
15/05/2020;0,13;V
16/05/2020;0,13;V
17/05/2020;0,12;V
18/05/2020;0,12;V
19/05/2020;0,12;V
20/05/2020;0,24;V
21/05/2020;0,13;V
22/05/2020;0,11;V
23/05/2020;0,09;V
24/05/2020;0,10;V
25/05/2020;0,09;V
26/05/2020;0,08;V
27/05/2020;0,08;V
28/05/2020;0,07;V
29/05/2020;0,12;V
30/05/2020;0,10;V
31/05/2020;0,09;V
01/06/2020;0,08;V
02/06/2020;0,07;V
03/06/2020;0,07;V
04/06/2020;0,08;V
05/06/2020;0,11;V
06/06/2020;0,09;V
07/06/2020;0,11;V
08/06/2020;0,11;V
09/06/2020;0,12;V
10/06/2020;0,18;V
11/06/2020;0,12;V
12/06/2020;0,10;V
13/06/2020;0,17;V
14/06/2020;0,20;V
15/06/2020;0,14;V
16/06/2020;0,17;V
17/06/2020;0,19;V
18/06/2020;0,15;V
19/06/2020;0,12;V
20/06/2020;0,11;V
21/06/2020;0,10;V
22/06/2020;0,09;V
23/06/2020;0,08;V
24/06/2020;0,07;V
25/06/2020;0,06;V
26/06/2020;0,06;V
27/06/2020;0,05;V
28/06/2020;0,05;V
29/06/2020;0,05;V
30/06/2020;0,05;V
01/07/2020;0,04;V
02/07/2020;0,04;V
03/07/2020;0,04;V
04/07/2020;0,04;V
05/07/2020;0,03;V
06/07/2020;0,02;V
07/07/2020;0,04;V
08/07/2020;0,01;V
09/07/2020;0,02;V
10/07/2020;0,01;V
11/07/2020;0,01;V
12/07/2020;0,02;V
13/07/2020;0,00;V
14/07/2020;0,01;V
15/07/2020;0,11;V
16/07/2020;0,09;V
17/07/2020;0,07;V
18/07/2020;0,05;V
19/07/2020;0,04;V
20/07/2020;0,05;V
21/07/2020;0,04;V
22/07/2020;0,04;V
23/07/2020;0,04;V
24/07/2020;0,10;V
25/07/2020;0,07;V
26/07/2020;0,04;V
27/07/2020;0,04;V
28/07/2020;0,04;V
29/07/2020;0,03;V
30/07/2020;0,02;V
31/07/2020;0,01;V
01/08/2020;0,02;V
02/08/2020;0,01;V
03/08/2020;-0,01;V
04/08/2020;0,01;V
05/08/2020;0,03;V
06/08/2020;0,03;V
07/08/2020;;@
08/08/2020;;@
09/08/2020;;@
10/08/2020;;@
11/08/2020;;@
12/08/2020;;@
13/08/2020;;@
14/08/2020;;@
15/08/2020;;@
16/08/2020;;@
17/08/2020;;@
18/08/2020;;@
19/08/2020;;@
20/08/2020;;@
21/08/2020;;@
22/08/2020;;@
23/08/2020;;@
24/08/2020;;@
25/08/2020;;@
26/08/2020;;@
27/08/2020;;@
28/08/2020;;@
29/08/2020;;@
30/08/2020;;@
31/08/2020;0,13;V
01/09/2020;0,08;V
02/09/2020;0,06;V
03/09/2020;0,04;V
04/09/2020;0,04;V
05/09/2020;0,04;V
06/09/2020;0,04;V
07/09/2020;0,04;V
08/09/2020;0,04;V
09/09/2020;0,02;V
10/09/2020;0,02;V
11/09/2020;0,03;V
12/09/2020;0,04;V
13/09/2020;0,00;V
14/09/2020;-0,03;V
15/09/2020;-0,02;V
16/09/2020;-0,04;V
17/09/2020;-0,01;V
18/09/2020;0,02;V
19/09/2020;0,03;V
20/09/2020;0,04;V
21/09/2020;0,05;V
22/09/2020;0,08;V
23/09/2020;0,10;V
24/09/2020;0,09;V
25/09/2020;0,18;V
26/09/2020;0,08;V
27/09/2020;0,08;V
28/09/2020;0,07;V
29/09/2020;0,06;V
30/09/2020;0,05;V
01/10/2020;0,06;V
02/10/2020;0,07;V
03/10/2020;0,07;V
04/10/2020;0,12;V
05/10/2020;0,23;V
06/10/2020;0,11;V
07/10/2020;0,26;V
08/10/2020;0,12;V
09/10/2020;0,10;V
10/10/2020;0,10;V
11/10/2020;0,28;V
12/10/2020;0,25;V
13/10/2020;0,14;V
14/10/2020;0,13;V
15/10/2020;0,30;V
16/10/2020;0,31;V
17/10/2020;0,19;V
18/10/2020;0,15;V
19/10/2020;0,13;V
20/10/2020;0,11;V
21/10/2020;0,11;V
22/10/2020;0,11;V
23/10/2020;0,11;V
24/10/2020;0,16;V
25/10/2020;0,14;V
26/10/2020;0,19;V
27/10/2020;0,42;V
28/10/2020;0,22;V
29/10/2020;0,18;V
30/10/2020;0,16;V
31/10/2020;0,14;V
01/11/2020;0,14;V
02/11/2020;0,14;V
03/11/2020;0,14;V
04/11/2020;0,15;V
05/11/2020;0,14;V
06/11/2020;0,12;V
07/11/2020;0,11;V
08/11/2020;0,11;V
09/11/2020;0,11;V
10/11/2020;0,11;V
11/11/2020;0,11;V
12/11/2020;0,14;V
13/11/2020;0,12;V
14/11/2020;0,11;V
15/11/2020;0,11;V
16/11/2020;0,30;V
17/11/2020;0,26;V
18/11/2020;0,18;V
19/11/2020;0,16;V
20/11/2020;0,17;V
21/11/2020;0,14;V
22/11/2020;0,14;V
23/11/2020;0,13;V
24/11/2020;0,14;V
25/11/2020;0,13;V
26/11/2020;0,13;V
27/11/2020;0,13;V
28/11/2020;0,13;V
29/11/2020;0,12;V
30/11/2020;0,11;V
01/12/2020;0,11;V
02/12/2020;0,16;V
03/12/2020;0,18;V
04/12/2020;0,16;V
05/12/2020;0,62;V
06/12/2020;0,69;V
07/12/2020;0,52;V
08/12/2020;0,43;V
09/12/2020;0,49;V
10/12/2020;0,43;V
11/12/2020;0,37;V
12/12/2020;0,32;V
13/12/2020;0,29;V
14/12/2020;0,26;V
15/12/2020;0,25;V
16/12/2020;0,23;V
17/12/2020;0,23;V
18/12/2020;0,21;V
19/12/2020;0,20;V
20/12/2020;0,20;V
21/12/2020;0,20;V
22/12/2020;0,20;V
23/12/2020;0,29;V
24/12/2020;0,34;V
25/12/2020;0,35;V
26/12/2020;0,34;V
27/12/2020;0,29;V
28/12/2020;0,35;V
29/12/2020;0,53;V
30/12/2020;0,50;V
31/12/2020;0,43;V
01/01/2021;0,65;V
02/01/2021;0,50;V
03/01/2021;0,41;V
04/01/2021;0,36;V
05/01/2021;0,45;V
06/01/2021;0,66;V
07/01/2021;0,58;V
08/01/2021;0,43;V
09/01/2021;0,37;V
10/01/2021;0,35;V
11/01/2021;0,32;V
12/01/2021;0,30;V
13/01/2021;0,29;V
14/01/2021;0,28;V
15/01/2021;0,26;V
16/01/2021;0,26;V
17/01/2021;0,25;V
18/01/2021;0,23;V
19/01/2021;0,23;V
20/01/2021;0,23;V
21/01/2021;0,23;V
22/01/2021;0,24;V
23/01/2021;0,29;V
24/01/2021;0,53;V
25/01/2021;0,53;V
26/01/2021;0,39;V
27/01/2021;0,33;V
28/01/2021;0,32;V
29/01/2021;0,37;V
30/01/2021;0,37;V
31/01/2021;0,67;V
01/02/2021;0,44;V
02/02/2021;0,42;V
03/02/2021;0,38;V
04/02/2021;0,35;V
05/02/2021;0,33;V
06/02/2021;0,31;V
07/02/2021;0,49;V
08/02/2021;0,54;V
09/02/2021;0,84;V
10/02/2021;0,65;V
11/02/2021;0,48;V
12/02/2021;0,41;V
13/02/2021;0,39;V
14/02/2021;0,36;V
15/02/2021;0,34;V
16/02/2021;0,33;V
17/02/2021;0,50;V
18/02/2021;0,39;V
19/02/2021;0,35;V
20/02/2021;0,33;V
21/02/2021;0,31;V
22/02/2021;0,29;V
23/02/2021;0,29;V
24/02/2021;0,28;V
25/02/2021;0,26;V
26/02/2021;0,26;V
27/02/2021;0,26;V
28/02/2021;0,25;V
01/03/2021;0,24;V
02/03/2021;0,23;V
03/03/2021;0,23;V
04/03/2021;0,23;V
05/03/2021;0,23;V
06/03/2021;0,22;V
07/03/2021;0,21;V
08/03/2021;0,20;V
09/03/2021;0,20;V
10/03/2021;0,20;V
11/03/2021;0,20;V
12/03/2021;0,20;V
13/03/2021;0,20;V
14/03/2021;0,22;V
15/03/2021;0,20;V
16/03/2021;0,20;V
17/03/2021;0,19;V
18/03/2021;0,19;V
19/03/2021;0,18;V
20/03/2021;0,18;V
21/03/2021;0,17;V
22/03/2021;0,17;V
23/03/2021;0,17;V
24/03/2021;0,17;V
25/03/2021;0,17;V
26/03/2021;0,17;V
27/03/2021;0,17;V
28/03/2021;0,17;V
29/03/2021;0,16;V
30/03/2021;0,16;V
31/03/2021;0,15;V
01/04/2021;0,15;V
02/04/2021;0,15;V
03/04/2021;0,15;V
04/04/2021;0,15;V
05/04/2021;0,14;V
06/04/2021;0,15;V
07/04/2021;0,15;V
08/04/2021;0,14;V
09/04/2021;0,14;V
10/04/2021;0,15;V
11/04/2021;0,19;V
12/04/2021;0,46;V
13/04/2021;0,39;V
14/04/2021;0,27;V
15/04/2021;0,23;V
16/04/2021;0,22;V
17/04/2021;0,20;V
18/04/2021;0,20;V
19/04/2021;0,19;V
20/04/2021;0,19;V
21/04/2021;0,18;V
22/04/2021;0,17;V
23/04/2021;0,17;V
24/04/2021;0,16;V
25/04/2021;0,16;V
26/04/2021;0,16;V
27/04/2021;0,17;V
28/04/2021;0,20;V
29/04/2021;0,23;V
30/04/2021;0,21;V
01/05/2021;0,23;V
02/05/2021;0,40;V
03/05/2021;0,25;V
04/05/2021;0,22;V
05/05/2021;0,21;V
06/05/2021;0,19;V
07/05/2021;0,19;V
08/05/2021;0,18;V
09/05/2021;0,17;V
10/05/2021;0,17;V
11/05/2021;0,23;V
12/05/2021;0,22;V
13/05/2021;0,24;V
14/05/2021;0,23;V
15/05/2021;0,21;V
16/05/2021;0,20;V
17/05/2021;0,20;V
18/05/2021;0,19;V
19/05/2021;0,25;V
20/05/2021;0,22;V
21/05/2021;0,19;V
22/05/2021;0,19;V
23/05/2021;0,18;V
24/05/2021;0,21;V
25/05/2021;0,19;V
26/05/2021;0,16;V
27/05/2021;0,16;V
28/05/2021;0,15;V
29/05/2021;0,15;V
30/05/2021;0,14;V
31/05/2021;0,13;V
01/06/2021;0,13;V
02/06/2021;0,13;V
03/06/2021;0,12;V
04/06/2021;0,12;V
05/06/2021;0,13;V
06/06/2021;0,12;V
07/06/2021;0,13;V
08/06/2021;0,17;V
09/06/2021;0,16;V
10/06/2021;0,13;V
11/06/2021;0,12;V
12/06/2021;0,11;V
13/06/2021;0,11;V
14/06/2021;0,11;V
15/06/2021;0,10;V
16/06/2021;0,10;V
17/06/2021;0,09;V
18/06/2021;0,08;V
19/06/2021;0,08;V
20/06/2021;0,08;V
21/06/2021;0,08;V
22/06/2021;0,07;V
23/06/2021;0,07;V
24/06/2021;0,07;V
25/06/2021;0,06;V
26/06/2021;0,05;V
27/06/2021;0,05;V
28/06/2021;0,04;V
29/06/2021;0,04;V
30/06/2021;0,04;V
01/07/2021;0,04;V
02/07/2021;0,04;V
03/07/2021;0,04;V
04/07/2021;0,04;V
05/07/2021;0,04;V
06/07/2021;0,04;V
07/07/2021;0,04;V
08/07/2021;0,04;V
09/07/2021;0,03;V
10/07/2021;0,02;V
11/07/2021;0,03;V
12/07/2021;0,03;V
13/07/2021;0,16;V
14/07/2021;0,13;V
15/07/2021;0,11;V
16/07/2021;0,11;V
17/07/2021;0,11;V
18/07/2021;0,10;V
19/07/2021;0,08;V
20/07/2021;0,06;V
21/07/2021;0,05;V
22/07/2021;0,04;V
23/07/2021;0,04;V
24/07/2021;0,04;V
25/07/2021;0,04;V
26/07/2021;0,04;V
27/07/2021;0,03;V
28/07/2021;;@
29/07/2021;;@
30/07/2021;;@
31/07/2021;;@
01/08/2021;;@
02/08/2021;;@
03/08/2021;;@
04/08/2021;;@
05/08/2021;;@
06/08/2021;0,08;V
07/08/2021;0,05;V
08/08/2021;0,03;V
09/08/2021;0,00;V
10/08/2021;;@
11/08/2021;;@
12/08/2021;;@
13/08/2021;;@
14/08/2021;;@
15/08/2021;;@
16/08/2021;;@
17/08/2021;;@
18/08/2021;;@
19/08/2021;;@
20/08/2021;;@
21/08/2021;;@
22/08/2021;;@
23/08/2021;;@
24/08/2021;;@
25/08/2021;;@
26/08/2021;;@
27/08/2021;;@
28/08/2021;;@
29/08/2021;0,06;V
30/08/2021;0,02;V
31/08/2021;0,00;V
01/09/2021;0,07;V
02/09/2021;0,02;V
03/09/2021;;@
04/09/2021;;@
05/09/2021;;@
06/09/2021;;@
07/09/2021;;@
08/09/2021;;@
09/09/2021;;@
10/09/2021;;@
11/09/2021;;@
12/09/2021;;@
13/09/2021;;@
14/09/2021;;@
15/09/2021;;@
16/09/2021;;@
17/09/2021;0,19;V
18/09/2021;0,09;V
19/09/2021;0,25;V
20/09/2021;0,12;V
21/09/2021;0,09;V
22/09/2021;0,06;V
23/09/2021;0,05;V
24/09/2021;0,05;V
25/09/2021;0,04;V
26/09/2021;0,17;V
27/09/2021;0,14;V
28/09/2021;0,07;V
29/09/2021;0,05;V
30/09/2021;0,05;V
01/10/2021;0,04;V
02/10/2021;0,04;V
03/10/2021;0,05;V
04/10/2021;0,09;V
05/10/2021;0,19;V
06/10/2021;0,13;V
07/10/2021;0,09;V
08/10/2021;0,08;V
09/10/2021;0,07;V
10/10/2021;0,05;V
11/10/2021;0,05;V
12/10/2021;0,05;V
13/10/2021;0,05;V
14/10/2021;0,05;V
15/10/2021;0,05;V
16/10/2021;0,05;V
17/10/2021;0,05;V
18/10/2021;0,05;V
19/10/2021;0,05;V
20/10/2021;0,05;V
21/10/2021;0,05;V
22/10/2021;0,16;V
23/10/2021;0,09;V
24/10/2021;0,07;V
25/10/2021;0,06;V
26/10/2021;0,07;V
27/10/2021;0,09;V
28/10/2021;0,08;V
29/10/2021;0,08;V
30/10/2021;0,08;V
31/10/2021;0,08;V
01/11/2021;0,16;V
02/11/2021;0,15;V
03/11/2021;0,11;V
04/11/2021;0,13;V
05/11/2021;0,09;V
06/11/2021;0,08;V
07/11/2021;0,12;V
08/11/2021;0,14;V
09/11/2021;0,09;V
10/11/2021;0,08;V
11/11/2021;0,08;V
12/11/2021;0,08;V
13/11/2021;0,16;V
14/11/2021;0,30;V
15/11/2021;0,15;V
16/11/2021;0,16;V
17/11/2021;0,15;V
18/11/2021;0,12;V
19/11/2021;0,10;V
20/11/2021;0,11;V
21/11/2021;0,11;V
22/11/2021;0,13;V
23/11/2021;0,11;V
24/11/2021;0,10;V
25/11/2021;0,12;V
26/11/2021;0,12;V
27/11/2021;0,13;V
28/11/2021;0,18;V
29/11/2021;0,14;V
30/11/2021;0,13;V
01/12/2021;0,15;V
02/12/2021;0,44;V
03/12/2021;0,33;V
04/12/2021;0,32;V
05/12/2021;0,53;V
06/12/2021;0,29;V
07/12/2021;0,23;V
08/12/2021;0,45;V
09/12/2021;0,44;V
10/12/2021;0,33;V
11/12/2021;0,29;V
12/12/2021;0,24;V
13/12/2021;0,22;V
14/12/2021;0,20;V
15/12/2021;0,20;V
16/12/2021;0,19;V
17/12/2021;0,17;V
18/12/2021;0,17;V
19/12/2021;0,17;V
20/12/2021;0,17;V
21/12/2021;0,17;V
22/12/2021;0,16;V
23/12/2021;0,16;V
24/12/2021;0,24;V
25/12/2021;0,83;V
26/12/2021;0,82;V
27/12/2021;0,51;V
28/12/2021;0,42;V
29/12/2021;0,40;V
30/12/2021;0,34;V
31/12/2021;0,32;V
01/01/2022;0,31;V
02/01/2022;0,31;V
03/01/2022;0,30;V
04/01/2022;0,29;V
05/01/2022;0,36;V
06/01/2022;0,55;V
07/01/2022;0,39;V
08/01/2022;0,36;V
09/01/2022;0,44;V
10/01/2022;0,41;V
11/01/2022;0,36;V
12/01/2022;0,33;V
13/01/2022;0,32;V
14/01/2022;0,30;V
15/01/2022;0,29;V
16/01/2022;0,29;V
17/01/2022;0,28;V
18/01/2022;0,26;V
19/01/2022;0,27;V
20/01/2022;0,29;V
21/01/2022;0,28;V
22/01/2022;0,27;V
23/01/2022;0,27;V
24/01/2022;0,26;V
25/01/2022;0,25;V
26/01/2022;0,24;V
27/01/2022;0,24;V
28/01/2022;0,24;V
29/01/2022;0,24;V
30/01/2022;0,24;V
31/01/2022;0,25;V
01/02/2022;0,24;V
02/02/2022;0,23;V
03/02/2022;0,23;V
04/02/2022;0,23;V
05/02/2022;0,24;V
06/02/2022;0,22;V
07/02/2022;0,23;V
08/02/2022;0,22;V
09/02/2022;0,22;V
10/02/2022;0,22;V
11/02/2022;0,22;V
12/02/2022;0,22;V
13/02/2022;0,23;V
14/02/2022;0,25;V
15/02/2022;0,40;V
16/02/2022;0,36;V
17/02/2022;0,31;V
18/02/2022;0,29;V
19/02/2022;0,28;V
20/02/2022;0,26;V
21/02/2022;0,26;V
22/02/2022;0,26;V
23/02/2022;0,25;V
24/02/2022;0,24;V
25/02/2022;0,27;V
26/02/2022;0,32;V
27/02/2022;0,28;V
28/02/2022;0,27;V
01/03/2022;0,27;V
02/03/2022;0,25;V
03/03/2022;0,25;V
04/03/2022;0,25;V
05/03/2022;0,25;V
06/03/2022;0,24;V
07/03/2022;0,24;V
08/03/2022;0,24;V
09/03/2022;0,25;V
10/03/2022;0,25;V
11/03/2022;0,25;V
12/03/2022;0,25;V
13/03/2022;0,24;V
14/03/2022;0,23;V
15/03/2022;0,22;V
16/03/2022;0,23;V
17/03/2022;0,23;V
18/03/2022;0,22;V
19/03/2022;0,22;V
20/03/2022;0,22;V
21/03/2022;0,23;V
22/03/2022;0,23;V
23/03/2022;0,23;V
24/03/2022;0,22;V
25/03/2022;0,22;V
26/03/2022;0,23;V
27/03/2022;0,22;V
28/03/2022;0,21;V
29/03/2022;0,21;V
30/03/2022;0,25;V
31/03/2022;0,70;V
01/04/2022;0,48;V
02/04/2022;0,46;V
03/04/2022;0,40;V
04/04/2022;0,36;V
05/04/2022;0,34;V
06/04/2022;0,33;V
07/04/2022;0,33;V
08/04/2022;0,32;V
09/04/2022;0,31;V
10/04/2022;0,30;V
11/04/2022;0,29;V
12/04/2022;0,29;V
13/04/2022;0,28;V
14/04/2022;0,28;V
15/04/2022;0,28;V
16/04/2022;0,28;V
17/04/2022;0,28;V
18/04/2022;0,27;V
19/04/2022;0,26;V
20/04/2022;0,27;V
21/04/2022;0,33;V
22/04/2022;0,41;V
23/04/2022;0,33;V
24/04/2022;0,55;V
25/04/2022;0,53;V
26/04/2022;0,40;V
27/04/2022;0,36;V
28/04/2022;0,34;V
29/04/2022;0,32;V
30/04/2022;0,31;V
01/05/2022;0,31;V
02/05/2022;0,30;V
03/05/2022;0,29;V
04/05/2022;0,28;V
05/05/2022;0,30;V
06/05/2022;0,33;V
07/05/2022;0,30;V
08/05/2022;0,28;V
09/05/2022;0,28;V
10/05/2022;0,27;V
11/05/2022;0,26;V
12/05/2022;0,26;V
13/05/2022;0,25;V
14/05/2022;0,24;V
15/05/2022;0,24;V
16/05/2022;0,24;V
17/05/2022;0,23;V
18/05/2022;0,23;V
19/05/2022;0,22;V
20/05/2022;0,21;V
21/05/2022;0,21;V
22/05/2022;0,22;V
23/05/2022;0,21;V
24/05/2022;0,22;V
25/05/2022;0,22;V
26/05/2022;0,21;V
27/05/2022;0,19;V
28/05/2022;0,19;V
29/05/2022;0,19;V
30/05/2022;0,19;V
31/05/2022;0,19;V
01/06/2022;0,18;V
02/06/2022;0,17;V
03/06/2022;0,17;V
04/06/2022;0,16;V
05/06/2022;0,15;V
06/06/2022;0,15;V
07/06/2022;0,16;V
08/06/2022;0,15;V
09/06/2022;0,15;V
10/06/2022;0,15;V
11/06/2022;0,14;V
12/06/2022;0,13;V
13/06/2022;0,12;V
14/06/2022;0,12;V
15/06/2022;0,10;V
16/06/2022;0,04;V
17/06/2022;-0,02;V
18/06/2022;-0,04;V
19/06/2022;-0,05;V
20/06/2022;-0,05;V
21/06/2022;-0,04;V
22/06/2022;-0,04;V
23/06/2022;-0,03;V
24/06/2022;-0,04;V
25/06/2022;-0,05;V
26/06/2022;-0,06;V
27/06/2022;-0,06;V
28/06/2022;-0,03;V
29/06/2022;-0,04;V
30/06/2022;-0,06;V
01/07/2022;-0,05;V
02/07/2022;-0,05;V
03/07/2022;-0,06;V
04/07/2022;-0,07;V
05/07/2022;-0,05;V
06/07/2022;-0,05;V
07/07/2022;-0,05;V
08/07/2022;-0,05;V
09/07/2022;-0,06;V
10/07/2022;-0,06;V
11/07/2022;-0,05;V
12/07/2022;-0,05;V
13/07/2022;-0,06;V
14/07/2022;-0,07;V
15/07/2022;-0,06;V
16/07/2022;-0,06;V
17/07/2022;-0,05;V
18/07/2022;-0,06;V
19/07/2022;-0,06;V
20/07/2022;-0,07;V
21/07/2022;-0,05;V
22/07/2022;-0,05;V
23/07/2022;-0,05;V
24/07/2022;-0,04;V
25/07/2022;-0,04;V
26/07/2022;-0,04;V
27/07/2022;-0,05;V
28/07/2022;-0,04;V
29/07/2022;-0,05;V
30/07/2022;-0,05;V
31/07/2022;-0,07;V
01/08/2022;-0,07;V
02/08/2022;-0,05;V
03/08/2022;-0,05;V
04/08/2022;-0,06;V
05/08/2022;-0,04;V
06/08/2022;-0,05;V
07/08/2022;-0,03;V
08/08/2022;-0,04;V
09/08/2022;-0,04;V
10/08/2022;-0,04;V
11/08/2022;-0,05;V
12/08/2022;-0,04;V
13/08/2022;-0,04;V
14/08/2022;-0,05;V
15/08/2022;0,12;V
16/08/2022;0,26;V
17/08/2022;0,12;V
18/08/2022;0,30;V
19/08/2022;0,36;V
20/08/2022;0,21;V
21/08/2022;0,17;V
22/08/2022;0,14;V
23/08/2022;0,12;V
24/08/2022;0,08;V
25/08/2022;0,03;V
26/08/2022;-0,02;V
27/08/2022;-0,02;V
28/08/2022;-0,03;V
29/08/2022;-0,03;V
30/08/2022;-0,03;V
31/08/2022;-0,02;V
01/09/2022;-0,03;V
02/09/2022;-0,04;V
03/09/2022;0,12;V
04/09/2022;0,15;V
05/09/2022;0,10;V
06/09/2022;0,06;V
07/09/2022;0,01;V
08/09/2022;-0,03;V
09/09/2022;-0,04;V
10/09/2022;-0,05;V
11/09/2022;-0,05;V
12/09/2022;-0,06;V
13/09/2022;-0,06;V
14/09/2022;-0,05;V
15/09/2022;-0,04;V
16/09/2022;0,02;V
17/09/2022;0,25;V
18/09/2022;0,20;V
19/09/2022;0,17;V
20/09/2022;0,16;V
21/09/2022;0,15;V
22/09/2022;0,13;V
23/09/2022;0,12;V
24/09/2022;0,28;V
25/09/2022;0,35;V
26/09/2022;0,22;V
27/09/2022;0,19;V
28/09/2022;0,23;V
29/09/2022;0,33;V
30/09/2022;0,71;V
01/10/2022;0,42;V
02/10/2022;0,30;V
03/10/2022;0,26;V
04/10/2022;0,23;V
05/10/2022;0,22;V
06/10/2022;0,21;V
07/10/2022;0,21;V
08/10/2022;0,20;V
09/10/2022;0,20;V
10/10/2022;0,21;V
11/10/2022;0,19;V
12/10/2022;0,19;V
13/10/2022;0,19;V
14/10/2022;0,19;V
15/10/2022;0,19;V
16/10/2022;0,18;V
17/10/2022;0,18;V
18/10/2022;0,18;V
19/10/2022;0,18;V
20/10/2022;0,16;V
21/10/2022;0,16;V
22/10/2022;0,17;V
23/10/2022;0,17;V
24/10/2022;0,17;V
25/10/2022;0,16;V
26/10/2022;0,16;V
27/10/2022;0,16;V
28/10/2022;0,16;V
29/10/2022;0,15;V
30/10/2022;0,15;V
31/10/2022;0,16;V
01/11/2022;0,16;V
02/11/2022;0,16;V
03/11/2022;0,16;V
04/11/2022;0,31;V
05/11/2022;0,19;V
06/11/2022;0,18;V
07/11/2022;0,17;V
08/11/2022;0,18;V
09/11/2022;0,18;V
10/11/2022;0,23;V
11/11/2022;0,20;V
12/11/2022;0,18;V
13/11/2022;0,17;V
14/11/2022;0,16;V
15/11/2022;0,18;V
16/11/2022;0,25;V
17/11/2022;0,22;V
18/11/2022;0,24;V
19/11/2022;0,24;V
20/11/2022;0,23;V
21/11/2022;0,21;V
22/11/2022;0,72;V
23/11/2022;0,51;V
24/11/2022;0,36;V
25/11/2022;0,31;V
26/11/2022;0,29;V
27/11/2022;0,26;V
28/11/2022;0,25;V
29/11/2022;0,25;V
30/11/2022;0,24;V
01/12/2022;0,23;V
02/12/2022;0,22;V
03/12/2022;0,25;V
04/12/2022;0,25;V
05/12/2022;0,66;V
06/12/2022;0,62;V
07/12/2022;0,48;V
08/12/2022;0,41;V
09/12/2022;0,65;V
10/12/2022;0,71;V
11/12/2022;0,66;V
12/12/2022;0,55;V
13/12/2022;0,48;V
14/12/2022;0,44;V
15/12/2022;0,55;R
16/12/2022;1,07;V
17/12/2022;0,76;V
18/12/2022;0,56;V
19/12/2022;0,50;V
20/12/2022;0,47;V
21/12/2022;0,46;V
22/12/2022;0,45;V
23/12/2022;0,44;V
24/12/2022;0,43;V
25/12/2022;0,43;V
26/12/2022;0,40;V
27/12/2022;0,40;V
28/12/2022;0,37;V
29/12/2022;0,38;V
30/12/2022;0,37;V
31/12/2022;0,48;V
01/01/2023;0,42;V
02/01/2023;0,39;V
03/01/2023;0,38;V
04/01/2023;0,35;V
05/01/2023;0,34;V
06/01/2023;0,33;V
07/01/2023;0,32;V
08/01/2023;0,34;V
09/01/2023;0,73;V
10/01/2023;0,49;V
11/01/2023;0,43;V
12/01/2023;0,41;V
13/01/2023;0,39;V
14/01/2023;0,37;V
15/01/2023;0,35;V
16/01/2023;0,36;V
17/01/2023;0,60;V
18/01/2023;0,73;V
19/01/2023;0,62;V
20/01/2023;0,50;V
21/01/2023;0,45;V
22/01/2023;0,43;V
23/01/2023;0,44;V
24/01/2023;0,43;V
25/01/2023;0,40;V
26/01/2023;0,38;V
27/01/2023;0,36;V
28/01/2023;0,35;V
29/01/2023;0,33;V
30/01/2023;0,33;V
31/01/2023;0,31;V
01/02/2023;0,31;V
02/02/2023;0,29;V
03/02/2023;0,29;V
04/02/2023;0,29;V
05/02/2023;0,26;V
06/02/2023;0,25;V
07/02/2023;0,25;V
08/02/2023;0,25;V
09/02/2023;0,24;V
10/02/2023;0,23;V
11/02/2023;0,21;V
12/02/2023;0,21;V
13/02/2023;0,21;V
14/02/2023;0,21;V
15/02/2023;0,20;V
16/02/2023;0,20;V
17/02/2023;0,20;V
18/02/2023;0,19;V
19/02/2023;0,19;V
20/02/2023;0,17;V
21/02/2023;0,17;V
22/02/2023;0,16;V
23/02/2023;0,16;V
24/02/2023;;@
25/02/2023;;@
26/02/2023;;@
27/02/2023;;@
28/02/2023;;@
01/03/2023;;@
02/03/2023;;@
03/03/2023;;@
04/03/2023;;@
05/03/2023;;@
06/03/2023;;@
07/03/2023;;@
08/03/2023;;@
09/03/2023;;@
10/03/2023;;@
11/03/2023;;@
12/03/2023;;@
13/03/2023;;@
14/03/2023;;@
15/03/2023;;@
16/03/2023;;@
17/03/2023;;@
18/03/2023;;@
19/03/2023;;@
20/03/2023;;@
21/03/2023;;@
22/03/2023;;@
23/03/2023;;@
24/03/2023;;@
25/03/2023;;@
26/03/2023;;@
27/03/2023;;@
28/03/2023;;@
29/03/2023;;@
30/03/2023;;@
31/03/2023;;@
01/04/2023;;@
02/04/2023;;@
03/04/2023;;@
04/04/2023;;@
05/04/2023;;@
06/04/2023;;@
07/04/2023;;@
08/04/2023;;@
09/04/2023;;@
10/04/2023;;@
11/04/2023;;@
12/04/2023;;@
13/04/2023;;@
14/04/2023;;@
15/04/2023;;@
16/04/2023;;@
17/04/2023;;@
18/04/2023;;@
19/04/2023;;@
20/04/2023;;@
21/04/2023;;@
22/04/2023;;@
23/04/2023;;@
24/04/2023;;@
25/04/2023;;@
26/04/2023;;@
27/04/2023;;@
28/04/2023;;@
29/04/2023;;@
30/04/2023;;@
01/05/2023;;@
02/05/2023;;@
03/05/2023;;@
04/05/2023;;@
05/05/2023;;@
06/05/2023;;@
07/05/2023;;@
08/05/2023;;@
09/05/2023;;@
10/05/2023;;@
11/05/2023;;@
12/05/2023;;@
13/05/2023;;@
14/05/2023;;@
15/05/2023;;@
16/05/2023;;@
17/05/2023;;@
18/05/2023;;@
19/05/2023;;@
20/05/2023;;@
21/05/2023;;@
22/05/2023;;@
23/05/2023;;@
24/05/2023;;@
25/05/2023;;@
26/05/2023;;@
27/05/2023;;@
28/05/2023;;@
29/05/2023;;@
30/05/2023;;@
31/05/2023;;@
01/06/2023;;@
02/06/2023;;@
03/06/2023;;@
04/06/2023;;@
05/06/2023;;@
06/06/2023;;@
07/06/2023;;@
08/06/2023;;@
09/06/2023;;@
10/06/2023;;@
11/06/2023;;@
12/06/2023;;@
13/06/2023;;@
14/06/2023;;@
15/06/2023;;@
16/06/2023;;@
17/06/2023;;@
18/06/2023;;@
19/06/2023;;@
20/06/2023;;@
21/06/2023;;@
22/06/2023;;@
23/06/2023;;@
24/06/2023;;@
25/06/2023;;@
26/06/2023;;@
27/06/2023;;@
28/06/2023;;@
29/06/2023;;@
30/06/2023;;@
01/07/2023;;@
02/07/2023;;@
03/07/2023;;@
04/07/2023;;@
05/07/2023;;@
06/07/2023;;@
07/07/2023;;@
08/07/2023;;@
09/07/2023;;@
10/07/2023;;@
11/07/2023;;@
12/07/2023;;@
13/07/2023;;@
14/07/2023;;@
15/07/2023;;@
16/07/2023;;@
17/07/2023;;@
18/07/2023;;@
19/07/2023;;@
20/07/2023;;@
21/07/2023;;@
22/07/2023;;@
23/07/2023;;@
24/07/2023;;@
25/07/2023;;@
26/07/2023;;@
27/07/2023;;@
28/07/2023;;@
29/07/2023;;@
30/07/2023;;@
31/07/2023;;@
01/08/2023;;@
02/08/2023;;@
03/08/2023;;@
04/08/2023;;@
05/08/2023;;@
06/08/2023;;@
07/08/2023;;@
08/08/2023;;@
09/08/2023;;@
10/08/2023;;@
11/08/2023;;@
12/08/2023;;@
13/08/2023;;@
14/08/2023;;@
15/08/2023;;@
16/08/2023;;@
17/08/2023;;@
18/08/2023;;@
19/08/2023;;@
20/08/2023;;@
21/08/2023;;@
22/08/2023;;@
23/08/2023;;@
24/08/2023;;@
25/08/2023;;@
26/08/2023;;@
27/08/2023;;@
28/08/2023;;@
29/08/2023;;@
30/08/2023;;@
31/08/2023;;@
01/09/2023;;@
02/09/2023;;@
03/09/2023;;@
04/09/2023;;@
05/09/2023;;@
06/09/2023;;@
07/09/2023;;@
08/09/2023;;@
09/09/2023;;@
10/09/2023;;@
11/09/2023;;@
12/09/2023;;@
13/09/2023;;@
14/09/2023;;@
15/09/2023;;@
16/09/2023;;@
17/09/2023;;@
18/09/2023;;@
19/09/2023;;@
20/09/2023;;@
21/09/2023;;@
22/09/2023;;@
23/09/2023;;@
24/09/2023;;@
25/09/2023;;@
26/09/2023;;@
27/09/2023;;@
28/09/2023;;@
29/09/2023;;@
30/09/2023;;@
01/10/2023;;@
02/10/2023;;@
03/10/2023;;@
04/10/2023;;@
05/10/2023;;@
06/10/2023;;@
07/10/2023;;@
08/10/2023;;@
09/10/2023;;@
10/10/2023;;@
11/10/2023;;@
12/10/2023;;@
13/10/2023;;@
14/10/2023;;@
15/10/2023;;@
16/10/2023;;@
17/10/2023;;@
18/10/2023;;@
19/10/2023;;@
20/10/2023;;@
21/10/2023;;@
22/10/2023;;@
23/10/2023;;@
24/10/2023;;@
25/10/2023;;@
26/10/2023;;@
27/10/2023;;@
28/10/2023;;@
29/10/2023;;@
30/10/2023;;@
31/10/2023;;@
01/11/2023;;@
02/11/2023;;@
03/11/2023;;@
04/11/2023;;@
05/11/2023;;@
06/11/2023;;@
07/11/2023;;@
08/11/2023;;@
09/11/2023;;@
10/11/2023;;@
11/11/2023;;@
12/11/2023;;@
13/11/2023;;@
14/11/2023;;@
15/11/2023;;@
16/11/2023;;@
17/11/2023;;@
18/11/2023;;@
19/11/2023;;@
20/11/2023;;@
21/11/2023;;@
22/11/2023;;@
23/11/2023;;@
24/11/2023;;@
25/11/2023;;@
26/11/2023;;@
27/11/2023;;@
28/11/2023;;@
29/11/2023;;@
30/11/2023;;@
01/12/2023;;@
02/12/2023;;@
03/12/2023;;@
04/12/2023;;@
05/12/2023;;@
06/12/2023;;@
07/12/2023;;@
08/12/2023;;@
09/12/2023;;@
10/12/2023;;@
11/12/2023;;@
12/12/2023;;@
13/12/2023;;@
14/12/2023;;@
15/12/2023;;@
16/12/2023;;@
17/12/2023;;@
18/12/2023;;@
19/12/2023;;@
20/12/2023;;@
21/12/2023;;@
22/12/2023;;@
23/12/2023;;@
24/12/2023;;@
25/12/2023;;@
26/12/2023;;@
27/12/2023;;@
28/12/2023;;@
29/12/2023;;@
30/12/2023;;@
31/12/2023;;@
01/01/2024;0,43;V
02/01/2024;0,39;V
03/01/2024;0,45;V
04/01/2024;0,41;V
05/01/2024;0,42;V
06/01/2024;0,76;V
07/01/2024;0,69;V
08/01/2024;0,60;V
09/01/2024;0,53;V
10/01/2024;0,50;V
11/01/2024;0,48;V
12/01/2024;0,46;V
13/01/2024;0,44;V
14/01/2024;0,44;V
15/01/2024;0,43;V
16/01/2024;0,42;V
17/01/2024;0,45;V
18/01/2024;0,49;V
19/01/2024;0,44;V
20/01/2024;0,41;V
21/01/2024;0,40;V
22/01/2024;0,39;V
23/01/2024;0,43;V
24/01/2024;0,41;V
25/01/2024;0,40;V
26/01/2024;0,40;V
27/01/2024;0,38;V
28/01/2024;0,36;V
29/01/2024;0,36;V
30/01/2024;0,36;V
31/01/2024;0,36;V
01/02/2024;0,35;V
02/02/2024;0,34;V
03/02/2024;0,34;V
04/02/2024;0,34;V
05/02/2024;0,34;V
06/02/2024;0,34;V
07/02/2024;0,34;V
08/02/2024;0,34;V
09/02/2024;0,34;V
10/02/2024;0,49;V
11/02/2024;0,80;V
12/02/2024;0,61;V
13/02/2024;0,56;V
14/02/2024;0,50;V
15/02/2024;0,48;V
16/02/2024;0,46;V
17/02/2024;0,44;V
18/02/2024;0,43;V
19/02/2024;0,42;V
20/02/2024;0,41;V
21/02/2024;0,40;V
22/02/2024;0,40;V
23/02/2024;0,50;V
24/02/2024;0,57;V
25/02/2024;0,57;V
26/02/2024;0,54;V
27/02/2024;0,83;V
28/02/2024;0,74;V
29/02/2024;0,60;V
01/03/2024;0,76;V
02/03/2024;0,86;V
03/03/2024;0,73;V
04/03/2024;0,74;V
05/03/2024;0,63;V
06/03/2024;0,59;V
07/03/2024;0,55;V
08/03/2024;0,54;V
09/03/2024;0,62;V
10/03/2024;0,79;V
11/03/2024;0,70;V
12/03/2024;0,63;V
13/03/2024;0,58;V
14/03/2024;0,55;V
15/03/2024;0,53;V
16/03/2024;0,54;V
17/03/2024;0,51;V
18/03/2024;0,51;V
19/03/2024;0,51;V
20/03/2024;0,47;V
21/03/2024;0,46;V
22/03/2024;0,48;V
23/03/2024;0,46;V
24/03/2024;0,46;V
25/03/2024;0,45;V
26/03/2024;0,49;V
27/03/2024;0,84;V
28/03/2024;0,73;V
29/03/2024;0,60;V
30/03/2024;0,55;V
31/03/2024;0,53;V
01/04/2024;0,63;V
02/04/2024;0,58;V
03/04/2024;0,53;V
04/04/2024;0,51;V
05/04/2024;0,49;V
06/04/2024;0,47;V
07/04/2024;0,45;V
08/04/2024;0,45;V
09/04/2024;0,44;V
10/04/2024;0,46;V
11/04/2024;0,43;V
12/04/2024;0,42;V
13/04/2024;0,40;V
14/04/2024;0,39;V
15/04/2024;0,38;V
16/04/2024;0,37;V
17/04/2024;0,37;V
18/04/2024;0,44;V
19/04/2024;0,39;V
20/04/2024;0,37;V
21/04/2024;0,39;V
22/04/2024;0,42;V
23/04/2024;0,53;V
24/04/2024;0,46;V
25/04/2024;0,41;V
26/04/2024;0,40;V
27/04/2024;0,41;V
28/04/2024;0,38;V
29/04/2024;0,36;V
30/04/2024;0,35;V
01/05/2024;0,44;V
02/05/2024;0,51;V
03/05/2024;0,53;V
04/05/2024;0,44;V
05/05/2024;0,41;V
06/05/2024;0,39;V
07/05/2024;0,48;V
08/05/2024;0,45;V
09/05/2024;0,41;V
10/05/2024;0,38;V
11/05/2024;0,36;V
12/05/2024;0,35;V
13/05/2024;0,35;V
14/05/2024;0,35;V
15/05/2024;0,36;V
16/05/2024;0,37;V
17/05/2024;0,37;V
18/05/2024;0,34;V
19/05/2024;0,36;V
20/05/2024;0,42;V
21/05/2024;0,56;V
22/05/2024;0,43;V
23/05/2024;0,37;V
24/05/2024;0,34;V
25/05/2024;0,33;V
26/05/2024;0,32;V
27/05/2024;0,31;V
28/05/2024;0,30;V
29/05/2024;0,30;V
30/05/2024;0,45;V
31/05/2024;0,47;V
01/06/2024;0,35;V
02/06/2024;0,33;V
03/06/2024;0,32;V
04/06/2024;0,31;V
05/06/2024;0,29;V
06/06/2024;0,29;V
07/06/2024;0,28;V
08/06/2024;0,28;V
09/06/2024;0,28;V
10/06/2024;0,29;V
11/06/2024;0,28;V
12/06/2024;0,26;V
13/06/2024;0,27;V
14/06/2024;0,26;V
15/06/2024;0,25;V
16/06/2024;0,24;V
17/06/2024;0,24;V
18/06/2024;0,24;V
19/06/2024;0,24;V
20/06/2024;0,24;V
21/06/2024;0,24;V
22/06/2024;0,23;V
23/06/2024;0,24;V
24/06/2024;0,47;V
25/06/2024;0,53;V
26/06/2024;0,30;V
27/06/2024;0,28;V
28/06/2024;0,26;V
29/06/2024;0,25;V
30/06/2024;0,24;V
01/07/2024;0,24;V
02/07/2024;0,23;V
03/07/2024;0,24;V
04/07/2024;0,23;V
05/07/2024;0,21;V
06/07/2024;0,21;V
07/07/2024;0,21;V
08/07/2024;0,21;V
09/07/2024;0,20;V
10/07/2024;0,19;V
11/07/2024;0,18;V
12/07/2024;0,18;V
13/07/2024;0,18;V
14/07/2024;0,17;V
15/07/2024;0,16;V
16/07/2024;0,16;V
17/07/2024;0,17;V
18/07/2024;0,16;V
19/07/2024;0,15;V
20/07/2024;0,15;V
21/07/2024;0,15;V
22/07/2024;0,14;V
23/07/2024;0,21;V
24/07/2024;0,17;V
25/07/2024;0,15;V
26/07/2024;0,10;V
27/07/2024;-0,01;V
28/07/2024;-0,02;V
29/07/2024;-0,01;V
30/07/2024;-0,02;V
31/07/2024;-0,03;V
01/08/2024;-0,03;V
02/08/2024;-0,03;V
03/08/2024;-0,01;V
04/08/2024;-0,02;V
05/08/2024;-0,03;V
06/08/2024;-0,01;V
07/08/2024;-0,02;V
08/08/2024;-0,02;V
09/08/2024;-0,02;V
10/08/2024;-0,03;V
11/08/2024;-0,03;V
12/08/2024;-0,03;V
13/08/2024;-0,03;V
14/08/2024;-0,03;V
15/08/2024;-0,02;V
16/08/2024;-0,02;V
17/08/2024;-0,01;V
18/08/2024;-0,01;V
19/08/2024;-0,01;V
20/08/2024;-0,01;V
21/08/2024;-0,02;V
22/08/2024;-0,02;V
23/08/2024;-0,02;V
24/08/2024;-0,02;V
25/08/2024;-0,03;V
26/08/2024;-0,02;V
27/08/2024;-0,01;V
28/08/2024;-0,02;V
29/08/2024;-0,02;V
30/08/2024;0,20;V
31/08/2024;0,08;V
01/09/2024;-0,03;V
02/09/2024;-0,02;V
03/09/2024;-0,02;V
04/09/2024;-0,02;V
05/09/2024;-0,04;V
06/09/2024;-0,14;V
07/09/2024;-0,17;V
08/09/2024;0,06;V
09/09/2024;0,07;V
10/09/2024;-0,10;V
11/09/2024;-0,12;V
12/09/2024;-0,03;V
13/09/2024;0,01;V
14/09/2024;-0,10;V
15/09/2024;-0,12;V
16/09/2024;-0,12;V
17/09/2024;-0,12;V
18/09/2024;-0,08;V
19/09/2024;-0,05;V
20/09/2024;-0,11;V
21/09/2024;-0,12;V
22/09/2024;-0,12;V
23/09/2024;-0,07;V
24/09/2024;-0,05;V
25/09/2024;-0,11;V
26/09/2024;-0,12;V
27/09/2024;-0,12;V
28/09/2024;-0,12;V
29/09/2024;-0,14;V
30/09/2024;-0,15;V
01/10/2024;-0,07;V
02/10/2024;-0,04;V
03/10/2024;0,28;V
04/10/2024;0,07;V
05/10/2024;-0,04;V
06/10/2024;-0,07;V
07/10/2024;-0,07;V
08/10/2024;0,17;V
09/10/2024;0,17;V
10/10/2024;0,15;V
11/10/2024;0,10;V
12/10/2024;0,01;V
13/10/2024;-0,02;V
14/10/2024;-0,04;V
15/10/2024;-0,05;V
16/10/2024;-0,05;V
17/10/2024;0,12;V
18/10/2024;0,61;V
19/10/2024;0,21;V
20/10/2024;0,14;V
21/10/2024;0,07;V
22/10/2024;0,04;V
23/10/2024;0,06;V
24/10/2024;0,07;V
25/10/2024;0,24;V
26/10/2024;0,24;V
27/10/2024;0,16;V
28/10/2024;0,11;V
29/10/2024;0,07;V
30/10/2024;0,05;V
31/10/2024;0,03;V
01/11/2024;0,01;V
02/11/2024;0,00;V
03/11/2024;0,00;V
04/11/2024;-0,02;V
05/11/2024;-0,02;V
06/11/2024;-0,03;V
07/11/2024;-0,03;V
08/11/2024;-0,03;V
09/11/2024;-0,03;V
10/11/2024;-0,04;V
11/11/2024;-0,05;V
12/11/2024;-0,06;V
13/11/2024;-0,06;V
14/11/2024;-0,05;V
15/11/2024;-0,06;V
16/11/2024;-0,06;V
17/11/2024;-0,05;V
18/11/2024;-0,05;V
19/11/2024;-0,05;V
20/11/2024;0,04;V
21/11/2024;0,17;V
22/11/2024;0,30;V
23/11/2024;0,12;V
24/11/2024;0,07;V
25/11/2024;0,04;V
26/11/2024;0,04;V
27/11/2024;0,05;V
28/11/2024;0,06;V
29/11/2024;0,03;V
30/11/2024;0,01;V
01/12/2024;0,01;V
02/12/2024;0,00;V
03/12/2024;-0,01;V
04/12/2024;-0,01;V
05/12/2024;-0,02;V
06/12/2024;-0,02;V
07/12/2024;-0,02;V
08/12/2024;0,46;V
09/12/2024;0,24;V
10/12/2024;0,17;V
11/12/2024;0,12;V
12/12/2024;0,10;V
13/12/2024;0,10;V
14/12/2024;0,16;V
15/12/2024;0,11;V
16/12/2024;0,08;V
17/12/2024;0,07;V
18/12/2024;0,08;V
19/12/2024;0,10;V
20/12/2024;0,26;V
21/12/2024;0,20;V
22/12/2024;0,18;V
23/12/2024;0,24;V
24/12/2024;0,16;V
25/12/2024;0,13;V
26/12/2024;0,11;V
27/12/2024;0,10;V
28/12/2024;0,08;V
29/12/2024;0,07;V
30/12/2024;0,06;V
31/12/2024;0,05;V
01/01/2025;0,04;V
02/01/2025;0,04;V
03/01/2025;0,18;V
04/01/2025;0,15;V
05/01/2025;0,13;V
06/01/2025;0,13;V
07/01/2025;0,12;V
08/01/2025;0,13;V
09/01/2025;0,14;V
10/01/2025;0,12;V
11/01/2025;0,13;V
12/01/2025;0,11;V
13/01/2025;0,08;V
14/01/2025;0,08;V
15/01/2025;0,07;V
16/01/2025;0,05;V
17/01/2025;0,05;V
18/01/2025;0,05;V
19/01/2025;0,05;V
20/01/2025;0,05;V
21/01/2025;0,05;V
22/01/2025;0,06;V
23/01/2025;0,12;V
24/01/2025;0,15;V
25/01/2025;0,10;V
26/01/2025;0,16;V
27/01/2025;0,16;V
28/01/2025;0,64;V
29/01/2025;0,46;V
30/01/2025;0,31;V
31/01/2025;0,32;V
01/02/2025;0,66;V
02/02/2025;0,35;V
03/02/2025;0,27;V
04/02/2025;0,22;V
05/02/2025;0,19;V
06/02/2025;0,17;V
07/02/2025;0,15;V
08/02/2025;0,15;V
09/02/2025;0,17;V
10/02/2025;0,14;V
11/02/2025;0,14;V
12/02/2025;0,21;V
13/02/2025;0,24;V
14/02/2025;0,94;V
15/02/2025;0,43;V
16/02/2025;0,29;V
17/02/2025;0,23;V
18/02/2025;0,20;V
19/02/2025;0,18;V
20/02/2025;0,16;V
21/02/2025;0,15;V
22/02/2025;0,15;V
23/02/2025;0,15;V
24/02/2025;0,26;V
25/02/2025;0,28;V
26/02/2025;0,38;V
27/02/2025;0,25;V
28/02/2025;0,21;V
01/03/2025;0,20;V
02/03/2025;0,17;V
03/03/2025;0,16;V
04/03/2025;0,14;V
05/03/2025;0,14;V
06/03/2025;0,13;V
07/03/2025;0,12;V
08/03/2025;0,11;V
09/03/2025;0,11;V
10/03/2025;0,20;V
11/03/2025;0,14;V
12/03/2025;0,37;V
13/03/2025;0,63;V
14/03/2025;1,43;V
15/03/2025;0,65;V
16/03/2025;0,48;V
17/03/2025;0,32;V
18/03/2025;0,27;V
19/03/2025;0,23;V
20/03/2025;0,21;V
21/03/2025;0,21;V
22/03/2025;0,26;V
23/03/2025;0,24;V
24/03/2025;0,20;V
25/03/2025;0,18;V
26/03/2025;0,18;V
27/03/2025;0,17;V
28/03/2025;0,15;V
29/03/2025;0,15;V
30/03/2025;0,14;V
31/03/2025;0,13;V
01/04/2025;0,12;V
02/04/2025;0,12;V
03/04/2025;0,12;V
04/04/2025;0,12;V
05/04/2025;0,11;V
06/04/2025;0,11;V
07/04/2025;0,10;V
08/04/2025;0,10;V
09/04/2025;0,10;V
10/04/2025;0,09;V
11/04/2025;0,09;V
12/04/2025;0,09;V
13/04/2025;0,13;V
14/04/2025;0,24;V
15/04/2025;0,57;V
16/04/2025;0,26;V
17/04/2025;0,28;V
18/04/2025;0,60;V
19/04/2025;0,30;V
20/04/2025;0,26;V
21/04/2025;0,23;V
22/04/2025;0,21;V
23/04/2025;0,19;V
24/04/2025;0,19;V
25/04/2025;0,17;V
26/04/2025;0,17;V
27/04/2025;0,15;V
28/04/2025;0,14;V
29/04/2025;0,13;V
30/04/2025;0,12;V
01/05/2025;0,11;V
02/05/2025;0,10;V
03/05/2025;0,10;V
04/05/2025;0,10;V
05/05/2025;0,24;V
06/05/2025;0,20;V
07/05/2025;0,15;V
08/05/2025;0,13;V
09/05/2025;0,12;V
10/05/2025;0,12;V
11/05/2025;0,11;V
12/05/2025;0,10;V
13/05/2025;0,12;V
14/05/2025;0,10;V
15/05/2025;0,08;V
16/05/2025;0,17;V
17/05/2025;0,10;V
18/05/2025;0,11;V
19/05/2025;0,09;V
20/05/2025;0,10;V
21/05/2025;0,13;V
22/05/2025;0,11;V
23/05/2025;0,10;V
24/05/2025;0,09;V
25/05/2025;0,07;V
26/05/2025;0,07;V
27/05/2025;0,07;V
28/05/2025;0,07;V
29/05/2025;0,06;V
30/05/2025;0,06;V
31/05/2025;0,05;V
01/06/2025;0,04;V
02/06/2025;0,04;V
03/06/2025;0,04;V
04/06/2025;0,03;V
05/06/2025;0,02;V
06/06/2025;0,02;V
07/06/2025;0,02;V
08/06/2025;0,02;V
09/06/2025;0,02;V
10/06/2025;0,02;V
11/06/2025;0,01;V
12/06/2025;0,01;V
13/06/2025;0,01;V
14/06/2025;0,00;V
15/06/2025;-0,01;V
16/06/2025;-0,02;V
17/06/2025;0,00;V
18/06/2025;0,01;V
19/06/2025;-0,03;V
20/06/2025;-0,04;V
21/06/2025;-0,04;V
22/06/2025;-0,02;V
23/06/2025;-0,03;V
24/06/2025;-0,05;V
25/06/2025;-0,05;V
26/06/2025;-0,06;V
27/06/2025;-0,13;V
28/06/2025;-0,23;V
29/06/2025;-0,24;V
30/06/2025;-0,24;V
01/07/2025;-0,23;V
02/07/2025;-0,09;V
03/07/2025;0,06;V
04/07/2025;0,02;V
05/07/2025;0,01;V
06/07/2025;0,11;V
07/07/2025;0,07;V
08/07/2025;0,03;V
09/07/2025;0,03;V
10/07/2025;0,02;V
11/07/2025;0,01;V
12/07/2025;0,02;V
13/07/2025;0,04;V
14/07/2025;0,03;V
15/07/2025;0,00;V
16/07/2025;0,00;V
17/07/2025;0,00;V
18/07/2025;-0,04;V
19/07/2025;-0,07;V
20/07/2025;-0,09;V
21/07/2025;-0,10;V
22/07/2025;-0,17;V
23/07/2025;-0,18;V
24/07/2025;-0,18;V
25/07/2025;-0,19;V
26/07/2025;0,10;V
27/07/2025;0,07;V
28/07/2025;0,04;V
29/07/2025;0,05;V
30/07/2025;0,03;V
31/07/2025;0,03;V
01/08/2025;0,02;V
02/08/2025;-0,01;V
03/08/2025;-0,04;V
04/08/2025;-0,07;V
05/08/2025;-0,14;V
06/08/2025;-0,17;V
07/08/2025;-0,17;V
08/08/2025;-0,17;V
09/08/2025;-0,17;V
10/08/2025;-0,17;V
11/08/2025;-0,17;V
12/08/2025;-0,16;V
13/08/2025;-0,16;V
14/08/2025;-0,16;V
15/08/2025;-0,16;V
16/08/2025;-0,16;V
17/08/2025;-0,16;V
18/08/2025;-0,15;V
19/08/2025;-0,15;V
20/08/2025;-0,14;V
21/08/2025;-0,14;V
22/08/2025;-0,15;V
23/08/2025;-0,15;V
24/08/2025;-0,14;V
25/08/2025;-0,15;V
26/08/2025;-0,15;V
27/08/2025;-0,14;V
28/08/2025;-0,15;V
29/08/2025;-0,14;V
30/08/2025;-0,04;V
31/08/2025;0,09;V
01/09/2025;0,05;V
02/09/2025;0,18;V
03/09/2025;0,09;V
04/09/2025;0,03;V
05/09/2025;-0,07;V
06/09/2025;-0,15;V
07/09/2025;-0,16;V
08/09/2025;-0,15;V
09/09/2025;-0,11;V
10/09/2025;0,19;V
11/09/2025;0,16;V
12/09/2025;0,12;V
13/09/2025;0,11;V
14/09/2025;0,11;V
15/09/2025;0,11;V
16/09/2025;0,11;V
17/09/2025;0,11;V
18/09/2025;0,09;V
19/09/2025;0,09;V
20/09/2025;0,10;V
21/09/2025;0,08;V
22/09/2025;0,31;V
23/09/2025;0,21;V
24/09/2025;0,18;V
25/09/2025;0,18;V
26/09/2025;0,19;V
27/09/2025;0,17;V
28/09/2025;0,17;V
29/09/2025;0,15;V
30/09/2025;0,14;V
01/10/2025;0,14;V
02/10/2025;0,13;V
03/10/2025;0,14;V
04/10/2025;0,14;V
05/10/2025;0,25;V
06/10/2025;0,17;V
07/10/2025;0,14;V
08/10/2025;0,14;V
09/10/2025;0,14;V
10/10/2025;0,14;V
11/10/2025;0,13;V
12/10/2025;0,13;V
13/10/2025;0,13;V
14/10/2025;0,13;V
15/10/2025;0,13;V
16/10/2025;0,12;V
17/10/2025;0,12;V
18/10/2025;0,12;V
19/10/2025;0,12;V
20/10/2025;0,13;V
21/10/2025;0,24;V
22/10/2025;0,35;V
23/10/2025;0,62;V
24/10/2025;0,40;V
25/10/2025;0,37;V
26/10/2025;0,37;V
27/10/2025;0,29;V
28/10/2025;0,26;V
29/10/2025;0,24;V
30/10/2025;0,39;V
31/10/2025;0,48;V
01/11/2025;0,37;V
02/11/2025;0,32;V
03/11/2025;0,44;R
04/11/2025;0,34;V
05/11/2025;0,30;V
06/11/2025;0,28;V
07/11/2025;0,28;V
08/11/2025;0,26;V
09/11/2025;0,25;V
10/11/2025;0,25;V
11/11/2025;0,24;V
12/11/2025;0,24;V
13/11/2025;0,24;V
14/11/2025;0,24;V
15/11/2025;0,24;V
16/11/2025;0,24;V
17/11/2025;0,50;V
18/11/2025;0,54;V
19/11/2025;0,42;V
20/11/2025;0,41;V
21/11/2025;0,38;V
22/11/2025;0,47;V
23/11/2025;0,41;V
24/11/2025;0,49;V
25/11/2025;0,71;V
26/11/2025;0,50;V
27/11/2025;0,44;V
28/11/2025;0,40;V
29/11/2025;0,38;V
30/11/2025;0,36;V
01/12/2025;0,38;V
02/12/2025;0,38;V
03/12/2025;0,37;V
04/12/2025;0,36;V
05/12/2025;0,34;V
06/12/2025;0,34;V
07/12/2025;0,34;V
08/12/2025;0,33;V
09/12/2025;0,32;V
10/12/2025;0,32;V
11/12/2025;0,32;V
12/12/2025;0,32;V
13/12/2025;0,32;V
14/12/2025;0,31;V
15/12/2025;0,32;V
16/12/2025;0,36;V
17/12/2025;0,46;V
18/12/2025;0,44;V
19/12/2025;0,43;V
20/12/2025;0,41;V
21/12/2025;0,39;V
22/12/2025;0,39;V
23/12/2025;0,40;V
24/12/2025;0,59;V
25/12/2025;0,50;V
26/12/2025;0,46;V
27/12/2025;0,44;V
28/12/2025;0,43;V
29/12/2025;0,41;V
30/12/2025;0,40;V
31/12/2025;0,39;V
01/01/2026;0,38;P
02/01/2026;0,47;P
03/01/2026;0,45;P
04/01/2026;0,42;P
05/01/2026;0,42;P
06/01/2026;0,48;P
07/01/2026;0,45;P
08/01/2026;0,43;P
09/01/2026;0,65;P
10/01/2026;0,64;P
11/01/2026;0,51;P
12/01/2026;0,48;P
13/01/2026;0,46;P
14/01/2026;0,46;P
15/01/2026;0,44;P
16/01/2026;0,43;P
17/01/2026;0,42;P
18/01/2026;0,40;P
19/01/2026;0,40;P
20/01/2026;0,39;P
21/01/2026;0,39;P
22/01/2026;0,38;P
23/01/2026;0,38;P
24/01/2026;0,64;P
25/01/2026;0,96;P
26/01/2026;0,67;P
27/01/2026;0,54;P
28/01/2026;0,78;P
29/01/2026;0,67;P
30/01/2026;0,57;P
31/01/2026;0,53;P
01/02/2026;0,50;P
02/02/2026;0,49;P
03/02/2026;0,56;P
04/02/2026;0,77;P
05/02/2026;0,66;P
06/02/2026;0,83;P
07/02/2026;0,65;P
08/02/2026;0,58;P
09/02/2026;0,54;P
10/02/2026;0,52;P
11/02/2026;0,66;P
12/02/2026;0,64;P
13/02/2026;0,57;P
14/02/2026;0,58;P
15/02/2026;0,54;P
16/02/2026;0,56;P
17/02/2026;0,53;P
18/02/2026;0,51;P
19/02/2026;0,54;P
20/02/2026;0,50;P
21/02/2026;0,48;P
22/02/2026;0,46;P
23/02/2026;0,46;P
24/02/2026;0,46;P
25/02/2026;0,44;P
26/02/2026;0,43;P
27/02/2026;0,43;P
28/02/2026;0,43;P
01/03/2026;0,42;P
02/03/2026;0,40;P
03/03/2026;0,40;P
04/03/2026;0,40;P
05/03/2026;0,40;P
06/03/2026;0,40;P
07/03/2026;0,38;P
08/03/2026;0,39;P
09/03/2026;0,37;P
10/03/2026;0,37;P
11/03/2026;0,40;P
12/03/2026;0,57;P
13/03/2026;0,48;P
14/03/2026;0,44;P
15/03/2026;0,42;P
16/03/2026;0,40;P
17/03/2026;0,40;P
18/03/2026;0,40;P
19/03/2026;0,40;P
20/03/2026;0,40;P
21/03/2026;0,40;P
22/03/2026;0,39;P
23/03/2026;0,39;P
24/03/2026;0,39;P
25/03/2026;0,38;P
26/03/2026;0,52;P
27/03/2026;0,48;P
28/03/2026;0,43;P
29/03/2026;0,42;P
30/03/2026;0,41;P
31/03/2026;0,43;P
01/04/2026;0,40;P
02/04/2026;0,40;P
03/04/2026;0,39;P
04/04/2026;0,38;P
05/04/2026;0,38;P
06/04/2026;0,38;P
07/04/2026;0,37;P
08/04/2026;0,37;P
09/04/2026;0,37;P
10/04/2026;0,37;P
11/04/2026;0,36;P
12/04/2026;0,36;P
13/04/2026;0,36;P
14/04/2026;0,38;P
15/04/2026;0,36;P
16/04/2026;0,36;P
17/04/2026;0,35;P
18/04/2026;0,35;P
19/04/2026;0,35;P
20/04/2026;0,35;P
21/04/2026;0,36;P
22/04/2026;0,36;P
23/04/2026;0,35;P
24/04/2026;0,35;P
25/04/2026;0,35;P
26/04/2026;0,35;P
27/04/2026;0,35;P
28/04/2026;0,35;P
29/04/2026;0,35;P
30/04/2026;0,34;P
01/05/2026;0,34;P
02/05/2026;0,34;P
03/05/2026;0,32;P
04/05/2026;0,32;P
05/05/2026;0,65;P
06/05/2026;0,78;P
07/05/2026;0,66;P
08/05/2026;0,48;P
09/05/2026;0,44;P
10/05/2026;0,44;P
11/05/2026;0,47;P
12/05/2026;0,43;P
13/05/2026;0,47;P
14/05/2026;0,47;P
15/05/2026;0,48;P
16/05/2026;0,55;P
17/05/2026;0,51;P
18/05/2026;0,45;P
19/05/2026;0,43;P
20/05/2026;0,42;P
21/05/2026;0,40;P
22/05/2026;0,39;P
23/05/2026;0,38;P
24/05/2026;0,37;P
25/05/2026;0,36;P
26/05/2026;0,35;P
27/05/2026;0,35;P
28/05/2026;0,35;P
29/05/2026;0,36;P
30/05/2026;0,34;P
31/05/2026;0,33;P
01/06/2026;0,33;P
02/06/2026;0,33;P
03/06/2026;0,44;P
04/06/2026;0,35;P
05/06/2026;0,34;P
06/06/2026;0,33;P
07/06/2026;0,32;P
08/06/2026;0,32;P
09/06/2026;0,31;P
10/06/2026;0,31;P
11/06/2026;0,30;P
