"Stazione";"S. Piero a Sieve-Carza"
"Codice";"TOS01004623"
"Comune";"Scarperia e San Piero "
"Provincia";"FI"
"GB [m]";"E";1686352;"N";4869963
"WGS84 [°]";"Lat";43.959;"Lon";11.322
"Quota [m]";

;;;ATTENZIONE i dati sono nel fomato csv ed utilizzano
;;;come separatore di colonna il "punto e virgola" e
;;;come separatore decimale la "virgola"
;;;verificare le proprie impostazioni internazionali per una corretta visulizzazione.
;;;Il valore contrassegnato con N corrisponde al dato non validato
;;;Il valore contrassegnato con R corrisponde al dato ricostruito
;;;Il valore contrassegnato con I corrisponde al dato incerto
;;;Il valore contrassegnato con @ corrisponde al dato mancante
;;;Il valore contrassegnato con V corrisponde al dato validato
;;;Il valore contrassegnato con P corrisponde al dato prevalidato soggetto ad eventuali modifiche
;;;(consultare la sezione Criteri di validazione)

"gg/mm/aaaa";"Livello [m]";"Tipo Dato"
01/01/2002;0,62;P
02/01/2002;0,56;P
03/01/2002;0,53;P
04/01/2002;0,51;P
05/01/2002;0,49;P
06/01/2002;0,48;P
07/01/2002;0,47;P
08/01/2002;0,47;P
09/01/2002;0,46;P
10/01/2002;0,46;P
11/01/2002;0,46;P
12/01/2002;0,46;P
13/01/2002;0,46;P
14/01/2002;0,46;P
15/01/2002;0,45;P
16/01/2002;0,45;P
17/01/2002;0,45;P
18/01/2002;0,45;P
19/01/2002;0,45;P
20/01/2002;0,45;P
21/01/2002;0,46;P
22/01/2002;0,46;P
23/01/2002;0,45;P
24/01/2002;0,49;P
25/01/2002;0,60;P
26/01/2002;0,54;P
27/01/2002;0,52;P
28/01/2002;0,50;P
29/01/2002;0,49;P
30/01/2002;0,48;P
31/01/2002;0,48;P
01/02/2002;0,48;P
02/02/2002;0,47;P
03/02/2002;0,47;P
04/02/2002;0,46;P
05/02/2002;0,47;P
06/02/2002;0,48;P
07/02/2002;0,51;P
08/02/2002;0,49;P
09/02/2002;0,49;P
10/02/2002;0,49;P
11/02/2002;0,48;P
12/02/2002;0,48;P
13/02/2002;0,48;P
14/02/2002;0,47;P
15/02/2002;0,54;P
16/02/2002;0,86;P
17/02/2002;0,68;P
18/02/2002;0,63;P
19/02/2002;0,59;P
20/02/2002;0,57;P
21/02/2002;1,15;P
22/02/2002;0,87;P
23/02/2002;0,71;P
24/02/2002;0,64;P
25/02/2002;0,60;P
26/02/2002;0,59;P
27/02/2002;0,57;P
28/02/2002;0,55;P
01/03/2002;0,54;P
02/03/2002;0,53;P
03/03/2002;0,52;P
04/03/2002;0,51;P
05/03/2002;0,50;P
06/03/2002;0,50;P
07/03/2002;0,50;P
08/03/2002;;@
09/03/2002;;@
10/03/2002;;@
11/03/2002;;@
12/03/2002;;@
13/03/2002;;@
14/03/2002;;@
15/03/2002;;@
16/03/2002;;@
17/03/2002;;@
18/03/2002;;@
19/03/2002;;@
20/03/2002;;@
21/03/2002;;@
22/03/2002;;@
23/03/2002;;@
24/03/2002;;@
25/03/2002;;@
26/03/2002;;@
27/03/2002;;@
28/03/2002;;@
29/03/2002;;@
30/03/2002;;@
31/03/2002;;@
01/04/2002;;@
02/04/2002;;@
03/04/2002;;@
04/04/2002;;@
05/04/2002;;@
06/04/2002;;@
07/04/2002;;@
08/04/2002;;@
09/04/2002;;@
10/04/2002;;@
11/04/2002;;@
12/04/2002;;@
13/04/2002;;@
14/04/2002;;@
15/04/2002;;@
16/04/2002;;@
17/04/2002;;@
18/04/2002;;@
19/04/2002;;@
20/04/2002;;@
21/04/2002;;@
22/04/2002;;@
23/04/2002;;@
24/04/2002;;@
25/04/2002;;@
26/04/2002;;@
27/04/2002;;@
28/04/2002;;@
29/04/2002;;@
30/04/2002;;@
01/05/2002;;@
02/05/2002;;@
03/05/2002;;@
04/05/2002;;@
05/05/2002;;@
06/05/2002;;@
07/05/2002;;@
08/05/2002;;@
09/05/2002;;@
10/05/2002;;@
11/05/2002;;@
12/05/2002;;@
13/05/2002;;@
14/05/2002;0,54;P
15/05/2002;0,53;P
16/05/2002;0,52;P
17/05/2002;0,50;P
18/05/2002;0,49;P
19/05/2002;0,50;P
20/05/2002;0,49;P
21/05/2002;0,48;P
22/05/2002;0,48;P
23/05/2002;0,48;P
24/05/2002;0,52;P
25/05/2002;0,48;P
26/05/2002;0,47;P
27/05/2002;0,47;P
28/05/2002;0,51;P
29/05/2002;0,49;P
30/05/2002;0,48;P
31/05/2002;0,47;P
01/06/2002;0,46;P
02/06/2002;0,46;P
03/06/2002;0,46;P
04/06/2002;0,46;P
05/06/2002;0,46;P
06/06/2002;0,46;P
07/06/2002;0,53;P
08/06/2002;0,49;P
09/06/2002;0,49;P
10/06/2002;0,48;P
11/06/2002;0,47;P
12/06/2002;0,47;P
13/06/2002;0,46;P
14/06/2002;0,46;P
15/06/2002;0,46;P
16/06/2002;0,45;P
17/06/2002;0,45;P
18/06/2002;0,45;P
19/06/2002;0,45;P
20/06/2002;0,44;P
21/06/2002;0,45;P
22/06/2002;0,45;P
23/06/2002;0,44;P
24/06/2002;0,44;P
25/06/2002;0,44;P
26/06/2002;0,43;P
27/06/2002;0,43;P
28/06/2002;0,44;P
29/06/2002;0,43;P
30/06/2002;0,43;P
01/07/2002;0,43;P
02/07/2002;0,43;P
03/07/2002;0,43;P
04/07/2002;0,43;P
05/07/2002;0,42;P
06/07/2002;0,42;P
07/07/2002;0,42;P
08/07/2002;0,42;P
09/07/2002;0,41;P
10/07/2002;0,42;P
11/07/2002;0,42;P
12/07/2002;0,41;P
13/07/2002;0,41;P
14/07/2002;0,43;P
15/07/2002;0,46;P
16/07/2002;0,50;P
17/07/2002;0,46;P
18/07/2002;0,45;P
19/07/2002;0,44;P
20/07/2002;0,43;P
21/07/2002;0,43;P
22/07/2002;0,43;P
23/07/2002;0,42;P
24/07/2002;0,42;P
25/07/2002;0,43;P
26/07/2002;0,42;P
27/07/2002;0,42;P
28/07/2002;0,42;P
29/07/2002;0,42;P
30/07/2002;0,42;P
31/07/2002;0,42;P
01/08/2002;0,43;P
02/08/2002;0,42;P
03/08/2002;0,42;P
04/08/2002;0,42;P
05/08/2002;0,42;P
06/08/2002;0,47;P
07/08/2002;0,44;P
08/08/2002;0,43;P
09/08/2002;0,50;P
10/08/2002;0,50;P
11/08/2002;0,58;P
12/08/2002;0,51;P
13/08/2002;0,47;P
14/08/2002;0,46;P
15/08/2002;0,45;P
16/08/2002;0,44;P
17/08/2002;0,43;P
18/08/2002;0,43;P
19/08/2002;0,43;P
20/08/2002;0,43;P
21/08/2002;0,43;P
22/08/2002;0,43;P
23/08/2002;0,45;P
24/08/2002;0,44;P
25/08/2002;0,43;P
26/08/2002;0,44;P
27/08/2002;0,44;P
28/08/2002;0,45;P
29/08/2002;0,45;P
30/08/2002;0,44;P
31/08/2002;0,43;P
01/09/2002;0,43;P
02/09/2002;0,43;P
03/09/2002;0,42;P
04/09/2002;0,48;P
05/09/2002;0,51;P
06/09/2002;0,51;P
07/09/2002;0,51;P
08/09/2002;0,48;P
09/09/2002;0,47;P
10/09/2002;0,46;P
11/09/2002;0,47;P
12/09/2002;0,46;P
13/09/2002;0,45;P
14/09/2002;0,44;P
15/09/2002;0,44;P
16/09/2002;0,44;P
17/09/2002;0,44;P
18/09/2002;0,44;P
19/09/2002;0,43;P
20/09/2002;0,44;P
21/09/2002;0,44;P
22/09/2002;0,56;P
23/09/2002;0,72;P
24/09/2002;0,59;P
25/09/2002;0,54;P
26/09/2002;0,51;P
27/09/2002;0,49;P
28/09/2002;0,48;P
29/09/2002;0,47;P
30/09/2002;0,46;P
01/10/2002;0,45;P
02/10/2002;0,45;P
03/10/2002;0,45;P
04/10/2002;0,45;P
05/10/2002;0,45;P
06/10/2002;0,45;P
07/10/2002;0,45;P
08/10/2002;0,45;P
09/10/2002;0,45;P
10/10/2002;0,64;P
11/10/2002;0,89;P
12/10/2002;0,72;P
13/10/2002;0,62;P
14/10/2002;0,55;P
15/10/2002;0,53;P
16/10/2002;0,51;P
17/10/2002;0,54;P
18/10/2002;0,68;P
19/10/2002;0,56;P
20/10/2002;0,53;P
21/10/2002;0,55;P
22/10/2002;1,15;P
23/10/2002;0,75;P
24/10/2002;0,62;P
25/10/2002;0,58;P
26/10/2002;0,54;P
27/10/2002;0,53;P
28/10/2002;0,51;P
29/10/2002;0,49;P
30/10/2002;0,49;P
31/10/2002;0,49;P
01/11/2002;0,48;P
02/11/2002;0,48;P
03/11/2002;0,48;P
04/11/2002;0,48;P
05/11/2002;0,47;P
06/11/2002;0,46;P
07/11/2002;0,46;P
08/11/2002;0,46;P
09/11/2002;0,46;P
10/11/2002;0,46;P
11/11/2002;0,46;P
12/11/2002;0,47;P
13/11/2002;0,48;P
14/11/2002;0,48;P
15/11/2002;0,47;P
16/11/2002;0,48;P
17/11/2002;0,56;P
18/11/2002;1,05;P
19/11/2002;1,04;P
20/11/2002;0,87;P
21/11/2002;0,75;P
22/11/2002;1,16;P
23/11/2002;0,99;P
24/11/2002;0,82;P
25/11/2002;0,74;P
26/11/2002;0,68;P
27/11/2002;0,64;P
28/11/2002;0,61;P
29/11/2002;0,62;P
30/11/2002;0,69;P
01/12/2002;0,69;P
02/12/2002;0,65;P
03/12/2002;0,65;P
04/12/2002;0,62;P
05/12/2002;0,61;P
06/12/2002;0,59;P
07/12/2002;0,56;P
08/12/2002;0,55;P
09/12/2002;0,54;P
10/12/2002;0,53;P
11/12/2002;0,52;P
12/12/2002;0,54;P
13/12/2002;0,75;P
14/12/2002;0,64;P
15/12/2002;0,66;P
16/12/2002;0,70;P
17/12/2002;0,64;P
18/12/2002;0,95;P
19/12/2002;0,78;P
20/12/2002;0,69;P
21/12/2002;0,65;P
22/12/2002;0,62;P
23/12/2002;0,76;P
24/12/2002;0,74;P
25/12/2002;0,89;P
26/12/2002;0,75;P
27/12/2002;0,69;P
28/12/2002;0,87;P
29/12/2002;0,81;P
30/12/2002;0,72;P
31/12/2002;0,87;P
01/01/2003;0,82;P
02/01/2003;0,75;P
03/01/2003;0,71;P
04/01/2003;0,67;P
05/01/2003;0,67;P
06/01/2003;0,66;P
07/01/2003;0,81;P
08/01/2003;0,71;P
09/01/2003;0,71;P
10/01/2003;0,68;P
11/01/2003;0,66;P
12/01/2003;0,64;P
13/01/2003;0,62;P
14/01/2003;0,60;P
15/01/2003;0,60;P
16/01/2003;0,63;P
17/01/2003;0,66;P
18/01/2003;0,63;P
19/01/2003;0,61;P
20/01/2003;0,60;P
21/01/2003;0,71;P
22/01/2003;0,98;P
23/01/2003;0,79;P
24/01/2003;0,74;P
25/01/2003;0,69;P
26/01/2003;0,65;P
27/01/2003;0,62;P
28/01/2003;0,61;P
29/01/2003;0,60;P
30/01/2003;0,58;P
31/01/2003;0,57;P
01/02/2003;0,55;P
02/02/2003;0,54;P
03/02/2003;0,54;P
04/02/2003;1,44;P
05/02/2003;0,91;P
06/02/2003;0,77;P
07/02/2003;0,71;P
08/02/2003;0,67;P
09/02/2003;0,65;P
10/02/2003;0,64;P
11/02/2003;0,62;P
12/02/2003;0,61;P
13/02/2003;0,59;P
14/02/2003;0,58;P
15/02/2003;0,57;P
16/02/2003;0,57;P
17/02/2003;0,56;P
18/02/2003;0,55;P
19/02/2003;0,55;P
20/02/2003;0,54;P
21/02/2003;0,53;P
22/02/2003;0,53;P
23/02/2003;0,52;P
24/02/2003;0,52;P
25/02/2003;0,51;P
26/02/2003;0,51;P
27/02/2003;0,51;P
28/02/2003;0,51;P
01/03/2003;0,51;P
02/03/2003;0,53;P
03/03/2003;0,88;P
04/03/2003;0,66;P
05/03/2003;0,61;P
06/03/2003;0,59;P
07/03/2003;0,59;P
08/03/2003;0,57;P
09/03/2003;0,57;P
10/03/2003;0,56;P
11/03/2003;0,55;P
12/03/2003;0,55;P
13/03/2003;0,54;P
14/03/2003;0,54;P
15/03/2003;0,54;P
16/03/2003;0,53;P
17/03/2003;0,52;P
18/03/2003;0,51;P
19/03/2003;0,51;P
20/03/2003;0,51;P
21/03/2003;0,51;P
22/03/2003;0,50;P
23/03/2003;0,50;P
24/03/2003;0,49;P
25/03/2003;0,49;P
26/03/2003;0,49;P
27/03/2003;0,49;P
28/03/2003;0,49;P
29/03/2003;0,49;P
30/03/2003;0,48;P
31/03/2003;0,49;P
01/04/2003;0,48;P
02/04/2003;0,49;P
03/04/2003;0,55;P
04/04/2003;0,54;P
05/04/2003;0,51;P
06/04/2003;0,50;P
07/04/2003;0,49;P
08/04/2003;0,48;P
09/04/2003;0,48;P
10/04/2003;0,56;P
11/04/2003;0,59;P
12/04/2003;0,82;P
13/04/2003;0,68;P
14/04/2003;0,62;P
15/04/2003;0,59;P
16/04/2003;0,57;P
17/04/2003;0,56;P
18/04/2003;0,55;P
19/04/2003;0,54;P
20/04/2003;0,54;P
21/04/2003;0,63;P
22/04/2003;0,58;P
23/04/2003;0,56;P
24/04/2003;0,54;P
25/04/2003;0,54;P
26/04/2003;0,53;P
27/04/2003;0,55;P
28/04/2003;0,53;P
29/04/2003;0,51;P
30/04/2003;0,52;P
01/05/2003;0,51;P
02/05/2003;0,51;P
03/05/2003;0,50;P
04/05/2003;0,50;P
05/05/2003;0,49;P
06/05/2003;0,49;P
07/05/2003;0,48;P
08/05/2003;0,48;P
09/05/2003;0,48;P
10/05/2003;0,48;P
11/05/2003;0,49;P
12/05/2003;0,48;P
13/05/2003;0,47;P
14/05/2003;0,47;P
15/05/2003;0,46;P
16/05/2003;0,46;P
17/05/2003;0,47;P
18/05/2003;0,47;P
19/05/2003;0,46;P
20/05/2003;0,46;P
21/05/2003;0,46;P
22/05/2003;0,45;P
23/05/2003;0,44;P
24/05/2003;0,44;P
25/05/2003;0,44;P
26/05/2003;0,44;P
27/05/2003;0,44;P
28/05/2003;0,44;P
29/05/2003;0,44;P
30/05/2003;0,48;P
31/05/2003;0,46;P
01/06/2003;0,45;P
02/06/2003;0,44;P
03/06/2003;0,44;P
04/06/2003;0,44;P
05/06/2003;0,43;P
06/06/2003;0,43;P
07/06/2003;0,43;P
08/06/2003;0,43;P
09/06/2003;0,43;P
10/06/2003;0,42;P
11/06/2003;0,42;P
12/06/2003;0,42;P
13/06/2003;0,42;P
14/06/2003;0,42;P
15/06/2003;0,42;P
16/06/2003;0,42;P
17/06/2003;0,46;P
18/06/2003;0,49;P
19/06/2003;0,45;P
20/06/2003;0,43;P
21/06/2003;0,43;P
22/06/2003;0,42;P
23/06/2003;0,43;P
24/06/2003;0,42;P
25/06/2003;0,41;P
26/06/2003;0,41;P
27/06/2003;0,42;P
28/06/2003;0,43;P
29/06/2003;0,42;P
30/06/2003;0,42;P
01/07/2003;0,42;P
02/07/2003;0,41;P
03/07/2003;0,42;P
04/07/2003;0,41;P
05/07/2003;0,40;P
06/07/2003;0,40;P
07/07/2003;0,40;P
08/07/2003;0,40;P
09/07/2003;0,40;P
10/07/2003;0,40;P
11/07/2003;0,41;P
12/07/2003;0,40;P
13/07/2003;0,40;P
14/07/2003;0,41;P
15/07/2003;0,40;P
16/07/2003;0,41;P
17/07/2003;0,40;P
18/07/2003;0,40;P
19/07/2003;0,40;P
20/07/2003;0,38;P
21/07/2003;0,39;P
22/07/2003;0,39;P
23/07/2003;0,39;P
24/07/2003;0,40;P
25/07/2003;0,39;P
26/07/2003;0,40;P
27/07/2003;0,40;P
28/07/2003;0,40;P
29/07/2003;0,40;P
30/07/2003;0,39;P
31/07/2003;0,40;P
01/08/2003;0,40;P
02/08/2003;0,40;P
03/08/2003;0,39;P
04/08/2003;0,39;P
05/08/2003;0,39;P
06/08/2003;0,39;P
07/08/2003;0,39;P
08/08/2003;0,39;P
09/08/2003;0,38;P
10/08/2003;0,39;P
11/08/2003;0,40;P
12/08/2003;0,41;P
13/08/2003;0,41;P
14/08/2003;0,42;P
15/08/2003;0,41;P
16/08/2003;0,41;P
17/08/2003;0,39;P
18/08/2003;0,40;P
19/08/2003;0,39;P
20/08/2003;0,39;P
21/08/2003;0,40;P
22/08/2003;0,43;P
23/08/2003;0,41;P
24/08/2003;0,41;P
25/08/2003;0,42;P
26/08/2003;0,41;P
27/08/2003;0,42;P
28/08/2003;0,42;P
29/08/2003;0,42;P
30/08/2003;0,41;P
31/08/2003;0,42;P
01/09/2003;0,43;P
02/09/2003;0,42;P
03/09/2003;0,41;P
04/09/2003;0,41;P
05/09/2003;0,41;P
06/09/2003;0,42;P
07/09/2003;0,43;P
08/09/2003;0,42;P
09/09/2003;0,43;P
10/09/2003;0,44;P
11/09/2003;0,43;P
12/09/2003;0,42;P
13/09/2003;0,41;P
14/09/2003;0,42;P
15/09/2003;0,43;P
16/09/2003;0,41;P
17/09/2003;0,42;P
18/09/2003;0,43;P
19/09/2003;0,41;P
20/09/2003;0,41;P
21/09/2003;0,41;P
22/09/2003;0,44;P
23/09/2003;0,48;P
24/09/2003;0,43;P
25/09/2003;0,42;P
26/09/2003;0,41;P
27/09/2003;0,41;P
28/09/2003;0,43;P
29/09/2003;0,46;P
30/09/2003;0,45;P
01/10/2003;0,46;P
02/10/2003;0,46;P
03/10/2003;0,44;P
04/10/2003;0,42;P
05/10/2003;0,45;P
06/10/2003;0,42;P
07/10/2003;0,43;P
08/10/2003;0,42;P
09/10/2003;0,42;P
10/10/2003;0,43;P
11/10/2003;0,43;P
12/10/2003;0,43;P
13/10/2003;0,44;P
14/10/2003;0,43;P
15/10/2003;0,43;P
16/10/2003;0,43;P
17/10/2003;0,43;P
18/10/2003;0,44;P
19/10/2003;0,44;P
20/10/2003;0,46;P
21/10/2003;0,52;P
22/10/2003;0,47;P
23/10/2003;0,46;P
24/10/2003;0,46;P
25/10/2003;0,45;P
26/10/2003;0,45;P
27/10/2003;0,48;P
28/10/2003;0,47;P
29/10/2003;0,62;P
30/10/2003;0,58;P
31/10/2003;0,53;P
01/11/2003;0,99;P
02/11/2003;0,77;P
03/11/2003;0,56;P
04/11/2003;0,52;P
05/11/2003;0,49;P
06/11/2003;0,48;P
07/11/2003;0,47;P
08/11/2003;0,69;P
09/11/2003;0,60;P
10/11/2003;0,54;P
11/11/2003;0,52;P
12/11/2003;0,50;P
13/11/2003;0,48;P
14/11/2003;0,48;P
15/11/2003;0,48;P
16/11/2003;0,49;P
17/11/2003;0,49;P
18/11/2003;0,50;P
19/11/2003;0,49;P
20/11/2003;0,48;P
21/11/2003;0,48;P
22/11/2003;0,47;P
23/11/2003;0,47;P
24/11/2003;0,47;P
25/11/2003;0,50;P
26/11/2003;0,99;P
27/11/2003;1,14;P
28/11/2003;1,29;P
29/11/2003;0,88;P
30/11/2003;0,73;P
01/12/2003;0,66;P
02/12/2003;0,63;P
03/12/2003;0,59;P
04/12/2003;0,57;P
05/12/2003;0,55;P
06/12/2003;0,54;P
07/12/2003;0,52;P
08/12/2003;0,51;P
09/12/2003;0,51;P
10/12/2003;0,52;P
11/12/2003;0,70;P
12/12/2003;0,60;P
13/12/2003;0,57;P
14/12/2003;0,55;P
15/12/2003;0,52;P
16/12/2003;0,52;P
17/12/2003;0,51;P
18/12/2003;0,50;P
19/12/2003;0,50;P
20/12/2003;0,50;P
21/12/2003;0,60;P
22/12/2003;0,75;P
23/12/2003;0,62;P
24/12/2003;0,58;P
25/12/2003;0,56;P
26/12/2003;0,54;P
27/12/2003;0,53;P
28/12/2003;0,54;P
29/12/2003;0,72;P
30/12/2003;0,83;P
31/12/2003;0,90;P
01/01/2004;0,77;P
02/01/2004;0,68;P
03/01/2004;0,63;P
04/01/2004;0,60;P
05/01/2004;0,58;P
06/01/2004;0,56;P
07/01/2004;0,55;P
08/01/2004;0,55;P
09/01/2004;0,55;P
10/01/2004;0,55;P
11/01/2004;0,53;P
12/01/2004;0,53;P
13/01/2004;0,55;P
14/01/2004;0,56;P
15/01/2004;0,58;P
16/01/2004;0,57;P
17/01/2004;0,83;P
18/01/2004;1,16;P
19/01/2004;0,92;P
20/01/2004;0,79;P
21/01/2004;0,70;P
22/01/2004;0,65;P
23/01/2004;0,62;P
24/01/2004;0,60;P
25/01/2004;0,58;P
26/01/2004;0,57;P
27/01/2004;0,57;P
28/01/2004;0,59;P
29/01/2004;0,59;P
30/01/2004;0,56;P
31/01/2004;0,56;P
01/02/2004;0,58;P
02/02/2004;0,73;P
03/02/2004;0,83;P
04/02/2004;0,76;P
05/02/2004;0,69;P
06/02/2004;0,65;P
07/02/2004;0,63;P
08/02/2004;0,62;P
09/02/2004;0,60;P
10/02/2004;0,58;P
11/02/2004;0,58;P
12/02/2004;0,57;P
13/02/2004;0,55;P
14/02/2004;0,55;P
15/02/2004;0,54;P
16/02/2004;0,53;P
17/02/2004;0,52;P
18/02/2004;0,52;P
19/02/2004;0,83;P
20/02/2004;0,82;P
21/02/2004;0,77;P
22/02/2004;0,97;P
23/02/2004;1,29;P
24/02/2004;0,90;P
25/02/2004;0,79;P
26/02/2004;0,81;P
27/02/2004;0,82;P
28/02/2004;0,78;P
29/02/2004;0,77;P
01/03/2004;0,75;P
02/03/2004;0,72;P
03/03/2004;0,70;P
04/03/2004;0,71;P
05/03/2004;0,70;P
06/03/2004;0,70;P
07/03/2004;0,86;P
08/03/2004;0,79;P
09/03/2004;0,75;P
10/03/2004;0,71;P
11/03/2004;0,74;P
12/03/2004;0,73;P
13/03/2004;0,68;P
14/03/2004;0,66;P
15/03/2004;0,63;P
16/03/2004;0,61;P
17/03/2004;0,59;P
18/03/2004;0,57;P
19/03/2004;0,57;P
20/03/2004;0,57;P
21/03/2004;0,56;P
22/03/2004;0,55;P
23/03/2004;0,56;P
24/03/2004;0,55;P
25/03/2004;0,55;P
26/03/2004;0,55;P
27/03/2004;0,54;P
28/03/2004;0,53;P
29/03/2004;0,52;P
30/03/2004;0,52;P
31/03/2004;0,53;P
01/04/2004;0,53;P
02/04/2004;0,51;P
03/04/2004;0,51;P
04/04/2004;0,51;P
05/04/2004;0,51;P
06/04/2004;0,51;P
07/04/2004;0,54;P
08/04/2004;0,57;P
09/04/2004;0,57;P
10/04/2004;0,57;P
11/04/2004;0,55;P
12/04/2004;0,55;P
13/04/2004;0,55;P
14/04/2004;0,53;P
15/04/2004;0,53;P
16/04/2004;0,56;P
17/04/2004;0,80;P
18/04/2004;0,73;P
19/04/2004;0,80;P
20/04/2004;0,85;P
21/04/2004;0,74;P
22/04/2004;0,66;P
23/04/2004;0,62;P
24/04/2004;0,61;P
25/04/2004;0,72;P
26/04/2004;0,62;P
27/04/2004;0,59;P
28/04/2004;0,58;P
29/04/2004;0,57;P
30/04/2004;0,57;P
01/05/2004;0,55;P
02/05/2004;0,55;P
03/05/2004;0,56;P
04/05/2004;0,70;P
05/05/2004;0,94;P
06/05/2004;1,33;P
07/05/2004;1,12;P
08/05/2004;1,03;P
09/05/2004;0,86;P
10/05/2004;0,78;P
11/05/2004;0,72;P
12/05/2004;0,67;P
13/05/2004;0,64;P
14/05/2004;0,61;P
15/05/2004;0,59;P
16/05/2004;0,58;P
17/05/2004;0,56;P
18/05/2004;0,55;P
19/05/2004;0,54;P
20/05/2004;0,53;P
21/05/2004;0,52;P
22/05/2004;0,52;P
23/05/2004;0,51;P
24/05/2004;0,50;P
25/05/2004;0,49;P
26/05/2004;0,49;P
27/05/2004;0,48;P
28/05/2004;0,48;P
29/05/2004;0,48;P
30/05/2004;0,47;P
31/05/2004;0,47;P
01/06/2004;0,52;P
02/06/2004;0,49;P
03/06/2004;0,48;P
04/06/2004;0,47;P
05/06/2004;0,47;P
06/06/2004;0,48;P
07/06/2004;0,46;P
08/06/2004;0,45;P
09/06/2004;0,45;P
10/06/2004;0,45;P
11/06/2004;0,44;P
12/06/2004;0,44;P
13/06/2004;0,45;P
14/06/2004;0,44;P
15/06/2004;0,43;P
16/06/2004;0,43;P
17/06/2004;0,43;P
18/06/2004;0,43;P
19/06/2004;0,43;P
20/06/2004;0,43;P
21/06/2004;0,42;P
22/06/2004;0,42;P
23/06/2004;0,42;P
24/06/2004;0,43;P
25/06/2004;0,42;P
26/06/2004;0,42;P
27/06/2004;0,42;P
28/06/2004;0,41;P
29/06/2004;0,42;P
30/06/2004;0,42;P
01/07/2004;0,42;P
02/07/2004;0,41;P
03/07/2004;0,41;P
04/07/2004;0,41;P
05/07/2004;0,41;P
06/07/2004;0,41;P
07/07/2004;0,40;P
08/07/2004;0,41;P
09/07/2004;0,40;P
10/07/2004;0,40;P
11/07/2004;0,40;P
12/07/2004;0,40;P
13/07/2004;0,40;P
14/07/2004;0,39;P
15/07/2004;0,40;P
16/07/2004;0,40;P
17/07/2004;0,39;P
18/07/2004;0,39;P
19/07/2004;0,39;P
20/07/2004;0,39;P
21/07/2004;0,39;P
22/07/2004;0,39;P
23/07/2004;0,39;P
24/07/2004;0,39;P
25/07/2004;0,41;P
26/07/2004;0,40;P
27/07/2004;0,39;P
28/07/2004;0,39;P
29/07/2004;0,39;P
30/07/2004;0,39;P
31/07/2004;0,39;P
01/08/2004;0,39;P
02/08/2004;0,39;P
03/08/2004;0,40;P
04/08/2004;0,40;P
05/08/2004;0,42;P
06/08/2004;0,42;P
07/08/2004;0,41;P
08/08/2004;0,41;P
09/08/2004;0,41;P
10/08/2004;0,40;P
11/08/2004;0,40;P
12/08/2004;0,41;P
13/08/2004;0,42;P
14/08/2004;0,41;P
15/08/2004;0,41;P
16/08/2004;0,41;P
17/08/2004;0,41;P
18/08/2004;0,41;P
19/08/2004;0,42;P
20/08/2004;0,42;P
21/08/2004;0,41;P
22/08/2004;0,41;P
23/08/2004;0,40;P
24/08/2004;0,40;P
25/08/2004;0,41;P
26/08/2004;0,42;P
27/08/2004;0,42;P
28/08/2004;0,41;P
29/08/2004;0,41;P
30/08/2004;0,41;P
31/08/2004;0,42;P
01/09/2004;0,39;P
02/09/2004;0,38;P
03/09/2004;0,38;P
04/09/2004;0,38;P
05/09/2004;0,38;P
06/09/2004;0,38;P
07/09/2004;0,37;P
08/09/2004;0,37;P
09/09/2004;0,37;P
10/09/2004;0,37;P
11/09/2004;0,37;P
12/09/2004;0,38;P
13/09/2004;0,38;P
14/09/2004;0,41;P
15/09/2004;0,43;P
16/09/2004;0,40;P
17/09/2004;0,40;P
18/09/2004;0,39;P
19/09/2004;0,39;P
20/09/2004;0,39;P
21/09/2004;0,39;P
22/09/2004;0,39;P
23/09/2004;0,39;P
24/09/2004;0,40;P
25/09/2004;0,40;P
26/09/2004;0,39;P
27/09/2004;0,38;P
28/09/2004;0,38;P
29/09/2004;0,38;P
30/09/2004;0,39;P
01/10/2004;0,39;P
02/10/2004;0,39;P
03/10/2004;0,39;P
04/10/2004;0,39;P
05/10/2004;0,39;P
06/10/2004;0,38;P
07/10/2004;0,39;P
08/10/2004;0,39;P
09/10/2004;0,39;P
10/10/2004;0,40;P
11/10/2004;0,40;P
12/10/2004;0,39;P
13/10/2004;0,39;P
14/10/2004;0,39;P
15/10/2004;0,43;P
16/10/2004;0,43;P
17/10/2004;0,47;P
18/10/2004;0,43;P
19/10/2004;0,42;P
20/10/2004;0,42;P
21/10/2004;0,41;P
22/10/2004;0,40;P
23/10/2004;0,40;P
24/10/2004;0,40;P
25/10/2004;0,40;P
26/10/2004;0,40;P
27/10/2004;0,40;P
28/10/2004;0,40;P
29/10/2004;0,45;P
30/10/2004;0,48;P
31/10/2004;0,53;P
01/11/2004;0,52;P
02/11/2004;0,49;P
03/11/2004;0,46;P
04/11/2004;0,44;P
05/11/2004;0,43;P
06/11/2004;0,43;P
07/11/2004;0,43;P
08/11/2004;0,42;P
09/11/2004;0,42;P
10/11/2004;0,63;P
11/11/2004;0,58;P
12/11/2004;0,60;P
13/11/2004;0,52;P
14/11/2004;0,48;P
15/11/2004;0,47;P
16/11/2004;0,45;P
17/11/2004;0,44;P
18/11/2004;0,44;P
19/11/2004;0,43;P
20/11/2004;0,42;P
21/11/2004;0,42;P
22/11/2004;0,42;P
23/11/2004;0,42;P
24/11/2004;0,42;P
25/11/2004;0,42;P
26/11/2004;0,42;P
27/11/2004;0,43;P
28/11/2004;0,42;P
29/11/2004;0,44;P
30/11/2004;0,56;P
01/12/2004;0,56;P
02/12/2004;0,71;P
03/12/2004;0,76;P
04/12/2004;0,83;P
05/12/2004;0,90;P
06/12/2004;0,78;P
07/12/2004;0,62;P
08/12/2004;0,57;P
09/12/2004;0,54;P
10/12/2004;0,50;P
11/12/2004;0,48;P
12/12/2004;0,47;P
13/12/2004;0,46;P
14/12/2004;0,45;P
15/12/2004;0,45;P
16/12/2004;0,45;P
17/12/2004;0,45;P
18/12/2004;0,46;P
19/12/2004;0,45;P
20/12/2004;0,45;P
21/12/2004;0,44;P
22/12/2004;0,44;P
23/12/2004;0,44;P
24/12/2004;0,44;P
25/12/2004;0,44;P
26/12/2004;0,64;P
27/12/2004;0,73;P
28/12/2004;0,68;P
29/12/2004;0,69;P
30/12/2004;0,60;P
31/12/2004;0,56;P
01/01/2005;0,55;P
02/01/2005;0,53;P
03/01/2005;0,51;P
04/01/2005;0,50;P
05/01/2005;0,49;P
06/01/2005;0,48;P
07/01/2005;0,47;P
08/01/2005;0,47;P
09/01/2005;0,47;P
10/01/2005;0,47;P
11/01/2005;0,46;P
12/01/2005;0,46;P
13/01/2005;0,46;P
14/01/2005;0,45;P
15/01/2005;0,45;P
16/01/2005;0,44;P
17/01/2005;0,44;P
18/01/2005;0,45;P
19/01/2005;0,75;P
20/01/2005;0,61;P
21/01/2005;0,57;P
22/01/2005;0,54;P
23/01/2005;0,52;P
24/01/2005;0,51;P
25/01/2005;0,50;P
26/01/2005;0,49;P
27/01/2005;0,48;P
28/01/2005;0,47;P
29/01/2005;0,47;P
30/01/2005;0,46;P
31/01/2005;0,45;P
01/02/2005;0,46;P
02/02/2005;0,45;P
03/02/2005;0,45;P
04/02/2005;0,45;P
05/02/2005;0,45;P
06/02/2005;0,44;P
07/02/2005;0,44;P
08/02/2005;0,44;P
09/02/2005;0,44;P
10/02/2005;0,44;P
11/02/2005;0,44;P
12/02/2005;0,44;P
13/02/2005;0,45;P
14/02/2005;0,44;P
15/02/2005;0,44;P
16/02/2005;0,44;P
17/02/2005;0,43;P
18/02/2005;0,43;P
19/02/2005;0,43;P
20/02/2005;0,43;P
21/02/2005;0,44;P
22/02/2005;0,44;P
23/02/2005;0,45;P
24/02/2005;0,45;P
25/02/2005;0,46;P
26/02/2005;0,49;P
27/02/2005;0,49;P
28/02/2005;0,49;P
01/03/2005;0,48;P
02/03/2005;0,47;P
03/03/2005;0,48;P
04/03/2005;0,48;P
05/03/2005;0,49;P
06/03/2005;0,52;P
07/03/2005;0,54;P
08/03/2005;0,53;P
09/03/2005;0,55;P
10/03/2005;0,59;P
11/03/2005;0,62;P
12/03/2005;0,75;P
13/03/2005;0,79;P
14/03/2005;0,71;P
15/03/2005;0,65;P
16/03/2005;0,60;P
17/03/2005;0,58;P
18/03/2005;0,56;P
19/03/2005;0,55;P
20/03/2005;0,54;P
21/03/2005;0,52;P
22/03/2005;0,52;P
23/03/2005;0,51;P
24/03/2005;0,50;P
25/03/2005;0,53;P
26/03/2005;0,52;P
27/03/2005;0,70;P
28/03/2005;0,78;P
29/03/2005;0,66;P
30/03/2005;0,61;P
31/03/2005;0,58;P
01/04/2005;0,56;P
02/04/2005;0,55;P
03/04/2005;0,53;P
04/04/2005;0,52;P
05/04/2005;0,52;P
06/04/2005;0,51;P
07/04/2005;0,51;P
08/04/2005;0,51;P
09/04/2005;0,53;P
10/04/2005;0,54;P
11/04/2005;0,58;P
12/04/2005;0,54;P
13/04/2005;0,52;P
14/04/2005;0,52;P
15/04/2005;0,51;P
16/04/2005;0,59;P
17/04/2005;0,67;P
18/04/2005;0,63;P
19/04/2005;0,60;P
20/04/2005;0,67;P
21/04/2005;0,76;P
22/04/2005;0,70;P
23/04/2005;0,64;P
24/04/2005;0,61;P
25/04/2005;0,60;P
26/04/2005;0,58;P
27/04/2005;0,56;P
28/04/2005;0,54;P
29/04/2005;0,54;P
30/04/2005;0,52;P
01/05/2005;0,52;P
02/05/2005;0,51;P
03/05/2005;0,50;P
04/05/2005;0,49;P
05/05/2005;0,49;P
06/05/2005;0,48;P
07/05/2005;0,47;P
08/05/2005;0,47;P
09/05/2005;0,47;P
10/05/2005;0,47;P
11/05/2005;0,47;P
12/05/2005;0,46;P
13/05/2005;0,46;P
14/05/2005;0,46;P
15/05/2005;0,47;P
16/05/2005;0,45;P
17/05/2005;0,46;P
18/05/2005;0,54;P
19/05/2005;0,50;P
20/05/2005;0,47;P
21/05/2005;0,46;P
22/05/2005;0,45;P
23/05/2005;0,45;P
24/05/2005;0,45;P
25/05/2005;0,44;P
26/05/2005;0,44;P
27/05/2005;0,44;P
28/05/2005;0,44;P
29/05/2005;0,43;P
30/05/2005;0,43;P
31/05/2005;0,42;P
01/06/2005;0,43;P
02/06/2005;0,42;P
03/06/2005;0,42;P
04/06/2005;0,42;P
05/06/2005;0,42;P
06/06/2005;0,43;P
07/06/2005;0,42;P
08/06/2005;0,42;P
09/06/2005;0,42;P
10/06/2005;0,41;P
11/06/2005;0,41;P
12/06/2005;0,42;P
13/06/2005;0,42;P
14/06/2005;0,44;P
15/06/2005;0,45;P
16/06/2005;0,44;P
17/06/2005;0,43;P
18/06/2005;0,42;P
19/06/2005;0,42;P
20/06/2005;0,42;P
21/06/2005;0,41;P
22/06/2005;0,41;P
23/06/2005;0,41;P
24/06/2005;0,41;P
25/06/2005;0,40;P
26/06/2005;0,40;P
27/06/2005;0,40;P
28/06/2005;0,40;P
29/06/2005;0,40;P
30/06/2005;0,39;P
01/07/2005;0,38;P
02/07/2005;0,38;P
03/07/2005;0,38;P
04/07/2005;0,37;P
05/07/2005;0,38;P
06/07/2005;0,37;P
07/07/2005;0,38;P
08/07/2005;0,38;P
09/07/2005;0,38;P
10/07/2005;0,40;P
11/07/2005;0,39;P
12/07/2005;0,38;P
13/07/2005;0,38;P
14/07/2005;0,37;P
15/07/2005;0,37;P
16/07/2005;0,37;P
17/07/2005;0,37;P
18/07/2005;0,37;P
19/07/2005;0,38;P
20/07/2005;0,38;P
21/07/2005;0,37;P
22/07/2005;0,37;P
23/07/2005;0,37;P
24/07/2005;0,37;P
25/07/2005;0,36;P
26/07/2005;0,36;P
27/07/2005;0,36;P
28/07/2005;0,36;P
29/07/2005;0,35;P
30/07/2005;0,35;P
31/07/2005;0,35;P
01/08/2005;0,35;P
02/08/2005;0,35;P
03/08/2005;0,37;P
04/08/2005;0,37;P
05/08/2005;0,36;P
06/08/2005;0,36;P
07/08/2005;0,36;P
08/08/2005;0,35;P
09/08/2005;0,34;P
10/08/2005;0,36;P
11/08/2005;0,38;P
12/08/2005;0,38;P
13/08/2005;0,36;P
14/08/2005;0,36;P
15/08/2005;0,38;P
16/08/2005;0,36;P
17/08/2005;0,36;P
18/08/2005;0,36;P
19/08/2005;0,35;P
20/08/2005;0,36;P
21/08/2005;0,38;P
22/08/2005;0,37;P
23/08/2005;0,36;P
24/08/2005;0,37;P
25/08/2005;0,37;P
26/08/2005;0,36;P
27/08/2005;0,36;P
28/08/2005;0,39;P
29/08/2005;0,38;P
30/08/2005;0,36;P
31/08/2005;0,36;P
01/09/2005;0,36;P
02/09/2005;0,36;P
03/09/2005;0,36;P
04/09/2005;0,37;P
05/09/2005;0,37;P
06/09/2005;0,36;P
07/09/2005;0,37;P
08/09/2005;0,37;P
09/09/2005;0,43;P
10/09/2005;0,40;P
11/09/2005;0,40;P
12/09/2005;0,41;P
13/09/2005;0,38;P
14/09/2005;0,37;P
15/09/2005;0,37;P
16/09/2005;0,38;P
17/09/2005;0,38;P
18/09/2005;0,45;P
19/09/2005;0,42;P
20/09/2005;0,40;P
21/09/2005;0,38;P
22/09/2005;0,38;P
23/09/2005;0,38;P
24/09/2005;0,38;P
25/09/2005;0,37;P
26/09/2005;0,37;P
27/09/2005;0,37;P
28/09/2005;0,38;P
29/09/2005;0,38;P
30/09/2005;0,37;P
01/10/2005;0,36;P
02/10/2005;0,40;P
03/10/2005;0,45;P
04/10/2005;0,44;P
05/10/2005;0,46;P
06/10/2005;0,45;P
07/10/2005;0,43;P
08/10/2005;0,47;P
09/10/2005;0,46;P
10/10/2005;0,43;P
11/10/2005;0,41;P
12/10/2005;0,40;P
13/10/2005;0,39;P
14/10/2005;0,39;P
15/10/2005;0,38;P
16/10/2005;0,38;P
17/10/2005;0,37;P
18/10/2005;0,37;P
19/10/2005;0,39;P
20/10/2005;0,83;P
21/10/2005;0,64;P
22/10/2005;0,68;P
23/10/2005;0,55;P
24/10/2005;0,50;P
25/10/2005;0,47;P
26/10/2005;0,45;P
27/10/2005;0,43;P
28/10/2005;0,43;P
29/10/2005;0,42;P
30/10/2005;0,42;P
31/10/2005;0,41;P
01/11/2005;0,42;P
02/11/2005;0,43;P
03/11/2005;0,42;P
04/11/2005;0,41;P
05/11/2005;0,41;P
06/11/2005;1,16;P
07/11/2005;0,77;P
08/11/2005;0,61;P
09/11/2005;0,54;P
10/11/2005;0,50;P
11/11/2005;0,48;P
12/11/2005;0,46;P
13/11/2005;0,45;P
14/11/2005;0,43;P
15/11/2005;0,43;P
16/11/2005;0,44;P
17/11/2005;0,43;P
18/11/2005;0,43;P
19/11/2005;0,42;P
20/11/2005;0,41;P
21/11/2005;0,41;P
22/11/2005;0,40;P
23/11/2005;0,40;P
24/11/2005;0,40;P
25/11/2005;0,52;P
26/11/2005;1,32;P
27/11/2005;0,99;P
28/11/2005;0,89;P
29/11/2005;0,90;P
30/11/2005;0,88;P
01/12/2005;0,73;P
02/12/2005;0,64;P
03/12/2005;0,69;P
04/12/2005;0,64;P
05/12/2005;0,95;P
06/12/2005;0,94;P
07/12/2005;0,78;P
08/12/2005;0,70;P
09/12/2005;0,88;P
10/12/2005;0,74;P
11/12/2005;0,65;P
12/12/2005;0,68;P
13/12/2005;0,67;P
14/12/2005;0,61;P
15/12/2005;0,58;P
16/12/2005;0,56;P
17/12/2005;0,54;P
18/12/2005;0,51;P
19/12/2005;0,49;P
20/12/2005;0,48;P
21/12/2005;0,47;P
22/12/2005;0,46;P
23/12/2005;0,45;P
24/12/2005;0,44;P
25/12/2005;0,47;P
26/12/2005;0,60;P
27/12/2005;0,68;P
28/12/2005;0,62;P
29/12/2005;0,57;P
30/12/2005;0,53;P
31/12/2005;0,60;P
01/01/2006;1,08;P
02/01/2006;0,88;P
03/01/2006;0,72;P
04/01/2006;0,64;P
05/01/2006;0,59;P
06/01/2006;0,56;P
07/01/2006;0,53;P
08/01/2006;0,52;P
09/01/2006;0,50;P
10/01/2006;0,48;P
11/01/2006;0,47;P
12/01/2006;0,46;P
13/01/2006;0,45;P
14/01/2006;0,44;P
15/01/2006;0,44;P
16/01/2006;0,43;P
17/01/2006;0,66;P
18/01/2006;1,44;P
19/01/2006;0,88;P
20/01/2006;0,70;P
21/01/2006;0,63;P
22/01/2006;0,58;P
23/01/2006;0,54;P
24/01/2006;0,51;P
25/01/2006;0,49;P
26/01/2006;0,48;P
27/01/2006;0,48;P
28/01/2006;0,48;P
29/01/2006;0,47;P
30/01/2006;0,46;P
31/01/2006;0,45;P
01/02/2006;0,43;P
02/02/2006;0,43;P
03/02/2006;0,42;P
04/02/2006;0,41;P
05/02/2006;0,41;P
06/02/2006;0,40;P
07/02/2006;0,39;P
08/02/2006;0,39;P
09/02/2006;0,39;P
10/02/2006;0,38;P
11/02/2006;0,37;P
12/02/2006;0,36;P
13/02/2006;0,36;P
14/02/2006;0,36;P
15/02/2006;0,37;P
16/02/2006;0,55;P
17/02/2006;0,61;P
18/02/2006;0,52;P
19/02/2006;0,48;P
20/02/2006;0,82;P
21/02/2006;0,72;P
22/02/2006;0,74;P
23/02/2006;0,72;P
24/02/2006;0,64;P
25/02/2006;0,61;P
26/02/2006;0,57;P
27/02/2006;0,54;P
28/02/2006;0,52;P
01/03/2006;0,54;P
02/03/2006;0,56;P
03/03/2006;0,96;P
04/03/2006;0,84;P
05/03/2006;1,05;P
06/03/2006;0,87;P
07/03/2006;0,72;P
08/03/2006;0,64;P
09/03/2006;0,61;P
10/03/2006;0,63;P
11/03/2006;0,62;P
12/03/2006;0,57;P
13/03/2006;0,54;P
14/03/2006;0,52;P
15/03/2006;0,50;P
16/03/2006;0,50;P
17/03/2006;0,48;P
18/03/2006;0,47;P
19/03/2006;0,46;P
20/03/2006;0,45;P
21/03/2006;0,52;P
22/03/2006;0,60;P
23/03/2006;0,59;P
24/03/2006;0,53;P
25/03/2006;0,51;P
26/03/2006;0,50;P
27/03/2006;0,48;P
28/03/2006;0,47;P
29/03/2006;0,46;P
30/03/2006;0,44;P
31/03/2006;0,44;P
01/04/2006;0,43;P
02/04/2006;0,42;P
03/04/2006;0,42;P
04/04/2006;0,40;P
05/04/2006;0,40;P
06/04/2006;0,40;P
07/04/2006;0,39;P
08/04/2006;0,38;P
09/04/2006;0,38;P
10/04/2006;0,38;P
11/04/2006;0,37;P
12/04/2006;0,37;P
13/04/2006;0,35;P
14/04/2006;0,35;P
15/04/2006;0,35;P
16/04/2006;0,36;P
17/04/2006;0,35;P
18/04/2006;0,35;P
19/04/2006;0,35;P
20/04/2006;0,36;P
21/04/2006;0,38;P
22/04/2006;0,35;P
23/04/2006;0,34;P
24/04/2006;0,33;P
25/04/2006;0,33;P
26/04/2006;0,33;P
27/04/2006;0,34;P
28/04/2006;0,33;P
29/04/2006;0,33;P
30/04/2006;0,35;P
01/05/2006;0,37;P
02/05/2006;0,35;P
03/05/2006;0,33;P
04/05/2006;0,32;P
05/05/2006;0,32;P
06/05/2006;0,31;P
07/05/2006;0,31;P
08/05/2006;0,32;P
09/05/2006;0,71;P
10/05/2006;0,54;P
11/05/2006;0,45;P
12/05/2006;0,41;P
13/05/2006;0,39;P
14/05/2006;0,40;P
15/05/2006;0,37;P
16/05/2006;0,35;P
17/05/2006;0,34;P
18/05/2006;0,33;P
19/05/2006;0,33;P
20/05/2006;0,32;P
21/05/2006;0,31;P
22/05/2006;0,31;P
23/05/2006;0,31;P
24/05/2006;0,34;P
25/05/2006;0,31;P
26/05/2006;0,30;P
27/05/2006;0,30;P
28/05/2006;0,29;P
29/05/2006;0,30;P
30/05/2006;0,33;P
31/05/2006;0,31;P
01/06/2006;0,31;P
02/06/2006;0,30;P
03/06/2006;0,29;P
04/06/2006;0,28;P
05/06/2006;0,28;P
06/06/2006;0,30;P
07/06/2006;0,29;P
08/06/2006;0,27;P
09/06/2006;0,27;P
10/06/2006;0,27;P
11/06/2006;0,27;P
12/06/2006;0,27;P
13/06/2006;0,26;P
14/06/2006;0,26;P
15/06/2006;0,26;P
16/06/2006;0,26;P
17/06/2006;0,26;P
18/06/2006;0,26;P
19/06/2006;0,26;P
20/06/2006;0,26;P
21/06/2006;0,26;P
22/06/2006;0,26;P
23/06/2006;0,26;P
24/06/2006;0,26;P
25/06/2006;0,26;P
26/06/2006;0,26;P
27/06/2006;0,26;P
28/06/2006;0,27;P
29/06/2006;0,27;P
30/06/2006;0,27;P
01/07/2006;0,27;P
02/07/2006;0,27;P
03/07/2006;0,27;P
04/07/2006;0,27;P
05/07/2006;0,26;P
06/07/2006;0,26;P
07/07/2006;0,29;P
08/07/2006;0,27;P
09/07/2006;0,26;P
10/07/2006;0,26;P
11/07/2006;0,25;P
12/07/2006;0,25;P
13/07/2006;0,25;P
14/07/2006;0,25;P
15/07/2006;0,24;P
16/07/2006;0,24;P
17/07/2006;0,24;P
18/07/2006;0,23;P
19/07/2006;0,23;P
20/07/2006;0,22;P
21/07/2006;0,22;P
22/07/2006;0,22;P
23/07/2006;0,22;P
24/07/2006;0,23;P
25/07/2006;0,23;P
26/07/2006;0,24;P
27/07/2006;0,23;P
28/07/2006;0,22;P
29/07/2006;0,22;P
30/07/2006;0,22;P
31/07/2006;0,21;P
01/08/2006;0,21;P
02/08/2006;0,21;P
03/08/2006;0,21;P
04/08/2006;0,21;P
05/08/2006;0,20;P
06/08/2006;0,20;P
07/08/2006;0,21;P
08/08/2006;0,20;P
09/08/2006;0,21;P
10/08/2006;0,21;P
11/08/2006;0,21;P
12/08/2006;0,26;P
13/08/2006;0,25;P
14/08/2006;0,24;P
15/08/2006;0,23;P
16/08/2006;0,23;P
17/08/2006;0,25;P
18/08/2006;0,24;P
19/08/2006;0,23;P
20/08/2006;0,23;P
21/08/2006;0,22;P
22/08/2006;0,22;P
23/08/2006;0,21;P
24/08/2006;0,21;P
25/08/2006;0,21;P
26/08/2006;0,20;P
27/08/2006;0,21;P
28/08/2006;0,21;P
29/08/2006;0,21;P
30/08/2006;0,22;P
31/08/2006;0,22;P
01/09/2006;0,20;P
02/09/2006;0,20;P
03/09/2006;0,19;P
04/09/2006;0,19;P
05/09/2006;0,19;P
06/09/2006;0,19;P
07/09/2006;0,18;P
08/09/2006;0,17;P
09/09/2006;0,17;P
10/09/2006;0,16;P
11/09/2006;0,16;P
12/09/2006;0,16;P
13/09/2006;0,16;P
14/09/2006;0,17;P
15/09/2006;0,26;P
16/09/2006;0,24;P
17/09/2006;0,34;P
18/09/2006;0,28;P
19/09/2006;0,25;P
20/09/2006;0,24;P
21/09/2006;0,23;P
22/09/2006;0,23;P
23/09/2006;0,22;P
24/09/2006;0,22;P
25/09/2006;0,23;P
26/09/2006;0,23;P
27/09/2006;0,22;P
28/09/2006;0,22;P
29/09/2006;0,22;P
30/09/2006;0,21;P
01/10/2006;0,21;P
02/10/2006;0,21;P
03/10/2006;0,21;P
04/10/2006;0,20;P
05/10/2006;0,20;P
06/10/2006;0,20;P
07/10/2006;0,21;P
08/10/2006;0,23;P
09/10/2006;0,22;P
10/10/2006;0,21;P
11/10/2006;0,21;P
12/10/2006;0,21;P
13/10/2006;0,21;P
14/10/2006;0,20;P
15/10/2006;0,20;P
16/10/2006;0,20;P
17/10/2006;0,20;P
18/10/2006;0,20;P
19/10/2006;0,21;P
20/10/2006;0,24;P
21/10/2006;0,25;P
22/10/2006;0,24;P
23/10/2006;0,24;P
24/10/2006;0,23;P
25/10/2006;0,23;P
26/10/2006;0,23;P
27/10/2006;0,23;P
28/10/2006;0,22;P
29/10/2006;0,22;P
30/10/2006;0,22;P
31/10/2006;0,22;P
01/11/2006;0,22;P
02/11/2006;0,22;P
03/11/2006;0,22;P
04/11/2006;0,22;P
05/11/2006;0,21;P
06/11/2006;0,22;P
07/11/2006;0,21;P
08/11/2006;0,22;P
09/11/2006;0,22;P
10/11/2006;0,22;P
11/11/2006;0,21;P
12/11/2006;0,22;P
13/11/2006;0,22;P
14/11/2006;0,22;P
15/11/2006;0,22;P
16/11/2006;0,23;P
17/11/2006;0,22;P
18/11/2006;0,22;P
19/11/2006;0,23;P
20/11/2006;0,29;P
21/11/2006;0,34;P
22/11/2006;0,79;P
23/11/2006;0,43;P
24/11/2006;0,36;P
25/11/2006;0,33;P
26/11/2006;0,31;P
27/11/2006;0,30;P
28/11/2006;0,29;P
29/11/2006;0,28;P
30/11/2006;0,28;P
01/12/2006;0,27;P
02/12/2006;0,27;P
03/12/2006;0,27;P
04/12/2006;0,29;P
05/12/2006;0,32;P
06/12/2006;0,31;P
07/12/2006;0,41;P
08/12/2006;0,38;P
09/12/2006;0,99;P
10/12/2006;0,66;P
11/12/2006;0,48;P
12/12/2006;0,41;P
13/12/2006;0,38;P
14/12/2006;0,35;P
15/12/2006;0,34;P
16/12/2006;0,33;P
17/12/2006;0,33;P
18/12/2006;0,33;P
19/12/2006;0,32;P
20/12/2006;0,31;P
21/12/2006;0,31;P
22/12/2006;0,30;P
23/12/2006;0,29;P
24/12/2006;0,29;P
25/12/2006;0,29;P
26/12/2006;0,28;P
27/12/2006;0,28;P
28/12/2006;0,28;P
29/12/2006;0,28;P
30/12/2006;0,28;P
31/12/2006;0,29;P
01/01/2007;0,33;P
02/01/2007;0,44;P
03/01/2007;0,39;P
04/01/2007;0,35;P
05/01/2007;0,34;P
06/01/2007;0,33;P
07/01/2007;0,32;P
08/01/2007;0,52;P
09/01/2007;0,49;P
10/01/2007;0,43;P
11/01/2007;0,41;P
12/01/2007;0,38;P
13/01/2007;0,36;P
14/01/2007;0,35;P
15/01/2007;0,34;P
16/01/2007;0,33;P
17/01/2007;0,33;P
18/01/2007;0,33;P
19/01/2007;0,32;P
20/01/2007;0,32;P
21/01/2007;0,32;P
22/01/2007;0,31;P
23/01/2007;0,32;P
24/01/2007;0,64;P
25/01/2007;0,66;P
26/01/2007;0,55;P
27/01/2007;0,48;P
28/01/2007;0,44;P
29/01/2007;0,42;P
30/01/2007;0,40;P
31/01/2007;0,38;P
01/02/2007;0,37;P
02/02/2007;0,36;P
03/02/2007;0,35;P
04/02/2007;0,34;P
05/02/2007;0,34;P
06/02/2007;0,34;P
07/02/2007;0,63;P
08/02/2007;0,89;P
09/02/2007;0,96;P
10/02/2007;0,67;P
11/02/2007;0,57;P
12/02/2007;0,63;P
13/02/2007;1,04;P
14/02/2007;0,66;P
15/02/2007;0,66;P
16/02/2007;0,61;P
17/02/2007;0,55;P
18/02/2007;0,51;P
19/02/2007;0,49;P
20/02/2007;0,46;P
21/02/2007;0,44;P
22/02/2007;0,43;P
23/02/2007;0,42;P
24/02/2007;0,41;P
25/02/2007;0,69;P
26/02/2007;0,83;P
27/02/2007;0,61;P
28/02/2007;0,55;P
01/03/2007;0,51;P
02/03/2007;0,48;P
03/03/2007;0,46;P
04/03/2007;0,43;P
05/03/2007;0,42;P
06/03/2007;0,41;P
07/03/2007;0,42;P
08/03/2007;0,44;P
09/03/2007;0,41;P
10/03/2007;0,40;P
11/03/2007;0,39;P
12/03/2007;0,38;P
13/03/2007;0,37;P
14/03/2007;0,36;P
15/03/2007;0,35;P
16/03/2007;0,35;P
17/03/2007;0,34;P
18/03/2007;0,34;P
19/03/2007;0,41;P
20/03/2007;0,55;P
21/03/2007;0,55;P
22/03/2007;0,50;P
23/03/2007;0,46;P
24/03/2007;0,44;P
25/03/2007;0,43;P
26/03/2007;0,41;P
27/03/2007;0,41;P
28/03/2007;0,39;P
29/03/2007;0,38;P
30/03/2007;0,40;P
31/03/2007;0,42;P
01/04/2007;0,39;P
02/04/2007;0,37;P
03/04/2007;0,37;P
04/04/2007;0,38;P
05/04/2007;0,36;P
06/04/2007;0,34;P
07/04/2007;0,34;P
08/04/2007;0,33;P
09/04/2007;0,33;P
10/04/2007;0,33;P
11/04/2007;0,32;P
12/04/2007;0,31;P
13/04/2007;0,31;P
14/04/2007;0,31;P
15/04/2007;0,30;P
16/04/2007;0,30;P
17/04/2007;0,29;P
18/04/2007;0,29;P
19/04/2007;0,29;P
20/04/2007;0,29;P
21/04/2007;0,28;P
22/04/2007;0,27;P
23/04/2007;0,27;P
24/04/2007;0,27;P
25/04/2007;0,27;P
26/04/2007;0,27;P
27/04/2007;0,26;P
28/04/2007;0,26;P
29/04/2007;0,26;P
30/04/2007;0,26;P
01/05/2007;0,26;P
02/05/2007;0,30;P
03/05/2007;0,29;P
04/05/2007;0,37;P
05/05/2007;0,38;P
06/05/2007;0,37;P
07/05/2007;0,35;P
08/05/2007;0,31;P
09/05/2007;0,29;P
10/05/2007;0,28;P
11/05/2007;0,27;P
12/05/2007;0,27;P
13/05/2007;0,26;P
14/05/2007;0,26;P
15/05/2007;0,26;P
16/05/2007;0,25;P
17/05/2007;0,25;P
18/05/2007;0,25;P
19/05/2007;0,24;P
20/05/2007;0,24;P
21/05/2007;0,24;P
22/05/2007;0,24;P
23/05/2007;0,24;P
24/05/2007;0,24;P
25/05/2007;0,24;P
26/05/2007;0,24;P
27/05/2007;0,24;P
28/05/2007;0,30;P
29/05/2007;0,32;P
30/05/2007;0,28;P
31/05/2007;0,26;P
01/06/2007;0,29;P
02/06/2007;0,31;P
03/06/2007;0,30;P
04/06/2007;0,27;P
05/06/2007;0,27;P
06/06/2007;0,27;P
07/06/2007;0,27;P
08/06/2007;0,26;P
09/06/2007;0,26;P
10/06/2007;0,25;P
11/06/2007;0,25;P
12/06/2007;0,25;P
13/06/2007;0,25;P
14/06/2007;0,24;P
15/06/2007;0,24;P
16/06/2007;0,24;P
17/06/2007;0,24;P
18/06/2007;0,24;P
19/06/2007;0,24;P
20/06/2007;0,23;P
21/06/2007;0,23;P
22/06/2007;0,23;P
23/06/2007;0,22;P
24/06/2007;0,21;P
25/06/2007;0,22;P
26/06/2007;0,22;P
27/06/2007;0,22;P
28/06/2007;0,21;P
29/06/2007;0,21;P
30/06/2007;0,21;P
01/07/2007;0,20;P
02/07/2007;0,21;P
03/07/2007;0,21;P
04/07/2007;0,20;P
05/07/2007;;@
06/07/2007;;@
07/07/2007;;@
08/07/2007;;@
09/07/2007;;@
10/07/2007;;@
11/07/2007;;@
12/07/2007;;@
13/07/2007;;@
14/07/2007;;@
15/07/2007;;@
16/07/2007;;@
17/07/2007;;@
18/07/2007;;@
19/07/2007;;@
20/07/2007;;@
21/07/2007;;@
22/07/2007;;@
23/07/2007;;@
24/07/2007;;@
25/07/2007;;@
26/07/2007;;@
27/07/2007;;@
28/07/2007;;@
29/07/2007;;@
30/07/2007;;@
31/07/2007;;@
01/08/2007;;@
02/08/2007;;@
03/08/2007;;@
04/08/2007;;@
05/08/2007;;@
06/08/2007;;@
07/08/2007;;@
08/08/2007;;@
09/08/2007;;@
10/08/2007;;@
11/08/2007;;@
12/08/2007;;@
13/08/2007;;@
14/08/2007;;@
15/08/2007;;@
16/08/2007;;@
17/08/2007;;@
18/08/2007;;@
19/08/2007;;@
20/08/2007;;@
21/08/2007;;@
22/08/2007;;@
23/08/2007;;@
24/08/2007;;@
25/08/2007;;@
26/08/2007;;@
27/08/2007;;@
28/08/2007;;@
29/08/2007;;@
30/08/2007;;@
31/08/2007;;@
01/09/2007;;@
02/09/2007;;@
03/09/2007;;@
04/09/2007;;@
05/09/2007;;@
06/09/2007;;@
07/09/2007;;@
08/09/2007;;@
09/09/2007;;@
10/09/2007;;@
11/09/2007;;@
12/09/2007;;@
13/09/2007;;@
14/09/2007;;@
15/09/2007;;@
16/09/2007;;@
17/09/2007;0,23;P
18/09/2007;0,31;P
19/09/2007;0,27;P
20/09/2007;0,24;P
21/09/2007;0,22;P
22/09/2007;0,21;P
23/09/2007;0,21;P
24/09/2007;0,20;P
25/09/2007;0,20;P
26/09/2007;0,20;P
27/09/2007;0,23;P
28/09/2007;0,39;P
29/09/2007;0,33;P
30/09/2007;0,28;P
01/10/2007;0,26;P
02/10/2007;0,25;P
03/10/2007;0,24;P
04/10/2007;0,24;P
05/10/2007;0,23;P
06/10/2007;0,24;P
07/10/2007;0,22;P
08/10/2007;0,21;P
09/10/2007;0,21;P
10/10/2007;0,21;P
11/10/2007;0,21;P
12/10/2007;0,20;P
13/10/2007;0,20;P
14/10/2007;0,19;P
15/10/2007;0,19;P
16/10/2007;0,19;P
17/10/2007;0,19;P
18/10/2007;0,19;P
19/10/2007;0,19;P
20/10/2007;0,19;P
21/10/2007;0,19;P
22/10/2007;0,19;P
23/10/2007;0,19;P
24/10/2007;0,19;P
25/10/2007;0,20;P
26/10/2007;0,25;P
27/10/2007;0,29;P
28/10/2007;0,26;P
29/10/2007;0,25;P
30/10/2007;0,28;P
31/10/2007;0,32;P
01/11/2007;0,29;P
02/11/2007;0,27;P
03/11/2007;0,26;P
04/11/2007;0,25;P
05/11/2007;0,25;P
06/11/2007;0,25;P
07/11/2007;0,24;P
08/11/2007;0,24;P
09/11/2007;0,24;P
10/11/2007;0,24;P
11/11/2007;0,24;P
12/11/2007;0,23;P
13/11/2007;0,23;P
14/11/2007;0,25;P
15/11/2007;0,26;P
16/11/2007;0,26;P
17/11/2007;0,25;P
18/11/2007;0,25;P
19/11/2007;0,24;P
20/11/2007;0,24;P
21/11/2007;0,24;P
22/11/2007;0,24;P
23/11/2007;0,25;P
24/11/2007;0,25;P
25/11/2007;0,27;P
26/11/2007;0,26;P
27/11/2007;0,26;P
28/11/2007;0,25;P
29/11/2007;0,25;P
30/11/2007;0,25;P
01/12/2007;0,25;P
02/12/2007;0,26;P
03/12/2007;0,35;P
04/12/2007;0,37;P
05/12/2007;0,31;P
06/12/2007;0,29;P
07/12/2007;0,28;P
08/12/2007;0,83;P
09/12/2007;0,59;P
10/12/2007;0,56;P
11/12/2007;0,43;P
12/12/2007;0,37;P
13/12/2007;0,34;P
14/12/2007;0,32;P
15/12/2007;0,31;P
16/12/2007;0,30;P
17/12/2007;0,30;P
18/12/2007;0,29;P
19/12/2007;0,28;P
20/12/2007;0,27;P
21/12/2007;0,27;P
22/12/2007;0,27;P
23/12/2007;0,28;P
24/12/2007;0,28;P
25/12/2007;0,27;P
26/12/2007;0,26;P
27/12/2007;0,26;P
28/12/2007;0,26;P
29/12/2007;0,25;P
30/12/2007;0,26;P
31/12/2007;0,25;P
01/01/2008;0,28;P
02/01/2008;0,28;P
03/01/2008;0,29;P
04/01/2008;0,29;P
05/01/2008;0,31;P
06/01/2008;0,57;P
07/01/2008;0,54;P
08/01/2008;0,45;P
09/01/2008;0,41;P
10/01/2008;0,39;P
11/01/2008;0,41;P
12/01/2008;0,93;P
13/01/2008;0,82;P
14/01/2008;0,63;P
15/01/2008;0,63;P
16/01/2008;0,78;P
17/01/2008;1,14;P
18/01/2008;0,74;P
19/01/2008;0,61;P
20/01/2008;0,55;P
21/01/2008;0,51;P
22/01/2008;0,49;P
23/01/2008;0,46;P
24/01/2008;0,44;P
25/01/2008;0,43;P
26/01/2008;0,42;P
27/01/2008;0,41;P
28/01/2008;0,40;P
29/01/2008;0,39;P
30/01/2008;0,39;P
31/01/2008;0,39;P
01/02/2008;0,38;P
02/02/2008;0,39;P
03/02/2008;0,55;P
04/02/2008;0,69;P
05/02/2008;0,78;P
06/02/2008;0,61;P
07/02/2008;0,54;P
08/02/2008;0,50;P
09/02/2008;0,47;P
10/02/2008;0,46;P
11/02/2008;0,44;P
12/02/2008;0,43;P
13/02/2008;0,42;P
14/02/2008;0,41;P
15/02/2008;0,41;P
16/02/2008;0,40;P
17/02/2008;0,38;P
18/02/2008;0,38;P
19/02/2008;0,38;P
20/02/2008;0,38;P
21/02/2008;0,37;P
22/02/2008;0,36;P
23/02/2008;0,36;P
24/02/2008;0,35;P
25/02/2008;0,35;P
26/02/2008;0,35;P
27/02/2008;0,37;P
28/02/2008;0,38;P
29/02/2008;0,37;P
01/03/2008;0,38;P
02/03/2008;0,38;P
03/03/2008;0,37;P
04/03/2008;0,37;P
05/03/2008;0,38;P
06/03/2008;0,38;P
07/03/2008;0,38;P
08/03/2008;0,37;P
09/03/2008;0,37;P
10/03/2008;0,37;P
11/03/2008;0,45;P
12/03/2008;0,47;P
13/03/2008;0,44;P
14/03/2008;0,42;P
15/03/2008;0,41;P
16/03/2008;0,41;P
17/03/2008;0,40;P
18/03/2008;0,41;P
19/03/2008;0,40;P
20/03/2008;0,49;P
21/03/2008;0,56;P
22/03/2008;1,18;P
23/03/2008;0,78;P
24/03/2008;0,75;P
25/03/2008;0,69;P
26/03/2008;0,62;P
27/03/2008;0,58;P
28/03/2008;0,62;P
29/03/2008;0,56;P
30/03/2008;0,53;P
31/03/2008;0,50;P
01/04/2008;0,48;P
02/04/2008;0,46;P
03/04/2008;0,45;P
04/04/2008;0,44;P
05/04/2008;0,43;P
06/04/2008;0,43;P
07/04/2008;0,41;P
08/04/2008;0,41;P
09/04/2008;0,41;P
10/04/2008;0,47;P
11/04/2008;0,47;P
12/04/2008;0,71;P
13/04/2008;0,59;P
14/04/2008;0,55;P
15/04/2008;0,57;P
16/04/2008;0,56;P
17/04/2008;0,55;P
18/04/2008;0,73;P
19/04/2008;1,25;P
20/04/2008;0,77;P
21/04/2008;0,82;P
22/04/2008;0,94;P
23/04/2008;0,83;P
24/04/2008;0,72;P
25/04/2008;0,64;P
26/04/2008;0,59;P
27/04/2008;0,56;P
28/04/2008;0,54;P
29/04/2008;0,54;P
30/04/2008;0,51;P
01/05/2008;0,49;P
02/05/2008;0,47;P
03/05/2008;0,46;P
04/05/2008;0,45;P
05/05/2008;0,45;P
06/05/2008;0,44;P
07/05/2008;0,43;P
08/05/2008;0,41;P
09/05/2008;0,40;P
10/05/2008;0,39;P
11/05/2008;0,38;P
12/05/2008;0,38;P
13/05/2008;0,38;P
14/05/2008;0,38;P
15/05/2008;0,37;P
16/05/2008;0,37;P
17/05/2008;0,37;P
18/05/2008;0,38;P
19/05/2008;0,37;P
20/05/2008;0,47;P
21/05/2008;0,43;P
22/05/2008;0,43;P
23/05/2008;0,42;P
24/05/2008;0,39;P
25/05/2008;0,37;P
26/05/2008;0,36;P
27/05/2008;0,35;P
28/05/2008;0,34;P
29/05/2008;0,35;P
30/05/2008;0,40;P
31/05/2008;0,42;P
01/06/2008;0,38;P
02/06/2008;0,36;P
03/06/2008;0,36;P
04/06/2008;0,38;P
05/06/2008;0,40;P
06/06/2008;0,37;P
07/06/2008;0,36;P
08/06/2008;0,39;P
09/06/2008;0,50;P
10/06/2008;0,42;P
11/06/2008;0,38;P
12/06/2008;0,37;P
13/06/2008;0,37;P
14/06/2008;0,47;P
15/06/2008;0,43;P
16/06/2008;0,40;P
17/06/2008;0,38;P
18/06/2008;0,40;P
19/06/2008;0,37;P
20/06/2008;0,35;P
21/06/2008;0,34;P
22/06/2008;0,33;P
23/06/2008;0,32;P
24/06/2008;0,31;P
25/06/2008;0,31;P
26/06/2008;0,30;P
27/06/2008;0,30;P
28/06/2008;0,30;P
29/06/2008;0,29;P
30/06/2008;0,29;P
01/07/2008;0,29;P
02/07/2008;;@
03/07/2008;;@
04/07/2008;;@
05/07/2008;;@
06/07/2008;;@
07/07/2008;;@
08/07/2008;;@
09/07/2008;;@
10/07/2008;;@
11/07/2008;;@
12/07/2008;;@
13/07/2008;;@
14/07/2008;;@
15/07/2008;;@
16/07/2008;;@
17/07/2008;;@
18/07/2008;;@
19/07/2008;;@
20/07/2008;;@
21/07/2008;;@
22/07/2008;;@
23/07/2008;;@
24/07/2008;;@
25/07/2008;;@
26/07/2008;;@
27/07/2008;;@
28/07/2008;;@
29/07/2008;;@
30/07/2008;;@
31/07/2008;;@
01/08/2008;;@
02/08/2008;;@
03/08/2008;;@
04/08/2008;;@
05/08/2008;;@
06/08/2008;;@
07/08/2008;;@
08/08/2008;;@
09/08/2008;;@
10/08/2008;;@
11/08/2008;;@
12/08/2008;;@
13/08/2008;;@
14/08/2008;;@
15/08/2008;;@
16/08/2008;;@
17/08/2008;;@
18/08/2008;;@
19/08/2008;;@
20/08/2008;;@
21/08/2008;;@
22/08/2008;;@
23/08/2008;;@
24/08/2008;;@
25/08/2008;;@
26/08/2008;;@
27/08/2008;;@
28/08/2008;;@
29/08/2008;;@
30/08/2008;;@
31/08/2008;;@
01/09/2008;;@
02/09/2008;;@
03/09/2008;;@
04/09/2008;;@
05/09/2008;;@
06/09/2008;;@
07/09/2008;;@
08/09/2008;;@
09/09/2008;;@
10/09/2008;;@
11/09/2008;;@
12/09/2008;;@
13/09/2008;;@
14/09/2008;;@
15/09/2008;;@
16/09/2008;;@
17/09/2008;;@
18/09/2008;;@
19/09/2008;;@
20/09/2008;;@
21/09/2008;;@
22/09/2008;;@
23/09/2008;;@
24/09/2008;;@
25/09/2008;;@
26/09/2008;;@
27/09/2008;;@
28/09/2008;;@
29/09/2008;;@
30/09/2008;;@
01/10/2008;;@
02/10/2008;;@
03/10/2008;;@
04/10/2008;;@
05/10/2008;;@
06/10/2008;;@
07/10/2008;;@
08/10/2008;;@
09/10/2008;;@
10/10/2008;;@
11/10/2008;;@
12/10/2008;;@
13/10/2008;;@
14/10/2008;;@
15/10/2008;;@
16/10/2008;;@
17/10/2008;;@
18/10/2008;;@
19/10/2008;;@
20/10/2008;;@
21/10/2008;;@
22/10/2008;;@
23/10/2008;;@
24/10/2008;;@
25/10/2008;;@
26/10/2008;;@
27/10/2008;;@
28/10/2008;;@
29/10/2008;;@
30/10/2008;;@
31/10/2008;;@
01/11/2008;;@
02/11/2008;;@
03/11/2008;;@
04/11/2008;;@
05/11/2008;;@
06/11/2008;;@
07/11/2008;;@
08/11/2008;;@
09/11/2008;;@
10/11/2008;;@
11/11/2008;;@
12/11/2008;;@
13/11/2008;;@
14/11/2008;;@
15/11/2008;;@
16/11/2008;;@
17/11/2008;;@
18/11/2008;;@
19/11/2008;;@
20/11/2008;;@
21/11/2008;;@
22/11/2008;;@
23/11/2008;;@
24/11/2008;;@
25/11/2008;;@
26/11/2008;;@
27/11/2008;;@
28/11/2008;;@
29/11/2008;;@
30/11/2008;;@
01/12/2008;;@
02/12/2008;;@
03/12/2008;;@
04/12/2008;;@
05/12/2008;;@
06/12/2008;;@
07/12/2008;;@
08/12/2008;;@
09/12/2008;;@
10/12/2008;;@
11/12/2008;;@
12/12/2008;;@
13/12/2008;;@
14/12/2008;;@
15/12/2008;;@
16/12/2008;;@
17/12/2008;;@
18/12/2008;;@
19/12/2008;;@
20/12/2008;;@
21/12/2008;;@
22/12/2008;;@
23/12/2008;;@
24/12/2008;;@
25/12/2008;;@
26/12/2008;;@
27/12/2008;;@
28/12/2008;;@
29/12/2008;;@
30/12/2008;;@
31/12/2008;;@
01/01/2009;0,45;V
02/01/2009;0,44;V
03/01/2009;0,40;V
04/01/2009;0,38;V
05/01/2009;0,36;V
06/01/2009;0,35;V
07/01/2009;0,42;V
08/01/2009;0,47;V
09/01/2009;0,42;V
10/01/2009;0,40;V
11/01/2009;0,38;V
12/01/2009;0,37;V
13/01/2009;0,37;V
14/01/2009;0,43;V
15/01/2009;0,43;V
16/01/2009;0,40;V
17/01/2009;0,39;V
18/01/2009;0,39;V
19/01/2009;0,53;V
20/01/2009;0,61;V
21/01/2009;0,86;V
22/01/2009;0,65;V
23/01/2009;0,59;V
24/01/2009;0,79;V
25/01/2009;0,79;V
26/01/2009;0,71;V
27/01/2009;0,68;V
28/01/2009;0,60;V
29/01/2009;0,54;V
30/01/2009;0,50;V
31/01/2009;0,48;V
01/02/2009;0,47;V
02/02/2009;0,61;V
03/02/2009;0,93;V
04/02/2009;0,76;V
05/02/2009;0,86;V
06/02/2009;0,86;V
07/02/2009;0,91;V
08/02/2009;0,78;V
09/02/2009;0,70;V
10/02/2009;0,65;V
11/02/2009;0,61;V
12/02/2009;0,56;V
13/02/2009;0,52;V
14/02/2009;0,49;V
15/02/2009;0,47;V
16/02/2009;0,45;V
17/02/2009;0,45;V
18/02/2009;0,43;V
19/02/2009;0,41;V
20/02/2009;0,40;V
21/02/2009;0,39;V
22/02/2009;0,38;V
23/02/2009;0,38;V
24/02/2009;0,37;V
25/02/2009;0,36;V
26/02/2009;0,35;V
27/02/2009;0,35;V
28/02/2009;0,34;V
01/03/2009;0,35;V
02/03/2009;0,35;V
03/03/2009;0,38;V
04/03/2009;0,78;V
05/03/2009;1,13;V
06/03/2009;0,83;V
07/03/2009;0,64;V
08/03/2009;0,55;V
09/03/2009;0,51;V
10/03/2009;0,48;V
11/03/2009;0,46;V
12/03/2009;0,44;V
13/03/2009;0,43;V
14/03/2009;0,42;V
15/03/2009;0,40;V
16/03/2009;0,39;V
17/03/2009;0,38;V
18/03/2009;0,37;V
19/03/2009;0,37;V
20/03/2009;0,36;V
21/03/2009;0,35;V
22/03/2009;0,33;V
23/03/2009;0,34;V
24/03/2009;0,34;V
25/03/2009;0,33;V
26/03/2009;0,33;V
27/03/2009;0,33;V
28/03/2009;0,33;V
29/03/2009;1,08;V
30/03/2009;1,13;V
31/03/2009;0,89;V
01/04/2009;0,88;V
02/04/2009;0,98;V
03/04/2009;0,86;V
04/04/2009;0,80;V
05/04/2009;0,75;V
06/04/2009;0,71;V
07/04/2009;0,69;V
08/04/2009;0,66;V
09/04/2009;0,64;V
10/04/2009;0,62;V
11/04/2009;0,62;V
12/04/2009;0,60;V
13/04/2009;0,59;V
14/04/2009;0,58;V
15/04/2009;0,57;V
16/04/2009;0,58;V
17/04/2009;0,59;V
18/04/2009;0,58;V
19/04/2009;0,59;V
20/04/2009;0,58;V
21/04/2009;0,57;V
22/04/2009;0,56;V
23/04/2009;0,55;V
24/04/2009;0,55;V
25/04/2009;0,53;V
26/04/2009;0,55;V
27/04/2009;0,55;V
28/04/2009;0,55;V
29/04/2009;0,62;V
30/04/2009;0,62;V
01/05/2009;0,60;V
02/05/2009;;@
03/05/2009;;@
04/05/2009;;@
05/05/2009;;@
06/05/2009;;@
07/05/2009;;@
08/05/2009;;@
09/05/2009;;@
10/05/2009;;@
11/05/2009;;@
12/05/2009;;@
13/05/2009;;@
14/05/2009;;@
15/05/2009;;@
16/05/2009;;@
17/05/2009;;@
18/05/2009;;@
19/05/2009;;@
20/05/2009;;@
21/05/2009;;@
22/05/2009;;@
23/05/2009;;@
24/05/2009;;@
25/05/2009;;@
26/05/2009;;@
27/05/2009;;@
28/05/2009;;@
29/05/2009;;@
30/05/2009;;@
31/05/2009;;@
01/06/2009;;@
02/06/2009;;@
03/06/2009;;@
04/06/2009;;@
05/06/2009;;@
06/06/2009;;@
07/06/2009;;@
08/06/2009;;@
09/06/2009;;@
10/06/2009;;@
11/06/2009;;@
12/06/2009;;@
13/06/2009;;@
14/06/2009;;@
15/06/2009;;@
16/06/2009;;@
17/06/2009;;@
18/06/2009;;@
19/06/2009;;@
20/06/2009;;@
21/06/2009;;@
22/06/2009;;@
23/06/2009;;@
24/06/2009;;@
25/06/2009;;@
26/06/2009;;@
27/06/2009;;@
28/06/2009;;@
29/06/2009;;@
30/06/2009;;@
01/07/2009;;@
02/07/2009;;@
03/07/2009;;@
04/07/2009;;@
05/07/2009;;@
06/07/2009;;@
07/07/2009;;@
08/07/2009;;@
09/07/2009;;@
10/07/2009;;@
11/07/2009;;@
12/07/2009;;@
13/07/2009;;@
14/07/2009;;@
15/07/2009;;@
16/07/2009;;@
17/07/2009;;@
18/07/2009;;@
19/07/2009;;@
20/07/2009;;@
21/07/2009;;@
22/07/2009;;@
23/07/2009;;@
24/07/2009;;@
25/07/2009;;@
26/07/2009;;@
27/07/2009;;@
28/07/2009;;@
29/07/2009;;@
30/07/2009;;@
31/07/2009;;@
01/08/2009;;@
02/08/2009;;@
03/08/2009;;@
04/08/2009;;@
05/08/2009;;@
06/08/2009;;@
07/08/2009;;@
08/08/2009;;@
09/08/2009;;@
10/08/2009;;@
11/08/2009;;@
12/08/2009;;@
13/08/2009;;@
14/08/2009;;@
15/08/2009;;@
16/08/2009;;@
17/08/2009;;@
18/08/2009;;@
19/08/2009;;@
20/08/2009;;@
21/08/2009;;@
22/08/2009;;@
23/08/2009;;@
24/08/2009;;@
25/08/2009;;@
26/08/2009;;@
27/08/2009;;@
28/08/2009;;@
29/08/2009;;@
30/08/2009;;@
31/08/2009;;@
01/09/2009;;@
02/09/2009;;@
03/09/2009;;@
04/09/2009;;@
05/09/2009;;@
06/09/2009;;@
07/09/2009;;@
08/09/2009;;@
09/09/2009;;@
10/09/2009;;@
11/09/2009;;@
12/09/2009;;@
13/09/2009;;@
14/09/2009;;@
15/09/2009;;@
16/09/2009;;@
17/09/2009;;@
18/09/2009;;@
19/09/2009;;@
20/09/2009;;@
21/09/2009;;@
22/09/2009;;@
23/09/2009;;@
24/09/2009;;@
25/09/2009;;@
26/09/2009;;@
27/09/2009;;@
28/09/2009;;@
29/09/2009;;@
30/09/2009;;@
01/10/2009;;@
02/10/2009;;@
03/10/2009;;@
04/10/2009;;@
05/10/2009;;@
06/10/2009;;@
07/10/2009;;@
08/10/2009;;@
09/10/2009;;@
10/10/2009;;@
11/10/2009;;@
12/10/2009;;@
13/10/2009;;@
14/10/2009;;@
15/10/2009;;@
16/10/2009;;@
17/10/2009;;@
18/10/2009;;@
19/10/2009;;@
20/10/2009;;@
21/10/2009;;@
22/10/2009;;@
23/10/2009;;@
24/10/2009;;@
25/10/2009;;@
26/10/2009;;@
27/10/2009;;@
28/10/2009;;@
29/10/2009;;@
30/10/2009;;@
31/10/2009;;@
01/11/2009;;@
02/11/2009;;@
03/11/2009;;@
04/11/2009;;@
05/11/2009;;@
06/11/2009;;@
07/11/2009;;@
08/11/2009;;@
09/11/2009;;@
10/11/2009;;@
11/11/2009;;@
12/11/2009;;@
13/11/2009;;@
14/11/2009;;@
15/11/2009;;@
16/11/2009;;@
17/11/2009;;@
18/11/2009;;@
19/11/2009;;@
20/11/2009;;@
21/11/2009;;@
22/11/2009;;@
23/11/2009;;@
24/11/2009;;@
25/11/2009;;@
26/11/2009;;@
27/11/2009;;@
28/11/2009;;@
29/11/2009;;@
30/11/2009;0,66;V
01/12/2009;0,74;V
02/12/2009;0,53;V
03/12/2009;0,49;V
04/12/2009;0,82;V
05/12/2009;0,65;V
06/12/2009;0,52;V
07/12/2009;0,49;V
08/12/2009;0,52;V
09/12/2009;0,54;V
10/12/2009;0,49;V
11/12/2009;0,47;V
12/12/2009;0,46;V
13/12/2009;0,45;V
14/12/2009;0,44;V
15/12/2009;0,45;V
16/12/2009;0,44;V
17/12/2009;0,44;V
18/12/2009;0,43;V
19/12/2009;0,43;V
20/12/2009;0,42;V
21/12/2009;0,43;V
22/12/2009;1,20;V
23/12/2009;1,28;V
24/12/2009;1,00;V
25/12/2009;1,13;V
26/12/2009;0,77;V
27/12/2009;0,71;V
28/12/2009;0,65;V
29/12/2009;0,71;V
30/12/2009;0,84;V
31/12/2009;0,81;V
01/01/2010;1,36;V
02/01/2010;0,92;V
03/01/2010;0,76;V
04/01/2010;0,70;V
05/01/2010;0,79;V
06/01/2010;0,98;V
07/01/2010;1,04;V
08/01/2010;0,99;V
09/01/2010;1,07;V
10/01/2010;0,91;V
11/01/2010;0,78;V
12/01/2010;0,71;V
13/01/2010;0,66;V
14/01/2010;0,63;V
15/01/2010;0,60;V
16/01/2010;0,57;V
17/01/2010;0,55;V
18/01/2010;0,54;V
19/01/2010;0,52;V
20/01/2010;0,51;V
21/01/2010;0,49;V
22/01/2010;0,49;V
23/01/2010;0,48;V
24/01/2010;0,47;V
25/01/2010;0,47;V
26/01/2010;0,46;V
27/01/2010;0,46;V
28/01/2010;0,45;V
29/01/2010;0,46;V
30/01/2010;0,54;V
31/01/2010;0,52;V
01/02/2010;0,49;V
02/02/2010;0,47;V
03/02/2010;0,47;V
04/02/2010;0,47;V
05/02/2010;0,57;V
06/02/2010;0,72;V
07/02/2010;0,63;V
08/02/2010;0,58;V
09/02/2010;0,56;V
10/02/2010;0,54;V
11/02/2010;0,53;V
12/02/2010;0,51;V
13/02/2010;0,50;V
14/02/2010;0,50;V
15/02/2010;0,49;V
16/02/2010;0,49;V
17/02/2010;0,48;V
18/02/2010;0,79;V
19/02/2010;0,93;V
20/02/2010;0,94;V
21/02/2010;0,74;V
22/02/2010;0,72;V
23/02/2010;1,16;V
24/02/2010;0,88;V
25/02/2010;0,76;V
26/02/2010;0,90;V
27/02/2010;0,80;V
28/02/2010;0,73;V
01/03/2010;0,68;V
02/03/2010;0,64;V
03/03/2010;0,63;V
04/03/2010;1,01;V
05/03/2010;0,76;V
06/03/2010;0,69;V
07/03/2010;0,66;V
08/03/2010;0,64;V
09/03/2010;0,62;V
10/03/2010;0,60;V
11/03/2010;0,58;V
12/03/2010;0,57;V
13/03/2010;0,57;V
14/03/2010;0,55;V
15/03/2010;0,54;V
16/03/2010;0,52;V
17/03/2010;0,51;V
18/03/2010;0,51;V
19/03/2010;0,50;V
20/03/2010;0,50;V
21/03/2010;0,50;V
22/03/2010;0,50;V
23/03/2010;0,49;V
24/03/2010;0,48;V
25/03/2010;0,47;V
26/03/2010;0,48;V
27/03/2010;0,47;V
28/03/2010;0,47;V
29/03/2010;0,46;V
30/03/2010;0,47;V
31/03/2010;0,47;V
01/04/2010;0,46;V
02/04/2010;0,47;V
03/04/2010;0,48;V
04/04/2010;0,56;V
05/04/2010;1,08;V
06/04/2010;0,74;V
07/04/2010;0,66;V
08/04/2010;0,62;V
09/04/2010;0,59;V
10/04/2010;0,56;V
11/04/2010;0,57;V
12/04/2010;0,54;V
13/04/2010;0,52;V
14/04/2010;0,51;V
15/04/2010;0,50;V
16/04/2010;0,49;V
17/04/2010;0,49;V
18/04/2010;0,48;V
19/04/2010;0,48;V
20/04/2010;0,47;V
21/04/2010;0,47;V
22/04/2010;0,47;V
23/04/2010;0,48;V
24/04/2010;0,51;V
25/04/2010;0,48;V
26/04/2010;0,47;V
27/04/2010;0,46;V
28/04/2010;0,46;V
29/04/2010;0,45;V
30/04/2010;0,45;V
01/05/2010;0,45;V
02/05/2010;0,48;V
03/05/2010;0,72;V
04/05/2010;0,74;V
05/05/2010;0,83;V
06/05/2010;0,74;V
07/05/2010;0,69;V
08/05/2010;0,64;V
09/05/2010;0,61;V
10/05/2010;0,60;V
11/05/2010;0,70;V
12/05/2010;0,71;V
13/05/2010;0,65;V
14/05/2010;0,62;V
15/05/2010;0,67;V
16/05/2010;0,72;V
17/05/2010;0,64;V
18/05/2010;0,60;V
19/05/2010;0,58;V
20/05/2010;0,55;V
21/05/2010;0,53;V
22/05/2010;0,51;V
23/05/2010;0,50;V
24/05/2010;0,49;V
25/05/2010;0,48;V
26/05/2010;0,48;V
27/05/2010;0,47;V
28/05/2010;0,47;V
29/05/2010;0,46;V
30/05/2010;0,46;V
31/05/2010;0,46;V
01/06/2010;0,45;V
02/06/2010;0,46;V
03/06/2010;0,46;V
04/06/2010;0,45;V
05/06/2010;0,44;V
06/06/2010;0,44;V
07/06/2010;0,44;V
08/06/2010;0,44;V
09/06/2010;0,44;V
10/06/2010;0,44;V
11/06/2010;0,43;V
12/06/2010;0,44;V
13/06/2010;0,44;V
14/06/2010;0,44;V
15/06/2010;0,45;V
16/06/2010;0,52;V
17/06/2010;0,49;V
18/06/2010;0,48;V
19/06/2010;0,48;V
20/06/2010;0,52;V
21/06/2010;0,48;V
22/06/2010;0,46;V
23/06/2010;0,45;V
24/06/2010;0,44;V
25/06/2010;0,44;V
26/06/2010;0,44;V
27/06/2010;0,44;V
28/06/2010;0,44;V
29/06/2010;0,44;V
30/06/2010;0,44;V
01/07/2010;0,43;V
02/07/2010;0,43;V
03/07/2010;0,43;V
04/07/2010;0,43;V
05/07/2010;0,43;V
06/07/2010;0,43;V
07/07/2010;0,44;V
08/07/2010;0,43;V
09/07/2010;0,42;V
10/07/2010;0,43;V
11/07/2010;0,42;V
12/07/2010;0,43;V
13/07/2010;0,43;V
14/07/2010;0,43;V
15/07/2010;0,43;V
16/07/2010;0,43;V
17/07/2010;0,43;V
18/07/2010;;@
19/07/2010;;@
20/07/2010;;@
21/07/2010;;@
22/07/2010;;@
23/07/2010;;@
24/07/2010;;@
25/07/2010;;@
26/07/2010;;@
27/07/2010;;@
28/07/2010;;@
29/07/2010;;@
30/07/2010;;@
31/07/2010;;@
01/08/2010;;@
02/08/2010;;@
03/08/2010;;@
04/08/2010;;@
05/08/2010;;@
06/08/2010;;@
07/08/2010;;@
08/08/2010;;@
09/08/2010;;@
10/08/2010;;@
11/08/2010;;@
12/08/2010;;@
13/08/2010;;@
14/08/2010;;@
15/08/2010;;@
16/08/2010;;@
17/08/2010;;@
18/08/2010;;@
19/08/2010;;@
20/08/2010;;@
21/08/2010;;@
22/08/2010;;@
23/08/2010;;@
24/08/2010;;@
25/08/2010;;@
26/08/2010;;@
27/08/2010;;@
28/08/2010;;@
29/08/2010;;@
30/08/2010;;@
31/08/2010;;@
01/09/2010;;@
02/09/2010;;@
03/09/2010;;@
04/09/2010;;@
05/09/2010;;@
06/09/2010;;@
07/09/2010;;@
08/09/2010;;@
09/09/2010;;@
10/09/2010;;@
11/09/2010;;@
12/09/2010;;@
13/09/2010;;@
14/09/2010;;@
15/09/2010;;@
16/09/2010;;@
17/09/2010;;@
18/09/2010;;@
19/09/2010;;@
20/09/2010;;@
21/09/2010;;@
22/09/2010;;@
23/09/2010;;@
24/09/2010;;@
25/09/2010;;@
26/09/2010;;@
27/09/2010;;@
28/09/2010;;@
29/09/2010;;@
30/09/2010;;@
01/10/2010;;@
02/10/2010;;@
03/10/2010;;@
04/10/2010;;@
05/10/2010;0,50;@
06/10/2010;0,44;V
07/10/2010;0,44;V
08/10/2010;0,44;V
09/10/2010;0,42;V
10/10/2010;0,42;V
11/10/2010;0,43;V
12/10/2010;0,42;V
13/10/2010;0,43;V
14/10/2010;0,42;V
15/10/2010;0,42;V
16/10/2010;0,42;V
17/10/2010;0,51;V
18/10/2010;0,46;V
19/10/2010;0,44;V
20/10/2010;0,43;V
21/10/2010;0,43;V
22/10/2010;0,44;V
23/10/2010;0,44;V
24/10/2010;0,44;V
25/10/2010;0,53;V
26/10/2010;0,50;V
27/10/2010;0,47;V
28/10/2010;0,45;V
29/10/2010;0,45;V
30/10/2010;0,44;V
31/10/2010;0,58;V
01/11/2010;0,83;V
02/11/2010;0,65;V
03/11/2010;0,53;V
04/11/2010;0,50;V
05/11/2010;0,48;V
06/11/2010;0,48;V
07/11/2010;0,55;V
08/11/2010;0,97;V
09/11/2010;0,99;V
10/11/2010;1,20;V
11/11/2010;0,92;V
12/11/2010;0,80;V
13/11/2010;0,74;V
14/11/2010;0,65;V
15/11/2010;0,59;V
16/11/2010;0,74;V
17/11/2010;0,69;V
18/11/2010;0,71;V
19/11/2010;0,88;V
20/11/2010;0,79;V
21/11/2010;0,94;V
22/11/2010;1,02;V
23/11/2010;0,77;V
24/11/2010;0,68;V
25/11/2010;0,64;V
26/11/2010;0,76;V
27/11/2010;0,68;V
28/11/2010;0,89;V
29/11/2010;0,84;V
30/11/2010;0,72;V
01/12/2010;1,15;V
02/12/2010;0,99;V
03/12/2010;1,01;V
04/12/2010;0,89;V
05/12/2010;0,79;V
06/12/2010;0,79;V
07/12/2010;0,88;V
08/12/2010;0,81;V
09/12/2010;0,80;V
10/12/2010;0,73;V
11/12/2010;0,69;V
12/12/2010;0,65;V
13/12/2010;0,62;V
14/12/2010;0,59;V
15/12/2010;0,57;V
16/12/2010;0,55;V
17/12/2010;0,54;V
18/12/2010;0,52;V
19/12/2010;0,50;V
20/12/2010;0,54;V
21/12/2010;0,66;V
22/12/2010;1,16;V
23/12/2010;0,93;V
24/12/2010;1,35;V
25/12/2010;1,07;V
26/12/2010;0,86;V
27/12/2010;0,78;V
28/12/2010;0,73;V
29/12/2010;0,69;V
30/12/2010;0,66;V
31/12/2010;0,64;V
01/01/2011;0,60;V
02/01/2011;0,59;V
03/01/2011;0,57;V
04/01/2011;0,56;V
05/01/2011;0,55;V
06/01/2011;0,55;V
07/01/2011;0,54;V
08/01/2011;0,53;V
09/01/2011;0,52;V
10/01/2011;0,51;V
11/01/2011;0,63;V
12/01/2011;0,67;V
13/01/2011;0,61;V
14/01/2011;0,58;V
15/01/2011;0,56;V
16/01/2011;0,55;V
17/01/2011;0,54;V
18/01/2011;0,53;V
19/01/2011;0,51;V
20/01/2011;0,51;V
21/01/2011;0,50;V
22/01/2011;0,50;V
23/01/2011;0,49;V
24/01/2011;0,48;V
25/01/2011;0,48;V
26/01/2011;0,47;V
27/01/2011;0,47;V
28/01/2011;0,45;V
29/01/2011;0,45;V
30/01/2011;0,60;V
31/01/2011;0,60;V
01/02/2011;0,57;V
02/02/2011;0,55;V
03/02/2011;0,52;V
04/02/2011;0,51;V
05/02/2011;0,50;V
06/02/2011;0,49;V
07/02/2011;0,49;V
08/02/2011;0,48;V
09/02/2011;0,48;V
10/02/2011;0,47;V
11/02/2011;0,47;V
12/02/2011;0,46;V
13/02/2011;0,46;V
14/02/2011;0,47;V
15/02/2011;0,46;V
16/02/2011;0,74;V
17/02/2011;0,96;V
18/02/2011;0,87;V
19/02/2011;0,73;V
20/02/2011;0,67;V
21/02/2011;0,70;V
22/02/2011;0,64;V
23/02/2011;0,59;V
24/02/2011;0,56;V
25/02/2011;0,53;V
26/02/2011;0,52;V
27/02/2011;0,53;V
28/02/2011;0,54;V
01/03/2011;0,53;V
02/03/2011;0,51;V
03/03/2011;0,50;V
04/03/2011;0,50;V
05/03/2011;0,49;V
06/03/2011;0,48;V
07/03/2011;0,47;V
08/03/2011;0,46;V
09/03/2011;0,45;V
10/03/2011;0,45;V
11/03/2011;0,45;V
12/03/2011;0,44;V
13/03/2011;0,56;V
14/03/2011;0,78;V
15/03/2011;0,82;V
16/03/2011;1,08;V
17/03/2011;0,88;V
18/03/2011;0,78;V
19/03/2011;0,70;V
20/03/2011;0,63;V
21/03/2011;0,58;V
22/03/2011;0,56;V
23/03/2011;0,54;V
24/03/2011;0,52;V
25/03/2011;0,52;V
26/03/2011;0,50;V
27/03/2011;0,49;V
28/03/2011;0,88;V
29/03/2011;0,76;V
30/03/2011;0,66;V
31/03/2011;0,61;V
01/04/2011;0,58;V
02/04/2011;0,55;V
03/04/2011;0,54;V
04/04/2011;0,53;V
05/04/2011;0,51;V
06/04/2011;0,50;V
07/04/2011;0,48;V
08/04/2011;0,48;V
09/04/2011;0,47;V
10/04/2011;0,46;V
11/04/2011;0,45;V
12/04/2011;0,45;V
13/04/2011;0,44;V
14/04/2011;0,44;V
15/04/2011;0,44;V
16/04/2011;0,43;V
17/04/2011;0,43;V
18/04/2011;0,43;V
19/04/2011;0,42;V
20/04/2011;0,42;V
21/04/2011;0,41;V
22/04/2011;0,41;V
23/04/2011;0,41;V
24/04/2011;0,41;V
25/04/2011;0,41;V
26/04/2011;0,40;V
27/04/2011;0,40;V
28/04/2011;0,40;V
29/04/2011;0,40;V
30/04/2011;0,40;V
01/05/2011;0,40;V
02/05/2011;0,40;V
03/05/2011;0,41;V
04/05/2011;0,40;V
05/05/2011;0,39;V
06/05/2011;0,38;V
07/05/2011;0,38;V
08/05/2011;0,38;V
09/05/2011;0,37;V
10/05/2011;0,37;V
11/05/2011;0,37;V
12/05/2011;0,37;V
13/05/2011;0,36;V
14/05/2011;0,37;V
15/05/2011;0,39;V
16/05/2011;0,38;V
17/05/2011;0,38;V
18/05/2011;0,38;V
19/05/2011;0,38;V
20/05/2011;0,39;V
21/05/2011;0,39;V
22/05/2011;0,39;V
23/05/2011;0,40;V
24/05/2011;0,40;V
25/05/2011;0,41;V
26/05/2011;0,40;V
27/05/2011;0,41;V
28/05/2011;0,40;V
29/05/2011;0,40;V
30/05/2011;0,41;V
31/05/2011;0,41;V
01/06/2011;0,41;V
02/06/2011;0,41;V
03/06/2011;0,42;V
04/06/2011;0,42;V
05/06/2011;0,53;V
06/06/2011;0,47;V
07/06/2011;0,54;V
08/06/2011;0,62;V
09/06/2011;0,56;V
10/06/2011;0,48;V
11/06/2011;0,45;V
12/06/2011;0,43;V
13/06/2011;0,43;V
14/06/2011;0,42;V
15/06/2011;0,40;V
16/06/2011;0,40;V
17/06/2011;0,39;V
18/06/2011;0,40;V
19/06/2011;0,40;V
20/06/2011;;@
21/06/2011;;@
22/06/2011;;@
23/06/2011;;@
24/06/2011;;@
25/06/2011;;@
26/06/2011;;@
27/06/2011;;@
28/06/2011;;@
29/06/2011;;@
30/06/2011;;@
01/07/2011;;@
02/07/2011;;@
03/07/2011;;@
04/07/2011;;@
05/07/2011;;@
06/07/2011;;@
07/07/2011;;@
08/07/2011;;@
09/07/2011;;@
10/07/2011;;@
11/07/2011;;@
12/07/2011;;@
13/07/2011;;@
14/07/2011;;@
15/07/2011;;@
16/07/2011;;@
17/07/2011;;@
18/07/2011;;@
19/07/2011;;@
20/07/2011;;@
21/07/2011;;@
22/07/2011;;@
23/07/2011;;@
24/07/2011;;@
25/07/2011;;@
26/07/2011;;@
27/07/2011;;@
28/07/2011;;@
29/07/2011;;@
30/07/2011;;@
31/07/2011;;@
01/08/2011;;@
02/08/2011;;@
03/08/2011;;@
04/08/2011;;@
05/08/2011;;@
06/08/2011;;@
07/08/2011;;@
08/08/2011;;@
09/08/2011;;@
10/08/2011;;@
11/08/2011;;@
12/08/2011;;@
13/08/2011;;@
14/08/2011;;@
15/08/2011;;@
16/08/2011;;@
17/08/2011;;@
18/08/2011;;@
19/08/2011;;@
20/08/2011;;@
21/08/2011;;@
22/08/2011;;@
23/08/2011;;@
24/08/2011;;@
25/08/2011;;@
26/08/2011;;@
27/08/2011;;@
28/08/2011;;@
29/08/2011;;@
30/08/2011;;@
31/08/2011;;@
01/09/2011;;@
02/09/2011;;@
03/09/2011;;@
04/09/2011;;@
05/09/2011;;@
06/09/2011;;@
07/09/2011;;@
08/09/2011;;@
09/09/2011;;@
10/09/2011;;@
11/09/2011;;@
12/09/2011;;@
13/09/2011;;@
14/09/2011;;@
15/09/2011;;@
16/09/2011;;@
17/09/2011;;@
18/09/2011;;@
19/09/2011;;@
20/09/2011;;@
21/09/2011;;@
22/09/2011;;@
23/09/2011;;@
24/09/2011;;@
25/09/2011;;@
26/09/2011;;@
27/09/2011;;@
28/09/2011;;@
29/09/2011;;@
30/09/2011;;@
01/10/2011;;@
02/10/2011;;@
03/10/2011;;@
04/10/2011;;@
05/10/2011;;@
06/10/2011;;@
07/10/2011;;@
08/10/2011;;@
09/10/2011;;@
10/10/2011;;@
11/10/2011;;@
12/10/2011;;@
13/10/2011;;@
14/10/2011;;@
15/10/2011;;@
16/10/2011;;@
17/10/2011;;@
18/10/2011;;@
19/10/2011;;@
20/10/2011;;@
21/10/2011;;@
22/10/2011;;@
23/10/2011;;@
24/10/2011;;@
25/10/2011;;@
26/10/2011;;@
27/10/2011;;@
28/10/2011;;@
29/10/2011;;@
30/10/2011;;@
31/10/2011;;@
01/11/2011;;@
02/11/2011;;@
03/11/2011;;@
04/11/2011;;@
05/11/2011;;@
06/11/2011;;@
07/11/2011;;@
08/11/2011;;@
09/11/2011;;@
10/11/2011;;@
11/11/2011;;@
12/11/2011;;@
13/11/2011;;@
14/11/2011;;@
15/11/2011;;@
16/11/2011;;@
17/11/2011;;@
18/11/2011;;@
19/11/2011;;@
20/11/2011;;@
21/11/2011;;@
22/11/2011;;@
23/11/2011;;@
24/11/2011;;@
25/11/2011;;@
26/11/2011;;@
27/11/2011;;@
28/11/2011;;@
29/11/2011;;@
30/11/2011;;@
01/12/2011;;@
02/12/2011;;@
03/12/2011;;@
04/12/2011;;@
05/12/2011;0,89;@
06/12/2011;0,60;V
07/12/2011;0,47;V
08/12/2011;0,45;V
09/12/2011;0,47;V
10/12/2011;0,49;V
11/12/2011;0,48;V
12/12/2011;0,72;V
13/12/2011;0,66;V
14/12/2011;0,60;V
15/12/2011;0,60;V
16/12/2011;0,66;V
17/12/2011;0,90;V
18/12/2011;0,63;V
19/12/2011;0,55;V
20/12/2011;0,51;V
21/12/2011;0,48;V
22/12/2011;0,47;V
23/12/2011;0,46;V
24/12/2011;0,46;V
25/12/2011;0,46;V
26/12/2011;0,45;V
27/12/2011;0,45;V
28/12/2011;0,47;V
29/12/2011;0,48;V
30/12/2011;0,48;V
31/12/2011;0,48;V
01/01/2012;0,48;V
02/01/2012;0,46;V
03/01/2012;0,54;V
04/01/2012;0,50;V
05/01/2012;0,49;V
06/01/2012;0,49;V
07/01/2012;0,48;V
08/01/2012;0,47;V
09/01/2012;0,46;V
10/01/2012;0,46;V
11/01/2012;0,45;V
12/01/2012;0,45;V
13/01/2012;0,46;V
14/01/2012;0,46;V
15/01/2012;0,45;V
16/01/2012;0,46;V
17/01/2012;0,45;V
18/01/2012;0,43;V
19/01/2012;0,43;V
20/01/2012;0,43;V
21/01/2012;0,43;V
22/01/2012;0,45;V
23/01/2012;0,44;V
24/01/2012;0,43;V
25/01/2012;0,45;V
26/01/2012;0,43;V
27/01/2012;0,42;V
28/01/2012;0,42;V
29/01/2012;0,42;V
30/01/2012;0,43;V
31/01/2012;0,42;V
01/02/2012;0,38;V
02/02/2012;0,37;V
03/02/2012;0,41;V
04/02/2012;0,44;V
05/02/2012;0,42;V
06/02/2012;0,38;V
07/02/2012;0,37;V
08/02/2012;0,38;V
09/02/2012;0,39;V
10/02/2012;0,37;V
11/02/2012;0,37;V
12/02/2012;0,38;V
13/02/2012;0,40;V
14/02/2012;0,40;V
15/02/2012;0,41;V
16/02/2012;0,41;V
17/02/2012;0,42;V
18/02/2012;0,43;V
19/02/2012;0,40;V
20/02/2012;0,40;V
21/02/2012;0,41;V
22/02/2012;0,40;V
23/02/2012;0,40;V
24/02/2012;0,40;V
25/02/2012;0,40;V
26/02/2012;0,39;V
27/02/2012;0,40;V
28/02/2012;0,38;V
29/02/2012;0,39;V
01/03/2012;0,40;V
02/03/2012;0,38;V
03/03/2012;0,39;V
04/03/2012;0,40;V
05/03/2012;0,41;V
06/03/2012;0,42;V
07/03/2012;0,42;V
08/03/2012;0,40;V
09/03/2012;0,40;V
10/03/2012;0,39;V
11/03/2012;0,39;V
12/03/2012;0,40;V
13/03/2012;0,39;V
14/03/2012;0,39;V
15/03/2012;0,40;V
16/03/2012;0,40;V
17/03/2012;0,40;V
18/03/2012;0,41;V
19/03/2012;0,41;V
20/03/2012;0,40;V
21/03/2012;0,39;V
22/03/2012;0,38;V
23/03/2012;0,38;V
24/03/2012;0,39;V
25/03/2012;0,38;V
26/03/2012;0,37;V
27/03/2012;0,38;V
28/03/2012;0,37;V
29/03/2012;0,39;V
30/03/2012;0,39;V
31/03/2012;0,40;V
01/04/2012;0,39;V
02/04/2012;0,42;V
03/04/2012;0,41;V
04/04/2012;0,40;V
05/04/2012;0,40;V
06/04/2012;0,42;V
07/04/2012;0,40;V
08/04/2012;0,43;V
09/04/2012;0,42;V
10/04/2012;0,45;V
11/04/2012;0,60;V
12/04/2012;0,59;V
13/04/2012;0,51;V
14/04/2012;0,50;V
15/04/2012;0,63;V
16/04/2012;0,57;V
17/04/2012;0,53;V
18/04/2012;0,51;V
19/04/2012;0,55;V
20/04/2012;0,72;V
21/04/2012;1,10;V
22/04/2012;0,78;V
23/04/2012;0,66;V
24/04/2012;0,69;V
25/04/2012;0,65;V
26/04/2012;0,58;V
27/04/2012;0,54;V
28/04/2012;0,51;V
29/04/2012;0,49;V
30/04/2012;0,48;V
01/05/2012;0,47;V
02/05/2012;0,46;V
03/05/2012;0,44;V
04/05/2012;0,43;V
05/05/2012;0,43;V
06/05/2012;0,46;V
07/05/2012;0,73;V
08/05/2012;0,60;V
09/05/2012;0,54;V
10/05/2012;0,50;V
11/05/2012;0,47;V
12/05/2012;0,46;V
13/05/2012;0,46;V
14/05/2012;0,45;V
15/05/2012;0,43;V
16/05/2012;0,43;V
17/05/2012;0,41;V
18/05/2012;0,41;V
19/05/2012;0,40;V
20/05/2012;0,42;V
21/05/2012;0,80;V
22/05/2012;0,70;V
23/05/2012;0,57;V
24/05/2012;0,51;V
25/05/2012;0,47;V
26/05/2012;0,46;V
27/05/2012;0,44;V
28/05/2012;0,44;V
29/05/2012;0,43;V
30/05/2012;0,43;V
31/05/2012;0,42;V
01/06/2012;0,42;V
02/06/2012;0,42;V
03/06/2012;0,41;V
04/06/2012;0,45;V
05/06/2012;0,44;V
06/06/2012;0,41;V
07/06/2012;0,40;V
08/06/2012;0,40;V
09/06/2012;0,39;V
10/06/2012;0,39;V
11/06/2012;0,43;V
12/06/2012;0,46;V
13/06/2012;0,42;V
14/06/2012;0,40;V
15/06/2012;0,38;V
16/06/2012;0,37;V
17/06/2012;0,37;V
18/06/2012;0,37;V
19/06/2012;0,36;V
20/06/2012;0,36;V
21/06/2012;0,35;V
22/06/2012;0,35;V
23/06/2012;0,35;V
24/06/2012;0,35;V
25/06/2012;;@
26/06/2012;;@
27/06/2012;;@
28/06/2012;;@
29/06/2012;;@
30/06/2012;;@
01/07/2012;;@
02/07/2012;;@
03/07/2012;;@
04/07/2012;;@
05/07/2012;;@
06/07/2012;;@
07/07/2012;;@
08/07/2012;;@
09/07/2012;;@
10/07/2012;;@
11/07/2012;;@
12/07/2012;;@
13/07/2012;;@
14/07/2012;;@
15/07/2012;;@
16/07/2012;;@
17/07/2012;;@
18/07/2012;;@
19/07/2012;;@
20/07/2012;;@
21/07/2012;;@
22/07/2012;;@
23/07/2012;;@
24/07/2012;;@
25/07/2012;;@
26/07/2012;;@
27/07/2012;;@
28/07/2012;;@
29/07/2012;;@
30/07/2012;;@
31/07/2012;;@
01/08/2012;;@
02/08/2012;;@
03/08/2012;;@
04/08/2012;;@
05/08/2012;;@
06/08/2012;;@
07/08/2012;;@
08/08/2012;;@
09/08/2012;;@
10/08/2012;;@
11/08/2012;;@
12/08/2012;;@
13/08/2012;;@
14/08/2012;;@
15/08/2012;;@
16/08/2012;;@
17/08/2012;;@
18/08/2012;;@
19/08/2012;;@
20/08/2012;;@
21/08/2012;;@
22/08/2012;;@
23/08/2012;;@
24/08/2012;;@
25/08/2012;;@
26/08/2012;;@
27/08/2012;;@
28/08/2012;;@
29/08/2012;;@
30/08/2012;;@
31/08/2012;;@
01/09/2012;;@
02/09/2012;;@
03/09/2012;;@
04/09/2012;;@
05/09/2012;;@
06/09/2012;;@
07/09/2012;;@
08/09/2012;;@
09/09/2012;;@
10/09/2012;;@
11/09/2012;;@
12/09/2012;;@
13/09/2012;;@
14/09/2012;;@
15/09/2012;;@
16/09/2012;;@
17/09/2012;;@
18/09/2012;;@
19/09/2012;;@
20/09/2012;0,36;@
21/09/2012;0,36;V
22/09/2012;0,38;V
23/09/2012;0,42;V
24/09/2012;0,41;V
25/09/2012;0,38;V
26/09/2012;0,38;V
27/09/2012;0,39;V
28/09/2012;0,38;V
29/09/2012;0,39;V
30/09/2012;0,38;V
01/10/2012;0,37;V
02/10/2012;0,37;V
03/10/2012;0,40;V
04/10/2012;0,40;V
05/10/2012;0,42;V
06/10/2012;0,41;V
07/10/2012;0,38;V
08/10/2012;0,39;V
09/10/2012;0,37;V
10/10/2012;0,38;V
11/10/2012;0,37;V
12/10/2012;0,37;V
13/10/2012;0,35;V
14/10/2012;0,37;V
15/10/2012;0,38;V
16/10/2012;0,38;V
17/10/2012;0,36;V
18/10/2012;0,35;V
19/10/2012;0,34;V
20/10/2012;0,35;V
21/10/2012;0,37;V
22/10/2012;0,35;V
23/10/2012;0,37;V
24/10/2012;0,38;V
25/10/2012;0,38;V
26/10/2012;0,37;V
27/10/2012;0,41;V
28/10/2012;0,44;V
29/10/2012;0,53;V
30/10/2012;0,41;V
31/10/2012;0,42;V
01/11/2012;0,71;V
02/11/2012;0,48;V
03/11/2012;0,42;V
04/11/2012;0,44;V
05/11/2012;0,61;V
06/11/2012;0,49;V
07/11/2012;0,44;V
08/11/2012;0,41;V
09/11/2012;0,40;V
10/11/2012;0,40;V
11/11/2012;0,43;V
12/11/2012;0,45;V
13/11/2012;0,48;V
14/11/2012;0,46;V
15/11/2012;0,42;V
16/11/2012;0,40;V
17/11/2012;0,40;V
18/11/2012;0,39;V
19/11/2012;0,39;V
20/11/2012;0,39;V
21/11/2012;0,38;V
22/11/2012;0,38;V
23/11/2012;0,37;V
24/11/2012;0,37;V
25/11/2012;0,38;V
26/11/2012;0,37;V
27/11/2012;0,66;V
28/11/2012;1,29;V
29/11/2012;0,83;V
30/11/2012;0,66;V
01/12/2012;0,59;V
02/12/2012;0,66;V
03/12/2012;0,59;V
04/12/2012;1,01;V
05/12/2012;0,88;V
06/12/2012;0,72;V
07/12/2012;0,66;V
08/12/2012;0,68;V
09/12/2012;0,62;V
10/12/2012;0,60;V
11/12/2012;0,58;V
12/12/2012;0,56;V
13/12/2012;0,54;V
14/12/2012;0,57;V
15/12/2012;1,30;V
16/12/2012;0,90;V
17/12/2012;0,97;V
18/12/2012;0,80;V
19/12/2012;0,70;V
20/12/2012;0,64;V
21/12/2012;0,63;V
22/12/2012;0,61;V
23/12/2012;0,59;V
24/12/2012;0,57;V
25/12/2012;0,56;V
26/12/2012;0,58;V
27/12/2012;0,61;V
28/12/2012;0,65;V
29/12/2012;0,61;V
30/12/2012;0,58;V
31/12/2012;0,56;V
01/01/2013;0,54;V
02/01/2013;0,55;V
03/01/2013;0,56;V
04/01/2013;0,54;V
05/01/2013;0,54;V
06/01/2013;0,53;V
07/01/2013;0,52;V
08/01/2013;0,52;V
09/01/2013;0,52;V
10/01/2013;0,51;V
11/01/2013;0,52;V
12/01/2013;0,53;V
13/01/2013;0,61;V
14/01/2013;0,94;V
15/01/2013;0,79;V
16/01/2013;0,85;V
17/01/2013;0,78;V
18/01/2013;0,71;V
19/01/2013;0,70;V
20/01/2013;1,28;V
21/01/2013;1,04;V
22/01/2013;0,97;V
23/01/2013;0,88;V
24/01/2013;0,80;V
25/01/2013;0,75;V
26/01/2013;0,71;V
27/01/2013;0,67;V
28/01/2013;0,68;V
29/01/2013;0,65;V
30/01/2013;0,65;V
31/01/2013;0,63;V
01/02/2013;0,62;V
02/02/2013;0,67;V
03/02/2013;0,74;V
04/02/2013;0,69;V
05/02/2013;0,67;V
06/02/2013;0,66;V
07/02/2013;0,64;V
08/02/2013;0,63;V
09/02/2013;0,62;V
10/02/2013;0,60;V
11/02/2013;0,61;V
12/02/2013;0,69;V
13/02/2013;0,71;V
14/02/2013;0,71;V
15/02/2013;0,69;V
16/02/2013;0,67;V
17/02/2013;0,66;V
18/02/2013;0,65;V
19/02/2013;0,64;V
20/02/2013;0,63;V
21/02/2013;0,65;V
22/02/2013;0,66;V
23/02/2013;0,66;V
24/02/2013;0,68;V
25/02/2013;0,72;V
26/02/2013;0,76;V
27/02/2013;0,78;V
28/02/2013;0,81;V
01/03/2013;0,86;V
02/03/2013;0,95;V
03/03/2013;0,90;V
04/03/2013;0,84;V
05/03/2013;0,81;V
06/03/2013;0,95;V
07/03/2013;1,03;V
08/03/2013;1,01;V
09/03/2013;1,08;V
10/03/2013;1,11;V
11/03/2013;1,09;V
12/03/2013;0,98;V
13/03/2013;1,15;V
14/03/2013;1,01;V
15/03/2013;0,87;V
16/03/2013;0,79;V
17/03/2013;0,76;V
18/03/2013;1,38;V
19/03/2013;1,01;V
20/03/2013;0,92;V
21/03/2013;0,88;V
22/03/2013;0,81;V
23/03/2013;0,77;V
24/03/2013;0,76;V
25/03/2013;0,75;V
26/03/2013;0,74;V
27/03/2013;0,74;V
28/03/2013;0,72;V
29/03/2013;0,83;V
30/03/2013;0,88;V
31/03/2013;0,98;V
01/04/2013;0,83;V
02/04/2013;0,92;V
03/04/2013;0,84;V
04/04/2013;0,81;V
05/04/2013;0,83;V
06/04/2013;0,81;V
07/04/2013;0,77;V
08/04/2013;0,74;V
09/04/2013;0,75;V
10/04/2013;0,73;V
11/04/2013;0,69;V
12/04/2013;0,67;V
13/04/2013;0,65;V
14/04/2013;0,62;V
15/04/2013;0,60;V
16/04/2013;0,59;V
17/04/2013;0,57;V
18/04/2013;0,56;V
19/04/2013;0,55;V
20/04/2013;0,55;V
21/04/2013;0,54;V
22/04/2013;0,55;V
23/04/2013;0,56;V
24/04/2013;0,52;V
25/04/2013;0,51;V
26/04/2013;0,50;V
27/04/2013;0,51;V
28/04/2013;0,53;V
29/04/2013;0,51;V
30/04/2013;0,50;V
01/05/2013;0,50;V
02/05/2013;0,50;V
03/05/2013;0,50;V
04/05/2013;0,49;V
05/05/2013;0,49;V
06/05/2013;0,48;V
07/05/2013;0,48;V
08/05/2013;0,48;V
09/05/2013;0,47;V
10/05/2013;0,48;V
11/05/2013;0,48;V
12/05/2013;0,47;V
13/05/2013;0,47;V
14/05/2013;0,46;V
15/05/2013;0,46;V
16/05/2013;0,70;V
17/05/2013;0,79;V
18/05/2013;0,73;V
19/05/2013;0,65;V
20/05/2013;0,59;V
21/05/2013;0,56;V
22/05/2013;0,53;V
23/05/2013;0,55;V
24/05/2013;0,52;V
25/05/2013;0,79;V
26/05/2013;0,79;V
27/05/2013;0,69;V
28/05/2013;0,63;V
29/05/2013;0,59;V
30/05/2013;0,72;V
31/05/2013;0,72;V
01/06/2013;0,63;V
02/06/2013;0,59;V
03/06/2013;0,64;V
04/06/2013;0,60;V
05/06/2013;0,56;V
06/06/2013;0,54;V
07/06/2013;0,55;V
08/06/2013;0,54;V
09/06/2013;0,52;V
10/06/2013;0,51;V
11/06/2013;0,50;V
12/06/2013;0,49;V
13/06/2013;0,48;V
14/06/2013;0,48;V
15/06/2013;0,48;V
16/06/2013;0,47;V
17/06/2013;0,47;V
18/06/2013;0,47;V
19/06/2013;0,47;V
20/06/2013;0,47;V
21/06/2013;0,47;V
22/06/2013;0,46;V
23/06/2013;0,46;V
24/06/2013;0,46;V
25/06/2013;0,47;V
26/06/2013;0,46;V
27/06/2013;0,46;V
28/06/2013;0,46;V
29/06/2013;0,45;V
30/06/2013;0,45;V
01/07/2013;0,45;V
02/07/2013;0,45;V
03/07/2013;0,45;V
04/07/2013;0,45;V
05/07/2013;0,45;V
06/07/2013;0,44;V
07/07/2013;0,44;V
08/07/2013;0,44;V
09/07/2013;0,44;V
10/07/2013;0,43;V
11/07/2013;0,44;V
12/07/2013;0,44;V
13/07/2013;0,43;V
14/07/2013;0,45;V
15/07/2013;0,43;V
16/07/2013;0,44;V
17/07/2013;0,43;V
18/07/2013;0,43;V
19/07/2013;0,43;V
20/07/2013;0,43;V
21/07/2013;0,44;V
22/07/2013;0,43;V
23/07/2013;;@
24/07/2013;;@
25/07/2013;;@
26/07/2013;;@
27/07/2013;;@
28/07/2013;;@
29/07/2013;;@
30/07/2013;;@
31/07/2013;;@
01/08/2013;;@
02/08/2013;;@
03/08/2013;;@
04/08/2013;;@
05/08/2013;;@
06/08/2013;0,41;V
07/08/2013;0,42;V
08/08/2013;0,41;V
09/08/2013;0,40;V
10/08/2013;0,41;V
11/08/2013;0,42;V
12/08/2013;0,42;V
13/08/2013;0,42;V
14/08/2013;0,40;V
15/08/2013;0,40;V
16/08/2013;0,40;V
17/08/2013;0,41;V
18/08/2013;0,39;V
19/08/2013;0,40;V
20/08/2013;0,43;V
21/08/2013;0,41;V
22/08/2013;0,41;V
23/08/2013;0,40;V
24/08/2013;0,41;V
25/08/2013;0,44;V
26/08/2013;0,43;V
27/08/2013;0,42;V
28/08/2013;0,42;V
29/08/2013;0,40;V
30/08/2013;0,41;V
31/08/2013;0,43;V
01/09/2013;0,42;V
02/09/2013;0,42;V
03/09/2013;0,41;V
04/09/2013;0,43;V
05/09/2013;0,43;V
06/09/2013;0,44;V
07/09/2013;0,44;V
08/09/2013;0,43;V
09/09/2013;0,43;V
10/09/2013;0,43;V
11/09/2013;0,44;V
12/09/2013;0,44;V
13/09/2013;0,44;V
14/09/2013;0,45;V
15/09/2013;0,46;V
16/09/2013;0,45;V
17/09/2013;0,44;V
18/09/2013;0,43;V
19/09/2013;0,43;V
20/09/2013;0,43;V
21/09/2013;0,43;V
22/09/2013;0,44;V
23/09/2013;0,43;V
24/09/2013;0,42;V
25/09/2013;0,43;V
26/09/2013;0,44;V
27/09/2013;0,44;V
28/09/2013;0,44;V
29/09/2013;0,48;V
30/09/2013;0,49;V
01/10/2013;0,46;V
02/10/2013;0,45;V
03/10/2013;0,44;V
04/10/2013;0,44;V
05/10/2013;0,54;V
06/10/2013;0,55;V
07/10/2013;0,49;V
08/10/2013;0,48;V
09/10/2013;0,47;V
10/10/2013;0,47;V
11/10/2013;0,47;V
12/10/2013;0,47;V
13/10/2013;0,47;V
14/10/2013;0,46;V
15/10/2013;0,46;V
16/10/2013;0,50;V
17/10/2013;0,49;V
18/10/2013;0,48;V
19/10/2013;0,47;V
20/10/2013;0,47;V
21/10/2013;0,89;V
22/10/2013;0,58;V
23/10/2013;0,53;V
24/10/2013;0,83;V
25/10/2013;0,65;V
26/10/2013;0,55;V
27/10/2013;0,51;V
28/10/2013;0,50;V
29/10/2013;0,49;V
30/10/2013;0,48;V
31/10/2013;0,49;V
01/11/2013;0,48;V
02/11/2013;0,48;V
03/11/2013;0,48;V
04/11/2013;0,49;V
05/11/2013;0,57;V
06/11/2013;0,52;V
07/11/2013;0,50;V
08/11/2013;0,50;V
09/11/2013;0,50;V
10/11/2013;0,66;V
11/11/2013;0,78;V
12/11/2013;0,65;V
13/11/2013;0,58;V
14/11/2013;0,55;V
15/11/2013;0,70;V
16/11/2013;0,63;V
17/11/2013;0,58;V
18/11/2013;0,56;V
19/11/2013;0,56;V
20/11/2013;0,56;V
21/11/2013;0,93;V
22/11/2013;0,97;V
23/11/2013;0,78;V
24/11/2013;0,69;V
25/11/2013;0,63;V
26/11/2013;0,60;V
27/11/2013;0,57;V
28/11/2013;0,56;V
29/11/2013;0,55;V
30/11/2013;0,55;V
01/12/2013;0,54;V
02/12/2013;0,54;V
03/12/2013;0,53;V
04/12/2013;0,53;V
05/12/2013;0,52;V
06/12/2013;0,52;V
07/12/2013;0,52;V
08/12/2013;0,51;V
09/12/2013;0,51;V
10/12/2013;0,51;V
11/12/2013;0,51;V
12/12/2013;0,52;V
13/12/2013;0,52;V
14/12/2013;0,52;V
15/12/2013;0,53;V
16/12/2013;0,53;V
17/12/2013;0,53;V
18/12/2013;0,52;V
19/12/2013;0,52;V
20/12/2013;0,53;V
21/12/2013;0,52;V
22/12/2013;0,51;V
23/12/2013;0,51;V
24/12/2013;0,50;V
25/12/2013;0,51;V
26/12/2013;0,63;V
27/12/2013;0,59;V
28/12/2013;0,55;V
29/12/2013;0,63;V
30/12/2013;0,61;V
31/12/2013;0,57;V
01/01/2014;0,56;V
02/01/2014;0,56;V
03/01/2014;0,89;V
04/01/2014;0,91;V
05/01/2014;1,04;V
06/01/2014;0,85;V
07/01/2014;0,73;V
08/01/2014;0,67;V
09/01/2014;0,64;V
10/01/2014;0,62;V
11/01/2014;0,60;V
12/01/2014;0,58;V
13/01/2014;;@
14/01/2014;0,82;V
15/01/2014;0,80;V
16/01/2014;0,71;V
17/01/2014;1,18;V
18/01/2014;1,45;V
19/01/2014;1,17;V
20/01/2014;1,15;V
21/01/2014;1,02;V
22/01/2014;0,94;V
23/01/2014;0,89;V
24/01/2014;1,07;V
25/01/2014;0,94;V
26/01/2014;;@
27/01/2014;0,90;V
28/01/2014;0,89;V
29/01/2014;0,86;V
30/01/2014;1,48;V
31/01/2014;1,45;V
01/02/2014;1,12;V
02/02/2014;0,99;V
03/02/2014;0,95;V
04/02/2014;0,93;V
05/02/2014;0,98;V
06/02/2014;1,07;V
07/02/2014;1,02;V
08/02/2014;1,14;V
09/02/2014;1,04;V
10/02/2014;1,46;V
11/02/2014;1,63;V
12/02/2014;1,21;V
13/02/2014;1,10;V
14/02/2014;1,12;V
15/02/2014;1,04;V
16/02/2014;0,99;V
17/02/2014;0,96;V
18/02/2014;0,93;V
19/02/2014;0,95;V
20/02/2014;1,16;V
21/02/2014;1,06;V
22/02/2014;1,13;V
23/02/2014;1,05;V
24/02/2014;0,99;V
25/02/2014;0,94;V
26/02/2014;1,01;V
27/02/2014;1,05;V
28/02/2014;;@
01/03/2014;1,11;V
02/03/2014;1,03;V
03/03/2014;0,97;V
04/03/2014;0,95;V
05/03/2014;0,95;V
06/03/2014;0,89;V
07/03/2014;0,87;V
08/03/2014;0,85;V
09/03/2014;0,83;V
10/03/2014;0,82;V
11/03/2014;0,81;V
12/03/2014;0,79;V
13/03/2014;0,78;V
14/03/2014;0,78;V
15/03/2014;0,77;V
16/03/2014;0,77;V
17/03/2014;0,76;V
18/03/2014;0,75;V
19/03/2014;0,75;V
20/03/2014;0,74;V
21/03/2014;0,74;V
22/03/2014;0,74;V
23/03/2014;1,05;V
24/03/2014;1,06;V
25/03/2014;0,93;V
26/03/2014;0,87;V
27/03/2014;0,84;V
28/03/2014;0,82;V
29/03/2014;0,79;V
30/03/2014;0,78;V
31/03/2014;0,78;V
01/04/2014;0,77;V
02/04/2014;0,76;V
03/04/2014;0,76;V
04/04/2014;0,77;V
05/04/2014;0,79;V
06/04/2014;0,76;V
07/04/2014;0,75;V
08/04/2014;0,74;V
09/04/2014;0,74;V
10/04/2014;0,73;V
11/04/2014;0,72;V
12/04/2014;0,72;V
13/04/2014;0,72;V
14/04/2014;0,72;V
15/04/2014;0,71;V
16/04/2014;0,70;V
17/04/2014;0,69;V
18/04/2014;0,69;V
19/04/2014;0,71;V
20/04/2014;0,70;V
21/04/2014;0,69;V
22/04/2014;0,69;V
23/04/2014;0,68;V
24/04/2014;0,68;V
25/04/2014;0,67;V
26/04/2014;0,66;V
27/04/2014;0,67;V
28/04/2014;0,69;V
29/04/2014;0,68;V
30/04/2014;0,67;V
01/05/2014;0,66;V
02/05/2014;0,67;V
03/05/2014;0,74;V
04/05/2014;0,72;V
05/05/2014;0,69;V
06/05/2014;0,68;V
07/05/2014;0,68;V
08/05/2014;0,67;V
09/05/2014;0,66;V
10/05/2014;0,65;V
11/05/2014;0,65;V
12/05/2014;0,65;V
13/05/2014;0,65;V
14/05/2014;0,64;V
15/05/2014;0,64;V
16/05/2014;0,63;V
17/05/2014;0,63;V
18/05/2014;0,63;V
19/05/2014;0,62;V
20/05/2014;0,61;V
21/05/2014;0,61;V
22/05/2014;0,61;V
23/05/2014;0,61;V
24/05/2014;0,61;V
25/05/2014;0,61;V
26/05/2014;0,61;V
27/05/2014;0,61;V
28/05/2014;0,62;V
29/05/2014;0,61;V
30/05/2014;0,64;V
31/05/2014;0,63;V
01/06/2014;0,61;V
02/06/2014;0,61;V
03/06/2014;0,61;V
04/06/2014;0,61;V
05/06/2014;0,61;V
06/06/2014;0,61;V
07/06/2014;0,61;V
08/06/2014;0,62;V
09/06/2014;0,62;V
10/06/2014;0,62;V
11/06/2014;0,62;V
12/06/2014;0,62;V
13/06/2014;0,62;V
14/06/2014;0,62;V
15/06/2014;0,62;V
16/06/2014;0,64;V
17/06/2014;0,63;V
18/06/2014;0,63;V
19/06/2014;0,62;V
20/06/2014;0,62;V
21/06/2014;0,62;V
22/06/2014;0,63;V
23/06/2014;0,63;V
24/06/2014;0,61;V
25/06/2014;0,65;V
26/06/2014;0,65;V
27/06/2014;0,65;V
28/06/2014;0,64;V
29/06/2014;0,64;V
30/06/2014;0,65;V
01/07/2014;0,63;V
02/07/2014;0,63;V
03/07/2014;0,62;V
04/07/2014;0,62;V
05/07/2014;0,63;V
06/07/2014;0,62;V
07/07/2014;0,60;V
08/07/2014;0,61;V
09/07/2014;0,64;V
10/07/2014;0,63;V
11/07/2014;0,64;V
12/07/2014;0,63;V
13/07/2014;0,63;V
14/07/2014;0,62;V
15/07/2014;0,61;V
16/07/2014;0,60;V
17/07/2014;0,60;V
18/07/2014;0,60;V
19/07/2014;0,60;V
20/07/2014;0,60;V
21/07/2014;0,65;V
22/07/2014;0,62;V
23/07/2014;0,61;V
24/07/2014;0,63;V
25/07/2014;0,62;V
26/07/2014;0,62;V
27/07/2014;0,62;V
28/07/2014;0,62;V
29/07/2014;0,63;V
30/07/2014;0,71;V
31/07/2014;0,63;V
01/08/2014;0,62;V
02/08/2014;0,63;V
03/08/2014;0,74;V
04/08/2014;0,73;V
05/08/2014;0,67;V
06/08/2014;0,67;V
07/08/2014;0,65;V
08/08/2014;0,65;V
09/08/2014;0,65;V
10/08/2014;0,65;V
11/08/2014;0,65;V
12/08/2014;0,65;V
13/08/2014;0,65;V
14/08/2014;0,66;V
15/08/2014;0,65;V
16/08/2014;0,65;V
17/08/2014;0,64;V
18/08/2014;0,64;V
19/08/2014;0,66;V
20/08/2014;0,64;V
21/08/2014;0,63;V
22/08/2014;0,62;V
23/08/2014;0,63;V
24/08/2014;0,63;V
25/08/2014;0,65;V
26/08/2014;0,65;V
27/08/2014;0,65;V
28/08/2014;0,65;V
29/08/2014;0,65;V
30/08/2014;0,65;V
31/08/2014;0,65;V
01/09/2014;0,65;V
02/09/2014;0,66;V
03/09/2014;0,66;V
04/09/2014;0,66;V
05/09/2014;0,65;V
06/09/2014;0,65;V
07/09/2014;0,66;V
08/09/2014;0,66;V
09/09/2014;0,67;V
10/09/2014;0,69;V
11/09/2014;0,68;V
12/09/2014;0,68;V
13/09/2014;0,68;V
14/09/2014;0,68;V
15/09/2014;0,67;V
16/09/2014;0,67;V
17/09/2014;0,67;V
18/09/2014;0,68;V
19/09/2014;0,70;V
20/09/2014;0,71;V
21/09/2014;0,69;V
22/09/2014;0,71;V
23/09/2014;0,68;V
24/09/2014;0,67;V
25/09/2014;0,68;V
26/09/2014;0,67;V
27/09/2014;0,68;V
28/09/2014;0,67;V
29/09/2014;0,67;V
30/09/2014;0,68;V
01/10/2014;0,70;V
02/10/2014;0,68;V
03/10/2014;0,67;V
04/10/2014;0,67;V
05/10/2014;0,67;V
06/10/2014;0,70;V
07/10/2014;0,70;V
08/10/2014;0,69;V
09/10/2014;0,70;V
10/10/2014;0,69;V
11/10/2014;0,70;V
12/10/2014;0,72;V
13/10/2014;0,71;V
14/10/2014;0,71;V
15/10/2014;0,76;V
16/10/2014;0,71;V
17/10/2014;0,71;V
18/10/2014;0,72;V
19/10/2014;0,73;V
20/10/2014;0,72;V
21/10/2014;0,77;V
22/10/2014;0,71;V
23/10/2014;0,70;V
24/10/2014;0,71;V
25/10/2014;0,70;V
26/10/2014;0,69;V
27/10/2014;0,71;V
28/10/2014;0,72;V
29/10/2014;0,73;V
30/10/2014;0,74;V
31/10/2014;0,69;V
01/11/2014;0,70;V
02/11/2014;0,69;V
03/11/2014;0,72;V
04/11/2014;0,70;V
05/11/2014;0,83;V
06/11/2014;0,90;V
07/11/2014;0,85;V
08/11/2014;0,73;V
09/11/2014;0,70;V
10/11/2014;0,82;V
11/11/2014;0,82;V
12/11/2014;0,75;V
13/11/2014;0,75;V
14/11/2014;0,72;V
15/11/2014;0,77;V
16/11/2014;0,98;V
17/11/2014;1,24;V
18/11/2014;1,39;V
19/11/2014;1,27;V
20/11/2014;0,97;V
21/11/2014;0,88;V
22/11/2014;0,83;V
23/11/2014;0,79;V
24/11/2014;0,76;V
25/11/2014;0,75;V
26/11/2014;0,85;V
27/11/2014;0,99;V
28/11/2014;0,90;V
29/11/2014;0,83;V
30/11/2014;0,80;V
01/12/2014;0,77;V
02/12/2014;0,75;V
03/12/2014;0,75;V
04/12/2014;0,81;V
05/12/2014;0,83;V
06/12/2014;0,81;V
07/12/2014;0,80;V
08/12/2014;0,77;V
09/12/2014;0,75;V
10/12/2014;0,73;V
11/12/2014;0,73;V
12/12/2014;0,72;V
13/12/2014;0,70;V
14/12/2014;0,69;V
15/12/2014;0,69;V
16/12/2014;0,73;V
17/12/2014;0,73;V
18/12/2014;0,72;V
19/12/2014;0,70;V
20/12/2014;0,69;V
21/12/2014;0,69;V
22/12/2014;0,69;V
23/12/2014;0,69;V
24/12/2014;0,67;V
25/12/2014;0,66;V
26/12/2014;0,66;V
27/12/2014;0,80;V
28/12/2014;0,88;V
29/12/2014;0,78;V
30/12/2014;0,74;V
31/12/2014;0,73;V
01/01/2015;0,71;V
02/01/2015;0,70;V
03/01/2015;0,69;V
04/01/2015;0,69;V
05/01/2015;0,68;V
06/01/2015;0,67;V
07/01/2015;0,67;V
08/01/2015;0,66;V
09/01/2015;0,66;V
10/01/2015;0,66;V
11/01/2015;0,66;V
12/01/2015;0,65;V
13/01/2015;0,64;V
14/01/2015;0,63;V
15/01/2015;0,63;V
16/01/2015;0,63;V
17/01/2015;0,68;V
18/01/2015;0,68;V
19/01/2015;0,67;V
20/01/2015;0,66;V
21/01/2015;0,66;V
22/01/2015;0,68;V
23/01/2015;0,66;V
24/01/2015;0,66;V
25/01/2015;0,66;V
26/01/2015;0,66;V
27/01/2015;0,66;V
28/01/2015;0,65;V
29/01/2015;0,66;V
30/01/2015;1,35;V
31/01/2015;0,94;V
01/02/2015;0,86;V
02/02/2015;0,80;V
03/02/2015;0,78;V
04/02/2015;0,77;V
05/02/2015;1,10;V
06/02/2015;0,96;V
07/02/2015;0,89;V
08/02/2015;0,84;V
09/02/2015;0,80;V
10/02/2015;0,76;V
11/02/2015;0,74;V
12/02/2015;0,73;V
13/02/2015;0,72;V
14/02/2015;0,70;V
15/02/2015;0,70;V
16/02/2015;0,69;V
17/02/2015;0,69;V
18/02/2015;0,68;V
19/02/2015;0,67;V
20/02/2015;0,66;V
21/02/2015;0,66;V
22/02/2015;0,81;V
23/02/2015;0,73;V
24/02/2015;0,72;V
25/02/2015;0,69;V
26/02/2015;0,69;V
27/02/2015;0,69;V
28/02/2015;0,67;V
01/03/2015;0,67;V
02/03/2015;0,87;V
03/03/2015;0,84;V
04/03/2015;0,82;V
05/03/2015;0,96;V
06/03/2015;0,85;V
07/03/2015;0,79;V
08/03/2015;0,76;V
09/03/2015;0,74;V
10/03/2015;0,72;V
11/03/2015;0,71;V
12/03/2015;0,70;V
13/03/2015;0,69;V
14/03/2015;0,69;V
15/03/2015;0,68;V
16/03/2015;0,70;V
17/03/2015;0,95;V
18/03/2015;0,82;V
19/03/2015;0,77;V
20/03/2015;0,74;V
21/03/2015;0,72;V
22/03/2015;0,72;V
23/03/2015;0,69;V
24/03/2015;0,69;V
25/03/2015;0,72;V
26/03/2015;1,22;V
27/03/2015;0,91;V
28/03/2015;0,84;V
29/03/2015;0,79;V
30/03/2015;0,77;V
31/03/2015;0,74;V
01/04/2015;0,72;V
02/04/2015;0,69;V
03/04/2015;0,69;V
04/04/2015;0,84;V
05/04/2015;0,96;V
06/04/2015;0,82;V
07/04/2015;0,77;V
08/04/2015;0,74;V
09/04/2015;0,71;V
10/04/2015;0,69;V
11/04/2015;0,69;V
12/04/2015;0,67;V
13/04/2015;0,66;V
14/04/2015;0,66;V
15/04/2015;0,65;V
16/04/2015;0,64;V
17/04/2015;0,65;V
18/04/2015;0,64;V
19/04/2015;0,63;V
20/04/2015;0,63;V
21/04/2015;0,63;V
22/04/2015;0,62;V
23/04/2015;0,63;V
24/04/2015;0,63;V
25/04/2015;0,61;V
26/04/2015;0,62;V
27/04/2015;0,64;V
28/04/2015;0,68;V
29/04/2015;0,71;V
30/04/2015;0,74;V
01/05/2015;0,68;V
02/05/2015;0,66;V
03/05/2015;0,66;V
04/05/2015;0,64;V
05/05/2015;0,63;V
06/05/2015;0,63;V
07/05/2015;0,63;V
08/05/2015;0,61;V
09/05/2015;0,61;V
10/05/2015;0,62;V
11/05/2015;0,62;V
12/05/2015;0,61;V
13/05/2015;0,62;V
14/05/2015;0,62;V
15/05/2015;0,62;V
16/05/2015;0,63;V
17/05/2015;0,62;V
18/05/2015;0,60;V
19/05/2015;0,60;V
20/05/2015;0,62;V
21/05/2015;0,62;V
22/05/2015;0,63;V
23/05/2015;0,62;V
24/05/2015;0,61;V
25/05/2015;0,60;V
26/05/2015;0,61;V
27/05/2015;0,61;V
28/05/2015;0,60;V
29/05/2015;0,60;V
30/05/2015;0,60;V
31/05/2015;0,59;V
01/06/2015;0,60;V
02/06/2015;0,60;V
03/06/2015;0,58;V
04/06/2015;0,58;V
05/06/2015;0,59;V
06/06/2015;0,59;V
07/06/2015;0,60;V
08/06/2015;0,60;V
09/06/2015;0,60;V
10/06/2015;0,60;V
11/06/2015;0,60;V
12/06/2015;0,60;V
13/06/2015;0,60;V
14/06/2015;0,60;V
15/06/2015;0,60;V
16/06/2015;0,60;V
17/06/2015;0,60;V
18/06/2015;0,60;V
19/06/2015;0,60;V
20/06/2015;0,60;V
21/06/2015;0,59;V
22/06/2015;0,59;V
23/06/2015;0,58;V
24/06/2015;0,60;V
25/06/2015;0,59;V
26/06/2015;0,57;V
27/06/2015;0,57;V
28/06/2015;0,58;V
29/06/2015;0,58;V
30/06/2015;0,59;V
01/07/2015;0,58;V
02/07/2015;0,59;V
03/07/2015;0,58;V
04/07/2015;0,59;V
05/07/2015;0,59;V
06/07/2015;0,59;V
07/07/2015;0,58;V
08/07/2015;0,59;V
09/07/2015;0,60;V
10/07/2015;0,59;V
11/07/2015;0,59;V
12/07/2015;0,59;V
13/07/2015;0,60;V
14/07/2015;0,59;V
15/07/2015;0,59;V
16/07/2015;0,59;V
17/07/2015;0,60;V
18/07/2015;0,58;V
19/07/2015;0,58;V
20/07/2015;0,59;V
21/07/2015;0,59;V
22/07/2015;0,59;V
23/07/2015;0,59;V
24/07/2015;0,61;V
25/07/2015;0,62;V
26/07/2015;0,61;V
27/07/2015;0,61;V
28/07/2015;0,60;V
29/07/2015;0,61;V
30/07/2015;0,60;V
31/07/2015;0,61;V
01/08/2015;0,61;V
02/08/2015;0,61;V
03/08/2015;0,61;V
04/08/2015;0,60;V
05/08/2015;0,60;V
06/08/2015;0,59;V
07/08/2015;;@
08/08/2015;;@
09/08/2015;;@
10/08/2015;;@
11/08/2015;;@
12/08/2015;;@
13/08/2015;;@
14/08/2015;;@
15/08/2015;;@
16/08/2015;;@
17/08/2015;;@
18/08/2015;;@
19/08/2015;;@
20/08/2015;;@
21/08/2015;;@
22/08/2015;;@
23/08/2015;;@
24/08/2015;;@
25/08/2015;;@
26/08/2015;;@
27/08/2015;;@
28/08/2015;;@
29/08/2015;;@
30/08/2015;;@
31/08/2015;;@
01/09/2015;;@
02/09/2015;;@
03/09/2015;;@
04/09/2015;;@
05/09/2015;;@
06/09/2015;;@
07/09/2015;;@
08/09/2015;;@
09/09/2015;;@
10/09/2015;;@
11/09/2015;;@
12/09/2015;;@
13/09/2015;;@
14/09/2015;;@
15/09/2015;;@
16/09/2015;;@
17/09/2015;;@
18/09/2015;;@
19/09/2015;;@
20/09/2015;;@
21/09/2015;;@
22/09/2015;;@
23/09/2015;;@
24/09/2015;;@
25/09/2015;;@
26/09/2015;;@
27/09/2015;;@
28/09/2015;;@
29/09/2015;;@
30/09/2015;;@
01/10/2015;;@
02/10/2015;;@
03/10/2015;;@
04/10/2015;;@
05/10/2015;;@
06/10/2015;;@
07/10/2015;;@
08/10/2015;;@
09/10/2015;;@
10/10/2015;;@
11/10/2015;;@
12/10/2015;;@
13/10/2015;;@
14/10/2015;;@
15/10/2015;;@
16/10/2015;;@
17/10/2015;;@
18/10/2015;;@
19/10/2015;;@
20/10/2015;;@
21/10/2015;;@
22/10/2015;;@
23/10/2015;;@
24/10/2015;;@
25/10/2015;;@
26/10/2015;;@
27/10/2015;0,66;V
28/10/2015;0,70;V
29/10/2015;0,90;V
30/10/2015;0,67;V
31/10/2015;0,64;V
01/11/2015;0,64;V
02/11/2015;0,64;V
03/11/2015;0,65;V
04/11/2015;0,64;V
05/11/2015;0,65;V
06/11/2015;0,65;V
07/11/2015;0,65;V
08/11/2015;0,65;V
09/11/2015;0,64;V
10/11/2015;0,64;V
11/11/2015;0,63;V
12/11/2015;0,63;V
13/11/2015;0,65;V
14/11/2015;0,63;V
15/11/2015;0,63;V
16/11/2015;0,62;V
17/11/2015;0,63;V
18/11/2015;0,63;V
19/11/2015;0,61;V
20/11/2015;0,62;V
21/11/2015;0,68;V
22/11/2015;0,82;V
23/11/2015;0,67;V
24/11/2015;0,66;V
25/11/2015;0,66;V
26/11/2015;0,65;V
27/11/2015;0,66;V
28/11/2015;0,67;V
29/11/2015;0,67;V
30/11/2015;0,67;V
01/12/2015;0,66;V
02/12/2015;0,66;V
03/12/2015;0,66;V
04/12/2015;0,67;V
05/12/2015;0,65;V
06/12/2015;0,67;V
07/12/2015;0,67;V
08/12/2015;0,65;V
09/12/2015;0,66;V
10/12/2015;0,66;V
11/12/2015;0,67;V
12/12/2015;0,66;V
13/12/2015;0,65;V
14/12/2015;0,65;V
15/12/2015;0,64;V
16/12/2015;0,64;V
17/12/2015;0,67;V
18/12/2015;0,67;V
19/12/2015;0,66;V
20/12/2015;0,67;V
21/12/2015;0,67;V
22/12/2015;0,67;V
23/12/2015;0,67;V
24/12/2015;0,67;V
25/12/2015;0,67;V
26/12/2015;0,67;V
27/12/2015;0,67;V
28/12/2015;0,67;V
29/12/2015;0,65;V
30/12/2015;0,66;V
31/12/2015;0,67;V
01/01/2016;0,66;V
02/01/2016;0,70;V
03/01/2016;0,85;V
04/01/2016;0,74;V
05/01/2016;0,74;V
06/01/2016;0,87;V
07/01/2016;0,80;V
08/01/2016;0,76;V
09/01/2016;0,72;V
10/01/2016;0,88;V
11/01/2016;0,78;V
12/01/2016;0,74;V
13/01/2016;0,69;V
14/01/2016;0,85;V
15/01/2016;1,07;V
16/01/2016;0,84;V
17/01/2016;0,74;V
18/01/2016;0,69;V
19/01/2016;0,67;V
20/01/2016;0,67;V
21/01/2016;0,67;V
22/01/2016;0,67;V
23/01/2016;0,67;V
24/01/2016;0,67;V
25/01/2016;0,67;V
26/01/2016;0,67;V
27/01/2016;0,66;V
28/01/2016;0,66;V
29/01/2016;0,66;V
30/01/2016;0,66;V
31/01/2016;0,68;V
01/02/2016;0,76;V
02/02/2016;0,69;V
03/02/2016;0,67;V
04/02/2016;0,77;V
05/02/2016;0,71;V
06/02/2016;0,67;V
07/02/2016;0,67;V
08/02/2016;0,67;V
09/02/2016;0,70;V
10/02/2016;1,06;V
11/02/2016;0,85;V
12/02/2016;1,13;V
13/02/2016;1,06;V
14/02/2016;1,34;V
15/02/2016;1,08;V
16/02/2016;1,25;V
17/02/2016;1,20;V
18/02/2016;1,00;V
19/02/2016;0,90;V
20/02/2016;0,85;V
21/02/2016;0,81;V
22/02/2016;0,77;V
23/02/2016;0,80;V
24/02/2016;0,77;V
25/02/2016;0,85;V
26/02/2016;0,84;V
27/02/2016;0,98;V
28/02/2016;1,04;V
29/02/2016;1,24;V
01/03/2016;1,02;V
02/03/2016;0,90;V
03/03/2016;0,94;V
04/03/2016;0,87;V
05/03/2016;0,95;V
06/03/2016;1,02;V
07/03/2016;0,95;V
08/03/2016;0,90;V
09/03/2016;0,86;V
10/03/2016;0,82;V
11/03/2016;0,80;V
12/03/2016;0,77;V
13/03/2016;0,74;V
14/03/2016;0,72;V
15/03/2016;0,70;V
16/03/2016;0,69;V
17/03/2016;0,67;V
18/03/2016;0,66;V
19/03/2016;0,66;V
20/03/2016;0,65;V
21/03/2016;0,66;V
22/03/2016;0,64;V
23/03/2016;0,64;V
24/03/2016;0,63;V
25/03/2016;0,62;V
26/03/2016;0,61;V
27/03/2016;0,61;V
28/03/2016;;@
29/03/2016;;@
30/03/2016;;@
31/03/2016;;@
01/04/2016;;@
02/04/2016;;@
03/04/2016;;@
04/04/2016;;@
05/04/2016;;@
06/04/2016;;@
07/04/2016;;@
08/04/2016;;@
09/04/2016;;@
10/04/2016;;@
11/04/2016;;@
12/04/2016;;@
13/04/2016;;@
14/04/2016;;@
15/04/2016;;@
16/04/2016;;@
17/04/2016;;@
18/04/2016;;@
19/04/2016;;@
20/04/2016;;@
21/04/2016;;@
22/04/2016;;@
23/04/2016;;@
24/04/2016;;@
25/04/2016;;@
26/04/2016;;@
27/04/2016;;@
28/04/2016;;@
29/04/2016;;@
30/04/2016;;@
01/05/2016;;@
02/05/2016;;@
03/05/2016;;@
04/05/2016;;@
05/05/2016;;@
06/05/2016;;@
07/05/2016;;@
08/05/2016;;@
09/05/2016;;@
10/05/2016;;@
11/05/2016;;@
12/05/2016;0,72;V
13/05/2016;0,61;V
14/05/2016;0,67;V
15/05/2016;0,64;V
16/05/2016;0,64;V
17/05/2016;0,63;V
18/05/2016;0,60;V
19/05/2016;0,62;V
20/05/2016;0,64;V
21/05/2016;0,60;V
22/05/2016;0,59;V
23/05/2016;0,59;V
24/05/2016;0,60;V
25/05/2016;0,59;V
26/05/2016;0,58;V
27/05/2016;0,57;V
28/05/2016;;@
29/05/2016;;@
30/05/2016;;@
31/05/2016;;@
01/06/2016;;@
02/06/2016;;@
03/06/2016;;@
04/06/2016;;@
05/06/2016;;@
06/06/2016;0,67;V
07/06/2016;0,63;V
08/06/2016;0,64;V
09/06/2016;0,68;V
10/06/2016;0,63;V
11/06/2016;0,60;V
12/06/2016;0,68;V
13/06/2016;0,64;V
14/06/2016;0,62;V
15/06/2016;;@
16/06/2016;;@
17/06/2016;;@
18/06/2016;;@
19/06/2016;;@
20/06/2016;;@
21/06/2016;;@
22/06/2016;;@
23/06/2016;;@
24/06/2016;;@
25/06/2016;;@
26/06/2016;;@
27/06/2016;;@
28/06/2016;;@
29/06/2016;;@
30/06/2016;;@
01/07/2016;;@
02/07/2016;;@
03/07/2016;;@
04/07/2016;;@
05/07/2016;;@
06/07/2016;;@
07/07/2016;;@
08/07/2016;;@
09/07/2016;;@
10/07/2016;;@
11/07/2016;;@
12/07/2016;;@
13/07/2016;;@
14/07/2016;;@
15/07/2016;;@
16/07/2016;;@
17/07/2016;;@
18/07/2016;;@
19/07/2016;;@
20/07/2016;;@
21/07/2016;;@
22/07/2016;;@
23/07/2016;;@
24/07/2016;;@
25/07/2016;;@
26/07/2016;;@
27/07/2016;;@
28/07/2016;;@
29/07/2016;;@
30/07/2016;;@
31/07/2016;;@
01/08/2016;;@
02/08/2016;;@
03/08/2016;;@
04/08/2016;;@
05/08/2016;;@
06/08/2016;;@
07/08/2016;;@
08/08/2016;;@
09/08/2016;;@
10/08/2016;;@
11/08/2016;;@
12/08/2016;;@
13/08/2016;;@
14/08/2016;;@
15/08/2016;;@
16/08/2016;;@
17/08/2016;;@
18/08/2016;;@
19/08/2016;;@
20/08/2016;;@
21/08/2016;;@
22/08/2016;;@
23/08/2016;;@
24/08/2016;;@
25/08/2016;;@
26/08/2016;;@
27/08/2016;;@
28/08/2016;;@
29/08/2016;;@
30/08/2016;;@
31/08/2016;;@
01/09/2016;;@
02/09/2016;;@
03/09/2016;;@
04/09/2016;;@
05/09/2016;;@
06/09/2016;;@
07/09/2016;;@
08/09/2016;;@
09/09/2016;;@
10/09/2016;;@
11/09/2016;;@
12/09/2016;;@
13/09/2016;;@
14/09/2016;;@
15/09/2016;;@
16/09/2016;;@
17/09/2016;;@
18/09/2016;;@
19/09/2016;;@
20/09/2016;;@
21/09/2016;;@
22/09/2016;;@
23/09/2016;;@
24/09/2016;;@
25/09/2016;;@
26/09/2016;;@
27/09/2016;;@
28/09/2016;;@
29/09/2016;;@
30/09/2016;;@
01/10/2016;;@
02/10/2016;;@
03/10/2016;;@
04/10/2016;;@
05/10/2016;;@
06/10/2016;;@
07/10/2016;;@
08/10/2016;;@
09/10/2016;;@
10/10/2016;;@
11/10/2016;;@
12/10/2016;;@
13/10/2016;;@
14/10/2016;;@
15/10/2016;;@
16/10/2016;;@
17/10/2016;;@
18/10/2016;;@
19/10/2016;;@
20/10/2016;;@
21/10/2016;;@
22/10/2016;;@
23/10/2016;;@
24/10/2016;;@
25/10/2016;;@
26/10/2016;;@
27/10/2016;;@
28/10/2016;;@
29/10/2016;;@
30/10/2016;;@
31/10/2016;;@
01/11/2016;;@
02/11/2016;;@
03/11/2016;;@
04/11/2016;;@
05/11/2016;0,79;V
06/11/2016;1,18;V
07/11/2016;0,85;V
08/11/2016;0,67;V
09/11/2016;0,63;V
10/11/2016;0,64;V
11/11/2016;0,76;V
12/11/2016;0,83;V
13/11/2016;0,69;V
14/11/2016;0,64;V
15/11/2016;0,61;V
16/11/2016;0,61;V
17/11/2016;0,59;V
18/11/2016;0,65;V
19/11/2016;1,12;V
20/11/2016;0,87;V
21/11/2016;0,75;V
22/11/2016;0,68;V
23/11/2016;0,65;V
24/11/2016;0,64;V
25/11/2016;0,64;V
26/11/2016;0,63;V
27/11/2016;0,63;V
28/11/2016;0,62;V
29/11/2016;0,61;V
30/11/2016;0,61;V
01/12/2016;0,61;V
02/12/2016;0,61;V
03/12/2016;0,61;V
04/12/2016;0,60;V
05/12/2016;;@
06/12/2016;;@
07/12/2016;;@
08/12/2016;;@
09/12/2016;;@
10/12/2016;;@
11/12/2016;;@
12/12/2016;;@
13/12/2016;;@
14/12/2016;;@
15/12/2016;;@
16/12/2016;;@
17/12/2016;;@
18/12/2016;;@
19/12/2016;;@
20/12/2016;;@
21/12/2016;;@
22/12/2016;;@
23/12/2016;;@
24/12/2016;;@
25/12/2016;;@
26/12/2016;;@
27/12/2016;;@
28/12/2016;;@
29/12/2016;;@
30/12/2016;;@
31/12/2016;;@
01/01/2017;0,57;V
02/01/2017;0,58;V
03/01/2017;0,77;V
04/01/2017;0,65;V
05/01/2017;0,62;V
06/01/2017;0,61;V
07/01/2017;0,60;V
08/01/2017;0,59;V
09/01/2017;0,58;V
10/01/2017;0,58;V
11/01/2017;0,58;V
12/01/2017;0,58;V
13/01/2017;0,63;V
14/01/2017;0,63;V
15/01/2017;0,61;V
16/01/2017;0,61;V
17/01/2017;0,61;V
18/01/2017;0,60;V
19/01/2017;0,60;V
20/01/2017;0,59;V
21/01/2017;0,60;V
22/01/2017;0,59;V
23/01/2017;0,58;V
24/01/2017;0,59;V
25/01/2017;0,58;V
26/01/2017;0,59;V
27/01/2017;0,59;V
28/01/2017;0,59;V
29/01/2017;0,58;V
30/01/2017;0,60;V
31/01/2017;0,60;V
01/02/2017;0,60;V
02/02/2017;0,61;V
03/02/2017;0,65;V
04/02/2017;0,85;V
05/02/2017;1,24;V
06/02/2017;1,31;V
07/02/2017;1,04;V
08/02/2017;0,94;V
09/02/2017;0,88;V
10/02/2017;0,84;V
11/02/2017;0,81;V
12/02/2017;0,79;V
13/02/2017;0,77;V
14/02/2017;0,75;V
15/02/2017;0,74;V
16/02/2017;0,73;V
17/02/2017;0,73;V
18/02/2017;0,72;V
19/02/2017;0,70;V
20/02/2017;0,70;V
21/02/2017;0,70;V
22/02/2017;0,70;V
23/02/2017;0,70;V
24/02/2017;0,87;V
25/02/2017;1,25;V
26/02/2017;0,94;V
27/02/2017;0,84;V
28/02/2017;0,85;V
01/03/2017;0,91;V
02/03/2017;0,86;V
03/03/2017;0,83;V
04/03/2017;0,84;V
05/03/2017;1,16;V
06/03/2017;1,44;V
07/03/2017;1,32;V
08/03/2017;1,07;V
09/03/2017;0,99;V
10/03/2017;0,93;V
11/03/2017;0,90;V
12/03/2017;0,86;V
13/03/2017;0,84;V
14/03/2017;0,81;V
15/03/2017;0,79;V
16/03/2017;0,78;V
17/03/2017;0,76;V
18/03/2017;0,75;V
19/03/2017;0,75;V
20/03/2017;0,74;V
21/03/2017;0,72;V
22/03/2017;0,72;V
23/03/2017;0,72;V
24/03/2017;0,71;V
25/03/2017;0,69;V
26/03/2017;0,69;V
27/03/2017;0,69;V
28/03/2017;0,69;V
29/03/2017;0,68;V
30/03/2017;0,66;V
31/03/2017;0,66;V
01/04/2017;0,66;V
02/04/2017;0,66;V
03/04/2017;0,66;V
04/04/2017;0,66;V
05/04/2017;0,66;V
06/04/2017;0,65;V
07/04/2017;0,64;V
08/04/2017;0,63;V
09/04/2017;0,63;V
10/04/2017;0,63;V
11/04/2017;0,63;V
12/04/2017;0,63;V
13/04/2017;0,63;V
14/04/2017;0,63;V
15/04/2017;0,63;V
16/04/2017;0,63;V
17/04/2017;0,62;V
18/04/2017;0,62;V
19/04/2017;0,62;V
20/04/2017;0,62;V
21/04/2017;0,62;V
22/04/2017;0,62;V
23/04/2017;0,62;V
24/04/2017;0,62;V
25/04/2017;0,62;V
26/04/2017;0,62;V
27/04/2017;0,63;V
28/04/2017;0,71;V
29/04/2017;0,65;V
30/04/2017;0,63;V
01/05/2017;0,62;V
02/05/2017;0,63;V
03/05/2017;0,62;V
04/05/2017;0,62;V
05/05/2017;0,61;V
06/05/2017;0,62;V
07/05/2017;0,71;V
08/05/2017;0,70;V
09/05/2017;0,84;V
10/05/2017;0,75;V
11/05/2017;0,71;V
12/05/2017;0,69;V
13/05/2017;0,67;V
14/05/2017;0,66;V
15/05/2017;0,64;V
16/05/2017;0,63;V
17/05/2017;0,63;V
18/05/2017;0,61;V
19/05/2017;0,60;V
20/05/2017;0,60;V
21/05/2017;0,60;V
22/05/2017;0,60;V
23/05/2017;0,60;V
24/05/2017;0,60;V
25/05/2017;0,59;V
26/05/2017;0,59;V
27/05/2017;0,59;V
28/05/2017;0,59;V
29/05/2017;0,58;V
30/05/2017;0,59;V
31/05/2017;0,58;V
01/06/2017;;@
02/06/2017;;@
03/06/2017;;@
04/06/2017;;@
05/06/2017;;@
06/06/2017;;@
07/06/2017;;@
08/06/2017;;@
09/06/2017;;@
10/06/2017;;@
11/06/2017;;@
12/06/2017;;@
13/06/2017;;@
14/06/2017;;@
15/06/2017;;@
16/06/2017;;@
17/06/2017;;@
18/06/2017;;@
19/06/2017;;@
20/06/2017;;@
21/06/2017;;@
22/06/2017;;@
23/06/2017;;@
24/06/2017;;@
25/06/2017;;@
26/06/2017;;@
27/06/2017;;@
28/06/2017;;@
29/06/2017;;@
30/06/2017;;@
01/07/2017;;@
02/07/2017;;@
03/07/2017;;@
04/07/2017;;@
05/07/2017;;@
06/07/2017;;@
07/07/2017;;@
08/07/2017;;@
09/07/2017;;@
10/07/2017;;@
11/07/2017;;@
12/07/2017;;@
13/07/2017;;@
14/07/2017;;@
15/07/2017;;@
16/07/2017;;@
17/07/2017;;@
18/07/2017;;@
19/07/2017;;@
20/07/2017;;@
21/07/2017;;@
22/07/2017;;@
23/07/2017;;@
24/07/2017;;@
25/07/2017;;@
26/07/2017;;@
27/07/2017;;@
28/07/2017;;@
29/07/2017;;@
30/07/2017;;@
31/07/2017;;@
01/08/2017;;@
02/08/2017;;@
03/08/2017;;@
04/08/2017;;@
05/08/2017;;@
06/08/2017;;@
07/08/2017;;@
08/08/2017;;@
09/08/2017;;@
10/08/2017;;@
11/08/2017;;@
12/08/2017;;@
13/08/2017;;@
14/08/2017;;@
15/08/2017;;@
16/08/2017;;@
17/08/2017;;@
18/08/2017;;@
19/08/2017;;@
20/08/2017;;@
21/08/2017;;@
22/08/2017;;@
23/08/2017;;@
24/08/2017;;@
25/08/2017;;@
26/08/2017;;@
27/08/2017;;@
28/08/2017;;@
29/08/2017;;@
30/08/2017;;@
31/08/2017;;@
01/09/2017;;@
02/09/2017;;@
03/09/2017;;@
04/09/2017;;@
05/09/2017;;@
06/09/2017;;@
07/09/2017;;@
08/09/2017;;@
09/09/2017;;@
10/09/2017;;@
11/09/2017;;@
12/09/2017;;@
13/09/2017;;@
14/09/2017;;@
15/09/2017;;@
16/09/2017;;@
17/09/2017;;@
18/09/2017;;@
19/09/2017;;@
20/09/2017;;@
21/09/2017;;@
22/09/2017;;@
23/09/2017;;@
24/09/2017;;@
25/09/2017;;@
26/09/2017;;@
27/09/2017;;@
28/09/2017;;@
29/09/2017;;@
30/09/2017;;@
01/10/2017;;@
02/10/2017;;@
03/10/2017;;@
04/10/2017;;@
05/10/2017;;@
06/10/2017;;@
07/10/2017;;@
08/10/2017;;@
09/10/2017;;@
10/10/2017;;@
11/10/2017;;@
12/10/2017;;@
13/10/2017;;@
14/10/2017;;@
15/10/2017;;@
16/10/2017;;@
17/10/2017;;@
18/10/2017;;@
19/10/2017;;@
20/10/2017;;@
21/10/2017;;@
22/10/2017;;@
23/10/2017;;@
24/10/2017;;@
25/10/2017;;@
26/10/2017;;@
27/10/2017;;@
28/10/2017;;@
29/10/2017;;@
30/10/2017;;@
31/10/2017;;@
01/11/2017;;@
02/11/2017;;@
03/11/2017;;@
04/11/2017;;@
05/11/2017;;@
06/11/2017;;@
07/11/2017;;@
08/11/2017;;@
09/11/2017;;@
10/11/2017;;@
11/11/2017;;@
12/11/2017;;@
13/11/2017;1,04;V
14/11/2017;0,85;V
15/11/2017;0,72;V
16/11/2017;0,66;V
17/11/2017;0,63;V
18/11/2017;0,63;V
19/11/2017;0,64;V
20/11/2017;0,63;V
21/11/2017;0,60;V
22/11/2017;0,62;V
23/11/2017;0,63;V
24/11/2017;0,63;V
25/11/2017;0,63;V
26/11/2017;0,63;V
27/11/2017;0,64;V
28/11/2017;0,65;V
29/11/2017;0,81;V
30/11/2017;0,75;V
01/12/2017;0,71;V
02/12/2017;0,68;V
03/12/2017;0,66;V
04/12/2017;0,64;V
05/12/2017;0,64;V
06/12/2017;0,63;V
07/12/2017;0,62;V
08/12/2017;0,93;V
09/12/2017;1,12;V
10/12/2017;0,98;V
11/12/2017;1,11;V
12/12/2017;1,25;V
13/12/2017;1,00;V
14/12/2017;1,11;V
15/12/2017;1,02;V
16/12/2017;0,95;V
17/12/2017;0,88;V
18/12/2017;0,82;V
19/12/2017;0,78;V
20/12/2017;0,75;V
21/12/2017;0,73;V
22/12/2017;0,71;V
23/12/2017;0,70;V
24/12/2017;0,68;V
25/12/2017;0,67;V
26/12/2017;0,67;V
27/12/2017;0,98;V
28/12/2017;1,29;V
29/12/2017;0,99;V
30/12/2017;0,90;V
31/12/2017;0,84;V
01/01/2018;0,88;V
02/01/2018;1,03;V
03/01/2018;0,94;V
04/01/2018;0,92;V
05/01/2018;0,88;V
06/01/2018;0,85;V
07/01/2018;0,82;V
08/01/2018;0,79;V
09/01/2018;0,78;V
10/01/2018;0,76;V
11/01/2018;0,77;V
12/01/2018;0,77;V
13/01/2018;0,75;V
14/01/2018;0,74;V
15/01/2018;0,73;V
16/01/2018;0,91;V
17/01/2018;1,31;V
18/01/2018;0,99;V
19/01/2018;0,99;V
20/01/2018;0,91;V
21/01/2018;1,00;V
22/01/2018;0,92;V
23/01/2018;0,86;V
24/01/2018;0,81;V
25/01/2018;0,79;V
26/01/2018;0,76;V
27/01/2018;0,74;V
28/01/2018;0,72;V
29/01/2018;0,71;V
30/01/2018;0,70;V
31/01/2018;0,71;V
01/02/2018;0,85;V
02/02/2018;1,28;V
03/02/2018;1,27;V
04/02/2018;1,01;V
05/02/2018;0,93;V
06/02/2018;0,90;V
07/02/2018;0,92;V
08/02/2018;0,87;V
09/02/2018;0,84;V
10/02/2018;0,82;V
11/02/2018;0,78;V
12/02/2018;0,81;V
13/02/2018;0,81;V
14/02/2018;0,78;V
15/02/2018;0,76;V
16/02/2018;0,74;V
17/02/2018;0,73;V
18/02/2018;1,14;V
19/02/2018;0,95;V
20/02/2018;0,87;V
21/02/2018;0,83;V
22/02/2018;0,80;V
23/02/2018;0,82;V
24/02/2018;0,81;V
25/02/2018;0,79;V
26/02/2018;0,77;V
27/02/2018;0,75;V
28/02/2018;0,73;V
01/03/2018;0,73;V
02/03/2018;1,00;V
03/03/2018;1,35;V
04/03/2018;1,17;V
05/03/2018;1,09;V
06/03/2018;1,01;V
07/03/2018;1,14;V
08/03/2018;0,99;V
09/03/2018;0,92;V
10/03/2018;0,88;V
11/03/2018;1,18;V
12/03/2018;1,29;V
13/03/2018;1,19;V
14/03/2018;1,04;V
15/03/2018;1,02;V
16/03/2018;1,22;V
17/03/2018;1,02;V
18/03/2018;0,99;V
19/03/2018;1,11;V
20/03/2018;1,00;V
21/03/2018;0,94;V
22/03/2018;0,90;V
23/03/2018;0,86;V
24/03/2018;0,82;V
25/03/2018;0,81;V
26/03/2018;0,78;V
27/03/2018;0,75;V
28/03/2018;0,75;V
29/03/2018;0,73;V
30/03/2018;0,72;V
31/03/2018;0,73;V
01/04/2018;0,80;V
02/04/2018;0,74;V
03/04/2018;0,72;V
04/04/2018;0,86;V
05/04/2018;0,89;V
06/04/2018;0,83;V
07/04/2018;0,79;V
08/04/2018;0,76;V
09/04/2018;0,75;V
10/04/2018;0,75;V
11/04/2018;0,75;V
12/04/2018;0,75;V
13/04/2018;0,75;V
14/04/2018;0,72;V
15/04/2018;0,72;V
16/04/2018;0,71;V
17/04/2018;0,69;V
18/04/2018;0,69;V
19/04/2018;0,67;V
20/04/2018;0,66;V
21/04/2018;0,66;V
22/04/2018;0,65;V
23/04/2018;0,64;V
24/04/2018;0,64;V
25/04/2018;0,63;V
26/04/2018;0,63;V
27/04/2018;0,63;V
28/04/2018;0,62;V
29/04/2018;0,62;V
30/04/2018;0,62;V
01/05/2018;0,62;V
02/05/2018;0,67;V
03/05/2018;0,63;V
04/05/2018;0,63;V
05/05/2018;0,62;V
06/05/2018;0,61;V
07/05/2018;0,60;V
08/05/2018;0,63;V
09/05/2018;0,64;V
10/05/2018;0,61;V
11/05/2018;0,61;V
12/05/2018;0,60;V
13/05/2018;0,60;V
14/05/2018;0,61;V
15/05/2018;0,61;V
16/05/2018;0,61;V
17/05/2018;0,61;V
18/05/2018;0,61;V
19/05/2018;0,60;V
20/05/2018;0,60;V
21/05/2018;0,60;V
22/05/2018;0,62;V
23/05/2018;0,61;V
24/05/2018;0,60;V
25/05/2018;0,60;V
26/05/2018;0,60;V
27/05/2018;0,60;V
28/05/2018;0,60;V
29/05/2018;0,60;V
30/05/2018;0,61;V
31/05/2018;0,60;V
01/06/2018;0,60;V
02/06/2018;0,60;V
03/06/2018;0,60;V
04/06/2018;0,60;V
05/06/2018;0,60;V
06/06/2018;0,60;V
07/06/2018;0,59;V
08/06/2018;0,61;V
09/06/2018;0,61;V
10/06/2018;0,60;V
11/06/2018;0,60;V
12/06/2018;0,59;V
13/06/2018;0,59;V
14/06/2018;0,60;V
15/06/2018;0,59;V
16/06/2018;0,58;V
17/06/2018;0,58;V
18/06/2018;0,59;V
19/06/2018;0,59;V
20/06/2018;0,59;V
21/06/2018;0,59;V
22/06/2018;0,61;V
23/06/2018;0,59;V
24/06/2018;0,59;V
25/06/2018;0,61;V
26/06/2018;0,60;V
27/06/2018;0,59;V
28/06/2018;0,59;V
29/06/2018;0,59;V
30/06/2018;0,58;V
01/07/2018;0,58;P
02/07/2018;0,58;P
03/07/2018;0,59;P
04/07/2018;0,61;P
05/07/2018;0,60;P
06/07/2018;0,61;P
07/07/2018;0,59;P
08/07/2018;0,60;P
09/07/2018;0,60;P
10/07/2018;0,59;P
11/07/2018;0,58;P
12/07/2018;0,58;P
13/07/2018;0,60;P
14/07/2018;0,59;P
15/07/2018;0,60;P
16/07/2018;0,60;P
17/07/2018;0,61;P
18/07/2018;0,60;P
19/07/2018;0,57;P
20/07/2018;0,59;P
21/07/2018;0,61;P
22/07/2018;0,61;P
23/07/2018;0,61;P
24/07/2018;0,58;P
25/07/2018;0,58;P
26/07/2018;0,61;P
27/07/2018;0,59;P
28/07/2018;0,61;P
29/07/2018;0,62;P
30/07/2018;0,60;P
31/07/2018;0,59;P
01/08/2018;0,60;P
02/08/2018;0,63;P
03/08/2018;0,60;P
04/08/2018;0,59;P
05/08/2018;0,58;P
06/08/2018;0,59;P
07/08/2018;0,60;P
08/08/2018;0,61;P
09/08/2018;0,61;P
10/08/2018;0,62;P
11/08/2018;0,63;P
12/08/2018;0,62;P
13/08/2018;0,64;P
14/08/2018;0,64;P
15/08/2018;0,65;P
16/08/2018;0,65;P
17/08/2018;0,65;P
18/08/2018;0,65;P
19/08/2018;0,66;P
20/08/2018;0,67;P
21/08/2018;0,64;P
22/08/2018;0,65;P
23/08/2018;0,66;P
24/08/2018;0,66;P
25/08/2018;0,66;P
26/08/2018;0,64;P
27/08/2018;0,64;P
28/08/2018;0,64;P
29/08/2018;0,64;P
30/08/2018;0,66;P
31/08/2018;0,67;P
01/09/2018;0,65;P
02/09/2018;0,65;P
03/09/2018;0,65;P
04/09/2018;0,65;P
05/09/2018;0,66;P
06/09/2018;0,64;P
07/09/2018;0,66;P
08/09/2018;0,65;P
09/09/2018;0,65;P
10/09/2018;0,66;P
11/09/2018;0,64;P
12/09/2018;0,63;P
13/09/2018;0,68;P
14/09/2018;0,67;P
15/09/2018;0,65;P
16/09/2018;0,67;P
17/09/2018;0,67;P
18/09/2018;0,67;P
19/09/2018;0,67;P
20/09/2018;0,65;P
21/09/2018;0,65;P
22/09/2018;0,64;P
23/09/2018;0,65;P
24/09/2018;0,64;P
25/09/2018;0,65;P
26/09/2018;0,68;P
27/09/2018;0,65;P
28/09/2018;0,63;P
29/09/2018;0,65;P
30/09/2018;0,63;P
01/10/2018;0,64;P
02/10/2018;0,65;P
03/10/2018;0,64;P
04/10/2018;0,62;P
05/10/2018;0,62;P
06/10/2018;0,67;P
07/10/2018;0,67;P
08/10/2018;0,67;P
09/10/2018;0,61;P
10/10/2018;0,58;P
11/10/2018;0,60;P
12/10/2018;0,59;P
13/10/2018;0,59;P
14/10/2018;0,57;P
15/10/2018;0,60;P
16/10/2018;0,58;P
17/10/2018;0,58;P
18/10/2018;0,58;P
19/10/2018;0,56;P
20/10/2018;0,55;P
21/10/2018;0,56;P
22/10/2018;0,57;P
23/10/2018;0,58;P
24/10/2018;0,57;P
25/10/2018;0,60;P
26/10/2018;0,58;P
27/10/2018;0,58;P
28/10/2018;0,59;P
29/10/2018;0,60;P
30/10/2018;0,60;P
31/10/2018;0,61;P
01/11/2018;0,65;P
02/11/2018;0,61;P
03/11/2018;0,61;P
04/11/2018;0,60;P
05/11/2018;0,60;P
06/11/2018;0,61;P
07/11/2018;0,59;P
08/11/2018;0,61;P
09/11/2018;0,61;P
10/11/2018;0,60;P
11/11/2018;0,61;P
12/11/2018;0,61;P
13/11/2018;0,61;P
14/11/2018;0,62;P
15/11/2018;0,60;P
16/11/2018;0,60;P
17/11/2018;0,59;P
18/11/2018;0,59;P
19/11/2018;0,60;P
20/11/2018;0,61;P
21/11/2018;0,61;P
22/11/2018;0,62;P
23/11/2018;0,60;P
24/11/2018;0,62;P
25/11/2018;0,68;P
26/11/2018;0,71;P
27/11/2018;0,65;P
28/11/2018;0,61;P
29/11/2018;0,60;P
30/11/2018;0,61;P
01/12/2018;0,61;P
02/12/2018;0,61;P
03/12/2018;0,72;V
04/12/2018;0,70;V
05/12/2018;0,65;V
06/12/2018;0,67;V
07/12/2018;0,71;V
08/12/2018;0,88;V
09/12/2018;0,77;V
10/12/2018;0,69;V
11/12/2018;0,65;V
12/12/2018;0,64;V
13/12/2018;0,62;V
14/12/2018;0,61;V
15/12/2018;0,61;V
16/12/2018;0,61;V
17/12/2018;0,61;V
18/12/2018;0,61;V
19/12/2018;0,61;V
20/12/2018;0,75;V
21/12/2018;0,71;V
22/12/2018;0,72;V
23/12/2018;0,73;V
24/12/2018;0,70;V
25/12/2018;0,67;V
26/12/2018;0,65;V
27/12/2018;0,64;V
28/12/2018;0,64;V
29/12/2018;0,64;V
30/12/2018;0,62;V
31/12/2018;0,61;V
01/01/2019;0,61;V
02/01/2019;0,61;V
03/01/2019;0,61;V
04/01/2019;0,61;V
05/01/2019;0,59;V
06/01/2019;0,58;V
07/01/2019;0,59;V
08/01/2019;0,58;V
09/01/2019;0,59;V
10/01/2019;0,61;V
11/01/2019;0,61;V
12/01/2019;0,61;V
13/01/2019;0,61;V
14/01/2019;0,61;V
15/01/2019;0,61;V
16/01/2019;0,61;V
17/01/2019;0,60;V
18/01/2019;0,67;V
19/01/2019;0,65;V
20/01/2019;0,63;V
21/01/2019;0,62;V
22/01/2019;0,61;V
23/01/2019;0,61;V
24/01/2019;0,61;V
25/01/2019;0,61;V
26/01/2019;0,60;V
27/01/2019;0,61;V
28/01/2019;0,62;V
29/01/2019;0,62;V
30/01/2019;0,61;V
31/01/2019;0,62;V
01/02/2019;0,97;V
02/02/2019;1,41;V
03/02/2019;1,18;V
04/02/2019;0,94;V
05/02/2019;0,83;V
06/02/2019;0,78;V
07/02/2019;0,74;V
08/02/2019;0,72;V
09/02/2019;0,70;V
10/02/2019;0,68;V
11/02/2019;0,80;V
12/02/2019;0,74;V
13/02/2019;0,71;V
14/02/2019;0,69;V
15/02/2019;0,67;V
16/02/2019;0,66;V
17/02/2019;0,65;V
18/02/2019;0,64;V
19/02/2019;0,64;V
20/02/2019;0,64;V
21/02/2019;0,64;V
22/02/2019;0,64;V
23/02/2019;0,64;V
24/02/2019;0,64;V
25/02/2019;0,62;V
26/02/2019;0,62;V
27/02/2019;0,61;V
28/02/2019;0,61;V
01/03/2019;0,61;V
02/03/2019;0,61;V
03/03/2019;0,60;V
04/03/2019;0,60;V
05/03/2019;0,61;V
06/03/2019;0,60;V
07/03/2019;0,60;V
08/03/2019;0,61;V
09/03/2019;0,59;V
10/03/2019;0,60;V
11/03/2019;0,60;V
12/03/2019;0,60;V
13/03/2019;0,61;V
14/03/2019;0,60;V
15/03/2019;;@
16/03/2019;;@
17/03/2019;;@
18/03/2019;;@
19/03/2019;;@
20/03/2019;;@
21/03/2019;;@
22/03/2019;;@
23/03/2019;;@
24/03/2019;;@
25/03/2019;;@
26/03/2019;;@
27/03/2019;;@
28/03/2019;;@
29/03/2019;;@
30/03/2019;;@
31/03/2019;;@
01/04/2019;;@
02/04/2019;;@
03/04/2019;;@
04/04/2019;;@
05/04/2019;;@
06/04/2019;;@
07/04/2019;;@
08/04/2019;;@
09/04/2019;;@
10/04/2019;;@
11/04/2019;;@
12/04/2019;;@
13/04/2019;;@
14/04/2019;;@
15/04/2019;;@
16/04/2019;;@
17/04/2019;;@
18/04/2019;;@
19/04/2019;;@
20/04/2019;;@
21/04/2019;;@
22/04/2019;;@
23/04/2019;;@
24/04/2019;;@
25/04/2019;;@
26/04/2019;;@
27/04/2019;;@
28/04/2019;;@
29/04/2019;;@
30/04/2019;;@
01/05/2019;;@
02/05/2019;;@
03/05/2019;;@
04/05/2019;;@
05/05/2019;;@
06/05/2019;0,77;V
07/05/2019;0,70;V
08/05/2019;0,68;V
09/05/2019;0,94;V
10/05/2019;0,82;V
11/05/2019;0,76;V
12/05/2019;0,75;V
13/05/2019;0,72;V
14/05/2019;0,69;V
15/05/2019;0,68;V
16/05/2019;0,67;V
17/05/2019;0,67;V
18/05/2019;0,67;V
19/05/2019;0,75;V
20/05/2019;0,80;V
21/05/2019;0,76;V
22/05/2019;0,73;V
23/05/2019;0,71;V
24/05/2019;0,69;V
25/05/2019;0,67;V
26/05/2019;0,72;V
27/05/2019;0,71;V
28/05/2019;0,76;V
29/05/2019;0,88;V
30/05/2019;0,80;V
31/05/2019;0,74;V
01/06/2019;0,71;V
02/06/2019;0,68;V
03/06/2019;0,67;V
04/06/2019;0,66;V
05/06/2019;0,65;V
06/06/2019;0,65;V
07/06/2019;0,64;V
08/06/2019;0,63;V
09/06/2019;0,64;V
10/06/2019;0,63;V
11/06/2019;0,63;V
12/06/2019;;@
13/06/2019;;@
14/06/2019;;@
15/06/2019;;@
16/06/2019;;@
17/06/2019;;@
18/06/2019;;@
19/06/2019;;@
20/06/2019;;@
21/06/2019;;@
22/06/2019;;@
23/06/2019;;@
24/06/2019;;@
25/06/2019;;@
26/06/2019;;@
27/06/2019;;@
28/06/2019;;@
29/06/2019;;@
30/06/2019;;@
01/07/2019;;@
02/07/2019;;@
03/07/2019;;@
04/07/2019;;@
05/07/2019;;@
06/07/2019;;@
07/07/2019;;@
08/07/2019;;@
09/07/2019;;@
10/07/2019;;@
11/07/2019;;@
12/07/2019;;@
13/07/2019;;@
14/07/2019;;@
15/07/2019;;@
16/07/2019;;@
17/07/2019;;@
18/07/2019;;@
19/07/2019;;@
20/07/2019;;@
21/07/2019;;@
22/07/2019;;@
23/07/2019;;@
24/07/2019;;@
25/07/2019;;@
26/07/2019;;@
27/07/2019;;@
28/07/2019;;@
29/07/2019;;@
30/07/2019;;@
31/07/2019;;@
01/08/2019;;@
02/08/2019;;@
03/08/2019;;@
04/08/2019;;@
05/08/2019;;@
06/08/2019;;@
07/08/2019;;@
08/08/2019;;@
09/08/2019;;@
10/08/2019;;@
11/08/2019;;@
12/08/2019;;@
13/08/2019;;@
14/08/2019;;@
15/08/2019;;@
16/08/2019;;@
17/08/2019;;@
18/08/2019;;@
19/08/2019;;@
20/08/2019;;@
21/08/2019;;@
22/08/2019;;@
23/08/2019;;@
24/08/2019;;@
25/08/2019;;@
26/08/2019;;@
27/08/2019;;@
28/08/2019;;@
29/08/2019;;@
30/08/2019;;@
31/08/2019;;@
01/09/2019;;@
02/09/2019;;@
03/09/2019;;@
04/09/2019;;@
05/09/2019;;@
06/09/2019;;@
07/09/2019;;@
08/09/2019;;@
09/09/2019;;@
10/09/2019;;@
11/09/2019;;@
12/09/2019;;@
13/09/2019;;@
14/09/2019;;@
15/09/2019;;@
16/09/2019;;@
17/09/2019;;@
18/09/2019;;@
19/09/2019;;@
20/09/2019;;@
21/09/2019;;@
22/09/2019;;@
23/09/2019;;@
24/09/2019;;@
25/09/2019;;@
26/09/2019;;@
27/09/2019;;@
28/09/2019;;@
29/09/2019;;@
30/09/2019;;@
01/10/2019;;@
02/10/2019;;@
03/10/2019;;@
04/10/2019;;@
05/10/2019;;@
06/10/2019;;@
07/10/2019;;@
08/10/2019;;@
09/10/2019;;@
10/10/2019;;@
11/10/2019;;@
12/10/2019;;@
13/10/2019;;@
14/10/2019;;@
15/10/2019;;@
16/10/2019;;@
17/10/2019;;@
18/10/2019;;@
19/10/2019;;@
20/10/2019;;@
21/10/2019;;@
22/10/2019;;@
23/10/2019;;@
24/10/2019;;@
25/10/2019;0,61;V
26/10/2019;0,61;V
27/10/2019;0,62;V
28/10/2019;0,63;V
29/10/2019;0,63;V
30/10/2019;0,60;V
31/10/2019;0,64;V
01/11/2019;0,64;V
02/11/2019;0,63;V
03/11/2019;0,77;V
04/11/2019;0,74;V
05/11/2019;0,86;V
06/11/2019;0,87;V
07/11/2019;0,80;V
08/11/2019;1,03;V
09/11/2019;1,04;V
10/11/2019;0,81;V
11/11/2019;0,76;V
12/11/2019;0,77;V
13/11/2019;0,97;V
14/11/2019;0,84;V
15/11/2019;1,00;V
16/11/2019;1,09;V
17/11/2019;1,95;V
18/11/2019;1,47;V
19/11/2019;1,47;V
20/11/2019;1,37;V
21/11/2019;1,31;V
22/11/2019;1,26;V
23/11/2019;1,24;V
24/11/2019;1,22;V
25/11/2019;1,20;V
26/11/2019;1,18;V
27/11/2019;1,28;V
28/11/2019;1,37;V
29/11/2019;1,36;V
30/11/2019;1,30;V
01/12/2019;1,26;V
02/12/2019;1,49;V
03/12/2019;1,34;V
04/12/2019;1,23;V
05/12/2019;1,17;V
06/12/2019;1,15;V
07/12/2019;1,13;V
08/12/2019;1,11;V
09/12/2019;1,13;V
10/12/2019;1,13;V
11/12/2019;1,10;V
12/12/2019;1,10;V
13/12/2019;1,37;V
14/12/2019;1,24;V
15/12/2019;1,13;V
16/12/2019;1,08;V
17/12/2019;1,05;V
18/12/2019;1,02;V
19/12/2019;1,00;V
20/12/2019;1,06;V
21/12/2019;1,46;V
22/12/2019;1,58;V
23/12/2019;1,21;V
24/12/2019;1,11;V
25/12/2019;1,05;V
26/12/2019;1,02;V
27/12/2019;0,99;V
28/12/2019;0,96;V
29/12/2019;0,94;V
30/12/2019;0,93;V
31/12/2019;0,91;V
01/01/2020;0,91;V
02/01/2020;0,89;V
03/01/2020;0,88;V
04/01/2020;0,88;V
05/01/2020;0,88;V
06/01/2020;0,86;V
07/01/2020;0,85;V
08/01/2020;0,85;V
09/01/2020;0,85;V
10/01/2020;0,85;V
11/01/2020;0,84;V
12/01/2020;0,82;V
13/01/2020;0,82;V
14/01/2020;0,82;V
15/01/2020;0,82;V
16/01/2020;0,82;V
17/01/2020;0,82;V
18/01/2020;0,92;V
19/01/2020;0,88;V
20/01/2020;0,85;V
21/01/2020;0,85;V
22/01/2020;0,84;V
23/01/2020;0,83;V
24/01/2020;0,83;V
25/01/2020;0,92;V
26/01/2020;0,94;V
27/01/2020;0,91;V
28/01/2020;0,92;V
29/01/2020;0,92;V
30/01/2020;0,91;V
31/01/2020;0,92;V
01/02/2020;1,09;V
02/02/2020;1,20;V
03/02/2020;1,07;V
04/02/2020;1,02;V
05/02/2020;0,98;V
06/02/2020;0,94;V
07/02/2020;0,93;V
08/02/2020;0,91;V
09/02/2020;0,91;V
10/02/2020;0,91;V
11/02/2020;0,90;V
12/02/2020;0,88;V
13/02/2020;0,88;V
14/02/2020;0,94;V
15/02/2020;0,91;V
16/02/2020;0,90;V
17/02/2020;0,89;V
18/02/2020;0,89;V
19/02/2020;0,88;V
20/02/2020;0,88;V
21/02/2020;0,87;V
22/02/2020;0,85;V
23/02/2020;0,85;V
24/02/2020;0,85;V
25/02/2020;0,84;V
26/02/2020;0,86;V
27/02/2020;0,95;V
28/02/2020;1,15;V
29/02/2020;1,01;V
01/03/2020;1,07;V
02/03/2020;1,39;V
03/03/2020;1,48;V
04/03/2020;1,27;V
05/03/2020;1,18;V
06/03/2020;1,39;V
07/03/2020;1,20;V
08/03/2020;1,12;V
09/03/2020;1,08;V
10/03/2020;1,05;V
11/03/2020;1,02;V
12/03/2020;1,00;V
13/03/2020;1,00;V
14/03/2020;0,97;V
15/03/2020;0,96;V
16/03/2020;0,94;V
17/03/2020;0,94;V
18/03/2020;0,92;V
19/03/2020;0,91;V
20/03/2020;0,91;V
21/03/2020;0,91;V
22/03/2020;0,90;V
23/03/2020;0,88;V
24/03/2020;0,88;V
25/03/2020;0,89;V
26/03/2020;0,88;V
27/03/2020;0,88;V
28/03/2020;0,88;V
29/03/2020;0,87;V
30/03/2020;0,88;V
31/03/2020;0,87;V
01/04/2020;0,85;V
02/04/2020;0,85;V
03/04/2020;0,85;V
04/04/2020;0,85;V
05/04/2020;0,84;V
06/04/2020;0,84;V
07/04/2020;0,84;V
08/04/2020;0,83;V
09/04/2020;0,82;V
10/04/2020;0,82;V
11/04/2020;0,81;V
12/04/2020;0,82;V
13/04/2020;0,81;V
14/04/2020;0,81;V
15/04/2020;0,82;V
16/04/2020;0,81;V
17/04/2020;0,81;V
18/04/2020;0,81;V
19/04/2020;0,81;V
20/04/2020;0,83;V
21/04/2020;0,85;V
22/04/2020;0,83;V
23/04/2020;0,81;V
24/04/2020;0,81;V
25/04/2020;0,80;V
26/04/2020;0,79;V
27/04/2020;0,79;V
28/04/2020;0,82;V
29/04/2020;0,86;V
30/04/2020;0,83;V
01/05/2020;0,84;V
02/05/2020;0,83;V
03/05/2020;0,82;V
04/05/2020;0,81;V
05/05/2020;0,81;V
06/05/2020;0,81;V
07/05/2020;0,79;V
08/05/2020;0,78;V
09/05/2020;0,78;V
10/05/2020;0,78;V
11/05/2020;0,80;V
12/05/2020;0,87;V
13/05/2020;0,86;V
14/05/2020;0,83;V
15/05/2020;0,85;V
16/05/2020;0,84;V
17/05/2020;0,82;V
18/05/2020;0,81;V
19/05/2020;0,81;V
20/05/2020;0,94;V
21/05/2020;0,85;V
22/05/2020;0,83;V
23/05/2020;0,81;V
24/05/2020;0,81;V
25/05/2020;0,80;V
26/05/2020;0,79;V
27/05/2020;0,78;V
28/05/2020;0,78;V
29/05/2020;0,81;V
30/05/2020;0,79;V
31/05/2020;0,78;V
01/06/2020;0,78;V
02/06/2020;0,77;V
03/06/2020;0,77;V
04/06/2020;0,78;V
05/06/2020;0,78;V
06/06/2020;0,78;V
07/06/2020;0,77;V
08/06/2020;0,78;V
09/06/2020;0,77;V
10/06/2020;0,82;V
11/06/2020;0,80;V
12/06/2020;0,78;V
13/06/2020;0,78;V
14/06/2020;0,85;V
15/06/2020;0,83;V
16/06/2020;0,83;V
17/06/2020;0,85;V
18/06/2020;0,82;V
19/06/2020;0,79;V
20/06/2020;0,78;V
21/06/2020;0,78;V
22/06/2020;0,77;V
23/06/2020;;@
24/06/2020;;@
25/06/2020;;@
26/06/2020;;@
27/06/2020;;@
28/06/2020;;@
29/06/2020;;@
30/06/2020;;@
01/07/2020;;@
02/07/2020;;@
03/07/2020;;@
04/07/2020;;@
05/07/2020;;@
06/07/2020;;@
07/07/2020;;@
08/07/2020;;@
09/07/2020;;@
10/07/2020;;@
11/07/2020;;@
12/07/2020;;@
13/07/2020;;@
14/07/2020;;@
15/07/2020;;@
16/07/2020;;@
17/07/2020;;@
18/07/2020;;@
19/07/2020;;@
20/07/2020;;@
21/07/2020;;@
22/07/2020;;@
23/07/2020;;@
24/07/2020;;@
25/07/2020;;@
26/07/2020;;@
27/07/2020;;@
28/07/2020;;@
29/07/2020;;@
30/07/2020;;@
31/07/2020;;@
01/08/2020;;@
02/08/2020;;@
03/08/2020;;@
04/08/2020;;@
05/08/2020;;@
06/08/2020;;@
07/08/2020;;@
08/08/2020;;@
09/08/2020;;@
10/08/2020;;@
11/08/2020;;@
12/08/2020;;@
13/08/2020;;@
14/08/2020;;@
15/08/2020;;@
16/08/2020;;@
17/08/2020;;@
18/08/2020;;@
19/08/2020;;@
20/08/2020;;@
21/08/2020;;@
22/08/2020;;@
23/08/2020;;@
24/08/2020;;@
25/08/2020;;@
26/08/2020;;@
27/08/2020;;@
28/08/2020;;@
29/08/2020;;@
30/08/2020;;@
31/08/2020;;@
01/09/2020;;@
02/09/2020;;@
03/09/2020;;@
04/09/2020;;@
05/09/2020;;@
06/09/2020;;@
07/09/2020;;@
08/09/2020;;@
09/09/2020;;@
10/09/2020;;@
11/09/2020;;@
12/09/2020;;@
13/09/2020;;@
14/09/2020;;@
15/09/2020;;@
16/09/2020;;@
17/09/2020;;@
18/09/2020;;@
19/09/2020;;@
20/09/2020;;@
21/09/2020;;@
22/09/2020;;@
23/09/2020;;@
24/09/2020;;@
25/09/2020;;@
26/09/2020;;@
27/09/2020;;@
28/09/2020;;@
29/09/2020;;@
30/09/2020;;@
01/10/2020;;@
02/10/2020;;@
03/10/2020;;@
04/10/2020;;@
05/10/2020;0,85;V
06/10/2020;0,78;V
07/10/2020;0,83;V
08/10/2020;0,80;V
09/10/2020;0,77;V
10/10/2020;0,75;V
11/10/2020;0,80;V
12/10/2020;0,96;V
13/10/2020;0,85;V
14/10/2020;0,82;V
15/10/2020;1,00;V
16/10/2020;0,97;V
17/10/2020;0,89;V
18/10/2020;0,84;V
19/10/2020;0,82;V
20/10/2020;0,81;V
21/10/2020;0,79;V
22/10/2020;0,78;V
23/10/2020;0,78;V
24/10/2020;0,85;V
25/10/2020;0,83;V
26/10/2020;0,81;V
27/10/2020;1,03;V
28/10/2020;0,93;V
29/10/2020;0,87;V
30/10/2020;0,84;V
31/10/2020;0,83;V
01/11/2020;0,81;V
02/11/2020;0,81;V
03/11/2020;0,81;V
04/11/2020;0,79;V
05/11/2020;0,78;V
06/11/2020;0,78;V
07/11/2020;0,78;V
08/11/2020;0,77;V
09/11/2020;0,77;V
10/11/2020;0,76;V
11/11/2020;0,76;V
12/11/2020;0,77;V
13/11/2020;0,78;V
14/11/2020;0,78;V
15/11/2020;0,77;V
16/11/2020;0,89;V
17/11/2020;0,94;V
18/11/2020;0,89;V
19/11/2020;0,86;V
20/11/2020;0,85;V
21/11/2020;0,83;V
22/11/2020;0,82;V
23/11/2020;0,81;V
24/11/2020;0,80;V
25/11/2020;0,79;V
26/11/2020;0,79;V
27/11/2020;0,79;V
28/11/2020;0,79;V
29/11/2020;0,78;V
30/11/2020;0,78;V
01/12/2020;0,78;V
02/12/2020;0,80;V
03/12/2020;0,90;V
04/12/2020;0,88;V
05/12/2020;1,42;V
06/12/2020;1,37;V
07/12/2020;1,24;V
08/12/2020;1,26;V
09/12/2020;1,24;V
10/12/2020;1,22;V
11/12/2020;1,14;V
12/12/2020;1,07;V
13/12/2020;1,02;V
14/12/2020;0,98;V
15/12/2020;0,96;V
16/12/2020;0,94;V
17/12/2020;0,94;V
18/12/2020;0,91;V
19/12/2020;0,91;V
20/12/2020;0,90;V
21/12/2020;0,88;V
22/12/2020;0,88;V
23/12/2020;0,94;V
24/12/2020;1,08;V
25/12/2020;1,05;V
26/12/2020;1,09;V
27/12/2020;1,03;V
28/12/2020;1,19;V
29/12/2020;1,31;V
30/12/2020;1,22;V
31/12/2020;1,14;V
01/01/2021;1,33;
02/01/2021;1,25;P
03/01/2021;1,16;P
04/01/2021;1,10;P
05/01/2021;1,13;P
06/01/2021;1,26;P
07/01/2021;1,21;P
08/01/2021;1,13;P
09/01/2021;1,08;P
10/01/2021;1,04;P
11/01/2021;1,01;P
12/01/2021;0,99;P
13/01/2021;0,97;P
14/01/2021;0,96;P
15/01/2021;0,94;P
16/01/2021;0,94;P
17/01/2021;0,93;P
18/01/2021;0,91;P
19/01/2021;0,91;P
20/01/2021;0,91;P
21/01/2021;0,91;P
22/01/2021;0,95;P
23/01/2021;1,20;P
24/01/2021;1,41;P
25/01/2021;1,24;P
26/01/2021;1,14;P
27/01/2021;1,07;P
28/01/2021;1,03;P
29/01/2021;1,06;P
30/01/2021;1,05;P
31/01/2021;1,37;P
01/02/2021;1,17;P
02/02/2021;1,14;P
03/02/2021;1,09;P
04/02/2021;1,05;P
05/02/2021;1,03;P
06/02/2021;1,00;P
07/02/2021;1,14;P
08/02/2021;1,25;P
09/02/2021;1,54;P
10/02/2021;1,34;P
11/02/2021;1,18;P
12/02/2021;1,11;P
13/02/2021;1,07;P
14/02/2021;1,04;P
15/02/2021;1,01;P
16/02/2021;1,00;P
17/02/2021;1,07;P
18/02/2021;1,04;P
19/02/2021;1,01;P
20/02/2021;0,99;P
21/02/2021;0,97;P
22/02/2021;0,95;P
23/02/2021;0,94;P
24/02/2021;0,93;P
25/02/2021;0,91;P
26/02/2021;0,91;P
27/02/2021;0,90;P
28/02/2021;0,88;P
01/03/2021;0,88;P
02/03/2021;0,88;P
03/03/2021;0,87;P
04/03/2021;0,86;P
05/03/2021;0,86;P
06/03/2021;0,85;P
07/03/2021;0,85;P
08/03/2021;0,85;P
09/03/2021;0,85;P
10/03/2021;0,84;P
11/03/2021;0,83;P
12/03/2021;0,82;P
13/03/2021;0,82;P
14/03/2021;0,86;P
15/03/2021;0,84;P
16/03/2021;0,82;P
17/03/2021;0,82;P
18/03/2021;0,82;P
19/03/2021;0,82;P
20/03/2021;0,81;P
21/03/2021;0,80;P
22/03/2021;0,79;P
23/03/2021;0,79;P
24/03/2021;0,79;P
25/03/2021;0,79;P
26/03/2021;0,79;P
27/03/2021;0,79;P
28/03/2021;0,78;P
29/03/2021;0,78;P
30/03/2021;0,78;P
31/03/2021;0,77;P
01/04/2021;0,77;P
02/04/2021;0,76;P
03/04/2021;0,77;P
04/04/2021;0,76;P
05/04/2021;0,76;P
06/04/2021;0,78;P
07/04/2021;0,76;P
08/04/2021;0,76;P
09/04/2021;0,75;P
10/04/2021;0,76;P
11/04/2021;0,81;P
12/04/2021;1,06;P
13/04/2021;1,13;P
14/04/2021;1,00;P
15/04/2021;0,95;P
16/04/2021;0,91;P
17/04/2021;0,89;P
18/04/2021;0,88;P
19/04/2021;0,87;P
20/04/2021;0,85;P
21/04/2021;0,85;P
22/04/2021;0,84;P
23/04/2021;0,83;P
24/04/2021;0,82;P
25/04/2021;0,81;P
26/04/2021;0,81;P
27/04/2021;0,82;P
28/04/2021;0,82;P
29/04/2021;0,91;P
30/04/2021;0,97;P
01/05/2021;0,93;P
02/05/2021;1,05;P
03/05/2021;0,96;P
04/05/2021;0,93;P
05/05/2021;0,91;P
06/05/2021;0,89;P
07/05/2021;0,87;P
08/05/2021;0,87;P
09/05/2021;0,85;P
10/05/2021;0,84;P
11/05/2021;0,87;P
12/05/2021;0,95;P
13/05/2021;0,94;P
14/05/2021;0,94;P
15/05/2021;0,91;P
16/05/2021;0,90;P
17/05/2021;0,90;P
18/05/2021;0,88;P
19/05/2021;0,94;P
20/05/2021;0,94;P
21/05/2021;0,90;P
22/05/2021;0,89;P
23/05/2021;0,87;P
24/05/2021;0,89;P
25/05/2021;0,90;P
26/05/2021;0,87;P
27/05/2021;0,86;P
28/05/2021;0,84;P
29/05/2021;0,84;P
30/05/2021;0,82;P
31/05/2021;0,81;P
01/06/2021;0,81;P
02/06/2021;0,80;P
03/06/2021;0,79;P
04/06/2021;0,78;P
05/06/2021;0,78;P
06/06/2021;0,78;P
07/06/2021;0,79;P
08/06/2021;0,81;P
09/06/2021;0,81;P
10/06/2021;0,78;P
11/06/2021;0,78;P
12/06/2021;0,76;P
13/06/2021;0,75;P
14/06/2021;0,75;P
15/06/2021;0,75;P
16/06/2021;0,75;P
17/06/2021;0,75;P
18/06/2021;0,75;P
19/06/2021;0,74;P
20/06/2021;0,74;P
21/06/2021;0,74;P
22/06/2021;0,73;P
23/06/2021;0,72;P
24/06/2021;0,72;P
25/06/2021;0,72;P
26/06/2021;0,72;P
27/06/2021;0,72;P
28/06/2021;0,71;P
29/06/2021;0,71;P
30/06/2021;0,71;P
01/07/2021;0,71;P
02/07/2021;0,72;P
03/07/2021;0,71;P
04/07/2021;0,69;P
05/07/2021;0,69;P
06/07/2021;0,69;P
07/07/2021;0,69;P
08/07/2021;0,71;P
09/07/2021;0,70;P
10/07/2021;0,69;P
11/07/2021;0,70;P
12/07/2021;0,70;P
13/07/2021;0,73;P
14/07/2021;0,72;P
15/07/2021;0,69;P
16/07/2021;0,70;P
17/07/2021;0,70;P
18/07/2021;0,70;P
19/07/2021;0,70;P
20/07/2021;0,69;P
21/07/2021;0,70;P
22/07/2021;0,70;P
23/07/2021;0,71;P
24/07/2021;0,70;P
25/07/2021;0,70;P
26/07/2021;0,71;P
27/07/2021;0,75;P
28/07/2021;0,77;P
29/07/2021;0,77;P
30/07/2021;0,77;P
31/07/2021;0,77;P
01/08/2021;0,81;P
02/08/2021;0,78;P
03/08/2021;0,75;P
04/08/2021;0,76;P
05/08/2021;0,78;P
06/08/2021;0,77;P
07/08/2021;0,76;P
08/08/2021;0,75;P
09/08/2021;0,75;P
10/08/2021;0,75;P
11/08/2021;0,76;P
12/08/2021;0,75;P
13/08/2021;0,75;P
14/08/2021;0,75;P
15/08/2021;0,75;P
16/08/2021;0,74;P
17/08/2021;0,73;P
18/08/2021;0,71;P
19/08/2021;0,71;P
20/08/2021;0,70;P
21/08/2021;0,68;P
22/08/2021;0,68;P
23/08/2021;0,70;P
24/08/2021;0,72;P
25/08/2021;0,72;P
26/08/2021;0,71;P
27/08/2021;0,71;P
28/08/2021;0,73;P
29/08/2021;0,71;P
30/08/2021;0,71;P
31/08/2021;0,70;P
01/09/2021;0,70;P
02/09/2021;0,68;P
03/09/2021;0,68;P
04/09/2021;0,68;P
05/09/2021;0,70;P
06/09/2021;0,72;P
07/09/2021;0,71;P
08/09/2021;0,72;P
09/09/2021;0,73;P
10/09/2021;0,74;P
11/09/2021;0,70;P
12/09/2021;0,70;P
13/09/2021;0,71;P
14/09/2021;0,71;P
15/09/2021;0,70;P
16/09/2021;0,73;P
17/09/2021;0,76;P
18/09/2021;0,76;P
19/09/2021;0,75;P
20/09/2021;0,76;P
21/09/2021;0,78;P
22/09/2021;0,75;P
23/09/2021;0,75;P
24/09/2021;0,74;P
25/09/2021;0,73;P
26/09/2021;0,78;P
27/09/2021;0,85;P
28/09/2021;0,81;P
29/09/2021;0,80;P
30/09/2021;0,81;P
01/10/2021;0,81;P
02/10/2021;0,80;P
03/10/2021;0,80;P
04/10/2021;0,81;P
05/10/2021;0,83;P
06/10/2021;0,83;P
07/10/2021;0,82;P
08/10/2021;0,83;P
09/10/2021;0,83;P
10/10/2021;0,81;P
11/10/2021;0,81;P
12/10/2021;0,79;P
13/10/2021;0,79;P
14/10/2021;0,79;P
15/10/2021;0,78;P
16/10/2021;0,79;P
17/10/2021;0,78;P
18/10/2021;0,78;P
19/10/2021;0,76;P
20/10/2021;0,78;P
21/10/2021;0,75;P
22/10/2021;0,76;P
23/10/2021;0,76;P
24/10/2021;0,75;P
25/10/2021;0,80;P
26/10/2021;0,79;P
27/10/2021;0,78;P
28/10/2021;0,78;P
29/10/2021;0,78;P
30/10/2021;0,79;P
31/10/2021;0,77;P
01/11/2021;0,79;P
02/11/2021;0,83;P
03/11/2021;0,82;P
04/11/2021;0,87;P
05/11/2021;0,84;P
06/11/2021;0,82;P
07/11/2021;0,82;P
08/11/2021;0,83;P
09/11/2021;0,82;P
10/11/2021;0,81;P
11/11/2021;0,81;P
12/11/2021;0,81;P
13/11/2021;0,82;P
14/11/2021;0,88;P
15/11/2021;0,89;P
16/11/2021;0,87;P
17/11/2021;0,91;P
18/11/2021;0,88;P
19/11/2021;0,86;P
20/11/2021;0,84;P
21/11/2021;0,84;P
22/11/2021;0,84;P
23/11/2021;0,84;P
24/11/2021;0,83;P
25/11/2021;0,85;P
26/11/2021;0,88;P
27/11/2021;0,91;P
28/11/2021;1,04;P
29/11/2021;0,96;P
30/11/2021;0,91;P
01/12/2021;0,90;P
02/12/2021;1,23;P
03/12/2021;1,14;P
04/12/2021;1,13;
05/12/2021;1,44;P
06/12/2021;1,11;P
07/12/2021;1,03;P
08/12/2021;1,15;P
09/12/2021;1,19;P
10/12/2021;1,09;P
11/12/2021;1,05;P
12/12/2021;1,01;P
13/12/2021;0,98;P
14/12/2021;0,96;P
15/12/2021;0,94;P
16/12/2021;0,93;P
17/12/2021;0,91;P
18/12/2021;0,90;P
19/12/2021;0,89;P
20/12/2021;0,89;P
21/12/2021;0,88;P
22/12/2021;0,87;P
23/12/2021;0,86;P
24/12/2021;1,00;P
25/12/2021;1,59;P
26/12/2021;1,51;P
27/12/2021;1,25;P
28/12/2021;1,18;P
29/12/2021;1,13;P
30/12/2021;1,08;P
31/12/2021;1,04;P
01/01/2022;0,92;V
02/01/2022;0,90;V
03/01/2022;0,89;V
04/01/2022;0,88;V
05/01/2022;1,02;V
06/01/2022;1,21;V
07/01/2022;1,02;V
08/01/2022;0,97;V
09/01/2022;0,96;V
10/01/2022;0,95;V
11/01/2022;0,92;V
12/01/2022;0,90;V
13/01/2022;0,88;V
14/01/2022;0,87;V
15/01/2022;0,85;V
16/01/2022;0,84;V
17/01/2022;0,83;V
18/01/2022;0,82;V
19/01/2022;0,81;V
20/01/2022;0,83;V
21/01/2022;0,82;V
22/01/2022;0,80;V
23/01/2022;0,79;V
24/01/2022;0,79;V
25/01/2022;0,78;V
26/01/2022;0,78;V
27/01/2022;0,77;V
28/01/2022;0,77;V
29/01/2022;0,76;V
30/01/2022;0,76;V
31/01/2022;0,76;V
01/02/2022;0,76;V
02/02/2022;0,75;V
03/02/2022;0,74;V
04/02/2022;0,74;V
05/02/2022;0,74;V
06/02/2022;0,74;V
07/02/2022;0,74;V
08/02/2022;0,73;V
09/02/2022;0,73;V
10/02/2022;0,73;V
11/02/2022;0,73;V
12/02/2022;0,72;V
13/02/2022;0,72;V
14/02/2022;0,73;V
15/02/2022;0,94;V
16/02/2022;0,95;V
17/02/2022;0,89;V
18/02/2022;0,86;V
19/02/2022;0,84;V
20/02/2022;0,82;V
21/02/2022;0,82;V
22/02/2022;0,82;V
23/02/2022;0,80;V
24/02/2022;0,80;V
25/02/2022;0,79;V
26/02/2022;0,84;V
27/02/2022;0,82;V
28/02/2022;0,81;V
01/03/2022;0,80;V
02/03/2022;0,79;V
03/03/2022;0,79;V
04/03/2022;0,79;V
05/03/2022;0,78;V
06/03/2022;0,78;V
07/03/2022;0,77;V
08/03/2022;0,76;V
09/03/2022;0,75;V
10/03/2022;0,75;V
11/03/2022;0,75;V
12/03/2022;0,74;V
13/03/2022;0,74;V
14/03/2022;0,74;V
15/03/2022;0,73;V
16/03/2022;0,73;V
17/03/2022;0,73;V
18/03/2022;0,73;V
19/03/2022;0,72;V
20/03/2022;0,72;V
21/03/2022;0,72;V
22/03/2022;0,72;V
23/03/2022;0,71;V
24/03/2022;0,71;V
25/03/2022;0,71;V
26/03/2022;0,71;V
27/03/2022;0,71;V
28/03/2022;0,71;V
29/03/2022;0,71;V
30/03/2022;0,71;V
31/03/2022;1,41;V
01/04/2022;1,09;V
02/04/2022;1,01;V
03/04/2022;0,95;V
04/04/2022;0,92;V
05/04/2022;0,88;V
06/04/2022;0,86;V
07/04/2022;0,85;V
08/04/2022;0,83;V
09/04/2022;0,82;V
10/04/2022;0,81;V
11/04/2022;0,79;V
12/04/2022;0,78;V
13/04/2022;0,77;V
14/04/2022;0,76;V
15/04/2022;0,76;V
16/04/2022;0,75;V
17/04/2022;0,74;V
18/04/2022;0,74;V
19/04/2022;0,74;V
20/04/2022;0,73;V
21/04/2022;0,74;V
22/04/2022;0,88;V
23/04/2022;0,84;V
24/04/2022;1,04;V
25/04/2022;1,02;V
26/04/2022;0,92;V
27/04/2022;0,89;V
28/04/2022;0,86;V
29/04/2022;0,84;V
30/04/2022;0,82;V
01/05/2022;0,81;V
02/05/2022;0,80;V
03/05/2022;0,79;V
04/05/2022;0,78;V
05/05/2022;0,77;V
06/05/2022;0,79;V
07/05/2022;0,78;V
08/05/2022;0,76;V
09/05/2022;0,76;V
10/05/2022;0,75;V
11/05/2022;0,74;V
12/05/2022;0,73;V
13/05/2022;0,73;V
14/05/2022;0,72;V
15/05/2022;0,72;V
16/05/2022;0,72;V
17/05/2022;0,71;V
18/05/2022;0,71;V
19/05/2022;0,71;V
20/05/2022;0,70;V
21/05/2022;0,70;V
22/05/2022;0,70;V
23/05/2022;0,69;V
24/05/2022;0,69;V
25/05/2022;0,69;V
26/05/2022;0,68;V
27/05/2022;0,68;V
28/05/2022;0,68;V
29/05/2022;0,68;V
30/05/2022;0,67;V
31/05/2022;0,67;V
01/06/2022;0,67;V
02/06/2022;0,66;V
03/06/2022;0,66;V
04/06/2022;0,66;V
05/06/2022;0,65;V
06/06/2022;0,65;V
07/06/2022;0,65;V
08/06/2022;0,65;V
09/06/2022;0,65;V
10/06/2022;0,65;V
11/06/2022;0,64;V
12/06/2022;0,64;V
13/06/2022;0,65;V
14/06/2022;0,64;V
15/06/2022;0,64;V
16/06/2022;0,65;V
17/06/2022;0,65;V
18/06/2022;0,65;V
19/06/2022;0,65;V
20/06/2022;0,63;V
21/06/2022;0,62;V
22/06/2022;0,60;V
23/06/2022;0,62;V
24/06/2022;0,61;V
25/06/2022;0,62;V
26/06/2022;0,64;V
27/06/2022;0,64;V
28/06/2022;0,63;V
29/06/2022;0,65;V
30/06/2022;0,64;V
01/07/2022;0,63;V
02/07/2022;0,61;V
03/07/2022;0,62;V
04/07/2022;0,61;V
05/07/2022;0,63;V
06/07/2022;0,62;V
07/07/2022;0,60;V
08/07/2022;0,61;V
09/07/2022;0,59;V
10/07/2022;0,61;V
11/07/2022;0,61;V
12/07/2022;0,61;V
13/07/2022;0,60;V
14/07/2022;0,61;V
15/07/2022;0,58;V
16/07/2022;0,59;V
17/07/2022;0,60;V
18/07/2022;0,61;V
19/07/2022;0,63;V
20/07/2022;0,61;V
21/07/2022;0,60;V
22/07/2022;0,63;V
23/07/2022;0,64;V
24/07/2022;0,62;V
25/07/2022;0,64;V
26/07/2022;0,64;V
27/07/2022;0,64;V
28/07/2022;0,64;V
29/07/2022;0,66;V
30/07/2022;0,66;V
31/07/2022;0,66;V
01/08/2022;0,66;V
02/08/2022;0,66;V
03/08/2022;0,66;V
04/08/2022;0,67;V
05/08/2022;0,67;V
06/08/2022;0,67;V
07/08/2022;0,67;V
08/08/2022;0,67;V
09/08/2022;0,67;V
10/08/2022;0,67;V
11/08/2022;0,67;V
12/08/2022;0,67;V
13/08/2022;0,66;V
14/08/2022;0,68;V
15/08/2022;0,68;V
16/08/2022;0,67;V
17/08/2022;0,64;V
18/08/2022;0,65;V
19/08/2022;0,80;V
20/08/2022;0,77;V
21/08/2022;0,76;V
22/08/2022;0,76;V
23/08/2022;0,75;V
24/08/2022;0,71;V
25/08/2022;0,61;V
26/08/2022;0,59;V
27/08/2022;0,68;V
28/08/2022;0,76;V
29/08/2022;0,76;V
30/08/2022;0,76;V
31/08/2022;0,76;V
01/09/2022;0,76;V
02/09/2022;0,76;V
03/09/2022;0,76;V
04/09/2022;0,77;V
05/09/2022;0,77;V
06/09/2022;0,76;V
07/09/2022;0,75;V
08/09/2022;0,75;V
09/09/2022;0,74;V
10/09/2022;0,70;V
11/09/2022;0,63;R
12/09/2022;0,61;V
13/09/2022;0,60;V
14/09/2022;0,58;V
15/09/2022;0,56;V
16/09/2022;0,57;V
17/09/2022;0,70;V
18/09/2022;0,77;V
19/09/2022;0,78;V
20/09/2022;0,77;V
21/09/2022;0,77;V
22/09/2022;0,77;V
23/09/2022;0,77;V
24/09/2022;0,78;V
25/09/2022;0,83;V
26/09/2022;0,81;V
27/09/2022;0,79;V
28/09/2022;0,79;V
29/09/2022;0,82;V
30/09/2022;0,99;V
01/10/2022;0,88;V
02/10/2022;0,82;V
03/10/2022;0,78;V
04/10/2022;0,76;V
05/10/2022;0,75;V
06/10/2022;0,73;V
07/10/2022;0,73;V
08/10/2022;0,72;V
09/10/2022;0,72;V
10/10/2022;0,71;V
11/10/2022;0,72;V
12/10/2022;0,71;V
13/10/2022;0,71;V
14/10/2022;0,71;V
15/10/2022;0,71;V
16/10/2022;0,71;V
17/10/2022;0,71;V
18/10/2022;0,71;V
19/10/2022;0,71;V
20/10/2022;0,70;V
21/10/2022;0,70;V
22/10/2022;0,70;V
23/10/2022;0,70;V
24/10/2022;0,70;V
25/10/2022;0,70;V
26/10/2022;0,70;V
27/10/2022;0,70;V
28/10/2022;0,70;V
29/10/2022;0,69;V
30/10/2022;0,69;V
31/10/2022;0,69;V
01/11/2022;0,69;V
02/11/2022;0,69;V
03/11/2022;0,69;V
04/11/2022;0,73;V
05/11/2022;0,71;V
06/11/2022;0,71;V
07/11/2022;0,71;V
08/11/2022;0,71;V
09/11/2022;0,71;V
10/11/2022;0,71;V
11/11/2022;0,71;V
12/11/2022;0,71;V
13/11/2022;0,71;V
14/11/2022;0,71;V
15/11/2022;0,71;V
16/11/2022;0,73;V
17/11/2022;0,74;V
18/11/2022;0,74;V
19/11/2022;0,80;V
20/11/2022;0,82;V
21/11/2022;0,79;V
22/11/2022;1,10;V
23/11/2022;0,91;V
24/11/2022;0,76;V
25/11/2022;0,71;V
26/11/2022;0,69;V
27/11/2022;0,68;V
28/11/2022;0,68;V
29/11/2022;0,67;V
30/11/2022;0,67;V
01/12/2022;0,66;V
02/12/2022;0,65;V
03/12/2022;0,66;V
04/12/2022;0,67;V
05/12/2022;1,17;V
06/12/2022;1,09;V
07/12/2022;0,90;V
08/12/2022;0,82;V
09/12/2022;1,20;V
10/12/2022;1,17;V
11/12/2022;1,05;V
12/12/2022;0,95;V
13/12/2022;0,87;V
14/12/2022;0,84;V
15/12/2022;1,00;V
16/12/2022;1,36;V
17/12/2022;1,12;V
18/12/2022;0,97;V
19/12/2022;0,90;V
20/12/2022;0,86;V
21/12/2022;0,83;V
22/12/2022;0,82;V
23/12/2022;0,81;V
24/12/2022;0,81;V
25/12/2022;0,81;V
26/12/2022;0,80;V
27/12/2022;0,80;V
28/12/2022;0,79;V
29/12/2022;0,78;V
30/12/2022;0,78;V
31/12/2022;0,82;V
01/01/2023;0,82;V
02/01/2023;0,81;V
03/01/2023;0,80;V
04/01/2023;0,79;V
05/01/2023;0,78;V
06/01/2023;0,77;V
07/01/2023;0,77;V
08/01/2023;0,77;V
09/01/2023;1,66;V
10/01/2023;1,36;V
11/01/2023;1,28;V
12/01/2023;1,23;V
13/01/2023;1,19;V
14/01/2023;1,17;V
15/01/2023;1,15;V
16/01/2023;1,17;V
17/01/2023;1,41;V
18/01/2023;1,53;V
19/01/2023;1,45;V
20/01/2023;1,36;V
21/01/2023;1,30;V
22/01/2023;1,27;V
23/01/2023;1,26;V
24/01/2023;1,23;V
25/01/2023;1,21;V
26/01/2023;1,19;V
27/01/2023;1,17;V
28/01/2023;1,15;V
29/01/2023;1,14;V
30/01/2023;1,13;V
31/01/2023;1,12;V
01/02/2023;1,11;V
02/02/2023;1,10;V
03/02/2023;1,09;V
04/02/2023;1,09;V
05/02/2023;1,08;V
06/02/2023;1,07;V
07/02/2023;1,07;V
08/02/2023;1,06;V
09/02/2023;1,06;V
10/02/2023;1,05;V
11/02/2023;1,05;V
12/02/2023;1,05;V
13/02/2023;1,04;V
14/02/2023;1,04;V
15/02/2023;1,04;V
16/02/2023;1,04;V
17/02/2023;1,03;V
18/02/2023;1,03;V
19/02/2023;1,03;V
20/02/2023;1,03;V
21/02/2023;1,02;V
22/02/2023;1,02;V
23/02/2023;1,02;V
24/02/2023;1,02;V
25/02/2023;1,02;V
26/02/2023;1,23;V
27/02/2023;1,22;V
28/02/2023;1,15;V
01/03/2023;1,15;V
02/03/2023;1,16;V
03/03/2023;1,15;V
04/03/2023;1,14;V
05/03/2023;1,12;V
06/03/2023;1,12;V
07/03/2023;1,12;V
08/03/2023;1,12;V
09/03/2023;1,12;V
10/03/2023;1,14;V
11/03/2023;1,14;V
12/03/2023;1,13;V
13/03/2023;1,11;V
14/03/2023;1,13;V
15/03/2023;1,14;V
16/03/2023;1,12;V
17/03/2023;1,11;V
18/03/2023;1,10;V
19/03/2023;1,09;V
20/03/2023;1,32;V
21/03/2023;1,24;V
22/03/2023;1,19;V
23/03/2023;1,16;V
24/03/2023;1,14;V
25/03/2023;1,13;V
26/03/2023;1,12;V
27/03/2023;1,14;V
28/03/2023;1,11;V
29/03/2023;1,10;V
30/03/2023;1,09;V
31/03/2023;1,09;V
01/04/2023;1,23;V
02/04/2023;1,16;V
03/04/2023;1,14;V
04/04/2023;1,12;V
05/04/2023;1,11;V
06/04/2023;1,10;V
07/04/2023;1,09;V
08/04/2023;1,10;V
09/04/2023;1,09;V
10/04/2023;1,08;V
11/04/2023;1,07;V
12/04/2023;1,07;V
13/04/2023;1,07;V
14/04/2023;1,06;V
15/04/2023;1,18;V
16/04/2023;1,15;V
17/04/2023;1,12;V
18/04/2023;1,10;V
19/04/2023;1,09;V
20/04/2023;1,08;V
21/04/2023;1,11;V
22/04/2023;1,10;V
23/04/2023;1,09;V
24/04/2023;1,08;V
25/04/2023;1,08;V
26/04/2023;1,07;V
27/04/2023;1,06;V
28/04/2023;1,05;V
29/04/2023;1,05;V
30/04/2023;1,05;V
01/05/2023;1,05;V
02/05/2023;1,06;V
03/05/2023;1,05;V
04/05/2023;1,04;V
05/05/2023;1,03;V
06/05/2023;1,03;V
07/05/2023;1,02;V
08/05/2023;1,02;V
09/05/2023;1,02;V
10/05/2023;1,04;V
11/05/2023;1,06;V
12/05/2023;1,18;V
13/05/2023;1,15;V
14/05/2023;1,12;V
15/05/2023;1,11;V
16/05/2023;1,10;V
17/05/2023;1,14;V
18/05/2023;1,12;V
19/05/2023;1,12;V
20/05/2023;1,13;V
21/05/2023;1,12;V
22/05/2023;1,10;V
23/05/2023;1,09;V
24/05/2023;1,07;V
25/05/2023;1,06;V
26/05/2023;1,05;V
27/05/2023;1,04;V
28/05/2023;1,04;V
29/05/2023;1,03;V
30/05/2023;1,02;V
31/05/2023;1,02;V
01/06/2023;1,02;V
02/06/2023;1,05;V
03/06/2023;1,05;V
04/06/2023;1,03;V
05/06/2023;1,12;V
06/06/2023;1,20;V
07/06/2023;1,10;V
08/06/2023;1,07;V
09/06/2023;1,05;V
10/06/2023;1,04;V
11/06/2023;1,03;V
12/06/2023;1,02;V
13/06/2023;1,04;V
14/06/2023;1,04;V
15/06/2023;1,04;V
16/06/2023;1,02;V
17/06/2023;1,02;V
18/06/2023;1,01;V
19/06/2023;1,01;V
20/06/2023;1,01;V
21/06/2023;1,01;V
22/06/2023;1,00;V
23/06/2023;1,00;V
24/06/2023;1,01;V
25/06/2023;1,01;V
26/06/2023;1,01;V
27/06/2023;1,01;V
28/06/2023;1,01;V
29/06/2023;1,01;V
30/06/2023;1,01;V
01/07/2023;1,02;V
02/07/2023;1,01;V
03/07/2023;1,01;V
04/07/2023;1,01;V
05/07/2023;1,00;V
06/07/2023;1,00;V
07/07/2023;1,00;V
08/07/2023;0,98;V
09/07/2023;0,97;V
10/07/2023;0,96;V
11/07/2023;0,96;V
12/07/2023;0,95;V
13/07/2023;0,95;V
14/07/2023;0,96;V
15/07/2023;0,95;V
16/07/2023;0,95;V
17/07/2023;0,94;V
18/07/2023;0,94;V
19/07/2023;0,93;V
20/07/2023;0,93;V
21/07/2023;0,93;V
22/07/2023;0,93;V
23/07/2023;0,92;V
24/07/2023;0,92;V
25/07/2023;0,92;V
26/07/2023;0,92;V
27/07/2023;0,92;V
28/07/2023;0,91;V
29/07/2023;0,91;V
30/07/2023;0,91;V
31/07/2023;0,91;V
01/08/2023;0,90;V
02/08/2023;0,90;V
03/08/2023;0,90;V
04/08/2023;0,90;V
05/08/2023;0,91;V
06/08/2023;0,91;V
07/08/2023;0,91;V
08/08/2023;0,90;V
09/08/2023;0,88;V
10/08/2023;0,88;V
11/08/2023;0,89;V
12/08/2023;0,89;V
13/08/2023;;@
14/08/2023;;@
15/08/2023;;@
16/08/2023;;@
17/08/2023;;@
18/08/2023;;@
19/08/2023;;@
20/08/2023;;@
21/08/2023;;@
22/08/2023;;@
23/08/2023;;@
24/08/2023;;@
25/08/2023;;@
26/08/2023;;@
27/08/2023;;@
28/08/2023;;@
29/08/2023;;@
30/08/2023;;@
31/08/2023;;@
01/09/2023;;@
02/09/2023;;@
03/09/2023;;@
04/09/2023;;@
05/09/2023;;@
06/09/2023;;@
07/09/2023;;@
08/09/2023;;@
09/09/2023;;@
10/09/2023;;@
11/09/2023;;@
12/09/2023;;@
13/09/2023;;@
14/09/2023;;@
15/09/2023;;@
16/09/2023;;@
17/09/2023;;@
18/09/2023;;@
19/09/2023;;@
20/09/2023;;@
21/09/2023;;@
22/09/2023;;@
23/09/2023;;@
24/09/2023;;@
25/09/2023;;@
26/09/2023;;@
27/09/2023;;@
28/09/2023;;@
29/09/2023;;@
30/09/2023;;@
01/10/2023;;@
02/10/2023;;@
03/10/2023;;@
04/10/2023;;@
05/10/2023;;@
06/10/2023;;@
07/10/2023;;@
08/10/2023;;@
09/10/2023;;@
10/10/2023;;@
11/10/2023;;@
12/10/2023;;@
13/10/2023;;@
14/10/2023;;@
15/10/2023;;@
16/10/2023;;@
17/10/2023;;@
18/10/2023;;@
19/10/2023;;@
20/10/2023;;@
21/10/2023;;@
22/10/2023;0,92;V
23/10/2023;0,91;V
24/10/2023;0,93;V
25/10/2023;0,95;V
26/10/2023;0,96;V
27/10/2023;0,99;V
28/10/2023;0,98;V
29/10/2023;0,97;V
30/10/2023;0,99;V
31/10/2023;1,08;V
01/11/2023;1,02;V
02/11/2023;1,41;V
03/11/2023;1,57;V
04/11/2023;1,32;V
05/11/2023;1,59;V
06/11/2023;1,30;V
07/11/2023;1,23;V
08/11/2023;1,19;V
09/11/2023;1,16;V
10/11/2023;1,42;V
11/11/2023;1,45;V
12/11/2023;1,29;V
13/11/2023;1,24;V
14/11/2023;1,21;V
15/11/2023;1,19;V
16/11/2023;1,17;V
17/11/2023;1,17;V
18/11/2023;1,15;V
19/11/2023;1,14;V
20/11/2023;1,14;V
21/11/2023;1,13;V
22/11/2023;1,12;V
23/11/2023;1,11;V
24/11/2023;1,11;V
25/11/2023;1,10;V
26/11/2023;1,10;V
27/11/2023;1,09;V
28/11/2023;1,11;V
29/11/2023;1,10;V
30/11/2023;1,25;V
01/12/2023;1,31;V
02/12/2023;1,40;V
03/12/2023;1,31;V
04/12/2023;1,26;V
05/12/2023;1,51;V
06/12/2023;1,36;V
07/12/2023;1,29;V
08/12/2023;1,25;V
09/12/2023;1,23;V
10/12/2023;1,25;V
11/12/2023;1,27;V
12/12/2023;1,36;V
13/12/2023;1,38;V
14/12/2023;1,35;V
15/12/2023;1,29;V
16/12/2023;1,26;V
17/12/2023;1,24;V
18/12/2023;1,22;V
19/12/2023;1,20;V
20/12/2023;1,19;V
21/12/2023;1,18;V
22/12/2023;1,18;V
23/12/2023;1,16;V
24/12/2023;1,16;V
25/12/2023;1,15;V
26/12/2023;1,14;V
27/12/2023;1,14;V
28/12/2023;1,13;V
29/12/2023;1,13;V
30/12/2023;1,13;V
31/12/2023;1,13;V
01/01/2024;1,15;V
02/01/2024;1,14;V
03/01/2024;1,17;V
04/01/2024;1,16;V
05/01/2024;1,17;V
06/01/2024;1,49;V
07/01/2024;1,40;V
08/01/2024;1,33;V
09/01/2024;1,28;V
10/01/2024;1,25;V
11/01/2024;1,23;V
12/01/2024;1,21;V
13/01/2024;1,20;V
14/01/2024;1,19;V
15/01/2024;1,19;V
16/01/2024;1,17;V
17/01/2024;1,20;V
18/01/2024;1,26;V
19/01/2024;1,22;V
20/01/2024;1,19;V
21/01/2024;1,18;V
22/01/2024;1,18;V
23/01/2024;1,19;V
24/01/2024;1,18;V
25/01/2024;1,17;V
26/01/2024;1,17;V
27/01/2024;1,16;V
28/01/2024;1,15;V
29/01/2024;1,15;V
30/01/2024;1,14;V
31/01/2024;1,14;V
01/02/2024;1,13;V
02/02/2024;1,13;V
03/02/2024;1,13;V
04/02/2024;1,13;V
05/02/2024;1,13;V
06/02/2024;1,12;V
07/02/2024;1,12;V
08/02/2024;1,12;V
09/02/2024;1,12;V
10/02/2024;1,29;V
11/02/2024;1,52;V
12/02/2024;1,37;V
13/02/2024;1,32;V
14/02/2024;1,28;V
15/02/2024;1,26;V
16/02/2024;1,24;V
17/02/2024;1,22;V
18/02/2024;1,20;V
19/02/2024;1,19;V
20/02/2024;1,19;V
21/02/2024;1,18;V
22/02/2024;1,17;V
23/02/2024;1,21;V
24/02/2024;1,29;V
25/02/2024;1,30;V
26/02/2024;1,30;V
27/02/2024;1,65;V
28/02/2024;1,50;V
29/02/2024;1,37;V
01/03/2024;1,38;V
02/03/2024;1,44;V
03/03/2024;1,38;V
04/03/2024;1,41;V
05/03/2024;1,34;V
06/03/2024;1,30;V
07/03/2024;1,27;V
08/03/2024;1,26;V
09/03/2024;1,33;V
10/03/2024;1,44;V
11/03/2024;1,41;V
12/03/2024;1,34;V
13/03/2024;1,30;V
14/03/2024;1,28;V
15/03/2024;1,26;V
16/03/2024;1,25;V
17/03/2024;1,23;V
18/03/2024;1,22;V
19/03/2024;1,22;V
20/03/2024;1,21;V
21/03/2024;1,20;V
22/03/2024;1,20;V
23/03/2024;1,19;V
24/03/2024;1,19;V
25/03/2024;1,20;V
26/03/2024;1,21;V
27/03/2024;1,43;V
28/03/2024;1,45;V
29/03/2024;1,35;V
30/03/2024;1,30;V
31/03/2024;1,27;V
01/04/2024;1,30;V
02/04/2024;1,30;V
03/04/2024;1,27;V
04/04/2024;1,26;V
05/04/2024;1,24;V
06/04/2024;1,23;V
07/04/2024;1,22;V
08/04/2024;1,21;V
09/04/2024;1,20;V
10/04/2024;1,20;V
11/04/2024;1,19;V
12/04/2024;1,18;V
13/04/2024;1,17;V
14/04/2024;1,16;V
15/04/2024;1,15;V
16/04/2024;1,15;V
17/04/2024;1,15;V
18/04/2024;1,15;V
19/04/2024;1,14;V
20/04/2024;1,14;V
21/04/2024;1,13;V
22/04/2024;1,18;V
23/04/2024;1,27;V
24/04/2024;1,24;V
25/04/2024;1,20;V
26/04/2024;1,18;V
27/04/2024;1,18;V
28/04/2024;1,17;V
29/04/2024;1,16;V
30/04/2024;1,15;V
01/05/2024;1,18;V
02/05/2024;1,28;V
03/05/2024;1,31;V
04/05/2024;1,25;V
05/05/2024;1,22;V
06/05/2024;1,20;V
07/05/2024;1,24;V
08/05/2024;1,24;V
09/05/2024;1,21;V
10/05/2024;1,19;V
11/05/2024;1,18;V
12/05/2024;1,17;V
13/05/2024;1,16;V
14/05/2024;1,15;V
15/05/2024;1,15;V
16/05/2024;1,14;V
17/05/2024;1,14;V
18/05/2024;1,13;V
19/05/2024;1,13;V
20/05/2024;1,16;V
21/05/2024;1,29;V
22/05/2024;1,22;V
23/05/2024;1,18;V
24/05/2024;1,16;V
25/05/2024;1,15;V
26/05/2024;1,14;V
27/05/2024;1,13;V
28/05/2024;1,13;V
29/05/2024;1,12;V
30/05/2024;1,12;V
31/05/2024;1,13;V
01/06/2024;1,12;V
02/06/2024;1,11;V
03/06/2024;1,11;V
04/06/2024;1,11;V
05/06/2024;1,10;V
06/06/2024;1,09;V
07/06/2024;1,08;V
08/06/2024;1,08;V
09/06/2024;1,08;V
10/06/2024;1,10;V
11/06/2024;1,08;V
12/06/2024;1,07;V
13/06/2024;1,07;V
14/06/2024;1,07;V
15/06/2024;1,07;V
16/06/2024;1,07;V
17/06/2024;1,07;V
18/06/2024;1,07;V
19/06/2024;1,07;V
20/06/2024;1,07;V
21/06/2024;1,07;V
22/06/2024;1,06;V
23/06/2024;1,07;V
24/06/2024;1,10;V
25/06/2024;1,12;V
26/06/2024;1,09;V
27/06/2024;1,08;V
28/06/2024;1,07;V
29/06/2024;1,07;V
30/06/2024;1,06;V
01/07/2024;1,06;V
02/07/2024;1,06;V
03/07/2024;1,06;V
04/07/2024;1,06;V
05/07/2024;1,05;V
06/07/2024;1,05;V
07/07/2024;1,04;V
08/07/2024;1,04;V
09/07/2024;1,04;V
10/07/2024;1,03;V
11/07/2024;1,03;V
12/07/2024;1,02;V
13/07/2024;1,02;V
14/07/2024;1,02;V
15/07/2024;1,01;V
16/07/2024;1,01;V
17/07/2024;1,00;V
18/07/2024;1,00;V
19/07/2024;1,00;V
20/07/2024;1,00;V
21/07/2024;0,99;V
22/07/2024;0,99;V
23/07/2024;0,99;V
24/07/2024;1,00;V
25/07/2024;1,00;V
26/07/2024;0,99;V
27/07/2024;0,99;V
28/07/2024;0,99;V
29/07/2024;0,99;V
30/07/2024;0,98;V
31/07/2024;0,98;V
01/08/2024;0,98;V
02/08/2024;0,98;V
03/08/2024;0,97;V
04/08/2024;0,97;V
05/08/2024;0,97;V
06/08/2024;0,96;V
07/08/2024;0,96;V
08/08/2024;0,96;V
09/08/2024;0,96;V
10/08/2024;0,94;V
11/08/2024;0,92;V
12/08/2024;0,91;V
13/08/2024;0,89;V
14/08/2024;0,88;V
15/08/2024;0,85;V
16/08/2024;0,82;V
17/08/2024;0,86;V
18/08/2024;0,93;V
19/08/2024;0,96;V
20/08/2024;0,96;V
21/08/2024;0,96;V
22/08/2024;0,95;V
23/08/2024;0,92;V
24/08/2024;0,88;V
25/08/2024;0,83;V
26/08/2024;;@
27/08/2024;;@
28/08/2024;;@
29/08/2024;;@
30/08/2024;;@
31/08/2024;;@
01/09/2024;;@
02/09/2024;;@
03/09/2024;;@
04/09/2024;;@
05/09/2024;;@
06/09/2024;;@
07/09/2024;0,94;V
08/09/2024;0,95;V
09/09/2024;1,06;V
10/09/2024;1,03;V
11/09/2024;1,01;V
12/09/2024;1,01;V
13/09/2024;1,02;V
14/09/2024;1,01;V
15/09/2024;1,00;V
16/09/2024;1,00;V
17/09/2024;1,00;V
18/09/2024;1,01;V
19/09/2024;1,03;V
20/09/2024;1,01;V
21/09/2024;1,00;V
22/09/2024;0,99;V
23/09/2024;0,99;V
24/09/2024;1,01;V
25/09/2024;1,00;V
26/09/2024;0,99;V
27/09/2024;0,99;V
28/09/2024;0,99;V
29/09/2024;0,99;V
30/09/2024;0,99;V
01/10/2024;0,99;V
02/10/2024;1,01;V
03/10/2024;1,21;V
04/10/2024;1,16;V
05/10/2024;1,09;V
06/10/2024;1,07;V
07/10/2024;1,05;V
08/10/2024;1,18;V
09/10/2024;1,24;V
10/10/2024;1,18;V
11/10/2024;1,16;V
12/10/2024;1,12;V
13/10/2024;1,10;V
14/10/2024;1,09;V
15/10/2024;1,07;V
16/10/2024;1,06;V
17/10/2024;1,10;V
18/10/2024;1,61;V
19/10/2024;1,25;V
20/10/2024;1,20;V
21/10/2024;1,16;V
22/10/2024;1,13;V
23/10/2024;1,16;V
24/10/2024;1,23;V
25/10/2024;1,32;V
26/10/2024;1,33;V
27/10/2024;1,25;V
28/10/2024;1,19;V
29/10/2024;1,16;V
30/10/2024;1,14;V
31/10/2024;1,12;V
01/11/2024;1,11;V
02/11/2024;1,10;V
03/11/2024;1,10;V
04/11/2024;1,09;V
05/11/2024;1,08;V
06/11/2024;1,07;V
07/11/2024;1,06;V
08/11/2024;1,06;V
09/11/2024;1,05;V
10/11/2024;1,05;V
11/11/2024;1,04;V
12/11/2024;1,03;V
13/11/2024;1,03;V
14/11/2024;1,03;V
15/11/2024;1,02;V
16/11/2024;1,02;V
17/11/2024;1,03;V
18/11/2024;1,03;V
19/11/2024;1,03;V
20/11/2024;1,35;V
21/11/2024;1,43;V
22/11/2024;1,61;V
23/11/2024;1,30;V
24/11/2024;1,22;V
25/11/2024;1,17;V
26/11/2024;1,15;V
27/11/2024;1,13;V
28/11/2024;1,12;V
29/11/2024;1,11;V
30/11/2024;1,11;V
01/12/2024;1,10;V
02/12/2024;1,09;V
03/12/2024;1,09;V
04/12/2024;1,08;V
05/12/2024;1,08;V
06/12/2024;1,07;V
07/12/2024;1,08;V
08/12/2024;1,38;V
09/12/2024;1,25;V
10/12/2024;1,19;V
11/12/2024;1,16;V
12/12/2024;1,14;V
13/12/2024;1,14;V
14/12/2024;1,17;V
15/12/2024;1,15;V
16/12/2024;1,13;V
17/12/2024;1,13;V
18/12/2024;1,12;V
19/12/2024;1,12;V
20/12/2024;1,27;V
21/12/2024;1,23;V
22/12/2024;1,20;V
23/12/2024;1,22;V
24/12/2024;1,18;V
25/12/2024;1,17;V
26/12/2024;1,15;V
27/12/2024;1,14;V
28/12/2024;1,13;V
29/12/2024;1,13;V
30/12/2024;1,12;V
31/12/2024;1,12;V
01/01/2025;1,11;V
02/01/2025;1,11;V
03/01/2025;1,36;V
04/01/2025;1,28;V
05/01/2025;1,26;V
06/01/2025;1,25;V
07/01/2025;1,24;V
08/01/2025;1,25;V
09/01/2025;1,24;V
10/01/2025;1,24;V
11/01/2025;1,22;V
12/01/2025;1,19;V
13/01/2025;1,17;V
14/01/2025;1,16;V
15/01/2025;1,15;V
16/01/2025;1,14;V
17/01/2025;1,14;V
18/01/2025;1,13;V
19/01/2025;1,13;V
20/01/2025;1,12;V
21/01/2025;1,12;V
22/01/2025;1,13;V
23/01/2025;1,25;V
24/01/2025;1,28;V
25/01/2025;1,22;V
26/01/2025;1,26;V
27/01/2025;1,24;V
28/01/2025;1,62;V
29/01/2025;1,51;V
30/01/2025;1,36;V
31/01/2025;1,35;V
01/02/2025;1,67;V
02/02/2025;1,36;V
03/02/2025;1,28;V
04/02/2025;1,23;V
05/02/2025;1,19;V
06/02/2025;1,17;V
07/02/2025;1,15;V
08/02/2025;1,13;V
09/02/2025;1,18;V
10/02/2025;1,14;V
11/02/2025;1,13;V
12/02/2025;1,19;V
13/02/2025;1,21;V
14/02/2025;1,69;V
15/02/2025;1,37;V
16/02/2025;1,26;V
17/02/2025;1,21;V
18/02/2025;1,17;V
19/02/2025;1,14;V
20/02/2025;1,12;V
21/02/2025;1,11;V
22/02/2025;1,10;V
23/02/2025;1,10;V
24/02/2025;1,23;V
25/02/2025;1,23;V
26/02/2025;1,33;V
27/02/2025;1,25;V
28/02/2025;1,19;V
01/03/2025;1,16;V
02/03/2025;1,13;V
03/03/2025;1,12;V
04/03/2025;1,10;V
05/03/2025;1,09;V
06/03/2025;1,08;V
07/03/2025;1,07;V
08/03/2025;1,06;V
09/03/2025;1,05;V
10/03/2025;1,12;V
11/03/2025;1,09;V
12/03/2025;1,33;V
13/03/2025;1,60;V
14/03/2025;2,77;V
15/03/2025;1,68;V
16/03/2025;1,51;V
17/03/2025;1,41;V
18/03/2025;1,36;V
19/03/2025;1,31;V
20/03/2025;1,28;V
21/03/2025;1,26;V
22/03/2025;1,29;V
23/03/2025;1,30;V
24/03/2025;1,26;V
25/03/2025;1,24;V
26/03/2025;1,23;V
27/03/2025;1,21;V
28/03/2025;1,20;V
29/03/2025;1,19;V
30/03/2025;1,18;V
31/03/2025;1,16;V
01/04/2025;1,15;V
02/04/2025;1,15;V
03/04/2025;1,14;V
04/04/2025;1,13;V
05/04/2025;1,13;V
06/04/2025;1,12;V
07/04/2025;1,11;V
08/04/2025;1,11;V
09/04/2025;1,10;V
10/04/2025;1,10;V
11/04/2025;1,10;V
12/04/2025;1,09;V
13/04/2025;1,10;V
14/04/2025;1,25;V
15/04/2025;1,66;V
16/04/2025;1,38;V
17/04/2025;1,38;V
18/04/2025;1,46;V
19/04/2025;1,35;V
20/04/2025;1,29;V
21/04/2025;1,26;V
22/04/2025;1,23;V
23/04/2025;1,21;V
24/04/2025;1,20;V
25/04/2025;1,18;V
26/04/2025;1,17;V
27/04/2025;1,15;V
28/04/2025;1,14;V
29/04/2025;1,13;V
30/04/2025;1,12;V
01/05/2025;1,11;V
02/05/2025;1,10;V
03/05/2025;1,10;V
04/05/2025;1,09;V
05/05/2025;1,24;V
06/05/2025;1,24;V
07/05/2025;1,16;V
08/05/2025;1,14;V
09/05/2025;1,12;V
10/05/2025;1,11;V
11/05/2025;1,11;V
12/05/2025;1,10;V
13/05/2025;1,09;V
14/05/2025;1,09;V
15/05/2025;1,08;V
16/05/2025;1,17;V
17/05/2025;1,11;V
18/05/2025;1,09;V
19/05/2025;1,08;V
20/05/2025;1,08;V
21/05/2025;1,09;V
22/05/2025;1,08;V
23/05/2025;1,07;V
24/05/2025;1,06;V
25/05/2025;1,06;V
26/05/2025;1,05;V
27/05/2025;1,05;V
28/05/2025;1,04;V
29/05/2025;1,04;V
30/05/2025;1,03;V
31/05/2025;1,03;V
01/06/2025;1,03;V
02/06/2025;1,02;V
03/06/2025;1,02;V
04/06/2025;1,02;V
05/06/2025;1,01;V
06/06/2025;1,01;V
07/06/2025;1,01;V
08/06/2025;1,01;V
09/06/2025;1,01;V
10/06/2025;1,01;V
11/06/2025;1,00;V
12/06/2025;1,00;V
13/06/2025;1,00;V
14/06/2025;1,00;V
15/06/2025;0,99;V
16/06/2025;0,99;V
17/06/2025;1,00;V
18/06/2025;1,00;V
19/06/2025;0,99;V
20/06/2025;0,99;V
21/06/2025;0,99;V
22/06/2025;0,99;V
23/06/2025;0,99;V
24/06/2025;0,99;V
25/06/2025;0,99;V
26/06/2025;0,99;V
27/06/2025;0,99;V
28/06/2025;0,98;V
29/06/2025;0,98;V
30/06/2025;0,98;V
01/07/2025;0,98;V
02/07/2025;0,98;V
03/07/2025;0,99;V
04/07/2025;0,98;V
05/07/2025;0,98;V
06/07/2025;0,98;V
07/07/2025;0,98;V
08/07/2025;0,98;V
09/07/2025;0,98;V
10/07/2025;0,98;V
11/07/2025;0,97;V
12/07/2025;0,97;V
13/07/2025;0,96;V
14/07/2025;0,96;V
15/07/2025;0,96;V
16/07/2025;0,96;V
17/07/2025;0,96;V
18/07/2025;0,95;V
19/07/2025;0,95;V
20/07/2025;0,95;V
21/07/2025;0,95;V
22/07/2025;0,94;V
23/07/2025;0,94;V
24/07/2025;0,94;V
25/07/2025;0,94;V
26/07/2025;0,95;V
27/07/2025;0,94;V
28/07/2025;0,96;V
29/07/2025;0,95;V
30/07/2025;0,95;V
31/07/2025;0,95;V
01/08/2025;0,94;V
02/08/2025;0,94;V
03/08/2025;0,93;V
04/08/2025;0,93;V
05/08/2025;0,93;V
06/08/2025;0,93;V
07/08/2025;0,92;V
08/08/2025;0,92;V
09/08/2025;0,92;V
10/08/2025;0,92;V
11/08/2025;0,91;V
12/08/2025;0,91;V
13/08/2025;0,90;V
14/08/2025;0,89;V
15/08/2025;0,88;V
16/08/2025;0,86;V
17/08/2025;0,82;V
18/08/2025;0,81;V
19/08/2025;0,79;V
20/08/2025;0,86;V
21/08/2025;0,95;V
22/08/2025;0,95;V
23/08/2025;0,93;V
24/08/2025;0,92;V
25/08/2025;0,93;V
26/08/2025;0,92;V
27/08/2025;0,92;V
28/08/2025;0,93;V
29/08/2025;0,94;V
30/08/2025;0,93;V
31/08/2025;0,93;V
01/09/2025;0,92;V
02/09/2025;0,94;V
03/09/2025;0,93;V
04/09/2025;0,92;V
05/09/2025;0,92;V
06/09/2025;0,91;V
07/09/2025;0,91;V
08/09/2025;0,91;V
09/09/2025;0,92;V
10/09/2025;0,99;V
11/09/2025;0,98;V
12/09/2025;0,97;V
13/09/2025;0,97;V
14/09/2025;0,97;V
15/09/2025;0,96;V
16/09/2025;0,96;V
17/09/2025;0,95;V
18/09/2025;0,95;V
19/09/2025;0,94;V
20/09/2025;0,95;V
21/09/2025;0,94;V
22/09/2025;1,02;V
23/09/2025;1,03;V
24/09/2025;0,99;V
25/09/2025;0,98;V
26/09/2025;0,98;V
27/09/2025;0,98;V
28/09/2025;0,98;V
29/09/2025;0,97;V
30/09/2025;0,97;V
01/10/2025;0,97;V
02/10/2025;0,96;V
03/10/2025;0,96;V
04/10/2025;0,96;V
05/10/2025;0,97;V
06/10/2025;0,97;V
07/10/2025;0,96;V
08/10/2025;0,96;V
09/10/2025;0,96;V
10/10/2025;0,96;V
11/10/2025;0,96;V
12/10/2025;0,96;V
13/10/2025;0,96;V
14/10/2025;0,96;V
15/10/2025;0,96;V
16/10/2025;0,96;V
17/10/2025;0,95;V
18/10/2025;0,95;V
19/10/2025;0,96;V
20/10/2025;0,96;V
21/10/2025;0,98;V
22/10/2025;1,02;V
23/10/2025;1,30;V
24/10/2025;1,18;V
25/10/2025;1,09;V
26/10/2025;1,11;V
27/10/2025;1,09;V
28/10/2025;1,06;V
29/10/2025;1,04;V
30/10/2025;1,22;V
31/10/2025;1,35;V
01/11/2025;1,22;V
02/11/2025;1,16;V
03/11/2025;1,21;V
04/11/2025;1,15;V
05/11/2025;1,13;V
06/11/2025;1,12;V
07/11/2025;1,11;V
08/11/2025;1,10;V
09/11/2025;1,09;V
10/11/2025;1,09;V
11/11/2025;1,08;V
12/11/2025;1,08;V
13/11/2025;1,07;V
14/11/2025;1,07;V
15/11/2025;1,07;V
16/11/2025;1,07;V
17/11/2025;1,25;V
18/11/2025;1,29;V
19/11/2025;1,21;V
20/11/2025;1,23;V
21/11/2025;1,20;V
22/11/2025;1,25;V
23/11/2025;1,20;V
24/11/2025;1,32;V
25/11/2025;1,51;V
26/11/2025;1,31;V
27/11/2025;1,24;V
28/11/2025;1,20;V
29/11/2025;1,18;V
30/11/2025;1,16;V
01/12/2025;1,15;V
02/12/2025;1,15;V
03/12/2025;1,14;V
04/12/2025;1,13;V
05/12/2025;1,12;V
06/12/2025;1,12;V
07/12/2025;1,11;V
08/12/2025;1,11;V
09/12/2025;1,10;V
10/12/2025;1,11;V
11/12/2025;1,10;V
12/12/2025;1,10;V
13/12/2025;1,10;V
14/12/2025;1,09;V
15/12/2025;1,09;V
16/12/2025;1,10;V
17/12/2025;1,19;V
18/12/2025;1,22;V
19/12/2025;1,20;V
20/12/2025;1,19;V
21/12/2025;1,17;V
22/12/2025;1,16;V
23/12/2025;1,17;V
24/12/2025;1,32;V
25/12/2025;1,31;V
26/12/2025;1,27;V
27/12/2025;1,23;V
28/12/2025;1,21;V
29/12/2025;1,19;V
30/12/2025;1,18;V
31/12/2025;1,16;V
01/01/2026;1,15;P
02/01/2026;1,24;P
03/01/2026;1,22;P
04/01/2026;1,19;P
05/01/2026;1,18;P
06/01/2026;1,18;P
07/01/2026;1,17;P
08/01/2026;1,16;P
09/01/2026;1,39;P
10/01/2026;1,42;P
11/01/2026;1,31;P
12/01/2026;1,26;P
13/01/2026;1,24;P
14/01/2026;1,24;P
15/01/2026;1,22;P
16/01/2026;1,21;P
17/01/2026;1,20;P
18/01/2026;1,19;P
19/01/2026;1,18;P
20/01/2026;1,17;P
21/01/2026;1,16;P
22/01/2026;1,16;P
23/01/2026;1,15;P
24/01/2026;1,45;P
25/01/2026;1,64;P
26/01/2026;1,44;P
27/01/2026;1,35;P
28/01/2026;1,54;P
29/01/2026;1,46;P
30/01/2026;1,38;P
31/01/2026;1,32;P
01/02/2026;1,28;P
02/02/2026;1,25;P
03/02/2026;1,37;P
04/02/2026;1,53;P
05/02/2026;1,45;P
06/02/2026;1,51;P
07/02/2026;1,42;P
08/02/2026;1,37;P
09/02/2026;1,32;P
10/02/2026;1,29;P
11/02/2026;1,42;P
12/02/2026;1,44;P
13/02/2026;1,38;P
14/02/2026;1,38;P
15/02/2026;1,36;P
16/02/2026;1,35;P
17/02/2026;1,33;P
18/02/2026;1,29;P
19/02/2026;1,29;P
20/02/2026;1,27;P
21/02/2026;1,25;P
22/02/2026;1,23;P
23/02/2026;1,22;P
24/02/2026;1,21;P
25/02/2026;1,19;P
26/02/2026;1,18;P
27/02/2026;1,18;P
28/02/2026;1,17;P
01/03/2026;1,16;P
02/03/2026;1,15;P
03/03/2026;1,15;P
04/03/2026;1,14;P
05/03/2026;1,14;P
06/03/2026;1,13;P
07/03/2026;1,13;P
08/03/2026;1,13;P
09/03/2026;1,13;P
10/03/2026;1,12;P
11/03/2026;1,12;P
12/03/2026;1,35;P
13/03/2026;1,27;P
14/03/2026;1,23;P
15/03/2026;1,20;P
16/03/2026;1,18;P
17/03/2026;1,17;P
18/03/2026;1,16;P
19/03/2026;1,15;P
20/03/2026;1,14;P
21/03/2026;1,14;P
22/03/2026;1,13;P
23/03/2026;1,13;P
24/03/2026;1,13;P
25/03/2026;1,12;P
26/03/2026;1,25;P
27/03/2026;1,21;P
28/03/2026;1,17;P
29/03/2026;1,16;P
30/03/2026;1,15;P
31/03/2026;1,15;P
01/04/2026;1,14;P
02/04/2026;1,14;P
03/04/2026;1,13;P
04/04/2026;1,13;P
05/04/2026;1,12;P
06/04/2026;1,12;P
07/04/2026;1,12;P
08/04/2026;1,11;P
09/04/2026;1,11;P
10/04/2026;1,11;P
11/04/2026;1,10;P
12/04/2026;1,10;P
13/04/2026;1,10;P
14/04/2026;1,11;P
15/04/2026;1,10;P
16/04/2026;1,10;P
17/04/2026;1,09;P
18/04/2026;1,09;P
19/04/2026;1,09;P
20/04/2026;1,08;P
21/04/2026;1,09;P
22/04/2026;1,08;P
23/04/2026;1,08;P
24/04/2026;1,08;P
25/04/2026;1,08;P
26/04/2026;1,07;P
27/04/2026;1,07;P
28/04/2026;1,07;P
29/04/2026;1,07;P
30/04/2026;1,06;P
01/05/2026;1,06;P
02/05/2026;1,06;P
03/05/2026;1,06;P
04/05/2026;1,06;P
05/05/2026;1,12;P
06/05/2026;1,55;P
07/05/2026;1,38;P
08/05/2026;1,25;P
09/05/2026;1,19;P
10/05/2026;1,17;P
11/05/2026;1,18;P
12/05/2026;1,20;P
13/05/2026;1,21;P
14/05/2026;1,23;P
15/05/2026;1,21;P
16/05/2026;1,25;P
17/05/2026;1,23;P
18/05/2026;1,19;P
19/05/2026;1,16;P
20/05/2026;1,15;P
21/05/2026;1,13;P
22/05/2026;1,12;P
23/05/2026;1,11;P
24/05/2026;1,11;P
25/05/2026;1,10;P
26/05/2026;1,10;P
27/05/2026;1,09;P
28/05/2026;1,09;P
29/05/2026;1,09;P
30/05/2026;1,08;P
31/05/2026;1,07;P
01/06/2026;1,07;P
02/06/2026;1,07;P
03/06/2026;1,10;P
04/06/2026;1,07;P
05/06/2026;1,06;P
06/06/2026;1,06;P
07/06/2026;1,06;P
08/06/2026;1,05;P
09/06/2026;1,05;P
10/06/2026;1,05;P
11/06/2026;1,05;P
