"Stazione";"Firenze Uffizi 2"
"Codice";"TOS15004682"
"Comune";"Firenze"
"Provincia";"FI"
"GB [m]";"E";1681523;"N";4848552
"WGS84 [°]";"Lat";43.768;"Lon";11.255
"Quota [m]";40,58

;;;ATTENZIONE i dati sono nel fomato csv ed utilizzano
;;;come separatore di colonna il "punto e virgola" e
;;;come separatore decimale la "virgola"
;;;verificare le proprie impostazioni internazionali per una corretta visulizzazione.
;;;Il valore contrassegnato con N corrisponde al dato non validato
;;;Il valore contrassegnato con R corrisponde al dato ricostruito
;;;Il valore contrassegnato con I corrisponde al dato incerto
;;;Il valore contrassegnato con @ corrisponde al dato mancante
;;;Il valore contrassegnato con V corrisponde al dato validato
;;;Il valore contrassegnato con P corrisponde al dato prevalidato soggetto ad eventuali modifiche
;;;(consultare la sezione Criteri di validazione)

"gg/mm/aaaa";"Livello [m]";"Tipo Dato"
01/01/2007;2,21;P
02/01/2007;2,21;P
03/01/2007;2,21;P
04/01/2007;2,21;P
05/01/2007;2,21;P
06/01/2007;2,21;P
07/01/2007;2,21;P
08/01/2007;2,21;P
09/01/2007;2,21;P
10/01/2007;2,21;P
11/01/2007;2,21;P
12/01/2007;2,21;P
13/01/2007;2,21;P
14/01/2007;2,21;P
15/01/2007;2,21;P
16/01/2007;2,21;P
17/01/2007;2,21;P
18/01/2007;2,21;P
19/01/2007;2,21;P
20/01/2007;2,21;P
21/01/2007;2,21;P
22/01/2007;2,21;P
23/01/2007;2,21;P
24/01/2007;2,21;P
25/01/2007;2,21;P
26/01/2007;2,21;P
27/01/2007;2,21;P
28/01/2007;2,21;P
29/01/2007;2,21;P
30/01/2007;2,22;P
31/01/2007;2,22;P
01/02/2007;2,22;P
02/02/2007;2,23;P
03/02/2007;2,23;P
04/02/2007;2,23;P
05/02/2007;2,23;P
06/02/2007;2,23;P
07/02/2007;2,23;P
08/02/2007;2,23;P
09/02/2007;2,23;P
10/02/2007;2,23;P
11/02/2007;2,23;P
12/02/2007;2,23;P
13/02/2007;2,23;P
14/02/2007;2,23;P
15/02/2007;2,23;P
16/02/2007;2,23;P
17/02/2007;2,23;P
18/02/2007;2,23;P
19/02/2007;2,23;P
20/02/2007;2,23;P
21/02/2007;2,23;P
22/02/2007;2,23;P
23/02/2007;2,23;P
24/02/2007;2,23;P
25/02/2007;2,23;P
26/02/2007;2,23;P
27/02/2007;2,23;P
28/02/2007;2,23;P
01/03/2007;2,23;P
02/03/2007;2,23;P
03/03/2007;2,23;P
04/03/2007;2,23;P
05/03/2007;2,23;P
06/03/2007;2,23;P
07/03/2007;2,23;P
08/03/2007;2,23;P
09/03/2007;2,23;P
10/03/2007;2,23;P
11/03/2007;2,23;P
12/03/2007;2,23;P
13/03/2007;2,23;P
14/03/2007;2,23;P
15/03/2007;2,24;P
16/03/2007;2,24;P
17/03/2007;2,24;P
18/03/2007;2,24;P
19/03/2007;2,23;P
20/03/2007;2,23;P
21/03/2007;2,23;P
22/03/2007;2,23;P
23/03/2007;2,23;P
24/03/2007;2,23;P
25/03/2007;2,23;P
26/03/2007;2,23;P
27/03/2007;2,23;P
28/03/2007;2,23;P
29/03/2007;2,23;P
30/03/2007;2,23;P
31/03/2007;2,23;P
01/04/2007;2,24;P
02/04/2007;2,24;P
03/04/2007;2,24;P
04/04/2007;2,23;P
05/04/2007;2,24;P
06/04/2007;2,24;P
07/04/2007;2,24;P
08/04/2007;2,24;P
09/04/2007;2,24;P
10/04/2007;2,24;P
11/04/2007;2,24;P
12/04/2007;2,24;P
13/04/2007;2,24;P
14/04/2007;2,24;P
15/04/2007;2,24;P
16/04/2007;2,24;P
17/04/2007;2,24;P
18/04/2007;2,24;P
19/04/2007;2,24;P
20/04/2007;2,24;P
21/04/2007;2,24;P
22/04/2007;2,24;P
23/04/2007;2,24;P
24/04/2007;2,24;P
25/04/2007;2,24;P
26/04/2007;2,24;P
27/04/2007;2,24;P
28/04/2007;2,24;P
29/04/2007;2,24;P
30/04/2007;2,23;P
01/05/2007;2,23;P
02/05/2007;2,23;P
03/05/2007;2,23;P
04/05/2007;2,23;P
05/05/2007;2,23;P
06/05/2007;2,23;P
07/05/2007;2,24;P
08/05/2007;2,24;P
09/05/2007;2,24;P
10/05/2007;2,23;P
11/05/2007;2,24;P
12/05/2007;2,23;P
13/05/2007;2,23;P
14/05/2007;2,23;P
15/05/2007;2,23;P
16/05/2007;2,23;P
17/05/2007;2,23;P
18/05/2007;2,23;P
19/05/2007;2,23;P
20/05/2007;2,23;P
21/05/2007;2,23;P
22/05/2007;2,23;P
23/05/2007;2,23;P
24/05/2007;2,23;P
25/05/2007;2,23;P
26/05/2007;2,23;P
27/05/2007;2,23;P
28/05/2007;2,23;P
29/05/2007;2,23;P
30/05/2007;2,23;P
31/05/2007;2,23;P
01/06/2007;2,23;P
02/06/2007;2,23;P
03/06/2007;2,23;P
04/06/2007;2,23;P
05/06/2007;2,23;P
06/06/2007;2,23;P
07/06/2007;2,23;P
08/06/2007;2,23;P
09/06/2007;2,23;P
10/06/2007;2,23;P
11/06/2007;2,23;P
12/06/2007;2,23;P
13/06/2007;2,23;P
14/06/2007;2,23;P
15/06/2007;2,23;P
16/06/2007;2,23;P
17/06/2007;2,23;P
18/06/2007;2,22;P
19/06/2007;2,22;P
20/06/2007;2,21;P
21/06/2007;2,21;P
22/06/2007;2,21;P
23/06/2007;2,21;P
24/06/2007;2,21;P
25/06/2007;2,21;P
26/06/2007;2,21;P
27/06/2007;2,22;P
28/06/2007;2,21;P
29/06/2007;2,21;P
30/06/2007;2,21;P
01/07/2007;2,21;P
02/07/2007;2,21;P
03/07/2007;2,21;P
04/07/2007;2,21;P
05/07/2007;2,21;P
06/07/2007;2,21;P
07/07/2007;2,21;P
08/07/2007;2,21;P
09/07/2007;2,21;P
10/07/2007;2,21;P
11/07/2007;2,20;P
12/07/2007;2,20;P
13/07/2007;2,20;P
14/07/2007;2,20;P
15/07/2007;2,20;P
16/07/2007;2,20;P
17/07/2007;2,20;P
18/07/2007;2,20;P
19/07/2007;2,20;P
20/07/2007;2,20;P
21/07/2007;2,19;P
22/07/2007;2,19;P
23/07/2007;2,19;P
24/07/2007;2,20;P
25/07/2007;2,20;P
26/07/2007;2,19;P
27/07/2007;2,19;P
28/07/2007;2,19;P
29/07/2007;2,19;P
30/07/2007;2,19;P
31/07/2007;2,19;P
01/08/2007;2,19;P
02/08/2007;2,19;P
03/08/2007;2,20;P
04/08/2007;2,20;P
05/08/2007;2,20;P
06/08/2007;2,20;P
07/08/2007;2,20;P
08/08/2007;2,20;P
09/08/2007;2,20;P
10/08/2007;2,20;P
11/08/2007;2,20;P
12/08/2007;2,19;P
13/08/2007;2,20;P
14/08/2007;2,20;P
15/08/2007;2,21;P
16/08/2007;2,20;P
17/08/2007;2,20;P
18/08/2007;2,20;P
19/08/2007;2,20;P
20/08/2007;2,20;P
21/08/2007;2,20;P
22/08/2007;2,20;P
23/08/2007;2,20;P
24/08/2007;2,19;P
25/08/2007;2,20;P
26/08/2007;2,20;P
27/08/2007;2,20;P
28/08/2007;2,20;P
29/08/2007;2,20;P
30/08/2007;2,20;P
31/08/2007;2,20;P
01/09/2007;2,20;P
02/09/2007;2,20;P
03/09/2007;2,20;P
04/09/2007;2,20;P
05/09/2007;2,21;P
06/09/2007;2,21;P
07/09/2007;2,20;P
08/09/2007;2,21;P
09/09/2007;2,20;P
10/09/2007;2,20;P
11/09/2007;2,20;P
12/09/2007;2,20;P
13/09/2007;2,20;P
14/09/2007;2,20;P
15/09/2007;2,20;P
16/09/2007;2,20;P
17/09/2007;2,20;P
18/09/2007;2,19;P
19/09/2007;2,20;P
20/09/2007;2,20;P
21/09/2007;;@
22/09/2007;;@
23/09/2007;;@
24/09/2007;;@
25/09/2007;;@
26/09/2007;;@
27/09/2007;;@
28/09/2007;;@
29/09/2007;;@
30/09/2007;;@
01/10/2007;;@
02/10/2007;;@
03/10/2007;;@
04/10/2007;;@
05/10/2007;;@
06/10/2007;;@
07/10/2007;;@
08/10/2007;;@
09/10/2007;;@
10/10/2007;;@
11/10/2007;;@
12/10/2007;;@
13/10/2007;;@
14/10/2007;;@
15/10/2007;;@
16/10/2007;;@
17/10/2007;;@
18/10/2007;;@
19/10/2007;;@
20/10/2007;;@
21/10/2007;;@
22/10/2007;;@
23/10/2007;;@
24/10/2007;;@
25/10/2007;;@
26/10/2007;;@
27/10/2007;;@
28/10/2007;;@
29/10/2007;;@
30/10/2007;;@
31/10/2007;;@
01/11/2007;;@
02/11/2007;;@
03/11/2007;;@
04/11/2007;;@
05/11/2007;;@
06/11/2007;;@
07/11/2007;;@
08/11/2007;;@
09/11/2007;;@
10/11/2007;;@
11/11/2007;;@
12/11/2007;;@
13/11/2007;;@
14/11/2007;;@
15/11/2007;;@
16/11/2007;;@
17/11/2007;;@
18/11/2007;;@
19/11/2007;;@
20/11/2007;;@
21/11/2007;;@
22/11/2007;;@
23/11/2007;;@
24/11/2007;;@
25/11/2007;;@
26/11/2007;;@
27/11/2007;;@
28/11/2007;;@
29/11/2007;;@
30/11/2007;;@
01/12/2007;;@
02/12/2007;;@
03/12/2007;;@
04/12/2007;;@
05/12/2007;;@
06/12/2007;;@
07/12/2007;;@
08/12/2007;;@
09/12/2007;;@
10/12/2007;;@
11/12/2007;;@
12/12/2007;;@
13/12/2007;;@
14/12/2007;;@
15/12/2007;;@
16/12/2007;;@
17/12/2007;;@
18/12/2007;;@
19/12/2007;;@
20/12/2007;;@
21/12/2007;;@
22/12/2007;;@
23/12/2007;;@
24/12/2007;;@
25/12/2007;;@
26/12/2007;;@
27/12/2007;;@
28/12/2007;;@
29/12/2007;;@
30/12/2007;;@
31/12/2007;;@
01/01/2012;;@
02/01/2012;;@
03/01/2012;;@
04/01/2012;;@
05/01/2012;;@
06/01/2012;;@
07/01/2012;;@
08/01/2012;;@
09/01/2012;;@
10/01/2012;;@
11/01/2012;;@
12/01/2012;;@
13/01/2012;;@
14/01/2012;;@
15/01/2012;;@
16/01/2012;;@
17/01/2012;;@
18/01/2012;;@
19/01/2012;;@
20/01/2012;;@
21/01/2012;;@
22/01/2012;;@
23/01/2012;;@
24/01/2012;;@
25/01/2012;;@
26/01/2012;;@
27/01/2012;;@
28/01/2012;;@
29/01/2012;;@
30/01/2012;;@
31/01/2012;;@
01/02/2012;;@
02/02/2012;;@
03/02/2012;;@
04/02/2012;;@
05/02/2012;;@
06/02/2012;;@
07/02/2012;;@
08/02/2012;;@
09/02/2012;;@
10/02/2012;;@
11/02/2012;;@
12/02/2012;;@
13/02/2012;;@
14/02/2012;;@
15/02/2012;;@
16/02/2012;;@
17/02/2012;;@
18/02/2012;;@
19/02/2012;;@
20/02/2012;;@
21/02/2012;;@
22/02/2012;;@
23/02/2012;;@
24/02/2012;;@
25/02/2012;;@
26/02/2012;;@
27/02/2012;;@
28/02/2012;;@
29/02/2012;;@
01/03/2012;2,22;P
02/03/2012;2,22;P
03/03/2012;2,22;P
04/03/2012;2,22;P
05/03/2012;2,22;P
06/03/2012;2,22;P
07/03/2012;2,22;P
08/03/2012;2,22;P
09/03/2012;2,22;P
10/03/2012;2,22;P
11/03/2012;2,22;P
12/03/2012;2,22;P
13/03/2012;2,22;P
14/03/2012;2,22;P
15/03/2012;2,22;P
16/03/2012;2,22;P
17/03/2012;2,22;P
18/03/2012;2,22;P
19/03/2012;2,22;P
20/03/2012;2,22;P
21/03/2012;2,22;P
22/03/2012;2,22;P
23/03/2012;2,22;P
24/03/2012;2,22;P
25/03/2012;2,22;P
26/03/2012;2,22;P
27/03/2012;2,22;P
28/03/2012;2,22;P
29/03/2012;2,22;P
30/03/2012;2,22;P
31/03/2012;2,22;P
01/04/2012;2,24;P
02/04/2012;2,23;P
03/04/2012;2,24;P
04/04/2012;2,24;P
05/04/2012;2,24;P
06/04/2012;2,24;P
07/04/2012;2,24;P
08/04/2012;2,24;P
09/04/2012;2,24;P
10/04/2012;2,24;P
11/04/2012;2,24;P
12/04/2012;2,24;P
13/04/2012;2,24;P
14/04/2012;2,24;P
15/04/2012;2,24;P
16/04/2012;2,24;P
17/04/2012;2,24;P
18/04/2012;2,24;P
19/04/2012;2,24;P
20/04/2012;2,24;P
21/04/2012;2,24;P
22/04/2012;2,24;P
23/04/2012;2,24;P
24/04/2012;2,24;P
25/04/2012;2,24;P
26/04/2012;2,24;P
27/04/2012;2,24;P
28/04/2012;2,24;P
29/04/2012;2,24;P
30/04/2012;2,24;P
01/05/2012;2,24;P
02/05/2012;2,24;P
03/05/2012;2,24;P
04/05/2012;2,24;P
05/05/2012;2,24;P
06/05/2012;2,24;P
07/05/2012;2,24;P
08/05/2012;2,24;P
09/05/2012;2,24;P
10/05/2012;2,24;P
11/05/2012;2,24;P
12/05/2012;2,24;P
13/05/2012;2,24;P
14/05/2012;2,24;P
15/05/2012;2,24;P
16/05/2012;2,24;P
17/05/2012;2,24;P
18/05/2012;2,24;P
19/05/2012;2,24;P
20/05/2012;2,23;P
21/05/2012;2,24;P
22/05/2012;2,24;P
23/05/2012;2,24;P
24/05/2012;2,24;P
25/05/2012;2,25;P
26/05/2012;2,25;P
27/05/2012;2,24;P
28/05/2012;2,25;P
29/05/2012;2,25;P
30/05/2012;2,25;P
31/05/2012;2,25;P
01/06/2012;2,25;P
02/06/2012;2,25;P
03/06/2012;2,25;P
04/06/2012;2,25;P
05/06/2012;2,25;P
06/06/2012;2,25;P
07/06/2012;2,25;P
08/06/2012;2,25;P
09/06/2012;2,25;P
10/06/2012;2,25;P
11/06/2012;2,25;P
12/06/2012;2,25;P
13/06/2012;2,25;P
14/06/2012;2,25;P
15/06/2012;2,25;P
16/06/2012;2,25;P
17/06/2012;2,25;P
18/06/2012;2,25;P
19/06/2012;2,25;P
20/06/2012;2,26;P
21/06/2012;2,25;P
22/06/2012;2,25;P
23/06/2012;2,26;P
24/06/2012;2,26;P
25/06/2012;2,26;P
26/06/2012;2,26;P
27/06/2012;2,26;P
28/06/2012;2,26;P
29/06/2012;2,25;P
30/06/2012;2,25;P
01/07/2012;2,25;P
02/07/2012;2,25;P
03/07/2012;2,25;P
04/07/2012;2,25;P
05/07/2012;2,25;P
06/07/2012;2,25;P
07/07/2012;2,25;P
08/07/2012;2,25;P
09/07/2012;2,25;P
10/07/2012;2,25;P
11/07/2012;2,25;P
12/07/2012;2,25;P
13/07/2012;2,25;P
14/07/2012;2,25;P
15/07/2012;2,25;P
16/07/2012;2,25;P
17/07/2012;2,25;P
18/07/2012;2,26;P
19/07/2012;2,25;P
20/07/2012;2,25;P
21/07/2012;2,25;P
22/07/2012;2,26;P
23/07/2012;2,25;P
24/07/2012;2,25;P
25/07/2012;2,25;P
26/07/2012;2,25;P
27/07/2012;2,26;P
28/07/2012;2,26;P
29/07/2012;2,26;P
30/07/2012;2,26;P
31/07/2012;2,26;P
01/08/2012;2,26;P
02/08/2012;2,26;P
03/08/2012;2,26;P
04/08/2012;2,26;P
05/08/2012;2,26;P
06/08/2012;2,26;P
07/08/2012;2,27;P
08/08/2012;2,26;P
09/08/2012;2,27;P
10/08/2012;2,27;P
11/08/2012;2,27;P
12/08/2012;2,26;P
13/08/2012;2,27;P
14/08/2012;2,27;P
15/08/2012;2,27;P
16/08/2012;2,27;P
17/08/2012;2,27;P
18/08/2012;2,27;P
19/08/2012;2,28;P
20/08/2012;2,28;P
21/08/2012;2,28;P
22/08/2012;2,28;P
23/08/2012;2,28;P
24/08/2012;2,28;P
25/08/2012;2,28;P
26/08/2012;2,28;P
27/08/2012;2,28;P
28/08/2012;2,29;P
29/08/2012;2,29;P
30/08/2012;2,28;P
31/08/2012;2,29;P
01/09/2012;2,32;P
02/09/2012;2,31;P
03/09/2012;2,31;P
04/09/2012;2,30;P
05/09/2012;2,30;P
06/09/2012;2,30;P
07/09/2012;2,30;P
08/09/2012;2,31;P
09/09/2012;2,32;P
10/09/2012;2,33;P
11/09/2012;2,33;P
12/09/2012;2,35;P
13/09/2012;2,34;P
14/09/2012;2,32;P
15/09/2012;2,33;P
16/09/2012;2,33;P
17/09/2012;2,34;P
18/09/2012;2,34;P
19/09/2012;2,31;P
20/09/2012;2,33;P
21/09/2012;2,33;P
22/09/2012;2,33;P
23/09/2012;2,36;P
24/09/2012;2,38;P
25/09/2012;2,37;P
26/09/2012;2,35;P
27/09/2012;2,34;P
28/09/2012;2,34;P
29/09/2012;2,33;P
30/09/2012;2,32;P
01/10/2012;2,32;P
02/10/2012;2,32;P
03/10/2012;2,32;P
04/10/2012;2,31;P
05/10/2012;2,32;P
06/10/2012;2,34;P
07/10/2012;2,33;P
08/10/2012;2,32;P
09/10/2012;2,32;P
10/10/2012;2,30;P
11/10/2012;2,31;P
12/10/2012;2,30;P
13/10/2012;2,30;P
14/10/2012;2,30;P
15/10/2012;2,30;P
16/10/2012;2,28;P
17/10/2012;2,33;P
18/10/2012;2,34;P
19/10/2012;2,35;P
20/10/2012;2,40;P
21/10/2012;2,41;P
22/10/2012;2,41;P
23/10/2012;2,40;P
24/10/2012;2,41;P
25/10/2012;2,41;P
26/10/2012;2,37;P
27/10/2012;2,33;P
28/10/2012;2,30;P
29/10/2012;2,29;P
30/10/2012;2,28;P
31/10/2012;2,28;P
01/11/2012;2,28;P
02/11/2012;2,28;P
03/11/2012;2,27;P
04/11/2012;2,27;P
05/11/2012;2,27;P
06/11/2012;2,27;P
07/11/2012;2,27;P
08/11/2012;2,28;P
09/11/2012;2,27;P
10/11/2012;2,27;P
11/11/2012;2,27;P
12/11/2012;2,68;P
13/11/2012;2,83;P
14/11/2012;2,27;P
15/11/2012;2,27;P
16/11/2012;2,27;P
17/11/2012;2,27;P
18/11/2012;2,27;P
19/11/2012;2,27;P
20/11/2012;2,27;P
21/11/2012;2,27;P
22/11/2012;2,27;P
23/11/2012;2,27;P
24/11/2012;2,27;P
25/11/2012;2,27;P
26/11/2012;2,27;P
27/11/2012;2,27;P
28/11/2012;2,66;P
29/11/2012;2,44;P
30/11/2012;2,26;P
01/12/2012;2,26;P
02/12/2012;2,26;P
03/12/2012;2,26;P
04/12/2012;2,26;P
05/12/2012;2,26;P
06/12/2012;2,26;P
07/12/2012;2,26;P
08/12/2012;2,26;P
09/12/2012;2,26;P
10/12/2012;2,26;P
11/12/2012;2,26;P
12/12/2012;2,26;P
13/12/2012;2,26;P
14/12/2012;2,26;P
15/12/2012;2,27;P
16/12/2012;2,27;P
17/12/2012;2,28;P
18/12/2012;2,27;P
19/12/2012;2,26;P
20/12/2012;2,26;P
21/12/2012;2,26;P
22/12/2012;2,26;P
23/12/2012;2,26;P
24/12/2012;2,27;P
25/12/2012;2,27;P
26/12/2012;2,27;P
27/12/2012;2,27;P
28/12/2012;2,27;P
29/12/2012;2,27;P
30/12/2012;2,27;P
31/12/2012;2,27;P
01/01/2013;2,26;P
02/01/2013;2,26;P
03/01/2013;2,27;P
04/01/2013;2,27;P
05/01/2013;2,27;P
06/01/2013;2,27;P
07/01/2013;2,27;P
08/01/2013;2,27;P
09/01/2013;2,27;P
10/01/2013;2,29;P
11/01/2013;2,29;P
12/01/2013;2,30;P
13/01/2013;2,30;P
14/01/2013;2,30;P
15/01/2013;2,30;P
16/01/2013;2,30;P
17/01/2013;2,30;P
18/01/2013;2,30;P
19/01/2013;2,29;P
20/01/2013;2,56;P
21/01/2013;3,51;P
22/01/2013;2,38;P
23/01/2013;2,30;P
24/01/2013;2,30;P
25/01/2013;2,30;P
26/01/2013;2,31;P
27/01/2013;2,31;P
28/01/2013;2,31;P
29/01/2013;2,31;P
30/01/2013;2,32;P
31/01/2013;2,33;P
01/02/2013;2,33;P
02/02/2013;2,33;P
03/02/2013;2,32;P
04/02/2013;2,32;P
05/02/2013;2,32;P
06/02/2013;2,32;P
07/02/2013;2,32;P
08/02/2013;2,31;P
09/02/2013;2,31;P
10/02/2013;2,31;P
11/02/2013;2,30;P
12/02/2013;2,30;P
13/02/2013;2,30;P
14/02/2013;2,31;P
15/02/2013;2,31;P
16/02/2013;2,31;P
17/02/2013;2,32;P
18/02/2013;2,32;P
19/02/2013;2,32;P
20/02/2013;2,31;P
21/02/2013;2,30;P
22/02/2013;2,30;P
23/02/2013;2,29;P
24/02/2013;2,29;P
25/02/2013;2,29;P
26/02/2013;2,30;P
27/02/2013;2,30;P
28/02/2013;2,30;P
01/03/2013;2,30;P
02/03/2013;2,31;P
03/03/2013;2,31;P
04/03/2013;2,31;P
05/03/2013;2,31;P
06/03/2013;2,30;P
07/03/2013;2,30;P
08/03/2013;2,30;P
09/03/2013;2,31;P
10/03/2013;2,31;P
11/03/2013;2,59;P
12/03/2013;2,90;P
13/03/2013;2,33;P
14/03/2013;2,29;P
15/03/2013;2,29;P
16/03/2013;2,30;P
17/03/2013;2,29;P
18/03/2013;2,57;P
19/03/2013;2,61;P
20/03/2013;2,29;P
21/03/2013;2,30;P
22/03/2013;2,30;P
23/03/2013;2,30;P
24/03/2013;2,30;P
25/03/2013;2,29;P
26/03/2013;2,29;P
27/03/2013;2,29;P
28/03/2013;2,30;P
29/03/2013;2,29;P
30/03/2013;2,29;P
31/03/2013;2,32;P
01/04/2013;2,30;P
02/04/2013;2,30;P
03/04/2013;2,30;P
04/04/2013;2,29;P
05/04/2013;2,29;P
06/04/2013;2,30;P
07/04/2013;2,30;P
08/04/2013;2,29;P
09/04/2013;2,29;P
10/04/2013;2,30;P
11/04/2013;2,30;P
12/04/2013;2,30;P
13/04/2013;2,31;P
14/04/2013;2,33;P
15/04/2013;2,36;P
16/04/2013;2,37;P
17/04/2013;2,40;P
18/04/2013;2,41;P
19/04/2013;2,41;P
20/04/2013;2,37;P
21/04/2013;2,37;P
22/04/2013;2,37;P
23/04/2013;2,36;P
24/04/2013;2,39;P
25/04/2013;2,35;P
26/04/2013;2,34;P
27/04/2013;2,35;P
28/04/2013;2,34;P
29/04/2013;2,37;P
30/04/2013;2,39;P
01/05/2013;2,40;P
02/05/2013;2,38;P
03/05/2013;2,38;P
04/05/2013;2,43;P
05/05/2013;2,39;P
06/05/2013;2,36;P
07/05/2013;2,36;P
08/05/2013;2,38;P
09/05/2013;2,43;P
10/05/2013;2,42;P
11/05/2013;2,40;P
12/05/2013;2,40;P
13/05/2013;2,38;P
14/05/2013;2,43;P
15/05/2013;2,40;P
16/05/2013;2,33;P
17/05/2013;2,34;P
18/05/2013;2,34;P
19/05/2013;2,34;P
20/05/2013;2,32;P
21/05/2013;2,33;P
22/05/2013;2,35;P
23/05/2013;2,39;P
24/05/2013;2,33;P
25/05/2013;2,30;P
26/05/2013;2,31;P
27/05/2013;2,31;P
28/05/2013;2,31;P
29/05/2013;2,31;P
30/05/2013;2,30;P
31/05/2013;2,30;P
01/06/2013;2,31;P
02/06/2013;2,33;P
03/06/2013;2,31;P
04/06/2013;2,31;P
05/06/2013;2,36;P
06/06/2013;2,39;P
07/06/2013;2,39;P
08/06/2013;2,39;P
09/06/2013;2,38;P
10/06/2013;2,38;P
11/06/2013;2,38;P
12/06/2013;2,39;P
13/06/2013;2,40;P
14/06/2013;2,41;P
15/06/2013;2,41;P
16/06/2013;2,41;P
17/06/2013;2,42;P
18/06/2013;2,44;P
19/06/2013;2,48;P
20/06/2013;2,48;P
21/06/2013;2,48;P
22/06/2013;2,48;P
23/06/2013;2,47;P
24/06/2013;2,46;P
25/06/2013;2,46;P
26/06/2013;2,46;P
27/06/2013;2,46;P
28/06/2013;2,46;P
29/06/2013;2,46;P
30/06/2013;2,46;P
01/07/2013;2,47;P
02/07/2013;2,47;P
03/07/2013;2,48;P
04/07/2013;2,47;P
05/07/2013;2,47;P
06/07/2013;2,48;P
07/07/2013;2,48;P
08/07/2013;2,48;P
09/07/2013;2,48;P
10/07/2013;2,48;P
11/07/2013;2,47;P
12/07/2013;2,47;P
13/07/2013;2,48;P
14/07/2013;2,48;P
15/07/2013;2,48;P
16/07/2013;2,48;P
17/07/2013;2,48;P
18/07/2013;2,48;P
19/07/2013;2,48;P
20/07/2013;2,47;P
21/07/2013;2,47;P
22/07/2013;2,48;P
23/07/2013;2,48;P
24/07/2013;2,48;P
25/07/2013;2,48;P
26/07/2013;2,48;P
27/07/2013;2,49;P
28/07/2013;2,49;P
29/07/2013;2,48;P
30/07/2013;2,48;P
31/07/2013;2,48;P
01/08/2013;2,48;P
02/08/2013;2,48;P
03/08/2013;2,49;P
04/08/2013;2,49;P
05/08/2013;2,49;P
06/08/2013;2,49;P
07/08/2013;2,49;P
08/08/2013;2,49;P
09/08/2013;2,48;P
10/08/2013;2,49;P
11/08/2013;2,48;P
12/08/2013;2,48;P
13/08/2013;2,48;P
14/08/2013;2,48;P
15/08/2013;2,48;P
16/08/2013;2,48;P
17/08/2013;2,48;P
18/08/2013;2,48;P
19/08/2013;2,48;P
20/08/2013;2,48;P
21/08/2013;2,47;P
22/08/2013;2,47;P
23/08/2013;2,48;P
24/08/2013;2,48;P
25/08/2013;2,47;P
26/08/2013;2,47;P
27/08/2013;2,47;P
28/08/2013;2,47;P
29/08/2013;2,47;P
30/08/2013;2,47;P
31/08/2013;2,47;P
01/09/2013;2,47;P
02/09/2013;2,47;P
03/09/2013;2,47;P
04/09/2013;2,47;P
05/09/2013;2,48;P
06/09/2013;2,46;P
07/09/2013;2,43;P
08/09/2013;2,43;P
09/09/2013;2,42;P
10/09/2013;2,42;P
11/09/2013;2,42;P
12/09/2013;2,42;P
13/09/2013;2,42;P
14/09/2013;2,42;P
15/09/2013;2,42;P
16/09/2013;2,42;P
17/09/2013;2,42;P
18/09/2013;2,42;P
19/09/2013;2,42;P
20/09/2013;2,42;P
21/09/2013;2,42;P
22/09/2013;2,42;P
23/09/2013;2,42;P
24/09/2013;2,42;P
25/09/2013;2,42;P
26/09/2013;2,42;P
27/09/2013;2,42;P
28/09/2013;2,42;P
29/09/2013;2,42;P
30/09/2013;2,40;P
01/10/2013;2,42;P
02/10/2013;2,42;P
03/10/2013;2,42;P
04/10/2013;2,42;P
05/10/2013;2,42;P
06/10/2013;2,41;P
07/10/2013;2,42;P
08/10/2013;2,40;P
09/10/2013;2,40;P
10/10/2013;2,40;P
11/10/2013;2,40;P
12/10/2013;2,40;P
13/10/2013;2,40;P
14/10/2013;2,39;P
15/10/2013;2,40;P
16/10/2013;2,40;P
17/10/2013;2,41;P
18/10/2013;2,40;P
19/10/2013;2,40;P
20/10/2013;2,40;P
21/10/2013;2,58;P
22/10/2013;2,40;P
23/10/2013;2,40;P
24/10/2013;2,46;P
25/10/2013;2,40;P
26/10/2013;2,38;P
27/10/2013;2,38;P
28/10/2013;2,39;P
29/10/2013;2,40;P
30/10/2013;2,40;P
31/10/2013;2,40;P
01/11/2013;2,39;P
02/11/2013;2,38;P
03/11/2013;2,38;P
04/11/2013;2,37;P
05/11/2013;2,38;P
06/11/2013;2,38;P
07/11/2013;2,38;P
08/11/2013;2,38;P
09/11/2013;2,37;P
10/11/2013;2,39;P
11/11/2013;2,86;P
12/11/2013;2,50;P
13/11/2013;2,38;P
14/11/2013;2,38;P
15/11/2013;2,39;P
16/11/2013;2,39;P
17/11/2013;2,39;P
18/11/2013;2,39;P
19/11/2013;2,39;P
20/11/2013;2,38;P
21/11/2013;2,38;P
22/11/2013;2,40;P
23/11/2013;2,37;P
24/11/2013;2,37;P
25/11/2013;2,37;P
26/11/2013;2,37;P
27/11/2013;2,37;P
28/11/2013;2,37;P
29/11/2013;2,37;P
30/11/2013;2,37;P
01/12/2013;2,37;P
02/12/2013;2,37;P
03/12/2013;2,37;P
04/12/2013;2,37;P
05/12/2013;2,37;P
06/12/2013;2,37;P
07/12/2013;2,37;P
08/12/2013;2,37;P
09/12/2013;2,36;P
10/12/2013;2,36;P
11/12/2013;2,36;P
12/12/2013;2,36;P
13/12/2013;2,36;P
14/12/2013;2,36;P
15/12/2013;2,36;P
16/12/2013;2,36;P
17/12/2013;2,36;P
18/12/2013;2,36;P
19/12/2013;2,36;P
20/12/2013;2,36;P
21/12/2013;2,36;P
22/12/2013;2,36;P
23/12/2013;2,36;P
24/12/2013;2,37;P
25/12/2013;2,37;P
26/12/2013;2,37;P
27/12/2013;2,36;P
28/12/2013;2,36;P
29/12/2013;2,37;P
30/12/2013;2,36;P
31/12/2013;2,36;P
01/01/2014;2,36;P
02/01/2014;2,36;P
03/01/2014;2,36;P
04/01/2014;2,36;P
05/01/2014;2,37;P
06/01/2014;2,36;P
07/01/2014;2,37;P
08/01/2014;2,36;P
09/01/2014;2,36;P
10/01/2014;2,36;P
11/01/2014;2,37;P
12/01/2014;2,36;P
13/01/2014;2,36;P
14/01/2014;2,36;P
15/01/2014;2,36;P
16/01/2014;2,36;P
17/01/2014;2,36;P
18/01/2014;2,36;P
19/01/2014;2,36;P
20/01/2014;2,36;P
21/01/2014;2,36;P
22/01/2014;2,36;P
23/01/2014;2,36;P
24/01/2014;2,36;P
25/01/2014;2,36;P
26/01/2014;2,36;P
27/01/2014;2,36;P
28/01/2014;2,36;P
29/01/2014;2,36;P
30/01/2014;2,55;P
31/01/2014;3,66;P
01/02/2014;2,79;P
02/02/2014;2,36;P
03/02/2014;2,36;P
04/02/2014;2,36;P
05/02/2014;2,36;P
06/02/2014;2,38;P
07/02/2014;2,20;P
08/02/2014;2,09;P
09/02/2014;2,15;P
10/02/2014;2,34;P
11/02/2014;3,38;P
12/02/2014;2,14;P
13/02/2014;2,08;P
14/02/2014;2,07;P
15/02/2014;2,06;P
16/02/2014;2,06;P
17/02/2014;2,06;P
18/02/2014;2,06;P
19/02/2014;2,06;P
20/02/2014;2,06;P
21/02/2014;2,06;P
22/02/2014;2,06;P
23/02/2014;2,06;P
24/02/2014;2,07;P
25/02/2014;2,06;P
26/02/2014;2,06;P
27/02/2014;2,06;P
28/02/2014;2,06;P
01/03/2014;2,07;P
02/03/2014;2,06;P
03/03/2014;2,06;P
04/03/2014;2,05;P
05/03/2014;2,06;P
06/03/2014;2,06;P
07/03/2014;2,06;P
08/03/2014;2,07;P
09/03/2014;2,07;P
10/03/2014;2,06;P
11/03/2014;2,06;P
12/03/2014;2,07;P
13/03/2014;2,08;P
14/03/2014;2,08;P
15/03/2014;2,08;P
16/03/2014;2,07;P
17/03/2014;2,08;P
18/03/2014;2,08;P
19/03/2014;2,06;P
20/03/2014;2,08;P
21/03/2014;2,08;P
22/03/2014;2,06;P
23/03/2014;2,09;P
24/03/2014;2,06;P
25/03/2014;2,06;P
26/03/2014;2,06;P
27/03/2014;2,06;P
28/03/2014;2,07;P
29/03/2014;2,07;P
30/03/2014;2,07;P
31/03/2014;2,07;P
01/04/2014;2,07;P
02/04/2014;2,07;P
03/04/2014;2,08;P
04/04/2014;2,16;P
05/04/2014;2,42;P
06/04/2014;2,61;P
07/04/2014;2,66;P
08/04/2014;2,70;P
09/04/2014;2,69;P
10/04/2014;2,71;P
11/04/2014;2,71;P
12/04/2014;2,69;P
13/04/2014;2,69;P
14/04/2014;2,70;P
15/04/2014;2,73;P
16/04/2014;2,73;P
17/04/2014;2,75;P
18/04/2014;2,74;P
19/04/2014;2,73;P
20/04/2014;2,74;P
21/04/2014;2,74;P
22/04/2014;2,71;P
23/04/2014;2,72;P
24/04/2014;2,73;P
25/04/2014;2,70;P
26/04/2014;2,71;P
27/04/2014;2,73;P
28/04/2014;2,73;P
29/04/2014;2,73;P
30/04/2014;2,74;P
01/05/2014;2,74;P
02/05/2014;2,72;P
03/05/2014;2,74;P
04/05/2014;2,75;P
05/05/2014;2,75;P
06/05/2014;2,76;P
07/05/2014;2,74;P
08/05/2014;2,73;P
09/05/2014;2,73;P
10/05/2014;2,76;P
11/05/2014;2,77;P
12/05/2014;2,79;P
13/05/2014;2,77;P
14/05/2014;2,74;P
15/05/2014;2,75;P
16/05/2014;2,75;P
17/05/2014;2,71;P
18/05/2014;2,76;P
19/05/2014;2,77;P
20/05/2014;2,78;P
21/05/2014;2,79;P
22/05/2014;2,79;P
23/05/2014;2,78;P
24/05/2014;2,75;P
25/05/2014;2,74;P
26/05/2014;2,70;P
27/05/2014;2,68;P
28/05/2014;;@
29/05/2014;;@
30/05/2014;0,86;P
31/05/2014;0,85;P
01/06/2014;0,86;P
02/06/2014;0,85;P
03/06/2014;1,46;P
04/06/2014;2,04;P
05/06/2014;2,04;P
06/06/2014;2,04;P
07/06/2014;2,04;P
08/06/2014;2,04;P
09/06/2014;2,03;P
10/06/2014;2,04;P
11/06/2014;2,03;P
12/06/2014;2,03;P
13/06/2014;2,03;P
14/06/2014;2,03;P
15/06/2014;2,03;P
16/06/2014;2,04;P
17/06/2014;2,04;P
18/06/2014;2,04;P
19/06/2014;2,04;P
20/06/2014;2,04;P
21/06/2014;2,04;P
22/06/2014;2,04;P
23/06/2014;2,04;P
24/06/2014;2,04;P
25/06/2014;2,04;P
26/06/2014;2,04;P
27/06/2014;2,04;P
28/06/2014;2,04;P
29/06/2014;2,04;P
30/06/2014;2,04;P
01/07/2014;2,04;P
02/07/2014;2,04;P
03/07/2014;2,04;P
04/07/2014;2,04;P
05/07/2014;2,04;P
06/07/2014;2,04;P
07/07/2014;2,04;P
08/07/2014;2,04;P
09/07/2014;2,04;P
10/07/2014;2,04;P
11/07/2014;2,04;P
12/07/2014;2,04;P
13/07/2014;2,04;P
14/07/2014;2,04;P
15/07/2014;2,04;P
16/07/2014;2,04;P
17/07/2014;2,04;P
18/07/2014;2,04;P
19/07/2014;2,04;P
20/07/2014;2,04;P
21/07/2014;2,04;P
22/07/2014;2,04;P
23/07/2014;2,04;P
24/07/2014;2,04;P
25/07/2014;2,04;P
26/07/2014;2,04;P
27/07/2014;2,04;P
28/07/2014;2,04;P
29/07/2014;2,04;P
30/07/2014;2,04;P
31/07/2014;2,04;P
01/08/2014;2,04;P
02/08/2014;2,04;P
03/08/2014;2,04;P
04/08/2014;2,04;P
05/08/2014;2,04;P
06/08/2014;2,04;P
07/08/2014;2,04;P
08/08/2014;2,04;P
09/08/2014;2,04;P
10/08/2014;2,04;P
11/08/2014;2,04;P
12/08/2014;2,04;P
13/08/2014;2,04;P
14/08/2014;2,04;P
15/08/2014;2,04;P
16/08/2014;2,04;P
17/08/2014;2,04;P
18/08/2014;2,04;P
19/08/2014;2,04;P
20/08/2014;2,04;P
21/08/2014;2,04;P
22/08/2014;2,04;P
23/08/2014;2,04;P
24/08/2014;2,04;P
25/08/2014;2,04;P
26/08/2014;2,04;P
27/08/2014;2,04;P
28/08/2014;2,04;P
29/08/2014;2,04;P
30/08/2014;2,04;P
31/08/2014;2,04;P
01/09/2014;2,04;P
02/09/2014;2,04;P
03/09/2014;2,04;P
04/09/2014;2,04;P
05/09/2014;2,04;P
06/09/2014;2,04;P
07/09/2014;2,04;P
08/09/2014;2,04;P
09/09/2014;2,04;P
10/09/2014;2,04;P
11/09/2014;2,04;P
12/09/2014;2,04;P
13/09/2014;2,04;P
14/09/2014;2,04;P
15/09/2014;2,04;P
16/09/2014;2,04;P
17/09/2014;2,04;P
18/09/2014;2,04;P
19/09/2014;2,04;P
20/09/2014;2,04;P
21/09/2014;2,04;P
22/09/2014;2,04;P
23/09/2014;2,04;P
24/09/2014;2,04;P
25/09/2014;2,04;P
26/09/2014;2,04;P
27/09/2014;2,04;P
28/09/2014;2,04;P
29/09/2014;2,04;P
30/09/2014;2,04;P
01/10/2014;2,04;P
02/10/2014;2,04;P
03/10/2014;2,04;P
04/10/2014;2,04;P
05/10/2014;2,04;P
06/10/2014;2,04;P
07/10/2014;2,04;P
08/10/2014;2,04;P
09/10/2014;2,04;P
10/10/2014;2,04;P
11/10/2014;2,04;P
12/10/2014;2,04;P
13/10/2014;2,04;P
14/10/2014;2,04;P
15/10/2014;2,04;P
16/10/2014;2,04;P
17/10/2014;2,04;P
18/10/2014;2,04;P
19/10/2014;2,04;P
20/10/2014;2,04;P
21/10/2014;2,04;P
22/10/2014;2,04;P
23/10/2014;2,04;P
24/10/2014;2,04;P
25/10/2014;2,04;P
26/10/2014;2,04;P
27/10/2014;2,04;P
28/10/2014;2,04;P
29/10/2014;2,04;P
30/10/2014;2,04;P
31/10/2014;2,04;P
01/11/2014;2,04;P
02/11/2014;2,04;P
03/11/2014;2,04;P
04/11/2014;2,04;P
05/11/2014;2,04;P
06/11/2014;2,04;P
07/11/2014;2,04;P
08/11/2014;2,04;P
09/11/2014;2,04;P
10/11/2014;2,04;P
11/11/2014;2,04;P
12/11/2014;2,04;P
13/11/2014;2,04;P
14/11/2014;2,04;P
15/11/2014;2,04;P
16/11/2014;2,04;P
17/11/2014;2,04;P
18/11/2014;2,25;P
19/11/2014;2,27;P
20/11/2014;2,24;P
21/11/2014;2,24;P
22/11/2014;2,24;P
23/11/2014;2,24;P
24/11/2014;2,24;P
25/11/2014;2,24;P
26/11/2014;2,24;P
27/11/2014;2,24;P
28/11/2014;2,24;P
29/11/2014;2,24;P
30/11/2014;2,24;P
01/12/2014;2,24;P
02/12/2014;2,24;P
03/12/2014;2,24;P
04/12/2014;2,24;P
05/12/2014;2,24;P
06/12/2014;2,24;P
07/12/2014;2,24;P
08/12/2014;2,24;P
09/12/2014;2,25;P
10/12/2014;2,25;P
11/12/2014;2,25;P
12/12/2014;2,25;P
13/12/2014;2,25;P
14/12/2014;2,25;P
15/12/2014;2,25;P
16/12/2014;2,25;P
17/12/2014;2,25;P
18/12/2014;2,25;P
19/12/2014;2,25;P
20/12/2014;2,25;P
21/12/2014;2,24;P
22/12/2014;2,25;P
23/12/2014;2,25;P
24/12/2014;2,25;P
25/12/2014;2,25;P
26/12/2014;2,25;P
27/12/2014;2,25;P
28/12/2014;2,25;P
29/12/2014;2,25;P
30/12/2014;2,25;P
31/12/2014;2,25;P
01/01/2015;2,25;P
02/01/2015;2,25;P
03/01/2015;2,25;P
04/01/2015;2,25;P
05/01/2015;2,25;P
06/01/2015;2,25;P
07/01/2015;2,25;P
08/01/2015;2,25;P
09/01/2015;2,25;P
10/01/2015;2,25;P
11/01/2015;2,25;P
12/01/2015;2,25;P
13/01/2015;2,25;P
14/01/2015;2,25;P
15/01/2015;2,25;P
16/01/2015;2,25;P
17/01/2015;2,25;P
18/01/2015;2,25;P
19/01/2015;2,25;P
20/01/2015;2,25;P
21/01/2015;2,25;P
22/01/2015;2,25;P
23/01/2015;2,25;P
24/01/2015;2,25;P
25/01/2015;2,25;P
26/01/2015;2,25;P
27/01/2015;2,25;P
28/01/2015;2,25;P
29/01/2015;2,25;P
30/01/2015;2,25;P
31/01/2015;2,25;P
01/02/2015;2,25;P
02/02/2015;2,25;P
03/02/2015;2,25;P
04/02/2015;2,25;P
05/02/2015;2,25;P
06/02/2015;2,25;P
07/02/2015;2,25;P
08/02/2015;2,25;P
09/02/2015;2,25;P
10/02/2015;2,25;P
11/02/2015;2,25;P
12/02/2015;2,25;P
13/02/2015;2,25;P
14/02/2015;2,25;P
15/02/2015;2,25;P
16/02/2015;2,25;P
17/02/2015;2,25;P
18/02/2015;2,25;P
19/02/2015;2,25;P
20/02/2015;2,25;P
21/02/2015;2,25;P
22/02/2015;2,25;P
23/02/2015;2,25;P
24/02/2015;2,25;P
25/02/2015;2,25;P
26/02/2015;;@
27/02/2015;;@
28/02/2015;2,25;P
01/03/2015;2,25;P
02/03/2015;2,25;P
03/03/2015;2,25;P
04/03/2015;2,25;P
05/03/2015;2,25;P
06/03/2015;2,25;P
07/03/2015;2,25;P
08/03/2015;2,25;P
09/03/2015;2,25;P
10/03/2015;2,25;P
11/03/2015;2,25;P
12/03/2015;2,25;P
13/03/2015;2,25;P
14/03/2015;2,25;P
15/03/2015;2,25;P
16/03/2015;2,25;P
17/03/2015;2,25;P
18/03/2015;2,25;P
19/03/2015;2,24;P
20/03/2015;2,25;P
21/03/2015;2,25;P
22/03/2015;2,25;P
23/03/2015;2,24;P
24/03/2015;2,24;P
25/03/2015;2,25;P
26/03/2015;2,25;P
27/03/2015;2,25;P
28/03/2015;2,25;P
29/03/2015;2,24;P
30/03/2015;2,24;P
31/03/2015;2,24;P
01/04/2015;2,24;P
02/04/2015;2,24;P
03/04/2015;2,24;P
04/04/2015;2,24;P
05/04/2015;2,25;P
06/04/2015;2,25;P
07/04/2015;2,25;P
08/04/2015;2,25;P
09/04/2015;2,24;P
10/04/2015;2,24;P
11/04/2015;2,24;P
12/04/2015;2,24;P
13/04/2015;2,24;P
14/04/2015;2,24;P
15/04/2015;2,24;P
16/04/2015;2,24;P
17/04/2015;2,24;P
18/04/2015;2,24;P
19/04/2015;2,24;P
20/04/2015;2,24;P
21/04/2015;2,24;P
22/04/2015;2,24;P
23/04/2015;2,24;P
24/04/2015;2,24;P
25/04/2015;2,24;P
26/04/2015;2,24;P
27/04/2015;2,24;P
28/04/2015;2,24;P
29/04/2015;2,24;P
30/04/2015;2,24;P
01/05/2015;2,24;P
02/05/2015;2,24;P
03/05/2015;2,24;P
04/05/2015;2,24;P
05/05/2015;2,24;P
06/05/2015;2,24;P
07/05/2015;2,24;P
08/05/2015;2,24;P
09/05/2015;2,24;P
10/05/2015;2,24;P
11/05/2015;2,24;P
12/05/2015;2,24;P
13/05/2015;2,24;P
14/05/2015;2,24;P
15/05/2015;2,24;P
16/05/2015;2,24;P
17/05/2015;2,24;P
18/05/2015;2,24;P
19/05/2015;2,24;P
20/05/2015;2,24;P
21/05/2015;2,24;P
22/05/2015;2,24;P
23/05/2015;2,24;P
24/05/2015;2,24;P
25/05/2015;2,24;P
26/05/2015;2,24;P
27/05/2015;2,24;P
28/05/2015;2,24;P
29/05/2015;2,24;P
30/05/2015;2,24;P
31/05/2015;2,24;P
01/06/2015;2,24;P
02/06/2015;2,24;P
03/06/2015;2,24;P
04/06/2015;2,24;P
05/06/2015;2,24;P
06/06/2015;2,24;P
07/06/2015;2,24;P
08/06/2015;2,24;P
09/06/2015;2,24;P
10/06/2015;2,24;P
11/06/2015;2,24;P
12/06/2015;2,24;P
13/06/2015;2,24;P
14/06/2015;2,24;P
15/06/2015;2,24;P
16/06/2015;2,24;P
17/06/2015;2,24;P
18/06/2015;2,24;P
19/06/2015;2,24;P
20/06/2015;2,24;P
21/06/2015;2,24;P
22/06/2015;2,24;P
23/06/2015;2,24;P
24/06/2015;2,24;P
25/06/2015;2,24;P
26/06/2015;2,24;P
27/06/2015;2,24;P
28/06/2015;2,24;P
29/06/2015;2,24;P
30/06/2015;2,24;P
01/07/2015;2,24;P
02/07/2015;2,24;P
03/07/2015;2,24;P
04/07/2015;2,24;P
05/07/2015;2,24;P
06/07/2015;2,24;P
07/07/2015;2,24;P
08/07/2015;2,24;P
09/07/2015;2,24;P
10/07/2015;2,24;P
11/07/2015;2,24;P
12/07/2015;2,24;P
13/07/2015;2,24;P
14/07/2015;2,24;P
15/07/2015;2,24;P
16/07/2015;2,24;P
17/07/2015;2,24;P
18/07/2015;2,24;P
19/07/2015;2,24;P
20/07/2015;2,24;P
21/07/2015;2,24;P
22/07/2015;2,24;P
23/07/2015;2,24;P
24/07/2015;2,24;P
25/07/2015;2,24;P
26/07/2015;2,24;P
27/07/2015;2,24;P
28/07/2015;2,24;P
29/07/2015;2,24;P
30/07/2015;2,24;P
31/07/2015;2,24;P
01/08/2015;2,24;P
02/08/2015;2,24;P
03/08/2015;2,24;P
04/08/2015;2,24;P
05/08/2015;2,24;P
06/08/2015;2,24;P
07/08/2015;2,24;P
08/08/2015;2,24;P
09/08/2015;2,24;P
10/08/2015;2,24;P
11/08/2015;2,24;P
12/08/2015;2,24;P
13/08/2015;2,24;P
14/08/2015;2,24;P
15/08/2015;2,24;P
16/08/2015;2,24;P
17/08/2015;2,24;P
18/08/2015;2,24;P
19/08/2015;2,24;P
20/08/2015;2,24;P
21/08/2015;2,24;P
22/08/2015;2,24;P
23/08/2015;2,24;P
24/08/2015;2,24;P
25/08/2015;2,24;P
26/08/2015;2,24;P
27/08/2015;2,24;P
28/08/2015;2,24;P
29/08/2015;2,24;P
30/08/2015;2,24;P
31/08/2015;2,24;P
01/09/2015;2,24;P
02/09/2015;2,24;P
03/09/2015;2,24;P
04/09/2015;2,24;P
05/09/2015;2,24;P
06/09/2015;2,24;P
07/09/2015;2,24;P
08/09/2015;2,24;P
09/09/2015;2,24;P
10/09/2015;2,24;P
11/09/2015;2,24;P
12/09/2015;2,24;P
13/09/2015;2,24;P
14/09/2015;2,24;P
15/09/2015;2,24;P
16/09/2015;2,24;P
17/09/2015;2,24;P
18/09/2015;2,24;P
19/09/2015;2,24;P
20/09/2015;2,24;P
21/09/2015;2,24;P
22/09/2015;2,24;P
23/09/2015;2,24;P
24/09/2015;2,24;P
25/09/2015;2,24;P
26/09/2015;2,24;P
27/09/2015;2,24;P
28/09/2015;2,24;P
29/09/2015;2,24;P
30/09/2015;2,24;P
01/10/2015;2,24;P
02/10/2015;2,24;P
03/10/2015;2,24;P
04/10/2015;2,24;P
05/10/2015;2,24;P
06/10/2015;2,24;P
07/10/2015;2,24;P
08/10/2015;2,24;P
09/10/2015;2,24;P
10/10/2015;2,24;P
11/10/2015;2,24;P
12/10/2015;2,24;P
13/10/2015;2,24;P
14/10/2015;2,24;P
15/10/2015;2,24;P
16/10/2015;2,24;P
17/10/2015;2,24;P
18/10/2015;2,24;P
19/10/2015;2,24;P
20/10/2015;2,24;P
21/10/2015;2,24;P
22/10/2015;2,24;P
23/10/2015;2,24;P
24/10/2015;2,24;P
25/10/2015;2,24;P
26/10/2015;2,24;P
27/10/2015;2,24;P
28/10/2015;2,24;P
29/10/2015;2,24;P
30/10/2015;2,24;P
31/10/2015;2,24;P
01/11/2015;2,24;P
02/11/2015;2,24;P
03/11/2015;2,24;P
04/11/2015;2,24;P
05/11/2015;2,24;P
06/11/2015;2,24;P
07/11/2015;2,24;P
08/11/2015;2,24;P
09/11/2015;2,24;P
10/11/2015;2,24;P
11/11/2015;2,24;P
12/11/2015;2,24;P
13/11/2015;2,24;P
14/11/2015;2,24;P
15/11/2015;2,24;P
16/11/2015;2,24;P
17/11/2015;2,24;P
18/11/2015;2,24;P
19/11/2015;2,24;P
20/11/2015;2,24;P
21/11/2015;2,24;P
22/11/2015;2,24;P
23/11/2015;2,24;P
24/11/2015;2,24;P
25/11/2015;2,24;P
26/11/2015;2,24;P
27/11/2015;2,24;P
28/11/2015;2,24;P
29/11/2015;2,24;P
30/11/2015;2,24;P
01/12/2015;2,24;P
02/12/2015;2,24;P
03/12/2015;2,24;P
04/12/2015;2,24;P
05/12/2015;2,24;P
06/12/2015;2,24;P
07/12/2015;2,24;P
08/12/2015;2,24;P
09/12/2015;2,24;P
10/12/2015;2,24;P
11/12/2015;2,24;P
12/12/2015;2,24;P
13/12/2015;2,24;P
14/12/2015;2,24;P
15/12/2015;2,24;P
16/12/2015;2,24;P
17/12/2015;2,24;P
18/12/2015;2,25;P
19/12/2015;2,24;P
20/12/2015;2,24;P
21/12/2015;2,24;P
22/12/2015;2,25;P
23/12/2015;2,25;P
24/12/2015;2,24;P
25/12/2015;2,25;P
26/12/2015;2,24;P
27/12/2015;2,24;P
28/12/2015;2,24;P
29/12/2015;2,24;P
30/12/2015;2,24;P
31/12/2015;2,25;P
01/01/2016;2,25;P
02/01/2016;2,25;P
03/01/2016;2,25;P
04/01/2016;2,25;P
05/01/2016;2,25;P
06/01/2016;2,25;P
07/01/2016;2,25;P
08/01/2016;2,25;P
09/01/2016;2,25;P
10/01/2016;2,25;P
11/01/2016;2,25;P
12/01/2016;2,24;P
13/01/2016;2,24;P
14/01/2016;2,24;P
15/01/2016;2,24;P
16/01/2016;2,25;P
17/01/2016;2,25;P
18/01/2016;2,25;P
19/01/2016;2,25;P
20/01/2016;2,25;P
21/01/2016;2,25;P
22/01/2016;2,25;P
23/01/2016;2,25;P
24/01/2016;2,25;P
25/01/2016;2,25;P
26/01/2016;2,25;P
27/01/2016;2,25;P
28/01/2016;2,25;P
29/01/2016;2,25;P
30/01/2016;2,25;P
31/01/2016;2,25;P
01/02/2016;2,24;P
02/02/2016;2,25;P
03/02/2016;2,25;P
04/02/2016;2,24;P
05/02/2016;2,24;P
06/02/2016;2,24;P
07/02/2016;2,25;P
08/02/2016;2,25;P
09/02/2016;2,25;P
10/02/2016;2,25;P
11/02/2016;2,24;P
12/02/2016;2,24;P
13/02/2016;2,24;P
14/02/2016;2,29;P
15/02/2016;2,25;P
16/02/2016;2,76;P
17/02/2016;2,34;P
18/02/2016;2,25;P
19/02/2016;2,24;P
20/02/2016;2,24;P
21/02/2016;2,24;P
22/02/2016;2,24;P
23/02/2016;2,24;P
24/02/2016;2,24;P
25/02/2016;2,24;P
26/02/2016;2,25;P
27/02/2016;2,24;P
28/02/2016;2,24;P
29/02/2016;2,56;P
01/03/2016;2,36;P
02/03/2016;2,24;P
03/03/2016;2,25;P
04/03/2016;2,24;P
05/03/2016;2,25;P
06/03/2016;2,24;P
07/03/2016;2,25;P
08/03/2016;2,25;P
09/03/2016;2,24;P
10/03/2016;2,24;P
11/03/2016;2,24;P
12/03/2016;2,24;P
13/03/2016;2,24;P
14/03/2016;2,24;P
15/03/2016;2,24;P
16/03/2016;2,24;P
17/03/2016;2,24;P
18/03/2016;2,24;P
19/03/2016;2,24;P
20/03/2016;2,24;P
21/03/2016;2,24;P
22/03/2016;2,24;P
23/03/2016;2,24;P
24/03/2016;2,24;P
25/03/2016;2,24;P
26/03/2016;2,24;P
27/03/2016;2,24;P
28/03/2016;2,24;P
29/03/2016;2,24;P
30/03/2016;2,24;P
31/03/2016;2,24;P
01/04/2016;2,24;P
02/04/2016;2,24;P
03/04/2016;2,24;P
04/04/2016;2,24;P
05/04/2016;2,24;P
06/04/2016;2,24;P
07/04/2016;2,24;P
08/04/2016;2,24;P
09/04/2016;2,24;P
10/04/2016;2,24;P
11/04/2016;2,24;P
12/04/2016;2,24;P
13/04/2016;2,24;P
14/04/2016;2,24;P
15/04/2016;2,24;P
16/04/2016;2,24;P
17/04/2016;2,24;P
18/04/2016;2,24;P
19/04/2016;2,24;P
20/04/2016;2,24;P
21/04/2016;2,24;P
22/04/2016;2,24;P
23/04/2016;2,24;P
24/04/2016;2,24;P
25/04/2016;2,24;P
26/04/2016;2,24;P
27/04/2016;2,24;P
28/04/2016;2,24;P
29/04/2016;2,24;P
30/04/2016;2,24;P
01/05/2016;2,24;P
02/05/2016;2,24;P
03/05/2016;2,24;P
04/05/2016;2,24;P
05/05/2016;2,24;P
06/05/2016;2,24;P
07/05/2016;2,24;P
08/05/2016;2,24;P
09/05/2016;2,24;P
10/05/2016;2,24;P
11/05/2016;2,24;P
12/05/2016;2,24;P
13/05/2016;2,24;P
14/05/2016;2,24;P
15/05/2016;2,24;P
16/05/2016;2,24;P
17/05/2016;2,24;P
18/05/2016;2,24;P
19/05/2016;2,24;P
20/05/2016;2,24;P
21/05/2016;2,24;P
22/05/2016;2,24;P
23/05/2016;2,24;P
24/05/2016;2,24;P
25/05/2016;2,24;P
26/05/2016;2,24;P
27/05/2016;2,24;P
28/05/2016;2,24;P
29/05/2016;2,24;P
30/05/2016;2,24;P
31/05/2016;2,24;P
01/06/2016;2,24;P
02/06/2016;2,24;P
03/06/2016;2,24;P
04/06/2016;2,24;P
05/06/2016;2,24;P
06/06/2016;2,24;P
07/06/2016;2,24;P
08/06/2016;2,24;P
09/06/2016;2,24;P
10/06/2016;2,24;P
11/06/2016;2,24;P
12/06/2016;2,24;P
13/06/2016;2,24;P
14/06/2016;2,24;P
15/06/2016;2,24;P
16/06/2016;2,24;P
17/06/2016;2,24;P
18/06/2016;2,24;P
19/06/2016;2,24;P
20/06/2016;2,24;P
21/06/2016;2,24;P
22/06/2016;2,24;P
23/06/2016;2,24;P
24/06/2016;2,24;P
25/06/2016;2,24;P
26/06/2016;2,24;P
27/06/2016;2,24;P
28/06/2016;2,24;P
29/06/2016;2,24;P
30/06/2016;2,24;P
01/07/2016;2,24;P
02/07/2016;2,24;P
03/07/2016;2,24;P
04/07/2016;2,24;P
05/07/2016;2,24;P
06/07/2016;2,24;P
07/07/2016;2,24;P
08/07/2016;2,24;P
09/07/2016;2,24;P
10/07/2016;2,24;P
11/07/2016;2,24;P
12/07/2016;2,24;P
13/07/2016;2,24;P
14/07/2016;2,24;P
15/07/2016;2,24;P
16/07/2016;2,24;P
17/07/2016;2,24;P
18/07/2016;2,24;P
19/07/2016;2,24;P
20/07/2016;2,24;P
21/07/2016;2,24;P
22/07/2016;2,24;P
23/07/2016;2,24;P
24/07/2016;2,24;P
25/07/2016;2,24;P
26/07/2016;2,24;P
27/07/2016;2,24;P
28/07/2016;2,24;P
29/07/2016;2,24;P
30/07/2016;2,24;P
31/07/2016;2,24;P
01/08/2016;2,24;P
02/08/2016;2,24;P
03/08/2016;2,24;P
04/08/2016;2,24;P
05/08/2016;2,24;P
06/08/2016;2,24;P
07/08/2016;2,24;P
08/08/2016;2,24;P
09/08/2016;2,24;P
10/08/2016;2,24;P
11/08/2016;2,24;P
12/08/2016;2,24;P
13/08/2016;2,24;P
14/08/2016;2,24;P
15/08/2016;2,24;P
16/08/2016;2,24;P
17/08/2016;2,24;P
18/08/2016;2,24;P
19/08/2016;2,24;P
20/08/2016;2,24;P
21/08/2016;2,24;P
22/08/2016;2,24;P
23/08/2016;2,24;P
24/08/2016;2,24;P
25/08/2016;2,24;P
26/08/2016;2,24;P
27/08/2016;2,24;P
28/08/2016;2,24;P
29/08/2016;2,24;P
30/08/2016;2,24;P
31/08/2016;2,24;P
01/09/2016;2,24;P
02/09/2016;2,24;P
03/09/2016;2,24;P
04/09/2016;2,24;P
05/09/2016;2,24;P
06/09/2016;2,24;P
07/09/2016;2,24;P
08/09/2016;2,24;P
09/09/2016;2,24;P
10/09/2016;2,24;P
11/09/2016;2,24;P
12/09/2016;2,24;P
13/09/2016;2,24;P
14/09/2016;2,24;P
15/09/2016;2,24;P
16/09/2016;2,24;P
17/09/2016;2,24;P
18/09/2016;2,24;P
19/09/2016;2,24;P
20/09/2016;2,24;P
21/09/2016;2,24;P
22/09/2016;2,24;P
23/09/2016;2,24;P
24/09/2016;2,24;P
25/09/2016;2,24;P
26/09/2016;2,24;P
27/09/2016;2,24;P
28/09/2016;2,24;P
29/09/2016;2,24;P
30/09/2016;2,24;P
01/10/2016;2,24;P
02/10/2016;2,24;P
03/10/2016;2,24;P
04/10/2016;2,24;P
05/10/2016;2,24;P
06/10/2016;2,24;P
07/10/2016;2,24;P
08/10/2016;2,24;P
09/10/2016;2,24;P
10/10/2016;2,24;P
11/10/2016;2,24;P
12/10/2016;2,24;P
13/10/2016;2,24;P
14/10/2016;2,24;P
15/10/2016;2,24;P
16/10/2016;2,24;P
17/10/2016;2,24;P
18/10/2016;2,24;P
19/10/2016;2,24;P
20/10/2016;2,24;P
21/10/2016;2,24;P
22/10/2016;2,24;P
23/10/2016;2,24;P
24/10/2016;2,24;P
25/10/2016;2,24;P
26/10/2016;2,24;P
27/10/2016;2,24;P
28/10/2016;2,24;P
29/10/2016;2,24;P
30/10/2016;2,24;P
31/10/2016;2,24;P
01/11/2016;2,24;P
02/11/2016;2,24;P
03/11/2016;2,24;P
04/11/2016;2,24;P
05/11/2016;2,24;P
06/11/2016;2,93;P
07/11/2016;2,68;P
08/11/2016;2,24;P
09/11/2016;2,24;P
10/11/2016;2,24;P
11/11/2016;2,24;P
12/11/2016;2,24;P
13/11/2016;2,24;P
14/11/2016;2,24;P
15/11/2016;2,24;P
16/11/2016;2,24;P
17/11/2016;2,24;P
18/11/2016;2,24;P
19/11/2016;2,24;P
20/11/2016;2,24;P
21/11/2016;2,24;P
22/11/2016;2,24;P
23/11/2016;2,24;P
24/11/2016;2,24;P
25/11/2016;2,24;P
26/11/2016;2,24;P
27/11/2016;2,24;P
28/11/2016;2,24;P
29/11/2016;2,24;P
30/11/2016;2,24;P
01/12/2016;2,25;P
02/12/2016;2,24;P
03/12/2016;2,25;P
04/12/2016;2,24;P
05/12/2016;2,25;P
06/12/2016;2,24;P
07/12/2016;2,24;P
08/12/2016;2,24;P
09/12/2016;2,25;P
10/12/2016;2,25;P
11/12/2016;2,25;P
12/12/2016;2,25;P
13/12/2016;2,25;P
14/12/2016;2,25;P
15/12/2016;2,25;P
16/12/2016;2,25;P
17/12/2016;2,25;P
18/12/2016;2,25;P
19/12/2016;2,25;P
20/12/2016;2,25;P
21/12/2016;2,25;P
22/12/2016;2,25;P
23/12/2016;2,25;P
24/12/2016;2,25;P
25/12/2016;2,25;P
26/12/2016;2,25;P
27/12/2016;2,25;P
28/12/2016;2,25;P
29/12/2016;2,25;P
30/12/2016;2,25;P
31/12/2016;2,25;P
01/01/2017;2,25;P
02/01/2017;2,25;P
03/01/2017;2,25;P
04/01/2017;2,25;P
05/01/2017;2,25;P
06/01/2017;2,25;P
07/01/2017;2,25;P
08/01/2017;2,25;P
09/01/2017;2,25;P
10/01/2017;2,25;P
11/01/2017;2,25;P
12/01/2017;2,25;P
13/01/2017;2,25;P
14/01/2017;2,25;P
15/01/2017;2,25;P
16/01/2017;2,25;P
17/01/2017;2,25;P
18/01/2017;2,25;P
19/01/2017;2,25;P
20/01/2017;2,25;P
21/01/2017;2,25;P
22/01/2017;2,25;P
23/01/2017;2,25;P
24/01/2017;2,25;P
25/01/2017;2,25;P
26/01/2017;2,25;P
27/01/2017;2,25;P
28/01/2017;2,25;P
29/01/2017;2,25;P
30/01/2017;2,25;P
31/01/2017;2,25;P
01/02/2017;2,25;P
02/02/2017;2,25;P
03/02/2017;2,25;P
04/02/2017;2,25;P
05/02/2017;2,25;P
06/02/2017;2,25;P
07/02/2017;2,25;P
08/02/2017;2,25;P
09/02/2017;2,25;P
10/02/2017;2,25;P
11/02/2017;2,25;P
12/02/2017;2,25;P
13/02/2017;2,25;P
14/02/2017;2,25;P
15/02/2017;2,24;P
16/02/2017;2,25;P
17/02/2017;2,24;P
18/02/2017;2,24;P
19/02/2017;2,24;P
20/02/2017;2,25;P
21/02/2017;2,25;P
22/02/2017;2,25;P
23/02/2017;2,25;P
24/02/2017;2,25;P
25/02/2017;2,51;P
26/02/2017;2,25;P
27/02/2017;2,25;P
28/02/2017;2,25;P
01/03/2017;2,24;P
02/03/2017;2,25;P
03/03/2017;2,24;P
04/03/2017;2,25;P
05/03/2017;2,25;P
06/03/2017;2,25;P
07/03/2017;2,29;P
08/03/2017;2,25;P
09/03/2017;2,24;P
10/03/2017;2,24;P
11/03/2017;2,24;P
12/03/2017;2,24;P
13/03/2017;2,24;P
14/03/2017;2,24;P
15/03/2017;2,24;P
16/03/2017;2,24;P
17/03/2017;2,24;P
18/03/2017;2,24;P
19/03/2017;2,24;P
20/03/2017;2,24;P
21/03/2017;2,24;P
22/03/2017;2,24;P
23/03/2017;2,24;P
24/03/2017;2,24;P
25/03/2017;2,24;P
26/03/2017;2,24;P
27/03/2017;2,24;P
28/03/2017;2,24;P
29/03/2017;2,24;P
30/03/2017;2,24;P
31/03/2017;2,24;P
01/04/2017;2,24;P
02/04/2017;2,24;P
03/04/2017;2,24;P
04/04/2017;2,24;P
05/04/2017;2,24;P
06/04/2017;2,24;P
07/04/2017;2,24;P
08/04/2017;2,24;P
09/04/2017;2,24;P
10/04/2017;2,24;P
11/04/2017;2,24;P
12/04/2017;2,24;P
13/04/2017;2,24;P
14/04/2017;2,24;P
15/04/2017;2,24;P
16/04/2017;2,24;P
17/04/2017;2,24;P
18/04/2017;2,24;P
19/04/2017;2,24;P
20/04/2017;2,24;P
21/04/2017;2,24;P
22/04/2017;2,24;P
23/04/2017;2,24;P
24/04/2017;2,24;P
25/04/2017;2,24;P
26/04/2017;2,24;P
27/04/2017;2,24;P
28/04/2017;2,24;P
29/04/2017;2,24;P
30/04/2017;2,24;P
01/05/2017;2,24;P
02/05/2017;2,24;P
03/05/2017;2,24;P
04/05/2017;2,24;P
05/05/2017;2,24;P
06/05/2017;2,24;P
07/05/2017;2,24;P
08/05/2017;2,24;P
09/05/2017;2,24;P
10/05/2017;2,24;P
11/05/2017;2,24;P
12/05/2017;2,24;P
13/05/2017;2,24;P
14/05/2017;2,24;P
15/05/2017;2,24;P
16/05/2017;2,24;P
17/05/2017;2,24;P
18/05/2017;2,24;P
19/05/2017;2,24;P
20/05/2017;2,24;P
21/05/2017;2,24;P
22/05/2017;2,24;P
23/05/2017;2,24;P
24/05/2017;2,24;P
25/05/2017;2,24;P
26/05/2017;2,24;P
27/05/2017;2,24;P
28/05/2017;2,24;P
29/05/2017;2,24;P
30/05/2017;2,24;P
31/05/2017;2,24;P
01/06/2017;2,24;P
02/06/2017;2,24;P
03/06/2017;2,24;P
04/06/2017;2,24;P
05/06/2017;2,24;P
06/06/2017;2,24;P
07/06/2017;2,24;P
08/06/2017;2,24;P
09/06/2017;2,24;P
10/06/2017;2,24;P
11/06/2017;2,24;P
12/06/2017;2,24;P
13/06/2017;2,24;P
14/06/2017;2,24;P
15/06/2017;2,24;P
16/06/2017;2,24;P
17/06/2017;2,24;P
18/06/2017;2,24;P
19/06/2017;2,24;P
20/06/2017;2,24;P
21/06/2017;2,24;P
22/06/2017;2,24;P
23/06/2017;2,24;P
24/06/2017;2,24;P
25/06/2017;2,24;P
26/06/2017;2,24;P
27/06/2017;2,24;P
28/06/2017;2,24;P
29/06/2017;2,24;P
30/06/2017;2,24;P
01/07/2017;2,24;P
02/07/2017;2,24;P
03/07/2017;2,24;P
04/07/2017;2,24;P
05/07/2017;2,24;P
06/07/2017;2,24;P
07/07/2017;2,24;P
08/07/2017;2,24;P
09/07/2017;2,24;P
10/07/2017;2,24;P
11/07/2017;2,24;P
12/07/2017;2,24;P
13/07/2017;2,24;P
14/07/2017;2,24;P
15/07/2017;2,24;P
16/07/2017;2,24;P
17/07/2017;2,24;P
18/07/2017;2,24;P
19/07/2017;2,24;P
20/07/2017;2,24;P
21/07/2017;2,24;P
22/07/2017;2,24;P
23/07/2017;2,24;P
24/07/2017;2,24;P
25/07/2017;2,24;P
26/07/2017;2,24;P
27/07/2017;2,24;P
28/07/2017;2,24;P
29/07/2017;2,24;P
30/07/2017;2,24;P
31/07/2017;2,24;P
01/08/2017;2,24;P
02/08/2017;2,24;P
03/08/2017;2,24;P
04/08/2017;2,24;P
05/08/2017;2,24;P
06/08/2017;2,24;P
07/08/2017;2,24;P
08/08/2017;2,24;P
09/08/2017;2,24;P
10/08/2017;2,24;P
11/08/2017;2,24;P
12/08/2017;2,24;P
13/08/2017;2,24;P
14/08/2017;2,24;P
15/08/2017;2,24;P
16/08/2017;2,24;P
17/08/2017;2,24;P
18/08/2017;2,24;P
19/08/2017;2,24;P
20/08/2017;2,24;P
21/08/2017;2,24;P
22/08/2017;2,24;P
23/08/2017;2,24;P
24/08/2017;2,24;P
25/08/2017;2,24;P
26/08/2017;2,24;P
27/08/2017;2,24;P
28/08/2017;2,24;P
29/08/2017;2,24;P
30/08/2017;2,24;P
31/08/2017;2,24;P
01/09/2017;2,24;P
02/09/2017;2,24;P
03/09/2017;2,24;P
04/09/2017;2,24;P
05/09/2017;2,24;P
06/09/2017;2,24;P
07/09/2017;2,24;P
08/09/2017;2,24;P
09/09/2017;2,24;P
10/09/2017;2,24;P
11/09/2017;2,24;P
12/09/2017;2,24;P
13/09/2017;2,24;P
14/09/2017;2,24;P
15/09/2017;2,24;P
16/09/2017;2,24;P
17/09/2017;2,24;P
18/09/2017;2,24;P
19/09/2017;2,24;P
20/09/2017;2,24;P
21/09/2017;2,24;P
22/09/2017;2,24;P
23/09/2017;2,24;P
24/09/2017;2,24;P
25/09/2017;2,24;P
26/09/2017;2,24;P
27/09/2017;2,24;P
28/09/2017;2,24;P
29/09/2017;2,24;P
30/09/2017;2,24;P
01/10/2017;2,24;P
02/10/2017;2,24;P
03/10/2017;2,24;P
04/10/2017;2,24;P
05/10/2017;2,24;P
06/10/2017;2,24;P
07/10/2017;2,24;P
08/10/2017;2,24;P
09/10/2017;2,24;P
10/10/2017;2,24;P
11/10/2017;2,24;P
12/10/2017;2,24;P
13/10/2017;2,24;P
14/10/2017;2,24;P
15/10/2017;2,24;P
16/10/2017;2,24;P
17/10/2017;2,24;P
18/10/2017;2,24;P
19/10/2017;2,24;P
20/10/2017;2,24;P
21/10/2017;2,24;P
22/10/2017;2,24;P
23/10/2017;2,24;P
24/10/2017;2,24;P
25/10/2017;2,24;P
26/10/2017;2,24;P
27/10/2017;2,24;P
28/10/2017;2,24;P
29/10/2017;2,24;P
30/10/2017;2,24;P
31/10/2017;2,24;P
01/11/2017;2,24;P
02/11/2017;2,24;P
03/11/2017;2,24;P
04/11/2017;2,24;P
05/11/2017;2,24;P
06/11/2017;2,25;P
07/11/2017;2,25;P
08/11/2017;2,24;P
09/11/2017;2,24;P
10/11/2017;2,24;P
11/11/2017;2,24;P
12/11/2017;2,24;P
13/11/2017;2,25;P
14/11/2017;2,25;P
15/11/2017;2,25;P
16/11/2017;2,25;P
17/11/2017;2,25;P
18/11/2017;2,25;P
19/11/2017;2,25;P
20/11/2017;2,25;P
21/11/2017;2,25;P
22/11/2017;2,25;P
23/11/2017;2,25;P
24/11/2017;2,25;P
25/11/2017;2,25;P
26/11/2017;2,25;P
27/11/2017;2,25;P
28/11/2017;2,25;P
29/11/2017;2,25;P
30/11/2017;2,25;P
01/12/2017;2,25;P
02/12/2017;2,25;P
03/12/2017;2,25;P
04/12/2017;2,25;P
05/12/2017;2,25;P
06/12/2017;2,25;P
07/12/2017;2,25;P
08/12/2017;2,25;P
09/12/2017;2,25;P
10/12/2017;2,25;P
11/12/2017;2,25;P
12/12/2017;2,25;P
13/12/2017;2,25;P
14/12/2017;2,25;P
15/12/2017;2,25;P
16/12/2017;2,25;P
17/12/2017;2,25;P
18/12/2017;2,25;P
19/12/2017;2,25;P
20/12/2017;2,25;P
21/12/2017;2,25;P
22/12/2017;2,25;P
23/12/2017;2,25;P
24/12/2017;2,25;P
25/12/2017;2,25;P
26/12/2017;2,25;P
27/12/2017;2,25;P
28/12/2017;2,25;P
29/12/2017;2,25;P
30/12/2017;2,25;P
31/12/2017;2,25;P
01/01/2018;2,25;P
02/01/2018;2,25;P
03/01/2018;2,25;P
04/01/2018;2,25;P
05/01/2018;2,25;P
06/01/2018;2,25;P
07/01/2018;2,25;P
08/01/2018;2,25;P
09/01/2018;2,25;P
10/01/2018;2,25;P
11/01/2018;2,25;P
12/01/2018;2,25;P
13/01/2018;2,25;P
14/01/2018;2,25;P
15/01/2018;2,25;P
16/01/2018;2,25;P
17/01/2018;2,25;P
18/01/2018;2,25;P
19/01/2018;2,25;P
20/01/2018;2,25;P
21/01/2018;2,25;P
22/01/2018;2,25;P
23/01/2018;2,25;P
24/01/2018;2,25;P
25/01/2018;2,25;P
26/01/2018;2,25;P
27/01/2018;2,25;P
28/01/2018;2,25;P
29/01/2018;2,25;P
30/01/2018;2,25;P
31/01/2018;2,25;P
01/02/2018;2,25;P
02/02/2018;2,41;P
03/02/2018;2,59;P
04/02/2018;2,25;P
05/02/2018;2,25;P
06/02/2018;2,25;P
07/02/2018;2,25;P
08/02/2018;2,25;P
09/02/2018;2,25;P
10/02/2018;2,25;P
11/02/2018;2,25;P
12/02/2018;2,25;P
13/02/2018;2,25;P
14/02/2018;2,24;P
15/02/2018;2,23;P
16/02/2018;2,23;P
17/02/2018;2,23;P
18/02/2018;2,41;P
19/02/2018;2,23;P
20/02/2018;2,23;P
21/02/2018;2,23;P
22/02/2018;2,23;P
23/02/2018;2,23;P
24/02/2018;2,23;P
25/02/2018;2,23;P
26/02/2018;2,23;P
27/02/2018;2,23;P
28/02/2018;2,23;P
01/03/2018;2,23;P
02/03/2018;2,30;P
03/03/2018;2,61;P
04/03/2018;2,37;P
05/03/2018;2,23;P
06/03/2018;2,23;P
07/03/2018;2,23;P
08/03/2018;2,23;P
09/03/2018;2,23;P
10/03/2018;2,23;P
11/03/2018;2,23;P
12/03/2018;2,58;P
13/03/2018;2,35;P
14/03/2018;2,23;P
15/03/2018;2,23;P
16/03/2018;2,39;P
17/03/2018;2,23;P
18/03/2018;2,23;P
19/03/2018;2,23;P
20/03/2018;2,23;P
21/03/2018;2,23;P
22/03/2018;2,23;P
23/03/2018;2,23;P
24/03/2018;2,23;P
25/03/2018;2,23;P
26/03/2018;2,23;P
27/03/2018;2,23;P
28/03/2018;2,23;P
29/03/2018;2,23;P
30/03/2018;2,23;P
31/03/2018;2,23;P
01/04/2018;2,23;P
02/04/2018;2,22;P
03/04/2018;2,22;P
04/04/2018;2,23;P
05/04/2018;2,23;P
06/04/2018;2,23;P
07/04/2018;2,22;P
08/04/2018;2,22;P
09/04/2018;2,22;P
10/04/2018;2,23;P
11/04/2018;2,23;P
12/04/2018;2,23;P
13/04/2018;2,23;P
14/04/2018;2,22;P
15/04/2018;2,22;P
16/04/2018;2,22;P
17/04/2018;2,22;P
18/04/2018;2,22;P
19/04/2018;2,22;P
20/04/2018;2,22;P
21/04/2018;2,22;P
22/04/2018;2,22;P
23/04/2018;2,22;P
24/04/2018;2,22;P
25/04/2018;2,22;P
26/04/2018;2,22;P
27/04/2018;2,22;P
28/04/2018;2,22;P
29/04/2018;2,22;P
30/04/2018;2,22;P
01/05/2018;2,22;P
02/05/2018;2,22;P
03/05/2018;2,22;P
04/05/2018;2,22;P
05/05/2018;2,22;P
06/05/2018;2,22;P
07/05/2018;2,22;P
08/05/2018;2,22;P
09/05/2018;2,22;P
10/05/2018;2,22;P
11/05/2018;2,22;P
12/05/2018;2,22;P
13/05/2018;2,22;P
14/05/2018;2,22;P
15/05/2018;2,22;P
16/05/2018;2,23;P
17/05/2018;2,22;P
18/05/2018;2,22;P
19/05/2018;2,22;P
20/05/2018;2,22;P
21/05/2018;2,22;P
22/05/2018;2,22;P
23/05/2018;2,22;P
24/05/2018;2,22;P
25/05/2018;2,22;P
26/05/2018;2,22;P
27/05/2018;2,22;P
28/05/2018;2,22;P
29/05/2018;2,22;P
30/05/2018;2,22;P
31/05/2018;2,22;P
01/06/2018;2,22;P
02/06/2018;2,22;P
03/06/2018;2,22;P
04/06/2018;2,22;P
05/06/2018;2,22;P
06/06/2018;2,22;P
07/06/2018;2,22;P
08/06/2018;2,22;P
09/06/2018;2,22;P
10/06/2018;2,22;P
11/06/2018;2,22;P
12/06/2018;2,22;P
13/06/2018;2,22;P
14/06/2018;2,22;P
15/06/2018;2,22;P
16/06/2018;2,22;P
17/06/2018;2,22;P
18/06/2018;2,22;P
19/06/2018;2,22;P
20/06/2018;2,22;P
21/06/2018;2,22;P
22/06/2018;2,22;P
23/06/2018;2,22;P
24/06/2018;2,22;P
25/06/2018;2,22;P
26/06/2018;2,22;P
27/06/2018;2,22;P
28/06/2018;2,22;P
29/06/2018;2,22;P
30/06/2018;2,22;P
01/07/2018;2,22;P
02/07/2018;2,22;P
03/07/2018;2,22;P
04/07/2018;2,22;P
05/07/2018;2,22;P
06/07/2018;2,22;P
07/07/2018;2,22;P
08/07/2018;2,22;P
09/07/2018;2,22;P
10/07/2018;2,22;P
11/07/2018;2,22;P
12/07/2018;2,22;P
13/07/2018;2,22;P
14/07/2018;2,22;P
15/07/2018;2,22;P
16/07/2018;2,22;P
17/07/2018;2,22;P
18/07/2018;2,22;P
19/07/2018;2,22;P
20/07/2018;2,22;P
21/07/2018;2,22;P
22/07/2018;2,22;P
23/07/2018;2,22;P
24/07/2018;2,22;P
25/07/2018;2,22;P
26/07/2018;2,22;P
27/07/2018;2,22;P
28/07/2018;2,22;P
29/07/2018;2,22;P
30/07/2018;2,22;P
31/07/2018;2,22;P
01/08/2018;2,22;P
02/08/2018;2,22;P
03/08/2018;2,22;P
04/08/2018;2,22;P
05/08/2018;2,22;P
06/08/2018;2,22;P
07/08/2018;2,22;P
08/08/2018;2,22;P
09/08/2018;2,22;P
10/08/2018;2,22;P
11/08/2018;2,22;P
12/08/2018;2,22;P
13/08/2018;2,22;P
14/08/2018;2,22;P
15/08/2018;2,22;P
16/08/2018;2,22;P
17/08/2018;2,22;P
18/08/2018;2,22;P
19/08/2018;2,22;P
20/08/2018;2,22;P
21/08/2018;2,22;P
22/08/2018;2,22;P
23/08/2018;2,22;P
24/08/2018;2,22;P
25/08/2018;2,22;P
26/08/2018;2,22;P
27/08/2018;2,22;P
28/08/2018;2,22;P
29/08/2018;2,22;P
30/08/2018;2,22;P
31/08/2018;2,22;P
01/09/2018;2,22;P
02/09/2018;2,22;P
03/09/2018;2,22;P
04/09/2018;2,22;P
05/09/2018;2,22;P
06/09/2018;2,22;P
07/09/2018;2,22;P
08/09/2018;2,22;P
09/09/2018;2,22;P
10/09/2018;2,22;P
11/09/2018;2,22;P
12/09/2018;2,22;P
13/09/2018;2,22;P
14/09/2018;2,22;P
15/09/2018;2,22;P
16/09/2018;2,22;P
17/09/2018;2,22;P
18/09/2018;2,22;P
19/09/2018;2,22;P
20/09/2018;2,22;P
21/09/2018;2,22;P
22/09/2018;2,22;P
23/09/2018;2,22;P
24/09/2018;2,22;P
25/09/2018;2,22;P
26/09/2018;2,22;P
27/09/2018;2,22;P
28/09/2018;2,22;P
29/09/2018;2,22;P
30/09/2018;2,22;P
01/10/2018;2,22;P
02/10/2018;2,22;P
03/10/2018;2,22;P
04/10/2018;2,22;P
05/10/2018;2,22;P
06/10/2018;2,22;P
07/10/2018;2,22;P
08/10/2018;2,22;P
09/10/2018;2,22;P
10/10/2018;2,22;P
11/10/2018;2,22;P
12/10/2018;2,22;P
13/10/2018;2,22;P
14/10/2018;2,22;P
15/10/2018;2,22;P
16/10/2018;2,22;P
17/10/2018;2,22;P
18/10/2018;2,22;P
19/10/2018;2,22;P
20/10/2018;2,22;P
21/10/2018;2,22;P
22/10/2018;2,22;P
23/10/2018;2,22;P
24/10/2018;2,22;P
25/10/2018;2,22;P
26/10/2018;2,22;P
27/10/2018;2,22;P
28/10/2018;2,22;P
29/10/2018;2,23;P
30/10/2018;2,23;P
31/10/2018;2,23;P
01/11/2018;2,23;P
02/11/2018;2,23;P
03/11/2018;2,23;P
04/11/2018;2,23;P
05/11/2018;2,23;P
06/11/2018;2,23;P
07/11/2018;2,23;P
08/11/2018;2,23;P
09/11/2018;2,23;P
10/11/2018;2,23;P
11/11/2018;2,22;P
12/11/2018;2,23;P
13/11/2018;2,22;P
14/11/2018;2,22;P
15/11/2018;2,23;P
16/11/2018;2,22;P
17/11/2018;2,23;P
18/11/2018;2,23;P
19/11/2018;2,23;P
20/11/2018;2,23;P
21/11/2018;2,23;P
22/11/2018;2,23;P
23/11/2018;2,23;P
24/11/2018;2,23;P
25/11/2018;2,23;P
26/11/2018;2,23;P
27/11/2018;2,23;P
28/11/2018;2,23;P
29/11/2018;2,23;P
30/11/2018;2,23;P
01/12/2018;2,23;P
02/12/2018;2,23;P
03/12/2018;2,23;P
04/12/2018;2,23;P
05/12/2018;2,23;P
06/12/2018;2,23;P
07/12/2018;2,23;P
08/12/2018;2,23;P
09/12/2018;2,23;P
10/12/2018;2,23;P
11/12/2018;2,23;P
12/12/2018;2,23;P
13/12/2018;2,23;P
14/12/2018;2,23;P
15/12/2018;2,23;P
16/12/2018;2,23;P
17/12/2018;2,23;P
18/12/2018;2,23;P
19/12/2018;2,23;P
20/12/2018;2,23;P
21/12/2018;2,23;P
22/12/2018;2,23;P
23/12/2018;2,23;P
24/12/2018;2,23;P
25/12/2018;2,23;P
26/12/2018;2,23;P
27/12/2018;2,23;P
28/12/2018;2,23;P
29/12/2018;2,23;P
30/12/2018;2,23;P
31/12/2018;2,23;P
01/01/2019;2,23;P
02/01/2019;2,23;P
03/01/2019;2,23;P
04/01/2019;2,23;P
05/01/2019;2,23;P
06/01/2019;2,23;P
07/01/2019;2,23;P
08/01/2019;2,23;P
09/01/2019;2,23;P
10/01/2019;2,23;P
11/01/2019;2,23;P
12/01/2019;2,23;P
13/01/2019;2,23;P
14/01/2019;2,23;P
15/01/2019;2,23;P
16/01/2019;2,23;P
17/01/2019;2,23;P
18/01/2019;2,23;P
19/01/2019;2,23;P
20/01/2019;2,23;P
21/01/2019;2,23;P
22/01/2019;2,23;P
23/01/2019;2,23;P
24/01/2019;2,23;P
25/01/2019;2,23;P
26/01/2019;2,23;P
27/01/2019;2,23;P
28/01/2019;2,23;P
29/01/2019;2,23;P
30/01/2019;2,23;P
31/01/2019;2,23;P
01/02/2019;2,23;P
02/02/2019;2,51;P
03/02/2019;2,56;P
04/02/2019;2,23;P
05/02/2019;2,23;P
06/02/2019;2,23;P
07/02/2019;2,23;P
08/02/2019;2,23;P
09/02/2019;2,23;P
10/02/2019;2,23;P
11/02/2019;2,23;P
12/02/2019;2,23;P
13/02/2019;2,23;P
14/02/2019;2,23;P
15/02/2019;2,23;P
16/02/2019;2,23;P
17/02/2019;2,23;P
18/02/2019;2,23;P
19/02/2019;2,23;P
20/02/2019;2,23;P
21/02/2019;2,23;P
22/02/2019;2,23;P
23/02/2019;2,23;P
24/02/2019;2,23;P
25/02/2019;2,23;P
26/02/2019;2,23;P
27/02/2019;2,23;P
28/02/2019;2,23;P
01/03/2019;2,23;P
02/03/2019;2,23;P
03/03/2019;2,23;P
04/03/2019;2,23;P
05/03/2019;2,23;P
06/03/2019;2,23;P
07/03/2019;2,23;P
08/03/2019;2,23;P
09/03/2019;2,23;P
10/03/2019;2,23;P
11/03/2019;2,23;P
12/03/2019;2,23;P
13/03/2019;2,23;P
14/03/2019;2,23;P
15/03/2019;2,23;P
16/03/2019;2,23;P
17/03/2019;2,23;P
18/03/2019;2,23;P
19/03/2019;2,23;P
20/03/2019;2,23;P
21/03/2019;2,23;P
22/03/2019;2,23;P
23/03/2019;2,23;P
24/03/2019;2,23;P
25/03/2019;2,23;P
26/03/2019;2,23;P
27/03/2019;2,23;P
28/03/2019;2,23;P
29/03/2019;2,23;P
30/03/2019;2,23;P
31/03/2019;2,23;P
01/04/2019;2,23;P
02/04/2019;2,23;P
03/04/2019;2,23;P
04/04/2019;2,23;P
05/04/2019;2,23;P
06/04/2019;2,23;P
07/04/2019;2,23;P
08/04/2019;2,23;P
09/04/2019;2,23;P
10/04/2019;2,23;P
11/04/2019;2,23;P
12/04/2019;2,23;P
13/04/2019;2,23;P
14/04/2019;2,23;P
15/04/2019;2,23;P
16/04/2019;2,23;P
17/04/2019;2,23;P
18/04/2019;2,23;P
19/04/2019;2,23;P
20/04/2019;2,23;P
21/04/2019;2,23;P
22/04/2019;2,23;P
23/04/2019;2,23;P
24/04/2019;2,23;P
25/04/2019;2,23;P
26/04/2019;2,23;P
27/04/2019;2,23;P
28/04/2019;2,23;P
29/04/2019;2,23;P
30/04/2019;2,23;P
01/05/2019;2,23;P
02/05/2019;2,23;P
03/05/2019;2,23;P
04/05/2019;2,23;P
05/05/2019;2,23;P
06/05/2019;2,23;P
07/05/2019;2,23;P
08/05/2019;2,23;P
09/05/2019;2,23;P
10/05/2019;2,23;P
11/05/2019;2,23;P
12/05/2019;2,23;P
13/05/2019;2,23;P
14/05/2019;2,23;P
15/05/2019;2,23;P
16/05/2019;2,23;P
17/05/2019;2,23;P
18/05/2019;2,23;P
19/05/2019;2,23;P
20/05/2019;2,23;P
21/05/2019;2,23;P
22/05/2019;2,23;P
23/05/2019;2,23;P
24/05/2019;2,23;P
25/05/2019;2,23;P
26/05/2019;2,23;P
27/05/2019;2,23;P
28/05/2019;2,23;P
29/05/2019;2,23;P
30/05/2019;2,23;P
31/05/2019;2,23;P
01/06/2019;2,23;P
02/06/2019;2,23;P
03/06/2019;2,23;P
04/06/2019;2,23;P
05/06/2019;2,22;P
06/06/2019;2,23;P
07/06/2019;2,22;P
08/06/2019;2,23;P
09/06/2019;2,22;P
10/06/2019;2,22;P
11/06/2019;2,22;P
12/06/2019;2,22;P
13/06/2019;2,22;P
14/06/2019;2,22;P
15/06/2019;2,22;P
16/06/2019;2,22;P
17/06/2019;2,22;P
18/06/2019;2,22;P
19/06/2019;2,22;P
20/06/2019;2,22;P
21/06/2019;2,22;P
22/06/2019;2,22;P
23/06/2019;2,22;P
24/06/2019;2,22;P
25/06/2019;2,22;P
26/06/2019;2,22;P
27/06/2019;2,22;P
28/06/2019;2,22;P
29/06/2019;2,22;P
30/06/2019;2,22;P
01/07/2019;2,22;P
02/07/2019;2,22;P
03/07/2019;2,22;P
04/07/2019;2,22;P
05/07/2019;2,22;P
06/07/2019;2,22;P
07/07/2019;2,22;P
08/07/2019;2,22;P
09/07/2019;2,22;P
10/07/2019;2,22;P
11/07/2019;2,22;P
12/07/2019;2,22;P
13/07/2019;2,22;P
14/07/2019;2,22;P
15/07/2019;2,22;P
16/07/2019;2,23;P
17/07/2019;2,23;P
18/07/2019;2,23;P
19/07/2019;2,23;P
20/07/2019;2,23;P
21/07/2019;2,23;P
22/07/2019;2,23;P
23/07/2019;2,23;P
24/07/2019;2,23;P
25/07/2019;2,23;P
26/07/2019;2,22;P
27/07/2019;2,22;P
28/07/2019;2,22;P
29/07/2019;2,23;P
30/07/2019;2,23;P
31/07/2019;2,23;P
01/08/2019;2,22;P
02/08/2019;2,23;P
03/08/2019;2,23;P
04/08/2019;2,23;P
05/08/2019;2,23;P
06/08/2019;2,23;P
07/08/2019;2,23;P
08/08/2019;2,23;P
09/08/2019;2,23;P
10/08/2019;2,23;P
11/08/2019;2,23;P
12/08/2019;2,23;P
13/08/2019;2,23;P
14/08/2019;2,23;P
15/08/2019;2,23;P
16/08/2019;2,23;P
17/08/2019;2,22;P
18/08/2019;2,22;P
19/08/2019;2,23;P
20/08/2019;2,23;P
21/08/2019;2,23;P
22/08/2019;2,23;P
23/08/2019;2,22;P
24/08/2019;2,23;P
25/08/2019;2,23;P
26/08/2019;2,23;P
27/08/2019;2,23;P
28/08/2019;2,23;P
29/08/2019;2,23;P
30/08/2019;2,23;P
31/08/2019;2,23;P
01/09/2019;2,23;P
02/09/2019;2,23;P
03/09/2019;2,23;P
04/09/2019;2,23;P
05/09/2019;2,23;P
06/09/2019;2,22;P
07/09/2019;2,23;P
08/09/2019;2,23;P
09/09/2019;2,23;P
10/09/2019;2,23;P
11/09/2019;2,23;P
12/09/2019;2,23;P
13/09/2019;2,23;P
14/09/2019;2,23;P
15/09/2019;2,23;P
16/09/2019;2,23;P
17/09/2019;2,23;P
18/09/2019;2,23;P
19/09/2019;2,23;P
20/09/2019;2,23;P
21/09/2019;2,23;P
22/09/2019;2,23;P
23/09/2019;2,23;P
24/09/2019;2,23;P
25/09/2019;2,23;P
26/09/2019;2,23;P
27/09/2019;2,23;P
28/09/2019;2,23;P
29/09/2019;2,23;P
30/09/2019;2,23;P
01/10/2019;2,23;P
02/10/2019;2,23;P
03/10/2019;2,23;P
04/10/2019;2,23;P
05/10/2019;2,23;P
06/10/2019;2,23;P
07/10/2019;2,23;P
08/10/2019;2,23;P
09/10/2019;2,23;P
10/10/2019;2,23;P
11/10/2019;2,23;P
12/10/2019;2,23;P
13/10/2019;2,23;P
14/10/2019;2,23;P
15/10/2019;2,23;P
16/10/2019;2,23;P
17/10/2019;2,23;P
18/10/2019;2,23;P
19/10/2019;2,23;P
20/10/2019;2,23;P
21/10/2019;2,23;P
22/10/2019;2,23;P
23/10/2019;2,23;P
24/10/2019;2,23;P
25/10/2019;2,23;P
26/10/2019;2,23;P
27/10/2019;2,23;P
28/10/2019;2,23;P
29/10/2019;2,23;P
30/10/2019;2,23;P
31/10/2019;2,23;P
01/11/2019;2,23;P
02/11/2019;2,23;P
03/11/2019;2,23;P
04/11/2019;2,23;P
05/11/2019;2,23;P
06/11/2019;2,23;P
07/11/2019;2,23;P
08/11/2019;2,23;P
09/11/2019;2,23;P
10/11/2019;2,23;P
11/11/2019;2,23;P
12/11/2019;2,23;P
13/11/2019;2,23;P
14/11/2019;2,23;P
15/11/2019;2,23;P
16/11/2019;2,25;P
17/11/2019;3,91;P
18/11/2019;2,39;P
19/11/2019;2,23;P
20/11/2019;2,23;P
21/11/2019;2,23;P
22/11/2019;2,23;P
23/11/2019;2,23;P
24/11/2019;2,23;P
25/11/2019;2,23;P
26/11/2019;2,23;P
27/11/2019;2,23;P
28/11/2019;2,23;P
29/11/2019;2,23;P
30/11/2019;2,23;P
01/12/2019;2,23;P
02/12/2019;2,33;P
03/12/2019;2,49;P
04/12/2019;2,23;P
05/12/2019;2,23;P
06/12/2019;2,23;P
07/12/2019;2,23;P
08/12/2019;2,23;P
09/12/2019;2,23;P
10/12/2019;2,23;P
11/12/2019;2,23;P
12/12/2019;2,23;P
13/12/2019;2,23;P
14/12/2019;2,23;P
15/12/2019;2,23;P
16/12/2019;2,23;P
17/12/2019;2,23;P
18/12/2019;2,23;P
19/12/2019;2,23;P
20/12/2019;2,23;P
21/12/2019;2,66;P
22/12/2019;3,58;P
23/12/2019;2,52;P
24/12/2019;2,23;P
25/12/2019;2,23;P
26/12/2019;2,23;P
27/12/2019;2,23;P
28/12/2019;2,23;P
29/12/2019;2,23;P
30/12/2019;2,23;P
31/12/2019;2,23;P
01/01/2020;2,23;V
02/01/2020;2,23;V
03/01/2020;2,23;V
04/01/2020;2,23;V
05/01/2020;2,23;V
06/01/2020;2,23;V
07/01/2020;2,23;V
08/01/2020;2,23;V
09/01/2020;2,23;V
10/01/2020;2,23;V
11/01/2020;2,23;V
12/01/2020;2,23;V
13/01/2020;2,23;V
14/01/2020;2,23;V
15/01/2020;2,23;V
16/01/2020;2,23;V
17/01/2020;2,23;V
18/01/2020;2,23;V
19/01/2020;2,23;V
20/01/2020;2,23;V
21/01/2020;2,23;V
22/01/2020;2,23;V
23/01/2020;2,23;V
24/01/2020;2,23;V
25/01/2020;2,23;V
26/01/2020;2,23;V
27/01/2020;2,23;V
28/01/2020;2,23;V
29/01/2020;2,23;V
30/01/2020;2,23;V
31/01/2020;2,23;V
01/02/2020;2,23;V
02/02/2020;2,23;V
03/02/2020;2,23;V
04/02/2020;2,23;V
05/02/2020;2,23;V
06/02/2020;2,23;V
07/02/2020;2,23;V
08/02/2020;2,23;V
09/02/2020;2,23;V
10/02/2020;2,23;V
11/02/2020;2,23;V
12/02/2020;2,23;V
13/02/2020;2,23;V
14/02/2020;2,23;V
15/02/2020;2,23;V
16/02/2020;2,23;V
17/02/2020;2,23;V
18/02/2020;2,23;V
19/02/2020;2,23;V
20/02/2020;2,23;V
21/02/2020;2,23;V
22/02/2020;2,23;V
23/02/2020;2,23;V
24/02/2020;2,23;V
25/02/2020;2,23;V
26/02/2020;2,23;V
27/02/2020;2,23;V
28/02/2020;2,23;V
29/02/2020;2,23;V
01/03/2020;2,23;V
02/03/2020;2,23;V
03/03/2020;2,65;V
04/03/2020;2,23;V
05/03/2020;2,23;V
06/03/2020;2,23;V
07/03/2020;2,23;V
08/03/2020;2,23;V
09/03/2020;2,23;V
10/03/2020;2,23;V
11/03/2020;2,23;V
12/03/2020;2,23;V
13/03/2020;2,23;V
14/03/2020;2,23;V
15/03/2020;2,23;V
16/03/2020;2,23;V
17/03/2020;2,23;V
18/03/2020;2,23;V
19/03/2020;2,23;V
20/03/2020;2,23;V
21/03/2020;2,23;V
22/03/2020;2,23;V
23/03/2020;2,23;V
24/03/2020;2,23;V
25/03/2020;2,23;V
26/03/2020;2,23;V
27/03/2020;2,23;V
28/03/2020;2,23;V
29/03/2020;2,23;V
30/03/2020;2,23;V
31/03/2020;2,23;V
01/04/2020;2,23;V
02/04/2020;2,23;V
03/04/2020;2,23;V
04/04/2020;2,23;V
05/04/2020;2,23;V
06/04/2020;2,23;V
07/04/2020;2,23;V
08/04/2020;2,23;V
09/04/2020;2,23;V
10/04/2020;2,23;V
11/04/2020;2,23;V
12/04/2020;2,23;V
13/04/2020;2,23;V
14/04/2020;2,23;V
15/04/2020;2,23;V
16/04/2020;2,23;V
17/04/2020;2,23;V
18/04/2020;2,23;V
19/04/2020;2,23;V
20/04/2020;2,23;V
21/04/2020;2,23;V
22/04/2020;2,23;V
23/04/2020;2,23;V
24/04/2020;2,23;V
25/04/2020;2,23;V
26/04/2020;2,23;V
27/04/2020;2,23;V
28/04/2020;2,23;V
29/04/2020;2,23;V
30/04/2020;2,23;V
01/05/2020;2,23;V
02/05/2020;2,23;V
03/05/2020;2,23;V
04/05/2020;2,23;V
05/05/2020;2,23;V
06/05/2020;2,23;V
07/05/2020;2,23;V
08/05/2020;2,23;V
09/05/2020;2,23;V
10/05/2020;2,23;V
11/05/2020;2,23;V
12/05/2020;2,23;V
13/05/2020;2,23;V
14/05/2020;2,23;V
15/05/2020;2,23;V
16/05/2020;2,23;V
17/05/2020;2,23;V
18/05/2020;2,23;V
19/05/2020;2,23;V
20/05/2020;2,23;V
21/05/2020;2,23;V
22/05/2020;2,23;V
23/05/2020;2,23;V
24/05/2020;2,23;V
25/05/2020;2,23;V
26/05/2020;2,23;V
27/05/2020;2,23;V
28/05/2020;2,23;V
29/05/2020;2,23;V
30/05/2020;2,23;V
31/05/2020;2,23;V
01/06/2020;2,23;V
02/06/2020;2,23;V
03/06/2020;2,23;V
04/06/2020;2,23;V
05/06/2020;2,23;V
06/06/2020;2,23;V
07/06/2020;2,23;V
08/06/2020;2,23;V
09/06/2020;2,23;V
10/06/2020;2,23;V
11/06/2020;2,23;V
12/06/2020;2,23;V
13/06/2020;2,23;V
14/06/2020;2,23;V
15/06/2020;2,23;V
16/06/2020;2,23;V
17/06/2020;2,23;V
18/06/2020;2,23;V
19/06/2020;2,23;V
20/06/2020;2,23;V
21/06/2020;2,23;V
22/06/2020;2,23;V
23/06/2020;2,23;V
24/06/2020;2,23;V
25/06/2020;2,23;V
26/06/2020;2,23;V
27/06/2020;2,23;V
28/06/2020;2,23;V
29/06/2020;2,23;V
30/06/2020;2,23;V
01/07/2020;2,23;V
02/07/2020;2,23;V
03/07/2020;2,23;V
04/07/2020;2,23;V
05/07/2020;2,23;V
06/07/2020;2,23;V
07/07/2020;2,23;V
08/07/2020;2,23;V
09/07/2020;2,23;V
10/07/2020;2,23;V
11/07/2020;2,23;V
12/07/2020;2,23;V
13/07/2020;2,23;V
14/07/2020;2,23;V
15/07/2020;2,23;V
16/07/2020;2,23;V
17/07/2020;2,23;V
18/07/2020;2,23;V
19/07/2020;2,23;V
20/07/2020;2,23;V
21/07/2020;2,23;V
22/07/2020;2,23;V
23/07/2020;2,23;V
24/07/2020;2,23;V
25/07/2020;2,23;V
26/07/2020;2,23;V
27/07/2020;2,23;V
28/07/2020;2,23;V
29/07/2020;2,23;V
30/07/2020;2,23;V
31/07/2020;2,23;V
01/08/2020;2,23;V
02/08/2020;2,23;V
03/08/2020;2,23;V
04/08/2020;2,23;V
05/08/2020;2,23;V
06/08/2020;2,23;V
07/08/2020;2,23;V
08/08/2020;2,23;V
09/08/2020;2,23;V
10/08/2020;2,23;V
11/08/2020;2,23;V
12/08/2020;2,23;V
13/08/2020;2,23;V
14/08/2020;2,23;V
15/08/2020;2,23;V
16/08/2020;2,23;V
17/08/2020;2,23;V
18/08/2020;2,23;V
19/08/2020;2,23;V
20/08/2020;2,23;V
21/08/2020;2,23;V
22/08/2020;2,23;V
23/08/2020;2,23;V
24/08/2020;2,23;V
25/08/2020;2,23;V
26/08/2020;2,23;V
27/08/2020;2,23;V
28/08/2020;2,23;V
29/08/2020;2,23;V
30/08/2020;2,23;V
31/08/2020;2,23;V
01/09/2020;2,23;V
02/09/2020;2,23;V
03/09/2020;2,23;V
04/09/2020;2,23;V
05/09/2020;2,23;V
06/09/2020;2,23;V
07/09/2020;2,23;V
08/09/2020;2,23;V
09/09/2020;2,23;V
10/09/2020;2,23;V
11/09/2020;2,23;V
12/09/2020;2,23;V
13/09/2020;2,23;V
14/09/2020;2,23;V
15/09/2020;2,23;V
16/09/2020;2,23;V
17/09/2020;2,23;V
18/09/2020;2,23;V
19/09/2020;2,23;V
20/09/2020;2,23;V
21/09/2020;2,23;V
22/09/2020;2,23;V
23/09/2020;2,23;V
24/09/2020;2,23;V
25/09/2020;2,23;V
26/09/2020;2,23;V
27/09/2020;2,23;V
28/09/2020;2,23;V
29/09/2020;2,23;V
30/09/2020;2,23;V
01/10/2020;2,23;V
02/10/2020;2,23;V
03/10/2020;2,23;V
04/10/2020;2,23;V
05/10/2020;2,23;V
06/10/2020;2,23;V
07/10/2020;2,23;V
08/10/2020;2,23;V
09/10/2020;2,23;V
10/10/2020;2,23;V
11/10/2020;2,23;V
12/10/2020;2,23;V
13/10/2020;2,23;V
14/10/2020;2,23;V
15/10/2020;2,23;V
16/10/2020;2,23;V
17/10/2020;2,23;V
18/10/2020;2,23;V
19/10/2020;2,23;V
20/10/2020;2,23;V
21/10/2020;2,23;V
22/10/2020;2,23;V
23/10/2020;2,23;V
24/10/2020;2,23;V
25/10/2020;2,23;V
26/10/2020;2,23;V
27/10/2020;2,23;V
28/10/2020;2,23;V
29/10/2020;2,23;V
30/10/2020;2,23;V
31/10/2020;2,23;V
01/11/2020;2,23;V
02/11/2020;2,23;V
03/11/2020;2,23;V
04/11/2020;2,23;V
05/11/2020;2,23;V
06/11/2020;2,23;V
07/11/2020;2,23;V
08/11/2020;2,23;V
09/11/2020;2,23;V
10/11/2020;2,23;V
11/11/2020;2,23;V
12/11/2020;2,23;V
13/11/2020;2,23;V
14/11/2020;2,23;V
15/11/2020;2,23;V
16/11/2020;2,23;V
17/11/2020;2,23;V
18/11/2020;2,23;V
19/11/2020;2,23;V
20/11/2020;2,23;V
21/11/2020;2,23;V
22/11/2020;2,23;V
23/11/2020;2,23;V
24/11/2020;2,23;V
25/11/2020;2,23;V
26/11/2020;2,23;V
27/11/2020;2,23;V
28/11/2020;2,23;V
29/11/2020;2,23;V
30/11/2020;2,23;V
01/12/2020;2,23;V
02/12/2020;2,23;V
03/12/2020;2,23;V
04/12/2020;2,23;V
05/12/2020;2,54;V
06/12/2020;2,60;V
07/12/2020;2,29;V
08/12/2020;2,23;V
09/12/2020;2,23;V
10/12/2020;2,23;V
11/12/2020;2,23;V
12/12/2020;2,23;V
13/12/2020;2,23;V
14/12/2020;2,23;V
15/12/2020;2,23;V
16/12/2020;2,23;V
17/12/2020;2,23;V
18/12/2020;2,23;V
19/12/2020;2,23;V
20/12/2020;2,23;V
21/12/2020;2,23;V
22/12/2020;2,23;V
23/12/2020;2,23;V
24/12/2020;2,23;V
25/12/2020;2,23;V
26/12/2020;2,23;V
27/12/2020;2,23;V
28/12/2020;2,23;V
29/12/2020;2,23;V
30/12/2020;2,27;V
31/12/2020;2,23;V
01/01/2021;2,23;P
02/01/2021;2,26;P
03/01/2021;2,30;P
04/01/2021;2,23;P
05/01/2021;2,23;P
06/01/2021;2,23;P
07/01/2021;2,23;P
08/01/2021;2,23;P
09/01/2021;2,23;P
10/01/2021;2,23;P
11/01/2021;2,23;P
12/01/2021;2,23;P
13/01/2021;2,23;P
14/01/2021;2,23;P
15/01/2021;2,23;P
16/01/2021;2,23;P
17/01/2021;2,23;P
18/01/2021;2,23;P
19/01/2021;2,23;P
20/01/2021;2,23;P
21/01/2021;2,23;P
22/01/2021;2,23;P
23/01/2021;2,23;P
24/01/2021;2,28;P
25/01/2021;2,32;P
26/01/2021;2,25;P
27/01/2021;2,23;P
28/01/2021;2,23;P
29/01/2021;2,23;P
30/01/2021;2,23;P
31/01/2021;2,23;P
01/02/2021;2,23;P
02/02/2021;2,23;P
03/02/2021;2,23;P
04/02/2021;2,23;P
05/02/2021;2,23;P
06/02/2021;2,23;P
07/02/2021;2,23;P
08/02/2021;2,23;P
09/02/2021;2,43;P
10/02/2021;2,42;P
11/02/2021;2,32;P
12/02/2021;2,23;P
13/02/2021;2,23;P
14/02/2021;2,23;P
15/02/2021;2,23;P
16/02/2021;2,23;P
17/02/2021;2,23;P
18/02/2021;2,23;P
19/02/2021;2,23;P
20/02/2021;2,23;P
21/02/2021;2,23;P
22/02/2021;2,23;P
23/02/2021;2,23;P
24/02/2021;2,23;P
25/02/2021;2,23;P
26/02/2021;2,23;P
27/02/2021;2,23;P
28/02/2021;2,23;P
01/03/2021;2,23;P
02/03/2021;2,23;P
03/03/2021;2,23;P
04/03/2021;2,23;P
05/03/2021;2,23;P
06/03/2021;2,23;P
07/03/2021;2,23;P
08/03/2021;2,23;P
09/03/2021;2,23;P
10/03/2021;2,23;P
11/03/2021;2,23;P
12/03/2021;2,23;P
13/03/2021;2,23;P
14/03/2021;2,23;P
15/03/2021;2,23;P
16/03/2021;2,23;P
17/03/2021;2,23;P
18/03/2021;2,23;P
19/03/2021;2,23;P
20/03/2021;2,23;P
21/03/2021;2,23;P
22/03/2021;2,23;P
23/03/2021;2,23;P
24/03/2021;2,23;P
25/03/2021;2,23;P
26/03/2021;2,23;P
27/03/2021;2,23;P
28/03/2021;2,23;P
29/03/2021;2,23;P
30/03/2021;2,23;P
31/03/2021;2,23;P
01/04/2021;2,23;P
02/04/2021;2,23;P
03/04/2021;2,23;P
04/04/2021;2,23;P
05/04/2021;2,23;P
06/04/2021;2,23;P
07/04/2021;2,23;P
08/04/2021;2,23;P
09/04/2021;2,23;P
10/04/2021;2,23;P
11/04/2021;2,23;P
12/04/2021;2,23;P
13/04/2021;2,23;P
14/04/2021;2,23;P
15/04/2021;2,23;P
16/04/2021;2,23;P
17/04/2021;2,23;P
18/04/2021;2,23;P
19/04/2021;2,23;P
20/04/2021;2,23;P
21/04/2021;2,23;P
22/04/2021;2,23;P
23/04/2021;2,23;P
24/04/2021;2,23;P
25/04/2021;2,23;P
26/04/2021;2,23;P
27/04/2021;2,23;P
28/04/2021;2,23;P
29/04/2021;2,23;P
30/04/2021;2,23;P
01/05/2021;2,23;P
02/05/2021;2,23;P
03/05/2021;2,23;P
04/05/2021;2,23;P
05/05/2021;2,23;P
06/05/2021;2,23;P
07/05/2021;2,23;P
08/05/2021;2,23;P
09/05/2021;2,23;P
10/05/2021;2,23;P
11/05/2021;2,23;P
12/05/2021;2,23;P
13/05/2021;2,23;P
14/05/2021;2,23;P
15/05/2021;2,23;P
16/05/2021;2,23;P
17/05/2021;2,23;P
18/05/2021;2,23;P
19/05/2021;2,23;P
20/05/2021;2,23;P
21/05/2021;2,23;P
22/05/2021;2,23;P
23/05/2021;2,23;P
24/05/2021;2,23;P
25/05/2021;2,23;P
26/05/2021;2,23;P
27/05/2021;2,23;P
28/05/2021;2,23;P
29/05/2021;2,23;P
30/05/2021;2,23;P
31/05/2021;2,23;P
01/06/2021;2,23;P
02/06/2021;2,23;P
03/06/2021;2,23;P
04/06/2021;2,23;P
05/06/2021;2,23;P
06/06/2021;2,23;P
07/06/2021;2,23;P
08/06/2021;2,23;P
09/06/2021;2,23;P
10/06/2021;2,23;P
11/06/2021;2,23;P
12/06/2021;2,23;P
13/06/2021;2,23;P
14/06/2021;2,23;P
15/06/2021;2,23;P
16/06/2021;2,23;P
17/06/2021;2,23;P
18/06/2021;2,23;P
19/06/2021;2,23;P
20/06/2021;2,23;P
21/06/2021;2,23;P
22/06/2021;2,23;P
23/06/2021;2,23;P
24/06/2021;2,23;P
25/06/2021;2,23;P
26/06/2021;2,23;P
27/06/2021;2,23;P
28/06/2021;2,23;P
29/06/2021;2,23;P
30/06/2021;2,23;P
01/07/2021;2,23;P
02/07/2021;2,23;P
03/07/2021;2,23;P
04/07/2021;2,23;P
05/07/2021;2,23;P
06/07/2021;2,23;P
07/07/2021;2,23;P
08/07/2021;2,23;P
09/07/2021;2,23;P
10/07/2021;2,23;P
11/07/2021;2,23;P
12/07/2021;2,23;P
13/07/2021;2,23;P
14/07/2021;2,23;P
15/07/2021;2,23;P
16/07/2021;2,23;P
17/07/2021;2,23;P
18/07/2021;2,23;P
19/07/2021;2,23;P
20/07/2021;2,23;P
21/07/2021;2,23;P
22/07/2021;2,23;P
23/07/2021;2,23;P
24/07/2021;2,23;P
25/07/2021;2,23;P
26/07/2021;2,23;P
27/07/2021;2,23;P
28/07/2021;2,23;P
29/07/2021;2,23;P
30/07/2021;2,23;P
31/07/2021;2,23;P
01/08/2021;2,23;P
02/08/2021;2,23;P
03/08/2021;2,23;P
04/08/2021;2,23;P
05/08/2021;2,23;P
06/08/2021;2,23;P
07/08/2021;2,23;P
08/08/2021;2,23;P
09/08/2021;2,23;P
10/08/2021;2,23;P
11/08/2021;2,23;P
12/08/2021;2,23;P
13/08/2021;2,23;P
14/08/2021;2,23;P
15/08/2021;2,23;P
16/08/2021;2,23;P
17/08/2021;2,23;P
18/08/2021;2,23;P
19/08/2021;2,23;P
20/08/2021;2,23;P
21/08/2021;2,23;P
22/08/2021;2,23;P
23/08/2021;2,23;P
24/08/2021;2,23;P
25/08/2021;2,23;P
26/08/2021;2,23;P
27/08/2021;2,23;P
28/08/2021;2,23;P
29/08/2021;2,23;P
30/08/2021;2,23;P
31/08/2021;2,23;P
01/09/2021;2,23;P
02/09/2021;2,23;P
03/09/2021;2,23;P
04/09/2021;2,23;P
05/09/2021;2,23;P
06/09/2021;2,23;P
07/09/2021;2,23;P
08/09/2021;2,23;P
09/09/2021;2,23;P
10/09/2021;2,23;P
11/09/2021;2,23;P
12/09/2021;2,23;P
13/09/2021;2,23;P
14/09/2021;2,23;P
15/09/2021;2,23;P
16/09/2021;2,23;P
17/09/2021;2,23;P
18/09/2021;2,23;P
19/09/2021;2,23;P
20/09/2021;2,23;P
21/09/2021;2,23;P
22/09/2021;2,23;P
23/09/2021;2,23;P
24/09/2021;2,23;P
25/09/2021;2,23;P
26/09/2021;2,23;P
27/09/2021;2,23;P
28/09/2021;2,23;P
29/09/2021;2,23;P
30/09/2021;2,23;P
01/10/2021;2,23;P
02/10/2021;2,23;P
03/10/2021;2,23;P
04/10/2021;2,23;P
05/10/2021;2,23;P
06/10/2021;2,23;P
07/10/2021;2,23;P
08/10/2021;2,23;P
09/10/2021;2,23;P
10/10/2021;2,23;P
11/10/2021;2,23;P
12/10/2021;2,23;P
13/10/2021;2,23;P
14/10/2021;2,23;P
15/10/2021;2,23;P
16/10/2021;2,23;P
17/10/2021;2,23;P
18/10/2021;2,23;P
19/10/2021;2,23;P
20/10/2021;2,23;P
21/10/2021;2,23;P
22/10/2021;2,23;P
23/10/2021;2,23;P
24/10/2021;2,23;P
25/10/2021;2,23;P
26/10/2021;2,23;P
27/10/2021;2,23;P
28/10/2021;2,23;P
29/10/2021;2,23;P
30/10/2021;2,23;P
31/10/2021;2,23;P
01/11/2021;2,23;P
02/11/2021;2,23;P
03/11/2021;2,23;P
04/11/2021;2,23;P
05/11/2021;2,23;P
06/11/2021;2,23;P
07/11/2021;2,23;P
08/11/2021;2,23;P
09/11/2021;2,23;P
10/11/2021;2,23;P
11/11/2021;2,23;P
12/11/2021;2,23;P
13/11/2021;2,23;P
14/11/2021;2,23;P
15/11/2021;2,23;P
16/11/2021;2,23;P
17/11/2021;2,23;P
18/11/2021;2,23;P
19/11/2021;2,23;P
20/11/2021;2,23;P
21/11/2021;2,23;P
22/11/2021;2,23;P
23/11/2021;2,23;P
24/11/2021;2,23;P
25/11/2021;2,23;P
26/11/2021;2,23;P
27/11/2021;2,23;P
28/11/2021;2,23;P
29/11/2021;2,23;P
30/11/2021;2,23;P
01/12/2021;2,23;P
02/12/2021;2,23;P
03/12/2021;2,23;P
04/12/2021;2,23;P
05/12/2021;2,23;P
06/12/2021;2,23;P
07/12/2021;2,23;P
08/12/2021;2,23;P
09/12/2021;2,23;P
10/12/2021;2,23;P
11/12/2021;2,23;P
12/12/2021;2,23;P
13/12/2021;2,23;P
14/12/2021;2,23;P
15/12/2021;2,23;P
16/12/2021;2,23;P
17/12/2021;2,23;P
18/12/2021;2,23;P
19/12/2021;2,23;P
20/12/2021;2,23;P
21/12/2021;2,23;P
22/12/2021;2,23;P
23/12/2021;2,23;P
24/12/2021;2,23;P
25/12/2021;2,23;P
26/12/2021;2,23;P
27/12/2021;2,23;P
28/12/2021;2,23;P
29/12/2021;2,23;P
30/12/2021;2,23;P
31/12/2021;2,23;P
01/01/2022;2,23;P
02/01/2022;2,23;P
03/01/2022;2,23;P
04/01/2022;2,23;P
05/01/2022;2,23;P
06/01/2022;2,23;P
07/01/2022;2,23;P
08/01/2022;2,23;P
09/01/2022;2,23;P
10/01/2022;2,23;P
11/01/2022;2,23;P
12/01/2022;2,23;P
13/01/2022;2,23;P
14/01/2022;2,23;P
15/01/2022;2,23;P
16/01/2022;2,23;P
17/01/2022;2,23;P
18/01/2022;2,23;P
19/01/2022;2,23;P
20/01/2022;2,23;P
21/01/2022;2,23;P
22/01/2022;2,23;P
23/01/2022;2,23;P
24/01/2022;2,23;P
25/01/2022;2,23;P
26/01/2022;2,23;P
27/01/2022;2,23;P
28/01/2022;2,23;P
29/01/2022;2,23;P
30/01/2022;2,23;P
31/01/2022;2,23;P
01/02/2022;2,23;P
02/02/2022;2,23;P
03/02/2022;2,23;P
04/02/2022;2,23;P
05/02/2022;2,23;P
06/02/2022;2,23;P
07/02/2022;2,23;P
08/02/2022;2,23;P
09/02/2022;2,23;P
10/02/2022;2,23;P
11/02/2022;2,23;P
12/02/2022;2,23;P
13/02/2022;2,23;P
14/02/2022;2,23;P
15/02/2022;2,23;P
16/02/2022;2,23;P
17/02/2022;2,23;P
18/02/2022;2,23;P
19/02/2022;2,23;P
20/02/2022;2,23;P
21/02/2022;2,23;P
22/02/2022;2,23;P
23/02/2022;2,23;P
24/02/2022;2,23;P
25/02/2022;2,23;P
26/02/2022;2,23;P
27/02/2022;2,23;P
28/02/2022;2,23;P
01/03/2022;2,23;P
02/03/2022;2,23;P
03/03/2022;2,23;P
04/03/2022;2,23;P
05/03/2022;2,23;P
06/03/2022;2,23;P
07/03/2022;2,23;P
08/03/2022;2,23;P
09/03/2022;2,23;P
10/03/2022;2,23;P
11/03/2022;2,23;P
12/03/2022;2,23;P
13/03/2022;2,23;P
14/03/2022;2,23;P
15/03/2022;2,23;P
16/03/2022;2,23;P
17/03/2022;2,23;P
18/03/2022;2,23;P
19/03/2022;2,23;P
20/03/2022;2,23;P
21/03/2022;2,23;P
22/03/2022;2,23;P
23/03/2022;2,23;P
24/03/2022;2,23;P
25/03/2022;2,23;P
26/03/2022;2,23;P
27/03/2022;2,23;P
28/03/2022;2,23;P
29/03/2022;2,23;P
30/03/2022;2,23;P
31/03/2022;2,23;P
01/04/2022;2,23;P
02/04/2022;2,23;P
03/04/2022;2,23;P
04/04/2022;2,23;P
05/04/2022;2,23;P
06/04/2022;2,23;P
07/04/2022;2,23;P
08/04/2022;2,23;P
09/04/2022;2,23;P
10/04/2022;2,23;P
11/04/2022;2,23;P
12/04/2022;2,23;P
13/04/2022;2,23;P
14/04/2022;2,23;P
15/04/2022;2,23;P
16/04/2022;2,23;P
17/04/2022;2,23;P
18/04/2022;2,23;P
19/04/2022;2,23;P
20/04/2022;2,23;P
21/04/2022;2,23;P
22/04/2022;2,23;P
23/04/2022;2,23;P
24/04/2022;2,23;P
25/04/2022;2,23;P
26/04/2022;2,23;P
27/04/2022;2,23;P
28/04/2022;2,23;P
29/04/2022;2,23;P
30/04/2022;2,23;P
01/05/2022;2,23;P
02/05/2022;2,23;P
03/05/2022;2,23;P
04/05/2022;2,23;P
05/05/2022;2,23;P
06/05/2022;2,23;P
07/05/2022;2,23;P
08/05/2022;2,23;P
09/05/2022;2,23;P
10/05/2022;2,23;P
11/05/2022;2,23;P
12/05/2022;2,23;P
13/05/2022;2,23;P
14/05/2022;2,23;P
15/05/2022;2,23;P
16/05/2022;2,23;P
17/05/2022;2,23;P
18/05/2022;2,23;P
19/05/2022;2,23;P
20/05/2022;2,23;P
21/05/2022;2,23;P
22/05/2022;2,23;P
23/05/2022;2,23;P
24/05/2022;2,23;P
25/05/2022;2,23;P
26/05/2022;2,23;P
27/05/2022;2,23;P
28/05/2022;2,23;P
29/05/2022;2,23;P
30/05/2022;2,23;P
31/05/2022;2,23;P
01/06/2022;2,23;P
02/06/2022;2,23;P
03/06/2022;2,23;P
04/06/2022;2,23;P
05/06/2022;2,23;P
06/06/2022;2,23;P
07/06/2022;2,23;P
08/06/2022;2,23;P
09/06/2022;2,23;P
10/06/2022;2,23;P
11/06/2022;2,23;P
12/06/2022;2,23;P
13/06/2022;2,23;P
14/06/2022;2,23;P
15/06/2022;2,23;P
16/06/2022;2,23;P
17/06/2022;2,23;P
18/06/2022;2,23;P
19/06/2022;2,23;P
20/06/2022;2,23;P
21/06/2022;2,23;P
22/06/2022;2,23;P
23/06/2022;2,23;P
24/06/2022;2,23;P
25/06/2022;2,23;P
26/06/2022;2,23;P
27/06/2022;2,23;P
28/06/2022;2,23;P
29/06/2022;2,23;P
30/06/2022;2,23;P
01/07/2022;2,23;P
02/07/2022;2,23;P
03/07/2022;2,23;P
04/07/2022;2,23;P
05/07/2022;2,23;P
06/07/2022;2,23;P
07/07/2022;2,23;P
08/07/2022;2,23;P
09/07/2022;2,23;P
10/07/2022;2,23;P
11/07/2022;2,23;P
12/07/2022;2,23;P
13/07/2022;2,23;P
14/07/2022;2,23;P
15/07/2022;2,23;P
16/07/2022;2,23;P
17/07/2022;2,23;P
18/07/2022;2,23;P
19/07/2022;2,23;P
20/07/2022;2,23;P
21/07/2022;2,23;P
22/07/2022;2,23;P
23/07/2022;2,23;P
24/07/2022;2,23;P
25/07/2022;2,23;P
26/07/2022;2,23;P
27/07/2022;2,23;P
28/07/2022;2,23;P
29/07/2022;2,23;P
30/07/2022;2,23;P
31/07/2022;2,23;P
01/08/2022;2,23;P
02/08/2022;2,23;P
03/08/2022;2,23;P
04/08/2022;2,23;P
05/08/2022;2,23;P
06/08/2022;2,23;P
07/08/2022;2,23;P
08/08/2022;2,23;P
09/08/2022;2,23;P
10/08/2022;2,23;P
11/08/2022;2,23;P
12/08/2022;2,23;P
13/08/2022;2,23;P
14/08/2022;2,23;P
15/08/2022;2,23;P
16/08/2022;2,23;P
17/08/2022;2,23;P
18/08/2022;2,23;P
19/08/2022;2,23;P
20/08/2022;2,23;P
21/08/2022;2,23;P
22/08/2022;2,23;P
23/08/2022;2,23;P
24/08/2022;2,23;P
25/08/2022;2,23;P
26/08/2022;2,23;P
27/08/2022;2,23;P
28/08/2022;2,23;P
29/08/2022;2,23;P
30/08/2022;2,23;P
31/08/2022;2,23;P
01/09/2022;2,23;P
02/09/2022;2,23;P
03/09/2022;2,23;P
04/09/2022;2,23;P
05/09/2022;2,23;P
06/09/2022;2,23;P
07/09/2022;2,23;P
08/09/2022;2,23;P
09/09/2022;2,23;P
10/09/2022;2,23;P
11/09/2022;2,23;P
12/09/2022;2,23;P
13/09/2022;2,23;P
14/09/2022;2,23;P
15/09/2022;2,23;P
16/09/2022;2,23;P
17/09/2022;2,23;P
18/09/2022;2,23;P
19/09/2022;2,23;P
20/09/2022;2,23;P
21/09/2022;2,23;P
22/09/2022;2,23;P
23/09/2022;2,23;P
24/09/2022;2,23;P
25/09/2022;2,23;P
26/09/2022;2,23;P
27/09/2022;2,23;P
28/09/2022;2,23;P
29/09/2022;2,23;P
30/09/2022;2,23;P
01/10/2022;2,23;P
02/10/2022;2,23;P
03/10/2022;2,23;P
04/10/2022;2,23;P
05/10/2022;2,23;P
06/10/2022;2,23;P
07/10/2022;2,23;P
08/10/2022;2,23;P
09/10/2022;2,23;P
10/10/2022;2,23;P
11/10/2022;2,23;P
12/10/2022;2,23;P
13/10/2022;2,23;P
14/10/2022;2,23;P
15/10/2022;2,23;P
16/10/2022;2,23;P
17/10/2022;2,23;P
18/10/2022;2,23;P
19/10/2022;2,23;P
20/10/2022;2,23;P
21/10/2022;2,23;P
22/10/2022;2,23;P
23/10/2022;2,23;P
24/10/2022;2,23;P
25/10/2022;2,23;P
26/10/2022;2,23;P
27/10/2022;2,23;P
28/10/2022;2,23;P
29/10/2022;2,23;P
30/10/2022;2,23;P
31/10/2022;2,23;P
01/11/2022;2,23;P
02/11/2022;2,23;P
03/11/2022;2,23;P
04/11/2022;2,23;P
05/11/2022;2,23;P
06/11/2022;2,23;P
07/11/2022;2,23;P
08/11/2022;2,23;P
09/11/2022;2,23;P
10/11/2022;2,23;P
11/11/2022;2,23;P
12/11/2022;2,23;P
13/11/2022;2,23;P
14/11/2022;2,23;P
15/11/2022;2,23;P
16/11/2022;2,23;P
17/11/2022;2,23;P
18/11/2022;2,23;P
19/11/2022;2,23;P
20/11/2022;2,23;P
21/11/2022;2,23;P
22/11/2022;2,23;P
23/11/2022;2,23;P
24/11/2022;2,23;P
25/11/2022;2,23;P
26/11/2022;2,23;P
27/11/2022;2,23;P
28/11/2022;2,23;P
29/11/2022;2,23;P
30/11/2022;2,23;P
01/12/2022;2,23;P
02/12/2022;2,23;P
03/12/2022;2,23;P
04/12/2022;2,23;P
05/12/2022;2,23;P
06/12/2022;2,23;P
07/12/2022;2,23;P
08/12/2022;2,23;P
09/12/2022;2,23;P
10/12/2022;2,23;P
11/12/2022;2,23;P
12/12/2022;2,23;P
13/12/2022;2,23;P
14/12/2022;2,23;P
15/12/2022;2,23;P
16/12/2022;3,02;P
17/12/2022;2,48;P
18/12/2022;2,23;P
19/12/2022;2,23;P
20/12/2022;2,23;P
21/12/2022;2,23;P
22/12/2022;2,23;P
23/12/2022;2,23;P
24/12/2022;2,23;P
25/12/2022;2,23;P
26/12/2022;2,23;P
27/12/2022;2,23;P
28/12/2022;2,23;P
29/12/2022;2,23;P
30/12/2022;2,23;P
31/12/2022;2,23;P
01/01/2023;2,23;P
02/01/2023;2,23;P
03/01/2023;2,23;P
04/01/2023;2,23;P
05/01/2023;2,23;P
06/01/2023;2,23;P
07/01/2023;2,23;P
08/01/2023;2,23;P
09/01/2023;2,23;P
10/01/2023;2,23;P
11/01/2023;2,23;P
12/01/2023;2,23;P
13/01/2023;2,23;P
14/01/2023;2,23;P
15/01/2023;2,23;P
16/01/2023;2,23;P
17/01/2023;2,23;P
18/01/2023;2,32;P
19/01/2023;2,23;P
20/01/2023;2,23;P
21/01/2023;2,23;P
22/01/2023;2,23;P
23/01/2023;2,23;P
24/01/2023;2,23;P
25/01/2023;2,23;P
26/01/2023;2,23;P
27/01/2023;2,23;P
28/01/2023;2,23;P
29/01/2023;2,23;P
30/01/2023;2,23;P
31/01/2023;2,23;P
01/02/2023;2,23;P
02/02/2023;2,23;P
03/02/2023;2,23;P
04/02/2023;2,23;P
05/02/2023;2,23;P
06/02/2023;2,23;P
07/02/2023;2,23;P
08/02/2023;2,23;P
09/02/2023;2,23;P
10/02/2023;2,23;P
11/02/2023;2,23;P
12/02/2023;2,23;P
13/02/2023;2,23;P
14/02/2023;2,23;P
15/02/2023;2,23;P
16/02/2023;2,23;P
17/02/2023;2,23;P
18/02/2023;2,23;P
19/02/2023;2,23;P
20/02/2023;2,23;P
21/02/2023;2,23;P
22/02/2023;2,23;P
23/02/2023;2,23;P
24/02/2023;2,23;P
25/02/2023;2,23;P
26/02/2023;2,23;P
27/02/2023;2,23;P
28/02/2023;2,23;P
01/03/2023;2,23;P
02/03/2023;2,23;P
03/03/2023;2,23;P
04/03/2023;2,23;P
05/03/2023;2,23;P
06/03/2023;2,23;P
07/03/2023;2,23;P
08/03/2023;2,23;P
09/03/2023;2,23;P
10/03/2023;2,23;P
11/03/2023;2,23;P
12/03/2023;2,23;P
13/03/2023;2,23;P
14/03/2023;2,23;P
15/03/2023;2,23;P
16/03/2023;2,23;P
17/03/2023;2,23;P
18/03/2023;2,23;P
19/03/2023;2,23;P
20/03/2023;2,23;P
21/03/2023;2,23;P
22/03/2023;2,23;P
23/03/2023;2,23;P
24/03/2023;2,23;P
25/03/2023;2,23;P
26/03/2023;2,23;P
27/03/2023;2,23;P
28/03/2023;2,23;P
29/03/2023;2,23;P
30/03/2023;2,23;P
31/03/2023;2,23;P
01/04/2023;2,23;P
02/04/2023;2,23;P
03/04/2023;2,23;P
04/04/2023;2,23;P
05/04/2023;2,23;P
06/04/2023;2,23;P
07/04/2023;2,23;P
08/04/2023;2,23;P
09/04/2023;2,23;P
10/04/2023;2,23;P
11/04/2023;2,23;P
12/04/2023;2,23;P
13/04/2023;2,23;P
14/04/2023;2,23;P
15/04/2023;2,23;P
16/04/2023;2,23;P
17/04/2023;2,23;P
18/04/2023;2,23;P
19/04/2023;2,23;P
20/04/2023;2,23;P
21/04/2023;2,23;P
22/04/2023;2,23;P
23/04/2023;2,23;P
24/04/2023;2,23;P
25/04/2023;2,23;P
26/04/2023;2,23;P
27/04/2023;2,23;P
28/04/2023;2,23;P
29/04/2023;2,23;P
30/04/2023;2,23;P
01/05/2023;2,23;P
02/05/2023;2,23;P
03/05/2023;2,23;P
04/05/2023;2,23;P
05/05/2023;2,23;P
06/05/2023;2,23;P
07/05/2023;2,23;P
08/05/2023;2,23;P
09/05/2023;2,23;P
10/05/2023;2,23;P
11/05/2023;2,23;P
12/05/2023;2,23;P
13/05/2023;2,23;P
14/05/2023;2,23;P
15/05/2023;2,23;P
16/05/2023;2,23;P
17/05/2023;2,23;P
18/05/2023;2,23;P
19/05/2023;2,23;P
20/05/2023;2,23;P
21/05/2023;2,23;P
22/05/2023;2,23;P
23/05/2023;2,23;P
24/05/2023;2,23;P
25/05/2023;2,23;P
26/05/2023;2,23;P
27/05/2023;2,23;P
28/05/2023;2,23;P
29/05/2023;2,23;P
30/05/2023;2,23;P
31/05/2023;2,23;P
01/06/2023;2,23;P
02/06/2023;2,23;P
03/06/2023;2,23;P
04/06/2023;2,23;P
05/06/2023;2,23;P
06/06/2023;2,23;P
07/06/2023;2,23;P
08/06/2023;2,23;P
09/06/2023;2,23;P
10/06/2023;2,23;P
11/06/2023;2,23;P
12/06/2023;2,23;P
13/06/2023;2,23;P
14/06/2023;2,23;P
15/06/2023;2,23;P
16/06/2023;2,23;P
17/06/2023;2,23;P
18/06/2023;2,23;P
19/06/2023;2,23;P
20/06/2023;2,23;P
21/06/2023;2,23;P
22/06/2023;2,23;P
23/06/2023;2,23;P
24/06/2023;2,23;P
25/06/2023;2,23;P
26/06/2023;2,23;P
27/06/2023;2,23;P
28/06/2023;2,23;P
29/06/2023;2,23;P
30/06/2023;2,23;P
01/07/2023;2,23;P
02/07/2023;2,23;P
03/07/2023;2,23;P
04/07/2023;2,23;P
05/07/2023;2,23;P
06/07/2023;2,23;P
07/07/2023;2,23;P
08/07/2023;2,23;P
09/07/2023;2,23;P
10/07/2023;2,23;P
11/07/2023;2,23;P
12/07/2023;2,23;P
13/07/2023;2,23;P
14/07/2023;2,23;P
15/07/2023;2,23;P
16/07/2023;2,23;P
17/07/2023;2,23;P
18/07/2023;2,23;P
19/07/2023;2,23;P
20/07/2023;2,23;P
21/07/2023;2,23;P
22/07/2023;2,23;P
23/07/2023;2,23;P
24/07/2023;2,23;P
25/07/2023;2,23;P
26/07/2023;2,23;P
27/07/2023;2,23;P
28/07/2023;2,23;P
29/07/2023;2,23;P
30/07/2023;2,23;P
31/07/2023;2,23;P
01/08/2023;2,23;P
02/08/2023;2,23;P
03/08/2023;2,23;P
04/08/2023;2,23;P
05/08/2023;2,23;P
06/08/2023;2,23;P
07/08/2023;2,23;P
08/08/2023;2,23;P
09/08/2023;2,23;P
10/08/2023;2,23;P
11/08/2023;2,23;P
12/08/2023;2,23;P
13/08/2023;2,23;P
14/08/2023;2,23;P
15/08/2023;2,23;P
16/08/2023;2,23;P
17/08/2023;2,23;P
18/08/2023;2,23;P
19/08/2023;2,23;P
20/08/2023;2,23;P
21/08/2023;2,23;P
22/08/2023;2,23;P
23/08/2023;2,23;P
24/08/2023;2,23;P
25/08/2023;2,23;P
26/08/2023;2,23;P
27/08/2023;2,23;P
28/08/2023;2,23;P
29/08/2023;2,23;P
30/08/2023;2,23;P
31/08/2023;2,23;P
01/09/2023;2,23;P
02/09/2023;2,23;P
03/09/2023;2,23;P
04/09/2023;2,23;P
05/09/2023;2,23;P
06/09/2023;2,23;P
07/09/2023;2,23;P
08/09/2023;2,23;P
09/09/2023;2,23;P
10/09/2023;2,23;P
11/09/2023;2,23;P
12/09/2023;2,23;P
13/09/2023;2,23;P
14/09/2023;2,23;P
15/09/2023;2,23;P
16/09/2023;2,23;P
17/09/2023;2,23;P
18/09/2023;2,23;P
19/09/2023;2,23;P
20/09/2023;2,23;P
21/09/2023;2,23;P
22/09/2023;2,23;P
23/09/2023;2,23;P
24/09/2023;2,23;P
25/09/2023;2,23;P
26/09/2023;2,23;P
27/09/2023;2,23;P
28/09/2023;2,23;P
29/09/2023;2,23;P
30/09/2023;2,23;P
01/10/2023;2,23;P
02/10/2023;2,23;P
03/10/2023;2,23;P
04/10/2023;2,23;P
05/10/2023;2,23;P
06/10/2023;2,23;P
07/10/2023;2,23;P
08/10/2023;2,23;P
09/10/2023;2,23;P
10/10/2023;2,23;P
11/10/2023;2,23;P
12/10/2023;2,23;P
13/10/2023;2,23;P
14/10/2023;2,23;P
15/10/2023;2,23;P
16/10/2023;2,23;P
17/10/2023;2,23;P
18/10/2023;2,23;P
19/10/2023;2,23;P
20/10/2023;2,23;P
21/10/2023;2,23;P
22/10/2023;2,23;P
23/10/2023;2,23;P
24/10/2023;2,23;P
25/10/2023;2,23;P
26/10/2023;2,23;P
27/10/2023;2,23;P
28/10/2023;2,23;P
29/10/2023;2,23;P
30/10/2023;2,23;P
31/10/2023;2,23;P
01/11/2023;2,23;P
02/11/2023;2,23;P
03/11/2023;2,23;P
04/11/2023;2,23;P
05/11/2023;2,23;P
06/11/2023;2,23;P
07/11/2023;2,23;P
08/11/2023;2,23;P
09/11/2023;2,23;P
10/11/2023;2,23;P
11/11/2023;2,23;P
12/11/2023;2,23;P
13/11/2023;2,23;P
14/11/2023;2,23;P
15/11/2023;2,23;P
16/11/2023;2,23;P
17/11/2023;2,23;P
18/11/2023;2,23;P
19/11/2023;2,23;P
20/11/2023;2,23;P
21/11/2023;2,23;P
22/11/2023;2,23;P
23/11/2023;2,23;P
24/11/2023;2,23;P
25/11/2023;2,23;P
26/11/2023;2,23;P
27/11/2023;2,23;P
28/11/2023;2,23;P
29/11/2023;2,23;P
30/11/2023;2,23;P
01/12/2023;2,23;P
02/12/2023;2,23;P
03/12/2023;2,23;P
04/12/2023;2,23;P
05/12/2023;2,23;P
06/12/2023;2,23;P
07/12/2023;2,23;P
08/12/2023;2,23;P
09/12/2023;2,23;P
10/12/2023;2,23;P
11/12/2023;2,23;P
12/12/2023;2,23;P
13/12/2023;2,23;P
14/12/2023;2,23;P
15/12/2023;2,23;P
16/12/2023;2,23;P
17/12/2023;2,23;P
18/12/2023;2,23;P
19/12/2023;2,23;P
20/12/2023;2,23;P
21/12/2023;2,23;P
22/12/2023;2,23;P
23/12/2023;2,23;P
24/12/2023;2,23;P
25/12/2023;2,23;P
26/12/2023;2,23;P
27/12/2023;2,23;P
28/12/2023;2,23;P
29/12/2023;2,23;P
30/12/2023;2,23;P
31/12/2023;2,23;P
01/01/2024;2,23;P
02/01/2024;2,23;P
03/01/2024;2,23;P
04/01/2024;2,23;P
05/01/2024;2,23;P
06/01/2024;2,23;P
07/01/2024;2,23;P
08/01/2024;2,23;P
09/01/2024;2,23;P
10/01/2024;2,23;P
11/01/2024;2,23;P
12/01/2024;2,23;P
13/01/2024;2,23;P
14/01/2024;2,23;P
15/01/2024;2,23;P
16/01/2024;2,23;P
17/01/2024;2,23;P
18/01/2024;2,23;P
19/01/2024;2,23;P
20/01/2024;2,23;P
21/01/2024;2,23;P
22/01/2024;2,23;P
23/01/2024;2,23;P
24/01/2024;2,23;P
25/01/2024;2,23;P
26/01/2024;2,23;P
27/01/2024;2,23;P
28/01/2024;2,23;P
29/01/2024;2,23;P
30/01/2024;2,23;P
31/01/2024;2,23;P
01/02/2024;2,23;P
02/02/2024;2,23;P
03/02/2024;2,23;P
04/02/2024;2,23;P
05/02/2024;2,23;P
06/02/2024;2,23;P
07/02/2024;2,23;P
08/02/2024;2,23;P
09/02/2024;2,23;P
10/02/2024;2,23;P
11/02/2024;2,23;P
12/02/2024;2,23;P
13/02/2024;2,23;P
14/02/2024;2,23;P
15/02/2024;2,23;P
16/02/2024;2,23;P
17/02/2024;2,23;P
18/02/2024;2,23;P
19/02/2024;2,23;P
20/02/2024;2,23;P
21/02/2024;2,23;P
22/02/2024;2,23;P
23/02/2024;2,23;P
24/02/2024;2,23;P
25/02/2024;2,23;P
26/02/2024;2,23;P
27/02/2024;2,23;P
28/02/2024;2,23;P
29/02/2024;2,23;P
01/03/2024;2,23;P
02/03/2024;2,23;P
03/03/2024;2,23;P
04/03/2024;2,23;P
05/03/2024;2,23;P
06/03/2024;2,23;P
07/03/2024;2,23;P
08/03/2024;2,23;P
09/03/2024;2,23;P
10/03/2024;2,23;P
11/03/2024;2,23;P
12/03/2024;2,23;P
13/03/2024;2,23;P
14/03/2024;2,23;P
15/03/2024;2,23;P
16/03/2024;2,23;P
17/03/2024;2,23;P
18/03/2024;2,23;P
19/03/2024;2,23;P
20/03/2024;2,23;P
21/03/2024;2,23;P
22/03/2024;2,23;P
23/03/2024;2,23;P
24/03/2024;2,23;P
25/03/2024;2,23;P
26/03/2024;2,23;P
27/03/2024;2,23;P
28/03/2024;2,23;P
29/03/2024;2,23;P
30/03/2024;2,23;P
31/03/2024;2,23;P
01/04/2024;2,23;P
02/04/2024;2,23;P
03/04/2024;2,23;P
04/04/2024;2,23;P
05/04/2024;2,23;P
06/04/2024;2,23;P
07/04/2024;2,23;P
08/04/2024;2,23;P
09/04/2024;2,23;P
10/04/2024;2,23;P
11/04/2024;2,23;P
12/04/2024;2,23;P
13/04/2024;2,23;P
14/04/2024;2,23;P
15/04/2024;2,23;P
16/04/2024;2,23;P
17/04/2024;2,23;P
18/04/2024;2,23;P
19/04/2024;2,23;P
20/04/2024;2,23;P
21/04/2024;2,23;P
22/04/2024;2,23;P
23/04/2024;2,23;P
24/04/2024;2,23;P
25/04/2024;2,23;P
26/04/2024;2,23;P
27/04/2024;2,23;P
28/04/2024;2,23;P
29/04/2024;2,23;P
30/04/2024;2,23;P
01/05/2024;2,23;P
02/05/2024;2,23;P
03/05/2024;2,23;P
04/05/2024;2,23;P
05/05/2024;2,23;P
06/05/2024;2,23;P
07/05/2024;2,23;P
08/05/2024;2,23;P
09/05/2024;2,23;P
10/05/2024;2,23;P
11/05/2024;2,23;P
12/05/2024;2,23;P
13/05/2024;2,23;P
14/05/2024;2,23;P
15/05/2024;2,23;P
16/05/2024;2,23;P
17/05/2024;2,23;P
18/05/2024;2,23;P
19/05/2024;2,23;P
20/05/2024;2,23;P
21/05/2024;2,23;P
22/05/2024;2,23;P
23/05/2024;2,23;P
24/05/2024;2,23;P
25/05/2024;2,23;P
26/05/2024;2,23;P
27/05/2024;2,23;P
28/05/2024;2,23;P
29/05/2024;2,23;P
30/05/2024;2,23;P
31/05/2024;2,23;P
01/06/2024;2,23;P
02/06/2024;2,23;P
03/06/2024;2,23;P
04/06/2024;2,23;P
05/06/2024;2,23;P
06/06/2024;2,23;P
07/06/2024;2,23;P
08/06/2024;2,23;P
09/06/2024;2,23;P
10/06/2024;2,23;P
11/06/2024;2,23;P
12/06/2024;2,23;P
13/06/2024;2,23;P
14/06/2024;2,23;P
15/06/2024;2,23;P
16/06/2024;2,23;P
17/06/2024;2,23;P
18/06/2024;2,23;P
19/06/2024;2,23;P
20/06/2024;2,23;P
21/06/2024;2,23;P
22/06/2024;2,23;P
23/06/2024;2,23;P
24/06/2024;2,23;P
25/06/2024;2,23;P
26/06/2024;2,23;P
27/06/2024;2,23;P
28/06/2024;2,23;P
29/06/2024;2,23;P
30/06/2024;2,23;P
01/07/2024;2,23;P
02/07/2024;2,23;P
03/07/2024;2,23;P
04/07/2024;2,23;P
05/07/2024;2,23;P
06/07/2024;2,23;P
07/07/2024;2,23;P
08/07/2024;2,23;P
09/07/2024;2,23;P
10/07/2024;2,23;P
11/07/2024;2,23;P
12/07/2024;2,23;P
13/07/2024;2,23;P
14/07/2024;2,23;P
15/07/2024;2,23;P
16/07/2024;2,23;P
17/07/2024;2,23;P
18/07/2024;2,23;P
19/07/2024;2,23;P
20/07/2024;2,23;P
21/07/2024;2,23;P
22/07/2024;2,23;P
23/07/2024;2,23;P
24/07/2024;2,23;P
25/07/2024;2,23;P
26/07/2024;2,23;P
27/07/2024;2,23;P
28/07/2024;2,23;P
29/07/2024;2,23;P
30/07/2024;2,23;P
31/07/2024;2,23;P
01/08/2024;2,23;P
02/08/2024;2,23;P
03/08/2024;2,23;P
04/08/2024;2,23;P
05/08/2024;2,23;P
06/08/2024;2,23;P
07/08/2024;2,23;P
08/08/2024;2,23;P
09/08/2024;2,23;P
10/08/2024;2,23;P
11/08/2024;2,23;P
12/08/2024;2,23;P
13/08/2024;2,23;P
14/08/2024;2,23;P
15/08/2024;2,23;P
16/08/2024;2,23;P
17/08/2024;2,23;P
18/08/2024;2,23;P
19/08/2024;2,23;P
20/08/2024;2,23;P
21/08/2024;2,23;P
22/08/2024;2,23;P
23/08/2024;2,23;P
24/08/2024;2,23;P
25/08/2024;2,23;P
26/08/2024;2,23;P
27/08/2024;2,23;P
28/08/2024;2,23;P
29/08/2024;2,23;P
30/08/2024;2,23;P
31/08/2024;2,23;P
01/09/2024;2,23;P
02/09/2024;2,23;P
03/09/2024;2,23;P
04/09/2024;2,23;P
05/09/2024;2,23;P
06/09/2024;2,23;P
07/09/2024;2,23;P
08/09/2024;2,23;P
09/09/2024;2,23;P
10/09/2024;2,23;P
11/09/2024;2,23;P
12/09/2024;2,23;P
13/09/2024;2,23;P
14/09/2024;2,23;P
15/09/2024;2,23;P
16/09/2024;2,23;P
17/09/2024;2,23;P
18/09/2024;2,23;P
19/09/2024;2,23;P
20/09/2024;2,23;P
21/09/2024;2,23;P
22/09/2024;2,23;P
23/09/2024;2,23;P
24/09/2024;2,23;P
25/09/2024;2,23;P
26/09/2024;2,23;P
27/09/2024;2,23;P
28/09/2024;2,23;P
29/09/2024;2,23;P
30/09/2024;2,23;P
01/10/2024;2,23;P
02/10/2024;2,23;P
03/10/2024;2,23;P
04/10/2024;2,23;P
05/10/2024;2,23;P
06/10/2024;2,23;P
07/10/2024;2,23;P
08/10/2024;2,23;P
09/10/2024;2,23;P
10/10/2024;2,23;P
11/10/2024;2,23;P
12/10/2024;2,23;P
13/10/2024;2,23;P
14/10/2024;2,23;P
15/10/2024;2,23;P
16/10/2024;2,23;P
17/10/2024;2,23;P
18/10/2024;2,23;P
19/10/2024;2,23;P
20/10/2024;2,23;P
21/10/2024;2,23;P
22/10/2024;2,23;P
23/10/2024;2,23;P
24/10/2024;2,23;P
25/10/2024;2,23;P
26/10/2024;2,23;P
27/10/2024;2,23;P
28/10/2024;2,23;P
29/10/2024;2,23;P
30/10/2024;2,23;P
31/10/2024;2,23;P
01/11/2024;2,23;P
02/11/2024;2,23;P
03/11/2024;2,23;P
04/11/2024;2,23;P
05/11/2024;2,23;P
06/11/2024;2,23;P
07/11/2024;2,23;P
08/11/2024;2,23;P
09/11/2024;2,23;P
10/11/2024;2,23;P
11/11/2024;2,23;P
12/11/2024;2,23;P
13/11/2024;2,23;P
14/11/2024;2,23;P
15/11/2024;2,23;P
16/11/2024;2,23;P
17/11/2024;2,23;P
18/11/2024;2,23;P
19/11/2024;2,23;P
20/11/2024;2,23;P
21/11/2024;2,23;P
22/11/2024;2,23;P
23/11/2024;2,23;P
24/11/2024;2,23;P
25/11/2024;2,23;P
26/11/2024;2,23;P
27/11/2024;2,23;P
28/11/2024;2,23;P
29/11/2024;2,23;P
30/11/2024;2,23;P
01/12/2024;2,23;P
02/12/2024;2,23;P
03/12/2024;2,23;P
04/12/2024;2,23;P
05/12/2024;2,23;P
06/12/2024;2,23;P
07/12/2024;2,23;P
08/12/2024;2,23;P
09/12/2024;2,23;P
10/12/2024;2,23;P
11/12/2024;2,23;P
12/12/2024;2,23;P
13/12/2024;2,23;P
14/12/2024;2,23;P
15/12/2024;2,23;P
16/12/2024;2,23;P
17/12/2024;2,23;P
18/12/2024;2,23;P
19/12/2024;2,23;P
20/12/2024;2,23;P
21/12/2024;2,23;P
22/12/2024;2,23;P
23/12/2024;2,23;P
24/12/2024;2,23;P
25/12/2024;2,23;P
26/12/2024;2,23;P
27/12/2024;2,23;P
28/12/2024;2,23;P
29/12/2024;2,23;P
30/12/2024;2,23;P
31/12/2024;2,23;P
01/01/2025;2,23;P
02/01/2025;2,23;P
03/01/2025;2,23;P
04/01/2025;2,23;P
05/01/2025;2,23;P
06/01/2025;2,23;P
07/01/2025;2,23;P
08/01/2025;2,23;P
09/01/2025;2,23;P
10/01/2025;2,23;P
11/01/2025;2,23;P
12/01/2025;2,23;P
13/01/2025;2,23;P
14/01/2025;2,23;P
15/01/2025;2,23;P
16/01/2025;2,23;P
17/01/2025;2,23;P
18/01/2025;2,23;P
19/01/2025;2,23;P
20/01/2025;2,23;P
21/01/2025;2,23;P
22/01/2025;2,23;P
23/01/2025;2,23;P
24/01/2025;2,23;P
25/01/2025;2,23;P
26/01/2025;2,23;P
27/01/2025;2,23;P
28/01/2025;2,23;P
29/01/2025;2,23;P
30/01/2025;2,23;P
31/01/2025;2,23;P
01/02/2025;2,23;P
02/02/2025;2,23;P
03/02/2025;2,23;P
04/02/2025;2,23;P
05/02/2025;2,23;P
06/02/2025;2,23;P
07/02/2025;2,23;P
08/02/2025;2,23;P
09/02/2025;2,23;P
10/02/2025;2,23;P
11/02/2025;2,23;P
12/02/2025;2,23;P
13/02/2025;2,23;P
14/02/2025;2,33;P
15/02/2025;2,25;P
16/02/2025;2,23;P
17/02/2025;2,23;P
18/02/2025;2,23;P
19/02/2025;2,23;P
20/02/2025;2,23;P
21/02/2025;2,23;P
22/02/2025;2,23;P
23/02/2025;2,23;P
24/02/2025;2,23;P
25/02/2025;2,23;P
26/02/2025;2,23;P
27/02/2025;2,23;P
28/02/2025;2,23;P
01/03/2025;2,23;P
02/03/2025;2,23;P
03/03/2025;2,23;P
04/03/2025;2,23;P
05/03/2025;2,23;P
06/03/2025;2,23;P
07/03/2025;2,23;P
08/03/2025;2,23;P
09/03/2025;2,23;P
10/03/2025;2,23;P
11/03/2025;2,23;P
12/03/2025;2,23;P
13/03/2025;2,51;P
14/03/2025;3,50;P
15/03/2025;3,32;P
16/03/2025;2,33;P
17/03/2025;2,23;P
18/03/2025;2,23;P
19/03/2025;2,23;P
20/03/2025;2,23;P
21/03/2025;2,23;P
22/03/2025;2,23;P
23/03/2025;2,23;P
24/03/2025;2,23;P
25/03/2025;2,23;P
26/03/2025;2,23;P
27/03/2025;2,23;P
28/03/2025;2,23;P
29/03/2025;2,23;P
30/03/2025;2,23;P
31/03/2025;2,23;P
01/04/2025;2,23;P
02/04/2025;2,23;P
03/04/2025;2,23;P
04/04/2025;2,23;P
05/04/2025;2,23;P
06/04/2025;2,23;P
07/04/2025;2,23;P
08/04/2025;2,23;P
09/04/2025;2,23;P
10/04/2025;2,23;P
11/04/2025;2,23;P
12/04/2025;2,23;P
13/04/2025;2,23;P
14/04/2025;2,23;P
15/04/2025;2,46;P
16/04/2025;2,31;P
17/04/2025;2,23;P
18/04/2025;2,23;P
19/04/2025;2,23;P
20/04/2025;2,23;P
21/04/2025;2,23;P
22/04/2025;2,23;P
23/04/2025;2,23;P
24/04/2025;2,23;P
25/04/2025;2,23;P
26/04/2025;2,23;P
27/04/2025;2,23;P
28/04/2025;2,23;P
29/04/2025;2,23;P
30/04/2025;2,23;P
01/05/2025;2,23;P
02/05/2025;2,23;P
03/05/2025;2,23;P
04/05/2025;2,23;P
05/05/2025;2,23;P
06/05/2025;2,23;P
07/05/2025;2,23;P
08/05/2025;2,23;P
09/05/2025;2,23;P
10/05/2025;2,23;P
11/05/2025;2,23;P
12/05/2025;2,23;P
13/05/2025;2,23;P
14/05/2025;2,23;P
15/05/2025;2,23;P
16/05/2025;2,23;P
17/05/2025;2,23;P
18/05/2025;2,23;P
19/05/2025;2,23;P
20/05/2025;2,23;P
21/05/2025;2,23;P
22/05/2025;2,23;P
23/05/2025;2,23;P
24/05/2025;2,23;P
25/05/2025;2,23;P
26/05/2025;2,23;P
27/05/2025;2,23;P
28/05/2025;2,23;P
29/05/2025;2,23;P
30/05/2025;2,23;P
31/05/2025;2,23;P
01/06/2025;2,23;P
02/06/2025;2,23;P
03/06/2025;2,23;P
04/06/2025;2,23;P
05/06/2025;2,23;P
06/06/2025;2,23;P
07/06/2025;2,23;P
08/06/2025;2,23;P
09/06/2025;2,23;P
10/06/2025;2,23;P
11/06/2025;2,23;P
12/06/2025;2,23;P
13/06/2025;2,23;P
14/06/2025;2,23;P
15/06/2025;2,23;P
16/06/2025;2,23;P
17/06/2025;2,23;P
18/06/2025;2,23;P
19/06/2025;2,23;P
20/06/2025;2,23;P
21/06/2025;2,23;P
22/06/2025;2,23;P
23/06/2025;2,23;P
24/06/2025;2,23;P
25/06/2025;2,23;P
26/06/2025;2,23;P
27/06/2025;2,23;P
28/06/2025;2,23;P
29/06/2025;2,23;P
30/06/2025;2,23;P
01/07/2025;2,23;P
02/07/2025;2,23;P
03/07/2025;2,23;P
04/07/2025;2,23;P
05/07/2025;2,23;P
06/07/2025;2,23;P
07/07/2025;2,23;P
08/07/2025;2,23;P
09/07/2025;2,23;P
10/07/2025;2,23;P
11/07/2025;2,23;P
12/07/2025;2,23;P
13/07/2025;2,23;P
14/07/2025;2,23;P
15/07/2025;2,23;P
16/07/2025;2,23;P
17/07/2025;2,23;P
18/07/2025;2,23;P
19/07/2025;2,23;P
20/07/2025;2,23;P
21/07/2025;2,23;P
22/07/2025;2,23;P
23/07/2025;2,23;P
24/07/2025;2,23;P
25/07/2025;2,23;P
26/07/2025;2,23;P
27/07/2025;2,23;P
28/07/2025;2,23;P
29/07/2025;2,23;P
30/07/2025;2,23;P
31/07/2025;2,23;P
01/08/2025;2,23;P
02/08/2025;2,23;P
03/08/2025;2,23;P
04/08/2025;2,23;P
05/08/2025;2,23;P
06/08/2025;2,23;P
07/08/2025;2,23;P
08/08/2025;2,23;P
09/08/2025;2,23;P
10/08/2025;2,23;P
11/08/2025;2,23;P
12/08/2025;2,23;P
13/08/2025;2,23;P
14/08/2025;2,23;P
15/08/2025;2,23;P
16/08/2025;2,23;P
17/08/2025;2,23;P
18/08/2025;2,23;P
19/08/2025;2,23;P
20/08/2025;2,23;P
21/08/2025;2,23;P
22/08/2025;2,23;P
23/08/2025;2,23;P
24/08/2025;2,23;P
25/08/2025;2,23;P
26/08/2025;2,23;P
27/08/2025;2,23;P
28/08/2025;2,23;P
29/08/2025;2,23;P
30/08/2025;2,23;P
31/08/2025;2,23;P
01/09/2025;2,23;P
02/09/2025;2,23;P
03/09/2025;2,23;P
04/09/2025;2,23;P
05/09/2025;2,23;P
06/09/2025;2,23;P
07/09/2025;2,23;P
08/09/2025;2,23;P
09/09/2025;2,23;P
10/09/2025;2,23;P
11/09/2025;2,23;P
12/09/2025;2,23;P
13/09/2025;2,23;P
14/09/2025;2,23;P
15/09/2025;2,23;P
16/09/2025;2,23;P
17/09/2025;2,23;P
18/09/2025;2,23;P
19/09/2025;2,23;P
20/09/2025;2,23;P
21/09/2025;2,23;P
22/09/2025;2,23;P
23/09/2025;2,23;P
24/09/2025;2,23;P
25/09/2025;2,23;P
26/09/2025;2,23;P
27/09/2025;2,23;P
28/09/2025;2,23;P
29/09/2025;2,23;P
30/09/2025;2,23;P
01/10/2025;2,23;P
02/10/2025;2,23;P
03/10/2025;2,23;P
04/10/2025;2,23;P
05/10/2025;2,23;P
06/10/2025;2,23;P
07/10/2025;2,23;P
08/10/2025;2,23;P
09/10/2025;2,23;P
10/10/2025;2,23;P
11/10/2025;2,23;P
12/10/2025;2,23;P
13/10/2025;2,23;P
14/10/2025;2,23;P
15/10/2025;2,23;P
16/10/2025;2,23;P
17/10/2025;2,23;P
18/10/2025;2,23;P
19/10/2025;2,23;P
20/10/2025;2,23;P
21/10/2025;2,23;P
22/10/2025;2,23;P
23/10/2025;2,23;P
24/10/2025;2,23;P
25/10/2025;2,23;P
26/10/2025;2,23;P
27/10/2025;2,23;P
28/10/2025;2,23;P
29/10/2025;2,23;P
30/10/2025;2,23;P
31/10/2025;2,23;P
01/11/2025;2,23;P
02/11/2025;2,23;P
03/11/2025;2,23;P
04/11/2025;2,23;P
05/11/2025;2,23;P
06/11/2025;2,23;P
07/11/2025;2,23;P
08/11/2025;2,23;P
09/11/2025;2,23;P
10/11/2025;2,23;P
11/11/2025;2,23;P
12/11/2025;2,23;P
13/11/2025;2,23;P
14/11/2025;2,23;P
15/11/2025;2,23;P
16/11/2025;2,23;P
17/11/2025;2,23;P
18/11/2025;2,23;P
19/11/2025;2,23;P
20/11/2025;2,23;P
21/11/2025;2,23;P
22/11/2025;2,23;P
23/11/2025;2,23;P
24/11/2025;2,23;P
25/11/2025;2,23;P
26/11/2025;2,23;P
27/11/2025;2,23;P
28/11/2025;2,23;P
29/11/2025;2,23;P
30/11/2025;2,23;P
01/12/2025;2,23;P
02/12/2025;2,23;P
03/12/2025;2,23;P
04/12/2025;2,23;P
05/12/2025;2,23;P
06/12/2025;2,23;P
07/12/2025;2,23;P
08/12/2025;2,23;P
09/12/2025;2,23;P
10/12/2025;2,23;P
11/12/2025;2,23;P
12/12/2025;2,23;P
13/12/2025;2,23;P
14/12/2025;2,23;P
15/12/2025;2,23;P
16/12/2025;2,23;P
17/12/2025;2,23;P
18/12/2025;2,23;P
19/12/2025;2,23;P
20/12/2025;2,23;P
21/12/2025;2,23;P
22/12/2025;2,23;P
23/12/2025;2,23;P
24/12/2025;2,23;P
25/12/2025;2,23;P
26/12/2025;2,23;P
27/12/2025;2,23;P
28/12/2025;2,23;P
29/12/2025;2,23;P
30/12/2025;2,23;P
31/12/2025;2,23;P
01/01/2026;2,23;P
02/01/2026;2,23;P
03/01/2026;2,23;P
04/01/2026;2,23;P
05/01/2026;2,23;P
06/01/2026;2,23;P
07/01/2026;2,23;P
08/01/2026;2,24;P
09/01/2026;2,23;P
10/01/2026;2,23;P
11/01/2026;2,23;P
12/01/2026;2,23;P
13/01/2026;2,23;P
14/01/2026;2,23;P
15/01/2026;2,23;P
16/01/2026;2,23;P
17/01/2026;2,23;P
18/01/2026;2,23;P
19/01/2026;2,23;P
20/01/2026;2,23;P
21/01/2026;2,23;P
22/01/2026;2,23;P
23/01/2026;2,23;P
24/01/2026;2,23;P
25/01/2026;2,23;P
26/01/2026;2,23;P
27/01/2026;2,23;P
28/01/2026;2,23;P
29/01/2026;2,25;P
30/01/2026;2,23;P
31/01/2026;2,23;P
01/02/2026;2,23;P
02/02/2026;2,23;P
03/02/2026;2,23;P
04/02/2026;2,23;P
05/02/2026;2,23;P
06/02/2026;2,23;P
07/02/2026;2,23;P
08/02/2026;2,23;P
09/02/2026;2,23;P
10/02/2026;2,23;P
11/02/2026;2,23;P
12/02/2026;2,23;P
13/02/2026;2,23;P
14/02/2026;2,23;P
15/02/2026;2,23;P
16/02/2026;2,23;P
17/02/2026;2,23;P
18/02/2026;2,23;P
19/02/2026;2,23;P
20/02/2026;2,23;P
21/02/2026;2,23;P
22/02/2026;2,23;P
23/02/2026;2,23;P
24/02/2026;2,23;P
25/02/2026;2,23;P
26/02/2026;2,23;P
27/02/2026;2,23;P
28/02/2026;2,23;P
01/03/2026;2,23;P
02/03/2026;2,23;P
03/03/2026;2,23;P
04/03/2026;2,23;P
05/03/2026;2,23;P
06/03/2026;2,23;P
07/03/2026;2,23;P
08/03/2026;2,23;P
09/03/2026;2,23;P
10/03/2026;2,23;P
11/03/2026;2,23;P
12/03/2026;2,23;P
13/03/2026;2,23;P
14/03/2026;2,23;P
15/03/2026;2,23;P
16/03/2026;2,23;P
17/03/2026;2,23;P
18/03/2026;2,23;P
19/03/2026;2,23;P
20/03/2026;2,23;P
21/03/2026;2,23;P
22/03/2026;2,23;P
23/03/2026;2,23;P
24/03/2026;2,23;P
25/03/2026;2,23;P
26/03/2026;2,23;P
27/03/2026;2,23;P
28/03/2026;2,23;P
29/03/2026;2,23;P
30/03/2026;2,23;P
31/03/2026;2,23;P
01/04/2026;2,23;P
02/04/2026;2,23;P
03/04/2026;2,23;P
04/04/2026;2,23;P
05/04/2026;2,23;P
06/04/2026;2,23;P
07/04/2026;2,23;P
08/04/2026;2,23;P
09/04/2026;2,23;P
10/04/2026;2,23;P
11/04/2026;2,23;P
12/04/2026;2,23;P
13/04/2026;2,23;P
14/04/2026;2,23;P
15/04/2026;2,23;P
16/04/2026;2,23;P
17/04/2026;2,23;P
18/04/2026;2,23;P
19/04/2026;2,23;P
20/04/2026;2,23;P
21/04/2026;2,23;P
22/04/2026;2,23;P
23/04/2026;2,23;P
24/04/2026;2,23;P
25/04/2026;2,23;P
26/04/2026;2,23;P
27/04/2026;2,23;P
28/04/2026;2,23;P
29/04/2026;2,23;P
30/04/2026;2,23;P
01/05/2026;2,23;P
02/05/2026;2,23;P
03/05/2026;2,23;P
04/05/2026;2,23;P
05/05/2026;2,23;P
06/05/2026;2,23;P
07/05/2026;2,23;P
08/05/2026;2,23;P
09/05/2026;2,23;P
10/05/2026;2,23;P
11/05/2026;2,23;P
12/05/2026;2,23;P
13/05/2026;2,23;P
14/05/2026;2,23;P
15/05/2026;2,23;P
16/05/2026;2,23;P
17/05/2026;2,23;P
18/05/2026;2,23;P
19/05/2026;2,23;P
20/05/2026;2,23;P
21/05/2026;2,23;P
22/05/2026;2,23;P
23/05/2026;2,23;P
24/05/2026;2,23;P
25/05/2026;2,23;P
26/05/2026;2,23;P
27/05/2026;2,23;P
28/05/2026;2,23;P
29/05/2026;2,23;P
30/05/2026;2,23;P
31/05/2026;2,23;P
01/06/2026;2,23;P
02/06/2026;2,23;P
03/06/2026;2,23;P
04/06/2026;2,23;P
05/06/2026;2,23;P
06/06/2026;2,23;P
07/06/2026;2,23;P
08/06/2026;2,23;P
09/06/2026;2,23;P
10/06/2026;2,23;P
11/06/2026;2,23;P
