"Stazione";"Certaldo"
"Codice";"TOS01004967"
"Comune";"Certaldo"
"Provincia";"FI"
"GB [m]";"E";1664410;"N";4823332
"WGS84 [°]";"Lat";43.545;"Lon";11.035
"Quota [m]";65,00

;;;ATTENZIONE i dati sono nel fomato csv ed utilizzano
;;;come separatore di colonna il "punto e virgola" e
;;;come separatore decimale la "virgola"
;;;verificare le proprie impostazioni internazionali per una corretta visulizzazione.
;;;Il valore contrassegnato con N corrisponde al dato non validato
;;;Il valore contrassegnato con R corrisponde al dato ricostruito
;;;Il valore contrassegnato con I corrisponde al dato incerto
;;;Il valore contrassegnato con @ corrisponde al dato mancante
;;;Il valore contrassegnato con V corrisponde al dato validato
;;;Il valore contrassegnato con P corrisponde al dato prevalidato soggetto ad eventuali modifiche
;;;(consultare la sezione Criteri di validazione)

"gg/mm/aaaa";"Precipitazione [mm]";"Tipo Dato"
01/01/2004;0,0;V
02/01/2004;3,0;V
03/01/2004;2,2;V
04/01/2004;0,0;V
05/01/2004;0,0;V
06/01/2004;0,2;V
07/01/2004;0,2;V
08/01/2004;0,0;V
09/01/2004;5,8;V
10/01/2004;0,4;V
11/01/2004;0,0;V
12/01/2004;1,4;V
13/01/2004;0,0;V
14/01/2004;0,0;V
15/01/2004;0,4;V
16/01/2004;0,0;V
17/01/2004;2,6;V
18/01/2004;4,2;V
19/01/2004;21,4;V
20/01/2004;0,0;V
21/01/2004;0,2;V
22/01/2004;0,0;V
23/01/2004;0,0;V
24/01/2004;0,0;V
25/01/2004;0,0;V
26/01/2004;0,6;V
27/01/2004;7,6;V
28/01/2004;3,2;V
29/01/2004;0,0;V
30/01/2004;10,4;V
31/01/2004;0,0;V
01/02/2004;0,0;V
02/02/2004;0,0;V
03/02/2004;0,0;V
04/02/2004;0,0;V
05/02/2004;0,0;V
06/02/2004;0,0;V
07/02/2004;0,6;V
08/02/2004;0,0;V
09/02/2004;0,0;V
10/02/2004;0,0;V
11/02/2004;0,0;V
12/02/2004;0,2;V
13/02/2004;0,0;V
14/02/2004;0,0;V
15/02/2004;0,0;V
16/02/2004;0,2;V
17/02/2004;0,0;V
18/02/2004;0,0;V
19/02/2004;14,6;V
20/02/2004;8,4;V
21/02/2004;2,0;V
22/02/2004;13,6;V
23/02/2004;15,4;V
24/02/2004;0,0;V
25/02/2004;0,0;V
26/02/2004;10,6;V
27/02/2004;5,4;V
28/02/2004;3,2;V
29/02/2004;15,6;V
01/03/2004;3,8;V
02/03/2004;0,2;V
03/03/2004;0,0;V
04/03/2004;0,0;V
05/03/2004;0,0;V
06/03/2004;0,0;V
07/03/2004;14,0;V
08/03/2004;0,4;V
09/03/2004;0,2;V
10/03/2004;0,0;V
11/03/2004;0,2;V
12/03/2004;5,2;V
13/03/2004;0,0;V
14/03/2004;0,0;V
15/03/2004;0,0;V
16/03/2004;0,0;V
17/03/2004;0,0;V
18/03/2004;0,0;V
19/03/2004;0,0;V
20/03/2004;0,0;V
21/03/2004;0,0;V
22/03/2004;0,4;V
23/03/2004;2,8;V
24/03/2004;1,4;V
25/03/2004;15,0;V
26/03/2004;1,2;V
27/03/2004;1,8;V
28/03/2004;0,0;V
29/03/2004;0,0;V
30/03/2004;0,0;V
31/03/2004;0,0;V
01/04/2004;0,4;V
02/04/2004;0,0;V
03/04/2004;0,0;V
04/04/2004;0,0;V
05/04/2004;0,0;V
06/04/2004;0,0;V
07/04/2004;1,8;V
08/04/2004;0,2;V
09/04/2004;1,0;V
10/04/2004;4,6;V
11/04/2004;0,0;V
12/04/2004;0,6;V
13/04/2004;7,4;V
14/04/2004;0,0;V
15/04/2004;0,0;V
16/04/2004;0,4;V
17/04/2004;15,0;V
18/04/2004;3,6;V
19/04/2004;1,0;V
20/04/2004;13,2;V
21/04/2004;0,0;V
22/04/2004;0,0;V
23/04/2004;0,0;V
24/04/2004;0,0;V
25/04/2004;4,8;V
26/04/2004;0,0;V
27/04/2004;0,0;V
28/04/2004;0,0;V
29/04/2004;0,0;V
30/04/2004;4,8;V
01/05/2004;0,2;V
02/05/2004;0,0;V
03/05/2004;1,0;V
04/05/2004;15,0;V
05/05/2004;12,0;V
06/05/2004;12,6;V
07/05/2004;9,8;V
08/05/2004;3,8;V
09/05/2004;0,0;V
10/05/2004;0,0;V
11/05/2004;0,0;V
12/05/2004;0,0;V
13/05/2004;1,8;V
14/05/2004;0,0;V
15/05/2004;0,0;V
16/05/2004;0,0;V
17/05/2004;0,0;V
18/05/2004;0,0;V
19/05/2004;0,0;V
20/05/2004;0,0;V
21/05/2004;0,0;V
22/05/2004;0,0;V
23/05/2004;0,2;V
24/05/2004;10,4;V
25/05/2004;0,0;V
26/05/2004;0,0;V
27/05/2004;0,0;V
28/05/2004;0,0;V
29/05/2004;0,2;V
30/05/2004;0,0;V
31/05/2004;0,0;V
01/06/2004;8,0;V
02/06/2004;1,0;V
03/06/2004;0,0;V
04/06/2004;0,0;V
05/06/2004;0,0;V
06/06/2004;1,8;V
07/06/2004;0,0;V
08/06/2004;0,0;V
09/06/2004;0,0;V
10/06/2004;0,0;V
11/06/2004;0,0;V
12/06/2004;0,0;V
13/06/2004;0,2;V
14/06/2004;3,8;V
15/06/2004;0,0;V
16/06/2004;0,0;V
17/06/2004;0,0;V
18/06/2004;0,0;V
19/06/2004;0,0;V
20/06/2004;0,0;V
21/06/2004;0,0;V
22/06/2004;0,0;V
23/06/2004;0,0;V
24/06/2004;0,0;V
25/06/2004;0,0;V
26/06/2004;0,0;V
27/06/2004;0,0;V
28/06/2004;0,0;V
29/06/2004;0,0;V
30/06/2004;0,0;V
01/07/2004;0,0;V
02/07/2004;0,0;V
03/07/2004;0,0;V
04/07/2004;0,0;V
05/07/2004;0,0;V
06/07/2004;0,0;V
07/07/2004;0,0;V
08/07/2004;0,0;V
09/07/2004;0,0;V
10/07/2004;0,0;V
11/07/2004;0,0;V
12/07/2004;0,0;V
13/07/2004;4,6;V
14/07/2004;0,0;V
15/07/2004;0,0;V
16/07/2004;0,0;V
17/07/2004;0,0;V
18/07/2004;0,0;V
19/07/2004;0,0;V
20/07/2004;0,0;V
21/07/2004;0,0;V
22/07/2004;0,0;V
23/07/2004;0,0;V
24/07/2004;0,0;V
25/07/2004;63,4;V
26/07/2004;0,0;V
27/07/2004;0,0;V
28/07/2004;0,0;V
29/07/2004;0,0;V
30/07/2004;0,0;V
31/07/2004;0,0;V
01/08/2004;0,0;V
02/08/2004;0,0;V
03/08/2004;0,0;V
04/08/2004;0,0;V
05/08/2004;0,0;V
06/08/2004;39,6;V
07/08/2004;9,2;V
08/08/2004;0,0;V
09/08/2004;1,2;V
10/08/2004;0,0;V
11/08/2004;0,0;V
12/08/2004;0,0;V
13/08/2004;0,0;V
14/08/2004;0,0;V
15/08/2004;0,0;V
16/08/2004;0,0;V
17/08/2004;0,0;V
18/08/2004;0,0;V
19/08/2004;0,0;V
20/08/2004;0,0;V
21/08/2004;0,0;V
22/08/2004;2,4;V
23/08/2004;0,0;V
24/08/2004;0,0;V
25/08/2004;0,0;V
26/08/2004;0,0;V
27/08/2004;4,2;V
28/08/2004;0,0;V
29/08/2004;0,0;V
30/08/2004;0,0;V
31/08/2004;0,0;V
01/09/2004;0,0;V
02/09/2004;0,0;V
03/09/2004;0,0;V
04/09/2004;0,0;V
05/09/2004;0,0;V
06/09/2004;0,0;V
07/09/2004;0,0;V
08/09/2004;0,0;V
09/09/2004;0,0;V
10/09/2004;0,0;V
11/09/2004;0,0;V
12/09/2004;0,0;V
13/09/2004;4,2;V
14/09/2004;0,0;V
15/09/2004;25,2;V
16/09/2004;1,4;V
17/09/2004;5,2;V
18/09/2004;0,2;V
19/09/2004;0,0;V
20/09/2004;0,0;V
21/09/2004;0,0;V
22/09/2004;0,0;V
23/09/2004;0,0;V
24/09/2004;0,0;V
25/09/2004;11,8;V
26/09/2004;0,0;V
27/09/2004;0,0;V
28/09/2004;0,0;V
29/09/2004;0,0;V
30/09/2004;0,0;V
01/10/2004;0,8;V
02/10/2004;0,0;V
03/10/2004;0,0;V
04/10/2004;0,0;V
05/10/2004;0,2;V
06/10/2004;0,0;V
07/10/2004;0,0;V
08/10/2004;0,0;V
09/10/2004;0,0;V
10/10/2004;0,0;V
11/10/2004;12,2;V
12/10/2004;1,8;V
13/10/2004;0,4;V
14/10/2004;0,8;V
15/10/2004;1,6;V
16/10/2004;3,6;V
17/10/2004;1,6;V
18/10/2004;0,4;V
19/10/2004;0,4;V
20/10/2004;0,2;V
21/10/2004;0,6;V
22/10/2004;0,4;V
23/10/2004;0,0;V
24/10/2004;0,0;V
25/10/2004;0,0;V
26/10/2004;0,2;V
27/10/2004;4,6;V
28/10/2004;0,4;V
29/10/2004;2,8;V
30/10/2004;37,6;V
31/10/2004;10,2;V
01/11/2004;0,0;V
02/11/2004;0,4;V
03/11/2004;0,0;V
04/11/2004;0,2;V
05/11/2004;0,0;V
06/11/2004;0,2;V
07/11/2004;0,2;V
08/11/2004;0,0;V
09/11/2004;0,0;V
10/11/2004;24,8;V
11/11/2004;4,6;V
12/11/2004;2,4;V
13/11/2004;0,0;V
14/11/2004;0,4;V
15/11/2004;0,0;V
16/11/2004;0,0;V
17/11/2004;0,0;V
18/11/2004;0,0;V
19/11/2004;0,0;V
20/11/2004;0,0;V
21/11/2004;0,0;V
22/11/2004;0,0;V
23/11/2004;0,2;V
24/11/2004;0,0;V
25/11/2004;0,2;V
26/11/2004;0,2;V
27/11/2004;3,8;V
28/11/2004;0,4;V
29/11/2004;0,0;V
30/11/2004;16,8;V
01/12/2004;4,6;V
02/12/2004;8,0;V
03/12/2004;20,6;V
04/12/2004;1,8;V
05/12/2004;31,6;V
06/12/2004;12,6;V
07/12/2004;0,2;V
08/12/2004;0,0;V
09/12/2004;4,2;V
10/12/2004;0,0;V
11/12/2004;0,0;V
12/12/2004;0,0;V
13/12/2004;0,2;V
14/12/2004;0,0;V
15/12/2004;0,2;V
16/12/2004;0,0;V
17/12/2004;2,2;V
18/12/2004;3,6;V
19/12/2004;0,0;V
20/12/2004;6,6;V
21/12/2004;0,0;V
22/12/2004;0,0;V
23/12/2004;0,0;V
24/12/2004;0,0;V
25/12/2004;0,0;V
26/12/2004;17,4;V
27/12/2004;5,4;V
28/12/2004;2,6;V
29/12/2004;12,4;V
30/12/2004;0,0;V
31/12/2004;;@
01/01/2005;0,0;V
02/01/2005;0,0;V
03/01/2005;0,0;V
04/01/2005;0,0;V
05/01/2005;0,2;V
06/01/2005;0,2;V
07/01/2005;0,0;V
08/01/2005;0,0;V
09/01/2005;0,0;V
10/01/2005;0,0;V
11/01/2005;0,0;V
12/01/2005;0,0;V
13/01/2005;0,0;V
14/01/2005;0,2;V
15/01/2005;0,0;V
16/01/2005;0,0;V
17/01/2005;0,2;V
18/01/2005;0,0;V
19/01/2005;10,6;V
20/01/2005;0,0;V
21/01/2005;0,0;V
22/01/2005;0,0;V
23/01/2005;0,0;V
24/01/2005;5,2;V
25/01/2005;0,0;V
26/01/2005;0,0;V
27/01/2005;0,0;V
28/01/2005;0,0;V
29/01/2005;0,0;V
30/01/2005;0,0;V
31/01/2005;0,0;V
01/02/2005;0,0;V
02/02/2005;0,0;V
03/02/2005;0,0;V
04/02/2005;0,0;V
05/02/2005;0,0;V
06/02/2005;0,0;V
07/02/2005;0,0;V
08/02/2005;0,0;V
09/02/2005;0,0;V
10/02/2005;0,0;V
11/02/2005;0,0;V
12/02/2005;0,0;V
13/02/2005;0,0;V
14/02/2005;0,0;V
15/02/2005;0,0;V
16/02/2005;0,0;V
17/02/2005;0,0;V
18/02/2005;0,0;V
19/02/2005;0,0;V
20/02/2005;1,0;V
21/02/2005;8,6;V
22/02/2005;13,6;V
23/02/2005;8,0;V
24/02/2005;18,4;V
25/02/2005;7,2;V
26/02/2005;0,0;V
27/02/2005;0,0;V
28/02/2005;0,0;V
01/03/2005;0,0;V
02/03/2005;0,0;V
03/03/2005;0,0;V
04/03/2005;6,2;V
05/03/2005;0,0;V
06/03/2005;6,2;V
07/03/2005;0,0;V
08/03/2005;0,0;V
09/03/2005;0,0;V
10/03/2005;0,0;V
11/03/2005;0,0;V
12/03/2005;0,2;V
13/03/2005;0,0;V
14/03/2005;0,0;V
15/03/2005;0,0;V
16/03/2005;0,0;V
17/03/2005;0,0;V
18/03/2005;0,0;V
19/03/2005;0,0;V
20/03/2005;0,0;V
21/03/2005;0,0;V
22/03/2005;0,0;V
23/03/2005;0,0;V
24/03/2005;0,0;V
25/03/2005;13,8;V
26/03/2005;0,0;V
27/03/2005;0,4;V
28/03/2005;9,2;V
29/03/2005;0,2;V
30/03/2005;0,0;V
31/03/2005;0,0;V
01/04/2005;0,0;V
02/04/2005;0,0;V
03/04/2005;0,0;V
04/04/2005;0,0;V
05/04/2005;0,0;V
06/04/2005;0,0;V
07/04/2005;0,0;V
08/04/2005;0,0;V
09/04/2005;1,0;V
10/04/2005;9,4;V
11/04/2005;7,4;V
12/04/2005;0,4;V
13/04/2005;0,0;V
14/04/2005;0,0;V
15/04/2005;0,0;V
16/04/2005;3,8;V
17/04/2005;10,0;V
18/04/2005;0,2;V
19/04/2005;0,4;V
20/04/2005;0,2;V
21/04/2005;1,0;V
22/04/2005;1,4;V
23/04/2005;0,0;V
24/04/2005;0,0;V
25/04/2005;0,2;V
26/04/2005;0,0;V
27/04/2005;0,0;V
28/04/2005;0,0;V
29/04/2005;0,0;V
30/04/2005;0,0;V
01/05/2005;0,0;V
02/05/2005;0,0;V
03/05/2005;0,0;V
04/05/2005;0,0;V
05/05/2005;0,0;V
06/05/2005;3,6;V
07/05/2005;0,0;V
08/05/2005;0,0;V
09/05/2005;0,0;V
10/05/2005;0,8;V
11/05/2005;1,8;V
12/05/2005;0,0;V
13/05/2005;0,0;V
14/05/2005;0,0;V
15/05/2005;0,0;V
16/05/2005;0,0;V
17/05/2005;0,0;V
18/05/2005;22,4;V
19/05/2005;3,0;V
20/05/2005;2,6;V
21/05/2005;0,0;V
22/05/2005;0,0;V
23/05/2005;0,0;V
24/05/2005;0,0;V
25/05/2005;0,0;V
26/05/2005;0,0;V
27/05/2005;0,0;V
28/05/2005;0,0;V
29/05/2005;0,0;V
30/05/2005;2,4;V
31/05/2005;0,0;V
01/06/2005;0,0;V
02/06/2005;0,0;V
03/06/2005;0,0;V
04/06/2005;0,0;V
05/06/2005;0,0;V
06/06/2005;0,0;V
07/06/2005;0,0;V
08/06/2005;6,8;V
09/06/2005;0,0;V
10/06/2005;0,0;V
11/06/2005;0,0;V
12/06/2005;0,0;V
13/06/2005;0,0;V
14/06/2005;2,8;V
15/06/2005;28,2;V
16/06/2005;0,2;V
17/06/2005;0,0;V
18/06/2005;0,0;V
19/06/2005;0,0;V
20/06/2005;0,0;V
21/06/2005;0,0;V
22/06/2005;0,0;V
23/06/2005;0,0;V
24/06/2005;0,0;V
25/06/2005;0,0;V
26/06/2005;0,0;V
27/06/2005;0,0;V
28/06/2005;0,0;V
29/06/2005;0,0;V
30/06/2005;0,0;V
01/07/2005;0,0;V
02/07/2005;0,0;V
03/07/2005;0,0;V
04/07/2005;0,0;V
05/07/2005;0,2;V
06/07/2005;0,0;V
07/07/2005;0,0;V
08/07/2005;0,0;V
09/07/2005;0,0;V
10/07/2005;0,0;V
11/07/2005;0,4;V
12/07/2005;11,2;V
13/07/2005;0,0;V
14/07/2005;0,0;V
15/07/2005;0,0;V
16/07/2005;0,0;V
17/07/2005;0,0;V
18/07/2005;0,0;V
19/07/2005;1,6;V
20/07/2005;0,0;V
21/07/2005;0,0;V
22/07/2005;0,0;V
23/07/2005;40,2;V
24/07/2005;0,0;V
25/07/2005;0,0;V
26/07/2005;0,0;V
27/07/2005;0,0;V
28/07/2005;0,0;V
29/07/2005;0,0;V
30/07/2005;0,0;V
31/07/2005;0,0;V
01/08/2005;0,0;V
02/08/2005;0,0;V
03/08/2005;0,0;V
04/08/2005;0,0;V
05/08/2005;0,0;V
06/08/2005;0,0;V
07/08/2005;0,0;V
08/08/2005;0,0;V
09/08/2005;0,0;V
10/08/2005;0,0;V
11/08/2005;1,4;V
12/08/2005;5,8;V
13/08/2005;1,6;V
14/08/2005;0,0;V
15/08/2005;0,0;V
16/08/2005;0,0;V
17/08/2005;0,0;V
18/08/2005;0,0;V
19/08/2005;0,0;V
20/08/2005;0,0;V
21/08/2005;9,2;V
22/08/2005;17,2;V
23/08/2005;0,2;V
24/08/2005;0,0;V
25/08/2005;0,0;V
26/08/2005;0,0;V
27/08/2005;0,0;V
28/08/2005;29,4;V
29/08/2005;0,0;V
30/08/2005;0,0;V
31/08/2005;0,0;V
01/09/2005;0,0;V
02/09/2005;0,0;V
03/09/2005;0,0;V
04/09/2005;0,0;V
05/09/2005;0,0;V
06/09/2005;0,0;V
07/09/2005;2,8;V
08/09/2005;0,8;V
09/09/2005;13,6;V
10/09/2005;36,2;V
11/09/2005;2,2;V
12/09/2005;3,6;V
13/09/2005;0,0;V
14/09/2005;0,2;V
15/09/2005;0,0;V
16/09/2005;0,0;V
17/09/2005;0,0;V
18/09/2005;57,0;V
19/09/2005;2,2;V
20/09/2005;0,0;V
21/09/2005;0,0;V
22/09/2005;0,0;V
23/09/2005;0,0;V
24/09/2005;0,0;V
25/09/2005;0,0;V
26/09/2005;0,0;V
27/09/2005;0,0;V
28/09/2005;0,0;V
29/09/2005;0,0;V
30/09/2005;0,0;V
01/10/2005;0,0;V
02/10/2005;0,0;V
03/10/2005;38,6;V
04/10/2005;6,4;V
05/10/2005;14,4;V
06/10/2005;11,4;V
07/10/2005;0,2;V
08/10/2005;6,6;V
09/10/2005;5,2;V
10/10/2005;0,0;V
11/10/2005;0,0;V
12/10/2005;0,0;V
13/10/2005;0,0;V
14/10/2005;0,0;V
15/10/2005;0,2;V
16/10/2005;0,0;V
17/10/2005;0,0;V
18/10/2005;0,0;V
19/10/2005;0,4;V
20/10/2005;26,6;V
21/10/2005;4,2;V
22/10/2005;6,6;V
23/10/2005;0,2;V
24/10/2005;0,0;V
25/10/2005;0,2;V
26/10/2005;0,0;V
27/10/2005;0,2;V
28/10/2005;0,0;V
29/10/2005;0,2;V
30/10/2005;0,2;V
31/10/2005;0,0;V
01/11/2005;0,2;V
02/11/2005;1,6;V
03/11/2005;0,2;V
04/11/2005;0,0;V
05/11/2005;0,0;V
06/11/2005;36,6;V
07/11/2005;4,2;V
08/11/2005;0,2;V
09/11/2005;0,0;V
10/11/2005;0,2;V
11/11/2005;0,2;V
12/11/2005;0,2;V
13/11/2005;0,0;V
14/11/2005;0,2;V
15/11/2005;9,8;V
16/11/2005;8,2;V
17/11/2005;2,4;V
18/11/2005;0,0;V
19/11/2005;0,0;V
20/11/2005;0,0;V
21/11/2005;0,2;V
22/11/2005;2,2;V
23/11/2005;0,0;V
24/11/2005;0,0;V
25/11/2005;0,0;V
26/11/2005;37,0;V
27/11/2005;21,8;V
28/11/2005;19,0;V
29/11/2005;6,4;V
30/11/2005;10,6;V
01/12/2005;4,4;V
02/12/2005;0,2;V
03/12/2005;23,0;V
04/12/2005;1,0;V
05/12/2005;5,4;V
06/12/2005;8,4;V
07/12/2005;6,2;V
08/12/2005;0,0;V
09/12/2005;22,8;V
10/12/2005;3,6;V
11/12/2005;1,0;R
12/12/2005;8,0;R
13/12/2005;0,0;V
14/12/2005;0,0;V
15/12/2005;0,4;V
16/12/2005;0,0;V
17/12/2005;0,0;V
18/12/2005;5,8;V
19/12/2005;0,0;V
20/12/2005;0,0;V
21/12/2005;0,0;V
22/12/2005;0,0;V
23/12/2005;0,2;V
24/12/2005;0,0;V
25/12/2005;0,2;V
26/12/2005;5,6;V
27/12/2005;3,2;V
28/12/2005;0,8;V
29/12/2005;0,6;V
30/12/2005;8,6;V
31/12/2005;2,4;V
01/01/2006;4,4;V
02/01/2006;11,6;V
03/01/2006;0,6;V
04/01/2006;0,0;V
05/01/2006;0,0;V
06/01/2006;0,0;V
07/01/2006;0,2;V
08/01/2006;0,0;V
09/01/2006;0,0;V
10/01/2006;0,0;V
11/01/2006;0,0;V
12/01/2006;0,0;V
13/01/2006;0,2;V
14/01/2006;0,0;V
15/01/2006;0,0;V
16/01/2006;0,0;V
17/01/2006;0,2;V
18/01/2006;3,4;V
19/01/2006;1,4;V
20/01/2006;0,0;V
21/01/2006;0,0;V
22/01/2006;0,0;V
23/01/2006;0,0;V
24/01/2006;0,0;V
25/01/2006;0,0;V
26/01/2006;0,0;V
27/01/2006;1,4;V
28/01/2006;2,0;V
29/01/2006;2,0;V
30/01/2006;7,0;V
31/01/2006;0,2;V
01/02/2006;0,0;V
02/02/2006;0,0;V
03/02/2006;0,0;V
04/02/2006;0,0;V
05/02/2006;0,0;V
06/02/2006;0,0;V
07/02/2006;0,0;V
08/02/2006;0,0;V
09/02/2006;0,2;V
10/02/2006;0,0;V
11/02/2006;0,0;V
12/02/2006;0,0;V
13/02/2006;0,0;V
14/02/2006;0,0;V
15/02/2006;1,4;V
16/02/2006;3,0;V
17/02/2006;2,2;V
18/02/2006;0,0;V
19/02/2006;0,0;V
20/02/2006;8,8;V
21/02/2006;2,2;V
22/02/2006;7,4;V
23/02/2006;5,0;V
24/02/2006;0,4;V
25/02/2006;4,4;V
26/02/2006;0,6;V
27/02/2006;1,2;V
28/02/2006;0,0;V
01/03/2006;4,4;V
02/03/2006;1,0;V
03/03/2006;3,0;V
04/03/2006;0,0;V
05/03/2006;0,0;V
06/03/2006;17,4;V
07/03/2006;0,0;V
08/03/2006;0,0;V
09/03/2006;2,8;V
10/03/2006;0,0;V
11/03/2006;0,0;V
12/03/2006;0,0;V
13/03/2006;0,0;V
14/03/2006;0,0;V
15/03/2006;0,0;V
16/03/2006;5,2;V
17/03/2006;0,0;V
18/03/2006;0,0;V
19/03/2006;0,4;V
20/03/2006;1,0;V
21/03/2006;1,8;V
22/03/2006;2,2;V
23/03/2006;3,0;V
24/03/2006;0,2;V
25/03/2006;3,4;V
26/03/2006;0,0;V
27/03/2006;0,0;V
28/03/2006;0,0;V
29/03/2006;0,0;V
30/03/2006;0,0;V
31/03/2006;0,0;V
01/04/2006;0,0;V
02/04/2006;0,0;V
03/04/2006;0,0;V
04/04/2006;0,0;V
05/04/2006;0,0;V
06/04/2006;0,4;V
07/04/2006;0,0;V
08/04/2006;0,0;V
09/04/2006;0,0;V
10/04/2006;0,0;V
11/04/2006;0,0;V
12/04/2006;0,0;V
13/04/2006;0,0;V
14/04/2006;0,0;V
15/04/2006;0,0;V
16/04/2006;0,0;V
17/04/2006;0,0;V
18/04/2006;0,4;V
19/04/2006;0,4;V
20/04/2006;0,0;V
21/04/2006;0,0;V
22/04/2006;2,4;V
23/04/2006;0,0;V
24/04/2006;0,0;V
25/04/2006;0,0;V
26/04/2006;5,2;V
27/04/2006;2,6;V
28/04/2006;2,4;V
29/04/2006;2,2;V
30/04/2006;0,0;V
01/05/2006;0,0;V
02/05/2006;0,0;V
03/05/2006;0,0;V
04/05/2006;0,0;V
05/05/2006;0,0;V
06/05/2006;0,0;V
07/05/2006;0,0;V
08/05/2006;0,0;V
09/05/2006;12,4;V
10/05/2006;0,0;V
11/05/2006;19,0;V
12/05/2006;0,0;V
13/05/2006;0,0;V
14/05/2006;1,4;V
15/05/2006;0,0;V
16/05/2006;0,0;V
17/05/2006;0,0;V
18/05/2006;0,0;V
19/05/2006;0,0;V
20/05/2006;0,0;V
21/05/2006;0,0;V
22/05/2006;0,0;V
23/05/2006;0,0;V
24/05/2006;9,2;V
25/05/2006;0,0;V
26/05/2006;0,0;V
27/05/2006;0,0;V
28/05/2006;0,0;V
29/05/2006;0,0;V
30/05/2006;0,0;V
31/05/2006;4,6;V
01/06/2006;12,0;V
02/06/2006;0,0;V
03/06/2006;0,0;V
04/06/2006;0,0;V
05/06/2006;0,0;V
06/06/2006;0,0;V
07/06/2006;0,0;V
08/06/2006;0,0;V
09/06/2006;0,0;V
10/06/2006;0,0;V
11/06/2006;0,0;V
12/06/2006;0,0;V
13/06/2006;0,0;V
14/06/2006;0,0;V
15/06/2006;0,0;V
16/06/2006;0,0;V
17/06/2006;0,0;V
18/06/2006;0,0;V
19/06/2006;0,0;V
20/06/2006;0,0;V
21/06/2006;0,0;V
22/06/2006;0,0;V
23/06/2006;0,0;V
24/06/2006;0,0;V
25/06/2006;0,0;V
26/06/2006;0,0;V
27/06/2006;0,0;V
28/06/2006;0,0;V
29/06/2006;0,0;V
30/06/2006;0,0;V
01/07/2006;0,0;V
02/07/2006;0,0;V
03/07/2006;0,0;V
04/07/2006;0,0;V
05/07/2006;0,0;V
06/07/2006;0,0;V
07/07/2006;23,6;V
08/07/2006;28,4;V
09/07/2006;0,0;V
10/07/2006;0,0;V
11/07/2006;0,0;V
12/07/2006;0,0;V
13/07/2006;0,0;V
14/07/2006;0,0;V
15/07/2006;0,0;V
16/07/2006;0,0;V
17/07/2006;0,0;V
18/07/2006;0,0;V
19/07/2006;0,0;V
20/07/2006;0,0;V
21/07/2006;0,0;V
22/07/2006;0,0;V
23/07/2006;0,0;V
24/07/2006;0,0;V
25/07/2006;0,0;V
26/07/2006;0,0;V
27/07/2006;0,0;V
28/07/2006;0,0;V
29/07/2006;0,0;V
30/07/2006;1,0;V
31/07/2006;0,0;V
01/08/2006;0,0;V
02/08/2006;0,0;V
03/08/2006;0,0;V
04/08/2006;0,0;V
05/08/2006;0,0;V
06/08/2006;0,0;V
07/08/2006;0,0;V
08/08/2006;0,0;V
09/08/2006;2,0;V
10/08/2006;0,0;V
11/08/2006;0,2;V
12/08/2006;0,2;V
13/08/2006;20,2;V
14/08/2006;0,0;V
15/08/2006;0,0;V
16/08/2006;0,0;V
17/08/2006;0,0;V
18/08/2006;0,0;V
19/08/2006;0,0;V
20/08/2006;0,8;V
21/08/2006;2,0;V
22/08/2006;0,0;V
23/08/2006;0,0;V
24/08/2006;0,0;V
25/08/2006;0,0;V
26/08/2006;0,0;V
27/08/2006;3,0;V
28/08/2006;0,0;V
29/08/2006;0,0;V
30/08/2006;5,2;V
31/08/2006;0,0;V
01/09/2006;0,0;V
02/09/2006;0,0;V
03/09/2006;0,0;V
04/09/2006;0,0;V
05/09/2006;0,0;V
06/09/2006;0,0;V
07/09/2006;0,0;V
08/09/2006;0,0;V
09/09/2006;0,0;V
10/09/2006;0,0;V
11/09/2006;0,0;V
12/09/2006;0,0;V
13/09/2006;0,0;V
14/09/2006;0,0;V
15/09/2006;28,0;V
16/09/2006;0,0;V
17/09/2006;41,0;V
18/09/2006;1,2;V
19/09/2006;0,0;V
20/09/2006;0,0;V
21/09/2006;0,0;V
22/09/2006;0,0;V
23/09/2006;0,0;V
24/09/2006;0,0;V
25/09/2006;5,6;V
26/09/2006;4,8;V
27/09/2006;0,0;V
28/09/2006;0,0;V
29/09/2006;0,0;V
30/09/2006;0,0;V
01/10/2006;0,0;V
02/10/2006;0,0;V
03/10/2006;0,0;V
04/10/2006;0,0;V
05/10/2006;0,0;V
06/10/2006;0,0;V
07/10/2006;0,0;V
08/10/2006;12,6;V
09/10/2006;0,2;V
10/10/2006;0,0;V
11/10/2006;0,0;V
12/10/2006;0,0;V
13/10/2006;0,2;V
14/10/2006;0,0;V
15/10/2006;0,0;V
16/10/2006;0,0;V
17/10/2006;0,0;V
18/10/2006;0,0;V
19/10/2006;0,0;V
20/10/2006;18,6;V
21/10/2006;13,6;V
22/10/2006;14,6;V
23/10/2006;0,0;V
24/10/2006;0,0;V
25/10/2006;0,2;V
26/10/2006;0,0;V
27/10/2006;0,0;V
28/10/2006;0,2;V
29/10/2006;0,0;V
30/10/2006;0,0;V
31/10/2006;0,0;V
01/11/2006;6,8;V
02/11/2006;0,0;V
03/11/2006;0,0;V
04/11/2006;0,0;V
05/11/2006;0,0;V
06/11/2006;0,0;V
07/11/2006;0,2;V
08/11/2006;0,0;V
09/11/2006;0,0;V
10/11/2006;1,4;V
11/11/2006;0,2;V
12/11/2006;0,0;V
13/11/2006;0,0;V
14/11/2006;0,0;V
15/11/2006;1,6;V
16/11/2006;0,4;V
17/11/2006;0,2;V
18/11/2006;0,0;V
19/11/2006;11,4;V
20/11/2006;0,6;V
21/11/2006;3,8;V
22/11/2006;29,6;V
23/11/2006;0,2;V
24/11/2006;0,0;V
25/11/2006;0,0;V
26/11/2006;0,2;V
27/11/2006;0,2;V
28/11/2006;0,0;V
29/11/2006;0,2;V
30/11/2006;0,2;V
01/12/2006;0,0;V
02/12/2006;0,2;V
03/12/2006;0,0;V
04/12/2006;0,0;V
05/12/2006;0,6;V
06/12/2006;0,0;V
07/12/2006;21,6;V
08/12/2006;0,0;V
09/12/2006;28,6;V
10/12/2006;7,0;V
11/12/2006;0,6;V
12/12/2006;0,2;V
13/12/2006;0,0;V
14/12/2006;0,0;V
15/12/2006;0,0;V
16/12/2006;0,2;V
17/12/2006;1,0;V
18/12/2006;1,0;V
19/12/2006;6,0;V
20/12/2006;0,0;V
21/12/2006;0,0;V
22/12/2006;0,0;V
23/12/2006;0,0;V
24/12/2006;0,0;V
25/12/2006;0,0;V
26/12/2006;0,0;V
27/12/2006;0,0;V
28/12/2006;0,2;V
29/12/2006;0,2;V
30/12/2006;0,2;V
31/12/2006;0,0;V
01/01/2007;0,6;V
02/01/2007;0,0;V
03/01/2007;0,0;V
04/01/2007;0,0;V
05/01/2007;0,0;V
06/01/2007;0,0;V
07/01/2007;0,0;V
08/01/2007;1,0;V
09/01/2007;5,4;V
10/01/2007;0,0;V
11/01/2007;1,4;V
12/01/2007;1,2;V
13/01/2007;0,2;V
14/01/2007;0,0;V
15/01/2007;0,0;V
16/01/2007;0,2;V
17/01/2007;0,0;V
18/01/2007;0,2;V
19/01/2007;0,0;V
20/01/2007;0,2;V
21/01/2007;0,0;V
22/01/2007;0,0;V
23/01/2007;0,0;V
24/01/2007;12,4;V
25/01/2007;1,0;V
26/01/2007;0,2;V
27/01/2007;0,0;V
28/01/2007;0,2;V
29/01/2007;0,4;V
30/01/2007;0,0;V
31/01/2007;0,2;V
01/02/2007;0,0;V
02/02/2007;0,2;V
03/02/2007;0,0;V
04/02/2007;0,0;V
05/02/2007;0,2;V
06/02/2007;0,0;V
07/02/2007;7,8;V
08/02/2007;10,6;V
09/02/2007;30,2;V
10/02/2007;0,0;V
11/02/2007;0,2;V
12/02/2007;0,2;V
13/02/2007;14,2;V
14/02/2007;0,0;V
15/02/2007;4,4;V
16/02/2007;1,2;V
17/02/2007;0,0;V
18/02/2007;0,0;V
19/02/2007;0,0;V
20/02/2007;0,0;V
21/02/2007;0,0;V
22/02/2007;5,4;V
23/02/2007;0,2;V
24/02/2007;0,0;V
25/02/2007;4,4;V
26/02/2007;8,6;V
27/02/2007;0,0;V
28/02/2007;0,0;V
01/03/2007;0,0;V
02/03/2007;0,0;V
03/03/2007;0,0;V
04/03/2007;0,0;V
05/03/2007;0,0;V
06/03/2007;0,0;V
07/03/2007;3,2;V
08/03/2007;3,8;V
09/03/2007;0,0;V
10/03/2007;0,0;V
11/03/2007;0,0;V
12/03/2007;0,0;V
13/03/2007;0,0;V
14/03/2007;0,0;V
15/03/2007;0,0;V
16/03/2007;0,0;V
17/03/2007;0,0;V
18/03/2007;0,0;V
19/03/2007;0,0;V
20/03/2007;13,4;V
21/03/2007;10,6;V
22/03/2007;0,0;V
23/03/2007;0,0;V
24/03/2007;0,0;V
25/03/2007;11,2;V
26/03/2007;10,8;V
27/03/2007;1,6;V
28/03/2007;0,0;V
29/03/2007;0,0;V
30/03/2007;2,6;V
31/03/2007;4,0;V
01/04/2007;0,0;V
02/04/2007;0,0;V
03/04/2007;0,0;V
04/04/2007;8,0;V
05/04/2007;0,2;V
06/04/2007;0,0;V
07/04/2007;0,0;V
08/04/2007;0,0;V
09/04/2007;0,0;V
10/04/2007;0,0;V
11/04/2007;0,0;V
12/04/2007;0,0;V
13/04/2007;0,0;V
14/04/2007;0,0;V
15/04/2007;0,0;V
16/04/2007;0,0;V
17/04/2007;0,0;V
18/04/2007;0,0;V
19/04/2007;0,0;V
20/04/2007;0,0;V
21/04/2007;0,0;V
22/04/2007;0,0;V
23/04/2007;0,0;V
24/04/2007;0,0;V
25/04/2007;0,0;V
26/04/2007;0,0;V
27/04/2007;0,0;V
28/04/2007;0,2;V
29/04/2007;0,0;V
30/04/2007;0,0;V
01/05/2007;4,2;V
02/05/2007;12,2;V
03/05/2007;7,2;V
04/05/2007;13,4;V
05/05/2007;15,4;V
06/05/2007;3,0;V
07/05/2007;3,4;V
08/05/2007;0,0;V
09/05/2007;0,0;V
10/05/2007;0,0;V
11/05/2007;0,0;V
12/05/2007;0,0;V
13/05/2007;0,0;V
14/05/2007;0,0;V
15/05/2007;0,0;V
16/05/2007;0,0;V
17/05/2007;0,0;V
18/05/2007;0,0;V
19/05/2007;0,0;V
20/05/2007;0,0;V
21/05/2007;0,0;V
22/05/2007;0,0;V
23/05/2007;0,0;V
24/05/2007;2,8;V
25/05/2007;0,0;V
26/05/2007;0,0;V
27/05/2007;0,0;V
28/05/2007;13,6;V
29/05/2007;42,0;V
30/05/2007;2,2;V
31/05/2007;0,0;V
01/06/2007;0,0;V
02/06/2007;4,8;V
03/06/2007;1,0;V
04/06/2007;0,0;V
05/06/2007;6,2;V
06/06/2007;3,2;V
07/06/2007;3,4;V
08/06/2007;3,8;V
09/06/2007;8,6;V
10/06/2007;0,0;V
11/06/2007;0,0;V
12/06/2007;0,0;V
13/06/2007;0,0;V
14/06/2007;0,0;V
15/06/2007;0,0;V
16/06/2007;0,0;V
17/06/2007;0,0;V
18/06/2007;0,0;V
19/06/2007;0,0;V
20/06/2007;0,0;V
21/06/2007;0,0;V
22/06/2007;0,0;V
23/06/2007;0,0;V
24/06/2007;0,0;V
25/06/2007;0,0;V
26/06/2007;0,0;V
27/06/2007;3,6;V
28/06/2007;0,0;V
29/06/2007;0,0;V
30/06/2007;0,0;V
01/07/2007;0,0;V
02/07/2007;0,0;V
03/07/2007;0,0;V
04/07/2007;0,0;V
05/07/2007;0,0;V
06/07/2007;0,0;V
07/07/2007;0,0;V
08/07/2007;0,0;V
09/07/2007;0,0;V
10/07/2007;0,0;V
11/07/2007;0,0;V
12/07/2007;1,8;V
13/07/2007;0,0;V
14/07/2007;0,0;V
15/07/2007;0,0;V
16/07/2007;0,0;V
17/07/2007;0,0;V
18/07/2007;0,0;V
19/07/2007;0,0;V
20/07/2007;0,0;V
21/07/2007;0,0;V
22/07/2007;0,0;V
23/07/2007;0,0;V
24/07/2007;0,0;V
25/07/2007;0,2;V
26/07/2007;0,0;V
27/07/2007;0,0;V
28/07/2007;0,0;V
29/07/2007;0,0;V
30/07/2007;0,0;V
31/07/2007;0,0;V
01/08/2007;0,0;V
02/08/2007;0,0;V
03/08/2007;1,0;V
04/08/2007;6,4;V
05/08/2007;0,0;V
06/08/2007;0,0;V
07/08/2007;0,0;V
08/08/2007;0,0;V
09/08/2007;16,6;V
10/08/2007;0,0;V
11/08/2007;5,8;V
12/08/2007;0,0;V
13/08/2007;0,0;V
14/08/2007;0,0;V
15/08/2007;0,0;V
16/08/2007;0,0;V
17/08/2007;0,0;V
18/08/2007;0,0;V
19/08/2007;0,0;V
20/08/2007;17,4;V
21/08/2007;0,0;V
22/08/2007;0,2;V
23/08/2007;1,0;V
24/08/2007;21,6;V
25/08/2007;1,0;V
26/08/2007;0,0;V
27/08/2007;0,0;V
28/08/2007;0,0;V
29/08/2007;0,0;V
30/08/2007;0,0;V
31/08/2007;0,0;V
01/09/2007;1,8;V
02/09/2007;0,0;V
03/09/2007;0,0;V
04/09/2007;0,0;V
05/09/2007;2,6;V
06/09/2007;0,0;V
07/09/2007;0,0;V
08/09/2007;0,0;V
09/09/2007;0,0;V
10/09/2007;0,0;V
11/09/2007;0,0;V
12/09/2007;0,0;V
13/09/2007;0,0;V
14/09/2007;0,0;V
15/09/2007;0,0;V
16/09/2007;0,0;V
17/09/2007;29,0;V
18/09/2007;0,2;V
19/09/2007;0,0;V
20/09/2007;0,0;V
21/09/2007;0,0;V
22/09/2007;0,0;V
23/09/2007;0,0;V
24/09/2007;0,0;V
25/09/2007;0,0;V
26/09/2007;0,0;V
27/09/2007;5,6;V
28/09/2007;26,6;V
29/09/2007;1,0;V
30/09/2007;0,0;V
01/10/2007;0,0;V
02/10/2007;0,0;V
03/10/2007;0,2;V
04/10/2007;0,0;V
05/10/2007;0,0;V
06/10/2007;0,0;V
07/10/2007;0,0;V
08/10/2007;0,0;V
09/10/2007;0,0;V
10/10/2007;0,0;V
11/10/2007;0,0;V
12/10/2007;0,0;V
13/10/2007;0,0;V
14/10/2007;0,0;V
15/10/2007;0,0;V
16/10/2007;0,0;V
17/10/2007;0,0;V
18/10/2007;0,0;V
19/10/2007;0,0;V
20/10/2007;0,0;V
21/10/2007;0,0;V
22/10/2007;0,0;V
23/10/2007;0,0;V
24/10/2007;0,2;V
25/10/2007;16,4;V
26/10/2007;11,0;V
27/10/2007;22,6;V
28/10/2007;0,0;V
29/10/2007;0,2;V
30/10/2007;5,6;V
31/10/2007;6,8;V
01/11/2007;0,0;V
02/11/2007;0,0;V
03/11/2007;0,0;V
04/11/2007;0,0;V
05/11/2007;0,0;V
06/11/2007;0,0;V
07/11/2007;0,2;V
08/11/2007;0,0;V
09/11/2007;1,6;V
10/11/2007;4,4;V
11/11/2007;0,0;V
12/11/2007;0,0;V
13/11/2007;0,0;V
14/11/2007;8,2;V
15/11/2007;8,4;V
16/11/2007;0,0;V
17/11/2007;0,0;V
18/11/2007;0,0;V
19/11/2007;0,0;V
20/11/2007;0,0;V
21/11/2007;0,0;V
22/11/2007;0,0;V
23/11/2007;0,4;V
24/11/2007;0,4;V
25/11/2007;21,8;V
26/11/2007;0,0;V
27/11/2007;0,2;V
28/11/2007;0,2;V
29/11/2007;0,0;V
30/11/2007;0,0;V
01/12/2007;0,0;V
02/12/2007;0,0;V
03/12/2007;0,0;V
04/12/2007;7,4;V
05/12/2007;0,0;V
06/12/2007;0,0;V
07/12/2007;0,0;V
08/12/2007;10,6;V
09/12/2007;0,2;V
10/12/2007;8,0;V
11/12/2007;0,2;V
12/12/2007;0,0;V
13/12/2007;0,2;V
14/12/2007;0,0;V
15/12/2007;0,0;V
16/12/2007;0,0;V
17/12/2007;0,0;V
18/12/2007;0,0;V
19/12/2007;0,0;V
20/12/2007;0,0;V
21/12/2007;0,0;V
22/12/2007;0,0;V
23/12/2007;8,2;V
24/12/2007;1,2;V
25/12/2007;0,0;V
26/12/2007;0,4;V
27/12/2007;0,0;V
28/12/2007;0,0;V
29/12/2007;0,0;V
30/12/2007;0,2;V
31/12/2007;0,0;V
01/01/2008;0,0;V
02/01/2008;0,0;V
03/01/2008;0,4;V
04/01/2008;2,0;V
05/01/2008;2,8;V
06/01/2008;2,2;V
07/01/2008;3,2;V
08/01/2008;2,0;V
09/01/2008;0,0;V
10/01/2008;0,0;V
11/01/2008;0,6;V
12/01/2008;5,0;V
13/01/2008;18,6;V
14/01/2008;6,4;V
15/01/2008;3,0;V
16/01/2008;8,0;V
17/01/2008;22,2;V
18/01/2008;0,0;V
19/01/2008;0,2;V
20/01/2008;0,0;V
21/01/2008;0,0;V
22/01/2008;1,2;V
23/01/2008;0,2;V
24/01/2008;0,0;V
25/01/2008;0,0;V
26/01/2008;0,0;V
27/01/2008;0,0;V
28/01/2008;0,0;V
29/01/2008;0,0;V
30/01/2008;0,0;V
31/01/2008;4,2;V
01/02/2008;5,4;V
02/02/2008;1,6;V
03/02/2008;14,0;V
04/02/2008;5,0;V
05/02/2008;7,6;V
06/02/2008;0,2;V
07/02/2008;0,0;V
08/02/2008;0,0;V
09/02/2008;0,0;V
10/02/2008;0,0;V
11/02/2008;0,0;V
12/02/2008;0,0;V
13/02/2008;0,0;V
14/02/2008;0,0;V
15/02/2008;0,0;V
16/02/2008;0,0;V
17/02/2008;0,0;V
18/02/2008;0,0;V
19/02/2008;0,0;V
20/02/2008;0,0;V
21/02/2008;0,0;V
22/02/2008;0,0;V
23/02/2008;0,0;V
24/02/2008;0,0;V
25/02/2008;0,0;V
26/02/2008;0,0;V
27/02/2008;2,4;V
28/02/2008;0,0;V
29/02/2008;0,0;V
01/03/2008;0,8;V
02/03/2008;0,0;V
03/03/2008;0,0;V
04/03/2008;0,0;V
05/03/2008;0,2;V
06/03/2008;0,6;V
07/03/2008;10,4;V
08/03/2008;2,4;V
09/03/2008;0,0;V
10/03/2008;6,2;V
11/03/2008;5,2;V
12/03/2008;0,0;V
13/03/2008;0,0;V
14/03/2008;0,0;V
15/03/2008;0,0;V
16/03/2008;0,0;V
17/03/2008;0,0;V
18/03/2008;0,0;V
19/03/2008;0,0;V
20/03/2008;2,0;V
21/03/2008;2,4;V
22/03/2008;18,6;V
23/03/2008;0,0;V
24/03/2008;11,2;V
25/03/2008;5,2;V
26/03/2008;0,2;V
27/03/2008;7,0;V
28/03/2008;18,0;V
29/03/2008;0,0;V
30/03/2008;0,0;V
31/03/2008;0,0;V
01/04/2008;0,0;V
02/04/2008;0,0;V
03/04/2008;0,0;V
04/04/2008;4,2;V
05/04/2008;0,0;V
06/04/2008;0,0;V
07/04/2008;0,0;V
08/04/2008;0,0;V
09/04/2008;0,0;V
10/04/2008;1,8;V
11/04/2008;0,0;V
12/04/2008;16,6;V
13/04/2008;4,6;V
14/04/2008;0,4;V
15/04/2008;2,2;V
16/04/2008;4,6;V
17/04/2008;0,0;V
18/04/2008;9,2;V
19/04/2008;0,2;V
20/04/2008;0,0;V
21/04/2008;6,4;V
22/04/2008;1,0;V
23/04/2008;0,0;V
24/04/2008;0,0;V
25/04/2008;0,0;V
26/04/2008;0,0;V
27/04/2008;0,0;V
28/04/2008;0,0;V
29/04/2008;2,2;V
30/04/2008;1,8;V
01/05/2008;2,8;V
02/05/2008;0,0;V
03/05/2008;0,0;V
04/05/2008;0,0;V
05/05/2008;0,0;V
06/05/2008;3,2;V
07/05/2008;0,0;V
08/05/2008;0,0;V
09/05/2008;0,0;V
10/05/2008;0,0;V
11/05/2008;0,0;V
12/05/2008;0,2;V
13/05/2008;3,0;V
14/05/2008;0,0;V
15/05/2008;0,4;V
16/05/2008;0,0;V
17/05/2008;1,6;V
18/05/2008;12,6;V
19/05/2008;4,4;V
20/05/2008;10,8;V
21/05/2008;1,4;V
22/05/2008;10,4;V
23/05/2008;0,0;V
24/05/2008;6,8;V
25/05/2008;0,0;V
26/05/2008;0,0;V
27/05/2008;0,0;V
28/05/2008;0,0;V
29/05/2008;0,0;V
30/05/2008;4,8;V
31/05/2008;9,6;V
01/06/2008;0,0;V
02/06/2008;0,0;V
03/06/2008;0,8;V
04/06/2008;1,2;V
05/06/2008;0,0;V
06/06/2008;0,8;V
07/06/2008;0,8;V
08/06/2008;1,2;V
09/06/2008;55,6;V
10/06/2008;0,8;V
11/06/2008;0,0;V
12/06/2008;0,0;V
13/06/2008;19,8;V
14/06/2008;2,0;V
15/06/2008;4,8;V
16/06/2008;0,0;V
17/06/2008;0,0;V
18/06/2008;0,8;V
19/06/2008;0,0;V
20/06/2008;0,0;V
21/06/2008;0,0;V
22/06/2008;0,0;V
23/06/2008;0,0;V
24/06/2008;0,0;V
25/06/2008;0,0;V
26/06/2008;0,0;V
27/06/2008;0,0;V
28/06/2008;0,0;V
29/06/2008;0,0;V
30/06/2008;0,0;V
01/07/2008;0,0;V
02/07/2008;0,0;V
03/07/2008;0,0;V
04/07/2008;0,0;V
05/07/2008;0,0;V
06/07/2008;0,0;V
07/07/2008;0,0;V
08/07/2008;0,0;V
09/07/2008;0,0;V
10/07/2008;0,0;V
11/07/2008;0,0;V
12/07/2008;0,0;V
13/07/2008;0,0;V
14/07/2008;2,4;V
15/07/2008;0,0;V
16/07/2008;0,0;V
17/07/2008;0,0;V
18/07/2008;0,0;V
19/07/2008;0,0;V
20/07/2008;0,0;V
21/07/2008;0,0;V
22/07/2008;0,0;V
23/07/2008;0,0;V
24/07/2008;0,0;V
25/07/2008;0,0;V
26/07/2008;0,0;V
27/07/2008;0,0;V
28/07/2008;0,0;V
29/07/2008;0,0;V
30/07/2008;0,0;V
31/07/2008;0,0;V
01/08/2008;0,0;V
02/08/2008;0,0;V
03/08/2008;0,0;V
04/08/2008;0,0;V
05/08/2008;0,0;V
06/08/2008;0,0;V
07/08/2008;0,0;V
08/08/2008;0,0;V
09/08/2008;0,0;V
10/08/2008;0,0;V
11/08/2008;0,0;V
12/08/2008;0,0;V
13/08/2008;0,0;V
14/08/2008;0,0;V
15/08/2008;0,0;V
16/08/2008;11,0;V
17/08/2008;0,0;V
18/08/2008;0,0;V
19/08/2008;0,0;V
20/08/2008;0,0;V
21/08/2008;0,0;V
22/08/2008;0,0;V
23/08/2008;0,0;V
24/08/2008;0,0;V
25/08/2008;0,0;V
26/08/2008;0,0;V
27/08/2008;0,0;V
28/08/2008;0,0;V
29/08/2008;0,0;V
30/08/2008;0,0;V
31/08/2008;0,0;V
01/09/2008;0,0;V
02/09/2008;0,0;V
03/09/2008;0,0;V
04/09/2008;0,0;V
05/09/2008;0,0;V
06/09/2008;0,0;V
07/09/2008;0,0;V
08/09/2008;0,0;V
09/09/2008;0,0;V
10/09/2008;0,0;V
11/09/2008;0,0;V
12/09/2008;0,0;V
13/09/2008;32,6;V
14/09/2008;26,0;V
15/09/2008;2,8;V
16/09/2008;0,6;V
17/09/2008;0,0;V
18/09/2008;0,0;V
19/09/2008;2,6;V
20/09/2008;5,4;V
21/09/2008;0,0;V
22/09/2008;0,0;V
23/09/2008;0,0;V
24/09/2008;0,0;V
25/09/2008;0,0;V
26/09/2008;0,0;V
27/09/2008;0,0;V
28/09/2008;0,0;V
29/09/2008;0,0;V
30/09/2008;0,0;V
01/10/2008;0,0;V
02/10/2008;0,0;V
03/10/2008;0,0;V
04/10/2008;0,0;V
05/10/2008;0,0;V
06/10/2008;2,0;V
07/10/2008;0,0;V
08/10/2008;0,0;V
09/10/2008;0,0;V
10/10/2008;0,0;V
11/10/2008;0,0;V
12/10/2008;0,0;V
13/10/2008;0,0;V
14/10/2008;0,0;V
15/10/2008;0,0;V
16/10/2008;0,0;V
17/10/2008;0,0;V
18/10/2008;0,0;V
19/10/2008;0,0;V
20/10/2008;0,0;V
21/10/2008;0,0;V
22/10/2008;0,4;V
23/10/2008;0,0;V
24/10/2008;0,2;V
25/10/2008;1,2;V
26/10/2008;0,0;V
27/10/2008;0,2;V
28/10/2008;0,8;V
29/10/2008;18,8;V
30/10/2008;2,2;V
31/10/2008;1,0;V
01/11/2008;16,8;V
02/11/2008;0,0;V
03/11/2008;0,0;V
04/11/2008;2,8;V
05/11/2008;22,6;V
06/11/2008;0,0;V
07/11/2008;7,0;V
08/11/2008;0,8;V
09/11/2008;0,0;V
10/11/2008;0,0;V
11/11/2008;0,2;V
12/11/2008;0,6;V
13/11/2008;56,0;V
14/11/2008;0,4;V
15/11/2008;0,0;V
16/11/2008;0,0;V
17/11/2008;0,0;V
18/11/2008;0,0;V
19/11/2008;0,0;V
20/11/2008;0,0;V
21/11/2008;3,6;V
22/11/2008;0,4;V
23/11/2008;0,0;V
24/11/2008;10,0;V
25/11/2008;10,4;V
26/11/2008;0,0;V
27/11/2008;0,2;V
28/11/2008;4,0;V
29/11/2008;30,2;V
30/11/2008;11,8;V
01/12/2008;29,2;V
02/12/2008;5,8;V
03/12/2008;7,2;V
04/12/2008;0,2;V
05/12/2008;8,4;V
06/12/2008;14,4;V
07/12/2008;0,0;V
08/12/2008;0,2;V
09/12/2008;0,2;V
10/12/2008;1,2;V
11/12/2008;16,4;V
12/12/2008;8,4;V
13/12/2008;4,2;V
14/12/2008;7,6;V
15/12/2008;3,0;V
16/12/2008;18,0;V
17/12/2008;4,8;V
18/12/2008;0,2;V
19/12/2008;0,8;V
20/12/2008;0,2;V
21/12/2008;0,0;V
22/12/2008;0,0;V
23/12/2008;0,2;V
24/12/2008;0,0;V
25/12/2008;0,4;V
26/12/2008;1,8;V
27/12/2008;0,0;V
28/12/2008;0,0;V
29/12/2008;1,0;V
30/12/2008;0,0;V
31/12/2008;0,2;V
01/01/2009;12,8;V
02/01/2009;1,6;V
03/01/2009;0,0;V
04/01/2009;0,0;V
05/01/2009;0,0;V
06/01/2009;0,0;V
07/01/2009;0,6;V
08/01/2009;7,2;V
09/01/2009;0,0;V
10/01/2009;0,0;V
11/01/2009;0,0;V
12/01/2009;0,0;V
13/01/2009;0,0;V
14/01/2009;4,2;V
15/01/2009;0,8;V
16/01/2009;1,4;V
17/01/2009;0,0;V
18/01/2009;0,0;V
19/01/2009;1,4;V
20/01/2009;0,2;V
21/01/2009;21,0;V
22/01/2009;0,0;V
23/01/2009;0,0;V
24/01/2009;8,6;V
25/01/2009;11,8;V
26/01/2009;0,0;V
27/01/2009;5,6;V
28/01/2009;0,2;V
29/01/2009;0,0;V
30/01/2009;0,2;V
31/01/2009;0,0;V
01/02/2009;0,0;V
02/02/2009;4,4;V
03/02/2009;16,6;V
04/02/2009;9,0;V
05/02/2009;1,2;V
06/02/2009;1,6;V
07/02/2009;11,8;V
08/02/2009;10,2;V
09/02/2009;3,2;V
10/02/2009;0,0;V
11/02/2009;0,0;V
12/02/2009;0,0;V
13/02/2009;0,0;V
14/02/2009;0,0;V
15/02/2009;0,0;V
16/02/2009;0,0;V
17/02/2009;0,4;V
18/02/2009;1,2;V
19/02/2009;0,0;V
20/02/2009;0,0;V
21/02/2009;0,0;V
22/02/2009;0,0;V
23/02/2009;0,0;V
24/02/2009;4,8;V
25/02/2009;0,0;V
26/02/2009;0,0;V
27/02/2009;0,6;V
28/02/2009;0,0;V
01/03/2009;0,0;V
02/03/2009;7,2;V
03/03/2009;1,4;V
04/03/2009;8,6;V
05/03/2009;43,0;V
06/03/2009;4,2;V
07/03/2009;0,0;V
08/03/2009;0,0;V
09/03/2009;0,0;V
10/03/2009;0,0;V
11/03/2009;0,2;V
12/03/2009;0,0;V
13/03/2009;0,0;V
14/03/2009;0,0;V
15/03/2009;0,0;V
16/03/2009;0,2;V
17/03/2009;0,0;V
18/03/2009;0,0;V
19/03/2009;0,0;V
20/03/2009;0,0;V
21/03/2009;0,0;V
22/03/2009;0,0;V
23/03/2009;0,0;V
24/03/2009;0,0;V
25/03/2009;4,2;V
26/03/2009;0,0;V
27/03/2009;0,0;V
28/03/2009;0,0;V
29/03/2009;17,2;V
30/03/2009;13,8;V
31/03/2009;0,0;V
01/04/2009;29,6;V
02/04/2009;16,8;V
03/04/2009;0,0;V
04/04/2009;0,0;V
05/04/2009;0,0;V
06/04/2009;0,0;V
07/04/2009;0,0;V
08/04/2009;3,8;V
09/04/2009;0,0;V
10/04/2009;0,0;V
11/04/2009;0,0;V
12/04/2009;0,0;V
13/04/2009;0,0;V
14/04/2009;0,0;V
15/04/2009;0,0;V
16/04/2009;0,0;V
17/04/2009;2,6;V
18/04/2009;0,6;V
19/04/2009;4,6;V
20/04/2009;27,0;V
21/04/2009;8,0;V
22/04/2009;0,0;V
23/04/2009;0,0;V
24/04/2009;0,0;V
25/04/2009;0,0;V
26/04/2009;0,0;V
27/04/2009;2,8;V
28/04/2009;0,4;V
29/04/2009;0,0;V
30/04/2009;4,2;V
01/05/2009;0,0;V
02/05/2009;0,0;V
03/05/2009;0,4;V
04/05/2009;0,0;V
05/05/2009;0,0;V
06/05/2009;0,0;V
07/05/2009;0,0;V
08/05/2009;0,0;V
09/05/2009;0,0;V
10/05/2009;0,0;V
11/05/2009;0,0;V
12/05/2009;0,0;V
13/05/2009;0,0;V
14/05/2009;0,0;V
15/05/2009;0,0;V
16/05/2009;0,2;V
17/05/2009;0,0;V
18/05/2009;0,0;V
19/05/2009;0,0;V
20/05/2009;0,0;V
21/05/2009;0,0;V
22/05/2009;0,0;V
23/05/2009;0,0;V
24/05/2009;0,0;V
25/05/2009;0,0;V
26/05/2009;0,0;V
27/05/2009;0,0;V
28/05/2009;0,4;V
29/05/2009;0,0;V
30/05/2009;0,0;V
31/05/2009;4,0;V
01/06/2009;12,4;V
02/06/2009;13,2;V
03/06/2009;0,0;V
04/06/2009;0,0;V
05/06/2009;0,0;V
06/06/2009;0,0;V
07/06/2009;7,0;V
08/06/2009;3,4;V
09/06/2009;0,0;V
10/06/2009;0,0;V
11/06/2009;0,0;V
12/06/2009;0,0;V
13/06/2009;0,0;V
14/06/2009;0,0;V
15/06/2009;0,0;V
16/06/2009;0,0;V
17/06/2009;0,0;V
18/06/2009;0,0;V
19/06/2009;0,0;V
20/06/2009;0,0;V
21/06/2009;2,4;V
22/06/2009;0,0;V
23/06/2009;6,0;V
24/06/2009;0,0;V
25/06/2009;0,0;V
26/06/2009;0,0;V
27/06/2009;1,8;V
28/06/2009;0,0;V
29/06/2009;0,0;V
30/06/2009;0,0;V
01/07/2009;0,4;V
02/07/2009;0,0;V
03/07/2009;1,4;V
04/07/2009;0,0;V
05/07/2009;0,0;V
06/07/2009;0,0;V
07/07/2009;0,0;V
08/07/2009;0,0;V
09/07/2009;0,0;V
10/07/2009;0,0;V
11/07/2009;0,0;V
12/07/2009;0,0;V
13/07/2009;0,0;V
14/07/2009;0,0;V
15/07/2009;0,0;V
16/07/2009;0,0;V
17/07/2009;0,0;V
18/07/2009;0,0;V
19/07/2009;0,0;V
20/07/2009;0,0;V
21/07/2009;0,0;V
22/07/2009;0,0;V
23/07/2009;0,0;V
24/07/2009;0,0;V
25/07/2009;0,0;V
26/07/2009;0,0;V
27/07/2009;0,0;V
28/07/2009;0,0;V
29/07/2009;0,0;V
30/07/2009;0,0;V
31/07/2009;0,0;V
01/08/2009;0,0;V
02/08/2009;0,0;V
03/08/2009;0,0;V
04/08/2009;3,0;V
05/08/2009;0,0;V
06/08/2009;0,0;V
07/08/2009;0,0;V
08/08/2009;0,0;V
09/08/2009;0,0;V
10/08/2009;21,8;V
11/08/2009;0,0;V
12/08/2009;0,0;V
13/08/2009;0,0;V
14/08/2009;0,0;V
15/08/2009;0,0;V
16/08/2009;0,0;V
17/08/2009;0,0;V
18/08/2009;0,0;V
19/08/2009;0,0;V
20/08/2009;0,0;V
21/08/2009;0,0;V
22/08/2009;0,0;V
23/08/2009;0,0;V
24/08/2009;0,0;V
25/08/2009;0,0;V
26/08/2009;0,0;V
27/08/2009;0,0;V
28/08/2009;0,2;V
29/08/2009;0,0;V
30/08/2009;0,0;V
31/08/2009;0,0;V
01/09/2009;0,0;V
02/09/2009;0,0;V
03/09/2009;0,0;V
04/09/2009;1,4;V
05/09/2009;0,0;V
06/09/2009;0,0;V
07/09/2009;0,0;V
08/09/2009;0,0;V
09/09/2009;0,0;V
10/09/2009;0,0;V
11/09/2009;0,0;V
12/09/2009;0,0;V
13/09/2009;0,0;V
14/09/2009;0,6;V
15/09/2009;11,2;V
16/09/2009;15,4;V
17/09/2009;5,8;V
18/09/2009;2,2;V
19/09/2009;0,0;V
20/09/2009;4,0;V
21/09/2009;1,8;V
22/09/2009;0,0;V
23/09/2009;0,0;V
24/09/2009;0,0;V
25/09/2009;0,0;V
26/09/2009;0,0;V
27/09/2009;0,0;V
28/09/2009;0,0;V
29/09/2009;0,0;V
30/09/2009;0,0;V
01/10/2009;0,0;V
02/10/2009;5,6;V
03/10/2009;0,0;V
04/10/2009;0,0;V
05/10/2009;1,0;V
06/10/2009;0,0;V
07/10/2009;0,0;V
08/10/2009;0,0;V
09/10/2009;0,0;V
10/10/2009;7,0;V
11/10/2009;6,6;V
12/10/2009;0,2;V
13/10/2009;13,0;V
14/10/2009;0,0;V
15/10/2009;0,0;V
16/10/2009;0,0;V
17/10/2009;0,2;V
18/10/2009;0,0;V
19/10/2009;0,0;V
20/10/2009;0,0;V
21/10/2009;2,0;V
22/10/2009;5,6;V
23/10/2009;4,4;V
24/10/2009;12,0;V
25/10/2009;0,0;V
26/10/2009;0,0;V
27/10/2009;0,2;V
28/10/2009;0,0;V
29/10/2009;0,0;V
30/10/2009;0,2;V
31/10/2009;0,2;V
01/11/2009;0,0;V
02/11/2009;0,0;V
03/11/2009;9,2;V
04/11/2009;0,0;V
05/11/2009;8,4;V
06/11/2009;2,4;V
07/11/2009;0,2;V
08/11/2009;9,8;V
09/11/2009;6,0;V
10/11/2009;0,0;V
11/11/2009;0,2;V
12/11/2009;0,2;V
13/11/2009;0,0;V
14/11/2009;0,0;V
15/11/2009;0,0;V
16/11/2009;0,2;V
17/11/2009;0,0;V
18/11/2009;0,2;V
19/11/2009;0,2;V
20/11/2009;0,0;V
21/11/2009;0,2;V
22/11/2009;0,0;V
23/11/2009;0,0;V
24/11/2009;0,4;V
25/11/2009;0,0;V
26/11/2009;0,0;V
27/11/2009;0,0;V
28/11/2009;4,4;V
29/11/2009;0,0;V
30/11/2009;1,2;V
01/12/2009;18,6;V
02/12/2009;2,0;V
03/12/2009;0,2;V
04/12/2009;15,4;V
05/12/2009;1,4;V
06/12/2009;0,0;V
07/12/2009;0,4;V
08/12/2009;0,0;V
09/12/2009;0,4;V
10/12/2009;0,0;V
11/12/2009;0,0;V
12/12/2009;0,2;V
13/12/2009;0,0;V
14/12/2009;3,4;V
15/12/2009;0,0;V
16/12/2009;0,0;V
17/12/2009;7,8;V
18/12/2009;0,0;V
19/12/2009;4,0;V
20/12/2009;5,6;V
21/12/2009;3,6;V
22/12/2009;13,8;V
23/12/2009;14,0;V
24/12/2009;2,4;V
25/12/2009;11,6;V
26/12/2009;0,0;V
27/12/2009;4,2;V
28/12/2009;0,0;V
29/12/2009;4,4;V
30/12/2009;1,2;V
31/12/2009;0,0;V
01/01/2010;35,8;V
02/01/2010;5,8;V
03/01/2010;0,0;V
04/01/2010;1,0;V
05/01/2010;25,0;V
06/01/2010;24,0;V
07/01/2010;14,2;V
08/01/2010;2,0;V
09/01/2010;7,2;V
10/01/2010;9,0;V
11/01/2010;2,2;V
12/01/2010;0,6;V
13/01/2010;0,0;V
14/01/2010;0,0;V
15/01/2010;0,2;V
16/01/2010;0,0;V
17/01/2010;1,2;V
18/01/2010;0,4;V
19/01/2010;0,0;V
20/01/2010;0,2;V
21/01/2010;0,0;V
22/01/2010;0,0;V
23/01/2010;0,2;V
24/01/2010;0,0;V
25/01/2010;0,0;V
26/01/2010;0,0;V
27/01/2010;4,8;V
28/01/2010;0,0;V
29/01/2010;0,0;V
30/01/2010;12,6;V
31/01/2010;1,4;V
01/02/2010;0,0;V
02/02/2010;0,0;V
03/02/2010;1,0;V
04/02/2010;1,6;V
05/02/2010;1,4;V
06/02/2010;13,2;V
07/02/2010;2,0;V
08/02/2010;0,0;V
09/02/2010;0,2;V
10/02/2010;1,0;V
11/02/2010;0,2;V
12/02/2010;4,4;V
13/02/2010;0,2;V
14/02/2010;0,0;V
15/02/2010;0,0;V
16/02/2010;1,2;V
17/02/2010;2,2;V
18/02/2010;9,6;V
19/02/2010;3,4;V
20/02/2010;4,8;V
21/02/2010;0,0;V
22/02/2010;3,4;V
23/02/2010;12,2;V
24/02/2010;0,6;V
25/02/2010;0,4;V
26/02/2010;0,4;V
27/02/2010;2,6;V
28/02/2010;0,0;V
01/03/2010;0,0;V
02/03/2010;4,8;V
03/03/2010;0,0;V
04/03/2010;22,4;V
05/03/2010;1,8;V
06/03/2010;1,2;V
07/03/2010;0,0;V
08/03/2010;0,0;V
09/03/2010;0,0;V
10/03/2010;12,8;V
11/03/2010;0,0;V
12/03/2010;3,2;V
13/03/2010;1,4;V
14/03/2010;0,2;V
15/03/2010;0,0;V
16/03/2010;0,0;V
17/03/2010;0,0;V
18/03/2010;0,0;V
19/03/2010;0,0;V
20/03/2010;0,0;V
21/03/2010;0,0;V
22/03/2010;1,2;V
23/03/2010;1,0;V
24/03/2010;0,8;V
25/03/2010;0,0;V
26/03/2010;0,0;V
27/03/2010;0,0;V
28/03/2010;0,0;V
29/03/2010;0,0;V
30/03/2010;0,0;V
31/03/2010;2,6;V
01/04/2010;0,0;V
02/04/2010;0,2;V
03/04/2010;0,0;V
04/04/2010;0,0;V
05/04/2010;32,6;V
06/04/2010;0,4;V
07/04/2010;0,0;V
08/04/2010;0,0;V
09/04/2010;0,0;V
10/04/2010;0,0;V
11/04/2010;0,0;V
12/04/2010;8,2;V
13/04/2010;0,0;V
14/04/2010;0,0;V
15/04/2010;0,0;V
16/04/2010;0,0;V
17/04/2010;0,0;V
18/04/2010;6,4;V
19/04/2010;0,0;V
20/04/2010;0,0;V
21/04/2010;0,0;V
22/04/2010;0,0;V
23/04/2010;9,8;V
24/04/2010;15,6;V
25/04/2010;0,0;V
26/04/2010;0,0;V
27/04/2010;0,0;V
28/04/2010;6,8;V
29/04/2010;0,0;V
30/04/2010;0,0;V
01/05/2010;0,0;V
02/05/2010;1,6;V
03/05/2010;17,4;V
04/05/2010;11,4;V
05/05/2010;9,4;V
06/05/2010;10,8;V
07/05/2010;6,0;V
08/05/2010;1,4;V
09/05/2010;0,2;V
10/05/2010;0,0;V
11/05/2010;0,4;V
12/05/2010;0,0;V
13/05/2010;28,4;V
14/05/2010;0,0;V
15/05/2010;19,8;V
16/05/2010;7,6;V
17/05/2010;0,0;V
18/05/2010;0,0;V
19/05/2010;0,0;V
20/05/2010;7,8;V
21/05/2010;0,0;V
22/05/2010;0,0;V
23/05/2010;0,0;V
24/05/2010;7,0;V
25/05/2010;0,0;V
26/05/2010;0,0;V
27/05/2010;0,0;V
28/05/2010;0,0;V
29/05/2010;0,0;V
30/05/2010;0,0;V
31/05/2010;0,0;V
01/06/2010;0,0;V
02/06/2010;0,2;V
03/06/2010;0,4;V
04/06/2010;0,8;V
05/06/2010;0,0;V
06/06/2010;0,0;V
07/06/2010;0,0;V
08/06/2010;0,0;V
09/06/2010;0,0;V
10/06/2010;0,0;V
11/06/2010;0,0;V
12/06/2010;0,0;V
13/06/2010;0,0;V
14/06/2010;0,4;V
15/06/2010;2,8;V
16/06/2010;5,4;V
17/06/2010;1,0;V
18/06/2010;5,2;V
19/06/2010;1,8;V
20/06/2010;29,2;V
21/06/2010;12,4;V
22/06/2010;0,0;V
23/06/2010;0,0;V
24/06/2010;0,0;V
25/06/2010;0,0;V
26/06/2010;0,0;V
27/06/2010;0,0;V
28/06/2010;0,0;V
29/06/2010;0,0;V
30/06/2010;0,0;V
01/07/2010;0,0;V
02/07/2010;0,0;V
03/07/2010;0,0;V
04/07/2010;0,0;V
05/07/2010;0,0;V
06/07/2010;0,0;V
07/07/2010;3,0;V
08/07/2010;0,0;V
09/07/2010;0,0;V
10/07/2010;0,0;V
11/07/2010;0,0;V
12/07/2010;0,0;V
13/07/2010;0,0;V
14/07/2010;0,0;V
15/07/2010;0,0;V
16/07/2010;0,0;V
17/07/2010;0,0;V
18/07/2010;0,0;V
19/07/2010;0,0;V
20/07/2010;0,0;V
21/07/2010;0,0;V
22/07/2010;0,0;V
23/07/2010;0,0;V
24/07/2010;0,0;V
25/07/2010;0,0;V
26/07/2010;0,0;V
27/07/2010;0,0;V
28/07/2010;0,0;V
29/07/2010;0,0;V
30/07/2010;29,2;V
31/07/2010;0,0;V
01/08/2010;0,0;V
02/08/2010;0,0;V
03/08/2010;0,0;V
04/08/2010;0,0;V
05/08/2010;0,0;V
06/08/2010;30,0;V
07/08/2010;0,0;V
08/08/2010;0,0;V
09/08/2010;0,0;V
10/08/2010;0,0;V
11/08/2010;0,0;V
12/08/2010;0,0;V
13/08/2010;0,0;V
14/08/2010;8,8;V
15/08/2010;20,2;V
16/08/2010;0,0;V
17/08/2010;0,0;V
18/08/2010;0,0;V
19/08/2010;0,0;V
20/08/2010;0,0;V
21/08/2010;0,8;V
22/08/2010;0,0;V
23/08/2010;0,0;V
24/08/2010;0,0;V
25/08/2010;0,0;V
26/08/2010;0,0;V
27/08/2010;0,0;V
28/08/2010;0,0;V
29/08/2010;0,0;V
30/08/2010;0,0;V
31/08/2010;0,0;V
01/09/2010;0,0;V
02/09/2010;0,0;V
03/09/2010;0,0;V
04/09/2010;0,0;V
05/09/2010;0,0;V
06/09/2010;0,0;V
07/09/2010;0,0;V
08/09/2010;0,0;V
09/09/2010;9,0;V
10/09/2010;0,0;V
11/09/2010;0,0;V
12/09/2010;0,0;V
13/09/2010;0,0;V
14/09/2010;8,4;V
15/09/2010;0,0;V
16/09/2010;0,0;V
17/09/2010;0,0;V
18/09/2010;0,0;V
19/09/2010;108,8;V
20/09/2010;0,0;V
21/09/2010;0,2;V
22/09/2010;0,0;V
23/09/2010;0,0;V
24/09/2010;0,0;V
25/09/2010;0,0;V
26/09/2010;;@
27/09/2010;;@
28/09/2010;;@
29/09/2010;;@
30/09/2010;;@
01/10/2010;0,0;V
02/10/2010;2,0;V
03/10/2010;0,2;V
04/10/2010;0,0;V
05/10/2010;6,0;V
06/10/2010;1,6;V
07/10/2010;0,0;V
08/10/2010;0,0;V
09/10/2010;0,0;V
10/10/2010;0,0;V
11/10/2010;0,0;V
12/10/2010;0,8;V
13/10/2010;0,4;V
14/10/2010;0,2;V
15/10/2010;0,0;V
16/10/2010;0,8;V
17/10/2010;26,4;V
18/10/2010;5,0;V
19/10/2010;0,0;V
20/10/2010;0,0;V
21/10/2010;0,2;V
22/10/2010;0,0;V
23/10/2010;0,0;V
24/10/2010;0,0;V
25/10/2010;10,4;V
26/10/2010;9,6;V
27/10/2010;0,0;V
28/10/2010;0,0;V
29/10/2010;0,0;V
30/10/2010;0,0;V
31/10/2010;4,8;V
01/11/2010;26,6;V
02/11/2010;6,4;V
03/11/2010;6,4;V
04/11/2010;2,8;V
05/11/2010;0,0;V
06/11/2010;0,2;V
07/11/2010;0,0;V
08/11/2010;13,4;V
09/11/2010;15,4;V
10/11/2010;17,0;V
11/11/2010;6,0;V
12/11/2010;3,0;V
13/11/2010;0,0;V
14/11/2010;0,0;V
15/11/2010;0,2;V
16/11/2010;5,0;V
17/11/2010;0,0;V
18/11/2010;0,0;V
19/11/2010;20,0;V
20/11/2010;14,8;V
21/11/2010;3,4;V
22/11/2010;7,8;V
23/11/2010;10,4;V
24/11/2010;1,0;V
25/11/2010;2,8;V
26/11/2010;12,4;V
27/11/2010;0,2;V
28/11/2010;4,8;V
29/11/2010;21,6;V
30/11/2010;0,0;V
01/12/2010;18,2;V
02/12/2010;3,8;V
03/12/2010;9,8;V
04/12/2010;5,6;V
05/12/2010;0,0;V
06/12/2010;0,4;V
07/12/2010;0,4;V
08/12/2010;0,0;V
09/12/2010;2,4;V
10/12/2010;0,0;V
11/12/2010;0,0;V
12/12/2010;0,0;V
13/12/2010;0,0;V
14/12/2010;0,4;V
15/12/2010;0,0;V
16/12/2010;0,0;V
17/12/2010;0,0;V
18/12/2010;10,6;V
19/12/2010;3,6;V
20/12/2010;23,0;V
21/12/2010;0,0;V
22/12/2010;6,0;V
23/12/2010;1,0;V
24/12/2010;21,0;V
25/12/2010;19,8;V
26/12/2010;0,2;V
27/12/2010;0,0;V
28/12/2010;0,0;V
29/12/2010;0,0;V
30/12/2010;1,6;V
31/12/2010;1,8;V
01/01/2011;0,0;V
02/01/2011;0,2;V
03/01/2011;0,0;V
04/01/2011;0,2;V
05/01/2011;0,0;V
06/01/2011;0,0;V
07/01/2011;0,2;V
08/01/2011;0,0;V
09/01/2011;0,0;V
10/01/2011;0,0;V
11/01/2011;14,0;V
12/01/2011;2,4;V
13/01/2011;0,2;V
14/01/2011;0,0;V
15/01/2011;0,0;V
16/01/2011;0,2;V
17/01/2011;0,2;V
18/01/2011;0,0;V
19/01/2011;0,0;V
20/01/2011;3,6;V
21/01/2011;0,0;V
22/01/2011;0,0;V
23/01/2011;0,0;V
24/01/2011;0,0;V
25/01/2011;0,0;V
26/01/2011;0,0;V
27/01/2011;0,0;V
28/01/2011;0,0;V
29/01/2011;2,0;V
30/01/2011;6,8;V
31/01/2011;2,2;V
01/02/2011;0,0;V
02/02/2011;0,2;V
03/02/2011;0,0;V
04/02/2011;0,0;V
05/02/2011;0,0;V
06/02/2011;0,0;V
07/02/2011;0,2;V
08/02/2011;0,2;V
09/02/2011;0,0;V
10/02/2011;0,2;V
11/02/2011;0,0;V
12/02/2011;0,0;V
13/02/2011;0,4;V
14/02/2011;0,2;V
15/02/2011;1,6;V
16/02/2011;11,4;V
17/02/2011;18,6;V
18/02/2011;10,2;V
19/02/2011;0,0;V
20/02/2011;0,0;V
21/02/2011;11,2;V
22/02/2011;0,0;V
23/02/2011;0,0;V
24/02/2011;0,0;V
25/02/2011;0,0;V
26/02/2011;0,0;V
27/02/2011;0,0;V
28/02/2011;11,2;V
01/03/2011;0,2;V
02/03/2011;2,0;V
03/03/2011;1,2;V
04/03/2011;0,4;V
05/03/2011;0,4;V
06/03/2011;3,6;V
07/03/2011;0,2;V
08/03/2011;0,0;V
09/03/2011;0,0;V
10/03/2011;0,0;V
11/03/2011;0,0;V
12/03/2011;0,0;V
13/03/2011;0,2;V
14/03/2011;10,6;V
15/03/2011;10,8;V
16/03/2011;17,4;V
17/03/2011;9,4;V
18/03/2011;1,2;V
19/03/2011;0,2;V
20/03/2011;0,0;V
21/03/2011;0,0;V
22/03/2011;0,0;V
23/03/2011;0,0;V
24/03/2011;0,0;V
25/03/2011;0,0;V
26/03/2011;0,0;V
27/03/2011;0,0;V
28/03/2011;28,2;V
29/03/2011;13,2;V
30/03/2011;0,0;V
31/03/2011;0,0;V
01/04/2011;0,0;V
02/04/2011;0,0;V
03/04/2011;0,0;V
04/04/2011;0,0;V
05/04/2011;0,0;V
06/04/2011;0,0;V
07/04/2011;0,0;V
08/04/2011;0,0;V
09/04/2011;0,0;V
10/04/2011;0,0;V
11/04/2011;0,0;V
12/04/2011;0,0;V
13/04/2011;0,0;V
14/04/2011;0,0;V
15/04/2011;3,6;V
16/04/2011;0,2;V
17/04/2011;0,0;V
18/04/2011;0,0;V
19/04/2011;0,0;V
20/04/2011;0,0;V
21/04/2011;0,0;V
22/04/2011;0,0;V
23/04/2011;1,0;V
24/04/2011;0,8;V
25/04/2011;0,0;V
26/04/2011;0,4;V
27/04/2011;0,0;V
28/04/2011;0,0;V
29/04/2011;0,0;V
30/04/2011;3,6;V
01/05/2011;0,8;V
02/05/2011;0,0;V
03/05/2011;2,6;V
04/05/2011;0,0;V
05/05/2011;0,2;V
06/05/2011;0,0;V
07/05/2011;0,0;V
08/05/2011;0,0;V
09/05/2011;0,2;V
10/05/2011;0,0;V
11/05/2011;0,0;V
12/05/2011;0,0;V
13/05/2011;0,0;V
14/05/2011;0,0;V
15/05/2011;0,4;V
16/05/2011;14,6;V
17/05/2011;0,0;V
18/05/2011;0,0;V
19/05/2011;0,0;V
20/05/2011;0,0;V
21/05/2011;30,6;V
22/05/2011;0,0;V
23/05/2011;0,0;V
24/05/2011;0,0;V
25/05/2011;0,0;V
26/05/2011;0,0;V
27/05/2011;0,0;V
28/05/2011;0,0;V
29/05/2011;0,0;V
30/05/2011;0,0;V
31/05/2011;0,0;V
01/06/2011;0,0;V
02/06/2011;0,4;V
03/06/2011;9,6;V
04/06/2011;2,8;V
05/06/2011;0,0;V
06/06/2011;41,0;V
07/06/2011;6,2;V
08/06/2011;0,4;V
09/06/2011;19,2;V
10/06/2011;0,0;V
11/06/2011;0,0;V
12/06/2011;0,0;V
13/06/2011;0,0;V
14/06/2011;0,0;V
15/06/2011;0,0;V
16/06/2011;0,0;V
17/06/2011;0,0;V
18/06/2011;0,0;V
19/06/2011;0,0;V
20/06/2011;0,0;V
21/06/2011;0,0;V
22/06/2011;0,0;V
23/06/2011;0,0;V
24/06/2011;0,0;V
25/06/2011;0,0;V
26/06/2011;0,0;V
27/06/2011;0,0;V
28/06/2011;0,0;V
29/06/2011;0,0;V
30/06/2011;0,0;V
01/07/2011;0,0;V
02/07/2011;3,4;V
03/07/2011;0,4;V
04/07/2011;0,0;V
05/07/2011;0,0;V
06/07/2011;0,0;V
07/07/2011;0,0;V
08/07/2011;0,0;V
09/07/2011;0,0;V
10/07/2011;0,0;V
11/07/2011;0,0;V
12/07/2011;0,0;V
13/07/2011;0,0;V
14/07/2011;0,0;V
15/07/2011;0,0;V
16/07/2011;0,0;V
17/07/2011;0,0;V
18/07/2011;0,0;V
19/07/2011;0,0;V
20/07/2011;8,6;V
21/07/2011;0,0;V
22/07/2011;0,0;V
23/07/2011;0,0;V
24/07/2011;0,0;V
25/07/2011;13,8;V
26/07/2011;0,0;V
27/07/2011;0,0;V
28/07/2011;5,2;V
29/07/2011;0,0;V
30/07/2011;0,0;V
31/07/2011;0,0;V
01/08/2011;0,0;V
02/08/2011;0,0;V
03/08/2011;0,0;V
04/08/2011;0,0;V
05/08/2011;0,0;V
06/08/2011;0,0;V
07/08/2011;0,0;V
08/08/2011;0,0;V
09/08/2011;0,0;V
10/08/2011;0,0;V
11/08/2011;0,0;V
12/08/2011;0,0;V
13/08/2011;0,0;V
14/08/2011;0,0;V
15/08/2011;0,0;V
16/08/2011;0,0;V
17/08/2011;0,0;V
18/08/2011;0,0;V
19/08/2011;0,0;V
20/08/2011;0,0;V
21/08/2011;0,0;V
22/08/2011;0,0;V
23/08/2011;0,0;V
24/08/2011;0,0;V
25/08/2011;0,0;V
26/08/2011;0,0;V
27/08/2011;0,0;V
28/08/2011;0,0;V
29/08/2011;0,0;V
30/08/2011;0,0;V
31/08/2011;0,0;V
01/09/2011;0,0;V
02/09/2011;0,0;V
03/09/2011;0,0;V
04/09/2011;0,0;V
05/09/2011;0,2;V
06/09/2011;0,0;V
07/09/2011;0,0;V
08/09/2011;0,0;V
09/09/2011;0,0;V
10/09/2011;0,0;V
11/09/2011;0,0;V
12/09/2011;0,0;V
13/09/2011;0,0;V
14/09/2011;0,0;V
15/09/2011;0,0;V
16/09/2011;0,0;V
17/09/2011;0,0;V
18/09/2011;0,0;V
19/09/2011;10,2;V
20/09/2011;1,2;V
21/09/2011;0,0;V
22/09/2011;0,0;V
23/09/2011;0,0;V
24/09/2011;0,0;V
25/09/2011;0,0;V
26/09/2011;0,8;V
27/09/2011;0,0;V
28/09/2011;0,0;V
29/09/2011;0,0;V
30/09/2011;0,0;V
01/10/2011;0,0;V
02/10/2011;0,0;V
03/10/2011;0,0;V
04/10/2011;0,0;V
05/10/2011;0,0;V
06/10/2011;0,0;V
07/10/2011;0,0;V
08/10/2011;0,4;V
09/10/2011;0,0;V
10/10/2011;0,0;V
11/10/2011;0,0;V
12/10/2011;0,2;V
13/10/2011;0,0;V
14/10/2011;0,0;V
15/10/2011;0,0;V
16/10/2011;0,0;V
17/10/2011;0,0;V
18/10/2011;0,0;V
19/10/2011;0,0;V
20/10/2011;0,0;V
21/10/2011;8,8;V
22/10/2011;0,0;V
23/10/2011;0,0;V
24/10/2011;0,0;V
25/10/2011;6,6;V
26/10/2011;43,0;V
27/10/2011;0,4;V
28/10/2011;0,0;V
29/10/2011;0,2;V
30/10/2011;0,0;V
31/10/2011;0,0;V
01/11/2011;0,0;V
02/11/2011;0,2;V
03/11/2011;0,0;V
04/11/2011;0,0;V
05/11/2011;0,4;V
06/11/2011;3,4;V
07/11/2011;0,2;V
08/11/2011;19,4;V
09/11/2011;0,2;V
10/11/2011;0,0;V
11/11/2011;0,2;V
12/11/2011;0,0;V
13/11/2011;0,0;V
14/11/2011;0,0;V
15/11/2011;0,0;V
16/11/2011;0,2;V
17/11/2011;0,0;V
18/11/2011;0,2;V
19/11/2011;0,0;V
20/11/2011;0,2;V
21/11/2011;0,0;V
22/11/2011;0,0;V
23/11/2011;0,0;V
24/11/2011;0,0;V
25/11/2011;0,0;V
26/11/2011;0,0;V
27/11/2011;0,0;V
28/11/2011;0,0;V
29/11/2011;0,0;V
30/11/2011;0,2;V
01/12/2011;0,0;V
02/12/2011;0,4;V
03/12/2011;0,0;V
04/12/2011;1,4;V
05/12/2011;18,0;V
06/12/2011;8,0;V
07/12/2011;0,0;V
08/12/2011;0,0;V
09/12/2011;0,2;V
10/12/2011;0,6;V
11/12/2011;0,4;V
12/12/2011;8,8;V
13/12/2011;15,6;V
14/12/2011;0,2;V
15/12/2011;2,4;V
16/12/2011;0,4;V
17/12/2011;10,6;V
18/12/2011;0,0;V
19/12/2011;0,0;V
20/12/2011;0,0;V
21/12/2011;0,0;V
22/12/2011;0,0;V
23/12/2011;0,2;V
24/12/2011;0,0;V
25/12/2011;2,6;V
26/12/2011;0,0;V
27/12/2011;0,0;V
28/12/2011;0,0;V
29/12/2011;0,2;V
30/12/2011;0,0;V
31/12/2011;0,0;V
01/01/2012;0,2;V
02/01/2012;0,0;V
03/01/2012;7,4;V
04/01/2012;0,2;V
05/01/2012;14,0;V
06/01/2012;0,4;V
07/01/2012;0,0;V
08/01/2012;0,0;V
09/01/2012;0,2;V
10/01/2012;0,0;V
11/01/2012;0,0;V
12/01/2012;0,2;V
13/01/2012;0,0;V
14/01/2012;0,2;V
15/01/2012;0,0;V
16/01/2012;0,0;V
17/01/2012;0,0;V
18/01/2012;0,0;V
19/01/2012;0,0;V
20/01/2012;0,0;V
21/01/2012;0,0;V
22/01/2012;0,2;V
23/01/2012;0,0;V
24/01/2012;0,0;V
25/01/2012;0,0;V
26/01/2012;0,0;V
27/01/2012;0,0;V
28/01/2012;0,0;V
29/01/2012;0,0;V
30/01/2012;0,0;V
31/01/2012;0,0;V
01/02/2012;3,8;V
02/02/2012;8,0;V
03/02/2012;2,4;V
04/02/2012;1,0;V
05/02/2012;0,2;V
06/02/2012;0,0;V
07/02/2012;0,0;V
08/02/2012;0,0;V
09/02/2012;0,0;V
10/02/2012;0,0;V
11/02/2012;0,0;V
12/02/2012;0,0;V
13/02/2012;0,4;V
14/02/2012;0,0;V
15/02/2012;0,0;V
16/02/2012;1,6;V
17/02/2012;0,0;V
18/02/2012;0,0;V
19/02/2012;1,6;V
20/02/2012;0,2;V
21/02/2012;3,6;V
22/02/2012;0,0;V
23/02/2012;0,0;V
24/02/2012;0,0;V
25/02/2012;0,0;V
26/02/2012;0,0;V
27/02/2012;0,0;V
28/02/2012;0,0;V
29/02/2012;0,0;V
01/03/2012;0,0;V
02/03/2012;0,2;V
03/03/2012;0,0;V
04/03/2012;0,0;V
05/03/2012;0,0;V
06/03/2012;9,2;V
07/03/2012;3,0;V
08/03/2012;0,0;V
09/03/2012;0,0;V
10/03/2012;0,0;V
11/03/2012;0,0;V
12/03/2012;0,0;V
13/03/2012;0,0;V
14/03/2012;0,0;V
15/03/2012;0,0;V
16/03/2012;0,0;V
17/03/2012;0,0;V
18/03/2012;0,0;V
19/03/2012;0,0;V
20/03/2012;0,0;V
21/03/2012;0,0;V
22/03/2012;0,0;V
23/03/2012;0,0;V
24/03/2012;0,0;V
25/03/2012;0,6;V
26/03/2012;0,0;V
27/03/2012;0,0;V
28/03/2012;0,0;V
29/03/2012;0,0;V
30/03/2012;0,0;V
31/03/2012;0,0;V
01/04/2012;0,0;V
02/04/2012;0,0;V
03/04/2012;1,2;V
04/04/2012;0,0;V
05/04/2012;0,0;V
06/04/2012;0,0;V
07/04/2012;0,8;V
08/04/2012;1,6;V
09/04/2012;2,6;V
10/04/2012;0,0;V
11/04/2012;8,0;V
12/04/2012;20,6;V
13/04/2012;0,0;V
14/04/2012;4,4;V
15/04/2012;23,4;V
16/04/2012;0,0;V
17/04/2012;0,4;V
18/04/2012;0,2;V
19/04/2012;8,8;V
20/04/2012;6,6;V
21/04/2012;2,0;V
22/04/2012;0,2;V
23/04/2012;0,0;V
24/04/2012;3,2;V
25/04/2012;1,2;V
26/04/2012;0,0;V
27/04/2012;0,0;V
28/04/2012;0,0;V
29/04/2012;0,2;V
30/04/2012;2,8;V
01/05/2012;7,2;V
02/05/2012;8,0;V
03/05/2012;0,0;V
04/05/2012;0,0;V
05/05/2012;0,0;V
06/05/2012;0,0;V
07/05/2012;30,2;V
08/05/2012;0,0;V
09/05/2012;0,0;V
10/05/2012;0,0;V
11/05/2012;0,0;V
12/05/2012;0,0;V
13/05/2012;0,0;V
14/05/2012;2,2;V
15/05/2012;0,0;V
16/05/2012;0,0;V
17/05/2012;0,0;V
18/05/2012;0,0;V
19/05/2012;0,0;V
20/05/2012;0,6;V
21/05/2012;31,2;V
22/05/2012;8,2;V
23/05/2012;0,0;V
24/05/2012;0,0;V
25/05/2012;0,0;V
26/05/2012;0,6;V
27/05/2012;0,0;V
28/05/2012;1,8;V
29/05/2012;0,0;V
30/05/2012;0,0;V
31/05/2012;0,0;V
01/06/2012;0,0;V
02/06/2012;0,0;V
03/06/2012;0,0;V
04/06/2012;0,0;V
05/06/2012;5,6;V
06/06/2012;0,0;V
07/06/2012;0,0;V
08/06/2012;0,0;V
09/06/2012;0,0;V
10/06/2012;0,0;V
11/06/2012;10,4;V
12/06/2012;0,4;V
13/06/2012;0,0;V
14/06/2012;0,0;V
15/06/2012;0,0;V
16/06/2012;0,0;V
17/06/2012;0,0;V
18/06/2012;0,0;V
19/06/2012;0,0;V
20/06/2012;0,0;V
21/06/2012;0,0;V
22/06/2012;0,0;V
23/06/2012;0,0;V
24/06/2012;0,0;V
25/06/2012;0,0;V
26/06/2012;0,0;V
27/06/2012;0,0;V
28/06/2012;0,0;V
29/06/2012;0,0;V
30/06/2012;0,0;V
01/07/2012;0,0;V
02/07/2012;0,0;V
03/07/2012;0,0;V
04/07/2012;0,0;V
05/07/2012;0,0;V
06/07/2012;0,0;V
07/07/2012;0,0;V
08/07/2012;0,0;V
09/07/2012;0,0;V
10/07/2012;0,0;V
11/07/2012;0,0;V
12/07/2012;0,0;V
13/07/2012;0,0;V
14/07/2012;0,0;V
15/07/2012;0,0;V
16/07/2012;0,0;V
17/07/2012;0,0;V
18/07/2012;0,0;V
19/07/2012;0,0;V
20/07/2012;0,0;V
21/07/2012;0,0;V
22/07/2012;0,0;V
23/07/2012;0,0;V
24/07/2012;0,0;V
25/07/2012;0,0;V
26/07/2012;0,0;V
27/07/2012;0,0;V
28/07/2012;0,0;V
29/07/2012;0,0;V
30/07/2012;0,0;V
31/07/2012;0,0;V
01/08/2012;0,0;V
02/08/2012;0,0;V
03/08/2012;0,0;V
04/08/2012;0,0;V
05/08/2012;0,0;V
06/08/2012;0,0;V
07/08/2012;0,0;V
08/08/2012;0,0;V
09/08/2012;0,0;V
10/08/2012;0,0;V
11/08/2012;0,0;V
12/08/2012;0,0;V
13/08/2012;3,2;V
14/08/2012;0,0;V
15/08/2012;0,0;V
16/08/2012;0,0;V
17/08/2012;0,0;V
18/08/2012;0,0;V
19/08/2012;0,0;V
20/08/2012;0,0;V
21/08/2012;0,0;V
22/08/2012;0,0;V
23/08/2012;0,0;V
24/08/2012;0,0;V
25/08/2012;0,0;V
26/08/2012;1,4;V
27/08/2012;4,2;V
28/08/2012;0,0;V
29/08/2012;0,0;V
30/08/2012;0,0;V
31/08/2012;0,4;V
01/09/2012;1,6;V
02/09/2012;5,0;V
03/09/2012;28,0;V
04/09/2012;13,4;V
05/09/2012;0,2;V
06/09/2012;1,2;V
07/09/2012;0,0;V
08/09/2012;0,0;V
09/09/2012;0,0;V
10/09/2012;0,0;V
11/09/2012;0,0;V
12/09/2012;0,0;V
13/09/2012;0,0;V
14/09/2012;0,0;V
15/09/2012;0,0;V
16/09/2012;0,0;V
17/09/2012;0,0;V
18/09/2012;0,0;V
19/09/2012;0,2;V
20/09/2012;42,6;V
21/09/2012;0,0;V
22/09/2012;0,0;V
23/09/2012;0,0;V
24/09/2012;0,0;V
25/09/2012;0,0;V
26/09/2012;0,0;V
27/09/2012;0,2;V
28/09/2012;3,8;V
29/09/2012;0,0;V
30/09/2012;8,4;V
01/10/2012;23,4;V
02/10/2012;0,0;V
03/10/2012;0,0;V
04/10/2012;0,0;V
05/10/2012;0,2;V
06/10/2012;0,0;V
07/10/2012;0,0;V
08/10/2012;1,6;V
09/10/2012;3,0;V
10/10/2012;11,0;V
11/10/2012;0,2;V
12/10/2012;9,2;V
13/10/2012;1,2;V
14/10/2012;2,0;V
15/10/2012;0,0;V
16/10/2012;23,0;V
17/10/2012;0,0;V
18/10/2012;0,2;V
19/10/2012;0,0;V
20/10/2012;0,0;V
21/10/2012;0,2;V
22/10/2012;0,0;V
23/10/2012;0,0;V
24/10/2012;0,2;V
25/10/2012;0,0;V
26/10/2012;0,0;V
27/10/2012;13,0;V
28/10/2012;7,0;V
29/10/2012;14,0;V
30/10/2012;0,0;V
31/10/2012;0,2;V
01/11/2012;16,4;V
02/11/2012;0,6;V
03/11/2012;0,0;V
04/11/2012;1,4;V
05/11/2012;5,6;V
06/11/2012;0,0;V
07/11/2012;0,2;V
08/11/2012;0,0;V
09/11/2012;0,0;V
10/11/2012;0,2;V
11/11/2012;12,0;V
12/11/2012;6,2;V
13/11/2012;22,2;V
14/11/2012;0,0;V
15/11/2012;0,0;V
16/11/2012;0,0;V
17/11/2012;0,2;V
18/11/2012;0,0;V
19/11/2012;0,2;V
20/11/2012;1,6;V
21/11/2012;0,0;V
22/11/2012;0,0;V
23/11/2012;0,0;V
24/11/2012;0,2;V
25/11/2012;0,0;V
26/11/2012;0,0;V
27/11/2012;0,0;V
28/11/2012;52,6;V
29/11/2012;16,0;V
30/11/2012;12,4;V
01/12/2012;1,0;V
02/12/2012;35,8;V
03/12/2012;0,8;V
04/12/2012;1,8;V
05/12/2012;9,0;V
06/12/2012;0,2;V
07/12/2012;0,2;V
08/12/2012;24,8;V
09/12/2012;0,2;V
10/12/2012;0,0;V
11/12/2012;2,4;V
12/12/2012;0,2;V
13/12/2012;0,2;V
14/12/2012;1,0;V
15/12/2012;6,0;V
16/12/2012;6,0;V
17/12/2012;0,8;V
18/12/2012;16,0;V
19/12/2012;0,4;V
20/12/2012;0,0;V
21/12/2012;2,0;V
22/12/2012;0,8;V
23/12/2012;0,2;V
24/12/2012;0,0;V
25/12/2012;0,0;V
26/12/2012;0,2;V
27/12/2012;9,8;V
28/12/2012;2,2;V
29/12/2012;0,0;V
30/12/2012;0,0;V
31/12/2012;0,2;V
01/01/2013;0,0;P
02/01/2013;0,8;P
03/01/2013;0,8;P
04/01/2013;0,0;P
05/01/2013;0,2;P
06/01/2013;0,0;V
07/01/2013;0,0;P
08/01/2013;0,2;P
09/01/2013;0,0;V
10/01/2013;0,2;P
11/01/2013;0,2;P
12/01/2013;2,2;P
13/01/2013;2,2;P
14/01/2013;13,8;P
15/01/2013;8,0;P
16/01/2013;5,0;P
17/01/2013;2,8;P
18/01/2013;0,4;P
19/01/2013;0,0;P
20/01/2013;14,0;P
21/01/2013;11,8;P
22/01/2013;3,4;P
23/01/2013;1,4;P
24/01/2013;0,0;V
25/01/2013;0,0;V
26/01/2013;0,0;V
27/01/2013;0,0;V
28/01/2013;5,2;P
29/01/2013;4,0;P
30/01/2013;0,0;V
31/01/2013;0,0;V
01/02/2013;0,0;V
02/02/2013;0,0;P
03/02/2013;3,2;P
04/02/2013;0,0;V
05/02/2013;0,0;V
06/02/2013;0,2;P
07/02/2013;5,8;P
08/02/2013;0,0;V
09/02/2013;0,0;V
10/02/2013;0,0;V
11/02/2013;0,8;P
12/02/2013;9,6;P
13/02/2013;3,0;P
14/02/2013;0,2;P
15/02/2013;0,0;V
16/02/2013;0,0;V
17/02/2013;0,0;V
18/02/2013;0,0;V
19/02/2013;0,0;V
20/02/2013;0,0;V
21/02/2013;0,0;P
22/02/2013;5,0;P
23/02/2013;5,8;P
24/02/2013;17,2;P
25/02/2013;11,8;P
26/02/2013;0,0;V
27/02/2013;0,0;V
28/02/2013;0,2;V
01/03/2013;0,0;V
02/03/2013;0,6;V
03/03/2013;0,0;V
04/03/2013;0,2;V
05/03/2013;0,0;P
06/03/2013;12,2;P
07/03/2013;1,0;P
08/03/2013;3,2;P
09/03/2013;9,0;P
10/03/2013;5,6;P
11/03/2013;14,4;P
12/03/2013;35,0;P
13/03/2013;3,2;P
14/03/2013;13,2;P
15/03/2013;0,0;V
16/03/2013;0,0;V
17/03/2013;0,0;P
18/03/2013;21,4;P
19/03/2013;2,8;P
20/03/2013;0,0;P
21/03/2013;10,6;P
22/03/2013;0,0;V
23/03/2013;0,0;V
24/03/2013;0,8;P
25/03/2013;0,4;P
26/03/2013;4,6;P
27/03/2013;2,8;P
28/03/2013;0,0;V
29/03/2013;0,0;V
30/03/2013;0,2;P
31/03/2013;7,4;P
01/04/2013;0,0;P
02/04/2013;11,6;P
03/04/2013;0,0;V
04/04/2013;0,2;V
05/04/2013;8,4;P
06/04/2013;6,6;P
07/04/2013;0,0;V
08/04/2013;0,0;P
09/04/2013;7,2;P
10/04/2013;0,2;P
11/04/2013;0,0;V
12/04/2013;0,2;V
13/04/2013;0,0;V
14/04/2013;0,0;V
15/04/2013;0,0;V
16/04/2013;0,0;V
17/04/2013;0,0;V
18/04/2013;0,0;V
19/04/2013;0,0;V
20/04/2013;0,0;V
21/04/2013;0,0;V
22/04/2013;0,0;P
23/04/2013;6,2;P
24/04/2013;0,0;V
25/04/2013;0,0;V
26/04/2013;0,0;V
27/04/2013;0,0;P
28/04/2013;1,0;P
29/04/2013;0,4;V
30/04/2013;0,8;V
01/05/2013;0,0;P
02/05/2013;0,8;P
03/05/2013;1,6;P
04/05/2013;0,0;V
05/05/2013;10,8;P
06/05/2013;0,2;P
07/05/2013;15,6;P
08/05/2013;0,0;P
09/05/2013;18,2;P
10/05/2013;1,0;P
11/05/2013;5,4;P
12/05/2013;0,0;P
13/05/2013;6,2;P
14/05/2013;0,0;V
15/05/2013;0,0;P
16/05/2013;14,8;V
17/05/2013;9,0;P
18/05/2013;2,6;P
19/05/2013;4,0;P
20/05/2013;1,8;P
21/05/2013;0,8;P
22/05/2013;0,0;V
23/05/2013;0,4;V
24/05/2013;0,0;V
25/05/2013;2,0;P
26/05/2013;7,4;P
27/05/2013;0,0;V
28/05/2013;0,8;V
29/05/2013;0,2;V
30/05/2013;4,2;P
31/05/2013;4,8;P
01/06/2013;0,2;V
02/06/2013;0,0;V
03/06/2013;0,2;P
04/06/2013;18,0;P
05/06/2013;0,0;V
06/06/2013;0,0;V
07/06/2013;0,0;V
08/06/2013;0,0;V
09/06/2013;0,0;P
10/06/2013;12,6;P
11/06/2013;2,6;P
12/06/2013;0,0;V
13/06/2013;0,0;V
14/06/2013;0,0;V
15/06/2013;0,0;V
16/06/2013;0,0;V
17/06/2013;0,0;V
18/06/2013;0,0;V
19/06/2013;0,0;V
20/06/2013;0,0;V
21/06/2013;0,0;V
22/06/2013;0,0;V
23/06/2013;0,0;V
24/06/2013;0,0;P
25/06/2013;2,2;P
26/06/2013;0,0;V
27/06/2013;0,0;V
28/06/2013;0,0;V
29/06/2013;0,0;V
30/06/2013;0,0;V
01/07/2013;0,0;V
02/07/2013;0,0;V
03/07/2013;0,0;V
04/07/2013;0,2;V
05/07/2013;0,0;V
06/07/2013;0,0;V
07/07/2013;0,0;V
08/07/2013;0,0;V
09/07/2013;0,0;P
10/07/2013;1,0;P
11/07/2013;0,0;V
12/07/2013;0,0;V
13/07/2013;0,0;V
14/07/2013;0,0;V
15/07/2013;0,0;V
16/07/2013;0,0;V
17/07/2013;0,0;V
18/07/2013;0,0;P
19/07/2013;2,6;P
20/07/2013;16,8;P
21/07/2013;0,2;P
22/07/2013;0,0;V
23/07/2013;0,0;V
24/07/2013;0,0;V
25/07/2013;0,0;V
26/07/2013;0,0;V
27/07/2013;0,0;V
28/07/2013;0,0;V
29/07/2013;0,0;P
30/07/2013;5,8;P
31/07/2013;0,0;V
01/08/2013;0,0;V
02/08/2013;0,0;V
03/08/2013;0,0;V
04/08/2013;0,0;V
05/08/2013;0,0;V
06/08/2013;0,0;V
07/08/2013;0,0;V
08/08/2013;0,0;V
09/08/2013;0,0;V
10/08/2013;0,0;V
11/08/2013;0,0;V
12/08/2013;0,0;V
13/08/2013;0,0;V
14/08/2013;0,0;V
15/08/2013;0,0;V
16/08/2013;0,0;V
17/08/2013;0,0;V
18/08/2013;0,0;V
19/08/2013;0,0;P
20/08/2013;17,2;P
21/08/2013;0,0;V
22/08/2013;0,0;V
23/08/2013;0,0;V
24/08/2013;0,0;P
25/08/2013;32,0;P
26/08/2013;0,0;V
27/08/2013;0,0;V
28/08/2013;2,8;V
29/08/2013;0,0;V
30/08/2013;0,0;V
31/08/2013;0,0;V
01/09/2013;0,0;V
02/09/2013;0,0;V
03/09/2013;0,0;V
04/09/2013;0,0;V
05/09/2013;0,0;V
06/09/2013;0,0;V
07/09/2013;0,0;V
08/09/2013;0,0;V
09/09/2013;0,8;V
10/09/2013;0,0;P
11/09/2013;30,2;P
12/09/2013;0,0;V
13/09/2013;0,0;V
14/09/2013;0,0;V
15/09/2013;0,0;P
16/09/2013;3,4;P
17/09/2013;0,2;V
18/09/2013;0,0;V
19/09/2013;0,0;V
20/09/2013;0,0;V
21/09/2013;0,0;V
22/09/2013;0,0;V
23/09/2013;0,0;V
24/09/2013;0,0;V
25/09/2013;0,0;V
26/09/2013;0,0;V
27/09/2013;0,0;V
28/09/2013;0,0;V
29/09/2013;0,0;P
30/09/2013;25,0;P
01/10/2013;28,0;P
02/10/2013;0,0;V
03/10/2013;0,0;V
04/10/2013;0,0;V
05/10/2013;16,2;P
06/10/2013;32,4;P
07/10/2013;0,0;P
08/10/2013;5,6;P
09/10/2013;0,2;P
10/10/2013;0,8;P
11/10/2013;12,4;P
12/10/2013;4,2;P
13/10/2013;0,4;P
14/10/2013;0,0;V
15/10/2013;0,8;P
16/10/2013;9,2;P
17/10/2013;0,2;V
18/10/2013;0,0;V
19/10/2013;0,0;V
20/10/2013;0,2;V
21/10/2013;23,2;P
22/10/2013;40,6;P
23/10/2013;0,0;V
24/10/2013;56,6;P
25/10/2013;1,6;P
26/10/2013;0,0;V
27/10/2013;0,2;V
28/10/2013;0,0;V
29/10/2013;0,0;V
30/10/2013;0,2;V
31/10/2013;0,0;V
01/11/2013;0,0;V
02/11/2013;0,0;V
03/11/2013;0,0;V
04/11/2013;0,0;P
05/11/2013;24,0;P
06/11/2013;0,0;V
07/11/2013;0,0;V
08/11/2013;0,2;V
09/11/2013;0,0;P
10/11/2013;9,4;P
11/11/2013;18,0;P
12/11/2013;0,2;P
13/11/2013;0,0;V
14/11/2013;0,2;P
15/11/2013;16,2;P
16/11/2013;0,0;V
17/11/2013;0,2;V
18/11/2013;0,2;V
19/11/2013;1,2;P
20/11/2013;1,6;P
21/11/2013;9,6;P
22/11/2013;25,4;P
23/11/2013;6,8;P
24/11/2013;0,2;P
25/11/2013;0,0;V
26/11/2013;0,0;V
27/11/2013;0,0;V
28/11/2013;0,0;V
29/11/2013;0,0;P
30/11/2013;0,2;P
01/12/2013;0,0;V
02/12/2013;0,0;V
03/12/2013;0,0;V
04/12/2013;0,0;V
05/12/2013;0,0;V
06/12/2013;0,0;V
07/12/2013;0,2;V
08/12/2013;0,0;P
09/12/2013;0,2;V
10/12/2013;0,2;V
11/12/2013;0,2;P
12/12/2013;0,0;V
13/12/2013;0,2;V
14/12/2013;0,0;V
15/12/2013;0,0;V
16/12/2013;0,0;P
17/12/2013;0,2;P
18/12/2013;0,0;V
19/12/2013;0,0;P
20/12/2013;0,4;P
21/12/2013;0,0;V
22/12/2013;0,2;V
23/12/2013;0,0;V
24/12/2013;0,0;V
25/12/2013;0,0;P
26/12/2013;8,2;P
27/12/2013;2,6;P
28/12/2013;0,2;V
29/12/2013;7,2;P
30/12/2013;0,6;P
31/12/2013;0,2;P
01/01/2014;0,0;V
02/01/2014;0,0;V
03/01/2014;2,6;V
04/01/2014;1,0;V
05/01/2014;10,4;V
06/01/2014;0,4;V
07/01/2014;0,2;V
08/01/2014;0,0;V
09/01/2014;0,0;V
10/01/2014;0,0;V
11/01/2014;0,0;V
12/01/2014;0,0;V
13/01/2014;0,0;V
14/01/2014;3,4;V
15/01/2014;6,6;V
16/01/2014;0,2;V
17/01/2014;0,0;V
18/01/2014;7,8;V
19/01/2014;15,6;V
20/01/2014;8,6;V
21/01/2014;0,6;V
22/01/2014;1,4;V
23/01/2014;0,4;V
24/01/2014;10,4;V
25/01/2014;0,0;V
26/01/2014;0,0;V
27/01/2014;0,8;V
28/01/2014;4,4;V
29/01/2014;0,2;V
30/01/2014;14,6;V
31/01/2014;55,0;V
01/02/2014;6,8;V
02/02/2014;0,2;V
03/02/2014;4,2;V
04/02/2014;1,6;V
05/02/2014;6,4;V
06/02/2014;7,8;V
07/02/2014;0,0;V
08/02/2014;7,0;V
09/02/2014;2,8;V
10/02/2014;6,8;V
11/02/2014;41,6;V
12/02/2014;2,8;V
13/02/2014;0,2;V
14/02/2014;0,0;V
15/02/2014;0,0;V
16/02/2014;0,0;V
17/02/2014;0,0;V
18/02/2014;0,0;V
19/02/2014;0,0;V
20/02/2014;22,2;V
21/02/2014;6,0;V
22/02/2014;2,2;V
23/02/2014;4,6;V
24/02/2014;0,0;V
25/02/2014;0,2;V
26/02/2014;0,0;V
27/02/2014;11,2;V
28/02/2014;9,8;V
01/03/2014;15,4;V
02/03/2014;3,8;V
03/03/2014;0,0;V
04/03/2014;11,2;V
05/03/2014;3,4;V
06/03/2014;0,0;V
07/03/2014;0,0;V
08/03/2014;0,0;V
09/03/2014;0,0;V
10/03/2014;0,0;V
11/03/2014;0,0;V
12/03/2014;0,0;V
13/03/2014;0,0;V
14/03/2014;0,0;V
15/03/2014;0,0;V
16/03/2014;0,0;V
17/03/2014;0,0;V
18/03/2014;0,0;V
19/03/2014;0,0;V
20/03/2014;0,0;V
21/03/2014;0,0;V
22/03/2014;0,0;V
23/03/2014;5,8;V
24/03/2014;17,0;V
25/03/2014;0,0;V
26/03/2014;1,2;V
27/03/2014;0,2;V
28/03/2014;0,0;V
29/03/2014;0,0;V
30/03/2014;0,0;V
31/03/2014;0,0;V
01/04/2014;0,0;V
02/04/2014;0,0;V
03/04/2014;0,0;V
04/04/2014;4,8;V
05/04/2014;9,0;V
06/04/2014;0,2;V
07/04/2014;0,0;V
08/04/2014;0,0;V
09/04/2014;0,0;V
10/04/2014;0,0;V
11/04/2014;0,0;V
12/04/2014;0,0;V
13/04/2014;0,0;V
14/04/2014;0,0;V
15/04/2014;0,0;V
16/04/2014;0,0;V
17/04/2014;0,0;V
18/04/2014;0,0;V
19/04/2014;11,4;V
20/04/2014;5,0;V
21/04/2014;0,0;V
22/04/2014;0,0;V
23/04/2014;0,0;V
24/04/2014;0,0;V
25/04/2014;0,0;V
26/04/2014;16,0;V
27/04/2014;0,0;V
28/04/2014;3,0;V
29/04/2014;3,4;V
30/04/2014;0,2;V
01/05/2014;0,0;V
02/05/2014;0,0;V
03/05/2014;17,0;V
04/05/2014;4,2;V
05/05/2014;0,0;V
06/05/2014;0,0;V
07/05/2014;0,0;V
08/05/2014;0,0;V
09/05/2014;0,0;V
10/05/2014;0,0;V
11/05/2014;0,0;V
12/05/2014;0,0;V
13/05/2014;0,0;V
14/05/2014;0,0;V
15/05/2014;0,0;V
16/05/2014;0,0;V
17/05/2014;0,0;V
18/05/2014;0,0;V
19/05/2014;0,0;V
20/05/2014;0,0;V
21/05/2014;0,0;V
22/05/2014;0,0;V
23/05/2014;0,6;V
24/05/2014;0,2;V
25/05/2014;0,0;V
26/05/2014;1,8;V
27/05/2014;0,0;V
28/05/2014;1,0;V
29/05/2014;0,0;V
30/05/2014;0,0;V
31/05/2014;1,4;V
01/06/2014;0,0;V
02/06/2014;0,0;V
03/06/2014;0,0;V
04/06/2014;15,6;V
05/06/2014;0,0;V
06/06/2014;0,0;V
07/06/2014;0,0;V
08/06/2014;0,0;V
09/06/2014;0,0;V
10/06/2014;0,0;V
11/06/2014;0,0;V
12/06/2014;0,0;V
13/06/2014;0,0;V
14/06/2014;0,0;V
15/06/2014;2,2;V
16/06/2014;0,6;V
17/06/2014;3,4;V
18/06/2014;0,0;V
19/06/2014;0,0;V
20/06/2014;0,0;V
21/06/2014;0,0;V
22/06/2014;0,0;V
23/06/2014;0,0;V
24/06/2014;0,0;V
25/06/2014;24,0;V
26/06/2014;0,0;V
27/06/2014;0,8;V
28/06/2014;0,0;V
29/06/2014;0,0;V
30/06/2014;47,2;V
01/07/2014;0,0;V
02/07/2014;0,0;V
03/07/2014;0,0;V
04/07/2014;0,0;V
05/07/2014;0,0;V
06/07/2014;0,6;V
07/07/2014;0,0;V
08/07/2014;6,6;V
09/07/2014;7,0;V
10/07/2014;10,0;V
11/07/2014;6,6;V
12/07/2014;0,0;V
13/07/2014;0,4;V
14/07/2014;0,2;V
15/07/2014;0,4;V
16/07/2014;0,0;V
17/07/2014;0,0;V
18/07/2014;0,0;V
19/07/2014;0,0;V
20/07/2014;0,0;V
21/07/2014;8,6;V
22/07/2014;17,0;V
23/07/2014;0,0;V
24/07/2014;0,0;V
25/07/2014;0,6;V
26/07/2014;0,2;V
27/07/2014;11,6;V
28/07/2014;0,0;V
29/07/2014;0,0;V
30/07/2014;23,6;V
31/07/2014;1,0;V
01/08/2014;0,0;V
02/08/2014;0,0;V
03/08/2014;0,0;V
04/08/2014;0,6;V
05/08/2014;0,0;V
06/08/2014;0,2;V
07/08/2014;0,0;V
08/08/2014;0,0;V
09/08/2014;0,0;V
10/08/2014;0,0;V
11/08/2014;0,0;V
12/08/2014;0,0;V
13/08/2014;0,0;V
14/08/2014;1,0;V
15/08/2014;0,0;V
16/08/2014;0,0;V
17/08/2014;2,4;V
18/08/2014;0,0;V
19/08/2014;0,0;V
20/08/2014;0,0;V
21/08/2014;0,0;V
22/08/2014;0,0;V
23/08/2014;0,0;V
24/08/2014;0,4;V
25/08/2014;0,0;V
26/08/2014;0,0;V
27/08/2014;0,0;V
28/08/2014;0,0;V
29/08/2014;0,0;V
30/08/2014;0,0;V
31/08/2014;0,0;V
01/09/2014;34,2;V
02/09/2014;0,0;V
03/09/2014;0,0;V
04/09/2014;0,0;V
05/09/2014;0,0;V
06/09/2014;0,0;V
07/09/2014;0,0;V
08/09/2014;0,0;V
09/09/2014;0,0;V
10/09/2014;0,0;V
11/09/2014;20,2;V
12/09/2014;7,4;V
13/09/2014;3,6;V
14/09/2014;0,0;V
15/09/2014;0,0;V
16/09/2014;0,0;V
17/09/2014;0,0;V
18/09/2014;0,0;V
19/09/2014;0,0;V
20/09/2014;0,6;V
21/09/2014;0,0;V
22/09/2014;0,0;V
23/09/2014;0,0;V
24/09/2014;0,0;V
25/09/2014;0,0;V
26/09/2014;0,0;V
27/09/2014;0,0;V
28/09/2014;0,0;V
29/09/2014;0,0;V
30/09/2014;0,0;V
01/10/2014;1,6;V
02/10/2014;7,8;V
03/10/2014;0,0;V
04/10/2014;0,0;V
05/10/2014;0,0;V
06/10/2014;0,0;V
07/10/2014;0,0;V
08/10/2014;0,0;V
09/10/2014;0,0;V
10/10/2014;0,0;V
11/10/2014;0,0;V
12/10/2014;14,0;V
13/10/2014;0,0;V
14/10/2014;11,8;V
15/10/2014;0,4;V
16/10/2014;1,6;V
17/10/2014;1,4;V
18/10/2014;0,0;V
19/10/2014;0,2;V
20/10/2014;0,0;V
21/10/2014;0,0;V
22/10/2014;0,0;V
23/10/2014;0,0;V
24/10/2014;0,0;V
25/10/2014;0,0;V
26/10/2014;0,0;V
27/10/2014;0,0;V
28/10/2014;0,0;V
29/10/2014;0,0;V
30/10/2014;0,0;V
31/10/2014;0,0;V
01/11/2014;0,0;V
02/11/2014;0,0;V
03/11/2014;0,0;V
04/11/2014;0,0;V
05/11/2014;29,8;V
06/11/2014;14,0;V
07/11/2014;3,2;V
08/11/2014;0,2;V
09/11/2014;0,2;V
10/11/2014;0,0;V
11/11/2014;9,0;V
12/11/2014;4,2;V
13/11/2014;1,0;V
14/11/2014;0,0;V
15/11/2014;0,0;V
16/11/2014;19,6;V
17/11/2014;6,8;V
18/11/2014;32,4;V
19/11/2014;11,4;V
20/11/2014;0,2;V
21/11/2014;0,2;V
22/11/2014;0,6;V
23/11/2014;0,0;V
24/11/2014;0,2;V
25/11/2014;0,0;V
26/11/2014;12,2;V
27/11/2014;11,8;V
28/11/2014;1,0;V
29/11/2014;0,4;V
30/11/2014;0,8;V
01/12/2014;0,4;V
02/12/2014;0,2;V
03/12/2014;0,6;V
04/12/2014;6,2;V
05/12/2014;2,0;V
06/12/2014;2,4;V
07/12/2014;2,6;V
08/12/2014;0,0;V
09/12/2014;0,0;V
10/12/2014;0,0;V
11/12/2014;0,0;V
12/12/2014;0,0;V
13/12/2014;0,2;V
14/12/2014;0,0;V
15/12/2014;0,0;V
16/12/2014;14,4;V
17/12/2014;0,6;V
18/12/2014;0,2;V
19/12/2014;0,0;V
20/12/2014;0,0;V
21/12/2014;0,0;V
22/12/2014;0,4;V
23/12/2014;0,0;V
24/12/2014;0,0;V
25/12/2014;0,2;V
26/12/2014;0,0;V
27/12/2014;0,0;V
28/12/2014;14,2;V
29/12/2014;0,0;V
30/12/2014;0,0;V
31/12/2014;0,0;V
01/01/2015;0,0;V
02/01/2015;0,0;V
03/01/2015;0,0;V
04/01/2015;0,0;V
05/01/2015;0,0;V
06/01/2015;0,0;V
07/01/2015;0,0;V
08/01/2015;0,0;V
09/01/2015;0,0;V
10/01/2015;0,0;V
11/01/2015;0,0;V
12/01/2015;0,0;V
13/01/2015;0,0;V
14/01/2015;0,0;V
15/01/2015;0,0;V
16/01/2015;0,0;V
17/01/2015;6,2;V
18/01/2015;0,6;V
19/01/2015;0,0;V
20/01/2015;0,2;V
21/01/2015;0,2;V
22/01/2015;2,4;V
23/01/2015;0,6;V
24/01/2015;0,0;V
25/01/2015;0,0;V
26/01/2015;0,0;V
27/01/2015;0,0;V
28/01/2015;0,0;V
29/01/2015;0,0;V
30/01/2015;36,4;V
31/01/2015;8,6;V
01/02/2015;6,6;V
02/02/2015;0,0;V
03/02/2015;3,6;V
04/02/2015;0,8;V
05/02/2015;19,4;V
06/02/2015;15,8;V
07/02/2015;1,4;V
08/02/2015;0,2;V
09/02/2015;0,0;V
10/02/2015;0,0;V
11/02/2015;0,0;V
12/02/2015;0,0;V
13/02/2015;0,0;V
14/02/2015;7,4;V
15/02/2015;0,8;V
16/02/2015;2,2;V
17/02/2015;0,2;V
18/02/2015;0,0;V
19/02/2015;0,0;V
20/02/2015;0,0;V
21/02/2015;0,0;V
22/02/2015;10,2;V
23/02/2015;0,0;V
24/02/2015;0,0;V
25/02/2015;0,6;V
26/02/2015;0,0;V
27/02/2015;0,0;V
28/02/2015;0,0;V
01/03/2015;0,0;V
02/03/2015;1,6;V
03/03/2015;0,2;V
04/03/2015;0,0;V
05/03/2015;18,2;V
06/03/2015;0,0;V
07/03/2015;0,0;V
08/03/2015;0,0;V
09/03/2015;0,0;V
10/03/2015;0,0;V
11/03/2015;0,0;V
12/03/2015;0,0;V
13/03/2015;0,0;V
14/03/2015;0,0;V
15/03/2015;0,0;V
16/03/2015;9,0;V
17/03/2015;16,0;V
18/03/2015;0,0;V
19/03/2015;0,0;V
20/03/2015;0,0;V
21/03/2015;0,0;V
22/03/2015;0,0;V
23/03/2015;0,0;V
24/03/2015;0,2;V
25/03/2015;0,8;V
26/03/2015;24,4;V
27/03/2015;0,2;V
28/03/2015;0,8;V
29/03/2015;0,0;V
30/03/2015;0,0;V
31/03/2015;0,0;V
01/04/2015;0,0;V
02/04/2015;0,0;V
03/04/2015;0,0;V
04/04/2015;0,0;V
05/04/2015;23,6;V
06/04/2015;0,0;V
07/04/2015;0,0;V
08/04/2015;0,0;V
09/04/2015;0,0;V
10/04/2015;0,0;V
11/04/2015;0,0;V
12/04/2015;0,0;V
13/04/2015;0,0;V
14/04/2015;0,0;V
15/04/2015;0,0;V
16/04/2015;0,0;V
17/04/2015;0,0;V
18/04/2015;0,0;V
19/04/2015;0,0;V
20/04/2015;0,0;V
21/04/2015;0,0;V
22/04/2015;0,0;V
23/04/2015;0,0;V
24/04/2015;0,0;V
25/04/2015;0,0;V
26/04/2015;0,0;V
27/04/2015;13,8;V
28/04/2015;22,4;V
29/04/2015;1,6;V
30/04/2015;1,2;V
01/05/2015;0,0;V
02/05/2015;0,6;V
03/05/2015;0,0;V
04/05/2015;0,0;V
05/05/2015;0,0;V
06/05/2015;0,0;V
07/05/2015;0,0;V
08/05/2015;0,0;V
09/05/2015;0,0;V
10/05/2015;0,0;V
11/05/2015;0,0;V
12/05/2015;0,0;V
13/05/2015;0,0;V
14/05/2015;0,0;V
15/05/2015;0,0;V
16/05/2015;1,0;V
17/05/2015;0,0;V
18/05/2015;0,0;V
19/05/2015;0,0;V
20/05/2015;0,0;V
21/05/2015;0,0;V
22/05/2015;2,2;V
23/05/2015;11,8;V
24/05/2015;2,0;V
25/05/2015;0,0;V
26/05/2015;0,0;V
27/05/2015;0,0;V
28/05/2015;0,0;V
29/05/2015;0,0;V
30/05/2015;0,0;V
31/05/2015;0,0;V
01/06/2015;0,0;V
02/06/2015;0,0;V
03/06/2015;0,0;V
04/06/2015;0,0;V
05/06/2015;0,0;V
06/06/2015;0,0;V
07/06/2015;0,0;V
08/06/2015;0,0;V
09/06/2015;0,0;V
10/06/2015;0,0;V
11/06/2015;9,8;V
12/06/2015;0,0;V
13/06/2015;0,6;V
14/06/2015;0,0;V
15/06/2015;8,0;V
16/06/2015;0,0;V
17/06/2015;0,8;V
18/06/2015;0,0;V
19/06/2015;0,0;V
20/06/2015;0,0;V
21/06/2015;0,0;V
22/06/2015;0,0;V
23/06/2015;0,0;V
24/06/2015;0,0;V
25/06/2015;0,0;V
26/06/2015;0,0;V
27/06/2015;0,0;V
28/06/2015;0,0;V
29/06/2015;0,0;V
30/06/2015;0,0;V
01/07/2015;0,0;V
02/07/2015;0,0;V
03/07/2015;0,0;V
04/07/2015;0,0;V
05/07/2015;0,0;V
06/07/2015;0,0;V
07/07/2015;0,0;V
08/07/2015;0,0;V
09/07/2015;0,0;V
10/07/2015;0,0;V
11/07/2015;0,0;V
12/07/2015;0,0;V
13/07/2015;0,0;V
14/07/2015;0,0;V
15/07/2015;0,0;V
16/07/2015;0,0;V
17/07/2015;0,0;V
18/07/2015;0,0;V
19/07/2015;0,0;V
20/07/2015;0,0;V
21/07/2015;0,0;V
22/07/2015;0,0;V
23/07/2015;0,6;V
24/07/2015;0,0;V
25/07/2015;2,6;V
26/07/2015;6,4;V
27/07/2015;0,0;V
28/07/2015;0,0;V
29/07/2015;0,0;V
30/07/2015;0,0;V
31/07/2015;0,0;V
01/08/2015;0,0;V
02/08/2015;17,2;V
03/08/2015;0,0;V
04/08/2015;0,0;V
05/08/2015;0,0;V
06/08/2015;0,0;V
07/08/2015;0,0;V
08/08/2015;0,0;V
09/08/2015;0,0;V
10/08/2015;0,0;V
11/08/2015;9,6;V
12/08/2015;0,0;V
13/08/2015;0,0;V
14/08/2015;0,0;V
15/08/2015;0,0;V
16/08/2015;3,0;V
17/08/2015;0,0;V
18/08/2015;0,0;V
19/08/2015;1,4;V
20/08/2015;0,4;V
21/08/2015;0,0;V
22/08/2015;0,0;V
23/08/2015;0,0;V
24/08/2015;6,6;V
25/08/2015;8,0;V
26/08/2015;0,0;V
27/08/2015;0,0;V
28/08/2015;0,0;V
29/08/2015;0,0;V
30/08/2015;0,0;V
31/08/2015;0,0;V
01/09/2015;0,0;V
02/09/2015;0,0;V
03/09/2015;0,0;V
04/09/2015;0,0;V
05/09/2015;0,6;V
06/09/2015;0,0;V
07/09/2015;0,0;V
08/09/2015;0,0;V
09/09/2015;0,0;V
10/09/2015;0,0;V
11/09/2015;0,0;V
12/09/2015;0,0;V
13/09/2015;0,0;V
14/09/2015;9,6;V
15/09/2015;1,0;V
16/09/2015;0,0;V
17/09/2015;0,0;V
18/09/2015;0,0;V
19/09/2015;0,0;V
20/09/2015;0,0;V
21/09/2015;0,0;V
22/09/2015;0,0;V
23/09/2015;0,0;V
24/09/2015;15,2;V
25/09/2015;0,0;V
26/09/2015;0,0;V
27/09/2015;0,0;V
28/09/2015;0,0;V
29/09/2015;0,0;V
30/09/2015;0,0;V
01/10/2015;0,4;V
02/10/2015;5,2;V
03/10/2015;7,6;V
04/10/2015;0,0;V
05/10/2015;1,0;V
06/10/2015;0,0;V
07/10/2015;0,0;V
08/10/2015;0,0;V
09/10/2015;0,0;V
10/10/2015;1,2;V
11/10/2015;12,2;V
12/10/2015;0,0;V
13/10/2015;1,8;V
14/10/2015;8,8;V
15/10/2015;24,8;V
16/10/2015;7,6;V
17/10/2015;1,6;V
18/10/2015;0,0;V
19/10/2015;1,4;V
20/10/2015;0,2;V
21/10/2015;0,0;V
22/10/2015;0,0;V
23/10/2015;0,0;V
24/10/2015;0,0;V
25/10/2015;0,0;V
26/10/2015;0,0;V
27/10/2015;0,0;V
28/10/2015;23,2;V
29/10/2015;44,6;V
30/10/2015;0,4;V
31/10/2015;0,0;V
01/11/2015;0,0;V
02/11/2015;0,0;V
03/11/2015;0,0;V
04/11/2015;0,0;V
05/11/2015;0,0;V
06/11/2015;0,0;V
07/11/2015;0,0;V
08/11/2015;0,0;V
09/11/2015;0,0;V
10/11/2015;0,0;V
11/11/2015;0,0;V
12/11/2015;0,0;V
13/11/2015;0,2;V
14/11/2015;0,0;V
15/11/2015;0,0;V
16/11/2015;0,0;V
17/11/2015;0,0;V
18/11/2015;0,0;V
19/11/2015;0,0;V
20/11/2015;0,0;V
21/11/2015;6,4;V
22/11/2015;29,0;V
23/11/2015;0,0;V
24/11/2015;1,8;V
25/11/2015;0,2;V
26/11/2015;3,2;V
27/11/2015;0,0;V
28/11/2015;0,0;V
29/11/2015;0,0;V
30/11/2015;0,0;V
01/12/2015;0,0;V
02/12/2015;0,0;V
03/12/2015;0,0;V
04/12/2015;0,0;V
05/12/2015;0,0;V
06/12/2015;0,0;V
07/12/2015;0,2;V
08/12/2015;0,0;V
09/12/2015;2,2;V
10/12/2015;0,2;V
11/12/2015;0,0;V
12/12/2015;0,2;V
13/12/2015;0,0;V
14/12/2015;0,0;V
15/12/2015;0,0;V
16/12/2015;0,0;V
17/12/2015;0,2;V
18/12/2015;0,0;V
19/12/2015;0,4;V
20/12/2015;0,2;V
21/12/2015;0,0;V
22/12/2015;0,0;V
23/12/2015;1,8;V
24/12/2015;0,0;V
25/12/2015;0,0;V
26/12/2015;0,4;V
27/12/2015;0,2;V
28/12/2015;0,4;V
29/12/2015;0,0;V
30/12/2015;0,0;V
31/12/2015;0,0;V
01/01/2016;0,0;V
02/01/2016;0,2;V
03/01/2016;10,2;V
04/01/2016;2,6;V
05/01/2016;7,2;V
06/01/2016;16,4;V
07/01/2016;2,8;V
08/01/2016;14,4;V
09/01/2016;0,0;V
10/01/2016;6,4;V
11/01/2016;0,0;V
12/01/2016;0,8;V
13/01/2016;0,0;V
14/01/2016;2,2;V
15/01/2016;18,2;V
16/01/2016;0,0;V
17/01/2016;0,0;V
18/01/2016;0,0;V
19/01/2016;0,0;V
20/01/2016;0,0;V
21/01/2016;0,2;V
22/01/2016;0,0;V
23/01/2016;0,2;V
24/01/2016;0,0;V
25/01/2016;0,2;V
26/01/2016;0,0;V
27/01/2016;0,0;V
28/01/2016;0,0;V
29/01/2016;0,0;V
30/01/2016;0,0;V
31/01/2016;0,0;V
01/02/2016;0,2;V
02/02/2016;0,0;V
03/02/2016;0,0;V
04/02/2016;9,4;V
05/02/2016;0,0;V
06/02/2016;0,0;V
07/02/2016;0,0;V
08/02/2016;0,2;V
09/02/2016;0,0;V
10/02/2016;8,6;V
11/02/2016;0,0;V
12/02/2016;15,0;V
13/02/2016;16,4;V
14/02/2016;17,8;V
15/02/2016;7,6;V
16/02/2016;44,6;V
17/02/2016;14,0;V
18/02/2016;1,2;V
19/02/2016;1,0;V
20/02/2016;1,6;V
21/02/2016;0,2;V
22/02/2016;0,0;V
23/02/2016;2,6;V
24/02/2016;0,0;V
25/02/2016;0,0;V
26/02/2016;17,6;V
27/02/2016;13,6;V
28/02/2016;19,6;V
29/02/2016;22,6;V
01/03/2016;7,8;V
02/03/2016;0,0;V
03/03/2016;5,0;V
04/03/2016;0,0;V
05/03/2016;0,0;V
06/03/2016;7,8;V
07/03/2016;9,2;V
08/03/2016;3,0;V
09/03/2016;6,2;V
10/03/2016;0,2;V
11/03/2016;0,4;V
12/03/2016;0,0;V
13/03/2016;0,0;V
14/03/2016;0,0;V
15/03/2016;0,0;V
16/03/2016;0,0;V
17/03/2016;1,2;V
18/03/2016;0,0;V
19/03/2016;0,0;V
20/03/2016;0,0;V
21/03/2016;3,6;V
22/03/2016;0,2;V
23/03/2016;0,0;V
24/03/2016;0,0;V
25/03/2016;0,0;V
26/03/2016;0,0;V
27/03/2016;0,0;V
28/03/2016;3,6;V
29/03/2016;1,0;V
30/03/2016;0,0;V
31/03/2016;0,0;V
01/04/2016;0,0;V
02/04/2016;0,0;V
03/04/2016;0,0;V
04/04/2016;0,0;V
05/04/2016;0,0;V
06/04/2016;0,0;V
07/04/2016;0,0;V
08/04/2016;0,0;V
09/04/2016;0,2;V
10/04/2016;0,0;V
11/04/2016;0,0;V
12/04/2016;0,0;V
13/04/2016;0,0;V
14/04/2016;0,0;V
15/04/2016;0,0;V
16/04/2016;0,0;V
17/04/2016;0,0;V
18/04/2016;0,4;V
19/04/2016;0,0;V
20/04/2016;0,0;V
21/04/2016;0,0;V
22/04/2016;0,0;V
23/04/2016;7,0;V
24/04/2016;98,6;V
25/04/2016;14,0;V
26/04/2016;0,6;V
27/04/2016;0,0;V
28/04/2016;0,0;V
29/04/2016;0,4;V
30/04/2016;0,0;V
01/05/2016;7,6;V
02/05/2016;8,2;V
03/05/2016;2,0;V
04/05/2016;10,2;V
05/05/2016;0,0;V
06/05/2016;0,0;V
07/05/2016;0,0;V
08/05/2016;0,0;V
09/05/2016;0,0;V
10/05/2016;0,0;V
11/05/2016;0,0;V
12/05/2016;11,8;V
13/05/2016;0,2;V
14/05/2016;2,8;V
15/05/2016;0,2;V
16/05/2016;10,0;V
17/05/2016;0,2;V
18/05/2016;1,0;V
19/05/2016;0,0;V
20/05/2016;11,4;V
21/05/2016;0,0;V
22/05/2016;0,0;V
23/05/2016;0,0;V
24/05/2016;8,8;V
25/05/2016;0,0;V
26/05/2016;0,0;V
27/05/2016;0,0;V
28/05/2016;0,0;V
29/05/2016;0,0;V
30/05/2016;6,4;V
31/05/2016;0,0;V
01/06/2016;0,0;V
02/06/2016;14,4;V
03/06/2016;2,0;V
04/06/2016;6,8;V
05/06/2016;0,8;V
06/06/2016;0,0;V
07/06/2016;0,0;V
08/06/2016;4,8;V
09/06/2016;0,0;V
10/06/2016;44,6;V
11/06/2016;0,0;V
12/06/2016;0,0;V
13/06/2016;0,0;V
14/06/2016;0,0;V
15/06/2016;0,2;V
16/06/2016;0,0;V
17/06/2016;1,4;V
18/06/2016;0,0;V
19/06/2016;0,8;V
20/06/2016;0,2;V
21/06/2016;0,0;V
22/06/2016;0,0;V
23/06/2016;0,0;V
24/06/2016;0,0;V
25/06/2016;0,0;V
26/06/2016;0,0;V
27/06/2016;0,0;V
28/06/2016;0,0;V
29/06/2016;0,0;V
30/06/2016;0,0;V
01/07/2016;0,0;V
02/07/2016;0,0;V
03/07/2016;0,0;V
04/07/2016;0,0;V
05/07/2016;0,0;V
06/07/2016;0,0;V
07/07/2016;0,0;V
08/07/2016;0,0;V
09/07/2016;0,0;V
10/07/2016;0,0;V
11/07/2016;0,0;V
12/07/2016;0,0;V
13/07/2016;0,0;V
14/07/2016;0,0;V
15/07/2016;1,4;V
16/07/2016;0,0;V
17/07/2016;0,0;V
18/07/2016;0,0;V
19/07/2016;0,0;V
20/07/2016;0,0;V
21/07/2016;0,0;V
22/07/2016;0,0;V
23/07/2016;0,4;V
24/07/2016;0,4;V
25/07/2016;4,6;V
26/07/2016;1,6;V
27/07/2016;0,0;V
28/07/2016;0,0;V
29/07/2016;0,0;V
30/07/2016;0,0;V
31/07/2016;0,0;V
01/08/2016;0,0;V
02/08/2016;8,6;V
03/08/2016;0,0;V
04/08/2016;0,0;V
05/08/2016;0,0;V
06/08/2016;0,0;V
07/08/2016;0,0;V
08/08/2016;0,0;V
09/08/2016;0,0;V
10/08/2016;0,0;V
11/08/2016;0,0;V
12/08/2016;0,0;V
13/08/2016;0,0;V
14/08/2016;0,0;V
15/08/2016;0,0;V
16/08/2016;0,0;V
17/08/2016;0,0;V
18/08/2016;0,0;V
19/08/2016;0,0;V
20/08/2016;0,0;V
21/08/2016;0,0;V
22/08/2016;0,0;V
23/08/2016;0,0;V
24/08/2016;0,0;V
25/08/2016;0,0;V
26/08/2016;0,0;V
27/08/2016;0,0;V
28/08/2016;0,0;V
29/08/2016;0,0;V
30/08/2016;0,0;V
31/08/2016;6,6;V
01/09/2016;6,4;V
02/09/2016;0,0;V
03/09/2016;0,0;V
04/09/2016;0,0;V
05/09/2016;0,0;V
06/09/2016;0,0;V
07/09/2016;3,2;V
08/09/2016;0,0;V
09/09/2016;0,0;V
10/09/2016;0,0;V
11/09/2016;0,0;V
12/09/2016;0,0;V
13/09/2016;0,0;V
14/09/2016;6,0;V
15/09/2016;0,0;V
16/09/2016;12,0;V
17/09/2016;32,8;V
18/09/2016;10,0;V
19/09/2016;0,6;V
20/09/2016;0,0;V
21/09/2016;0,0;V
22/09/2016;0,0;V
23/09/2016;0,0;V
24/09/2016;0,0;V
25/09/2016;0,0;V
26/09/2016;0,0;V
27/09/2016;0,0;V
28/09/2016;0,0;V
29/09/2016;0,0;V
30/09/2016;0,0;V
01/10/2016;0,0;V
02/10/2016;13,8;V
03/10/2016;0,0;V
04/10/2016;0,0;V
05/10/2016;0,0;V
06/10/2016;0,6;V
07/10/2016;14,0;V
08/10/2016;2,4;V
09/10/2016;21,2;V
10/10/2016;3,8;V
11/10/2016;0,0;V
12/10/2016;0,6;V
13/10/2016;0,0;V
14/10/2016;6,0;V
15/10/2016;52,2;V
16/10/2016;3,0;V
17/10/2016;0,0;V
18/10/2016;0,4;V
19/10/2016;1,4;V
20/10/2016;0,6;V
21/10/2016;3,6;V
22/10/2016;0,0;V
23/10/2016;0,0;V
24/10/2016;0,0;V
25/10/2016;0,0;V
26/10/2016;0,0;V
27/10/2016;30,0;V
28/10/2016;0,0;V
29/10/2016;0,0;V
30/10/2016;0,0;V
31/10/2016;0,0;V
01/11/2016;0,2;V
02/11/2016;0,6;V
03/11/2016;1,0;V
04/11/2016;0,2;V
05/11/2016;1,6;V
06/11/2016;42,0;V
07/11/2016;7,0;V
08/11/2016;0,2;V
09/11/2016;3,0;V
10/11/2016;4,8;V
11/11/2016;0,6;V
12/11/2016;13,6;V
13/11/2016;0,0;V
14/11/2016;0,0;V
15/11/2016;0,2;V
16/11/2016;0,0;V
17/11/2016;0,0;V
18/11/2016;0,0;V
19/11/2016;14,2;V
20/11/2016;13,8;V
21/11/2016;1,4;V
22/11/2016;0,2;V
23/11/2016;0,0;V
24/11/2016;0,0;V
25/11/2016;3,8;V
26/11/2016;0,2;V
27/11/2016;0,0;V
28/11/2016;0,2;V
29/11/2016;0,0;V
30/11/2016;0,0;V
01/12/2016;0,0;V
02/12/2016;0,0;V
03/12/2016;0,2;V
04/12/2016;0,0;V
05/12/2016;0,0;V
06/12/2016;0,2;V
07/12/2016;0,0;V
08/12/2016;0,0;V
09/12/2016;0,2;V
10/12/2016;0,0;V
11/12/2016;0,0;V
12/12/2016;0,4;V
13/12/2016;0,0;V
14/12/2016;0,4;V
15/12/2016;1,0;V
16/12/2016;0,0;V
17/12/2016;0,0;V
18/12/2016;0,2;V
19/12/2016;0,0;V
20/12/2016;0,8;V
21/12/2016;5,0;V
22/12/2016;0,2;V
23/12/2016;0,0;V
24/12/2016;0,2;V
25/12/2016;0,0;V
26/12/2016;0,2;V
27/12/2016;0,0;V
28/12/2016;0,2;V
29/12/2016;0,2;V
30/12/2016;0,0;V
31/12/2016;0,0;V
01/01/2017;0,0;V
02/01/2017;3,6;V
03/01/2017;20,8;V
04/01/2017;0,0;V
05/01/2017;0,2;V
06/01/2017;0,0;V
07/01/2017;0,0;V
08/01/2017;0,0;V
09/01/2017;0,0;V
10/01/2017;0,0;V
11/01/2017;0,0;V
12/01/2017;0,0;V
13/01/2017;0,0;V
14/01/2017;1,6;V
15/01/2017;0,2;V
16/01/2017;0,0;V
17/01/2017;0,0;V
18/01/2017;0,0;V
19/01/2017;0,0;V
20/01/2017;0,0;V
21/01/2017;0,0;V
22/01/2017;0,0;V
23/01/2017;0,0;V
24/01/2017;0,0;V
25/01/2017;0,0;V
26/01/2017;0,0;V
27/01/2017;0,0;V
28/01/2017;0,0;V
29/01/2017;0,0;V
30/01/2017;0,0;V
31/01/2017;2,6;V
01/02/2017;0,0;V
02/02/2017;0,2;V
03/02/2017;0,6;V
04/02/2017;1,4;V
05/02/2017;7,0;V
06/02/2017;8,2;V
07/02/2017;0,2;V
08/02/2017;0,0;V
09/02/2017;0,0;V
10/02/2017;0,0;V
11/02/2017;0,0;V
12/02/2017;0,0;V
13/02/2017;0,0;V
14/02/2017;0,0;V
15/02/2017;0,0;V
16/02/2017;0,0;V
17/02/2017;0,0;V
18/02/2017;14,8;V
19/02/2017;0,2;V
20/02/2017;0,6;V
21/02/2017;0,0;V
22/02/2017;0,2;V
23/02/2017;0,0;V
24/02/2017;6,0;V
25/02/2017;34,0;V
26/02/2017;0,0;V
27/02/2017;0,0;V
28/02/2017;0,0;V
01/03/2017;1,0;V
02/03/2017;0,0;V
03/03/2017;0,0;V
04/03/2017;0,0;V
05/03/2017;10,6;V
06/03/2017;2,8;V
07/03/2017;15,4;V
08/03/2017;0,0;V
09/03/2017;0,0;V
10/03/2017;0,0;V
11/03/2017;0,0;V
12/03/2017;0,0;V
13/03/2017;0,0;V
14/03/2017;0,0;V
15/03/2017;0,0;V
16/03/2017;0,0;V
17/03/2017;0,0;V
18/03/2017;0,0;V
19/03/2017;0,0;V
20/03/2017;0,0;V
21/03/2017;0,0;V
22/03/2017;0,0;V
23/03/2017;0,0;V
24/03/2017;0,0;V
25/03/2017;0,0;V
26/03/2017;4,2;V
27/03/2017;1,2;V
28/03/2017;0,0;V
29/03/2017;0,0;V
30/03/2017;0,0;V
31/03/2017;0,0;V
01/04/2017;0,0;V
02/04/2017;0,0;V
03/04/2017;2,4;V
04/04/2017;0,0;V
05/04/2017;0,0;V
06/04/2017;0,0;V
07/04/2017;0,0;V
08/04/2017;0,0;V
09/04/2017;0,0;V
10/04/2017;0,0;V
11/04/2017;0,0;V
12/04/2017;0,0;V
13/04/2017;0,0;V
14/04/2017;0,0;V
15/04/2017;0,0;V
16/04/2017;0,2;V
17/04/2017;0,0;V
18/04/2017;0,0;V
19/04/2017;0,4;V
20/04/2017;0,0;V
21/04/2017;0,0;V
22/04/2017;0,0;V
23/04/2017;0,0;V
24/04/2017;0,0;V
25/04/2017;0,0;V
26/04/2017;0,0;V
27/04/2017;0,0;V
28/04/2017;13,4;V
29/04/2017;0,0;V
30/04/2017;0,0;V
01/05/2017;0,0;V
02/05/2017;0,8;V
03/05/2017;0,6;V
04/05/2017;1,4;V
05/05/2017;3,2;V
06/05/2017;0,0;V
07/05/2017;5,2;V
08/05/2017;1,0;V
09/05/2017;0,6;V
10/05/2017;0,0;V
11/05/2017;0,0;V
12/05/2017;0,0;V
13/05/2017;0,0;V
14/05/2017;0,0;V
15/05/2017;0,0;V
16/05/2017;0,0;V
17/05/2017;0,0;V
18/05/2017;0,0;V
19/05/2017;0,0;V
20/05/2017;0,0;V
21/05/2017;0,0;V
22/05/2017;0,0;V
23/05/2017;0,0;V
24/05/2017;0,0;V
25/05/2017;0,0;V
26/05/2017;0,0;V
27/05/2017;0,0;V
28/05/2017;0,0;V
29/05/2017;0,0;V
30/05/2017;0,0;V
31/05/2017;0,0;V
01/06/2017;0,0;V
02/06/2017;0,0;V
03/06/2017;0,0;V
04/06/2017;0,0;V
05/06/2017;0,0;V
06/06/2017;16,2;V
07/06/2017;0,0;V
08/06/2017;0,0;V
09/06/2017;0,0;V
10/06/2017;0,0;V
11/06/2017;0,0;V
12/06/2017;0,0;V
13/06/2017;0,0;V
14/06/2017;0,0;V
15/06/2017;0,0;V
16/06/2017;0,2;V
17/06/2017;0,0;V
18/06/2017;0,0;V
19/06/2017;0,0;V
20/06/2017;0,0;V
21/06/2017;0,0;V
22/06/2017;0,0;V
23/06/2017;0,0;V
24/06/2017;0,0;V
25/06/2017;0,0;V
26/06/2017;0,0;V
27/06/2017;0,0;V
28/06/2017;0,0;V
29/06/2017;15,4;V
30/06/2017;0,0;V
01/07/2017;1,2;V
02/07/2017;0,0;V
03/07/2017;0,0;V
04/07/2017;0,0;V
05/07/2017;0,0;V
06/07/2017;0,0;V
07/07/2017;0,0;V
08/07/2017;0,0;V
09/07/2017;0,0;V
10/07/2017;0,0;V
11/07/2017;0,0;V
12/07/2017;0,0;V
13/07/2017;0,0;V
14/07/2017;0,0;V
15/07/2017;0,0;V
16/07/2017;0,0;V
17/07/2017;0,0;V
18/07/2017;0,0;V
19/07/2017;0,0;V
20/07/2017;0,0;V
21/07/2017;0,0;V
22/07/2017;0,0;V
23/07/2017;0,0;V
24/07/2017;0,2;V
25/07/2017;0,4;V
26/07/2017;30,6;V
27/07/2017;0,0;V
28/07/2017;0,0;V
29/07/2017;0,0;V
30/07/2017;0,0;V
31/07/2017;0,0;V
01/08/2017;0,0;V
02/08/2017;0,0;V
03/08/2017;0,0;V
04/08/2017;0,0;V
05/08/2017;0,0;V
06/08/2017;0,0;V
07/08/2017;0,0;V
08/08/2017;0,0;V
09/08/2017;0,0;V
10/08/2017;0,0;V
11/08/2017;5,8;V
12/08/2017;2,6;V
13/08/2017;0,0;V
14/08/2017;0,0;V
15/08/2017;0,0;V
16/08/2017;0,0;V
17/08/2017;0,0;V
18/08/2017;0,0;V
19/08/2017;0,0;V
20/08/2017;0,0;V
21/08/2017;0,0;V
22/08/2017;0,0;V
23/08/2017;0,0;V
24/08/2017;0,0;V
25/08/2017;0,0;V
26/08/2017;0,0;V
27/08/2017;0,0;V
28/08/2017;0,0;V
29/08/2017;0,0;V
30/08/2017;0,0;V
31/08/2017;0,0;V
01/09/2017;0,8;V
02/09/2017;0,0;V
03/09/2017;5,6;V
04/09/2017;0,0;V
05/09/2017;0,0;V
06/09/2017;0,0;V
07/09/2017;0,0;V
08/09/2017;0,0;V
09/09/2017;0,0;V
10/09/2017;27,8;V
11/09/2017;15,2;V
12/09/2017;0,0;V
13/09/2017;0,0;V
14/09/2017;0,0;V
15/09/2017;0,0;V
16/09/2017;3,8;V
17/09/2017;0,0;V
18/09/2017;0,0;V
19/09/2017;13,2;V
20/09/2017;0,0;V
21/09/2017;0,0;V
22/09/2017;0,0;V
23/09/2017;0,0;V
24/09/2017;0,0;V
25/09/2017;1,0;V
26/09/2017;0,0;V
27/09/2017;0,0;V
28/09/2017;0,0;V
29/09/2017;0,0;V
30/09/2017;0,0;V
01/10/2017;1,0;V
02/10/2017;1,4;V
03/10/2017;0,0;V
04/10/2017;0,0;V
05/10/2017;0,0;V
06/10/2017;0,0;V
07/10/2017;1,4;V
08/10/2017;0,0;V
09/10/2017;0,0;V
10/10/2017;0,0;V
11/10/2017;0,0;V
12/10/2017;0,0;V
13/10/2017;0,0;V
14/10/2017;0,0;V
15/10/2017;0,2;V
16/10/2017;0,0;V
17/10/2017;0,0;V
18/10/2017;0,0;V
19/10/2017;0,0;V
20/10/2017;0,0;V
21/10/2017;0,0;V
22/10/2017;0,0;V
23/10/2017;0,6;V
24/10/2017;0,0;V
25/10/2017;0,0;V
26/10/2017;0,0;V
27/10/2017;0,0;V
28/10/2017;1,0;V
29/10/2017;0,0;V
30/10/2017;0,0;V
31/10/2017;0,0;V
01/11/2017;0,0;V
02/11/2017;0,0;V
03/11/2017;0,4;V
04/11/2017;1,8;V
05/11/2017;0,0;V
06/11/2017;24,0;V
07/11/2017;16,8;V
08/11/2017;0,2;V
09/11/2017;0,2;V
10/11/2017;0,0;V
11/11/2017;0,0;V
12/11/2017;0,2;V
13/11/2017;15,8;V
14/11/2017;0,4;V
15/11/2017;0,0;V
16/11/2017;0,4;V
17/11/2017;0,0;V
18/11/2017;0,0;V
19/11/2017;0,0;V
20/11/2017;0,2;V
21/11/2017;0,0;V
22/11/2017;0,0;V
23/11/2017;0,0;V
24/11/2017;0,2;V
25/11/2017;0,0;V
26/11/2017;0,2;V
27/11/2017;5,8;V
28/11/2017;0,0;V
29/11/2017;29,2;V
30/11/2017;7,0;V
01/12/2017;3,2;V
02/12/2017;0,4;V
03/12/2017;0,2;V
04/12/2017;0,0;V
05/12/2017;0,0;V
06/12/2017;0,0;V
07/12/2017;0,2;V
08/12/2017;1,8;V
09/12/2017;7,0;V
10/12/2017;0,0;V
11/12/2017;0,6;V
12/12/2017;12,4;V
13/12/2017;9,6;V
14/12/2017;3,2;V
15/12/2017;2,4;V
16/12/2017;1,6;V
17/12/2017;6,4;V
18/12/2017;0,2;V
19/12/2017;0,2;V
20/12/2017;0,0;V
21/12/2017;0,0;V
22/12/2017;0,0;V
23/12/2017;0,0;V
24/12/2017;0,2;V
25/12/2017;0,0;V
26/12/2017;0,4;V
27/12/2017;4,8;V
28/12/2017;20,0;V
29/12/2017;2,0;V
30/12/2017;1,8;V
31/12/2017;0,0;V
01/01/2018;2,2;P
02/01/2018;3,2;P
03/01/2018;0,2;P
04/01/2018;1,6;P
05/01/2018;0,4;P
06/01/2018;0,0;P
07/01/2018;0,0;P
08/01/2018;0,0;P
09/01/2018;3,4;P
10/01/2018;2,0;P
11/01/2018;0,2;P
12/01/2018;3,2;P
13/01/2018;0,0;P
14/01/2018;0,0;P
15/01/2018;0,0;P
16/01/2018;8,2;P
17/01/2018;6,8;P
18/01/2018;0,0;P
19/01/2018;0,4;P
20/01/2018;0,0;P
21/01/2018;12,0;P
22/01/2018;0,2;P
23/01/2018;0,0;P
24/01/2018;0,0;P
25/01/2018;0,0;P
26/01/2018;0,0;P
27/01/2018;0,0;P
28/01/2018;0,0;P
29/01/2018;0,2;P
30/01/2018;0,0;P
31/01/2018;0,0;P
01/02/2018;3,8;P
02/02/2018;13,0;P
03/02/2018;17,4;P
04/02/2018;2,2;P
05/02/2018;0,0;P
06/02/2018;0,4;P
07/02/2018;2,4;P
08/02/2018;1,4;P
09/02/2018;0,2;P
10/02/2018;0,0;P
11/02/2018;0,2;P
12/02/2018;0,6;P
13/02/2018;0,6;P
14/02/2018;0,0;P
15/02/2018;0,0;P
16/02/2018;0,0;P
17/02/2018;0,0;P
18/02/2018;34,4;P
19/02/2018;1,2;P
20/02/2018;0,0;P
21/02/2018;0,0;P
22/02/2018;0,0;P
23/02/2018;1,2;P
24/02/2018;2,4;P
25/02/2018;2,8;P
26/02/2018;1,4;P
27/02/2018;0,0;P
28/02/2018;0,0;P
01/03/2018;0,0;P
02/03/2018;21,2;P
03/03/2018;24,8;P
04/03/2018;4,4;P
05/03/2018;4,4;P
06/03/2018;5,0;P
07/03/2018;5,8;P
08/03/2018;0,0;P
09/03/2018;0,0;P
10/03/2018;0,0;P
11/03/2018;12,6;P
12/03/2018;14,0;P
13/03/2018;4,6;P
14/03/2018;0,4;P
15/03/2018;0,0;P
16/03/2018;17,2;P
17/03/2018;4,8;P
18/03/2018;1,4;P
19/03/2018;14,0;P
20/03/2018;3,2;P
21/03/2018;2,2;P
22/03/2018;0,0;P
23/03/2018;0,0;P
24/03/2018;0,0;P
25/03/2018;0,0;P
26/03/2018;0,0;P
27/03/2018;0,0;P
28/03/2018;0,0;P
29/03/2018;0,0;P
30/03/2018;0,0;P
31/03/2018;0,0;P
01/04/2018;5,8;P
02/04/2018;0,0;P
03/04/2018;0,0;P
04/04/2018;9,0;P
05/04/2018;21,4;P
06/04/2018;0,0;P
07/04/2018;0,0;P
08/04/2018;0,0;P
09/04/2018;10,2;P
10/04/2018;3,6;P
11/04/2018;0,8;P
12/04/2018;2,4;P
13/04/2018;1,6;P
14/04/2018;0,0;P
15/04/2018;0,0;P
16/04/2018;0,0;P
17/04/2018;0,0;P
18/04/2018;0,0;P
19/04/2018;0,0;P
20/04/2018;0,0;P
21/04/2018;0,0;P
22/04/2018;0,0;P
23/04/2018;0,0;P
24/04/2018;0,0;P
25/04/2018;0,0;P
26/04/2018;0,0;P
27/04/2018;0,0;P
28/04/2018;0,0;P
29/04/2018;0,0;P
30/04/2018;1,2;P
01/05/2018;0,0;P
02/05/2018;22,6;P
03/05/2018;0,6;P
04/05/2018;0,8;P
05/05/2018;1,8;P
06/05/2018;1,8;P
07/05/2018;0,0;P
08/05/2018;0,0;P
09/05/2018;15,8;P
10/05/2018;8,0;P
11/05/2018;0,2;P
12/05/2018;0,0;P
13/05/2018;0,0;P
14/05/2018;13,4;P
15/05/2018;1,4;P
16/05/2018;2,6;P
17/05/2018;4,4;P
18/05/2018;1,2;P
19/05/2018;0,0;P
20/05/2018;0,0;P
21/05/2018;14,0;P
22/05/2018;15,4;P
23/05/2018;5,0;P
24/05/2018;16,0;P
25/05/2018;0,0;P
26/05/2018;0,0;P
27/05/2018;0,0;P
28/05/2018;0,0;P
29/05/2018;0,2;P
30/05/2018;5,0;P
31/05/2018;2,8;P
01/06/2018;0,0;P
02/06/2018;0,0;P
03/06/2018;0,0;P
04/06/2018;0,0;P
05/06/2018;0,0;P
06/06/2018;0,0;P
07/06/2018;0,0;P
08/06/2018;3,0;P
09/06/2018;3,8;P
10/06/2018;0,0;P
11/06/2018;0,0;P
12/06/2018;0,0;P
13/06/2018;0,0;P
14/06/2018;18,4;P
15/06/2018;0,0;P
16/06/2018;0,0;P
17/06/2018;0,0;P
18/06/2018;0,0;P
19/06/2018;0,0;P
20/06/2018;0,0;P
21/06/2018;0,0;P
22/06/2018;0,0;P
23/06/2018;0,0;P
24/06/2018;0,0;P
25/06/2018;0,0;P
26/06/2018;0,0;P
27/06/2018;0,0;P
28/06/2018;11,2;P
29/06/2018;0,0;P
30/06/2018;0,0;P
01/07/2018;0,0;P
02/07/2018;0,0;P
03/07/2018;0,0;P
04/07/2018;0,0;P
05/07/2018;0,0;P
06/07/2018;0,0;P
07/07/2018;0,0;P
08/07/2018;0,0;P
09/07/2018;0,0;P
10/07/2018;0,0;P
11/07/2018;0,0;P
12/07/2018;0,0;P
13/07/2018;0,0;P
14/07/2018;0,0;P
15/07/2018;0,0;P
16/07/2018;0,0;P
17/07/2018;1,0;P
18/07/2018;0,0;P
19/07/2018;0,0;P
20/07/2018;0,0;P
21/07/2018;0,0;P
22/07/2018;0,2;P
23/07/2018;3,6;P
24/07/2018;0,0;P
25/07/2018;0,0;P
26/07/2018;0,0;P
27/07/2018;0,0;P
28/07/2018;0,0;P
29/07/2018;0,0;P
30/07/2018;0,0;P
31/07/2018;0,0;P
01/08/2018;0,0;P
02/08/2018;0,0;P
03/08/2018;0,0;P
04/08/2018;0,0;P
05/08/2018;0,0;P
06/08/2018;0,0;P
07/08/2018;0,0;P
08/08/2018;0,2;P
09/08/2018;1,6;P
10/08/2018;0,2;P
11/08/2018;0,0;P
12/08/2018;0,0;P
13/08/2018;0,0;P
14/08/2018;3,0;P
15/08/2018;0,0;P
16/08/2018;0,0;P
17/08/2018;0,0;P
18/08/2018;0,0;P
19/08/2018;0,0;P
20/08/2018;0,0;P
21/08/2018;0,0;P
22/08/2018;3,0;P
23/08/2018;1,8;P
24/08/2018;0,8;P
25/08/2018;0,0;P
26/08/2018;0,6;P
27/08/2018;0,0;P
28/08/2018;0,0;P
29/08/2018;0,0;P
30/08/2018;0,0;P
31/08/2018;0,0;P
01/09/2018;0,0;P
02/09/2018;2,6;P
03/09/2018;0,0;P
04/09/2018;0,4;P
05/09/2018;5,6;P
06/09/2018;0,0;P
07/09/2018;0,0;P
08/09/2018;0,0;P
09/09/2018;0,0;P
10/09/2018;0,0;P
11/09/2018;0,0;P
12/09/2018;0,0;P
13/09/2018;0,0;P
14/09/2018;0,0;P
15/09/2018;0,0;P
16/09/2018;0,0;P
17/09/2018;0,0;P
18/09/2018;0,0;P
19/09/2018;0,0;P
20/09/2018;3,8;P
21/09/2018;4,0;P
22/09/2018;0,0;P
23/09/2018;0,0;P
24/09/2018;0,0;P
25/09/2018;0,0;P
26/09/2018;0,0;P
27/09/2018;0,0;P
28/09/2018;0,0;P
29/09/2018;0,0;P
30/09/2018;0,0;P
01/10/2018;7,0;P
02/10/2018;21,2;P
03/10/2018;0,0;P
04/10/2018;0,0;P
05/10/2018;0,0;P
06/10/2018;0,4;P
07/10/2018;10,0;P
08/10/2018;0,0;P
09/10/2018;0,0;P
10/10/2018;0,0;P
11/10/2018;1,2;P
12/10/2018;0,0;P
13/10/2018;0,0;P
14/10/2018;0,0;P
15/10/2018;0,0;P
16/10/2018;0,0;P
17/10/2018;0,0;P
18/10/2018;0,0;P
19/10/2018;0,0;P
20/10/2018;0,0;P
21/10/2018;0,0;P
22/10/2018;0,0;P
23/10/2018;0,0;P
24/10/2018;0,0;P
25/10/2018;0,0;P
26/10/2018;0,0;P
27/10/2018;0,0;P
28/10/2018;0,0;P
29/10/2018;58,8;P
30/10/2018;11,6;P
31/10/2018;7,8;P
01/11/2018;11,4;P
02/11/2018;3,8;P
03/11/2018;1,4;P
04/11/2018;0,2;P
05/11/2018;4,0;P
06/11/2018;2,0;P
07/11/2018;2,4;P
08/11/2018;0,2;P
09/11/2018;0,0;P
10/11/2018;0,2;P
11/11/2018;0,0;P
12/11/2018;0,0;P
13/11/2018;0,2;P
14/11/2018;0,0;P
15/11/2018;0,2;P
16/11/2018;0,0;P
17/11/2018;0,0;P
18/11/2018;0,0;P
19/11/2018;0,0;P
20/11/2018;3,0;P
21/11/2018;0,6;P
22/11/2018;0,8;P
23/11/2018;1,4;P
24/11/2018;2,0;P
25/11/2018;13,0;P
26/11/2018;15,0;P
27/11/2018;2,8;P
28/11/2018;0,0;P
29/11/2018;0,0;P
30/11/2018;0,0;P
01/12/2018;0,0;P
02/12/2018;0,2;P
03/12/2018;2,6;P
04/12/2018;2,0;P
05/12/2018;0,2;P
06/12/2018;0,0;P
07/12/2018;9,4;P
08/12/2018;3,0;P
09/12/2018;0,4;P
10/12/2018;0,8;P
11/12/2018;0,0;P
12/12/2018;0,0;P
13/12/2018;4,0;P
14/12/2018;0,0;P
15/12/2018;0,0;P
16/12/2018;0,0;P
17/12/2018;21,6;P
18/12/2018;0,0;P
19/12/2018;0,2;P
20/12/2018;3,4;P
21/12/2018;0,0;P
22/12/2018;0,8;P
23/12/2018;0,0;P
24/12/2018;0,0;P
25/12/2018;0,2;P
26/12/2018;0,2;P
27/12/2018;0,0;P
28/12/2018;0,0;P
29/12/2018;0,2;P
30/12/2018;0,0;P
31/12/2018;0,0;P
01/01/2019;0,2;P
02/01/2019;0,2;P
03/01/2019;0,0;P
04/01/2019;0,0;P
05/01/2019;0,0;P
06/01/2019;0,0;P
07/01/2019;0,0;P
08/01/2019;0,2;P
09/01/2019;2,4;P
10/01/2019;0,0;P
11/01/2019;0,2;P
12/01/2019;0,0;P
13/01/2019;0,0;P
14/01/2019;0,0;P
15/01/2019;0,0;P
16/01/2019;0,0;P
17/01/2019;7,4;P
18/01/2019;1,6;P
19/01/2019;0,6;P
20/01/2019;0,0;P
21/01/2019;0,0;P
22/01/2019;3,0;P
23/01/2019;3,0;P
24/01/2019;6,4;P
25/01/2019;0,0;P
26/01/2019;0,0;P
27/01/2019;0,0;P
28/01/2019;1,4;P
29/01/2019;0,2;P
30/01/2019;0,0;P
31/01/2019;15,6;P
01/02/2019;6,8;P
02/02/2019;23,4;P
03/02/2019;20,2;P
04/02/2019;1,0;P
05/02/2019;0,0;P
06/02/2019;0,0;P
07/02/2019;0,0;P
08/02/2019;0,2;P
09/02/2019;0,0;P
10/02/2019;0,2;P
11/02/2019;0,0;P
12/02/2019;0,0;P
13/02/2019;0,0;P
14/02/2019;0,0;P
15/02/2019;0,0;P
16/02/2019;0,0;P
17/02/2019;0,0;P
18/02/2019;0,0;P
19/02/2019;0,0;P
20/02/2019;0,0;P
21/02/2019;0,0;P
22/02/2019;0,0;P
23/02/2019;0,0;P
24/02/2019;0,0;P
25/02/2019;0,0;P
26/02/2019;0,0;P
27/02/2019;0,0;P
28/02/2019;0,0;P
01/03/2019;0,0;P
02/03/2019;0,0;P
03/03/2019;0,2;P
04/03/2019;0,0;P
05/03/2019;0,0;P
06/03/2019;0,0;P
07/03/2019;0,0;P
08/03/2019;0,0;P
09/03/2019;0,0;P
10/03/2019;0,0;P
11/03/2019;0,0;P
12/03/2019;3,2;P
13/03/2019;0,2;P
14/03/2019;0,2;P
15/03/2019;0,0;P
16/03/2019;0,0;P
17/03/2019;0,0;P
18/03/2019;2,0;P
19/03/2019;2,2;P
20/03/2019;0,0;P
21/03/2019;0,0;P
22/03/2019;0,0;P
23/03/2019;0,0;P
24/03/2019;0,0;P
25/03/2019;0,0;P
26/03/2019;0,0;P
27/03/2019;0,0;P
28/03/2019;0,0;P
29/03/2019;0,0;P
30/03/2019;0,0;P
31/03/2019;0,0;P
01/04/2019;0,0;P
02/04/2019;0,0;P
03/04/2019;0,2;P
04/04/2019;0,4;P
05/04/2019;21,4;P
06/04/2019;0,0;P
07/04/2019;0,2;P
08/04/2019;1,2;P
09/04/2019;0,0;P
10/04/2019;0,0;P
11/04/2019;2,2;P
12/04/2019;4,4;P
13/04/2019;5,0;P
14/04/2019;0,6;P
15/04/2019;9,8;P
16/04/2019;0,0;P
17/04/2019;0,0;P
18/04/2019;0,0;P
19/04/2019;0,0;P
20/04/2019;0,0;P
21/04/2019;0,0;P
22/04/2019;0,0;P
23/04/2019;20,6;P
24/04/2019;4,4;P
25/04/2019;0,0;P
26/04/2019;0,0;P
27/04/2019;5,0;P
28/04/2019;0,0;P
29/04/2019;14,2;P
30/04/2019;0,0;P
01/05/2019;0,0;P
02/05/2019;0,0;P
03/05/2019;0,0;P
04/05/2019;2,2;P
05/05/2019;7,2;P
06/05/2019;5,2;P
07/05/2019;0,0;P
08/05/2019;0,0;P
09/05/2019;6,2;P
10/05/2019;0,0;P
11/05/2019;0,0;P
12/05/2019;7,8;P
13/05/2019;0,2;P
14/05/2019;0,0;P
15/05/2019;0,0;P
16/05/2019;0,0;P
17/05/2019;0,0;P
18/05/2019;2,4;P
19/05/2019;19,8;P
20/05/2019;6,2;P
21/05/2019;18,2;P
22/05/2019;0,0;P
23/05/2019;0,0;P
24/05/2019;0,0;P
25/05/2019;0,0;P
26/05/2019;1,4;P
27/05/2019;5,6;P
28/05/2019;12,0;P
29/05/2019;0,8;P
30/05/2019;3,2;P
31/05/2019;0,0;P
01/06/2019;0,0;P
02/06/2019;0,0;P
03/06/2019;0,0;P
04/06/2019;0,0;P
05/06/2019;0,0;P
06/06/2019;0,0;P
07/06/2019;0,0;P
08/06/2019;0,0;P
09/06/2019;0,0;P
10/06/2019;0,0;P
11/06/2019;0,0;P
12/06/2019;0,0;P
13/06/2019;0,0;P
14/06/2019;0,0;P
15/06/2019;0,6;P
16/06/2019;0,0;P
17/06/2019;0,0;P
18/06/2019;0,0;P
19/06/2019;0,0;P
20/06/2019;0,0;P
21/06/2019;0,0;P
22/06/2019;1,0;P
23/06/2019;0,0;P
24/06/2019;0,0;P
25/06/2019;0,0;P
26/06/2019;0,0;P
27/06/2019;0,0;P
28/06/2019;0,0;P
29/06/2019;0,0;P
30/06/2019;0,0;P
01/07/2019;0,0;P
02/07/2019;0,0;P
03/07/2019;0,0;P
04/07/2019;0,0;P
05/07/2019;0,0;P
06/07/2019;0,0;P
07/07/2019;0,0;P
08/07/2019;6,2;P
09/07/2019;0,0;P
10/07/2019;0,0;P
11/07/2019;0,0;P
12/07/2019;0,0;P
13/07/2019;0,0;P
14/07/2019;1,2;P
15/07/2019;4,6;P
16/07/2019;5,8;P
17/07/2019;0,0;P
18/07/2019;0,0;P
19/07/2019;0,0;P
20/07/2019;0,0;P
21/07/2019;0,0;P
22/07/2019;0,0;P
23/07/2019;0,0;P
24/07/2019;0,0;P
25/07/2019;0,0;P
26/07/2019;0,0;P
27/07/2019;0,0;P
28/07/2019;137,8;P
29/07/2019;1,2;P
30/07/2019;0,0;P
31/07/2019;0,0;P
01/08/2019;0,0;P
02/08/2019;0,0;P
03/08/2019;0,0;P
04/08/2019;0,0;P
05/08/2019;0,0;P
06/08/2019;0,0;P
07/08/2019;0,0;P
08/08/2019;0,0;P
09/08/2019;0,0;P
10/08/2019;0,0;P
11/08/2019;0,0;P
12/08/2019;0,0;P
13/08/2019;0,0;P
14/08/2019;0,0;P
15/08/2019;0,0;P
16/08/2019;0,0;P
17/08/2019;0,0;P
18/08/2019;0,0;P
19/08/2019;0,0;P
20/08/2019;0,0;P
21/08/2019;0,0;P
22/08/2019;0,0;P
23/08/2019;12,2;P
24/08/2019;1,2;P
25/08/2019;0,0;P
26/08/2019;0,0;P
27/08/2019;0,0;P
28/08/2019;0,0;P
29/08/2019;0,0;P
30/08/2019;0,0;P
31/08/2019;0,0;P
01/09/2019;7,8;P
02/09/2019;0,0;P
03/09/2019;1,6;P
04/09/2019;0,0;P
05/09/2019;0,0;P
06/09/2019;0,0;P
07/09/2019;0,4;P
08/09/2019;0,0;P
09/09/2019;3,4;P
10/09/2019;0,0;P
11/09/2019;0,0;P
12/09/2019;0,0;P
13/09/2019;0,0;P
14/09/2019;0,0;P
15/09/2019;0,0;P
16/09/2019;0,0;P
17/09/2019;0,0;P
18/09/2019;0,0;P
19/09/2019;0,0;P
20/09/2019;0,0;P
21/09/2019;0,0;P
22/09/2019;9,0;P
23/09/2019;12,4;P
24/09/2019;5,0;P
25/09/2019;0,0;P
26/09/2019;0,0;P
27/09/2019;0,0;P
28/09/2019;0,0;P
29/09/2019;0,0;P
30/09/2019;0,0;P
01/10/2019;0,0;P
02/10/2019;0,0;P
03/10/2019;3,0;P
04/10/2019;0,0;P
05/10/2019;0,2;P
06/10/2019;0,2;P
07/10/2019;0,0;P
08/10/2019;0,0;P
09/10/2019;0,0;P
10/10/2019;0,0;P
11/10/2019;0,0;P
12/10/2019;0,0;P
13/10/2019;0,0;P
14/10/2019;0,0;P
15/10/2019;0,2;P
16/10/2019;24,8;P
17/10/2019;0,0;P
18/10/2019;0,2;P
19/10/2019;0,0;P
20/10/2019;0,0;P
21/10/2019;0,0;P
22/10/2019;0,0;P
23/10/2019;0,0;P
24/10/2019;0,0;P
25/10/2019;8,0;P
26/10/2019;0,0;P
27/10/2019;0,2;P
28/10/2019;0,0;P
29/10/2019;1,2;P
30/10/2019;17,2;P
31/10/2019;12,0;P
01/11/2019;6,8;P
02/11/2019;0,2;P
03/11/2019;7,6;P
04/11/2019;12,6;P
05/11/2019;0,0;P
06/11/2019;28,6;P
07/11/2019;16,0;P
08/11/2019;22,8;P
09/11/2019;18,6;P
10/11/2019;0,6;P
11/11/2019;4,2;P
12/11/2019;1,6;P
13/11/2019;19,6;P
14/11/2019;0,2;P
15/11/2019;9,0;P
16/11/2019;23,2;P
17/11/2019;56,6;P
18/11/2019;0,6;P
19/11/2019;19,4;P
20/11/2019;2,4;P
21/11/2019;0,2;P
22/11/2019;0,0;P
23/11/2019;0,0;P
24/11/2019;12,4;P
25/11/2019;1,4;P
26/11/2019;0,2;P
27/11/2019;0,0;P
28/11/2019;3,4;P
29/11/2019;2,8;P
30/11/2019;0,0;P
01/12/2019;0,2;P
02/12/2019;1,2;P
03/12/2019;20,8;P
04/12/2019;0,0;P
05/12/2019;0,0;P
06/12/2019;0,6;P
07/12/2019;1,0;P
08/12/2019;0,0;P
09/12/2019;4,8;P
10/12/2019;3,8;P
11/12/2019;0,0;P
12/12/2019;1,6;P
13/12/2019;3,0;P
14/12/2019;7,4;P
15/12/2019;0,2;P
16/12/2019;0,0;P
17/12/2019;0,0;P
18/12/2019;0,0;P
19/12/2019;0,0;P
20/12/2019;0,4;P
21/12/2019;17,6;P
22/12/2019;35,8;P
23/12/2019;0,2;P
24/12/2019;0,0;P
25/12/2019;0,0;P
26/12/2019;0,2;P
27/12/2019;0,2;P
28/12/2019;0,0;P
29/12/2019;0,2;P
30/12/2019;0,0;P
31/12/2019;0,0;P
01/01/2020;0,0;P
02/01/2020;0,4;P
03/01/2020;0,0;P
04/01/2020;0,2;P
05/01/2020;0,2;P
06/01/2020;0,0;P
07/01/2020;0,0;P
08/01/2020;0,2;P
09/01/2020;0,2;P
10/01/2020;0,0;P
11/01/2020;0,0;P
12/01/2020;0,0;P
13/01/2020;0,0;P
14/01/2020;0,0;P
15/01/2020;0,4;P
16/01/2020;0,0;P
17/01/2020;0,0;P
18/01/2020;12,0;P
19/01/2020;7,8;P
20/01/2020;0,0;P
21/01/2020;0,0;P
22/01/2020;0,0;P
23/01/2020;0,0;P
24/01/2020;0,2;P
25/01/2020;9,6;P
26/01/2020;1,2;P
27/01/2020;0,0;P
28/01/2020;4,4;P
29/01/2020;0,0;P
30/01/2020;0,0;P
31/01/2020;0,0;P
01/02/2020;0,0;P
02/02/2020;0,8;P
03/02/2020;0,0;P
04/02/2020;0,0;P
05/02/2020;0,0;P
06/02/2020;0,0;P
07/02/2020;0,0;P
08/02/2020;0,0;P
09/02/2020;0,0;P
10/02/2020;0,6;P
11/02/2020;0,0;P
12/02/2020;0,0;P
13/02/2020;0,0;P
14/02/2020;2,8;P
15/02/2020;0,2;P
16/02/2020;0,0;P
17/02/2020;0,0;P
18/02/2020;0,0;P
19/02/2020;0,0;P
20/02/2020;0,0;P
21/02/2020;0,0;P
22/02/2020;0,0;P
23/02/2020;0,0;P
24/02/2020;0,0;P
25/02/2020;0,0;P
26/02/2020;1,0;P
27/02/2020;0,6;P
28/02/2020;5,6;P
29/02/2020;0,0;P
01/03/2020;0,0;P
02/03/2020;10,4;P
03/03/2020;14,4;P
04/03/2020;0,6;P
05/03/2020;0,0;P
06/03/2020;8,8;P
07/03/2020;2,6;P
08/03/2020;0,0;P
09/03/2020;0,0;P
10/03/2020;0,4;P
11/03/2020;0,0;P
12/03/2020;0,0;P
13/03/2020;0,0;P
14/03/2020;0,0;P
15/03/2020;0,0;P
16/03/2020;0,0;P
17/03/2020;0,0;P
18/03/2020;0,0;P
19/03/2020;0,0;P
20/03/2020;0,0;P
21/03/2020;0,0;P
22/03/2020;0,0;P
23/03/2020;0,0;P
24/03/2020;0,0;P
25/03/2020;0,0;P
26/03/2020;0,0;P
27/03/2020;0,0;P
28/03/2020;1,0;P
29/03/2020;0,0;P
30/03/2020;0,0;P
31/03/2020;14,8;P
01/04/2020;0,0;P
02/04/2020;0,0;P
03/04/2020;0,0;P
04/04/2020;0,0;P
05/04/2020;0,0;P
06/04/2020;0,0;P
07/04/2020;0,0;P
08/04/2020;0,0;P
09/04/2020;0,0;P
10/04/2020;0,0;P
11/04/2020;0,0;P
12/04/2020;0,0;P
13/04/2020;0,0;P
14/04/2020;1,8;P
15/04/2020;0,0;P
16/04/2020;0,0;P
17/04/2020;0,0;P
18/04/2020;0,0;P
19/04/2020;0,0;P
20/04/2020;10,4;P
21/04/2020;11,0;P
22/04/2020;0,8;P
23/04/2020;0,0;P
24/04/2020;0,0;P
25/04/2020;0,0;P
26/04/2020;0,0;P
27/04/2020;0,0;P
28/04/2020;0,0;P
29/04/2020;24,4;P
30/04/2020;0,0;P
01/05/2020;0,0;P
02/05/2020;0,2;P
03/05/2020;0,0;P
04/05/2020;0,0;P
05/05/2020;0,0;P
06/05/2020;0,0;P
07/05/2020;0,0;P
08/05/2020;0,0;P
09/05/2020;0,0;P
10/05/2020;0,0;P
11/05/2020;4,2;P
12/05/2020;6,2;P
13/05/2020;0,0;P
14/05/2020;0,0;P
15/05/2020;1,0;P
16/05/2020;0,2;P
17/05/2020;0,0;P
18/05/2020;0,0;P
19/05/2020;1,0;P
20/05/2020;27,4;P
21/05/2020;0,0;P
22/05/2020;0,0;P
23/05/2020;0,0;P
24/05/2020;0,0;P
25/05/2020;0,0;P
26/05/2020;0,0;P
27/05/2020;0,0;P
28/05/2020;0,0;P
29/05/2020;4,6;P
30/05/2020;0,0;P
31/05/2020;0,0;P
01/06/2020;0,0;P
02/06/2020;0,0;P
03/06/2020;0,0;P
04/06/2020;0,0;P
05/06/2020;39,0;P
06/06/2020;0,0;P
07/06/2020;0,0;P
08/06/2020;0,0;P
09/06/2020;0,8;P
10/06/2020;2,6;P
11/06/2020;10,4;P
12/06/2020;0,0;P
13/06/2020;0,0;P
14/06/2020;28,0;P
15/06/2020;0,8;P
16/06/2020;0,0;P
17/06/2020;0,0;P
18/06/2020;0,8;P
19/06/2020;0,0;P
20/06/2020;0,0;P
21/06/2020;0,0;P
22/06/2020;0,0;P
23/06/2020;0,0;P
24/06/2020;0,0;P
25/06/2020;0,0;P
26/06/2020;0,0;P
27/06/2020;0,0;P
28/06/2020;0,0;P
29/06/2020;0,0;P
30/06/2020;0,0;P
01/07/2020;0,0;P
02/07/2020;0,0;P
03/07/2020;0,0;P
04/07/2020;0,6;P
05/07/2020;0,0;P
06/07/2020;0,0;P
07/07/2020;0,0;P
08/07/2020;0,0;P
09/07/2020;0,0;P
10/07/2020;0,0;P
11/07/2020;0,0;P
12/07/2020;0,0;P
13/07/2020;0,0;P
14/07/2020;0,0;P
15/07/2020;0,0;P
16/07/2020;11,2;P
17/07/2020;0,0;P
18/07/2020;0,0;P
19/07/2020;0,0;P
20/07/2020;0,0;P
21/07/2020;0,0;P
22/07/2020;0,0;P
23/07/2020;0,0;P
24/07/2020;0,0;P
25/07/2020;5,6;P
26/07/2020;0,0;P
27/07/2020;0,0;P
28/07/2020;0,0;P
29/07/2020;0,0;P
30/07/2020;0,0;P
31/07/2020;0,0;P
01/08/2020;0,0;P
02/08/2020;0,0;P
03/08/2020;0,0;P
04/08/2020;0,0;P
05/08/2020;4,2;P
06/08/2020;0,0;P
07/08/2020;0,0;P
08/08/2020;0,0;P
09/08/2020;0,0;P
10/08/2020;0,0;P
11/08/2020;0,0;P
12/08/2020;0,0;P
13/08/2020;0,0;P
14/08/2020;0,0;P
15/08/2020;0,0;P
16/08/2020;0,0;P
17/08/2020;0,0;P
18/08/2020;0,0;P
19/08/2020;3,2;P
20/08/2020;0,0;P
21/08/2020;0,0;P
22/08/2020;0,0;P
23/08/2020;0,0;P
24/08/2020;0,0;P
25/08/2020;0,0;P
26/08/2020;0,0;P
27/08/2020;0,0;P
28/08/2020;0,0;P
29/08/2020;0,0;P
30/08/2020;5,4;P
31/08/2020;3,6;P
01/09/2020;12,8;P
02/09/2020;0,0;P
03/09/2020;0,0;P
04/09/2020;0,0;P
05/09/2020;0,0;P
06/09/2020;0,0;P
07/09/2020;0,0;P
08/09/2020;0,0;P
09/09/2020;0,0;P
10/09/2020;0,0;P
11/09/2020;0,0;P
12/09/2020;0,0;P
13/09/2020;0,0;P
14/09/2020;0,0;P
15/09/2020;0,0;P
16/09/2020;0,0;P
17/09/2020;0,0;P
18/09/2020;0,0;P
19/09/2020;0,0;P
20/09/2020;2,6;P
21/09/2020;4,6;P
22/09/2020;0,0;P
23/09/2020;12,8;P
24/09/2020;12,0;P
25/09/2020;84,4;P
26/09/2020;4,6;P
27/09/2020;0,0;P
28/09/2020;0,4;P
29/09/2020;0,0;P
30/09/2020;0,0;P
01/10/2020;0,0;P
02/10/2020;0,2;P
03/10/2020;1,2;P
04/10/2020;2,6;P
05/10/2020;8,8;P
06/10/2020;0,0;P
07/10/2020;11,2;P
08/10/2020;0,0;P
09/10/2020;0,2;P
10/10/2020;0,0;P
11/10/2020;0,4;P
12/10/2020;43,4;P
13/10/2020;0,2;P
14/10/2020;0,8;P
15/10/2020;19,8;P
16/10/2020;6,8;P
17/10/2020;0,2;P
18/10/2020;0,2;P
19/10/2020;0,2;P
20/10/2020;0,0;P
21/10/2020;0,2;P
22/10/2020;0,0;P
23/10/2020;0,0;P
24/10/2020;1,0;P
25/10/2020;7,4;P
26/10/2020;0,2;P
27/10/2020;19,4;P
28/10/2020;0,2;P
29/10/2020;0,2;P
30/10/2020;0,2;P
31/10/2020;0,0;P
01/11/2020;0,0;P
02/11/2020;0,0;P
03/11/2020;0,2;P
04/11/2020;0,8;P
05/11/2020;0,0;P
06/11/2020;0,0;P
07/11/2020;0,0;P
08/11/2020;0,2;P
09/11/2020;0,0;P
10/11/2020;0,2;P
11/11/2020;0,2;P
12/11/2020;0,0;P
13/11/2020;1,0;P
14/11/2020;0,0;P
15/11/2020;0,0;P
16/11/2020;1,6;P
17/11/2020;10,4;P
18/11/2020;0,0;P
19/11/2020;0,2;P
20/11/2020;3,6;P
21/11/2020;0,0;P
22/11/2020;0,0;P
23/11/2020;0,0;P
24/11/2020;0,0;P
25/11/2020;0,2;P
26/11/2020;0,0;P
27/11/2020;0,0;P
28/11/2020;0,8;P
29/11/2020;0,0;P
30/11/2020;0,0;P
01/12/2020;0,4;P
02/12/2020;6,8;P
03/12/2020;1,4;P
04/12/2020;0,0;P
05/12/2020;26,6;P
06/12/2020;15,0;P
07/12/2020;10,4;P
08/12/2020;4,4;P
09/12/2020;13,0;P
10/12/2020;7,2;P
11/12/2020;8,2;P
12/12/2020;0,6;P
13/12/2020;4,4;P
14/12/2020;0,2;P
15/12/2020;0,2;P
16/12/2020;0,2;P
17/12/2020;0,0;P
18/12/2020;0,0;P
19/12/2020;0,2;P
20/12/2020;0,0;P
21/12/2020;0,0;P
22/12/2020;5,2;P
23/12/2020;0,6;P
24/12/2020;1,2;P
25/12/2020;0,0;P
26/12/2020;9,8;P
27/12/2020;0,2;P
28/12/2020;4,6;P
29/12/2020;14,8;P
30/12/2020;4,2;P
31/12/2020;11,0;P
01/01/2021;13,2;P
02/01/2021;15,4;P
03/01/2021;3,2;P
04/01/2021;0,4;P
05/01/2021;10,8;P
06/01/2021;14,4;P
07/01/2021;9,6;P
08/01/2021;0,0;P
09/01/2021;0,0;P
10/01/2021;2,4;P
11/01/2021;1,2;P
12/01/2021;0,0;P
13/01/2021;0,0;P
14/01/2021;0,0;P
15/01/2021;0,0;P
16/01/2021;0,0;P
17/01/2021;0,0;P
18/01/2021;0,0;P
19/01/2021;0,0;P
20/01/2021;0,4;P
21/01/2021;0,0;P
22/01/2021;2,6;P
23/01/2021;8,4;P
24/01/2021;19,0;P
25/01/2021;7,0;P
26/01/2021;4,0;P
27/01/2021;0,0;P
28/01/2021;0,2;P
29/01/2021;0,2;P
30/01/2021;0,0;P
31/01/2021;11,4;P
01/02/2021;2,0;P
02/02/2021;4,8;P
03/02/2021;0,0;P
04/02/2021;0,0;P
05/02/2021;0,0;P
06/02/2021;0,0;P
07/02/2021;0,2;P
08/02/2021;11,8;P
09/02/2021;18,6;P
10/02/2021;3,2;P
11/02/2021;0,0;P
12/02/2021;0,4;P
13/02/2021;11,0;P
14/02/2021;0,0;P
15/02/2021;0,0;P
16/02/2021;0,0;P
17/02/2021;0,0;P
18/02/2021;0,0;P
19/02/2021;0,0;P
20/02/2021;0,0;P
21/02/2021;0,2;P
22/02/2021;0,0;P
23/02/2021;0,0;P
24/02/2021;0,0;P
25/02/2021;0,0;P
26/02/2021;0,0;P
27/02/2021;0,2;P
28/02/2021;0,0;P
01/03/2021;0,0;P
02/03/2021;0,0;P
03/03/2021;0,0;P
04/03/2021;0,0;P
05/03/2021;0,0;P
06/03/2021;0,0;P
07/03/2021;0,0;P
08/03/2021;0,0;P
09/03/2021;0,0;P
10/03/2021;0,0;P
11/03/2021;0,0;P
12/03/2021;0,0;P
13/03/2021;0,0;P
14/03/2021;0,0;P
15/03/2021;0,0;P
16/03/2021;0,0;P
17/03/2021;0,0;P
18/03/2021;0,0;P
19/03/2021;0,0;P
20/03/2021;0,0;P
21/03/2021;0,0;P
22/03/2021;0,0;P
23/03/2021;0,0;P
24/03/2021;0,0;P
25/03/2021;0,0;P
26/03/2021;0,0;P
27/03/2021;0,0;P
28/03/2021;0,0;P
29/03/2021;0,0;P
30/03/2021;0,0;P
31/03/2021;0,0;P
01/04/2021;0,0;P
02/04/2021;0,0;P
03/04/2021;0,0;P
04/04/2021;0,0;P
05/04/2021;0,0;P
06/04/2021;0,0;P
07/04/2021;2,2;P
08/04/2021;0,0;P
09/04/2021;0,0;P
10/04/2021;0,0;P
11/04/2021;8,2;P
12/04/2021;11,2;P
13/04/2021;19,0;P
14/04/2021;0,0;P
15/04/2021;0,0;P
16/04/2021;0,0;P
17/04/2021;0,0;P
18/04/2021;0,0;P
19/04/2021;0,0;P
20/04/2021;0,0;P
21/04/2021;0,0;P
22/04/2021;0,6;P
23/04/2021;0,4;P
24/04/2021;0,0;P
25/04/2021;0,0;P
26/04/2021;0,4;P
27/04/2021;4,0;P
28/04/2021;9,4;P
29/04/2021;5,6;P
30/04/2021;1,6;P
01/05/2021;0,6;P
02/05/2021;11,2;P
03/05/2021;0,0;P
04/05/2021;0,0;P
05/05/2021;0,0;P
06/05/2021;0,0;P
07/05/2021;0,0;P
08/05/2021;0,0;P
09/05/2021;0,0;P
10/05/2021;0,0;P
11/05/2021;0,0;P
12/05/2021;19,4;P
13/05/2021;0,2;P
14/05/2021;0,2;P
15/05/2021;0,8;P
16/05/2021;0,0;P
17/05/2021;2,6;P
18/05/2021;0,0;P
19/05/2021;7,6;P
20/05/2021;2,2;P
21/05/2021;0,0;P
22/05/2021;0,6;P
23/05/2021;0,0;P
24/05/2021;3,8;P
25/05/2021;3,2;P
26/05/2021;0,0;P
27/05/2021;0,0;P
28/05/2021;0,0;P
29/05/2021;0,0;P
30/05/2021;0,0;P
31/05/2021;0,0;P
01/06/2021;0,0;P
02/06/2021;0,0;P
03/06/2021;0,0;P
04/06/2021;0,0;P
05/06/2021;0,0;P
06/06/2021;2,2;P
07/06/2021;0,2;P
08/06/2021;16,8;P
09/06/2021;0,4;P
10/06/2021;0,0;P
11/06/2021;0,0;P
12/06/2021;0,0;P
13/06/2021;0,0;P
14/06/2021;0,0;P
15/06/2021;0,0;P
16/06/2021;0,0;P
17/06/2021;0,0;P
18/06/2021;0,0;P
19/06/2021;0,0;P
20/06/2021;0,0;P
21/06/2021;0,0;P
22/06/2021;0,0;P
23/06/2021;0,0;P
24/06/2021;0,0;P
25/06/2021;0,0;P
26/06/2021;0,0;P
27/06/2021;0,0;P
28/06/2021;0,0;P
29/06/2021;0,0;P
30/06/2021;0,0;P
01/07/2021;0,0;P
02/07/2021;0,0;P
03/07/2021;0,0;P
04/07/2021;0,0;P
05/07/2021;0,0;P
06/07/2021;0,0;P
07/07/2021;0,0;P
08/07/2021;0,0;P
09/07/2021;0,0;P
10/07/2021;0,0;P
11/07/2021;0,0;P
12/07/2021;0,0;P
13/07/2021;0,0;P
14/07/2021;3,2;P
15/07/2021;0,0;P
16/07/2021;0,2;P
17/07/2021;0,2;P
18/07/2021;0,0;P
19/07/2021;0,0;P
20/07/2021;0,0;P
21/07/2021;0,0;P
22/07/2021;0,0;P
23/07/2021;0,0;P
24/07/2021;0,0;P
25/07/2021;0,0;P
26/07/2021;0,0;P
27/07/2021;0,4;P
28/07/2021;0,0;P
29/07/2021;0,0;P
30/07/2021;0,0;P
31/07/2021;0,0;P
01/08/2021;2,8;P
02/08/2021;0,0;P
03/08/2021;0,0;P
04/08/2021;0,0;P
05/08/2021;0,6;P
06/08/2021;0,0;P
07/08/2021;0,0;P
08/08/2021;0,0;P
09/08/2021;0,0;P
10/08/2021;0,0;P
11/08/2021;0,0;P
12/08/2021;0,0;P
13/08/2021;0,0;P
14/08/2021;0,0;P
15/08/2021;0,0;P
16/08/2021;0,0;P
17/08/2021;0,0;P
18/08/2021;0,0;P
19/08/2021;0,0;P
20/08/2021;0,0;P
21/08/2021;0,6;P
22/08/2021;0,0;P
23/08/2021;0,0;P
24/08/2021;0,0;P
25/08/2021;0,0;P
26/08/2021;0,0;P
27/08/2021;0,0;P
28/08/2021;7,8;P
29/08/2021;2,8;P
30/08/2021;0,0;P
31/08/2021;0,0;P
01/09/2021;32,6;P
02/09/2021;0,0;P
03/09/2021;0,0;P
04/09/2021;0,0;P
05/09/2021;0,0;P
06/09/2021;0,0;P
07/09/2021;0,0;P
08/09/2021;0,0;P
09/09/2021;0,0;P
10/09/2021;0,0;P
11/09/2021;0,0;P
12/09/2021;0,0;P
13/09/2021;0,0;P
14/09/2021;0,0;P
15/09/2021;0,0;P
16/09/2021;0,6;P
17/09/2021;0,4;P
18/09/2021;0,0;P
19/09/2021;0,0;P
20/09/2021;1,8;P
21/09/2021;3,4;P
22/09/2021;0,0;P
23/09/2021;0,0;P
24/09/2021;0,0;P
25/09/2021;0,0;P
26/09/2021;0,0;P
27/09/2021;18,6;P
28/09/2021;0,2;P
29/09/2021;0,0;P
30/09/2021;0,0;P
01/10/2021;0,0;P
02/10/2021;0,0;P
03/10/2021;11,2;P
04/10/2021;0,0;P
05/10/2021;10,6;P
06/10/2021;0,2;P
07/10/2021;1,0;P
08/10/2021;0,0;P
09/10/2021;0,0;P
10/10/2021;0,0;P
11/10/2021;0,0;P
12/10/2021;0,0;P
13/10/2021;0,0;P
14/10/2021;0,0;P
15/10/2021;0,0;P
16/10/2021;0,0;P
17/10/2021;0,0;P
18/10/2021;0,0;P
19/10/2021;0,0;P
20/10/2021;0,0;P
21/10/2021;0,0;P
22/10/2021;6,6;P
23/10/2021;0,2;P
24/10/2021;0,0;P
25/10/2021;0,0;P
26/10/2021;0,0;P
27/10/2021;0,0;P
28/10/2021;0,0;P
29/10/2021;0,0;P
30/10/2021;0,0;P
31/10/2021;0,0;P
01/11/2021;0,4;P
02/11/2021;9,8;P
03/11/2021;0,4;P
04/11/2021;5,0;P
05/11/2021;0,0;P
06/11/2021;0,0;P
07/11/2021;7,0;P
08/11/2021;0,2;P
09/11/2021;2,0;P
10/11/2021;0,2;P
11/11/2021;0,2;P
12/11/2021;0,2;P
13/11/2021;0,0;P
14/11/2021;31,4;P
15/11/2021;4,4;P
16/11/2021;0,6;P
17/11/2021;6,8;P
18/11/2021;0,2;P
19/11/2021;0,2;P
20/11/2021;0,0;P
21/11/2021;0,0;P
22/11/2021;8,0;P
23/11/2021;0,0;P
24/11/2021;0,0;P
25/11/2021;1,0;P
26/11/2021;1,6;P
27/11/2021;1,0;P
28/11/2021;8,8;P
29/11/2021;1,8;P
30/11/2021;0,0;P
01/12/2021;0,0;P
02/12/2021;5,8;P
03/12/2021;24,4;P
04/12/2021;0,0;P
05/12/2021;15,6;P
06/12/2021;0,0;P
07/12/2021;0,0;P
08/12/2021;0,0;P
09/12/2021;24,8;P
10/12/2021;0,6;P
11/12/2021;11,4;P
12/12/2021;0,0;P
13/12/2021;0,2;P
14/12/2021;0,2;P
15/12/2021;0,0;P
16/12/2021;0,2;P
17/12/2021;0,0;P
18/12/2021;0,2;P
19/12/2021;0,2;P
20/12/2021;0,0;P
21/12/2021;0,0;P
22/12/2021;0,2;P
23/12/2021;0,0;P
24/12/2021;4,4;P
25/12/2021;5,2;P
26/12/2021;19,6;P
27/12/2021;10,6;P
28/12/2021;4,8;P
29/12/2021;0,4;P
30/12/2021;0,0;P
31/12/2021;0,2;P
01/01/2022;0,4;P
02/01/2022;0,0;P
03/01/2022;1,0;P
04/01/2022;0,2;P
05/01/2022;0,0;P
06/01/2022;13,0;P
07/01/2022;0,0;P
08/01/2022;0,0;P
09/01/2022;15,6;P
10/01/2022;5,0;P
11/01/2022;0,0;P
12/01/2022;0,0;P
13/01/2022;0,0;P
14/01/2022;0,0;P
15/01/2022;0,0;P
16/01/2022;0,0;P
17/01/2022;0,0;P
18/01/2022;0,0;P
19/01/2022;0,0;P
20/01/2022;6,2;P
21/01/2022;0,2;P
22/01/2022;0,0;P
23/01/2022;0,2;P
24/01/2022;0,2;P
25/01/2022;0,0;P
26/01/2022;0,2;P
27/01/2022;0,0;P
28/01/2022;0,0;P
29/01/2022;0,0;P
30/01/2022;0,0;P
31/01/2022;0,0;P
01/02/2022;0,0;P
02/02/2022;0,2;P
03/02/2022;0,2;P
04/02/2022;0,0;P
05/02/2022;1,2;P
06/02/2022;0,2;P
07/02/2022;0,0;P
08/02/2022;0,0;P
09/02/2022;0,0;P
10/02/2022;0,0;P
11/02/2022;0,0;P
12/02/2022;0,0;P
13/02/2022;0,0;P
14/02/2022;0,4;P
15/02/2022;9,0;P
16/02/2022;3,2;P
17/02/2022;0,0;P
18/02/2022;0,0;P
19/02/2022;0,0;P
20/02/2022;0,0;P
21/02/2022;0,0;P
22/02/2022;5,2;P
23/02/2022;0,0;P
24/02/2022;0,0;P
25/02/2022;0,0;P
26/02/2022;13,0;P
27/02/2022;0,0;P
28/02/2022;0,0;P
01/03/2022;0,0;P
02/03/2022;0,0;P
03/03/2022;0,0;P
04/03/2022;0,0;P
05/03/2022;0,2;P
06/03/2022;0,0;P
07/03/2022;0,0;P
08/03/2022;0,0;P
09/03/2022;0,0;P
10/03/2022;0,0;P
11/03/2022;0,0;P
12/03/2022;0,0;P
13/03/2022;0,0;P
14/03/2022;0,0;P
15/03/2022;0,0;P
16/03/2022;0,0;P
17/03/2022;0,0;P
18/03/2022;0,0;P
19/03/2022;0,0;P
20/03/2022;0,0;P
21/03/2022;0,0;P
22/03/2022;0,0;P
23/03/2022;0,0;P
24/03/2022;0,0;P
25/03/2022;0,0;P
26/03/2022;0,0;P
27/03/2022;0,0;P
28/03/2022;0,0;P
29/03/2022;0,0;P
30/03/2022;1,4;P
31/03/2022;18,4;P
01/04/2022;3,4;P
02/04/2022;3,6;P
03/04/2022;1,0;P
04/04/2022;2,0;P
05/04/2022;0,0;P
06/04/2022;0,0;P
07/04/2022;3,8;P
08/04/2022;0,0;P
09/04/2022;0,0;P
10/04/2022;0,6;P
11/04/2022;0,0;P
12/04/2022;0,0;P
13/04/2022;0,0;P
14/04/2022;0,0;P
15/04/2022;0,0;P
16/04/2022;0,0;P
17/04/2022;0,0;P
18/04/2022;0,0;P
19/04/2022;0,0;P
20/04/2022;0,0;P
21/04/2022;5,8;P
22/04/2022;26,2;P
23/04/2022;3,8;P
24/04/2022;0,2;P
25/04/2022;16,2;P
26/04/2022;0,0;P
27/04/2022;0,0;P
28/04/2022;0,0;P
29/04/2022;0,0;P
30/04/2022;0,0;P
01/05/2022;0,0;P
02/05/2022;1,2;P
03/05/2022;0,0;P
04/05/2022;6,2;P
05/05/2022;0,0;P
06/05/2022;15,0;P
07/05/2022;1,0;P
08/05/2022;0,0;P
09/05/2022;0,6;P
10/05/2022;0,0;P
11/05/2022;0,0;P
12/05/2022;0,0;P
13/05/2022;0,0;P
14/05/2022;0,0;P
15/05/2022;0,0;P
16/05/2022;0,0;P
17/05/2022;0,0;P
18/05/2022;0,0;P
19/05/2022;0,0;P
20/05/2022;0,0;P
21/05/2022;0,0;P
22/05/2022;0,0;P
23/05/2022;0,0;P
24/05/2022;0,0;P
25/05/2022;0,0;P
26/05/2022;0,0;P
27/05/2022;0,0;P
28/05/2022;0,0;P
29/05/2022;4,4;P
30/05/2022;0,0;P
31/05/2022;0,0;P
01/06/2022;0,0;P
02/06/2022;0,0;P
03/06/2022;0,0;P
04/06/2022;0,0;P
05/06/2022;0,0;P
06/06/2022;0,0;P
07/06/2022;0,0;P
08/06/2022;0,0;P
09/06/2022;0,6;P
10/06/2022;0,0;P
11/06/2022;0,0;P
12/06/2022;0,0;P
13/06/2022;0,0;P
14/06/2022;0,0;P
15/06/2022;0,0;P
16/06/2022;0,0;P
17/06/2022;0,0;P
18/06/2022;8,4;P
19/06/2022;0,0;P
20/06/2022;0,0;P
21/06/2022;0,0;P
22/06/2022;0,0;P
23/06/2022;0,0;P
24/06/2022;0,0;P
25/06/2022;0,0;P
26/06/2022;0,0;P
27/06/2022;0,0;P
28/06/2022;0,0;P
29/06/2022;1,4;P
30/06/2022;0,0;P
01/07/2022;0,0;P
02/07/2022;0,0;P
03/07/2022;0,0;P
04/07/2022;0,0;P
05/07/2022;0,0;P
06/07/2022;0,0;P
07/07/2022;0,0;P
08/07/2022;0,8;P
09/07/2022;0,0;P
10/07/2022;0,0;P
11/07/2022;0,0;P
12/07/2022;0,2;P
13/07/2022;0,0;P
14/07/2022;0,0;P
15/07/2022;0,0;P
16/07/2022;0,0;P
17/07/2022;0,0;P
18/07/2022;0,0;P
19/07/2022;0,0;P
20/07/2022;0,0;P
21/07/2022;0,0;P
22/07/2022;0,0;P
23/07/2022;0,0;P
24/07/2022;0,0;P
25/07/2022;0,0;P
26/07/2022;0,0;P
27/07/2022;0,0;P
28/07/2022;0,0;P
29/07/2022;0,0;P
30/07/2022;0,2;P
31/07/2022;0,0;P
01/08/2022;0,0;P
02/08/2022;0,0;P
03/08/2022;0,0;P
04/08/2022;0,0;P
05/08/2022;0,0;P
06/08/2022;0,0;P
07/08/2022;0,0;P
08/08/2022;0,0;P
09/08/2022;0,0;P
10/08/2022;0,0;P
11/08/2022;0,0;P
12/08/2022;0,0;P
13/08/2022;7,0;P
14/08/2022;0,0;P
15/08/2022;0,0;P
16/08/2022;41,0;P
17/08/2022;0,2;P
18/08/2022;0,0;P
19/08/2022;44,6;P
20/08/2022;1,6;P
21/08/2022;0,0;P
22/08/2022;0,0;P
23/08/2022;0,0;P
24/08/2022;0,0;P
25/08/2022;0,0;P
26/08/2022;0,0;P
27/08/2022;9,6;P
28/08/2022;0,0;P
29/08/2022;0,0;P
30/08/2022;0,0;P
31/08/2022;0,0;P
01/09/2022;0,0;P
02/09/2022;0,0;P
03/09/2022;0,0;P
04/09/2022;5,6;P
05/09/2022;0,0;P
06/09/2022;0,0;P
07/09/2022;0,0;P
08/09/2022;5,2;P
09/09/2022;0,2;P
10/09/2022;1,2;P
11/09/2022;0,0;P
12/09/2022;0,0;P
13/09/2022;0,0;P
14/09/2022;0,0;P
15/09/2022;0,0;P
16/09/2022;0,6;P
17/09/2022;0,0;P
18/09/2022;3,2;P
19/09/2022;0,0;P
20/09/2022;0,0;P
21/09/2022;0,0;P
22/09/2022;0,0;P
23/09/2022;0,0;P
24/09/2022;0,0;P
25/09/2022;68,0;P
26/09/2022;5,6;P
27/09/2022;0,2;P
28/09/2022;3,8;P
29/09/2022;8,2;P
30/09/2022;27,0;P
01/10/2022;10,6;P
02/10/2022;0,2;P
03/10/2022;0,0;P
04/10/2022;0,2;P
05/10/2022;0,2;P
06/10/2022;0,0;P
07/10/2022;0,2;P
08/10/2022;0,0;P
09/10/2022;0,0;P
10/10/2022;0,2;P
11/10/2022;0,2;P
12/10/2022;0,0;P
13/10/2022;0,0;P
14/10/2022;0,2;P
15/10/2022;0,0;P
16/10/2022;0,0;P
17/10/2022;0,0;P
18/10/2022;0,0;P
19/10/2022;0,0;P
20/10/2022;0,2;P
21/10/2022;0,0;P
22/10/2022;0,0;P
23/10/2022;0,0;P
24/10/2022;0,0;P
25/10/2022;0,0;P
26/10/2022;0,0;P
27/10/2022;0,0;P
28/10/2022;0,0;P
29/10/2022;0,2;P
30/10/2022;0,0;P
31/10/2022;0,0;P
01/11/2022;0,2;P
02/11/2022;0,0;P
03/11/2022;0,0;P
04/11/2022;16,8;P
05/11/2022;0,2;P
06/11/2022;0,0;P
07/11/2022;0,0;P
08/11/2022;0,0;P
09/11/2022;0,2;P
10/11/2022;4,0;P
11/11/2022;0,6;P
12/11/2022;0,2;P
13/11/2022;0,0;P
14/11/2022;0,0;P
15/11/2022;0,0;P
16/11/2022;10,8;P
17/11/2022;2,2;P
18/11/2022;4,6;P
19/11/2022;0,2;P
20/11/2022;12,2;P
21/11/2022;0,0;P
22/11/2022;30,6;P
23/11/2022;21,0;P
24/11/2022;1,0;P
25/11/2022;0,2;P
26/11/2022;3,0;P
27/11/2022;0,0;P
28/11/2022;0,0;P
29/11/2022;0,4;P
30/11/2022;0,0;P
01/12/2022;0,0;P
02/12/2022;0,0;P
03/12/2022;2,6;P
04/12/2022;14,0;P
05/12/2022;14,4;P
06/12/2022;3,8;P
07/12/2022;0,2;P
08/12/2022;0,0;P
09/12/2022;5,2;P
10/12/2022;7,0;P
11/12/2022;4,6;P
12/12/2022;1,8;P
13/12/2022;1,4;P
14/12/2022;0,8;P
15/12/2022;1,0;P
16/12/2022;16,6;P
17/12/2022;23,2;P
18/12/2022;0,4;P
19/12/2022;0,2;P
20/12/2022;0,0;P
21/12/2022;0,0;P
22/12/2022;1,4;P
23/12/2022;1,0;P
24/12/2022;0,0;P
25/12/2022;0,0;P
26/12/2022;0,0;P
27/12/2022;0,0;P
28/12/2022;0,0;P
29/12/2022;2,0;P
30/12/2022;0,0;P
31/12/2022;0,2;P
01/01/2023;0,0;P
02/01/2023;0,0;P
03/01/2023;0,0;P
04/01/2023;0,4;P
05/01/2023;0,0;P
06/01/2023;0,0;P
07/01/2023;0,0;P
08/01/2023;0,2;P
09/01/2023;16,8;P
10/01/2023;0,2;P
11/01/2023;0,0;P
12/01/2023;6,2;P
13/01/2023;0,0;P
14/01/2023;0,0;P
15/01/2023;0,0;P
16/01/2023;0,0;P
17/01/2023;4,8;P
18/01/2023;19,0;P
19/01/2023;9,2;P
20/01/2023;0,4;P
21/01/2023;0,0;P
22/01/2023;0,0;P
23/01/2023;1,6;P
24/01/2023;6,6;P
25/01/2023;0,2;P
26/01/2023;0,0;P
27/01/2023;0,0;P
28/01/2023;0,0;P
29/01/2023;0,0;P
30/01/2023;0,0;P
31/01/2023;0,0;P
01/02/2023;0,0;P
02/02/2023;0,2;P
03/02/2023;0,0;P
04/02/2023;0,0;P
05/02/2023;0,0;P
06/02/2023;0,2;P
07/02/2023;0,0;P
08/02/2023;0,0;P
09/02/2023;0,0;P
10/02/2023;0,0;P
11/02/2023;0,0;P
12/02/2023;0,0;P
13/02/2023;0,0;P
14/02/2023;0,0;P
15/02/2023;0,2;P
16/02/2023;0,0;P
17/02/2023;0,0;P
18/02/2023;0,0;P
19/02/2023;0,2;P
20/02/2023;0,4;P
21/02/2023;0,0;P
22/02/2023;0,0;P
23/02/2023;0,0;P
24/02/2023;0,0;P
25/02/2023;2,4;P
26/02/2023;11,0;P
27/02/2023;9,0;P
28/02/2023;0,0;P
01/03/2023;4,8;P
02/03/2023;7,2;P
03/03/2023;0,0;P
04/03/2023;0,0;P
05/03/2023;0,0;P
06/03/2023;0,0;P
07/03/2023;0,2;P
08/03/2023;0,4;P
09/03/2023;0,0;P
10/03/2023;0,0;P
11/03/2023;4,4;P
12/03/2023;0,0;P
13/03/2023;0,0;P
14/03/2023;0,0;P
15/03/2023;1,8;P
16/03/2023;0,0;P
17/03/2023;0,0;P
18/03/2023;0,0;P
19/03/2023;0,0;P
20/03/2023;17,4;P
21/03/2023;0,6;P
22/03/2023;0,0;P
23/03/2023;0,0;P
24/03/2023;0,0;P
25/03/2023;0,0;P
26/03/2023;0,0;P
27/03/2023;0,2;P
28/03/2023;0,0;P
29/03/2023;0,0;P
30/03/2023;0,0;P
31/03/2023;0,0;P
01/04/2023;0,0;P
02/04/2023;0,0;P
03/04/2023;3,8;P
04/04/2023;0,0;P
05/04/2023;0,0;P
06/04/2023;0,0;P
07/04/2023;0,0;P
08/04/2023;8,0;P
09/04/2023;0,2;P
10/04/2023;0,0;P
11/04/2023;0,0;P
12/04/2023;0,0;P
13/04/2023;0,0;P
14/04/2023;0,8;P
15/04/2023;9,4;P
16/04/2023;5,0;P
17/04/2023;0,0;P
18/04/2023;0,0;P
19/04/2023;0,0;P
20/04/2023;0,0;P
21/04/2023;0,4;P
22/04/2023;0,0;P
23/04/2023;0,0;P
24/04/2023;0,0;P
25/04/2023;0,0;P
26/04/2023;0,8;P
27/04/2023;0,0;P
28/04/2023;0,0;P
29/04/2023;0,0;P
30/04/2023;0,0;P
01/05/2023;0,0;P
02/05/2023;4,6;P
03/05/2023;0,2;P
04/05/2023;0,0;P
05/05/2023;0,0;P
06/05/2023;0,0;P
07/05/2023;0,0;P
08/05/2023;0,0;P
09/05/2023;0,0;P
10/05/2023;9,4;P
11/05/2023;9,4;P
12/05/2023;7,2;P
13/05/2023;7,4;P
14/05/2023;1,0;P
15/05/2023;3,8;P
16/05/2023;4,8;P
17/05/2023;4,2;P
18/05/2023;0,0;P
19/05/2023;9,0;P
20/05/2023;2,8;P
21/05/2023;0,2;P
22/05/2023;11,0;P
23/05/2023;0,0;P
24/05/2023;0,0;P
25/05/2023;0,0;P
26/05/2023;0,4;P
27/05/2023;0,0;P
28/05/2023;0,0;P
29/05/2023;0,0;P
30/05/2023;0,0;P
31/05/2023;8,2;P
01/06/2023;0,8;P
02/06/2023;10,2;P
03/06/2023;0,0;P
04/06/2023;0,0;P
05/06/2023;1,2;P
06/06/2023;17,2;P
07/06/2023;5,6;P
08/06/2023;0,2;P
09/06/2023;0,0;P
10/06/2023;1,8;P
11/06/2023;4,6;P
12/06/2023;0,0;P
13/06/2023;0,0;P
14/06/2023;13,2;P
15/06/2023;15,6;P
16/06/2023;0,0;P
17/06/2023;0,0;P
18/06/2023;0,0;P
19/06/2023;0,0;P
20/06/2023;0,0;P
21/06/2023;0,0;P
22/06/2023;0,0;P
23/06/2023;0,0;P
24/06/2023;0,0;P
25/06/2023;0,0;P
26/06/2023;0,0;P
27/06/2023;0,0;P
28/06/2023;0,0;P
29/06/2023;0,0;P
30/06/2023;0,0;P
01/07/2023;8,6;P
02/07/2023;0,0;P
03/07/2023;0,0;P
04/07/2023;0,0;P
05/07/2023;0,0;P
06/07/2023;0,0;P
07/07/2023;0,0;P
08/07/2023;0,0;P
09/07/2023;0,0;P
10/07/2023;0,0;P
11/07/2023;0,0;P
12/07/2023;0,0;P
13/07/2023;0,0;P
14/07/2023;0,0;P
15/07/2023;0,0;P
16/07/2023;0,0;P
17/07/2023;0,0;P
18/07/2023;0,0;P
19/07/2023;0,0;P
20/07/2023;0,0;P
21/07/2023;0,0;P
22/07/2023;0,0;P
23/07/2023;0,0;P
24/07/2023;0,0;P
25/07/2023;3,0;P
26/07/2023;0,0;P
27/07/2023;0,0;P
28/07/2023;0,0;P
29/07/2023;0,0;P
30/07/2023;0,0;P
31/07/2023;0,0;P
01/08/2023;0,0;P
02/08/2023;0,0;P
03/08/2023;0,0;P
04/08/2023;1,2;P
05/08/2023;1,6;P
06/08/2023;0,0;P
07/08/2023;0,0;P
08/08/2023;0,0;P
09/08/2023;0,0;P
10/08/2023;0,0;P
11/08/2023;0,0;P
12/08/2023;0,0;P
13/08/2023;0,0;P
14/08/2023;0,0;P
15/08/2023;0,0;P
16/08/2023;0,0;P
17/08/2023;0,0;P
18/08/2023;0,0;P
19/08/2023;0,0;P
20/08/2023;0,0;P
21/08/2023;0,0;P
22/08/2023;0,0;P
23/08/2023;0,0;P
24/08/2023;0,0;P
25/08/2023;0,0;P
26/08/2023;0,0;P
27/08/2023;0,0;P
28/08/2023;0,6;P
29/08/2023;7,8;P
30/08/2023;10,0;P
31/08/2023;12,2;P
01/09/2023;0,0;P
02/09/2023;0,0;P
03/09/2023;0,0;P
04/09/2023;0,0;P
05/09/2023;0,0;P
06/09/2023;0,0;P
07/09/2023;0,0;P
08/09/2023;0,0;P
09/09/2023;0,0;P
10/09/2023;0,0;P
11/09/2023;0,0;P
12/09/2023;0,0;P
13/09/2023;0,0;P
14/09/2023;0,0;P
15/09/2023;0,4;P
16/09/2023;0,0;P
17/09/2023;0,0;P
18/09/2023;0,0;P
19/09/2023;0,0;P
20/09/2023;0,0;P
21/09/2023;0,2;P
22/09/2023;0,0;P
23/09/2023;0,4;P
24/09/2023;0,0;P
25/09/2023;0,0;P
26/09/2023;0,0;P
27/09/2023;0,0;P
28/09/2023;0,0;P
29/09/2023;0,0;P
30/09/2023;0,0;P
01/10/2023;0,0;P
02/10/2023;0,0;P
03/10/2023;0,0;P
04/10/2023;0,0;P
05/10/2023;0,0;P
06/10/2023;0,0;P
07/10/2023;0,0;P
08/10/2023;0,0;P
09/10/2023;0,0;P
10/10/2023;0,0;P
11/10/2023;0,0;P
12/10/2023;0,0;P
13/10/2023;0,0;P
14/10/2023;0,0;P
15/10/2023;0,0;P
16/10/2023;0,0;P
17/10/2023;0,0;P
18/10/2023;0,2;P
19/10/2023;19,8;P
20/10/2023;0,0;P
21/10/2023;12,4;P
22/10/2023;27,8;P
23/10/2023;0,0;P
24/10/2023;0,0;P
25/10/2023;17,0;P
26/10/2023;1,0;P
27/10/2023;1,6;P
28/10/2023;0,4;P
29/10/2023;0,0;P
30/10/2023;5,0;P
31/10/2023;22,2;P
01/11/2023;0,2;P
02/11/2023;0,0;P
03/11/2023;30,8;P
04/11/2023;9,6;P
05/11/2023;34,6;P
06/11/2023;0,6;P
07/11/2023;0,0;P
08/11/2023;0,0;P
09/11/2023;5,0;P
10/11/2023;12,8;P
11/11/2023;1,0;P
12/11/2023;0,0;P
13/11/2023;5,6;P
14/11/2023;0,4;P
15/11/2023;0,0;P
16/11/2023;;@
17/11/2023;;@
18/11/2023;;@
19/11/2023;;@
20/11/2023;0,0;P
21/11/2023;0,2;P
22/11/2023;6,0;P
23/11/2023;0,0;P
24/11/2023;0,0;P
25/11/2023;0,0;P
26/11/2023;0,0;P
27/11/2023;0,0;P
28/11/2023;6,2;P
29/11/2023;0,2;P
30/11/2023;0,8;P
01/12/2023;0,2;P
02/12/2023;36,0;P
03/12/2023;0,4;P
04/12/2023;0,0;P
05/12/2023;10,0;P
06/12/2023;0,4;P
07/12/2023;0,0;P
08/12/2023;0,0;P
09/12/2023;1,6;P
10/12/2023;1,8;P
11/12/2023;0,0;P
12/12/2023;0,8;P
13/12/2023;0,0;P
14/12/2023;1,6;P
15/12/2023;0,8;P
16/12/2023;0,0;P
17/12/2023;0,0;P
18/12/2023;0,0;P
19/12/2023;0,0;P
20/12/2023;0,2;P
21/12/2023;0,0;P
22/12/2023;0,0;P
23/12/2023;0,2;P
24/12/2023;0,0;P
25/12/2023;0,0;P
26/12/2023;0,4;P
27/12/2023;0,2;P
28/12/2023;0,0;P
29/12/2023;0,0;P
30/12/2023;0,2;P
31/12/2023;0,6;P
01/01/2024;0,0;P
02/01/2024;0,0;P
03/01/2024;0,0;P
04/01/2024;0,0;P
05/01/2024;0,0;P
06/01/2024;19,0;P
07/01/2024;5,8;P
08/01/2024;2,6;P
09/01/2024;0,0;P
10/01/2024;0,0;P
11/01/2024;0,0;P
12/01/2024;0,0;P
13/01/2024;0,2;P
14/01/2024;0,2;P
15/01/2024;1,0;P
16/01/2024;0,0;P
17/01/2024;1,8;P
18/01/2024;4,2;P
19/01/2024;0,0;P
20/01/2024;0,0;P
21/01/2024;0,0;P
22/01/2024;0,0;P
23/01/2024;0,0;P
24/01/2024;0,0;P
25/01/2024;0,0;P
26/01/2024;0,0;P
27/01/2024;0,0;P
28/01/2024;0,0;P
29/01/2024;0,2;P
30/01/2024;0,0;P
31/01/2024;0,0;P
01/02/2024;0,0;P
02/02/2024;0,0;P
03/02/2024;0,0;P
04/02/2024;0,0;P
05/02/2024;0,0;P
06/02/2024;0,0;P
07/02/2024;0,0;P
08/02/2024;0,0;P
09/02/2024;0,0;P
10/02/2024;7,0;P
11/02/2024;38,2;P
12/02/2024;1,4;P
13/02/2024;0,0;P
14/02/2024;0,2;P
15/02/2024;0,0;P
16/02/2024;0,0;P
17/02/2024;0,0;P
18/02/2024;0,0;P
19/02/2024;0,0;P
20/02/2024;0,2;P
21/02/2024;0,0;P
22/02/2024;0,0;P
23/02/2024;0,0;P
24/02/2024;11,0;P
25/02/2024;3,2;P
26/02/2024;0,4;P
27/02/2024;25,4;P
28/02/2024;10,6;P
29/02/2024;0,2;P
01/03/2024;1,0;P
02/03/2024;13,4;P
03/03/2024;0,2;P
04/03/2024;8,8;P
05/03/2024;0,0;P
06/03/2024;1,0;P
07/03/2024;0,6;P
08/03/2024;0,0;P
09/03/2024;6,8;P
10/03/2024;0,6;P
11/03/2024;14,6;P
12/03/2024;5,6;P
13/03/2024;0,0;P
14/03/2024;0,0;P
15/03/2024;0,0;P
16/03/2024;5,4;P
17/03/2024;0,0;P
18/03/2024;0,0;P
19/03/2024;1,0;P
20/03/2024;0,2;P
21/03/2024;0,0;P
22/03/2024;2,2;P
23/03/2024;0,0;P
24/03/2024;0,0;P
25/03/2024;0,0;P
26/03/2024;3,0;P
27/03/2024;12,6;P
28/03/2024;14,4;P
29/03/2024;0,0;P
30/03/2024;0,0;P
31/03/2024;0,0;P
01/04/2024;0,4;P
02/04/2024;11,6;P
03/04/2024;0,0;P
04/04/2024;0,0;P
05/04/2024;0,0;P
06/04/2024;0,0;P
07/04/2024;0,0;P
08/04/2024;0,0;P
09/04/2024;0,0;P
10/04/2024;7,8;P
11/04/2024;0,2;P
12/04/2024;0,0;P
13/04/2024;0,0;P
14/04/2024;0,0;P
15/04/2024;0,0;P
16/04/2024;0,0;P
17/04/2024;0,0;P
18/04/2024;0,6;P
19/04/2024;6,0;P
20/04/2024;3,2;P
21/04/2024;3,0;P
22/04/2024;2,4;P
23/04/2024;2,8;P
24/04/2024;3,4;P
25/04/2024;0,6;P
26/04/2024;0,0;P
27/04/2024;9,8;P
28/04/2024;5,8;P
29/04/2024;0,0;P
30/04/2024;0,0;P
01/05/2024;1,0;P
02/05/2024;16,8;P
03/05/2024;13,2;P
04/05/2024;0,0;P
05/05/2024;0,0;P
06/05/2024;0,0;P
07/05/2024;0,6;P
08/05/2024;13,0;P
09/05/2024;0,0;P
10/05/2024;0,0;P
11/05/2024;0,0;P
12/05/2024;0,0;P
13/05/2024;0,0;P
14/05/2024;0,0;P
15/05/2024;0,0;P
16/05/2024;0,0;P
17/05/2024;0,0;P
18/05/2024;0,2;P
19/05/2024;0,0;P
20/05/2024;1,2;P
21/05/2024;15,4;P
22/05/2024;0,0;P
23/05/2024;0,0;P
24/05/2024;0,0;P
25/05/2024;0,0;P
26/05/2024;0,0;P
27/05/2024;0,0;P
28/05/2024;0,0;P
29/05/2024;0,0;P
30/05/2024;0,0;P
31/05/2024;5,4;P
01/06/2024;0,0;P
02/06/2024;0,0;P
03/06/2024;13,2;P
04/06/2024;1,0;P
05/06/2024;0,0;P
06/06/2024;0,0;P
07/06/2024;0,0;P
08/06/2024;0,0;P
09/06/2024;0,0;P
10/06/2024;3,8;P
11/06/2024;4,6;P
12/06/2024;0,0;P
13/06/2024;0,0;P
14/06/2024;0,0;P
15/06/2024;0,0;P
16/06/2024;0,0;P
17/06/2024;0,0;P
18/06/2024;0,0;P
19/06/2024;0,0;P
20/06/2024;0,0;P
21/06/2024;0,0;P
22/06/2024;0,0;P
23/06/2024;0,4;P
24/06/2024;9,2;P
25/06/2024;6,4;P
26/06/2024;2,0;P
27/06/2024;0,2;P
28/06/2024;0,2;P
29/06/2024;0,2;P
30/06/2024;0,0;P
01/07/2024;0,0;P
02/07/2024;0,0;P
03/07/2024;0,0;P
04/07/2024;0,0;P
05/07/2024;0,0;P
06/07/2024;0,0;P
07/07/2024;0,0;P
08/07/2024;0,0;P
09/07/2024;0,0;P
10/07/2024;0,0;P
11/07/2024;0,0;P
12/07/2024;0,0;P
13/07/2024;0,0;P
14/07/2024;0,0;P
15/07/2024;0,0;P
16/07/2024;0,0;P
17/07/2024;0,0;P
18/07/2024;0,0;P
19/07/2024;0,0;P
20/07/2024;0,0;P
21/07/2024;0,0;P
22/07/2024;0,0;P
23/07/2024;10,6;P
24/07/2024;0,2;P
25/07/2024;0,0;P
26/07/2024;0,0;P
27/07/2024;0,0;P
28/07/2024;0,0;P
29/07/2024;0,0;P
30/07/2024;0,0;P
31/07/2024;0,0;P
01/08/2024;0,0;P
02/08/2024;0,0;P
03/08/2024;0,0;P
04/08/2024;0,0;P
05/08/2024;0,0;P
06/08/2024;0,0;P
07/08/2024;0,0;P
08/08/2024;0,0;P
09/08/2024;0,0;P
10/08/2024;0,0;P
11/08/2024;0,0;P
12/08/2024;0,0;P
13/08/2024;0,0;P
14/08/2024;0,0;P
15/08/2024;0,0;P
16/08/2024;0,0;P
17/08/2024;0,0;P
18/08/2024;0,2;P
19/08/2024;31,4;P
20/08/2024;0,2;P
21/08/2024;0,0;P
22/08/2024;0,0;P
23/08/2024;0,0;P
24/08/2024;0,0;P
25/08/2024;0,0;P
26/08/2024;0,0;P
27/08/2024;0,0;P
28/08/2024;15,6;P
29/08/2024;20,0;P
30/08/2024;0,0;P
31/08/2024;0,0;P
01/09/2024;0,0;P
02/09/2024;2,0;P
03/09/2024;0,0;P
04/09/2024;0,0;P
05/09/2024;1,0;P
06/09/2024;23,6;P
07/09/2024;0,0;P
08/09/2024;0,8;P
09/09/2024;35,2;P
10/09/2024;0,0;P
11/09/2024;0,0;P
12/09/2024;17,6;P
13/09/2024;9,4;P
14/09/2024;0,0;P
15/09/2024;0,0;P
16/09/2024;0,0;P
17/09/2024;0,0;P
18/09/2024;8,2;P
19/09/2024;5,4;P
20/09/2024;0,0;P
21/09/2024;0,0;P
22/09/2024;0,0;P
23/09/2024;0,0;P
24/09/2024;7,8;P
25/09/2024;1,4;P
26/09/2024;0,0;P
27/09/2024;0,0;P
28/09/2024;0,0;P
29/09/2024;0,0;P
30/09/2024;0,0;P
01/10/2024;2,2;P
02/10/2024;0,0;P
03/10/2024;20,6;P
04/10/2024;24,2;P
05/10/2024;0,0;P
06/10/2024;0,0;P
07/10/2024;0,0;P
08/10/2024;2,6;P
09/10/2024;21,4;P
10/10/2024;0,0;P
11/10/2024;4,2;P
12/10/2024;0,4;P
13/10/2024;0,2;P
14/10/2024;0,0;P
15/10/2024;0,2;P
16/10/2024;0,0;P
17/10/2024;5,8;P
18/10/2024;65,6;P
19/10/2024;1,8;P
20/10/2024;2,8;P
21/10/2024;0,0;P
22/10/2024;0,0;P
23/10/2024;0,6;P
24/10/2024;1,0;P
25/10/2024;27,0;P
26/10/2024;9,6;P
27/10/2024;0,2;P
28/10/2024;0,0;P
29/10/2024;0,0;P
30/10/2024;0,0;P
31/10/2024;0,2;P
01/11/2024;0,0;P
02/11/2024;0,0;P
03/11/2024;0,2;P
04/11/2024;0,0;P
05/11/2024;0,0;P
06/11/2024;0,2;P
07/11/2024;0,0;P
08/11/2024;0,0;P
09/11/2024;0,2;P
10/11/2024;0,0;P
11/11/2024;0,0;P
12/11/2024;0,0;P
13/11/2024;0,0;P
14/11/2024;0,0;P
15/11/2024;0,0;P
16/11/2024;0,0;P
17/11/2024;0,2;P
18/11/2024;0,0;P
19/11/2024;2,4;P
20/11/2024;2,8;P
21/11/2024;3,2;P
22/11/2024;11,2;P
23/11/2024;0,0;P
24/11/2024;0,0;P
25/11/2024;0,0;P
26/11/2024;0,0;P
27/11/2024;0,0;P
28/11/2024;0,4;P
29/11/2024;0,8;P
30/11/2024;0,0;P
01/12/2024;0,0;P
02/12/2024;0,0;P
03/12/2024;0,0;P
04/12/2024;0,4;P
05/12/2024;0,0;P
06/12/2024;0,0;P
07/12/2024;0,6;P
08/12/2024;25,6;P
09/12/2024;9,0;P
10/12/2024;3,4;P
11/12/2024;0,2;P
12/12/2024;0,0;P
13/12/2024;0,0;P
14/12/2024;6,2;P
15/12/2024;2,2;P
16/12/2024;0,0;P
17/12/2024;0,2;P
18/12/2024;0,0;P
19/12/2024;0,4;P
20/12/2024;0,4;P
21/12/2024;0,8;P
22/12/2024;0,0;P
23/12/2024;45,6;P
24/12/2024;0,0;P
25/12/2024;0,2;P
26/12/2024;0,0;P
27/12/2024;0,0;P
28/12/2024;0,0;P
29/12/2024;0,0;P
30/12/2024;0,0;P
31/12/2024;0,2;P
01/01/2025;0,2;P
02/01/2025;0,0;P
03/01/2025;2,2;P
04/01/2025;0,8;P
05/01/2025;0,4;P
06/01/2025;0,0;P
07/01/2025;0,0;P
08/01/2025;6,2;P
09/01/2025;0,2;P
10/01/2025;0,0;P
11/01/2025;3,4;P
12/01/2025;0,0;P
13/01/2025;0,0;P
14/01/2025;0,0;P
15/01/2025;0,0;P
16/01/2025;0,0;P
17/01/2025;0,0;P
18/01/2025;0,0;P
19/01/2025;0,0;P
20/01/2025;1,6;P
21/01/2025;1,4;P
22/01/2025;0,4;P
23/01/2025;4,0;P
24/01/2025;0,0;P
25/01/2025;0,0;P
26/01/2025;1,8;P
27/01/2025;6,8;P
28/01/2025;2,4;P
29/01/2025;3,4;P
30/01/2025;0,2;P
31/01/2025;0,0;P
01/02/2025;38,0;P
02/02/2025;0,2;P
03/02/2025;0,0;P
04/02/2025;0,2;P
05/02/2025;0,0;P
06/02/2025;0,0;P
07/02/2025;0,0;P
08/02/2025;0,0;P
09/02/2025;12,6;P
10/02/2025;1,0;P
11/02/2025;0,0;P
12/02/2025;6,2;P
13/02/2025;2,4;P
14/02/2025;8,0;P
15/02/2025;9,2;P
16/02/2025;0,2;P
17/02/2025;0,0;P
18/02/2025;0,0;P
19/02/2025;0,0;P
20/02/2025;2,8;P
21/02/2025;0,0;P
22/02/2025;0,6;P
23/02/2025;0,0;P
24/02/2025;3,4;P
25/02/2025;20,2;P
26/02/2025;8,0;P
27/02/2025;0,2;P
28/02/2025;0,0;P
01/03/2025;2,4;P
02/03/2025;0,0;P
03/03/2025;0,0;P
04/03/2025;0,0;P
05/03/2025;0,2;P
06/03/2025;0,0;P
07/03/2025;0,0;P
08/03/2025;0,0;P
09/03/2025;0,0;P
10/03/2025;8,0;P
11/03/2025;1,0;P
12/03/2025;15,6;P
13/03/2025;19,6;P
14/03/2025;25,6;P
15/03/2025;16,0;P
16/03/2025;4,6;P
17/03/2025;0,4;P
18/03/2025;0,0;P
19/03/2025;0,0;P
20/03/2025;0,0;P
21/03/2025;0,0;P
22/03/2025;3,6;P
23/03/2025;1,6;P
24/03/2025;0,0;P
25/03/2025;0,0;P
26/03/2025;0,2;P
27/03/2025;0,0;P
28/03/2025;0,0;P
29/03/2025;2,0;P
30/03/2025;0,2;P
31/03/2025;0,0;P
01/04/2025;0,0;P
02/04/2025;0,0;P
03/04/2025;0,0;P
04/04/2025;0,0;P
05/04/2025;0,0;P
06/04/2025;0,0;P
07/04/2025;0,0;P
08/04/2025;0,0;P
09/04/2025;0,0;P
10/04/2025;0,0;P
11/04/2025;0,0;P
12/04/2025;0,0;P
13/04/2025;0,6;P
14/04/2025;16,8;P
15/04/2025;32,0;P
16/04/2025;0,0;P
17/04/2025;2,8;P
18/04/2025;6,2;P
19/04/2025;0,0;P
20/04/2025;0,2;P
21/04/2025;0,6;P
22/04/2025;0,0;P
23/04/2025;0,0;P
24/04/2025;1,2;P
25/04/2025;0,0;P
26/04/2025;0,2;P
27/04/2025;0,0;P
28/04/2025;3,8;P
29/04/2025;2,6;P
30/04/2025;0,0;P
01/05/2025;0,0;P
02/05/2025;0,0;P
03/05/2025;0,0;P
04/05/2025;0,0;P
05/05/2025;12,2;P
06/05/2025;22,4;P
07/05/2025;0,6;P
08/05/2025;9,0;P
09/05/2025;0,0;P
10/05/2025;0,0;P
11/05/2025;0,0;P
12/05/2025;0,0;P
13/05/2025;0,6;P
14/05/2025;0,0;P
15/05/2025;0,0;P
16/05/2025;4,4;P
17/05/2025;0,0;P
18/05/2025;0,0;P
19/05/2025;1,0;P
20/05/2025;0,0;P
21/05/2025;2,0;P
22/05/2025;0,0;P
23/05/2025;3,2;P
24/05/2025;0,0;P
25/05/2025;0,0;P
26/05/2025;0,0;P
27/05/2025;0,0;P
28/05/2025;0,0;P
29/05/2025;0,0;P
30/05/2025;0,0;P
31/05/2025;0,0;P
01/06/2025;0,0;P
02/06/2025;0,0;P
03/06/2025;0,0;P
04/06/2025;0,0;P
05/06/2025;0,0;P
06/06/2025;0,0;P
07/06/2025;0,0;P
08/06/2025;0,0;P
09/06/2025;0,0;P
10/06/2025;0,0;P
11/06/2025;0,0;P
12/06/2025;0,0;P
13/06/2025;0,0;P
14/06/2025;0,0;P
15/06/2025;0,0;P
16/06/2025;0,0;P
17/06/2025;0,0;P
18/06/2025;0,0;P
19/06/2025;0,0;P
20/06/2025;0,0;P
21/06/2025;0,0;P
22/06/2025;25,4;P
23/06/2025;0,0;P
24/06/2025;0,0;P
25/06/2025;0,0;P
26/06/2025;0,0;P
27/06/2025;0,0;P
28/06/2025;0,0;P
29/06/2025;0,0;P
30/06/2025;0,0;P
01/07/2025;0,0;P
02/07/2025;0,0;P
03/07/2025;0,0;P
04/07/2025;0,0;P
05/07/2025;0,0;P
06/07/2025;0,0;P
07/07/2025;69,4;P
08/07/2025;0,0;P
09/07/2025;0,0;P
10/07/2025;0,0;P
11/07/2025;0,0;P
12/07/2025;0,0;P
13/07/2025;0,6;P
14/07/2025;4,2;P
15/07/2025;0,0;P
16/07/2025;0,0;P
17/07/2025;0,0;P
18/07/2025;0,0;P
19/07/2025;0,0;P
20/07/2025;0,0;P
21/07/2025;0,8;P
22/07/2025;0,0;P
23/07/2025;0,0;P
24/07/2025;0,0;P
25/07/2025;0,2;P
26/07/2025;0,8;P
27/07/2025;0,0;P
28/07/2025;2,4;P
29/07/2025;2,4;P
30/07/2025;0,0;P
31/07/2025;0,0;P
01/08/2025;0,0;P
02/08/2025;0,0;P
03/08/2025;0,0;P
04/08/2025;0,8;P
05/08/2025;0,0;P
06/08/2025;0,0;P
07/08/2025;0,0;P
08/08/2025;0,0;P
09/08/2025;0,0;P
10/08/2025;0,0;P
11/08/2025;0,0;P
12/08/2025;0,0;P
13/08/2025;0,0;P
14/08/2025;0,0;P
15/08/2025;0,0;P
16/08/2025;0,0;P
17/08/2025;0,0;P
18/08/2025;0,0;P
19/08/2025;0,0;P
20/08/2025;0,0;P
21/08/2025;5,6;P
22/08/2025;3,0;P
23/08/2025;0,0;P
24/08/2025;0,6;P
25/08/2025;0,0;P
26/08/2025;0,0;P
27/08/2025;0,0;P
28/08/2025;0,2;P
29/08/2025;2,0;P
30/08/2025;2,4;P
31/08/2025;16,0;P
01/09/2025;0,0;P
02/09/2025;5,0;P
03/09/2025;0,0;P
04/09/2025;0,0;P
05/09/2025;0,0;P
06/09/2025;0,0;P
07/09/2025;0,0;P
08/09/2025;0,0;P
09/09/2025;0,0;P
10/09/2025;18,4;P
11/09/2025;4,2;P
12/09/2025;0,2;P
13/09/2025;0,0;P
14/09/2025;5,0;P
15/09/2025;0,0;P
16/09/2025;0,4;P
17/09/2025;0,0;P
18/09/2025;0,0;P
19/09/2025;0,0;P
20/09/2025;0,0;P
21/09/2025;0,0;P
22/09/2025;0,0;P
23/09/2025;13,0;P
24/09/2025;7,6;P
25/09/2025;0,8;P
26/09/2025;10,8;P
27/09/2025;0,2;P
28/09/2025;2,0;P
29/09/2025;0,0;P
30/09/2025;0,0;P
01/10/2025;0,0;P
02/10/2025;0,0;P
03/10/2025;0,0;P
04/10/2025;0,0;P
05/10/2025;0,4;P
06/10/2025;0,0;P
07/10/2025;0,0;P
08/10/2025;0,0;P
09/10/2025;0,0;P
10/10/2025;0,0;P
11/10/2025;0,0;P
12/10/2025;0,0;P
13/10/2025;0,0;P
14/10/2025;0,0;P
15/10/2025;0,0;P
16/10/2025;0,0;P
17/10/2025;0,0;P
18/10/2025;0,0;P
19/10/2025;0,0;P
20/10/2025;0,0;P
21/10/2025;9,4;P
22/10/2025;2,6;P
23/10/2025;9,6;P
24/10/2025;3,6;P
25/10/2025;0,6;P
26/10/2025;0,0;P
27/10/2025;1,4;P
28/10/2025;0,0;P
29/10/2025;0,0;P
30/10/2025;0,2;P
31/10/2025;9,4;P
01/11/2025;0,2;P
02/11/2025;0,0;P
03/11/2025;1,0;P
04/11/2025;0,2;P
05/11/2025;0,0;P
06/11/2025;0,2;P
07/11/2025;0,0;P
08/11/2025;0,0;P
09/11/2025;0,0;P
10/11/2025;0,2;P
11/11/2025;0,0;P
12/11/2025;0,0;P
13/11/2025;0,0;P
14/11/2025;0,0;P
15/11/2025;0,0;P
16/11/2025;0,0;P
17/11/2025;14,8;P
18/11/2025;7,8;P
19/11/2025;0,2;P
20/11/2025;4,0;P
21/11/2025;2,6;P
22/11/2025;4,6;P
23/11/2025;0,2;P
24/11/2025;0,6;P
25/11/2025;8,8;P
26/11/2025;0,2;P
27/11/2025;0,0;P
28/11/2025;0,0;P
29/11/2025;0,0;P
30/11/2025;0,0;P
01/12/2025;0,2;P
02/12/2025;24,2;P
03/12/2025;0,2;P
04/12/2025;0,0;P
05/12/2025;0,2;P
06/12/2025;0,0;P
07/12/2025;0,0;P
08/12/2025;0,0;P
09/12/2025;0,2;P
10/12/2025;0,0;P
11/12/2025;0,0;P
12/12/2025;0,0;P
13/12/2025;0,2;P
14/12/2025;0,0;P
15/12/2025;0,2;P
16/12/2025;0,0;P
17/12/2025;21,0;P
18/12/2025;4,6;P
19/12/2025;3,6;P
20/12/2025;4,0;P
21/12/2025;0,0;P
22/12/2025;0,2;P
23/12/2025;3,6;P
24/12/2025;9,4;P
25/12/2025;0,6;P
26/12/2025;2,4;P
27/12/2025;0,0;P
28/12/2025;0,2;P
29/12/2025;0,0;P
30/12/2025;0,2;P
31/12/2025;0,0;P
01/01/2026;0,2;P
02/01/2026;1,4;P
03/01/2026;0,2;P
04/01/2026;0,0;P
05/01/2026;4,6;P
06/01/2026;3,0;P
07/01/2026;7,8;P
08/01/2026;0,0;P
09/01/2026;8,8;P
10/01/2026;4,2;P
11/01/2026;0,0;P
12/01/2026;0,2;P
13/01/2026;0,0;P
14/01/2026;0,0;P
15/01/2026;0,0;P
16/01/2026;0,0;P
17/01/2026;0,2;P
18/01/2026;0,0;P
19/01/2026;0,0;P
20/01/2026;0,0;P
21/01/2026;0,0;P
22/01/2026;0,4;P
23/01/2026;0,0;P
24/01/2026;5,4;P
25/01/2026;19,8;P
26/01/2026;5,8;P
27/01/2026;0,2;P
28/01/2026;6,6;P
29/01/2026;9,8;P
30/01/2026;2,8;P
31/01/2026;7,8;P
01/02/2026;0,0;P
02/02/2026;0,2;P
03/02/2026;3,0;P
04/02/2026;24,2;P
05/02/2026;7,8;P
06/02/2026;11,2;P
07/02/2026;1,6;P
08/02/2026;1,2;P
09/02/2026;0,8;P
10/02/2026;0,2;P
11/02/2026;3,6;P
12/02/2026;1,4;P
13/02/2026;1,2;P
14/02/2026;3,0;P
15/02/2026;9,6;P
16/02/2026;0,0;P
17/02/2026;2,4;P
18/02/2026;0,0;P
19/02/2026;0,2;P
20/02/2026;6,2;P
21/02/2026;0,0;P
22/02/2026;0,0;P
23/02/2026;0,0;P
24/02/2026;0,0;P
25/02/2026;0,0;P
26/02/2026;0,2;P
27/02/2026;0,0;P
28/02/2026;0,0;P
01/03/2026;0,0;P
02/03/2026;0,0;P
03/03/2026;9,2;P
04/03/2026;0,0;P
05/03/2026;0,0;P
06/03/2026;0,0;P
07/03/2026;0,0;P
08/03/2026;0,2;P
09/03/2026;5,6;P
10/03/2026;0,0;P
11/03/2026;8,0;P
12/03/2026;11,0;P
13/03/2026;3,4;P
14/03/2026;0,2;P
15/03/2026;0,0;P
16/03/2026;0,0;P
17/03/2026;0,0;P
18/03/2026;0,0;P
19/03/2026;0,0;P
20/03/2026;0,0;P
21/03/2026;0,0;P
22/03/2026;0,0;P
23/03/2026;0,0;P
24/03/2026;0,0;P
25/03/2026;0,0;P
26/03/2026;4,2;P
27/03/2026;0,0;P
28/03/2026;0,0;P
29/03/2026;0,0;P
30/03/2026;0,0;P
31/03/2026;2,6;P
01/04/2026;0,0;P
02/04/2026;0,0;P
03/04/2026;0,0;P
04/04/2026;0,0;P
05/04/2026;0,0;P
06/04/2026;0,0;P
07/04/2026;0,0;P
08/04/2026;0,0;P
09/04/2026;0,0;P
10/04/2026;0,0;P
11/04/2026;0,0;P
12/04/2026;0,0;P
13/04/2026;0,0;P
14/04/2026;6,4;P
15/04/2026;1,0;P
16/04/2026;0,0;P
17/04/2026;1,0;P
18/04/2026;0,0;P
19/04/2026;0,0;P
20/04/2026;0,2;P
21/04/2026;0,0;P
22/04/2026;2,6;P
23/04/2026;0,0;P
24/04/2026;0,0;P
25/04/2026;0,0;P
26/04/2026;0,0;P
27/04/2026;0,0;P
28/04/2026;0,0;P
29/04/2026;0,0;P
30/04/2026;0,0;P
01/05/2026;0,0;P
02/05/2026;0,0;P
03/05/2026;0,0;P
04/05/2026;0,0;P
05/05/2026;6,0;P
06/05/2026;13,2;P
07/05/2026;14,0;P
08/05/2026;0,0;P
09/05/2026;0,0;P
10/05/2026;12,2;P
11/05/2026;9,2;P
12/05/2026;0,0;P
13/05/2026;0,0;P
14/05/2026;11,8;P
15/05/2026;0,0;P
16/05/2026;4,0;P
17/05/2026;7,0;P
18/05/2026;0,0;P
19/05/2026;11,4;P
20/05/2026;0,6;P
