"Stazione";"S. Agata di Mugello"
"Codice";"TOS01000961"
"Comune";"Scarperia e San Piero"
"Provincia";"FI"
"GB [m]";"E";1687350;"N";4876843
"WGS84 [°]";"Lat";44.021;"Lon";11.337
"Quota [m]";357,00

;;;ATTENZIONE i dati sono nel fomato csv ed utilizzano
;;;come separatore di colonna il "punto e virgola" e
;;;come separatore decimale la "virgola"
;;;verificare le proprie impostazioni internazionali per una corretta visulizzazione.
;;;Il valore contrassegnato con N corrisponde al dato non validato
;;;Il valore contrassegnato con R corrisponde al dato ricostruito
;;;Il valore contrassegnato con I corrisponde al dato incerto
;;;Il valore contrassegnato con @ corrisponde al dato mancante
;;;Il valore contrassegnato con V corrisponde al dato validato
;;;Il valore contrassegnato con P corrisponde al dato prevalidato soggetto ad eventuali modifiche
;;;(consultare la sezione Criteri di validazione)

"gg/mm/aaaa";"Precipitazione [mm]";"Tipo Dato"
02/01/1991;;@
03/01/1991;;@
04/01/1991;;@
05/01/1991;;@
06/01/1991;;@
07/01/1991;;@
08/01/1991;;@
09/01/1991;;@
10/01/1991;;@
11/01/1991;;@
12/01/1991;;@
13/01/1991;;@
14/01/1991;;@
15/01/1991;;@
16/01/1991;;@
17/01/1991;;@
18/01/1991;;@
19/01/1991;;@
20/01/1991;;@
21/01/1991;;@
22/01/1991;;@
23/01/1991;;@
24/01/1991;;@
25/01/1991;;@
26/01/1991;;@
27/01/1991;;@
28/01/1991;;@
29/01/1991;;@
30/01/1991;;@
31/01/1991;;@
01/02/1991;;@
02/02/1991;;@
03/02/1991;;@
04/02/1991;;@
05/02/1991;;@
06/02/1991;;@
07/02/1991;;@
08/02/1991;;@
09/02/1991;;@
10/02/1991;;@
11/02/1991;;@
12/02/1991;;@
13/02/1991;;@
14/02/1991;;@
15/02/1991;;@
16/02/1991;;@
17/02/1991;;@
18/02/1991;;@
19/02/1991;;@
20/02/1991;;@
21/02/1991;;@
22/02/1991;;@
23/02/1991;;@
24/02/1991;;@
25/02/1991;;@
26/02/1991;;@
27/02/1991;;@
28/02/1991;;@
01/03/1991;;@
02/03/1991;;@
03/03/1991;;@
04/03/1991;;@
05/03/1991;;@
06/03/1991;;@
07/03/1991;;@
08/03/1991;;@
09/03/1991;;@
10/03/1991;;@
11/03/1991;;@
12/03/1991;;@
13/03/1991;;@
14/03/1991;;@
15/03/1991;;@
16/03/1991;;@
17/03/1991;;@
18/03/1991;;@
19/03/1991;;@
20/03/1991;;@
21/03/1991;;@
22/03/1991;;@
23/03/1991;;@
24/03/1991;;@
25/03/1991;;@
26/03/1991;;@
27/03/1991;;@
28/03/1991;;@
29/03/1991;;@
30/03/1991;;@
31/03/1991;;@
01/04/1991;;@
02/04/1991;;@
03/04/1991;;@
04/04/1991;;@
05/04/1991;;@
06/04/1991;;@
07/04/1991;;@
08/04/1991;;@
09/04/1991;;@
10/04/1991;;@
11/04/1991;;@
12/04/1991;;@
13/04/1991;;@
14/04/1991;;@
15/04/1991;;@
16/04/1991;;@
17/04/1991;;@
18/04/1991;;@
19/04/1991;;@
20/04/1991;;@
21/04/1991;;@
22/04/1991;;@
23/04/1991;;@
24/04/1991;;@
25/04/1991;;@
26/04/1991;;@
27/04/1991;;@
28/04/1991;;@
29/04/1991;;@
30/04/1991;;@
01/05/1991;;@
02/05/1991;;@
03/05/1991;;@
04/05/1991;;@
05/05/1991;;@
06/05/1991;;@
07/05/1991;;@
08/05/1991;;@
09/05/1991;;@
10/05/1991;;@
11/05/1991;;@
12/05/1991;;@
13/05/1991;;@
14/05/1991;;@
15/05/1991;;@
16/05/1991;;@
17/05/1991;;@
18/05/1991;;@
19/05/1991;;@
20/05/1991;;@
21/05/1991;;@
22/05/1991;;@
23/05/1991;;@
24/05/1991;;@
25/05/1991;;@
26/05/1991;;@
27/05/1991;;@
28/05/1991;;@
29/05/1991;;@
30/05/1991;;@
31/05/1991;;@
01/06/1991;;@
02/06/1991;;@
03/06/1991;;@
04/06/1991;;@
05/06/1991;;@
06/06/1991;;@
07/06/1991;;@
08/06/1991;;@
09/06/1991;;@
10/06/1991;;@
11/06/1991;;@
12/06/1991;;@
13/06/1991;;@
14/06/1991;;@
15/06/1991;;@
16/06/1991;;@
17/06/1991;;@
18/06/1991;;@
19/06/1991;;@
20/06/1991;;@
21/06/1991;;@
22/06/1991;;@
23/06/1991;;@
24/06/1991;;@
25/06/1991;;@
26/06/1991;;@
27/06/1991;;@
28/06/1991;;@
29/06/1991;;@
30/06/1991;;@
01/07/1991;;@
02/07/1991;;@
03/07/1991;;@
04/07/1991;;@
05/07/1991;;@
06/07/1991;;@
07/07/1991;;@
08/07/1991;;@
09/07/1991;;@
10/07/1991;;@
11/07/1991;;@
12/07/1991;;@
13/07/1991;;@
14/07/1991;;@
15/07/1991;;@
16/07/1991;;@
17/07/1991;;@
18/07/1991;;@
19/07/1991;;@
20/07/1991;;@
21/07/1991;;@
22/07/1991;;@
23/07/1991;;@
24/07/1991;;@
25/07/1991;;@
26/07/1991;;@
27/07/1991;;@
28/07/1991;;@
29/07/1991;;@
30/07/1991;;@
31/07/1991;;@
01/08/1991;;@
02/08/1991;;@
03/08/1991;;@
04/08/1991;;@
05/08/1991;;@
06/08/1991;;@
07/08/1991;;@
08/08/1991;;@
09/08/1991;;@
10/08/1991;;@
11/08/1991;;@
12/08/1991;;@
13/08/1991;;@
14/08/1991;;@
15/08/1991;;@
16/08/1991;;@
17/08/1991;;@
18/08/1991;;@
19/08/1991;;@
20/08/1991;;@
21/08/1991;;@
22/08/1991;;@
23/08/1991;;@
24/08/1991;;@
25/08/1991;;@
26/08/1991;;@
27/08/1991;;@
28/08/1991;;@
29/08/1991;;@
30/08/1991;;@
31/08/1991;;@
01/09/1991;;@
02/09/1991;;@
03/09/1991;;@
04/09/1991;;@
05/09/1991;;@
06/09/1991;;@
07/09/1991;;@
08/09/1991;;@
09/09/1991;;@
10/09/1991;;@
11/09/1991;;@
12/09/1991;;@
13/09/1991;;@
14/09/1991;;@
15/09/1991;;@
16/09/1991;;@
17/09/1991;;@
18/09/1991;;@
19/09/1991;;@
20/09/1991;;@
21/09/1991;;@
22/09/1991;;@
23/09/1991;;@
24/09/1991;;@
25/09/1991;;@
26/09/1991;;@
27/09/1991;;@
28/09/1991;;@
29/09/1991;;@
30/09/1991;;@
01/10/1991;;@
02/10/1991;;@
03/10/1991;;@
04/10/1991;;@
05/10/1991;;@
06/10/1991;;@
07/10/1991;;@
08/10/1991;;@
09/10/1991;;@
10/10/1991;;@
11/10/1991;;@
12/10/1991;;@
13/10/1991;;@
14/10/1991;;@
15/10/1991;;@
16/10/1991;;@
17/10/1991;;@
18/10/1991;;@
19/10/1991;;@
20/10/1991;;@
21/10/1991;;@
22/10/1991;;@
23/10/1991;;@
24/10/1991;;@
25/10/1991;;@
26/10/1991;;@
27/10/1991;;@
28/10/1991;;@
29/10/1991;;@
30/10/1991;;@
31/10/1991;;@
01/11/1991;0,0;V
02/11/1991;0,0;V
03/11/1991;4,1;V
04/11/1991;5,3;V
05/11/1991;19,5;V
06/11/1991;10,4;V
07/11/1991;4,3;V
08/11/1991;0,0;V
09/11/1991;0,0;V
10/11/1991;3,8;V
11/11/1991;0,0;V
12/11/1991;0,0;V
13/11/1991;4,5;V
14/11/1991;14,2;V
15/11/1991;0,4;V
16/11/1991;54,9;V
17/11/1991;4,5;V
18/11/1991;0,0;V
19/11/1991;10,4;V
20/11/1991;11,5;V
21/11/1991;12,0;V
22/11/1991;4,0;V
23/11/1991;0,0;V
24/11/1991;7,8;V
25/11/1991;20,4;V
26/11/1991;0,1;V
27/11/1991;0,3;V
28/11/1991;0,3;V
29/11/1991;0,1;V
30/11/1991;0,1;V
01/12/1991;0,0;V
02/12/1991;0,0;V
03/12/1991;0,0;V
04/12/1991;0,0;V
05/12/1991;0,0;V
06/12/1991;0,1;V
07/12/1991;0,0;V
08/12/1991;0,0;V
09/12/1991;0,0;V
10/12/1991;0,0;V
11/12/1991;0,0;V
12/12/1991;0,0;V
13/12/1991;0,0;V
14/12/1991;0,0;V
15/12/1991;0,0;V
16/12/1991;0,0;V
17/12/1991;0,0;V
18/12/1991;0,4;V
19/12/1991;3,3;V
20/12/1991;0,1;V
21/12/1991;9,9;V
22/12/1991;0,0;V
23/12/1991;0,0;V
24/12/1991;0,1;V
25/12/1991;2,7;V
26/12/1991;0,0;V
27/12/1991;0,0;V
28/12/1991;0,0;V
29/12/1991;0,0;V
30/12/1991;0,0;V
31/12/1991;0,0;V
01/01/1992;0,0;V
02/01/1992;0,2;V
03/01/1992;0,0;V
04/01/1992;0,6;V
05/01/1992;8,6;V
06/01/1992;0,0;V
07/01/1992;0,2;V
08/01/1992;0,0;V
09/01/1992;2,4;V
10/01/1992;0,4;V
11/01/1992;15,6;V
12/01/1992;0,2;V
13/01/1992;0,0;V
14/01/1992;0,0;V
15/01/1992;0,0;V
16/01/1992;0,0;V
17/01/1992;0,0;V
18/01/1992;0,0;V
19/01/1992;0,0;V
20/01/1992;0,0;V
21/01/1992;2,0;V
22/01/1992;0,0;V
23/01/1992;2,0;V
24/01/1992;0,2;V
25/01/1992;1,4;V
26/01/1992;0,0;V
27/01/1992;0,0;V
28/01/1992;0,0;V
29/01/1992;0,0;V
30/01/1992;0,0;V
31/01/1992;0,0;V
01/02/1992;0,0;V
02/02/1992;0,0;V
03/02/1992;0,0;V
04/02/1992;0,0;V
05/02/1992;0,0;V
06/02/1992;0,0;V
07/02/1992;0,0;V
08/02/1992;0,0;V
09/02/1992;0,2;V
10/02/1992;0,0;V
11/02/1992;16,6;V
12/02/1992;3,4;V
13/02/1992;4,6;V
14/02/1992;7,6;V
15/02/1992;1,8;V
16/02/1992;0,0;V
17/02/1992;0,4;V
18/02/1992;0,2;V
19/02/1992;0,0;V
20/02/1992;0,0;V
21/02/1992;0,0;V
22/02/1992;0,0;V
23/02/1992;0,0;V
24/02/1992;0,0;V
25/02/1992;0,0;V
26/02/1992;0,0;V
27/02/1992;0,0;V
28/02/1992;0,0;V
29/02/1992;0,0;V
01/03/1992;0,0;V
02/03/1992;0,0;V
03/03/1992;0,0;V
04/03/1992;0,0;V
05/03/1992;0,0;V
06/03/1992;0,0;V
07/03/1992;0,0;V
08/03/1992;0,0;V
09/03/1992;0,0;V
10/03/1992;0,0;V
11/03/1992;0,0;V
12/03/1992;0,0;V
13/03/1992;0,4;V
14/03/1992;0,0;V
15/03/1992;0,0;V
16/03/1992;0,2;V
17/03/1992;0,0;V
18/03/1992;0,0;V
19/03/1992;0,0;V
20/03/1992;0,0;V
21/03/1992;0,0;V
22/03/1992;0,0;V
23/03/1992;0,2;V
24/03/1992;33,4;V
25/03/1992;3,0;V
26/03/1992;0,0;V
27/03/1992;11,6;V
28/03/1992;3,2;V
29/03/1992;8,4;V
30/03/1992;2,8;V
31/03/1992;2,4;V
01/04/1992;13,6;V
02/04/1992;19,8;V
03/04/1992;6,0;V
04/04/1992;1,0;V
05/04/1992;4,0;V
06/04/1992;29,8;V
07/04/1992;5,8;V
08/04/1992;4,2;V
09/04/1992;6,0;V
10/04/1992;0,0;V
11/04/1992;0,0;V
12/04/1992;0,0;V
13/04/1992;0,0;V
14/04/1992;0,0;V
15/04/1992;0,0;V
16/04/1992;19,8;V
17/04/1992;0,2;V
18/04/1992;0,0;V
19/04/1992;0,0;V
20/04/1992;0,0;V
21/04/1992;0,0;V
22/04/1992;0,0;V
23/04/1992;0,0;V
24/04/1992;0,0;V
25/04/1992;0,0;V
26/04/1992;0,0;V
27/04/1992;0,0;V
28/04/1992;0,0;V
29/04/1992;0,0;V
30/04/1992;12,8;V
01/05/1992;5,6;V
02/05/1992;0,0;V
03/05/1992;0,0;V
04/05/1992;0,0;V
05/05/1992;0,0;V
06/05/1992;0,0;V
07/05/1992;0,0;V
08/05/1992;0,0;V
09/05/1992;0,0;V
10/05/1992;0,0;V
11/05/1992;0,0;V
12/05/1992;0,0;V
13/05/1992;0,0;V
14/05/1992;0,0;V
15/05/1992;0,0;V
16/05/1992;0,0;V
17/05/1992;0,0;V
18/05/1992;0,0;V
19/05/1992;0,8;V
20/05/1992;0,6;V
21/05/1992;1,6;V
22/05/1992;5,4;V
23/05/1992;11,0;V
24/05/1992;0,0;V
25/05/1992;0,0;V
26/05/1992;0,0;V
27/05/1992;0,0;V
28/05/1992;0,0;V
29/05/1992;0,2;V
30/05/1992;45,2;V
31/05/1992;0,6;V
01/06/1992;3,6;V
02/06/1992;0,0;V
03/06/1992;0,2;V
04/06/1992;0,0;V
05/06/1992;2,2;V
06/06/1992;7,6;V
07/06/1992;2,2;V
08/06/1992;14,8;V
09/06/1992;1,4;V
10/06/1992;0,0;V
11/06/1992;12,2;V
12/06/1992;8,8;V
13/06/1992;7,6;V
14/06/1992;3,2;V
15/06/1992;0,0;V
16/06/1992;0,0;V
17/06/1992;1,0;V
18/06/1992;0,0;V
19/06/1992;0,0;V
20/06/1992;0,2;V
21/06/1992;0,0;V
22/06/1992;0,6;V
23/06/1992;5,0;V
24/06/1992;0,0;V
25/06/1992;18,8;V
26/06/1992;0,0;V
27/06/1992;0,0;V
28/06/1992;0,0;V
29/06/1992;0,0;V
30/06/1992;0,0;V
01/07/1992;0,0;V
02/07/1992;2,2;V
03/07/1992;0,0;V
04/07/1992;0,0;V
05/07/1992;9,2;V
06/07/1992;1,2;V
07/07/1992;0,4;V
08/07/1992;0,0;V
09/07/1992;0,8;V
10/07/1992;0,0;V
11/07/1992;0,8;V
12/07/1992;6,8;V
13/07/1992;1,0;V
14/07/1992;0,0;V
15/07/1992;0,0;V
16/07/1992;0,0;V
17/07/1992;0,0;V
18/07/1992;0,0;V
19/07/1992;0,0;V
20/07/1992;0,0;V
21/07/1992;0,0;V
22/07/1992;0,0;V
23/07/1992;0,2;V
24/07/1992;0,0;V
25/07/1992;0,0;V
26/07/1992;0,0;V
27/07/1992;0,0;V
28/07/1992;0,0;V
29/07/1992;0,0;V
30/07/1992;0,0;V
31/07/1992;0,0;V
01/08/1992;0,0;V
02/08/1992;0,0;V
03/08/1992;0,0;V
04/08/1992;0,0;V
05/08/1992;0,4;V
06/08/1992;0,0;V
07/08/1992;0,0;V
08/08/1992;0,0;V
09/08/1992;0,0;V
10/08/1992;16,4;V
11/08/1992;18,0;V
12/08/1992;0,0;V
13/08/1992;0,0;V
14/08/1992;0,0;V
15/08/1992;0,0;V
16/08/1992;0,0;V
17/08/1992;0,0;V
18/08/1992;0,0;V
19/08/1992;0,0;V
20/08/1992;0,0;V
21/08/1992;0,0;V
22/08/1992;0,0;V
23/08/1992;0,0;V
24/08/1992;0,0;V
25/08/1992;0,0;V
26/08/1992;0,0;V
27/08/1992;0,0;V
28/08/1992;0,0;V
29/08/1992;0,0;V
30/08/1992;26,4;V
31/08/1992;0,2;V
01/09/1992;6,4;V
02/09/1992;0,0;V
03/09/1992;0,0;V
04/09/1992;0,0;V
05/09/1992;0,0;V
06/09/1992;0,0;V
07/09/1992;0,0;V
08/09/1992;0,0;V
09/09/1992;0,0;V
10/09/1992;1,6;V
11/09/1992;0,2;V
12/09/1992;0,0;V
13/09/1992;0,0;V
14/09/1992;0,0;V
15/09/1992;0,0;V
16/09/1992;0,0;V
17/09/1992;0,0;V
18/09/1992;0,0;V
19/09/1992;0,0;V
20/09/1992;2,2;V
21/09/1992;0,0;V
22/09/1992;0,0;V
23/09/1992;0,0;V
24/09/1992;5,6;V
25/09/1992;2,4;V
26/09/1992;0,0;V
27/09/1992;0,0;V
28/09/1992;20,8;V
29/09/1992;0,0;V
30/09/1992;0,0;V
01/10/1992;0,0;V
02/10/1992;2,0;V
03/10/1992;17,0;V
04/10/1992;39,0;V
05/10/1992;9,0;V
06/10/1992;8,4;V
07/10/1992;13,2;V
08/10/1992;0,2;V
09/10/1992;0,2;V
10/10/1992;40,0;V
11/10/1992;20,2;V
12/10/1992;0,2;V
13/10/1992;0,4;V
14/10/1992;0,0;V
15/10/1992;0,0;V
16/10/1992;34,8;V
17/10/1992;54,2;V
18/10/1992;53,6;V
19/10/1992;0,2;V
20/10/1992;58,2;V
21/10/1992;24,4;V
22/10/1992;4,0;V
23/10/1992;2,2;V
24/10/1992;6,4;V
25/10/1992;0,8;V
26/10/1992;5,4;V
27/10/1992;0,0;V
28/10/1992;10,0;V
29/10/1992;18,0;V
30/10/1992;28,2;V
31/10/1992;47,6;V
01/11/1992;5,8;V
02/11/1992;14,4;V
03/11/1992;1,0;V
04/11/1992;0,0;V
05/11/1992;0,2;V
06/11/1992;0,0;V
07/11/1992;0,2;V
08/11/1992;0,0;V
09/11/1992;0,0;V
10/11/1992;0,0;V
11/11/1992;4,8;V
12/11/1992;3,8;V
13/11/1992;0,0;V
14/11/1992;7,6;V
15/11/1992;2,4;V
16/11/1992;2,0;V
17/11/1992;25,2;V
18/11/1992;4,0;V
19/11/1992;1,2;V
20/11/1992;0,2;V
21/11/1992;0,0;V
22/11/1992;0,6;V
23/11/1992;0,0;V
24/11/1992;0,0;V
25/11/1992;0,0;V
26/11/1992;2,2;V
27/11/1992;1,2;V
28/11/1992;0,0;V
29/11/1992;0,2;V
30/11/1992;1,4;V
01/12/1992;0,0;V
02/12/1992;4,0;V
03/12/1992;0,2;V
04/12/1992;22,8;V
05/12/1992;11,2;V
06/12/1992;34,8;V
07/12/1992;0,6;V
08/12/1992;44,2;V
09/12/1992;13,8;V
10/12/1992;1,0;V
11/12/1992;0,0;V
12/12/1992;0,0;V
13/12/1992;0,0;V
14/12/1992;0,0;V
15/12/1992;0,0;V
16/12/1992;0,2;V
17/12/1992;0,2;V
18/12/1992;0,0;V
19/12/1992;0,0;V
20/12/1992;0,2;V
21/12/1992;2,8;V
22/12/1992;0,0;V
23/12/1992;0,0;V
24/12/1992;0,0;V
25/12/1992;0,0;V
26/12/1992;0,0;V
27/12/1992;0,0;V
28/12/1992;0,0;V
29/12/1992;0,0;V
30/12/1992;0,0;V
31/12/1992;0,0;V
01/01/1993;0,0;V
02/01/1993;0,0;V
03/01/1993;0,0;V
04/01/1993;0,0;V
05/01/1993;0,0;V
06/01/1993;0,0;V
07/01/1993;0,0;V
08/01/1993;0,0;V
09/01/1993;0,2;V
10/01/1993;0,0;V
11/01/1993;3,4;V
12/01/1993;0,0;V
13/01/1993;0,0;V
14/01/1993;0,0;V
15/01/1993;0,4;V
16/01/1993;0,2;V
17/01/1993;0,0;V
18/01/1993;0,0;V
19/01/1993;0,0;V
20/01/1993;0,0;V
21/01/1993;0,2;V
22/01/1993;0,2;V
23/01/1993;0,0;V
24/01/1993;0,0;V
25/01/1993;0,4;V
26/01/1993;0,0;V
27/01/1993;0,0;V
28/01/1993;0,0;V
29/01/1993;0,4;V
30/01/1993;1,2;V
31/01/1993;0,0;V
01/02/1993;0,0;V
02/02/1993;0,0;V
03/02/1993;0,0;V
04/02/1993;0,0;V
05/02/1993;0,0;V
06/02/1993;0,0;V
07/02/1993;0,0;V
08/02/1993;0,0;V
09/02/1993;0,0;V
10/02/1993;0,0;V
11/02/1993;0,0;V
12/02/1993;0,0;V
13/02/1993;0,0;V
14/02/1993;0,0;V
15/02/1993;0,0;V
16/02/1993;0,0;V
17/02/1993;0,0;V
18/02/1993;0,0;V
19/02/1993;0,0;V
20/02/1993;0,0;V
21/02/1993;0,0;V
22/02/1993;0,8;V
23/02/1993;0,0;V
24/02/1993;0,0;V
25/02/1993;0,0;V
26/02/1993;0,0;V
27/02/1993;0,0;V
28/02/1993;0,2;V
01/03/1993;0,0;V
02/03/1993;2,4;V
03/03/1993;9,0;V
04/03/1993;0,0;V
05/03/1993;1,0;V
06/03/1993;1,0;V
07/03/1993;0,0;V
08/03/1993;0,0;V
09/03/1993;0,0;V
10/03/1993;0,0;V
11/03/1993;0,0;V
12/03/1993;0,0;V
13/03/1993;0,0;V
14/03/1993;0,0;V
15/03/1993;0,0;V
16/03/1993;0,0;V
17/03/1993;0,0;V
18/03/1993;0,0;V
19/03/1993;0,0;V
20/03/1993;0,0;V
21/03/1993;0,0;V
22/03/1993;0,0;V
23/03/1993;0,0;V
24/03/1993;0,0;V
25/03/1993;16,8;V
26/03/1993;26,8;V
27/03/1993;0,0;V
28/03/1993;0,0;V
29/03/1993;0,0;V
30/03/1993;0,0;V
31/03/1993;0,0;V
01/04/1993;0,2;V
02/04/1993;0,0;V
03/04/1993;7,4;V
04/04/1993;0,0;V
05/04/1993;3,8;V
06/04/1993;0,2;V
07/04/1993;0,2;V
08/04/1993;0,0;V
09/04/1993;0,0;V
10/04/1993;0,2;V
11/04/1993;26,5;V
12/04/1993;3,7;V
13/04/1993;8,8;V
14/04/1993;12,0;V
15/04/1993;1,6;V
16/04/1993;0,2;V
17/04/1993;0,2;V
18/04/1993;0,0;V
19/04/1993;0,0;V
20/04/1993;0,0;V
21/04/1993;0,0;V
22/04/1993;0,0;V
23/04/1993;0,0;V
24/04/1993;0,0;V
25/04/1993;0,0;V
26/04/1993;6,0;V
27/04/1993;0,0;V
28/04/1993;0,0;V
29/04/1993;5,6;V
30/04/1993;2,2;V
01/05/1993;13,4;V
02/05/1993;0,0;V
03/05/1993;0,2;V
04/05/1993;0,8;V
05/05/1993;0,0;V
06/05/1993;0,0;V
07/05/1993;0,0;V
08/05/1993;0,0;V
09/05/1993;0,0;V
10/05/1993;0,0;V
11/05/1993;0,0;V
12/05/1993;5,6;V
13/05/1993;1,0;V
14/05/1993;0,0;V
15/05/1993;1,4;V
16/05/1993;0,0;V
17/05/1993;18,2;V
18/05/1993;0,0;V
19/05/1993;0,0;V
20/05/1993;0,0;V
21/05/1993;0,0;V
22/05/1993;0,0;V
23/05/1993;0,0;V
24/05/1993;0,0;V
25/05/1993;0,0;V
26/05/1993;0,0;V
27/05/1993;0,0;V
28/05/1993;0,0;V
29/05/1993;0,0;V
30/05/1993;0,0;V
31/05/1993;0,0;V
01/06/1993;0,0;V
02/06/1993;0,0;V
03/06/1993;4,0;V
04/06/1993;1,6;V
05/06/1993;0,0;V
06/06/1993;0,0;V
07/06/1993;0,0;V
08/06/1993;0,0;V
09/06/1993;1,2;V
10/06/1993;19,8;V
11/06/1993;0,0;V
12/06/1993;3,2;V
13/06/1993;0,0;V
14/06/1993;0,8;V
15/06/1993;0,0;V
16/06/1993;0,2;V
17/06/1993;0,0;V
18/06/1993;0,0;V
19/06/1993;0,0;V
20/06/1993;0,0;V
21/06/1993;0,0;V
22/06/1993;0,0;V
23/06/1993;3,4;V
24/06/1993;12,6;V
25/06/1993;13,4;V
26/06/1993;0,0;V
27/06/1993;0,0;V
28/06/1993;0,0;V
29/06/1993;0,2;V
30/06/1993;1,8;V
01/07/1993;0,2;V
02/07/1993;0,0;V
03/07/1993;0,0;V
04/07/1993;0,0;V
05/07/1993;0,0;V
06/07/1993;0,0;V
07/07/1993;0,6;V
08/07/1993;0,0;V
09/07/1993;0,0;V
10/07/1993;0,0;V
11/07/1993;7,4;V
12/07/1993;2,2;V
13/07/1993;1,4;V
14/07/1993;0,0;V
15/07/1993;0,0;V
16/07/1993;0,0;V
17/07/1993;0,0;V
18/07/1993;0,0;V
19/07/1993;0,0;V
20/07/1993;0,0;V
21/07/1993;0,0;V
22/07/1993;0,0;V
23/07/1993;0,0;V
24/07/1993;0,0;V
25/07/1993;0,0;V
26/07/1993;0,0;V
27/07/1993;0,0;V
28/07/1993;0,0;V
29/07/1993;0,0;V
30/07/1993;0,0;V
31/07/1993;0,0;V
01/08/1993;0,0;V
02/08/1993;0,0;V
03/08/1993;0,0;V
04/08/1993;0,0;V
05/08/1993;0,0;V
06/08/1993;0,0;V
07/08/1993;0,0;V
08/08/1993;5,0;V
09/08/1993;12,4;V
10/08/1993;0,0;V
11/08/1993;0,0;V
12/08/1993;0,0;V
13/08/1993;0,0;V
14/08/1993;0,0;V
15/08/1993;12,6;V
16/08/1993;3,6;V
17/08/1993;0,0;V
18/08/1993;0,0;V
19/08/1993;0,0;V
20/08/1993;0,0;V
21/08/1993;0,0;V
22/08/1993;0,0;V
23/08/1993;0,0;V
24/08/1993;0,0;V
25/08/1993;3,0;V
26/08/1993;0,0;V
27/08/1993;0,0;V
28/08/1993;12,2;V
29/08/1993;2,6;V
30/08/1993;0,0;V
31/08/1993;0,0;V
01/09/1993;0,0;V
02/09/1993;0,0;V
03/09/1993;0,0;V
04/09/1993;0,4;V
05/09/1993;2,4;V
06/09/1993;0,0;V
07/09/1993;0,0;V
08/09/1993;2,6;V
09/09/1993;0,4;V
10/09/1993;14,4;V
11/09/1993;0,0;V
12/09/1993;0,2;V
13/09/1993;0,0;V
14/09/1993;6,4;V
15/09/1993;0,6;V
16/09/1993;1,6;V
17/09/1993;12,8;V
18/09/1993;0,0;V
19/09/1993;0,0;V
20/09/1993;0,0;V
21/09/1993;0,0;V
22/09/1993;0,0;V
23/09/1993;0,0;V
24/09/1993;4,6;V
25/09/1993;39,2;V
26/09/1993;11,6;V
27/09/1993;10,6;V
28/09/1993;7,4;V
29/09/1993;4,0;V
30/09/1993;0,0;V
01/10/1993;7,8;V
02/10/1993;40,0;V
03/10/1993;31,6;V
04/10/1993;1,4;V
05/10/1993;0,0;V
06/10/1993;1,4;V
07/10/1993;6,6;V
08/10/1993;9,8;V
09/10/1993;30,8;V
10/10/1993;0,6;V
11/10/1993;0,8;V
12/10/1993;0,0;V
13/10/1993;22,4;V
14/10/1993;27,9;V
15/10/1993;13,3;V
16/10/1993;3,4;V
17/10/1993;0,2;V
18/10/1993;5,6;V
19/10/1993;0,6;V
20/10/1993;0,0;V
21/10/1993;16,6;V
22/10/1993;21,0;V
23/10/1993;0,0;V
24/10/1993;0,2;V
25/10/1993;6,8;V
26/10/1993;0,0;V
27/10/1993;0,0;V
28/10/1993;0,0;V
29/10/1993;0,0;V
30/10/1993;0,0;V
31/10/1993;0,0;V
01/11/1993;0,0;V
02/11/1993;5,4;V
03/11/1993;5,8;V
04/11/1993;0,0;V
05/11/1993;1,2;V
06/11/1993;8,4;V
07/11/1993;5,8;V
08/11/1993;32,0;V
09/11/1993;0,2;V
10/11/1993;2,2;V
11/11/1993;0,6;V
12/11/1993;12,8;V
13/11/1993;21,2;V
14/11/1993;0,0;V
15/11/1993;12,8;V
16/11/1993;8,0;V
17/11/1993;0,0;V
18/11/1993;0,0;V
19/11/1993;0,0;V
20/11/1993;0,0;V
21/11/1993;0,0;V
22/11/1993;0,0;V
23/11/1993;2,4;V
24/11/1993;0,0;V
25/11/1993;0,0;V
26/11/1993;0,0;V
27/11/1993;3,2;V
28/11/1993;0,0;V
29/11/1993;0,8;V
30/11/1993;0,0;V
01/12/1993;0,2;V
02/12/1993;8,6;V
03/12/1993;0,0;V
04/12/1993;0,0;V
05/12/1993;0,0;V
06/12/1993;0,0;V
07/12/1993;0,2;V
08/12/1993;4,2;V
09/12/1993;3,4;V
10/12/1993;0,2;V
11/12/1993;6,2;V
12/12/1993;3,0;V
13/12/1993;0,0;V
14/12/1993;6,2;V
15/12/1993;9,0;V
16/12/1993;2,2;V
17/12/1993;6,4;V
18/12/1993;0,0;V
19/12/1993;0,0;V
20/12/1993;1,6;V
21/12/1993;3,8;V
22/12/1993;0,2;V
23/12/1993;0,0;V
24/12/1993;8,0;V
25/12/1993;10,8;V
26/12/1993;19,2;V
27/12/1993;5,2;V
28/12/1993;0,0;V
29/12/1993;0,0;V
30/12/1993;0,0;V
31/12/1993;0,0;V
01/01/1994;34,2;R
02/01/1994;18,0;V
03/01/1994;0,6;V
04/01/1994;2,0;V
05/01/1994;4,8;V
06/01/1994;0,4;V
07/01/1994;0,0;V
08/01/1994;0,0;V
09/01/1994;0,0;V
10/01/1994;0,0;V
11/01/1994;2,0;V
12/01/1994;0,0;V
13/01/1994;0,0;V
14/01/1994;0,0;V
15/01/1994;11,8;V
16/01/1994;0,0;V
17/01/1994;1,0;V
18/01/1994;5,6;V
19/01/1994;0,0;V
20/01/1994;0,0;V
21/01/1994;6,4;V
22/01/1994;0,0;V
23/01/1994;0,0;V
24/01/1994;0,0;V
25/01/1994;0,0;V
26/01/1994;0,0;V
27/01/1994;0,0;V
28/01/1994;0,0;V
29/01/1994;0,2;V
30/01/1994;0,0;V
31/01/1994;0,0;V
01/02/1994;0,0;V
02/02/1994;0,2;V
03/02/1994;1,2;V
04/02/1994;0,0;V
05/02/1994;0,6;V
06/02/1994;3,8;V
07/02/1994;1,6;V
08/02/1994;0,0;V
09/02/1994;0,0;V
10/02/1994;0,0;V
11/02/1994;0,0;V
12/02/1994;0,0;V
13/02/1994;1,6;V
14/02/1994;0,2;V
15/02/1994;0,0;V
16/02/1994;0,0;V
17/02/1994;0,0;V
18/02/1994;0,0;V
19/02/1994;0,0;V
20/02/1994;0,0;V
21/02/1994;2,4;V
22/02/1994;0,0;V
23/02/1994;0,4;V
24/02/1994;13,4;V
25/02/1994;0,2;V
26/02/1994;0,2;V
27/02/1994;0,2;V
28/02/1994;0,0;V
01/03/1994;0,0;V
02/03/1994;0,0;V
03/03/1994;0,6;V
04/03/1994;0,0;V
05/03/1994;0,0;V
06/03/1994;0,0;V
07/03/1994;0,0;V
08/03/1994;0,0;V
09/03/1994;0,0;V
10/03/1994;0,0;V
11/03/1994;0,0;V
12/03/1994;0,0;V
13/03/1994;0,0;V
14/03/1994;0,0;V
15/03/1994;0,0;V
16/03/1994;0,0;V
17/03/1994;0,0;V
18/03/1994;0,0;V
19/03/1994;0,0;V
20/03/1994;0,0;V
21/03/1994;0,0;V
22/03/1994;0,0;V
23/03/1994;0,0;V
24/03/1994;0,0;V
25/03/1994;0,0;V
26/03/1994;0,0;V
27/03/1994;0,2;V
28/03/1994;0,0;V
29/03/1994;0,0;V
30/03/1994;0,0;V
31/03/1994;0,0;V
01/04/1994;0,0;V
02/04/1994;8,6;V
03/04/1994;3,6;V
04/04/1994;8,2;V
05/04/1994;0,2;V
06/04/1994;10,0;V
07/04/1994;0,0;V
08/04/1994;15,0;V
09/04/1994;6,6;V
10/04/1994;30,2;V
11/04/1994;13,6;V
12/04/1994;0,0;V
13/04/1994;0,2;V
14/04/1994;0,0;V
15/04/1994;7,6;V
16/04/1994;4,2;V
17/04/1994;9,4;V
18/04/1994;22,4;V
19/04/1994;1,2;V
20/04/1994;1,2;V
21/04/1994;0,0;V
22/04/1994;0,0;V
23/04/1994;1,2;V
24/04/1994;0,0;V
25/04/1994;7,6;V
26/04/1994;6,4;V
27/04/1994;0,0;V
28/04/1994;0,0;V
29/04/1994;0,4;V
30/04/1994;0,0;V
01/05/1994;0,0;V
02/05/1994;2,4;V
03/05/1994;0,0;V
04/05/1994;0,0;V
05/05/1994;0,0;V
06/05/1994;0,0;V
07/05/1994;0,0;V
08/05/1994;0,0;V
09/05/1994;2,8;V
10/05/1994;2,6;V
11/05/1994;0,0;V
12/05/1994;0,0;V
13/05/1994;9,0;V
14/05/1994;0,2;V
15/05/1994;0,0;V
16/05/1994;0,0;V
17/05/1994;0,0;V
18/05/1994;17,2;V
19/05/1994;44,4;V
20/05/1994;0,0;V
21/05/1994;0,0;V
22/05/1994;0,0;V
23/05/1994;0,0;V
24/05/1994;0,0;V
25/05/1994;0,6;V
26/05/1994;0,0;V
27/05/1994;0,2;V
28/05/1994;0,0;V
29/05/1994;0,0;V
30/05/1994;0,0;V
31/05/1994;0,0;V
01/06/1994;0,0;V
02/06/1994;0,0;V
03/06/1994;0,0;V
04/06/1994;0,0;V
05/06/1994;0,0;V
06/06/1994;0,0;V
07/06/1994;0,0;V
08/06/1994;0,0;V
09/06/1994;0,0;V
10/06/1994;9,6;V
11/06/1994;4,2;V
12/06/1994;29,8;V
13/06/1994;13,8;V
14/06/1994;6,2;V
15/06/1994;0,0;V
16/06/1994;0,0;V
17/06/1994;0,6;V
18/06/1994;0,0;V
19/06/1994;0,0;V
20/06/1994;0,0;V
21/06/1994;3,2;V
22/06/1994;0,2;V
23/06/1994;0,0;V
24/06/1994;0,0;V
25/06/1994;0,0;V
26/06/1994;0,0;V
27/06/1994;0,4;V
28/06/1994;30,6;V
29/06/1994;9,4;V
30/06/1994;0,0;V
01/07/1994;0,0;V
02/07/1994;0,0;V
03/07/1994;0,0;V
04/07/1994;0,0;V
05/07/1994;0,0;V
06/07/1994;0,0;V
07/07/1994;0,0;V
08/07/1994;0,0;V
09/07/1994;1,6;V
10/07/1994;0,0;V
11/07/1994;0,0;V
12/07/1994;0,0;V
13/07/1994;0,0;V
14/07/1994;0,0;V
15/07/1994;0,2;V
16/07/1994;0,0;V
17/07/1994;0,0;V
18/07/1994;0,0;V
19/07/1994;0,0;V
20/07/1994;0,0;V
21/07/1994;11,8;V
22/07/1994;0,4;V
23/07/1994;0,0;V
24/07/1994;0,0;V
25/07/1994;0,0;V
26/07/1994;0,0;V
27/07/1994;0,0;V
28/07/1994;0,0;V
29/07/1994;1,6;V
30/07/1994;0,0;V
31/07/1994;0,0;V
01/08/1994;0,0;V
02/08/1994;0,0;V
03/08/1994;0,0;V
04/08/1994;0,0;V
05/08/1994;0,0;V
06/08/1994;0,0;V
07/08/1994;0,0;V
08/08/1994;0,0;V
09/08/1994;0,0;V
10/08/1994;0,0;V
11/08/1994;0,0;V
12/08/1994;0,0;V
13/08/1994;0,0;V
14/08/1994;0,2;V
15/08/1994;0,0;V
16/08/1994;0,0;V
17/08/1994;0,0;V
18/08/1994;0,0;V
19/08/1994;0,0;V
20/08/1994;0,0;V
21/08/1994;0,0;V
22/08/1994;0,0;V
23/08/1994;0,0;V
24/08/1994;0,0;V
25/08/1994;7,6;V
26/08/1994;6,8;V
27/08/1994;0,0;V
28/08/1994;0,0;V
29/08/1994;0,0;V
30/08/1994;0,0;V
31/08/1994;0,0;V
01/09/1994;1,8;V
02/09/1994;23,8;V
03/09/1994;37,0;V
04/09/1994;0,0;V
05/09/1994;0,0;V
06/09/1994;0,0;V
07/09/1994;0,0;V
08/09/1994;0,0;V
09/09/1994;49,0;V
10/09/1994;0,0;V
11/09/1994;0,2;V
12/09/1994;0,2;V
13/09/1994;0,0;V
14/09/1994;3,6;V
15/09/1994;41,2;V
16/09/1994;0,2;V
17/09/1994;6,4;V
18/09/1994;0,0;V
19/09/1994;2,4;V
20/09/1994;0,8;V
21/09/1994;1,0;V
22/09/1994;41,0;V
23/09/1994;0,0;V
24/09/1994;0,0;V
25/09/1994;0,0;V
26/09/1994;0,2;V
27/09/1994;17,6;V
28/09/1994;0,0;V
29/09/1994;0,0;V
30/09/1994;0,2;V
01/10/1994;0,0;V
02/10/1994;1,6;V
03/10/1994;54,2;V
04/10/1994;1,6;V
05/10/1994;0,4;V
06/10/1994;0,0;V
07/10/1994;0,4;V
08/10/1994;0,0;V
09/10/1994;0,0;V
10/10/1994;0,0;V
11/10/1994;0,0;V
12/10/1994;0,0;V
13/10/1994;0,0;V
14/10/1994;0,0;V
15/10/1994;0,0;V
16/10/1994;0,0;V
17/10/1994;0,2;V
18/10/1994;0,0;V
19/10/1994;0,0;V
20/10/1994;0,0;V
21/10/1994;6,2;V
22/10/1994;0,0;V
23/10/1994;0,0;V
24/10/1994;8,8;V
25/10/1994;0,2;V
26/10/1994;0,6;V
27/10/1994;4,8;V
28/10/1994;1,6;V
29/10/1994;33,6;V
30/10/1994;0,2;V
31/10/1994;0,2;V
01/11/1994;0,2;V
02/11/1994;0,4;V
03/11/1994;0,4;V
04/11/1994;0,4;V
05/11/1994;0,0;V
06/11/1994;25,2;V
07/11/1994;34,4;V
08/11/1994;6,0;V
09/11/1994;1,4;V
10/11/1994;14,0;V
11/11/1994;3,8;V
12/11/1994;0,0;V
13/11/1994;0,0;V
14/11/1994;0,0;V
15/11/1994;0,0;V
16/11/1994;0,2;V
17/11/1994;0,0;V
18/11/1994;0,0;V
19/11/1994;0,2;V
20/11/1994;0,0;V
21/11/1994;0,0;V
22/11/1994;0,0;V
23/11/1994;0,0;V
24/11/1994;0,0;V
25/11/1994;0,0;V
26/11/1994;0,0;V
27/11/1994;0,0;V
28/11/1994;0,0;V
29/11/1994;0,0;V
30/11/1994;0,0;V
01/12/1994;0,2;V
02/12/1994;0,0;V
03/12/1994;0,0;V
04/12/1994;0,0;V
05/12/1994;2,2;V
06/12/1994;18,4;V
07/12/1994;0,0;V
08/12/1994;0,2;V
09/12/1994;3,2;V
10/12/1994;7,8;V
11/12/1994;0,0;V
12/12/1994;0,2;V
13/12/1994;0,0;V
14/12/1994;0,0;V
15/12/1994;0,0;V
16/12/1994;0,0;V
17/12/1994;0,0;V
18/12/1994;0,0;V
19/12/1994;1,2;V
20/12/1994;9,2;V
21/12/1994;2,0;V
22/12/1994;0,2;V
23/12/1994;2,0;V
24/12/1994;0,2;V
25/12/1994;0,6;V
26/12/1994;0,0;V
27/12/1994;0,0;V
28/12/1994;0,0;V
29/12/1994;0,0;V
30/12/1994;1,0;V
31/12/1994;0,0;V
01/01/1995;18,4;V
02/01/1995;3,0;V
03/01/1995;0,0;V
04/01/1995;1,6;V
05/01/1995;0,0;V
06/01/1995;0,2;V
07/01/1995;0,0;V
08/01/1995;0,0;V
09/01/1995;0,0;V
10/01/1995;0,0;V
11/01/1995;0,0;V
12/01/1995;0,0;V
13/01/1995;0,0;V
14/01/1995;0,0;V
15/01/1995;0,0;V
16/01/1995;0,0;V
17/01/1995;0,0;V
18/01/1995;0,0;V
19/01/1995;11,2;V
20/01/1995;1,2;V
21/01/1995;2,2;V
22/01/1995;4,0;V
23/01/1995;1,6;V
24/01/1995;0,2;V
25/01/1995;1,8;V
26/01/1995;1,0;V
27/01/1995;12,2;V
28/01/1995;0,0;V
29/01/1995;10,0;V
30/01/1995;0,2;V
31/01/1995;8,8;V
01/02/1995;0,0;V
02/02/1995;0,0;V
03/02/1995;0,0;V
04/02/1995;0,0;V
05/02/1995;0,0;V
06/02/1995;0,0;V
07/02/1995;0,0;V
08/02/1995;0,0;V
09/02/1995;1,6;V
10/02/1995;4,4;V
11/02/1995;0,2;V
12/02/1995;17,8;V
13/02/1995;0,0;V
14/02/1995;16,2;V
15/02/1995;4,0;V
16/02/1995;1,0;V
17/02/1995;13,0;V
18/02/1995;2,0;V
19/02/1995;17,2;V
20/02/1995;0,0;V
21/02/1995;0,2;V
22/02/1995;0,0;V
23/02/1995;2,8;V
24/02/1995;15,2;V
25/02/1995;18,6;V
26/02/1995;6,4;V
27/02/1995;13,4;V
28/02/1995;0,0;V
01/03/1995;0,0;V
02/03/1995;9,6;V
03/03/1995;12,2;V
04/03/1995;7,2;V
05/03/1995;0,0;V
06/03/1995;3,2;V
07/03/1995;6,2;V
08/03/1995;0,0;V
09/03/1995;21,0;V
10/03/1995;11,4;V
11/03/1995;0,0;V
12/03/1995;0,0;V
13/03/1995;0,0;V
14/03/1995;0,0;V
15/03/1995;0,0;V
16/03/1995;8,0;V
17/03/1995;4,0;V
18/03/1995;0,4;V
19/03/1995;0,0;V
20/03/1995;6,8;V
21/03/1995;0,4;V
22/03/1995;0,0;V
23/03/1995;0,0;V
24/03/1995;0,0;V
25/03/1995;0,0;V
26/03/1995;0,2;V
27/03/1995;0,2;V
28/03/1995;13,2;V
29/03/1995;1,8;V
30/03/1995;1,8;V
31/03/1995;0,0;V
01/04/1995;0,0;V
02/04/1995;0,0;V
03/04/1995;0,2;V
04/04/1995;0,0;V
05/04/1995;0,0;V
06/04/1995;0,0;V
07/04/1995;0,0;V
08/04/1995;0,0;V
09/04/1995;0,0;V
10/04/1995;0,0;V
11/04/1995;0,0;V
12/04/1995;0,0;V
13/04/1995;1,8;V
14/04/1995;1,0;V
15/04/1995;1,4;V
16/04/1995;1,4;V
17/04/1995;0,0;V
18/04/1995;0,0;V
19/04/1995;0,0;V
20/04/1995;2,0;V
21/04/1995;4,8;V
22/04/1995;0,0;V
23/04/1995;6,0;V
24/04/1995;7,2;V
25/04/1995;10,0;V
26/04/1995;2,0;V
27/04/1995;0,4;V
28/04/1995;1,6;V
29/04/1995;0,0;V
30/04/1995;0,2;V
01/05/1995;1,4;V
02/05/1995;0,0;V
03/05/1995;0,0;V
04/05/1995;0,0;V
05/05/1995;0,0;V
06/05/1995;0,2;V
07/05/1995;0,0;V
08/05/1995;0,0;V
09/05/1995;0,0;V
10/05/1995;0,0;V
11/05/1995;0,0;V
12/05/1995;39,0;V
13/05/1995;16,6;V
14/05/1995;17,2;V
15/05/1995;14,0;V
16/05/1995;5,2;V
17/05/1995;8,0;V
18/05/1995;2,2;V
19/05/1995;3,8;V
20/05/1995;0,2;V
21/05/1995;0,0;V
22/05/1995;0,0;V
23/05/1995;0,0;V
24/05/1995;0,0;V
25/05/1995;0,0;V
26/05/1995;0,0;V
27/05/1995;1,4;V
28/05/1995;0,0;V
29/05/1995;0,0;V
30/05/1995;0,0;V
31/05/1995;11,8;V
01/06/1995;0,6;V
02/06/1995;6,8;V
03/06/1995;0,0;V
04/06/1995;13,2;V
05/06/1995;0,0;V
06/06/1995;0,6;V
07/06/1995;12,2;V
08/06/1995;0,0;V
09/06/1995;0,0;V
10/06/1995;0,0;V
11/06/1995;5,4;V
12/06/1995;1,0;V
13/06/1995;10,8;V
14/06/1995;3,4;V
15/06/1995;0,2;V
16/06/1995;0,0;V
17/06/1995;0,0;V
18/06/1995;0,0;V
19/06/1995;0,0;V
20/06/1995;0,0;V
21/06/1995;0,0;V
22/06/1995;0,0;V
23/06/1995;17,2;V
24/06/1995;57,0;V
25/06/1995;0,8;V
26/06/1995;0,0;V
27/06/1995;0,0;V
28/06/1995;0,0;V
29/06/1995;0,0;V
30/06/1995;0,0;V
01/07/1995;0,0;V
02/07/1995;0,0;V
03/07/1995;0,0;V
04/07/1995;5,6;V
05/07/1995;0,0;V
06/07/1995;3,2;V
07/07/1995;0,2;V
08/07/1995;0,0;V
09/07/1995;0,0;V
10/07/1995;0,0;V
11/07/1995;0,0;V
12/07/1995;0,8;V
13/07/1995;3,2;V
14/07/1995;0,0;V
15/07/1995;0,0;V
16/07/1995;0,0;V
17/07/1995;0,0;V
18/07/1995;0,4;V
19/07/1995;0,0;V
20/07/1995;0,0;V
21/07/1995;0,0;V
22/07/1995;0,0;V
23/07/1995;0,0;V
24/07/1995;0,0;V
25/07/1995;0,0;V
26/07/1995;0,0;V
27/07/1995;0,0;V
28/07/1995;0,0;V
29/07/1995;1,4;V
30/07/1995;0,0;V
31/07/1995;0,0;V
01/08/1995;0,0;V
02/08/1995;0,0;V
03/08/1995;0,4;V
04/08/1995;0,0;V
05/08/1995;0,0;V
06/08/1995;0,0;V
07/08/1995;0,0;V
08/08/1995;0,0;V
09/08/1995;5,8;V
10/08/1995;0,0;V
11/08/1995;0,0;V
12/08/1995;0,0;V
13/08/1995;0,0;V
14/08/1995;0,0;V
15/08/1995;0,0;V
16/08/1995;0,0;V
17/08/1995;1,4;V
18/08/1995;2,6;V
19/08/1995;9,2;V
20/08/1995;3,0;V
21/08/1995;0,0;V
22/08/1995;8,6;V
23/08/1995;0,0;V
24/08/1995;0,0;V
25/08/1995;0,2;V
26/08/1995;10,0;V
27/08/1995;0,0;V
28/08/1995;0,0;V
29/08/1995;2,6;V
30/08/1995;0,0;V
31/08/1995;0,0;V
01/09/1995;0,0;V
02/09/1995;0,0;V
03/09/1995;0,0;V
04/09/1995;0,0;V
05/09/1995;1,2;V
06/09/1995;0,4;V
07/09/1995;0,0;V
08/09/1995;4,8;V
09/09/1995;0,0;V
10/09/1995;0,0;V
11/09/1995;0,0;V
12/09/1995;0,0;V
13/09/1995;14,6;V
14/09/1995;18,0;V
15/09/1995;0,0;V
16/09/1995;0,6;V
17/09/1995;0,4;V
18/09/1995;0,0;V
19/09/1995;14,8;V
20/09/1995;8,4;V
21/09/1995;11,0;V
22/09/1995;6,2;V
23/09/1995;5,0;V
24/09/1995;0,0;V
25/09/1995;0,0;V
26/09/1995;0,0;V
27/09/1995;0,0;V
28/09/1995;0,0;V
29/09/1995;0,0;V
30/09/1995;0,0;V
01/10/1995;0,0;V
02/10/1995;0,0;V
03/10/1995;0,8;V
04/10/1995;3,2;V
05/10/1995;0,8;V
06/10/1995;5,2;V
07/10/1995;0,2;V
08/10/1995;0,0;V
09/10/1995;0,0;V
10/10/1995;0,0;V
11/10/1995;0,0;V
12/10/1995;0,0;V
13/10/1995;0,0;V
14/10/1995;0,2;V
15/10/1995;0,0;V
16/10/1995;0,0;V
17/10/1995;0,2;V
18/10/1995;0,0;V
19/10/1995;0,0;V
20/10/1995;0,0;V
21/10/1995;0,0;V
22/10/1995;0,0;V
23/10/1995;0,0;V
24/10/1995;0,0;V
25/10/1995;0,0;V
26/10/1995;0,0;V
27/10/1995;0,0;V
28/10/1995;0,0;V
29/10/1995;0,4;V
30/10/1995;39,4;V
31/10/1995;0,0;V
01/11/1995;0,2;V
02/11/1995;12,0;V
03/11/1995;13,0;V
04/11/1995;0,2;V
05/11/1995;0,0;V
06/11/1995;0,0;V
07/11/1995;0,0;V
08/11/1995;0,0;V
09/11/1995;0,0;V
10/11/1995;6,2;V
11/11/1995;0,6;V
12/11/1995;0,2;V
13/11/1995;0,0;V
14/11/1995;4,0;V
15/11/1995;0,2;V
16/11/1995;0,4;V
17/11/1995;4,6;V
18/11/1995;2,8;V
19/11/1995;4,2;V
20/11/1995;0,2;V
21/11/1995;0,0;V
22/11/1995;0,0;V
23/11/1995;0,0;V
24/11/1995;0,0;V
25/11/1995;0,0;V
26/11/1995;0,0;V
27/11/1995;3,2;V
28/11/1995;5,8;V
29/11/1995;0,6;V
30/11/1995;0,4;V
01/12/1995;0,0;V
02/12/1995;0,0;V
03/12/1995;0,0;V
04/12/1995;0,0;V
05/12/1995;1,4;V
06/12/1995;0,2;V
07/12/1995;0,2;V
08/12/1995;0,0;V
09/12/1995;0,0;V
10/12/1995;0,0;V
11/12/1995;0,0;V
12/12/1995;0,0;V
13/12/1995;1,2;V
14/12/1995;0,0;V
15/12/1995;17,2;V
16/12/1995;21,6;V
17/12/1995;0,0;V
18/12/1995;0,0;V
19/12/1995;0,0;V
20/12/1995;0,0;V
21/12/1995;0,4;V
22/12/1995;1,0;V
23/12/1995;12,4;V
24/12/1995;22,0;V
25/12/1995;6,0;V
26/12/1995;11,0;V
27/12/1995;17,8;V
28/12/1995;0,8;V
29/12/1995;0,0;V
30/12/1995;0,6;V
31/12/1995;22,6;V
01/01/1996;6,2;V
02/01/1996;0,4;V
03/01/1996;0,0;V
04/01/1996;0,0;V
05/01/1996;0,0;V
06/01/1996;13,2;V
07/01/1996;4,0;V
08/01/1996;40,0;V
09/01/1996;0,0;V
10/01/1996;0,0;V
11/01/1996;0,4;V
12/01/1996;0,0;V
13/01/1996;0,0;V
14/01/1996;0,0;V
15/01/1996;0,0;V
16/01/1996;0,0;V
17/01/1996;0,0;V
18/01/1996;0,0;V
19/01/1996;0,0;V
20/01/1996;0,0;V
21/01/1996;0,0;V
22/01/1996;1,0;V
23/01/1996;0,2;V
24/01/1996;7,4;V
25/01/1996;15,0;V
26/01/1996;0,2;V
27/01/1996;7,4;V
28/01/1996;0,0;V
29/01/1996;0,0;V
30/01/1996;0,0;V
31/01/1996;0,0;V
01/02/1996;0,2;V
02/02/1996;2,6;V
03/02/1996;24,4;V
04/02/1996;22,4;V
05/02/1996;19,8;V
06/02/1996;1,0;V
07/02/1996;0,0;V
08/02/1996;0,0;V
09/02/1996;0,0;V
10/02/1996;0,0;V
11/02/1996;0,0;V
12/02/1996;1,4;V
13/02/1996;11,6;V
14/02/1996;0,0;V
15/02/1996;0,0;V
16/02/1996;0,0;V
17/02/1996;0,0;V
18/02/1996;0,0;V
19/02/1996;4,4;V
20/02/1996;32,0;V
21/02/1996;13,2;V
22/02/1996;9,0;V
23/02/1996;0,0;V
24/02/1996;0,0;V
25/02/1996;0,0;V
26/02/1996;0,0;V
27/02/1996;0,0;V
28/02/1996;0,2;V
29/02/1996;0,0;V
01/03/1996;0,0;V
02/03/1996;0,0;V
03/03/1996;0,0;V
04/03/1996;0,0;V
05/03/1996;0,4;V
06/03/1996;0,0;V
07/03/1996;0,0;V
08/03/1996;0,0;V
09/03/1996;0,0;V
10/03/1996;0,0;V
11/03/1996;0,0;V
12/03/1996;0,0;V
13/03/1996;3,4;V
14/03/1996;0,0;V
15/03/1996;0,0;V
16/03/1996;1,2;V
17/03/1996;0,6;V
18/03/1996;0,0;V
19/03/1996;0,0;V
20/03/1996;0,0;V
21/03/1996;0,0;V
22/03/1996;0,0;V
23/03/1996;0,0;V
24/03/1996;0,0;V
25/03/1996;0,0;V
26/03/1996;0,0;V
27/03/1996;1,8;V
28/03/1996;1,8;V
29/03/1996;0,0;V
30/03/1996;5,0;V
31/03/1996;0,6;V
01/04/1996;2,2;V
02/04/1996;46,8;V
03/04/1996;15,2;V
04/04/1996;2,6;V
05/04/1996;0,0;V
06/04/1996;0,0;V
07/04/1996;0,0;V
08/04/1996;0,0;V
09/04/1996;0,0;V
10/04/1996;0,0;V
11/04/1996;4,6;V
12/04/1996;1,6;V
13/04/1996;0,4;V
14/04/1996;6,2;V
15/04/1996;0,0;V
16/04/1996;0,0;V
17/04/1996;0,0;V
18/04/1996;0,0;V
19/04/1996;0,0;V
20/04/1996;0,0;V
21/04/1996;0,0;V
22/04/1996;0,0;V
23/04/1996;0,0;V
24/04/1996;10,2;V
25/04/1996;4,6;V
26/04/1996;7,4;V
27/04/1996;0,2;V
28/04/1996;0,0;V
29/04/1996;7,8;V
30/04/1996;9,0;V
01/05/1996;0,8;V
02/05/1996;3,6;V
03/05/1996;21,0;V
04/05/1996;0,2;V
05/05/1996;0,0;V
06/05/1996;0,0;V
07/05/1996;0,0;V
08/05/1996;0,0;V
09/05/1996;0,0;V
10/05/1996;1,8;V
11/05/1996;3,0;V
12/05/1996;7,4;V
13/05/1996;13,8;V
14/05/1996;0,0;V
15/05/1996;0,6;V
16/05/1996;0,0;V
17/05/1996;0,2;V
18/05/1996;0,0;V
19/05/1996;0,0;V
20/05/1996;14,6;V
21/05/1996;0,8;V
22/05/1996;0,0;V
23/05/1996;0,0;V
24/05/1996;0,0;V
25/05/1996;0,0;V
26/05/1996;0,0;V
27/05/1996;0,0;V
28/05/1996;0,6;V
29/05/1996;0,0;V
30/05/1996;0,0;V
31/05/1996;0,0;V
01/06/1996;0,0;V
02/06/1996;0,0;V
03/06/1996;0,0;V
04/06/1996;0,0;V
05/06/1996;0,0;V
06/06/1996;0,0;V
07/06/1996;0,0;V
08/06/1996;2,4;V
09/06/1996;0,0;V
10/06/1996;0,0;V
11/06/1996;0,0;V
12/06/1996;0,0;V
13/06/1996;0,0;V
14/06/1996;1,2;V
15/06/1996;0,0;V
16/06/1996;0,0;V
17/06/1996;0,0;V
18/06/1996;0,0;V
19/06/1996;0,0;V
20/06/1996;0,0;V
21/06/1996;0,0;V
22/06/1996;0,4;V
23/06/1996;11,4;V
24/06/1996;0,0;V
25/06/1996;7,2;V
26/06/1996;4,0;V
27/06/1996;0,0;V
28/06/1996;0,0;V
29/06/1996;0,0;V
30/06/1996;0,0;V
01/07/1996;0,0;V
02/07/1996;0,0;V
03/07/1996;0,0;V
04/07/1996;0,0;V
05/07/1996;0,0;V
06/07/1996;0,0;V
07/07/1996;0,0;V
08/07/1996;23,0;V
09/07/1996;0,2;V
10/07/1996;0,0;V
11/07/1996;0,0;V
12/07/1996;0,0;V
13/07/1996;0,0;V
14/07/1996;0,0;V
15/07/1996;0,0;V
16/07/1996;0,0;V
17/07/1996;0,0;V
18/07/1996;8,2;V
19/07/1996;0,0;V
20/07/1996;0,0;V
21/07/1996;0,0;V
22/07/1996;0,0;V
23/07/1996;0,0;V
24/07/1996;0,0;V
25/07/1996;0,0;V
26/07/1996;0,0;V
27/07/1996;0,0;V
28/07/1996;0,0;V
29/07/1996;0,0;V
30/07/1996;0,0;V
31/07/1996;13,0;V
01/08/1996;0,0;V
02/08/1996;0,0;V
03/08/1996;0,0;V
04/08/1996;0,0;V
05/08/1996;0,0;V
06/08/1996;0,0;V
07/08/1996;0,0;V
08/08/1996;0,0;V
09/08/1996;6,8;V
10/08/1996;0,0;V
11/08/1996;0,0;V
12/08/1996;16,2;V
13/08/1996;3,0;V
14/08/1996;0,0;V
15/08/1996;0,0;V
16/08/1996;0,0;V
17/08/1996;0,0;V
18/08/1996;0,0;V
19/08/1996;0,0;V
20/08/1996;0,0;V
21/08/1996;0,0;V
22/08/1996;0,0;V
23/08/1996;0,4;V
24/08/1996;0,0;V
25/08/1996;0,0;V
26/08/1996;0,0;V
27/08/1996;0,0;V
28/08/1996;5,6;V
29/08/1996;0,0;V
30/08/1996;0,0;V
31/08/1996;0,6;V
01/09/1996;3,4;V
02/09/1996;0,0;V
03/09/1996;0,2;V
04/09/1996;7,0;V
05/09/1996;0,0;V
06/09/1996;0,0;V
07/09/1996;0,0;V
08/09/1996;0,0;V
09/09/1996;0,0;V
10/09/1996;0,0;V
11/09/1996;0,0;V
12/09/1996;2,0;V
13/09/1996;23,4;V
14/09/1996;0,0;V
15/09/1996;0,0;V
16/09/1996;0,0;V
17/09/1996;0,0;V
18/09/1996;0,0;V
19/09/1996;0,8;V
20/09/1996;9,2;V
21/09/1996;24,0;V
22/09/1996;11,0;V
23/09/1996;20,8;V
24/09/1996;3,4;V
25/09/1996;0,0;V
26/09/1996;14,4;V
27/09/1996;0,0;V
28/09/1996;0,0;V
29/09/1996;0,0;V
30/09/1996;0,0;V
01/10/1996;0,0;V
02/10/1996;3,4;V
03/10/1996;21,8;V
04/10/1996;0,4;V
05/10/1996;0,0;V
06/10/1996;0,0;V
07/10/1996;0,0;V
08/10/1996;21,2;V
09/10/1996;9,2;V
10/10/1996;0,2;V
11/10/1996;0,0;V
12/10/1996;0,0;V
13/10/1996;0,0;V
14/10/1996;0,6;V
15/10/1996;2,0;V
16/10/1996;3,2;V
17/10/1996;11,2;V
18/10/1996;11,2;V
19/10/1996;0,0;V
20/10/1996;0,4;V
21/10/1996;0,0;V
22/10/1996;0,0;V
23/10/1996;0,0;V
24/10/1996;0,0;V
25/10/1996;0,0;V
26/10/1996;0,0;V
27/10/1996;0,0;V
28/10/1996;0,0;V
29/10/1996;4,4;V
30/10/1996;0,8;V
31/10/1996;0,0;V
01/11/1996;0,0;V
02/11/1996;0,0;V
03/11/1996;0,0;V
04/11/1996;0,0;V
05/11/1996;0,0;V
06/11/1996;9,6;V
07/11/1996;0,8;V
08/11/1996;5,0;V
09/11/1996;0,4;V
10/11/1996;0,0;V
11/11/1996;3,4;V
12/11/1996;0,0;V
13/11/1996;0,0;V
14/11/1996;0,0;V
15/11/1996;2,2;V
16/11/1996;0,2;V
17/11/1996;25,4;V
18/11/1996;40,2;V
19/11/1996;19,6;V
20/11/1996;9,2;V
21/11/1996;25,8;V
22/11/1996;8,2;V
23/11/1996;1,0;V
24/11/1996;5,8;V
25/11/1996;0,0;V
26/11/1996;21,6;V
27/11/1996;0,0;V
28/11/1996;14,2;V
29/11/1996;0,0;V
30/11/1996;4,6;V
01/12/1996;1,2;V
02/12/1996;0,0;V
03/12/1996;0,0;V
04/12/1996;0,0;V
05/12/1996;0,0;V
06/12/1996;0,0;V
07/12/1996;0,0;V
08/12/1996;0,0;V
09/12/1996;0,6;V
10/12/1996;7,6;V
11/12/1996;7,2;V
12/12/1996;0,2;V
13/12/1996;2,8;V
14/12/1996;80,6;V
15/12/1996;2,4;V
16/12/1996;0,0;V
17/12/1996;0,0;V
18/12/1996;0,2;V
19/12/1996;1,0;V
20/12/1996;26,0;V
21/12/1996;3,4;V
22/12/1996;0,8;V
23/12/1996;1,4;V
24/12/1996;15,4;V
25/12/1996;19,6;V
26/12/1996;0,2;V
27/12/1996;0,2;V
28/12/1996;0,0;V
29/12/1996;0,0;V
30/12/1996;0,0;V
31/12/1996;0,0;V
01/01/1997;22,2;V
02/01/1997;5,4;V
03/01/1997;20,6;V
04/01/1997;14,4;V
05/01/1997;12,0;V
06/01/1997;1,6;V
07/01/1997;4,8;V
08/01/1997;0,0;V
09/01/1997;9,0;V
10/01/1997;2,2;V
11/01/1997;0,0;V
12/01/1997;0,0;V
13/01/1997;0,0;V
14/01/1997;0,0;V
15/01/1997;0,0;V
16/01/1997;0,0;V
17/01/1997;0,0;V
18/01/1997;0,0;V
19/01/1997;0,0;V
20/01/1997;14,8;V
21/01/1997;5,6;V
22/01/1997;0,0;V
23/01/1997;0,2;V
24/01/1997;0,0;V
25/01/1997;0,0;V
26/01/1997;0,0;V
27/01/1997;0,0;V
28/01/1997;0,0;V
29/01/1997;0,0;V
30/01/1997;0,0;V
31/01/1997;0,0;V
01/02/1997;0,0;V
02/02/1997;0,0;V
03/02/1997;0,0;V
04/02/1997;0,0;V
05/02/1997;2,8;V
06/02/1997;13,4;V
07/02/1997;0,0;V
08/02/1997;0,0;V
09/02/1997;0,0;V
10/02/1997;0,0;V
11/02/1997;0,0;V
12/02/1997;0,0;V
13/02/1997;0,0;V
14/02/1997;0,0;V
15/02/1997;12,6;V
16/02/1997;31,0;V
17/02/1997;0,0;V
18/02/1997;0,0;V
19/02/1997;0,2;V
20/02/1997;0,0;V
21/02/1997;0,0;V
22/02/1997;0,0;V
23/02/1997;0,0;V
24/02/1997;0,0;V
25/02/1997;1,6;V
26/02/1997;0,8;V
27/02/1997;1,6;V
28/02/1997;0,0;V
01/03/1997;0,0;V
02/03/1997;0,0;V
03/03/1997;0,0;V
04/03/1997;0,0;V
05/03/1997;0,0;V
06/03/1997;0,0;V
07/03/1997;0,0;V
08/03/1997;0,0;V
09/03/1997;0,0;V
10/03/1997;0,0;V
11/03/1997;0,0;V
12/03/1997;0,0;V
13/03/1997;0,0;V
14/03/1997;0,0;V
15/03/1997;0,0;V
16/03/1997;0,0;V
17/03/1997;0,0;V
18/03/1997;0,0;V
19/03/1997;5,2;V
20/03/1997;4,0;V
21/03/1997;0,0;V
22/03/1997;0,0;V
23/03/1997;0,0;V
24/03/1997;34,2;V
25/03/1997;2,6;V
26/03/1997;0,0;V
27/03/1997;0,0;V
28/03/1997;0,0;V
29/03/1997;1,8;V
30/03/1997;0,0;V
31/03/1997;0,0;V
01/04/1997;0,0;V
02/04/1997;4,0;V
03/04/1997;0,0;V
04/04/1997;0,0;V
05/04/1997;0,0;V
06/04/1997;0,0;V
07/04/1997;0,0;V
08/04/1997;0,0;V
09/04/1997;0,0;V
10/04/1997;0,0;V
11/04/1997;0,0;V
12/04/1997;0,4;V
13/04/1997;0,0;V
14/04/1997;0,0;V
15/04/1997;0,0;V
16/04/1997;0,0;V
17/04/1997;0,0;V
18/04/1997;0,0;V
19/04/1997;0,0;V
20/04/1997;6,4;V
21/04/1997;31,8;V
22/04/1997;11,6;V
23/04/1997;1,8;V
24/04/1997;0,0;V
25/04/1997;0,0;V
26/04/1997;0,0;V
27/04/1997;0,2;V
28/04/1997;10,8;V
29/04/1997;0,2;V
30/04/1997;0,4;V
01/05/1997;1,4;V
02/05/1997;0,0;V
03/05/1997;0,0;V
04/05/1997;0,0;V
05/05/1997;0,0;V
06/05/1997;0,0;V
07/05/1997;24,8;V
08/05/1997;19,0;V
09/05/1997;2,4;V
10/05/1997;8,4;V
11/05/1997;0,0;V
12/05/1997;0,0;V
13/05/1997;0,6;V
14/05/1997;0,0;V
15/05/1997;0,0;V
16/05/1997;0,0;V
17/05/1997;9,8;V
18/05/1997;0,0;V
19/05/1997;0,0;V
20/05/1997;0,0;V
21/05/1997;0,0;V
22/05/1997;0,0;V
23/05/1997;0,0;V
24/05/1997;0,0;V
25/05/1997;0,0;V
26/05/1997;6,0;V
27/05/1997;0,0;V
28/05/1997;0,0;V
29/05/1997;0,0;V
30/05/1997;0,0;V
31/05/1997;0,0;V
01/06/1997;0,0;V
02/06/1997;29,6;V
03/06/1997;2,4;V
04/06/1997;0,0;V
05/06/1997;0,0;V
06/06/1997;26,5;V
07/06/1997;0,0;V
08/06/1997;0,0;V
09/06/1997;0,0;V
10/06/1997;0,0;V
11/06/1997;0,0;V
12/06/1997;0,0;V
13/06/1997;0,0;V
14/06/1997;0,0;V
15/06/1997;0,0;V
16/06/1997;0,0;V
17/06/1997;0,0;V
18/06/1997;0,0;V
19/06/1997;0,0;V
20/06/1997;24,0;V
21/06/1997;0,0;V
22/06/1997;0,0;V
23/06/1997;0,0;V
24/06/1997;0,0;V
25/06/1997;0,6;V
26/06/1997;0,0;V
27/06/1997;0,0;V
28/06/1997;0,0;V
29/06/1997;0,0;V
30/06/1997;0,2;V
01/07/1997;0,4;V
02/07/1997;0,0;V
03/07/1997;2,4;V
04/07/1997;0,0;V
05/07/1997;1,4;V
06/07/1997;40,6;V
07/07/1997;0,0;V
08/07/1997;1,2;V
09/07/1997;0,0;V
10/07/1997;0,0;V
11/07/1997;0,0;V
12/07/1997;0,6;V
13/07/1997;2,4;V
14/07/1997;0,0;V
15/07/1997;0,0;V
16/07/1997;0,0;V
17/07/1997;0,0;V
18/07/1997;3,0;V
19/07/1997;2,0;V
20/07/1997;0,0;V
21/07/1997;0,0;V
22/07/1997;0,0;V
23/07/1997;0,0;V
24/07/1997;0,0;V
25/07/1997;0,4;V
26/07/1997;0,0;V
27/07/1997;0,0;V
28/07/1997;0,0;V
29/07/1997;0,0;V
30/07/1997;0,6;V
31/07/1997;0,0;V
01/08/1997;0,0;V
02/08/1997;0,0;V
03/08/1997;0,0;V
04/08/1997;0,0;V
05/08/1997;0,0;V
06/08/1997;0,0;V
07/08/1997;5,4;V
08/08/1997;0,4;V
09/08/1997;0,0;V
10/08/1997;0,0;V
11/08/1997;0,0;V
12/08/1997;0,0;V
13/08/1997;0,0;V
14/08/1997;0,0;V
15/08/1997;0,0;V
16/08/1997;0,0;V
17/08/1997;0,0;V
18/08/1997;0,8;V
19/08/1997;0,0;V
20/08/1997;0,0;V
21/08/1997;0,2;V
22/08/1997;6,6;V
23/08/1997;0,0;V
24/08/1997;0,0;V
25/08/1997;0,0;V
26/08/1997;0,0;V
27/08/1997;86,6;V
28/08/1997;0,0;V
29/08/1997;3,0;V
30/08/1997;0,0;V
31/08/1997;0,0;V
01/09/1997;0,0;V
02/09/1997;0,0;V
03/09/1997;0,0;V
04/09/1997;0,0;V
05/09/1997;0,0;V
06/09/1997;0,0;V
07/09/1997;0,0;V
08/09/1997;0,0;V
09/09/1997;0,0;V
10/09/1997;0,0;V
11/09/1997;0,0;V
12/09/1997;0,0;V
13/09/1997;0,0;V
14/09/1997;16,2;V
15/09/1997;0,0;V
16/09/1997;0,0;V
17/09/1997;0,0;V
18/09/1997;0,0;V
19/09/1997;0,0;V
20/09/1997;0,0;V
21/09/1997;0,0;V
22/09/1997;0,0;V
23/09/1997;0,0;V
24/09/1997;0,0;V
25/09/1997;0,0;V
26/09/1997;0,0;V
27/09/1997;0,0;V
28/09/1997;0,0;V
29/09/1997;0,0;V
30/09/1997;0,0;V
01/10/1997;0,0;V
02/10/1997;0,0;V
03/10/1997;0,0;V
04/10/1997;0,0;V
05/10/1997;0,0;V
06/10/1997;0,0;V
07/10/1997;1,0;V
08/10/1997;0,2;V
09/10/1997;9,2;V
10/10/1997;0,0;V
11/10/1997;0,4;V
12/10/1997;0,0;V
13/10/1997;5,8;V
14/10/1997;4,2;V
15/10/1997;1,8;V
16/10/1997;0,0;V
17/10/1997;0,0;V
18/10/1997;0,0;V
19/10/1997;0,0;V
20/10/1997;0,0;V
21/10/1997;2,4;V
22/10/1997;0,4;V
23/10/1997;0,0;V
24/10/1997;10,4;V
25/10/1997;0,0;V
26/10/1997;0,0;V
27/10/1997;0,0;V
28/10/1997;1,0;V
29/10/1997;0,0;V
30/10/1997;0,0;V
31/10/1997;2,8;V
01/11/1997;0,0;V
02/11/1997;0,0;V
03/11/1997;0,0;V
04/11/1997;0,0;V
05/11/1997;0,0;V
06/11/1997;14,4;V
07/11/1997;22,4;V
08/11/1997;15,2;V
09/11/1997;5,4;V
10/11/1997;4,8;V
11/11/1997;7,6;V
12/11/1997;56,0;V
13/11/1997;9,6;V
14/11/1997;0,0;V
15/11/1997;0,0;V
16/11/1997;0,0;V
17/11/1997;0,0;V
18/11/1997;0,0;V
19/11/1997;0,0;V
20/11/1997;0,0;V
21/11/1997;0,0;V
22/11/1997;1,4;V
23/11/1997;23,3;V
24/11/1997;0,8;V
25/11/1997;0,2;V
26/11/1997;2,2;V
27/11/1997;3,0;V
28/11/1997;1,2;V
29/11/1997;10,8;V
30/11/1997;11,6;V
01/12/1997;10,6;V
02/12/1997;0,8;V
03/12/1997;11,8;V
04/12/1997;2,0;V
05/12/1997;0,0;V
06/12/1997;0,0;V
07/12/1997;0,0;V
08/12/1997;0,0;V
09/12/1997;0,0;V
10/12/1997;0,4;V
11/12/1997;0,0;V
12/12/1997;18,2;V
13/12/1997;3,2;V
14/12/1997;0,0;V
15/12/1997;0,0;V
16/12/1997;0,0;V
17/12/1997;0,8;V
18/12/1997;4,6;V
19/12/1997;7,6;V
20/12/1997;11,2;V
21/12/1997;9,6;V
22/12/1997;0,6;V
23/12/1997;0,2;V
24/12/1997;0,0;V
25/12/1997;0,0;V
26/12/1997;2,2;V
27/12/1997;19,6;V
28/12/1997;0,2;V
29/12/1997;0,0;V
30/12/1997;0,0;V
31/12/1997;7,2;V
01/01/1998;0,2;V
02/01/1998;6,0;V
03/01/1998;3,8;V
04/01/1998;1,8;V
05/01/1998;0,0;V
06/01/1998;0,0;V
07/01/1998;0,0;V
08/01/1998;0,0;V
09/01/1998;0,0;V
10/01/1998;0,0;V
11/01/1998;0,2;V
12/01/1998;0,0;V
13/01/1998;0,0;V
14/01/1998;14,2;V
15/01/1998;0,4;V
16/01/1998;2,4;V
17/01/1998;4,8;V
18/01/1998;0,0;V
19/01/1998;14,2;V
20/01/1998;0,4;V
21/01/1998;0,0;V
22/01/1998;0,0;V
23/01/1998;0,8;V
24/01/1998;0,0;V
25/01/1998;0,0;V
26/01/1998;0,0;V
27/01/1998;0,0;V
28/01/1998;0,0;V
29/01/1998;0,0;V
30/01/1998;0,8;V
31/01/1998;3,0;V
01/02/1998;0,0;V
02/02/1998;2,0;V
03/02/1998;7,0;V
04/02/1998;2,2;V
05/02/1998;0,0;V
06/02/1998;0,0;V
07/02/1998;0,0;V
08/02/1998;0,0;V
09/02/1998;0,0;V
10/02/1998;0,0;V
11/02/1998;0,0;V
12/02/1998;0,0;V
13/02/1998;0,0;V
14/02/1998;0,0;V
15/02/1998;0,0;V
16/02/1998;0,0;V
17/02/1998;0,0;V
18/02/1998;0,0;V
19/02/1998;0,0;V
20/02/1998;0,0;V
21/02/1998;0,0;V
22/02/1998;0,0;V
23/02/1998;27,2;V
24/02/1998;0,0;V
25/02/1998;0,0;V
26/02/1998;0,0;V
27/02/1998;0,0;V
28/02/1998;0,0;V
01/03/1998;0,0;V
02/03/1998;0,0;V
03/03/1998;0,0;V
04/03/1998;1,0;V
05/03/1998;0,0;V
06/03/1998;0,0;V
07/03/1998;0,0;V
08/03/1998;1,0;V
09/03/1998;6,8;V
10/03/1998;0,0;V
11/03/1998;0,4;V
12/03/1998;5,6;V
13/03/1998;0,2;V
14/03/1998;0,0;V
15/03/1998;0,0;V
16/03/1998;0,0;V
17/03/1998;0,0;V
18/03/1998;0,0;V
19/03/1998;0,0;V
20/03/1998;0,0;V
21/03/1998;0,0;V
22/03/1998;0,0;V
23/03/1998;4,6;V
24/03/1998;16,8;V
25/03/1998;0,0;V
26/03/1998;0,0;V
27/03/1998;0,0;V
28/03/1998;0,0;V
29/03/1998;0,0;V
30/03/1998;0,0;V
31/03/1998;0,0;V
01/04/1998;0,0;V
02/04/1998;1,6;V
03/04/1998;0,0;V
04/04/1998;0,0;V
05/04/1998;27,2;V
06/04/1998;4,0;V
07/04/1998;0,4;V
08/04/1998;5,2;V
09/04/1998;4,2;V
10/04/1998;18,2;V
11/04/1998;15,0;V
12/04/1998;17,4;V
13/04/1998;1,2;V
14/04/1998;2,0;V
15/04/1998;11,0;V
16/04/1998;18,6;V
17/04/1998;0,4;V
18/04/1998;0,6;V
19/04/1998;0,6;V
20/04/1998;0,0;V
21/04/1998;0,0;V
22/04/1998;0,0;V
23/04/1998;0,0;V
24/04/1998;0,0;V
25/04/1998;0,0;V
26/04/1998;0,0;V
27/04/1998;5,0;V
28/04/1998;0,4;V
29/04/1998;1,8;V
30/04/1998;13,8;V
01/05/1998;3,6;V
02/05/1998;1,2;V
03/05/1998;1,4;V
04/05/1998;1,8;V
05/05/1998;0,0;V
06/05/1998;0,0;V
07/05/1998;0,0;V
08/05/1998;0,0;V
09/05/1998;0,0;V
10/05/1998;0,0;V
11/05/1998;0,0;V
12/05/1998;0,0;V
13/05/1998;0,0;V
14/05/1998;0,0;V
15/05/1998;0,0;V
16/05/1998;0,0;V
17/05/1998;0,0;V
18/05/1998;0,0;V
19/05/1998;0,0;V
20/05/1998;0,0;V
21/05/1998;0,0;V
22/05/1998;1,0;V
23/05/1998;3,8;V
24/05/1998;7,4;V
25/05/1998;0,0;V
26/05/1998;0,2;V
27/05/1998;0,8;V
28/05/1998;6,0;V
29/05/1998;15,0;V
30/05/1998;0,0;V
31/05/1998;6,4;V
01/06/1998;0,0;V
02/06/1998;0,0;V
03/06/1998;0,0;V
04/06/1998;0,0;V
05/06/1998;0,6;V
06/06/1998;0,4;V
07/06/1998;8,4;V
08/06/1998;0,0;V
09/06/1998;0,0;V
10/06/1998;0,0;V
11/06/1998;35,0;V
12/06/1998;2,0;V
13/06/1998;0,0;V
14/06/1998;0,0;V
15/06/1998;0,2;V
16/06/1998;0,8;V
17/06/1998;0,0;V
18/06/1998;0,0;V
19/06/1998;0,0;V
20/06/1998;0,0;V
21/06/1998;0,0;V
22/06/1998;0,0;V
23/06/1998;0,0;V
24/06/1998;0,0;V
25/06/1998;0,0;V
26/06/1998;0,0;V
27/06/1998;0,0;V
28/06/1998;0,0;V
29/06/1998;0,0;V
30/06/1998;0,0;V
01/07/1998;0,0;V
02/07/1998;0,0;V
03/07/1998;0,0;V
04/07/1998;0,0;V
05/07/1998;0,0;V
06/07/1998;0,0;V
07/07/1998;0,0;V
08/07/1998;0,0;V
09/07/1998;0,0;V
10/07/1998;0,0;V
11/07/1998;0,0;V
12/07/1998;0,0;V
13/07/1998;0,0;V
14/07/1998;12,2;V
15/07/1998;0,0;V
16/07/1998;0,0;V
17/07/1998;0,0;V
18/07/1998;0,0;V
19/07/1998;0,0;V
20/07/1998;0,0;V
21/07/1998;0,0;V
22/07/1998;0,0;V
23/07/1998;0,0;V
24/07/1998;0,0;V
25/07/1998;0,0;V
26/07/1998;0,0;V
27/07/1998;0,0;V
28/07/1998;0,8;V
29/07/1998;0,0;V
30/07/1998;0,0;V
31/07/1998;0,0;V
01/08/1998;0,0;V
02/08/1998;0,0;V
03/08/1998;0,0;V
04/08/1998;0,0;V
05/08/1998;0,0;V
06/08/1998;0,0;V
07/08/1998;0,0;V
08/08/1998;0,0;V
09/08/1998;0,0;V
10/08/1998;0,0;V
11/08/1998;0,0;V
12/08/1998;0,0;V
13/08/1998;0,0;V
14/08/1998;0,0;V
15/08/1998;0,0;V
16/08/1998;0,0;V
17/08/1998;0,0;V
18/08/1998;19,0;V
19/08/1998;22,8;V
20/08/1998;0,0;V
21/08/1998;0,0;V
22/08/1998;0,0;V
23/08/1998;0,0;V
24/08/1998;0,0;V
25/08/1998;0,0;V
26/08/1998;0,0;V
27/08/1998;0,0;V
28/08/1998;8,4;V
29/08/1998;0,0;V
30/08/1998;0,0;V
31/08/1998;0,0;V
01/09/1998;0,0;V
02/09/1998;0,0;V
03/09/1998;0,0;V
04/09/1998;0,0;V
05/09/1998;12,4;V
06/09/1998;0,0;V
07/09/1998;0,2;V
08/09/1998;0,0;V
09/09/1998;0,0;V
10/09/1998;0,0;V
11/09/1998;0,0;V
12/09/1998;12,4;V
13/09/1998;7,6;V
14/09/1998;0,2;V
15/09/1998;0,0;V
16/09/1998;0,0;V
17/09/1998;2,6;V
18/09/1998;0,0;V
19/09/1998;0,0;V
20/09/1998;0,0;V
21/09/1998;0,0;V
22/09/1998;0,0;V
23/09/1998;0,0;V
24/09/1998;0,0;V
25/09/1998;17,8;V
26/09/1998;74,8;V
27/09/1998;17,4;V
28/09/1998;4,2;V
29/09/1998;0,0;V
30/09/1998;11,8;V
01/10/1998;21,6;V
02/10/1998;0,0;V
03/10/1998;1,0;V
04/10/1998;8,2;V
05/10/1998;61,2;V
06/10/1998;20,4;V
07/10/1998;16,6;V
08/10/1998;1,4;V
09/10/1998;7,8;V
10/10/1998;0,0;V
11/10/1998;0,0;V
12/10/1998;0,4;V
13/10/1998;0,0;V
14/10/1998;0,0;V
15/10/1998;0,0;V
16/10/1998;0,0;V
17/10/1998;0,0;V
18/10/1998;9,8;V
19/10/1998;26,4;V
20/10/1998;0,0;V
21/10/1998;0,0;V
22/10/1998;0,0;V
23/10/1998;0,0;V
24/10/1998;0,0;V
25/10/1998;7,8;V
26/10/1998;0,0;V
27/10/1998;0,0;V
28/10/1998;0,2;V
29/10/1998;0,2;V
30/10/1998;0,0;V
31/10/1998;0,4;V
01/11/1998;1,4;V
02/11/1998;0,0;V
03/11/1998;15,6;V
04/11/1998;41,2;V
05/11/1998;1,2;V
06/11/1998;0,0;V
07/11/1998;0,0;V
08/11/1998;0,0;V
09/11/1998;0,0;V
10/11/1998;9,4;V
11/11/1998;0,4;V
12/11/1998;0,0;V
13/11/1998;0,0;V
14/11/1998;4,4;V
15/11/1998;1,8;V
16/11/1998;0,8;V
17/11/1998;0,0;V
18/11/1998;0,0;V
19/11/1998;0,0;V
20/11/1998;0,0;V
21/11/1998;0,8;V
22/11/1998;0,0;V
23/11/1998;0,6;V
24/11/1998;0,2;V
25/11/1998;0,0;V
26/11/1998;0,0;V
27/11/1998;0,0;V
28/11/1998;0,6;V
29/11/1998;0,0;V
30/11/1998;1,4;V
01/12/1998;1,8;V
02/12/1998;0,0;V
03/12/1998;1,8;V
04/12/1998;4,4;V
05/12/1998;0,0;V
06/12/1998;0,0;V
07/12/1998;0,0;V
08/12/1998;0,0;V
09/12/1998;0,0;V
10/12/1998;0,4;V
11/12/1998;2,4;V
12/12/1998;0,0;V
13/12/1998;0,0;V
14/12/1998;0,0;V
15/12/1998;0,0;V
16/12/1998;0,0;V
17/12/1998;0,0;V
18/12/1998;0,0;V
19/12/1998;0,0;V
20/12/1998;0,0;V
21/12/1998;32,0;V
22/12/1998;0,0;V
23/12/1998;0,0;V
24/12/1998;0,0;V
25/12/1998;0,0;V
26/12/1998;0,0;V
27/12/1998;1,4;V
28/12/1998;1,0;V
29/12/1998;0,0;V
30/12/1998;0,0;V
31/12/1998;0,4;V
01/01/1999;0,2;V
02/01/1999;2,2;V
03/01/1999;0,0;V
04/01/1999;0,0;V
05/01/1999;0,0;V
06/01/1999;0,0;V
07/01/1999;0,0;V
08/01/1999;1,4;V
09/01/1999;3,6;V
10/01/1999;24,4;V
11/01/1999;15,0;V
12/01/1999;0,4;V
13/01/1999;14,6;V
14/01/1999;0,0;V
15/01/1999;0,2;V
16/01/1999;0,2;V
17/01/1999;0,0;V
18/01/1999;0,0;V
19/01/1999;0,0;V
20/01/1999;0,0;V
21/01/1999;0,0;V
22/01/1999;0,0;V
23/01/1999;0,0;V
24/01/1999;0,0;V
25/01/1999;0,2;V
26/01/1999;3,6;V
27/01/1999;27,2;V
28/01/1999;0,0;V
29/01/1999;0,0;V
30/01/1999;0,6;V
31/01/1999;0,0;V
01/02/1999;0,0;V
02/02/1999;0,0;V
03/02/1999;0,0;V
04/02/1999;0,0;V
05/02/1999;0,0;V
06/02/1999;0,0;V
07/02/1999;9,4;V
08/02/1999;0,0;V
09/02/1999;53,6;V
10/02/1999;1,8;V
11/02/1999;2,0;V
12/02/1999;0,2;V
13/02/1999;0,0;V
14/02/1999;0,0;V
15/02/1999;0,0;V
16/02/1999;0,0;V
17/02/1999;0,0;V
18/02/1999;0,0;V
19/02/1999;0,0;V
20/02/1999;0,0;V
21/02/1999;0,0;V
22/02/1999;2,2;V
23/02/1999;0,0;V
24/02/1999;4,6;V
25/02/1999;4,8;V
26/02/1999;0,0;V
27/02/1999;0,0;V
28/02/1999;0,0;V
01/03/1999;0,0;V
02/03/1999;0,0;V
03/03/1999;0,0;V
04/03/1999;14,2;V
05/03/1999;13,8;V
06/03/1999;7,4;V
07/03/1999;6,0;V
08/03/1999;0,2;V
09/03/1999;0,2;V
10/03/1999;0,0;V
11/03/1999;0,0;V
12/03/1999;0,0;V
13/03/1999;0,2;V
14/03/1999;0,0;V
15/03/1999;0,0;V
16/03/1999;0,0;V
17/03/1999;0,0;V
18/03/1999;0,0;V
19/03/1999;0,0;V
20/03/1999;0,0;V
21/03/1999;0,0;V
22/03/1999;11,0;V
23/03/1999;0,0;V
24/03/1999;0,0;V
25/03/1999;2,0;V
26/03/1999;18,8;V
27/03/1999;15,6;V
28/03/1999;0,2;V
29/03/1999;4,2;V
30/03/1999;0,4;V
31/03/1999;0,0;V
01/04/1999;0,0;V
02/04/1999;0,0;V
03/04/1999;0,0;V
04/04/1999;0,0;V
05/04/1999;0,0;V
06/04/1999;0,0;V
07/04/1999;8,0;V
08/04/1999;11,0;V
09/04/1999;7,2;V
10/04/1999;0,0;V
11/04/1999;0,0;V
12/04/1999;2,0;V
13/04/1999;16,6;V
14/04/1999;0,0;V
15/04/1999;0,0;V
16/04/1999;23,2;V
17/04/1999;8,4;V
18/04/1999;0,8;V
19/04/1999;0,8;V
20/04/1999;15,0;V
21/04/1999;2,0;V
22/04/1999;3,8;V
23/04/1999;0,0;V
24/04/1999;1,4;V
25/04/1999;0,2;V
26/04/1999;0,0;V
27/04/1999;8,6;V
28/04/1999;0,0;V
29/04/1999;0,6;V
30/04/1999;0,2;V
01/05/1999;0,0;V
02/05/1999;0,0;V
03/05/1999;1,0;V
04/05/1999;11,8;V
05/05/1999;0,0;V
06/05/1999;0,6;V
07/05/1999;0,0;V
08/05/1999;0,0;V
09/05/1999;4,0;V
10/05/1999;0,2;V
11/05/1999;0,0;V
12/05/1999;0,4;V
13/05/1999;0,4;V
14/05/1999;0,0;V
15/05/1999;0,0;V
16/05/1999;9,2;V
17/05/1999;0,8;V
18/05/1999;0,0;V
19/05/1999;0,0;V
20/05/1999;5,2;V
21/05/1999;3,2;V
22/05/1999;0,2;V
23/05/1999;0,0;V
24/05/1999;0,0;V
25/05/1999;0,0;V
26/05/1999;0,0;V
27/05/1999;0,0;V
28/05/1999;0,0;V
29/05/1999;0,0;V
30/05/1999;0,0;V
31/05/1999;0,0;V
01/06/1999;0,0;V
02/06/1999;0,0;V
03/06/1999;0,0;V
04/06/1999;0,0;V
05/06/1999;0,0;V
06/06/1999;0,0;V
07/06/1999;0,0;V
08/06/1999;5,4;V
09/06/1999;0,0;V
10/06/1999;0,4;V
11/06/1999;0,0;V
12/06/1999;0,0;V
13/06/1999;0,0;V
14/06/1999;0,0;V
15/06/1999;20,0;V
16/06/1999;7,2;V
17/06/1999;1,6;V
18/06/1999;0,0;V
19/06/1999;12,2;V
20/06/1999;7,8;V
21/06/1999;3,0;V
22/06/1999;0,0;V
23/06/1999;0,0;V
24/06/1999;0,0;V
25/06/1999;0,0;V
26/06/1999;0,0;V
27/06/1999;0,0;V
28/06/1999;10,4;V
29/06/1999;0,0;V
30/06/1999;0,0;V
01/07/1999;0,0;V
02/07/1999;0,0;V
03/07/1999;0,0;V
04/07/1999;0,0;V
05/07/1999;0,0;V
06/07/1999;0,0;V
07/07/1999;5,2;V
08/07/1999;0,0;V
09/07/1999;1,0;V
10/07/1999;0,4;V
11/07/1999;0,0;V
12/07/1999;0,0;V
13/07/1999;0,0;V
14/07/1999;0,0;V
15/07/1999;7,4;V
16/07/1999;0,0;V
17/07/1999;0,0;V
18/07/1999;0,0;V
19/07/1999;0,0;V
20/07/1999;0,0;V
21/07/1999;0,0;V
22/07/1999;0,0;V
23/07/1999;0,0;V
24/07/1999;0,0;V
25/07/1999;0,2;V
26/07/1999;0,0;V
27/07/1999;0,0;V
28/07/1999;4,4;V
29/07/1999;0,2;V
30/07/1999;0,0;V
31/07/1999;0,0;V
01/08/1999;0,0;V
02/08/1999;1,4;V
03/08/1999;0,0;V
04/08/1999;0,0;V
05/08/1999;0,0;V
06/08/1999;0,0;V
07/08/1999;0,0;V
08/08/1999;0,0;V
09/08/1999;0,0;V
10/08/1999;0,0;V
11/08/1999;0,0;V
12/08/1999;0,0;V
13/08/1999;1,2;V
14/08/1999;0,0;V
15/08/1999;2,8;V
16/08/1999;0,0;V
17/08/1999;0,0;V
18/08/1999;0,0;V
19/08/1999;0,0;V
20/08/1999;0,0;V
21/08/1999;0,0;V
22/08/1999;0,0;V
23/08/1999;0,0;V
24/08/1999;0,0;V
25/08/1999;0,0;V
26/08/1999;0,0;V
27/08/1999;11,8;V
28/08/1999;0,0;V
29/08/1999;13,0;V
30/08/1999;3,2;V
31/08/1999;0,0;V
01/09/1999;0,0;V
02/09/1999;0,8;V
03/09/1999;0,0;V
04/09/1999;10,6;V
05/09/1999;0,2;V
06/09/1999;0,0;V
07/09/1999;0,0;V
08/09/1999;0,0;V
09/09/1999;0,0;V
10/09/1999;0,0;V
11/09/1999;0,0;V
12/09/1999;0,0;V
13/09/1999;0,0;V
14/09/1999;0,0;V
15/09/1999;0,0;V
16/09/1999;0,8;V
17/09/1999;4,4;V
18/09/1999;0,2;V
19/09/1999;0,0;V
20/09/1999;41,0;V
21/09/1999;0,0;V
22/09/1999;0,0;V
23/09/1999;0,2;V
24/09/1999;0,0;V
25/09/1999;0,0;V
26/09/1999;2,2;V
27/09/1999;3,6;V
28/09/1999;7,8;V
29/09/1999;0,0;V
30/09/1999;0,0;V
01/10/1999;0,2;V
02/10/1999;0,2;V
03/10/1999;0,2;V
04/10/1999;8,4;V
05/10/1999;1,2;V
06/10/1999;0,0;V
07/10/1999;0,0;V
08/10/1999;0,0;V
09/10/1999;0,0;V
10/10/1999;0,0;V
11/10/1999;0,0;V
12/10/1999;0,2;V
13/10/1999;0,0;V
14/10/1999;0,0;V
15/10/1999;19,6;V
16/10/1999;1,0;V
17/10/1999;0,0;V
18/10/1999;14,2;V
19/10/1999;0,6;V
20/10/1999;9,0;V
21/10/1999;25,8;V
22/10/1999;0,2;V
23/10/1999;17,2;V
24/10/1999;14,8;V
25/10/1999;0,0;V
26/10/1999;0,0;V
27/10/1999;0,0;V
28/10/1999;0,0;V
29/10/1999;0,0;V
30/10/1999;0,0;V
31/10/1999;0,0;V
01/11/1999;0,0;V
02/11/1999;0,0;V
03/11/1999;46,2;V
04/11/1999;0,2;V
05/11/1999;0,0;V
06/11/1999;8,2;V
07/11/1999;21,4;V
08/11/1999;0,0;V
09/11/1999;0,0;V
10/11/1999;0,0;V
11/11/1999;0,8;V
12/11/1999;0,4;V
13/11/1999;0,0;V
14/11/1999;2,8;V
15/11/1999;5,6;V
16/11/1999;3,2;V
17/11/1999;8,8;V
18/11/1999;9,8;V
19/11/1999;57,8;V
20/11/1999;0,0;V
21/11/1999;12,2;V
22/11/1999;9,2;V
23/11/1999;0,2;V
24/11/1999;0,0;V
25/11/1999;0,0;V
26/11/1999;0,0;V
27/11/1999;0,0;V
28/11/1999;0,0;V
29/11/1999;0,0;V
30/11/1999;0,0;V
01/12/1999;0,0;V
02/12/1999;0,0;V
03/12/1999;0,0;V
04/12/1999;10,4;V
05/12/1999;10,8;V
06/12/1999;0,0;V
07/12/1999;0,0;V
08/12/1999;0,4;V
09/12/1999;1,6;V
10/12/1999;17,2;V
11/12/1999;0,2;V
12/12/1999;4,2;V
13/12/1999;0,0;V
14/12/1999;9,6;V
15/12/1999;11,2;V
16/12/1999;1,2;V
17/12/1999;0,0;V
18/12/1999;0,0;V
19/12/1999;3,4;V
20/12/1999;11,4;V
21/12/1999;2,4;V
22/12/1999;0,0;V
23/12/1999;0,0;V
24/12/1999;0,2;V
25/12/1999;9,4;V
26/12/1999;0,2;V
27/12/1999;10,6;V
28/12/1999;12,0;V
29/12/1999;0,0;V
30/12/1999;0,0;V
31/12/1999;0,0;V
01/01/2000;0,0;V
02/01/2000;0,0;V
03/01/2000;0,0;V
04/01/2000;0,0;V
05/01/2000;0,0;V
06/01/2000;0,0;V
07/01/2000;0,0;V
08/01/2000;0,0;V
09/01/2000;0,0;V
10/01/2000;0,0;V
11/01/2000;0,0;V
12/01/2000;0,0;V
13/01/2000;0,0;V
14/01/2000;0,0;V
15/01/2000;1,6;V
16/01/2000;0,0;V
17/01/2000;0,0;V
18/01/2000;0,0;V
19/01/2000;0,0;V
20/01/2000;0,0;V
21/01/2000;0,0;V
22/01/2000;0,0;V
23/01/2000;8,8;V
24/01/2000;1,0;V
25/01/2000;0,0;V
26/01/2000;0,0;V
27/01/2000;0,0;V
28/01/2000;3,0;V
29/01/2000;8,2;V
30/01/2000;0,0;V
31/01/2000;0,0;V
01/02/2000;0,0;V
02/02/2000;0,0;V
03/02/2000;13,2;V
04/02/2000;0,0;V
05/02/2000;0,0;V
06/02/2000;0,0;V
07/02/2000;0,0;V
08/02/2000;1,0;V
09/02/2000;3,4;V
10/02/2000;0,2;V
11/02/2000;0,0;V
12/02/2000;0,0;V
13/02/2000;0,0;V
14/02/2000;0,0;V
15/02/2000;0,0;V
16/02/2000;0,0;V
17/02/2000;13,6;V
18/02/2000;0,0;V
19/02/2000;0,0;V
20/02/2000;0,0;V
21/02/2000;0,0;V
22/02/2000;0,0;V
23/02/2000;0,0;V
24/02/2000;0,0;V
25/02/2000;0,0;V
26/02/2000;0,0;V
27/02/2000;0,0;V
28/02/2000;0,0;V
29/02/2000;0,0;V
01/03/2000;5,4;V
02/03/2000;30,0;V
03/03/2000;0,2;V
04/03/2000;0,0;V
05/03/2000;0,0;V
06/03/2000;0,0;V
07/03/2000;0,0;V
08/03/2000;0,0;V
09/03/2000;0,0;V
10/03/2000;0,0;V
11/03/2000;0,0;V
12/03/2000;0,0;V
13/03/2000;0,0;V
14/03/2000;0,0;V
15/03/2000;0,0;V
16/03/2000;0,0;V
17/03/2000;0,0;V
18/03/2000;0,0;V
19/03/2000;0,0;V
20/03/2000;1,4;V
21/03/2000;0,0;V
22/03/2000;0,0;V
23/03/2000;0,0;V
24/03/2000;0,0;V
25/03/2000;12,2;V
26/03/2000;6,4;V
27/03/2000;0,6;V
28/03/2000;2,0;V
29/03/2000;11,8;V
30/03/2000;6,8;V
31/03/2000;0,6;V
01/04/2000;1,2;V
02/04/2000;0,0;V
03/04/2000;6,6;V
04/04/2000;6,0;V
05/04/2000;16,2;V
06/04/2000;0,0;V
07/04/2000;1,2;V
08/04/2000;0,0;V
09/04/2000;0,0;V
10/04/2000;5,0;V
11/04/2000;0,2;V
12/04/2000;11,8;V
13/04/2000;1,2;V
14/04/2000;0,0;V
15/04/2000;0,0;V
16/04/2000;0,0;V
17/04/2000;0,0;V
18/04/2000;1,8;V
19/04/2000;0,0;V
20/04/2000;0,0;V
21/04/2000;0,0;V
22/04/2000;0,0;V
23/04/2000;0,0;V
24/04/2000;1,0;V
25/04/2000;1,2;V
26/04/2000;0,0;V
27/04/2000;0,0;V
28/04/2000;0,0;V
29/04/2000;3,2;V
30/04/2000;10,8;V
01/05/2000;0,0;V
02/05/2000;0,2;V
03/05/2000;0,0;V
04/05/2000;0,0;V
05/05/2000;0,0;V
06/05/2000;0,0;V
07/05/2000;1,4;V
08/05/2000;2,8;V
09/05/2000;0,0;V
10/05/2000;3,2;V
11/05/2000;0,0;V
12/05/2000;0,0;V
13/05/2000;0,0;V
14/05/2000;12,6;V
15/05/2000;0,0;V
16/05/2000;0,0;V
17/05/2000;0,0;V
18/05/2000;0,0;V
19/05/2000;0,0;V
20/05/2000;0,0;V
21/05/2000;0,0;V
22/05/2000;0,0;V
23/05/2000;0,0;V
24/05/2000;0,0;V
25/05/2000;0,0;V
26/05/2000;0,0;V
27/05/2000;1,2;V
28/05/2000;0,8;V
29/05/2000;0,8;V
30/05/2000;0,0;V
31/05/2000;0,0;V
01/06/2000;0,0;V
02/06/2000;0,0;V
03/06/2000;0,0;V
04/06/2000;0,0;V
05/06/2000;0,0;V
06/06/2000;0,0;V
07/06/2000;1,0;V
08/06/2000;0,8;V
09/06/2000;0,0;V
10/06/2000;1,8;V
11/06/2000;29,2;V
12/06/2000;26,2;V
13/06/2000;0,4;V
14/06/2000;1,2;V
15/06/2000;0,0;V
16/06/2000;0,8;V
17/06/2000;0,4;V
18/06/2000;0,0;V
19/06/2000;0,0;V
20/06/2000;0,0;V
21/06/2000;0,0;V
22/06/2000;0,0;V
23/06/2000;0,0;V
24/06/2000;0,0;V
25/06/2000;0,0;V
26/06/2000;1,6;V
27/06/2000;0,0;V
28/06/2000;0,0;V
29/06/2000;2,8;V
30/06/2000;0,0;V
01/07/2000;0,0;V
02/07/2000;0,0;V
03/07/2000;0,0;V
04/07/2000;0,0;V
05/07/2000;0,0;V
06/07/2000;0,0;V
07/07/2000;0,0;V
08/07/2000;0,0;V
09/07/2000;2,0;V
10/07/2000;0,0;V
11/07/2000;10,4;V
12/07/2000;0,0;V
13/07/2000;0,4;V
14/07/2000;0,0;V
15/07/2000;3,0;V
16/07/2000;12,4;V
17/07/2000;0,0;V
18/07/2000;0,0;V
19/07/2000;0,0;V
20/07/2000;0,0;V
21/07/2000;0,0;V
22/07/2000;0,0;V
23/07/2000;0,0;V
24/07/2000;0,0;V
25/07/2000;0,0;V
26/07/2000;0,0;V
27/07/2000;;@
28/07/2000;;@
29/07/2000;;@
30/07/2000;;@
31/07/2000;0,0;V
01/08/2000;0,0;V
02/08/2000;0,0;V
03/08/2000;0,0;V
04/08/2000;0,0;V
05/08/2000;5,6;V
06/08/2000;16,8;V
07/08/2000;0,0;V
08/08/2000;0,0;V
09/08/2000;0,0;V
10/08/2000;0,0;V
11/08/2000;0,0;V
12/08/2000;0,0;V
13/08/2000;;@
14/08/2000;;@
15/08/2000;;@
16/08/2000;;@
17/08/2000;;@
18/08/2000;;@
19/08/2000;;@
20/08/2000;;@
21/08/2000;;@
22/08/2000;;@
23/08/2000;;@
24/08/2000;;@
25/08/2000;;@
26/08/2000;;@
27/08/2000;;@
28/08/2000;;@
29/08/2000;;@
30/08/2000;;@
31/08/2000;0,0;V
01/09/2000;5,0;V
02/09/2000;0,0;V
03/09/2000;0,0;V
04/09/2000;8,0;V
05/09/2000;0,0;V
06/09/2000;0,0;V
07/09/2000;0,6;V
08/09/2000;2,8;V
09/09/2000;0,0;V
10/09/2000;0,0;V
11/09/2000;0,0;V
12/09/2000;0,0;V
13/09/2000;0,0;V
14/09/2000;0,0;V
15/09/2000;0,0;V
16/09/2000;0,0;V
17/09/2000;0,0;V
18/09/2000;0,0;V
19/09/2000;0,0;V
20/09/2000;0,0;V
21/09/2000;16,6;V
22/09/2000;0,2;V
23/09/2000;0,0;V
24/09/2000;0,0;V
25/09/2000;0,0;V
26/09/2000;0,0;V
27/09/2000;0,0;V
28/09/2000;0,0;V
29/09/2000;0,0;V
30/09/2000;1,2;V
01/10/2000;13,6;V
02/10/2000;9,8;V
03/10/2000;3,2;V
04/10/2000;0,4;V
05/10/2000;0,2;V
06/10/2000;0,0;V
07/10/2000;0,8;V
08/10/2000;0,8;V
09/10/2000;0,0;V
10/10/2000;0,4;V
11/10/2000;4,4;V
12/10/2000;0,0;V
13/10/2000;0,0;V
14/10/2000;3,4;V
15/10/2000;0,2;V
16/10/2000;10,2;V
17/10/2000;2,2;V
18/10/2000;0,2;V
19/10/2000;0,0;V
20/10/2000;0,2;V
21/10/2000;0,0;V
22/10/2000;0,0;V
23/10/2000;0,0;V
24/10/2000;0,2;V
25/10/2000;0,0;V
26/10/2000;1,2;V
27/10/2000;7,4;V
28/10/2000;0,2;V
29/10/2000;0,0;V
30/10/2000;0,0;V
31/10/2000;4,2;V
01/11/2000;13,2;V
02/11/2000;0,6;V
03/11/2000;30,2;V
04/11/2000;28,0;V
05/11/2000;9,4;V
06/11/2000;7,4;V
07/11/2000;67,2;V
08/11/2000;10,0;V
09/11/2000;3,4;V
10/11/2000;6,2;V
11/11/2000;2,2;V
12/11/2000;0,4;V
13/11/2000;1,6;V
14/11/2000;0,6;V
15/11/2000;6,2;V
16/11/2000;27,4;V
17/11/2000;4,0;V
18/11/2000;0,4;V
19/11/2000;0,0;V
20/11/2000;16,6;V
21/11/2000;51,6;V
22/11/2000;9,0;V
23/11/2000;0,0;V
24/11/2000;6,8;V
25/11/2000;5,2;V
26/11/2000;2,6;V
27/11/2000;3,4;V
28/11/2000;0,0;V
29/11/2000;0,0;V
30/11/2000;0,0;V
01/12/2000;0,0;V
02/12/2000;0,0;V
03/12/2000;1,0;V
04/12/2000;7,2;V
05/12/2000;0,0;V
06/12/2000;0,2;V
07/12/2000;0,6;V
08/12/2000;0,0;V
09/12/2000;0,0;V
10/12/2000;0,8;V
11/12/2000;0,0;V
12/12/2000;0,0;V
13/12/2000;0,0;V
14/12/2000;0,0;V
15/12/2000;0,2;V
16/12/2000;2,4;V
17/12/2000;0,0;V
18/12/2000;4,0;V
19/12/2000;0,2;V
20/12/2000;0,0;V
21/12/2000;0,0;V
22/12/2000;0,0;V
23/12/2000;0,0;V
24/12/2000;0,0;V
25/12/2000;13,0;V
26/12/2000;48,2;V
27/12/2000;18,8;V
28/12/2000;29,2;V
29/12/2000;0,2;V
30/12/2000;2,2;V
31/12/2000;6,0;V
01/01/2001;0,0;V
02/01/2001;0,0;V
03/01/2001;16,0;V
04/01/2001;0,4;V
05/01/2001;8,4;V
06/01/2001;5,2;V
07/01/2001;0,6;V
08/01/2001;12,2;V
09/01/2001;0,8;V
10/01/2001;0,0;V
11/01/2001;0,0;V
12/01/2001;2,0;V
13/01/2001;10,6;V
14/01/2001;0,2;V
15/01/2001;0,0;V
16/01/2001;0,0;V
17/01/2001;0,0;V
18/01/2001;15,0;R
19/01/2001;0,0;V
20/01/2001;0,0;V
21/01/2001;0,0;V
22/01/2001;0,0;V
23/01/2001;0,4;V
24/01/2001;1,4;V
25/01/2001;2,4;V
26/01/2001;21,4;V
27/01/2001;1,0;V
28/01/2001;13,6;V
29/01/2001;0,8;V
30/01/2001;4,2;V
31/01/2001;2,4;V
01/02/2001;0,0;V
02/02/2001;0,0;V
03/02/2001;0,0;V
04/02/2001;1,4;V
05/02/2001;4,6;V
06/02/2001;0,2;V
07/02/2001;0,0;V
08/02/2001;0,0;V
09/02/2001;21,8;V
10/02/2001;7,8;V
11/02/2001;0,2;V
12/02/2001;0,0;V
13/02/2001;0,0;V
14/02/2001;0,0;V
15/02/2001;0,0;V
16/02/2001;0,0;V
17/02/2001;0,0;V
18/02/2001;0,0;V
19/02/2001;0,0;V
20/02/2001;0,2;V
21/02/2001;0,0;V
22/02/2001;0,0;V
23/02/2001;0,0;V
24/02/2001;0,2;V
25/02/2001;0,0;V
26/02/2001;0,0;V
27/02/2001;1,2;V
28/02/2001;0,0;V
01/03/2001;6,0;V
02/03/2001;18,8;V
03/03/2001;44,0;V
04/03/2001;12,6;V
05/03/2001;9,4;V
06/03/2001;0,0;V
07/03/2001;0,0;V
08/03/2001;0,0;V
09/03/2001;12,0;V
10/03/2001;0,2;V
11/03/2001;6,8;V
12/03/2001;0,6;V
13/03/2001;3,4;V
14/03/2001;2,8;V
15/03/2001;0,0;V
16/03/2001;0,0;V
17/03/2001;4,4;V
18/03/2001;17,6;V
19/03/2001;0,0;V
20/03/2001;0,0;V
21/03/2001;0,2;V
22/03/2001;0,0;V
23/03/2001;0,0;V
24/03/2001;0,0;V
25/03/2001;0,0;V
26/03/2001;0,0;V
27/03/2001;0,0;V
28/03/2001;0,0;V
29/03/2001;5,4;V
30/03/2001;24,4;V
31/03/2001;12,4;V
01/04/2001;0,0;V
02/04/2001;0,0;V
03/04/2001;0,0;V
04/04/2001;0,0;V
05/04/2001;19,6;V
06/04/2001;0,2;V
07/04/2001;0,2;V
08/04/2001;13,8;V
09/04/2001;9,2;V
10/04/2001;0,0;V
11/04/2001;5,8;V
12/04/2001;17,4;V
13/04/2001;2,0;V
14/04/2001;0,8;V
15/04/2001;0,0;V
16/04/2001;0,4;V
17/04/2001;3,2;V
18/04/2001;0,4;V
19/04/2001;3,2;V
20/04/2001;0,8;V
21/04/2001;3,8;V
22/04/2001;4,0;V
23/04/2001;0,2;V
24/04/2001;5,4;V
25/04/2001;0,0;V
26/04/2001;0,0;V
27/04/2001;0,0;V
28/04/2001;0,0;V
29/04/2001;0,0;V
30/04/2001;0,0;V
01/05/2001;0,0;V
02/05/2001;0,0;V
03/05/2001;1,0;V
04/05/2001;1,0;V
05/05/2001;20,6;V
06/05/2001;4,2;V
07/05/2001;32,6;V
08/05/2001;2,8;V
09/05/2001;5,2;V
10/05/2001;0,0;V
11/05/2001;0,0;V
12/05/2001;0,0;V
13/05/2001;0,0;V
14/05/2001;0,0;V
15/05/2001;0,0;V
16/05/2001;0,0;V
17/05/2001;0,0;V
18/05/2001;0,0;V
19/05/2001;0,0;V
20/05/2001;0,0;V
21/05/2001;2,0;V
22/05/2001;9,2;V
23/05/2001;0,0;V
24/05/2001;0,0;V
25/05/2001;0,0;V
26/05/2001;0,0;V
27/05/2001;0,0;V
28/05/2001;0,0;V
29/05/2001;0,0;V
30/05/2001;0,0;V
31/05/2001;0,0;V
01/06/2001;0,0;V
02/06/2001;0,0;V
03/06/2001;0,0;V
04/06/2001;7,4;V
05/06/2001;0,0;V
06/06/2001;0,0;V
07/06/2001;0,4;V
08/06/2001;0,0;V
09/06/2001;0,0;V
10/06/2001;0,0;V
11/06/2001;0,0;V
12/06/2001;0,0;V
13/06/2001;0,0;V
14/06/2001;0,0;V
15/06/2001;0,0;V
16/06/2001;0,0;V
17/06/2001;0,0;V
18/06/2001;0,0;V
19/06/2001;0,0;V
20/06/2001;0,4;V
21/06/2001;0,0;V
22/06/2001;0,0;V
23/06/2001;0,0;V
24/06/2001;0,0;V
25/06/2001;0,0;V
26/06/2001;0,0;V
27/06/2001;0,0;V
28/06/2001;0,4;V
29/06/2001;13,0;V
30/06/2001;0,0;V
01/07/2001;0,0;V
02/07/2001;0,0;V
03/07/2001;0,0;V
04/07/2001;0,0;V
05/07/2001;0,6;V
06/07/2001;0,0;V
07/07/2001;0,0;V
08/07/2001;0,0;V
09/07/2001;0,0;V
10/07/2001;0,0;V
11/07/2001;0,0;V
12/07/2001;0,0;V
13/07/2001;0,0;V
14/07/2001;0,0;V
15/07/2001;0,0;V
16/07/2001;0,0;V
17/07/2001;0,0;V
18/07/2001;0,6;V
19/07/2001;0,0;V
20/07/2001;22,8;V
21/07/2001;4,6;V
22/07/2001;0,0;V
23/07/2001;0,0;V
24/07/2001;0,0;V
25/07/2001;0,0;V
26/07/2001;20,8;V
27/07/2001;0,0;V
28/07/2001;0,0;V
29/07/2001;0,0;V
30/07/2001;0,0;V
31/07/2001;0,0;V
01/08/2001;0,0;V
02/08/2001;0,0;V
03/08/2001;0,0;V
04/08/2001;0,0;V
05/08/2001;0,0;V
06/08/2001;0,0;V
07/08/2001;0,0;V
08/08/2001;0,0;V
09/08/2001;0,0;V
10/08/2001;0,0;V
11/08/2001;0,0;V
12/08/2001;0,8;V
13/08/2001;0,0;V
14/08/2001;0,0;V
15/08/2001;0,0;V
16/08/2001;0,0;V
17/08/2001;0,0;V
18/08/2001;0,0;V
19/08/2001;0,0;V
20/08/2001;0,0;V
21/08/2001;0,0;V
22/08/2001;0,0;V
23/08/2001;0,0;V
24/08/2001;0,0;V
25/08/2001;0,0;V
26/08/2001;0,0;V
27/08/2001;0,0;V
28/08/2001;0,0;V
29/08/2001;0,0;V
30/08/2001;0,0;V
31/08/2001;3,2;V
01/09/2001;4,2;V
02/09/2001;5,2;V
03/09/2001;0,0;V
04/09/2001;0,0;V
05/09/2001;37,8;V
06/09/2001;0,2;V
07/09/2001;0,0;V
08/09/2001;0,0;V
09/09/2001;0,4;V
10/09/2001;5,4;V
11/09/2001;0,0;V
12/09/2001;0,0;V
13/09/2001;0,0;V
14/09/2001;0,0;V
15/09/2001;9,8;V
16/09/2001;0,0;V
17/09/2001;8,2;V
18/09/2001;0,0;V
19/09/2001;0,0;V
20/09/2001;0,2;V
21/09/2001;0,0;V
22/09/2001;0,2;V
23/09/2001;4,6;V
24/09/2001;38,4;V
25/09/2001;6,0;V
26/09/2001;0,0;V
27/09/2001;0,0;V
28/09/2001;0,0;V
29/09/2001;0,0;V
30/09/2001;11,4;V
01/10/2001;0,2;V
02/10/2001;0,0;V
03/10/2001;0,2;V
04/10/2001;0,0;V
05/10/2001;4,2;V
06/10/2001;0,4;V
07/10/2001;5,2;V
08/10/2001;0,4;V
09/10/2001;0,2;V
10/10/2001;3,2;V
11/10/2001;0,6;V
12/10/2001;0,0;V
13/10/2001;0,0;V
14/10/2001;0,0;V
15/10/2001;0,0;V
16/10/2001;0,0;V
17/10/2001;0,0;V
18/10/2001;0,0;V
19/10/2001;0,0;V
20/10/2001;0,0;V
21/10/2001;22,2;V
22/10/2001;10,6;V
23/10/2001;0,0;V
24/10/2001;14,8;V
25/10/2001;0,2;V
26/10/2001;0,0;V
27/10/2001;0,0;V
28/10/2001;0,0;V
29/10/2001;0,2;V
30/10/2001;0,0;V
31/10/2001;0,0;V
01/11/2001;0,6;V
02/11/2001;0,0;V
03/11/2001;0,0;V
04/11/2001;0,0;V
05/11/2001;0,0;V
06/11/2001;20,8;V
07/11/2001;7,0;V
08/11/2001;0,0;V
09/11/2001;9,4;V
10/11/2001;0,2;V
11/11/2001;20,0;V
12/11/2001;4,0;V
13/11/2001;0,4;V
14/11/2001;1,6;V
15/11/2001;0,0;V
16/11/2001;0,0;V
17/11/2001;0,0;V
18/11/2001;0,2;V
19/11/2001;14,8;V
20/11/2001;6,0;V
21/11/2001;0,0;V
22/11/2001;0,0;V
23/11/2001;0,2;V
24/11/2001;0,0;V
25/11/2001;0,0;V
26/11/2001;0,0;V
27/11/2001;0,0;V
28/11/2001;10,8;V
29/11/2001;0,0;V
30/11/2001;0,0;V
01/12/2001;0,0;V
02/12/2001;0,0;V
03/12/2001;0,0;V
04/12/2001;0,0;V
05/12/2001;0,4;V
06/12/2001;0,0;V
07/12/2001;0,0;V
08/12/2001;0,0;V
09/12/2001;0,0;V
10/12/2001;0,0;V
11/12/2001;0,0;V
12/12/2001;0,0;V
13/12/2001;0,0;V
14/12/2001;0,0;V
15/12/2001;0,0;V
16/12/2001;7,8;V
17/12/2001;0,0;V
18/12/2001;0,0;V
19/12/2001;0,2;V
20/12/2001;0,4;V
21/12/2001;6,8;V
22/12/2001;0,4;V
23/12/2001;23,8;V
24/12/2001;3,8;V
25/12/2001;0,0;V
26/12/2001;2,0;V
27/12/2001;18,4;V
28/12/2001;2,2;V
29/12/2001;0,4;V
30/12/2001;4,6;V
31/12/2001;10,6;V
01/01/2002;0,8;V
02/01/2002;0,0;V
03/01/2002;0,0;V
04/01/2002;0,0;V
05/01/2002;0,0;V
06/01/2002;0,0;V
07/01/2002;0,0;V
08/01/2002;0,0;V
09/01/2002;0,0;V
10/01/2002;0,0;V
11/01/2002;0,0;V
12/01/2002;0,0;V
13/01/2002;0,0;V
14/01/2002;0,0;V
15/01/2002;0,0;V
16/01/2002;0,0;V
17/01/2002;0,0;V
18/01/2002;0,0;V
19/01/2002;0,0;V
20/01/2002;0,0;V
21/01/2002;0,2;V
22/01/2002;0,0;V
23/01/2002;0,0;V
24/01/2002;0,8;V
25/01/2002;17,2;V
26/01/2002;0,2;V
27/01/2002;0,0;V
28/01/2002;0,0;V
29/01/2002;0,2;V
30/01/2002;0,0;V
31/01/2002;0,0;V
01/02/2002;0,4;V
02/02/2002;0,2;V
03/02/2002;0,0;V
04/02/2002;0,0;R
05/02/2002;0,0;V
06/02/2002;1,0;V
07/02/2002;5,0;V
08/02/2002;0,2;V
09/02/2002;0,2;V
10/02/2002;0,8;V
11/02/2002;0,2;V
12/02/2002;0,0;V
13/02/2002;0,0;V
14/02/2002;0,2;V
15/02/2002;0,0;V
16/02/2002;34,8;V
17/02/2002;0,4;V
18/02/2002;2,6;V
19/02/2002;0,0;V
20/02/2002;0,0;V
21/02/2002;12,8;V
22/02/2002;28,0;V
23/02/2002;0,0;V
24/02/2002;0,0;V
25/02/2002;0,0;V
26/02/2002;1,0;V
27/02/2002;0,4;V
28/02/2002;0,0;V
01/03/2002;0,2;V
02/03/2002;0,0;V
03/03/2002;0,0;V
04/03/2002;0,0;V
05/03/2002;0,0;V
06/03/2002;2,2;V
07/03/2002;0,2;V
08/03/2002;0,0;V
09/03/2002;0,0;V
10/03/2002;0,0;V
11/03/2002;0,0;V
12/03/2002;0,0;V
13/03/2002;0,0;V
14/03/2002;0,0;V
15/03/2002;0,0;V
16/03/2002;0,0;V
17/03/2002;0,0;V
18/03/2002;0,0;V
19/03/2002;0,0;V
20/03/2002;0,0;V
21/03/2002;0,0;V
22/03/2002;0,0;V
23/03/2002;0,0;V
24/03/2002;0,6;V
25/03/2002;0,0;V
26/03/2002;0,0;V
27/03/2002;0,0;V
28/03/2002;0,0;V
29/03/2002;0,0;V
30/03/2002;0,0;V
31/03/2002;0,0;V
01/04/2002;0,0;V
02/04/2002;0,0;V
03/04/2002;0,0;V
04/04/2002;0,0;V
05/04/2002;0,0;V
06/04/2002;0,0;V
07/04/2002;2,6;V
08/04/2002;1,4;V
09/04/2002;0,2;V
10/04/2002;5,4;V
11/04/2002;0,2;V
12/04/2002;23,4;V
13/04/2002;15,6;V
14/04/2002;4,8;V
15/04/2002;0,8;V
16/04/2002;0,0;V
17/04/2002;0,0;V
18/04/2002;0,0;V
19/04/2002;0,0;V
20/04/2002;0,0;V
21/04/2002;5,0;V
22/04/2002;0,0;V
23/04/2002;0,4;V
24/04/2002;0,0;V
25/04/2002;0,0;V
26/04/2002;0,0;V
27/04/2002;0,8;V
28/04/2002;14,0;V
29/04/2002;0,0;V
30/04/2002;0,0;V
01/05/2002;0,0;V
02/05/2002;0,0;V
03/05/2002;3,2;V
04/05/2002;26,0;V
05/05/2002;2,6;V
06/05/2002;0,0;V
07/05/2002;0,0;V
08/05/2002;0,4;V
09/05/2002;18,0;V
10/05/2002;8,4;V
11/05/2002;11,6;V
12/05/2002;0,0;V
13/05/2002;0,4;V
14/05/2002;0,0;V
15/05/2002;0,0;V
16/05/2002;0,0;V
17/05/2002;0,0;V
18/05/2002;0,0;V
19/05/2002;7,6;V
20/05/2002;0,2;V
21/05/2002;0,0;V
22/05/2002;0,0;V
23/05/2002;0,0;V
24/05/2002;12,8;V
25/05/2002;0,2;V
26/05/2002;0,0;V
27/05/2002;0,0;V
28/05/2002;8,2;V
29/05/2002;5,6;V
30/05/2002;0,0;V
31/05/2002;0,0;V
01/06/2002;0,0;V
02/06/2002;0,0;V
03/06/2002;0,0;V
04/06/2002;0,0;V
05/06/2002;0,2;V
06/06/2002;0,0;V
07/06/2002;15,4;V
08/06/2002;0,4;V
09/06/2002;4,6;V
10/06/2002;1,0;V
11/06/2002;0,0;V
12/06/2002;0,0;V
13/06/2002;0,0;V
14/06/2002;0,0;V
15/06/2002;0,0;V
16/06/2002;0,0;V
17/06/2002;0,0;V
18/06/2002;0,0;V
19/06/2002;0,0;V
20/06/2002;0,0;V
21/06/2002;0,0;V
22/06/2002;0,0;V
23/06/2002;0,0;V
24/06/2002;0,0;V
25/06/2002;0,0;V
26/06/2002;1,0;V
27/06/2002;0,0;V
28/06/2002;0,0;V
29/06/2002;0,0;V
30/06/2002;0,0;V
01/07/2002;1,2;V
02/07/2002;0,0;V
03/07/2002;0,0;V
04/07/2002;3,4;V
05/07/2002;0,0;V
06/07/2002;0,0;V
07/07/2002;1,0;V
08/07/2002;0,0;V
09/07/2002;0,0;V
10/07/2002;0,0;V
11/07/2002;0,0;V
12/07/2002;0,0;V
13/07/2002;0,0;V
14/07/2002;1,8;V
15/07/2002;11,8;V
16/07/2002;34,4;V
17/07/2002;14,0;V
18/07/2002;0,0;V
19/07/2002;1,4;V
20/07/2002;0,0;V
21/07/2002;0,0;V
22/07/2002;0,0;V
23/07/2002;0,0;V
24/07/2002;0,0;V
25/07/2002;2,8;V
26/07/2002;0,4;V
27/07/2002;0,2;V
28/07/2002;0,0;V
29/07/2002;0,0;V
30/07/2002;0,0;V
31/07/2002;0,0;V
01/08/2002;7,6;V
02/08/2002;0,0;V
03/08/2002;0,0;V
04/08/2002;0,0;V
05/08/2002;0,0;V
06/08/2002;2,2;V
07/08/2002;36,2;V
08/08/2002;0,0;V
09/08/2002;18,8;V
10/08/2002;4,6;V
11/08/2002;24,2;V
12/08/2002;1,0;V
13/08/2002;0,0;V
14/08/2002;0,0;V
15/08/2002;0,0;V
16/08/2002;0,0;V
17/08/2002;0,0;V
18/08/2002;0,0;V
19/08/2002;0,0;V
20/08/2002;0,0;V
21/08/2002;0,0;V
22/08/2002;0,0;V
23/08/2002;0,0;V
24/08/2002;13,2;V
25/08/2002;0,0;V
26/08/2002;0,0;V
27/08/2002;5,6;V
28/08/2002;0,0;V
29/08/2002;5,4;V
30/08/2002;1,0;V
31/08/2002;0,0;V
01/09/2002;0,0;V
02/09/2002;0,8;V
03/09/2002;0,0;V
04/09/2002;10,2;V
05/09/2002;14,2;V
06/09/2002;0,0;V
07/09/2002;12,0;V
08/09/2002;1,6;V
09/09/2002;0,0;V
10/09/2002;0,0;V
11/09/2002;29,4;V
12/09/2002;0,0;V
13/09/2002;0,0;V
14/09/2002;0,0;V
15/09/2002;0,0;V
16/09/2002;0,0;V
17/09/2002;0,0;V
18/09/2002;0,0;V
19/09/2002;0,0;V
20/09/2002;0,0;V
21/09/2002;0,2;V
22/09/2002;28,0;V
23/09/2002;48,8;V
24/09/2002;6,6;V
25/09/2002;3,2;V
26/09/2002;5,0;V
27/09/2002;0,0;V
28/09/2002;0,4;V
29/09/2002;1,0;V
30/09/2002;0,0;V
01/10/2002;0,0;V
02/10/2002;0,0;V
03/10/2002;0,0;V
04/10/2002;0,0;V
05/10/2002;0,0;V
06/10/2002;0,0;V
07/10/2002;4,8;V
08/10/2002;0,2;V
09/10/2002;3,2;V
10/10/2002;5,4;V
11/10/2002;61,0;V
12/10/2002;5,8;V
13/10/2002;9,2;V
14/10/2002;0,0;V
15/10/2002;0,4;V
16/10/2002;0,6;V
17/10/2002;0,0;V
18/10/2002;18,8;V
19/10/2002;0,0;V
20/10/2002;0,2;V
21/10/2002;0,0;V
22/10/2002;32,4;V
23/10/2002;1,4;V
24/10/2002;0,8;V
25/10/2002;1,4;V
26/10/2002;0,8;V
27/10/2002;0,0;V
28/10/2002;0,0;V
29/10/2002;0,0;V
30/10/2002;0,0;V
31/10/2002;0,6;V
01/11/2002;0,0;V
02/11/2002;1,0;V
03/11/2002;0,4;V
04/11/2002;5,0;V
05/11/2002;0,2;V
06/11/2002;0,0;V
07/11/2002;0,0;V
08/11/2002;1,4;V
09/11/2002;0,0;V
10/11/2002;0,0;V
11/11/2002;0,0;V
12/11/2002;3,8;V
13/11/2002;6,2;V
14/11/2002;2,8;V
15/11/2002;0,0;V
16/11/2002;0,0;V
17/11/2002;7,2;V
18/11/2002;27,6;V
19/11/2002;15,0;V
20/11/2002;12,2;V
21/11/2002;0,8;V
22/11/2002;19,4;V
23/11/2002;4,2;V
24/11/2002;3,4;V
25/11/2002;0,2;V
26/11/2002;1,6;V
27/11/2002;0,4;V
28/11/2002;0,6;V
29/11/2002;1,4;V
30/11/2002;4,2;V
01/12/2002;13,8;V
02/12/2002;0,0;V
03/12/2002;2,4;V
04/12/2002;4,4;V
05/12/2002;3,8;V
06/12/2002;3,0;R
07/12/2002;3,4;V
08/12/2002;0,0;V
09/12/2002;0,8;V
10/12/2002;0,0;V
11/12/2002;0,0;V
12/12/2002;2,4;V
13/12/2002;14,6;V
14/12/2002;0,0;V
15/12/2002;0,2;V
16/12/2002;11,2;V
17/12/2002;1,6;V
18/12/2002;20,6;V
19/12/2002;2,2;V
20/12/2002;0,0;V
21/12/2002;0,0;V
22/12/2002;0,0;V
23/12/2002;8,0;V
24/12/2002;1,4;V
25/12/2002;3,0;V
26/12/2002;0,2;V
27/12/2002;0,0;V
28/12/2002;7,8;V
29/12/2002;10,0;V
30/12/2002;0,0;V
31/12/2002;7,4;V
01/01/2003;10,8;V
02/01/2003;0,8;V
03/01/2003;5,0;V
04/01/2003;0,0;V
05/01/2003;1,8;V
06/01/2003;4,0;R
07/01/2003;8,2;R
08/01/2003;2,0;V
09/01/2003;0,4;V
10/01/2003;3,2;V
11/01/2003;2,8;V
12/01/2003;0,4;V
13/01/2003;0,0;V
14/01/2003;0,0;V
15/01/2003;0,0;V
16/01/2003;0,6;V
17/01/2003;1,8;V
18/01/2003;0,0;V
19/01/2003;0,0;V
20/01/2003;0,0;V
21/01/2003;2,4;V
22/01/2003;23,6;V
23/01/2003;1,6;V
24/01/2003;4,8;V
25/01/2003;0,0;V
26/01/2003;0,0;V
27/01/2003;0,0;V
28/01/2003;0,0;V
29/01/2003;0,0;V
30/01/2003;0,0;V
31/01/2003;0,0;V
01/02/2003;0,0;V
02/02/2003;0,0;V
03/02/2003;0,0;V
04/02/2003;40,4;V
05/02/2003;9,6;V
06/02/2003;3,0;V
07/02/2003;0,0;V
08/02/2003;0,0;V
09/02/2003;0,0;V
10/02/2003;0,0;V
11/02/2003;0,0;V
12/02/2003;0,0;V
13/02/2003;0,0;V
14/02/2003;0,0;V
15/02/2003;0,0;V
16/02/2003;0,0;V
17/02/2003;0,0;V
18/02/2003;0,0;V
19/02/2003;0,0;V
20/02/2003;0,0;V
21/02/2003;0,0;V
22/02/2003;0,0;V
23/02/2003;0,0;V
24/02/2003;0,0;V
25/02/2003;0,0;V
26/02/2003;0,0;V
27/02/2003;0,0;V
28/02/2003;0,0;V
01/03/2003;0,0;V
02/03/2003;0,8;V
03/03/2003;51,0;V
04/03/2003;3,2;V
05/03/2003;0,0;V
06/03/2003;0,0;V
07/03/2003;1,4;V
08/03/2003;0,0;V
09/03/2003;0,0;V
10/03/2003;0,0;V
11/03/2003;0,2;V
12/03/2003;0,2;V
13/03/2003;0,0;V
14/03/2003;0,0;V
15/03/2003;0,0;V
16/03/2003;0,0;V
17/03/2003;0,0;V
18/03/2003;0,0;V
19/03/2003;0,0;V
20/03/2003;0,0;V
21/03/2003;0,0;V
22/03/2003;0,0;V
23/03/2003;0,0;V
24/03/2003;0,0;V
25/03/2003;0,0;V
26/03/2003;0,0;V
27/03/2003;0,0;V
28/03/2003;0,0;V
29/03/2003;0,0;V
30/03/2003;0,0;V
31/03/2003;0,0;V
01/04/2003;3,2;V
02/04/2003;0,0;V
03/04/2003;12,6;V
04/04/2003;5,8;V
05/04/2003;0,0;V
06/04/2003;0,0;V
07/04/2003;0,0;V
08/04/2003;0,0;V
09/04/2003;0,0;V
10/04/2003;0,4;V
11/04/2003;17,8;V
12/04/2003;24,0;V
13/04/2003;2,0;V
14/04/2003;0,0;V
15/04/2003;0,0;V
16/04/2003;0,0;V
17/04/2003;0,0;V
18/04/2003;0,0;V
19/04/2003;0,0;V
20/04/2003;0,0;V
21/04/2003;16,2;V
22/04/2003;0,6;V
23/04/2003;0,0;V
24/04/2003;0,0;V
25/04/2003;0,0;V
26/04/2003;0,0;V
27/04/2003;7,4;V
28/04/2003;0,2;V
29/04/2003;0,0;V
30/04/2003;0,0;V
01/05/2003;0,0;V
02/05/2003;0,0;V
03/05/2003;0,0;V
04/05/2003;0,0;V
05/05/2003;0,0;V
06/05/2003;0,0;V
07/05/2003;0,0;V
08/05/2003;0,0;V
09/05/2003;0,0;V
10/05/2003;0,6;V
11/05/2003;4,4;V
12/05/2003;18,6;V
13/05/2003;0,0;V
14/05/2003;0,0;V
15/05/2003;0,0;V
16/05/2003;0,0;V
17/05/2003;0,0;V
18/05/2003;0,2;V
19/05/2003;0,0;V
20/05/2003;0,0;V
21/05/2003;0,4;V
22/05/2003;1,8;V
23/05/2003;0,0;V
24/05/2003;0,0;V
25/05/2003;0,0;V
26/05/2003;0,0;V
27/05/2003;0,0;V
28/05/2003;0,0;V
29/05/2003;0,0;V
30/05/2003;0,0;V
31/05/2003;2,2;V
01/06/2003;0,0;V
02/06/2003;3,0;V
03/06/2003;0,0;V
04/06/2003;0,0;V
05/06/2003;0,0;V
06/06/2003;0,0;V
07/06/2003;0,0;V
08/06/2003;0,0;V
09/06/2003;0,0;V
10/06/2003;0,0;V
11/06/2003;0,0;V
12/06/2003;0,0;V
13/06/2003;0,0;V
14/06/2003;0,0;V
15/06/2003;0,0;V
16/06/2003;0,0;V
17/06/2003;2,2;V
18/06/2003;3,2;V
19/06/2003;0,0;V
20/06/2003;0,0;V
21/06/2003;0,0;V
22/06/2003;0,0;V
23/06/2003;0,0;V
24/06/2003;0,0;V
25/06/2003;0,0;V
26/06/2003;0,0;V
27/06/2003;0,0;V
28/06/2003;0,6;V
29/06/2003;0,0;V
30/06/2003;0,0;V
01/07/2003;0,0;V
02/07/2003;0,0;V
03/07/2003;0,0;V
04/07/2003;0,0;V
05/07/2003;7,8;V
06/07/2003;0,0;V
07/07/2003;0,0;V
08/07/2003;0,0;V
09/07/2003;0,0;V
10/07/2003;0,0;V
11/07/2003;0,0;V
12/07/2003;0,0;V
13/07/2003;0,0;V
14/07/2003;0,0;V
15/07/2003;0,0;V
16/07/2003;0,0;V
17/07/2003;0,0;V
18/07/2003;0,0;V
19/07/2003;0,0;V
20/07/2003;0,0;V
21/07/2003;0,0;V
22/07/2003;0,0;V
23/07/2003;0,0;V
24/07/2003;0,0;V
25/07/2003;0,0;V
26/07/2003;0,0;V
27/07/2003;0,0;V
28/07/2003;0,0;V
29/07/2003;0,0;V
30/07/2003;0,0;V
31/07/2003;0,0;V
01/08/2003;7,4;V
02/08/2003;0,0;V
03/08/2003;0,0;V
04/08/2003;0,0;V
05/08/2003;0,0;V
06/08/2003;0,0;V
07/08/2003;0,0;V
08/08/2003;0,0;V
09/08/2003;0,0;V
10/08/2003;0,0;V
11/08/2003;0,0;V
12/08/2003;0,0;V
13/08/2003;0,0;V
14/08/2003;0,0;V
15/08/2003;0,0;V
16/08/2003;0,0;V
17/08/2003;0,0;V
18/08/2003;0,0;V
19/08/2003;0,0;V
20/08/2003;0,0;V
21/08/2003;0,0;V
22/08/2003;0,0;V
23/08/2003;0,0;V
24/08/2003;0,0;V
25/08/2003;0,0;V
26/08/2003;1,2;V
27/08/2003;0,0;V
28/08/2003;0,0;V
29/08/2003;0,0;V
30/08/2003;7,2;V
31/08/2003;0,0;V
01/09/2003;0,0;V
02/09/2003;0,6;V
03/09/2003;0,0;V
04/09/2003;0,0;V
05/09/2003;0,0;V
06/09/2003;0,4;V
07/09/2003;0,0;V
08/09/2003;3,2;V
09/09/2003;0,0;V
10/09/2003;2,8;V
11/09/2003;0,0;V
12/09/2003;0,0;V
13/09/2003;0,0;V
14/09/2003;0,0;V
15/09/2003;0,2;V
16/09/2003;0,0;V
17/09/2003;0,0;V
18/09/2003;0,0;V
19/09/2003;0,0;V
20/09/2003;0,0;V
21/09/2003;0,0;V
22/09/2003;0,0;V
23/09/2003;0,0;V
24/09/2003;13,0;V
25/09/2003;1,0;V
26/09/2003;0,0;V
27/09/2003;0,0;V
28/09/2003;0,0;V
29/09/2003;22,2;V
30/09/2003;0,0;V
01/10/2003;0,0;V
02/10/2003;0,0;V
03/10/2003;0,0;V
04/10/2003;0,4;V
05/10/2003;5,2;V
06/10/2003;3,6;V
07/10/2003;0,0;V
08/10/2003;3,0;V
09/10/2003;0,0;V
10/10/2003;0,0;V
11/10/2003;0,0;V
12/10/2003;0,0;V
13/10/2003;0,0;V
14/10/2003;0,0;V
15/10/2003;0,0;V
16/10/2003;0,0;V
17/10/2003;0,0;V
18/10/2003;0,0;V
19/10/2003;8,4;V
20/10/2003;12,6;V
21/10/2003;28,0;V
22/10/2003;0,6;V
23/10/2003;0,2;V
24/10/2003;12,4;V
25/10/2003;0,0;V
26/10/2003;0,0;R
27/10/2003;19,4;V
28/10/2003;0,0;V
29/10/2003;13,6;V
30/10/2003;29,2;V
31/10/2003;4,2;V
01/11/2003;11,2;V
02/11/2003;47,6;V
03/11/2003;0,0;V
04/11/2003;0,2;V
05/11/2003;0,0;V
06/11/2003;0,0;V
07/11/2003;0,0;V
08/11/2003;22,2;V
09/11/2003;10,0;V
10/11/2003;0,0;V
11/11/2003;0,0;V
12/11/2003;0,0;V
13/11/2003;0,0;V
14/11/2003;0,0;V
15/11/2003;0,4;V
16/11/2003;10,6;V
17/11/2003;0,4;V
18/11/2003;8,6;V
19/11/2003;0,0;V
20/11/2003;0,0;V
21/11/2003;0,2;V
22/11/2003;0,0;V
23/11/2003;0,0;V
24/11/2003;0,4;V
25/11/2003;6,4;V
26/11/2003;26,2;V
27/11/2003;28,4;V
28/11/2003;25,6;V
29/11/2003;10,4;V
30/11/2003;0,2;V
01/12/2003;0,4;V
02/12/2003;4,2;V
03/12/2003;0,0;V
04/12/2003;0,0;V
05/12/2003;0,2;V
06/12/2003;0,0;V
07/12/2003;0,2;V
08/12/2003;0,0;V
09/12/2003;0,0;V
10/12/2003;1,2;V
11/12/2003;14,8;V
12/12/2003;0,0;V
13/12/2003;0,0;V
14/12/2003;0,0;V
15/12/2003;0,0;V
16/12/2003;0,0;V
17/12/2003;0,0;V
18/12/2003;0,0;V
19/12/2003;0,0;V
20/12/2003;0,0;V
21/12/2003;15,2;V
22/12/2003;15,6;V
23/12/2003;0,0;V
24/12/2003;0,2;V
25/12/2003;0,0;V
26/12/2003;0,0;V
27/12/2003;0,0;V
28/12/2003;0,0;V
29/12/2003;13,8;V
30/12/2003;14,8;V
31/12/2003;13,6;V
01/01/2004;0,4;V
02/01/2004;0,0;V
03/01/2004;0,0;V
04/01/2004;0,0;V
05/01/2004;0,0;V
06/01/2004;0,0;V
07/01/2004;0,0;V
08/01/2004;0,0;V
09/01/2004;3,4;V
10/01/2004;0,4;V
11/01/2004;0,0;V
12/01/2004;1,0;V
13/01/2004;0,4;V
14/01/2004;0,6;V
15/01/2004;10,0;V
16/01/2004;0,0;V
17/01/2004;12,0;V
18/01/2004;25,0;V
19/01/2004;14,4;V
20/01/2004;0,0;V
21/01/2004;0,0;V
22/01/2004;0,0;V
23/01/2004;0,0;V
24/01/2004;0,0;V
25/01/2004;0,0;V
26/01/2004;0,6;V
27/01/2004;1,4;V
28/01/2004;7,0;V
29/01/2004;0,2;V
30/01/2004;0,0;V
31/01/2004;19,2;V
01/02/2004;0,0;V
02/02/2004;0,0;V
03/02/2004;0,0;V
04/02/2004;0,0;V
05/02/2004;0,0;V
06/02/2004;0,0;V
07/02/2004;0,2;V
08/02/2004;7,8;V
09/02/2004;0,0;V
10/02/2004;0,0;V
11/02/2004;0,0;V
12/02/2004;0,0;V
13/02/2004;0,0;V
14/02/2004;0,2;V
15/02/2004;0,0;V
16/02/2004;0,0;V
17/02/2004;0,0;V
18/02/2004;0,0;V
19/02/2004;23,6;V
20/02/2004;6,6;V
21/02/2004;3,8;V
22/02/2004;18,6;V
23/02/2004;21,6;V
24/02/2004;8,0;V
25/02/2004;0,0;V
26/02/2004;3,6;V
27/02/2004;12,6;V
28/02/2004;4,4;V
29/02/2004;4,0;V
01/03/2004;6,8;V
02/03/2004;0,0;V
03/03/2004;0,0;V
04/03/2004;0,0;V
05/03/2004;0,0;V
06/03/2004;0,0;V
07/03/2004;12,2;V
08/03/2004;3,6;V
09/03/2004;0,6;V
10/03/2004;0,8;V
11/03/2004;1,8;V
12/03/2004;6,6;V
13/03/2004;0,0;V
14/03/2004;0,0;V
15/03/2004;0,0;V
16/03/2004;0,0;V
17/03/2004;0,0;V
18/03/2004;0,0;V
19/03/2004;0,0;V
20/03/2004;1,0;V
21/03/2004;1,6;V
22/03/2004;0,0;V
23/03/2004;4,6;V
24/03/2004;0,4;V
25/03/2004;0,4;V
26/03/2004;0,0;V
27/03/2004;0,0;V
28/03/2004;0,0;V
29/03/2004;0,0;V
30/03/2004;0,0;V
31/03/2004;2,0;V
01/04/2004;6,2;V
02/04/2004;0,0;V
03/04/2004;0,0;V
04/04/2004;0,0;V
05/04/2004;0,0;V
06/04/2004;0,0;V
07/04/2004;2,8;V
08/04/2004;8,4;V
09/04/2004;3,0;V
10/04/2004;5,4;V
11/04/2004;0,0;V
12/04/2004;0,8;V
13/04/2004;4,4;V
14/04/2004;0,2;V
15/04/2004;0,0;V
16/04/2004;2,8;V
17/04/2004;20,6;V
18/04/2004;0,4;V
19/04/2004;2,0;V
20/04/2004;11,6;V
21/04/2004;0,0;V
22/04/2004;0,0;V
23/04/2004;0,0;V
24/04/2004;0,0;V
25/04/2004;10,8;V
26/04/2004;0,0;V
27/04/2004;0,0;V
28/04/2004;0,0;V
29/04/2004;0,0;V
30/04/2004;3,2;V
01/05/2004;1,2;V
02/05/2004;0,0;V
03/05/2004;4,8;V
04/05/2004;18,2;V
05/05/2004;13,6;V
06/05/2004;14,6;V
07/05/2004;19,0;V
08/05/2004;18,6;V
09/05/2004;0,8;V
10/05/2004;0,4;V
11/05/2004;0,0;V
12/05/2004;0,0;V
13/05/2004;1,2;V
14/05/2004;0,0;V
15/05/2004;0,0;V
16/05/2004;0,0;V
17/05/2004;0,0;V
18/05/2004;0,0;V
19/05/2004;0,0;V
20/05/2004;0,0;V
21/05/2004;0,0;V
22/05/2004;0,0;V
23/05/2004;0,0;V
24/05/2004;0,0;V
25/05/2004;0,0;V
26/05/2004;0,0;V
27/05/2004;0,0;V
28/05/2004;0,0;V
29/05/2004;0,2;V
30/05/2004;0,0;V
31/05/2004;0,0;V
01/06/2004;8,8;V
02/06/2004;2,8;V
03/06/2004;9,2;V
04/06/2004;0,6;V
05/06/2004;0,2;V
06/06/2004;6,6;V
07/06/2004;0,0;V
08/06/2004;0,0;V
09/06/2004;0,0;V
10/06/2004;0,0;V
11/06/2004;0,0;V
12/06/2004;0,0;V
13/06/2004;0,0;V
14/06/2004;0,2;V
15/06/2004;0,2;V
16/06/2004;2,0;V
17/06/2004;0,0;V
18/06/2004;0,0;V
19/06/2004;0,0;V
20/06/2004;2,4;V
21/06/2004;0,0;V
22/06/2004;0,0;V
23/06/2004;0,0;V
24/06/2004;0,0;V
25/06/2004;0,0;V
26/06/2004;0,0;V
27/06/2004;0,0;V
28/06/2004;0,0;V
29/06/2004;0,0;V
30/06/2004;0,0;V
01/07/2004;0,0;V
02/07/2004;0,0;V
03/07/2004;0,0;V
04/07/2004;0,0;V
05/07/2004;0,0;V
06/07/2004;0,0;V
07/07/2004;0,0;V
08/07/2004;0,0;V
09/07/2004;0,0;V
10/07/2004;0,0;V
11/07/2004;0,0;V
12/07/2004;0,0;V
13/07/2004;0,0;V
14/07/2004;0,0;V
15/07/2004;0,0;V
16/07/2004;0,0;V
17/07/2004;0,0;V
18/07/2004;0,0;V
19/07/2004;0,0;V
20/07/2004;0,0;V
21/07/2004;0,0;V
22/07/2004;0,0;V
23/07/2004;0,0;V
24/07/2004;0,0;V
25/07/2004;17,6;V
26/07/2004;3,4;V
27/07/2004;0,0;V
28/07/2004;0,0;V
29/07/2004;0,0;V
30/07/2004;0,0;V
31/07/2004;0,0;V
01/08/2004;0,0;V
02/08/2004;0,0;V
03/08/2004;0,0;V
04/08/2004;0,0;V
05/08/2004;1,8;V
06/08/2004;8,4;V
07/08/2004;0,0;V
08/08/2004;0,0;V
09/08/2004;1,2;V
10/08/2004;0,0;V
11/08/2004;0,0;V
12/08/2004;0,0;V
13/08/2004;0,0;V
14/08/2004;0,0;V
15/08/2004;0,0;V
16/08/2004;0,0;V
17/08/2004;0,0;V
18/08/2004;0,0;V
19/08/2004;0,0;V
20/08/2004;0,0;V
21/08/2004;0,0;V
22/08/2004;0,6;V
23/08/2004;0,0;V
24/08/2004;0,0;V
25/08/2004;0,0;V
26/08/2004;0,0;V
27/08/2004;0,4;V
28/08/2004;0,0;V
29/08/2004;0,0;V
30/08/2004;0,0;V
31/08/2004;0,0;V
01/09/2004;0,0;V
02/09/2004;0,0;V
03/09/2004;0,0;V
04/09/2004;0,0;V
05/09/2004;0,0;V
06/09/2004;0,0;V
07/09/2004;0,0;V
08/09/2004;0,0;V
09/09/2004;0,0;V
10/09/2004;0,0;V
11/09/2004;0,0;V
12/09/2004;0,0;V
13/09/2004;0,2;V
14/09/2004;0,0;V
15/09/2004;37,2;V
16/09/2004;0,0;V
17/09/2004;3,8;V
18/09/2004;0,0;V
19/09/2004;0,0;V
20/09/2004;0,0;V
21/09/2004;0,0;V
22/09/2004;0,2;V
23/09/2004;0,0;V
24/09/2004;0,0;V
25/09/2004;22,2;V
26/09/2004;0,0;V
27/09/2004;0,2;V
28/09/2004;0,0;V
29/09/2004;0,0;V
30/09/2004;0,0;V
01/10/2004;2,8;V
02/10/2004;0,4;V
03/10/2004;0,0;V
04/10/2004;0,2;V
05/10/2004;0,0;V
06/10/2004;0,0;V
07/10/2004;0,0;V
08/10/2004;0,0;V
09/10/2004;0,0;V
10/10/2004;0,0;V
11/10/2004;3,4;V
12/10/2004;3,2;V
13/10/2004;0,0;V
14/10/2004;0,0;V
15/10/2004;5,4;V
16/10/2004;3,8;V
17/10/2004;9,4;V
18/10/2004;0,4;V
19/10/2004;0,4;V
20/10/2004;1,8;V
21/10/2004;1,0;V
22/10/2004;0,0;V
23/10/2004;0,2;V
24/10/2004;0,0;V
25/10/2004;0,4;V
26/10/2004;0,2;V
27/10/2004;2,6;V
28/10/2004;0,8;V
29/10/2004;3,4;V
30/10/2004;6,0;V
31/10/2004;3,6;V
01/11/2004;2,6;V
02/11/2004;2,8;V
03/11/2004;0,0;V
04/11/2004;0,0;V
05/11/2004;0,8;V
06/11/2004;0,4;V
07/11/2004;0,6;V
08/11/2004;3,8;V
09/11/2004;0,2;V
10/11/2004;17,8;V
11/11/2004;8,4;V
12/11/2004;8,0;V
13/11/2004;0,2;V
14/11/2004;3,0;V
15/11/2004;5,0;V
16/11/2004;0,0;V
17/11/2004;0,0;V
18/11/2004;0,0;V
19/11/2004;0,0;V
20/11/2004;0,0;V
21/11/2004;0,0;V
22/11/2004;0,0;V
23/11/2004;0,8;V
24/11/2004;0,2;V
25/11/2004;0,2;V
26/11/2004;0,0;V
27/11/2004;7,8;V
28/11/2004;0,2;V
29/11/2004;1,8;V
30/11/2004;15,2;V
01/12/2004;2,6;V
02/12/2004;17,2;V
03/12/2004;14,4;V
04/12/2004;0,8;V
05/12/2004;23,4;V
06/12/2004;12,2;V
07/12/2004;0,0;V
08/12/2004;0,0;V
09/12/2004;0,6;V
10/12/2004;0,0;V
11/12/2004;0,0;V
12/12/2004;0,0;V
13/12/2004;0,0;V
14/12/2004;0,0;V
15/12/2004;0,2;V
16/12/2004;0,2;V
17/12/2004;3,8;V
18/12/2004;4,8;V
19/12/2004;0,0;V
20/12/2004;1,0;V
21/12/2004;1,0;V
22/12/2004;0,0;V
23/12/2004;0,0;V
24/12/2004;0,0;V
25/12/2004;0,2;V
26/12/2004;16,6;V
27/12/2004;9,2;V
28/12/2004;6,0;V
29/12/2004;6,4;V
30/12/2004;1,8;V
31/12/2004;0,0;V
01/01/2005;0,0;V
02/01/2005;0,0;V
03/01/2005;0,0;V
04/01/2005;0,0;V
05/01/2005;0,0;V
06/01/2005;0,0;V
07/01/2005;0,2;V
08/01/2005;0,2;V
09/01/2005;0,0;V
10/01/2005;0,0;V
11/01/2005;0,2;V
12/01/2005;0,0;V
13/01/2005;0,0;V
14/01/2005;0,2;V
15/01/2005;0,2;V
16/01/2005;0,2;V
17/01/2005;0,0;V
18/01/2005;0,0;V
19/01/2005;27,6;V
20/01/2005;15,6;V
21/01/2005;0,0;V
22/01/2005;0,2;V
23/01/2005;0,0;V
24/01/2005;0,2;V
25/01/2005;0,0;V
26/01/2005;0,2;V
27/01/2005;0,0;V
28/01/2005;0,4;V
29/01/2005;0,0;V
30/01/2005;0,0;V
31/01/2005;0,0;V
01/02/2005;0,0;V
02/02/2005;0,0;V
03/02/2005;0,0;V
04/02/2005;0,0;V
05/02/2005;0,0;V
06/02/2005;0,0;V
07/02/2005;0,0;V
08/02/2005;0,0;V
09/02/2005;0,0;V
10/02/2005;0,0;V
11/02/2005;0,0;V
12/02/2005;0,0;V
13/02/2005;1,2;V
14/02/2005;2,6;V
15/02/2005;0,0;V
16/02/2005;0,0;V
17/02/2005;0,0;V
18/02/2005;0,0;V
19/02/2005;0,0;V
20/02/2005;0,0;V
21/02/2005;0,8;V
22/02/2005;3,6;V
23/02/2005;9,4;V
24/02/2005;1,0;V
25/02/2005;0,0;V
26/02/2005;0,0;V
27/02/2005;0,0;V
28/02/2005;0,0;V
01/03/2005;0,0;V
02/03/2005;0,0;V
03/03/2005;0,0;V
04/03/2005;5,2;V
05/03/2005;19,8;V
06/03/2005;0,0;V
07/03/2005;0,2;V
08/03/2005;1,6;V
09/03/2005;0,0;V
10/03/2005;0,0;V
11/03/2005;0,0;V
12/03/2005;1,6;V
13/03/2005;9,4;V
14/03/2005;5,2;V
15/03/2005;0,0;V
16/03/2005;0,0;V
17/03/2005;0,0;V
18/03/2005;0,0;V
19/03/2005;0,0;V
20/03/2005;0,0;V
21/03/2005;0,0;V
22/03/2005;0,0;V
23/03/2005;0,0;V
24/03/2005;0,0;V
25/03/2005;12,6;V
26/03/2005;0,2;V
27/03/2005;0,4;V
28/03/2005;38,2;V
29/03/2005;0,0;V
30/03/2005;0,0;V
31/03/2005;0,0;V
01/04/2005;0,0;V
02/04/2005;0,0;V
03/04/2005;0,0;V
04/04/2005;0,0;V
05/04/2005;0,0;V
06/04/2005;0,0;V
07/04/2005;0,0;V
08/04/2005;0,0;V
09/04/2005;9,4;V
10/04/2005;0,6;V
11/04/2005;45,4;V
12/04/2005;13,2;V
13/04/2005;0,0;V
14/04/2005;0,0;V
15/04/2005;0,0;V
16/04/2005;2,4;V
17/04/2005;10,8;V
18/04/2005;2,4;V
19/04/2005;0,2;V
20/04/2005;25,8;V
21/04/2005;11,6;V
22/04/2005;2,4;V
23/04/2005;0,0;V
24/04/2005;0,0;V
25/04/2005;4,4;V
26/04/2005;1,0;V
27/04/2005;0,0;V
28/04/2005;0,0;V
29/04/2005;0,0;V
30/04/2005;0,0;V
01/05/2005;0,0;V
02/05/2005;0,0;V
03/05/2005;0,0;V
04/05/2005;0,0;V
05/05/2005;0,0;V
06/05/2005;0,0;V
07/05/2005;0,0;V
08/05/2005;0,0;V
09/05/2005;0,0;V
10/05/2005;0,0;V
11/05/2005;8,2;V
12/05/2005;0,0;V
13/05/2005;0,0;V
14/05/2005;0,0;V
15/05/2005;1,0;V
16/05/2005;0,0;V
17/05/2005;0,0;V
18/05/2005;26,2;V
19/05/2005;1,4;V
20/05/2005;0,0;V
21/05/2005;0,0;V
22/05/2005;0,0;V
23/05/2005;0,0;V
24/05/2005;0,0;V
25/05/2005;0,0;V
26/05/2005;0,0;V
27/05/2005;0,0;V
28/05/2005;0,0;V
29/05/2005;0,0;V
30/05/2005;0,0;V
31/05/2005;0,0;V
01/06/2005;0,0;V
02/06/2005;0,0;V
03/06/2005;0,0;V
04/06/2005;0,0;V
05/06/2005;0,0;V
06/06/2005;0,2;V
07/06/2005;0,0;V
08/06/2005;2,0;V
09/06/2005;0,0;V
10/06/2005;0,2;V
11/06/2005;0,0;V
12/06/2005;0,0;V
13/06/2005;0,0;V
14/06/2005;2,2;V
15/06/2005;16,6;V
16/06/2005;14,4;V
17/06/2005;0,0;V
18/06/2005;0,0;V
19/06/2005;0,0;V
20/06/2005;0,0;V
21/06/2005;0,0;V
22/06/2005;0,0;V
23/06/2005;0,0;V
24/06/2005;0,0;V
25/06/2005;0,0;V
26/06/2005;0,0;V
27/06/2005;0,0;V
28/06/2005;0,0;V
29/06/2005;0,0;V
30/06/2005;0,0;V
01/07/2005;0,0;V
02/07/2005;3,8;V
03/07/2005;0,0;V
04/07/2005;0,0;V
05/07/2005;0,6;V
06/07/2005;2,6;V
07/07/2005;0,0;V
08/07/2005;3,2;V
09/07/2005;1,4;V
10/07/2005;0,0;V
11/07/2005;18,8;V
12/07/2005;0,0;V
13/07/2005;0,0;V
14/07/2005;0,0;V
15/07/2005;0,0;V
16/07/2005;0,0;V
17/07/2005;0,0;V
18/07/2005;0,0;V
19/07/2005;5,2;V
20/07/2005;0,0;V
21/07/2005;0,0;V
22/07/2005;10,0;V
23/07/2005;0,0;V
24/07/2005;0,4;V
25/07/2005;0,0;V
26/07/2005;0,0;V
27/07/2005;0,0;V
28/07/2005;0,0;V
29/07/2005;0,0;V
30/07/2005;0,0;V
31/07/2005;0,0;V
01/08/2005;0,0;V
02/08/2005;0,0;V
03/08/2005;0,0;V
04/08/2005;16,6;V
05/08/2005;0,8;V
06/08/2005;0,0;V
07/08/2005;0,0;V
08/08/2005;0,0;V
09/08/2005;0,0;V
10/08/2005;0,0;V
11/08/2005;1,6;V
12/08/2005;10,0;V
13/08/2005;0,0;V
14/08/2005;0,0;V
15/08/2005;20,0;V
16/08/2005;0,0;V
17/08/2005;0,0;V
18/08/2005;0,0;V
19/08/2005;0,0;V
20/08/2005;0,0;V
21/08/2005;7,6;V
22/08/2005;23,6;V
23/08/2005;0,0;V
24/08/2005;0,0;V
25/08/2005;0,0;V
26/08/2005;0,0;V
27/08/2005;0,4;V
28/08/2005;21,4;V
29/08/2005;0,2;V
30/08/2005;0,0;V
31/08/2005;0,0;V
01/09/2005;0,0;V
02/09/2005;0,0;V
03/09/2005;0,0;V
04/09/2005;0,0;V
05/09/2005;0,0;V
06/09/2005;0,0;V
07/09/2005;0,0;V
08/09/2005;0,0;V
09/09/2005;7,0;V
10/09/2005;29,0;V
11/09/2005;4,8;V
12/09/2005;3,2;V
13/09/2005;0,0;V
14/09/2005;0,0;V
15/09/2005;0,0;V
16/09/2005;0,0;V
17/09/2005;0,0;V
18/09/2005;32,0;V
19/09/2005;1,6;V
20/09/2005;0,0;V
21/09/2005;0,0;V
22/09/2005;0,0;V
23/09/2005;0,0;V
24/09/2005;0,0;V
25/09/2005;0,0;V
26/09/2005;0,2;V
27/09/2005;0,0;V
28/09/2005;0,0;V
29/09/2005;0,2;V
30/09/2005;0,0;V
01/10/2005;0,0;V
02/10/2005;0,6;V
03/10/2005;24,8;V
04/10/2005;6,6;V
05/10/2005;18,6;V
06/10/2005;4,2;V
07/10/2005;3,2;V
08/10/2005;6,4;V
09/10/2005;15,2;V
10/10/2005;0,0;V
11/10/2005;0,0;V
12/10/2005;0,0;V
13/10/2005;0,0;V
14/10/2005;0,2;V
15/10/2005;0,0;V
16/10/2005;0,0;V
17/10/2005;0,0;V
18/10/2005;0,0;V
19/10/2005;0,0;V
20/10/2005;55,8;V
21/10/2005;0,6;V
22/10/2005;6,6;V
23/10/2005;0,2;V
24/10/2005;0,0;V
25/10/2005;0,0;V
26/10/2005;0,0;V
27/10/2005;0,4;V
28/10/2005;0,2;V
29/10/2005;0,4;V
30/10/2005;0,2;V
31/10/2005;0,0;V
01/11/2005;0,6;V
02/11/2005;16,8;V
03/11/2005;0,2;V
04/11/2005;0,0;V
05/11/2005;0,0;V
06/11/2005;59,0;V
07/11/2005;18,2;V
08/11/2005;0,0;V
09/11/2005;0,0;V
10/11/2005;0,2;V
11/11/2005;0,0;V
12/11/2005;0,2;V
13/11/2005;0,2;V
14/11/2005;0,0;V
15/11/2005;1,8;V
16/11/2005;5,2;V
17/11/2005;4,0;V
18/11/2005;2,0;V
19/11/2005;0,0;V
20/11/2005;0,2;V
21/11/2005;0,0;V
22/11/2005;0,4;V
23/11/2005;0,0;V
24/11/2005;2,2;V
25/11/2005;3,2;V
26/11/2005;39,8;V
27/11/2005;31,2;V
28/11/2005;13,4;V
29/11/2005;8,4;V
30/11/2005;14,2;V
01/12/2005;2,6;V
02/12/2005;0,0;V
03/12/2005;13,0;V
04/12/2005;0,4;V
05/12/2005;13,8;V
06/12/2005;18,8;V
07/12/2005;4,0;V
08/12/2005;0,0;V
09/12/2005;19,0;V
10/12/2005;5,2;V
11/12/2005;0,0;V
12/12/2005;3,6;V
13/12/2005;3,8;V
14/12/2005;0,0;V
15/12/2005;0,0;V
16/12/2005;0,0;V
17/12/2005;0,0;V
18/12/2005;3,8;V
19/12/2005;1,6;V
20/12/2005;0,0;V
21/12/2005;0,0;V
22/12/2005;0,0;V
23/12/2005;0,0;V
24/12/2005;0,2;V
25/12/2005;4,0;V
26/12/2005;10,4;V
27/12/2005;9,4;V
28/12/2005;0,6;V
29/12/2005;0,0;V
30/12/2005;3,6;V
31/12/2005;1,4;V
01/01/2006;20,4;V
02/01/2006;11,6;V
03/01/2006;0,0;V
04/01/2006;0,0;V
05/01/2006;0,0;V
06/01/2006;0,0;V
07/01/2006;0,0;V
08/01/2006;0,0;V
09/01/2006;0,0;V
10/01/2006;0,0;V
11/01/2006;0,0;V
12/01/2006;0,0;V
13/01/2006;0,0;V
14/01/2006;0,0;V
15/01/2006;0,0;V
16/01/2006;0,0;V
17/01/2006;1,2;V
18/01/2006;44,4;V
19/01/2006;4,2;V
20/01/2006;0,0;V
21/01/2006;1,0;V
22/01/2006;0,4;V
23/01/2006;0,0;V
24/01/2006;0,0;V
25/01/2006;0,0;V
26/01/2006;0,0;V
27/01/2006;4,4;V
28/01/2006;2,0;V
29/01/2006;0,2;V
30/01/2006;0,2;V
31/01/2006;0,2;V
01/02/2006;0,0;V
02/02/2006;0,0;V
03/02/2006;0,0;V
04/02/2006;0,0;V
05/02/2006;0,0;V
06/02/2006;0,0;V
07/02/2006;0,0;V
08/02/2006;0,0;V
09/02/2006;2,8;V
10/02/2006;0,0;V
11/02/2006;0,2;V
12/02/2006;0,0;V
13/02/2006;0,0;V
14/02/2006;0,0;V
15/02/2006;0,6;V
16/02/2006;8,4;V
17/02/2006;7,4;V
18/02/2006;1,2;V
19/02/2006;0,0;V
20/02/2006;17,8;V
21/02/2006;5,4;V
22/02/2006;9,4;V
23/02/2006;7,2;V
24/02/2006;1,4;V
25/02/2006;2,6;V
26/02/2006;0,4;V
27/02/2006;0,0;V
28/02/2006;0,0;V
01/03/2006;0,4;V
02/03/2006;2,6;V
03/03/2006;7,4;V
04/03/2006;9,4;V
05/03/2006;2,4;V
06/03/2006;18,2;V
07/03/2006;0,0;V
08/03/2006;0,0;V
09/03/2006;2,6;V
10/03/2006;5,8;V
11/03/2006;13,2;V
12/03/2006;0,4;V
13/03/2006;1,0;V
14/03/2006;0,0;V
15/03/2006;0,0;V
16/03/2006;0,2;V
17/03/2006;2,8;V
18/03/2006;0,0;V
19/03/2006;0,0;V
20/03/2006;0,0;V
21/03/2006;7,0;V
22/03/2006;5,0;V
23/03/2006;10,2;V
24/03/2006;0,0;V
25/03/2006;2,4;V
26/03/2006;0,0;V
27/03/2006;0,0;V
28/03/2006;0,0;V
29/03/2006;1,0;V
30/03/2006;0,0;V
31/03/2006;0,0;V
01/04/2006;0,0;V
02/04/2006;0,0;V
03/04/2006;0,0;V
04/04/2006;2,8;V
05/04/2006;0,0;V
06/04/2006;2,6;V
07/04/2006;0,8;V
08/04/2006;0,0;V
09/04/2006;0,0;V
10/04/2006;0,0;V
11/04/2006;0,2;V
12/04/2006;1,4;V
13/04/2006;0,8;V
14/04/2006;0,0;V
15/04/2006;0,0;V
16/04/2006;0,6;V
17/04/2006;0,2;V
18/04/2006;0,0;V
19/04/2006;1,4;V
20/04/2006;0,0;V
21/04/2006;0,0;V
22/04/2006;1,6;V
23/04/2006;0,0;V
24/04/2006;0,0;V
25/04/2006;0,0;V
26/04/2006;2,0;V
27/04/2006;0,8;V
28/04/2006;1,6;V
29/04/2006;0,2;V
30/04/2006;12,8;V
01/05/2006;0,0;V
02/05/2006;0,0;V
03/05/2006;0,0;V
04/05/2006;0,0;V
05/05/2006;0,0;V
06/05/2006;0,0;V
07/05/2006;0,0;V
08/05/2006;0,0;V
09/05/2006;35,6;V
10/05/2006;9,4;V
11/05/2006;0,0;V
12/05/2006;0,0;V
13/05/2006;0,0;V
14/05/2006;6,6;V
15/05/2006;0,8;V
16/05/2006;0,0;V
17/05/2006;0,0;V
18/05/2006;0,0;V
19/05/2006;0,0;V
20/05/2006;0,0;V
21/05/2006;0,0;V
22/05/2006;0,0;V
23/05/2006;0,0;V
24/05/2006;12,6;V
25/05/2006;0,0;V
26/05/2006;0,0;V
27/05/2006;0,0;V
28/05/2006;0,0;V
29/05/2006;0,0;V
30/05/2006;15,4;V
31/05/2006;10,2;V
01/06/2006;8,8;V
02/06/2006;0,6;V
03/06/2006;1,8;V
04/06/2006;0,0;V
05/06/2006;2,0;V
06/06/2006;1,2;V
07/06/2006;26,8;V
08/06/2006;0,0;V
09/06/2006;0,0;V
10/06/2006;0,0;V
11/06/2006;0,8;V
12/06/2006;0,0;V
13/06/2006;0,0;V
14/06/2006;0,0;V
15/06/2006;0,0;V
16/06/2006;0,0;V
17/06/2006;0,0;V
18/06/2006;0,0;V
19/06/2006;0,0;V
20/06/2006;0,0;V
21/06/2006;0,0;V
22/06/2006;0,0;V
23/06/2006;0,0;V
24/06/2006;0,0;V
25/06/2006;0,0;V
26/06/2006;0,0;V
27/06/2006;0,0;V
28/06/2006;0,0;V
29/06/2006;0,0;V
30/06/2006;0,0;V
01/07/2006;0,0;V
02/07/2006;0,0;V
03/07/2006;0,0;V
04/07/2006;0,0;V
05/07/2006;0,0;V
06/07/2006;0,0;V
07/07/2006;9,4;V
08/07/2006;0,0;V
09/07/2006;0,0;V
10/07/2006;0,0;V
11/07/2006;0,0;V
12/07/2006;0,0;V
13/07/2006;0,0;V
14/07/2006;0,0;V
15/07/2006;0,0;V
16/07/2006;0,0;V
17/07/2006;0,0;V
18/07/2006;0,0;V
19/07/2006;0,0;V
20/07/2006;0,0;V
21/07/2006;0,0;V
22/07/2006;0,0;V
23/07/2006;0,0;V
24/07/2006;0,0;V
25/07/2006;0,0;V
26/07/2006;0,0;V
27/07/2006;0,0;V
28/07/2006;0,4;V
29/07/2006;0,0;V
30/07/2006;0,4;V
31/07/2006;0,0;V
01/08/2006;0,0;V
02/08/2006;0,0;V
03/08/2006;0,8;V
04/08/2006;4,0;V
05/08/2006;0,0;V
06/08/2006;0,0;V
07/08/2006;0,0;V
08/08/2006;0,0;V
09/08/2006;0,4;V
10/08/2006;2,2;V
11/08/2006;0,4;V
12/08/2006;18,2;V
13/08/2006;17,2;V
14/08/2006;0,0;V
15/08/2006;12,2;V
16/08/2006;0,0;V
17/08/2006;0,0;V
18/08/2006;2,8;V
19/08/2006;0,4;V
20/08/2006;1,2;V
21/08/2006;0,0;V
22/08/2006;0,0;V
23/08/2006;0,0;V
24/08/2006;0,0;V
25/08/2006;0,6;V
26/08/2006;0,0;V
27/08/2006;4,2;V
28/08/2006;0,0;V
29/08/2006;1,2;V
30/08/2006;5,2;V
31/08/2006;0,0;V
01/09/2006;0,0;V
02/09/2006;0,0;V
03/09/2006;0,0;V
04/09/2006;0,0;V
05/09/2006;0,0;V
06/09/2006;0,0;V
07/09/2006;0,0;V
08/09/2006;0,0;V
09/09/2006;2,6;V
10/09/2006;0,0;V
11/09/2006;0,0;V
12/09/2006;0,0;V
13/09/2006;0,0;V
14/09/2006;0,0;V
15/09/2006;28,6;V
16/09/2006;0,2;V
17/09/2006;70,2;V
18/09/2006;7,4;V
19/09/2006;0,2;V
20/09/2006;0,4;V
21/09/2006;0,2;V
22/09/2006;0,0;V
23/09/2006;0,0;V
24/09/2006;0,0;V
25/09/2006;0,0;V
26/09/2006;5,2;V
27/09/2006;3,4;V
28/09/2006;0,0;V
29/09/2006;0,0;V
30/09/2006;0,0;V
01/10/2006;0,0;V
02/10/2006;0,0;V
03/10/2006;0,0;V
04/10/2006;0,0;V
05/10/2006;0,0;V
06/10/2006;0,0;V
07/10/2006;0,0;V
08/10/2006;8,8;V
09/10/2006;0,0;V
10/10/2006;0,0;V
11/10/2006;0,0;V
12/10/2006;0,0;V
13/10/2006;0,0;V
14/10/2006;0,0;V
15/10/2006;0,0;V
16/10/2006;0,0;V
17/10/2006;0,0;V
18/10/2006;0,0;V
19/10/2006;0,0;V
20/10/2006;13,2;V
21/10/2006;8,8;V
22/10/2006;3,8;V
23/10/2006;0,2;V
24/10/2006;0,0;V
25/10/2006;0,0;V
26/10/2006;0,0;V
27/10/2006;0,2;V
28/10/2006;0,0;V
29/10/2006;0,0;V
30/10/2006;0,2;V
31/10/2006;0,0;V
01/11/2006;1,4;V
02/11/2006;0,4;V
03/11/2006;0,0;V
04/11/2006;0,0;V
05/11/2006;0,0;V
06/11/2006;0,0;V
07/11/2006;0,2;V
08/11/2006;0,0;V
09/11/2006;0,2;V
10/11/2006;0,2;V
11/11/2006;0,0;V
12/11/2006;0,4;V
13/11/2006;0,2;V
14/11/2006;0,0;V
15/11/2006;0,4;V
16/11/2006;3,2;V
17/11/2006;0,8;V
18/11/2006;0,0;V
19/11/2006;9,2;V
20/11/2006;29,8;V
21/11/2006;1,4;V
22/11/2006;47,0;V
23/11/2006;0,2;V
24/11/2006;0,0;V
25/11/2006;1,2;V
26/11/2006;0,0;V
27/11/2006;0,2;V
28/11/2006;0,2;V
29/11/2006;0,2;V
30/11/2006;0,0;V
01/12/2006;0,0;V
02/12/2006;0,0;V
03/12/2006;0,2;V
04/12/2006;10,4;V
05/12/2006;2,4;V
06/12/2006;0,0;V
07/12/2006;8,4;V
08/12/2006;0,0;V
09/12/2006;33,8;V
10/12/2006;10,0;V
11/12/2006;0,0;V
12/12/2006;0,0;V
13/12/2006;0,2;V
14/12/2006;0,0;V
15/12/2006;0,0;V
16/12/2006;0,0;V
17/12/2006;0,0;V
18/12/2006;0,2;V
19/12/2006;0,4;V
20/12/2006;0,6;V
21/12/2006;0,0;V
22/12/2006;3,0;V
23/12/2006;0,0;V
24/12/2006;0,0;V
25/12/2006;0,0;V
26/12/2006;0,0;V
27/12/2006;0,0;V
28/12/2006;0,0;V
29/12/2006;0,0;V
30/12/2006;0,0;V
31/12/2006;4,0;V
01/01/2007;3,0;V
02/01/2007;8,2;V
03/01/2007;0,0;V
04/01/2007;0,0;V
05/01/2007;0,0;V
06/01/2007;0,0;V
07/01/2007;0,0;V
08/01/2007;7,6;V
09/01/2007;3,6;V
10/01/2007;0,2;V
11/01/2007;0,0;V
12/01/2007;0,0;V
13/01/2007;0,2;V
14/01/2007;0,0;V
15/01/2007;0,0;V
16/01/2007;0,0;V
17/01/2007;0,0;V
18/01/2007;0,2;V
19/01/2007;0,6;V
20/01/2007;0,0;V
21/01/2007;0,2;V
22/01/2007;0,0;V
23/01/2007;0,0;V
24/01/2007;16,2;V
25/01/2007;11,6;V
26/01/2007;0,4;V
27/01/2007;0,2;V
28/01/2007;0,0;V
29/01/2007;0,2;V
30/01/2007;0,0;V
31/01/2007;0,2;V
01/02/2007;0,0;V
02/02/2007;0,0;V
03/02/2007;0,0;V
04/02/2007;0,0;V
05/02/2007;0,0;V
06/02/2007;0,6;V
07/02/2007;9,6;V
08/02/2007;14,2;V
09/02/2007;10,2;V
10/02/2007;0,0;V
11/02/2007;0,0;V
12/02/2007;0,0;V
13/02/2007;29,6;V
14/02/2007;0,0;V
15/02/2007;4,0;V
16/02/2007;3,2;V
17/02/2007;0,0;V
18/02/2007;0,0;V
19/02/2007;0,0;V
20/02/2007;0,0;V
21/02/2007;0,0;V
22/02/2007;4,8;V
23/02/2007;0,2;V
24/02/2007;0,0;V
25/02/2007;12,2;V
26/02/2007;14,4;V
27/02/2007;0,2;V
28/02/2007;0,0;V
01/03/2007;1,2;V
02/03/2007;0,0;V
03/03/2007;0,2;V
04/03/2007;0,0;V
05/03/2007;0,0;V
06/03/2007;0,0;V
07/03/2007;0,0;V
08/03/2007;1,8;V
09/03/2007;0,0;V
10/03/2007;0,0;V
11/03/2007;0,0;V
12/03/2007;0,0;V
13/03/2007;0,0;V
14/03/2007;0,0;V
15/03/2007;0,0;V
16/03/2007;0,0;V
17/03/2007;0,0;V
18/03/2007;0,0;V
19/03/2007;8,4;V
20/03/2007;7,4;V
21/03/2007;19,2;V
22/03/2007;0,0;V
23/03/2007;0,0;V
24/03/2007;0,0;V
25/03/2007;0,8;V
26/03/2007;0,4;V
27/03/2007;9,4;V
28/03/2007;1,8;V
29/03/2007;0,0;V
30/03/2007;3,6;V
31/03/2007;2,2;V
01/04/2007;0,0;V
02/04/2007;0,0;V
03/04/2007;0,0;V
04/04/2007;0,2;V
05/04/2007;0,2;V
06/04/2007;0,0;V
07/04/2007;0,0;V
08/04/2007;0,0;V
09/04/2007;0,0;V
10/04/2007;0,0;V
11/04/2007;0,0;V
12/04/2007;0,0;V
13/04/2007;0,0;V
14/04/2007;0,0;V
15/04/2007;0,0;V
16/04/2007;0,0;V
17/04/2007;0,0;V
18/04/2007;0,0;V
19/04/2007;0,0;V
20/04/2007;0,0;V
21/04/2007;0,0;V
22/04/2007;0,0;V
23/04/2007;0,0;V
24/04/2007;0,0;V
25/04/2007;0,0;V
26/04/2007;0,0;V
27/04/2007;0,0;V
28/04/2007;0,0;V
29/04/2007;0,0;V
30/04/2007;0,0;V
01/05/2007;6,8;V
02/05/2007;0,0;V
03/05/2007;6,0;V
04/05/2007;18,6;V
05/05/2007;7,6;V
06/05/2007;6,4;V
07/05/2007;0,0;V
08/05/2007;0,0;V
09/05/2007;0,0;V
10/05/2007;0,0;V
11/05/2007;0,0;V
12/05/2007;0,0;V
13/05/2007;0,0;V
14/05/2007;0,0;V
15/05/2007;0,0;V
16/05/2007;0,0;V
17/05/2007;0,0;V
18/05/2007;0,0;V
19/05/2007;0,0;V
20/05/2007;0,0;V
21/05/2007;0,0;V
22/05/2007;0,0;V
23/05/2007;0,0;V
24/05/2007;0,0;V
25/05/2007;0,0;V
26/05/2007;0,8;V
27/05/2007;0,0;V
28/05/2007;2,0;V
29/05/2007;15,6;V
30/05/2007;0,2;V
31/05/2007;0,0;V
01/06/2007;0,4;V
02/06/2007;9,4;V
03/06/2007;15,0;V
04/06/2007;0,0;V
05/06/2007;0,0;V
06/06/2007;1,2;V
07/06/2007;4,8;V
08/06/2007;13,6;V
09/06/2007;0,0;V
10/06/2007;0,0;V
11/06/2007;0,0;V
12/06/2007;0,0;V
13/06/2007;0,0;V
14/06/2007;0,0;V
15/06/2007;0,0;V
16/06/2007;11,6;V
17/06/2007;0,0;V
18/06/2007;0,0;V
19/06/2007;0,0;V
20/06/2007;0,0;V
21/06/2007;0,0;V
22/06/2007;0,0;V
23/06/2007;0,0;V
24/06/2007;0,0;V
25/06/2007;0,0;V
26/06/2007;0,0;V
27/06/2007;0,0;V
28/06/2007;0,0;V
29/06/2007;0,0;V
30/06/2007;0,0;V
01/07/2007;0,0;V
02/07/2007;0,0;V
03/07/2007;0,0;V
04/07/2007;0,0;V
05/07/2007;0,8;V
06/07/2007;0,0;V
07/07/2007;0,0;V
08/07/2007;0,0;V
09/07/2007;0,0;V
10/07/2007;0,0;V
11/07/2007;1,2;V
12/07/2007;0,0;V
13/07/2007;0,0;V
14/07/2007;0,0;V
15/07/2007;0,0;V
16/07/2007;0,0;V
17/07/2007;0,0;V
18/07/2007;0,0;V
19/07/2007;0,0;V
20/07/2007;0,0;V
21/07/2007;0,0;V
22/07/2007;0,0;V
23/07/2007;0,0;V
24/07/2007;0,0;V
25/07/2007;0,0;V
26/07/2007;0,0;V
27/07/2007;0,0;V
28/07/2007;0,0;V
29/07/2007;0,0;V
30/07/2007;0,0;V
31/07/2007;0,0;V
01/08/2007;0,0;V
02/08/2007;0,0;V
03/08/2007;0,0;V
04/08/2007;1,8;V
05/08/2007;0,0;V
06/08/2007;0,0;V
07/08/2007;0,0;V
08/08/2007;0,0;V
09/08/2007;19,2;V
10/08/2007;0,0;V
11/08/2007;3,2;V
12/08/2007;0,0;V
13/08/2007;0,0;V
14/08/2007;0,0;V
15/08/2007;0,0;V
16/08/2007;0,0;V
17/08/2007;0,0;V
18/08/2007;0,0;V
19/08/2007;0,0;V
20/08/2007;13,8;V
21/08/2007;6,6;V
22/08/2007;2,4;V
23/08/2007;1,6;V
24/08/2007;21,0;V
25/08/2007;0,4;V
26/08/2007;0,0;V
27/08/2007;0,0;V
28/08/2007;0,0;V
29/08/2007;0,0;V
30/08/2007;0,0;V
31/08/2007;0,0;V
01/09/2007;0,0;V
02/09/2007;0,0;V
03/09/2007;0,0;V
04/09/2007;9,0;V
05/09/2007;5,8;V
06/09/2007;0,0;V
07/09/2007;0,0;V
08/09/2007;0,0;V
09/09/2007;0,0;V
10/09/2007;0,0;V
11/09/2007;0,0;V
12/09/2007;0,0;V
13/09/2007;0,0;V
14/09/2007;0,0;V
15/09/2007;0,0;V
16/09/2007;0,0;V
17/09/2007;33,4;V
18/09/2007;0,0;V
19/09/2007;18,6;V
20/09/2007;0,0;V
21/09/2007;0,0;V
22/09/2007;0,0;V
23/09/2007;0,0;V
24/09/2007;0,0;V
25/09/2007;0,0;V
26/09/2007;0,0;V
27/09/2007;5,6;V
28/09/2007;36,8;V
29/09/2007;1,2;V
30/09/2007;0,0;V
01/10/2007;0,0;V
02/10/2007;0,0;V
03/10/2007;0,0;V
04/10/2007;0,0;V
05/10/2007;0,0;V
06/10/2007;0,0;V
07/10/2007;2,0;V
08/10/2007;0,0;V
09/10/2007;0,0;V
10/10/2007;0,0;V
11/10/2007;0,0;V
12/10/2007;0,0;V
13/10/2007;0,0;V
14/10/2007;0,0;V
15/10/2007;0,0;V
16/10/2007;0,0;V
17/10/2007;0,0;V
18/10/2007;0,0;V
19/10/2007;2,8;V
20/10/2007;1,8;V
21/10/2007;5,4;V
22/10/2007;6,6;V
23/10/2007;1,2;V
24/10/2007;0,4;V
25/10/2007;8,4;V
26/10/2007;13,4;V
27/10/2007;12,2;V
28/10/2007;0,0;V
29/10/2007;0,0;V
30/10/2007;4,4;V
31/10/2007;18,6;V
01/11/2007;0,0;V
02/11/2007;0,0;V
03/11/2007;0,0;V
04/11/2007;0,0;V
05/11/2007;0,0;V
06/11/2007;0,0;V
07/11/2007;0,0;V
08/11/2007;0,0;V
09/11/2007;5,4;V
10/11/2007;3,6;V
11/11/2007;0,0;V
12/11/2007;0,0;V
13/11/2007;0,0;V
14/11/2007;9,4;V
15/11/2007;1,0;V
16/11/2007;0,0;V
17/11/2007;0,0;V
18/11/2007;0,0;V
19/11/2007;0,0;V
20/11/2007;0,0;V
21/11/2007;0,0;V
22/11/2007;0,0;V
23/11/2007;1,4;V
24/11/2007;0,0;V
25/11/2007;11,2;V
26/11/2007;1,4;V
27/11/2007;0,2;V
28/11/2007;0,0;V
29/11/2007;0,0;V
30/11/2007;0,0;V
01/12/2007;0,0;V
02/12/2007;3,4;V
03/12/2007;3,4;V
04/12/2007;6,0;V
05/12/2007;0,0;V
06/12/2007;0,0;V
07/12/2007;0,0;V
08/12/2007;40,6;V
09/12/2007;8,0;V
10/12/2007;12,4;V
11/12/2007;0,2;V
12/12/2007;0,0;V
13/12/2007;0,0;V
14/12/2007;0,0;V
15/12/2007;0,0;V
16/12/2007;0,2;V
17/12/2007;4,2;V
18/12/2007;0,0;V
19/12/2007;0,0;V
20/12/2007;0,0;V
21/12/2007;0,0;V
22/12/2007;0,0;V
23/12/2007;4,2;V
24/12/2007;0,6;V
25/12/2007;0,0;V
26/12/2007;0,0;V
27/12/2007;0,0;V
28/12/2007;0,0;V
29/12/2007;0,0;V
30/12/2007;0,0;V
31/12/2007;0,0;V
01/01/2008;0,0;V
02/01/2008;0,0;V
03/01/2008;0,0;V
04/01/2008;5,0;V
05/01/2008;4,8;V
06/01/2008;12,6;V
07/01/2008;5,2;V
08/01/2008;0,8;V
09/01/2008;0,0;V
10/01/2008;0,0;V
11/01/2008;1,8;V
12/01/2008;8,2;V
13/01/2008;31,8;V
14/01/2008;1,6;V
15/01/2008;1,6;V
16/01/2008;14,8;V
17/01/2008;30,2;V
18/01/2008;0,6;V
19/01/2008;0,2;V
20/01/2008;0,0;V
21/01/2008;0,0;V
22/01/2008;0,0;V
23/01/2008;0,4;V
24/01/2008;0,0;V
25/01/2008;0,0;V
26/01/2008;0,0;V
27/01/2008;0,0;V
28/01/2008;0,0;V
29/01/2008;0,0;V
30/01/2008;0,0;V
31/01/2008;3,4;V
01/02/2008;1,8;V
02/02/2008;0,8;V
03/02/2008;7,6;V
04/02/2008;13,6;V
05/02/2008;7,8;V
06/02/2008;0,0;V
07/02/2008;0,0;V
08/02/2008;0,0;V
09/02/2008;0,0;V
10/02/2008;0,0;V
11/02/2008;0,0;V
12/02/2008;0,0;V
13/02/2008;0,0;V
14/02/2008;0,0;V
15/02/2008;0,0;V
16/02/2008;0,0;V
17/02/2008;0,0;V
18/02/2008;0,0;V
19/02/2008;0,0;V
20/02/2008;0,0;V
21/02/2008;0,0;V
22/02/2008;0,0;V
23/02/2008;0,0;V
24/02/2008;0,0;V
25/02/2008;0,0;V
26/02/2008;0,0;V
27/02/2008;3,4;V
28/02/2008;1,4;V
29/02/2008;0,0;V
01/03/2008;0,8;V
02/03/2008;0,6;V
03/03/2008;0,0;V
04/03/2008;0,0;V
05/03/2008;8,4;V
06/03/2008;6,4;V
07/03/2008;2,0;V
08/03/2008;4,4;V
09/03/2008;0,0;V
10/03/2008;0,0;V
11/03/2008;4,2;V
12/03/2008;1,0;V
13/03/2008;0,0;V
14/03/2008;0,0;V
15/03/2008;0,0;V
16/03/2008;0,0;V
17/03/2008;0,6;V
18/03/2008;0,4;V
19/03/2008;6,6;V
20/03/2008;1,2;V
21/03/2008;0,0;V
22/03/2008;16,8;V
23/03/2008;2,6;V
24/03/2008;13,8;V
25/03/2008;2,8;V
26/03/2008;0,0;V
27/03/2008;3,2;V
28/03/2008;5,2;V
29/03/2008;0,2;V
30/03/2008;0,0;V
31/03/2008;0,0;V
01/04/2008;0,0;V
02/04/2008;0,0;V
03/04/2008;0,0;V
04/04/2008;0,0;V
05/04/2008;0,0;V
06/04/2008;0,0;V
07/04/2008;0,2;V
08/04/2008;0,0;V
09/04/2008;0,6;V
10/04/2008;13,2;V
11/04/2008;2,6;V
12/04/2008;6,2;V
13/04/2008;0,2;V
14/04/2008;0,4;V
15/04/2008;9,0;V
16/04/2008;0,0;V
17/04/2008;0,0;V
18/04/2008;16,8;V
19/04/2008;13,0;V
20/04/2008;0,0;V
21/04/2008;5,4;V
22/04/2008;9,8;V
23/04/2008;1,4;V
24/04/2008;0,2;V
25/04/2008;0,0;V
26/04/2008;0,0;V
27/04/2008;0,0;V
28/04/2008;0,0;V
29/04/2008;2,8;V
30/04/2008;2,0;V
01/05/2008;2,4;V
02/05/2008;0,0;V
03/05/2008;0,0;V
04/05/2008;0,0;V
05/05/2008;1,0;V
06/05/2008;0,0;V
07/05/2008;0,0;V
08/05/2008;0,0;V
09/05/2008;0,0;V
10/05/2008;0,0;V
11/05/2008;0,0;V
12/05/2008;0,0;V
13/05/2008;0,0;V
14/05/2008;0,0;V
15/05/2008;1,4;V
16/05/2008;0,0;V
17/05/2008;1,2;V
18/05/2008;3,2;V
19/05/2008;3,0;V
20/05/2008;31,2;V
21/05/2008;6,8;V
22/05/2008;11,6;V
23/05/2008;0,0;V
24/05/2008;0,0;V
25/05/2008;0,0;V
26/05/2008;0,0;V
27/05/2008;0,0;V
28/05/2008;0,0;V
29/05/2008;0,0;V
30/05/2008;10,2;V
31/05/2008;7,8;V
01/06/2008;0,0;V
02/06/2008;0,0;V
03/06/2008;1,8;V
04/06/2008;7,0;V
05/06/2008;0,0;V
06/06/2008;0,0;V
07/06/2008;10,0;V
08/06/2008;2,4;V
09/06/2008;2,4;V
10/06/2008;0,0;V
11/06/2008;0,0;V
12/06/2008;0,0;V
13/06/2008;3,2;V
14/06/2008;28,2;V
15/06/2008;2,6;V
16/06/2008;0,0;V
17/06/2008;1,4;V
18/06/2008;2,0;V
19/06/2008;0,0;V
20/06/2008;0,0;V
21/06/2008;0,0;V
22/06/2008;0,0;V
23/06/2008;0,0;V
24/06/2008;0,0;V
25/06/2008;0,0;V
26/06/2008;0,0;V
27/06/2008;0,0;V
28/06/2008;0,0;V
29/06/2008;0,0;V
30/06/2008;0,0;V
01/07/2008;0,0;V
02/07/2008;0,0;V
03/07/2008;0,0;V
04/07/2008;0,0;V
05/07/2008;0,0;V
06/07/2008;0,0;V
07/07/2008;0,0;V
08/07/2008;0,0;V
09/07/2008;0,0;V
10/07/2008;0,0;V
11/07/2008;0,0;V
12/07/2008;0,0;V
13/07/2008;0,0;V
14/07/2008;3,6;V
15/07/2008;0,0;V
16/07/2008;0,0;V
17/07/2008;0,0;V
18/07/2008;0,0;V
19/07/2008;0,0;V
20/07/2008;0,0;V
21/07/2008;0,0;V
22/07/2008;0,0;V
23/07/2008;0,0;V
24/07/2008;0,0;V
25/07/2008;0,0;V
26/07/2008;0,0;V
27/07/2008;0,0;V
28/07/2008;0,0;V
29/07/2008;0,0;V
30/07/2008;0,0;V
31/07/2008;0,0;V
01/08/2008;0,0;V
02/08/2008;0,0;V
03/08/2008;0,0;V
04/08/2008;0,0;V
05/08/2008;0,0;V
06/08/2008;0,0;V
07/08/2008;2,0;V
08/08/2008;0,0;V
09/08/2008;0,0;V
10/08/2008;0,0;V
11/08/2008;0,0;V
12/08/2008;0,0;V
13/08/2008;0,0;V
14/08/2008;0,0;V
15/08/2008;5,0;V
16/08/2008;8,8;V
17/08/2008;0,0;V
18/08/2008;0,0;V
19/08/2008;0,0;V
20/08/2008;0,0;V
21/08/2008;0,0;V
22/08/2008;0,0;V
23/08/2008;0,0;V
24/08/2008;2,0;V
25/08/2008;0,0;V
26/08/2008;0,0;V
27/08/2008;0,0;V
28/08/2008;0,0;V
29/08/2008;0,0;V
30/08/2008;0,0;V
31/08/2008;0,0;V
01/09/2008;0,0;V
02/09/2008;0,0;V
03/09/2008;0,0;V
04/09/2008;0,0;V
05/09/2008;0,0;V
06/09/2008;0,0;V
07/09/2008;0,0;V
08/09/2008;0,0;V
09/09/2008;0,0;V
10/09/2008;0,0;V
11/09/2008;0,0;V
12/09/2008;0,0;V
13/09/2008;16,2;V
14/09/2008;15,2;V
15/09/2008;6,0;V
16/09/2008;0,2;V
17/09/2008;0,0;V
18/09/2008;0,0;V
19/09/2008;2,0;V
20/09/2008;2,2;V
21/09/2008;0,0;V
22/09/2008;0,0;V
23/09/2008;0,0;V
24/09/2008;0,0;V
25/09/2008;0,0;V
26/09/2008;1,0;V
27/09/2008;1,2;V
28/09/2008;0,0;V
29/09/2008;0,0;V
30/09/2008;0,0;V
01/10/2008;0,0;V
02/10/2008;0,0;V
03/10/2008;10,8;V
04/10/2008;5,2;V
05/10/2008;0,0;V
06/10/2008;0,0;V
07/10/2008;0,0;V
08/10/2008;0,0;V
09/10/2008;0,0;V
10/10/2008;0,0;V
11/10/2008;0,0;V
12/10/2008;0,0;V
13/10/2008;0,0;V
14/10/2008;0,0;V
15/10/2008;0,0;V
16/10/2008;0,0;V
17/10/2008;0,2;V
18/10/2008;0,0;V
19/10/2008;0,0;V
20/10/2008;0,0;V
21/10/2008;0,0;V
22/10/2008;2,8;V
23/10/2008;0,0;V
24/10/2008;0,0;V
25/10/2008;0,4;V
26/10/2008;0,0;V
27/10/2008;0,0;V
28/10/2008;2,4;V
29/10/2008;30,8;V
30/10/2008;7,6;V
31/10/2008;23,4;V
01/11/2008;13,2;V
02/11/2008;0,0;V
03/11/2008;0,0;V
04/11/2008;6,4;V
05/11/2008;18,8;V
06/11/2008;0,0;V
07/11/2008;3,2;V
08/11/2008;0,2;V
09/11/2008;0,0;V
10/11/2008;0,0;V
11/11/2008;0,2;V
12/11/2008;2,6;V
13/11/2008;32,6;V
14/11/2008;5,6;V
15/11/2008;2,6;V
16/11/2008;0,0;V
17/11/2008;0,0;V
18/11/2008;0,0;V
19/11/2008;0,0;V
20/11/2008;0,0;V
21/11/2008;0,0;V
22/11/2008;0,6;V
23/11/2008;0,0;V
24/11/2008;3,6;V
25/11/2008;12,6;V
26/11/2008;0,4;V
27/11/2008;0,0;V
28/11/2008;5,6;V
29/11/2008;30,8;V
30/11/2008;21,8;V
01/12/2008;29,2;V
02/12/2008;14,6;V
03/12/2008;8,0;V
04/12/2008;0,4;V
05/12/2008;17,0;V
06/12/2008;17,4;V
07/12/2008;0,4;V
08/12/2008;0,2;V
09/12/2008;0,0;V
10/12/2008;3,2;V
11/12/2008;24,4;V
12/12/2008;4,8;V
13/12/2008;0,4;V
14/12/2008;2,0;V
15/12/2008;0,8;V
16/12/2008;5,8;V
17/12/2008;3,4;V
18/12/2008;0,2;V
19/12/2008;5,4;V
20/12/2008;0,2;V
21/12/2008;0,0;V
22/12/2008;0,0;V
23/12/2008;0,4;V
24/12/2008;0,2;V
25/12/2008;0,2;V
26/12/2008;3,0;V
27/12/2008;0,2;V
28/12/2008;0,0;V
29/12/2008;0,6;V
30/12/2008;1,2;V
31/12/2008;0,0;V
01/01/2009;12,6;V
02/01/2009;0,6;V
03/01/2009;0,2;V
04/01/2009;0,0;V
05/01/2009;0,0;V
06/01/2009;0,0;V
07/01/2009;0,6;V
08/01/2009;13,2;V
09/01/2009;0,0;V
10/01/2009;0,0;V
11/01/2009;0,0;V
12/01/2009;0,0;V
13/01/2009;0,0;V
14/01/2009;6,2;V
15/01/2009;2,0;V
16/01/2009;0,2;V
17/01/2009;0,0;V
18/01/2009;0,2;V
19/01/2009;6,2;V
20/01/2009;5,2;V
21/01/2009;16,4;V
22/01/2009;0,4;V
23/01/2009;0,0;V
24/01/2009;7,8;V
25/01/2009;13,8;V
26/01/2009;0,0;V
27/01/2009;10,2;V
28/01/2009;1,4;V
29/01/2009;0,0;V
30/01/2009;0,0;V
31/01/2009;0,0;V
01/02/2009;0,0;V
02/02/2009;3,4;V
03/02/2009;35,2;V
04/02/2009;7,0;V
05/02/2009;8,2;V
06/02/2009;13,4;V
07/02/2009;17,8;V
08/02/2009;2,0;V
09/02/2009;4,2;V
10/02/2009;0,4;V
11/02/2009;6,2;V
12/02/2009;0,0;V
13/02/2009;0,0;V
14/02/2009;0,0;V
15/02/2009;0,0;V
16/02/2009;0,0;V
17/02/2009;0,0;V
18/02/2009;0,0;V
19/02/2009;0,0;V
20/02/2009;0,0;V
21/02/2009;0,0;V
22/02/2009;0,0;V
23/02/2009;0,0;V
24/02/2009;0,0;V
25/02/2009;0,6;V
26/02/2009;0,0;V
27/02/2009;0,0;V
28/02/2009;0,0;V
01/03/2009;0,2;V
02/03/2009;3,6;V
03/03/2009;3,2;V
04/03/2009;5,8;V
05/03/2009;33,4;V
06/03/2009;9,8;V
07/03/2009;0,2;V
08/03/2009;0,0;V
09/03/2009;0,0;V
10/03/2009;0,0;V
11/03/2009;0,2;V
12/03/2009;0,0;V
13/03/2009;0,0;V
14/03/2009;0,0;V
15/03/2009;0,0;V
16/03/2009;0,0;V
17/03/2009;0,0;V
18/03/2009;0,0;V
19/03/2009;0,0;V
20/03/2009;2,0;V
21/03/2009;0,0;V
22/03/2009;0,0;V
23/03/2009;0,0;V
24/03/2009;0,0;V
25/03/2009;6,2;V
26/03/2009;0,0;V
27/03/2009;0,0;V
28/03/2009;0,0;V
29/03/2009;20,0;V
30/03/2009;44,0;V
31/03/2009;0,0;V
01/04/2009;10,8;V
02/04/2009;12,8;V
03/04/2009;0,8;V
04/04/2009;0,0;V
05/04/2009;0,0;V
06/04/2009;0,0;V
07/04/2009;0,2;V
08/04/2009;0,0;V
09/04/2009;0,0;V
10/04/2009;0,0;V
11/04/2009;1,0;V
12/04/2009;0,0;V
13/04/2009;0,0;V
14/04/2009;0,0;V
15/04/2009;0,0;V
16/04/2009;0,0;V
17/04/2009;5,2;V
18/04/2009;3,2;V
19/04/2009;4,6;V
20/04/2009;6,0;V
21/04/2009;0,0;V
22/04/2009;1,8;V
23/04/2009;0,2;V
24/04/2009;1,2;V
25/04/2009;0,0;V
26/04/2009;0,0;V
27/04/2009;6,8;V
28/04/2009;3,8;V
29/04/2009;6,6;V
30/04/2009;6,2;V
01/05/2009;1,6;V
02/05/2009;0,0;V
03/05/2009;7,0;V
04/05/2009;0,0;V
05/05/2009;1,0;V
06/05/2009;0,0;V
07/05/2009;0,0;V
08/05/2009;0,0;V
09/05/2009;0,0;V
10/05/2009;0,0;V
11/05/2009;0,0;V
12/05/2009;0,0;V
13/05/2009;0,0;V
14/05/2009;0,0;V
15/05/2009;0,0;V
16/05/2009;0,0;V
17/05/2009;0,0;V
18/05/2009;0,0;V
19/05/2009;0,0;V
20/05/2009;0,0;V
21/05/2009;0,0;V
22/05/2009;0,0;V
23/05/2009;0,0;V
24/05/2009;0,0;V
25/05/2009;0,0;V
26/05/2009;0,0;V
27/05/2009;0,0;V
28/05/2009;0,6;V
29/05/2009;0,0;V
30/05/2009;1,0;V
31/05/2009;0,2;V
01/06/2009;6,4;V
02/06/2009;1,6;V
03/06/2009;0,0;V
04/06/2009;0,0;V
05/06/2009;0,0;V
06/06/2009;0,0;V
07/06/2009;3,2;V
08/06/2009;3,6;V
09/06/2009;0,0;V
10/06/2009;0,0;V
11/06/2009;0,0;V
12/06/2009;0,0;V
13/06/2009;0,0;V
14/06/2009;0,0;V
15/06/2009;0,0;V
16/06/2009;0,0;V
17/06/2009;0,0;V
18/06/2009;0,0;V
19/06/2009;0,0;V
20/06/2009;0,0;V
21/06/2009;4,0;V
22/06/2009;0,0;V
23/06/2009;1,8;V
24/06/2009;0,0;V
25/06/2009;0,0;V
26/06/2009;0,0;V
27/06/2009;0,8;V
28/06/2009;17,6;V
29/06/2009;0,0;V
30/06/2009;0,0;V
01/07/2009;0,0;V
02/07/2009;0,0;V
03/07/2009;4,4;V
04/07/2009;0,0;V
05/07/2009;0,0;V
06/07/2009;2,0;V
07/07/2009;0,6;V
08/07/2009;0,0;V
09/07/2009;0,0;V
10/07/2009;0,0;V
11/07/2009;2,0;V
12/07/2009;0,0;V
13/07/2009;0,0;V
14/07/2009;0,0;V
15/07/2009;0,0;V
16/07/2009;0,0;V
17/07/2009;0,0;V
18/07/2009;0,0;V
19/07/2009;0,0;V
20/07/2009;0,0;V
21/07/2009;0,0;V
22/07/2009;0,0;V
23/07/2009;0,0;V
24/07/2009;0,0;V
25/07/2009;0,0;V
26/07/2009;0,0;V
27/07/2009;0,0;V
28/07/2009;0,0;V
29/07/2009;0,0;V
30/07/2009;0,0;V
31/07/2009;0,0;V
01/08/2009;0,0;V
02/08/2009;0,0;V
03/08/2009;0,0;V
04/08/2009;4,6;V
05/08/2009;0,0;V
06/08/2009;0,0;V
07/08/2009;0,0;V
08/08/2009;0,0;V
09/08/2009;0,2;V
10/08/2009;11,4;V
11/08/2009;0,0;V
12/08/2009;0,0;V
13/08/2009;0,0;V
14/08/2009;0,0;V
15/08/2009;0,0;V
16/08/2009;0,0;V
17/08/2009;0,0;V
18/08/2009;0,4;V
19/08/2009;0,0;V
20/08/2009;0,0;V
21/08/2009;0,0;V
22/08/2009;0,0;V
23/08/2009;0,0;V
24/08/2009;0,0;V
25/08/2009;0,0;V
26/08/2009;0,0;V
27/08/2009;0,0;V
28/08/2009;0,0;V
29/08/2009;0,0;V
30/08/2009;0,0;V
31/08/2009;0,0;V
01/09/2009;0,0;V
02/09/2009;0,0;V
03/09/2009;0,0;V
04/09/2009;0,0;V
05/09/2009;0,0;V
06/09/2009;0,0;V
07/09/2009;0,0;V
08/09/2009;0,0;V
09/09/2009;0,0;V
10/09/2009;0,0;V
11/09/2009;0,0;V
12/09/2009;0,0;V
13/09/2009;0,8;V
14/09/2009;0,8;V
15/09/2009;18,4;V
16/09/2009;7,0;V
17/09/2009;5,0;V
18/09/2009;0,2;V
19/09/2009;0,2;V
20/09/2009;3,0;V
21/09/2009;24,4;V
22/09/2009;0,0;V
23/09/2009;0,0;V
24/09/2009;0,0;V
25/09/2009;0,0;V
26/09/2009;0,0;V
27/09/2009;0,0;V
28/09/2009;0,0;V
29/09/2009;0,0;V
30/09/2009;0,0;V
01/10/2009;0,0;V
02/10/2009;0,0;V
03/10/2009;0,0;V
04/10/2009;0,0;V
05/10/2009;0,6;V
06/10/2009;0,0;V
07/10/2009;0,0;V
08/10/2009;0,0;V
09/10/2009;0,0;V
10/10/2009;3,0;V
11/10/2009;0,2;V
12/10/2009;0,6;V
13/10/2009;7,2;V
14/10/2009;0,0;V
15/10/2009;0,0;V
16/10/2009;0,0;V
17/10/2009;0,0;V
18/10/2009;0,0;V
19/10/2009;0,0;V
20/10/2009;0,0;V
21/10/2009;0,4;V
22/10/2009;12,6;V
23/10/2009;6,6;V
24/10/2009;16,4;V
25/10/2009;0,0;V
26/10/2009;0,0;V
27/10/2009;0,0;V
28/10/2009;0,0;V
29/10/2009;0,0;V
30/10/2009;0,0;V
31/10/2009;0,0;V
01/11/2009;0,0;V
02/11/2009;0,2;V
03/11/2009;14,0;V
04/11/2009;0,2;V
05/11/2009;14,0;V
06/11/2009;5,2;V
07/11/2009;0,0;V
08/11/2009;17,6;V
09/11/2009;10,6;V
10/11/2009;0,6;V
11/11/2009;0,0;V
12/11/2009;0,0;V
13/11/2009;0,2;V
14/11/2009;0,2;V
15/11/2009;0,2;V
16/11/2009;0,0;V
17/11/2009;0,2;V
18/11/2009;0,0;V
19/11/2009;0,2;V
20/11/2009;0,2;V
21/11/2009;0,0;V
22/11/2009;0,0;V
23/11/2009;0,0;V
24/11/2009;0,0;V
25/11/2009;0,0;V
26/11/2009;0,0;V
27/11/2009;4,2;V
28/11/2009;3,8;V
29/11/2009;0,2;V
30/11/2009;0,6;V
01/12/2009;38,6;V
02/12/2009;3,0;V
03/12/2009;0,0;V
04/12/2009;17,4;V
05/12/2009;7,4;V
06/12/2009;0,2;V
07/12/2009;2,4;V
08/12/2009;7,2;V
09/12/2009;5,0;V
10/12/2009;0,0;V
11/12/2009;0,0;V
12/12/2009;0,0;V
13/12/2009;0,0;V
14/12/2009;1,6;V
15/12/2009;0,0;V
16/12/2009;0,0;V
17/12/2009;0,0;V
18/12/2009;2,8;V
19/12/2009;0,2;V
20/12/2009;0,0;V
21/12/2009;7,0;V
22/12/2009;60,0;V
23/12/2009;55,0;V
24/12/2009;12,8;V
25/12/2009;32,2;V
26/12/2009;7,0;V
27/12/2009;0,4;V
28/12/2009;0,0;V
29/12/2009;9,2;V
30/12/2009;24,6;V
31/12/2009;6,8;V
01/01/2010;25,0;V
02/01/2010;9,0;V
03/01/2010;0,0;V
04/01/2010;0,0;V
05/01/2010;1,2;V
06/01/2010;25,4;V
07/01/2010;9,2;V
08/01/2010;7,0;V
09/01/2010;13,8;V
10/01/2010;8,2;V
11/01/2010;0,0;V
12/01/2010;0,0;V
13/01/2010;0,2;V
14/01/2010;0,0;V
15/01/2010;0,0;V
16/01/2010;0,0;V
17/01/2010;0,0;V
18/01/2010;0,0;V
19/01/2010;0,0;V
20/01/2010;0,2;V
21/01/2010;0,0;V
22/01/2010;0,0;V
23/01/2010;0,0;V
24/01/2010;0,0;V
25/01/2010;0,0;V
26/01/2010;0,0;V
27/01/2010;0,6;V
28/01/2010;0,0;V
29/01/2010;0,0;V
30/01/2010;7,6;V
31/01/2010;1,6;V
01/02/2010;0,0;V
02/02/2010;0,0;V
03/02/2010;0,0;V
04/02/2010;1,0;V
05/02/2010;1,4;V
06/02/2010;20,8;V
07/02/2010;6,0;V
08/02/2010;0,0;V
09/02/2010;0,0;V
10/02/2010;0,6;V
11/02/2010;1,0;V
12/02/2010;0,8;V
13/02/2010;3,2;V
14/02/2010;0,0;V
15/02/2010;0,0;V
16/02/2010;0,0;V
17/02/2010;0,2;V
18/02/2010;20,4;V
19/02/2010;5,2;V
20/02/2010;16,0;V
21/02/2010;0,6;V
22/02/2010;5,4;V
23/02/2010;21,0;V
24/02/2010;5,8;V
25/02/2010;0,8;V
26/02/2010;5,6;V
27/02/2010;5,8;V
28/02/2010;0,0;V
01/03/2010;1,0;V
02/03/2010;0,8;V
03/03/2010;0,0;V
04/03/2010;35,4;V
05/03/2010;0,4;V
06/03/2010;0,0;V
07/03/2010;0,0;V
08/03/2010;0,0;V
09/03/2010;0,0;V
10/03/2010;0,0;V
11/03/2010;4,2;V
12/03/2010;0,6;V
13/03/2010;0,2;V
14/03/2010;0,0;V
15/03/2010;0,0;V
16/03/2010;0,0;V
17/03/2010;0,0;V
18/03/2010;0,0;V
19/03/2010;0,0;V
20/03/2010;0,2;V
21/03/2010;0,0;V
22/03/2010;5,8;V
23/03/2010;0,0;V
24/03/2010;0,0;V
25/03/2010;0,0;V
26/03/2010;0,2;V
27/03/2010;0,2;V
28/03/2010;0,0;V
29/03/2010;0,0;V
30/03/2010;0,2;V
31/03/2010;6,6;V
01/04/2010;0,8;V
02/04/2010;8,4;V
03/04/2010;4,2;V
04/04/2010;0,0;V
05/04/2010;34,0;V
06/04/2010;0,2;V
07/04/2010;0,0;V
08/04/2010;0,0;V
09/04/2010;0,0;V
10/04/2010;0,0;V
11/04/2010;4,2;V
12/04/2010;0,4;V
13/04/2010;0,0;V
14/04/2010;0,0;V
15/04/2010;0,0;V
16/04/2010;0,0;V
17/04/2010;1,4;V
18/04/2010;0,8;V
19/04/2010;0,0;V
20/04/2010;0,0;V
21/04/2010;0,0;V
22/04/2010;0,0;V
23/04/2010;1,2;V
24/04/2010;13,8;V
25/04/2010;0,0;V
26/04/2010;0,0;V
27/04/2010;0,0;V
28/04/2010;0,0;V
29/04/2010;0,0;V
30/04/2010;0,0;V
01/05/2010;0,0;V
02/05/2010;1,0;V
03/05/2010;24,4;V
04/05/2010;13,6;V
05/05/2010;14,8;V
06/05/2010;7,6;V
07/05/2010;4,8;V
08/05/2010;0,8;V
09/05/2010;0,0;V
10/05/2010;1,4;V
11/05/2010;15,0;V
12/05/2010;10,8;V
13/05/2010;2,6;V
14/05/2010;1,2;V
15/05/2010;11,8;V
16/05/2010;13,0;V
17/05/2010;0,2;V
18/05/2010;0,0;V
19/05/2010;0,0;V
20/05/2010;0,0;V
21/05/2010;0,0;V
22/05/2010;0,0;V
23/05/2010;0,0;V
24/05/2010;0,0;V
25/05/2010;0,0;V
26/05/2010;0,0;V
27/05/2010;0,0;V
28/05/2010;0,0;V
29/05/2010;0,0;V
30/05/2010;0,0;V
31/05/2010;0,6;V
01/06/2010;0,2;V
02/06/2010;0,4;V
03/06/2010;27,6;V
04/06/2010;3,8;V
05/06/2010;0,0;V
06/06/2010;0,0;V
07/06/2010;0,0;V
08/06/2010;0,0;V
09/06/2010;0,0;V
10/06/2010;0,0;V
11/06/2010;0,0;V
12/06/2010;0,0;V
13/06/2010;0,0;V
14/06/2010;0,0;V
15/06/2010;0,2;V
16/06/2010;9,2;V
17/06/2010;1,6;V
18/06/2010;15,2;V
19/06/2010;0,4;V
20/06/2010;4,4;V
21/06/2010;4,4;V
22/06/2010;0,4;V
23/06/2010;0,0;V
24/06/2010;0,0;V
25/06/2010;0,0;V
26/06/2010;0,0;V
27/06/2010;2,0;V
28/06/2010;0,0;V
29/06/2010;0,0;V
30/06/2010;0,0;V
01/07/2010;0,0;V
02/07/2010;0,0;V
03/07/2010;0,0;V
04/07/2010;0,0;V
05/07/2010;0,2;V
06/07/2010;0,0;V
07/07/2010;0,0;V
08/07/2010;0,0;V
09/07/2010;0,0;V
10/07/2010;0,0;V
11/07/2010;0,0;V
12/07/2010;0,0;V
13/07/2010;0,0;V
14/07/2010;0,0;V
15/07/2010;0,0;V
16/07/2010;0,0;V
17/07/2010;0,0;V
18/07/2010;0,0;V
19/07/2010;0,0;V
20/07/2010;0,0;V
21/07/2010;0,0;V
22/07/2010;0,0;V
23/07/2010;0,0;V
24/07/2010;0,0;V
25/07/2010;0,0;V
26/07/2010;0,0;V
27/07/2010;0,0;V
28/07/2010;1,4;V
29/07/2010;0,0;V
30/07/2010;13,6;V
31/07/2010;0,0;V
01/08/2010;0,0;V
02/08/2010;0,0;V
03/08/2010;0,0;V
04/08/2010;0,0;V
05/08/2010;0,0;V
06/08/2010;34,8;V
07/08/2010;0,0;V
08/08/2010;0,0;V
09/08/2010;0,0;V
10/08/2010;0,0;V
11/08/2010;0,0;V
12/08/2010;0,0;V
13/08/2010;0,2;V
14/08/2010;25,0;V
15/08/2010;22,6;V
16/08/2010;0,0;V
17/08/2010;0,4;V
18/08/2010;0,0;V
19/08/2010;0,0;V
20/08/2010;0,0;V
21/08/2010;0,0;V
22/08/2010;0,0;V
23/08/2010;0,0;V
24/08/2010;0,0;V
25/08/2010;0,0;V
26/08/2010;0,0;V
27/08/2010;0,0;V
28/08/2010;0,0;V
29/08/2010;0,0;V
30/08/2010;0,0;V
31/08/2010;3,0;V
01/09/2010;0,2;V
02/09/2010;0,0;V
03/09/2010;0,0;V
04/09/2010;0,0;V
05/09/2010;0,0;V
06/09/2010;0,0;V
07/09/2010;0,0;V
08/09/2010;1,0;V
09/09/2010;15,4;V
10/09/2010;0,8;V
11/09/2010;0,0;V
12/09/2010;0,0;V
13/09/2010;0,0;V
14/09/2010;15,0;V
15/09/2010;0,0;V
16/09/2010;0,0;V
17/09/2010;0,0;V
18/09/2010;0,8;V
19/09/2010;46,6;V
20/09/2010;0,0;V
21/09/2010;0,0;V
22/09/2010;0,0;V
23/09/2010;0,0;V
24/09/2010;0,0;V
25/09/2010;9,0;V
26/09/2010;5,6;V
27/09/2010;0,0;V
28/09/2010;1,0;V
29/09/2010;0,0;V
30/09/2010;0,0;V
01/10/2010;0,0;V
02/10/2010;0,6;V
03/10/2010;0,0;V
04/10/2010;0,0;V
05/10/2010;27,8;V
06/10/2010;0,0;V
07/10/2010;0,0;V
08/10/2010;0,0;V
09/10/2010;0,0;V
10/10/2010;0,0;V
11/10/2010;0,0;V
12/10/2010;0,0;V
13/10/2010;1,2;V
14/10/2010;0,0;V
15/10/2010;0,0;V
16/10/2010;1,0;V
17/10/2010;26,0;V
18/10/2010;0,0;V
19/10/2010;0,0;V
20/10/2010;0,0;V
21/10/2010;0,0;V
22/10/2010;0,2;V
23/10/2010;0,0;V
24/10/2010;0,0;V
25/10/2010;16,6;V
26/10/2010;4,8;V
27/10/2010;0,2;V
28/10/2010;0,0;V
29/10/2010;0,0;V
30/10/2010;0,0;V
31/10/2010;10,6;V
01/11/2010;26,8;V
02/11/2010;11,2;V
03/11/2010;5,6;V
04/11/2010;0,6;V
05/11/2010;0,2;V
06/11/2010;0,2;V
07/11/2010;0,2;V
08/11/2010;34,8;V
09/11/2010;14,0;V
10/11/2010;25,8;V
11/11/2010;24,0;V
12/11/2010;0,8;V
13/11/2010;4,4;V
14/11/2010;0,0;V
15/11/2010;0,2;V
16/11/2010;15,4;V
17/11/2010;1,6;V
18/11/2010;0,0;V
19/11/2010;19,2;V
20/11/2010;5,0;V
21/11/2010;2,4;V
22/11/2010;21,2;V
23/11/2010;10,0;V
24/11/2010;1,6;V
25/11/2010;0,0;V
26/11/2010;17,0;V
27/11/2010;0,2;V
28/11/2010;1,4;V
29/11/2010;28,6;V
30/11/2010;0,0;V
01/12/2010;25,4;V
02/12/2010;16,2;V
03/12/2010;13,8;V
04/12/2010;2,4;V
05/12/2010;0,0;V
06/12/2010;4,0;V
07/12/2010;24,6;V
08/12/2010;2,8;V
09/12/2010;3,0;V
10/12/2010;0,0;V
11/12/2010;0,0;V
12/12/2010;0,0;V
13/12/2010;0,0;V
14/12/2010;0,0;V
15/12/2010;0,0;V
16/12/2010;0,0;V
17/12/2010;0,0;V
18/12/2010;0,0;V
19/12/2010;10,4;V
20/12/2010;5,0;V
21/12/2010;0,0;V
22/12/2010;22,2;V
23/12/2010;23,8;V
24/12/2010;18,8;V
25/12/2010;14,6;V
26/12/2010;0,4;V
27/12/2010;0,8;V
28/12/2010;0,0;V
29/12/2010;0,0;V
30/12/2010;0,0;V
31/12/2010;0,4;V
01/01/2011;0,0;V
02/01/2011;0,2;V
03/01/2011;0,0;V
04/01/2011;0,0;V
05/01/2011;0,0;V
06/01/2011;1,2;V
07/01/2011;14,4;V
08/01/2011;3,8;V
09/01/2011;0,0;V
10/01/2011;0,0;V
11/01/2011;10,2;V
12/01/2011;2,2;V
13/01/2011;0,2;V
14/01/2011;0,0;V
15/01/2011;0,0;V
16/01/2011;0,0;V
17/01/2011;0,0;V
18/01/2011;0,0;V
19/01/2011;0,0;V
20/01/2011;0,2;V
21/01/2011;0,4;V
22/01/2011;3,6;V
23/01/2011;0,2;V
24/01/2011;0,2;V
25/01/2011;0,0;V
26/01/2011;0,0;V
27/01/2011;0,0;V
28/01/2011;1,4;V
29/01/2011;0,2;V
30/01/2011;5,6;V
31/01/2011;2,6;V
01/02/2011;0,0;V
02/02/2011;0,0;V
03/02/2011;0,0;V
04/02/2011;0,0;V
05/02/2011;0,0;V
06/02/2011;0,0;V
07/02/2011;0,0;V
08/02/2011;0,0;V
09/02/2011;0,0;V
10/02/2011;0,0;V
11/02/2011;0,0;V
12/02/2011;0,0;V
13/02/2011;2,0;V
14/02/2011;4,8;V
15/02/2011;0,0;V
16/02/2011;11,4;V
17/02/2011;20,6;V
18/02/2011;17,0;V
19/02/2011;0,0;V
20/02/2011;0,0;V
21/02/2011;6,8;V
22/02/2011;0,0;V
23/02/2011;0,8;V
24/02/2011;0,2;V
25/02/2011;0,0;V
26/02/2011;0,0;V
27/02/2011;0,0;V
28/02/2011;4,4;V
01/03/2011;0,4;V
02/03/2011;2,8;V
03/03/2011;2,4;V
04/03/2011;4,4;V
05/03/2011;0,2;V
06/03/2011;0,0;V
07/03/2011;0,0;V
08/03/2011;0,0;V
09/03/2011;0,0;V
10/03/2011;0,0;V
11/03/2011;0,0;V
12/03/2011;0,0;V
13/03/2011;0,8;V
14/03/2011;34,8;V
15/03/2011;20,8;V
16/03/2011;18,4;V
17/03/2011;13,2;V
18/03/2011;4,8;V
19/03/2011;0,0;V
20/03/2011;0,8;V
21/03/2011;0,0;V
22/03/2011;0,0;V
23/03/2011;0,0;V
24/03/2011;0,0;V
25/03/2011;0,0;V
26/03/2011;0,0;V
27/03/2011;0,0;V
28/03/2011;12,4;V
29/03/2011;15,2;V
30/03/2011;0,0;V
31/03/2011;0,0;V
01/04/2011;0,0;V
02/04/2011;0,0;V
03/04/2011;0,0;V
04/04/2011;0,0;V
05/04/2011;0,0;V
06/04/2011;0,0;V
07/04/2011;0,0;V
08/04/2011;0,0;V
09/04/2011;0,0;V
10/04/2011;0,0;V
11/04/2011;0,0;V
12/04/2011;0,0;V
13/04/2011;1,8;V
14/04/2011;0,0;V
15/04/2011;4,0;V
16/04/2011;0,0;V
17/04/2011;0,0;V
18/04/2011;0,0;V
19/04/2011;0,0;V
20/04/2011;0,0;V
21/04/2011;0,0;V
22/04/2011;0,0;V
23/04/2011;1,0;V
24/04/2011;0,4;V
25/04/2011;0,0;V
26/04/2011;0,0;V
27/04/2011;0,0;V
28/04/2011;0,0;V
29/04/2011;0,0;V
30/04/2011;14,4;V
01/05/2011;0,2;V
02/05/2011;0,0;V
03/05/2011;2,4;V
04/05/2011;0,0;V
05/05/2011;0,4;V
06/05/2011;0,0;V
07/05/2011;0,0;V
08/05/2011;0,0;V
09/05/2011;0,0;V
10/05/2011;0,0;V
11/05/2011;0,0;V
12/05/2011;0,0;V
13/05/2011;0,0;V
14/05/2011;0,0;V
15/05/2011;0,2;V
16/05/2011;14,0;V
17/05/2011;0,0;V
18/05/2011;0,0;V
19/05/2011;0,0;V
20/05/2011;0,0;V
21/05/2011;0,0;V
22/05/2011;0,0;V
23/05/2011;0,0;V
24/05/2011;0,0;V
25/05/2011;0,0;V
26/05/2011;0,0;V
27/05/2011;0,0;V
28/05/2011;1,0;V
29/05/2011;0,0;V
30/05/2011;0,0;V
31/05/2011;0,0;V
01/06/2011;1,4;V
02/06/2011;1,0;V
03/06/2011;0,0;V
04/06/2011;0,0;V
05/06/2011;3,2;V
06/06/2011;32,6;V
07/06/2011;9,8;V
08/06/2011;33,0;V
09/06/2011;6,0;V
10/06/2011;0,0;V
11/06/2011;0,0;V
12/06/2011;0,0;V
13/06/2011;2,0;V
14/06/2011;5,4;V
15/06/2011;0,0;V
16/06/2011;0,0;V
17/06/2011;0,0;V
18/06/2011;0,0;V
19/06/2011;0,6;V
20/06/2011;0,0;V
21/06/2011;0,0;V
22/06/2011;0,0;V
23/06/2011;0,0;V
24/06/2011;0,0;V
25/06/2011;0,0;V
26/06/2011;0,0;V
27/06/2011;0,0;V
28/06/2011;0,0;V
29/06/2011;0,0;V
30/06/2011;0,0;V
01/07/2011;0,0;V
02/07/2011;6,2;V
03/07/2011;0,4;V
04/07/2011;0,0;V
05/07/2011;1,0;V
06/07/2011;0,0;V
07/07/2011;0,0;V
08/07/2011;0,0;V
09/07/2011;0,0;V
10/07/2011;0,0;V
11/07/2011;0,0;V
12/07/2011;0,0;V
13/07/2011;0,0;V
14/07/2011;0,0;V
15/07/2011;0,0;V
16/07/2011;0,0;V
17/07/2011;0,0;V
18/07/2011;12,2;V
19/07/2011;0,0;V
20/07/2011;7,0;V
21/07/2011;0,0;V
22/07/2011;0,2;V
23/07/2011;0,0;V
24/07/2011;1,0;V
25/07/2011;4,6;V
26/07/2011;0,0;V
27/07/2011;0,0;V
28/07/2011;6,2;V
29/07/2011;0,0;V
30/07/2011;1,6;V
31/07/2011;0,0;V
01/08/2011;0,0;V
02/08/2011;3,0;V
03/08/2011;0,0;V
04/08/2011;0,0;V
05/08/2011;0,0;V
06/08/2011;0,0;V
07/08/2011;0,0;V
08/08/2011;1,8;V
09/08/2011;1,0;V
10/08/2011;0,0;V
11/08/2011;0,0;V
12/08/2011;0,0;V
13/08/2011;0,0;V
14/08/2011;0,0;V
15/08/2011;0,0;V
16/08/2011;0,0;V
17/08/2011;0,0;V
18/08/2011;0,0;V
19/08/2011;0,0;V
20/08/2011;0,0;V
21/08/2011;0,0;V
22/08/2011;0,0;V
23/08/2011;0,0;V
24/08/2011;0,0;V
25/08/2011;0,0;V
26/08/2011;0,0;V
27/08/2011;0,0;V
28/08/2011;0,0;V
29/08/2011;0,0;V
30/08/2011;0,0;V
31/08/2011;0,0;V
01/09/2011;0,0;V
02/09/2011;0,0;V
03/09/2011;0,0;V
04/09/2011;0,0;V
05/09/2011;12,2;V
06/09/2011;0,6;V
07/09/2011;0,0;V
08/09/2011;0,0;V
09/09/2011;0,0;V
10/09/2011;0,0;V
11/09/2011;0,0;V
12/09/2011;0,0;V
13/09/2011;0,0;V
14/09/2011;0,0;V
15/09/2011;0,0;V
16/09/2011;0,0;V
17/09/2011;0,0;V
18/09/2011;0,0;V
19/09/2011;11,2;V
20/09/2011;9,0;V
21/09/2011;0,0;V
22/09/2011;0,0;V
23/09/2011;0,0;V
24/09/2011;0,0;V
25/09/2011;0,0;V
26/09/2011;0,0;V
27/09/2011;0,0;V
28/09/2011;0,0;V
29/09/2011;0,0;V
30/09/2011;0,0;V
01/10/2011;0,0;V
02/10/2011;0,0;V
03/10/2011;0,0;V
04/10/2011;0,0;V
05/10/2011;0,0;V
06/10/2011;0,0;V
07/10/2011;0,0;V
08/10/2011;9,8;V
09/10/2011;0,0;V
10/10/2011;0,0;V
11/10/2011;0,0;V
12/10/2011;0,0;V
13/10/2011;0,0;V
14/10/2011;0,0;V
15/10/2011;0,0;V
16/10/2011;0,0;V
17/10/2011;0,0;V
18/10/2011;0,0;V
19/10/2011;0,0;V
20/10/2011;2,4;V
21/10/2011;25,0;V
22/10/2011;0,0;V
23/10/2011;0,0;V
24/10/2011;0,0;V
25/10/2011;3,8;V
26/10/2011;58,2;V
27/10/2011;1,6;V
28/10/2011;0,2;V
29/10/2011;0,0;V
30/10/2011;0,0;V
31/10/2011;0,0;V
01/11/2011;0,0;V
02/11/2011;0,0;V
03/11/2011;0,0;V
04/11/2011;1,8;V
05/11/2011;0,6;V
06/11/2011;1,6;V
07/11/2011;0,0;V
08/11/2011;1,2;V
09/11/2011;0,0;V
10/11/2011;0,0;V
11/11/2011;0,0;V
12/11/2011;0,0;V
13/11/2011;0,0;V
14/11/2011;0,0;V
15/11/2011;0,0;V
16/11/2011;0,0;V
17/11/2011;0,0;V
18/11/2011;0,0;V
19/11/2011;0,0;V
20/11/2011;0,0;V
21/11/2011;0,0;V
22/11/2011;0,0;V
23/11/2011;0,4;V
24/11/2011;0,0;V
25/11/2011;0,0;V
26/11/2011;0,0;V
27/11/2011;0,0;V
28/11/2011;0,0;V
29/11/2011;0,0;V
30/11/2011;0,0;V
01/12/2011;0,0;V
02/12/2011;6,2;V
03/12/2011;0,0;V
04/12/2011;3,0;V
05/12/2011;7,4;V
06/12/2011;3,8;V
07/12/2011;0,0;V
08/12/2011;0,0;V
09/12/2011;0,0;V
10/12/2011;1,4;V
11/12/2011;6,2;V
12/12/2011;17,2;V
13/12/2011;12,8;V
14/12/2011;1,0;V
15/12/2011;13,0;V
16/12/2011;1,8;V
17/12/2011;24,2;V
18/12/2011;0,0;V
19/12/2011;0,0;V
20/12/2011;0,0;V
21/12/2011;0,0;V
22/12/2011;0,0;V
23/12/2011;0,0;V
24/12/2011;0,0;V
25/12/2011;9,0;V
26/12/2011;0,0;V
27/12/2011;0,0;V
28/12/2011;0,0;V
29/12/2011;0,0;V
30/12/2011;0,0;V
31/12/2011;0,0;V
01/01/2012;0,0;V
02/01/2012;0,2;V
03/01/2012;18,2;V
04/01/2012;0,2;V
05/01/2012;2,0;P
06/01/2012;2,0;V
07/01/2012;0,0;V
08/01/2012;0,0;V
09/01/2012;0,0;V
10/01/2012;0,0;V
11/01/2012;0,0;V
12/01/2012;0,0;V
13/01/2012;0,0;V
14/01/2012;0,0;V
15/01/2012;0,0;V
16/01/2012;0,0;V
17/01/2012;0,0;V
18/01/2012;0,0;V
19/01/2012;0,0;V
20/01/2012;0,6;V
21/01/2012;0,0;V
22/01/2012;0,0;V
23/01/2012;0,0;V
24/01/2012;0,0;V
25/01/2012;0,0;V
26/01/2012;0,0;V
27/01/2012;0,0;V
28/01/2012;0,0;V
29/01/2012;0,0;V
30/01/2012;0,0;V
31/01/2012;0,0;V
01/02/2012;0,0;V
02/02/2012;0,0;V
03/02/2012;0,0;V
04/02/2012;0,0;V
05/02/2012;0,0;V
06/02/2012;0,0;V
07/02/2012;0,0;V
08/02/2012;0,0;V
09/02/2012;0,0;V
10/02/2012;0,0;V
11/02/2012;0,0;V
12/02/2012;0,0;V
13/02/2012;0,0;V
14/02/2012;0,0;V
15/02/2012;0,0;V
16/02/2012;0,0;V
17/02/2012;0,0;V
18/02/2012;0,0;V
19/02/2012;5,8;V
20/02/2012;3,6;V
21/02/2012;3,8;V
22/02/2012;0,0;V
23/02/2012;0,0;V
24/02/2012;0,0;V
25/02/2012;0,0;V
26/02/2012;0,2;V
27/02/2012;1,4;V
28/02/2012;0,0;V
29/02/2012;0,0;V
01/03/2012;0,0;V
02/03/2012;0,0;V
03/03/2012;0,0;V
04/03/2012;0,0;V
05/03/2012;0,2;V
06/03/2012;15,4;V
07/03/2012;0,2;V
08/03/2012;0,0;V
09/03/2012;0,0;V
10/03/2012;0,0;V
11/03/2012;0,0;V
12/03/2012;0,0;V
13/03/2012;0,0;V
14/03/2012;0,0;V
15/03/2012;0,0;V
16/03/2012;0,0;V
17/03/2012;0,0;V
18/03/2012;0,6;V
19/03/2012;11,6;V
20/03/2012;0,8;V
21/03/2012;0,0;V
22/03/2012;0,0;V
23/03/2012;0,0;V
24/03/2012;0,0;V
25/03/2012;2,0;V
26/03/2012;0,0;V
27/03/2012;0,0;V
28/03/2012;0,0;V
29/03/2012;0,0;V
30/03/2012;0,0;V
31/03/2012;0,0;V
01/04/2012;0,0;V
02/04/2012;0,0;V
03/04/2012;0,8;V
04/04/2012;1,6;V
05/04/2012;0,0;V
06/04/2012;0,0;V
07/04/2012;2,2;V
08/04/2012;8,2;V
09/04/2012;6,6;V
10/04/2012;0,0;V
11/04/2012;8,2;V
12/04/2012;17,0;V
13/04/2012;0,2;V
14/04/2012;2,0;V
15/04/2012;13,6;V
16/04/2012;0,2;V
17/04/2012;3,2;V
18/04/2012;0,0;V
19/04/2012;8,2;V
20/04/2012;14,4;V
21/04/2012;25,6;V
22/04/2012;4,4;V
23/04/2012;0,4;V
24/04/2012;5,8;V
25/04/2012;4,4;V
26/04/2012;0,0;V
27/04/2012;0,0;V
28/04/2012;0,0;V
29/04/2012;0,0;V
30/04/2012;0,2;V
01/05/2012;3,2;V
02/05/2012;12,0;V
03/05/2012;0,0;V
04/05/2012;0,0;V
05/05/2012;0,0;V
06/05/2012;0,0;V
07/05/2012;29,8;V
08/05/2012;0,0;V
09/05/2012;0,0;V
10/05/2012;0,0;V
11/05/2012;0,0;V
12/05/2012;0,0;V
13/05/2012;0,0;V
14/05/2012;3,8;V
15/05/2012;0,0;V
16/05/2012;2,4;V
17/05/2012;0,4;V
18/05/2012;0,0;V
19/05/2012;0,0;V
20/05/2012;1,4;V
21/05/2012;48,0;V
22/05/2012;17,4;V
23/05/2012;0,6;V
24/05/2012;0,6;V
25/05/2012;0,8;V
26/05/2012;0,0;V
27/05/2012;0,8;V
28/05/2012;5,8;V
29/05/2012;0,0;V
30/05/2012;0,0;V
31/05/2012;0,0;V
01/06/2012;0,0;V
02/06/2012;0,0;V
03/06/2012;0,0;V
04/06/2012;0,2;V
05/06/2012;12,8;V
06/06/2012;0,0;V
07/06/2012;0,0;V
08/06/2012;0,0;V
09/06/2012;0,6;V
10/06/2012;0,4;V
11/06/2012;7,2;V
12/06/2012;11,4;V
13/06/2012;0,2;V
14/06/2012;0,0;V
15/06/2012;0,0;V
16/06/2012;0,0;V
17/06/2012;0,0;V
18/06/2012;0,0;V
19/06/2012;0,0;V
20/06/2012;0,0;V
21/06/2012;0,0;V
22/06/2012;0,0;V
23/06/2012;0,0;V
24/06/2012;0,0;V
25/06/2012;0,0;V
26/06/2012;0,0;V
27/06/2012;0,0;V
28/06/2012;0,0;V
29/06/2012;0,0;V
30/06/2012;0,0;V
01/07/2012;0,0;V
02/07/2012;0,0;V
03/07/2012;0,0;V
04/07/2012;0,0;V
05/07/2012;0,0;V
06/07/2012;0,0;V
07/07/2012;0,0;V
08/07/2012;0,0;V
09/07/2012;0,0;V
10/07/2012;0,0;V
11/07/2012;0,0;V
12/07/2012;0,0;V
13/07/2012;0,0;V
14/07/2012;0,0;V
15/07/2012;0,0;V
16/07/2012;0,0;V
17/07/2012;0,0;V
18/07/2012;0,0;V
19/07/2012;0,0;V
20/07/2012;0,0;V
21/07/2012;0,0;V
22/07/2012;0,0;V
23/07/2012;0,0;V
24/07/2012;0,0;V
25/07/2012;0,0;V
26/07/2012;1,8;V
27/07/2012;0,0;V
28/07/2012;0,0;V
29/07/2012;0,0;V
30/07/2012;0,0;V
31/07/2012;0,0;V
01/08/2012;0,0;V
02/08/2012;0,0;V
03/08/2012;0,0;V
04/08/2012;0,0;V
05/08/2012;0,0;V
06/08/2012;0,0;V
07/08/2012;0,0;V
08/08/2012;0,0;V
09/08/2012;0,0;V
10/08/2012;0,0;V
11/08/2012;0,0;V
12/08/2012;0,0;V
13/08/2012;0,0;V
14/08/2012;0,0;V
15/08/2012;0,8;V
16/08/2012;0,0;V
17/08/2012;0,0;V
18/08/2012;0,0;V
19/08/2012;0,0;V
20/08/2012;0,0;V
21/08/2012;0,0;V
22/08/2012;0,0;V
23/08/2012;0,0;V
24/08/2012;0,0;V
25/08/2012;0,0;V
26/08/2012;3,4;V
27/08/2012;2,4;V
28/08/2012;0,0;V
29/08/2012;0,0;V
30/08/2012;0,0;V
31/08/2012;9,8;V
01/09/2012;0,0;V
02/09/2012;2,8;V
03/09/2012;17,8;V
04/09/2012;0,6;V
05/09/2012;0,6;V
06/09/2012;0,0;V
07/09/2012;0,0;V
08/09/2012;0,0;V
09/09/2012;0,0;V
10/09/2012;0,0;V
11/09/2012;0,0;V
12/09/2012;0,0;V
13/09/2012;1,6;V
14/09/2012;0,0;V
15/09/2012;0,2;V
16/09/2012;0,0;V
17/09/2012;0,0;V
18/09/2012;0,0;V
19/09/2012;0,0;V
20/09/2012;17,2;V
21/09/2012;0,0;V
22/09/2012;0,0;V
23/09/2012;0,0;V
24/09/2012;0,0;V
25/09/2012;0,0;V
26/09/2012;0,2;V
27/09/2012;4,2;V
28/09/2012;2,8;V
29/09/2012;0,0;V
30/09/2012;1,2;V
01/10/2012;37,4;V
02/10/2012;8,8;V
03/10/2012;0,0;V
04/10/2012;0,0;V
05/10/2012;0,0;V
06/10/2012;0,2;V
07/10/2012;0,0;V
08/10/2012;0,0;V
09/10/2012;1,8;V
10/10/2012;0,2;V
11/10/2012;0,0;V
12/10/2012;6,2;V
13/10/2012;4,4;V
14/10/2012;7,2;V
15/10/2012;0,2;V
16/10/2012;18,0;V
17/10/2012;0,0;V
18/10/2012;0,2;V
19/10/2012;0,0;V
20/10/2012;0,0;V
21/10/2012;0,0;V
22/10/2012;0,0;V
23/10/2012;0,0;V
24/10/2012;0,0;V
25/10/2012;0,0;V
26/10/2012;0,2;V
27/10/2012;30,0;V
28/10/2012;20,4;V
29/10/2012;17,2;V
30/10/2012;0,0;V
31/10/2012;0,2;V
01/11/2012;38,8;V
02/11/2012;0,8;V
03/11/2012;0,0;V
04/11/2012;12,8;V
05/11/2012;17,0;V
06/11/2012;0,4;V
07/11/2012;0,0;V
08/11/2012;0,0;V
09/11/2012;0,0;V
10/11/2012;0,2;V
11/11/2012;9,6;V
12/11/2012;7,2;V
13/11/2012;5,4;V
14/11/2012;0,0;V
15/11/2012;0,0;V
16/11/2012;0,0;V
17/11/2012;0,0;V
18/11/2012;0,0;V
19/11/2012;0,2;V
20/11/2012;6,6;V
21/11/2012;0,0;V
22/11/2012;0,0;V
23/11/2012;0,0;V
24/11/2012;0,0;V
25/11/2012;0,8;V
26/11/2012;2,2;V
27/11/2012;0,2;V
28/11/2012;53,6;V
29/11/2012;17,6;V
30/11/2012;1,0;V
01/12/2012;2,8;V
02/12/2012;10,4;V
03/12/2012;3,2;V
04/12/2012;3,2;V
05/12/2012;25,8;V
06/12/2012;0,2;V
07/12/2012;0,2;V
08/12/2012;0,4;V
09/12/2012;2,2;V
10/12/2012;16,0;V
11/12/2012;0,0;V
12/12/2012;0,0;V
13/12/2012;0,0;V
14/12/2012;2,2;V
15/12/2012;23,2;P
16/12/2012;28,2;V
17/12/2012;0,2;V
18/12/2012;6,8;V
19/12/2012;0,2;V
20/12/2012;0,4;V
21/12/2012;5,4;V
22/12/2012;2,0;V
23/12/2012;0,0;V
24/12/2012;1,6;V
25/12/2012;0,0;V
26/12/2012;0,4;V
27/12/2012;11,8;V
28/12/2012;1,4;V
29/12/2012;0,0;V
30/12/2012;0,0;V
31/12/2012;0,0;V
01/01/2013;0,0;V
02/01/2013;4,2;V
03/01/2013;3,0;V
04/01/2013;0,0;V
05/01/2013;0,2;V
06/01/2013;0,2;V
07/01/2013;0,4;V
08/01/2013;0,0;V
09/01/2013;0,2;V
10/01/2013;0,2;V
11/01/2013;0,0;V
12/01/2013;1,8;V
13/01/2013;5,0;V
14/01/2013;31,2;V
15/01/2013;7,0;V
16/01/2013;8,0;V
17/01/2013;0,6;V
18/01/2013;4,4;V
19/01/2013;1,6;V
20/01/2013;33,4;V
21/01/2013;19,0;V
22/01/2013;7,8;V
23/01/2013;2,2;V
24/01/2013;0,8;V
25/01/2013;1,0;V
26/01/2013;0,0;V
27/01/2013;0,0;V
28/01/2013;4,2;V
29/01/2013;3,2;V
30/01/2013;0,0;V
31/01/2013;0,0;V
01/02/2013;0,0;V
02/02/2013;0,8;V
03/02/2013;27,4;V
04/02/2013;0,0;V
05/02/2013;0,0;V
06/02/2013;1,6;V
07/02/2013;1,8;V
08/02/2013;0,4;V
09/02/2013;0,0;V
10/02/2013;0,0;V
11/02/2013;0,0;V
12/02/2013;22,8;V
13/02/2013;10,8;V
14/02/2013;0,2;V
15/02/2013;0,0;V
16/02/2013;0,0;V
17/02/2013;0,0;V
18/02/2013;0,4;V
19/02/2013;0,0;V
20/02/2013;0,2;V
21/02/2013;4,0;V
22/02/2013;6,4;V
23/02/2013;4,0;V
24/02/2013;1,8;V
25/02/2013;16,8;V
26/02/2013;17,8;V
27/02/2013;0,2;V
28/02/2013;0,0;V
01/03/2013;0,0;V
02/03/2013;0,0;V
03/03/2013;0,0;V
04/03/2013;0,0;V
05/03/2013;0,0;V
06/03/2013;15,0;V
07/03/2013;14,8;V
08/03/2013;6,4;V
09/03/2013;17,0;V
10/03/2013;8,6;V
11/03/2013;5,0;V
12/03/2013;3,0;V
13/03/2013;9,2;V
14/03/2013;9,0;V
15/03/2013;2,0;V
16/03/2013;0,0;V
17/03/2013;0,0;V
18/03/2013;38,6;V
19/03/2013;20,4;V
20/03/2013;0,0;V
21/03/2013;8,0;V
22/03/2013;0,0;V
23/03/2013;0,0;V
24/03/2013;5,8;V
25/03/2013;3,4;V
26/03/2013;3,4;V
27/03/2013;2,8;V
28/03/2013;0,2;V
29/03/2013;13,2;V
30/03/2013;1,2;V
31/03/2013;23,2;V
01/04/2013;0,2;V
02/04/2013;11,8;V
03/04/2013;0,2;V
04/04/2013;0,0;V
05/04/2013;12,6;V
06/04/2013;2,6;V
07/04/2013;0,0;V
08/04/2013;0,0;V
09/04/2013;6,2;V
10/04/2013;1,8;V
11/04/2013;0,0;V
12/04/2013;0,0;V
13/04/2013;0,0;V
14/04/2013;0,0;V
15/04/2013;0,0;V
16/04/2013;0,0;V
17/04/2013;0,0;V
18/04/2013;0,0;V
19/04/2013;0,0;V
20/04/2013;0,0;V
21/04/2013;0,8;V
22/04/2013;0,0;V
23/04/2013;14,8;V
24/04/2013;4,2;V
25/04/2013;0,0;V
26/04/2013;0,0;V
27/04/2013;0,2;V
28/04/2013;7,2;V
29/04/2013;0,0;V
30/04/2013;0,6;V
01/05/2013;0,6;V
02/05/2013;2,4;V
03/05/2013;10,2;V
04/05/2013;0,0;V
05/05/2013;0,0;V
06/05/2013;17,0;V
07/05/2013;0,0;V
08/05/2013;0,0;V
09/05/2013;0,0;V
10/05/2013;0,2;V
11/05/2013;4,2;V
12/05/2013;0,0;V
13/05/2013;11,6;V
14/05/2013;0,0;V
15/05/2013;0,0;V
16/05/2013;23,2;V
17/05/2013;27,2;V
18/05/2013;1,6;V
19/05/2013;2,6;V
20/05/2013;0,0;V
21/05/2013;0,0;V
22/05/2013;0,0;V
23/05/2013;9,2;V
24/05/2013;1,6;V
25/05/2013;6,8;V
26/05/2013;18,0;V
27/05/2013;1,4;V
28/05/2013;0,0;V
29/05/2013;2,0;V
30/05/2013;9,8;V
31/05/2013;11,4;V
01/06/2013;0,2;V
02/06/2013;0,0;V
03/06/2013;0,0;V
04/06/2013;2,0;V
05/06/2013;0,0;V
06/06/2013;1,2;V
07/06/2013;0,6;V
08/06/2013;0,0;V
09/06/2013;0,0;V
10/06/2013;1,4;V
11/06/2013;3,6;V
12/06/2013;0,0;V
13/06/2013;0,0;V
14/06/2013;0,0;V
15/06/2013;0,0;V
16/06/2013;0,0;V
17/06/2013;0,0;V
18/06/2013;0,0;V
19/06/2013;0,0;V
20/06/2013;0,0;V
21/06/2013;0,0;V
22/06/2013;0,0;V
23/06/2013;0,0;V
24/06/2013;0,0;V
25/06/2013;6,6;V
26/06/2013;0,2;V
27/06/2013;0,0;V
28/06/2013;18,6;V
29/06/2013;0,0;V
30/06/2013;0,0;V
01/07/2013;0,0;V
02/07/2013;0,0;V
03/07/2013;0,0;V
04/07/2013;0,0;V
05/07/2013;4,0;V
06/07/2013;0,0;V
07/07/2013;0,0;V
08/07/2013;0,0;V
09/07/2013;0,0;V
10/07/2013;0,0;V
11/07/2013;0,0;V
12/07/2013;9,2;V
13/07/2013;0,0;V
14/07/2013;5,2;V
15/07/2013;0,0;V
16/07/2013;0,0;V
17/07/2013;0,0;V
18/07/2013;0,0;V
19/07/2013;0,0;V
20/07/2013;0,2;V
21/07/2013;4,8;V
22/07/2013;0,2;V
23/07/2013;0,0;V
24/07/2013;0,0;V
25/07/2013;0,0;V
26/07/2013;0,0;V
27/07/2013;0,0;V
28/07/2013;0,0;V
29/07/2013;0,0;V
30/07/2013;2,8;V
31/07/2013;0,0;V
01/08/2013;0,0;V
02/08/2013;0,0;V
03/08/2013;0,0;V
04/08/2013;0,0;V
05/08/2013;0,0;V
06/08/2013;0,0;V
07/08/2013;0,0;V
08/08/2013;0,0;V
09/08/2013;0,0;V
10/08/2013;4,0;V
11/08/2013;0,0;V
12/08/2013;0,0;V
13/08/2013;0,0;V
14/08/2013;0,0;V
15/08/2013;0,0;V
16/08/2013;0,0;V
17/08/2013;0,0;V
18/08/2013;0,0;V
19/08/2013;0,0;V
20/08/2013;30,0;V
21/08/2013;0,0;V
22/08/2013;0,0;V
23/08/2013;0,0;V
24/08/2013;0,0;V
25/08/2013;38,4;V
26/08/2013;0,0;V
27/08/2013;1,2;V
28/08/2013;0,0;V
29/08/2013;0,0;V
30/08/2013;0,0;V
31/08/2013;0,0;V
01/09/2013;0,0;V
02/09/2013;0,0;V
03/09/2013;0,0;V
04/09/2013;0,0;V
05/09/2013;0,0;V
06/09/2013;0,0;V
07/09/2013;0,0;V
08/09/2013;0,0;V
09/09/2013;18,4;V
10/09/2013;0,0;V
11/09/2013;0,6;V
12/09/2013;4,8;V
13/09/2013;0,0;V
14/09/2013;0,0;V
15/09/2013;0,6;V
16/09/2013;27,0;V
17/09/2013;1,4;V
18/09/2013;0,0;V
19/09/2013;0,0;V
20/09/2013;0,0;V
21/09/2013;0,0;V
22/09/2013;0,0;V
23/09/2013;0,0;V
24/09/2013;0,0;V
25/09/2013;0,0;V
26/09/2013;0,0;V
27/09/2013;0,0;V
28/09/2013;0,0;V
29/09/2013;24,4;V
30/09/2013;21,8;V
01/10/2013;4,4;V
02/10/2013;0,0;V
03/10/2013;0,2;V
04/10/2013;0,0;V
05/10/2013;7,8;V
06/10/2013;54,4;V
07/10/2013;0,4;V
08/10/2013;6,2;V
09/10/2013;0,0;V
10/10/2013;5,2;V
11/10/2013;6,2;V
12/10/2013;3,6;V
13/10/2013;0,0;V
14/10/2013;0,0;V
15/10/2013;2,6;V
16/10/2013;10,4;V
17/10/2013;0,0;V
18/10/2013;0,2;V
19/10/2013;0,0;V
20/10/2013;0,0;V
21/10/2013;70,6;V
22/10/2013;0,0;V
23/10/2013;0,0;V
24/10/2013;18,4;V
25/10/2013;1,0;V
26/10/2013;0,0;V
27/10/2013;0,0;V
28/10/2013;0,0;V
29/10/2013;0,0;V
30/10/2013;0,0;V
31/10/2013;0,0;V
01/11/2013;0,0;V
02/11/2013;0,0;V
03/11/2013;4,6;V
04/11/2013;0,0;V
05/11/2013;21,0;V
06/11/2013;0,0;V
07/11/2013;0,0;V
08/11/2013;0,0;V
09/11/2013;0,0;V
10/11/2013;2,8;V
11/11/2013;28,2;V
12/11/2013;19,6;V
13/11/2013;0,2;V
14/11/2013;0,0;V
15/11/2013;10,4;V
16/11/2013;0,0;V
17/11/2013;0,0;V
18/11/2013;0,0;V
19/11/2013;1,8;V
20/11/2013;5,2;V
21/11/2013;8,6;V
22/11/2013;33,6;V
23/11/2013;6,6;V
24/11/2013;0,6;V
25/11/2013;0,6;V
26/11/2013;1,0;V
27/11/2013;0,0;V
28/11/2013;0,0;V
29/11/2013;0,0;V
30/11/2013;0,0;V
01/12/2013;0,0;V
02/12/2013;0,0;V
03/12/2013;0,0;V
04/12/2013;0,0;V
05/12/2013;0,0;V
06/12/2013;0,0;V
07/12/2013;0,2;V
08/12/2013;0,0;V
09/12/2013;0,2;V
10/12/2013;0,2;V
11/12/2013;0,0;V
12/12/2013;0,2;V
13/12/2013;0,0;V
14/12/2013;0,2;V
15/12/2013;0,0;V
16/12/2013;0,0;V
17/12/2013;0,0;V
18/12/2013;0,0;V
19/12/2013;0,0;V
20/12/2013;1,4;V
21/12/2013;1,2;V
22/12/2013;0,2;V
23/12/2013;1,8;V
24/12/2013;0,2;V
25/12/2013;0,0;V
26/12/2013;23,6;V
27/12/2013;2,0;V
28/12/2013;0,0;V
29/12/2013;14,4;V
30/12/2013;3,2;V
31/12/2013;0,0;V
01/01/2014;0,0;V
02/01/2014;0,0;V
03/01/2014;20,0;V
04/01/2014;5,0;V
05/01/2014;26,6;V
06/01/2014;2,0;V
07/01/2014;0,2;V
08/01/2014;0,0;V
09/01/2014;0,0;V
10/01/2014;0,2;V
11/01/2014;2,2;V
12/01/2014;0,0;V
13/01/2014;0,2;V
14/01/2014;9,6;V
15/01/2014;9,8;V
16/01/2014;0,0;V
17/01/2014;1,4;V
18/01/2014;44,6;V
19/01/2014;6,2;V
20/01/2014;4,4;V
21/01/2014;0,0;V
22/01/2014;0,0;V
23/01/2014;0,2;V
24/01/2014;19,8;V
25/01/2014;10,8;V
26/01/2014;0,0;V
27/01/2014;0,0;V
28/01/2014;4,6;V
29/01/2014;0,0;V
30/01/2014;22,2;V
31/01/2014;56,0;V
01/02/2014;9,6;V
02/02/2014;1,8;V
03/02/2014;5,2;V
04/02/2014;3,6;V
05/02/2014;14,4;V
06/02/2014;11,4;V
07/02/2014;0,0;V
08/02/2014;19,0;V
09/02/2014;8,0;V
10/02/2014;4,6;V
11/02/2014;78,4;V
12/02/2014;0,2;V
13/02/2014;0,0;V
14/02/2014;2,6;V
15/02/2014;0,0;V
16/02/2014;0,0;V
17/02/2014;0,8;V
18/02/2014;0,0;V
19/02/2014;0,0;V
20/02/2014;18,8;V
21/02/2014;5,2;V
22/02/2014;9,0;V
23/02/2014;7,2;V
24/02/2014;0,0;V
25/02/2014;0,0;V
26/02/2014;0,0;V
27/02/2014;22,4;V
28/02/2014;2,4;V
01/03/2014;10,0;V
02/03/2014;2,2;V
03/03/2014;0,0;V
04/03/2014;2,4;V
05/03/2014;26,4;V
06/03/2014;0,2;V
07/03/2014;0,0;V
08/03/2014;0,0;V
09/03/2014;0,0;V
10/03/2014;0,0;V
11/03/2014;0,0;V
12/03/2014;0,0;V
13/03/2014;0,0;V
14/03/2014;0,0;V
15/03/2014;0,0;V
16/03/2014;0,0;V
17/03/2014;0,0;V
18/03/2014;0,2;V
19/03/2014;0,0;V
20/03/2014;0,0;V
21/03/2014;0,0;V
22/03/2014;0,2;V
23/03/2014;13,2;V
24/03/2014;14,4;V
25/03/2014;0,2;V
26/03/2014;0,0;V
27/03/2014;1,0;V
28/03/2014;14,8;V
29/03/2014;0,0;V
30/03/2014;0,0;V
31/03/2014;0,0;V
01/04/2014;0,0;V
02/04/2014;0,0;V
03/04/2014;0,0;V
04/04/2014;0,0;V
05/04/2014;18,8;V
06/04/2014;0,2;V
07/04/2014;0,0;V
08/04/2014;0,0;V
09/04/2014;5,4;V
10/04/2014;0,0;V
11/04/2014;0,0;V
12/04/2014;0,0;V
13/04/2014;0,0;V
14/04/2014;0,8;V
15/04/2014;0,0;V
16/04/2014;0,2;V
17/04/2014;0,0;V
18/04/2014;0,0;V
19/04/2014;2,4;V
20/04/2014;5,6;V
21/04/2014;0,0;V
22/04/2014;0,0;V
23/04/2014;0,0;V
24/04/2014;0,0;V
25/04/2014;0,0;V
26/04/2014;0,0;V
27/04/2014;0,0;V
28/04/2014;2,2;V
29/04/2014;10,0;V
30/04/2014;0,0;V
01/05/2014;2,8;V
02/05/2014;0,0;V
03/05/2014;21,8;V
04/05/2014;5,4;V
05/05/2014;0,2;V
06/05/2014;0,0;V
07/05/2014;0,0;V
08/05/2014;6,8;V
09/05/2014;0,0;V
10/05/2014;0,0;V
11/05/2014;0,0;V
12/05/2014;0,0;V
13/05/2014;0,4;V
14/05/2014;1,4;V
15/05/2014;0,0;V
16/05/2014;0,0;V
17/05/2014;0,0;V
18/05/2014;0,0;V
19/05/2014;0,0;V
20/05/2014;0,0;V
21/05/2014;0,0;V
22/05/2014;0,0;V
23/05/2014;0,0;V
24/05/2014;0,0;V
25/05/2014;0,0;V
26/05/2014;0,0;V
27/05/2014;0,0;V
28/05/2014;1,4;V
29/05/2014;0,4;V
30/05/2014;0,0;V
31/05/2014;1,6;V
01/06/2014;0,0;V
02/06/2014;0,0;V
03/06/2014;0,2;V
04/06/2014;0,0;V
05/06/2014;0,0;V
06/06/2014;0,0;V
07/06/2014;0,0;V
08/06/2014;0,0;V
09/06/2014;0,0;V
10/06/2014;0,0;V
11/06/2014;0,0;V
12/06/2014;0,0;V
13/06/2014;0,0;V
14/06/2014;0,0;V
15/06/2014;2,0;V
16/06/2014;7,0;V
17/06/2014;0,4;V
18/06/2014;0,0;V
19/06/2014;0,0;V
20/06/2014;0,0;V
21/06/2014;0,0;V
22/06/2014;0,0;V
23/06/2014;0,0;V
24/06/2014;0,0;V
25/06/2014;19,4;V
26/06/2014;5,8;V
27/06/2014;12,2;V
28/06/2014;0,0;V
29/06/2014;0,0;V
30/06/2014;8,4;V
01/07/2014;0,0;V
02/07/2014;0,0;V
03/07/2014;0,0;V
04/07/2014;0,0;V
05/07/2014;0,0;V
06/07/2014;0,0;V
07/07/2014;0,0;V
08/07/2014;3,6;V
09/07/2014;14,0;V
10/07/2014;7,2;V
11/07/2014;0,0;V
12/07/2014;9,4;V
13/07/2014;5,2;V
14/07/2014;0,0;V
15/07/2014;0,0;V
16/07/2014;0,0;V
17/07/2014;0,0;V
18/07/2014;0,0;V
19/07/2014;0,0;V
20/07/2014;0,0;V
21/07/2014;17,0;V
22/07/2014;14,0;V
23/07/2014;0,0;V
24/07/2014;0,0;V
25/07/2014;22,2;V
26/07/2014;0,0;V
27/07/2014;14,0;V
28/07/2014;0,0;V
29/07/2014;1,0;V
30/07/2014;31,2;V
31/07/2014;1,4;V
01/08/2014;0,0;V
02/08/2014;0,0;V
03/08/2014;0,0;V
04/08/2014;5,4;V
05/08/2014;0,0;V
06/08/2014;0,2;V
07/08/2014;0,0;V
08/08/2014;0,0;V
09/08/2014;0,0;V
10/08/2014;0,0;V
11/08/2014;0,0;V
12/08/2014;0,0;V
13/08/2014;0,0;V
14/08/2014;2,2;V
15/08/2014;0,0;V
16/08/2014;0,0;V
17/08/2014;0,2;V
18/08/2014;0,0;V
19/08/2014;0,0;V
20/08/2014;0,0;V
21/08/2014;0,0;V
22/08/2014;0,0;V
23/08/2014;0,0;V
24/08/2014;1,6;V
25/08/2014;0,0;V
26/08/2014;0,0;V
27/08/2014;0,0;V
28/08/2014;0,0;V
29/08/2014;0,0;V
30/08/2014;0,0;V
31/08/2014;0,0;V
01/09/2014;19,6;V
02/09/2014;0,2;V
03/09/2014;0,0;V
04/09/2014;2,6;V
05/09/2014;1,2;V
06/09/2014;0,2;V
07/09/2014;0,0;V
08/09/2014;0,6;V
09/09/2014;0,0;V
10/09/2014;21,4;V
11/09/2014;10,2;V
12/09/2014;7,6;V
13/09/2014;0,2;V
14/09/2014;0,0;V
15/09/2014;0,0;V
16/09/2014;0,0;V
17/09/2014;0,0;V
18/09/2014;0,0;V
19/09/2014;0,0;V
20/09/2014;108,2;V
21/09/2014;2,4;V
22/09/2014;0,0;V
23/09/2014;0,0;V
24/09/2014;0,0;V
25/09/2014;0,6;V
26/09/2014;0,6;V
27/09/2014;0,0;V
28/09/2014;0,0;V
29/09/2014;0,0;V
30/09/2014;0,0;V
01/10/2014;3,6;V
02/10/2014;3,0;V
03/10/2014;0,0;V
04/10/2014;0,0;V
05/10/2014;0,0;V
06/10/2014;0,0;V
07/10/2014;0,0;V
08/10/2014;0,0;V
09/10/2014;0,0;V
10/10/2014;0,0;V
11/10/2014;0,0;V
12/10/2014;32,2;V
13/10/2014;0,8;V
14/10/2014;24,6;V
15/10/2014;39,0;V
16/10/2014;3,2;V
17/10/2014;2,0;V
18/10/2014;3,6;V
19/10/2014;0,2;V
20/10/2014;0,2;V
21/10/2014;0,0;V
22/10/2014;0,4;V
23/10/2014;0,0;V
24/10/2014;0,0;V
25/10/2014;0,0;V
26/10/2014;0,0;V
27/10/2014;0,0;V
28/10/2014;0,0;V
29/10/2014;0,0;V
30/10/2014;0,0;V
31/10/2014;0,0;V
01/11/2014;0,0;V
02/11/2014;0,0;V
03/11/2014;0,0;V
04/11/2014;0,0;V
05/11/2014;9,4;V
06/11/2014;36,8;V
07/11/2014;19,8;V
08/11/2014;0,4;V
09/11/2014;0,0;V
10/11/2014;0,6;V
11/11/2014;13,6;V
12/11/2014;0,2;V
13/11/2014;2,8;V
14/11/2014;0,0;V
15/11/2014;0,0;V
16/11/2014;17,0;V
17/11/2014;2,4;V
18/11/2014;42,0;V
19/11/2014;27,4;V
20/11/2014;0,0;V
21/11/2014;0,4;V
22/11/2014;0,4;V
23/11/2014;0,8;V
24/11/2014;0,2;V
25/11/2014;0,2;V
26/11/2014;14,6;V
27/11/2014;4,8;V
28/11/2014;3,0;V
29/11/2014;0,0;V
30/11/2014;1,2;V
01/12/2014;3,2;V
02/12/2014;0,0;V
03/12/2014;1,0;V
04/12/2014;8,4;V
05/12/2014;9,8;V
06/12/2014;0,2;V
07/12/2014;4,2;V
08/12/2014;0,0;V
09/12/2014;0,2;V
10/12/2014;0,0;V
11/12/2014;0,0;V
12/12/2014;0,0;V
13/12/2014;0,2;V
14/12/2014;3,2;V
15/12/2014;0,4;V
16/12/2014;5,4;V
17/12/2014;1,2;V
18/12/2014;0,0;V
19/12/2014;0,0;V
20/12/2014;0,0;V
21/12/2014;0,0;V
22/12/2014;0,0;V
23/12/2014;0,0;V
24/12/2014;0,0;V
25/12/2014;0,0;V
26/12/2014;0,0;V
27/12/2014;0,0;V
28/12/2014;19,8;V
29/12/2014;2,4;V
30/12/2014;0,0;V
31/12/2014;0,0;V
01/01/2015;0,0;V
02/01/2015;0,0;V
03/01/2015;0,0;V
04/01/2015;0,0;V
05/01/2015;0,0;V
06/01/2015;0,0;V
07/01/2015;0,0;V
08/01/2015;0,0;V
09/01/2015;0,0;V
10/01/2015;0,0;V
11/01/2015;0,4;V
12/01/2015;1,0;V
13/01/2015;0,0;V
14/01/2015;0,0;V
15/01/2015;0,0;V
16/01/2015;0,0;V
17/01/2015;2,8;V
18/01/2015;0,6;V
19/01/2015;0,0;V
20/01/2015;0,0;V
21/01/2015;1,2;V
22/01/2015;6,6;V
23/01/2015;1,4;V
24/01/2015;0,6;V
25/01/2015;0,2;V
26/01/2015;0,6;V
27/01/2015;0,0;V
28/01/2015;0,0;V
29/01/2015;0,0;V
30/01/2015;37,0;V
31/01/2015;2,8;V
01/02/2015;1,2;V
02/02/2015;0,0;V
03/02/2015;1,4;V
04/02/2015;2,0;V
05/02/2015;9,0;V
06/02/2015;13,0;V
07/02/2015;13,2;V
08/02/2015;0,0;V
09/02/2015;0,2;V
10/02/2015;0,0;V
11/02/2015;0,0;V
12/02/2015;0,0;V
13/02/2015;0,0;V
14/02/2015;1,2;V
15/02/2015;2,0;V
16/02/2015;4,2;V
17/02/2015;0,0;V
18/02/2015;0,0;V
19/02/2015;0,0;V
20/02/2015;0,0;V
21/02/2015;0,0;V
22/02/2015;19,0;V
23/02/2015;0,4;V
24/02/2015;0,8;V
25/02/2015;11,0;V
26/02/2015;0,2;V
27/02/2015;0,0;V
28/02/2015;0,0;V
01/03/2015;0,0;V
02/03/2015;8,0;V
03/03/2015;3,6;V
04/03/2015;0,0;V
05/03/2015;31,6;V
06/03/2015;0,0;V
07/03/2015;0,0;V
08/03/2015;0,0;V
09/03/2015;0,0;V
10/03/2015;0,0;V
11/03/2015;0,0;V
12/03/2015;0,8;V
13/03/2015;0,0;V
14/03/2015;0,0;V
15/03/2015;0,0;V
16/03/2015;5,2;V
17/03/2015;18,6;V
18/03/2015;0,0;V
19/03/2015;0,0;V
20/03/2015;0,0;V
21/03/2015;0,0;V
22/03/2015;0,0;V
23/03/2015;1,4;V
24/03/2015;0,2;V
25/03/2015;0,4;V
26/03/2015;32,6;V
27/03/2015;4,0;V
28/03/2015;4,6;V
29/03/2015;0,0;V
30/03/2015;0,0;V
31/03/2015;0,0;V
01/04/2015;0,0;V
02/04/2015;0,0;V
03/04/2015;0,0;V
04/04/2015;1,0;V
05/04/2015;25,4;V
06/04/2015;2,4;V
07/04/2015;0,0;V
08/04/2015;0,0;V
09/04/2015;0,0;V
10/04/2015;0,0;V
11/04/2015;0,0;V
12/04/2015;0,0;V
13/04/2015;0,0;V
14/04/2015;0,0;V
15/04/2015;0,0;V
16/04/2015;0,0;V
17/04/2015;0,0;V
18/04/2015;0,6;V
19/04/2015;0,8;V
20/04/2015;0,0;V
21/04/2015;0,2;V
22/04/2015;0,0;V
23/04/2015;0,0;V
24/04/2015;0,2;V
25/04/2015;0,0;V
26/04/2015;0,0;V
27/04/2015;10,8;V
28/04/2015;13,4;V
29/04/2015;12,4;V
30/04/2015;19,2;V
01/05/2015;0,0;V
02/05/2015;2,4;V
03/05/2015;0,0;V
04/05/2015;0,0;V
05/05/2015;0,0;V
06/05/2015;0,0;V
07/05/2015;0,0;V
08/05/2015;0,0;V
09/05/2015;0,0;V
10/05/2015;0,0;V
11/05/2015;0,0;V
12/05/2015;0,0;V
13/05/2015;0,0;V
14/05/2015;0,0;V
15/05/2015;0,8;V
16/05/2015;3,4;V
17/05/2015;2,4;V
18/05/2015;0,0;V
19/05/2015;0,0;V
20/05/2015;0,0;V
21/05/2015;7,4;V
22/05/2015;17,4;V
23/05/2015;10,0;V
24/05/2015;4,6;V
25/05/2015;0,0;V
26/05/2015;0,0;V
27/05/2015;7,0;V
28/05/2015;0,0;V
29/05/2015;0,0;V
30/05/2015;0,0;V
31/05/2015;0,0;V
01/06/2015;0,0;V
02/06/2015;0,0;V
03/06/2015;0,0;V
04/06/2015;0,0;V
05/06/2015;0,0;V
06/06/2015;0,0;V
07/06/2015;0,0;V
08/06/2015;0,0;V
09/06/2015;0,0;V
10/06/2015;0,0;V
11/06/2015;0,0;V
12/06/2015;0,4;V
13/06/2015;0,0;V
14/06/2015;0,0;V
15/06/2015;5,8;V
16/06/2015;0,4;V
17/06/2015;43,6;V
18/06/2015;3,6;V
19/06/2015;0,0;V
20/06/2015;0,8;V
21/06/2015;0,0;V
22/06/2015;0,0;V
23/06/2015;0,0;V
24/06/2015;9,6;V
25/06/2015;0,0;V
26/06/2015;0,0;V
27/06/2015;0,0;V
28/06/2015;1,8;V
29/06/2015;0,0;V
30/06/2015;0,0;V
01/07/2015;0,0;V
02/07/2015;0,0;V
03/07/2015;0,0;V
04/07/2015;0,0;V
05/07/2015;0,0;V
06/07/2015;0,0;V
07/07/2015;0,0;V
08/07/2015;0,2;V
09/07/2015;0,0;V
10/07/2015;0,0;V
11/07/2015;0,0;V
12/07/2015;0,0;V
13/07/2015;0,0;V
14/07/2015;0,0;V
15/07/2015;0,0;V
16/07/2015;0,0;V
17/07/2015;0,0;V
18/07/2015;0,0;V
19/07/2015;0,0;V
20/07/2015;0,0;V
21/07/2015;0,0;V
22/07/2015;0,0;V
23/07/2015;1,6;V
24/07/2015;0,0;V
25/07/2015;0,4;V
26/07/2015;3,0;V
27/07/2015;0,0;V
28/07/2015;0,0;V
29/07/2015;0,0;V
30/07/2015;0,0;V
31/07/2015;0,0;V
01/08/2015;0,0;V
02/08/2015;15,6;V
03/08/2015;0,0;V
04/08/2015;0,0;V
05/08/2015;0,0;V
06/08/2015;0,0;V
07/08/2015;0,0;V
08/08/2015;0,0;V
09/08/2015;0,0;V
10/08/2015;5,4;V
11/08/2015;20,8;V
12/08/2015;0,0;V
13/08/2015;0,0;V
14/08/2015;0,0;V
15/08/2015;0,0;V
16/08/2015;6,6;V
17/08/2015;0,0;V
18/08/2015;0,0;V
19/08/2015;6,4;V
20/08/2015;15,4;V
21/08/2015;0,0;V
22/08/2015;0,0;V
23/08/2015;0,0;V
24/08/2015;27,0;V
25/08/2015;0,8;V
26/08/2015;0,0;V
27/08/2015;0,0;V
28/08/2015;0,0;V
29/08/2015;0,0;V
30/08/2015;0,0;V
31/08/2015;0,0;V
01/09/2015;0,0;V
02/09/2015;0,0;V
03/09/2015;0,0;V
04/09/2015;0,8;V
05/09/2015;0,0;V
06/09/2015;0,0;V
07/09/2015;0,0;V
08/09/2015;0,0;V
09/09/2015;0,0;V
10/09/2015;0,0;V
11/09/2015;0,0;V
12/09/2015;0,0;V
13/09/2015;0,0;V
14/09/2015;6,0;V
15/09/2015;0,0;V
16/09/2015;1,2;V
17/09/2015;7,2;V
18/09/2015;0,2;V
19/09/2015;0,0;V
20/09/2015;0,0;V
21/09/2015;0,0;V
22/09/2015;0,0;V
23/09/2015;0,2;V
24/09/2015;11,6;V
25/09/2015;0,0;V
26/09/2015;0,0;V
27/09/2015;0,0;V
28/09/2015;0,0;V
29/09/2015;0,0;V
30/09/2015;0,0;V
01/10/2015;0,0;V
02/10/2015;2,4;V
03/10/2015;5,2;V
04/10/2015;7,8;V
05/10/2015;35,8;V
06/10/2015;0,6;V
07/10/2015;6,0;V
08/10/2015;0,0;V
09/10/2015;0,0;V
10/10/2015;2,2;V
11/10/2015;8,8;V
12/10/2015;0,2;V
13/10/2015;7,0;V
14/10/2015;49,6;V
15/10/2015;18,6;V
16/10/2015;11,4;V
17/10/2015;0,6;V
18/10/2015;0,0;V
19/10/2015;5,4;V
20/10/2015;0,0;V
21/10/2015;0,0;V
22/10/2015;0,0;V
23/10/2015;0,0;V
24/10/2015;0,0;V
25/10/2015;0,0;V
26/10/2015;0,0;V
27/10/2015;0,0;V
28/10/2015;11,6;P
29/10/2015;26,8;P
30/10/2015;1,8;V
31/10/2015;0,0;V
01/11/2015;0,0;V
02/11/2015;0,0;V
03/11/2015;0,0;V
04/11/2015;0,0;V
05/11/2015;0,0;V
06/11/2015;0,0;V
07/11/2015;0,0;V
08/11/2015;0,0;V
09/11/2015;0,0;V
10/11/2015;0,0;V
11/11/2015;0,0;V
12/11/2015;0,0;V
13/11/2015;0,2;V
14/11/2015;0,0;V
15/11/2015;0,0;V
16/11/2015;0,0;V
17/11/2015;0,0;V
18/11/2015;0,0;V
19/11/2015;0,0;V
20/11/2015;0,0;V
21/11/2015;5,0;V
22/11/2015;26,0;V
23/11/2015;0,0;V
24/11/2015;0,6;V
25/11/2015;0,0;V
26/11/2015;0,0;V
27/11/2015;0,8;V
28/11/2015;0,0;V
29/11/2015;0,0;V
30/11/2015;0,0;V
01/12/2015;0,0;V
02/12/2015;0,0;V
03/12/2015;0,0;V
04/12/2015;0,0;V
05/12/2015;0,0;V
06/12/2015;0,0;V
07/12/2015;0,4;V
08/12/2015;0,0;V
09/12/2015;0,0;V
10/12/2015;0,0;V
11/12/2015;0,0;V
12/12/2015;0,0;V
13/12/2015;2,4;V
14/12/2015;4,6;V
15/12/2015;0,2;V
16/12/2015;0,2;V
17/12/2015;0,2;V
18/12/2015;0,0;V
19/12/2015;0,0;V
20/12/2015;0,4;V
21/12/2015;0,2;V
22/12/2015;1,6;V
23/12/2015;0,6;V
24/12/2015;0,4;V
25/12/2015;0,4;V
26/12/2015;0,4;V
27/12/2015;0,2;V
28/12/2015;0,4;V
29/12/2015;0,2;V
30/12/2015;0,2;V
31/12/2015;0,0;V
01/01/2016;0,0;V
02/01/2016;2,2;V
03/01/2016;32,2;V
04/01/2016;5,6;V
05/01/2016;3,8;V
06/01/2016;8,8;V
07/01/2016;1,8;V
08/01/2016;4,6;V
09/01/2016;3,6;V
10/01/2016;16,0;V
11/01/2016;1,2;V
12/01/2016;1,4;V
13/01/2016;0,0;V
14/01/2016;0,4;V
15/01/2016;26,2;V
16/01/2016;0,2;V
17/01/2016;0,0;V
18/01/2016;0,0;V
19/01/2016;0,0;V
20/01/2016;0,0;V
21/01/2016;0,0;V
22/01/2016;0,0;V
23/01/2016;0,0;V
24/01/2016;0,0;V
25/01/2016;0,0;V
26/01/2016;0,0;V
27/01/2016;0,4;V
28/01/2016;1,8;V
29/01/2016;1,0;V
30/01/2016;2,4;V
31/01/2016;2,0;V
01/02/2016;4,0;V
02/02/2016;0,6;V
03/02/2016;1,8;V
04/02/2016;11,6;V
05/02/2016;0,0;V
06/02/2016;0,0;V
07/02/2016;0,6;V
08/02/2016;7,8;V
09/02/2016;1,0;V
10/02/2016;31,4;V
11/02/2016;0,6;V
12/02/2016;13,4;V
13/02/2016;11,8;V
14/02/2016;15,4;V
15/02/2016;14,8;V
16/02/2016;23,2;V
17/02/2016;14,8;V
18/02/2016;2,4;V
19/02/2016;1,2;V
20/02/2016;0,0;V
21/02/2016;0,0;V
22/02/2016;0,0;V
23/02/2016;9,4;V
24/02/2016;0,6;V
25/02/2016;6,2;V
26/02/2016;2,2;V
27/02/2016;8,0;V
28/02/2016;19,6;V
29/02/2016;12,6;V
01/03/2016;10,8;V
02/03/2016;0,0;V
03/03/2016;12,2;V
04/03/2016;4,6;V
05/03/2016;0,0;V
06/03/2016;23,8;V
07/03/2016;3,4;V
08/03/2016;4,2;V
09/03/2016;3,6;V
10/03/2016;0,4;V
11/03/2016;1,2;V
12/03/2016;0,0;V
13/03/2016;0,0;V
14/03/2016;0,0;V
15/03/2016;0,0;V
16/03/2016;0,0;V
17/03/2016;0,0;V
18/03/2016;0,0;V
19/03/2016;0,0;V
20/03/2016;0,0;V
21/03/2016;1,2;V
22/03/2016;0,8;V
23/03/2016;0,0;V
24/03/2016;0,0;V
25/03/2016;0,0;V
26/03/2016;0,0;V
27/03/2016;0,0;V
28/03/2016;2,0;V
29/03/2016;1,8;V
30/03/2016;0,0;V
31/03/2016;0,0;V
01/04/2016;0,0;V
02/04/2016;0,0;V
03/04/2016;0,0;V
04/04/2016;0,0;V
05/04/2016;0,0;V
06/04/2016;0,0;V
07/04/2016;0,0;V
08/04/2016;0,2;V
09/04/2016;3,2;V
10/04/2016;1,4;V
11/04/2016;0,0;V
12/04/2016;0,0;V
13/04/2016;0,0;V
14/04/2016;0,0;V
15/04/2016;0,0;V
16/04/2016;0,0;V
17/04/2016;0,0;V
18/04/2016;0,0;V
19/04/2016;0,0;V
20/04/2016;0,0;V
21/04/2016;0,0;V
22/04/2016;0,0;V
23/04/2016;0,0;V
24/04/2016;8,6;V
25/04/2016;8,2;V
26/04/2016;0,0;V
27/04/2016;0,2;V
28/04/2016;0,0;V
29/04/2016;0,0;V
30/04/2016;0,0;V
01/05/2016;18,4;V
02/05/2016;5,0;V
03/05/2016;2,6;V
04/05/2016;7,6;V
05/05/2016;0,4;V
06/05/2016;0,0;V
07/05/2016;0,0;V
08/05/2016;0,0;V
09/05/2016;1,0;V
10/05/2016;0,2;V
11/05/2016;0,0;V
12/05/2016;30,6;V
13/05/2016;8,2;V
14/05/2016;11,2;V
15/05/2016;3,6;V
16/05/2016;2,6;V
17/05/2016;0,0;V
18/05/2016;0,0;V
19/05/2016;0,8;V
20/05/2016;11,6;V
21/05/2016;0,0;V
22/05/2016;0,0;V
23/05/2016;0,0;V
24/05/2016;5,6;V
25/05/2016;0,0;V
26/05/2016;0,0;V
27/05/2016;0,0;V
28/05/2016;0,0;V
29/05/2016;0,0;V
30/05/2016;10,2;V
31/05/2016;0,0;V
01/06/2016;0,4;V
02/06/2016;1,6;V
03/06/2016;0,2;V
04/06/2016;0,0;V
05/06/2016;1,8;V
06/06/2016;0,4;V
07/06/2016;1,6;V
08/06/2016;0,0;V
09/06/2016;7,4;V
10/06/2016;10,8;V
11/06/2016;0,2;V
12/06/2016;2,2;V
13/06/2016;1,4;V
14/06/2016;0,8;V
15/06/2016;0,6;V
16/06/2016;0,0;V
17/06/2016;4,8;V
18/06/2016;0,0;V
19/06/2016;0,4;V
20/06/2016;0,0;V
21/06/2016;0,0;V
22/06/2016;0,0;V
23/06/2016;0,0;V
24/06/2016;0,0;V
25/06/2016;0,0;V
26/06/2016;0,0;V
27/06/2016;0,0;V
28/06/2016;0,0;V
29/06/2016;0,0;V
30/06/2016;0,0;V
01/07/2016;0,0;V
02/07/2016;0,0;V
03/07/2016;0,0;V
04/07/2016;0,0;V
05/07/2016;0,0;V
06/07/2016;0,0;V
07/07/2016;0,2;V
08/07/2016;0,0;V
09/07/2016;0,0;V
10/07/2016;0,0;V
11/07/2016;0,0;V
12/07/2016;0,0;V
13/07/2016;0,0;V
14/07/2016;0,0;V
15/07/2016;6,6;V
16/07/2016;0,6;V
17/07/2016;0,0;V
18/07/2016;0,0;V
19/07/2016;0,0;V
20/07/2016;0,0;V
21/07/2016;0,0;V
22/07/2016;0,0;V
23/07/2016;0,0;V
24/07/2016;1,4;V
25/07/2016;0,0;V
26/07/2016;14,6;V
27/07/2016;0,0;V
28/07/2016;5,6;V
29/07/2016;0,0;V
30/07/2016;0,0;V
31/07/2016;0,0;V
01/08/2016;0,0;V
02/08/2016;0,0;V
03/08/2016;0,0;V
04/08/2016;0,0;V
05/08/2016;0,2;V
06/08/2016;7,6;V
07/08/2016;0,0;V
08/08/2016;0,0;V
09/08/2016;0,0;V
10/08/2016;0,0;V
11/08/2016;0,0;V
12/08/2016;0,0;V
13/08/2016;0,0;V
14/08/2016;0,0;V
15/08/2016;0,0;V
16/08/2016;0,0;V
17/08/2016;0,0;V
18/08/2016;0,0;V
19/08/2016;0,0;V
20/08/2016;0,0;V
21/08/2016;0,0;V
22/08/2016;0,0;V
23/08/2016;0,0;V
24/08/2016;0,0;V
25/08/2016;0,0;V
26/08/2016;0,0;V
27/08/2016;0,0;V
28/08/2016;0,0;V
29/08/2016;0,0;V
30/08/2016;0,0;V
31/08/2016;0,2;V
01/09/2016;0,0;V
02/09/2016;0,0;V
03/09/2016;0,0;V
04/09/2016;0,0;V
05/09/2016;0,0;V
06/09/2016;0,0;V
07/09/2016;4,0;V
08/09/2016;0,0;V
09/09/2016;0,0;V
10/09/2016;0,0;V
11/09/2016;0,0;V
12/09/2016;0,0;V
13/09/2016;0,0;V
14/09/2016;0,0;V
15/09/2016;0,0;V
16/09/2016;15,6;V
17/09/2016;69,4;V
18/09/2016;1,0;V
19/09/2016;14,4;V
20/09/2016;0,2;V
21/09/2016;0,0;V
22/09/2016;0,0;V
23/09/2016;0,0;V
24/09/2016;0,0;V
25/09/2016;0,0;V
26/09/2016;0,0;V
27/09/2016;0,0;V
28/09/2016;0,0;V
29/09/2016;0,0;V
30/09/2016;0,0;V
01/10/2016;0,0;V
02/10/2016;11,2;V
03/10/2016;1,2;V
04/10/2016;0,0;V
05/10/2016;0,0;V
06/10/2016;0,4;V
07/10/2016;0,0;V
08/10/2016;0,0;V
09/10/2016;10,0;V
10/10/2016;4,0;V
11/10/2016;0,0;V
12/10/2016;0,0;V
13/10/2016;0,0;V
14/10/2016;18,4;V
15/10/2016;41,4;V
16/10/2016;0,2;V
17/10/2016;0,2;V
18/10/2016;0,2;V
19/10/2016;0,6;V
20/10/2016;5,6;V
21/10/2016;0,0;V
22/10/2016;0,2;V
23/10/2016;0,0;V
24/10/2016;6,8;V
25/10/2016;0,2;V
26/10/2016;0,2;V
27/10/2016;6,0;V
28/10/2016;0,0;V
29/10/2016;0,0;V
30/10/2016;0,0;V
31/10/2016;0,0;V
01/11/2016;0,0;V
02/11/2016;0,8;V
03/11/2016;7,4;V
04/11/2016;0,0;V
05/11/2016;4,6;V
06/11/2016;38,8;V
07/11/2016;10,2;V
08/11/2016;0,8;V
09/11/2016;0,0;V
10/11/2016;7,6;V
11/11/2016;0,2;V
12/11/2016;12,6;V
13/11/2016;0,0;V
14/11/2016;0,2;V
15/11/2016;0,0;V
16/11/2016;0,0;V
17/11/2016;0,0;V
18/11/2016;5,0;V
19/11/2016;50,8;V
20/11/2016;10,2;V
21/11/2016;5,2;V
22/11/2016;0,0;V
23/11/2016;0,0;V
24/11/2016;0,2;V
25/11/2016;6,4;V
26/11/2016;0,2;V
27/11/2016;0,0;V
28/11/2016;0,4;V
29/11/2016;0,0;V
30/11/2016;0,0;V
01/12/2016;0,0;V
02/12/2016;0,0;V
03/12/2016;0,0;V
04/12/2016;0,0;V
05/12/2016;0,0;V
06/12/2016;0,0;V
07/12/2016;0,0;V
08/12/2016;0,0;V
09/12/2016;0,0;V
10/12/2016;0,0;V
11/12/2016;0,0;V
12/12/2016;0,0;V
13/12/2016;0,0;V
14/12/2016;0,0;V
15/12/2016;0,0;V
16/12/2016;0,0;V
17/12/2016;0,0;V
18/12/2016;0,0;V
19/12/2016;0,0;V
20/12/2016;0,2;V
21/12/2016;2,6;V
22/12/2016;0,0;V
23/12/2016;0,0;V
24/12/2016;0,0;V
25/12/2016;0,0;V
26/12/2016;0,0;V
27/12/2016;0,2;V
28/12/2016;0,0;V
29/12/2016;0,0;V
30/12/2016;0,0;V
31/12/2016;0,0;V
01/01/2017;0,0;V
02/01/2017;0,2;V
03/01/2017;20,8;V
04/01/2017;0,0;V
05/01/2017;0,0;V
06/01/2017;0,0;V
07/01/2017;0,0;V
08/01/2017;0,0;V
09/01/2017;0,0;V
10/01/2017;0,0;V
11/01/2017;0,0;V
12/01/2017;0,0;V
13/01/2017;11,4;V
14/01/2017;5,6;V
15/01/2017;0,4;V
16/01/2017;0,2;V
17/01/2017;0,0;V
18/01/2017;0,0;V
19/01/2017;1,4;V
20/01/2017;0,0;V
21/01/2017;0,0;V
22/01/2017;0,0;V
23/01/2017;0,0;V
24/01/2017;0,0;V
25/01/2017;0,0;V
26/01/2017;0,0;V
27/01/2017;0,0;V
28/01/2017;0,0;V
29/01/2017;0,0;V
30/01/2017;0,0;V
31/01/2017;3,8;V
01/02/2017;1,0;V
02/02/2017;3,4;V
03/02/2017;5,8;V
04/02/2017;13,4;V
05/02/2017;10,6;V
06/02/2017;53,4;V
07/02/2017;8,2;V
08/02/2017;0,0;V
09/02/2017;0,0;V
10/02/2017;0,0;V
11/02/2017;0,0;V
12/02/2017;0,0;V
13/02/2017;0,0;V
14/02/2017;0,0;V
15/02/2017;0,0;V
16/02/2017;0,0;V
17/02/2017;0,0;V
18/02/2017;0,0;V
19/02/2017;0,0;V
20/02/2017;0,0;V
21/02/2017;0,0;V
22/02/2017;0,0;V
23/02/2017;0,0;V
24/02/2017;1,2;V
25/02/2017;34,8;V
26/02/2017;0,0;V
27/02/2017;0,0;V
28/02/2017;0,0;V
01/03/2017;11,6;V
02/03/2017;3,0;V
03/03/2017;0,0;V
04/03/2017;0,4;V
05/03/2017;15,4;V
06/03/2017;4,0;V
07/03/2017;32,8;V
08/03/2017;0,0;V
09/03/2017;0,0;V
10/03/2017;0,0;V
11/03/2017;0,0;V
12/03/2017;0,0;V
13/03/2017;0,0;V
14/03/2017;0,0;V
15/03/2017;0,0;V
16/03/2017;0,0;V
17/03/2017;0,0;V
18/03/2017;0,0;V
19/03/2017;0,0;V
20/03/2017;0,0;V
21/03/2017;0,0;V
22/03/2017;0,0;V
23/03/2017;1,4;V
24/03/2017;0,0;V
25/03/2017;0,0;V
26/03/2017;1,4;V
27/03/2017;2,2;V
28/03/2017;0,0;V
29/03/2017;0,0;V
30/03/2017;0,0;V
31/03/2017;0,0;V
01/04/2017;0,0;V
02/04/2017;0,0;V
03/04/2017;0,0;V
04/04/2017;0,0;V
05/04/2017;0,2;V
06/04/2017;0,0;V
07/04/2017;1,2;V
08/04/2017;0,0;V
09/04/2017;0,0;V
10/04/2017;6,8;V
11/04/2017;0,0;V
12/04/2017;0,4;V
13/04/2017;0,0;V
14/04/2017;0,0;V
15/04/2017;0,0;V
16/04/2017;10,4;V
17/04/2017;0,0;V
18/04/2017;0,0;V
19/04/2017;16,2;V
20/04/2017;0,0;V
21/04/2017;0,0;V
22/04/2017;0,0;V
23/04/2017;0,0;V
24/04/2017;0,0;V
25/04/2017;0,0;V
26/04/2017;0,0;V
27/04/2017;9,4;V
28/04/2017;17,2;V
29/04/2017;0,0;V
30/04/2017;0,0;V
01/05/2017;0,0;V
02/05/2017;2,8;V
03/05/2017;0,0;V
04/05/2017;4,2;V
05/05/2017;2,6;V
06/05/2017;0,0;V
07/05/2017;16,2;V
08/05/2017;0,2;V
09/05/2017;13,2;V
10/05/2017;0,0;V
11/05/2017;0,0;V
12/05/2017;0,0;V
13/05/2017;0,0;V
14/05/2017;0,0;V
15/05/2017;0,0;V
16/05/2017;0,0;V
17/05/2017;0,0;V
18/05/2017;0,0;V
19/05/2017;0,0;V
20/05/2017;0,0;V
21/05/2017;0,0;V
22/05/2017;0,0;V
23/05/2017;0,0;V
24/05/2017;0,0;V
25/05/2017;0,0;V
26/05/2017;0,0;V
27/05/2017;0,0;V
28/05/2017;0,0;V
29/05/2017;0,0;V
30/05/2017;0,0;V
31/05/2017;0,0;V
01/06/2017;0,0;V
02/06/2017;0,0;V
03/06/2017;0,0;V
04/06/2017;0,0;V
05/06/2017;0,0;V
06/06/2017;0,0;V
07/06/2017;0,0;V
08/06/2017;0,0;V
09/06/2017;0,0;V
10/06/2017;0,0;V
11/06/2017;0,0;V
12/06/2017;0,0;V
13/06/2017;0,0;V
14/06/2017;0,0;V
15/06/2017;0,0;V
16/06/2017;4,0;V
17/06/2017;0,0;V
18/06/2017;0,0;V
19/06/2017;0,0;V
20/06/2017;0,0;V
21/06/2017;0,0;V
22/06/2017;0,0;V
23/06/2017;0,0;V
24/06/2017;0,0;V
25/06/2017;0,0;V
26/06/2017;0,0;V
27/06/2017;0,0;V
28/06/2017;0,0;V
29/06/2017;28,6;V
30/06/2017;0,0;V
01/07/2017;0,6;V
02/07/2017;0,0;V
03/07/2017;0,0;V
04/07/2017;0,0;V
05/07/2017;0,0;V
06/07/2017;0,0;V
07/07/2017;0,0;V
08/07/2017;0,0;V
09/07/2017;0,0;V
10/07/2017;0,0;V
11/07/2017;0,0;V
12/07/2017;0,0;V
13/07/2017;0,0;V
14/07/2017;0,0;V
15/07/2017;0,4;V
16/07/2017;0,0;V
17/07/2017;0,0;V
18/07/2017;0,0;V
19/07/2017;0,0;V
20/07/2017;0,0;V
21/07/2017;0,0;V
22/07/2017;0,0;V
23/07/2017;0,0;V
24/07/2017;0,0;V
25/07/2017;0,0;V
26/07/2017;0,0;V
27/07/2017;0,0;V
28/07/2017;0,0;V
29/07/2017;0,0;V
30/07/2017;0,0;V
31/07/2017;0,0;V
01/08/2017;0,0;V
02/08/2017;0,0;V
03/08/2017;0,0;V
04/08/2017;0,0;V
05/08/2017;0,0;V
06/08/2017;0,0;V
07/08/2017;0,0;V
08/08/2017;0,0;V
09/08/2017;0,0;V
10/08/2017;0,0;V
11/08/2017;9,8;V
12/08/2017;0,2;V
13/08/2017;0,0;V
14/08/2017;0,0;V
15/08/2017;0,0;V
16/08/2017;0,0;V
17/08/2017;0,0;V
18/08/2017;0,0;V
19/08/2017;0,0;V
20/08/2017;0,0;V
21/08/2017;0,0;V
22/08/2017;0,0;V
23/08/2017;0,0;V
24/08/2017;0,0;V
25/08/2017;0,0;V
26/08/2017;0,0;V
27/08/2017;0,0;V
28/08/2017;0,0;V
29/08/2017;1,4;V
30/08/2017;0,0;V
31/08/2017;0,0;V
01/09/2017;10,2;V
02/09/2017;0,0;V
03/09/2017;0,8;V
04/09/2017;0,0;V
05/09/2017;0,0;V
06/09/2017;0,0;V
07/09/2017;1,6;V
08/09/2017;6,4;V
09/09/2017;1,6;V
10/09/2017;58,4;V
11/09/2017;24,8;V
12/09/2017;0,4;V
13/09/2017;0,0;V
14/09/2017;1,6;V
15/09/2017;0,0;V
16/09/2017;21,8;V
17/09/2017;0,0;V
18/09/2017;1,4;V
19/09/2017;12,2;V
20/09/2017;1,6;V
21/09/2017;0,0;V
22/09/2017;0,0;V
23/09/2017;0,0;V
24/09/2017;0,0;V
25/09/2017;4,2;V
26/09/2017;0,0;V
27/09/2017;0,0;V
28/09/2017;0,0;V
29/09/2017;0,0;V
30/09/2017;0,0;V
01/10/2017;0,0;V
02/10/2017;0,2;V
03/10/2017;0,0;V
04/10/2017;0,0;V
05/10/2017;0,0;V
06/10/2017;0,0;V
07/10/2017;3,2;V
08/10/2017;0,0;V
09/10/2017;0,0;V
10/10/2017;0,0;V
11/10/2017;0,0;V
12/10/2017;0,0;V
13/10/2017;0,0;V
14/10/2017;0,2;V
15/10/2017;0,2;V
16/10/2017;0,0;V
17/10/2017;0,0;V
18/10/2017;0,0;V
19/10/2017;0,0;V
20/10/2017;0,0;V
21/10/2017;0,0;V
22/10/2017;0,4;V
23/10/2017;2,2;V
24/10/2017;0,0;V
25/10/2017;0,0;V
26/10/2017;0,0;V
27/10/2017;0,0;V
28/10/2017;0,0;V
29/10/2017;0,0;V
30/10/2017;0,0;V
31/10/2017;0,0;V
01/11/2017;0,0;V
02/11/2017;0,0;V
03/11/2017;0,8;V
04/11/2017;0,0;V
05/11/2017;0,0;V
06/11/2017;31,6;V
07/11/2017;37,4;V
08/11/2017;2,4;V
09/11/2017;0,0;V
10/11/2017;0,0;V
11/11/2017;0,2;V
12/11/2017;0,0;V
13/11/2017;36,4;V
14/11/2017;58,0;V
15/11/2017;0,0;V
16/11/2017;0,0;V
17/11/2017;0,0;V
18/11/2017;0,0;V
19/11/2017;0,0;V
20/11/2017;0,0;V
21/11/2017;0,0;V
22/11/2017;0,0;V
23/11/2017;0,0;V
24/11/2017;0,0;V
25/11/2017;0,4;V
26/11/2017;7,6;V
27/11/2017;9,2;V
28/11/2017;0,0;V
29/11/2017;16,4;V
30/11/2017;6,0;V
01/12/2017;4,6;V
02/12/2017;0,8;V
03/12/2017;0,0;V
04/12/2017;0,0;V
05/12/2017;0,0;V
06/12/2017;0,0;V
07/12/2017;0,0;V
08/12/2017;6,8;V
09/12/2017;26,6;V
10/12/2017;0,0;V
11/12/2017;45,6;V
12/12/2017;15,0;V
13/12/2017;0,8;V
14/12/2017;8,0;V
15/12/2017;0,4;V
16/12/2017;4,6;V
17/12/2017;1,2;V
18/12/2017;0,0;V
19/12/2017;0,0;V
20/12/2017;0,0;V
21/12/2017;0,0;V
22/12/2017;0,0;V
23/12/2017;0,0;V
24/12/2017;0,0;V
25/12/2017;0,0;V
26/12/2017;1,6;V
27/12/2017;11,0;V
28/12/2017;34,0;V
29/12/2017;1,4;V
30/12/2017;0,0;V
31/12/2017;0,4;V
01/01/2018;2,0;P
02/01/2018;9,6;P
03/01/2018;0,0;P
04/01/2018;3,0;P
05/01/2018;2,6;P
06/01/2018;2,2;P
07/01/2018;0,2;P
08/01/2018;0,0;P
09/01/2018;1,6;P
10/01/2018;5,8;P
11/01/2018;2,0;P
12/01/2018;0,6;P
13/01/2018;0,0;P
14/01/2018;0,0;P
15/01/2018;0,0;P
16/01/2018;6,4;P
17/01/2018;1,6;P
18/01/2018;1,0;P
19/01/2018;3,2;P
20/01/2018;0,2;P
21/01/2018;6,0;P
22/01/2018;0,0;P
23/01/2018;0,0;P
24/01/2018;0,0;P
25/01/2018;0,0;P
26/01/2018;0,0;P
27/01/2018;0,0;P
28/01/2018;0,2;P
29/01/2018;0,0;P
30/01/2018;0,0;P
31/01/2018;0,0;P
01/02/2018;7,6;P
02/02/2018;21,0;P
03/02/2018;27,4;P
04/02/2018;0,0;P
05/02/2018;0,0;P
06/02/2018;0,0;P
07/02/2018;5,2;P
08/02/2018;1,6;P
09/02/2018;0,0;P
10/02/2018;0,0;P
11/02/2018;0,0;P
12/02/2018;2,2;P
13/02/2018;8,0;P
14/02/2018;0,0;P
15/02/2018;0,0;P
16/02/2018;0,0;P
17/02/2018;0,0;P
18/02/2018;22,6;P
19/02/2018;1,8;P
20/02/2018;0,0;P
21/02/2018;0,0;P
22/02/2018;3,0;P
23/02/2018;2,8;P
24/02/2018;2,2;P
25/02/2018;0,0;P
26/02/2018;0,2;P
27/02/2018;0,0;P
28/02/2018;1,4;P
01/03/2018;0,0;P
02/03/2018;0,0;P
03/03/2018;21,8;P
04/03/2018;13,8;P
05/03/2018;1,2;P
06/03/2018;2,4;P
07/03/2018;9,4;P
08/03/2018;2,4;P
09/03/2018;0,0;P
10/03/2018;0,0;P
11/03/2018;7,0;P
12/03/2018;20,0;P
13/03/2018;3,4;P
14/03/2018;2,6;P
15/03/2018;0,0;P
16/03/2018;22,0;P
17/03/2018;3,4;P
18/03/2018;1,0;P
19/03/2018;17,8;P
20/03/2018;0,4;P
21/03/2018;3,4;P
22/03/2018;0,2;P
23/03/2018;0,0;P
24/03/2018;0,0;P
25/03/2018;0,0;P
26/03/2018;0,0;P
27/03/2018;0,0;P
28/03/2018;0,0;P
29/03/2018;0,0;P
30/03/2018;0,0;P
31/03/2018;0,2;P
01/04/2018;11,2;P
02/04/2018;0,0;P
03/04/2018;0,0;P
04/04/2018;10,2;P
05/04/2018;18,4;P
06/04/2018;0,0;P
07/04/2018;0,0;P
08/04/2018;0,0;P
09/04/2018;2,8;P
10/04/2018;4,8;P
11/04/2018;1,4;P
12/04/2018;3,4;P
13/04/2018;4,0;P
14/04/2018;0,0;P
15/04/2018;0,0;P
16/04/2018;1,2;P
17/04/2018;0,0;P
18/04/2018;0,0;P
19/04/2018;0,0;P
20/04/2018;0,0;P
21/04/2018;0,0;P
22/04/2018;0,0;P
23/04/2018;0,0;P
24/04/2018;0,0;P
25/04/2018;0,0;P
26/04/2018;0,0;P
27/04/2018;0,0;P
28/04/2018;0,0;P
29/04/2018;0,0;P
30/04/2018;0,6;P
01/05/2018;0,0;P
02/05/2018;25,8;P
03/05/2018;0,0;P
04/05/2018;2,4;P
05/05/2018;1,6;P
06/05/2018;0,0;P
07/05/2018;0,0;P
08/05/2018;0,0;P
09/05/2018;0,0;P
10/05/2018;1,0;P
11/05/2018;6,6;P
12/05/2018;1,0;P
13/05/2018;0,0;P
14/05/2018;7,0;P
15/05/2018;0,0;P
16/05/2018;1,8;P
17/05/2018;0,0;P
18/05/2018;1,0;P
19/05/2018;0,0;P
20/05/2018;0,0;P
21/05/2018;0,0;P
22/05/2018;9,0;P
23/05/2018;4,4;P
24/05/2018;0,0;P
25/05/2018;0,0;P
26/05/2018;0,0;P
27/05/2018;0,0;P
28/05/2018;0,0;P
29/05/2018;0,4;P
30/05/2018;0,6;P
31/05/2018;8,6;P
01/06/2018;0,0;P
02/06/2018;0,0;P
03/06/2018;0,0;P
04/06/2018;0,0;P
05/06/2018;0,0;P
06/06/2018;0,0;P
07/06/2018;0,0;P
08/06/2018;9,0;P
09/06/2018;0,0;P
10/06/2018;0,0;P
11/06/2018;0,0;P
12/06/2018;0,0;P
13/06/2018;0,0;P
14/06/2018;8,0;P
15/06/2018;0,2;P
16/06/2018;0,0;P
17/06/2018;0,0;P
18/06/2018;0,0;P
19/06/2018;0,0;P
20/06/2018;0,0;P
21/06/2018;0,0;P
22/06/2018;0,0;P
23/06/2018;10,0;P
24/06/2018;0,0;P
25/06/2018;0,0;P
26/06/2018;0,8;P
27/06/2018;0,0;P
28/06/2018;0,0;P
29/06/2018;0,0;P
30/06/2018;0,0;P
01/07/2018;0,0;P
02/07/2018;0,0;P
03/07/2018;0,0;P
04/07/2018;0,0;P
05/07/2018;0,0;P
06/07/2018;0,0;P
07/07/2018;14,4;P
08/07/2018;2,0;P
09/07/2018;0,0;P
10/07/2018;0,0;P
11/07/2018;0,0;P
12/07/2018;0,0;P
13/07/2018;0,0;P
14/07/2018;0,0;P
15/07/2018;0,0;P
16/07/2018;17,2;P
17/07/2018;1,2;P
18/07/2018;0,0;P
19/07/2018;0,0;P
20/07/2018;0,0;P
21/07/2018;0,0;P
22/07/2018;8,4;P
23/07/2018;37,4;P
24/07/2018;0,0;P
25/07/2018;0,0;P
26/07/2018;0,0;P
27/07/2018;13,4;P
28/07/2018;0,0;P
29/07/2018;0,0;P
30/07/2018;0,0;P
31/07/2018;0,0;P
01/08/2018;0,0;P
02/08/2018;0,0;P
03/08/2018;0,0;P
04/08/2018;0,8;P
05/08/2018;0,0;P
06/08/2018;0,0;P
07/08/2018;0,0;P
08/08/2018;0,0;P
09/08/2018;0,4;P
10/08/2018;0,0;P
11/08/2018;0,0;P
12/08/2018;0,0;P
13/08/2018;0,0;P
14/08/2018;1,6;P
15/08/2018;7,2;P
16/08/2018;1,2;P
17/08/2018;0,0;P
18/08/2018;0,0;P
19/08/2018;0,0;P
20/08/2018;0,0;P
21/08/2018;0,0;P
22/08/2018;0,0;P
23/08/2018;0,0;P
24/08/2018;0,0;P
25/08/2018;0,0;P
26/08/2018;24,8;P
27/08/2018;0,0;P
28/08/2018;0,0;P
29/08/2018;0,0;P
30/08/2018;0,0;P
31/08/2018;0,0;P
01/09/2018;1,6;P
02/09/2018;2,4;P
03/09/2018;0,2;P
04/09/2018;0,0;P
05/09/2018;0,0;P
06/09/2018;0,0;P
07/09/2018;0,0;P
08/09/2018;0,0;P
09/09/2018;0,0;P
10/09/2018;0,0;P
11/09/2018;0,0;P
12/09/2018;0,0;P
13/09/2018;0,0;P
14/09/2018;0,0;P
15/09/2018;0,0;P
16/09/2018;0,0;P
17/09/2018;0,0;P
18/09/2018;0,0;P
19/09/2018;10,4;P
20/09/2018;0,0;P
21/09/2018;0,0;P
22/09/2018;0,0;P
23/09/2018;0,0;P
24/09/2018;1,2;P
25/09/2018;0,2;P
26/09/2018;0,0;P
27/09/2018;0,0;P
28/09/2018;0,0;P
29/09/2018;0,0;P
30/09/2018;0,0;P
01/10/2018;16,6;P
02/10/2018;6,0;P
03/10/2018;0,6;P
04/10/2018;0,0;P
05/10/2018;0,0;P
06/10/2018;0,0;P
07/10/2018;12,6;P
08/10/2018;0,2;P
09/10/2018;0,0;P
10/10/2018;0,0;P
11/10/2018;0,2;P
12/10/2018;0,8;P
13/10/2018;0,0;P
14/10/2018;0,0;P
15/10/2018;0,0;P
16/10/2018;0,0;P
17/10/2018;4,0;P
18/10/2018;0,0;P
19/10/2018;0,0;P
20/10/2018;0,0;P
21/10/2018;0,0;P
22/10/2018;1,0;P
23/10/2018;0,0;P
24/10/2018;0,0;P
25/10/2018;0,2;P
26/10/2018;0,0;P
27/10/2018;0,0;P
28/10/2018;1,0;P
29/10/2018;39,4;P
30/10/2018;16,0;P
31/10/2018;6,8;P
01/11/2018;27,4;P
02/11/2018;2,8;P
03/11/2018;0,0;P
04/11/2018;0,0;P
05/11/2018;6,0;P
06/11/2018;3,2;P
07/11/2018;8,6;P
08/11/2018;8,6;P
09/11/2018;0,2;P
10/11/2018;0,2;P
11/11/2018;0,8;P
12/11/2018;1,2;P
13/11/2018;0,4;P
14/11/2018;0,0;P
15/11/2018;0,0;P
16/11/2018;0,0;P
17/11/2018;2,2;P
18/11/2018;0,0;P
19/11/2018;0,0;P
20/11/2018;13,2;P
21/11/2018;0,2;P
22/11/2018;2,6;P
23/11/2018;0,8;P
24/11/2018;8,0;P
25/11/2018;15,4;P
26/11/2018;7,2;P
27/11/2018;0,4;P
28/11/2018;0,2;P
29/11/2018;0,0;P
30/11/2018;0,0;P
01/12/2018;0,0;P
02/12/2018;0,0;P
03/12/2018;10,4;P
04/12/2018;2,2;P
05/12/2018;0,0;P
06/12/2018;0,4;P
07/12/2018;11,2;P
08/12/2018;13,6;P
09/12/2018;0,2;P
10/12/2018;0,0;P
11/12/2018;0,0;P
12/12/2018;0,0;P
13/12/2018;0,0;P
14/12/2018;0,0;P
15/12/2018;0,0;P
16/12/2018;0,0;P
17/12/2018;6,4;P
18/12/2018;2,6;P
19/12/2018;0,0;P
20/12/2018;17,8;P
21/12/2018;0,8;P
22/12/2018;4,0;P
23/12/2018;4,8;P
24/12/2018;0,6;P
25/12/2018;0,0;P
26/12/2018;0,0;P
27/12/2018;0,2;P
28/12/2018;0,0;P
29/12/2018;0,0;P
30/12/2018;0,4;P
31/12/2018;0,0;P
01/01/2019;0,0;P
02/01/2019;0,0;P
03/01/2019;0,0;P
04/01/2019;0,0;P
05/01/2019;0,0;P
06/01/2019;0,0;P
07/01/2019;0,0;P
08/01/2019;0,0;P
09/01/2019;0,0;P
10/01/2019;0,0;P
11/01/2019;0,0;P
12/01/2019;0,0;P
13/01/2019;0,0;P
14/01/2019;0,0;P
15/01/2019;0,0;P
16/01/2019;0,0;P
17/01/2019;1,4;P
18/01/2019;21,4;P
19/01/2019;0,0;P
20/01/2019;0,4;P
21/01/2019;0,0;P
22/01/2019;0,0;P
23/01/2019;1,0;P
24/01/2019;2,0;P
25/01/2019;0,0;P
26/01/2019;0,0;P
27/01/2019;0,0;P
28/01/2019;11,0;P
29/01/2019;0,8;P
30/01/2019;0,0;P
31/01/2019;1,8;P
01/02/2019;28,4;P
02/02/2019;43,2;P
03/02/2019;23,8;P
04/02/2019;2,6;P
05/02/2019;0,0;P
06/02/2019;0,0;P
07/02/2019;0,0;P
08/02/2019;0,0;P
09/02/2019;0,0;P
10/02/2019;0,2;P
11/02/2019;7,2;P
12/02/2019;0,0;P
13/02/2019;0,0;P
14/02/2019;0,0;P
15/02/2019;0,0;P
16/02/2019;0,0;P
17/02/2019;0,0;P
18/02/2019;0,0;P
19/02/2019;0,0;P
20/02/2019;0,0;P
21/02/2019;0,0;P
22/02/2019;0,0;P
23/02/2019;0,0;P
24/02/2019;0,0;P
25/02/2019;0,0;P
26/02/2019;0,0;P
27/02/2019;0,0;P
28/02/2019;0,0;P
01/03/2019;0,0;P
02/03/2019;0,0;P
03/03/2019;0,0;P
04/03/2019;0,0;P
05/03/2019;2,0;P
06/03/2019;0,0;P
07/03/2019;0,0;P
08/03/2019;0,0;P
09/03/2019;0,0;P
10/03/2019;0,0;P
11/03/2019;1,0;P
12/03/2019;4,2;P
13/03/2019;0,4;P
14/03/2019;4,0;P
15/03/2019;0,0;P
16/03/2019;0,0;P
17/03/2019;0,0;P
18/03/2019;4,8;P
19/03/2019;2,2;P
20/03/2019;0,0;P
21/03/2019;0,0;P
22/03/2019;0,0;P
23/03/2019;0,0;P
24/03/2019;0,0;P
25/03/2019;0,0;P
26/03/2019;13,2;P
27/03/2019;0,0;P
28/03/2019;0,0;P
29/03/2019;0,0;P
30/03/2019;0,0;P
31/03/2019;0,0;P
01/04/2019;0,0;P
02/04/2019;0,0;P
03/04/2019;0,4;P
04/04/2019;4,0;P
05/04/2019;16,0;P
06/04/2019;0,0;P
07/04/2019;0,0;P
08/04/2019;1,4;P
09/04/2019;0,0;P
10/04/2019;0,0;P
11/04/2019;4,2;P
12/04/2019;13,6;P
13/04/2019;1,6;P
14/04/2019;3,2;P
15/04/2019;5,0;P
16/04/2019;0,0;P
17/04/2019;0,0;P
18/04/2019;0,0;P
19/04/2019;0,0;P
20/04/2019;0,0;P
21/04/2019;0,0;P
22/04/2019;0,0;P
23/04/2019;12,4;P
24/04/2019;8,4;P
25/04/2019;1,0;P
26/04/2019;0,0;P
27/04/2019;0,0;P
28/04/2019;0,0;P
29/04/2019;5,4;P
30/04/2019;0,2;P
01/05/2019;1,4;P
02/05/2019;0,0;P
03/05/2019;0,0;P
04/05/2019;2,4;P
05/05/2019;7,4;P
06/05/2019;24,2;P
07/05/2019;0,0;P
08/05/2019;0,0;P
09/05/2019;23,4;P
10/05/2019;0,0;P
11/05/2019;0,0;P
12/05/2019;2,2;P
13/05/2019;40,0;P
14/05/2019;7,2;P
15/05/2019;0,0;P
16/05/2019;0,0;P
17/05/2019;0,0;P
18/05/2019;6,6;P
19/05/2019;7,0;P
20/05/2019;14,0;P
21/05/2019;5,0;P
22/05/2019;0,0;P
23/05/2019;0,8;P
24/05/2019;13,2;P
25/05/2019;0,0;P
26/05/2019;3,0;P
27/05/2019;6,2;P
28/05/2019;0,2;P
29/05/2019;10,4;P
30/05/2019;0,2;P
31/05/2019;0,0;P
01/06/2019;0,0;P
02/06/2019;0,0;P
03/06/2019;0,0;P
04/06/2019;0,0;P
05/06/2019;0,0;P
06/06/2019;0,0;P
07/06/2019;0,0;P
08/06/2019;0,0;P
09/06/2019;0,0;P
10/06/2019;0,0;P
11/06/2019;0,0;P
12/06/2019;0,0;P
13/06/2019;0,0;P
14/06/2019;0,0;P
15/06/2019;0,2;P
16/06/2019;0,0;P
17/06/2019;0,0;P
18/06/2019;0,0;P
19/06/2019;0,0;P
20/06/2019;0,0;P
21/06/2019;0,0;P
22/06/2019;2,8;P
23/06/2019;35,8;P
24/06/2019;0,0;P
25/06/2019;0,0;P
26/06/2019;0,0;P
27/06/2019;0,0;P
28/06/2019;0,0;P
29/06/2019;0,0;P
30/06/2019;0,0;P
01/07/2019;0,0;P
02/07/2019;0,0;P
03/07/2019;0,0;P
04/07/2019;0,4;P
05/07/2019;0,0;P
06/07/2019;0,0;P
07/07/2019;0,0;P
08/07/2019;5,2;P
09/07/2019;0,2;P
10/07/2019;0,0;P
11/07/2019;0,0;P
12/07/2019;0,0;P
13/07/2019;0,0;P
14/07/2019;0,0;P
15/07/2019;6,6;P
16/07/2019;0,6;P
17/07/2019;0,0;P
18/07/2019;0,0;P
19/07/2019;0,0;P
20/07/2019;0,0;P
21/07/2019;0,0;P
22/07/2019;0,0;P
23/07/2019;0,0;P
24/07/2019;0,0;P
25/07/2019;0,0;P
26/07/2019;0,0;P
27/07/2019;0,0;P
28/07/2019;15,6;P
29/07/2019;6,4;P
30/07/2019;0,0;P
31/07/2019;0,0;P
01/08/2019;0,0;P
02/08/2019;0,0;P
03/08/2019;0,0;P
04/08/2019;0,0;P
05/08/2019;0,0;P
06/08/2019;0,0;P
07/08/2019;0,0;P
08/08/2019;0,0;P
09/08/2019;0,0;P
10/08/2019;0,0;P
11/08/2019;0,0;P
12/08/2019;0,0;P
13/08/2019;0,0;P
14/08/2019;0,0;P
15/08/2019;0,0;P
16/08/2019;0,0;P
17/08/2019;0,0;P
18/08/2019;0,0;P
19/08/2019;0,0;P
20/08/2019;0,0;P
21/08/2019;0,0;P
22/08/2019;0,0;P
23/08/2019;0,0;P
24/08/2019;2,4;P
25/08/2019;0,0;P
26/08/2019;0,0;P
27/08/2019;0,2;P
28/08/2019;0,0;P
29/08/2019;0,0;P
30/08/2019;10,6;P
31/08/2019;0,0;P
01/09/2019;0,0;P
02/09/2019;0,2;P
03/09/2019;2,8;P
04/09/2019;0,0;P
05/09/2019;0,0;P
06/09/2019;0,0;P
07/09/2019;3,2;P
08/09/2019;0,6;P
09/09/2019;15,2;P
10/09/2019;0,0;P
11/09/2019;0,0;P
12/09/2019;0,0;P
13/09/2019;0,0;P
14/09/2019;0,0;P
15/09/2019;0,0;P
16/09/2019;0,0;P
17/09/2019;0,0;P
18/09/2019;0,0;P
19/09/2019;0,0;P
20/09/2019;0,0;P
21/09/2019;0,0;P
22/09/2019;1,2;P
23/09/2019;19,0;P
24/09/2019;17,8;P
25/09/2019;1,4;P
26/09/2019;15,4;P
27/09/2019;0,0;P
28/09/2019;0,0;P
29/09/2019;0,4;P
30/09/2019;0,6;P
01/10/2019;0,0;P
02/10/2019;1,4;P
03/10/2019;17,4;P
04/10/2019;0,2;P
05/10/2019;1,4;P
06/10/2019;0,2;P
07/10/2019;3,4;P
08/10/2019;0,0;P
09/10/2019;0,0;P
10/10/2019;4,4;P
11/10/2019;0,0;P
12/10/2019;0,2;P
13/10/2019;0,0;P
14/10/2019;0,0;P
15/10/2019;0,4;P
16/10/2019;20,0;P
17/10/2019;0,0;P
18/10/2019;0,0;P
19/10/2019;0,2;P
20/10/2019;0,0;P
21/10/2019;0,0;P
22/10/2019;0,0;P
23/10/2019;0,2;P
24/10/2019;0,0;P
25/10/2019;11,4;P
26/10/2019;0,0;P
27/10/2019;0,2;P
28/10/2019;0,2;P
29/10/2019;0,0;P
30/10/2019;17,0;P
31/10/2019;0,0;P
01/11/2019;0,2;P
02/11/2019;0,2;P
03/11/2019;29,2;P
04/11/2019;22,4;P
05/11/2019;3,2;P
06/11/2019;23,6;P
07/11/2019;6,2;P
08/11/2019;20,8;P
09/11/2019;20,0;P
10/11/2019;0,2;P
11/11/2019;5,2;P
12/11/2019;1,2;P
13/11/2019;21,4;P
14/11/2019;0,6;P
15/11/2019;6,2;P
16/11/2019;28,8;P
17/11/2019;77,8;P
18/11/2019;3,4;P
19/11/2019;24,6;P
20/11/2019;5,6;P
21/11/2019;2,8;P
22/11/2019;0,2;P
23/11/2019;1,0;P
24/11/2019;6,0;P
25/11/2019;1,4;P
26/11/2019;0,0;P
27/11/2019;0,0;P
28/11/2019;21,6;P
29/11/2019;1,4;P
30/11/2019;0,8;P
01/12/2019;0,0;P
02/12/2019;4,2;P
03/12/2019;44,2;P
04/12/2019;0,0;P
05/12/2019;0,0;P
06/12/2019;0,2;P
07/12/2019;0,4;P
08/12/2019;0,0;P
09/12/2019;4,8;P
10/12/2019;7,6;P
11/12/2019;0,0;P
12/12/2019;1,4;P
13/12/2019;5,2;P
14/12/2019;23,4;P
15/12/2019;0,0;P
16/12/2019;0,0;P
17/12/2019;0,0;P
18/12/2019;0,0;P
19/12/2019;0,0;P
20/12/2019;0,0;P
21/12/2019;21,8;P
22/12/2019;35,2;P
23/12/2019;1,2;P
24/12/2019;0,0;P
25/12/2019;0,0;P
26/12/2019;0,0;P
27/12/2019;0,0;P
28/12/2019;0,0;P
29/12/2019;0,0;P
30/12/2019;0,0;P
31/12/2019;0,0;P
01/01/2020;0,0;P
02/01/2020;0,0;P
03/01/2020;0,0;P
04/01/2020;0,0;P
05/01/2020;0,0;P
06/01/2020;0,0;P
07/01/2020;0,0;P
08/01/2020;0,0;P
09/01/2020;0,0;P
10/01/2020;0,0;P
11/01/2020;0,0;P
12/01/2020;0,0;P
13/01/2020;0,0;P
14/01/2020;0,0;P
15/01/2020;0,0;P
16/01/2020;0,0;P
17/01/2020;0,0;P
18/01/2020;16,6;P
19/01/2020;0,0;P
20/01/2020;0,4;P
21/01/2020;0,0;P
22/01/2020;0,0;P
23/01/2020;0,0;P
24/01/2020;0,0;P
25/01/2020;9,2;P
26/01/2020;4,2;P
27/01/2020;0,0;P
28/01/2020;0,4;P
29/01/2020;2,4;P
30/01/2020;0,0;P
31/01/2020;1,4;P
01/02/2020;5,8;P
02/02/2020;6,0;P
03/02/2020;0,4;P
04/02/2020;0,0;P
05/02/2020;0,0;P
06/02/2020;0,0;P
07/02/2020;0,0;P
08/02/2020;0,0;P
09/02/2020;0,0;P
10/02/2020;1,8;P
11/02/2020;0,6;P
12/02/2020;0,0;P
13/02/2020;0,0;P
14/02/2020;19,0;P
15/02/2020;0,0;P
16/02/2020;0,0;P
17/02/2020;0,0;P
18/02/2020;2,2;P
19/02/2020;1,4;P
20/02/2020;0,0;P
21/02/2020;0,0;P
22/02/2020;0,0;P
23/02/2020;0,0;P
24/02/2020;0,0;P
25/02/2020;0,0;P
26/02/2020;3,0;P
27/02/2020;10,4;P
28/02/2020;9,6;P
29/02/2020;0,0;P
01/03/2020;1,4;P
02/03/2020;14,0;P
03/03/2020;29,4;P
04/03/2020;17,4;P
05/03/2020;0,0;P
06/03/2020;23,2;P
07/03/2020;3,0;P
08/03/2020;0,8;P
09/03/2020;0,0;P
10/03/2020;0,4;P
11/03/2020;0,0;P
12/03/2020;0,4;P
13/03/2020;0,8;P
14/03/2020;0,0;P
15/03/2020;0,0;P
16/03/2020;0,0;P
17/03/2020;0,0;P
18/03/2020;0,0;P
19/03/2020;0,0;P
20/03/2020;0,0;P
21/03/2020;0,0;P
22/03/2020;0,0;P
23/03/2020;0,0;P
24/03/2020;0,0;P
25/03/2020;1,2;P
26/03/2020;6,8;P
27/03/2020;1,0;P
28/03/2020;0,0;P
29/03/2020;0,0;P
30/03/2020;0,0;P
31/03/2020;4,2;P
01/04/2020;0,0;P
02/04/2020;0,0;P
03/04/2020;0,0;P
04/04/2020;0,0;P
05/04/2020;0,0;P
06/04/2020;0,0;P
07/04/2020;0,0;P
08/04/2020;0,0;P
09/04/2020;0,0;P
10/04/2020;0,0;P
11/04/2020;0,0;P
12/04/2020;0,0;P
13/04/2020;0,0;P
14/04/2020;0,4;P
15/04/2020;0,0;P
16/04/2020;0,0;P
17/04/2020;0,0;P
18/04/2020;0,0;P
19/04/2020;0,0;P
20/04/2020;2,6;P
21/04/2020;14,6;P
22/04/2020;5,6;P
23/04/2020;0,0;P
24/04/2020;0,0;P
25/04/2020;0,0;P
26/04/2020;0,0;P
27/04/2020;0,0;P
28/04/2020;0,0;P
29/04/2020;16,8;P
30/04/2020;0,0;P
01/05/2020;1,4;P
02/05/2020;2,0;P
03/05/2020;0,0;P
04/05/2020;0,0;P
05/05/2020;0,0;P
06/05/2020;0,0;P
07/05/2020;0,0;P
08/05/2020;0,0;P
09/05/2020;0,0;P
10/05/2020;0,0;P
11/05/2020;6,2;P
12/05/2020;6,0;P
13/05/2020;0,0;P
14/05/2020;0,2;P
15/05/2020;1,2;P
16/05/2020;0,8;P
17/05/2020;0,8;P
18/05/2020;0,0;P
19/05/2020;5,4;P
20/05/2020;13,2;P
21/05/2020;0,4;P
22/05/2020;0,0;P
23/05/2020;0,0;P
24/05/2020;0,0;P
25/05/2020;0,0;P
26/05/2020;0,0;P
27/05/2020;0,0;P
28/05/2020;0,0;P
29/05/2020;19,0;P
30/05/2020;0,0;P
31/05/2020;0,0;P
01/06/2020;0,0;P
02/06/2020;0,0;P
03/06/2020;0,0;P
04/06/2020;0,0;P
05/06/2020;8,0;P
06/06/2020;0,6;P
07/06/2020;0,0;P
08/06/2020;2,8;P
09/06/2020;2,4;P
10/06/2020;8,6;P
11/06/2020;0,2;P
12/06/2020;1,6;P
13/06/2020;0,0;P
14/06/2020;9,0;P
15/06/2020;0,2;P
16/06/2020;6,8;P
17/06/2020;11,2;P
18/06/2020;0,8;P
19/06/2020;0,0;P
20/06/2020;0,0;P
21/06/2020;0,0;P
22/06/2020;0,0;P
23/06/2020;0,0;P
24/06/2020;0,0;P
25/06/2020;0,0;P
26/06/2020;0,0;P
27/06/2020;0,0;P
28/06/2020;0,0;P
29/06/2020;0,0;P
30/06/2020;0,0;P
01/07/2020;0,0;P
02/07/2020;0,0;P
03/07/2020;0,0;P
04/07/2020;32,8;P
05/07/2020;0,0;P
06/07/2020;0,0;P
07/07/2020;0,0;P
08/07/2020;0,0;P
09/07/2020;0,0;P
10/07/2020;0,0;P
11/07/2020;0,0;P
12/07/2020;0,0;P
13/07/2020;0,0;P
14/07/2020;0,0;P
15/07/2020;0,0;P
16/07/2020;1,2;P
17/07/2020;0,0;P
18/07/2020;13,0;P
19/07/2020;0,0;P
20/07/2020;0,0;P
21/07/2020;0,0;P
22/07/2020;0,0;P
23/07/2020;0,0;P
24/07/2020;3,0;P
25/07/2020;16,8;P
26/07/2020;0,0;P
27/07/2020;0,0;P
28/07/2020;0,0;P
29/07/2020;0,0;P
30/07/2020;0,0;P
31/07/2020;0,0;P
01/08/2020;0,0;P
02/08/2020;0,0;P
03/08/2020;0,0;P
04/08/2020;2,6;P
05/08/2020;3,2;P
06/08/2020;0,0;P
07/08/2020;0,0;P
08/08/2020;0,0;P
09/08/2020;0,0;P
10/08/2020;0,0;P
11/08/2020;0,0;P
12/08/2020;0,0;P
13/08/2020;0,0;P
14/08/2020;0,0;P
15/08/2020;0,0;P
16/08/2020;0,0;P
17/08/2020;0,0;P
18/08/2020;0,0;P
19/08/2020;0,0;P
20/08/2020;0,0;P
21/08/2020;0,0;P
22/08/2020;0,0;P
23/08/2020;0,0;P
24/08/2020;0,0;P
25/08/2020;0,0;P
26/08/2020;0,0;P
27/08/2020;0,0;P
28/08/2020;0,0;P
29/08/2020;2,4;P
30/08/2020;42,6;P
31/08/2020;2,6;P
01/09/2020;41,2;P
02/09/2020;0,0;P
03/09/2020;2,6;P
04/09/2020;0,0;P
05/09/2020;0,0;P
06/09/2020;0,0;P
07/09/2020;0,0;P
08/09/2020;0,0;P
09/09/2020;0,0;P
10/09/2020;0,0;P
11/09/2020;0,0;P
12/09/2020;0,0;P
13/09/2020;0,0;P
14/09/2020;0,0;P
15/09/2020;0,0;P
16/09/2020;0,0;P
17/09/2020;0,0;P
18/09/2020;0,0;P
19/09/2020;0,0;P
20/09/2020;0,0;P
21/09/2020;4,0;P
22/09/2020;2,4;P
23/09/2020;9,0;P
24/09/2020;0,4;P
25/09/2020;30,8;P
26/09/2020;0,8;P
27/09/2020;0,0;P
28/09/2020;2,0;P
29/09/2020;0,0;P
30/09/2020;0,2;P
01/10/2020;0,0;P
02/10/2020;0,0;P
03/10/2020;1,0;P
04/10/2020;4,4;P
05/10/2020;39,6;P
06/10/2020;0,0;P
07/10/2020;19,6;P
08/10/2020;0,0;P
09/10/2020;0,2;P
10/10/2020;0,0;P
11/10/2020;6,8;P
12/10/2020;35,6;P
13/10/2020;0,0;P
14/10/2020;0,0;P
15/10/2020;25,2;P
16/10/2020;9,0;P
17/10/2020;0,2;P
18/10/2020;0,2;P
19/10/2020;0,2;P
20/10/2020;0,2;P
21/10/2020;0,0;P
22/10/2020;0,0;P
23/10/2020;0,0;P
24/10/2020;7,4;P
25/10/2020;1,2;P
26/10/2020;0,2;P
27/10/2020;14,8;P
28/10/2020;2,0;P
29/10/2020;0,2;P
30/10/2020;0,0;P
31/10/2020;0,0;P
01/11/2020;0,0;P
02/11/2020;0,0;P
03/11/2020;1,0;P
04/11/2020;2,4;P
05/11/2020;0,8;P
06/11/2020;0,0;P
07/11/2020;0,0;P
08/11/2020;0,0;P
09/11/2020;0,2;P
10/11/2020;0,2;P
11/11/2020;0,0;P
12/11/2020;0,2;P
13/11/2020;3,2;P
14/11/2020;0,4;P
15/11/2020;0,0;P
16/11/2020;4,8;P
17/11/2020;9,8;P
18/11/2020;0,0;P
19/11/2020;0,0;P
20/11/2020;13,2;P
21/11/2020;5,4;P
22/11/2020;0,0;P
23/11/2020;0,0;P
24/11/2020;0,0;P
25/11/2020;0,0;P
26/11/2020;0,0;P
27/11/2020;0,0;P
28/11/2020;0,0;P
29/11/2020;0,0;P
30/11/2020;0,0;P
01/12/2020;0,0;P
02/12/2020;4,2;P
03/12/2020;12,0;P
04/12/2020;0,4;P
05/12/2020;46,8;P
06/12/2020;16,4;P
07/12/2020;15,2;P
08/12/2020;16,4;P
09/12/2020;17,8;P
10/12/2020;8,0;P
11/12/2020;0,4;P
12/12/2020;0,2;P
13/12/2020;1,6;P
14/12/2020;0,0;P
15/12/2020;0,0;P
16/12/2020;1,4;P
17/12/2020;3,6;P
18/12/2020;0,8;P
19/12/2020;0,2;P
20/12/2020;0,0;P
21/12/2020;0,2;P
22/12/2020;0,0;P
23/12/2020;3,4;P
24/12/2020;5,6;P
25/12/2020;9,6;P
26/12/2020;15,0;P
27/12/2020;0,4;P
28/12/2020;5,6;P
29/12/2020;28,2;P
30/12/2020;11,2;P
31/12/2020;3,2;P
01/01/2021;18,0;P
02/01/2021;13,6;P
03/01/2021;8,0;P
04/01/2021;3,4;P
05/01/2021;3,8;P
06/01/2021;13,4;P
07/01/2021;6,2;P
08/01/2021;0,2;P
09/01/2021;0,0;P
10/01/2021;0,6;P
11/01/2021;1,2;P
12/01/2021;0,0;P
13/01/2021;0,0;P
14/01/2021;0,0;P
15/01/2021;0,0;P
16/01/2021;0,0;P
17/01/2021;0,0;P
18/01/2021;0,0;P
19/01/2021;0,0;P
20/01/2021;1,2;P
21/01/2021;0,4;P
22/01/2021;8,0;P
23/01/2021;23,2;P
24/01/2021;34,4;P
25/01/2021;2,8;P
26/01/2021;0,6;P
27/01/2021;0,0;P
28/01/2021;0,0;P
29/01/2021;3,0;P
30/01/2021;4,6;P
31/01/2021;20,8;P
01/02/2021;0,6;P
02/02/2021;3,6;P
03/02/2021;3,2;P
04/02/2021;0,6;P
05/02/2021;0,0;P
06/02/2021;0,0;P
07/02/2021;1,8;P
08/02/2021;23,4;P
09/02/2021;23,6;P
10/02/2021;11,0;P
11/02/2021;1,8;P
12/02/2021;0,0;P
13/02/2021;0,6;P
14/02/2021;0,4;P
15/02/2021;0,0;P
16/02/2021;0,0;P
17/02/2021;5,2;P
18/02/2021;1,4;P
19/02/2021;0,0;P
20/02/2021;0,0;P
21/02/2021;0,0;P
22/02/2021;0,0;P
23/02/2021;0,0;P
24/02/2021;0,0;P
25/02/2021;0,0;P
26/02/2021;0,0;P
27/02/2021;0,0;P
28/02/2021;0,0;P
01/03/2021;0,0;P
02/03/2021;0,0;P
03/03/2021;0,0;P
04/03/2021;0,0;P
05/03/2021;0,0;P
06/03/2021;3,4;P
07/03/2021;0,0;P
08/03/2021;0,0;P
09/03/2021;0,0;P
10/03/2021;0,0;P
11/03/2021;0,0;P
12/03/2021;0,0;P
13/03/2021;0,0;P
14/03/2021;5,8;P
15/03/2021;3,0;P
16/03/2021;0,0;P
17/03/2021;0,0;P
18/03/2021;0,0;P
19/03/2021;0,0;P
20/03/2021;0,0;P
21/03/2021;0,4;P
22/03/2021;0,0;P
23/03/2021;0,0;P
24/03/2021;0,0;P
25/03/2021;0,0;P
26/03/2021;0,0;P
27/03/2021;0,0;P
28/03/2021;0,0;P
29/03/2021;0,0;P
30/03/2021;0,0;P
31/03/2021;0,0;P
01/04/2021;0,0;P
02/04/2021;0,0;P
03/04/2021;0,0;P
04/04/2021;0,0;P
05/04/2021;0,0;P
06/04/2021;0,2;P
07/04/2021;6,0;P
08/04/2021;0,0;P
09/04/2021;0,0;P
10/04/2021;0,6;P
11/04/2021;16,6;P
12/04/2021;13,4;P
13/04/2021;24,2;P
14/04/2021;0,0;P
15/04/2021;0,0;P
16/04/2021;0,0;P
17/04/2021;0,0;P
18/04/2021;0,0;P
19/04/2021;0,0;P
20/04/2021;0,0;P
21/04/2021;0,2;P
22/04/2021;0,2;P
23/04/2021;0,0;P
24/04/2021;0,0;P
25/04/2021;0,0;P
26/04/2021;0,0;P
27/04/2021;9,8;P
28/04/2021;2,6;P
29/04/2021;7,6;P
30/04/2021;24,2;P
01/05/2021;0,6;P
02/05/2021;10,6;P
03/05/2021;0,0;P
04/05/2021;0,0;P
05/05/2021;0,0;P
06/05/2021;0,0;P
07/05/2021;0,0;P
08/05/2021;0,0;P
09/05/2021;0,0;P
10/05/2021;0,0;P
11/05/2021;0,0;P
12/05/2021;23,2;P
13/05/2021;5,0;P
14/05/2021;3,4;P
15/05/2021;4,8;P
16/05/2021;2,6;P
17/05/2021;7,8;P
18/05/2021;0,4;P
19/05/2021;7,0;P
20/05/2021;6,2;P
21/05/2021;0,4;P
22/05/2021;0,0;P
23/05/2021;1,6;P
24/05/2021;9,2;P
25/05/2021;5,8;P
26/05/2021;0,0;P
27/05/2021;0,0;P
28/05/2021;0,0;P
29/05/2021;0,0;P
30/05/2021;0,0;P
31/05/2021;0,0;P
01/06/2021;0,0;P
02/06/2021;0,0;P
03/06/2021;0,0;P
04/06/2021;0,0;P
05/06/2021;0,0;P
06/06/2021;0,0;P
07/06/2021;13,8;P
08/06/2021;15,2;P
09/06/2021;5,0;P
10/06/2021;0,0;P
11/06/2021;0,0;P
12/06/2021;0,0;P
13/06/2021;0,0;P
14/06/2021;0,0;P
15/06/2021;0,0;P
16/06/2021;0,0;P
17/06/2021;0,0;P
18/06/2021;0,0;P
19/06/2021;0,0;P
20/06/2021;0,0;P
21/06/2021;0,0;P
22/06/2021;0,0;P
23/06/2021;0,0;P
24/06/2021;0,0;P
25/06/2021;0,0;P
26/06/2021;0,0;P
27/06/2021;0,0;P
28/06/2021;0,0;P
29/06/2021;0,0;P
30/06/2021;0,0;P
01/07/2021;0,0;P
02/07/2021;0,0;P
03/07/2021;0,0;P
04/07/2021;0,0;P
05/07/2021;0,0;P
06/07/2021;0,0;P
07/07/2021;0,0;P
08/07/2021;0,0;P
09/07/2021;11,8;P
10/07/2021;0,0;P
11/07/2021;0,0;P
12/07/2021;0,0;P
13/07/2021;0,0;P
14/07/2021;27,6;P
15/07/2021;0,0;P
16/07/2021;1,2;P
17/07/2021;0,0;P
18/07/2021;0,2;P
19/07/2021;0,0;P
20/07/2021;0,0;P
21/07/2021;0,0;P
22/07/2021;0,0;P
23/07/2021;0,0;P
24/07/2021;0,0;P
25/07/2021;0,0;P
26/07/2021;0,2;P
27/07/2021;0,0;P
28/07/2021;1,2;P
29/07/2021;0,0;P
30/07/2021;0,0;P
31/07/2021;0,0;P
01/08/2021;4,2;P
02/08/2021;0,8;P
03/08/2021;0,0;P
04/08/2021;0,0;P
05/08/2021;0,2;P
06/08/2021;0,0;P
07/08/2021;0,0;P
08/08/2021;0,0;P
09/08/2021;0,0;P
10/08/2021;0,0;P
11/08/2021;0,0;P
12/08/2021;0,0;P
13/08/2021;0,0;P
14/08/2021;0,0;P
15/08/2021;0,0;P
16/08/2021;0,0;P
17/08/2021;0,0;P
18/08/2021;0,0;P
19/08/2021;0,0;P
20/08/2021;0,0;P
21/08/2021;0,0;P
22/08/2021;0,0;P
23/08/2021;0,0;P
24/08/2021;0,0;P
25/08/2021;0,0;P
26/08/2021;0,0;P
27/08/2021;0,0;P
28/08/2021;4,0;P
29/08/2021;1,0;P
30/08/2021;0,0;P
31/08/2021;0,0;P
01/09/2021;2,2;P
02/09/2021;0,0;P
03/09/2021;0,0;P
04/09/2021;0,0;P
05/09/2021;3,2;P
06/09/2021;0,0;P
07/09/2021;0,0;P
08/09/2021;0,0;P
09/09/2021;0,0;P
10/09/2021;0,0;P
11/09/2021;0,0;P
12/09/2021;0,0;P
13/09/2021;0,0;P
14/09/2021;0,0;P
15/09/2021;0,0;P
16/09/2021;0,0;P
17/09/2021;20,8;P
18/09/2021;4,6;P
19/09/2021;0,0;P
20/09/2021;13,2;P
21/09/2021;1,2;P
22/09/2021;0,0;P
23/09/2021;0,0;P
24/09/2021;0,0;P
25/09/2021;0,0;P
26/09/2021;0,0;P
27/09/2021;26,4;P
28/09/2021;0,0;P
29/09/2021;0,0;P
30/09/2021;0,0;P
01/10/2021;0,0;P
02/10/2021;0,0;P
03/10/2021;4,2;P
04/10/2021;0,0;P
05/10/2021;21,6;P
06/10/2021;5,6;P
07/10/2021;16,2;P
08/10/2021;14,4;P
09/10/2021;0,2;P
10/10/2021;0,0;P
11/10/2021;0,0;P
12/10/2021;0,0;P
13/10/2021;0,0;P
14/10/2021;0,0;P
15/10/2021;0,0;P
16/10/2021;0,0;P
17/10/2021;0,0;P
18/10/2021;0,0;P
19/10/2021;0,0;P
20/10/2021;0,0;P
21/10/2021;0,0;P
22/10/2021;3,0;P
23/10/2021;0,2;P
24/10/2021;0,0;P
25/10/2021;0,0;P
26/10/2021;0,0;P
27/10/2021;0,0;P
28/10/2021;0,0;P
29/10/2021;0,0;P
30/10/2021;0,0;P
31/10/2021;0,0;P
01/11/2021;4,2;P
02/11/2021;24,2;P
03/11/2021;0,2;P
04/11/2021;17,0;P
05/11/2021;0,8;P
06/11/2021;0,2;P
07/11/2021;6,6;P
08/11/2021;4,6;P
09/11/2021;0,4;P
10/11/2021;0,0;P
11/11/2021;0,0;P
12/11/2021;0,0;P
13/11/2021;0,0;P
14/11/2021;20,4;P
15/11/2021;6,2;P
16/11/2021;0,0;P
17/11/2021;9,2;P
18/11/2021;0,0;P
19/11/2021;0,0;P
20/11/2021;0,2;P
21/11/2021;0,0;P
22/11/2021;9,2;P
23/11/2021;0,0;P
24/11/2021;0,0;P
25/11/2021;5,2;P
26/11/2021;8,0;P
27/11/2021;5,2;P
28/11/2021;7,0;P
29/11/2021;2,8;P
30/11/2021;2,0;P
01/12/2021;0,0;P
02/12/2021;21,2;P
03/12/2021;22,2;P
04/12/2021;0,0;P
05/12/2021;25,6;P
06/12/2021;0,2;P
07/12/2021;0,4;P
08/12/2021;0,0;P
09/12/2021;31,2;P
10/12/2021;4,0;P
11/12/2021;5,6;P
12/12/2021;0,0;P
13/12/2021;0,0;P
14/12/2021;0,0;P
15/12/2021;0,0;P
16/12/2021;0,0;P
17/12/2021;0,0;P
18/12/2021;0,0;P
19/12/2021;0,0;P
20/12/2021;0,0;P
21/12/2021;0,0;P
22/12/2021;0,4;P
23/12/2021;0,0;P
24/12/2021;5,8;P
25/12/2021;17,6;P
26/12/2021;21,2;P
27/12/2021;11,2;P
28/12/2021;14,4;P
29/12/2021;2,0;P
30/12/2021;0,4;P
31/12/2021;0,2;P
01/01/2022;0,0;P
02/01/2022;0,2;P
03/01/2022;0,0;P
04/01/2022;0,2;P
05/01/2022;1,0;P
06/01/2022;57,6;P
07/01/2022;0,0;P
08/01/2022;0,0;P
09/01/2022;1,8;P
10/01/2022;5,4;P
11/01/2022;0,0;P
12/01/2022;0,0;P
13/01/2022;0,0;P
14/01/2022;0,0;P
15/01/2022;0,0;P
16/01/2022;0,0;P
17/01/2022;0,0;P
18/01/2022;0,0;P
19/01/2022;0,2;P
20/01/2022;5,6;P
21/01/2022;0,2;P
22/01/2022;0,0;P
23/01/2022;0,0;P
24/01/2022;0,0;P
25/01/2022;0,2;P
26/01/2022;0,0;P
27/01/2022;0,0;P
28/01/2022;0,0;P
29/01/2022;0,0;P
30/01/2022;0,0;P
31/01/2022;0,0;P
01/02/2022;0,2;P
02/02/2022;0,0;P
03/02/2022;0,0;P
04/02/2022;0,2;P
05/02/2022;4,0;P
06/02/2022;2,6;P
07/02/2022;0,6;P
08/02/2022;0,0;P
09/02/2022;0,0;P
10/02/2022;0,0;P
11/02/2022;0,0;P
12/02/2022;0,0;P
13/02/2022;0,0;P
14/02/2022;0,4;P
15/02/2022;22,0;P
16/02/2022;4,8;P
17/02/2022;0,2;P
18/02/2022;0,2;P
19/02/2022;0,4;P
20/02/2022;0,4;P
21/02/2022;0,0;P
22/02/2022;6,0;P
23/02/2022;0,0;P
24/02/2022;0,0;P
25/02/2022;0,0;P
26/02/2022;17,0;P
27/02/2022;0,0;P
28/02/2022;0,0;P
01/03/2022;0,0;P
02/03/2022;0,0;P
03/03/2022;0,0;P
04/03/2022;5,6;P
05/03/2022;0,2;P
06/03/2022;0,0;P
07/03/2022;0,0;P
08/03/2022;0,0;P
09/03/2022;0,0;P
10/03/2022;0,0;P
11/03/2022;0,0;P
12/03/2022;0,0;P
13/03/2022;0,0;P
14/03/2022;0,0;P
15/03/2022;0,0;P
16/03/2022;0,0;P
17/03/2022;0,0;P
18/03/2022;0,0;P
19/03/2022;0,0;P
20/03/2022;0,0;P
21/03/2022;0,0;P
22/03/2022;0,0;P
23/03/2022;0,0;P
24/03/2022;0,0;P
25/03/2022;0,0;P
26/03/2022;0,0;P
27/03/2022;0,0;P
28/03/2022;0,0;P
29/03/2022;0,0;P
30/03/2022;0,2;P
31/03/2022;52,0;P
01/04/2022;17,4;P
02/04/2022;7,2;P
03/04/2022;1,0;P
04/04/2022;1,8;P
05/04/2022;0,0;P
06/04/2022;0,0;P
07/04/2022;1,0;P
08/04/2022;0,2;P
09/04/2022;0,0;P
10/04/2022;5,6;P
11/04/2022;0,0;P
12/04/2022;0,0;P
13/04/2022;0,0;P
14/04/2022;0,0;P
15/04/2022;0,0;P
16/04/2022;0,0;P
17/04/2022;0,0;P
18/04/2022;0,0;P
19/04/2022;0,0;P
20/04/2022;0,0;P
21/04/2022;5,4;P
22/04/2022;24,4;P
23/04/2022;1,6;P
24/04/2022;17,2;P
25/04/2022;9,4;P
26/04/2022;0,0;P
27/04/2022;0,0;P
28/04/2022;0,0;P
29/04/2022;0,0;P
30/04/2022;0,0;P
01/05/2022;0,0;P
02/05/2022;0,0;P
03/05/2022;0,0;P
04/05/2022;0,0;P
05/05/2022;0,0;P
06/05/2022;14,2;P
07/05/2022;1,0;P
08/05/2022;0,0;P
09/05/2022;0,4;P
10/05/2022;0,0;P
11/05/2022;0,0;P
12/05/2022;0,0;P
13/05/2022;0,0;P
14/05/2022;0,0;P
15/05/2022;0,0;P
16/05/2022;0,0;P
17/05/2022;0,0;P
18/05/2022;0,0;P
19/05/2022;0,0;P
20/05/2022;0,0;P
21/05/2022;0,0;P
22/05/2022;0,0;P
23/05/2022;0,0;P
24/05/2022;0,0;P
25/05/2022;0,0;P
26/05/2022;0,0;P
27/05/2022;0,0;P
28/05/2022;0,0;P
29/05/2022;3,2;P
30/05/2022;2,6;P
31/05/2022;0,0;P
01/06/2022;0,0;P
02/06/2022;0,0;P
03/06/2022;0,0;P
04/06/2022;0,0;P
05/06/2022;0,0;P
06/06/2022;0,0;P
07/06/2022;0,0;P
08/06/2022;0,0;P
09/06/2022;2,0;P
10/06/2022;0,2;P
11/06/2022;0,0;P
12/06/2022;0,0;P
13/06/2022;0,0;P
14/06/2022;0,0;P
15/06/2022;0,0;P
16/06/2022;0,0;P
17/06/2022;0,0;P
18/06/2022;0,0;P
19/06/2022;0,0;P
20/06/2022;0,0;P
21/06/2022;0,0;P
22/06/2022;0,0;P
23/06/2022;0,0;P
24/06/2022;0,0;P
25/06/2022;0,0;P
26/06/2022;0,0;P
27/06/2022;0,0;P
28/06/2022;0,0;P
29/06/2022;0,8;P
30/06/2022;0,0;P
01/07/2022;0,0;P
02/07/2022;0,0;P
03/07/2022;0,0;P
04/07/2022;0,0;P
05/07/2022;0,0;P
06/07/2022;0,0;P
07/07/2022;0,0;P
08/07/2022;4,0;P
09/07/2022;0,0;P
10/07/2022;0,0;P
11/07/2022;0,0;P
12/07/2022;0,0;P
13/07/2022;0,0;P
14/07/2022;0,0;P
15/07/2022;0,0;P
16/07/2022;0,0;P
17/07/2022;0,0;P
18/07/2022;0,0;P
19/07/2022;0,0;P
20/07/2022;0,0;P
21/07/2022;0,0;P
22/07/2022;0,0;P
23/07/2022;0,0;P
24/07/2022;0,0;P
25/07/2022;0,0;P
26/07/2022;0,0;P
27/07/2022;0,0;P
28/07/2022;0,0;P
29/07/2022;0,4;P
30/07/2022;0,0;P
31/07/2022;0,0;P
01/08/2022;0,0;P
02/08/2022;0,0;P
03/08/2022;1,4;P
04/08/2022;0,0;P
05/08/2022;0,0;P
06/08/2022;0,0;P
07/08/2022;0,0;P
08/08/2022;0,0;P
09/08/2022;0,4;P
10/08/2022;0,0;P
11/08/2022;0,0;P
12/08/2022;0,0;P
13/08/2022;7,4;P
14/08/2022;0,2;P
15/08/2022;1,0;P
16/08/2022;0,0;P
17/08/2022;0,0;P
18/08/2022;0,0;P
19/08/2022;19,8;P
20/08/2022;9,4;P
21/08/2022;1,0;P
22/08/2022;12,2;P
23/08/2022;0,0;P
24/08/2022;0,0;P
25/08/2022;0,0;P
26/08/2022;0,0;P
27/08/2022;0,0;P
28/08/2022;0,0;P
29/08/2022;0,6;P
30/08/2022;4,8;P
31/08/2022;0,2;P
01/09/2022;2,6;P
02/09/2022;0,4;P
03/09/2022;0,0;P
04/09/2022;3,4;P
05/09/2022;0,0;P
06/09/2022;0,0;P
07/09/2022;0,0;P
08/09/2022;1,8;P
09/09/2022;0,0;P
10/09/2022;0,0;P
11/09/2022;0,0;P
12/09/2022;0,0;P
13/09/2022;0,0;P
14/09/2022;0,0;P
15/09/2022;8,4;P
16/09/2022;0,2;P
17/09/2022;9,8;P
18/09/2022;10,6;P
19/09/2022;0,0;P
20/09/2022;0,0;P
21/09/2022;0,0;P
22/09/2022;0,0;P
23/09/2022;0,0;P
24/09/2022;0,0;P
25/09/2022;29,0;P
26/09/2022;0,2;P
27/09/2022;1,4;P
28/09/2022;1,8;P
29/09/2022;8,4;P
30/09/2022;12,4;P
01/10/2022;22,4;P
02/10/2022;0,0;P
03/10/2022;0,0;P
04/10/2022;0,2;P
05/10/2022;0,0;P
06/10/2022;0,2;P
07/10/2022;0,0;P
08/10/2022;0,0;P
09/10/2022;0,0;P
10/10/2022;1,0;P
11/10/2022;0,2;P
12/10/2022;0,0;P
13/10/2022;0,0;P
14/10/2022;0,0;P
15/10/2022;0,0;P
16/10/2022;0,2;P
17/10/2022;0,0;P
18/10/2022;0,0;P
19/10/2022;0,2;P
20/10/2022;0,2;P
21/10/2022;0,0;P
22/10/2022;0,0;P
23/10/2022;0,0;P
24/10/2022;0,0;P
25/10/2022;0,0;P
26/10/2022;0,0;P
27/10/2022;0,0;P
28/10/2022;0,2;P
29/10/2022;0,0;P
30/10/2022;0,0;P
31/10/2022;0,0;P
01/11/2022;0,0;P
02/11/2022;0,0;P
03/11/2022;3,4;P
04/11/2022;17,4;P
05/11/2022;0,0;P
06/11/2022;0,6;P
07/11/2022;0,0;P
08/11/2022;0,0;P
09/11/2022;0,0;P
10/11/2022;4,2;P
11/11/2022;7,2;P
12/11/2022;0,0;P
13/11/2022;0,0;P
14/11/2022;0,2;P
15/11/2022;0,2;P
16/11/2022;13,6;P
17/11/2022;4,0;P
18/11/2022;4,8;P
19/11/2022;3,2;P
20/11/2022;9,2;P
21/11/2022;0,2;P
22/11/2022;33,2;P
23/11/2022;12,2;P
24/11/2022;0,2;P
25/11/2022;0,2;P
26/11/2022;7,6;P
27/11/2022;0,4;P
28/11/2022;0,0;P
29/11/2022;0,4;P
30/11/2022;0,0;P
01/12/2022;0,0;P
02/12/2022;0,0;P
03/12/2022;2,8;P
04/12/2022;7,0;P
05/12/2022;33,2;P
06/12/2022;13,0;P
07/12/2022;6,0;P
08/12/2022;0,0;P
09/12/2022;33,6;P
10/12/2022;21,8;P
11/12/2022;33,4;P
12/12/2022;0,4;P
13/12/2022;0,0;P
14/12/2022;0,0;P
15/12/2022;4,2;P
16/12/2022;44,2;P
17/12/2022;17,4;P
18/12/2022;0,2;P
19/12/2022;0,0;P
20/12/2022;4,4;P
21/12/2022;3,6;P
22/12/2022;3,0;P
23/12/2022;1,2;P
24/12/2022;3,4;P
25/12/2022;1,0;P
26/12/2022;0,2;P
27/12/2022;0,0;P
28/12/2022;0,2;P
29/12/2022;3,4;P
30/12/2022;0,0;P
31/12/2022;5,4;P
01/01/2023;0,4;P
02/01/2023;0,0;P
03/01/2023;0,0;P
04/01/2023;0,2;P
05/01/2023;0,0;P
06/01/2023;0,0;P
07/01/2023;0,0;P
08/01/2023;3,4;P
09/01/2023;38,2;P
10/01/2023;3,0;P
11/01/2023;0,4;P
12/01/2023;2,0;P
13/01/2023;0,0;P
14/01/2023;0,0;P
15/01/2023;0,2;P
16/01/2023;5,6;P
17/01/2023;15,0;P
18/01/2023;17,8;P
19/01/2023;17,6;P
20/01/2023;0,8;P
21/01/2023;0,6;P
22/01/2023;7,8;P
23/01/2023;12,2;P
24/01/2023;14,6;P
25/01/2023;0,4;P
26/01/2023;0,2;P
27/01/2023;0,0;P
28/01/2023;0,0;P
29/01/2023;0,0;P
30/01/2023;0,0;P
31/01/2023;0,0;P
01/02/2023;0,0;P
02/02/2023;0,0;P
03/02/2023;0,0;P
04/02/2023;0,0;P
05/02/2023;0,0;P
06/02/2023;0,0;P
07/02/2023;0,0;P
08/02/2023;0,0;P
09/02/2023;0,0;P
10/02/2023;0,0;P
11/02/2023;0,0;P
12/02/2023;0,0;P
13/02/2023;0,0;P
14/02/2023;0,0;P
15/02/2023;0,0;P
16/02/2023;0,0;P
17/02/2023;0,0;P
18/02/2023;0,0;P
19/02/2023;0,0;P
20/02/2023;0,0;P
21/02/2023;0,0;P
22/02/2023;0,4;P
23/02/2023;0,2;P
24/02/2023;0,0;P
25/02/2023;1,0;P
26/02/2023;18,4;P
27/02/2023;9,6;P
28/02/2023;0,2;P
01/03/2023;1,0;P
02/03/2023;7,2;P
03/03/2023;0,0;P
04/03/2023;0,0;P
05/03/2023;0,0;P
06/03/2023;3,6;P
07/03/2023;7,4;P
08/03/2023;2,8;P
09/03/2023;0,6;P
10/03/2023;1,2;P
11/03/2023;0,2;P
12/03/2023;0,0;P
13/03/2023;0,0;P
14/03/2023;0,0;P
15/03/2023;5,8;P
16/03/2023;0,0;P
17/03/2023;0,0;P
18/03/2023;0,0;P
19/03/2023;0,0;P
20/03/2023;32,6;P
21/03/2023;0,0;P
22/03/2023;0,0;P
23/03/2023;0,0;P
24/03/2023;0,0;P
25/03/2023;0,0;P
26/03/2023;0,0;P
27/03/2023;6,4;P
28/03/2023;0,0;P
29/03/2023;0,0;P
30/03/2023;1,4;P
31/03/2023;0,0;P
01/04/2023;9,4;P
02/04/2023;0,0;P
03/04/2023;0,0;P
04/04/2023;0,0;P
05/04/2023;0,0;P
06/04/2023;0,0;P
07/04/2023;0,0;P
08/04/2023;1,2;P
09/04/2023;0,0;P
10/04/2023;0,0;P
11/04/2023;0,0;P
12/04/2023;0,4;P
13/04/2023;0,4;P
14/04/2023;3,6;P
15/04/2023;3,6;P
16/04/2023;1,2;P
17/04/2023;0,0;P
18/04/2023;0,0;P
19/04/2023;0,0;P
20/04/2023;0,2;P
21/04/2023;2,2;P
22/04/2023;2,8;P
23/04/2023;0,0;P
24/04/2023;3,6;P
25/04/2023;0,6;P
26/04/2023;4,2;P
27/04/2023;0,0;P
28/04/2023;0,0;P
29/04/2023;0,0;P
30/04/2023;0,0;P
01/05/2023;0,0;P
02/05/2023;11,6;P
03/05/2023;1,2;P
04/05/2023;0,0;P
05/05/2023;0,0;P
06/05/2023;0,0;P
07/05/2023;0,0;P
08/05/2023;0,0;P
09/05/2023;0,0;P
10/05/2023;7,4;P
11/05/2023;15,4;P
12/05/2023;3,0;P
13/05/2023;5,4;P
14/05/2023;0,8;P
15/05/2023;2,4;P
16/05/2023;22,8;P
17/05/2023;43,6;P
18/05/2023;2,0;P
19/05/2023;6,8;P
20/05/2023;7,8;P
21/05/2023;1,0;P
22/05/2023;0,0;P
23/05/2023;0,0;P
24/05/2023;2,0;P
25/05/2023;0,0;P
26/05/2023;0,0;P
27/05/2023;0,0;P
28/05/2023;0,0;P
29/05/2023;0,0;P
30/05/2023;0,0;P
31/05/2023;0,0;P
01/06/2023;0,0;P
02/06/2023;16,4;P
03/06/2023;4,6;P
04/06/2023;2,0;P
05/06/2023;11,2;P
06/06/2023;6,4;P
07/06/2023;8,8;P
08/06/2023;0,0;P
09/06/2023;0,0;P
10/06/2023;0,0;P
11/06/2023;5,0;P
12/06/2023;0,0;P
13/06/2023;0,0;P
14/06/2023;16,6;P
15/06/2023;0,0;P
16/06/2023;0,0;P
17/06/2023;18,8;P
18/06/2023;0,0;P
19/06/2023;0,0;P
20/06/2023;0,0;P
21/06/2023;0,0;P
22/06/2023;0,0;P
23/06/2023;0,0;P
24/06/2023;0,2;P
25/06/2023;0,0;P
26/06/2023;0,0;P
27/06/2023;0,0;P
28/06/2023;0,0;P
29/06/2023;0,0;P
30/06/2023;0,0;P
01/07/2023;6,0;P
02/07/2023;0,0;P
03/07/2023;0,0;P
04/07/2023;0,0;P
05/07/2023;0,0;P
06/07/2023;0,0;P
07/07/2023;0,0;P
08/07/2023;0,0;P
09/07/2023;0,0;P
10/07/2023;0,0;P
11/07/2023;0,0;P
12/07/2023;0,0;P
13/07/2023;0,0;P
14/07/2023;3,2;P
15/07/2023;0,0;P
16/07/2023;0,0;P
17/07/2023;0,0;P
18/07/2023;0,0;P
19/07/2023;0,0;P
20/07/2023;0,0;P
21/07/2023;0,0;P
22/07/2023;0,4;P
23/07/2023;0,0;P
24/07/2023;0,0;P
25/07/2023;6,0;P
26/07/2023;0,0;P
27/07/2023;0,0;P
28/07/2023;0,0;P
29/07/2023;0,0;P
30/07/2023;0,0;P
31/07/2023;0,0;P
01/08/2023;0,0;P
02/08/2023;0,0;P
03/08/2023;0,0;P
04/08/2023;4,4;P
05/08/2023;5,8;P
06/08/2023;1,8;P
07/08/2023;0,0;P
08/08/2023;0,0;P
09/08/2023;0,0;P
10/08/2023;0,0;P
11/08/2023;0,0;P
12/08/2023;0,0;P
13/08/2023;0,0;P
14/08/2023;0,0;P
15/08/2023;0,0;P
16/08/2023;0,0;P
17/08/2023;0,0;P
18/08/2023;0,4;P
19/08/2023;0,0;P
20/08/2023;0,0;P
21/08/2023;0,0;P
22/08/2023;0,0;P
23/08/2023;0,0;P
24/08/2023;0,0;P
25/08/2023;0,0;P
26/08/2023;0,0;P
27/08/2023;0,0;P
28/08/2023;4,8;P
29/08/2023;10,8;P
30/08/2023;0,8;P
31/08/2023;0,0;P
01/09/2023;0,0;P
02/09/2023;0,0;P
03/09/2023;0,0;P
04/09/2023;0,0;P
05/09/2023;0,0;P
06/09/2023;0,0;P
07/09/2023;0,0;P
08/09/2023;0,0;P
09/09/2023;0,0;P
10/09/2023;0,0;P
11/09/2023;0,0;P
12/09/2023;0,0;P
13/09/2023;0,2;P
14/09/2023;0,2;P
15/09/2023;0,2;P
16/09/2023;15,8;P
17/09/2023;0,0;P
18/09/2023;0,0;P
19/09/2023;0,0;P
20/09/2023;0,0;P
21/09/2023;0,2;P
22/09/2023;0,0;P
23/09/2023;10,8;P
24/09/2023;0,0;P
25/09/2023;0,0;P
26/09/2023;0,0;P
27/09/2023;0,0;P
28/09/2023;0,0;P
29/09/2023;0,0;P
30/09/2023;0,0;P
01/10/2023;0,0;P
02/10/2023;0,0;P
03/10/2023;0,0;P
04/10/2023;0,0;P
05/10/2023;0,0;P
06/10/2023;0,0;P
07/10/2023;0,0;P
08/10/2023;0,0;P
09/10/2023;0,0;P
10/10/2023;0,0;P
11/10/2023;0,0;P
12/10/2023;0,0;P
13/10/2023;0,0;P
14/10/2023;0,0;P
15/10/2023;18,6;P
16/10/2023;0,0;P
17/10/2023;0,0;P
18/10/2023;1,4;P
19/10/2023;21,4;P
20/10/2023;7,6;P
21/10/2023;24,0;P
22/10/2023;2,8;P
23/10/2023;0,2;P
24/10/2023;1,0;P
25/10/2023;24,0;P
26/10/2023;21,6;P
27/10/2023;18,4;P
28/10/2023;0,0;P
29/10/2023;0,0;P
30/10/2023;12,8;P
31/10/2023;27,8;P
01/11/2023;0,0;P
02/11/2023;1,2;P
03/11/2023;119,8;P
04/11/2023;6,4;P
05/11/2023;33,6;P
06/11/2023;0,0;P
07/11/2023;8,8;P
08/11/2023;0,0;P
09/11/2023;0,0;P
10/11/2023;14,2;P
11/11/2023;17,6;P
12/11/2023;0,0;P
13/11/2023;0,0;P
14/11/2023;2,4;P
15/11/2023;3,6;P
16/11/2023;0,0;P
17/11/2023;2,0;P
18/11/2023;0,0;P
19/11/2023;0,0;P
20/11/2023;0,4;P
21/11/2023;3,4;P
22/11/2023;10,8;P
23/11/2023;0,0;P
24/11/2023;0,0;P
25/11/2023;0,0;P
26/11/2023;0,0;P
27/11/2023;0,0;P
28/11/2023;6,8;P
29/11/2023;0,4;P
30/11/2023;17,8;P
01/12/2023;28,8;P
02/12/2023;12,8;P
03/12/2023;3,8;P
04/12/2023;0,0;P
05/12/2023;25,2;P
06/12/2023;0,4;P
07/12/2023;0,2;P
08/12/2023;0,4;P
09/12/2023;1,6;P
10/12/2023;4,8;P
11/12/2023;2,6;P
12/12/2023;12,8;P
13/12/2023;11,8;P
14/12/2023;9,2;P
15/12/2023;1,6;P
16/12/2023;0,0;P
17/12/2023;0,0;P
18/12/2023;0,0;P
19/12/2023;0,0;P
20/12/2023;0,0;P
21/12/2023;0,0;P
22/12/2023;0,0;P
23/12/2023;0,0;P
24/12/2023;0,0;P
25/12/2023;0,0;P
26/12/2023;0,0;P
27/12/2023;0,0;P
28/12/2023;0,0;P
29/12/2023;0,2;P
30/12/2023;4,4;P
31/12/2023;8,2;P
01/01/2024;6,4;P
02/01/2024;0,0;P
03/01/2024;3,0;P
04/01/2024;0,0;P
05/01/2024;0,0;P
06/01/2024;24,8;P
07/01/2024;14,2;P
08/01/2024;7,6;P
09/01/2024;0,0;P
10/01/2024;0,0;P
11/01/2024;0,0;P
12/01/2024;0,0;P
13/01/2024;0,0;P
14/01/2024;0,0;P
15/01/2024;1,6;P
16/01/2024;0,0;P
17/01/2024;0,4;P
18/01/2024;23,6;P
19/01/2024;0,2;P
20/01/2024;0,0;P
21/01/2024;0,0;P
22/01/2024;0,0;P
23/01/2024;5,4;P
24/01/2024;0,2;P
25/01/2024;0,0;P
26/01/2024;0,0;P
27/01/2024;0,0;P
28/01/2024;0,0;P
29/01/2024;0,0;P
30/01/2024;0,0;P
31/01/2024;0,0;P
01/02/2024;0,0;P
02/02/2024;0,2;P
03/02/2024;0,0;P
04/02/2024;0,0;P
05/02/2024;0,0;P
06/02/2024;0,0;P
07/02/2024;0,0;P
08/02/2024;0,0;P
09/02/2024;0,2;P
10/02/2024;11,8;P
11/02/2024;34,8;P
12/02/2024;3,8;P
13/02/2024;0,2;P
14/02/2024;0,0;P
15/02/2024;0,0;P
16/02/2024;0,0;P
17/02/2024;0,0;P
18/02/2024;0,0;P
19/02/2024;0,0;P
20/02/2024;0,0;P
21/02/2024;0,0;P
22/02/2024;0,0;P
23/02/2024;1,8;P
24/02/2024;16,8;P
25/02/2024;8,2;P
26/02/2024;0,0;P
27/02/2024;35,2;P
28/02/2024;17,4;P
29/02/2024;0,2;P
01/03/2024;0,4;P
02/03/2024;16,8;P
03/03/2024;0,4;P
04/03/2024;5,2;P
05/03/2024;0,0;P
06/03/2024;0,2;P
07/03/2024;0,0;P
08/03/2024;0,0;P
09/03/2024;14,4;P
10/03/2024;6,6;P
11/03/2024;10,4;P
12/03/2024;0,6;P
13/03/2024;0,0;P
14/03/2024;0,0;P
15/03/2024;0,0;P
16/03/2024;0,0;P
17/03/2024;0,0;P
18/03/2024;0,0;P
19/03/2024;2,8;P
20/03/2024;0,0;P
21/03/2024;0,0;P
22/03/2024;6,2;P
23/03/2024;0,0;P
24/03/2024;0,0;P
25/03/2024;2,2;P
26/03/2024;1,0;P
27/03/2024;7,6;P
28/03/2024;22,2;P
29/03/2024;3,4;P
30/03/2024;0,0;P
31/03/2024;0,2;P
01/04/2024;1,4;P
02/04/2024;10,2;P
03/04/2024;0,4;P
04/04/2024;0,0;P
05/04/2024;0,0;P
06/04/2024;0,0;P
07/04/2024;0,0;P
08/04/2024;0,0;P
09/04/2024;0,0;P
10/04/2024;2,6;P
11/04/2024;1,0;P
12/04/2024;0,0;P
13/04/2024;0,0;P
14/04/2024;0,0;P
15/04/2024;0,0;P
16/04/2024;0,0;P
17/04/2024;0,0;P
18/04/2024;2,4;P
19/04/2024;13,0;P
20/04/2024;0,0;P
21/04/2024;9,2;P
22/04/2024;4,0;P
23/04/2024;18,6;P
24/04/2024;4,6;P
25/04/2024;0,2;P
26/04/2024;0,0;P
27/04/2024;1,0;P
28/04/2024;1,4;P
29/04/2024;0,0;P
30/04/2024;0,0;P
01/05/2024;10,8;P
02/05/2024;29,0;P
03/05/2024;6,2;P
04/05/2024;0,0;P
05/05/2024;0,0;P
06/05/2024;0,0;P
07/05/2024;0,6;P
08/05/2024;13,8;P
09/05/2024;0,0;P
10/05/2024;0,0;P
11/05/2024;0,0;P
12/05/2024;0,0;P
13/05/2024;0,0;P
14/05/2024;0,0;P
15/05/2024;1,0;P
16/05/2024;0,2;P
17/05/2024;1,6;P
18/05/2024;0,2;P
19/05/2024;0,0;P
20/05/2024;11,8;P
21/05/2024;19,6;P
22/05/2024;0,0;P
23/05/2024;0,0;P
24/05/2024;0,0;P
25/05/2024;0,0;P
26/05/2024;0,0;P
27/05/2024;0,0;P
28/05/2024;0,0;P
29/05/2024;0,0;P
30/05/2024;1,0;P
31/05/2024;6,8;P
01/06/2024;0,0;P
02/06/2024;0,0;P
03/06/2024;7,4;P
04/06/2024;4,2;P
05/06/2024;0,0;P
06/06/2024;0,0;P
07/06/2024;0,0;P
08/06/2024;0,0;P
09/06/2024;0,0;P
10/06/2024;11,6;P
11/06/2024;0,0;P
12/06/2024;0,0;P
13/06/2024;0,0;P
14/06/2024;7,6;P
15/06/2024;0,0;P
16/06/2024;0,0;P
17/06/2024;0,0;P
18/06/2024;0,0;P
19/06/2024;0,0;P
20/06/2024;0,0;P
21/06/2024;0,0;P
22/06/2024;0,0;P
23/06/2024;0,0;P
24/06/2024;22,4;P
25/06/2024;55,6;P
26/06/2024;0,8;P
27/06/2024;9,8;P
28/06/2024;0,0;P
29/06/2024;0,0;P
30/06/2024;0,0;P
01/07/2024;0,0;P
02/07/2024;0,0;P
03/07/2024;0,0;P
04/07/2024;0,2;P
05/07/2024;0,0;P
06/07/2024;0,0;P
07/07/2024;0,0;P
08/07/2024;0,0;P
09/07/2024;0,0;P
10/07/2024;0,0;P
11/07/2024;0,0;P
12/07/2024;0,0;P
13/07/2024;0,0;P
14/07/2024;0,0;P
15/07/2024;0,0;P
16/07/2024;0,0;P
17/07/2024;0,0;P
18/07/2024;0,0;P
19/07/2024;0,0;P
20/07/2024;0,0;P
21/07/2024;0,0;P
22/07/2024;0,0;P
23/07/2024;0,0;P
24/07/2024;0,0;P
25/07/2024;0,0;P
26/07/2024;0,0;P
27/07/2024;0,0;P
28/07/2024;0,0;P
29/07/2024;0,0;P
30/07/2024;0,0;P
31/07/2024;0,0;P
01/08/2024;0,0;P
02/08/2024;0,0;P
03/08/2024;0,0;P
04/08/2024;10,8;P
05/08/2024;0,0;P
06/08/2024;0,0;P
07/08/2024;0,0;P
08/08/2024;0,0;P
09/08/2024;0,0;P
10/08/2024;0,0;P
11/08/2024;0,0;P
12/08/2024;0,0;P
13/08/2024;0,0;P
14/08/2024;0,0;P
15/08/2024;0,0;P
16/08/2024;0,0;P
17/08/2024;0,0;P
18/08/2024;0,4;P
19/08/2024;0,6;P
20/08/2024;0,2;P
21/08/2024;0,0;P
22/08/2024;0,0;P
23/08/2024;0,0;P
24/08/2024;0,0;P
25/08/2024;0,0;P
26/08/2024;0,0;P
27/08/2024;0,0;P
28/08/2024;3,8;P
29/08/2024;9,4;P
30/08/2024;0,0;P
31/08/2024;0,0;P
01/09/2024;0,0;P
02/09/2024;0,0;P
03/09/2024;0,0;P
04/09/2024;0,0;P
05/09/2024;10,6;P
06/09/2024;4,6;P
07/09/2024;0,0;P
08/09/2024;0,0;P
09/09/2024;72,4;P
10/09/2024;0,2;P
11/09/2024;0,0;P
12/09/2024;4,0;P
13/09/2024;4,8;P
14/09/2024;0,0;P
15/09/2024;0,0;P
16/09/2024;0,0;P
17/09/2024;2,6;P
18/09/2024;9,6;P
19/09/2024;26,8;P
20/09/2024;4,2;P
21/09/2024;0,4;P
22/09/2024;0,0;P
23/09/2024;0,0;P
24/09/2024;11,8;P
25/09/2024;0,2;P
26/09/2024;0,0;P
27/09/2024;0,0;P
28/09/2024;0,0;P
29/09/2024;1,6;P
30/09/2024;0,0;P
01/10/2024;3,4;P
02/10/2024;15,2;P
03/10/2024;14,4;P
04/10/2024;46,0;P
05/10/2024;0,2;P
06/10/2024;0,2;P
07/10/2024;0,0;P
08/10/2024;7,6;P
09/10/2024;26,8;P
10/10/2024;1,6;P
11/10/2024;7,4;P
12/10/2024;0,4;P
13/10/2024;0,0;P
14/10/2024;0,0;P
15/10/2024;0,0;P
16/10/2024;0,0;P
17/10/2024;5,4;P
18/10/2024;69,4;P
19/10/2024;2,2;P
20/10/2024;13,2;P
21/10/2024;0,0;P
22/10/2024;0,0;P
23/10/2024;1,0;P
24/10/2024;21,6;P
25/10/2024;9,8;P
26/10/2024;7,2;P
27/10/2024;0,2;P
28/10/2024;0,0;P
29/10/2024;0,2;P
30/10/2024;0,2;P
31/10/2024;0,0;P
01/11/2024;0,0;P
02/11/2024;0,0;P
03/11/2024;0,0;P
04/11/2024;0,0;P
05/11/2024;0,2;P
06/11/2024;0,2;P
07/11/2024;0,0;P
08/11/2024;0,0;P
09/11/2024;0,0;P
10/11/2024;0,0;P
11/11/2024;0,0;P
12/11/2024;0,0;P
13/11/2024;0,0;P
14/11/2024;0,2;P
15/11/2024;0,0;P
16/11/2024;0,0;P
17/11/2024;0,0;P
18/11/2024;5,6;P
19/11/2024;0,8;P
20/11/2024;6,0;P
21/11/2024;9,6;P
22/11/2024;47,0;P
23/11/2024;0,2;P
24/11/2024;0,0;P
25/11/2024;0,0;P
26/11/2024;0,0;P
27/11/2024;0,6;P
28/11/2024;3,0;P
29/11/2024;0,0;P
30/11/2024;0,0;P
01/12/2024;0,0;P
02/12/2024;0,0;P
03/12/2024;0,0;P
04/12/2024;1,6;P
05/12/2024;1,2;P
06/12/2024;0,0;P
07/12/2024;0,2;P
08/12/2024;25,8;P
09/12/2024;14,8;P
10/12/2024;2,0;P
11/12/2024;0,0;P
12/12/2024;0,0;P
13/12/2024;0,0;P
14/12/2024;10,2;P
15/12/2024;0,2;P
16/12/2024;0,0;P
17/12/2024;0,2;P
18/12/2024;0,0;P
19/12/2024;1,0;P
20/12/2024;7,4;P
21/12/2024;32,2;P
22/12/2024;0,0;P
23/12/2024;4,4;P
24/12/2024;0,0;P
25/12/2024;0,0;P
26/12/2024;0,0;P
27/12/2024;0,0;P
28/12/2024;0,0;P
29/12/2024;0,0;P
30/12/2024;0,0;P
31/12/2024;0,0;P
01/01/2025;0,0;P
02/01/2025;0,0;P
03/01/2025;14,0;P
04/01/2025;6,6;P
05/01/2025;3,2;P
06/01/2025;5,6;P
07/01/2025;0,0;P
08/01/2025;8,0;P
09/01/2025;2,2;P
10/01/2025;5,4;P
11/01/2025;0,4;P
12/01/2025;0,0;P
13/01/2025;0,0;P
14/01/2025;0,0;P
15/01/2025;0,0;P
16/01/2025;1,4;P
17/01/2025;0,0;P
18/01/2025;0,2;P
19/01/2025;0,0;P
20/01/2025;0,6;P
21/01/2025;6,4;P
22/01/2025;2,0;P
23/01/2025;17,6;P
24/01/2025;6,0;P
25/01/2025;0,2;P
26/01/2025;0,0;P
27/01/2025;6,0;P
28/01/2025;17,0;P
29/01/2025;17,0;P
30/01/2025;0,0;P
31/01/2025;0,0;P
01/02/2025;46,6;P
02/02/2025;0,0;P
03/02/2025;0,0;P
04/02/2025;0,0;P
05/02/2025;0,0;P
06/02/2025;0,0;P
07/02/2025;0,0;P
08/02/2025;0,0;P
09/02/2025;21,0;P
10/02/2025;0,6;P
11/02/2025;3,0;P
12/02/2025;8,6;P
13/02/2025;5,6;P
14/02/2025;23,0;P
15/02/2025;10,6;P
16/02/2025;0,0;P
17/02/2025;0,0;P
18/02/2025;0,0;P
19/02/2025;0,0;P
20/02/2025;0,0;P
21/02/2025;0,0;P
22/02/2025;0,6;P
23/02/2025;7,4;P
24/02/2025;19,2;P
25/02/2025;6,2;P
26/02/2025;13,8;P
27/02/2025;0,2;P
28/02/2025;0,0;P
01/03/2025;5,2;P
02/03/2025;0,0;P
03/03/2025;0,0;P
04/03/2025;0,0;P
05/03/2025;0,0;P
06/03/2025;0,0;P
07/03/2025;0,0;P
08/03/2025;0,0;P
09/03/2025;0,0;P
10/03/2025;11,0;P
11/03/2025;2,4;P
12/03/2025;20,2;P
13/03/2025;27,4;P
14/03/2025;50,8;P
15/03/2025;61,0;P
16/03/2025;11,4;P
17/03/2025;0,0;P
18/03/2025;0,0;P
19/03/2025;0,0;P
20/03/2025;0,0;P
21/03/2025;0,0;P
22/03/2025;9,8;P
23/03/2025;8,6;P
24/03/2025;0,0;P
25/03/2025;0,2;P
26/03/2025;0,0;P
27/03/2025;3,2;P
28/03/2025;13,6;P
29/03/2025;1,0;P
30/03/2025;4,2;P
31/03/2025;0,0;P
01/04/2025;0,0;P
02/04/2025;0,8;P
03/04/2025;0,0;P
04/04/2025;0,0;P
05/04/2025;0,0;P
06/04/2025;0,0;P
07/04/2025;0,0;P
08/04/2025;0,0;P
09/04/2025;0,0;P
10/04/2025;0,0;P
11/04/2025;0,0;P
12/04/2025;0,0;P
13/04/2025;1,4;P
14/04/2025;17,6;P
15/04/2025;55,8;P
16/04/2025;2,0;P
17/04/2025;10,4;P
18/04/2025;10,4;P
19/04/2025;0,2;P
20/04/2025;0,0;P
21/04/2025;0,0;P
22/04/2025;0,0;P
23/04/2025;0,0;P
24/04/2025;1,6;P
25/04/2025;0,2;P
26/04/2025;0,0;P
27/04/2025;0,0;P
28/04/2025;0,0;P
29/04/2025;0,0;P
30/04/2025;0,0;P
01/05/2025;0,0;P
02/05/2025;0,0;P
03/05/2025;0,0;P
04/05/2025;1,2;P
05/05/2025;5,2;P
06/05/2025;62,2;P
07/05/2025;0,0;P
08/05/2025;1,6;P
09/05/2025;0,0;P
10/05/2025;0,6;P
11/05/2025;6,0;P
12/05/2025;0,2;P
13/05/2025;0,4;P
14/05/2025;1,4;P
15/05/2025;0,0;P
16/05/2025;25,8;P
17/05/2025;0,0;P
18/05/2025;0,0;P
19/05/2025;0,0;P
20/05/2025;0,0;P
21/05/2025;15,0;P
22/05/2025;0,0;P
23/05/2025;3,6;P
24/05/2025;0,2;P
25/05/2025;0,0;P
26/05/2025;0,0;P
27/05/2025;0,0;P
28/05/2025;0,0;P
29/05/2025;0,0;P
30/05/2025;0,0;P
31/05/2025;0,0;P
01/06/2025;0,0;P
02/06/2025;0,0;P
03/06/2025;0,0;P
04/06/2025;0,0;P
05/06/2025;0,0;P
06/06/2025;0,0;P
07/06/2025;0,0;P
08/06/2025;0,0;P
09/06/2025;0,0;P
10/06/2025;0,0;P
11/06/2025;0,0;P
12/06/2025;0,0;P
13/06/2025;0,0;P
14/06/2025;0,0;P
15/06/2025;0,0;P
16/06/2025;0,0;P
17/06/2025;0,6;P
18/06/2025;0,8;P
19/06/2025;0,0;P
20/06/2025;0,0;P
21/06/2025;0,0;P
22/06/2025;0,0;P
23/06/2025;0,0;P
24/06/2025;0,0;P
25/06/2025;0,0;P
26/06/2025;0,0;P
27/06/2025;0,0;P
28/06/2025;0,0;P
29/06/2025;0,0;P
30/06/2025;0,0;P
01/07/2025;0,0;P
02/07/2025;0,0;P
03/07/2025;4,8;P
04/07/2025;0,0;P
05/07/2025;0,0;P
06/07/2025;0,0;P
07/07/2025;0,0;P
08/07/2025;10,4;P
09/07/2025;1,4;P
10/07/2025;0,0;P
11/07/2025;0,0;P
12/07/2025;0,0;P
13/07/2025;0,0;P
14/07/2025;2,0;P
15/07/2025;0,0;P
16/07/2025;0,2;P
17/07/2025;4,2;P
18/07/2025;0,0;P
19/07/2025;0,0;P
20/07/2025;0,0;P
21/07/2025;0,0;P
22/07/2025;0,0;P
23/07/2025;0,0;P
24/07/2025;0,0;P
25/07/2025;1,0;P
26/07/2025;13,2;P
27/07/2025;0,2;P
28/07/2025;0,4;P
29/07/2025;4,2;P
30/07/2025;0,0;P
31/07/2025;2,0;P
01/08/2025;0,0;P
02/08/2025;0,0;P
03/08/2025;0,4;P
04/08/2025;0,0;P
05/08/2025;0,0;P
06/08/2025;0,0;P
07/08/2025;0,0;P
08/08/2025;0,0;P
09/08/2025;0,0;P
10/08/2025;0,0;P
11/08/2025;0,0;P
12/08/2025;0,0;P
13/08/2025;0,0;P
14/08/2025;0,0;P
15/08/2025;0,0;P
16/08/2025;0,0;P
17/08/2025;0,0;P
18/08/2025;0,0;P
19/08/2025;0,0;P
20/08/2025;0,0;P
21/08/2025;24,6;P
22/08/2025;3,8;P
23/08/2025;9,4;P
24/08/2025;0,4;P
25/08/2025;4,2;P
26/08/2025;0,0;P
27/08/2025;0,0;P
28/08/2025;0,0;P
29/08/2025;8,4;P
30/08/2025;5,6;P
31/08/2025;8,2;P
01/09/2025;0,0;P
02/09/2025;13,2;P
03/09/2025;0,2;P
04/09/2025;0,0;P
05/09/2025;0,0;P
06/09/2025;0,0;P
07/09/2025;0,0;P
08/09/2025;0,0;P
09/09/2025;2,2;P
10/09/2025;31,4;P
11/09/2025;14,8;P
12/09/2025;0,2;P
13/09/2025;0,0;P
14/09/2025;0,6;P
15/09/2025;0,0;P
16/09/2025;0,0;P
17/09/2025;0,0;P
18/09/2025;0,0;P
19/09/2025;0,0;P
20/09/2025;0,0;P
21/09/2025;0,0;P
22/09/2025;0,0;P
23/09/2025;32,0;P
24/09/2025;2,8;P
25/09/2025;0,6;P
26/09/2025;6,2;P
27/09/2025;3,4;P
28/09/2025;0,0;P
29/09/2025;0,0;P
30/09/2025;0,0;P
01/10/2025;1,0;P
02/10/2025;0,2;P
03/10/2025;0,0;P
04/10/2025;0,0;P
05/10/2025;12,8;P
06/10/2025;0,8;P
07/10/2025;0,0;P
08/10/2025;0,0;P
09/10/2025;0,0;P
10/10/2025;0,0;P
11/10/2025;0,0;P
12/10/2025;0,0;P
13/10/2025;0,2;P
14/10/2025;0,0;P
15/10/2025;0,0;P
16/10/2025;0,0;P
17/10/2025;0,0;P
18/10/2025;0,0;P
19/10/2025;0,0;P
20/10/2025;0,0;P
21/10/2025;19,0;P
22/10/2025;24,6;P
23/10/2025;24,6;P
24/10/2025;13,2;P
25/10/2025;3,8;P
26/10/2025;7,4;P
27/10/2025;5,0;P
28/10/2025;0,0;P
29/10/2025;0,0;P
30/10/2025;2,8;P
31/10/2025;36,4;P
01/11/2025;1,4;P
02/11/2025;0,2;P
03/11/2025;14,6;P
04/11/2025;0,0;P
05/11/2025;0,0;P
06/11/2025;0,0;P
07/11/2025;0,0;P
08/11/2025;0,0;P
09/11/2025;0,0;P
10/11/2025;0,0;P
11/11/2025;0,0;P
12/11/2025;0,0;P
13/11/2025;0,0;P
14/11/2025;0,0;P
15/11/2025;0,0;P
16/11/2025;1,8;P
17/11/2025;31,6;P
18/11/2025;8,4;P
19/11/2025;0,0;P
20/11/2025;8,8;P
21/11/2025;0,2;P
22/11/2025;17,2;P
23/11/2025;2,0;P
24/11/2025;10,2;P
25/11/2025;51,2;P
26/11/2025;0,2;P
27/11/2025;7,0;P
28/11/2025;0,0;P
29/11/2025;0,0;P
30/11/2025;0,0;P
01/12/2025;0,0;P
02/12/2025;7,8;P
03/12/2025;0,0;P
04/12/2025;0,0;P
05/12/2025;0,2;P
06/12/2025;0,0;P
07/12/2025;0,0;P
08/12/2025;0,0;P
09/12/2025;0,0;P
10/12/2025;0,0;P
11/12/2025;0,0;P
12/12/2025;0,2;P
13/12/2025;0,0;P
14/12/2025;0,0;P
15/12/2025;0,2;P
16/12/2025;0,0;P
17/12/2025;14,0;P
18/12/2025;7,0;P
19/12/2025;5,6;P
20/12/2025;1,4;P
21/12/2025;0,0;P
22/12/2025;0,0;P
23/12/2025;3,8;P
24/12/2025;10,4;P
25/12/2025;10,4;P
26/12/2025;1,4;P
27/12/2025;0,0;P
28/12/2025;0,0;P
29/12/2025;0,0;P
30/12/2025;0,0;P
31/12/2025;0,0;P
01/01/2026;0,0;P
02/01/2026;5,6;P
03/01/2026;1,4;P
04/01/2026;0,2;P
05/01/2026;1,2;P
06/01/2026;0,0;P
07/01/2026;0,0;P
08/01/2026;10,0;P
09/01/2026;3,8;P
10/01/2026;10,0;P
11/01/2026;0,0;P
12/01/2026;0,0;P
13/01/2026;3,4;P
14/01/2026;6,4;P
15/01/2026;2,8;P
16/01/2026;2,6;P
17/01/2026;0,0;P
18/01/2026;0,0;P
19/01/2026;0,0;P
20/01/2026;0,0;P
21/01/2026;0,0;P
22/01/2026;0,0;P
23/01/2026;0,0;P
24/01/2026;22,4;P
25/01/2026;29,6;P
26/01/2026;10,2;P
27/01/2026;0,0;P
28/01/2026;19,4;P
29/01/2026;9,4;P
30/01/2026;1,6;P
31/01/2026;0,6;P
01/02/2026;0,0;P
02/02/2026;0,0;P
03/02/2026;16,0;P
04/02/2026;20,8;P
05/02/2026;13,4;P
06/02/2026;14,8;P
07/02/2026;1,6;P
08/02/2026;4,2;P
09/02/2026;0,8;P
10/02/2026;0,0;P
11/02/2026;16,0;P
12/02/2026;8,8;P
13/02/2026;5,0;P
14/02/2026;5,0;P
15/02/2026;6,0;P
16/02/2026;1,2;P
17/02/2026;8,2;P
18/02/2026;0,0;P
19/02/2026;3,0;P
20/02/2026;7,2;P
21/02/2026;0,0;P
22/02/2026;0,0;P
23/02/2026;0,0;P
24/02/2026;0,0;P
25/02/2026;0,2;P
26/02/2026;0,0;P
27/02/2026;0,0;P
28/02/2026;0,0;P
01/03/2026;0,0;P
02/03/2026;0,0;P
03/03/2026;0,0;P
04/03/2026;0,0;P
05/03/2026;0,0;P
06/03/2026;0,0;P
07/03/2026;0,0;P
08/03/2026;0,0;P
09/03/2026;0,2;P
10/03/2026;0,0;P
11/03/2026;1,0;P
12/03/2026;29,0;P
13/03/2026;0,4;P
14/03/2026;1,4;P
15/03/2026;0,0;P
16/03/2026;0,0;P
17/03/2026;0,0;P
18/03/2026;0,0;P
19/03/2026;3,6;P
20/03/2026;0,0;P
21/03/2026;0,0;P
22/03/2026;0,0;P
23/03/2026;0,0;P
24/03/2026;0,0;P
25/03/2026;0,0;P
26/03/2026;25,0;P
27/03/2026;30,6;P
28/03/2026;0,0;P
29/03/2026;0,0;P
30/03/2026;0,0;P
31/03/2026;4,6;P
01/04/2026;0,0;P
02/04/2026;0,0;P
03/04/2026;0,0;P
04/04/2026;0,0;P
05/04/2026;0,0;P
06/04/2026;0,0;P
07/04/2026;0,0;P
08/04/2026;0,0;P
09/04/2026;0,0;P
10/04/2026;0,0;P
11/04/2026;0,0;P
12/04/2026;0,0;P
13/04/2026;0,0;P
14/04/2026;9,8;P
15/04/2026;0,4;P
16/04/2026;0,0;P
17/04/2026;0,0;P
18/04/2026;0,0;P
19/04/2026;0,0;P
20/04/2026;0,0;P
21/04/2026;0,8;P
22/04/2026;1,4;P
23/04/2026;0,0;P
24/04/2026;0,0;P
25/04/2026;0,0;P
26/04/2026;0,0;P
27/04/2026;0,0;P
28/04/2026;0,0;P
29/04/2026;0,0;P
30/04/2026;0,6;P
01/05/2026;0,0;P
02/05/2026;0,0;P
03/05/2026;0,0;P
04/05/2026;0,0;P
05/05/2026;0,6;P
06/05/2026;43,0;P
07/05/2026;20,2;P
08/05/2026;0,0;P
09/05/2026;0,0;P
10/05/2026;0,6;P
11/05/2026;6,2;P
12/05/2026;3,8;P
13/05/2026;0,2;P
14/05/2026;2,6;P
15/05/2026;0,4;P
16/05/2026;14,0;P
17/05/2026;1,2;P
18/05/2026;0,0;P
19/05/2026;0,0;P
20/05/2026;1,8;P
