"Stazione";"Stabbia"
"Codice";"TOS10001650"
"Comune";"Cerreto Guidi"
"Provincia";"FI"
"GB [m]";"E";1647037;"N";4849947
"WGS84 [°]";"Lat";43.788;"Lon";10.827
"Quota [m]";16,00

;;;ATTENZIONE i dati sono nel fomato csv ed utilizzano
;;;come separatore di colonna il "punto e virgola" e
;;;come separatore decimale la "virgola"
;;;verificare le proprie impostazioni internazionali per una corretta visulizzazione.
;;;Il valore contrassegnato con N corrisponde al dato non validato
;;;Il valore contrassegnato con R corrisponde al dato ricostruito
;;;Il valore contrassegnato con I corrisponde al dato incerto
;;;Il valore contrassegnato con @ corrisponde al dato mancante
;;;Il valore contrassegnato con V corrisponde al dato validato
;;;Il valore contrassegnato con P corrisponde al dato prevalidato soggetto ad eventuali modifiche
;;;(consultare la sezione Criteri di validazione)

"gg/mm/aaaa";"Precipitazione [mm]";"Tipo Dato"
01/01/1926;0,0;V
02/01/1926;0,0;V
03/01/1926;19,0;V
04/01/1926;0,0;V
05/01/1926;0,0;V
06/01/1926;0,0;V
07/01/1926;0,0;V
08/01/1926;0,0;V
09/01/1926;0,0;V
10/01/1926;0,0;V
11/01/1926;0,0;V
12/01/1926;0,0;V
13/01/1926;0,0;V
14/01/1926;0,0;V
15/01/1926;19,0;S
16/01/1926;0,0;V
17/01/1926;32,2;V
18/01/1926;0,4;V
19/01/1926;0,0;V
20/01/1926;0,2;V
21/01/1926;0,0;V
22/01/1926;26,2;V
23/01/1926;0,0;V
24/01/1926;0,0;V
25/01/1926;0,0;V
26/01/1926;0,0;V
27/01/1926;0,0;V
28/01/1926;0,0;V
29/01/1926;0,0;V
30/01/1926;8,0;V
31/01/1926;18,0;V
01/02/1926;6,0;V
02/02/1926;0,0;V
03/02/1926;0,0;V
04/02/1926;20,0;V
05/02/1926;3,0;V
06/02/1926;0,0;V
07/02/1926;11,0;V
08/02/1926;0,0;V
09/02/1926;7,2;V
10/02/1926;10,2;V
11/02/1926;25,2;V
12/02/1926;5,2;V
13/02/1926;2,2;V
14/02/1926;0,0;V
15/02/1926;0,0;V
16/02/1926;0,0;V
17/02/1926;0,0;V
18/02/1926;0,0;V
19/02/1926;1,0;V
20/02/1926;0,0;V
21/02/1926;0,0;V
22/02/1926;0,0;V
23/02/1926;0,0;V
24/02/1926;0,0;V
25/02/1926;0,0;V
26/02/1926;0,0;V
27/02/1926;0,0;V
28/02/1926;0,0;V
01/03/1926;0,0;V
02/03/1926;0,0;V
03/03/1926;0,0;V
04/03/1926;0,0;V
05/03/1926;0,0;V
06/03/1926;6,0;V
07/03/1926;0,0;V
08/03/1926;0,0;V
09/03/1926;0,0;V
10/03/1926;0,0;V
11/03/1926;0,0;V
12/03/1926;0,0;V
13/03/1926;0,0;V
14/03/1926;0,0;V
15/03/1926;0,0;V
16/03/1926;0,0;V
17/03/1926;0,0;V
18/03/1926;0,0;V
19/03/1926;0,0;V
20/03/1926;0,0;V
21/03/1926;0,0;V
22/03/1926;6,0;V
23/03/1926;5,0;V
24/03/1926;0,0;V
25/03/1926;10,0;V
26/03/1926;0,0;V
27/03/1926;7,2;V
28/03/1926;6,0;V
29/03/1926;0,0;V
30/03/1926;0,0;V
31/03/1926;0,0;V
01/04/1926;0,0;V
02/04/1926;3,0;V
03/04/1926;0,0;V
04/04/1926;0,0;V
05/04/1926;0,0;V
06/04/1926;0,0;V
07/04/1926;0,0;V
08/04/1926;0,0;V
09/04/1926;4,2;V
10/04/1926;0,0;V
11/04/1926;0,0;V
12/04/1926;0,0;V
13/04/1926;0,4;V
14/04/1926;0,0;V
15/04/1926;0,0;V
16/04/1926;0,0;V
17/04/1926;0,0;V
18/04/1926;0,0;V
19/04/1926;5,0;V
20/04/1926;4,0;V
21/04/1926;3,4;V
22/04/1926;16,0;V
23/04/1926;28,0;V
24/04/1926;4,2;V
25/04/1926;2,0;V
26/04/1926;6,2;V
27/04/1926;10,2;V
28/04/1926;3,4;V
29/04/1926;0,0;V
30/04/1926;0,0;V
01/05/1926;0,0;V
02/05/1926;10,4;V
03/05/1926;22,0;V
04/05/1926;0,0;V
05/05/1926;7,0;V
06/05/1926;9,0;V
07/05/1926;0,0;V
08/05/1926;0,0;V
09/05/1926;0,0;V
10/05/1926;0,0;V
11/05/1926;0,0;V
12/05/1926;0,0;V
13/05/1926;0,0;V
14/05/1926;0,0;V
15/05/1926;10,2;V
16/05/1926;6,0;V
17/05/1926;4,0;V
18/05/1926;0,0;V
19/05/1926;6,2;V
20/05/1926;0,0;V
21/05/1926;0,0;V
22/05/1926;0,0;V
23/05/1926;0,0;V
24/05/1926;0,0;V
25/05/1926;0,0;V
26/05/1926;0,0;V
27/05/1926;0,0;V
28/05/1926;0,0;V
29/05/1926;0,0;V
30/05/1926;0,0;V
31/05/1926;0,0;V
01/06/1926;0,0;V
02/06/1926;8,4;V
03/06/1926;14,4;V
04/06/1926;6,0;V
05/06/1926;0,0;V
06/06/1926;0,0;V
07/06/1926;0,0;V
08/06/1926;0,0;V
09/06/1926;0,0;V
10/06/1926;0,0;V
11/06/1926;0,0;V
12/06/1926;0,0;V
13/06/1926;0,0;V
14/06/1926;12,2;V
15/06/1926;0,0;V
16/06/1926;0,0;V
17/06/1926;0,0;V
18/06/1926;0,0;V
19/06/1926;0,0;V
20/06/1926;6,4;V
21/06/1926;0,0;V
22/06/1926;0,0;V
23/06/1926;0,0;V
24/06/1926;0,0;V
25/06/1926;0,0;V
26/06/1926;0,0;V
27/06/1926;0,0;V
28/06/1926;0,0;V
29/06/1926;0,0;V
30/06/1926;0,0;V
01/07/1926;0,0;V
02/07/1926;0,0;V
03/07/1926;0,0;V
04/07/1926;0,0;V
05/07/1926;0,0;V
06/07/1926;0,0;V
07/07/1926;0,0;V
08/07/1926;9,0;V
09/07/1926;0,0;V
10/07/1926;8,2;V
11/07/1926;0,0;V
12/07/1926;0,0;V
13/07/1926;0,2;V
14/07/1926;0,0;V
15/07/1926;0,2;V
16/07/1926;0,0;V
17/07/1926;0,0;V
18/07/1926;0,0;V
19/07/1926;0,0;V
20/07/1926;0,0;V
21/07/1926;0,0;V
22/07/1926;0,0;V
23/07/1926;0,0;V
24/07/1926;0,0;V
25/07/1926;0,0;V
26/07/1926;0,0;V
27/07/1926;0,0;V
28/07/1926;0,0;V
29/07/1926;0,0;V
30/07/1926;0,0;V
31/07/1926;0,0;V
01/08/1926;0,0;V
02/08/1926;0,0;V
03/08/1926;0,0;V
04/08/1926;0,0;V
05/08/1926;18,2;V
06/08/1926;0,0;V
07/08/1926;0,0;V
08/08/1926;16,4;V
09/08/1926;12,0;V
10/08/1926;0,0;V
11/08/1926;0,0;V
12/08/1926;0,0;V
13/08/1926;0,0;V
14/08/1926;0,0;V
15/08/1926;0,0;V
16/08/1926;0,0;V
17/08/1926;0,0;V
18/08/1926;0,0;V
19/08/1926;0,0;V
20/08/1926;0,0;V
21/08/1926;0,0;V
22/08/1926;0,0;V
23/08/1926;0,0;V
24/08/1926;0,0;V
25/08/1926;0,0;V
26/08/1926;0,0;V
27/08/1926;0,0;V
28/08/1926;0,0;V
29/08/1926;0,0;V
30/08/1926;0,0;V
31/08/1926;0,0;V
01/09/1926;0,0;V
02/09/1926;0,0;V
03/09/1926;8,0;V
04/09/1926;0,0;V
05/09/1926;5,0;V
06/09/1926;15,0;V
07/09/1926;0,0;V
08/09/1926;0,0;V
09/09/1926;0,0;V
10/09/1926;0,0;V
11/09/1926;0,0;V
12/09/1926;0,0;V
13/09/1926;0,0;V
14/09/1926;5,0;V
15/09/1926;0,0;V
16/09/1926;0,0;V
17/09/1926;0,0;V
18/09/1926;0,0;V
19/09/1926;0,0;V
20/09/1926;0,0;V
21/09/1926;0,0;V
22/09/1926;0,0;V
23/09/1926;0,0;V
24/09/1926;0,0;V
25/09/1926;0,0;V
26/09/1926;0,0;V
27/09/1926;0,0;V
28/09/1926;0,0;V
29/09/1926;0,0;V
30/09/1926;0,0;V
01/10/1926;0,0;V
02/10/1926;0,0;V
03/10/1926;7,0;V
04/10/1926;0,0;V
05/10/1926;0,0;V
06/10/1926;0,0;V
07/10/1926;0,0;V
08/10/1926;0,0;V
09/10/1926;0,0;V
10/10/1926;0,0;V
11/10/1926;0,0;V
12/10/1926;0,0;V
13/10/1926;0,0;V
14/10/1926;0,0;V
15/10/1926;0,0;V
16/10/1926;4,0;V
17/10/1926;0,0;V
18/10/1926;0,0;V
19/10/1926;0,0;V
20/10/1926;0,0;V
21/10/1926;0,0;V
22/10/1926;60,0;V
23/10/1926;51,0;V
24/10/1926;30,0;V
25/10/1926;0,0;V
26/10/1926;17,0;V
27/10/1926;0,0;V
28/10/1926;0,0;V
29/10/1926;0,0;V
30/10/1926;0,0;V
31/10/1926;0,0;V
01/11/1926;26,0;V
02/11/1926;25,0;V
03/11/1926;33,0;V
04/11/1926;0,0;V
05/11/1926;0,0;V
06/11/1926;0,0;V
07/11/1926;0,0;V
08/11/1926;0,4;V
09/11/1926;8,0;V
10/11/1926;2,4;V
11/11/1926;11,2;V
12/11/1926;0,0;V
13/11/1926;1,0;V
14/11/1926;0,0;V
15/11/1926;0,0;V
16/11/1926;0,0;V
17/11/1926;0,0;V
18/11/1926;0,0;V
19/11/1926;18,0;V
20/11/1926;18,0;V
21/11/1926;4,0;V
22/11/1926;113,0;V
23/11/1926;15,0;V
24/11/1926;8,0;V
25/11/1926;0,0;V
26/11/1926;0,0;V
27/11/1926;0,0;V
28/11/1926;0,0;V
29/11/1926;1,4;V
30/11/1926;0,0;V
01/12/1926;27,0;V
02/12/1926;6,4;V
03/12/1926;1,0;V
04/12/1926;0,4;V
05/12/1926;0,0;V
06/12/1926;0,0;V
07/12/1926;0,0;V
08/12/1926;0,0;V
09/12/1926;0,0;V
10/12/1926;0,0;V
11/12/1926;0,0;V
12/12/1926;0,0;V
13/12/1926;0,0;V
14/12/1926;0,0;V
15/12/1926;7,0;V
16/12/1926;5,0;V
17/12/1926;0,0;V
18/12/1926;0,0;V
19/12/1926;0,0;V
20/12/1926;0,0;V
21/12/1926;0,0;V
22/12/1926;0,0;V
23/12/1926;0,0;V
24/12/1926;0,0;V
25/12/1926;0,0;V
26/12/1926;0,0;V
27/12/1926;23,0;V
28/12/1926;0,0;V
29/12/1926;0,0;V
30/12/1926;0,0;V
31/12/1926;0,0;V
01/01/1927;0,0;V
02/01/1927;0,0;V
03/01/1927;0,0;V
04/01/1927;20,0;V
05/01/1927;7,0;V
06/01/1927;0,0;V
07/01/1927;0,0;V
08/01/1927;25,1;V
09/01/1927;0,2;V
10/01/1927;0,0;V
11/01/1927;0,0;V
12/01/1927;0,0;V
13/01/1927;0,0;V
14/01/1927;30,0;V
15/01/1927;0,0;V
16/01/1927;16,3;V
17/01/1927;6,0;V
18/01/1927;11,2;V
19/01/1927;0,0;V
20/01/1927;0,0;V
21/01/1927;0,0;V
22/01/1927;0,2;V
23/01/1927;0,0;V
24/01/1927;0,0;V
25/01/1927;0,0;V
26/01/1927;0,0;V
27/01/1927;0,0;V
28/01/1927;0,0;V
29/01/1927;0,0;V
30/01/1927;0,0;V
31/01/1927;15,0;V
01/02/1927;0,0;V
02/02/1927;0,0;V
03/02/1927;0,0;V
04/02/1927;0,0;V
05/02/1927;0,0;V
06/02/1927;0,0;V
07/02/1927;0,0;V
08/02/1927;0,0;V
09/02/1927;0,0;V
10/02/1927;0,0;V
11/02/1927;0,0;V
12/02/1927;0,0;V
13/02/1927;0,0;V
14/02/1927;0,0;V
15/02/1927;0,0;V
16/02/1927;0,0;V
17/02/1927;0,0;V
18/02/1927;0,0;V
19/02/1927;12,0;V
20/02/1927;0,0;V
21/02/1927;0,0;V
22/02/1927;0,0;V
23/02/1927;0,0;V
24/02/1927;17,0;V
25/02/1927;0,0;V
26/02/1927;8,0;V
27/02/1927;8,4;V
28/02/1927;0,0;V
01/03/1927;0,0;V
02/03/1927;0,0;V
03/03/1927;0,0;V
04/03/1927;0,0;V
05/03/1927;0,0;V
06/03/1927;33,0;V
07/03/1927;8,0;V
08/03/1927;21,0;V
09/03/1927;1,3;V
10/03/1927;17,0;V
11/03/1927;0,0;V
12/03/1927;15,0;V
13/03/1927;8,0;V
14/03/1927;8,1;V
15/03/1927;0,0;V
16/03/1927;0,0;V
17/03/1927;0,0;V
18/03/1927;0,0;V
19/03/1927;0,0;V
20/03/1927;0,0;V
21/03/1927;0,0;V
22/03/1927;0,0;V
23/03/1927;0,0;V
24/03/1927;9,0;V
25/03/1927;2,2;V
26/03/1927;0,0;V
27/03/1927;0,0;V
28/03/1927;0,0;V
29/03/1927;2,1;V
30/03/1927;0,0;V
31/03/1927;13,2;V
01/04/1927;2,0;V
02/04/1927;11,0;V
03/04/1927;0,0;V
04/04/1927;0,0;V
05/04/1927;0,0;V
06/04/1927;0,0;V
07/04/1927;0,0;V
08/04/1927;0,0;V
09/04/1927;0,0;V
10/04/1927;4,0;V
11/04/1927;1,3;V
12/04/1927;0,0;V
13/04/1927;0,0;V
14/04/1927;0,0;V
15/04/1927;0,0;V
16/04/1927;5,4;V
17/04/1927;0,0;V
18/04/1927;0,0;V
19/04/1927;0,0;V
20/04/1927;0,0;V
21/04/1927;0,0;V
22/04/1927;0,0;V
23/04/1927;0,0;V
24/04/1927;0,0;V
25/04/1927;0,0;V
26/04/1927;0,0;V
27/04/1927;0,0;V
28/04/1927;0,0;V
29/04/1927;0,0;V
30/04/1927;0,0;V
01/05/1927;0,0;V
02/05/1927;0,0;V
03/05/1927;0,0;V
04/05/1927;0,0;V
05/05/1927;13,1;V
06/05/1927;0,0;V
07/05/1927;0,0;V
08/05/1927;8,0;V
09/05/1927;5,3;V
10/05/1927;7,1;V
11/05/1927;0,0;V
12/05/1927;15,0;V
13/05/1927;0,0;V
14/05/1927;0,0;V
15/05/1927;0,0;V
16/05/1927;0,0;V
17/05/1927;0,0;V
18/05/1927;0,0;V
19/05/1927;0,0;V
20/05/1927;0,0;V
21/05/1927;0,0;V
22/05/1927;0,0;V
23/05/1927;0,0;V
24/05/1927;13,0;V
25/05/1927;0,0;V
26/05/1927;0,0;V
27/05/1927;0,0;V
28/05/1927;6,3;V
29/05/1927;0,0;V
30/05/1927;0,0;V
31/05/1927;0,0;V
01/06/1927;0,0;V
02/06/1927;0,0;V
03/06/1927;0,0;V
04/06/1927;0,0;V
05/06/1927;0,0;V
06/06/1927;0,2;V
07/06/1927;0,0;V
08/06/1927;0,0;V
09/06/1927;0,0;V
10/06/1927;0,0;V
11/06/1927;0,0;V
12/06/1927;0,0;V
13/06/1927;0,0;V
14/06/1927;19,3;V
15/06/1927;0,0;V
16/06/1927;0,0;V
17/06/1927;0,0;V
18/06/1927;0,0;V
19/06/1927;2,1;V
20/06/1927;0,0;V
21/06/1927;0,0;V
22/06/1927;0,0;V
23/06/1927;0,0;V
24/06/1927;0,0;V
25/06/1927;0,0;V
26/06/1927;0,0;V
27/06/1927;0,0;V
28/06/1927;4,2;V
29/06/1927;0,0;V
30/06/1927;0,0;V
01/07/1927;0,0;V
02/07/1927;0,0;V
03/07/1927;0,0;V
04/07/1927;0,0;V
05/07/1927;0,0;V
06/07/1927;0,0;V
07/07/1927;0,0;V
08/07/1927;0,0;V
09/07/1927;0,0;V
10/07/1927;0,0;V
11/07/1927;0,0;V
12/07/1927;0,0;V
13/07/1927;0,0;V
14/07/1927;0,0;V
15/07/1927;0,0;V
16/07/1927;0,0;V
17/07/1927;0,0;V
18/07/1927;0,0;V
19/07/1927;0,0;V
20/07/1927;0,0;V
21/07/1927;0,0;V
22/07/1927;0,0;V
23/07/1927;0,0;V
24/07/1927;0,0;V
25/07/1927;0,0;V
26/07/1927;0,0;V
27/07/1927;0,0;V
28/07/1927;0,0;V
29/07/1927;0,0;V
30/07/1927;0,0;V
31/07/1927;0,0;V
01/08/1927;0,0;V
02/08/1927;0,0;V
03/08/1927;0,0;V
04/08/1927;0,0;V
05/08/1927;0,0;V
06/08/1927;0,0;V
07/08/1927;0,0;V
08/08/1927;4,4;V
09/08/1927;0,0;V
10/08/1927;0,0;V
11/08/1927;0,0;V
12/08/1927;0,0;V
13/08/1927;0,0;V
14/08/1927;0,0;V
15/08/1927;0,0;V
16/08/1927;0,0;V
17/08/1927;0,0;V
18/08/1927;0,0;V
19/08/1927;0,0;V
20/08/1927;0,0;V
21/08/1927;0,0;V
22/08/1927;0,0;V
23/08/1927;0,0;V
24/08/1927;0,0;V
25/08/1927;0,0;V
26/08/1927;0,0;V
27/08/1927;7,0;V
28/08/1927;0,0;V
29/08/1927;0,0;V
30/08/1927;0,0;V
31/08/1927;0,0;V
01/09/1927;0,0;V
02/09/1927;0,0;V
03/09/1927;0,0;V
04/09/1927;0,0;V
05/09/1927;1,0;V
06/09/1927;4,0;V
07/09/1927;0,0;V
08/09/1927;2,0;V
09/09/1927;0,0;V
10/09/1927;4,3;V
11/09/1927;0,0;V
12/09/1927;25,2;V
13/09/1927;0,0;V
14/09/1927;0,0;V
15/09/1927;0,0;V
16/09/1927;7,3;V
17/09/1927;0,0;V
18/09/1927;0,0;V
19/09/1927;0,0;V
20/09/1927;0,0;V
21/09/1927;0,0;V
22/09/1927;0,0;V
23/09/1927;0,0;V
24/09/1927;0,0;V
25/09/1927;0,0;V
26/09/1927;0,0;V
27/09/1927;16,0;V
28/09/1927;0,0;V
29/09/1927;0,0;V
30/09/1927;0,0;V
01/10/1927;0,0;V
02/10/1927;0,0;V
03/10/1927;0,0;V
04/10/1927;0,0;V
05/10/1927;0,0;V
06/10/1927;0,0;V
07/10/1927;0,0;V
08/10/1927;0,0;V
09/10/1927;0,0;V
10/10/1927;0,0;V
11/10/1927;0,0;V
12/10/1927;0,0;V
13/10/1927;0,0;V
14/10/1927;0,0;V
15/10/1927;0,0;V
16/10/1927;0,0;V
17/10/1927;0,0;V
18/10/1927;13,0;V
19/10/1927;11,0;V
20/10/1927;0,0;V
21/10/1927;0,0;V
22/10/1927;0,0;V
23/10/1927;9,4;V
24/10/1927;0,0;V
25/10/1927;0,0;V
26/10/1927;0,0;V
27/10/1927;0,0;V
28/10/1927;0,0;V
29/10/1927;0,0;V
30/10/1927;0,0;V
31/10/1927;0,0;V
01/11/1927;0,0;V
02/11/1927;0,0;V
03/11/1927;0,0;V
04/11/1927;0,0;V
05/11/1927;0,0;V
06/11/1927;0,0;V
07/11/1927;3,3;V
08/11/1927;0,0;V
09/11/1927;11,4;V
10/11/1927;3,2;V
11/11/1927;0,0;V
12/11/1927;0,0;V
13/11/1927;0,0;V
14/11/1927;11,1;V
15/11/1927;0,0;V
16/11/1927;0,0;V
17/11/1927;0,0;V
18/11/1927;0,2;V
19/11/1927;8,2;V
20/11/1927;0,0;V
21/11/1927;14,1;V
22/11/1927;34,1;V
23/11/1927;3,4;V
24/11/1927;2,2;V
25/11/1927;0,3;V
26/11/1927;0,0;V
27/11/1927;0,0;V
28/11/1927;0,0;V
29/11/1927;0,0;V
30/11/1927;0,0;V
01/12/1927;0,0;V
02/12/1927;0,0;V
03/12/1927;0,0;V
04/12/1927;7,4;V
05/12/1927;1,0;V
06/12/1927;0,0;V
07/12/1927;0,0;V
08/12/1927;0,0;V
09/12/1927;0,0;V
10/12/1927;0,0;V
11/12/1927;0,0;V
12/12/1927;4,2;V
13/12/1927;6,1;V
14/12/1927;7,1;V
15/12/1927;0,0;V
16/12/1927;6,4;V
17/12/1927;0,0;V
18/12/1927;0,0;V
19/12/1927;0,0;V
20/12/1927;0,0;V
21/12/1927;0,0;V
22/12/1927;0,0;V
23/12/1927;29,1;V
24/12/1927;18,4;V
25/12/1927;0,0;V
26/12/1927;0,0;V
27/12/1927;24,1;V
28/12/1927;24,3;V
29/12/1927;15,0;V
30/12/1927;0,0;V
31/12/1927;0,0;V
01/01/1928;0,0;V
02/01/1928;0,0;V
03/01/1928;0,0;V
04/01/1928;4,1;V
05/01/1928;5,4;V
06/01/1928;0,0;V
07/01/1928;0,0;V
08/01/1928;0,0;V
09/01/1928;0,0;V
10/01/1928;0,0;V
11/01/1928;0,0;V
12/01/1928;0,0;V
13/01/1928;0,0;V
14/01/1928;0,0;V
15/01/1928;0,0;V
16/01/1928;0,0;V
17/01/1928;10,0;V
18/01/1928;0,0;V
19/01/1928;0,0;V
20/01/1928;0,0;V
21/01/1928;0,0;V
22/01/1928;0,0;V
23/01/1928;0,0;V
24/01/1928;0,0;V
25/01/1928;0,0;V
26/01/1928;12,4;V
27/01/1928;3,3;V
28/01/1928;3,1;V
29/01/1928;1,1;V
30/01/1928;0,0;V
31/01/1928;0,0;V
01/02/1928;0,0;V
02/02/1928;0,0;V
03/02/1928;0,0;V
04/02/1928;0,0;V
05/02/1928;0,0;V
06/02/1928;0,0;V
07/02/1928;0,0;V
08/02/1928;0,0;V
09/02/1928;0,0;V
10/02/1928;0,0;V
11/02/1928;12,1;V
12/02/1928;25,0;V
13/02/1928;0,0;V
14/02/1928;0,0;V
15/02/1928;0,0;V
16/02/1928;0,0;V
17/02/1928;0,0;V
18/02/1928;0,0;V
19/02/1928;0,0;V
20/02/1928;0,0;V
21/02/1928;0,0;V
22/02/1928;0,0;V
23/02/1928;0,0;V
24/02/1928;0,0;V
25/02/1928;0,0;V
26/02/1928;0,0;V
27/02/1928;0,0;V
28/02/1928;0,0;V
29/02/1928;0,0;V
01/03/1928;0,0;V
02/03/1928;0,0;V
03/03/1928;0,0;V
04/03/1928;0,0;V
05/03/1928;27,3;V
06/03/1928;1,3;V
07/03/1928;0,0;V
08/03/1928;0,0;V
09/03/1928;4,0;V
10/03/1928;4,0;V
11/03/1928;17,3;V
12/03/1928;2,2;V
13/03/1928;0,0;V
14/03/1928;20,1;V
15/03/1928;0,0;V
16/03/1928;3,2;V
17/03/1928;0,0;V
18/03/1928;0,0;V
19/03/1928;0,0;V
20/03/1928;0,0;V
21/03/1928;0,0;V
22/03/1928;47,2;V
23/03/1928;0,0;V
24/03/1928;6,3;V
25/03/1928;0,0;V
26/03/1928;18,3;V
27/03/1928;10,0;V
28/03/1928;0,0;V
29/03/1928;14,4;V
30/03/1928;0,0;V
31/03/1928;0,0;V
01/04/1928;1,3;V
02/04/1928;37,2;V
03/04/1928;10,0;V
04/04/1928;0,0;V
05/04/1928;0,0;V
06/04/1928;0,0;V
07/04/1928;0,0;V
08/04/1928;0,0;V
09/04/1928;11,3;V
10/04/1928;0,0;V
11/04/1928;0,0;V
12/04/1928;21,1;V
13/04/1928;2,1;V
14/04/1928;0,0;V
15/04/1928;0,0;V
16/04/1928;9,0;V
17/04/1928;0,0;V
18/04/1928;0,0;V
19/04/1928;0,0;V
20/04/1928;0,0;V
21/04/1928;0,0;V
22/04/1928;0,0;V
23/04/1928;0,0;V
24/04/1928;0,0;V
25/04/1928;0,0;V
26/04/1928;0,0;V
27/04/1928;0,0;V
28/04/1928;0,0;V
29/04/1928;0,0;V
30/04/1928;0,0;V
01/05/1928;0,0;V
02/05/1928;0,0;V
03/05/1928;0,0;V
04/05/1928;0,0;V
05/05/1928;5,0;V
06/05/1928;0,0;V
07/05/1928;0,0;V
08/05/1928;0,0;V
09/05/1928;30,0;V
10/05/1928;0,0;V
11/05/1928;0,0;V
12/05/1928;5,4;V
13/05/1928;0,0;V
14/05/1928;0,0;V
15/05/1928;0,0;V
16/05/1928;1,0;V
17/05/1928;1,0;V
18/05/1928;6,2;V
19/05/1928;0,0;V
20/05/1928;0,0;V
21/05/1928;42,3;V
22/05/1928;0,0;V
23/05/1928;7,0;V
24/05/1928;21,0;V
25/05/1928;2,2;V
26/05/1928;16,2;V
27/05/1928;0,0;V
28/05/1928;0,0;V
29/05/1928;0,0;V
30/05/1928;0,0;V
31/05/1928;0,0;V
01/06/1928;0,0;V
02/06/1928;0,0;V
03/06/1928;16,4;V
04/06/1928;0,0;V
05/06/1928;0,0;V
06/06/1928;0,0;V
07/06/1928;5,3;V
08/06/1928;8,1;V
09/06/1928;0,0;V
10/06/1928;0,0;V
11/06/1928;0,0;V
12/06/1928;0,0;V
13/06/1928;0,0;V
14/06/1928;0,0;V
15/06/1928;0,0;V
16/06/1928;0,0;V
17/06/1928;0,0;V
18/06/1928;0,0;V
19/06/1928;0,0;V
20/06/1928;3,1;V
21/06/1928;0,0;V
22/06/1928;0,0;V
23/06/1928;0,0;V
24/06/1928;0,0;V
25/06/1928;0,0;V
26/06/1928;0,0;V
27/06/1928;0,0;V
28/06/1928;0,0;V
29/06/1928;0,0;V
30/06/1928;0,0;V
01/07/1928;0,0;V
02/07/1928;0,0;V
03/07/1928;0,0;V
04/07/1928;0,0;V
05/07/1928;0,0;V
06/07/1928;0,0;V
07/07/1928;0,0;V
08/07/1928;0,0;V
09/07/1928;0,0;V
10/07/1928;0,0;V
11/07/1928;0,0;V
12/07/1928;0,0;V
13/07/1928;0,0;V
14/07/1928;0,0;V
15/07/1928;0,0;V
16/07/1928;0,0;V
17/07/1928;0,0;V
18/07/1928;0,0;V
19/07/1928;0,0;V
20/07/1928;0,0;V
21/07/1928;0,0;V
22/07/1928;0,0;V
23/07/1928;0,0;V
24/07/1928;0,0;V
25/07/1928;0,0;V
26/07/1928;0,0;V
27/07/1928;0,0;V
28/07/1928;0,0;V
29/07/1928;0,0;V
30/07/1928;0,4;V
31/07/1928;0,0;V
01/08/1928;0,0;V
02/08/1928;0,0;V
03/08/1928;0,0;V
04/08/1928;0,0;V
05/08/1928;0,0;V
06/08/1928;0,0;V
07/08/1928;0,0;V
08/08/1928;0,0;V
09/08/1928;0,0;V
10/08/1928;0,0;V
11/08/1928;0,0;V
12/08/1928;0,0;V
13/08/1928;0,0;V
14/08/1928;0,0;V
15/08/1928;0,0;V
16/08/1928;0,0;V
17/08/1928;0,0;V
18/08/1928;0,0;V
19/08/1928;0,0;V
20/08/1928;0,0;V
21/08/1928;0,0;V
22/08/1928;0,0;V
23/08/1928;0,0;V
24/08/1928;0,0;V
25/08/1928;0,0;V
26/08/1928;0,0;V
27/08/1928;0,0;V
28/08/1928;0,0;V
29/08/1928;0,0;V
30/08/1928;10,0;V
31/08/1928;0,0;V
01/09/1928;0,0;V
02/09/1928;0,0;V
03/09/1928;1,1;V
04/09/1928;8,0;V
05/09/1928;0,0;V
06/09/1928;0,0;V
07/09/1928;0,0;V
08/09/1928;0,0;V
09/09/1928;0,0;V
10/09/1928;0,0;V
11/09/1928;0,0;V
12/09/1928;0,0;V
13/09/1928;17,0;V
14/09/1928;4,4;V
15/09/1928;16,0;V
16/09/1928;1,1;V
17/09/1928;7,3;V
18/09/1928;14,0;V
19/09/1928;5,0;V
20/09/1928;0,0;V
21/09/1928;0,0;V
22/09/1928;0,0;V
23/09/1928;7,3;V
24/09/1928;6,2;V
25/09/1928;0,0;V
26/09/1928;0,0;V
27/09/1928;4,0;V
28/09/1928;0,0;V
29/09/1928;0,0;V
30/09/1928;0,0;V
01/10/1928;5,0;V
02/10/1928;0,0;V
03/10/1928;0,0;V
04/10/1928;0,0;V
05/10/1928;26,0;V
06/10/1928;0,0;V
07/10/1928;0,0;V
08/10/1928;0,0;V
09/10/1928;0,0;V
10/10/1928;38,2;V
11/10/1928;1,1;V
12/10/1928;0,0;V
13/10/1928;0,0;V
14/10/1928;8,1;V
15/10/1928;0,0;V
16/10/1928;0,0;V
17/10/1928;0,0;V
18/10/1928;0,0;V
19/10/1928;0,0;V
20/10/1928;0,0;V
21/10/1928;0,0;V
22/10/1928;0,0;V
23/10/1928;17,3;V
24/10/1928;0,0;V
25/10/1928;0,0;V
26/10/1928;0,0;V
27/10/1928;0,0;V
28/10/1928;18,3;V
29/10/1928;10,0;V
30/10/1928;0,0;V
31/10/1928;10,3;V
01/11/1928;20,2;V
02/11/1928;19,1;V
03/11/1928;23,0;V
04/11/1928;23,4;V
05/11/1928;10,4;V
06/11/1928;2,3;V
07/11/1928;26,0;V
08/11/1928;12,2;V
09/11/1928;30,2;V
10/11/1928;1,3;V
11/11/1928;0,0;V
12/11/1928;0,0;V
13/11/1928;0,0;V
14/11/1928;0,0;V
15/11/1928;0,0;V
16/11/1928;0,0;V
17/11/1928;1,4;V
18/11/1928;5,1;V
19/11/1928;0,0;V
20/11/1928;0,0;V
21/11/1928;7,0;V
22/11/1928;0,0;V
23/11/1928;0,0;V
24/11/1928;11,0;V
25/11/1928;2,4;V
26/11/1928;20,4;V
27/11/1928;15,3;V
28/11/1928;24,0;V
29/11/1928;0,0;V
30/11/1928;0,0;V
01/12/1928;0,0;V
02/12/1928;0,0;V
03/12/1928;0,0;V
04/12/1928;0,0;V
05/12/1928;0,0;V
06/12/1928;0,0;V
07/12/1928;0,0;V
08/12/1928;4,0;V
09/12/1928;0,0;V
10/12/1928;0,0;V
11/12/1928;9,2;V
12/12/1928;31,2;V
13/12/1928;14,0;V
14/12/1928;7,0;V
15/12/1928;0,0;V
16/12/1928;0,0;V
17/12/1928;0,0;V
18/12/1928;0,0;V
19/12/1928;0,0;V
20/12/1928;0,0;V
21/12/1928;0,0;V
22/12/1928;0,0;V
23/12/1928;0,0;V
24/12/1928;12,3;V
25/12/1928;0,0;V
26/12/1928;0,0;V
27/12/1928;0,0;V
28/12/1928;0,0;V
29/12/1928;10,4;V
30/12/1928;20,3;V
31/12/1928;39,0;V
01/01/1929;15,2;V
02/01/1929;25,2;V
03/01/1929;4,0;V
04/01/1929;8,0;V
05/01/1929;0,0;V
06/01/1929;0,0;V
07/01/1929;0,0;V
08/01/1929;0,0;V
09/01/1929;0,0;V
10/01/1929;0,0;V
11/01/1929;0,0;V
12/01/1929;0,0;V
13/01/1929;0,0;V
14/01/1929;10,2;V
15/01/1929;15,0;V
16/01/1929;20,0;S
17/01/1929;0,0;V
18/01/1929;0,0;V
19/01/1929;0,0;V
20/01/1929;0,0;V
21/01/1929;10,2;S
22/01/1929;0,0;V
23/01/1929;12,3;V
24/01/1929;0,0;V
25/01/1929;13,0;V
26/01/1929;0,0;V
27/01/1929;0,0;V
28/01/1929;0,0;V
29/01/1929;0,0;V
30/01/1929;0,0;V
31/01/1929;0,0;V
01/02/1929;0,0;V
02/02/1929;0,0;V
03/02/1929;0,0;V
04/02/1929;0,0;V
05/02/1929;0,0;V
06/02/1929;0,0;V
07/02/1929;0,0;V
08/02/1929;0,0;V
09/02/1929;0,0;V
10/02/1929;0,0;V
11/02/1929;0,0;V
12/02/1929;0,0;V
13/02/1929;0,0;V
14/02/1929;0,0;V
15/02/1929;0,0;V
16/02/1929;0,0;V
17/02/1929;0,0;V
18/02/1929;0,0;V
19/02/1929;0,0;V
20/02/1929;0,0;V
21/02/1929;0,0;V
22/02/1929;0,0;V
23/02/1929;0,0;V
24/02/1929;0,0;V
25/02/1929;0,0;V
26/02/1929;0,0;V
27/02/1929;0,0;V
28/02/1929;0,0;V
01/03/1929;0,0;V
02/03/1929;0,0;V
03/03/1929;0,0;V
04/03/1929;0,0;V
05/03/1929;8,0;V
06/03/1929;0,0;V
07/03/1929;0,0;V
08/03/1929;0,0;V
09/03/1929;0,0;V
10/03/1929;0,0;V
11/03/1929;0,0;V
12/03/1929;0,0;V
13/03/1929;0,0;V
14/03/1929;0,0;V
15/03/1929;0,0;V
16/03/1929;0,0;V
17/03/1929;0,0;V
18/03/1929;0,0;V
19/03/1929;0,0;V
20/03/1929;0,0;V
21/03/1929;0,0;V
22/03/1929;0,0;V
23/03/1929;0,0;V
24/03/1929;0,0;V
25/03/1929;0,0;V
26/03/1929;0,0;V
27/03/1929;0,0;V
28/03/1929;0,0;V
29/03/1929;0,0;V
30/03/1929;0,0;V
31/03/1929;0,0;V
01/04/1929;0,0;V
02/04/1929;0,0;V
03/04/1929;0,0;V
04/04/1929;0,0;V
05/04/1929;0,0;V
06/04/1929;10,2;V
07/04/1929;1,2;V
08/04/1929;0,0;V
09/04/1929;0,0;V
10/04/1929;0,0;V
11/04/1929;0,0;V
12/04/1929;0,0;V
13/04/1929;2,4;V
14/04/1929;0,0;V
15/04/1929;0,0;V
16/04/1929;1,2;V
17/04/1929;0,0;V
18/04/1929;0,0;V
19/04/1929;0,0;V
20/04/1929;0,0;V
21/04/1929;0,0;V
22/04/1929;0,0;V
23/04/1929;0,0;V
24/04/1929;0,0;V
25/04/1929;8,0;V
26/04/1929;0,0;V
27/04/1929;0,0;V
28/04/1929;0,0;V
29/04/1929;0,0;V
30/04/1929;25,0;V
01/05/1929;4,0;V
02/05/1929;0,0;V
03/05/1929;7,4;V
04/05/1929;21,0;V
05/05/1929;0,0;V
06/05/1929;0,0;V
07/05/1929;0,0;V
08/05/1929;0,0;V
09/05/1929;0,0;V
10/05/1929;0,0;V
11/05/1929;0,0;V
12/05/1929;6,0;V
13/05/1929;18,0;V
14/05/1929;0,0;V
15/05/1929;0,0;V
16/05/1929;0,0;V
17/05/1929;14,2;V
18/05/1929;0,0;V
19/05/1929;0,0;V
20/05/1929;1,0;V
21/05/1929;0,0;V
22/05/1929;0,0;V
23/05/1929;0,0;V
24/05/1929;0,0;V
25/05/1929;0,0;V
26/05/1929;0,0;V
27/05/1929;0,0;V
28/05/1929;0,0;V
29/05/1929;0,0;V
30/05/1929;0,0;V
31/05/1929;0,0;V
01/06/1929;0,0;V
02/06/1929;0,0;V
03/06/1929;0,0;V
04/06/1929;0,0;V
05/06/1929;0,0;V
06/06/1929;2,0;V
07/06/1929;0,0;V
08/06/1929;0,0;V
09/06/1929;0,0;V
10/06/1929;0,0;V
11/06/1929;0,0;V
12/06/1929;0,0;V
13/06/1929;0,0;V
14/06/1929;0,0;V
15/06/1929;0,0;V
16/06/1929;0,0;V
17/06/1929;5,2;V
18/06/1929;0,0;V
19/06/1929;0,0;V
20/06/1929;0,0;V
21/06/1929;11,4;V
22/06/1929;0,3;V
23/06/1929;0,0;V
24/06/1929;0,0;V
25/06/1929;0,0;V
26/06/1929;0,0;V
27/06/1929;19,0;V
28/06/1929;0,0;V
29/06/1929;0,0;V
30/06/1929;0,0;V
01/07/1929;0,0;V
02/07/1929;0,0;V
03/07/1929;0,0;V
04/07/1929;0,0;V
05/07/1929;0,0;V
06/07/1929;0,0;V
07/07/1929;0,0;V
08/07/1929;0,0;V
09/07/1929;22,3;V
10/07/1929;0,3;V
11/07/1929;0,0;V
12/07/1929;0,0;V
13/07/1929;0,0;V
14/07/1929;0,0;V
15/07/1929;0,0;V
16/07/1929;0,0;V
17/07/1929;0,0;V
18/07/1929;0,0;V
19/07/1929;0,0;V
20/07/1929;0,0;V
21/07/1929;0,0;V
22/07/1929;0,0;V
23/07/1929;0,0;V
24/07/1929;0,0;V
25/07/1929;0,0;V
26/07/1929;0,0;V
27/07/1929;0,0;V
28/07/1929;0,0;V
29/07/1929;0,0;V
30/07/1929;0,0;V
31/07/1929;0,0;V
01/08/1929;0,0;V
02/08/1929;0,0;V
03/08/1929;4,0;V
04/08/1929;0,0;V
05/08/1929;0,0;V
06/08/1929;0,0;V
07/08/1929;0,0;V
08/08/1929;0,0;V
09/08/1929;0,0;V
10/08/1929;0,0;V
11/08/1929;10,0;V
12/08/1929;0,0;V
13/08/1929;7,0;V
14/08/1929;0,0;V
15/08/1929;0,0;V
16/08/1929;0,0;V
17/08/1929;0,0;V
18/08/1929;0,0;V
19/08/1929;0,0;V
20/08/1929;0,0;V
21/08/1929;0,0;V
22/08/1929;23,0;V
23/08/1929;0,0;V
24/08/1929;0,0;V
25/08/1929;0,0;V
26/08/1929;0,0;V
27/08/1929;0,0;V
28/08/1929;0,0;V
29/08/1929;0,0;V
30/08/1929;0,0;V
31/08/1929;0,0;V
01/09/1929;0,0;V
02/09/1929;0,0;V
03/09/1929;0,0;V
04/09/1929;0,0;V
05/09/1929;0,0;V
06/09/1929;0,0;V
07/09/1929;0,0;V
08/09/1929;0,0;V
09/09/1929;0,0;V
10/09/1929;0,0;V
11/09/1929;0,0;V
12/09/1929;0,0;V
13/09/1929;0,0;V
14/09/1929;10,0;V
15/09/1929;0,0;V
16/09/1929;0,0;V
17/09/1929;0,0;V
18/09/1929;0,0;V
19/09/1929;0,0;V
20/09/1929;0,0;V
21/09/1929;2,4;V
22/09/1929;0,0;V
23/09/1929;0,0;V
24/09/1929;0,0;V
25/09/1929;0,0;V
26/09/1929;0,0;V
27/09/1929;0,0;V
28/09/1929;0,0;V
29/09/1929;0,0;V
30/09/1929;0,0;V
01/10/1929;0,0;V
02/10/1929;6,0;V
03/10/1929;0,0;V
04/10/1929;0,0;V
05/10/1929;0,0;V
06/10/1929;0,0;V
07/10/1929;8,0;V
08/10/1929;3,3;V
09/10/1929;0,0;V
10/10/1929;0,0;V
11/10/1929;0,0;V
12/10/1929;0,0;V
13/10/1929;0,0;V
14/10/1929;0,0;V
15/10/1929;0,0;V
16/10/1929;0,0;V
17/10/1929;0,0;V
18/10/1929;0,0;V
19/10/1929;0,0;V
20/10/1929;41,0;V
21/10/1929;0,0;V
22/10/1929;13,3;V
23/10/1929;0,0;V
24/10/1929;1,4;V
25/10/1929;0,0;V
26/10/1929;5,0;V
27/10/1929;19,0;V
28/10/1929;11,4;V
29/10/1929;0,0;V
30/10/1929;7,1;V
31/10/1929;6,0;V
01/11/1929;0,0;V
02/11/1929;15,4;V
03/11/1929;9,0;V
04/11/1929;13,2;V
05/11/1929;0,0;V
06/11/1929;8,1;V
07/11/1929;0,0;V
08/11/1929;5,0;V
09/11/1929;3,3;V
10/11/1929;0,0;V
11/11/1929;14,0;V
12/11/1929;1,4;V
13/11/1929;10,0;V
14/11/1929;9,1;V
15/11/1929;0,0;V
16/11/1929;0,0;V
17/11/1929;11,1;V
18/11/1929;30,2;V
19/11/1929;5,4;V
20/11/1929;0,0;V
21/11/1929;0,0;V
22/11/1929;0,0;V
23/11/1929;0,0;V
24/11/1929;8,3;V
25/11/1929;0,0;V
26/11/1929;13,2;V
27/11/1929;0,0;V
28/11/1929;0,0;V
29/11/1929;0,0;V
30/11/1929;0,0;V
01/12/1929;7,0;V
02/12/1929;11,0;V
03/12/1929;0,0;V
04/12/1929;0,0;V
05/12/1929;0,0;V
06/12/1929;0,0;V
07/12/1929;3,0;V
08/12/1929;7,0;V
09/12/1929;0,0;V
10/12/1929;0,0;V
11/12/1929;15,0;V
12/12/1929;0,0;V
13/12/1929;0,0;V
14/12/1929;0,0;V
15/12/1929;0,0;V
16/12/1929;0,0;V
17/12/1929;0,0;V
18/12/1929;0,0;V
19/12/1929;0,0;V
20/12/1929;0,0;V
21/12/1929;0,0;V
22/12/1929;0,0;V
23/12/1929;0,0;V
24/12/1929;0,0;V
25/12/1929;0,0;V
26/12/1929;5,1;V
27/12/1929;20,1;V
28/12/1929;0,0;V
29/12/1929;0,0;V
30/12/1929;3,0;V
31/12/1929;0,0;V
01/01/1930;6,5;V
02/01/1930;0,0;V
03/01/1930;0,0;V
04/01/1930;0,0;V
05/01/1930;0,0;V
06/01/1930;0,0;V
07/01/1930;0,0;V
08/01/1930;0,0;V
09/01/1930;0,0;V
10/01/1930;0,0;V
11/01/1930;8,5;V
12/01/1930;21,8;V
13/01/1930;0,0;V
14/01/1930;0,0;V
15/01/1930;0,0;V
16/01/1930;2,0;V
17/01/1930;10,0;V
18/01/1930;0,0;V
19/01/1930;0,0;V
20/01/1930;0,0;V
21/01/1930;0,0;V
22/01/1930;0,0;V
23/01/1930;0,0;V
24/01/1930;0,0;V
25/01/1930;15,0;V
26/01/1930;18,0;V
27/01/1930;23,0;V
28/01/1930;4,0;V
29/01/1930;13,0;V
30/01/1930;0,0;V
31/01/1930;20,0;V
01/02/1930;19,0;V
02/02/1930;1,0;V
03/02/1930;8,0;V
04/02/1930;5,2;V
05/02/1930;5,8;V
06/02/1930;14,0;V
07/02/1930;5,0;V
08/02/1930;0,0;V
09/02/1930;0,0;V
10/02/1930;0,0;V
11/02/1930;0,0;V
12/02/1930;0,0;V
13/02/1930;0,0;V
14/02/1930;0,0;V
15/02/1930;5,0;V
16/02/1930;3,0;V
17/02/1930;8,0;V
18/02/1930;5,0;V
19/02/1930;1,0;V
20/02/1930;0,0;V
21/02/1930;0,0;V
22/02/1930;0,0;V
23/02/1930;0,0;V
24/02/1930;0,0;V
25/02/1930;0,0;V
26/02/1930;0,0;V
27/02/1930;17,0;V
28/02/1930;30,0;V
01/03/1930;7,5;V
02/03/1930;0,0;V
03/03/1930;0,0;V
04/03/1930;0,0;V
05/03/1930;0,0;V
06/03/1930;0,0;V
07/03/1930;0,0;V
08/03/1930;0,0;V
09/03/1930;0,0;V
10/03/1930;0,0;V
11/03/1930;0,0;V
12/03/1930;0,0;V
13/03/1930;0,0;V
14/03/1930;0,0;V
15/03/1930;1,0;V
16/03/1930;10,4;V
17/03/1930;0,0;V
18/03/1930;0,0;V
19/03/1930;10,2;V
20/03/1930;10,0;V
21/03/1930;0,0;V
22/03/1930;0,0;V
23/03/1930;0,0;V
24/03/1930;0,0;V
25/03/1930;8,0;V
26/03/1930;0,0;V
27/03/1930;0,0;V
28/03/1930;0,0;V
29/03/1930;0,0;V
30/03/1930;0,0;V
31/03/1930;10,0;V
01/04/1930;0,0;V
02/04/1930;0,0;V
03/04/1930;0,0;V
04/04/1930;10,3;V
05/04/1930;7,0;V
06/04/1930;0,0;V
07/04/1930;0,0;V
08/04/1930;8,4;V
09/04/1930;0,0;V
10/04/1930;0,0;V
11/04/1930;0,0;V
12/04/1930;0,0;V
13/04/1930;0,0;V
14/04/1930;25,0;V
15/04/1930;10,0;V
16/04/1930;0,0;V
17/04/1930;0,0;V
18/04/1930;0,0;V
19/04/1930;30,0;V
20/04/1930;5,0;V
21/04/1930;0,0;V
22/04/1930;0,0;V
23/04/1930;0,0;V
24/04/1930;0,0;V
25/04/1930;0,0;V
26/04/1930;0,0;V
27/04/1930;0,0;V
28/04/1930;0,0;V
29/04/1930;0,0;V
30/04/1930;5,0;V
01/05/1930;5,0;V
02/05/1930;0,0;V
03/05/1930;0,0;V
04/05/1930;0,0;V
05/05/1930;0,0;V
06/05/1930;0,0;V
07/05/1930;15,0;V
08/05/1930;85,0;V
09/05/1930;0,0;V
10/05/1930;2,2;V
11/05/1930;0,0;V
12/05/1930;0,0;V
13/05/1930;0,0;V
14/05/1930;0,0;V
15/05/1930;0,0;V
16/05/1930;0,0;V
17/05/1930;0,0;V
18/05/1930;0,0;V
19/05/1930;0,0;V
20/05/1930;14,4;V
21/05/1930;0,0;V
22/05/1930;0,0;V
23/05/1930;7,1;V
24/05/1930;0,0;V
25/05/1930;0,0;V
26/05/1930;0,0;V
27/05/1930;5,0;V
28/05/1930;0,0;V
29/05/1930;0,0;V
30/05/1930;0,0;V
31/05/1930;0,0;V
01/06/1930;0,0;V
02/06/1930;0,0;V
03/06/1930;1,4;V
04/06/1930;0,0;V
05/06/1930;0,0;V
06/06/1930;0,0;V
07/06/1930;0,0;V
08/06/1930;0,0;V
09/06/1930;2,0;V
10/06/1930;0,0;V
11/06/1930;0,0;V
12/06/1930;8,0;V
13/06/1930;0,0;V
14/06/1930;0,0;V
15/06/1930;0,0;V
16/06/1930;0,0;V
17/06/1930;0,0;V
18/06/1930;5,2;V
19/06/1930;0,0;V
20/06/1930;0,0;V
21/06/1930;8,2;V
22/06/1930;0,0;V
23/06/1930;0,0;V
24/06/1930;0,0;V
25/06/1930;0,0;V
26/06/1930;0,0;V
27/06/1930;0,0;V
28/06/1930;13,2;V
29/06/1930;0,0;V
30/06/1930;2,1;V
01/07/1930;0,0;V
02/07/1930;0,0;V
03/07/1930;0,0;V
04/07/1930;0,0;V
05/07/1930;0,0;V
06/07/1930;0,0;V
07/07/1930;0,0;V
08/07/1930;0,0;V
09/07/1930;0,0;V
10/07/1930;0,0;V
11/07/1930;0,0;V
12/07/1930;8,0;V
13/07/1930;3,3;V
14/07/1930;0,0;V
15/07/1930;5,2;V
16/07/1930;0,0;V
17/07/1930;0,0;V
18/07/1930;0,0;V
19/07/1930;0,0;V
20/07/1930;0,0;V
21/07/1930;0,0;V
22/07/1930;0,0;V
23/07/1930;0,0;V
24/07/1930;0,0;V
25/07/1930;0,0;V
26/07/1930;0,0;V
27/07/1930;0,0;V
28/07/1930;0,0;V
29/07/1930;0,0;V
30/07/1930;0,0;V
31/07/1930;0,0;V
01/08/1930;0,0;V
02/08/1930;0,0;V
03/08/1930;0,0;V
04/08/1930;10,3;V
05/08/1930;0,0;V
06/08/1930;0,0;V
07/08/1930;0,0;V
08/08/1930;0,0;V
09/08/1930;10,2;V
10/08/1930;0,0;V
11/08/1930;0,0;V
12/08/1930;0,0;V
13/08/1930;10,1;V
14/08/1930;2,4;V
15/08/1930;0,0;V
16/08/1930;0,0;V
17/08/1930;0,0;V
18/08/1930;0,0;V
19/08/1930;0,0;V
20/08/1930;0,0;V
21/08/1930;0,0;V
22/08/1930;0,0;V
23/08/1930;0,0;V
24/08/1930;0,0;V
25/08/1930;0,0;V
26/08/1930;0,0;V
27/08/1930;0,0;V
28/08/1930;0,0;V
29/08/1930;0,0;V
30/08/1930;0,0;V
31/08/1930;0,0;V
01/09/1930;0,0;V
02/09/1930;0,0;V
03/09/1930;0,0;V
04/09/1930;0,0;V
05/09/1930;0,0;V
06/09/1930;0,0;V
07/09/1930;0,0;V
08/09/1930;0,0;V
09/09/1930;0,0;V
10/09/1930;0,0;V
11/09/1930;0,0;V
12/09/1930;0,0;V
13/09/1930;0,0;V
14/09/1930;0,0;V
15/09/1930;5,2;V
16/09/1930;7,4;V
17/09/1930;0,0;V
18/09/1930;0,0;V
19/09/1930;0,0;V
20/09/1930;0,0;V
21/09/1930;10,3;V
22/09/1930;0,0;V
23/09/1930;0,0;V
24/09/1930;0,0;V
25/09/1930;0,0;V
26/09/1930;0,0;V
27/09/1930;0,0;V
28/09/1930;0,0;V
29/09/1930;7,3;V
30/09/1930;0,0;V
01/10/1930;0,0;V
02/10/1930;0,0;V
03/10/1930;0,0;V
04/10/1930;0,0;V
05/10/1930;8,2;V
06/10/1930;5,1;V
07/10/1930;0,0;V
08/10/1930;0,0;V
09/10/1930;0,0;V
10/10/1930;0,0;V
11/10/1930;0,0;V
12/10/1930;0,0;V
13/10/1930;20,0;V
14/10/1930;0,0;V
15/10/1930;0,0;V
16/10/1930;0,0;V
17/10/1930;0,0;V
18/10/1930;0,0;V
19/10/1930;0,0;V
20/10/1930;0,0;V
21/10/1930;28,0;V
22/10/1930;0,0;V
23/10/1930;5,0;V
24/10/1930;0,0;V
25/10/1930;23,0;V
26/10/1930;0,0;V
27/10/1930;0,0;V
28/10/1930;0,0;V
29/10/1930;0,0;V
30/10/1930;0,0;V
31/10/1930;0,0;V
01/11/1930;10,0;V
02/11/1930;0,0;V
03/11/1930;24,1;V
04/11/1930;14,0;V
05/11/1930;0,0;V
06/11/1930;7,2;V
07/11/1930;5,3;V
08/11/1930;0,0;V
09/11/1930;0,0;V
10/11/1930;0,0;V
11/11/1930;0,0;V
12/11/1930;0,0;V
13/11/1930;0,0;V
14/11/1930;0,0;V
15/11/1930;0,0;V
16/11/1930;0,0;V
17/11/1930;0,0;V
18/11/1930;0,0;V
19/11/1930;0,0;V
20/11/1930;6,0;V
21/11/1930;7,2;V
22/11/1930;0,0;V
23/11/1930;0,0;V
24/11/1930;0,0;V
25/11/1930;0,0;V
26/11/1930;0,0;V
27/11/1930;0,0;V
28/11/1930;0,0;V
29/11/1930;0,0;V
30/11/1930;0,0;V
01/12/1930;0,0;V
02/12/1930;0,0;V
03/12/1930;0,0;V
04/12/1930;0,0;V
05/12/1930;0,0;V
06/12/1930;0,0;V
07/12/1930;0,0;V
08/12/1930;8,0;V
09/12/1930;10,4;V
10/12/1930;15,7;V
11/12/1930;0,0;V
12/12/1930;0,0;V
13/12/1930;0,0;V
14/12/1930;10,1;V
15/12/1930;6,0;V
16/12/1930;0,0;V
17/12/1930;0,0;V
18/12/1930;0,0;V
19/12/1930;0,0;V
20/12/1930;0,0;V
21/12/1930;0,0;V
22/12/1930;0,0;V
23/12/1930;0,0;V
24/12/1930;0,0;V
25/12/1930;0,0;V
26/12/1930;0,0;V
27/12/1930;0,0;V
28/12/1930;0,0;V
29/12/1930;0,0;V
30/12/1930;19,0;V
31/12/1930;8,7;V
01/01/1931;21,2;V
02/01/1931;17,0;V
03/01/1931;3,0;V
04/01/1931;0,0;V
05/01/1931;5,3;V
06/01/1931;0,0;V
07/01/1931;0,0;V
08/01/1931;0,0;V
09/01/1931;0,0;V
10/01/1931;0,0;V
11/01/1931;0,0;V
12/01/1931;0,0;V
13/01/1931;0,0;V
14/01/1931;4,3;V
15/01/1931;0,0;V
16/01/1931;0,0;V
17/01/1931;0,0;V
18/01/1931;0,0;V
19/01/1931;0,0;V
20/01/1931;0,0;V
21/01/1931;0,0;V
22/01/1931;0,0;V
23/01/1931;0,0;V
24/01/1931;22,2;V
25/01/1931;23,0;V
26/01/1931;0,0;V
27/01/1931;0,0;V
28/01/1931;0,0;V
29/01/1931;0,0;V
30/01/1931;16,0;V
31/01/1931;15,4;V
01/02/1931;0,0;V
02/02/1931;0,0;V
03/02/1931;0,0;V
04/02/1931;0,0;V
05/02/1931;0,0;V
06/02/1931;0,0;V
07/02/1931;0,0;V
08/02/1931;0,0;V
09/02/1931;0,0;V
10/02/1931;0,0;V
11/02/1931;0,0;V
12/02/1931;0,0;V
13/02/1931;30,5;V
14/02/1931;30,5;V
15/02/1931;0,0;V
16/02/1931;0,0;V
17/02/1931;0,0;V
18/02/1931;14,4;V
19/02/1931;32,0;V
20/02/1931;28,4;V
21/02/1931;0,0;V
22/02/1931;0,0;V
23/02/1931;0,0;V
24/02/1931;0,0;V
25/02/1931;0,0;V
26/02/1931;0,0;V
27/02/1931;0,0;V
28/02/1931;0,0;V
01/03/1931;0,0;V
02/03/1931;0,0;V
03/03/1931;0,0;V
04/03/1931;2,0;V
05/03/1931;6,0;V
06/03/1931;12,4;V
07/03/1931;25,0;V
08/03/1931;10,3;V
09/03/1931;5,2;V
10/03/1931;0,0;V
11/03/1931;0,0;V
12/03/1931;2,3;V
13/03/1931;5,0;V
14/03/1931;11,0;V
15/03/1931;0,0;V
16/03/1931;8,0;V
17/03/1931;0,0;V
18/03/1931;0,0;V
19/03/1931;0,0;V
20/03/1931;0,0;V
21/03/1931;26,2;V
22/03/1931;5,0;V
23/03/1931;0,0;V
24/03/1931;0,0;V
25/03/1931;0,0;V
26/03/1931;0,0;V
27/03/1931;0,0;V
28/03/1931;0,0;V
29/03/1931;0,0;V
30/03/1931;0,0;V
31/03/1931;0,0;V
01/04/1931;0,0;V
02/04/1931;0,0;V
03/04/1931;10,0;V
04/04/1931;5,4;V
05/04/1931;0,0;V
06/04/1931;0,0;V
07/04/1931;0,0;V
08/04/1931;0,0;V
09/04/1931;0,0;V
10/04/1931;0,0;V
11/04/1931;0,0;V
12/04/1931;0,0;V
13/04/1931;0,0;V
14/04/1931;0,0;V
15/04/1931;0,0;V
16/04/1931;0,0;V
17/04/1931;10,2;V
18/04/1931;0,0;V
19/04/1931;6,0;V
20/04/1931;0,0;V
21/04/1931;0,0;V
22/04/1931;8,0;V
23/04/1931;4,2;V
24/04/1931;0,0;V
25/04/1931;0,0;V
26/04/1931;0,0;V
27/04/1931;0,0;V
28/04/1931;0,0;V
29/04/1931;0,0;V
30/04/1931;0,0;V
01/05/1931;1,3;V
02/05/1931;0,0;V
03/05/1931;10,0;V
04/05/1931;30,0;V
05/05/1931;2,5;V
06/05/1931;4,5;V
07/05/1931;10,0;V
08/05/1931;5,0;V
09/05/1931;0,0;V
10/05/1931;0,0;V
11/05/1931;0,0;V
12/05/1931;0,0;V
13/05/1931;0,0;V
14/05/1931;0,0;V
15/05/1931;0,0;V
16/05/1931;0,0;V
17/05/1931;0,0;V
18/05/1931;4,0;V
19/05/1931;27,4;V
20/05/1931;10,2;V
21/05/1931;30,0;V
22/05/1931;3,3;V
23/05/1931;0,0;V
24/05/1931;0,0;V
25/05/1931;0,0;V
26/05/1931;0,0;V
27/05/1931;0,0;V
28/05/1931;0,0;V
29/05/1931;0,0;V
30/05/1931;0,0;V
31/05/1931;0,0;V
01/06/1931;0,0;V
02/06/1931;0,0;V
03/06/1931;0,0;V
04/06/1931;0,0;V
05/06/1931;0,0;V
06/06/1931;0,0;V
07/06/1931;0,0;V
08/06/1931;0,0;V
09/06/1931;0,0;V
10/06/1931;0,0;V
11/06/1931;0,0;V
12/06/1931;0,0;V
13/06/1931;0,0;V
14/06/1931;0,0;V
15/06/1931;0,0;V
16/06/1931;0,0;V
17/06/1931;0,0;V
18/06/1931;0,0;V
19/06/1931;0,0;V
20/06/1931;0,0;V
21/06/1931;0,0;V
22/06/1931;0,0;V
23/06/1931;0,0;V
24/06/1931;0,0;V
25/06/1931;0,0;V
26/06/1931;0,0;V
27/06/1931;0,0;V
28/06/1931;0,0;V
29/06/1931;0,0;V
30/06/1931;20,0;V
01/07/1931;0,0;V
02/07/1931;0,0;V
03/07/1931;0,0;V
04/07/1931;0,0;V
05/07/1931;0,0;V
06/07/1931;0,0;V
07/07/1931;0,0;V
08/07/1931;0,0;V
09/07/1931;0,0;V
10/07/1931;0,0;V
11/07/1931;0,0;V
12/07/1931;0,0;V
13/07/1931;0,0;V
14/07/1931;0,0;V
15/07/1931;0,0;V
16/07/1931;0,0;V
17/07/1931;0,0;V
18/07/1931;0,0;V
19/07/1931;0,0;V
20/07/1931;0,0;V
21/07/1931;0,0;V
22/07/1931;0,0;V
23/07/1931;0,0;V
24/07/1931;0,0;V
25/07/1931;0,0;V
26/07/1931;0,0;V
27/07/1931;0,0;V
28/07/1931;0,5;V
29/07/1931;0,0;V
30/07/1931;0,0;V
31/07/1931;0,0;V
01/08/1931;0,0;V
02/08/1931;0,0;V
03/08/1931;0,0;V
04/08/1931;0,0;V
05/08/1931;0,0;V
06/08/1931;0,0;V
07/08/1931;0,0;V
08/08/1931;0,0;V
09/08/1931;0,0;V
10/08/1931;0,0;V
11/08/1931;0,0;V
12/08/1931;0,0;V
13/08/1931;0,0;V
14/08/1931;0,0;V
15/08/1931;0,0;V
16/08/1931;0,0;V
17/08/1931;0,0;V
18/08/1931;0,0;V
19/08/1931;0,0;V
20/08/1931;0,0;V
21/08/1931;0,0;V
22/08/1931;0,0;V
23/08/1931;0,0;V
24/08/1931;59,0;V
25/08/1931;0,0;V
26/08/1931;7,0;V
27/08/1931;0,0;V
28/08/1931;0,0;V
29/08/1931;0,0;V
30/08/1931;0,0;V
31/08/1931;0,0;V
01/09/1931;0,0;V
02/09/1931;0,5;V
03/09/1931;0,0;V
04/09/1931;0,0;V
05/09/1931;0,0;V
06/09/1931;0,0;V
07/09/1931;0,0;V
08/09/1931;0,0;V
09/09/1931;13,0;V
10/09/1931;0,0;V
11/09/1931;0,0;V
12/09/1931;7,0;V
13/09/1931;0,0;V
14/09/1931;0,0;V
15/09/1931;0,0;V
16/09/1931;0,0;V
17/09/1931;0,5;V
18/09/1931;0,0;V
19/09/1931;0,0;V
20/09/1931;0,0;V
21/09/1931;0,0;V
22/09/1931;0,0;V
23/09/1931;0,0;V
24/09/1931;0,0;V
25/09/1931;0,0;V
26/09/1931;0,0;V
27/09/1931;0,0;V
28/09/1931;0,0;V
29/09/1931;5,0;V
30/09/1931;0,0;V
01/10/1931;0,0;V
02/10/1931;0,0;V
03/10/1931;0,0;V
04/10/1931;0,0;V
05/10/1931;0,0;V
06/10/1931;0,0;V
07/10/1931;0,0;V
08/10/1931;0,0;V
09/10/1931;0,0;V
10/10/1931;0,0;V
11/10/1931;0,0;V
12/10/1931;0,0;V
13/10/1931;0,0;V
14/10/1931;0,0;V
15/10/1931;0,0;V
16/10/1931;0,0;V
17/10/1931;0,0;V
18/10/1931;0,0;V
19/10/1931;0,0;V
20/10/1931;0,0;V
21/10/1931;0,0;V
22/10/1931;0,0;V
23/10/1931;13,0;V
24/10/1931;22,0;V
25/10/1931;6,0;V
26/10/1931;5,0;V
27/10/1931;4,0;V
28/10/1931;20,0;V
29/10/1931;12,0;V
30/10/1931;0,0;V
31/10/1931;0,0;V
01/11/1931;0,0;V
02/11/1931;0,0;V
03/11/1931;0,0;V
04/11/1931;0,0;V
05/11/1931;0,0;V
06/11/1931;0,0;V
07/11/1931;16,0;V
08/11/1931;20,0;V
09/11/1931;16,0;V
10/11/1931;10,0;V
11/11/1931;2,5;V
12/11/1931;27,0;V
13/11/1931;7,0;V
14/11/1931;12,0;V
15/11/1931;8,0;V
16/11/1931;0,0;V
17/11/1931;0,0;V
18/11/1931;5,0;V
19/11/1931;0,0;V
20/11/1931;0,0;V
21/11/1931;0,0;V
22/11/1931;0,0;V
23/11/1931;0,0;V
24/11/1931;0,0;V
25/11/1931;12,0;V
26/11/1931;0,0;V
27/11/1931;0,0;V
28/11/1931;11,0;V
29/11/1931;4,2;V
30/11/1931;0,0;V
01/12/1931;0,0;V
02/12/1931;0,0;V
03/12/1931;0,0;V
04/12/1931;0,0;V
05/12/1931;0,0;V
06/12/1931;0,0;V
07/12/1931;3,0;V
08/12/1931;0,0;V
09/12/1931;0,0;V
10/12/1931;0,0;V
11/12/1931;0,0;V
12/12/1931;0,0;V
13/12/1931;0,0;V
14/12/1931;0,0;V
15/12/1931;0,0;V
16/12/1931;0,0;V
17/12/1931;0,0;V
18/12/1931;0,0;V
19/12/1931;0,0;V
20/12/1931;0,0;V
21/12/1931;0,0;V
22/12/1931;0,0;V
23/12/1931;0,0;V
24/12/1931;0,0;V
25/12/1931;0,0;V
26/12/1931;0,0;V
27/12/1931;0,0;V
28/12/1931;1,5;V
29/12/1931;3,0;V
30/12/1931;10,5;V
31/12/1931;0,0;V
01/01/1932;0,0;V
02/01/1932;0,0;V
03/01/1932;0,0;V
04/01/1932;0,0;V
05/01/1932;0,0;V
06/01/1932;0,0;V
07/01/1932;2,7;V
08/01/1932;3,0;V
09/01/1932;2,0;V
10/01/1932;0,0;V
11/01/1932;0,0;V
12/01/1932;12,5;V
13/01/1932;0,0;V
14/01/1932;0,0;V
15/01/1932;0,0;V
16/01/1932;0,0;V
17/01/1932;0,0;V
18/01/1932;0,0;V
19/01/1932;0,0;V
20/01/1932;0,0;V
21/01/1932;0,0;V
22/01/1932;0,0;V
23/01/1932;0,0;V
24/01/1932;0,0;V
25/01/1932;0,0;V
26/01/1932;0,0;V
27/01/1932;0,0;V
28/01/1932;0,0;V
29/01/1932;0,0;V
30/01/1932;0,0;V
31/01/1932;0,0;V
01/02/1932;0,0;V
02/02/1932;0,0;V
03/02/1932;0,0;V
04/02/1932;0,0;V
05/02/1932;0,0;V
06/02/1932;0,0;V
07/02/1932;0,0;V
08/02/1932;0,0;V
09/02/1932;6,0;V
10/02/1932;15,0;V
11/02/1932;10,0;V
12/02/1932;0,0;V
13/02/1932;0,0;V
14/02/1932;0,0;V
15/02/1932;0,0;V
16/02/1932;0,0;V
17/02/1932;0,0;V
18/02/1932;0,0;V
19/02/1932;0,0;V
20/02/1932;0,0;V
21/02/1932;0,0;V
22/02/1932;0,0;V
23/02/1932;0,0;V
24/02/1932;0,0;V
25/02/1932;0,0;V
26/02/1932;0,0;V
27/02/1932;0,0;V
28/02/1932;0,0;V
29/02/1932;0,0;V
01/03/1932;0,0;V
02/03/1932;20,0;V
03/03/1932;18,0;V
04/03/1932;0,0;V
05/03/1932;0,0;V
06/03/1932;7,0;V
07/03/1932;0,0;V
08/03/1932;0,0;V
09/03/1932;0,0;V
10/03/1932;5,0;V
11/03/1932;10,0;V
12/03/1932;5,0;V
13/03/1932;0,0;V
14/03/1932;0,0;V
15/03/1932;0,0;V
16/03/1932;0,0;V
17/03/1932;10,0;V
18/03/1932;15,0;V
19/03/1932;20,0;V
20/03/1932;0,0;V
21/03/1932;0,0;V
22/03/1932;0,0;V
23/03/1932;0,0;V
24/03/1932;0,0;V
25/03/1932;0,0;V
26/03/1932;0,0;V
27/03/1932;0,0;V
28/03/1932;0,0;V
29/03/1932;6,0;V
30/03/1932;4,0;V
31/03/1932;0,0;V
01/04/1932;0,0;V
02/04/1932;0,0;V
03/04/1932;2,0;V
04/04/1932;0,0;V
05/04/1932;5,0;V
06/04/1932;3,0;V
07/04/1932;0,0;V
08/04/1932;1,0;V
09/04/1932;0,0;V
10/04/1932;0,0;V
11/04/1932;0,0;V
12/04/1932;0,0;V
13/04/1932;0,0;V
14/04/1932;0,0;V
15/04/1932;0,0;V
16/04/1932;0,0;V
17/04/1932;3,0;V
18/04/1932;0,0;V
19/04/1932;0,0;V
20/04/1932;0,0;V
21/04/1932;0,0;V
22/04/1932;0,0;V
23/04/1932;0,0;V
24/04/1932;10,0;V
25/04/1932;10,0;V
26/04/1932;0,0;V
27/04/1932;0,0;V
28/04/1932;3,0;V
29/04/1932;0,0;V
30/04/1932;1,0;V
01/05/1932;0,0;V
02/05/1932;21,0;V
03/05/1932;0,0;V
04/05/1932;1,0;V
05/05/1932;12,0;V
06/05/1932;0,0;V
07/05/1932;0,0;V
08/05/1932;12,0;V
09/05/1932;4,0;V
10/05/1932;0,0;V
11/05/1932;0,0;V
12/05/1932;0,0;V
13/05/1932;0,0;V
14/05/1932;0,0;V
15/05/1932;0,0;V
16/05/1932;0,0;V
17/05/1932;0,0;V
18/05/1932;0,0;V
19/05/1932;0,0;V
20/05/1932;0,0;V
21/05/1932;0,0;V
22/05/1932;1,0;V
23/05/1932;0,0;V
24/05/1932;10,0;V
25/05/1932;7,0;V
26/05/1932;7,0;V
27/05/1932;0,0;V
28/05/1932;0,0;V
29/05/1932;9,0;V
30/05/1932;7,0;V
31/05/1932;0,0;V
01/06/1932;1,0;V
02/06/1932;0,0;V
03/06/1932;70,0;V
04/06/1932;0,0;V
05/06/1932;0,0;V
06/06/1932;0,0;V
07/06/1932;0,0;V
08/06/1932;0,0;V
09/06/1932;0,0;V
10/06/1932;0,0;V
11/06/1932;0,0;V
12/06/1932;0,0;V
13/06/1932;2,0;V
14/06/1932;8,0;V
15/06/1932;0,0;V
16/06/1932;0,0;V
17/06/1932;0,0;V
18/06/1932;0,0;V
19/06/1932;0,0;V
20/06/1932;0,0;V
21/06/1932;5,0;V
22/06/1932;12,0;V
23/06/1932;0,0;V
24/06/1932;10,0;V
25/06/1932;0,0;V
26/06/1932;0,0;V
27/06/1932;0,0;V
28/06/1932;0,0;V
29/06/1932;0,0;V
30/06/1932;0,0;V
01/07/1932;0,0;V
02/07/1932;0,0;V
03/07/1932;7,0;V
04/07/1932;0,0;V
05/07/1932;0,0;V
06/07/1932;0,0;V
07/07/1932;0,0;V
08/07/1932;10,0;V
09/07/1932;41,0;V
10/07/1932;0,0;V
11/07/1932;21,0;V
12/07/1932;0,0;V
13/07/1932;0,0;V
14/07/1932;7,0;V
15/07/1932;0,0;V
16/07/1932;0,0;V
17/07/1932;11,0;V
18/07/1932;6,0;V
19/07/1932;8,0;V
20/07/1932;0,0;V
21/07/1932;8,0;V
22/07/1932;0,0;V
23/07/1932;0,0;V
24/07/1932;50,0;V
25/07/1932;0,0;V
26/07/1932;0,0;V
27/07/1932;0,0;V
28/07/1932;0,0;V
29/07/1932;0,0;V
30/07/1932;0,0;V
31/07/1932;0,0;V
01/08/1932;0,0;V
02/08/1932;0,0;V
03/08/1932;0,0;V
04/08/1932;0,0;V
05/08/1932;11,0;V
06/08/1932;0,0;V
07/08/1932;0,0;V
08/08/1932;0,0;V
09/08/1932;0,0;V
10/08/1932;0,0;V
11/08/1932;0,0;V
12/08/1932;0,0;V
13/08/1932;0,0;V
14/08/1932;0,0;V
15/08/1932;0,0;V
16/08/1932;0,0;V
17/08/1932;0,0;V
18/08/1932;0,0;V
19/08/1932;0,0;V
20/08/1932;0,0;V
21/08/1932;0,0;V
22/08/1932;0,0;V
23/08/1932;0,0;V
24/08/1932;0,0;V
25/08/1932;0,0;V
26/08/1932;0,0;V
27/08/1932;0,0;V
28/08/1932;0,0;V
29/08/1932;19,0;V
30/08/1932;0,0;V
31/08/1932;0,0;V
01/09/1932;5,0;V
02/09/1932;0,0;V
03/09/1932;0,0;V
04/09/1932;0,0;V
05/09/1932;0,0;V
06/09/1932;0,0;V
07/09/1932;0,0;V
08/09/1932;0,0;V
09/09/1932;0,0;V
10/09/1932;0,0;V
11/09/1932;0,0;V
12/09/1932;0,0;V
13/09/1932;0,0;V
14/09/1932;0,0;V
15/09/1932;0,0;V
16/09/1932;0,0;V
17/09/1932;0,0;V
18/09/1932;0,0;V
19/09/1932;0,0;V
20/09/1932;9,0;V
21/09/1932;0,0;V
22/09/1932;29,0;V
23/09/1932;0,0;V
24/09/1932;0,0;V
25/09/1932;3,5;V
26/09/1932;0,0;V
27/09/1932;46,0;V
28/09/1932;0,0;V
29/09/1932;0,0;V
30/09/1932;0,0;V
01/10/1932;0,0;V
02/10/1932;0,0;V
03/10/1932;0,0;V
04/10/1932;0,0;V
05/10/1932;0,0;V
06/10/1932;12,0;V
07/10/1932;0,0;V
08/10/1932;32,0;V
09/10/1932;0,0;V
10/10/1932;9,5;V
11/10/1932;20,0;V
12/10/1932;0,0;V
13/10/1932;0,0;V
14/10/1932;8,0;V
15/10/1932;13,0;V
16/10/1932;9,0;V
17/10/1932;0,0;V
18/10/1932;0,0;V
19/10/1932;0,0;V
20/10/1932;0,0;V
21/10/1932;0,0;V
22/10/1932;0,0;V
23/10/1932;0,0;V
24/10/1932;4,0;V
25/10/1932;18,0;V
26/10/1932;0,0;V
27/10/1932;0,0;V
28/10/1932;0,0;V
29/10/1932;0,0;V
30/10/1932;0,0;V
31/10/1932;0,0;V
01/11/1932;22,0;V
02/11/1932;0,0;V
03/11/1932;0,0;V
04/11/1932;0,0;V
05/11/1932;0,0;V
06/11/1932;0,0;V
07/11/1932;0,0;V
08/11/1932;0,0;V
09/11/1932;0,0;V
10/11/1932;10,0;V
11/11/1932;6,0;V
12/11/1932;0,0;V
13/11/1932;0,0;V
14/11/1932;0,0;V
15/11/1932;0,0;V
16/11/1932;0,0;V
17/11/1932;0,0;V
18/11/1932;0,0;V
19/11/1932;0,0;V
20/11/1932;18,0;V
21/11/1932;7,0;V
22/11/1932;25,0;V
23/11/1932;1,0;V
24/11/1932;5,0;V
25/11/1932;0,0;V
26/11/1932;0,0;V
27/11/1932;0,0;V
28/11/1932;13,0;V
29/11/1932;1,0;V
30/11/1932;3,0;V
01/12/1932;17,0;V
02/12/1932;22,0;V
03/12/1932;0,0;V
04/12/1932;4,0;V
05/12/1932;17,0;V
06/12/1932;0,0;V
07/12/1932;7,0;V
08/12/1932;3,0;V
09/12/1932;5,0;V
10/12/1932;8,0;V
11/12/1932;0,0;V
12/12/1932;22,0;V
13/12/1932;0,0;V
14/12/1932;0,0;V
15/12/1932;0,0;V
16/12/1932;0,0;V
17/12/1932;0,0;V
18/12/1932;0,0;V
19/12/1932;0,0;V
20/12/1932;0,0;V
21/12/1932;0,0;V
22/12/1932;0,0;V
23/12/1932;0,0;V
24/12/1932;0,0;V
25/12/1932;0,0;V
26/12/1932;0,0;V
27/12/1932;0,0;V
28/12/1932;0,0;V
29/12/1932;6,0;V
30/12/1932;8,0;V
31/12/1932;0,0;V
01/01/1933;2,0;V
02/01/1933;0,0;V
03/01/1933;0,0;V
04/01/1933;6,0;V
05/01/1933;9,0;V
06/01/1933;0,0;V
07/01/1933;16,0;V
08/01/1933;0,0;V
09/01/1933;0,0;V
10/01/1933;0,0;V
11/01/1933;0,0;V
12/01/1933;0,0;V
13/01/1933;0,0;V
14/01/1933;0,0;V
15/01/1933;0,0;V
16/01/1933;10,0;V
17/01/1933;1,0;V
18/01/1933;2,0;V
19/01/1933;2,0;V
20/01/1933;7,0;V
21/01/1933;0,0;V
22/01/1933;0,0;V
23/01/1933;0,0;V
24/01/1933;0,0;V
25/01/1933;1,0;V
26/01/1933;0,0;V
27/01/1933;0,0;V
28/01/1933;0,0;V
29/01/1933;6,0;V
30/01/1933;19,0;V
31/01/1933;15,0;V
01/02/1933;3,0;V
02/02/1933;0,0;V
03/02/1933;0,0;V
04/02/1933;0,0;V
05/02/1933;0,0;V
06/02/1933;0,0;V
07/02/1933;0,0;V
08/02/1933;2,0;V
09/02/1933;0,0;V
10/02/1933;0,0;V
11/02/1933;3,0;V
12/02/1933;15,0;V
13/02/1933;0,0;V
14/02/1933;0,0;V
15/02/1933;0,0;V
16/02/1933;0,0;V
17/02/1933;0,0;V
18/02/1933;0,0;V
19/02/1933;10,0;V
20/02/1933;20,0;V
21/02/1933;0,0;V
22/02/1933;0,0;V
23/02/1933;2,0;V
24/02/1933;3,0;V
25/02/1933;1,0;V
26/02/1933;0,0;V
27/02/1933;0,0;V
28/02/1933;0,0;V
01/03/1933;0,0;V
02/03/1933;2,0;V
03/03/1933;5,0;V
04/03/1933;3,0;V
05/03/1933;17,0;V
06/03/1933;4,0;V
07/03/1933;0,0;V
08/03/1933;0,0;V
09/03/1933;0,0;V
10/03/1933;0,0;V
11/03/1933;0,0;V
12/03/1933;0,0;V
13/03/1933;0,0;V
14/03/1933;0,0;V
15/03/1933;0,0;V
16/03/1933;0,0;V
17/03/1933;0,0;V
18/03/1933;5,0;V
19/03/1933;0,0;V
20/03/1933;0,0;V
21/03/1933;0,0;V
22/03/1933;0,0;V
23/03/1933;0,0;V
24/03/1933;0,0;V
25/03/1933;0,0;V
26/03/1933;0,0;V
27/03/1933;0,0;V
28/03/1933;0,0;V
29/03/1933;0,0;V
30/03/1933;0,0;V
31/03/1933;0,0;V
01/04/1933;0,0;V
02/04/1933;0,0;V
03/04/1933;0,0;V
04/04/1933;0,0;V
05/04/1933;0,0;V
06/04/1933;0,0;V
07/04/1933;0,0;V
08/04/1933;0,0;V
09/04/1933;0,0;V
10/04/1933;0,0;V
11/04/1933;0,0;V
12/04/1933;0,0;V
13/04/1933;0,0;V
14/04/1933;5,0;V
15/04/1933;49,0;V
16/04/1933;0,0;V
17/04/1933;0,0;V
18/04/1933;0,0;V
19/04/1933;1,0;V
20/04/1933;5,0;V
21/04/1933;30,0;V
22/04/1933;21,8;V
23/04/1933;0,0;V
24/04/1933;0,0;V
25/04/1933;0,0;V
26/04/1933;0,0;V
27/04/1933;1,0;V
28/04/1933;0,0;V
29/04/1933;4,0;V
30/04/1933;0,0;V
01/05/1933;2,0;V
02/05/1933;0,0;V
03/05/1933;0,0;V
04/05/1933;0,0;V
05/05/1933;0,0;V
06/05/1933;0,0;V
07/05/1933;5,0;V
08/05/1933;15,0;V
09/05/1933;0,0;V
10/05/1933;0,0;V
11/05/1933;8,0;V
12/05/1933;8,6;V
13/05/1933;0,0;V
14/05/1933;4,0;V
15/05/1933;0,0;V
16/05/1933;2,0;V
17/05/1933;0,0;V
18/05/1933;0,0;V
19/05/1933;0,0;V
20/05/1933;0,0;V
21/05/1933;0,0;V
22/05/1933;0,0;V
23/05/1933;1,0;V
24/05/1933;0,0;V
25/05/1933;0,0;V
26/05/1933;0,0;V
27/05/1933;0,0;V
28/05/1933;2,0;V
29/05/1933;0,0;V
30/05/1933;5,0;V
31/05/1933;0,0;V
01/06/1933;0,0;V
02/06/1933;0,0;V
03/06/1933;0,0;V
04/06/1933;0,0;V
05/06/1933;0,0;V
06/06/1933;0,0;V
07/06/1933;0,0;V
08/06/1933;0,0;V
09/06/1933;0,0;V
10/06/1933;0,0;V
11/06/1933;0,0;V
12/06/1933;13,0;V
13/06/1933;2,0;V
14/06/1933;0,0;V
15/06/1933;3,0;V
16/06/1933;0,0;V
17/06/1933;12,0;V
18/06/1933;15,0;V
19/06/1933;0,0;V
20/06/1933;8,0;V
21/06/1933;0,0;V
22/06/1933;3,0;V
23/06/1933;11,0;V
24/06/1933;64,0;V
25/06/1933;0,0;V
26/06/1933;0,0;V
27/06/1933;0,0;V
28/06/1933;0,0;V
29/06/1933;0,0;V
30/06/1933;0,0;V
01/07/1933;0,0;V
02/07/1933;0,0;V
03/07/1933;0,0;V
04/07/1933;0,0;V
05/07/1933;0,0;V
06/07/1933;0,0;V
07/07/1933;0,0;V
08/07/1933;0,0;V
09/07/1933;0,0;V
10/07/1933;0,0;V
11/07/1933;0,0;V
12/07/1933;0,0;V
13/07/1933;0,0;V
14/07/1933;0,0;V
15/07/1933;0,0;V
16/07/1933;0,0;V
17/07/1933;0,0;V
18/07/1933;0,0;V
19/07/1933;0,0;V
20/07/1933;0,0;V
21/07/1933;0,0;V
22/07/1933;0,0;V
23/07/1933;0,0;V
24/07/1933;0,0;V
25/07/1933;0,0;V
26/07/1933;0,0;V
27/07/1933;0,0;V
28/07/1933;0,0;V
29/07/1933;0,0;V
30/07/1933;0,0;V
31/07/1933;0,0;V
01/08/1933;0,0;V
02/08/1933;0,0;V
03/08/1933;0,0;V
04/08/1933;0,0;V
05/08/1933;0,0;V
06/08/1933;0,0;V
07/08/1933;0,0;V
08/08/1933;0,0;V
09/08/1933;0,0;V
10/08/1933;0,0;V
11/08/1933;0,0;V
12/08/1933;0,0;V
13/08/1933;0,0;V
14/08/1933;0,0;V
15/08/1933;0,0;V
16/08/1933;0,0;V
17/08/1933;0,0;V
18/08/1933;0,0;V
19/08/1933;0,0;V
20/08/1933;0,0;V
21/08/1933;0,0;V
22/08/1933;0,0;V
23/08/1933;0,0;V
24/08/1933;0,0;V
25/08/1933;0,0;V
26/08/1933;0,0;V
27/08/1933;13,8;V
28/08/1933;0,0;V
29/08/1933;0,0;V
30/08/1933;0,0;V
31/08/1933;0,0;V
01/09/1933;0,0;V
02/09/1933;20,0;V
03/09/1933;0,0;V
04/09/1933;0,0;V
05/09/1933;0,0;V
06/09/1933;0,0;V
07/09/1933;0,0;V
08/09/1933;0,0;V
09/09/1933;0,0;V
10/09/1933;0,0;V
11/09/1933;0,0;V
12/09/1933;10,2;V
13/09/1933;17,0;V
14/09/1933;0,0;V
15/09/1933;0,0;V
16/09/1933;0,0;V
17/09/1933;0,0;V
18/09/1933;0,0;V
19/09/1933;0,0;V
20/09/1933;12,0;V
21/09/1933;36,0;V
22/09/1933;28,0;V
23/09/1933;0,0;V
24/09/1933;7,0;V
25/09/1933;0,0;V
26/09/1933;0,0;V
27/09/1933;0,0;V
28/09/1933;0,0;V
29/09/1933;0,0;V
30/09/1933;0,0;V
01/10/1933;0,0;V
02/10/1933;0,0;V
03/10/1933;0,0;V
04/10/1933;0,0;V
05/10/1933;0,0;V
06/10/1933;0,0;V
07/10/1933;0,0;V
08/10/1933;0,0;V
09/10/1933;0,0;V
10/10/1933;50,0;V
11/10/1933;0,0;V
12/10/1933;4,1;V
13/10/1933;5,2;V
14/10/1933;6,0;V
15/10/1933;0,0;V
16/10/1933;0,0;V
17/10/1933;7,0;V
18/10/1933;8,0;V
19/10/1933;0,0;V
20/10/1933;0,0;V
21/10/1933;0,0;V
22/10/1933;0,0;V
23/10/1933;0,0;V
24/10/1933;0,0;V
25/10/1933;9,0;V
26/10/1933;6,0;V
27/10/1933;16,0;V
28/10/1933;0,0;V
29/10/1933;24,5;V
30/10/1933;26,1;V
31/10/1933;10,2;V
01/11/1933;7,0;V
02/11/1933;0,0;V
03/11/1933;0,0;V
04/11/1933;0,0;V
05/11/1933;0,0;V
06/11/1933;5,0;V
07/11/1933;3,0;V
08/11/1933;0,0;V
09/11/1933;0,0;V
10/11/1933;8,0;V
11/11/1933;15,0;V
12/11/1933;21,0;V
13/11/1933;12,0;V
14/11/1933;20,7;V
15/11/1933;0,0;V
16/11/1933;3,0;V
17/11/1933;0,0;V
18/11/1933;0,0;V
19/11/1933;0,0;V
20/11/1933;0,0;V
21/11/1933;8,0;V
22/11/1933;6,0;V
23/11/1933;0,0;V
24/11/1933;0,0;V
25/11/1933;3,0;V
26/11/1933;1,7;V
27/11/1933;1,4;V
28/11/1933;7,0;V
29/11/1933;0,0;V
30/11/1933;11,0;V
01/12/1933;2,0;V
02/12/1933;0,0;V
03/12/1933;0,0;V
04/12/1933;0,0;V
05/12/1933;0,0;V
06/12/1933;0,0;V
07/12/1933;10,1;V
08/12/1933;8,0;V
09/12/1933;0,0;V
10/12/1933;0,0;V
11/12/1933;0,0;V
12/12/1933;0,0;V
13/12/1933;40,1;V
14/12/1933;10,1;V
15/12/1933;10,2;V
16/12/1933;19,0;V
17/12/1933;0,0;V
18/12/1933;0,0;V
19/12/1933;0,0;V
20/12/1933;0,0;V
21/12/1933;0,0;V
22/12/1933;0,0;V
23/12/1933;0,0;V
24/12/1933;0,0;V
25/12/1933;0,0;V
26/12/1933;7,2;V
27/12/1933;20,1;V
28/12/1933;10,2;V
29/12/1933;9,9;V
30/12/1933;10,1;V
31/12/1933;0,0;V
01/01/1934;0,0;V
02/01/1934;0,0;V
03/01/1934;0,0;V
04/01/1934;0,0;V
05/01/1934;0,0;V
06/01/1934;0,0;V
07/01/1934;0,0;V
08/01/1934;0,0;V
09/01/1934;0,0;V
10/01/1934;0,0;V
11/01/1934;0,0;V
12/01/1934;2,1;V
13/01/1934;12,0;V
14/01/1934;0,0;V
15/01/1934;1,6;V
16/01/1934;1,8;V
17/01/1934;0,0;V
18/01/1934;0,0;V
19/01/1934;0,0;V
20/01/1934;6,0;V
21/01/1934;9,0;V
22/01/1934;0,0;V
23/01/1934;0,0;V
24/01/1934;0,0;V
25/01/1934;0,0;V
26/01/1934;0,0;V
27/01/1934;0,0;V
28/01/1934;37,0;V
29/01/1934;0,0;V
30/01/1934;0,0;V
31/01/1934;0,0;V
01/02/1934;0,0;V
02/02/1934;0,0;V
03/02/1934;0,0;V
04/02/1934;0,0;V
05/02/1934;0,0;V
06/02/1934;0,0;V
07/02/1934;0,0;V
08/02/1934;0,0;V
09/02/1934;0,0;V
10/02/1934;0,0;V
11/02/1934;0,0;V
12/02/1934;0,0;V
13/02/1934;0,0;V
14/02/1934;0,0;V
15/02/1934;0,0;V
16/02/1934;0,0;V
17/02/1934;0,0;V
18/02/1934;0,0;V
19/02/1934;0,0;V
20/02/1934;0,0;V
21/02/1934;0,0;V
22/02/1934;0,0;V
23/02/1934;0,0;V
24/02/1934;0,0;V
25/02/1934;0,0;V
26/02/1934;6,0;V
27/02/1934;28,1;V
28/02/1934;38,0;V
01/03/1934;20,8;V
02/03/1934;27,0;V
03/03/1934;3,0;V
04/03/1934;1,0;V
05/03/1934;0,0;V
06/03/1934;0,0;V
07/03/1934;0,0;V
08/03/1934;15,0;V
09/03/1934;0,0;V
10/03/1934;30,0;V
11/03/1934;3,0;V
12/03/1934;13,0;V
13/03/1934;45,1;V
14/03/1934;19,0;V
15/03/1934;18,0;V
16/03/1934;21,0;V
17/03/1934;20,0;V
18/03/1934;9,0;V
19/03/1934;0,0;V
20/03/1934;0,0;V
21/03/1934;0,0;V
22/03/1934;4,0;V
23/03/1934;3,0;V
24/03/1934;2,0;V
25/03/1934;1,0;V
26/03/1934;6,0;V
27/03/1934;0,0;V
28/03/1934;0,0;V
29/03/1934;0,0;V
30/03/1934;0,0;V
31/03/1934;0,0;V
01/04/1934;0,0;V
02/04/1934;0,0;V
03/04/1934;0,0;V
04/04/1934;0,0;V
05/04/1934;2,5;V
06/04/1934;5,5;V
07/04/1934;0,0;V
08/04/1934;35,0;V
09/04/1934;17,6;V
10/04/1934;1,4;V
11/04/1934;0,0;V
12/04/1934;0,0;V
13/04/1934;3,0;V
14/04/1934;2,0;V
15/04/1934;0,0;V
16/04/1934;0,0;V
17/04/1934;0,0;V
18/04/1934;0,0;V
19/04/1934;0,0;V
20/04/1934;7,0;V
21/04/1934;4,0;V
22/04/1934;0,0;V
23/04/1934;15,0;V
24/04/1934;56,0;V
25/04/1934;0,0;V
26/04/1934;0,0;V
27/04/1934;0,0;V
28/04/1934;0,0;V
29/04/1934;0,0;V
30/04/1934;0,0;V
01/05/1934;3,0;V
02/05/1934;1,0;V
03/05/1934;4,0;V
04/05/1934;28,0;V
05/05/1934;9,0;V
06/05/1934;0,0;V
07/05/1934;0,0;V
08/05/1934;0,0;V
09/05/1934;5,0;V
10/05/1934;0,0;V
11/05/1934;0,0;V
12/05/1934;0,0;V
13/05/1934;0,0;V
14/05/1934;2,5;V
15/05/1934;0,0;V
16/05/1934;27,5;V
17/05/1934;0,0;V
18/05/1934;9,9;V
19/05/1934;0,0;V
20/05/1934;0,0;V
21/05/1934;0,0;V
22/05/1934;0,0;V
23/05/1934;0,0;V
24/05/1934;0,0;V
25/05/1934;0,0;V
26/05/1934;0,0;V
27/05/1934;0,0;V
28/05/1934;0,0;V
29/05/1934;0,0;V
30/05/1934;0,0;V
31/05/1934;0,0;V
01/06/1934;4,9;V
02/06/1934;0,0;V
03/06/1934;0,0;V
04/06/1934;11,1;V
05/06/1934;0,0;V
06/06/1934;1,0;V
07/06/1934;5,0;V
08/06/1934;0,0;V
09/06/1934;0,0;V
10/06/1934;0,0;V
11/06/1934;0,0;V
12/06/1934;34,0;V
13/06/1934;0,0;V
14/06/1934;0,0;V
15/06/1934;0,0;V
16/06/1934;4,1;V
17/06/1934;0,0;V
18/06/1934;0,0;V
19/06/1934;0,0;V
20/06/1934;0,0;V
21/06/1934;0,0;V
22/06/1934;0,0;V
23/06/1934;0,0;V
24/06/1934;0,0;V
25/06/1934;0,0;V
26/06/1934;0,0;V
27/06/1934;0,0;V
28/06/1934;0,0;V
29/06/1934;0,0;V
30/06/1934;10,0;V
01/07/1934;0,0;R
02/07/1934;0,0;V
03/07/1934;0,0;V
04/07/1934;0,0;V
05/07/1934;0,0;V
06/07/1934;0,0;V
07/07/1934;0,0;V
08/07/1934;0,0;V
09/07/1934;0,0;V
10/07/1934;0,0;V
11/07/1934;0,0;V
12/07/1934;0,0;V
13/07/1934;0,0;V
14/07/1934;0,0;V
15/07/1934;0,0;V
16/07/1934;0,0;V
17/07/1934;0,0;V
18/07/1934;0,0;V
19/07/1934;0,0;V
20/07/1934;0,0;V
21/07/1934;0,0;V
22/07/1934;0,0;V
23/07/1934;0,0;V
24/07/1934;0,0;V
25/07/1934;0,0;R
26/07/1934;0,0;V
27/07/1934;0,0;V
28/07/1934;0,0;V
29/07/1934;0,0;V
30/07/1934;0,0;V
31/07/1934;0,0;V
01/08/1934;0,0;V
02/08/1934;0,0;V
03/08/1934;0,0;V
04/08/1934;3,1;V
05/08/1934;0,0;V
06/08/1934;0,0;V
07/08/1934;0,0;V
08/08/1934;14,0;V
09/08/1934;0,0;V
10/08/1934;0,0;V
11/08/1934;0,0;V
12/08/1934;0,0;V
13/08/1934;0,0;V
14/08/1934;0,0;V
15/08/1934;0,0;V
16/08/1934;0,0;V
17/08/1934;0,0;V
18/08/1934;0,0;V
19/08/1934;0,0;V
20/08/1934;0,0;V
21/08/1934;0,0;V
22/08/1934;1,5;V
23/08/1934;0,0;V
24/08/1934;0,0;V
25/08/1934;0,0;V
26/08/1934;0,0;V
27/08/1934;39,0;V
28/08/1934;0,0;V
29/08/1934;0,0;V
30/08/1934;0,0;V
31/08/1934;0,0;V
01/09/1934;3,6;V
02/09/1934;13,0;V
03/09/1934;0,0;V
04/09/1934;0,0;V
05/09/1934;0,0;V
06/09/1934;0,0;V
07/09/1934;0,0;V
08/09/1934;0,0;V
09/09/1934;0,0;V
10/09/1934;0,0;V
11/09/1934;0,0;V
12/09/1934;0,0;V
13/09/1934;0,0;V
14/09/1934;0,0;V
15/09/1934;0,0;V
16/09/1934;0,0;V
17/09/1934;0,0;V
18/09/1934;0,0;V
19/09/1934;0,0;V
20/09/1934;28,1;V
21/09/1934;0,0;V
22/09/1934;0,0;V
23/09/1934;0,0;V
24/09/1934;0,0;V
25/09/1934;0,0;V
26/09/1934;0,0;V
27/09/1934;0,0;V
28/09/1934;0,0;V
29/09/1934;0,0;V
30/09/1934;0,0;V
01/10/1934;0,0;V
02/10/1934;0,0;V
03/10/1934;0,0;V
04/10/1934;35,3;V
05/10/1934;10,1;V
06/10/1934;2,1;V
07/10/1934;2,3;V
08/10/1934;0,0;V
09/10/1934;0,0;V
10/10/1934;0,0;V
11/10/1934;10,4;V
12/10/1934;0,0;V
13/10/1934;0,0;V
14/10/1934;0,0;V
15/10/1934;0,0;V
16/10/1934;0,0;V
17/10/1934;0,0;V
18/10/1934;0,0;V
19/10/1934;0,0;V
20/10/1934;0,0;V
21/10/1934;0,0;V
22/10/1934;0,0;V
23/10/1934;0,0;V
24/10/1934;0,0;V
25/10/1934;0,0;V
26/10/1934;0,0;V
27/10/1934;0,0;V
28/10/1934;0,0;V
29/10/1934;12,0;V
30/10/1934;8,4;V
31/10/1934;16,3;V
01/11/1934;5,5;V
02/11/1934;0,0;V
03/11/1934;0,0;V
04/11/1934;12,0;V
05/11/1934;5,0;V
06/11/1934;1,2;V
07/11/1934;23,6;V
08/11/1934;21,0;V
09/11/1934;0,0;V
10/11/1934;0,4;V
11/11/1934;20,5;V
12/11/1934;3,4;V
13/11/1934;12,5;V
14/11/1934;2,8;V
15/11/1934;6,8;V
16/11/1934;20,3;V
17/11/1934;22,3;V
18/11/1934;20,3;V
19/11/1934;0,2;V
20/11/1934;0,0;V
21/11/1934;0,0;V
22/11/1934;0,0;V
23/11/1934;0,0;V
24/11/1934;0,0;V
25/11/1934;0,0;V
26/11/1934;0,0;V
27/11/1934;0,0;V
28/11/1934;0,0;V
29/11/1934;0,0;V
30/11/1934;0,0;V
01/12/1934;0,0;V
02/12/1934;0,0;V
03/12/1934;0,0;V
04/12/1934;5,1;V
05/12/1934;0,0;V
06/12/1934;0,0;V
07/12/1934;0,0;V
08/12/1934;0,0;V
09/12/1934;0,0;V
10/12/1934;3,9;V
11/12/1934;45,0;V
12/12/1934;10,2;V
13/12/1934;51,0;V
14/12/1934;12,4;V
15/12/1934;0,0;V
16/12/1934;20,0;V
17/12/1934;0,0;V
18/12/1934;0,0;V
19/12/1934;0,0;V
20/12/1934;0,0;V
21/12/1934;1,4;V
22/12/1934;0,0;V
23/12/1934;0,0;V
24/12/1934;0,0;V
25/12/1934;0,0;V
26/12/1934;0,0;V
27/12/1934;5,6;V
28/12/1934;9,1;V
29/12/1934;0,0;V
30/12/1934;0,0;V
31/12/1934;0,0;V
01/01/1935;0,0;V
02/01/1935;0,0;V
03/01/1935;0,0;V
04/01/1935;0,0;V
05/01/1935;10,0;V
06/01/1935;0,0;V
07/01/1935;0,0;V
08/01/1935;0,0;V
09/01/1935;0,0;V
10/01/1935;0,0;V
11/01/1935;0,0;V
12/01/1935;0,0;V
13/01/1935;4,2;S
14/01/1935;0,0;V
15/01/1935;0,0;V
16/01/1935;0,0;V
17/01/1935;0,0;V
18/01/1935;0,0;V
19/01/1935;0,0;V
20/01/1935;0,0;V
21/01/1935;0,0;V
22/01/1935;0,0;V
23/01/1935;0,0;V
24/01/1935;0,0;V
25/01/1935;6,0;V
26/01/1935;19,0;V
27/01/1935;28,0;V
28/01/1935;10,0;V
29/01/1935;0,0;V
30/01/1935;0,0;V
31/01/1935;0,0;V
01/02/1935;0,0;V
02/02/1935;0,0;V
03/02/1935;0,0;V
04/02/1935;0,0;V
05/02/1935;0,0;V
06/02/1935;0,0;V
07/02/1935;0,0;V
08/02/1935;25,0;V
09/02/1935;5,0;S
10/02/1935;0,0;V
11/02/1935;0,0;V
12/02/1935;0,0;V
13/02/1935;0,0;V
14/02/1935;0,0;V
15/02/1935;0,0;V
16/02/1935;0,0;V
17/02/1935;0,0;V
18/02/1935;0,0;V
19/02/1935;0,0;V
20/02/1935;0,0;V
21/02/1935;0,0;V
22/02/1935;0,0;V
23/02/1935;18,5;V
24/02/1935;0,0;V
25/02/1935;0,0;V
26/02/1935;5,2;V
27/02/1935;4,6;V
28/02/1935;20,3;V
01/03/1935;42,2;V
02/03/1935;1,9;V
03/03/1935;0,0;V
04/03/1935;0,0;V
05/03/1935;0,0;V
06/03/1935;0,0;V
07/03/1935;0,4;V
08/03/1935;0,0;V
09/03/1935;0,0;V
10/03/1935;0,0;V
11/03/1935;0,0;V
12/03/1935;0,0;V
13/03/1935;0,0;V
14/03/1935;0,0;V
15/03/1935;0,0;V
16/03/1935;0,0;V
17/03/1935;0,0;V
18/03/1935;0,0;V
19/03/1935;0,0;V
20/03/1935;0,0;V
21/03/1935;0,0;V
22/03/1935;0,0;V
23/03/1935;0,0;V
24/03/1935;0,7;V
25/03/1935;0,0;V
26/03/1935;0,0;V
27/03/1935;0,0;V
28/03/1935;0,0;V
29/03/1935;0,0;V
30/03/1935;0,0;V
31/03/1935;0,0;V
01/04/1935;0,0;V
02/04/1935;0,0;V
03/04/1935;0,0;V
04/04/1935;5,3;V
05/04/1935;4,1;V
06/04/1935;2,1;V
07/04/1935;0,0;V
08/04/1935;0,0;V
09/04/1935;0,0;V
10/04/1935;0,0;V
11/04/1935;0,0;V
12/04/1935;0,0;V
13/04/1935;4,4;V
14/04/1935;3,0;V
15/04/1935;0,0;V
16/04/1935;0,0;V
17/04/1935;0,0;V
18/04/1935;18,0;V
19/04/1935;0,0;V
20/04/1935;0,0;V
21/04/1935;0,0;V
22/04/1935;0,0;V
23/04/1935;0,0;V
24/04/1935;2,2;V
25/04/1935;0,0;V
26/04/1935;10,0;V
27/04/1935;0,0;V
28/04/1935;0,0;V
29/04/1935;0,0;V
30/04/1935;0,0;V
01/05/1935;0,0;V
02/05/1935;1,2;V
03/05/1935;0,0;V
04/05/1935;0,0;V
05/05/1935;0,0;V
06/05/1935;0,0;V
07/05/1935;1,9;V
08/05/1935;0,0;V
09/05/1935;2,6;V
10/05/1935;0,9;V
11/05/1935;0,0;V
12/05/1935;0,0;V
13/05/1935;0,0;V
14/05/1935;6,6;V
15/05/1935;0,0;V
16/05/1935;8,3;V
17/05/1935;6,3;V
18/05/1935;0,4;V
19/05/1935;0,0;V
20/05/1935;0,0;V
21/05/1935;0,0;V
22/05/1935;0,0;V
23/05/1935;19,0;V
24/05/1935;16,2;V
25/05/1935;0,0;V
26/05/1935;0,0;V
27/05/1935;0,2;V
28/05/1935;0,0;V
29/05/1935;4,0;V
30/05/1935;0,0;V
31/05/1935;29,0;V
01/06/1935;0,0;V
02/06/1935;0,5;V
03/06/1935;0,0;V
04/06/1935;0,0;V
05/06/1935;0,0;V
06/06/1935;0,0;V
07/06/1935;0,0;V
08/06/1935;0,0;V
09/06/1935;0,0;V
10/06/1935;0,0;V
11/06/1935;0,0;V
12/06/1935;0,0;V
13/06/1935;0,0;V
14/06/1935;0,0;V
15/06/1935;0,0;V
16/06/1935;0,0;V
17/06/1935;0,0;V
18/06/1935;0,0;V
19/06/1935;0,0;V
20/06/1935;0,0;V
21/06/1935;0,0;V
22/06/1935;0,0;V
23/06/1935;0,0;V
24/06/1935;0,0;V
25/06/1935;0,0;V
26/06/1935;0,0;V
27/06/1935;0,0;V
28/06/1935;0,0;V
29/06/1935;0,0;V
30/06/1935;12,5;V
01/07/1935;0,0;V
02/07/1935;0,0;V
03/07/1935;0,0;V
04/07/1935;0,0;V
05/07/1935;0,0;V
06/07/1935;0,0;V
07/07/1935;0,0;V
08/07/1935;0,0;V
09/07/1935;0,0;V
10/07/1935;0,0;V
11/07/1935;0,0;V
12/07/1935;0,0;V
13/07/1935;0,0;V
14/07/1935;0,0;V
15/07/1935;0,0;V
16/07/1935;1,2;V
17/07/1935;0,0;V
18/07/1935;0,0;V
19/07/1935;0,0;V
20/07/1935;0,0;V
21/07/1935;0,0;V
22/07/1935;0,0;V
23/07/1935;0,0;V
24/07/1935;0,0;V
25/07/1935;0,0;V
26/07/1935;0,0;V
27/07/1935;0,0;V
28/07/1935;0,0;V
29/07/1935;0,0;V
30/07/1935;0,0;V
31/07/1935;0,0;V
01/08/1935;0,0;V
02/08/1935;0,0;V
03/08/1935;0,0;V
04/08/1935;0,0;V
05/08/1935;0,0;V
06/08/1935;0,0;V
07/08/1935;0,0;V
08/08/1935;0,0;V
09/08/1935;0,0;V
10/08/1935;0,0;V
11/08/1935;0,0;V
12/08/1935;0,0;V
13/08/1935;0,0;V
14/08/1935;49,1;V
15/08/1935;39,9;V
16/08/1935;0,8;V
17/08/1935;0,0;V
18/08/1935;0,0;V
19/08/1935;0,0;V
20/08/1935;0,0;V
21/08/1935;0,0;V
22/08/1935;0,0;V
23/08/1935;0,0;V
24/08/1935;0,0;V
25/08/1935;0,0;V
26/08/1935;9,8;V
27/08/1935;6,0;V
28/08/1935;13,0;V
29/08/1935;0,0;V
30/08/1935;0,0;V
31/08/1935;0,0;V
01/09/1935;0,0;V
02/09/1935;0,0;V
03/09/1935;0,0;V
04/09/1935;0,0;V
05/09/1935;0,0;V
06/09/1935;0,0;V
07/09/1935;0,0;V
08/09/1935;0,0;V
09/09/1935;0,0;V
10/09/1935;17,2;V
11/09/1935;0,0;V
12/09/1935;0,0;V
13/09/1935;0,0;V
14/09/1935;0,0;V
15/09/1935;0,0;V
16/09/1935;5,3;V
17/09/1935;0,0;V
18/09/1935;7,3;V
19/09/1935;0,0;V
20/09/1935;0,0;V
21/09/1935;0,0;V
22/09/1935;0,0;V
23/09/1935;0,0;V
24/09/1935;0,0;V
25/09/1935;0,0;V
26/09/1935;0,0;V
27/09/1935;0,0;V
28/09/1935;0,0;V
29/09/1935;0,0;V
30/09/1935;0,0;V
01/10/1935;0,0;V
02/10/1935;71,0;V
03/10/1935;6,0;V
04/10/1935;11,2;V
05/10/1935;42,6;V
06/10/1935;67,3;V
07/10/1935;0,0;V
08/10/1935;0,0;V
09/10/1935;10,0;V
10/10/1935;0,0;V
11/10/1935;0,0;V
12/10/1935;0,0;V
13/10/1935;9,5;V
14/10/1935;0,0;V
15/10/1935;11,7;V
16/10/1935;0,0;V
17/10/1935;0,0;V
18/10/1935;0,0;V
19/10/1935;0,0;V
20/10/1935;5,2;V
21/10/1935;27,0;V
22/10/1935;10,0;V
23/10/1935;5,5;V
24/10/1935;0,0;V
25/10/1935;0,0;V
26/10/1935;0,0;V
27/10/1935;0,0;V
28/10/1935;0,0;V
29/10/1935;0,0;V
30/10/1935;0,0;V
31/10/1935;0,0;V
01/11/1935;0,0;V
02/11/1935;0,0;V
03/11/1935;0,0;V
04/11/1935;0,0;V
05/11/1935;13,0;V
06/11/1935;0,0;V
07/11/1935;0,0;V
08/11/1935;9,1;V
09/11/1935;12,3;V
10/11/1935;0,0;V
11/11/1935;7,7;V
12/11/1935;0,0;V
13/11/1935;0,0;V
14/11/1935;0,0;V
15/11/1935;0,0;V
16/11/1935;6,3;V
17/11/1935;11,2;V
18/11/1935;36,0;V
19/11/1935;0,0;V
20/11/1935;0,0;V
21/11/1935;34,0;V
22/11/1935;0,0;V
23/11/1935;6,0;V
24/11/1935;8,5;V
25/11/1935;0,0;V
26/11/1935;0,0;V
27/11/1935;0,0;V
28/11/1935;0,0;V
29/11/1935;0,0;V
30/11/1935;24,0;V
01/12/1935;15,5;V
02/12/1935;0,0;V
03/12/1935;0,0;V
04/12/1935;10,2;V
05/12/1935;19,0;V
06/12/1935;11,0;V
07/12/1935;0,0;V
08/12/1935;0,0;V
09/12/1935;0,0;V
10/12/1935;0,0;V
11/12/1935;0,0;V
12/12/1935;0,0;V
13/12/1935;7,0;V
14/12/1935;9,0;V
15/12/1935;4,0;V
16/12/1935;2,0;V
17/12/1935;19,0;V
18/12/1935;9,0;V
19/12/1935;16,0;V
20/12/1935;0,0;V
21/12/1935;0,0;V
22/12/1935;8,0;V
23/12/1935;0,0;V
24/12/1935;0,0;V
25/12/1935;16,0;V
26/12/1935;0,0;V
27/12/1935;9,3;V
28/12/1935;1,4;V
29/12/1935;0,0;V
30/12/1935;0,0;V
31/12/1935;0,0;V
01/01/1936;0,0;V
02/01/1936;19,0;V
03/01/1936;10,0;V
04/01/1936;14,3;V
05/01/1936;0,4;V
06/01/1936;0,0;V
07/01/1936;0,0;V
08/01/1936;20,6;V
09/01/1936;0,0;V
10/01/1936;4,1;V
11/01/1936;5,0;V
12/01/1936;0,0;V
13/01/1936;0,0;V
14/01/1936;0,0;V
15/01/1936;0,0;V
16/01/1936;0,0;V
17/01/1936;0,0;V
18/01/1936;21,0;V
19/01/1936;0,0;V
20/01/1936;6,0;V
21/01/1936;4,0;V
22/01/1936;3,6;V
23/01/1936;4,5;V
24/01/1936;0,0;V
25/01/1936;1,9;V
26/01/1936;0,0;V
27/01/1936;16,2;V
28/01/1936;5,2;V
29/01/1936;0,0;V
30/01/1936;8,9;V
31/01/1936;0,0;V
01/02/1936;10,2;V
02/02/1936;8,3;V
03/02/1936;2,2;V
04/02/1936;0,0;V
05/02/1936;0,0;V
06/02/1936;0,0;V
07/02/1936;0,0;V
08/02/1936;0,0;V
09/02/1936;0,0;V
10/02/1936;7,3;V
11/02/1936;4,0;V
12/02/1936;0,0;V
13/02/1936;0,0;V
14/02/1936;0,0;V
15/02/1936;6,3;V
16/02/1936;11,2;V
17/02/1936;4,5;V
18/02/1936;6,3;V
19/02/1936;3,8;V
20/02/1936;0,0;V
21/02/1936;0,0;V
22/02/1936;8,7;V
23/02/1936;0,0;V
24/02/1936;0,2;V
25/02/1936;9,4;V
26/02/1936;0,6;V
27/02/1936;0,0;V
28/02/1936;29,6;V
29/02/1936;0,0;V
01/03/1936;0,0;R
02/03/1936;9,2;V
03/03/1936;19,2;V
04/03/1936;0,0;V
05/03/1936;0,0;V
06/03/1936;0,0;V
07/03/1936;5,5;V
08/03/1936;0,0;V
09/03/1936;0,0;V
10/03/1936;0,0;V
11/03/1936;0,0;V
12/03/1936;0,0;V
13/03/1936;0,0;V
14/03/1936;6,6;V
15/03/1936;0,0;V
16/03/1936;0,0;V
17/03/1936;0,0;V
18/03/1936;0,0;V
19/03/1936;0,0;V
20/03/1936;0,0;V
21/03/1936;0,0;V
22/03/1936;0,0;V
23/03/1936;6,0;V
24/03/1936;5,5;V
25/03/1936;0,0;V
26/03/1936;6,4;V
27/03/1936;7,8;V
28/03/1936;0,0;V
29/03/1936;0,0;V
30/03/1936;0,0;V
31/03/1936;0,0;V
01/04/1936;0,0;V
02/04/1936;0,0;V
03/04/1936;1,6;V
04/04/1936;0,0;V
05/04/1936;2,3;V
06/04/1936;0,0;V
07/04/1936;0,0;V
08/04/1936;1,8;V
09/04/1936;0,5;V
10/04/1936;0,0;V
11/04/1936;0,0;V
12/04/1936;0,0;V
13/04/1936;0,0;V
14/04/1936;8,2;V
15/04/1936;7,4;V
16/04/1936;9,1;V
17/04/1936;11,3;V
18/04/1936;0,0;V
19/04/1936;0,0;V
20/04/1936;0,0;V
21/04/1936;5,1;V
22/04/1936;7,0;V
23/04/1936;11,9;V
24/04/1936;4,6;V
25/04/1936;0,0;V
26/04/1936;0,0;V
27/04/1936;0,0;V
28/04/1936;0,0;V
29/04/1936;13,4;V
30/04/1936;7,2;V
01/05/1936;1,3;V
02/05/1936;0,0;V
03/05/1936;6,7;V
04/05/1936;1,0;V
05/05/1936;0,0;V
06/05/1936;0,0;V
07/05/1936;0,0;V
08/05/1936;4,2;V
09/05/1936;2,7;V
10/05/1936;3,1;V
11/05/1936;0,0;V
12/05/1936;0,0;V
13/05/1936;3,0;V
14/05/1936;0,0;V
15/05/1936;0,0;V
16/05/1936;3,2;V
17/05/1936;0,0;V
18/05/1936;0,0;V
19/05/1936;0,0;V
20/05/1936;7,9;V
21/05/1936;0,0;V
22/05/1936;10,1;V
23/05/1936;20,2;V
24/05/1936;19,0;V
25/05/1936;0,0;V
26/05/1936;0,0;V
27/05/1936;6,3;V
28/05/1936;0,0;V
29/05/1936;0,0;V
30/05/1936;0,0;V
31/05/1936;16,2;V
01/06/1936;0,0;V
02/06/1936;0,0;V
03/06/1936;0,0;V
04/06/1936;21,1;V
05/06/1936;4,5;V
06/06/1936;0,0;V
07/06/1936;6,6;V
08/06/1936;0,0;V
09/06/1936;0,0;V
10/06/1936;5,3;V
11/06/1936;2,4;V
12/06/1936;49,6;V
13/06/1936;0,0;V
14/06/1936;0,0;V
15/06/1936;0,0;V
16/06/1936;0,0;V
17/06/1936;0,0;V
18/06/1936;7,0;V
19/06/1936;0,0;V
20/06/1936;0,0;V
21/06/1936;0,0;V
22/06/1936;0,0;V
23/06/1936;0,0;V
24/06/1936;0,0;V
25/06/1936;0,0;V
26/06/1936;4,5;V
27/06/1936;0,0;V
28/06/1936;1,2;V
29/06/1936;0,0;V
30/06/1936;0,0;V
01/07/1936;0,0;V
02/07/1936;0,0;V
03/07/1936;8,4;V
04/07/1936;1,1;V
05/07/1936;0,0;V
06/07/1936;0,0;V
07/07/1936;0,0;V
08/07/1936;0,0;V
09/07/1936;0,0;V
10/07/1936;0,0;V
11/07/1936;0,0;V
12/07/1936;2,2;V
13/07/1936;0,0;V
14/07/1936;0,0;V
15/07/1936;0,0;V
16/07/1936;0,0;V
17/07/1936;0,0;V
18/07/1936;0,0;V
19/07/1936;0,0;V
20/07/1936;0,0;V
21/07/1936;0,0;V
22/07/1936;0,0;V
23/07/1936;0,0;V
24/07/1936;0,0;V
25/07/1936;0,0;V
26/07/1936;0,0;V
27/07/1936;0,0;V
28/07/1936;0,0;V
29/07/1936;0,0;V
30/07/1936;0,0;V
31/07/1936;2,1;V
01/08/1936;7,0;V
02/08/1936;0,6;V
03/08/1936;0,0;V
04/08/1936;0,0;V
05/08/1936;0,0;V
06/08/1936;0,0;V
07/08/1936;0,0;V
08/08/1936;0,0;V
09/08/1936;0,0;V
10/08/1936;0,0;V
11/08/1936;0,1;V
12/08/1936;0,0;V
13/08/1936;0,0;V
14/08/1936;0,0;V
15/08/1936;0,0;V
16/08/1936;0,0;V
17/08/1936;0,0;V
18/08/1936;0,0;V
19/08/1936;0,0;V
20/08/1936;0,0;V
21/08/1936;0,0;V
22/08/1936;0,0;V
23/08/1936;0,0;V
24/08/1936;0,0;V
25/08/1936;0,0;V
26/08/1936;0,0;V
27/08/1936;0,0;V
28/08/1936;0,0;V
29/08/1936;0,0;V
30/08/1936;0,0;V
31/08/1936;0,0;V
01/09/1936;0,0;V
02/09/1936;0,0;V
03/09/1936;0,0;V
04/09/1936;0,0;V
05/09/1936;0,0;V
06/09/1936;0,0;V
07/09/1936;3,9;V
08/09/1936;0,0;V
09/09/1936;0,0;V
10/09/1936;0,0;V
11/09/1936;0,0;V
12/09/1936;2,1;V
13/09/1936;0,0;V
14/09/1936;0,0;V
15/09/1936;0,0;V
16/09/1936;0,0;V
17/09/1936;1,6;V
18/09/1936;27,4;V
19/09/1936;0,0;V
20/09/1936;0,0;V
21/09/1936;0,0;V
22/09/1936;0,0;V
23/09/1936;0,0;V
24/09/1936;0,0;V
25/09/1936;0,0;V
26/09/1936;3,0;V
27/09/1936;9,7;V
28/09/1936;16,3;V
29/09/1936;0,0;R
30/09/1936;0,0;V
01/10/1936;0,0;V
02/10/1936;0,0;V
03/10/1936;5,0;V
04/10/1936;0,0;V
05/10/1936;0,0;V
06/10/1936;10,3;V
07/10/1936;46,6;V
08/10/1936;9,7;V
09/10/1936;9,3;V
10/10/1936;5,0;V
11/10/1936;18,7;V
12/10/1936;0,0;V
13/10/1936;0,0;V
14/10/1936;0,0;V
15/10/1936;0,0;V
16/10/1936;0,0;V
17/10/1936;0,0;V
18/10/1936;0,0;V
19/10/1936;0,0;V
20/10/1936;2,2;V
21/10/1936;0,0;V
22/10/1936;0,0;V
23/10/1936;0,0;V
24/10/1936;0,0;V
25/10/1936;0,0;V
26/10/1936;0,0;V
27/10/1936;0,0;V
28/10/1936;1,6;V
29/10/1936;1,8;V
30/10/1936;0,0;V
31/10/1936;0,0;V
01/11/1936;0,0;V
02/11/1936;0,0;V
03/11/1936;0,0;V
04/11/1936;0,0;V
05/11/1936;0,0;V
06/11/1936;0,0;V
07/11/1936;21,4;V
08/11/1936;19,3;V
09/11/1936;0,0;V
10/11/1936;0,0;V
11/11/1936;0,0;V
12/11/1936;2,0;V
13/11/1936;0,0;V
14/11/1936;14,3;V
15/11/1936;0,0;V
16/11/1936;0,0;V
17/11/1936;0,0;V
18/11/1936;0,0;V
19/11/1936;0,0;V
20/11/1936;0,0;V
21/11/1936;0,0;V
22/11/1936;0,0;V
23/11/1936;0,0;V
24/11/1936;0,0;V
25/11/1936;0,0;V
26/11/1936;0,0;V
27/11/1936;0,0;V
28/11/1936;8,0;V
29/11/1936;0,0;V
30/11/1936;0,0;V
01/12/1936;0,0;V
02/12/1936;0,0;V
03/12/1936;0,0;V
04/12/1936;0,0;V
05/12/1936;0,0;V
06/12/1936;0,0;V
07/12/1936;6,2;V
08/12/1936;9,5;V
09/12/1936;0,0;V
10/12/1936;0,0;V
11/12/1936;2,2;V
12/12/1936;0,0;V
13/12/1936;0,0;V
14/12/1936;6,0;V
15/12/1936;3,1;V
16/12/1936;0,0;V
17/12/1936;2,0;V
18/12/1936;0,0;V
19/12/1936;0,0;V
20/12/1936;0,0;V
21/12/1936;0,0;V
22/12/1936;0,0;V
23/12/1936;0,0;V
24/12/1936;0,0;V
25/12/1936;0,0;V
26/12/1936;0,0;V
27/12/1936;0,0;V
28/12/1936;0,0;V
29/12/1936;3,1;V
30/12/1936;0,0;V
31/12/1936;0,0;V
01/01/1937;0,5;V
02/01/1937;0,0;V
03/01/1937;0,0;V
04/01/1937;0,0;V
05/01/1937;0,0;V
06/01/1937;3,0;V
07/01/1937;0,0;V
08/01/1937;0,0;V
09/01/1937;0,0;V
10/01/1937;0,0;V
11/01/1937;0,0;V
12/01/1937;0,0;V
13/01/1937;0,0;V
14/01/1937;0,0;V
15/01/1937;0,0;V
16/01/1937;11,0;V
17/01/1937;0,0;V
18/01/1937;6,0;V
19/01/1937;5,0;V
20/01/1937;0,0;V
21/01/1937;0,0;V
22/01/1937;1,0;V
23/01/1937;0,0;V
24/01/1937;0,0;V
25/01/1937;11,0;V
26/01/1937;7,0;V
27/01/1937;8,0;V
28/01/1937;22,0;V
29/01/1937;31,0;V
30/01/1937;8,0;V
31/01/1937;0,0;V
01/02/1937;0,0;V
02/02/1937;0,0;V
03/02/1937;0,0;V
04/02/1937;0,0;V
05/02/1937;0,0;V
06/02/1937;10,0;V
07/02/1937;0,0;V
08/02/1937;8,0;V
09/02/1937;0,0;R
10/02/1937;0,0;R
11/02/1937;2,0;V
12/02/1937;0,0;V
13/02/1937;0,0;V
14/02/1937;0,0;V
15/02/1937;0,0;V
16/02/1937;0,0;V
17/02/1937;0,0;R
18/02/1937;0,0;R
19/02/1937;0,0;V
20/02/1937;0,0;V
21/02/1937;0,0;V
22/02/1937;0,0;V
23/02/1937;45,0;V
24/02/1937;0,0;V
25/02/1937;5,0;V
26/02/1937;0,0;V
27/02/1937;0,0;R
28/02/1937;0,0;V
01/03/1937;6,0;V
02/03/1937;0,0;V
03/03/1937;2,0;V
04/03/1937;0,0;V
05/03/1937;12,0;V
06/03/1937;40,0;V
07/03/1937;0,0;V
08/03/1937;0,0;V
09/03/1937;8,0;V
10/03/1937;32,0;V
11/03/1937;4,0;V
12/03/1937;0,5;V
13/03/1937;9,5;V
14/03/1937;13,0;V
15/03/1937;3,0;V
16/03/1937;0,0;V
17/03/1937;0,0;V
18/03/1937;0,0;V
19/03/1937;0,0;V
20/03/1937;0,0;V
21/03/1937;8,0;V
22/03/1937;3,0;V
23/03/1937;24,0;V
24/03/1937;18,0;V
25/03/1937;0,0;V
26/03/1937;0,0;V
27/03/1937;15,4;V
28/03/1937;0,6;V
29/03/1937;4,0;V
30/03/1937;0,0;V
31/03/1937;0,0;V
01/04/1937;0,0;V
02/04/1937;0,0;V
03/04/1937;0,0;V
04/04/1937;18,0;V
05/04/1937;6,0;V
06/04/1937;0,0;V
07/04/1937;0,0;V
08/04/1937;1,5;V
09/04/1937;1,0;V
10/04/1937;0,0;V
11/04/1937;3,0;V
12/04/1937;0,0;V
13/04/1937;5,0;V
14/04/1937;33,1;V
15/04/1937;0,0;R
16/04/1937;0,0;V
17/04/1937;0,0;V
18/04/1937;0,0;V
19/04/1937;5,0;V
20/04/1937;3,0;V
21/04/1937;14,0;V
22/04/1937;0,0;V
23/04/1937;0,0;V
24/04/1937;0,0;V
25/04/1937;0,0;V
26/04/1937;1,0;V
27/04/1937;0,0;V
28/04/1937;9,0;V
29/04/1937;0,0;V
30/04/1937;0,0;V
01/05/1937;0,0;V
02/05/1937;0,0;V
03/05/1937;7,0;V
04/05/1937;0,0;V
05/05/1937;5,0;V
06/05/1937;4,0;V
07/05/1937;0,0;V
08/05/1937;0,0;V
09/05/1937;0,0;V
10/05/1937;0,0;V
11/05/1937;0,0;V
12/05/1937;0,0;V
13/05/1937;18,0;V
14/05/1937;12,0;V
15/05/1937;0,0;V
16/05/1937;0,0;V
17/05/1937;0,0;V
18/05/1937;0,0;V
19/05/1937;0,0;V
20/05/1937;0,0;V
21/05/1937;0,0;V
22/05/1937;10,5;V
23/05/1937;0,0;V
24/05/1937;0,0;V
25/05/1937;0,0;V
26/05/1937;0,0;R
27/05/1937;0,0;V
28/05/1937;0,0;V
29/05/1937;0,0;V
30/05/1937;0,0;R
31/05/1937;0,0;V
01/06/1937;0,0;V
02/06/1937;0,0;V
03/06/1937;0,0;V
04/06/1937;0,0;V
05/06/1937;0,0;V
06/06/1937;0,0;V
07/06/1937;0,0;V
08/06/1937;0,0;V
09/06/1937;0,0;V
10/06/1937;0,0;V
11/06/1937;0,0;V
12/06/1937;0,0;V
13/06/1937;0,0;V
14/06/1937;0,0;V
15/06/1937;26,0;V
16/06/1937;34,0;V
17/06/1937;4,0;V
18/06/1937;0,0;V
19/06/1937;0,0;V
20/06/1937;29,0;V
21/06/1937;0,0;V
22/06/1937;0,0;V
23/06/1937;0,0;V
24/06/1937;0,0;V
25/06/1937;6,0;V
26/06/1937;0,0;V
27/06/1937;0,0;V
28/06/1937;0,0;V
29/06/1937;25,0;V
30/06/1937;0,0;V
01/07/1937;0,0;V
02/07/1937;0,0;V
03/07/1937;0,0;V
04/07/1937;0,0;V
05/07/1937;0,0;V
06/07/1937;0,0;V
07/07/1937;0,0;V
08/07/1937;0,0;V
09/07/1937;0,0;V
10/07/1937;0,0;V
11/07/1937;0,0;V
12/07/1937;0,0;V
13/07/1937;0,0;V
14/07/1937;0,0;V
15/07/1937;0,0;V
16/07/1937;0,0;V
17/07/1937;0,0;V
18/07/1937;15,0;V
19/07/1937;5,0;V
20/07/1937;0,0;V
21/07/1937;0,0;V
22/07/1937;0,0;V
23/07/1937;0,0;V
24/07/1937;0,0;V
25/07/1937;0,0;V
26/07/1937;0,0;V
27/07/1937;0,0;V
28/07/1937;0,0;V
29/07/1937;0,0;V
30/07/1937;0,0;V
31/07/1937;0,0;V
01/08/1937;30,0;V
02/08/1937;5,0;V
03/08/1937;0,0;V
04/08/1937;0,0;V
05/08/1937;0,0;V
06/08/1937;0,0;V
07/08/1937;0,0;V
08/08/1937;0,0;V
09/08/1937;0,0;V
10/08/1937;0,0;V
11/08/1937;0,0;V
12/08/1937;0,0;V
13/08/1937;0,0;V
14/08/1937;0,0;V
15/08/1937;0,0;V
16/08/1937;0,0;V
17/08/1937;0,0;V
18/08/1937;0,0;V
19/08/1937;0,0;V
20/08/1937;0,0;V
21/08/1937;41,0;V
22/08/1937;0,0;V
23/08/1937;0,0;V
24/08/1937;0,0;V
25/08/1937;0,0;V
26/08/1937;0,0;V
27/08/1937;0,0;V
28/08/1937;0,0;V
29/08/1937;13,0;V
30/08/1937;0,0;V
31/08/1937;33,0;V
01/09/1937;0,0;V
02/09/1937;0,0;V
03/09/1937;0,0;V
04/09/1937;0,0;V
05/09/1937;0,0;V
06/09/1937;0,0;V
07/09/1937;0,0;V
08/09/1937;0,0;V
09/09/1937;0,0;V
10/09/1937;0,0;V
11/09/1937;64,0;V
12/09/1937;13,0;V
13/09/1937;3,0;V
14/09/1937;0,0;V
15/09/1937;4,0;V
16/09/1937;0,0;V
17/09/1937;0,0;V
18/09/1937;5,0;V
19/09/1937;55,0;V
20/09/1937;0,0;V
21/09/1937;5,0;V
22/09/1937;18,0;V
23/09/1937;0,0;V
24/09/1937;0,0;V
25/09/1937;0,0;V
26/09/1937;0,0;V
27/09/1937;0,0;V
28/09/1937;0,0;V
29/09/1937;0,0;V
30/09/1937;0,0;V
01/10/1937;8,0;V
02/10/1937;0,0;V
03/10/1937;0,0;V
04/10/1937;0,0;V
05/10/1937;30,0;V
06/10/1937;7,5;V
07/10/1937;19,0;V
08/10/1937;6,0;V
09/10/1937;2,0;V
10/10/1937;0,0;V
11/10/1937;0,0;V
12/10/1937;3,0;V
13/10/1937;0,0;V
14/10/1937;0,0;V
15/10/1937;0,0;V
16/10/1937;0,0;V
17/10/1937;0,0;V
18/10/1937;0,0;V
19/10/1937;0,0;V
20/10/1937;0,0;V
21/10/1937;0,0;V
22/10/1937;15,0;V
23/10/1937;8,0;V
24/10/1937;28,0;V
25/10/1937;6,0;V
26/10/1937;0,0;V
27/10/1937;0,0;V
28/10/1937;0,0;V
29/10/1937;22,0;V
30/10/1937;0,0;V
31/10/1937;0,0;V
01/11/1937;0,0;V
02/11/1937;0,0;V
03/11/1937;3,0;V
04/11/1937;0,0;V
05/11/1937;0,0;V
06/11/1937;13,0;V
07/11/1937;0,0;V
08/11/1937;0,0;V
09/11/1937;11,0;V
10/11/1937;9,0;V
11/11/1937;13,0;V
12/11/1937;0,0;V
13/11/1937;0,0;V
14/11/1937;20,0;V
15/11/1937;31,0;V
16/11/1937;0,0;V
17/11/1937;2,0;V
18/11/1937;28,0;V
19/11/1937;16,0;V
20/11/1937;5,0;V
21/11/1937;6,0;V
22/11/1937;0,0;V
23/11/1937;1,0;V
24/11/1937;0,0;V
25/11/1937;11,0;V
26/11/1937;0,0;V
27/11/1937;0,0;V
28/11/1937;0,0;V
29/11/1937;0,0;V
30/11/1937;0,0;V
01/12/1937;0,0;V
02/12/1937;43,0;V
03/12/1937;33,0;V
04/12/1937;4,5;V
05/12/1937;0,0;V
06/12/1937;19,0;V
07/12/1937;20,0;V
08/12/1937;0,5;V
09/12/1937;0,0;V
10/12/1937;4,0;V
11/12/1937;4,5;V
12/12/1937;40,0;V
13/12/1937;7,0;V
14/12/1937;0,0;V
15/12/1937;4,0;V
16/12/1937;10,0;V
17/12/1937;5,0;V
18/12/1937;4,0;V
19/12/1937;0,0;V
20/12/1937;0,0;V
21/12/1937;0,0;V
22/12/1937;0,0;V
23/12/1937;0,0;V
24/12/1937;0,0;V
25/12/1937;0,0;V
26/12/1937;0,0;V
27/12/1937;0,0;V
28/12/1937;0,0;V
29/12/1937;0,0;V
30/12/1937;0,0;V
31/12/1937;0,0;V
01/01/1938;0,0;V
02/01/1938;0,0;V
03/01/1938;0,0;V
04/01/1938;0,0;V
05/01/1938;0,0;V
06/01/1938;0,0;V
07/01/1938;0,0;V
08/01/1938;4,1;V
09/01/1938;20,1;V
10/01/1938;14,3;V
11/01/1938;9,9;V
12/01/1938;0,0;V
13/01/1938;4,1;V
14/01/1938;0,0;V
15/01/1938;0,0;V
16/01/1938;7,2;V
17/01/1938;0,0;V
18/01/1938;2,1;V
19/01/1938;0,0;V
20/01/1938;1,1;V
21/01/1938;0,0;V
22/01/1938;0,0;V
23/01/1938;0,0;V
24/01/1938;0,0;V
25/01/1938;0,0;V
26/01/1938;0,0;V
27/01/1938;0,0;V
28/01/1938;15,3;V
29/01/1938;0,0;V
30/01/1938;10,2;V
31/01/1938;0,0;V
01/02/1938;0,0;V
02/02/1938;0,0;V
03/02/1938;0,0;V
04/02/1938;0,0;V
05/02/1938;0,0;V
06/02/1938;0,0;V
07/02/1938;0,0;V
08/02/1938;0,0;V
09/02/1938;0,0;V
10/02/1938;0,0;V
11/02/1938;12,8;V
12/02/1938;0,0;V
13/02/1938;0,0;V
14/02/1938;0,0;V
15/02/1938;0,0;V
16/02/1938;0,0;V
17/02/1938;0,0;V
18/02/1938;7,1;V
19/02/1938;0,0;V
20/02/1938;0,0;V
21/02/1938;0,0;V
22/02/1938;0,0;V
23/02/1938;0,0;V
24/02/1938;0,0;V
25/02/1938;0,0;V
26/02/1938;0,0;V
27/02/1938;0,0;V
28/02/1938;0,0;V
01/03/1938;0,0;V
02/03/1938;0,0;V
03/03/1938;0,0;V
04/03/1938;0,0;V
05/03/1938;0,0;V
06/03/1938;0,0;V
07/03/1938;0,0;V
08/03/1938;0,0;V
09/03/1938;0,0;V
10/03/1938;0,0;V
11/03/1938;0,0;V
12/03/1938;0,0;V
13/03/1938;0,0;V
14/03/1938;0,0;V
15/03/1938;0,0;V
16/03/1938;0,0;V
17/03/1938;0,0;V
18/03/1938;0,0;V
19/03/1938;0,0;V
20/03/1938;0,0;V
21/03/1938;0,0;V
22/03/1938;0,0;V
23/03/1938;0,0;V
24/03/1938;0,0;V
25/03/1938;0,0;V
26/03/1938;0,4;V
27/03/1938;0,0;V
28/03/1938;0,0;V
29/03/1938;0,0;V
30/03/1938;0,0;V
31/03/1938;0,0;V
01/04/1938;0,0;V
02/04/1938;0,0;V
03/04/1938;0,0;V
04/04/1938;1,2;V
05/04/1938;0,0;V
06/04/1938;0,0;V
07/04/1938;0,0;V
08/04/1938;0,0;V
09/04/1938;0,0;V
10/04/1938;0,0;V
11/04/1938;0,0;V
12/04/1938;0,0;V
13/04/1938;0,0;V
14/04/1938;0,0;V
15/04/1938;0,0;V
16/04/1938;0,0;V
17/04/1938;0,0;V
18/04/1938;0,0;V
19/04/1938;0,0;V
20/04/1938;0,0;V
21/04/1938;1,2;V
22/04/1938;0,0;V
23/04/1938;0,0;V
24/04/1938;0,0;V
25/04/1938;0,0;V
26/04/1938;0,0;V
27/04/1938;1,1;V
28/04/1938;1,9;V
29/04/1938;7,0;V
30/04/1938;20,7;V
01/05/1938;0,0;V
02/05/1938;0,0;V
03/05/1938;0,0;V
04/05/1938;2,1;V
05/05/1938;0,0;V
06/05/1938;2,7;V
07/05/1938;17,0;V
08/05/1938;10,8;V
09/05/1938;0,0;V
10/05/1938;2,6;V
11/05/1938;0,0;V
12/05/1938;0,0;V
13/05/1938;0,0;V
14/05/1938;0,0;V
15/05/1938;0,0;V
16/05/1938;0,0;V
17/05/1938;0,0;V
18/05/1938;14,8;V
19/05/1938;0,0;V
20/05/1938;10,0;V
21/05/1938;8,0;V
22/05/1938;10,2;V
23/05/1938;1,9;V
24/05/1938;0,0;V
25/05/1938;0,0;V
26/05/1938;0,0;V
27/05/1938;5,2;V
28/05/1938;5,0;V
29/05/1938;4,8;V
30/05/1938;0,0;V
31/05/1938;0,0;V
01/06/1938;0,0;V
02/06/1938;0,0;V
03/06/1938;0,0;V
04/06/1938;0,0;V
05/06/1938;0,0;V
06/06/1938;0,0;V
07/06/1938;0,0;V
08/06/1938;0,0;V
09/06/1938;0,0;V
10/06/1938;0,0;V
11/06/1938;0,0;V
12/06/1938;0,0;V
13/06/1938;57,2;V
14/06/1938;5,1;V
15/06/1938;0,0;V
16/06/1938;0,0;V
17/06/1938;0,0;V
18/06/1938;0,0;V
19/06/1938;0,0;V
20/06/1938;0,0;V
21/06/1938;0,0;V
22/06/1938;0,0;V
23/06/1938;0,0;V
24/06/1938;0,0;V
25/06/1938;0,0;V
26/06/1938;0,0;V
27/06/1938;0,0;V
28/06/1938;0,0;V
29/06/1938;0,0;V
30/06/1938;0,0;V
01/07/1938;0,0;V
02/07/1938;0,0;V
03/07/1938;0,0;V
04/07/1938;6,0;V
05/07/1938;0,0;V
06/07/1938;0,0;V
07/07/1938;0,0;V
08/07/1938;0,0;V
09/07/1938;0,0;V
10/07/1938;0,0;V
11/07/1938;0,0;V
12/07/1938;0,0;V
13/07/1938;0,0;V
14/07/1938;0,0;V
15/07/1938;0,0;V
16/07/1938;0,0;V
17/07/1938;0,0;V
18/07/1938;0,0;V
19/07/1938;0,0;V
20/07/1938;0,0;V
21/07/1938;0,0;V
22/07/1938;0,0;V
23/07/1938;0,0;V
24/07/1938;0,0;V
25/07/1938;0,0;V
26/07/1938;0,0;V
27/07/1938;0,0;V
28/07/1938;0,0;V
29/07/1938;0,0;V
30/07/1938;0,0;V
31/07/1938;0,0;V
01/08/1938;0,0;V
02/08/1938;3,0;V
03/08/1938;0,0;V
04/08/1938;0,0;V
05/08/1938;0,0;V
06/08/1938;0,0;V
07/08/1938;0,0;V
08/08/1938;0,0;V
09/08/1938;0,0;V
10/08/1938;0,0;V
11/08/1938;0,0;V
12/08/1938;0,0;V
13/08/1938;0,0;V
14/08/1938;15,2;V
15/08/1938;0,0;V
16/08/1938;0,0;V
17/08/1938;0,0;V
18/08/1938;0,0;V
19/08/1938;0,0;V
20/08/1938;0,0;V
21/08/1938;0,0;V
22/08/1938;23,0;V
23/08/1938;0,0;V
24/08/1938;0,0;V
25/08/1938;0,0;V
26/08/1938;0,0;V
27/08/1938;0,0;V
28/08/1938;0,0;V
29/08/1938;11,0;V
30/08/1938;0,0;V
31/08/1938;0,0;V
01/09/1938;0,0;V
02/09/1938;0,0;V
03/09/1938;0,0;V
04/09/1938;0,0;V
05/09/1938;3,0;V
06/09/1938;57,0;V
07/09/1938;0,0;V
08/09/1938;0,0;V
09/09/1938;0,0;V
10/09/1938;15,0;V
11/09/1938;0,0;V
12/09/1938;0,0;V
13/09/1938;0,0;V
14/09/1938;0,0;V
15/09/1938;0,0;V
16/09/1938;60,1;V
17/09/1938;0,0;V
18/09/1938;0,0;V
19/09/1938;0,0;V
20/09/1938;0,0;V
21/09/1938;0,0;V
22/09/1938;0,0;V
23/09/1938;0,0;V
24/09/1938;0,0;V
25/09/1938;0,0;V
26/09/1938;0,0;V
27/09/1938;0,0;V
28/09/1938;4,0;V
29/09/1938;4,9;V
30/09/1938;7,1;V
01/10/1938;21,0;V
02/10/1938;6,0;V
03/10/1938;0,0;V
04/10/1938;6,1;V
05/10/1938;70,2;V
06/10/1938;2,0;V
07/10/1938;0,0;V
08/10/1938;0,0;V
09/10/1938;2,0;V
10/10/1938;0,0;V
11/10/1938;0,0;V
12/10/1938;0,0;V
13/10/1938;0,0;V
14/10/1938;0,0;V
15/10/1938;0,0;V
16/10/1938;0,0;V
17/10/1938;0,0;V
18/10/1938;0,0;V
19/10/1938;0,0;V
20/10/1938;0,0;V
21/10/1938;0,0;V
22/10/1938;0,0;V
23/10/1938;0,0;V
24/10/1938;0,0;V
25/10/1938;0,0;V
26/10/1938;11,0;V
27/10/1938;19,0;V
28/10/1938;20,1;V
29/10/1938;9,0;V
30/10/1938;14,1;V
31/10/1938;5,2;V
01/11/1938;0,0;V
02/11/1938;0,0;V
03/11/1938;0,0;V
04/11/1938;0,0;V
05/11/1938;0,0;V
06/11/1938;0,0;V
07/11/1938;0,0;V
08/11/1938;0,0;V
09/11/1938;0,0;V
10/11/1938;0,0;V
11/11/1938;0,0;V
12/11/1938;0,0;V
13/11/1938;0,0;V
14/11/1938;0,0;V
15/11/1938;0,0;V
16/11/1938;0,0;V
17/11/1938;0,0;V
18/11/1938;0,0;V
19/11/1938;0,0;V
20/11/1938;1,7;V
21/11/1938;18,0;V
22/11/1938;28,0;V
23/11/1938;0,0;V
24/11/1938;4,1;V
25/11/1938;0,0;V
26/11/1938;0,0;V
27/11/1938;18,2;V
28/11/1938;0,0;V
29/11/1938;0,0;V
30/11/1938;0,0;V
01/12/1938;0,0;V
02/12/1938;19,8;V
03/12/1938;0,0;V
04/12/1938;0,0;V
05/12/1938;0,0;V
06/12/1938;0,0;V
07/12/1938;8,1;V
08/12/1938;0,0;V
09/12/1938;0,0;V
10/12/1938;0,0;V
11/12/1938;0,0;V
12/12/1938;0,0;V
13/12/1938;0,0;V
14/12/1938;0,0;V
15/12/1938;0,0;V
16/12/1938;0,0;V
17/12/1938;0,0;V
18/12/1938;0,0;V
19/12/1938;0,0;V
20/12/1938;18,1;V
21/12/1938;34,2;V
22/12/1938;0,0;V
23/12/1938;14,4;V
24/12/1938;0,0;V
25/12/1938;0,0;V
26/12/1938;0,0;V
27/12/1938;0,0;V
28/12/1938;0,0;V
29/12/1938;0,0;V
30/12/1938;0,0;V
31/12/1938;0,0;V
01/01/1939;0,0;V
02/01/1939;6,8;V
03/01/1939;6,8;V
04/01/1939;0,0;V
05/01/1939;0,0;V
06/01/1939;0,0;V
07/01/1939;0,0;V
08/01/1939;0,0;V
09/01/1939;0,0;V
10/01/1939;0,0;V
11/01/1939;0,0;V
12/01/1939;0,0;V
13/01/1939;17,6;V
14/01/1939;0,0;V
15/01/1939;3,2;V
16/01/1939;0,0;V
17/01/1939;0,0;V
18/01/1939;0,0;V
19/01/1939;0,0;V
20/01/1939;0,0;V
21/01/1939;0,0;V
22/01/1939;0,0;V
23/01/1939;17,8;V
24/01/1939;9,1;V
25/01/1939;0,0;V
26/01/1939;0,0;V
27/01/1939;11,2;V
28/01/1939;0,0;V
29/01/1939;0,0;V
30/01/1939;0,0;V
31/01/1939;0,0;V
01/02/1939;0,0;V
02/02/1939;0,0;V
03/02/1939;0,0;V
04/02/1939;0,0;V
05/02/1939;0,0;V
06/02/1939;0,0;V
07/02/1939;0,0;V
08/02/1939;0,0;V
09/02/1939;0,0;V
10/02/1939;0,0;V
11/02/1939;0,0;V
12/02/1939;0,0;V
13/02/1939;0,0;V
14/02/1939;7,0;V
15/02/1939;0,0;V
16/02/1939;0,0;V
17/02/1939;0,0;V
18/02/1939;0,0;V
19/02/1939;0,0;V
20/02/1939;0,0;V
21/02/1939;0,0;V
22/02/1939;0,0;V
23/02/1939;3,1;V
24/02/1939;4,3;V
25/02/1939;0,0;V
26/02/1939;0,0;V
27/02/1939;6,1;V
28/02/1939;0,0;V
01/03/1939;0,0;V
02/03/1939;9,8;V
03/03/1939;0,0;V
04/03/1939;0,0;V
05/03/1939;0,0;V
06/03/1939;0,0;V
07/03/1939;0,0;V
08/03/1939;4,1;V
09/03/1939;0,0;V
10/03/1939;0,0;V
11/03/1939;0,0;V
12/03/1939;0,0;V
13/03/1939;0,0;V
14/03/1939;0,0;V
15/03/1939;0,0;V
16/03/1939;0,0;V
17/03/1939;0,0;V
18/03/1939;19,1;V
19/03/1939;0,0;V
20/03/1939;0,0;V
21/03/1939;0,0;V
22/03/1939;0,0;V
23/03/1939;18,2;V
24/03/1939;12,1;V
25/03/1939;0,0;V
26/03/1939;0,0;V
27/03/1939;8,0;V
28/03/1939;7,0;V
29/03/1939;8,1;V
30/03/1939;0,0;V
31/03/1939;1,1;V
01/04/1939;0,0;V
02/04/1939;0,0;V
03/04/1939;0,0;V
04/04/1939;0,0;V
05/04/1939;0,0;V
06/04/1939;0,0;V
07/04/1939;0,0;V
08/04/1939;0,0;V
09/04/1939;0,0;V
10/04/1939;0,0;V
11/04/1939;0,0;V
12/04/1939;0,0;V
13/04/1939;0,0;V
14/04/1939;0,0;V
15/04/1939;0,0;V
16/04/1939;0,0;V
17/04/1939;0,0;V
18/04/1939;0,0;V
19/04/1939;12,1;V
20/04/1939;0,0;V
21/04/1939;0,0;V
22/04/1939;0,0;V
23/04/1939;0,0;V
24/04/1939;0,0;V
25/04/1939;0,0;V
26/04/1939;0,0;V
27/04/1939;0,0;V
28/04/1939;8,1;V
29/04/1939;2,1;V
30/04/1939;11,1;V
01/05/1939;21,0;V
02/05/1939;3,0;V
03/05/1939;0,0;V
04/05/1939;0,0;V
05/05/1939;1,7;V
06/05/1939;0,0;V
07/05/1939;13,1;V
08/05/1939;11,2;V
09/05/1939;0,0;V
10/05/1939;0,0;V
11/05/1939;0,0;V
12/05/1939;17,0;V
13/05/1939;11,0;V
14/05/1939;12,0;V
15/05/1939;7,6;V
16/05/1939;0,0;V
17/05/1939;0,0;V
18/05/1939;0,0;V
19/05/1939;6,1;V
20/05/1939;0,0;V
21/05/1939;7,0;V
22/05/1939;5,1;V
23/05/1939;0,0;V
24/05/1939;0,0;V
25/05/1939;8,1;V
26/05/1939;10,0;V
27/05/1939;7,2;V
28/05/1939;0,0;V
29/05/1939;0,0;V
30/05/1939;9,1;V
31/05/1939;6,0;V
01/06/1939;0,0;V
02/06/1939;4,3;V
03/06/1939;0,0;V
04/06/1939;0,0;V
05/06/1939;0,0;V
06/06/1939;0,0;V
07/06/1939;0,0;V
08/06/1939;0,0;V
09/06/1939;0,0;V
10/06/1939;0,0;V
11/06/1939;0,0;V
12/06/1939;0,0;R
13/06/1939;3,7;R
14/06/1939;3,7;R
15/06/1939;3,6;R
16/06/1939;0,0;R
17/06/1939;0,0;V
18/06/1939;0,0;V
19/06/1939;0,0;V
20/06/1939;0,0;V
21/06/1939;0,0;V
22/06/1939;0,0;V
23/06/1939;0,0;V
24/06/1939;0,0;V
25/06/1939;0,0;V
26/06/1939;0,0;V
27/06/1939;0,0;V
28/06/1939;0,0;V
29/06/1939;0,0;V
30/06/1939;0,0;V
01/07/1939;0,0;V
02/07/1939;0,0;V
03/07/1939;0,0;V
04/07/1939;0,0;V
05/07/1939;0,0;V
06/07/1939;0,0;V
07/07/1939;0,0;V
08/07/1939;0,0;V
09/07/1939;0,0;V
10/07/1939;0,0;V
11/07/1939;0,0;V
12/07/1939;0,0;V
13/07/1939;0,0;V
14/07/1939;0,0;V
15/07/1939;0,0;V
16/07/1939;0,0;V
17/07/1939;0,0;V
18/07/1939;0,0;V
19/07/1939;0,0;V
20/07/1939;0,0;V
21/07/1939;0,0;V
22/07/1939;0,0;V
23/07/1939;0,0;V
24/07/1939;0,0;V
25/07/1939;0,0;V
26/07/1939;0,0;V
27/07/1939;0,0;V
28/07/1939;0,0;V
29/07/1939;0,0;V
30/07/1939;0,0;V
31/07/1939;0,0;V
01/08/1939;0,0;V
02/08/1939;0,0;V
03/08/1939;0,0;V
04/08/1939;0,0;V
05/08/1939;0,0;V
06/08/1939;19,1;V
07/08/1939;0,0;V
08/08/1939;0,0;V
09/08/1939;0,0;V
10/08/1939;0,0;V
11/08/1939;0,0;V
12/08/1939;0,0;V
13/08/1939;0,0;V
14/08/1939;0,0;V
15/08/1939;0,0;V
16/08/1939;0,0;V
17/08/1939;0,0;V
18/08/1939;0,0;V
19/08/1939;0,0;V
20/08/1939;0,0;V
21/08/1939;8,2;V
22/08/1939;1,7;V
23/08/1939;0,0;V
24/08/1939;0,0;V
25/08/1939;18,1;V
26/08/1939;12,2;V
27/08/1939;0,0;V
28/08/1939;0,0;V
29/08/1939;0,0;V
30/08/1939;0,0;V
31/08/1939;0,0;V
01/09/1939;0,0;V
02/09/1939;0,0;V
03/09/1939;0,0;V
04/09/1939;0,0;V
05/09/1939;17,2;V
06/09/1939;14,8;V
07/09/1939;15,6;V
08/09/1939;0,0;V
09/09/1939;0,0;V
10/09/1939;0,0;V
11/09/1939;0,0;V
12/09/1939;0,0;V
13/09/1939;0,0;V
14/09/1939;18,1;V
15/09/1939;21,9;V
16/09/1939;1,1;V
17/09/1939;17,4;V
18/09/1939;0,0;V
19/09/1939;0,0;V
20/09/1939;2,2;V
21/09/1939;0,0;V
22/09/1939;0,0;V
23/09/1939;0,0;V
24/09/1939;0,0;V
25/09/1939;0,0;V
26/09/1939;0,0;V
27/09/1939;0,0;V
28/09/1939;0,0;V
29/09/1939;0,0;V
30/09/1939;17,1;V
01/10/1939;2,2;V
02/10/1939;15,2;V
03/10/1939;16,3;V
04/10/1939;0,0;V
05/10/1939;0,0;V
06/10/1939;10,2;V
07/10/1939;16,2;V
08/10/1939;0,0;V
09/10/1939;0,0;V
10/10/1939;0,0;V
11/10/1939;0,0;V
12/10/1939;0,0;V
13/10/1939;26,2;V
14/10/1939;2,0;V
15/10/1939;0,0;V
16/10/1939;0,0;V
17/10/1939;0,0;V
18/10/1939;0,0;V
19/10/1939;0,0;V
20/10/1939;0,0;V
21/10/1939;0,0;V
22/10/1939;9,9;V
23/10/1939;22,3;V
24/10/1939;0,0;V
25/10/1939;0,0;V
26/10/1939;10,4;V
27/10/1939;15,2;V
28/10/1939;20,4;V
29/10/1939;0,0;V
30/10/1939;0,0;V
31/10/1939;17,2;V
01/11/1939;0,0;V
02/11/1939;1,2;V
03/11/1939;0,0;V
04/11/1939;0,0;V
05/11/1939;13,2;V
06/11/1939;10,9;V
07/11/1939;0,0;V
08/11/1939;0,0;V
09/11/1939;0,0;V
10/11/1939;0,0;V
11/11/1939;0,0;V
12/11/1939;0,0;V
13/11/1939;0,0;V
14/11/1939;0,0;V
15/11/1939;0,0;V
16/11/1939;36,9;V
17/11/1939;0,0;V
18/11/1939;0,0;V
19/11/1939;0,0;V
20/11/1939;3,0;V
21/11/1939;0,0;V
22/11/1939;0,0;V
23/11/1939;0,0;V
24/11/1939;0,0;V
25/11/1939;4,9;V
26/11/1939;0,0;V
27/11/1939;0,0;V
28/11/1939;0,0;V
29/11/1939;0,8;V
30/11/1939;0,0;V
01/12/1939;0,0;V
02/12/1939;0,0;V
03/12/1939;1,9;V
04/12/1939;3,1;V
05/12/1939;31,0;V
06/12/1939;27,8;V
07/12/1939;7,2;V
08/12/1939;0,0;V
09/12/1939;0,0;V
10/12/1939;0,0;V
11/12/1939;18,8;V
12/12/1939;0,0;V
13/12/1939;0,0;V
14/12/1939;0,0;V
15/12/1939;4,1;V
16/12/1939;30,7;V
17/12/1939;1,1;V
18/12/1939;0,0;V
19/12/1939;2,1;V
20/12/1939;2,2;V
21/12/1939;0,0;V
22/12/1939;0,0;V
23/12/1939;0,0;V
24/12/1939;19,2;V
25/12/1939;25,3;V
26/12/1939;4,2;V
27/12/1939;0,0;V
28/12/1939;0,0;V
29/12/1939;0,0;V
30/12/1939;0,0;V
31/12/1939;2,8;V
01/01/1940;0,0;V
02/01/1940;0,0;V
03/01/1940;0,0;V
04/01/1940;4,2;V
05/01/1940;0,8;V
06/01/1940;0,0;V
07/01/1940;0,0;V
08/01/1940;0,0;V
09/01/1940;0,0;V
10/01/1940;0,0;V
11/01/1940;0,0;V
12/01/1940;0,0;V
13/01/1940;0,0;V
14/01/1940;0,0;V
15/01/1940;0,0;V
16/01/1940;0,0;V
17/01/1940;3,2;V
18/01/1940;20,1;V
19/01/1940;0,0;V
20/01/1940;2,1;S
21/01/1940;4,5;S
22/01/1940;6,1;S
23/01/1940;2,3;V
24/01/1940;17,1;V
25/01/1940;0,0;V
26/01/1940;0,0;V
27/01/1940;0,0;V
28/01/1940;0,0;V
29/01/1940;0,0;V
30/01/1940;0,8;V
31/01/1940;14,3;V
01/02/1940;6,0;V
02/02/1940;4,2;V
03/02/1940;9,7;V
04/02/1940;0,0;V
05/02/1940;0,2;V
06/02/1940;1,0;V
07/02/1940;10,0;V
08/02/1940;2,1;V
09/02/1940;15,1;V
10/02/1940;8,0;V
11/02/1940;0,0;V
12/02/1940;5,1;V
13/02/1940;12,0;V
14/02/1940;0,0;V
15/02/1940;0,0;V
16/02/1940;0,0;V
17/02/1940;0,0;V
18/02/1940;11,0;V
19/02/1940;0,0;V
20/02/1940;0,0;V
21/02/1940;0,0;V
22/02/1940;0,0;V
23/02/1940;0,0;V
24/02/1940;0,0;V
25/02/1940;0,0;V
26/02/1940;0,0;V
27/02/1940;0,0;V
28/02/1940;0,0;V
29/02/1940;0,0;V
01/03/1940;0,0;V
02/03/1940;0,0;V
03/03/1940;0,0;V
04/03/1940;0,0;V
05/03/1940;0,0;V
06/03/1940;0,0;V
07/03/1940;0,0;V
08/03/1940;0,0;V
09/03/1940;0,0;V
10/03/1940;0,0;V
11/03/1940;0,0;V
12/03/1940;6,2;V
13/03/1940;6,3;V
14/03/1940;0,0;V
15/03/1940;0,0;V
16/03/1940;0,0;V
17/03/1940;0,0;V
18/03/1940;0,0;V
19/03/1940;0,0;V
20/03/1940;0,0;V
21/03/1940;0,0;V
22/03/1940;0,0;V
23/03/1940;6,1;V
24/03/1940;0,0;V
25/03/1940;0,0;V
26/03/1940;5,2;V
27/03/1940;0,0;V
28/03/1940;5,1;V
29/03/1940;0,0;V
30/03/1940;0,0;V
31/03/1940;0,0;V
01/04/1940;0,0;V
02/04/1940;0,0;V
03/04/1940;0,0;V
04/04/1940;6,1;V
05/04/1940;0,0;V
06/04/1940;0,0;V
07/04/1940;0,0;V
08/04/1940;0,0;V
09/04/1940;0,0;V
10/04/1940;0,0;V
11/04/1940;0,0;V
12/04/1940;0,0;V
13/04/1940;0,0;V
14/04/1940;0,0;V
15/04/1940;0,0;V
16/04/1940;0,0;V
17/04/1940;0,0;V
18/04/1940;0,0;V
19/04/1940;0,0;V
20/04/1940;0,0;V
21/04/1940;0,0;V
22/04/1940;0,0;V
23/04/1940;0,0;V
24/04/1940;0,0;V
25/04/1940;2,1;V
26/04/1940;0,0;V
27/04/1940;0,9;V
28/04/1940;0,0;V
29/04/1940;17,2;V
30/04/1940;0,0;V
01/05/1940;4,7;V
02/05/1940;3,6;V
03/05/1940;16,5;V
04/05/1940;0,0;V
05/05/1940;0,0;V
06/05/1940;0,0;V
07/05/1940;0,0;V
08/05/1940;0,0;V
09/05/1940;0,0;V
10/05/1940;0,0;V
11/05/1940;0,0;V
12/05/1940;0,0;V
13/05/1940;26,1;V
14/05/1940;0,0;V
15/05/1940;0,0;V
16/05/1940;10,1;V
17/05/1940;0,0;V
18/05/1940;35,2;V
19/05/1940;0,0;V
20/05/1940;6,1;V
21/05/1940;0,0;V
22/05/1940;0,0;V
23/05/1940;0,0;V
24/05/1940;2,9;V
25/05/1940;0,0;V
26/05/1940;0,0;V
27/05/1940;0,0;V
28/05/1940;0,0;V
29/05/1940;0,0;V
30/05/1940;;@
31/05/1940;0,0;V
01/06/1940;0,0;V
02/06/1940;0,0;V
03/06/1940;0,0;V
04/06/1940;0,0;V
05/06/1940;0,0;V
06/06/1940;0,0;V
07/06/1940;0,0;V
08/06/1940;0,0;V
09/06/1940;0,0;V
10/06/1940;0,0;V
11/06/1940;0,0;V
12/06/1940;0,0;V
13/06/1940;0,0;V
14/06/1940;0,0;V
15/06/1940;40,1;V
16/06/1940;14,1;V
17/06/1940;0,0;V
18/06/1940;0,0;V
19/06/1940;0,0;V
20/06/1940;9,8;V
21/06/1940;0,0;V
22/06/1940;3,2;V
23/06/1940;6,1;V
24/06/1940;20,2;V
25/06/1940;30,1;V
26/06/1940;3,3;V
27/06/1940;0,0;V
28/06/1940;5,5;V
29/06/1940;0,0;V
30/06/1940;0,0;V
01/07/1940;0,0;V
02/07/1940;2,3;V
03/07/1940;0,0;V
04/07/1940;0,0;V
05/07/1940;1,1;V
06/07/1940;0,0;V
07/07/1940;0,0;V
08/07/1940;8,0;V
09/07/1940;5,0;V
10/07/1940;0,0;V
11/07/1940;0,0;V
12/07/1940;0,0;V
13/07/1940;0,0;V
14/07/1940;0,0;V
15/07/1940;0,0;V
16/07/1940;0,0;V
17/07/1940;0,0;V
18/07/1940;0,0;V
19/07/1940;0,0;V
20/07/1940;0,0;V
21/07/1940;0,0;V
22/07/1940;0,0;V
23/07/1940;0,0;V
24/07/1940;0,0;V
25/07/1940;0,0;V
26/07/1940;0,0;V
27/07/1940;0,0;V
28/07/1940;0,0;V
29/07/1940;0,0;V
30/07/1940;0,0;V
31/07/1940;0,0;V
01/08/1940;0,0;V
02/08/1940;0,0;V
03/08/1940;0,0;V
04/08/1940;0,0;V
05/08/1940;0,0;V
06/08/1940;0,0;V
07/08/1940;65,1;V
08/08/1940;0,0;V
09/08/1940;0,0;V
10/08/1940;0,0;V
11/08/1940;0,0;V
12/08/1940;0,0;V
13/08/1940;0,0;V
14/08/1940;0,0;V
15/08/1940;0,0;V
16/08/1940;0,0;V
17/08/1940;0,0;V
18/08/1940;0,0;V
19/08/1940;0,0;V
20/08/1940;0,0;V
21/08/1940;51,1;V
22/08/1940;0,0;V
23/08/1940;0,2;V
24/08/1940;0,0;V
25/08/1940;0,0;V
26/08/1940;0,0;V
27/08/1940;0,0;V
28/08/1940;0,0;V
29/08/1940;0,0;V
30/08/1940;0,0;V
31/08/1940;0,0;V
01/09/1940;0,0;V
02/09/1940;0,0;V
03/09/1940;0,0;V
04/09/1940;0,0;V
05/09/1940;0,0;V
06/09/1940;0,0;V
07/09/1940;0,0;V
08/09/1940;0,0;V
09/09/1940;0,0;V
10/09/1940;30,2;V
11/09/1940;20,1;V
12/09/1940;0,0;V
13/09/1940;0,0;V
14/09/1940;3,6;V
15/09/1940;2,0;V
16/09/1940;20,1;V
17/09/1940;0,0;V
18/09/1940;0,0;V
19/09/1940;0,0;V
20/09/1940;0,0;V
21/09/1940;0,0;V
22/09/1940;0,0;V
23/09/1940;0,0;V
24/09/1940;0,0;V
25/09/1940;0,0;V
26/09/1940;0,0;V
27/09/1940;0,0;V
28/09/1940;0,0;V
29/09/1940;0,0;V
30/09/1940;2,0;V
01/10/1940;10,0;V
02/10/1940;52,0;V
03/10/1940;15,2;V
04/10/1940;18,3;V
05/10/1940;0,0;V
06/10/1940;0,0;V
07/10/1940;0,0;V
08/10/1940;0,0;V
09/10/1940;0,0;V
10/10/1940;0,0;V
11/10/1940;28,2;V
12/10/1940;10,0;V
13/10/1940;9,8;V
14/10/1940;5,2;V
15/10/1940;0,0;V
16/10/1940;0,0;V
17/10/1940;0,0;V
18/10/1940;0,0;V
19/10/1940;0,0;V
20/10/1940;0,0;V
21/10/1940;3,0;V
22/10/1940;0,0;V
23/10/1940;0,0;V
24/10/1940;19,8;V
25/10/1940;13,2;V
26/10/1940;19,9;V
27/10/1940;5,2;V
28/10/1940;5,2;V
29/10/1940;8,0;V
30/10/1940;2,0;V
31/10/1940;2,2;V
01/11/1940;0,0;V
02/11/1940;2,2;V
03/11/1940;0,0;V
04/11/1940;0,0;V
05/11/1940;0,0;V
06/11/1940;1,2;V
07/11/1940;0,0;V
08/11/1940;0,2;V
09/11/1940;0,0;V
10/11/1940;0,0;V
11/11/1940;7,8;V
12/11/1940;27,0;V
13/11/1940;7,1;V
14/11/1940;0,0;V
15/11/1940;10,0;V
16/11/1940;14,8;V
17/11/1940;55,2;V
18/11/1940;45,1;V
19/11/1940;20,2;V
20/11/1940;5,1;V
21/11/1940;0,0;V
22/11/1940;0,0;V
23/11/1940;0,0;V
24/11/1940;0,8;V
25/11/1940;0,0;V
26/11/1940;0,0;V
27/11/1940;0,0;V
28/11/1940;2,2;V
29/11/1940;8,1;V
30/11/1940;0,8;V
01/12/1940;0,0;V
02/12/1940;0,0;V
03/12/1940;0,0;V
04/12/1940;0,0;V
05/12/1940;0,0;V
06/12/1940;0,0;V
07/12/1940;3,0;V
08/12/1940;0,0;V
09/12/1940;0,0;V
10/12/1940;4,9;V
11/12/1940;3,3;V
12/12/1940;0,0;V
13/12/1940;0,0;V
14/12/1940;0,0;V
15/12/1940;0,0;V
16/12/1940;0,0;V
17/12/1940;0,0;V
18/12/1940;0,0;V
19/12/1940;0,0;V
20/12/1940;0,0;V
21/12/1940;0,0;V
22/12/1940;0,0;V
23/12/1940;0,0;V
24/12/1940;0,0;V
25/12/1940;0,0;V
26/12/1940;0,0;V
27/12/1940;0,0;V
28/12/1940;0,0;V
29/12/1940;0,0;V
30/12/1940;0,0;V
31/12/1940;6,4;V
01/01/1941;14,8;V
02/01/1941;16,2;V
03/01/1941;15,1;V
04/01/1941;12,2;V
05/01/1941;3,0;V
06/01/1941;0,0;V
07/01/1941;1,2;V
08/01/1941;0,0;V
09/01/1941;0,0;V
10/01/1941;22,1;S
11/01/1941;0,0;V
12/01/1941;0,0;V
13/01/1941;0,0;V
14/01/1941;0,0;V
15/01/1941;0,0;V
16/01/1941;3,9;V
17/01/1941;19,7;V
18/01/1941;0,0;V
19/01/1941;12,1;V
20/01/1941;4,2;V
21/01/1941;0,0;V
22/01/1941;7,0;V
23/01/1941;10,2;V
24/01/1941;10,3;V
25/01/1941;0,0;V
26/01/1941;6,1;V
27/01/1941;0,0;V
28/01/1941;0,0;V
29/01/1941;0,3;V
30/01/1941;0,0;V
31/01/1941;0,0;V
01/02/1941;;@
02/02/1941;;@
03/02/1941;;@
04/02/1941;;@
05/02/1941;;@
06/02/1941;;@
07/02/1941;;@
08/02/1941;0,0;V
09/02/1941;0,0;V
10/02/1941;0,0;V
11/02/1941;0,0;V
12/02/1941;0,0;V
13/02/1941;15,1;V
14/02/1941;11,1;V
15/02/1941;20,1;V
16/02/1941;22,2;V
17/02/1941;15,8;V
18/02/1941;4,9;V
19/02/1941;0,0;V
20/02/1941;8,3;V
21/02/1941;8,7;V
22/02/1941;1,4;V
23/02/1941;10,1;V
24/02/1941;0,0;V
25/02/1941;0,0;V
26/02/1941;0,0;V
27/02/1941;0,4;V
28/02/1941;0,0;V
01/03/1941;0,0;V
02/03/1941;0,0;V
03/03/1941;0,0;V
04/03/1941;4,2;V
05/03/1941;9,8;V
06/03/1941;0,0;V
07/03/1941;3,1;V
08/03/1941;10,1;V
09/03/1941;24,4;V
10/03/1941;0,0;V
11/03/1941;2,1;V
12/03/1941;0,0;V
13/03/1941;0,0;V
14/03/1941;0,0;V
15/03/1941;0,0;V
16/03/1941;0,0;V
17/03/1941;1,9;V
18/03/1941;2,3;V
19/03/1941;0,0;V
20/03/1941;0,0;V
21/03/1941;0,0;V
22/03/1941;0,0;V
23/03/1941;0,0;V
24/03/1941;0,0;V
25/03/1941;0,0;V
26/03/1941;0,0;V
27/03/1941;0,0;V
28/03/1941;2,3;V
29/03/1941;0,0;V
30/03/1941;0,0;V
31/03/1941;0,9;V
01/04/1941;0,0;V
02/04/1941;2,2;V
03/04/1941;7,3;V
04/04/1941;0,0;V
05/04/1941;0,0;V
06/04/1941;2,1;V
07/04/1941;40,3;V
08/04/1941;18,1;V
09/04/1941;0,0;V
10/04/1941;0,0;V
11/04/1941;0,0;V
12/04/1941;0,0;V
13/04/1941;0,0;V
14/04/1941;0,0;V
15/04/1941;0,0;V
16/04/1941;0,0;V
17/04/1941;0,0;V
18/04/1941;0,0;V
19/04/1941;0,0;V
20/04/1941;0,0;V
21/04/1941;0,0;V
22/04/1941;0,0;V
23/04/1941;0,0;V
24/04/1941;0,0;V
25/04/1941;35,3;V
26/04/1941;16,1;V
27/04/1941;0,0;V
28/04/1941;13,0;V
29/04/1941;16,1;V
30/04/1941;0,0;V
01/05/1941;20,2;V
02/05/1941;6,0;V
03/05/1941;1,9;V
04/05/1941;6,8;V
05/05/1941;3,9;V
06/05/1941;0,0;V
07/05/1941;0,0;V
08/05/1941;2,3;V
09/05/1941;0,0;V
10/05/1941;0,0;V
11/05/1941;11,2;V
12/05/1941;4,1;V
13/05/1941;0,0;V
14/05/1941;0,0;V
15/05/1941;0,0;V
16/05/1941;0,0;V
17/05/1941;0,0;V
18/05/1941;0,0;V
19/05/1941;0,8;V
20/05/1941;14,9;V
21/05/1941;3,1;V
22/05/1941;0,0;V
23/05/1941;0,0;V
24/05/1941;0,0;V
25/05/1941;18,1;V
26/05/1941;0,0;V
27/05/1941;2,1;V
28/05/1941;9,9;V
29/05/1941;0,0;V
30/05/1941;0,0;V
31/05/1941;0,0;V
01/06/1941;0,0;V
02/06/1941;0,0;V
03/06/1941;0,0;V
04/06/1941;0,0;V
05/06/1941;0,0;V
06/06/1941;0,0;V
07/06/1941;0,0;V
08/06/1941;0,0;V
09/06/1941;0,0;V
10/06/1941;20,1;V
11/06/1941;3,3;V
12/06/1941;3,0;V
13/06/1941;0,8;V
14/06/1941;9,9;V
15/06/1941;0,0;V
16/06/1941;0,0;V
17/06/1941;0,0;V
18/06/1941;0,0;V
19/06/1941;0,0;V
20/06/1941;0,0;V
21/06/1941;0,0;V
22/06/1941;0,0;V
23/06/1941;0,0;V
24/06/1941;0,0;V
25/06/1941;0,0;V
26/06/1941;0,0;V
27/06/1941;0,0;V
28/06/1941;0,0;V
29/06/1941;0,0;V
30/06/1941;0,0;V
01/07/1941;4,9;V
02/07/1941;0,0;V
03/07/1941;0,0;V
04/07/1941;0,0;V
05/07/1941;0,0;V
06/07/1941;0,0;V
07/07/1941;0,0;V
08/07/1941;0,0;V
09/07/1941;0,0;V
10/07/1941;0,0;V
11/07/1941;0,0;V
12/07/1941;0,0;V
13/07/1941;0,0;V
14/07/1941;0,0;V
15/07/1941;0,0;V
16/07/1941;0,0;V
17/07/1941;0,0;V
18/07/1941;0,0;V
19/07/1941;0,0;V
20/07/1941;0,0;V
21/07/1941;0,0;V
22/07/1941;0,0;V
23/07/1941;0,0;V
24/07/1941;0,0;V
25/07/1941;0,0;V
26/07/1941;0,0;V
27/07/1941;0,0;V
28/07/1941;0,0;V
29/07/1941;0,0;V
30/07/1941;0,0;V
31/07/1941;0,0;V
01/08/1941;0,0;V
02/08/1941;3,0;V
03/08/1941;2,2;V
04/08/1941;0,0;V
05/08/1941;0,0;V
06/08/1941;0,0;V
07/08/1941;0,0;V
08/08/1941;0,0;V
09/08/1941;0,0;V
10/08/1941;0,0;V
11/08/1941;0,0;V
12/08/1941;0,0;V
13/08/1941;4,1;V
14/08/1941;0,0;V
15/08/1941;0,0;V
16/08/1941;0,0;V
17/08/1941;0,0;V
18/08/1941;0,0;V
19/08/1941;0,0;V
20/08/1941;0,0;V
21/08/1941;0,0;V
22/08/1941;0,0;V
23/08/1941;0,0;V
24/08/1941;0,0;V
25/08/1941;0,0;V
26/08/1941;0,0;V
27/08/1941;0,0;V
28/08/1941;0,0;V
29/08/1941;0,0;V
30/08/1941;0,0;V
31/08/1941;0,0;V
01/09/1941;0,0;V
02/09/1941;0,0;V
03/09/1941;0,0;V
04/09/1941;0,0;V
05/09/1941;0,0;V
06/09/1941;0,0;V
07/09/1941;0,0;V
08/09/1941;0,0;V
09/09/1941;7,3;V
10/09/1941;0,0;V
11/09/1941;0,0;V
12/09/1941;0,0;V
13/09/1941;0,0;V
14/09/1941;0,0;V
15/09/1941;0,0;V
16/09/1941;0,0;V
17/09/1941;0,0;V
18/09/1941;0,0;V
19/09/1941;0,0;V
20/09/1941;0,0;V
21/09/1941;0,0;V
22/09/1941;0,0;V
23/09/1941;0,0;V
24/09/1941;0,0;V
25/09/1941;0,0;V
26/09/1941;0,0;V
27/09/1941;0,0;V
28/09/1941;0,0;V
29/09/1941;0,0;V
30/09/1941;14,8;V
01/10/1941;2,1;V
02/10/1941;0,0;V
03/10/1941;15,1;V
04/10/1941;0,0;V
05/10/1941;0,0;V
06/10/1941;0,0;V
07/10/1941;0,0;V
08/10/1941;0,0;V
09/10/1941;0,0;V
10/10/1941;0,0;V
11/10/1941;0,0;V
12/10/1941;8,4;V
13/10/1941;0,0;V
14/10/1941;0,0;V
15/10/1941;17,6;V
16/10/1941;0,0;V
17/10/1941;0,0;V
18/10/1941;0,0;V
19/10/1941;0,0;V
20/10/1941;0,0;V
21/10/1941;0,0;V
22/10/1941;0,0;V
23/10/1941;0,0;V
24/10/1941;0,0;R
25/10/1941;0,0;V
26/10/1941;4,4;V
27/10/1941;0,0;V
28/10/1941;0,0;V
29/10/1941;9,3;V
30/10/1941;6,1;V
31/10/1941;0,0;V
01/11/1941;30,8;V
02/11/1941;9,1;V
03/11/1941;5,0;V
04/11/1941;1,3;V
05/11/1941;10,2;V
06/11/1941;0,0;R
07/11/1941;0,0;V
08/11/1941;0,0;V
09/11/1941;0,0;V
10/11/1941;10,8;V
11/11/1941;13,3;V
12/11/1941;3,2;V
13/11/1941;0,0;V
14/11/1941;22,2;V
15/11/1941;0,0;V
16/11/1941;0,0;V
17/11/1941;0,0;V
18/11/1941;7,3;V
19/11/1941;0,0;V
20/11/1941;9,9;V
21/11/1941;0,0;V
22/11/1941;14,0;V
23/11/1941;0,0;V
24/11/1941;0,0;V
25/11/1941;0,0;V
26/11/1941;0,0;V
27/11/1941;0,0;V
28/11/1941;0,0;V
29/11/1941;0,0;V
30/11/1941;0,0;V
01/12/1941;0,0;V
02/12/1941;0,0;V
03/12/1941;0,0;V
04/12/1941;0,0;V
05/12/1941;0,0;V
06/12/1941;0,0;V
07/12/1941;3,7;V
08/12/1941;20,0;V
09/12/1941;1,7;V
10/12/1941;0,0;V
11/12/1941;0,0;V
12/12/1941;3,0;V
13/12/1941;0,0;V
14/12/1941;0,0;V
15/12/1941;0,0;V
16/12/1941;0,0;V
17/12/1941;4,7;V
18/12/1941;14,2;V
19/12/1941;1,8;V
20/12/1941;0,0;V
21/12/1941;0,0;V
22/12/1941;0,0;V
23/12/1941;0,0;V
24/12/1941;0,0;V
25/12/1941;0,0;V
26/12/1941;0,0;V
27/12/1941;0,0;V
28/12/1941;2,5;S
29/12/1941;0,0;V
30/12/1941;0,0;V
31/12/1941;0,0;V
01/01/1951;25,2;V
02/01/1951;4,5;V
03/01/1951;36,5;V
04/01/1951;0,0;V
05/01/1951;0,0;V
06/01/1951;0,0;V
07/01/1951;0,0;V
08/01/1951;0,0;V
09/01/1951;8,5;V
10/01/1951;0,0;V
11/01/1951;0,0;V
12/01/1951;3,7;V
13/01/1951;5,5;V
14/01/1951;0,0;V
15/01/1951;0,0;V
16/01/1951;0,0;V
17/01/1951;0,0;V
18/01/1951;0,0;V
19/01/1951;0,0;V
20/01/1951;0,0;V
21/01/1951;0,0;V
22/01/1951;0,0;V
23/01/1951;0,0;V
24/01/1951;0,0;V
25/01/1951;2,2;V
26/01/1951;17,0;V
27/01/1951;1,7;V
28/01/1951;12,0;V
29/01/1951;0,0;V
30/01/1951;0,0;V
31/01/1951;0,0;V
01/02/1951;0,0;V
02/02/1951;0,0;V
03/02/1951;0,0;V
04/02/1951;0,0;V
05/02/1951;22,5;V
06/02/1951;42,8;V
07/02/1951;29,0;V
08/02/1951;2,5;V
09/02/1951;0,0;V
10/02/1951;0,0;V
11/02/1951;0,0;V
12/02/1951;0,0;V
13/02/1951;1,3;V
14/02/1951;10,0;V
15/02/1951;6,0;V
16/02/1951;12,5;V
17/02/1951;0,0;V
18/02/1951;2,8;V
19/02/1951;13,0;V
20/02/1951;11,0;V
21/02/1951;10,0;V
22/02/1951;3,5;V
23/02/1951;0,0;V
24/02/1951;2,8;V
25/02/1951;26,0;V
26/02/1951;12,0;V
27/02/1951;4,0;V
28/02/1951;0,0;V
01/03/1951;0,0;V
02/03/1951;0,0;V
03/03/1951;0,0;V
04/03/1951;0,0;V
05/03/1951;0,0;V
06/03/1951;0,0;V
07/03/1951;67,2;V
08/03/1951;4,0;V
09/03/1951;16,0;V
10/03/1951;7,7;V
11/03/1951;0,0;V
12/03/1951;20,2;V
13/03/1951;0,0;V
14/03/1951;11,2;V
15/03/1951;0,0;V
16/03/1951;0,0;V
17/03/1951;0,0;V
18/03/1951;6,0;V
19/03/1951;0,0;V
20/03/1951;0,0;V
21/03/1951;0,0;V
22/03/1951;4,0;V
23/03/1951;0,0;V
24/03/1951;0,0;V
25/03/1951;12,0;V
26/03/1951;0,0;V
27/03/1951;0,0;V
28/03/1951;0,0;V
29/03/1951;0,0;V
30/03/1951;0,0;V
31/03/1951;18,0;V
01/04/1951;0,0;V
02/04/1951;0,0;V
03/04/1951;0,0;V
04/04/1951;9,5;V
05/04/1951;0,0;V
06/04/1951;0,0;V
07/04/1951;0,0;V
08/04/1951;8,0;V
09/04/1951;0,0;V
10/04/1951;0,0;V
11/04/1951;0,0;V
12/04/1951;6,5;V
13/04/1951;0,0;V
14/04/1951;0,0;V
15/04/1951;0,0;V
16/04/1951;0,0;V
17/04/1951;0,0;V
18/04/1951;0,0;V
19/04/1951;0,0;V
20/04/1951;0,0;V
21/04/1951;0,0;V
22/04/1951;0,0;V
23/04/1951;0,0;V
24/04/1951;0,0;V
25/04/1951;0,0;V
26/04/1951;1,0;V
27/04/1951;0,0;V
28/04/1951;0,0;V
29/04/1951;3,5;V
30/04/1951;0,0;V
01/05/1951;10,5;V
02/05/1951;0,0;V
03/05/1951;0,0;V
04/05/1951;0,0;V
05/05/1951;0,0;V
06/05/1951;0,0;V
07/05/1951;13,2;V
08/05/1951;4,0;V
09/05/1951;20,0;V
10/05/1951;0,0;V
11/05/1951;1,7;V
12/05/1951;0,0;V
13/05/1951;0,0;V
14/05/1951;0,0;V
15/05/1951;4,0;V
16/05/1951;4,7;V
17/05/1951;0,0;V
18/05/1951;3,7;V
19/05/1951;2,0;V
20/05/1951;10,0;V
21/05/1951;0,0;V
22/05/1951;0,0;V
23/05/1951;0,0;V
24/05/1951;0,0;V
25/05/1951;0,0;V
26/05/1951;0,0;V
27/05/1951;0,0;V
28/05/1951;0,0;V
29/05/1951;0,0;V
30/05/1951;0,0;V
31/05/1951;0,0;V
01/06/1951;0,0;V
02/06/1951;0,0;V
03/06/1951;8,5;V
04/06/1951;0,0;V
05/06/1951;0,0;V
06/06/1951;0,0;V
07/06/1951;0,0;V
08/06/1951;0,0;V
09/06/1951;35,0;V
10/06/1951;0,0;V
11/06/1951;0,0;V
12/06/1951;0,0;V
13/06/1951;0,0;V
14/06/1951;0,0;V
15/06/1951;0,0;V
16/06/1951;0,0;V
17/06/1951;0,0;V
18/06/1951;0,0;V
19/06/1951;0,0;V
20/06/1951;0,0;V
21/06/1951;0,0;V
22/06/1951;0,0;V
23/06/1951;0,0;V
24/06/1951;1,0;V
25/06/1951;0,0;V
26/06/1951;5,8;V
27/06/1951;0,0;V
28/06/1951;0,0;V
29/06/1951;0,0;V
30/06/1951;0,0;V
01/07/1951;0,7;V
02/07/1951;0,0;V
03/07/1951;0,0;V
04/07/1951;0,0;V
05/07/1951;0,0;V
06/07/1951;0,0;V
07/07/1951;0,0;V
08/07/1951;0,0;V
09/07/1951;14,0;V
10/07/1951;0,0;V
11/07/1951;0,0;V
12/07/1951;0,0;V
13/07/1951;0,0;V
14/07/1951;0,0;V
15/07/1951;2,7;V
16/07/1951;0,0;V
17/07/1951;11,2;V
18/07/1951;0,0;V
19/07/1951;0,0;V
20/07/1951;0,0;V
21/07/1951;0,0;V
22/07/1951;0,0;V
23/07/1951;0,0;V
24/07/1951;0,0;V
25/07/1951;0,0;V
26/07/1951;0,5;V
27/07/1951;0,0;V
28/07/1951;0,0;V
29/07/1951;0,0;V
30/07/1951;0,0;V
31/07/1951;0,0;V
01/08/1951;0,0;V
02/08/1951;0,0;V
03/08/1951;0,0;V
04/08/1951;0,0;V
05/08/1951;0,0;V
06/08/1951;0,0;V
07/08/1951;0,0;V
08/08/1951;0,0;V
09/08/1951;2,2;V
10/08/1951;0,0;V
11/08/1951;0,0;V
12/08/1951;0,0;V
13/08/1951;0,0;V
14/08/1951;0,0;V
15/08/1951;0,0;V
16/08/1951;0,0;V
17/08/1951;0,0;V
18/08/1951;0,0;V
19/08/1951;0,0;V
20/08/1951;0,0;V
21/08/1951;0,0;V
22/08/1951;3,7;V
23/08/1951;0,0;V
24/08/1951;0,0;V
25/08/1951;0,0;V
26/08/1951;0,0;V
27/08/1951;1,7;V
28/08/1951;0,5;V
29/08/1951;0,0;V
30/08/1951;0,0;V
31/08/1951;0,0;V
01/09/1951;0,0;V
02/09/1951;0,0;V
03/09/1951;3,0;V
04/09/1951;0,0;V
05/09/1951;0,0;V
06/09/1951;0,0;V
07/09/1951;0,0;V
08/09/1951;0,0;V
09/09/1951;0,0;V
10/09/1951;0,0;V
11/09/1951;0,0;V
12/09/1951;0,0;V
13/09/1951;0,0;V
14/09/1951;7,0;V
15/09/1951;0,0;V
16/09/1951;0,0;V
17/09/1951;0,0;V
18/09/1951;16,5;V
19/09/1951;6,0;V
20/09/1951;0,0;V
21/09/1951;0,0;V
22/09/1951;0,0;V
23/09/1951;0,0;V
24/09/1951;7,2;V
25/09/1951;69,5;V
26/09/1951;1,7;V
27/09/1951;0,0;V
28/09/1951;0,0;V
29/09/1951;2,2;V
30/09/1951;7,5;V
01/10/1951;6,0;V
02/10/1951;0,0;V
03/10/1951;0,0;V
04/10/1951;0,0;V
05/10/1951;0,0;V
06/10/1951;0,0;V
07/10/1951;0,0;V
08/10/1951;0,0;V
09/10/1951;0,0;V
10/10/1951;0,0;V
11/10/1951;0,0;V
12/10/1951;0,0;V
13/10/1951;0,0;V
14/10/1951;0,0;V
15/10/1951;0,0;V
16/10/1951;0,0;V
17/10/1951;0,0;V
18/10/1951;0,0;V
19/10/1951;0,0;V
20/10/1951;0,0;V
21/10/1951;0,0;V
22/10/1951;0,0;V
23/10/1951;7,0;V
24/10/1951;16,2;V
25/10/1951;34,7;V
26/10/1951;0,0;V
27/10/1951;0,0;V
28/10/1951;0,0;V
29/10/1951;0,0;V
30/10/1951;0,0;V
31/10/1951;0,0;V
01/11/1951;54,7;V
02/11/1951;5,0;V
03/11/1951;0,0;V
04/11/1951;11,8;V
05/11/1951;0,0;V
06/11/1951;0,0;V
07/11/1951;0,0;V
08/11/1951;24,0;V
09/11/1951;25,3;V
10/11/1951;0,0;V
11/11/1951;5,5;V
12/11/1951;16,3;V
13/11/1951;2,3;V
14/11/1951;7,5;V
15/11/1951;0,0;V
16/11/1951;0,0;V
17/11/1951;0,0;V
18/11/1951;0,0;V
19/11/1951;0,0;V
20/11/1951;0,0;V
21/11/1951;0,0;V
22/11/1951;5,8;V
23/11/1951;0,0;V
24/11/1951;0,0;V
25/11/1951;0,0;V
26/11/1951;0,0;V
27/11/1951;0,0;V
28/11/1951;0,0;V
29/11/1951;0,0;V
30/11/1951;0,0;V
01/12/1951;0,0;V
02/12/1951;0,0;V
03/12/1951;3,5;V
04/12/1951;21,8;V
05/12/1951;0,0;V
06/12/1951;0,0;V
07/12/1951;6,3;V
08/12/1951;0,0;V
09/12/1951;0,0;V
10/12/1951;5,5;V
11/12/1951;0,0;V
12/12/1951;0,0;V
13/12/1951;0,0;V
14/12/1951;0,0;V
15/12/1951;0,0;V
16/12/1951;0,0;V
17/12/1951;0,0;V
18/12/1951;0,0;V
19/12/1951;0,0;V
20/12/1951;0,0;V
21/12/1951;0,0;V
22/12/1951;0,0;V
23/12/1951;0,0;V
24/12/1951;0,0;V
25/12/1951;3,0;V
26/12/1951;4,0;V
27/12/1951;11,3;V
28/12/1951;1,0;V
29/12/1951;2,0;V
30/12/1951;0,0;V
31/12/1951;0,0;V
01/01/1952;0,0;V
02/01/1952;0,0;V
03/01/1952;0,0;V
04/01/1952;18,0;V
05/01/1952;0,0;V
06/01/1952;0,0;V
07/01/1952;0,0;V
08/01/1952;0,0;V
09/01/1952;0,0;V
10/01/1952;4,5;V
11/01/1952;21,5;V
12/01/1952;1,7;V
13/01/1952;10,2;V
14/01/1952;0,0;V
15/01/1952;0,0;V
16/01/1952;0,0;V
17/01/1952;6,5;V
18/01/1952;19,0;V
19/01/1952;0,0;V
20/01/1952;0,0;V
21/01/1952;0,0;V
22/01/1952;0,0;V
23/01/1952;0,0;V
24/01/1952;0,0;V
25/01/1952;9,5;V
26/01/1952;9,7;V
27/01/1952;25,7;V
28/01/1952;15,0;V
29/01/1952;0,0;V
30/01/1952;0,0;V
31/01/1952;0,0;V
01/02/1952;23,0;V
02/02/1952;20,7;V
03/02/1952;0,0;V
04/02/1952;0,0;V
05/02/1952;0,0;V
06/02/1952;0,0;V
07/02/1952;0,0;V
08/02/1952;0,0;V
09/02/1952;0,0;V
10/02/1952;0,0;V
11/02/1952;10,0;V
12/02/1952;10,2;V
13/02/1952;14,7;V
14/02/1952;27,2;V
15/02/1952;7,2;V
16/02/1952;12,5;V
17/02/1952;0,0;V
18/02/1952;0,0;V
19/02/1952;0,0;V
20/02/1952;0,0;V
21/02/1952;0,0;V
22/02/1952;0,0;V
23/02/1952;0,0;V
24/02/1952;0,0;V
25/02/1952;0,0;V
26/02/1952;0,0;V
27/02/1952;0,0;V
28/02/1952;0,0;V
29/02/1952;0,0;V
01/03/1952;0,0;V
02/03/1952;0,0;V
03/03/1952;0,0;V
04/03/1952;0,0;V
05/03/1952;0,0;V
06/03/1952;0,0;V
07/03/1952;0,0;V
08/03/1952;0,0;V
09/03/1952;0,0;V
10/03/1952;0,0;V
11/03/1952;0,0;V
12/03/1952;0,0;V
13/03/1952;1,2;V
14/03/1952;0,0;V
15/03/1952;0,0;V
16/03/1952;0,0;V
17/03/1952;0,0;V
18/03/1952;0,0;V
19/03/1952;0,0;V
20/03/1952;0,0;V
21/03/1952;0,0;V
22/03/1952;0,0;V
23/03/1952;0,0;V
24/03/1952;0,0;V
25/03/1952;0,0;V
26/03/1952;0,0;V
27/03/1952;0,0;V
28/03/1952;5,0;V
29/03/1952;0,0;V
30/03/1952;0,0;V
31/03/1952;10,7;V
01/04/1952;4,0;V
02/04/1952;6,0;V
03/04/1952;0,0;V
04/04/1952;0,0;V
05/04/1952;0,0;V
06/04/1952;5,8;V
07/04/1952;3,0;V
08/04/1952;0,0;V
09/04/1952;0,0;V
10/04/1952;0,0;V
11/04/1952;0,0;V
12/04/1952;0,0;V
13/04/1952;0,0;V
14/04/1952;0,0;V
15/04/1952;0,0;V
16/04/1952;0,0;V
17/04/1952;0,0;V
18/04/1952;0,0;V
19/04/1952;0,0;V
20/04/1952;0,0;V
21/04/1952;0,0;V
22/04/1952;0,0;V
23/04/1952;8,0;V
24/04/1952;3,3;V
25/04/1952;1,0;V
26/04/1952;0,0;V
27/04/1952;27,0;V
28/04/1952;0,0;V
29/04/1952;0,0;V
30/04/1952;0,0;V
01/05/1952;0,0;V
02/05/1952;0,0;V
03/05/1952;14,0;V
04/05/1952;13,3;V
05/05/1952;16,3;V
06/05/1952;0,0;V
07/05/1952;3,8;V
08/05/1952;0,0;V
09/05/1952;0,0;V
10/05/1952;0,0;V
11/05/1952;0,0;V
12/05/1952;0,0;V
13/05/1952;15,0;V
14/05/1952;0,0;V
15/05/1952;0,0;V
16/05/1952;0,0;V
17/05/1952;0,0;V
18/05/1952;0,0;V
19/05/1952;0,0;V
20/05/1952;0,0;V
21/05/1952;9,3;V
22/05/1952;0,0;V
23/05/1952;0,0;V
24/05/1952;0,0;V
25/05/1952;0,0;V
26/05/1952;0,0;V
27/05/1952;0,0;V
28/05/1952;0,0;V
29/05/1952;0,0;V
30/05/1952;0,0;V
31/05/1952;0,0;V
01/06/1952;0,0;V
02/06/1952;0,0;V
03/06/1952;0,0;V
04/06/1952;0,0;V
05/06/1952;0,0;V
06/06/1952;0,0;V
07/06/1952;0,0;V
08/06/1952;0,0;V
09/06/1952;4,3;V
10/06/1952;0,0;V
11/06/1952;0,0;V
12/06/1952;0,0;V
13/06/1952;0,0;V
14/06/1952;0,0;V
15/06/1952;0,0;V
16/06/1952;0,0;V
17/06/1952;0,0;V
18/06/1952;0,0;V
19/06/1952;0,0;V
20/06/1952;0,0;V
21/06/1952;0,0;V
22/06/1952;0,0;V
23/06/1952;0,0;V
24/06/1952;0,0;V
25/06/1952;0,0;V
26/06/1952;0,0;V
27/06/1952;0,0;V
28/06/1952;0,0;V
29/06/1952;0,0;V
30/06/1952;0,0;V
01/07/1952;0,0;V
02/07/1952;0,0;V
03/07/1952;0,0;V
04/07/1952;0,0;V
05/07/1952;0,0;V
06/07/1952;0,0;V
07/07/1952;0,0;V
08/07/1952;0,0;V
09/07/1952;0,0;V
10/07/1952;10,5;V
11/07/1952;0,0;V
12/07/1952;0,0;V
13/07/1952;0,0;V
14/07/1952;0,0;V
15/07/1952;0,0;V
16/07/1952;0,0;V
17/07/1952;0,0;V
18/07/1952;0,0;V
19/07/1952;0,0;V
20/07/1952;0,0;V
21/07/1952;0,0;V
22/07/1952;0,0;V
23/07/1952;0,0;V
24/07/1952;0,0;V
25/07/1952;0,0;V
26/07/1952;0,0;V
27/07/1952;0,0;V
28/07/1952;6,7;V
29/07/1952;34,2;V
30/07/1952;0,0;V
31/07/1952;0,0;V
01/08/1952;0,0;V
02/08/1952;0,0;V
03/08/1952;0,0;V
04/08/1952;0,0;V
05/08/1952;0,0;V
06/08/1952;0,0;V
07/08/1952;0,0;V
08/08/1952;7,7;V
09/08/1952;0,0;V
10/08/1952;0,0;V
11/08/1952;0,0;V
12/08/1952;0,0;V
13/08/1952;0,0;V
14/08/1952;0,0;V
15/08/1952;0,0;V
16/08/1952;0,0;V
17/08/1952;0,0;V
18/08/1952;0,0;V
19/08/1952;0,0;V
20/08/1952;13,5;V
21/08/1952;0,0;V
22/08/1952;0,0;V
23/08/1952;0,0;V
24/08/1952;10,0;V
25/08/1952;0,0;V
26/08/1952;0,0;V
27/08/1952;0,0;V
28/08/1952;0,0;V
29/08/1952;0,0;V
30/08/1952;0,0;V
31/08/1952;0,0;V
01/09/1952;0,0;V
02/09/1952;0,0;V
03/09/1952;0,0;V
04/09/1952;0,0;V
05/09/1952;0,0;V
06/09/1952;11,5;V
07/09/1952;0,0;V
08/09/1952;0,0;V
09/09/1952;0,0;V
10/09/1952;0,0;V
11/09/1952;12,7;V
12/09/1952;5,7;V
13/09/1952;0,0;V
14/09/1952;1,7;V
15/09/1952;0,0;V
16/09/1952;0,0;V
17/09/1952;0,0;V
18/09/1952;28,2;V
19/09/1952;3,0;V
20/09/1952;0,0;V
21/09/1952;0,0;V
22/09/1952;0,0;V
23/09/1952;0,0;V
24/09/1952;0,0;V
25/09/1952;0,0;V
26/09/1952;17,2;V
27/09/1952;1,0;V
28/09/1952;11,2;V
29/09/1952;2,2;V
30/09/1952;86,5;V
01/10/1952;0,0;V
02/10/1952;15,0;V
03/10/1952;0,0;V
04/10/1952;0,0;V
05/10/1952;6,7;V
06/10/1952;0,0;V
07/10/1952;0,0;V
08/10/1952;3,7;V
09/10/1952;0,0;V
10/10/1952;0,0;V
11/10/1952;0,0;V
12/10/1952;3,0;V
13/10/1952;0,0;V
14/10/1952;27,0;V
15/10/1952;0,0;V
16/10/1952;0,0;V
17/10/1952;0,0;V
18/10/1952;0,7;V
19/10/1952;0,0;V
20/10/1952;6,0;V
21/10/1952;9,7;V
22/10/1952;26,5;V
23/10/1952;5,7;V
24/10/1952;2,0;V
25/10/1952;5,7;V
26/10/1952;0,0;V
27/10/1952;0,0;V
28/10/1952;0,0;V
29/10/1952;0,0;V
30/10/1952;0,0;V
31/10/1952;2,2;V
01/11/1952;0,0;V
02/11/1952;0,0;V
03/11/1952;0,0;V
04/11/1952;0,0;V
05/11/1952;0,0;V
06/11/1952;0,0;V
07/11/1952;0,0;V
08/11/1952;4,0;V
09/11/1952;0,0;V
10/11/1952;0,0;V
11/11/1952;0,0;V
12/11/1952;0,0;V
13/11/1952;0,0;V
14/11/1952;0,0;V
15/11/1952;0,0;V
16/11/1952;0,0;V
17/11/1952;0,0;V
18/11/1952;3,5;V
19/11/1952;16,0;V
20/11/1952;30,0;V
21/11/1952;0,0;V
22/11/1952;6,0;V
23/11/1952;6,5;V
24/11/1952;11,2;V
25/11/1952;0,0;V
26/11/1952;19,7;V
27/11/1952;0,0;V
28/11/1952;0,0;V
29/11/1952;0,0;V
30/11/1952;0,0;V
01/12/1952;12,5;V
02/12/1952;10,0;V
03/12/1952;13,7;V
04/12/1952;25,7;V
05/12/1952;0,0;V
06/12/1952;0,0;V
07/12/1952;0,0;V
08/12/1952;0,0;V
09/12/1952;0,0;V
10/12/1952;0,0;V
11/12/1952;0,0;V
12/12/1952;18,5;V
13/12/1952;30,0;V
14/12/1952;7,7;V
15/12/1952;29,0;V
16/12/1952;0,0;V
17/12/1952;25,5;V
18/12/1952;19,0;V
19/12/1952;0,0;V
20/12/1952;0,0;V
21/12/1952;0,0;V
22/12/1952;0,0;V
23/12/1952;0,0;V
24/12/1952;0,0;V
25/12/1952;0,0;V
26/12/1952;0,0;V
27/12/1952;11,7;V
28/12/1952;7,0;V
29/12/1952;8,0;V
30/12/1952;10,5;V
31/12/1952;15,0;V
01/01/1953;2,5;V
02/01/1953;0,0;V
03/01/1953;0,0;V
04/01/1953;0,0;V
05/01/1953;0,0;V
06/01/1953;0,0;V
07/01/1953;2,0;V
08/01/1953;0,7;V
09/01/1953;0,0;V
10/01/1953;0,0;V
11/01/1953;0,0;V
12/01/1953;0,0;V
13/01/1953;0,0;V
14/01/1953;0,0;V
15/01/1953;0,0;V
16/01/1953;0,0;V
17/01/1953;0,0;V
18/01/1953;0,0;V
19/01/1953;0,0;V
20/01/1953;0,0;V
21/01/1953;0,0;V
22/01/1953;0,0;V
23/01/1953;0,0;V
24/01/1953;0,0;V
25/01/1953;0,0;V
26/01/1953;37,0;V
27/01/1953;11,0;V
28/01/1953;0,0;V
29/01/1953;0,0;V
30/01/1953;0,0;V
31/01/1953;0,0;V
01/02/1953;0,0;V
02/02/1953;0,0;V
03/02/1953;0,0;V
04/02/1953;0,0;V
05/02/1953;0,0;V
06/02/1953;4,0;V
07/02/1953;0,0;V
08/02/1953;0,0;V
09/02/1953;0,0;V
10/02/1953;0,0;V
11/02/1953;35,2;V
12/02/1953;8,0;V
13/02/1953;5,0;V
14/02/1953;21,0;V
15/02/1953;0,0;V
16/02/1953;0,0;V
17/02/1953;0,0;V
18/02/1953;0,0;V
19/02/1953;0,0;V
20/02/1953;0,0;V
21/02/1953;0,0;V
22/02/1953;0,0;V
23/02/1953;0,0;V
24/02/1953;0,0;V
25/02/1953;0,0;V
26/02/1953;0,0;V
27/02/1953;0,0;V
28/02/1953;0,0;V
01/03/1953;0,0;V
02/03/1953;0,0;V
03/03/1953;0,0;V
04/03/1953;0,0;V
05/03/1953;0,0;V
06/03/1953;0,0;V
07/03/1953;0,0;V
08/03/1953;0,0;V
09/03/1953;0,0;V
10/03/1953;0,0;V
11/03/1953;0,0;V
12/03/1953;0,0;V
13/03/1953;0,0;V
14/03/1953;0,0;V
15/03/1953;0,0;V
16/03/1953;0,0;V
17/03/1953;0,0;V
18/03/1953;0,0;V
19/03/1953;0,0;V
20/03/1953;0,0;V
21/03/1953;0,0;V
22/03/1953;0,0;V
23/03/1953;0,0;V
24/03/1953;0,0;V
25/03/1953;0,0;V
26/03/1953;0,0;V
27/03/1953;0,0;V
28/03/1953;0,0;V
29/03/1953;0,0;V
30/03/1953;0,0;V
31/03/1953;0,0;V
01/04/1953;0,0;V
02/04/1953;0,0;V
03/04/1953;0,0;V
04/04/1953;5,0;V
05/04/1953;0,0;V
06/04/1953;0,0;V
07/04/1953;0,0;V
08/04/1953;0,0;V
09/04/1953;0,0;V
10/04/1953;2,7;V
11/04/1953;3,3;V
12/04/1953;0,0;V
13/04/1953;0,0;V
14/04/1953;11,8;V
15/04/1953;13,9;V
16/04/1953;3,0;V
17/04/1953;0,0;V
18/04/1953;0,0;V
19/04/1953;0,0;V
20/04/1953;0,0;V
21/04/1953;0,0;V
22/04/1953;0,0;V
23/04/1953;0,0;V
24/04/1953;0,0;V
25/04/1953;0,0;V
26/04/1953;0,0;V
27/04/1953;36,0;V
28/04/1953;9,7;V
29/04/1953;0,0;V
30/04/1953;0,0;V
01/05/1953;0,0;V
02/05/1953;0,0;V
03/05/1953;0,0;V
04/05/1953;0,0;V
05/05/1953;0,0;V
06/05/1953;0,0;V
07/05/1953;0,0;V
08/05/1953;4,4;V
09/05/1953;0,0;V
10/05/1953;3,2;V
11/05/1953;0,0;V
12/05/1953;28,3;V
13/05/1953;6,2;V
14/05/1953;5,9;V
15/05/1953;0,0;V
16/05/1953;0,0;V
17/05/1953;0,0;V
18/05/1953;0,0;V
19/05/1953;0,0;V
20/05/1953;0,0;V
21/05/1953;0,0;V
22/05/1953;0,0;V
23/05/1953;0,0;V
24/05/1953;1,3;V
25/05/1953;0,0;V
26/05/1953;0,0;V
27/05/1953;0,0;V
28/05/1953;0,0;V
29/05/1953;12,0;V
30/05/1953;0,0;V
31/05/1953;0,0;V
01/06/1953;0,0;V
02/06/1953;0,0;V
03/06/1953;0,0;V
04/06/1953;0,0;V
05/06/1953;0,0;V
06/06/1953;0,0;V
07/06/1953;25,0;V
08/06/1953;10,2;V
09/06/1953;8,0;V
10/06/1953;3,3;V
11/06/1953;0,0;V
12/06/1953;23,5;V
13/06/1953;0,0;V
14/06/1953;0,0;V
15/06/1953;0,0;V
16/06/1953;0,0;V
17/06/1953;0,0;V
18/06/1953;0,0;V
19/06/1953;0,0;V
20/06/1953;0,0;V
21/06/1953;0,0;V
22/06/1953;0,0;V
23/06/1953;0,0;V
24/06/1953;0,0;V
25/06/1953;0,0;V
26/06/1953;0,0;V
27/06/1953;0,0;V
28/06/1953;0,0;V
29/06/1953;0,0;V
30/06/1953;5,0;V
01/07/1953;0,0;V
02/07/1953;0,0;V
03/07/1953;0,0;V
04/07/1953;14,5;V
05/07/1953;0,0;V
06/07/1953;0,0;V
07/07/1953;0,0;V
08/07/1953;0,0;V
09/07/1953;0,0;V
10/07/1953;0,0;V
11/07/1953;0,0;V
12/07/1953;0,0;V
13/07/1953;22,2;V
14/07/1953;0,0;V
15/07/1953;0,0;V
16/07/1953;0,0;V
17/07/1953;0,0;V
18/07/1953;0,0;V
19/07/1953;0,0;V
20/07/1953;0,0;V
21/07/1953;0,0;V
22/07/1953;0,0;V
23/07/1953;0,0;V
24/07/1953;0,0;V
25/07/1953;0,0;V
26/07/1953;0,0;V
27/07/1953;0,0;V
28/07/1953;0,0;V
29/07/1953;0,0;V
30/07/1953;0,0;V
31/07/1953;0,0;V
01/08/1953;0,0;V
02/08/1953;0,0;V
03/08/1953;0,0;V
04/08/1953;9,0;V
05/08/1953;0,0;V
06/08/1953;0,0;V
07/08/1953;0,0;V
08/08/1953;0,0;V
09/08/1953;0,0;V
10/08/1953;0,0;V
11/08/1953;0,0;V
12/08/1953;0,0;V
13/08/1953;0,0;V
14/08/1953;0,0;V
15/08/1953;0,0;V
16/08/1953;0,0;V
17/08/1953;0,0;V
18/08/1953;0,0;V
19/08/1953;0,0;V
20/08/1953;0,0;V
21/08/1953;0,0;V
22/08/1953;22,0;V
23/08/1953;0,0;V
24/08/1953;0,0;V
25/08/1953;0,0;V
26/08/1953;0,0;V
27/08/1953;20,0;V
28/08/1953;0,0;V
29/08/1953;0,0;V
30/08/1953;0,0;V
31/08/1953;0,0;V
01/09/1953;0,0;V
02/09/1953;0,0;V
03/09/1953;0,0;V
04/09/1953;0,0;V
05/09/1953;0,0;V
06/09/1953;0,0;V
07/09/1953;0,0;V
08/09/1953;0,0;V
09/09/1953;0,0;V
10/09/1953;0,0;V
11/09/1953;3,5;V
12/09/1953;4,2;V
13/09/1953;0,0;V
14/09/1953;0,0;V
15/09/1953;0,0;V
16/09/1953;1,0;V
17/09/1953;0,0;V
18/09/1953;61,0;V
19/09/1953;22,6;V
20/09/1953;19,3;V
21/09/1953;0,0;V
22/09/1953;0,0;V
23/09/1953;0,0;V
24/09/1953;0,0;V
25/09/1953;0,0;V
26/09/1953;0,0;V
27/09/1953;0,0;V
28/09/1953;0,0;V
29/09/1953;6,0;V
30/09/1953;0,0;V
01/10/1953;0,0;V
02/10/1953;0,0;V
03/10/1953;0,0;V
04/10/1953;0,0;V
05/10/1953;16,4;V
06/10/1953;0,0;V
07/10/1953;0,0;V
08/10/1953;0,0;V
09/10/1953;0,0;V
10/10/1953;0,0;V
11/10/1953;0,0;V
12/10/1953;0,0;V
13/10/1953;0,0;V
14/10/1953;57,6;V
15/10/1953;17,8;V
16/10/1953;60,0;V
17/10/1953;1,2;V
18/10/1953;0,0;V
19/10/1953;0,0;V
20/10/1953;0,0;V
21/10/1953;0,0;V
22/10/1953;0,0;V
23/10/1953;0,0;V
24/10/1953;27,0;V
25/10/1953;22,2;V
26/10/1953;26,8;V
27/10/1953;6,9;V
28/10/1953;0,0;V
29/10/1953;5,0;V
30/10/1953;0,0;V
31/10/1953;0,0;V
01/11/1953;0,0;V
02/11/1953;5,2;V
03/11/1953;13,8;V
04/11/1953;3,2;V
05/11/1953;0,0;V
06/11/1953;0,0;V
07/11/1953;7,8;V
08/11/1953;0,0;V
09/11/1953;0,0;V
10/11/1953;0,0;V
11/11/1953;0,0;V
12/11/1953;0,0;V
13/11/1953;0,0;V
14/11/1953;0,0;V
15/11/1953;0,0;V
16/11/1953;0,0;V
17/11/1953;0,0;V
18/11/1953;0,0;V
19/11/1953;0,0;V
20/11/1953;0,0;V
21/11/1953;0,0;V
22/11/1953;0,0;V
23/11/1953;0,0;V
24/11/1953;0,0;V
25/11/1953;0,0;V
26/11/1953;0,0;V
27/11/1953;1,6;V
28/11/1953;0,0;V
29/11/1953;0,0;V
30/11/1953;0,0;V
01/12/1953;0,0;V
02/12/1953;0,0;V
03/12/1953;0,0;V
04/12/1953;0,0;V
05/12/1953;0,0;V
06/12/1953;0,0;V
07/12/1953;0,0;V
08/12/1953;6,2;V
09/12/1953;16,4;V
10/12/1953;4,5;V
11/12/1953;2,0;V
12/12/1953;0,0;V
13/12/1953;0,0;V
14/12/1953;0,0;V
15/12/1953;0,0;V
16/12/1953;0,0;V
17/12/1953;0,0;V
18/12/1953;0,0;V
19/12/1953;0,0;V
20/12/1953;29,3;V
21/12/1953;0,0;V
22/12/1953;0,0;V
23/12/1953;0,0;V
24/12/1953;0,0;V
25/12/1953;0,0;V
26/12/1953;0,0;V
27/12/1953;2,4;V
28/12/1953;0,0;V
29/12/1953;0,0;V
30/12/1953;0,0;V
31/12/1953;0,0;V
01/01/1954;0,0;V
02/01/1954;0,0;V
03/01/1954;0,0;V
04/01/1954;1,8;V
05/01/1954;0,0;V
06/01/1954;0,0;V
07/01/1954;0,0;V
08/01/1954;0,0;V
09/01/1954;0,0;V
10/01/1954;0,0;V
11/01/1954;0,0;V
12/01/1954;0,0;V
13/01/1954;0,0;V
14/01/1954;0,0;V
15/01/1954;25,0;V
16/01/1954;0,0;V
17/01/1954;0,0;V
18/01/1954;0,0;V
19/01/1954;0,0;V
20/01/1954;0,0;V
21/01/1954;0,0;V
22/01/1954;0,0;V
23/01/1954;0,0;V
24/01/1954;0,0;V
25/01/1954;0,0;V
26/01/1954;0,0;V
27/01/1954;7,2;V
28/01/1954;0,0;V
29/01/1954;0,0;V
30/01/1954;0,0;V
31/01/1954;0,0;V
01/02/1954;0,0;V
02/02/1954;0,0;V
03/02/1954;0,0;V
04/02/1954;0,0;V
05/02/1954;0,0;V
06/02/1954;2,0;V
07/02/1954;0,0;V
08/02/1954;1,5;V
09/02/1954;16,5;V
10/02/1954;3,0;V
11/02/1954;19,0;V
12/02/1954;25,0;V
13/02/1954;0,0;V
14/02/1954;3,0;V
15/02/1954;8,0;V
16/02/1954;0,0;V
17/02/1954;0,0;V
18/02/1954;0,0;V
19/02/1954;0,0;V
20/02/1954;0,0;V
21/02/1954;0,0;V
22/02/1954;0,0;V
23/02/1954;0,0;V
24/02/1954;0,0;V
25/02/1954;0,0;V
26/02/1954;17,8;V
27/02/1954;0,0;V
28/02/1954;0,0;V
01/03/1954;0,0;V
02/03/1954;0,0;V
03/03/1954;17,8;V
04/03/1954;4,5;V
05/03/1954;11,5;V
06/03/1954;1,4;V
07/03/1954;0,0;V
08/03/1954;0,0;V
09/03/1954;0,0;V
10/03/1954;0,0;V
11/03/1954;0,0;V
12/03/1954;0,0;V
13/03/1954;8,5;V
14/03/1954;0,0;V
15/03/1954;0,0;V
16/03/1954;0,0;V
17/03/1954;0,0;V
18/03/1954;0,0;V
19/03/1954;0,0;V
20/03/1954;8,3;V
21/03/1954;1,0;V
22/03/1954;0,0;V
23/03/1954;0,0;V
24/03/1954;5,0;V
25/03/1954;0,0;V
26/03/1954;0,0;V
27/03/1954;0,0;V
28/03/1954;3,0;V
29/03/1954;0,0;V
30/03/1954;0,0;V
31/03/1954;0,0;V
01/04/1954;0,0;V
02/04/1954;0,0;V
03/04/1954;0,0;V
04/04/1954;0,0;V
05/04/1954;0,0;V
06/04/1954;0,0;V
07/04/1954;0,0;V
08/04/1954;0,0;V
09/04/1954;0,0;V
10/04/1954;0,0;V
11/04/1954;0,0;V
12/04/1954;0,0;V
13/04/1954;0,0;V
14/04/1954;0,0;V
15/04/1954;0,0;V
16/04/1954;0,0;V
17/04/1954;0,0;V
18/04/1954;0,0;V
19/04/1954;0,0;V
20/04/1954;25,0;V
21/04/1954;7,0;V
22/04/1954;2,3;V
23/04/1954;0,0;V
24/04/1954;0,0;V
25/04/1954;0,0;V
26/04/1954;0,0;V
27/04/1954;12,8;V
28/04/1954;26,8;V
29/04/1954;5,0;V
30/04/1954;3,0;V
01/05/1954;10,0;V
02/05/1954;5,6;V
03/05/1954;11,8;V
04/05/1954;16,5;V
05/05/1954;2,0;V
06/05/1954;0,0;V
07/05/1954;0,0;V
08/05/1954;0,0;V
09/05/1954;0,0;V
10/05/1954;0,0;V
11/05/1954;0,0;V
12/05/1954;0,0;V
13/05/1954;0,0;V
14/05/1954;0,0;V
15/05/1954;0,0;V
16/05/1954;15,0;V
17/05/1954;5,9;V
18/05/1954;5,0;V
19/05/1954;1,7;V
20/05/1954;1,4;V
21/05/1954;4,0;V
22/05/1954;14,0;V
23/05/1954;0,0;V
24/05/1954;28,2;V
25/05/1954;0,0;V
26/05/1954;0,0;V
27/05/1954;0,0;V
28/05/1954;0,0;V
29/05/1954;0,0;V
30/05/1954;0,0;V
31/05/1954;0,0;V
01/06/1954;0,0;V
02/06/1954;16,8;V
03/06/1954;0,0;V
04/06/1954;8,3;V
05/06/1954;2,5;V
06/06/1954;0,0;V
07/06/1954;0,0;V
08/06/1954;0,0;V
09/06/1954;0,0;V
10/06/1954;2,5;V
11/06/1954;1,9;V
12/06/1954;0,0;V
13/06/1954;0,0;V
14/06/1954;0,0;V
15/06/1954;12,2;V
16/06/1954;0,0;V
17/06/1954;0,0;V
18/06/1954;0,0;V
19/06/1954;0,0;V
20/06/1954;0,0;V
21/06/1954;0,0;V
22/06/1954;0,0;V
23/06/1954;0,0;V
24/06/1954;0,0;V
25/06/1954;0,0;V
26/06/1954;0,0;V
27/06/1954;0,0;V
28/06/1954;0,0;V
29/06/1954;0,0;V
30/06/1954;0,0;V
01/07/1954;0,0;V
02/07/1954;4,0;V
03/07/1954;0,0;V
04/07/1954;0,0;V
05/07/1954;0,0;V
06/07/1954;0,0;V
07/07/1954;0,0;V
08/07/1954;0,0;V
09/07/1954;0,0;V
10/07/1954;0,0;V
11/07/1954;0,0;V
12/07/1954;1,8;V
13/07/1954;10,0;V
14/07/1954;1,3;V
15/07/1954;0,0;V
16/07/1954;0,0;V
17/07/1954;0,0;V
18/07/1954;0,0;V
19/07/1954;0,0;V
20/07/1954;0,0;V
21/07/1954;0,0;V
22/07/1954;0,0;V
23/07/1954;0,0;V
24/07/1954;0,0;V
25/07/1954;0,0;V
26/07/1954;0,0;V
27/07/1954;0,0;V
28/07/1954;0,0;V
29/07/1954;0,0;V
30/07/1954;0,0;V
31/07/1954;2,5;V
01/08/1954;3,2;V
02/08/1954;0,0;V
03/08/1954;0,0;V
04/08/1954;0,0;V
05/08/1954;0,0;V
06/08/1954;0,0;V
07/08/1954;0,0;V
08/08/1954;0,0;V
09/08/1954;0,0;V
10/08/1954;0,0;V
11/08/1954;0,0;V
12/08/1954;0,0;V
13/08/1954;0,0;V
14/08/1954;0,0;V
15/08/1954;13,8;V
16/08/1954;3,8;V
17/08/1954;0,0;V
18/08/1954;0,0;V
19/08/1954;0,0;V
20/08/1954;0,0;V
21/08/1954;0,0;V
22/08/1954;11,0;V
23/08/1954;0,0;V
24/08/1954;2,4;V
25/08/1954;10,0;V
26/08/1954;15,5;V
27/08/1954;9,0;V
28/08/1954;0,0;V
29/08/1954;0,0;V
30/08/1954;0,0;V
31/08/1954;0,0;V
01/09/1954;0,0;V
02/09/1954;0,0;V
03/09/1954;0,0;V
04/09/1954;0,0;V
05/09/1954;0,0;V
06/09/1954;0,0;V
07/09/1954;0,0;V
08/09/1954;0,0;V
09/09/1954;0,0;V
10/09/1954;0,0;V
11/09/1954;0,0;V
12/09/1954;0,0;V
13/09/1954;0,0;V
14/09/1954;0,0;V
15/09/1954;0,0;V
16/09/1954;8,2;V
17/09/1954;0,0;V
18/09/1954;0,0;V
19/09/1954;0,0;V
20/09/1954;0,0;V
21/09/1954;1,3;V
22/09/1954;5,0;V
23/09/1954;0,0;V
24/09/1954;0,0;V
25/09/1954;0,0;V
26/09/1954;15,5;V
27/09/1954;0,0;V
28/09/1954;0,0;V
29/09/1954;20,5;V
30/09/1954;0,0;V
01/10/1954;0,0;V
02/10/1954;0,0;V
03/10/1954;0,0;V
04/10/1954;0,0;V
05/10/1954;0,0;V
06/10/1954;0,0;V
07/10/1954;0,0;V
08/10/1954;6,8;V
09/10/1954;0,0;V
10/10/1954;0,0;V
11/10/1954;0,0;V
12/10/1954;0,0;V
13/10/1954;0,0;V
14/10/1954;0,0;V
15/10/1954;0,0;V
16/10/1954;0,0;V
17/10/1954;0,0;V
18/10/1954;0,0;V
19/10/1954;0,0;V
20/10/1954;0,0;V
21/10/1954;0,0;V
22/10/1954;8,2;V
23/10/1954;19,9;V
24/10/1954;0,0;V
25/10/1954;0,0;V
26/10/1954;7,0;V
27/10/1954;0,0;V
28/10/1954;0,0;V
29/10/1954;0,0;V
30/10/1954;0,0;V
31/10/1954;0,0;V
01/11/1954;18,3;V
02/11/1954;0,0;V
03/11/1954;0,0;V
04/11/1954;10,0;V
05/11/1954;0,0;V
06/11/1954;0,0;V
07/11/1954;0,0;V
08/11/1954;21,0;V
09/11/1954;20,0;V
10/11/1954;9,5;V
11/11/1954;8,2;V
12/11/1954;0,0;V
13/11/1954;0,0;V
14/11/1954;0,0;V
15/11/1954;0,0;V
16/11/1954;0,0;V
17/11/1954;0,0;V
18/11/1954;0,0;V
19/11/1954;0,0;V
20/11/1954;0,0;V
21/11/1954;0,0;V
22/11/1954;0,0;V
23/11/1954;0,0;V
24/11/1954;0,0;V
25/11/1954;4,3;V
26/11/1954;2,6;V
27/11/1954;0,0;V
28/11/1954;0,0;V
29/11/1954;9,0;V
30/11/1954;0,0;V
01/12/1954;0,0;V
02/12/1954;8,9;V
03/12/1954;0,0;V
04/12/1954;0,0;V
05/12/1954;0,0;V
06/12/1954;0,0;V
07/12/1954;0,0;V
08/12/1954;32,0;V
09/12/1954;0,0;V
10/12/1954;0,0;V
11/12/1954;10,8;V
12/12/1954;0,0;V
13/12/1954;0,0;V
14/12/1954;0,0;V
15/12/1954;0,0;V
16/12/1954;0,0;V
17/12/1954;0,0;V
18/12/1954;0,0;V
19/12/1954;0,0;V
20/12/1954;0,0;V
21/12/1954;0,0;V
22/12/1954;0,0;V
23/12/1954;0,0;V
24/12/1954;0,0;V
25/12/1954;0,0;V
26/12/1954;0,0;V
27/12/1954;0,0;V
28/12/1954;0,0;V
29/12/1954;0,0;V
30/12/1954;0,0;V
31/12/1954;0,0;V
01/01/1955;0,0;V
02/01/1955;0,0;V
03/01/1955;0,0;V
04/01/1955;6,8;V
05/01/1955;0,0;V
06/01/1955;0,0;V
07/01/1955;3,2;V
08/01/1955;10,0;V
09/01/1955;0,0;V
10/01/1955;0,0;V
11/01/1955;0,0;V
12/01/1955;15,0;V
13/01/1955;3,2;V
14/01/1955;4,0;V
15/01/1955;0,0;V
16/01/1955;0,0;V
17/01/1955;7,5;V
18/01/1955;26,9;V
19/01/1955;0,0;V
20/01/1955;0,0;V
21/01/1955;0,0;V
22/01/1955;0,0;V
23/01/1955;0,0;V
24/01/1955;0,0;V
25/01/1955;0,0;V
26/01/1955;0,0;V
27/01/1955;0,0;V
28/01/1955;0,0;V
29/01/1955;0,0;V
30/01/1955;0,0;V
31/01/1955;0,0;V
01/02/1955;0,0;V
02/02/1955;6,2;V
03/02/1955;14,0;V
04/02/1955;12,1;V
05/02/1955;2,8;V
06/02/1955;4,2;V
07/02/1955;4,1;V
08/02/1955;0,0;V
09/02/1955;0,0;V
10/02/1955;0,0;V
11/02/1955;0,0;V
12/02/1955;0,0;V
13/02/1955;1,5;V
14/02/1955;7,0;V
15/02/1955;0,0;V
16/02/1955;30,0;V
17/02/1955;21,8;V
18/02/1955;30,0;V
19/02/1955;3,8;V
20/02/1955;21,0;V
21/02/1955;1,0;V
22/02/1955;4,2;V
23/02/1955;1,5;V
24/02/1955;25,8;V
25/02/1955;10,0;V
26/02/1955;3,3;V
27/02/1955;2,6;V
28/02/1955;17,0;V
01/03/1955;0,0;V
02/03/1955;0,0;V
03/03/1955;0,0;V
04/03/1955;0,0;V
05/03/1955;0,0;V
06/03/1955;13,7;V
07/03/1955;0,0;V
08/03/1955;0,0;V
09/03/1955;0,0;V
10/03/1955;5,5;V
11/03/1955;0,0;V
12/03/1955;18,8;V
13/03/1955;0,0;V
14/03/1955;0,0;V
15/03/1955;0,0;V
16/03/1955;0,0;V
17/03/1955;0,0;V
18/03/1955;1,6;V
19/03/1955;0,0;V
20/03/1955;0,0;V
21/03/1955;5,9;V
22/03/1955;4,0;V
23/03/1955;0,0;V
24/03/1955;0,0;V
25/03/1955;0,0;V
26/03/1955;0,0;V
27/03/1955;0,0;V
28/03/1955;0,0;V
29/03/1955;0,0;V
30/03/1955;0,0;V
31/03/1955;0,0;V
01/04/1955;0,0;V
02/04/1955;0,0;V
03/04/1955;0,0;V
04/04/1955;0,0;V
05/04/1955;0,0;V
06/04/1955;0,0;V
07/04/1955;0,0;V
08/04/1955;0,0;V
09/04/1955;0,0;V
10/04/1955;0,0;V
11/04/1955;0,0;V
12/04/1955;0,0;V
13/04/1955;3,0;V
14/04/1955;0,0;V
15/04/1955;5,0;V
16/04/1955;0,0;V
17/04/1955;0,0;V
18/04/1955;0,0;V
19/04/1955;0,0;V
20/04/1955;0,0;V
21/04/1955;0,0;V
22/04/1955;0,0;V
23/04/1955;0,0;V
24/04/1955;0,0;V
25/04/1955;0,0;V
26/04/1955;0,0;V
27/04/1955;0,0;V
28/04/1955;0,0;V
29/04/1955;0,0;V
30/04/1955;0,0;V
01/05/1955;0,0;V
02/05/1955;0,0;V
03/05/1955;0,9;V
04/05/1955;0,0;V
05/05/1955;0,0;V
06/05/1955;0,0;V
07/05/1955;0,0;V
08/05/1955;1,9;V
09/05/1955;0,0;V
10/05/1955;0,0;V
11/05/1955;0,0;V
12/05/1955;13,3;V
13/05/1955;0,0;V
14/05/1955;0,0;V
15/05/1955;0,0;V
16/05/1955;12,4;V
17/05/1955;0,0;V
18/05/1955;0,0;V
19/05/1955;1,2;V
20/05/1955;0,0;V
21/05/1955;0,0;V
22/05/1955;3,0;V
23/05/1955;0,0;V
24/05/1955;0,4;V
25/05/1955;0,0;V
26/05/1955;0,0;V
27/05/1955;8,0;V
28/05/1955;0,0;V
29/05/1955;2,3;V
30/05/1955;0,0;V
31/05/1955;0,0;V
01/06/1955;0,0;V
02/06/1955;0,0;V
03/06/1955;0,0;V
04/06/1955;0,0;V
05/06/1955;2,0;V
06/06/1955;0,0;V
07/06/1955;0,0;V
08/06/1955;0,0;V
09/06/1955;0,0;V
10/06/1955;0,0;V
11/06/1955;8,7;V
12/06/1955;0,0;V
13/06/1955;0,0;V
14/06/1955;0,0;V
15/06/1955;0,0;V
16/06/1955;0,0;V
17/06/1955;0,0;V
18/06/1955;0,0;V
19/06/1955;0,0;V
20/06/1955;0,0;V
21/06/1955;8,9;V
22/06/1955;1,0;V
23/06/1955;0,0;V
24/06/1955;0,0;V
25/06/1955;0,0;V
26/06/1955;0,0;V
27/06/1955;0,0;V
28/06/1955;0,0;V
29/06/1955;7,6;V
30/06/1955;0,0;V
01/07/1955;0,0;V
02/07/1955;0,0;V
03/07/1955;0,0;V
04/07/1955;0,0;V
05/07/1955;0,0;V
06/07/1955;7,7;V
07/07/1955;0,9;V
08/07/1955;0,0;V
09/07/1955;0,0;V
10/07/1955;0,0;V
11/07/1955;0,0;V
12/07/1955;0,0;V
13/07/1955;0,0;V
14/07/1955;0,0;V
15/07/1955;0,0;V
16/07/1955;6,7;V
17/07/1955;0,0;V
18/07/1955;0,0;V
19/07/1955;0,0;V
20/07/1955;0,0;V
21/07/1955;0,0;V
22/07/1955;0,0;V
23/07/1955;0,0;V
24/07/1955;0,0;V
25/07/1955;0,0;V
26/07/1955;0,0;V
27/07/1955;12,7;V
28/07/1955;0,9;V
29/07/1955;0,0;V
30/07/1955;0,0;V
31/07/1955;0,0;V
01/08/1955;0,0;V
02/08/1955;0,0;V
03/08/1955;0,0;V
04/08/1955;2,0;V
05/08/1955;0,0;V
06/08/1955;0,0;V
07/08/1955;0,0;V
08/08/1955;40,4;V
09/08/1955;16,0;V
10/08/1955;2,0;V
11/08/1955;0,0;V
12/08/1955;0,0;V
13/08/1955;5,5;V
14/08/1955;0,0;V
15/08/1955;0,0;V
16/08/1955;0,0;V
17/08/1955;0,0;V
18/08/1955;0,0;V
19/08/1955;0,0;V
20/08/1955;0,0;V
21/08/1955;0,0;V
22/08/1955;0,0;V
23/08/1955;0,0;V
24/08/1955;0,0;V
25/08/1955;0,0;V
26/08/1955;1,3;V
27/08/1955;0,0;V
28/08/1955;0,0;V
29/08/1955;0,0;V
30/08/1955;0,0;V
31/08/1955;0,0;V
01/09/1955;16,8;V
02/09/1955;0,0;V
03/09/1955;0,0;V
04/09/1955;0,0;V
05/09/1955;0,0;V
06/09/1955;0,0;V
07/09/1955;0,0;V
08/09/1955;22,3;V
09/09/1955;3,0;V
10/09/1955;6,8;V
11/09/1955;8,2;V
12/09/1955;4,8;V
13/09/1955;10,8;V
14/09/1955;2,7;V
15/09/1955;0,0;V
16/09/1955;0,0;V
17/09/1955;0,0;V
18/09/1955;0,0;V
19/09/1955;0,0;V
20/09/1955;0,0;V
21/09/1955;0,0;V
22/09/1955;0,0;V
23/09/1955;0,0;V
24/09/1955;0,0;V
25/09/1955;0,0;V
26/09/1955;0,0;V
27/09/1955;0,0;V
28/09/1955;0,0;V
29/09/1955;2,3;V
30/09/1955;0,0;V
01/10/1955;0,0;V
02/10/1955;0,0;V
03/10/1955;0,0;V
04/10/1955;0,0;V
05/10/1955;12,9;V
06/10/1955;0,0;V
07/10/1955;38,6;V
08/10/1955;0,0;V
09/10/1955;0,0;V
10/10/1955;0,0;V
11/10/1955;0,0;V
12/10/1955;0,0;V
13/10/1955;0,0;V
14/10/1955;0,0;V
15/10/1955;0,0;V
16/10/1955;0,0;V
17/10/1955;1,8;V
18/10/1955;6,5;V
19/10/1955;0,0;V
20/10/1955;0,0;V
21/10/1955;1,8;V
22/10/1955;21,0;V
23/10/1955;0,0;V
24/10/1955;0,0;V
25/10/1955;0,0;V
26/10/1955;0,0;V
27/10/1955;0,0;V
28/10/1955;0,0;V
29/10/1955;0,0;V
30/10/1955;0,0;V
31/10/1955;6,3;V
01/11/1955;43,0;V
02/11/1955;30,5;V
03/11/1955;0,0;V
04/11/1955;0,0;V
05/11/1955;0,0;V
06/11/1955;0,0;V
07/11/1955;0,0;V
08/11/1955;0,0;V
09/11/1955;0,0;V
10/11/1955;20,0;V
11/11/1955;27,0;V
12/11/1955;0,0;V
13/11/1955;0,0;V
14/11/1955;13,0;V
15/11/1955;0,0;V
16/11/1955;0,0;V
17/11/1955;0,0;V
18/11/1955;0,0;V
19/11/1955;0,0;V
20/11/1955;0,0;V
21/11/1955;0,0;V
22/11/1955;0,0;V
23/11/1955;0,0;V
24/11/1955;0,0;V
25/11/1955;0,0;V
26/11/1955;0,0;V
27/11/1955;0,0;V
28/11/1955;0,0;V
29/11/1955;0,0;V
30/11/1955;0,0;V
01/12/1955;34,0;V
02/12/1955;14,4;V
03/12/1955;0,0;V
04/12/1955;0,0;V
05/12/1955;0,0;V
06/12/1955;0,0;V
07/12/1955;0,0;V
08/12/1955;0,0;V
09/12/1955;0,0;V
10/12/1955;0,0;V
11/12/1955;3,7;V
12/12/1955;0,0;V
13/12/1955;8,0;V
14/12/1955;0,0;V
15/12/1955;17,9;V
16/12/1955;4,5;V
17/12/1955;6,8;V
18/12/1955;2,9;V
19/12/1955;0,0;V
20/12/1955;5,0;V
21/12/1955;5,9;V
22/12/1955;13,7;V
23/12/1955;0,0;V
24/12/1955;15,0;V
25/12/1955;0,0;V
26/12/1955;0,0;V
27/12/1955;0,0;V
28/12/1955;0,0;V
29/12/1955;0,0;V
30/12/1955;10,3;V
31/12/1955;5,0;V
01/01/1956;0,0;V
02/01/1956;0,0;V
03/01/1956;20,0;V
04/01/1956;0,0;V
05/01/1956;0,0;V
06/01/1956;0,0;V
07/01/1956;0,0;V
08/01/1956;0,0;V
09/01/1956;0,0;V
10/01/1956;30,8;V
11/01/1956;6,0;V
12/01/1956;0,0;V
13/01/1956;0,0;V
14/01/1956;0,0;V
15/01/1956;1,3;V
16/01/1956;11,5;V
17/01/1956;7,3;V
18/01/1956;0,0;V
19/01/1956;14,8;V
20/01/1956;0,0;V
21/01/1956;40,0;V
22/01/1956;2,0;V
23/01/1956;0,0;V
24/01/1956;0,0;V
25/01/1956;19,0;V
26/01/1956;0,0;V
27/01/1956;0,0;V
28/01/1956;2,5;V
29/01/1956;0,0;V
30/01/1956;1,7;V
31/01/1956;0,0;V
01/02/1956;8,0;V
02/02/1956;0,8;V
03/02/1956;0,0;V
04/02/1956;0,0;V
05/02/1956;0,0;V
06/02/1956;0,0;V
07/02/1956;0,0;V
08/02/1956;0,0;V
09/02/1956;0,0;V
10/02/1956;0,0;V
11/02/1956;0,0;V
12/02/1956;1,5;V
13/02/1956;0,0;V
14/02/1956;3,3;V
15/02/1956;0,0;V
16/02/1956;0,0;V
17/02/1956;0,0;V
18/02/1956;0,0;V
19/02/1956;1,0;V
20/02/1956;0,0;V
21/02/1956;3,7;V
22/02/1956;0,0;V
23/02/1956;2,2;V
24/02/1956;0,0;V
25/02/1956;0,0;V
26/02/1956;0,0;V
27/02/1956;0,0;V
28/02/1956;0,0;V
29/02/1956;0,0;V
01/03/1956;0,0;V
02/03/1956;0,0;V
03/03/1956;0,0;V
04/03/1956;0,0;V
05/03/1956;0,0;V
06/03/1956;1,3;V
07/03/1956;0,0;V
08/03/1956;0,0;V
09/03/1956;0,0;V
10/03/1956;0,0;V
11/03/1956;1,5;V
12/03/1956;0,0;V
13/03/1956;0,0;V
14/03/1956;0,0;V
15/03/1956;0,0;V
16/03/1956;0,0;V
17/03/1956;12,0;V
18/03/1956;0,0;V
19/03/1956;0,0;V
20/03/1956;23,8;V
21/03/1956;9,2;V
22/03/1956;2,0;V
23/03/1956;12,6;V
24/03/1956;0,0;V
25/03/1956;4,3;V
26/03/1956;4,7;V
27/03/1956;0,0;V
28/03/1956;0,0;V
29/03/1956;0,0;V
30/03/1956;0,0;V
31/03/1956;0,0;V
01/04/1956;15,6;V
02/04/1956;17,3;V
03/04/1956;6,0;V
04/04/1956;4,0;V
05/04/1956;0,0;V
06/04/1956;7,2;V
07/04/1956;0,0;V
08/04/1956;0,0;V
09/04/1956;0,0;V
10/04/1956;0,0;V
11/04/1956;0,0;V
12/04/1956;0,0;V
13/04/1956;0,0;V
14/04/1956;0,0;V
15/04/1956;7,0;V
16/04/1956;11,8;V
17/04/1956;10,0;V
18/04/1956;2,5;V
19/04/1956;0,0;V
20/04/1956;2,3;V
21/04/1956;0,0;V
22/04/1956;0,0;V
23/04/1956;1,0;V
24/04/1956;0,0;V
25/04/1956;0,0;V
26/04/1956;0,0;V
27/04/1956;0,0;V
28/04/1956;8,5;V
29/04/1956;23,6;V
30/04/1956;5,0;V
01/05/1956;7,0;V
02/05/1956;6,9;V
03/05/1956;0,0;V
04/05/1956;0,0;V
05/05/1956;0,0;V
06/05/1956;0,0;V
07/05/1956;0,0;V
08/05/1956;0,0;V
09/05/1956;0,0;V
10/05/1956;0,0;V
11/05/1956;0,0;V
12/05/1956;0,0;V
13/05/1956;0,0;V
14/05/1956;0,0;V
15/05/1956;0,0;V
16/05/1956;0,0;V
17/05/1956;0,0;V
18/05/1956;0,0;V
19/05/1956;0,0;V
20/05/1956;4,0;V
21/05/1956;0,0;V
22/05/1956;1,9;V
23/05/1956;0,0;V
24/05/1956;0,0;V
25/05/1956;38,5;V
26/05/1956;20,0;V
27/05/1956;0,0;V
28/05/1956;0,0;V
29/05/1956;0,0;V
30/05/1956;0,0;V
31/05/1956;0,0;V
01/06/1956;23,9;V
02/06/1956;5,3;V
03/06/1956;0,0;V
04/06/1956;0,0;V
05/06/1956;0,0;V
06/06/1956;0,0;V
07/06/1956;0,0;V
08/06/1956;0,0;V
09/06/1956;12,4;V
10/06/1956;0,0;V
11/06/1956;15,8;V
12/06/1956;0,0;V
13/06/1956;0,0;V
14/06/1956;0,0;V
15/06/1956;0,0;V
16/06/1956;0,0;V
17/06/1956;0,0;V
18/06/1956;24,2;V
19/06/1956;0,8;V
20/06/1956;0,0;V
21/06/1956;1,2;V
22/06/1956;8,0;V
23/06/1956;0,0;V
24/06/1956;0,0;V
25/06/1956;5,8;V
26/06/1956;0,0;V
27/06/1956;0,0;V
28/06/1956;0,0;V
29/06/1956;0,0;V
30/06/1956;0,0;V
01/07/1956;0,0;V
02/07/1956;0,0;V
03/07/1956;5,0;V
04/07/1956;0,0;V
05/07/1956;0,0;V
06/07/1956;0,0;V
07/07/1956;0,0;V
08/07/1956;0,0;V
09/07/1956;0,0;V
10/07/1956;0,0;V
11/07/1956;0,0;V
12/07/1956;4,0;V
13/07/1956;0,0;V
14/07/1956;0,0;V
15/07/1956;0,0;V
16/07/1956;0,0;V
17/07/1956;0,0;V
18/07/1956;0,0;V
19/07/1956;0,0;V
20/07/1956;0,0;V
21/07/1956;0,0;V
22/07/1956;0,0;V
23/07/1956;0,0;V
24/07/1956;0,0;V
25/07/1956;0,0;V
26/07/1956;0,0;V
27/07/1956;0,0;V
28/07/1956;0,0;V
29/07/1956;0,0;V
30/07/1956;0,0;V
31/07/1956;0,0;V
01/08/1956;0,0;V
02/08/1956;0,0;V
03/08/1956;0,0;V
04/08/1956;0,0;V
05/08/1956;0,0;V
06/08/1956;0,0;V
07/08/1956;0,0;V
08/08/1956;0,0;V
09/08/1956;0,0;V
10/08/1956;0,0;V
11/08/1956;0,0;V
12/08/1956;0,0;V
13/08/1956;0,0;V
14/08/1956;0,0;V
15/08/1956;0,0;V
16/08/1956;0,0;V
17/08/1956;0,0;V
18/08/1956;0,0;V
19/08/1956;0,0;V
20/08/1956;0,0;V
21/08/1956;0,0;V
22/08/1956;0,0;V
23/08/1956;0,0;V
24/08/1956;0,0;V
25/08/1956;0,0;V
26/08/1956;0,0;V
27/08/1956;0,0;V
28/08/1956;0,0;V
29/08/1956;0,0;V
30/08/1956;0,0;V
31/08/1956;0,0;V
01/09/1956;0,0;V
02/09/1956;0,0;V
03/09/1956;0,0;V
04/09/1956;0,0;V
05/09/1956;0,0;V
06/09/1956;0,0;V
07/09/1956;0,0;V
08/09/1956;0,0;V
09/09/1956;0,0;V
10/09/1956;0,0;V
11/09/1956;0,0;V
12/09/1956;0,0;V
13/09/1956;0,0;V
14/09/1956;0,0;V
15/09/1956;0,0;V
16/09/1956;0,0;V
17/09/1956;0,0;V
18/09/1956;0,0;V
19/09/1956;0,0;V
20/09/1956;0,0;V
21/09/1956;0,0;V
22/09/1956;0,0;V
23/09/1956;5,0;V
24/09/1956;0,0;V
25/09/1956;9,4;V
26/09/1956;23,0;V
27/09/1956;8,5;V
28/09/1956;0,0;V
29/09/1956;0,0;V
30/09/1956;0,0;V
01/10/1956;0,0;V
02/10/1956;0,0;V
03/10/1956;0,0;V
04/10/1956;0,0;V
05/10/1956;6,0;V
06/10/1956;3,8;V
07/10/1956;0,0;V
08/10/1956;0,0;V
09/10/1956;0,0;V
10/10/1956;0,0;V
11/10/1956;0,0;V
12/10/1956;0,0;V
13/10/1956;0,0;V
14/10/1956;0,0;V
15/10/1956;0,0;V
16/10/1956;0,0;V
17/10/1956;0,0;V
18/10/1956;0,0;V
19/10/1956;0,0;V
20/10/1956;0,0;V
21/10/1956;0,0;V
22/10/1956;0,0;V
23/10/1956;0,0;V
24/10/1956;0,0;V
25/10/1956;0,0;V
26/10/1956;4,0;V
27/10/1956;16,5;V
28/10/1956;16,8;V
29/10/1956;0,0;V
30/10/1956;4,0;V
31/10/1956;0,0;V
01/11/1956;16,3;V
02/11/1956;26,2;V
03/11/1956;0,0;V
04/11/1956;0,0;V
05/11/1956;0,0;V
06/11/1956;0,0;V
07/11/1956;0,0;V
08/11/1956;0,0;V
09/11/1956;0,0;V
10/11/1956;0,0;V
11/11/1956;5,8;V
12/11/1956;18,0;V
13/11/1956;8,5;V
14/11/1956;5,2;V
15/11/1956;1,0;V
16/11/1956;8,4;V
17/11/1956;1,5;V
18/11/1956;0,0;V
19/11/1956;0,0;V
20/11/1956;0,0;V
21/11/1956;0,0;V
22/11/1956;0,0;V
23/11/1956;0,0;V
24/11/1956;0,0;V
25/11/1956;0,0;V
26/11/1956;0,0;V
27/11/1956;0,0;V
28/11/1956;0,0;V
29/11/1956;0,0;V
30/11/1956;3,8;V
01/12/1956;0,0;V
02/12/1956;0,0;V
03/12/1956;0,0;V
04/12/1956;0,0;V
05/12/1956;0,0;V
06/12/1956;0,0;V
07/12/1956;0,0;V
08/12/1956;0,0;V
09/12/1956;0,0;V
10/12/1956;0,0;V
11/12/1956;9,5;V
12/12/1956;2,4;V
13/12/1956;0,0;V
14/12/1956;3,9;V
15/12/1956;0,0;V
16/12/1956;5,5;V
17/12/1956;0,0;V
18/12/1956;0,0;V
19/12/1956;0,0;V
20/12/1956;0,0;V
21/12/1956;3,5;V
22/12/1956;1,0;V
23/12/1956;0,5;V
24/12/1956;0,0;V
25/12/1956;0,0;V
26/12/1956;0,0;V
27/12/1956;0,0;V
28/12/1956;0,0;V
29/12/1956;0,0;V
30/12/1956;0,0;V
31/12/1956;10,0;V
01/01/1957;15,8;V
02/01/1957;6,7;V
03/01/1957;0,0;V
04/01/1957;0,0;V
05/01/1957;0,0;V
06/01/1957;0,0;V
07/01/1957;0,0;V
08/01/1957;0,0;V
09/01/1957;0,0;V
10/01/1957;0,0;V
11/01/1957;5,0;V
12/01/1957;0,0;V
13/01/1957;0,0;V
14/01/1957;0,0;V
15/01/1957;0,0;V
16/01/1957;0,0;V
17/01/1957;0,0;V
18/01/1957;0,0;V
19/01/1957;0,0;V
20/01/1957;0,0;V
21/01/1957;0,0;V
22/01/1957;0,0;V
23/01/1957;0,0;V
24/01/1957;2,3;V
25/01/1957;15,0;V
26/01/1957;16,5;V
27/01/1957;0,0;V
28/01/1957;0,0;V
29/01/1957;0,0;V
30/01/1957;0,0;V
31/01/1957;0,0;V
01/02/1957;0,0;V
02/02/1957;0,0;V
03/02/1957;0,0;V
04/02/1957;0,0;V
05/02/1957;6,2;V
06/02/1957;0,0;V
07/02/1957;8,5;V
08/02/1957;0,0;V
09/02/1957;0,0;V
10/02/1957;0,0;V
11/02/1957;0,0;V
12/02/1957;0,0;V
13/02/1957;10,9;V
14/02/1957;18,0;V
15/02/1957;0,0;V
16/02/1957;22,6;V
17/02/1957;0,0;V
18/02/1957;0,0;V
19/02/1957;11,5;V
20/02/1957;0,0;V
21/02/1957;18,2;V
22/02/1957;0,0;V
23/02/1957;17,8;V
24/02/1957;0,0;V
25/02/1957;3,9;V
26/02/1957;0,0;V
27/02/1957;0,0;V
28/02/1957;20,6;V
01/03/1957;0,0;V
02/03/1957;0,0;V
03/03/1957;0,0;V
04/03/1957;0,0;V
05/03/1957;0,0;V
06/03/1957;0,0;V
07/03/1957;13,2;V
08/03/1957;2,0;V
09/03/1957;0,0;V
10/03/1957;0,0;V
11/03/1957;0,0;V
12/03/1957;0,0;V
13/03/1957;0,0;V
14/03/1957;0,0;V
15/03/1957;0,0;V
16/03/1957;0,0;V
17/03/1957;0,0;V
18/03/1957;0,0;V
19/03/1957;0,0;V
20/03/1957;0,0;V
21/03/1957;0,0;V
22/03/1957;0,0;V
23/03/1957;0,0;V
24/03/1957;6,8;V
25/03/1957;5,9;V
26/03/1957;3,2;V
27/03/1957;0,0;V
28/03/1957;0,0;V
29/03/1957;0,0;V
30/03/1957;0,0;V
31/03/1957;0,0;V
01/04/1957;0,0;V
02/04/1957;28,3;V
03/04/1957;5,2;V
04/04/1957;0,0;V
05/04/1957;0,0;V
06/04/1957;0,0;V
07/04/1957;0,0;V
08/04/1957;15,3;V
09/04/1957;15,5;V
10/04/1957;9,0;V
11/04/1957;14,0;V
12/04/1957;10,2;V
13/04/1957;0,0;V
14/04/1957;0,0;V
15/04/1957;0,0;V
16/04/1957;0,0;V
17/04/1957;0,0;V
18/04/1957;0,0;V
19/04/1957;0,0;V
20/04/1957;0,0;V
21/04/1957;0,0;V
22/04/1957;0,0;V
23/04/1957;0,0;V
24/04/1957;0,0;V
25/04/1957;0,0;V
26/04/1957;0,0;V
27/04/1957;0,0;V
28/04/1957;0,0;V
29/04/1957;0,0;V
30/04/1957;22,0;V
01/05/1957;6,0;V
02/05/1957;13,5;V
03/05/1957;2,6;V
04/05/1957;3,4;V
05/05/1957;0,0;V
06/05/1957;7,8;V
07/05/1957;9,6;V
08/05/1957;0,0;V
09/05/1957;0,0;V
10/05/1957;0,0;V
11/05/1957;0,0;V
12/05/1957;0,0;V
13/05/1957;4,0;V
14/05/1957;0,0;V
15/05/1957;0,0;V
16/05/1957;0,0;V
17/05/1957;0,0;V
18/05/1957;0,0;V
19/05/1957;0,0;V
20/05/1957;5,0;V
21/05/1957;3,3;V
22/05/1957;2,0;V
23/05/1957;0,0;V
24/05/1957;0,0;V
25/05/1957;7,8;V
26/05/1957;40,0;V
27/05/1957;2,8;V
28/05/1957;1,5;V
29/05/1957;1,3;V
30/05/1957;0,0;V
31/05/1957;2,0;V
01/06/1957;0,0;V
02/06/1957;0,0;V
03/06/1957;2,8;V
04/06/1957;21,2;V
05/06/1957;0,0;V
06/06/1957;0,0;V
07/06/1957;0,0;V
08/06/1957;0,0;V
09/06/1957;0,0;V
10/06/1957;2,0;V
11/06/1957;0,0;V
12/06/1957;14,5;V
13/06/1957;1,4;V
14/06/1957;0,6;V
15/06/1957;0,0;V
16/06/1957;0,0;V
17/06/1957;0,0;V
18/06/1957;0,0;V
19/06/1957;0,0;V
20/06/1957;0,0;V
21/06/1957;0,0;V
22/06/1957;0,0;V
23/06/1957;0,0;V
24/06/1957;0,0;V
25/06/1957;4,0;V
26/06/1957;0,0;V
27/06/1957;10,2;V
28/06/1957;0,0;V
29/06/1957;0,0;V
30/06/1957;0,0;V
01/07/1957;0,0;V
02/07/1957;0,0;V
03/07/1957;0,0;V
04/07/1957;0,0;V
05/07/1957;0,0;V
06/07/1957;0,0;V
07/07/1957;0,0;V
08/07/1957;0,0;V
09/07/1957;0,0;V
10/07/1957;0,0;V
11/07/1957;0,0;V
12/07/1957;0,0;V
13/07/1957;0,0;V
14/07/1957;0,0;V
15/07/1957;5,0;V
16/07/1957;0,0;V
17/07/1957;0,0;V
18/07/1957;1,2;V
19/07/1957;0,0;V
20/07/1957;14,8;V
21/07/1957;8,7;V
22/07/1957;2,3;V
23/07/1957;0,0;V
24/07/1957;0,0;V
25/07/1957;0,0;V
26/07/1957;0,0;V
27/07/1957;0,0;V
28/07/1957;0,0;V
29/07/1957;0,0;V
30/07/1957;0,0;V
31/07/1957;0,0;V
01/08/1957;0,0;V
02/08/1957;0,0;V
03/08/1957;0,0;V
04/08/1957;0,0;V
05/08/1957;0,0;V
06/08/1957;0,0;V
07/08/1957;0,0;V
08/08/1957;0,0;V
09/08/1957;0,0;V
10/08/1957;0,0;V
11/08/1957;0,0;V
12/08/1957;0,0;V
13/08/1957;0,0;V
14/08/1957;0,0;V
15/08/1957;0,0;V
16/08/1957;0,0;V
17/08/1957;0,0;V
18/08/1957;0,0;V
19/08/1957;0,0;V
20/08/1957;2,0;V
21/08/1957;0,0;V
22/08/1957;0,0;V
23/08/1957;0,0;V
24/08/1957;2,4;V
25/08/1957;0,0;V
26/08/1957;0,0;V
27/08/1957;0,0;V
28/08/1957;0,0;V
29/08/1957;0,0;V
30/08/1957;0,0;V
31/08/1957;0,0;V
01/09/1957;0,0;V
02/09/1957;0,0;V
03/09/1957;6,0;V
04/09/1957;0,0;V
05/09/1957;0,0;V
06/09/1957;0,0;V
07/09/1957;0,0;V
08/09/1957;0,0;V
09/09/1957;0,0;V
10/09/1957;0,0;V
11/09/1957;0,0;V
12/09/1957;6,3;V
13/09/1957;0,0;V
14/09/1957;0,0;V
15/09/1957;0,0;V
16/09/1957;0,0;V
17/09/1957;0,0;V
18/09/1957;0,0;V
19/09/1957;0,0;V
20/09/1957;0,0;V
21/09/1957;0,0;V
22/09/1957;0,0;V
23/09/1957;0,0;V
24/09/1957;0,0;V
25/09/1957;0,0;V
26/09/1957;0,0;V
27/09/1957;0,0;V
28/09/1957;0,0;V
29/09/1957;0,0;V
30/09/1957;0,0;V
01/10/1957;14,5;V
02/10/1957;13,6;V
03/10/1957;0,0;V
04/10/1957;0,0;V
05/10/1957;0,0;V
06/10/1957;0,0;V
07/10/1957;0,0;V
08/10/1957;0,0;V
09/10/1957;0,0;V
10/10/1957;0,0;V
11/10/1957;0,0;V
12/10/1957;0,0;V
13/10/1957;0,0;V
14/10/1957;0,0;V
15/10/1957;0,0;V
16/10/1957;0,0;V
17/10/1957;0,0;V
18/10/1957;0,0;V
19/10/1957;0,0;V
20/10/1957;0,0;V
21/10/1957;28,3;V
22/10/1957;4,9;V
23/10/1957;0,0;V
24/10/1957;0,0;V
25/10/1957;0,0;V
26/10/1957;0,0;V
27/10/1957;0,0;V
28/10/1957;0,0;V
29/10/1957;0,2;V
30/10/1957;0,0;V
31/10/1957;0,0;V
01/11/1957;0,0;V
02/11/1957;0,0;V
03/11/1957;0,0;V
04/11/1957;0,0;V
05/11/1957;0,0;V
06/11/1957;8,0;V
07/11/1957;19,0;V
08/11/1957;5,8;V
09/11/1957;6,0;V
10/11/1957;40,0;V
11/11/1957;5,0;V
12/11/1957;0,0;V
13/11/1957;0,0;V
14/11/1957;0,0;V
15/11/1957;0,0;V
16/11/1957;0,0;V
17/11/1957;0,0;V
18/11/1957;0,0;V
19/11/1957;0,0;V
20/11/1957;0,0;V
21/11/1957;0,0;V
22/11/1957;0,0;V
23/11/1957;0,0;V
24/11/1957;0,0;V
25/11/1957;0,0;V
26/11/1957;0,0;V
27/11/1957;0,0;V
28/11/1957;0,0;V
29/11/1957;0,0;V
30/11/1957;0,0;V
01/12/1957;0,0;V
02/12/1957;0,0;V
03/12/1957;0,0;V
04/12/1957;0,0;V
05/12/1957;0,0;V
06/12/1957;0,0;V
07/12/1957;0,0;V
08/12/1957;0,0;V
09/12/1957;3,7;V
10/12/1957;0,0;V
11/12/1957;0,0;V
12/12/1957;6,0;V
13/12/1957;3,6;V
14/12/1957;25,8;V
15/12/1957;22,2;V
16/12/1957;4,0;V
17/12/1957;0,0;V
18/12/1957;0,0;V
19/12/1957;0,0;V
20/12/1957;0,0;V
21/12/1957;0,0;V
22/12/1957;0,0;V
23/12/1957;5,0;V
24/12/1957;9,0;V
25/12/1957;2,2;V
26/12/1957;0,0;V
27/12/1957;0,0;V
28/12/1957;3,1;V
29/12/1957;0,0;V
30/12/1957;0,0;V
31/12/1957;0,0;V
01/01/1958;0,0;V
02/01/1958;0,0;V
03/01/1958;0,0;V
04/01/1958;0,0;V
05/01/1958;8,8;V
06/01/1958;18,2;V
07/01/1958;3,0;V
08/01/1958;0,0;V
09/01/1958;0,0;V
10/01/1958;2,2;V
11/01/1958;18,9;V
12/01/1958;14,2;V
13/01/1958;2,0;V
14/01/1958;0,0;V
15/01/1958;0,0;V
16/01/1958;0,0;V
17/01/1958;0,0;V
18/01/1958;0,0;V
19/01/1958;0,0;V
20/01/1958;4,5;V
21/01/1958;3,0;V
22/01/1958;0,0;V
23/01/1958;0,0;V
24/01/1958;0,0;V
25/01/1958;0,0;V
26/01/1958;0,0;V
27/01/1958;0,0;V
28/01/1958;0,0;V
29/01/1958;0,0;V
30/01/1958;0,0;V
31/01/1958;0,0;V
01/02/1958;0,0;V
02/02/1958;0,0;V
03/02/1958;0,0;V
04/02/1958;0,0;V
05/02/1958;0,0;V
06/02/1958;0,0;V
07/02/1958;0,0;V
08/02/1958;0,0;V
09/02/1958;0,0;V
10/02/1958;4,0;V
11/02/1958;0,0;V
12/02/1958;0,4;V
13/02/1958;0,0;V
14/02/1958;0,0;V
15/02/1958;0,0;V
16/02/1958;0,0;V
17/02/1958;6,0;V
18/02/1958;2,8;V
19/02/1958;0,0;V
20/02/1958;0,0;V
21/02/1958;0,0;V
22/02/1958;0,0;V
23/02/1958;0,0;V
24/02/1958;5,0;V
25/02/1958;0,0;V
26/02/1958;1,8;V
27/02/1958;7,0;V
28/02/1958;0,0;V
01/03/1958;0,0;V
02/03/1958;0,0;V
03/03/1958;0,0;V
04/03/1958;0,0;V
05/03/1958;0,0;V
06/03/1958;0,0;V
07/03/1958;0,0;V
08/03/1958;18,5;V
09/03/1958;5,0;S
10/03/1958;1,5;V
11/03/1958;14,4;V
12/03/1958;2,6;S
13/03/1958;3,5;V
14/03/1958;3,0;V
15/03/1958;0,5;V
16/03/1958;0,0;V
17/03/1958;8,0;V
18/03/1958;6,0;V
19/03/1958;5,0;V
20/03/1958;1,0;V
21/03/1958;25,0;V
22/03/1958;2,0;V
23/03/1958;0,0;V
24/03/1958;0,0;V
25/03/1958;0,0;V
26/03/1958;23,0;V
27/03/1958;0,0;V
28/03/1958;11,4;V
29/03/1958;0,0;V
30/03/1958;2,3;V
31/03/1958;1,0;V
01/04/1958;0,0;V
02/04/1958;21,2;V
03/04/1958;0,0;V
04/04/1958;36,2;V
05/04/1958;0,0;V
06/04/1958;14,0;V
07/04/1958;2,8;V
08/04/1958;0,0;V
09/04/1958;5,0;V
10/04/1958;0,0;V
11/04/1958;0,0;V
12/04/1958;10,8;V
13/04/1958;9,8;V
14/04/1958;20,6;V
15/04/1958;8,3;V
16/04/1958;2,0;V
17/04/1958;3,5;V
18/04/1958;3,8;V
19/04/1958;0,0;V
20/04/1958;0,0;V
21/04/1958;0,0;V
22/04/1958;0,0;V
23/04/1958;0,0;V
24/04/1958;0,0;V
25/04/1958;0,0;V
26/04/1958;0,0;V
27/04/1958;0,0;V
28/04/1958;5,2;V
29/04/1958;0,0;V
30/04/1958;0,0;V
01/05/1958;0,0;V
02/05/1958;0,0;V
03/05/1958;0,0;V
04/05/1958;0,0;V
05/05/1958;0,0;V
06/05/1958;0,0;V
07/05/1958;0,0;V
08/05/1958;0,0;V
09/05/1958;0,0;V
10/05/1958;0,0;V
11/05/1958;0,0;V
12/05/1958;0,0;V
13/05/1958;0,0;V
14/05/1958;0,0;V
15/05/1958;0,0;V
16/05/1958;1,0;V
17/05/1958;34,0;V
18/05/1958;2,0;V
19/05/1958;0,0;V
20/05/1958;0,0;V
21/05/1958;0,0;V
22/05/1958;0,0;V
23/05/1958;0,0;V
24/05/1958;0,0;V
25/05/1958;0,0;V
26/05/1958;0,0;V
27/05/1958;0,0;V
28/05/1958;0,0;V
29/05/1958;0,0;V
30/05/1958;0,0;V
31/05/1958;0,0;V
01/06/1958;0,0;V
02/06/1958;0,0;V
03/06/1958;0,0;V
04/06/1958;0,0;V
05/06/1958;0,0;V
06/06/1958;0,0;V
07/06/1958;0,0;V
08/06/1958;0,0;V
09/06/1958;0,0;V
10/06/1958;0,0;V
11/06/1958;5,3;V
12/06/1958;6,0;V
13/06/1958;5,0;V
14/06/1958;0,0;V
15/06/1958;0,0;V
16/06/1958;0,0;V
17/06/1958;0,0;V
18/06/1958;0,0;V
19/06/1958;0,0;V
20/06/1958;0,0;V
21/06/1958;0,0;V
22/06/1958;0,0;V
23/06/1958;1,3;V
24/06/1958;0,0;V
25/06/1958;8,0;V
26/06/1958;0,0;V
27/06/1958;15,9;V
28/06/1958;0,0;V
29/06/1958;0,0;V
30/06/1958;0,0;V
01/07/1958;0,0;V
02/07/1958;0,0;V
03/07/1958;0,0;V
04/07/1958;0,0;V
05/07/1958;0,0;V
06/07/1958;0,0;V
07/07/1958;0,0;V
08/07/1958;0,0;V
09/07/1958;0,0;V
10/07/1958;0,0;V
11/07/1958;0,0;V
12/07/1958;0,0;V
13/07/1958;0,0;V
14/07/1958;0,0;V
15/07/1958;0,0;V
16/07/1958;0,0;V
17/07/1958;3,6;V
18/07/1958;0,0;V
19/07/1958;0,0;V
20/07/1958;0,0;V
21/07/1958;0,0;V
22/07/1958;0,0;V
23/07/1958;2,0;V
24/07/1958;0,0;V
25/07/1958;0,0;V
26/07/1958;0,0;V
27/07/1958;0,0;V
28/07/1958;0,0;V
29/07/1958;0,0;V
30/07/1958;0,0;V
31/07/1958;0,0;V
01/08/1958;0,0;V
02/08/1958;0,0;V
03/08/1958;0,0;V
04/08/1958;0,0;V
05/08/1958;0,0;V
06/08/1958;0,0;V
07/08/1958;0,0;V
08/08/1958;0,0;V
09/08/1958;0,0;V
10/08/1958;0,0;V
11/08/1958;0,0;V
12/08/1958;0,0;V
13/08/1958;0,0;V
14/08/1958;0,0;V
15/08/1958;0,0;V
16/08/1958;0,0;V
17/08/1958;0,0;V
18/08/1958;0,0;V
19/08/1958;0,0;V
20/08/1958;0,0;V
21/08/1958;0,0;V
22/08/1958;0,0;V
23/08/1958;0,0;V
24/08/1958;0,4;V
25/08/1958;0,0;V
26/08/1958;0,0;V
27/08/1958;0,0;V
28/08/1958;0,0;V
29/08/1958;0,0;V
30/08/1958;0,0;V
31/08/1958;0,0;V
01/09/1958;4,9;V
02/09/1958;0,0;V
03/09/1958;0,0;V
04/09/1958;0,0;V
05/09/1958;0,0;V
06/09/1958;0,0;V
07/09/1958;0,0;V
08/09/1958;0,0;V
09/09/1958;0,0;V
10/09/1958;0,0;V
11/09/1958;10,7;V
12/09/1958;0,0;V
13/09/1958;0,0;V
14/09/1958;0,0;V
15/09/1958;0,0;V
16/09/1958;0,0;V
17/09/1958;0,0;V
18/09/1958;0,0;V
19/09/1958;0,0;V
20/09/1958;0,0;V
21/09/1958;0,0;V
22/09/1958;0,0;V
23/09/1958;0,0;V
24/09/1958;0,0;V
25/09/1958;0,0;V
26/09/1958;0,0;V
27/09/1958;0,0;V
28/09/1958;0,0;V
29/09/1958;0,0;V
30/09/1958;0,0;V
01/10/1958;0,3;V
02/10/1958;15,3;V
03/10/1958;7,0;V
04/10/1958;0,0;V
05/10/1958;7,2;V
06/10/1958;5,0;V
07/10/1958;0,0;V
08/10/1958;43,6;V
09/10/1958;0,0;V
10/10/1958;0,0;V
11/10/1958;0,0;V
12/10/1958;0,0;V
13/10/1958;16,0;V
14/10/1958;0,0;V
15/10/1958;0,0;V
16/10/1958;0,0;V
17/10/1958;0,0;V
18/10/1958;0,0;V
19/10/1958;0,0;V
20/10/1958;0,0;V
21/10/1958;0,0;V
22/10/1958;0,0;V
23/10/1958;0,0;V
24/10/1958;0,0;V
25/10/1958;0,0;V
26/10/1958;0,0;V
27/10/1958;0,0;V
28/10/1958;0,0;V
29/10/1958;0,0;V
30/10/1958;0,0;V
31/10/1958;0,0;V
01/11/1958;51,0;V
02/11/1958;9,0;V
03/11/1958;0,0;V
04/11/1958;2,0;V
05/11/1958;0,0;V
06/11/1958;0,0;V
07/11/1958;0,0;V
08/11/1958;0,0;V
09/11/1958;0,0;V
10/11/1958;0,0;V
11/11/1958;8,8;V
12/11/1958;5,0;V
13/11/1958;4,0;V
14/11/1958;5,8;V
15/11/1958;0,0;V
16/11/1958;0,0;V
17/11/1958;0,0;V
18/11/1958;0,0;V
19/11/1958;0,0;V
20/11/1958;0,0;V
21/11/1958;0,0;V
22/11/1958;0,4;V
23/11/1958;0,0;V
24/11/1958;0,0;V
25/11/1958;3,0;V
26/11/1958;0,0;V
27/11/1958;0,0;V
28/11/1958;0,0;V
29/11/1958;0,0;V
30/11/1958;0,0;V
01/12/1958;0,0;V
02/12/1958;0,0;V
03/12/1958;0,0;V
04/12/1958;0,0;V
05/12/1958;0,0;V
06/12/1958;0,0;V
07/12/1958;0,0;V
08/12/1958;0,0;V
09/12/1958;0,0;V
10/12/1958;0,0;V
11/12/1958;15,1;V
12/12/1958;13,1;V
13/12/1958;0,0;V
14/12/1958;28,0;V
15/12/1958;3,2;V
16/12/1958;19,8;V
17/12/1958;25,8;V
18/12/1958;22,7;V
19/12/1958;1,0;V
20/12/1958;4,4;V
21/12/1958;22,3;V
22/12/1958;15,0;V
23/12/1958;20,5;V
24/12/1958;24,0;V
25/12/1958;0,0;V
26/12/1958;0,0;V
27/12/1958;0,0;V
28/12/1958;2,8;V
29/12/1958;0,0;V
30/12/1958;0,0;V
31/12/1958;0,5;V
01/01/1959;0,0;V
02/01/1959;0,0;V
03/01/1959;8,9;V
04/01/1959;0,0;V
05/01/1959;0,0;V
06/01/1959;0,0;V
07/01/1959;22,5;V
08/01/1959;22,8;V
09/01/1959;19,5;V
10/01/1959;0,0;V
11/01/1959;0,0;V
12/01/1959;1,2;V
13/01/1959;0,0;V
14/01/1959;20,5;V
15/01/1959;16,0;V
16/01/1959;3,5;V
17/01/1959;0,0;V
18/01/1959;0,0;V
19/01/1959;0,5;V
20/01/1959;0,0;V
21/01/1959;0,0;V
22/01/1959;1,0;V
23/01/1959;4,3;V
24/01/1959;0,7;V
25/01/1959;11,2;V
26/01/1959;0,0;V
27/01/1959;0,0;V
28/01/1959;0,0;V
29/01/1959;0,0;V
30/01/1959;0,0;V
31/01/1959;0,0;V
01/02/1959;4,0;V
02/02/1959;14,0;V
03/02/1959;17,3;V
04/02/1959;0,0;V
05/02/1959;0,0;V
06/02/1959;0,0;V
07/02/1959;0,0;V
08/02/1959;0,0;V
09/02/1959;0,0;V
10/02/1959;0,0;V
11/02/1959;0,0;V
12/02/1959;0,0;V
13/02/1959;0,0;V
14/02/1959;0,0;V
15/02/1959;0,0;V
16/02/1959;0,0;V
17/02/1959;0,0;V
18/02/1959;0,0;V
19/02/1959;0,0;V
20/02/1959;0,0;V
21/02/1959;0,0;V
22/02/1959;0,0;V
23/02/1959;0,0;V
24/02/1959;0,0;V
25/02/1959;0,0;V
26/02/1959;0,0;V
27/02/1959;0,0;V
28/02/1959;0,0;V
01/03/1959;0,0;V
02/03/1959;0,0;V
03/03/1959;0,0;V
04/03/1959;0,0;V
05/03/1959;3,0;V
06/03/1959;0,0;V
07/03/1959;0,0;V
08/03/1959;1,5;V
09/03/1959;0,0;V
10/03/1959;0,5;V
11/03/1959;17,4;V
12/03/1959;0,4;V
13/03/1959;0,0;V
14/03/1959;0,0;V
15/03/1959;0,0;V
16/03/1959;0,0;V
17/03/1959;0,0;V
18/03/1959;0,4;V
19/03/1959;14,1;V
20/03/1959;0,6;V
21/03/1959;0,0;V
22/03/1959;0,0;V
23/03/1959;0,0;V
24/03/1959;0,0;V
25/03/1959;0,0;V
26/03/1959;6,0;V
27/03/1959;9,0;V
28/03/1959;0,0;V
29/03/1959;13,2;V
30/03/1959;10,0;V
31/03/1959;40,0;V
01/04/1959;0,0;V
02/04/1959;0,0;V
03/04/1959;0,0;V
04/04/1959;0,0;V
05/04/1959;0,0;V
06/04/1959;0,0;V
07/04/1959;12,5;V
08/04/1959;0,0;V
09/04/1959;0,0;V
10/04/1959;14,0;V
11/04/1959;18,0;V
12/04/1959;0,0;V
13/04/1959;0,0;V
14/04/1959;0,0;V
15/04/1959;0,0;V
16/04/1959;0,0;V
17/04/1959;30,0;V
18/04/1959;6,0;V
19/04/1959;0,0;V
20/04/1959;4,0;V
21/04/1959;10,0;V
22/04/1959;0,0;V
23/04/1959;0,0;V
24/04/1959;0,0;V
25/04/1959;0,0;V
26/04/1959;0,0;V
27/04/1959;0,0;V
28/04/1959;0,0;V
29/04/1959;3,8;V
30/04/1959;27,2;V
01/05/1959;43,3;V
02/05/1959;1,2;V
03/05/1959;0,0;V
04/05/1959;0,0;V
05/05/1959;0,0;V
06/05/1959;0,0;V
07/05/1959;0,0;V
08/05/1959;0,8;V
09/05/1959;0,0;V
10/05/1959;0,0;V
11/05/1959;0,0;V
12/05/1959;0,0;V
13/05/1959;0,0;V
14/05/1959;6,4;V
15/05/1959;0,0;V
16/05/1959;0,0;V
17/05/1959;0,0;V
18/05/1959;0,0;V
19/05/1959;0,0;V
20/05/1959;0,0;V
21/05/1959;0,0;V
22/05/1959;15,0;V
23/05/1959;12,2;V
24/05/1959;5,0;V
25/05/1959;0,0;V
26/05/1959;0,0;V
27/05/1959;0,0;V
28/05/1959;0,0;V
29/05/1959;0,0;V
30/05/1959;2,0;V
31/05/1959;0,0;V
01/06/1959;0,0;V
02/06/1959;0,0;V
03/06/1959;0,0;V
04/06/1959;0,0;V
05/06/1959;0,0;V
06/06/1959;0,0;V
07/06/1959;0,0;V
08/06/1959;0,0;V
09/06/1959;8,0;V
10/06/1959;1,8;V
11/06/1959;0,0;V
12/06/1959;0,0;V
13/06/1959;0,0;V
14/06/1959;0,0;V
15/06/1959;0,0;V
16/06/1959;0,0;V
17/06/1959;0,0;V
18/06/1959;0,0;V
19/06/1959;0,0;V
20/06/1959;0,0;V
21/06/1959;0,0;V
22/06/1959;0,0;V
23/06/1959;0,0;V
24/06/1959;0,0;V
25/06/1959;0,0;V
26/06/1959;0,0;V
27/06/1959;6,4;V
28/06/1959;18,2;V
29/06/1959;0,0;V
30/06/1959;2,0;V
01/07/1959;0,0;V
02/07/1959;0,0;V
03/07/1959;0,0;V
04/07/1959;0,0;V
05/07/1959;0,0;V
06/07/1959;0,0;V
07/07/1959;0,0;V
08/07/1959;0,0;V
09/07/1959;0,0;V
10/07/1959;0,0;V
11/07/1959;0,0;V
12/07/1959;0,0;V
13/07/1959;0,0;V
14/07/1959;0,0;V
15/07/1959;0,0;V
16/07/1959;0,0;V
17/07/1959;0,0;V
18/07/1959;0,0;V
19/07/1959;0,0;V
20/07/1959;0,0;V
21/07/1959;0,0;V
22/07/1959;0,0;V
23/07/1959;0,0;V
24/07/1959;0,0;V
25/07/1959;0,0;V
26/07/1959;0,0;V
27/07/1959;0,0;V
28/07/1959;0,0;V
29/07/1959;0,0;V
30/07/1959;0,0;V
31/07/1959;0,0;V
01/08/1959;0,0;V
02/08/1959;0,0;V
03/08/1959;0,0;V
04/08/1959;0,0;V
05/08/1959;0,0;V
06/08/1959;0,0;V
07/08/1959;0,0;V
08/08/1959;0,0;V
09/08/1959;0,0;V
10/08/1959;0,0;V
11/08/1959;0,0;V
12/08/1959;0,0;V
13/08/1959;0,0;V
14/08/1959;0,0;V
15/08/1959;0,0;V
16/08/1959;7,7;V
17/08/1959;0,0;V
18/08/1959;0,0;V
19/08/1959;0,0;V
20/08/1959;0,0;V
21/08/1959;0,0;V
22/08/1959;0,0;V
23/08/1959;0,0;V
24/08/1959;7,0;V
25/08/1959;24,2;V
26/08/1959;0,0;V
27/08/1959;0,0;V
28/08/1959;0,0;V
29/08/1959;0,0;V
30/08/1959;7,0;V
31/08/1959;30,0;V
01/09/1959;0,0;V
02/09/1959;0,0;V
03/09/1959;1,5;V
04/09/1959;0,0;V
05/09/1959;0,0;V
06/09/1959;1,0;V
07/09/1959;0,0;V
08/09/1959;0,0;V
09/09/1959;0,0;V
10/09/1959;0,0;V
11/09/1959;0,0;V
12/09/1959;0,0;V
13/09/1959;0,0;V
14/09/1959;0,0;V
15/09/1959;0,0;V
16/09/1959;0,0;V
17/09/1959;0,0;V
18/09/1959;0,0;V
19/09/1959;0,0;V
20/09/1959;0,0;V
21/09/1959;0,0;V
22/09/1959;0,0;V
23/09/1959;0,0;V
24/09/1959;0,0;V
25/09/1959;0,0;V
26/09/1959;7,0;V
27/09/1959;23,0;V
28/09/1959;24,8;V
29/09/1959;1,7;V
30/09/1959;0,0;V
01/10/1959;0,0;V
02/10/1959;0,0;V
03/10/1959;0,0;V
04/10/1959;0,0;V
05/10/1959;0,0;V
06/10/1959;0,0;V
07/10/1959;0,0;V
08/10/1959;0,0;V
09/10/1959;0,0;V
10/10/1959;0,0;V
11/10/1959;8,2;V
12/10/1959;0,0;V
13/10/1959;0,0;V
14/10/1959;0,0;V
15/10/1959;0,0;V
16/10/1959;0,0;V
17/10/1959;0,0;V
18/10/1959;0,0;V
19/10/1959;0,0;V
20/10/1959;0,0;V
21/10/1959;4,0;V
22/10/1959;0,0;V
23/10/1959;0,0;V
24/10/1959;0,0;V
25/10/1959;0,0;V
26/10/1959;0,0;V
27/10/1959;0,6;V
28/10/1959;46,4;V
29/10/1959;25,0;V
30/10/1959;0,0;V
31/10/1959;0,0;V
01/11/1959;0,0;V
02/11/1959;0,0;V
03/11/1959;0,0;V
04/11/1959;0,0;V
05/11/1959;2,8;V
06/11/1959;8,4;V
07/11/1959;0,0;V
08/11/1959;0,0;V
09/11/1959;0,0;V
10/11/1959;0,0;V
11/11/1959;15,0;V
12/11/1959;11,5;V
13/11/1959;23,8;V
14/11/1959;0,0;V
15/11/1959;2,5;V
16/11/1959;15,0;V
17/11/1959;0,0;V
18/11/1959;9,5;V
19/11/1959;0,0;V
20/11/1959;0,0;V
21/11/1959;0,0;V
22/11/1959;0,0;V
23/11/1959;0,0;V
24/11/1959;0,0;V
25/11/1959;0,0;V
26/11/1959;0,0;V
27/11/1959;0,0;V
28/11/1959;7,2;V
29/11/1959;1,6;V
30/11/1959;2,2;V
01/12/1959;2,0;V
02/12/1959;20,0;V
03/12/1959;0,0;V
04/12/1959;45,0;V
05/12/1959;10,0;V
06/12/1959;0,0;V
07/12/1959;0,0;V
08/12/1959;12,5;V
09/12/1959;22,0;V
10/12/1959;2,0;V
11/12/1959;15,0;V
12/12/1959;4,0;V
13/12/1959;14,5;V
14/12/1959;0,0;V
15/12/1959;0,0;V
16/12/1959;0,0;V
17/12/1959;0,0;V
18/12/1959;0,0;V
19/12/1959;20,4;V
20/12/1959;0,0;V
21/12/1959;0,0;V
22/12/1959;18,4;V
23/12/1959;0,0;V
24/12/1959;0,0;V
25/12/1959;28,9;V
26/12/1959;0,0;V
27/12/1959;7,5;V
28/12/1959;13,3;V
29/12/1959;0,0;V
30/12/1959;0,0;V
31/12/1959;0,0;V
01/01/1960;0,0;V
02/01/1960;0,0;V
03/01/1960;19,5;V
04/01/1960;0,0;V
05/01/1960;0,0;V
06/01/1960;0,0;V
07/01/1960;0,0;V
08/01/1960;0,0;V
09/01/1960;26,2;V
10/01/1960;0,0;V
11/01/1960;0,0;V
12/01/1960;0,0;V
13/01/1960;3,4;V
14/01/1960;1,4;V
15/01/1960;23,2;S
16/01/1960;0,0;V
17/01/1960;5,5;V
18/01/1960;0,0;V
19/01/1960;0,0;V
20/01/1960;10,0;V
21/01/1960;0,0;V
22/01/1960;0,0;V
23/01/1960;0,0;V
24/01/1960;2,3;V
25/01/1960;0,0;V
26/01/1960;2,2;V
27/01/1960;17,8;V
28/01/1960;0,0;V
29/01/1960;1,6;V
30/01/1960;0,0;V
31/01/1960;0,0;V
01/02/1960;0,0;V
02/02/1960;1,2;V
03/02/1960;0,0;V
04/02/1960;2,0;V
05/02/1960;0,0;V
06/02/1960;0,0;V
07/02/1960;0,0;V
08/02/1960;0,0;V
09/02/1960;0,0;V
10/02/1960;0,0;V
11/02/1960;1,0;V
12/02/1960;14,0;V
13/02/1960;5,5;V
14/02/1960;28,2;V
15/02/1960;11,9;V
16/02/1960;0,0;V
17/02/1960;2,8;V
18/02/1960;58,0;V
19/02/1960;0,0;V
20/02/1960;2,5;V
21/02/1960;4,0;V
22/02/1960;1,0;V
23/02/1960;30,8;V
24/02/1960;6,0;V
25/02/1960;0,0;V
26/02/1960;0,0;V
27/02/1960;0,0;V
28/02/1960;0,0;V
29/02/1960;2,0;V
01/03/1960;0,0;V
02/03/1960;6,8;V
03/03/1960;0,0;V
04/03/1960;0,0;V
05/03/1960;0,0;V
06/03/1960;0,0;V
07/03/1960;0,0;V
08/03/1960;0,0;V
09/03/1960;0,0;V
10/03/1960;34,3;V
11/03/1960;24,8;V
12/03/1960;0,0;V
13/03/1960;2,4;V
14/03/1960;0,0;V
15/03/1960;10,8;V
16/03/1960;20,2;V
17/03/1960;12,0;V
18/03/1960;0,0;V
19/03/1960;0,0;V
20/03/1960;0,0;V
21/03/1960;0,0;V
22/03/1960;0,0;V
23/03/1960;0,0;V
24/03/1960;0,0;V
25/03/1960;2,3;V
26/03/1960;0,0;V
27/03/1960;6,8;V
28/03/1960;11,2;V
29/03/1960;5,3;V
30/03/1960;14,2;V
31/03/1960;1,8;V
01/04/1960;0,0;V
02/04/1960;1,2;V
03/04/1960;0,0;V
04/04/1960;0,6;V
05/04/1960;2,2;V
06/04/1960;0,0;V
07/04/1960;0,0;V
08/04/1960;0,0;V
09/04/1960;0,0;V
10/04/1960;0,0;V
11/04/1960;0,0;V
12/04/1960;0,0;V
13/04/1960;0,0;V
14/04/1960;0,0;V
15/04/1960;0,0;V
16/04/1960;0,0;V
17/04/1960;0,6;V
18/04/1960;20,2;V
19/04/1960;17,0;V
20/04/1960;3,0;V
21/04/1960;0,0;V
22/04/1960;0,0;V
23/04/1960;0,0;V
24/04/1960;0,0;V
25/04/1960;0,0;V
26/04/1960;0,0;V
27/04/1960;1,8;V
28/04/1960;5,2;V
29/04/1960;8,0;V
30/04/1960;12,0;V
01/05/1960;3,0;V
02/05/1960;0,0;V
03/05/1960;0,0;V
04/05/1960;0,0;V
05/05/1960;0,0;V
06/05/1960;1,0;V
07/05/1960;0,0;V
08/05/1960;0,0;V
09/05/1960;0,0;V
10/05/1960;0,0;V
11/05/1960;0,0;V
12/05/1960;0,0;V
13/05/1960;0,0;V
14/05/1960;0,0;V
15/05/1960;0,0;V
16/05/1960;0,0;V
17/05/1960;0,0;V
18/05/1960;1,0;V
19/05/1960;0,0;V
20/05/1960;0,0;V
21/05/1960;0,0;V
22/05/1960;0,0;V
23/05/1960;0,0;V
24/05/1960;0,0;V
25/05/1960;0,0;V
26/05/1960;0,0;V
27/05/1960;0,0;V
28/05/1960;0,0;V
29/05/1960;0,0;V
30/05/1960;0,0;V
31/05/1960;0,0;V
01/06/1960;0,0;V
02/06/1960;0,0;V
03/06/1960;4,0;V
04/06/1960;0,0;V
05/06/1960;0,0;V
06/06/1960;4,3;V
07/06/1960;0,0;V
08/06/1960;0,0;V
09/06/1960;3,8;V
10/06/1960;0,0;V
11/06/1960;0,0;V
12/06/1960;0,0;V
13/06/1960;0,0;V
14/06/1960;0,0;V
15/06/1960;0,0;V
16/06/1960;0,0;V
17/06/1960;0,0;V
18/06/1960;0,0;V
19/06/1960;0,0;V
20/06/1960;0,0;V
21/06/1960;0,0;V
22/06/1960;0,0;V
23/06/1960;0,0;V
24/06/1960;0,0;V
25/06/1960;3,2;V
26/06/1960;25,2;V
27/06/1960;30,0;V
28/06/1960;0,0;V
29/06/1960;1,2;V
30/06/1960;0,0;V
01/07/1960;0,0;V
02/07/1960;0,0;V
03/07/1960;0,0;V
04/07/1960;15,0;V
05/07/1960;0,0;V
06/07/1960;0,0;V
07/07/1960;0,0;V
08/07/1960;0,0;V
09/07/1960;13,0;V
10/07/1960;2,0;V
11/07/1960;0,0;V
12/07/1960;0,0;V
13/07/1960;19,8;V
14/07/1960;0,0;V
15/07/1960;0,0;V
16/07/1960;0,0;V
17/07/1960;6,6;V
18/07/1960;0,0;V
19/07/1960;0,0;V
20/07/1960;0,0;V
21/07/1960;0,0;V
22/07/1960;0,0;V
23/07/1960;0,0;V
24/07/1960;1,0;V
25/07/1960;0,0;V
26/07/1960;0,0;V
27/07/1960;0,0;V
28/07/1960;14,4;V
29/07/1960;0,0;V
30/07/1960;0,0;V
31/07/1960;0,0;V
01/08/1960;0,0;V
02/08/1960;0,0;V
03/08/1960;0,0;V
04/08/1960;0,0;V
05/08/1960;0,0;V
06/08/1960;0,0;V
07/08/1960;0,0;V
08/08/1960;0,0;V
09/08/1960;0,0;V
10/08/1960;0,0;V
11/08/1960;0,0;V
12/08/1960;0,0;V
13/08/1960;0,4;V
14/08/1960;0,0;V
15/08/1960;1,8;V
16/08/1960;0,6;V
17/08/1960;0,0;V
18/08/1960;0,0;V
19/08/1960;0,0;V
20/08/1960;0,0;V
21/08/1960;0,0;V
22/08/1960;0,0;V
23/08/1960;0,0;V
24/08/1960;0,0;V
25/08/1960;0,0;V
26/08/1960;0,0;V
27/08/1960;0,0;V
28/08/1960;0,0;V
29/08/1960;0,0;V
30/08/1960;0,0;V
31/08/1960;0,0;V
01/09/1960;0,0;V
02/09/1960;3,0;V
03/09/1960;0,0;V
04/09/1960;0,0;V
05/09/1960;14,0;V
06/09/1960;16,0;V
07/09/1960;0,0;V
08/09/1960;0,0;V
09/09/1960;0,0;V
10/09/1960;0,0;V
11/09/1960;0,0;V
12/09/1960;0,0;V
13/09/1960;0,0;V
14/09/1960;0,0;V
15/09/1960;0,0;V
16/09/1960;0,0;V
17/09/1960;11,0;V
18/09/1960;0,0;V
19/09/1960;0,0;V
20/09/1960;26,6;V
21/09/1960;0,6;V
22/09/1960;1,4;V
23/09/1960;0,0;V
24/09/1960;0,0;V
25/09/1960;0,0;V
26/09/1960;0,0;V
27/09/1960;0,0;V
28/09/1960;37,0;V
29/09/1960;1,8;V
30/09/1960;0,0;V
01/10/1960;5,0;V
02/10/1960;0,0;V
03/10/1960;0,0;V
04/10/1960;0,0;V
05/10/1960;20,0;V
06/10/1960;2,0;V
07/10/1960;31,0;V
08/10/1960;3,8;V
09/10/1960;0,0;V
10/10/1960;21,0;V
11/10/1960;35,0;V
12/10/1960;4,2;V
13/10/1960;0,0;V
14/10/1960;0,0;V
15/10/1960;19,8;V
16/10/1960;0,0;V
17/10/1960;7,0;V
18/10/1960;0,0;V
19/10/1960;0,0;V
20/10/1960;0,0;V
21/10/1960;45,0;V
22/10/1960;0,0;V
23/10/1960;0,0;V
24/10/1960;0,0;V
25/10/1960;3,0;V
26/10/1960;30,8;V
27/10/1960;0,0;V
28/10/1960;2,3;V
29/10/1960;0,0;V
30/10/1960;0,0;V
31/10/1960;12,8;V
01/11/1960;0,0;V
02/11/1960;0,0;V
03/11/1960;0,0;V
04/11/1960;0,0;V
05/11/1960;5,0;V
06/11/1960;0,0;V
07/11/1960;0,0;V
08/11/1960;0,0;V
09/11/1960;0,0;V
10/11/1960;0,0;V
11/11/1960;10,8;V
12/11/1960;35,0;V
13/11/1960;18,8;V
14/11/1960;0,0;V
15/11/1960;0,0;V
16/11/1960;12,3;V
17/11/1960;7,2;V
18/11/1960;0,0;V
19/11/1960;0,0;V
20/11/1960;17,3;V
21/11/1960;0,0;V
22/11/1960;1,0;V
23/11/1960;25,8;V
24/11/1960;0,0;V
25/11/1960;0,0;V
26/11/1960;0,0;V
27/11/1960;10,2;V
28/11/1960;5,0;V
29/11/1960;0,0;V
30/11/1960;0,0;V
01/12/1960;0,0;V
02/12/1960;0,0;V
03/12/1960;0,0;V
04/12/1960;0,0;V
05/12/1960;3,2;V
06/12/1960;0,0;V
07/12/1960;31,8;V
08/12/1960;2,0;V
09/12/1960;5,0;V
10/12/1960;12,8;V
11/12/1960;7,0;V
12/12/1960;0,0;V
13/12/1960;0,0;V
14/12/1960;0,0;V
15/12/1960;6,9;V
16/12/1960;1,1;V
17/12/1960;0,0;V
18/12/1960;28,0;V
19/12/1960;2,9;V
20/12/1960;15,0;V
21/12/1960;70,0;V
22/12/1960;9,8;V
23/12/1960;2,7;V
24/12/1960;0,0;V
25/12/1960;0,0;V
26/12/1960;0,0;V
27/12/1960;0,0;V
28/12/1960;19,4;V
29/12/1960;1,6;V
30/12/1960;0,0;V
31/12/1960;0,0;V
01/01/1961;10,0;V
02/01/1961;23,5;V
03/01/1961;5,0;V
04/01/1961;10,0;V
05/01/1961;7,3;V
06/01/1961;0,0;V
07/01/1961;13,5;V
08/01/1961;0,0;V
09/01/1961;5,0;V
10/01/1961;0,0;V
11/01/1961;9,0;V
12/01/1961;2,3;V
13/01/1961;0,0;V
14/01/1961;0,0;V
15/01/1961;4,5;V
16/01/1961;0,0;V
17/01/1961;0,0;V
18/01/1961;0,0;V
19/01/1961;0,0;V
20/01/1961;0,0;V
21/01/1961;0,0;V
22/01/1961;0,0;V
23/01/1961;6,5;V
24/01/1961;1,0;V
25/01/1961;4,3;V
26/01/1961;0,0;V
27/01/1961;0,0;V
28/01/1961;0,0;V
29/01/1961;0,0;V
30/01/1961;0,0;V
31/01/1961;0,0;V
01/02/1961;17,0;V
02/02/1961;0,0;V
03/02/1961;15,0;V
04/02/1961;0,0;V
05/02/1961;0,0;V
06/02/1961;0,0;V
07/02/1961;0,0;V
08/02/1961;8,8;V
09/02/1961;0,0;V
10/02/1961;0,0;V
11/02/1961;0,0;V
12/02/1961;0,0;V
13/02/1961;0,0;V
14/02/1961;0,0;V
15/02/1961;0,0;V
16/02/1961;0,0;V
17/02/1961;0,0;V
18/02/1961;0,0;V
19/02/1961;0,0;V
20/02/1961;0,0;V
21/02/1961;0,0;V
22/02/1961;4,0;V
23/02/1961;0,0;V
24/02/1961;0,0;V
25/02/1961;0,0;V
26/02/1961;0,0;V
27/02/1961;0,0;V
28/02/1961;0,0;V
01/03/1961;0,0;V
02/03/1961;0,0;V
03/03/1961;0,0;V
04/03/1961;0,0;V
05/03/1961;0,0;V
06/03/1961;0,0;V
07/03/1961;0,0;V
08/03/1961;0,0;V
09/03/1961;0,0;V
10/03/1961;0,0;V
11/03/1961;0,0;V
12/03/1961;0,0;V
13/03/1961;0,0;V
14/03/1961;0,0;V
15/03/1961;0,0;V
16/03/1961;0,0;V
17/03/1961;0,0;V
18/03/1961;0,0;V
19/03/1961;0,0;V
20/03/1961;0,0;V
21/03/1961;0,0;V
22/03/1961;0,0;V
23/03/1961;0,0;V
24/03/1961;0,0;V
25/03/1961;0,0;V
26/03/1961;0,0;V
27/03/1961;0,0;V
28/03/1961;0,0;V
29/03/1961;0,0;V
30/03/1961;0,0;V
31/03/1961;0,0;V
01/04/1961;0,0;V
02/04/1961;0,0;V
03/04/1961;0,7;V
04/04/1961;0,0;V
05/04/1961;0,0;V
06/04/1961;0,0;V
07/04/1961;0,0;V
08/04/1961;0,0;V
09/04/1961;0,0;V
10/04/1961;0,0;V
11/04/1961;0,0;V
12/04/1961;0,0;V
13/04/1961;0,0;V
14/04/1961;0,0;V
15/04/1961;8,5;V
16/04/1961;10,0;V
17/04/1961;12,8;V
18/04/1961;5,0;V
19/04/1961;0,0;V
20/04/1961;0,0;V
21/04/1961;0,0;V
22/04/1961;15,5;V
23/04/1961;15,0;V
24/04/1961;40,0;V
25/04/1961;0,0;V
26/04/1961;0,6;V
27/04/1961;28,0;V
28/04/1961;0,0;V
29/04/1961;0,0;V
30/04/1961;0,0;V
01/05/1961;5,0;V
02/05/1961;3,0;V
03/05/1961;0,0;V
04/05/1961;0,0;V
05/05/1961;0,0;V
06/05/1961;0,0;V
07/05/1961;0,0;V
08/05/1961;0,0;V
09/05/1961;0,0;V
10/05/1961;0,0;V
11/05/1961;0,0;V
12/05/1961;0,0;V
13/05/1961;0,0;V
14/05/1961;0,0;V
15/05/1961;0,0;V
16/05/1961;0,0;V
17/05/1961;5,0;V
18/05/1961;0,0;V
19/05/1961;0,0;V
20/05/1961;0,0;V
21/05/1961;22,8;V
22/05/1961;7,3;V
23/05/1961;0,0;V
24/05/1961;0,0;V
25/05/1961;0,0;V
26/05/1961;4,2;V
27/05/1961;0,0;V
28/05/1961;0,0;V
29/05/1961;8,6;V
30/05/1961;0,0;V
31/05/1961;1,8;V
01/06/1961;6,8;V
02/06/1961;0,0;V
03/06/1961;4,4;V
04/06/1961;0,0;V
05/06/1961;17,5;V
06/06/1961;0,0;V
07/06/1961;30,2;V
08/06/1961;3,8;V
09/06/1961;0,0;V
10/06/1961;6,8;V
11/06/1961;0,0;V
12/06/1961;0,0;V
13/06/1961;0,0;V
14/06/1961;5,8;V
15/06/1961;0,0;V
16/06/1961;0,0;V
17/06/1961;0,0;V
18/06/1961;0,0;V
19/06/1961;0,0;V
20/06/1961;0,0;V
21/06/1961;0,0;V
22/06/1961;0,0;V
23/06/1961;0,0;V
24/06/1961;0,0;V
25/06/1961;0,0;V
26/06/1961;0,0;V
27/06/1961;0,0;V
28/06/1961;0,0;V
29/06/1961;0,0;V
30/06/1961;0,0;V
01/07/1961;0,0;V
02/07/1961;0,0;V
03/07/1961;0,0;V
04/07/1961;0,0;V
05/07/1961;0,0;V
06/07/1961;0,0;V
07/07/1961;0,0;V
08/07/1961;0,0;V
09/07/1961;0,0;V
10/07/1961;0,0;V
11/07/1961;0,0;V
12/07/1961;0,0;V
13/07/1961;0,0;V
14/07/1961;0,0;V
15/07/1961;0,0;V
16/07/1961;0,0;V
17/07/1961;0,0;V
18/07/1961;0,0;V
19/07/1961;0,0;V
20/07/1961;5,0;V
21/07/1961;0,0;V
22/07/1961;0,0;V
23/07/1961;0,0;V
24/07/1961;0,0;V
25/07/1961;0,0;V
26/07/1961;0,0;V
27/07/1961;0,0;V
28/07/1961;0,0;V
29/07/1961;10,9;V
30/07/1961;0,0;V
31/07/1961;0,0;V
01/08/1961;0,0;V
02/08/1961;0,0;V
03/08/1961;0,0;V
04/08/1961;0,0;V
05/08/1961;0,0;V
06/08/1961;0,0;V
07/08/1961;0,0;V
08/08/1961;0,0;V
09/08/1961;0,0;V
10/08/1961;0,0;V
11/08/1961;0,0;V
12/08/1961;0,0;V
13/08/1961;0,0;V
14/08/1961;0,0;V
15/08/1961;0,0;V
16/08/1961;0,0;V
17/08/1961;0,0;V
18/08/1961;0,0;V
19/08/1961;0,0;V
20/08/1961;0,0;V
21/08/1961;0,0;V
22/08/1961;0,0;V
23/08/1961;0,0;V
24/08/1961;0,0;V
25/08/1961;0,0;V
26/08/1961;0,0;V
27/08/1961;0,0;V
28/08/1961;0,0;V
29/08/1961;0,0;V
30/08/1961;0,0;V
31/08/1961;0,0;V
01/09/1961;0,0;V
02/09/1961;0,0;V
03/09/1961;0,0;V
04/09/1961;0,0;V
05/09/1961;8,5;V
06/09/1961;27,8;V
07/09/1961;0,0;V
08/09/1961;0,0;V
09/09/1961;12,5;V
10/09/1961;0,0;V
11/09/1961;0,0;V
12/09/1961;0,0;V
13/09/1961;0,0;V
14/09/1961;0,0;V
15/09/1961;0,0;V
16/09/1961;0,0;V
17/09/1961;0,0;V
18/09/1961;0,0;V
19/09/1961;0,0;V
20/09/1961;0,0;V
21/09/1961;0,0;V
22/09/1961;0,0;V
23/09/1961;0,0;V
24/09/1961;0,0;V
25/09/1961;0,0;V
26/09/1961;0,0;V
27/09/1961;0,0;V
28/09/1961;0,0;V
29/09/1961;0,0;V
30/09/1961;0,0;V
01/10/1961;42,0;V
02/10/1961;0,0;V
03/10/1961;0,0;V
04/10/1961;0,0;V
05/10/1961;0,0;V
06/10/1961;0,0;V
07/10/1961;20,5;V
08/10/1961;21,3;V
09/10/1961;0,0;V
10/10/1961;0,0;V
11/10/1961;0,0;V
12/10/1961;0,0;V
13/10/1961;0,0;V
14/10/1961;0,0;V
15/10/1961;0,0;V
16/10/1961;0,0;V
17/10/1961;0,0;V
18/10/1961;40,0;V
19/10/1961;15,8;V
20/10/1961;0,0;V
21/10/1961;1,2;V
22/10/1961;0,0;V
23/10/1961;0,0;V
24/10/1961;0,0;V
25/10/1961;0,0;V
26/10/1961;0,0;V
27/10/1961;0,0;V
28/10/1961;9,7;V
29/10/1961;7,0;V
30/10/1961;0,0;V
31/10/1961;0,0;V
01/11/1961;0,0;V
02/11/1961;0,0;V
03/11/1961;0,0;V
04/11/1961;41,0;V
05/11/1961;0,0;V
06/11/1961;0,0;V
07/11/1961;0,0;V
08/11/1961;0,0;V
09/11/1961;0,0;V
10/11/1961;12,2;V
11/11/1961;0,0;V
12/11/1961;6,8;V
13/11/1961;45,0;V
14/11/1961;30,8;V
15/11/1961;6,0;V
16/11/1961;0,0;V
17/11/1961;0,0;V
18/11/1961;0,0;V
19/11/1961;0,0;V
20/11/1961;0,0;V
21/11/1961;0,0;V
22/11/1961;0,0;V
23/11/1961;0,0;V
24/11/1961;8,3;V
25/11/1961;2,6;V
26/11/1961;2,0;V
27/11/1961;1,0;V
28/11/1961;1,0;V
29/11/1961;0,0;V
30/11/1961;2,4;V
01/12/1961;0,0;V
02/12/1961;2,0;V
03/12/1961;0,8;V
04/12/1961;0,0;V
05/12/1961;0,0;V
06/12/1961;1,5;V
07/12/1961;11,7;V
08/12/1961;0,0;V
09/12/1961;0,0;V
10/12/1961;0,0;V
11/12/1961;0,0;V
12/12/1961;0,0;V
13/12/1961;0,0;V
14/12/1961;0,0;V
15/12/1961;0,0;V
16/12/1961;0,0;V
17/12/1961;0,0;V
18/12/1961;0,0;V
19/12/1961;0,0;V
20/12/1961;0,0;V
21/12/1961;0,0;V
22/12/1961;0,0;V
23/12/1961;0,0;V
24/12/1961;7,8;V
25/12/1961;0,0;V
26/12/1961;0,0;V
27/12/1961;51,5;V
28/12/1961;26,3;V
29/12/1961;4,2;V
30/12/1961;0,0;V
31/12/1961;11,8;V
01/01/1962;0,0;V
02/01/1962;0,0;V
03/01/1962;0,0;V
04/01/1962;0,0;V
05/01/1962;0,0;V
06/01/1962;0,0;V
07/01/1962;0,0;V
08/01/1962;0,0;V
09/01/1962;0,0;V
10/01/1962;5,0;V
11/01/1962;18,3;V
12/01/1962;11,8;V
13/01/1962;1,3;V
14/01/1962;0,0;V
15/01/1962;10,0;V
16/01/1962;0,0;V
17/01/1962;0,0;V
18/01/1962;0,0;V
19/01/1962;1,6;V
20/01/1962;0,0;V
21/01/1962;0,0;V
22/01/1962;0,0;V
23/01/1962;0,0;V
24/01/1962;0,0;V
25/01/1962;0,0;V
26/01/1962;0,0;V
27/01/1962;0,0;V
28/01/1962;0,0;V
29/01/1962;0,0;V
30/01/1962;0,0;V
31/01/1962;0,0;V
01/02/1962;0,0;V
02/02/1962;0,0;V
03/02/1962;0,0;V
04/02/1962;0,0;V
05/02/1962;0,0;V
06/02/1962;0,0;V
07/02/1962;0,0;V
08/02/1962;0,0;V
09/02/1962;17,0;V
10/02/1962;8,0;V
11/02/1962;0,0;V
12/02/1962;0,0;V
13/02/1962;0,0;V
14/02/1962;7,3;V
15/02/1962;0,0;V
16/02/1962;0,0;V
17/02/1962;0,0;V
18/02/1962;0,0;V
19/02/1962;0,0;V
20/02/1962;0,0;V
21/02/1962;0,0;V
22/02/1962;0,0;V
23/02/1962;0,0;V
24/02/1962;0,0;V
25/02/1962;0,0;V
26/02/1962;0,0;V
27/02/1962;14,6;V
28/02/1962;0,0;V
01/03/1962;31,5;V
02/03/1962;2,3;V
03/03/1962;20,0;V
04/03/1962;10,5;V
05/03/1962;12,0;V
06/03/1962;4,8;V
07/03/1962;0,0;V
08/03/1962;0,0;V
09/03/1962;0,0;V
10/03/1962;8,8;V
11/03/1962;33,5;V
12/03/1962;2,0;V
13/03/1962;0,0;V
14/03/1962;10,0;V
15/03/1962;0,0;V
16/03/1962;0,0;V
17/03/1962;0,0;V
18/03/1962;0,0;V
19/03/1962;0,0;V
20/03/1962;0,0;V
21/03/1962;0,0;V
22/03/1962;0,0;V
23/03/1962;2,0;V
24/03/1962;1,0;V
25/03/1962;5,0;V
26/03/1962;0,0;V
27/03/1962;0,0;V
28/03/1962;30,0;V
29/03/1962;0,0;V
30/03/1962;0,0;V
31/03/1962;0,0;V
01/04/1962;0,0;V
02/04/1962;0,0;V
03/04/1962;0,0;V
04/04/1962;4,3;V
05/04/1962;24,2;V
06/04/1962;0,0;V
07/04/1962;0,0;V
08/04/1962;0,0;V
09/04/1962;0,0;V
10/04/1962;16,5;V
11/04/1962;0,0;V
12/04/1962;0,0;V
13/04/1962;0,0;V
14/04/1962;0,0;V
15/04/1962;3,6;V
16/04/1962;0,0;V
17/04/1962;0,0;V
18/04/1962;4,2;V
19/04/1962;8,3;V
20/04/1962;0,0;V
21/04/1962;0,0;V
22/04/1962;0,0;V
23/04/1962;0,0;V
24/04/1962;0,0;V
25/04/1962;0,0;V
26/04/1962;0,0;V
27/04/1962;0,0;V
28/04/1962;0,0;V
29/04/1962;0,0;V
30/04/1962;0,0;V
01/05/1962;0,0;V
02/05/1962;0,0;V
03/05/1962;0,0;V
04/05/1962;28,3;V
05/05/1962;0,0;V
06/05/1962;0,0;V
07/05/1962;0,0;V
08/05/1962;0,0;V
09/05/1962;0,0;V
10/05/1962;0,0;V
11/05/1962;0,0;V
12/05/1962;0,0;V
13/05/1962;0,0;V
14/05/1962;5,0;V
15/05/1962;1,2;V
16/05/1962;0,0;V
17/05/1962;0,0;V
18/05/1962;0,0;V
19/05/1962;0,0;V
20/05/1962;15,2;V
21/05/1962;0,0;V
22/05/1962;0,0;V
23/05/1962;0,0;V
24/05/1962;0,0;V
25/05/1962;0,0;V
26/05/1962;0,0;V
27/05/1962;0,0;V
28/05/1962;0,0;V
29/05/1962;0,0;V
30/05/1962;0,0;V
31/05/1962;0,0;V
01/06/1962;0,0;V
02/06/1962;5,3;V
03/06/1962;3,4;V
04/06/1962;0,0;V
05/06/1962;0,0;V
06/06/1962;0,0;V
07/06/1962;0,0;V
08/06/1962;0,0;V
09/06/1962;0,0;V
10/06/1962;0,0;V
11/06/1962;0,0;V
12/06/1962;0,0;V
13/06/1962;0,0;V
14/06/1962;0,0;V
15/06/1962;0,0;V
16/06/1962;3,2;V
17/06/1962;0,0;V
18/06/1962;0,0;V
19/06/1962;0,0;V
20/06/1962;0,0;V
21/06/1962;0,0;V
22/06/1962;0,0;V
23/06/1962;0,0;V
24/06/1962;0,0;V
25/06/1962;0,0;V
26/06/1962;0,0;V
27/06/1962;0,0;V
28/06/1962;0,0;V
29/06/1962;0,0;V
30/06/1962;0,0;V
01/07/1962;1,0;V
02/07/1962;0,0;V
03/07/1962;0,0;V
04/07/1962;0,0;V
05/07/1962;0,0;V
06/07/1962;0,0;V
07/07/1962;0,0;V
08/07/1962;0,0;V
09/07/1962;0,0;V
10/07/1962;0,0;V
11/07/1962;0,0;V
12/07/1962;0,0;V
13/07/1962;0,0;V
14/07/1962;0,0;V
15/07/1962;0,0;V
16/07/1962;0,0;V
17/07/1962;0,0;V
18/07/1962;0,0;V
19/07/1962;0,0;V
20/07/1962;0,0;V
21/07/1962;0,0;V
22/07/1962;0,0;V
23/07/1962;0,0;V
24/07/1962;0,0;V
25/07/1962;0,0;V
26/07/1962;0,0;V
27/07/1962;0,0;V
28/07/1962;0,0;V
29/07/1962;0,0;V
30/07/1962;0,0;V
31/07/1962;0,0;V
01/08/1962;0,0;V
02/08/1962;0,0;V
03/08/1962;0,0;V
04/08/1962;0,0;V
05/08/1962;0,0;V
06/08/1962;0,0;V
07/08/1962;0,0;V
08/08/1962;0,0;V
09/08/1962;0,0;V
10/08/1962;0,0;V
11/08/1962;0,0;V
12/08/1962;0,0;V
13/08/1962;0,0;V
14/08/1962;0,0;V
15/08/1962;0,0;V
16/08/1962;0,0;V
17/08/1962;0,0;V
18/08/1962;0,0;V
19/08/1962;0,0;V
20/08/1962;0,0;V
21/08/1962;0,0;V
22/08/1962;0,0;V
23/08/1962;0,0;V
24/08/1962;0,0;V
25/08/1962;0,0;V
26/08/1962;0,0;V
27/08/1962;0,0;V
28/08/1962;0,0;V
29/08/1962;0,0;V
30/08/1962;0,0;V
31/08/1962;0,0;V
01/09/1962;0,0;V
02/09/1962;0,0;V
03/09/1962;0,0;V
04/09/1962;0,0;V
05/09/1962;5,5;V
06/09/1962;0,0;V
07/09/1962;0,0;V
08/09/1962;0,0;V
09/09/1962;0,0;V
10/09/1962;0,0;V
11/09/1962;0,0;V
12/09/1962;0,0;V
13/09/1962;0,0;V
14/09/1962;0,0;V
15/09/1962;0,0;V
16/09/1962;0,0;V
17/09/1962;65,8;V
18/09/1962;3,0;V
19/09/1962;0,0;V
20/09/1962;0,0;V
21/09/1962;0,0;V
22/09/1962;0,0;V
23/09/1962;0,0;V
24/09/1962;0,0;V
25/09/1962;0,0;V
26/09/1962;0,0;V
27/09/1962;0,0;V
28/09/1962;5,3;V
29/09/1962;0,0;V
30/09/1962;0,0;V
01/10/1962;0,0;V
02/10/1962;0,0;V
03/10/1962;0,0;V
04/10/1962;0,0;V
05/10/1962;0,0;V
06/10/1962;0,0;V
07/10/1962;0,0;V
08/10/1962;0,0;V
09/10/1962;1,0;V
10/10/1962;0,0;V
11/10/1962;0,0;V
12/10/1962;0,0;V
13/10/1962;11,8;V
14/10/1962;0,0;V
15/10/1962;0,0;V
16/10/1962;40,8;V
17/10/1962;2,0;V
18/10/1962;0,0;V
19/10/1962;0,0;V
20/10/1962;0,0;V
21/10/1962;0,0;V
22/10/1962;0,0;V
23/10/1962;0,0;V
24/10/1962;0,0;V
25/10/1962;0,0;V
26/10/1962;0,0;V
27/10/1962;0,0;V
28/10/1962;51,8;V
29/10/1962;3,8;V
30/10/1962;8,8;V
31/10/1962;0,0;V
01/11/1962;8,2;V
02/11/1962;10,0;V
03/11/1962;0,0;V
04/11/1962;0,0;V
05/11/1962;1,0;V
06/11/1962;2,4;V
07/11/1962;0,0;V
08/11/1962;7,0;V
09/11/1962;0,0;V
10/11/1962;7,2;V
11/11/1962;5,0;V
12/11/1962;1,5;V
13/11/1962;0,0;V
14/11/1962;9,0;V
15/11/1962;21,0;V
16/11/1962;20,0;V
17/11/1962;0,0;V
18/11/1962;12,0;V
19/11/1962;10,0;V
20/11/1962;0,0;V
21/11/1962;0,0;V
22/11/1962;8,0;V
23/11/1962;15,0;V
24/11/1962;0,0;V
25/11/1962;0,0;V
26/11/1962;0,0;V
27/11/1962;0,0;V
28/11/1962;0,0;V
29/11/1962;0,0;V
30/11/1962;0,0;V
01/12/1962;0,0;V
02/12/1962;0,0;V
03/12/1962;0,0;V
04/12/1962;0,0;V
05/12/1962;0,0;V
06/12/1962;0,0;V
07/12/1962;0,0;V
08/12/1962;0,0;V
09/12/1962;0,0;V
10/12/1962;0,0;V
11/12/1962;0,0;V
12/12/1962;0,0;V
13/12/1962;67,0;V
14/12/1962;10,0;V
15/12/1962;0,0;V
16/12/1962;8,0;V
17/12/1962;2,0;V
18/12/1962;0,0;V
19/12/1962;0,0;V
20/12/1962;0,0;V
21/12/1962;0,0;V
22/12/1962;0,0;V
23/12/1962;0,0;V
24/12/1962;0,0;V
25/12/1962;0,0;V
26/12/1962;0,0;V
27/12/1962;0,0;V
28/12/1962;0,0;V
29/12/1962;17,8;V
30/12/1962;20,0;V
31/12/1962;0,0;V
01/01/1963;28,0;V
02/01/1963;0,0;V
03/01/1963;16,0;V
04/01/1963;19,0;V
05/01/1963;5,0;V
06/01/1963;21,0;V
07/01/1963;12,0;V
08/01/1963;18,0;V
09/01/1963;0,0;V
10/01/1963;9,0;V
11/01/1963;15,0;V
12/01/1963;30,2;V
13/01/1963;8,0;V
14/01/1963;0,0;V
15/01/1963;0,0;V
16/01/1963;0,0;V
17/01/1963;0,0;V
18/01/1963;1,0;S
19/01/1963;0,0;V
20/01/1963;0,0;V
21/01/1963;0,0;V
22/01/1963;0,0;V
23/01/1963;0,0;V
24/01/1963;0,0;V
25/01/1963;0,0;V
26/01/1963;0,0;V
27/01/1963;0,0;V
28/01/1963;0,0;V
29/01/1963;0,0;V
30/01/1963;0,0;V
31/01/1963;0,0;V
01/02/1963;0,0;V
02/02/1963;0,0;V
03/02/1963;6,0;S
04/02/1963;3,0;S
05/02/1963;0,0;V
06/02/1963;0,0;V
07/02/1963;0,0;V
08/02/1963;0,0;V
09/02/1963;0,0;V
10/02/1963;0,0;V
11/02/1963;6,4;V
12/02/1963;26,3;V
13/02/1963;10,0;V
14/02/1963;0,0;V
15/02/1963;0,0;V
16/02/1963;0,0;V
17/02/1963;15,5;V
18/02/1963;8,6;V
19/02/1963;5,1;V
20/02/1963;11,4;V
21/02/1963;8,0;V
22/02/1963;0,0;V
23/02/1963;0,0;V
24/02/1963;0,0;V
25/02/1963;0,0;V
26/02/1963;0,0;V
27/02/1963;0,0;V
28/02/1963;0,0;V
01/03/1963;0,0;V
02/03/1963;0,0;V
03/03/1963;0,0;V
04/03/1963;0,0;V
05/03/1963;0,0;V
06/03/1963;0,0;V
07/03/1963;0,0;V
08/03/1963;0,0;V
09/03/1963;0,0;V
10/03/1963;7,0;V
11/03/1963;3,8;V
12/03/1963;0,0;V
13/03/1963;0,0;V
14/03/1963;0,0;V
15/03/1963;0,0;V
16/03/1963;0,0;V
17/03/1963;0,0;V
18/03/1963;0,0;V
19/03/1963;6,0;V
20/03/1963;0,0;V
21/03/1963;19,0;V
22/03/1963;4,0;V
23/03/1963;6,2;V
24/03/1963;0,0;V
25/03/1963;0,0;V
26/03/1963;0,0;V
27/03/1963;11,5;V
28/03/1963;7,2;V
29/03/1963;0,0;V
30/03/1963;14,0;V
31/03/1963;29,8;V
01/04/1963;0,0;V
02/04/1963;0,0;V
03/04/1963;0,0;V
04/04/1963;0,0;V
05/04/1963;0,0;V
06/04/1963;8,6;V
07/04/1963;20,5;V
08/04/1963;3,2;V
09/04/1963;0,0;V
10/04/1963;0,0;V
11/04/1963;9,8;V
12/04/1963;46,8;V
13/04/1963;0,0;V
14/04/1963;0,0;V
15/04/1963;0,0;V
16/04/1963;0,0;V
17/04/1963;0,0;V
18/04/1963;0,6;V
19/04/1963;12,2;V
20/04/1963;0,0;V
21/04/1963;0,0;V
22/04/1963;0,0;V
23/04/1963;0,0;V
24/04/1963;0,0;V
25/04/1963;0,7;V
26/04/1963;0,0;V
27/04/1963;0,0;V
28/04/1963;0,0;V
29/04/1963;0,0;V
30/04/1963;0,0;V
01/05/1963;0,0;V
02/05/1963;0,0;V
03/05/1963;0,0;V
04/05/1963;12,8;V
05/05/1963;0,0;V
06/05/1963;0,0;V
07/05/1963;0,0;V
08/05/1963;0,0;V
09/05/1963;0,0;V
10/05/1963;0,0;V
11/05/1963;0,0;V
12/05/1963;0,0;V
13/05/1963;0,0;V
14/05/1963;1,2;V
15/05/1963;6,0;V
16/05/1963;2,0;V
17/05/1963;0,0;V
18/05/1963;0,0;V
19/05/1963;0,0;V
20/05/1963;0,0;V
21/05/1963;1,0;V
22/05/1963;0,0;V
23/05/1963;0,0;V
24/05/1963;0,0;V
25/05/1963;0,0;V
26/05/1963;0,0;V
27/05/1963;4,0;V
28/05/1963;0,0;V
29/05/1963;0,0;V
30/05/1963;0,0;V
31/05/1963;0,0;V
01/06/1963;0,0;V
02/06/1963;0,0;V
03/06/1963;0,0;V
04/06/1963;2,3;V
05/06/1963;22,8;V
06/06/1963;14,6;V
07/06/1963;16,0;V
08/06/1963;0,0;V
09/06/1963;0,0;V
10/06/1963;0,0;V
11/06/1963;10,2;V
12/06/1963;0,8;V
13/06/1963;0,0;V
14/06/1963;0,0;V
15/06/1963;4,2;V
16/06/1963;1,8;V
17/06/1963;1,0;V
18/06/1963;0,0;V
19/06/1963;0,0;V
20/06/1963;0,0;V
21/06/1963;0,0;V
22/06/1963;0,0;V
23/06/1963;0,0;V
24/06/1963;0,0;V
25/06/1963;0,0;V
26/06/1963;0,0;V
27/06/1963;0,0;V
28/06/1963;0,0;V
29/06/1963;0,0;V
30/06/1963;0,0;V
01/07/1963;0,0;V
02/07/1963;0,0;V
03/07/1963;0,0;V
04/07/1963;0,0;V
05/07/1963;0,0;V
06/07/1963;0,0;V
07/07/1963;0,0;V
08/07/1963;0,0;V
09/07/1963;0,0;V
10/07/1963;0,0;V
11/07/1963;4,0;V
12/07/1963;9,8;V
13/07/1963;0,0;V
14/07/1963;2,5;V
15/07/1963;0,0;V
16/07/1963;0,0;V
17/07/1963;0,0;V
18/07/1963;0,0;V
19/07/1963;0,0;V
20/07/1963;0,0;V
21/07/1963;0,0;V
22/07/1963;0,0;V
23/07/1963;0,0;V
24/07/1963;0,0;V
25/07/1963;0,0;V
26/07/1963;0,0;V
27/07/1963;0,0;V
28/07/1963;20,0;V
29/07/1963;0,0;V
30/07/1963;0,0;V
31/07/1963;0,0;V
01/08/1963;0,0;V
02/08/1963;0,0;V
03/08/1963;0,0;V
04/08/1963;0,0;V
05/08/1963;0,0;V
06/08/1963;0,0;V
07/08/1963;25,8;V
08/08/1963;6,8;V
09/08/1963;9,5;V
10/08/1963;0,0;V
11/08/1963;0,0;V
12/08/1963;0,0;V
13/08/1963;0,0;V
14/08/1963;0,0;V
15/08/1963;0,0;V
16/08/1963;0,0;V
17/08/1963;0,0;V
18/08/1963;70,0;V
19/08/1963;0,0;V
20/08/1963;0,0;V
21/08/1963;0,0;V
22/08/1963;3,0;V
23/08/1963;0,0;V
24/08/1963;0,0;V
25/08/1963;0,0;V
26/08/1963;0,0;V
27/08/1963;0,0;V
28/08/1963;4,3;V
29/08/1963;0,0;V
30/08/1963;10,0;V
31/08/1963;0,0;V
01/09/1963;0,0;V
02/09/1963;0,0;V
03/09/1963;0,0;V
04/09/1963;10,6;V
05/09/1963;5,0;V
06/09/1963;0,0;V
07/09/1963;5,0;V
08/09/1963;48,4;V
09/09/1963;0,0;V
10/09/1963;0,0;V
11/09/1963;0,0;V
12/09/1963;0,0;V
13/09/1963;0,0;V
14/09/1963;0,0;V
15/09/1963;0,0;V
16/09/1963;1,0;V
17/09/1963;0,0;V
18/09/1963;22,0;V
19/09/1963;34,0;V
20/09/1963;19,2;V
21/09/1963;0,0;V
22/09/1963;0,0;V
23/09/1963;0,0;V
24/09/1963;0,0;V
25/09/1963;42,0;V
26/09/1963;6,0;V
27/09/1963;0,0;V
28/09/1963;0,0;V
29/09/1963;0,0;V
30/09/1963;0,0;V
01/10/1963;0,0;V
02/10/1963;0,0;V
03/10/1963;9,8;V
04/10/1963;14,0;V
05/10/1963;6,0;V
06/10/1963;1,0;V
07/10/1963;0,0;V
08/10/1963;27,5;V
09/10/1963;0,0;V
10/10/1963;0,0;V
11/10/1963;0,0;V
12/10/1963;0,0;V
13/10/1963;0,0;V
14/10/1963;0,0;V
15/10/1963;0,0;V
16/10/1963;0,0;V
17/10/1963;0,0;V
18/10/1963;0,0;V
19/10/1963;0,0;V
20/10/1963;0,0;V
21/10/1963;0,0;V
22/10/1963;0,0;V
23/10/1963;0,0;V
24/10/1963;0,0;V
25/10/1963;0,0;V
26/10/1963;0,0;V
27/10/1963;0,0;V
28/10/1963;0,0;V
29/10/1963;0,0;V
30/10/1963;0,0;V
31/10/1963;0,0;V
01/11/1963;11,0;V
02/11/1963;114,0;V
03/11/1963;0,0;V
04/11/1963;0,0;V
05/11/1963;0,0;V
06/11/1963;0,0;V
07/11/1963;41,5;V
08/11/1963;2,0;V
09/11/1963;0,0;V
10/11/1963;0,0;V
11/11/1963;3,0;V
12/11/1963;0,0;V
13/11/1963;0,0;V
14/11/1963;2,0;V
15/11/1963;0,0;V
16/11/1963;11,2;V
17/11/1963;0,8;V
18/11/1963;0,0;V
19/11/1963;0,0;V
20/11/1963;1,0;V
21/11/1963;0,0;V
22/11/1963;0,0;V
23/11/1963;0,0;V
24/11/1963;0,0;V
25/11/1963;0,0;V
26/11/1963;14,0;V
27/11/1963;24,0;V
28/11/1963;0,0;V
29/11/1963;0,0;V
30/11/1963;0,0;V
01/12/1963;0,0;V
02/12/1963;0,0;V
03/12/1963;0,0;V
04/12/1963;3,0;V
05/12/1963;21,0;V
06/12/1963;23,0;V
07/12/1963;0,0;V
08/12/1963;0,0;V
09/12/1963;0,0;V
10/12/1963;0,0;V
11/12/1963;0,0;V
12/12/1963;0,0;V
13/12/1963;0,0;V
14/12/1963;6,5;V
15/12/1963;0,4;V
16/12/1963;8,8;V
17/12/1963;0,0;V
18/12/1963;0,0;V
19/12/1963;0,0;V
20/12/1963;3,2;V
21/12/1963;1,2;V
22/12/1963;4,8;V
23/12/1963;0,0;V
24/12/1963;0,0;V
25/12/1963;22,5;V
26/12/1963;0,0;V
27/12/1963;0,0;V
28/12/1963;0,0;V
29/12/1963;0,0;V
30/12/1963;0,0;V
31/12/1963;0,0;V
01/01/1964;0,0;V
02/01/1964;0,0;V
03/01/1964;0,0;V
04/01/1964;0,0;V
05/01/1964;0,0;V
06/01/1964;0,0;V
07/01/1964;0,0;V
08/01/1964;0,0;V
09/01/1964;0,0;V
10/01/1964;0,0;V
11/01/1964;0,0;V
12/01/1964;0,0;V
13/01/1964;0,0;V
14/01/1964;1,2;V
15/01/1964;3,8;V
16/01/1964;0,0;V
17/01/1964;0,0;V
18/01/1964;0,0;V
19/01/1964;0,0;V
20/01/1964;0,0;V
21/01/1964;0,0;V
22/01/1964;0,0;V
23/01/1964;0,0;V
24/01/1964;0,0;V
25/01/1964;0,0;V
26/01/1964;0,0;V
27/01/1964;0,0;V
28/01/1964;0,0;V
29/01/1964;0,0;V
30/01/1964;0,0;V
31/01/1964;0,0;V
01/02/1964;0,0;V
02/02/1964;0,0;V
03/02/1964;0,0;V
04/02/1964;0,0;V
05/02/1964;0,0;V
06/02/1964;0,0;V
07/02/1964;0,0;V
08/02/1964;0,0;V
09/02/1964;0,0;V
10/02/1964;0,0;V
11/02/1964;0,0;V
12/02/1964;5,2;V
13/02/1964;0,0;V
14/02/1964;14,0;V
15/02/1964;6,5;V
16/02/1964;0,0;V
17/02/1964;18,5;V
18/02/1964;6,0;V
19/02/1964;0,0;V
20/02/1964;26,0;V
21/02/1964;0,0;V
22/02/1964;0,0;V
23/02/1964;0,0;V
24/02/1964;1,2;V
25/02/1964;17,5;V
26/02/1964;5,0;V
27/02/1964;0,0;V
28/02/1964;8,5;V
29/02/1964;3,2;V
01/03/1964;15,8;V
02/03/1964;0,0;V
03/03/1964;0,0;V
04/03/1964;0,0;V
05/03/1964;6,5;V
06/03/1964;0,0;V
07/03/1964;0,0;V
08/03/1964;0,0;V
09/03/1964;10,0;V
10/03/1964;0,0;V
11/03/1964;0,0;V
12/03/1964;0,0;V
13/03/1964;9,2;V
14/03/1964;0,0;V
15/03/1964;5,0;V
16/03/1964;25,0;V
17/03/1964;0,0;V
18/03/1964;0,8;V
19/03/1964;2,3;V
20/03/1964;0,0;V
21/03/1964;21,5;V
22/03/1964;0,8;V
23/03/1964;0,0;V
24/03/1964;0,0;V
25/03/1964;0,0;V
26/03/1964;0,0;V
27/03/1964;27,8;V
28/03/1964;10,0;V
29/03/1964;7,8;V
30/03/1964;0,0;V
31/03/1964;2,2;V
01/04/1964;8,0;V
02/04/1964;0,0;V
03/04/1964;2,0;V
04/04/1964;7,0;V
05/04/1964;12,0;V
06/04/1964;0,0;V
07/04/1964;5,8;V
08/04/1964;5,0;V
09/04/1964;0,0;V
10/04/1964;0,0;V
11/04/1964;0,0;V
12/04/1964;0,0;V
13/04/1964;0,0;V
14/04/1964;0,0;V
15/04/1964;0,0;V
16/04/1964;0,0;V
17/04/1964;0,0;V
18/04/1964;0,0;V
19/04/1964;0,0;V
20/04/1964;0,0;V
21/04/1964;9,8;V
22/04/1964;2,0;V
23/04/1964;0,0;V
24/04/1964;0,0;V
25/04/1964;0,0;V
26/04/1964;0,0;V
27/04/1964;0,0;V
28/04/1964;0,0;V
29/04/1964;0,0;V
30/04/1964;0,0;V
01/05/1964;14,0;V
02/05/1964;0,0;V
03/05/1964;0,0;V
04/05/1964;0,0;V
05/05/1964;0,0;V
06/05/1964;0,0;V
07/05/1964;0,0;V
08/05/1964;0,0;V
09/05/1964;0,0;V
10/05/1964;0,0;V
11/05/1964;0,0;V
12/05/1964;0,0;V
13/05/1964;0,0;V
14/05/1964;0,0;V
15/05/1964;0,0;V
16/05/1964;0,0;V
17/05/1964;0,0;V
18/05/1964;0,0;V
19/05/1964;0,0;V
20/05/1964;0,0;V
21/05/1964;0,0;V
22/05/1964;3,0;V
23/05/1964;0,0;V
24/05/1964;0,0;V
25/05/1964;0,0;V
26/05/1964;39,8;V
27/05/1964;0,0;V
28/05/1964;1,5;V
29/05/1964;2,8;V
30/05/1964;0,0;V
31/05/1964;0,0;V
01/06/1964;0,0;V
02/06/1964;0,0;V
03/06/1964;0,0;V
04/06/1964;0,0;V
05/06/1964;0,0;V
06/06/1964;0,0;V
07/06/1964;0,0;V
08/06/1964;0,0;V
09/06/1964;0,0;V
10/06/1964;0,0;V
11/06/1964;0,0;V
12/06/1964;0,0;V
13/06/1964;0,0;V
14/06/1964;0,0;V
15/06/1964;0,0;V
16/06/1964;5,0;V
17/06/1964;0,0;V
18/06/1964;0,0;V
19/06/1964;0,0;V
20/06/1964;0,0;V
21/06/1964;0,0;V
22/06/1964;0,0;V
23/06/1964;0,0;V
24/06/1964;0,0;V
25/06/1964;5,1;V
26/06/1964;0,0;V
27/06/1964;0,0;V
28/06/1964;2,0;V
29/06/1964;11,0;V
30/06/1964;0,0;V
01/07/1964;0,0;V
02/07/1964;0,0;V
03/07/1964;0,0;V
04/07/1964;0,0;V
05/07/1964;18,0;V
06/07/1964;43,0;V
07/07/1964;3,5;V
08/07/1964;19,0;V
09/07/1964;0,0;V
10/07/1964;9,3;V
11/07/1964;30,0;V
12/07/1964;0,0;V
13/07/1964;0,0;V
14/07/1964;0,0;V
15/07/1964;0,0;V
16/07/1964;0,0;V
17/07/1964;0,0;V
18/07/1964;0,0;V
19/07/1964;0,0;V
20/07/1964;0,0;V
21/07/1964;0,0;V
22/07/1964;0,0;V
23/07/1964;0,0;V
24/07/1964;0,0;V
25/07/1964;0,0;V
26/07/1964;0,0;V
27/07/1964;0,0;V
28/07/1964;0,2;V
29/07/1964;21,2;V
30/07/1964;0,0;V
31/07/1964;0,0;V
01/08/1964;0,0;V
02/08/1964;0,0;V
03/08/1964;0,0;V
04/08/1964;0,0;V
05/08/1964;0,0;V
06/08/1964;0,0;V
07/08/1964;0,0;V
08/08/1964;0,0;V
09/08/1964;19,4;V
10/08/1964;15,2;V
11/08/1964;12,0;V
12/08/1964;0,0;V
13/08/1964;0,0;V
14/08/1964;0,0;V
15/08/1964;0,0;V
16/08/1964;10,0;V
17/08/1964;0,0;V
18/08/1964;0,0;V
19/08/1964;0,0;V
20/08/1964;0,0;V
21/08/1964;0,0;V
22/08/1964;0,0;V
23/08/1964;0,0;V
24/08/1964;0,0;V
25/08/1964;0,0;V
26/08/1964;0,0;V
27/08/1964;0,0;V
28/08/1964;0,0;V
29/08/1964;0,0;V
30/08/1964;0,0;V
31/08/1964;38,8;V
01/09/1964;0,0;V
02/09/1964;0,0;V
03/09/1964;0,0;V
04/09/1964;0,0;V
05/09/1964;0,0;V
06/09/1964;0,0;V
07/09/1964;0,0;V
08/09/1964;0,0;V
09/09/1964;0,0;V
10/09/1964;0,0;V
11/09/1964;0,0;V
12/09/1964;0,0;V
13/09/1964;0,0;V
14/09/1964;0,0;V
15/09/1964;0,0;V
16/09/1964;0,0;V
17/09/1964;0,0;V
18/09/1964;0,0;V
19/09/1964;0,0;V
20/09/1964;0,0;V
21/09/1964;5,0;V
22/09/1964;0,0;V
23/09/1964;0,0;V
24/09/1964;0,0;V
25/09/1964;0,0;V
26/09/1964;0,0;V
27/09/1964;0,0;V
28/09/1964;13,2;V
29/09/1964;4,8;V
30/09/1964;0,0;V
01/10/1964;0,0;V
02/10/1964;3,0;V
03/10/1964;73,0;V
04/10/1964;9,5;V
05/10/1964;0,0;V
06/10/1964;0,0;V
07/10/1964;0,0;V
08/10/1964;7,8;V
09/10/1964;45,0;V
10/10/1964;23,0;V
11/10/1964;1,2;V
12/10/1964;14,0;V
13/10/1964;24,0;V
14/10/1964;26,2;V
15/10/1964;38,0;V
16/10/1964;3,0;V
17/10/1964;5,0;V
18/10/1964;0,0;V
19/10/1964;0,0;V
20/10/1964;0,0;V
21/10/1964;0,0;V
22/10/1964;0,0;V
23/10/1964;28,0;V
24/10/1964;34,0;V
25/10/1964;11,8;V
26/10/1964;10,8;V
27/10/1964;0,0;V
28/10/1964;0,0;V
29/10/1964;0,0;V
30/10/1964;0,0;V
31/10/1964;0,0;V
01/11/1964;0,0;V
02/11/1964;0,8;V
03/11/1964;0,0;V
04/11/1964;0,0;V
05/11/1964;0,0;V
06/11/1964;0,0;V
07/11/1964;0,0;V
08/11/1964;2,2;V
09/11/1964;26,0;V
10/11/1964;1,8;V
11/11/1964;0,0;V
12/11/1964;0,0;V
13/11/1964;0,0;V
14/11/1964;0,0;V
15/11/1964;0,0;V
16/11/1964;15,5;V
17/11/1964;0,0;V
18/11/1964;0,0;V
19/11/1964;0,0;V
20/11/1964;0,0;V
21/11/1964;0,0;V
22/11/1964;0,0;V
23/11/1964;0,0;V
24/11/1964;0,0;V
25/11/1964;0,0;V
26/11/1964;0,0;V
27/11/1964;1,0;V
28/11/1964;0,0;V
29/11/1964;5,2;V
30/11/1964;30,0;V
01/12/1964;14,2;V
02/12/1964;8,3;V
03/12/1964;0,0;V
04/12/1964;0,0;V
05/12/1964;0,0;V
06/12/1964;0,0;V
07/12/1964;0,0;V
08/12/1964;0,0;V
09/12/1964;0,0;V
10/12/1964;0,0;V
11/12/1964;0,0;V
12/12/1964;0,0;V
13/12/1964;0,0;V
14/12/1964;0,0;V
15/12/1964;19,0;V
16/12/1964;20,0;V
17/12/1964;8,3;V
18/12/1964;3,0;V
19/12/1964;12,0;V
20/12/1964;1,5;V
21/12/1964;2,0;V
22/12/1964;0,0;V
23/12/1964;0,0;V
24/12/1964;0,0;V
25/12/1964;0,0;V
26/12/1964;0,0;V
27/12/1964;14,0;V
28/12/1964;28,0;V
29/12/1964;24,0;V
30/12/1964;0,8;V
31/12/1964;0,0;V
01/01/1965;0,0;V
02/01/1965;0,0;V
03/01/1965;8,6;V
04/01/1965;0,0;V
05/01/1965;0,0;V
06/01/1965;0,0;V
07/01/1965;0,0;V
08/01/1965;0,0;V
09/01/1965;0,0;V
10/01/1965;5,0;V
11/01/1965;0,0;V
12/01/1965;0,0;V
13/01/1965;0,0;V
14/01/1965;2,0;V
15/01/1965;20,8;V
16/01/1965;3,0;V
17/01/1965;0,0;V
18/01/1965;10,5;V
19/01/1965;6,5;V
20/01/1965;2,0;V
21/01/1965;10,0;V
22/01/1965;1,0;V
23/01/1965;0,0;V
24/01/1965;0,0;V
25/01/1965;0,0;V
26/01/1965;0,0;V
27/01/1965;10,0;V
28/01/1965;5,0;V
29/01/1965;48,8;V
30/01/1965;1,0;V
31/01/1965;0,0;V
01/02/1965;0,0;V
02/02/1965;0,0;V
03/02/1965;0,0;V
04/02/1965;0,0;V
05/02/1965;0,0;V
06/02/1965;0,0;V
07/02/1965;0,0;V
08/02/1965;0,0;V
09/02/1965;0,0;V
10/02/1965;0,0;V
11/02/1965;0,0;V
12/02/1965;0,0;V
13/02/1965;0,0;V
14/02/1965;0,0;V
15/02/1965;0,0;V
16/02/1965;0,0;V
17/02/1965;0,0;V
18/02/1965;0,0;V
19/02/1965;0,0;V
20/02/1965;0,0;V
21/02/1965;0,0;V
22/02/1965;0,0;V
23/02/1965;0,0;V
24/02/1965;0,0;V
25/02/1965;5,0;V
26/02/1965;0,0;V
27/02/1965;0,0;V
28/02/1965;0,0;V
01/03/1965;9,0;V
02/03/1965;23,0;V
03/03/1965;8,0;V
04/03/1965;2,0;V
05/03/1965;13,0;V
06/03/1965;10,0;V
07/03/1965;0,7;V
08/03/1965;0,0;V
09/03/1965;0,0;V
10/03/1965;0,0;V
11/03/1965;0,0;V
12/03/1965;0,0;V
13/03/1965;3,0;V
14/03/1965;0,0;V
15/03/1965;0,0;V
16/03/1965;4,0;V
17/03/1965;19,0;V
18/03/1965;0,0;V
19/03/1965;0,0;V
20/03/1965;7,0;V
21/03/1965;0,0;V
22/03/1965;0,0;V
23/03/1965;0,0;V
24/03/1965;6,0;V
25/03/1965;0,0;V
26/03/1965;0,0;V
27/03/1965;0,0;V
28/03/1965;0,0;V
29/03/1965;0,0;V
30/03/1965;0,0;V
31/03/1965;0,0;V
01/04/1965;0,0;V
02/04/1965;0,0;V
03/04/1965;0,0;V
04/04/1965;0,0;V
05/04/1965;0,0;V
06/04/1965;0,0;V
07/04/1965;0,0;V
08/04/1965;0,0;V
09/04/1965;10,0;V
10/04/1965;0,0;V
11/04/1965;0,0;V
12/04/1965;4,2;V
13/04/1965;3,8;V
14/04/1965;0,0;V
15/04/1965;0,0;V
16/04/1965;0,0;V
17/04/1965;0,0;V
18/04/1965;0,0;V
19/04/1965;4,3;V
20/04/1965;8,1;V
21/04/1965;5,0;V
22/04/1965;4,0;V
23/04/1965;0,0;V
24/04/1965;7,0;V
25/04/1965;0,0;V
26/04/1965;0,0;V
27/04/1965;0,0;V
28/04/1965;4,0;V
29/04/1965;18,0;V
30/04/1965;0,0;V
01/05/1965;0,0;V
02/05/1965;0,0;V
03/05/1965;0,0;V
04/05/1965;0,0;V
05/05/1965;0,0;V
06/05/1965;2,0;V
07/05/1965;0,0;V
08/05/1965;0,0;V
09/05/1965;0,0;V
10/05/1965;0,0;V
11/05/1965;0,0;V
12/05/1965;0,0;V
13/05/1965;0,0;V
14/05/1965;0,0;V
15/05/1965;0,0;V
16/05/1965;0,0;V
17/05/1965;0,0;V
18/05/1965;0,0;V
19/05/1965;6,0;V
20/05/1965;0,0;V
21/05/1965;6,6;V
22/05/1965;8,0;V
23/05/1965;0,0;V
24/05/1965;0,0;V
25/05/1965;0,0;V
26/05/1965;0,0;V
27/05/1965;0,0;V
28/05/1965;9,0;V
29/05/1965;5,0;V
30/05/1965;0,0;V
31/05/1965;51,0;V
01/06/1965;18,0;V
02/06/1965;0,0;V
03/06/1965;4,0;V
04/06/1965;13,0;V
05/06/1965;0,0;V
06/06/1965;0,0;V
07/06/1965;0,0;V
08/06/1965;27,0;V
09/06/1965;21,0;V
10/06/1965;3,0;V
11/06/1965;0,0;V
12/06/1965;0,0;V
13/06/1965;0,0;V
14/06/1965;0,0;V
15/06/1965;0,0;V
16/06/1965;0,0;V
17/06/1965;0,0;V
18/06/1965;0,0;V
19/06/1965;0,0;V
20/06/1965;0,0;V
21/06/1965;0,0;V
22/06/1965;0,0;V
23/06/1965;0,0;V
24/06/1965;0,0;V
25/06/1965;0,0;V
26/06/1965;0,0;V
27/06/1965;0,0;V
28/06/1965;0,0;V
29/06/1965;0,0;V
30/06/1965;0,0;V
01/07/1965;0,0;V
02/07/1965;0,0;V
03/07/1965;0,0;V
04/07/1965;0,0;V
05/07/1965;0,0;V
06/07/1965;0,0;V
07/07/1965;0,0;V
08/07/1965;0,0;V
09/07/1965;0,0;V
10/07/1965;0,0;V
11/07/1965;0,0;V
12/07/1965;0,0;V
13/07/1965;0,0;V
14/07/1965;0,0;V
15/07/1965;0,0;V
16/07/1965;0,0;V
17/07/1965;0,0;V
18/07/1965;0,0;V
19/07/1965;0,0;V
20/07/1965;0,0;V
21/07/1965;0,0;V
22/07/1965;0,0;V
23/07/1965;0,0;V
24/07/1965;0,0;V
25/07/1965;0,0;V
26/07/1965;0,0;V
27/07/1965;0,0;V
28/07/1965;0,0;V
29/07/1965;0,0;V
30/07/1965;0,0;V
31/07/1965;0,0;V
01/08/1965;0,0;V
02/08/1965;0,0;V
03/08/1965;0,0;V
04/08/1965;0,0;V
05/08/1965;0,0;V
06/08/1965;0,0;V
07/08/1965;0,0;V
08/08/1965;0,0;V
09/08/1965;0,0;V
10/08/1965;0,0;V
11/08/1965;0,0;V
12/08/1965;0,0;V
13/08/1965;0,0;V
14/08/1965;0,0;V
15/08/1965;13,0;V
16/08/1965;0,0;V
17/08/1965;0,0;V
18/08/1965;0,0;V
19/08/1965;1,2;V
20/08/1965;0,0;V
21/08/1965;0,0;V
22/08/1965;0,0;V
23/08/1965;21,0;V
24/08/1965;0,0;V
25/08/1965;14,0;V
26/08/1965;0,0;V
27/08/1965;0,0;V
28/08/1965;0,0;V
29/08/1965;0,0;V
30/08/1965;0,0;V
31/08/1965;2,0;V
01/09/1965;30,0;R
02/09/1965;21,4;R
03/09/1965;14,6;V
04/09/1965;0,0;V
05/09/1965;0,6;V
06/09/1965;6,7;V
07/09/1965;4,0;V
08/09/1965;0,0;V
09/09/1965;0,0;V
10/09/1965;20,0;V
11/09/1965;9,6;V
12/09/1965;0,0;V
13/09/1965;6,9;V
14/09/1965;0,0;V
15/09/1965;0,0;V
16/09/1965;0,0;V
17/09/1965;0,0;V
18/09/1965;0,0;V
19/09/1965;0,0;V
20/09/1965;0,0;V
21/09/1965;0,0;V
22/09/1965;0,0;V
23/09/1965;0,0;V
24/09/1965;0,0;V
25/09/1965;0,0;V
26/09/1965;1,0;V
27/09/1965;23,4;V
28/09/1965;88,5;V
29/09/1965;17,0;V
30/09/1965;0,0;V
01/10/1965;0,0;V
02/10/1965;12,0;V
03/10/1965;0,0;V
04/10/1965;0,0;V
05/10/1965;0,0;V
06/10/1965;0,0;V
07/10/1965;0,0;V
08/10/1965;0,0;V
09/10/1965;0,0;V
10/10/1965;0,0;V
11/10/1965;0,0;V
12/10/1965;0,0;V
13/10/1965;0,0;V
14/10/1965;0,0;V
15/10/1965;0,0;V
16/10/1965;0,0;V
17/10/1965;0,0;V
18/10/1965;0,0;V
19/10/1965;0,0;V
20/10/1965;0,0;V
21/10/1965;0,0;V
22/10/1965;0,0;V
23/10/1965;0,0;V
24/10/1965;0,0;V
25/10/1965;0,0;V
26/10/1965;0,0;V
27/10/1965;0,0;V
28/10/1965;0,0;V
29/10/1965;0,0;V
30/10/1965;0,0;V
31/10/1965;8,0;V
01/11/1965;0,0;V
02/11/1965;0,4;V
03/11/1965;0,0;V
04/11/1965;16,0;V
05/11/1965;26,4;V
06/11/1965;7,2;V
07/11/1965;0,0;V
08/11/1965;1,0;V
09/11/1965;0,0;V
10/11/1965;6,0;V
11/11/1965;8,0;V
12/11/1965;11,6;V
13/11/1965;16,2;V
14/11/1965;8,0;V
15/11/1965;7,5;V
16/11/1965;0,0;V
17/11/1965;4,0;V
18/11/1965;18,4;V
19/11/1965;11,0;V
20/11/1965;14,5;V
21/11/1965;15,6;V
22/11/1965;0,6;V
23/11/1965;1,0;V
24/11/1965;0,0;V
25/11/1965;0,0;V
26/11/1965;0,4;V
27/11/1965;14,2;V
28/11/1965;20,1;V
29/11/1965;3,5;V
30/11/1965;11,4;V
01/12/1965;0,6;V
02/12/1965;0,0;V
03/12/1965;3,5;V
04/12/1965;0,0;V
05/12/1965;3,0;V
06/12/1965;11,5;V
07/12/1965;0,0;V
08/12/1965;0,0;V
09/12/1965;10,0;V
10/12/1965;3,0;V
11/12/1965;16,0;V
12/12/1965;0,0;V
13/12/1965;0,0;V
14/12/1965;0,0;V
15/12/1965;0,0;V
16/12/1965;0,0;V
17/12/1965;4,5;V
18/12/1965;2,0;V
19/12/1965;0,0;V
20/12/1965;0,0;V
21/12/1965;7,5;V
22/12/1965;2,0;V
23/12/1965;0,0;V
24/12/1965;8,0;V
25/12/1965;21,0;V
26/12/1965;1,5;V
27/12/1965;0,0;V
28/12/1965;6,0;V
29/12/1965;18,5;V
30/12/1965;0,0;V
31/12/1965;16,0;V
01/01/1966;0,0;V
02/01/1966;0,0;V
03/01/1966;0,0;V
04/01/1966;0,0;V
05/01/1966;0,0;V
06/01/1966;0,0;V
07/01/1966;0,0;V
08/01/1966;0,0;V
09/01/1966;0,0;V
10/01/1966;7,0;S
11/01/1966;8,0;V
12/01/1966;13,5;V
13/01/1966;1,5;V
14/01/1966;0,0;V
15/01/1966;1,0;S
16/01/1966;0,0;V
17/01/1966;0,0;V
18/01/1966;6,0;V
19/01/1966;0,0;V
20/01/1966;0,0;V
21/01/1966;6,0;S
22/01/1966;0,0;V
23/01/1966;21,5;V
24/01/1966;0,0;V
25/01/1966;0,0;V
26/01/1966;6,5;V
27/01/1966;9,0;V
28/01/1966;0,0;V
29/01/1966;0,0;V
30/01/1966;0,0;V
31/01/1966;0,0;V
01/02/1966;0,0;V
02/02/1966;0,0;V
03/02/1966;0,0;V
04/02/1966;1,5;V
05/02/1966;0,6;V
06/02/1966;0,0;V
07/02/1966;0,0;V
08/02/1966;8,0;V
09/02/1966;0,4;V
10/02/1966;0,0;V
11/02/1966;0,0;V
12/02/1966;4,5;V
13/02/1966;0,0;V
14/02/1966;14,0;V
15/02/1966;0,0;V
16/02/1966;0,0;V
17/02/1966;36,5;V
18/02/1966;5,0;V
19/02/1966;0,0;V
20/02/1966;4,5;V
21/02/1966;0,0;V
22/02/1966;0,0;V
23/02/1966;4,0;V
24/02/1966;7,5;V
25/02/1966;0,0;V
26/02/1966;0,0;V
27/02/1966;0,0;V
28/02/1966;0,0;V
01/03/1966;17,5;V
02/03/1966;0,0;V
03/03/1966;0,0;V
04/03/1966;0,0;V
05/03/1966;0,0;V
06/03/1966;0,0;V
07/03/1966;0,0;V
08/03/1966;0,0;V
09/03/1966;0,0;V
10/03/1966;0,0;V
11/03/1966;0,0;V
12/03/1966;0,0;V
13/03/1966;5,5;V
14/03/1966;0,0;V
15/03/1966;0,0;V
16/03/1966;0,0;V
17/03/1966;0,0;V
18/03/1966;0,0;V
19/03/1966;0,0;V
20/03/1966;0,0;V
21/03/1966;0,0;V
22/03/1966;0,0;V
23/03/1966;0,0;V
24/03/1966;0,0;V
25/03/1966;0,0;V
26/03/1966;0,0;V
27/03/1966;9,5;V
28/03/1966;1,5;V
29/03/1966;0,0;V
30/03/1966;0,0;V
31/03/1966;0,0;V
01/04/1966;0,0;V
02/04/1966;0,0;V
03/04/1966;0,0;V
04/04/1966;0,0;V
05/04/1966;0,0;V
06/04/1966;0,0;V
07/04/1966;0,0;V
08/04/1966;0,0;V
09/04/1966;9,5;V
10/04/1966;22,5;V
11/04/1966;1,0;V
12/04/1966;0,0;V
13/04/1966;0,0;V
14/04/1966;4,5;V
15/04/1966;0,0;V
16/04/1966;19,5;V
17/04/1966;0,0;V
18/04/1966;0,0;V
19/04/1966;0,0;V
20/04/1966;0,0;V
21/04/1966;11,5;V
22/04/1966;0,0;V
23/04/1966;0,0;V
24/04/1966;0,0;V
25/04/1966;0,0;V
26/04/1966;12,0;V
27/04/1966;0,0;V
28/04/1966;0,0;V
29/04/1966;0,0;V
30/04/1966;0,0;V
01/05/1966;0,0;V
02/05/1966;0,0;V
03/05/1966;0,0;V
04/05/1966;0,0;V
05/05/1966;0,0;V
06/05/1966;0,0;V
07/05/1966;8,0;V
08/05/1966;0,0;V
09/05/1966;0,0;V
10/05/1966;21,5;V
11/05/1966;3,5;V
12/05/1966;0,0;V
13/05/1966;0,0;V
14/05/1966;0,0;V
15/05/1966;1,0;V
16/05/1966;1,5;V
17/05/1966;0,0;V
18/05/1966;0,0;V
19/05/1966;0,0;V
20/05/1966;0,0;V
21/05/1966;0,0;V
22/05/1966;0,0;V
23/05/1966;0,0;V
24/05/1966;0,0;V
25/05/1966;0,0;V
26/05/1966;0,0;V
27/05/1966;0,0;V
28/05/1966;3,5;V
29/05/1966;2,0;V
30/05/1966;0,0;V
31/05/1966;3,0;V
01/06/1966;0,0;V
02/06/1966;0,0;V
03/06/1966;0,0;V
04/06/1966;0,0;V
05/06/1966;0,0;V
06/06/1966;0,0;V
07/06/1966;0,0;V
08/06/1966;0,0;V
09/06/1966;0,0;V
10/06/1966;0,0;V
11/06/1966;0,0;V
12/06/1966;0,0;V
13/06/1966;0,0;V
14/06/1966;0,0;V
15/06/1966;0,0;V
16/06/1966;4,5;V
17/06/1966;2,0;V
18/06/1966;0,0;V
19/06/1966;0,0;V
20/06/1966;0,0;V
21/06/1966;11,5;V
22/06/1966;0,0;V
23/06/1966;0,0;V
24/06/1966;0,0;V
25/06/1966;0,0;V
26/06/1966;0,0;V
27/06/1966;0,0;V
28/06/1966;0,0;V
29/06/1966;0,0;V
30/06/1966;0,0;V
01/07/1966;0,0;V
02/07/1966;0,0;V
03/07/1966;0,0;V
04/07/1966;0,0;V
05/07/1966;0,0;V
06/07/1966;2,0;V
07/07/1966;0,0;V
08/07/1966;0,0;V
09/07/1966;0,0;V
10/07/1966;0,0;V
11/07/1966;0,0;V
12/07/1966;13,0;V
13/07/1966;0,0;V
14/07/1966;0,0;V
15/07/1966;0,0;V
16/07/1966;0,0;V
17/07/1966;0,0;V
18/07/1966;2,5;V
19/07/1966;5,0;V
20/07/1966;1,5;V
21/07/1966;0,0;V
22/07/1966;0,0;V
23/07/1966;0,0;V
24/07/1966;0,0;V
25/07/1966;0,0;V
26/07/1966;0,0;V
27/07/1966;0,0;V
28/07/1966;0,0;V
29/07/1966;16,5;V
30/07/1966;0,0;V
31/07/1966;0,0;V
01/08/1966;0,0;V
02/08/1966;0,0;V
03/08/1966;0,0;V
04/08/1966;0,0;V
05/08/1966;0,0;V
06/08/1966;0,0;V
07/08/1966;0,0;V
08/08/1966;0,0;V
09/08/1966;0,0;V
10/08/1966;0,0;V
11/08/1966;0,0;V
12/08/1966;0,0;V
13/08/1966;0,0;V
14/08/1966;0,0;V
15/08/1966;0,0;V
16/08/1966;0,0;V
17/08/1966;0,5;V
18/08/1966;0,0;V
19/08/1966;0,0;V
20/08/1966;0,0;V
21/08/1966;90,5;V
22/08/1966;0,0;V
23/08/1966;3,0;V
24/08/1966;0,0;V
25/08/1966;0,0;V
26/08/1966;0,0;V
27/08/1966;0,0;V
28/08/1966;0,0;V
29/08/1966;0,0;V
30/08/1966;0,0;V
31/08/1966;57,5;V
01/09/1966;0,0;V
02/09/1966;0,0;V
03/09/1966;0,0;V
04/09/1966;0,0;V
05/09/1966;0,0;V
06/09/1966;0,0;V
07/09/1966;0,0;V
08/09/1966;0,0;V
09/09/1966;0,0;V
10/09/1966;0,0;V
11/09/1966;0,0;V
12/09/1966;0,0;V
13/09/1966;0,0;V
14/09/1966;0,0;V
15/09/1966;0,0;V
16/09/1966;0,0;V
17/09/1966;13,5;V
18/09/1966;1,5;V
19/09/1966;8,5;V
20/09/1966;0,0;V
21/09/1966;0,0;V
22/09/1966;0,0;V
23/09/1966;0,0;V
24/09/1966;0,0;V
25/09/1966;0,0;V
26/09/1966;0,0;V
27/09/1966;0,0;V
28/09/1966;0,0;V
29/09/1966;8,5;V
30/09/1966;17,0;V
01/10/1966;18,0;V
02/10/1966;53,5;V
03/10/1966;0,0;V
04/10/1966;0,0;V
05/10/1966;0,0;V
06/10/1966;0,0;V
07/10/1966;0,0;V
08/10/1966;0,0;V
09/10/1966;14,5;V
10/10/1966;0,0;V
11/10/1966;0,0;V
12/10/1966;2,5;V
13/10/1966;18,0;V
14/10/1966;3,0;V
15/10/1966;0,0;V
16/10/1966;27,5;V
17/10/1966;2,0;V
18/10/1966;0,0;V
19/10/1966;0,0;V
20/10/1966;14,0;V
21/10/1966;0,0;V
22/10/1966;2,0;V
23/10/1966;0,0;V
24/10/1966;0,0;V
25/10/1966;22,5;V
26/10/1966;17,0;V
27/10/1966;37,5;V
28/10/1966;0,0;V
29/10/1966;35,5;V
30/10/1966;4,0;V
31/10/1966;0,0;V
01/11/1966;0,0;V
02/11/1966;0,0;V
03/11/1966;9,5;V
04/11/1966;112,0;V
05/11/1966;18,0;V
06/11/1966;0,0;V
07/11/1966;0,0;V
08/11/1966;0,0;V
09/11/1966;0,0;V
10/11/1966;22,5;V
11/11/1966;1,5;V
12/11/1966;3,0;V
13/11/1966;0,0;V
14/11/1966;0,0;V
15/11/1966;0,0;V
16/11/1966;0,0;V
17/11/1966;26,5;V
18/11/1966;0,0;V
19/11/1966;0,0;V
20/11/1966;4,0;V
21/11/1966;6,0;V
22/11/1966;5,5;V
23/11/1966;7,0;V
24/11/1966;13,5;V
25/11/1966;13,0;V
26/11/1966;0,0;V
27/11/1966;0,0;V
28/11/1966;0,0;V
29/11/1966;29,5;V
30/11/1966;11,0;V
01/12/1966;27,0;V
02/12/1966;19,5;V
03/12/1966;14,0;V
04/12/1966;0,0;V
05/12/1966;31,0;V
06/12/1966;0,0;V
07/12/1966;0,0;V
08/12/1966;0,0;V
09/12/1966;0,0;V
10/12/1966;0,0;V
11/12/1966;3,5;V
12/12/1966;2,0;V
13/12/1966;9,5;V
14/12/1966;8,0;V
15/12/1966;0,0;V
16/12/1966;0,0;V
17/12/1966;0,0;V
18/12/1966;0,0;V
19/12/1966;0,0;V
20/12/1966;0,0;V
21/12/1966;0,0;V
22/12/1966;0,0;V
23/12/1966;0,0;V
24/12/1966;0,0;V
25/12/1966;0,0;V
26/12/1966;0,0;V
27/12/1966;0,0;V
28/12/1966;6,5;V
29/12/1966;3,0;V
30/12/1966;0,0;V
31/12/1966;0,0;V
01/01/1967;0,0;V
02/01/1967;0,0;V
03/01/1967;3,5;V
04/01/1967;0,0;V
05/01/1967;0,0;V
06/01/1967;3,0;V
07/01/1967;0,0;V
08/01/1967;0,0;V
09/01/1967;0,0;V
10/01/1967;0,0;V
11/01/1967;0,0;V
12/01/1967;0,0;V
13/01/1967;0,0;V
14/01/1967;0,0;V
15/01/1967;0,0;V
16/01/1967;0,0;V
17/01/1967;0,0;V
18/01/1967;0,0;V
19/01/1967;2,0;V
20/01/1967;0,0;V
21/01/1967;0,0;V
22/01/1967;5,5;V
23/01/1967;2,0;V
24/01/1967;23,0;V
25/01/1967;4,5;V
26/01/1967;0,0;V
27/01/1967;0,0;V
28/01/1967;0,0;V
29/01/1967;0,0;V
30/01/1967;0,0;V
31/01/1967;0,0;V
01/02/1967;0,0;V
02/02/1967;0,0;V
03/02/1967;0,0;V
04/02/1967;0,0;V
05/02/1967;0,0;V
06/02/1967;2,0;V
07/02/1967;0,0;V
08/02/1967;0,0;V
09/02/1967;0,0;V
10/02/1967;0,0;V
11/02/1967;0,0;V
12/02/1967;0,0;V
13/02/1967;0,0;V
14/02/1967;0,0;V
15/02/1967;0,0;V
16/02/1967;0,0;V
17/02/1967;11,5;V
18/02/1967;28,0;V
19/02/1967;6,0;V
20/02/1967;0,0;V
21/02/1967;0,0;V
22/02/1967;0,0;V
23/02/1967;0,0;V
24/02/1967;0,0;V
25/02/1967;0,0;V
26/02/1967;0,0;V
27/02/1967;0,0;V
28/02/1967;0,0;V
01/03/1967;0,0;V
02/03/1967;0,0;V
03/03/1967;0,0;V
04/03/1967;0,0;V
05/03/1967;0,0;V
06/03/1967;0,0;V
07/03/1967;0,0;V
08/03/1967;17,5;V
09/03/1967;41,0;V
10/03/1967;5,0;V
11/03/1967;1,4;V
12/03/1967;1,1;V
13/03/1967;0,0;V
14/03/1967;1,5;V
15/03/1967;0,0;V
16/03/1967;0,0;V
17/03/1967;0,0;V
18/03/1967;0,0;V
19/03/1967;0,0;V
20/03/1967;0,0;V
21/03/1967;0,0;V
22/03/1967;0,0;V
23/03/1967;0,0;V
24/03/1967;0,0;V
25/03/1967;0,0;V
26/03/1967;0,0;V
27/03/1967;11,5;V
28/03/1967;1,2;V
29/03/1967;6,5;V
30/03/1967;7,8;V
31/03/1967;7,0;V
01/04/1967;0,0;V
02/04/1967;0,0;V
03/04/1967;0,0;V
04/04/1967;0,0;V
05/04/1967;0,0;V
06/04/1967;0,0;V
07/04/1967;0,0;V
08/04/1967;0,0;V
09/04/1967;0,0;V
10/04/1967;9,0;V
11/04/1967;0,0;V
12/04/1967;0,0;V
13/04/1967;0,0;V
14/04/1967;0,0;V
15/04/1967;0,0;V
16/04/1967;0,0;V
17/04/1967;0,0;V
18/04/1967;0,0;V
19/04/1967;0,0;V
20/04/1967;0,0;V
21/04/1967;0,0;V
22/04/1967;4,5;V
23/04/1967;0,0;V
24/04/1967;0,0;V
25/04/1967;6,0;V
26/04/1967;0,0;V
27/04/1967;0,0;V
28/04/1967;0,0;V
29/04/1967;0,0;V
30/04/1967;0,0;V
01/05/1967;0,0;V
02/05/1967;0,0;V
03/05/1967;7,0;V
04/05/1967;29,5;V
05/05/1967;0,0;V
06/05/1967;0,0;V
07/05/1967;0,0;V
08/05/1967;0,0;V
09/05/1967;0,0;V
10/05/1967;0,0;V
11/05/1967;3,0;V
12/05/1967;0,0;V
13/05/1967;0,0;V
14/05/1967;0,0;V
15/05/1967;0,0;V
16/05/1967;12,0;V
17/05/1967;51,5;V
18/05/1967;10,0;V
19/05/1967;9,5;V
20/05/1967;0,0;V
21/05/1967;0,0;V
22/05/1967;0,0;V
23/05/1967;0,0;V
24/05/1967;0,0;V
25/05/1967;0,0;V
26/05/1967;0,0;V
27/05/1967;0,0;V
28/05/1967;0,0;V
29/05/1967;0,0;V
30/05/1967;0,0;V
31/05/1967;0,0;V
01/06/1967;1,5;V
02/06/1967;0,0;V
03/06/1967;0,0;V
04/06/1967;0,0;V
05/06/1967;0,0;V
06/06/1967;0,0;V
07/06/1967;0,0;V
08/06/1967;0,0;V
09/06/1967;31,5;V
10/06/1967;7,0;V
11/06/1967;0,0;V
12/06/1967;2,0;V
13/06/1967;13,0;V
14/06/1967;7,5;V
15/06/1967;4,0;V
16/06/1967;0,0;V
17/06/1967;13,6;V
18/06/1967;0,4;V
19/06/1967;0,0;V
20/06/1967;4,0;V
21/06/1967;5,5;V
22/06/1967;0,0;V
23/06/1967;0,0;V
24/06/1967;0,0;V
25/06/1967;0,0;V
26/06/1967;0,0;V
27/06/1967;0,0;V
28/06/1967;0,0;V
29/06/1967;0,0;V
30/06/1967;0,0;V
01/07/1967;0,0;V
02/07/1967;0,0;V
03/07/1967;0,0;V
04/07/1967;0,0;V
05/07/1967;0,0;V
06/07/1967;0,0;V
07/07/1967;0,0;V
08/07/1967;0,0;V
09/07/1967;0,0;V
10/07/1967;0,0;V
11/07/1967;0,0;V
12/07/1967;0,0;V
13/07/1967;0,0;V
14/07/1967;0,0;V
15/07/1967;0,0;V
16/07/1967;0,0;V
17/07/1967;0,0;V
18/07/1967;0,0;V
19/07/1967;0,0;V
20/07/1967;0,0;V
21/07/1967;0,0;V
22/07/1967;0,0;V
23/07/1967;0,0;V
24/07/1967;0,0;V
25/07/1967;0,0;V
26/07/1967;0,0;V
27/07/1967;0,0;V
28/07/1967;0,0;V
29/07/1967;0,0;V
30/07/1967;0,0;V
31/07/1967;0,0;V
01/08/1967;0,0;V
02/08/1967;0,0;V
03/08/1967;0,0;V
04/08/1967;0,0;V
05/08/1967;0,0;V
06/08/1967;8,5;V
07/08/1967;9,0;V
08/08/1967;0,0;V
09/08/1967;0,0;V
10/08/1967;0,0;V
11/08/1967;0,0;V
12/08/1967;0,0;V
13/08/1967;0,0;V
14/08/1967;0,0;V
15/08/1967;0,0;V
16/08/1967;0,0;V
17/08/1967;0,0;V
18/08/1967;0,0;V
19/08/1967;0,0;V
20/08/1967;0,0;V
21/08/1967;0,0;V
22/08/1967;0,0;V
23/08/1967;0,0;V
24/08/1967;0,0;V
25/08/1967;0,0;V
26/08/1967;9,5;V
27/08/1967;0,0;V
28/08/1967;0,0;V
29/08/1967;0,0;V
30/08/1967;0,0;V
31/08/1967;3,5;V
01/09/1967;0,0;V
02/09/1967;1,3;V
03/09/1967;0,0;V
04/09/1967;5,0;V
05/09/1967;7,5;V
06/09/1967;0,0;V
07/09/1967;0,0;V
08/09/1967;0,0;V
09/09/1967;0,0;V
10/09/1967;0,0;V
11/09/1967;0,0;V
12/09/1967;0,0;V
13/09/1967;0,0;V
14/09/1967;36,0;V
15/09/1967;3,0;V
16/09/1967;0,0;V
17/09/1967;0,0;V
18/09/1967;0,0;V
19/09/1967;0,0;V
20/09/1967;30,0;V
21/09/1967;1,5;V
22/09/1967;0,0;V
23/09/1967;0,0;V
24/09/1967;0,0;V
25/09/1967;0,0;V
26/09/1967;0,0;V
27/09/1967;0,0;V
28/09/1967;0,0;V
29/09/1967;0,0;V
30/09/1967;0,0;V
01/10/1967;0,0;V
02/10/1967;0,0;V
03/10/1967;11,5;V
04/10/1967;2,0;V
05/10/1967;4,0;V
06/10/1967;0,0;V
07/10/1967;0,0;V
08/10/1967;0,0;V
09/10/1967;0,0;V
10/10/1967;0,0;V
11/10/1967;0,0;V
12/10/1967;0,0;V
13/10/1967;0,0;V
14/10/1967;0,0;V
15/10/1967;0,0;V
16/10/1967;0,0;V
17/10/1967;0,0;V
18/10/1967;0,0;V
19/10/1967;0,0;V
20/10/1967;0,0;V
21/10/1967;0,0;V
22/10/1967;0,0;V
23/10/1967;0,0;V
24/10/1967;0,0;V
25/10/1967;0,0;V
26/10/1967;0,0;V
27/10/1967;0,0;V
28/10/1967;0,0;V
29/10/1967;28,0;V
30/10/1967;1,0;V
31/10/1967;0,0;V
01/11/1967;19,7;V
02/11/1967;0,0;V
03/11/1967;21,5;V
04/11/1967;11,0;V
05/11/1967;0,0;V
06/11/1967;36,5;V
07/11/1967;8,0;V
08/11/1967;9,5;V
09/11/1967;8,0;V
10/11/1967;0,0;V
11/11/1967;0,0;V
12/11/1967;0,0;V
13/11/1967;0,0;V
14/11/1967;0,0;V
15/11/1967;0,0;V
16/11/1967;2,0;V
17/11/1967;0,0;V
18/11/1967;0,0;V
19/11/1967;0,0;V
20/11/1967;0,0;V
21/11/1967;0,0;V
22/11/1967;0,0;V
23/11/1967;0,0;V
24/11/1967;0,0;V
25/11/1967;0,0;V
26/11/1967;0,0;V
27/11/1967;6,5;V
28/11/1967;29,0;V
29/11/1967;0,0;V
30/11/1967;7,0;V
01/12/1967;0,3;V
02/12/1967;0,0;V
03/12/1967;0,0;V
04/12/1967;0,0;V
05/12/1967;0,0;V
06/12/1967;0,0;V
07/12/1967;0,0;V
08/12/1967;0,0;V
09/12/1967;0,0;V
10/12/1967;1,5;S
11/12/1967;7,5;V
12/12/1967;0,0;V
13/12/1967;0,0;V
14/12/1967;0,0;V
15/12/1967;0,0;V
16/12/1967;0,0;V
17/12/1967;0,0;V
18/12/1967;0,0;V
19/12/1967;0,0;V
20/12/1967;18,0;V
21/12/1967;0,0;V
22/12/1967;0,0;V
23/12/1967;0,0;V
24/12/1967;0,0;V
25/12/1967;8,5;V
26/12/1967;11,0;V
27/12/1967;24,0;V
28/12/1967;0,0;V
29/12/1967;0,0;V
30/12/1967;31,3;V
31/12/1967;0,0;V
01/01/1968;17,5;V
02/01/1968;5,0;V
03/01/1968;9,0;V
04/01/1968;0,0;V
05/01/1968;0,0;V
06/01/1968;0,0;V
07/01/1968;7,0;V
08/01/1968;26,5;V
09/01/1968;0,0;V
10/01/1968;11,0;V
11/01/1968;0,0;V
12/01/1968;0,0;V
13/01/1968;0,0;V
14/01/1968;0,0;V
15/01/1968;5,0;V
16/01/1968;0,0;V
17/01/1968;0,0;V
18/01/1968;11,5;V
19/01/1968;0,0;V
20/01/1968;0,0;V
21/01/1968;0,0;V
22/01/1968;0,0;V
23/01/1968;0,0;V
24/01/1968;0,0;V
25/01/1968;3,5;V
26/01/1968;0,0;V
27/01/1968;0,0;V
28/01/1968;0,0;V
29/01/1968;0,0;V
30/01/1968;0,0;V
31/01/1968;0,0;V
01/02/1968;0,0;V
02/02/1968;1,0;V
03/02/1968;9,0;V
04/02/1968;18,5;V
05/02/1968;4,3;V
06/02/1968;0,0;V
07/02/1968;17,0;V
08/02/1968;15,5;V
09/02/1968;0,0;V
10/02/1968;7,0;V
11/02/1968;0,0;V
12/02/1968;12,0;V
13/02/1968;21,5;V
14/02/1968;1,8;V
15/02/1968;17,0;V
16/02/1968;13,0;V
17/02/1968;0,0;V
18/02/1968;0,0;V
19/02/1968;0,0;V
20/02/1968;0,0;V
21/02/1968;0,0;V
22/02/1968;62,0;V
23/02/1968;17,0;V
24/02/1968;9,5;V
25/02/1968;13,0;V
26/02/1968;0,0;V
27/02/1968;1,4;V
28/02/1968;0,0;V
29/02/1968;0,0;V
01/03/1968;0,0;V
02/03/1968;0,0;V
03/03/1968;0,0;V
04/03/1968;0,0;V
05/03/1968;0,0;V
06/03/1968;0,0;V
07/03/1968;0,0;V
08/03/1968;0,0;V
09/03/1968;0,0;V
10/03/1968;2,0;V
11/03/1968;0,0;V
12/03/1968;0,0;V
13/03/1968;0,0;V
14/03/1968;0,0;V
15/03/1968;0,0;V
16/03/1968;14,5;V
17/03/1968;18,0;V
18/03/1968;0,0;V
19/03/1968;0,0;V
20/03/1968;0,0;V
21/03/1968;0,0;V
22/03/1968;1,7;V
23/03/1968;0,0;V
24/03/1968;0,0;V
25/03/1968;0,0;V
26/03/1968;0,0;V
27/03/1968;0,0;V
28/03/1968;0,0;V
29/03/1968;0,0;V
30/03/1968;0,0;V
31/03/1968;0,0;V
01/04/1968;0,0;V
02/04/1968;0,0;V
03/04/1968;1,1;V
04/04/1968;0,0;V
05/04/1968;0,0;V
06/04/1968;0,0;V
07/04/1968;4,5;V
08/04/1968;4,5;V
09/04/1968;9,5;V
10/04/1968;0,0;V
11/04/1968;0,0;V
12/04/1968;0,0;V
13/04/1968;0,0;V
14/04/1968;0,0;V
15/04/1968;5,0;V
16/04/1968;1,0;V
17/04/1968;0,0;V
18/04/1968;0,0;V
19/04/1968;0,0;V
20/04/1968;0,0;V
21/04/1968;0,0;V
22/04/1968;0,0;V
23/04/1968;0,0;V
24/04/1968;0,0;V
25/04/1968;0,0;V
26/04/1968;0,0;V
27/04/1968;0,0;V
28/04/1968;0,0;V
29/04/1968;18,5;V
30/04/1968;7,0;V
01/05/1968;11,0;V
02/05/1968;0,0;V
03/05/1968;0,0;V
04/05/1968;0,0;V
05/05/1968;0,0;V
06/05/1968;12,5;V
07/05/1968;0,0;V
08/05/1968;0,0;V
09/05/1968;0,0;V
10/05/1968;0,0;V
11/05/1968;0,0;V
12/05/1968;3,0;V
13/05/1968;12,0;V
14/05/1968;0,0;V
15/05/1968;0,0;V
16/05/1968;0,0;V
17/05/1968;0,0;V
18/05/1968;0,0;V
19/05/1968;0,0;V
20/05/1968;0,0;V
21/05/1968;36,5;V
22/05/1968;0,0;V
23/05/1968;0,0;V
24/05/1968;0,0;V
25/05/1968;1,0;V
26/05/1968;0,0;V
27/05/1968;0,0;V
28/05/1968;26,0;V
29/05/1968;31,5;V
30/05/1968;12,0;V
31/05/1968;1,0;V
01/06/1968;0,0;V
02/06/1968;27,0;V
03/06/1968;0,0;V
04/06/1968;0,0;V
05/06/1968;0,0;V
06/06/1968;22,5;V
07/06/1968;0,0;V
08/06/1968;0,0;V
09/06/1968;0,0;V
10/06/1968;0,0;V
11/06/1968;0,0;V
12/06/1968;2,0;V
13/06/1968;8,5;V
14/06/1968;0,0;V
15/06/1968;0,0;V
16/06/1968;3,0;V
17/06/1968;0,0;V
18/06/1968;0,0;V
19/06/1968;0,0;V
20/06/1968;8,0;V
21/06/1968;0,0;V
22/06/1968;0,0;V
23/06/1968;0,0;V
24/06/1968;18,0;V
25/06/1968;0,0;V
26/06/1968;0,0;V
27/06/1968;0,0;V
28/06/1968;0,0;V
29/06/1968;0,0;V
30/06/1968;0,0;V
01/07/1968;0,0;V
02/07/1968;0,0;V
03/07/1968;0,0;V
04/07/1968;0,0;V
05/07/1968;0,0;V
06/07/1968;0,0;V
07/07/1968;0,0;V
08/07/1968;0,0;V
09/07/1968;0,0;V
10/07/1968;0,0;V
11/07/1968;0,0;V
12/07/1968;0,0;V
13/07/1968;0,0;V
14/07/1968;0,0;V
15/07/1968;0,0;V
16/07/1968;0,0;V
17/07/1968;0,0;V
18/07/1968;14,5;V
19/07/1968;7,0;V
20/07/1968;0,0;V
21/07/1968;0,0;V
22/07/1968;0,0;V
23/07/1968;0,0;V
24/07/1968;0,0;V
25/07/1968;18,5;V
26/07/1968;0,0;V
27/07/1968;0,0;V
28/07/1968;0,0;V
29/07/1968;0,0;V
30/07/1968;0,0;V
31/07/1968;0,0;V
01/08/1968;0,0;V
02/08/1968;0,0;V
03/08/1968;14,5;V
04/08/1968;4,0;V
05/08/1968;0,0;V
06/08/1968;0,0;V
07/08/1968;0,0;V
08/08/1968;0,0;V
09/08/1968;8,5;V
10/08/1968;0,0;V
11/08/1968;0,0;V
12/08/1968;0,0;V
13/08/1968;0,0;V
14/08/1968;5,0;V
15/08/1968;3,5;V
16/08/1968;0,0;V
17/08/1968;0,0;V
18/08/1968;0,0;V
19/08/1968;0,0;V
20/08/1968;0,0;V
21/08/1968;0,0;V
22/08/1968;0,0;V
23/08/1968;0,0;V
24/08/1968;16,5;V
25/08/1968;0,0;V
26/08/1968;0,0;V
27/08/1968;0,0;V
28/08/1968;0,0;V
29/08/1968;3,0;V
30/08/1968;24,5;V
31/08/1968;6,5;V
01/09/1968;0,0;V
02/09/1968;0,0;V
03/09/1968;0,0;V
04/09/1968;0,0;V
05/09/1968;3,5;V
06/09/1968;0,0;V
07/09/1968;0,0;V
08/09/1968;0,0;V
09/09/1968;0,0;V
10/09/1968;0,0;V
11/09/1968;0,0;V
12/09/1968;4,0;V
13/09/1968;0,0;V
14/09/1968;7,0;V
15/09/1968;0,0;V
16/09/1968;43,5;V
17/09/1968;0,0;V
18/09/1968;0,0;V
19/09/1968;1,0;V
20/09/1968;0,0;V
21/09/1968;1,2;V
22/09/1968;0,0;V
23/09/1968;0,0;V
24/09/1968;2,3;V
25/09/1968;0,0;V
26/09/1968;0,0;V
27/09/1968;0,0;V
28/09/1968;0,0;V
29/09/1968;0,0;V
30/09/1968;6,5;V
01/10/1968;2,0;V
02/10/1968;0,0;V
03/10/1968;0,0;V
04/10/1968;0,0;V
05/10/1968;0,0;V
06/10/1968;0,0;V
07/10/1968;0,0;V
08/10/1968;0,0;V
09/10/1968;20,5;V
10/10/1968;0,0;V
11/10/1968;0,0;V
12/10/1968;0,0;V
13/10/1968;0,0;V
14/10/1968;0,0;V
15/10/1968;0,0;V
16/10/1968;0,0;V
17/10/1968;8,0;V
18/10/1968;0,0;V
19/10/1968;0,0;V
20/10/1968;0,0;V
21/10/1968;0,0;V
22/10/1968;0,0;V
23/10/1968;0,0;V
24/10/1968;0,0;V
25/10/1968;33,5;V
26/10/1968;12,0;V
27/10/1968;0,0;V
28/10/1968;0,0;V
29/10/1968;0,0;V
30/10/1968;0,0;V
31/10/1968;0,0;V
01/11/1968;0,0;V
02/11/1968;0,0;V
03/11/1968;5,5;V
04/11/1968;20,0;V
05/11/1968;2,0;V
06/11/1968;0,0;V
07/11/1968;0,0;V
08/11/1968;4,7;V
09/11/1968;21,5;V
10/11/1968;3,5;V
11/11/1968;0,0;V
12/11/1968;0,0;V
13/11/1968;0,0;V
14/11/1968;0,0;V
15/11/1968;7,0;V
16/11/1968;11,5;V
17/11/1968;26,0;V
18/11/1968;21,5;V
19/11/1968;18,0;V
20/11/1968;0,0;V
21/11/1968;0,0;V
22/11/1968;0,0;V
23/11/1968;0,0;V
24/11/1968;0,0;V
25/11/1968;0,0;V
26/11/1968;0,0;V
27/11/1968;0,0;V
28/11/1968;0,0;V
29/11/1968;0,0;V
30/11/1968;0,0;V
01/12/1968;0,0;V
02/12/1968;0,0;V
03/12/1968;0,0;V
04/12/1968;0,0;V
05/12/1968;0,0;V
06/12/1968;0,0;V
07/12/1968;0,0;V
08/12/1968;14,5;V
09/12/1968;15,0;V
10/12/1968;7,5;V
11/12/1968;0,0;V
12/12/1968;0,0;V
13/12/1968;0,0;V
14/12/1968;0,0;V
15/12/1968;0,0;V
16/12/1968;1,0;V
17/12/1968;27,5;V
18/12/1968;24,0;V
19/12/1968;10,5;V
20/12/1968;0,0;V
21/12/1968;0,0;V
22/12/1968;0,0;V
23/12/1968;0,0;V
24/12/1968;0,0;V
25/12/1968;0,0;V
26/12/1968;0,0;V
27/12/1968;0,0;V
28/12/1968;0,0;V
29/12/1968;0,0;V
30/12/1968;0,0;V
31/12/1968;0,0;V
01/01/1969;0,0;V
02/01/1969;0,0;V
03/01/1969;0,0;V
04/01/1969;0,0;V
05/01/1969;0,0;V
06/01/1969;0,0;V
07/01/1969;0,0;V
08/01/1969;5,0;V
09/01/1969;21,5;V
10/01/1969;0,0;V
11/01/1969;0,0;V
12/01/1969;0,0;V
13/01/1969;25,0;V
14/01/1969;9,5;V
15/01/1969;42,0;V
16/01/1969;7,0;V
17/01/1969;12,5;V
18/01/1969;0,0;V
19/01/1969;10,0;V
20/01/1969;0,0;V
21/01/1969;0,0;V
22/01/1969;0,0;V
23/01/1969;0,0;V
24/01/1969;0,0;V
25/01/1969;0,0;V
26/01/1969;0,0;V
27/01/1969;0,0;V
28/01/1969;0,0;V
29/01/1969;14,5;V
30/01/1969;13,0;V
31/01/1969;0,0;V
01/02/1969;0,0;V
02/02/1969;4,5;V
03/02/1969;13,0;V
04/02/1969;7,5;V
05/02/1969;4,0;V
06/02/1969;0,0;V
07/02/1969;0,0;V
08/02/1969;0,0;V
09/02/1969;0,0;V
10/02/1969;0,0;V
11/02/1969;0,0;V
12/02/1969;0,0;V
13/02/1969;12,5;V
14/02/1969;9,0;V
15/02/1969;8,0;V
16/02/1969;6,0;V
17/02/1969;9,0;V
18/02/1969;4,5;S
19/02/1969;24,5;V
20/02/1969;11,5;V
21/02/1969;0,0;V
22/02/1969;0,0;V
23/02/1969;4,0;V
24/02/1969;7,0;V
25/02/1969;13,0;V
26/02/1969;8,0;V
27/02/1969;0,0;V
28/02/1969;2,0;V
01/03/1969;1,0;V
02/03/1969;0,0;V
03/03/1969;8,0;V
04/03/1969;1,0;V
05/03/1969;0,0;V
06/03/1969;2,5;V
07/03/1969;0,0;V
08/03/1969;7,0;V
09/03/1969;0,0;V
10/03/1969;0,0;V
11/03/1969;0,0;V
12/03/1969;3,0;V
13/03/1969;0,0;V
14/03/1969;26,5;V
15/03/1969;9,0;V
16/03/1969;7,5;V
17/03/1969;0,0;V
18/03/1969;0,0;V
19/03/1969;0,0;V
20/03/1969;3,0;V
21/03/1969;0,0;V
22/03/1969;0,0;V
23/03/1969;2,7;V
24/03/1969;7,5;V
25/03/1969;1,3;V
26/03/1969;8,0;V
27/03/1969;4,3;V
28/03/1969;1,0;V
29/03/1969;0,0;V
30/03/1969;0,0;V
31/03/1969;0,0;V
01/04/1969;0,0;V
02/04/1969;0,0;V
03/04/1969;0,0;V
04/04/1969;8,5;V
05/04/1969;3,0;V
06/04/1969;7,0;V
07/04/1969;0,0;V
08/04/1969;0,0;V
09/04/1969;0,0;V
10/04/1969;0,0;V
11/04/1969;0,0;V
12/04/1969;0,0;V
13/04/1969;0,0;V
14/04/1969;4,5;V
15/04/1969;0,0;V
16/04/1969;0,0;V
17/04/1969;0,0;V
18/04/1969;0,0;V
19/04/1969;0,0;V
20/04/1969;0,0;V
21/04/1969;0,0;V
22/04/1969;2,0;V
23/04/1969;14,5;V
24/04/1969;0,0;V
25/04/1969;0,0;V
26/04/1969;0,0;V
27/04/1969;0,0;V
28/04/1969;0,0;V
29/04/1969;0,0;V
30/04/1969;1,0;V
01/05/1969;20,0;V
02/05/1969;0,0;V
03/05/1969;0,0;V
04/05/1969;0,0;V
05/05/1969;0,0;V
06/05/1969;4,5;V
07/05/1969;2,0;V
08/05/1969;0,0;V
09/05/1969;3,0;V
10/05/1969;0,0;V
11/05/1969;0,0;V
12/05/1969;0,0;V
13/05/1969;0,0;V
14/05/1969;0,0;V
15/05/1969;0,0;V
16/05/1969;0,0;V
17/05/1969;0,0;V
18/05/1969;0,0;V
19/05/1969;32,5;V
20/05/1969;4,5;V
21/05/1969;0,0;V
22/05/1969;0,0;V
23/05/1969;0,0;V
24/05/1969;0,0;V
25/05/1969;0,0;V
26/05/1969;9,5;V
27/05/1969;0,0;V
28/05/1969;0,0;V
29/05/1969;0,0;V
30/05/1969;0,0;V
31/05/1969;0,0;V
01/06/1969;0,0;V
02/06/1969;0,0;V
03/06/1969;3,5;V
04/06/1969;0,0;V
05/06/1969;16,0;V
06/06/1969;11,5;V
07/06/1969;8,0;V
08/06/1969;0,0;V
09/06/1969;0,0;V
10/06/1969;0,0;V
11/06/1969;0,0;V
12/06/1969;22,5;V
13/06/1969;4,0;V
14/06/1969;0,0;V
15/06/1969;0,0;V
16/06/1969;0,0;V
17/06/1969;0,0;V
18/06/1969;0,0;V
19/06/1969;0,0;V
20/06/1969;1,0;V
21/06/1969;0,0;V
22/06/1969;0,0;V
23/06/1969;0,0;V
24/06/1969;0,0;V
25/06/1969;0,0;V
26/06/1969;0,0;V
27/06/1969;0,0;V
28/06/1969;0,0;V
29/06/1969;0,0;V
30/06/1969;0,0;V
01/07/1969;0,0;V
02/07/1969;0,0;V
03/07/1969;0,0;V
04/07/1969;0,0;V
05/07/1969;2,0;V
06/07/1969;0,0;V
07/07/1969;0,0;V
08/07/1969;0,0;V
09/07/1969;0,0;V
10/07/1969;5,0;V
11/07/1969;0,5;V
12/07/1969;0,0;V
13/07/1969;0,0;V
14/07/1969;0,0;V
15/07/1969;0,0;V
16/07/1969;0,0;V
17/07/1969;0,0;V
18/07/1969;0,0;V
19/07/1969;0,0;V
20/07/1969;0,0;V
21/07/1969;0,0;V
22/07/1969;0,0;V
23/07/1969;32,0;V
24/07/1969;0,0;V
25/07/1969;0,0;V
26/07/1969;0,0;V
27/07/1969;0,0;V
28/07/1969;0,0;V
29/07/1969;0,0;V
30/07/1969;0,0;V
31/07/1969;4,5;V
01/08/1969;2,7;V
02/08/1969;0,0;V
03/08/1969;0,0;V
04/08/1969;0,0;V
05/08/1969;0,0;V
06/08/1969;0,0;V
07/08/1969;0,0;V
08/08/1969;0,0;V
09/08/1969;0,0;V
10/08/1969;0,0;V
11/08/1969;0,0;V
12/08/1969;2,5;V
13/08/1969;0,0;V
14/08/1969;0,0;V
15/08/1969;0,0;V
16/08/1969;4,0;V
17/08/1969;0,0;V
18/08/1969;0,0;V
19/08/1969;0,0;V
20/08/1969;0,0;V
21/08/1969;0,0;V
22/08/1969;0,0;V
23/08/1969;0,0;V
24/08/1969;23,5;V
25/08/1969;0,0;V
26/08/1969;0,0;V
27/08/1969;0,0;V
28/08/1969;7,5;V
29/08/1969;0,0;V
30/08/1969;3,1;V
31/08/1969;0,0;V
01/09/1969;0,0;V
02/09/1969;0,0;V
03/09/1969;0,0;V
04/09/1969;2,5;V
05/09/1969;0,0;V
06/09/1969;0,0;V
07/09/1969;26,0;V
08/09/1969;0,0;V
09/09/1969;0,0;V
10/09/1969;1,5;V
11/09/1969;0,0;V
12/09/1969;0,0;V
13/09/1969;0,0;V
14/09/1969;0,0;V
15/09/1969;30,0;V
16/09/1969;7,0;V
17/09/1969;14,5;V
18/09/1969;3,0;V
19/09/1969;25,0;V
20/09/1969;9,0;V
21/09/1969;0,0;V
22/09/1969;0,0;V
23/09/1969;0,0;V
24/09/1969;0,0;V
25/09/1969;0,0;V
26/09/1969;0,0;V
27/09/1969;0,0;V
28/09/1969;0,0;V
29/09/1969;0,0;V
30/09/1969;0,0;V
01/10/1969;0,0;V
02/10/1969;7,0;V
03/10/1969;0,0;V
04/10/1969;0,0;V
05/10/1969;0,0;V
06/10/1969;0,0;V
07/10/1969;0,0;V
08/10/1969;0,0;V
09/10/1969;0,0;V
10/10/1969;0,0;V
11/10/1969;0,0;V
12/10/1969;0,0;V
13/10/1969;0,0;V
14/10/1969;0,0;V
15/10/1969;0,0;V
16/10/1969;0,0;V
17/10/1969;0,0;V
18/10/1969;0,0;V
19/10/1969;0,0;V
20/10/1969;0,0;V
21/10/1969;0,0;V
22/10/1969;0,0;V
23/10/1969;0,0;V
24/10/1969;0,0;V
25/10/1969;5,5;V
26/10/1969;0,5;V
27/10/1969;0,0;V
28/10/1969;0,0;V
29/10/1969;0,0;V
30/10/1969;0,0;V
31/10/1969;0,0;V
01/11/1969;0,0;V
02/11/1969;0,0;V
03/11/1969;0,0;V
04/11/1969;0,0;V
05/11/1969;0,0;V
06/11/1969;9,5;V
07/11/1969;0,0;V
08/11/1969;48,5;V
09/11/1969;0,0;V
10/11/1969;9,0;V
11/11/1969;0,0;V
12/11/1969;0,0;V
13/11/1969;0,0;V
14/11/1969;34,5;V
15/11/1969;20,0;V
16/11/1969;7,5;V
17/11/1969;0,0;V
18/11/1969;1,1;V
19/11/1969;0,0;V
20/11/1969;0,0;V
21/11/1969;2,5;V
22/11/1969;29,5;V
23/11/1969;8,0;V
24/11/1969;16,0;V
25/11/1969;0,0;V
26/11/1969;37,5;V
27/11/1969;0,0;V
28/11/1969;0,0;V
29/11/1969;2,2;V
30/11/1969;3,8;V
01/12/1969;0,0;V
02/12/1969;0,0;V
03/12/1969;0,0;V
04/12/1969;4,5;V
05/12/1969;21,5;V
06/12/1969;1,1;V
07/12/1969;0,0;V
08/12/1969;0,0;V
09/12/1969;0,0;V
10/12/1969;0,0;V
11/12/1969;0,0;V
12/12/1969;0,0;V
13/12/1969;0,9;V
14/12/1969;0,5;V
15/12/1969;5,0;V
16/12/1969;1,3;V
17/12/1969;0,0;V
18/12/1969;1,0;V
19/12/1969;23,6;V
20/12/1969;1,7;V
21/12/1969;0,0;V
22/12/1969;0,0;V
23/12/1969;0,0;V
24/12/1969;0,0;V
25/12/1969;0,0;V
26/12/1969;0,0;V
27/12/1969;0,0;V
28/12/1969;0,7;V
29/12/1969;0,0;V
30/12/1969;0,0;V
31/12/1969;18,3;V
01/01/1970;3,5;V
02/01/1970;0,0;V
03/01/1970;0,0;V
04/01/1970;0,0;V
05/01/1970;26,0;V
06/01/1970;9,5;V
07/01/1970;4,0;V
08/01/1970;0,0;V
09/01/1970;0,0;V
10/01/1970;0,0;V
11/01/1970;7,0;V
12/01/1970;19,5;V
13/01/1970;13,0;V
14/01/1970;5,5;V
15/01/1970;13,0;V
16/01/1970;11,5;V
17/01/1970;0,0;V
18/01/1970;0,0;V
19/01/1970;0,0;V
20/01/1970;0,0;V
21/01/1970;0,0;V
22/01/1970;0,0;V
23/01/1970;0,0;V
24/01/1970;4,0;V
25/01/1970;14,0;V
26/01/1970;0,0;V
27/01/1970;0,0;V
28/01/1970;0,0;V
29/01/1970;7,0;V
30/01/1970;25,0;V
31/01/1970;9,5;V
01/02/1970;0,0;V
02/02/1970;0,0;V
03/02/1970;3,0;V
04/02/1970;0,0;V
05/02/1970;0,0;V
06/02/1970;2,1;V
07/02/1970;4,5;V
08/02/1970;0,0;V
09/02/1970;0,7;V
10/02/1970;2,7;V
11/02/1970;4,0;V
12/02/1970;19,0;V
13/02/1970;9,5;V
14/02/1970;0,0;V
15/02/1970;33,0;V
16/02/1970;0,0;V
17/02/1970;0,0;V
18/02/1970;17,5;V
19/02/1970;2,5;V
20/02/1970;0,0;V
21/02/1970;0,0;V
22/02/1970;0,0;V
23/02/1970;0,0;V
24/02/1970;0,0;V
25/02/1970;3,5;V
26/02/1970;0,0;V
27/02/1970;0,0;V
28/02/1970;0,0;V
01/03/1970;0,0;V
02/03/1970;0,0;V
03/03/1970;7,5;V
04/03/1970;26,0;V
05/03/1970;15,0;V
06/03/1970;12,5;V
07/03/1970;0,0;V
08/03/1970;4,0;V
09/03/1970;15,0;V
10/03/1970;3,5;V
11/03/1970;5,5;V
12/03/1970;13,0;V
13/03/1970;0,0;V
14/03/1970;6,0;V
15/03/1970;0,0;V
16/03/1970;0,0;V
17/03/1970;0,0;V
18/03/1970;0,0;V
19/03/1970;0,0;V
20/03/1970;0,0;V
21/03/1970;0,0;V
22/03/1970;0,0;V
23/03/1970;0,0;V
24/03/1970;11,0;V
25/03/1970;8,0;V
26/03/1970;15,5;V
27/03/1970;0,0;V
28/03/1970;0,0;V
29/03/1970;0,0;V
30/03/1970;0,0;V
31/03/1970;0,0;V
01/04/1970;19,5;V
02/04/1970;0,0;V
03/04/1970;0,0;V
04/04/1970;0,0;V
05/04/1970;8,5;V
06/04/1970;2,0;V
07/04/1970;0,0;V
08/04/1970;0,0;V
09/04/1970;6,0;V
10/04/1970;1,0;V
11/04/1970;0,0;V
12/04/1970;0,0;V
13/04/1970;4,5;V
14/04/1970;9,0;V
15/04/1970;0,0;V
16/04/1970;0,0;V
17/04/1970;0,0;V
18/04/1970;0,0;V
19/04/1970;0,0;V
20/04/1970;0,0;V
21/04/1970;6,0;V
22/04/1970;1,0;V
23/04/1970;0,0;V
24/04/1970;0,0;V
25/04/1970;0,0;V
26/04/1970;0,0;V
27/04/1970;0,0;V
28/04/1970;5,0;V
29/04/1970;0,0;V
30/04/1970;4,0;V
01/05/1970;0,0;V
02/05/1970;0,0;V
03/05/1970;0,0;V
04/05/1970;0,0;V
05/05/1970;0,0;V
06/05/1970;0,0;V
07/05/1970;0,0;V
08/05/1970;8,5;V
09/05/1970;11,0;V
10/05/1970;0,0;V
11/05/1970;4,5;V
12/05/1970;0,0;V
13/05/1970;0,0;V
14/05/1970;0,0;V
15/05/1970;0,0;V
16/05/1970;0,0;V
17/05/1970;0,0;V
18/05/1970;27,0;V
19/05/1970;0,0;V
20/05/1970;0,0;V
21/05/1970;0,0;V
22/05/1970;0,0;V
23/05/1970;11,5;V
24/05/1970;0,0;V
25/05/1970;0,0;V
26/05/1970;0,0;V
27/05/1970;1,7;V
28/05/1970;14,0;V
29/05/1970;0,0;V
30/05/1970;0,0;V
31/05/1970;19,0;V
01/06/1970;0,0;V
02/06/1970;0,0;V
03/06/1970;0,0;V
04/06/1970;0,0;V
05/06/1970;0,0;V
06/06/1970;0,0;V
07/06/1970;1,5;V
08/06/1970;0,0;V
09/06/1970;9,0;V
10/06/1970;8,0;V
11/06/1970;0,0;V
12/06/1970;0,0;V
13/06/1970;0,0;V
14/06/1970;0,0;V
15/06/1970;0,0;V
16/06/1970;0,0;V
17/06/1970;0,0;V
18/06/1970;0,0;V
19/06/1970;30,5;V
20/06/1970;12,0;V
21/06/1970;4,0;V
22/06/1970;0,0;V
23/06/1970;0,0;V
24/06/1970;0,0;V
25/06/1970;0,0;V
26/06/1970;0,0;V
27/06/1970;0,0;V
28/06/1970;0,0;V
29/06/1970;0,0;V
30/06/1970;0,0;V
01/07/1970;0,0;V
02/07/1970;0,0;V
03/07/1970;0,0;V
04/07/1970;0,0;V
05/07/1970;0,0;V
06/07/1970;0,0;V
07/07/1970;0,0;V
08/07/1970;0,0;V
09/07/1970;0,0;V
10/07/1970;0,0;V
11/07/1970;0,0;V
12/07/1970;0,0;V
13/07/1970;0,0;V
14/07/1970;0,0;V
15/07/1970;0,0;V
16/07/1970;18,5;V
17/07/1970;6,0;V
18/07/1970;0,0;V
19/07/1970;0,0;V
20/07/1970;0,0;V
21/07/1970;0,0;V
22/07/1970;0,0;V
23/07/1970;0,0;V
24/07/1970;0,0;V
25/07/1970;0,0;V
26/07/1970;0,0;V
27/07/1970;0,0;V
28/07/1970;0,0;V
29/07/1970;0,0;V
30/07/1970;0,0;V
31/07/1970;0,0;V
01/08/1970;0,0;V
02/08/1970;0,0;V
03/08/1970;0,0;V
04/08/1970;0,0;V
05/08/1970;0,0;V
06/08/1970;0,0;V
07/08/1970;0,0;V
08/08/1970;0,0;V
09/08/1970;7,0;V
10/08/1970;10,5;V
11/08/1970;0,0;V
12/08/1970;0,0;V
13/08/1970;0,0;V
14/08/1970;0,0;V
15/08/1970;0,0;V
16/08/1970;0,0;V
17/08/1970;0,0;V
18/08/1970;0,0;V
19/08/1970;0,0;V
20/08/1970;0,0;V
21/08/1970;11,5;V
22/08/1970;0,0;V
23/08/1970;0,0;V
24/08/1970;8,0;V
25/08/1970;0,0;V
26/08/1970;0,0;V
27/08/1970;0,0;V
28/08/1970;0,0;V
29/08/1970;0,0;V
30/08/1970;40,0;V
31/08/1970;5,0;V
01/09/1970;0,0;V
02/09/1970;0,0;V
03/09/1970;0,0;V
04/09/1970;0,0;V
05/09/1970;0,0;V
06/09/1970;0,0;V
07/09/1970;0,0;V
08/09/1970;0,0;V
09/09/1970;0,0;V
10/09/1970;0,0;V
11/09/1970;0,0;V
12/09/1970;0,0;V
13/09/1970;3,0;V
14/09/1970;0,0;V
15/09/1970;0,0;V
16/09/1970;0,0;V
17/09/1970;0,0;V
18/09/1970;0,0;V
19/09/1970;0,0;V
20/09/1970;0,0;V
21/09/1970;0,0;V
22/09/1970;0,0;V
23/09/1970;0,0;V
24/09/1970;1,5;V
25/09/1970;0,0;V
26/09/1970;0,0;V
27/09/1970;0,0;V
28/09/1970;0,0;V
29/09/1970;0,0;V
30/09/1970;0,0;V
01/10/1970;23,5;V
02/10/1970;0,0;V
03/10/1970;0,0;V
04/10/1970;0,0;V
05/10/1970;0,0;V
06/10/1970;0,0;V
07/10/1970;0,0;V
08/10/1970;0,0;V
09/10/1970;0,0;V
10/10/1970;0,0;V
11/10/1970;0,0;V
12/10/1970;0,0;V
13/10/1970;0,0;V
14/10/1970;0,0;V
15/10/1970;0,0;V
16/10/1970;4,5;V
17/10/1970;0,0;V
18/10/1970;0,0;V
19/10/1970;0,0;V
20/10/1970;0,0;V
21/10/1970;0,0;V
22/10/1970;0,0;V
23/10/1970;0,0;V
24/10/1970;0,0;V
25/10/1970;0,0;V
26/10/1970;0,0;V
27/10/1970;0,0;V
28/10/1970;0,0;V
29/10/1970;0,0;V
30/10/1970;0,0;V
31/10/1970;0,0;V
01/11/1970;0,0;V
02/11/1970;0,0;V
03/11/1970;0,0;V
04/11/1970;0,0;V
05/11/1970;0,0;V
06/11/1970;0,0;V
07/11/1970;0,0;V
08/11/1970;0,0;V
09/11/1970;0,0;V
10/11/1970;0,0;V
11/11/1970;0,0;V
12/11/1970;0,0;V
13/11/1970;0,0;V
14/11/1970;10,5;V
15/11/1970;17,0;V
16/11/1970;24,5;V
17/11/1970;0,0;V
18/11/1970;2,5;V
19/11/1970;22,0;V
20/11/1970;11,0;V
21/11/1970;0,0;V
22/11/1970;13,0;V
23/11/1970;0,0;V
24/11/1970;0,0;V
25/11/1970;0,0;V
26/11/1970;0,0;V
27/11/1970;0,0;V
28/11/1970;0,0;V
29/11/1970;0,0;V
30/11/1970;2,5;V
01/12/1970;2,5;V
02/12/1970;0,0;V
03/12/1970;0,0;V
04/12/1970;0,0;V
05/12/1970;0,0;V
06/12/1970;0,0;V
07/12/1970;0,0;V
08/12/1970;31,0;V
09/12/1970;0,0;V
10/12/1970;0,0;V
11/12/1970;0,0;V
12/12/1970;0,0;V
13/12/1970;0,0;V
14/12/1970;0,0;V
15/12/1970;0,0;V
16/12/1970;0,0;V
17/12/1970;0,0;V
18/12/1970;0,0;V
19/12/1970;0,0;V
20/12/1970;0,0;V
21/12/1970;0,0;V
22/12/1970;0,0;V
23/12/1970;0,0;V
24/12/1970;0,0;V
25/12/1970;0,0;V
26/12/1970;0,0;V
27/12/1970;15,0;V
28/12/1970;19,5;V
29/12/1970;14,0;V
30/12/1970;27,5;V
31/12/1970;17,5;V
01/01/1971;21,5;V
02/01/1971;8,0;V
03/01/1971;0,0;V
04/01/1971;0,0;V
05/01/1971;0,0;V
06/01/1971;0,0;V
07/01/1971;0,0;V
08/01/1971;0,0;V
09/01/1971;0,0;V
10/01/1971;0,0;V
11/01/1971;0,0;V
12/01/1971;0,0;V
13/01/1971;0,0;V
14/01/1971;0,0;V
15/01/1971;8,0;V
16/01/1971;18,5;V
17/01/1971;0,0;V
18/01/1971;0,0;V
19/01/1971;0,0;V
20/01/1971;11,0;V
21/01/1971;16,5;V
22/01/1971;7,5;V
23/01/1971;14,0;V
24/01/1971;0,0;V
25/01/1971;16,5;V
26/01/1971;13,0;V
27/01/1971;0,0;V
28/01/1971;4,5;V
29/01/1971;2,0;V
30/01/1971;11,5;V
31/01/1971;0,0;V
01/02/1971;22,5;V
02/02/1971;7,0;V
03/02/1971;0,0;V
04/02/1971;0,0;V
05/02/1971;0,0;V
06/02/1971;0,0;V
07/02/1971;0,0;V
08/02/1971;0,0;V
09/02/1971;0,0;V
10/02/1971;0,0;V
11/02/1971;0,0;V
12/02/1971;0,0;V
13/02/1971;0,0;V
14/02/1971;0,0;V
15/02/1971;0,0;V
16/02/1971;11,5;V
17/02/1971;34,0;V
18/02/1971;0,0;V
19/02/1971;15,0;V
20/02/1971;0,0;V
21/02/1971;0,0;V
22/02/1971;0,0;V
23/02/1971;0,0;V
24/02/1971;0,0;V
25/02/1971;0,0;V
26/02/1971;0,0;V
27/02/1971;0,0;V
28/02/1971;0,0;V
01/03/1971;0,0;V
02/03/1971;0,0;V
03/03/1971;0,0;V
04/03/1971;0,0;V
05/03/1971;0,0;V
06/03/1971;0,0;V
07/03/1971;0,0;V
08/03/1971;0,0;V
09/03/1971;0,0;V
10/03/1971;0,0;V
11/03/1971;0,0;V
12/03/1971;0,0;V
13/03/1971;0,0;V
14/03/1971;0,0;V
15/03/1971;0,0;V
16/03/1971;17,0;V
17/03/1971;2,5;V
18/03/1971;3,0;V
19/03/1971;11,5;V
20/03/1971;55,0;V
21/03/1971;0,0;V
22/03/1971;8,5;V
23/03/1971;0,0;V
24/03/1971;0,0;V
25/03/1971;0,0;V
26/03/1971;0,0;V
27/03/1971;11,5;V
28/03/1971;0,0;V
29/03/1971;0,0;V
30/03/1971;0,0;V
31/03/1971;0,0;V
01/04/1971;0,0;V
02/04/1971;0,0;V
03/04/1971;5,0;V
04/04/1971;11,0;V
05/04/1971;3,5;V
06/04/1971;17,0;V
07/04/1971;0,0;V
08/04/1971;0,0;V
09/04/1971;0,0;V
10/04/1971;0,0;V
11/04/1971;0,0;V
12/04/1971;0,0;V
13/04/1971;0,0;V
14/04/1971;0,0;V
15/04/1971;0,0;V
16/04/1971;0,0;V
17/04/1971;0,0;V
18/04/1971;0,0;V
19/04/1971;0,0;V
20/04/1971;0,0;V
21/04/1971;0,0;V
22/04/1971;0,0;V
23/04/1971;0,0;V
24/04/1971;2,5;V
25/04/1971;18,0;V
26/04/1971;0,0;V
27/04/1971;0,0;V
28/04/1971;0,0;V
29/04/1971;0,0;V
30/04/1971;0,0;V
01/05/1971;0,0;V
02/05/1971;0,0;V
03/05/1971;14,5;V
04/05/1971;7,0;V
05/05/1971;8,5;V
06/05/1971;0,0;V
07/05/1971;0,0;V
08/05/1971;0,0;V
09/05/1971;0,0;V
10/05/1971;0,0;V
11/05/1971;0,0;V
12/05/1971;0,0;V
13/05/1971;26,0;V
14/05/1971;0,0;V
15/05/1971;0,0;V
16/05/1971;0,0;V
17/05/1971;0,0;V
18/05/1971;0,0;V
19/05/1971;0,0;V
20/05/1971;0,0;V
21/05/1971;0,0;V
22/05/1971;0,0;V
23/05/1971;4,5;V
24/05/1971;17,0;V
25/05/1971;20,5;V
26/05/1971;11,0;V
27/05/1971;13,5;V
28/05/1971;9,5;V
29/05/1971;2,0;V
30/05/1971;0,0;V
31/05/1971;0,0;V
01/06/1971;3,0;V
02/06/1971;0,0;V
03/06/1971;0,0;V
04/06/1971;0,0;V
05/06/1971;0,0;V
06/06/1971;0,0;V
07/06/1971;17,5;V
08/06/1971;0,0;V
09/06/1971;0,0;V
10/06/1971;0,0;V
11/06/1971;0,0;V
12/06/1971;0,0;V
13/06/1971;0,0;V
14/06/1971;0,0;V
15/06/1971;0,0;V
16/06/1971;0,0;V
17/06/1971;0,0;V
18/06/1971;0,0;V
19/06/1971;0,0;V
20/06/1971;0,0;V
21/06/1971;0,0;V
22/06/1971;0,0;V
23/06/1971;0,0;V
24/06/1971;0,0;V
25/06/1971;0,0;V
26/06/1971;12,5;V
27/06/1971;0,0;V
28/06/1971;0,0;V
29/06/1971;0,0;V
30/06/1971;0,0;V
01/07/1971;0,0;V
02/07/1971;0,0;V
03/07/1971;0,0;V
04/07/1971;0,0;V
05/07/1971;0,0;V
06/07/1971;7,5;V
07/07/1971;0,0;V
08/07/1971;0,0;V
09/07/1971;0,0;V
10/07/1971;0,0;V
11/07/1971;0,0;V
12/07/1971;0,0;V
13/07/1971;0,0;V
14/07/1971;0,0;V
15/07/1971;0,0;V
16/07/1971;0,0;V
17/07/1971;0,0;V
18/07/1971;0,0;V
19/07/1971;0,0;V
20/07/1971;0,0;V
21/07/1971;0,0;V
22/07/1971;0,0;V
23/07/1971;0,0;V
24/07/1971;0,0;V
25/07/1971;0,0;V
26/07/1971;0,0;V
27/07/1971;0,0;V
28/07/1971;0,0;V
29/07/1971;0,0;V
30/07/1971;0,0;V
31/07/1971;0,0;V
01/08/1971;0,0;V
02/08/1971;0,0;V
03/08/1971;0,0;V
04/08/1971;0,0;V
05/08/1971;0,0;V
06/08/1971;0,0;V
07/08/1971;0,0;V
08/08/1971;0,0;V
09/08/1971;0,0;V
10/08/1971;0,0;V
11/08/1971;0,0;V
12/08/1971;0,0;V
13/08/1971;0,0;V
14/08/1971;0,0;V
15/08/1971;0,0;V
16/08/1971;0,0;V
17/08/1971;0,0;V
18/08/1971;0,0;V
19/08/1971;0,0;V
20/08/1971;0,0;V
21/08/1971;0,0;V
22/08/1971;0,0;V
23/08/1971;0,0;V
24/08/1971;0,0;V
25/08/1971;0,0;V
26/08/1971;0,0;V
27/08/1971;0,0;V
28/08/1971;0,0;V
29/08/1971;0,0;V
30/08/1971;0,0;V
31/08/1971;0,0;V
01/09/1971;0,0;V
02/09/1971;0,0;V
03/09/1971;0,0;V
04/09/1971;0,0;V
05/09/1971;0,0;V
06/09/1971;0,0;V
07/09/1971;0,0;V
08/09/1971;0,0;V
09/09/1971;0,0;V
10/09/1971;0,0;V
11/09/1971;7,5;V
12/09/1971;0,0;V
13/09/1971;13,0;V
14/09/1971;0,0;V
15/09/1971;0,0;V
16/09/1971;0,0;V
17/09/1971;0,0;V
18/09/1971;0,0;V
19/09/1971;0,0;V
20/09/1971;0,0;V
21/09/1971;0,0;V
22/09/1971;0,0;V
23/09/1971;0,0;V
24/09/1971;0,0;V
25/09/1971;0,0;V
26/09/1971;0,0;V
27/09/1971;0,0;V
28/09/1971;2,5;V
29/09/1971;4,0;V
30/09/1971;7,0;V
01/10/1971;0,0;V
02/10/1971;0,0;V
03/10/1971;0,0;V
04/10/1971;0,0;V
05/10/1971;0,0;V
06/10/1971;0,0;V
07/10/1971;0,0;V
08/10/1971;0,0;V
09/10/1971;0,0;V
10/10/1971;0,0;V
11/10/1971;0,0;V
12/10/1971;0,0;V
13/10/1971;0,0;V
14/10/1971;0,0;V
15/10/1971;96,5;V
16/10/1971;0,0;V
17/10/1971;0,0;V
18/10/1971;0,0;V
19/10/1971;0,0;V
20/10/1971;0,0;V
21/10/1971;0,0;V
22/10/1971;0,0;V
23/10/1971;0,0;V
24/10/1971;0,0;V
25/10/1971;0,0;V
26/10/1971;0,0;V
27/10/1971;0,0;V
28/10/1971;0,0;V
29/10/1971;0,0;V
30/10/1971;0,0;V
31/10/1971;0,0;V
01/11/1971;0,0;V
02/11/1971;0,0;V
03/11/1971;0,0;V
04/11/1971;0,0;V
05/11/1971;0,0;V
06/11/1971;0,0;V
07/11/1971;0,0;V
08/11/1971;0,0;V
09/11/1971;0,0;V
10/11/1971;3,5;V
11/11/1971;18,0;V
12/11/1971;9,5;V
13/11/1971;4,0;V
14/11/1971;6,5;V
15/11/1971;0,0;V
16/11/1971;0,0;V
17/11/1971;0,0;V
18/11/1971;0,0;V
19/11/1971;26,5;V
20/11/1971;11,0;V
21/11/1971;0,0;V
22/11/1971;43,0;V
23/11/1971;6,5;V
24/11/1971;7,0;V
25/11/1971;26,0;V
26/11/1971;0,0;V
27/11/1971;0,0;V
28/11/1971;4,0;V
29/11/1971;6,5;V
30/11/1971;0,0;V
01/12/1971;;@
02/12/1971;;@
03/12/1971;;@
04/12/1971;;@
05/12/1971;;@
06/12/1971;;@
07/12/1971;;@
08/12/1971;;@
09/12/1971;;@
10/12/1971;;@
11/12/1971;;@
12/12/1971;;@
13/12/1971;;@
14/12/1971;;@
15/12/1971;;@
16/12/1971;;@
17/12/1971;;@
18/12/1971;;@
19/12/1971;;@
20/12/1971;;@
21/12/1971;;@
22/12/1971;;@
23/12/1971;;@
24/12/1971;;@
25/12/1971;;@
26/12/1971;;@
27/12/1971;;@
28/12/1971;;@
29/12/1971;;@
30/12/1971;;@
31/12/1971;;@
01/01/1972;;@
02/01/1972;;@
03/01/1972;;@
04/01/1972;;@
05/01/1972;;@
06/01/1972;;@
07/01/1972;;@
08/01/1972;;@
09/01/1972;;@
10/01/1972;;@
11/01/1972;;@
12/01/1972;;@
13/01/1972;;@
14/01/1972;;@
15/01/1972;;@
16/01/1972;;@
17/01/1972;;@
18/01/1972;;@
19/01/1972;;@
20/01/1972;;@
21/01/1972;;@
22/01/1972;;@
23/01/1972;;@
24/01/1972;;@
25/01/1972;;@
26/01/1972;;@
27/01/1972;;@
28/01/1972;;@
29/01/1972;;@
30/01/1972;;@
31/01/1972;;@
01/02/1972;;@
02/02/1972;;@
03/02/1972;;@
04/02/1972;;@
05/02/1972;;@
06/02/1972;;@
07/02/1972;;@
08/02/1972;;@
09/02/1972;;@
10/02/1972;;@
11/02/1972;;@
12/02/1972;;@
13/02/1972;;@
14/02/1972;;@
15/02/1972;;@
16/02/1972;;@
17/02/1972;;@
18/02/1972;;@
19/02/1972;;@
20/02/1972;;@
21/02/1972;;@
22/02/1972;;@
23/02/1972;;@
24/02/1972;;@
25/02/1972;;@
26/02/1972;;@
27/02/1972;;@
28/02/1972;;@
29/02/1972;;@
01/03/1972;;@
02/03/1972;;@
03/03/1972;;@
04/03/1972;;@
05/03/1972;;@
06/03/1972;;@
07/03/1972;;@
08/03/1972;;@
09/03/1972;;@
10/03/1972;;@
11/03/1972;;@
12/03/1972;;@
13/03/1972;;@
14/03/1972;;@
15/03/1972;;@
16/03/1972;;@
17/03/1972;;@
18/03/1972;;@
19/03/1972;;@
20/03/1972;;@
21/03/1972;;@
22/03/1972;;@
23/03/1972;;@
24/03/1972;;@
25/03/1972;;@
26/03/1972;;@
27/03/1972;;@
28/03/1972;;@
29/03/1972;;@
30/03/1972;;@
31/03/1972;;@
01/04/1972;;@
02/04/1972;;@
03/04/1972;;@
04/04/1972;;@
05/04/1972;;@
06/04/1972;;@
07/04/1972;;@
08/04/1972;;@
09/04/1972;;@
10/04/1972;;@
11/04/1972;;@
12/04/1972;;@
13/04/1972;;@
14/04/1972;;@
15/04/1972;;@
16/04/1972;;@
17/04/1972;;@
18/04/1972;;@
19/04/1972;;@
20/04/1972;;@
21/04/1972;;@
22/04/1972;;@
23/04/1972;;@
24/04/1972;;@
25/04/1972;;@
26/04/1972;;@
27/04/1972;;@
28/04/1972;;@
29/04/1972;;@
30/04/1972;;@
01/05/1972;;@
02/05/1972;;@
03/05/1972;;@
04/05/1972;;@
05/05/1972;;@
06/05/1972;;@
07/05/1972;;@
08/05/1972;;@
09/05/1972;;@
10/05/1972;;@
11/05/1972;;@
12/05/1972;;@
13/05/1972;;@
14/05/1972;;@
15/05/1972;;@
16/05/1972;;@
17/05/1972;;@
18/05/1972;;@
19/05/1972;;@
20/05/1972;;@
21/05/1972;;@
22/05/1972;;@
23/05/1972;;@
24/05/1972;;@
25/05/1972;;@
26/05/1972;;@
27/05/1972;;@
28/05/1972;;@
29/05/1972;;@
30/05/1972;;@
31/05/1972;;@
01/06/1972;;@
02/06/1972;;@
03/06/1972;;@
04/06/1972;;@
05/06/1972;;@
06/06/1972;;@
07/06/1972;;@
08/06/1972;;@
09/06/1972;;@
10/06/1972;;@
11/06/1972;;@
12/06/1972;;@
13/06/1972;;@
14/06/1972;;@
15/06/1972;;@
16/06/1972;;@
17/06/1972;;@
18/06/1972;;@
19/06/1972;;@
20/06/1972;;@
21/06/1972;;@
22/06/1972;;@
23/06/1972;;@
24/06/1972;;@
25/06/1972;;@
26/06/1972;;@
27/06/1972;;@
28/06/1972;;@
29/06/1972;;@
30/06/1972;;@
01/07/1972;;@
02/07/1972;;@
03/07/1972;;@
04/07/1972;;@
05/07/1972;;@
06/07/1972;;@
07/07/1972;;@
08/07/1972;;@
09/07/1972;;@
10/07/1972;;@
11/07/1972;;@
12/07/1972;;@
13/07/1972;;@
14/07/1972;;@
15/07/1972;;@
16/07/1972;;@
17/07/1972;;@
18/07/1972;;@
19/07/1972;;@
20/07/1972;;@
21/07/1972;;@
22/07/1972;;@
23/07/1972;;@
24/07/1972;;@
25/07/1972;;@
26/07/1972;;@
27/07/1972;;@
28/07/1972;;@
29/07/1972;;@
30/07/1972;;@
31/07/1972;;@
01/08/1972;;@
02/08/1972;;@
03/08/1972;;@
04/08/1972;;@
05/08/1972;;@
06/08/1972;;@
07/08/1972;;@
08/08/1972;;@
09/08/1972;;@
10/08/1972;;@
11/08/1972;;@
12/08/1972;;@
13/08/1972;;@
14/08/1972;;@
15/08/1972;;@
16/08/1972;;@
17/08/1972;;@
18/08/1972;;@
19/08/1972;;@
20/08/1972;;@
21/08/1972;;@
22/08/1972;;@
23/08/1972;;@
24/08/1972;;@
25/08/1972;;@
26/08/1972;;@
27/08/1972;;@
28/08/1972;;@
29/08/1972;;@
30/08/1972;;@
31/08/1972;;@
01/09/1972;;@
02/09/1972;;@
03/09/1972;;@
04/09/1972;;@
05/09/1972;;@
06/09/1972;;@
07/09/1972;;@
08/09/1972;;@
09/09/1972;;@
10/09/1972;;@
11/09/1972;;@
12/09/1972;;@
13/09/1972;;@
14/09/1972;;@
15/09/1972;;@
16/09/1972;;@
17/09/1972;;@
18/09/1972;;@
19/09/1972;;@
20/09/1972;;@
21/09/1972;;@
22/09/1972;;@
23/09/1972;;@
24/09/1972;;@
25/09/1972;;@
26/09/1972;;@
27/09/1972;;@
28/09/1972;;@
29/09/1972;;@
30/09/1972;;@
01/10/1972;;@
02/10/1972;;@
03/10/1972;;@
04/10/1972;;@
05/10/1972;;@
06/10/1972;;@
07/10/1972;;@
08/10/1972;;@
09/10/1972;;@
10/10/1972;;@
11/10/1972;;@
12/10/1972;;@
13/10/1972;;@
14/10/1972;;@
15/10/1972;;@
16/10/1972;;@
17/10/1972;;@
18/10/1972;;@
19/10/1972;;@
20/10/1972;;@
21/10/1972;;@
22/10/1972;;@
23/10/1972;;@
24/10/1972;;@
25/10/1972;;@
26/10/1972;;@
27/10/1972;;@
28/10/1972;;@
29/10/1972;;@
30/10/1972;;@
31/10/1972;;@
01/11/1972;;@
02/11/1972;;@
03/11/1972;;@
04/11/1972;;@
05/11/1972;;@
06/11/1972;;@
07/11/1972;;@
08/11/1972;;@
09/11/1972;;@
10/11/1972;;@
11/11/1972;;@
12/11/1972;;@
13/11/1972;;@
14/11/1972;;@
15/11/1972;;@
16/11/1972;;@
17/11/1972;;@
18/11/1972;;@
19/11/1972;;@
20/11/1972;;@
21/11/1972;;@
22/11/1972;;@
23/11/1972;;@
24/11/1972;;@
25/11/1972;;@
26/11/1972;;@
27/11/1972;;@
28/11/1972;;@
29/11/1972;;@
30/11/1972;;@
01/12/1972;;@
02/12/1972;;@
03/12/1972;;@
04/12/1972;;@
05/12/1972;;@
06/12/1972;;@
07/12/1972;;@
08/12/1972;;@
09/12/1972;;@
10/12/1972;;@
11/12/1972;;@
12/12/1972;;@
13/12/1972;;@
14/12/1972;;@
15/12/1972;;@
16/12/1972;;@
17/12/1972;;@
18/12/1972;;@
19/12/1972;;@
20/12/1972;;@
21/12/1972;;@
22/12/1972;;@
23/12/1972;;@
24/12/1972;;@
25/12/1972;;@
26/12/1972;;@
27/12/1972;;@
28/12/1972;;@
29/12/1972;;@
30/12/1972;;@
31/12/1972;;@
01/01/1974;15,0;V
02/01/1974;0,0;V
03/01/1974;0,0;V
04/01/1974;10,0;V
05/01/1974;0,0;V
06/01/1974;0,0;V
07/01/1974;0,0;V
08/01/1974;0,0;V
09/01/1974;15,0;V
10/01/1974;25,0;V
11/01/1974;0,0;V
12/01/1974;0,0;V
13/01/1974;0,0;V
14/01/1974;0,0;V
15/01/1974;0,0;V
16/01/1974;0,0;V
17/01/1974;0,0;V
18/01/1974;0,0;V
19/01/1974;0,0;V
20/01/1974;0,0;V
21/01/1974;0,0;V
22/01/1974;0,0;V
23/01/1974;0,0;V
24/01/1974;0,0;V
25/01/1974;0,0;V
26/01/1974;0,0;V
27/01/1974;0,0;V
28/01/1974;0,0;V
29/01/1974;0,0;V
30/01/1974;0,0;V
31/01/1974;2,0;V
01/02/1974;25,0;V
02/02/1974;15,0;V
03/02/1974;20,4;V
04/02/1974;0,0;V
05/02/1974;0,0;V
06/02/1974;50,4;V
07/02/1974;0,0;V
08/02/1974;0,0;V
09/02/1974;0,0;V
10/02/1974;0,0;V
11/02/1974;0,0;V
12/02/1974;0,0;V
13/02/1974;10,0;V
14/02/1974;5,0;V
15/02/1974;0,0;V
16/02/1974;0,0;V
17/02/1974;10,0;V
18/02/1974;10,4;V
19/02/1974;0,0;V
20/02/1974;0,0;V
21/02/1974;0,0;V
22/02/1974;0,0;V
23/02/1974;0,0;V
24/02/1974;0,0;V
25/02/1974;0,0;V
26/02/1974;0,0;V
27/02/1974;0,0;V
28/02/1974;0,0;V
01/03/1974;2,0;V
02/03/1974;3,0;V
03/03/1974;0,0;V
04/03/1974;30,0;V
05/03/1974;10,0;V
06/03/1974;0,0;V
07/03/1974;10,0;V
08/03/1974;0,0;V
09/03/1974;0,0;V
10/03/1974;0,0;V
11/03/1974;0,0;V
12/03/1974;0,0;V
13/03/1974;0,0;V
14/03/1974;0,0;V
15/03/1974;0,0;V
16/03/1974;0,0;V
17/03/1974;0,0;V
18/03/1974;0,0;V
19/03/1974;0,0;V
20/03/1974;0,0;V
21/03/1974;0,0;V
22/03/1974;0,0;V
23/03/1974;0,0;V
24/03/1974;0,0;V
25/03/1974;4,0;V
26/03/1974;0,0;V
27/03/1974;2,0;V
28/03/1974;0,0;V
29/03/1974;4,0;V
30/03/1974;4,0;V
31/03/1974;1,0;V
01/04/1974;0,0;V
02/04/1974;0,0;V
03/04/1974;0,0;V
04/04/1974;0,0;V
05/04/1974;12,4;V
06/04/1974;0,0;V
07/04/1974;0,0;V
08/04/1974;0,0;V
09/04/1974;0,0;V
10/04/1974;0,0;V
11/04/1974;2,0;V
12/04/1974;1,0;V
13/04/1974;7,0;V
14/04/1974;0,0;V
15/04/1974;0,0;V
16/04/1974;12,4;V
17/04/1974;0,0;V
18/04/1974;0,0;V
19/04/1974;0,0;V
20/04/1974;0,0;V
21/04/1974;0,0;V
22/04/1974;0,0;V
23/04/1974;2,0;V
24/04/1974;0,0;V
25/04/1974;1,3;V
26/04/1974;3,0;V
27/04/1974;0,0;V
28/04/1974;20,6;V
29/04/1974;25,4;V
30/04/1974;20,0;V
01/05/1974;2,3;V
02/05/1974;2,5;V
03/05/1974;0,0;V
04/05/1974;15,0;V
05/05/1974;15,4;V
06/05/1974;1,5;V
07/05/1974;1,3;V
08/05/1974;5,0;V
09/05/1974;3,0;V
10/05/1974;0,0;V
11/05/1974;0,0;V
12/05/1974;0,0;V
13/05/1974;0,0;V
14/05/1974;0,0;V
15/05/1974;0,0;V
16/05/1974;0,0;V
17/05/1974;0,0;V
18/05/1974;0,0;V
19/05/1974;0,0;V
20/05/1974;0,0;V
21/05/1974;0,0;V
22/05/1974;0,0;V
23/05/1974;0,0;V
24/05/1974;0,0;V
25/05/1974;1,2;V
26/05/1974;0,0;V
27/05/1974;0,0;V
28/05/1974;0,0;V
29/05/1974;0,0;V
30/05/1974;0,0;V
31/05/1974;1,7;V
01/06/1974;0,0;V
02/06/1974;0,0;V
03/06/1974;0,0;V
04/06/1974;0,0;V
05/06/1974;0,0;V
06/06/1974;0,0;V
07/06/1974;0,0;V
08/06/1974;0,0;V
09/06/1974;0,0;V
10/06/1974;0,0;V
11/06/1974;0,0;V
12/06/1974;0,0;V
13/06/1974;0,0;V
14/06/1974;0,0;V
15/06/1974;0,0;V
16/06/1974;0,0;V
17/06/1974;0,0;V
18/06/1974;0,0;V
19/06/1974;0,0;V
20/06/1974;0,0;V
21/06/1974;0,0;V
22/06/1974;0,0;V
23/06/1974;0,0;V
24/06/1974;2,0;V
25/06/1974;0,0;V
26/06/1974;0,0;V
27/06/1974;0,0;V
28/06/1974;0,0;V
29/06/1974;1,0;V
30/06/1974;4,0;V
01/07/1974;0,0;V
02/07/1974;0,0;V
03/07/1974;0,0;V
04/07/1974;0,0;V
05/07/1974;0,0;V
06/07/1974;0,0;V
07/07/1974;0,0;V
08/07/1974;0,0;V
09/07/1974;0,0;V
10/07/1974;0,0;V
11/07/1974;0,0;V
12/07/1974;0,0;V
13/07/1974;0,0;V
14/07/1974;0,0;V
15/07/1974;0,0;V
16/07/1974;0,0;V
17/07/1974;0,0;V
18/07/1974;0,0;V
19/07/1974;0,0;V
20/07/1974;20,2;V
21/07/1974;0,0;V
22/07/1974;0,0;V
23/07/1974;0,0;V
24/07/1974;0,0;V
25/07/1974;0,0;V
26/07/1974;0,0;V
27/07/1974;0,0;V
28/07/1974;0,0;V
29/07/1974;0,0;V
30/07/1974;0,0;V
31/07/1974;0,0;V
01/08/1974;0,0;V
02/08/1974;0,0;V
03/08/1974;0,0;V
04/08/1974;0,0;V
05/08/1974;0,0;V
06/08/1974;0,0;V
07/08/1974;0,0;V
08/08/1974;0,0;V
09/08/1974;0,0;V
10/08/1974;0,0;V
11/08/1974;0,0;V
12/08/1974;0,0;V
13/08/1974;0,0;V
14/08/1974;0,0;V
15/08/1974;0,0;V
16/08/1974;0,0;V
17/08/1974;0,0;V
18/08/1974;0,0;V
19/08/1974;0,0;V
20/08/1974;0,0;V
21/08/1974;0,0;V
22/08/1974;0,0;V
23/08/1974;0,0;V
24/08/1974;15,0;V
25/08/1974;0,0;V
26/08/1974;0,0;V
27/08/1974;0,0;V
28/08/1974;22,8;V
29/08/1974;10,0;V
30/08/1974;0,0;V
31/08/1974;0,0;V
01/09/1974;15,0;V
02/09/1974;0,0;V
03/09/1974;0,0;V
04/09/1974;0,0;V
05/09/1974;0,0;V
06/09/1974;0,0;V
07/09/1974;0,0;V
08/09/1974;0,0;V
09/09/1974;0,0;V
10/09/1974;0,0;V
11/09/1974;0,0;V
12/09/1974;0,0;V
13/09/1974;0,0;V
14/09/1974;0,0;V
15/09/1974;0,0;V
16/09/1974;0,0;V
17/09/1974;0,0;V
18/09/1974;0,0;V
19/09/1974;0,0;V
20/09/1974;28,0;V
21/09/1974;7,0;V
22/09/1974;5,0;V
23/09/1974;0,0;V
24/09/1974;0,0;V
25/09/1974;15,0;V
26/09/1974;5,0;V
27/09/1974;0,0;V
28/09/1974;0,0;V
29/09/1974;15,0;V
30/09/1974;0,0;V
01/10/1974;0,0;V
02/10/1974;12,0;V
03/10/1974;13,0;V
04/10/1974;0,0;V
05/10/1974;5,0;V
06/10/1974;0,0;V
07/10/1974;0,0;V
08/10/1974;6,0;V
09/10/1974;3,0;V
10/10/1974;2,0;V
11/10/1974;3,0;V
12/10/1974;4,0;V
13/10/1974;5,0;V
14/10/1974;0,0;V
15/10/1974;0,0;V
16/10/1974;2,0;V
17/10/1974;6,0;V
18/10/1974;2,0;V
19/10/1974;6,0;V
20/10/1974;43,0;V
21/10/1974;0,0;V
22/10/1974;12,0;V
23/10/1974;0,0;V
24/10/1974;0,0;V
25/10/1974;0,0;V
26/10/1974;0,0;V
27/10/1974;0,0;V
28/10/1974;0,0;V
29/10/1974;5,0;V
30/10/1974;0,0;V
31/10/1974;0,0;V
01/11/1974;0,0;V
02/11/1974;0,0;V
03/11/1974;0,0;V
04/11/1974;0,0;V
05/11/1974;12,0;V
06/11/1974;5,0;V
07/11/1974;0,0;V
08/11/1974;0,0;V
09/11/1974;0,0;V
10/11/1974;0,0;V
11/11/1974;0,0;V
12/11/1974;0,0;V
13/11/1974;0,0;V
14/11/1974;0,0;V
15/11/1974;0,0;V
16/11/1974;0,0;V
17/11/1974;0,0;V
18/11/1974;0,0;V
19/11/1974;12,0;V
20/11/1974;0,0;V
21/11/1974;17,0;V
22/11/1974;0,0;V
23/11/1974;0,0;V
24/11/1974;0,0;V
25/11/1974;0,0;V
26/11/1974;15,0;V
27/11/1974;13,0;V
28/11/1974;1,7;V
29/11/1974;0,6;V
30/11/1974;0,0;V
01/12/1974;0,0;V
02/12/1974;0,0;V
03/12/1974;0,0;V
04/12/1974;0,0;V
05/12/1974;0,0;V
06/12/1974;0,0;V
07/12/1974;0,0;V
08/12/1974;0,0;V
09/12/1974;0,0;V
10/12/1974;0,0;V
11/12/1974;5,0;V
12/12/1974;0,0;V
13/12/1974;0,0;V
14/12/1974;0,0;V
15/12/1974;0,0;V
16/12/1974;0,0;V
17/12/1974;0,0;V
18/12/1974;0,0;V
19/12/1974;0,0;V
20/12/1974;0,0;V
21/12/1974;0,0;V
22/12/1974;0,0;V
23/12/1974;0,0;V
24/12/1974;0,0;V
25/12/1974;3,0;V
26/12/1974;0,0;V
27/12/1974;0,0;V
28/12/1974;0,0;V
29/12/1974;0,0;V
30/12/1974;0,0;V
31/12/1974;0,0;V
01/01/1975;0,0;V
02/01/1975;0,0;V
03/01/1975;0,0;V
04/01/1975;0,0;V
05/01/1975;0,0;V
06/01/1975;0,0;V
07/01/1975;0,0;V
08/01/1975;0,0;V
09/01/1975;0,0;V
10/01/1975;0,0;V
11/01/1975;0,0;V
12/01/1975;0,0;V
13/01/1975;9,0;V
14/01/1975;3,0;V
15/01/1975;0,0;V
16/01/1975;0,0;V
17/01/1975;0,0;V
18/01/1975;11,0;V
19/01/1975;4,0;V
20/01/1975;0,0;V
21/01/1975;9,0;V
22/01/1975;8,0;V
23/01/1975;0,0;V
24/01/1975;7,0;V
25/01/1975;11,0;V
26/01/1975;0,0;V
27/01/1975;0,0;V
28/01/1975;22,0;V
29/01/1975;0,0;V
30/01/1975;0,0;V
31/01/1975;0,0;V
01/02/1975;0,0;V
02/02/1975;7,0;V
03/02/1975;0,0;V
04/02/1975;8,0;V
05/02/1975;0,0;V
06/02/1975;0,0;V
07/02/1975;0,0;V
08/02/1975;0,0;V
09/02/1975;0,0;V
10/02/1975;0,0;V
11/02/1975;0,0;V
12/02/1975;6,0;V
13/02/1975;19,0;V
14/02/1975;6,0;V
15/02/1975;0,0;V
16/02/1975;18,0;V
17/02/1975;4,0;V
18/02/1975;0,0;V
19/02/1975;0,0;V
20/02/1975;0,0;V
21/02/1975;0,0;V
22/02/1975;0,0;V
23/02/1975;0,0;V
24/02/1975;0,0;V
25/02/1975;0,0;V
26/02/1975;0,0;V
27/02/1975;0,0;V
28/02/1975;0,0;V
01/03/1975;0,0;V
02/03/1975;0,0;V
03/03/1975;0,0;V
04/03/1975;9,0;V
05/03/1975;0,0;V
06/03/1975;0,0;V
07/03/1975;0,0;V
08/03/1975;0,0;V
09/03/1975;0,0;V
10/03/1975;17,0;V
11/03/1975;9,0;V
12/03/1975;13,0;V
13/03/1975;0,0;V
14/03/1975;5,0;V
15/03/1975;0,0;V
16/03/1975;0,0;V
17/03/1975;54,0;V
18/03/1975;0,0;V
19/03/1975;15,0;V
20/03/1975;12,0;V
21/03/1975;0,0;V
22/03/1975;0,0;V
23/03/1975;0,0;V
24/03/1975;0,0;V
25/03/1975;0,0;V
26/03/1975;0,0;V
27/03/1975;0,0;V
28/03/1975;8,0;V
29/03/1975;4,0;V
30/03/1975;7,0;V
31/03/1975;9,0;V
01/04/1975;0,0;V
02/04/1975;6,0;V
03/04/1975;8,0;V
04/04/1975;27,0;V
05/04/1975;9,0;V
06/04/1975;5,0;V
07/04/1975;58,0;V
08/04/1975;8,0;V
09/04/1975;0,0;V
10/04/1975;10,0;V
11/04/1975;0,0;V
12/04/1975;0,0;V
13/04/1975;0,0;V
14/04/1975;0,0;V
15/04/1975;0,0;V
16/04/1975;11,0;V
17/04/1975;0,0;V
18/04/1975;0,0;V
19/04/1975;0,0;V
20/04/1975;0,0;V
21/04/1975;0,0;V
22/04/1975;0,0;V
23/04/1975;0,0;V
24/04/1975;0,0;V
25/04/1975;0,0;V
26/04/1975;0,0;V
27/04/1975;0,0;V
28/04/1975;0,0;V
29/04/1975;0,0;V
30/04/1975;0,0;V
01/05/1975;0,0;V
02/05/1975;0,0;V
03/05/1975;0,0;V
04/05/1975;0,0;V
05/05/1975;13,0;V
06/05/1975;9,0;V
07/05/1975;11,0;V
08/05/1975;7,0;V
09/05/1975;8,0;V
10/05/1975;0,0;V
11/05/1975;0,0;V
12/05/1975;5,0;V
13/05/1975;7,0;V
14/05/1975;0,0;V
15/05/1975;0,0;V
16/05/1975;0,0;V
17/05/1975;0,0;V
18/05/1975;0,0;V
19/05/1975;0,0;V
20/05/1975;0,0;V
21/05/1975;0,0;V
22/05/1975;0,0;V
23/05/1975;0,0;V
24/05/1975;7,0;V
25/05/1975;12,0;V
26/05/1975;0,0;V
27/05/1975;11,0;V
28/05/1975;0,0;V
29/05/1975;0,0;V
30/05/1975;0,0;V
31/05/1975;0,0;V
01/06/1975;0,0;V
02/06/1975;10,0;V
03/06/1975;0,0;V
04/06/1975;0,0;V
05/06/1975;0,0;V
06/06/1975;0,0;V
07/06/1975;0,0;V
08/06/1975;0,0;V
09/06/1975;0,0;V
10/06/1975;52,0;V
11/06/1975;7,0;V
12/06/1975;13,0;V
13/06/1975;0,0;V
14/06/1975;0,0;V
15/06/1975;0,0;V
16/06/1975;0,0;V
17/06/1975;0,0;V
18/06/1975;0,0;V
19/06/1975;0,0;V
20/06/1975;0,0;V
21/06/1975;0,0;V
22/06/1975;0,0;V
23/06/1975;0,0;V
24/06/1975;0,0;V
25/06/1975;0,0;V
26/06/1975;0,0;V
27/06/1975;0,0;V
28/06/1975;0,0;V
29/06/1975;0,0;V
30/06/1975;0,0;V
01/07/1975;0,0;V
02/07/1975;0,0;V
03/07/1975;0,0;V
04/07/1975;0,0;V
05/07/1975;0,0;V
06/07/1975;2,0;V
07/07/1975;0,0;V
08/07/1975;0,0;V
09/07/1975;0,0;V
10/07/1975;0,0;V
11/07/1975;0,0;V
12/07/1975;0,0;V
13/07/1975;0,0;V
14/07/1975;0,0;V
15/07/1975;0,0;V
16/07/1975;0,0;V
17/07/1975;0,0;V
18/07/1975;0,0;V
19/07/1975;0,0;V
20/07/1975;0,0;V
21/07/1975;0,0;V
22/07/1975;0,0;V
23/07/1975;0,0;V
24/07/1975;0,0;V
25/07/1975;0,0;V
26/07/1975;0,0;V
27/07/1975;0,0;V
28/07/1975;0,0;V
29/07/1975;0,0;V
30/07/1975;0,0;V
31/07/1975;0,0;V
01/08/1975;0,0;V
02/08/1975;0,0;V
03/08/1975;0,0;V
04/08/1975;0,0;V
05/08/1975;0,0;V
06/08/1975;0,0;V
07/08/1975;0,0;V
08/08/1975;0,0;V
09/08/1975;0,0;V
10/08/1975;0,0;V
11/08/1975;0,0;V
12/08/1975;21,0;V
13/08/1975;0,0;V
14/08/1975;0,0;V
15/08/1975;0,0;V
16/08/1975;3,0;V
17/08/1975;4,0;V
18/08/1975;0,0;V
19/08/1975;0,0;V
20/08/1975;0,0;V
21/08/1975;0,0;V
22/08/1975;0,0;V
23/08/1975;0,0;V
24/08/1975;29,0;V
25/08/1975;19,0;V
26/08/1975;9,0;V
27/08/1975;7,0;V
28/08/1975;0,0;V
29/08/1975;0,0;V
30/08/1975;7,0;V
31/08/1975;0,0;V
01/09/1975;0,0;V
02/09/1975;0,4;V
03/09/1975;14,0;V
04/09/1975;0,0;V
05/09/1975;0,0;V
06/09/1975;0,0;V
07/09/1975;0,6;V
08/09/1975;0,9;V
09/09/1975;0,0;V
10/09/1975;0,0;V
11/09/1975;19,0;V
12/09/1975;0,0;V
13/09/1975;0,0;V
14/09/1975;0,0;V
15/09/1975;0,0;V
16/09/1975;0,0;V
17/09/1975;0,0;V
18/09/1975;0,0;V
19/09/1975;0,0;V
20/09/1975;0,0;V
21/09/1975;0,0;V
22/09/1975;0,0;V
23/09/1975;0,0;V
24/09/1975;0,0;V
25/09/1975;0,0;V
26/09/1975;9,0;V
27/09/1975;0,0;V
28/09/1975;0,0;V
29/09/1975;0,0;V
30/09/1975;0,0;V
01/10/1975;0,0;V
02/10/1975;6,0;V
03/10/1975;0,0;V
04/10/1975;0,0;V
05/10/1975;0,0;V
06/10/1975;0,0;V
07/10/1975;0,0;V
08/10/1975;0,0;V
09/10/1975;0,0;V
10/10/1975;1,2;V
11/10/1975;0,0;V
12/10/1975;12,0;V
13/10/1975;22,0;V
14/10/1975;12,0;V
15/10/1975;0,0;V
16/10/1975;28,0;V
17/10/1975;32,0;V
18/10/1975;8,0;V
19/10/1975;0,0;V
20/10/1975;0,0;V
21/10/1975;0,0;V
22/10/1975;0,0;V
23/10/1975;0,0;V
24/10/1975;0,0;V
25/10/1975;0,0;V
26/10/1975;0,0;V
27/10/1975;0,0;V
28/10/1975;0,0;V
29/10/1975;0,0;V
30/10/1975;0,0;V
31/10/1975;0,2;V
01/11/1975;0,0;V
02/11/1975;5,0;V
03/11/1975;28,0;V
04/11/1975;0,0;V
05/11/1975;0,0;V
06/11/1975;0,0;V
07/11/1975;0,0;V
08/11/1975;0,0;V
09/11/1975;0,0;V
10/11/1975;12,0;V
11/11/1975;0,0;V
12/11/1975;0,0;V
13/11/1975;8,0;V
14/11/1975;35,0;V
15/11/1975;0,0;V
16/11/1975;0,0;V
17/11/1975;26,0;V
18/11/1975;10,0;V
19/11/1975;2,6;V
20/11/1975;0,0;V
21/11/1975;0,0;V
22/11/1975;0,0;V
23/11/1975;0,0;V
24/11/1975;0,0;V
25/11/1975;0,0;V
26/11/1975;0,0;V
27/11/1975;0,0;V
28/11/1975;0,0;V
29/11/1975;0,0;V
30/11/1975;8,0;V
01/12/1975;15,0;V
02/12/1975;0,0;V
03/12/1975;0,0;V
04/12/1975;0,0;V
05/12/1975;0,0;V
06/12/1975;0,0;V
07/12/1975;0,0;V
08/12/1975;0,0;V
09/12/1975;0,0;V
10/12/1975;0,0;V
11/12/1975;0,0;V
12/12/1975;0,0;V
13/12/1975;0,0;V
14/12/1975;9,0;V
15/12/1975;15,0;V
16/12/1975;63,0;V
17/12/1975;28,0;V
18/12/1975;0,0;V
19/12/1975;0,0;V
20/12/1975;0,0;V
21/12/1975;0,0;V
22/12/1975;0,0;V
23/12/1975;0,0;V
24/12/1975;0,0;V
25/12/1975;0,0;V
26/12/1975;0,0;V
27/12/1975;0,0;V
28/12/1975;0,0;V
29/12/1975;0,0;V
30/12/1975;0,0;V
31/12/1975;0,0;V
01/01/1976;0,0;V
02/01/1976;0,0;V
03/01/1976;0,0;V
04/01/1976;0,0;V
05/01/1976;0,0;V
06/01/1976;0,0;V
07/01/1976;0,0;V
08/01/1976;0,0;V
09/01/1976;0,0;V
10/01/1976;0,0;V
11/01/1976;0,0;V
12/01/1976;0,0;V
13/01/1976;0,0;V
14/01/1976;0,0;V
15/01/1976;0,0;V
16/01/1976;0,0;V
17/01/1976;0,0;V
18/01/1976;0,0;V
19/01/1976;0,0;V
20/01/1976;0,0;V
21/01/1976;0,0;V
22/01/1976;0,0;V
23/01/1976;0,0;V
24/01/1976;1,5;V
25/01/1976;1,8;V
26/01/1976;0,0;V
27/01/1976;0,0;V
28/01/1976;0,0;V
29/01/1976;0,0;V
30/01/1976;15,0;V
31/01/1976;40,0;V
01/02/1976;0,0;V
02/02/1976;16,4;V
03/02/1976;0,0;V
04/02/1976;0,0;V
05/02/1976;0,0;V
06/02/1976;0,0;V
07/02/1976;0,0;V
08/02/1976;0,0;V
09/02/1976;0,0;V
10/02/1976;0,0;V
11/02/1976;0,0;V
12/02/1976;5,0;V
13/02/1976;0,0;V
14/02/1976;0,0;V
15/02/1976;11,0;V
16/02/1976;0,0;V
17/02/1976;0,0;V
18/02/1976;0,0;V
19/02/1976;0,0;V
20/02/1976;0,0;V
21/02/1976;0,0;V
22/02/1976;0,0;V
23/02/1976;0,0;V
24/02/1976;0,0;V
25/02/1976;0,0;V
26/02/1976;0,0;V
27/02/1976;0,0;V
28/02/1976;0,0;V
29/02/1976;0,0;V
01/03/1976;0,0;V
02/03/1976;0,0;V
03/03/1976;0,0;V
04/03/1976;0,0;V
05/03/1976;0,0;V
06/03/1976;0,0;V
07/03/1976;0,0;V
08/03/1976;0,0;V
09/03/1976;27,0;V
10/03/1976;11,0;V
11/03/1976;0,0;V
12/03/1976;0,0;V
13/03/1976;0,0;V
14/03/1976;13,0;V
15/03/1976;0,0;V
16/03/1976;0,0;V
17/03/1976;0,0;V
18/03/1976;0,0;V
19/03/1976;0,0;V
20/03/1976;0,0;V
21/03/1976;0,0;V
22/03/1976;0,0;V
23/03/1976;19,0;V
24/03/1976;0,0;V
25/03/1976;0,0;V
26/03/1976;0,0;V
27/03/1976;0,0;V
28/03/1976;0,0;V
29/03/1976;0,0;V
30/03/1976;0,0;V
31/03/1976;0,0;V
01/04/1976;0,0;V
02/04/1976;0,0;V
03/04/1976;0,0;V
04/04/1976;0,0;V
05/04/1976;0,0;V
06/04/1976;0,0;V
07/04/1976;0,0;V
08/04/1976;12,7;V
09/04/1976;0,0;V
10/04/1976;0,0;V
11/04/1976;0,0;V
12/04/1976;0,0;V
13/04/1976;0,0;V
14/04/1976;0,0;V
15/04/1976;0,0;V
16/04/1976;0,0;V
17/04/1976;0,0;V
18/04/1976;0,0;V
19/04/1976;0,0;V
20/04/1976;0,0;V
21/04/1976;0,0;V
22/04/1976;0,0;V
23/04/1976;0,0;V
24/04/1976;29,0;V
25/04/1976;16,0;V
26/04/1976;18,0;V
27/04/1976;0,0;V
28/04/1976;0,0;V
29/04/1976;28,0;V
30/04/1976;2,3;V
01/05/1976;0,0;V
02/05/1976;0,0;V
03/05/1976;0,0;V
04/05/1976;0,0;V
05/05/1976;0,0;V
06/05/1976;0,0;V
07/05/1976;0,0;V
08/05/1976;0,0;V
09/05/1976;29,0;V
10/05/1976;0,0;V
11/05/1976;0,8;V
12/05/1976;0,0;V
13/05/1976;0,0;V
14/05/1976;0,0;V
15/05/1976;0,0;V
16/05/1976;0,0;V
17/05/1976;0,0;V
18/05/1976;0,0;V
19/05/1976;0,0;V
20/05/1976;0,0;V
21/05/1976;0,0;V
22/05/1976;0,0;V
23/05/1976;0,0;V
24/05/1976;0,0;V
25/05/1976;0,0;V
26/05/1976;0,0;V
27/05/1976;0,0;V
28/05/1976;0,0;V
29/05/1976;0,0;V
30/05/1976;0,0;V
31/05/1976;0,0;V
01/06/1976;0,0;V
02/06/1976;0,0;V
03/06/1976;0,0;V
04/06/1976;0,0;V
05/06/1976;5,0;V
06/06/1976;4,0;V
07/06/1976;1,0;V
08/06/1976;0,0;V
09/06/1976;0,0;V
10/06/1976;0,0;V
11/06/1976;0,0;V
12/06/1976;0,0;V
13/06/1976;0,0;V
14/06/1976;0,0;V
15/06/1976;0,0;V
16/06/1976;0,0;V
17/06/1976;0,0;V
18/06/1976;0,0;V
19/06/1976;0,0;V
20/06/1976;0,0;V
21/06/1976;0,0;V
22/06/1976;0,0;V
23/06/1976;0,0;V
24/06/1976;0,0;V
25/06/1976;0,0;V
26/06/1976;0,0;V
27/06/1976;0,0;V
28/06/1976;0,0;V
29/06/1976;0,0;V
30/06/1976;0,0;V
01/07/1976;0,0;V
02/07/1976;0,0;V
03/07/1976;0,0;V
04/07/1976;0,0;V
05/07/1976;0,0;V
06/07/1976;0,0;V
07/07/1976;0,0;V
08/07/1976;13,0;V
09/07/1976;0,0;V
10/07/1976;0,0;V
11/07/1976;0,0;V
12/07/1976;0,0;V
13/07/1976;0,0;V
14/07/1976;38,0;V
15/07/1976;0,0;V
16/07/1976;0,0;V
17/07/1976;0,0;V
18/07/1976;0,0;V
19/07/1976;1,8;V
20/07/1976;13,0;V
21/07/1976;8,0;V
22/07/1976;6,0;V
23/07/1976;9,0;V
24/07/1976;28,0;V
25/07/1976;0,0;V
26/07/1976;0,0;V
27/07/1976;11,0;V
28/07/1976;10,0;V
29/07/1976;0,0;V
30/07/1976;0,0;V
31/07/1976;0,0;V
01/08/1976;0,0;V
02/08/1976;17,0;V
03/08/1976;0,0;V
04/08/1976;0,0;V
05/08/1976;0,0;V
06/08/1976;0,0;V
07/08/1976;0,0;V
08/08/1976;0,0;V
09/08/1976;0,0;V
10/08/1976;0,0;V
11/08/1976;17,0;V
12/08/1976;13,0;V
13/08/1976;0,0;V
14/08/1976;7,0;V
15/08/1976;0,0;V
16/08/1976;14,0;V
17/08/1976;29,0;V
18/08/1976;9,0;V
19/08/1976;0,0;V
20/08/1976;0,0;V
21/08/1976;0,0;V
22/08/1976;0,0;V
23/08/1976;0,0;V
24/08/1976;0,0;V
25/08/1976;0,0;V
26/08/1976;0,0;V
27/08/1976;0,0;V
28/08/1976;15,0;V
29/08/1976;17,0;V
30/08/1976;12,0;V
31/08/1976;9,0;V
01/09/1976;58,0;V
02/09/1976;15,0;V
03/09/1976;0,0;V
04/09/1976;19,0;V
05/09/1976;0,8;V
06/09/1976;0,0;V
07/09/1976;0,0;V
08/09/1976;0,0;V
09/09/1976;0,0;V
10/09/1976;0,0;V
11/09/1976;16,0;V
12/09/1976;0,0;V
13/09/1976;8,0;V
14/09/1976;31,0;V
15/09/1976;9,0;V
16/09/1976;9,0;V
17/09/1976;49,0;V
18/09/1976;0,0;V
19/09/1976;0,0;V
20/09/1976;0,0;V
21/09/1976;0,0;V
22/09/1976;0,0;V
23/09/1976;0,0;V
24/09/1976;0,0;V
25/09/1976;0,0;V
26/09/1976;0,0;V
27/09/1976;0,0;V
28/09/1976;0,0;V
29/09/1976;0,0;V
30/09/1976;5,0;V
01/10/1976;10,0;V
02/10/1976;17,0;V
03/10/1976;0,0;V
04/10/1976;37,0;V
05/10/1976;19,0;V
06/10/1976;0,0;V
07/10/1976;0,0;V
08/10/1976;0,0;V
09/10/1976;0,0;V
10/10/1976;0,0;V
11/10/1976;0,0;V
12/10/1976;46,0;V
13/10/1976;29,0;V
14/10/1976;9,0;V
15/10/1976;24,0;V
16/10/1976;0,0;V
17/10/1976;0,0;V
18/10/1976;0,0;V
19/10/1976;14,0;V
20/10/1976;0,0;V
21/10/1976;0,0;V
22/10/1976;0,0;V
23/10/1976;0,0;V
24/10/1976;0,0;V
25/10/1976;0,0;V
26/10/1976;0,0;V
27/10/1976;0,0;V
28/10/1976;2,5;V
29/10/1976;9,0;V
30/10/1976;17,0;V
31/10/1976;26,0;V
01/11/1976;26,0;V
02/11/1976;0,0;V
03/11/1976;28,0;V
04/11/1976;16,0;V
05/11/1976;9,0;V
06/11/1976;0,0;V
07/11/1976;0,0;V
08/11/1976;22,0;V
09/11/1976;0,0;V
10/11/1976;0,0;V
11/11/1976;15,0;V
12/11/1976;12,0;V
13/11/1976;16,0;V
14/11/1976;13,0;V
15/11/1976;0,0;V
16/11/1976;0,0;V
17/11/1976;0,0;V
18/11/1976;0,0;V
19/11/1976;0,0;V
20/11/1976;0,0;V
21/11/1976;8,0;V
22/11/1976;0,0;V
23/11/1976;0,0;V
24/11/1976;0,0;V
25/11/1976;0,0;V
26/11/1976;0,0;V
27/11/1976;0,0;V
28/11/1976;0,0;V
29/11/1976;0,0;V
30/11/1976;9,0;V
01/12/1976;9,0;V
02/12/1976;39,0;V
03/12/1976;14,0;V
04/12/1976;18,0;V
05/12/1976;13,0;V
06/12/1976;14,0;V
07/12/1976;39,0;V
08/12/1976;4,0;V
09/12/1976;0,0;V
10/12/1976;12,0;V
11/12/1976;16,0;V
12/12/1976;0,0;V
13/12/1976;0,0;V
14/12/1976;0,0;V
15/12/1976;17,0;V
16/12/1976;12,0;V
17/12/1976;8,0;V
18/12/1976;48,0;V
19/12/1976;16,0;V
20/12/1976;18,0;V
21/12/1976;0,0;V
22/12/1976;0,0;V
23/12/1976;0,0;V
24/12/1976;0,0;V
25/12/1976;0,0;V
26/12/1976;0,0;V
27/12/1976;0,0;V
28/12/1976;0,0;V
29/12/1976;27,0;V
30/12/1976;8,0;V
31/12/1976;0,0;V
01/01/1977;0,0;V
02/01/1977;45,0;V
03/01/1977;0,0;V
04/01/1977;16,0;V
05/01/1977;41,0;V
06/01/1977;12,0;V
07/01/1977;0,0;V
08/01/1977;0,0;V
09/01/1977;0,0;V
10/01/1977;0,0;V
11/01/1977;16,0;V
12/01/1977;18,0;V
13/01/1977;4,0;V
14/01/1977;0,0;V
15/01/1977;14,0;V
16/01/1977;0,0;V
17/01/1977;0,0;V
18/01/1977;0,0;V
19/01/1977;0,0;V
20/01/1977;9,0;V
21/01/1977;13,0;V
22/01/1977;8,0;V
23/01/1977;0,0;V
24/01/1977;0,0;V
25/01/1977;0,0;V
26/01/1977;0,0;V
27/01/1977;18,0;V
28/01/1977;0,0;V
29/01/1977;57,0;V
30/01/1977;18,0;V
31/01/1977;16,0;V
01/02/1977;2,2;V
02/02/1977;0,0;V
03/02/1977;0,0;V
04/02/1977;0,0;V
05/02/1977;0,0;V
06/02/1977;0,9;V
07/02/1977;1,5;V
08/02/1977;0,0;V
09/02/1977;0,0;V
10/02/1977;1,8;V
11/02/1977;16,0;V
12/02/1977;1,9;V
13/02/1977;22,0;V
14/02/1977;0,0;V
15/02/1977;1,7;V
16/02/1977;14,0;V
17/02/1977;1,0;V
18/02/1977;1,3;V
19/02/1977;1,8;V
20/02/1977;0,0;V
21/02/1977;37,0;V
22/02/1977;9,0;V
23/02/1977;1,3;V
24/02/1977;0,0;V
25/02/1977;2,6;V
26/02/1977;1,5;V
27/02/1977;9,0;V
28/02/1977;0,0;V
01/03/1977;0,0;V
02/03/1977;0,0;V
03/03/1977;0,0;V
04/03/1977;0,0;V
05/03/1977;0,0;V
06/03/1977;0,0;V
07/03/1977;0,0;V
08/03/1977;0,0;V
09/03/1977;0,0;V
10/03/1977;0,0;V
11/03/1977;0,0;V
12/03/1977;13,0;V
13/03/1977;39,0;V
14/03/1977;0,0;V
15/03/1977;14,0;V
16/03/1977;0,0;V
17/03/1977;0,0;V
18/03/1977;0,0;V
19/03/1977;2,7;V
20/03/1977;2,1;V
21/03/1977;18,0;V
22/03/1977;2,7;V
23/03/1977;0,0;V
24/03/1977;0,0;V
25/03/1977;2,8;V
26/03/1977;0,0;V
27/03/1977;0,0;V
28/03/1977;0,0;V
29/03/1977;4,2;V
30/03/1977;3,6;V
31/03/1977;2,5;V
01/04/1977;0,8;V
02/04/1977;0,0;V
03/04/1977;0,2;V
04/04/1977;0,0;V
05/04/1977;0,5;V
06/04/1977;0,0;V
07/04/1977;0,0;V
08/04/1977;0,0;V
09/04/1977;0,0;V
10/04/1977;6,0;V
11/04/1977;0,0;V
12/04/1977;0,0;V
13/04/1977;0,0;V
14/04/1977;0,0;V
15/04/1977;3,8;V
16/04/1977;0,0;V
17/04/1977;0,0;V
18/04/1977;0,0;V
19/04/1977;0,0;V
20/04/1977;1,2;V
21/04/1977;0,0;V
22/04/1977;0,0;V
23/04/1977;0,0;V
24/04/1977;0,0;V
25/04/1977;0,0;V
26/04/1977;0,0;V
27/04/1977;0,0;V
28/04/1977;0,0;V
29/04/1977;0,0;V
30/04/1977;0,0;V
01/05/1977;4,6;V
02/05/1977;6,5;V
03/05/1977;0,0;V
04/05/1977;4,3;V
05/05/1977;0,0;V
06/05/1977;0,0;V
07/05/1977;0,0;V
08/05/1977;4,0;V
09/05/1977;15,0;V
10/05/1977;0,5;V
11/05/1977;0,0;V
12/05/1977;0,0;V
13/05/1977;0,0;V
14/05/1977;16,0;V
15/05/1977;19,8;V
16/05/1977;0,1;V
17/05/1977;9,0;V
18/05/1977;9,2;V
19/05/1977;0,1;V
20/05/1977;6,5;V
21/05/1977;0,0;V
22/05/1977;0,0;V
23/05/1977;0,0;V
24/05/1977;0,0;V
25/05/1977;0,0;V
26/05/1977;0,0;V
27/05/1977;7,0;V
28/05/1977;0,0;V
29/05/1977;0,0;V
30/05/1977;0,0;V
31/05/1977;0,0;V
01/06/1977;0,0;V
02/06/1977;0,0;V
03/06/1977;0,0;V
04/06/1977;0,0;V
05/06/1977;0,0;V
06/06/1977;1,3;V
07/06/1977;0,0;V
08/06/1977;0,0;V
09/06/1977;0,0;V
10/06/1977;0,0;V
11/06/1977;0,0;V
12/06/1977;0,0;V
13/06/1977;0,0;V
14/06/1977;0,0;V
15/06/1977;0,0;V
16/06/1977;6,1;V
17/06/1977;0,0;V
18/06/1977;0,0;V
19/06/1977;0,0;V
20/06/1977;0,2;V
21/06/1977;0,0;V
22/06/1977;14,1;V
23/06/1977;0,0;V
24/06/1977;0,0;V
25/06/1977;0,0;V
26/06/1977;28,0;V
27/06/1977;1,4;V
28/06/1977;0,0;V
29/06/1977;0,0;V
30/06/1977;0,8;V
01/07/1977;0,0;V
02/07/1977;0,0;V
03/07/1977;0,0;V
04/07/1977;0,0;V
05/07/1977;0,0;V
06/07/1977;0,0;V
07/07/1977;0,0;V
08/07/1977;0,0;V
09/07/1977;0,0;V
10/07/1977;0,0;V
11/07/1977;0,0;V
12/07/1977;0,0;V
13/07/1977;0,0;V
14/07/1977;0,0;V
15/07/1977;4,2;V
16/07/1977;0,0;V
17/07/1977;0,0;V
18/07/1977;0,0;V
19/07/1977;0,0;V
20/07/1977;0,0;V
21/07/1977;0,0;V
22/07/1977;2,7;V
23/07/1977;0,0;V
24/07/1977;0,0;V
25/07/1977;0,0;V
26/07/1977;2,2;V
27/07/1977;0,0;V
28/07/1977;0,0;V
29/07/1977;0,0;V
30/07/1977;3,5;V
31/07/1977;25,4;V
01/08/1977;4,2;V
02/08/1977;0,5;V
03/08/1977;0,0;V
04/08/1977;0,0;V
05/08/1977;1,5;V
06/08/1977;4,0;V
07/08/1977;0,0;V
08/08/1977;0,0;V
09/08/1977;0,0;V
10/08/1977;0,0;V
11/08/1977;0,0;V
12/08/1977;0,0;V
13/08/1977;0,0;V
14/08/1977;0,0;V
15/08/1977;0,0;V
16/08/1977;0,0;V
17/08/1977;0,0;V
18/08/1977;0,0;V
19/08/1977;26,8;V
20/08/1977;0,0;V
21/08/1977;42,3;V
22/08/1977;22,4;V
23/08/1977;0,5;V
24/08/1977;0,3;V
25/08/1977;0,0;V
26/08/1977;0,0;V
27/08/1977;0,0;V
28/08/1977;12,4;V
29/08/1977;8,4;V
30/08/1977;0,0;V
31/08/1977;5,0;V
01/09/1977;0,0;V
02/09/1977;14,0;V
03/09/1977;2,8;V
04/09/1977;0,0;V
05/09/1977;0,0;V
06/09/1977;3,7;V
07/09/1977;0,0;V
08/09/1977;0,0;V
09/09/1977;0,0;V
10/09/1977;0,0;V
11/09/1977;0,0;V
12/09/1977;0,0;V
13/09/1977;0,0;V
14/09/1977;0,0;V
15/09/1977;0,0;V
16/09/1977;0,0;V
17/09/1977;1,5;V
18/09/1977;0,0;V
19/09/1977;0,0;V
20/09/1977;0,0;V
21/09/1977;7,1;V
22/09/1977;5,0;V
23/09/1977;4,0;V
24/09/1977;0,0;V
25/09/1977;0,0;V
26/09/1977;0,0;V
27/09/1977;0,0;V
28/09/1977;0,0;V
29/09/1977;0,0;V
30/09/1977;0,0;V
01/10/1977;0,0;V
02/10/1977;0,0;V
03/10/1977;0,0;V
04/10/1977;0,0;V
05/10/1977;0,0;V
06/10/1977;0,0;V
07/10/1977;0,0;V
08/10/1977;12,5;V
09/10/1977;5,0;V
10/10/1977;15,5;V
11/10/1977;7,0;V
12/10/1977;0,0;V
13/10/1977;0,0;V
14/10/1977;0,0;V
15/10/1977;0,0;V
16/10/1977;0,0;V
17/10/1977;0,0;V
18/10/1977;0,0;V
19/10/1977;0,0;V
20/10/1977;0,0;V
21/10/1977;0,0;V
22/10/1977;0,1;V
23/10/1977;0,0;V
24/10/1977;0,0;V
25/10/1977;0,0;V
26/10/1977;0,0;V
27/10/1977;0,0;V
28/10/1977;4,0;V
29/10/1977;1,5;V
30/10/1977;0,0;V
31/10/1977;0,0;V
01/11/1977;32,0;V
02/11/1977;1,2;V
03/11/1977;0,0;V
04/11/1977;0,0;V
05/11/1977;0,1;V
06/11/1977;0,0;V
07/11/1977;0,0;V
08/11/1977;0,0;V
09/11/1977;0,0;V
10/11/1977;0,0;V
11/11/1977;0,0;V
12/11/1977;0,0;V
13/11/1977;4,1;V
14/11/1977;5,2;V
15/11/1977;2,4;V
16/11/1977;0,0;V
17/11/1977;10,0;V
18/11/1977;0,3;V
19/11/1977;0,0;V
20/11/1977;0,0;V
21/11/1977;0,0;V
22/11/1977;10,1;V
23/11/1977;0,0;V
24/11/1977;0,0;V
25/11/1977;0,0;V
26/11/1977;29,1;V
27/11/1977;0,0;V
28/11/1977;0,0;V
29/11/1977;0,0;V
30/11/1977;10,0;V
01/12/1977;0,0;V
02/12/1977;7,3;V
03/12/1977;0,0;V
04/12/1977;0,0;V
05/12/1977;0,0;V
06/12/1977;0,0;V
07/12/1977;15,1;V
08/12/1977;3,0;V
09/12/1977;10,8;V
10/12/1977;10,6;V
11/12/1977;0,0;V
12/12/1977;0,0;V
13/12/1977;0,0;V
14/12/1977;1,9;V
15/12/1977;0,0;V
16/12/1977;0,0;V
17/12/1977;0,0;V
18/12/1977;0,0;V
19/12/1977;0,0;V
20/12/1977;0,0;V
21/12/1977;0,0;V
22/12/1977;0,0;V
23/12/1977;0,9;V
24/12/1977;5,0;V
25/12/1977;8,0;V
26/12/1977;0,0;V
27/12/1977;0,0;V
28/12/1977;17,1;V
29/12/1977;2,1;V
30/12/1977;0,0;V
31/12/1977;0,0;V
01/01/1978;0,0;V
02/01/1978;0,0;V
03/01/1978;40,2;V
04/01/1978;8,0;V
05/01/1978;0,0;V
06/01/1978;0,0;V
07/01/1978;0,0;V
08/01/1978;0,0;V
09/01/1978;0,0;V
10/01/1978;0,0;V
11/01/1978;5,0;V
12/01/1978;11,2;V
13/01/1978;25,0;V
14/01/1978;0,0;V
15/01/1978;2,7;V
16/01/1978;0,0;V
17/01/1978;0,0;V
18/01/1978;3,5;V
19/01/1978;1,3;V
20/01/1978;1,1;V
21/01/1978;2,6;V
22/01/1978;0,1;V
23/01/1978;0,0;V
24/01/1978;0,0;V
25/01/1978;33,4;V
26/01/1978;0,1;V
27/01/1978;0,0;V
28/01/1978;0,0;V
29/01/1978;7,7;V
30/01/1978;3,9;V
31/01/1978;0,0;V
01/02/1978;0,0;V
02/02/1978;6,0;V
03/02/1978;0,0;V
04/02/1978;0,0;V
05/02/1978;0,0;V
06/02/1978;0,0;V
07/02/1978;0,0;V
08/02/1978;0,0;V
09/02/1978;0,0;V
10/02/1978;9,2;V
11/02/1978;16,0;V
12/02/1978;5,1;V
13/02/1978;0,0;V
14/02/1978;0,0;V
15/02/1978;0,0;V
16/02/1978;0,0;V
17/02/1978;6,9;V
18/02/1978;0,0;V
19/02/1978;1,5;V
20/02/1978;0,5;V
21/02/1978;0,0;V
22/02/1978;0,6;V
23/02/1978;0,0;V
24/02/1978;0,0;V
25/02/1978;2,1;V
26/02/1978;20,2;V
27/02/1978;11,2;V
28/02/1978;13,0;V
01/03/1978;0,0;V
02/03/1978;0,0;V
03/03/1978;0,0;V
04/03/1978;0,0;V
05/03/1978;7,0;V
06/03/1978;0,0;V
07/03/1978;2,0;V
08/03/1978;0,0;V
09/03/1978;0,0;V
10/03/1978;0,0;V
11/03/1978;0,0;V
12/03/1978;0,0;V
13/03/1978;0,0;V
14/03/1978;21,5;V
15/03/1978;1,1;V
16/03/1978;11,4;V
17/03/1978;2,5;V
18/03/1978;0,1;V
19/03/1978;0,0;V
20/03/1978;0,0;V
21/03/1978;8,5;V
22/03/1978;0,4;V
23/03/1978;0,0;V
24/03/1978;20,5;V
25/03/1978;1,8;V
26/03/1978;0,0;V
27/03/1978;6,0;V
28/03/1978;0,0;V
29/03/1978;0,0;V
30/03/1978;0,0;V
31/03/1978;6,1;V
01/04/1978;10,9;V
02/04/1978;2,2;V
03/04/1978;0,0;V
04/04/1978;0,0;V
05/04/1978;0,4;V
06/04/1978;0,5;V
07/04/1978;0,0;V
08/04/1978;0,0;V
09/04/1978;0,0;V
10/04/1978;0,0;V
11/04/1978;13,9;V
12/04/1978;54,5;V
13/04/1978;18,8;V
14/04/1978;5,5;V
15/04/1978;26,0;V
16/04/1978;0,5;V
17/04/1978;0,0;V
18/04/1978;0,0;V
19/04/1978;0,0;V
20/04/1978;0,0;V
21/04/1978;0,0;V
22/04/1978;0,2;V
23/04/1978;0,0;V
24/04/1978;3,0;V
25/04/1978;3,2;V
26/04/1978;0,0;V
27/04/1978;41,5;V
28/04/1978;1,8;V
29/04/1978;0,0;V
30/04/1978;0,0;V
01/05/1978;6,8;V
02/05/1978;0,0;V
03/05/1978;0,0;V
04/05/1978;0,0;V
05/05/1978;0,0;V
06/05/1978;2,2;V
07/05/1978;10,0;V
08/05/1978;0,3;V
09/05/1978;0,0;V
10/05/1978;0,0;V
11/05/1978;3,5;V
12/05/1978;2,2;V
13/05/1978;0,9;V
14/05/1978;0,0;V
15/05/1978;0,0;V
16/05/1978;0,5;V
17/05/1978;0,6;V
18/05/1978;0,0;V
19/05/1978;4,7;V
20/05/1978;0,0;V
21/05/1978;12,7;V
22/05/1978;9,0;V
23/05/1978;0,0;V
24/05/1978;0,0;V
25/05/1978;0,0;V
26/05/1978;9,0;V
27/05/1978;22,2;V
28/05/1978;0,0;V
29/05/1978;0,0;V
30/05/1978;0,0;V
31/05/1978;0,0;V
01/06/1978;18,0;V
02/06/1978;0,5;V
03/06/1978;0,0;V
04/06/1978;0,0;V
05/06/1978;0,0;V
06/06/1978;0,0;V
07/06/1978;0,0;V
08/06/1978;0,0;V
09/06/1978;0,0;V
10/06/1978;0,0;V
11/06/1978;0,0;V
12/06/1978;0,0;V
13/06/1978;19,0;V
14/06/1978;0,0;V
15/06/1978;4,7;V
16/06/1978;0,4;V
17/06/1978;17,0;V
18/06/1978;0,7;V
19/06/1978;0,0;V
20/06/1978;0,1;V
21/06/1978;1,2;V
22/06/1978;0,0;V
23/06/1978;0,0;V
24/06/1978;0,0;V
25/06/1978;0,0;V
26/06/1978;0,0;V
27/06/1978;17,0;V
28/06/1978;0,0;V
29/06/1978;0,0;V
30/06/1978;0,0;V
01/07/1978;0,0;V
02/07/1978;26,5;V
03/07/1978;0,0;V
04/07/1978;0,0;V
05/07/1978;19,0;V
06/07/1978;0,0;V
07/07/1978;7,5;V
08/07/1978;0,8;V
09/07/1978;0,0;V
10/07/1978;0,0;V
11/07/1978;0,0;V
12/07/1978;0,0;V
13/07/1978;0,0;V
14/07/1978;0,0;V
15/07/1978;0,0;V
16/07/1978;0,0;V
17/07/1978;0,0;V
18/07/1978;0,0;V
19/07/1978;0,0;V
20/07/1978;0,0;V
21/07/1978;0,0;V
22/07/1978;0,0;V
23/07/1978;0,0;V
24/07/1978;0,0;V
25/07/1978;0,0;V
26/07/1978;0,0;V
27/07/1978;0,2;V
28/07/1978;0,0;V
29/07/1978;0,0;V
30/07/1978;0,0;V
31/07/1978;0,0;V
01/08/1978;0,0;V
02/08/1978;0,0;V
03/08/1978;0,0;V
04/08/1978;0,3;V
05/08/1978;0,0;V
06/08/1978;0,0;V
07/08/1978;0,0;V
08/08/1978;0,8;V
09/08/1978;0,0;V
10/08/1978;0,0;V
11/08/1978;0,0;V
12/08/1978;0,0;V
13/08/1978;0,0;V
14/08/1978;26,7;V
15/08/1978;0,0;V
16/08/1978;0,0;V
17/08/1978;0,0;V
18/08/1978;0,0;V
19/08/1978;0,0;V
20/08/1978;0,0;V
21/08/1978;0,0;V
22/08/1978;0,0;V
23/08/1978;0,0;V
24/08/1978;0,0;V
25/08/1978;0,0;V
26/08/1978;0,0;V
27/08/1978;0,0;V
28/08/1978;0,0;V
29/08/1978;0,0;V
30/08/1978;1,0;V
31/08/1978;16,2;V
01/09/1978;0,0;V
02/09/1978;0,0;V
03/09/1978;0,0;V
04/09/1978;0,0;V
05/09/1978;2,1;V
06/09/1978;0,8;V
07/09/1978;3,2;V
08/09/1978;0,0;V
09/09/1978;0,0;V
10/09/1978;0,0;V
11/09/1978;0,0;V
12/09/1978;0,0;V
13/09/1978;0,0;V
14/09/1978;0,0;V
15/09/1978;0,0;V
16/09/1978;0,0;V
17/09/1978;0,0;V
18/09/1978;0,0;V
19/09/1978;0,0;V
20/09/1978;0,8;V
21/09/1978;0,0;V
22/09/1978;0,0;V
23/09/1978;0,0;V
24/09/1978;0,0;V
25/09/1978;0,0;V
26/09/1978;0,0;V
27/09/1978;0,0;V
28/09/1978;50,6;V
29/09/1978;0,0;V
30/09/1978;0,0;V
01/10/1978;0,0;V
02/10/1978;6,5;V
03/10/1978;16,7;V
04/10/1978;26,0;V
05/10/1978;0,0;V
06/10/1978;0,0;V
07/10/1978;0,0;V
08/10/1978;0,0;V
09/10/1978;0,0;V
10/10/1978;0,0;V
11/10/1978;0,0;V
12/10/1978;0,0;V
13/10/1978;0,0;V
14/10/1978;0,0;V
15/10/1978;0,0;V
16/10/1978;0,0;V
17/10/1978;0,0;V
18/10/1978;0,0;V
19/10/1978;0,0;V
20/10/1978;0,0;V
21/10/1978;0,0;V
22/10/1978;0,0;V
23/10/1978;0,0;V
24/10/1978;0,0;V
25/10/1978;0,0;V
26/10/1978;0,0;V
27/10/1978;0,0;V
28/10/1978;0,0;V
29/10/1978;0,0;V
30/10/1978;0,0;V
31/10/1978;0,0;V
01/11/1978;0,0;V
02/11/1978;0,0;V
03/11/1978;0,0;V
04/11/1978;0,0;V
05/11/1978;0,0;V
06/11/1978;0,0;V
07/11/1978;0,0;V
08/11/1978;0,0;V
09/11/1978;0,0;V
10/11/1978;0,0;V
11/11/1978;0,0;V
12/11/1978;0,0;V
13/11/1978;0,0;V
14/11/1978;0,0;V
15/11/1978;0,0;V
16/11/1978;0,0;V
17/11/1978;0,0;V
18/11/1978;0,0;V
19/11/1978;0,0;V
20/11/1978;0,0;V
21/11/1978;0,0;V
22/11/1978;0,0;V
23/11/1978;0,0;V
24/11/1978;0,0;V
25/11/1978;0,0;V
26/11/1978;10,0;V
27/11/1978;22,0;V
28/11/1978;1,2;V
29/11/1978;0,0;V
30/11/1978;0,0;V
01/12/1978;0,0;V
02/12/1978;0,0;V
03/12/1978;0,8;V
04/12/1978;0,0;V
05/12/1978;0,0;V
06/12/1978;0,0;V
07/12/1978;0,0;V
08/12/1978;0,0;V
09/12/1978;29,5;V
10/12/1978;0,0;V
11/12/1978;0,0;V
12/12/1978;2,3;V
13/12/1978;19,0;V
14/12/1978;21,8;V
15/12/1978;0,0;V
16/12/1978;0,0;V
17/12/1978;18,3;V
18/12/1978;14,0;V
19/12/1978;8,0;V
20/12/1978;1,5;V
21/12/1978;2,4;V
22/12/1978;1,0;V
23/12/1978;0,0;V
24/12/1978;0,2;V
25/12/1978;6,0;V
26/12/1978;0,0;V
27/12/1978;1,7;V
28/12/1978;24,2;V
29/12/1978;5,3;V
30/12/1978;1,0;V
31/12/1978;7,8;V
01/01/1979;10,0;V
02/01/1979;0,0;V
03/01/1979;0,0;V
04/01/1979;0,0;V
05/01/1979;0,0;V
06/01/1979;2,6;V
07/01/1979;0,0;V
08/01/1979;0,0;V
09/01/1979;24,6;V
10/01/1979;56,3;V
11/01/1979;18,8;V
12/01/1979;0,3;V
13/01/1979;0,0;V
14/01/1979;0,0;V
15/01/1979;0,0;V
16/01/1979;0,0;V
17/01/1979;0,0;V
18/01/1979;0,0;V
19/01/1979;0,0;V
20/01/1979;0,0;V
21/01/1979;18,0;V
22/01/1979;19,1;V
23/01/1979;18,8;V
24/01/1979;9,5;V
25/01/1979;1,2;V
26/01/1979;0,0;V
27/01/1979;4,3;V
28/01/1979;14,1;V
29/01/1979;18,1;V
30/01/1979;1,5;V
31/01/1979;3,7;V
01/02/1979;0,0;V
02/02/1979;0,4;V
03/02/1979;1,8;V
04/02/1979;1,0;V
05/02/1979;17,5;V
06/02/1979;19,2;V
07/02/1979;0,0;V
08/02/1979;2,5;V
09/02/1979;0,8;V
10/02/1979;7,3;V
11/02/1979;2,1;V
12/02/1979;0,0;V
13/02/1979;21,4;V
14/02/1979;3,5;V
15/02/1979;6,0;V
16/02/1979;6,5;V
17/02/1979;19,0;V
18/02/1979;5,8;V
19/02/1979;0,0;V
20/02/1979;0,9;V
21/02/1979;0,0;V
22/02/1979;0,0;V
23/02/1979;0,0;V
24/02/1979;0,0;V
25/02/1979;0,0;V
26/02/1979;0,0;V
27/02/1979;0,0;V
28/02/1979;0,0;V
01/03/1979;0,0;V
02/03/1979;0,0;V
03/03/1979;13,1;V
04/03/1979;0,0;V
05/03/1979;0,0;V
06/03/1979;0,0;V
07/03/1979;0,0;V
08/03/1979;0,0;V
09/03/1979;0,0;V
10/03/1979;1,7;V
11/03/1979;0,0;V
12/03/1979;0,0;V
13/03/1979;0,0;V
14/03/1979;0,0;V
15/03/1979;1,0;V
16/03/1979;19,5;V
17/03/1979;0,0;V
18/03/1979;4,4;V
19/03/1979;23,8;V
20/03/1979;4,8;V
21/03/1979;18,5;V
22/03/1979;35,0;V
23/03/1979;0,4;V
24/03/1979;0,0;V
25/03/1979;0,0;V
26/03/1979;0,9;V
27/03/1979;9,0;V
28/03/1979;0,0;V
29/03/1979;5,2;V
30/03/1979;5,4;V
31/03/1979;2,0;V
01/04/1979;0,0;V
02/04/1979;0,0;V
03/04/1979;0,0;V
04/04/1979;5,0;V
05/04/1979;0,0;V
06/04/1979;18,0;V
07/04/1979;12,0;V
08/04/1979;0,0;V
09/04/1979;0,0;V
10/04/1979;0,0;V
11/04/1979;0,0;V
12/04/1979;30,0;V
13/04/1979;0,2;V
14/04/1979;0,0;V
15/04/1979;0,0;V
16/04/1979;0,0;V
17/04/1979;0,0;V
18/04/1979;0,0;V
19/04/1979;0,0;V
20/04/1979;0,0;V
21/04/1979;0,0;V
22/04/1979;0,0;V
23/04/1979;0,0;V
24/04/1979;10,5;V
25/04/1979;23,0;V
26/04/1979;7,5;V
27/04/1979;3,0;V
28/04/1979;4,0;V
29/04/1979;0,0;V
30/04/1979;0,2;V
01/05/1979;1,3;V
02/05/1979;1,2;V
03/05/1979;0,0;V
04/05/1979;0,0;V
05/05/1979;0,0;V
06/05/1979;0,0;V
07/05/1979;0,0;V
08/05/1979;0,0;V
09/05/1979;0,0;V
10/05/1979;0,0;V
11/05/1979;0,0;V
12/05/1979;0,0;V
13/05/1979;0,0;V
14/05/1979;0,0;V
15/05/1979;0,0;V
16/05/1979;0,0;V
17/05/1979;0,0;V
18/05/1979;0,0;V
19/05/1979;0,0;V
20/05/1979;0,0;V
21/05/1979;0,0;V
22/05/1979;0,0;V
23/05/1979;0,0;V
24/05/1979;0,0;V
25/05/1979;0,0;V
26/05/1979;0,0;V
27/05/1979;0,0;V
28/05/1979;0,0;V
29/05/1979;0,0;V
30/05/1979;0,0;V
31/05/1979;0,0;V
01/06/1979;0,0;V
02/06/1979;0,3;V
03/06/1979;0,0;V
04/06/1979;10,7;V
05/06/1979;8,5;V
06/06/1979;0,7;V
07/06/1979;0,0;V
08/06/1979;0,0;V
09/06/1979;0,0;V
10/06/1979;0,0;V
11/06/1979;0,0;V
12/06/1979;0,0;V
13/06/1979;0,0;V
14/06/1979;2,9;V
15/06/1979;0,0;V
16/06/1979;1,1;V
17/06/1979;6,8;V
18/06/1979;0,2;V
19/06/1979;5,5;V
20/06/1979;0,0;V
21/06/1979;0,0;V
22/06/1979;0,0;V
23/06/1979;0,0;V
24/06/1979;0,0;V
25/06/1979;0,0;V
26/06/1979;0,0;V
27/06/1979;0,0;V
28/06/1979;0,0;V
29/06/1979;0,0;V
30/06/1979;0,0;V
01/07/1979;0,0;V
02/07/1979;0,0;V
03/07/1979;7,0;V
04/07/1979;0,0;V
05/07/1979;0,0;V
06/07/1979;0,0;V
07/07/1979;0,0;V
08/07/1979;0,0;V
09/07/1979;0,0;V
10/07/1979;0,0;V
11/07/1979;0,0;V
12/07/1979;0,0;V
13/07/1979;0,0;V
14/07/1979;0,0;V
15/07/1979;0,0;V
16/07/1979;0,0;V
17/07/1979;0,0;V
18/07/1979;0,0;V
19/07/1979;0,0;V
20/07/1979;0,0;V
21/07/1979;0,2;V
22/07/1979;0,0;V
23/07/1979;0,0;V
24/07/1979;0,0;V
25/07/1979;0,0;V
26/07/1979;0,0;V
27/07/1979;0,0;V
28/07/1979;0,0;V
29/07/1979;0,0;V
30/07/1979;0,0;V
31/07/1979;0,0;V
01/08/1979;0,0;V
02/08/1979;0,0;V
03/08/1979;0,0;V
04/08/1979;0,0;V
05/08/1979;0,0;V
06/08/1979;0,0;V
07/08/1979;0,0;V
08/08/1979;0,0;V
09/08/1979;26,8;V
10/08/1979;0,0;V
11/08/1979;0,0;V
12/08/1979;0,0;V
13/08/1979;0,0;V
14/08/1979;0,0;V
15/08/1979;0,0;V
16/08/1979;0,0;V
17/08/1979;22,0;V
18/08/1979;0,0;V
19/08/1979;29,0;V
20/08/1979;0,5;V
21/08/1979;0,0;V
22/08/1979;0,0;V
23/08/1979;0,0;V
24/08/1979;0,0;V
25/08/1979;6,5;V
26/08/1979;0,0;V
27/08/1979;16,0;V
28/08/1979;0,0;V
29/08/1979;0,0;V
30/08/1979;0,0;V
31/08/1979;0,1;V
01/09/1979;0,0;V
02/09/1979;0,0;V
03/09/1979;0,0;V
04/09/1979;0,0;V
05/09/1979;0,0;V
06/09/1979;0,0;V
07/09/1979;0,0;V
08/09/1979;0,0;V
09/09/1979;0,0;V
10/09/1979;0,0;V
11/09/1979;0,0;V
12/09/1979;0,0;V
13/09/1979;0,0;V
14/09/1979;0,0;V
15/09/1979;0,0;V
16/09/1979;0,0;V
17/09/1979;0,0;V
18/09/1979;0,0;V
19/09/1979;0,0;V
20/09/1979;0,0;V
21/09/1979;23,0;V
22/09/1979;15,0;V
23/09/1979;0,0;V
24/09/1979;38,5;V
25/09/1979;9,0;V
26/09/1979;1,0;V
27/09/1979;0,0;V
28/09/1979;0,0;V
29/09/1979;0,0;V
30/09/1979;0,0;V
01/10/1979;0,0;V
02/10/1979;0,0;V
03/10/1979;0,0;V
04/10/1979;0,0;V
05/10/1979;0,0;V
06/10/1979;9,0;V
07/10/1979;0,0;V
08/10/1979;0,0;V
09/10/1979;0,0;V
10/10/1979;0,0;V
11/10/1979;0,0;V
12/10/1979;20,0;V
13/10/1979;10,5;V
14/10/1979;0,0;V
15/10/1979;21,7;V
16/10/1979;22,0;V
17/10/1979;0,0;V
18/10/1979;6,0;V
19/10/1979;0,0;V
20/10/1979;0,0;V
21/10/1979;0,0;V
22/10/1979;0,0;V
23/10/1979;0,0;V
24/10/1979;4,0;V
25/10/1979;0,0;V
26/10/1979;0,0;V
27/10/1979;2,0;V
28/10/1979;18,0;V
29/10/1979;0,0;V
30/10/1979;0,0;V
31/10/1979;0,0;V
01/11/1979;0,0;V
02/11/1979;0,0;V
03/11/1979;2,8;V
04/11/1979;0,0;V
05/11/1979;0,0;V
06/11/1979;5,0;V
07/11/1979;0,0;V
08/11/1979;0,0;V
09/11/1979;0,0;V
10/11/1979;0,0;V
11/11/1979;16,0;V
12/11/1979;0,0;V
13/11/1979;2,2;V
14/11/1979;21,0;V
15/11/1979;27,0;V
16/11/1979;9,0;V
17/11/1979;6,8;V
18/11/1979;10,0;V
19/11/1979;18,5;V
20/11/1979;0,0;V
21/11/1979;0,0;V
22/11/1979;0,0;V
23/11/1979;0,0;V
24/11/1979;0,0;V
25/11/1979;0,0;V
26/11/1979;0,0;V
27/11/1979;0,0;V
28/11/1979;0,0;V
29/11/1979;0,0;V
30/11/1979;0,0;V
01/12/1979;0,0;V
02/12/1979;0,0;V
03/12/1979;0,0;V
04/12/1979;0,0;V
05/12/1979;0,0;V
06/12/1979;0,0;V
07/12/1979;0,0;V
08/12/1979;0,0;V
09/12/1979;1,8;V
10/12/1979;3,0;V
11/12/1979;2,8;V
12/12/1979;0,6;V
13/12/1979;0,0;V
14/12/1979;0,0;V
15/12/1979;3,2;V
16/12/1979;0,5;V
17/12/1979;0,0;V
18/12/1979;0,0;V
19/12/1979;1,0;V
20/12/1979;11,3;V
21/12/1979;6,0;V
22/12/1979;20,0;V
23/12/1979;28,0;V
24/12/1979;1,0;V
25/12/1979;0,0;V
26/12/1979;0,0;V
27/12/1979;2,5;V
28/12/1979;3,5;V
29/12/1979;4,0;V
30/12/1979;10,5;V
31/12/1979;57,0;V
01/01/1980;0,0;V
02/01/1980;0,0;V
03/01/1980;0,0;V
04/01/1980;0,0;V
05/01/1980;0,0;V
06/01/1980;16,2;V
07/01/1980;0,0;V
08/01/1980;0,0;V
09/01/1980;0,0;V
10/01/1980;5,0;V
11/01/1980;0,0;V
12/01/1980;0,0;V
13/01/1980;0,0;V
14/01/1980;0,0;V
15/01/1980;2,8;V
16/01/1980;6,1;V
17/01/1980;1,8;V
18/01/1980;0,0;V
19/01/1980;0,0;V
20/01/1980;0,0;V
21/01/1980;0,0;V
22/01/1980;1,0;V
23/01/1980;15,0;V
24/01/1980;8,0;V
25/01/1980;0,8;V
26/01/1980;0,0;V
27/01/1980;4,0;V
28/01/1980;0,0;V
29/01/1980;1,0;V
30/01/1980;3,0;V
31/01/1980;4,5;V
01/02/1980;0,0;V
02/02/1980;0,0;V
03/02/1980;29,0;V
04/02/1980;7,0;V
05/02/1980;0,0;V
06/02/1980;0,0;V
07/02/1980;10,0;V
08/02/1980;6,0;V
09/02/1980;0,0;V
10/02/1980;0,0;V
11/02/1980;0,0;V
12/02/1980;0,0;V
13/02/1980;0,0;V
14/02/1980;1,2;V
15/02/1980;0,0;V
16/02/1980;0,0;V
17/02/1980;8,0;V
18/02/1980;0,0;V
19/02/1980;0,0;V
20/02/1980;0,0;V
21/02/1980;0,0;V
22/02/1980;0,0;V
23/02/1980;0,0;V
24/02/1980;0,0;V
25/02/1980;0,0;V
26/02/1980;0,0;V
27/02/1980;0,0;V
28/02/1980;0,0;V
29/02/1980;0,0;V
01/03/1980;0,0;V
02/03/1980;0,0;V
03/03/1980;0,0;V
04/03/1980;0,0;V
05/03/1980;0,0;V
06/03/1980;0,0;V
07/03/1980;0,0;V
08/03/1980;10,0;V
09/03/1980;14,0;V
10/03/1980;0,0;V
11/03/1980;0,0;V
12/03/1980;0,0;V
13/03/1980;0,0;V
14/03/1980;15,1;V
15/03/1980;18,0;V
16/03/1980;0,0;V
17/03/1980;0,0;V
18/03/1980;0,0;V
19/03/1980;0,0;V
20/03/1980;2,6;V
21/03/1980;26,0;V
22/03/1980;0,0;V
23/03/1980;27,0;V
24/03/1980;20,0;V
25/03/1980;8,0;V
26/03/1980;3,2;V
27/03/1980;0,0;V
28/03/1980;0,5;V
29/03/1980;0,0;V
30/03/1980;10,0;V
31/03/1980;0,0;V
01/04/1980;0,0;V
02/04/1980;0,0;V
03/04/1980;0,0;V
04/04/1980;0,0;V
05/04/1980;0,0;V
06/04/1980;0,0;V
07/04/1980;0,0;V
08/04/1980;0,0;V
09/04/1980;0,0;V
10/04/1980;0,0;V
11/04/1980;0,0;V
12/04/1980;0,0;V
13/04/1980;0,0;V
14/04/1980;0,0;V
15/04/1980;0,0;V
16/04/1980;0,0;V
17/04/1980;1,5;V
18/04/1980;0,0;V
19/04/1980;0,0;V
20/04/1980;0,0;V
21/04/1980;32,2;V
22/04/1980;0,2;V
23/04/1980;0,0;V
24/04/1980;0,0;V
25/04/1980;0,0;V
26/04/1980;1,3;V
27/04/1980;2,8;V
28/04/1980;0,0;V
29/04/1980;0,0;V
30/04/1980;0,0;V
01/05/1980;1,5;V
02/05/1980;0,0;V
03/05/1980;0,0;V
04/05/1980;0,0;V
05/05/1980;2,2;V
06/05/1980;22,0;V
07/05/1980;0,8;V
08/05/1980;0,0;V
09/05/1980;0,0;V
10/05/1980;0,0;V
11/05/1980;0,0;V
12/05/1980;0,0;V
13/05/1980;0,0;V
14/05/1980;5,5;V
15/05/1980;15,0;V
16/05/1980;0,0;V
17/05/1980;2,0;V
18/05/1980;0,0;V
19/05/1980;0,0;V
20/05/1980;0,0;V
21/05/1980;0,0;V
22/05/1980;0,0;V
23/05/1980;19,0;V
24/05/1980;3,5;V
25/05/1980;0,0;V
26/05/1980;0,0;V
27/05/1980;5,0;V
28/05/1980;1,5;V
29/05/1980;8,0;V
30/05/1980;0,0;V
31/05/1980;15,5;V
01/06/1980;0,0;V
02/06/1980;2,0;V
03/06/1980;0,0;V
04/06/1980;0,0;V
05/06/1980;0,0;V
06/06/1980;0,0;V
07/06/1980;0,0;V
08/06/1980;5,5;V
09/06/1980;5,5;V
10/06/1980;15,5;V
11/06/1980;4,2;V
12/06/1980;0,0;V
13/06/1980;0,0;V
14/06/1980;0,0;V
15/06/1980;0,0;V
16/06/1980;0,0;V
17/06/1980;0,0;V
18/06/1980;0,0;V
19/06/1980;0,0;V
20/06/1980;0,0;V
21/06/1980;0,0;V
22/06/1980;0,0;V
23/06/1980;0,0;V
24/06/1980;9,0;V
25/06/1980;2,0;V
26/06/1980;1,8;V
27/06/1980;0,0;V
28/06/1980;2,3;V
29/06/1980;0,0;V
30/06/1980;0,0;V
01/07/1980;0,0;V
02/07/1980;0,0;V
03/07/1980;0,0;V
04/07/1980;0,0;V
05/07/1980;0,0;V
06/07/1980;0,0;V
07/07/1980;0,0;V
08/07/1980;0,0;V
09/07/1980;0,0;V
10/07/1980;13,5;V
11/07/1980;0,0;V
12/07/1980;0,0;V
13/07/1980;0,0;V
14/07/1980;0,0;V
15/07/1980;0,0;V
16/07/1980;0,0;V
17/07/1980;1,0;V
18/07/1980;0,5;V
19/07/1980;0,0;V
20/07/1980;0,0;V
21/07/1980;0,0;V
22/07/1980;0,0;V
23/07/1980;0,0;V
24/07/1980;0,0;V
25/07/1980;0,0;V
26/07/1980;0,0;V
27/07/1980;0,0;V
28/07/1980;0,0;V
29/07/1980;0,0;V
30/07/1980;0,0;V
31/07/1980;0,0;V
01/08/1980;0,0;V
02/08/1980;0,0;V
03/08/1980;0,0;V
04/08/1980;0,0;V
05/08/1980;0,0;V
06/08/1980;0,0;V
07/08/1980;0,0;V
08/08/1980;0,0;V
09/08/1980;0,0;V
10/08/1980;0,0;V
11/08/1980;0,0;V
12/08/1980;0,0;V
13/08/1980;0,0;V
14/08/1980;0,0;V
15/08/1980;0,0;V
16/08/1980;7,0;V
17/08/1980;20,0;V
18/08/1980;0,0;V
19/08/1980;0,0;V
20/08/1980;0,0;V
21/08/1980;0,0;V
22/08/1980;0,0;V
23/08/1980;0,0;V
24/08/1980;0,0;V
25/08/1980;0,0;V
26/08/1980;0,0;V
27/08/1980;0,0;V
28/08/1980;13,8;V
29/08/1980;0,0;V
30/08/1980;0,0;V
31/08/1980;0,0;V
01/09/1980;0,0;V
02/09/1980;0,0;V
03/09/1980;0,0;V
04/09/1980;0,0;V
05/09/1980;0,0;V
06/09/1980;0,0;V
07/09/1980;0,0;V
08/09/1980;0,0;V
09/09/1980;0,0;V
10/09/1980;0,0;V
11/09/1980;0,0;V
12/09/1980;0,0;V
13/09/1980;0,0;V
14/09/1980;0,0;V
15/09/1980;0,0;V
16/09/1980;0,0;V
17/09/1980;0,0;V
18/09/1980;0,0;V
19/09/1980;0,0;V
20/09/1980;0,0;V
21/09/1980;0,0;V
22/09/1980;0,0;V
23/09/1980;2,0;V
24/09/1980;0,0;V
25/09/1980;0,0;V
26/09/1980;0,0;V
27/09/1980;0,0;V
28/09/1980;0,0;V
29/09/1980;0,0;V
30/09/1980;0,0;V
01/10/1980;4,0;V
02/10/1980;29,0;V
03/10/1980;0,0;V
04/10/1980;23,0;V
05/10/1980;2,0;V
06/10/1980;0,0;V
07/10/1980;0,0;V
08/10/1980;0,0;V
09/10/1980;0,0;V
10/10/1980;0,0;V
11/10/1980;0,0;V
12/10/1980;0,0;V
13/10/1980;0,0;V
14/10/1980;0,0;V
15/10/1980;11,0;V
16/10/1980;2,0;V
17/10/1980;1,0;V
18/10/1980;34,0;V
19/10/1980;11,0;V
20/10/1980;0,0;V
21/10/1980;0,0;V
22/10/1980;0,0;V
23/10/1980;0,0;V
24/10/1980;0,1;V
25/10/1980;27,0;V
26/10/1980;2,8;V
27/10/1980;0,0;V
28/10/1980;0,0;V
29/10/1980;0,0;V
30/10/1980;0,0;V
31/10/1980;0,0;V
01/11/1980;0,0;V
02/11/1980;0,0;V
03/11/1980;16,0;V
04/11/1980;24,0;V
05/11/1980;26,0;V
06/11/1980;3,5;V
07/11/1980;11,0;V
08/11/1980;0,0;V
09/11/1980;3,0;V
10/11/1980;1,2;V
11/11/1980;0,0;V
12/11/1980;0,0;V
13/11/1980;30,0;V
14/11/1980;8,0;V
15/11/1980;0,0;V
16/11/1980;0,0;V
17/11/1980;0,0;V
18/11/1980;0,0;V
19/11/1980;14,0;V
20/11/1980;0,0;V
21/11/1980;3,0;V
22/11/1980;0,0;V
23/11/1980;0,0;V
24/11/1980;0,0;V
25/11/1980;0,0;V
26/11/1980;5,0;V
27/11/1980;10,0;V
28/11/1980;11,0;V
29/11/1980;11,0;V
30/11/1980;3,5;V
01/12/1980;0,0;V
02/12/1980;0,0;V
03/12/1980;0,0;V
04/12/1980;5,2;V
05/12/1980;0,0;V
06/12/1980;0,0;V
07/12/1980;6,2;V
08/12/1980;0,0;V
09/12/1980;0,0;V
10/12/1980;0,0;V
11/12/1980;0,0;V
12/12/1980;0,0;V
13/12/1980;0,0;V
14/12/1980;0,0;V
15/12/1980;0,0;V
16/12/1980;0,0;V
17/12/1980;25,0;V
18/12/1980;3,0;V
19/12/1980;8,0;V
20/12/1980;0,0;V
21/12/1980;5,5;V
22/12/1980;0,0;V
23/12/1980;0,0;V
24/12/1980;0,0;V
25/12/1980;0,0;V
26/12/1980;0,0;V
27/12/1980;0,0;V
28/12/1980;0,0;V
29/12/1980;0,0;V
30/12/1980;0,0;V
31/12/1980;0,0;V
01/01/1981;0,0;V
02/01/1981;0,0;V
03/01/1981;0,0;V
04/01/1981;0,0;V
05/01/1981;3,0;V
06/01/1981;0,0;V
07/01/1981;0,0;V
08/01/1981;0,0;V
09/01/1981;0,0;V
10/01/1981;0,0;V
11/01/1981;0,0;V
12/01/1981;0,0;V
13/01/1981;12,0;V
14/01/1981;18,0;V
15/01/1981;0,0;V
16/01/1981;0,0;V
17/01/1981;0,0;V
18/01/1981;0,0;V
19/01/1981;0,0;V
20/01/1981;0,0;V
21/01/1981;4,0;V
22/01/1981;0,0;V
23/01/1981;0,0;V
24/01/1981;0,0;V
25/01/1981;0,0;V
26/01/1981;0,0;V
27/01/1981;0,0;V
28/01/1981;0,0;V
29/01/1981;0,0;V
30/01/1981;0,0;V
31/01/1981;0,0;V
01/02/1981;0,0;V
02/02/1981;0,0;V
03/02/1981;0,0;V
04/02/1981;0,0;V
05/02/1981;13,0;V
06/02/1981;0,0;V
07/02/1981;0,0;V
08/02/1981;0,0;V
09/02/1981;0,0;V
10/02/1981;0,0;V
11/02/1981;19,0;V
12/02/1981;10,0;V
13/02/1981;0,0;V
14/02/1981;0,0;V
15/02/1981;0,0;V
16/02/1981;0,0;V
17/02/1981;0,0;V
18/02/1981;0,0;V
19/02/1981;0,0;V
20/02/1981;0,0;V
21/02/1981;0,0;V
22/02/1981;0,0;V
23/02/1981;0,0;V
24/02/1981;0,0;V
25/02/1981;0,0;V
26/02/1981;0,0;V
27/02/1981;0,0;V
28/02/1981;0,0;V
01/03/1981;28,5;V
02/03/1981;11,2;V
03/03/1981;11,0;V
04/03/1981;1,2;V
05/03/1981;0,0;V
06/03/1981;0,0;V
07/03/1981;9,7;V
08/03/1981;1,2;V
09/03/1981;0,0;V
10/03/1981;0,0;V
11/03/1981;1,2;V
12/03/1981;0,7;V
13/03/1981;0,0;V
14/03/1981;0,0;V
15/03/1981;0,0;V
16/03/1981;10,0;V
17/03/1981;0,0;V
18/03/1981;0,2;V
19/03/1981;1,9;V
20/03/1981;0,0;V
21/03/1981;0,0;V
22/03/1981;0,0;V
23/03/1981;0,0;V
24/03/1981;0,1;V
25/03/1981;0,0;V
26/03/1981;0,0;V
27/03/1981;0,0;V
28/03/1981;0,0;V
29/03/1981;0,0;V
30/03/1981;20,0;V
31/03/1981;4,0;V
01/04/1981;1,2;V
02/04/1981;0,0;V
03/04/1981;0,0;V
04/04/1981;0,0;V
05/04/1981;0,0;V
06/04/1981;0,8;V
07/04/1981;0,0;V
08/04/1981;0,0;V
09/04/1981;1,8;V
10/04/1981;0,0;V
11/04/1981;0,0;V
12/04/1981;0,0;V
13/04/1981;0,0;V
14/04/1981;0,0;V
15/04/1981;0,0;V
16/04/1981;0,0;V
17/04/1981;0,0;V
18/04/1981;0,0;V
19/04/1981;0,0;V
20/04/1981;0,0;V
21/04/1981;7,2;V
22/04/1981;0,0;V
23/04/1981;0,0;V
24/04/1981;0,0;V
25/04/1981;22,3;V
26/04/1981;0,0;V
27/04/1981;13,0;V
28/04/1981;0,0;V
29/04/1981;0,0;V
30/04/1981;0,0;V
01/05/1981;0,0;V
02/05/1981;0,0;V
03/05/1981;6,0;V
04/05/1981;1,0;V
05/05/1981;4,0;V
06/05/1981;0,0;V
07/05/1981;0,0;V
08/05/1981;0,0;V
09/05/1981;0,0;V
10/05/1981;0,0;V
11/05/1981;5,2;V
12/05/1981;0,2;V
13/05/1981;0,0;V
14/05/1981;7,5;V
15/05/1981;0,0;V
16/05/1981;0,0;V
17/05/1981;0,0;V
18/05/1981;0,0;V
19/05/1981;0,0;V
20/05/1981;0,0;V
21/05/1981;0,0;V
22/05/1981;0,0;V
23/05/1981;1,0;V
24/05/1981;0,0;V
25/05/1981;0,0;V
26/05/1981;0,0;V
27/05/1981;19,0;V
28/05/1981;2,0;V
29/05/1981;0,0;V
30/05/1981;0,0;V
31/05/1981;0,0;V
01/06/1981;0,0;V
02/06/1981;0,0;V
03/06/1981;0,0;V
04/06/1981;0,8;V
05/06/1981;0,0;V
06/06/1981;0,0;V
07/06/1981;0,0;V
08/06/1981;0,0;V
09/06/1981;0,0;V
10/06/1981;0,0;V
11/06/1981;0,0;V
12/06/1981;0,0;V
13/06/1981;0,0;V
14/06/1981;0,0;V
15/06/1981;0,0;V
16/06/1981;0,0;V
17/06/1981;0,0;V
18/06/1981;20,0;V
19/06/1981;0,0;V
20/06/1981;0,0;V
21/06/1981;0,0;V
22/06/1981;0,0;V
23/06/1981;20,0;V
24/06/1981;1,1;V
25/06/1981;0,0;V
26/06/1981;3,2;V
27/06/1981;0,0;V
28/06/1981;0,0;V
29/06/1981;2,1;V
30/06/1981;0,0;V
01/07/1981;0,0;V
02/07/1981;0,0;V
03/07/1981;1,2;V
04/07/1981;0,0;V
05/07/1981;0,0;V
06/07/1981;0,0;V
07/07/1981;0,0;V
08/07/1981;0,0;V
09/07/1981;0,0;V
10/07/1981;0,0;V
11/07/1981;2,0;V
12/07/1981;2,3;V
13/07/1981;0,0;V
14/07/1981;0,0;V
15/07/1981;0,0;V
16/07/1981;0,0;V
17/07/1981;0,0;V
18/07/1981;0,0;V
19/07/1981;29,0;V
20/07/1981;2,8;V
21/07/1981;0,0;V
22/07/1981;0,0;V
23/07/1981;0,0;V
24/07/1981;0,0;V
25/07/1981;0,0;V
26/07/1981;0,0;V
27/07/1981;0,0;V
28/07/1981;0,0;V
29/07/1981;0,0;V
30/07/1981;0,0;V
31/07/1981;0,0;V
01/08/1981;0,0;V
02/08/1981;0,0;V
03/08/1981;0,0;V
04/08/1981;0,0;V
05/08/1981;0,0;V
06/08/1981;0,0;V
07/08/1981;0,0;V
08/08/1981;0,0;V
09/08/1981;0,0;V
10/08/1981;0,0;V
11/08/1981;0,0;V
12/08/1981;0,0;V
13/08/1981;0,0;V
14/08/1981;1,0;V
15/08/1981;0,0;V
16/08/1981;0,0;V
17/08/1981;0,0;V
18/08/1981;0,0;V
19/08/1981;0,0;V
20/08/1981;0,0;V
21/08/1981;0,0;V
22/08/1981;25,0;V
23/08/1981;0,0;V
24/08/1981;0,0;V
25/08/1981;0,0;V
26/08/1981;0,0;V
27/08/1981;0,0;V
28/08/1981;0,0;V
29/08/1981;0,0;V
30/08/1981;0,0;V
31/08/1981;0,0;V
01/09/1981;0,0;V
02/09/1981;0,0;V
03/09/1981;0,0;V
04/09/1981;19,0;V
05/09/1981;5,0;V
06/09/1981;0,0;V
07/09/1981;0,0;V
08/09/1981;0,0;V
09/09/1981;0,0;V
10/09/1981;0,0;V
11/09/1981;26,0;V
12/09/1981;0,0;V
13/09/1981;0,0;V
14/09/1981;0,0;V
15/09/1981;0,0;V
16/09/1981;0,0;V
17/09/1981;0,0;V
18/09/1981;0,0;V
19/09/1981;2,5;V
20/09/1981;0,0;V
21/09/1981;0,0;V
22/09/1981;0,0;V
23/09/1981;0,0;V
24/09/1981;9,0;V
25/09/1981;21,0;V
26/09/1981;0,0;V
27/09/1981;0,0;V
28/09/1981;40,0;V
29/09/1981;3,0;V
30/09/1981;0,0;V
01/10/1981;0,0;V
02/10/1981;21,0;V
03/10/1981;9,2;V
04/10/1981;0,0;V
05/10/1981;0,0;V
06/10/1981;0,0;V
07/10/1981;0,0;V
08/10/1981;0,0;V
09/10/1981;0,0;V
10/10/1981;0,0;V
11/10/1981;1,0;V
12/10/1981;1,5;V
13/10/1981;0,0;V
14/10/1981;0,0;V
15/10/1981;2,5;V
16/10/1981;0,0;V
17/10/1981;0,0;V
18/10/1981;0,0;V
19/10/1981;0,0;V
20/10/1981;2,0;V
21/10/1981;16,0;V
22/10/1981;0,0;V
23/10/1981;0,0;V
24/10/1981;0,0;V
25/10/1981;0,0;V
26/10/1981;40,0;V
27/10/1981;45,0;V
28/10/1981;11,0;V
29/10/1981;0,0;V
30/10/1981;0,0;V
31/10/1981;3,7;V
01/11/1981;0,0;V
02/11/1981;0,0;V
03/11/1981;0,0;V
04/11/1981;0,0;V
05/11/1981;0,0;V
06/11/1981;0,0;V
07/11/1981;0,0;V
08/11/1981;0,0;V
09/11/1981;0,0;V
10/11/1981;0,0;V
11/11/1981;0,0;V
12/11/1981;0,0;V
13/11/1981;0,0;V
14/11/1981;0,0;V
15/11/1981;0,0;V
16/11/1981;0,0;V
17/11/1981;0,0;V
18/11/1981;0,0;V
19/11/1981;0,0;V
20/11/1981;0,0;V
21/11/1981;0,0;V
22/11/1981;0,0;V
23/11/1981;0,0;V
24/11/1981;0,0;V
25/11/1981;0,0;V
26/11/1981;0,0;V
27/11/1981;0,0;V
28/11/1981;3,5;V
29/11/1981;0,0;V
30/11/1981;2,0;V
01/12/1981;0,0;V
02/12/1981;0,0;V
03/12/1981;0,0;V
04/12/1981;0,0;V
05/12/1981;0,0;V
06/12/1981;0,0;V
07/12/1981;5,0;V
08/12/1981;24,0;V
09/12/1981;0,0;V
10/12/1981;0,0;V
11/12/1981;5,1;V
12/12/1981;29,0;V
13/12/1981;1,0;V
14/12/1981;1,0;V
15/12/1981;3,0;V
16/12/1981;0,0;V
17/12/1981;0,0;V
18/12/1981;25,0;V
19/12/1981;0,0;V
20/12/1981;0,0;V
21/12/1981;0,0;V
22/12/1981;12,0;V
23/12/1981;0,0;V
24/12/1981;0,0;V
25/12/1981;22,0;V
26/12/1981;0,0;V
27/12/1981;0,0;V
28/12/1981;7,0;V
29/12/1981;15,0;V
30/12/1981;5,0;V
31/12/1981;0,0;V
01/01/1982;0,0;V
02/01/1982;1,0;V
03/01/1982;0,0;V
04/01/1982;0,0;V
05/01/1982;0,0;V
06/01/1982;2,2;V
07/01/1982;0,0;V
08/01/1982;0,0;V
09/01/1982;0,0;V
10/01/1982;0,0;V
11/01/1982;5,0;V
12/01/1982;4,0;V
13/01/1982;4,4;V
14/01/1982;0,0;V
15/01/1982;0,0;V
16/01/1982;0,0;V
17/01/1982;0,0;V
18/01/1982;0,0;V
19/01/1982;0,0;V
20/01/1982;0,0;V
21/01/1982;0,0;V
22/01/1982;0,0;V
23/01/1982;0,0;V
24/01/1982;0,0;V
25/01/1982;0,0;V
26/01/1982;0,0;V
27/01/1982;0,0;V
28/01/1982;19,0;V
29/01/1982;0,0;V
30/01/1982;0,0;V
31/01/1982;0,0;V
01/02/1982;0,0;V
02/02/1982;0,0;V
03/02/1982;0,0;V
04/02/1982;0,0;V
05/02/1982;0,0;V
06/02/1982;0,0;V
07/02/1982;0,0;V
08/02/1982;0,0;V
09/02/1982;2,0;V
10/02/1982;0,0;V
11/02/1982;0,0;V
12/02/1982;0,0;V
13/02/1982;0,0;V
14/02/1982;0,0;V
15/02/1982;6,0;V
16/02/1982;0,0;V
17/02/1982;7,0;V
18/02/1982;0,0;V
19/02/1982;0,0;V
20/02/1982;0,0;V
21/02/1982;0,0;V
22/02/1982;0,0;V
23/02/1982;0,0;V
24/02/1982;5,1;V
25/02/1982;0,0;V
26/02/1982;0,8;V
27/02/1982;0,0;V
28/02/1982;0,0;V
01/03/1982;0,0;V
02/03/1982;0,0;V
03/03/1982;5,0;V
04/03/1982;0,0;V
05/03/1982;2,0;V
06/03/1982;11,0;V
07/03/1982;0,0;V
08/03/1982;0,0;V
09/03/1982;0,0;V
10/03/1982;0,0;V
11/03/1982;1,0;V
12/03/1982;8,0;V
13/03/1982;0,0;V
14/03/1982;5,0;V
15/03/1982;0,0;V
16/03/1982;0,0;V
17/03/1982;0,0;V
18/03/1982;18,0;V
19/03/1982;0,0;V
20/03/1982;0,0;V
21/03/1982;0,0;V
22/03/1982;0,0;V
23/03/1982;0,0;V
24/03/1982;0,0;V
25/03/1982;0,0;V
26/03/1982;0,0;V
27/03/1982;0,0;V
28/03/1982;0,0;V
29/03/1982;1,2;V
30/03/1982;10,8;V
31/03/1982;0,0;V
01/04/1982;0,0;V
02/04/1982;0,0;V
03/04/1982;0,0;V
04/04/1982;0,0;V
05/04/1982;0,0;V
06/04/1982;0,0;V
07/04/1982;0,0;V
08/04/1982;0,0;V
09/04/1982;0,0;V
10/04/1982;0,0;V
11/04/1982;0,0;V
12/04/1982;1,0;V
13/04/1982;0,0;V
14/04/1982;3,5;V
15/04/1982;0,8;V
16/04/1982;12,5;V
17/04/1982;0,0;V
18/04/1982;0,0;V
19/04/1982;5,0;V
20/04/1982;0,0;V
21/04/1982;0,0;V
22/04/1982;0,0;V
23/04/1982;0,0;V
24/04/1982;0,0;V
25/04/1982;0,0;V
26/04/1982;0,0;V
27/04/1982;0,0;V
28/04/1982;0,0;V
29/04/1982;0,0;V
30/04/1982;1,5;V
01/05/1982;0,0;V
02/05/1982;0,0;V
03/05/1982;0,0;V
04/05/1982;3,0;V
05/05/1982;3,0;V
06/05/1982;1,0;V
07/05/1982;10,0;V
08/05/1982;8,5;V
09/05/1982;0,0;V
10/05/1982;0,0;V
11/05/1982;13,8;V
12/05/1982;0,0;V
13/05/1982;0,0;V
14/05/1982;0,0;V
15/05/1982;0,0;V
16/05/1982;0,0;V
17/05/1982;0,0;V
18/05/1982;0,0;V
19/05/1982;0,0;V
20/05/1982;0,0;V
21/05/1982;0,0;V
22/05/1982;0,0;V
23/05/1982;0,0;V
24/05/1982;3,0;V
25/05/1982;7,0;V
26/05/1982;0,0;V
27/05/1982;0,0;V
28/05/1982;0,0;V
29/05/1982;0,0;V
30/05/1982;0,0;V
31/05/1982;0,0;V
01/06/1982;0,0;V
02/06/1982;0,0;V
03/06/1982;0,0;V
04/06/1982;0,0;V
05/06/1982;0,0;V
06/06/1982;0,0;V
07/06/1982;0,0;V
08/06/1982;0,0;V
09/06/1982;0,0;V
10/06/1982;0,0;V
11/06/1982;3,0;V
12/06/1982;11,0;V
13/06/1982;8,5;V
14/06/1982;0,0;V
15/06/1982;0,0;V
16/06/1982;0,0;V
17/06/1982;0,0;V
18/06/1982;0,0;V
19/06/1982;0,0;V
20/06/1982;0,0;V
21/06/1982;0,0;V
22/06/1982;0,0;V
23/06/1982;0,0;V
24/06/1982;0,0;V
25/06/1982;0,0;V
26/06/1982;0,0;V
27/06/1982;0,0;V
28/06/1982;0,0;V
29/06/1982;0,0;V
30/06/1982;0,0;V
01/07/1982;0,0;V
02/07/1982;0,0;V
03/07/1982;0,0;V
04/07/1982;0,0;V
05/07/1982;0,0;V
06/07/1982;0,0;V
07/07/1982;0,0;V
08/07/1982;0,0;V
09/07/1982;0,0;V
10/07/1982;0,0;V
11/07/1982;0,0;V
12/07/1982;0,0;V
13/07/1982;0,0;V
14/07/1982;0,0;V
15/07/1982;0,0;V
16/07/1982;0,0;V
17/07/1982;0,0;V
18/07/1982;0,0;V
19/07/1982;4,0;V
20/07/1982;0,0;V
21/07/1982;0,0;V
22/07/1982;0,0;V
23/07/1982;0,0;V
24/07/1982;0,0;V
25/07/1982;10,0;V
26/07/1982;2,0;V
27/07/1982;0,0;V
28/07/1982;4,2;V
29/07/1982;0,0;V
30/07/1982;0,0;V
31/07/1982;7,5;V
01/08/1982;0,0;V
02/08/1982;0,0;V
03/08/1982;18,0;V
04/08/1982;0,0;V
05/08/1982;0,0;V
06/08/1982;0,0;V
07/08/1982;0,0;V
08/08/1982;38,0;V
09/08/1982;7,1;V
10/08/1982;0,0;V
11/08/1982;0,0;V
12/08/1982;0,0;V
13/08/1982;0,0;V
14/08/1982;0,0;V
15/08/1982;0,0;V
16/08/1982;0,0;V
17/08/1982;0,0;V
18/08/1982;0,0;V
19/08/1982;0,0;V
20/08/1982;0,0;V
21/08/1982;41,0;V
22/08/1982;0,0;V
23/08/1982;0,0;V
24/08/1982;0,0;V
25/08/1982;0,0;V
26/08/1982;0,0;V
27/08/1982;0,0;V
28/08/1982;53,7;V
29/08/1982;17,0;V
30/08/1982;0,0;V
31/08/1982;17,0;V
01/09/1982;2,7;V
02/09/1982;0,0;V
03/09/1982;0,0;V
04/09/1982;0,0;V
05/09/1982;0,0;V
06/09/1982;0,0;V
07/09/1982;20,2;V
08/09/1982;6,0;V
09/09/1982;0,0;V
10/09/1982;0,0;V
11/09/1982;0,0;V
12/09/1982;0,0;V
13/09/1982;0,0;V
14/09/1982;0,0;V
15/09/1982;0,0;V
16/09/1982;0,0;V
17/09/1982;0,0;V
18/09/1982;0,0;V
19/09/1982;0,0;V
20/09/1982;0,0;V
21/09/1982;0,0;V
22/09/1982;52,2;V
23/09/1982;2,5;V
24/09/1982;0,0;V
25/09/1982;0,0;V
26/09/1982;1,0;V
27/09/1982;1,9;V
28/09/1982;0,0;V
29/09/1982;1,9;V
30/09/1982;0,0;V
01/10/1982;19,0;V
02/10/1982;0,0;V
03/10/1982;0,0;V
04/10/1982;0,0;V
05/10/1982;0,0;V
06/10/1982;22,0;V
07/10/1982;21,0;V
08/10/1982;48,3;V
09/10/1982;8,0;V
10/10/1982;0,0;V
11/10/1982;0,0;V
12/10/1982;9,5;V
13/10/1982;0,0;V
14/10/1982;1,2;V
15/10/1982;5,5;V
16/10/1982;12,5;V
17/10/1982;0,0;V
18/10/1982;0,0;V
19/10/1982;0,0;V
20/10/1982;0,0;V
21/10/1982;0,0;V
22/10/1982;0,0;V
23/10/1982;29,0;V
24/10/1982;11,0;V
25/10/1982;8,5;V
26/10/1982;0,0;V
27/10/1982;0,0;V
28/10/1982;0,0;V
29/10/1982;0,0;V
30/10/1982;0,0;V
31/10/1982;0,0;V
01/11/1982;0,0;V
02/11/1982;0,0;V
03/11/1982;0,0;V
04/11/1982;0,0;V
05/11/1982;0,0;V
06/11/1982;0,0;V
07/11/1982;0,0;V
08/11/1982;0,0;V
09/11/1982;13,0;V
10/11/1982;51,5;V
11/11/1982;0,0;V
12/11/1982;0,0;V
13/11/1982;0,0;V
14/11/1982;55,7;V
15/11/1982;0,0;V
16/11/1982;9,5;V
17/11/1982;0,0;V
18/11/1982;0,0;V
19/11/1982;0,0;V
20/11/1982;0,0;V
21/11/1982;0,0;V
22/11/1982;0,0;V
23/11/1982;0,0;V
24/11/1982;2,0;V
25/11/1982;0,0;V
26/11/1982;25,0;V
27/11/1982;0,0;V
28/11/1982;9,5;V
29/11/1982;1,5;V
30/11/1982;5,2;V
01/12/1982;0,0;V
02/12/1982;0,0;V
03/12/1982;0,0;V
04/12/1982;0,0;V
05/12/1982;0,0;V
06/12/1982;0,0;V
07/12/1982;7,0;V
08/12/1982;19,5;V
09/12/1982;10,0;V
10/12/1982;22,2;V
11/12/1982;6,0;V
12/12/1982;0,0;V
13/12/1982;19,0;V
14/12/1982;16,5;V
15/12/1982;0,0;V
16/12/1982;7,1;V
17/12/1982;0,0;V
18/12/1982;24,0;V
19/12/1982;0,0;V
20/12/1982;0,0;V
21/12/1982;1,8;V
22/12/1982;28,0;V
23/12/1982;0,0;V
24/12/1982;0,0;V
25/12/1982;0,0;V
26/12/1982;0,0;V
27/12/1982;0,0;V
28/12/1982;0,0;V
29/12/1982;0,0;V
30/12/1982;0,0;V
31/12/1982;0,0;V
01/01/1983;0,0;V
02/01/1983;3,2;V
03/01/1983;0,0;V
04/01/1983;0,2;V
05/01/1983;0,0;V
06/01/1983;0,0;V
07/01/1983;0,0;V
08/01/1983;0,0;V
09/01/1983;0,0;V
10/01/1983;0,0;V
11/01/1983;0,0;V
12/01/1983;0,0;V
13/01/1983;0,0;V
14/01/1983;0,0;V
15/01/1983;1,5;V
16/01/1983;6,5;V
17/01/1983;0,0;V
18/01/1983;0,0;V
19/01/1983;0,0;V
20/01/1983;0,0;V
21/01/1983;0,0;V
22/01/1983;0,0;V
23/01/1983;0,0;V
24/01/1983;0,0;V
25/01/1983;0,0;V
26/01/1983;0,0;V
27/01/1983;0,0;V
28/01/1983;0,0;V
29/01/1983;0,0;V
30/01/1983;0,0;V
31/01/1983;2,0;V
01/02/1983;0,1;V
02/02/1983;0,0;V
03/02/1983;0,0;V
04/02/1983;0,0;V
05/02/1983;0,0;V
06/02/1983;51,5;V
07/02/1983;5,0;V
08/02/1983;19,5;V
09/02/1983;9,0;V
10/02/1983;0,0;V
11/02/1983;0,0;V
12/02/1983;0,0;V
13/02/1983;9,2;V
14/02/1983;4,1;V
15/02/1983;0,0;V
16/02/1983;0,0;V
17/02/1983;0,0;V
18/02/1983;0,0;V
19/02/1983;0,0;V
20/02/1983;0,0;V
21/02/1983;0,0;V
22/02/1983;0,0;V
23/02/1983;0,0;V
24/02/1983;0,0;V
25/02/1983;0,0;V
26/02/1983;0,0;V
27/02/1983;27,0;V
28/02/1983;0,0;V
01/03/1983;0,0;V
02/03/1983;0,0;V
03/03/1983;0,0;V
04/03/1983;0,0;V
05/03/1983;0,0;V
06/03/1983;0,0;V
07/03/1983;0,0;V
08/03/1983;0,0;V
09/03/1983;0,0;V
10/03/1983;0,0;V
11/03/1983;0,0;V
12/03/1983;0,0;V
13/03/1983;0,0;V
14/03/1983;0,0;V
15/03/1983;0,0;V
16/03/1983;26,0;V
17/03/1983;0,0;V
18/03/1983;0,0;V
19/03/1983;0,0;V
20/03/1983;0,0;V
21/03/1983;0,0;V
22/03/1983;0,0;V
23/03/1983;0,0;V
24/03/1983;0,0;V
25/03/1983;31,0;V
26/03/1983;2,3;V
27/03/1983;0,0;V
28/03/1983;0,0;V
29/03/1983;17,0;V
30/03/1983;9,0;V
31/03/1983;0,0;V
01/04/1983;0,0;V
02/04/1983;33,3;V
03/04/1983;8,0;V
04/04/1983;21,5;V
05/04/1983;17,6;V
06/04/1983;4,5;V
07/04/1983;0,0;V
08/04/1983;0,0;V
09/04/1983;0,0;V
10/04/1983;0,0;V
11/04/1983;0,0;V
12/04/1983;0,0;V
13/04/1983;0,0;V
14/04/1983;0,0;V
15/04/1983;0,0;V
16/04/1983;0,0;V
17/04/1983;0,0;V
18/04/1983;0,0;V
19/04/1983;1,8;V
20/04/1983;0,0;V
21/04/1983;0,0;V
22/04/1983;24,8;V
23/04/1983;0,0;V
24/04/1983;0,0;V
25/04/1983;0,0;V
26/04/1983;0,0;V
27/04/1983;2,0;V
28/04/1983;0,0;V
29/04/1983;2,2;V
30/04/1983;0,0;V
01/05/1983;0,0;V
02/05/1983;2,1;V
03/05/1983;0,0;V
04/05/1983;0,0;V
05/05/1983;0,0;V
06/05/1983;0,0;V
07/05/1983;0,0;V
08/05/1983;0,0;V
09/05/1983;4,5;V
10/05/1983;0,0;V
11/05/1983;0,0;V
12/05/1983;1,1;V
13/05/1983;0,0;V
14/05/1983;0,0;V
15/05/1983;0,0;V
16/05/1983;0,0;V
17/05/1983;1,0;V
18/05/1983;0,0;V
19/05/1983;0,0;V
20/05/1983;0,0;V
21/05/1983;0,0;V
22/05/1983;0,0;V
23/05/1983;0,0;V
24/05/1983;0,0;V
25/05/1983;18,0;V
26/05/1983;31,0;V
27/05/1983;0,0;V
28/05/1983;0,8;V
29/05/1983;0,0;V
30/05/1983;0,0;V
31/05/1983;0,0;V
01/06/1983;0,0;V
02/06/1983;0,0;V
03/06/1983;0,0;V
04/06/1983;0,0;V
05/06/1983;0,0;V
06/06/1983;0,0;V
07/06/1983;0,0;V
08/06/1983;0,0;V
09/06/1983;0,0;V
10/06/1983;0,0;V
11/06/1983;0,0;V
12/06/1983;0,0;V
13/06/1983;0,0;V
14/06/1983;0,0;V
15/06/1983;0,0;V
16/06/1983;6,8;V
17/06/1983;0,0;V
18/06/1983;7,0;V
19/06/1983;4,5;V
20/06/1983;1,0;V
21/06/1983;0,0;V
22/06/1983;1,0;V
23/06/1983;3,0;V
24/06/1983;0,0;V
25/06/1983;0,0;V
26/06/1983;0,0;V
27/06/1983;0,0;V
28/06/1983;2,0;V
29/06/1983;10,0;V
30/06/1983;0,0;V
01/07/1983;0,0;V
02/07/1983;0,0;V
03/07/1983;0,0;V
04/07/1983;0,0;V
05/07/1983;0,0;V
06/07/1983;0,0;V
07/07/1983;1,0;V
08/07/1983;0,0;V
09/07/1983;0,0;V
10/07/1983;0,0;V
11/07/1983;0,0;V
12/07/1983;1,0;V
13/07/1983;0,0;V
14/07/1983;0,0;V
15/07/1983;0,5;V
16/07/1983;0,0;V
17/07/1983;0,0;V
18/07/1983;0,0;V
19/07/1983;0,0;V
20/07/1983;0,0;V
21/07/1983;0,0;V
22/07/1983;0,0;V
23/07/1983;0,0;V
24/07/1983;0,0;V
25/07/1983;0,0;V
26/07/1983;0,0;V
27/07/1983;0,0;V
28/07/1983;0,0;V
29/07/1983;0,0;V
30/07/1983;0,0;V
31/07/1983;0,0;V
01/08/1983;0,0;V
02/08/1983;0,0;V
03/08/1983;9,1;V
04/08/1983;10,0;V
05/08/1983;0,0;V
06/08/1983;0,0;V
07/08/1983;0,0;V
08/08/1983;0,0;V
09/08/1983;0,0;V
10/08/1983;0,0;V
11/08/1983;0,0;V
12/08/1983;18,0;V
13/08/1983;0,0;V
14/08/1983;0,0;V
15/08/1983;0,0;V
16/08/1983;0,0;V
17/08/1983;0,0;V
18/08/1983;15,0;V
19/08/1983;0,0;V
20/08/1983;0,0;V
21/08/1983;0,0;V
22/08/1983;0,0;V
23/08/1983;0,0;V
24/08/1983;27,0;V
25/08/1983;20,0;V
26/08/1983;80,0;V
27/08/1983;0,0;V
28/08/1983;1,5;V
29/08/1983;0,0;V
30/08/1983;0,0;V
31/08/1983;0,0;V
01/09/1983;0,0;V
02/09/1983;0,0;V
03/09/1983;4,5;V
04/09/1983;0,0;V
05/09/1983;0,0;V
06/09/1983;0,0;V
07/09/1983;0,0;V
08/09/1983;0,0;V
09/09/1983;0,0;V
10/09/1983;0,0;V
11/09/1983;0,0;V
12/09/1983;0,0;V
13/09/1983;0,0;V
14/09/1983;0,0;V
15/09/1983;0,0;V
16/09/1983;0,0;V
17/09/1983;6,0;V
18/09/1983;0,0;V
19/09/1983;0,0;V
20/09/1983;0,0;V
21/09/1983;0,0;V
22/09/1983;0,0;V
23/09/1983;0,0;V
24/09/1983;0,0;V
25/09/1983;0,0;V
26/09/1983;0,0;V
27/09/1983;0,0;V
28/09/1983;0,0;V
29/09/1983;0,0;V
30/09/1983;0,0;V
01/10/1983;0,0;V
02/10/1983;0,0;V
03/10/1983;0,0;V
04/10/1983;0,0;V
05/10/1983;0,0;V
06/10/1983;0,0;V
07/10/1983;0,0;V
08/10/1983;0,0;V
09/10/1983;0,0;V
10/10/1983;0,0;V
11/10/1983;0,0;V
12/10/1983;0,0;V
13/10/1983;0,0;V
14/10/1983;0,0;V
15/10/1983;0,0;V
16/10/1983;0,0;V
17/10/1983;16,5;V
18/10/1983;0,0;V
19/10/1983;0,0;V
20/10/1983;0,0;V
21/10/1983;0,0;V
22/10/1983;2,1;V
23/10/1983;0,0;V
24/10/1983;0,0;V
25/10/1983;0,0;V
26/10/1983;0,0;V
27/10/1983;0,0;V
28/10/1983;0,0;V
29/10/1983;0,0;V
30/10/1983;0,0;V
31/10/1983;56,0;V
01/11/1983;0,0;V
02/11/1983;0,0;V
03/11/1983;0,0;V
04/11/1983;0,0;V
05/11/1983;0,0;V
06/11/1983;0,0;V
07/11/1983;0,0;V
08/11/1983;0,0;V
09/11/1983;0,0;V
10/11/1983;0,0;V
11/11/1983;0,0;V
12/11/1983;0,0;V
13/11/1983;0,0;V
14/11/1983;0,0;V
15/11/1983;0,0;V
16/11/1983;0,0;V
17/11/1983;0,0;V
18/11/1983;2,0;V
19/11/1983;0,0;V
20/11/1983;0,0;V
21/11/1983;12,0;V
22/11/1983;0,0;V
23/11/1983;0,0;V
24/11/1983;0,0;V
25/11/1983;0,0;V
26/11/1983;0,0;V
27/11/1983;10,0;V
28/11/1983;0,0;V
29/11/1983;0,0;V
30/11/1983;0,0;V
01/12/1983;0,0;V
02/12/1983;0,0;V
03/12/1983;0,0;V
04/12/1983;0,0;V
05/12/1983;0,0;V
06/12/1983;0,0;V
07/12/1983;0,1;V
08/12/1983;0,0;V
09/12/1983;0,0;V
10/12/1983;0,0;V
11/12/1983;9,0;V
12/12/1983;0,0;V
13/12/1983;0,0;V
14/12/1983;0,0;V
15/12/1983;0,0;V
16/12/1983;20,0;V
17/12/1983;24,5;V
18/12/1983;21,0;V
19/12/1983;0,0;V
20/12/1983;67,5;V
21/12/1983;14,0;V
22/12/1983;16,0;V
23/12/1983;0,0;V
24/12/1983;0,0;V
25/12/1983;0,0;V
26/12/1983;0,0;V
27/12/1983;0,0;V
28/12/1983;0,0;V
29/12/1983;0,0;V
30/12/1983;0,0;V
31/12/1983;0,0;V
01/01/1984;0,0;V
02/01/1984;0,0;V
03/01/1984;3,0;V
04/01/1984;5,0;V
05/01/1984;0,0;V
06/01/1984;0,0;V
07/01/1984;0,0;V
08/01/1984;5,0;V
09/01/1984;5,2;V
10/01/1984;0,0;V
11/01/1984;0,0;V
12/01/1984;0,0;V
13/01/1984;1,0;V
14/01/1984;2,5;V
15/01/1984;0,0;V
16/01/1984;0,0;V
17/01/1984;0,0;V
18/01/1984;0,0;V
19/01/1984;0,0;V
20/01/1984;22,0;V
21/01/1984;0,0;V
22/01/1984;33,3;V
23/01/1984;25,0;V
24/01/1984;19,0;V
25/01/1984;0,0;V
26/01/1984;0,0;V
27/01/1984;0,0;V
28/01/1984;14,0;V
29/01/1984;0,0;V
30/01/1984;20,5;V
31/01/1984;3,2;V
01/02/1984;10,0;V
02/02/1984;0,0;V
03/02/1984;0,0;V
04/02/1984;0,0;V
05/02/1984;0,0;V
06/02/1984;0,0;V
07/02/1984;0,0;V
08/02/1984;0,5;V
09/02/1984;0,0;V
10/02/1984;0,0;V
11/02/1984;0,0;V
12/02/1984;0,0;V
13/02/1984;0,0;V
14/02/1984;0,0;V
15/02/1984;0,0;V
16/02/1984;0,0;V
17/02/1984;0,0;V
18/02/1984;0,0;V
19/02/1984;0,0;V
20/02/1984;0,0;V
21/02/1984;0,0;V
22/02/1984;6,2;V
23/02/1984;0,8;V
24/02/1984;0,0;V
25/02/1984;10,0;V
26/02/1984;4,5;V
27/02/1984;12,0;V
28/02/1984;0,0;V
29/02/1984;10,2;V
01/03/1984;0,0;V
02/03/1984;7,5;V
03/03/1984;0,0;V
04/03/1984;0,0;V
05/03/1984;0,0;V
06/03/1984;0,0;V
07/03/1984;0,0;V
08/03/1984;0,0;V
09/03/1984;0,0;V
10/03/1984;0,0;V
11/03/1984;0,0;V
12/03/1984;0,0;V
13/03/1984;0,0;V
14/03/1984;0,0;V
15/03/1984;0,0;V
16/03/1984;0,0;V
17/03/1984;3,8;V
18/03/1984;10,0;V
19/03/1984;0,0;V
20/03/1984;0,0;V
21/03/1984;0,0;V
22/03/1984;0,0;V
23/03/1984;0,0;V
24/03/1984;0,0;V
25/03/1984;0,0;V
26/03/1984;7,0;V
27/03/1984;8,5;V
28/03/1984;0,0;V
29/03/1984;1,0;V
30/03/1984;8,0;V
31/03/1984;0,0;V
01/04/1984;0,0;V
02/04/1984;10,0;V
03/04/1984;18,0;V
04/04/1984;0,0;V
05/04/1984;0,0;V
06/04/1984;7,8;V
07/04/1984;0,0;V
08/04/1984;3,0;V
09/04/1984;0,0;V
10/04/1984;0,0;V
11/04/1984;30,0;V
12/04/1984;1,0;V
13/04/1984;0,0;V
14/04/1984;0,0;V
15/04/1984;0,0;V
16/04/1984;1,2;V
17/04/1984;3,8;V
18/04/1984;0,0;V
19/04/1984;0,0;V
20/04/1984;0,0;V
21/04/1984;0,0;V
22/04/1984;0,0;V
23/04/1984;0,0;V
24/04/1984;0,0;V
25/04/1984;0,0;V
26/04/1984;0,0;V
27/04/1984;0,0;V
28/04/1984;0,0;V
29/04/1984;0,0;V
30/04/1984;8,0;V
01/05/1984;0,0;V
02/05/1984;18,0;V
03/05/1984;0,0;V
04/05/1984;0,0;V
05/05/1984;15,0;V
06/05/1984;0,0;V
07/05/1984;0,0;V
08/05/1984;0,0;V
09/05/1984;0,5;V
10/05/1984;6,0;V
11/05/1984;0,0;V
12/05/1984;0,0;V
13/05/1984;0,0;V
14/05/1984;0,0;V
15/05/1984;0,0;V
16/05/1984;21,0;V
17/05/1984;2,0;V
18/05/1984;3,8;V
19/05/1984;3,0;V
20/05/1984;0,0;V
21/05/1984;22,3;V
22/05/1984;21,2;V
23/05/1984;12,5;V
24/05/1984;1,2;V
25/05/1984;12,0;V
26/05/1984;0,0;V
27/05/1984;9,0;V
28/05/1984;8,0;V
29/05/1984;0,0;V
30/05/1984;1,1;V
31/05/1984;0,0;V
01/06/1984;0,0;V
02/06/1984;0,0;V
03/06/1984;0,0;V
04/06/1984;9,0;V
05/06/1984;38,0;V
06/06/1984;2,2;V
07/06/1984;3,5;V
08/06/1984;0,0;V
09/06/1984;2,5;V
10/06/1984;0,0;V
11/06/1984;0,0;V
12/06/1984;0,0;V
13/06/1984;0,0;V
14/06/1984;0,0;V
15/06/1984;0,0;V
16/06/1984;0,0;V
17/06/1984;8,0;V
18/06/1984;0,0;V
19/06/1984;0,0;V
20/06/1984;0,0;V
21/06/1984;0,0;V
22/06/1984;1,2;V
23/06/1984;0,0;V
24/06/1984;0,0;V
25/06/1984;0,0;V
26/06/1984;0,0;V
27/06/1984;0,0;V
28/06/1984;0,0;V
29/06/1984;0,0;V
30/06/1984;0,0;V
01/07/1984;0,0;V
02/07/1984;0,0;V
03/07/1984;0,0;V
04/07/1984;0,0;V
05/07/1984;0,0;V
06/07/1984;0,0;V
07/07/1984;0,0;V
08/07/1984;0,0;V
09/07/1984;0,0;V
10/07/1984;0,0;V
11/07/1984;0,0;V
12/07/1984;0,0;V
13/07/1984;0,0;V
14/07/1984;0,0;V
15/07/1984;0,0;V
16/07/1984;0,0;V
17/07/1984;4,0;V
18/07/1984;0,0;V
19/07/1984;0,0;V
20/07/1984;0,0;V
21/07/1984;0,0;V
22/07/1984;0,0;V
23/07/1984;0,0;V
24/07/1984;0,0;V
25/07/1984;0,0;V
26/07/1984;0,0;V
27/07/1984;17,5;V
28/07/1984;0,0;V
29/07/1984;0,0;V
30/07/1984;0,0;V
31/07/1984;0,0;V
01/08/1984;0,0;V
02/08/1984;0,0;V
03/08/1984;0,0;V
04/08/1984;0,0;V
05/08/1984;0,0;V
06/08/1984;0,0;V
07/08/1984;0,0;V
08/08/1984;0,0;V
09/08/1984;15,0;V
10/08/1984;10,0;V
11/08/1984;28,0;V
12/08/1984;0,0;V
13/08/1984;0,0;V
14/08/1984;0,0;V
15/08/1984;0,0;V
16/08/1984;0,0;V
17/08/1984;0,0;V
18/08/1984;0,0;V
19/08/1984;0,0;V
20/08/1984;0,0;V
21/08/1984;0,0;V
22/08/1984;0,0;V
23/08/1984;0,0;V
24/08/1984;15,0;V
25/08/1984;7,0;V
26/08/1984;0,0;V
27/08/1984;0,0;V
28/08/1984;0,0;V
29/08/1984;0,0;V
30/08/1984;0,0;V
31/08/1984;0,0;V
01/09/1984;0,0;V
02/09/1984;0,0;V
03/09/1984;0,0;V
04/09/1984;0,0;V
05/09/1984;0,0;V
06/09/1984;19,1;V
07/09/1984;0,0;V
08/09/1984;0,0;V
09/09/1984;0,0;V
10/09/1984;0,0;V
11/09/1984;3,0;V
12/09/1984;0,0;V
13/09/1984;0,0;V
14/09/1984;0,0;V
15/09/1984;3,6;V
16/09/1984;18,5;V
17/09/1984;0,0;V
18/09/1984;0,0;V
19/09/1984;37,0;V
20/09/1984;10,0;V
21/09/1984;2,5;V
22/09/1984;0,0;V
23/09/1984;1,5;V
24/09/1984;12,8;V
25/09/1984;0,0;V
26/09/1984;1,5;V
27/09/1984;0,0;V
28/09/1984;0,0;V
29/09/1984;0,0;V
30/09/1984;17,5;V
01/10/1984;0,0;V
02/10/1984;31,5;V
03/10/1984;0,0;V
04/10/1984;36,0;V
05/10/1984;60,0;V
06/10/1984;40,0;V
07/10/1984;23,0;V
08/10/1984;3,0;V
09/10/1984;0,0;V
10/10/1984;0,0;V
11/10/1984;0,0;V
12/10/1984;12,0;V
13/10/1984;0,0;V
14/10/1984;0,0;V
15/10/1984;0,0;V
16/10/1984;0,0;V
17/10/1984;0,0;V
18/10/1984;0,0;V
19/10/1984;0,0;V
20/10/1984;0,0;V
21/10/1984;39,0;V
22/10/1984;0,0;V
23/10/1984;0,0;V
24/10/1984;0,0;V
25/10/1984;7,2;V
26/10/1984;3,8;V
27/10/1984;1,8;V
28/10/1984;0,0;V
29/10/1984;0,0;V
30/10/1984;0,0;V
31/10/1984;0,0;V
01/11/1984;0,0;V
02/11/1984;0,0;V
03/11/1984;0,0;V
04/11/1984;0,0;V
05/11/1984;2,6;V
06/11/1984;20,5;V
07/11/1984;3,7;V
08/11/1984;0,0;V
09/11/1984;0,0;V
10/11/1984;0,0;V
11/11/1984;0,0;V
12/11/1984;0,0;V
13/11/1984;0,3;V
14/11/1984;0,0;V
15/11/1984;7,2;V
16/11/1984;0,0;V
17/11/1984;21,2;V
18/11/1984;13,8;V
19/11/1984;29,0;V
20/11/1984;1,8;V
21/11/1984;0,0;V
22/11/1984;0,0;V
23/11/1984;0,0;V
24/11/1984;0,0;V
25/11/1984;0,0;V
26/11/1984;0,0;V
27/11/1984;43,5;V
28/11/1984;0,0;V
29/11/1984;0,0;V
30/11/1984;0,0;V
01/12/1984;0,0;V
02/12/1984;17,0;V
03/12/1984;0,0;V
04/12/1984;0,0;V
05/12/1984;0,0;V
06/12/1984;0,0;V
07/12/1984;0,0;V
08/12/1984;0,0;V
09/12/1984;0,0;V
10/12/1984;0,0;V
11/12/1984;0,0;V
12/12/1984;0,0;V
13/12/1984;0,0;V
14/12/1984;10,0;V
15/12/1984;1,0;V
16/12/1984;5,1;V
17/12/1984;1,0;V
18/12/1984;0,0;V
19/12/1984;15,0;V
20/12/1984;2,5;V
21/12/1984;0,0;V
22/12/1984;0,0;V
23/12/1984;0,0;V
24/12/1984;0,0;V
25/12/1984;0,0;V
26/12/1984;0,0;V
27/12/1984;0,0;V
28/12/1984;12,0;V
29/12/1984;0,0;V
30/12/1984;0,0;V
31/12/1984;0,0;V
01/01/1985;0,0;V
02/01/1985;0,0;V
03/01/1985;0,0;V
04/01/1985;6,0;V
05/01/1985;0,0;V
06/01/1985;18,5;V
07/01/1985;4,0;V
08/01/1985;0,0;V
09/01/1985;0,0;V
10/01/1985;0,0;V
11/01/1985;0,0;V
12/01/1985;0,0;V
13/01/1985;6,0;V
14/01/1985;6,0;V
15/01/1985;11,5;V
16/01/1985;20,0;V
17/01/1985;9,5;V
18/01/1985;0,0;V
19/01/1985;2,0;V
20/01/1985;4,2;V
21/01/1985;0,0;V
22/01/1985;9,0;V
23/01/1985;0,0;V
24/01/1985;14,0;V
25/01/1985;0,0;V
26/01/1985;0,0;V
27/01/1985;26,0;V
28/01/1985;0,0;V
29/01/1985;1,0;V
30/01/1985;0,0;V
31/01/1985;0,0;V
01/02/1985;0,0;V
02/02/1985;0,0;V
03/02/1985;0,0;V
04/02/1985;0,0;V
05/02/1985;0,0;V
06/02/1985;1,1;V
07/02/1985;0,5;V
08/02/1985;0,0;V
09/02/1985;0,0;V
10/02/1985;3,4;V
11/02/1985;30,1;V
12/02/1985;2,5;V
13/02/1985;0,0;V
14/02/1985;0,0;V
15/02/1985;0,0;V
16/02/1985;10,0;V
17/02/1985;0,0;V
18/02/1985;2,5;V
19/02/1985;0,0;V
20/02/1985;0,0;V
21/02/1985;0,0;V
22/02/1985;0,0;V
23/02/1985;0,0;V
24/02/1985;0,0;V
25/02/1985;0,0;V
26/02/1985;0,0;V
27/02/1985;0,0;V
28/02/1985;0,8;V
01/03/1985;0,0;V
02/03/1985;0,0;V
03/03/1985;40,0;V
04/03/1985;0,0;V
05/03/1985;1,0;V
06/03/1985;18,0;V
07/03/1985;0,2;V
08/03/1985;0,0;V
09/03/1985;0,0;V
10/03/1985;0,0;V
11/03/1985;0,0;V
12/03/1985;0,0;V
13/03/1985;0,0;V
14/03/1985;8,5;V
15/03/1985;0,0;V
16/03/1985;5,0;V
17/03/1985;0,0;V
18/03/1985;5,0;V
19/03/1985;0,0;V
20/03/1985;0,0;V
21/03/1985;5,0;V
22/03/1985;19,0;V
23/03/1985;9,0;V
24/03/1985;9,5;V
25/03/1985;0,0;V
26/03/1985;0,0;V
27/03/1985;0,0;V
28/03/1985;5,0;V
29/03/1985;0,0;V
30/03/1985;0,0;V
31/03/1985;0,0;V
01/04/1985;0,0;V
02/04/1985;0,0;V
03/04/1985;0,0;V
04/04/1985;0,0;V
05/04/1985;0,0;V
06/04/1985;8,0;V
07/04/1985;1,5;V
08/04/1985;0,0;V
09/04/1985;0,0;V
10/04/1985;0,0;V
11/04/1985;0,0;V
12/04/1985;8,5;V
13/04/1985;2,5;V
14/04/1985;0,0;V
15/04/1985;0,0;V
16/04/1985;0,0;V
17/04/1985;0,0;V
18/04/1985;0,0;V
19/04/1985;0,0;V
20/04/1985;0,0;V
21/04/1985;0,0;V
22/04/1985;0,0;V
23/04/1985;0,0;V
24/04/1985;0,0;V
25/04/1985;0,0;V
26/04/1985;2,0;V
27/04/1985;0,0;V
28/04/1985;0,0;V
29/04/1985;2,2;V
30/04/1985;0,0;V
01/05/1985;0,0;V
02/05/1985;0,0;V
03/05/1985;0,0;V
04/05/1985;0,0;V
05/05/1985;23,0;V
06/05/1985;0,0;V
07/05/1985;10,5;V
08/05/1985;11,8;V
09/05/1985;5,5;V
10/05/1985;0,0;V
11/05/1985;0,0;V
12/05/1985;0,0;V
13/05/1985;11,8;V
14/05/1985;0,0;V
15/05/1985;0,0;V
16/05/1985;0,0;V
17/05/1985;0,0;V
18/05/1985;0,0;V
19/05/1985;0,0;V
20/05/1985;0,0;V
21/05/1985;0,8;V
22/05/1985;0,0;V
23/05/1985;0,0;V
24/05/1985;0,0;V
25/05/1985;0,0;V
26/05/1985;0,0;V
27/05/1985;0,0;V
28/05/1985;0,0;V
29/05/1985;0,0;V
30/05/1985;0,0;V
31/05/1985;0,0;V
01/06/1985;0,0;V
02/06/1985;0,0;V
03/06/1985;0,0;V
04/06/1985;0,0;V
05/06/1985;0,0;V
06/06/1985;0,0;V
07/06/1985;0,0;V
08/06/1985;0,5;V
09/06/1985;0,0;V
10/06/1985;0,0;V
11/06/1985;0,0;V
12/06/1985;0,0;V
13/06/1985;0,0;V
14/06/1985;0,0;V
15/06/1985;0,0;V
16/06/1985;0,0;V
17/06/1985;1,0;V
18/06/1985;13,7;V
19/06/1985;0,0;V
20/06/1985;0,8;V
21/06/1985;0,0;V
22/06/1985;0,0;V
23/06/1985;22,8;V
24/06/1985;0,0;V
25/06/1985;0,0;V
26/06/1985;0,0;V
27/06/1985;0,0;V
28/06/1985;0,0;V
29/06/1985;0,0;V
30/06/1985;0,0;V
01/07/1985;0,0;V
02/07/1985;0,0;V
03/07/1985;0,0;V
04/07/1985;0,0;V
05/07/1985;0,0;V
06/07/1985;0,0;V
07/07/1985;0,0;V
08/07/1985;0,0;V
09/07/1985;0,0;V
10/07/1985;0,0;V
11/07/1985;0,0;V
12/07/1985;0,0;V
13/07/1985;0,0;V
14/07/1985;0,0;V
15/07/1985;0,0;V
16/07/1985;0,0;V
17/07/1985;0,0;V
18/07/1985;0,0;V
19/07/1985;0,0;V
20/07/1985;0,0;V
21/07/1985;0,0;V
22/07/1985;0,0;V
23/07/1985;0,0;V
24/07/1985;0,0;V
25/07/1985;0,0;V
26/07/1985;0,0;V
27/07/1985;0,0;V
28/07/1985;0,0;V
29/07/1985;0,0;V
30/07/1985;0,0;V
31/07/1985;19,0;V
01/08/1985;0,0;V
02/08/1985;0,0;V
03/08/1985;0,0;V
04/08/1985;0,0;V
05/08/1985;0,0;V
06/08/1985;0,0;V
07/08/1985;14,2;V
08/08/1985;0,0;V
09/08/1985;0,0;V
10/08/1985;0,0;V
11/08/1985;0,0;V
12/08/1985;0,0;V
13/08/1985;0,0;V
14/08/1985;0,0;V
15/08/1985;0,0;V
16/08/1985;0,0;V
17/08/1985;0,0;V
18/08/1985;0,0;V
19/08/1985;0,0;V
20/08/1985;0,0;V
21/08/1985;0,0;V
22/08/1985;0,0;V
23/08/1985;0,0;V
24/08/1985;0,0;V
25/08/1985;0,0;V
26/08/1985;50,0;V
27/08/1985;0,0;V
28/08/1985;0,0;V
29/08/1985;0,0;V
30/08/1985;0,0;V
31/08/1985;0,0;V
01/09/1985;0,0;V
02/09/1985;0,0;V
03/09/1985;0,0;V
04/09/1985;0,0;V
05/09/1985;0,0;V
06/09/1985;0,0;V
07/09/1985;0,0;V
08/09/1985;0,0;V
09/09/1985;0,0;V
10/09/1985;0,0;V
11/09/1985;0,0;V
12/09/1985;0,0;V
13/09/1985;0,0;V
14/09/1985;0,0;V
15/09/1985;0,0;V
16/09/1985;0,0;V
17/09/1985;0,0;V
18/09/1985;0,0;V
19/09/1985;0,0;V
20/09/1985;0,0;V
21/09/1985;0,0;V
22/09/1985;0,0;V
23/09/1985;0,0;V
24/09/1985;0,0;V
25/09/1985;0,0;V
26/09/1985;0,0;V
27/09/1985;0,0;V
28/09/1985;0,0;V
29/09/1985;0,0;V
30/09/1985;0,0;V
01/10/1985;0,0;V
02/10/1985;0,0;V
03/10/1985;0,0;V
04/10/1985;0,0;V
05/10/1985;0,0;V
06/10/1985;0,0;V
07/10/1985;0,0;V
08/10/1985;0,0;V
09/10/1985;0,0;V
10/10/1985;0,0;V
11/10/1985;0,0;V
12/10/1985;0,0;V
13/10/1985;0,0;V
14/10/1985;0,0;V
15/10/1985;0,0;V
16/10/1985;0,0;V
17/10/1985;0,0;V
18/10/1985;0,0;V
19/10/1985;0,0;V
20/10/1985;0,0;V
21/10/1985;0,0;V
22/10/1985;2,7;V
23/10/1985;0,0;V
24/10/1985;0,0;V
25/10/1985;3,2;V
26/10/1985;0,0;V
27/10/1985;0,0;V
28/10/1985;0,0;V
29/10/1985;0,0;V
30/10/1985;22,0;V
31/10/1985;12,0;V
01/11/1985;23,5;V
02/11/1985;0,0;V
03/11/1985;0,0;V
04/11/1985;0,0;V
05/11/1985;0,0;V
06/11/1985;26,0;V
07/11/1985;0,0;V
08/11/1985;0,0;V
09/11/1985;0,0;V
10/11/1985;0,0;V
11/11/1985;0,0;V
12/11/1985;0,0;V
13/11/1985;3,0;V
14/11/1985;2,8;V
15/11/1985;0,0;V
16/11/1985;0,0;V
17/11/1985;5,0;V
18/11/1985;0,0;V
19/11/1985;0,0;V
20/11/1985;5,0;V
21/11/1985;10,0;V
22/11/1985;8,0;V
23/11/1985;0,0;V
24/11/1985;0,0;V
25/11/1985;0,0;V
26/11/1985;15,0;V
27/11/1985;0,0;V
28/11/1985;0,0;V
29/11/1985;0,0;V
30/11/1985;6,0;V
01/12/1985;0,0;V
02/12/1985;0,0;V
03/12/1985;0,0;V
04/12/1985;0,0;V
05/12/1985;0,0;V
06/12/1985;0,0;V
07/12/1985;0,0;V
08/12/1985;0,0;V
09/12/1985;0,0;V
10/12/1985;0,0;V
11/12/1985;4,1;V
12/12/1985;0,0;V
13/12/1985;0,0;V
14/12/1985;0,0;V
15/12/1985;0,0;V
16/12/1985;0,0;V
17/12/1985;0,0;V
18/12/1985;0,0;V
19/12/1985;0,0;V
20/12/1985;0,0;V
21/12/1985;0,0;V
22/12/1985;0,0;V
23/12/1985;0,0;V
24/12/1985;0,0;V
25/12/1985;0,0;V
26/12/1985;32,8;V
27/12/1985;0,0;V
28/12/1985;0,0;V
29/12/1985;8,5;V
30/12/1985;20,2;V
31/12/1985;2,8;V
01/01/1986;0,0;V
02/01/1986;9,5;V
03/01/1986;2,8;V
04/01/1986;0,0;V
05/01/1986;0,0;V
06/01/1986;23,0;V
07/01/1986;0,0;V
08/01/1986;0,0;V
09/01/1986;9,5;V
10/01/1986;10,0;V
11/01/1986;0,0;V
12/01/1986;1,0;V
13/01/1986;0,0;V
14/01/1986;0,0;V
15/01/1986;0,7;V
16/01/1986;0,0;V
17/01/1986;0,0;V
18/01/1986;0,0;V
19/01/1986;0,0;V
20/01/1986;0,0;V
21/01/1986;0,0;V
22/01/1986;6,0;V
23/01/1986;2,5;V
24/01/1986;0,0;V
25/01/1986;0,0;V
26/01/1986;0,0;V
27/01/1986;0,0;V
28/01/1986;0,0;V
29/01/1986;0,0;V
30/01/1986;5,0;V
31/01/1986;29,5;V
01/02/1986;8,0;V
02/02/1986;0,2;V
03/02/1986;0,0;V
04/02/1986;0,0;V
05/02/1986;0,0;V
06/02/1986;0,0;V
07/02/1986;0,0;V
08/02/1986;0,0;V
09/02/1986;0,0;V
10/02/1986;0,0;V
11/02/1986;0,0;V
12/02/1986;0,0;V
13/02/1986;0,0;V
14/02/1986;0,0;V
15/02/1986;3,0;V
16/02/1986;0,0;V
17/02/1986;0,0;V
18/02/1986;14,0;V
19/02/1986;0,0;V
20/02/1986;13,0;V
21/02/1986;3,0;V
22/02/1986;5,0;V
23/02/1986;8,0;V
24/02/1986;7,5;V
25/02/1986;0,0;V
26/02/1986;0,0;V
27/02/1986;0,0;V
28/02/1986;0,0;V
01/03/1986;3,0;V
02/03/1986;40,1;V
03/03/1986;0,0;V
04/03/1986;8,0;V
05/03/1986;0,0;V
06/03/1986;0,0;V
07/03/1986;3,6;V
08/03/1986;1,5;V
09/03/1986;0,0;V
10/03/1986;1,0;V
11/03/1986;0,0;V
12/03/1986;0,0;V
13/03/1986;27,0;V
14/03/1986;0,0;V
15/03/1986;0,0;V
16/03/1986;0,0;V
17/03/1986;0,0;V
18/03/1986;0,0;V
19/03/1986;0,0;V
20/03/1986;0,0;V
21/03/1986;0,0;V
22/03/1986;21,0;V
23/03/1986;0,0;V
24/03/1986;0,0;V
25/03/1986;10,0;V
26/03/1986;0,0;V
27/03/1986;0,0;V
28/03/1986;0,0;V
29/03/1986;0,0;V
30/03/1986;0,0;V
31/03/1986;0,0;V
01/04/1986;0,0;V
02/04/1986;0,0;V
03/04/1986;0,0;V
04/04/1986;0,0;V
05/04/1986;0,0;V
06/04/1986;0,0;V
07/04/1986;0,0;V
08/04/1986;3,5;V
09/04/1986;14,1;V
10/04/1986;12,0;V
11/04/1986;4,8;V
12/04/1986;1,2;V
13/04/1986;3,8;V
14/04/1986;0,0;V
15/04/1986;0,0;V
16/04/1986;24,0;V
17/04/1986;0,0;V
18/04/1986;9,5;V
19/04/1986;0,0;V
20/04/1986;10,0;V
21/04/1986;1,5;V
22/04/1986;0,0;V
23/04/1986;0,0;V
24/04/1986;3,2;V
25/04/1986;0,0;V
26/04/1986;0,0;V
27/04/1986;8,5;V
28/04/1986;13,0;V
29/04/1986;1,0;V
30/04/1986;3,0;V
01/05/1986;0,0;V
02/05/1986;0,0;V
03/05/1986;1,0;V
04/05/1986;0,0;V
05/05/1986;9,0;V
06/05/1986;6,1;V
07/05/1986;0,0;V
08/05/1986;0,0;V
09/05/1986;0,0;V
10/05/1986;0,0;V
11/05/1986;0,0;V
12/05/1986;0,0;V
13/05/1986;0,0;V
14/05/1986;0,0;V
15/05/1986;1,5;V
16/05/1986;0,0;V
17/05/1986;0,0;V
18/05/1986;0,0;V
19/05/1986;0,0;V
20/05/1986;0,0;V
21/05/1986;0,0;V
22/05/1986;0,0;V
23/05/1986;0,0;V
24/05/1986;0,0;V
25/05/1986;0,0;V
26/05/1986;0,0;V
27/05/1986;0,0;V
28/05/1986;0,0;V
29/05/1986;0,0;V
30/05/1986;12,5;V
31/05/1986;0,0;V
01/06/1986;5,0;V
02/06/1986;0,0;V
03/06/1986;0,0;V
04/06/1986;3,5;V
05/06/1986;0,0;V
06/06/1986;20,0;V
07/06/1986;0,0;V
08/06/1986;0,0;V
09/06/1986;0,0;V
10/06/1986;0,0;V
11/06/1986;0,0;V
12/06/1986;0,0;V
13/06/1986;5,5;V
14/06/1986;0,0;V
15/06/1986;3,1;V
16/06/1986;5,0;V
17/06/1986;0,0;V
18/06/1986;0,0;V
19/06/1986;5,2;V
20/06/1986;2,5;V
21/06/1986;0,0;V
22/06/1986;0,0;V
23/06/1986;0,0;V
24/06/1986;0,0;V
25/06/1986;0,0;V
26/06/1986;0,0;V
27/06/1986;0,0;V
28/06/1986;0,0;V
29/06/1986;0,0;V
30/06/1986;0,0;V
01/07/1986;0,0;V
02/07/1986;0,0;V
03/07/1986;0,0;V
04/07/1986;0,0;V
05/07/1986;0,0;V
06/07/1986;0,0;V
07/07/1986;38,0;V
08/07/1986;0,0;V
09/07/1986;0,0;V
10/07/1986;0,0;V
11/07/1986;0,0;V
12/07/1986;0,0;V
13/07/1986;7,0;V
14/07/1986;41,0;V
15/07/1986;0,0;V
16/07/1986;0,0;V
17/07/1986;0,0;V
18/07/1986;0,0;V
19/07/1986;0,0;V
20/07/1986;7,3;V
21/07/1986;0,0;V
22/07/1986;0,0;V
23/07/1986;0,0;V
24/07/1986;0,0;V
25/07/1986;0,0;V
26/07/1986;0,0;V
27/07/1986;0,0;V
28/07/1986;0,0;V
29/07/1986;0,0;V
30/07/1986;0,0;V
31/07/1986;0,0;V
01/08/1986;0,0;V
02/08/1986;0,0;V
03/08/1986;0,0;V
04/08/1986;0,0;V
05/08/1986;0,0;V
06/08/1986;0,0;V
07/08/1986;0,0;V
08/08/1986;0,0;V
09/08/1986;0,0;V
10/08/1986;0,0;V
11/08/1986;0,0;V
12/08/1986;0,0;V
13/08/1986;0,0;V
14/08/1986;0,0;V
15/08/1986;0,0;V
16/08/1986;0,0;V
17/08/1986;0,0;V
18/08/1986;0,0;V
19/08/1986;0,0;V
20/08/1986;0,0;V
21/08/1986;0,0;V
22/08/1986;0,0;V
23/08/1986;0,0;V
24/08/1986;0,0;V
25/08/1986;0,0;V
26/08/1986;0,0;V
27/08/1986;0,0;V
28/08/1986;3,5;V
29/08/1986;0,0;V
30/08/1986;0,0;V
31/08/1986;0,0;V
01/09/1986;0,0;V
02/09/1986;0,0;V
03/09/1986;0,0;V
04/09/1986;62,0;V
05/09/1986;0,0;V
06/09/1986;0,0;V
07/09/1986;0,0;V
08/09/1986;0,0;V
09/09/1986;0,0;V
10/09/1986;58,0;V
11/09/1986;0,0;V
12/09/1986;0,0;V
13/09/1986;0,0;V
14/09/1986;0,0;V
15/09/1986;0,0;V
16/09/1986;0,0;V
17/09/1986;0,0;V
18/09/1986;0,0;V
19/09/1986;0,0;V
20/09/1986;0,0;V
21/09/1986;0,0;V
22/09/1986;0,0;V
23/09/1986;0,0;V
24/09/1986;0,0;V
25/09/1986;0,0;V
26/09/1986;10,0;V
27/09/1986;0,0;V
28/09/1986;0,0;V
29/09/1986;0,0;V
30/09/1986;0,0;V
01/10/1986;0,0;V
02/10/1986;0,0;V
03/10/1986;0,0;V
04/10/1986;0,0;V
05/10/1986;0,0;V
06/10/1986;0,0;V
07/10/1986;0,0;V
08/10/1986;0,0;V
09/10/1986;0,0;V
10/10/1986;0,0;V
11/10/1986;0,0;V
12/10/1986;0,0;V
13/10/1986;0,0;V
14/10/1986;0,0;V
15/10/1986;0,0;V
16/10/1986;0,0;V
17/10/1986;0,0;V
18/10/1986;0,0;V
19/10/1986;2,0;V
20/10/1986;8,0;V
21/10/1986;0,0;V
22/10/1986;0,0;V
23/10/1986;0,0;V
24/10/1986;0,0;V
25/10/1986;0,0;V
26/10/1986;0,0;V
27/10/1986;0,0;V
28/10/1986;0,0;V
29/10/1986;0,0;V
30/10/1986;0,0;V
31/10/1986;0,0;V
01/11/1986;0,0;V
02/11/1986;5,0;V
03/11/1986;67,0;V
04/11/1986;0,0;V
05/11/1986;0,0;V
06/11/1986;0,0;V
07/11/1986;0,0;V
08/11/1986;0,0;V
09/11/1986;0,0;V
10/11/1986;0,0;V
11/11/1986;0,0;V
12/11/1986;0,0;V
13/11/1986;0,0;V
14/11/1986;5,0;V
15/11/1986;0,0;V
16/11/1986;0,0;V
17/11/1986;0,0;V
18/11/1986;0,0;V
19/11/1986;0,0;V
20/11/1986;0,0;V
21/11/1986;0,0;V
22/11/1986;18,0;V
23/11/1986;20,0;V
24/11/1986;17,0;V
25/11/1986;0,0;V
26/11/1986;0,0;V
27/11/1986;0,0;V
28/11/1986;0,0;V
29/11/1986;0,0;V
30/11/1986;0,0;V
01/12/1986;0,0;V
02/12/1986;0,0;V
03/12/1986;0,0;V
04/12/1986;0,0;V
05/12/1986;0,0;V
06/12/1986;0,0;V
07/12/1986;10,1;V
08/12/1986;0,0;V
09/12/1986;0,0;V
10/12/1986;0,0;V
11/12/1986;0,0;V
12/12/1986;0,0;V
13/12/1986;0,0;V
14/12/1986;6,0;V
15/12/1986;28,0;V
16/12/1986;4,1;V
17/12/1986;4,1;V
18/12/1986;0,0;V
19/12/1986;0,0;V
20/12/1986;0,0;V
21/12/1986;0,0;V
22/12/1986;0,0;V
23/12/1986;0,0;V
24/12/1986;0,0;V
25/12/1986;0,0;V
26/12/1986;0,0;V
27/12/1986;0,0;V
28/12/1986;0,0;V
29/12/1986;0,0;V
30/12/1986;0,0;V
31/12/1986;0,0;V
01/01/1987;0,0;V
02/01/1987;1,8;V
03/01/1987;0,0;V
04/01/1987;0,0;V
05/01/1987;0,0;V
06/01/1987;0,0;V
07/01/1987;0,0;V
08/01/1987;0,0;V
09/01/1987;0,0;V
10/01/1987;10,0;V
11/01/1987;50,1;V
12/01/1987;0,0;V
13/01/1987;21,0;V
14/01/1987;19,5;V
15/01/1987;12,0;V
16/01/1987;0,0;V
17/01/1987;0,0;V
18/01/1987;0,0;V
19/01/1987;0,0;V
20/01/1987;0,0;V
21/01/1987;0,0;V
22/01/1987;0,0;V
23/01/1987;0,0;V
24/01/1987;0,0;V
25/01/1987;0,0;V
26/01/1987;0,0;V
27/01/1987;2,1;V
28/01/1987;4,0;V
29/01/1987;0,0;V
30/01/1987;13,0;V
31/01/1987;0,0;V
01/02/1987;0,0;V
02/02/1987;0,0;V
03/02/1987;0,0;V
04/02/1987;0,0;V
05/02/1987;0,0;V
06/02/1987;0,0;V
07/02/1987;0,0;V
08/02/1987;0,0;V
09/02/1987;0,0;V
10/02/1987;4,5;V
11/02/1987;8,5;V
12/02/1987;10,0;V
13/02/1987;1,0;V
14/02/1987;0,0;V
15/02/1987;0,0;V
16/02/1987;9,5;V
17/02/1987;3,5;V
18/02/1987;11,0;V
19/02/1987;19,0;V
20/02/1987;5,0;V
21/02/1987;0,0;V
22/02/1987;0,0;V
23/02/1987;0,0;V
24/02/1987;0,0;V
25/02/1987;0,0;V
26/02/1987;0,0;V
27/02/1987;0,0;V
28/02/1987;0,0;V
01/03/1987;0,0;V
02/03/1987;0,0;V
03/03/1987;0,0;V
04/03/1987;0,0;V
05/03/1987;0,0;V
06/03/1987;0,0;V
07/03/1987;0,0;V
08/03/1987;0,0;V
09/03/1987;0,0;V
10/03/1987;0,0;V
11/03/1987;0,0;V
12/03/1987;0,0;V
13/03/1987;0,0;V
14/03/1987;0,0;V
15/03/1987;0,0;V
16/03/1987;0,0;V
17/03/1987;9,5;V
18/03/1987;0,0;V
19/03/1987;4,0;V
20/03/1987;0,0;V
21/03/1987;0,0;V
22/03/1987;0,0;V
23/03/1987;0,0;V
24/03/1987;0,0;V
25/03/1987;0,0;V
26/03/1987;0,0;V
27/03/1987;0,0;V
28/03/1987;0,0;V
29/03/1987;20,0;V
30/03/1987;2,5;V
31/03/1987;0,0;V
01/04/1987;0,0;V
02/04/1987;0,0;V
03/04/1987;2,5;V
04/04/1987;0,0;V
05/04/1987;8,2;V
06/04/1987;0,0;V
07/04/1987;0,0;V
08/04/1987;0,0;V
09/04/1987;6,8;V
10/04/1987;8,0;V
11/04/1987;15,0;V
12/04/1987;0,0;V
13/04/1987;6,9;V
14/04/1987;0,0;V
15/04/1987;0,0;V
16/04/1987;0,0;V
17/04/1987;0,0;V
18/04/1987;0,0;V
19/04/1987;0,0;V
20/04/1987;0,0;V
21/04/1987;0,0;V
22/04/1987;0,0;V
23/04/1987;0,0;V
24/04/1987;0,0;V
25/04/1987;0,0;V
26/04/1987;0,0;V
27/04/1987;0,0;V
28/04/1987;0,0;V
29/04/1987;0,0;V
30/04/1987;0,0;V
01/05/1987;0,0;V
02/05/1987;0,0;V
03/05/1987;0,0;V
04/05/1987;3,0;V
05/05/1987;0,0;V
06/05/1987;0,0;V
07/05/1987;8,0;V
08/05/1987;0,0;V
09/05/1987;0,0;V
10/05/1987;0,0;V
11/05/1987;0,0;V
12/05/1987;0,0;V
13/05/1987;0,0;V
14/05/1987;1,5;V
15/05/1987;0,0;V
16/05/1987;3,0;V
17/05/1987;0,0;V
18/05/1987;12,0;V
19/05/1987;3,0;V
20/05/1987;0,0;V
21/05/1987;9,5;V
22/05/1987;0,0;V
23/05/1987;0,0;V
24/05/1987;0,0;V
25/05/1987;0,0;V
26/05/1987;0,0;V
27/05/1987;0,0;V
28/05/1987;0,0;V
29/05/1987;0,0;V
30/05/1987;2,0;V
31/05/1987;0,0;V
01/06/1987;0,0;V
02/06/1987;0,0;V
03/06/1987;0,0;V
04/06/1987;0,0;V
05/06/1987;10,5;V
06/06/1987;0,0;V
07/06/1987;0,0;V
08/06/1987;0,0;V
09/06/1987;0,0;V
10/06/1987;0,0;V
11/06/1987;0,0;V
12/06/1987;7,0;V
13/06/1987;0,0;V
14/06/1987;0,0;V
15/06/1987;4,5;V
16/06/1987;7,5;V
17/06/1987;0,0;V
18/06/1987;0,0;V
19/06/1987;0,0;V
20/06/1987;3,1;V
21/06/1987;0,0;V
22/06/1987;0,0;V
23/06/1987;0,0;V
24/06/1987;0,0;V
25/06/1987;0,0;V
26/06/1987;0,0;V
27/06/1987;9,0;V
28/06/1987;0,0;V
29/06/1987;0,0;V
30/06/1987;0,0;V
01/07/1987;0,0;V
02/07/1987;0,0;V
03/07/1987;0,0;V
04/07/1987;0,0;V
05/07/1987;0,0;V
06/07/1987;0,0;V
07/07/1987;0,0;V
08/07/1987;0,0;V
09/07/1987;44,0;V
10/07/1987;0,0;V
11/07/1987;0,0;V
12/07/1987;0,0;V
13/07/1987;0,0;V
14/07/1987;0,0;V
15/07/1987;0,0;V
16/07/1987;0,0;V
17/07/1987;0,0;V
18/07/1987;0,0;V
19/07/1987;0,0;V
20/07/1987;0,0;V
21/07/1987;0,0;V
22/07/1987;0,0;V
23/07/1987;0,0;V
24/07/1987;0,0;V
25/07/1987;0,0;V
26/07/1987;0,0;V
27/07/1987;0,0;V
28/07/1987;0,0;V
29/07/1987;0,0;V
30/07/1987;0,0;V
31/07/1987;7,5;V
01/08/1987;0,0;V
02/08/1987;0,0;V
03/08/1987;0,0;V
04/08/1987;0,0;V
05/08/1987;0,0;V
06/08/1987;5,0;V
07/08/1987;0,0;V
08/08/1987;0,0;V
09/08/1987;0,0;V
10/08/1987;0,0;V
11/08/1987;0,0;V
12/08/1987;0,0;V
13/08/1987;0,0;V
14/08/1987;0,0;V
15/08/1987;0,0;V
16/08/1987;0,0;V
17/08/1987;0,0;V
18/08/1987;0,0;V
19/08/1987;0,0;V
20/08/1987;0,0;V
21/08/1987;0,0;V
22/08/1987;0,0;V
23/08/1987;0,0;V
24/08/1987;0,0;V
25/08/1987;3,0;V
26/08/1987;0,0;V
27/08/1987;0,0;V
28/08/1987;0,0;V
29/08/1987;14,0;V
30/08/1987;0,0;V
31/08/1987;0,0;V
01/09/1987;0,0;V
02/09/1987;0,0;V
03/09/1987;6,0;V
04/09/1987;6,0;V
05/09/1987;2,0;V
06/09/1987;39,0;V
07/09/1987;0,0;V
08/09/1987;0,0;V
09/09/1987;0,0;V
10/09/1987;0,0;V
11/09/1987;0,0;V
12/09/1987;0,0;V
13/09/1987;0,0;V
14/09/1987;0,0;V
15/09/1987;0,0;V
16/09/1987;0,0;V
17/09/1987;0,0;V
18/09/1987;0,0;V
19/09/1987;0,0;V
20/09/1987;0,0;V
21/09/1987;0,0;V
22/09/1987;0,0;V
23/09/1987;0,0;V
24/09/1987;0,0;V
25/09/1987;46,5;V
26/09/1987;0,0;V
27/09/1987;0,0;V
28/09/1987;0,0;V
29/09/1987;0,0;V
30/09/1987;0,0;V
01/10/1987;0,0;V
02/10/1987;0,0;V
03/10/1987;0,0;V
04/10/1987;0,0;V
05/10/1987;0,0;V
06/10/1987;20,0;V
07/10/1987;31,5;V
08/10/1987;7,5;V
09/10/1987;1,8;V
10/10/1987;0,0;V
11/10/1987;93,0;V
12/10/1987;32,5;V
13/10/1987;0,0;V
14/10/1987;0,0;V
15/10/1987;1,0;V
16/10/1987;0,0;V
17/10/1987;0,0;V
18/10/1987;0,0;V
19/10/1987;0,0;V
20/10/1987;0,0;V
21/10/1987;0,0;V
22/10/1987;10,0;V
23/10/1987;5,0;V
24/10/1987;18,0;V
25/10/1987;0,0;V
26/10/1987;0,0;V
27/10/1987;0,0;V
28/10/1987;0,0;V
29/10/1987;8,5;V
30/10/1987;18,0;V
31/10/1987;0,0;V
01/11/1987;0,0;V
02/11/1987;0,0;V
03/11/1987;0,0;V
04/11/1987;0,0;V
05/11/1987;0,0;V
06/11/1987;0,0;V
07/11/1987;0,0;V
08/11/1987;0,0;V
09/11/1987;3,1;V
10/11/1987;10,0;V
11/11/1987;1,1;V
12/11/1987;0,0;V
13/11/1987;0,0;V
14/11/1987;4,0;V
15/11/1987;0,0;V
16/11/1987;0,0;V
17/11/1987;0,0;V
18/11/1987;0,0;V
19/11/1987;0,0;V
20/11/1987;3,0;V
21/11/1987;2,0;V
22/11/1987;0,0;V
23/11/1987;1,8;V
24/11/1987;11,1;V
25/11/1987;41,2;V
26/11/1987;25,5;V
27/11/1987;0,0;V
28/11/1987;0,0;V
29/11/1987;3,0;V
30/11/1987;5,0;V
01/12/1987;2,0;V
02/12/1987;0,0;V
03/12/1987;0,0;V
04/12/1987;0,0;V
05/12/1987;5,0;V
06/12/1987;30,0;V
07/12/1987;3,6;V
08/12/1987;1,4;V
09/12/1987;0,0;V
10/12/1987;0,0;V
11/12/1987;0,0;V
12/12/1987;0,0;V
13/12/1987;9,0;V
14/12/1987;0,0;V
15/12/1987;1,0;V
16/12/1987;0,0;V
17/12/1987;0,0;V
18/12/1987;0,0;V
19/12/1987;3,0;V
20/12/1987;0,0;V
21/12/1987;0,0;V
22/12/1987;0,0;V
23/12/1987;0,0;V
24/12/1987;0,0;V
25/12/1987;0,0;V
26/12/1987;8,0;V
27/12/1987;0,0;V
28/12/1987;0,0;V
29/12/1987;0,5;V
30/12/1987;0,0;V
31/12/1987;0,0;V
01/01/1988;0,0;V
02/01/1988;0,0;V
03/01/1988;3,0;V
04/01/1988;0,0;V
05/01/1988;0,0;V
06/01/1988;0,0;V
07/01/1988;0,0;V
08/01/1988;0,0;V
09/01/1988;0,0;V
10/01/1988;0,0;V
11/01/1988;0,0;V
12/01/1988;4,5;V
13/01/1988;1,5;V
14/01/1988;1,5;V
15/01/1988;15,0;V
16/01/1988;0,0;V
17/01/1988;0,0;V
18/01/1988;0,0;V
19/01/1988;0,0;V
20/01/1988;0,0;V
21/01/1988;1,0;V
22/01/1988;10,0;V
23/01/1988;21,0;V
24/01/1988;0,0;V
25/01/1988;0,0;V
26/01/1988;30,0;V
27/01/1988;0,0;V
28/01/1988;0,0;V
29/01/1988;0,0;V
30/01/1988;10,5;V
31/01/1988;0,0;V
01/02/1988;0,0;V
02/02/1988;9,5;V
03/02/1988;0,0;V
04/02/1988;0,0;V
05/02/1988;1,0;V
06/02/1988;2,0;V
07/02/1988;7,0;V
08/02/1988;8,0;V
09/02/1988;28,0;V
10/02/1988;0,0;V
11/02/1988;1,2;V
12/02/1988;20,0;V
13/02/1988;0,0;V
14/02/1988;0,0;V
15/02/1988;0,0;V
16/02/1988;0,0;V
17/02/1988;0,0;V
18/02/1988;0,0;V
19/02/1988;0,0;V
20/02/1988;0,0;V
21/02/1988;0,0;V
22/02/1988;0,0;V
23/02/1988;0,0;V
24/02/1988;29,0;V
25/02/1988;0,0;V
26/02/1988;0,0;V
27/02/1988;0,0;V
28/02/1988;0,0;V
29/02/1988;0,0;V
01/03/1988;5,0;V
02/03/1988;0,0;V
03/03/1988;0,0;V
04/03/1988;0,0;V
05/03/1988;0,0;V
06/03/1988;11,5;V
07/03/1988;0,0;V
08/03/1988;0,0;V
09/03/1988;0,0;V
10/03/1988;0,0;V
11/03/1988;0,0;V
12/03/1988;0,0;V
13/03/1988;0,0;V
14/03/1988;0,0;V
15/03/1988;0,0;V
16/03/1988;0,0;V
17/03/1988;10,0;V
18/03/1988;0,0;V
19/03/1988;0,0;V
20/03/1988;0,0;V
21/03/1988;1,0;V
22/03/1988;0,0;V
23/03/1988;0,0;V
24/03/1988;0,0;V
25/03/1988;0,0;V
26/03/1988;0,0;V
27/03/1988;0,0;V
28/03/1988;0,0;V
29/03/1988;0,0;V
30/03/1988;0,0;V
31/03/1988;22,9;V
01/04/1988;8,0;V
02/04/1988;0,0;V
03/04/1988;0,0;V
04/04/1988;2,5;V
05/04/1988;0,0;V
06/04/1988;8,0;V
07/04/1988;12,0;V
08/04/1988;24,0;V
09/04/1988;0,0;V
10/04/1988;0,0;V
11/04/1988;0,0;V
12/04/1988;0,0;V
13/04/1988;23,4;V
14/04/1988;0,0;V
15/04/1988;0,0;V
16/04/1988;0,0;V
17/04/1988;0,0;V
18/04/1988;0,0;V
19/04/1988;0,0;V
20/04/1988;0,0;V
21/04/1988;0,0;V
22/04/1988;0,0;V
23/04/1988;0,0;V
24/04/1988;19,0;V
25/04/1988;2,0;V
26/04/1988;0,0;V
27/04/1988;0,0;V
28/04/1988;0,0;V
29/04/1988;0,0;V
30/04/1988;0,0;V
01/05/1988;0,0;V
02/05/1988;0,0;V
03/05/1988;0,0;V
04/05/1988;0,0;V
05/05/1988;0,0;V
06/05/1988;0,0;V
07/05/1988;0,0;V
08/05/1988;0,0;V
09/05/1988;0,0;V
10/05/1988;0,0;V
11/05/1988;0,0;V
12/05/1988;0,0;V
13/05/1988;36,0;V
14/05/1988;20,0;V
15/05/1988;8,0;V
16/05/1988;2,0;V
17/05/1988;0,0;V
18/05/1988;12,0;V
19/05/1988;3,0;V
20/05/1988;30,0;V
21/05/1988;31,0;V
22/05/1988;6,0;V
23/05/1988;0,0;V
24/05/1988;0,0;V
25/05/1988;0,0;V
26/05/1988;0,0;V
27/05/1988;0,0;V
28/05/1988;22,6;V
29/05/1988;3,6;V
30/05/1988;0,0;V
31/05/1988;0,0;V
01/06/1988;0,0;V
02/06/1988;3,0;V
03/06/1988;0,0;V
04/06/1988;0,0;V
05/06/1988;25,3;V
06/06/1988;18,8;V
07/06/1988;3,0;V
08/06/1988;0,0;V
09/06/1988;0,0;V
10/06/1988;0,0;V
11/06/1988;0,0;V
12/06/1988;0,0;V
13/06/1988;0,0;V
14/06/1988;0,0;V
15/06/1988;0,0;V
16/06/1988;0,0;V
17/06/1988;0,0;V
18/06/1988;3,0;V
19/06/1988;32,8;V
20/06/1988;0,0;V
21/06/1988;0,0;V
22/06/1988;0,0;V
23/06/1988;0,0;V
24/06/1988;0,0;V
25/06/1988;0,0;V
26/06/1988;4,0;V
27/06/1988;0,0;V
28/06/1988;1,8;V
29/06/1988;3,0;V
30/06/1988;0,0;V
01/07/1988;0,0;V
02/07/1988;0,0;V
03/07/1988;0,0;V
04/07/1988;0,0;V
05/07/1988;0,0;V
06/07/1988;0,0;V
07/07/1988;0,0;V
08/07/1988;0,0;V
09/07/1988;0,0;V
10/07/1988;0,0;V
11/07/1988;0,0;V
12/07/1988;0,0;V
13/07/1988;0,0;V
14/07/1988;0,0;V
15/07/1988;0,0;V
16/07/1988;0,0;V
17/07/1988;0,0;V
18/07/1988;0,0;V
19/07/1988;0,0;V
20/07/1988;0,0;V
21/07/1988;0,0;V
22/07/1988;0,0;V
23/07/1988;0,0;V
24/07/1988;0,0;V
25/07/1988;0,0;V
26/07/1988;0,0;V
27/07/1988;0,0;V
28/07/1988;0,0;V
29/07/1988;0,0;V
30/07/1988;0,0;V
31/07/1988;0,0;V
01/08/1988;0,0;V
02/08/1988;0,0;V
03/08/1988;0,0;V
04/08/1988;3,0;V
05/08/1988;0,0;V
06/08/1988;0,0;V
07/08/1988;0,0;V
08/08/1988;0,0;V
09/08/1988;0,0;V
10/08/1988;0,0;V
11/08/1988;0,0;V
12/08/1988;0,0;V
13/08/1988;0,0;V
14/08/1988;0,0;V
15/08/1988;0,0;V
16/08/1988;0,0;V
17/08/1988;0,0;V
18/08/1988;0,0;V
19/08/1988;0,0;V
20/08/1988;0,0;V
21/08/1988;3,0;V
22/08/1988;0,0;V
23/08/1988;0,0;V
24/08/1988;0,0;V
25/08/1988;0,0;V
26/08/1988;5,0;V
27/08/1988;0,0;V
28/08/1988;0,0;V
29/08/1988;0,0;V
30/08/1988;0,0;V
31/08/1988;0,0;V
01/09/1988;0,0;V
02/09/1988;0,0;V
03/09/1988;30,0;V
04/09/1988;0,0;V
05/09/1988;0,0;V
06/09/1988;0,0;V
07/09/1988;0,0;V
08/09/1988;0,0;V
09/09/1988;0,0;V
10/09/1988;0,0;V
11/09/1988;0,0;V
12/09/1988;0,0;V
13/09/1988;4,2;V
14/09/1988;1,0;V
15/09/1988;0,0;V
16/09/1988;0,0;V
17/09/1988;0,0;V
18/09/1988;0,0;V
19/09/1988;0,0;V
20/09/1988;0,0;V
21/09/1988;0,0;V
22/09/1988;0,0;V
23/09/1988;1,2;V
24/09/1988;13,4;V
25/09/1988;0,0;V
26/09/1988;0,0;V
27/09/1988;0,0;V
28/09/1988;0,0;V
29/09/1988;0,0;V
30/09/1988;0,0;V
01/10/1988;0,0;V
02/10/1988;0,0;V
03/10/1988;0,0;V
04/10/1988;0,0;V
05/10/1988;0,0;V
06/10/1988;0,4;V
07/10/1988;4,0;V
08/10/1988;0,0;V
09/10/1988;0,0;V
10/10/1988;0,0;V
11/10/1988;0,0;V
12/10/1988;0,0;V
13/10/1988;8,0;V
14/10/1988;19,0;V
15/10/1988;4,0;R
16/10/1988;0,0;V
17/10/1988;0,0;V
18/10/1988;0,0;V
19/10/1988;9,0;V
20/10/1988;10,0;V
21/10/1988;0,0;V
22/10/1988;0,0;V
23/10/1988;0,0;V
24/10/1988;0,0;V
25/10/1988;0,0;V
26/10/1988;0,0;V
27/10/1988;0,0;V
28/10/1988;0,0;V
29/10/1988;0,0;V
30/10/1988;0,0;V
31/10/1988;15,4;V
01/11/1988;0,0;V
02/11/1988;0,0;V
03/11/1988;13,0;V
04/11/1988;0,0;V
05/11/1988;0,0;V
06/11/1988;0,0;V
07/11/1988;0,0;V
08/11/1988;0,0;V
09/11/1988;0,0;V
10/11/1988;0,0;V
11/11/1988;0,0;V
12/11/1988;0,0;V
13/11/1988;0,0;V
14/11/1988;0,0;V
15/11/1988;0,0;V
16/11/1988;0,0;V
17/11/1988;0,0;V
18/11/1988;0,0;V
19/11/1988;19,0;V
20/11/1988;0,0;V
21/11/1988;16,0;V
22/11/1988;4,0;R
23/11/1988;0,0;V
24/11/1988;0,0;V
25/11/1988;0,0;V
26/11/1988;0,0;V
27/11/1988;0,0;V
28/11/1988;0,0;V
29/11/1988;0,0;V
30/11/1988;6,0;V
01/12/1988;1,0;V
02/12/1988;11,0;V
03/12/1988;7,0;V
04/12/1988;0,8;V
05/12/1988;1,0;V
06/12/1988;0,0;V
07/12/1988;0,0;V
08/12/1988;0,0;V
09/12/1988;0,0;V
10/12/1988;0,0;V
11/12/1988;0,0;V
12/12/1988;0,0;V
13/12/1988;0,0;V
14/12/1988;0,0;V
15/12/1988;0,0;V
16/12/1988;0,0;V
17/12/1988;0,0;V
18/12/1988;0,0;V
19/12/1988;0,0;V
20/12/1988;1,0;V
21/12/1988;0,0;V
22/12/1988;0,0;V
23/12/1988;0,0;V
24/12/1988;2,0;V
25/12/1988;0,0;V
26/12/1988;0,0;V
27/12/1988;0,0;V
28/12/1988;0,0;V
29/12/1988;0,0;V
30/12/1988;0,0;V
31/12/1988;0,0;V
01/01/1989;0,0;V
02/01/1989;0,0;V
03/01/1989;0,0;V
04/01/1989;0,0;V
05/01/1989;0,0;V
06/01/1989;0,0;V
07/01/1989;0,0;V
08/01/1989;0,0;V
09/01/1989;0,0;V
10/01/1989;0,0;V
11/01/1989;0,0;V
12/01/1989;0,0;V
13/01/1989;0,0;V
14/01/1989;0,0;V
15/01/1989;0,0;V
16/01/1989;0,0;V
17/01/1989;0,0;V
18/01/1989;0,0;V
19/01/1989;0,0;V
20/01/1989;0,0;V
21/01/1989;0,0;V
22/01/1989;0,0;V
23/01/1989;8,0;V
24/01/1989;0,0;V
25/01/1989;0,0;V
26/01/1989;0,0;V
27/01/1989;0,0;V
28/01/1989;0,0;V
29/01/1989;0,0;V
30/01/1989;0,0;V
31/01/1989;0,0;V
01/02/1989;0,0;V
02/02/1989;0,0;V
03/02/1989;0,0;V
04/02/1989;0,0;V
05/02/1989;0,0;V
06/02/1989;0,0;V
07/02/1989;0,0;V
08/02/1989;0,0;V
09/02/1989;0,0;V
10/02/1989;0,0;V
11/02/1989;0,0;V
12/02/1989;0,0;V
13/02/1989;0,0;V
14/02/1989;0,0;V
15/02/1989;0,0;V
16/02/1989;0,0;V
17/02/1989;0,0;V
18/02/1989;0,0;V
19/02/1989;0,0;V
20/02/1989;0,0;V
21/02/1989;0,0;V
22/02/1989;0,0;V
23/02/1989;4,4;V
24/02/1989;14,0;V
25/02/1989;10,4;V
26/02/1989;1,6;V
27/02/1989;0,0;V
28/02/1989;5,0;V
01/03/1989;9,0;V
02/03/1989;3,0;V
03/03/1989;0,0;V
04/03/1989;2,0;V
05/03/1989;0,0;V
06/03/1989;0,0;V
07/03/1989;0,0;V
08/03/1989;0,0;V
09/03/1989;0,0;V
10/03/1989;0,0;V
11/03/1989;0,0;V
12/03/1989;0,0;V
13/03/1989;0,0;V
14/03/1989;0,0;V
15/03/1989;1,0;V
16/03/1989;0,0;V
17/03/1989;0,0;V
18/03/1989;0,0;V
19/03/1989;0,0;V
20/03/1989;0,0;V
21/03/1989;0,0;V
22/03/1989;0,0;V
23/03/1989;0,0;V
24/03/1989;0,0;V
25/03/1989;0,0;V
26/03/1989;0,0;V
27/03/1989;0,0;V
28/03/1989;0,0;V
29/03/1989;0,0;V
30/03/1989;0,0;V
31/03/1989;0,0;V
01/04/1989;0,0;V
02/04/1989;7,0;V
03/04/1989;0,0;V
04/04/1989;15,6;V
05/04/1989;20,0;V
06/04/1989;12,0;V
07/04/1989;0,0;V
08/04/1989;0,0;V
09/04/1989;0,0;V
10/04/1989;0,0;V
11/04/1989;0,0;V
12/04/1989;4,0;V
13/04/1989;24,0;V
14/04/1989;11,4;V
15/04/1989;2,0;V
16/04/1989;0,0;V
17/04/1989;13,4;V
18/04/1989;6,0;V
19/04/1989;0,8;V
20/04/1989;15,0;V
21/04/1989;0,0;V
22/04/1989;14,0;V
23/04/1989;0,0;V
24/04/1989;0,0;V
25/04/1989;0,0;V
26/04/1989;3,0;V
27/04/1989;8,8;V
28/04/1989;0,0;V
29/04/1989;12,0;V
30/04/1989;1,0;V
01/05/1989;0,0;V
02/05/1989;0,0;V
03/05/1989;0,0;V
04/05/1989;0,0;V
05/05/1989;0,0;V
06/05/1989;0,0;V
07/05/1989;0,0;V
08/05/1989;0,0;V
09/05/1989;0,0;V
10/05/1989;0,0;V
11/05/1989;0,0;V
12/05/1989;0,0;V
13/05/1989;0,0;V
14/05/1989;0,0;V
15/05/1989;0,0;V
16/05/1989;0,0;V
17/05/1989;3,8;V
18/05/1989;0,0;V
19/05/1989;0,0;V
20/05/1989;0,2;V
21/05/1989;0,0;V
22/05/1989;0,0;V
23/05/1989;0,0;V
24/05/1989;0,0;V
25/05/1989;0,0;V
26/05/1989;0,0;V
27/05/1989;0,0;V
28/05/1989;0,0;V
29/05/1989;0,0;V
30/05/1989;1,0;V
31/05/1989;2,0;V
01/06/1989;6,0;V
02/06/1989;6,6;V
03/06/1989;0,0;V
04/06/1989;10,0;V
05/06/1989;0,0;V
06/06/1989;0,0;V
07/06/1989;0,0;V
08/06/1989;0,0;V
09/06/1989;0,0;V
10/06/1989;0,0;V
11/06/1989;0,0;V
12/06/1989;0,0;V
13/06/1989;3,0;V
14/06/1989;0,0;V
15/06/1989;0,0;V
16/06/1989;0,0;V
17/06/1989;8,0;V
18/06/1989;0,0;V
19/06/1989;5,0;V
20/06/1989;0,0;V
21/06/1989;0,0;V
22/06/1989;0,0;V
23/06/1989;0,0;V
24/06/1989;0,0;V
25/06/1989;0,0;V
26/06/1989;0,0;V
27/06/1989;0,0;V
28/06/1989;0,0;V
29/06/1989;0,0;V
30/06/1989;0,0;V
01/07/1989;0,0;V
02/07/1989;34,4;V
03/07/1989;1,2;V
04/07/1989;3,0;V
05/07/1989;7,0;V
06/07/1989;0,0;V
07/07/1989;0,0;V
08/07/1989;0,0;V
09/07/1989;0,0;V
10/07/1989;0,0;V
11/07/1989;0,0;V
12/07/1989;25,2;V
13/07/1989;0,0;V
14/07/1989;0,0;V
15/07/1989;32,0;V
16/07/1989;0,0;V
17/07/1989;0,0;V
18/07/1989;8,0;V
19/07/1989;0,0;V
20/07/1989;0,0;V
21/07/1989;0,0;V
22/07/1989;0,0;V
23/07/1989;0,0;V
24/07/1989;0,0;V
25/07/1989;0,0;V
26/07/1989;0,0;V
27/07/1989;0,0;V
28/07/1989;0,0;V
29/07/1989;0,0;V
30/07/1989;0,0;V
31/07/1989;0,0;V
01/08/1989;0,0;V
02/08/1989;0,0;V
03/08/1989;0,0;V
04/08/1989;0,0;V
05/08/1989;0,0;V
06/08/1989;11,4;V
07/08/1989;0,0;V
08/08/1989;0,0;V
09/08/1989;0,0;V
10/08/1989;4,4;V
11/08/1989;1,6;V
12/08/1989;0,0;V
13/08/1989;0,0;V
14/08/1989;0,0;V
15/08/1989;0,0;V
16/08/1989;0,0;V
17/08/1989;0,0;V
18/08/1989;0,0;V
19/08/1989;0,0;V
20/08/1989;0,0;V
21/08/1989;0,0;V
22/08/1989;0,0;V
23/08/1989;0,0;V
24/08/1989;0,0;V
25/08/1989;0,0;V
26/08/1989;0,0;V
27/08/1989;0,0;V
28/08/1989;0,0;V
29/08/1989;43,0;V
30/08/1989;0,0;V
31/08/1989;0,0;V
01/09/1989;0,0;V
02/09/1989;10,0;V
03/09/1989;20,0;V
04/09/1989;14,0;V
05/09/1989;0,0;V
06/09/1989;0,0;V
07/09/1989;0,0;V
08/09/1989;0,0;V
09/09/1989;5,0;V
10/09/1989;0,0;V
11/09/1989;0,0;V
12/09/1989;15,0;V
13/09/1989;0,0;V
14/09/1989;22,0;V
15/09/1989;0,0;V
16/09/1989;0,0;V
17/09/1989;0,0;V
18/09/1989;0,0;V
19/09/1989;0,0;V
20/09/1989;0,0;V
21/09/1989;0,0;V
22/09/1989;0,0;V
23/09/1989;0,0;V
24/09/1989;0,0;V
25/09/1989;0,0;V
26/09/1989;0,0;V
27/09/1989;0,0;V
28/09/1989;0,0;V
29/09/1989;10,0;V
30/09/1989;0,0;V
01/10/1989;0,0;V
02/10/1989;0,0;V
03/10/1989;0,0;V
04/10/1989;0,0;V
05/10/1989;0,0;V
06/10/1989;0,0;V
07/10/1989;0,0;V
08/10/1989;0,0;V
09/10/1989;0,0;V
10/10/1989;0,0;V
11/10/1989;0,0;V
12/10/1989;0,0;V
13/10/1989;0,0;V
14/10/1989;0,0;V
15/10/1989;0,0;V
16/10/1989;0,0;V
17/10/1989;0,0;V
18/10/1989;0,0;V
19/10/1989;0,0;V
20/10/1989;13,0;V
21/10/1989;0,0;V
22/10/1989;0,0;V
23/10/1989;0,0;V
24/10/1989;0,0;V
25/10/1989;0,0;V
26/10/1989;0,0;V
27/10/1989;0,0;V
28/10/1989;0,0;V
29/10/1989;0,0;V
30/10/1989;0,0;V
31/10/1989;0,0;V
01/11/1989;0,0;V
02/11/1989;2,4;V
03/11/1989;0,0;V
04/11/1989;7,6;V
05/11/1989;6,0;V
06/11/1989;20,0;V
07/11/1989;4,0;V
08/11/1989;0,0;V
09/11/1989;0,0;V
10/11/1989;1,6;V
11/11/1989;0,0;V
12/11/1989;0,0;V
13/11/1989;0,0;V
14/11/1989;0,0;V
15/11/1989;0,0;V
16/11/1989;0,0;V
17/11/1989;0,0;V
18/11/1989;0,0;V
19/11/1989;16,0;V
20/11/1989;0,0;V
21/11/1989;0,0;V
22/11/1989;10,0;V
23/11/1989;32,0;V
24/11/1989;0,0;V
25/11/1989;4,6;V
26/11/1989;0,0;V
27/11/1989;0,0;V
28/11/1989;0,0;V
29/11/1989;0,0;V
30/11/1989;0,0;V
01/12/1989;0,0;V
02/12/1989;0,0;V
03/12/1989;0,0;V
04/12/1989;0,0;V
05/12/1989;0,0;V
06/12/1989;0,0;V
07/12/1989;5,0;V
08/12/1989;0,0;V
09/12/1989;5,0;V
10/12/1989;0,0;V
11/12/1989;0,0;V
12/12/1989;0,0;V
13/12/1989;5,0;V
14/12/1989;10,0;V
15/12/1989;0,0;V
16/12/1989;0,0;V
17/12/1989;0,0;V
18/12/1989;2,4;V
19/12/1989;2,8;V
20/12/1989;0,0;V
21/12/1989;0,0;V
22/12/1989;0,0;V
23/12/1989;0,0;V
24/12/1989;0,0;V
25/12/1989;0,0;V
26/12/1989;0,0;V
27/12/1989;0,0;V
28/12/1989;0,0;V
29/12/1989;0,0;V
30/12/1989;0,0;V
31/12/1989;0,0;V
01/01/1990;0,0;V
02/01/1990;0,0;V
03/01/1990;0,0;V
04/01/1990;0,0;V
05/01/1990;0,0;V
06/01/1990;0,0;V
07/01/1990;0,0;V
08/01/1990;0,0;V
09/01/1990;0,0;V
10/01/1990;0,0;V
11/01/1990;0,0;V
12/01/1990;0,0;V
13/01/1990;0,0;V
14/01/1990;0,0;V
15/01/1990;0,0;V
16/01/1990;0,0;V
17/01/1990;0,0;V
18/01/1990;0,0;V
19/01/1990;0,0;V
20/01/1990;0,0;V
21/01/1990;0,0;V
22/01/1990;0,0;V
23/01/1990;0,0;V
24/01/1990;0,0;V
25/01/1990;0,0;V
26/01/1990;1,6;V
27/01/1990;0,0;V
28/01/1990;0,0;V
29/01/1990;10,0;V
30/01/1990;1,0;V
31/01/1990;4,0;V
01/02/1990;0,0;V
02/02/1990;0,0;V
03/02/1990;4,0;V
04/02/1990;0,0;V
05/02/1990;0,0;V
06/02/1990;0,0;V
07/02/1990;0,0;V
08/02/1990;0,0;V
09/02/1990;0,0;V
10/02/1990;0,0;V
11/02/1990;0,0;V
12/02/1990;40,0;V
13/02/1990;8,0;V
14/02/1990;0,0;V
15/02/1990;0,0;V
16/02/1990;0,0;V
17/02/1990;0,0;V
18/02/1990;0,0;V
19/02/1990;0,0;V
20/02/1990;0,0;V
21/02/1990;0,0;V
22/02/1990;0,0;V
23/02/1990;0,0;V
24/02/1990;0,0;V
25/02/1990;0,0;V
26/02/1990;0,0;V
27/02/1990;3,2;V
28/02/1990;0,0;V
01/03/1990;0,0;V
02/03/1990;0,0;V
03/03/1990;0,0;V
04/03/1990;0,0;V
05/03/1990;0,0;V
06/03/1990;0,0;V
07/03/1990;0,0;V
08/03/1990;0,0;V
09/03/1990;1,0;V
10/03/1990;4,0;V
11/03/1990;0,0;V
12/03/1990;0,0;V
13/03/1990;0,0;V
14/03/1990;0,0;V
15/03/1990;0,0;V
16/03/1990;0,0;V
17/03/1990;0,0;V
18/03/1990;0,0;V
19/03/1990;0,0;V
20/03/1990;0,0;V
21/03/1990;0,0;V
22/03/1990;0,0;V
23/03/1990;0,0;V
24/03/1990;0,0;V
25/03/1990;8,0;V
26/03/1990;3,0;V
27/03/1990;15,0;V
28/03/1990;9,0;V
29/03/1990;1,0;V
30/03/1990;4,0;V
31/03/1990;0,0;V
01/04/1990;0,0;V
02/04/1990;0,0;V
03/04/1990;5,5;V
04/04/1990;45,0;V
05/04/1990;0,0;V
06/04/1990;0,0;V
07/04/1990;60,0;V
08/04/1990;20,0;V
09/04/1990;0,0;V
10/04/1990;0,0;V
11/04/1990;0,0;V
12/04/1990;0,0;V
13/04/1990;3,0;V
14/04/1990;0,0;V
15/04/1990;2,4;V
16/04/1990;11,4;V
17/04/1990;0,0;V
18/04/1990;0,0;V
19/04/1990;9,0;V
20/04/1990;0,0;V
21/04/1990;8,0;V
22/04/1990;2,0;V
23/04/1990;14,0;V
24/04/1990;19,0;V
25/04/1990;1,0;V
26/04/1990;0,0;V
27/04/1990;0,0;V
28/04/1990;0,0;V
29/04/1990;0,0;V
30/04/1990;0,0;V
01/05/1990;0,0;V
02/05/1990;0,0;V
03/05/1990;0,0;V
04/05/1990;0,0;V
05/05/1990;0,0;V
06/05/1990;0,0;V
07/05/1990;0,0;V
08/05/1990;0,0;V
09/05/1990;7,2;V
10/05/1990;0,0;V
11/05/1990;0,0;V
12/05/1990;0,0;V
13/05/1990;0,0;V
14/05/1990;0,0;V
15/05/1990;0,0;V
16/05/1990;0,0;V
17/05/1990;0,0;V
18/05/1990;0,0;V
19/05/1990;0,0;V
20/05/1990;0,0;V
21/05/1990;10,4;V
22/05/1990;6,4;V
23/05/1990;0,0;V
24/05/1990;0,0;V
25/05/1990;0,0;V
26/05/1990;7,0;V
27/05/1990;1,0;V
28/05/1990;0,0;V
29/05/1990;0,0;V
30/05/1990;0,0;V
31/05/1990;0,0;V
01/06/1990;0,0;V
02/06/1990;0,0;V
03/06/1990;0,0;V
04/06/1990;0,0;V
05/06/1990;0,0;V
06/06/1990;16,0;V
07/06/1990;8,0;V
08/06/1990;0,0;V
09/06/1990;0,0;V
10/06/1990;0,0;V
11/06/1990;0,0;V
12/06/1990;0,0;V
13/06/1990;0,0;V
14/06/1990;1,4;V
15/06/1990;4,0;V
16/06/1990;0,0;V
17/06/1990;0,0;V
18/06/1990;0,0;V
19/06/1990;0,0;V
20/06/1990;0,0;V
21/06/1990;0,0;V
22/06/1990;0,0;V
23/06/1990;0,0;V
24/06/1990;0,0;V
25/06/1990;0,0;V
26/06/1990;0,0;V
27/06/1990;0,0;V
28/06/1990;0,0;V
29/06/1990;0,0;V
30/06/1990;0,0;V
01/07/1990;0,0;V
02/07/1990;0,0;V
03/07/1990;0,0;V
04/07/1990;2,2;V
05/07/1990;0,0;V
06/07/1990;0,0;V
07/07/1990;0,0;V
08/07/1990;0,0;V
09/07/1990;0,0;V
10/07/1990;0,0;V
11/07/1990;0,0;V
12/07/1990;0,0;V
13/07/1990;0,0;V
14/07/1990;0,0;V
15/07/1990;0,0;V
16/07/1990;0,0;V
17/07/1990;0,0;V
18/07/1990;0,0;V
19/07/1990;8,0;V
20/07/1990;0,0;V
21/07/1990;0,0;V
22/07/1990;0,0;V
23/07/1990;0,0;V
24/07/1990;0,0;V
25/07/1990;0,0;V
26/07/1990;0,0;V
27/07/1990;0,0;V
28/07/1990;0,0;V
29/07/1990;0,0;V
30/07/1990;0,0;V
31/07/1990;5,0;V
01/08/1990;0,0;V
02/08/1990;0,0;V
03/08/1990;0,0;V
04/08/1990;0,0;V
05/08/1990;0,0;V
06/08/1990;0,0;V
07/08/1990;12,0;V
08/08/1990;4,0;V
09/08/1990;0,0;V
10/08/1990;0,0;V
11/08/1990;0,0;V
12/08/1990;0,0;V
13/08/1990;0,0;V
14/08/1990;0,0;V
15/08/1990;0,0;V
16/08/1990;0,0;V
17/08/1990;0,0;V
18/08/1990;0,0;V
19/08/1990;0,0;V
20/08/1990;0,0;V
21/08/1990;0,0;V
22/08/1990;0,0;V
23/08/1990;0,0;V
24/08/1990;0,0;V
25/08/1990;0,0;V
26/08/1990;0,0;V
27/08/1990;0,0;V
28/08/1990;41,0;V
29/08/1990;0,0;V
30/08/1990;0,0;V
31/08/1990;0,0;V
01/09/1990;9,0;V
02/09/1990;0,0;V
03/09/1990;0,0;V
04/09/1990;0,0;V
05/09/1990;0,0;V
06/09/1990;1,0;V
07/09/1990;0,0;V
08/09/1990;0,0;V
09/09/1990;0,0;V
10/09/1990;0,0;V
11/09/1990;0,0;V
12/09/1990;0,0;V
13/09/1990;0,0;V
14/09/1990;0,0;V
15/09/1990;0,0;V
16/09/1990;1,6;V
17/09/1990;0,0;V
18/09/1990;0,0;V
19/09/1990;0,0;V
20/09/1990;0,0;V
21/09/1990;0,0;V
22/09/1990;0,0;V
23/09/1990;0,0;V
24/09/1990;0,0;V
25/09/1990;0,0;V
26/09/1990;2,6;V
27/09/1990;9,0;V
28/09/1990;0,0;V
29/09/1990;0,0;V
30/09/1990;0,0;V
01/10/1990;0,0;V
02/10/1990;8,0;V
03/10/1990;0,0;V
04/10/1990;0,0;V
05/10/1990;19,0;V
06/10/1990;0,0;V
07/10/1990;0,0;V
08/10/1990;0,0;V
09/10/1990;0,0;V
10/10/1990;0,0;V
11/10/1990;0,0;V
12/10/1990;0,0;V
13/10/1990;0,0;V
14/10/1990;0,0;V
15/10/1990;0,0;V
16/10/1990;0,0;V
17/10/1990;29,0;V
18/10/1990;4,0;V
19/10/1990;0,0;V
20/10/1990;12,0;V
21/10/1990;14,0;V
22/10/1990;0,0;V
23/10/1990;0,0;V
24/10/1990;4,2;V
25/10/1990;0,0;V
26/10/1990;23,0;V
27/10/1990;3,8;V
28/10/1990;1,0;V
29/10/1990;20,0;V
30/10/1990;18,0;V
31/10/1990;6,0;V
01/11/1990;0,6;V
02/11/1990;10,0;V
03/11/1990;3,0;V
04/11/1990;0,0;V
05/11/1990;0,0;V
06/11/1990;0,0;V
07/11/1990;0,0;V
08/11/1990;0,0;V
09/11/1990;0,0;V
10/11/1990;0,0;V
11/11/1990;0,0;V
12/11/1990;9,6;V
13/11/1990;0,0;V
14/11/1990;0,0;V
15/11/1990;0,0;V
16/11/1990;0,0;V
17/11/1990;0,0;V
18/11/1990;0,0;V
19/11/1990;0,0;V
20/11/1990;8,0;V
21/11/1990;9,4;V
22/11/1990;0,0;V
23/11/1990;1,6;V
24/11/1990;0,0;V
25/11/1990;41,0;V
26/11/1990;38,0;V
27/11/1990;1,2;V
28/11/1990;5,0;V
29/11/1990;0,0;V
30/11/1990;0,0;V
01/12/1990;0,0;V
02/12/1990;0,0;V
03/12/1990;0,0;V
04/12/1990;0,0;V
05/12/1990;0,0;V
06/12/1990;0,0;V
07/12/1990;0,0;V
08/12/1990;0,0;V
09/12/1990;21,0;V
10/12/1990;51,4;V
11/12/1990;3,6;V
12/12/1990;0,0;V
13/12/1990;6,0;V
14/12/1990;0,0;V
15/12/1990;0,0;V
16/12/1990;0,0;V
17/12/1990;0,0;V
18/12/1990;0,0;V
19/12/1990;0,0;V
20/12/1990;0,0;V
21/12/1990;0,0;V
22/12/1990;0,0;V
23/12/1990;0,0;V
24/12/1990;0,0;V
25/12/1990;0,0;V
26/12/1990;0,0;V
27/12/1990;6,0;V
28/12/1990;14,0;V
29/12/1990;0,0;V
30/12/1990;4,2;V
31/12/1990;0,0;V
01/01/1991;17,0;V
02/01/1991;0,0;V
03/01/1991;0,0;V
04/01/1991;0,0;V
05/01/1991;0,0;V
06/01/1991;0,6;V
07/01/1991;9,0;V
08/01/1991;0,0;V
09/01/1991;0,0;V
10/01/1991;0,0;V
11/01/1991;0,0;V
12/01/1991;0,0;V
13/01/1991;0,0;V
14/01/1991;0,0;V
15/01/1991;0,0;V
16/01/1991;0,0;V
17/01/1991;0,0;V
18/01/1991;0,0;V
19/01/1991;0,0;V
20/01/1991;0,0;V
21/01/1991;0,0;V
22/01/1991;0,0;V
23/01/1991;0,0;V
24/01/1991;0,0;V
25/01/1991;0,0;V
26/01/1991;0,0;V
27/01/1991;0,0;V
28/01/1991;0,0;V
29/01/1991;0,0;V
30/01/1991;0,0;V
31/01/1991;0,0;V
01/02/1991;0,0;V
02/02/1991;0,0;V
03/02/1991;0,0;V
04/02/1991;0,0;V
05/02/1991;0,0;V
06/02/1991;0,0;V
07/02/1991;0,0;V
08/02/1991;8,0;V
09/02/1991;7,0;V
10/02/1991;6,0;V
11/02/1991;21,0;V
12/02/1991;0,0;V
13/02/1991;0,0;V
14/02/1991;0,0;V
15/02/1991;2,0;V
16/02/1991;7,0;V
17/02/1991;9,0;V
18/02/1991;2,0;V
19/02/1991;0,0;V
20/02/1991;0,0;V
21/02/1991;0,0;V
22/02/1991;0,0;V
23/02/1991;0,0;V
24/02/1991;0,0;V
25/02/1991;0,0;V
26/02/1991;0,0;V
27/02/1991;0,0;V
28/02/1991;0,0;V
01/03/1991;2,0;V
02/03/1991;0,0;V
03/03/1991;0,0;V
04/03/1991;0,0;V
05/03/1991;0,0;V
06/03/1991;0,0;V
07/03/1991;0,0;V
08/03/1991;0,0;V
09/03/1991;6,0;V
10/03/1991;0,0;V
11/03/1991;0,0;V
12/03/1991;0,0;V
13/03/1991;0,0;V
14/03/1991;0,0;V
15/03/1991;0,0;V
16/03/1991;0,0;V
17/03/1991;0,0;V
18/03/1991;0,0;V
19/03/1991;0,0;V
20/03/1991;0,0;V
21/03/1991;0,0;V
22/03/1991;0,0;V
23/03/1991;0,0;V
24/03/1991;0,0;V
25/03/1991;0,0;V
26/03/1991;28,0;V
27/03/1991;0,0;V
28/03/1991;0,0;V
29/03/1991;0,0;V
30/03/1991;0,0;V
31/03/1991;0,0;V
01/04/1991;0,0;V
02/04/1991;0,0;V
03/04/1991;0,0;V
04/04/1991;0,0;V
05/04/1991;13,0;V
06/04/1991;3,0;V
07/04/1991;0,0;V
08/04/1991;0,0;V
09/04/1991;0,0;V
10/04/1991;0,0;V
11/04/1991;0,0;V
12/04/1991;0,0;V
13/04/1991;0,0;V
14/04/1991;0,0;V
15/04/1991;0,0;V
16/04/1991;0,0;V
17/04/1991;0,0;V
18/04/1991;20,0;V
19/04/1991;2,6;V
20/04/1991;5,0;V
21/04/1991;11,0;V
22/04/1991;0,0;V
23/04/1991;0,0;V
24/04/1991;1,0;V
25/04/1991;0,0;V
26/04/1991;0,0;V
27/04/1991;15,6;V
28/04/1991;0,0;V
29/04/1991;0,0;V
30/04/1991;1,0;V
01/05/1991;0,0;V
02/05/1991;15,0;V
03/05/1991;31,0;V
04/05/1991;26,0;V
05/05/1991;8,0;V
06/05/1991;13,6;V
07/05/1991;4,0;V
08/05/1991;3,4;V
09/05/1991;0,0;V
10/05/1991;3,0;V
11/05/1991;1,0;V
12/05/1991;21,0;V
13/05/1991;0,8;V
14/05/1991;0,0;V
15/05/1991;0,0;V
16/05/1991;0,0;V
17/05/1991;0,0;V
18/05/1991;2,6;V
19/05/1991;0,0;V
20/05/1991;0,0;V
21/05/1991;0,0;V
22/05/1991;0,0;V
23/05/1991;0,0;V
24/05/1991;0,0;V
25/05/1991;0,0;V
26/05/1991;0,0;V
27/05/1991;0,0;V
28/05/1991;0,0;V
29/05/1991;0,0;V
30/05/1991;0,0;V
31/05/1991;0,0;V
01/06/1991;0,0;V
02/06/1991;0,0;V
03/06/1991;0,0;V
04/06/1991;0,0;V
05/06/1991;0,0;V
06/06/1991;0,0;V
07/06/1991;19,6;V
08/06/1991;24,0;V
09/06/1991;0,0;V
10/06/1991;0,0;V
11/06/1991;0,0;V
12/06/1991;0,0;V
13/06/1991;0,0;V
14/06/1991;0,0;V
15/06/1991;0,0;V
16/06/1991;0,0;V
17/06/1991;0,0;V
18/06/1991;9,0;V
19/06/1991;0,0;V
20/06/1991;0,0;V
21/06/1991;16,0;V
22/06/1991;0,0;V
23/06/1991;0,0;V
24/06/1991;0,0;V
25/06/1991;0,0;V
26/06/1991;0,0;V
27/06/1991;0,0;V
28/06/1991;0,0;V
29/06/1991;0,0;V
30/06/1991;3,0;V
01/07/1991;0,0;V
02/07/1991;0,0;V
03/07/1991;0,0;V
04/07/1991;0,0;V
05/07/1991;0,0;V
06/07/1991;0,0;V
07/07/1991;0,0;V
08/07/1991;0,0;V
09/07/1991;0,0;V
10/07/1991;0,0;V
11/07/1991;0,0;V
12/07/1991;0,0;V
13/07/1991;0,0;V
14/07/1991;0,0;V
15/07/1991;0,0;V
16/07/1991;0,0;V
17/07/1991;0,0;V
18/07/1991;0,0;V
19/07/1991;0,0;V
20/07/1991;0,0;V
21/07/1991;0,0;V
22/07/1991;0,0;V
23/07/1991;0,0;V
24/07/1991;0,0;V
25/07/1991;0,0;V
26/07/1991;0,0;V
27/07/1991;9,0;V
28/07/1991;0,0;V
29/07/1991;0,0;V
30/07/1991;0,0;V
31/07/1991;3,6;V
01/08/1991;69,0;V
02/08/1991;0,0;V
03/08/1991;0,0;V
04/08/1991;0,0;V
05/08/1991;0,0;V
06/08/1991;0,0;V
07/08/1991;0,0;V
08/08/1991;0,0;V
09/08/1991;0,0;V
10/08/1991;0,0;V
11/08/1991;0,0;V
12/08/1991;0,0;V
13/08/1991;0,0;V
14/08/1991;0,0;V
15/08/1991;0,0;V
16/08/1991;0,0;V
17/08/1991;0,0;V
18/08/1991;0,0;V
19/08/1991;0,0;V
20/08/1991;0,0;V
21/08/1991;0,0;V
22/08/1991;0,0;V
23/08/1991;0,0;V
24/08/1991;0,0;V
25/08/1991;0,0;V
26/08/1991;0,0;V
27/08/1991;0,0;V
28/08/1991;0,0;V
29/08/1991;0,0;V
30/08/1991;0,0;V
31/08/1991;0,0;V
01/09/1991;0,0;V
02/09/1991;0,0;V
03/09/1991;0,0;V
04/09/1991;0,0;V
05/09/1991;0,0;V
06/09/1991;0,0;V
07/09/1991;0,0;V
08/09/1991;0,0;V
09/09/1991;0,0;V
10/09/1991;0,0;V
11/09/1991;0,0;V
12/09/1991;5,4;V
13/09/1991;80,0;V
14/09/1991;0,0;V
15/09/1991;0,0;V
16/09/1991;0,0;V
17/09/1991;0,0;V
18/09/1991;0,0;V
19/09/1991;0,0;V
20/09/1991;0,0;V
21/09/1991;0,0;V
22/09/1991;0,0;V
23/09/1991;27,0;V
24/09/1991;0,0;V
25/09/1991;0,0;V
26/09/1991;0,0;V
27/09/1991;13,0;V
28/09/1991;0,0;V
29/09/1991;0,0;V
30/09/1991;10,0;V
01/10/1991;0,0;V
02/10/1991;0,0;V
03/10/1991;0,0;V
04/10/1991;0,0;V
05/10/1991;0,0;V
06/10/1991;0,0;V
07/10/1991;11,0;V
08/10/1991;28,2;V
09/10/1991;0,0;V
10/10/1991;0,0;V
11/10/1991;0,0;V
12/10/1991;95,0;V
13/10/1991;33,0;V
14/10/1991;6,8;V
15/10/1991;20,6;V
16/10/1991;4,4;V
17/10/1991;0,0;V
18/10/1991;8,0;V
19/10/1991;8,0;V
20/10/1991;14,6;V
21/10/1991;0,0;V
22/10/1991;0,0;V
23/10/1991;0,0;V
24/10/1991;0,0;V
25/10/1991;0,0;V
26/10/1991;0,0;V
27/10/1991;0,0;V
28/10/1991;14,0;V
29/10/1991;0,0;V
30/10/1991;0,0;V
31/10/1991;10,0;V
01/11/1991;0,0;V
02/11/1991;0,0;V
03/11/1991;12,0;V
04/11/1991;13,0;V
05/11/1991;7,0;V
06/11/1991;17,6;V
07/11/1991;0,0;V
08/11/1991;0,0;V
09/11/1991;0,0;V
10/11/1991;9,0;V
11/11/1991;0,0;V
12/11/1991;0,0;V
13/11/1991;18,6;V
14/11/1991;1,0;V
15/11/1991;0,0;V
16/11/1991;78,0;V
17/11/1991;6,0;V
18/11/1991;0,0;V
19/11/1991;33,0;V
20/11/1991;18,4;V
21/11/1991;8,6;V
22/11/1991;0,0;V
23/11/1991;0,0;V
24/11/1991;4,2;V
25/11/1991;1,0;V
26/11/1991;0,0;V
27/11/1991;0,0;V
28/11/1991;0,0;V
29/11/1991;0,0;V
30/11/1991;0,0;V
01/12/1991;0,0;V
02/12/1991;0,0;V
03/12/1991;0,0;V
04/12/1991;0,0;V
05/12/1991;0,0;V
06/12/1991;0,0;V
07/12/1991;0,0;V
08/12/1991;0,0;V
09/12/1991;0,0;V
10/12/1991;0,0;V
11/12/1991;0,0;V
12/12/1991;0,0;V
13/12/1991;0,0;V
14/12/1991;0,0;V
15/12/1991;0,0;V
16/12/1991;0,0;V
17/12/1991;0,0;V
18/12/1991;0,0;V
19/12/1991;0,0;V
20/12/1991;0,0;V
21/12/1991;12,8;V
22/12/1991;0,0;V
23/12/1991;0,0;V
24/12/1991;0,0;V
25/12/1991;0,0;V
26/12/1991;0,0;V
27/12/1991;0,0;V
28/12/1991;0,0;V
29/12/1991;0,0;V
30/12/1991;0,0;V
31/12/1991;0,0;V
01/01/1992;0,0;V
02/01/1992;0,0;V
03/01/1992;0,0;V
04/01/1992;0,0;V
05/01/1992;2,0;V
06/01/1992;0,0;V
07/01/1992;0,0;V
08/01/1992;0,0;V
09/01/1992;1,0;V
10/01/1992;14,0;V
11/01/1992;0,0;V
12/01/1992;0,0;V
13/01/1992;0,0;V
14/01/1992;0,0;V
15/01/1992;0,0;V
16/01/1992;0,0;V
17/01/1992;0,0;V
18/01/1992;0,0;V
19/01/1992;0,0;V
20/01/1992;0,0;V
21/01/1992;5,0;V
22/01/1992;0,0;V
23/01/1992;2,6;V
24/01/1992;0,0;V
25/01/1992;0,0;V
26/01/1992;0,0;V
27/01/1992;0,0;V
28/01/1992;0,0;V
29/01/1992;0,0;V
30/01/1992;0,0;V
31/01/1992;0,0;V
01/02/1992;0,0;V
02/02/1992;0,0;V
03/02/1992;0,0;V
04/02/1992;0,6;V
05/02/1992;0,0;V
06/02/1992;0,0;V
07/02/1992;0,0;V
08/02/1992;0,0;V
09/02/1992;0,0;V
10/02/1992;0,0;V
11/02/1992;10,2;V
12/02/1992;5,0;V
13/02/1992;0,0;V
14/02/1992;14,0;V
15/02/1992;0,0;V
16/02/1992;0,0;V
17/02/1992;0,0;V
18/02/1992;0,0;V
19/02/1992;0,0;V
20/02/1992;0,0;V
21/02/1992;0,0;V
22/02/1992;0,0;V
23/02/1992;0,0;V
24/02/1992;0,0;V
25/02/1992;0,0;V
26/02/1992;0,0;V
27/02/1992;0,0;V
28/02/1992;0,0;V
29/02/1992;0,0;V
01/03/1992;0,0;V
02/03/1992;0,0;V
03/03/1992;0,0;V
04/03/1992;0,0;V
05/03/1992;0,0;V
06/03/1992;0,0;V
07/03/1992;0,0;V
08/03/1992;0,0;V
09/03/1992;0,0;V
10/03/1992;0,0;V
11/03/1992;0,0;V
12/03/1992;0,0;V
13/03/1992;0,0;V
14/03/1992;0,0;V
15/03/1992;0,0;V
16/03/1992;0,0;V
17/03/1992;0,0;V
18/03/1992;0,0;V
19/03/1992;0,0;V
20/03/1992;0,0;V
21/03/1992;0,0;V
22/03/1992;0,0;V
23/03/1992;0,0;V
24/03/1992;29,6;V
25/03/1992;5,0;V
26/03/1992;0,0;V
27/03/1992;9,4;V
28/03/1992;2,0;V
29/03/1992;0,0;V
30/03/1992;5,0;V
31/03/1992;11,6;V
01/04/1992;27,0;V
02/04/1992;11,6;V
03/04/1992;0,0;V
04/04/1992;0,0;V
05/04/1992;10,2;V
06/04/1992;33,2;V
07/04/1992;0,0;V
08/04/1992;0,0;V
09/04/1992;1,4;V
10/04/1992;0,0;V
11/04/1992;0,0;V
12/04/1992;0,0;V
13/04/1992;0,0;V
14/04/1992;0,0;V
15/04/1992;0,0;V
16/04/1992;6,0;V
17/04/1992;0,0;V
18/04/1992;0,0;V
19/04/1992;0,0;V
20/04/1992;0,0;V
21/04/1992;0,0;V
22/04/1992;0,0;V
23/04/1992;0,0;V
24/04/1992;0,0;V
25/04/1992;0,0;V
26/04/1992;0,0;V
27/04/1992;0,0;V
28/04/1992;0,0;V
29/04/1992;0,0;V
30/04/1992;4,0;V
01/05/1992;8,0;V
02/05/1992;0,0;V
03/05/1992;0,0;V
04/05/1992;0,0;V
05/05/1992;0,0;V
06/05/1992;0,0;V
07/05/1992;0,0;V
08/05/1992;0,0;V
09/05/1992;0,0;V
10/05/1992;0,0;V
11/05/1992;0,0;V
12/05/1992;0,0;V
13/05/1992;0,0;V
14/05/1992;0,0;V
15/05/1992;0,0;V
16/05/1992;0,0;V
17/05/1992;0,0;V
18/05/1992;0,0;V
19/05/1992;2,0;V
20/05/1992;1,2;V
21/05/1992;0,0;V
22/05/1992;7,0;V
23/05/1992;0,0;V
24/05/1992;0,0;V
25/05/1992;0,0;V
26/05/1992;0,0;V
27/05/1992;0,0;V
28/05/1992;0,0;V
29/05/1992;0,0;V
30/05/1992;2,0;V
31/05/1992;2,0;V
01/06/1992;0,0;V
02/06/1992;0,0;V
03/06/1992;0,0;V
04/06/1992;0,0;V
05/06/1992;5,0;V
06/06/1992;8,2;V
07/06/1992;28,2;V
08/06/1992;43,0;V
09/06/1992;0,0;V
10/06/1992;0,0;V
11/06/1992;10,8;V
12/06/1992;19,4;V
13/06/1992;0,0;V
14/06/1992;2,6;V
15/06/1992;0,0;V
16/06/1992;0,0;V
17/06/1992;4,0;V
18/06/1992;0,0;V
19/06/1992;0,0;V
20/06/1992;0,0;V
21/06/1992;0,0;V
22/06/1992;2,0;V
23/06/1992;3,4;V
24/06/1992;0,0;V
25/06/1992;26,0;V
26/06/1992;0,0;V
27/06/1992;0,0;V
28/06/1992;0,0;V
29/06/1992;0,0;V
30/06/1992;0,0;V
01/07/1992;0,0;V
02/07/1992;7,0;V
03/07/1992;0,0;V
04/07/1992;0,0;V
05/07/1992;13,0;V
06/07/1992;9,6;V
07/07/1992;3,2;V
08/07/1992;0,0;V
09/07/1992;0,0;V
10/07/1992;0,2;V
11/07/1992;3,0;V
12/07/1992;5,2;V
13/07/1992;0,0;V
14/07/1992;0,0;V
15/07/1992;0,0;V
16/07/1992;0,0;V
17/07/1992;0,0;V
18/07/1992;0,0;V
19/07/1992;0,0;V
20/07/1992;0,0;V
21/07/1992;0,0;V
22/07/1992;0,0;V
23/07/1992;0,0;V
24/07/1992;0,0;V
25/07/1992;0,0;V
26/07/1992;0,0;V
27/07/1992;0,0;V
28/07/1992;0,0;V
29/07/1992;0,0;V
30/07/1992;0,0;V
31/07/1992;0,0;V
01/08/1992;0,0;V
02/08/1992;0,0;V
03/08/1992;0,0;V
04/08/1992;0,0;V
05/08/1992;0,0;V
06/08/1992;0,0;V
07/08/1992;0,0;V
08/08/1992;0,0;V
09/08/1992;0,0;V
10/08/1992;0,0;V
11/08/1992;13,6;V
12/08/1992;0,0;V
13/08/1992;0,0;V
14/08/1992;0,0;V
15/08/1992;0,0;V
16/08/1992;0,0;V
17/08/1992;0,0;V
18/08/1992;0,0;V
19/08/1992;0,0;V
20/08/1992;0,0;V
21/08/1992;0,0;V
22/08/1992;0,0;V
23/08/1992;0,0;V
24/08/1992;0,0;V
25/08/1992;0,0;V
26/08/1992;0,0;V
27/08/1992;0,0;V
28/08/1992;0,0;V
29/08/1992;0,0;V
30/08/1992;32,4;V
31/08/1992;6,2;V
01/09/1992;1,6;V
02/09/1992;0,0;V
03/09/1992;0,0;V
04/09/1992;0,0;V
05/09/1992;0,0;V
06/09/1992;0,0;V
07/09/1992;0,0;V
08/09/1992;0,0;V
09/09/1992;0,0;V
10/09/1992;2,8;V
11/09/1992;0,0;V
12/09/1992;0,0;V
13/09/1992;0,0;V
14/09/1992;0,0;V
15/09/1992;0,0;V
16/09/1992;0,0;V
17/09/1992;0,0;V
18/09/1992;0,0;V
19/09/1992;0,0;V
20/09/1992;0,0;V
21/09/1992;0,0;V
22/09/1992;0,0;V
23/09/1992;25,0;V
24/09/1992;7,0;V
25/09/1992;0,0;V
26/09/1992;0,0;V
27/09/1992;0,0;V
28/09/1992;24,0;V
29/09/1992;0,0;V
30/09/1992;0,0;V
01/10/1992;0,0;V
02/10/1992;0,0;V
03/10/1992;20,0;V
04/10/1992;49,0;V
05/10/1992;16,4;V
06/10/1992;13,0;V
07/10/1992;11,4;V
08/10/1992;4,0;V
09/10/1992;0,0;V
10/10/1992;33,0;V
11/10/1992;5,0;V
12/10/1992;0,0;V
13/10/1992;0,0;V
14/10/1992;0,0;V
15/10/1992;0,0;V
16/10/1992;19,0;V
17/10/1992;31,0;V
18/10/1992;20,0;V
19/10/1992;0,0;V
20/10/1992;28,0;V
21/10/1992;44,2;V
22/10/1992;8,0;V
23/10/1992;0,4;V
24/10/1992;4,2;V
25/10/1992;3,0;V
26/10/1992;8,0;V
27/10/1992;0,0;V
28/10/1992;8,0;V
29/10/1992;6,2;V
30/10/1992;5,0;V
31/10/1992;69,0;V
01/11/1992;0,0;V
02/11/1992;8,0;V
03/11/1992;0,0;V
04/11/1992;0,0;V
05/11/1992;0,0;V
06/11/1992;0,0;V
07/11/1992;0,0;V
08/11/1992;0,0;V
09/11/1992;0,0;V
10/11/1992;0,0;V
11/11/1992;5,0;V
12/11/1992;4,0;V
13/11/1992;0,0;V
14/11/1992;25,0;V
15/11/1992;0,0;V
16/11/1992;5,2;V
17/11/1992;15,0;V
18/11/1992;6,0;V
19/11/1992;0,0;V
20/11/1992;0,0;V
21/11/1992;0,0;V
22/11/1992;3,0;V
23/11/1992;0,0;V
24/11/1992;0,0;V
25/11/1992;0,0;V
26/11/1992;0,6;V
27/11/1992;0,0;V
28/11/1992;0,0;V
29/11/1992;0,0;V
30/11/1992;0,0;V
01/12/1992;0,0;V
02/12/1992;0,0;V
03/12/1992;0,6;V
04/12/1992;33,0;V
05/12/1992;13,0;V
06/12/1992;10,0;V
07/12/1992;0,0;V
08/12/1992;39,6;V
09/12/1992;4,0;V
10/12/1992;0,0;V
11/12/1992;0,0;V
12/12/1992;0,0;V
13/12/1992;0,0;V
14/12/1992;0,0;V
15/12/1992;0,0;V
16/12/1992;0,0;V
17/12/1992;0,0;V
18/12/1992;0,0;V
19/12/1992;0,0;V
20/12/1992;0,0;V
21/12/1992;0,6;V
22/12/1992;0,0;V
23/12/1992;0,0;V
24/12/1992;0,0;V
25/12/1992;0,0;V
26/12/1992;0,0;V
27/12/1992;0,0;V
28/12/1992;0,0;V
29/12/1992;0,0;V
30/12/1992;0,0;V
31/12/1992;0,0;V
01/01/1993;0,0;V
02/01/1993;0,0;V
03/01/1993;0,0;V
04/01/1993;0,0;V
05/01/1993;0,0;V
06/01/1993;0,0;V
07/01/1993;0,0;V
08/01/1993;0,0;V
09/01/1993;0,0;V
10/01/1993;0,0;V
11/01/1993;1,0;V
12/01/1993;0,0;V
13/01/1993;0,0;V
14/01/1993;0,0;V
15/01/1993;0,0;V
16/01/1993;0,0;V
17/01/1993;0,0;V
18/01/1993;0,0;V
19/01/1993;2,0;V
20/01/1993;0,0;V
21/01/1993;0,0;V
22/01/1993;0,0;V
23/01/1993;0,0;V
24/01/1993;0,0;V
25/01/1993;0,0;V
26/01/1993;0,0;V
27/01/1993;0,0;V
28/01/1993;0,0;V
29/01/1993;0,0;V
30/01/1993;0,0;V
31/01/1993;0,0;V
01/02/1993;0,0;V
02/02/1993;0,0;V
03/02/1993;0,0;V
04/02/1993;0,0;V
05/02/1993;0,0;V
06/02/1993;0,0;V
07/02/1993;0,0;V
08/02/1993;0,0;V
09/02/1993;0,0;V
10/02/1993;0,0;V
11/02/1993;0,0;V
12/02/1993;0,0;V
13/02/1993;0,0;V
14/02/1993;0,0;V
15/02/1993;0,0;V
16/02/1993;0,0;V
17/02/1993;0,0;V
18/02/1993;0,0;V
19/02/1993;0,0;V
20/02/1993;0,0;V
21/02/1993;0,0;V
22/02/1993;0,0;V
23/02/1993;0,0;V
24/02/1993;0,0;V
25/02/1993;0,0;V
26/02/1993;0,0;V
27/02/1993;2,0;V
28/02/1993;0,0;V
01/03/1993;0,0;V
02/03/1993;3,0;V
03/03/1993;4,8;V
04/03/1993;0,0;V
05/03/1993;0,0;V
06/03/1993;0,0;V
07/03/1993;0,0;V
08/03/1993;0,0;V
09/03/1993;0,0;V
10/03/1993;0,0;V
11/03/1993;0,0;V
12/03/1993;0,0;V
13/03/1993;0,0;V
14/03/1993;0,0;V
15/03/1993;0,0;V
16/03/1993;0,0;V
17/03/1993;0,0;V
18/03/1993;0,0;V
19/03/1993;0,0;V
20/03/1993;0,0;V
21/03/1993;0,0;V
22/03/1993;0,0;V
23/03/1993;0,0;V
24/03/1993;0,0;V
25/03/1993;13,0;V
26/03/1993;8,0;V
27/03/1993;0,0;V
28/03/1993;0,0;V
29/03/1993;0,0;V
30/03/1993;0,0;V
31/03/1993;0,0;V
01/04/1993;0,0;V
02/04/1993;0,0;V
03/04/1993;8,6;V
04/04/1993;0,0;V
05/04/1993;10,0;V
06/04/1993;0,0;V
07/04/1993;0,0;V
08/04/1993;0,0;V
09/04/1993;0,0;V
10/04/1993;0,0;V
11/04/1993;34,0;V
12/04/1993;3,0;V
13/04/1993;12,0;V
14/04/1993;9,2;V
15/04/1993;7,6;V
16/04/1993;1,0;V
17/04/1993;0,6;V
18/04/1993;0,0;V
19/04/1993;0,0;V
20/04/1993;0,0;V
21/04/1993;0,0;V
22/04/1993;0,0;V
23/04/1993;0,0;V
24/04/1993;0,0;V
25/04/1993;0,0;V
26/04/1993;2,6;V
27/04/1993;0,0;V
28/04/1993;0,0;V
29/04/1993;4,6;V
30/04/1993;1,8;V
01/05/1993;12,2;V
02/05/1993;2,6;V
03/05/1993;0,0;V
04/05/1993;0,0;V
05/05/1993;0,0;V
06/05/1993;0,0;V
07/05/1993;0,0;V
08/05/1993;0,0;V
09/05/1993;1,0;V
10/05/1993;0,0;V
11/05/1993;0,0;V
12/05/1993;3,0;V
13/05/1993;18,0;V
14/05/1993;2,0;V
15/05/1993;0,0;V
16/05/1993;1,6;V
17/05/1993;0,0;V
18/05/1993;0,0;V
19/05/1993;0,0;V
20/05/1993;0,0;V
21/05/1993;0,0;V
22/05/1993;0,0;V
23/05/1993;0,0;V
24/05/1993;0,0;V
25/05/1993;0,0;V
26/05/1993;0,0;V
27/05/1993;0,0;V
28/05/1993;0,0;V
29/05/1993;0,0;V
30/05/1993;0,0;V
31/05/1993;0,0;V
01/06/1993;0,0;V
02/06/1993;0,0;V
03/06/1993;0,0;V
04/06/1993;12,0;V
05/06/1993;0,0;V
06/06/1993;0,0;V
07/06/1993;0,0;V
08/06/1993;0,0;V
09/06/1993;0,0;V
10/06/1993;0,2;V
11/06/1993;0,0;V
12/06/1993;0,0;V
13/06/1993;0,0;V
14/06/1993;2,6;V
15/06/1993;0,0;V
16/06/1993;0,0;V
17/06/1993;0,0;V
18/06/1993;0,0;V
19/06/1993;0,0;V
20/06/1993;0,0;V
21/06/1993;0,0;V
22/06/1993;0,0;V
23/06/1993;0,0;V
24/06/1993;5,0;V
25/06/1993;0,0;V
26/06/1993;0,0;V
27/06/1993;0,0;V
28/06/1993;0,0;V
29/06/1993;0,0;V
30/06/1993;1,0;V
01/07/1993;1,8;V
02/07/1993;0,0;V
03/07/1993;0,0;V
04/07/1993;0,0;V
05/07/1993;0,0;V
06/07/1993;0,0;V
07/07/1993;2,6;V
08/07/1993;0,0;V
09/07/1993;0,0;V
10/07/1993;0,0;V
11/07/1993;2,0;V
12/07/1993;0,0;V
13/07/1993;11,0;V
14/07/1993;0,0;V
15/07/1993;0,0;V
16/07/1993;0,0;V
17/07/1993;0,0;V
18/07/1993;0,0;V
19/07/1993;0,0;V
20/07/1993;0,0;V
21/07/1993;0,0;V
22/07/1993;0,0;V
23/07/1993;0,0;V
24/07/1993;0,0;V
25/07/1993;0,0;V
26/07/1993;0,0;V
27/07/1993;0,0;V
28/07/1993;0,0;V
29/07/1993;0,0;V
30/07/1993;0,0;V
31/07/1993;0,0;V
01/08/1993;0,0;V
02/08/1993;0,0;V
03/08/1993;0,0;V
04/08/1993;0,0;V
05/08/1993;0,0;V
06/08/1993;0,0;V
07/08/1993;0,0;V
08/08/1993;6,6;V
09/08/1993;2,6;V
10/08/1993;0,0;V
11/08/1993;0,0;V
12/08/1993;0,0;V
13/08/1993;0,0;V
14/08/1993;0,0;V
15/08/1993;0,0;V
16/08/1993;0,0;V
17/08/1993;0,0;V
18/08/1993;0,0;V
19/08/1993;0,0;V
20/08/1993;0,0;V
21/08/1993;0,0;V
22/08/1993;0,0;V
23/08/1993;0,0;V
24/08/1993;0,0;V
25/08/1993;5,0;V
26/08/1993;0,0;V
27/08/1993;0,0;V
28/08/1993;25,0;V
29/08/1993;0,0;V
30/08/1993;0,0;V
31/08/1993;0,0;V
01/09/1993;0,0;V
02/09/1993;0,0;V
03/09/1993;0,0;V
04/09/1993;2,0;V
05/09/1993;3,0;V
06/09/1993;0,0;V
07/09/1993;0,0;V
08/09/1993;0,6;V
09/09/1993;0,0;V
10/09/1993;10,0;V
11/09/1993;0,0;V
12/09/1993;4,2;V
13/09/1993;0,0;V
14/09/1993;1,6;V
15/09/1993;0,2;V
16/09/1993;18,0;V
17/09/1993;9,0;V
18/09/1993;0,0;V
19/09/1993;0,0;V
20/09/1993;0,0;V
21/09/1993;0,0;V
22/09/1993;0,0;V
23/09/1993;0,0;V
24/09/1993;20,0;V
25/09/1993;40,0;V
26/09/1993;5,0;V
27/09/1993;1,0;V
28/09/1993;2,0;V
29/09/1993;2,2;V
30/09/1993;0,0;V
01/10/1993;30,0;V
02/10/1993;35,2;V
03/10/1993;38,6;V
04/10/1993;0,0;V
05/10/1993;0,0;V
06/10/1993;2,0;V
07/10/1993;13,2;V
08/10/1993;1,6;V
09/10/1993;7,2;V
10/10/1993;0,0;V
11/10/1993;3,0;V
12/10/1993;0,0;V
13/10/1993;3,0;V
14/10/1993;13,0;V
15/10/1993;0,0;V
16/10/1993;17,0;V
17/10/1993;0,0;V
18/10/1993;3,6;V
19/10/1993;1,0;V
20/10/1993;0,0;V
21/10/1993;10,0;V
22/10/1993;34,0;V
23/10/1993;0,0;V
24/10/1993;5,2;V
25/10/1993;10,0;V
26/10/1993;0,0;V
27/10/1993;0,0;V
28/10/1993;0,0;V
29/10/1993;0,0;V
30/10/1993;0,0;V
31/10/1993;0,0;V
01/11/1993;0,0;V
02/11/1993;19,0;V
03/11/1993;0,0;V
04/11/1993;3,0;V
05/11/1993;8,0;V
06/11/1993;19,0;V
07/11/1993;8,0;V
08/11/1993;0,0;V
09/11/1993;0,0;V
10/11/1993;2,8;V
11/11/1993;7,0;V
12/11/1993;5,6;V
13/11/1993;17,0;V
14/11/1993;0,0;V
15/11/1993;4,0;V
16/11/1993;4,4;V
17/11/1993;0,0;V
18/11/1993;0,0;V
19/11/1993;0,0;V
20/11/1993;0,0;V
21/11/1993;0,0;V
22/11/1993;0,0;V
23/11/1993;4,0;V
24/11/1993;0,0;V
25/11/1993;0,0;V
26/11/1993;0,0;V
27/11/1993;4,0;V
28/11/1993;0,0;V
29/11/1993;1,0;V
30/11/1993;7,0;V
01/12/1993;0,0;V
02/12/1993;10,0;V
03/12/1993;0,0;V
04/12/1993;0,0;V
05/12/1993;0,0;V
06/12/1993;0,0;V
07/12/1993;0,0;V
08/12/1993;11,0;V
09/12/1993;5,0;V
10/12/1993;5,0;V
11/12/1993;3,0;V
12/12/1993;8,0;V
13/12/1993;0,0;V
14/12/1993;8,0;V
15/12/1993;2,2;V
16/12/1993;4,0;V
17/12/1993;0,0;V
18/12/1993;0,0;V
19/12/1993;0,0;V
20/12/1993;8,0;V
21/12/1993;0,0;V
22/12/1993;0,0;V
23/12/1993;3,4;V
24/12/1993;8,0;V
25/12/1993;13,6;V
26/12/1993;29,0;V
27/12/1993;0,0;V
28/12/1993;0,0;V
29/12/1993;0,0;V
30/12/1993;0,0;V
31/12/1993;0,0;V
01/01/1994;24,0;V
02/01/1994;2,0;V
03/01/1994;1,2;V
04/01/1994;0,0;V
05/01/1994;3,6;V
06/01/1994;0,0;V
07/01/1994;0,0;V
08/01/1994;1,0;V
09/01/1994;0,0;V
10/01/1994;0,0;V
11/01/1994;10,2;V
12/01/1994;1,2;V
13/01/1994;0,0;V
14/01/1994;0,0;V
15/01/1994;2,6;V
16/01/1994;0,0;V
17/01/1994;1,2;V
18/01/1994;11,0;V
19/01/1994;0,0;V
20/01/1994;0,0;V
21/01/1994;0,0;V
22/01/1994;0,0;V
23/01/1994;0,0;V
24/01/1994;0,0;V
25/01/1994;0,0;V
26/01/1994;0,0;V
27/01/1994;0,0;V
28/01/1994;0,0;V
29/01/1994;0,0;V
30/01/1994;0,0;V
31/01/1994;0,0;V
01/02/1994;0,0;V
02/02/1994;0,0;V
03/02/1994;0,0;V
04/02/1994;0,0;V
05/02/1994;0,0;V
06/02/1994;8,0;V
07/02/1994;1,0;V
08/02/1994;0,0;V
09/02/1994;0,0;V
10/02/1994;0,0;V
11/02/1994;0,0;V
12/02/1994;0,0;V
13/02/1994;0,0;V
14/02/1994;0,0;V
15/02/1994;0,0;V
16/02/1994;0,0;V
17/02/1994;0,0;V
18/02/1994;0,0;V
19/02/1994;0,0;V
20/02/1994;0,0;V
21/02/1994;3,2;V
22/02/1994;0,0;V
23/02/1994;0,0;V
24/02/1994;7,0;V
25/02/1994;0,0;V
26/02/1994;0,0;V
27/02/1994;0,0;V
28/02/1994;0,0;V
01/03/1994;0,0;V
02/03/1994;0,0;V
03/03/1994;0,0;V
04/03/1994;0,0;V
05/03/1994;0,0;V
06/03/1994;0,0;V
07/03/1994;0,0;V
08/03/1994;0,0;V
09/03/1994;0,0;V
10/03/1994;0,0;V
11/03/1994;0,0;V
12/03/1994;0,0;V
13/03/1994;0,0;V
14/03/1994;0,0;V
15/03/1994;0,0;V
16/03/1994;0,0;V
17/03/1994;0,0;V
18/03/1994;0,0;V
19/03/1994;0,0;V
20/03/1994;0,0;V
21/03/1994;0,0;V
22/03/1994;0,0;V
23/03/1994;0,0;V
24/03/1994;0,0;V
25/03/1994;0,0;V
26/03/1994;0,0;V
27/03/1994;0,0;V
28/03/1994;0,0;V
29/03/1994;0,0;V
30/03/1994;0,0;V
31/03/1994;0,0;V
01/04/1994;0,0;V
02/04/1994;0,0;V
03/04/1994;8,0;V
04/04/1994;16,0;V
05/04/1994;8,0;V
06/04/1994;0,0;V
07/04/1994;0,0;V
08/04/1994;27,0;V
09/04/1994;0,0;V
10/04/1994;22,0;V
11/04/1994;2,2;V
12/04/1994;0,0;V
13/04/1994;0,0;V
14/04/1994;0,0;V
15/04/1994;39,0;V
16/04/1994;3,0;V
17/04/1994;1,4;V
18/04/1994;12,0;V
19/04/1994;1,0;V
20/04/1994;0,0;V
21/04/1994;0,0;V
22/04/1994;0,0;V
23/04/1994;0,0;V
24/04/1994;0,0;V
25/04/1994;18,0;V
26/04/1994;7,4;V
27/04/1994;0,0;V
28/04/1994;0,0;V
29/04/1994;0,0;V
30/04/1994;0,0;V
01/05/1994;0,0;V
02/05/1994;0,0;V
03/05/1994;0,0;V
04/05/1994;0,0;V
05/05/1994;0,0;V
06/05/1994;0,0;V
07/05/1994;0,0;V
08/05/1994;0,0;V
09/05/1994;9,4;V
10/05/1994;2,0;V
11/05/1994;0,0;V
12/05/1994;0,0;V
13/05/1994;11,0;V
14/05/1994;0,0;V
15/05/1994;0,0;V
16/05/1994;0,0;V
17/05/1994;0,0;V
18/05/1994;9,0;V
19/05/1994;40,0;V
20/05/1994;0,0;V
21/05/1994;0,0;V
22/05/1994;0,0;V
23/05/1994;0,0;V
24/05/1994;0,0;V
25/05/1994;0,0;V
26/05/1994;0,0;V
27/05/1994;0,0;V
28/05/1994;0,0;V
29/05/1994;0,0;V
30/05/1994;0,0;V
31/05/1994;0,0;V
01/06/1994;0,0;V
02/06/1994;0,0;V
03/06/1994;0,0;V
04/06/1994;0,0;V
05/06/1994;0,0;V
06/06/1994;0,0;V
07/06/1994;0,0;V
08/06/1994;0,0;V
09/06/1994;0,0;V
10/06/1994;2,0;V
11/06/1994;1,8;V
12/06/1994;12,0;V
13/06/1994;5,5;V
14/06/1994;0,0;V
15/06/1994;0,0;V
16/06/1994;0,0;V
17/06/1994;0,0;V
18/06/1994;0,0;V
19/06/1994;0,0;V
20/06/1994;0,0;V
21/06/1994;0,0;V
22/06/1994;0,0;V
23/06/1994;0,0;V
24/06/1994;0,0;V
25/06/1994;0,0;V
26/06/1994;0,0;V
27/06/1994;0,6;V
28/06/1994;9,0;V
29/06/1994;3,6;V
30/06/1994;0,0;V
01/07/1994;0,0;V
02/07/1994;0,0;V
03/07/1994;0,0;V
04/07/1994;0,0;V
05/07/1994;0,0;V
06/07/1994;0,0;V
07/07/1994;0,0;V
08/07/1994;0,0;V
09/07/1994;0,0;V
10/07/1994;0,0;V
11/07/1994;0,0;V
12/07/1994;0,0;V
13/07/1994;0,0;V
14/07/1994;0,0;V
15/07/1994;0,0;V
16/07/1994;1,0;V
17/07/1994;0,0;V
18/07/1994;0,0;V
19/07/1994;0,0;V
20/07/1994;0,0;V
21/07/1994;5,0;V
22/07/1994;0,0;V
23/07/1994;0,0;V
24/07/1994;0,0;V
25/07/1994;0,0;V
26/07/1994;0,0;V
27/07/1994;0,0;V
28/07/1994;0,0;V
29/07/1994;0,0;V
30/07/1994;0,0;V
31/07/1994;0,0;V
01/08/1994;0,0;V
02/08/1994;0,0;V
03/08/1994;0,0;V
04/08/1994;0,0;V
05/08/1994;0,0;V
06/08/1994;0,0;V
07/08/1994;0,0;V
08/08/1994;0,0;V
09/08/1994;0,0;V
10/08/1994;0,0;V
11/08/1994;0,0;V
12/08/1994;0,0;V
13/08/1994;0,0;V
14/08/1994;0,0;V
15/08/1994;0,0;V
16/08/1994;0,0;V
17/08/1994;0,0;V
18/08/1994;0,0;V
19/08/1994;0,0;V
20/08/1994;0,0;V
21/08/1994;0,0;V
22/08/1994;0,0;V
23/08/1994;0,0;V
24/08/1994;0,0;V
25/08/1994;5,0;V
26/08/1994;4,0;V
27/08/1994;0,0;V
28/08/1994;0,0;V
29/08/1994;0,0;V
30/08/1994;0,0;V
31/08/1994;0,0;V
01/09/1994;0,0;V
02/09/1994;2,0;V
03/09/1994;60,0;V
04/09/1994;0,0;V
05/09/1994;0,0;V
06/09/1994;0,0;V
07/09/1994;0,0;V
08/09/1994;0,0;V
09/09/1994;12,0;V
10/09/1994;0,0;V
11/09/1994;78,0;V
12/09/1994;0,0;V
13/09/1994;0,0;V
14/09/1994;0,0;V
15/09/1994;12,0;V
16/09/1994;0,0;V
17/09/1994;5,0;V
18/09/1994;1,0;V
19/09/1994;0,0;V
20/09/1994;0,0;V
21/09/1994;0,0;V
22/09/1994;27,0;V
23/09/1994;0,0;V
24/09/1994;0,0;V
25/09/1994;0,0;V
26/09/1994;0,0;V
27/09/1994;24,0;V
28/09/1994;0,0;V
29/09/1994;0,0;V
30/09/1994;0,0;V
01/10/1994;0,0;V
02/10/1994;0,0;V
03/10/1994;65,0;V
04/10/1994;1,0;V
05/10/1994;0,0;V
06/10/1994;0,0;V
07/10/1994;0,0;V
08/10/1994;0,0;V
09/10/1994;0,0;V
10/10/1994;0,0;V
11/10/1994;0,0;V
12/10/1994;0,0;V
13/10/1994;0,0;V
14/10/1994;0,0;V
15/10/1994;0,0;V
16/10/1994;0,0;V
17/10/1994;0,0;V
18/10/1994;0,0;V
19/10/1994;0,0;V
20/10/1994;0,0;V
21/10/1994;4,0;V
22/10/1994;0,0;V
23/10/1994;0,0;V
24/10/1994;8,0;V
25/10/1994;0,0;V
26/10/1994;0,0;V
27/10/1994;0,0;V
28/10/1994;0,0;V
29/10/1994;29,0;V
30/10/1994;0,0;V
31/10/1994;0,0;V
01/11/1994;0,0;V
02/11/1994;0,0;V
03/11/1994;0,0;V
04/11/1994;0,0;V
05/11/1994;0,0;V
06/11/1994;24,0;V
07/11/1994;51,6;V
08/11/1994;0,0;V
09/11/1994;7,0;V
10/11/1994;32,0;V
11/11/1994;5,0;V
12/11/1994;0,0;V
13/11/1994;0,0;V
14/11/1994;0,0;V
15/11/1994;0,0;V
16/11/1994;0,0;V
17/11/1994;11,4;V
18/11/1994;0,0;V
19/11/1994;0,0;V
20/11/1994;0,0;V
21/11/1994;0,0;V
22/11/1994;0,0;V
23/11/1994;0,0;V
24/11/1994;0,0;V
25/11/1994;0,0;V
26/11/1994;0,0;V
27/11/1994;0,0;V
28/11/1994;0,0;V
29/11/1994;0,0;V
30/11/1994;0,0;V
01/12/1994;0,0;V
02/12/1994;0,0;V
03/12/1994;0,0;V
04/12/1994;0,0;V
05/12/1994;0,0;V
06/12/1994;15,2;V
07/12/1994;0,0;V
08/12/1994;0,0;V
09/12/1994;1,0;V
10/12/1994;13,0;V
11/12/1994;0,0;V
12/12/1994;0,0;V
13/12/1994;0,0;V
14/12/1994;0,0;V
15/12/1994;0,0;V
16/12/1994;0,0;V
17/12/1994;0,0;V
18/12/1994;0,0;V
19/12/1994;1,0;V
20/12/1994;9,0;V
21/12/1994;0,0;V
22/12/1994;0,0;V
23/12/1994;0,0;V
24/12/1994;0,0;V
25/12/1994;0,0;V
26/12/1994;0,0;V
27/12/1994;0,0;V
28/12/1994;0,6;V
29/12/1994;0,0;V
30/12/1994;1,4;V
31/12/1994;6,0;V
01/01/1995;10,0;R
02/01/1995;0,8;V
03/01/1995;0,0;V
04/01/1995;0,0;V
05/01/1995;0,0;V
06/01/1995;0,0;V
07/01/1995;0,0;V
08/01/1995;0,0;V
09/01/1995;0,0;V
10/01/1995;0,0;V
11/01/1995;0,0;V
12/01/1995;0,0;V
13/01/1995;0,0;V
14/01/1995;0,0;V
15/01/1995;0,0;V
16/01/1995;0,0;V
17/01/1995;0,0;V
18/01/1995;0,0;V
19/01/1995;17,0;V
20/01/1995;0,0;V
21/01/1995;2,2;V
22/01/1995;6,0;V
23/01/1995;0,0;V
24/01/1995;1,8;V
25/01/1995;7,6;V
26/01/1995;2,0;V
27/01/1995;0,0;V
28/01/1995;0,0;V
29/01/1995;0,0;V
30/01/1995;0,0;V
31/01/1995;3,0;V
01/02/1995;0,0;V
02/02/1995;0,0;V
03/02/1995;0,0;V
04/02/1995;0,0;V
05/02/1995;0,0;V
06/02/1995;0,0;V
07/02/1995;0,0;V
08/02/1995;0,0;V
09/02/1995;0,0;V
10/02/1995;6,0;V
11/02/1995;0,0;V
12/02/1995;13,6;V
13/02/1995;0,0;V
14/02/1995;18,0;V
15/02/1995;5,6;V
16/02/1995;7,0;V
17/02/1995;2,0;V
18/02/1995;3,0;V
19/02/1995;0,0;V
20/02/1995;0,0;V
21/02/1995;0,0;V
22/02/1995;0,0;V
23/02/1995;5,4;V
24/02/1995;8,0;V
25/02/1995;37,0;V
26/02/1995;5,0;V
27/02/1995;7,0;V
28/02/1995;0,0;V
01/03/1995;0,0;V
02/03/1995;6,0;V
03/03/1995;10,0;V
04/03/1995;8,0;V
05/03/1995;0,0;V
06/03/1995;9,4;V
07/03/1995;0,2;V
08/03/1995;0,0;V
09/03/1995;26,4;V
10/03/1995;0,0;V
11/03/1995;0,0;V
12/03/1995;0,0;V
13/03/1995;0,0;V
14/03/1995;0,0;V
15/03/1995;0,0;V
16/03/1995;5,2;V
17/03/1995;0,0;V
18/03/1995;0,0;V
19/03/1995;0,0;V
20/03/1995;0,0;V
21/03/1995;0,0;V
22/03/1995;0,0;V
23/03/1995;0,0;V
24/03/1995;0,0;V
25/03/1995;0,0;V
26/03/1995;0,0;V
27/03/1995;0,0;V
28/03/1995;5,2;V
29/03/1995;0,0;V
30/03/1995;1,6;V
31/03/1995;0,0;V
01/04/1995;0,0;V
02/04/1995;0,0;V
03/04/1995;0,0;V
04/04/1995;0,0;V
05/04/1995;0,0;V
06/04/1995;0,0;V
07/04/1995;0,0;V
08/04/1995;0,0;V
09/04/1995;0,0;V
10/04/1995;0,0;V
11/04/1995;0,0;V
12/04/1995;0,0;V
13/04/1995;0,0;V
14/04/1995;0,0;V
15/04/1995;1,4;V
16/04/1995;0,0;V
17/04/1995;0,0;V
18/04/1995;0,0;V
19/04/1995;0,0;V
20/04/1995;0,0;V
21/04/1995;9,0;V
22/04/1995;0,0;V
23/04/1995;3,6;V
24/04/1995;12,4;V
25/04/1995;4,6;V
26/04/1995;3,0;V
27/04/1995;5,6;V
28/04/1995;5,4;V
29/04/1995;0,0;V
30/04/1995;0,0;V
01/05/1995;0,0;V
02/05/1995;0,0;V
03/05/1995;0,0;V
04/05/1995;0,0;V
05/05/1995;0,0;V
06/05/1995;0,0;V
07/05/1995;0,0;V
08/05/1995;0,0;V
09/05/1995;0,0;V
10/05/1995;0,0;V
11/05/1995;0,8;V
12/05/1995;32,0;V
13/05/1995;15,0;V
14/05/1995;4,0;V
15/05/1995;14,0;V
16/05/1995;0,0;V
17/05/1995;4,0;V
18/05/1995;6,0;V
19/05/1995;2,0;V
20/05/1995;0,0;V
21/05/1995;0,0;V
22/05/1995;0,0;V
23/05/1995;0,0;V
24/05/1995;0,0;V
25/05/1995;0,0;V
26/05/1995;0,0;V
27/05/1995;0,0;V
28/05/1995;0,0;V
29/05/1995;0,0;V
30/05/1995;0,0;V
31/05/1995;8,0;V
01/06/1995;6,4;V
02/06/1995;0,0;V
03/06/1995;0,0;V
04/06/1995;0,0;V
05/06/1995;0,0;V
06/06/1995;0,0;V
07/06/1995;0,0;V
08/06/1995;0,0;V
09/06/1995;0,0;V
10/06/1995;0,0;V
11/06/1995;10,0;V
12/06/1995;0,8;V
13/06/1995;19,0;V
14/06/1995;3,4;V
15/06/1995;0,2;V
16/06/1995;0,0;V
17/06/1995;0,0;V
18/06/1995;0,0;V
19/06/1995;0,0;V
20/06/1995;0,0;V
21/06/1995;0,0;V
22/06/1995;0,0;V
23/06/1995;4,0;V
24/06/1995;30,0;V
25/06/1995;0,0;V
26/06/1995;0,0;V
27/06/1995;0,0;V
28/06/1995;0,0;V
29/06/1995;0,0;V
30/06/1995;0,0;V
01/07/1995;0,0;V
02/07/1995;0,0;V
03/07/1995;0,0;V
04/07/1995;2,0;R
05/07/1995;0,0;V
06/07/1995;0,4;V
07/07/1995;0,0;V
08/07/1995;0,0;V
09/07/1995;0,0;V
10/07/1995;0,0;V
11/07/1995;0,0;V
12/07/1995;0,0;V
13/07/1995;0,0;V
14/07/1995;0,0;V
15/07/1995;0,0;V
16/07/1995;0,0;V
17/07/1995;0,0;V
18/07/1995;0,0;V
19/07/1995;0,0;V
20/07/1995;0,0;V
21/07/1995;0,0;V
22/07/1995;0,0;V
23/07/1995;0,0;V
24/07/1995;0,0;V
25/07/1995;0,0;V
26/07/1995;0,0;V
27/07/1995;0,0;V
28/07/1995;0,0;V
29/07/1995;0,0;V
30/07/1995;0,0;V
31/07/1995;0,0;V
01/08/1995;0,0;V
02/08/1995;0,0;V
03/08/1995;0,0;V
04/08/1995;0,0;V
05/08/1995;0,0;V
06/08/1995;0,0;V
07/08/1995;0,0;V
08/08/1995;0,0;V
09/08/1995;0,0;V
10/08/1995;0,0;V
11/08/1995;0,0;V
12/08/1995;0,0;V
13/08/1995;0,0;V
14/08/1995;0,0;V
15/08/1995;0,0;V
16/08/1995;2,0;V
17/08/1995;2,6;V
18/08/1995;0,0;V
19/08/1995;1,0;V
20/08/1995;0,0;V
21/08/1995;0,0;V
22/08/1995;8,2;V
23/08/1995;0,0;V
24/08/1995;0,0;V
25/08/1995;0,0;V
26/08/1995;28,4;V
27/08/1995;0,0;V
28/08/1995;0,0;V
29/08/1995;26,0;V
30/08/1995;0,0;V
31/08/1995;0,0;V
01/09/1995;0,0;V
02/09/1995;0,0;V
03/09/1995;0,0;V
04/09/1995;0,0;V
05/09/1995;0,0;V
06/09/1995;1,0;V
07/09/1995;0,0;V
08/09/1995;0,0;V
09/09/1995;0,0;V
10/09/1995;0,0;V
11/09/1995;0,0;V
12/09/1995;0,0;V
13/09/1995;8,0;V
14/09/1995;55,6;V
15/09/1995;1,4;V
16/09/1995;4,0;V
17/09/1995;0,2;V
18/09/1995;0,0;V
19/09/1995;30,0;V
20/09/1995;13,0;V
21/09/1995;11,0;V
22/09/1995;0,0;V
23/09/1995;0,0;V
24/09/1995;0,0;V
25/09/1995;0,0;V
26/09/1995;0,0;V
27/09/1995;0,0;V
28/09/1995;0,0;V
29/09/1995;0,0;V
30/09/1995;0,0;V
01/10/1995;0,0;V
02/10/1995;0,0;V
03/10/1995;0,0;V
04/10/1995;0,0;V
05/10/1995;0,8;V
06/10/1995;0,0;V
07/10/1995;0,0;V
08/10/1995;0,0;V
09/10/1995;0,0;V
10/10/1995;0,0;V
11/10/1995;0,0;V
12/10/1995;0,0;V
13/10/1995;0,0;V
14/10/1995;0,0;V
15/10/1995;0,0;V
16/10/1995;0,0;V
17/10/1995;0,0;V
18/10/1995;0,0;V
19/10/1995;0,0;V
20/10/1995;0,0;V
21/10/1995;0,0;V
22/10/1995;0,0;V
23/10/1995;0,0;V
24/10/1995;0,0;V
25/10/1995;0,0;V
26/10/1995;0,0;V
27/10/1995;0,0;V
28/10/1995;0,0;V
29/10/1995;0,0;V
30/10/1995;16,0;V
31/10/1995;0,0;V
01/11/1995;0,0;V
02/11/1995;25,0;V
03/11/1995;3,0;V
04/11/1995;0,0;V
05/11/1995;0,0;V
06/11/1995;0,0;V
07/11/1995;0,0;V
08/11/1995;0,0;V
09/11/1995;0,0;V
10/11/1995;0,0;V
11/11/1995;0,0;V
12/11/1995;0,0;V
13/11/1995;0,0;V
14/11/1995;0,0;V
15/11/1995;0,0;V
16/11/1995;1,4;V
17/11/1995;3,6;V
18/11/1995;0,0;V
19/11/1995;0,0;V
20/11/1995;0,0;V
21/11/1995;0,0;V
22/11/1995;0,0;V
23/11/1995;0,0;V
24/11/1995;0,0;V
25/11/1995;0,0;V
26/11/1995;0,0;V
27/11/1995;9,0;V
28/11/1995;6,0;V
29/11/1995;1,0;V
30/11/1995;0,0;V
01/12/1995;0,0;V
02/12/1995;0,0;V
03/12/1995;0,0;V
04/12/1995;0,0;V
05/12/1995;0,0;V
06/12/1995;0,0;V
07/12/1995;2,6;V
08/12/1995;0,0;V
09/12/1995;0,0;V
10/12/1995;0,0;V
11/12/1995;0,0;V
12/12/1995;0,0;V
13/12/1995;3,0;V
14/12/1995;0,0;V
15/12/1995;7,0;V
16/12/1995;11,0;V
17/12/1995;0,0;V
18/12/1995;0,0;V
19/12/1995;0,0;V
20/12/1995;0,0;V
21/12/1995;0,0;V
22/12/1995;1,0;V
23/12/1995;16,0;V
24/12/1995;0,0;V
25/12/1995;11,2;V
26/12/1995;11,0;V
27/12/1995;18,0;V
28/12/1995;2,0;V
29/12/1995;0,6;V
30/12/1995;15,0;V
31/12/1995;23,0;V
01/01/1996;0,4;V
02/01/1996;0,0;V
03/01/1996;0,0;V
04/01/1996;0,0;V
05/01/1996;0,0;V
06/01/1996;19,0;V
07/01/1996;5,0;V
08/01/1996;33,0;V
09/01/1996;0,0;V
10/01/1996;0,0;V
11/01/1996;0,0;V
12/01/1996;0,0;V
13/01/1996;0,0;V
14/01/1996;0,0;V
15/01/1996;0,0;V
16/01/1996;0,0;V
17/01/1996;0,0;V
18/01/1996;0,0;V
19/01/1996;0,0;V
20/01/1996;0,0;V
21/01/1996;3,0;V
22/01/1996;0,0;V
23/01/1996;0,0;V
24/01/1996;8,0;V
25/01/1996;9,4;V
26/01/1996;0,0;V
27/01/1996;12,0;V
28/01/1996;0,0;V
29/01/1996;0,0;V
30/01/1996;0,0;V
31/01/1996;0,0;V
01/02/1996;0,0;V
02/02/1996;0,0;V
03/02/1996;33,6;V
04/02/1996;40,2;V
05/02/1996;28,0;V
06/02/1996;0,0;V
07/02/1996;0,0;V
08/02/1996;0,0;V
09/02/1996;0,0;V
10/02/1996;0,0;V
11/02/1996;0,0;V
12/02/1996;2,4;V
13/02/1996;26,0;V
14/02/1996;0,0;V
15/02/1996;0,0;V
16/02/1996;0,0;V
17/02/1996;0,0;V
18/02/1996;0,0;V
19/02/1996;0,0;V
20/02/1996;18,0;V
21/02/1996;22,4;V
22/02/1996;0,0;V
23/02/1996;0,0;V
24/02/1996;0,0;V
25/02/1996;0,0;V
26/02/1996;0,0;V
27/02/1996;0,0;V
28/02/1996;0,0;V
29/02/1996;0,0;V
01/03/1996;0,0;V
02/03/1996;0,0;V
03/03/1996;0,0;V
04/03/1996;0,0;V
05/03/1996;0,0;V
06/03/1996;0,0;V
07/03/1996;0,0;V
08/03/1996;0,0;V
09/03/1996;0,0;V
10/03/1996;0,0;V
11/03/1996;0,0;V
12/03/1996;0,0;V
13/03/1996;0,0;V
14/03/1996;0,0;V
15/03/1996;0,0;V
16/03/1996;3,0;R
17/03/1996;0,0;V
18/03/1996;0,0;V
19/03/1996;0,0;V
20/03/1996;0,0;V
21/03/1996;0,0;V
22/03/1996;0,0;V
23/03/1996;0,0;V
24/03/1996;0,0;V
25/03/1996;0,0;V
26/03/1996;0,0;V
27/03/1996;10,0;V
28/03/1996;0,0;V
29/03/1996;0,0;V
30/03/1996;0,0;V
31/03/1996;0,0;V
01/04/1996;0,0;V
02/04/1996;40,0;V
03/04/1996;16,0;V
04/04/1996;1,0;V
05/04/1996;0,0;V
06/04/1996;0,0;V
07/04/1996;0,0;V
08/04/1996;0,0;V
09/04/1996;0,0;V
10/04/1996;0,0;V
11/04/1996;0,0;V
12/04/1996;0,0;V
13/04/1996;4,8;V
14/04/1996;3,6;V
15/04/1996;0,0;V
16/04/1996;0,0;V
17/04/1996;0,0;V
18/04/1996;0,0;V
19/04/1996;0,0;V
20/04/1996;0,0;V
21/04/1996;0,0;V
22/04/1996;0,0;V
23/04/1996;0,0;V
24/04/1996;19,0;V
25/04/1996;10,0;V
26/04/1996;2,8;V
27/04/1996;0,0;V
28/04/1996;0,0;V
29/04/1996;10,0;V
30/04/1996;8,0;V
01/05/1996;2,0;V
02/05/1996;5,0;V
03/05/1996;19,0;V
04/05/1996;0,0;V
05/05/1996;0,0;V
06/05/1996;0,0;V
07/05/1996;0,0;V
08/05/1996;0,0;V
09/05/1996;0,0;V
10/05/1996;28,0;V
11/05/1996;11,0;V
12/05/1996;16,0;V
13/05/1996;3,0;V
14/05/1996;0,0;V
15/05/1996;0,0;V
16/05/1996;0,0;V
17/05/1996;0,0;V
18/05/1996;0,0;V
19/05/1996;0,0;V
20/05/1996;18,4;V
21/05/1996;0,0;V
22/05/1996;0,0;V
23/05/1996;0,0;V
24/05/1996;0,0;V
25/05/1996;0,0;V
26/05/1996;0,0;V
27/05/1996;0,0;V
28/05/1996;0,0;V
29/05/1996;0,0;V
30/05/1996;0,0;V
31/05/1996;0,0;V
01/06/1996;0,0;V
02/06/1996;0,0;V
03/06/1996;0,0;V
04/06/1996;0,0;V
05/06/1996;0,0;V
06/06/1996;0,0;V
07/06/1996;0,0;V
08/06/1996;0,0;V
09/06/1996;0,0;V
10/06/1996;0,0;V
11/06/1996;0,0;V
12/06/1996;0,0;V
13/06/1996;0,0;V
14/06/1996;4,6;V
15/06/1996;0,0;V
16/06/1996;0,0;V
17/06/1996;0,0;V
18/06/1996;0,0;V
19/06/1996;0,0;V
20/06/1996;0,0;V
21/06/1996;0,0;V
22/06/1996;1,0;V
23/06/1996;15,0;V
24/06/1996;0,0;V
25/06/1996;3,0;V
26/06/1996;0,0;V
27/06/1996;0,0;V
28/06/1996;0,0;V
29/06/1996;0,0;V
30/06/1996;0,0;V
01/07/1996;0,0;V
02/07/1996;0,0;V
03/07/1996;0,0;V
04/07/1996;0,0;V
05/07/1996;0,0;V
06/07/1996;0,0;V
07/07/1996;0,0;V
08/07/1996;0,0;V
09/07/1996;0,0;V
10/07/1996;0,0;V
11/07/1996;0,0;V
12/07/1996;0,0;V
13/07/1996;0,0;V
14/07/1996;0,0;V
15/07/1996;0,0;V
16/07/1996;0,0;V
17/07/1996;0,0;V
18/07/1996;0,0;V
19/07/1996;0,0;V
20/07/1996;2,0;V
21/07/1996;0,0;V
22/07/1996;0,0;V
23/07/1996;0,0;V
24/07/1996;0,0;V
25/07/1996;0,0;V
26/07/1996;0,0;V
27/07/1996;0,0;V
28/07/1996;0,0;V
29/07/1996;1,0;V
30/07/1996;0,0;V
31/07/1996;7,0;V
01/08/1996;0,0;V
02/08/1996;0,0;V
03/08/1996;0,0;V
04/08/1996;0,0;V
05/08/1996;0,0;V
06/08/1996;0,0;V
07/08/1996;0,0;V
08/08/1996;0,0;V
09/08/1996;0,0;V
10/08/1996;0,0;V
11/08/1996;0,0;V
12/08/1996;13,0;V
13/08/1996;0,0;V
14/08/1996;0,0;V
15/08/1996;0,0;V
16/08/1996;0,0;V
17/08/1996;0,0;V
18/08/1996;0,0;V
19/08/1996;0,0;V
20/08/1996;0,0;V
21/08/1996;0,0;V
22/08/1996;1,0;V
23/08/1996;2,0;V
24/08/1996;0,0;V
25/08/1996;0,0;V
26/08/1996;0,0;V
27/08/1996;0,0;V
28/08/1996;6,6;V
29/08/1996;0,0;V
30/08/1996;0,0;V
31/08/1996;1,0;V
01/09/1996;0,8;V
02/09/1996;15,4;V
03/09/1996;12,0;V
04/09/1996;7,0;V
05/09/1996;0,0;V
06/09/1996;0,0;V
07/09/1996;0,0;V
08/09/1996;0,0;V
09/09/1996;0,0;V
10/09/1996;0,0;V
11/09/1996;0,0;V
12/09/1996;2,0;V
13/09/1996;9,4;V
14/09/1996;0,0;V
15/09/1996;0,0;V
16/09/1996;0,0;V
17/09/1996;0,0;V
18/09/1996;4,0;V
19/09/1996;0,0;V
20/09/1996;5,0;V
21/09/1996;22,0;V
22/09/1996;6,0;V
23/09/1996;20,0;V
24/09/1996;9,0;V
25/09/1996;0,0;V
26/09/1996;20,0;V
27/09/1996;0,0;V
28/09/1996;0,0;V
29/09/1996;0,0;V
30/09/1996;0,0;V
01/10/1996;0,0;V
02/10/1996;21,0;V
03/10/1996;0,0;V
04/10/1996;0,0;V
05/10/1996;0,0;V
06/10/1996;0,0;V
07/10/1996;0,0;V
08/10/1996;22,0;V
09/10/1996;3,0;V
10/10/1996;0,0;V
11/10/1996;0,0;V
12/10/1996;0,0;V
13/10/1996;0,0;V
14/10/1996;0,0;V
15/10/1996;5,0;V
16/10/1996;7,0;V
17/10/1996;10,0;V
18/10/1996;51,4;V
19/10/1996;2,0;V
20/10/1996;0,0;V
21/10/1996;0,0;V
22/10/1996;0,0;V
23/10/1996;0,0;V
24/10/1996;0,0;V
25/10/1996;0,0;V
26/10/1996;0,0;V
27/10/1996;0,0;V
28/10/1996;0,0;V
29/10/1996;5,0;V
30/10/1996;1,0;V
31/10/1996;0,0;V
01/11/1996;0,0;V
02/11/1996;0,0;V
03/11/1996;0,0;V
04/11/1996;0,0;V
05/11/1996;0,0;V
06/11/1996;14,6;V
07/11/1996;0,0;V
08/11/1996;0,0;V
09/11/1996;0,0;V
10/11/1996;0,0;V
11/11/1996;3,0;V
12/11/1996;0,0;V
13/11/1996;0,0;V
14/11/1996;0,0;V
15/11/1996;6,0;V
16/11/1996;0,0;V
17/11/1996;16,0;V
18/11/1996;35,0;V
19/11/1996;16,0;V
20/11/1996;10,0;V
21/11/1996;10,0;V
22/11/1996;18,0;V
23/11/1996;1,0;V
24/11/1996;9,6;V
25/11/1996;0,0;V
26/11/1996;22,4;V
27/11/1996;0,0;V
28/11/1996;19,6;V
29/11/1996;0,0;V
30/11/1996;9,0;V
01/12/1996;0,0;V
02/12/1996;0,0;V
03/12/1996;0,0;V
04/12/1996;0,0;V
05/12/1996;0,0;V
06/12/1996;0,0;V
07/12/1996;0,0;V
08/12/1996;0,0;V
09/12/1996;4,6;V
10/12/1996;4,2;V
11/12/1996;0,0;V
12/12/1996;0,0;V
13/12/1996;21,0;V
14/12/1996;29,0;V
15/12/1996;0,0;V
16/12/1996;0,0;V
17/12/1996;0,0;V
18/12/1996;0,0;V
19/12/1996;0,0;V
20/12/1996;27,0;V
21/12/1996;5,0;V
22/12/1996;0,0;V
23/12/1996;1,0;V
24/12/1996;6,0;V
25/12/1996;6,6;V
26/12/1996;0,0;V
27/12/1996;0,0;V
28/12/1996;0,0;V
29/12/1996;0,0;V
30/12/1996;0,0;V
31/12/1996;0,0;V
01/01/1997;20,6;P
02/01/1997;9,0;P
03/01/1997;4,0;P
04/01/1997;14,0;P
05/01/1997;26,0;P
06/01/1997;1,0;P
07/01/1997;16,0;P
08/01/1997;0,0;P
09/01/1997;11,4;P
10/01/1997;3,2;P
11/01/1997;0,0;P
12/01/1997;0,0;P
13/01/1997;0,0;P
14/01/1997;0,0;P
15/01/1997;0,0;P
16/01/1997;0,0;P
17/01/1997;0,0;P
18/01/1997;0,0;P
19/01/1997;0,0;P
20/01/1997;29,0;P
21/01/1997;0,0;P
22/01/1997;0,0;P
23/01/1997;0,0;P
24/01/1997;0,0;P
25/01/1997;0,0;P
26/01/1997;0,0;P
27/01/1997;0,0;P
28/01/1997;0,0;P
29/01/1997;0,0;P
30/01/1997;0,0;P
31/01/1997;0,0;P
01/02/1997;0,0;P
02/02/1997;0,0;P
03/02/1997;0,0;P
04/02/1997;0,0;P
05/02/1997;4,0;P
06/02/1997;26,6;P
07/02/1997;0,0;P
08/02/1997;0,0;P
09/02/1997;0,0;P
10/02/1997;0,0;P
11/02/1997;0,0;P
12/02/1997;0,0;P
13/02/1997;0,0;P
14/02/1997;0,6;P
15/02/1997;20,0;P
16/02/1997;12,6;P
17/02/1997;0,0;P
18/02/1997;0,0;P
19/02/1997;0,0;P
20/02/1997;0,0;P
21/02/1997;0,0;P
22/02/1997;0,0;P
23/02/1997;0,0;P
24/02/1997;0,0;P
25/02/1997;0,0;P
26/02/1997;0,0;P
27/02/1997;0,0;P
28/02/1997;0,0;P
01/03/1997;0,0;P
02/03/1997;0,0;P
03/03/1997;0,0;P
04/03/1997;0,0;P
05/03/1997;0,0;P
06/03/1997;0,0;P
07/03/1997;0,0;P
08/03/1997;0,0;P
09/03/1997;0,0;P
10/03/1997;0,0;P
11/03/1997;0,0;P
12/03/1997;0,0;P
13/03/1997;0,0;P
14/03/1997;0,0;P
15/03/1997;0,0;P
16/03/1997;0,0;P
17/03/1997;0,0;P
18/03/1997;0,0;P
19/03/1997;9,0;P
20/03/1997;1,0;P
21/03/1997;0,0;P
22/03/1997;0,0;P
23/03/1997;0,0;P
24/03/1997;25,0;P
25/03/1997;0,0;P
26/03/1997;0,0;P
27/03/1997;0,0;P
28/03/1997;0,0;P
29/03/1997;1,0;P
30/03/1997;0,0;P
31/03/1997;0,0;P
01/04/1997;0,0;P
02/04/1997;0,0;P
03/04/1997;0,0;P
04/04/1997;0,0;P
05/04/1997;0,0;P
06/04/1997;0,0;P
07/04/1997;0,0;P
08/04/1997;0,0;P
09/04/1997;0,0;P
10/04/1997;0,0;P
11/04/1997;0,0;P
12/04/1997;0,6;P
13/04/1997;0,0;P
14/04/1997;0,0;P
15/04/1997;0,0;P
16/04/1997;0,0;P
17/04/1997;0,0;P
18/04/1997;0,0;P
19/04/1997;0,0;P
20/04/1997;10,0;P
21/04/1997;34,0;P
22/04/1997;8,0;P
23/04/1997;0,0;P
24/04/1997;0,0;P
25/04/1997;0,0;P
26/04/1997;1,0;P
27/04/1997;1,6;P
28/04/1997;10,0;P
29/04/1997;0,0;P
30/04/1997;0,0;P
01/05/1997;0,0;P
02/05/1997;0,0;P
03/05/1997;0,0;P
04/05/1997;0,0;P
05/05/1997;0,0;P
06/05/1997;0,0;P
07/05/1997;4,2;P
08/05/1997;14,0;P
09/05/1997;4,0;P
10/05/1997;0,0;P
11/05/1997;0,0;P
12/05/1997;0,0;P
13/05/1997;0,0;P
14/05/1997;0,0;P
15/05/1997;0,0;P
16/05/1997;0,0;P
17/05/1997;0,0;P
18/05/1997;0,0;P
19/05/1997;0,0;P
20/05/1997;0,0;P
21/05/1997;0,0;P
22/05/1997;0,0;P
23/05/1997;0,0;P
24/05/1997;0,0;P
25/05/1997;0,0;P
26/05/1997;0,0;P
27/05/1997;0,0;P
28/05/1997;0,0;P
29/05/1997;0,0;P
30/05/1997;0,0;P
31/05/1997;0,0;P
01/06/1997;0,0;P
02/06/1997;25,0;P
03/06/1997;4,0;P
04/06/1997;0,0;P
05/06/1997;0,0;P
06/06/1997;28,0;P
07/06/1997;0,0;P
08/06/1997;0,0;P
09/06/1997;0,0;P
10/06/1997;0,0;P
11/06/1997;0,0;P
12/06/1997;0,0;P
13/06/1997;0,0;P
14/06/1997;0,0;P
15/06/1997;0,0;P
16/06/1997;0,0;P
17/06/1997;0,0;P
18/06/1997;0,0;P
19/06/1997;0,0;P
20/06/1997;4,0;P
21/06/1997;0,0;P
22/06/1997;0,0;P
23/06/1997;0,0;P
24/06/1997;0,0;P
25/06/1997;0,0;P
26/06/1997;0,0;P
27/06/1997;0,0;P
28/06/1997;0,0;P
29/06/1997;0,0;P
30/06/1997;0,0;P
01/07/1997;0,0;P
02/07/1997;0,0;P
03/07/1997;4,0;P
04/07/1997;2,0;P
05/07/1997;0,0;P
06/07/1997;0,0;P
07/07/1997;0,0;P
08/07/1997;0,0;P
09/07/1997;0,0;P
10/07/1997;0,0;P
11/07/1997;0,0;P
12/07/1997;0,0;P
13/07/1997;0,0;P
14/07/1997;0,0;P
15/07/1997;0,0;P
16/07/1997;0,0;P
17/07/1997;0,0;P
18/07/1997;20,0;P
19/07/1997;0,0;P
20/07/1997;0,0;P
21/07/1997;0,0;P
22/07/1997;0,0;P
23/07/1997;0,0;P
24/07/1997;0,0;P
25/07/1997;1,0;P
26/07/1997;0,0;P
27/07/1997;0,0;P
28/07/1997;0,0;P
29/07/1997;0,0;P
30/07/1997;0,0;P
31/07/1997;0,0;P
01/08/1997;0,0;P
02/08/1997;0,0;P
03/08/1997;0,0;P
04/08/1997;0,0;P
05/08/1997;0,0;P
06/08/1997;0,0;P
07/08/1997;18,0;P
08/08/1997;0,0;P
09/08/1997;0,0;P
10/08/1997;0,0;P
11/08/1997;0,0;P
12/08/1997;0,0;P
13/08/1997;0,0;P
14/08/1997;0,0;P
15/08/1997;0,0;P
16/08/1997;0,0;P
17/08/1997;0,0;P
18/08/1997;0,0;P
19/08/1997;5,0;P
20/08/1997;8,0;P
21/08/1997;0,0;P
22/08/1997;0,0;P
23/08/1997;0,0;P
24/08/1997;0,0;P
25/08/1997;0,0;P
26/08/1997;0,0;P
27/08/1997;13,0;P
28/08/1997;0,0;P
29/08/1997;6,0;P
30/08/1997;0,0;P
31/08/1997;0,0;P
01/09/1997;0,0;P
02/09/1997;0,0;P
03/09/1997;0,0;P
04/09/1997;25,0;P
05/09/1997;0,0;P
06/09/1997;0,0;P
07/09/1997;0,0;P
08/09/1997;0,0;P
09/09/1997;0,0;P
10/09/1997;0,0;P
11/09/1997;0,0;P
12/09/1997;0,0;P
13/09/1997;1,6;P
14/09/1997;56,0;P
15/09/1997;0,0;P
16/09/1997;0,0;P
17/09/1997;0,0;P
18/09/1997;0,0;P
19/09/1997;0,0;P
20/09/1997;0,0;P
21/09/1997;0,0;P
22/09/1997;0,0;P
23/09/1997;0,0;P
24/09/1997;0,0;P
25/09/1997;0,0;P
26/09/1997;0,0;P
27/09/1997;0,0;P
28/09/1997;0,0;P
29/09/1997;0,0;P
30/09/1997;0,0;P
01/10/1997;0,0;P
02/10/1997;0,0;P
03/10/1997;0,0;P
04/10/1997;0,0;P
05/10/1997;0,0;P
06/10/1997;0,0;P
07/10/1997;8,0;P
08/10/1997;0,0;P
09/10/1997;0,0;P
10/10/1997;0,0;P
11/10/1997;8,0;P
12/10/1997;7,0;P
13/10/1997;0,0;P
14/10/1997;0,0;P
15/10/1997;0,0;P
16/10/1997;0,0;P
17/10/1997;0,0;P
18/10/1997;0,0;P
19/10/1997;0,0;P
20/10/1997;0,0;P
21/10/1997;1,2;P
22/10/1997;0,0;P
23/10/1997;0,0;P
24/10/1997;10,0;P
25/10/1997;0,0;P
26/10/1997;0,0;P
27/10/1997;0,0;P
28/10/1997;1,0;P
29/10/1997;0,0;P
30/10/1997;0,0;P
31/10/1997;0,0;P
01/11/1997;0,0;P
02/11/1997;0,0;P
03/11/1997;0,0;P
04/11/1997;0,0;P
05/11/1997;0,0;P
06/11/1997;9,0;P
07/11/1997;26,0;P
08/11/1997;8,0;P
09/11/1997;4,0;P
10/11/1997;5,0;P
11/11/1997;21,6;P
12/11/1997;6,0;P
13/11/1997;3,4;P
14/11/1997;0,0;P
15/11/1997;0,0;P
16/11/1997;0,0;P
17/11/1997;0,0;P
18/11/1997;0,0;P
19/11/1997;0,0;P
20/11/1997;0,0;P
21/11/1997;0,0;P
22/11/1997;7,4;P
23/11/1997;10,0;P
24/11/1997;0,0;P
25/11/1997;0,0;P
26/11/1997;0,4;P
27/11/1997;5,0;P
28/11/1997;4,4;P
29/11/1997;15,0;P
30/11/1997;1,2;P
01/12/1997;0,0;P
02/12/1997;0,0;P
03/12/1997;18,6;P
04/12/1997;0,0;P
05/12/1997;0,0;P
06/12/1997;0,0;P
07/12/1997;0,0;P
08/12/1997;0,0;P
09/12/1997;0,0;P
10/12/1997;1,6;P
11/12/1997;0,0;P
12/12/1997;15,6;P
13/12/1997;0,0;P
14/12/1997;0,0;P
15/12/1997;0,0;P
16/12/1997;0,0;P
17/12/1997;0,0;P
18/12/1997;5,4;P
19/12/1997;5,2;P
20/12/1997;10,0;P
21/12/1997;5,0;P
22/12/1997;8,0;P
23/12/1997;0,0;P
24/12/1997;0,0;P
25/12/1997;0,0;P
26/12/1997;0,0;P
27/12/1997;10,0;P
28/12/1997;0,0;P
29/12/1997;0,0;P
30/12/1997;0,0;P
31/12/1997;9,0;P
01/01/1998;0,0;P
02/01/1998;4,0;P
03/01/1998;5,6;P
04/01/1998;0,0;P
05/01/1998;0,0;P
06/01/1998;0,0;P
07/01/1998;0,0;P
08/01/1998;0,0;P
09/01/1998;0,0;P
10/01/1998;0,0;P
11/01/1998;0,0;P
12/01/1998;0,0;P
13/01/1998;0,0;P
14/01/1998;1,0;P
15/01/1998;11,0;P
16/01/1998;0,0;P
17/01/1998;9,0;P
18/01/1998;0,0;P
19/01/1998;7,0;P
20/01/1998;8,0;P
21/01/1998;0,0;P
22/01/1998;0,0;P
23/01/1998;0,0;P
24/01/1998;0,0;P
25/01/1998;0,0;P
26/01/1998;0,0;P
27/01/1998;0,0;P
28/01/1998;0,0;P
29/01/1998;0,0;P
30/01/1998;0,0;P
31/01/1998;4,4;P
01/02/1998;0,0;P
02/02/1998;0,0;P
03/02/1998;20,0;P
04/02/1998;8,0;P
05/02/1998;0,0;P
06/02/1998;0,0;P
07/02/1998;0,0;P
08/02/1998;0,0;P
09/02/1998;0,0;P
10/02/1998;0,0;P
11/02/1998;0,0;P
12/02/1998;0,0;P
13/02/1998;0,0;P
14/02/1998;0,0;P
15/02/1998;0,0;P
16/02/1998;0,0;P
17/02/1998;0,0;P
18/02/1998;0,0;P
19/02/1998;0,0;P
20/02/1998;0,0;P
21/02/1998;0,0;P
22/02/1998;0,0;P
23/02/1998;25,0;P
24/02/1998;2,0;P
25/02/1998;0,0;P
26/02/1998;0,0;P
27/02/1998;0,0;P
28/02/1998;0,0;P
01/03/1998;0,0;P
02/03/1998;0,0;P
03/03/1998;0,0;P
04/03/1998;0,0;P
05/03/1998;0,0;P
06/03/1998;0,0;P
07/03/1998;0,0;P
08/03/1998;0,0;P
09/03/1998;5,4;P
10/03/1998;0,0;P
11/03/1998;0,0;P
12/03/1998;16,0;P
13/03/1998;2,0;P
14/03/1998;0,0;P
15/03/1998;0,0;P
16/03/1998;0,0;P
17/03/1998;0,0;P
18/03/1998;0,0;P
19/03/1998;0,0;P
20/03/1998;0,0;P
21/03/1998;0,0;P
22/03/1998;0,0;P
23/03/1998;0,0;P
24/03/1998;21,6;P
25/03/1998;0,8;P
26/03/1998;0,0;P
27/03/1998;0,0;P
28/03/1998;0,0;P
29/03/1998;0,0;P
30/03/1998;0,0;P
31/03/1998;0,0;P
01/04/1998;0,0;P
02/04/1998;0,0;P
03/04/1998;4,0;P
04/04/1998;0,0;P
05/04/1998;0,0;P
06/04/1998;10,0;P
07/04/1998;0,0;P
08/04/1998;2,0;P
09/04/1998;3,0;P
10/04/1998;0,0;P
11/04/1998;13,2;P
12/04/1998;13,0;P
13/04/1998;3,0;P
14/04/1998;2,4;P
15/04/1998;0,0;P
16/04/1998;26,0;P
17/04/1998;12,0;P
18/04/1998;2,8;P
19/04/1998;3,4;P
20/04/1998;0,0;P
21/04/1998;0,0;P
22/04/1998;0,0;P
23/04/1998;0,0;P
24/04/1998;0,0;P
25/04/1998;0,0;P
26/04/1998;0,0;P
27/04/1998;0,0;P
28/04/1998;3,0;P
29/04/1998;23,0;P
30/04/1998;2,0;P
01/05/1998;19,0;P
02/05/1998;0,2;P
03/05/1998;0,0;P
04/05/1998;3,8;P
05/05/1998;0,0;P
06/05/1998;0,0;P
07/05/1998;0,0;P
08/05/1998;0,0;P
09/05/1998;0,0;P
10/05/1998;0,0;P
11/05/1998;0,0;P
12/05/1998;0,0;P
13/05/1998;0,0;P
14/05/1998;0,0;P
15/05/1998;0,0;P
16/05/1998;0,0;P
17/05/1998;0,0;P
18/05/1998;0,0;P
19/05/1998;0,0;P
20/05/1998;0,0;P
21/05/1998;0,0;P
22/05/1998;0,0;P
23/05/1998;0,0;P
24/05/1998;13,0;P
25/05/1998;0,0;P
26/05/1998;1,0;P
27/05/1998;22,0;P
28/05/1998;0,0;P
29/05/1998;11,0;P
30/05/1998;0,0;P
31/05/1998;0,0;P
01/06/1998;2,0;P
02/06/1998;0,0;P
03/06/1998;0,0;P
04/06/1998;0,0;P
05/06/1998;0,0;P
06/06/1998;0,0;P
07/06/1998;0,0;P
08/06/1998;0,0;P
09/06/1998;0,0;P
10/06/1998;0,0;P
11/06/1998;11,0;P
12/06/1998;4,0;P
13/06/1998;1,0;P
14/06/1998;0,0;P
15/06/1998;1,0;P
16/06/1998;2,0;P
17/06/1998;0,0;P
18/06/1998;0,0;P
19/06/1998;0,0;P
20/06/1998;0,0;P
21/06/1998;0,0;P
22/06/1998;0,0;P
23/06/1998;0,0;P
24/06/1998;0,0;P
25/06/1998;0,0;P
26/06/1998;0,0;P
27/06/1998;0,0;P
28/06/1998;0,0;P
29/06/1998;0,0;P
30/06/1998;0,0;P
01/07/1998;0,0;P
02/07/1998;0,0;P
03/07/1998;0,0;P
04/07/1998;0,0;P
05/07/1998;0,0;P
06/07/1998;0,0;P
07/07/1998;0,0;P
08/07/1998;0,0;P
09/07/1998;0,0;P
10/07/1998;0,0;P
11/07/1998;0,0;P
12/07/1998;0,0;P
13/07/1998;0,0;P
14/07/1998;0,0;P
15/07/1998;10,0;P
16/07/1998;0,0;P
17/07/1998;0,0;P
18/07/1998;0,0;P
19/07/1998;0,0;P
20/07/1998;0,0;P
21/07/1998;0,0;P
22/07/1998;0,0;P
23/07/1998;0,0;P
24/07/1998;0,0;P
25/07/1998;0,0;P
26/07/1998;0,0;P
27/07/1998;0,0;P
28/07/1998;3,6;P
29/07/1998;0,0;P
30/07/1998;0,0;P
31/07/1998;0,0;P
01/08/1998;0,0;P
02/08/1998;0,0;P
03/08/1998;0,0;P
04/08/1998;0,0;P
05/08/1998;0,0;P
06/08/1998;0,0;P
07/08/1998;0,0;P
08/08/1998;0,0;P
09/08/1998;0,0;P
10/08/1998;0,0;P
11/08/1998;0,0;P
12/08/1998;0,0;P
13/08/1998;0,0;P
14/08/1998;0,0;P
15/08/1998;0,0;P
16/08/1998;0,0;P
17/08/1998;0,0;P
18/08/1998;0,0;P
19/08/1998;0,0;P
20/08/1998;11,0;P
21/08/1998;0,0;P
22/08/1998;0,0;P
23/08/1998;0,0;P
24/08/1998;0,0;P
25/08/1998;0,0;P
26/08/1998;0,0;P
27/08/1998;0,0;P
28/08/1998;0,0;P
29/08/1998;3,6;P
30/08/1998;0,0;P
31/08/1998;0,0;P
01/09/1998;0,0;P
02/09/1998;0,0;P
03/09/1998;0,0;P
04/09/1998;0,0;P
05/09/1998;0,0;P
06/09/1998;8,0;P
07/09/1998;0,0;P
08/09/1998;0,0;P
09/09/1998;0,0;P
10/09/1998;0,0;P
11/09/1998;0,0;P
12/09/1998;22,0;P
13/09/1998;5,0;P
14/09/1998;0,0;P
15/09/1998;0,0;P
16/09/1998;0,0;P
17/09/1998;0,2;P
18/09/1998;0,0;P
19/09/1998;0,0;P
20/09/1998;0,0;P
21/09/1998;0,0;P
22/09/1998;0,0;P
23/09/1998;0,0;P
24/09/1998;0,0;P
25/09/1998;8,0;P
26/09/1998;10,0;P
27/09/1998;23,0;P
28/09/1998;6,0;P
29/09/1998;0,0;P
30/09/1998;0,0;P
01/10/1998;70,0;P
02/10/1998;1,2;P
03/10/1998;0,0;P
04/10/1998;1,0;P
05/10/1998;32,0;P
06/10/1998;7,6;P
07/10/1998;20,0;P
08/10/1998;3,0;P
09/10/1998;4,0;P
10/10/1998;1,0;P
11/10/1998;0,0;P
12/10/1998;0,0;P
13/10/1998;0,0;P
14/10/1998;0,0;P
15/10/1998;0,0;P
16/10/1998;0,0;P
17/10/1998;0,0;P
18/10/1998;2,4;P
19/10/1998;10,1;P
20/10/1998;3,0;P
21/10/1998;0,0;P
22/10/1998;0,0;P
23/10/1998;0,0;P
24/10/1998;0,0;P
25/10/1998;3,0;P
26/10/1998;4,0;P
27/10/1998;0,0;P
28/10/1998;0,0;P
29/10/1998;0,0;P
30/10/1998;0,0;P
31/10/1998;0,0;P
01/11/1998;2,4;P
02/11/1998;3,0;P
03/11/1998;2,6;P
04/11/1998;33,2;P
05/11/1998;6,0;P
06/11/1998;0,0;P
07/11/1998;0,0;P
08/11/1998;0,0;P
09/11/1998;0,0;P
10/11/1998;0,0;P
11/11/1998;8,0;P
12/11/1998;0,0;P
13/11/1998;0,0;P
14/11/1998;0,0;P
15/11/1998;4,0;P
16/11/1998;0,0;P
17/11/1998;0,0;P
18/11/1998;0,0;P
19/11/1998;0,0;P
20/11/1998;0,0;P
21/11/1998;0,0;P
22/11/1998;0,0;P
23/11/1998;0,0;P
24/11/1998;1,2;P
25/11/1998;0,0;P
26/11/1998;0,0;P
27/11/1998;0,0;P
28/11/1998;0,0;P
29/11/1998;0,0;P
30/11/1998;0,0;P
01/12/1998;2,0;P
02/12/1998;0,0;P
03/12/1998;0,4;P
04/12/1998;4,0;P
05/12/1998;1,0;P
06/12/1998;0,0;P
07/12/1998;0,0;P
08/12/1998;0,0;P
09/12/1998;0,0;P
10/12/1998;0,8;P
11/12/1998;3,2;P
12/12/1998;10,0;P
13/12/1998;0,0;P
14/12/1998;0,0;P
15/12/1998;0,0;P
16/12/1998;0,0;P
17/12/1998;0,0;P
18/12/1998;0,0;P
19/12/1998;0,0;P
20/12/1998;0,0;P
21/12/1998;12,4;P
22/12/1998;1,0;P
23/12/1998;0,0;P
24/12/1998;0,0;P
25/12/1998;0,0;P
26/12/1998;0,0;P
27/12/1998;0,0;P
28/12/1998;6,2;P
29/12/1998;0,0;P
30/12/1998;0,0;P
31/12/1998;0,0;P
01/01/1999;3,6;P
02/01/1999;0,0;P
03/01/1999;2,4;P
04/01/1999;0,0;P
05/01/1999;0,0;P
06/01/1999;0,0;P
07/01/1999;0,0;P
08/01/1999;0,0;P
09/01/1999;0,0;P
10/01/1999;2,8;P
11/01/1999;35,0;P
12/01/1999;1,6;P
13/01/1999;13,0;P
14/01/1999;10,0;P
15/01/1999;0,0;P
16/01/1999;0,0;P
17/01/1999;0,0;P
18/01/1999;0,0;P
19/01/1999;0,0;P
20/01/1999;0,0;P
21/01/1999;0,0;P
22/01/1999;0,0;P
23/01/1999;0,0;P
24/01/1999;0,0;P
25/01/1999;0,0;P
26/01/1999;0,0;P
27/01/1999;13,0;P
28/01/1999;5,0;P
29/01/1999;0,0;P
30/01/1999;0,0;P
31/01/1999;0,0;P
01/02/1999;0,0;P
02/02/1999;0,0;P
03/02/1999;0,0;P
04/02/1999;0,0;P
05/02/1999;0,0;P
06/02/1999;0,0;P
07/02/1999;0,0;P
08/02/1999;2,0;P
09/02/1999;20,0;P
10/02/1999;42,0;P
11/02/1999;1,0;P
12/02/1999;0,0;P
13/02/1999;0,0;P
14/02/1999;0,0;P
15/02/1999;0,0;P
16/02/1999;0,0;P
17/02/1999;0,0;P
18/02/1999;0,0;P
19/02/1999;0,0;P
20/02/1999;0,0;P
21/02/1999;0,0;P
22/02/1999;0,0;P
23/02/1999;0,0;P
24/02/1999;0,0;P
25/02/1999;23,0;P
26/02/1999;0,0;P
27/02/1999;0,0;P
28/02/1999;0,0;P
01/03/1999;0,0;P
02/03/1999;0,0;P
03/03/1999;0,0;P
04/03/1999;0,0;P
05/03/1999;20,2;P
06/03/1999;13,0;P
07/03/1999;3,0;P
08/03/1999;0,0;P
09/03/1999;0,0;P
10/03/1999;0,0;P
11/03/1999;0,0;P
12/03/1999;0,0;P
13/03/1999;0,0;P
14/03/1999;0,0;P
15/03/1999;0,0;P
16/03/1999;0,0;P
17/03/1999;0,0;P
18/03/1999;0,0;P
19/03/1999;0,0;P
20/03/1999;0,0;P
21/03/1999;0,0;P
22/03/1999;0,0;P
23/03/1999;11,0;P
24/03/1999;0,0;P
25/03/1999;0,0;P
26/03/1999;1,0;P
27/03/1999;14,2;P
28/03/1999;1,2;P
29/03/1999;0,0;P
30/03/1999;0,0;P
31/03/1999;3,0;P
01/04/1999;0,0;P
02/04/1999;0,0;P
03/04/1999;0,0;P
04/04/1999;0,0;P
05/04/1999;0,0;P
06/04/1999;0,0;P
07/04/1999;0,0;P
08/04/1999;16,4;P
09/04/1999;13,0;P
10/04/1999;0,0;P
11/04/1999;0,0;P
12/04/1999;0,0;P
13/04/1999;29,6;P
14/04/1999;1,0;P
15/04/1999;0,0;P
16/04/1999;2,0;P
17/04/1999;4,0;P
18/04/1999;6,0;P
19/04/1999;0,0;P
20/04/1999;13,0;P
21/04/1999;0,4;P
22/04/1999;1,4;P
23/04/1999;0,0;P
24/04/1999;0,0;P
25/04/1999;2,0;P
26/04/1999;6,0;P
27/04/1999;0,0;P
28/04/1999;0,0;P
29/04/1999;0,0;P
30/04/1999;0,0;P
01/05/1999;0,0;P
02/05/1999;0,0;P
03/05/1999;0,0;P
04/05/1999;3,0;P
05/05/1999;4,4;P
06/05/1999;0,0;P
07/05/1999;0,0;P
08/05/1999;0,0;P
09/05/1999;0,0;P
10/05/1999;0,0;P
11/05/1999;0,0;P
12/05/1999;0,0;P
13/05/1999;0,0;P
14/05/1999;0,0;P
15/05/1999;0,0;P
16/05/1999;0,0;P
17/05/1999;0,0;P
18/05/1999;0,0;P
19/05/1999;0,0;P
20/05/1999;0,0;P
21/05/1999;32,0;P
22/05/1999;0,0;P
23/05/1999;0,0;P
24/05/1999;0,0;P
25/05/1999;0,0;P
26/05/1999;0,0;P
27/05/1999;0,0;P
28/05/1999;0,0;P
29/05/1999;0,0;P
30/05/1999;0,0;P
31/05/1999;0,0;P
01/06/1999;0,0;P
02/06/1999;0,0;P
03/06/1999;0,0;P
04/06/1999;0,0;P
05/06/1999;0,0;P
06/06/1999;0,0;P
07/06/1999;0,0;P
08/06/1999;8,0;P
09/06/1999;0,0;P
10/06/1999;0,0;P
11/06/1999;0,0;P
12/06/1999;0,0;P
13/06/1999;0,0;P
14/06/1999;0,0;P
15/06/1999;0,0;P
16/06/1999;0,0;P
17/06/1999;8,0;P
18/06/1999;0,0;P
19/06/1999;4,0;P
20/06/1999;24,0;P
21/06/1999;0,0;P
22/06/1999;9,6;P
23/06/1999;0,0;P
24/06/1999;0,0;P
25/06/1999;0,0;P
26/06/1999;0,0;P
27/06/1999;0,0;P
28/06/1999;10,0;P
29/06/1999;0,0;P
30/06/1999;0,0;P
01/07/1999;0,0;P
02/07/1999;0,0;P
03/07/1999;0,0;P
04/07/1999;0,0;P
05/07/1999;0,0;P
06/07/1999;0,0;P
07/07/1999;0,0;P
08/07/1999;0,0;P
09/07/1999;0,0;P
10/07/1999;0,0;P
11/07/1999;30,0;P
12/07/1999;0,0;P
13/07/1999;0,0;P
14/07/1999;0,0;P
15/07/1999;0,0;P
16/07/1999;0,0;P
17/07/1999;0,0;P
18/07/1999;0,0;P
19/07/1999;0,0;P
20/07/1999;0,0;P
21/07/1999;0,0;P
22/07/1999;0,0;P
23/07/1999;0,0;P
24/07/1999;0,0;P
25/07/1999;0,0;P
26/07/1999;0,0;P
27/07/1999;0,0;P
28/07/1999;0,0;P
29/07/1999;0,0;P
30/07/1999;0,0;P
31/07/1999;0,0;P
01/08/1999;0,0;P
02/08/1999;0,0;P
03/08/1999;0,0;P
04/08/1999;0,0;P
05/08/1999;0,0;P
06/08/1999;0,0;P
07/08/1999;0,0;P
08/08/1999;0,0;P
09/08/1999;0,0;P
10/08/1999;0,0;P
11/08/1999;0,0;P
12/08/1999;0,0;P
13/08/1999;4,4;P
14/08/1999;0,0;P
15/08/1999;0,0;P
16/08/1999;4,6;P
17/08/1999;0,0;P
18/08/1999;0,0;P
19/08/1999;0,0;P
20/08/1999;0,0;P
21/08/1999;0,0;P
22/08/1999;0,0;P
23/08/1999;0,0;P
24/08/1999;0,0;P
25/08/1999;0,0;P
26/08/1999;0,0;P
27/08/1999;4,0;P
28/08/1999;0,0;P
29/08/1999;0,0;P
30/08/1999;18,0;P
31/08/1999;0,0;P
01/09/1999;0,0;P
02/09/1999;0,0;P
03/09/1999;0,0;P
04/09/1999;0,0;P
05/09/1999;0,0;P
06/09/1999;0,0;P
07/09/1999;0,0;P
08/09/1999;0,0;P
09/09/1999;0,0;P
10/09/1999;0,0;P
11/09/1999;0,0;P
12/09/1999;0,0;P
13/09/1999;0,0;P
14/09/1999;0,0;P
15/09/1999;0,0;P
16/09/1999;5,0;P
17/09/1999;9,0;P
18/09/1999;0,0;P
19/09/1999;0,0;P
20/09/1999;2,0;P
21/09/1999;46,0;P
22/09/1999;2,0;P
23/09/1999;0,0;P
24/09/1999;0,0;P
25/09/1999;0,0;P
26/09/1999;6,0;P
27/09/1999;18,0;P
28/09/1999;16,0;P
29/09/1999;4,0;P
30/09/1999;0,0;P
01/10/1999;4,0;P
02/10/1999;0,0;P
03/10/1999;0,0;P
04/10/1999;4,0;P
05/10/1999;0,0;P
06/10/1999;0,0;P
07/10/1999;0,0;P
08/10/1999;0,0;P
09/10/1999;0,0;P
10/10/1999;0,0;P
11/10/1999;0,0;P
12/10/1999;0,0;P
13/10/1999;0,0;P
14/10/1999;0,0;P
15/10/1999;0,0;P
16/10/1999;7,6;P
17/10/1999;0,0;P
18/10/1999;0,0;P
19/10/1999;8,0;P
20/10/1999;0,0;P
21/10/1999;9,0;P
22/10/1999;29,0;P
23/10/1999;0,0;P
24/10/1999;27,0;P
25/10/1999;4,0;P
26/10/1999;0,0;P
27/10/1999;0,0;P
28/10/1999;0,0;P
29/10/1999;0,0;P
30/10/1999;0,0;P
31/10/1999;0,0;P
01/11/1999;0,0;P
02/11/1999;0,0;P
03/11/1999;4,0;P
04/11/1999;40,2;P
05/11/1999;3,4;P
06/11/1999;0,0;P
07/11/1999;13,0;P
08/11/1999;0,0;P
09/11/1999;0,0;P
10/11/1999;0,0;P
11/11/1999;0,0;P
12/11/1999;0,0;P
13/11/1999;0,0;P
14/11/1999;7,0;P
15/11/1999;2,0;P
16/11/1999;8,0;P
17/11/1999;6,0;P
18/11/1999;6,0;P
19/11/1999;95,0;P
20/11/1999;0,0;P
21/11/1999;10,0;P
22/11/1999;3,0;P
23/11/1999;0,0;P
24/11/1999;0,0;P
25/11/1999;0,0;P
26/11/1999;0,0;P
27/11/1999;0,0;P
28/11/1999;0,0;P
29/11/1999;0,0;P
30/11/1999;0,0;P
01/12/1999;0,0;P
02/12/1999;0,0;P
03/12/1999;0,0;P
04/12/1999;0,0;P
05/12/1999;4,2;P
06/12/1999;0,0;P
07/12/1999;0,0;P
08/12/1999;0,0;P
09/12/1999;0,0;P
10/12/1999;2,0;P
11/12/1999;21,0;P
12/12/1999;0,0;P
13/12/1999;0,4;P
14/12/1999;5,0;P
15/12/1999;30,0;P
16/12/1999;8,0;P
17/12/1999;0,0;P
18/12/1999;0,0;P
19/12/1999;0,0;P
20/12/1999;10,0;P
21/12/1999;1,0;P
22/12/1999;0,0;P
23/12/1999;0,0;P
24/12/1999;0,0;P
25/12/1999;10,0;P
26/12/1999;3,6;P
27/12/1999;0,0;P
28/12/1999;29,0;P
29/12/1999;0,0;P
30/12/1999;0,0;P
31/12/1999;0,0;P
01/01/2000;0,0;P
02/01/2000;0,0;P
03/01/2000;0,0;P
04/01/2000;0,0;P
05/01/2000;0,0;P
06/01/2000;0,0;P
07/01/2000;0,0;P
08/01/2000;0,0;P
09/01/2000;0,0;P
10/01/2000;1,0;P
11/01/2000;0,0;P
12/01/2000;0,0;P
13/01/2000;0,0;P
14/01/2000;1,6;P
15/01/2000;7,0;P
16/01/2000;0,0;P
17/01/2000;0,0;P
18/01/2000;0,0;P
19/01/2000;0,0;P
20/01/2000;0,0;P
21/01/2000;0,0;P
22/01/2000;0,0;P
23/01/2000;5,0;P
24/01/2000;0,0;P
25/01/2000;0,0;P
26/01/2000;0,0;P
27/01/2000;0,0;P
28/01/2000;10,0;P
29/01/2000;17,0;P
30/01/2000;0,0;P
31/01/2000;0,0;P
01/02/2000;0,0;P
02/02/2000;0,0;P
03/02/2000;9,0;P
04/02/2000;0,0;P
05/02/2000;0,0;P
06/02/2000;0,0;P
07/02/2000;0,0;P
08/02/2000;2,0;P
09/02/2000;1,0;P
10/02/2000;0,0;P
11/02/2000;0,0;P
12/02/2000;0,0;P
13/02/2000;0,0;P
14/02/2000;0,0;P
15/02/2000;0,0;P
16/02/2000;0,0;P
17/02/2000;0,0;P
18/02/2000;0,0;P
19/02/2000;0,0;P
20/02/2000;0,0;P
21/02/2000;0,0;P
22/02/2000;0,0;P
23/02/2000;0,0;P
24/02/2000;0,0;P
25/02/2000;0,0;P
26/02/2000;0,0;P
27/02/2000;0,0;P
28/02/2000;0,0;P
29/02/2000;0,0;P
01/03/2000;0,0;P
02/03/2000;18,6;P
03/03/2000;0,0;P
04/03/2000;0,0;P
05/03/2000;0,0;P
06/03/2000;0,0;P
07/03/2000;0,0;P
08/03/2000;0,0;P
09/03/2000;0,0;P
10/03/2000;0,0;P
11/03/2000;0,0;P
12/03/2000;0,0;P
13/03/2000;0,0;P
14/03/2000;0,0;P
15/03/2000;0,0;P
16/03/2000;0,0;P
17/03/2000;0,0;P
18/03/2000;0,0;P
19/03/2000;0,0;P
20/03/2000;0,0;P
21/03/2000;0,0;P
22/03/2000;0,0;P
23/03/2000;0,0;P
24/03/2000;0,0;P
25/03/2000;20,0;P
26/03/2000;16,0;P
27/03/2000;1,6;P
28/03/2000;1,4;P
29/03/2000;10,0;P
30/03/2000;7,0;P
31/03/2000;0,6;P
01/04/2000;1,0;P
02/04/2000;0,0;P
03/04/2000;3,0;P
04/04/2000;8,0;P
05/04/2000;2,6;P
06/04/2000;0,0;P
07/04/2000;0,0;P
08/04/2000;0,0;P
09/04/2000;0,0;P
10/04/2000;11,0;P
11/04/2000;0,4;P
12/04/2000;10,6;P
13/04/2000;0,0;P
14/04/2000;0,0;P
15/04/2000;0,0;P
16/04/2000;0,0;P
17/04/2000;0,0;P
18/04/2000;3,4;P
19/04/2000;1,0;P
20/04/2000;0,0;P
21/04/2000;0,0;P
22/04/2000;0,0;P
23/04/2000;0,0;P
24/04/2000;14,0;P
25/04/2000;1,0;P
26/04/2000;0,0;P
27/04/2000;0,0;P
28/04/2000;0,6;P
29/04/2000;2,0;P
30/04/2000;1,4;P
01/05/2000;0,0;P
02/05/2000;3,0;P
03/05/2000;0,0;P
04/05/2000;0,0;P
05/05/2000;0,0;P
06/05/2000;0,0;P
07/05/2000;0,0;P
08/05/2000;4,0;P
09/05/2000;1,6;P
10/05/2000;0,0;P
11/05/2000;5,5;P
12/05/2000;0,0;P
13/05/2000;0,0;P
14/05/2000;0,0;P
15/05/2000;0,0;P
16/05/2000;0,0;P
17/05/2000;0,0;P
18/05/2000;0,0;P
19/05/2000;0,0;P
20/05/2000;0,0;P
21/05/2000;0,0;P
22/05/2000;0,0;P
23/05/2000;0,0;P
24/05/2000;0,0;P
25/05/2000;0,0;P
26/05/2000;0,0;P
27/05/2000;0,0;P
28/05/2000;0,0;P
29/05/2000;2,0;P
30/05/2000;0,0;P
31/05/2000;0,0;P
01/06/2000;0,0;P
02/06/2000;0,0;P
03/06/2000;0,0;P
04/06/2000;0,0;P
05/06/2000;0,0;P
06/06/2000;0,0;P
07/06/2000;13,0;P
08/06/2000;5,0;P
09/06/2000;0,0;P
10/06/2000;0,0;P
11/06/2000;13,4;P
12/06/2000;26,0;P
13/06/2000;4,4;P
14/06/2000;0,0;P
15/06/2000;0,0;P
16/06/2000;5,6;P
17/06/2000;0,0;P
18/06/2000;0,0;P
19/06/2000;0,0;P
20/06/2000;0,0;P
21/06/2000;0,0;P
22/06/2000;0,0;P
23/06/2000;0,0;P
24/06/2000;0,0;P
25/06/2000;0,0;P
26/06/2000;0,0;P
27/06/2000;0,0;P
28/06/2000;0,0;P
29/06/2000;0,0;P
30/06/2000;0,0;P
01/07/2000;0,0;P
02/07/2000;0,0;P
03/07/2000;0,0;P
04/07/2000;0,0;P
05/07/2000;0,0;P
06/07/2000;0,0;P
07/07/2000;0,0;P
08/07/2000;0,0;P
09/07/2000;0,0;P
10/07/2000;0,0;P
11/07/2000;8,0;P
12/07/2000;0,0;P
13/07/2000;0,0;P
14/07/2000;0,0;P
15/07/2000;5,0;P
16/07/2000;7,0;P
17/07/2000;0,0;P
18/07/2000;0,0;P
19/07/2000;0,0;P
20/07/2000;0,0;P
21/07/2000;0,0;P
22/07/2000;0,0;P
23/07/2000;0,0;P
24/07/2000;0,0;P
25/07/2000;0,0;P
26/07/2000;0,0;P
27/07/2000;0,0;P
28/07/2000;0,0;P
29/07/2000;0,0;P
30/07/2000;0,0;P
31/07/2000;0,0;P
01/08/2000;0,0;P
02/08/2000;0,0;P
03/08/2000;0,0;P
04/08/2000;0,0;P
05/08/2000;13,0;P
06/08/2000;8,0;P
07/08/2000;0,0;P
08/08/2000;0,0;P
09/08/2000;0,0;P
10/08/2000;0,0;P
11/08/2000;0,0;P
12/08/2000;0,0;P
13/08/2000;0,0;P
14/08/2000;0,0;P
15/08/2000;0,0;P
16/08/2000;0,0;P
17/08/2000;0,0;P
18/08/2000;0,0;P
19/08/2000;0,0;P
20/08/2000;0,0;P
21/08/2000;0,0;P
22/08/2000;0,0;P
23/08/2000;0,0;P
24/08/2000;0,0;P
25/08/2000;0,0;P
26/08/2000;0,0;P
27/08/2000;0,0;P
28/08/2000;0,0;P
29/08/2000;0,0;P
30/08/2000;0,0;P
31/08/2000;0,0;P
01/09/2000;45,0;P
02/09/2000;0,0;P
03/09/2000;0,0;P
04/09/2000;25,0;P
05/09/2000;0,0;P
06/09/2000;0,0;P
07/09/2000;0,0;P
08/09/2000;2,0;P
09/09/2000;0,0;P
10/09/2000;0,0;P
11/09/2000;0,0;P
12/09/2000;0,0;P
13/09/2000;0,0;P
14/09/2000;0,0;P
15/09/2000;0,0;P
16/09/2000;0,0;P
17/09/2000;0,0;P
18/09/2000;0,0;P
19/09/2000;0,0;P
20/09/2000;0,0;P
21/09/2000;6,2;P
22/09/2000;0,0;P
23/09/2000;0,0;P
24/09/2000;0,0;P
25/09/2000;0,0;P
26/09/2000;0,0;P
27/09/2000;0,0;P
28/09/2000;0,0;P
29/09/2000;0,0;P
30/09/2000;4,0;P
01/10/2000;50,0;P
02/10/2000;6,0;P
03/10/2000;21,8;P
04/10/2000;0,0;P
05/10/2000;0,0;P
06/10/2000;0,0;P
07/10/2000;1,0;P
08/10/2000;0,0;P
09/10/2000;0,0;P
10/10/2000;1,0;P
11/10/2000;7,5;P
12/10/2000;0,0;P
13/10/2000;0,0;P
14/10/2000;3,6;P
15/10/2000;1,8;P
16/10/2000;13,2;P
17/10/2000;10,4;P
18/10/2000;0,0;P
19/10/2000;0,0;P
20/10/2000;0,0;P
21/10/2000;0,0;P
22/10/2000;0,0;P
23/10/2000;0,0;P
24/10/2000;0,0;P
25/10/2000;0,0;P
26/10/2000;1,2;P
27/10/2000;9,0;P
28/10/2000;2,8;P
29/10/2000;0,0;P
30/10/2000;0,0;P
31/10/2000;30,0;P
01/11/2000;26,2;P
02/11/2000;0,0;P
03/11/2000;47,0;P
04/11/2000;28,0;P
05/11/2000;0,0;P
06/11/2000;18,0;P
07/11/2000;21,0;P
08/11/2000;15,0;P
09/11/2000;1,8;P
10/11/2000;1,2;P
11/11/2000;1,2;P
12/11/2000;0,0;P
13/11/2000;2,6;P
14/11/2000;0,0;P
15/11/2000;27,0;P
16/11/2000;4,0;P
17/11/2000;2,8;P
18/11/2000;5,0;P
19/11/2000;0,0;P
20/11/2000;45,0;P
21/11/2000;65,0;P
22/11/2000;0,0;P
23/11/2000;0,0;P
24/11/2000;12,2;P
25/11/2000;9,8;P
26/11/2000;16,0;P
27/11/2000;0,0;P
28/11/2000;0,0;P
29/11/2000;0,0;P
30/11/2000;0,0;P
01/12/2000;0,0;P
02/12/2000;0,0;P
03/12/2000;14,4;P
04/12/2000;4,6;P
05/12/2000;0,0;P
06/12/2000;0,0;P
07/12/2000;0,0;P
08/12/2000;0,0;P
09/12/2000;0,4;P
10/12/2000;0,0;P
11/12/2000;0,0;P
12/12/2000;0,0;P
13/12/2000;0,0;P
14/12/2000;0,0;P
15/12/2000;0,0;P
16/12/2000;5,8;P
17/12/2000;0,0;P
18/12/2000;0,0;P
19/12/2000;0,0;P
20/12/2000;0,0;P
21/12/2000;2,0;P
22/12/2000;0,0;P
23/12/2000;0,0;P
24/12/2000;0,0;P
25/12/2000;22,0;P
26/12/2000;15,0;P
27/12/2000;18,0;P
28/12/2000;22,0;P
29/12/2000;0,0;P
30/12/2000;0,0;P
31/12/2000;8,0;P
01/01/2001;0,0;P
02/01/2001;0,0;P
03/01/2001;9,6;P
04/01/2001;0,0;P
05/01/2001;8,4;P
06/01/2001;5,0;P
07/01/2001;0,0;P
08/01/2001;18,0;P
09/01/2001;0,0;P
10/01/2001;0,0;P
11/01/2001;1,0;P
12/01/2001;2,4;P
13/01/2001;0,0;P
14/01/2001;0,0;P
15/01/2001;0,0;P
16/01/2001;0,0;P
17/01/2001;0,0;P
18/01/2001;11,0;P
19/01/2001;0,0;P
20/01/2001;0,0;P
21/01/2001;0,0;P
22/01/2001;0,0;P
23/01/2001;0,0;P
24/01/2001;0,0;P
25/01/2001;0,0;P
26/01/2001;28,0;P
27/01/2001;0,6;P
28/01/2001;18,0;P
29/01/2001;0,0;P
30/01/2001;2,0;P
31/01/2001;0,0;P
01/02/2001;0,0;P
02/02/2001;0,0;P
03/02/2001;0,0;P
04/02/2001;3,2;P
05/02/2001;0,0;P
06/02/2001;0,0;P
07/02/2001;0,0;P
08/02/2001;0,0;P
09/02/2001;7,0;P
10/02/2001;4,2;P
11/02/2001;0,0;P
12/02/2001;0,0;P
13/02/2001;0,0;P
14/02/2001;0,0;P
15/02/2001;0,0;P
16/02/2001;0,0;P
17/02/2001;0,0;P
18/02/2001;0,0;P
19/02/2001;0,0;P
20/02/2001;0,0;P
21/02/2001;0,0;P
22/02/2001;0,0;P
23/02/2001;0,0;P
24/02/2001;0,0;P
25/02/2001;1,0;P
26/02/2001;0,0;P
27/02/2001;0,0;P
28/02/2001;6,0;P
01/03/2001;5,0;P
02/03/2001;10,4;P
03/03/2001;37,0;P
04/03/2001;1,6;P
05/03/2001;0,6;P
06/03/2001;0,0;P
07/03/2001;0,0;P
08/03/2001;0,0;P
09/03/2001;40,0;P
10/03/2001;1,0;P
11/03/2001;8,0;P
12/03/2001;0,0;P
13/03/2001;9,0;P
14/03/2001;0,2;P
15/03/2001;0,0;P
16/03/2001;0,0;P
17/03/2001;4,0;P
18/03/2001;20,0;P
19/03/2001;0,0;P
20/03/2001;0,0;P
21/03/2001;0,0;P
22/03/2001;0,0;P
23/03/2001;0,0;P
24/03/2001;0,0;P
25/03/2001;0,0;P
26/03/2001;0,0;P
27/03/2001;0,0;P
28/03/2001;6,0;P
29/03/2001;16,0;P
30/03/2001;28,0;P
31/03/2001;2,6;P
01/04/2001;0,0;P
02/04/2001;0,0;P
03/04/2001;0,0;P
04/04/2001;0,0;P
05/04/2001;5,6;P
06/04/2001;0,0;P
07/04/2001;0,0;P
08/04/2001;19,6;P
09/04/2001;0,8;P
10/04/2001;0,0;P
11/04/2001;3,0;P
12/04/2001;0,0;P
13/04/2001;0,0;P
14/04/2001;0,0;P
15/04/2001;0,0;P
16/04/2001;2,6;P
17/04/2001;4,0;P
18/04/2001;0,0;P
19/04/2001;0,0;P
20/04/2001;2,0;P
21/04/2001;0,4;P
22/04/2001;0,0;P
23/04/2001;0,0;P
24/04/2001;9,6;P
25/04/2001;0,0;P
26/04/2001;0,0;P
27/04/2001;0,0;P
28/04/2001;0,0;P
29/04/2001;0,0;P
30/04/2001;0,0;P
01/05/2001;0,0;P
02/05/2001;0,0;P
03/05/2001;0,0;P
04/05/2001;0,0;P
05/05/2001;18,0;P
06/05/2001;5,0;P
07/05/2001;28,0;P
08/05/2001;3,0;P
09/05/2001;1,0;P
10/05/2001;0,0;P
11/05/2001;0,0;P
12/05/2001;0,0;P
13/05/2001;0,0;P
14/05/2001;0,0;P
15/05/2001;0,0;P
16/05/2001;0,0;P
17/05/2001;0,0;P
18/05/2001;0,0;P
19/05/2001;0,0;P
20/05/2001;0,0;P
21/05/2001;1,6;P
22/05/2001;9,4;P
23/05/2001;0,0;P
24/05/2001;0,0;P
25/05/2001;0,0;P
26/05/2001;0,0;P
27/05/2001;0,0;P
28/05/2001;0,0;P
29/05/2001;0,0;P
30/05/2001;0,0;P
31/05/2001;0,0;P
01/06/2001;0,0;P
02/06/2001;3,0;P
03/06/2001;0,0;P
04/06/2001;18,0;P
05/06/2001;0,0;P
06/06/2001;0,0;P
07/06/2001;0,0;P
08/06/2001;0,0;P
09/06/2001;0,0;P
10/06/2001;0,0;P
11/06/2001;0,0;P
12/06/2001;0,0;P
13/06/2001;0,0;P
14/06/2001;0,0;P
15/06/2001;0,0;P
16/06/2001;0,0;P
17/06/2001;0,0;P
18/06/2001;0,0;P
19/06/2001;0,0;P
20/06/2001;0,0;P
21/06/2001;0,0;P
22/06/2001;0,0;P
23/06/2001;0,0;P
24/06/2001;0,0;P
25/06/2001;0,0;P
26/06/2001;0,0;P
27/06/2001;0,0;P
28/06/2001;0,0;P
29/06/2001;39,0;P
30/06/2001;0,0;P
01/07/2001;0,0;P
02/07/2001;0,0;P
03/07/2001;0,0;P
04/07/2001;0,0;P
05/07/2001;0,0;P
06/07/2001;0,0;P
07/07/2001;0,0;P
08/07/2001;0,0;P
09/07/2001;0,0;P
10/07/2001;0,0;P
11/07/2001;0,0;P
12/07/2001;0,0;P
13/07/2001;0,0;P
14/07/2001;0,0;P
15/07/2001;0,0;P
16/07/2001;0,0;P
17/07/2001;0,0;P
18/07/2001;3,0;P
19/07/2001;0,0;P
20/07/2001;60,0;P
21/07/2001;0,0;P
22/07/2001;0,0;P
23/07/2001;0,0;P
24/07/2001;0,0;P
25/07/2001;0,0;P
26/07/2001;0,0;P
27/07/2001;0,0;P
28/07/2001;0,0;P
29/07/2001;0,0;P
30/07/2001;0,0;P
31/07/2001;0,0;P
01/08/2001;0,0;P
02/08/2001;0,0;P
03/08/2001;0,0;P
04/08/2001;0,0;P
05/08/2001;0,0;P
06/08/2001;0,0;P
07/08/2001;0,0;P
08/08/2001;0,0;P
09/08/2001;0,0;P
10/08/2001;0,0;P
11/08/2001;0,0;P
12/08/2001;0,0;P
13/08/2001;0,0;P
14/08/2001;0,0;P
15/08/2001;0,0;P
16/08/2001;0,0;P
17/08/2001;0,0;P
18/08/2001;0,0;P
19/08/2001;0,0;P
20/08/2001;0,0;P
21/08/2001;0,0;P
22/08/2001;0,0;P
23/08/2001;0,0;P
24/08/2001;0,0;P
25/08/2001;0,0;P
26/08/2001;0,0;P
27/08/2001;0,0;P
28/08/2001;0,0;P
29/08/2001;0,0;P
30/08/2001;0,0;P
31/08/2001;0,0;P
01/09/2001;0,0;P
02/09/2001;1,6;P
03/09/2001;0,0;P
04/09/2001;0,0;P
05/09/2001;36,0;P
06/09/2001;0,0;P
07/09/2001;0,0;P
08/09/2001;0,0;P
09/09/2001;0,0;P
10/09/2001;0,0;P
11/09/2001;0,0;P
12/09/2001;0,0;P
13/09/2001;0,0;P
14/09/2001;0,0;P
15/09/2001;2,0;P
16/09/2001;0,0;P
17/09/2001;0,0;P
18/09/2001;2,6;P
19/09/2001;0,0;P
20/09/2001;4,0;P
21/09/2001;0,0;P
22/09/2001;0,0;P
23/09/2001;0,0;P
24/09/2001;38,0;P
25/09/2001;10,0;P
26/09/2001;0,0;P
27/09/2001;0,0;P
28/09/2001;0,0;P
29/09/2001;0,0;P
30/09/2001;10,0;P
01/10/2001;5,0;P
02/10/2001;0,0;P
03/10/2001;0,0;P
04/10/2001;0,0;P
05/10/2001;18,0;P
06/10/2001;0,0;P
07/10/2001;0,0;P
08/10/2001;0,0;P
09/10/2001;0,0;P
10/10/2001;8,0;P
11/10/2001;0,0;P
12/10/2001;0,0;P
13/10/2001;0,0;P
14/10/2001;0,0;P
15/10/2001;0,0;P
16/10/2001;0,0;P
17/10/2001;0,0;P
18/10/2001;0,0;P
19/10/2001;0,0;P
20/10/2001;0,0;P
21/10/2001;40,0;P
22/10/2001;20,0;P
23/10/2001;0,0;P
24/10/2001;26,0;P
25/10/2001;0,0;P
26/10/2001;0,0;P
27/10/2001;0,0;P
28/10/2001;0,0;P
29/10/2001;0,0;P
30/10/2001;0,0;P
31/10/2001;0,0;P
01/11/2001;1,0;P
02/11/2001;0,0;P
03/11/2001;0,0;P
04/11/2001;0,0;P
05/11/2001;0,0;P
06/11/2001;10,0;P
07/11/2001;14,0;P
08/11/2001;0,0;P
09/11/2001;9,4;P
10/11/2001;0,0;P
11/11/2001;6,0;P
12/11/2001;6,0;P
13/11/2001;1,0;P
14/11/2001;0,0;P
15/11/2001;0,0;P
16/11/2001;0,0;P
17/11/2001;0,0;P
18/11/2001;0,0;P
19/11/2001;20,0;P
20/11/2001;0,0;P
21/11/2001;0,0;P
22/11/2001;0,0;P
23/11/2001;0,0;P
24/11/2001;0,0;P
25/11/2001;0,0;P
26/11/2001;0,0;P
27/11/2001;4,0;P
28/11/2001;13,6;P
29/11/2001;0,0;P
30/11/2001;0,0;P
01/12/2001;0,0;P
02/12/2001;0,0;P
03/12/2001;0,0;P
04/12/2001;0,0;P
05/12/2001;0,0;P
06/12/2001;0,0;P
07/12/2001;0,0;P
08/12/2001;0,0;P
09/12/2001;0,0;P
10/12/2001;0,0;P
11/12/2001;0,0;P
12/12/2001;0,0;P
13/12/2001;0,0;P
14/12/2001;0,0;P
15/12/2001;0,0;P
16/12/2001;0,0;P
17/12/2001;0,0;P
18/12/2001;0,0;P
19/12/2001;0,0;P
20/12/2001;0,0;P
21/12/2001;20,0;P
22/12/2001;2,0;P
23/12/2001;18,0;P
24/12/2001;2,0;P
25/12/2001;0,0;P
26/12/2001;5,0;P
27/12/2001;19,0;P
28/12/2001;0,0;P
29/12/2001;0,0;P
30/12/2001;7,0;P
31/12/2001;2,0;P
01/01/2002;0,0;P
02/01/2002;0,0;P
03/01/2002;0,0;P
04/01/2002;0,0;P
05/01/2002;0,0;P
06/01/2002;0,0;P
07/01/2002;0,0;P
08/01/2002;0,0;P
09/01/2002;0,0;P
10/01/2002;0,0;P
11/01/2002;0,0;P
12/01/2002;0,0;P
13/01/2002;0,0;P
14/01/2002;0,0;P
15/01/2002;0,0;P
16/01/2002;0,0;P
17/01/2002;0,0;P
18/01/2002;0,0;P
19/01/2002;0,0;P
20/01/2002;0,4;P
21/01/2002;0,0;P
22/01/2002;0,0;P
23/01/2002;0,0;P
24/01/2002;0,6;P
25/01/2002;25,0;P
26/01/2002;0,0;P
27/01/2002;0,0;P
28/01/2002;0,0;P
29/01/2002;0,0;P
30/01/2002;0,0;P
31/01/2002;0,0;P
01/02/2002;0,0;P
02/02/2002;0,0;P
03/02/2002;0,0;P
04/02/2002;0,0;P
05/02/2002;0,0;P
06/02/2002;1,6;P
07/02/2002;15,0;P
08/02/2002;0,0;P
09/02/2002;0,0;P
10/02/2002;1,0;P
11/02/2002;0,0;P
12/02/2002;0,0;P
13/02/2002;0,0;P
14/02/2002;0,0;P
15/02/2002;0,0;P
16/02/2002;14,0;P
17/02/2002;0,0;P
18/02/2002;1,0;P
19/02/2002;0,0;P
20/02/2002;0,0;P
21/02/2002;28,0;P
22/02/2002;1,0;P
23/02/2002;0,0;P
24/02/2002;0,0;P
25/02/2002;0,0;P
26/02/2002;3,6;P
27/02/2002;0,0;P
28/02/2002;0,0;P
01/03/2002;0,0;P
02/03/2002;0,0;P
03/03/2002;0,0;P
04/03/2002;0,0;P
05/03/2002;0,0;P
06/03/2002;3,0;P
07/03/2002;0,0;P
08/03/2002;0,0;P
09/03/2002;0,0;P
10/03/2002;0,0;P
11/03/2002;0,0;P
12/03/2002;0,0;P
13/03/2002;0,0;P
14/03/2002;0,0;P
15/03/2002;0,0;P
16/03/2002;2,6;P
17/03/2002;0,0;P
18/03/2002;0,0;P
19/03/2002;0,0;P
20/03/2002;0,0;P
21/03/2002;0,0;P
22/03/2002;0,0;P
23/03/2002;0,0;P
24/03/2002;0,0;P
25/03/2002;0,0;P
26/03/2002;0,0;P
27/03/2002;0,0;P
28/03/2002;0,0;P
29/03/2002;0,0;P
30/03/2002;0,0;P
31/03/2002;0,0;P
01/04/2002;0,0;P
02/04/2002;0,0;P
03/04/2002;0,0;P
04/04/2002;0,0;P
05/04/2002;0,0;P
06/04/2002;0,0;P
07/04/2002;11,4;P
08/04/2002;0,0;P
09/04/2002;0,0;P
10/04/2002;2,6;P
11/04/2002;0,0;P
12/04/2002;17,0;P
13/04/2002;5,0;P
14/04/2002;8,0;P
15/04/2002;0,0;P
16/04/2002;0,0;P
17/04/2002;0,0;P
18/04/2002;0,0;P
19/04/2002;0,0;P
20/04/2002;0,0;P
21/04/2002;0,0;P
22/04/2002;0,0;P
23/04/2002;0,0;P
24/04/2002;0,0;P
25/04/2002;0,0;P
26/04/2002;0,0;P
27/04/2002;0,0;P
28/04/2002;6,0;P
29/04/2002;0,0;P
30/04/2002;0,0;P
01/05/2002;0,0;P
02/05/2002;0,0;P
03/05/2002;5,0;P
04/05/2002;34,4;P
05/05/2002;19,0;P
06/05/2002;0,0;P
07/05/2002;0,0;P
08/05/2002;0,0;P
09/05/2002;23,0;P
10/05/2002;13,6;P
11/05/2002;2,4;P
12/05/2002;0,0;P
13/05/2002;0,0;P
14/05/2002;0,0;P
15/05/2002;0,0;P
16/05/2002;0,0;P
17/05/2002;0,0;P
18/05/2002;0,0;P
19/05/2002;0,0;P
20/05/2002;2,0;P
21/05/2002;0,0;P
22/05/2002;0,0;P
23/05/2002;0,0;P
24/05/2002;11,4;P
25/05/2002;0,0;P
26/05/2002;0,0;P
27/05/2002;0,0;P
28/05/2002;9,0;P
29/05/2002;0,0;P
30/05/2002;0,0;P
31/05/2002;0,0;P
01/06/2002;0,0;P
02/06/2002;0,0;P
03/06/2002;0,0;P
04/06/2002;0,0;P
05/06/2002;0,0;P
06/06/2002;0,0;P
07/06/2002;23,6;P
08/06/2002;0,0;P
09/06/2002;3,8;P
10/06/2002;0,6;P
11/06/2002;0,0;P
12/06/2002;0,0;P
13/06/2002;0,0;P
14/06/2002;0,0;P
15/06/2002;0,0;P
16/06/2002;0,0;P
17/06/2002;0,0;P
18/06/2002;0,0;P
19/06/2002;0,0;P
20/06/2002;0,0;P
21/06/2002;0,0;P
22/06/2002;0,0;P
23/06/2002;0,0;P
24/06/2002;0,0;P
25/06/2002;0,0;P
26/06/2002;0,0;P
27/06/2002;0,0;P
28/06/2002;0,0;P
29/06/2002;0,0;P
30/06/2002;3,0;P
01/07/2002;3,0;P
02/07/2002;0,0;P
03/07/2002;0,0;P
04/07/2002;5,0;P
05/07/2002;0,0;P
06/07/2002;0,0;P
07/07/2002;1,4;P
08/07/2002;0,0;P
09/07/2002;0,0;P
10/07/2002;0,0;P
11/07/2002;0,0;P
12/07/2002;0,0;P
13/07/2002;0,0;P
14/07/2002;2,0;P
15/07/2002;22,0;P
16/07/2002;3,0;P
17/07/2002;0,0;P
18/07/2002;0,0;P
19/07/2002;2,2;P
20/07/2002;0,0;P
21/07/2002;0,0;P
22/07/2002;0,0;P
23/07/2002;0,0;P
24/07/2002;0,0;P
25/07/2002;0,0;P
26/07/2002;0,0;P
27/07/2002;0,0;P
28/07/2002;0,0;P
29/07/2002;0,0;P
30/07/2002;0,0;P
31/07/2002;0,0;P
01/08/2002;0,0;P
02/08/2002;0,0;P
03/08/2002;0,0;P
04/08/2002;0,0;P
05/08/2002;0,0;P
06/08/2002;0,0;P
07/08/2002;31,0;P
08/08/2002;0,0;P
09/08/2002;1,4;P
10/08/2002;1,0;P
11/08/2002;17,0;P
12/08/2002;0,2;P
13/08/2002;0,0;P
14/08/2002;0,0;P
15/08/2002;0,0;P
16/08/2002;0,0;P
17/08/2002;0,0;P
18/08/2002;0,0;P
19/08/2002;0,0;P
20/08/2002;0,0;P
21/08/2002;0,0;P
22/08/2002;0,0;P
23/08/2002;0,0;P
24/08/2002;0,0;P
25/08/2002;0,0;P
26/08/2002;0,0;P
27/08/2002;28,0;P
28/08/2002;0,0;P
29/08/2002;18,0;P
30/08/2002;0,0;P
31/08/2002;0,0;P
01/09/2002;0,0;P
02/09/2002;1,2;P
03/09/2002;0,0;P
04/09/2002;0,0;P
05/09/2002;4,0;P
06/09/2002;0,0;P
07/09/2002;2,4;P
08/09/2002;0,0;P
09/09/2002;0,0;P
10/09/2002;0,0;P
11/09/2002;0,0;P
12/09/2002;0,0;P
13/09/2002;0,0;P
14/09/2002;0,0;P
15/09/2002;0,0;P
16/09/2002;0,0;P
17/09/2002;0,0;P
18/09/2002;0,0;P
19/09/2002;0,0;P
20/09/2002;0,0;P
21/09/2002;0,0;P
22/09/2002;60,0;P
23/09/2002;77,0;P
24/09/2002;2,0;P
25/09/2002;0,0;P
26/09/2002;5,0;P
27/09/2002;0,0;P
28/09/2002;20,0;P
29/09/2002;0,0;P
30/09/2002;0,0;P
01/10/2002;0,0;P
02/10/2002;0,0;P
03/10/2002;0,0;P
04/10/2002;0,0;P
05/10/2002;0,0;P
06/10/2002;0,0;P
07/10/2002;0,0;P
08/10/2002;0,0;P
09/10/2002;0,0;P
10/10/2002;10,0;P
11/10/2002;22,0;P
12/10/2002;0,0;P
13/10/2002;0,0;P
14/10/2002;0,0;P
15/10/2002;0,0;P
16/10/2002;0,0;P
17/10/2002;0,0;P
18/10/2002;6,0;P
19/10/2002;0,0;P
20/10/2002;0,0;P
21/10/2002;0,0;P
22/10/2002;29,0;P
23/10/2002;1,6;P
24/10/2002;4,4;P
25/10/2002;1,6;P
26/10/2002;0,0;P
27/10/2002;0,0;P
28/10/2002;0,0;P
29/10/2002;0,0;P
30/10/2002;0,0;P
31/10/2002;1,0;P
01/11/2002;0,0;P
02/11/2002;0,0;P
03/11/2002;1,6;P
04/11/2002;2,0;P
05/11/2002;0,0;P
06/11/2002;0,0;P
07/11/2002;0,0;P
08/11/2002;4,2;P
09/11/2002;0,0;P
10/11/2002;0,0;P
11/11/2002;0,0;P
12/11/2002;3,6;P
13/11/2002;3,0;P
14/11/2002;5,4;P
15/11/2002;0,0;P
16/11/2002;0,0;P
17/11/2002;6,0;P
18/11/2002;15,4;P
19/11/2002;27,0;P
20/11/2002;8,6;P
21/11/2002;0,4;P
22/11/2002;22,0;P
23/11/2002;9,0;P
24/11/2002;8,0;P
25/11/2002;0,0;P
26/11/2002;0,0;P
27/11/2002;0,0;P
28/11/2002;0,0;P
29/11/2002;1,0;P
30/11/2002;10,0;P
01/12/2002;10,0;P
02/12/2002;0,0;P
03/12/2002;7,0;P
04/12/2002;0,0;P
05/12/2002;1,6;P
06/12/2002;4,0;P
07/12/2002;0,0;P
08/12/2002;0,0;P
09/12/2002;0,0;P
10/12/2002;0,0;P
11/12/2002;0,0;P
12/12/2002;1,0;P
13/12/2002;27,0;P
14/12/2002;0,0;P
15/12/2002;0,0;P
16/12/2002;12,0;P
17/12/2002;1,0;P
18/12/2002;26,0;P
19/12/2002;0,0;P
20/12/2002;0,0;P
21/12/2002;0,0;P
22/12/2002;0,0;P
23/12/2002;6,0;P
24/12/2002;4,0;P
25/12/2002;0,0;P
26/12/2002;0,0;P
27/12/2002;0,0;P
28/12/2002;20,0;P
29/12/2002;2,0;P
30/12/2002;0,0;P
31/12/2002;7,0;P
01/01/2014;;V
02/01/2014;;V
03/01/2014;;V
04/01/2014;;V
05/01/2014;;V
06/01/2014;;V
07/01/2014;;V
08/01/2014;;V
09/01/2014;;V
10/01/2014;;V
11/01/2014;;V
12/01/2014;;V
13/01/2014;;V
14/01/2014;;V
15/01/2014;;V
16/01/2014;;V
17/01/2014;;V
18/01/2014;;V
19/01/2014;;V
20/01/2014;;V
21/01/2014;;V
22/01/2014;;V
23/01/2014;;V
24/01/2014;;V
25/01/2014;;V
26/01/2014;;V
27/01/2014;;V
28/01/2014;;V
29/01/2014;;V
30/01/2014;;V
31/01/2014;;V
01/02/2014;;V
02/02/2014;;V
03/02/2014;;V
04/02/2014;;V
05/02/2014;;V
06/02/2014;;V
07/02/2014;;V
08/02/2014;;V
09/02/2014;;V
10/02/2014;;V
11/02/2014;;V
12/02/2014;;V
13/02/2014;;V
14/02/2014;;V
15/02/2014;;V
16/02/2014;;V
17/02/2014;;V
18/02/2014;;V
19/02/2014;;V
20/02/2014;;V
21/02/2014;;V
22/02/2014;;V
23/02/2014;;V
24/02/2014;;V
25/02/2014;;V
26/02/2014;;V
27/02/2014;;V
28/02/2014;;V
01/03/2014;;V
02/03/2014;;V
03/03/2014;;V
04/03/2014;;V
05/03/2014;;V
06/03/2014;;V
07/03/2014;;V
08/03/2014;;V
09/03/2014;;V
10/03/2014;;V
11/03/2014;;V
12/03/2014;;V
13/03/2014;;V
14/03/2014;;V
15/03/2014;;V
16/03/2014;;V
17/03/2014;;V
18/03/2014;;V
19/03/2014;;V
20/03/2014;;V
21/03/2014;;V
22/03/2014;;V
23/03/2014;;V
24/03/2014;;V
25/03/2014;;V
26/03/2014;;V
27/03/2014;;V
28/03/2014;;V
29/03/2014;;V
30/03/2014;;V
31/03/2014;;V
01/04/2014;;V
02/04/2014;;V
03/04/2014;;V
04/04/2014;;V
05/04/2014;;V
06/04/2014;;V
07/04/2014;;V
08/04/2014;;V
09/04/2014;;V
10/04/2014;;V
11/04/2014;;V
12/04/2014;;V
13/04/2014;;V
14/04/2014;;V
15/04/2014;;V
16/04/2014;;V
17/04/2014;;V
18/04/2014;;V
19/04/2014;;V
20/04/2014;;V
21/04/2014;;V
22/04/2014;;V
23/04/2014;;V
24/04/2014;;V
25/04/2014;;V
26/04/2014;;V
27/04/2014;;V
28/04/2014;;V
29/04/2014;;V
30/04/2014;;V
01/05/2014;;V
02/05/2014;;V
03/05/2014;;V
04/05/2014;;V
05/05/2014;;V
06/05/2014;;V
07/05/2014;;V
08/05/2014;;V
09/05/2014;;V
10/05/2014;;V
11/05/2014;;V
12/05/2014;;V
13/05/2014;;V
14/05/2014;;V
15/05/2014;;V
16/05/2014;;V
17/05/2014;;V
18/05/2014;;V
19/05/2014;;V
20/05/2014;;V
21/05/2014;;V
22/05/2014;;V
23/05/2014;;V
24/05/2014;;V
25/05/2014;;V
26/05/2014;;V
27/05/2014;;V
28/05/2014;0,2;V
29/05/2014;0,0;V
30/05/2014;0,0;V
31/05/2014;0,6;V
01/06/2014;0,4;V
02/06/2014;0,0;V
03/06/2014;0,0;V
04/06/2014;0,0;V
05/06/2014;0,0;V
06/06/2014;0,0;V
07/06/2014;0,0;V
08/06/2014;0,0;V
09/06/2014;0,0;V
10/06/2014;0,0;V
11/06/2014;0,0;V
12/06/2014;0,0;V
13/06/2014;0,4;V
14/06/2014;0,8;V
15/06/2014;5,6;V
16/06/2014;9,8;V
17/06/2014;0,6;V
18/06/2014;0,0;V
19/06/2014;0,0;V
20/06/2014;0,0;V
21/06/2014;0,0;V
22/06/2014;0,0;V
23/06/2014;0,0;V
24/06/2014;0,0;V
25/06/2014;0,0;V
26/06/2014;2,8;V
27/06/2014;1,8;V
28/06/2014;0,0;V
29/06/2014;0,0;V
30/06/2014;10,8;V
01/07/2014;0,0;V
02/07/2014;0,0;V
03/07/2014;0,0;V
04/07/2014;0,0;V
05/07/2014;0,0;V
06/07/2014;0,0;V
07/07/2014;0,0;V
08/07/2014;10,2;V
09/07/2014;0,2;V
10/07/2014;21,2;V
11/07/2014;9,6;V
12/07/2014;0,0;V
13/07/2014;22,6;V
14/07/2014;12,2;V
15/07/2014;1,0;V
16/07/2014;0,0;V
17/07/2014;0,0;V
18/07/2014;0,0;V
19/07/2014;0,0;V
20/07/2014;0,0;V
21/07/2014;8,2;V
22/07/2014;37,8;V
23/07/2014;0,0;V
24/07/2014;0,0;V
25/07/2014;5,2;V
26/07/2014;0,0;V
27/07/2014;4,2;V
28/07/2014;0,0;V
29/07/2014;0,2;V
30/07/2014;65,0;V
31/07/2014;0,0;V
01/08/2014;0,0;V
02/08/2014;0,0;V
03/08/2014;0,0;V
04/08/2014;0,2;V
05/08/2014;0,0;V
06/08/2014;0,0;V
07/08/2014;0,0;V
08/08/2014;0,0;V
09/08/2014;0,0;V
10/08/2014;0,0;V
11/08/2014;0,0;V
12/08/2014;0,0;V
13/08/2014;0,0;V
14/08/2014;2,4;V
15/08/2014;0,0;V
16/08/2014;0,0;V
17/08/2014;1,4;V
18/08/2014;0,0;V
19/08/2014;0,0;V
20/08/2014;0,0;V
21/08/2014;0,0;V
22/08/2014;0,0;V
23/08/2014;0,2;V
24/08/2014;0,4;V
25/08/2014;0,0;V
26/08/2014;0,0;V
27/08/2014;0,0;V
28/08/2014;0,0;V
29/08/2014;0,0;V
30/08/2014;0,0;V
31/08/2014;0,0;V
01/09/2014;21,8;V
02/09/2014;0,0;V
03/09/2014;0,0;V
04/09/2014;0,0;V
05/09/2014;0,0;V
06/09/2014;0,0;V
07/09/2014;0,0;V
08/09/2014;0,0;V
09/09/2014;0,0;V
10/09/2014;22,8;V
11/09/2014;32,4;V
12/09/2014;5,6;V
13/09/2014;0,0;V
14/09/2014;0,2;V
15/09/2014;0,2;V
16/09/2014;0,0;V
17/09/2014;0,0;V
18/09/2014;0,0;V
19/09/2014;0,0;V
20/09/2014;4,0;V
21/09/2014;0,0;V
22/09/2014;0,0;V
23/09/2014;0,0;V
24/09/2014;0,0;V
25/09/2014;0,0;V
26/09/2014;0,0;V
27/09/2014;0,0;V
28/09/2014;0,0;V
29/09/2014;0,0;V
30/09/2014;0,0;V
01/10/2014;0,2;V
02/10/2014;0,0;V
03/10/2014;0,0;V
04/10/2014;0,0;V
05/10/2014;0,0;V
06/10/2014;0,0;V
07/10/2014;0,0;V
08/10/2014;0,0;V
09/10/2014;0,0;V
10/10/2014;0,0;V
11/10/2014;0,0;V
12/10/2014;0,4;V
13/10/2014;0,4;V
14/10/2014;1,4;V
15/10/2014;0,6;V
16/10/2014;0,0;V
17/10/2014;0,0;V
18/10/2014;0,0;V
19/10/2014;0,0;V
20/10/2014;0,0;V
21/10/2014;0,2;V
22/10/2014;0,0;V
23/10/2014;0,0;V
24/10/2014;0,0;V
25/10/2014;0,0;V
26/10/2014;0,0;V
27/10/2014;0,0;V
28/10/2014;0,0;V
29/10/2014;0,0;V
30/10/2014;0,0;V
31/10/2014;0,0;V
01/11/2014;0,0;V
02/11/2014;0,0;V
03/11/2014;0,0;V
04/11/2014;0,0;V
05/11/2014;0,4;V
06/11/2014;0,4;V
07/11/2014;0,2;V
08/11/2014;0,0;V
09/11/2014;0,0;V
10/11/2014;0,0;V
11/11/2014;0,2;V
12/11/2014;0,2;V
13/11/2014;0,0;V
14/11/2014;0,0;V
15/11/2014;0,0;V
16/11/2014;0,6;V
17/11/2014;0,0;V
18/11/2014;0,8;V
19/11/2014;0,2;V
20/11/2014;0,0;V
21/11/2014;0,0;V
22/11/2014;0,0;V
23/11/2014;0,2;V
24/11/2014;0,0;V
25/11/2014;0,0;V
26/11/2014;0,2;V
27/11/2014;0,0;V
28/11/2014;0,0;V
29/11/2014;0,0;V
30/11/2014;0,0;V
01/12/2014;0,2;V
02/12/2014;0,0;V
03/12/2014;0,0;V
04/12/2014;0,0;V
05/12/2014;0,2;V
06/12/2014;0,0;V
07/12/2014;0,2;V
08/12/2014;0,2;V
09/12/2014;0,0;V
10/12/2014;0,0;V
11/12/2014;0,0;V
12/12/2014;0,0;V
13/12/2014;0,0;V
14/12/2014;0,0;V
15/12/2014;0,0;V
16/12/2014;0,4;V
17/12/2014;0,0;V
18/12/2014;0,0;V
19/12/2014;0,0;V
20/12/2014;0,0;V
21/12/2014;0,0;V
22/12/2014;0,0;V
23/12/2014;0,0;V
24/12/2014;0,0;V
25/12/2014;0,0;V
26/12/2014;0,0;V
27/12/2014;0,0;V
28/12/2014;0,6;V
29/12/2014;0,2;V
30/12/2014;0,0;V
31/12/2014;0,0;V
01/01/2015;0,0;V
02/01/2015;0,0;V
03/01/2015;0,0;V
04/01/2015;0,0;V
05/01/2015;0,0;V
06/01/2015;0,0;V
07/01/2015;0,0;V
08/01/2015;0,0;V
09/01/2015;0,0;V
10/01/2015;0,0;V
11/01/2015;0,0;V
12/01/2015;0,0;P
13/01/2015;0,0;V
14/01/2015;0,0;V
15/01/2015;0,0;P
16/01/2015;0,0;V
17/01/2015;0,0;P
18/01/2015;0,0;P
19/01/2015;0,0;V
20/01/2015;0,0;P
21/01/2015;0,0;V
22/01/2015;0,2;P
23/01/2015;0,0;P
24/01/2015;0,0;V
25/01/2015;0,0;V
26/01/2015;0,0;V
27/01/2015;0,0;V
28/01/2015;0,0;V
29/01/2015;0,0;V
30/01/2015;1,0;P
31/01/2015;0,0;P
01/02/2015;0,0;P
02/02/2015;0,0;V
03/02/2015;0,2;P
04/02/2015;0,0;V
05/02/2015;0,0;P
06/02/2015;0,2;P
07/02/2015;0,0;P
08/02/2015;0,0;V
09/02/2015;0,0;V
10/02/2015;0,0;V
11/02/2015;0,0;V
12/02/2015;0,0;P
13/02/2015;0,0;V
14/02/2015;0,0;V
15/02/2015;0,0;P
16/02/2015;0,2;P
17/02/2015;0,0;V
18/02/2015;0,0;V
19/02/2015;0,0;V
20/02/2015;0,0;V
21/02/2015;0,0;V
22/02/2015;11,2;P
23/02/2015;0,0;V
24/02/2015;0,4;V
25/02/2015;1,8;P
26/02/2015;0,0;V
27/02/2015;0,0;V
28/02/2015;0,0;V
01/03/2015;0,0;V
02/03/2015;10,2;V
03/03/2015;2,8;V
04/03/2015;0,0;V
05/03/2015;25,4;V
06/03/2015;0,0;V
07/03/2015;0,0;V
08/03/2015;0,0;V
09/03/2015;0,0;V
10/03/2015;0,0;V
11/03/2015;0,0;V
12/03/2015;0,0;V
13/03/2015;0,0;V
14/03/2015;0,0;V
15/03/2015;0,0;V
16/03/2015;6,2;V
17/03/2015;12,4;V
18/03/2015;0,0;V
19/03/2015;0,0;V
20/03/2015;0,0;V
21/03/2015;0,0;V
22/03/2015;0,0;V
23/03/2015;0,0;V
24/03/2015;1,8;V
25/03/2015;1,0;V
26/03/2015;17,4;V
27/03/2015;0,2;V
28/03/2015;0,0;V
29/03/2015;0,0;V
30/03/2015;0,0;V
31/03/2015;0,0;V
01/04/2015;0,0;V
02/04/2015;0,0;V
03/04/2015;0,0;V
04/04/2015;0,0;V
05/04/2015;28,8;V
06/04/2015;0,0;V
07/04/2015;0,0;V
08/04/2015;0,0;V
09/04/2015;0,0;V
10/04/2015;0,0;V
11/04/2015;0,0;V
12/04/2015;0,0;V
13/04/2015;0,0;V
14/04/2015;0,0;V
15/04/2015;0,2;V
16/04/2015;0,0;V
17/04/2015;0,2;V
18/04/2015;3,8;V
19/04/2015;0,2;V
20/04/2015;0,0;V
21/04/2015;0,0;V
22/04/2015;0,0;V
23/04/2015;0,0;V
24/04/2015;0,0;V
25/04/2015;0,0;V
26/04/2015;0,0;V
27/04/2015;2,4;V
28/04/2015;20,0;V
29/04/2015;9,0;V
30/04/2015;0,0;V
01/05/2015;0,0;V
02/05/2015;1,6;V
03/05/2015;0,0;V
04/05/2015;0,0;V
05/05/2015;0,0;V
06/05/2015;0,0;V
07/05/2015;0,0;V
08/05/2015;0,0;V
09/05/2015;0,0;V
10/05/2015;0,0;V
11/05/2015;0,0;V
12/05/2015;0,0;V
13/05/2015;0,0;V
14/05/2015;0,0;V
15/05/2015;2,8;V
16/05/2015;9,4;V
17/05/2015;0,0;V
18/05/2015;0,0;V
19/05/2015;0,0;V
20/05/2015;0,0;V
21/05/2015;7,0;V
22/05/2015;2,4;V
23/05/2015;9,0;V
24/05/2015;2,4;V
25/05/2015;0,0;V
26/05/2015;0,0;V
27/05/2015;1,0;V
28/05/2015;0,0;V
29/05/2015;0,0;V
30/05/2015;0,0;V
31/05/2015;0,0;V
01/06/2015;0,0;V
02/06/2015;0,0;V
03/06/2015;0,0;V
04/06/2015;0,0;V
05/06/2015;0,0;V
06/06/2015;0,0;V
07/06/2015;0,0;V
08/06/2015;0,0;V
09/06/2015;8,0;V
10/06/2015;0,0;V
11/06/2015;0,0;V
12/06/2015;0,0;V
13/06/2015;0,0;V
14/06/2015;0,0;V
15/06/2015;7,6;V
16/06/2015;3,2;V
17/06/2015;2,0;V
18/06/2015;0,0;V
19/06/2015;0,0;V
20/06/2015;0,0;V
21/06/2015;0,0;V
22/06/2015;0,0;V
23/06/2015;0,0;V
24/06/2015;6,2;V
25/06/2015;0,0;V
26/06/2015;0,0;V
27/06/2015;0,0;V
28/06/2015;0,0;V
29/06/2015;0,0;V
30/06/2015;0,0;V
01/07/2015;0,0;V
02/07/2015;0,0;V
03/07/2015;0,0;V
04/07/2015;0,0;V
05/07/2015;0,0;V
06/07/2015;0,0;V
07/07/2015;0,0;V
08/07/2015;0,0;V
09/07/2015;0,0;V
10/07/2015;0,0;V
11/07/2015;0,0;V
12/07/2015;0,0;V
13/07/2015;0,0;V
14/07/2015;0,0;V
15/07/2015;0,0;V
16/07/2015;0,0;V
17/07/2015;0,0;V
18/07/2015;0,0;V
19/07/2015;0,0;V
20/07/2015;0,0;V
21/07/2015;0,0;V
22/07/2015;0,0;V
23/07/2015;0,0;V
24/07/2015;0,0;V
25/07/2015;0,0;V
26/07/2015;0,4;V
27/07/2015;0,0;V
28/07/2015;0,0;V
29/07/2015;0,0;V
30/07/2015;0,0;V
31/07/2015;0,0;V
01/08/2015;0,0;V
02/08/2015;0,2;V
03/08/2015;0,0;V
04/08/2015;0,0;V
05/08/2015;0,0;V
06/08/2015;0,0;V
07/08/2015;0,0;V
08/08/2015;0,0;V
09/08/2015;0,0;V
10/08/2015;2,8;V
11/08/2015;6,2;V
12/08/2015;0,0;V
13/08/2015;0,0;V
14/08/2015;0,0;V
15/08/2015;0,0;V
16/08/2015;1,8;V
17/08/2015;0,0;V
18/08/2015;0,0;V
19/08/2015;3,2;V
20/08/2015;0,0;V
21/08/2015;0,0;V
22/08/2015;0,2;V
23/08/2015;0,0;V
24/08/2015;62,8;V
25/08/2015;4,4;V
26/08/2015;0,0;V
27/08/2015;0,0;V
28/08/2015;0,0;V
29/08/2015;0,0;V
30/08/2015;0,0;V
31/08/2015;0,0;V
01/09/2015;0,0;V
02/09/2015;0,0;V
03/09/2015;0,0;V
04/09/2015;1,0;V
05/09/2015;0,2;V
06/09/2015;0,0;V
07/09/2015;0,0;V
08/09/2015;0,0;V
09/09/2015;0,0;V
10/09/2015;0,0;V
11/09/2015;0,0;V
12/09/2015;0,0;V
13/09/2015;0,0;V
14/09/2015;12,2;V
15/09/2015;0,0;V
16/09/2015;0,4;V
17/09/2015;0,0;V
18/09/2015;0,0;V
19/09/2015;0,0;V
20/09/2015;0,0;V
21/09/2015;0,0;V
22/09/2015;0,0;V
23/09/2015;3,8;V
24/09/2015;13,2;V
25/09/2015;0,0;V
26/09/2015;0,0;V
27/09/2015;0,0;V
28/09/2015;0,0;V
29/09/2015;0,0;V
30/09/2015;0,0;V
01/10/2015;0,0;V
02/10/2015;1,8;P
03/10/2015;10,2;P
04/10/2015;4,6;P
05/10/2015;1,4;P
06/10/2015;0,0;P
07/10/2015;1,0;P
08/10/2015;0,0;P
09/10/2015;0,0;V
10/10/2015;0,0;P
11/10/2015;0,0;P
12/10/2015;0,0;V
13/10/2015;6,8;P
14/10/2015;45,4;P
15/10/2015;0,0;P
16/10/2015;0,0;P
17/10/2015;0,0;P
18/10/2015;0,0;P
19/10/2015;0,0;P
20/10/2015;0,0;V
21/10/2015;0,0;V
22/10/2015;0,0;V
23/10/2015;0,0;V
24/10/2015;0,0;V
25/10/2015;0,0;V
26/10/2015;0,0;P
27/10/2015;0,0;V
28/10/2015;0,0;P
29/10/2015;9,6;P
30/10/2015;0,2;P
31/10/2015;0,0;V
01/11/2015;0,0;V
02/11/2015;0,0;V
03/11/2015;0,0;V
04/11/2015;0,0;V
05/11/2015;0,0;V
06/11/2015;0,0;V
07/11/2015;0,4;V
08/11/2015;1,0;V
09/11/2015;0,0;V
10/11/2015;0,0;V
11/11/2015;0,0;V
12/11/2015;0,2;V
13/11/2015;0,0;V
14/11/2015;0,0;V
15/11/2015;0,2;V
16/11/2015;0,0;V
17/11/2015;0,0;V
18/11/2015;0,0;V
19/11/2015;0,0;V
20/11/2015;0,0;V
21/11/2015;6,6;V
22/11/2015;8,0;V
23/11/2015;0,0;V
24/11/2015;1,4;V
25/11/2015;0,2;V
26/11/2015;0,8;V
27/11/2015;0,0;V
28/11/2015;0,0;V
29/11/2015;0,0;V
30/11/2015;0,0;V
01/12/2015;0,2;V
02/12/2015;0,0;V
03/12/2015;0,0;V
04/12/2015;0,0;V
05/12/2015;0,0;V
06/12/2015;0,0;V
07/12/2015;0,2;V
08/12/2015;1,4;V
09/12/2015;4,4;V
10/12/2015;0,2;V
11/12/2015;0,0;V
12/12/2015;0,2;V
13/12/2015;0,6;V
14/12/2015;0,4;V
15/12/2015;0,0;V
16/12/2015;0,0;V
17/12/2015;0,2;V
18/12/2015;0,0;V
19/12/2015;0,0;V
20/12/2015;0,2;V
21/12/2015;0,2;V
22/12/2015;2,0;V
23/12/2015;0,8;V
24/12/2015;0,0;V
25/12/2015;0,0;V
26/12/2015;0,4;V
27/12/2015;0,4;V
28/12/2015;0,2;V
29/12/2015;0,2;V
30/12/2015;0,0;V
31/12/2015;0,0;V
01/01/2016;0,0;V
02/01/2016;3,0;V
03/01/2016;28,2;V
04/01/2016;11,6;V
05/01/2016;8,8;V
06/01/2016;15,8;V
07/01/2016;0,4;V
08/01/2016;0,0;V
09/01/2016;0,0;V
10/01/2016;1,8;V
11/01/2016;0,2;V
12/01/2016;2,0;V
13/01/2016;0,0;V
14/01/2016;3,4;V
15/01/2016;42,6;V
16/01/2016;0,0;V
17/01/2016;0,0;V
18/01/2016;0,0;V
19/01/2016;0,0;V
20/01/2016;0,0;V
21/01/2016;0,0;V
22/01/2016;0,2;V
23/01/2016;0,0;V
24/01/2016;0,0;V
25/01/2016;0,2;V
26/01/2016;0,0;V
27/01/2016;0,2;V
28/01/2016;1,8;V
29/01/2016;1,4;V
30/01/2016;0,2;V
31/01/2016;0,2;V
01/02/2016;2,6;V
02/02/2016;0,4;V
03/02/2016;1,2;V
04/02/2016;3,4;V
05/02/2016;0,0;V
06/02/2016;0,2;V
07/02/2016;1,8;V
08/02/2016;1,2;V
09/02/2016;1,2;V
10/02/2016;9,2;V
11/02/2016;0,0;V
12/02/2016;31,0;V
13/02/2016;11,6;V
14/02/2016;22,6;V
15/02/2016;8,4;V
16/02/2016;32,4;V
17/02/2016;12,4;V
18/02/2016;0,6;V
19/02/2016;2,6;V
20/02/2016;9,2;V
21/02/2016;0,0;V
22/02/2016;0,0;V
23/02/2016;9,2;V
24/02/2016;0,4;V
25/02/2016;2,8;V
26/02/2016;4,4;V
27/02/2016;12,0;V
28/02/2016;24,4;V
29/02/2016;19,4;V
01/03/2016;8,0;V
02/03/2016;0,0;V
03/03/2016;7,0;V
04/03/2016;0,2;V
05/03/2016;0,0;V
06/03/2016;15,2;V
07/03/2016;3,0;V
08/03/2016;7,6;V
09/03/2016;8,0;V
10/03/2016;0,0;V
11/03/2016;0,0;V
12/03/2016;0,0;V
13/03/2016;0,0;V
14/03/2016;0,0;V
15/03/2016;0,0;V
16/03/2016;0,0;V
17/03/2016;0,0;V
18/03/2016;0,0;V
19/03/2016;0,0;V
20/03/2016;0,0;V
21/03/2016;5,4;V
22/03/2016;1,0;V
23/03/2016;0,0;V
24/03/2016;0,0;V
25/03/2016;0,0;V
26/03/2016;0,0;V
27/03/2016;0,0;V
28/03/2016;6,4;V
29/03/2016;1,2;V
30/03/2016;0,0;V
31/03/2016;0,0;V
01/04/2016;0,0;V
02/04/2016;0,0;V
03/04/2016;0,0;V
04/04/2016;0,0;V
05/04/2016;0,0;V
06/04/2016;0,0;V
07/04/2016;0,0;V
08/04/2016;0,0;V
09/04/2016;0,0;V
10/04/2016;0,0;V
11/04/2016;0,0;V
12/04/2016;0,0;V
13/04/2016;0,0;V
14/04/2016;0,0;V
15/04/2016;0,0;V
16/04/2016;0,0;V
17/04/2016;0,0;V
18/04/2016;0,0;V
19/04/2016;0,0;V
20/04/2016;0,0;V
21/04/2016;0,0;V
22/04/2016;0,0;V
23/04/2016;9,6;V
24/04/2016;41,2;V
25/04/2016;15,4;V
26/04/2016;0,6;V
27/04/2016;0,2;V
28/04/2016;0,0;V
29/04/2016;0,0;V
30/04/2016;0,0;V
01/05/2016;11,8;V
02/05/2016;2,4;V
03/05/2016;0,2;V
04/05/2016;5,2;V
05/05/2016;0,0;V
06/05/2016;0,0;V
07/05/2016;0,0;V
08/05/2016;0,0;V
09/05/2016;0,6;V
10/05/2016;0,2;V
11/05/2016;0,0;V
12/05/2016;27,6;V
13/05/2016;0,0;V
14/05/2016;33,6;V
15/05/2016;0,8;V
16/05/2016;1,2;V
17/05/2016;0,4;V
18/05/2016;0,0;V
19/05/2016;0,0;V
20/05/2016;2,6;V
21/05/2016;0,0;V
22/05/2016;0,0;V
23/05/2016;2,6;V
24/05/2016;0,8;V
25/05/2016;0,0;V
26/05/2016;0,0;V
27/05/2016;0,0;V
28/05/2016;0,0;V
29/05/2016;0,2;V
30/05/2016;9,4;V
31/05/2016;0,0;V
01/06/2016;0,0;V
02/06/2016;5,0;V
03/06/2016;6,4;V
04/06/2016;0,6;V
05/06/2016;3,4;V
06/06/2016;0,2;V
07/06/2016;0,0;V
08/06/2016;0,0;V
09/06/2016;0,2;V
10/06/2016;0,2;V
11/06/2016;0,0;V
12/06/2016;0,0;V
13/06/2016;0,0;V
14/06/2016;0,0;V
15/06/2016;3,0;V
16/06/2016;0,0;V
17/06/2016;5,0;V
18/06/2016;0,0;V
19/06/2016;1,2;V
20/06/2016;3,2;V
21/06/2016;0,0;V
22/06/2016;0,0;V
23/06/2016;0,0;V
24/06/2016;0,0;V
25/06/2016;0,0;V
26/06/2016;0,0;V
27/06/2016;0,0;V
28/06/2016;0,0;V
29/06/2016;0,0;V
30/06/2016;0,0;V
01/07/2016;0,0;V
02/07/2016;0,0;V
03/07/2016;0,0;V
04/07/2016;0,0;V
05/07/2016;0,0;V
06/07/2016;0,0;V
07/07/2016;0,0;V
08/07/2016;0,0;V
09/07/2016;0,0;V
10/07/2016;0,0;V
11/07/2016;0,0;V
12/07/2016;0,0;V
13/07/2016;0,0;V
14/07/2016;0,0;V
15/07/2016;0,0;V
16/07/2016;0,0;V
17/07/2016;0,0;V
18/07/2016;0,0;V
19/07/2016;0,0;V
20/07/2016;0,0;V
21/07/2016;0,0;V
22/07/2016;0,0;V
23/07/2016;1,0;V
24/07/2016;0,2;V
25/07/2016;0,0;V
26/07/2016;0,2;V
27/07/2016;0,0;V
28/07/2016;0,0;V
29/07/2016;0,0;V
30/07/2016;0,0;V
31/07/2016;0,0;V
01/08/2016;0,0;V
02/08/2016;1,2;V
03/08/2016;0,0;V
04/08/2016;0,0;V
05/08/2016;1,0;V
06/08/2016;1,2;V
07/08/2016;0,0;V
08/08/2016;0,0;V
09/08/2016;0,0;V
10/08/2016;0,0;V
11/08/2016;0,0;V
12/08/2016;0,0;V
13/08/2016;0,0;V
14/08/2016;0,0;V
15/08/2016;0,0;V
16/08/2016;0,0;V
17/08/2016;0,0;V
18/08/2016;0,0;V
19/08/2016;4,8;V
20/08/2016;0,0;V
21/08/2016;0,0;V
22/08/2016;0,0;V
23/08/2016;0,0;V
24/08/2016;0,0;V
25/08/2016;0,0;V
26/08/2016;0,0;V
27/08/2016;0,0;V
28/08/2016;0,0;V
29/08/2016;0,0;V
30/08/2016;0,0;V
31/08/2016;1,6;V
01/09/2016;0,2;V
02/09/2016;0,0;V
03/09/2016;0,0;V
04/09/2016;0,0;V
05/09/2016;0,0;V
06/09/2016;0,0;V
07/09/2016;1,2;V
08/09/2016;0,0;V
09/09/2016;0,0;V
10/09/2016;0,0;V
11/09/2016;0,0;V
12/09/2016;0,0;V
13/09/2016;0,0;V
14/09/2016;0,0;V
15/09/2016;0,0;V
16/09/2016;38,6;V
17/09/2016;53,0;V
18/09/2016;12,8;V
19/09/2016;0,2;V
20/09/2016;0,2;V
21/09/2016;0,0;V
22/09/2016;2,8;V
23/09/2016;0,0;V
24/09/2016;0,0;V
25/09/2016;0,0;V
26/09/2016;0,0;V
27/09/2016;0,0;V
28/09/2016;0,0;V
29/09/2016;0,0;V
30/09/2016;0,0;V
01/10/2016;0,0;V
02/10/2016;13,0;V
03/10/2016;2,4;V
04/10/2016;0,2;V
05/10/2016;0,0;V
06/10/2016;1,6;V
07/10/2016;0,2;V
08/10/2016;0,4;V
09/10/2016;5,8;V
10/10/2016;0,0;V
11/10/2016;0,0;V
12/10/2016;0,0;V
13/10/2016;0,0;V
14/10/2016;24,0;V
15/10/2016;40,8;V
16/10/2016;0,2;V
17/10/2016;0,2;V
18/10/2016;0,4;V
19/10/2016;1,0;V
20/10/2016;1,2;V
21/10/2016;0,4;V
22/10/2016;0,2;V
23/10/2016;0,0;V
24/10/2016;0,0;V
25/10/2016;0,0;V
26/10/2016;0,0;V
27/10/2016;23,0;V
28/10/2016;0,0;V
29/10/2016;0,0;V
30/10/2016;0,2;V
31/10/2016;0,2;V
01/11/2016;0,0;V
02/11/2016;0,4;V
03/11/2016;5,6;V
04/11/2016;0,0;V
05/11/2016;7,2;V
06/11/2016;53,0;V
07/11/2016;9,8;V
08/11/2016;0,0;V
09/11/2016;5,6;V
10/11/2016;12,6;V
11/11/2016;0,2;V
12/11/2016;9,8;V
13/11/2016;0,2;V
14/11/2016;0,0;V
15/11/2016;0,0;V
16/11/2016;0,0;V
17/11/2016;0,0;V
18/11/2016;1,2;V
19/11/2016;58,4;V
20/11/2016;3,6;V
21/11/2016;0,8;V
22/11/2016;0,0;V
23/11/2016;0,0;V
24/11/2016;0,0;V
25/11/2016;7,6;V
26/11/2016;0,4;V
27/11/2016;0,2;V
28/11/2016;0,2;V
29/11/2016;0,0;V
30/11/2016;0,0;V
01/12/2016;0,0;V
02/12/2016;0,0;V
03/12/2016;0,0;V
04/12/2016;0,0;V
05/12/2016;0,0;V
06/12/2016;0,2;V
07/12/2016;0,2;V
08/12/2016;0,0;V
09/12/2016;0,2;V
10/12/2016;0,0;V
11/12/2016;0,0;V
12/12/2016;0,0;V
13/12/2016;0,0;V
14/12/2016;0,2;V
15/12/2016;0,0;V
16/12/2016;0,2;V
17/12/2016;0,0;V
18/12/2016;0,0;V
19/12/2016;0,0;V
20/12/2016;0,4;V
21/12/2016;2,4;V
22/12/2016;0,0;V
23/12/2016;0,0;V
24/12/2016;0,2;V
25/12/2016;0,2;V
26/12/2016;0,2;V
27/12/2016;0,0;V
28/12/2016;0,2;V
29/12/2016;0,4;V
30/12/2016;0,0;V
31/12/2016;0,0;V
01/01/2017;;@
02/01/2017;1,4;P
03/01/2017;20,0;P
04/01/2017;;@
05/01/2017;;@
06/01/2017;0,2;P
07/01/2017;;@
08/01/2017;;@
09/01/2017;;@
10/01/2017;;@
11/01/2017;;@
12/01/2017;;@
13/01/2017;;@
14/01/2017;;@
15/01/2017;;@
16/01/2017;;@
17/01/2017;;@
18/01/2017;;@
19/01/2017;;@
20/01/2017;;@
21/01/2017;;@
22/01/2017;;@
23/01/2017;;@
24/01/2017;;@
25/01/2017;;@
26/01/2017;;@
27/01/2017;;@
28/01/2017;;@
29/01/2017;;@
30/01/2017;;@
31/01/2017;;@
01/02/2017;;@
02/02/2017;;@
03/02/2017;;@
04/02/2017;;@
05/02/2017;;@
06/02/2017;;@
07/02/2017;;@
08/02/2017;;@
09/02/2017;;@
10/02/2017;;@
11/02/2017;;@
12/02/2017;;@
13/02/2017;;@
14/02/2017;;@
15/02/2017;;@
16/02/2017;;@
17/02/2017;;@
18/02/2017;;@
19/02/2017;;@
20/02/2017;;@
21/02/2017;;@
22/02/2017;;@
23/02/2017;;@
24/02/2017;;@
25/02/2017;;@
26/02/2017;;@
27/02/2017;;@
28/02/2017;;@
01/03/2017;;@
02/03/2017;;@
03/03/2017;;@
04/03/2017;;@
05/03/2017;;@
06/03/2017;;@
07/03/2017;;@
08/03/2017;;@
09/03/2017;;@
10/03/2017;;@
11/03/2017;;@
12/03/2017;;@
13/03/2017;;@
14/03/2017;;@
15/03/2017;;@
16/03/2017;;@
17/03/2017;;@
18/03/2017;;@
19/03/2017;;@
20/03/2017;;@
21/03/2017;;@
22/03/2017;;@
23/03/2017;;@
24/03/2017;;@
25/03/2017;;@
26/03/2017;;@
27/03/2017;;@
28/03/2017;;@
29/03/2017;;@
30/03/2017;;@
31/03/2017;;@
01/04/2017;;@
02/04/2017;;@
03/04/2017;;@
04/04/2017;;@
05/04/2017;;@
06/04/2017;;@
07/04/2017;;@
08/04/2017;;@
09/04/2017;;@
10/04/2017;;@
11/04/2017;;@
12/04/2017;;@
13/04/2017;;@
14/04/2017;;@
15/04/2017;;@
16/04/2017;;@
17/04/2017;;@
18/04/2017;;@
19/04/2017;;@
20/04/2017;;@
21/04/2017;;@
22/04/2017;;@
23/04/2017;;@
24/04/2017;;@
25/04/2017;;@
26/04/2017;;@
27/04/2017;;@
28/04/2017;;@
29/04/2017;;@
30/04/2017;;@
01/05/2017;;@
02/05/2017;;@
03/05/2017;;@
04/05/2017;;@
05/05/2017;;@
06/05/2017;;@
07/05/2017;;@
08/05/2017;;@
09/05/2017;;@
10/05/2017;;@
11/05/2017;;@
12/05/2017;;@
13/05/2017;;@
14/05/2017;;@
15/05/2017;;@
16/05/2017;;@
17/05/2017;;@
18/05/2017;;@
19/05/2017;;@
20/05/2017;;@
21/05/2017;;@
22/05/2017;;@
23/05/2017;;@
24/05/2017;;@
25/05/2017;;@
26/05/2017;;@
27/05/2017;;@
28/05/2017;;@
29/05/2017;;@
30/05/2017;;@
31/05/2017;;@
01/06/2017;0,0;V
02/06/2017;0,0;V
03/06/2017;0,0;V
04/06/2017;0,0;V
05/06/2017;0,0;V
06/06/2017;0,0;V
07/06/2017;0,0;V
08/06/2017;0,0;V
09/06/2017;0,0;V
10/06/2017;0,0;V
11/06/2017;0,0;V
12/06/2017;0,0;V
13/06/2017;0,0;V
14/06/2017;0,0;V
15/06/2017;0,0;V
16/06/2017;0,0;V
17/06/2017;0,0;V
18/06/2017;0,0;V
19/06/2017;0,0;V
20/06/2017;0,0;V
21/06/2017;0,0;V
22/06/2017;0,0;V
23/06/2017;0,0;V
24/06/2017;0,0;V
25/06/2017;0,0;V
26/06/2017;0,0;V
27/06/2017;0,4;V
28/06/2017;0,0;V
29/06/2017;24,4;V
30/06/2017;0,2;V
01/07/2017;0,0;V
02/07/2017;0,0;V
03/07/2017;0,0;V
04/07/2017;0,0;V
05/07/2017;0,0;V
06/07/2017;0,0;V
07/07/2017;0,0;V
08/07/2017;0,0;V
09/07/2017;0,0;V
10/07/2017;0,0;V
11/07/2017;0,0;V
12/07/2017;0,0;V
13/07/2017;0,0;V
14/07/2017;0,0;V
15/07/2017;0,0;V
16/07/2017;0,0;V
17/07/2017;0,0;V
18/07/2017;0,0;V
19/07/2017;0,0;V
20/07/2017;0,0;V
21/07/2017;0,0;V
22/07/2017;0,4;V
23/07/2017;0,0;V
24/07/2017;0,0;V
25/07/2017;0,0;V
26/07/2017;19,8;V
27/07/2017;0,0;V
28/07/2017;0,0;V
29/07/2017;0,0;V
30/07/2017;0,0;V
31/07/2017;0,0;V
01/08/2017;0,0;V
02/08/2017;0,0;V
03/08/2017;0,0;V
04/08/2017;0,0;V
05/08/2017;0,0;V
06/08/2017;0,0;V
07/08/2017;0,0;V
08/08/2017;0,0;V
09/08/2017;0,0;V
10/08/2017;0,0;V
11/08/2017;1,4;V
12/08/2017;6,4;V
13/08/2017;0,0;V
14/08/2017;0,0;V
15/08/2017;0,0;V
16/08/2017;0,0;V
17/08/2017;0,0;V
18/08/2017;0,0;V
19/08/2017;0,0;V
20/08/2017;0,0;V
21/08/2017;0,0;V
22/08/2017;0,0;V
23/08/2017;0,0;V
24/08/2017;0,0;V
25/08/2017;0,0;V
26/08/2017;0,0;V
27/08/2017;0,0;V
28/08/2017;0,0;V
29/08/2017;0,0;V
30/08/2017;0,0;V
31/08/2017;0,0;V
01/09/2017;6,2;V
02/09/2017;0,0;V
03/09/2017;2,6;V
04/09/2017;0,0;V
05/09/2017;0,0;V
06/09/2017;0,0;V
07/09/2017;0,4;V
08/09/2017;0,0;V
09/09/2017;0,0;V
10/09/2017;84,0;V
11/09/2017;9,8;V
12/09/2017;0,0;V
13/09/2017;0,0;V
14/09/2017;0,4;V
15/09/2017;0,0;V
16/09/2017;3,0;V
17/09/2017;0,2;V
18/09/2017;0,6;V
19/09/2017;34,0;V
20/09/2017;0,0;V
21/09/2017;0,0;V
22/09/2017;0,0;V
23/09/2017;0,0;V
24/09/2017;0,0;V
25/09/2017;0,6;V
26/09/2017;0,0;V
27/09/2017;0,0;V
28/09/2017;0,0;V
29/09/2017;0,0;V
30/09/2017;0,0;V
01/10/2017;0,4;V
02/10/2017;2,6;V
03/10/2017;0,2;V
04/10/2017;0,0;V
05/10/2017;0,0;V
06/10/2017;0,2;V
07/10/2017;0,0;V
08/10/2017;0,0;V
09/10/2017;0,0;V
10/10/2017;0,0;V
11/10/2017;0,0;V
12/10/2017;0,2;V
13/10/2017;0,0;V
14/10/2017;0,2;V
15/10/2017;0,4;V
16/10/2017;0,4;V
17/10/2017;0,2;V
18/10/2017;0,0;V
19/10/2017;0,2;V
20/10/2017;0,0;V
21/10/2017;0,0;V
22/10/2017;0,2;V
23/10/2017;0,0;V
24/10/2017;0,0;V
25/10/2017;0,0;V
26/10/2017;0,0;V
27/10/2017;0,0;V
28/10/2017;0,0;V
29/10/2017;0,0;V
30/10/2017;0,2;V
31/10/2017;0,0;V
01/11/2017;0,0;V
02/11/2017;0,0;V
03/11/2017;1,8;V
04/11/2017;2,2;V
05/11/2017;0,0;V
06/11/2017;31,6;V
07/11/2017;26,4;V
08/11/2017;0,8;V
09/11/2017;3,6;V
10/11/2017;0,2;V
11/11/2017;0,0;V
12/11/2017;0,2;V
13/11/2017;15,6;V
14/11/2017;0,6;V
15/11/2017;0,0;V
16/11/2017;0,4;V
17/11/2017;0,0;V
18/11/2017;0,0;V
19/11/2017;0,0;V
20/11/2017;0,2;V
21/11/2017;0,0;V
22/11/2017;0,0;V
23/11/2017;0,0;V
24/11/2017;0,0;V
25/11/2017;0,2;V
26/11/2017;11,4;P
27/11/2017;1,6;V
28/11/2017;0,0;V
29/11/2017;20,2;V
30/11/2017;8,2;V
01/12/2017;0,2;V
02/12/2017;1,0;V
03/12/2017;0,0;V
04/12/2017;0,0;V
05/12/2017;0,0;V
06/12/2017;0,0;V
07/12/2017;0,4;V
08/12/2017;11,4;V
09/12/2017;28,6;V
10/12/2017;0,0;V
11/12/2017;30,4;V
12/12/2017;14,2;V
13/12/2017;5,2;V
14/12/2017;15,4;V
15/12/2017;1,6;V
16/12/2017;1,0;V
17/12/2017;3,8;V
18/12/2017;0,2;V
19/12/2017;0,2;V
20/12/2017;0,0;V
21/12/2017;0,0;V
22/12/2017;0,0;V
23/12/2017;0,0;V
24/12/2017;0,0;V
25/12/2017;0,2;V
26/12/2017;0,6;V
27/12/2017;3,4;V
28/12/2017;30,6;V
29/12/2017;0,8;V
30/12/2017;0,4;V
31/12/2017;0,2;V
01/01/2018;0,4;P
02/01/2018;5,8;P
03/01/2018;0,0;P
04/01/2018;6,2;P
05/01/2018;1,2;P
06/01/2018;0,2;P
07/01/2018;0,0;P
08/01/2018;0,0;P
09/01/2018;6,4;P
10/01/2018;2,4;P
11/01/2018;4,8;P
12/01/2018;0,8;P
13/01/2018;0,0;P
14/01/2018;0,0;P
15/01/2018;0,0;P
16/01/2018;6,2;P
17/01/2018;25,6;P
18/01/2018;0,0;P
19/01/2018;6,4;P
20/01/2018;0,6;P
21/01/2018;0,0;P
22/01/2018;0,0;P
23/01/2018;0,0;P
24/01/2018;0,2;P
25/01/2018;0,0;P
26/01/2018;0,0;P
27/01/2018;0,0;P
28/01/2018;0,0;P
29/01/2018;0,0;P
30/01/2018;0,0;P
31/01/2018;0,0;P
01/02/2018;0,0;P
02/02/2018;0,0;P
03/02/2018;0,0;P
04/02/2018;0,0;P
05/02/2018;0,0;P
06/02/2018;0,0;P
07/02/2018;0,0;P
08/02/2018;0,0;P
09/02/2018;0,0;P
10/02/2018;0,0;P
11/02/2018;0,0;P
12/02/2018;0,0;P
13/02/2018;0,0;P
14/02/2018;0,0;P
15/02/2018;0,0;P
16/02/2018;0,0;P
17/02/2018;0,0;P
18/02/2018;0,0;P
19/02/2018;0,0;P
20/02/2018;0,0;P
21/02/2018;0,0;P
22/02/2018;0,0;P
23/02/2018;0,0;P
24/02/2018;0,0;P
25/02/2018;0,0;P
26/02/2018;0,0;P
27/02/2018;0,0;P
28/02/2018;0,0;P
01/03/2018;0,0;P
02/03/2018;0,0;P
03/03/2018;0,0;P
04/03/2018;0,0;P
05/03/2018;0,0;P
06/03/2018;0,0;P
07/03/2018;22,8;P
08/03/2018;1,6;P
09/03/2018;0,0;P
10/03/2018;0,0;P
11/03/2018;11,6;P
12/03/2018;29,4;P
13/03/2018;14,0;P
14/03/2018;1,4;P
15/03/2018;0,0;P
16/03/2018;32,2;P
17/03/2018;9,2;P
18/03/2018;3,4;P
19/03/2018;33,4;P
20/03/2018;2,4;P
21/03/2018;0,0;P
22/03/2018;0,0;P
23/03/2018;0,0;P
24/03/2018;0,0;P
25/03/2018;0,0;P
26/03/2018;0,0;P
27/03/2018;0,0;P
28/03/2018;0,0;P
29/03/2018;0,0;P
30/03/2018;0,0;P
31/03/2018;5,6;P
01/04/2018;17,8;P
02/04/2018;0,0;P
03/04/2018;0,0;P
04/04/2018;12,0;P
05/04/2018;12,4;P
06/04/2018;0,2;P
07/04/2018;0,0;P
08/04/2018;0,0;P
09/04/2018;7,8;P
10/04/2018;4,8;P
11/04/2018;6,4;P
12/04/2018;4,2;P
13/04/2018;0,4;P
14/04/2018;0,0;P
15/04/2018;0,0;P
16/04/2018;0,0;P
17/04/2018;0,0;P
18/04/2018;0,0;P
19/04/2018;0,0;P
20/04/2018;0,0;P
21/04/2018;0,0;P
22/04/2018;0,0;P
23/04/2018;0,0;P
24/04/2018;0,0;P
25/04/2018;0,0;P
26/04/2018;0,0;P
27/04/2018;0,0;P
28/04/2018;0,0;P
29/04/2018;0,0;P
30/04/2018;0,2;P
01/05/2018;0,0;P
02/05/2018;20,2;P
03/05/2018;0,6;P
04/05/2018;1,2;P
05/05/2018;0,0;P
06/05/2018;0,4;P
07/05/2018;0,8;P
08/05/2018;6,8;P
09/05/2018;0,4;P
10/05/2018;3,8;P
11/05/2018;0,6;P
12/05/2018;0,0;P
13/05/2018;0,0;P
14/05/2018;10,0;P
15/05/2018;2,8;P
16/05/2018;2,0;P
17/05/2018;0,0;P
18/05/2018;0,6;P
19/05/2018;0,0;P
20/05/2018;0,0;P
21/05/2018;5,0;P
22/05/2018;21,6;P
23/05/2018;22,4;P
24/05/2018;3,2;P
25/05/2018;0,0;P
26/05/2018;0,0;P
27/05/2018;0,0;P
28/05/2018;0,0;P
29/05/2018;0,0;P
30/05/2018;0,0;P
31/05/2018;1,6;P
01/06/2018;0,0;P
02/06/2018;0,0;P
03/06/2018;0,0;P
04/06/2018;0,0;P
05/06/2018;0,0;P
06/06/2018;0,0;P
07/06/2018;0,0;P
08/06/2018;4,4;P
09/06/2018;0,0;P
10/06/2018;0,0;P
11/06/2018;0,0;P
12/06/2018;0,0;P
13/06/2018;0,0;P
14/06/2018;7,2;P
15/06/2018;0,0;P
16/06/2018;0,0;P
17/06/2018;0,0;P
18/06/2018;0,0;P
19/06/2018;0,0;P
20/06/2018;0,0;P
21/06/2018;0,0;P
22/06/2018;0,0;P
23/06/2018;0,0;P
24/06/2018;0,0;P
25/06/2018;0,0;P
26/06/2018;0,2;P
27/06/2018;0,0;P
28/06/2018;6,8;P
29/06/2018;0,0;P
30/06/2018;0,0;P
01/07/2018;0,0;P
02/07/2018;0,0;P
03/07/2018;0,0;P
04/07/2018;0,0;P
05/07/2018;0,0;P
06/07/2018;0,0;P
07/07/2018;0,0;P
08/07/2018;5,6;P
09/07/2018;0,0;P
10/07/2018;0,0;P
11/07/2018;0,0;P
12/07/2018;0,0;P
13/07/2018;0,0;P
14/07/2018;0,0;P
15/07/2018;0,0;P
16/07/2018;0,0;P
17/07/2018;8,8;P
18/07/2018;0,0;P
19/07/2018;0,0;P
20/07/2018;0,0;P
21/07/2018;0,0;P
22/07/2018;0,4;P
23/07/2018;15,2;P
24/07/2018;0,0;P
25/07/2018;0,0;P
26/07/2018;0,0;P
27/07/2018;0,8;P
28/07/2018;0,0;P
29/07/2018;0,0;P
30/07/2018;0,0;P
31/07/2018;0,0;P
01/08/2018;0,0;P
02/08/2018;0,0;P
03/08/2018;0,0;P
04/08/2018;0,0;P
05/08/2018;0,0;P
06/08/2018;0,0;P
07/08/2018;0,0;P
08/08/2018;0,0;P
09/08/2018;0,0;P
10/08/2018;0,0;P
11/08/2018;0,0;P
12/08/2018;0,0;P
13/08/2018;0,0;P
14/08/2018;8,8;P
15/08/2018;0,4;P
16/08/2018;0,0;P
17/08/2018;0,0;P
18/08/2018;0,0;P
19/08/2018;0,0;P
20/08/2018;0,0;P
21/08/2018;0,0;P
22/08/2018;0,0;P
23/08/2018;0,2;P
24/08/2018;0,6;P
25/08/2018;0,0;P
26/08/2018;0,4;P
27/08/2018;0,0;P
28/08/2018;0,0;P
29/08/2018;0,0;P
30/08/2018;0,0;P
31/08/2018;0,0;P
01/09/2018;0,6;P
02/09/2018;2,0;P
03/09/2018;0,0;P
04/09/2018;0,0;P
05/09/2018;1,0;P
06/09/2018;0,0;P
07/09/2018;8,8;P
08/09/2018;0,0;P
09/09/2018;0,0;P
10/09/2018;0,0;P
11/09/2018;0,0;P
12/09/2018;0,0;P
13/09/2018;0,0;P
14/09/2018;0,0;P
15/09/2018;0,0;P
16/09/2018;0,0;P
17/09/2018;0,0;P
18/09/2018;0,4;P
19/09/2018;0,0;P
20/09/2018;0,0;P
21/09/2018;0,0;P
22/09/2018;0,0;P
23/09/2018;0,0;P
24/09/2018;0,0;P
25/09/2018;0,0;P
26/09/2018;0,0;P
27/09/2018;0,0;P
28/09/2018;0,0;P
29/09/2018;0,0;P
30/09/2018;0,0;P
01/10/2018;32,2;P
02/10/2018;3,2;P
03/10/2018;1,8;P
04/10/2018;0,0;P
05/10/2018;0,0;P
06/10/2018;0,0;P
07/10/2018;8,2;P
08/10/2018;0,0;P
09/10/2018;0,0;P
10/10/2018;0,0;P
11/10/2018;0,8;P
12/10/2018;0,8;P
13/10/2018;0,0;P
14/10/2018;0,0;P
15/10/2018;0,0;P
16/10/2018;0,0;P
17/10/2018;0,8;P
18/10/2018;0,0;P
19/10/2018;0,0;P
20/10/2018;0,0;P
21/10/2018;0,0;P
22/10/2018;0,0;P
23/10/2018;0,0;P
24/10/2018;0,0;P
25/10/2018;0,0;P
26/10/2018;0,0;P
27/10/2018;0,2;P
28/10/2018;4,0;P
29/10/2018;24,0;P
30/10/2018;15,4;P
31/10/2018;5,4;P
01/11/2018;11,4;P
02/11/2018;1,8;P
03/11/2018;2,8;P
04/11/2018;0,0;P
05/11/2018;3,2;P
06/11/2018;4,8;P
07/11/2018;1,8;P
08/11/2018;0,2;P
09/11/2018;0,0;P
10/11/2018;0,2;P
11/11/2018;7,4;P
12/11/2018;0,2;P
13/11/2018;0,2;P
14/11/2018;0,2;P
15/11/2018;0,0;P
16/11/2018;0,0;P
17/11/2018;0,0;P
18/11/2018;0,2;P
19/11/2018;0,0;P
20/11/2018;1,2;P
21/11/2018;0,0;P
22/11/2018;2,0;P
23/11/2018;1,8;P
24/11/2018;10,6;P
25/11/2018;10,0;P
26/11/2018;10,4;P
27/11/2018;0,6;P
28/11/2018;0,0;P
29/11/2018;0,0;P
30/11/2018;0,0;P
01/12/2018;0,0;P
02/12/2018;0,2;P
03/12/2018;18,0;P
04/12/2018;4,8;P
05/12/2018;0,4;P
06/12/2018;0,0;P
07/12/2018;9,0;P
08/12/2018;6,8;P
09/12/2018;0,4;P
10/12/2018;0,6;P
11/12/2018;0,0;P
12/12/2018;0,2;P
13/12/2018;0,8;P
14/12/2018;0,0;P
15/12/2018;0,0;P
16/12/2018;0,0;P
17/12/2018;16,0;P
18/12/2018;0,0;P
19/12/2018;0,2;P
20/12/2018;13,8;P
21/12/2018;0,0;P
22/12/2018;0,0;P
23/12/2018;0,0;P
24/12/2018;0,0;P
25/12/2018;0,0;P
26/12/2018;0,0;P
27/12/2018;0,0;P
28/12/2018;0,0;P
29/12/2018;0,2;P
30/12/2018;0,0;P
31/12/2018;0,2;P
01/01/2019;0,0;P
02/01/2019;0,2;P
03/01/2019;0,0;P
04/01/2019;0,0;P
05/01/2019;0,0;P
06/01/2019;0,0;P
07/01/2019;0,0;P
08/01/2019;0,2;P
09/01/2019;0,0;P
10/01/2019;0,2;P
11/01/2019;0,0;P
12/01/2019;0,0;P
13/01/2019;0,0;P
14/01/2019;0,0;P
15/01/2019;0,0;P
16/01/2019;0,0;P
17/01/2019;2,6;P
18/01/2019;19,6;P
19/01/2019;0,0;P
20/01/2019;0,0;P
21/01/2019;0,0;P
22/01/2019;0,0;P
23/01/2019;0,8;P
24/01/2019;4,4;P
25/01/2019;0,0;P
26/01/2019;0,0;P
27/01/2019;0,0;P
28/01/2019;10,0;P
29/01/2019;0,0;P
30/01/2019;0,0;P
31/01/2019;9,0;P
01/02/2019;20,2;P
02/02/2019;13,4;P
03/02/2019;21,2;P
04/02/2019;2,6;P
05/02/2019;0,0;P
06/02/2019;0,0;P
07/02/2019;0,0;P
08/02/2019;0,0;P
09/02/2019;0,0;P
10/02/2019;0,8;P
11/02/2019;0,6;P
12/02/2019;0,0;P
13/02/2019;0,0;P
14/02/2019;0,2;P
15/02/2019;0,0;P
16/02/2019;0,0;P
17/02/2019;0,0;P
18/02/2019;0,0;P
19/02/2019;0,0;P
20/02/2019;0,0;P
21/02/2019;0,0;P
22/02/2019;0,0;P
23/02/2019;0,2;P
24/02/2019;0,0;P
25/02/2019;0,0;P
26/02/2019;0,0;P
27/02/2019;0,0;P
28/02/2019;0,0;P
01/03/2019;0,0;P
02/03/2019;0,2;P
03/03/2019;0,0;P
04/03/2019;0,0;P
05/03/2019;0,0;P
06/03/2019;0,0;P
07/03/2019;0,0;P
08/03/2019;0,0;P
09/03/2019;0,0;P
10/03/2019;0,0;P
11/03/2019;0,4;P
12/03/2019;0,0;P
13/03/2019;0,8;P
14/03/2019;3,2;P
15/03/2019;0,0;P
16/03/2019;0,0;P
17/03/2019;0,0;P
18/03/2019;1,6;P
19/03/2019;0,0;P
20/03/2019;0,0;P
21/03/2019;0,0;P
22/03/2019;0,0;P
23/03/2019;0,0;P
24/03/2019;0,0;P
25/03/2019;0,0;P
26/03/2019;0,0;P
27/03/2019;0,0;P
28/03/2019;0,0;P
29/03/2019;0,0;P
30/03/2019;0,0;P
31/03/2019;0,0;P
01/04/2019;0,0;P
02/04/2019;0,0;P
03/04/2019;2,0;P
04/04/2019;8,2;P
05/04/2019;21,2;P
06/04/2019;0,0;P
07/04/2019;0,4;P
08/04/2019;0,4;P
09/04/2019;0,0;P
10/04/2019;0,0;P
11/04/2019;0,0;P
12/04/2019;13,0;P
13/04/2019;1,6;P
14/04/2019;4,0;P
15/04/2019;25,8;P
16/04/2019;0,0;P
17/04/2019;0,0;P
18/04/2019;0,0;P
19/04/2019;0,0;P
20/04/2019;0,0;P
21/04/2019;0,0;P
22/04/2019;0,0;P
23/04/2019;18,4;P
24/04/2019;8,8;P
25/04/2019;0,6;P
26/04/2019;0,0;P
27/04/2019;1,4;P
28/04/2019;0,0;P
29/04/2019;13,8;P
30/04/2019;0,0;P
01/05/2019;0,0;P
02/05/2019;0,0;P
03/05/2019;0,2;P
04/05/2019;2,2;P
05/05/2019;11,2;P
06/05/2019;8,0;P
07/05/2019;0,0;P
08/05/2019;0,0;P
09/05/2019;13,2;P
10/05/2019;0,4;P
11/05/2019;0,0;P
12/05/2019;13,2;P
13/05/2019;0,0;P
14/05/2019;0,0;P
15/05/2019;0,0;P
16/05/2019;0,0;P
17/05/2019;0,0;P
18/05/2019;0,8;P
19/05/2019;7,6;P
20/05/2019;9,2;P
21/05/2019;7,8;P
22/05/2019;0,2;P
23/05/2019;0,0;P
24/05/2019;0,0;P
25/05/2019;0,0;P
26/05/2019;2,4;P
27/05/2019;4,4;P
28/05/2019;1,2;P
29/05/2019;24,6;P
30/05/2019;0,0;P
31/05/2019;0,0;P
01/06/2019;0,0;P
02/06/2019;0,0;P
03/06/2019;0,0;P
04/06/2019;0,0;P
05/06/2019;0,0;P
06/06/2019;0,0;P
07/06/2019;0,0;P
08/06/2019;0,0;P
09/06/2019;0,0;P
10/06/2019;0,0;P
11/06/2019;0,0;P
12/06/2019;0,0;P
13/06/2019;0,0;P
14/06/2019;0,0;P
15/06/2019;0,0;P
16/06/2019;0,0;P
17/06/2019;0,0;P
18/06/2019;0,8;P
19/06/2019;0,0;P
20/06/2019;0,0;P
21/06/2019;0,0;P
22/06/2019;2,6;P
23/06/2019;0,0;P
24/06/2019;0,0;P
25/06/2019;0,0;P
26/06/2019;0,0;P
27/06/2019;0,0;P
28/06/2019;0,0;P
29/06/2019;0,0;P
30/06/2019;0,0;P
01/07/2019;0,0;P
02/07/2019;0,0;P
03/07/2019;0,0;P
04/07/2019;0,0;P
05/07/2019;0,0;P
06/07/2019;0,0;P
07/07/2019;0,0;P
08/07/2019;13,4;P
09/07/2019;0,0;P
10/07/2019;0,0;P
11/07/2019;0,0;P
12/07/2019;0,0;P
13/07/2019;0,0;P
14/07/2019;6,0;P
15/07/2019;7,0;P
16/07/2019;2,8;P
17/07/2019;0,0;P
18/07/2019;0,0;P
19/07/2019;0,0;P
20/07/2019;0,0;P
21/07/2019;0,0;P
22/07/2019;0,0;P
23/07/2019;0,0;P
24/07/2019;0,0;P
25/07/2019;0,0;P
26/07/2019;0,0;P
27/07/2019;0,0;P
28/07/2019;34,0;P
29/07/2019;0,2;P
30/07/2019;0,0;P
31/07/2019;0,0;P
01/08/2019;0,0;P
02/08/2019;0,2;P
03/08/2019;0,0;P
04/08/2019;0,0;P
05/08/2019;0,0;P
06/08/2019;0,0;P
07/08/2019;0,0;P
08/08/2019;0,0;P
09/08/2019;0,0;P
10/08/2019;0,0;P
11/08/2019;0,0;P
12/08/2019;0,0;P
13/08/2019;0,0;P
14/08/2019;0,0;P
15/08/2019;0,0;P
16/08/2019;0,0;P
17/08/2019;0,0;P
18/08/2019;0,0;P
19/08/2019;0,0;P
20/08/2019;0,0;P
21/08/2019;0,0;P
22/08/2019;0,0;P
23/08/2019;0,0;P
24/08/2019;0,0;P
25/08/2019;0,0;P
26/08/2019;0,0;P
27/08/2019;0,0;P
28/08/2019;0,0;P
29/08/2019;0,0;P
30/08/2019;0,0;P
31/08/2019;22,6;P
01/09/2019;0,0;P
02/09/2019;2,6;P
03/09/2019;19,2;P
04/09/2019;0,0;P
05/09/2019;0,0;P
06/09/2019;9,0;P
07/09/2019;1,0;P
08/09/2019;6,0;P
09/09/2019;0,4;P
10/09/2019;0,0;P
11/09/2019;0,0;P
12/09/2019;0,0;P
13/09/2019;0,0;P
14/09/2019;0,0;P
15/09/2019;0,0;P
16/09/2019;0,0;P
17/09/2019;0,0;P
18/09/2019;0,0;P
19/09/2019;0,0;P
20/09/2019;0,0;P
21/09/2019;0,0;P
22/09/2019;7,6;P
23/09/2019;8,2;P
24/09/2019;36,8;P
25/09/2019;4,8;P
26/09/2019;0,0;P
27/09/2019;0,0;P
28/09/2019;0,0;P
29/09/2019;0,0;P
30/09/2019;0,0;P
01/10/2019;0,2;P
02/10/2019;0,8;P
03/10/2019;0,0;P
04/10/2019;0,0;P
05/10/2019;0,2;P
06/10/2019;0,2;P
07/10/2019;2,4;P
08/10/2019;0,0;P
09/10/2019;0,0;P
10/10/2019;0,8;P
11/10/2019;0,0;P
12/10/2019;0,0;P
13/10/2019;0,0;P
14/10/2019;0,0;P
15/10/2019;0,0;P
16/10/2019;9,6;P
17/10/2019;0,0;P
18/10/2019;0,0;P
19/10/2019;1,0;P
20/10/2019;0,0;P
21/10/2019;0,0;P
22/10/2019;0,0;P
23/10/2019;0,2;P
24/10/2019;0,2;P
25/10/2019;16,4;P
26/10/2019;0,0;P
27/10/2019;0,2;P
28/10/2019;0,2;P
29/10/2019;0,0;P
30/10/2019;21,2;P
31/10/2019;10,6;P
01/11/2019;2,8;P
02/11/2019;0,0;P
03/11/2019;62,4;P
04/11/2019;6,8;P
05/11/2019;1,6;P
06/11/2019;15,2;P
07/11/2019;11,4;P
08/11/2019;25,6;P
09/11/2019;40,6;P
10/11/2019;0,0;P
11/11/2019;5,4;P
12/11/2019;1,0;P
13/11/2019;20,0;P
14/11/2019;3,2;P
15/11/2019;12,2;P
16/11/2019;32,2;P
17/11/2019;42,6;P
18/11/2019;1,2;P
19/11/2019;16,8;P
20/11/2019;4,2;P
21/11/2019;4,4;P
22/11/2019;0,0;P
23/11/2019;1,6;P
24/11/2019;20,0;P
25/11/2019;0,6;P
26/11/2019;0,2;P
27/11/2019;0,2;P
28/11/2019;11,6;P
29/11/2019;6,2;P
30/11/2019;2,2;P
01/12/2019;0,0;P
02/12/2019;1,2;P
03/12/2019;39,6;P
04/12/2019;0,0;P
05/12/2019;0,0;P
06/12/2019;0,0;P
07/12/2019;3,4;P
08/12/2019;1,8;P
09/12/2019;8,0;P
10/12/2019;2,4;P
11/12/2019;0,2;P
12/12/2019;7,0;P
13/12/2019;7,0;P
14/12/2019;36,0;P
15/12/2019;1,0;P
16/12/2019;0,2;P
17/12/2019;0,0;P
18/12/2019;0,0;P
19/12/2019;0,0;P
20/12/2019;0,0;P
21/12/2019;22,4;P
22/12/2019;36,2;P
23/12/2019;0,0;P
24/12/2019;1,0;P
25/12/2019;0,4;P
26/12/2019;0,0;P
27/12/2019;0,0;P
28/12/2019;0,6;P
29/12/2019;0,2;P
30/12/2019;0,2;P
31/12/2019;0,4;P
01/01/2020;0,2;P
02/01/2020;2,2;P
03/01/2020;0,8;P
04/01/2020;0,4;P
05/01/2020;0,2;P
06/01/2020;0,0;P
07/01/2020;3,0;P
08/01/2020;0,8;P
09/01/2020;0,2;P
10/01/2020;0,2;P
11/01/2020;0,0;P
12/01/2020;0,0;P
13/01/2020;0,6;P
14/01/2020;0,0;P
15/01/2020;0,8;P
16/01/2020;0,0;P
17/01/2020;0,0;P
18/01/2020;15,0;P
19/01/2020;2,8;P
20/01/2020;0,0;P
21/01/2020;0,0;P
22/01/2020;2,8;P
23/01/2020;0,8;P
24/01/2020;0,0;P
25/01/2020;17,6;P
26/01/2020;2,8;P
27/01/2020;1,0;P
28/01/2020;8,4;P
29/01/2020;1,4;P
30/01/2020;0,0;P
31/01/2020;1,4;P
01/02/2020;6,6;P
02/02/2020;9,4;P
03/02/2020;0,6;P
04/02/2020;0,0;P
05/02/2020;0,4;P
06/02/2020;1,2;P
07/02/2020;68,0;P
08/02/2020;0,0;P
09/02/2020;0,2;P
10/02/2020;1,6;P
11/02/2020;3,8;P
12/02/2020;0,0;P
13/02/2020;0,2;P
14/02/2020;12,0;P
15/02/2020;0,0;P
16/02/2020;0,0;P
17/02/2020;0,0;P
18/02/2020;3,0;P
19/02/2020;0,0;P
20/02/2020;0,2;P
21/02/2020;0,0;P
22/02/2020;0,0;P
23/02/2020;0,0;P
24/02/2020;0,0;P
25/02/2020;0,0;P
26/02/2020;1,6;P
27/02/2020;0,2;P
28/02/2020;25,4;P
29/02/2020;0,0;P
01/03/2020;0,2;P
02/03/2020;17,8;P
03/03/2020;20,8;P
04/03/2020;9,0;P
05/03/2020;0,0;P
06/03/2020;24,0;P
07/03/2020;0,0;P
08/03/2020;0,0;P
09/03/2020;0,0;P
10/03/2020;2,0;P
11/03/2020;0,0;P
12/03/2020;1,0;P
13/03/2020;1,0;P
14/03/2020;0,0;P
15/03/2020;0,2;P
16/03/2020;0,0;P
17/03/2020;0,0;P
18/03/2020;0,0;P
19/03/2020;0,0;P
20/03/2020;0,0;P
21/03/2020;0,0;P
22/03/2020;0,0;P
23/03/2020;0,0;P
24/03/2020;0,0;P
25/03/2020;0,0;P
26/03/2020;0,0;P
27/03/2020;0,0;P
28/03/2020;0,0;P
29/03/2020;0,0;P
30/03/2020;0,0;P
31/03/2020;4,0;P
01/04/2020;0,0;P
02/04/2020;0,0;P
03/04/2020;0,0;P
04/04/2020;0,0;P
05/04/2020;0,0;P
06/04/2020;0,0;P
07/04/2020;0,0;P
08/04/2020;0,0;P
09/04/2020;0,0;P
10/04/2020;0,0;P
11/04/2020;0,0;P
12/04/2020;0,0;P
13/04/2020;0,0;P
14/04/2020;1,8;P
15/04/2020;0,0;P
16/04/2020;0,0;P
17/04/2020;0,0;P
18/04/2020;0,0;P
19/04/2020;0,0;P
20/04/2020;13,0;P
21/04/2020;9,6;P
22/04/2020;0,2;P
23/04/2020;0,0;P
24/04/2020;0,0;P
25/04/2020;0,0;P
26/04/2020;0,0;P
27/04/2020;0,0;P
28/04/2020;3,2;P
29/04/2020;29,8;P
30/04/2020;0,0;P
01/05/2020;7,6;P
02/05/2020;1,6;P
03/05/2020;0,0;P
04/05/2020;0,0;P
05/05/2020;0,0;P
06/05/2020;0,0;P
07/05/2020;0,0;P
08/05/2020;0,0;P
09/05/2020;0,0;P
10/05/2020;0,0;P
11/05/2020;7,4;P
12/05/2020;12,4;P
13/05/2020;0,0;P
14/05/2020;0,2;P
15/05/2020;1,2;P
16/05/2020;0,0;P
17/05/2020;0,0;P
18/05/2020;0,0;P
19/05/2020;4,6;P
20/05/2020;29,6;P
21/05/2020;0,0;P
22/05/2020;0,0;P
23/05/2020;0,0;P
24/05/2020;2,8;P
25/05/2020;0,0;P
26/05/2020;0,0;P
27/05/2020;0,0;P
28/05/2020;0,0;P
29/05/2020;3,2;P
30/05/2020;0,0;P
31/05/2020;0,0;P
01/06/2020;0,0;P
02/06/2020;0,0;P
03/06/2020;0,0;P
04/06/2020;1,4;P
05/06/2020;2,6;P
06/06/2020;0,2;P
07/06/2020;0,0;P
08/06/2020;0,0;P
09/06/2020;5,2;P
10/06/2020;3,8;P
11/06/2020;0,8;P
12/06/2020;0,0;P
13/06/2020;0,0;P
14/06/2020;22,4;P
15/06/2020;0,2;P
16/06/2020;0,0;P
17/06/2020;0,0;P
18/06/2020;4,6;P
19/06/2020;0,0;P
20/06/2020;0,0;P
21/06/2020;0,0;P
22/06/2020;0,0;P
23/06/2020;0,0;P
24/06/2020;0,0;P
25/06/2020;0,0;P
26/06/2020;0,0;P
27/06/2020;0,0;P
28/06/2020;0,0;P
29/06/2020;0,0;P
30/06/2020;0,0;P
01/07/2020;0,0;P
02/07/2020;0,0;P
03/07/2020;0,0;P
04/07/2020;4,8;P
05/07/2020;0,0;P
06/07/2020;0,0;P
07/07/2020;0,0;P
08/07/2020;0,0;P
09/07/2020;0,0;P
10/07/2020;0,0;P
11/07/2020;0,0;P
12/07/2020;0,0;P
13/07/2020;0,0;P
14/07/2020;0,0;P
15/07/2020;0,0;P
16/07/2020;0,0;P
17/07/2020;0,0;P
18/07/2020;0,6;P
19/07/2020;0,0;P
20/07/2020;0,0;P
21/07/2020;0,0;P
22/07/2020;0,0;P
23/07/2020;0,0;P
24/07/2020;0,0;P
25/07/2020;10,6;P
26/07/2020;0,0;P
27/07/2020;0,0;P
28/07/2020;0,0;P
29/07/2020;0,0;P
30/07/2020;0,0;P
31/07/2020;0,0;P
01/08/2020;0,0;P
02/08/2020;0,0;P
03/08/2020;0,0;P
04/08/2020;6,0;P
05/08/2020;0,0;P
06/08/2020;0,0;P
07/08/2020;0,0;P
08/08/2020;0,0;P
09/08/2020;0,0;P
10/08/2020;0,0;P
11/08/2020;0,0;P
12/08/2020;0,0;P
13/08/2020;0,0;P
14/08/2020;0,0;P
15/08/2020;0,0;P
16/08/2020;0,0;P
17/08/2020;0,0;P
18/08/2020;0,0;P
19/08/2020;2,8;P
20/08/2020;0,0;P
21/08/2020;0,0;P
22/08/2020;0,0;P
23/08/2020;0,0;P
24/08/2020;0,0;P
25/08/2020;0,0;P
26/08/2020;0,0;P
27/08/2020;0,0;P
28/08/2020;0,0;P
29/08/2020;0,0;P
30/08/2020;98,8;P
31/08/2020;3,0;P
01/09/2020;9,4;P
02/09/2020;0,0;P
03/09/2020;0,0;P
04/09/2020;0,0;P
05/09/2020;0,0;P
06/09/2020;0,0;P
07/09/2020;0,0;P
08/09/2020;0,0;P
09/09/2020;0,0;P
10/09/2020;0,0;P
11/09/2020;0,0;P
12/09/2020;0,0;P
13/09/2020;0,0;P
14/09/2020;0,0;P
15/09/2020;0,0;P
16/09/2020;0,0;P
17/09/2020;0,0;P
18/09/2020;0,0;P
19/09/2020;0,0;P
20/09/2020;1,6;P
21/09/2020;2,6;P
22/09/2020;0,0;P
23/09/2020;11,8;P
24/09/2020;10,6;P
25/09/2020;17,8;P
26/09/2020;4,2;P
27/09/2020;2,2;P
28/09/2020;0,0;P
29/09/2020;0,2;P
30/09/2020;0,0;P
01/10/2020;0,0;P
02/10/2020;2,8;P
03/10/2020;0,6;P
04/10/2020;9,4;P
05/10/2020;36,0;P
06/10/2020;0,4;P
07/10/2020;21,6;P
08/10/2020;0,0;P
09/10/2020;0,2;P
10/10/2020;0,0;P
11/10/2020;2,6;P
12/10/2020;30,4;P
13/10/2020;0,0;P
14/10/2020;13,6;P
15/10/2020;38,0;P
16/10/2020;18,0;P
17/10/2020;0,2;P
18/10/2020;0,2;P
19/10/2020;0,2;P
20/10/2020;0,0;P
21/10/2020;0,2;P
22/10/2020;0,0;P
23/10/2020;0,0;P
24/10/2020;0,4;P
25/10/2020;5,0;P
26/10/2020;0,2;P
27/10/2020;30,6;P
28/10/2020;0,4;P
29/10/2020;1,4;P
30/10/2020;0,4;P
31/10/2020;0,0;P
01/11/2020;0,0;P
02/11/2020;0,0;P
03/11/2020;1,0;P
04/11/2020;1,8;P
05/11/2020;0,0;P
06/11/2020;0,0;P
07/11/2020;0,0;P
08/11/2020;0,0;P
09/11/2020;0,2;P
10/11/2020;0,2;P
11/11/2020;0,2;P
12/11/2020;1,6;P
13/11/2020;4,6;P
14/11/2020;0,2;P
15/11/2020;0,0;P
16/11/2020;7,6;P
17/11/2020;20,2;P
18/11/2020;0,0;P
19/11/2020;0,0;P
20/11/2020;4,0;P
21/11/2020;0,4;P
22/11/2020;0,0;P
23/11/2020;0,0;P
24/11/2020;0,0;P
25/11/2020;0,0;P
26/11/2020;0,0;P
27/11/2020;0,0;P
28/11/2020;0,2;P
29/11/2020;0,0;P
30/11/2020;0,0;P
01/12/2020;0,0;P
02/12/2020;8,6;P
03/12/2020;0,4;P
04/12/2020;0,0;P
05/12/2020;12,2;P
06/12/2020;17,0;P
07/12/2020;13,6;P
08/12/2020;1,0;P
09/12/2020;0,0;P
10/12/2020;0,0;P
11/12/2020;0,0;P
12/12/2020;1,2;P
13/12/2020;6,8;P
14/12/2020;0,0;P
15/12/2020;0,2;P
16/12/2020;0,6;P
17/12/2020;0,4;P
18/12/2020;0,0;P
19/12/2020;0,4;P
20/12/2020;0,0;P
21/12/2020;0,0;P
22/12/2020;1,4;P
23/12/2020;5,0;P
24/12/2020;3,4;P
25/12/2020;1,4;P
26/12/2020;1,8;P
27/12/2020;0,0;P
28/12/2020;4,4;P
29/12/2020;19,0;P
30/12/2020;7,4;P
31/12/2020;8,4;P
01/01/2021;24,6;P
02/01/2021;10,2;P
03/01/2021;4,4;P
04/01/2021;0,8;P
05/01/2021;5,8;P
06/01/2021;21,0;P
07/01/2021;9,2;P
08/01/2021;0,0;P
09/01/2021;0,0;P
10/01/2021;0,0;P
11/01/2021;0,2;P
12/01/2021;0,0;P
13/01/2021;0,0;P
14/01/2021;0,0;P
15/01/2021;0,0;P
16/01/2021;0,0;P
17/01/2021;0,0;P
18/01/2021;0,0;P
19/01/2021;0,2;P
20/01/2021;1,6;P
21/01/2021;0,0;P
22/01/2021;3,2;P
23/01/2021;25,2;P
24/01/2021;27,0;P
25/01/2021;16,8;P
26/01/2021;0,8;P
27/01/2021;0,0;P
28/01/2021;0,2;P
29/01/2021;4,2;P
30/01/2021;4,0;P
31/01/2021;32,2;P
01/02/2021;0,0;P
02/02/2021;0,0;P
03/02/2021;0,0;P
04/02/2021;0,0;P
05/02/2021;0,2;P
06/02/2021;0,0;P
07/02/2021;1,0;P
08/02/2021;4,6;P
09/02/2021;36,2;P
10/02/2021;11,8;P
11/02/2021;1,0;P
12/02/2021;2,2;P
13/02/2021;2,2;P
14/02/2021;0,0;P
15/02/2021;0,0;P
16/02/2021;0,0;P
17/02/2021;2,8;P
18/02/2021;0,2;P
19/02/2021;0,0;P
20/02/2021;0,0;P
21/02/2021;0,2;P
22/02/2021;0,0;P
23/02/2021;0,0;P
24/02/2021;0,2;P
25/02/2021;0,4;P
26/02/2021;0,2;P
27/02/2021;0,0;P
28/02/2021;0,0;P
01/03/2021;0,0;P
02/03/2021;0,0;P
03/03/2021;0,0;P
04/03/2021;0,0;P
05/03/2021;0,0;P
06/03/2021;0,0;P
07/03/2021;0,0;P
08/03/2021;0,0;P
09/03/2021;0,0;P
10/03/2021;0,0;P
11/03/2021;0,0;P
12/03/2021;0,0;P
13/03/2021;0,0;P
14/03/2021;0,2;P
15/03/2021;1,0;P
16/03/2021;0,0;P
17/03/2021;0,0;P
18/03/2021;0,0;P
19/03/2021;0,0;P
20/03/2021;0,0;P
21/03/2021;0,0;P
22/03/2021;0,0;P
23/03/2021;0,0;P
24/03/2021;0,0;P
25/03/2021;0,0;P
26/03/2021;0,0;P
27/03/2021;0,0;P
28/03/2021;0,0;P
29/03/2021;0,2;P
30/03/2021;0,0;P
31/03/2021;0,0;P
01/04/2021;0,0;P
02/04/2021;0,0;P
03/04/2021;0,0;P
04/04/2021;0,0;P
05/04/2021;0,0;P
06/04/2021;0,0;P
07/04/2021;1,0;P
08/04/2021;0,0;P
09/04/2021;0,0;P
10/04/2021;0,0;P
11/04/2021;16,2;P
12/04/2021;13,2;P
13/04/2021;10,6;P
14/04/2021;0,0;P
15/04/2021;0,0;P
16/04/2021;1,2;P
17/04/2021;0,0;P
18/04/2021;0,0;P
19/04/2021;0,0;P
20/04/2021;0,2;P
21/04/2021;0,6;P
22/04/2021;0,0;P
23/04/2021;0,0;P
24/04/2021;0,0;P
25/04/2021;0,0;P
26/04/2021;0,0;P
27/04/2021;10,4;P
28/04/2021;5,2;P
29/04/2021;0,8;P
30/04/2021;6,8;P
01/05/2021;1,0;P
02/05/2021;8,0;P
03/05/2021;0,0;P
04/05/2021;0,0;P
05/05/2021;0,0;P
06/05/2021;0,0;P
07/05/2021;0,0;P
08/05/2021;0,0;P
09/05/2021;0,0;P
10/05/2021;0,0;P
11/05/2021;3,4;P
12/05/2021;19,8;P
13/05/2021;1,6;P
14/05/2021;0,0;P
15/05/2021;1,6;P
16/05/2021;3,0;P
17/05/2021;3,8;P
18/05/2021;0,2;P
19/05/2021;0,0;P
20/05/2021;10,0;P
21/05/2021;0,0;P
22/05/2021;0,6;P
23/05/2021;0,0;P
24/05/2021;9,0;P
25/05/2021;7,0;P
26/05/2021;0,0;P
27/05/2021;0,0;P
28/05/2021;0,0;P
29/05/2021;0,0;P
30/05/2021;1,2;P
31/05/2021;0,0;P
01/06/2021;0,0;P
02/06/2021;0,0;P
03/06/2021;0,0;P
04/06/2021;0,0;P
05/06/2021;0,0;P
06/06/2021;0,0;P
07/06/2021;0,0;P
08/06/2021;0,0;P
09/06/2021;4,4;P
10/06/2021;0,0;P
11/06/2021;1,6;P
12/06/2021;0,0;P
13/06/2021;0,0;P
14/06/2021;0,0;P
15/06/2021;0,0;P
16/06/2021;0,0;P
17/06/2021;0,0;P
18/06/2021;0,0;P
19/06/2021;0,0;P
20/06/2021;0,0;P
21/06/2021;0,0;P
22/06/2021;0,0;P
23/06/2021;0,0;P
24/06/2021;0,0;P
25/06/2021;0,0;P
26/06/2021;0,0;P
27/06/2021;0,0;P
28/06/2021;0,0;P
29/06/2021;0,0;P
30/06/2021;0,0;P
01/07/2021;0,0;P
02/07/2021;0,0;P
03/07/2021;0,0;P
04/07/2021;0,0;P
05/07/2021;0,0;P
06/07/2021;0,0;P
07/07/2021;0,0;P
08/07/2021;0,0;P
09/07/2021;0,0;P
10/07/2021;0,0;P
11/07/2021;0,0;P
12/07/2021;0,0;P
13/07/2021;0,0;P
14/07/2021;14,2;P
15/07/2021;0,0;P
16/07/2021;0,0;P
17/07/2021;3,4;P
18/07/2021;0,0;P
19/07/2021;0,0;P
20/07/2021;0,0;P
21/07/2021;0,0;P
22/07/2021;0,0;P
23/07/2021;0,0;P
24/07/2021;0,0;P
25/07/2021;0,0;P
26/07/2021;0,6;P
27/07/2021;0,2;P
28/07/2021;0,0;P
29/07/2021;0,0;P
30/07/2021;0,0;P
31/07/2021;0,0;P
01/08/2021;4,2;P
02/08/2021;0,0;P
03/08/2021;0,0;P
04/08/2021;0,0;P
05/08/2021;0,6;P
06/08/2021;0,0;P
07/08/2021;0,0;P
08/08/2021;0,0;P
09/08/2021;0,0;P
10/08/2021;0,0;P
11/08/2021;0,0;P
12/08/2021;0,0;P
13/08/2021;0,0;P
14/08/2021;0,0;P
15/08/2021;0,0;P
16/08/2021;0,0;P
17/08/2021;0,0;P
18/08/2021;0,0;P
19/08/2021;0,0;P
20/08/2021;0,0;P
21/08/2021;0,0;P
22/08/2021;0,0;P
23/08/2021;0,0;P
24/08/2021;0,0;P
25/08/2021;0,0;P
26/08/2021;0,0;P
27/08/2021;0,0;P
28/08/2021;7,4;P
29/08/2021;0,2;P
30/08/2021;0,0;P
31/08/2021;0,0;P
01/09/2021;0,0;P
02/09/2021;0,0;P
03/09/2021;0,0;P
04/09/2021;0,2;P
05/09/2021;3,4;P
06/09/2021;0,0;P
07/09/2021;0,0;P
08/09/2021;0,0;P
09/09/2021;0,0;P
10/09/2021;0,0;P
11/09/2021;0,0;P
12/09/2021;0,0;P
13/09/2021;0,0;P
14/09/2021;0,0;P
15/09/2021;0,0;P
16/09/2021;0,0;P
17/09/2021;7,8;P
18/09/2021;0,4;P
19/09/2021;9,6;P
20/09/2021;11,0;P
21/09/2021;4,6;P
22/09/2021;0,0;P
23/09/2021;0,0;P
24/09/2021;0,0;P
25/09/2021;0,0;P
26/09/2021;0,0;P
27/09/2021;11,0;P
28/09/2021;0,0;P
29/09/2021;0,0;P
30/09/2021;0,0;P
01/10/2021;0,0;P
02/10/2021;0,0;P
03/10/2021;0,0;P
04/10/2021;1,2;P
05/10/2021;27,4;P
06/10/2021;18,4;P
07/10/2021;0,0;P
08/10/2021;0,0;P
09/10/2021;0,0;P
10/10/2021;0,0;P
11/10/2021;0,0;P
12/10/2021;0,0;P
13/10/2021;0,0;P
14/10/2021;0,0;P
15/10/2021;0,0;P
16/10/2021;0,0;P
17/10/2021;0,0;P
18/10/2021;0,0;P
19/10/2021;0,0;P
20/10/2021;0,0;P
21/10/2021;0,2;P
22/10/2021;0,0;P
23/10/2021;0,0;P
24/10/2021;0,0;P
25/10/2021;0,0;P
26/10/2021;0,0;P
27/10/2021;0,0;P
28/10/2021;0,0;P
29/10/2021;0,0;P
30/10/2021;0,0;P
31/10/2021;0,0;P
01/11/2021;1,8;P
02/11/2021;11,8;P
03/11/2021;0,2;P
04/11/2021;6,2;P
05/11/2021;0,0;P
06/11/2021;0,0;P
07/11/2021;0,6;P
08/11/2021;1,4;P
09/11/2021;0,0;P
10/11/2021;0,2;P
11/11/2021;0,4;P
12/11/2021;0,0;P
13/11/2021;0,0;P
14/11/2021;36,8;P
15/11/2021;3,4;P
16/11/2021;0,6;P
17/11/2021;9,8;P
18/11/2021;0,2;P
19/11/2021;0,0;P
20/11/2021;0,2;P
21/11/2021;0,0;P
22/11/2021;3,4;P
23/11/2021;0,0;P
24/11/2021;0,0;P
25/11/2021;0,8;P
26/11/2021;6,6;P
27/11/2021;3,2;P
28/11/2021;4,4;P
29/11/2021;5,8;P
30/11/2021;0,0;P
01/12/2021;0,0;P
02/12/2021;0,0;P
03/12/2021;0,0;P
04/12/2021;0,0;P
05/12/2021;38,6;P
06/12/2021;2,4;P
07/12/2021;0,0;P
08/12/2021;0,0;P
09/12/2021;0,0;P
10/12/2021;0,0;P
11/12/2021;2,4;P
12/12/2021;0,0;P
13/12/2021;0,0;P
14/12/2021;0,0;P
15/12/2021;0,2;P
16/12/2021;0,0;P
17/12/2021;0,0;P
18/12/2021;0,0;P
19/12/2021;0,2;P
20/12/2021;0,0;P
21/12/2021;0,0;P
22/12/2021;0,0;P
23/12/2021;0,0;P
24/12/2021;9,2;P
25/12/2021;22,2;P
26/12/2021;46,4;P
27/12/2021;17,0;P
28/12/2021;8,6;P
29/12/2021;3,0;P
30/12/2021;0,0;P
31/12/2021;0,0;P
01/01/2022;0,4;P
02/01/2022;0,0;P
03/01/2022;0,6;P
04/01/2022;0,2;P
05/01/2022;1,2;P
06/01/2022;25,0;P
07/01/2022;0,0;P
08/01/2022;0,0;P
09/01/2022;4,6;P
10/01/2022;1,4;P
11/01/2022;0,0;P
12/01/2022;0,0;P
13/01/2022;0,0;P
14/01/2022;0,0;P
15/01/2022;0,0;P
16/01/2022;0,0;P
17/01/2022;0,0;P
18/01/2022;0,0;P
19/01/2022;0,0;P
20/01/2022;5,4;P
21/01/2022;0,0;P
22/01/2022;0,0;P
23/01/2022;0,0;P
24/01/2022;0,0;P
25/01/2022;0,0;P
26/01/2022;0,2;P
27/01/2022;0,0;P
28/01/2022;0,0;P
29/01/2022;0,0;P
30/01/2022;0,0;P
31/01/2022;0,0;P
01/02/2022;0,0;P
02/02/2022;0,2;P
03/02/2022;0,2;P
04/02/2022;0,0;P
05/02/2022;1,2;P
06/02/2022;0,2;P
07/02/2022;0,0;P
08/02/2022;0,0;P
09/02/2022;0,0;P
10/02/2022;0,0;P
11/02/2022;0,2;P
12/02/2022;0,0;P
13/02/2022;0,0;P
14/02/2022;2,8;P
15/02/2022;26,0;P
16/02/2022;4,0;P
17/02/2022;0,2;P
18/02/2022;0,0;P
19/02/2022;0,0;P
20/02/2022;0,0;P
21/02/2022;0,0;P
22/02/2022;1,6;P
23/02/2022;0,0;P
24/02/2022;0,0;P
25/02/2022;0,8;P
26/02/2022;6,4;P
27/02/2022;0,0;P
28/02/2022;0,0;P
01/03/2022;0,0;P
02/03/2022;0,0;P
03/03/2022;0,0;P
04/03/2022;0,0;P
05/03/2022;0,0;P
06/03/2022;0,0;P
07/03/2022;0,0;P
08/03/2022;0,0;P
09/03/2022;0,0;P
10/03/2022;0,0;P
11/03/2022;0,0;P
12/03/2022;0,0;P
13/03/2022;0,0;P
14/03/2022;0,0;P
15/03/2022;0,0;P
16/03/2022;0,0;P
17/03/2022;0,0;P
18/03/2022;0,0;P
19/03/2022;0,0;P
20/03/2022;0,0;P
21/03/2022;0,0;P
22/03/2022;0,0;P
23/03/2022;0,0;P
24/03/2022;0,0;P
25/03/2022;0,0;P
26/03/2022;0,0;P
27/03/2022;0,0;P
28/03/2022;0,0;P
29/03/2022;0,0;P
30/03/2022;3,2;P
31/03/2022;59,4;P
01/04/2022;9,2;P
02/04/2022;8,2;P
03/04/2022;4,2;P
04/04/2022;0,0;P
05/04/2022;0,0;P
06/04/2022;0,0;P
07/04/2022;0,4;P
08/04/2022;0,0;P
09/04/2022;0,0;P
10/04/2022;1,4;P
11/04/2022;0,0;P
12/04/2022;0,0;P
13/04/2022;0,0;P
14/04/2022;0,0;P
15/04/2022;0,0;P
16/04/2022;0,0;P
17/04/2022;0,0;P
18/04/2022;0,0;P
19/04/2022;0,0;P
20/04/2022;0,0;P
21/04/2022;4,6;P
22/04/2022;19,6;P
23/04/2022;0,6;P
24/04/2022;16,4;P
25/04/2022;13,2;P
26/04/2022;0,0;P
27/04/2022;0,0;P
28/04/2022;0,0;P
29/04/2022;0,0;P
30/04/2022;0,0;P
01/05/2022;0,2;P
02/05/2022;0,0;P
03/05/2022;0,0;P
04/05/2022;0,0;P
05/05/2022;0,0;P
06/05/2022;15,4;P
07/05/2022;4,0;P
08/05/2022;0,0;P
09/05/2022;0,0;P
10/05/2022;0,0;P
11/05/2022;0,0;P
12/05/2022;0,0;P
13/05/2022;0,0;P
14/05/2022;0,0;P
15/05/2022;0,0;P
16/05/2022;0,0;P
17/05/2022;0,0;P
18/05/2022;0,0;P
19/05/2022;0,0;P
20/05/2022;0,0;P
21/05/2022;0,0;P
22/05/2022;0,0;P
23/05/2022;0,0;P
24/05/2022;0,0;P
25/05/2022;0,0;P
26/05/2022;0,0;P
27/05/2022;0,0;P
28/05/2022;0,0;P
29/05/2022;0,0;P
30/05/2022;0,0;P
31/05/2022;0,0;P
01/06/2022;0,0;P
02/06/2022;0,0;P
03/06/2022;0,0;P
04/06/2022;0,0;P
05/06/2022;0,0;P
06/06/2022;0,0;P
07/06/2022;0,0;P
08/06/2022;0,0;P
09/06/2022;1,0;P
10/06/2022;0,0;P
11/06/2022;0,0;P
12/06/2022;0,0;P
13/06/2022;0,0;P
14/06/2022;0,0;P
15/06/2022;0,0;P
16/06/2022;0,0;P
17/06/2022;0,0;P
18/06/2022;10,4;P
19/06/2022;0,0;P
20/06/2022;0,0;P
21/06/2022;0,0;P
22/06/2022;0,0;P
23/06/2022;0,0;P
24/06/2022;0,0;P
25/06/2022;0,2;P
26/06/2022;0,0;P
27/06/2022;0,0;P
28/06/2022;0,0;P
29/06/2022;0,6;P
30/06/2022;0,0;P
01/07/2022;0,0;P
02/07/2022;0,0;P
03/07/2022;0,0;P
04/07/2022;0,0;P
05/07/2022;0,0;P
06/07/2022;0,0;P
07/07/2022;0,0;P
08/07/2022;0,8;P
09/07/2022;0,0;P
10/07/2022;0,0;P
11/07/2022;0,0;P
12/07/2022;0,0;P
13/07/2022;0,0;P
14/07/2022;0,0;P
15/07/2022;0,0;P
16/07/2022;0,0;P
17/07/2022;0,0;P
18/07/2022;0,0;P
19/07/2022;0,0;P
20/07/2022;0,0;P
21/07/2022;0,0;P
22/07/2022;0,0;P
23/07/2022;0,0;P
24/07/2022;0,0;P
25/07/2022;0,0;P
26/07/2022;0,0;P
27/07/2022;0,0;P
28/07/2022;0,0;P
29/07/2022;0,0;P
30/07/2022;0,4;P
31/07/2022;0,0;P
01/08/2022;0,0;P
02/08/2022;0,0;P
03/08/2022;0,0;P
04/08/2022;0,0;P
05/08/2022;0,0;P
06/08/2022;0,0;P
07/08/2022;0,0;P
08/08/2022;0,4;P
09/08/2022;0,0;P
10/08/2022;0,0;P
11/08/2022;0,0;P
12/08/2022;0,0;P
13/08/2022;7,0;P
14/08/2022;0,0;P
15/08/2022;0,0;P
16/08/2022;172,0;P
17/08/2022;0,0;P
18/08/2022;0,0;P
19/08/2022;22,6;P
20/08/2022;6,8;P
21/08/2022;0,0;P
22/08/2022;0,0;P
23/08/2022;0,0;P
24/08/2022;0,0;P
25/08/2022;0,0;P
26/08/2022;0,0;P
27/08/2022;0,0;P
28/08/2022;0,0;P
29/08/2022;0,0;P
30/08/2022;0,0;P
31/08/2022;0,0;P
01/09/2022;5,2;P
02/09/2022;0,0;P
03/09/2022;1,2;P
04/09/2022;9,0;P
05/09/2022;0,0;P
06/09/2022;0,0;P
07/09/2022;0,0;P
08/09/2022;1,0;P
09/09/2022;0,2;P
10/09/2022;0,0;P
11/09/2022;0,0;P
12/09/2022;0,0;P
13/09/2022;0,0;P
14/09/2022;0,0;P
15/09/2022;1,4;P
16/09/2022;0,0;P
17/09/2022;11,6;P
18/09/2022;6,6;P
19/09/2022;0,0;P
20/09/2022;0,0;P
21/09/2022;0,0;P
22/09/2022;0,0;P
23/09/2022;0,0;P
24/09/2022;0,0;P
25/09/2022;17,4;P
26/09/2022;0,0;P
27/09/2022;0,0;P
28/09/2022;0,0;P
29/09/2022;1,8;P
30/09/2022;12,0;P
01/10/2022;0,0;P
02/10/2022;0,0;P
03/10/2022;0,0;P
04/10/2022;0,0;P
05/10/2022;0,0;P
06/10/2022;0,0;P
07/10/2022;0,0;P
08/10/2022;0,0;P
09/10/2022;0,0;P
10/10/2022;0,0;P
11/10/2022;0,0;P
12/10/2022;0,2;P
13/10/2022;0,0;P
14/10/2022;0,0;P
15/10/2022;0,0;P
16/10/2022;0,0;P
17/10/2022;0,0;P
18/10/2022;0,0;P
19/10/2022;0,0;P
20/10/2022;0,0;P
21/10/2022;0,0;P
22/10/2022;0,0;P
23/10/2022;0,0;P
24/10/2022;0,0;P
25/10/2022;0,0;P
26/10/2022;0,0;P
27/10/2022;0,0;P
28/10/2022;0,2;P
29/10/2022;0,0;P
30/10/2022;0,0;P
31/10/2022;0,0;P
01/11/2022;0,0;P
02/11/2022;0,0;P
03/11/2022;9,8;P
04/11/2022;17,0;P
05/11/2022;0,4;P
06/11/2022;0,0;P
07/11/2022;0,0;P
08/11/2022;0,0;P
09/11/2022;0,0;P
10/11/2022;7,2;P
11/11/2022;2,6;P
12/11/2022;0,0;P
13/11/2022;0,0;P
14/11/2022;0,0;P
15/11/2022;0,0;P
16/11/2022;16,2;P
17/11/2022;2,8;P
18/11/2022;7,4;P
19/11/2022;0,2;P
20/11/2022;8,0;P
21/11/2022;0,0;P
22/11/2022;34,6;P
23/11/2022;9,8;P
24/11/2022;0,0;P
25/11/2022;0,0;P
26/11/2022;0,0;P
27/11/2022;0,0;P
28/11/2022;0,0;P
29/11/2022;0,0;P
30/11/2022;0,4;P
01/12/2022;0,0;P
02/12/2022;0,0;P
03/12/2022;2,8;P
04/12/2022;12,2;P
05/12/2022;18,8;P
06/12/2022;6,6;P
07/12/2022;0,0;P
08/12/2022;0,0;P
09/12/2022;0,0;P
10/12/2022;0,0;P
11/12/2022;0,0;P
12/12/2022;0,0;P
13/12/2022;1,0;P
14/12/2022;0,4;P
15/12/2022;0,0;P
16/12/2022;1,0;P
17/12/2022;7,2;P
18/12/2022;0,2;P
19/12/2022;0,0;P
20/12/2022;0,0;P
21/12/2022;0,0;P
22/12/2022;0,0;P
23/12/2022;0,0;P
24/12/2022;0,0;P
25/12/2022;0,0;P
26/12/2022;0,2;P
27/12/2022;0,0;P
28/12/2022;0,0;P
29/12/2022;0,0;P
30/12/2022;0,0;P
31/12/2022;0,0;P
01/01/2023;0,0;P
02/01/2023;0,0;P
03/01/2023;0,0;P
04/01/2023;0,0;P
05/01/2023;0,0;P
06/01/2023;0,0;P
07/01/2023;0,0;P
08/01/2023;0,0;P
09/01/2023;0,0;P
10/01/2023;0,0;P
11/01/2023;0,0;P
12/01/2023;5,4;P
13/01/2023;0,0;P
14/01/2023;0,0;P
15/01/2023;0,6;P
16/01/2023;2,8;P
17/01/2023;16,0;P
18/01/2023;19,6;P
19/01/2023;20,2;P
20/01/2023;1,6;P
21/01/2023;0,2;P
22/01/2023;0,0;P
23/01/2023;0,4;P
24/01/2023;4,6;P
25/01/2023;0,0;P
26/01/2023;0,0;P
27/01/2023;0,0;P
28/01/2023;0,0;P
29/01/2023;0,0;P
30/01/2023;0,0;P
31/01/2023;0,0;P
01/02/2023;0,0;P
02/02/2023;0,0;P
03/02/2023;0,0;P
04/02/2023;0,0;P
05/02/2023;0,0;P
06/02/2023;0,0;P
07/02/2023;0,0;P
08/02/2023;0,0;P
09/02/2023;0,0;P
10/02/2023;0,0;P
11/02/2023;0,0;P
12/02/2023;0,0;P
13/02/2023;0,0;P
14/02/2023;0,0;P
15/02/2023;0,0;P
16/02/2023;0,0;P
17/02/2023;0,0;P
18/02/2023;0,0;P
19/02/2023;0,0;P
20/02/2023;0,0;P
21/02/2023;0,0;P
22/02/2023;0,0;P
23/02/2023;0,0;P
24/02/2023;0,0;P
25/02/2023;0,4;P
26/02/2023;11,0;P
27/02/2023;14,0;P
28/02/2023;0,0;P
01/03/2023;0,8;P
02/03/2023;11,6;P
03/03/2023;0,0;P
04/03/2023;0,0;P
05/03/2023;0,0;P
06/03/2023;5,4;P
07/03/2023;5,6;P
08/03/2023;8,0;P
09/03/2023;1,0;P
10/03/2023;2,6;P
11/03/2023;0,0;P
12/03/2023;0,0;P
13/03/2023;0,0;P
14/03/2023;0,2;P
15/03/2023;4,2;P
16/03/2023;0,0;P
17/03/2023;0,0;P
18/03/2023;0,0;P
19/03/2023;0,2;P
20/03/2023;14,6;P
21/03/2023;0,0;P
22/03/2023;0,0;P
23/03/2023;0,0;P
24/03/2023;0,0;P
25/03/2023;0,0;P
26/03/2023;0,0;P
27/03/2023;4,4;P
28/03/2023;0,0;P
29/03/2023;0,0;P
30/03/2023;0,0;P
31/03/2023;0,0;P
01/04/2023;0,8;P
02/04/2023;0,0;P
03/04/2023;0,0;P
04/04/2023;0,0;P
05/04/2023;0,0;P
06/04/2023;0,0;P
07/04/2023;0,0;P
08/04/2023;28,2;P
09/04/2023;0,0;P
10/04/2023;0,0;P
11/04/2023;0,0;P
12/04/2023;1,0;P
13/04/2023;0,0;P
14/04/2023;0,8;P
15/04/2023;19,0;P
16/04/2023;0,0;P
17/04/2023;0,0;P
18/04/2023;0,0;P
19/04/2023;0,0;P
20/04/2023;0,0;P
21/04/2023;0,0;P
22/04/2023;0,0;P
23/04/2023;0,0;P
24/04/2023;1,8;P
25/04/2023;0,0;P
26/04/2023;7,6;P
27/04/2023;0,0;P
28/04/2023;0,0;P
29/04/2023;0,0;P
30/04/2023;0,2;P
01/05/2023;0,0;P
02/05/2023;4,0;P
03/05/2023;0,4;P
04/05/2023;0,0;P
05/05/2023;0,0;P
06/05/2023;0,0;P
07/05/2023;0,0;P
08/05/2023;0,0;P
09/05/2023;0,0;P
10/05/2023;13,6;P
11/05/2023;27,4;P
12/05/2023;0,2;P
13/05/2023;2,0;P
14/05/2023;4,0;P
15/05/2023;0,2;P
16/05/2023;2,6;P
17/05/2023;2,8;P
18/05/2023;0,0;P
19/05/2023;10,4;P
20/05/2023;1,2;P
21/05/2023;0,0;P
22/05/2023;0,0;P
23/05/2023;22,8;P
24/05/2023;0,0;P
25/05/2023;0,0;P
26/05/2023;0,0;P
27/05/2023;0,0;P
28/05/2023;0,0;P
29/05/2023;0,0;P
30/05/2023;0,0;P
31/05/2023;0,0;P
01/06/2023;0,0;P
02/06/2023;4,0;P
03/06/2023;0,0;P
04/06/2023;0,0;P
05/06/2023;3,8;P
06/06/2023;0,4;P
07/06/2023;11,0;P
08/06/2023;0,0;P
09/06/2023;0,0;P
10/06/2023;3,2;P
11/06/2023;1,2;P
12/06/2023;6,6;P
13/06/2023;0,8;P
14/06/2023;0,4;P
15/06/2023;7,4;P
16/06/2023;0,0;P
17/06/2023;4,0;P
18/06/2023;0,0;P
19/06/2023;0,0;P
20/06/2023;0,0;P
21/06/2023;0,0;P
22/06/2023;0,0;P
23/06/2023;0,0;P
24/06/2023;0,0;P
25/06/2023;0,0;P
26/06/2023;0,0;P
27/06/2023;0,0;P
28/06/2023;0,0;P
29/06/2023;0,0;P
30/06/2023;0,0;P
01/07/2023;4,4;P
02/07/2023;0,0;P
03/07/2023;0,0;P
04/07/2023;0,0;P
05/07/2023;0,0;P
06/07/2023;0,0;P
07/07/2023;0,0;P
08/07/2023;0,0;P
09/07/2023;0,0;P
10/07/2023;0,0;P
11/07/2023;0,0;P
12/07/2023;0,2;P
13/07/2023;0,0;P
14/07/2023;6,6;P
15/07/2023;0,0;P
16/07/2023;0,0;P
17/07/2023;0,0;P
18/07/2023;0,0;P
19/07/2023;0,0;P
20/07/2023;0,0;P
21/07/2023;0,0;P
22/07/2023;0,0;P
23/07/2023;0,0;P
24/07/2023;0,0;P
25/07/2023;0,0;P
26/07/2023;0,0;P
27/07/2023;0,0;P
28/07/2023;0,0;P
29/07/2023;0,0;P
30/07/2023;0,0;P
31/07/2023;0,0;P
01/08/2023;0,0;P
02/08/2023;0,0;P
03/08/2023;0,2;P
04/08/2023;2,2;P
05/08/2023;0,6;P
06/08/2023;0,0;P
07/08/2023;0,0;P
08/08/2023;0,0;P
09/08/2023;0,0;P
10/08/2023;0,0;P
11/08/2023;0,0;P
12/08/2023;0,0;P
13/08/2023;0,0;P
14/08/2023;0,0;P
15/08/2023;0,0;P
16/08/2023;0,0;P
17/08/2023;0,0;P
18/08/2023;0,0;P
19/08/2023;0,0;P
20/08/2023;0,0;P
21/08/2023;0,0;P
22/08/2023;0,0;P
23/08/2023;0,0;P
24/08/2023;0,0;P
25/08/2023;0,0;P
26/08/2023;0,0;P
27/08/2023;0,0;P
28/08/2023;2,4;P
29/08/2023;8,0;P
30/08/2023;15,2;P
31/08/2023;3,2;P
01/09/2023;0,0;P
02/09/2023;0,0;P
03/09/2023;0,0;P
04/09/2023;0,0;P
05/09/2023;0,0;P
06/09/2023;0,0;P
07/09/2023;0,0;P
08/09/2023;0,0;P
09/09/2023;0,0;P
10/09/2023;0,0;P
11/09/2023;0,0;P
12/09/2023;0,0;P
13/09/2023;0,2;P
14/09/2023;0,0;P
15/09/2023;0,0;P
16/09/2023;0,8;P
17/09/2023;2,8;P
18/09/2023;0,0;P
19/09/2023;2,4;P
20/09/2023;0,0;P
21/09/2023;0,8;P
22/09/2023;0,2;P
23/09/2023;2,4;P
24/09/2023;0,0;P
25/09/2023;0,0;P
26/09/2023;0,0;P
27/09/2023;0,0;P
28/09/2023;0,0;P
29/09/2023;0,0;P
30/09/2023;0,0;P
01/10/2023;0,0;P
02/10/2023;0,0;P
03/10/2023;0,0;P
04/10/2023;0,0;P
05/10/2023;0,0;P
06/10/2023;0,0;P
07/10/2023;0,0;P
08/10/2023;0,0;P
09/10/2023;0,2;P
10/10/2023;0,0;P
11/10/2023;0,0;P
12/10/2023;0,0;P
13/10/2023;0,0;P
14/10/2023;0,0;P
15/10/2023;0,0;P
16/10/2023;0,0;P
17/10/2023;0,0;P
18/10/2023;2,6;P
19/10/2023;30,2;P
20/10/2023;2,0;P
21/10/2023;31,6;P
22/10/2023;13,2;P
23/10/2023;0,2;P
24/10/2023;0,0;P
25/10/2023;23,0;P
26/10/2023;3,6;P
27/10/2023;9,6;P
28/10/2023;0,4;P
29/10/2023;0,0;P
30/10/2023;3,2;P
31/10/2023;13,4;P
01/11/2023;0,0;P
02/11/2023;1,6;P
03/11/2023;159,0;P
04/11/2023;1,2;P
05/11/2023;40,6;P
06/11/2023;0,0;P
07/11/2023;2,2;P
08/11/2023;0,0;P
09/11/2023;0,4;P
10/11/2023;11,4;P
11/11/2023;4,8;P
12/11/2023;0,0;P
13/11/2023;0,0;P
14/11/2023;0,0;P
15/11/2023;0,0;P
16/11/2023;0,0;P
17/11/2023;0,0;P
18/11/2023;0,0;P
19/11/2023;0,0;P
20/11/2023;0,0;P
21/11/2023;0,0;P
22/11/2023;0,0;P
23/11/2023;0,0;P
24/11/2023;0,0;P
25/11/2023;0,0;P
26/11/2023;0,2;P
27/11/2023;0,2;P
28/11/2023;8,6;P
29/11/2023;0,0;P
30/11/2023;0,0;P
01/12/2023;0,0;P
02/12/2023;0,0;P
03/12/2023;1,4;P
04/12/2023;0,0;P
05/12/2023;15,0;P
06/12/2023;1,4;P
07/12/2023;0,0;P
08/12/2023;0,0;P
09/12/2023;0,2;P
10/12/2023;8,4;P
11/12/2023;0,2;P
12/12/2023;5,6;P
13/12/2023;0,0;P
14/12/2023;0,6;P
15/12/2023;0,0;P
16/12/2023;0,0;P
17/12/2023;0,0;P
18/12/2023;0,0;P
19/12/2023;0,0;P
20/12/2023;0,0;P
21/12/2023;0,0;P
22/12/2023;0,0;P
23/12/2023;;@
24/12/2023;;@
25/12/2023;;@
26/12/2023;;@
27/12/2023;;@
28/12/2023;;@
29/12/2023;0,2;P
30/12/2023;2,0;P
31/12/2023;1,2;P
01/01/2024;0,0;P
02/01/2024;0,0;P
03/01/2024;0,8;P
04/01/2024;0,0;P
05/01/2024;0,0;P
06/01/2024;10,4;P
07/01/2024;15,8;P
08/01/2024;4,0;P
09/01/2024;0,0;P
10/01/2024;0,0;P
11/01/2024;0,0;P
12/01/2024;0,0;P
13/01/2024;0,0;P
14/01/2024;0,0;P
15/01/2024;1,2;P
16/01/2024;0,0;P
17/01/2024;0,4;P
18/01/2024;9,4;P
19/01/2024;0,0;P
20/01/2024;0,0;P
21/01/2024;0,0;P
22/01/2024;0,0;P
23/01/2024;2,0;P
24/01/2024;0,0;P
25/01/2024;0,0;P
26/01/2024;0,0;P
27/01/2024;0,0;P
28/01/2024;0,0;P
29/01/2024;0,0;P
30/01/2024;0,0;P
31/01/2024;0,0;P
01/02/2024;0,0;P
02/02/2024;0,0;P
03/02/2024;0,0;P
04/02/2024;0,0;P
05/02/2024;0,0;P
06/02/2024;0,0;P
07/02/2024;0,0;P
08/02/2024;0,4;P
09/02/2024;0,0;P
10/02/2024;15,2;P
11/02/2024;32,0;P
12/02/2024;0,0;P
13/02/2024;0,0;P
14/02/2024;0,0;P
15/02/2024;0,0;P
16/02/2024;0,0;P
17/02/2024;0,0;P
18/02/2024;0,0;P
19/02/2024;0,0;P
20/02/2024;0,0;P
21/02/2024;0,0;P
22/02/2024;0,0;P
23/02/2024;0,0;P
24/02/2024;24,2;P
25/02/2024;10,2;P
26/02/2024;0,4;P
27/02/2024;31,8;P
28/02/2024;14,6;P
29/02/2024;0,2;P
01/03/2024;2,8;P
02/03/2024;28,0;P
03/03/2024;4,4;P
04/03/2024;8,2;P
05/03/2024;0,0;P
06/03/2024;0,0;P
07/03/2024;3,4;P
08/03/2024;0,0;P
09/03/2024;12,6;P
10/03/2024;1,0;P
11/03/2024;16,2;P
12/03/2024;6,0;P
13/03/2024;0,0;P
14/03/2024;0,0;P
15/03/2024;0,2;P
16/03/2024;4,2;P
17/03/2024;0,2;P
18/03/2024;0,0;P
19/03/2024;2,8;P
20/03/2024;0,0;P
21/03/2024;0,0;P
22/03/2024;0,2;P
23/03/2024;0,0;P
24/03/2024;0,0;P
25/03/2024;3,2;P
26/03/2024;3,6;P
27/03/2024;12,6;P
28/03/2024;21,4;P
29/03/2024;0,8;P
30/03/2024;0,0;P
31/03/2024;0,2;P
01/04/2024;7,4;P
02/04/2024;7,4;P
03/04/2024;0,0;P
04/04/2024;0,0;P
05/04/2024;0,0;P
06/04/2024;0,0;P
07/04/2024;0,0;P
08/04/2024;0,0;P
09/04/2024;0,0;P
10/04/2024;6,8;P
11/04/2024;1,2;P
12/04/2024;0,0;P
13/04/2024;0,0;P
14/04/2024;0,0;P
15/04/2024;0,0;P
16/04/2024;0,0;P
17/04/2024;0,0;P
18/04/2024;1,2;P
19/04/2024;0,4;P
20/04/2024;6,6;P
21/04/2024;0,4;P
22/04/2024;6,6;P
23/04/2024;4,4;P
24/04/2024;1,4;P
25/04/2024;0,0;P
26/04/2024;0,0;P
27/04/2024;0,4;P
28/04/2024;0,6;P
29/04/2024;0,0;P
30/04/2024;0,0;P
01/05/2024;1,4;P
02/05/2024;31,4;P
03/05/2024;15,2;P
04/05/2024;0,0;P
05/05/2024;0,0;P
06/05/2024;0,0;P
07/05/2024;1,2;P
08/05/2024;24,2;P
09/05/2024;0,0;P
10/05/2024;0,0;P
11/05/2024;0,0;P
12/05/2024;0,0;P
13/05/2024;0,0;P
14/05/2024;0,0;P
15/05/2024;0,0;P
16/05/2024;0,2;P
17/05/2024;0,2;P
18/05/2024;0,0;P
19/05/2024;0,0;P
20/05/2024;19,4;P
21/05/2024;17,0;P
22/05/2024;0,0;P
23/05/2024;0,0;P
24/05/2024;0,0;P
25/05/2024;0,2;P
26/05/2024;0,0;P
27/05/2024;0,0;P
28/05/2024;0,0;P
29/05/2024;0,0;P
30/05/2024;0,2;P
31/05/2024;3,8;P
01/06/2024;0,0;P
02/06/2024;0,0;P
03/06/2024;2,2;P
04/06/2024;7,4;P
05/06/2024;0,0;P
06/06/2024;0,0;P
07/06/2024;0,0;P
08/06/2024;0,0;P
09/06/2024;0,0;P
10/06/2024;25,0;P
11/06/2024;0,0;P
12/06/2024;0,0;P
13/06/2024;0,0;P
14/06/2024;0,0;P
15/06/2024;0,0;P
16/06/2024;0,0;P
17/06/2024;0,0;P
18/06/2024;0,0;P
19/06/2024;0,0;P
20/06/2024;0,0;P
21/06/2024;0,0;P
22/06/2024;0,0;P
23/06/2024;5,0;P
24/06/2024;7,8;P
25/06/2024;6,8;P
26/06/2024;14,8;P
27/06/2024;0,0;P
28/06/2024;0,0;P
29/06/2024;0,0;P
30/06/2024;0,0;P
01/07/2024;0,0;P
02/07/2024;0,0;P
03/07/2024;0,0;P
04/07/2024;0,0;P
05/07/2024;0,0;P
06/07/2024;0,0;P
07/07/2024;0,0;P
08/07/2024;0,0;P
09/07/2024;0,0;P
10/07/2024;0,0;P
11/07/2024;0,0;P
12/07/2024;0,0;P
13/07/2024;0,0;P
14/07/2024;0,0;P
15/07/2024;0,0;P
16/07/2024;0,0;P
17/07/2024;0,0;P
18/07/2024;0,0;P
19/07/2024;0,0;P
20/07/2024;0,0;P
21/07/2024;0,0;P
22/07/2024;0,0;P
23/07/2024;0,0;P
24/07/2024;0,2;P
25/07/2024;0,0;P
26/07/2024;0,0;P
27/07/2024;0,0;P
28/07/2024;0,0;P
29/07/2024;0,0;P
30/07/2024;0,0;P
31/07/2024;0,0;P
01/08/2024;0,0;P
02/08/2024;0,0;P
03/08/2024;0,0;P
04/08/2024;0,0;P
05/08/2024;0,0;P
06/08/2024;0,0;P
07/08/2024;0,0;P
08/08/2024;0,0;P
09/08/2024;0,0;P
10/08/2024;0,0;P
11/08/2024;0,0;P
12/08/2024;0,0;P
13/08/2024;0,0;P
14/08/2024;0,0;P
15/08/2024;0,0;P
16/08/2024;0,0;P
17/08/2024;0,0;P
18/08/2024;13,8;P
19/08/2024;0,6;P
20/08/2024;0,2;P
21/08/2024;0,0;P
22/08/2024;0,0;P
23/08/2024;0,0;P
24/08/2024;0,0;P
25/08/2024;0,0;P
26/08/2024;0,0;P
27/08/2024;0,2;P
28/08/2024;0,0;P
29/08/2024;0,0;P
30/08/2024;0,0;P
31/08/2024;0,0;P
01/09/2024;0,0;P
02/09/2024;0,0;P
03/09/2024;0,0;P
04/09/2024;0,0;P
05/09/2024;0,6;P
06/09/2024;11,4;P
07/09/2024;0,0;P
08/09/2024;0,0;P
09/09/2024;124,0;P
10/09/2024;0,0;P
11/09/2024;0,0;P
12/09/2024;6,0;P
13/09/2024;7,2;P
14/09/2024;0,2;P
15/09/2024;0,0;P
16/09/2024;0,0;P
17/09/2024;0,0;P
18/09/2024;9,8;P
19/09/2024;8,0;P
20/09/2024;0,0;P
21/09/2024;0,0;P
22/09/2024;0,0;P
23/09/2024;0,0;P
24/09/2024;3,8;P
25/09/2024;0,6;P
26/09/2024;1,2;P
27/09/2024;0,0;P
28/09/2024;0,6;P
29/09/2024;0,0;P
30/09/2024;0,0;P
01/10/2024;9,2;P
02/10/2024;8,2;P
03/10/2024;13,2;P
04/10/2024;29,2;P
05/10/2024;1,2;P
06/10/2024;0,0;P
07/10/2024;0,0;P
08/10/2024;7,0;P
09/10/2024;15,6;P
10/10/2024;1,4;P
11/10/2024;4,6;P
12/10/2024;0,2;P
13/10/2024;0,2;P
14/10/2024;0,0;P
15/10/2024;0,0;P
16/10/2024;0,0;P
17/10/2024;1,6;P
18/10/2024;38,2;P
19/10/2024;7,2;P
20/10/2024;3,6;P
21/10/2024;0,0;P
22/10/2024;0,0;P
23/10/2024;3,8;P
24/10/2024;12,2;P
25/10/2024;8,4;P
26/10/2024;21,2;P
27/10/2024;0,0;P
28/10/2024;0,0;P
29/10/2024;0,2;P
30/10/2024;0,2;P
31/10/2024;0,2;P
01/11/2024;0,0;P
02/11/2024;0,0;P
03/11/2024;0,2;P
04/11/2024;0,0;P
05/11/2024;0,0;P
06/11/2024;0,2;P
07/11/2024;0,0;P
08/11/2024;0,0;P
09/11/2024;0,0;P
10/11/2024;0,0;P
11/11/2024;0,2;P
12/11/2024;0,0;P
13/11/2024;0,0;P
14/11/2024;0,0;P
15/11/2024;0,0;P
16/11/2024;0,0;P
17/11/2024;0,0;P
18/11/2024;2,6;P
19/11/2024;2,0;P
20/11/2024;13,4;P
21/11/2024;10,8;P
22/11/2024;1,6;P
23/11/2024;0,2;P
24/11/2024;0,0;P
25/11/2024;0,0;P
26/11/2024;0,0;P
27/11/2024;0,0;P
28/11/2024;0,0;P
29/11/2024;0,0;P
30/11/2024;0,0;P
01/12/2024;0,0;P
02/12/2024;0,0;P
03/12/2024;0,0;P
04/12/2024;0,0;P
05/12/2024;0,0;P
06/12/2024;0,0;P
07/12/2024;1,0;P
08/12/2024;25,6;P
09/12/2024;0,8;P
10/12/2024;2,2;P
11/12/2024;0,8;P
12/12/2024;0,0;P
13/12/2024;0,0;P
14/12/2024;4,0;P
15/12/2024;0,0;P
16/12/2024;0,2;P
17/12/2024;0,0;P
18/12/2024;0,0;P
19/12/2024;2,8;P
20/12/2024;2,8;P
21/12/2024;0,0;P
22/12/2024;0,0;P
23/12/2024;5,6;P
24/12/2024;0,0;P
25/12/2024;0,0;P
26/12/2024;0,0;P
27/12/2024;0,0;P
28/12/2024;0,0;P
29/12/2024;0,0;P
30/12/2024;0,0;P
31/12/2024;0,0;P
01/01/2026;0,0;P
02/01/2026;0,8;P
03/01/2026;0,2;P
04/01/2026;0,0;P
05/01/2026;0,0;P
06/01/2026;0,0;P
07/01/2026;0,0;P
08/01/2026;0,0;P
09/01/2026;0,0;P
10/01/2026;0,0;P
11/01/2026;0,0;P
12/01/2026;0,0;P
13/01/2026;0,0;P
14/01/2026;0,0;P
15/01/2026;0,0;P
16/01/2026;0,0;P
17/01/2026;0,0;P
18/01/2026;0,0;P
19/01/2026;0,0;P
20/01/2026;0,0;P
21/01/2026;0,0;P
22/01/2026;0,0;P
23/01/2026;0,0;P
24/01/2026;0,0;P
25/01/2026;0,0;P
26/01/2026;0,0;P
27/01/2026;0,0;P
28/01/2026;0,0;P
29/01/2026;0,0;P
30/01/2026;0,0;P
31/01/2026;0,0;P
01/02/2026;0,0;P
02/02/2026;0,0;P
03/02/2026;0,0;P
04/02/2026;0,0;P
05/02/2026;0,0;P
06/02/2026;0,0;P
07/02/2026;0,0;P
08/02/2026;0,0;P
09/02/2026;0,0;P
10/02/2026;0,0;P
11/02/2026;18,0;P
12/02/2026;8,0;P
13/02/2026;1,0;P
14/02/2026;2,6;P
15/02/2026;4,6;P
16/02/2026;1,2;P
17/02/2026;6,0;P
18/02/2026;0,0;P
19/02/2026;7,0;P
20/02/2026;3,8;P
21/02/2026;0,0;P
22/02/2026;0,0;P
23/02/2026;0,0;P
24/02/2026;0,0;P
25/02/2026;0,0;P
26/02/2026;0,0;P
27/02/2026;0,0;P
28/02/2026;0,0;P
01/03/2026;0,0;P
02/03/2026;0,0;P
03/03/2026;1,4;P
04/03/2026;0,0;P
05/03/2026;0,0;P
06/03/2026;0,0;P
07/03/2026;0,0;P
08/03/2026;0,2;P
09/03/2026;0,0;P
10/03/2026;0,0;P
11/03/2026;3,0;P
12/03/2026;26,0;P
13/03/2026;1,6;P
14/03/2026;0,0;P
15/03/2026;0,0;P
16/03/2026;0,0;P
17/03/2026;0,0;P
18/03/2026;0,0;P
19/03/2026;0,0;P
20/03/2026;0,0;P
21/03/2026;0,0;P
22/03/2026;0,0;P
23/03/2026;0,0;P
24/03/2026;0,0;P
25/03/2026;0,0;P
26/03/2026;9,0;P
27/03/2026;0,0;P
28/03/2026;0,0;P
29/03/2026;0,0;P
30/03/2026;0,0;P
31/03/2026;0,6;P
01/04/2026;0,0;P
02/04/2026;0,0;P
03/04/2026;0,0;P
04/04/2026;0,0;P
05/04/2026;0,0;P
06/04/2026;0,0;P
07/04/2026;0,0;P
08/04/2026;0,0;P
09/04/2026;0,0;P
10/04/2026;0,0;P
11/04/2026;0,0;P
12/04/2026;0,0;P
13/04/2026;0,0;P
14/04/2026;13,4;P
15/04/2026;0,0;P
16/04/2026;0,0;P
17/04/2026;0,0;P
18/04/2026;0,0;P
19/04/2026;0,0;P
20/04/2026;0,0;P
21/04/2026;0,0;P
22/04/2026;7,2;P
23/04/2026;0,0;P
24/04/2026;0,0;P
25/04/2026;0,0;P
26/04/2026;0,0;P
27/04/2026;0,0;P
28/04/2026;0,0;P
29/04/2026;0,0;P
30/04/2026;0,0;P
01/05/2026;0,0;P
02/05/2026;0,0;P
03/05/2026;0,0;P
04/05/2026;0,0;P
05/05/2026;25,0;P
06/05/2026;73,0;P
07/05/2026;0,2;P
08/05/2026;0,0;P
09/05/2026;0,0;P
10/05/2026;0,8;P
11/05/2026;13,4;P
12/05/2026;0,6;P
13/05/2026;1,6;P
14/05/2026;0,0;P
15/05/2026;0,4;P
16/05/2026;17,2;P
17/05/2026;2,8;P
18/05/2026;0,0;P
19/05/2026;0,2;P
20/05/2026;0,0;P
