antecedents,consequents,antecedent support,consequent support,support,confidence,lift,representativity,leverage,conviction,zhangs_metric,jaccard,certainty,kulczynski
"frozenset({'ascending_soil_presence=0', 'surface_stoniness_class=4'})","frozenset({'landslide_surface_class=2', 'usda_hydrologic_group=C', 'rooting_depth_class=4'})",0.07239814991374838,0.0661676341334705,0.053910590989920314,0.7446404508146515,11.253847301123006,1.0,0.04912017669448726,3.656931447622202,0.9822549395118659,0.6368255631220536,0.7265466924051265,0.7796990874138937
"frozenset({'landslide_surface_class=2', 'usda_hydrologic_group=C', 'rooting_depth_class=4'})","frozenset({'ascending_soil_presence=0', 'surface_stoniness_class=4'})",0.0661676341334705,0.07239814991374838,0.053910590989920314,0.814757724013136,11.253847301123006,1.0,0.04912017669448726,5.007506224723939,0.9757013490339801,0.6368255631220536,0.8002997989173485,0.7796990874138937
"frozenset({'surface_stoniness_class=4', 'descending_soil_presence=0'})","frozenset({'landslide_surface_class=2', 'usda_hydrologic_group=C', 'rooting_depth_class=4'})",0.07226511398961433,0.0661676341334705,0.05379529318900414,0.7444158075601375,11.25045223860557,1.0,0.049013681565925796,3.653717223087867,0.9820851818227085,0.6355967725034058,0.7263061318262419,0.7787155105088404
"frozenset({'landslide_surface_class=2', 'usda_hydrologic_group=C', 'rooting_depth_class=4'})","frozenset({'surface_stoniness_class=4', 'descending_soil_presence=0'})",0.0661676341334705,0.07226511398961433,0.05379529318900414,0.8130152134575431,11.250452238605568,1.0,0.049013681565925796,4.961552772100706,0.9756726340978021,0.6355967725034058,0.7984501937330795,0.7787155105088404
"frozenset({'descending_soil_presence=0', 'usda_hydrologic_group=C', 'rooting_depth_class=4'})","frozenset({'landslide_surface_class=2', 'surface_stoniness_class=4'})",0.11006948909770602,0.05451812171013246,0.05379529318900414,0.48873937391724753,8.964714091138854,1.0,0.047794511385803304,1.8493148700577466,0.9983381116029488,0.4855507524815882,0.459259201236632,0.7377404369179534
"frozenset({'landslide_surface_class=2', 'surface_stoniness_class=4'})","frozenset({'descending_soil_presence=0', 'usda_hydrologic_group=C', 'rooting_depth_class=4'})",0.05451812171013246,0.11006948909770602,0.05379529318900414,0.9867414999186594,8.964714091138852,1.0,0.047794511385803304,67.12150736829909,0.9396811997275114,0.4855507524815882,0.9851016456690558,0.7377404369179534
"frozenset({'ascending_soil_presence=0', 'usda_hydrologic_group=C', 'rooting_depth_class=4'})","frozenset({'landslide_surface_class=2', 'surface_stoniness_class=4'})",0.11041981703125901,0.05451812171013246,0.053910590989920314,0.4882329317269076,8.955424662698295,1.0,0.047890709965799576,1.847484797097834,0.9986011985494891,0.485561369173623,0.458723556712957,0.7385446422096389
"frozenset({'landslide_surface_class=2', 'surface_stoniness_class=4'})","frozenset({'ascending_soil_presence=0', 'usda_hydrologic_group=C', 'rooting_depth_class=4'})",0.05451812171013246,0.11041981703125901,0.053910590989920314,0.9888563526923703,8.955424662698295,1.0,0.047890709965799576,79.82845817093217,0.9395588189645989,0.485561369173623,0.9874731389918774,0.7385446422096389
"frozenset({'usda_hydrologic_group=C', 'rooting_depth_class=4'})","frozenset({'landslide_surface_class=2', 'surface_stoniness_class=4', 'descending_soil_presence=0'})",0.11100074056664434,0.05430969876232245,0.05379529318900414,0.48463904758099957,8.92361877575391,1.0,0.04776687640643498,1.8350057310294814,0.9988060507595282,0.48240346761045055,0.4550425739330108,0.737583670112048
"frozenset({'landslide_surface_class=2', 'surface_stoniness_class=4', 'descending_soil_presence=0'})","frozenset({'usda_hydrologic_group=C', 'rooting_depth_class=4'})",0.05430969876232245,0.11100074056664434,0.05379529318900414,0.9905282926430963,8.92361877575391,1.0,0.04776687640643498,93.85839595069237,0.9389308934232292,0.48240346761045055,0.9893456521404292,0.737583670112048
"frozenset({'landslide_surface_class=2', 'ascending_soil_presence=0', 'surface_stoniness_class=4'})","frozenset({'usda_hydrologic_group=C', 'rooting_depth_class=4'})",0.05443386562484756,0.11100074056664434,0.053910590989920314,0.9903869653767822,8.922345565633035,1.0,0.04786839159365703,92.47852465715717,0.9390372772467402,0.483398942303869,0.9891866787050586,0.7380323624774526
"frozenset({'usda_hydrologic_group=C', 'rooting_depth_class=4'})","frozenset({'landslide_surface_class=2', 'ascending_soil_presence=0', 'surface_stoniness_class=4'})",0.11100074056664434,0.05443386562484756,0.053910590989920314,0.48567775957812315,8.922345565633035,1.0,0.04786839159365703,1.838470243090294,0.9987880629353125,0.483398942303869,0.4560695209735377,0.7380323624774526
"frozenset({'landslide_surface_class=2', 'surface_stoniness_class=4'})","frozenset({'usda_hydrologic_group=C', 'rooting_depth_class=4'})",0.05451812171013246,0.11100074056664434,0.05399041254440074,0.9903204815357084,8.921746616105903,1.0,0.047938860660273586,91.84333525608055,0.9391130009488429,0.48409542743538764,0.9891118936696738,0.7383586747097662
"frozenset({'usda_hydrologic_group=C', 'rooting_depth_class=4'})","frozenset({'landslide_surface_class=2', 'surface_stoniness_class=4'})",0.11100074056664434,0.05451812171013246,0.05399041254440074,0.4863968678838241,8.921746616105903,1.0,0.047938860660273586,1.840880281228506,0.9987795992422973,0.48409542743538764,0.4567816222504959,0.7383586747097662
"frozenset({'surface_stoniness_class=4', 'rooting_depth_class=4'})","frozenset({'landslide_surface_class=2', 'ascending_soil_presence=0', 'usda_hydrologic_group=C'})",0.05470437200392012,0.12514245930209353,0.053910590989920314,0.9854896238651103,7.874942120852374,1.0,0.04706475134277316,60.29185822373973,0.9235364195646119,0.4280784534666715,0.9834140126136259,0.7081416935767791
"frozenset({'landslide_surface_class=2', 'ascending_soil_presence=0', 'usda_hydrologic_group=C'})","frozenset({'surface_stoniness_class=4', 'rooting_depth_class=4'})",0.12514245930209353,0.05470437200392012,0.053910590989920314,0.430793763288448,7.874942120852374,1.0,0.04706475134277316,1.6607260550363805,0.9978938273917654,0.4280784534666715,0.3978537297181781,0.7081416935767791
"frozenset({'landslide_surface_class=2', 'descending_soil_presence=0', 'usda_hydrologic_group=C'})","frozenset({'surface_stoniness_class=4', 'rooting_depth_class=4'})",0.12488525651543439,0.05470437200392012,0.05379529318900414,0.4307577586819118,7.874283953959725,1.0,0.04696352365877883,1.660621014011952,0.9975884102579622,0.4276447985335073,0.3978156415207192,0.7070698650737705
"frozenset({'surface_stoniness_class=4', 'rooting_depth_class=4'})","frozenset({'landslide_surface_class=2', 'descending_soil_presence=0', 'usda_hydrologic_group=C'})",0.05470437200392012,0.12488525651543439,0.05379529318900414,0.9833819714656291,7.874283953959724,1.0,0.04696352365877883,52.66056329573483,0.9235251913697547,0.4276447985335073,0.9810104575907377,0.7070698650737705
"frozenset({'ascending_soil_presence=0', 'surface_stoniness_class=4', 'rooting_depth_class=4'})","frozenset({'landslide_surface_class=2', 'usda_hydrologic_group=C'})",0.054606812326221825,0.12555043613610462,0.053910590989920314,0.9872502842293325,7.86337598348994,1.0,0.04705468188636075,68.5858084676434,0.923243546090343,0.427025887807791,0.985419724249926,0.7083220904051438
"frozenset({'landslide_surface_class=2', 'usda_hydrologic_group=C'})","frozenset({'ascending_soil_presence=0', 'surface_stoniness_class=4', 'rooting_depth_class=4'})",0.12555043613610462,0.054606812326221825,0.053910590989920314,0.4293938965809551,7.86337598348994,1.0,0.04705468188636075,1.656822774956361,0.9981457994911235,0.427025887807791,0.396435143748951,0.7083220904051438
"frozenset({'surface_stoniness_class=4', 'descending_soil_presence=0', 'rooting_depth_class=4'})","frozenset({'landslide_surface_class=2', 'usda_hydrologic_group=C'})",0.05449594905611012,0.12555043613610462,0.05379529318900414,0.9871429733908373,7.86252126054514,1.0,0.046953303017358575,68.01335879951529,0.9231206714612675,0.42609764664559197,0.9852970060933511,0.707809265729044
"frozenset({'landslide_surface_class=2', 'usda_hydrologic_group=C'})","frozenset({'surface_stoniness_class=4', 'descending_soil_presence=0', 'rooting_depth_class=4'})",0.12555043613610462,0.05449594905611012,0.05379529318900414,0.4284755580672507,7.86252126054514,1.0,0.046953303017358575,1.6543545324963485,0.9981299899333271,0.42609764664559197,0.39553464486778184,0.707809265729044
"frozenset({'surface_stoniness_class=4', 'rooting_depth_class=4'})","frozenset({'landslide_surface_class=2', 'usda_hydrologic_group=C'})",0.05470437200392012,0.12555043613610462,0.05399041254440074,0.9869487678339819,7.8609744275525015,1.0,0.04712225478075686,67.00130322872702,0.9232977300798251,0.4275980753696485,0.98507491717607,0.7084892186160585
"frozenset({'landslide_surface_class=2', 'usda_hydrologic_group=C'})","frozenset({'surface_stoniness_class=4', 'rooting_depth_class=4'})",0.12555043613610462,0.05470437200392012,0.05399041254440074,0.4300296693981351,7.8609744275525015,1.0,0.04712225478075686,1.6584997099724248,0.9981013698795892,0.4275980753696485,0.39704541762227574,0.7084892186160585
"frozenset({'landslide_surface_class=2', 'ascending_soil_presence=0', 'rooting_depth_class=4'})","frozenset({'surface_stoniness_class=4', 'usda_hydrologic_group=C'})",0.14881398473634497,0.05399041254440074,0.053910590989920314,0.36226831157995115,6.709863742604823,1.0,0.04587606256162889,1.483397492445914,0.9997411397570078,0.36207410054801054,0.3258718549192498,0.6803949360774499
"frozenset({'surface_stoniness_class=4', 'usda_hydrologic_group=C'})","frozenset({'landslide_surface_class=2', 'ascending_soil_presence=0', 'rooting_depth_class=4'})",0.05399041254440074,0.14881398473634497,0.053910590989920314,0.9985215605749487,6.709863742604823,1.0,0.04587606256162889,575.732763101948,0.8995317683129213,0.36207410054801054,0.9982630830411454,0.6803949360774499
"frozenset({'ascending_soil_presence=0', 'surface_stoniness_class=4'})","frozenset({'usda_hydrologic_group=C', 'rooting_depth_class=4'})",0.07239814991374838,0.11100074056664434,0.053910590989920314,0.7446404508146515,6.7084277727640265,1.0,0.04587434273383931,3.4813628950609172,0.9173480793327651,0.41633561643835626,0.7127561733312201,0.6151591051963873
"frozenset({'usda_hydrologic_group=C', 'rooting_depth_class=4'})","frozenset({'ascending_soil_presence=0', 'surface_stoniness_class=4'})",0.11100074056664434,0.07239814991374838,0.053910590989920314,0.48567775957812315,6.7084277727640265,1.0,0.04587434273383931,1.8035421710042696,0.9571816472654027,0.41633561643835626,0.4455355599236317,0.6151591051963873
"frozenset({'surface_stoniness_class=4', 'descending_soil_presence=0'})","frozenset({'usda_hydrologic_group=C', 'rooting_depth_class=4'})",0.07226511398961433,0.11100074056664434,0.05379529318900414,0.7444158075601375,6.706403973162626,1.0,0.04577381201902398,3.478302984808155,0.9171680449867169,0.41550212357857247,0.7125034810459001,0.6145274275705686
"frozenset({'usda_hydrologic_group=C', 'rooting_depth_class=4'})","frozenset({'surface_stoniness_class=4', 'descending_soil_presence=0'})",0.11100074056664434,0.07226511398961433,0.05379529318900414,0.48463904758099957,6.706403973162626,1.0,0.04577381201902398,1.8001652660252687,0.9571310466675449,0.41550212357857247,0.4444954477940898,0.6145274275705686
"frozenset({'surface_stoniness_class=4', 'usda_hydrologic_group=C'})","frozenset({'landslide_surface_class=2', 'descending_soil_presence=0', 'rooting_depth_class=4'})",0.05399041254440074,0.14866764521979753,0.05379529318900414,0.9963860369609856,6.702104116116723,1.0,0.045768665691582666,235.567532260202,0.8993493701718934,0.3613750781971462,0.9957549328194539,0.6791177015528269
"frozenset({'landslide_surface_class=2', 'descending_soil_presence=0', 'rooting_depth_class=4'})","frozenset({'surface_stoniness_class=4', 'usda_hydrologic_group=C'})",0.14866764521979753,0.05399041254440074,0.05379529318900414,0.36184936614466817,6.702104116116723,1.0,0.045768665691582666,1.4824236430517421,0.9993666067988503,0.3613750781971462,0.32542899953930615,0.6791177015528269
"frozenset({'landslide_surface_class=2', 'rooting_depth_class=4'})","frozenset({'surface_stoniness_class=4', 'usda_hydrologic_group=C'})",0.14998913539952904,0.05399041254440074,0.05399041254440074,0.3599621559293972,6.667149572775922,1.0,0.04589243724700219,1.4780525811396312,1.0000000000000002,0.3599621559293972,0.3234340829546372,0.6799810779646986
"frozenset({'landslide_surface_class=2', 'rooting_depth_class=4'})","frozenset({'surface_stoniness_class=4', 'descending_soil_presence=0', 'usda_hydrologic_group=C'})",0.14998913539952904,0.05379529318900414,0.05379529318900414,0.35866126600242443,6.667149572775922,1.0,0.045726583675021235,1.4753587404789008,1.0,0.35866126600242443,0.3221987489799258,0.6793306330012122
"frozenset({'surface_stoniness_class=4', 'descending_soil_presence=0', 'usda_hydrologic_group=C'})","frozenset({'landslide_surface_class=2', 'rooting_depth_class=4'})",0.05379529318900414,0.14998913539952904,0.05379529318900414,1.0,6.667149572775922,1.0,0.045726583675021235,inf,0.8983371763867799,0.35866126600242443,1.0,0.6793306330012122
"frozenset({'surface_stoniness_class=4', 'usda_hydrologic_group=C'})","frozenset({'landslide_surface_class=2', 'rooting_depth_class=4'})",0.05399041254440074,0.14998913539952904,0.05399041254440074,1.0,6.667149572775922,1.0,0.04589243724700219,inf,0.8985224630615766,0.3599621559293972,1.0,0.6799810779646986
"frozenset({'landslide_surface_class=2', 'rooting_depth_class=4'})","frozenset({'ascending_soil_presence=0', 'surface_stoniness_class=4', 'usda_hydrologic_group=C'})",0.14998913539952904,0.053910590989920314,0.053910590989920314,0.35942997368654467,6.667149572775922,1.0,0.045824588058464524,1.4769492329432257,1.0,0.35942997368654467,0.3229286574683232,0.6797149868432724
"frozenset({'ascending_soil_presence=0', 'surface_stoniness_class=4', 'usda_hydrologic_group=C'})","frozenset({'landslide_surface_class=2', 'rooting_depth_class=4'})",0.053910590989920314,0.14998913539952904,0.053910590989920314,1.0,6.667149572775922,1.0,0.045824588058464524,inf,0.8984466547298755,0.35942997368654467,1.0,0.6797149868432724
"frozenset({'ascending_soil_presence=0', 'surface_stoniness_class=4'})","frozenset({'landslide_surface_class=2', 'usda_hydrologic_group=C'})",0.07239814991374838,0.12555043613610462,0.053910590989920314,0.7446404508146515,5.931006484178312,1.0,0.04482097169280212,3.4243856031762907,0.8962838450847304,0.3742803485114375,0.7079768122280243,0.5870171736978033
"frozenset({'landslide_surface_class=2', 'usda_hydrologic_group=C'})","frozenset({'ascending_soil_presence=0', 'surface_stoniness_class=4'})",0.12555043613610462,0.07239814991374838,0.053910590989920314,0.4293938965809551,5.931006484178312,1.0,0.04482097169280212,1.6256430566166487,0.9507632998630193,0.3742803485114375,0.3848588126834935,0.5870171736978033
"frozenset({'landslide_surface_class=2', 'usda_hydrologic_group=C'})","frozenset({'surface_stoniness_class=4', 'descending_soil_presence=0'})",0.12555043613610462,0.07226511398961433,0.05379529318900414,0.4284755580672507,5.929217217159993,1.0,0.044722376610182746,1.6232637100751524,0.9507051143816928,0.3735258798534348,0.3839571513899594,0.5864456828136941
"frozenset({'surface_stoniness_class=4', 'descending_soil_presence=0'})","frozenset({'landslide_surface_class=2', 'usda_hydrologic_group=C'})",0.07226511398961433,0.12555043613610462,0.05379529318900414,0.7444158075601375,5.929217217159992,1.0,0.044722376610182746,3.421375772563275,0.8961004756534935,0.3735258798534348,0.7077199154740007,0.5864456828136941
"frozenset({'landslide_surface_class=2', 'hydraulic_hazard_level=0', 'pai_landslide_hazard_level=Moderata P1'})","frozenset({'usda_hydrologic_group=B', 'rooting_depth_class=4'})",0.11122690163767222,0.10932005339175088,0.061427120703493966,0.5522685591260665,5.051850433579644,1.0,0.049267789877864614,1.98931740167659,0.9024268756888753,0.3860431414079482,0.4973150090793941,0.5570851151950307
"frozenset({'usda_hydrologic_group=B', 'rooting_depth_class=4'})","frozenset({'landslide_surface_class=2', 'hydraulic_hazard_level=0', 'pai_landslide_hazard_level=Moderata P1'})",0.10932005339175088,0.11122690163767222,0.061427120703493966,0.5619016712639948,5.051850433579644,1.0,0.049267789877864614,2.0287068908174173,0.9004948785539533,0.3860431414079482,0.5070751696431244,0.5570851151950307
"frozenset({'hydraulic_hazard_level=0', 'usda_hydrologic_group=B', 'rooting_depth_class=4'})","frozenset({'landslide_surface_class=2', 'pai_landslide_hazard_level=Moderata P1'})",0.1047391830707352,0.11618470707706771,0.061427120703493966,0.586476988864897,5.04779848931301,1.0,0.04925802939892923,2.137282011216007,0.8957097416949718,0.3851308143576056,0.5321160264521901,0.5575896394706163
"frozenset({'landslide_surface_class=2', 'pai_landslide_hazard_level=Moderata P1'})","frozenset({'hydraulic_hazard_level=0', 'usda_hydrologic_group=B', 'rooting_depth_class=4'})",0.11618470707706771,0.1047391830707352,0.061427120703493966,0.5287022900763358,5.047798489313009,1.0,0.04925802939892923,1.8995653873944556,0.9073093003735403,0.3851308143576056,0.47356379167781476,0.5575896394706163
"frozenset({'ascending_soil_presence=0', 'surface_stoniness_class=4'})","frozenset({'landslide_surface_class=2', 'rooting_depth_class=4'})",0.07239814991374838,0.14998913539952904,0.05443386562484756,0.7518681857160358,5.012817653180475,1.0,0.04357492971475895,3.425642403225694,0.8629902959719736,0.3241009663621482,0.7080839497262271,0.5573934548306401
"frozenset({'landslide_surface_class=2', 'rooting_depth_class=4'})","frozenset({'ascending_soil_presence=0', 'surface_stoniness_class=4'})",0.14998913539952904,0.07239814991374838,0.05443386562484756,0.3629187239452444,5.012817653180475,1.0,0.04357492971475895,1.4560180701442031,0.9417660743975872,0.3241009663621482,0.31319533699127744,0.5573934548306401
"frozenset({'surface_stoniness_class=4', 'descending_soil_presence=0'})","frozenset({'landslide_surface_class=2', 'rooting_depth_class=4'})",0.07226511398961433,0.14998913539952904,0.05430969876232245,0.75153411880216,5.010590379098351,1.0,0.04347071679547179,3.4210365644675904,0.8627709617059316,0.32337874947190537,0.7076909348510199,0.5568125018514836
"frozenset({'landslide_surface_class=2', 'rooting_depth_class=4'})","frozenset({'surface_stoniness_class=4', 'descending_soil_presence=0'})",0.14998913539952904,0.07226511398961433,0.05430969876232245,0.36209088490080715,5.010590379098351,1.0,0.04347071679547179,1.4543370898002073,0.9416617518030719,0.32337874947190537,0.31240150099082115,0.5568125018514836
"frozenset({'descending_soil_presence=0', 'usda_hydrologic_group=B', 'rooting_depth_class=4'})","frozenset({'landslide_surface_class=2', 'pai_landslide_hazard_level=Moderata P1'})",0.10802517039684616,0.11618470707706771,0.06264661667472272,0.5799261083743842,4.991415160944609,1.0,0.05009574389521483,2.1039519725987126,0.896500651463233,0.38775286141684734,0.5247039794521344,0.5595622908284135
"frozenset({'landslide_surface_class=2', 'pai_landslide_hazard_level=Moderata P1'})","frozenset({'descending_soil_presence=0', 'usda_hydrologic_group=B', 'rooting_depth_class=4'})",0.11618470707706771,0.10802517039684616,0.06264661667472272,0.5391984732824426,4.991415160944609,1.0,0.05009574389521483,1.9357028522821689,0.9047773015823599,0.38775286141684734,0.4833917825656904,0.5595622908284135
"frozenset({'landslide_surface_class=2', 'pai_landslide_hazard_level=Moderata P1'})","frozenset({'usda_hydrologic_group=B', 'rooting_depth_class=4'})",0.11618470707706771,0.10932005339175088,0.06330292723378403,0.5448473282442748,4.983965076304913,1.0,0.05060160885281405,1.9568817275585852,0.9044384566378452,0.39027257566230145,0.48898291301048397,0.5619539253585483
"frozenset({'usda_hydrologic_group=B', 'rooting_depth_class=4'})","frozenset({'landslide_surface_class=2', 'pai_landslide_hazard_level=Moderata P1'})",0.10932005339175088,0.11618470707706771,0.06330292723378403,0.5790605224728217,4.983965076304912,1.0,0.05060160885281405,2.0996255759021034,0.8974677632836902,0.39027257566230145,0.5237246052452231,0.5619539253585483
"frozenset({'landslide_surface_class=2', 'pai_landslide_hazard_level=Moderata P1'})","frozenset({'ascending_soil_presence=0', 'usda_hydrologic_group=B', 'rooting_depth_class=4'})",0.11618470707706771,0.10816264085178467,0.06258896777426465,0.5387022900763359,4.980483888281906,1.0,0.05002212303021797,1.9333227544004006,0.9042797776437651,0.3869287496230502,0.4827557904007914,0.5586791758692122
"frozenset({'ascending_soil_presence=0', 'usda_hydrologic_group=B', 'rooting_depth_class=4'})","frozenset({'landslide_surface_class=2', 'pai_landslide_hazard_level=Moderata P1'})",0.10816264085178467,0.11618470707706771,0.06258896777426465,0.5786560616620885,4.980483888281906,1.0,0.05002212303021797,2.097610081705093,0.8961457920150726,0.3869287496230502,0.5232669747720101,0.5586791758692122
"frozenset({'landslide_surface_class=2', 'pai_landslide_hazard_level=Moderata P1', 'descending_soil_presence=0'})","frozenset({'usda_hydrologic_group=B', 'rooting_depth_class=4'})",0.1151381578072132,0.10932005339175088,0.06264661667472272,0.5440995224156524,4.977124557978941,1.0,0.05005970711581034,1.9536718876181953,0.9030571086798195,0.38715777357559805,0.4881433231763689,0.558578237599194
"frozenset({'usda_hydrologic_group=B', 'rooting_depth_class=4'})","frozenset({'landslide_surface_class=2', 'pai_landslide_hazard_level=Moderata P1', 'descending_soil_presence=0'})",0.10932005339175088,0.1151381578072132,0.06264661667472272,0.5730569527827356,4.977124557978941,1.0,0.05005970711581034,2.072552411756444,0.8971581540986228,0.38715777357559805,0.5175031548888449,0.558578237599194
"frozenset({'usda_hydrologic_group=B', 'rooting_depth_class=4'})","frozenset({'landslide_surface_class=2', 'ascending_soil_presence=0', 'pai_landslide_hazard_level=Moderata P1'})",0.10932005339175088,0.11516033046123555,0.06258896777426465,0.5725296122018498,4.971587090005535,1.0,0.0499996342996307,2.069943778085939,0.896906898358763,0.3866107869723615,0.5168950912644148,0.5580118891614971
"frozenset({'landslide_surface_class=2', 'ascending_soil_presence=0', 'pai_landslide_hazard_level=Moderata P1'})","frozenset({'usda_hydrologic_group=B', 'rooting_depth_class=4'})",0.11516033046123555,0.10932005339175088,0.06258896777426465,0.5434941661211444,4.971587090005534,1.0,0.0499996342996307,1.9510811921948226,0.9028268237105251,0.3866107869723615,0.487463666811798,0.5580118891614971
"frozenset({'usda_hydrologic_group=B', 'rooting_depth_class=4'})","frozenset({'landslide_surface_class=2', 'pai_landslide_hazard_level=Moderata P1', 'is_locality_1ring=0'})",0.10932005339175088,0.10371480645490304,0.05627863043950635,0.5148061009248743,4.963670265814176,1.0,0.044940522260341245,1.8472721838703898,0.8965467086079189,0.35902005714447366,0.4586612580801125,0.5287173997013631
"frozenset({'landslide_surface_class=2', 'pai_landslide_hazard_level=Moderata P1', 'is_locality_1ring=0'})","frozenset({'usda_hydrologic_group=B', 'rooting_depth_class=4'})",0.10371480645490304,0.10932005339175088,0.05627863043950635,0.5426286984778519,4.963670265814175,1.0,0.044940522260341245,1.9473892298096411,0.890939826191075,0.35902005714447366,0.4864919736165169,0.5287173997013631
"frozenset({'landslide_surface_class=2', 'pai_landslide_hazard_level=Moderata P1'})","frozenset({'usda_hydrologic_group=B', 'is_locality_1ring=0', 'rooting_depth_class=4'})",0.11618470707706771,0.0985131018212618,0.05627863043950635,0.48438931297709925,4.917003972283359,1.0,0.044832914561149705,1.7483867593665663,0.9013468406548188,0.3552513716269175,0.42804417006549733,0.5278349895968099
"frozenset({'usda_hydrologic_group=B', 'is_locality_1ring=0', 'rooting_depth_class=4'})","frozenset({'landslide_surface_class=2', 'pai_landslide_hazard_level=Moderata P1'})",0.0985131018212618,0.11618470707706771,0.05627863043950635,0.5712806662165204,4.917003972283359,1.0,0.044832914561149705,2.0615242264051807,0.883677980908993,0.3552513716269175,0.5149220236214407,0.5278349895968099
"frozenset({'landslide_surface_class=2', 'surface_stoniness_class=4', 'usda_hydrologic_group=C'})","frozenset({'descending_soil_presence=0', 'rooting_depth_class=4'})",0.05399041254440074,0.21809465949455217,0.05379529318900414,0.9963860369609856,4.56859438589726,1.0,0.042020272549162664,216.3567618330399,0.825693847100526,0.24643981716607413,0.9953780044056506,0.6215231663018059
"frozenset({'descending_soil_presence=0', 'rooting_depth_class=4'})","frozenset({'landslide_surface_class=2', 'surface_stoniness_class=4', 'usda_hydrologic_group=C'})",0.21809465949455217,0.05399041254440074,0.05379529318900414,0.24666029564262623,4.56859438589726,1.0,0.042020272549162664,1.2557543190459872,0.9989883112388755,0.24643981716607413,0.20366588843611313,0.6215231663018059
"frozenset({'descending_soil_presence=0', 'rooting_depth_class=4'})","frozenset({'surface_stoniness_class=4', 'usda_hydrologic_group=C'})",0.21809465949455217,0.05399041254440074,0.05379529318900414,0.24666029564262623,4.56859438589726,1.0,0.042020272549162664,1.2557543190459872,0.9989883112388755,0.24643981716607413,0.20366588843611313,0.6215231663018059
"frozenset({'surface_stoniness_class=4', 'usda_hydrologic_group=C'})","frozenset({'descending_soil_presence=0', 'rooting_depth_class=4'})",0.05399041254440074,0.21809465949455217,0.05379529318900414,0.9963860369609856,4.56859438589726,1.0,0.042020272549162664,216.3567618330399,0.825693847100526,0.24643981716607413,0.9953780044056506,0.6215231663018059
"frozenset({'ascending_soil_presence=0', 'rooting_depth_class=4'})","frozenset({'landslide_surface_class=2', 'surface_stoniness_class=4', 'usda_hydrologic_group=C'})",0.21858245788304367,0.05399041254440074,0.053910590989920314,0.2466373171572904,4.568168782827142,1.0,0.04210923391384569,1.2557160169998909,0.9995858303823877,0.246547283457381,0.20364159852865285,0.6225794388661195
"frozenset({'landslide_surface_class=2', 'surface_stoniness_class=4', 'usda_hydrologic_group=C'})","frozenset({'ascending_soil_presence=0', 'rooting_depth_class=4'})",0.05399041254440074,0.21858245788304367,0.053910590989920314,0.9985215605749487,4.568168782827142,1.0,0.04210923391384569,528.5421430707779,0.8256722902916697,0.246547283457381,0.9981080032820276,0.6225794388661195
"frozenset({'surface_stoniness_class=4', 'usda_hydrologic_group=C'})","frozenset({'ascending_soil_presence=0', 'rooting_depth_class=4'})",0.05399041254440074,0.21858245788304367,0.053910590989920314,0.9985215605749487,4.568168782827142,1.0,0.04210923391384569,528.5421430707779,0.8256722902916697,0.246547283457381,0.9981080032820276,0.6225794388661195
"frozenset({'ascending_soil_presence=0', 'rooting_depth_class=4'})","frozenset({'surface_stoniness_class=4', 'usda_hydrologic_group=C'})",0.21858245788304367,0.05399041254440074,0.053910590989920314,0.2466373171572904,4.568168782827142,1.0,0.04210923391384569,1.2557160169998909,0.9995858303823877,0.246547283457381,0.20364159852865285,0.6225794388661195
"frozenset({'landslide_surface_class=2', 'surface_stoniness_class=4'})","frozenset({'ascending_soil_presence=0', 'rooting_depth_class=4'})",0.05451812171013246,0.21858245788304367,0.05443386562484756,0.9984545306653652,4.567862125512403,1.0,0.04251716058227988,505.61827698870985,0.8261175858357392,0.24893530723991078,0.9980222233935931,0.6237428969895773
"frozenset({'ascending_soil_presence=0', 'rooting_depth_class=4'})","frozenset({'landslide_surface_class=2', 'surface_stoniness_class=4'})",0.21858245788304367,0.05451812171013246,0.05443386562484756,0.24903126331378952,4.567862125512402,1.0,0.04251716058227988,1.2590162973521142,0.9995670235764427,0.24893530723991078,0.20572910604641212,0.6237428969895773
"frozenset({'landslide_surface_class=2', 'surface_stoniness_class=4'})","frozenset({'descending_soil_presence=0', 'rooting_depth_class=4'})",0.05451812171013246,0.21809465949455217,0.05430969876232245,0.9961769969090613,4.567635902767004,1.0,0.04241958757166856,204.52647353561227,0.8261061180757624,0.24878118144145608,0.9951106573994399,0.6225979634918418
"frozenset({'descending_soil_presence=0', 'rooting_depth_class=4'})","frozenset({'landslide_surface_class=2', 'surface_stoniness_class=4'})",0.21809465949455217,0.05451812171013246,0.05430969876232245,0.2490189300746223,4.567635902767004,1.0,0.04241958757166856,1.258995620733578,0.9989295682263997,0.24878118144145608,0.20571606165132597,0.6225979634918418
"frozenset({'landslide_surface_class=1', 'rooting_depth_class=1'})","frozenset({'tipo_movimento_<lambda_0>_1ring=0', 'surface_stoniness_class=1', 'usda_hydrologic_group=C'})",0.13295610257956658,0.08611858822277309,0.051289783284479584,0.3857647922086585,4.479460243945887,1.0,0.03983979143472511,1.487836255859297,0.8958702324268755,0.3056877048313775,0.3278830274085156,0.49066818395190903
"frozenset({'tipo_movimento_<lambda_0>_1ring=0', 'surface_stoniness_class=1', 'usda_hydrologic_group=C'})","frozenset({'landslide_surface_class=1', 'rooting_depth_class=1'})",0.08611858822277309,0.13295610257956658,0.051289783284479584,0.5955715756951596,4.479460243945886,1.0,0.03983979143472511,2.1438747756435976,0.8499558125334701,0.3056877048313775,0.5335548459448631,0.49066818395190903
"frozenset({'landslide_surface_class=2', 'pai_landslide_hazard_level=Moderata P1'})","frozenset({'surface_stoniness_class=2', 'usda_hydrologic_group=B', 'is_locality_1ring=0'})",0.11618470707706771,0.1047391830707352,0.05339175088579753,0.4595419847328244,4.387488724467849,1.0,0.04122265958123279,1.6564854098549955,0.873575273615927,0.3186955716138596,0.39631221980546305,0.48465053849452944
"frozenset({'surface_stoniness_class=2', 'usda_hydrologic_group=B', 'is_locality_1ring=0'})","frozenset({'landslide_surface_class=2', 'pai_landslide_hazard_level=Moderata P1'})",0.1047391830707352,0.11618470707706771,0.05339175088579753,0.5097590922562344,4.387488724467849,1.0,0.04122265958123279,1.8028183265866429,0.8624069899421207,0.3186955716138596,0.4453129384959465,0.48465053849452944
"frozenset({'surface_stoniness_class=2', 'hydraulic_hazard_level=0', 'usda_hydrologic_group=B'})","frozenset({'landslide_surface_class=2', 'pai_landslide_hazard_level=Moderata P1'})",0.11402509057529168,0.11618470707706771,0.05805687729209811,0.509158791272897,4.382321943069163,1.0,0.04480890554417173,1.8006134717476712,0.8711425778001823,0.3372401535251539,0.44463372306694876,0.5044267238807233
"frozenset({'landslide_surface_class=2', 'pai_landslide_hazard_level=Moderata P1'})","frozenset({'surface_stoniness_class=2', 'hydraulic_hazard_level=0', 'usda_hydrologic_group=B'})",0.11618470707706771,0.11402509057529168,0.05805687729209811,0.4996946564885496,4.382321943069163,1.0,0.04480890554417173,1.7708683725150562,0.8732712283242021,0.3372401535251539,0.4353052911664117,0.5044267238807233
"frozenset({'landslide_surface_class=2', 'hydraulic_hazard_level=0', 'pai_landslide_hazard_level=Moderata P1'})","frozenset({'surface_stoniness_class=2', 'usda_hydrologic_group=B'})",0.11122690163767222,0.11944408721835187,0.05805687729209811,0.521967945139941,4.369977261291707,1.0,0.04477148155186095,1.8420436534102838,0.8676746165789087,0.33633911368015407,0.45712470052018517,0.5040134880702489
"frozenset({'surface_stoniness_class=2', 'usda_hydrologic_group=B'})","frozenset({'landslide_surface_class=2', 'hydraulic_hazard_level=0', 'pai_landslide_hazard_level=Moderata P1'})",0.11944408721835187,0.11122690163767222,0.05805687729209811,0.48605903100055686,4.369977261291706,1.0,0.04477148155186095,1.7293291486230797,0.8757715962761444,0.33633911368015407,0.421741083358124,0.5040134880702489
"frozenset({'landslide_surface_class=2', 'pai_landslide_hazard_level=Moderata P1', 'is_locality_1ring=0'})","frozenset({'surface_stoniness_class=2', 'usda_hydrologic_group=B'})",0.10371480645490304,0.11944408721835187,0.05339175088579753,0.5147939114075595,4.30991540390343,1.0,0.04100363049776361,1.8148080444252017,0.8568443280415915,0.31449990857560794,0.44897753617974134,0.48089797668020445
"frozenset({'surface_stoniness_class=2', 'usda_hydrologic_group=B'})","frozenset({'landslide_surface_class=2', 'pai_landslide_hazard_level=Moderata P1', 'is_locality_1ring=0'})",0.11944408721835187,0.10371480645490304,0.05339175088579753,0.4470020419528494,4.309915403903429,1.0,0.04100363049776361,1.6207748699655713,0.872150051177059,0.31449990857560794,0.3830111642703085,0.48089797668020445
"frozenset({'surface_stoniness_class=2', 'descending_soil_presence=0', 'usda_hydrologic_group=B'})","frozenset({'landslide_surface_class=2', 'pai_landslide_hazard_level=Moderata P1'})",0.11828224014758118,0.11618470707706771,0.05895265251460069,0.4984066284257489,4.289778241598918,1.0,0.04521006509063459,1.7620154950394926,0.8697655324569448,0.3358851916420324,0.43246810098137833,0.5029056042892104
"frozenset({'landslide_surface_class=2', 'pai_landslide_hazard_level=Moderata P1'})","frozenset({'surface_stoniness_class=2', 'descending_soil_presence=0', 'usda_hydrologic_group=B'})",0.11618470707706771,0.11828224014758118,0.05895265251460069,0.5074045801526718,4.289778241598918,1.0,0.04521006509063459,1.7899430736195083,0.8677013432733793,0.3358851916420324,0.4413230148275811,0.5029056042892104
"frozenset({'landslide_surface_class=2', 'pai_landslide_hazard_level=Moderata P1', 'descending_soil_presence=0'})","frozenset({'surface_stoniness_class=2', 'usda_hydrologic_group=B'})",0.1151381578072132,0.11944408721835187,0.05895265251460069,0.5120166384224311,4.286663746581528,1.0,0.04520008035131556,1.8044793780159993,0.8664836831324366,0.3356646888019189,0.4458235365928723,0.5027876026713974
"frozenset({'surface_stoniness_class=2', 'usda_hydrologic_group=B'})","frozenset({'landslide_surface_class=2', 'pai_landslide_hazard_level=Moderata P1', 'descending_soil_presence=0'})",0.11944408721835187,0.1151381578072132,0.05895265251460069,0.49355856692036376,4.286663746581528,1.0,0.04520008035131556,1.747214553145862,0.8707207991648366,0.3356646888019189,0.427660444906724,0.5027876026713974
"frozenset({'landslide_surface_class=2', 'pai_landslide_hazard_level=Moderata P1'})","frozenset({'surface_stoniness_class=2', 'usda_hydrologic_group=B'})",0.11618470707706771,0.11944408721835187,0.05944931996470113,0.5116793893129771,4.2838402572208745,1.0,0.04557174367914919,1.8032331495137706,0.8673357405443843,0.3374361297792544,0.4454405409141668,0.5046980573815674
"frozenset({'surface_stoniness_class=2', 'usda_hydrologic_group=B'})","frozenset({'landslide_surface_class=2', 'pai_landslide_hazard_level=Moderata P1'})",0.11944408721835187,0.11618470707706771,0.05944931996470113,0.4977167254501577,4.2838402572208745,1.0,0.04557174367914919,1.7595953074786888,0.8705461861816477,0.3374361297792544,0.4316875046496386,0.5046980573815674
"frozenset({'landslide_surface_class=2', 'pai_landslide_hazard_level=Moderata P1'})","frozenset({'ascending_soil_presence=0', 'surface_stoniness_class=2', 'usda_hydrologic_group=B'})",0.11618470707706771,0.11812703156942479,0.0587841403440309,0.5059541984732825,4.2831364824056095,1.0,0.04505958578325375,1.7850024546416154,0.8672923418136346,0.33489970188469503,0.43977668075488713,0.5017945780263402
"frozenset({'ascending_soil_presence=0', 'surface_stoniness_class=2', 'usda_hydrologic_group=B'})","frozenset({'landslide_surface_class=2', 'pai_landslide_hazard_level=Moderata P1'})",0.11812703156942479,0.11618470707706771,0.0587841403440309,0.49763495757939785,4.283136482405609,1.0,0.04505958578325375,1.7593089054611473,0.8692025524877822,0.33489970188469503,0.43159498772736465,0.5017945780263402
"frozenset({'landslide_surface_class=2', 'ascending_soil_presence=0', 'pai_landslide_hazard_level=Moderata P1'})","frozenset({'surface_stoniness_class=2', 'usda_hydrologic_group=B'})",0.11516033046123555,0.11944408721835187,0.0587841403440309,0.5104547729985752,4.27358762485605,1.0,0.04502891978832486,1.7987222920653363,0.8656987138663139,0.3343422114608555,0.4440498100172118,0.5013012680660223
"frozenset({'surface_stoniness_class=2', 'usda_hydrologic_group=B'})","frozenset({'landslide_surface_class=2', 'ascending_soil_presence=0', 'pai_landslide_hazard_level=Moderata P1'})",0.11944408721835187,0.11516033046123555,0.0587841403440309,0.4921477631334694,4.27358762485605,1.0,0.04502891978832486,1.7423171649262825,0.8699101928437668,0.3343422114608555,0.4260516855768278,0.5013012680660223
"frozenset({'usda_hydrologic_group=D', 'hydraulic_hazard_level=0'})","frozenset({'surface_stoniness_class=1', 'landslide_surface_class=3', 'rooting_depth_class=1'})",0.1372664665215097,0.10213167895770787,0.059453754495505606,0.4331265749176197,4.240864140664669,1.0,0.04543449980507182,1.5838955952324105,0.8857879885029054,0.3304007097441964,0.36864525476929155,0.5076275052522188
"frozenset({'surface_stoniness_class=1', 'landslide_surface_class=3', 'rooting_depth_class=1'})","frozenset({'usda_hydrologic_group=D', 'hydraulic_hazard_level=0'})",0.10213167895770787,0.1372664665215097,0.059453754495505606,0.5821284355868178,4.240864140664669,1.0,0.04543449980507182,2.06459019218029,0.8511259204988924,0.3304007097441964,0.5156423760087905,0.5076275052522188
"frozenset({'landslide_surface_class=2', 'hydraulic_hazard_level=0', 'usda_hydrologic_group=B'})","frozenset({'pai_landslide_hazard_level=Moderata P1', 'rooting_depth_class=4'})",0.14594040877504955,0.09934679361250183,0.061427120703493966,0.4209054998480705,4.236729586762462,1.0,0.046928409033194965,1.5552784669016984,0.8945147327100939,0.3340971033018982,0.3570283256141775,0.5196077738047655
"frozenset({'pai_landslide_hazard_level=Moderata P1', 'rooting_depth_class=4'})","frozenset({'landslide_surface_class=2', 'hydraulic_hazard_level=0', 'usda_hydrologic_group=B'})",0.09934679361250183,0.14594040877504955,0.061427120703493966,0.6183100477614605,4.236729586762462,1.0,0.046928409033194965,2.237574204445394,0.8482386800435013,0.3340971033018982,0.5530874471053082,0.5196077738047655
"frozenset({'landslide_surface_class=2', 'usda_hydrologic_group=B'})","frozenset({'hydraulic_hazard_level=0', 'pai_landslide_hazard_level=Moderata P1', 'rooting_depth_class=4'})",0.1527740207447351,0.09589672864662555,0.061427120703493966,0.40207831412731126,4.192826176677507,1.0,0.046776591891882165,1.5120764018348027,0.898812601838601,0.3280598711633194,0.33865775645558166,0.5213166137110544
"frozenset({'hydraulic_hazard_level=0', 'pai_landslide_hazard_level=Moderata P1', 'rooting_depth_class=4'})","frozenset({'landslide_surface_class=2', 'usda_hydrologic_group=B'})",0.09589672864662555,0.1527740207447351,0.061427120703493966,0.6405549132947976,4.192826176677507,1.0,0.046776591891882165,2.3570386982368583,0.8422681466684409,0.3280598711633194,0.5757388282389965,0.5213166137110544
"frozenset({'landslide_surface_class=2', 'usda_hydrologic_group=B'})","frozenset({'pai_landslide_hazard_level=Moderata P1', 'rooting_depth_class=4'})",0.1527740207447351,0.09934679361250183,0.06330292723378403,0.4143566224492758,4.17081022328166,1.0,0.04812531812550476,1.5378867770249653,0.8973266287466579,0.3352591653162357,0.3497570725365783,0.5257740350116307
"frozenset({'pai_landslide_hazard_level=Moderata P1', 'rooting_depth_class=4'})","frozenset({'landslide_surface_class=2', 'usda_hydrologic_group=B'})",0.09934679361250183,0.1527740207447351,0.06330292723378403,0.6371914475739856,4.17081022328166,1.0,0.04812531812550476,2.33518745241827,0.8440967359690128,0.3352591653162357,0.5717688535177673,0.5257740350116307
"frozenset({'landslide_surface_class=2', 'usda_hydrologic_group=B'})","frozenset({'pai_landslide_hazard_level=Moderata P1', 'descending_soil_presence=0', 'rooting_depth_class=4'})",0.1527740207447351,0.09841110761275904,0.06264661667472272,0.4100606658732693,4.166812830588493,1.0,0.04761195607877872,1.5282739092517632,0.8970551391904219,0.33227490826982775,0.3456670339353003,0.5233207078465121
"frozenset({'pai_landslide_hazard_level=Moderata P1', 'descending_soil_presence=0', 'rooting_depth_class=4'})","frozenset({'landslide_surface_class=2', 'usda_hydrologic_group=B'})",0.09841110761275904,0.1527740207447351,0.06264661667472272,0.6365807498197548,4.166812830588493,1.0,0.04761195607877872,2.331263351721368,0.8429655968078877,0.33227490826982775,0.5710480331355032,0.5233207078465121
"frozenset({'pai_landslide_hazard_level=Moderata P1', 'rooting_depth_class=4'})","frozenset({'landslide_surface_class=2', 'descending_soil_presence=0', 'usda_hydrologic_group=B'})",0.09934679361250183,0.1514613996266125,0.06264661667472272,0.6305851894835512,4.163339247082689,1.0,0.04759941226575699,2.29698045724565,0.8436190334587728,0.3329405387570407,0.5646458389118739,0.522099797201152
"frozenset({'landslide_surface_class=2', 'descending_soil_presence=0', 'usda_hydrologic_group=B'})","frozenset({'pai_landslide_hazard_level=Moderata P1', 'rooting_depth_class=4'})",0.1514613996266125,0.09934679361250183,0.06264661667472272,0.4136144049187527,4.163339247082689,1.0,0.04759941226575699,1.5359401969325441,0.895431494948872,0.3329405387570407,0.34893298450218363,0.522099797201152
"frozenset({'landslide_surface_class=2', 'usda_hydrologic_group=B'})","frozenset({'ascending_soil_presence=0', 'pai_landslide_hazard_level=Moderata P1', 'rooting_depth_class=4'})",0.1527740207447351,0.09843328026678137,0.06258896777426465,0.4096833183361877,4.16204069625469,1.0,0.047550919772815066,1.5272594316531012,0.8967303488677153,0.33182865472328027,0.34523239518147686,0.5227675050031166
"frozenset({'ascending_soil_presence=0', 'pai_landslide_hazard_level=Moderata P1', 'rooting_depth_class=4'})","frozenset({'landslide_surface_class=2', 'usda_hydrologic_group=B'})",0.09843328026678137,0.1527740207447351,0.06258896777426465,0.6358516916700455,4.162040696254689,1.0,0.047550919772815066,2.3265959497128685,0.8426811142409705,0.33182865472328027,0.5701875092994069,0.5227675050031166
"frozenset({'landslide_surface_class=2', 'ascending_soil_presence=0', 'usda_hydrologic_group=B'})","frozenset({'pai_landslide_hazard_level=Moderata P1', 'rooting_depth_class=4'})",0.151532352119484,0.09934679361250183,0.06258896777426465,0.4130402973281438,4.157560423532045,1.0,0.04753471446263332,1.5344378877931495,0.8951128937503833,0.3324069712670749,0.34829554981973615,0.5215226036924163
"frozenset({'pai_landslide_hazard_level=Moderata P1', 'rooting_depth_class=4'})","frozenset({'landslide_surface_class=2', 'ascending_soil_presence=0', 'usda_hydrologic_group=B'})",0.09934679361250183,0.151532352119484,0.06258896777426465,0.6300049100566889,4.157560423532045,1.0,0.04753471446263332,2.2931862366349622,0.8432483514871902,0.3324069712670749,0.5639255181177927,0.5215226036924163
"frozenset({'pai_landslide_hazard_level=Moderata P1', 'rooting_depth_class=4'})","frozenset({'landslide_surface_class=2', 'usda_hydrologic_group=B', 'is_locality_1ring=0'})",0.09934679361250183,0.13667223939371095,0.05627863043950635,0.5664866312547427,4.144855120306238,1.0,0.042700681679900904,1.99146744448751,0.8424297368411559,0.31311062863909994,0.4978577215670513,0.489132348722764
"frozenset({'landslide_surface_class=2', 'usda_hydrologic_group=B', 'is_locality_1ring=0'})","frozenset({'pai_landslide_hazard_level=Moderata P1', 'rooting_depth_class=4'})",0.13667223939371095,0.09934679361250183,0.05627863043950635,0.4117780661907852,4.144855120306238,1.0,0.042700681679900904,1.531145227031976,0.8788516693930067,0.31311062863909994,0.34689408793806326,0.489132348722764
"frozenset({'tipo_movimento_<lambda_0>_1ring=0', 'usda_hydrologic_group=C', 'rooting_depth_class=1'})","frozenset({'landslide_surface_class=1', 'surface_stoniness_class=1'})",0.08770615025077272,0.14142162188529642,0.051289783284479584,0.5847911821215491,4.135090337147023,1.0,0.038886237266699805,2.067823083579226,0.8310560407202551,0.2884073510709922,0.5163996340203897,0.47373201826594213
"frozenset({'landslide_surface_class=1', 'surface_stoniness_class=1'})","frozenset({'tipo_movimento_<lambda_0>_1ring=0', 'usda_hydrologic_group=C', 'rooting_depth_class=1'})",0.14142162188529642,0.08770615025077272,0.051289783284479584,0.3626728544103352,4.135090337147023,1.0,0.038886237266699805,1.431437301960768,0.8830496249053491,0.2884073510709922,0.30140146646296667,0.47373201826594213
"frozenset({'landslide_surface_class=2', 'usda_hydrologic_group=B'})","frozenset({'pai_landslide_hazard_level=Moderata P1', 'is_locality_1ring=0', 'rooting_depth_class=4'})",0.1527740207447351,0.0891340691698115,0.05627863043950635,0.3683782763925576,4.1328560428532795,1.0,0.04266126030709492,1.4421067179701668,0.8947277282869859,0.3031772575250836,0.30657004260576,0.4998856556092141
"frozenset({'pai_landslide_hazard_level=Moderata P1', 'is_locality_1ring=0', 'rooting_depth_class=4'})","frozenset({'landslide_surface_class=2', 'usda_hydrologic_group=B'})",0.0891340691698115,0.1527740207447351,0.05627863043950635,0.6313930348258706,4.132856042853279,1.0,0.04266126030709492,2.298453527200813,0.832215313041607,0.3031772575250836,0.564924855705977,0.4998856556092141
"frozenset({'hydraulic_hazard_level=0', 'pai_landslide_hazard_level=Moderata P1', 'usda_hydrologic_group=B'})","frozenset({'landslide_surface_class=2', 'surface_stoniness_class=2'})",0.16093355742495666,0.09205199043915159,0.05805687729209811,0.360750599322146,3.918987493927251,1.0,0.043242623002677345,1.420334549548375,0.8876913834913336,0.29783652205564526,0.295940523084529,0.4957235991118871
"frozenset({'landslide_surface_class=2', 'surface_stoniness_class=2'})","frozenset({'hydraulic_hazard_level=0', 'pai_landslide_hazard_level=Moderata P1', 'usda_hydrologic_group=B'})",0.09205199043915159,0.16093355742495666,0.05805687729209811,0.6306965989016282,3.918987493927251,1.0,0.043242623002677345,2.272024682360129,0.820346587477898,0.29783652205564526,0.5598639364422652,0.4957235991118871
"frozenset({'pai_landslide_hazard_level=Moderata P1', 'usda_hydrologic_group=B'})","frozenset({'landslide_surface_class=2', 'surface_stoniness_class=2', 'hydraulic_hazard_level=0'})",0.17169616368740107,0.08791013866777826,0.05805687729209811,0.3381373004803967,3.8463970777961505,1.0,0.04296304373361313,1.3780650609170748,0.8934118242330356,0.288052805280528,0.2743448561604777,0.49927446137821285
"frozenset({'landslide_surface_class=2', 'surface_stoniness_class=2', 'hydraulic_hazard_level=0'})","frozenset({'pai_landslide_hazard_level=Moderata P1', 'usda_hydrologic_group=B'})",0.08791013866777826,0.17169616368740107,0.05805687729209811,0.660411622276029,3.8463970777961505,1.0,0.04296304373361313,2.439140708713749,0.8113415934021827,0.288052805280528,0.5900195522023255,0.49927446137821285
"frozenset({'landslide_surface_class=2', 'surface_stoniness_class=2'})","frozenset({'pai_landslide_hazard_level=Moderata P1', 'is_locality_1ring=0', 'usda_hydrologic_group=B'})",0.09205199043915159,0.15182059662177444,0.05339175088579753,0.5800173427112438,3.820412747792196,1.0,0.039416362777103656,2.0195581618863505,0.8130952098343868,0.2802998556595428,0.5048421883200637,0.4658469702223119
"frozenset({'pai_landslide_hazard_level=Moderata P1', 'is_locality_1ring=0', 'usda_hydrologic_group=B'})","frozenset({'landslide_surface_class=2', 'surface_stoniness_class=2'})",0.15182059662177444,0.09205199043915159,0.05339175088579753,0.35167659773338006,3.820412747792196,1.0,0.039416362777103656,1.4004553998614706,0.8703915402946746,0.2802998556595428,0.2859465570278659,0.4658469702223119
"frozenset({'landslide_surface_class=3', 'rooting_depth_class=1'})","frozenset({'surface_stoniness_class=1', 'usda_hydrologic_group=D', 'hydraulic_hazard_level=0'})",0.11770131661219585,0.13275211416256102,0.059453754495505606,0.5051239544872278,3.8050162716706755,1.0,0.043828655875519644,1.7524547686256038,0.8355322844820748,0.3112767291216828,0.42937186288450163,0.47648968969684746
"frozenset({'surface_stoniness_class=1', 'usda_hydrologic_group=D', 'hydraulic_hazard_level=0'})","frozenset({'landslide_surface_class=3', 'rooting_depth_class=1'})",0.13275211416256102,0.11770131661219585,0.059453754495505606,0.4478554249064672,3.8050162716706755,1.0,0.043828655875519644,1.5979486590778214,0.8500326683583532,0.3112767291216828,0.3741976662897908,0.47648968969684746
"frozenset({'landslide_surface_class=2', 'surface_stoniness_class=2', 'is_locality_1ring=0'})","frozenset({'pai_landslide_hazard_level=Moderata P1', 'usda_hydrologic_group=B'})",0.08183926599646124,0.17169616368740107,0.05339175088579753,0.6523977241939853,3.7997221963664516,1.0,0.03934026287521236,2.382906827614811,0.8024987761837626,0.2667671105399596,0.5803444816174547,0.4816820998675386
"frozenset({'pai_landslide_hazard_level=Moderata P1', 'usda_hydrologic_group=B'})","frozenset({'landslide_surface_class=2', 'surface_stoniness_class=2', 'is_locality_1ring=0'})",0.17169616368740107,0.08183926599646124,0.05339175088579753,0.31096647554109197,3.7997221963664516,1.0,0.03934026287521236,1.3325341966844968,0.8895562631436982,0.2667671105399596,0.24955021605590427,0.4816820998675386
"frozenset({'landslide_surface_class=2', 'surface_stoniness_class=2'})","frozenset({'pai_landslide_hazard_level=Moderata P1', 'descending_soil_presence=0', 'usda_hydrologic_group=B'})",0.09205199043915159,0.16959419608608312,0.05895265251460069,0.6404277868773485,3.7762364612541237,1.0,0.04334116919794897,2.3094270736394806,0.8097226570268785,0.29084624135818676,0.5669921724680935,0.4940189347523444
"frozenset({'pai_landslide_hazard_level=Moderata P1', 'descending_soil_presence=0', 'usda_hydrologic_group=B'})","frozenset({'landslide_surface_class=2', 'surface_stoniness_class=2'})",0.16959419608608312,0.09205199043915159,0.05895265251460069,0.3476100826273402,3.7762364612541237,1.0,0.04334116919794897,1.3917259991040116,0.8853334975246491,0.29084624135818676,0.28146775971434274,0.4940189347523444
"frozenset({'landslide_surface_class=2', 'surface_stoniness_class=2'})","frozenset({'ascending_soil_presence=0', 'pai_landslide_hazard_level=Moderata P1', 'usda_hydrologic_group=B'})",0.09205199043915159,0.16957202343206076,0.0587841403440309,0.6385971673571634,3.7659347009739386,1.0,0.04317469806431525,2.297790447560288,0.8089248120920184,0.2898056448263046,0.5647993048879786,0.4926294762228428
"frozenset({'ascending_soil_presence=0', 'pai_landslide_hazard_level=Moderata P1', 'usda_hydrologic_group=B'})","frozenset({'landslide_surface_class=2', 'surface_stoniness_class=2'})",0.16957202343206076,0.09205199043915159,0.0587841403440309,0.3466617850885222,3.7659347009739386,1.0,0.04317469806431525,1.3897059575550288,0.8844375355208707,0.2898056448263046,0.28042331936221654,0.4926294762228428
"frozenset({'landslide_surface_class=2', 'surface_stoniness_class=2'})","frozenset({'pai_landslide_hazard_level=Moderata P1', 'usda_hydrologic_group=B'})",0.09205199043915159,0.17169616368740107,0.05944931996470113,0.6458232970421042,3.7614311419206987,1.0,0.04364434634650948,2.3386739709163393,0.8085746501197767,0.29099196874321676,0.5724072647851038,0.4960352602778577
"frozenset({'pai_landslide_hazard_level=Moderata P1', 'usda_hydrologic_group=B'})","frozenset({'landslide_surface_class=2', 'surface_stoniness_class=2'})",0.17169616368740107,0.09205199043915159,0.05944931996470113,0.3462472235136112,3.7614311419206987,1.0,0.04364434634650948,1.3888247089987722,0.8863217963903615,0.29099196874321676,0.2799667276074623,0.4960352602778577
"frozenset({'landslide_surface_class=2', 'surface_stoniness_class=2', 'descending_soil_presence=0'})","frozenset({'pai_landslide_hazard_level=Moderata P1', 'usda_hydrologic_group=B'})",0.09131585832560986,0.17169616368740107,0.05895265251460069,0.6455905205905206,3.7600753955453317,1.0,0.043274069956271255,2.3371379278362614,0.8078141263833148,0.2888995132127955,0.5721262369286836,0.4944725163518747
"frozenset({'pai_landslide_hazard_level=Moderata P1', 'usda_hydrologic_group=B'})","frozenset({'landslide_surface_class=2', 'surface_stoniness_class=2', 'descending_soil_presence=0'})",0.17169616368740107,0.09131585832560986,0.05895265251460069,0.3433545121132289,3.760075395545331,1.0,0.043274069956271255,1.3838275880014566,0.8862060682138898,0.2888995132127955,0.2773666252425173,0.4944725163518747
"frozenset({'usda_hydrologic_group=D', 'hydraulic_hazard_level=0'})","frozenset({'landslide_surface_class=3', 'rooting_depth_class=1'})",0.1372664665215097,0.11770131661219585,0.060686554059147774,0.4421076436001809,3.7561826522029835,1.0,0.04453011022286218,1.5814855200408877,0.8505201623180975,0.31236447467530987,0.36768311354874367,0.4788527819387386
"frozenset({'landslide_surface_class=3', 'rooting_depth_class=1'})","frozenset({'usda_hydrologic_group=D', 'hydraulic_hazard_level=0'})",0.11770131661219585,0.1372664665215097,0.060686554059147774,0.5155979202772963,3.7561826522029835,1.0,0.04453011022286218,1.7810277238536274,0.8316597074744473,0.31236447467530987,0.43852642684511955,0.4788527819387386
"frozenset({'surface_stoniness_class=1', 'landslide_surface_class=3', 'rooting_depth_class=1'})","frozenset({'ascending_soil_presence=0', 'usda_hydrologic_group=D'})",0.10213167895770787,0.17680030864334398,0.06780841053112376,0.6639312231340367,3.755260543539961,1.0,0.049751498169138084,2.4494976862577706,0.817165362895076,0.32117876872019996,0.5917530334442758,0.5237311436847039
"frozenset({'ascending_soil_presence=0', 'usda_hydrologic_group=D'})","frozenset({'surface_stoniness_class=1', 'landslide_surface_class=3', 'rooting_depth_class=1'})",0.17680030864334398,0.10213167895770787,0.06780841053112376,0.38353106423537087,3.755260543539961,1.0,0.049751498169138084,1.4564696920675053,0.8912866466061811,0.32117876872019996,0.3134083012874316,0.5237311436847039
"frozenset({'usda_hydrologic_group=D', 'descending_soil_presence=0'})","frozenset({'surface_stoniness_class=1', 'landslide_surface_class=3', 'rooting_depth_class=1'})",0.17660518928794738,0.10213167895770787,0.06770641632262099,0.3833772755806655,3.7537547555584565,1.0,0.049669431827999114,1.4561064415649014,0.8909457061826983,0.3208371858451711,0.3132370193175689,0.5231549223632996
"frozenset({'surface_stoniness_class=1', 'landslide_surface_class=3', 'rooting_depth_class=1'})","frozenset({'usda_hydrologic_group=D', 'descending_soil_presence=0'})",0.10213167895770787,0.17660518928794738,0.06770641632262099,0.6629325691459338,3.753754755558456,1.0,0.049669431827999114,2.442819256152169,0.8170463907730009,0.3208371858451711,0.5906369259692344,0.5231549223632996
"frozenset({'pai_landslide_hazard_level=Moderata P1', 'usda_hydrologic_group=B'})","frozenset({'landslide_surface_class=2', 'ascending_soil_presence=0', 'surface_stoniness_class=2'})",0.17169616368740107,0.09126264395595624,0.0587841403440309,0.34237305645952787,3.751513671078373,1.0,0.04311469448882403,1.3818432547055723,0.8854732968523429,0.287911037748143,0.27632892037883944,0.49324678090226154
"frozenset({'landslide_surface_class=2', 'ascending_soil_presence=0', 'surface_stoniness_class=2'})","frozenset({'pai_landslide_hazard_level=Moderata P1', 'usda_hydrologic_group=B'})",0.09126264395595624,0.17169616368740107,0.0587841403440309,0.6441205053449952,3.751513671078373,1.0,0.04311469448882403,2.3274840184753263,0.8070989091149596,0.287911037748143,0.5703515074380301,0.49324678090226154
"frozenset({'surface_stoniness_class=1', 'landslide_surface_class=3', 'rooting_depth_class=1'})","frozenset({'usda_hydrologic_group=D', 'is_locality_1ring=0'})",0.10213167895770787,0.16473395032438592,0.06304572444712488,0.6172984238634884,3.7472447097148764,1.0,0.046221169519159694,2.1825518935873696,0.8165309325794168,0.30932074322266223,0.5418207452761447,0.5000054087660287
"frozenset({'usda_hydrologic_group=D', 'is_locality_1ring=0'})","frozenset({'surface_stoniness_class=1', 'landslide_surface_class=3', 'rooting_depth_class=1'})",0.16473395032438592,0.10213167895770787,0.06304572444712488,0.382712393668569,3.7472447097148764,1.0,0.046221169519159694,1.4545380659403895,0.8777290275342818,0.30932074322266223,0.3124965077118976,0.5000054087660287
"frozenset({'landslide_surface_class=2', 'ascending_soil_presence=0'})","frozenset({'surface_stoniness_class=4', 'usda_hydrologic_group=C'})",0.2766748114215775,0.05399041254440074,0.053910590989920314,0.19485182157683,3.6090078292435233,1.0,0.038972803780625065,1.1749509131453257,0.9994336536289061,0.19479562242625265,0.14890061464524065,0.5966866910758893
"frozenset({'surface_stoniness_class=4', 'usda_hydrologic_group=C', 'rooting_depth_class=4'})","frozenset({'landslide_surface_class=2', 'ascending_soil_presence=0'})",0.05399041254440074,0.2766748114215775,0.053910590989920314,0.9985215605749487,3.6090078292435233,1.0,0.038972803780625065,489.2491206079082,0.7641735829835657,0.19479562242625265,0.9979560515126579,0.5966866910758893
"frozenset({'surface_stoniness_class=4', 'usda_hydrologic_group=C'})","frozenset({'landslide_surface_class=2', 'ascending_soil_presence=0'})",0.05399041254440074,0.2766748114215775,0.053910590989920314,0.9985215605749487,3.6090078292435233,1.0,0.038972803780625065,489.2491206079082,0.7641735829835657,0.19479562242625265,0.9979560515126579,0.5966866910758893
"frozenset({'landslide_surface_class=2', 'ascending_soil_presence=0'})","frozenset({'surface_stoniness_class=4', 'usda_hydrologic_group=C', 'rooting_depth_class=4'})",0.2766748114215775,0.05399041254440074,0.053910590989920314,0.19485182157683,3.6090078292435233,1.0,0.038972803780625065,1.1749509131453257,0.9994336536289061,0.19479562242625265,0.14890061464524065,0.5966866910758893
"frozenset({'landslide_surface_class=2', 'descending_soil_presence=0'})","frozenset({'surface_stoniness_class=4', 'usda_hydrologic_group=C'})",0.2763466561420469,0.05399041254440074,0.05379529318900414,0.19466598199528218,3.605565744384568,1.0,0.03887522321862937,1.174679780446152,0.9986149045124288,0.1945286316768493,0.14870416887554433,0.5955260094781338
"frozenset({'landslide_surface_class=2', 'descending_soil_presence=0'})","frozenset({'surface_stoniness_class=4', 'usda_hydrologic_group=C', 'rooting_depth_class=4'})",0.2763466561420469,0.05399041254440074,0.05379529318900414,0.19466598199528218,3.605565744384568,1.0,0.03887522321862937,1.174679780446152,0.9986149045124288,0.1945286316768493,0.14870416887554433,0.5955260094781338
"frozenset({'surface_stoniness_class=4', 'usda_hydrologic_group=C', 'rooting_depth_class=4'})","frozenset({'landslide_surface_class=2', 'descending_soil_presence=0'})",0.05399041254440074,0.2763466561420469,0.05379529318900414,0.9963860369609856,3.605565744384568,1.0,0.03887522321862937,200.2381695788753,0.7638939651980294,0.1945286316768493,0.9950059471573122,0.5955260094781338
"frozenset({'surface_stoniness_class=4', 'usda_hydrologic_group=C'})","frozenset({'landslide_surface_class=2', 'descending_soil_presence=0'})",0.05399041254440074,0.2763466561420469,0.05379529318900414,0.9963860369609856,3.605565744384568,1.0,0.03887522321862937,200.2381695788753,0.7638939651980294,0.1945286316768493,0.9950059471573122,0.5955260094781338
"frozenset({'landslide_surface_class=2', 'ascending_soil_presence=0'})","frozenset({'surface_stoniness_class=4', 'rooting_depth_class=4'})",0.2766748114215775,0.05470437200392012,0.05443386562484756,0.19674312000128225,3.5964789064242177,1.0,0.039298543816727136,1.1768285482940264,0.9980991652281657,0.19655095113046817,0.15025854747521497,0.595899121608942
"frozenset({'surface_stoniness_class=4', 'rooting_depth_class=4'})","frozenset({'landslide_surface_class=2', 'ascending_soil_presence=0'})",0.05470437200392012,0.2766748114215775,0.05443386562484756,0.9950551232166018,3.5964789064242177,1.0,0.039298543816727136,146.2776971525156,0.7637296159288095,0.19655095113046817,0.9931636878384997,0.595899121608942
"frozenset({'landslide_surface_class=2', 'descending_soil_presence=0'})","frozenset({'surface_stoniness_class=4', 'rooting_depth_class=4'})",0.2763466561420469,0.05470437200392012,0.05430969876232245,0.19652743232183834,3.5925361195583263,1.0,0.03919232848268852,1.1765126353072042,0.9972248661842688,0.19624715572220616,0.15003037792374763,0.5946563880156532
"frozenset({'surface_stoniness_class=4', 'rooting_depth_class=4'})","frozenset({'landslide_surface_class=2', 'descending_soil_presence=0'})",0.05470437200392012,0.2763466561420469,0.05430969876232245,0.9927853437094682,3.5925361195583263,1.0,0.03919232848268852,100.30323202058136,0.7634067984873177,0.19624715572220616,0.9900302315303777,0.5946563880156532
"frozenset({'landslide_surface_class=1', 'is_locality_1ring=0', 'rooting_depth_class=1'})","frozenset({'surface_stoniness_class=1', 'usda_hydrologic_group=C'})",0.11837536529447502,0.13137297508237142,0.055866219074690804,0.4719412602082865,3.5923770464387923,1.0,0.04031489515949312,1.6449439417672511,0.818526110573798,0.2881452848745454,0.3920765476508298,0.44859510267798286
"frozenset({'surface_stoniness_class=1', 'usda_hydrologic_group=C'})","frozenset({'landslide_surface_class=1', 'is_locality_1ring=0', 'rooting_depth_class=1'})",0.13137297508237142,0.11837536529447502,0.055866219074690804,0.4252489451476793,3.5923770464387923,1.0,0.04031489515949312,1.5339243438745038,0.8307740405612993,0.2881452848745454,0.3480773650973403,0.44859510267798286
"frozenset({'landslide_surface_class=1', 'rooting_depth_class=1'})","frozenset({'surface_stoniness_class=1', 'is_locality_1ring=0', 'usda_hydrologic_group=C'})",0.13295610257956658,0.11744411382553668,0.055866219074690804,0.4201854446000934,3.5777480106349064,1.0,0.040251307429536455,1.5221347549058193,0.8309781904536018,0.2871797209811252,0.3430279436317882,0.44793443805295413
"frozenset({'surface_stoniness_class=1', 'is_locality_1ring=0', 'usda_hydrologic_group=C'})","frozenset({'landslide_surface_class=1', 'rooting_depth_class=1'})",0.11744411382553668,0.13295610257956658,0.055866219074690804,0.4756834315058149,3.5777480106349064,1.0,0.040251307429536455,1.6536648840042318,0.8163727421787803,0.2871797209811252,0.3952825571414619,0.44793443805295413
"frozenset({'surface_stoniness_class=2', 'pai_landslide_hazard_level=Moderata P1'})","frozenset({'landslide_surface_class=2', 'hydraulic_hazard_level=0', 'usda_hydrologic_group=B'})",0.11167035471811905,0.14594040877504955,0.05805687729209811,0.519895163211818,3.5623797930645575,1.0,0.041759660076481034,1.7789022850477008,0.8097092983360241,0.2909333333333334,0.43785557621385296,0.4588536891719983
"frozenset({'landslide_surface_class=2', 'hydraulic_hazard_level=0', 'usda_hydrologic_group=B'})","frozenset({'surface_stoniness_class=2', 'pai_landslide_hazard_level=Moderata P1'})",0.14594040877504955,0.11167035471811905,0.05805687729209811,0.3978122151321787,3.5623797930645575,1.0,0.041759660076481034,1.475170482703941,0.8421997494819162,0.2909333333333334,0.32211224958417584,0.4588536891719983
"frozenset({'landslide_surface_class=1', 'tipo_movimento_<lambda_0>_1ring=0', 'rooting_depth_class=1'})","frozenset({'surface_stoniness_class=1', 'usda_hydrologic_group=C'})",0.10971029210254409,0.13137297508237142,0.051289783284479584,0.4675020210185934,3.5585859323461895,1.0,0.03687681581381237,1.6312306510142804,0.8075904922116903,0.2702399588775438,0.3869659086051311,0.428957761564149
"frozenset({'surface_stoniness_class=1', 'usda_hydrologic_group=C'})","frozenset({'landslide_surface_class=1', 'tipo_movimento_<lambda_0>_1ring=0', 'rooting_depth_class=1'})",0.13137297508237142,0.10971029210254409,0.051289783284479584,0.3904135021097046,3.558585932346189,1.0,0.03687681581381237,1.4604813442860696,0.8277309855516984,0.2702399588775438,0.3152942323348661,0.428957761564149
"frozenset({'landslide_surface_class=1', 'rooting_depth_class=1'})","frozenset({'surface_stoniness_class=1', 'usda_hydrologic_group=C'})",0.13295610257956658,0.13137297508237142,0.06196369893083462,0.4660462944433326,3.5475050645014288,1.0,0.0444968601796,1.6267834006546527,0.8282299784193748,0.3061971337160888,0.3852900148860762,0.4688543708503583
"frozenset({'surface_stoniness_class=1', 'usda_hydrologic_group=C'})","frozenset({'landslide_surface_class=1', 'rooting_depth_class=1'})",0.13137297508237142,0.13295610257956658,0.06196369893083462,0.47166244725738393,3.5475050645014288,1.0,0.0444968601796,1.6410794442295131,0.8267204770854031,0.3061971337160888,0.3906449785132126,0.4688543708503583
"frozenset({'landslide_surface_class=1', 'descending_soil_presence=0', 'rooting_depth_class=1'})","frozenset({'surface_stoniness_class=1', 'usda_hydrologic_group=C'})",0.12947056136725454,0.13137297508237142,0.0601943211398518,0.46492670228798466,3.538982823495271,1.0,0.04318538830745083,1.6233795045125516,0.8241340271796338,0.29999778990872317,0.3840010932623746,0.46156039755749445
"frozenset({'surface_stoniness_class=1', 'usda_hydrologic_group=C'})","frozenset({'landslide_surface_class=1', 'descending_soil_presence=0', 'rooting_depth_class=1'})",0.13137297508237142,0.12947056136725454,0.0601943211398518,0.4581940928270042,3.5389828234952705,1.0,0.04318538830745083,1.6067182492988028,0.8259389950558632,0.29999778990872317,0.37761334295143795,0.46156039755749445
"frozenset({'surface_stoniness_class=1', 'usda_hydrologic_group=C'})","frozenset({'landslide_surface_class=1', 'ascending_soil_presence=0', 'rooting_depth_class=1'})",0.13137297508237142,0.12943951965162326,0.0600125053768686,0.45681012658227843,3.5291395380000528,1.0,0.043007650587001775,1.6026817195078706,0.8250316771964357,0.2988670744904043,0.37604579385414966,0.46022184358508555
"frozenset({'landslide_surface_class=1', 'ascending_soil_presence=0', 'rooting_depth_class=1'})","frozenset({'surface_stoniness_class=1', 'usda_hydrologic_group=C'})",0.12943951965162326,0.13137297508237142,0.0600125053768686,0.4636335605878927,3.5291395380000523,1.0,0.043007650587001775,1.6194656508891583,0.8231993381311746,0.2988670744904043,0.38251237409638433,0.46022184358508555
"frozenset({'surface_stoniness_class=1', 'descending_soil_presence=0', 'usda_hydrologic_group=C'})","frozenset({'landslide_surface_class=1', 'rooting_depth_class=1'})",0.12832645241970173,0.13295610257956658,0.0601943211398518,0.46907180869445025,3.5280201479562607,1.0,0.04313253616826607,1.633071876044813,0.8220450290015081,0.299342830679663,0.3876570807024545,0.46090505917345415
"frozenset({'landslide_surface_class=1', 'rooting_depth_class=1'})","frozenset({'surface_stoniness_class=1', 'descending_soil_presence=0', 'usda_hydrologic_group=C'})",0.13295610257956658,0.12832645241970173,0.0601943211398518,0.4527383096524581,3.5280201479562603,1.0,0.04313253616826607,1.5927910960234337,0.8264344041084153,0.299342830679663,0.37217127688834867,0.46090505917345415
"frozenset({'surface_stoniness_class=2', 'hydraulic_hazard_level=0', 'pai_landslide_hazard_level=Moderata P1'})","frozenset({'landslide_surface_class=2', 'usda_hydrologic_group=B'})",0.10792761071914786,0.1527740207447351,0.05805687729209811,0.5379242337086039,3.5210452083826684,1.0,0.04156834225316132,1.8335217751302364,0.8026180731276368,0.2864958312361862,0.45460151411129585,0.4589711151417247
"frozenset({'landslide_surface_class=2', 'usda_hydrologic_group=B'})","frozenset({'surface_stoniness_class=2', 'hydraulic_hazard_level=0', 'pai_landslide_hazard_level=Moderata P1'})",0.1527740207447351,0.10792761071914786,0.05805687729209811,0.3800179965748455,3.5210452083826684,1.0,0.04156834225316132,1.4388681999679125,0.8451032424717932,0.2864958312361862,0.3050093121647273,0.4589711151417247
"frozenset({'ascending_soil_presence=0', 'surface_stoniness_class=1', 'usda_hydrologic_group=C'})","frozenset({'landslide_surface_class=1', 'rooting_depth_class=1'})",0.1283175833580928,0.13295610257956658,0.0600125053768686,0.4676873099253525,3.5176069458373944,1.0,0.042951899601147925,1.628824398867601,0.8210740610190861,0.2981822187947559,0.38606027715742436,0.45952906620942424
"frozenset({'landslide_surface_class=1', 'rooting_depth_class=1'})","frozenset({'ascending_soil_presence=0', 'surface_stoniness_class=1', 'usda_hydrologic_group=C'})",0.13295610257956658,0.1283175833580928,0.0600125053768686,0.451370822493496,3.5176069458373944,1.0,0.042951899601147925,1.5888371460731754,0.8254666503973421,0.2981822187947559,0.37060887425025985,0.45952906620942424
"frozenset({'landslide_surface_class=2', 'usda_hydrologic_group=B', 'is_locality_1ring=0'})","frozenset({'surface_stoniness_class=2', 'pai_landslide_hazard_level=Moderata P1'})",0.13667223939371095,0.11167035471811905,0.05339175088579753,0.390655418559377,3.4982911941623063,1.0,0.03812951343258214,1.4578444977416172,0.8272016543189393,0.2738728902233747,0.3140557847224964,0.43438735505841936
"frozenset({'surface_stoniness_class=2', 'pai_landslide_hazard_level=Moderata P1'})","frozenset({'landslide_surface_class=2', 'usda_hydrologic_group=B', 'is_locality_1ring=0'})",0.11167035471811905,0.13667223939371095,0.05339175088579753,0.4781192915574617,3.4982911941623063,1.0,0.03812951343258214,1.6542626440106203,0.8039202064075862,0.2738728902233747,0.39550106893813164,0.43438735505841936
"frozenset({'surface_stoniness_class=2', 'pai_landslide_hazard_level=Moderata P1', 'is_locality_1ring=0'})","frozenset({'landslide_surface_class=2', 'usda_hydrologic_group=B'})",0.10005631854121674,0.1527740207447351,0.05339175088579753,0.5336169835571511,3.4928516049777443,1.0,0.03810574480133986,1.8165884034910713,0.793050712254117,0.26771023257882337,0.4495175692643273,0.44154942818100223
"frozenset({'landslide_surface_class=2', 'usda_hydrologic_group=B'})","frozenset({'surface_stoniness_class=2', 'pai_landslide_hazard_level=Moderata P1', 'is_locality_1ring=0'})",0.1527740207447351,0.10005631854121674,0.05339175088579753,0.3494818728048533,3.4928516049777443,1.0,0.03810574480133986,1.3834259858969498,0.8423974182152006,0.26771023257882337,0.2771568481477917,0.44154942818100223
"frozenset({'landslide_surface_class=2', 'usda_hydrologic_group=B'})","frozenset({'surface_stoniness_class=2', 'pai_landslide_hazard_level=Moderata P1', 'descending_soil_presence=0'})",0.1527740207447351,0.11069032341033157,0.05895265251460069,0.3858813967664219,3.486134875005747,1.0,0.04204204674966926,1.448107371942651,0.8417463382911377,0.2882605490264105,0.309443471267956,0.45923611923974716
"frozenset({'surface_stoniness_class=2', 'pai_landslide_hazard_level=Moderata P1', 'descending_soil_presence=0'})","frozenset({'landslide_surface_class=2', 'usda_hydrologic_group=B'})",0.11069032341033157,0.1527740207447351,0.05895265251460069,0.5325908417130724,3.4861348750057464,1.0,0.04204204674966926,1.8126002972649924,0.8019134217430685,0.2882605490264105,0.44830639081937357,0.45923611923974716
"frozenset({'surface_stoniness_class=2', 'pai_landslide_hazard_level=Moderata P1'})","frozenset({'landslide_surface_class=2', 'descending_soil_presence=0', 'usda_hydrologic_group=B'})",0.11167035471811905,0.1514613996266125,0.05895265251460069,0.5279167659439282,3.485487175249704,1.0,0.04203890429219409,1.7974343064100475,0.8027381105229221,0.2887301001237973,0.4436514333604409,0.45857117758475874
"frozenset({'landslide_surface_class=2', 'descending_soil_presence=0', 'usda_hydrologic_group=B'})","frozenset({'surface_stoniness_class=2', 'pai_landslide_hazard_level=Moderata P1'})",0.1514613996266125,0.11167035471811905,0.05895265251460069,0.3892255892255892,3.4854871752497036,1.0,0.04203890429219409,1.4544316684052845,0.8403814047602395,0.2887301001237973,0.31244621406212053,0.45857117758475874
"frozenset({'landslide_surface_class=2', 'usda_hydrologic_group=B'})","frozenset({'surface_stoniness_class=2', 'pai_landslide_hazard_level=Moderata P1'})",0.1527740207447351,0.11167035471811905,0.05944931996470113,0.38913239093204843,3.4846525912298354,1.0,0.04238899087642328,1.454209769997913,0.8416023164301631,0.2900036775044887,0.31234129997528826,0.4607483890963951
"frozenset({'surface_stoniness_class=2', 'pai_landslide_hazard_level=Moderata P1'})","frozenset({'landslide_surface_class=2', 'usda_hydrologic_group=B'})",0.11167035471811905,0.1527740207447351,0.05944931996470113,0.5323643872607418,3.4846525912298354,1.0,0.04238899087642328,1.811722538179864,0.8026607582760446,0.2900036775044887,0.44803910150356474,0.4607483890963951
"frozenset({'ascending_soil_presence=0', 'surface_stoniness_class=2', 'pai_landslide_hazard_level=Moderata P1'})","frozenset({'landslide_surface_class=2', 'usda_hydrologic_group=B'})",0.11062823997906901,0.1527740207447351,0.0587841403440309,0.5313664969735841,3.478120785087055,1.0,0.041883019314515074,1.807864725385433,0.80111428392918,0.287287070348056,0.44686126901070977,0.4580724389311913
"frozenset({'landslide_surface_class=2', 'usda_hydrologic_group=B'})","frozenset({'ascending_soil_presence=0', 'surface_stoniness_class=2', 'pai_landslide_hazard_level=Moderata P1'})",0.1527740207447351,0.11062823997906901,0.0587841403440309,0.3847783808887986,3.478120785087055,1.0,0.041883019314515074,1.4456120077603725,0.8409662098679975,0.287287070348056,0.3082514570771593,0.4580724389311913
"frozenset({'pai_landslide_hazard_level=Moderata P1', 'usda_hydrologic_group=B', 'rooting_depth_class=4'})","frozenset({'landslide_surface_class=2', 'hydraulic_hazard_level=0'})",0.06819421471111249,0.25927814707564867,0.061427120703493966,0.9007673299518792,3.4741351714807864,1.0,0.04374585107191778,7.464495841592836,0.7642779123505511,0.2308897556422309,0.8660324794572313,0.5688416248856338
"frozenset({'landslide_surface_class=2', 'hydraulic_hazard_level=0'})","frozenset({'pai_landslide_hazard_level=Moderata P1', 'usda_hydrologic_group=B', 'rooting_depth_class=4'})",0.25927814707564867,0.06819421471111249,0.061427120703493966,0.23691591981938837,3.4741351714807864,1.0,0.04374585107191778,1.2211049994233163,0.9614385986928462,0.2308897556422309,0.1810696046021727,0.5688416248856338
"frozenset({'surface_stoniness_class=2', 'pai_landslide_hazard_level=Moderata P1'})","frozenset({'landslide_surface_class=2', 'ascending_soil_presence=0', 'usda_hydrologic_group=B'})",0.11167035471811905,0.151532352119484,0.0587841403440309,0.5264077515685808,3.4738967897330975,1.0,0.0418624688315772,1.7915572957342911,0.8016605458980641,0.2875675206629499,0.4418263918318403,0.4571695191661054
"frozenset({'landslide_surface_class=2', 'ascending_soil_presence=0', 'usda_hydrologic_group=B'})","frozenset({'surface_stoniness_class=2', 'pai_landslide_hazard_level=Moderata P1'})",0.151532352119484,0.11167035471811905,0.0587841403440309,0.38793128676363,3.473896789733097,1.0,0.0418624688315772,1.4513560750144467,0.8393234911820611,0.2875675206629499,0.3109892071178701,0.4571695191661054
"frozenset({'landslide_surface_class=2', 'is_locality_1ring=0'})","frozenset({'pai_landslide_hazard_level=Moderata P1', 'usda_hydrologic_group=B', 'rooting_depth_class=4'})",0.24152672026536232,0.06819421471111249,0.05627863043950635,0.23301202607178925,3.416888471535095,1.0,0.03980790541925943,1.2148896944453311,0.9325787623274208,0.2220569708846585,0.17688000435582005,0.5291409460570937
"frozenset({'pai_landslide_hazard_level=Moderata P1', 'usda_hydrologic_group=B', 'rooting_depth_class=4'})","frozenset({'landslide_surface_class=2', 'is_locality_1ring=0'})",0.06819421471111249,0.24152672026536232,0.05627863043950635,0.8252698660423983,3.4168884715350947,1.0,0.03980790541925943,4.340826980185806,0.7591024692490537,0.2220569708846585,0.7696291502599361,0.5291409460570937
"frozenset({'usda_hydrologic_group=D', 'surface_stoniness_class=1'})","frozenset({'landslide_surface_class=3', 'is_locality_1ring=0', 'rooting_depth_class=1'})",0.1744677454401937,0.1062469235442544,0.06304572444712488,0.36136034364435865,3.401137007923278,1.0,0.04450906323640218,1.3994637939583858,0.8551824271522992,0.2896404196801467,0.2854406063828931,0.47737452467496955
"frozenset({'landslide_surface_class=3', 'is_locality_1ring=0', 'rooting_depth_class=1'})","frozenset({'usda_hydrologic_group=D', 'surface_stoniness_class=1'})",0.1062469235442544,0.1744677454401937,0.06304572444712488,0.5933887057055804,3.4011370079232774,1.0,0.04450906323640218,2.0302737925475673,0.7899057309504227,0.2896404196801467,0.5074555935900597,0.47737452467496955
"frozenset({'usda_hydrologic_group=D', 'surface_stoniness_class=1'})","frozenset({'ascending_soil_presence=0', 'landslide_surface_class=3', 'rooting_depth_class=1'})",0.1744677454401937,0.1151381578072132,0.06780841053112376,0.3886587194672496,3.3755857038985977,1.0,0.047720515724362034,1.4474105877844174,0.8524865148703605,0.3057221689059501,0.3091110370204481,0.4887947733832936
"frozenset({'ascending_soil_presence=0', 'landslide_surface_class=3', 'rooting_depth_class=1'})","frozenset({'usda_hydrologic_group=D', 'surface_stoniness_class=1'})",0.1151381578072132,0.1744677454401937,0.06780841053112376,0.5889308272993375,3.3755857038985972,1.0,0.047720515724362034,2.008256296954072,0.795327678339905,0.3057221689059501,0.5020555884641303,0.4887947733832936
"frozenset({'landslide_surface_class=3', 'descending_soil_presence=0', 'rooting_depth_class=1'})","frozenset({'usda_hydrologic_group=D', 'surface_stoniness_class=1'})",0.1152091103000847,0.1744677454401937,0.06770641632262099,0.5876828329484219,3.3684325516195512,1.0,0.04760614259439462,2.0021777421082683,0.7946804399123296,0.30502447307961245,0.5005438433517834,0.4878784751631773
"frozenset({'usda_hydrologic_group=D', 'surface_stoniness_class=1'})","frozenset({'landslide_surface_class=3', 'descending_soil_presence=0', 'rooting_depth_class=1'})",0.1744677454401937,0.1152091103000847,0.06770641632262099,0.38807411737793257,3.368432551619551,1.0,0.04760614259439462,1.4459118576724306,0.8517244596724739,0.30502447307961245,0.30839491031648447,0.4878784751631773
"frozenset({'landslide_surface_class=3', 'rooting_depth_class=1'})","frozenset({'surface_stoniness_class=1', 'usda_hydrologic_group=D'})",0.11770131661219585,0.1744677454401937,0.06912990071085529,0.5873332830984854,3.3664290302863984,1.0,0.048594817366183055,2.000481794990083,0.796724899316572,0.3099451248608239,0.5001204197387074,0.4917832061223561
"frozenset({'surface_stoniness_class=1', 'usda_hydrologic_group=D'})","frozenset({'landslide_surface_class=3', 'rooting_depth_class=1'})",0.1744677454401937,0.11770131661219585,0.06912990071085529,0.39623312914622677,3.366429030286398,1.0,0.048594817366183055,1.4613234444946694,0.8515104356087477,0.3099451248608239,0.31568879992491783,0.4917832061223561
"frozenset({'landslide_surface_class=3', 'rooting_depth_class=1'})","frozenset({'ascending_soil_presence=0', 'surface_stoniness_class=1', 'usda_hydrologic_group=D'})",0.11770131661219585,0.17144339543154635,0.06780841053112376,0.5761057945897069,3.360326556409888,1.0,0.047629297164365425,1.9546306460275438,0.7961134797253289,0.3063591921782337,0.4883943920390634,0.48581032726303847
"frozenset({'ascending_soil_presence=0', 'surface_stoniness_class=1', 'usda_hydrologic_group=D'})","frozenset({'landslide_surface_class=3', 'rooting_depth_class=1'})",0.17144339543154635,0.11770131661219585,0.06780841053112376,0.39551485993637003,3.360326556409888,1.0,0.047629297164365425,1.459587051709709,0.8477512231705461,0.3063591921782337,0.3148747114270196,0.48581032726303847
"frozenset({'landslide_surface_class=3', 'rooting_depth_class=1'})","frozenset({'usda_hydrologic_group=D', 'surface_stoniness_class=1', 'descending_soil_presence=0'})",0.11770131661219585,0.1712305379529319,0.06770641632262099,0.5752392434631904,3.3594430662906234,1.0,0.047552356561346334,1.951144142420905,0.7960247769320383,0.3060516767895444,0.48748020289303784,0.48532505772465456
"frozenset({'usda_hydrologic_group=D', 'surface_stoniness_class=1', 'descending_soil_presence=0'})","frozenset({'landslide_surface_class=3', 'rooting_depth_class=1'})",0.1712305379529319,0.11770131661219585,0.06770641632262099,0.3954108719861187,3.359443066290623,1.0,0.047552356561346334,1.459336006067821,0.84743905850059,0.3060516767895444,0.3147568511692529,0.48532505772465456
"frozenset({'usda_hydrologic_group=D', 'surface_stoniness_class=1', 'is_locality_1ring=0'})","frozenset({'landslide_surface_class=3', 'rooting_depth_class=1'})",0.15970962692292343,0.11770131661219585,0.06304572444712488,0.3947521865889213,3.353846821353384,1.0,0.04424769108265419,1.4577478246725282,0.8352290401213014,0.29410426148117497,0.3140102951450863,0.4651969055919514
"frozenset({'landslide_surface_class=3', 'rooting_depth_class=1'})","frozenset({'usda_hydrologic_group=D', 'surface_stoniness_class=1', 'is_locality_1ring=0'})",0.11770131661219585,0.15970962692292343,0.06304572444712488,0.5356416245949815,3.353846821353384,1.0,0.04424769108265419,1.8095729884147478,0.7954618259583797,0.29410426148117497,0.44738343995948093,0.4651969055919514
"frozenset({'usda_hydrologic_group=D', 'descending_soil_presence=0'})","frozenset({'landslide_surface_class=3', 'rooting_depth_class=1'})",0.17660518928794738,0.11770131661219585,0.06949796676762615,0.39352165725047084,3.3433921435819802,1.0,0.04871130346788868,1.4547900909170415,0.8512351063814521,0.30914291350231776,0.3126156094659402,0.4919910298158013
"frozenset({'landslide_surface_class=3', 'rooting_depth_class=1'})","frozenset({'usda_hydrologic_group=D', 'descending_soil_presence=0'})",0.11770131661219585,0.17660518928794738,0.06949796676762615,0.5904604023811317,3.34339214358198,1.0,0.04871130346788868,2.010537724555593,0.7944050948813851,0.30914291350231776,0.5026206234349376,0.4919910298158013
"frozenset({'ascending_soil_presence=0', 'usda_hydrologic_group=D'})","frozenset({'landslide_surface_class=3', 'rooting_depth_class=1'})",0.17680030864334398,0.11770131661219585,0.06957335379130211,0.39351375755599594,3.34332502713246,1.0,0.04876372468653793,1.4547711417695768,0.8514295769790627,0.3093135128740981,0.31260665592829623,0.4923073271240156
"frozenset({'landslide_surface_class=3', 'rooting_depth_class=1'})","frozenset({'ascending_soil_presence=0', 'usda_hydrologic_group=D'})",0.11770131661219585,0.17680030864334398,0.06957335379130211,0.5911008966920352,3.3433250271324595,1.0,0.04876372468653793,2.013209822905037,0.7943982895790197,0.3093135128740981,0.5032807864224443,0.4923073271240156
"frozenset({'hydraulic_hazard_level=0', 'landslide_surface_class=3', 'rooting_depth_class=1'})","frozenset({'usda_hydrologic_group=D', 'surface_stoniness_class=1'})",0.1021582861425347,0.1744677454401937,0.059453754495505606,0.5819768198984243,3.3357272911967666,1.0,0.0416304286341834,1.9748480320139417,0.7798872460185073,0.2737630939497275,0.49363192317122034,0.46137450150298287
"frozenset({'usda_hydrologic_group=D', 'surface_stoniness_class=1'})","frozenset({'hydraulic_hazard_level=0', 'landslide_surface_class=3', 'rooting_depth_class=1'})",0.1744677454401937,0.1021582861425347,0.059453754495505606,0.34077218310754137,3.335727291196766,1.0,0.0416304286341834,1.361959691097095,0.8481985987987919,0.2737630939497275,0.2657638794034549,0.46137450150298287
"frozenset({'usda_hydrologic_group=D', 'is_locality_1ring=0'})","frozenset({'landslide_surface_class=3', 'rooting_depth_class=1'})",0.16473395032438592,0.11770131661219585,0.06458450663627535,0.392053407989663,3.3309177779328225,1.0,0.04519510379236706,1.4512766334790181,0.837795864717549,0.29646215853112406,0.3109514913068037,0.4703843258771312
"frozenset({'landslide_surface_class=3', 'rooting_depth_class=1'})","frozenset({'usda_hydrologic_group=D', 'is_locality_1ring=0'})",0.11770131661219585,0.16473395032438592,0.06458450663627535,0.5487152437645995,3.330917777932822,1.0,0.04519510379236706,1.850862538862093,0.7931355396227097,0.29646215853112406,0.45971136213346325,0.4703843258771312
"frozenset({'pai_landslide_hazard_level=Moderata P1', 'usda_hydrologic_group=B', 'rooting_depth_class=4'})","frozenset({'landslide_surface_class=2', 'descending_soil_presence=0'})",0.06819421471111249,0.2763466561420469,0.06264661667472272,0.9186500195083885,3.3242668188327444,1.0,0.043801373471074004,8.895556452316221,0.750351413604311,0.22223445758872384,0.8875843230987961,0.5726728923544477
"frozenset({'landslide_surface_class=2', 'descending_soil_presence=0'})","frozenset({'pai_landslide_hazard_level=Moderata P1', 'usda_hydrologic_group=B', 'rooting_depth_class=4'})",0.2763466561420469,0.06819421471111249,0.06264661667472272,0.22669576520050705,3.3242668188327444,1.0,0.043801373471074004,1.2049666138586346,0.9661833170958651,0.22223445758872384,0.17010148787631146,0.5726728923544477
"frozenset({'landslide_surface_class=2', 'ascending_soil_presence=0'})","frozenset({'pai_landslide_hazard_level=Moderata P1', 'usda_hydrologic_group=B', 'rooting_depth_class=4'})",0.2766748114215775,0.06819421471111249,0.06258896777426465,0.226218525107788,3.3172685698648405,1.0,0.04372134627902503,1.2042234345539071,0.9657442883291388,0.22172649438378766,0.16958932096314824,0.5720115905549344
"frozenset({'pai_landslide_hazard_level=Moderata P1', 'usda_hydrologic_group=B', 'rooting_depth_class=4'})","frozenset({'landslide_surface_class=2', 'ascending_soil_presence=0'})",0.06819421471111249,0.2766748114215775,0.06258896777426465,0.9178046560020809,3.3172685698648405,1.0,0.04372134627902503,8.80007496041059,0.7496703503054967,0.22172649438378766,0.8863646043358996,0.5720115905549344
"frozenset({'landslide_surface_class=1', 'surface_stoniness_class=1'})","frozenset({'is_locality_1ring=0', 'usda_hydrologic_group=C', 'rooting_depth_class=1'})",0.14142162188529642,0.11928000957858653,0.055866219074690804,0.39503308143363336,3.3118129586782894,1.0,0.0389974466615934,1.4558151254096978,0.8130307009863937,0.2727371132904679,0.3130995944841702,0.43169752071532963
"frozenset({'is_locality_1ring=0', 'usda_hydrologic_group=C', 'rooting_depth_class=1'})","frozenset({'landslide_surface_class=1', 'surface_stoniness_class=1'})",0.11928000957858653,0.14142162188529642,0.055866219074690804,0.46836195999702585,3.3118129586782894,1.0,0.0389974466615934,1.6149679170999511,0.7925908213759859,0.2727371132904679,0.3807926526517432,0.43169752071532963
"frozenset({'usda_hydrologic_group=D', 'hydraulic_hazard_level=0'})","frozenset({'surface_stoniness_class=1', 'landslide_surface_class=3'})",0.1372664665215097,0.20791297676749312,0.09440229176551974,0.6877301802674937,3.307779009083089,1.0,0.06586281210067722,2.536546836037556,0.8086881011297756,0.37643896659652337,0.6057632424551872,0.570888658439175
"frozenset({'surface_stoniness_class=1', 'landslide_surface_class=3'})","frozenset({'usda_hydrologic_group=D', 'hydraulic_hazard_level=0'})",0.20791297676749312,0.1372664665215097,0.09440229176551974,0.45404713661085633,3.3077790090830885,1.0,0.06586281210067722,1.5802344695526434,0.8808152671438305,0.37643896659652337,0.3671825167292453,0.570888658439175
"frozenset({'usda_hydrologic_group=C', 'rooting_depth_class=1'})","frozenset({'landslide_surface_class=1', 'surface_stoniness_class=1', 'is_locality_1ring=0'})",0.13449488476871704,0.12593624031609335,0.055866219074690804,0.4153780210359722,3.298320006960627,1.0,0.03892843894517237,1.4950921982659302,0.8050967426962274,0.27309776717970957,0.33114492794501804,0.4294925951512478
"frozenset({'landslide_surface_class=1', 'surface_stoniness_class=1', 'is_locality_1ring=0'})","frozenset({'usda_hydrologic_group=C', 'rooting_depth_class=1'})",0.12593624031609335,0.13449488476871704,0.055866219074690804,0.4436071692665235,3.2983200069606267,1.0,0.03892843894517237,1.555564822951282,0.7972134084493133,0.27309776717970957,0.35714668701317215,0.4294925951512478
"frozenset({'usda_hydrologic_group=C', 'rooting_depth_class=1'})","frozenset({'landslide_surface_class=1', 'surface_stoniness_class=1', 'tipo_movimento_<lambda_0>_1ring=0'})",0.13449488476871704,0.11614923083063196,0.051289783284479584,0.3813511820369943,3.2832863318146126,1.0,0.03566830586793862,1.4286793145092878,0.803492781066516,0.25727950172394615,0.3000528601175466,0.4114681994485522
"frozenset({'landslide_surface_class=1', 'surface_stoniness_class=1', 'tipo_movimento_<lambda_0>_1ring=0'})","frozenset({'usda_hydrologic_group=C', 'rooting_depth_class=1'})",0.11614923083063196,0.13449488476871704,0.051289783284479584,0.44158521686011,3.2832863318146126,1.0,0.03566830586793862,1.5499323108257734,0.786815078203793,0.25727950172394615,0.35481053397279033,0.4114681994485522
"frozenset({'usda_hydrologic_group=C', 'rooting_depth_class=1'})","frozenset({'landslide_surface_class=1', 'surface_stoniness_class=1'})",0.13449488476871704,0.14142162188529642,0.06196369893083462,0.46071416795806,3.257735004140554,1.0,0.0429432141915666,1.5920655190658382,0.8007327160058169,0.2896138620017825,0.3718851466698676,0.4494314309734798
"frozenset({'landslide_surface_class=1', 'surface_stoniness_class=1'})","frozenset({'usda_hydrologic_group=C', 'rooting_depth_class=1'})",0.14142162188529642,0.13449488476871704,0.06196369893083462,0.4381486939888997,3.257735004140554,1.0,0.0429432141915666,1.5404522619623195,0.8071927727295792,0.2896138620017825,0.35083999375213326,0.4494314309734798
"frozenset({'landslide_surface_class=1', 'surface_stoniness_class=1', 'descending_soil_presence=0'})","frozenset({'usda_hydrologic_group=C', 'rooting_depth_class=1'})",0.13787843177252632,0.13449488476871704,0.0601943211398518,0.4365753248424032,3.246036647365111,1.0,0.04165037734651446,1.5361505333240693,0.8025921529036999,0.28369594749932076,0.3490221314208678,0.44206688362862684
"frozenset({'usda_hydrologic_group=C', 'rooting_depth_class=1'})","frozenset({'landslide_surface_class=1', 'surface_stoniness_class=1', 'descending_soil_presence=0'})",0.13449488476871704,0.13787843177252632,0.0601943211398518,0.4475584424148505,3.2460366473651106,1.0,0.04165037734651446,1.560566102224473,0.7994545535684118,0.28369594749932076,0.35920689384796145,0.44206688362862684
"frozenset({'landslide_surface_class=1', 'surface_stoniness_class=1'})","frozenset({'descending_soil_presence=0', 'usda_hydrologic_group=C', 'rooting_depth_class=1'})",0.14142162188529642,0.13142618945202503,0.0601943211398518,0.4256373271455897,3.2386035760472356,1.0,0.04160781626934218,1.512239307320275,0.8050807728112469,0.2830629353130083,0.33872899933276784,0.44182294875685535
"frozenset({'descending_soil_presence=0', 'usda_hydrologic_group=C', 'rooting_depth_class=1'})","frozenset({'landslide_surface_class=1', 'surface_stoniness_class=1'})",0.13142618945202503,0.14142162188529642,0.0601943211398518,0.4580085703681209,3.238603576047235,1.0,0.04160781626934218,1.5841179973968418,0.7958160098512818,0.2830629353130083,0.36873389378614124,0.44182294875685535
"frozenset({'landslide_surface_class=2', 'hydraulic_hazard_level=0'})","frozenset({'surface_stoniness_class=2', 'pai_landslide_hazard_level=Moderata P1', 'usda_hydrologic_group=B'})",0.25927814707564867,0.06914320430326869,0.05805687729209811,0.22391735650270234,3.238457904273274,1.0,0.040129555397473586,1.1994299878966082,0.9331587183159314,0.21473559900275555,0.1662706368100237,0.5317893606525826
"frozenset({'surface_stoniness_class=2', 'pai_landslide_hazard_level=Moderata P1', 'usda_hydrologic_group=B'})","frozenset({'landslide_surface_class=2', 'hydraulic_hazard_level=0'})",0.06914320430326869,0.25927814707564867,0.05805687729209811,0.8396613648024629,3.238457904273274,1.0,0.040129555397473586,4.619734052318597,0.7425535894445818,0.21473559900275555,0.7835373229984721,0.5317893606525826
"frozenset({'landslide_surface_class=1', 'ascending_soil_presence=0', 'surface_stoniness_class=1'})","frozenset({'usda_hydrologic_group=C', 'rooting_depth_class=1'})",0.1378518245876995,0.13449488476871704,0.0600125053768686,0.43534066782474423,3.236856692158769,1.0,0.04147214011378856,1.532791660233559,0.801553981704764,0.2826323044150202,0.3475956152791012,0.4407736343838681
"frozenset({'usda_hydrologic_group=C', 'rooting_depth_class=1'})","frozenset({'landslide_surface_class=1', 'ascending_soil_presence=0', 'surface_stoniness_class=1'})",0.13449488476871704,0.1378518245876995,0.0600125053768686,0.44620660094299186,3.2368566921587685,1.0,0.04147214011378856,1.5568047161276295,0.7984450821374522,0.2826323044150202,0.3576586776488038,0.4407736343838681
"frozenset({'ascending_soil_presence=0', 'usda_hydrologic_group=C', 'rooting_depth_class=1'})","frozenset({'landslide_surface_class=1', 'surface_stoniness_class=1'})",0.13147496929087418,0.14142162188529642,0.0600125053768686,0.4564557474365893,3.227623480423731,1.0,0.041419101982433634,1.579592414169701,0.794651269408789,0.2819022622172228,0.3669252960260376,0.4404037227039019
"frozenset({'landslide_surface_class=1', 'surface_stoniness_class=1'})","frozenset({'ascending_soil_presence=0', 'usda_hydrologic_group=C', 'rooting_depth_class=1'})",0.14142162188529642,0.13147496929087418,0.0600125053768686,0.42435169797121447,3.227623480423731,1.0,0.041419101982433634,1.5087771954649054,0.8038573248045492,0.2819022622172228,0.3372116154686007,0.4404037227039019
"frozenset({'landslide_surface_class=2', 'is_locality_1ring=0'})","frozenset({'surface_stoniness_class=2', 'pai_landslide_hazard_level=Moderata P1', 'usda_hydrologic_group=B'})",0.24152672026536232,0.06914320430326869,0.05339175088579753,0.2210593959423483,3.1971239714717403,1.0,0.03669181952179115,1.1950292369504414,0.9060554979933158,0.20752538049192476,0.16320038951359084,0.49662513152684373
"frozenset({'surface_stoniness_class=2', 'pai_landslide_hazard_level=Moderata P1', 'usda_hydrologic_group=B'})","frozenset({'landslide_surface_class=2', 'is_locality_1ring=0'})",0.06914320430326869,0.24152672026536232,0.05339175088579753,0.7721908671113392,3.1971239714717403,1.0,0.03669181952179115,3.3294243743306513,0.7382648849549606,0.20752538049192476,0.6996477806464548,0.49662513152684373
"frozenset({'hydraulic_hazard_level=0', 'surface_stoniness_class=3'})","frozenset({'usda_hydrologic_group=C', 'landslide_surface_class=4'})",0.1994696301157856,0.09131142379480539,0.05822095493186343,0.2918787932682688,3.1965200096340354,1.0,0.040007099002167854,1.2832387556915064,0.8583806599490129,0.2503479968727952,0.22072179041917714,0.4647437286238386
"frozenset({'usda_hydrologic_group=C', 'landslide_surface_class=4'})","frozenset({'hydraulic_hazard_level=0', 'surface_stoniness_class=3'})",0.09131142379480539,0.1994696301157856,0.05822095493186343,0.6376086639794084,3.196520009634035,1.0,0.040007099002167854,2.2090218234100583,0.7562104390924674,0.2503479968727952,0.547310945775853,0.4647437286238386
"frozenset({'usda_hydrologic_group=C', 'landslide_surface_class=4'})","frozenset({'ascending_soil_presence=0', 'surface_stoniness_class=3'})",0.09131142379480539,0.20816131049254333,0.060584559850645,0.6634937594094508,3.187401913638597,1.0,0.04157705421057831,2.353117398708045,0.755225578329388,0.2536105439019863,0.5750318277579181,0.4772699831750392
"frozenset({'ascending_soil_presence=0', 'surface_stoniness_class=3'})","frozenset({'usda_hydrologic_group=C', 'landslide_surface_class=4'})",0.20816131049254333,0.09131142379480539,0.060584559850645,0.2910462069406276,3.1874019136385967,1.0,0.04157705421057831,1.281731736399773,0.8666725490677273,0.2536105439019863,0.2198055399573102,0.4772699831750392
"frozenset({'landslide_surface_class=1', 'surface_stoniness_class=1', 'usda_hydrologic_group=C'})","frozenset({'tipo_movimento_<lambda_0>_1ring=0', 'rooting_depth_class=1'})",0.06659778362150393,0.2422007689476415,0.051289783284479584,0.7701424956718604,3.1797689950288652,1.0,0.03515974888114269,3.296821799520371,0.7344226677129343,0.19917684134391841,0.6966775698506111,0.4909540315845799
"frozenset({'tipo_movimento_<lambda_0>_1ring=0', 'rooting_depth_class=1'})","frozenset({'landslide_surface_class=1', 'surface_stoniness_class=1', 'usda_hydrologic_group=C'})",0.2422007689476415,0.06659778362150393,0.051289783284479584,0.21176556749729936,3.1797689950288652,1.0,0.03515974888114269,1.1841682853347035,0.9046086584831817,0.19917684134391841,0.15552543301111005,0.4909540315845799
"frozenset({'usda_hydrologic_group=C', 'landslide_surface_class=4'})","frozenset({'descending_soil_presence=0', 'surface_stoniness_class=3'})",0.09131142379480539,0.20734535682452118,0.0599992017844552,0.657083191685688,3.1690277600080776,1.0,0.0410662020355662,2.311507117635786,0.753223738147058,0.25140287636106884,0.5673818209901071,0.4732258142486442
"frozenset({'descending_soil_presence=0', 'surface_stoniness_class=3'})","frozenset({'usda_hydrologic_group=C', 'landslide_surface_class=4'})",0.20734535682452118,0.09131142379480539,0.0599992017844552,0.2893684368116004,3.1690277600080776,1.0,0.0410662020355662,1.2787056236682903,0.8634855192910048,0.25140287636106884,0.2179591756770044,0.4732258142486442
"frozenset({'surface_stoniness_class=1', 'usda_hydrologic_group=C', 'rooting_depth_class=1'})","frozenset({'landslide_surface_class=1', 'tipo_movimento_<lambda_0>_1ring=0'})",0.12225557974838472,0.13336851394438212,0.051289783284479584,0.41952918132685263,3.1456388687198418,1.0,0.03498473829202862,1.4929802811389947,0.7771049727534647,0.2510091583836104,0.33019878920497187,0.402050542450625
"frozenset({'landslide_surface_class=1', 'tipo_movimento_<lambda_0>_1ring=0'})","frozenset({'surface_stoniness_class=1', 'usda_hydrologic_group=C', 'rooting_depth_class=1'})",0.13336851394438212,0.12225557974838472,0.051289783284479584,0.3845719035743973,3.1456388687198418,1.0,0.03498473829202862,1.4262339099393444,0.7870698962123354,0.2510091583836104,0.29885273864893,0.402050542450625
"frozenset({'tipo_movimento_<lambda_0>_1ring=0', 'rooting_depth_class=1'})","frozenset({'landslide_surface_class=1', 'surface_stoniness_class=1'})",0.2422007689476415,0.14142162188529642,0.10724912750606422,0.44281084643975316,3.1311396414255954,1.0,0.07299670193962282,1.540910070895464,0.8981633110957299,0.38805898303996916,0.35103286110728493,0.6005876376377375
"frozenset({'landslide_surface_class=1', 'surface_stoniness_class=1'})","frozenset({'tipo_movimento_<lambda_0>_1ring=0', 'rooting_depth_class=1'})",0.14142162188529642,0.2422007689476415,0.10724912750606422,0.7583644288357217,3.1311396414255954,1.0,0.07299670193962282,3.1361244844914054,0.792737720698639,0.38805898303996916,0.6811351064203139,0.6005876376377375
"frozenset({'landslide_surface_class=1', 'tipo_movimento_<lambda_0>_1ring=0'})","frozenset({'surface_stoniness_class=1', 'usda_hydrologic_group=C'})",0.13336851394438212,0.13137297508237142,0.05469106841150672,0.410074812967581,3.121454870839778,1.0,0.0371700499523185,1.4724359020627709,0.7842278724181616,0.26037114446766735,0.3208532890300515,0.4131893052179677
"frozenset({'surface_stoniness_class=1', 'usda_hydrologic_group=C'})","frozenset({'landslide_surface_class=1', 'tipo_movimento_<lambda_0>_1ring=0'})",0.13137297508237142,0.13336851394438212,0.05469106841150672,0.4163037974683544,3.1214548708397776,1.0,0.0371700499523185,1.48473038251201,0.7824262278098433,0.26037114446766735,0.3264770413682088,0.4131893052179677
"frozenset({'hydraulic_hazard_level=0', 'rooting_depth_class=4'})","frozenset({'landslide_surface_class=2', 'pai_landslide_hazard_level=Moderata P1', 'usda_hydrologic_group=B'})",0.20799279832197354,0.09481026859953083,0.061427120703493966,0.2953329211351086,3.1149887612128344,1.0,0.04170726762781961,1.2845636734705819,0.8572795209249339,0.25448733258621004,0.22152554937332095,0.4716140751606319
"frozenset({'landslide_surface_class=2', 'pai_landslide_hazard_level=Moderata P1', 'usda_hydrologic_group=B'})","frozenset({'hydraulic_hazard_level=0', 'rooting_depth_class=4'})",0.09481026859953083,0.20799279832197354,0.061427120703493966,0.6478952291861553,3.1149887612128344,1.0,0.04170726762781961,2.2493509526934385,0.7500875571944032,0.25448733258621004,0.5554273116862575,0.4716140751606319
"frozenset({'landslide_surface_class=1', 'is_locality_1ring=0'})","frozenset({'surface_stoniness_class=1', 'usda_hydrologic_group=C', 'rooting_depth_class=1'})",0.1476343995423564,0.12225557974838472,0.055866219074690804,0.37840922744202815,3.0952307307432143,1.0,0.03781708996783536,1.4120937102066673,0.7941689667689696,0.261028116776827,0.2918317015563758,0.41768587891017583
"frozenset({'surface_stoniness_class=1', 'usda_hydrologic_group=C', 'rooting_depth_class=1'})","frozenset({'landslide_surface_class=1', 'is_locality_1ring=0'})",0.12225557974838472,0.1476343995423564,0.055866219074690804,0.4569625303783235,3.0952307307432143,1.0,0.03781708996783536,1.5696257590686515,0.771206620750505,0.261028116776827,0.3629054606026871,0.41768587891017583
"frozenset({'surface_stoniness_class=2', 'pai_landslide_hazard_level=Moderata P1', 'usda_hydrologic_group=B'})","frozenset({'landslide_surface_class=2', 'descending_soil_presence=0'})",0.06914320430326869,0.2763466561420469,0.05895265251460069,0.8526167265264238,3.0853158798062834,1.0,0.039845159210446,4.910009981476591,0.7260881388664094,0.2057417008434574,0.7963344262491154,0.5329726763719944
"frozenset({'landslide_surface_class=2', 'descending_soil_presence=0'})","frozenset({'surface_stoniness_class=2', 'pai_landslide_hazard_level=Moderata P1', 'usda_hydrologic_group=B'})",0.2763466561420469,0.06914320430326869,0.05895265251460069,0.21332862621756501,3.085315879806283,1.0,0.039845159210446,1.1832854565700426,0.933988744853032,0.2057417008434574,0.15489538517723972,0.5329726763719944
"frozenset({'surface_stoniness_class=1', 'usda_hydrologic_group=C'})","frozenset({'landslide_surface_class=1', 'is_locality_1ring=0'})",0.13137297508237142,0.1476343995423564,0.05965774291251114,0.4541097046413502,3.0759071466339782,1.0,0.04026257262013229,1.5614228860720811,0.7769648394084457,0.27197557819828566,0.3595585097925633,0.42910038878589196
"frozenset({'landslide_surface_class=1', 'is_locality_1ring=0'})","frozenset({'surface_stoniness_class=1', 'usda_hydrologic_group=C'})",0.1476343995423564,0.13137297508237142,0.05965774291251114,0.4040910729304338,3.0759071466339782,1.0,0.04026257262013229,1.4576506332757544,0.79178776872108,0.27197557819828566,0.31396455558578096,0.42910038878589196
"frozenset({'surface_stoniness_class=1', 'landslide_surface_class=4'})","frozenset({'hydraulic_hazard_level=0', 'rooting_depth_class=1'})",0.06630953911921349,0.24734482468082464,0.05042504977760828,0.7604494081455228,3.0744504524273415,1.0,0.03402372844950014,3.1419466322020195,0.7226577192987256,0.19156320018868242,0.6817259753074946,0.48215740034541854
"frozenset({'hydraulic_hazard_level=0', 'rooting_depth_class=1'})","frozenset({'surface_stoniness_class=1', 'landslide_surface_class=4'})",0.24734482468082464,0.06630953911921349,0.05042504977760828,0.20386539254531438,3.074450452427341,1.0,0.03402372844950014,1.1727796432137017,0.8964777511892502,0.19156320018868242,0.14732489962073628,0.48215740034541854
"frozenset({'landslide_surface_class=2', 'ascending_soil_presence=0'})","frozenset({'surface_stoniness_class=2', 'pai_landslide_hazard_level=Moderata P1', 'usda_hydrologic_group=B'})",0.2766748114215775,0.06914320430326869,0.0587841403440309,0.21246654164863524,3.072847777154451,1.0,0.03965395733234043,1.1819901565139872,0.9325943382501831,0.20479861572450447,0.15396926574306347,0.5313230604600283
"frozenset({'surface_stoniness_class=2', 'pai_landslide_hazard_level=Moderata P1', 'usda_hydrologic_group=B'})","frozenset({'landslide_surface_class=2', 'ascending_soil_presence=0'})",0.06914320430326869,0.2766748114215775,0.0587841403440309,0.8501795792714213,3.072847777154451,1.0,0.03965395733234043,4.827947919655294,0.7246753514616379,0.20479861572450447,0.7928726621244502,0.5313230604600283
"frozenset({'landslide_surface_class=1', 'descending_soil_presence=0'})","frozenset({'surface_stoniness_class=1', 'usda_hydrologic_group=C'})",0.16106215881828623,0.13137297508237142,0.06476188786845408,0.40209251101321586,3.0606942619751294,1.0,0.04360267289130641,1.4527782991807086,0.802534716258678,0.28445102354843105,0.3116637269678739,0.4475272681648358
"frozenset({'surface_stoniness_class=1', 'usda_hydrologic_group=C'})","frozenset({'landslide_surface_class=1', 'descending_soil_presence=0'})",0.13137297508237142,0.16106215881828623,0.06476188786845408,0.49296202531645567,3.0606942619751294,1.0,0.04360267289130641,1.654585816191217,0.7751045305035047,0.28445102354843105,0.395619139113645,0.4475272681648358
"frozenset({'is_locality_1ring=0', 'rooting_depth_class=4'})","frozenset({'landslide_surface_class=2', 'pai_landslide_hazard_level=Moderata P1', 'usda_hydrologic_group=B'})",0.19397524644904945,0.09481026859953083,0.05627863043950635,0.2901330529011019,3.0601437712047326,1.0,0.037887785222011784,1.2751540765488816,0.8352323733952378,0.24205145810684517,0.21578104294154593,0.44186259754503177
"frozenset({'landslide_surface_class=2', 'pai_landslide_hazard_level=Moderata P1', 'usda_hydrologic_group=B'})","frozenset({'is_locality_1ring=0', 'rooting_depth_class=4'})",0.09481026859953083,0.19397524644904945,0.05627863043950635,0.5935921421889616,3.0601437712047326,1.0,0.037887785222011784,1.9832902786188655,0.7437313356196599,0.24205145810684517,0.49578737374924986,0.44186259754503177
"frozenset({'tipo_movimento_<lambda_0>_1ring=0', 'usda_hydrologic_group=B'})","frozenset({'landslide_surface_class=2', 'surface_stoniness_class=2'})",0.22261788091510978,0.09205199043915159,0.06265548573633167,0.28144857672157925,3.0574958279432645,1.0,0.042163066690749804,1.263581116321916,0.8656424452415548,0.24861868731303888,0.20859849274192915,0.4810509094225489
"frozenset({'landslide_surface_class=2', 'surface_stoniness_class=2'})","frozenset({'tipo_movimento_<lambda_0>_1ring=0', 'usda_hydrologic_group=B'})",0.09205199043915159,0.22261788091510978,0.06265548573633167,0.6806532421235186,3.0574958279432645,1.0,0.042163066690749804,2.4342884338458517,0.7411602331472565,0.24861868731303888,0.5892023368733946,0.4810509094225489
"frozenset({'surface_stoniness_class=1', 'usda_hydrologic_group=C', 'rooting_depth_class=1'})","frozenset({'landslide_surface_class=1', 'descending_soil_presence=0'})",0.12225557974838472,0.16106215881828623,0.0601943211398518,0.49236461242700136,3.056985054959419,1.0,0.0405035735379958,1.6526386097562464,0.7666016389557555,0.2697803835834244,0.3949070328524555,0.4330490463016064
"frozenset({'landslide_surface_class=1', 'descending_soil_presence=0'})","frozenset({'surface_stoniness_class=1', 'usda_hydrologic_group=C', 'rooting_depth_class=1'})",0.16106215881828623,0.12225557974838472,0.0601943211398518,0.37373348017621144,3.0569850549594184,1.0,0.0405035735379958,1.4015509251533749,0.8020621768608622,0.2697803835834244,0.286504698435722,0.4330490463016064
"frozenset({'surface_stoniness_class=2', 'is_locality_1ring=0'})","frozenset({'pai_landslide_hazard_level=Moderata P1', 'rooting_depth_class=4'})",0.19797962776548428,0.09934679361250183,0.06003911256169541,0.3032590435659088,3.052529754999024,1.0,0.040370471342597906,1.2926658007834455,0.8383862667483223,0.25302285596815494,0.22640484540247732,0.4537988741018403
"frozenset({'pai_landslide_hazard_level=Moderata P1', 'rooting_depth_class=4'})","frozenset({'surface_stoniness_class=2', 'is_locality_1ring=0'})",0.09934679361250183,0.19797962776548428,0.06003911256169541,0.6043387046377717,3.052529754999024,1.0,0.040370471342597906,2.0270377255381153,0.74657244427163,0.25302285596815494,0.5066692704327784,0.4537988741018403
"frozenset({'surface_stoniness_class=1', 'usda_hydrologic_group=C'})","frozenset({'landslide_surface_class=1', 'ascending_soil_presence=0'})",0.13137297508237142,0.16103111710265494,0.06456676851305748,0.49147679324894517,3.05206100592121,1.0,0.043411631578443965,1.6498143482133323,0.7740405635841509,0.28338977772587487,0.39387119460868375,0.44621756386485484
"frozenset({'landslide_surface_class=1', 'ascending_soil_presence=0'})","frozenset({'surface_stoniness_class=1', 'usda_hydrologic_group=C'})",0.16103111710265494,0.13137297508237142,0.06456676851305748,0.4009583344807645,3.0520610059212094,1.0,0.043411631578443965,1.450027727478226,0.8014034437007045,0.28338977772587487,0.3103580151952534,0.44621756386485484
"frozenset({'surface_stoniness_class=1', 'usda_hydrologic_group=C', 'rooting_depth_class=1'})","frozenset({'landslide_surface_class=1', 'ascending_soil_presence=0'})",0.12225557974838472,0.16103111710265494,0.0600125053768686,0.4908774347999565,3.0483390020018892,1.0,0.04032555279795349,1.647872124009469,0.765544594541388,0.2687838884585592,0.3931567957064041,0.431776943379655
"frozenset({'landslide_surface_class=1', 'ascending_soil_presence=0'})","frozenset({'surface_stoniness_class=1', 'usda_hydrologic_group=C', 'rooting_depth_class=1'})",0.16103111710265494,0.12225557974838472,0.0600125053768686,0.37267645195935345,3.0483390020018892,1.0,0.04032555279795349,1.3991893385687844,0.8009266017017552,0.2687838884585592,0.2853004433103463,0.431776943379655
"frozenset({'usda_hydrologic_group=C', 'landslide_surface_class=4'})","frozenset({'is_locality_1ring=0', 'surface_stoniness_class=3'})",0.09131142379480539,0.18209513842387906,0.05056695476335126,0.5537856345005099,3.041188464962825,1.0,0.03393958840775469,1.8329863958112653,0.7386261898520388,0.22692085729637224,0.45444221392739365,0.41574044163230206
"frozenset({'is_locality_1ring=0', 'surface_stoniness_class=3'})","frozenset({'usda_hydrologic_group=C', 'landslide_surface_class=4'})",0.18209513842387906,0.09131142379480539,0.05056695476335126,0.2776952487640942,3.041188464962825,1.0,0.03393958840775469,1.2580404249734967,0.8206103329807036,0.22692085729637224,0.20511298353463697,0.41574044163230206
"frozenset({'descending_soil_presence=0', 'rooting_depth_class=4'})","frozenset({'landslide_surface_class=2', 'pai_landslide_hazard_level=Moderata P1', 'usda_hydrologic_group=B'})",0.21809465949455217,0.09481026859953083,0.06264661667472272,0.28724507431731766,3.0296831615424735,1.0,0.041969003427921016,1.269987338962928,0.8567948673272265,0.2503278165644824,0.2125905752599074,0.4740013959051508
"frozenset({'landslide_surface_class=2', 'pai_landslide_hazard_level=Moderata P1', 'usda_hydrologic_group=B'})","frozenset({'descending_soil_presence=0', 'rooting_depth_class=4'})",0.09481026859953083,0.21809465949455217,0.06264661667472272,0.660757717492984,3.029683161542473,1.0,0.041969003427921016,2.304858152489517,0.740101725904828,0.2503278165644824,0.5661338208948421,0.4740013959051508
"frozenset({'landslide_surface_class=2', 'pai_landslide_hazard_level=Moderata P1', 'usda_hydrologic_group=B'})","frozenset({'ascending_soil_presence=0', 'rooting_depth_class=4'})",0.09481026859953083,0.21858245788304367,0.06258896777426465,0.6601496725912067,3.0201402206961694,1.0,0.04186510623122764,2.2992990710790706,0.738949551315349,0.2495535477482894,0.565084850171015,0.47324498906182844
"frozenset({'ascending_soil_presence=0', 'rooting_depth_class=4'})","frozenset({'landslide_surface_class=2', 'pai_landslide_hazard_level=Moderata P1', 'usda_hydrologic_group=B'})",0.21858245788304367,0.09481026859953083,0.06258896777426465,0.28634030553245016,3.0201402206961694,1.0,0.04186510623122764,1.2683772649873648,0.8559950472336899,0.2495535477482894,0.21159104029670395,0.47324498906182844
"frozenset({'hydraulic_hazard_level=0', 'usda_hydrologic_group=B'})","frozenset({'landslide_surface_class=2', 'surface_stoniness_class=2', 'pai_landslide_hazard_level=Moderata P1'})",0.31753014372314337,0.06054021454260032,0.05805687729209811,0.1828389475448299,3.0201238784208746,1.0,0.03883353426735629,1.1496629491026054,0.9800986051483799,0.18142009866415387,0.1301798489891564,0.5709096583607537
"frozenset({'landslide_surface_class=2', 'surface_stoniness_class=2', 'pai_landslide_hazard_level=Moderata P1'})","frozenset({'hydraulic_hazard_level=0', 'usda_hydrologic_group=B'})",0.06054021454260032,0.31753014372314337,0.05805687729209811,0.9589803691766774,3.020123878420874,1.0,0.03883353426735629,16.63764013909222,0.711991896350409,0.18142009866415387,0.9398953221947399,0.5709096583607537
"frozenset({'surface_stoniness_class=2', 'hydraulic_hazard_level=0'})","frozenset({'pai_landslide_hazard_level=Moderata P1', 'rooting_depth_class=4'})",0.21320337201722372,0.09934679361250183,0.06390158889238724,0.29972128624318817,3.016919573793584,1.0,0.04272051749510267,1.2861353468188825,0.8496936213628203,0.2569955948707888,0.2224768548089496,0.47146935624037284
"frozenset({'pai_landslide_hazard_level=Moderata P1', 'rooting_depth_class=4'})","frozenset({'surface_stoniness_class=2', 'hydraulic_hazard_level=0'})",0.09934679361250183,0.21320337201722372,0.06390158889238724,0.6432174262375575,3.016919573793584,1.0,0.04272051749510267,2.2052552053919854,0.7422791273771462,0.2569955948707888,0.546537744223463,0.47146935624037284
"frozenset({'pai_landslide_hazard_level=Moderata P1', 'rooting_depth_class=4'})","frozenset({'surface_stoniness_class=2', 'descending_soil_presence=0'})",0.09934679361250183,0.22061347299149014,0.0657640918302639,0.6619649154131143,3.0005643192909104,1.0,0.04384685066084108,2.305637972345391,0.7402731176541092,0.2587139318237326,0.5662805644275721,0.4800306797813727
"frozenset({'surface_stoniness_class=2', 'descending_soil_presence=0'})","frozenset({'pai_landslide_hazard_level=Moderata P1', 'rooting_depth_class=4'})",0.22061347299149014,0.09934679361250183,0.0657640918302639,0.2980964441496311,3.0005643192909104,1.0,0.04384685066084108,1.2831580619310874,0.8554540448328322,0.2587139318237326,0.22067278407225144,0.4800306797813727
"frozenset({'ascending_soil_presence=0', 'surface_stoniness_class=2'})","frozenset({'pai_landslide_hazard_level=Moderata P1', 'rooting_depth_class=4'})",0.22103031888711014,0.09934679361250183,0.065679835744979,0.2971530606103164,2.9910684563142516,1.0,0.043721182272395805,1.2814357663271314,0.8545535541438581,0.2578741185688169,0.21962534035848438,0.4791349376613159
"frozenset({'pai_landslide_hazard_level=Moderata P1', 'rooting_depth_class=4'})","frozenset({'ascending_soil_presence=0', 'surface_stoniness_class=2'})",0.09934679361250183,0.22103031888711014,0.065679835744979,0.6611168147123153,2.9910684563142516,1.0,0.043721182272395805,2.2986377457813583,0.7390983619936492,0.2578741185688169,0.5649597237166757,0.4791349376613159
"frozenset({'surface_stoniness_class=1', 'landslide_surface_class=3'})","frozenset({'usda_hydrologic_group=D', 'hydraulic_hazard_level=0', 'rooting_depth_class=1'})",0.20791297676749312,0.0956084841443351,0.059453754495505606,0.28595499626746296,2.9908956179639006,1.0,0.03957550995282923,1.2665749513379787,0.840377344662727,0.24359533413278098,0.210469148356657,0.4539005036995942
"frozenset({'usda_hydrologic_group=D', 'hydraulic_hazard_level=0', 'rooting_depth_class=1'})","frozenset({'surface_stoniness_class=1', 'landslide_surface_class=3'})",0.0956084841443351,0.20791297676749312,0.059453754495505606,0.6218460111317254,2.9908956179639006,1.0,0.03957550995282923,2.0946150154412915,0.7360219303872502,0.24359533413278098,0.5225852996239879,0.4539005036995942
"frozenset({'landslide_surface_class=1', 'tipo_movimento_<lambda_0>_1ring=0'})","frozenset({'usda_hydrologic_group=C', 'rooting_depth_class=1'})",0.13336851394438212,0.13449488476871704,0.05262901158742899,0.39461346633416455,2.934040703575888,1.0,0.03469162867270428,1.429673550863999,0.7606152208236607,0.24451953189385198,0.3005396236115114,0.3929610574112051
"frozenset({'usda_hydrologic_group=C', 'rooting_depth_class=1'})","frozenset({'landslide_surface_class=1', 'tipo_movimento_<lambda_0>_1ring=0'})",0.13449488476871704,0.13336851394438212,0.05262901158742899,0.3913086484882456,2.934040703575888,1.0,0.03469162867270428,1.4237617865002348,0.7616050876403946,0.24451953189385198,0.29763531408009514,0.3929610574112051
"frozenset({'descending_soil_presence=0', 'surface_stoniness_class=3'})","frozenset({'landslide_surface_class=2', 'rooting_depth_class=2'})",0.20734535682452118,0.10523141599003118,0.06370203500618617,0.307226725410099,2.9195342713929016,1.0,0.041882789508583526,1.2915749161074992,0.8294654192354626,0.2559602295000178,0.22575145465524898,0.4562893003367393
"frozenset({'landslide_surface_class=2', 'rooting_depth_class=2'})","frozenset({'descending_soil_presence=0', 'surface_stoniness_class=3'})",0.10523141599003118,0.20734535682452118,0.06370203500618617,0.6053518752633796,2.9195342713929016,1.0,0.041882789508583526,2.0085098433052972,0.7348040908677673,0.2559602295000178,0.5021184470003127,0.4562893003367393
"frozenset({'landslide_surface_class=2', 'rooting_depth_class=2'})","frozenset({'ascending_soil_presence=0', 'surface_stoniness_class=3'})",0.10523141599003118,0.20816131049254333,0.06373307672181745,0.6056468605141172,2.9095073387127455,1.0,0.04182796726434658,2.007943161146821,0.7334848492687884,0.25527984511270185,0.5019779347594391,0.4559092188001233
"frozenset({'ascending_soil_presence=0', 'surface_stoniness_class=3'})","frozenset({'landslide_surface_class=2', 'rooting_depth_class=2'})",0.20816131049254333,0.10523141599003118,0.06373307672181745,0.3061715770861294,2.909507338712745,1.0,0.04182796726434658,1.2896107372658647,0.8288294177457199,0.25527984511270185,0.22457221306940692,0.4559092188001233
"frozenset({'landslide_surface_class=1', 'is_locality_1ring=0'})","frozenset({'usda_hydrologic_group=C', 'rooting_depth_class=1'})",0.1476343995423564,0.13449488476871704,0.05743604297947256,0.38904241259161365,2.8926186543125936,1.0,0.037579971425124606,1.4166369860511245,0.7676195367435936,0.2556198069825732,0.2941028577917481,0.4080462153630362
"frozenset({'usda_hydrologic_group=C', 'rooting_depth_class=1'})","frozenset({'landslide_surface_class=1', 'is_locality_1ring=0'})",0.13449488476871704,0.1476343995423564,0.05743604297947256,0.4270500181344588,2.8926186543125936,1.0,0.037579971425124606,1.4876789029337558,0.7559660547871279,0.2556198069825732,0.32781193708671647,0.4080462153630362
"frozenset({'is_locality_1ring=0', 'surface_stoniness_class=3'})","frozenset({'landslide_surface_class=2', 'rooting_depth_class=2'})",0.18209513842387906,0.10523141599003118,0.055232081169651843,0.3033144193069186,2.8823561524217474,1.0,0.03606995190840631,1.2843219506851702,0.7984566930648882,0.2379724101035576,0.22137903236294285,0.4140887309345381
"frozenset({'landslide_surface_class=2', 'rooting_depth_class=2'})","frozenset({'is_locality_1ring=0', 'surface_stoniness_class=3'})",0.10523141599003118,0.18209513842387906,0.055232081169651843,0.5248630425621575,2.8823561524217474,1.0,0.03606995190840631,1.7214086354945763,0.7298664958586529,0.2379724101035576,0.41908040927615603,0.4140887309345381
"frozenset({'surface_stoniness_class=1', 'landslide_surface_class=3'})","frozenset({'ascending_soil_presence=0', 'usda_hydrologic_group=D'})",0.20791297676749312,0.17680030864334398,0.10565269641645565,0.5081582595712915,2.8741932832051202,1.0,0.06889361795300647,1.6737084791525074,0.8232381891339989,0.3786012808085302,0.40252438674006347,0.5528701704438013
"frozenset({'ascending_soil_presence=0', 'usda_hydrologic_group=D'})","frozenset({'surface_stoniness_class=1', 'landslide_surface_class=3'})",0.17680030864334398,0.20791297676749312,0.10565269641645565,0.597582081316311,2.8741932832051202,1.0,0.06889361795300647,1.96831946704418,0.7921240659940346,0.3786012808085302,0.491952390481766,0.5528701704438013
"frozenset({'rooting_depth_class=2', 'usda_hydrologic_group=C'})","frozenset({'tipo_movimento_<lambda_0>_1ring=0', 'surface_stoniness_class=3'})",0.15758105213677867,0.13374544906276192,0.060549083604209256,0.3842408892641058,2.872926831953702,1.0,0.039473335022393294,1.4068075255954828,0.7738701932558026,0.26237005438020017,0.2891707061513525,0.4184798610776762
"frozenset({'tipo_movimento_<lambda_0>_1ring=0', 'surface_stoniness_class=3'})","frozenset({'rooting_depth_class=2', 'usda_hydrologic_group=C'})",0.13374544906276192,0.15758105213677867,0.060549083604209256,0.45271883289124665,2.8729268319537016,1.0,0.039473335022393294,1.5392799871292107,0.7525766107432481,0.26237005438020017,0.35034561070009046,0.4184798610776762
"frozenset({'usda_hydrologic_group=D', 'descending_soil_presence=0'})","frozenset({'surface_stoniness_class=1', 'landslide_surface_class=3'})",0.17660518928794738,0.20791297676749312,0.10548861877669033,0.5973132454488387,2.8729002620976742,1.0,0.0687701081592466,1.9670054062626794,0.7917461785436801,0.37805537014080925,0.49161298854790375,0.552341170020996
"frozenset({'surface_stoniness_class=1', 'landslide_surface_class=3'})","frozenset({'usda_hydrologic_group=D', 'descending_soil_presence=0'})",0.20791297676749312,0.17660518928794738,0.10548861877669033,0.5073690945931534,2.8729002620976742,1.0,0.0687701081592466,1.6714233753402856,0.8230404939011378,0.37805537014080925,0.4017075417552961,0.552341170020996
"frozenset({'hydraulic_hazard_level=0', 'usda_hydrologic_group=B'})","frozenset({'landslide_surface_class=2', 'surface_stoniness_class=2'})",0.31753014372314337,0.09205199043915159,0.0839545371901926,0.2643986369476566,2.8722750663651313,1.0,0.054725255436047365,1.234293538817493,0.9551248654855279,0.25782377774751464,0.18981995080518402,0.5882162757914889
"frozenset({'landslide_surface_class=2', 'surface_stoniness_class=2'})","frozenset({'hydraulic_hazard_level=0', 'usda_hydrologic_group=B'})",0.09205199043915159,0.31753014372314337,0.0839545371901926,0.9120339146353212,2.8722750663651313,1.0,0.054725255436047365,7.7583292861965925,0.7179308978160994,0.25782377774751464,0.8711062700343007,0.5882162757914889
"frozenset({'surface_stoniness_class=2', 'hydraulic_hazard_level=0'})","frozenset({'landslide_surface_class=2', 'pai_landslide_hazard_level=Moderata P1', 'usda_hydrologic_group=B'})",0.21320337201722372,0.09481026859953083,0.05805687729209811,0.272307500311993,2.8721308813309334,1.0,0.03784300832481943,1.24391790734213,0.8284560819969243,0.23226767909732815,0.19608842826558182,0.44232774454327434
"frozenset({'landslide_surface_class=2', 'pai_landslide_hazard_level=Moderata P1', 'usda_hydrologic_group=B'})","frozenset({'surface_stoniness_class=2', 'hydraulic_hazard_level=0'})",0.09481026859953083,0.21320337201722372,0.05805687729209811,0.6123479887745557,2.8721308813309334,1.0,0.03784300832481943,2.0296467068378083,0.7200992555875835,0.23226767909732815,0.507303415598865,0.44232774454327434
"frozenset({'usda_hydrologic_group=D', 'is_locality_1ring=0'})","frozenset({'surface_stoniness_class=1', 'landslide_surface_class=3'})",0.16473395032438592,0.20791297676749312,0.09822485731897136,0.5962635942715624,2.8678517500057614,1.0,0.06397453133235995,1.961891501469607,0.7797598634200954,0.3579335197065429,0.4902878170118361,0.5343480709973574
"frozenset({'surface_stoniness_class=1', 'landslide_surface_class=3'})","frozenset({'usda_hydrologic_group=D', 'is_locality_1ring=0'})",0.20791297676749312,0.16473395032438592,0.09822485731897136,0.47243254772315235,2.8678517500057614,1.0,0.06397453133235995,1.583240296706738,0.8222668996097375,0.3579335197065429,0.368383938887813,0.5343480709973574
"frozenset({'usda_hydrologic_group=C', 'rooting_depth_class=1'})","frozenset({'landslide_surface_class=1', 'descending_soil_presence=0'})",0.13449488476871704,0.16106215881828623,0.06182179394509164,0.4596590721751459,2.8539234513411875,1.0,0.040159757454225425,1.5526083588723576,0.7505503624127258,0.264494953327768,0.35592257101701485,0.4217485889510091
"frozenset({'landslide_surface_class=1', 'descending_soil_presence=0'})","frozenset({'usda_hydrologic_group=C', 'rooting_depth_class=1'})",0.16106215881828623,0.13449488476871704,0.06182179394509164,0.3838381057268722,2.853923451341187,1.0,0.040159757454225425,1.4046716021806245,0.7743186038573304,0.264494953327768,0.2880898293611181,0.4217485889510091
"frozenset({'usda_hydrologic_group=B', 'rooting_depth_class=4'})","frozenset({'landslide_surface_class=2', 'hydraulic_hazard_level=0'})",0.10932005339175088,0.25927814707564867,0.08072176423373525,0.7383985072205096,2.847901049698067,1.0,0.0523774633521111,2.831489396540722,0.728504337813411,0.280404208450791,0.6468289793980099,0.5248656010139628
"frozenset({'landslide_surface_class=2', 'hydraulic_hazard_level=0'})","frozenset({'usda_hydrologic_group=B', 'rooting_depth_class=4'})",0.25927814707564867,0.10932005339175088,0.08072176423373525,0.31133269480741604,2.847901049698067,1.0,0.0523774633521111,1.2933385103263655,0.8759890128066657,0.280404208450791,0.2268072186703414,0.5248656010139628
"frozenset({'usda_hydrologic_group=C', 'rooting_depth_class=1'})","frozenset({'landslide_surface_class=1', 'ascending_soil_presence=0'})",0.13449488476871704,0.16103111710265494,0.06163554365130398,0.45827425896007123,2.845873935457631,1.0,0.03997768211240462,1.5486967285084345,0.7494052657618773,0.2635231215516751,0.35429578845749216,0.42051487298787027
"frozenset({'landslide_surface_class=1', 'ascending_soil_presence=0'})","frozenset({'usda_hydrologic_group=C', 'rooting_depth_class=1'})",0.16103111710265494,0.13449488476871704,0.06163554365130398,0.38275548701566936,2.845873935457631,1.0,0.03997768211240462,1.4022078722848923,0.7731086386162516,0.2635231215516751,0.28683897746879444,0.42051487298787027
"frozenset({'usda_hydrologic_group=B', 'is_locality_1ring=0'})","frozenset({'landslide_surface_class=2', 'surface_stoniness_class=2', 'pai_landslide_hazard_level=Moderata P1'})",0.3099160543318714,0.06054021454260032,0.05339175088579753,0.1722781060855381,2.8456804685472528,1.0,0.034629366466349856,1.1349944859069838,0.9398714541732507,0.16839396355193778,0.11893845087635695,0.5271000843934869
"frozenset({'landslide_surface_class=2', 'surface_stoniness_class=2', 'pai_landslide_hazard_level=Moderata P1'})","frozenset({'usda_hydrologic_group=B', 'is_locality_1ring=0'})",0.06054021454260032,0.3099160543318714,0.05339175088579753,0.8819220627014357,2.8456804685472528,1.0,0.034629366466349856,5.844308949293605,0.6903863385710928,0.16839396355193778,0.8288933715386712,0.5271000843934869
"frozenset({'landslide_surface_class=2', 'pai_landslide_hazard_level=Moderata P1', 'usda_hydrologic_group=B'})","frozenset({'surface_stoniness_class=2', 'is_locality_1ring=0'})",0.09481026859953083,0.19797962776548428,0.05339175088579753,0.5631431244153414,2.844449859671469,1.0,0.03462124920011683,1.8358881754147693,0.7163560818315151,0.22302491432805407,0.455304515061721,0.41641308981434555
"frozenset({'surface_stoniness_class=2', 'is_locality_1ring=0'})","frozenset({'landslide_surface_class=2', 'pai_landslide_hazard_level=Moderata P1', 'usda_hydrologic_group=B'})",0.19797962776548428,0.09481026859953083,0.05339175088579753,0.26968305521334973,2.8444498596714687,1.0,0.03462124920011683,1.2394478012076047,0.8085058581411624,0.22302491432805407,0.19318909676898732,0.41641308981434555
"frozenset({'hydraulic_hazard_level=0', 'rooting_depth_class=4'})","frozenset({'landslide_surface_class=2', 'pai_landslide_hazard_level=Moderata P1'})",0.20799279832197354,0.11618470707706771,0.06871305481523528,0.3303626633690809,2.843426399912895,1.0,0.04454747246805716,1.3198417181598412,0.8185678452789923,0.26897305929731985,0.2423333902536231,0.46088743855476944
"frozenset({'landslide_surface_class=2', 'pai_landslide_hazard_level=Moderata P1'})","frozenset({'hydraulic_hazard_level=0', 'rooting_depth_class=4'})",0.11618470707706771,0.20799279832197354,0.06871305481523528,0.591412213740458,2.843426399912895,1.0,0.04454747246805716,1.9384015585207186,0.7335374638958171,0.26897305929731985,0.48411102147320556,0.46088743855476944
"frozenset({'landslide_surface_class=2', 'is_locality_1ring=0'})","frozenset({'usda_hydrologic_group=B', 'rooting_depth_class=4'})",0.24152672026536232,0.10932005339175088,0.07507217198884272,0.3108234646103002,2.8432428906383467,1.0,0.04866845803389884,1.2923828669015955,0.8547287651232545,0.27222293690100985,0.22623548670415644,0.49877129745199417
"frozenset({'usda_hydrologic_group=B', 'rooting_depth_class=4'})","frozenset({'landslide_surface_class=2', 'is_locality_1ring=0'})",0.10932005339175088,0.24152672026536232,0.07507217198884272,0.6867191302936881,2.8432428906383467,1.0,0.04866845803389884,2.4210647794922036,0.7278584549200711,0.27222293690100985,0.5869585942224392,0.49877129745199417
"frozenset({'ascending_soil_presence=0', 'surface_stoniness_class=3'})","frozenset({'rooting_depth_class=2', 'usda_hydrologic_group=C'})",0.20816131049254333,0.15758105213677867,0.09318279579429098,0.44764704629215396,2.8407415753487997,1.0,0.060380517472705335,1.5251460903906,0.818322281437304,0.3418804809397524,0.34432510675492495,0.519489767693706
"frozenset({'rooting_depth_class=2', 'usda_hydrologic_group=C'})","frozenset({'ascending_soil_presence=0', 'surface_stoniness_class=3'})",0.15758105213677867,0.20816131049254333,0.09318279579429098,0.5913324890952582,2.8407415753487997,1.0,0.060380517472705335,1.9376110612620487,0.7691888276868097,0.3418804809397524,0.48390055156443135,0.519489767693706
"frozenset({'hydraulic_hazard_level=0', 'landslide_surface_class=4'})","frozenset({'usda_hydrologic_group=C', 'surface_stoniness_class=3'})",0.14846365680279197,0.13811789643596759,0.05822095493186343,0.3921562770692076,2.8392864877652837,1.0,0.03771546695707038,1.4179337073818299,0.7607412687201645,0.2549518409196831,0.2947484111605835,0.4068435658767986
"frozenset({'usda_hydrologic_group=C', 'surface_stoniness_class=3'})","frozenset({'hydraulic_hazard_level=0', 'landslide_surface_class=4'})",0.13811789643596759,0.14846365680279197,0.05822095493186343,0.42153085468438967,2.8392864877652837,1.0,0.03771546695707038,1.472051448366556,0.75160957096848,0.2549518409196831,0.3206759171972979,0.4068435658767986
"frozenset({'descending_soil_presence=0', 'surface_stoniness_class=3'})","frozenset({'rooting_depth_class=2', 'usda_hydrologic_group=C'})",0.20734535682452118,0.15758105213677867,0.09258413413568778,0.4465213764783883,2.8335981415507527,1.0,0.05991043465160393,1.52204423452377,0.8163603310833352,0.33995505910704404,0.34298887159945884,0.5170273971177646
"frozenset({'rooting_depth_class=2', 'usda_hydrologic_group=C'})","frozenset({'descending_soil_presence=0', 'surface_stoniness_class=3'})",0.15758105213677867,0.20734535682452118,0.09258413413568778,0.5875334177571409,2.8335981415507523,1.0,0.05991043465160393,1.9217426994091997,0.7681353898541955,0.33995505910704404,0.479638975442743,0.5170273971177646
"frozenset({'surface_stoniness_class=2', 'descending_soil_presence=0'})","frozenset({'landslide_surface_class=2', 'pai_landslide_hazard_level=Moderata P1', 'usda_hydrologic_group=B'})",0.22061347299149014,0.09481026859953083,0.05895265251460069,0.2672214516874711,2.818486390078568,1.0,0.03803622988360217,1.235284157109915,0.8278301107638928,0.22986081092763894,0.19046966299672152,0.44450876139097595
"frozenset({'landslide_surface_class=2', 'pai_landslide_hazard_level=Moderata P1', 'usda_hydrologic_group=B'})","frozenset({'surface_stoniness_class=2', 'descending_soil_presence=0'})",0.09481026859953083,0.22061347299149014,0.05895265251460069,0.6217960710944808,2.818486390078568,1.0,0.03803622988360217,2.0607573518973457,0.7127783409375583,0.22986081092763894,0.5147415104066974,0.44450876139097595
"frozenset({'landslide_surface_class=2', 'rooting_depth_class=2'})","frozenset({'hydraulic_hazard_level=0', 'surface_stoniness_class=3'})",0.10523141599003118,0.1994696301157856,0.05909899203114814,0.5616097766540245,2.815515205638213,1.0,0.03810852040705626,1.8260680262763056,0.7206614417440161,0.24062906254513938,0.45237527539475786,0.42894521424239873
"frozenset({'hydraulic_hazard_level=0', 'surface_stoniness_class=3'})","frozenset({'landslide_surface_class=2', 'rooting_depth_class=2'})",0.1994696301157856,0.10523141599003118,0.05909899203114814,0.29628065183077296,2.815515205638213,1.0,0.03810852040705626,1.2714849838046505,0.8054975076999777,0.24062906254513938,0.21351804170922173,0.42894521424239873
"frozenset({'ascending_soil_presence=0', 'landslide_surface_class=4'})","frozenset({'usda_hydrologic_group=C', 'surface_stoniness_class=3'})",0.1558737577770584,0.13811789643596759,0.060584559850645,0.3886770981507824,2.814096566631217,1.0,0.03905560431690815,1.409863921271209,0.7636845476979562,0.2595660599612418,0.2907116886157735,0.4136604523695542
"frozenset({'usda_hydrologic_group=C', 'surface_stoniness_class=3'})","frozenset({'ascending_soil_presence=0', 'landslide_surface_class=4'})",0.13811789643596759,0.1558737577770584,0.060584559850645,0.43864380658832597,2.8140965666312168,1.0,0.03905560431690815,1.503726603767773,0.7479516801964893,0.2595660599612418,0.3349854970349155,0.4136604523695542
"frozenset({'landslide_surface_class=2', 'pai_landslide_hazard_level=Moderata P1', 'usda_hydrologic_group=B'})","frozenset({'ascending_soil_presence=0', 'surface_stoniness_class=2'})",0.09481026859953083,0.22103031888711014,0.0587841403440309,0.6200187090739008,2.805129686260696,1.0,0.037828196441704036,2.05002114502629,0.7109120008230095,0.22868183621715807,0.5122001534344293,0.4429869040423975
"frozenset({'ascending_soil_presence=0', 'surface_stoniness_class=2'})","frozenset({'landslide_surface_class=2', 'pai_landslide_hazard_level=Moderata P1', 'usda_hydrologic_group=B'})",0.22103031888711014,0.09481026859953083,0.0587841403440309,0.2659550990108942,2.805129686260696,1.0,0.037828196441704036,1.2331530812089975,0.8261043512694705,0.22868183621715807,0.18907067156691637,0.4429869040423975
"frozenset({'usda_hydrologic_group=C', 'surface_stoniness_class=3'})","frozenset({'descending_soil_presence=0', 'landslide_surface_class=4'})",0.13811789643596759,0.15497354802375135,0.0599992017844552,0.4344057021768446,2.8030958038740086,1.0,0.03859458132819626,1.4940505150574617,0.7463336076169614,0.2574053992352035,0.3306785882259545,0.4107816990582051
"frozenset({'descending_soil_presence=0', 'landslide_surface_class=4'})","frozenset({'usda_hydrologic_group=C', 'surface_stoniness_class=3'})",0.15497354802375135,0.13811789643596759,0.0599992017844552,0.3871576959395656,2.8030958038740086,1.0,0.03859458132819626,1.4063684864010944,0.7612206436722525,0.2574053992352035,0.2889487999272466,0.4107816990582051
"frozenset({'landslide_surface_class=2', 'pai_landslide_hazard_level=Moderata P1'})","frozenset({'is_locality_1ring=0', 'rooting_depth_class=4'})",0.11618470707706771,0.19397524644904945,0.06303242085471147,0.5425190839694657,2.7968469889892194,1.0,0.04049546366582664,1.7618762341928005,0.7269103904919253,0.2550602928509906,0.43242324256780285,0.43373496606227846
"frozenset({'is_locality_1ring=0', 'rooting_depth_class=4'})","frozenset({'landslide_surface_class=2', 'pai_landslide_hazard_level=Moderata P1'})",0.19397524644904945,0.11618470707706771,0.06303242085471147,0.32495084815509123,2.796846988989219,1.0,0.04049546366582664,1.30926065236504,0.7970654956575511,0.2550602928509906,0.2362101479230997,0.43373496606227846
"frozenset({'descending_soil_presence=0', 'usda_hydrologic_group=B'})","frozenset({'landslide_surface_class=2', 'surface_stoniness_class=2', 'pai_landslide_hazard_level=Moderata P1'})",0.34819935876684566,0.06054021454260032,0.05895265251460069,0.16930718288334182,2.796606919260345,1.0,0.037872588631259994,1.1309352459772948,0.9856139841047312,0.16853875605365246,0.11577607687356788,0.5715419594463589
"frozenset({'landslide_surface_class=2', 'surface_stoniness_class=2', 'pai_landslide_hazard_level=Moderata P1'})","frozenset({'descending_soil_presence=0', 'usda_hydrologic_group=B'})",0.06054021454260032,0.34819935876684566,0.05895265251460069,0.9737767360093759,2.796606919260345,1.0,0.037872588631259994,24.85581663160616,0.6838225933588499,0.16853875605365246,0.9597679684067021,0.5715419594463589
"frozenset({'hydraulic_hazard_level=0', 'surface_stoniness_class=3'})","frozenset({'rooting_depth_class=2', 'usda_hydrologic_group=C'})",0.1994696301157856,0.15758105213677867,0.087595286980661,0.4391409706320446,2.7867625242841694,1.0,0.056162652797681435,1.5020154865163928,0.8009198564772587,0.32508269835261583,0.334227903122831,0.4975077302857704
"frozenset({'rooting_depth_class=2', 'usda_hydrologic_group=C'})","frozenset({'hydraulic_hazard_level=0', 'surface_stoniness_class=3'})",0.15758105213677867,0.1994696301157856,0.087595286980661,0.5558744899394962,2.786762524284169,1.0,0.056162652797681435,1.8024868010287385,0.7610947861270723,0.32508269835261583,0.44521091670171065,0.4975077302857704
"frozenset({'landslide_surface_class=2', 'surface_stoniness_class=2', 'pai_landslide_hazard_level=Moderata P1'})","frozenset({'ascending_soil_presence=0', 'usda_hydrologic_group=B'})",0.06054021454260032,0.34873150246338186,0.0587841403440309,0.9709932610606504,2.7843577485879942,1.0,0.03767186036713441,22.452316990833083,0.6821481439567584,0.16772103851409484,0.9554611668627214,0.5697794382617596
"frozenset({'ascending_soil_presence=0', 'usda_hydrologic_group=B'})","frozenset({'landslide_surface_class=2', 'surface_stoniness_class=2', 'pai_landslide_hazard_level=Moderata P1'})",0.34873150246338186,0.06054021454260032,0.0587841403440309,0.16856561546286877,2.7843577485879942,1.0,0.03767186036713441,1.1299265497425963,0.9840039114370756,0.16772103851409484,0.11498672172292458,0.5697794382617596
"frozenset({'tipo_movimento_<lambda_0>_1ring=0', 'surface_stoniness_class=2'})","frozenset({'landslide_surface_class=2', 'usda_hydrologic_group=B'})",0.1478605606133843,0.1527740207447351,0.06265548573633167,0.4237471133371323,2.773685678176638,1.0,0.040066233381854346,1.470232946097028,0.7504275144589269,0.2632814683685829,0.319835674574793,0.41693291633882246
"frozenset({'landslide_surface_class=2', 'usda_hydrologic_group=B'})","frozenset({'tipo_movimento_<lambda_0>_1ring=0', 'surface_stoniness_class=2'})",0.1527740207447351,0.1478605606133843,0.06265548573633167,0.4101187193405127,2.773685678176638,1.0,0.040066233381854346,1.4445948147971805,0.754779594971146,0.2632814683685829,0.30776437118777916,0.41693291633882246
"frozenset({'surface_stoniness_class=2', 'pai_landslide_hazard_level=Moderata P1'})","frozenset({'is_locality_1ring=0', 'rooting_depth_class=4'})",0.11167035471811905,0.19397524644904945,0.06003911256169541,0.537645937574458,2.771724472151548,1.0,0.03837782798419549,1.7433063079893534,0.7195682162126241,0.24445246908007587,0.4263773409084072,0.4235826962802563
"frozenset({'is_locality_1ring=0', 'rooting_depth_class=4'})","frozenset({'surface_stoniness_class=2', 'pai_landslide_hazard_level=Moderata P1'})",0.19397524644904945,0.11167035471811905,0.06003911256169541,0.3095194549860546,2.7717244721515475,1.0,0.03837782798419549,1.2865382691759109,0.793044848124345,0.24445246908007587,0.22272036210741897,0.4235826962802563
"frozenset({'landslide_surface_class=1', 'usda_hydrologic_group=C'})","frozenset({'tipo_movimento_<lambda_0>_1ring=0', 'surface_stoniness_class=1', 'rooting_depth_class=1'})",0.08781257899007995,0.21113688066234151,0.051289783284479584,0.5840824159175841,2.7663685003079683,1.0,0.032749309273598634,1.8966813367076634,0.6999825305618724,0.20709783698610512,0.4727633047015475,0.4135021841832733
"frozenset({'tipo_movimento_<lambda_0>_1ring=0', 'surface_stoniness_class=1', 'rooting_depth_class=1'})","frozenset({'landslide_surface_class=1', 'usda_hydrologic_group=C'})",0.21113688066234151,0.08781257899007995,0.051289783284479584,0.24292195244896245,2.766368500307968,1.0,0.032749309273598634,1.2048789737869474,0.8094119799152725,0.20709783698610512,0.17004112300425558,0.4135021841832733
"frozenset({'descending_soil_presence=0', 'rooting_depth_class=4'})","frozenset({'landslide_surface_class=2', 'pai_landslide_hazard_level=Moderata P1'})",0.21809465949455217,0.11618470707706771,0.07000793781014,0.3209979463613998,2.7628244236005624,1.0,0.04466867368169264,1.3016386153573316,0.8160214841480553,0.2649092190488975,0.2317376050452564,0.46177759913489835
"frozenset({'landslide_surface_class=2', 'pai_landslide_hazard_level=Moderata P1'})","frozenset({'descending_soil_presence=0', 'rooting_depth_class=4'})",0.11618470707706771,0.21809465949455217,0.07000793781014,0.6025572519083969,2.762824423600562,1.0,0.04466867368169264,1.9673408164066775,0.7219286218870434,0.2649092190488975,0.49169966298646356,0.46177759913489835
"frozenset({'ascending_soil_presence=0', 'rooting_depth_class=4'})","frozenset({'landslide_surface_class=2', 'pai_landslide_hazard_level=Moderata P1'})",0.21858245788304367,0.11618470707706771,0.06995472344048638,0.32003814083706966,2.7545633921061725,1.0,0.04455878459915946,1.29980127710539,0.8151417470304733,0.2641670574050506,0.23065162528000943,0.4610686887391455
"frozenset({'landslide_surface_class=2', 'pai_landslide_hazard_level=Moderata P1'})","frozenset({'ascending_soil_presence=0', 'rooting_depth_class=4'})",0.11618470707706771,0.21858245788304367,0.06995472344048638,0.6020992366412213,2.7545633921061725,1.0,0.04455878459915946,1.9638503216752283,0.720700428632453,0.2641670574050506,0.4907962236414395,0.4610686887391455
"frozenset({'usda_hydrologic_group=B', 'surface_stoniness_class=3'})","frozenset({'landslide_surface_class=2', 'hydraulic_hazard_level=0'})",0.07054451603748066,0.25927814707564867,0.050362966346345725,0.7139175257731958,2.753481285736351,1.0,0.03207231494179936,2.5891899003121464,0.6851574934399443,0.18021549056633712,0.6137788117127128,0.45408026524686335
"frozenset({'landslide_surface_class=2', 'hydraulic_hazard_level=0'})","frozenset({'usda_hydrologic_group=B', 'surface_stoniness_class=3'})",0.25927814707564867,0.07054451603748066,0.050362966346345725,0.19424300472053088,2.753481285736351,1.0,0.03207231494179936,1.1535183552953785,0.8597334979947023,0.18021549056633712,0.1330870502325622,0.45408026524686335
"frozenset({'hydraulic_hazard_level=0', 'rooting_depth_class=4'})","frozenset({'surface_stoniness_class=2', 'pai_landslide_hazard_level=Moderata P1'})",0.20799279832197354,0.11167035471811905,0.06390158889238724,0.3072298147240049,2.7512209081767645,1.0,0.040674959324958265,1.2822861955700018,0.8036858828749789,0.24984828781967924,0.2201428952017376,0.43973197510880574
"frozenset({'surface_stoniness_class=2', 'pai_landslide_hazard_level=Moderata P1'})","frozenset({'hydraulic_hazard_level=0', 'rooting_depth_class=4'})",0.11167035471811905,0.20799279832197354,0.06390158889238724,0.5722341354936066,2.751220908176764,1.0,0.040674959324958265,1.8514969692402583,0.7165414443891116,0.24984828781967924,0.45989649639537944,0.43973197510880574
"frozenset({'landslide_surface_class=1', 'rooting_depth_class=1'})","frozenset({'tipo_movimento_<lambda_0>_1ring=0', 'surface_stoniness_class=1'})",0.13295610257956658,0.29325995663028875,0.10724912750606422,0.8066506570609031,2.750633486854952,1.0,0.0682584266298483,3.6552492634657017,0.7340428619842764,0.33623901679457235,0.7264208463168238,0.5861820825489905
"frozenset({'tipo_movimento_<lambda_0>_1ring=0', 'surface_stoniness_class=1'})","frozenset({'landslide_surface_class=1', 'rooting_depth_class=1'})",0.29325995663028875,0.13295610257956658,0.10724912750606422,0.36571350803707786,2.7506334868549516,1.0,0.0682584266298483,1.366959423551964,0.9005395829758531,0.33623901679457235,0.2684493901058463,0.5861820825489905
"frozenset({'landslide_surface_class=2', 'surface_stoniness_class=2'})","frozenset({'usda_hydrologic_group=B', 'is_locality_1ring=0'})",0.09205199043915159,0.3099160543318714,0.07846015352345645,0.8523460834377107,2.750248241496331,1.0,0.049931763853159436,4.673658252586951,0.7009172904409051,0.2425293343568374,0.7860348476599711,0.5527559541346122
"frozenset({'usda_hydrologic_group=B', 'is_locality_1ring=0'})","frozenset({'landslide_surface_class=2', 'surface_stoniness_class=2'})",0.3099160543318714,0.09205199043915159,0.07846015352345645,0.25316582483151373,2.750248241496331,1.0,0.049931763853159436,1.215729059742097,0.9222015128992077,0.2425293343568374,0.17744830397314143,0.5527559541346122
"frozenset({'tipo_movimento_<lambda_0>_1ring=0', 'surface_stoniness_class=1'})","frozenset({'landslide_surface_class=1', 'usda_hydrologic_group=C', 'rooting_depth_class=1'})",0.29325995663028875,0.06361777892090127,0.051289783284479584,0.17489528360375617,2.7491573357380337,1.0,0.03263323619722078,1.134864705620487,0.9002633733565405,0.1678396772648779,0.11883769488341768,0.490556522326066
"frozenset({'landslide_surface_class=1', 'usda_hydrologic_group=C', 'rooting_depth_class=1'})","frozenset({'tipo_movimento_<lambda_0>_1ring=0', 'surface_stoniness_class=1'})",0.06361777892090127,0.29325995663028875,0.051289783284479584,0.8062177610483758,2.7491573357380332,1.0,0.03263323619722078,3.64708369143233,0.6794791285090174,0.1678396772648779,0.7258083212213682,0.490556522326066
"frozenset({'is_locality_1ring=0', 'landslide_surface_class=4'})","frozenset({'usda_hydrologic_group=C', 'surface_stoniness_class=3'})",0.13334634129035977,0.13811789643596759,0.05056695476335126,0.3792151646158962,2.745590357232982,1.0,0.03214943860689416,1.3883749319210614,0.7336028645587391,0.22891614638748925,0.2797334660772622,0.3726647967175031
"frozenset({'usda_hydrologic_group=C', 'surface_stoniness_class=3'})","frozenset({'is_locality_1ring=0', 'landslide_surface_class=4'})",0.13811789643596759,0.13334634129035977,0.05056695476335126,0.36611442881911,2.745590357232982,1.0,0.03214943860689416,1.3672083702664468,0.7376642396687955,0.22891614638748925,0.2685825937379857,0.3726647967175031
"frozenset({'usda_hydrologic_group=B', 'rooting_depth_class=4'})","frozenset({'landslide_surface_class=2', 'descending_soil_presence=0'})",0.10932005339175088,0.2763466561420469,0.08284146995827106,0.7577884147330846,2.7421660363553246,1.0,0.05263123875419067,2.987690878041578,0.7133031156273534,0.2735619728209934,0.6652933516818524,0.5287810761182472
"frozenset({'landslide_surface_class=2', 'descending_soil_presence=0'})","frozenset({'usda_hydrologic_group=B', 'rooting_depth_class=4'})",0.2763466561420469,0.10932005339175088,0.08284146995827106,0.29977373750340996,2.7421660363553246,1.0,0.05263123875419067,1.2719887760744857,0.8779407797045675,0.2735619728209934,0.2138295409444387,0.5287810761182472
"frozenset({'usda_hydrologic_group=B', 'rooting_depth_class=4'})","frozenset({'landslide_surface_class=2', 'ascending_soil_presence=0'})",0.10932005339175088,0.2766748114215775,0.08289468432792468,0.7582751906539024,2.7406730188332764,1.0,0.05264857917116522,2.9923498152098125,0.7130800707473731,0.27348939283101686,0.6658144729880509,0.5289428557010436
"frozenset({'landslide_surface_class=2', 'ascending_soil_presence=0'})","frozenset({'usda_hydrologic_group=B', 'rooting_depth_class=4'})",0.2766748114215775,0.10932005339175088,0.08289468432792468,0.29961052074818484,2.7406730188332764,1.0,0.05264857917116522,1.271692355458723,0.878064429898969,0.27348939283101686,0.21364629133177293,0.5289428557010436
"frozenset({'hydraulic_hazard_level=0', 'usda_hydrologic_group=B'})","frozenset({'landslide_surface_class=2', 'pai_landslide_hazard_level=Moderata P1', 'rooting_depth_class=4'})",0.31753014372314337,0.07071302820805045,0.061427120703493966,0.19345287972738953,2.735745938615673,1.0,0.038973602693493016,1.152179393409592,0.9296659411526216,0.18795625390105566,0.13207959999983548,0.531067340403015
"frozenset({'landslide_surface_class=2', 'pai_landslide_hazard_level=Moderata P1', 'rooting_depth_class=4'})","frozenset({'hydraulic_hazard_level=0', 'usda_hydrologic_group=B'})",0.07071302820805045,0.31753014372314337,0.061427120703493966,0.8686818010786403,2.735745938615673,1.0,0.038973602693493016,5.1970698797472545,0.6827481719887539,0.18795625390105566,0.8075838841619285,0.531067340403015
"frozenset({'descending_soil_presence=0', 'usda_hydrologic_group=B'})","frozenset({'landslide_surface_class=2', 'surface_stoniness_class=2'})",0.34819935876684566,0.09205199043915159,0.08740903668687335,0.25103158430973,2.727063077203827,1.0,0.055356592642748954,1.2122647504755704,0.9716239979163505,0.24772832958387273,0.17509768422475297,0.6002965995544217
"frozenset({'landslide_surface_class=2', 'surface_stoniness_class=2'})","frozenset({'descending_soil_presence=0', 'usda_hydrologic_group=B'})",0.09205199043915159,0.34819935876684566,0.08740903668687335,0.9495616147991135,2.727063077203827,1.0,0.055356592642748954,12.922710325422914,0.6975125648281468,0.24772832958387273,0.9226168524390201,0.6002965995544217
"frozenset({'ascending_soil_presence=0', 'usda_hydrologic_group=B'})","frozenset({'landslide_surface_class=2', 'surface_stoniness_class=2'})",0.34873150246338186,0.09205199043915159,0.08731147700917505,0.2503687690742625,2.7198626328429234,1.0,0.05521004807858485,1.2111928800506373,0.9709273141364063,0.24701100252167257,0.17436766969915463,0.5994352757597924
"frozenset({'landslide_surface_class=2', 'surface_stoniness_class=2'})","frozenset({'ascending_soil_presence=0', 'usda_hydrologic_group=B'})",0.09205199043915159,0.34873150246338186,0.08731147700917505,0.9485017824453222,2.7198626328429234,1.0,0.05521004807858485,12.646427943746591,0.6964433716868057,0.24701100252167257,0.9209262880832308,0.5994352757597924
"frozenset({'landslide_surface_class=2', 'is_locality_1ring=0'})","frozenset({'surface_stoniness_class=2', 'usda_hydrologic_group=B'})",0.24152672026536232,0.11944408721835187,0.07846015352345645,0.3248508216285688,2.719689431212443,1.0,0.04961121488251804,1.304239034854032,0.8336628005837814,0.2777245828558871,0.23326938293031685,0.49086424504483944
"frozenset({'surface_stoniness_class=2', 'usda_hydrologic_group=B'})","frozenset({'landslide_surface_class=2', 'is_locality_1ring=0'})",0.11944408721835187,0.24152672026536232,0.07846015352345645,0.6568776684611101,2.719689431212443,1.0,0.04961121488251804,2.2105039807024953,0.7180815543604648,0.2777245828558871,0.5476144767302337,0.49086424504483944
"frozenset({'rooting_depth_class=2', 'usda_hydrologic_group=C'})","frozenset({'is_locality_1ring=0', 'surface_stoniness_class=3'})",0.15758105213677867,0.18209513842387906,0.07786149186485324,0.4941044041086253,2.7134409429342066,1.0,0.04916674836302602,1.6167463567952083,0.7495845731110454,0.29739159891598915,0.3814737878969167,0.4608456414036052
"frozenset({'is_locality_1ring=0', 'surface_stoniness_class=3'})","frozenset({'rooting_depth_class=2', 'usda_hydrologic_group=C'})",0.18209513842387906,0.15758105213677867,0.07786149186485324,0.4275868786985851,2.7134409429342066,1.0,0.04916674836302602,1.4716974795195683,0.7720509769288608,0.29739159891598915,0.3205125279371632,0.4608456414036052
"frozenset({'landslide_surface_class=2', 'hydraulic_hazard_level=0'})","frozenset({'surface_stoniness_class=2', 'usda_hydrologic_group=B'})",0.25927814707564867,0.11944408721835187,0.0839545371901926,0.32380105356776356,2.7109006490696634,1.0,0.05298529557707615,1.3022142631656566,0.8520322472714552,0.28481593476854566,0.23207721779285376,0.5133391753823595
"frozenset({'surface_stoniness_class=2', 'usda_hydrologic_group=B'})","frozenset({'landslide_surface_class=2', 'hydraulic_hazard_level=0'})",0.11944408721835187,0.25927814707564867,0.0839545371901926,0.7028772971969556,2.710900649069663,1.0,0.05298529557707615,2.4929830199322005,0.7167278031857477,0.28481593476854566,0.5988741230868085,0.5133391753823595
"frozenset({'descending_soil_presence=0', 'rooting_depth_class=4'})","frozenset({'surface_stoniness_class=2', 'pai_landslide_hazard_level=Moderata P1'})",0.21809465949455217,0.11167035471811905,0.0657640918302639,0.3015392122974319,2.700261972468739,1.0,0.04140938384237987,1.2718389649386679,0.8052964078784232,0.24910553810491656,0.2137369371693821,0.4452259638645447
"frozenset({'surface_stoniness_class=2', 'pai_landslide_hazard_level=Moderata P1'})","frozenset({'descending_soil_presence=0', 'rooting_depth_class=4'})",0.11167035471811905,0.21809465949455217,0.0657640918302639,0.5889127154316575,2.700261972468739,1.0,0.04140938384237987,1.9020421449582867,0.7088197105143211,0.24910553810491656,0.4742492942910417,0.4452259638645447
"frozenset({'ascending_soil_presence=0', 'rooting_depth_class=4'})","frozenset({'surface_stoniness_class=2', 'pai_landslide_hazard_level=Moderata P1'})",0.21858245788304367,0.11167035471811905,0.065679835744979,0.3004808179992291,2.690784127602262,1.0,0.041270655138021195,1.2699146329927262,0.8041297845877832,0.24824846636049744,0.2125454939885492,0.44431951312160645
"frozenset({'surface_stoniness_class=2', 'pai_landslide_hazard_level=Moderata P1'})","frozenset({'ascending_soil_presence=0', 'rooting_depth_class=4'})",0.11167035471811905,0.21858245788304367,0.065679835744979,0.5881582082439838,2.690784127602262,1.0,0.041270655138021195,1.897373112100009,0.7073512891897628,0.24824846636049744,0.47295553329877127,0.44431951312160645
"frozenset({'surface_stoniness_class=1', 'hydraulic_hazard_level=0', 'rooting_depth_class=1'})","frozenset({'usda_hydrologic_group=D', 'landslide_surface_class=3'})",0.20299508210533784,0.10947969650071174,0.059453754495505606,0.29288273331003145,2.675224198380267,1.0,0.03722991451547616,1.2593672159468448,0.7856909529431009,0.2349755507650245,0.2059504270577996,0.4179700445552102
"frozenset({'usda_hydrologic_group=D', 'landslide_surface_class=3'})","frozenset({'surface_stoniness_class=1', 'hydraulic_hazard_level=0', 'rooting_depth_class=1'})",0.10947969650071174,0.20299508210533784,0.059453754495505606,0.5430573558003889,2.675224198380267,1.0,0.03722991451547616,1.7442121631932828,0.7031839150442183,0.2349755507650245,0.42667525138156825,0.4179700445552102
"frozenset({'surface_stoniness_class=2', 'usda_hydrologic_group=B'})","frozenset({'landslide_surface_class=2', 'tipo_movimento_<lambda_0>_1ring=0'})",0.11944408721835187,0.1965960541544902,0.06265548573633167,0.5245591238165955,2.6682077932468755,1.0,0.03917324949711892,1.6898083149577392,0.7100248680117909,0.24727419100789302,0.4082169017939711,0.42163038409493075
"frozenset({'landslide_surface_class=2', 'tipo_movimento_<lambda_0>_1ring=0'})","frozenset({'surface_stoniness_class=2', 'usda_hydrologic_group=B'})",0.1965960541544902,0.11944408721835187,0.06265548573633167,0.318701644373266,2.6682077932468755,1.0,0.03917324949711892,1.292467397740326,0.7782095158766091,0.24727419100789302,0.22628609298126887,0.42163038409493075
"frozenset({'pai_landslide_hazard_level=Moderata P1', 'rooting_depth_class=4'})","frozenset({'landslide_surface_class=2', 'hydraulic_hazard_level=0'})",0.09934679361250183,0.25927814707564867,0.06871305481523528,0.6916484399410794,2.6675924976403027,1.0,0.04295460224947892,2.4021991417290454,0.6940852987153462,0.23701358296622616,0.5837147792500568,0.4783326006232044
"frozenset({'landslide_surface_class=2', 'hydraulic_hazard_level=0'})","frozenset({'pai_landslide_hazard_level=Moderata P1', 'rooting_depth_class=4'})",0.25927814707564867,0.09934679361250183,0.06871305481523528,0.2650167613053294,2.6675924976403027,1.0,0.04295460224947892,1.225406456869761,0.8439472216546641,0.23701358296622616,0.1839442379351832,0.4783326006232044
"frozenset({'usda_hydrologic_group=B', 'surface_stoniness_class=3'})","frozenset({'landslide_surface_class=2', 'ascending_soil_presence=0'})",0.07054451603748066,0.2766748114215775,0.05199043915158557,0.7369876791551421,2.6637324712301775,1.0,0.03247254848008915,2.7501570506466404,0.671992295518117,0.17610214044310932,0.6363844022053682,0.4624496985956987
"frozenset({'landslide_surface_class=2', 'ascending_soil_presence=0'})","frozenset({'usda_hydrologic_group=B', 'surface_stoniness_class=3'})",0.2766748114215775,0.07054451603748066,0.05199043915158557,0.18791171803625525,2.6637324712301775,1.0,0.03247254848008915,1.1445251761482926,0.8634939500411971,0.17610214044310932,0.12627522675793634,0.4624496985956987
"frozenset({'landslide_surface_class=2', 'descending_soil_presence=0'})","frozenset({'usda_hydrologic_group=B', 'surface_stoniness_class=3'})",0.2763466561420469,0.07054451603748066,0.05183966510423365,0.18758926135725404,2.6591615038876575,1.0,0.03234492398811687,1.1440708988107595,0.8622106330365543,0.17569700157811677,0.1259282960177717,0.46121982554913243
"frozenset({'usda_hydrologic_group=B', 'surface_stoniness_class=3'})","frozenset({'landslide_surface_class=2', 'descending_soil_presence=0'})",0.07054451603748066,0.2763466561420469,0.05183966510423365,0.7348503897410108,2.6591615038876575,1.0,0.03234492398811687,2.7292265040522325,0.6712980002514525,0.17569700157811677,0.6335958197257556,0.46121982554913243
"frozenset({'surface_stoniness_class=2', 'usda_hydrologic_group=B'})","frozenset({'landslide_surface_class=2', 'descending_soil_presence=0'})",0.11944408721835187,0.2763466561420469,0.08740903668687335,0.7317987748282903,2.6481187977615086,1.0,0.054401062588142805,2.6981731473994963,0.7067960455110328,0.28344429904660556,0.629378862893287,0.5240504537363365
"frozenset({'landslide_surface_class=2', 'descending_soil_presence=0'})","frozenset({'surface_stoniness_class=2', 'usda_hydrologic_group=B'})",0.2763466561420469,0.11944408721835187,0.08740903668687335,0.3163021326443827,2.6481187977615086,1.0,0.054401062588142805,1.287931343397971,0.8600436138212515,0.28344429904660556,0.22356109653975584,0.5240504537363365
"frozenset({'surface_stoniness_class=3', 'landslide_surface_class=4'})","frozenset({'hydraulic_hazard_level=0', 'usda_hydrologic_group=C'})",0.0627486108832255,0.3509310297423981,0.05822095493186343,0.9278445229681979,2.643951216423594,1.0,0.03620052029970806,8.99542206576402,0.6634060005164157,0.16379106004466235,0.8888323424193809,0.5468743945208964
"frozenset({'hydraulic_hazard_level=0', 'usda_hydrologic_group=C'})","frozenset({'surface_stoniness_class=3', 'landslide_surface_class=4'})",0.3509310297423981,0.0627486108832255,0.05822095493186343,0.16590426607359482,2.6439512164235937,1.0,0.03620052029970806,1.123673639601028,0.9579539679514235,0.16379106004466235,0.11006188562449482,0.5468743945208964
"frozenset({'landslide_surface_class=2', 'ascending_soil_presence=0'})","frozenset({'surface_stoniness_class=2', 'usda_hydrologic_group=B'})",0.2766748114215775,0.11944408721835187,0.08731147700917505,0.31557436168678177,2.6420258133823777,1.0,0.05426430670261509,1.2865618461514639,0.859229807532836,0.2827376251130864,0.2227346061976469,0.5232781776876456
"frozenset({'surface_stoniness_class=2', 'usda_hydrologic_group=B'})","frozenset({'landslide_surface_class=2', 'ascending_soil_presence=0'})",0.11944408721835187,0.2766748114215775,0.08731147700917505,0.7309819936885094,2.6420258133823777,1.0,0.05426430670261509,2.6887612412862003,0.7058070402395951,0.2827376251130864,0.6280815177469465,0.5232781776876456
"frozenset({'landslide_surface_class=1', 'surface_stoniness_class=1', 'usda_hydrologic_group=C'})","frozenset({'is_locality_1ring=0', 'rooting_depth_class=1'})",0.06659778362150393,0.31776960838658463,0.055866219074690804,0.8388600346251166,2.6398372043326312,1.0,0.034703467453871,4.233775215392677,0.6655102708215108,0.17006398660870975,0.7638041820538053,0.5073336707776285
"frozenset({'is_locality_1ring=0', 'rooting_depth_class=1'})","frozenset({'landslide_surface_class=1', 'surface_stoniness_class=1', 'usda_hydrologic_group=C'})",0.31776960838658463,0.06659778362150393,0.055866219074690804,0.1758073069301404,2.639837204332631,1.0,0.034703467453871,1.1325048428928255,0.9105263697479,0.17006398660870975,0.11700156844747822,0.5073336707776285
"frozenset({'surface_stoniness_class=1', 'hydraulic_hazard_level=0'})","frozenset({'usda_hydrologic_group=D', 'landslide_surface_class=3'})",0.3268204857585043,0.10947969650071174,0.09440229176551974,0.2888505949877203,2.6383941883310067,1.0,0.05862208417446351,1.2522267433858167,0.9224606001423284,0.27611253064242075,0.20142258158760998,0.5755659326202374
"frozenset({'usda_hydrologic_group=D', 'landslide_surface_class=3'})","frozenset({'surface_stoniness_class=1', 'hydraulic_hazard_level=0'})",0.10947969650071174,0.3268204857585043,0.09440229176551974,0.8622812702527544,2.6383941883310067,1.0,0.05862208417446351,4.888075249292366,0.697324447596076,0.27611253064242075,0.795420498048845,0.5755659326202374
"frozenset({'landslide_surface_class=2', 'is_locality_1ring=0'})","frozenset({'pai_landslide_hazard_level=Moderata P1', 'rooting_depth_class=4'})",0.24152672026536232,0.09934679361250183,0.06303242085471147,0.2609749380335996,2.626908514546749,1.0,0.03903751562460406,1.218704551089292,0.8165408156097577,0.2268650046285952,0.17945658026287947,0.4477217679946153
"frozenset({'pai_landslide_hazard_level=Moderata P1', 'rooting_depth_class=4'})","frozenset({'landslide_surface_class=2', 'is_locality_1ring=0'})",0.09934679361250183,0.24152672026536232,0.06303242085471147,0.634468597955631,2.6269085145467486,1.0,0.03903751562460406,2.074988018792904,0.6876391335315692,0.2268650046285952,0.5180695064534704,0.4477217679946153
"frozenset({'tipo_movimento_<lambda_0>_1ring=0', 'usda_hydrologic_group=B'})","frozenset({'landslide_surface_class=2', 'pai_landslide_hazard_level=Moderata P1'})",0.22261788091510978,0.11618470707706771,0.06783058318514609,0.30469512559510764,2.622506294163113,1.0,0.04196578990090652,1.2711190809346546,0.7958574829311893,0.25032321413959574,0.2132916459214039,0.4442559597441187
"frozenset({'landslide_surface_class=2', 'pai_landslide_hazard_level=Moderata P1'})","frozenset({'tipo_movimento_<lambda_0>_1ring=0', 'usda_hydrologic_group=B'})",0.11618470707706771,0.22261788091510978,0.06783058318514609,0.5838167938931298,2.622506294163113,1.0,0.04196578990090652,1.8678844020565044,0.7000166002157687,0.25032321413959574,0.4646349640807432,0.4442559597441187
"frozenset({'landslide_surface_class=2', 'tipo_movimento_<lambda_0>_1ring=0'})","frozenset({'usda_hydrologic_group=B', 'rooting_depth_class=4'})",0.1965960541544902,0.10932005339175088,0.05629636856272422,0.2863555365077933,2.6194236795844925,1.0,0.034804477425947805,1.2480723836204408,0.7695215309059665,0.2255285130573814,0.19876442013789777,0.40066194803647004
"frozenset({'usda_hydrologic_group=B', 'rooting_depth_class=4'})","frozenset({'landslide_surface_class=2', 'tipo_movimento_<lambda_0>_1ring=0'})",0.10932005339175088,0.1965960541544902,0.05629636856272422,0.5149683595651469,2.6194236795844925,1.0,0.034804477425947805,1.6563949212163174,0.6941176083476506,0.2255285130573814,0.396279240420706,0.40066194803647004
"frozenset({'is_locality_1ring=0', 'rooting_depth_class=1'})","frozenset({'surface_stoniness_class=1', 'usda_hydrologic_group=C'})",0.31776960838658463,0.13137297508237142,0.10920032106003025,0.3436462083786877,2.615805938498539,1.0,0.06745398221552454,1.323412824007557,0.9054252805373197,0.32123196535260506,0.24437788280470096,0.5874349185353354
"frozenset({'surface_stoniness_class=1', 'usda_hydrologic_group=C'})","frozenset({'is_locality_1ring=0', 'rooting_depth_class=1'})",0.13137297508237142,0.31776960838658463,0.10920032106003025,0.8312236286919831,2.6158059384985384,1.0,0.06745398221552454,4.042215070309485,0.7111321959804775,0.32123196535260506,0.7526108871976877,0.5874349185353354
"frozenset({'rooting_depth_class=2', 'usda_hydrologic_group=C'})","frozenset({'hydraulic_hazard_level=0', 'landslide_surface_class=4'})",0.15758105213677867,0.14846365680279197,0.0609614949690248,0.3868580272970311,2.605742278131438,1.0,0.037566435725967226,1.3888077820595186,0.7315032436561842,0.24873794488573653,0.279957951764167,0.39873681854113485
"frozenset({'hydraulic_hazard_level=0', 'landslide_surface_class=4'})","frozenset({'rooting_depth_class=2', 'usda_hydrologic_group=C'})",0.14846365680279197,0.15758105213677867,0.0609614949690248,0.41061560978523853,2.6057422781314377,1.0,0.037566435725967226,1.429320086940644,0.723671042113892,0.24873794488573653,0.300366650453764,0.39873681854113485
"frozenset({'surface_stoniness_class=2', 'is_locality_1ring=0'})","frozenset({'landslide_surface_class=2', 'usda_hydrologic_group=B'})",0.19797962776548428,0.1527740207447351,0.07846015352345645,0.3963041773994848,2.5940547710114665,1.0,0.048214009764177425,1.4033987772280834,0.7661939138731017,0.28814553034868,0.28744415612564134,0.4549370876838067
"frozenset({'landslide_surface_class=2', 'usda_hydrologic_group=B'})","frozenset({'surface_stoniness_class=2', 'is_locality_1ring=0'})",0.1527740207447351,0.19797962776548428,0.07846015352345645,0.5135699979681286,2.594054771011466,1.0,0.048214009764177425,1.6487888676364304,0.7253119510670468,0.28814553034868,0.3934942067910013,0.4549370876838067
"frozenset({'surface_stoniness_class=2', 'descending_soil_presence=0'})","frozenset({'landslide_surface_class=2', 'usda_hydrologic_group=B'})",0.22061347299149014,0.1527740207447351,0.08740903668687335,0.396208969024503,2.593431573595324,1.0,0.05370502938750338,1.4031774832535513,0.788325782447406,0.30564902541518707,0.2873317795256396,0.48417745772057635
"frozenset({'landslide_surface_class=2', 'usda_hydrologic_group=B'})","frozenset({'surface_stoniness_class=2', 'descending_soil_presence=0'})",0.1527740207447351,0.22061347299149014,0.08740903668687335,0.5721459464166497,2.5934315735953235,1.0,0.05370502938750338,1.8216177233358326,0.7252026127350742,0.30564902541518707,0.45103740088301697,0.48417745772057635
"frozenset({'landslide_surface_class=2', 'usda_hydrologic_group=B'})","frozenset({'ascending_soil_presence=0', 'surface_stoniness_class=2'})",0.1527740207447351,0.22103031888711014,0.08731147700917505,0.5715073582769732,2.5856514217348936,1.0,0.053543786486300274,1.81793012356186,0.7238331694854336,0.3047596935221733,0.4499238518361169,0.48326386110987674
"frozenset({'ascending_soil_presence=0', 'surface_stoniness_class=2'})","frozenset({'landslide_surface_class=2', 'usda_hydrologic_group=B'})",0.22103031888711014,0.1527740207447351,0.08731147700917505,0.39502036394278034,2.585651421734893,1.0,0.053543786486300274,1.400420656762624,0.7872581959269673,0.3047596935221733,0.2859288420439922,0.48326386110987674
"frozenset({'surface_stoniness_class=1', 'usda_hydrologic_group=C'})","frozenset({'descending_soil_presence=0', 'rooting_depth_class=1'})",0.13137297508237142,0.3514498698465209,0.11928887864019548,0.9080168776371308,2.5836312815641795,1.0,0.07311786364614581,7.050751414971308,0.7056513886896673,0.3281368171948572,0.8581711450106388,0.6237181028060486
"frozenset({'descending_soil_presence=0', 'rooting_depth_class=1'})","frozenset({'surface_stoniness_class=1', 'usda_hydrologic_group=C'})",0.3514498698465209,0.13137297508237142,0.11928887864019548,0.33941932797496627,2.5836312815641795,1.0,0.07311786364614581,1.3149446565774037,0.9451048390684078,0.3281368171948572,0.23951172013364858,0.6237181028060486
"frozenset({'ascending_soil_presence=0', 'rooting_depth_class=1'})","frozenset({'surface_stoniness_class=1', 'usda_hydrologic_group=C'})",0.35169376904076666,0.13137297508237142,0.11928887864019548,0.33918394109043226,2.5818395364629785,1.0,0.07308582188337756,1.314476264924578,0.9450460764897319,0.3279168139651116,0.23924073284246186,0.6236004093637815
"frozenset({'surface_stoniness_class=1', 'usda_hydrologic_group=C'})","frozenset({'ascending_soil_presence=0', 'rooting_depth_class=1'})",0.13137297508237142,0.35169376904076666,0.11928887864019548,0.9080168776371308,2.5818395364629785,1.0,0.07308582188337756,7.048099850336619,0.7053421576308537,0.3279168139651116,0.8581177875974274,0.6236004093637815
"frozenset({'surface_stoniness_class=1', 'rooting_depth_class=1'})","frozenset({'landslide_surface_class=1', 'tipo_movimento_<lambda_0>_1ring=0'})",0.31161447962998273,0.13336851394438212,0.10724912750606422,0.34417247758645225,2.580612675417381,1.0,0.06568956743426149,1.321432017470506,0.8897559635660411,0.3175551470588235,0.24324521672011043,0.5741643767815885
"frozenset({'landslide_surface_class=1', 'tipo_movimento_<lambda_0>_1ring=0'})","frozenset({'surface_stoniness_class=1', 'rooting_depth_class=1'})",0.13336851394438212,0.31161447962998273,0.10724912750606422,0.8041562759767248,2.580612675417381,1.0,0.06568956743426149,3.5149736035871415,0.706753830015388,0.3175551470588235,0.71550284218935,0.5741643767815885
"frozenset({'usda_hydrologic_group=D', 'rooting_depth_class=1'})","frozenset({'surface_stoniness_class=1', 'landslide_surface_class=3', 'is_locality_1ring=0'})",0.1314306239828295,0.18610395427111834,0.06304572444712488,0.47968823807274447,2.577528456885603,1.0,0.038585965611599826,1.5642468713645417,0.7046431273824129,0.24773471805952466,0.36071471945622713,0.4092272057473595
"frozenset({'surface_stoniness_class=1', 'landslide_surface_class=3', 'is_locality_1ring=0'})","frozenset({'usda_hydrologic_group=D', 'rooting_depth_class=1'})",0.18610395427111834,0.1314306239828295,0.06304572444712488,0.33876617342197446,2.5775284568856027,1.0,0.038585965611599826,1.3135585947139674,0.7519774112150003,0.24773471805952466,0.2387092558914329,0.4092272057473595
"frozenset({'landslide_surface_class=2', 'usda_hydrologic_group=B'})","frozenset({'surface_stoniness_class=2', 'hydraulic_hazard_level=0'})",0.1527740207447351,0.21320337201722372,0.0839545371901926,0.5495341209253723,2.577511395462254,1.0,0.051382600810785786,1.7466286893894343,0.7223915323130933,0.2976869978143623,0.4274684676400408,0.4716554501627569
"frozenset({'surface_stoniness_class=2', 'hydraulic_hazard_level=0'})","frozenset({'landslide_surface_class=2', 'usda_hydrologic_group=B'})",0.21320337201722372,0.1527740207447351,0.0839545371901926,0.39377677940014144,2.577511395462254,1.0,0.051382600810785786,1.3975478841225082,0.7778742963589185,0.2976869978143623,0.28446101106018307,0.4716554501627569
"frozenset({'landslide_surface_class=1', 'surface_stoniness_class=1', 'usda_hydrologic_group=C'})","frozenset({'descending_soil_presence=0', 'rooting_depth_class=1'})",0.06659778362150393,0.3514498698465209,0.0601943211398518,0.9038487148754828,2.571771374592331,1.0,0.036788538754007484,6.745101007371851,0.6547691200693996,0.16820947494950247,0.8517442512859213,0.5375614942022803
"frozenset({'descending_soil_presence=0', 'rooting_depth_class=1'})","frozenset({'landslide_surface_class=1', 'surface_stoniness_class=1', 'usda_hydrologic_group=C'})",0.3514498698465209,0.06659778362150393,0.0601943211398518,0.17127427352907776,2.5717713745923305,1.0,0.036788538754007484,1.1263101730331606,0.9423526717115048,0.16820947494950247,0.1121451053691599,0.5375614942022803
"frozenset({'landslide_surface_class=2', 'pai_landslide_hazard_level=Moderata P1', 'rooting_depth_class=4'})","frozenset({'usda_hydrologic_group=B', 'is_locality_1ring=0'})",0.07071302820805045,0.3099160543318714,0.05627863043950635,0.795873573309921,2.5680295105256645,1.0,0.03436352774740903,3.3806693080258006,0.6570590073155689,0.17351179896639415,0.7042005860715295,0.4887333582634142
"frozenset({'usda_hydrologic_group=B', 'is_locality_1ring=0'})","frozenset({'landslide_surface_class=2', 'pai_landslide_hazard_level=Moderata P1', 'rooting_depth_class=4'})",0.3099160543318714,0.07071302820805045,0.05627863043950635,0.1815931432169073,2.5680295105256645,1.0,0.03436352774740903,1.135482876383383,0.8848146360016237,0.17351179896639415,0.11931741041741507,0.4887333582634142
"frozenset({'usda_hydrologic_group=D', 'landslide_surface_class=3', 'rooting_depth_class=1'})","frozenset({'surface_stoniness_class=1', 'hydraulic_hazard_level=0'})",0.07096579646390513,0.3268204857585043,0.059453754495505606,0.8377804161719679,2.563426874014943,1.0,0.036260678422932985,4.1498042243477125,0.6564851951915548,0.1757258011665247,0.7590247766068566,0.5098480229817084
"frozenset({'surface_stoniness_class=1', 'hydraulic_hazard_level=0'})","frozenset({'usda_hydrologic_group=D', 'landslide_surface_class=3', 'rooting_depth_class=1'})",0.3268204857585043,0.07096579646390513,0.059453754495505606,0.181915629791449,2.563426874014943,1.0,0.036260678422932985,1.1356215047834979,0.905994890731672,0.1757258011665247,0.11942491773203402,0.5098480229817084
"frozenset({'landslide_surface_class=1', 'surface_stoniness_class=1', 'usda_hydrologic_group=C'})","frozenset({'ascending_soil_presence=0', 'rooting_depth_class=1'})",0.06659778362150393,0.35169376904076666,0.0600125053768686,0.901118657610867,2.5622252565595316,1.0,0.03659047984526045,6.556406044811964,0.6532170607845568,0.1675021350859604,0.8474774147352736,0.5358785904183855
"frozenset({'ascending_soil_presence=0', 'rooting_depth_class=1'})","frozenset({'landslide_surface_class=1', 'surface_stoniness_class=1', 'usda_hydrologic_group=C'})",0.35169376904076666,0.06659778362150393,0.0600125053768686,0.17063852322590406,2.5622252565595316,1.0,0.03659047984526045,1.1254467955385141,0.9404726087707338,0.1675021350859604,0.11146399459824236,0.5358785904183855
"frozenset({'is_locality_1ring=0', 'rooting_depth_class=1'})","frozenset({'landslide_surface_class=1', 'surface_stoniness_class=1'})",0.31776960838658463,0.14142162188529642,0.11513372327640874,0.36231823383292866,2.561971988461538,1.0,0.07019422987252244,1.3464057209529148,0.8936507042868413,0.3346351145825278,0.25728182490768603,0.5882175346518755
"frozenset({'landslide_surface_class=1', 'surface_stoniness_class=1'})","frozenset({'is_locality_1ring=0', 'rooting_depth_class=1'})",0.14142162188529642,0.31776960838658463,0.11513372327640874,0.8141168354708225,2.561971988461538,1.0,0.07019422987252244,3.670210765678716,0.7100990258920372,0.3346351145825278,0.7275360833902752,0.5882175346518755
"frozenset({'rooting_depth_class=2', 'usda_hydrologic_group=C'})","frozenset({'ascending_soil_presence=0', 'landslide_surface_class=4'})",0.15758105213677867,0.1558737577770584,0.06292599211540423,0.39932460953989024,2.5618462994331117,1.0,0.038363241364381975,1.4052951987534426,0.7236975396234531,0.2511726701478007,0.28840573789261986,0.4015115224086364
"frozenset({'ascending_soil_presence=0', 'landslide_surface_class=4'})","frozenset({'rooting_depth_class=2', 'usda_hydrologic_group=C'})",0.1558737577770584,0.15758105213677867,0.06292599211540423,0.40369843527738264,2.5618462994331113,1.0,0.038363241364381975,1.412739790906118,0.7222338193103767,0.2511726701478007,0.29215556436007967,0.4015115224086364
"frozenset({'landslide_surface_class=3', 'usda_hydrologic_group=C'})","frozenset({'surface_stoniness_class=2', 'is_locality_1ring=0'})",0.1145527997410234,0.19797962776548428,0.05806131182290258,0.5068519665531124,2.5601218280574867,1.0,0.0353821911706807,1.6263278322915462,0.6882325546045661,0.22816464519726753,0.3851178217918284,0.4000605448176022
"frozenset({'surface_stoniness_class=2', 'is_locality_1ring=0'})","frozenset({'landslide_surface_class=3', 'usda_hydrologic_group=C'})",0.19797962776548428,0.1145527997410234,0.05806131182290258,0.293269123082092,2.5601218280574867,1.0,0.0353821911706807,1.2528774802092422,0.7598230789373338,0.22816464519726753,0.20183735776542913,0.4000605448176022
"frozenset({'descending_soil_presence=0', 'landslide_surface_class=4'})","frozenset({'rooting_depth_class=2', 'usda_hydrologic_group=C'})",0.15497354802375135,0.15758105213677867,0.062322895925996546,0.40215182991386955,2.5520316336307114,1.0,0.03790200117504421,1.409085098883645,0.7196879174091119,0.24906074998227826,0.29031965436845847,0.3988246134232356
"frozenset({'rooting_depth_class=2', 'usda_hydrologic_group=C'})","frozenset({'descending_soil_presence=0', 'landslide_surface_class=4'})",0.15758105213677867,0.15497354802375135,0.062322895925996546,0.3954973969326016,2.552031633630711,1.0,0.03790200117504421,1.3978872012930497,0.7219155373000228,0.24906074998227826,0.2846346979391489,0.3988246134232356
"frozenset({'landslide_surface_class=2', 'descending_soil_presence=0'})","frozenset({'pai_landslide_hazard_level=Moderata P1', 'rooting_depth_class=4'})",0.2763466561420469,0.09934679361250183,0.07000793781014,0.25333376125294865,2.549994338428946,1.0,0.04255378359689106,1.2062326641403336,0.8399633218529384,0.2290194826860865,0.1709725414269999,0.47900808492946945
"frozenset({'pai_landslide_hazard_level=Moderata P1', 'rooting_depth_class=4'})","frozenset({'landslide_surface_class=2', 'descending_soil_presence=0'})",0.09934679361250183,0.2763466561420469,0.07000793781014,0.7046824086059903,2.549994338428946,1.0,0.04255378359689106,2.4504241025468145,0.6748904709005101,0.2290194826860865,0.5919073767840172,0.47900808492946945
"frozenset({'pai_landslide_hazard_level=Moderata P1', 'rooting_depth_class=4'})","frozenset({'landslide_surface_class=2', 'ascending_soil_presence=0'})",0.09934679361250183,0.2766748114215775,0.06995472344048638,0.7041467660581172,2.5450338700518285,1.0,0.04246796805240906,2.444878424822329,0.6740418136943932,0.22856025152494241,0.5909817069645619,0.4784938603414915
"frozenset({'landslide_surface_class=2', 'ascending_soil_presence=0'})","frozenset({'pai_landslide_hazard_level=Moderata P1', 'rooting_depth_class=4'})",0.2766748114215775,0.09934679361250183,0.06995472344048638,0.2528409546248658,2.545033870051828,1.0,0.04246796805240906,1.2054370645212458,0.8392876818464076,0.22856025152494241,0.1704253756315663,0.4784938603414915
"frozenset({'landslide_surface_class=2', 'rooting_depth_class=4'})","frozenset({'hydraulic_hazard_level=0', 'pai_landslide_hazard_level=Moderata P1', 'usda_hydrologic_group=B'})",0.14998913539952904,0.16093355742495666,0.061427120703493966,0.4095438015551548,2.5448005258078332,1.0,0.03728883556855426,1.4210477335744676,0.7141578034180319,0.24620525399025986,0.2962938708014929,0.3956181160926693
"frozenset({'hydraulic_hazard_level=0', 'pai_landslide_hazard_level=Moderata P1', 'usda_hydrologic_group=B'})","frozenset({'landslide_surface_class=2', 'rooting_depth_class=4'})",0.16093355742495666,0.14998913539952904,0.061427120703493966,0.38169243063018377,2.544800525807833,1.0,0.03728883556855426,1.3747379244714866,0.7234729708431197,0.24620525399025986,0.27258862784014154,0.3956181160926693
"frozenset({'descending_soil_presence=0', 'usda_hydrologic_group=B'})","frozenset({'landslide_surface_class=2', 'pai_landslide_hazard_level=Moderata P1', 'rooting_depth_class=4'})",0.34819935876684566,0.07071302820805045,0.06264661667472272,0.17991594498217015,2.544311133909088,1.0,0.038024385596217694,1.1331606389685815,0.9312146522048815,0.17584236796574515,0.11751258770317534,0.5329217251563302
"frozenset({'landslide_surface_class=2', 'pai_landslide_hazard_level=Moderata P1', 'rooting_depth_class=4'})","frozenset({'descending_soil_presence=0', 'usda_hydrologic_group=B'})",0.07071302820805045,0.34819935876684566,0.06264661667472272,0.8859275053304903,2.5443111339090874,1.0,0.038024385596217694,5.713915901651382,0.6531527137009505,0.17584236796574515,0.8249886737550706,0.5329217251563302
"frozenset({'hydraulic_hazard_level=0', 'usda_hydrologic_group=C'})","frozenset({'rooting_depth_class=2', 'landslide_surface_class=4'})",0.3509310297423981,0.06835385782007335,0.0609614949690248,0.17371360695511526,2.5413870188918746,1.0,0.036974005257361,1.1275099650942924,0.9344370342973222,0.17012982191255277,0.11308987861905838,0.532782585234402
"frozenset({'rooting_depth_class=2', 'landslide_surface_class=4'})","frozenset({'hydraulic_hazard_level=0', 'usda_hydrologic_group=C'})",0.06835385782007335,0.3509310297423981,0.0609614949690248,0.8918515635136889,2.5413870188918746,1.0,0.036974005257361,6.001649134703467,0.6510133581434352,0.17012982191255277,0.8333791300431612,0.532782585234402
"frozenset({'landslide_surface_class=2', 'usda_hydrologic_group=B'})","frozenset({'hydraulic_hazard_level=0', 'rooting_depth_class=4'})",0.1527740207447351,0.20799279832197354,0.08072176423373525,0.5283736321151782,2.540345802248663,1.0,0.04894586814813857,1.6793106908548556,0.7156919400547547,0.2882456334816551,0.4045175764998266,0.45823623720335804
"frozenset({'hydraulic_hazard_level=0', 'rooting_depth_class=4'})","frozenset({'landslide_surface_class=2', 'usda_hydrologic_group=B'})",0.20799279832197354,0.1527740207447351,0.08072176423373525,0.3880988422915379,2.540345802248663,1.0,0.04894586814813857,1.3845797945996408,0.765590014173242,0.2882456334816551,0.2777592133726351,0.45823623720335804
"frozenset({'ascending_soil_presence=0', 'usda_hydrologic_group=B'})","frozenset({'landslide_surface_class=2', 'pai_landslide_hazard_level=Moderata P1', 'rooting_depth_class=4'})",0.34873150246338186,0.07071302820805045,0.06258896777426465,0.17947609359104783,2.5380909026126965,1.0,0.03792910720353571,1.1325531950178054,0.9304965334974529,0.1753901978327866,0.11703926632401714,0.5322941737239072
"frozenset({'landslide_surface_class=2', 'pai_landslide_hazard_level=Moderata P1', 'rooting_depth_class=4'})","frozenset({'ascending_soil_presence=0', 'usda_hydrologic_group=B'})",0.07071302820805045,0.34873150246338186,0.06258896777426465,0.8851122538567666,2.5380909026126965,1.0,0.03792910720353571,5.668737697444822,0.6521161898625979,0.1753901978327866,0.8235938839698388,0.5322941737239072
"frozenset({'surface_stoniness_class=2', 'hydraulic_hazard_level=0'})","frozenset({'landslide_surface_class=3', 'usda_hydrologic_group=C'})",0.21320337201722372,0.1145527997410234,0.06195482986922569,0.2905902907774866,2.5367366963919,1.0,0.03753178669042574,1.2481464360410204,0.7699483288250616,0.2330869717546172,0.1988119573758611,0.41571555418403594
"frozenset({'landslide_surface_class=3', 'usda_hydrologic_group=C'})","frozenset({'surface_stoniness_class=2', 'hydraulic_hazard_level=0'})",0.1145527997410234,0.21320337201722372,0.06195482986922569,0.5408408175905853,2.5367366963919,1.0,0.03753178669042574,1.7135596066142043,0.6841658640553037,0.2330869717546172,0.4164194836642512,0.41571555418403594
"frozenset({'landslide_surface_class=1', 'surface_stoniness_class=1'})","frozenset({'descending_soil_presence=0', 'rooting_depth_class=1'})",0.14142162188529642,0.3514498698465209,0.1260692762402274,0.8914427267881221,2.5364719218061387,1.0,0.0763666656351561,5.974266955726346,0.7055285972554259,0.3436982409478329,0.8326154476506114,0.6250773499182305
"frozenset({'descending_soil_presence=0', 'rooting_depth_class=1'})","frozenset({'landslide_surface_class=1', 'surface_stoniness_class=1'})",0.3514498698465209,0.14142162188529642,0.1260692762402274,0.35871197304833885,2.5364719218061382,1.0,0.0763666656351561,1.3388342554841137,0.9340089078414874,0.3436982409478329,0.25308155516352066,0.6250773499182305
"frozenset({'landslide_surface_class=1', 'surface_stoniness_class=1'})","frozenset({'ascending_soil_presence=0', 'rooting_depth_class=1'})",0.14142162188529642,0.35169376904076666,0.12603379999379166,0.8911918723150734,2.5339996063784986,1.0,0.07629669676909359,5.958251876519002,0.7050805876459174,0.3433400178791467,0.8321655376905228,0.6247771032529117
"frozenset({'ascending_soil_presence=0', 'rooting_depth_class=1'})","frozenset({'landslide_surface_class=1', 'surface_stoniness_class=1'})",0.35169376904076666,0.14142162188529642,0.12603379999379166,0.35836233419075,2.5339996063784986,1.0,0.07629669676909359,1.3381047028026984,0.933766973804175,0.3433400178791467,0.2526743251813766,0.6247771032529117
"frozenset({'landslide_surface_class=2', 'usda_hydrologic_group=B'})","frozenset({'is_locality_1ring=0', 'rooting_depth_class=4'})",0.1527740207447351,0.19397524644904945,0.07507217198884272,0.49139357348117624,2.5332797997513987,1.0,0.04543779366387054,1.5847710754813267,0.7143959593862091,0.2763286758944895,0.36899403612835363,0.43920645708030737
"frozenset({'is_locality_1ring=0', 'rooting_depth_class=4'})","frozenset({'landslide_surface_class=2', 'usda_hydrologic_group=B'})",0.19397524644904945,0.1527740207447351,0.07507217198884272,0.38701934067943855,2.5332797997513987,1.0,0.04543779366387054,1.3821414531974714,0.750913434854859,0.2763286758944895,0.27648505318570565,0.43920645708030737
"frozenset({'landslide_surface_class=2', 'is_locality_1ring=0', 'rooting_depth_class=4'})","frozenset({'pai_landslide_hazard_level=Moderata P1', 'usda_hydrologic_group=B'})",0.1293907398127741,0.17169616368740107,0.05627863043950635,0.4349509904722737,2.5332598069236307,1.0,0.03406273679697837,1.4658973334098997,0.6952047589691854,0.2298885970473689,0.3178239858900294,0.38136567551404377
"frozenset({'pai_landslide_hazard_level=Moderata P1', 'usda_hydrologic_group=B'})","frozenset({'landslide_surface_class=2', 'is_locality_1ring=0', 'rooting_depth_class=4'})",0.17169616368740107,0.1293907398127741,0.05627863043950635,0.32778036055581383,2.5332598069236303,1.0,0.03406273679697837,1.2951261895696398,0.7307121787329033,0.2298885970473689,0.22787446655503724,0.38136567551404377
"frozenset({'usda_hydrologic_group=D', 'rooting_depth_class=1'})","frozenset({'surface_stoniness_class=1', 'landslide_surface_class=3'})",0.1314306239828295,0.20791297676749312,0.06912990071085529,0.5259801606046292,2.529809196050457,1.0,0.04180376844017613,1.6709997291312575,0.6962175832210155,0.25583418124528173,0.4015558575105851,0.4292372808995205
"frozenset({'surface_stoniness_class=1', 'landslide_surface_class=3'})","frozenset({'usda_hydrologic_group=D', 'rooting_depth_class=1'})",0.20791297676749312,0.1314306239828295,0.06912990071085529,0.3324944011944118,2.529809196050457,1.0,0.04180376844017613,1.301216615368259,0.7634429729231331,0.25583418124528173,0.2314884484340921,0.4292372808995205
"frozenset({'usda_hydrologic_group=D', 'rooting_depth_class=1'})","frozenset({'surface_stoniness_class=1', 'landslide_surface_class=3', 'descending_soil_presence=0'})",0.1314306239828295,0.2037001725032483,0.06770641632262099,0.5151494702746474,2.528959420819502,1.0,0.04093397554510906,1.642361467456418,0.6960646612357332,0.25317967001077857,0.3911206395089538,0.42376609249010483
"frozenset({'surface_stoniness_class=1', 'landslide_surface_class=3', 'descending_soil_presence=0'})","frozenset({'usda_hydrologic_group=D', 'rooting_depth_class=1'})",0.2037001725032483,0.1314306239828295,0.06770641632262099,0.33238271470556224,2.528959420819502,1.0,0.04093397554510906,1.3009989332947052,0.7592371963430949,0.25317967001077857,0.2313598617121405,0.42376609249010483
"frozenset({'pai_landslide_hazard_level=Moderata P1', 'usda_hydrologic_group=B'})","frozenset({'landslide_surface_class=2', 'hydraulic_hazard_level=0', 'rooting_depth_class=4'})",0.17169616368740107,0.1415103125013858,0.061427120703493966,0.3577664135544191,2.5282002931829832,1.0,0.037130342924800754,1.3367249947949549,0.7297584433456212,0.24397203092801667,0.25190296890244523,0.39592435246365
"frozenset({'landslide_surface_class=2', 'hydraulic_hazard_level=0', 'rooting_depth_class=4'})","frozenset({'pai_landslide_hazard_level=Moderata P1', 'usda_hydrologic_group=B'})",0.1415103125013858,0.17169616368740107,0.061427120703493966,0.4340822913728808,2.528200293182983,1.0,0.037130342924800754,1.4636471410693475,0.7040989857034994,0.24397203092801667,0.3167752172361739,0.39592435246365
"frozenset({'usda_hydrologic_group=D', 'is_locality_1ring=0', 'rooting_depth_class=1'})","frozenset({'surface_stoniness_class=1', 'landslide_surface_class=3'})",0.11994962373006124,0.20791297676749312,0.06304572444712488,0.5256016858294207,2.5279888441845335,1.0,0.03810664111526711,1.669666606251253,0.6868114035598007,0.2380729105614817,0.4010780378214506,0.41441649824157395
"frozenset({'surface_stoniness_class=1', 'landslide_surface_class=3'})","frozenset({'usda_hydrologic_group=D', 'is_locality_1ring=0', 'rooting_depth_class=1'})",0.20791297676749312,0.11994962373006124,0.06304572444712488,0.3032313106537272,2.5279888441845335,1.0,0.03810664111526711,1.263045239727442,0.7630836213710639,0.2380729105614817,0.20826272207336435,0.41441649824157395
"frozenset({'ascending_soil_presence=0', 'usda_hydrologic_group=D', 'rooting_depth_class=1'})","frozenset({'surface_stoniness_class=1', 'landslide_surface_class=3'})",0.1290138046943943,0.20791297676749312,0.06780841053112376,0.5255903481937236,2.5279343135060097,1.0,0.04098476635301226,1.6696267038764907,0.6939491170146801,0.2519650007415097,0.40106372419761316,0.4258643859983228
"frozenset({'surface_stoniness_class=1', 'landslide_surface_class=3'})","frozenset({'ascending_soil_presence=0', 'usda_hydrologic_group=D', 'rooting_depth_class=1'})",0.20791297676749312,0.1290138046943943,0.06780841053112376,0.326138423802922,2.5279343135060093,1.0,0.04098476635301226,1.2925298400615093,0.7630728486090613,0.2519650007415097,0.22632347122259724,0.4258643859983228
"frozenset({'surface_stoniness_class=1', 'ascending_soil_presence=0', 'landslide_surface_class=3'})","frozenset({'usda_hydrologic_group=D', 'rooting_depth_class=1'})",0.2041170183988683,0.1314306239828295,0.06780841053112376,0.33220361076712507,2.527596694743876,1.0,0.040981183437445806,1.3006500035361552,0.7593669877708975,0.25326288591493307,0.23115365603256838,0.4240645559065398
"frozenset({'usda_hydrologic_group=D', 'rooting_depth_class=1'})","frozenset({'surface_stoniness_class=1', 'ascending_soil_presence=0', 'landslide_surface_class=3'})",0.1314306239828295,0.2041170183988683,0.06780841053112376,0.5159255010459545,2.527596694743876,1.0,0.040981183437445806,1.6441332549448902,0.6958192161090243,0.25326288591493307,0.3917767936434574,0.4240645559065398
"frozenset({'usda_hydrologic_group=D', 'descending_soil_presence=0', 'rooting_depth_class=1'})","frozenset({'surface_stoniness_class=1', 'landslide_surface_class=3'})",0.1289029414242826,0.20791297676749312,0.06770641632262099,0.5252511352690244,2.5263027995429415,1.0,0.0409058220570126,1.6684337385016315,0.6935675254481609,0.25159429842629977,0.40063547210567146,0.4254494985292547
"frozenset({'surface_stoniness_class=1', 'landslide_surface_class=3'})","frozenset({'usda_hydrologic_group=D', 'descending_soil_presence=0', 'rooting_depth_class=1'})",0.20791297676749312,0.1289029414242826,0.06770641632262099,0.3256478617894849,2.526302799542941,1.0,0.0409058220570126,1.291753980179097,0.7627503211401397,0.25159429842629977,0.22585878166881776,0.4254494985292547
"frozenset({'is_locality_1ring=0', 'landslide_surface_class=4'})","frozenset({'rooting_depth_class=2', 'usda_hydrologic_group=C'})",0.13334634129035977,0.15758105213677867,0.05290838702811049,0.39677419354838706,2.517905472569071,1.0,0.03189553026898562,1.3965233895058748,0.6956002512494768,0.22228639564779964,0.28393608906627393,0.3662638380152235
"frozenset({'rooting_depth_class=2', 'usda_hydrologic_group=C'})","frozenset({'is_locality_1ring=0', 'landslide_surface_class=4'})",0.15758105213677867,0.13334634129035977,0.05290838702811049,0.33575348248205994,2.517905472569071,1.0,0.03189553026898562,1.3047169023151612,0.715611281386544,0.22228639564779964,0.23355020677240773,0.3662638380152235
"frozenset({'landslide_surface_class=3', 'usda_hydrologic_group=C'})","frozenset({'ascending_soil_presence=0', 'surface_stoniness_class=2'})",0.1145527997410234,0.22103031888711014,0.06363551704411914,0.5555125425828429,2.513286617781009,1.0,0.038315875187949475,1.7525121757976108,0.6800118857541562,0.23399918467183037,0.4293905549929342,0.4217082806006524
"frozenset({'ascending_soil_presence=0', 'surface_stoniness_class=2'})","frozenset({'landslide_surface_class=3', 'usda_hydrologic_group=C'})",0.22103031888711014,0.1145527997410234,0.06363551704411914,0.28790401861846193,2.513286617781009,1.0,0.038315875187949475,1.2434379962952742,0.7729628443608,0.23399918467183037,0.19577815461693998,0.4217082806006524
"frozenset({'landslide_surface_class=1', 'descending_soil_presence=0'})","frozenset({'surface_stoniness_class=1', 'rooting_depth_class=1'})",0.16106215881828623,0.31161447962998273,0.1260692762402274,0.7827367841409691,2.511875523468635,1.0,0.0758799754319855,3.168440261036501,0.7174442146788824,0.3637235961668863,0.6843872954471083,0.5936524393168201
"frozenset({'surface_stoniness_class=1', 'rooting_depth_class=1'})","frozenset({'landslide_surface_class=1', 'descending_soil_presence=0'})",0.31161447962998273,0.16106215881828623,0.1260692762402274,0.40456809449267117,2.511875523468635,1.0,0.0758799754319855,1.4089568150818343,0.8743517735635786,0.3637235961668863,0.2902550388374263,0.5936524393168201
"frozenset({'landslide_surface_class=1', 'ascending_soil_presence=0'})","frozenset({'surface_stoniness_class=1', 'rooting_depth_class=1'})",0.16103111710265494,0.31161447962998273,0.12603379999379166,0.7826673643047946,2.511652748723838,1.0,0.07585417223361303,3.1674282059296064,0.7173755809590414,0.36361659118241607,0.6842864510305416,0.5935608061028741
"frozenset({'surface_stoniness_class=1', 'rooting_depth_class=1'})","frozenset({'landslide_surface_class=1', 'ascending_soil_presence=0'})",0.31161447962998273,0.16103111710265494,0.12603379999379166,0.4044542479009535,2.511652748723838,1.0,0.07585417223361303,1.4087395971515793,0.874300478388236,0.36361659118241607,0.2901456010592987,0.5935608061028741
"frozenset({'surface_stoniness_class=1', 'rooting_depth_class=1'})","frozenset({'landslide_surface_class=1', 'is_locality_1ring=0'})",0.31161447962998273,0.1476343995423564,0.11513372327640874,0.3694748825957023,2.502634099783091,1.0,0.06912870668753238,1.351834489903596,0.8722162140294912,0.3345790538537868,0.2602644721164692,0.5746659526519302
"frozenset({'landslide_surface_class=1', 'is_locality_1ring=0'})","frozenset({'surface_stoniness_class=1', 'rooting_depth_class=1'})",0.1476343995423564,0.31161447962998273,0.11513372327640874,0.7798570227081582,2.5026340997830907,1.0,0.06912870668753238,3.1269928699902607,0.7044172266542497,0.3345790538537868,0.6802039398308206,0.5746659526519302
"frozenset({'landslide_surface_class=2', 'pai_landslide_hazard_level=Moderata P1'})","frozenset({'hydraulic_hazard_level=0', 'usda_hydrologic_group=B'})",0.11618470707706771,0.31753014372314337,0.09229588963339734,0.7943893129770992,2.501776063408117,1.0,0.055403742896784715,3.319233383043186,0.6791961773162983,0.27033029834655997,0.6987256138394324,0.5425287160382954
"frozenset({'hydraulic_hazard_level=0', 'usda_hydrologic_group=B'})","frozenset({'landslide_surface_class=2', 'pai_landslide_hazard_level=Moderata P1'})",0.31753014372314337,0.11618470707706771,0.09229588963339734,0.29066811909949164,2.501776063408117,1.0,0.055403742896784715,1.2459827574659612,0.8795757979432629,0.27033029834655997,0.19742067536009325,0.5425287160382954
"frozenset({'tipo_movimento_<lambda_0>_1ring=0', 'rooting_depth_class=1'})","frozenset({'surface_stoniness_class=1', 'usda_hydrologic_group=C'})",0.2422007689476415,0.13137297508237142,0.07948009560848414,0.32815789955508357,2.4979102387635446,1.0,0.04766146002459443,1.292903532455609,0.7913248442348693,0.2702543765738325,0.22654708963421114,0.4665768400729004
"frozenset({'surface_stoniness_class=1', 'usda_hydrologic_group=C'})","frozenset({'tipo_movimento_<lambda_0>_1ring=0', 'rooting_depth_class=1'})",0.13137297508237142,0.2422007689476415,0.07948009560848414,0.6049957805907172,2.4979102387635446,1.0,0.04766146002459443,1.9184585728872088,0.6903600063913244,0.2702543765738325,0.47874819183870243,0.4665768400729004
"frozenset({'landslide_surface_class=3', 'usda_hydrologic_group=C'})","frozenset({'surface_stoniness_class=2', 'descending_soil_presence=0'})",0.1145527997410234,0.22061347299149014,0.0631255460016053,0.5510606999070919,2.4978560576322932,1.0,0.03785365500983946,1.73606215104629,0.6772359488154643,0.23204446907703846,0.42398375576743036,0.41859855232947313
"frozenset({'surface_stoniness_class=2', 'descending_soil_presence=0'})","frozenset({'landslide_surface_class=3', 'usda_hydrologic_group=C'})",0.22061347299149014,0.1145527997410234,0.0631255460016053,0.2861364047518543,2.4978560576322932,1.0,0.03785365500983946,1.2403590912227243,0.7693957414109072,0.23204446907703846,0.19378185956276778,0.41859855232947313
"frozenset({'descending_soil_presence=0', 'rooting_depth_class=4'})","frozenset({'landslide_surface_class=2', 'usda_hydrologic_group=B'})",0.21809465949455217,0.1527740207447351,0.08284146995827106,0.3798418088286127,2.486298435931574,1.0,0.049522271924334414,1.3661449470738747,0.7645371346966923,0.2876168188326585,0.26801324988107245,0.4610451098074735
"frozenset({'landslide_surface_class=2', 'usda_hydrologic_group=B'})","frozenset({'descending_soil_presence=0', 'rooting_depth_class=4'})",0.1527740207447351,0.21809465949455217,0.08284146995827106,0.5422484107863342,2.4862984359315736,1.0,0.049522271924334414,1.7081433662494092,0.7055917585997015,0.2876168188326585,0.4145690462764189,0.4610451098074735
"frozenset({'landslide_surface_class=2', 'usda_hydrologic_group=B'})","frozenset({'ascending_soil_presence=0', 'rooting_depth_class=4'})",0.1527740207447351,0.21858245788304367,0.08289468432792468,0.5425967315897943,2.4823434453286275,1.0,0.049500963372865386,1.7083776966284596,0.704835394222588,0.28736798413503667,0.41464934717098373,0.4609171603009936
"frozenset({'ascending_soil_presence=0', 'rooting_depth_class=4'})","frozenset({'landslide_surface_class=2', 'usda_hydrologic_group=B'})",0.21858245788304367,0.1527740207447351,0.08289468432792468,0.3792375890121929,2.4823434453286275,1.0,0.049500963372865386,1.3648152082969887,0.7641943326051226,0.28736798413503667,0.2673000755554328,0.4609171603009936
"frozenset({'landslide_surface_class=1', 'usda_hydrologic_group=C'})","frozenset({'tipo_movimento_<lambda_0>_1ring=0', 'rooting_depth_class=1'})",0.08781257899007995,0.2422007689476415,0.05262901158742899,0.5993334006665993,2.4745313702788536,1.0,0.03136073743275612,1.8913461524198139,0.6532463226067866,0.18973317772697476,0.4712760545072162,0.408314191041321
"frozenset({'tipo_movimento_<lambda_0>_1ring=0', 'rooting_depth_class=1'})","frozenset({'landslide_surface_class=1', 'usda_hydrologic_group=C'})",0.2422007689476415,0.08781257899007995,0.05262901158742899,0.21729498141604262,2.4745313702788536,1.0,0.03136073743275612,1.1654293755011533,0.7863337067199104,0.18973317772697476,0.14194714753093984,0.408314191041321
"frozenset({'pai_landslide_hazard_level=Moderata P1', 'is_locality_1ring=0', 'usda_hydrologic_group=B'})","frozenset({'landslide_surface_class=2', 'rooting_depth_class=4'})",0.15182059662177444,0.14998913539952904,0.05627863043950635,0.37069166958756866,2.471456806522352,1.0,0.03350719041636574,1.3507065193994765,0.7019509584782428,0.229211819101286,0.2596467214472324,0.3729548582393687
"frozenset({'landslide_surface_class=2', 'rooting_depth_class=4'})","frozenset({'pai_landslide_hazard_level=Moderata P1', 'is_locality_1ring=0', 'usda_hydrologic_group=B'})",0.14998913539952904,0.15182059662177444,0.05627863043950635,0.3752180468911688,2.4714568065223514,1.0,0.03350719041636574,1.3575606644170795,0.7004385119744264,0.229211819101286,0.2633846676535902,0.3729548582393687
"frozenset({'tipo_movimento_<lambda_0>_1ring=0', 'rooting_depth_class=4'})","frozenset({'landslide_surface_class=2', 'usda_hydrologic_group=B'})",0.1493106521864454,0.1527740207447351,0.05629636856272422,0.3770418770418771,2.4679711589960935,1.0,0.033485579888182286,1.3600047066281178,0.6992080960401617,0.22904413091328985,0.26470842701764136,0.37276813018446064
"frozenset({'landslide_surface_class=2', 'usda_hydrologic_group=B'})","frozenset({'tipo_movimento_<lambda_0>_1ring=0', 'rooting_depth_class=4'})",0.1527740207447351,0.1493106521864454,0.05629636856272422,0.36849438332704426,2.4679711589960935,1.0,0.033485579888182286,1.3470812061741484,0.7020663834331613,0.22904413091328985,0.2576542561675961,0.37276813018446064
"frozenset({'landslide_surface_class=2', 'rooting_depth_class=4'})","frozenset({'pai_landslide_hazard_level=Moderata P1', 'descending_soil_presence=0', 'usda_hydrologic_group=B'})",0.14998913539952904,0.16959419608608312,0.06264661667472272,0.41767436359873455,2.4627868950581906,1.0,0.03720932983499292,1.4260162218613124,0.6987627577338318,0.24382119433897134,0.29874570522434407,0.39353282033090164
"frozenset({'pai_landslide_hazard_level=Moderata P1', 'descending_soil_presence=0', 'usda_hydrologic_group=B'})","frozenset({'landslide_surface_class=2', 'rooting_depth_class=4'})",0.16959419608608312,0.14998913539952904,0.06264661667472272,0.3693912770630687,2.4627868950581906,1.0,0.03720932983499292,1.347921196905934,0.7152598561480137,0.24382119433897134,0.25811686744341183,0.39353282033090164
"frozenset({'ascending_soil_presence=0', 'pai_landslide_hazard_level=Moderata P1', 'usda_hydrologic_group=B'})","frozenset({'landslide_surface_class=2', 'rooting_depth_class=4'})",0.16957202343206076,0.14998913539952904,0.06258896777426465,0.36909961034545885,2.4608423094264853,1.0,0.037155006591741174,1.3472980498013436,0.714854378653545,0.24356319458825157,0.25777373451446167,0.3931948100510667
"frozenset({'landslide_surface_class=2', 'rooting_depth_class=4'})","frozenset({'ascending_soil_presence=0', 'pai_landslide_hazard_level=Moderata P1', 'usda_hydrologic_group=B'})",0.14998913539952904,0.16957202343206076,0.06258896777426465,0.4172900097566745,2.4608423094264853,1.0,0.037155006591741174,1.4251136765669192,0.6983852794458338,0.24356319458825157,0.29830159064293926,0.3931948100510667
"frozenset({'landslide_surface_class=2', 'usda_hydrologic_group=B', 'rooting_depth_class=4'})","frozenset({'hydraulic_hazard_level=0', 'pai_landslide_hazard_level=Moderata P1'})",0.08382150126605854,0.2980802916147457,0.061427120703493966,0.7328325044968786,2.4585070704507666,1.0,0.03644158316252146,2.627264619385758,0.6475256579353282,0.19167543034261364,0.619375988006189,0.4694541290076407
"frozenset({'hydraulic_hazard_level=0', 'pai_landslide_hazard_level=Moderata P1'})","frozenset({'landslide_surface_class=2', 'usda_hydrologic_group=B', 'rooting_depth_class=4'})",0.2980802916147457,0.08382150126605854,0.061427120703493966,0.20607575351840282,2.4585070704507666,1.0,0.03644158316252146,1.1539873014259654,0.8451808349186388,0.19167543034261364,0.13343933788152232,0.4694541290076407
"frozenset({'landslide_surface_class=2', 'rooting_depth_class=4'})","frozenset({'pai_landslide_hazard_level=Moderata P1', 'usda_hydrologic_group=B'})",0.14998913539952904,0.17169616368740107,0.06330292723378403,0.4220500842621885,2.4581218077218936,1.0,0.03755036809089473,1.4331758059955513,0.6978561799584246,0.24499708234647996,0.3022488965997071,0.39537082445456134
"frozenset({'pai_landslide_hazard_level=Moderata P1', 'usda_hydrologic_group=B'})","frozenset({'landslide_surface_class=2', 'rooting_depth_class=4'})",0.17169616368740107,0.14998913539952904,0.06330292723378403,0.3686915646469342,2.4581218077218936,1.0,0.03755036809089473,1.3464272247924163,0.7161446185423392,0.24499708234647996,0.25729368688740406,0.39537082445456134
"frozenset({'pai_landslide_hazard_level=Moderata P1', 'usda_hydrologic_group=B'})","frozenset({'landslide_surface_class=2', 'descending_soil_presence=0', 'rooting_depth_class=4'})",0.17169616368740107,0.14866764521979753,0.06264661667472272,0.36486905315357193,2.454259987868454,1.0,0.0371209523260439,1.3404044614850912,0.7153717985094237,0.24308279991740647,0.25395652675457564,0.3931280388810365
"frozenset({'landslide_surface_class=2', 'descending_soil_presence=0', 'rooting_depth_class=4'})","frozenset({'pai_landslide_hazard_level=Moderata P1', 'usda_hydrologic_group=B'})",0.14866764521979753,0.17169616368740107,0.06264661667472272,0.421387024608501,2.454259987868454,1.0,0.0371209523260439,1.4315334628508027,0.6960210096187203,0.24308279991740647,0.30144839366271814,0.3931280388810365
"frozenset({'landslide_surface_class=2', 'ascending_soil_presence=0', 'rooting_depth_class=4'})","frozenset({'pai_landslide_hazard_level=Moderata P1', 'usda_hydrologic_group=B'})",0.14881398473634497,0.17169616368740107,0.06258896777426465,0.4205852553787473,2.4495902898825777,1.0,0.03703817749199876,1.4295525683490125,0.6952281359026858,0.24266703345827173,0.30048042853373474,0.39255927369381605
"frozenset({'pai_landslide_hazard_level=Moderata P1', 'usda_hydrologic_group=B'})","frozenset({'landslide_surface_class=2', 'ascending_soil_presence=0', 'rooting_depth_class=4'})",0.17169616368740107,0.14881398473634497,0.06258896777426465,0.36453329200888474,2.4495902898825777,1.0,0.03703817749199876,1.3394659461460816,0.7144340527656986,0.24266703345827173,0.25343380107780633,0.39255927369381605
"frozenset({'usda_hydrologic_group=D', 'rooting_depth_class=1'})","frozenset({'surface_stoniness_class=1', 'hydraulic_hazard_level=0', 'landslide_surface_class=3'})",0.1314306239828295,0.18472038066012425,0.059453754495505606,0.45235845873540725,2.4488822355109963,1.0,0.035175839602999685,1.488710329492652,0.6811780953171467,0.2316104066613689,0.3282776506690883,0.38710828950454196
"frozenset({'surface_stoniness_class=1', 'hydraulic_hazard_level=0', 'landslide_surface_class=3'})","frozenset({'usda_hydrologic_group=D', 'rooting_depth_class=1'})",0.18472038066012425,0.1314306239828295,0.059453754495505606,0.32185812027367666,2.4488822355109963,1.0,0.035175839602999685,1.280807751274258,0.7257024696449943,0.2316104066613689,0.21924270133038015,0.38710828950454196
"frozenset({'hydraulic_hazard_level=0', 'pai_landslide_hazard_level=Moderata P1'})","frozenset({'surface_stoniness_class=2', 'rooting_depth_class=4'})",0.2980802916147457,0.08770615025077272,0.06390158889238724,0.21437710137165641,2.444265319577947,1.0,0.03775811404923021,1.161236327686024,0.8418044174352622,0.19852313118232165,0.13884884914625173,0.4714822103076302
"frozenset({'surface_stoniness_class=2', 'rooting_depth_class=4'})","frozenset({'hydraulic_hazard_level=0', 'pai_landslide_hazard_level=Moderata P1'})",0.08770615025077272,0.2980802916147457,0.06390158889238724,0.728587319243604,2.444265319577947,1.0,0.03775811404923021,2.586171384583375,0.647685075774653,0.19852313118232165,0.6133280238265814,0.4714822103076302
"frozenset({'tipo_movimento_<lambda_0>_1ring=0', 'usda_hydrologic_group=D'})","frozenset({'surface_stoniness_class=1', 'landslide_surface_class=3'})",0.11722682181611775,0.20791297676749312,0.05889056908333814,0.5023642897673539,2.4162238335375408,1.0,0.03451759160255659,1.591700529011883,0.6639656405022101,0.2211858760826116,0.3717411147555544,0.3928052652846581
"frozenset({'surface_stoniness_class=1', 'landslide_surface_class=3'})","frozenset({'tipo_movimento_<lambda_0>_1ring=0', 'usda_hydrologic_group=D'})",0.20791297676749312,0.11722682181611775,0.05889056908333814,0.28324624080196226,2.4162238335375408,1.0,0.03451759160255659,1.231626854907047,0.7399831602833642,0.2211858760826116,0.1880657716939181,0.3928052652846581
"frozenset({'rooting_depth_class=2', 'hydraulic_hazard_level=0'})","frozenset({'usda_hydrologic_group=C', 'landslide_surface_class=4'})",0.2774818960279908,0.09131142379480539,0.0609614949690248,0.2196953957777316,2.4060012060640963,1.0,0.03562422796542681,1.1645305836826207,0.8087999559567565,0.19803506345707822,0.1412848970976117,0.4436585861410148
"frozenset({'usda_hydrologic_group=C', 'landslide_surface_class=4'})","frozenset({'rooting_depth_class=2', 'hydraulic_hazard_level=0'})",0.09131142379480539,0.2774818960279908,0.0609614949690248,0.667621776504298,2.4060012060640963,1.0,0.03562422796542681,2.1737829162606137,0.6430944836028848,0.19803506345707822,0.5399724634324478,0.4436585861410148
"frozenset({'landslide_surface_class=2', 'usda_hydrologic_group=C'})","frozenset({'descending_soil_presence=0', 'rooting_depth_class=4'})",0.12555043613610462,0.21809465949455217,0.06582617526152645,0.524300649901102,2.404004990842972,1.0,0.0384442956430302,1.643696465725441,0.6678801271265323,0.23693913709716036,0.3916151668801863,0.4130622624874047
"frozenset({'descending_soil_presence=0', 'rooting_depth_class=4'})","frozenset({'landslide_surface_class=2', 'usda_hydrologic_group=C'})",0.21809465949455217,0.12555043613610462,0.06582617526152645,0.30182387507370734,2.404004990842972,1.0,0.0384442956430302,1.2524770364443674,0.746928631414163,0.23693913709716036,0.20158216805405027,0.4130622624874047
"frozenset({'ascending_soil_presence=0', 'rooting_depth_class=4'})","frozenset({'landslide_surface_class=2', 'usda_hydrologic_group=C'})",0.21858245788304367,0.12555043613610462,0.06591930040842028,0.30157635268101685,2.4020334931699403,1.0,0.03847617748950243,1.2520331566959644,0.7469579834228515,0.23693774108195995,0.20129910725452654,0.4133093687677477
"frozenset({'landslide_surface_class=2', 'usda_hydrologic_group=C'})","frozenset({'ascending_soil_presence=0', 'rooting_depth_class=4'})",0.12555043613610462,0.21858245788304367,0.06591930040842028,0.5250423848544786,2.40203349316994,1.0,0.03847617748950243,1.6452363688863885,0.6674896936214507,0.23693774108195995,0.392184601002426,0.4133093687677477
"frozenset({'landslide_surface_class=2', 'pai_landslide_hazard_level=Moderata P1'})","frozenset({'surface_stoniness_class=2', 'hydraulic_hazard_level=0'})",0.11618470707706771,0.21320337201722372,0.0591477718699973,0.5090839694656489,2.3877857308210038,1.0,0.034376800544333064,1.602711215452398,0.6576056761592828,0.21887102067607483,0.37605727697005625,0.39325407758194464
"frozenset({'surface_stoniness_class=2', 'hydraulic_hazard_level=0'})","frozenset({'landslide_surface_class=2', 'pai_landslide_hazard_level=Moderata P1'})",0.21320337201722372,0.11618470707706771,0.0591477718699973,0.27742418569824034,2.3877857308210033,1.0,0.034376800544333064,1.2231454131591462,0.7386940063439399,0.21887102067607483,0.1824357192190298,0.39325407758194464
"frozenset({'surface_stoniness_class=1', 'rooting_depth_class=1'})","frozenset({'tipo_movimento_<lambda_0>_1ring=0', 'usda_hydrologic_group=D'})",0.31161447962998273,0.11722682181611775,0.08708975046895163,0.27947915184289174,2.3840887905438857,1.0,0.0505601753900454,1.2251875576421838,0.8433537859573157,0.2548335193211014,0.18379843660471604,0.5111978698499497
"frozenset({'tipo_movimento_<lambda_0>_1ring=0', 'usda_hydrologic_group=D'})","frozenset({'surface_stoniness_class=1', 'rooting_depth_class=1'})",0.11722682181611775,0.31161447962998273,0.08708975046895163,0.7429165878570078,2.3840887905438852,1.0,0.0505601753900454,2.677673812681196,0.6576463231434083,0.2548335193211014,0.6265415170196982,0.5111978698499497
"frozenset({'descending_soil_presence=0', 'usda_hydrologic_group=C'})","frozenset({'landslide_surface_class=2', 'surface_stoniness_class=4', 'rooting_depth_class=4'})",0.41668625251105307,0.05451812171013246,0.05379529318900414,0.12910263505172195,2.3680682863240974,1.0,0.03107834135966756,1.085640990940441,0.9904016195068202,0.128879067642653,0.07888518548498637,0.5579220674851907
"frozenset({'descending_soil_presence=0', 'usda_hydrologic_group=C'})","frozenset({'landslide_surface_class=2', 'surface_stoniness_class=4'})",0.41668625251105307,0.05451812171013246,0.05379529318900414,0.12910263505172195,2.3680682863240974,1.0,0.03107834135966756,1.085640990940441,0.9904016195068202,0.128879067642653,0.07888518548498637,0.5579220674851907
"frozenset({'landslide_surface_class=2', 'surface_stoniness_class=4'})","frozenset({'descending_soil_presence=0', 'usda_hydrologic_group=C'})",0.05451812171013246,0.41668625251105307,0.05379529318900414,0.9867414999186594,2.368068286324097,1.0,0.03107834135966756,43.99545528606798,0.6110269201971193,0.128879067642653,0.9772703795540293,0.5579220674851907
"frozenset({'landslide_surface_class=2', 'surface_stoniness_class=4', 'rooting_depth_class=4'})","frozenset({'descending_soil_presence=0', 'usda_hydrologic_group=C'})",0.05451812171013246,0.41668625251105307,0.05379529318900414,0.9867414999186594,2.368068286324097,1.0,0.03107834135966756,43.99545528606798,0.6110269201971193,0.128879067642653,0.9772703795540293,0.5579220674851907
"frozenset({'landslide_surface_class=2', 'surface_stoniness_class=4', 'rooting_depth_class=4'})","frozenset({'ascending_soil_presence=0', 'usda_hydrologic_group=C'})",0.05451812171013246,0.41793679019791313,0.053910590989920314,0.9888563526923703,2.366042846393349,1.0,0.03112546219476839,52.23273796574349,0.6106445805528496,0.12880497547227784,0.9808549189847977,0.5589242822817155
"frozenset({'landslide_surface_class=2', 'surface_stoniness_class=4'})","frozenset({'ascending_soil_presence=0', 'usda_hydrologic_group=C'})",0.05451812171013246,0.41793679019791313,0.053910590989920314,0.9888563526923703,2.366042846393349,1.0,0.03112546219476839,52.23273796574349,0.6106445805528496,0.12880497547227784,0.9808549189847977,0.5589242822817155
"frozenset({'ascending_soil_presence=0', 'usda_hydrologic_group=C'})","frozenset({'landslide_surface_class=2', 'surface_stoniness_class=4', 'rooting_depth_class=4'})",0.41793679019791313,0.05451812171013246,0.053910590989920314,0.12899221187106083,2.3660428463933485,1.0,0.03112546219476839,1.0855033573475965,0.9919083963148063,0.12880497547227784,0.07876839511258826,0.5589242822817155
"frozenset({'ascending_soil_presence=0', 'usda_hydrologic_group=C'})","frozenset({'landslide_surface_class=2', 'surface_stoniness_class=4'})",0.41793679019791313,0.05451812171013246,0.053910590989920314,0.12899221187106083,2.3660428463933485,1.0,0.03112546219476839,1.0855033573475965,0.9919083963148063,0.12880497547227784,0.07876839511258826,0.5589242822817155
"frozenset({'surface_stoniness_class=2', 'is_locality_1ring=0'})","frozenset({'landslide_surface_class=2', 'pai_landslide_hazard_level=Moderata P1'})",0.19797962776548428,0.11618470707706771,0.05436734766278054,0.2746108186807033,2.3635711238532306,1.0,0.031365142603620846,1.2184015362835976,0.7193226245092338,0.20926858410856022,0.17925251222989438,0.37127487498920664
"frozenset({'landslide_surface_class=2', 'pai_landslide_hazard_level=Moderata P1'})","frozenset({'surface_stoniness_class=2', 'is_locality_1ring=0'})",0.11618470707706771,0.19797962776548428,0.05436734766278054,0.46793893129770997,2.3635711238532306,1.0,0.031365142603620846,1.507384056853968,0.6527510936789261,0.20926858410856022,0.33659906017111485,0.37127487498920664
"frozenset({'descending_soil_presence=0', 'usda_hydrologic_group=C'})","frozenset({'surface_stoniness_class=4', 'rooting_depth_class=4'})",0.41668625251105307,0.05470437200392012,0.05379529318900414,0.12910263505172195,2.3600057970224104,1.0,0.031000733422720098,1.0854271307299457,0.9879284171711544,0.12882158672174496,0.07870369950352755,0.5562423032586755
"frozenset({'surface_stoniness_class=4', 'rooting_depth_class=4'})","frozenset({'descending_soil_presence=0', 'usda_hydrologic_group=C'})",0.05470437200392012,0.41668625251105307,0.05379529318900414,0.9833819714656291,2.3600057970224104,1.0,0.031000733422720098,35.10126043426183,0.6096211705670975,0.12882158672174496,0.9715109945446884,0.5562423032586755
"frozenset({'ascending_soil_presence=0', 'usda_hydrologic_group=C'})","frozenset({'surface_stoniness_class=4', 'rooting_depth_class=4'})",0.41793679019791313,0.05470437200392012,0.053910590989920314,0.12899221187106083,2.3579872530447337,1.0,0.031047621344809356,1.0852895242495162,0.9894277586886886,0.12874768334657133,0.07858688612008347,0.5572409178680856
"frozenset({'surface_stoniness_class=4', 'rooting_depth_class=4'})","frozenset({'ascending_soil_presence=0', 'usda_hydrologic_group=C'})",0.05470437200392012,0.41793679019791313,0.053910590989920314,0.9854896238651103,2.3579872530447337,1.0,0.031047621344809356,40.113585229712676,0.6092374491464495,0.12874768334657133,0.9750707897518149,0.5572409178680856
"frozenset({'landslide_surface_class=2', 'pai_landslide_hazard_level=Moderata P1'})","frozenset({'usda_hydrologic_group=B', 'is_locality_1ring=0'})",0.11618470707706771,0.3099160543318714,0.08471284195775666,0.7291221374045802,2.352643973144434,1.0,0.04870533596672758,2.5475833981266693,0.6505276786580767,0.248142471162839,0.6074711427561758,0.5012316941404975
"frozenset({'usda_hydrologic_group=B', 'is_locality_1ring=0'})","frozenset({'landslide_surface_class=2', 'pai_landslide_hazard_level=Moderata P1'})",0.3099160543318714,0.11618470707706771,0.08471284195775666,0.2733412508764148,2.352643973144434,1.0,0.04870533596672758,1.2162728295625584,0.8331541611376122,0.248142471162839,0.1778160494141291,0.5012316941404975
"frozenset({'surface_stoniness_class=2', 'descending_soil_presence=0'})","frozenset({'landslide_surface_class=2', 'pai_landslide_hazard_level=Moderata P1'})",0.22061347299149014,0.11618470707706771,0.060034678030890944,0.27212607288588714,2.342184954732298,1.0,0.03440276629412008,1.2142422746575063,0.7352555058418767,0.21691688965086284,0.1764411263954191,0.39442181506889773
"frozenset({'landslide_surface_class=2', 'pai_landslide_hazard_level=Moderata P1'})","frozenset({'surface_stoniness_class=2', 'descending_soil_presence=0'})",0.11618470707706771,0.22061347299149014,0.060034678030890944,0.5167175572519084,2.342184954732298,1.0,0.03440276629412008,1.612693650894247,0.6483800854665168,0.21691688965086284,0.37991942893463077,0.39442181506889773
"frozenset({'ascending_soil_presence=0', 'surface_stoniness_class=2'})","frozenset({'landslide_surface_class=2', 'pai_landslide_hazard_level=Moderata P1'})",0.22103031888711014,0.11618470707706771,0.05987503492193009,0.270890596472925,2.3315512281081685,1.0,0.03419469206688033,1.2121847402426382,0.733149196479855,0.21589037591340082,0.17504323656158718,0.39311705396165336
"frozenset({'landslide_surface_class=2', 'pai_landslide_hazard_level=Moderata P1'})","frozenset({'ascending_soil_presence=0', 'surface_stoniness_class=2'})",0.11618470707706771,0.22103031888711014,0.05987503492193009,0.5153435114503817,2.3315512281081685,1.0,0.03419469206688033,1.6072614305526631,0.6461768656450295,0.21589037591340082,0.3778236813309543,0.39311705396165336
"frozenset({'surface_stoniness_class=1', 'rooting_depth_class=1'})","frozenset({'landslide_surface_class=1', 'tipo_movimento_<lambda_0>_1ring=0', 'usda_hydrologic_group=C'})",0.31161447962998273,0.07062433759196109,0.051289783284479584,0.1645937099758076,2.33055226552019,1.0,0.029282217076548402,1.1124834389038718,0.829356714528047,0.154977890928581,0.10111021429200027,0.4454137707231794
"frozenset({'landslide_surface_class=1', 'tipo_movimento_<lambda_0>_1ring=0', 'usda_hydrologic_group=C'})","frozenset({'surface_stoniness_class=1', 'rooting_depth_class=1'})",0.07062433759196109,0.31161447962998273,0.051289783284479584,0.7262338314705512,2.3305522655201893,1.0,0.029282217076548402,2.5145017883974523,0.6143018120611152,0.154977890928581,0.6023069044475318,0.4454137707231794
"frozenset({'hydraulic_hazard_level=0', 'rooting_depth_class=4'})","frozenset({'landslide_surface_class=2', 'usda_hydrologic_group=C'})",0.20799279832197354,0.12555043613610462,0.06078854826765054,0.29226275504765153,2.327851372263018,1.0,0.03467496172515791,1.2355567975269854,0.7202198518385877,0.22286894174646785,0.19064829556881685,0.3882195380211414
"frozenset({'landslide_surface_class=2', 'usda_hydrologic_group=C'})","frozenset({'hydraulic_hazard_level=0', 'rooting_depth_class=4'})",0.12555043613610462,0.20799279832197354,0.06078854826765054,0.48417632099463126,2.327851372263018,1.0,0.03467496172515791,1.535422342776519,0.6523181359107249,0.22286894174646785,0.34871339817050584,0.3882195380211414
"frozenset({'descending_soil_presence=0', 'usda_hydrologic_group=B'})","frozenset({'landslide_surface_class=2', 'pai_landslide_hazard_level=Moderata P1'})",0.34819935876684566,0.11618470707706771,0.09402092211633548,0.27002037697401937,2.3240612621668815,1.0,0.05356548161358671,1.210739676895716,0.874069013573626,0.25386144304221847,0.17405861963328345,0.5396285090976967
"frozenset({'landslide_surface_class=2', 'pai_landslide_hazard_level=Moderata P1'})","frozenset({'descending_soil_presence=0', 'usda_hydrologic_group=B'})",0.11618470707706771,0.34819935876684566,0.09402092211633548,0.809236641221374,2.324061262166881,1.0,0.05356548161358671,3.4168020808940844,0.6446129050846815,0.25386144304221847,0.7073286727400006,0.5396285090976967
"frozenset({'ascending_soil_presence=0', 'usda_hydrologic_group=B'})","frozenset({'landslide_surface_class=2', 'pai_landslide_hazard_level=Moderata P1'})",0.34873150246338186,0.11618470707706771,0.09393666603105058,0.2693667344862665,2.318435371254067,1.0,0.05341939856879684,1.2096565194051097,0.8731800013422635,0.25321252256236776,0.1733190505253637,0.538939092433973
"frozenset({'landslide_surface_class=2', 'pai_landslide_hazard_level=Moderata P1'})","frozenset({'ascending_soil_presence=0', 'usda_hydrologic_group=B'})",0.11618470707706771,0.34873150246338186,0.09393666603105058,0.8085114503816794,2.318435371254067,1.0,0.05341939856879684,3.4010832440620673,0.6434315315731767,0.25321252256236776,0.7059760293295102,0.538939092433973
"frozenset({'usda_hydrologic_group=C', 'landslide_surface_class=4'})","frozenset({'ascending_soil_presence=0', 'rooting_depth_class=2'})",0.09131142379480539,0.29776543992762844,0.06292599211540423,0.689136030304502,2.314358679341685,1.0,0.035736605838725885,2.2589770077253872,0.6249829394441785,0.19293522597487356,0.5573217449402366,0.4502317082435283
"frozenset({'ascending_soil_presence=0', 'rooting_depth_class=2'})","frozenset({'usda_hydrologic_group=C', 'landslide_surface_class=4'})",0.29776543992762844,0.09131142379480539,0.06292599211540423,0.2113273861825547,2.314358679341685,1.0,0.035736605838725885,1.1521746289716222,0.8087253030348424,0.19293522597487356,0.1320760110014281,0.4502317082435283
"frozenset({'surface_stoniness_class=1', 'landslide_surface_class=4'})","frozenset({'ascending_soil_presence=0', 'rooting_depth_class=1'})",0.06630953911921349,0.35169376904076666,0.053941632705551586,0.8134822443656792,2.3130413899126663,1.0,0.030620980969359234,3.4758419044580204,0.6079839158509004,0.14816619364897618,0.7122999182680239,0.48342947644722656
"frozenset({'ascending_soil_presence=0', 'rooting_depth_class=1'})","frozenset({'surface_stoniness_class=1', 'landslide_surface_class=4'})",0.35169376904076666,0.06630953911921349,0.053941632705551586,0.1533767085287739,2.3130413899126663,1.0,0.030620980969359234,1.1028405080354673,0.8756182734184281,0.14816619364897618,0.09325057185164616,0.48342947644722656
"frozenset({'ascending_soil_presence=0', 'usda_hydrologic_group=C'})","frozenset({'surface_stoniness_class=3', 'landslide_surface_class=4'})",0.41793679019791313,0.0627486108832255,0.060584559850645,0.1449610593553042,2.3101875454275027,1.0,0.034359606828731896,1.0961505313548539,0.9743524435679985,0.14421432642979287,0.08771653947565998,0.5552367134232351
"frozenset({'surface_stoniness_class=3', 'landslide_surface_class=4'})","frozenset({'ascending_soil_presence=0', 'usda_hydrologic_group=C'})",0.0627486108832255,0.41793679019791313,0.060584559850645,0.965512367491166,2.3101875454275023,1.0,0.034359606828731896,16.877447579302263,0.6051041560110563,0.14421432642979287,0.940749334560141,0.5552367134232351
"frozenset({'surface_stoniness_class=1', 'landslide_surface_class=4'})","frozenset({'descending_soil_presence=0', 'rooting_depth_class=1'})",0.06630953911921349,0.3514498698465209,0.05377755506578626,0.8110078245168194,2.307605989073175,1.0,0.030473076172755898,3.4316242378573865,0.6068932703964183,0.14774790141205424,0.70859280309071,0.4820120570604992
"frozenset({'descending_soil_presence=0', 'rooting_depth_class=1'})","frozenset({'surface_stoniness_class=1', 'landslide_surface_class=4'})",0.3514498698465209,0.06630953911921349,0.05377755506578626,0.153016289604179,2.3076059890731746,1.0,0.030473076172755898,1.1023712137798316,0.8737188244920744,0.14774790141205424,0.09286455642180565,0.4820120570604992
"frozenset({'tipo_movimento_<lambda_0>_1ring=0', 'rooting_depth_class=2'})","frozenset({'usda_hydrologic_group=C', 'surface_stoniness_class=3'})",0.19027241322731847,0.13811789643596759,0.060549083604209256,0.3182231337543991,2.303996382553723,1.0,0.034269058139456854,1.2641703557796444,0.6989653681209032,0.22606334541962614,0.20896737102866508,0.378305042764954
"frozenset({'usda_hydrologic_group=C', 'surface_stoniness_class=3'})","frozenset({'tipo_movimento_<lambda_0>_1ring=0', 'rooting_depth_class=2'})",0.13811789643596759,0.19027241322731847,0.060549083604209256,0.4383869517755089,2.303996382553723,1.0,0.034269058139456854,1.4417891274652377,0.6566693268439234,0.22606334541962614,0.3064172971271692,0.378305042764954
"frozenset({'rooting_depth_class=2', 'descending_soil_presence=0'})","frozenset({'usda_hydrologic_group=C', 'landslide_surface_class=4'})",0.2964616878711148,0.09131142379480539,0.062322895925996546,0.2102224283128655,2.3022576976269296,1.0,0.03525255710587387,1.150562650524553,0.8039985157425519,0.19149747922060223,0.13086001918792511,0.4463768156328059
"frozenset({'usda_hydrologic_group=C', 'landslide_surface_class=4'})","frozenset({'rooting_depth_class=2', 'descending_soil_presence=0'})",0.09131142379480539,0.2964616878711148,0.062322895925996546,0.6825312029527463,2.3022576976269296,1.0,0.03525255710587387,2.21608648998713,0.6224836247879864,0.19149747922060223,0.5487540741219864,0.4463768156328059
"frozenset({'surface_stoniness_class=3', 'landslide_surface_class=4'})","frozenset({'descending_soil_presence=0', 'usda_hydrologic_group=C'})",0.0627486108832255,0.41668625251105307,0.0599992017844552,0.9561837455830389,2.294733123113235,1.0,0.03385271826524969,13.31272504349774,0.60199374872642,0.14304744988581578,0.9248838989213238,0.55008753070306
"frozenset({'descending_soil_presence=0', 'usda_hydrologic_group=C'})","frozenset({'surface_stoniness_class=3', 'landslide_surface_class=4'})",0.41668625251105307,0.0627486108832255,0.0599992017844552,0.1439913158230812,2.294733123113235,1.0,0.03385271826524969,1.094908739177072,0.9672658662037497,0.14304744988581578,0.08668187199638651,0.55008753070306
"frozenset({'surface_stoniness_class=1', 'is_locality_1ring=0', 'rooting_depth_class=1'})","frozenset({'landslide_surface_class=1', 'usda_hydrologic_group=C'})",0.2782313317339459,0.08781257899007995,0.055866219074690804,0.20079053903286476,2.286580594057575,1.0,0.03143400827928854,1.1413621404156908,0.7795652246316624,0.1801103708575187,0.12385388949751389,0.4184944514172505
"frozenset({'landslide_surface_class=1', 'usda_hydrologic_group=C'})","frozenset({'surface_stoniness_class=1', 'is_locality_1ring=0', 'rooting_depth_class=1'})",0.08781257899007995,0.2782313317339459,0.055866219074690804,0.6361983638016362,2.286580594057575,1.0,0.03143400827928854,1.9839621278462525,0.6168313013853799,0.1801103708575187,0.4959581203873186,0.4184944514172505
"frozenset({'pai_landslide_hazard_level=Molto elevata P4', 'rooting_depth_class=1'})","frozenset({'surface_stoniness_class=1', 'hydraulic_hazard_level=0'})",0.06790597020882205,0.3268204857585043,0.05073103240311659,0.7470776464441978,2.285896016311021,1.0,0.028537970233566846,2.661605448381107,0.6035172028005299,0.14747589336358483,0.6242869127697949,0.4511518166141395
"frozenset({'surface_stoniness_class=1', 'hydraulic_hazard_level=0'})","frozenset({'pai_landslide_hazard_level=Molto elevata P4', 'rooting_depth_class=1'})",0.3268204857585043,0.06790597020882205,0.05073103240311659,0.1552259867840812,2.285896016311021,1.0,0.028537970233566846,1.1033649416402451,0.8356385922415969,0.14747589336358483,0.0936815533458807,0.4511518166141395
"frozenset({'usda_hydrologic_group=C', 'surface_stoniness_class=3'})","frozenset({'rooting_depth_class=2', 'hydraulic_hazard_level=0'})",0.13811789643596759,0.2774818960279908,0.087595286980661,0.6342066396969113,2.285578442324526,1.0,0.04927007120221105,1.9752083618285083,0.652611296666754,0.26705513343968845,0.4937242979903798,0.4749429631450851
"frozenset({'rooting_depth_class=2', 'hydraulic_hazard_level=0'})","frozenset({'usda_hydrologic_group=C', 'surface_stoniness_class=3'})",0.2774818960279908,0.13811789643596759,0.087595286980661,0.315679286593259,2.285578442324526,1.0,0.04927007120221105,1.259471015093699,0.7784912157752428,0.26705513343968845,0.2060158685544626,0.4749429631450851
"frozenset({'landslide_surface_class=3', 'rooting_depth_class=1'})","frozenset({'surface_stoniness_class=1', 'hydraulic_hazard_level=0'})",0.11770131661219585,0.3268204857585043,0.08782144805168889,0.7461381960666114,2.283021501344782,1.0,0.049354246582075524,2.6517558128521483,0.6369543408587292,0.2462051046160349,0.6228913706332446,0.5074264163144221
"frozenset({'surface_stoniness_class=1', 'hydraulic_hazard_level=0'})","frozenset({'landslide_surface_class=3', 'rooting_depth_class=1'})",0.3268204857585043,0.11770131661219585,0.08782144805168889,0.2687146365622329,2.283021501344782,1.0,0.049354246582075524,1.2065039552277164,0.8348203776685306,0.2462051046160349,0.17115895421059002,0.5074264163144221
"frozenset({'usda_hydrologic_group=D', 'descending_soil_presence=0'})","frozenset({'surface_stoniness_class=1', 'rooting_depth_class=1'})",0.17660518928794738,0.31161447962998273,0.1253686203731214,0.7098807281858128,2.278073628121323,1.0,0.07033588621320308,2.3727672969305806,0.6813652672588533,0.3455098748533437,0.5785511704862069,0.55610017624603
"frozenset({'surface_stoniness_class=1', 'rooting_depth_class=1'})","frozenset({'usda_hydrologic_group=D', 'descending_soil_presence=0'})",0.31161447962998273,0.17660518928794738,0.1253686203731214,0.4023196243062473,2.278073628121323,1.0,0.07033588621320308,1.3776507380827145,0.8149977137212404,0.3455098748533437,0.2741266183389076,0.55610017624603
"frozenset({'ascending_soil_presence=0', 'usda_hydrologic_group=D'})","frozenset({'surface_stoniness_class=1', 'rooting_depth_class=1'})",0.17680030864334398,0.31161447962998273,0.12549278723564652,0.7097995936692668,2.2778132598719325,1.0,0.07039925105933055,2.3721039163035624,0.6814658149708197,0.3457844574780058,0.5784333084537481,0.5562588405232629
"frozenset({'surface_stoniness_class=1', 'rooting_depth_class=1'})","frozenset({'ascending_soil_presence=0', 'usda_hydrologic_group=D'})",0.31161447962998273,0.17680030864334398,0.12549278723564652,0.4027180873772591,2.2778132598719325,1.0,0.07039925105933055,1.3782431276746376,0.8149248233062115,0.3457844574780058,0.2744386096180337,0.5562588405232629
"frozenset({'hydraulic_hazard_level=0', 'rooting_depth_class=1'})","frozenset({'surface_stoniness_class=1', 'pai_landslide_hazard_level=Molto elevata P4'})",0.24734482468082464,0.09007862423116322,0.05073103240311659,0.20510246158810982,2.2769271104959152,1.0,0.02845055088516964,1.1447027217957555,0.745110918284666,0.1769528228924981,0.1264107431916932,0.3841442992723693
"frozenset({'surface_stoniness_class=1', 'pai_landslide_hazard_level=Molto elevata P4'})","frozenset({'hydraulic_hazard_level=0', 'rooting_depth_class=1'})",0.09007862423116322,0.24734482468082464,0.05073103240311659,0.5631861369566288,2.2769271104959152,1.0,0.02845055088516964,1.7230569791793542,0.6163297222904782,0.1769528228924981,0.41963613967294733,0.3841442992723693
"frozenset({'surface_stoniness_class=1', 'rooting_depth_class=1'})","frozenset({'usda_hydrologic_group=D', 'is_locality_1ring=0'})",0.31161447962998273,0.16473395032438592,0.11677006514325752,0.3747260566386794,2.2747348430653638,1.0,0.06543658093553258,1.3358401682075973,0.8140617517621036,0.3247416323409713,0.25140744843615576,0.5417831855283415
"frozenset({'usda_hydrologic_group=D', 'is_locality_1ring=0'})","frozenset({'surface_stoniness_class=1', 'rooting_depth_class=1'})",0.16473395032438592,0.31161447962998273,0.11677006514325752,0.7088403144180037,2.2747348430653633,1.0,0.06543658093553258,2.364288582720544,0.6709099727179351,0.3247416323409713,0.5770397880747204,0.5417831855283415
"frozenset({'surface_stoniness_class=2', 'rooting_depth_class=4'})","frozenset({'pai_landslide_hazard_level=Moderata P1', 'is_locality_1ring=0'})",0.08770615025077272,0.30103812366132604,0.06003911256169541,0.6845484882192335,2.273959457006729,1.0,0.03363621765664445,2.215750599491312,0.614098650086901,0.1826533916140521,0.548685668761828,0.44199435900981565
"frozenset({'pai_landslide_hazard_level=Moderata P1', 'is_locality_1ring=0'})","frozenset({'surface_stoniness_class=2', 'rooting_depth_class=4'})",0.30103812366132604,0.08770615025077272,0.06003911256169541,0.19944022980039772,2.273959457006729,1.0,0.03363621765664445,1.1395699405701667,0.8015292973462909,0.1826533916140521,0.12247597589344555,0.44199435900981565
"frozenset({'ascending_soil_presence=0', 'rooting_depth_class=2'})","frozenset({'usda_hydrologic_group=C', 'surface_stoniness_class=3'})",0.29776543992762844,0.13811789643596759,0.09318279579429098,0.31294026538788033,2.265747404667154,1.0,0.05205605960015647,1.2544500283524966,0.7955241260978396,0.27190734989648035,0.20283791510346003,0.4938007690517389
"frozenset({'usda_hydrologic_group=C', 'surface_stoniness_class=3'})","frozenset({'ascending_soil_presence=0', 'rooting_depth_class=2'})",0.13811789643596759,0.29776543992762844,0.09318279579429098,0.6746612727155975,2.265747404667154,1.0,0.05205605960015647,2.158472082109354,0.64816815711474,0.27190734989648035,0.5367093193891319,0.4938007690517389
"frozenset({'surface_stoniness_class=1', 'rooting_depth_class=1'})","frozenset({'landslide_surface_class=1', 'usda_hydrologic_group=C'})",0.31161447962998273,0.08781257899007995,0.06196369893083462,0.1988473032588587,2.264451238601273,1.0,0.0346000278238741,1.1385937096890968,0.8111616056127379,0.18361607905491534,0.12172358630625234,0.45224154881153217
"frozenset({'landslide_surface_class=1', 'usda_hydrologic_group=C'})","frozenset({'surface_stoniness_class=1', 'rooting_depth_class=1'})",0.08781257899007995,0.31161447962998273,0.06196369893083462,0.7056357943642056,2.264451238601273,1.0,0.0346000278238741,2.338550364447947,0.6121460251728585,0.18361607905491534,0.5723846639342889,0.45224154881153217
"frozenset({'usda_hydrologic_group=C', 'surface_stoniness_class=3'})","frozenset({'rooting_depth_class=2', 'descending_soil_presence=0'})",0.13811789643596759,0.2964616878711148,0.09258413413568778,0.6703268477493097,2.2610909779368553,1.0,0.05163746943307299,2.134047942108128,0.6471135871879214,0.2707174440165454,0.5314069659502842,0.4913119886361465
"frozenset({'rooting_depth_class=2', 'descending_soil_presence=0'})","frozenset({'usda_hydrologic_group=C', 'surface_stoniness_class=3'})",0.2964616878711148,0.13811789643596759,0.09258413413568778,0.3122971295229833,2.2610909779368553,1.0,0.05163746943307299,1.2532768737262916,0.7927579922160912,0.2707174440165454,0.20209171575410867,0.4913119886361465
"frozenset({'tipo_movimento_<lambda_0>_1ring=0', 'surface_stoniness_class=1'})","frozenset({'usda_hydrologic_group=D', 'rooting_depth_class=1'})",0.29325995663028875,0.1314306239828295,0.08708975046895163,0.2969711632970921,2.2595279113632554,1.0,0.04854641137985526,1.235467637558967,0.7887336810040152,0.2579666360173387,0.19058988710072838,0.47980011029420366
"frozenset({'usda_hydrologic_group=D', 'rooting_depth_class=1'})","frozenset({'tipo_movimento_<lambda_0>_1ring=0', 'surface_stoniness_class=1'})",0.1314306239828295,0.29325995663028875,0.08708975046895163,0.6626290572913152,2.2595279113632554,1.0,0.04854641137985526,2.09484562510166,0.6417791040204831,0.2579666360173387,0.5226378554975996,0.47980011029420366
"frozenset({'surface_stoniness_class=1', 'rooting_depth_class=1'})","frozenset({'landslide_surface_class=1', 'is_locality_1ring=0', 'usda_hydrologic_group=C'})",0.31161447962998273,0.0794579229544618,0.055866219074690804,0.17927992030738582,2.256287524783817,1.0,0.03110597976075693,1.1216273365582947,0.8088404800753108,0.16666225691229,0.10843827766493931,0.44118589161925825
"frozenset({'landslide_surface_class=1', 'is_locality_1ring=0', 'usda_hydrologic_group=C'})","frozenset({'surface_stoniness_class=1', 'rooting_depth_class=1'})",0.0794579229544618,0.31161447962998273,0.055866219074690804,0.7030918629311307,2.2562875247838163,1.0,0.03110597976075693,2.3185134875920994,0.6048545619554916,0.16666225691229,0.5686891599502603,0.44118589161925825
"frozenset({'landslide_surface_class=1', 'usda_hydrologic_group=C'})","frozenset({'surface_stoniness_class=1', 'descending_soil_presence=0', 'rooting_depth_class=1'})",0.08781257899007995,0.3049050345228223,0.0601943211398518,0.6854863145136856,2.2481961164940247,1.0,0.033419823711343416,2.2100627017307444,0.6086456951693783,0.18102287124091487,0.5475241497823208,0.44145310678925404
"frozenset({'surface_stoniness_class=1', 'descending_soil_presence=0', 'rooting_depth_class=1'})","frozenset({'landslide_surface_class=1', 'usda_hydrologic_group=C'})",0.3049050345228223,0.08781257899007995,0.0601943211398518,0.1974198990648225,2.2481961164940243,1.0,0.033419823711343416,1.1365686988090367,0.7987382653594751,0.18102287124091487,0.12015877170657735,0.44145310678925404
"frozenset({'landslide_surface_class=1', 'descending_soil_presence=0', 'usda_hydrologic_group=C'})","frozenset({'surface_stoniness_class=1', 'rooting_depth_class=1'})",0.08594564152139883,0.31161447962998273,0.0601943211398518,0.7003766575512099,2.2475741768574142,1.0,0.033412414780696065,2.2975029740470645,0.6072678919891701,0.17842449097624777,0.5647448506939278,0.44677293102407517
"frozenset({'surface_stoniness_class=1', 'rooting_depth_class=1'})","frozenset({'landslide_surface_class=1', 'descending_soil_presence=0', 'usda_hydrologic_group=C'})",0.31161447962998273,0.08594564152139883,0.0601943211398518,0.1931692044969404,2.2475741768574142,1.0,0.033412414780696065,1.1328947327905197,0.8063444785103149,0.17842449097624777,0.11730545561208192,0.44677293102407517
"frozenset({'landslide_surface_class=1', 'ascending_soil_presence=0', 'usda_hydrologic_group=C'})","frozenset({'surface_stoniness_class=1', 'rooting_depth_class=1'})",0.08575052216600222,0.31161447962998273,0.0600125053768686,0.6998500284428816,2.245884174810803,1.0,0.03329140103411052,2.2934718827351874,0.6067720863767535,0.1778925782790441,0.5639798300873855,0.4462178845786345
"frozenset({'surface_stoniness_class=1', 'rooting_depth_class=1'})","frozenset({'landslide_surface_class=1', 'ascending_soil_presence=0', 'usda_hydrologic_group=C'})",0.31161447962998273,0.08575052216600222,0.0600125053768686,0.19258574071438736,2.245884174810803,1.0,0.03329140103411052,1.1323177257767423,0.8058581226926603,0.1778925782790441,0.11685565169968129,0.4462178845786345
"frozenset({'surface_stoniness_class=2', 'rooting_depth_class=4'})","frozenset({'pai_landslide_hazard_level=Moderata P1', 'descending_soil_presence=0'})",0.08770615025077272,0.33403103284656965,0.0657640918302639,0.7498230356962281,2.2447705810634786,1.0,0.03646751587500186,2.6619915586824057,0.6078306651467882,0.1847445591917581,0.6243414083195044,0.473351610778748
"frozenset({'pai_landslide_hazard_level=Moderata P1', 'descending_soil_presence=0'})","frozenset({'surface_stoniness_class=2', 'rooting_depth_class=4'})",0.33403103284656965,0.08770615025077272,0.0657640918302639,0.19688018586126785,2.2447705810634786,1.0,0.03646751587500186,1.1359374201563857,0.8326516772584731,0.1847445591917581,0.11966981432627773,0.473351610778748
"frozenset({'usda_hydrologic_group=D', 'landslide_surface_class=3'})","frozenset({'hydraulic_hazard_level=0', 'rooting_depth_class=1'})",0.10947969650071174,0.24734482468082464,0.060686554059147774,0.5543178872326637,2.2410733191929895,1.0,0.03360731772206934,1.688771332207562,0.6218670532486948,0.2049266247379455,0.40785351993582225,0.39983495702687744
"frozenset({'hydraulic_hazard_level=0', 'rooting_depth_class=1'})","frozenset({'usda_hydrologic_group=D', 'landslide_surface_class=3'})",0.24734482468082464,0.10947969650071174,0.060686554059147774,0.24535202682109114,2.241073319192989,1.0,0.03360731772206934,1.1800473003962701,0.7357754987340576,0.2049266247379455,0.15257634192782668,0.39983495702687744
"frozenset({'landslide_surface_class=1', 'usda_hydrologic_group=C'})","frozenset({'ascending_soil_presence=0', 'surface_stoniness_class=1', 'rooting_depth_class=1'})",0.08781257899007995,0.3051711063710904,0.0600125053768686,0.6834158165841835,2.2394512531377875,1.0,0.033214643493167134,2.194768184980008,0.6067415803110909,0.18023333244546252,0.5443710151971659,0.4400339033223895
"frozenset({'ascending_soil_presence=0', 'surface_stoniness_class=1', 'rooting_depth_class=1'})","frozenset({'landslide_surface_class=1', 'usda_hydrologic_group=C'})",0.3051711063710904,0.08781257899007995,0.0600125053768686,0.1966519900605955,2.2394512531377875,1.0,0.033214643493167134,1.1354822688597002,0.7965443614079862,0.18023333244546252,0.11931693922068667,0.4400339033223895
"frozenset({'ascending_soil_presence=0', 'pai_landslide_hazard_level=Moderata P1'})","frozenset({'surface_stoniness_class=2', 'rooting_depth_class=4'})",0.334403533434145,0.08770615025077272,0.065679835744979,0.1964089167075548,2.2393973073265108,1.0,0.03635058919721458,1.1352712451853109,0.8315117467084522,0.1842714243057629,0.11915323827587183,0.47263564452022494
"frozenset({'surface_stoniness_class=2', 'rooting_depth_class=4'})","frozenset({'ascending_soil_presence=0', 'pai_landslide_hazard_level=Moderata P1'})",0.08770615025077272,0.334403533434145,0.065679835744979,0.7488623723328951,2.2393973073265108,1.0,0.03635058919721458,2.650325531656831,0.6066590064914738,0.1842714243057629,0.6226878592627609,0.47263564452022494
"frozenset({'landslide_surface_class=2', 'usda_hydrologic_group=B', 'rooting_depth_class=4'})","frozenset({'pai_landslide_hazard_level=Moderata P1', 'descending_soil_presence=0'})",0.08382150126605854,0.33403103284656965,0.06264661667472272,0.7473812294995238,2.237460463270244,1.0,0.03464763403207115,2.6362608203422275,0.6036648197872183,0.17636704119850186,0.620674861802868,0.4674642622771432
"frozenset({'pai_landslide_hazard_level=Moderata P1', 'descending_soil_presence=0'})","frozenset({'landslide_surface_class=2', 'usda_hydrologic_group=B', 'rooting_depth_class=4'})",0.33403103284656965,0.08382150126605854,0.06264661667472272,0.1875472950547627,2.237460463270244,1.0,0.03464763403207115,1.127669947010264,0.8304662163090404,0.17636704119850186,0.11321570407081356,0.4674642622771432
"frozenset({'surface_stoniness_class=1', 'usda_hydrologic_group=D', 'landslide_surface_class=3'})","frozenset({'hydraulic_hazard_level=0', 'rooting_depth_class=1'})",0.10764380074766189,0.24734482468082464,0.059453754495505606,0.5523193540413612,2.2329933717193304,1.0,0.03282861747159756,1.6812323295939695,0.6187782828453665,0.20117339895564493,0.4051982094339646,0.39634362380878324
"frozenset({'hydraulic_hazard_level=0', 'rooting_depth_class=1'})","frozenset({'surface_stoniness_class=1', 'usda_hydrologic_group=D', 'landslide_surface_class=3'})",0.24734482468082464,0.10764380074766189,0.059453754495505606,0.24036789357620528,2.23299337171933,1.0,0.03282861747159756,1.1747215417913066,0.7336302928171892,0.20117339895564493,0.1487344324382421,0.39634362380878324
"frozenset({'ascending_soil_presence=0', 'pai_landslide_hazard_level=Moderata P1'})","frozenset({'landslide_surface_class=2', 'usda_hydrologic_group=B', 'rooting_depth_class=4'})",0.334403533434145,0.08382150126605854,0.06258896777426465,0.18716598814465119,2.232911428662749,1.0,0.034558761573140015,1.1271409480549441,0.8295630010360955,0.17599162063418836,0.11279951125397882,0.4669297298674796
"frozenset({'landslide_surface_class=2', 'usda_hydrologic_group=B', 'rooting_depth_class=4'})","frozenset({'ascending_soil_presence=0', 'pai_landslide_hazard_level=Moderata P1'})",0.08382150126605854,0.334403533434145,0.06258896777426465,0.746693471590308,2.232911428662749,1.0,0.034558761573140015,2.6276325002146605,0.6026709893829735,0.17599162063418836,0.6194292771465163,0.4669297298674796
"frozenset({'landslide_surface_class=2', 'usda_hydrologic_group=C'})","frozenset({'is_locality_1ring=0', 'rooting_depth_class=4'})",0.12555043613610462,0.19397524644904945,0.05431856782393139,0.4326434020909862,2.2304052192794948,1.0,0.02996489103264485,1.4206669253896853,0.6308551118625848,0.20481565086531228,0.29610524315845344,0.3563358750658854
"frozenset({'is_locality_1ring=0', 'rooting_depth_class=4'})","frozenset({'landslide_surface_class=2', 'usda_hydrologic_group=C'})",0.19397524644904945,0.12555043613610462,0.05431856782393139,0.2800283480407846,2.2304052192794943,1.0,0.02996489103264485,1.2145611031827552,0.6844094737776253,0.20481565086531228,0.17665731482796398,0.3563358750658854
"frozenset({'pai_landslide_hazard_level=Moderata P1', 'is_locality_1ring=0'})","frozenset({'landslide_surface_class=2', 'usda_hydrologic_group=B', 'rooting_depth_class=4'})",0.30103812366132604,0.08382150126605854,0.05627863043950635,0.1869485158724313,2.2303169598339263,1.0,0.03104516297589662,1.1268394641909196,0.7892179155487941,0.1712778017706759,0.11256214236514285,0.4291794743154348
"frozenset({'landslide_surface_class=2', 'usda_hydrologic_group=B', 'rooting_depth_class=4'})","frozenset({'pai_landslide_hazard_level=Moderata P1', 'is_locality_1ring=0'})",0.08382150126605854,0.30103812366132604,0.05627863043950635,0.6714104327584383,2.2303169598339263,1.0,0.03104516297589662,2.1271578468126897,0.6021023587154458,0.1712778017706759,0.5298891422193284,0.4291794743154348
"frozenset({'usda_hydrologic_group=D', 'landslide_surface_class=3'})","frozenset({'surface_stoniness_class=1', 'is_locality_1ring=0'})",0.10947969650071174,0.4025755754912351,0.09822485731897136,0.897197018794556,2.2286424547732895,1.0,0.05415100549559158,5.81135310964239,0.619072186933056,0.2373553364766395,0.8279230359723337,0.5705940591758685
"frozenset({'surface_stoniness_class=1', 'is_locality_1ring=0'})","frozenset({'usda_hydrologic_group=D', 'landslide_surface_class=3'})",0.4025755754912351,0.10947969650071174,0.09822485731897136,0.24399109955718093,2.2286424547732895,1.0,0.05415100549559158,1.1779230416172104,0.9227884384688477,0.2373553364766395,0.151048103595065,0.5705940591758685
"frozenset({'rooting_depth_class=2', 'is_locality_1ring=0'})","frozenset({'usda_hydrologic_group=C', 'landslide_surface_class=4'})",0.26021826760619593,0.09131142379480539,0.05290838702811049,0.20332310838445805,2.2266995731154604,1.0,0.02914748651557105,1.1405986363712768,0.7446856503113531,0.17717552717552718,0.12326740703336282,0.39137550689000955
"frozenset({'usda_hydrologic_group=C', 'landslide_surface_class=4'})","frozenset({'rooting_depth_class=2', 'is_locality_1ring=0'})",0.09131142379480539,0.26021826760619593,0.05290838702811049,0.5794279053955611,2.2266995731154604,1.0,0.02914748651557105,1.75898910527954,0.6062636363018802,0.17717552717552718,0.4314916465380386,0.39137550689000955
"frozenset({'surface_stoniness_class=1', 'pai_landslide_hazard_level=Media P2'})","frozenset({'ascending_soil_presence=0', 'landslide_surface_class=3'})",0.09701866494015601,0.33719728784096,0.07248684052983774,0.7471432489258616,2.2157451316104706,1.0,0.0397724098420663,2.621257725346254,0.6076366517580946,0.20038984443000574,0.6185037471399706,0.4810559417211798
"frozenset({'ascending_soil_presence=0', 'landslide_surface_class=3'})","frozenset({'surface_stoniness_class=1', 'pai_landslide_hazard_level=Media P2'})",0.33719728784096,0.09701866494015601,0.07248684052983774,0.2149686345164981,2.2157451316104706,1.0,0.0397724098420663,1.1502487349708588,0.8278248488883075,0.20038984443000574,0.13062282131061448,0.4810559417211798
"frozenset({'surface_stoniness_class=1', 'pai_landslide_hazard_level=Media P2'})","frozenset({'landslide_surface_class=3', 'descending_soil_presence=0'})",0.09701866494015601,0.3363724651113289,0.07229172117444113,0.745132096169668,2.2151994394756787,1.0,0.03965731368671079,2.603809757585068,0.6075135295815725,0.20019894632133514,0.6159473644005924,0.4800238941818902
"frozenset({'landslide_surface_class=3', 'descending_soil_presence=0'})","frozenset({'surface_stoniness_class=1', 'pai_landslide_hazard_level=Media P2'})",0.3363724651113289,0.09701866494015601,0.07229172117444113,0.21491569219411227,2.2151994394756787,1.0,0.03965731368671079,1.150171167709935,0.8266284160444217,0.20019894632133514,0.13056419072731196,0.4800238941818902
"frozenset({'landslide_surface_class=2', 'usda_hydrologic_group=C'})","frozenset({'descending_soil_presence=0', 'surface_stoniness_class=3'})",0.12555043613610462,0.20734535682452118,0.057577947965215544,0.4586041254591693,2.2117887397270795,1.0,0.03154564798510068,1.4640943539655635,0.6265395695732016,0.20913264073447696,0.31698391070803855,0.3681475831864146
"frozenset({'descending_soil_presence=0', 'surface_stoniness_class=3'})","frozenset({'landslide_surface_class=2', 'usda_hydrologic_group=C'})",0.20734535682452118,0.12555043613610462,0.057577947965215544,0.27769104091366,2.2117887397270795,1.0,0.03154564798510068,1.2106309258160115,0.6911928897077932,0.20913264073447696,0.17398442524837882,0.3681475831864146
"frozenset({'landslide_surface_class=2', 'surface_stoniness_class=2', 'usda_hydrologic_group=B'})","frozenset({'hydraulic_hazard_level=0', 'pai_landslide_hazard_level=Moderata P1'})",0.08807865083834805,0.2980802916147457,0.05805687729209811,0.6591481220420904,2.2113106454351144,1.0,0.031802367365169955,2.0593100809376543,0.6006872227485549,0.17694761312645296,0.5144004736068327,0.42695869013824594
"frozenset({'hydraulic_hazard_level=0', 'pai_landslide_hazard_level=Moderata P1'})","frozenset({'landslide_surface_class=2', 'surface_stoniness_class=2', 'usda_hydrologic_group=B'})",0.2980802916147457,0.08807865083834805,0.05805687729209811,0.1947692582344015,2.2113106454351144,1.0,0.031802367365169955,1.132496937663007,0.7804019406338917,0.17694761312645296,0.11699540480561874,0.42695869013824594
"frozenset({'hydraulic_hazard_level=0', 'usda_hydrologic_group=C'})","frozenset({'surface_stoniness_class=2', 'landslide_surface_class=3'})",0.3509310297423981,0.07986589978847287,0.06195482986922569,0.17654417711281845,2.2105075830911662,1.0,0.033927407415153724,1.1174055421520663,0.8436934117342335,0.16797114517583409,0.1050697689631549,0.4761399397501905
"frozenset({'surface_stoniness_class=2', 'landslide_surface_class=3'})","frozenset({'hydraulic_hazard_level=0', 'usda_hydrologic_group=C'})",0.07986589978847287,0.3509310297423981,0.06195482986922569,0.7757357023875625,2.2105075830911662,1.0,0.033927407415153724,2.894214447719587,0.5951471789183469,0.16797114517583409,0.6544831013514146,0.4761399397501905
"frozenset({'surface_stoniness_class=1', 'is_locality_1ring=0'})","frozenset({'usda_hydrologic_group=D', 'rooting_depth_class=1'})",0.4025755754912351,0.1314306239828295,0.11677006514325752,0.290057500385539,2.2069247759444024,1.0,0.0638593060561978,1.2234362310875218,0.9153974503744351,0.2798656576821699,0.18263005901738547,0.5892557560636109
"frozenset({'usda_hydrologic_group=D', 'rooting_depth_class=1'})","frozenset({'surface_stoniness_class=1', 'is_locality_1ring=0'})",0.1314306239828295,0.4025755754912351,0.11677006514325752,0.8884540117416829,2.2069247759444024,1.0,0.0638593060561978,5.355857560069802,0.6296339821402205,0.2798656576821699,0.813288537123275,0.5892557560636109
"frozenset({'surface_stoniness_class=1', 'is_locality_1ring=0'})","frozenset({'usda_hydrologic_group=D', 'landslide_surface_class=3', 'rooting_depth_class=1'})",0.4025755754912351,0.07096579646390513,0.06304572444712488,0.156605935097266,2.2067804900480397,1.0,0.03447662809547441,1.1015422590663326,0.9153478603591803,0.1535843920145191,0.09218190063121134,0.5225009304305926
"frozenset({'usda_hydrologic_group=D', 'landslide_surface_class=3', 'rooting_depth_class=1'})","frozenset({'surface_stoniness_class=1', 'is_locality_1ring=0'})",0.07096579646390513,0.4025755754912351,0.06304572444712488,0.8883959257639193,2.2067804900480392,1.0,0.03447662809547441,5.353070025427644,0.5886232892384207,0.1535843920145191,0.8131913097998167,0.5225009304305926
"frozenset({'surface_stoniness_class=1', 'pai_landslide_hazard_level=Media P2'})","frozenset({'landslide_surface_class=3', 'is_locality_1ring=0'})",0.09701866494015601,0.3071577761714922,0.06573748464543709,0.6775756467684432,2.205953094249971,1.0,0.03593744727529165,2.1488520233796558,0.6054180558330077,0.19423734587717345,0.5346352428552864,0.4457971354465907
"frozenset({'landslide_surface_class=3', 'is_locality_1ring=0'})","frozenset({'surface_stoniness_class=1', 'pai_landslide_hazard_level=Media P2'})",0.3071577761714922,0.09701866494015601,0.06573748464543709,0.21401862412473832,2.205953094249971,1.0,0.03593744727529165,1.1488584370772046,0.789041408741767,0.19423734587717345,0.12957073932965432,0.4457971354465907
"frozenset({'landslide_surface_class=2', 'usda_hydrologic_group=C'})","frozenset({'ascending_soil_presence=0', 'surface_stoniness_class=3'})",0.12555043613610462,0.20816131049254333,0.057595686088433413,0.4587454083074315,2.2037976568362567,1.0,0.03146094276943151,1.462969001392268,0.6246647671317289,0.2085923070746005,0.3164585175432103,0.3677165826394745
"frozenset({'ascending_soil_presence=0', 'surface_stoniness_class=3'})","frozenset({'landslide_surface_class=2', 'usda_hydrologic_group=C'})",0.20816131049254333,0.12555043613610462,0.057595686088433413,0.27668775697151743,2.2037976568362567,1.0,0.03146094276943151,1.208951697267844,0.689834735808698,0.2085923070746005,0.17283709327681332,0.3677165826394745
"frozenset({'rooting_depth_class=2', 'landslide_surface_class=4'})","frozenset({'ascending_soil_presence=0', 'usda_hydrologic_group=C'})",0.06835385782007335,0.41793679019791313,0.06292599211540423,0.920591669910471,2.202705508348587,1.0,0.034358400180438245,7.330001892066479,0.5860732132884343,0.1486330784539646,0.8635743871932235,0.5355775445238113
"frozenset({'ascending_soil_presence=0', 'usda_hydrologic_group=C'})","frozenset({'rooting_depth_class=2', 'landslide_surface_class=4'})",0.41793679019791313,0.06835385782007335,0.06292599211540423,0.1505634191371517,2.202705508348587,1.0,0.034358400180438245,1.0967812820511813,0.938064524608622,0.1486330784539646,0.08824118685740387,0.5355775445238113
"frozenset({'surface_stoniness_class=3', 'landslide_surface_class=4'})","frozenset({'usda_hydrologic_group=C', 'is_locality_1ring=0'})",0.0627486108832255,0.36689977516928823,0.05056695476335126,0.8058657243816254,2.196419237405631,1.0,0.027544503538110672,3.261146043449061,0.5811818671890453,0.13339338355715688,0.6933593323706602,0.4718439902230111
"frozenset({'usda_hydrologic_group=C', 'is_locality_1ring=0'})","frozenset({'surface_stoniness_class=3', 'landslide_surface_class=4'})",0.36689977516928823,0.0627486108832255,0.05056695476335126,0.1378222560643968,2.1964192374056304,1.0,0.027544503538110672,1.087074441098979,0.8603906474651268,0.13339338355715688,0.08009979611971285,0.4718439902230111
"frozenset({'descending_soil_presence=0', 'usda_hydrologic_group=C'})","frozenset({'rooting_depth_class=2', 'landslide_surface_class=4'})",0.41668625251105307,0.06835385782007335,0.062322895925996546,0.149567919628794,2.1881415972526232,1.0,0.033840783066276844,1.0954974108846782,0.9308732849380449,0.14743401451890392,0.08717264863963337,0.5306682208757698
"frozenset({'rooting_depth_class=2', 'landslide_surface_class=4'})","frozenset({'descending_soil_presence=0', 'usda_hydrologic_group=C'})",0.06835385782007335,0.41668625251105307,0.062322895925996546,0.9117685221227455,2.1881415972526232,1.0,0.033840783066276844,6.611175076319576,0.5828298531930062,0.14743401451890392,0.8487409592915065,0.5306682208757698
"frozenset({'surface_stoniness_class=1', 'is_locality_1ring=0'})","frozenset({'landslide_surface_class=1', 'usda_hydrologic_group=C', 'rooting_depth_class=1'})",0.4025755754912351,0.06361777892090127,0.055866219074690804,0.13877200326055827,2.1813399589617783,1.0,0.030255255114134808,1.087264028369011,0.9065015798073611,0.13615043769588242,0.08026019999936385,0.5084630962908117
"frozenset({'landslide_surface_class=1', 'usda_hydrologic_group=C', 'rooting_depth_class=1'})","frozenset({'surface_stoniness_class=1', 'is_locality_1ring=0'})",0.06361777892090127,0.4025755754912351,0.055866219074690804,0.8781541893210651,2.1813399589617783,1.0,0.030255255114134808,4.903118303205231,0.57836017434055,0.13615043769588242,0.7960481599339981,0.5084630962908117
"frozenset({'ascending_soil_presence=0', 'surface_stoniness_class=1'})","frozenset({'usda_hydrologic_group=D', 'landslide_surface_class=3'})",0.4434264732619965,0.10947969650071174,0.10565269641645565,0.23826429585775144,2.176333178419091,1.0,0.057106500703351305,1.169067300714304,0.9711412870338677,0.2362255470616814,0.14461725224116986,0.6016540209036003
"frozenset({'usda_hydrologic_group=D', 'landslide_surface_class=3'})","frozenset({'ascending_soil_presence=0', 'surface_stoniness_class=1'})",0.10947969650071174,0.4434264732619965,0.10565269641645565,0.9650437459494491,2.176333178419091,1.0,0.057106500703351305,15.922001423068147,0.6069614908962662,0.2362255470616814,0.9371938254853328,0.6016540209036003
"frozenset({'surface_stoniness_class=1', 'descending_soil_presence=0'})","frozenset({'usda_hydrologic_group=D', 'landslide_surface_class=3'})",0.44283224613419775,0.10947969650071174,0.10548861877669033,0.23821349889845786,2.1758691932152847,1.0,0.05700747886918988,1.168989345717727,0.9699296942641062,0.23608574831282259,0.144560210353305,0.6008792705120934
"frozenset({'usda_hydrologic_group=D', 'landslide_surface_class=3'})","frozenset({'surface_stoniness_class=1', 'descending_soil_presence=0'})",0.10947969650071174,0.44283224613419775,0.10548861877669033,0.9635450421257291,2.1758691932152843,1.0,0.05700747886918988,15.283730563821033,0.6068514631697088,0.23608574831282259,0.9345709481187039,0.6008792705120934
"frozenset({'surface_stoniness_class=1', 'rooting_depth_class=1'})","frozenset({'usda_hydrologic_group=D', 'hydraulic_hazard_level=0'})",0.31161447962998273,0.1372664665215097,0.09291672394602289,0.29817845453251746,2.1722599997559695,1.0,0.0501425054102762,1.2292776405201757,0.7839356491404108,0.2610282667463966,0.18651412257295738,0.48754306198875014
"frozenset({'usda_hydrologic_group=D', 'hydraulic_hazard_level=0'})","frozenset({'surface_stoniness_class=1', 'rooting_depth_class=1'})",0.1372664665215097,0.31161447962998273,0.09291672394602289,0.6769076694449828,2.1722599997559695,1.0,0.0501425054102762,2.130615478205531,0.6255117354651702,0.2610282667463966,0.5306520532544753,0.48754306198875014
"frozenset({'rooting_depth_class=2', 'is_locality_1ring=0'})","frozenset({'usda_hydrologic_group=C', 'surface_stoniness_class=3'})",0.26021826760619593,0.13811789643596759,0.07786149186485324,0.29921608725289706,2.1663817287545766,1.0,0.04192069212887377,1.2298828324774431,0.7277833583464469,0.24295677201527646,0.18691441689154517,0.43147409384156443
"frozenset({'usda_hydrologic_group=C', 'surface_stoniness_class=3'})","frozenset({'rooting_depth_class=2', 'is_locality_1ring=0'})",0.13811789643596759,0.26021826760619593,0.07786149186485324,0.5637321004302318,2.1663817287545766,1.0,0.04192069212887377,1.6957051690563307,0.6246803726617993,0.24295677201527646,0.41027484125881064,0.43147409384156443
"frozenset({'usda_hydrologic_group=D', 'rooting_depth_class=1'})","frozenset({'surface_stoniness_class=1', 'hydraulic_hazard_level=0'})",0.1314306239828295,0.3268204857585043,0.09291672394602289,0.7069640326607732,2.1631570341131137,1.0,0.04996250357241123,2.297259003234248,0.6190785978655937,0.2543333657020781,0.5646986262358196,0.4956345557135533
"frozenset({'surface_stoniness_class=1', 'hydraulic_hazard_level=0'})","frozenset({'usda_hydrologic_group=D', 'rooting_depth_class=1'})",0.3268204857585043,0.1314306239828295,0.09291672394602289,0.2843050787663333,2.1631570341131137,1.0,0.04996250357241123,1.2136028218839237,0.7987657082220792,0.2543333657020781,0.1760071895287288,0.4956345557135533
"frozenset({'hydraulic_hazard_level=0', 'pai_landslide_hazard_level=Moderata P1'})","frozenset({'landslide_surface_class=2', 'surface_stoniness_class=2'})",0.2980802916147457,0.09205199043915159,0.0591477718699973,0.198428992234223,2.1556187029479714,1.0,0.031708887716177206,1.1327106404354328,0.763756962474133,0.17870253758139287,0.11716199680477661,0.420488221909577
"frozenset({'landslide_surface_class=2', 'surface_stoniness_class=2'})","frozenset({'hydraulic_hazard_level=0', 'pai_landslide_hazard_level=Moderata P1'})",0.09205199043915159,0.2980802916147457,0.0591477718699973,0.6425474515849311,2.155618702947971,1.0,0.031708887716177206,1.9636724132966452,0.5904479758002303,0.17870253758139287,0.4907500898680021,0.420488221909577
"frozenset({'ascending_soil_presence=0', 'surface_stoniness_class=1'})","frozenset({'usda_hydrologic_group=D', 'landslide_surface_class=3', 'rooting_depth_class=1'})",0.4434264732619965,0.07096579646390513,0.06780841053112376,0.15291917515050904,2.1548292666353333,1.0,0.036340297682905635,1.096748003593595,0.9629026252213667,0.1518380235537108,0.08821352149864077,0.5542137586681747
"frozenset({'usda_hydrologic_group=D', 'landslide_surface_class=3', 'rooting_depth_class=1'})","frozenset({'ascending_soil_presence=0', 'surface_stoniness_class=1'})",0.07096579646390513,0.4434264732619965,0.06780841053112376,0.9555083421858402,2.1548292666353333,1.0,0.036340297682905635,12.50961537694984,0.5768637020950287,0.1518380235537108,0.9200614911116618,0.5542137586681747
"frozenset({'usda_hydrologic_group=D', 'landslide_surface_class=3', 'rooting_depth_class=1'})","frozenset({'surface_stoniness_class=1', 'descending_soil_presence=0'})",0.07096579646390513,0.44283224613419775,0.06770641632262099,0.9540711116665627,2.1544752442834456,1.0,0.03628047327580757,12.131096006958451,0.5767816207232686,0.15177692728266814,0.9175672173869209,0.553482581669452
"frozenset({'surface_stoniness_class=1', 'descending_soil_presence=0'})","frozenset({'usda_hydrologic_group=D', 'landslide_surface_class=3', 'rooting_depth_class=1'})",0.44283224613419775,0.07096579646390513,0.06770641632262099,0.1528940516723413,2.1544752442834456,1.0,0.03628047327580757,1.0967154762284193,0.9617388118838676,0.15177692728266814,0.08818647892252018,0.553482581669452
"frozenset({'surface_stoniness_class=1', 'descending_soil_presence=0'})","frozenset({'usda_hydrologic_group=D', 'rooting_depth_class=1'})",0.44283224613419775,0.1314306239828295,0.1253686203731214,0.2831063488884438,2.1540364057423154,1.0,0.06716690194398586,1.2115735362845497,0.9615690953155877,0.2792831951949578,0.1746270696315868,0.6184915643490737
"frozenset({'usda_hydrologic_group=D', 'rooting_depth_class=1'})","frozenset({'surface_stoniness_class=1', 'descending_soil_presence=0'})",0.1314306239828295,0.44283224613419775,0.1253686203731214,0.9538767798097035,2.154036405742315,1.0,0.06716690194398586,12.079983825219141,0.6168249857949933,0.2792831951949578,0.9172184322041625,0.6184915643490737
"frozenset({'usda_hydrologic_group=D', 'rooting_depth_class=1'})","frozenset({'ascending_soil_presence=0', 'surface_stoniness_class=1'})",0.1314306239828295,0.4434264732619965,0.12549278723564652,0.9548215129225992,2.1532803531070352,1.0,0.06721296916431685,12.319437031710892,0.6166373162065525,0.2792673660110723,0.9188274596131344,0.6189142466707122
"frozenset({'ascending_soil_presence=0', 'surface_stoniness_class=1'})","frozenset({'usda_hydrologic_group=D', 'rooting_depth_class=1'})",0.4434264732619965,0.1314306239828295,0.12549278723564652,0.2830069804188251,2.1532803531070352,1.0,0.06721296916431685,1.2114056236203492,0.9623028463201556,0.2792673660110723,0.17451266487318468,0.6189142466707122
"frozenset({'surface_stoniness_class=1', 'usda_hydrologic_group=D'})","frozenset({'hydraulic_hazard_level=0', 'rooting_depth_class=1'})",0.1744677454401937,0.24734482468082464,0.09291672394602289,0.5325725033678164,2.153158062049818,1.0,0.04976303003765944,1.610207317160539,0.6487522558263752,0.2825110898377985,0.37896195766678464,0.4541145680150124
"frozenset({'hydraulic_hazard_level=0', 'rooting_depth_class=1'})","frozenset({'surface_stoniness_class=1', 'usda_hydrologic_group=D'})",0.24734482468082464,0.1744677454401937,0.09291672394602289,0.37565663266220845,2.153158062049818,1.0,0.04976303003765944,1.322240769658348,0.7115687634460129,0.2825110898377985,0.2437080878557477,0.4541145680150124
"frozenset({'surface_stoniness_class=1', 'usda_hydrologic_group=C'})","frozenset({'hydraulic_hazard_level=0', 'rooting_depth_class=1'})",0.13137297508237142,0.24734482468082464,0.06993698531726851,0.5323544303797468,2.1522764062951407,1.0,0.03744255982772101,1.6094564435419785,0.6163470014856682,0.226493946661688,0.378672219423801,0.4075526925371671
"frozenset({'hydraulic_hazard_level=0', 'rooting_depth_class=1'})","frozenset({'surface_stoniness_class=1', 'usda_hydrologic_group=C'})",0.24734482468082464,0.13137297508237142,0.06993698531726851,0.2827509546945874,2.1522764062951403,1.0,0.03744255982772101,1.2110535811835867,0.7113159914038492,0.226493946661688,0.17427270309321893,0.4075526925371671
"frozenset({'surface_stoniness_class=1', 'pai_landslide_hazard_level=Media P2'})","frozenset({'hydraulic_hazard_level=0', 'landslide_surface_class=3'})",0.09701866494015601,0.3146255260462167,0.06568427027578347,0.6770271505622085,2.1518506748964707,1.0,0.03515972178268524,2.122080772878696,0.5927960170996024,0.18986092418124717,0.5287644029480293,0.4428984150956189
"frozenset({'hydraulic_hazard_level=0', 'landslide_surface_class=3'})","frozenset({'surface_stoniness_class=1', 'pai_landslide_hazard_level=Media P2'})",0.3146255260462167,0.09701866494015601,0.06568427027578347,0.2087696796290293,2.1518506748964707,1.0,0.03515972178268524,1.1412370226617181,0.7810091552590458,0.18986092418124717,0.12375783457524857,0.4428984150956189
"frozenset({'landslide_surface_class=1', 'rooting_depth_class=1'})","frozenset({'surface_stoniness_class=1', 'is_locality_1ring=0'})",0.13295610257956658,0.4025755754912351,0.11513372327640874,0.865952905076379,2.1510319000841434,1.0,0.06160884376536803,4.4568248558402015,0.6171623485620998,0.27386841910950305,0.7756250172834132,0.5759728615179431
"frozenset({'surface_stoniness_class=1', 'is_locality_1ring=0'})","frozenset({'landslide_surface_class=1', 'rooting_depth_class=1'})",0.4025755754912351,0.13295610257956658,0.11513372327640874,0.2859928179595074,2.1510319000841434,1.0,0.06160884376536803,1.214334980416572,0.8956896070635635,0.27386841910950305,0.17650399920378265,0.5759728615179431
"frozenset({'usda_hydrologic_group=C', 'rooting_depth_class=4'})","frozenset({'landslide_surface_class=2', 'ascending_soil_presence=0'})",0.11100074056664434,0.2766748114215775,0.06591930040842028,0.5938636091246854,2.1464317842067597,1.0,0.035208191444488515,1.7809908317240302,0.6007997291880568,0.20487340987086014,0.43851479626541234,0.41605956337370975
"frozenset({'landslide_surface_class=2', 'ascending_soil_presence=0'})","frozenset({'usda_hydrologic_group=C', 'rooting_depth_class=4'})",0.2766748114215775,0.11100074056664434,0.06591930040842028,0.23825551762273406,2.1464317842067597,1.0,0.035208191444488515,1.1670570381539893,0.7384099472128851,0.20487340987086014,0.1431438504652989,0.41605956337370975
"frozenset({'landslide_surface_class=2', 'descending_soil_presence=0'})","frozenset({'usda_hydrologic_group=C', 'rooting_depth_class=4'})",0.2763466561420469,0.11100074056664434,0.06582617526152645,0.23820145385689298,2.145944726502774,1.0,0.03515149177664344,1.166974213765897,0.737928978718807,0.2047335319430652,0.14308303627983426,0.415613051645797
"frozenset({'usda_hydrologic_group=C', 'rooting_depth_class=4'})","frozenset({'landslide_surface_class=2', 'descending_soil_presence=0'})",0.11100074056664434,0.2763466561420469,0.06582617526152645,0.593024649434701,2.145944726502774,1.0,0.03515149177664344,1.7781257337889884,0.6006807849535458,0.2047335319430652,0.4376100739124274,0.415613051645797
"frozenset({'landslide_surface_class=1', 'rooting_depth_class=1'})","frozenset({'surface_stoniness_class=1', 'descending_soil_presence=0'})",0.13295610257956658,0.44283224613419775,0.1260692762402274,0.9482022546861449,2.14122224152303,1.0,0.06719202669766913,10.756602444561787,0.6147059196034818,0.28032895190951856,0.9070338422235203,0.6164454093378652
"frozenset({'surface_stoniness_class=1', 'descending_soil_presence=0'})","frozenset({'landslide_surface_class=1', 'rooting_depth_class=1'})",0.44283224613419775,0.13295610257956658,0.1260692762402274,0.2846885639895854,2.1412222415230295,1.0,0.06719202669766913,1.2121208382411626,0.9565826676121422,0.28032895190951856,0.17499974552781275,0.6164454093378652
"frozenset({'landslide_surface_class=1', 'rooting_depth_class=1'})","frozenset({'ascending_soil_presence=0', 'surface_stoniness_class=1'})",0.13295610257956658,0.4434264732619965,0.12603379999379166,0.9479354279234207,2.137751093095737,1.0,0.06707754432827422,10.690062446290073,0.6138313120662416,0.27985820491359364,0.9064551769436067,0.616081240773319
"frozenset({'ascending_soil_presence=0', 'surface_stoniness_class=1'})","frozenset({'landslide_surface_class=1', 'rooting_depth_class=1'})",0.4434264732619965,0.13295610257956658,0.12603379999379166,0.2842270536232174,2.1377510930957366,1.0,0.06707754432827422,1.2113392966434104,0.9562414804237437,0.27985820491359364,0.17446746525026152,0.616081240773319
"frozenset({'surface_stoniness_class=1', 'descending_soil_presence=0'})","frozenset({'landslide_surface_class=1', 'usda_hydrologic_group=C', 'rooting_depth_class=1'})",0.44283224613419775,0.06361777892090127,0.0601943211398518,0.13593030242339277,2.136671614901878,1.0,0.03202231720624027,1.0836882993412467,0.9547974724426861,0.1348875109309166,0.0772254340958734,0.5410586964507875
"frozenset({'landslide_surface_class=1', 'usda_hydrologic_group=C', 'rooting_depth_class=1'})","frozenset({'surface_stoniness_class=1', 'descending_soil_presence=0'})",0.06361777892090127,0.44283224613419775,0.0601943211398518,0.9461870904781822,2.136671614901878,1.0,0.03202231720624027,10.353793519376701,0.568125228290402,0.1348875109309166,0.9034170424464675,0.5410586964507875
"frozenset({'landslide_surface_class=2', 'usda_hydrologic_group=C'})","frozenset({'hydraulic_hazard_level=0', 'surface_stoniness_class=3'})",0.12555043613610462,0.1994696301157856,0.05343166166303774,0.42557925967787513,2.1335541627607184,1.0,0.02838816260609339,1.3936306851234015,0.6075805158174757,0.19673763960551238,0.2824497833789781,0.3467239576662424
"frozenset({'hydraulic_hazard_level=0', 'surface_stoniness_class=3'})","frozenset({'landslide_surface_class=2', 'usda_hydrologic_group=C'})",0.1994696301157856,0.12555043613610462,0.05343166166303774,0.2678686556546097,2.1335541627607184,1.0,0.02838816260609339,1.1943889175319409,0.6636831493921176,0.19673763960551238,0.16275177597396157,0.3467239576662424
"frozenset({'surface_stoniness_class=1', 'rooting_depth_class=2'})","frozenset({'ascending_soil_presence=0', 'landslide_surface_class=3'})",0.07655773980833958,0.33719728784096,0.055050265406668644,0.7190685820203893,2.132486256412418,1.0,0.029235203180062643,2.3593043345801377,0.5750915067024803,0.15346956940993212,0.5761462455932119,0.4411634549918356
"frozenset({'ascending_soil_presence=0', 'landslide_surface_class=3'})","frozenset({'surface_stoniness_class=1', 'rooting_depth_class=2'})",0.33719728784096,0.07655773980833958,0.055050265406668644,0.163258327963282,2.1324862564124176,1.0,0.029235203180062643,1.1036169119483483,0.8012396313775746,0.15346956940993212,0.09388847781013153,0.4411634549918356
"frozenset({'surface_stoniness_class=1', 'rooting_depth_class=2'})","frozenset({'landslide_surface_class=3', 'descending_soil_presence=0'})",0.07655773980833958,0.3363724651113289,0.05481523527403183,0.7159986098239111,2.1285886452891964,1.0,0.02906331961134893,2.3367052340032672,0.5741616612350912,0.15306602605379166,0.5720470064224619,0.4394792727444737
"frozenset({'landslide_surface_class=3', 'descending_soil_presence=0'})","frozenset({'surface_stoniness_class=1', 'rooting_depth_class=2'})",0.3363724651113289,0.07655773980833958,0.05481523527403183,0.1629599356650363,2.128588645289196,1.0,0.02906331961134893,1.1032234889799977,0.7989498842227474,0.15306602605379166,0.09356534737620081,0.4394792727444737
"frozenset({'landslide_surface_class=1', 'usda_hydrologic_group=C', 'rooting_depth_class=1'})","frozenset({'ascending_soil_presence=0', 'surface_stoniness_class=1'})",0.06361777892090127,0.4434264732619965,0.0600125053768686,0.9433291509828524,2.1273631771314894,1.0,0.031802698033211965,9.821160903546623,0.5659382512574598,0.13424662969833442,0.8981790432087434,0.5393336356350348
"frozenset({'ascending_soil_presence=0', 'surface_stoniness_class=1'})","frozenset({'landslide_surface_class=1', 'usda_hydrologic_group=C', 'rooting_depth_class=1'})",0.4434264732619965,0.06361777892090127,0.0600125053768686,0.13533812028721723,2.1273631771314894,1.0,0.031802698033211965,1.0829461122885857,0.9521374827364688,0.13424662969833442,0.07659301912381947,0.5393336356350348
"frozenset({'landslide_surface_class=1', 'usda_hydrologic_group=C'})","frozenset({'tipo_movimento_<lambda_0>_1ring=0', 'surface_stoniness_class=1'})",0.08781257899007995,0.29325995663028875,0.05469106841150672,0.6228158771841228,2.123767200747777,1.0,0.028939155305282068,1.8737269164288421,0.5800766230677565,0.1675679347826087,0.4663042990779512,0.40465467612816397
"frozenset({'tipo_movimento_<lambda_0>_1ring=0', 'surface_stoniness_class=1'})","frozenset({'landslide_surface_class=1', 'usda_hydrologic_group=C'})",0.29325995663028875,0.08781257899007995,0.05469106841150672,0.18649347507220515,2.123767200747777,1.0,0.028939155305282068,1.1213031402432623,0.7487032944410597,0.1675679347826087,0.10818050524405559,0.40465467612816397
"frozenset({'surface_stoniness_class=1', 'rooting_depth_class=2'})","frozenset({'hydraulic_hazard_level=0', 'landslide_surface_class=3'})",0.07655773980833958,0.3146255260462167,0.05092615175851319,0.6651992585727526,2.1142571199866302,1.0,0.02683913259840497,2.0471115775671485,0.5707131382402386,0.14966961644228388,0.5115068416600764,0.41353100252630925
"frozenset({'hydraulic_hazard_level=0', 'landslide_surface_class=3'})","frozenset({'surface_stoniness_class=1', 'rooting_depth_class=2'})",0.3146255260462167,0.07655773980833958,0.05092615175851319,0.16186274647986582,2.1142571199866302,1.0,0.02683913259840497,1.101779280557271,0.7689528138644686,0.14966961644228388,0.09237719600770836,0.41353100252630925
"frozenset({'landslide_surface_class=2', 'hydraulic_hazard_level=0'})","frozenset({'usda_hydrologic_group=C', 'rooting_depth_class=4'})",0.25927814707564867,0.11100074056664434,0.06078854826765054,0.23445303413833207,2.1121754047899124,1.0,0.032008481929506206,1.1612602480015513,0.7108666631104757,0.1964150105314439,0.1388665876396519,0.3910469796955094
"frozenset({'usda_hydrologic_group=C', 'rooting_depth_class=4'})","frozenset({'landslide_surface_class=2', 'hydraulic_hazard_level=0'})",0.11100074056664434,0.25927814707564867,0.06078854826765054,0.5476409252526867,2.1121754047899124,1.0,0.032008481929506206,1.637464338121473,0.5923002368044331,0.1964150105314439,0.38929967711711083,0.3910469796955094
"frozenset({'rooting_depth_class=2', 'landslide_surface_class=4'})","frozenset({'usda_hydrologic_group=C', 'is_locality_1ring=0'})",0.06835385782007335,0.36689977516928823,0.05290838702811049,0.7740365901128844,2.10966765993722,1.0,0.02782937196197208,2.8017820458055103,0.5645831257215913,0.1383785664578984,0.643084300045009,0.45912025669392
"frozenset({'usda_hydrologic_group=C', 'is_locality_1ring=0'})","frozenset({'rooting_depth_class=2', 'landslide_surface_class=4'})",0.36689977516928823,0.06835385782007335,0.05290838702811049,0.14420392327495557,2.10966765993722,1.0,0.02782937196197208,1.088631003947979,0.8308189926153523,0.1383785664578984,0.08141510174389095,0.45912025669392
"frozenset({'surface_stoniness_class=1', 'usda_hydrologic_group=D'})","frozenset({'is_locality_1ring=0', 'rooting_depth_class=1'})",0.1744677454401937,0.31776960838658463,0.11677006514325752,0.6692931398215693,2.1062213696891257,1.0,0.06132951799863683,2.0629459916414272,0.6362151148884553,0.3109993031688103,0.5152563353322068,0.5183804167945939
"frozenset({'is_locality_1ring=0', 'rooting_depth_class=1'})","frozenset({'surface_stoniness_class=1', 'usda_hydrologic_group=D'})",0.31776960838658463,0.1744677454401937,0.11677006514325752,0.36746769376761845,2.1062213696891257,1.0,0.06132951799863683,1.3051226734599701,0.7698515115059626,0.3109993031688103,0.2337885010081611,0.5183804167945939
"frozenset({'hydraulic_hazard_level=0', 'usda_hydrologic_group=B'})","frozenset({'pai_landslide_hazard_level=Moderata P1', 'rooting_depth_class=4'})",0.31753014372314337,0.09934679361250183,0.06606563992496774,0.20806100217864923,2.094290058219521,1.0,0.03452003827075657,1.1372759882582162,0.7656180232980024,0.1883224411887396,0.12070595851448516,0.43653061268152205
"frozenset({'pai_landslide_hazard_level=Moderata P1', 'rooting_depth_class=4'})","frozenset({'hydraulic_hazard_level=0', 'usda_hydrologic_group=B'})",0.09934679361250183,0.31753014372314337,0.06606563992496774,0.6650002231843949,2.094290058219521,1.0,0.03452003827075657,2.0372248088168443,0.5801469629125519,0.1883224411887396,0.5091361563671668,0.43653061268152205
"frozenset({'landslide_surface_class=2', 'hydraulic_hazard_level=0'})","frozenset({'pai_landslide_hazard_level=Moderata P1', 'usda_hydrologic_group=B'})",0.25927814707564867,0.17169616368740107,0.09229588963339734,0.35597249777656154,2.0732699562505283,1.0,0.04777882645253072,1.2861311565934148,0.69887251427744,0.272517774606209,0.22247432163240063,0.4467630452104049
"frozenset({'pai_landslide_hazard_level=Moderata P1', 'usda_hydrologic_group=B'})","frozenset({'landslide_surface_class=2', 'hydraulic_hazard_level=0'})",0.17169616368740107,0.25927814707564867,0.09229588963339734,0.5375535926442482,2.0732699562505283,1.0,0.04777882645253072,1.6017463670217837,0.6249761513094316,0.272517774606209,0.37568143085015654,0.4467630452104049
"frozenset({'usda_hydrologic_group=D', 'landslide_surface_class=3'})","frozenset({'surface_stoniness_class=1', 'is_locality_1ring=0', 'rooting_depth_class=1'})",0.10947969650071174,0.2782313317339459,0.06304572444712488,0.5758668178872327,2.0697410830707446,1.0,0.03258504269190364,1.7017500603717264,0.5803885408782383,0.1941868247442394,0.41236964035625634,0.4012307217484361
"frozenset({'surface_stoniness_class=1', 'is_locality_1ring=0', 'rooting_depth_class=1'})","frozenset({'usda_hydrologic_group=D', 'landslide_surface_class=3'})",0.2782313317339459,0.10947969650071174,0.06304572444712488,0.2265946256096395,2.0697410830707446,1.0,0.03258504269190364,1.1514276122030365,0.7160850869462797,0.1941868247442394,0.13151292412842933,0.4012307217484361
"frozenset({'tipo_movimento_<lambda_0>_1ring=0', 'rooting_depth_class=1'})","frozenset({'surface_stoniness_class=1', 'usda_hydrologic_group=D'})",0.2422007689476415,0.1744677454401937,0.08708975046895163,0.35957668857681674,2.0609923494430498,1.0,0.04483352836677535,1.2890415446078376,0.6793314366626517,0.2642456371684988,0.22422981308625864,0.42937531020356484
"frozenset({'surface_stoniness_class=1', 'usda_hydrologic_group=D'})","frozenset({'tipo_movimento_<lambda_0>_1ring=0', 'rooting_depth_class=1'})",0.1744677454401937,0.2422007689476415,0.08708975046895163,0.49917393183031294,2.0609923494430498,1.0,0.04483352836677535,1.5130986168946887,0.6235938541337231,0.2642456371684988,0.3391045442548311,0.42937531020356484
"frozenset({'is_locality_1ring=0', 'rooting_depth_class=1'})","frozenset({'landslide_surface_class=1', 'usda_hydrologic_group=C'})",0.31776960838658463,0.08781257899007995,0.05743604297947256,0.18074743922520864,2.0583319759419365,1.0,0.029531874142378824,1.1134385959651287,0.7536599459949934,0.1649768176491568,0.1018813218584364,0.4174113925749314
"frozenset({'landslide_surface_class=1', 'usda_hydrologic_group=C'})","frozenset({'is_locality_1ring=0', 'rooting_depth_class=1'})",0.08781257899007995,0.31776960838658463,0.05743604297947256,0.6540753459246541,2.0583319759419365,1.0,0.029531874142378824,1.9721936079896134,0.563666751214626,0.1649768176491568,0.49295038988623147,0.4174113925749314
"frozenset({'surface_stoniness_class=1', 'usda_hydrologic_group=D'})","frozenset({'ascending_soil_presence=0', 'rooting_depth_class=1'})",0.1744677454401937,0.35169376904076666,0.12549278723564652,0.7192893271992477,2.045214873044484,1.0,0.06413356826573977,2.309517570140268,0.6190597846545453,0.31320834071188236,0.567009139515113,0.5380566775200354
"frozenset({'ascending_soil_presence=0', 'rooting_depth_class=1'})","frozenset({'surface_stoniness_class=1', 'usda_hydrologic_group=D'})",0.35169376904076666,0.1744677454401937,0.12549278723564652,0.35682402784082307,2.045214873044484,1.0,0.06413356826573977,1.2835247122003786,0.7882907726754687,0.31320834071188236,0.22089540583470738,0.5380566775200354
"frozenset({'surface_stoniness_class=1', 'usda_hydrologic_group=D'})","frozenset({'descending_soil_presence=0', 'rooting_depth_class=1'})",0.1744677454401937,0.3514498698465209,0.1253686203731214,0.7185776376992095,2.0446092013436066,1.0,0.06405195394574939,2.3045436931564596,0.6188843344080148,0.31299197342928314,0.5660746190364775,0.5376479976819517
"frozenset({'descending_soil_presence=0', 'rooting_depth_class=1'})","frozenset({'surface_stoniness_class=1', 'usda_hydrologic_group=D'})",0.3514498698465209,0.1744677454401937,0.1253686203731214,0.35671835766469406,2.0446092013436066,1.0,0.06405195394574939,1.2833138709863938,0.7877709927753577,0.31299197342928314,0.2207674033544344,0.5376479976819517
"frozenset({'surface_stoniness_class=2', 'pai_landslide_hazard_level=Moderata P1'})","frozenset({'landslide_surface_class=2', 'hydraulic_hazard_level=0'})",0.11167035471811905,0.25927814707564867,0.0591477718699973,0.5296640457469621,2.042841063625867,1.0,0.03019408921540297,1.5748782252905282,0.5746579102214361,0.18969734895892595,0.36503027094966445,0.37889441597740114
"frozenset({'landslide_surface_class=2', 'hydraulic_hazard_level=0'})","frozenset({'surface_stoniness_class=2', 'pai_landslide_hazard_level=Moderata P1'})",0.25927814707564867,0.11167035471811905,0.0591477718699973,0.22812478620784019,2.042841063625867,1.0,0.03019408921540297,1.150872096174186,0.6891732106053718,0.18969734895892595,0.1310937129119093,0.37889441597740114
"frozenset({'landslide_surface_class=2', 'is_locality_1ring=0'})","frozenset({'pai_landslide_hazard_level=Moderata P1', 'usda_hydrologic_group=B'})",0.24152672026536232,0.17169616368740107,0.08471284195775666,0.3507390067015515,2.042788837962187,1.0,0.043243630660193884,1.2757640530729513,0.6730271933461262,0.25786987041036713,0.21615599875910788,0.4220635474646246
"frozenset({'pai_landslide_hazard_level=Moderata P1', 'usda_hydrologic_group=B'})","frozenset({'landslide_surface_class=2', 'is_locality_1ring=0'})",0.17169616368740107,0.24152672026536232,0.08471284195775666,0.4933880882276977,2.042788837962187,1.0,0.043243630660193884,1.4971485314690647,0.6162873094495529,0.25786987041036713,0.3320636002502983,0.4220635474646246
"frozenset({'ascending_soil_presence=0', 'surface_stoniness_class=1', 'rooting_depth_class=1'})","frozenset({'usda_hydrologic_group=D', 'landslide_surface_class=3'})",0.3051711063710904,0.10947969650071174,0.06780841053112376,0.22219800340032259,2.02958183574137,1.0,0.03439837042483036,1.144919024883431,0.7300900585644234,0.19550208402587774,0.1265757854780915,0.4207838688420926
"frozenset({'usda_hydrologic_group=D', 'landslide_surface_class=3'})","frozenset({'ascending_soil_presence=0', 'surface_stoniness_class=1', 'rooting_depth_class=1'})",0.10947969650071174,0.3051711063710904,0.06780841053112376,0.6193697342838627,2.02958183574137,1.0,0.03439837042483036,1.8254693759615326,0.5696531181247678,0.19550208402587774,0.45219568557633666,0.4207838688420926
"frozenset({'pai_landslide_hazard_level=Molto elevata P4', 'rooting_depth_class=1'})","frozenset({'ascending_soil_presence=0', 'surface_stoniness_class=1'})",0.06790597020882205,0.4434264732619965,0.06110339995476779,0.8998236792268008,2.0292511464355987,1.0,0.030992095071635625,5.555938992789474,0.5441590208846913,0.13571625561421477,0.8200124225089936,0.5188109735614373
"frozenset({'ascending_soil_presence=0', 'surface_stoniness_class=1'})","frozenset({'pai_landslide_hazard_level=Molto elevata P4', 'rooting_depth_class=1'})",0.4434264732619965,0.06790597020882205,0.06110339995476779,0.13779826789607377,2.0292511464355987,1.0,0.030992095071635625,1.0810625809306855,0.9113034491530749,0.13571625561421477,0.0749841705379339,0.5188109735614373
"frozenset({'surface_stoniness_class=1', 'descending_soil_presence=0', 'rooting_depth_class=1'})","frozenset({'usda_hydrologic_group=D', 'landslide_surface_class=3'})",0.3049050345228223,0.10947969650071174,0.06770641632262099,0.22205739052023796,2.028297461701443,1.0,0.03432550568152337,1.14471208113258,0.7293617329255854,0.195300408048403,0.12641788578784066,0.42024774905143464
"frozenset({'usda_hydrologic_group=D', 'landslide_surface_class=3'})","frozenset({'surface_stoniness_class=1', 'descending_soil_presence=0', 'rooting_depth_class=1'})",0.10947969650071174,0.3049050345228223,0.06770641632262099,0.6184381075826313,2.028297461701443,1.0,0.03432550568152337,1.8217096080361532,0.5693027621898454,0.195300408048403,0.45106508985368754,0.42024774905143464
"frozenset({'surface_stoniness_class=1', 'rooting_depth_class=1'})","frozenset({'usda_hydrologic_group=D', 'landslide_surface_class=3', 'is_locality_1ring=0'})",0.31161447962998273,0.09976363950812184,0.06304572444712488,0.20231962430624736,2.0279896092782015,1.0,0.03195792983580831,1.1285677671447432,0.7363618373712688,0.1809929980903883,0.11392117592549826,0.4171352755482431
"frozenset({'usda_hydrologic_group=D', 'landslide_surface_class=3', 'is_locality_1ring=0'})","frozenset({'surface_stoniness_class=1', 'rooting_depth_class=1'})",0.09976363950812184,0.31161447962998273,0.06304572444712488,0.6319509267902388,2.0279896092782015,1.0,0.03195792983580831,1.8703634120488266,0.5630752642811255,0.1809929980903883,0.46534454557973637,0.4171352755482431
"frozenset({'hydraulic_hazard_level=0', 'pai_landslide_hazard_level=Moderata P1'})","frozenset({'usda_hydrologic_group=B', 'rooting_depth_class=4'})",0.2980802916147457,0.10932005339175088,0.06606563992496774,0.22163706150138354,2.027414501044398,1.0,0.03347948653061506,1.1442990185610338,0.7219642719177903,0.1935509016265655,0.12610254506946192,0.4129846835983309
"frozenset({'usda_hydrologic_group=B', 'rooting_depth_class=4'})","frozenset({'hydraulic_hazard_level=0', 'pai_landslide_hazard_level=Moderata P1'})",0.10932005339175088,0.2980802916147457,0.06606563992496774,0.6043323056952783,2.027414501044398,1.0,0.03347948653061506,1.7740131895748708,0.5689596505892799,0.1935509016265655,0.4363063330776911,0.4129846835983309
"frozenset({'hydraulic_hazard_level=0', 'pai_landslide_hazard_level=Moderata P1'})","frozenset({'landslide_surface_class=2', 'usda_hydrologic_group=B'})",0.2980802916147457,0.1527740207447351,0.09229588963339734,0.3096343241393674,2.02674723509912,1.0,0.0467569649786495,1.2272133579049755,0.7217329219803668,0.25740823191847234,0.18514576657873133,0.4568838655035463
"frozenset({'landslide_surface_class=2', 'usda_hydrologic_group=B'})","frozenset({'hydraulic_hazard_level=0', 'pai_landslide_hazard_level=Moderata P1'})",0.1527740207447351,0.2980802916147457,0.09229588963339734,0.6041334068677252,2.02674723509912,1.0,0.0467569649786495,1.7731218561064963,0.5979497495742644,0.25740823191847234,0.436022969004597,0.4568838655035463
"frozenset({'surface_stoniness_class=1', 'rooting_depth_class=1'})","frozenset({'usda_hydrologic_group=D', 'landslide_surface_class=3'})",0.31161447962998273,0.10947969650071174,0.06912990071085529,0.2218443147858261,2.0263512037082045,1.0,0.03501444205573755,1.144398634386624,0.735782663121453,0.19641169726215527,0.1261786147307131,0.42664234533847367
"frozenset({'usda_hydrologic_group=D', 'landslide_surface_class=3'})","frozenset({'surface_stoniness_class=1', 'rooting_depth_class=1'})",0.10947969650071174,0.31161447962998273,0.06912990071085529,0.6314403758911212,2.0263512037082045,1.0,0.03501444205573755,1.8677724724579612,0.5687710088605559,0.19641169726215527,0.46460288137558065,0.42664234533847367
"frozenset({'landslide_surface_class=2', 'is_locality_1ring=0'})","frozenset({'usda_hydrologic_group=C', 'rooting_depth_class=4'})",0.24152672026536232,0.11100074056664434,0.05431856782393139,0.22489672266593225,2.0260830830304712,1.0,0.027508923007843425,1.146942975768375,0.6677055582221817,0.18214938956384674,0.12811707196683686,0.35712496234770785
"frozenset({'usda_hydrologic_group=C', 'rooting_depth_class=4'})","frozenset({'landslide_surface_class=2', 'is_locality_1ring=0'})",0.11100074056664434,0.24152672026536232,0.05431856782393139,0.48935320202948346,2.0260830830304712,1.0,0.027508923007843425,1.4853187814925455,0.5696706934993689,0.18214938956384674,0.3267438529289083,0.35712496234770785
"frozenset({'ascending_soil_presence=0', 'landslide_surface_class=3', 'usda_hydrologic_group=D'})","frozenset({'surface_stoniness_class=1', 'rooting_depth_class=1'})",0.10741763967663401,0.31161447962998273,0.06780841053112376,0.6312595467118028,2.025770905964874,1.0,0.034335518640208465,1.866856522606687,0.5672986467797647,0.19306330648215952,0.46434019546199373,0.42443153797807304
"frozenset({'surface_stoniness_class=1', 'rooting_depth_class=1'})","frozenset({'ascending_soil_presence=0', 'landslide_surface_class=3', 'usda_hydrologic_group=D'})",0.31161447962998273,0.10741763967663401,0.06780841053112376,0.21760352924434326,2.025770905964874,1.0,0.034335518640208465,1.140831271211243,0.7355773039484582,0.19306330648215952,0.12344618767481687,0.42443153797807304
"frozenset({'surface_stoniness_class=1', 'rooting_depth_class=1'})","frozenset({'usda_hydrologic_group=D', 'landslide_surface_class=3', 'descending_soil_presence=0'})",0.31161447962998273,0.1072801692216955,0.06770641632262099,0.217276220293155,2.0253157864073796,1.0,0.03427636221598586,1.1405298445291345,0.7354161612268294,0.1927923832613582,0.12321452630391448,0.4241969725804399
"frozenset({'usda_hydrologic_group=D', 'landslide_surface_class=3', 'descending_soil_presence=0'})","frozenset({'surface_stoniness_class=1', 'rooting_depth_class=1'})",0.1072801692216955,0.31161447962998273,0.06770641632262099,0.6311177248677249,2.0253157864073796,1.0,0.03427636221598586,1.8661387840420731,0.5670870293015503,0.1927923832613582,0.46413417450443245,0.4241969725804399
"frozenset({'pai_landslide_hazard_level=Molto elevata P4', 'rooting_depth_class=1'})","frozenset({'surface_stoniness_class=1', 'descending_soil_presence=0'})",0.06790597020882205,0.44283224613419775,0.06083289357569523,0.8958401358322994,2.0229785514779794,1.0,0.03076194026220064,5.34915975858748,0.5425197133306886,0.13521265585727663,0.8130547515626897,0.5166062285410246
"frozenset({'surface_stoniness_class=1', 'descending_soil_presence=0'})","frozenset({'pai_landslide_hazard_level=Molto elevata P4', 'rooting_depth_class=1'})",0.44283224613419775,0.06790597020882205,0.06083289357569523,0.13737232124974966,2.0229785514779794,1.0,0.03076194026220064,1.080528775915895,0.9075891099780921,0.13521265585727663,0.07452719234398543,0.5166062285410246
"frozenset({'usda_hydrologic_group=C', 'rooting_depth_class=1'})","frozenset({'surface_stoniness_class=1', 'is_locality_1ring=0'})",0.13449488476871704,0.4025755754912351,0.10920032106003025,0.811929176695572,2.0168366540986273,1.0,0.05505596542363663,3.176592806964645,0.5825199832360962,0.2552183736500632,0.6851972976179034,0.5415916950429458
"frozenset({'surface_stoniness_class=1', 'is_locality_1ring=0'})","frozenset({'usda_hydrologic_group=C', 'rooting_depth_class=1'})",0.4025755754912351,0.13449488476871704,0.10920032106003025,0.2712542133903197,2.016836654098627,1.0,0.05505596542363663,1.1876639716269832,0.8439126432265336,0.2552183736500632,0.1580109998368495,0.5415916950429458
"frozenset({'surface_stoniness_class=2', 'pai_landslide_hazard_level=Moderata P1'})","frozenset({'landslide_surface_class=2', 'is_locality_1ring=0'})",0.11167035471811905,0.24152672026536232,0.05436734766278054,0.4868556905726313,2.0157425647883978,1.0,0.02739597313684362,1.47808962469259,0.5672499024058231,0.1819342009586419,0.3234510388989586,0.35597718890148133
"frozenset({'landslide_surface_class=2', 'is_locality_1ring=0'})","frozenset({'surface_stoniness_class=2', 'pai_landslide_hazard_level=Moderata P1'})",0.24152672026536232,0.11167035471811905,0.05436734766278054,0.2250986872303314,2.0157425647883973,1.0,0.02739597313684362,1.1463777782319073,0.6643673785932769,0.1819342009586419,0.12768720836308436,0.35597718890148133
"frozenset({'tipo_movimento_<lambda_0>_1ring=0', 'surface_stoniness_class=1'})","frozenset({'usda_hydrologic_group=C', 'rooting_depth_class=1'})",0.29325995663028875,0.13449488476871704,0.07948009560848414,0.2710226671303927,2.015115055092649,1.0,0.0400381315342145,1.1872867319814133,0.7127803562251939,0.22821090696105018,0.15774347252146773,0.43098761039595235
"frozenset({'usda_hydrologic_group=C', 'rooting_depth_class=1'})","frozenset({'tipo_movimento_<lambda_0>_1ring=0', 'surface_stoniness_class=1'})",0.13449488476871704,0.29325995663028875,0.07948009560848414,0.590952553661512,2.0151150550926484,1.0,0.0400381315342145,1.7277703349476035,0.5820305518784346,0.22821090696105018,0.4212193717110404,0.43098761039595235
"frozenset({'pai_landslide_hazard_level=Moderata P1', 'is_locality_1ring=0'})","frozenset({'landslide_surface_class=2', 'surface_stoniness_class=2', 'usda_hydrologic_group=B'})",0.30103812366132604,0.08807865083834805,0.05339175088579753,0.17735876850556084,2.013640840515028,1.0,0.026876719102800147,1.1085286200705298,0.7201925107293974,0.15903417121270158,0.0979033090400722,0.3917707144310102
"frozenset({'landslide_surface_class=2', 'surface_stoniness_class=2', 'usda_hydrologic_group=B'})","frozenset({'pai_landslide_hazard_level=Moderata P1', 'is_locality_1ring=0'})",0.08807865083834805,0.30103812366132604,0.05339175088579753,0.6061826603564595,2.013640840515028,1.0,0.026876719102800147,1.7748377381537639,0.5520071540021015,0.15903417121270158,0.4365682121227441,0.3917707144310102
"frozenset({'pai_landslide_hazard_level=Molto elevata P4', 'rooting_depth_class=1'})","frozenset({'surface_stoniness_class=1', 'is_locality_1ring=0'})",0.06790597020882205,0.4025755754912351,0.05499261650621056,0.8098347809051133,2.0116341631429773,1.0,0.027655331470103354,3.1416072158319768,0.5395289566769068,0.13235639421948045,0.6816915892729847,0.4732183752292745
"frozenset({'surface_stoniness_class=1', 'is_locality_1ring=0'})","frozenset({'pai_landslide_hazard_level=Molto elevata P4', 'rooting_depth_class=1'})",0.4025755754912351,0.06790597020882205,0.05499261650621056,0.1366019695534357,2.0116341631429773,1.0,0.027655331470103354,1.0795646931335747,0.8417662532487069,0.13235639421948045,0.07370071811317576,0.4732183752292745
"frozenset({'pai_landslide_hazard_level=Moderata P1', 'usda_hydrologic_group=B'})","frozenset({'landslide_surface_class=2', 'tipo_movimento_<lambda_0>_1ring=0'})",0.17169616368740107,0.1965960541544902,0.06783058318514609,0.3950617283950617,2.0095099573291137,1.0,0.03407579489073958,1.328075910479312,0.6064999531546965,0.22575455685927237,0.24703099264928852,0.37004343948005175
"frozenset({'landslide_surface_class=2', 'tipo_movimento_<lambda_0>_1ring=0'})","frozenset({'pai_landslide_hazard_level=Moderata P1', 'usda_hydrologic_group=B'})",0.1965960541544902,0.17169616368740107,0.06783058318514609,0.3450251505650418,2.0095099573291133,1.0,0.03407579489073958,1.264634568834468,0.6252972001435115,0.22575455685927237,0.20925773765488995,0.37004343948005175
"frozenset({'pai_landslide_hazard_level=Moderata P1', 'descending_soil_presence=0'})","frozenset({'landslide_surface_class=2', 'surface_stoniness_class=2', 'usda_hydrologic_group=B'})",0.33403103284656965,0.08807865083834805,0.05895265251460069,0.1764885496183206,2.0037608198862227,1.0,0.029531649803334913,1.1073572185778309,0.7521948694700052,0.16233377700169735,0.09694903936753932,0.42290342293120237
"frozenset({'landslide_surface_class=2', 'surface_stoniness_class=2', 'usda_hydrologic_group=B'})","frozenset({'pai_landslide_hazard_level=Moderata P1', 'descending_soil_presence=0'})",0.08807865083834805,0.33403103284656965,0.05895265251460069,0.6693182962440841,2.0037608198862227,1.0,0.029531649803334913,2.013927470402167,0.5493219791153828,0.16233377700169735,0.5034577884772051,0.42290342293120237
"frozenset({'landslide_surface_class=1', 'usda_hydrologic_group=C'})","frozenset({'descending_soil_presence=0', 'rooting_depth_class=1'})",0.08781257899007995,0.3514498698465209,0.06182179394509164,0.704019795980204,2.0031869588901867,1.0,0.030960074488140706,2.191194280378637,0.5490050187269289,0.1637920906078906,0.5436278704473433,0.43996240451982327
"frozenset({'descending_soil_presence=0', 'rooting_depth_class=1'})","frozenset({'landslide_surface_class=1', 'usda_hydrologic_group=C'})",0.3514498698465209,0.08781257899007995,0.06182179394509164,0.17590501305944253,2.0031869588901863,1.0,0.030960074488140706,1.1068959712962272,0.7721769665446017,0.1637920906078906,0.0965727349888599,0.43996240451982327
"frozenset({'surface_stoniness_class=1', 'descending_soil_presence=0'})","frozenset({'usda_hydrologic_group=C', 'rooting_depth_class=1'})",0.44283224613419775,0.13449488476871704,0.11928887864019548,0.26937712797917085,2.002880097948728,1.0,0.05973020672450441,1.1846126755344835,0.898686231630441,0.26043431536756095,0.15584222535115827,0.578158510245644
"frozenset({'usda_hydrologic_group=C', 'rooting_depth_class=1'})","frozenset({'surface_stoniness_class=1', 'descending_soil_presence=0'})",0.13449488476871704,0.44283224613419775,0.11928887864019548,0.8869398925121171,2.002880097948728,1.0,0.05973020672450441,4.92806672703293,0.5785280529206939,0.26043431536756095,0.797080669684423,0.578158510245644
"frozenset({'ascending_soil_presence=0', 'surface_stoniness_class=1'})","frozenset({'usda_hydrologic_group=C', 'rooting_depth_class=1'})",0.4434264732619965,0.13449488476871704,0.11928887864019548,0.2690161409684581,2.000196077576254,1.0,0.05965028621542467,1.1840276697463117,0.898441967801536,0.26009688367191053,0.1554251428817886,0.5779780167402876
"frozenset({'usda_hydrologic_group=C', 'rooting_depth_class=1'})","frozenset({'ascending_soil_presence=0', 'surface_stoniness_class=1'})",0.13449488476871704,0.4434264732619965,0.11928887864019548,0.8869398925121171,2.000196077576254,1.0,0.05965028621542467,4.922810875601315,0.57775396793017,0.26009688367191053,0.7968640223502694,0.5779780167402876
"frozenset({'landslide_surface_class=2', 'surface_stoniness_class=2', 'usda_hydrologic_group=B'})","frozenset({'ascending_soil_presence=0', 'pai_landslide_hazard_level=Moderata P1'})",0.08807865083834805,0.334403533434145,0.0587841403440309,0.6674050951565804,1.9958075451616435,1.0,0.029330328283574996,2.001222679220559,0.5471411378285477,0.1616289703103091,0.5003054830512502,0.42159656553370667
"frozenset({'ascending_soil_presence=0', 'pai_landslide_hazard_level=Moderata P1'})","frozenset({'landslide_surface_class=2', 'surface_stoniness_class=2', 'usda_hydrologic_group=B'})",0.334403533434145,0.08807865083834805,0.0587841403440309,0.17578803591083295,1.9958075451616433,1.0,0.029330328283574996,1.1064160542360144,0.7496279046744064,0.1616289703103091,0.09618086598489874,0.42159656553370667
"frozenset({'ascending_soil_presence=0', 'rooting_depth_class=1'})","frozenset({'landslide_surface_class=1', 'usda_hydrologic_group=C'})",0.35169376904076666,0.08781257899007995,0.06163554365130398,0.17525344227568468,1.9957669424044906,1.0,0.03075240677709272,1.1060214952904759,0.769604651593523,0.16311274365985612,0.09585844013151965,0.4385761201884433
"frozenset({'landslide_surface_class=1', 'usda_hydrologic_group=C'})","frozenset({'ascending_soil_presence=0', 'rooting_depth_class=1'})",0.08781257899007995,0.35169376904076666,0.06163554365130398,0.7018987981012019,1.9957669424044904,1.0,0.03075240677709272,2.174785699721284,0.5469703698072207,0.16311274365985612,0.540184579966588,0.4385761201884433
"frozenset({'surface_stoniness_class=1', 'rooting_depth_class=1'})","frozenset({'usda_hydrologic_group=D', 'hydraulic_hazard_level=0', 'landslide_surface_class=3'})",0.31161447962998273,0.09563509132916191,0.059453754495505606,0.19079265689483424,1.9950067934598816,1.0,0.029652475276602943,1.1175935517348679,0.7245192690612795,0.17094442106873733,0.10522032052916247,0.40623283034855784
"frozenset({'usda_hydrologic_group=D', 'hydraulic_hazard_level=0', 'landslide_surface_class=3'})","frozenset({'surface_stoniness_class=1', 'rooting_depth_class=1'})",0.09563509132916191,0.31161447962998273,0.059453754495505606,0.6216730038022814,1.9950067934598814,1.0,0.029652475276602943,1.8195516769579354,0.5514904097549225,0.17094442106873733,0.45041407030995895,0.40623283034855784
"frozenset({'pai_landslide_hazard_level=Moderata P1', 'usda_hydrologic_group=B'})","frozenset({'landslide_surface_class=2', 'descending_soil_presence=0'})",0.17169616368740107,0.2763466561420469,0.09402092211633548,0.5476005992045043,1.9815712874883793,1.0,0.04657326140890466,1.5995895277170715,0.5980293138436401,0.2655793969912192,0.3748396181192831,0.44391439366968155
"frozenset({'landslide_surface_class=2', 'descending_soil_presence=0'})","frozenset({'pai_landslide_hazard_level=Moderata P1', 'usda_hydrologic_group=B'})",0.2763466561420469,0.17169616368740107,0.09402092211633548,0.34022818813485883,1.9815712874883793,1.0,0.04657326140890466,1.2554398678704177,0.684512797582417,0.2655793969912192,0.20346642990055447,0.44391439366968155
"frozenset({'usda_hydrologic_group=C', 'is_locality_1ring=0'})","frozenset({'surface_stoniness_class=2', 'landslide_surface_class=3'})",0.36689977516928823,0.07986589978847287,0.05806131182290258,0.15824842573455647,1.9814266934158629,1.0,0.028758531146818974,1.093118359789804,0.7823613525308472,0.14937139206425262,0.08518598096523589,0.44261671703163136
"frozenset({'surface_stoniness_class=2', 'landslide_surface_class=3'})","frozenset({'usda_hydrologic_group=C', 'is_locality_1ring=0'})",0.07986589978847287,0.36689977516928823,0.05806131182290258,0.7269850083287063,1.9814266934158629,1.0,0.028758531146818974,2.3189211001019157,0.5383053927381595,0.14937139206425262,0.5687649743856957,0.44261671703163136
"frozenset({'pai_landslide_hazard_level=Moderata P1', 'usda_hydrologic_group=B'})","frozenset({'landslide_surface_class=2', 'ascending_soil_presence=0'})",0.17169616368740107,0.2766748114215775,0.09393666603105058,0.5471098713776538,1.9774473453747345,1.0,0.046432662321030584,1.5971317166455294,0.5967587155759524,0.26503265520606556,0.37387756465051664,0.4433149972361654
"frozenset({'landslide_surface_class=2', 'ascending_soil_presence=0'})","frozenset({'pai_landslide_hazard_level=Moderata P1', 'usda_hydrologic_group=B'})",0.2766748114215775,0.17169616368740107,0.09393666603105058,0.3395201230946771,1.9774473453747343,1.0,0.046432662321030584,1.2540939781445197,0.6833683400905773,0.26503265520606556,0.20261159257016875,0.4433149972361654
"frozenset({'pai_landslide_hazard_level=Moderata P1', 'rooting_depth_class=4'})","frozenset({'usda_hydrologic_group=B', 'is_locality_1ring=0'})",0.09934679361250183,0.3099160543318714,0.06083289357569523,0.6123287059768782,1.9757889190250542,1.0,0.030043727288785894,1.780074914772952,0.5483498602252633,0.17459145751667263,0.43822589055048294,0.40430849996856416
"frozenset({'usda_hydrologic_group=B', 'is_locality_1ring=0'})","frozenset({'pai_landslide_hazard_level=Moderata P1', 'rooting_depth_class=4'})",0.3099160543318714,0.09934679361250183,0.06083289357569523,0.19628829396025013,1.975788919025054,1.0,0.030043727288785894,1.120617255689136,0.7156709889198475,0.17459145751667263,0.10763465855695857,0.40430849996856416
"frozenset({'pai_landslide_hazard_level=Moderata P1', 'rooting_depth_class=1'})","frozenset({'tipo_movimento_<lambda_0>_1ring=0', 'surface_stoniness_class=1'})",0.1051028145967016,0.29325995663028875,0.06088610794534884,0.5793004514577444,1.975382040269703,1.0,0.030063661094998854,1.679916334159616,0.5517603793318198,0.18041575779874375,0.4047322597763455,0.3934593318969326
"frozenset({'tipo_movimento_<lambda_0>_1ring=0', 'surface_stoniness_class=1'})","frozenset({'pai_landslide_hazard_level=Moderata P1', 'rooting_depth_class=1'})",0.29325995663028875,0.1051028145967016,0.06088610794534884,0.2076182123361207,1.9753820402697029,1.0,0.030063661094998854,1.1293762670160021,0.6986569037843529,0.18041575779874375,0.11455550359477225,0.3934593318969326
"frozenset({'hydraulic_hazard_level=0', 'landslide_surface_class=3'})","frozenset({'surface_stoniness_class=2', 'usda_hydrologic_group=C'})",0.3146255260462167,0.0997414668540995,0.06195482986922569,0.19691609465954418,1.9742650762053704,1.0,0.030573618391633348,1.1210018369926726,0.7200186509545482,0.17580218950547374,0.1079408017004556,0.40903514140766645
"frozenset({'surface_stoniness_class=2', 'usda_hydrologic_group=C'})","frozenset({'hydraulic_hazard_level=0', 'landslide_surface_class=3'})",0.0997414668540995,0.3146255260462167,0.06195482986922569,0.6211541881557887,1.9742650762053704,1.0,0.030573618391633348,1.8091119197475052,0.548156319507954,0.17580218950547374,0.4472426005906986,0.40903514140766645
"frozenset({'tipo_movimento_<lambda_0>_1ring=11', 'rooting_depth_class=1'})","frozenset({'surface_stoniness_class=1', 'ascending_soil_presence=0'})",0.05969321915894689,0.4434264732619965,0.05220329663020004,0.8745264096278137,1.9722016216003047,1.0,0.02573374298089278,4.435782263718333,0.524246405764188,0.11577156456831525,0.7745606207546939,0.4961267366258156
"frozenset({'surface_stoniness_class=1', 'ascending_soil_presence=0'})","frozenset({'tipo_movimento_<lambda_0>_1ring=11', 'rooting_depth_class=1'})",0.4434264732619965,0.05969321915894689,0.05220329663020004,0.11772706362381742,1.9722016216003044,1.0,0.02573374298089278,1.065777654592055,0.8856915151188357,0.11577156456831525,0.061717989965958155,0.4961267366258156
"frozenset({'surface_stoniness_class=1', 'descending_soil_presence=0'})","frozenset({'tipo_movimento_<lambda_0>_1ring=11', 'rooting_depth_class=1'})",0.44283224613419775,0.05969321915894689,0.0520835642984794,0.11761466052473464,1.9703186087444644,1.0,0.025649481979342022,1.0656418899709195,0.8838771926812564,0.11562770733244072,0.061598451213954006,0.49506763781752666
"frozenset({'tipo_movimento_<lambda_0>_1ring=11', 'rooting_depth_class=1'})","frozenset({'surface_stoniness_class=1', 'descending_soil_presence=0'})",0.05969321915894689,0.44283224613419775,0.0520835642984794,0.8725206151103186,1.9703186087444642,1.0,0.025649481979342022,4.370649845447296,0.5237310632801572,0.11562770733244072,0.7712010718402315,0.49506763781752666
"frozenset({'surface_stoniness_class=1', 'is_locality_1ring=0'})","frozenset({'landslide_surface_class=3', 'rooting_depth_class=1'})",0.4025755754912351,0.11770131661219585,0.09312958142463737,0.23133440549888748,1.9654360049436976,1.0,0.045745906153406554,1.147831631465752,0.8222078328151744,0.21802684717045773,0.12879208710860732,0.5112854681401453
"frozenset({'landslide_surface_class=3', 'rooting_depth_class=1'})","frozenset({'surface_stoniness_class=1', 'is_locality_1ring=0'})",0.11770131661219585,0.4025755754912351,0.09312958142463737,0.7912365307814031,1.9654360049436976,1.0,0.045745906153406554,2.8617287629149324,0.55673554839739,0.21802684717045773,0.6505608732179745,0.5112854681401453
"frozenset({'landslide_surface_class=4', 'rooting_depth_class=1'})","frozenset({'surface_stoniness_class=1', 'hydraulic_hazard_level=0'})",0.0786197966324173,0.3268204857585043,0.05042504977760828,0.6413785323481302,1.9624795883268487,1.0,0.02473048965196684,1.8771311116683673,0.5322890140546518,0.142036299136865,0.46727216134028365,0.39783413923882854
"frozenset({'surface_stoniness_class=1', 'hydraulic_hazard_level=0'})","frozenset({'landslide_surface_class=4', 'rooting_depth_class=1'})",0.3268204857585043,0.0786197966324173,0.05042504977760828,0.15428974612952687,1.9624795883268487,1.0,0.02473048965196684,1.0894750290076285,0.7285435008708018,0.142036299136865,0.08212673684602836,0.39783413923882854
"frozenset({'landslide_surface_class=2', 'surface_stoniness_class=2'})","frozenset({'pai_landslide_hazard_level=Moderata P1', 'is_locality_1ring=0'})",0.09205199043915159,0.30103812366132604,0.05436734766278054,0.590615666249157,1.9619298016672848,1.0,0.026656189181688023,1.7073488619720163,0.5400064346144651,0.16050691907885264,0.4142966195877605,0.3856076047972602
"frozenset({'pai_landslide_hazard_level=Moderata P1', 'is_locality_1ring=0'})","frozenset({'landslide_surface_class=2', 'surface_stoniness_class=2'})",0.30103812366132604,0.09205199043915159,0.05436734766278054,0.18059954334536346,1.9619298016672846,1.0,0.026656189181688023,1.108063831533271,0.7014656793966338,0.16050691907885264,0.09752491549493025,0.3856076047972602
"frozenset({'landslide_surface_class=2', 'surface_stoniness_class=3'})","frozenset({'rooting_depth_class=2', 'descending_soil_presence=0'})",0.11004731644368368,0.2964616878711148,0.06370203500618617,0.5788604126370084,1.952563978144336,1.0,0.031077221827605014,1.670558487588787,0.5481784573991124,0.1858247956121287,0.4013977915593022,0.39686741930819797
"frozenset({'rooting_depth_class=2', 'descending_soil_presence=0'})","frozenset({'landslide_surface_class=2', 'surface_stoniness_class=3'})",0.2964616878711148,0.11004731644368368,0.06370203500618617,0.21487442597938758,1.9525639781443358,1.0,0.031077221827605014,1.133516360954702,0.6934276084466163,0.1858247956121287,0.11778953136790045,0.39686741930819797
"frozenset({'landslide_surface_class=2', 'surface_stoniness_class=2'})","frozenset({'pai_landslide_hazard_level=Moderata P1', 'descending_soil_presence=0'})",0.09205199043915159,0.33403103284656965,0.060034678030890944,0.652182291164852,1.9524601819389,1.0,0.029286456588918583,1.9147069003006794,0.5372836962635992,0.1640075110545763,0.4777268521657475,0.41595506858275794
"frozenset({'pai_landslide_hazard_level=Moderata P1', 'descending_soil_presence=0'})","frozenset({'landslide_surface_class=2', 'surface_stoniness_class=2'})",0.33403103284656965,0.09205199043915159,0.060034678030890944,0.1797278460006638,1.9524601819389,1.0,0.029286456588918583,1.106886300033517,0.7325050965620172,0.1640075110545763,0.09656484142073159,0.41595506858275794
"frozenset({'pai_landslide_hazard_level=Moderata P1', 'rooting_depth_class=4'})","frozenset({'descending_soil_presence=0', 'usda_hydrologic_group=B'})",0.09934679361250183,0.34819935876684566,0.06749799337481098,0.679417935097978,1.9512325855629056,1.0,0.032905503543395685,2.033178747639426,0.5412776308587371,0.177603789876549,0.5081593287550216,0.43663331803294214
"frozenset({'descending_soil_presence=0', 'usda_hydrologic_group=B'})","frozenset({'pai_landslide_hazard_level=Moderata P1', 'rooting_depth_class=4'})",0.34819935876684566,0.09934679361250183,0.06749799337481098,0.19384870096790627,1.9512325855629054,1.0,0.032905503543395685,1.1172260188240946,0.747933344858994,0.177603789876549,0.10492596560495208,0.43663331803294214
"frozenset({'pai_landslide_hazard_level=Moderata P1', 'rooting_depth_class=1'})","frozenset({'surface_stoniness_class=1', 'hydraulic_hazard_level=0'})",0.1051028145967016,0.3268204857585043,0.06696584967827479,0.6371461119783975,1.949529297405183,1.0,0.03261609675719476,1.8552357752369406,0.5442588015376597,0.18348947131799903,0.4609849522375206,0.4210235641372062
"frozenset({'surface_stoniness_class=1', 'hydraulic_hazard_level=0'})","frozenset({'pai_landslide_hazard_level=Moderata P1', 'rooting_depth_class=1'})",0.3268204857585043,0.1051028145967016,0.06696584967827479,0.20490101629601487,1.949529297405183,1.0,0.03261609675719476,1.1255167013727037,0.7235152872645175,0.18348947131799903,0.11151918156311752,0.4210235641372062
"frozenset({'pai_landslide_hazard_level=Moderata P1', 'rooting_depth_class=4'})","frozenset({'ascending_soil_presence=0', 'usda_hydrologic_group=B'})",0.09934679361250183,0.34873150246338186,0.06742704088193949,0.6787037450341472,1.946207154329035,1.0,0.032781684280532214,2.027003077287143,0.5398083066627095,0.17713600037279528,0.5066608377633257,0.4360265927612242
"frozenset({'ascending_soil_presence=0', 'usda_hydrologic_group=B'})","frozenset({'pai_landslide_hazard_level=Moderata P1', 'rooting_depth_class=4'})",0.34873150246338186,0.09934679361250183,0.06742704088193949,0.19334944048830113,1.946207154329035,1.0,0.032781684280532214,1.116534533779662,0.7465125122270165,0.17713600037279528,0.10437163406417219,0.4360265927612242
"frozenset({'surface_stoniness_class=2', 'pai_landslide_hazard_level=Moderata P1'})","frozenset({'landslide_surface_class=2', 'descending_soil_presence=0'})",0.11167035471811905,0.2763466561420469,0.060034678030890944,0.5376062266698436,1.9454052174002237,1.0,0.029174948914342493,1.5650153302156455,0.5470584905494668,0.18304241424534554,0.36102862336677005,0.377425158683703
"frozenset({'landslide_surface_class=2', 'descending_soil_presence=0'})","frozenset({'surface_stoniness_class=2', 'pai_landslide_hazard_level=Moderata P1'})",0.2763466561420469,0.11167035471811905,0.060034678030890944,0.21724409069756245,1.9454052174002234,1.0,0.029174948914342493,1.1348744030224271,0.6715484409530212,0.18304241424534554,0.11884522433779995,0.377425158683703
"frozenset({'ascending_soil_presence=0', 'pai_landslide_hazard_level=Moderata P1'})","frozenset({'landslide_surface_class=2', 'surface_stoniness_class=2'})",0.334403533434145,0.09205199043915159,0.05987503492193009,0.17905024599185776,1.9450991242847047,1.0,0.029092524059431666,1.1059726921507103,0.7300029492010613,0.1633339381842376,0.09581854317273633,0.414749133016162
"frozenset({'landslide_surface_class=2', 'surface_stoniness_class=2'})","frozenset({'ascending_soil_presence=0', 'pai_landslide_hazard_level=Moderata P1'})",0.09205199043915159,0.334403533434145,0.05987503492193009,0.6504480200404663,1.9450991242847047,1.0,0.029092524059431666,1.904141600464997,0.5351489055038419,0.1633339381842376,0.4748289729315314,0.414749133016162
"frozenset({'landslide_surface_class=2', 'surface_stoniness_class=3'})","frozenset({'ascending_soil_presence=0', 'rooting_depth_class=2'})",0.11004731644368368,0.29776543992762844,0.06373307672181745,0.5791424887169568,1.9449620777270753,1.0,0.030964789128109044,1.6685803181497487,0.5459292016032915,0.18522766815738942,0.4006881244357013,0.3965901729777764
"frozenset({'ascending_soil_presence=0', 'rooting_depth_class=2'})","frozenset({'landslide_surface_class=2', 'surface_stoniness_class=3'})",0.29776543992762844,0.11004731644368368,0.06373307672181745,0.21403785723859595,1.9449620777270753,1.0,0.030964789128109044,1.1323098596448313,0.6918644931809326,0.18522766815738942,0.11684951651514598,0.3965901729777764
"frozenset({'surface_stoniness_class=2', 'pai_landslide_hazard_level=Moderata P1'})","frozenset({'landslide_surface_class=2', 'ascending_soil_presence=0'})",0.11167035471811905,0.2766748114215775,0.05987503492193009,0.536176634103725,1.937930783611295,1.0,0.02897866058891383,1.5594841522929654,0.5448266878127795,0.1822845648094396,0.3587623198801578,0.3762930260643803
"frozenset({'landslide_surface_class=2', 'ascending_soil_presence=0'})","frozenset({'surface_stoniness_class=2', 'pai_landslide_hazard_level=Moderata P1'})",0.2766748114215775,0.11167035471811905,0.05987503492193009,0.2164094180250357,1.9379307836112947,1.0,0.02897866058891383,1.1336655464170229,0.6691121862851526,0.1822845648094396,0.11790562643407143,0.3762930260643803
"frozenset({'rooting_depth_class=2', 'hydraulic_hazard_level=0'})","frozenset({'landslide_surface_class=2', 'surface_stoniness_class=3'})",0.2774818960279908,0.11004731644368368,0.05909899203114814,0.21298323558084156,1.93537873038308,1.0,0.028562854011562507,1.1307925368186122,0.668917861651749,0.1799438308444276,0.11566448535872535,0.37500789760989206
"frozenset({'landslide_surface_class=2', 'surface_stoniness_class=3'})","frozenset({'rooting_depth_class=2', 'hydraulic_hazard_level=0'})",0.11004731644368368,0.2774818960279908,0.05909899203114814,0.5370325596389426,1.9353787303830798,1.0,0.028562854011562507,1.5606240115039933,0.5430684957118271,0.1799438308444276,0.35923067143104687,0.37500789760989206
"frozenset({'rooting_depth_class=2', 'surface_stoniness_class=3'})","frozenset({'hydraulic_hazard_level=0', 'usda_hydrologic_group=C'})",0.129266572950249,0.3509310297423981,0.087595286980661,0.6776329331046312,1.9309575833235653,1.0,0.0422316354239593,2.013446896138033,0.553696709876697,0.2231145448589791,0.5033392726085365,0.46362060120658166
"frozenset({'hydraulic_hazard_level=0', 'usda_hydrologic_group=C'})","frozenset({'rooting_depth_class=2', 'surface_stoniness_class=3'})",0.3509310297423981,0.129266572950249,0.087595286980661,0.24960826930853214,1.9309575833235653,1.0,0.0422316354239593,1.160371831719669,0.7427904519080056,0.2231145448589791,0.13820727747415076,0.46362060120658166
"frozenset({'surface_stoniness_class=1', 'pai_landslide_hazard_level=Molto elevata P4'})","frozenset({'ascending_soil_presence=0', 'rooting_depth_class=1'})",0.09007862423116322,0.35169376904076666,0.06110339995476779,0.6783340717766947,1.9287634058084933,1.0,0.02942330908890306,2.0154644122245036,0.5292029668126487,0.16051583141119732,0.503836438919662,0.4260372129196683
"frozenset({'ascending_soil_presence=0', 'rooting_depth_class=1'})","frozenset({'surface_stoniness_class=1', 'pai_landslide_hazard_level=Molto elevata P4'})",0.35169376904076666,0.09007862423116322,0.06110339995476779,0.17374035406264185,1.9287634058084933,1.0,0.02942330908890306,1.1012535590269181,0.7427556124374116,0.16051583141119732,0.09194391082503009,0.4260372129196683
"frozenset({'rooting_depth_class=2', 'is_locality_1ring=0'})","frozenset({'landslide_surface_class=2', 'surface_stoniness_class=3'})",0.26021826760619593,0.11004731644368368,0.055232081169651843,0.21225289706884798,1.9287421440891532,1.0,0.02659575912996564,1.1297441529710035,0.6509046589770493,0.17532129333765006,0.11484383665965621,0.35707341823139366
"frozenset({'landslide_surface_class=2', 'surface_stoniness_class=3'})","frozenset({'rooting_depth_class=2', 'is_locality_1ring=0'})",0.11004731644368368,0.26021826760619593,0.055232081169651843,0.5018939393939393,1.928742144089153,1.0,0.02659575912996564,1.4851891813837585,0.5410707615566942,0.17532129333765006,0.3266851034638599,0.35707341823139366
"frozenset({'descending_soil_presence=0', 'rooting_depth_class=1'})","frozenset({'surface_stoniness_class=1', 'pai_landslide_hazard_level=Molto elevata P4'})",0.3514498698465209,0.09007862423116322,0.06083289357569523,0.17309123944834898,1.9215573164633997,1.0,0.02917477281369925,1.10038908665305,0.7394783396448362,0.1597940546081446,0.09123053642634163,0.4242111541110204
"frozenset({'surface_stoniness_class=1', 'pai_landslide_hazard_level=Molto elevata P4'})","frozenset({'descending_soil_presence=0', 'rooting_depth_class=1'})",0.09007862423116322,0.3514498698465209,0.06083289357569523,0.6753310687736918,1.9215573164633997,1.0,0.02917477281369925,1.9975737367411102,0.5270661687853078,0.1597940546081446,0.4993926974473424,0.4242111541110204
"frozenset({'is_locality_1ring=0', 'rooting_depth_class=1'})","frozenset({'surface_stoniness_class=1', 'pai_landslide_hazard_level=Molto elevata P4'})",0.31776960838658463,0.09007862423116322,0.05499261650621056,0.1730581372631109,1.921189835437567,1.0,0.02636836736027151,1.1003450384738227,0.7028259605342735,0.15585019479703408,0.09119415725543786,0.39177693945319675
"frozenset({'surface_stoniness_class=1', 'pai_landslide_hazard_level=Molto elevata P4'})","frozenset({'is_locality_1ring=0', 'rooting_depth_class=1'})",0.09007862423116322,0.31776960838658463,0.05499261650621056,0.6104957416432826,1.9211898354375667,1.0,0.02636836736027151,1.7515351295302457,0.5269567712773298,0.15585019479703408,0.4290722560225237,0.39177693945319675
"frozenset({'tipo_movimento_<lambda_0>_1ring=0', 'pai_landslide_hazard_level=Moderata P1'})","frozenset({'landslide_surface_class=2', 'usda_hydrologic_group=B'})",0.23127851957623624,0.1527740207447351,0.06783058318514609,0.29328527054492465,1.9197326162866724,1.0,0.03249723383759456,1.198823151611023,0.623234989902707,0.21450307815282782,0.1658486085656897,0.3686390940109605
"frozenset({'landslide_surface_class=2', 'usda_hydrologic_group=B'})","frozenset({'tipo_movimento_<lambda_0>_1ring=0', 'pai_landslide_hazard_level=Moderata P1'})",0.1527740207447351,0.23127851957623624,0.06783058318514609,0.4439929174769963,1.9197326162866721,1.0,0.03249723383759456,1.3825749789652355,0.5654856388032805,0.21450307815282782,0.2767119214406492,0.3686390940109605
"frozenset({'surface_stoniness_class=1', 'descending_soil_presence=0'})","frozenset({'landslide_surface_class=3', 'rooting_depth_class=1'})",0.44283224613419775,0.11770131661219585,0.10003858041799887,0.2259062687762868,1.9193181119681637,1.0,0.047916642009667824,1.1397827521391202,0.8596721968554852,0.2172414125169727,0.12263982050682799,0.5379211096725982
"frozenset({'landslide_surface_class=3', 'rooting_depth_class=1'})","frozenset({'surface_stoniness_class=1', 'descending_soil_presence=0'})",0.11770131661219585,0.44283224613419775,0.10003858041799887,0.8499359505689096,1.9193181119681637,1.0,0.047916642009667824,3.7128663126051005,0.5428792267304332,0.2172414125169727,0.7306663058120295,0.5379211096725982
"frozenset({'landslide_surface_class=3', 'rooting_depth_class=1'})","frozenset({'ascending_soil_presence=0', 'surface_stoniness_class=1'})",0.11770131661219585,0.4434264732619965,0.10014944368811057,0.850877853967297,1.9188702192450284,1.0,0.04795756396447092,3.732333134583141,0.5427413897307742,0.21725411728490068,0.7320710762031996,0.5383657025901849
"frozenset({'ascending_soil_presence=0', 'surface_stoniness_class=1'})","frozenset({'landslide_surface_class=3', 'rooting_depth_class=1'})",0.4434264732619965,0.11770131661219585,0.10014944368811057,0.22585355121307277,1.9188702192450284,1.0,0.04795756396447092,1.1397051355985026,0.8603715242908841,0.21725411728490068,0.12258007026101371,0.5383657025901849
"frozenset({'surface_stoniness_class=2', 'usda_hydrologic_group=C'})","frozenset({'rooting_depth_class=2', 'hydraulic_hazard_level=0'})",0.0997414668540995,0.2774818960279908,0.05308133372948475,0.5321892228347858,1.917924125691795,1.0,0.025404882394196224,1.544466564772708,0.5316283296491784,0.16375949107326082,0.35252725904936283,0.3617428942230758
"frozenset({'rooting_depth_class=2', 'hydraulic_hazard_level=0'})","frozenset({'surface_stoniness_class=2', 'usda_hydrologic_group=C'})",0.2774818960279908,0.0997414668540995,0.05308133372948475,0.1912965656113659,1.9179241256917947,1.0,0.025404882394196224,1.1132122047020618,0.6624096165863214,0.16375949107326082,0.1016986736435949,0.3617428942230758
"frozenset({'surface_stoniness_class=2', 'landslide_surface_class=3'})","frozenset({'ascending_soil_presence=0', 'usda_hydrologic_group=C'})",0.07986589978847287,0.41793679019791313,0.06363551704411914,0.7967795669072737,1.9064595067832155,1.0,0.030256619240256598,2.8641962864851314,0.5167371634265786,0.14656915817212426,0.6508619172790094,0.4745203354134017
"frozenset({'ascending_soil_presence=0', 'usda_hydrologic_group=C'})","frozenset({'surface_stoniness_class=2', 'landslide_surface_class=3'})",0.41793679019791313,0.07986589978847287,0.06363551704411914,0.1522611039195297,1.9064595067832155,1.0,0.030256619240256598,1.0853979975034493,0.8168657233585339,0.14656915817212426,0.07867897093957729,0.4745203354134017
"frozenset({'hydraulic_hazard_level=0', 'usda_hydrologic_group=B'})","frozenset({'surface_stoniness_class=2', 'pai_landslide_hazard_level=Moderata P1'})",0.31753014372314337,0.11167035471811905,0.06743590994354842,0.21237640355287415,1.90181542889301,1.0,0.03197720616028968,1.1278606294796496,0.6948096168776638,0.18640826683337625,0.11336562881766654,0.40813006501208154
"frozenset({'surface_stoniness_class=2', 'pai_landslide_hazard_level=Moderata P1'})","frozenset({'hydraulic_hazard_level=0', 'usda_hydrologic_group=B'})",0.11167035471811905,0.31753014372314337,0.06743590994354842,0.603883726471289,1.9018154288930098,1.0,0.03197720616028968,1.7229028491993785,0.5337957839061087,0.18640826683337625,0.4195842206281722,0.40813006501208154
"frozenset({'descending_soil_presence=0', 'usda_hydrologic_group=C'})","frozenset({'surface_stoniness_class=2', 'landslide_surface_class=3'})",0.41668625251105307,0.07986589978847287,0.0631255460016053,0.15149418926397346,1.8968569773233652,1.0,0.029846523515323235,1.0844169698889479,0.810562285796726,0.14564298795772415,0.07784548954226797,0.47094420734714504
"frozenset({'surface_stoniness_class=2', 'landslide_surface_class=3'})","frozenset({'descending_soil_presence=0', 'usda_hydrologic_group=C'})",0.07986589978847287,0.41668625251105307,0.0631255460016053,0.7903942254303166,1.896856977323365,1.0,0.029846523515323235,2.782908766165811,0.51385132275024,0.14564298795772415,0.64066375004533,0.47094420734714504
"frozenset({'surface_stoniness_class=2', 'usda_hydrologic_group=C'})","frozenset({'landslide_surface_class=3', 'is_locality_1ring=0'})",0.0997414668540995,0.3071577761714922,0.05806131182290258,0.5821180864307309,1.895176132886582,1.0,0.027424944671914774,1.6579856685126926,0.5246765686122501,0.1664420827824672,0.3968584777351804,0.38557286693585924
"frozenset({'landslide_surface_class=3', 'is_locality_1ring=0'})","frozenset({'surface_stoniness_class=2', 'usda_hydrologic_group=C'})",0.3071577761714922,0.0997414668540995,0.05806131182290258,0.1890276474409875,1.895176132886582,1.0,0.027424944671914774,1.1100976874305848,0.6817490935018465,0.1664420827824672,0.09917837743218348,0.38557286693585924
"frozenset({'hydraulic_hazard_level=0', 'pai_landslide_hazard_level=Moderata P1'})","frozenset({'surface_stoniness_class=2', 'usda_hydrologic_group=B'})",0.2980802916147457,0.11944408721835187,0.06743590994354842,0.22623404445237882,1.8940581297993235,1.0,0.031831981593844975,1.138013253837781,0.6724887390165695,0.19262533883920654,0.12127561201273508,0.3954077220591205
"frozenset({'surface_stoniness_class=2', 'usda_hydrologic_group=B'})","frozenset({'hydraulic_hazard_level=0', 'pai_landslide_hazard_level=Moderata P1'})",0.11944408721835187,0.2980802916147457,0.06743590994354842,0.5645813996658622,1.8940581297993235,1.0,0.031831981593844975,1.6120572429533442,0.5360626085534311,0.19262533883920654,0.3796746335335055,0.3954077220591205
"frozenset({'surface_stoniness_class=2', 'usda_hydrologic_group=C'})","frozenset({'ascending_soil_presence=0', 'landslide_surface_class=3'})",0.0997414668540995,0.33719728784096,0.06363551704411914,0.6380046238662636,1.8920811254187198,1.0,0.030002964935637783,1.8309701058561938,0.5237178191731152,0.1704660196481391,0.45384143804336846,0.413361785361241
"frozenset({'ascending_soil_presence=0', 'landslide_surface_class=3'})","frozenset({'surface_stoniness_class=2', 'usda_hydrologic_group=C'})",0.33719728784096,0.0997414668540995,0.06363551704411914,0.1887189468562185,1.8920811254187198,1.0,0.030002964935637783,1.1096752841167976,0.7113450609387766,0.1704660196481391,0.09883547528418579,0.413361785361241
"frozenset({'surface_stoniness_class=1', 'descending_soil_presence=0'})","frozenset({'pai_landslide_hazard_level=Moderata P1', 'rooting_depth_class=1'})",0.44283224613419775,0.1051028145967016,0.0878480552365157,0.19837772882034851,1.8874635239937156,1.0,0.04130513977363219,1.1163576881245896,0.8438902531717081,0.19093791867066343,0.10422975481994752,0.5171037203234269
"frozenset({'pai_landslide_hazard_level=Moderata P1', 'rooting_depth_class=1'})","frozenset({'surface_stoniness_class=1', 'descending_soil_presence=0'})",0.1051028145967016,0.44283224613419775,0.0878480552365157,0.8358297118265052,1.8874635239937154,1.0,0.04130513977363219,3.3938403840589513,0.525410566194849,0.19093791867066343,0.7053485471217052,0.5171037203234269
"frozenset({'pai_landslide_hazard_level=Moderata P1', 'rooting_depth_class=1'})","frozenset({'ascending_soil_presence=0', 'surface_stoniness_class=1'})",0.1051028145967016,0.4434264732619965,0.08793674585260507,0.8366735580777183,1.8868371839030311,1.0,0.04133137544608019,3.4077368011411577,0.5252140383575652,0.19092090694651712,0.7065501069022916,0.5174927283958205
"frozenset({'ascending_soil_presence=0', 'surface_stoniness_class=1'})","frozenset({'pai_landslide_hazard_level=Moderata P1', 'rooting_depth_class=1'})",0.4434264732619965,0.1051028145967016,0.08793674585260507,0.19831189871392282,1.8868371839030311,1.0,0.04133137544608019,1.1162660191260094,0.8444752437564909,0.19092090694651712,0.10415619317789584,0.5174927283958205
"frozenset({'pai_landslide_hazard_level=Moderata P1', 'rooting_depth_class=1'})","frozenset({'surface_stoniness_class=1', 'is_locality_1ring=0'})",0.1051028145967016,0.4025755754912351,0.07978164370318798,0.7590818952786802,1.8855637090065016,1.0,0.03746981763117225,2.4797821865643144,0.5248140552879299,0.18645069021266011,0.5967387759223003,0.47862997409832975
"frozenset({'surface_stoniness_class=1', 'is_locality_1ring=0'})","frozenset({'pai_landslide_hazard_level=Moderata P1', 'rooting_depth_class=1'})",0.4025755754912351,0.1051028145967016,0.07978164370318798,0.19817805291797932,1.8855637090065016,1.0,0.03746981763117225,1.1160796840994387,0.7861322732552076,0.18645069021266011,0.1040066276209507,0.47862997409832975
"frozenset({'surface_stoniness_class=2', 'usda_hydrologic_group=C'})","frozenset({'landslide_surface_class=3', 'descending_soil_presence=0'})",0.0997414668540995,0.3363724651113289,0.0631255460016053,0.6328916948248267,1.8815205180821177,1.0,0.02957526292207195,1.8077159397742513,0.5204226862650932,0.16924265842349304,0.44681574245294275,0.41027865560721116
"frozenset({'landslide_surface_class=3', 'descending_soil_presence=0'})","frozenset({'surface_stoniness_class=2', 'usda_hydrologic_group=C'})",0.3363724651113289,0.0997414668540995,0.0631255460016053,0.18766561638959567,1.8815205180821177,1.0,0.02957526292207195,1.1082364003167255,0.70599084504753,0.16924265842349304,0.09766544420106787,0.41027865560721116
"frozenset({'is_locality_1ring=0', 'rooting_depth_class=1'})","frozenset({'usda_hydrologic_group=D', 'landslide_surface_class=3'})",0.31776960838658463,0.10947969650071174,0.06458450663627535,0.20324318289653634,1.8564463493485757,1.0,0.029795186352962043,1.1176814360204574,0.676217954221858,0.17808319679147003,0.10529067785134395,0.39658270615986896
"frozenset({'usda_hydrologic_group=D', 'landslide_surface_class=3'})","frozenset({'is_locality_1ring=0', 'rooting_depth_class=1'})",0.10947969650071174,0.31776960838658463,0.06458450663627535,0.5899222294232016,1.8564463493485757,1.0,0.029795186352962043,1.6636609944836034,0.5180526911199949,0.17808319679147003,0.39891600313055503,0.39658270615986896
"frozenset({'tipo_movimento_<lambda_0>_1ring=0', 'landslide_surface_class=3'})","frozenset({'surface_stoniness_class=1', 'usda_hydrologic_group=D'})",0.18185567376043776,0.1744677454401937,0.05889056908333814,0.323831354093004,1.8561101553525325,1.0,0.02716261968684717,1.2208969752693244,0.5637622333132328,0.19799618320610685,0.18093007005820094,0.3306877584841148
"frozenset({'surface_stoniness_class=1', 'usda_hydrologic_group=D'})","frozenset({'tipo_movimento_<lambda_0>_1ring=0', 'landslide_surface_class=3'})",0.1744677454401937,0.18185567376043776,0.05889056908333814,0.3375441628752256,1.8561101553525325,1.0,0.02716261968684717,1.235017159469098,0.5587169610705391,0.19799618320610685,0.1902946511043828,0.3306877584841148
"frozenset({'tipo_movimento_<lambda_0>_1ring=11', 'surface_stoniness_class=1'})","frozenset({'landslide_surface_class=3', 'descending_soil_presence=0'})",0.0811607827833776,0.3363724651113289,0.05061573460220042,0.6236476887771829,1.8540390592635898,1.0,0.023315482026990592,1.763314625948383,0.5013249637700499,0.13794853820959382,0.43288623295904494,0.3870614750689864
"frozenset({'landslide_surface_class=3', 'descending_soil_presence=0'})","frozenset({'tipo_movimento_<lambda_0>_1ring=11', 'surface_stoniness_class=1'})",0.3363724651113289,0.0811607827833776,0.05061573460220042,0.15047526136078995,1.8540390592635898,1.0,0.023315482026990592,1.0815920660397036,0.6941198384104117,0.13794853820959382,0.07543700494998681,0.3870614750689864
"frozenset({'rooting_depth_class=2', 'usda_hydrologic_group=B'})","frozenset({'landslide_surface_class=2', 'is_locality_1ring=0'})",0.12081435723693254,0.24152672026536232,0.05405249597566329,0.44740126266333874,1.852388266489872,1.0,0.024872600511259134,1.3725570264424092,0.5233893171487779,0.17533084004602995,0.27143282156228954,0.3355981802162742
"frozenset({'landslide_surface_class=2', 'is_locality_1ring=0'})","frozenset({'rooting_depth_class=2', 'usda_hydrologic_group=B'})",0.24152672026536232,0.12081435723693254,0.05405249597566329,0.22379509776920958,1.8523882664898719,1.0,0.024872600511259134,1.132672107888411,0.6066876520340483,0.17533084004602995,0.1171319634026706,0.3355981802162742
"frozenset({'pai_landslide_hazard_level=Moderata P1', 'usda_hydrologic_group=B'})","frozenset({'hydraulic_hazard_level=0', 'rooting_depth_class=4'})",0.17169616368740107,0.20799279832197354,0.06606563992496774,0.3847822718115605,1.8499788209778123,1.0,0.03035407437847757,1.2873608242892456,0.5546917098210709,0.2106528286413189,0.22321700246541057,0.3512082691381961
"frozenset({'hydraulic_hazard_level=0', 'rooting_depth_class=4'})","frozenset({'pai_landslide_hazard_level=Moderata P1', 'usda_hydrologic_group=B'})",0.20799279832197354,0.17169616368740107,0.06606563992496774,0.31763426646483167,1.849978820977812,1.0,0.03035407437847757,1.2138707962683903,0.5801124917073276,0.2106528286413189,0.1761890943631391,0.3512082691381961
"frozenset({'tipo_movimento_<lambda_0>_1ring=11', 'surface_stoniness_class=1'})","frozenset({'ascending_soil_presence=0', 'landslide_surface_class=3'})",0.0811607827833776,0.33719728784096,0.05061130007139594,0.6235930499398973,1.8493418316994787,1.0,0.023244104237791736,1.7608673592589275,0.49983400372640974,0.13762540999421183,0.43209805398354556,0.38684354031733614
"frozenset({'ascending_soil_presence=0', 'landslide_surface_class=3'})","frozenset({'tipo_movimento_<lambda_0>_1ring=11', 'surface_stoniness_class=1'})",0.33719728784096,0.0811607827833776,0.05061130007139594,0.15009403069477503,1.8493418316994785,1.0,0.023244104237791736,1.081106911118354,0.6929167251386008,0.13762540999421183,0.07502210029760405,0.38684354031733614
"frozenset({'pai_landslide_hazard_level=Moderata P1', 'is_locality_1ring=0'})","frozenset({'usda_hydrologic_group=B', 'rooting_depth_class=4'})",0.30103812366132604,0.10932005339175088,0.06083289357569523,0.20207704205641894,1.8484901515028656,1.0,0.027923389824086563,1.1162480509443202,0.6567138508915084,0.1740443294129588,0.10414177283084794,0.37927152443564094
"frozenset({'usda_hydrologic_group=B', 'rooting_depth_class=4'})","frozenset({'pai_landslide_hazard_level=Moderata P1', 'is_locality_1ring=0'})",0.10932005339175088,0.30103812366132604,0.06083289357569523,0.5564660068148629,1.8484901515028653,1.0,0.027923389824086563,1.5758924616335277,0.5153567756686189,0.1740443294129588,0.3654389342256089,0.37927152443564094
"frozenset({'pai_landslide_hazard_level=Moderata P1', 'descending_soil_presence=0'})","frozenset({'usda_hydrologic_group=B', 'rooting_depth_class=4'})",0.33403103284656965,0.10932005339175088,0.06749799337481098,0.20207102555592435,1.8484351158501384,1.0,0.030981703029522294,1.1162396342717018,0.6892240641449304,0.17958610599839542,0.10413501787861454,0.40975285822660734
"frozenset({'usda_hydrologic_group=B', 'rooting_depth_class=4'})","frozenset({'pai_landslide_hazard_level=Moderata P1', 'descending_soil_presence=0'})",0.10932005339175088,0.33403103284656965,0.06749799337481098,0.6174346908972903,1.8484351158501382,1.0,0.030981703029522294,1.7407981103028698,0.5153386913939058,0.17958610599839542,0.4255508470042993,0.40975285822660734
"frozenset({'ascending_soil_presence=0', 'pai_landslide_hazard_level=Moderata P1'})","frozenset({'usda_hydrologic_group=B', 'rooting_depth_class=4'})",0.334403533434145,0.10932005339175088,0.06742704088193949,0.20163375724383034,1.8444352247182978,1.0,0.03087002875252861,1.1156282654604588,0.6878471238589422,0.1791859149618177,0.10364408023736738,0.40920970679001517
"frozenset({'usda_hydrologic_group=B', 'rooting_depth_class=4'})","frozenset({'ascending_soil_presence=0', 'pai_landslide_hazard_level=Moderata P1'})",0.10932005339175088,0.334403533434145,0.06742704088193949,0.6167856563362,1.8444352247182978,1.0,0.03087002875252861,1.7368777488918663,0.5140214696888941,0.1791859149618177,0.4242542397483051,0.40920970679001517
"frozenset({'surface_stoniness_class=1', 'usda_hydrologic_group=D', 'landslide_surface_class=3'})","frozenset({'is_locality_1ring=0', 'rooting_depth_class=1'})",0.10764380074766189,0.31776960838658463,0.06304572444712488,0.5856883908708908,1.8431227386552582,1.0,0.02883979603829681,1.6466600900888981,0.5126232504467476,0.17398274490607601,0.3927101251685689,0.39204456385209113
"frozenset({'is_locality_1ring=0', 'rooting_depth_class=1'})","frozenset({'surface_stoniness_class=1', 'usda_hydrologic_group=D', 'landslide_surface_class=3'})",0.31776960838658463,0.10764380074766189,0.06304572444712488,0.19840073683329149,1.843122738655258,1.0,0.02883979603829681,1.1132198347177809,0.6705103452445551,0.17398274490607601,0.10170483060651164,0.39204456385209113
"frozenset({'landslide_surface_class=2', 'usda_hydrologic_group=B'})","frozenset({'pai_landslide_hazard_level=Moderata P1', 'descending_soil_presence=0'})",0.1527740207447351,0.33403103284656965,0.09402092211633548,0.615424806246553,1.8424180561967005,1.0,0.04298965817484836,1.7317002707678184,0.5396848431027548,0.23937046988958385,0.42253286155772785,0.44844921029221113
"frozenset({'pai_landslide_hazard_level=Moderata P1', 'descending_soil_presence=0'})","frozenset({'landslide_surface_class=2', 'usda_hydrologic_group=B'})",0.33403103284656965,0.1527740207447351,0.09402092211633548,0.2814736143378692,1.8424180561967005,1.0,0.04298965817484836,1.1791160299207883,0.6865710599719501,0.23937046988958385,0.15190704339149827,0.44844921029221113
"frozenset({'pai_landslide_hazard_level=Moderata P1', 'usda_hydrologic_group=B'})","frozenset({'surface_stoniness_class=2', 'hydraulic_hazard_level=0'})",0.17169616368740107,0.21320337201722372,0.06743590994354842,0.39276305594297223,1.842199080750199,1.0,0.030829708882973317,1.2956995381837069,0.5519357549279534,0.21242090265264216,0.2282161330382306,0.3545307854281191
"frozenset({'surface_stoniness_class=2', 'hydraulic_hazard_level=0'})","frozenset({'pai_landslide_hazard_level=Moderata P1', 'usda_hydrologic_group=B'})",0.21320337201722372,0.17169616368740107,0.06743590994354842,0.31629851491326594,1.842199080750199,1.0,0.030829708882973317,1.21149924986271,0.5810529518625774,0.21242090265264216,0.17457645961124396,0.3545307854281191
"frozenset({'pai_landslide_hazard_level=Moderata P1', 'is_locality_1ring=0'})","frozenset({'landslide_surface_class=2', 'usda_hydrologic_group=B'})",0.30103812366132604,0.1527740207447351,0.08471284195775666,0.28140237165795096,1.841951729005919,1.0,0.03872203740856511,1.1789991308626884,0.6539664368981853,0.2295123328487499,0.1518229540438358,0.4179500320163141
"frozenset({'landslide_surface_class=2', 'usda_hydrologic_group=B'})","frozenset({'pai_landslide_hazard_level=Moderata P1', 'is_locality_1ring=0'})",0.1527740207447351,0.30103812366132604,0.08471284195775666,0.5544976923746772,1.841951729005919,1.0,0.03872203740856511,1.5689298671972676,0.5395226527386165,0.2295123328487499,0.3626228801505337,0.4179500320163141
"frozenset({'landslide_surface_class=2', 'usda_hydrologic_group=B'})","frozenset({'ascending_soil_presence=0', 'pai_landslide_hazard_level=Moderata P1'})",0.1527740207447351,0.334403533434145,0.09393666603105058,0.6148732983077415,1.8387165111364776,1.0,0.042848493677069804,1.7282532310566985,0.5383951665058323,0.23887817585168644,0.42138109043859606,0.4478907063618963
"frozenset({'ascending_soil_presence=0', 'pai_landslide_hazard_level=Moderata P1'})","frozenset({'landslide_surface_class=2', 'usda_hydrologic_group=B'})",0.334403533434145,0.1527740207447351,0.09393666603105058,0.2809081144160511,1.8387165111364774,1.0,0.042848493677069804,1.1781887631331882,0.6853136924278936,0.23887817585168644,0.1512395710338692,0.4478907063618963
"frozenset({'landslide_surface_class=2', 'hydraulic_hazard_level=0'})","frozenset({'rooting_depth_class=2', 'usda_hydrologic_group=B'})",0.25927814707564867,0.12081435723693254,0.05749369187993064,0.22174522815899295,1.8354211637622004,1.0,0.02616916919540329,1.1296887273601965,0.6144896614578965,0.17822040771440745,0.11480040848353612,0.3488149133013435
"frozenset({'rooting_depth_class=2', 'usda_hydrologic_group=B'})","frozenset({'landslide_surface_class=2', 'hydraulic_hazard_level=0'})",0.12081435723693254,0.25927814707564867,0.05749369187993064,0.475884598443694,1.8354211637622004,1.0,0.02616916919540329,1.4132800729092392,0.5177130955044652,0.17822040771440745,0.2924261657906926,0.3488149133013435
"frozenset({'tipo_movimento_<lambda_0>_1ring=0', 'surface_stoniness_class=1'})","frozenset({'usda_hydrologic_group=D', 'landslide_surface_class=3'})",0.29325995663028875,0.10947969650071174,0.05889056908333814,0.20081353676793032,1.8342536852632287,1.0,0.02678455803564224,1.1142835176384824,0.6435451693076046,0.17126865190420304,0.1025623334002868,0.36936334647858604
"frozenset({'usda_hydrologic_group=D', 'landslide_surface_class=3'})","frozenset({'tipo_movimento_<lambda_0>_1ring=0', 'surface_stoniness_class=1'})",0.10947969650071174,0.29325995663028875,0.05889056908333814,0.5379131561892417,1.8342536852632285,1.0,0.02678455803564224,1.5294528568295436,0.5107341619046962,0.17126865190420304,0.3461714131725935,0.36936334647858604
"frozenset({'surface_stoniness_class=1', 'usda_hydrologic_group=D'})","frozenset({'landslide_surface_class=3', 'is_locality_1ring=0'})",0.1744677454401937,0.3071577761714922,0.09822485731897136,0.5629972294944463,1.8329252038213544,1.0,0.04463573261590747,1.5854412616812066,0.5504618360283297,0.25619375881931106,0.3692607703803564,0.44139177868283275
"frozenset({'landslide_surface_class=3', 'is_locality_1ring=0'})","frozenset({'surface_stoniness_class=1', 'usda_hydrologic_group=D'})",0.3071577761714922,0.1744677454401937,0.09822485731897136,0.3197863278712192,1.8329252038213544,1.0,0.04463573261590747,1.2136366679843995,0.655883814405163,0.25619375881931106,0.17603016917674874,0.44139177868283275
"frozenset({'surface_stoniness_class=1', 'landslide_surface_class=3'})","frozenset({'pai_landslide_hazard_level=Media P2', 'is_locality_1ring=0'})",0.20791297676749312,0.1725963734407081,0.06573748464543709,0.31617788205182895,1.8318918048440067,1.0,0.029852458864105577,1.2099690911460155,0.5733160867738516,0.20884167817193094,0.17353260730581505,0.34852598015646097
"frozenset({'pai_landslide_hazard_level=Media P2', 'is_locality_1ring=0'})","frozenset({'surface_stoniness_class=1', 'landslide_surface_class=3'})",0.1725963734407081,0.20791297676749312,0.06573748464543709,0.380874078261093,1.8318918048440065,1.0,0.029852458864105577,1.279363366030311,0.5488448659965689,0.20884167817193094,0.21836123610224753,0.34852598015646097
"frozenset({'surface_stoniness_class=2', 'usda_hydrologic_group=C'})","frozenset({'ascending_soil_presence=0', 'rooting_depth_class=2'})",0.0997414668540995,0.29776543992762844,0.05434074047795373,0.5448159345545083,1.829681559709969,1.0,0.024641178721115823,1.5427485568614752,0.5036962064758765,0.15835110163468372,0.3518062320963227,0.3636555285979386
"frozenset({'ascending_soil_presence=0', 'rooting_depth_class=2'})","frozenset({'surface_stoniness_class=2', 'usda_hydrologic_group=C'})",0.29776543992762844,0.0997414668540995,0.05434074047795373,0.18249512264136894,1.829681559709969,1.0,0.024641178721115823,1.101227109561288,0.6457341090509622,0.15835110163468372,0.09192210097480737,0.3636555285979386
"frozenset({'tipo_movimento_<lambda_0>_1ring=11', 'surface_stoniness_class=1'})","frozenset({'ascending_soil_presence=0', 'rooting_depth_class=1'})",0.0811607827833776,0.35169376904076666,0.05220329663020004,0.6432083925254071,1.8288876549611246,1.0,0.023659555034815007,1.8170445082719584,0.49325230105347484,0.13714205829585965,0.4496557484158615,0.39582117311245385
"frozenset({'ascending_soil_presence=0', 'rooting_depth_class=1'})","frozenset({'tipo_movimento_<lambda_0>_1ring=11', 'surface_stoniness_class=1'})",0.35169376904076666,0.0811607827833776,0.05220329663020004,0.14843395369950066,1.8288876549611244,1.0,0.023659555034815007,1.0789993579574728,0.699082526971381,0.13714205829585965,0.07321538921674363,0.39582117311245385
"frozenset({'surface_stoniness_class=2', 'usda_hydrologic_group=C'})","frozenset({'rooting_depth_class=2', 'descending_soil_presence=0'})",0.0997414668540995,0.2964616878711148,0.05402588879083649,0.5416592566245777,1.8270801212602596,1.0,0.024456365176529295,1.534967864623425,0.5028318095677633,0.15788859801456673,0.34852056316805635,0.361947453989521
"frozenset({'rooting_depth_class=2', 'descending_soil_presence=0'})","frozenset({'surface_stoniness_class=2', 'usda_hydrologic_group=C'})",0.2964616878711148,0.0997414668540995,0.05402588879083649,0.18223565135446426,1.8270801212602594,1.0,0.024456365176529295,1.1008776973916754,0.6434313803476911,0.15788859801456673,0.09163388233832528,0.361947453989521
"frozenset({'pai_landslide_hazard_level=Moderata P1', 'usda_hydrologic_group=B'})","frozenset({'is_locality_1ring=0', 'rooting_depth_class=4'})",0.17169616368740107,0.19397524644904945,0.06083289357569523,0.35430549098610464,1.8265500236349403,1.0,0.027528087910075272,1.2483066563194283,0.5463210056127997,0.1995577667219458,0.1989147899375529,0.33395856141367786
"frozenset({'is_locality_1ring=0', 'rooting_depth_class=4'})","frozenset({'pai_landslide_hazard_level=Moderata P1', 'usda_hydrologic_group=B'})",0.19397524644904945,0.17169616368740107,0.06083289357569523,0.313611631841251,1.8265500236349403,1.0,0.027528087910075272,1.2067568081530011,0.5614216968072733,0.1995577667219458,0.17133262207938338,0.33395856141367786
"frozenset({'descending_soil_presence=0', 'rooting_depth_class=1'})","frozenset({'tipo_movimento_<lambda_0>_1ring=11', 'surface_stoniness_class=1'})",0.3514498698465209,0.0811607827833776,0.0520835642984794,0.14819628279055683,1.8259592589945874,1.0,0.02355961775261959,1.0786982947512735,0.6974675262432096,0.13687215942197878,0.07295672491020283,0.39496471335462713
"frozenset({'tipo_movimento_<lambda_0>_1ring=11', 'surface_stoniness_class=1'})","frozenset({'descending_soil_presence=0', 'rooting_depth_class=1'})",0.0811607827833776,0.3514498698465209,0.0520835642984794,0.6417331439186974,1.8259592589945872,1.0,0.02355961775261959,1.810243172497937,0.4922979411927037,0.13687215942197878,0.4475880283972515,0.39496471335462713
"frozenset({'surface_stoniness_class=2', 'descending_soil_presence=0'})","frozenset({'pai_landslide_hazard_level=Moderata P1', 'usda_hydrologic_group=B'})",0.22061347299149014,0.17169616368740107,0.06855784623707889,0.310760015276689,1.8099415188010537,1.0,0.03067935926668596,1.201764051232625,0.5741643526179372,0.2117605161148931,0.16788990403372434,0.35502874982544097
"frozenset({'pai_landslide_hazard_level=Moderata P1', 'usda_hydrologic_group=B'})","frozenset({'surface_stoniness_class=2', 'descending_soil_presence=0'})",0.17169616368740107,0.22061347299149014,0.06855784623707889,0.3992974843741929,1.8099415188010535,1.0,0.03067935926668596,1.2974584036768202,0.5402558108521184,0.2117605161148931,0.22926238161767934,0.35502874982544097
"frozenset({'ascending_soil_presence=0', 'rooting_depth_class=1'})","frozenset({'usda_hydrologic_group=D', 'landslide_surface_class=3'})",0.35169376904076666,0.10947969650071174,0.06957335379130211,0.19782367478690674,1.8069439458632466,1.0,0.031070026695527567,1.1101303734721004,0.6888402118636624,0.1776642848245326,0.09920490070697822,0.4166573007764735
"frozenset({'usda_hydrologic_group=D', 'landslide_surface_class=3'})","frozenset({'ascending_soil_presence=0', 'rooting_depth_class=1'})",0.10947969650071174,0.35169376904076666,0.06957335379130211,0.6354909267660402,1.8069439458632466,1.0,0.031070026695527567,1.7785736448407108,0.5014814370112198,0.1776642848245326,0.43775170463095436,0.4166573007764735
"frozenset({'surface_stoniness_class=2', 'is_locality_1ring=0'})","frozenset({'pai_landslide_hazard_level=Moderata P1', 'usda_hydrologic_group=B'})",0.19797962776548428,0.17169616368740107,0.06140494804947163,0.31015791242020385,1.8064347260833005,1.0,0.027412605473878304,1.200715136443145,0.5566235123391112,0.19919155302376432,0.16716299341217564,0.33389759353641013
"frozenset({'pai_landslide_hazard_level=Moderata P1', 'usda_hydrologic_group=B'})","frozenset({'surface_stoniness_class=2', 'is_locality_1ring=0'})",0.17169616368740107,0.19797962776548428,0.06140494804947163,0.35763727465261635,1.8064347260833002,1.0,0.027412605473878304,1.248547495966225,0.5389609186745562,0.19919155302376432,0.19906931596052674,0.33389759353641013
"frozenset({'descending_soil_presence=0', 'rooting_depth_class=1'})","frozenset({'usda_hydrologic_group=D', 'landslide_surface_class=3'})",0.3514498698465209,0.10947969650071174,0.06949796676762615,0.19774645754734838,1.8062386348144728,1.0,0.031021341681614405,1.110023522958574,0.688247951379345,0.17754817659654015,0.09911819045539279,0.41627439533232613
"frozenset({'usda_hydrologic_group=D', 'landslide_surface_class=3'})","frozenset({'descending_soil_presence=0', 'rooting_depth_class=1'})",0.10947969650071174,0.3514498698465209,0.06949796676762615,0.6348023331173039,1.8062386348144726,1.0,0.031021341681614405,1.7758879340316205,0.5012387664727695,0.17754817659654015,0.436901405298813,0.41627439533232613
"frozenset({'landslide_surface_class=2', 'descending_soil_presence=0'})","frozenset({'rooting_depth_class=2', 'usda_hydrologic_group=B'})",0.2763466561420469,0.12081435723693254,0.06023423191709201,0.21796620504838166,1.8041415774858762,1.0,0.026847588280715,1.1242297307847924,0.6159299594292393,0.17877543499434043,0.11050208634677473,0.3582673485967206
"frozenset({'rooting_depth_class=2', 'usda_hydrologic_group=B'})","frozenset({'landslide_surface_class=2', 'descending_soil_presence=0'})",0.12081435723693254,0.2763466561420469,0.06023423191709201,0.4985684921450595,1.8041415774858762,1.0,0.026847588280715,1.443174855432697,0.5069688960371023,0.17877543499434043,0.3070832711396036,0.3582673485967206
"frozenset({'landslide_surface_class=2', 'ascending_soil_presence=0'})","frozenset({'rooting_depth_class=2', 'usda_hydrologic_group=B'})",0.2766748114215775,0.12081435723693254,0.06026527363272329,0.21781987786700008,1.8029304037087843,1.0,0.026838984127175884,1.1240194143077098,0.6156946101417932,0.17870997435728847,0.11033565143898698,0.3583226536596783
"frozenset({'rooting_depth_class=2', 'usda_hydrologic_group=B'})","frozenset({'landslide_surface_class=2', 'ascending_soil_presence=0'})",0.12081435723693254,0.2766748114215775,0.06026527363272329,0.49882542945235653,1.8029304037087843,1.0,0.026838984127175884,1.4432599558832975,0.5065453737255214,0.17870997435728847,0.30712412831548114,0.3583226536596783
"frozenset({'descending_soil_presence=0', 'rooting_depth_class=4'})","frozenset({'pai_landslide_hazard_level=Moderata P1', 'usda_hydrologic_group=B'})",0.21809465949455217,0.17169616368740107,0.06749799337481098,0.30948943697769465,1.8025413633653875,1.0,0.03005197701888635,1.1995527377411639,0.5694138240541146,0.20943063925809738,0.16635595206671347,0.35130704092285736
"frozenset({'pai_landslide_hazard_level=Moderata P1', 'usda_hydrologic_group=B'})","frozenset({'descending_soil_presence=0', 'rooting_depth_class=4'})",0.17169616368740107,0.21809465949455217,0.06749799337481098,0.39312464486802,1.8025413633653875,1.0,0.03005197701888635,1.2884117535723678,0.5375173824711277,0.20943063925809738,0.223850607364215,0.35130704092285736
"frozenset({'pai_landslide_hazard_level=Moderata P1', 'usda_hydrologic_group=B'})","frozenset({'ascending_soil_presence=0', 'surface_stoniness_class=2'})",0.17169616368740107,0.22103031888711014,0.06839820312811803,0.3983676842812129,1.8023214475145226,1.0,0.03044814531659832,1.2947603723417564,0.5374356585172315,0.2108918878269549,0.2276563128114901,0.35390968127549
"frozenset({'ascending_soil_presence=0', 'surface_stoniness_class=2'})","frozenset({'pai_landslide_hazard_level=Moderata P1', 'usda_hydrologic_group=B'})",0.22103031888711014,0.17169616368740107,0.06839820312811803,0.3094516782697671,1.8023214475145226,1.0,0.03044814531659832,1.19948714702138,0.571472842287038,0.2108918878269549,0.16631036649017475,0.35390968127549
"frozenset({'hydraulic_hazard_level=0', 'pai_landslide_hazard_level=Media P2'})","frozenset({'surface_stoniness_class=1', 'landslide_surface_class=3'})",0.175332478947065,0.20791297676749312,0.06568427027578347,0.37462694117051953,1.8018449208654295,1.0,0.029230372653875368,1.2665832210857744,0.5396275105675826,0.2068397313261929,0.21047430334443148,0.3452744389120167
"frozenset({'surface_stoniness_class=1', 'landslide_surface_class=3'})","frozenset({'hydraulic_hazard_level=0', 'pai_landslide_hazard_level=Media P2'})",0.20791297676749312,0.175332478947065,0.06568427027578347,0.31592193665351387,1.8018449208654292,1.0,0.029230372653875368,1.2055166876989012,0.5618237243878025,0.2068397313261929,0.1704801682100252,0.3452744389120167
"frozenset({'landslide_surface_class=3', 'descending_soil_presence=0'})","frozenset({'surface_stoniness_class=1', 'usda_hydrologic_group=D'})",0.3363724651113289,0.1744677454401937,0.10548861877669033,0.313606581150383,1.7975046353647361,1.0,0.046802473160556565,1.202710037551618,0.6685575532416287,0.2602398039558901,0.16854439658978737,0.4591188231985298
"frozenset({'surface_stoniness_class=1', 'usda_hydrologic_group=D'})","frozenset({'landslide_surface_class=3', 'descending_soil_presence=0'})",0.1744677454401937,0.3363724651113289,0.10548861877669033,0.6046310652466766,1.797504635364736,1.0,0.046802473160556565,1.6785019675425898,0.5374389656349899,0.2602398039558901,0.4042306655951976,0.4591188231985298
"frozenset({'ascending_soil_presence=0', 'rooting_depth_class=4'})","frozenset({'pai_landslide_hazard_level=Moderata P1', 'usda_hydrologic_group=B'})",0.21858245788304367,0.17169616368740107,0.06742704088193949,0.3084741636404212,1.7966281657990055,1.0,0.02989727141405797,1.1977915975967939,0.5674326181029155,0.208848414922257,0.16513022632120297,0.35059278201133615
"frozenset({'pai_landslide_hazard_level=Moderata P1', 'usda_hydrologic_group=B'})","frozenset({'ascending_soil_presence=0', 'rooting_depth_class=4'})",0.17169616368740107,0.21858245788304367,0.06742704088193949,0.3927114003822511,1.7966281657990053,1.0,0.02989727141405797,1.2867317822346922,0.5353129882011454,0.208848414922257,0.222837258077763,0.35059278201133615
"frozenset({'ascending_soil_presence=0', 'landslide_surface_class=3'})","frozenset({'surface_stoniness_class=1', 'usda_hydrologic_group=D'})",0.33719728784096,0.1744677454401937,0.10565269641645565,0.3133260563658123,1.7958967462740454,1.0,0.046822645838295325,1.2022186981360001,0.6686380523697437,0.2602204091440305,0.16820458577922096,0.4594487842259125
"frozenset({'surface_stoniness_class=1', 'usda_hydrologic_group=D'})","frozenset({'ascending_soil_presence=0', 'landslide_surface_class=3'})",0.1744677454401937,0.33719728784096,0.10565269641645565,0.6055715120860128,1.7958967462740454,1.0,0.046822645838295325,1.6804128821029203,0.5368356137698291,0.2602204091440305,0.4049081564117924,0.4594487842259125
"frozenset({'ascending_soil_presence=0', 'pai_landslide_hazard_level=Media P2'})","frozenset({'surface_stoniness_class=1', 'landslide_surface_class=3'})",0.194245752828122,0.20791297676749312,0.07248684052983774,0.3731707873889916,1.7948412513294183,1.0,0.0321006278349002,1.2636408886132315,0.549606363584513,0.21987570955852678,0.20863592733419797,0.3609055387302215
"frozenset({'surface_stoniness_class=1', 'landslide_surface_class=3'})","frozenset({'ascending_soil_presence=0', 'pai_landslide_hazard_level=Media P2'})",0.20791297676749312,0.194245752828122,0.07248684052983774,0.3486402900714514,1.7948412513294183,1.0,0.0321006278349002,1.2370342145667341,0.5590896564921005,0.21987570955852678,0.1916149220252202,0.3609055387302215
"frozenset({'pai_landslide_hazard_level=Media P2', 'descending_soil_presence=0'})","frozenset({'surface_stoniness_class=1', 'landslide_surface_class=3'})",0.1937889961552618,0.20791297676749312,0.07229172117444113,0.37304347826086953,1.7942289320307319,1.0,0.032000474119016374,1.2633842950310443,0.5490591413100943,0.21945801865837405,0.20847520114580198,0.36037265093591625
"frozenset({'surface_stoniness_class=1', 'landslide_surface_class=3'})","frozenset({'pai_landslide_hazard_level=Media P2', 'descending_soil_presence=0'})",0.20791297676749312,0.1937889961552618,0.07229172117444113,0.34770182361096297,1.7942289320307319,1.0,0.032000474119016374,1.2359547106320685,0.558849606801101,0.21945801865837405,0.19090886470378918,0.36037265093591625
"frozenset({'surface_stoniness_class=1', 'usda_hydrologic_group=D', 'landslide_surface_class=3'})","frozenset({'ascending_soil_presence=0', 'rooting_depth_class=1'})",0.10764380074766189,0.35169376904076666,0.06780841053112376,0.629933261926341,1.791141377467288,1.0,0.02995075653230525,1.7518630135037776,0.4949781035209035,0.1731886602258441,0.42917911258371133,0.4113692637366612
"frozenset({'ascending_soil_presence=0', 'rooting_depth_class=1'})","frozenset({'surface_stoniness_class=1', 'usda_hydrologic_group=D', 'landslide_surface_class=3'})",0.35169376904076666,0.10764380074766189,0.06780841053112376,0.19280526554698138,1.7911413774672877,1.0,0.02995075653230525,1.1055029984270495,0.681308860039043,0.1731886602258441,0.09543438468928904,0.4113692637366612
"frozenset({'hydraulic_hazard_level=0', 'usda_hydrologic_group=B'})","frozenset({'rooting_depth_class=2', 'landslide_surface_class=3'})",0.31753014372314337,0.09622044939535172,0.05469106841150672,0.17223898106251048,1.7900454855995622,1.0,0.024138175285895243,1.0918363270654323,0.6467025228500272,0.1523175536316368,0.08411180759323521,0.3703161906879517
"frozenset({'rooting_depth_class=2', 'landslide_surface_class=3'})","frozenset({'hydraulic_hazard_level=0', 'usda_hydrologic_group=B'})",0.09622044939535172,0.31753014372314337,0.05469106841150672,0.5683934003133929,1.7900454855995622,1.0,0.024138175285895243,1.5812312804586475,0.48834362044158053,0.1523175536316368,0.36758144595397657,0.3703161906879517
"frozenset({'descending_soil_presence=0', 'rooting_depth_class=1'})","frozenset({'surface_stoniness_class=1', 'usda_hydrologic_group=D', 'landslide_surface_class=3'})",0.3514498698465209,0.10764380074766189,0.06770641632262099,0.19264885871828197,1.7896883738794076,1.0,0.02987501656007039,1.1052888311220685,0.680353740015988,0.17299085645656537,0.09525911070247697,0.4108173023920157
"frozenset({'surface_stoniness_class=1', 'usda_hydrologic_group=D', 'landslide_surface_class=3'})","frozenset({'descending_soil_presence=0', 'rooting_depth_class=1'})",0.10764380074766189,0.3514498698465209,0.06770641632262099,0.6289857460657494,1.7896883738794076,1.0,0.02987501656007039,1.7480463978842498,0.49447015329469524,0.17299085645656537,0.4279328047525791,0.4108173023920157
"frozenset({'surface_stoniness_class=1', 'descending_soil_presence=0'})","frozenset({'pai_landslide_hazard_level=Media P2', 'rooting_depth_class=1'})",0.44283224613419775,0.07194582777169262,0.05701032802224361,0.12874023633086323,1.7894051721720077,1.0,0.025150395510120827,1.0651865389949746,0.7917814186351855,0.12453985352811253,0.061197298884831504,0.4605732739839721
"frozenset({'pai_landslide_hazard_level=Media P2', 'rooting_depth_class=1'})","frozenset({'surface_stoniness_class=1', 'descending_soil_presence=0'})",0.07194582777169262,0.44283224613419775,0.05701032802224361,0.7924063116370809,1.7894051721720075,1.0,0.025150395510120827,2.6839339782419165,0.4753548745052328,0.12453985352811253,0.6274125935634827,0.4605732739839721
"frozenset({'ascending_soil_presence=0', 'surface_stoniness_class=1'})","frozenset({'pai_landslide_hazard_level=Media P2', 'rooting_depth_class=1'})",0.4434264732619965,0.07194582777169262,0.0569837208374168,0.12850771046262777,1.7861732145250215,1.0,0.025081036162700132,1.064902332894948,0.790809950442111,0.12431313365838557,0.06094674684251143,0.46027209980725076
"frozenset({'pai_landslide_hazard_level=Media P2', 'rooting_depth_class=1'})","frozenset({'ascending_soil_presence=0', 'surface_stoniness_class=1'})",0.07194582777169262,0.4434264732619965,0.0569837208374168,0.7920364891518737,1.7861732145250213,1.0,0.025081036162700132,2.6763037634254196,0.4742652921221857,0.12431313365838557,0.6263503367345369,0.46027209980725076
"frozenset({'surface_stoniness_class=1', 'is_locality_1ring=0'})","frozenset({'pai_landslide_hazard_level=Media P2', 'rooting_depth_class=1'})",0.4025755754912351,0.07194582777169262,0.05165784934125045,0.12831838910797297,1.7835417713890056,1.0,0.022694216321868008,1.0646710457486788,0.735353044836648,0.1221619807670124,0.06074274867050793,0.4231643720687794
"frozenset({'pai_landslide_hazard_level=Media P2', 'rooting_depth_class=1'})","frozenset({'surface_stoniness_class=1', 'is_locality_1ring=0'})",0.07194582777169262,0.4025755754912351,0.05165784934125045,0.7180103550295858,1.7835417713890054,1.0,0.022694216321868008,2.1186041231104262,0.4733752433518799,0.1221619807670124,0.5279911007952486,0.4231643720687794
"frozenset({'landslide_surface_class=2', 'descending_soil_presence=0'})","frozenset({'rooting_depth_class=2', 'surface_stoniness_class=3'})",0.2763466561420469,0.129266572950249,0.06370203500618617,0.23051494776706194,1.7832525648821878,1.0,0.02797964982044289,1.1315793913384078,0.6069576577800738,0.18631163912738966,0.11627941649129767,0.36165541556449154
"frozenset({'rooting_depth_class=2', 'surface_stoniness_class=3'})","frozenset({'landslide_surface_class=2', 'descending_soil_presence=0'})",0.129266572950249,0.2763466561420469,0.06370203500618617,0.4927958833619211,1.7832525648821878,1.0,0.02797964982044289,1.4267497445694508,0.5044333029925651,0.18631163912738966,0.2991062351290141,0.36165541556449154
"frozenset({'rooting_depth_class=2', 'pai_landslide_hazard_level=Moderata P1'})","frozenset({'hydraulic_hazard_level=0', 'usda_hydrologic_group=B'})",0.10169266040806553,0.31753014372314337,0.05757351343441107,0.5661521018663875,1.7829869480360871,1.0,0.025283028359449213,1.5730624931290456,0.4888565185368553,0.1591970865572082,0.36429734713790207,0.3737343940425173
"frozenset({'hydraulic_hazard_level=0', 'usda_hydrologic_group=B'})","frozenset({'rooting_depth_class=2', 'pai_landslide_hazard_level=Moderata P1'})",0.31753014372314337,0.10169266040806553,0.05757351343441107,0.181316686218647,1.7829869480360871,1.0,0.025283028359449213,1.097258640148426,0.6434619706205323,0.1591970865572082,0.08863784397748717,0.3737343940425173
"frozenset({'landslide_surface_class=2', 'ascending_soil_presence=0'})","frozenset({'rooting_depth_class=2', 'surface_stoniness_class=3'})",0.2766748114215775,0.129266572950249,0.06373307672181745,0.2303537369171836,1.7820054454900742,1.0,0.027968272027693718,1.1313423696257943,0.6066904539233481,0.1862405888374866,0.11609427274365891,0.361694878750187
"frozenset({'rooting_depth_class=2', 'surface_stoniness_class=3'})","frozenset({'landslide_surface_class=2', 'ascending_soil_presence=0'})",0.129266572950249,0.2766748114215775,0.06373307672181745,0.49303602058319046,1.782005445490074,1.0,0.027968272027693718,1.4267782681730288,0.5039825891142236,0.1862405888374866,0.299120247128177,0.361694878750187
"frozenset({'surface_stoniness_class=1', 'pai_landslide_hazard_level=Moderata P1'})","frozenset({'hydraulic_hazard_level=0', 'rooting_depth_class=1'})",0.15201128144636658,0.24734482468082464,0.06696584967827479,0.4405321042037399,1.7810443568900436,1.0,0.029366645919415756,1.345305389235896,0.5171432836413925,0.20146754719498366,0.2566743521573357,0.3556354696037076
"frozenset({'hydraulic_hazard_level=0', 'rooting_depth_class=1'})","frozenset({'surface_stoniness_class=1', 'pai_landslide_hazard_level=Moderata P1'})",0.24734482468082464,0.15201128144636658,0.06696584967827479,0.27073883500367535,1.7810443568900434,1.0,0.029366645919415756,1.1628052599755634,0.5826461901596788,0.20146754719498366,0.14001077014304583,0.3556354696037076
"frozenset({'usda_hydrologic_group=B', 'is_locality_1ring=0'})","frozenset({'surface_stoniness_class=2', 'pai_landslide_hazard_level=Moderata P1'})",0.3099160543318714,0.11167035471811905,0.06140494804947163,0.1981341308111666,1.774276900179116,1.0,0.02679651232939169,1.1078282284049752,0.632372507072942,0.17048336657555835,0.09733298506053036,0.374005513503431
"frozenset({'surface_stoniness_class=2', 'pai_landslide_hazard_level=Moderata P1'})","frozenset({'usda_hydrologic_group=B', 'is_locality_1ring=0'})",0.11167035471811905,0.3099160543318714,0.06140494804947163,0.5498768961956954,1.774276900179116,1.0,0.02679651232939169,1.5331004781486381,0.4912479473478215,0.17048336657555835,0.3477270314287598,0.374005513503431
"frozenset({'landslide_surface_class=2', 'is_locality_1ring=0'})","frozenset({'rooting_depth_class=2', 'surface_stoniness_class=3'})",0.24152672026536232,0.129266572950249,0.055232081169651843,0.22867896814468008,1.7690495147008507,1.0,0.024010749765035005,1.1288858867951606,0.5731575638411075,0.17502810567734683,0.1141708726300581,0.3279758477087037
"frozenset({'rooting_depth_class=2', 'surface_stoniness_class=3'})","frozenset({'landslide_surface_class=2', 'is_locality_1ring=0'})",0.129266572950249,0.24152672026536232,0.055232081169651843,0.4272727272727273,1.7690495147008507,1.0,0.024010749765035005,1.3243184249334943,0.4992626718423214,0.17502810567734683,0.2448945954593823,0.3279758477087037
"frozenset({'rooting_depth_class=2', 'surface_stoniness_class=3'})","frozenset({'landslide_surface_class=2', 'hydraulic_hazard_level=0'})",0.129266572950249,0.25927814707564867,0.05909899203114814,0.4571869639794168,1.7633069702786213,1.0,0.02558299451778842,1.3645984966659193,0.4971484466993299,0.17938915884831272,0.2671837156179868,0.34256180654331037
"frozenset({'landslide_surface_class=2', 'hydraulic_hazard_level=0'})","frozenset({'rooting_depth_class=2', 'surface_stoniness_class=3'})",0.25927814707564867,0.129266572950249,0.05909899203114814,0.22793664910720393,1.7633069702786213,1.0,0.02558299451778842,1.1278004920747178,0.5844079920660552,0.17938915884831272,0.11331835104949663,0.34256180654331037
"frozenset({'descending_soil_presence=0', 'usda_hydrologic_group=B'})","frozenset({'surface_stoniness_class=2', 'pai_landslide_hazard_level=Moderata P1'})",0.34819935876684566,0.11167035471811905,0.06855784623707889,0.19689251146204792,1.7631582881513062,1.0,0.02967430033096364,1.1061155050354154,0.664061861964852,0.17520001813195532,0.09593528393042262,0.40541154840039095
"frozenset({'surface_stoniness_class=2', 'pai_landslide_hazard_level=Moderata P1'})","frozenset({'descending_soil_presence=0', 'usda_hydrologic_group=B'})",0.11167035471811905,0.34819935876684566,0.06855784623707889,0.613930585338734,1.763158288151306,1.0,0.02967430033096364,1.6882990894397543,0.48724699186395753,0.17520001813195532,0.40768788761721114,0.40541154840039095
"frozenset({'ascending_soil_presence=0', 'usda_hydrologic_group=B'})","frozenset({'surface_stoniness_class=2', 'pai_landslide_hazard_level=Moderata P1'})",0.34873150246338186,0.11167035471811905,0.06839820312811803,0.19613428280773146,1.756368405050904,1.0,0.029455232546649578,1.105072185917602,0.6612378296051057,0.17448358560148422,0.09508173968776047,0.40431763779017343
"frozenset({'surface_stoniness_class=2', 'pai_landslide_hazard_level=Moderata P1'})","frozenset({'ascending_soil_presence=0', 'usda_hydrologic_group=B'})",0.11167035471811905,0.34873150246338186,0.06839820312811803,0.6125009927726154,1.7563684050509039,1.0,0.029455232546649578,1.6806972028045826,0.484778786893509,0.17448358560148422,0.40500882709193664,0.40431763779017343
"frozenset({'landslide_surface_class=3', 'pai_landslide_hazard_level=Media P2'})","frozenset({'surface_stoniness_class=1', 'hydraulic_hazard_level=0'})",0.1151115506223864,0.3268204857585043,0.06568427027578347,0.5706140688804993,1.7459556354191947,1.0,0.028063457384960487,1.5677726386758248,0.48282668956293606,0.17457717013377336,0.36215240951990213,0.38579686469574836
"frozenset({'surface_stoniness_class=1', 'hydraulic_hazard_level=0'})","frozenset({'landslide_surface_class=3', 'pai_landslide_hazard_level=Media P2'})",0.3268204857585043,0.1151115506223864,0.06568427027578347,0.20097966051099744,1.7459556354191947,1.0,0.028063457384960487,1.1074667385107195,0.6346713641856346,0.17457717013377336,0.09703834415400765,0.38579686469574836
"frozenset({'usda_hydrologic_group=B', 'is_locality_1ring=0'})","frozenset({'rooting_depth_class=2', 'pai_landslide_hazard_level=Moderata P1'})",0.3099160543318714,0.10169266040806553,0.05479306262000949,0.17679969092964357,1.738568842826941,1.0,0.023276874551830903,1.091237855105274,0.615597952030671,0.15356126418353777,0.08360950335293509,0.3578050434414483
"frozenset({'rooting_depth_class=2', 'pai_landslide_hazard_level=Moderata P1'})","frozenset({'usda_hydrologic_group=B', 'is_locality_1ring=0'})",0.10169266040806553,0.3099160543318714,0.05479306262000949,0.5388103959532531,1.738568842826941,1.0,0.023276874551830903,1.496312882191899,0.47290525743173956,0.15356126418353777,0.3316905762816576,0.3578050434414483
"frozenset({'rooting_depth_class=2', 'pai_landslide_hazard_level=Moderata P1'})","frozenset({'ascending_soil_presence=0', 'usda_hydrologic_group=B'})",0.10169266040806553,0.34873150246338186,0.061382775395449285,0.6036106750392465,1.7308751024081281,1.0,0.025919341141846124,1.6430021106171315,0.4700591259566337,0.15777955089479084,0.39135805514918803,0.38981398451860594
"frozenset({'ascending_soil_presence=0', 'usda_hydrologic_group=B'})","frozenset({'rooting_depth_class=2', 'pai_landslide_hazard_level=Moderata P1'})",0.34873150246338186,0.10169266040806553,0.061382775395449285,0.17601729399796542,1.7308751024081281,1.0,0.025919341141846124,1.0902016911866064,0.6483617194539213,0.15777955089479084,0.08273853536993546,0.38981398451860594
"frozenset({'descending_soil_presence=0', 'usda_hydrologic_group=B'})","frozenset({'rooting_depth_class=2', 'pai_landslide_hazard_level=Moderata P1'})",0.34819935876684566,0.10169266040806553,0.06127191212533758,0.17596790626591952,1.730389445608043,1.0,0.025862592979954566,1.0901363507837147,0.647583609300386,0.15766531636903064,0.08268355671188693,0.38924420082177885
"frozenset({'rooting_depth_class=2', 'pai_landslide_hazard_level=Moderata P1'})","frozenset({'descending_soil_presence=0', 'usda_hydrologic_group=B'})",0.10169266040806553,0.34819935876684566,0.06127191212533758,0.6025204953776382,1.730389445608043,1.0,0.025862592979954566,1.6398345918550403,0.46987861858705665,0.15766531636903064,0.39018239707410757,0.38924420082177885
"frozenset({'ascending_soil_presence=0', 'usda_hydrologic_group=C'})","frozenset({'rooting_depth_class=2', 'surface_stoniness_class=3'})",0.41793679019791313,0.129266572950249,0.09318279579429098,0.22295906457568487,1.7248006154034536,1.0,0.03915753921557954,1.120576004884831,0.7219539635806562,0.20523915103093288,0.10760180867626504,0.4719083487543948
"frozenset({'rooting_depth_class=2', 'surface_stoniness_class=3'})","frozenset({'ascending_soil_presence=0', 'usda_hydrologic_group=C'})",0.129266572950249,0.41793679019791313,0.09318279579429098,0.7208576329331047,1.7248006154034536,1.0,0.03915753921557954,2.0851840439634794,0.4826079122687516,0.20523915103093288,0.5204260252734247,0.4719083487543948
"frozenset({'landslide_surface_class=2', 'rooting_depth_class=2'})","frozenset({'hydraulic_hazard_level=0', 'usda_hydrologic_group=B'})",0.10523141599003118,0.31753014372314337,0.05749369187993064,0.5463548251158871,1.7206392398205113,1.0,0.024079545236426157,1.5044133478355604,0.4680770587714076,0.15740144957447583,0.3352890670381736,0.3637100643651051
"frozenset({'hydraulic_hazard_level=0', 'usda_hydrologic_group=B'})","frozenset({'landslide_surface_class=2', 'rooting_depth_class=2'})",0.31753014372314337,0.10523141599003118,0.05749369187993064,0.18106530361432321,1.720639239820511,1.0,0.024079545236426157,1.0926006529690107,0.6136837301053498,0.15740144957447583,0.08475251476134432,0.3637100643651051
"frozenset({'surface_stoniness_class=1', 'usda_hydrologic_group=D'})","frozenset({'hydraulic_hazard_level=0', 'landslide_surface_class=3'})",0.1744677454401937,0.3146255260462167,0.09440229176551974,0.5410873598861297,1.7197821381048626,1.0,0.03951028557830138,1.4934748229722346,0.5069832192795972,0.23918026156127814,0.33042058385031703,0.42056693608480045
"frozenset({'hydraulic_hazard_level=0', 'landslide_surface_class=3'})","frozenset({'surface_stoniness_class=1', 'usda_hydrologic_group=D'})",0.3146255260462167,0.1744677454401937,0.09440229176551974,0.3000465122834712,1.7197821381048624,1.0,0.03951028557830138,1.1794101594563882,0.6106603264948808,0.23918026156127814,0.1521185467310894,0.42056693608480045
"frozenset({'rooting_depth_class=2', 'surface_stoniness_class=3'})","frozenset({'descending_soil_presence=0', 'usda_hydrologic_group=C'})",0.129266572950249,0.41668625251105307,0.09258413413568778,0.7162264150943397,1.7188625993254745,1.0,0.038720530278101864,2.055560413358657,0.4803076566951791,0.20421377988184203,0.5135146632026919,0.4692089463407504
"frozenset({'descending_soil_presence=0', 'usda_hydrologic_group=C'})","frozenset({'rooting_depth_class=2', 'surface_stoniness_class=3'})",0.41668625251105307,0.129266572950249,0.09258413413568778,0.22219147758716104,1.7188625993254745,1.0,0.038720530278101864,1.1194701548764854,0.7169725276539164,0.20421377988184203,0.10672026793752873,0.4692089463407504
"frozenset({'pai_landslide_hazard_level=Moderata P1', 'descending_soil_presence=0'})","frozenset({'surface_stoniness_class=2', 'usda_hydrologic_group=B'})",0.33403103284656965,0.11944408721835187,0.06855784623707889,0.2052439429140392,1.718326521586953,1.0,0.028659814416117063,1.1079574731525539,0.6277145794752194,0.17811059907834104,0.09743828239668315,0.3896091628436912
"frozenset({'surface_stoniness_class=2', 'usda_hydrologic_group=B'})","frozenset({'pai_landslide_hazard_level=Moderata P1', 'descending_soil_presence=0'})",0.11944408721835187,0.33403103284656965,0.06855784623707889,0.5739743827733432,1.7183265215869528,1.0,0.028659814416117063,1.5632134318324746,0.47474376594632317,0.17811059907834104,0.36029208831211773,0.3896091628436912
"frozenset({'rooting_depth_class=2', 'landslide_surface_class=3'})","frozenset({'ascending_soil_presence=0', 'usda_hydrologic_group=B'})",0.09622044939535172,0.34873150246338186,0.0575690789036066,0.5983039911512582,1.7156579974133035,1.0,0.024013977018263792,1.6212969090809477,0.4615431388561322,0.1486102843536792,0.3832098276392433,0.38169268733554773
"frozenset({'ascending_soil_presence=0', 'usda_hydrologic_group=B'})","frozenset({'rooting_depth_class=2', 'landslide_surface_class=3'})",0.34873150246338186,0.09622044939535172,0.0575690789036066,0.16508138351983723,1.7156579974133033,1.0,0.024013977018263792,1.082476223149495,0.6404935171865891,0.1486102843536792,0.07619217991645864,0.38169268733554773
"frozenset({'surface_stoniness_class=2', 'usda_hydrologic_group=B'})","frozenset({'ascending_soil_presence=0', 'pai_landslide_hazard_level=Moderata P1'})",0.11944408721835187,0.334403533434145,0.06839820312811803,0.5726378318173381,1.7124156133658475,1.0,0.028455678314484978,1.5574529430068027,0.47246246591623,0.1774505292222734,0.35792602627889986,0.38858787584713794
"frozenset({'ascending_soil_presence=0', 'pai_landslide_hazard_level=Moderata P1'})","frozenset({'surface_stoniness_class=2', 'usda_hydrologic_group=B'})",0.334403533434145,0.11944408721835187,0.06839820312811803,0.20453791987693778,1.7124156133658475,1.0,0.028455678314484978,1.1069740906385148,0.6250478162488438,0.1774505292222734,0.09663648999843429,0.38858787584713794
"frozenset({'descending_soil_presence=0', 'usda_hydrologic_group=B'})","frozenset({'rooting_depth_class=2', 'landslide_surface_class=3'})",0.34819935876684566,0.09622044939535172,0.05732517970936085,0.16463321446765156,1.7110002655589838,1.0,0.023821280929641662,1.0818954814305946,0.6375362779348097,0.14809086847441316,0.0756962967645486,0.3802012048925962
"frozenset({'rooting_depth_class=2', 'landslide_surface_class=3'})","frozenset({'descending_soil_presence=0', 'usda_hydrologic_group=B'})",0.09622044939535172,0.34819935876684566,0.05732517970936085,0.5957691953175408,1.7110002655589838,1.0,0.023821280929641662,1.6124467350902956,0.4597875162027042,0.14809086847441316,0.3798244752909616,0.3802012048925962
"frozenset({'pai_landslide_hazard_level=Moderata P1', 'is_locality_1ring=0'})","frozenset({'surface_stoniness_class=2', 'usda_hydrologic_group=B'})",0.30103812366132604,0.11944408721835187,0.06140494804947163,0.20397731457612137,1.7077221596012286,1.0,0.02544772415081921,1.1061944953399863,0.5929145276687855,0.1710076198238919,0.09599984070373421,0.3590333946186714
"frozenset({'surface_stoniness_class=2', 'usda_hydrologic_group=B'})","frozenset({'pai_landslide_hazard_level=Moderata P1', 'is_locality_1ring=0'})",0.11944408721835187,0.30103812366132604,0.06140494804947163,0.5140894746612215,1.7077221596012286,1.0,0.02544772415081921,1.4384579874069519,0.4706397910141546,0.1710076198238919,0.30481111804825217,0.3590333946186714
"frozenset({'hydraulic_hazard_level=0', 'rooting_depth_class=1'})","frozenset({'surface_stoniness_class=1', 'landslide_surface_class=3'})",0.24734482468082464,0.20791297676749312,0.08782144805168889,0.35505674381913693,1.7077180527129536,1.0,0.036395249264264934,1.2281499428693616,0.5506150174851543,0.23901132057254582,0.18576717296939185,0.3887259830858508
"frozenset({'surface_stoniness_class=1', 'landslide_surface_class=3'})","frozenset({'hydraulic_hazard_level=0', 'rooting_depth_class=1'})",0.20791297676749312,0.24734482468082464,0.08782144805168889,0.42239522235256477,1.7077180527129536,1.0,0.036395249264264934,1.3030625861245722,0.5232041813125514,0.23901132057254582,0.23257715274130314,0.3887259830858508
"frozenset({'tipo_movimento_<lambda_0>_1ring=11', 'descending_soil_presence=0'})","frozenset({'surface_stoniness_class=1', 'landslide_surface_class=3'})",0.14346150605535182,0.20791297676749312,0.05061573460220042,0.35281753268832494,1.696948108644883,1.0,0.02078822582668448,1.2239006203656126,0.47949600842393214,0.16829347409395182,0.18294019681003781,0.2981321320261503
"frozenset({'surface_stoniness_class=1', 'landslide_surface_class=3'})","frozenset({'tipo_movimento_<lambda_0>_1ring=11', 'descending_soil_presence=0'})",0.20791297676749312,0.14346150605535182,0.05061573460220042,0.24344673136397568,1.6969481086448828,1.0,0.02078822582668448,1.1321588703051741,0.5185122049239121,0.16829347409395182,0.11673173595287963,0.2981321320261503
"frozenset({'hydraulic_hazard_level=0', 'usda_hydrologic_group=B'})","frozenset({'landslide_surface_class=2', 'rooting_depth_class=4'})",0.31753014372314337,0.14998913539952904,0.08072176423373525,0.25421764147254344,1.6949070397357706,1.0,0.03309569251341279,1.1397572695052924,0.6007549443353586,0.20869256168027148,0.1226202045335088,0.39620085869860505
"frozenset({'landslide_surface_class=2', 'rooting_depth_class=4'})","frozenset({'hydraulic_hazard_level=0', 'usda_hydrologic_group=B'})",0.14998913539952904,0.31753014372314337,0.08072176423373525,0.5381840759246667,1.6949070397357704,1.0,0.03309569251341279,1.4777962835372678,0.482343411823181,0.20869256168027148,0.32331674457429943,0.39620085869860505
"frozenset({'surface_stoniness_class=1', 'is_locality_1ring=0'})","frozenset({'landslide_surface_class=1', 'usda_hydrologic_group=C'})",0.4025755754912351,0.08781257899007995,0.05965774291251114,0.14819016985746075,1.6875733700316622,1.0,0.024306543390210163,1.0708815380274226,0.6819827824772522,0.1385036703009338,0.06618989637078562,0.4137829952408201
"frozenset({'landslide_surface_class=1', 'usda_hydrologic_group=C'})","frozenset({'surface_stoniness_class=1', 'is_locality_1ring=0'})",0.08781257899007995,0.4025755754912351,0.05965774291251114,0.6793758206241794,1.6875733700316622,1.0,0.024306543390210163,1.8633168143207695,0.4466551083277082,0.1385036703009338,0.4633226124970446,0.4137829952408201
"frozenset({'tipo_movimento_<lambda_0>_1ring=11', 'ascending_soil_presence=0'})","frozenset({'surface_stoniness_class=1', 'landslide_surface_class=3'})",0.14427745972337397,0.20791297676749312,0.05061130007139594,0.35079145535577066,1.6872032751859305,1.0,0.020614143939857166,1.2200810198309635,0.475975763464184,0.16782095960709922,0.18038229941602946,0.2971084289682767
"frozenset({'surface_stoniness_class=1', 'landslide_surface_class=3'})","frozenset({'tipo_movimento_<lambda_0>_1ring=11', 'ascending_soil_presence=0'})",0.20791297676749312,0.14427745972337397,0.05061130007139594,0.24342540258078274,1.6872032751859305,1.0,0.020614143939857166,1.131048469239671,0.5142152029703425,0.16782095960709922,0.1158645918399644,0.2971084289682767
"frozenset({'tipo_movimento_<lambda_0>_1ring=0', 'usda_hydrologic_group=B'})","frozenset({'landslide_surface_class=2', 'rooting_depth_class=4'})",0.22261788091510978,0.14998913539952904,0.05629636856272422,0.2528834086970379,1.6860115102565751,1.0,0.022906105079791586,1.1377218422068,0.523403135970757,0.177978101473454,0.12105053897854831,0.31410985915442025
"frozenset({'landslide_surface_class=2', 'rooting_depth_class=4'})","frozenset({'tipo_movimento_<lambda_0>_1ring=0', 'usda_hydrologic_group=B'})",0.14998913539952904,0.22261788091510978,0.05629636856272422,0.37533630961180264,1.6860115102565751,1.0,0.022906105079791586,1.2444810400325748,0.47868122152517556,0.177978101473454,0.1964522014945085,0.31410985915442025
"frozenset({'surface_stoniness_class=1', 'pai_landslide_hazard_level=Media P2'})","frozenset({'is_locality_1ring=0', 'rooting_depth_class=1'})",0.09701866494015601,0.31776960838658463,0.05165784934125045,0.5324526922022123,1.6755935059543314,1.0,0.020828266177027807,1.4591686878207353,0.4465170269675928,0.1422570127126406,0.3146782765099644,0.3475082685661484
"frozenset({'is_locality_1ring=0', 'rooting_depth_class=1'})","frozenset({'surface_stoniness_class=1', 'pai_landslide_hazard_level=Media P2'})",0.31776960838658463,0.09701866494015601,0.05165784934125045,0.16256384493008458,1.6755935059543312,1.0,0.020828266177027807,1.078268868131752,0.590997624987982,0.1422570127126406,0.07258752473060213,0.3475082685661484
"frozenset({'surface_stoniness_class=1', 'pai_landslide_hazard_level=Media P2'})","frozenset({'descending_soil_presence=0', 'rooting_depth_class=1'})",0.09701866494015601,0.3514498698465209,0.05701032802224361,0.5876222689459731,1.671994555589363,1.0,0.022913130856342556,1.5727089057301946,0.4450943917475837,0.14563579722458225,0.3641544240281968,0.3749184742582313
"frozenset({'descending_soil_presence=0', 'rooting_depth_class=1'})","frozenset({'surface_stoniness_class=1', 'pai_landslide_hazard_level=Media P2'})",0.3514498698465209,0.09701866494015601,0.05701032802224361,0.16221467957048946,1.671994555589363,1.0,0.022913130856342556,1.0778194759928585,0.6197083454331743,0.14563579722458225,0.0722008441359562,0.3749184742582313
"frozenset({'ascending_soil_presence=0', 'rooting_depth_class=1'})","frozenset({'surface_stoniness_class=1', 'pai_landslide_hazard_level=Media P2'})",0.35169376904076666,0.09701866494015601,0.0569837208374168,0.162026529480002,1.6700552371025181,1.0,0.022862860897310044,1.0775774733053374,0.6188702052040456,0.1454673066473465,0.07199247871002526,0.37468727516142886
"frozenset({'surface_stoniness_class=1', 'pai_landslide_hazard_level=Media P2'})","frozenset({'ascending_soil_presence=0', 'rooting_depth_class=1'})",0.09701866494015601,0.35169376904076666,0.0569837208374168,0.5873480208428558,1.670055237102518,1.0,0.022862860897310044,1.5710726319147212,0.4443252530377185,0.1454673066473465,0.3634921901852081,0.37468727516142886
"frozenset({'rooting_depth_class=2', 'surface_stoniness_class=3'})","frozenset({'tipo_movimento_<lambda_0>_1ring=0', 'usda_hydrologic_group=C'})",0.129266572950249,0.28068362726881685,0.060549083604209256,0.4684048027444254,1.6687998772932484,1.0,0.024266073023924244,1.3531280501493281,0.4602636831263169,0.17329390412610576,0.2609716427875084,0.3420624219109598
"frozenset({'tipo_movimento_<lambda_0>_1ring=0', 'usda_hydrologic_group=C'})","frozenset({'rooting_depth_class=2', 'surface_stoniness_class=3'})",0.28068362726881685,0.129266572950249,0.060549083604209256,0.21572004107749426,1.6687998772932484,1.0,0.024266073023924244,1.110232917651014,0.5571498013223868,0.17329390412610576,0.0992881006304879,0.3420624219109598
"frozenset({'landslide_surface_class=1', 'usda_hydrologic_group=C'})","frozenset({'surface_stoniness_class=1', 'descending_soil_presence=0'})",0.08781257899007995,0.44283224613419775,0.06476188786845408,0.7375012624987375,1.6654190586546447,1.0,0.02587564627544031,2.122554032714624,0.4380136312468416,0.13900892840145443,0.5288694730088649,0.4418730025692165
"frozenset({'surface_stoniness_class=1', 'descending_soil_presence=0'})","frozenset({'landslide_surface_class=1', 'usda_hydrologic_group=C'})",0.44283224613419775,0.08781257899007995,0.06476188786845408,0.14624474263969559,1.6654190586546447,1.0,0.02587564627544031,1.0684413514831872,0.7171099222488047,0.13900892840145443,0.06405719077437287,0.4418730025692165
"frozenset({'landslide_surface_class=3', 'usda_hydrologic_group=B'})","frozenset({'rooting_depth_class=2', 'hydraulic_hazard_level=0'})",0.1187966457208995,0.2774818960279908,0.05469106841150672,0.46037552726865505,1.659119149244299,1.0,0.021727149915106027,1.338927607035567,0.45082730493520257,0.1601085305534279,0.2531336311646935,0.3287366585250951
"frozenset({'rooting_depth_class=2', 'hydraulic_hazard_level=0'})","frozenset({'landslide_surface_class=3', 'usda_hydrologic_group=B'})",0.2774818960279908,0.1187966457208995,0.05469106841150672,0.19709778978153514,1.6591191492442987,1.0,0.021727149915106027,1.0975226410689918,0.549841631822831,0.1601085305534279,0.08885706537589459,0.3287366585250951
"frozenset({'landslide_surface_class=1', 'usda_hydrologic_group=C'})","frozenset({'ascending_soil_presence=0', 'surface_stoniness_class=1'})",0.08781257899007995,0.4434264732619965,0.06456676851305748,0.7352792647207353,1.6581762909006539,1.0,0.025628346303445834,2.1024931279026986,0.4351384432359975,0.13835569576950854,0.5243741885627324,0.4404440006224634
"frozenset({'ascending_soil_presence=0', 'surface_stoniness_class=1'})","frozenset({'landslide_surface_class=1', 'usda_hydrologic_group=C'})",0.4434264732619965,0.08781257899007995,0.06456676851305748,0.14560873652419146,1.6581762909006539,1.0,0.025628346303445834,1.0676460071688783,0.7131633023296172,0.13835569576950854,0.0633599589326972,0.4404440006224634
"frozenset({'usda_hydrologic_group=B', 'is_locality_1ring=0'})","frozenset({'landslide_surface_class=2', 'rooting_depth_class=2'})",0.3099160543318714,0.10523141599003118,0.05405249597566329,0.1744101191924106,1.6573959169088144,1.0,0.02143959074027703,1.083793060950201,0.5747762489277328,0.14969052414402909,0.07731463133445092,0.3440318611132723
"frozenset({'landslide_surface_class=2', 'rooting_depth_class=2'})","frozenset({'usda_hydrologic_group=B', 'is_locality_1ring=0'})",0.10523141599003118,0.3099160543318714,0.05405249597566329,0.513653603034134,1.6573959169088144,1.0,0.02143959074027703,1.4189144814751486,0.4432921191296064,0.14969052414402909,0.29523589120017424,0.3440318611132723
"frozenset({'surface_stoniness_class=1', 'pai_landslide_hazard_level=Moderata P1'})","frozenset({'tipo_movimento_<lambda_0>_1ring=0', 'rooting_depth_class=1'})",0.15201128144636658,0.2422007689476415,0.06088610794534884,0.40053677178447444,1.6537386463503,1.0,0.024068858690322506,1.2641296336193388,0.46617309987601924,0.1826623739456669,0.2089418890237605,0.32596185129678157
"frozenset({'tipo_movimento_<lambda_0>_1ring=0', 'rooting_depth_class=1'})","frozenset({'surface_stoniness_class=1', 'pai_landslide_hazard_level=Moderata P1'})",0.2422007689476415,0.15201128144636658,0.06088610794534884,0.25138693080908875,1.6537386463503,1.0,0.024068858690322506,1.1327463458126985,0.5216546987505817,0.1826623739456669,0.11718982480359127,0.32596185129678157
"frozenset({'hydraulic_hazard_level=0', 'surface_stoniness_class=3'})","frozenset({'landslide_surface_class=2', 'usda_hydrologic_group=B'})",0.1994696301157856,0.1527740207447351,0.050362966346345725,0.2524843822947467,1.652665689257562,1.0,0.01988918893709206,1.1333890010968675,0.4933191323747029,0.16683070143224388,0.11769039664914402,0.2910704980180012
"frozenset({'landslide_surface_class=2', 'usda_hydrologic_group=B'})","frozenset({'hydraulic_hazard_level=0', 'surface_stoniness_class=3'})",0.1527740207447351,0.1994696301157856,0.050362966346345725,0.3296566137412557,1.6526656892575617,1.0,0.01988918893709206,1.1942093952057276,0.4661294119639999,0.16683070143224388,0.1626259146724188,0.2910704980180012
"frozenset({'surface_stoniness_class=1', 'pai_landslide_hazard_level=Moderata P1'})","frozenset({'is_locality_1ring=0', 'rooting_depth_class=1'})",0.15201128144636658,0.31776960838658463,0.07978164370318798,0.5248402812217392,1.6516377506537423,1.0,0.03147707832763317,1.4357917236073343,0.4652660467161999,0.20456871261910717,0.3035201529873955,0.3879539260919045
"frozenset({'is_locality_1ring=0', 'rooting_depth_class=1'})","frozenset({'surface_stoniness_class=1', 'pai_landslide_hazard_level=Moderata P1'})",0.31776960838658463,0.15201128144636658,0.07978164370318798,0.25106757096206983,1.651637750653742,1.0,0.03147707832763317,1.1322633199939676,0.5783095616838936,0.20456871261910717,0.11681321620016122,0.3879539260919045
"frozenset({'landslide_surface_class=3', 'descending_soil_presence=0'})","frozenset({'surface_stoniness_class=1', 'pai_landslide_hazard_level=Molto elevata P4'})",0.3363724651113289,0.09007862423116322,0.050043680128424015,0.14877460350941954,1.6516083008509148,1.0,0.019743711241950557,1.0689546852340723,0.5945045105245573,0.1329508370542289,0.06450664952085693,0.35216507953248755
"frozenset({'surface_stoniness_class=1', 'pai_landslide_hazard_level=Molto elevata P4'})","frozenset({'landslide_surface_class=3', 'descending_soil_presence=0'})",0.09007862423116322,0.3363724651113289,0.050043680128424015,0.5555555555555556,1.6516083008509148,1.0,0.019743711241950557,1.49316195349951,0.43358643208733366,0.1329508370542289,0.3302802836247541,0.35216507953248755
"frozenset({'ascending_soil_presence=0', 'rooting_depth_class=1'})","frozenset({'surface_stoniness_class=1', 'pai_landslide_hazard_level=Moderata P1'})",0.35169376904076666,0.15201128144636658,0.08793674585260507,0.2500378272053261,1.6448636234511695,1.0,0.034475325344015643,1.1307086534693762,0.6047248108460199,0.21150420768582615,0.11559887957726354,0.4142630572474601
"frozenset({'surface_stoniness_class=1', 'pai_landslide_hazard_level=Moderata P1'})","frozenset({'ascending_soil_presence=0', 'rooting_depth_class=1'})",0.15201128144636658,0.35169376904076666,0.08793674585260507,0.5784882872895941,1.6448636234511693,1.0,0.034475325344015643,1.5380503350440553,0.46232556437285005,0.21150420768582615,0.34982622010783776,0.4142630572474601
"frozenset({'surface_stoniness_class=1', 'pai_landslide_hazard_level=Moderata P1'})","frozenset({'descending_soil_presence=0', 'rooting_depth_class=1'})",0.15201128144636658,0.3514498698465209,0.0878480552365157,0.5779048396977742,1.6443450098591494,1.0,0.034423710156987315,1.53650217095384,0.4620994485367761,0.211369795779006,0.34917111156490377,0.4139319158932009
"frozenset({'descending_soil_presence=0', 'rooting_depth_class=1'})","frozenset({'surface_stoniness_class=1', 'pai_landslide_hazard_level=Moderata P1'})",0.3514498698465209,0.15201128144636658,0.0878480552365157,0.24995899208862757,1.6443450098591492,1.0,0.034423710156987315,1.1305898072360263,0.6042017432273262,0.211369795779006,0.11550591240096315,0.4139319158932009
"frozenset({'landslide_surface_class=2', 'rooting_depth_class=2'})","frozenset({'descending_soil_presence=0', 'usda_hydrologic_group=B'})",0.10523141599003118,0.34819935876684566,0.06023423191709201,0.5723978086809945,1.6438795599973295,1.0,0.023592720347235967,1.5243154840310191,0.4377477432712869,0.1531911534167165,0.34396782655810754,0.37269279124829147
"frozenset({'descending_soil_presence=0', 'usda_hydrologic_group=B'})","frozenset({'landslide_surface_class=2', 'rooting_depth_class=2'})",0.34819935876684566,0.10523141599003118,0.06023423191709201,0.17298777381558839,1.6438795599973295,1.0,0.023592720347235967,1.0819290884466908,0.6009244293767128,0.1531911534167165,0.07572500760129763,0.37269279124829147
"frozenset({'ascending_soil_presence=0', 'usda_hydrologic_group=B'})","frozenset({'landslide_surface_class=2', 'rooting_depth_class=2'})",0.34873150246338186,0.10523141599003118,0.06026527363272329,0.17281281790437436,1.6422169774922095,1.0,0.023567763828170572,1.0817002528292692,0.6004698045763214,0.15307501689569722,0.07552947557844772,0.37275280591805315
"frozenset({'landslide_surface_class=2', 'rooting_depth_class=2'})","frozenset({'ascending_soil_presence=0', 'usda_hydrologic_group=B'})",0.10523141599003118,0.34873150246338186,0.06026527363272329,0.572692793931732,1.6422169774922095,1.0,0.023567763828170572,1.5241224306256358,0.43705945250103967,0.15307501689569722,0.3438847300544546,0.37275280591805315
"frozenset({'usda_hydrologic_group=C', 'is_locality_1ring=0'})","frozenset({'rooting_depth_class=2', 'surface_stoniness_class=3'})",0.36689977516928823,0.129266572950249,0.07786149186485324,0.21221460773293688,1.6416820132967571,1.0,0.030433615312502486,1.1052926794491362,0.6173882477287054,0.18613575888645062,0.09526226076301593,0.40727368465549074
"frozenset({'rooting_depth_class=2', 'surface_stoniness_class=3'})","frozenset({'usda_hydrologic_group=C', 'is_locality_1ring=0'})",0.129266572950249,0.36689977516928823,0.07786149186485324,0.6023327615780446,1.6416820132967571,1.0,0.030433615312502486,1.5920351581966228,0.44889586904827716,0.18613575888645062,0.371873168220261,0.40727368465549074
"frozenset({'landslide_surface_class=2', 'usda_hydrologic_group=B'})","frozenset({'descending_soil_presence=0', 'surface_stoniness_class=3'})",0.1527740207447351,0.20734535682452118,0.05183966510423365,0.33932251603727037,1.6365088721250847,1.0,0.020162681259399753,1.1997603405842636,0.4590783720991086,0.1681578871659139,0.16650020327141632,0.2946692782081255
"frozenset({'descending_soil_presence=0', 'surface_stoniness_class=3'})","frozenset({'landslide_surface_class=2', 'usda_hydrologic_group=B'})",0.20734535682452118,0.1527740207447351,0.05183966510423365,0.2500160403789807,1.6365088721250844,1.0,0.020162681259399753,1.1296587992140308,0.49068421752810637,0.1681578871659139,0.11477695681584743,0.2946692782081255
"frozenset({'surface_stoniness_class=1', 'hydraulic_hazard_level=0'})","frozenset({'landslide_surface_class=3', 'usda_hydrologic_group=B'})",0.3268204857585043,0.1187966457208995,0.06352908830481191,0.1943852698137017,1.6362858448915292,1.0,0.024703910843826594,1.0938272616680211,0.5776465675614036,0.1662681924746408,0.08577886559980259,0.36457850224045796
"frozenset({'landslide_surface_class=3', 'usda_hydrologic_group=B'})","frozenset({'surface_stoniness_class=1', 'hydraulic_hazard_level=0'})",0.1187966457208995,0.3268204857585043,0.06352908830481191,0.5347717346672142,1.6362858448915292,1.0,0.024703910843826594,1.446987563749934,0.44128274576573023,0.1662681924746408,0.30890905695937393,0.36457850224045796
"frozenset({'landslide_surface_class=2', 'usda_hydrologic_group=B'})","frozenset({'ascending_soil_presence=0', 'surface_stoniness_class=3'})",0.1527740207447351,0.20816131049254333,0.05199043915158557,0.340309424980407,1.6348351390331848,1.0,0.020188798784146512,1.2003183302777047,0.4583399671304395,0.1682838605959695,0.16688767073261232,0.2950348812126423
"frozenset({'ascending_soil_presence=0', 'surface_stoniness_class=3'})","frozenset({'landslide_surface_class=2', 'usda_hydrologic_group=B'})",0.20816131049254333,0.1527740207447351,0.05199043915158557,0.24976033744487763,1.6348351390331848,1.0,0.020188798784146512,1.1292737794877867,0.4903997905500875,0.1682838605959695,0.1144751448549727,0.2950348812126423
"frozenset({'rooting_depth_class=2', 'descending_soil_presence=0'})","frozenset({'landslide_surface_class=3', 'usda_hydrologic_group=B'})",0.2964616878711148,0.1187966457208995,0.05732517970936085,0.19336454609366818,1.6276936517884377,1.0,0.02210652560551614,1.0924431228650502,0.5481347227251596,0.16015610481323173,0.08462053623680495,0.33795667671998353
"frozenset({'landslide_surface_class=3', 'usda_hydrologic_group=B'})","frozenset({'rooting_depth_class=2', 'descending_soil_presence=0'})",0.1187966457208995,0.2964616878711148,0.05732517970936085,0.48254880734629885,1.6276936517884377,1.0,0.02210652560551614,1.3596225540052451,0.4376217768267287,0.16015610481323173,0.2645017567161199,0.33795667671998353
"frozenset({'landslide_surface_class=3', 'usda_hydrologic_group=B'})","frozenset({'ascending_soil_presence=0', 'rooting_depth_class=2'})",0.1187966457208995,0.29776543992762844,0.0575690789036066,0.4846018888349696,1.6274618335584934,1.0,0.022195543428596344,1.3625089903511816,0.43752246797470057,0.16036267509943922,0.26605988871878644,0.33896944785025174
"frozenset({'ascending_soil_presence=0', 'rooting_depth_class=2'})","frozenset({'landslide_surface_class=3', 'usda_hydrologic_group=B'})",0.29776543992762844,0.1187966457208995,0.0575690789036066,0.19333700686553384,1.6274618335584934,1.0,0.022195543428596344,1.0924058271905983,0.5490277583490656,0.16036267509943922,0.08458928439465,0.33896944785025174
"frozenset({'surface_stoniness_class=1', 'hydraulic_hazard_level=0'})","frozenset({'rooting_depth_class=2', 'landslide_surface_class=3'})",0.3268204857585043,0.09622044939535172,0.05092615175851319,0.15582300981017383,1.6194375602001858,1.0,0.019479337747222762,1.0706043413969617,0.5682015793596835,0.13685602945908262,0.06594811796189312,0.34254418994518276
"frozenset({'rooting_depth_class=2', 'landslide_surface_class=3'})","frozenset({'surface_stoniness_class=1', 'hydraulic_hazard_level=0'})",0.09622044939535172,0.3268204857585043,0.05092615175851319,0.5292653700801917,1.6194375602001856,1.0,0.019479337747222762,1.4300615919338138,0.4232245163421771,0.13685602945908262,0.3007294191799523,0.34254418994518276
"frozenset({'landslide_surface_class=2', 'rooting_depth_class=4'})","frozenset({'usda_hydrologic_group=B', 'is_locality_1ring=0'})",0.14998913539952904,0.3099160543318714,0.07507217198884272,0.5005173994027733,1.6150095885861975,1.0,0.028588130953171864,1.3815975668481777,0.44800442639695937,0.19507726345628654,0.2762002308086802,0.3713756456283831
"frozenset({'usda_hydrologic_group=B', 'is_locality_1ring=0'})","frozenset({'landslide_surface_class=2', 'rooting_depth_class=4'})",0.3099160543318714,0.14998913539952904,0.07507217198884272,0.24223389185399288,1.6150095885861975,1.0,0.028588130953171864,1.1217324916789364,0.5518294291831763,0.19507726345628654,0.10852185577395117,0.3713756456283831
"frozenset({'usda_hydrologic_group=D', 'surface_stoniness_class=1', 'rooting_depth_class=1'})","frozenset({'landslide_surface_class=3', 'is_locality_1ring=0'})",0.12780317778477449,0.3071577761714922,0.06304572444712488,0.49330326162387234,1.606025632079233,1.0,0.023789984571103692,1.3673706012968292,0.4326373610415396,0.16951638288739448,0.2686693724059965,0.3492792205036997
"frozenset({'landslide_surface_class=3', 'is_locality_1ring=0'})","frozenset({'usda_hydrologic_group=D', 'surface_stoniness_class=1', 'rooting_depth_class=1'})",0.3071577761714922,0.12780317778477449,0.06304572444712488,0.20525517938352703,1.606025632079233,1.0,0.023789984571103692,1.09745518258134,0.5446332779588393,0.16951638288739448,0.08880105914859694,0.3492792205036997
"frozenset({'usda_hydrologic_group=D', 'rooting_depth_class=1'})","frozenset({'landslide_surface_class=3', 'is_locality_1ring=0'})",0.1314306239828295,0.3071577761714922,0.06458450663627535,0.49139618057898643,1.599816832586489,1.0,0.024214568452877852,1.3622434542808353,0.431662055317221,0.17268404889790012,0.26591682503042263,0.3508305525720313
"frozenset({'landslide_surface_class=3', 'is_locality_1ring=0'})","frozenset({'usda_hydrologic_group=D', 'rooting_depth_class=1'})",0.3071577761714922,0.1314306239828295,0.06458450663627535,0.21026492456507614,1.599816832586489,1.0,0.024214568452877852,1.0998237295447855,0.541145486147464,0.17268404889790012,0.09076338949888119,0.3508305525720313
"frozenset({'hydraulic_hazard_level=0', 'pai_landslide_hazard_level=Moderata P1'})","frozenset({'rooting_depth_class=2', 'usda_hydrologic_group=B'})",0.2980802916147457,0.12081435723693254,0.05757351343441107,0.19314766877919604,1.5987145335749173,1.0,0.021561134597978156,1.0896487606757235,0.5335331897020437,0.1593416708599762,0.08227308093309785,0.33484648157796976
"frozenset({'rooting_depth_class=2', 'usda_hydrologic_group=B'})","frozenset({'hydraulic_hazard_level=0', 'pai_landslide_hazard_level=Moderata P1'})",0.12081435723693254,0.2980802916147457,0.05757351343441107,0.4765452943767435,1.5987145335749173,1.0,0.021561134597978156,1.3409368582320922,0.42595948195031746,0.1593416708599762,0.25425273094632334,0.33484648157796976
"frozenset({'hydraulic_hazard_level=0', 'usda_hydrologic_group=C'})","frozenset({'rooting_depth_class=2', 'surface_stoniness_class=2'})",0.3509310297423981,0.09504529873216765,0.05308133372948475,0.15125859280226447,1.5914368708388487,1.0,0.01972698917323132,1.0662313557384866,0.5725693974449356,0.1351031050011851,0.062117246301215484,0.35487158632788074
"frozenset({'rooting_depth_class=2', 'surface_stoniness_class=2'})","frozenset({'hydraulic_hazard_level=0', 'usda_hydrologic_group=C'})",0.09504529873216765,0.3509310297423981,0.05308133372948475,0.558484579853497,1.5914368708388487,1.0,0.01972698917323132,1.4700935474512504,0.41066920662430983,0.1351031050011851,0.31977117936900484,0.35487158632788074
"frozenset({'surface_stoniness_class=1', 'hydraulic_hazard_level=0'})","frozenset({'usda_hydrologic_group=C', 'rooting_depth_class=1'})",0.3268204857585043,0.13449488476871704,0.06993698531726851,0.21399204873878888,1.591079460804613,1.0,0.025981301745122344,1.1011404068400483,0.5518526185883152,0.1786940412658486,0.09185059980705991,0.3669947054996658
"frozenset({'usda_hydrologic_group=C', 'rooting_depth_class=1'})","frozenset({'surface_stoniness_class=1', 'hydraulic_hazard_level=0'})",0.13449488476871704,0.3268204857585043,0.06993698531726851,0.5199973622605427,1.591079460804613,1.0,0.025981301745122344,1.4024496144683558,0.42922435832734174,0.1786940412658486,0.2869619060224972,0.3669947054996658
"frozenset({'descending_soil_presence=0', 'usda_hydrologic_group=B'})","frozenset({'landslide_surface_class=2', 'rooting_depth_class=4'})",0.34819935876684566,0.14998913539952904,0.08284146995827106,0.23791390728476822,1.5862076053110927,1.0,0.030615349190161456,1.115373804515934,0.5669916163123045,0.19945121821015996,0.10343958594760586,0.39511518916259225
"frozenset({'landslide_surface_class=2', 'rooting_depth_class=4'})","frozenset({'descending_soil_presence=0', 'usda_hydrologic_group=B'})",0.14998913539952904,0.34819935876684566,0.08284146995827106,0.5523164710404163,1.5862076053110927,1.0,0.030615349190161456,1.455940634554813,0.43477738282779355,0.19945121821015996,0.3131588086311138,0.39511518916259225
"frozenset({'ascending_soil_presence=0', 'usda_hydrologic_group=B'})","frozenset({'landslide_surface_class=2', 'rooting_depth_class=4'})",0.34873150246338186,0.14998913539952904,0.08289468432792468,0.2377034587995931,1.5848045137830662,1.0,0.030588747786863303,1.1150658813982524,0.566597879864469,0.199349472112616,0.10319200265903924,0.39518735900095553
"frozenset({'landslide_surface_class=2', 'rooting_depth_class=4'})","frozenset({'ascending_soil_presence=0', 'usda_hydrologic_group=B'})",0.14998913539952904,0.34873150246338186,0.08289468432792468,0.552671259202318,1.584804513783066,1.0,0.030588747786863303,1.4559057760859904,0.43412074515095733,0.199349472112616,0.31314236372605975,0.39518735900095553
"frozenset({'surface_stoniness_class=2', 'hydraulic_hazard_level=0'})","frozenset({'rooting_depth_class=2', 'usda_hydrologic_group=C'})",0.21320337201722372,0.15758105213677867,0.05308133372948475,0.2489704230625234,1.5799515213695854,1.0,0.019484522047901603,1.1216854485257548,0.4665362998873823,0.16707843055148447,0.10848446744645526,0.29291070752113085
"frozenset({'rooting_depth_class=2', 'usda_hydrologic_group=C'})","frozenset({'surface_stoniness_class=2', 'hydraulic_hazard_level=0'})",0.15758105213677867,0.21320337201722372,0.05308133372948475,0.3368509919797383,1.5799515213695852,1.0,0.019484522047901603,1.1864552588740909,0.4357323496984692,0.16707843055148447,0.15715321541162136,0.29291070752113085
"frozenset({'usda_hydrologic_group=D', 'surface_stoniness_class=1', 'rooting_depth_class=1'})","frozenset({'landslide_surface_class=3', 'descending_soil_presence=0'})",0.12780317778477449,0.3363724651113289,0.06770641632262099,0.5297709923664122,1.5749535033763076,1.0,0.02471694636209497,1.4112858290651935,0.4185530276113492,0.17077344667524189,0.29142631534649555,0.3655275274805839
"frozenset({'landslide_surface_class=3', 'descending_soil_presence=0'})","frozenset({'usda_hydrologic_group=D', 'surface_stoniness_class=1', 'rooting_depth_class=1'})",0.3363724651113289,0.12780317778477449,0.06770641632262099,0.20128406259475565,1.5749535033763076,1.0,0.02471694636209497,1.0919987712386152,0.5500986644148547,0.17077344667524189,0.0842480538089473,0.3655275274805839
"frozenset({'ascending_soil_presence=0', 'landslide_surface_class=3'})","frozenset({'usda_hydrologic_group=D', 'surface_stoniness_class=1', 'rooting_depth_class=1'})",0.33719728784096,0.12780317778477449,0.06780841053112376,0.20109417535738242,1.573467724691735,1.0,0.024713525604641774,1.091739220458674,0.5498786585960218,0.17071945337620578,0.08403034235605418,0.36583161231436084
"frozenset({'usda_hydrologic_group=D', 'surface_stoniness_class=1', 'rooting_depth_class=1'})","frozenset({'ascending_soil_presence=0', 'landslide_surface_class=3'})",0.12780317778477449,0.33719728784096,0.06780841053112376,0.5305690492713393,1.5734677246917348,1.0,0.024713525604641774,1.4119280186579595,0.4178656204572627,0.17071945337620578,0.2917485971058905,0.36583161231436084
"frozenset({'landslide_surface_class=3', 'descending_soil_presence=0'})","frozenset({'usda_hydrologic_group=D', 'rooting_depth_class=1'})",0.3363724651113289,0.1314306239828295,0.06949796676762615,0.20661015385021028,1.572009228817193,1.0,0.025288323787401645,1.0947573632713055,0.5483066929863742,0.17448424052817332,0.08655558432432527,0.36769538666260426
"frozenset({'usda_hydrologic_group=D', 'rooting_depth_class=1'})","frozenset({'landslide_surface_class=3', 'descending_soil_presence=0'})",0.1314306239828295,0.3363724651113289,0.06949796676762615,0.5287806194749982,1.5720092288171927,1.0,0.025288323787401645,1.4083196963361329,0.4189319000608119,0.17448424052817332,0.2899339527796226,0.36769538666260426
"frozenset({'ascending_soil_presence=0', 'landslide_surface_class=3'})","frozenset({'usda_hydrologic_group=D', 'rooting_depth_class=1'})",0.33719728784096,0.1314306239828295,0.06957335379130211,0.20632833151409147,1.5698649619212552,1.0,0.02525530384504697,1.0943686293781214,0.5476781085298712,0.1743454682846602,0.08623111705216434,0.3678412694752453
"frozenset({'usda_hydrologic_group=D', 'rooting_depth_class=1'})","frozenset({'ascending_soil_presence=0', 'landslide_surface_class=3'})",0.1314306239828295,0.33719728784096,0.06957335379130211,0.5293542074363992,1.5698649619212552,1.0,0.02525530384504697,1.4082835173108916,0.41793153862767046,0.1743454682846602,0.28991571107109615,0.3678412694752453
"frozenset({'ascending_soil_presence=0', 'surface_stoniness_class=2'})","frozenset({'rooting_depth_class=2', 'usda_hydrologic_group=C'})",0.22103031888711014,0.15758105213677867,0.05434074047795373,0.24585197520213473,1.5601620364149988,1.0,0.01951055027359521,1.117047211108211,0.46091772732020614,0.16757836004594936,0.1047826895266939,0.2953475438132525
"frozenset({'rooting_depth_class=2', 'usda_hydrologic_group=C'})","frozenset({'ascending_soil_presence=0', 'surface_stoniness_class=2'})",0.15758105213677867,0.22103031888711014,0.05434074047795373,0.3448431124243703,1.5601620364149988,1.0,0.01951055027359521,1.1889819001909943,0.42620234976978966,0.16757836004594936,0.15894430366066709,0.2953475438132525
"frozenset({'surface_stoniness_class=2', 'descending_soil_presence=0'})","frozenset({'rooting_depth_class=2', 'usda_hydrologic_group=C'})",0.22061347299149014,0.15758105213677867,0.05402588879083649,0.24488934450943736,1.5540532391983017,1.0,0.019261385601288664,1.1156231762031463,0.45743849729610614,0.16665982681495467,0.10363999123490089,0.2938672134113248
"frozenset({'rooting_depth_class=2', 'usda_hydrologic_group=C'})","frozenset({'surface_stoniness_class=2', 'descending_soil_presence=0'})",0.15758105213677867,0.22061347299149014,0.05402588879083649,0.3428450823132123,1.5540532391983017,1.0,0.019261385601288664,1.1860012092003853,0.42321151801240126,0.16665982681495467,0.15683053925871568,0.2938672134113248
"frozenset({'landslide_surface_class=3', 'pai_landslide_hazard_level=Moderata P1'})","frozenset({'surface_stoniness_class=1', 'hydraulic_hazard_level=0'})",0.11818468046988288,0.3268204857585043,0.05999033272284626,0.507598213950696,1.553140748728257,1.0,0.02136515804246552,1.3671345907224035,0.4038752125996835,0.1558130427771763,0.2685431216603239,0.34557782853194985
"frozenset({'surface_stoniness_class=1', 'hydraulic_hazard_level=0'})","frozenset({'landslide_surface_class=3', 'pai_landslide_hazard_level=Moderata P1'})",0.3268204857585043,0.11818468046988288,0.05999033272284626,0.1835574431132037,1.553140748728257,1.0,0.02136515804246552,1.080070253677853,0.5290466244359323,0.1558130427771763,0.07413430136159946,0.34557782853194985
"frozenset({'ascending_soil_presence=0', 'surface_stoniness_class=1'})","frozenset({'landslide_surface_class=4', 'rooting_depth_class=1'})",0.4434264732619965,0.0786197966324173,0.053941632705551586,0.12164729883793027,1.5472858497292452,1.0,0.019079533556263392,1.0489865883586253,0.6355081437554316,0.11523413446508586,0.04669896536549226,0.40387740315578047
"frozenset({'landslide_surface_class=4', 'rooting_depth_class=1'})","frozenset({'ascending_soil_presence=0', 'surface_stoniness_class=1'})",0.0786197966324173,0.4434264732619965,0.053941632705551586,0.6861075074736307,1.5472858497292452,1.0,0.019079533556263392,1.773134241785815,0.38388822285079205,0.11523413446508586,0.4360269084912329,0.40387740315578047
"frozenset({'landslide_surface_class=4', 'rooting_depth_class=1'})","frozenset({'surface_stoniness_class=1', 'descending_soil_presence=0'})",0.0786197966324173,0.44283224613419775,0.05377755506578626,0.6840205313328445,1.544649327830467,1.0,0.01896217393243907,1.763303660886613,0.38269095298326017,0.11498928524018129,0.43288270637560733,0.4027302736776379
"frozenset({'surface_stoniness_class=1', 'descending_soil_presence=0'})","frozenset({'landslide_surface_class=4', 'rooting_depth_class=1'})",0.44283224613419775,0.0786197966324173,0.05377755506578626,0.1214400160224314,1.544649327830467,1.0,0.01896217393243907,1.0487390959876763,0.6328504577664008,0.11498928524018129,0.04647399546192666,0.4027302736776379
"frozenset({'hydraulic_hazard_level=0', 'pai_landslide_hazard_level=Moderata P1'})","frozenset({'landslide_surface_class=2', 'rooting_depth_class=4'})",0.2980802916147457,0.14998913539952904,0.06871305481523528,0.2305186110863162,1.5369020594210319,1.0,0.024004249596300084,1.104654221462685,0.4976928947475209,0.18113061978350828,0.09473934868425272,0.3443194125709203
"frozenset({'landslide_surface_class=2', 'rooting_depth_class=4'})","frozenset({'hydraulic_hazard_level=0', 'pai_landslide_hazard_level=Moderata P1'})",0.14998913539952904,0.2980802916147457,0.06871305481523528,0.4581202140555244,1.5369020594210319,1.0,0.024004249596300084,1.2953421157089948,0.4109835133822587,0.18113061978350828,0.22800317547564783,0.3443194125709203
"frozenset({'rooting_depth_class=2', 'usda_hydrologic_group=B'})","frozenset({'ascending_soil_presence=0', 'pai_landslide_hazard_level=Moderata P1'})",0.12081435723693254,0.334403533434145,0.061382775395449285,0.5080751725150492,1.519347500002137,1.0,0.02098202744584398,1.3530450779824021,0.3887947057097648,0.15585907151141187,0.26092632368822966,0.3458170820736739
"frozenset({'ascending_soil_presence=0', 'pai_landslide_hazard_level=Moderata P1'})","frozenset({'rooting_depth_class=2', 'usda_hydrologic_group=B'})",0.334403533434145,0.12081435723693254,0.061382775395449285,0.18355899163229855,1.519347500002137,1.0,0.02098202744584398,1.076851399859018,0.5135585004018299,0.15585907151141187,0.0713667641320607,0.3458170820736739
"frozenset({'rooting_depth_class=2', 'usda_hydrologic_group=B'})","frozenset({'pai_landslide_hazard_level=Moderata P1', 'descending_soil_presence=0'})",0.12081435723693254,0.33403103284656965,0.06127191212533758,0.5071575392747028,1.5182946774518857,1.0,0.020916167594790563,1.3512816370840888,0.388275593306214,0.1556809987380566,0.2599618224977247,0.34529466741365406
"frozenset({'pai_landslide_hazard_level=Moderata P1', 'descending_soil_presence=0'})","frozenset({'rooting_depth_class=2', 'usda_hydrologic_group=B'})",0.33403103284656965,0.12081435723693254,0.06127191212533758,0.1834317955526054,1.5182946774518857,1.0,0.020916167594790563,1.0766836597048848,0.512585937043353,0.1556809987380566,0.07122208924941201,0.34529466741365406
"frozenset({'usda_hydrologic_group=C', 'surface_stoniness_class=3'})","frozenset({'landslide_surface_class=2', 'descending_soil_presence=0'})",0.13811789643596759,0.2763466561420469,0.057577947965215544,0.4168753612020806,1.5085232693671513,1.0,0.019409529131762367,1.240992569529777,0.39112083717505325,0.16133401259956012,0.19419340248031555,0.31261471094589
"frozenset({'landslide_surface_class=2', 'descending_soil_presence=0'})","frozenset({'usda_hydrologic_group=C', 'surface_stoniness_class=3'})",0.2763466561420469,0.13811789643596759,0.057577947965215544,0.20835406068969944,1.5085232693671513,1.0,0.019409529131762367,1.0887216882776196,0.4658308467076331,0.16133401259956012,0.08149161464577707,0.31261471094589
"frozenset({'usda_hydrologic_group=C', 'surface_stoniness_class=3'})","frozenset({'landslide_surface_class=2', 'ascending_soil_presence=0'})",0.13811789643596759,0.2766748114215775,0.057595686088433413,0.4170037886084891,1.507198239210465,1.0,0.019381943138067112,1.2407030688106369,0.390444667782861,0.16124346670970469,0.194005378773972,0.31258741946011637
"frozenset({'landslide_surface_class=2', 'ascending_soil_presence=0'})","frozenset({'usda_hydrologic_group=C', 'surface_stoniness_class=3'})",0.2766748114215775,0.13811789643596759,0.057595686088433413,0.2081710503117437,1.507198239210465,1.0,0.019381943138067112,1.0884700589734135,0.4652364896284364,0.16124346670970469,0.08127927658097801,0.31258741946011637
"frozenset({'rooting_depth_class=2', 'usda_hydrologic_group=B'})","frozenset({'pai_landslide_hazard_level=Moderata P1', 'is_locality_1ring=0'})",0.12081435723693254,0.30103812366132604,0.05479306262000949,0.45353105270885335,1.5065568679237615,1.0,0.018423335206054173,1.2790514077761175,0.38243892690924675,0.1492757300085777,0.21817059586471438,0.31777237617397447
"frozenset({'pai_landslide_hazard_level=Moderata P1', 'is_locality_1ring=0'})","frozenset({'rooting_depth_class=2', 'usda_hydrologic_group=B'})",0.30103812366132604,0.12081435723693254,0.05479306262000949,0.18201369963909553,1.5065568679237615,1.0,0.018423335206054173,1.0748170750233361,0.48104885996586905,0.1492757300085777,0.06960912397275766,0.31777237617397447
"frozenset({'usda_hydrologic_group=C', 'surface_stoniness_class=3'})","frozenset({'landslide_surface_class=2', 'hydraulic_hazard_level=0'})",0.13811789643596759,0.25927814707564867,0.05343166166303774,0.38685545495408724,1.4920480546369217,1.0,0.017620709397133727,1.2080705257989133,0.3826280860738539,0.1553406820086379,0.1722337573473316,0.29646699682095823
"frozenset({'landslide_surface_class=2', 'hydraulic_hazard_level=0'})","frozenset({'usda_hydrologic_group=C', 'surface_stoniness_class=3'})",0.25927814707564867,0.13811789643596759,0.05343166166303774,0.20607853868782922,1.4920480546369215,1.0,0.017620709397133727,1.0856012156914592,0.44521475693750423,0.1553406820086379,0.07885143683902074,0.29646699682095823
"frozenset({'descending_soil_presence=0', 'pai_landslide_hazard_level=Molto elevata P4'})","frozenset({'surface_stoniness_class=1', 'landslide_surface_class=3'})",0.16133709972816326,0.20791297676749312,0.050043680128424015,0.3101808586663735,1.4918783016283081,1.0,0.01649960346090768,1.1482531808281893,0.39313058776779675,0.15677530493734546,0.12911192697176782,0.27543808849923135
"frozenset({'surface_stoniness_class=1', 'landslide_surface_class=3'})","frozenset({'descending_soil_presence=0', 'pai_landslide_hazard_level=Molto elevata P4'})",0.20791297676749312,0.16133709972816326,0.050043680128424015,0.24069531833208915,1.491878301628308,1.0,0.01649960346090768,1.1045143280686816,0.4162472420989681,0.15677530493734546,0.09462469196885115,0.27543808849923135
"frozenset({'usda_hydrologic_group=D', 'surface_stoniness_class=1', 'rooting_depth_class=1'})","frozenset({'hydraulic_hazard_level=0', 'landslide_surface_class=3'})",0.12780317778477449,0.3146255260462167,0.059453754495505606,0.46519777931991674,1.4785760874709888,1.0,0.01924361245459278,1.2815475468337139,0.37110159130220427,0.1552418887936824,0.2196934070291237,0.32708225094764387
"frozenset({'hydraulic_hazard_level=0', 'landslide_surface_class=3'})","frozenset({'usda_hydrologic_group=D', 'surface_stoniness_class=1', 'rooting_depth_class=1'})",0.3146255260462167,0.12780317778477449,0.059453754495505606,0.18896672257537106,1.4785760874709888,1.0,0.01924361245459278,1.0754143467267046,0.4722580734377076,0.1552418887936824,0.07012585145088238,0.32708225094764387
"frozenset({'usda_hydrologic_group=D', 'rooting_depth_class=1'})","frozenset({'hydraulic_hazard_level=0', 'landslide_surface_class=3'})",0.1314306239828295,0.3146255260462167,0.060686554059147774,0.4617383089277279,1.4675805702424194,1.0,0.019335124849967536,1.2733108919351988,0.3668174521009597,0.15747623760097582,0.21464584467648473,0.3273116695098829
"frozenset({'hydraulic_hazard_level=0', 'landslide_surface_class=3'})","frozenset({'usda_hydrologic_group=D', 'rooting_depth_class=1'})",0.3146255260462167,0.1314306239828295,0.060686554059147774,0.19288503009203795,1.4675805702424194,1.0,0.019335124849967536,1.076140832967348,0.46486470913567085,0.15747623760097582,0.0707535952867783,0.3273116695098829
"frozenset({'tipo_movimento_<lambda_0>_1ring=0', 'surface_stoniness_class=1'})","frozenset({'landslide_surface_class=3', 'rooting_depth_class=1'})",0.29325995663028875,0.11770131661219585,0.050606865540591475,0.17256657240930878,1.466139694748563,1.0,0.016089782535571036,1.0663077583859149,0.44986378867056687,0.14043637169121717,0.062184447092728516,0.30126331785260857
"frozenset({'landslide_surface_class=3', 'rooting_depth_class=1'})","frozenset({'tipo_movimento_<lambda_0>_1ring=0', 'surface_stoniness_class=1'})",0.11770131661219585,0.29325995663028875,0.050606865540591475,0.42996006329590836,1.466139694748563,1.0,0.016089782535571036,1.23980794653793,0.36035047938040915,0.14043637169121717,0.1934234630513341,0.30126331785260857
"frozenset({'ascending_soil_presence=0', 'surface_stoniness_class=1'})","frozenset({'usda_hydrologic_group=B', 'rooting_depth_class=1'})",0.4434264732619965,0.09133359644882773,0.05884178924448899,0.13269796187771266,1.4528932072883005,1.0,0.0183420546808509,1.0476931491115125,0.5600664636970027,0.1236384305028839,0.04552205877451643,0.3884746364059373
"frozenset({'usda_hydrologic_group=B', 'rooting_depth_class=1'})","frozenset({'ascending_soil_presence=0', 'surface_stoniness_class=1'})",0.09133359644882773,0.4434264732619965,0.05884178924448899,0.644251310934162,1.4528932072883005,1.0,0.0183420546808509,1.5645132191477984,0.3430501729669905,0.1236384305028839,0.36082355344705425,0.3884746364059373
"frozenset({'usda_hydrologic_group=B', 'rooting_depth_class=1'})","frozenset({'surface_stoniness_class=1', 'descending_soil_presence=0'})",0.09133359644882773,0.44283224613419775,0.05868214613552813,0.6425033987181977,1.4508956931819523,1.0,0.01823668447257936,1.5585260163819181,0.3420073382061856,0.12341568506756946,0.3583681058327941,0.38750946022431015
"frozenset({'surface_stoniness_class=1', 'descending_soil_presence=0'})","frozenset({'usda_hydrologic_group=B', 'rooting_depth_class=1'})",0.44283224613419775,0.09133359644882773,0.05868214613552813,0.13251552173042258,1.450895693181952,1.0,0.01823668447257936,1.0474728093852963,0.5577684204437563,0.12341568506756946,0.04532128085802576,0.38750946022431015
"frozenset({'landslide_surface_class=2', 'surface_stoniness_class=3'})","frozenset({'hydraulic_hazard_level=0', 'usda_hydrologic_group=B'})",0.11004731644368368,0.31753014372314337,0.050362966346345725,0.45764829142488717,1.4412751055972617,1.0,0.015419626139636607,1.2583529202293242,0.34402945324564105,0.13351280815395647,0.20531038318108846,0.30812837452647635
"frozenset({'hydraulic_hazard_level=0', 'usda_hydrologic_group=B'})","frozenset({'landslide_surface_class=2', 'surface_stoniness_class=3'})",0.31753014372314337,0.11004731644368368,0.050362966346345725,0.15860845762806547,1.4412751055972617,1.0,0.015419626139636607,1.0577152713556937,0.4486204516176711,0.13351280815395647,0.05456598095791779,0.30812837452647635
"frozenset({'rooting_depth_class=2', 'usda_hydrologic_group=B'})","frozenset({'hydraulic_hazard_level=0', 'landslide_surface_class=3'})",0.12081435723693254,0.3146255260462167,0.05469106841150672,0.4526868301277346,1.4388115160790784,1.0,0.016679787711901276,1.252252844772106,0.3468913927278352,0.1436408106219427,0.2014392267705432,0.31325795931396244
"frozenset({'hydraulic_hazard_level=0', 'landslide_surface_class=3'})","frozenset({'rooting_depth_class=2', 'usda_hydrologic_group=B'})",0.3146255260462167,0.12081435723693254,0.05469106841150672,0.17382908850019027,1.4388115160790782,1.0,0.016679787711901276,1.064169205820883,0.44498583427687327,0.1436408106219427,0.06029981460644111,0.31325795931396244
"frozenset({'tipo_movimento_<lambda_0>_1ring=11', 'landslide_surface_class=3'})","frozenset({'surface_stoniness_class=1', 'descending_soil_presence=0'})",0.07958208981698692,0.44283224613419775,0.05061573460220042,0.636019168616962,1.4362530600904344,1.0,0.015374219016490637,1.5307612539613724,0.3300064729000084,0.10728250244379277,0.3467302641661754,0.3751595943225006
"frozenset({'surface_stoniness_class=1', 'descending_soil_presence=0'})","frozenset({'tipo_movimento_<lambda_0>_1ring=11', 'landslide_surface_class=3'})",0.44283224613419775,0.07958208981698692,0.05061573460220042,0.11430002002803927,1.4362530600904344,1.0,0.015374219016490637,1.0391982962584594,0.5451569406628866,0.10728250244379277,0.037719746461853554,0.3751595943225006
"frozenset({'surface_stoniness_class=1', 'ascending_soil_presence=0'})","frozenset({'tipo_movimento_<lambda_0>_1ring=11', 'landslide_surface_class=3'})",0.4434264732619965,0.07958208981698692,0.05061130007139594,0.11413684821089265,1.4342027015547154,1.0,0.015322494649029988,1.0390068808304287,0.5439505743110854,0.10713715771588421,0.037542466320581454,0.3750501470520639
"frozenset({'tipo_movimento_<lambda_0>_1ring=11', 'landslide_surface_class=3'})","frozenset({'surface_stoniness_class=1', 'ascending_soil_presence=0'})",0.07958208981698692,0.4434264732619965,0.05061130007139594,0.6359634458932352,1.4342027015547154,1.0,0.015322494649029988,1.5288946136292985,0.32892503086482267,0.10713715771588421,0.3459326816344821,0.3750501470520639
"frozenset({'ascending_soil_presence=0', 'surface_stoniness_class=1'})","frozenset({'landslide_surface_class=3', 'pai_landslide_hazard_level=Media P2'})",0.4434264732619965,0.1151115506223864,0.07248684052983774,0.1634698081884913,1.4200990891412804,1.0,0.021443331605633158,1.0578081437340414,0.5315089055737726,0.1491341714869624,0.05464898722558498,0.3965896694844914
"frozenset({'landslide_surface_class=3', 'pai_landslide_hazard_level=Media P2'})","frozenset({'ascending_soil_presence=0', 'surface_stoniness_class=1'})",0.1151115506223864,0.4434264732619965,0.07248684052983774,0.6297095307804915,1.4200990891412801,1.0,0.021443331605633158,1.5030727847550032,0.3343063029875899,0.1491341714869624,0.33469622353451295,0.3965896694844914
"frozenset({'surface_stoniness_class=1', 'is_locality_1ring=0'})","frozenset({'landslide_surface_class=3', 'pai_landslide_hazard_level=Media P2'})",0.4025755754912351,0.1151115506223864,0.06573748464543709,0.16329228261109033,1.4185568844151593,1.0,0.01939638590794144,1.0575837069353922,0.49388377602572897,0.14545311825424861,0.05444836806559274,0.36718431836078824
"frozenset({'landslide_surface_class=3', 'pai_landslide_hazard_level=Media P2'})","frozenset({'surface_stoniness_class=1', 'is_locality_1ring=0'})",0.1151115506223864,0.4025755754912351,0.06573748464543709,0.5710763541104862,1.418556884415159,1.0,0.01939638590794144,1.3928456270341762,0.33344115958787357,0.14545311825424861,0.28204534616709326,0.36718431836078824
"frozenset({'landslide_surface_class=3', 'pai_landslide_hazard_level=Media P2'})","frozenset({'surface_stoniness_class=1', 'descending_soil_presence=0'})",0.1151115506223864,0.44283224613419775,0.07229172117444113,0.6280144849372062,1.4181769517003286,1.0,0.021316614656339355,1.4978211013720477,0.33322773670301137,0.14885496183206107,0.3323635252007261,0.39563151645218014
"frozenset({'surface_stoniness_class=1', 'descending_soil_presence=0'})","frozenset({'landslide_surface_class=3', 'pai_landslide_hazard_level=Media P2'})",0.44283224613419775,0.1151115506223864,0.07229172117444113,0.16324854796715402,1.4181769517003286,1.0,0.021316614656339355,1.0575284300108727,0.5292290753993649,0.14885496183206107,0.05439894415914772,0.39563151645218014
"frozenset({'rooting_depth_class=2', 'usda_hydrologic_group=B'})","frozenset({'ascending_soil_presence=0', 'landslide_surface_class=3'})",0.12081435723693254,0.33719728784096,0.0575690789036066,0.47650858904712967,1.413144785648087,1.0,0.016830805311064095,1.2661195547651725,0.3325332126312066,0.1437636349542087,0.21018517071599102,0.32361838400396303
"frozenset({'ascending_soil_presence=0', 'landslide_surface_class=3'})","frozenset({'rooting_depth_class=2', 'usda_hydrologic_group=B'})",0.33719728784096,0.12081435723693254,0.0575690789036066,0.17072817896079642,1.4131447856480868,1.0,0.016830805311064095,1.0601899406895487,0.44109419126378513,0.1437636349542087,0.0567727898365092,0.32361838400396303
"frozenset({'landslide_surface_class=1', 'surface_stoniness_class=1', 'rooting_depth_class=1'})","frozenset({'tipo_movimento_<lambda_0>_1ring=0', 'usda_hydrologic_group=C'})",0.12947943042886348,0.28068362726881685,0.051289783284479584,0.39612302212480305,1.4112794037160827,1.0,0.014947027095005762,1.191163761967167,0.3347687573396626,0.1429189269341505,0.16048487040225795,0.28942733774697377
"frozenset({'tipo_movimento_<lambda_0>_1ring=0', 'usda_hydrologic_group=C'})","frozenset({'landslide_surface_class=1', 'surface_stoniness_class=1', 'rooting_depth_class=1'})",0.28068362726881685,0.12947943042886348,0.051289783284479584,0.18273165336914446,1.4112794037160827,1.0,0.014947027095005762,1.065158797792439,0.40513896299542856,0.1429189269341505,0.061172848525010474,0.28942733774697377
"frozenset({'rooting_depth_class=2', 'usda_hydrologic_group=B'})","frozenset({'landslide_surface_class=3', 'descending_soil_presence=0'})",0.12081435723693254,0.3363724651113289,0.05732517970936085,0.4744897959183674,1.4106083140940977,1.0,0.016686556544733132,1.2628252120211607,0.33108592013911203,0.1433625374293002,0.2081247741328406,0.3224557663493594
"frozenset({'landslide_surface_class=3', 'descending_soil_presence=0'})","frozenset({'rooting_depth_class=2', 'usda_hydrologic_group=B'})",0.3363724651113289,0.12081435723693254,0.05732517970936085,0.17042173678035147,1.4106083140940977,1.0,0.016686556544733132,1.0597983116757295,0.43862855623695435,0.1433625374293002,0.05642423753362823,0.3224557663493594
"frozenset({'tipo_movimento_<lambda_0>_1ring=0', 'usda_hydrologic_group=C'})","frozenset({'landslide_surface_class=1', 'rooting_depth_class=1'})",0.28068362726881685,0.13295610257956658,0.05262901158742899,0.1875029623192985,1.4102621743675794,1.0,0.015310410447871348,1.0671348413717763,0.4044284270145799,0.14578240735053863,0.06291130114866826,0.2916702324103997
"frozenset({'landslide_surface_class=1', 'rooting_depth_class=1'})","frozenset({'tipo_movimento_<lambda_0>_1ring=0', 'usda_hydrologic_group=C'})",0.13295610257956658,0.28068362726881685,0.05262901158742899,0.39583750250150085,1.4102621743675794,1.0,0.015310410447871348,1.1906008329041808,0.33552163854103123,0.14578240735053863,0.16008793849006178,0.2916702324103997
"frozenset({'surface_stoniness_class=1', 'landslide_surface_class=3'})","frozenset({'is_locality_1ring=0', 'rooting_depth_class=1'})",0.20791297676749312,0.31776960838658463,0.09312958142463737,0.4479257758344886,1.4095928748779578,1.0,0.027061156218742013,1.2357584573788818,0.3668476987595617,0.21530212626355827,0.19078037133481549,0.37049921324030666
"frozenset({'is_locality_1ring=0', 'rooting_depth_class=1'})","frozenset({'surface_stoniness_class=1', 'landslide_surface_class=3'})",0.31776960838658463,0.20791297676749312,0.09312958142463737,0.2930726506461247,1.4095928748779578,1.0,0.027061156218742013,1.1204645342360382,0.4259196090677981,0.21530212626355827,0.10751302745889584,0.37049921324030666
"frozenset({'pai_landslide_hazard_level=Moderata P1', 'descending_soil_presence=0'})","frozenset({'landslide_surface_class=2', 'rooting_depth_class=4'})",0.33403103284656965,0.14998913539952904,0.07000793781014,0.20958513109857288,1.3973354172640358,1.0,0.019906911996871335,1.0753983737450112,0.4269751690442017,0.16909630359571987,0.07011203995263711,0.33816926188018553
"frozenset({'landslide_surface_class=2', 'rooting_depth_class=4'})","frozenset({'pai_landslide_hazard_level=Moderata P1', 'descending_soil_presence=0'})",0.14998913539952904,0.33403103284656965,0.07000793781014,0.4667533926617982,1.3973354172640358,1.0,0.019906911996871335,1.2488948977617251,0.33452773860976687,0.16909630359571987,0.19929210873372588,0.33816926188018553
"frozenset({'surface_stoniness_class=1', 'usda_hydrologic_group=B'})","frozenset({'hydraulic_hazard_level=0', 'landslide_surface_class=3'})",0.14462335312612248,0.3146255260462167,0.06352908830481191,0.4392726826725539,1.3961762358977423,1.0,0.018026889748937867,1.222295495108806,0.3317346150267155,0.16054058899995519,0.18186722932249524,0.3205961857315468
"frozenset({'hydraulic_hazard_level=0', 'landslide_surface_class=3'})","frozenset({'surface_stoniness_class=1', 'usda_hydrologic_group=B'})",0.3146255260462167,0.14462335312612248,0.06352908830481191,0.20191968879053968,1.3961762358977423,1.0,0.018026889748937867,1.071792694118198,0.41401898296066847,0.16054058899995519,0.06698375022724387,0.3205961857315468
"frozenset({'pai_landslide_hazard_level=Moderata P1', 'is_locality_1ring=0'})","frozenset({'landslide_surface_class=2', 'rooting_depth_class=4'})",0.30103812366132604,0.14998913539952904,0.06303242085471147,0.2093835162407012,1.3959912208505114,1.0,0.01787997296445267,1.0751241367480198,0.4058348909827018,0.16245685418428696,0.06987484903394639,0.31481504700661145
"frozenset({'landslide_surface_class=2', 'rooting_depth_class=4'})","frozenset({'pai_landslide_hazard_level=Moderata P1', 'is_locality_1ring=0'})",0.14998913539952904,0.30103812366132604,0.06303242085471147,0.4202465777725217,1.3959912208505112,1.0,0.01787997296445267,1.205619233178794,0.3337170484500809,0.16245685418428696,0.1705507240761649,0.31481504700661145
"frozenset({'landslide_surface_class=2', 'rooting_depth_class=4'})","frozenset({'ascending_soil_presence=0', 'pai_landslide_hazard_level=Moderata P1'})",0.14998913539952904,0.334403533434145,0.06995472344048638,0.46639860449989656,1.394717931686406,1.0,0.019797826586151472,1.2473664277846253,0.33294768155589494,0.1687942048214687,0.19831095520500605,0.33779557059987997
"frozenset({'ascending_soil_presence=0', 'pai_landslide_hazard_level=Moderata P1'})","frozenset({'landslide_surface_class=2', 'rooting_depth_class=4'})",0.334403533434145,0.14998913539952904,0.06995472344048638,0.20919253669986343,1.3947179316864058,1.0,0.019797826586151472,1.0748644948964838,0.42519628766395684,0.1687942048214687,0.069650170093016,0.33779557059987997
"frozenset({'surface_stoniness_class=1', 'usda_hydrologic_group=B'})","frozenset({'ascending_soil_presence=0', 'landslide_surface_class=3'})",0.14462335312612248,0.33719728784096,0.067772934284688,0.46861680924784593,1.3897407427217219,1.0,0.019006331852094077,1.2473159175789252,0.3278571274638159,0.16368387794664183,0.19827849071225848,0.3348028877181246
"frozenset({'ascending_soil_presence=0', 'landslide_surface_class=3'})","frozenset({'surface_stoniness_class=1', 'usda_hydrologic_group=B'})",0.33719728784096,0.14462335312612248,0.067772934284688,0.2009889661884033,1.3897407427217219,1.0,0.019006331852094077,1.0705442236428133,0.4231143373420719,0.16368387794664183,0.06589566510645194,0.3348028877181246
"frozenset({'surface_stoniness_class=1', 'usda_hydrologic_group=B'})","frozenset({'landslide_surface_class=3', 'descending_soil_presence=0'})",0.14462335312612248,0.3363724651113289,0.06751573149802885,0.4668383773341919,1.3878614504896614,1.0,0.018868417694328815,1.244702369181288,0.32671804011934624,0.1632865370384273,0.1965950858937005,0.3337777769892454
"frozenset({'landslide_surface_class=3', 'descending_soil_presence=0'})","frozenset({'surface_stoniness_class=1', 'usda_hydrologic_group=B'})",0.3363724651113289,0.14462335312612248,0.06751573149802885,0.20071717664429883,1.3878614504896611,1.0,0.018868417694328815,1.0701801938926605,0.4211202322660922,0.1632865370384273,0.06557792257151393,0.3337777769892454
"frozenset({'usda_hydrologic_group=B', 'rooting_depth_class=1'})","frozenset({'surface_stoniness_class=1', 'is_locality_1ring=0'})",0.09133359644882773,0.4025755754912351,0.050966062535753406,0.5580209749465916,1.3861272489412138,1.0,0.014197387383682356,1.3517031140483933,0.3065652173968247,0.11506232166992043,0.26019257512474864,0.34231048086405613
"frozenset({'surface_stoniness_class=1', 'is_locality_1ring=0'})","frozenset({'usda_hydrologic_group=B', 'rooting_depth_class=1'})",0.4025755754912351,0.09133359644882773,0.050966062535753406,0.12659998678152057,1.3861272489412135,1.0,0.014197387383682356,1.0403782800537593,0.46627741036016024,0.11506232166992043,0.03881115247011197,0.34231048086405613
"frozenset({'landslide_surface_class=2', 'surface_stoniness_class=3'})","frozenset({'hydraulic_hazard_level=0', 'usda_hydrologic_group=C'})",0.11004731644368368,0.3509310297423981,0.05343166166303774,0.485533526756931,1.3835582653187957,1.0,0.014812643583068288,1.2616351191284285,0.3115064013558112,0.13110562223213607,0.20737780294921818,0.31889520049937126
"frozenset({'hydraulic_hazard_level=0', 'usda_hydrologic_group=C'})","frozenset({'landslide_surface_class=2', 'surface_stoniness_class=3'})",0.3509310297423981,0.11004731644368368,0.05343166166303774,0.15225687424181156,1.3835582653187957,1.0,0.014812643583068288,1.0497905043587081,0.4271132507251886,0.13110562223213607,0.04742899097675102,0.31889520049937126
"frozenset({'landslide_surface_class=3', 'pai_landslide_hazard_level=Molto elevata P4'})","frozenset({'surface_stoniness_class=1', 'descending_soil_presence=0'})",0.08195012926657295,0.44283224613419775,0.050043680128424015,0.6106601731601732,1.3789875929114614,1.0,0.013753520314319659,1.43105769165254,0.2993631637884598,0.10541310541310543,0.3012161523374843,0.36183419232813385
"frozenset({'surface_stoniness_class=1', 'descending_soil_presence=0'})","frozenset({'landslide_surface_class=3', 'pai_landslide_hazard_level=Molto elevata P4'})",0.44283224613419775,0.08195012926657295,0.050043680128424015,0.11300821149609454,1.3789875929114612,1.0,0.013753520314319659,1.03501507300525,0.49326313648176423,0.10541310541310543,0.03383049572754624,0.36183419232813385
"frozenset({'tipo_movimento_<lambda_0>_1ring=0', 'usda_hydrologic_group=C'})","frozenset({'landslide_surface_class=1', 'surface_stoniness_class=1'})",0.28068362726881685,0.14142162188529642,0.05469106841150672,0.19484951417963503,1.3777915398090446,1.0,0.014996334606502626,1.0663576477133976,0.3811963810067304,0.1488539944238591,0.062228322604230314,0.290786520596763
"frozenset({'landslide_surface_class=1', 'surface_stoniness_class=1'})","frozenset({'tipo_movimento_<lambda_0>_1ring=0', 'usda_hydrologic_group=C'})",0.14142162188529642,0.28068362726881685,0.05469106841150672,0.38672352701389107,1.3777915398090446,1.0,0.014996334606502626,1.1729071706089662,0.31936606496673614,0.1488539944238591,0.14741760894785383,0.290786520596763
"frozenset({'surface_stoniness_class=1', 'landslide_surface_class=3'})","frozenset({'ascending_soil_presence=0', 'rooting_depth_class=1'})",0.20791297676749312,0.35169376904076666,0.10014944368811057,0.4816892396288791,1.3696268800629334,1.0,0.027027745256265556,1.2508060424889367,0.3407127433917623,0.21797334208418187,0.20051553475858355,0.3832262206617689
"frozenset({'ascending_soil_presence=0', 'rooting_depth_class=1'})","frozenset({'surface_stoniness_class=1', 'landslide_surface_class=3'})",0.35169376904076666,0.20791297676749312,0.10014944368811057,0.28476320169465874,1.3696268800629332,1.0,0.027027745256265556,1.1074472469946346,0.4162757194100332,0.21797334208418187,0.09702245166640891,0.3832262206617689
"frozenset({'descending_soil_presence=0', 'rooting_depth_class=1'})","frozenset({'surface_stoniness_class=1', 'landslide_surface_class=3'})",0.3514498698465209,0.20791297676749312,0.10003858041799887,0.28464537620027003,1.3690601742410045,1.0,0.026967591793660692,1.1072648402343437,0.41565316762919485,0.21779511290898732,0.09687369844746604,0.3829006981246631
"frozenset({'surface_stoniness_class=1', 'landslide_surface_class=3'})","frozenset({'descending_soil_presence=0', 'rooting_depth_class=1'})",0.20791297676749312,0.3514498698465209,0.10003858041799887,0.48115602004905617,1.3690601742410042,1.0,0.026967591793660692,1.2499906623467014,0.3403311859150239,0.21779511290898732,0.1999940238572466,0.3829006981246631
"frozenset({'rooting_depth_class=2', 'surface_stoniness_class=2'})","frozenset({'ascending_soil_presence=0', 'usda_hydrologic_group=C'})",0.09504529873216765,0.41793679019791313,0.05434074047795373,0.5717351747305557,1.3679943669467616,1.0,0.014617813402429805,1.3591198143248857,0.2972555836531384,0.11848199178148416,0.26422969523350753,0.3508783040004666
"frozenset({'ascending_soil_presence=0', 'usda_hydrologic_group=C'})","frozenset({'rooting_depth_class=2', 'surface_stoniness_class=2'})",0.41793679019791313,0.09504529873216765,0.05434074047795373,0.13002143327037752,1.3679943669467616,1.0,0.014617813402429805,1.0402034439419472,0.4621539952619363,0.11848199178148416,0.038649597034203655,0.3508783040004666
"frozenset({'descending_soil_presence=0', 'usda_hydrologic_group=C'})","frozenset({'rooting_depth_class=2', 'surface_stoniness_class=2'})",0.41668625251105307,0.09504529873216765,0.05402588879083649,0.12965603848282323,1.3641499391588712,1.0,0.01442181944333601,1.0397667373831405,0.4576315119249685,0.11803631290328832,0.03824582567742483,0.3490392822470571
"frozenset({'rooting_depth_class=2', 'surface_stoniness_class=2'})","frozenset({'descending_soil_presence=0', 'usda_hydrologic_group=C'})",0.09504529873216765,0.41668625251105307,0.05402588879083649,0.568422526011291,1.364149939158871,1.0,0.01442181944333601,1.3515852486411457,0.29497913190130065,0.11803631290328832,0.26012805999075667,0.3490392822470571
"frozenset({'rooting_depth_class=2', 'is_locality_1ring=0'})","frozenset({'landslide_surface_class=2', 'usda_hydrologic_group=B'})",0.26021826760619593,0.1527740207447351,0.05405249597566329,0.20771983640081798,1.3596541832717095,1.0,0.014297904962235292,1.0693514973370961,0.3575633931326146,0.15058931086456967,0.0648537898995753,0.2807633462576497
"frozenset({'landslide_surface_class=2', 'usda_hydrologic_group=B'})","frozenset({'rooting_depth_class=2', 'is_locality_1ring=0'})",0.1527740207447351,0.26021826760619593,0.05405249597566329,0.3538068561144814,1.3596541832717093,1.0,0.014297904962235292,1.1448306739151441,0.3122176053250537,0.15058931086456967,0.12650837998587666,0.2807633462576497
"frozenset({'rooting_depth_class=2', 'hydraulic_hazard_level=0'})","frozenset({'landslide_surface_class=2', 'usda_hydrologic_group=B'})",0.2774818960279908,0.1527740207447351,0.05749369187993064,0.20719799274447442,1.3562383953399675,1.0,0.015101666939861952,1.0686476213501792,0.36354314261808357,0.1542369050309901,0.06423784602023125,0.29176479707468417
"frozenset({'landslide_surface_class=2', 'usda_hydrologic_group=B'})","frozenset({'rooting_depth_class=2', 'hydraulic_hazard_level=0'})",0.1527740207447351,0.2774818960279908,0.05749369187993064,0.3763316014048939,1.3562383953399675,1.0,0.015101666939861952,1.1584972167895229,0.3100312178190459,0.1542369050309901,0.13681277304123113,0.29176479707468417
"frozenset({'ascending_soil_presence=0', 'usda_hydrologic_group=B'})","frozenset({'landslide_surface_class=2', 'surface_stoniness_class=3'})",0.34873150246338186,0.11004731644368368,0.05199043915158557,0.14908443540183114,1.354730312557186,1.0,0.01361347314611653,1.045876607012803,0.40205492065168474,0.1278070902193346,0.04386426343718889,0.3107607863662928
"frozenset({'landslide_surface_class=2', 'surface_stoniness_class=3'})","frozenset({'ascending_soil_presence=0', 'usda_hydrologic_group=B'})",0.11004731644368368,0.34873150246338186,0.05199043915158557,0.4724371373307544,1.354730312557186,1.0,0.01361347314611653,1.234485108071243,0.294224298592676,0.1278070902193346,0.18994567576242558,0.3107607863662928
"frozenset({'descending_soil_presence=0', 'usda_hydrologic_group=B'})","frozenset({'landslide_surface_class=2', 'surface_stoniness_class=3'})",0.34819935876684566,0.11004731644368368,0.05183966510423365,0.14887926642893531,1.3528659420343407,1.0,0.013521260084530841,1.0456244906904377,0.40016600908444655,0.12755603081421996,0.04363372424483997,0.3099731599713987
"frozenset({'landslide_surface_class=2', 'surface_stoniness_class=3'})","frozenset({'descending_soil_presence=0', 'usda_hydrologic_group=B'})",0.11004731644368368,0.34819935876684566,0.05183966510423365,0.471067053513862,1.3528659420343407,1.0,0.013521260084530841,1.2322935176628034,0.29308126840931004,0.12755603081421996,0.18850502281581158,0.3099731599713987
"frozenset({'surface_stoniness_class=1', 'pai_landslide_hazard_level=Moderata P1'})","frozenset({'ascending_soil_presence=0', 'landslide_surface_class=3'})",0.15201128144636658,0.33719728784096,0.06846028655938058,0.4503631961259079,1.3356074095658887,1.0,0.017202494734436927,1.2058921591263592,0.29632114720831804,0.16271079258010115,0.1707384508375302,0.3266952949816404
"frozenset({'ascending_soil_presence=0', 'landslide_surface_class=3'})","frozenset({'surface_stoniness_class=1', 'pai_landslide_hazard_level=Moderata P1'})",0.33719728784096,0.15201128144636658,0.06846028655938058,0.20302739383737292,1.3356074095658887,1.0,0.017202494734436927,1.0640123788402787,0.37911279675215037,0.16271079258010115,0.06016131025660536,0.3266952949816404
"frozenset({'landslide_surface_class=3', 'descending_soil_presence=0'})","frozenset({'surface_stoniness_class=1', 'pai_landslide_hazard_level=Moderata P1'})",0.3363724651113289,0.15201128144636658,0.06828733985800632,0.20301108723451938,1.3355001372457138,1.0,0.017154930393159983,1.0639906088670519,0.37855097398399573,0.162551592370135,0.060142080516283634,0.3261182802781891
"frozenset({'surface_stoniness_class=1', 'pai_landslide_hazard_level=Moderata P1'})","frozenset({'landslide_surface_class=3', 'descending_soil_presence=0'})",0.15201128144636658,0.3363724651113289,0.06828733985800632,0.4492254733218588,1.3355001372457138,1.0,0.017154930393159983,1.2048987430322433,0.2962502262096022,0.162551592370135,0.17005474046441113,0.3261182802781891
"frozenset({'landslide_surface_class=3', 'is_locality_1ring=0'})","frozenset({'surface_stoniness_class=1', 'usda_hydrologic_group=B'})",0.3071577761714922,0.14462335312612248,0.05927193873252241,0.19296903197863277,1.3342868064353979,1.0,0.014849751203838198,1.0599056055693148,0.3616060579829906,0.1510077729573391,0.056519755395705466,0.30140280010914594
"frozenset({'surface_stoniness_class=1', 'usda_hydrologic_group=B'})","frozenset({'landslide_surface_class=3', 'is_locality_1ring=0'})",0.14462335312612248,0.3071577761714922,0.05927193873252241,0.4098365682396591,1.3342868064353979,1.0,0.014849751203838198,1.1739836569709112,0.29289547040876396,0.1510077729573391,0.14819938585842007,0.30140280010914594
"frozenset({'surface_stoniness_class=1', 'pai_landslide_hazard_level=Moderata P1'})","frozenset({'landslide_surface_class=3', 'is_locality_1ring=0'})",0.15201128144636658,0.3071577761714922,0.062141080163013354,0.40879255520872837,1.330887859340704,1.0,0.015449633000968584,1.171910519619926,0.29319009539432356,0.15651562028794494,0.14669253048063766,0.3055512620842602
"frozenset({'landslide_surface_class=3', 'is_locality_1ring=0'})","frozenset({'surface_stoniness_class=1', 'pai_landslide_hazard_level=Moderata P1'})",0.3071577761714922,0.15201128144636658,0.062141080163013354,0.20230996895979209,1.3308878593407039,1.0,0.015449633000968584,1.06305542949789,0.3588434491076699,0.15651562028794494,0.059315279098544074,0.3055512620842602
"frozenset({'landslide_surface_class=2', 'usda_hydrologic_group=B'})","frozenset({'rooting_depth_class=2', 'descending_soil_presence=0'})",0.1527740207447351,0.2964616878711148,0.06023423191709201,0.39427012278308327,1.3299193080034346,1.0,0.014942587864251136,1.1614720333118758,0.29280816099850565,0.15484319604199676,0.13902360855943033,0.29872362136641184
"frozenset({'rooting_depth_class=2', 'descending_soil_presence=0'})","frozenset({'landslide_surface_class=2', 'usda_hydrologic_group=B'})",0.2964616878711148,0.1527740207447351,0.06023423191709201,0.20317711994974047,1.3299193080034346,1.0,0.014942587864251136,1.063255085247836,0.35261005215938546,0.15484319604199676,0.059491918849456316,0.29872362136641184
"frozenset({'ascending_soil_presence=0', 'rooting_depth_class=2'})","frozenset({'landslide_surface_class=2', 'usda_hydrologic_group=B'})",0.29776543992762844,0.1527740207447351,0.06026527363272329,0.20239176731648476,1.3247786916248951,1.0,0.014774450136154617,1.062208167542119,0.34910976332218274,0.15441778020179986,0.05856494936022269,0.29843253861745983
"frozenset({'landslide_surface_class=2', 'usda_hydrologic_group=B'})","frozenset({'ascending_soil_presence=0', 'rooting_depth_class=2'})",0.1527740207447351,0.29776543992762844,0.06026527363272329,0.39447330991843493,1.3247786916248951,1.0,0.014774450136154617,1.1597086826639795,0.28936428658505314,0.15441778020179986,0.13771448386254284,0.29843253861745983
"frozenset({'surface_stoniness_class=1', 'usda_hydrologic_group=B'})","frozenset({'pai_landslide_hazard_level=Moderata P1', 'descending_soil_presence=0'})",0.14462335312612248,0.33403103284656965,0.06316102224804104,0.4367276852788765,1.307446441598971,1.0,0.014852334229588184,1.1823214984090813,0.27490850387747245,0.15201451518224024,0.1542063632052797,0.3129074868478684
"frozenset({'pai_landslide_hazard_level=Moderata P1', 'descending_soil_presence=0'})","frozenset({'surface_stoniness_class=1', 'usda_hydrologic_group=B'})",0.33403103284656965,0.14462335312612248,0.06316102224804104,0.18908728841686026,1.307446441598971,1.0,0.014852334229588184,1.0548319623747555,0.35309500268298727,0.15201451518224024,0.05198170356092717,0.3129074868478684
"frozenset({'surface_stoniness_class=1', 'usda_hydrologic_group=B'})","frozenset({'ascending_soil_presence=0', 'pai_landslide_hazard_level=Moderata P1'})",0.14462335312612248,0.334403533434145,0.0632231056793036,0.4371569619476896,1.3072737523384457,1.0,0.014860545376834143,1.1825614275502414,0.2747903854947938,0.15205033861248868,0.15437796574206733,0.3131096377323219
"frozenset({'ascending_soil_presence=0', 'pai_landslide_hazard_level=Moderata P1'})","frozenset({'surface_stoniness_class=1', 'usda_hydrologic_group=B'})",0.334403533434145,0.14462335312612248,0.0632231056793036,0.1890623135169542,1.3072737523384457,1.0,0.014860545376834143,1.0547994761269006,0.3531408148099909,0.15205033861248868,0.05195250601386141,0.3131096377323219
"frozenset({'landslide_surface_class=3', 'pai_landslide_hazard_level=Moderata P1'})","frozenset({'ascending_soil_presence=0', 'surface_stoniness_class=1'})",0.11818468046988288,0.4434264732619965,0.06846028655938058,0.579265318374545,1.3063390512372244,1.0,0.016054070505024456,1.3228610595821393,0.26593090641617245,0.13882219644446842,0.2440627133465729,0.3668272908651732
"frozenset({'ascending_soil_presence=0', 'surface_stoniness_class=1'})","frozenset({'landslide_surface_class=3', 'pai_landslide_hazard_level=Moderata P1'})",0.4434264732619965,0.11818468046988288,0.06846028655938058,0.15438926335580133,1.3063390512372244,1.0,0.016054070505024456,1.0428147152312612,0.4213314790387043,0.13882219644446842,0.041056876745133405,0.3668272908651732
"frozenset({'surface_stoniness_class=1', 'is_locality_1ring=0'})","frozenset({'landslide_surface_class=3', 'pai_landslide_hazard_level=Moderata P1'})",0.4025755754912351,0.11818468046988288,0.062141080163013354,0.15435879359344365,1.306081236415231,1.0,0.014562814408602513,1.0427771410020072,0.39226859762523575,0.1354960355830594,0.04102232329422044,0.34007759949080457
"frozenset({'landslide_surface_class=3', 'pai_landslide_hazard_level=Moderata P1'})","frozenset({'surface_stoniness_class=1', 'is_locality_1ring=0'})",0.11818468046988288,0.4025755754912351,0.062141080163013354,0.5257964053881655,1.306081236415231,1.0,0.014562814408602513,1.259847945686271,0.26575954851180467,0.1354960355830594,0.2062534185780056,0.34007759949080457
"frozenset({'surface_stoniness_class=1', 'descending_soil_presence=0'})","frozenset({'landslide_surface_class=3', 'pai_landslide_hazard_level=Moderata P1'})",0.44283224613419775,0.11818468046988288,0.06828733985800632,0.15420588824354095,1.3047874532506554,1.0,0.015951352346875627,1.0425886244334959,0.4192483282192259,0.13858989128086976,0.04084892491191044,0.3660039234471241
"frozenset({'landslide_surface_class=3', 'pai_landslide_hazard_level=Moderata P1'})","frozenset({'surface_stoniness_class=1', 'descending_soil_presence=0'})",0.11818468046988288,0.44283224613419775,0.06828733985800632,0.5778019586507073,1.3047874532506554,1.0,0.015951352346875627,1.3196834170171963,0.26489860651362923,0.13858989128086976,0.24224250520610338,0.3660039234471241
"frozenset({'surface_stoniness_class=1', 'usda_hydrologic_group=B'})","frozenset({'hydraulic_hazard_level=0', 'pai_landslide_hazard_level=Moderata P1'})",0.14462335312612248,0.2980802916147457,0.05618993982341698,0.3885260478950112,1.3034274952909743,1.0,0.013080568549280046,1.1479143240180674,0.27215145776690935,0.14537631941257456,0.128854846501366,0.2885160514103876
"frozenset({'hydraulic_hazard_level=0', 'pai_landslide_hazard_level=Moderata P1'})","frozenset({'surface_stoniness_class=1', 'usda_hydrologic_group=B'})",0.2980802916147457,0.14462335312612248,0.05618993982341698,0.18850605492576394,1.3034274952909743,1.0,0.013080568549280046,1.054076437743016,0.33165047028245975,0.14537631941257456,0.05130219764593576,0.2885160514103876
"frozenset({'ascending_soil_presence=0', 'surface_stoniness_class=1'})","frozenset({'rooting_depth_class=2', 'landslide_surface_class=3'})",0.4434264732619965,0.09622044939535172,0.055050265406668644,0.12414744884693081,1.2902397528495455,1.0,0.012383570875603427,1.0318855033473533,0.4041698671512903,0.11360017569867675,0.0309002338378815,0.34813695605771744
"frozenset({'rooting_depth_class=2', 'landslide_surface_class=3'})","frozenset({'ascending_soil_presence=0', 'surface_stoniness_class=1'})",0.09622044939535172,0.4434264732619965,0.055050265406668644,0.572126463268504,1.2902397528495455,1.0,0.012383570875603427,1.3007897870703575,0.24889946692324175,0.11360017569867675,0.23123627665296884,0.34813695605771744
"frozenset({'pai_landslide_hazard_level=Moderata P1', 'is_locality_1ring=0'})","frozenset({'surface_stoniness_class=1', 'usda_hydrologic_group=B'})",0.30103812366132604,0.14462335312612248,0.05608794561491422,0.18631509169919716,1.2882780524160322,1.0,0.012550802752216934,1.0512381858723894,0.32014629688722357,0.14397268070574845,0.04874079591188791,0.28706794967629345
"frozenset({'surface_stoniness_class=1', 'usda_hydrologic_group=B'})","frozenset({'pai_landslide_hazard_level=Moderata P1', 'is_locality_1ring=0'})",0.14462335312612248,0.30103812366132604,0.05608794561491422,0.3878208076533898,1.2882780524160322,1.0,0.012550802752216934,1.141760264113858,0.261604121638086,0.14397268070574845,0.12415939542604491,0.28706794967629345
"frozenset({'ascending_soil_presence=0', 'surface_stoniness_class=1'})","frozenset({'landslide_surface_class=3', 'usda_hydrologic_group=B'})",0.4434264732619965,0.1187966457208995,0.067772934284688,0.152839170350221,1.286561328585833,1.0,0.015095356637314684,1.0401842524322031,0.4001884437803966,0.13706726457399102,0.038631860017340924,0.3616672614601528
"frozenset({'landslide_surface_class=3', 'usda_hydrologic_group=B'})","frozenset({'ascending_soil_presence=0', 'surface_stoniness_class=1'})",0.1187966457208995,0.4434264732619965,0.067772934284688,0.5704953525700847,1.286561328585833,1.0,0.015095356637314684,1.295849835545313,0.25276151348387027,0.13706726457399102,0.22830564732897085,0.3616672614601528
"frozenset({'surface_stoniness_class=1', 'descending_soil_presence=0'})","frozenset({'rooting_depth_class=2', 'landslide_surface_class=3'})",0.44283224613419775,0.09622044939535172,0.05481523527403183,0.12378329661526137,1.2864551911066129,1.0,0.012205717544246313,1.0314566557718394,0.3996465419484308,0.11319908056082126,0.030497312316338093,0.34673356922200066
"frozenset({'rooting_depth_class=2', 'landslide_surface_class=3'})","frozenset({'surface_stoniness_class=1', 'descending_soil_presence=0'})",0.09622044939535172,0.44283224613419775,0.05481523527403183,0.56968384182874,1.2864551911066129,1.0,0.012205717544246313,1.2947869683388857,0.24637663683435973,0.11319908056082126,0.22767217739075285,0.34673356922200066
"frozenset({'landslide_surface_class=3', 'usda_hydrologic_group=B'})","frozenset({'surface_stoniness_class=1', 'descending_soil_presence=0'})",0.1187966457208995,0.44283224613419775,0.06751573149802885,0.5683302848183956,1.283398600214327,1.0,0.014908746040234393,1.290726993973623,0.2505878430491972,0.13664022113727745,0.22524282464922582,0.3603968668233777
"frozenset({'surface_stoniness_class=1', 'descending_soil_presence=0'})","frozenset({'landslide_surface_class=3', 'usda_hydrologic_group=B'})",0.44283224613419775,0.1187966457208995,0.06751573149802885,0.15246344882835972,1.2833986002143267,1.0,0.014908746040234393,1.0397231282366748,0.39632381146325835,0.13664022113727745,0.03820548678574032,0.3603968668233777
"frozenset({'descending_soil_presence=0', 'usda_hydrologic_group=C'})","frozenset({'landslide_surface_class=2', 'surface_stoniness_class=3'})",0.41668625251105307,0.11004731644368368,0.057577947965215544,0.13818057979651782,1.255646973156599,1.0,0.011722744077399004,1.0326440350418091,0.3490365353294643,0.12272675715527998,0.03161208890388594,0.3306957057589939
"frozenset({'landslide_surface_class=2', 'surface_stoniness_class=3'})","frozenset({'descending_soil_presence=0', 'usda_hydrologic_group=C'})",0.11004731644368368,0.41668625251105307,0.057577947965215544,0.52321083172147,1.2556469731565987,1.0,0.011722744077399004,1.2234207198855398,0.228773746285023,0.12272675715527998,0.1826196959509092,0.3306957057589939
"frozenset({'hydraulic_hazard_level=0', 'landslide_surface_class=3'})","frozenset({'surface_stoniness_class=1', 'pai_landslide_hazard_level=Moderata P1'})",0.3146255260462167,0.15201128144636658,0.05999033272284626,0.190672172969316,1.2543290942296934,1.0,0.012163703332823676,1.047769136599184,0.295839815616568,0.14752453653217013,0.04559128049355552,0.2926580620382039
"frozenset({'surface_stoniness_class=1', 'pai_landslide_hazard_level=Moderata P1'})","frozenset({'hydraulic_hazard_level=0', 'landslide_surface_class=3'})",0.15201128144636658,0.3146255260462167,0.05999033272284626,0.3946439511070918,1.2543290942296934,1.0,0.012163703332823676,1.1321840678840411,0.23910820222776982,0.14752453653217013,0.11675139372971594,0.2926580620382039
"frozenset({'landslide_surface_class=2', 'surface_stoniness_class=3'})","frozenset({'ascending_soil_presence=0', 'usda_hydrologic_group=C'})",0.11004731644368368,0.41793679019791313,0.057595686088433413,0.5233720180528691,1.2522755362240958,1.0,0.011602863884066235,1.2212107384552406,0.22636450291554638,0.12244282293493222,0.18114051202584358,0.33059079013120296
"frozenset({'ascending_soil_presence=0', 'usda_hydrologic_group=C'})","frozenset({'landslide_surface_class=2', 'surface_stoniness_class=3'})",0.41793679019791313,0.11004731644368368,0.057595686088433413,0.13780956220953675,1.2522755362240958,1.0,0.011602863884066235,1.0321996679028353,0.34610278306385384,0.12244282293493222,0.03119519304657085,0.33059079013120296
"frozenset({'surface_stoniness_class=1', 'is_locality_1ring=0'})","frozenset({'landslide_surface_class=3', 'usda_hydrologic_group=B'})",0.4025755754912351,0.1187966457208995,0.05927193873252241,0.14723183009847768,1.23936016210747,1.0,0.011447310715002913,1.033344565828321,0.32327443720086224,0.12826639796554867,0.03226858390801359,0.32308398029990143
"frozenset({'landslide_surface_class=3', 'usda_hydrologic_group=B'})","frozenset({'surface_stoniness_class=1', 'is_locality_1ring=0'})",0.1187966457208995,0.4025755754912351,0.05927193873252241,0.4989361305013252,1.23936016210747,1.0,0.011447310715002913,1.1923119204473889,0.2191685309245316,0.12826639796554867,0.16129329678699192,0.32308398029990143
"frozenset({'pai_landslide_hazard_level=Moderata P1', 'usda_hydrologic_group=B'})","frozenset({'rooting_depth_class=2', 'is_locality_1ring=0'})",0.17169616368740107,0.26021826760619593,0.05479306262000949,0.31912805413502765,1.2263860530267747,1.0,0.010114584350644142,1.0865210953199038,0.22286034168686572,0.14529291408950873,0.07963130738334126,0.2648469173197292
"frozenset({'rooting_depth_class=2', 'is_locality_1ring=0'})","frozenset({'pai_landslide_hazard_level=Moderata P1', 'usda_hydrologic_group=B'})",0.26021826760619593,0.17169616368740107,0.05479306262000949,0.2105657805044308,1.2263860530267745,1.0,0.010114584350644142,1.0492373092743137,0.24952775649629377,0.14529291408950873,0.046926761790779016,0.2648469173197292
"frozenset({'pai_landslide_hazard_level=Molto elevata P4', 'is_locality_1ring=0'})","frozenset({'surface_stoniness_class=1', 'rooting_depth_class=1'})",0.1448184724815191,0.31161447962998273,0.05499261650621056,0.3797348194873993,1.2186045396167213,1.0,0.009865083563073009,1.10982454278849,0.20976743777698198,0.13698826856372756,0.0989566715767073,0.27810563373686886
"frozenset({'surface_stoniness_class=1', 'rooting_depth_class=1'})","frozenset({'pai_landslide_hazard_level=Molto elevata P4', 'is_locality_1ring=0'})",0.31161447962998273,0.1448184724815191,0.05499261650621056,0.1764764479863384,1.2186045396167213,1.0,0.009865083563073009,1.0384421009300948,0.2605941475429829,0.13698826856372756,0.037019012322077036,0.27810563373686886
"frozenset({'ascending_soil_presence=0', 'pai_landslide_hazard_level=Molto elevata P4'})","frozenset({'surface_stoniness_class=1', 'rooting_depth_class=1'})",0.16195349950998433,0.31161447962998273,0.06110339995476779,0.3772897784836122,1.2107581744327596,1.0,0.01063634448070936,1.105466871402401,0.20771071530406932,0.1481421752031996,0.09540482318443894,0.28668815094665884
"frozenset({'surface_stoniness_class=1', 'rooting_depth_class=1'})","frozenset({'ascending_soil_presence=0', 'pai_landslide_hazard_level=Molto elevata P4'})",0.31161447962998273,0.16195349950998433,0.06110339995476779,0.19608652340970545,1.2107581744327596,1.0,0.01063634448070936,1.0424585790556622,0.25286882556926443,0.1481421752031996,0.040729272038918046,0.28668815094665884
"frozenset({'descending_soil_presence=0', 'pai_landslide_hazard_level=Molto elevata P4'})","frozenset({'surface_stoniness_class=1', 'rooting_depth_class=1'})",0.16133709972816326,0.31161447962998273,0.06083289357569523,0.3770545874333462,1.2100034243629125,1.0,0.010557917198893,1.1050495059169596,0.20694376468940703,0.14761013192157876,0.09506316717438862,0.28613651529060224
"frozenset({'surface_stoniness_class=1', 'rooting_depth_class=1'})","frozenset({'descending_soil_presence=0', 'pai_landslide_hazard_level=Molto elevata P4'})",0.31161447962998273,0.16133709972816326,0.06083289357569523,0.19521844314785827,1.2100034243629125,1.0,0.010557917198893,1.0421000495491224,0.25212043651688326,0.14761013192157876,0.040399239561822765,0.28613651529060224
"frozenset({'rooting_depth_class=2', 'hydraulic_hazard_level=0'})","frozenset({'pai_landslide_hazard_level=Moderata P1', 'usda_hydrologic_group=B'})",0.2774818960279908,0.17169616368740107,0.05757351343441107,0.20748565675291258,1.2084466670476792,1.0,0.009930936393698762,1.0451594262873212,0.238736451052358,0.14701952258006068,0.0432081701140458,0.27140386458700433
"frozenset({'pai_landslide_hazard_level=Moderata P1', 'usda_hydrologic_group=B'})","frozenset({'rooting_depth_class=2', 'hydraulic_hazard_level=0'})",0.17169616368740107,0.2774818960279908,0.05757351343441107,0.3353220724210961,1.208446667047679,1.0,0.009930936393698762,1.0870198542680494,0.20824653997890993,0.14701952258006068,0.08005360152933422,0.27140386458700433
"frozenset({'pai_landslide_hazard_level=Moderata P1', 'usda_hydrologic_group=B'})","frozenset({'rooting_depth_class=2', 'descending_soil_presence=0'})",0.17169616368740107,0.2964616878711148,0.06127191212533758,0.35686244124179967,1.2037388163186327,1.0,0.010370577637575443,1.093915761174498,0.2043392714618642,0.1505874403295769,0.08585282752820388,0.281769889042661
"frozenset({'rooting_depth_class=2', 'descending_soil_presence=0'})","frozenset({'pai_landslide_hazard_level=Moderata P1', 'usda_hydrologic_group=B'})",0.2964616878711148,0.17169616368740107,0.06127191212533758,0.20667733684352232,1.2037388163186324,1.0,0.010370577637575443,1.0440945088054563,0.2405768094548018,0.1505874403295769,0.042232296438283655,0.281769889042661
"frozenset({'ascending_soil_presence=0', 'rooting_depth_class=2'})","frozenset({'pai_landslide_hazard_level=Moderata P1', 'usda_hydrologic_group=B'})",0.29776543992762844,0.17169616368740107,0.061382775395449285,0.20614472724023414,1.200636769121714,1.0,0.010257591681184203,1.0433940098842902,0.237966973461156,0.15041891700987797,0.041589284079848576,0.2818264314955239
"frozenset({'pai_landslide_hazard_level=Moderata P1', 'usda_hydrologic_group=B'})","frozenset({'ascending_soil_presence=0', 'rooting_depth_class=2'})",0.17169616368740107,0.29776543992762844,0.061382775395449285,0.3575081357508136,1.200636769121714,1.0,0.010257591681184203,1.0929859180287058,0.2017479885933818,0.15041891700987797,0.08507512905236125,0.2818264314955239
